<?xml version="1.0" encoding="UTF-8"?>
<TEI xmlns="http://www.tei-c.org/ns/1.0">
	<teiHeader>
		<fileDesc>
			<titleStmt>
				<title>On Hemorrhoids </title>
				<author>Hippocrates</author>
				<editor>A. Littre</editor>
				<funder>National Library of Medicine History of Medicine Division</funder>
			</titleStmt>
			<publicationStmt>
				<publisher>Cultural Heritage Langauge Technologies</publisher>
				<pubPlace>Kansas City Missouri</pubPlace>
				<date>June 1, 2005</date>
			</publicationStmt>
			<sourceDesc>
				<biblStruct>
					<monogr>
						<title>Oeuvres Completes D'Hippocrate.</title>
						<author>Hippocrates</author>
						<editor>A. Littre</editor>
						<imprint>
							<pubPlace>Amsterdam</pubPlace>
							<publisher>Adolf M. Hakkert</publisher>
						</imprint>
					</monogr>
				</biblStruct>
			</sourceDesc>
		</fileDesc>
		<encodingDesc>
			<editorialDecl>
				<correction status="high">
					<p>Data Entry</p>
				</correction>
			</editorialDecl>
			<refsDecl>
				<refState unit="text"/>
				<refState n="chunk" unit="section"/>
			</refsDecl>
			<refsDecl n="text=Aph.">
				<refState unit="text"/>
				<refState unit="chapter"/>
				<refState n="chunk" unit="section"/>
			</refsDecl>
			<refsDecl>
				<refState unit="page"/>
			</refsDecl>
		</encodingDesc>
		<profileDesc>
			<langUsage>
				<language ident="greek">Greek</language>
				<language ident="en">English</language>
				<language ident="la">Latin</language>
			</langUsage>
		</profileDesc>
	</teiHeader>
	<text xml:lang="grc">
		<body>
			<head>ΠΕΡΙ ΑΙΜΟΡΡΟΙΔΩΝ.</head>
			<div n="1" type="section">
				<head>1.</head>
				<p>αἱμοῤῬοΐδων τὸ μὲν νόσημα ὧδε γίνεται· ἐπὴν χολὴ ἢ φλέγμα ἐς τὰς φλέβας τὰς ἐν
					τῷ ἀρχῷ καταστηρίξῃ, θερμαίνει τὸ αἷμα τὸ ἐν τοῖσι φλεβίοισι· θερμαινόμενα δὲ τὰ
					φλέβια ἐπισπᾶται ἐκ τῶν ἔγγιστα φλεβίων τὸ αἷμα, καὶ πληρεύμενα εξοιδέει ἐς τὸ
					ἐντὸς τοῦ ἀρχοῦ, καὶ ὑπερίσχουσιν αἱ κεφαλαὶ τῶν φλεβίων, καὶ ἅμα μὲν ὑπὸ τῆς
					κόπρου ἐξιούσης φλώμεναι, ἅμα δὲ ὑπὸ τοῦ αἵματος ἀθροιζομένου βιαζόμεναι,
					ἐξακοντίζουσιν αἷμα, μάλιστα μὲν ξὺν τῷ ἀποπάτῳ, ἐνίοτε δὲ χωρὶς τοῦ
					ἀποπάτου.</p>
			</div>
			<div n="2" type="section">
				<head>2.</head>
				<p>θεραπεύειν δὲ δεῖ ὧδε· πρῶτον μὲν ὑπαρχέτω εἰδέναι ἐν οἵῳ χωρίῳ γίνονται.</p>
				<p>ἀρχὸν γὰρ καὶ τάμνων, καὶ ἀποτάμνων, καὶ ἀναῤῬάπτων, καὶ δαίων, καὶ ἀποσήπων,
					ταῦτα γὰρ δοκέει δεινότατα εἶναι, οὐδὲν ἂν σίνοιο.</p>
				<p>παρασκευάσασθαι δὲ κελεύω ἑπτὰ ἢ ὀκτὼ σιδήρια, σπιθαμιαῖα τὸ μέγεθος, πάχος δὲ
					ὡσεὶ μήλης παχείης· ἐξ ἄκρου δὲ κατακάμψαι· καὶ ἐπὶ τῷ ἄκρῳ πλατὺ ἔστω ὡς ἐπὶ
					ὀβολοῦ μικροῦ.</p>
				<p>Προκαθήρας δὴ φαρμάκῳ τῇ πρότερον, αὐτῇ δὲ ᾗ ἂν ἐπιχειρέῃς καῦσαι, ἀνακλίνας τὸν
					ἄνθρωπον ὕπτιον, καὶ προσκεφάλαιον ὑπὸ τὴν ὀσφὺν ὑποθεὶς, ἐξαναγκάζειν ὡς
					μάλιστα τοῖσι δακτύλοισι τὴν ἕδρην ἔξω, ποιέειν δὲ καὶ διαφανέα τὰ σιδήρια, καὶ
					καίειν ἕως ἂν ἀποξηράνῃς, καὶ ὅκως μὴ ὑπαλείψῃς· καίειν δὲ καὶ μηδεμίην ἐᾶσαι
					ἄκαυστον τῶν αἱμοῤῬοΐδων, ἀλλὰ πάσας ἀποκαύσεις.</p>
				<p>γνώσει δὲ οὐ</p>
				<pb n="438"/>
				<p>χαλεπῶς τὰς αἱμοῤῬοΐδας· ὑπερέχουσι γὰρ ἐς τὸ ἐντὸς τοῦ ἀρχοῦ, οἷον Ῥᾶγες
					πελιδναὶ, καὶ ἅμα ἐξαναγκαζομένου τοῦ ἀρχοῦ ἐξακοντίζουσιν αἷμα.</p>
				<p>κατεχόντων δʼ αὐτῶν, ὅταν καίηται, τῆς κεφαλῆς καὶ τὰς χεῖρας, ὡς μὴ κινέηται,
					βοάτω καιόμενος· ὁ γὰρ ἀρχὸς μᾶλλον ἐξίσχει.</p>
				<p>ἐπὴν δὲ καύσῃς, φακοὺς καὶ ὀρόβους ἑψήσας ἐν ὕδατι, τρίψας λείους, κατάπασσε
					πέντε ἢ ἓξ ἡμέρας· τῇ δὲ ἑβδόμῃ σπόγγον μαλθακὸν τάμνειν ὡς λεπτότατον, πλάτος
					δὲ εἶναι τοῦ σπόγγου ὅσον ἓξ δακτύλων πάντη· ἔπειτα ἐπιθεῖναι ἐπὶ τὸν σπόγγον
					ὀθόνιον ἴσον τῷ σπόγγῳ λεπτὸν καὶ λεῖον, ἀλείψας μέλιτι· ἔπειτα ὑποβαλὼν τῷ
					δακτύλῳ τῷ λιχανῷ τῆς ἀριστερῆς χειρὸς μέσον τὸν σπόγγον, ὦσαι κάτω τῆς ἕδρης ὡς
					προσωτάτω· ἔπειτα ἐπὶ τὸν σπόγγον προσθεῖναι εἴριον, ὡς ἂν ἐν τῇ ἕδρῃ
					ἀτρεμίζῃ.</p>
				<p>διαζώσας δὲ ἐν τῇσι λαγόσι, καὶ ὑφεὶς ταινίην ἐκ τοῦ ὄπισθεν, ἀναλαβὼν ἐκ τῶν
					σκελέων τὸν ἐπίδεσμον, ἀναδῆσαι ἐς τὸ διάζωσμα παρὰ τὸν ὀμφαλόν.</p>
				<p>τὸ δὲ φάρμακον, ὃ εἶπον, ἐπίδει τὸ πυκνὴν τὴν σάρκα ποιέον καὶ ἰσχυρὴν φῦναι.</p>
				<p>ταῦτα δὲ δεῖ ἐπιδεῖν μὴ ἔλασσον ἡμερῶν εἴκοσι.</p>
				<p>Ῥοφέειν δὲ ἅπαξ τῆς ἡμέρης ἄλευρον, ἢ κέγχρον, ἢ τὸ ἀπὸ τῶν πιτύρων, καὶ πίνειν
					ὕδωρ· ἢν δὲ ἐς ἄφοδον ἵζηται, ὕδατι θερμῷ διανίζειν· λούεσθαι δὲ διὰ τρίτης
					ἡμέρης.</p>
			</div>
			<div n="3" type="section">
				<head>3.</head>
				<p>ἑτέρη θεραπείη· ἐκβαλὼν τὴν ἕδρην ὡς μάλιστα, αἰονᾷν ὕδατι θερμῷ, ἔπειτα
					ἀποτάμνειν τῶν αἱμοῤῬοΐδων τὰ ἄκρα· φάρμακον δὲ προκατασκευασθῆναι πρὸς τὴν
					τομὴν τόδε· οὐρήσας ἐς χαλκεῖον, ἐπίπασσον ἐπὶ τὸ οὖρον χαλκοῦ ἄνθος ὀπτοῦ καὶ
					τετριμμένου λείου, ἔπειτα διεὶς, καὶ κινήσας τὸ χαλκεῖον, ξήρανον ἐν τῷ ἡλίῳ·
					ὅταν δὲ ξηρὸν γένηται, συνξύσας τρῖψον λεῖον.</p>
				<p>προστίθει τῷ δακτυλίῳ,</p>
				<pb n="440"/>
				<p>καὶ σπληνία ἐλαιώσας προστίθει, καὶ σπόγγον ἐπάνω ἐπίδει.</p>
			</div>
			<div n="4" type="section">
				<head>4.</head>
				<p>ἕτερος τρόπος· προσφύεται πρὸς τῇ αἱματίτιδι τῇ κονδυλώδει οἷον συκαμίνου καρπός·
					καὶ ἢν μὲν ἔξω σφόδρα ᾖ ἡ κονδύλωσις, περιπέφυκεν αὐτῇ καλυπτὴρ ὁ τῆς
					σαρκός.</p>
				<p>καθίσας οὖν τὸν ἄνθρωπον ὀκλὰξ ἐπὶ ὅλμων δύο, σκόπει· εὑρήσεις γὰρ πεφυσημένα τὰ
					μεσηγὺ τῶν γλουτῶν παρὰ τὴν ἕδρην, τὸ δὲ αἷμα ἐκχωρέον ἔνδοθεν.</p>
				<p>ἦν γοῦν ἐνδιδῷ ὑπὸ τῷ καλυπτῆρι, τὸ κονδύλωμα τῷ δακτύλῳ ἀφελεῖν· οὐδὲν γὰρ
					χαλεπώτερον ἤ περ προβάτου δειρομένου τὸν δάκτυλον μεταξὺ τοῦ δέρματος καὶ τῆς
					σαρκὸς περαίνειν· καὶ ταῦτα διαλεγόμενος ἅμα λάνθανε ποιέων.</p>
				<p>ἐπὴν δὲ ἀφέλῃς τὸ κονδύλωμα, ἀνάγκη Ῥέεσθαι δρόμους αἵματος ἀπὸ πάσης τῆς
					ἀφαιρέσιος· ταῦτα χρὴ ἀποπλῦναι οἴνῳ αὐστηρῷ, κηκίδας ἐναποβρέξας· καὶ ἥ τε
					αἱματῖτις οἰχήσεται σὺν τῷ κονδυλώματι, καὶ τὸ κάλυμμα καταστήσεται, καὶ ὅσῳ ἂν
					παλαιότερον ᾖ, Ῥηϊδίως ἔσται ἡ ἴησις.</p>
			</div>
			<div n="5" type="section">
				<head>5.</head>
				<p>ἦν δὲ ἀνωτέρω ᾖ ἡ κονδύλωσις, τῷ κατοπτῆρι σκέπτεσθαι, καὶ μὴ ἐξαπατᾶσθαι ὑπὸ τοῦ
					κατοπτῆρος· διοιγόμενος γὰρ ὁμαλύνει τὴν κονδύλωσιν, ξυναγόμενος δὲ πάλιν
					δείκνυσιν ὀρθῶς.</p>
				<p>ἀφαιρέειν δὲ χρὴ, ἑλλεβόρῳ μέλανι ὑπαλείφοντα τὸν δακτύλιον· ἔπειτα τριταῖον οἴνῳ
					κλύζειν αὐστηρῷ.</p>
				<p>τὸ δὲ αἶμα, ὅταν ἀφέλῃς τὴν κονδύλωσιν, <unclear/>τι οὐ Ῥέει, μὴ θαυμάζειν· οὐδὲ
					γὰρ ἢν ἐν τοῖσιν ἄρθροισι διατάμῃς τὰς χεῖρας ἢ τὰ σκέλεα, οὐ Ῥεύσεται αἷμα· ἢν
					δʼ ἄνωθεν ἢ κάτωθεν τάμῃς τῶν ἄρθρων, εὑρήσεις κοίλας φλέβας καὶ αἱμόῤῬους, καὶ
					χαλεπῶς</p>
				<pb n="442"/>
				<p>ἂν ἴσχοις εὐπόρως.</p>
				<p>οὕτω καὶ τὴν ἐν τῇ ἕδρῃ αἱμοῤῬοΐδα, ἢν μὲν ἄνωθεν ἢ κάτωθεν τάμῃς τῆς ἀφαιρέσιος
					τοῦ κονδυλώματος, αἷμα Ῥεύσεται· ἢν δὲ αὐτὴν ἀφέλῃς τὴν κονδύλωσιν ἐν τῇ
					προσφύσει, οὐ Ῥεύσεται.</p>
				<p>ἢν μὲν οὖν οὕτω καθίσταται, καλῶς ἂν ἔχοι· ἢν δὲ μὴ, καῦσαι, φυλασσόμενος ὡς μὴ
					ἅψῃ τῷ σιδήρῳ, ἀλλʼ ἐγγὺς προσφέρων τὰ σιδήρια ἀποξηραίνειν, καὶ προστιθέναι τὸ
					τοῦ χαλκοῦ ἄνθος τὸ ἐν τῷ οὔρῳ.</p>
			</div>
			<div n="6" type="section">
				<head>6.</head>
				<p>ἕτερος τρόπος ἰήσιος αἱμοῤῬοΐδων· καυστῆρα ποιήσασθαι, οἷον καλαμίσκον
					φραγμίτην· σιδήριον δὲ ἐναρμόσαι καλῶς ἁρμόζον· ἔπειτα τὸν αὐλίσκον ἐνθεὶς ἐς
					τὴν ἕδρην, διαφαῖνον τὸ σιδήριον καθιέναι, καὶ πυκνὰ ἐξαιρέειν, ἵνα μᾶλλον
					ἀνέχηται θερμαινόμενος· καὶ οὔτε ἕλκος ἕξει ὑπὸ τῆς θερμασίης, ὑγιέα τε
					ξηρανθέντα τὰ φλέβια.</p>
			</div>
			<div n="7" type="section">
				<head>7.</head>
				<p>ἦν δὲ βούλῃ μήτε καίειν, μήτε ἀποτάμνειν, προκαταιονήσας ὕδατι πολλῷ θερμῷ, καὶ
					ἐκτρέψας τὴν ἕδρην, σμύρναν τρίψας λείην καὶ κηκίδα, καὶ στυπτηρίην αἰγυπτίην
					κατακαύσας, ἓν καὶ ἥμισυ πρὸς τἄλλα, καὶ μελαντηρίης ἄλλο τοσοῦτον, τουτέοισι
					ξηροῖσι χρῆσθαι· ἡ δὲ αἱμοῤῬοϊς τουτέοισι τοῖσι φαρμάκοισιν ἀποστήσεται, ὥσπερ
					σκύτος κατακεκαυμένον· ταῦτα ποιέειν μέχρις ἂν πάσας ἀφανίσῃς.</p>
				<p>καὶ χαλκίτιδος ἥμισυ κεκαυμένον τωὐτὸ ἀπεργάζεται.</p>
			</div>
			<div n="8" type="section">
				<head>8.</head>
				<p>ἦν δὲ βούλῃ βαλάνοισιν ἰῆσθαι, σηπίης ὄστρακον, μολυβδαίνης τρίτον μέρος,
					ἄσφαλτον, στυπτηρίην, ἄνθος ὀλίγον, κηκίδα, χαλκοῦ ἰὸν ὀλίγον, τουτέων μέλι
					ἑφθὸν καταχέας, βάλανον ποιήσας μακροτέρην, προστίθει, μέχρις ἂν ἀφανίσῃς.</p>
			</div>
			<pb n="444"/>
			<div n="9" type="section">
				<head>9.</head>
				<p>Γυναικείην αἱμοῤῬοΐδα ὧδε θεραπεύειν· πολλῷ ὕδατι θερμῷ αἰονήσας, σύνεψε δὲ ἐν
					τῷ θερμῷ τῶν εὐωδέων, τρίψας μυρίκην, λιθάργυρον ὀπτὴν, καὶ κηκίδα, οἶνον λευκὸν
					παράχεε καὶ ἔλαιον καὶ χηνὸς στέαρ, τρίψας ὁμοῦ πάντα, διδόναι, ὁκόταν αἰονηθῇ,
					διαχρήσασθαι· αἰονᾷν δὲ καὶ τὴν ἕδρην ἐξώσας ὡς μάλιστα.</p>
			</div>

			<pb n="448"/>
		</body>
	</text>
</TEI>
