<?xml version="1.0" encoding="UTF-8"?><TEI xmlns="http://www.tei-c.org/ns/1.0">
	<teiHeader>
		<fileDesc>
			<titleStmt>
				<title>De alimento </title>
				<author>Hippocrates</author>
				<editor>W. H. S. Jones</editor>
				<funder>National Library of Medicine History of Medicine Division</funder>
			</titleStmt><publicationStmt><publisher>Trustees of Tufts University</publisher><pubPlace>Medford, MA</pubPlace><authority>Perseus Project</authority></publicationStmt>
			<publicationStmt>
				<publisher>Cultural Heritage Langauge Technologies</publisher>
				<pubPlace>Kansas City Missouri</pubPlace>
				<date>February 1, 2005</date>
			</publicationStmt>
			<sourceDesc>
				<biblStruct>
					<monogr>
						<title>Hippocrates Collected Works I</title>
						<author>Hippocrates</author>
						<editor>W. H. S. Jones</editor>
						<imprint>
							<pubPlace>Cambridge</pubPlace>
							<publisher>Harvard University Press</publisher>
							<date>1923</date>
						</imprint>
					</monogr>
				</biblStruct>
			</sourceDesc>
		</fileDesc>
		
		
		<encodingDesc>
			
			<editorialDecl>
				<correction status="high">
					<p>Data Entry</p>
				</correction>
			</editorialDecl>
			
			<refsDecl>>
				refState unit="text"/>
				<state n="chunk" unit="section"/>
			</refsDecl>
			<refsDecl> n="text=Aph.">
				refState unit="text"/>
				refState unit="chapter"/>
				<state n="chunk" unit="section"/>
			</refsDecl>
			<refsDecl> n="text=Epid.">
				refState unit="text"/>
				refState unit="book"/>
				refState unit="chapter"/>
				<state n="chunk" unit="section"/>
			</refsDecl>
			
			<refsDecl>>
				<state n="chunk" unit="page"/>
			</refsDecl>
		</encodingDesc>
		
		<profileDesc>
			<langUsage>
				<language ident="greek">Greek</language>
				<language ident="en">English</language>
			</langUsage>
		</profileDesc>
	</teiHeader><text xml:lang="grc"><body> 
<div n="1" type="section"> <p>τροφὴ καὶ τροφῆς εἶδος μία καὶ πολλαί· 
μία μὲν ᾗ γένος ἕν, εἶδος δὲ ὑγρότητι καὶ ξηρότητι· 
καὶ ἐν τούτοις ἰδέαι καὶ πόσον ἐστὶ καὶ ἔς τινα 
<milestone ed="Loeb" n="4" unit="line"/> 
καὶ ἐς τοσαῦτα.</p></div> 
<div n="2" type="section"> <p>αὔξει δὲ καὶ ῥώννυσι καὶ σαρκοῖ καὶ ὁμοιοῖ 
καὶ ἀνομοιοῖ τὰ ἐν ἑκάστοις κατὰ φύσιν τὴν 
<milestone ed="Loeb" n="3" unit="line"/> 
ἑκάστου καὶ τὴν ἐξ ἀρχῆς δύναμιν.</p></div> 
<div n="3" type="section"> <p>ὁμοιοῖ δὲ ἐς δύναμιν, ὅταν κρατήσῃ ἡ 
ἐπεισιοῦσα, καὶ ὅταν ἐπικρατῆται ἡ προῦ<milestone ed="Loeb" n="3" unit="line"/> 
πάρχουσα.</p></div> 
<div n="4" type="section"> <p>γίγνεται δὲ καὶ ἐξίτηλος, ὁτὲ μὲν ἡ προτέρη 
ἐν χρόνῳ ἀπολυθεῖσα ἢ ἐπιπροστεθεῖσα, ὁτὲ δὲ ἡ 
<milestone ed="Loeb" n="3" unit="line"/> 
ὑστέρη ἐν χρόνῳ ἀπολυθεῖσα ἢ ἐπιπροστεθεῖσα.</p></div> 
<pb id="p.344"></pb> 
<div n="5" type="section"> <p>ἀμαυροῖ δὲ ἑκατέρας ἐν χρόνῳ καὶ μετὰ 
χρόνον ἡ ἔξωθεν συνεχὴς ἐπεισκριθεῖσα καὶ ἐπὶ 
πολλὸν χρόνον στερεμνίως πᾶσι τοῖς μέλεσι 
<milestone ed="Loeb" n="4" unit="line"/> 
διαπλεκεῖσα.</p></div> 
<div n="6" type="section"> <p>καὶ τὴν μὲν ἰδίην ἰδέην ἐξέβλαστησε· 
<add>μεταβάλλει τε τὴν ἀρχαίην καὶ καταφέρεται· 
τρέφει δὲ πεττομένη·</add> τὴν δὲ προτέρην <add>ἰδέην 
ἐξαλλάσσει</add> ἔστιν ὅτε καὶ τὰς προτέρας ἐξη<milestone ed="Loeb" n="5" unit="line"/> 
μαύρωσεν.</p></div> 
<div n="7" type="section"> <p>δύναμις δὲ τροφῆς ἀφικνεῖται καὶ ἐς 
ὀστέον καὶ πάντα τὰ μέρεα αὐτοῦ, καὶ ἐς νεῦρον 
καὶ ἐς φλέβα καὶ ἐς ἀρτηρίην καὶ ἐς μῦν καὶ ἐς 
ὑμένα καὶ σάρκα καὶ πιμελὴν καὶ αἷμα καὶ 
φλέγμα καὶ μυελὸν καὶ ἐγκέφαλον καὶ νωτιαῖον 
καὶ τὰ ἐντοσθίδια καὶ πάντα τὰ μέρεα αὐτῶν, 
καὶ δὴ καὶ ἐς θερμασίην καὶ πνεῦμα καὶ 
<milestone ed="Loeb" n="8" unit="line"/> 
ὑγρασίην.</p></div> 
<div n="8" type="section"> <p>τροφὴ δὲ τὸ τρέφον, τροφὴ δὲ τὸ οἷον, 
<milestone ed="Loeb" n="2" unit="line"/> 
τροφὴ δὲ τὸ μέλλον.</p></div> 
<div n="9" type="section"> <p>ἀρχὴ δὲ πάντων μία καὶ τελευτὴ πάντων 
<milestone ed="Loeb" n="2" unit="line"/> 
μία, καὶ ἡ αὐτὴ τελευτὴ καὶ ἀρχή.</p></div> 
<pb id="p.346"></pb> 
<div n="10" type="section"> <p>καὶ ὅσα κατὰ μέρος ἐν τροφῇ καλῶς καὶ 
κακῶς διοικεῖται, καλῶς μὲν ὅσα προείρηται, 
<milestone ed="Loeb" n="3" unit="line"/> 
κακῶς δὲ ὅσα τούτοις τὴν ἐναντίην ἔχει τάξιν.</p></div> 
<div n="11" type="section"> <p>χυλοὶ ποικίλοι καὶ χρώμασι καὶ δυνάμεσι 
καὶ ἐς βλαβὴν καὶ ἐς ὠφελίην, καὶ οὔτε βλάπτειν 
οὔτε ὠφελεῖν, καὶ πλήθει καὶ ὑπερβολῇ καὶ 
<milestone ed="Loeb" n="4" unit="line"/> 
ἐλλείψει καὶ διαπλοκῇ ὧν μέν, ὧν δὲ οὔ.</p></div> 
<div n="12" type="section"> <p>καὶ πάντων ἐς θερμασίην βλάπτει καὶ 
ὠφελεῖ, ἐς ψύξιν βλάπτει καὶ ὠφελεῖ, ἐς δύναμιν 
<milestone ed="Loeb" n="3" unit="line"/> 
βλάπτει καὶ ὠφελεῖ.</p></div> 
<div n="13" type="section"> <p>δυνάμιος δὲ ποικίλαι φύσιες.</p></div> 
<div n="14" type="section"> <p>χυμοὶ φθείροντες καὶ ὅλον καὶ μέρος καὶ 
ἔξωθεν καὶ ἔνδοθεν, αὐτόματοι οὐκ αὐτόματοι, 
ἡμῖν μὲν αὐτόματοι αἰτίῃ δὲ οὐκ αὐτόματοι. 
αἰτίης δὲ τὰ μὲν δῆλα τὰ δὲ ἄδηλα, καὶ τὰ μὲν 
<milestone ed="Loeb" n="5" unit="line"/> 
δυνατὰ τὰ δὲ ἀδύνατα.</p></div> 
<div n="15" type="section"> <p>φύσις ἐξαρκεῖ πάντα πᾶσι.</p></div> 
<div n="16" type="section"> <p>ἐς δὲ ταύτην, ἔξωθεν μὲν κατάπλασμα, 
κατάχρισμα, ἄλειμμα, γυμνότης ὅλου καὶ μέρεος 
καὶ σκέπη ὅλου καὶ μέρεος, θερμασίη καὶ ψύξις 
κατὰ τὸν αὐτὸν λόγον, καὶ στύψις καὶ ἕλκωσις 
καὶ δηγμὸς καὶ λίπασμα· ἔνδοθεν δὲ τινά τε τῶν 
εἰρημένων, καὶ ἐπὶ τούτοις αἰτίη ἄδηλος καὶ μέρει 
<milestone ed="Loeb" n="7" unit="line"/> 
καὶ ὅλῳ, τινί τε καὶ οὔ τινι.</p></div> 
<pb id="p.348"></pb> 
<div n="17" type="section"> <p>Ἀποκρίσιες κατὰ φύσιν, κοιλίης, οὔρων, 
ἱδρῶτος, πτυάλου, μύξης, ὑστέρης, καθʼ αἱμορροϊδα, θύμον, λέπρην, φῦμα, καρκίνωμα, ἐκ ῥινῶν, 
ἐκ πλεύμονος, ἐκ κοιλίης, ἐξ ἕδρης, ἐκ καυλοῦ, 
κατὰ φύσιν καὶ παρὰ φύσιν. αἱ διακρίσιες 
τούτων ἄλλοισι πρὸς ἄλλον λόγον ἄλλοτε καὶ 
ἀλλοίως. μία φύσις ἐστὶ ταῦτα πάντα καὶ οὐ 
<milestone ed="Loeb" n="8" unit="line"/> 
μία· πολλαὶ φύσιές εἰσι ταῦτα πάντα καὶ μία.</p></div> 
<div n="18" type="section"> <p>φαρμακείη ἄνω καὶ κάτω, οὔτε ἄνω 
<milestone ed="Loeb" n="2" unit="line"/> 
οὔτε κάτω.</p></div> 
<div n="19" type="section"> <p>ἐν τροφῇ φαρμακείη ἄριστον, ἐν τροφῇ 
φαρμακείη φλαῦρον, φλαῦρον καὶ ἄριστον 
<milestone ed="Loeb" n="3" unit="line"/> 
πρός τι.</p></div> 
<div n="20" type="section"> <p>ἕλκος, ἐσχάρη, αἷμα, πύον, ἰχώρ, λέπρη, 
πίτυρον, ἄχωρ, λειχήν, ἀλφός, ἔφηλις, ὁτὲ μὲν 
βλάπτει, ὁτὲ δὲ ὠφελεῖ, ὁτὲ δὲ οὔτε βλάπτει 
<milestone ed="Loeb" n="4" unit="line"/> 
οὔτε ὠφελεῖ.</p></div> 
<div n="21" type="section"> <p>τροφὴ οὐ τροφή, ἢν μὴ δύνηται· μὴ 
τροφὴ τροφή, ἢν οἷόν τε ᾖ τρέφεσθαι. οὔνομα 
τροφή, ἔργον δὲ οὐχί· ἔργον τροφή, οὔνομα δὲ 
<milestone ed="Loeb" n="4" unit="line"/> 
οὐχί.</p></div> 
<div n="22" type="section"> <p>ἐς τρίχας καὶ ἐς ὄνυχας καὶ ἐς τὴν 
ἐσχάτην ἐπιφανείην ἔνδοθεν ἀφικνεῖται· ἔξωθεν 
τροφὴ ἐκ τῆς ἐσχάτης ἐπιφανείης ἐνδοτάτω 
<milestone ed="Loeb" n="4" unit="line"/> 
ἀφικνεῖται.</p></div> 
<pb id="p.350"></pb> 
<div n="23" type="section"> <p>Σύρροια μία, σύμπνοια μία, συμπαθέα 
πάντα. κατὰ μὲν οὐλομελίην πάντα, κατὰ μέρος 
<milestone ed="Loeb" n="3" unit="line"/> 
δὲ τὰ ἐν ἑκάστῳ μέρει μέρεα πρὸς τὸ ἔργον.</p></div> 
<div n="24" type="section"> <p>ἀρχὴ μεγάλη ἐς ἔσχατον μέρος 
ἀφικνεῖται· ἐξ ἐσχάτου μέρεος ἐς ἀρχὴν μεγάλην 
<milestone ed="Loeb" n="3" unit="line"/> 
ἀφικνεῖται· μία φύσις εἶναι καὶ μὴ εἶναι.</p></div> 
<div n="25" type="section"> <p>νούσων δὲ διαφοραὶ ἐν τροφῇ, ἐν 
πνεύματι, ἐν θερμασίῃ, ἐν αἵματι, ἐν φλέγματι, 
ἐν χολῇ, ἐν χυμοῖσιν, ἐν σαρκί, ἐν πιμελῇ, ἐν 
φλεβί, ἐν ἀρτηρίῃ, ἐν νεύρῳ, μυί, ὑμένι, ὀστέῳ, 
ἐγκεφάλῳ, νωτιαίῳ μυελῷ, στόματι, γλώσσῃ, 
στομάχῳ, κοιλίῃ, ἐντέροισι, φρεσί, περιτοναίῳ, 
ἥπατι, σπληνί, νεφροῖς, κύστει, μήτρῃ, δέρματι. 
ταῦτα πάντα καὶ καθʼ ἓν καὶ κατὰ μέρος. μέγεθος 
<milestone ed="Loeb" n="9" unit="line"/> 
αὐτῶν μέγα καὶ οὐ μέγα.</p></div> 
<div n="26" type="section"> <p>τεκμήρια, γαργαλισμός, ὀδύνη, ῥῆξις, 
γνώμη, ἱδρώς, οὔρων ὑπόστασις, ἡσυχίη, 
ῥιπτασμός, ὄψιος στάσιες, φαντασίαι, ἴκτερος, 
λυγμοί, ἐπιληψίη, αἷμα ὁλοσχερές, ὕπνος, καὶ 
ἐκ τούτων καὶ τῶν ἄλλων τῶν κατὰ φύσιν, καὶ 
ὅσα ἄλλα τοιουτότροπα ἐς βλάβην καὶ ἐς ὠφελίην 
ὁρμᾶ· πόνοι ὅλου καὶ μέρεος μεγέθους σημεῖα, 
τοῦ μὲν ἐς τὸ μᾶλλον, τοῦ δὲ ἐς τὸ ἧσσον, καὶ 
ἀπʼ ἀμφοτέρων ἐς τὸ μᾶλλον καὶ ἀπʼ ἀμφοτέρων 
<milestone ed="Loeb" n="10" unit="line"/> 
ἐς τὸ ἧσσον.</p></div> 
<pb id="p.352"></pb> 
<div n="27" type="section"> <p>γλυκύ οὐ γλυκύ, γλυκὺ ἐς δύναμιν 
οἷον ὕδωρ, γλυκὺ ἐς γεῦσιν οἷον μέλι· σημεῖα 
ἑκατέρων, ἕλκεα, ὀφθαλμοὶ καὶ γεύσιες, καὶ ἐν 
τούτοις τὸ μᾶλλον καὶ τὸ ἧσσον· γλυκὺ ἐς τὴν 
ὄψιν καὶ ἐν χρώμασι καὶ ἐν ἄλλῃσι μίξεσι, γλυκὺ 
<milestone ed="Loeb" n="6" unit="line"/> 
μᾶλλον καὶ ἧττον.</p></div> 
<div n="28" type="section"> <p>Ἀραιότης σώματος ἐς διαπνοίην οἷς 
πλέον ἀφαιρεῖται ὑγιεινόν· πυκνότης σώματος ἐς 
διαπνοίην οἷς ἔλασσον ἀφαιρεῖται νοσηλόν· οἱ 
διαπνεόμενοι καλῶς ἀσθενέστεροι καὶ ὑγιεινότεροι 
καὶ εὐανάσφαλτοι, οἱ διαπνεόμενοι κακῶς πρὶν ἢ 
νοσεῖν ἰσχυρότεροι, νοσήσαντες δὲ δυσανά<milestone ed="Loeb" n="7" unit="line"/> 
σφαλτοι· ταῦτα δὲ καὶ ὅλῳ καὶ μέρει.</p></div> 
<div n="29" type="section"> <p>πλεύμων ἐναντίην σώματος τροφὴν 
<milestone ed="Loeb" n="2" unit="line"/> 
ἕλκει, τὰ δʼ ἄλλα πάντα τὴν αὐτήν.</p></div> 
<div n="30" type="section"> <p>ἀρχὴ τροφῆς πνεύματος, ῥῖνες, στόμα, 
βρόγχος, πλεύμων, καὶ ἡ ἄλλη διαπνοίη· ἀρχὴ 
τροφῆς καὶ ὑγρῆς καὶ ξηρῆς, στόμα, στόμαχος, 
κοιλίη. ἡ δὲ ἀρχαιοτέρη τροφὴ διὰ τοῦ ἐπι<milestone ed="Loeb" n="5" unit="line"/> 
γαστρίου, ᾗ ὁ ὀμφαλός.</p></div> 
<div n="31" type="section"> <p>ῥίζωσις φλεβῶν ἧπαρ, ῥίζωσις ἀρτηριῶν καρδίη· ἐκ τούτων ἀποπλανᾶται ἐς πάντα 
<milestone ed="Loeb" n="3" unit="line"/> 
αἷμα καὶ πνεῦμα, καὶ θερμασίη διὰ τούτων φοιτᾷ.</p></div> 
<pb id="p.354"></pb> 
<div n="32" type="section"> <p>δύναμις μία καὶ οὐ μία, ᾗ πάντα 
ταῦτα καὶ τὰ ἑτεροῖα διοικεῖται, ἡ μὲν ἐς ζωὴν 
ὅλου καὶ μέρεος, ἡ δὲ ἐς αἴσθησιν ὅλου καὶ 
<milestone ed="Loeb" n="4" unit="line"/> 
μέρεος.</p></div> 
<div n="33" type="section"> <p>γάλα τροφή, οἷς γάλα τροφὴ κατὰ 
φύσιν, ἄλλοισι δὲ οὐχί, ἄλλοισι δὲ οἶνος τροφή, 
καὶ ἄλλοισιν οὐχί, καὶ σάρκες καὶ ἄλλαι ἰδέαι 
τροφῆς πολλαί, καὶ κατὰ χώρην καὶ κατʼ 
<milestone ed="Loeb" n="5" unit="line"/> 
ἐθισμόν.</p></div> 
<div n="34" type="section"> <p>τρέφεται δὲ τὰ μὲν ἐς αὔξησιν καὶ 
ἐς τὸ εἶναι, τὰ δὲ ἐς τὸ εἶναι μοῦνον, οἷον γέροντες, 
τὰ δὲ πρὸς τούτῳ καὶ ἐς ῥώμην. διάθεσις 
ἀθλητικὴ οὐ φύσει· ἕξις ὑγιεινὴ κρείσσων ἐν 
<milestone ed="Loeb" n="5" unit="line"/> 
πᾶσιν.</p></div> 
<div n="35" type="section"> <p>μέγα τὸ πόσον εὐστόχως ἐς δύναμιν 
<milestone ed="Loeb" n="2" unit="line"/> 
συναρμοσθέν.</p></div> 
<div n="36" type="section"> <p>γάλα καὶ αἷμα τροφῆς πλεονασμός.</p></div> 
<div n="37" type="section"> <p>περίοδοι ἐς πολλὰ σύμφωνοι, ἐς 
ἔμβρυον ἐς τὴν τούτου τροφήν. αὖτις δʼ ἄνω 
<milestone ed="Loeb" n="3" unit="line"/> 
ῥέπει ἐς γάλα καὶ ἐς τροφὴν βρέφεος.</p></div> 
<div n="38" type="section"> <p>ζωοῦται τὰ μὴ ζῷα, ζωοῦται τὰ 
<milestone ed="Loeb" n="2" unit="line"/> 
ζῷα, ζωοῦται τὰ μέρεα τῶν ζῴων.</p></div> 
<pb id="p.356"></pb> 
<div n="39" type="section"> <p>φύσιες πάντων ἀδίδακτοι.</p></div> 
<div n="40" type="section"> <p>αἷμα ἀλλότριον ὠφέλιμον, αἷμα ἴδιον 
ὠφέλιμον, αἷμα ἀλλότριον βλαβερόν, αἷμα ἴδιον 
βλαβερόν, χυμοὶ ἴδιοι βλαβεροί, χυμοὶ ἀλλότριοι 
βλαβεροί, χυμοὶ ἀλλότριοι συμφέροντες, χυμοὶ 
ἴδιοι συμφέροντες, τὸ σύμφωνον διάφωνον, τὸ 
διάφωνον σύμφωνον, γάλα ἀλλότριον ἀστεῖον, 
γάλα ἴδιον φλαῦρον, γάλα ἀλλότριον βλαβερόν, 
<milestone ed="Loeb" n="8" unit="line"/> 
γάλα ἴδιον ὠφέλιμον.</p></div> 
<div n="41" type="section"> <p>σιτίον νέοις ἀκροσαπές, γέρουσιν ἐς τέλος 
<milestone ed="Loeb" n="2" unit="line"/> 
μεταβεβλημένον, ἀκμάζουσιν ἀμετάβλητον.</p></div> 
<div n="42" type="section"> <p>ἐς τύπωσιν λεʼ ἠέλιοι, ἐς κίνησιν οʼ, 
ἐς τελειότητα σιʼ· ἄλλοι, ἐς ἰδέην μεʼ, ἐς κίνησιν 
σʼ, ἐς ἔξοδον σοʼ· ἄλλοι, νʼ ἐς ἰδέην, ἐς πρῶτον 
ἅλμα ρʼ, ἐς τελειότητα τʼ. ἐς διάκρισιν μʼ, ἐς 
μετάβασιν ρʼ, ἐς ἔκπτωσιν σμʼ. οὐκ ἔστι καὶ 
ἔστι. γίνεται δὲ ἐν τούτοις καὶ πλείω καὶ ἐλάσσω, 
καὶ καθʼ ὅλον καὶ κατὰ μέρος, οὐ πολλὸν δὲ καὶ 
<milestone ed="Loeb" n="8" unit="line"/> 
πλείω πλείω καὶ ἐλάσσω ἐλάσσω.</p></div> 
<pb id="p.358"></pb> 
<div n="43" type="section"> <p>ὀστέων τροφὴ ἐκ κατήξιος, ῥινὶ δὶς 
πέντε, γνάθῳ καὶ κληῖδι καὶ πλευρῇσι διπλάσιαι, 
πήχει τριπλάσιαι, κνήμῃ καὶ βραχίονι τετραπλάσιαι, μηρῷ πενταπλάσιαι, καὶ εἴ τι ἐν τούτοις 
<milestone ed="Loeb" n="5" unit="line"/> 
δύναται πλέον ἢ ἔλασσον.</p></div> 
<div n="44" type="section"> <p>αἷμα ὑγρὸν καὶ αἷμα στερεόν. αἷμα 
ὑγρὸν ἀστεῖον, αἷμα ὑγρὸν φλαῦρον· αἷμα στερεὸν 
ἀστεῖον, αἷμα στερεὸν φλαυρόν· πρός τι πάντα 
<milestone ed="Loeb" n="4" unit="line"/> 
φλαῦρα καὶ πάντα ἀστεῖα.</p></div> 
<div n="45" type="section"> <p>ὁδὸς ἄνω κάτω.</p></div> 
<div n="46" type="section"> <p>δύναμις τροφῆς κρέσσων ἢ ὄγκος, ὄγκος 
τροφῆς κρέσσων ἢ δύναμις, καὶ ἐν ὑγροῖς καὶ ἐν 
<milestone ed="Loeb" n="3" unit="line"/> 
ξηροῖς.</p></div> 
<div n="47" type="section"> <p>ἀφαιρεῖ καὶ προστίθησιν οὐ τωὐτό, 
<milestone ed="Loeb" n="2" unit="line"/> 
τῷ μὲν ἀφαιρεῖ, τῷ δὲ προστίθησι τωὐτό.</p></div> 
<div n="48" type="section"> <p>φλεβῶν διασφύξιες καὶ ἀναπνοὴ 
πλεύμονος καθʼ ἡλικίην, καὶ σύμφωνα καὶ διάφωνα, καὶ νούσου καὶ ὑγιείης σημεῖα, καὶ ὑγιείης 
μᾶλλον ἢ νούσου καὶ νούσου μᾶλλον ἢ ὑγιείης· 
<milestone ed="Loeb" n="5" unit="line"/> 
τροφὴ γὰρ καὶ πνεῦμα.</p></div> 
<div n="49" type="section"> <p>ὑγρὴ τροφὴ εὐμετάβλητος μᾶλλον ἢ 
ξηρή· ξηρὴ τροφὴ εὐμετάβλητος μᾶλλον ἢ ὑγρή· 
ἡ δυσαλλοίωτος δυσεξανάλωτος, ἡ εὐπρόσθετος 
<milestone ed="Loeb" n="4" unit="line"/> 
εὐεξανάλωτος.</p></div> 
<pb id="p.360"></pb> 
<div n="50" type="section"> <p>καὶ ὁκόσοι ταχείης προσθέσιος δέονται, 
ὑγρὸν ἴημα ἐς ἀνάληψιν δυνάμιος κράτιστον· 
ὁκόσοι δὲ ἔτι ταχυτέρης, διʼ ὀσφρήσιος. ὁκόσοι 
<milestone ed="Loeb" n="4" unit="line"/> 
δὲ βραδυτέρης προσθέσιος δέονται, στερεὴ τροφή.</p></div> 
<div n="51" type="section"> <p>Μῦες στερεώτεροι δυσέκτηκτοι <add>μᾶλλον</add> 
τῶν ἄλλων, παρὲξ ὀστέου καὶ νεύρου· δυσμετάβλητα τὰ γεγυμνασμένα, κατὰ γένος αὐτὰ 
ἑωυτῶν ἰσχυρότερα ἐόντα, διὰ τοῦτο αὐτὰ 
<milestone ed="Loeb" n="5" unit="line"/> 
ἑωυτῶν δυστηκτότερα.</p></div> 
<div n="52" type="section"> <p>πύον τὸ ἐκ σαρκός· πυῶδες τὸ ἐξ 
αἵματος καὶ ἐξ ἄλλης ὑγρασίης· πύον τροφὴ 
<milestone ed="Loeb" n="3" unit="line"/> 
ἕλκεος· πυῶδες τροφὴ φλεβός, ἀρτηρίης.</p></div> 
<div n="53" type="section"> <p>μυελὸς τροφὴ ὀστέου, διὰ τοῦτο ἐπι<milestone ed="Loeb" n="2" unit="line"/> 
πωροῦται.</p></div> 
<div n="54" type="section"> <p>δύναμις πάντα αὔξει καὶ τρέφει καὶ 
<milestone ed="Loeb" n="2" unit="line"/> 
βλαστάνει.</p></div> 
<div n="55" type="section"> <p>Ὑγρασίη τροφῆς ὄχημα.</p></div> 
 
</body></text>
</TEI>
