<?xml version="1.0" encoding="UTF-8"?>
<TEI xmlns="http://www.tei-c.org/ns/1.0">
	<teiHeader>
		<fileDesc>
			<titleStmt>
				<title>The Oath </title>
				<author>Hippocrates</author>
				<editor>W. H. S. Jones</editor>
				<funder>National Library of Medicine History of Medicine Division</funder>
			</titleStmt>
			<publicationStmt>
				<publisher>Cultural Heritage Langauge Technologies</publisher>
				<pubPlace>Kansas City Missouri</pubPlace>
				<date>February 1, 2005</date>
			</publicationStmt>
			<sourceDesc>
				<biblStruct>
					<monogr>
						<title>Hippocrates Collected Works I</title>
						<author>Hippocrates</author>
						<editor>W. H. S. Jones</editor>
						<imprint>
							<pubPlace>Cambridge</pubPlace>
							<publisher>Harvard University Press</publisher>
							<date>1923</date>
						</imprint>
					</monogr>
				</biblStruct>
			</sourceDesc>
		</fileDesc>


		<encodingDesc>

			<editorialDecl>
				<correction status="high">
					<p>Data Entry</p>
				</correction>
			</editorialDecl>

			<refsDecl>
				<refState unit="text"/>
				<refState n="chunk" unit="section"/>
			</refsDecl>
			<refsDecl n="text=Aph.">
				<refState unit="text"/>
				<refState unit="chapter"/>
				<refState n="chunk" unit="section"/>
			</refsDecl>
			<refsDecl n="text=Epid.">
				<refState unit="text"/>
				<refState unit="book"/>
				<refState unit="chapter"/>
				<refState n="chunk" unit="section"/>
			</refsDecl>

			<refsDecl>
				<refState n="chunk" unit="page"/>
			</refsDecl>
		</encodingDesc>

		<profileDesc>
			<langUsage>
				<language ident="greek">Greek</language>
				<language ident="en">English</language>
			</langUsage>
		</profileDesc>
	</teiHeader>
	<text xml:lang="grc">
		<body>

			<p>ὄμνυμι Ἀπόλλωνα ἰητρὸν καὶ Ἀσκληπιὸν καὶ Ὑγείαν καὶ Πανάκειαν καὶ θεοὺς πάντας τε καὶ
				πάσας, ἵστορας ποιεύμενος, ἐπιτελέα ποιήσειν κατὰ δύναμιν καὶ κρίσιν ἐμὴν ὅρκον
				τόνδε καὶ συγγραφὴν τήνδε· ἡγήσεσθαι μὲν τὸν διδάξαντά με τὴν τέχνην ταύτην ἴσα
				γενέτῃσιν ἐμοῖς, καὶ βίου κοινώσεσθαι, καὶ χρεῶν χρηΐζοντι μετάδοσιν ποιήσεσθαι, καὶ
				γένος τὸ ἐξ αὐτοῦ ἀδελφοῖς ἴσον ἐπικρινεῖν ἄρρεσι, καὶ διδάξειν <milestone ed="Loeb"
					n="10" unit="line"/> τὴν τέχνην ταύτην, ἢν χρηΐζωσι μανθάνειν, ἄνευ μισθοῦ καὶ
				συγγραφῆς, παραγγελίης τε καὶ ἀκροήσιος καὶ τῆς λοίπης ἁπάσης μαθήσιος μετάδοσιν
				ποιήσεσθαι υἱοῖς τε ἐμοῖς καὶ τοῖς τοῦ ἐμὲ διδάξαντος, καὶ μαθητῇσι συγγεγραμμένοις
				τε καὶ ὡρκισμένοις νόμῳ ἰητρικῷ, ἄλλῳ δὲ οὐδενί. διαιτήμασί τε χρήσομαι ἐπʼ ὠφελείῃ
				καμνόντων κατὰ δύναμιν καὶ κρίσιν ἐμήν, ἐπὶ δηλήσει δὲ καὶ ἀδικίῃ εἴρξειν. οὐ δώσω
				δὲ οὐδὲ φάρμακον οὐδενὶ αἰτηθεὶς θανάσιμον, οὐδὲ ὑφηγήσομαι συμ<milestone ed="Loeb"
					n="20" unit="line"/> βουλίην τοιήνδε· ὁμοίως δὲ οὐδὲ γυναικὶ πεσσὸν φθόριον
				δώσω. ἁγνῶς δὲ καὶ ὁσίως διατηρήσω βίον τὸν ἐμὸν καὶ τέχνην τὴν ἐμήν. οὐ τεμέω δὲ
				οὐδὲ μὴν λιθιῶντας, ἐκχωρήσω δὲ ἐργάτῃσιν <pb n="p.300"/> ἀνδράσι πρήξιος τῆσδε. ἐς
				οἰκίας δὲ ὁκόσας ἂν ἐσίω, ἐσελεύσομαι ἐπʼ ὠφελείῃ καμνόντων, ἐκτὸς ἐὼν πάσης ἀδικίης
				ἑκουσίης καὶ φθορίης, τῆς τε ἄλλης καὶ ἀφροδισίων ἔργων ἐπί τε γυναικείων σωμάτων
				καὶ ἀνδρῴων, ἐλευθέρων τε καὶ δούλων. ἃ δʼ ἂν ἐν θεραπείῃ ἢ ἴδω ἢ ἀκούσω, ἢ καὶ ἄνευ
					<milestone ed="Loeb" n="30" unit="line"/> θεραπείης κατὰ βίον ἀνθρώπων, ἃ μὴ χρή
				ποτε ἐκλαλεῖσθαι ἔξω, σιγήσομαι, ἄρρητα ἡγεύμενος εἶναι τὰ τοιαῦτα. ὅρκον μὲν οὖν
				μοι τόνδε ἐπιτελέα ποιέοντι, καὶ μὴ συγχέοντι, εἴη ἐπαύρασθαι καὶ βίου καὶ τέχνης
				δοξαζομένῳ παρὰ πᾶσιν ἀνθρώποις ἐς τὸν αἰεὶ χρόνον· παραβαίνοντι δὲ <milestone
					ed="Loeb" n="36" unit="line"/> καὶ ἐπιορκέοντι, τἀναντία τούτων.</p>



			<pb n="p.312"/>
		</body>
	</text>
</TEI>
