<?xml version="1.0" encoding="UTF-8"?>
<TEI xmlns="http://www.tei-c.org/ns/1.0">
	<teiHeader>
		<fileDesc>
			<titleStmt>
				<title>Precepts </title>
				<author>Hippocrates</author>
				<editor>W. H. S. Jones</editor>
				<funder>National Library of Medicine History of Medicine Division</funder>
			</titleStmt>
			<publicationStmt>
				<publisher>Cultural Heritage Langauge Technologies</publisher>
				<pubPlace>Kansas City Missouri</pubPlace>
				<date>February 1, 2005</date>
			</publicationStmt>
			<sourceDesc>
				<biblStruct>
					<monogr>
						<title>Hippocrates Collected Works I</title>
						<author>Hippocrates</author>
						<editor>W. H. S. Jones</editor>
						<imprint>
							<pubPlace>Cambridge</pubPlace>
							<publisher>Harvard University Press</publisher>
							<date>1923</date>
						</imprint>
					</monogr>
				</biblStruct>
			</sourceDesc>
		</fileDesc>


		<encodingDesc>

			<editorialDecl>
				<correction status="high">
					<p>Data Entry</p>
				</correction>
			</editorialDecl>

			<refsDecl>
				<refState unit="text"/>
				<refState n="chunk" unit="section"/>
			</refsDecl>
			<refsDecl n="text=Aph.">
				<refState unit="text"/>
				<refState unit="chapter"/>
				<refState n="chunk" unit="section"/>
			</refsDecl>
			<refsDecl n="text=Epid.">
				<refState unit="text"/>
				<refState unit="book"/>
				<refState unit="chapter"/>
				<refState n="chunk" unit="section"/>
			</refsDecl>

			<refsDecl>
				<refState n="chunk" unit="page"/>
			</refsDecl>
		</encodingDesc>

		<profileDesc>
			<langUsage>
				<language ident="greek">Greek</language>
				<language ident="en">English</language>
			</langUsage>
		</profileDesc>
	</teiHeader>
	<text xml:lang="grc">
		<body>
			<div n="1" type="section">
				<p>χρόνος ἐστὶν ἐν ᾧ καιρός, καὶ καιρὸς ἐν ᾧ χρόνος οὐ πολύς· ἄκεσις χρόνῳ, ἔστι δὲ
					ἡνίκα καὶ καιρῷ. δεῖ γε μὴν ταῦτα εἰδότα μὴ λογισμῷ πρότερον πιθανῷ προσέχοντα
					ἰητρεύειν, ἀλλὰ τριβῇ μετὰ λόγου. ὁ γὰρ λογισμὸς μνήμη τίς ἐστι συνθετικὴ τῶν
					μετʼ αἰσθήσιος ληφθέντων. ἐφαντασιώθη γὰρ ἐναργέως ἡ αἴσθησις προπαθὴς καὶ
					ἀναπομπὸς ἐοῦσα ἐς διάνοιαν τῶν ὑποκειμένων, ἡ δὲ παραδεξαμένη πολλάκις, οἷς ὅτε
						<milestone ed="Loeb" n="10" unit="line"/> ὁκοίως τηρήσασα, καὶ ἐς ἑωυτὴν
					καταθεμένη, ἐμνημόνευσεν. συγκαταινέω μὲν οὖν καὶ τὸν λογισμόν, ἤνπερ ἐκ
					περιπτώσιος ποιῆται τὴν ἀρχήν, καὶ τὴν καταφορὴν ἐκ τῶν φαινομένων μεθοδεύῃ. ἐκ
					γὰρ τῶν ἐναργέως ἐπιτελεομένων ἢν τὴν ἀρχὴν ποιήσηται ὁ λογισμός, ἐν διανοίης
					δυνάμει ὑπάρχων εὑρίσκεται, παραδεχομένης αὐτῆς ἕκαστα παρʼ ἄλλων. ὑποληπτέον
					οὖν τὴν φύσιν ὑπὸ τῶν πολλῶν καὶ παντοίων πρηγμάτων κινηθῆναί τε καὶ διδαχθῆναι,
					βίης ὑπεούσης· ἡ <milestone ed="Loeb" n="20" unit="line"/> δὲ διάνοια παρʼ αὐτῆς
					λαβοῦσα, ὡς προεῖπον, ὕστερον ἐς ἀληθείην ἤγαγεν. εἰ δὲ μὴ ἐξ ἐναργέος <pb
						n="p.314"/> ἐφόδου, ἐκ δὲ πιθανῆς ἀναπλάσιος λόγου, πολλάκις βαρείην καὶ
					ἀνιηρὴν ἐπήνεγκε διάθεσιν. οὗτοι δὲ ἀνοδίην χειρίζουσι. τί γὰρ ἂν ἦν κακόν, ἢν
					τὰ ἐπίχειρα ἐκομίζοντο οἱ τὰ τῆς ἰητρικῆς ἔργα κακῶς δημιουργέοντες ; νῦν δὲ
					τοῖς ἀναιτίοις ἐοῦσι τῶν καμνόντων, ὁκόσοις οὐχ ἱκανὴ ἐφαίνετο ἐοῦσα τοῦ νοσεῖν
					βίη, εἰ μὴ συνέλθοι τῇ τοῦ ἰητροῦ ἀπειρίῃ. περὶ μὲν οὖν τούτων ἅλις ἔστω
						<milestone ed="Loeb" n="30" unit="line"/> διειλεγμένα.</p>
			</div>
			<div n="2" type="section">
				<p>τῶν δʼ ὡς λόγου μόνου συμπεραινομένων μὴ εἴη ἐπαύρασθαι, τῶν δὲ ὡς ἔργου
					ἐνδείξιος· σφαλερὴ γὰρ καὶ εὔπταιστος ἡ μετʼ ἀδολεσχίης ἰσχύρισις. διὸ καὶ
					καθόλου δεῖ ἔχεσθαι τῶν γινομένων, καὶ περὶ ταῦτα μὴ ἐλαχίστως γίνεσθαι, ἢν
					μέλλῃ ἕξειν ῥηϊδίην καὶ ἀναμάρτητον ἕξιν ἣν δὴ ἰητρικὴν προσαγορεύομεν. κάρτα
					γὰρ μεγάλην ὠφελίην περιποιήσει τοῖς γε νοσέουσι καὶ τοῖς τούτων δημιουργοῖς. μὴ
					ὀκνεῖν δὲ παρὰ <milestone ed="Loeb" n="10" unit="line"/> ἰδιωτέων ἱστορεῖν, ἤν
					τι δοκῇ συνοίσειν ἐς καιρὸν θεραπείης. οὕτω γὰρ δοκέω τὴν σύμπασαν τέχνην
					ἀναδειχθῆναι, διὰ τὸ ἐξ ἑκάστου τι τοῦ τέλους τηρηθῆναι καὶ ἐς ταὐτὸ
					συναλισθῆναι. προσέχειν οὖν δεῖ τῇ περιπτώσει τῇ ὡς ἐπὶ τὸ πολύ, καὶ μετʼ
					ὠφελίης καὶ ἠρεμαιότητος μᾶλλον <milestone ed="Loeb" n="16" unit="line"/> ἢ
					ἐπαγγελίης καὶ ἀπολογίης τῆς μετʼ ἀπρηξίης.</p>
			</div>
			<pb n="p.316"/>
			<div n="3" type="section">
				<p>χρήσιμος δὲ καὶ ποικίλος τῶν προσφερομένων τῷ νοσέοντι καὶ ὁ προορισμός, ὅτι
					μόνον τι προσενεχθὲν ὠφελήσει· οὐ γὰρ ἰσχυρίσιος δεῖ· πάντα γὰρ τὰ πάθη διὰ
					πολλὰς περιστάσιας καὶ <milestone ed="Loeb" n="5" unit="line"/> μεταβολὰς μονῇ
					τινι προσκαθίζει.</p>
			</div>
			<div n="4" type="section">
				<p>Παραινέσιος δʼ ἂν καὶ τοῦτο ἐπιδεηθείη τῆς θεωρίης· συμβάλλει γάρ τι τῷ σύμπαντι·
					εἰ γὰρ ἄρξαιο περὶ μισθαρίων τῷ μὲν ἀλγέοντι τοιαύτην διανόησιν ἐμποιήσεις τὴν
					ὅτι ἀπολιπὼν αὐτὸν πορεύσει μὴ συνθέμενος, ἢ ὅτι ἀμελήσεις καὶ οὐχ ὑποθήσει τινὰ
					τῷ παρεόντι. ἐπιμελεῖσθαι οὖν οὐ δεῖ περὶ στάσιος μισθοῦ· ἄχρηστον γὰρ ἡγεύμεθα
					ἐνθύμησιν ὀχλεομένῳ τὴν τοιαύτην, πολὺ δὲ μᾶλλον ἐν ὀξεῖ νοσήματι· νούσου γὰρ
						<milestone ed="Loeb" n="10" unit="line"/> ταχυτὴς καιρὸν μὴ διδοῦσα ἐς
					ἀναστροφὴν οὐκ ἐποτρύνει τὸν καλῶς ἰητρεύοντα ζητεῖν τὸ λυσιτελές, ἔχεσθαι δὲ
					δόξης μᾶλλον. κρέσσον οὖν σῳζομένοις ὀνειδίζειν ἢ ὀλεθρίως ἔχοντας προ<milestone
						ed="Loeb" n="14" unit="line"/> μύσσειν.</p>
			</div>
			<div n="5" type="section">
				<p>καί τοι ἔνιοι νοσέοντες ἀξιοῦσι τὸ ξενοπρεπὲς καὶ τὸ ἄδηλον προκρίνοντες, ἄξιοι
					μὲν ἀμελείης, οὐ μέντοι γε κολάσιος. διὸ τούτοις ἀντιτάξει εἰκότως μεταβολῆς ἐπὶ
					σάλου πορευο<pb n="p.318"/> μένοις. τίς γάρ, ὦ πρὸς Διός, ἠδελφισμένος ἰητρὸς
					ἰητρεύει τοσαύτῃ ἀτεραμνίῃ ὥστε ἐν ἀρχῇ ἀνακρίνοντα πᾶν πάθος μὴ οὐχ ὑποθέσθαι
					τινὰ συμφέροντα ἐς θεραπείην, ἀποθεραπεῦσαί τε τὸν νοσέοντα καὶ μὴ παριδεῖν τὴν
					ἐπικαρπίην, <milestone ed="Loeb" n="10" unit="line"/> ἄνευ τῆς ἐπισκευαζούσης ἐς
					μάθησιν ἐπιθυμίης;</p>
			</div>
			<div n="6" type="section">
				<p>παρακελεύομαι δὲ μὴ λίην ἀπανθρωπίην ἐσάγειν, ἀλλʼ ἀποβλέπειν ἔς τε περιουσίην
					καὶ οὐσίην· ὁτὲ δὲ προῖκα, ἀναφέρων μνήμην εὐχαριστίης προτέρην ἢ παρεοῦσαν
					εὐδοκίην. ἢν δὲ καιρὸς εἴη χορηγίης ξένῳ τε ἐόντι καὶ ἀπορέοντι, μάλιστα
					ἐπαρκεῖν τοῖς τοιούτοις· ἢν γὰρ παρῇ φιλανθρωπίη, πάρεστι καὶ φιλοτεχνίη. ἔνιοι
					γὰρ νοσέοντες ᾐσθημένοι τὸ περὶ ἑωυτοὺς πάθος μὴ ἐὸν ἐν ἀσφαλείῃ, καὶ τῇ τοῦ
					ἰητροῦ <milestone ed="Loeb" n="10" unit="line"/> ἐπιεικείῃ εὐδοκέουσι,
					μεταλλάσσοντες ἐς ὑγιείην. εὖ δʼ ἔχει νοσεόντων μὲν ἐπιστατεῖν, ἕνεκεν ὑγιείης,
					ὑγιαινόντων δὲ φροντίζειν, ἕνεκεν ἀνοσίης· <milestone ed="Loeb" n="13"
						unit="line"/> φροντίζειν καὶ ἑωυτῶν ἕνεκεν εὐσχημοσύνης.</p>
			</div>
			<div n="7" type="section">
				<p>οἱ μὲν οὖν ἐόντες ἐν βυθῷ ἀτεχνίης τῶν προλελεγμένων οὐκ ἂν αἰσθάνοιντο. καὶ γὰρ
					οὗτοι ἀνίητροι ἐόντες ἐλέγχοιντʼ ἂν ἐκ ποδὸς ὑψεύ<pb n="p.320"/> μενοι, τύχης γε
					μὴν δεόμενοι. ὑπὸ γάρ τινων εὐπόρων, καὶ στενῶν ἔνδοσιν ἀναλαμβανόντων, ἑκατέρῃ
					ἐπὴν ἐπιτύχωσι, εὐδοκιμέουσι, καὶ διαπιπτόντων ἐπὶ τὸ χεῖρον καταχλιδεῦσι,
					καταμεμεληκότες τὰ τῆς τέχνης ἀνυπεύθυνα, ἐφʼ οἷς ἂν ἰητρὸς ἀγαθὸς ἀκμάζοι
					ὁμότεχνος καλεόμενος. <milestone ed="Loeb" n="10" unit="line"/> ὁ δὲ τὰς ἀκέσιας
					ἀναμαρτήτους ῥηϊδίως ἐπιτελέων οὐδὲν ἂν τούτων παραβαίη σπάνει τοῦ δύνασθαι· οὐ
					γὰρ ἄπιστός ἐστιν ὡς ἐν ἀδικίῃ. πρὸς γὰρ θεραπείην οὐ γίνονται σκοπέοντες
					διάθεσιν φλεβονώδεα, φυλασσόμενοι ἑτέρων ἰητρῶν ἐπεσαγωγήν, ἐνόντες ἐν
					μισοπονηρίῃ βοηθήσιος. οἵ τε νοσέοντες ἀνιώμενοι νήχονται ἐπὶ ἑκατέρῃ μοχθηρίῃ
					μὴ ἐγκεχειρικότες ἑωυτοὺς ἕως τέλεος τῇ ἐν τῇ τέχνῃ πλείονι θεραπείῃ· ἄνεσις γὰρ
					νούσου τινὸς κάμνοντι παρέχει μεγάλην ἀλεωρήν· <milestone ed="Loeb" n="20"
						unit="line"/> διὸ δεόμενοι τὴν ὑγιεινὴν διάθεσιν οὐκ ἐθέλουσι τὴν αὐτὴν
					χρῆσιν αἰεὶ προσδέχεσθαι, ὁμονοέοντες ἰητροῦ ποικιλίῃ. πολυτελείης γὰρ
					ἀπορέουσιν <pb n="p.322"/> οἱ νοσέοντες, κακοτροπίῃ προσκυνέοντες καὶ
					ἀχαριστέοντες συντιχεῖν. δυνατοὶ ἐόντες εὐπορεῖν, διαντλίζονται περὶ μισθαρίων,
					ἀτρεκέως ἐθέλοντες ὑγιέες εἶναι εἵνεκεν <gap/> ἐργασίης τόκων ἢ γεωργίης,
					ἀφροντιστέοντες περὶ αὐτῶν <milestone ed="Loeb" n="28" unit="line"/>
					λαμβάνειν.</p>
			</div>
			<div n="8" type="section">
				<p>περὶ σημασίης τοιαύτης ἅλις ἔστω· ἄνεσις γὰρ καὶ ἐπίτασις νοσέοντος ἐπινέμησιν
					ἰητρικὴν κέχρηνται. οὐκ ἀσχήμων δέ, οὐδʼ ἤν τις ἰητρὸς στενοχωρέων τῷ παρεόντι
					ἐπί τινι νοσέοντι καὶ ἐπισκοτεόμενος τῇ ἀπειρίῃ κελεύῃ καὶ ἑτέρους ἐσάγειν,
					εἵνεκα τοῦ ἐκ κοινολογίης ἱστορῆσαι τὰ περὶ τὸν νοσέοντα, καὶ συνεργοὺς γενέσθαι
					ἐς εὐπορίην βοηθήσιος. ἐν γὰρ κακοπαθείης παρεδρίῃ ἐπιτείνοντος τοῦ πάθεος, διʼ
						<milestone ed="Loeb" n="10" unit="line"/> ἀπορίην τὰ πλεῖστα ἐκκλίνουσι τῷ
					παρέοντι· θαρρητέον οὖν ἐν καιρῷ τοιούτῳ· οὐδέποτε γὰρ ἐγὼ τὸ τοιοῦτο ὁριεῦμαι,
					ὅτι ἡ τέχνη κέκριται <pb n="p.324"/> περὶ τούτου. μηδέποτε φιλονεικεῖν
					προσκυρέοντας ἑωυτοῖσι καὶ κατασιλλαίνειν· ὃ γὰρ ἂν μεθʼ ὅρκου ἐρέω, οὐδέποτε
					ἰητροῦ λογισμὸς φθονήσειεν ἂν ἑτέρῳ· ἀκιδνὸς γὰρ ἂν φανείη· ἀλλὰ μᾶλλον οἱ
					ἀγχιστεύοντες ἀγοραίης ἐργασίης πρήσσουσι ταῦτα εὐμαρέως. καίτοι γε οὐδὲ ψευδέως
						κατα<milestone ed="Loeb" n="19" unit="line"/> νενόηται· πάσῃ γὰρ εὐπορίῃ
					ἀπορίη ἔνεστι.</p>
			</div>
			<div n="9" type="section">
				<p>μετὰ τούτων δὲ πάντων μέγα ἂν τεκμήριον φανείη σὺν τῇ οὐσίῃ τῆς τέχνης, εἴ τις
					καλῶς ἰητρεύων προσαγορεύσιος τοιαύτης μὴ ἀποσταίη, κελεύων τοῖσι νοσέουσι μηδὲν
					ὀχλεῖσθαι κατὰ διάνοιαν ἐν τῷ σπεύδειν ἀφικέσθαι ἐς καιρὸν σωτηρίης· ἡγεύμεθα
					γὰρ ἃ χρὴ ἐς τὴν ὑγιείην. καὶ προστασσόμενός γε οὐ διαμαρτήσει· αὐτοὶ μὲν γὰρ οἱ
					νοσέοντες διὰ τὴν ἀλγεινὴν διάθεσιν ἀπαυδέοντες ἑωυτούς τε <gap/> μεταλλάσσουσι
						<milestone ed="Loeb" n="10" unit="line"/> τῆς ζωῆς· ὁ δʼ ἐγκεχειρισμένος τὸν
					νοσέοντα, ἢν ἀποδείξῃ τὰ τῆς τέχνης ἐξευρήματα, σῴζων οὐκ ἀλλοιῶν φύσιν, ἀποίσει
					τὴν παρεοῦσαν <add>ἀθυμίην</add> ἢ τὴν παραυτίκα ἀπιστίην. ἡ γὰρ τοῦ ἀνθρώπου
					εὐεξίη φύσις τίς ἐστι φύσει περιπεποιημένη κίνησιν οὐκ ἀλλοτρίην, ἀλλὰ λίην γε
						<pb n="p.326"/> εὐαρμοστεῦσαν, πνεύματί τε καὶ θερμασίῃ καὶ χυμῶν
					κατεργασίῃ, πάντη τε καὶ πάσῃ διαίτῃ καὶ τοῖσι σύμπασι δεδημιουργημένη, ἢν μή τι
					ἐκ γενετῆς ἢ ἀπʼ ἀρχῆς ἔλλειμα ᾖ· ἢν δὲ γένηταί τι, <milestone ed="Loeb" n="20"
						unit="line"/> ἐξιτήλου ἐόντος, πειρᾶσθαι ἐξομοιοῦν τῇ ὑποκειμένῃ· παρὰ γὰρ
					φύσιν τὸ μινύθημα καὶ διὰ <milestone ed="Loeb" n="22" unit="line"/> χρόνου.</p>
			</div>
			<div n="10" type="section">
				<p>Φευκτέη δὲ καὶ θρύψις ἐπικρατίδων διὰ προσκύρησιν ἀκέσιος, ὀδμή τε περίεργος· διὰ
					γὰρ ἱκανὴν ἀσυνηθείην διαβολὴν κεκτήσει, διὰ δὲ ὀλίγην, εὐσχημοσύνην· ἐν γὰρ
					μέρει πόνος ὀλίγος, ἐν πᾶσι ἱκανός. εὐχαρίην δὲ οὐ περιαιρέω· <milestone
						ed="Loeb" n="6" unit="line"/> ἀξίη γὰρ ἰητρικῆς προστασίης.</p>
			</div>
			<div n="11" type="section">
				<p>προσθέσιος δὲ διʼ ὀργάνων καὶ σημαντικῶν ἐπιδείξιος, καὶ τῶν τοιουτοτρόπων μνήμην
						<milestone ed="Loeb" n="3" unit="line"/> παρεῖναι.</p>
			</div>
			<div n="12" type="section">
				<p>ἤν δὲ καὶ εἵνεκεν ὁμίλου θέλῃς ἀκρόασιν ποιήσασθαι, οὐκ ἀγακλεῶς ἐπιθυμεῖς, μὴ
					μέντοι γε μετὰ μαρτυρίης ποιητικῆς· ἀδυναμίην γὰρ ἐμφαίνει φιλοπονίης·
					ἀπαρνέομαι γὰρ ἐς χρῆσιν ἑτέρην φιλοπονίην μετὰ πόνου ἱστοριευμένην, διὸ ἐν
					ἑωυτῇ μούνῃ αἵρεσιν ἔχουσαν χαρίεσσαν· περιποιήσει γὰρ κηφῆνος μετὰ παραπομπῆς
						<milestone ed="Loeb" n="8" unit="line"/> ματαιοκοπίην.</p>
			</div>
			<pb n="p.328"/>
			<div n="13" type="section">
				<p>Εὐκτέη δὲ καὶ διάθεσις ἐκτὸς ἐοῦσα ὀψιμαθίης· παρεόντων μὲν οὐδὲν ἐπιτελεῖ·
					ἀπεόντων δὲ μνήμη ἀνεκτή. γίνεται τοίνυν πάμμαχος ἀτυχίη, μετὰ λύμης νεαρῆς,
					ἀφροντιστεῦσα εὐπρεπίης, ὁρισμοῖς τε καὶ ἐπαγγελίῃσιν, ὅρκοις τε παμμεγέθεσιν
					θεῶν εἵνεκεν, ἰητροῦ προστατέοντος νούσου, ἀναγνώσιος συνεχείης κατηχήσιός τε
					ἰδιωτέων φιλαλυστέων λόγους ἐκ μεταφορῆς διαζηλευομένων, καὶ πρὶν ἢ νούσῳ
						<milestone ed="Loeb" n="10" unit="line"/> καταπορέωσιν ἠθροισμένων. τῶν μὲν
					οὖν ταιούτων ὅποι ἂν καὶ ἐπιστατήσαιμι, οὐκ ἂν ἐπὶ θεραπείης συλλόγου αἰτήσαιμι
					ἂν θαρσαλέως βοηθείην· ἱστορίης γὰρ εὐσχήμονος σύνεσις ἐν τούτοις διεσπασμένη.
					τούτων οὖν διʼ ἀνάγκην ἀσυνέτων ἐόντων, παρακελεύομαι χρησίμην εἶναι τὴν τρίβην,
					μεθυστέρησιν δογμάτων ἱστορίης. τίς γὰρ ἐπιθυμεῖ δογμάτων μὲν πολυσχιδίην
					ἀτρεκέως ἐθέλων ἱστορεῖν, μετὰ δὲ χειροτριβίης ἀτρεμεότητα ; διὸ παραινέω
					τούτοις λέγουσι <milestone ed="Loeb" n="20" unit="line"/> μὲν προσέχειν,
					ποιέουσι δὲ ἐγκόπτειν.</p>
			</div>
			<div n="14" type="section">
				<p>Συνεσταλμένης διαίτης μὴ μακρὴν <pb n="p.330"/> ἐγχειρεῖν τοῦ κάμνοντος χρονίην
					ἐπιθυμίην· ἀνίστησι καὶ συγχωρίη ἐν χρονίῃ νούσῳ, ἤν τις προσέχῃ τυφλῷ τὸ δέον.
					ὡς μέγας φόβος φυλακτέος, καὶ χαρᾶς δεινότης. ἠέρος αἰφνιδίη ταραχὴ φυλακτέη.
					ἀκμὴ ἡλικίης πάντα ἔχει χαρίεντα, ἀπόληξις δὲ τοὐναντίον. ἀσαφίη δὲ γλώσσης
					γίνεται ἢ διὰ πάθος, ἢ διὰ τὰ ὦτα, ἢ πρὶν τὰ πρότερα ἐξαγγεῖλαι ἕτερα ἐπιλαλεῖν,
						<milestone ed="Loeb" n="10" unit="line"/> ἢ πρὶν τὸ διανενοημένον εἰπεῖν
					ἕτερα ἐπιδιανοεῖσθαι· τοῦτο μὲν οὖν ἄνευ πάθους ὁρατοῦ λελεγμένου μάλιστα
					συμβαίνει φιλοτεχνοῦσιν, ἡλικίης, σμικροῦ ἐόντος τοῦ ὑποκειμένου, δύναμις ἐνίοτε
					παμπολλή. νούσου ἀταξίη μῆκος σημαίνει· κρίσις δὲ ἀπόλυσις νούσου. σμικρὴ αἰτίη
					ἄκεσις γίνεται, ἢν μή τι περὶ τόπον καίριον πάθῃ. διότι συμπάθησις ὑπὸ λύπης
					ἐοῦσα ὀχλεῖ, ἐξ ἑτέρου συμπαθείης τινὲς <pb n="p.332"/> ὀχλεῦνται. καταύδησις
					λυπεῖ. φιλοπονίης κρα<milestone ed="Loeb" n="20" unit="line"/> ταιῆς
					ὑποπαραίτησις. † ἀλυώδης † τόπος <milestone ed="Loeb" n="21" unit="line"/>
					ὀνησιφόρος.</p>
			</div>


			<pb n="p.342"/>
		</body>
	</text>
</TEI>
