<?xml version="1.0" encoding="UTF-8"?>
<TEI xmlns="http://www.tei-c.org/ns/1.0">
	<teiHeader>
		<fileDesc>
			<titleStmt>
				<title>On the Sacred Disease </title>
				<author>Hippocrates</author>
				<editor>A. Littre</editor>
				<funder>National Library of Medicine History of Medicine Division</funder>
			</titleStmt>
			<publicationStmt>
				<publisher>Cultural Heritage Langauge Technologies</publisher>
				<pubPlace>Kansas City Missouri</pubPlace>
				<date>June 1, 2005</date>
			</publicationStmt>
			<sourceDesc>
				<biblStruct>
					<monogr>
						<title>Oeuvres Completes D'Hippocrate.</title>
						<author>Hippocrates</author>
						<editor>A. Littre</editor>
						<imprint>
							<pubPlace>Amsterdam</pubPlace>
							<publisher>Adolf M. Hakkert</publisher>
						</imprint>
					</monogr>
				</biblStruct>
			</sourceDesc>
		</fileDesc>
		<encodingDesc>
			<editorialDecl>
				<correction status="high">
					<p>Data Entry</p>
				</correction>
			</editorialDecl>
			<refsDecl>
				<refState unit="text"/>
				<refState n="chunk" unit="section"/>
			</refsDecl>
			<refsDecl n="text=Aph.">
				<refState unit="text"/>
				<refState unit="chapter"/>
				<refState n="chunk" unit="section"/>
			</refsDecl>
			<refsDecl>
				<refState unit="page"/>
			</refsDecl>
		</encodingDesc>
		<profileDesc>
			<langUsage>
				<language ident="greek">Greek</language>
				<language ident="en">English</language>
				<language ident="la">Latin</language>
			</langUsage>
		</profileDesc>
	</teiHeader>
	<text xml:lang="grc">
		<body>
			<head>ΠΕΡΙ ΙΕΡΗΣ ΝΟΥΣΟΥ.</head>
			<div n="1" type="section">
				<head>1.</head>
				<p>περὶ μὲν τῆς ἱερῆς νούσου καλεομένης ὧδʼ ἔχει· οὐδέν τί μοι δοκέει τῶν ἄλλων
					θειοτέρη εἶναι νούσων οὐδὲ ἱερωτέρη, ἀλλὰ φύσιν μὲν ἔχει ἣν καὶ τὰ λοιπὰ
					νουσήματα, ὅθεν γίνεται.</p>
				<p>φύσιν δὲ αὐτῇ καὶ πρόφασιν οἱ ἄνθρωποι ἐνόμισαν θεῖόν τι πρῆγμα εἶναι ὑπὸ
					ἀπειρίης καὶ θαυμασιότητος, ὅτι οὐδὲν ἔοικεν ἑτέρῃσι νούσοισιν· καὶ κατὰ μὲν τὴν
					ἀπορίην αὐτοῖσι τοῦ μὴ γινώσκειν τὸ θεῖον αὐτῇ διασώζεται, κατὰ δὲ τὴν
					εὐπορίην τοῦ τρόπου τῆς ἰήσιος ᾧ ἰῶνται, ἀπόλλυται, ὅτι καθαρμοῖσί τε ἰῶνται καὶ
					ἐπαοιδῇσιν.</p>
				<p>εἰ δὲ διὰ τὸ θαυμάσιον θεῖον νομιεῖται, πολλὰ τὰ ἱερὰ νουσήματα ἔσται καὶ οὐχὶ
					ἓν, ὡς ἐγὼ ἀποδείξω ἕτερα οὐδὲν ἧσσον ἐόντα θαυμάσια οὐδὲ τερατώδεα,</p>
				<pb n="354"/>
				<p>ἃ οὐδεὶς νομίζει ἱερὰ εἶναι.</p>
				<p>τοῦτο μὲν γὰρ οἱ πυρετοὶ οἱ ἀμφημερι νοὶ καὶ οἱ τριταῖοι καὶ οἱ τεταρταῖοι οὐδὲν
					ἧσσόν μοι δοκέουσιν. ἱεροὶ εἶναι καὶ ὑπὸ θεοῦ γίνεσθαι ταύτης τῆς νούσου, ὧν οὐ
					θαυμασίως γʼ ἔχουσιν· τοῦτο δὲ ὁρέω μαινομένους ἀνθρώπους καὶ παραφρονέοντας ἀπὸ
					μηδεμιῆς προφάσιος ἐμφανέος, καὶ πολλά τε καὶ ἄκαιρα ποιέοντας, ἔν τε τῷ ὕπνῳ
					οἶδα πολλοὺς οἰμώζοντας καὶ βοῶντας, τοὺς δὲ πνιγομένους, τοὺς δὲ καὶ
					ἀναΐσσοντάς τε καὶ φεύγοντας ἔξω καὶ παραφρονέοντας μέχρις ἂν ἐπέγρωνται, ἔπειτα
					δὲ ὁγιέας ἐόντας καὶ φρονέοντας ὥσπερ καὶ πρότερον, ἐόντας τʼ αὐτέους ὠχρούς τε
					καὶ ἀσθενέας, καὶ ταῦτα οὐχ ἅπαξ, ἀλλὰ πολλάκις, ἄλλα τε πολλά ἐστι καὶ
					παντοδαπὰ ὧν περὶ ἑκάστου λέγειν πουλὺς ἂν εἴη λόγος.</p>
				<p>ἐμοὶ δὲ δοκέουσιν οἱ πρῶτοι τοῦτο τὸ νόσημα ἀφιερώσαντες τοιοῦτοι εἶναι ἄνθρωποι
					οἷοι καὶ νῦν εἰσι μάγοι τε καὶ καθάρται καὶ ἀγύρται καὶ ἀλαζόνες, ὁκόσοι δὴ
					προσποιέονται σφόδρα θεοσεβέες εἶναι καὶ πλέον τι εἰδέναι.</p>
				<p>οὗτοι τοίνυν παραμπεχόμενοι καὶ προβαλλόμενοι τὸ θεῖον τῆς ἀμηχανίης τοῦ μὴ
					ἴσχειν ὅ τι προσενέγκαντες ὠφελήσουσιν, ὡς μὴ κατάδηλοι ἔωσιν οὐδὲν ἐπιστάμενοι,
					ἱερὸν ἐνόμισαν τοῦτο τὸ πάθος εἶναι, καὶ λόγους ἐπιλέξαντες ἐπιτηδείους τὴν
					ἴησιν κατεστήσαντο ἐς τὸ ἀσφαλὲς σφίσιν αὐτοῖσι, καθαρμοὺς προσφέροντες καὶ
					ἐπαοιδὰς, λουτρῶν τε ἀπέχεσθαι κελεύοντες καὶ ἐδεσμάτων πολλῶν καὶ ἀνεπιτηδείων
					ἀνθρώποισι νοσέουσιν</p>
				<pb n="356"/>
				<p>ἐσθίειν, θαλασσίων μὲν τρίγλης, μελανούρου, κεστρέος, ἐγχέλυος ?̔οὗτοι γὰρ οἱ
					ἰχθύες εἰσὶν ἐπικαιρότατοἰ, κρεῶν δὲ αἰγείου καὶ ἐλάφων καὶ χοιρίων καὶ
					κυνὸς?̔ταῦτα γὰρ κρεῶν ταρακτικώτατά ἐστι τῆς κοιλίης̓, ὀρνίθων δὲ ἀλεκτρυόνος
					καὶ τρυγόνος καὶ ὠτίδος, ἔτι δὲ ὅσα νομίζεται ἰσχυρότατα εἶναι, λαχάνων δὲ
					μίνθης, σκορόδου καὶ κρομύου?̔δριμὺ γὰρ ἀσθενέοντι οὐδὲν ξυμφέρεἰ, ἱμάτιον δὲ
					μέλαν μὴ ἔχειν?̔θανατῶδες γὰρ τὸ μέλαν̓, μηδὲ ἐν αἰγείῳ κατακέεσθαι δέρματι μηδὲ
					φορέειν, μηδὲ πόδα ἐπὶ ποδὶ ἔχειν, μηδὲ χεῖρα ἐπὶ χειρὶ?̔ταῦτα γὰρ πάντα
					κωλύματα εἶναἰ.</p>
				<p>ταῦτα δὲ πάντα τοῦ θείου εἵνεκεν προστιθέασιν, ὡς πλέον τι εἰδότες καὶ ἄλλας
					προφάσιας λέγοντες, ὅκως, εἰ μὲν ὑγιὴς γένοιτο, αὐτῶν ἡ δόξα εἴη καὶ ἡ δεξιότης,
					εἰ δὲ ἀποθάνοι, ἐν ἀσφαλεῖ καθισταῖντο αὐτῶν αἱ ἀπολογίαι καὶ ἔχοιεν πρόφασιν ὡς
					οὐκ αἴτιοί εἰσιν αὐτοὶ, ἀλλʼ οἱ θεοί· οὔτε γὰρ φαγέειν οὔτε πιέειν ἔδοσαν
					φάρμακον οὐδὲν, οὔτε λουτροῖσι καθήψησαν, ὥστε δοκέειν αἴτιον εἶναι.</p>
				<p>ἐγὼ δὲ δοκέω Λιβύων τῶν τὴν μεσόγειον οἰκεόντων οὐδένα ὑγιαίνειν, ὅτι ἐν
					αἰγείοισι δέρμασι κατακέονται καὶ κρέασιν αἰγείοισι χρῶνται, ἐπεὶ οὐκ ἔχουσιν
					οὔτε στρῶμα οὔτε ἱμάτιον οὔτε ὑπόδημα ὅ τι μὴ αἴγειόν ἐστιν· οὐ γάρ ἐστιν
					αὐτοῖς</p>
				<pb n="358"/>
				<p>ἄλλο προβάτιον οὐδὲν ἢ αἶγες καὶ βόες.</p>
				<p>εἰ δὲ ταῦτα προσφερόμενα καὶ ἐσθιόμενα τὴν νοῦσον τίκτει τε καὶ αὔξει καὶ μὴ
					ἐσθιόμενα ἰῆται, οὐκ ἐστὶν ἄρα ὁ θεὸς αἴτιος οὐδενὸς, οὐδὲ οἱ καθαρμοὶ
					ὠφελέουσιν, ἀλλὰ τὰ ἐδέσματα τὰ ἰώμενά ἐστι καὶ τὰ βλάπτοντα, τοῦ δὲ θείου
					ἀφανίζεται ἡ δύναμις.</p>
				<p>οὕτως οὖν ἔμοιγε δοκέουσιν οἵτινες τούτῳ τῷ τρόπῳ ἐγχειρέουσιν ἰῆσθαι ταῦτα τὰ
					νοσήματα, οὔτε ἱερὰ νομίζειν εἶναι οὔτε θεῖα· ὅκου γὰρ ὑπὸ καθαρμῶν τοιούτων
					μετάστατα γίνεται καὶ ὑπὸ θεραπείης τοιῆσδε, τί κωλύει καὶ ὑφʼ ἑτέρων τεχνημάτων
					ὁμοίων τούτοισιν ἐπιγίνεσθαι τοῖσιν ἀνθρώποισι καὶ προσπίπτειν; ὥστε μηκέτι τὸ
					θεῖον αἴτιον εἶναι, ἀλλά τι ἀνθρώπινον.</p>
				<p>ὅστις γὰρ οἷός τε περικαθαίρων ἐστὶ καὶ μαγεύων ἀπάγειν τοιοῦτον πάθος, οὗτος κἂν
					ἐπάγοι ἕτερα τεχνησάμενος, καὶ ἐν τούτῳ τῷ λόγῳ τὸ θεῖον ἀπόλλυται.</p>
				<p>τοιαῦτα λέγοντες καὶ μηχανεύμενοι προσποιέονται πλέον τι εἰδέναι, καὶ ἀνθρώπους
					ἐξαπατέουσι προστιθέμενοι τούτοισιν ἁγνείας τε καὶ καθαρότητας, ὅ τε πουλὺς
					αὐτοῖσι τοῦ λόγου ἐς τὸ θεῖον ἀφήκει καὶ τὸ δαιμόνιον.</p>
				<p>καίτοι ἔμοιγε οὐ περὶ εὐσεβείης δοκέουσι τοὺς λόγους ποιέεσθαι, ὡς οἴονται, ἀλλὰ
					περὶ δυσσεβείης μᾶλλον, καὶ ὡς οἱ θεοὶ οὐκ εἰσὶ, τό τε εὐσεβὲς καὶ θεῖον αὐτῶν
					ἀσεβὲς καὶ ἀνόσιόν ἐστιν, ὡς ἐγὼ διδάξω.</p>
				<p>εἰ γὰρ σελήνην τε καθαιρέειν καὶ ἥλιον ἀφανίζειν καὶ χειμῶνά τε καὶ εὐδίην
					ποιέειν καὶ ὄμβρους καὶ αὐχμοὺς καὶ θάλασσαν ἄφορον καὶ γῆν καὶ τἄλλα</p>
				<pb n="360"/>
				<p>τὰ τοιουτότροπα πάντα ὑποδέχονται ἐπίστασθαι, εἴτε καὶ ἐκ τελετέων εἴτε καὶ ἐξ
					ἄλλης τινὸς γνώμης ἢ μελέτης φασὶν ταῦτα οἷόν τʼ εἶναι γενέσθαι οἱ ταῦτʼ
					ἐπιτηδεύοντες, δυσσεβέειν ἔμοιγε δοκέουσι καὶ θεοὺς οὔτε εἶναι νομίζειν οὔτʼ
					ἐόντας ἰσχύειν οὐδὲν οὔτε εἴργεσθαι ἂν οὐδενὸς τῶν ἐσχάτων, ὧν ποιέοντες πῶς οὐ
					δεινοὶ αὐτοῖσίν εἰσιν; εἰ γὰρ ἄνθρωπος μαγεύων τε καὶ θύων σελήνην τε καθαιρήσει
					καὶ ἥλιον ἀφανιεῖ καὶ χειμῶνα καὶ εὐδίην ποιήσει, οὐκ ἂν ἔγωγέ τι θεῖον
					νομίσαιμι τούτων εἶναι, ἀλλʼ ἀνθρώπινον, εἰ δὴ τοῦ θείου ἡ δύναμις ὑπὸ ἀνθρώπου
					γνώμης κρατέεται καὶ δεδούλωται.</p>
				<p>ἴσως δὲ οὐχ οὕτως ἔχει ταῦτα, ἀλλʼ ἄνθρωποι βίου δεόμενοι πολλὰ καὶ παντοῖα
					τεχνέονται καὶ ποικίλλουσιν ἔς τε τἄλλα πάντα καὶ ἐς τὴν νοῦσον ταύτην, ἑκάστῳ
					εἴδει τοῦ πάθεος θεῷ τὴν αἰτίην προστιθέντες.</p>
				<p>οὐ γὰρ καθάπαξ, ἀλλὰ πλεονάκις ταῦτα μέμνηνται· κἢν μὲν γὰρ αἶγα μιμῶνται, κἢν
					βρύχωνται, κἢν τὰ δεξιὰ σπῶνται, μητέρα θεῶν φασὶν αἰτίην εἶναι.</p>
				<p>ἢν δὲ ὀξύτερον καὶ εὐτονώτερον φθέγγηται, ἵππῳ εἰκάζουσι, καὶ φασὶ Ποσειδῶνα
					αἴτιον εἶναι.</p>
				<p>ἢν δὲ καὶ τῆς κόπρου τι παρέῃ, ὃ πολλάκις γίνεται ὑπὸ τῆς νούσου
					βιαζομένοισιν,</p>
				<pb n="362"/>
				<p>Ἐνοδίου πρόσκειται ἡ προσωνυμίη· ἢν δὲ λεπτότερον καὶ πυκνότερον, οἷον ὄρνιθες,
					Ἀπόλλων νόμιος.</p>
				<p>ἢν δὲ ἀφρὸν ἐκ τοῦ στόματος ἀφίῃ καὶ τοῖσι ποσὶ λακτίζῃ, Ἄρης τὴν αἰτίην
					ἔχει.</p>
				<p>ὁκόσα δὲ δείματα νυκτὸς παρίσταται καὶ φόβοι καὶ παράνοιαι καὶ ἀναπηδήσιες ἐκ τῆς
					κλίνης καὶ φόβητρα καὶ φεύξιες ἔξω, Ἑκάτης φασὶν εἶναι ἐπιβολὰς καὶ ἡρώων
					ἐφόδους.</p>
				<p>Καθαρμοῖσί τε χρέονται καὶ ἐπαοιδῇσι, καὶ ἀνοσιώτατόν γε καὶ ἀθεώτατον ποιέουσιν,
					ὡς ἔμοιγε δοκέει, τὸ θεῖον· καθαίρουσι γὰρ τοὺς ἐχομένους τῇ νούσῳ αἵματί τε καὶ
					ἄλλοισι τοιούτοισιν ὥσπερ μίασμά τι ἔχοντας, ἢ ἀλάστορας, ἢ πεφαρμαγμένους ὑπὸ
					ἀνθρώπων, ἤ τι ἔργον ἀνόσιον εἰργασμένους, οὓς ἐχρῆν τἀναντία τούτοισι ποιέειν,
					θύειν τε καὶ εὔχεσθαι καὶ ἐς τὰ ἱερὰ φέροντας ἱκετεύειν τοὺς θεούς· νῦν δὲ
					τούτων μὲν ποιέουσιν οὐδὲν, καθαίρουσι δέ.</p>
				<p>καὶ τὰ μὲν τῶν καθαρμῶν γῇ κρύπτουσι, τὰ δὲ ἐς θάλασσαν ἐμβάλλουσι, τὰ δὲ ἐς τὰ
					οὔρεα ἀποφέρουσιν, ὅπη μηδεὶς ἅψεται μηδὲ ἐπιβήσεται· τὰ δʼ ἐχρῆν ἐς τὰ ἱερὰ
					φέροντας τῷ θεῷ ἀποδοῦναι, εἰ δὴ θεός γέ ἐστιν αἴτιος.</p>
				<p>οὐ μέντοι ἔγωγε ἀξιῶ ὑπὸ θεοῦ ἀνθρώπου σῶμα μιαίνεσθαι, τὸ ἐπικηρότατον ὑπὸ τοῦ
					ἁγνοτάτου·</p>
				<pb n="364"/>
				<p>ἀλλὰ κἢν τυγχάνῃ ὑπὸ ἑτέρου μ<unclear/>ασμένον ἠ τι πεπονθὸς, ἐθέλοι ἂν ὑπὸ τοῦ
					θεοῦ καθαίρεσθαι καὶ ἁγνίζεσθαι μᾶλλον ἢ μιαίνεσθαι.</p>
				<p>τὰ γοῦν μέγιστα τῶν ἁμαρτημάτων καὶ ἀνοσιώτατα τὸ θεῖόν ἐστι τὸ καθαῖρον καὶ
					ἁγνίζον καὶ Ῥύμμα γινόμενον ἡμῖν, αὐτοί τε ὅρους τοῖσι θεοῖσι τῶν ἱερῶν καὶ τῶν
					τεμενέων ἀποδεικνύμενοι, ὡς ἂν μηδεὶς ὑπερβαίνῃ ἢν μὴ ἁγνεύῃ, εἰσιόντες τε ἡμεῖς
					περιῤῬαινόμεθα οὐχ ὡς μιαινόμενοι, ἀλλʼ εἴ τι καὶ πρότερον ἔχομεν μύσος, τοῦτο
					ἀφαγνιούμενοι.</p>
				<p>καὶ περὶ μὲν τῶν καθαρμῶν οὕτω μοι δοκέει ἔχειν.</p>
			</div>
			<div n="2" type="section">
				<head>2.</head>
				<p>τὸ δὲ νούσημα τοῦτο οὐδέν τί μοι δοκέει θειότερον εἶναι τῶν λοιπῶν, ἀλλὰ φύσιν
					μὲν ἔχει ἣν καὶ τὰ ἄλλα νουσήματα, καὶ πρόφασιν ὅθεν ἕκαστα γίνεται· φύσιν δὲ
					τοῦτο καὶ πρόφασιν ἀπὸ ταὐτοῦ τὸ θεῖον γίνεσθαι ἀφʼ ὅτου καὶ τἄλλα πάντα, καὶ
					ἰητὸν εἶναι, καὶ οὐδὲν ἧσσον ἑτέρων, ὅ τι ἂν μὴ ἤδη ὑπὸ χρόνου πολλοῦ
					καταβεβιασμένον ἔῃ, ὥστε ἤδη εἶναι ἰσχυρότερον τῶν φαρμάκων τῶν
					προσφερομένων.</p>
				<p>ἄρχεται δὲ ὥσπερ καὶ τἄλλα νουσήματα κατὰ γένος· εἰ γὰρ ἐκ φλεγματώδεος
					φλεγματώδης, καὶ ἐκ χολώδεος χολώδης γίνεται, καὶ ἐκ φθινώδεος φθινώδης, καὶ ἐκ
					σπληνώδεος σπληνώδης, τί κωλύει ὅτῳ πατὴρ καὶ μήτηρ εἴχετο, τούτῳ τῷ νοσήματι
					καὶ τῶν ἐκγόνων ἔχεσθαί τινα; ὡς ὁ γόνος ἔρχεται πάντοθεν τοῦ σώματος, ἀπό τε
					τῶν ὑγιηρῶν ὑγιηρὸς, ἀπό τε τῶν νοσερῶν νοσερός.</p>
				<p>ἕτερον δὲ μέγα τεκμήριον ὅτι οὐδὲν θειότερόν ἐστι τῶν λοιπῶν νουσημάτων·</p>
				<pb n="366"/>
				<p>τοῖσι γὰρ φλεγματώδεσι φύσει γίνεται· τοῖσι δὲ χολώδεσιν οὐ προσπίπτει· καίτοι εἰ
					θειότερόν ἐστι τῶν ἄλλων, τοῖσιν ἅπασιν ὁμοίως ἔδει γίνεσθαι τὴν νοῦσον ταύτην,
					καὶ μὴ διακρίνειν μήτε χολώδεα μήτε φλεγματώδεα.</p>
			</div>
			<div n="3" type="section">
				<head>3.</head>
				<p>ἀλλὰ γὰρ αἴτιος ὁ ἐγκέφαλος τούτου τοῦ πάθεος, ὥσπερ καὶ τῶν ἄλλων νουσημάτων τῶν
					μεγίστων· ὁτέῳ δὲ τρόπῳ καὶ ἐξ οἵης προφάσιος γίνεται, ἐγὼ φράσω σαφέως.</p>
				<p>ὁ ἐγκέφαλος τοῦ ἀνθρώπου ἐστὶ διπλόος ὥσπερ καὶ τοῖσιν ἄλλοισι ζώοισιν ἅπασιν· τὸ
					δὲ μέσον αὐτοῦ διείργει μῆνιγξ λεπτή· διὸ οὐκ αἰεὶ κατὰ τωὐτὸ τῆς κεφαλὴς
					ἀλγέει, ἀλλʼ ἐν μέρει ἑκάτερον, ὁτὲ δὲ ἅπασαν.</p>
				<p>καὶ φλέβες δʼ ἐς αὐτὸν τείνουσιν ἐξ ἅπαντος τοῦ σώματος, πολλαὶ καὶ λεπταὶ, δύο
					δὲ παχεῖαι, ἡ μὲν ἀπὸ τοῦ ἥπατος, ἡ δὲ ἀπὸ τοῦ σπληνός.</p>
				<p>καὶ ἡ μὲν ἀπὸ τοῦ ἥπατος ὧδʼ ἔχει· τὸ μέν τι τῆς φλεβὸς κάτω τείνει διὰ τῶν ἐπὶ
					δεξιὰ παρʼ αὐτὸν τὸν νεφρὸν καὶ τὴν ψυὴν ἐς τὸ ἐντὸς τοῦ μηροῦ, καὶ καθήκει ἐς
					τὸν πόδα, καὶ καλέεται κοίλη φλέψ· ἡ δὲ ἑτέρη ἄνω τείνει διὰ φρενῶν τῶν δεξιῶν
					καὶ τοῦ πλεύμονος· ἀπέσχισται δὲ καὶ ἐς τὴν καρδίην καὶ ἐς τὸν βραχίονα τὸν
					δεξιόν· τὸ δὲ λοιπὸν ἄνω φέρει διὰ τῆς κληῗδος ἐς τὰ δεξιὰ τοῦ αὐχένος, ἐς αὐτὸ
					τὸ δέρμα, ὥστε κατάδηλός εἶναι· παρὰ δὲ τὸ οὖς κρύπτεται καὶ ἐνταῦθα σχίζεται,
					καὶ τὸ μὲν παχύτατον καὶ μέγιστον καὶ κοιλότατον ἐς τὸν ἐγκέφαλον τελευτᾷ, τὸ δὲ
					ἐς τὸ οὖς τὸ δεξιὸν φλέβιον λεπτὸν, τὸ δὲ ἐς τὸν ὀφθαλμὸν τὸν δεξιὸν, τὸ δὲ ἐς
					τὸν μυκτῆρα.</p>
				<p>ἀπὸ μὲν τοῦ ἥπατος οὕτως ἔχει τῶν φλεβῶν.</p>
				<p>διατέταται δὲ καὶ ἀπὸ τοῦ σπληνὸς φλὲψ ἐς τὰ ἀριστερὰ καὶ κάτω καὶ ἄνω, ὥσπερ καὶ
					ἀπὸ τοῦ ἥπατος, λεπτοτέρη δὲ καὶ ἀσθενεστέρη.</p>
			</div>
			<pb n="368"/>
			<div n="4" type="section">
				<head>4.</head>
				<p>κατὰ ταύτας δὲ τὰς φλέβας καὶ ἐσαγόμεθα τὸ πουλὺ τοῦ πνεύματος· αὗται γὰρ ἡμέων
					εἰσὶν ἀναπνοαὶ τοῦ σώματος τὸν ἠέρα ἐς σφᾶς ἕλκουσαι, καὶ ἐς τὸ σῶμα τὸ λοιπὸν
					ὀχετεύουσι κατὰ τὰ φλέβια, καὶ ἀναψύχουσι καὶ πάλιν ἀφιᾶσιν.</p>
				<p>οὐ γὰρ οἷόν τε τὸ πνεῦμα στῆναι, ἀλλὰ χωρέει ἄνω καὶ κάτω· ἢν γὰρ στῇ που καὶ
					ἀποληφθῇ, ἀκρατὲς γίνεται ἐκεῖνο τὸ μέρος ὅπου ἂν στῇ· τεκμήριον δέ· ὁκόταν
					καθημένῳ ἢ κατακειμένῳ φλέβια πιεσθῇ, ὥστε τὸ πνεῦμα μὴ διεξιέναι διὰ τῆς
					φλεβὸς, εὐθὺς νάρκη ἔχει.</p>
				<p>περὶ μὲν τῶν φλεβῶν καὶ τῶν λοιπῶν οὕτως ἔχει.</p>
			</div>
			<div n="5" type="section">
				<head>5.</head>
				<p>ἡ δὲ νοῦσος αὕτη γίνεται τοῖσι μὲν φλεγματίῃσι, τοῖσι δὲ χολώδεσιν οὔ.</p>
				<p>ἄρχεται δὲ φύεσθαι ἐπὶ τοῦ ἐμβρύου ἔτι ἐν τῇ μήτρῃ ἐόντος· καθαίρεται γὰρ καὶ
					ἀνθέει, ὥσπερ τἄλλα μέρεα, πρὶν γενέσθαι, καὶ ὁ ἐγκέφαλος.</p>
				<p>ἐν ταύτῃ δὲ τῇ καθάρσει ἢν μὲν καλῶς καὶ μετρίως καθαρθῇ καὶ μήτε πλέον μήτε
					ἔλασσον τοῦ δέοντος ἀποῤῬυῇ, οὕτως ὑγιεινοτάτην τὴν κεφαλὴν ἔχει· ἢν δὲ πλέονα
					Ῥυῇ ἀπὸ παντὸς τοῦ ἐγκεφάλου καὶ ἀπότηξις πολλὴ γένηται, νοσώδεά τε τὴν κεφαλὴν
					ἕξει αὐξόμενος καὶ ἤχου πλέην, καὶ οὔτε ἥλιον οὔτε ψῦχος ἀνέξεται· ἢν δὲ ἀπὸ
					ἑνός τινος γένηται ἢ ὀφθαλμοῦ ἢ ρὔατος, ἢ φλέψ τις συνισχνανθῇ, ἐκεῖνο κακοῦται
					τὸ μέρος, ὁκοίως ἂν καὶ</p>
				<pb n="370"/>
				<p>τῆς ἀποτήξιος ἔχῃ· ἢν δὲ κάθαρσις μὴ ἐπιγένηται, ἀλλὰ ξυστ ρ<unclear/>ῇ τῷ
					ἐγκεφάλῳ, οὕτως ἀνάγκη φλεγματώδεα εἶναι.</p>
				<p>καὶ ὁκάσο<unclear/>σι μὲν παιδίοισιν ἐοῦσιν ἐξανθέει ἕλκεα ἐς τὴν κεφαλὴν καὶ ἐς
					τὰ οὔατα καὶ ἐς τὸν ἄλλον χρῶτα, καὶ σιαλώδεα γίνεται καὶ μυξόῤῬοα, ταῦτα μὲν
					Ῥήϊστα διάγει προϊούσης τῆς ἡλικίης· ἐνταῦθα γὰρ ἀφίει καὶ ἐκκαθαίρεται τὸ
					φλέγμα, ὃ ἐχρῆν ἐν τῇ μήτρῃ καθαρθῆναι· καὶ τὰ οὕτω καθαρθέντα οὐκ ἐπίληπτα
					γίνεται ταύτῃ τῇ νούσῳ ὡς ἐπὶ τὸ πουλύ.</p>
				<p>ὁκόσα δὲ καθαρά ἐστι, καὶ μήθʼ ἕλκος μηδὲν μήτε μύξα μήτε σίελον αὐτοῖς
					προέρχεται μηδὲν, μήτε ἐν τῇσι μήτρῃσι πεποίηται. τὴν κάθαρσιν, τούτοισιν
					ἐπικίνδυνόν ἐστιν ἁλίσκεσθαι ὑπὸ ταύτης τῆς νούσου.</p>
			</div>
			<div n="6" type="section">
				<head>6.</head>
				<p>ἢν δὲ ἐπὶ τὴν καρδίην ποιήσηται ὁ κατάῤῬοος τὴν πορείην, παλμὸς ἐπιλαμβάνει καὶ
					ἄσθματα, καὶ τὰ στήθεα διαφθείρεται, ἔνιοι δὲ καὶ κυφοὶ γίνονται· ὁκόταν γὰρ
					ἐπικατέλθῃ τὸ φλέγμα ψυχρὸν ἐπὶ τὸν πλεύμονα ἢ ἐπὶ τὴν καρδίην, ἀποψύχεται τὸ
					αἷμα· αἱ δὲ φλέβες πρὸς βίην ψυχόμεναι πρὸς τῷ πλεύμονι καὶ τῇ καρδίῃ πηδῶσι,
					καὶ ἡ καρδίη πάλλεται, ὥστε ὑπὸ τῆς ἀνάγκης ταύτης τὰ ἄσθματα ἐπιπίπτειν καὶ τὴν
					ὀρθοπνοίην.</p>
				<p>οὐ γὰρ δέχεται τὸ πνεῦμα ὅσον ἐθέλει, μέχρις ἂν κρατηθῇ τοῦ φλέγματος τὸ
					ἐπιῤῬυὲν καὶ διαθερμανθὲν διαχυθῇ ἐς τὰς φλέβας· ἔπειτα παύεται τοῦ παλμοῦ καὶ
					τοῦ ἄσθματος· παύεται δὲ ὅκως ἂν τοῦ πλήθεος ἔχῃ· ἢν μὲν γὰρ πλέον ἐπικαταῤῬυῇ,
					σχολαίτερον, ἢν δὲ ἔλασσον, θᾶσσον· καὶ ἢν μὲν</p>
				<pb n="372"/>
				<p>πυκνότεροι ἔωσιν οἱ κατάῤῬοοι, πυκνότερα ἐπίληπτος γίνεται, ἢν δὲ μὴ,
					ἀραιότερα.</p>
				<p>Τάῦτα μὲν οὖν πάσχει, ἢν ἐπὶ τὸν πλεύμονα καὶ τὴν καρδίην ἴῃ· ἢν δὲ ἐς τὴν
					κοιλίην, διάῤῬοιαι λαμβάνουσιν.</p>
			</div>
			<div n="7" type="section">
				<head>7.</head>
				<p>ἢν δὲ τουτέων μὲν τῶν ὁδῶν ἀποκλεισθῇ, ἐς δὲ τὰς φλέβας, ἃς προείρηκα, τὸν
					κατάῤῬοον ποιήσηται, ἄφωνός τὲ γίνεται καὶ πνίγεται, καὶ ἀφρὸς ἐκ τοῦ στόματος
					ἐκρέει, καὶ οἱ ὁδόντες συνηρείκασι, καὶ αἱ χεῖρες συσπῶνται, καὶ τὰ ὄμματα
					διαστρέφονται, καὶ οὐδὲν φρονέουσιν, ἐνίοισι δὲ καὶ ὑποχωρέει ἡ κόπρος κάτω· καὶ
					ταῦτα γίνεται ὁτὲ μὲν ἐς τὰ ἀριστερὰ, ὁτὲ δὲ ἐς τὰ δεξιὰ, ὁτὲ δὲ ἐς
					ἀμφότερα.</p>
				<p>ὅκως δὲ τούτων ἕκαστον πάσχει ἐγὼ φράσω· ἄφωνος μέν ἐστιν ὁκόταν ἐξαίφνης τὸ
					φλέγμα ἐπικατελθὸν ἐς τὰς φλέβας ἀποκλείσῃ τὸν ἠέρα καὶ μὴ παραδέχηται μήτε ἐς
					τὸν ἐγκέφαλον μήτε ἐς τὰς φλέβας τὰς κοίλας μήτε ἐς τὰς κοιλίας, ἀλλʼ ἐπιλάβῃ
					τὴν ἀναπνοήν· ὅταν γὰρ λάβῃ ἄνθρωπος κατὰ τὸ στόμα καὶ τοὺς μυκτῆρας τὸ πνεῦμα,
					πρῶτον μὲν ἐς τὸν ἐγκέφαλον ἔρχεται, ἔπειτα δὲ ἐς τὴν κοιλίην τὸ πλεῖστον μέρος,
					τὸ δὲ ἐπὶ τὸν πλεύμονα, τὸ δὲ ἐπὶ τὰς φλέβας.</p>
				<p>ἐκ τουτέων δὲ σκίδναται ἐς τὰ λοιπὰ μέρεα κατὰ τὰς φλέβας· καὶ ὅσον μὲν ἐς τὴν
					κοιλίην ἔρχεται, τοῦτο μὲν τὴν κοιλίην διαψύχει, καὶ ἄλλο τι οὐδὲν ξυμβάλλεται·
					ὁ δʼ ἐς τὸν πλεύμονά τε καὶ τὰς φλέβας ἀὴρ ξυμβάλλεται ἐς τὰς κοιλίας ἐσιὼν καὶ
					ἐς τὸν ἐγκέφαλον, καὶ οὕτω τὴν φρόνησιν καὶ τὴν κίνησιν τοῖσι μέλεσι παρέχει,
					ὥστε, ἐπειδὰν ἀποκλεισθῶσιν αἱ φλέβες τοῦ ἠέρος ὑπὸ τοῦ φλέγματος</p>
				<pb n="374"/>
				<p>καὶ μὴ παραδέχωνται, ἄφωνον καθιστᾶσι καὶ ἄφρονα τὸν ἄνθρωπον.</p>
				<p>αἱ δὲ χεῖρες ἀκρατέες γίνονται καὶ σπῶνται, τοῦ αἵματος ἄτρεμίσαντος καὶ μὴ
					διαχεομένου ὥσπερ εἰώθει.</p>
				<p>καὶ οἱ ὀφθαλμοὶ διαστρέφονται, τῶν φλεβίων ἀποκλειομένων τοῦ ἠέρος καὶ
					σφυζόντων.</p>
				<p>ἀφρὸς δὲ ἐκ τοῦ στόματος προέρχεται ἐκ τοῦ πλεύμονος· ὅταν γὰρ τὸ πνεῦμα μὴ ἐσίῃ
					ἐς αὐτὸν, ἀφρέει καὶ ἀναβλύει ὥσπερ ἀποθνήσκων.</p>
				<p>ἡ δὲ κόπρος ὑπέρχεται ὑπὸ βίης πνιγομένου· πνίγεται δὲ τοῦ ἥπατος καὶ τῆς κοιλίης
					ἄνω πρὸς τὰς φρένας προσπεπτωκότων καὶ τοῦ στομάχου τῆς γαστρὸς ἀπειλημμένου·
					προσπίπτει δὲ ὁκόταν τὸ πνεῦμα μὴ ἐσίῃ ἐσίῃ ἐς τὸ στόμα ὅσον εἰώθει.</p>
				<p>λακτίζει δὲ τοῖσι ποσὶν, ὁκόταν ὁ ἀὴρ ἀποκλεισθῇ ἐν τοῖσι μέλεσι καὶ μὴ οἷός τε
					ἔῃ διεκδῦναι ἔξω ὑπὸ τοῦ φλέγματος· ἀΐσσων δὲ διὰ τοῦ αἵματος ἄνω καὶ κάτω
					σπασμὸν ἐμποιέει καὶ ὀδύνην, διὸ λακτίζει.</p>
				<p>ταῦτα δὲ πάσχει πάντα, ὁκόταν τὸ φλέγμα ψυχρὸν παραῤῬυῇ ἐς τὸ αἷμα θερμὸν ἐόν·
					ἀποψύχει γὰρ καὶ ἵστησι τὸ αἷμα· κἢν μὲν τὸ Ῥεῦμα πουλὺ ἔῃ καὶ παχὺ, αὐτίκα
					ἀποκτείνει· κρατέει γὰρ τοῦ αἵματος τῷ ψύχει καὶ πήγνυσιν· ἢν δὲ ἔλασσον ἔῃ, πὸ
					μὲν παραυτίκα κρατέει ἀποφράξαν τὴν ἀναπνοήν· ἔπειτα τῷ χρόνῳ ὁκόταν σκεδασθῇ
					κατὰ τὰς φλέβας καὶ μιγῇ τῷ αἵματι πολλῷ ἐόντι καὶ θερμῷ, ἢν κρατηθῇ οὕτως,
					ἐδέξαντο τὸν ἠέρα αἱ φλέβες, καὶ ἐφρόνησαν.</p>
			</div>
			<div n="8" type="section">
				<head>8.</head>
				<p>καὶ ὁκόσα μὲν παιδία σμικρὰ κατάληπτα γίνεται τῇ νούσῳ ταύτῃ, τὰ πολλὰ ἀποθνήσει,
					ἢν πουλὺ τὸ Ῥεῦμα ἐπιγένηται καὶ νότιον ἔῃ· τὰ γὰρ φλέβια λεπτὰ ἐόντα οὐ
					δύναται παραδέχεσθαι τὸ</p>
				<pb n="376"/>
				<p>φλέγμα ὑπὸ πάχεος καὶ πλήθεος, ἀλλʼ ἀποψύχεται καὶ πήγνυται τὸ αἷμα, καὶ οὕτως
					ἀποθνήσκει.</p>
				<p>ἢν δὲ ὀλίγον ἐὸν ἐς ἀμφοτέρας τὰς φλέβας τὸν κατάῤῬοον ποιήσηται, ἢ ἐς τὰς ἐπὶ
					θάτερα, περιγίνεται ἐπίσημα ἐόντα· ἢ γὰρ στόμα παρέσπασται ἢ ὀφθαλμὸς ἢ αὐχὴν ἢ
					χεὶρ, ὁκόθεν ἂν τὸ φλέβιον πληρωθὲν τοῦ φλέγματος κρατηθῆ καὶ ἀπισχνωθῇ.</p>
				<p>τούτῳ οὖν τῷ φλεβίῳ ἀνάγκη ἀσθενέστερον εἶναι καὶ ἐνδεέστερον τοῦτο τοῦ σώματος
					τὸ βλαβέν· ἐς δὲ τὸν πλείονα χρόνον ὠφελέει ὡς ἐπὶ τὸ πουλύ· οὐ γὰρ ἔτι
					ἐπίληπτον γίνεται, ἢν ἅπαξ ἐπισημανθῇ, διὰ τόδε ὑπὸ τῆς ἀνάγκης ταύτης αἱ φλέβες
					αἱ λοιπαὶ κακοῦνται καὶ μέρος τι συνισχναίνονται, ὡς τὸν μὲν ἠέρα δέχεσθαι, τὸν
					δὲ τοῦ φλέγματος κατάῤῬοον μηκέτι ὁμοίως ἐπικαταῤῬέειν· ἀσθενέστερα μέντοι τὰ
					μέλεα εἰκὸς εἶναι, τῶν φλεβῶν κακωθεισέων.</p>
				<p>Ὁκόσοισι δʼ ἂν βόρειόν τε καὶ πάνυ ὀλίγον παραῤῬυῇ καὶ ἐς τὰ δεξιὰ, ἀσήμως
					περιγίνονται· κίνδυνος δὲ ξυντραφῆναι καὶ ξυναυξηθῆναι, ἢν μὴ θεραπευθῶσι τοῖσιν
					ἐπιτηδείοισιν.</p>
				<p>τοῖσι μὲν οὖν παιδίοισιν οὕτω γίνεται, ἢ ὅτι τούτων ἐγγυτάτω.</p>
			</div>
			<div n="9" type="section">
				<head>9.</head>
				<p>τοὺς δὲ πρεσβυτέρους οὐκ ἀποκτείνει, ὁκόταν ἐπιγένηται, οὐδὲ διαστρέφει· αἵ τε
					γὰρ φλέβες εἰσὶ κοῖλαι καὶ αἵματος μεσταὶ θερμοῦ, ἃ οὐδὲ δύναται ἐπικρατῆσαι τὸ
					φλέγμα, οὐδʼ ἀποψῦξαι τὸ αἷμα, ὥστε καὶ πῆξαι, ἀλλʼ αὐτὸ κρατέεται καὶ
					καταμίγνυται τῷ αἵματι ταχέως· καὶ οὕτω παραδέχονται αἱ φλέβες τὸν ἠέρα, καὶ τὸ
					φρόνημα γίνεται, τά τε σημήϊα τὰ προειρημένα ἧσσον ἐπιλαμβάνει</p>
				<pb n="378"/>
				<p>διὰ τὴν ἰσχύν.</p>
				<p>Τοϊσι δὲ πρεσβυτάτοισιν ὁκόταν ἐπιγένηται τοῦτο τὸ νούσημα, διὰ τοῦτο ἀποκτείνει
					ἢ παράπληκτον ποιέει, ὅτι αἱ φλέβες κεκένωνται καὶ τὸ αἷμα ὀλίγον τέ ἐστι καὶ
					λεπτὸν καὶ ὑδαρές.</p>
				<p>ἢν μὲν οὖν πολὺ καταῤῬυῇ καὶ χειμῶνος ἔῃ καιρὸς, ἀποκτείνει· ἀπέπνιξε γὰρ τὰς
					ἀναπνοὰς καὶ ἀπέπηξε τὸ αἷμα, ἢν ἐπʼ ἀμφότερα ὁ κατάῤῬοος γένηται· ἢν δὲ ἐπὶ
					θατερα μοῦνον, παράπληκτον ποιέει· οὐ γὰρ δύναται τὸ αἷμα ἐπικρατῆσαι τοῦ
					φλέγματος λεπτὸν ἐὸν καὶ ψυχρὸν καὶ ὀλίγον, ἀλλʼ αὐτὸ κρατηθὲν ἐπάγη, ὥστε
					ἀκρατέα εἶναι ἐκεῖνα καθʼ ἃ τὸ αἷμα διεφθάρη.</p>
			</div>
			<div n="10" type="section">
				<head>10.</head>
				<p>ἐς δὲ τὰ δεξιὰ μᾶλλον καταῤῬέει ἢ ἐς τὰ ἀριστερὰ, ὅτι αἱ φλέβες εἰσὶ κοιλότεραι
					καὶ πλέονες ἢ ἐν τοῖσιν ἀριστεροῖσιν· ἀπὸ γὰρ τοῦ ἥπατος τείνουσι καὶ ἀπὸ τοῦ
					σπληνός.</p>
				<p>ἘπικαταῤῬέει δὲ καὶ ἀποτήκεται τοῖσι μὲν παιδίοισι μάλιστα, οἷσιν ἂν διαθερμανθῇ
					ἡ κεφαλὴ ἤν τε ὑπὸ ἡλίου, ἤν τε ὑπὸ πυρὸς, καὶ ἐξαπίνης φρίξῃ ὁ ἐγκέφαλος· τότε
					γὰρ ἀποκρίνεται τὸ φλέγμα.</p>
				<p>Ἀποτήκεται μὲν γὰρ ἐκ τῆς θέρμης καὶ διαχύσιος τοῦ ἐγκεφάλου· ἀποκρίνεται δὲ ἀπὸ
					τῆς ψύξιός τε καὶ ξυστάσιος, καὶ οὕτως ἐπικαταῤῬέει.</p>
				<p>τοῖσι μὲν αὕτη ἡ πρόφασις γίνεται, τοῖσι δὲ καὶ ἐπειδὰν ἐξαπίνης μετὰ βόρεια
					πνεύματα νότος μεταλάβῃ, ξυνεστηκότα τὸν ἐγκέφαλον καὶ εὐσθενέοντα ἔλυσε καὶ
					ἐχάλασεν ἐξαίφνης, ὥστε πλημμυρεῖν τὸ φλέγμα,</p>
				<pb n="380"/>
				<p>καὶ οὕτω τὸν κατάῤῬοον ποιέεται.</p>
				<p>ἘπικαταῤῬέει δὲ καὶ ἐξ ἀδήλου, φόβου γινομένου, ἢν δείσῃ βοήσαντός τινος, ἢ καὶ
					μεταξὺ κλαίων μὴ οἷός τε ἔῃ τὸ πνεῦμα ταχέως ἀναλαβεῖν, οἷα γίνεται παιδίοισι
					πολλάκις· ὅ τι δʼ ἂν τούτων αὐτῷ γένηται, εὐθὺς ἔφριξε τὸ σῶμα, καὶ ἄφωνος
					γενόμενος τὸ πνεῦμα οὐχ εἵλκυσεν, ἀλλὰ τὸ πνεῦμα ἠρέμησε, καὶ ὁ ἐγκέφαλος
					ξυνέστη, καὶ τὸ αἷμα ἔστη, καὶ οὕτως ἀπεκρίθη καὶ ἐπικατεῤῬύη τὸ φλέγμα.</p>
				<p>τοῖσι μὲν παιδίοισιν αὗται αἱ προφάσιες τῆς ἐπιλήψιός εἰσι τὴν ἀρχήν.</p>
				<p>τοῖσι δὲ πρεσβύτῃσιν ὁ χειμὼν πολεμιώτατός ἐστιν· ὅταν γὰρ παρὰ πυρὶ πολλῷ
					διαθερμανθῇ τὴν κεφαλὴν καὶ τὸν ἐγκέφαλον, ἔπειτα ἐν ψύχει γένηται καὶ Ῥιγώσῃ,
					ἢ καὶ ἐκ ψύχεος εἰς ἀλέην ἔλθῃ καὶ παρὰ πυρὶ καθίσῃ, τωὐτὸ τοῦτο πάσχει, καὶ
					οὕτως ἐπίληπτος γίνεται κατὰ τὰ προειρημένα.</p>
				<p>κίνδυνος δὲ πολὺς καὶ ἦρος παθέειν τωὐτὸ τοῦτο, ἢν ἡλιωθῇ ἡ κεφαλή· τοῦ δὲ θέρεος
					ἥκιστα, οὐ γὰρ γίνονται μεταβολαὶ ἐξαπιναῖοι.</p>
				<p>ὁκόταν δὲ εἴκοσιν ἔτεα παρέλθῃ, οὐκ ἔτι ἡ νοῦσος αὕτη ἐπιλαμβάνει, ἢν μὴ ἐκ
					παιδίου ξύντροφος ἔῃ, ἀλλʼ ἢ ὀλίγους ἢ οὐδένα· αἱ γὰρ φλέβες μεσταί εἰσιν
					αἵματος, καὶ ὁ ἐγκέφαλος συνέστηκε καὶ ἐστὶ στρυφνὸς, ὥστε οὐκ ἐπικαταῤῬέει ἐπὶ
					τὰς φλέβας· ἢν δʼ ἐπικαταῤῬύη, τοῦ αἵματος οὐκ ἐπικρατέει, πολλοῦ καὶ θερμοῦ
					ἐόντος.</p>
			</div>
			<div n="11" type="section">
				<head>11.</head>
				<p>ᾧ δὲ ἀπὸ παιδίου συνηύξηται καὶ συντέτροφεν, ἔθος πεποίηται ἐν τῇσι μεταβολῇσι
					τῶν πνευμάτων τοῦτο πάσχειν καὶ ἐπίληπτον</p>
				<pb n="382"/>
				<p>ὡς τὰ πολλὰ γίνεσθαι, καὶ μάλιστα ἐν τοῖσι νο<unclear/>οισιν ἡ τε ἀπάλλαξις
					χαλεπὴ γίνεται· ὁ γὰρ ἐγκέφαλος ὑγρότερος γέγονε τῆς φύσιος καὶ πλημμυρεῖ ὑπὸ
					τοῦ φλέγματος, ὥστε τοὺς μὲν καταῤρόους πυκνοτέρους γίνεσθαι, ἐκκριθῆναι δὲ
					μηκέτι οἷόν τε εἶναι τὸ φλέγμα, μηδὲ ἀναξηρανθῆναι τὸν ἐγκέφαλον, ἀλλὰ
					διαβεβρέχθαι καὶ εἶναι ὑγρόν.</p>
				<p>γνοίη δʼ ἄν τις τόδε μάλιστα τοῖσι προβάτοισι το<unclear/>σι καταλήπτοισι
					γινομένοισιν ὑπὸ τῆς νούσου ταύτης καὶ μάλιστα τῇσιν αἰξίν· αὗται γὰρ πυκνότατα
					λαμβάνονται· ἢν ὁιακόψῃς τὴν κεφαλὴν, εὑρήσεις τὸν ἐγκέφαλον ὑγρὸν ἐόντα καὶ
					ὅδρωπος περίπλεων καὶ κακὸν ὄζοντα, καὶ ἐν τούτῳ δηλονότι γνώσῃ ὅ<unclear/> σὐχ
					ὁ θεὸς τὸ σῶμα λυμαίνεται, ἀλλʼ ἡ νοῦσος.</p>
				<p>οὕτω δʼ ἔχετ καὶ τῷ ἀνθρώπ<unclear/> ὁκόταν γὰρ ὁ χρόνος γένηται τῇ νούσῳ, οὐκ
					ἔτι ἰήσιμος γίνεται· διεσθίεται γὰρ ὁ ἐγκέφαλος ὑπὸ τοῦ φλέγματος καὶ
					τήκετ<unclear/>, τὸ δὲ ἀποτηκόμενον ὕδωρ γίνεται, καὶ περιέχει τὸν ἰγκέφαλον
					ἐκτὸς καὶ περικλύζει· καὶ διὰ τοῦτο πυκνότερον ἐπίληπτοι γίνονται καὶ Ῥᾷον.</p>
				<p>διὸ δὴ πουλυχρόνιος ἡ νοῦσος, ὅτι τὸ ἐπιῤῬέον λεπτόν ἐστιν ὑπὸ πολυπληθίης, καὶ
					εὐθὺς κρατέεται ὑπὸ τοῦ αἵματος καὶ διαθερμαίνεται.</p>
			</div>
			<div n="12" type="section">
				<head>12.</head>
				<p>ὁκόσοι δὲ ἤδη ἐθάδες εἰσὶ τῇ νούσῳ, προγινώσκουσιν ὁκόταν μέλλωσι λήψεσθαι, καὶ
					φεύγουσιν ἐκ τῶν ἀνθρώπων, ἢν μὲν ἐγγὺς αὐτῶν ὁ οἶκος ἔῃ, οἴκαδε, ἢν δὲ μὴ, ἐς
					τὸ ἐρημότατον, ὅπη μέλλουσιν ὄψεσθαι αὐτὸν ἐλάχιστοι πεσόντα, εὐθύς τε
					ἐγκαλύπτεται· τοῦτο δὲ ποιέει ὑπʼ αἰσχύνης τοῦ πάθεος καὶ οὐχ ὑπὸ φόβου, ὡς οἱ
					πολλοὶ νομίζουσι, τοῦ δαιμονίου.</p>
				<p>τὰ δὲ παιδάρια τὸ μὲν πρῶτον πίπτουσιν ὅπη ἂν τύχωσιν ὑπὸ ἀηθίης· ὅταν δὲ
					πλεονάκις κατάληπτοι</p>
				<pb n="384"/>
				<p>γένωνται, ἐπειδὰν προαίσθωνται, φεύγουσι παρὰ τὰς μητέρας ἢ παρὰ ἄλλον ὅντινα
					μάλιστα γινώσκουσιν, ὑπὸ δέους καὶ φόβου τῆς πάθης· τὸ γὰρ αἰσχύνεσθαι παῖδες
					ὄντες οὔπω γινώσκουσιν.</p>
			</div>
			<div n="13" type="section">
				<head>13.</head>
				<p>ἐν δὲ τῇσι μεταβολῇσι τῶν πνευμάτων διὰ τάδε φημὶ επιλήπτους γίνεσθαι, καὶ
					μάλιστα τοῖσι νοτίοισιν, ἔπειτα τοῖσι βορείοισιν, ἔπειτα τοῖσι λοιποῖσι
					πνεύμασι· ταῦτα δέ ἐστιν ὅσα τῶν πνευμάτων ἰσχυρότατά ἐστι καὶ ἀλλήλοισιν
					ἐναντιώτατα κατὰ τὴν στάσιν καὶ κατὰ τὴν δύναμιν.</p>
				<p>ὁ μὲν γὰρ βορέης ξυνίστησι τὸν ἠέρα καὶ τὸ θολερόν τε καὶ τὸ νεφῶδες ἐκκρίνει καὶ
					λαμπρόν τε καὶ διαφανέα. ποιέει· κατὰ δὲ τὸν αὐτὸν τρόπον καὶ τἄλλα πάντα ἐκ τῆς
					θαλάσσης ἀρξάμενα καὶ τῶν ἄλλων ὑδάτων· ἐκκρίνει γὰρ ἐξ ἁπάντων τὴν νοτίδα καὶ
					τὸ δνοφερὸν, καὶ ἐξ αὐτῶν τῶν ἀνθρώπων, διὸ καὶ ὑγιεινότατός ἐστι τῶν
					ἀνέμων.</p>
				<p>ὁ δὲ νότος τἀναντία τουτέῳ ἐργάζεται· πρῶτον μὲν γὰρ ἄρχεται τὸν ἠέρα ξυνεστεῶτα
					τήκειν καὶ διαχέειν, καθότι καὶ οὐκ εὐθὺς πνέει μέγας, ἀλλὰ γαληνίζει πρῶτον,
					ὅτι οὐ δύναται ἐπικρατῆσαι τοῦ ἠέρος αὐτίκα, τοῦ πρόσθεν πυκνοῦ τε ἐόντος καὶ
					ξυνεστηκότος, ἀλλὰ τῷ χρόνῳ διαλύει· τὸ δʼ αὐτὸ τοῦτο καὶ τὴν γῆν ἐργάζεται καὶ
					τὴν θάλασσαν καὶ τοὺς ποταμοὺς καὶ τὰς κρήνας καὶ τὰ φρέατα καὶ ὅσα φύεται καὶ
					ἐν οἷσιν ὑγρὸν ἔνεστιν· ἔστι δὲ ἐν παντὶ, ἐν μὲν τῷ πλέον, ἐν δὲ τῷ ἔλασσον·
					ἅπαντα δὲ ταῦτα αἰσθάνεται τοῦ πνεύματος τούτου, καὶ ἔκ τε λαμπρῶν δνοφερώδεα
					γίνεται, ἔκ τε ψυχρῶν θερμὰ, καὶ ἐκ ξηρῶν νοτώδεα· ὁκόσα τε ἐν</p>
				<pb n="386"/>
				<p>οἰκήμασι κεράμια ἢ κατὰ γῆς ἐστι μεστὰ οἴνου ἢ ἄλλου τινὸς ὑγροῦ, πάντα ταῦτα
					αἰσθάνεται τοῦ νότου καὶ διαλλάσσει τὴν μορφὴν ἐς ἕτερον εἶδος· τὸν δὲ ἥλιον καὶ
					τὴν σελήνην καὶ τὰ ἄστρα πουλὺ ἀμβλυωπότερα καθίστησι τῆς φύσιος.</p>
				<p>ὅτε οὖν καὶ τούτων οὕτω μεγάλων ἐόντων καὶ ἰσχυρῶν τοσοῦτον ἐπικρατέει καὶ τὸ
					σῶμα ποιέει αἰσθάνεσθαι καὶ μεταβάλλειν ἐκ τῶν ἀνέμων τούτων ἐν τῇσι
					μεταλλαγῇσιν, ἀνάγκη τοῖσι μὲν νοτίοισι λύεσθαί τε καὶ φλυδᾷν τὸν ἐγκέφαλον καὶ
					τὰς φλέβας χαλαρωτέρας εἶναι, τοῖσι δὲ βορείοισι ξυνίστασθαι τὸ ὑγιηρότατον τοῦ
					ἐγκεφάλου, τὸ δὲ νοσερώτατον καὶ ὑγρότατον ἐκκρίνεσθαι καὶ περικλύζειν ἔξωθεν,
					καὶ οὕτω τοὺς καταῤῬόους ἐπιγίνεσθαι ἐν τῇσι μεταβολῇσι τῶν πνευμάτων
					τούτων.</p>
				<p>οὕτως ἡ νοῦσος αὕτη γίνεται καὶ θάλλει ἀπὸ τῶν προσιόντων τε καὶ ἀπιόντων, καὶ
					οὐδέν ἐστιν ἀπορωτέρη τῶν ἄλλων οὔτε ἰῆσθαι οὔτε γνῶναι, οὐδὲ θειοτέρη ἢ αἱ
					ἄλλαι.</p>
			</div>
			<div n="14" type="section">
				<head>14.</head>
				<p>εἰδέναι δὲ χρὴ τοὺς ἀνθρώπους, ὅτι ἐξ οὐδενὸς ἡμῖν αἱ ἡδοναὶ γίνονται καὶ αἱ
					εὐφροσύναι καὶ γέλωτες καὶ παιδιαὶ ἢ ἐντεῦθεν, καὶ λῦπαι καὶ ἀνίαι καὶ
					δυσφροσύναι καὶ κλαυθμοί.</p>
				<p>καὶ τούτῳ φρονεῦμεν μάλιστα καὶ νοεῦμεν καὶ βλέπομεν καὶ ἀκούομεν καὶ γινώσκομεν
					τά τε αἰσχρὰ καὶ τὰ καλὰ καὶ τὰ κακὰ καὶ ἀγαθὰ καὶ ἡδέα καὶ ἀηδέα, τὰ μὲν νόμῳ
					διακρίνοντες, τὰ δὲ τῷ ξυμφέροντι αἰσθανόμενοι, τῷ δὲ καὶ τὰς ἡδονὰς καὶ τὰς
					ἀηδίας τοῖσι καιροῖσι διαγινώσκοντες, καὶ οὐ ταὐτὰ ἀρέσκει ἡμῖν.</p>
				<p>τῷ δὲ αὐτῷ τούτῳ καὶ μαινόμεθα καὶ παραφρονέομεν, καὶ δείματα καὶ φόβοι
					παρίστανται ἡμῖν</p>
				<pb n="388"/>
				<p>τὰ μὲν νύκτωρ, τὰ δὲ μεθʼ ἡμέρην, καὶ ἐνύπνια καὶ πλάνοι ἄκαιροι, καὶ φροντίδες
					οὐχ ἱκνεύμεναι, καὶ ἀγνωσίη τῶν καθεστεώτων καὶ ἀηθίη καὶ ἀπειρίη.</p>
				<p>καὶ ταῦτα πάσχομεν ἀπὸ τοῦ ἐγκεφάλου πάντα, ὅταν οὕτος μὴ ὑγιαίνῃ, ἀλλʼ ἢ
					θερμότερος τῆς φύσιος γένηται ἢ ψυχρότερος ἠ ὑγρότερος ἢ ξηρότερος, ἤ τι ἄλλο
					πεπόνθῃ πάθος παρὰ τὴν φύσιν ὃ μὴ ἐώθει.</p>
				<p>καὶ μαινόμεθα μὲν ὑπὸ ὑγρότητος· ὁκόταν γὰρ ὑγρότερος τῆς φύσιος ἔῃ, ἀνάγκη
					κινέεσθαι, κινευμένου δὲ μήτε τὴν ὄψιν ἀτρεμίζειν μήτε τὴν ἀκοὴν, ἀλλʼ ἄλλοτε
					ἄλλο ὁρᾷν καὶ ἀκούειν, τήν τε γλῶσσαν τοιαῦτα διαλέγεσθαι οἷα ἂν βλέπῃ τε καὶ
					ἀκούῃ ἑκάστοτε· ὁκόσον δʼ ἂν ἀτρεμήσῃ ὁ ἐγκέφαλος χρόνον, τοσοῦτον καὶ φρονέει ὁ
					ἄνθρωπος.</p>
			</div>
			<div n="15" type="section">
				<head>15.</head>
				<p>γίνεται δὲ ἡ διαφθορὴ τοῦ ἐγκεφάλου ὑπὸ φλέγματος καὶ χολῆς· γνώσῃ δὲ ἑκάτερα
					ὧδε· οἱ μὲν γὰρ ὑπὸ τοῦ φλέγματος μαινόμενοι ἥσυχοί τέ εἰσι καὶ οὐ βοῶσιν οὐδὲ
					θορυβέουσιν, οἱ δὲ ὑπὸ χολῆς κεκράκται καὶ κακοῦργοι καὶ οὐκ ἀτρεμαῖοι, ἀλλʼ
					αἰεί τι ἄκαιρον δρῶντες.</p>
				<p>ἢν μὲν οὖν ξυνεχέως μαίνωνται, αὗται αὐτοῖς αἱ προφάσιές εἰσίν· ἢν δὲ δείματα καὶ
					φόβοι παριστῶνται, ὑπὸ μεταστάσιος τοῦ ἐγκεφάλου· μεθίσταται δὲ θερμαινόμενος·
					θερμαίνεται δὲ ὑπὸ τῆς χολῆς, ὁκόταν ὁρμήσῃ ἐπὶ τὸν ἐγκέφαλον, κατὰ τὰς φλέβας
					τὰς αἱματίτιδας ἐκ τοῦ σώματος· καὶ φόβος παρέστηκε μέχρις ἀπέλθῃ πάλιν ἐπὶ τὰς
					φλέβας καὶ τὸ σῶμα· ἔπειτα πέπαυται.</p>
				<p>ἀνιᾶται δὲ καὶ ἀσᾶται παρὰ καιρὸν ψυχομένου τοῦ ἐγκεφάλου καὶ ξυνισταμένου παρὰ
					τὸ ἔθος· τοῦτο δὲ ὑπὸ φλέγματος πάσχει· ὑπʼ αὐτοῦ δὲ τοῦ πάθεος καὶ
					ἐπιλήθεται.</p>
				<p>ἐκ νυκτῶν δὲ βοᾷ καὶ κέκραγεν, ὁκόταν ἐξαπίνης</p>
				<pb n="390"/>
				<p>ὁ ἐγκέφαλος διαθερμαίνηται· τοῦτο δὲ πάσχουσιν οἱ χολώδεες, οἱ φλεγματώδεες δὲ
					οὔ· διαθερμαίνεται δὲ καὶ ἐπὴν τὸ αἷμα ἐπέλθῃ πουλὺ ἐπὶ τὸν ἐγκέφαλον καὶ
					ἐπιζέσῃ.</p>
				<p>ἔρχεται δὲ κατὰ τὰς φλέβας πουλὺ τὰς προειρημένας, ὁκόταν τυγχάνῃ ὥνθρωπος ὁρέων
					ἐνύπνιον φοβερὸν καὶ ἐν τῷ φόβῳ ἔῃ· ὥσπερ οὖν καὶ ἐγρηγορότι τότε μάλιστα τὸ
					πρόσωπον φλογιᾷ, καὶ οἱ ὀφθαλμοὶ ἐρεύθονται, ὁκόταν φοβῆται, καὶ ἡ γνώμη ἐπινοέῃ
					τι κακὸν ἐργάσασθαι, οὕτω καὶ ἐν τῷ ὕπνῳ πάσχει· ὁκόταν δὲ ἐπέγρηται καὶ
					καταφρονήσῃ καὶ τὸ αἷμα πάλιν ἀποσκεδασθῇ ἐς τὰς φλέβας τὰς προειρημένας,
					πέπαυται.</p>
			</div>
			<div n="16" type="section">
				<head>16.</head>
				<p>κατὰ ταῦτα νομίζω τὸν ἐγκέφαλον δύναμιν πλείστην ἔχειν ἐν τῷ ἀνθρώπῳ· οὗτος γὰρ
					ἡμῖν ἐστι τῶν ἀπὸ τοῦ ἠέρος γινομένων ἑρμηνεὺς, ἢν ὑγιαίνων τυγχάνῃ· τὴν δὲ
					φρόνησιν αὐτῷ ὁ ἀὴρ παρέχεται.</p>
				<p>οἱ δὲ ὀφθαλμοὶ καὶ τὰ οὔατα καὶ ἡ γλῶσσα καὶ αἱ χεῖρες καὶ οἱ πόδες οἷα ἂν ὁ
					ἐγκέφαλος γινώσκῃ, τοιαῦτα πρήσσουσι· γίνεται γὰρ παντὶ τῷ σώματι τῆς φρονήσιος,
					ὡς ἂν μετέχῃ τοῦ ἠέρος.</p>
				<p>ἐς δὲ. τὴν ξύνεσιν ὁ ἐγκέφαλός ἐστιν ὁ διαγγέλλων· ὁκόταν γὰρ σπάσῃ τὸ πνεῦμα
					ὥνθρωπος ἐς ἑωυτὸν, ἐς τὸν ἐγκέφαλον πρῶτον ἀφικνέεται, καὶ οὕτως ἐς τὸ λοιπὸν
					σῶμα σκίδναται ὁ ἀὴρ, καταλιπὼν ἐν τῷ ἐγκεφάλῳ ἑωυτοῦ τὴν ἀκμὴν καὶ ὅ τι ἂν ἔῃ
					φρόνιμόν τε καὶ γνώμην ἔχον· εἰ γὰρ ἐς τὸ σῶμα πρῶτον ἀφικνέετο καὶ ὕστερον ἐς
					τὸν ἐγκέφαλον, ἐν τῇσι σαρξὶ καὶ ἐν τῇσι φλεψὶ καταλελοιπὼς τὴν</p>
				<pb n="392"/>
				<p>διάγνωσιν ἐς τὸν ἐγκέφαλον ἂν ἴοι θερμὸς ἐὼν καὶ οὐχὶ ἀκραιφνὴς, ἀλλʼ
					ἐπιμεμιγμένος τῇ ἰκμάδι τῆ ἀπὸ τῶν σαρκῶν καὶ τοῦ αἵματος, ὥστε μηκέτι εἶναι
					ἀκριβής.</p>
			</div>
			<div n="17" type="section">
				<head>17.</head>
				<p>διὸ φημὶ τὸν ἐγκέφαλον εἶναι τὸν ἑρμηνεύοντα τὴν ξύνεσιν.</p>
				<p>αἱ δὲ φρένες ἄλλως οὔνομα ἔχουσι τῇ τύχῃ κεκτημένον καὶ τῷ νόμῳ, τῷ δʼ ἐόντι οὒκ,
					οὐδὲ τῇ φύσει, οὐδὲ οἶδα ἔγωγε τίνα δύναμιν ἔχουσιν αἱ φρένες ὥστε φρονέειν τε
					καὶ νοέειν, πλὴν εἴ τι ὥνθρωπος ὑπερχαρείη ἐξ ἀδοκήτου ἢ ἀνιηθείη, πηδῶσι καὶ
					ἅλσιν παρέχουσιν ὑπὸ λεπτότητος καὶ ὅτι ἀνατέτανται μάλιστα ἐν τῷ σώματι, καὶ
					κοιλίην οὐκ ἔχουσι πρὸς ἣν δέξονται ἢ ἀγαθὸν ἢ κακὸν προσπ<unclear/>πτον, ἀλλʼ
					ὑπʼ ἀμφοτέρων τούτων τεθορύβηνται διὰ τὴν ἀσθενείην τῆς φύσιος· ἐπεὶ αἰσθάνονταί
					γε οὐδενὸς πρότερον τῶν ἐν τῷ σώματι ἐόντων, ἀλλὰ μάτην τοῦτο τὸ οὔνομα ἔχουσι
					καὶ τὴν αἰτίην, ὥσπερ τὰ πρὸς τῇ καρδίῃ ἅπερ ὦτα καλέεται, οὐδὲν ἐς τὴν ἀκοὴν
					ξυμβαλλόμενα.</p>
				<p>λέγουσι δέ τινες ὡς φρονέομεν τῇ καρδίῃ καὶ τὸ ἀνιώμενον τοῦτό ἐστι καὶ τὸ
					φροντίζον· τὸ δὲ οὐχ οὕτως ἔχει, ἀλλὰ σπᾶται μὲν ὥσπερ αἱ φρένες καὶ μᾶλλον διὰ
					ταύτας τὰς αἰτίας· ἐξ ἅπαντος γαρ τοῦ σώματος φλέβες ἐς αὐτὴν συντείνουσι, καὶ
					ξυγκλείσασα ἔχει ὥστε αἰσθάνεσθαι, ἤν τις πόνος ἢ τάσις γίνηται τῷ ἀνθρώπῳ·
					ἀνάγκη γὰρ καὶ ἀνιώμενον φρίσσειν τὸ σῶμα καὶ συντείνεσθαι, καὶ ὑπερχαίροντα τὸ
					αὐτὸ τοῦτο πάσχειν· διότι ἡ καρδίη αἰσθάνεταί τε μάλιστα</p>
				<pb n="394"/>
				<p>καὶ αἱ φρένες.</p>
				<p>τῆς μέντοι φρονήσιος οὐδετέρῳ μέτεστιν, ἀλλὰ πάντων τουτέων ὁ ἐγκέφαλος αἴτιός
					ἐστιν· ὥσπερ οὖν καὶ τῆς φρονήσιος τοῦ ἠέρος πρῶτος αἰσθάνεται τῶν ἐν τῷ σώματι
					ἐνεόντων, οὕτω καὶ ἤν τις μεταβολὴ ἰσχυροτέρη γένηται ἐν τῷ ἠέρι ὑπὸ τῶν
					ὡρ<unclear/>ων, καὶ αὐτὸς ἑωυτοῦ διάφορος γίνηται ὁ ἠὴρ, ὁ ἐγκέφαλος πρῶτος
					αἰσθάνεται· διὸ καὶ τὰ νουσήματα ἐς αὐτὸν ἐμπίπτειν φημὶ ὀξύτατα καὶ μέγιστα καὶ
					θανατωδέστατα καὶ δυσκριτώτατα τοῖσιν ἀπείροισιν.</p>
			</div>
			<div n="18" type="section">
				<head>18.</head>
				<p>αὕτη δὲ ἡ νοῦσος ἡ ἱερὴ καλεομένη ἐκ τῶν αὐτῶν προφασίων γίνεται ἀφʼ ὧν καὶ αἱ
					λοιπαὶ ἀπὸ τῶν προσιόντων καὶ ἀπιόντων, καὶ ψύχεος, ἡλίου, πνευμάτων
					μεταβαλλομένων τε καὶ μηδέποτε ἀτρεμιζόντων.</p>
				<p>ταῦτα δʼ ἐστὶ θεῖα, ὥστε μηδὲν. διακρίνοντα τὸ νούσημα θειότερον τῶν λοιπῶν
					νουσημάτων νομίζειν, ἀλλὰ πάντα θεῖα καὶ ἀνθρώπινα πάντα· φύσιν δὲ ἔχει ἕκαστον
					καὶ δύναμιν ἐφʼ ἑωυτοῦ, καὶ οὐδὲν ἄπορόν ἐστιν οὐδὲ ἀμήχανον· ἀκεστά τε τὰ
					πλεῖστά ἐστι τοῖς αὐτοῖσι τούτοισιν ἀφʼ ὅτων καὶ γίνεται· ἕτερον γὰρ ἑτέρῳ τροφή
					ἐστι, τῷ δὲ κάκωσις.</p>
				<p>τοῦτο οὖν δεῖ τὸν ἰητρὸν ἐπίστασθαι, ὅκως τὸν καιρὸν διαγινώσκων ἑκάστου τῷ μὲν
					ἀποδώσει τὴν τροφὴν καὶ αὐξήσει, τῷ δὲ ἀφαιρήσει καὶ κακώσει.</p>
				<p>χρὴ δὲ καὶ</p>
				<pb n="396"/>
				<p>ἐν ταύτῃ τῇ νούσῳ καὶ ἐν τῇσιν ἄλλῃσιν ἁπάσῃσι μὴ αὔξειν τὰ νουσήματα, ἀλλὰ
					σπεύδειν τρύχειν προσφέροντα τῇ νούσῳ τὸ πολεμιώτατον ἑκάστῃ, καὶ μὴ τὸ ρίλον
					καὶ σύνηθες· ὑπὸ μὲν γὰρ τῆς συνηθείης θάλλει καὶ αὔξεται, ὑπὸ δὲ τοῦ πολεμίου
					φθίνει καὶ ἀμαυροῦται.</p>
				<p>ὅστις δὲ ἐπίσταται ἐν ἀνθρώποισι τὴν τοιαύτην μεταβολὴν καὶ δύναται ὑγρὸν καὶ
					ξηρὸν ποιέειν καὶ θερμὸν καὶ ψυχρὸν ὑπὸ <unclear/>ιαιτης τὸν ἄνθρωπον, οὗτος καὶ
					ταύτην τὴν νοῦσον ἰῷτο ἂν, εἰ τοὺς καιροὺς διαγινώσκοι τῶν ξυμφερόντων, ἄνευ
					καθαρμῶν καὶ μαγευμάτων καὶ πάσης ἄλλης βαναυσίης τοιαύτης.</p>
			</div>

			<pb n="182"/>
		</body>
	</text>
</TEI>
