<?xml version="1.0" encoding="UTF-8"?>
<TEI xmlns="http://www.tei-c.org/ns/1.0">
	<teiHeader>
		<fileDesc>
			<titleStmt>
				<title>On the Estate of Nicostratus </title>
				<author>Isaeus</author>
				<sponsor>Perseus Project, Tufts University</sponsor>
				<principal>Gregory Crane</principal>
				<respStmt>
					<resp>Prepared under the supervision of</resp>
					<name>Lisa Cerrato</name>
					<name>William Merrill</name>
					<name>Elli Mylonas</name>
					<name>David Smith</name>
				</respStmt>
				<funder n="org:AnnCPB">The Annenberg CPB/Project</funder>

			</titleStmt>
			<publicationStmt>
				<publisher>Trustees of Tufts University</publisher>
				<pubPlace>Medford, MA</pubPlace>
				<authority>Perseus Project</authority>
			</publicationStmt>


			<sourceDesc>
				<biblStruct>
					<monogr>
						<author>Isaeus</author>
						<title>Isaeus with an English translation by Edward Seymour Forster,
							M.A.</title>

						<imprint>
							<publisher>Cambridge, MA, Harvard University Press; London, William
								Heinemann Ltd.</publisher>
							<date>1962</date>
						</imprint>
					</monogr>
				</biblStruct>
			</sourceDesc>

		</fileDesc>
		<encodingDesc>
			<refsDecl>
				<refState unit="speech" delim="."/>
				<refState unit="section"/>
			</refsDecl>
		</encodingDesc>
		<profileDesc>
			<langUsage>
				<language ident="greek">Greek </language>
				<language ident="en">English </language>
			</langUsage>
		</profileDesc>
		<revisionDesc>
			<!--
<change><date>March 1992</date><respStmt><name>W. Merrill</name><resp>(n/a)</resp></respStmt><item>Change markup in accordance with orator dtd. Insert footnotes in Greek.</item>
</change>
<change><date>June 1, 1992</date><respStmt><name>W. Merrill</name><resp>(n/a)</resp></respStmt><item>Fix footnotes and add paragraphs from eng.</item>
</change>
<change><date>7/1992</date><respStmt><name>das</name><resp>(n/a)</resp></respStmt><item>fixed typos</item>
</change>
<change><date>10/1992</date><respStmt><name>em</name><resp>(n/a)</resp></respStmt><item>title -gt head, more corrections to SGML for conversion</item></change><change><date>July 2014</date>
    <respStmt><name>Stella Dee</name><resp>ed.</resp></respStmt>
    <item>split composite text and converted to unicode</item>
      </change>-->
			<change when="2014-08-01" who="Stella Dee">edited markup</change>
		</revisionDesc>
	</teiHeader>
	<text xml:lang="grc">
		<body>

			<div n="hypothesis" type="section">
				<p>Νικοστράτου ἐν ὑπερορίᾳ τελευτήσαντος, Ἅγνων καὶ Ἁγνόθεος ὡς ὄντες ἀνεψιοὶ ἐκ
					πατραδέλφου ἀμφισβητοῦσι τοῦ κλήρου πρὸς Χαριάδην, φάσκοντα κληρονόμον αὐτοῦ
					εἶναι κατὰ δόσιν, ὃ ἔστι κατὰ διαθήκας. Ἰσαῖος οὖν ὁ ῥήτωρ, ὡς συγγενὴς ὢν τῶν
					περὶ τὸν Ἅγνωνα, λέγει συνηγορῶν αὐτοῖς. ἡ στάσις στοχασμός. </p>
			</div>
			<div n="1" type="section">
				<p><milestone ed="P" unit="para"/>ἐπιτήδειοί μοι τυγχάνουσιν, ὦ ἄνδρες, ὄντες Ἅγνων
					τε οὑτοσὶ καὶ Ἁγνόθεος, καὶ ὁ πατὴρ αὐτῶν ἔτι πρότερον. εἰκὸς οὖν μοι δοκεῖ
					εἶναι, ὡς ἂν οἷός τε ὦ, συνειπεῖν αὐτοῖς.<milestone ed="P" unit="para"/>περὶ μὲν
					οὖν τῶν ἐν τῇ ὑπερορίᾳ πραχθέντων [;ὡς]; οὔτε μάρτυρας ἐξευρεῖν οἷόν τε, οὔτε
					τοὺς ἀντιδίκους, ἐάν τι ψεύδωνται, ἐλέγχειν ῥᾴδιον, διὰ τὸ μηδέτερον τούτων
					ἐκεῖσε ἀφῖχθαι· τὰ δὲ ἐνθάδε [;μοι]; συμβεβηκότα δοκεῖ μοι ὑμῖν ἱκανὰ γενέσθαι
					ἂν τεκμήρια, ὅτι ἅπαντες οἱ κατὰ τὴν δόσιν τῶν Νικοστράτου ἀμφισβητοῦντες
					ἐξαπατῆσαι ὑμᾶς βούλονται. </p>
			</div>
			<div n="2" type="section">
				<p>πρῶτον μὲν οὖν, ὦ ἄνδρες, περὶ τῆς τῶν ὀνομάτων ἐπιγραφῆς ἄξιόν ἐστιν ἐξετάσαι,
					καὶ σκέψασθαι ὁπότεροι ἁπλούστερον καὶ κατὰ φύσιν μᾶλλον τὰς λήξεις ἐποιήσαντο.
					Ἅγνων μὲν γὰρ οὑτοσὶ καὶ Ἁγνόθεος Θρασυμάχου ἐπεγράψαντο τὸν Νικόστρατον, καὶ
					ἑαυτοὺς ἐκείνῳ ἀνεψιοὺς ἀποφαίνουσι, καὶ τούτων μάρτυρας παρέχονται· </p>
			</div>
			<div n="3" type="section">
				<p>Χαριάδης δὲ καὶ οἱ συνδικοῦντες αὐτῷ Σμίκρου μὲν πατρὸς εἶναί φασι τὸν
					Νικόστρατον, ἀμφισβητοῦσι δὲ τοῦ Θρασυμάχου ὑοῦ κλήρου. καὶ οἵδε μὲν οὐδὲν<note
						resp="Loeb" anchored="true"><foreign xml:lang="grc"
						>οὐδὲν</foreign>Stephanus: <foreign xml:lang="grc">οὐδὲ.</foreign></note>
					προσποιοῦνται ἐκείνου τοῦ ὀνόματος οὔτε γιγνώσκειν οὔτε προσήκειν αὑτοῖς· φασὶ
					μὲν οὖν εἶναι Θρασυμάχου Νικόστρατον, τούτου δὲ ὁμοίως τῆς οὐσίας ἀμφισβητοῦσι.
				</p>
			</div>
			<div n="4" type="section">
				<p>καὶ εἰ μὲν τὸ ὄνομα πατρόθεν τὸ αὐτὸ ὡμολόγουν εἶναι τοῦ Νικοστράτου, περὶ δὲ τοῦ
					κλήρου μόνου διεφέροντο, οὐδὲν ἂν ἔδει ὑμᾶς σκέψασθαι ἀλλʼ ltἢgt<note
						resp="Loeb" anchored="true"><foreign xml:lang="grc">ἢ</foreign>add.
						Reiske.</note> εἴ τι διέθετο ἐκεῖνος ὁ Νικόστρατος, ὃν ἀμφότεροι ὡμολόγουν·
					νῦν δὲ πῶς οἷόν τε τῷ ἀνδρὶ δύο πατέρας ἐπιγράψασθαι; τοῦτο γὰρ Χαριάδης
					πεποίηκεν· αὐτός τε γὰρ ἔλαχε ltτῶνgt<note resp="Loeb" anchored="true"><foreign
							xml:lang="grc">τῶν . . . τῶν</foreign>add. Hitzig.</note> τοῦ Σμίκρου
					Νικοστράτου, τούτοις τε<note resp="Loeb" anchored="true"><foreign xml:lang="grc"
							>τε</foreign>Fuhr: <foreign xml:lang="grc">δὲ.</foreign></note> ltτῶνgt
					τοῦ Θρασυμάχου λαχοῦσι παρακατέβαλεν ὡς τὸν αὐτὸν ὄντα. </p>
			</div>
			<div n="5" type="section">
				<p>ἔστι μὲν οὖν ἅπαντα ταῦτα ἐπήρεια καὶ παρασκευή. ἡγοῦνται γὰρ τούτους, ἁπλοῦ μὲν
					ὄντος τοῦ πράγματος καὶ μηδεμιᾶς αὐτοῖς ταραχῆς ἐγγιγνομένης, οὐ χαλεπῶς
					ἐπιδείξειν ὅτι οὐδὲν Νικόστρατος διέθετο· ἐὰν δὲ μὴ τὸν πατέρα τὸν αὐτὸν εἶναι
					φῶσι, τοῦ δὲ κλήρου μηδὲν ἧττον ἀμφισβητῶσιν, ἀκριβῶς ἴσασιν ὅτι πλείονι λόγῳ
					εἰπεῖν τουτουσὶ δεήσει ὡς Νικόστρατος Θρασυμάχου ἦν ἢ ὡς οὐδὲν διέθετο. </p>
			</div>
			<div n="6" type="section">
				<p>ἔτι δὲ καὶ ὁμολογοῦντες Θρασυμάχου μὲν εἶναι τὸν Νικόστρατον οὐκ ἂν εἶχον
					ἐξελέγξαι τούσδε ὡς οὐκ εἰσὶν ἐκείνῳ ἀνεψιοί· ἄλλον δὲ πατέρα τῷ τεθνεῶτι
					κατασκευάζοντες οὐ μόνον περὶ τῶν διαθηκῶν ἀλλὰ καὶ περὶ τοῦ γένους λόγον
					ἐμβεβλήκασιν. </p>
			</div>
			<div n="7" type="section">
				<p><milestone ed="P" unit="para"/>οὐκ ἐκ τούτων δὲ μόνον γνοίητʼ ἂν ὅτι
						ἀλλότριοί<note resp="Loeb" anchored="true"><foreign xml:lang="grc"
							>ἀλλότριοί</foreign>Boekmeijer: <foreign xml:lang="grc"
						>ἄλλοι.</foreign></note> τινες εἰσιν οἱ ταῦτα ἐπὶ τουτουσὶ ἐπάγοντες, ἀλλὰ
					καὶ ἐκ τῶν κατʼ ἀρχὰς γεγενημένων. τίς γὰρ οὐκ ἀπεκείρατο, ἐπειδὴ τὼ δύο ταλάντω
					ἐξ Ἀκῆς<note resp="Loeb" anchored="true"><foreign xml:lang="grc">ἐξ
							Ἀκῆς</foreign>Valckenaer: <foreign xml:lang="grc"
						>ἑξάκις.</foreign></note> ἠλθέτην<note resp="Loeb" anchored="true"><foreign
							xml:lang="grc">ἠλθέτην</foreign>Herwerden: <foreign xml:lang="grc"
							>-ον.</foreign></note>; ἢ τίς οὐ μέλαν ἱμάτιον ἐφόρησεν,<note
						resp="Loeb" anchored="true"><foreign xml:lang="grc"
						>ἐφόρησεν</foreign>Baiter-Sauppe: <foreign xml:lang="grc"
							>ἐφόρεσεν.</foreign></note> ὡς διὰ τὸ πένθος κληρονομήσων τῆς οὐσίας; ἢ
					πόσοι συγγενεῖς καὶ ὑεῖς κατὰ δόσιν προσεποιήσαντο τῶν Νικοστράτου; </p>
			</div>
			<div n="8" type="section">
				<p>Δημοσθένης μέν γε ἀδελφιδοῦς ἔφη αὐτῷ εἶναι, ἐπειδὴ δʼ ἐξηλέγχθη ὑπὸ τούτων,
					ἀπέστη· Τήλεφος δὲ δοῦναι αὑτῷ Νικόστρατον ἅπαντα τὰ ἑαυτοῦ. καὶ οὗτος οὐ πολλῷ
					ὕστερον ἐπαύσατο. Ἀμεινιάδης<note resp="Loeb" anchored="true"><foreign
							xml:lang="grc">Ἀμεινιάδης</foreign>Baiter-Sauppe: <foreign
							xml:lang="grc">Ἀμεν-.</foreign></note> δὲ ὑὸν αὐτῷ πρὸς τὸν ἄρχοντα ἧκεν
					ἄγων οὐδὲ τριετῆ γεγονότα, καὶ ταῦτʼ οὐκ ἐπιδεδημηκότος τοῦ Νικοστράτου ἕνδεκα
					ἐτῶν Ἀθήνησι. </p>
			</div>
			<div n="9" type="section">
				<p>Πύρρος δὲ ὁ Λαμπτρεὺς τῇ μὲν Ἀθηνᾷ ἔφη τὰ χρήματα ὑπὸ Νικοστράτου καθιερῶσθαι,
					αὐτῷ δʼ ὑπʼ αὐτοῦ ἐκείνου δεδόσθαι. Κτησίας<note resp="Loeb" anchored="true"
							><foreign xml:lang="grc">Κτησίας</foreign>Reiske: <foreign
							xml:lang="grc">κτῆσις.</foreign></note> δʼ ὁ Βησαιεὺς καὶ Κραναὸς τὸ μὲν
					πρῶτον δίκην ἔφασαν τοῦ Νικοστράτου ταλάντου καταδεδικάσθαι, ἐπειδὴ δʼ οὐκ εἶχον
					τοῦτο ἀποδεῖξαι, ἀπελεύθερον αὐτὸν ἑαυτῶν προσεποιήσαντο εἶναι· καὶ οὐδʼ οὗτοι ἃ
					ἔλεγον ἀπέδειξαν. </p>
			</div>
			<div n="10" type="section">
				<p>καὶ οἱ μὲν εὐθὺς κατὰ τὰ πρῶτα ἐπὶ τὰ Νικοστράτου ᾁξαντες οὗτοί εἰσι· Χαριάδης δὲ
					τότε μὲν οὐδαμοῦ ἠμφισβήτησεν, ὕστερον δὲ οὐ μόνον αὐτὸς ltαὑτὸνgt<note
						resp="Loeb" anchored="true"><foreign xml:lang="grc">αὑτὸν</foreign>add.
						Boekmeijer.</note> ἀλλὰ καὶ τὸ ἐκ τῆς ἑταίρας παιδίον εἰσποιῶν ἦλθε.
						ταὐτὸ<note resp="Loeb" anchored="true"><foreign xml:lang="grc"
							>ταὐτὸ</foreign>Sauppe: <foreign xml:lang="grc">τοῦτο.</foreign></note>
					δʼ ἦν αὐτῷ ὡς ἢ τῶν χρημάτων κληρονομήσοντι ἢ τὸ παιδίον ἀστὸν ποιήσοντι.
					αἰσθόμενος δὲ καὶ οὗτος ὅτι περὶ τοῦ γένους ἐλεγχθήσοιτο, τὴν μὲν τοῦ παιδίου
					ἀμφισβήτησιν παρέλυσεν, ἑαυτῷ δὲ κατὰ δόσιν παρακατέβαλεν. </p>
			</div>
			<div n="11" type="section">
				<p><milestone ed="P" unit="para"/>ἐχρῆν μὲν οὖν, ὦ ἄνδρες, ὅστις κατὰ δόσιν χρημάτων
					ἀμφισβητῶν ἡττηθείη, μὴ κατὰ τὸ τέλος ζημιοῦσθαι, ἀλλʼ ἐφʼ ὅσα περ ληψόμενος
						ᾔει,<note resp="Loeb" anchored="true"><foreign xml:lang="grc"
						>ᾔει</foreign>Bekker: <foreign xml:lang="grc">ἴη.</foreign></note> τοσαῦτα
					τῇ πόλει ἀποτίνειν· οὕτω γὰρ ltἂνgt<note resp="Loeb" anchored="true"><foreign
							xml:lang="grc">ἂν</foreign>add. Reiske.</note> οὔθʼ οἱ νόμοι
					κατεφρονοῦντο οὔτε τὰ γένη ὑβρίζετο, πρὸ δὲ τούτων οὐδʼ ἂν τῶν τεθνεώτων οὐδεὶς
					κατεψεύδετο. ἐπειδὴ δὲ ἅπασι καὶ τῶν ἀλλοτρίων ἁπάντων, καθʼ ὅ τι ἄν τις
					βούληται, ἀμφισβητεῖν ἔξεστιν, ὑμᾶς χρὴ περὶ αὐτῶν ὡς οἷόν τʼ ἀκριβέστατα
					ἐξετάζειν καὶ μηδὲν εἰς ὅσον δύνασθε παραλείπειν.</p>
			</div>
			<div n="12" type="section">
				<p>ἐν μόναις δὲ ταῖς τῶν κλήρων εἰσαγωγαῖς δοκεῖ μοι προσήκειν τεκμηρίοις μᾶλλον ἢ
					μάρτυσι πιστεύειν. περὶ μὲν γὰρ τῶν ἄλλων συμβολαίων οὐ πάνυ χαλεπὸν τοὺς τὰ
					ψευδῆ μαρτυροῦντας ἐλέγχειν· ζῶντος γὰρ καὶ παρόντος τοῦ πράξαντος
					καταμαρτυροῦσι· περὶ δὲ τῶν διαθηκῶν πῶς ἄν τις γνοίη τοὺς μὴ τἀληθῆ λέγοντας,
					εἰ μὴ πάνυ μεγάλα τὰ διαφέροντα εἴη, αὐτοῦ μὲν καθʼ οὗ μαρτυροῦσι τεθνεῶτος, τῶν
					δὲ συγγενῶν μηδὲν τῶν πεπραγμένων εἰδότων, τοῦ δὲ ἐλέγχου μηδαμῶς ἀκριβοῦς
					γιγνομένου; </p>
			</div>
			<div n="13" type="section">
				<p>ἔτι δέ, ὦ ἄνδρες, καὶ τῶν διατιθεμένων οἱ πολλοὶ οὐδὲ λέγουσι τοῖς
					παραγιγνομένοις ὅ τι διατίθενται, ἀλλʼ αὐτοῦ μόνου, τοῦ καταλιπεῖν διαθήκας,
					μάρτυρας παρίστανται, τοῦ δὲ συμβαίνοντός ἐστι καὶ γραμματεῖον ἀλλαγῆναι καὶ
					τἀναντία ταῖς τοῦ τεθνεῶτος διαθήκαις μεταγραφῆναι· οὐδὲν γὰρ μᾶλλον οἱ μάρτυρες
					εἴσονται, εἰ ἐφʼ αἷς ἐκλήθησαν διαθήκαις, αὗται ἀποφαίνονται.<note resp="Loeb"
						anchored="true"><foreign xml:lang="grc">ἀποφαίνονται</foreign>Dobree:
							<foreign xml:lang="grc">-οιντο.</foreign></note>
				</p>
			</div>
			<div n="14" type="section">
				<p>ὁπότε δὲ καὶ τοὺς ὁμολογουμένως παραγενομένους οἷόν τʼ ἐστὶν ἐξαπατῆσαι, πῶς οὐκ
					ἂν ὑμᾶς γε τοὺς μηδὲν τοῦ πράγματος εἰδότας πολὺ [;μᾶλλον]; ἑτοιμότερόν τις
					παρακρούσασθαι ἐγχειρήσειεν<note resp="Loeb" anchored="true"><foreign
							xml:lang="grc">ἐγχειρήσειεν</foreign>Scheibe: <foreign xml:lang="grc"
							>-ήσαι.</foreign></note>;<milestone ed="P" unit="para"/>ἀλλὰ μὴν καὶ ὁ
					νόμος, ὦ ἄνδρες, οὐκ ἐάν τις διαθῆται μόνον, κυρίας εἶναι κελεύει τὰς διαθήκας,
					ἀλλὰ ἐὰν εὖ φρονῶν. σκεπτέον δὴ<note resp="Loeb" anchored="true"><foreign
							xml:lang="grc">δὴ</foreign>Reiske: <foreign xml:lang="grc"
						>δʼ.</foreign></note> ὑμῖν πρῶτον μὲν εἰ ἐποιήσατο τὰς διαθήκας, ἔπειτα εἰ
					μὴ παρανοῶν διέθετο. </p>
			</div>
			<div n="15" type="section">
				<p>ἀντιλεγόντων δʼ ἡμῶν μηδὲ τὸ παράπαν γενέσθαι τὰς διαθήκας, ἐκ τίνος ἂν τρόπου,
					εἴ τις παρανοῶν διέθετο, γνοίητε, πρὶν περὶ αὐτοῦ τοῦ διαθέσθαι πιστεῦσαι; τοὺς
					μὲν οὖν κατὰ τὴν δόσιν ἀμφισβητοῦντας ὁρᾶτε ὅσον ἔργον ἐστὶν αἰσθέσθαι εἰ ἀληθῆ
					λέγουσι, τοὺς δὲ κατὰ τὸ γένος πρῶτον μὲν οὐδὲν δεῖ μάρτυρας παρασχέσθαι ὡς
					αὑτῶν ἐστιν ὁ κλῆρος (παρὰ πάντων γὰρ ὡμολόγηται τοῖς ἐγγυτάτω γένους τὰ τοῦ
					τελευτήσαντος γίγνεσθαι), </p>
			</div>
			<div n="16" type="section">
				<p>ἔπειτα οἱ νόμοι οὐ μόνον οἱ περὶ τῶν γενῶν ἀλλὰ καὶ οἱ περὶ τῶν δόσεων τοῖς
					συγγενέσι βοηθοῦσι. δοῦναι μὲν γὰρ ὁ νόμος οὐδενὶ ἐᾷ τὰ ἑαυτοῦ, ἐὰν ὑπὸ γήρως ἢ
					ὑπὸ νόσου ἢ ὑπὸ τῶν ἄλλων ἃ καὶ ὑμεῖς ἴστε παρανοήσῃ· κατὰ δὲ τὸ γένος καὶ τὰ
					τοῦ ὁπωσοῦν διακειμένου ὁ ἐγγύτατα γένους ἀναμφισβητήτως λαμβάνει. </p>
			</div>
			<div n="17" type="section">
				<p>χωρὶς δὲ τούτων ταῖς μὲν διαθήκαις διὰ μαρτύρων ὑμᾶς δεῖ πιστεῦσαι, ὑφʼ ὧν ἔνι
					καὶ ἐξαπατηθῆναι (οὐ γὰρ ἂν ἦσαν ψευδομαρτυρίων ἐπισκήψεις), τῇ δʼ ἀγχιστείᾳ διʼ
					ὑμῶν αὐτῶν· κατὰ γὰρ τοὺς νόμους οἱ συγγενεῖς ἀμφισβητοῦσιν, οὓς ὑμεῖς ἔθεσθε.
				</p>
			</div>
			<div n="18" type="section">
				<p>πρὸς δὲ τούτοις, ὦ ἄνδρες, εἰ μὲν οἱ κατὰ τὰς διαθήκας ἀμφισβητοῦντες
					ὁμολογουμένως Νικοστράτῳ ἐπιτήδειοι ὄντες ἐτύγχανον, τὸ μὲν ἀκριβὲς οὐδʼ ἂν
					οὕτως, ὅμως μέντοι μᾶλλον εἰκὸς ἦν ἀληθεῖς εἶναι δόξειν τὰς διαθήκας· ἤδη γάρ
					τινες οὐκ εὖ διακείμενοι τοῖς συγγενέσιν ὀθνείους φίλους τῶν πάνυ σφόδρα
					προσηκόντων περὶ πλείονος ἐποιήσαντο· νῦν δὲ οὔτε συσσίτους οὔτε φίλους οὔτʼ ἐν
					τάξει τῇ αὐτῇ<gap/>τούτων δʼ ὑμῖν μάρτυρας ἁπάντων παρεσχήμεθα. </p>
			</div>
			<div n="19" type="section">
				<p>ὃ δὲ μέγιστον, καὶ μάλιστα τῆς Χαριάδου ἀναιδείας καταμαρτυρεῖ, τοῦτο σκέψασθε.
					ὅπου γὰρ τὸν αὑτὸν ποιησάμενον οὔτʼ ἀποθανόντα ἀνείλετο οὔτʼ ἔκαυσεν οὔτε
					ὠστολόγησεν, ἀλλὰ πάντα τοῖς μηδὲν προσήκουσι παρῆκε ποιῆσαι, πῶς οὐκ
						ltἂνgt<note resp="Loeb" anchored="true"><foreign xml:lang="grc"
						>ἂν</foreign>add. Bekker.</note> ἀνοσιώτατος εἴη, ὃς τῷ τεθνεῶτι μηδὲν τῶν
					νομιζομένων ποιήσας τῶν χρημάτων αὐτοῦ κληρονομεῖν ἀξιοῖ; </p>
			</div>
			<div n="20" type="section">
				<p>ἀλλὰ νὴ Δία ἐπειδὴ τούτων οὐδὲν ἐποίησε, τὴν οὐσίαν τοῦ Νικοστράτου<note
						resp="Loeb" anchored="true"><foreign xml:lang="grc"
						>Νικοστράτου</foreign>schedae *etonenses: <foreign xml:lang="grc"
							>στρατονίκου.</foreign></note> διεχείρισεν; ἀλλὰ καὶ ταῦτα μεμαρτύρηται
					ὑμῖν, καὶ τὰ πλεῖστα οὐδʼ αὐτὸς ἀρνεῖται. προφάσεις δὲ οἴομαι ἀναγκαίας ἐφʼ
					ἑκάστας τῶν πράξεων εὑρῆσθαι· τί γὰρ ὑπολείπεται τῷ διαρρήδην ὁμολογοῦντι; </p>
			</div>
			<div n="21" type="section">
				<p><milestone ed="P" unit="para"/>σαφῶς μὲν οὖν ἴστε, ὦ ἄνδρες, ὅτι οὗτοι οὐ δικαίως
					τῶν Νικοστράτου<note resp="Loeb" anchored="true"><foreign xml:lang="grc"
							>μόνος</foreign>Rarabasileiou: <foreign xml:lang="grc"
						>μόνον.</foreign></note> ἐφίενται, ἀλλὰ βούλονται μὲν ὑμᾶς ἐξαπατῆσαι,
					τουτουσὶ δὲ συγγενεῖς ὄντας ἐκείνου, ἃ οἱ νόμοι ἔδοσαν αὐτοῖς, ἀποστερῆσαι. οὐ
						μόνος<note resp="Loeb" anchored="true"><foreign xml:lang="grc"
							>ἔσται</foreign>add. Scheibe.</note> δὲ Χαριάδης τοῦτο πεποίηκεν, ἀλλὰ
					καὶ ἄλλοι πολλοὶ ἤδη τῶν ἐν τῇ ὑπερορίᾳ ἀποθνῃσκόντων οὐδὲ γιγνώσκοντες ἐνίους
					τῆς οὐσίας ἠμφισβήτησαν· </p>
			</div>
			<div n="22" type="section">
				<p>ἐνθυμοῦνται γὰρ ὅτι κατορθώσασι μὲν ltἔσταιgt<note resp="Loeb" anchored="true"
							><foreign xml:lang="grc">ltὑφgtηγοῦνται</foreign>Schoemann.</note> τὰ
					ἀλλότρια ἔχειν, διαμαρτοῦσι δὲ μικρὸς ὁ κίνδυνος· μαρτυρεῖν δὲ καὶ τὰ ψευδῆ
					τινες ἐθέλουσιν, οἱ δʼ ἔλεγχοι περὶ ἀφανῶν. συνελόντι πολὺ τὸ διαφέρον κατὰ
					γένος ἢ κατὰ δόσιν ἀμφισβητεῖν. ἀλλʼ ὑμᾶς χρή, ὦ ἄνδρες, πρῶτον μὲν τὰς διαθήκας
					σκοπεῖν, εἰ δοκοῦσι γενέσθαι· τοῦτο γὰρ οἵ τε νόμοι ltὑφgtηγοῦνται καὶ
					δικαιότατόν ἐστι. </p>
			</div>
			<div n="23" type="section">
				<p>μὴ σαφῶς δὲ μήτʼ αὐτοὺς τὴν ἀλήθειαν εἰδότας, μήτε τῶν μαρτύρων τοῦ τελευτήσαντος
					ἐπιτηδείων ὄντων, ἀλλὰ Χαριάδου τοῦ τἀλλότρια βουλομένου λαβεῖν, τί ἂν εἴη<note
						resp="Loeb" anchored="true"><foreign xml:lang="grc">ἂν εἴη</foreign>Reiske:
							<foreign xml:lang="grc">ἄν τι.</foreign></note> δικαιότερον ἢ τοῖς
					συγγενέσι τὰ τοῦ συγγενοῦς ψηφίζεσθαι; καὶ γὰρ εἴ τι οἵδε ἔπαθον, οὐδενὶ ἂν ἄλλῳ
					ἢ Νικοστράτῳ τὰ τούτων ἐγένετο<note resp="Loeb" anchored="true"><foreign
							xml:lang="grc">ἐγένετο</foreign>M, Bekker: <foreign xml:lang="grc"
							>ἐγένοντο.</foreign></note> · κατὰ γὰρ τὸ αὐτὸ γένος ἂν ἠμφισβήτει,
					ἀνεψιὸς ὢν αὐτοῖς ἐκ πατραδέλφων. </p>
			</div>
			<div n="24" type="section">
				<p>μὰ Δίʼ ἀλλʼ οὐκ ἔστιν ὁ Ἅγνων οὐδʼ ὁ Ἁγνόθεος τοῦ Νικοστράτου συγγενής,<note
						resp="Loeb" anchored="true"><foreign xml:lang="grc"
						>συγγενής</foreign>Stephanus: <foreign xml:lang="grc">-εῖς.</foreign></note>
					ὡς οἱ ἀντίδικοί φασιν, ἀλλʼ ἕτεροι. ἔπειτα τῷ μὲν κατὰ τὴν δόσιν τοῦ κλήρου
					λαχόντι μαρτυροῦσιν, αὐτοὶ δὲ κατὰ τὸ γένος οὐκ ἀμφισβητήσουσιν; οὐ γὰρ εἰς
					τοῦτό γε ἀνοίας ἥκουσιν ὥστε πιστεύσαντες ταῖς διαθήκαις οὕτω ῥᾳδίως τοσούτων
					χρημάτων ἀφίστανται. ἀλλὰ μὴν καὶ ἐξ ὧν αὐτοὶ οὗτοι λέγουσι, τούσδε τοῖς
					συγγενέσιν αὐτοῖς ἐπιδικάσασθαι συμφέρει τῶν Νικοστράτου μᾶλλον ἢ Χαριάδην. </p>
			</div>
			<div n="25" type="section">
				<p>εἰς γὰρ τὸν λοιπὸν χρόνον, εἰ μὲν οἵδε κατὰ τὸ γένος ἀμφισβητοῦντες λήψονται τὸν
					κλῆρον, ἐξέσται καὶ τούτοις, ὁπόταν βούλωνται, κατὰ τὸ γένος λαχοῦσιν ἐπιδεῖξαι
					ὑμῖν ὡς αὐτοὶ ἐγγυτέρω ἦσαν τοῦ Νικοστράτου, καὶ ὡς Σμίκρου ἦν καὶ οὐ
					Θρασυμάχου· ἐὰν δὲ Χαριάδης αὐτῶν κληρονομήσῃ, οὐκ ἔσται οὐδενὶ συγγενεῖ ἐπὶ τὰ
					Νικοστράτου ἐλθεῖν. κατὰ δόσιν γὰρ ἔχοντος τοῦ ἐπιδεδικασμένου, τί φανοῦνται
					λέγοντες οἱ κατὰ [;τὸ]; γένος λαγχάνοντες; </p>
			</div>
			<div n="26" type="section">
				<p><milestone ed="P" unit="para"/>ὅπερ ἂν οὖν καὶ ὑμῶν ἕκαστος ἀξιώσειε, τοῦτο καὶ
					τουτοισὶ τοῖς νεανίσκοις βεβαιώσατε. παρέσχοντο δʼ ὑμῖν μάρτυρας πρῶτον μὲν ὡς
					ἀνεψιοί εἰσιν ἐκ πατραδέλφων Νικοστράτου, ἔπειτα δὲ ὡς οὐδεπώποτε ἐκείνῳ<note
						resp="Loeb" anchored="true"><foreign xml:lang="grc">ἐκείνῳ</foreign>Aldus:
							<foreign xml:lang="grc">ἐκεῖνοι.</foreign></note> διάφοροι ἦσαν, ἔτι δὲ
					καὶ ὡς ἔθαψαν Νικόστρατον, πρὸς δὲ τούτοις ὡς Χαριάδης οὑτοσὶ οὐδαμῶς οὔτʼ<note
						resp="Loeb" anchored="true"><foreign xml:lang="grc">οὔτʼ</foreign>Bekker:
							<foreign xml:lang="grc">οὐδʼ.</foreign></note> ἐνθάδε οὔτʼ ἐπὶ
					στρατεύματι ἐχρῆτο Νικοστράτῳ, ἔτι δὲ καὶ τὴν κοινωνίαν, ᾗ μάλισθʼ οὗτος
					ἰσχυρίζεται, ψευδῆ οὖσαν. </p>
			</div>
			<div n="27" type="section">
				<p><milestone ed="P" unit="para"/>καὶ ἄνευ τούτων, ὦ ἄνδρες, ἄξιον ὑμῖν ἐξετάσαι
					ἑκατέρους αὐτῶν οἷοί εἰσι. Θράσιππος μὲν γὰρ ὁ Ἅγνωνος καὶ Ἁγνοθέου πατὴρ ἤδη τι
					καὶ ἐλῃτούργησεν ὑμῖν καὶ εἰσήνεγκε, καὶ ἄλλως σπουδαῖος ἦν πολίτης· αὐτοὶ δὲ
					οὗτοι οὔτε ἀποδεδημήκασιν οὐδαμοῖ<note resp="Loeb" anchored="true"><foreign
							xml:lang="grc">οὐδαμοῖ</foreign>Bekker: <foreign xml:lang="grc"
							>-μῆ.</foreign></note> πώποτε, ὅποι ἂν μὴ ὑμεῖς προστάξητε, οὔτʼ ἐνθάδε
					μένοντες ἄχρηστοί εἰσι τῇ πόλει, ἀλλὰ καὶ στρατεύονται καὶ εἰσφέρουσι καὶ τἆλλα
					πάντα ποιοῦσι τὰ προσταττόμενα καὶ αὑτούς (ὡς πάντες ἴσασι) κοσμίους παρέχουσιν,
				</p>
			</div>
			<div n="28" type="section">
				<p>ὥστε πολὺ μᾶλλον τούτους προσήκει κατὰ δόσιν τῶν χρημάτων τῶν Νικοστράτου ἢ
					Χαριάδην ἀμφισβητεῖν. οὗτος γάρ, ὅτʼ ἐπεδήμει ἐνθάδε, πρῶτον μὲν εἰς τὸ
					δεσμωτήριον ὡς κλέπτης ὢν ἐπʼ αὐτοφώρῳ ἀπήχθη, τότε δὲ ἀφεθεὶς μεθʼ ἑτέρων τινῶν
					ὑπὸ τῶν ἕνδεκα, οὓς δημοσίᾳ ἅπαντας ὑμεῖς ἀπεκτείνατε, πάλιν ἀπογραφεὶς εἰς τὴν
					βουλὴν κακουργῶν, ὑποχωρῶν ᾤχετο καὶ οὐχ ὑπήκουσεν, </p>
			</div>
			<div n="29" type="section">
				<p>ἀλλʼ ἀπʼ ἐκείνου ἑπτακαίδεκα ἐτῶν Ἀθήναζε οὐκ ἀφίκετο, πλὴν ἐπειδὴ Νικόστρατος
					ἀπέθανε. καὶ ὑπὲρ μὲν ὑμῶν οὔτε στρατείαν οὐδεμίαν ἐστράτευται οὔτε εἰσφορὰν
					οὐδεμίαν εἰσενήνοχε, πλὴν εἴ τι ἄρα ἐξ ὅτου τῶν Νικοστράτου ἠμφισβήτησεν, οὔτʼ
					ἄλλʼ οὐδὲν ὑμῖν λελῃτούργηκεν. ἔπειτα τοιοῦτος ὢν οὐκ ἀγαπᾷ εἰ μὴ τῶν
					ἡμαρτημένων δίκην δώσει, ἀλλὰ καὶ τῶν ἀλλοτρίων ἀμφισβητεῖ. </p>
			</div>
			<div n="30" type="section">
				<p>εἰ μὲν οὖν οἵδε φιλοπράγμονες ἢ ἄλλοις ὅμοιοι πολίταις ἦσαν, ἴσως ἂν οὐ περὶ τῶν
					Νικοστράτου χρημάτων ἠμφισβήτει, ἀλλʼ ὑπὲρ τοῦ σώματος ἠγωνίζετο· νῦν δʼ, ὦ
					ἄνδρες δικασταί, τοῦτον μὲν ἄλλος, ἐάν τις βούληται, τιμωρήσεται, </p>
			</div>
			<div n="31" type="section">
				<p>τουτοισὶ δʼ ὑμεῖς βοηθήσατε, καὶ μὴ περὶ πλείονος ποιήσησθε τοὺς ἀδίκως τἀλλότρια
					ἔχειν βουλομένους ἢ τοὺς γένει τῷ τεθνεῶτι προσήκοντας καὶ χωρὶς τούτων ἤδη τι
					ἐκεῖνον εὐεργετηκότας, ἀλλὰ καὶ τῶν νόμων ἀναμνησθέντες καὶ τῶν ὅρκων οὓς
					ὠμόσατε, πρὸς δὲ τούτοις καὶ τῶν μαρτυριῶν ἃς ἡμεῖς παρεσχήμεθα, τὰ δίκαια
					ψηφίσασθε.</p>
			</div>
		</body>
	</text>
</TEI>
