<?xml version="1.0" encoding="UTF-8"?>
<?xml-model href="http://www.stoa.org/epidoc/schema/latest/tei-epidoc.rng" schematypens="http://relaxng.org/ns/structure/1.0"?>
<TEI xmlns="http://www.tei-c.org/ns/1.0">
  <teiHeader>
    <fileDesc>
      <titleStmt>
        <title>To Demonicus</title>
        <title type="sub">Machine readable text</title>
        <author>Isocrates</author>
        <editor role="editor">George Norlin</editor>
        <sponsor>Perseus Project, Tufts University</sponsor>
        <principal>Gregory Crane</principal>
        <respStmt>
          <resp>Prepared under the supervision of</resp>
          <name>Lisa Cerrato</name>
          <name>William Merrill</name>
          <name>Elli Mylonas</name>
          <name>David Smith</name>
        </respStmt>
        <funder n="org:AnnCPB">The Annenberg CPB/Project</funder>

      </titleStmt>
      <publicationStmt>
        <publisher>Trustees of Tufts University</publisher>
        <pubPlace>Medford, MA</pubPlace>
        <authority>Perseus Project</authority>
      </publicationStmt>

      <sourceDesc>
        <bibl>
          <author>Isocrates</author>
          <title>Isocrates with an English Translation in three volumes, by George Norlin, Ph.D.,
            LL.D.</title>
          <publisher>Cambridge, MA, Harvard University Press; London, William Heinemann
            Ltd.</publisher>
          <biblScope unit="volume">1</biblScope>
          <date type="print">1928</date>
          <date type="reprint">1980</date>
        </bibl>
      </sourceDesc>
    </fileDesc>

    <encodingDesc>
      <refsDecl n="CTS">
        <cRefPattern n="section"
          matchPattern="(\\w+)"
          replacementPattern="#xpath(/tei:TEI/tei:text/tei:body/tei:div/tei:div[@n=\'$1\'])">
          <p>This pointer pattern extracts section</p>
        </cRefPattern>
      </refsDecl>
      <refsDecl>
        <refState n="chunk context" unit="section"/>
      </refsDecl>
    </encodingDesc>
    
    <profileDesc>
      <langUsage>
        <language ident="eng">English </language>
        <language ident="grc">Greek </language>
      </langUsage>

      <textClass xml:id="gen.epideictic">
        <keywords>
          <term>Epideictic</term>
        </keywords>
      </textClass>
      <textClass xml:id="gen.forensic.prosecution">
        <keywords>
          <term>Forensic Prosecution</term>
        </keywords>
      </textClass>
      <textClass xml:id="gen.forensic.defense">
        <keywords>
          <term>Forensic Defense</term>
        </keywords>
      </textClass>
      <textClass xml:id="gen.estate.claim">
        <keywords>
          <term>Claim against an Estate</term>
        </keywords>
      </textClass>
    </profileDesc>

    <revisionDesc>
      <!--
      <change><date>April 1992</date>
	<respStmt><name>W. Merrill</name><resp>ed.</resp></respStmt>
	<item>Threw out isoc.gk.sgml because first letter of each line was missing. Started from scratch again from isoc.gk.raw. Change markup in accordance with orator dtd</item>
      </change>
      <change><date>June 1992</date>
	<respStmt><name>W. Merrill</name><resp>ed.</resp></respStmt>
	<item>put speeches in numerical order. Consolidated files.</item>
      </change>
      <change><date>June 1995</date>
	<respStmt><name>Lisa Cerrato</name><resp>ed.</resp></respStmt>
	<item>made section after 11.21 11.22. It was 11.37.</item>
      </change>
      <change><date>1 March 2000</date>
	<respStmt><name>David Smith</name><resp>ed.</resp></respStmt>
	<item>
$Log: isoc.orat_gk.xml,v $
Revision 1.1  2009-11-24 20:08:29  rsingh04
moved more xml files around based on copyright status

Revision 1.4  2009/06/24 16:04:24  lcerrato
fixed bad bibls

Revision 1.3  2009/06/11 17:56:55  student
fixed bibl errors - zr

Revision 1.2  2006/02/10 21:10:24  packel
places/dates now actually tagged

Revision 1.1  2005/08/01 18:01:20  packel
split up letters and speeches

Revision 1.1  2005/07/25 14:37:37  packel
Converted to XML
	
Revision 1.12  2003/07/01 22:17:05  yorkc
Updated texts to TEI P4 and Perseus P4 extensions; minor cleanup (esp. character encodings and typos.)

Revision 1.11  2000/10/24 16:30:03  lcerrato
repetition of end of word in 7.38 eliminated

Revision 1.10  2000/03/22 17:08:04  dasmith
Corrected title of fifth letter.

Revision 1.9  2000/03/04 20:34:40  dasmith
Added separate funder entity to TEI header.

Revision 1.8  2000/03/01 22:22:15  dasmith
Only look up speeches in the orat. subdoc.

Revision 1.7  2000/03/01 22:15:43  dasmith
Can't have tags in change log.

Revision 1.6  2000/03/01 22:14:46  dasmith
Erroneously copied lttext xml:lang=engt from English file.

Revision 1.5  2000/03/01 22:08:47  dasmith
Converted to TEI P3.
Wrap letters in DIV1 so we can cite them as "L. 4.3" within doc.


      </item></change>
    <change><date>July 2014</date>
    <respStmt><name>Stella Dee</name><resp>ed.</resp></respStmt>
    <item>split speeches and converted to unicode</item>
      </change></change>-->
      <change when="2014-10-01" who="Stella Dee">edited markup</change>
    </revisionDesc>
  </teiHeader>
  <text xml:lang="grc">
    <body>
      <div type="edition" n="urn:cts:greekLit:tlg0010.tlg007.perseus-grc2" xml:lang="grc">
      <div subtype="section" type="textpart" n="1">
        <p> ἐν πολλοῖς μέν, ὦ Δημόνικε, πολὺ διεστώσας εὑρήσομεν τάς τε τῶν σπουδαίων γνώμας καὶ τὰς
          τῶν φαύλων διανοίας· πολὺ δὲ μεγίστην διαφορὰν εἰλήφασιν ἐν ταῖς πρὸς ἀλλήλους συνηθείαις·
          οἱ μὲν γὰρ τοὺς φίλους παρόντας μόνον τιμῶσιν, οἱ δὲ καὶ μακρὰν ἀπόντας ἀγαπῶσι· καὶ τὰς
          μὲν τῶν φαύλων συνηθείας ὀλίγος χρόνος διέλυσε, τὰς δὲ τῶν σπουδαίων φιλίας οὐδʼ ἂν ὁ πᾶς
          αἰὼν ἐξαλείψειεν. </p>
      </div>
      <div subtype="section" type="textpart" n="2">
        <p>ἡγούμενος οὖν πρέπειν τοὺς δόξης ὀρεγομένους καὶ παιδείας ἀντιποιουμένους τῶν σπουδαίων
          ἀλλὰ μὴ τῶν φαύλων εἶναι μιμητάς, ἀπέσταλκά σοι τόνδε τὸν λόγον δῶρον, τεκμήριον μὲν τῆς
          πρὸς ὑμᾶς εὐνοίας, σημεῖον δὲ τῆς πρὸς Ἱππόνικον συνηθείας· πρέπει γὰρ τοὺς παῖδας, ὥσπερ
          τῆς οὐσίας, οὕτω καὶ τῆς φιλίας τῆς πατρικῆς κληρονομεῖν. </p>
      </div>
      <div subtype="section" type="textpart" n="3">
        <p>ὁρῶ δὲ καὶ τὴν τύχην ἡμῖν συλλαμβάνουσαν καὶ τὸν παρόντα καιρὸν συναγωνιζόμενον· σὺ μὲν
          γὰρ παιδείας ἐπιθυμεῖς, ἐγὼ δὲ παιδεύειν ἄλλους ἐπιχειρῶ, καὶ σοὶ μὲν ἀκμὴ φιλοσοφεῖν, ἐγὼ
          δὲ τοὺς φιλοσοφοῦντας ἐπανορθῶ.</p>
      
      <milestone unit="para" ed="P"/>
        <p>ὅσοι μὲν οὖν πρὸς τοὺς ἑαυτῶν φίλους τοὺς προτρεπτικοὺς λόγους συγγράφουσι, καλὸν μὲν
          ἔργον ἐπιχειροῦσιν, </p>
      </div>
      <div subtype="section" type="textpart" n="4">
        <p>οὐ μὴν περί γε τὸ κράτιστον τῆς φιλοσοφίας διατρίβουσιν· ὅσοι δὲ τοῖς νεωτέροις
          εἰσηγοῦνται μὴ διʼ ὧν τὴν δεινότητα τὴν ἐν τοῖς λόγοις ἀσκήσουσιν, ἀλλʼ ὅπως τὰ τῶν τρόπων
          ἤθη σπουδαῖοι πεφυκέναι δόξουσι, τοσούτῳ μᾶλλον ἐκείνων τοὺς ἀκούοντας ὠφελοῦσιν, ὅσον οἱ
          μὲν ἐπὶ λόγον παρακαλοῦσιν, οἱ δὲ τὸν τρόπον αὐτῶν ἐπανορθοῦσι. </p>
      </div>
      <div subtype="section" type="textpart" n="5">
        <p>διόπερ ἡμεῖς οὐ παράκλησιν εὑρόντες ἀλλὰ παραίνεσιν γράψαντες, μέλλομέν σοι συμβουλεύειν
          ὧν χρὴ τοὺς νεωτέρους ὀρέγεσθαι καὶ τίνων ἔργων ἀπέχεσθαι καὶ ποίοις τισὶν ἀνθρώποις
          ὁμιλεῖν καὶ πῶς τὸν ἑαυτῶν βίον οἰκονομεῖν. ὅσοι γὰρ τοῦ βίου ταύτην τὴν ὁδὸν ἐπορεύθησαν,
          οὗτοι μόνοι τῆς ἀρετῆς ἐφικέσθαι γνησίως ἠδυνήθησαν, ἧς οὐδὲν κτῆμα σεμνότερον οὐδὲ
          βεβαιότερόν ἐστι. </p>
      </div>
      <div subtype="section" type="textpart" n="6">
        <p>κάλλος μὲν γὰρ ἢ χρόνος ἀνήλωσεν ἢ νόσος ἐμάρανε· πλοῦτος δὲ κακίας μᾶλλον ἢ καλοκαγαθίας
          ὑπηρέτης ἐστίν, ἐξουσίαν μὲν τῇ ῥᾳθυμίᾳ παρασκευάζων, ἐπὶ δὲ τὰς ἡδονὰς τοὺς νέους
          παρακαλῶν· ῥώμη δὲ μετὰ μὲν φρονήσεως ὠφέλησεν, ἄνευ δὲ ταύτης πλείω τοὺς ἔχοντας
            ἔβλαψε,<note resp="ed" xml:lang="en" anchored="true"><foreign xml:lang="greek">ἔβλαψε Γ·
              ἐλυμήνατο Γ(5)Ζ.</foreign></note> καὶ τὰ μὲν σώματα τῶν ἀσκούντων ἐκόσμησε, ταῖς δὲ
          τῆς ψυχῆς ἐπιμελείαις ἐπεσκότησεν. </p>
      </div>
      <div subtype="section" type="textpart" n="7">
        <p>ἡ δὲ τῆς ἀρετῆς κτῆσις, οἷς ἂν ἀκιβδήλως ταῖς διανοίαις συναυξηθῇ, μόνη μὲν συγγηράσκει,
          πλούτου δὲ κρείττων, χρησιμωτέρα δὲ εὐγενείας ἐστί, τὰ μὲν τοῖς ἄλλοις ἀδύνατα δυνατὰ
          καθιστᾶσα, τὰ δὲ τῷ πλήθει φοβερὰ θαρσαλέως ὑπομένουσα, καὶ τὸν μὲν ὄκνον ψόγον, τὸν δὲ
          πόνον ἔπαινον ἡγουμένη. </p>
      </div>
      <div subtype="section" type="textpart" n="8">
        <p>ῥᾴδιον δὲ τοῦτο καταμαθεῖν ἐστιν ἔκ τε τῶν Ἡρακλέους ἄθλων καὶ τῶν Θησέως ἔργων, οἷς ἡ
          τῶν τρόπων ἀρετὴ τηλικοῦτον εὐδοξίας χαρακτῆρα τοῖς ἔργοις ἐπέβαλεν, ὥστε μηδὲ τὸν ἅπαντα
          χρόνον δύνασθαι λήθην ἐμποιῆσαι τῶν ἐκείνοις πεπραγμένων. </p>
      </div>
      <div subtype="section" type="textpart" n="9">
        <p>οὐ μὴν ἀλλὰ καὶ τὰς τοῦ πατρὸς προαιρέσεις ἀναμνησθεὶς οἰκεῖον καὶ καλὸν ἕξεις παράδειγμα
          τῶν ὑπʼ ἐμοῦ σοι λεγομένων. οὐ γὰρ ὀλιγωρῶν τῆς ἀρετῆς οὐδὲ ῥᾳθυμῶν διετέλεσε τὸν βίον,
          ἀλλὰ τὸ μὲν σῶμα τοῖς πόνοις ἐγύμναζε, τῇ δὲ ψυχῇ τοὺς κινδύνους ὑπέμενεν.<note resp="ed"
            xml:lang="en" anchored="true"><foreign xml:lang="greek">ὑπέμενεν Γ· ὑφίστατο
            Γ</foreign>(5).</note> οὐδὲ τὸν πλοῦτον παρακαίρως ἠγάπα, ἀλλʼ ἀπέλαυε μὲν τῶν παρόντων
          ἀγαθῶν ὡς θνητός, ἐπεμελεῖτο δὲ τῶν ὑπαρχόντων ὡς ἀθάνατος. </p>
      </div>
      <div subtype="section" type="textpart" n="10">
        <p>οὐδὲ ταπεινῶς διῴκει τὸν αὑτοῦ βίον, ἀλλὰ φιλόκαλος ἦν καὶ μεγαλοπρεπὴς καὶ τοῖς φίλοις
          κοινός, καὶ μᾶλλον ἐθαύμαζε τοὺς περὶ αὑτὸν σπουδάζοντας ἢ τοὺς γένει προσήκοντας· ἡγεῖτο
          γὰρ εἶναι πρὸς ἑταιρίαν πολλῷ κρείττω φύσιν νόμου καὶ τρόπον γένους καὶ προαίρεσιν
          ἀνάγκης. </p>
      </div>
      <div subtype="section" type="textpart" n="11">
        <p>ἐπιλίποι δʼ ἂν ἡμᾶς ὁ πᾶς χρόνος, εἰ πάσας τὰς ἐκείνου πράξεις καταριθμησαίμεθα. ἀλλὰ τὸ
          μὲν ἀκριβὲς αὐτῶν ἐν ἑτέροις καιροῖς δηλώσομεν, δεῖγμα δὲ τῆς Ἱππονίκου φύσεως νῦν
          ἐξενηνόχαμεν, πρὸς ὃν δεῖ ζῆν σε ὥσπερ πρὸς παράδειγμα, νόμον μὲν τὸν ἐκείνου τρόπον
          ἡγησάμενον, μιμητὴν δὲ καὶ ζηλωτὴν τῆς πατρῴας ἀρετῆς γιγνόμενον· αἰσχρὸν γὰρ τοὺς μὲν
          γραφεῖς ἀπεικάζειν τὰ καλὰ τῶν ζῴων, τοὺς δὲ παῖδας μὴ μιμεῖσθαι τοὺς σπουδαίους τῶν
          γονέων. </p>
      </div>
      <div subtype="section" type="textpart" n="12">
        <p>ἡγοῦ δὲ μηδενὶ τῶν ἀθλητῶν οὕτω προσήκειν ἐπὶ τοὺς ἀνταγωνιστὰς ἀσκεῖν, ὡς σοὶ σκοπεῖν
          ὅπως ἐφάμιλλος γενήσει τοῖς τοῦ πατρὸς ἐπιτηδεύμασιν. οὕτω δὲ τὴν γνώμην οὐ δυνατὸν
          διατεθῆναι τὸν μὴ πολλῶν καὶ καλῶν ἀκουσμάτων πεπληρωμένον· τὰ μὲν γὰρ σώματα τοῖς
          συμμέτροις πόνοις, ἡ δὲ ψυχὴ τοῖς σπουδαίοις λόγοις αὔξεσθαι πέφυκε. διόπερ ἐγώ σοι
          πειράσομαι συντόμως ὑποθέσθαι, διʼ ὧν ἄν μοι δοκεῖς ἐπιτηδευμάτων πλεῖστον πρὸς ἀρετὴν
          ἐπιδοῦναι καὶ παρὰ τοῖς ἄλλοις ἅπασιν ἀνθρώποις εὐδοκιμῆσαι. </p>
      </div>
      <div subtype="section" type="textpart" n="13">
        <p>πρῶτον μὲν οὖν εὐσέβει τὰ πρὸς τοὺς θεούς, μὴ μόνον θύων, ἀλλὰ καὶ τοῖς ὅρκοις ἐμμένων·
          ἐκεῖνο μὲν γὰρ τῆς τῶν χρημάτων εὐπορίας σημεῖον, τοῦτο δὲ τῆς τῶν τρόπων καλοκαγαθίας
          τεκμήριον. τίμα τὸ δαιμόνιον ἀεὶ μέν, μάλιστα δὲ μετὰ τῆς πόλεως· οὕτω γὰρ δόξεις ἅμα τε
          τοῖς θεοῖς θύειν καὶ τοῖς νόμοις ἐμμένειν. </p>
      </div>
      <div subtype="section" type="textpart" n="14">
        <p>τοιοῦτος γίγνου περὶ τοὺς γονεῖς, οἵους ἂν εὔξαιο περὶ σεαυτὸν γενέσθαι τοὺς σεαυτοῦ
          παῖδας.</p>
        <p>ἄσκει τῶν περὶ τὸ σῶμα γυμνασίων μὴ τὰ πρὸς τὴν ῥώμην ἀλλὰ τὰ πρὸς τὴν ὑγίειαν· τούτου δʼ
          ἂν ἐπιτύχοις, εἰ λήγοις τῶν πόνων ἔτι πονεῖν δυνάμενος. </p>
      </div>
      <div subtype="section" type="textpart" n="15">
        <p>μήτε γέλωτα προπετῆ στέργε, μήτε λόγον μετὰ θράσους ἀποδέχου· τὸ μὲν γὰρ ἀνόητον, τὸ δὲ
          μανικόν.</p>
        <p>ἃ ποιεῖν αἰσχρόν, ταῦτα νόμιζε μηδὲ λέγειν εἶναι καλόν. ἔθιζε σεαυτὸν εἶναι μὴ σκυθρωπὸν
          ἀλλὰ σύννουν· διʼ ἐκεῖνο μὲν γὰρ αὐθάδης, διὰ δὲ τοῦτο φρόνιμος εἶναι δόξεις. ἡγοῦ μάλιστα
          σεαυτῷ πρέπειν κόσμον, αἰσχύνην δικαιοσύνην σωφροσύνην· τούτοις γὰρ ἅπασι δοκεῖ κρατεῖσθαι
          τὸ τῶν νεωτέρων ἦθος. </p>
      </div>
      <div subtype="section" type="textpart" n="16">
        <p>μηδέποτε μηδὲν αἰσχρὸν ποιήσας ἔλπιζε λήσειν· καὶ γὰρ ἂν τοὺς ἄλλους λάθῃς, σεαυτῷ
          συνειδήσεις.</p>
        <p>τοὺς μὲν θεοὺς φοβοῦ, τοὺς δὲ γονεῖς τίμα, τοὺς δὲ φίλους αἰσχύνου, τοῖς δὲ νόμοις
          πείθου.</p>
        <p>τὰς ἡδονὰς θήρευε τὰς μετὰ δόξης· τέρψις γὰρ σὺν τῷ καλῷ μὲν ἄριστον, ἄνευ δὲ τούτου
          κάκιστον. </p>
      </div>
      <div subtype="section" type="textpart" n="17">
        <p>εὐλαβοῦ τὰς διαβολάς, κἂν ψευδεῖς ὦσιν· οἱ γὰρ πολλοὶ τὴν μὲν ἀλήθειαν ἀγνοοῦσι, πρὸς δὲ
          τὴν δόξαν ἀποβλέπουσιν. ἅπαντα δόκει ποιεῖν ὡς μηδένα λήσων· καὶ γὰρ ἃ παραυτίκα κρύψῃς,
          ὕστερον ὀφθήσει. μάλιστα δʼ ἂν εὐδοκιμοίης, εἰ φαίνοιο ταῦτα μὴ πράττων, ἃ τοῖς ἄλλοις ἂν
          πράττουσιν ἐπιτιμῴης. </p>
      </div>
      <div subtype="section" type="textpart" n="18">
        <p>ἐὰν ᾖς φιλομαθής, ἔσει πολυμαθής. ἃ μὲν ἐπίστασαι, ταῦτα διαφύλαττε ταῖς μελέταις, ἃ δὲ
          μὴ μεμάθηκας, προσλάμβανε ταῖς ἐπιστήμαις· ὁμοίως γὰρ αἰσχρὸν ἀκούσαντα χρήσιμον λόγον μὴ
          μαθεῖν καὶ διδόμενόν τι ἀγαθὸν παρὰ τῶν φίλων μὴ λαβεῖν. κατανάλισκε τὴν ἐν τῷ βίῳ σχολὴν
          εἰς τὴν τῶν λόγων φιληκοΐαν· οὕτω γὰρ τὰ τοῖς ἄλλοις χαλεπῶς εὑρημένα συμβήσεταί σοι
          ῥᾳδίως μανθάνειν. </p>
      </div>
      <div subtype="section" type="textpart" n="19">
        <p>ἡγοῦ τῶν ἀκουσμάτων πολλὰ πολλῶν εἶναι χρημάτων κρείττω· τὰ μὲν γὰρ ταχέως ἀπολείπει, τὰ
          δὲ πάντα τὸν χρόνον παραμένει· σοφία γὰρ μόνον τῶν κτημάτων ἀθάνατον. μὴ κατόκνει μακρὰν
          ὁδὸν πορεύεσθαι πρὸς τοὺς διδάσκειν τι χρήσιμον ἐπαγγελλομένους· αἰσχρὸν γὰρ τοὺς μὲν
          ἐμπόρους τηλικαῦτα πελάγη διαπερᾶν ἕνεκα τοῦ πλείω ποιῆσαι τὴν ὑπάρχουσαν οὐσίαν, τοὺς δὲ
          νεωτέρους μηδὲ τὰς κατὰ γῆν πορείας ὑπομένειν ἐπὶ τῷ βελτίω καταστῆσαι τὴν αὑτῶν διάνοιαν.
        </p>
      </div>
      <div subtype="section" type="textpart" n="20">
        <p>τῷ μὲν τρόπῳ γίγνου φιλοπροσήγορος, τῷ δὲ λόγῳ εὐπροσήγορος. ἔστι δὲ φιλοπροσηγορίας μὲν
          τὸ προσφωνεῖν τοὺς ἀπαντῶντας, εὐπροσηγορίας δὲ τὸ τοῖς λόγοις αὐτοῖς οἰκείως ἐντυγχάνειν.
          ἡδέως μὲν ἔχε πρὸς ἅπαντας, χρῶ δὲ τοῖς βελτίστοις· οὕτω γὰρ τοῖς μὲν οὐκ ἀπεχθὴς ἔσει,
          τοῖς δὲ φίλος γενήσει. τὰς ἐντεύξεις μὴ ποιοῦ πυκνὰς τοῖς αὐτοῖς, μηδὲ μακρὰς περὶ τῶν
          αὐτῶν· πλησμονὴ γὰρ ἁπάντων. </p>
      </div>
      <div subtype="section" type="textpart" n="21">
        <p>γύμναζε σεαυτὸν πόνοις ἑκουσίοις, ὅπως ἂν δύνῃ καὶ τοὺς ἀκουσίους ὑπομένειν. ὑφʼ ὧν
          κρατεῖσθαι τὴν ψυχὴν αἰσχρόν, τούτων ἐγκράτειαν ἄσκει πάντων, κέρδους, ὀργῆς, ἡδονῆς,
          λύπης. ἔσει δὲ τοιοῦτος, ἐὰν κέρδη μὲν εἶναι νομίζῃς διʼ ὧν εὐδοκιμήσεις ἀλλὰ μὴ διʼ ὧν
          εὐπορήσεις, τῇ δὲ ὀργῇ παραπλησίως ἔχῃς πρὸς τοὺς ἁμαρτάνοντας ὥσπερ ἂν πρὸς ἑαυτὸν
          ἁμαρτάνοντα καὶ τοὺς ἄλλους ἔχειν ἀξιώσειας, ἐν δὲ τοῖς τερπνοῖς, ἐὰν αἰσχρὸν ὑπολάβῃς τῶν
          μὲν οἰκετῶν ἄρχειν ταῖς δʼ ἡδοναῖς δουλεύειν, ἐν δὲ τοῖς πονηροῖς, ἐὰν τὰς τῶν ἄλλων
          ἀτυχίας ἐπιβλέπῃς καὶ αὑτὸν ὡς ἄνθρωπος ὢν ὑπομιμνήσκῃς. </p>
      </div>
      <div subtype="section" type="textpart" n="22">
        <p>μᾶλλον τήρει τὰς τῶν λόγων ἢ τὰς τῶν χρημάτων παρακαταθήκας· δεῖ γὰρ τοὺς ἀγαθοὺς ἄνδρας
          τρόπον ὅρκου πιστότερον φαίνεσθαι παρεχομένους. προσήκειν ἡγοῦ τοῖς πονηροῖς ἀπιστεῖν,
          ὥσπερ τοῖς χρηστοῖς πιστεύειν. περὶ τῶν ἀπορρήτων μηδενὶ λέγε, πλὴν ἐὰν ὁμοίως συμφέρῃ τὰς
          πράξεις σιωπᾶσθαι σοί τε τῷ λέγοντι κἀκείνοις τοῖς ἀκούουσιν. </p>
      </div>
      <div subtype="section" type="textpart" n="23">
        <p>ὅρκον ἐπακτὸν προσδέχου διὰ δύο προφάσεις, ἢ σεαυτὸν αἰτίας αἰσχρᾶς ἀπολύων, ἢ φίλους ἐκ
          μεγάλων κινδύνων διασώζων. ἕνεκα δὲ χρημάτων μηδένα θεῶν ὀμόσῃς, μηδʼ ἂν εὐορκεῖν μέλλῃς·
          δόξεις γὰρ τοῖς μὲν ἐπιορκεῖν, τοῖς δὲ φιλοχρημάτως ἔχειν. </p>
      </div>
      <div subtype="section" type="textpart" n="24">
        <p>μηδένα φίλον ποιοῦ, πρὶν ἂν ἐξετάσῃς πῶς κέχρηται τοῖς πρότερον φίλοις· ἔλπιζε γὰρ αὐτὸν
          καὶ περὶ σὲ γενέσθαι τοιοῦτον, οἷος καὶ περὶ ἐκείνους γέγονε. βραδέως μὲν φίλος γίγνου,
          γενόμενος δὲ πειρῶ διαμένειν· ὁμοίως γὰρ αἰσχρὸν μηδένα φίλον ἔχειν καὶ πολλοὺς ἑταίρους
          μεταλλάττειν. μήτε μετὰ βλάβης πειρῶ τῶν φίλων, μήτʼ ἄπειρος εἶναι τῶν ἑταίρων θέλε. τοῦτο
          δὲ ποιήσεις, ἐὰν μὴ δεόμενος τὸ δεῖσθαι προσποιῇ. </p>
      </div>
      <div subtype="section" type="textpart" n="25">
        <p>περὶ τῶν ῥητῶν ὡς ἀπορρήτων ἀνακοινοῦ· μὴ τυχὼν μὲν γὰρ οὐδὲν βλαβήσει, τυχὼν δὲ μᾶλλον
          αὐτῶν τὸν τρόπον ἐπιστήσει. δοκίμαζε τοὺς φίλους ἔκ τε τῆς περὶ τὸν βίον ἀτυχίας καὶ τῆς
          ἐν τοῖς κινδύνοις κοινωνίας· τὸ μὲν γὰρ χρυσίον ἐν τῷ πυρὶ βασανίζομεν, τοὺς δὲ φίλους ἐν
          ταῖς ἀτυχίαις διαγιγνώσκομεν. οὕτως ἄριστα χρήσει τοῖς φίλοις, ἐὰν μὴ προσμένῃς τὰς παρʼ
          ἐκείνων δεήσεις, ἀλλʼ αὐτεπάγγελτος αὐτοῖς ἐν τοῖς καιροῖς βοηθῇς. </p>
      </div>
      <div subtype="section" type="textpart" n="26">
        <p>ὁμοίως αἰσχρὸν εἶναι νόμιζε τῶν ἐχθρῶν νικᾶσθαι ταῖς κακοποιίαις καὶ τῶν φίλων ἡττᾶσθαι
          ταῖς εὐεργεσίαις. ἀποδέχου τῶν ἑταίρων μὴ μόνον τοὺς ἐπὶ τοῖς κακοῖς δυσχεραίνοντας, ἀλλὰ
          καὶ τοὺς ἐπὶ τοῖς ἀγαθοῖς μὴ φθονοῦντας· πολλοὶ γὰρ ἀτυχοῦσι μὲν τοῖς φίλοις συνάχθονται,
          καλῶς δὲ πράττουσι φθονοῦσι. τῶν ἀπόντων φίλων μέμνησο πρὸς τοὺς παρόντας, ἵνα δοκῇς μηδὲ
          τούτων ἀπόντων ὀλιγωρεῖν. </p>
      </div>
      <div subtype="section" type="textpart" n="27">
        <p>εἶναι βούλου τὰ περὶ τὴν ἐσθῆτα φιλόκαλος, ἀλλὰ μὴ καλλωπιστής. ἔστι δὲ φιλοκάλου μὲν τὸ
          μεγαλοπρεπές, καλλωπιστοῦ δὲ τὸ περίεργον.</p>
        <p>ἀγάπα τῶν ὑπαρχόντων ἀγαθῶν μὴ τὴν ὑπερβάλλουσαν κτῆσιν ἀλλὰ τὴν μετρίαν ἀπόλαυσιν.
          καταφρόνει τῶν περὶ τὸν πλοῦτον σπουδαζόντων μέν, χρῆσθαι δὲ τοῖς ὑπάρχουσι μὴ δυναμένων·
          παραπλήσιον γὰρ οἱ τοιοῦτοι πάσχουσιν, ὥσπερ ἂν εἴ τις ἵππον κτήσαιτο καλὸν κακῶς ἱππεύειν
          ἐπιστάμενος. </p>
      </div>
      <div subtype="section" type="textpart" n="28">
        <p>πειρῶ τὸν πλοῦτον χρήματα καὶ κτήματα κατασκευάζειν. ἔστι δὲ χρήματα μὲν τοῖς ἀπολαύειν
          ἐπισταμένοις, κτήματα δὲ τοῖς κτᾶσθαι δυναμένοις. τίμα τὴν ὑπάρχουσαν οὐσίαν δυοῖν ἕνεκεν,
          τοῦ τε ζημίαν μεγάλην ἐκτῖσαι δύνασθαι, καὶ τοῦ φίλῳ σπουδαίῳ δυστυχοῦντι βοηθῆσαι· πρὸς
          δὲ τὸν ἄλλον βίον μηδὲν ὑπερβαλλόντως ἀλλὰ μετρίως αὐτὴν ἀγάπα. </p>
      </div>
      <div subtype="section" type="textpart" n="29">
        <p>στέργε μὲν τὰ παρόντα, ζήτει δὲ τὰ βελτίω.</p>
        <p>μηδενὶ συμφορὰν ὀνειδίσῃς· κοινὴ γὰρ ἡ τύχη καὶ τὸ μέλλον ἀόρατον.</p>
        <p>τοὺς ἀγαθοὺς εὖ ποίει· καλὸς γὰρ θησαυρὸς παρʼ ἀνδρὶ σπουδαίῳ χάρις ὀφειλομένη. τοὺς
          κακοὺς εὖ ποιῶν ὅμοια πείσει τοῖς τὰς ἀλλοτρίας κύνας σιτίζουσιν· ἐκεῖναί τε γὰρ τοὺς
          διδόντας ὥσπερ τοὺς τυχόντας ὑλακτοῦσιν, οἵ τε κακοὶ τοὺς ὠφελοῦντας ὥσπερ τοὺς βλάπτοντας
          ἀδικοῦσι. </p>
      </div>
      <div subtype="section" type="textpart" n="30">
        <p>μίσει τοὺς κολακεύοντας ὥσπερ τοὺς ἐξαπατῶντας· ἀμφότεροι γὰρ πιστευθέντες τοὺς
          πιστεύσαντας ἀδικοῦσιν. ἐὰν ἀποδέχῃ τῶν φίλων τοὺς πρὸς τὸ φαυλότατον χαριζομένους, οὐχ
          ἕξεις ἐν τῷ βίῳ τοὺς πρὸς τὸ βέλτιστον ἀπεχθανομένους.</p>
      
      <milestone unit="para" ed="P"/>
        <p>γίγνου πρὸς τοὺς πλησιάζοντας ὁμιλητικός, ἀλλὰ μὴ σεμνός· τὸν μὲν γὰρ τῶν ὑπεροπτικῶν
          ὄγκον μόλις ἂν οἱ δοῦλοι καρτερήσειαν, τὸν δὲ τῶν ὁμιλητικῶν τρόπον ἅπαντες ἡδέως
          ὑποφέρουσιν. </p>
      </div>
      <div subtype="section" type="textpart" n="31">
        <p>ὁμιλητικὸς δʼ ἔσει μὴ δύσερις ὢν μηδὲ δυσάρεστος μηδὲ πρὸς πάντας φιλόνικος, μηδὲ πρὸς
          τὰς τῶν πλησιαζόντων ὀργὰς τραχέως ἀπαντῶν, μηδʼ ἂν ἀδίκως ὀργιζόμενοι τυγχάνωσιν, ἀλλὰ
          θυμουμένοις μὲν αὐτοῖς εἴκων, πεπαυμένοις δὲ τῆς ὀργῆς ἐπιπλήττων· μηδὲ παρὰ τὰ γελοῖα
          σπουδάζων, μηδὲ παρὰ τὰ σπουδαῖα τοῖς γελοίοις χαίρων (τὸ γὰρ ἄκαιρον πανταχοῦ λυπηρόν)·
          μηδὲ τὰς χάριτας ἀχαρίστως χαριζόμενος, ὅπερ πάσχουσιν οἱ πολλοί, ποιοῦντες μέν, ἀηδῶς δὲ
          τοῖς φίλοις ὑπουργοῦντες· μηδὲ φιλαίτιος ὤν, βαρὺ γάρ, μηδὲ φιλεπιτιμητής, παροξυντικὸν
          γάρ. </p>
      </div>
      <div subtype="section" type="textpart" n="32">
        <p>μάλιστα μὲν εὐλαβοῦ τὰς ἐν τοῖς πότοις συνουσίας· ἐὰν δέ ποτέ σοι συμπέσῃ καιρός,
          ἐξανίστασο πρὸ μέθης. ὅταν γὰρ ὁ νοῦς ὑπὸ οἴνου διαφθαρῇ, ταὐτὰ πάσχει τοῖς ἅρμασι τοῖς
          τοὺς ἡνιόχους ἀποβαλοῦσιν· ἐκεῖνά τε γὰρ ἀτάκτως φέρεται διαμαρτόντα τῶν εὐθυνούντων, ἥ τε
          ψυχὴ πολλὰ σφάλλεται διαφθαρείσης τῆς διανοίας.</p>
        <p>ἀθάνατα μὲν φρόνει τῷ μεγαλόψυχος εἶναι, θνητὰ δὲ τῷ συμμέτρως τῶν ὑπαρχόντων ἀπολαύειν.
        </p>
      </div>
      <div subtype="section" type="textpart" n="33">
        <p>ἡγοῦ τὴν παιδείαν τοσούτῳ μεῖζον ἀγαθὸν εἶναι τῆς ἀπαιδευσίας, ὅσῳ τὰ μὲν ἄλλα μοχθηρὰ
          πάντες κερδαίνοντες πράττουσιν, αὕτη δὲ μόνη καὶ προσεζημίωσε τοὺς ἔχοντας· πολλάκις γάρ,
          ὧν τοῖς λόγοις ἐλύπησαν, τούτων τοῖς ἔργοις τὴν τιμωρίαν ἔδοσαν.</p>
        <p>οὓς ἂν βούλῃ ποιήσασθαι φίλους, ἀγαθόν τι λέγε περὶ αὐτῶν πρὸς τοὺς ἀπαγγέλλοντας· ἀρχὴ
          γὰρ φιλίας μὲν ἔπαινος, ἔχθρας δὲ ψόγος. </p>
      </div>
      <div subtype="section" type="textpart" n="34">
        <p>βουλευόμενος παραδείγματα ποιοῦ τὰ παρεληλυθότα τῶν μελλόντων· τὸ γὰρ ἀφανὲς ἐκ τοῦ
          φανεροῦ ταχίστην ἔχει τὴν διάγνωσιν. Βουλεύου μὲν βραδέως, ἐπιτέλει δὲ ταχέως τὰ δόξαντα.
          ἡγοῦ κράτιστον εἶναι παρὰ μὲν τῶν θεῶν εὐτυχίαν, παρὰ δʼ ἡμῶν αὐτῶν εὐβουλίαν. περὶ ὧν ἂν
          αἰσχύνῃ παρρησιάσασθαι, βούλῃ δέ τισι τῶν φίλων ἀνακοινώσασθαι, χρῶ τοῖς λόγοις ὡς περὶ
          ἀλλοτρίου τοῦ πράγματος· οὕτω γὰρ τὴν ἐκείνων τε γνῶσιν αἰσθήσει, καὶ σεαυτὸν οὐ καταφανῆ
          ποιήσεις. </p>
      </div>
      <div subtype="section" type="textpart" n="35">
        <p>ὅταν ὑπὲρ σεαυτοῦ μέλλῃς τινὶ συμβούλῳ χρῆσθαι, σκόπει πρῶτον πῶς τὰ ἑαυτοῦ διῴκησεν· ὁ
          γὰρ κακῶς διανοηθεὶς περὶ τῶν οἰκείων οὐδέποτε καλῶς βουλεύσεται περὶ τῶν ἀλλοτρίων. οὕτω
          δʼ ἂν μάλιστα βουλεύεσθαι παροξυνθείης, εἰ τὰς συμφορὰς τὰς ἐκ τῆς ἀβουλίας ἐπιβλέψειας·
          καὶ γὰρ τῆς ὑγιείας πλείστην ἐπιμέλειαν ἔχομεν, ὅταν τὰς λύπας τὰς ἐκ τῆς ἀρρωστίας
          ἀναμνησθῶμεν. </p>
      </div>
      <div subtype="section" type="textpart" n="36">
        <p>μιμοῦ τὰ τῶν βασιλέων ἤθη καὶ δίωκε τὰ ἐκείνων ἐπιτηδεύματα· δόξεις γὰρ αὐτοὺς
          ἀποδέχεσθαι καὶ ζηλοῦν, ὥστε σοι συμβήσεται παρά τε τῷ πλήθει μᾶλλον εὐδοκιμεῖν καὶ τὴν
          παρʼ ἐκείνων εὔνοιαν βεβαιοτέραν ἔχειν. πείθου μὲν καὶ τοῖς νόμοις τοῖς ὑπὸ τῶν βασιλέων
          κειμένοις, ἰσχυρότατον μέντοι νόμον ἡγοῦ τὸν ἐκείνων τρόπον. ὥσπερ γὰρ τὸν ἐν δημοκρατίᾳ
          πολιτευόμενον τὸ πλῆθος δεῖ θεραπεύειν, οὕτω καὶ τὸν ἐν μοναρχίᾳ κατοικοῦντα τὸν βασιλέα
          προσήκει θαυμάζειν. </p>
      </div>
      <div subtype="section" type="textpart" n="37">
        <p>εἰς ἀρχὴν κατασταθεὶς μηδενὶ χρῶ πονηρῷ πρὸς τὰς διοικήσεις· ὧν γὰρ ἂν ἐκεῖνος ἁμάρτῃ,
          σοὶ τὰς αἰτίας ἀναθήσουσιν. ἐκ τῶν κοινῶν ἐπιμελειῶν ἀπαλλάττου μὴ πλουσιώτερος ἀλλʼ
          ἐνδοξότερος· πολλῶν γὰρ χρημάτων κρείττων ὁ παρὰ τοῦ πλήθους ἔπαινος.</p>
        <p>μηδενὶ πονηρῷ πράγματι μήτε παρίστασο μήτε συνηγόρει· δόξεις γὰρ καὶ αὐτὸς τοιαῦτα
          πράττειν, οἷά περ ἂν τοῖς ἄλλοις πράττουσι βοηθῇς. </p>
      </div>
      <div subtype="section" type="textpart" n="38">
        <p>παρασκεύαζε σεαυτὸν πλεονεκτεῖν μὲν δύνασθαι, ἀνέχου δὲ τὸ ἴσον ἔχων, ἵνα δοκῇς ὀρέγεσθαι
          τῆς δικαιοσύνης μὴ διʼ ἀσθένειαν ἀλλὰ διʼ ἐπιείκειαν. μᾶλλον ἀποδέχου δικαίαν πενίαν ἢ
          πλοῦτον ἄδικον· τοσούτῳ γὰρ κρείττων δικαιοσύνη χρημάτων, ὅσῳ τὰ μὲν ζῶντας μόνον ὠφελεῖ,
          τὸ δὲ<note resp="ed" xml:lang="en" anchored="true"><foreign xml:lang="greek">τὸ
              δὲ</foreign>or<foreign xml:lang="greek">τὰ δὲ Γ· ἡ δὲ</foreign>vulg.</note> καὶ
          τελευτήσασι δόξαν παρασκευάζει, κἀκείνων μὲν τοῖς φαύλοις μέτεστι, τούτου δὲ τοῖς
          μοχθηροῖς ἀδύνατον μεταλαβεῖν. </p>
      </div>
      <div subtype="section" type="textpart" n="39">
        <p>μηδένα ζήλου τῶν ἐξ ἀδικίας κερδαινόντων, ἀλλὰ μᾶλλον ἀποδέχου τοὺς μετὰ δικαιοσύνης
          ζημιωθέντας· οἱ γὰρ δίκαιοι τῶν ἀδίκων εἰ μηδὲν ἄλλο πλεονεκτοῦσιν, ἀλλʼ οὖν ἐλπίσι γε
          σπουδαίαις ὑπερέχουσιν. </p>
      </div>
      <div subtype="section" type="textpart" n="40">
        <p>πάντων μὲν ἐπιμελοῦ τῶν περὶ τὸν βίον, μάλιστα δὲ τὴν σαυτοῦ φρόνησιν ἄσκει· μέγιστον γὰρ
          ἐν ἐλαχίστῳ νοῦς ἀγαθὸς ἐν ἀνθρώπου σώματι. πειρῶ τῷ μὲν σώματι εἶναι φιλόπονος, τῇ δὲ
          ψυχῇ φιλόσοφος, ἵνα τῷ μὲν ἐπιτελεῖν δύνῃ τὰ δόξαντα, τῇ δὲ προορᾶν ἐπίστῃ τὰ συμφέροντα.
        </p>
      </div>
      <div subtype="section" type="textpart" n="41">
        <p/>
      
      <milestone unit="para" ed="P"/>
        <p>πᾶν ὅ τι ἂν μέλλῃς ἐρεῖν, πρότερον ἐπισκόπει τῇ γνώμῃ· πολλοῖς γὰρ ἡ γλῶττα προτρέχει τῆς
          διανοίας. δύο ποιοῦ καιροὺς τοῦ λέγειν, ἢ περὶ ὧν οἶσθα σαφῶς, ἢ περὶ ὧν ἀναγκαῖον εἰπεῖν.
          ἐν τούτοις γὰρ μόνοις ὁ λόγος τῆς σιγῆς κρείττων, ἐν δὲ τοῖς ἄλλοις ἄμεινον σιγᾶν ἢ
          λέγειν. </p>
      </div>
      <div subtype="section" type="textpart" n="42">
        <p>νόμιζε μηδὲν εἶναι τῶν ἀνθρωπίνων βέβαιον· οὕτω γὰρ οὔτʼ εὐτυχῶν ἔσει περιχαρὴς οὔτε
          δυστυχῶν περίλυπος. χαῖρε μὲν ἐπὶ τοῖς συμβαίνουσι τῶν ἀγαθῶν, λυποῦ δὲ μετρίως ἐπὶ τοῖς
          γιγνομένοις τῶν κακῶν, γίγνου δὲ τοῖς ἄλλοις μηδʼ ἐν ἑτέροις ὢν κατάδηλος· ἄτοπον γὰρ τὴν
          μὲν οὐσίαν ἐν ταῖς οἰκίαις ἀποκρύπτειν, τὴν δὲ διάνοιαν φανερὰν ἔχοντα περιπατεῖν. </p>
      </div>
      <div subtype="section" type="textpart" n="43">
        <p>μᾶλλον εὐλαβοῦ ψόγον ἢ κίνδυνον· δεῖ γὰρ εἶναι φοβερὰν τοῖς μὲν φαύλοις τὴν τοῦ βίου
          τελευτήν, τοῖς δὲ σπουδαίοις τὴν ἐν τῷ ζῆν ἀδοξίαν. μάλιστα μὲν πειρῶ ζῆν κατὰ τὴν
          ἀσφάλειαν· ἐὰν δέ ποτέ σοι συμβῇ κινδυνεύειν, ζήτει τὴν ἐκ τοῦ πολέμου σωτηρίαν μετὰ καλῆς
          δόξης, ἀλλὰ μὴ μετʼ αἰσχρᾶς φήμης· τὸ μὲν γὰρ τελευτῆσαι πάντων ἡ πεπρωμένη κατέκρινε, τὸ
          δὲ καλῶς ἀποθανεῖν ἴδιον τοῖς σπουδαίοις ἀπένειμεν. </p>
      </div>
      <div subtype="section" type="textpart" n="44">
        <p>καὶ μὴ θαυμάσῃς εἰ πολλὰ τῶν εἰρημένων οὐ πρέπει σοι πρὸς τὴν νῦν παροῦσαν ἡλικίαν. οὐδὲ
          γὰρ ἐμὲ τοῦτο διέλαθεν· ἀλλὰ προειλόμην διὰ τῆς αὐτῆς πραγματείας ἅμα τοῦ τε παρόντος βίου
          συμβουλίαν ἐξενεγκεῖν καὶ τοῦ μέλλοντος χρόνου παράγγελμα καταλιπεῖν. τὴν μὲν γὰρ τούτων
          χρείαν ῥᾳδίως εἰδήσεις, τὸν δὲ μετʼ εὐνοίας συμβουλεύοντα χαλεπῶς εὑρήσεις. ὅπως οὖν μὴ
          παρʼ ἑτέρου τὰ λοιπὰ ζητῇς, ἀλλʼ ἐντεῦθεν ὥσπερ ἐκ ταμιείου προφέρῃς, ᾠήθην δεῖν μηδὲν
          παραλιπεῖν ὧν ἔχω σοι συμβουλεύειν. </p>
      </div>
      <div subtype="section" type="textpart" n="45">
        <p>πολλὴν δʼ ἂν τοῖς θεοῖς χάριν σχοίην, εἰ μὴ διαμάρτοιμι τῆς δόξης ἧς ἔχων περὶ σοῦ
          τυγχάνω. τῶν μὲν γὰρ ἄλλων τοὺς πλείστους εὑρήσομεν, ὥσπερ τῶν σιτίων τοῖς ἡδίστοις μᾶλλον
          ἢ τοῖς ὑγιεινοτάτοις χαίροντας, οὕτω καὶ τῶν φίλων τοῖς συνεξαμαρτάνουσι πλησιάζοντας,
          ἀλλʼ οὐ τοῖς νουθετοῦσι. σὲ δὲ νομίζω τοὐναντίον τούτων ἐγνωκέναι, τεκμηρίῳ χρώμενος τῇ
          περὶ τὴν ἄλλην παιδείαν φιλοπονία· τὸν γὰρ αὑτῷ τὰ βέλτιστα πράττειν ἐπιτάττοντα, τοῦτον
          εἰκὸς καὶ τῶν ἄλλων τοὺς ἐπὶ τὴν ἀρετὴν παρακαλοῦντας ἀποδέχεσθαι. </p>
      </div>
      <div subtype="section" type="textpart" n="46">
        <p>μάλιστα δʼ ἂν παροξυνθείης ὀρέγεσθαι τῶν καλῶν ἔργων, εἰ καταμάθοις ὅτι καὶ τὰς ἡδονὰς ἐκ
          τούτων μάλιστα γνησίως ἔχομεν. ἐν μὲν γὰρ τῷ ῥᾳθυμεῖν καὶ τὰς πλησμονὰς ἀγαπᾶν εὐθὺς αἱ
          λῦπαι ταῖς ἡδοναῖς παραπεπήγασι, τὸ δὲ περὶ τὴν ἀρετὴν φιλοπονεῖν καὶ σωφρόνως τὸν αὑτοῦ
          βίον οἰκονομεῖν ἀεὶ τὰς τέρψεις εἰλικρινεῖς καὶ βεβαιοτέρας ἀποδίδωσι· </p>
      </div>
      <div subtype="section" type="textpart" n="47">
        <p>κἀκεῖ μὲν πρότερον ἡσθέντες ὕστερον ἐλυπήθημεν, ἐνταῦθα δὲ μετὰ τὰς λύπας τὰς ἡδονὰς
          ἔχομεν. ἐν πᾶσι δὲ τοῖς ἔργοις οὐχ οὕτω τῆς ἀρχῆς μνημονεύομεν, ὡς τῆς τελευτῆς αἴσθησιν
          λαμβάνομεν· τὰ γὰρ πλεῖστα τῶν περὶ τὸν βίον οὐ διʼ αὐτὰ τὰ πράγματα ποιοῦμεν, ἀλλὰ τῶν
          ἀποβαινόντων ἕνεκεν διαπονοῦμεν. </p>
      </div>
      <div subtype="section" type="textpart" n="48">
        <p>ἐνθυμοῦ δʼ ὅτι τοῖς μὲν φαύλοις ἐνδέχεται τὰ τυχόντα πράττειν· εὐθὺς γὰρ τοῦ βίου
          τοιαύτην πεποίηνται τὴν ὑπόθεσιν· τοῖς δὲ σπουδαίοις οὐχ οἷόν τε τῆς ἀρετῆς ἀμελεῖν διὰ τὸ
          πολλοὺς ἔχειν τοὺς ἐπιπλήττοντας. πάντες γὰρ μισοῦσιν οὐχ οὕτω τοὺς ἐξαμαρτάνοντας ὡς τοὺς
          ἐπιεικεῖς μὲν φήσαντας εἶναι, μηδὲν δὲ τῶν τυχόντων διαφέροντας, </p>
      </div>
      <div subtype="section" type="textpart" n="49">
        <p>εἰκότως· ὅπου γὰρ τοὺς τῷ λόγῳ μόνον ψευδομένους ἀποδοκιμάζομεν, ἦ πού γε τοὺς τῷ βίῳ
          παντὶ ἐλαττουμένους οὐ φαύλους εἶναι φήσομεν; δικαίως δʼ ἂν τοὺς τοιούτους ὑπολάβοιμεν μὴ
          μόνον εἰς αὑτοὺς ἁμαρτάνειν, ἀλλὰ καὶ τῆς τύχης εἶναι προδότας· ἡ μὲν γὰρ αὐτοῖς χρήματα
          καὶ δόξαν καὶ φίλους ἐνεχείρισεν, οἱ δὲ σφᾶς αὐτοὺς ἀναξίους τῆς ὑπαρχούσης εὐδαιμονίας
          κατέστησαν. </p>
      </div>
      <div subtype="section" type="textpart" n="50">
        <p>εἰ δὲ δεῖ θνητὸν ὄντα τῆς τῶν θεῶν στοχάσασθαι διανοίας, ἡγοῦμαι κἀκείνους ἐπὶ τοῖς
          οἰκειοτάτοις μάλιστα δηλῶσαι πῶς ἔχουσι πρὸς τοὺς φαύλους καὶ τοὺς σπουδαίους τῶν
          ἀνθρώπων. Ζεὺς γὰρ Ἡρακλέα καὶ Τάνταλον γεννήσας, ὡς οἱ μῦθοι λέγουσι καὶ πάντες
          πιστεύουσι, τὸν μὲν διὰ τὴν ἀρετὴν ἀθάνατον ἐποίησε, τὸν δὲ διὰ τὴν κακίαν ταῖς μεγίσταις
          τιμωρίαις ἐκόλασεν. </p>
      </div>
      <div subtype="section" type="textpart" n="51">
        <p>οἷς δεῖ παραδείγμασι χρωμένους ὀρέγεσθαι τῆς καλοκαγαθίας, καὶ μὴ μόνον τοῖς ὑφʼ ἡμῶν
          εἰρημένοις ἐμμένειν, ἀλλὰ καὶ τῶν ποιητῶν τὰ βέλτιστα μανθάνειν, καὶ τῶν ἄλλων σοφιστῶν,
          εἴ τι χρήσιμον εἰρήκασιν, </p>
      </div>
      <div subtype="section" type="textpart" n="52">
        <p>ἀναγιγνώσκειν. ὥσπερ γὰρ τὴν μέλιτταν ὁρῶμεν ἐφʼ ἅπαντα μὲν τὰ βλαστήματα καθιζάνουσαν,
          οὕτω δεῖ καὶ τοὺς παιδείας ὀρεγομένους μηδενὸς μὲν ἀπείρως ἔχειν, πανταχόθεν δὲ τὰ χρήσιμα
          συλλέγειν. μόλις γὰρ ἄν τις ἐκ ταύτης τῆς ἐπιμελείας τὰς τῆς φύσεως ἁμαρτίας
          ἐπικρατήσειεν.</p>
      </div>
      </div>
    </body>
  </text>
</TEI>
