<?xml version="1.0" encoding="UTF-8"?>
<?xml-model href="http://www.stoa.org/epidoc/schema/latest/tei-epidoc.rng" schematypens="http://relaxng.org/ns/structure/1.0"?>
<TEI xmlns="http://www.tei-c.org/ns/1.0">
<teiHeader>
    <fileDesc>
        <titleStmt>
            <title>To the Children of Jason</title>
            <title type="sub">Machine readable text</title>
            <author>Isocrates</author>
            <editor role="editor">Larue Van Hook</editor>
            <sponsor>Perseus Project, Tufts University</sponsor>
            <principal>Gregory Crane</principal>
            <respStmt>
                <resp>Prepared under the supervision of</resp>
                <name>Lisa Cerrato</name>
                <name>William Merrill</name>
                <name>Elli Mylonas</name>
                <name>David Smith</name>
            </respStmt>
            <funder n="org:AnnCPB">The Annenberg CPB/Project</funder>
        </titleStmt>
        

        <publicationStmt>
            <publisher>Trustees of Tufts University</publisher>
            <pubPlace>Medford, MA</pubPlace>
            <authority>Perseus Project</authority>
        </publicationStmt>
        <sourceDesc>
            <bibl>
                <author>Isocrates</author>
                <title>Isocrates with an English Translation in three volumes, by Larue Van Hook, Ph.D.,
                    LL.D.</title>
                <publisher>Cambridge, MA, Harvard University Press; London, William Heinemann
                    Ltd.</publisher>
                <biblScope unit="volume">3</biblScope>
                <date type="print">1945</date>
                <date type="reprint">1968</date>
            </bibl>
        </sourceDesc>
    </fileDesc>
    
    <encodingDesc>
        <refsDecl n="CTS">
            <cRefPattern n="letter" matchPattern="(\w+)" replacementPattern="#xpath(/tei:TEI/tei:text/tei:body/tei:div/tei:div[@n='$1'])">
                <p>This pointer pattern extracts letter</p>
            </cRefPattern>
        </refsDecl>
    </encodingDesc>
    
    <profileDesc>
        <langUsage>
            <language ident="eng">English </language>
            <language ident="grc">Greek </language>
        </langUsage>
    </profileDesc>
    
    <revisionDesc>
        <!--<change><date>April 1992</date>
            <respStmt><name>W. Merrill</name><resp>ed.</resp></respStmt>
            <item>Threw out isoc.gk.sgml because first letter of each line was missing. Started from scratch again from isoc.gk.raw. Change markup in accordance with orator dtd</item>
        </change>
        <change><date>June 1992</date>
            <respStmt><name>W. Merrill</name><resp>ed.</resp></respStmt>
            <item>put speeches in numerical order. Consolidated files.</item>
        </change>
        <change><date>June 1995</date>
            <respStmt><name>Lisa Cerrato</name><resp>ed.</resp></respStmt>
            <item>made section after 11.21 11.22. It was 11.37.</item>
        </change>
        <change><date>1 March 2000</date>
            <respStmt><name>David Smith</name><resp>ed.</resp></respStmt>
            <item>
                $Log: isoc.l_gk.xml,v $
                Revision 1.5  2013-09-13 11:21:35  balmas01
                reverting texts back to pre_cts_reorg tagged version
                
                Revision 1.3  2011-01-13 03:38:26  gcrane
                more refinements making these files SDL compatible
                
                Revision 1.2  2011-01-12 16:22:29  gcrane
                common nouns now reduced to lower case
                
                Revision 1.1  2011-01-05 07:29:57  gcrane
                base SDL files
                
                Revision 1.1  2009/11/24 20:08:29  rsingh04
                moved more xml files around based on copyright status
                
                Revision 1.1  2005/08/01 18:01:19  packel
                split up letters and speeches
                
                Revision 1.1  2005/07/25 14:37:37  packel
                Converted to XML
                
                Revision 1.12  2003/07/01 22:17:05  yorkc
                Updated texts to TEI P4 and Perseus P4 extensions; minor cleanup (esp. character encodings and typos.)
                
                Revision 1.11  2000/10/24 16:30:03  lcerrato
                repetition of end of word in 7.38 eliminated
                
                Revision 1.10  2000/03/22 17:08:04  dasmith
                Corrected title of fifth letter.
                
                Revision 1.9  2000/03/04 20:34:40  dasmith
                Added separate funder entity to TEI header.
                
                Revision 1.8  2000/03/01 22:22:15  dasmith
                Only look up speeches in the orat. subdoc.
                
                Revision 1.7  2000/03/01 22:15:43  dasmith
                Can't have tags in change log.
                
                Revision 1.6  2000/03/01 22:14:46  dasmith
                Erroneously copied &lt;text lang=en&gt; from English file.
                
                Revision 1.5  2000/03/01 22:08:47  dasmith
                Converted to TEI P3.
                Wrap letters in DIV1 so we can cite them as "L. 4.3" within doc.
                
                
            </item></change>-->
        <change when="2016-01-29" who="TDBuck">split the file based on urns, epidoc and cts update, betacode to unicode</change>
    </revisionDesc>
</teiHeader>
    <text xml:lang="grc">
        <body>
            <div type="edition" n="urn:cts:greekLit:tlg0010.tlg023.perseus-grc2" xml:lang="grc">
                <div subtype="Letter" type="textpart" n="6">
                    <head>τοῖς Ἰάσονος παισίν</head>
                    <milestone n="1" unit="section"/>
                    <p>ἀπήγγειλέ τίς μοι τῶν πρεσβευσάντων ὡς ὑμᾶς ὅτι καλέσαντες αὐτὸν ἄνευ τῶν ἄλλων ἐρωτήσαιτ᾽ εἰ πεισθείην ἂν ἀποδημῆσαι καὶ διατρῖψαι παρ᾽ ὑμῖν. ἐγὼ δ᾽ ἕνεκα μὲν τῆς Ἰάσονος καὶ Πολυαλκοῦς ξενίας ἡδέως ἂν ἀφικοίμην ὡς ὑμᾶς: οἶμαι γὰρ ἂν τὴν ὁμιλίαν τὴν γενομένην ἅπασιν ἡμῖν συνενεγκεῖν: ἀλλὰ γὰρ ἐμποδίζει με πολλά,
                        <milestone n="2" unit="section"/>μάλιστα μὲν τὸ μὴ δύνασθαι πλανᾶσθαι καὶ τὸ μὴ πρέπειν ἐπιξενοῦσθαι τοῖς τηλικούτοις, ἔπειθ᾽ ὅτι πάντες οἱ πυθόμενοι τὴν ἀποδημίαν δικαίως ἄν μου καταφρονήσειαν, εἰ προῃρημένος τὸν ἄλλον χρόνον ἡσυχίαν ἄγειν ἐπὶ γήρως ἀποδημεῖν ἐπιχειροίην, ὅτ᾽ εἰκὸς ἦν, εἰ καὶ πρότερον ἄλλοθί που διέτριβον, νῦν οἴκαδε σπεύδειν, οὕτως ὑπογυίου μοι τῆς τελευτῆς οὔσης.
                        <milestone n="3" unit="section"/>πρὸς δὲ τούτοις φοβοῦμαι καὶ τὴν πόλιν: χρὴ γὰρ τἀληθῆ λέγειν. ὁρῶ γὰρ τὰς συμμαχίας τὰς πρὸς αὐτὴν γιγνομένας ταχέως διαλυομένας. εἰ δή τι συμβαίη καὶ πρὸς ὑμᾶς τοιοῦτον, εἰ καὶ τὰς αἰτίας καὶ τοὺς κινδύνους διαφυγεῖν δυνηθείην, ὃ χαλεπόν ἐστιν, ἀλλ᾽ οὖν αἰσχυνθείην ἄν, εἴτε διὰ τὴν πόλιν δόξαιμί τισιν ὑμῶν ἀμελεῖν, εἴτε δι᾽ ὑμᾶς τῆς πόλεως ὀλιγωρεῖν. μὴ κοινοῦ δὲ τοῦ συμφέροντος ὄντος οὐκ οἶδ᾽ ὅπως ἂν ἀμφοτέροις ἀρέσκειν δυνηθείην. αἱ μὲν οὖν αἰτίαι, δι᾽ ἃς οὐκ ἔξεστί μοι ποιεῖν ἃ βούλομαι, τοιαῦται συμβεβήκασιν.
                        <milestone n="4" unit="section"/>
                        <milestone ed="P" unit="para"/>οὐ μὴν περὶ τῶν ἐμαυτοῦ μόνον ἐπιστείλας οἶμαι δεῖν ἀμελῆσαι τῶν ὑμετέρων, ἀλλ᾽ ἅπερ ἂν παραγενόμενος πρὸς ὑμᾶς διελέχθην, πειράσομαι καὶ νῦν περὶ τῶν αὐτῶν τούτων ὅπως ἂν δύνωμαι διεξελθεῖν. μηδὲν δ᾽ ὑπολάβητε τοιοῦτον, ὡς ἄρ᾽ ἐγὼ ταύτην ἔγραψα τὴν ἐπιστολὴν οὐχ ἕνεκα τῆς ὑμετέρας ξενίας, ἀλλ᾽ ἐπίδειξιν ποιήσασθαι βουλόμενος. οὐ γὰρ εἰς τοῦθ᾽ ἥκω μανίας ὥστ᾽ ἀγνοεῖν ὅτι κρείττω μὲν γράψαι τῶν πρότερον διαδεδομένων οὐκ ἂν δυναίμην, τοσοῦτον τῆς ἀκμῆς ὑστερῶν, χείρω δ᾽ ἐξενεγκὼν πολὺ φαυλοτέραν ἂν λάβοιμι δόξαν τῆς νῦν ἡμῖν ὑπαρχούσης.
                        <milestone n="5" unit="section"/>ἔπειτ᾽ εἴπερ ἐπιδείξει προσεῖχον τὸν νοῦν ἀλλὰ μὴ πρὸς ὑμᾶς ἐσπούδαζον, οὐκ ἂν ταύτην ἐξ ἁπασῶν προειλόμην τὴν ὑπόθεσιν, περὶ ἧς χαλεπόν ἐστιν ἐπιεικῶς εἰπεῖν, ἀλλὰ πολὺ καλλίους ἑτέρας ἂν εὗρον καὶ μᾶλλον λόγον ἐχούσας. ἀλλὰ γὰρ οὔτε πρότερον οὐδὲ πώποτ᾽ ἐφιλοτιμήθην ἐπὶ τούτοις, ἀλλ᾽ ἐφ᾽ ἑτέροις μᾶλλον, ἃ τοὺς πολλοὺς διαλέληθεν, οὔτε νῦν ἔχων ταύτην τὴν διάνοιαν ἐπραγματευσάμην,
                        <milestone n="6" unit="section"/>ἀλλ᾽ ὑμᾶς μὲν ὁρῶν ἐν πολλοῖς καὶ μεγάλοις πράγμασιν ὄντας, αὐτὸς δ᾽ ἀποφήνασθαι βουλόμενος ἣν ἔχω γνώμην περὶ αὐτῶν. ἡγοῦμαι δὲ συμβουλεύειν μὲν ἀκμὴν ἔχειν, αἱ γὰρ ἐμπειρίαι παιδεύουσι τοὺς τηλικούτους καὶ ποιοῦσι μᾶλλον τῶν ἄλλων δύνασθαι καθορᾶν τὸ βέλτιστον, εἰπεῖν δὲ περὶ τῶν προτεθέντων ἐπιχαρίτως καὶ μουσικῶς καὶ διαπεπονημένως οὐκέτι τῆς ἡμετέρας ἡλικίας ἐστίν, ἀλλ᾽ ἀγαπῴην ἄν, εἰ μὴ παντάπασιν ἐκλελυμένως διαλεχθείην περὶ αὐτῶν.
                        <milestone n="7" unit="section"/>
                        <milestone ed="P" unit="para"/>μὴ θαυμάζετε δ᾽ ἄν τι φαίνωμαι λέγων ὧν πρότερον ἀκηκόατε: τῷ μὲν γὰρ ἴσως ἄκων ἂν ἐντύχοιμι, τὸ δὲ καὶ προειδώς, εἰ πρέπον εἰς τὸν λόγον εἴη, προσλάβοιμι: καὶ γὰρ ἂν ἄτοπος εἴην, εἰ τοὺς ἄλλους ὁρῶν τοῖς ἐμοῖς χρωμένους αὐτὸς μόνος ἀπεχοίμην τῶν ὑπ᾽ ἐμοῦ πρότερον εἰρημένων. τούτου δ᾽ ἕνεκα ταῦτα προεῖπον, ὅτι τὸ πρῶτον ἐπιφερόμενον ἓν τῶν τεθρυλημένων ἐστίν.
                        <milestone n="8" unit="section"/>εἴθισμαι γὰρ λέγειν πρὸς τοὺς περὶ τὴν φιλοσοφίαν τὴν ἡμετέραν διατρίβοντας ὅτι τοῦτο πρῶτον δεῖ σκέψασθαι, τί τῷ λόγῳ καὶ τοῖς τοῦ λόγου μέρεσι διαπρακτέον ἐστίν: ἐπειδὰν δὲ τοῦθ᾽ εὕρωμεν καὶ διακριβωσώμεθα, ζητητέον εἶναί φημι τὰς ἰδέας δι᾽ ὧν ταῦτ᾽ ἐξεργασθήσεται καὶ λήψεται τέλος ὅπερ ὑπεθέμεθα. καὶ ταῦτα φράζω μὲν ἐπὶ τῶν λόγων, ἔστι δὲ τοῦτο στοιχεῖον καὶ κατὰ τῶν ἄλλων ἁπάντων καὶ κατὰ τῶν ὑμετέρων πραγμάτων. οὐδὲν γὰρ οἷόν τ᾽ ἐστὶ πραχθῆναι νοῦν ἐχόντως,
                        <milestone n="9" unit="section"/>ἂν μὴ τοῦτο πρῶτον μετὰ πολλῆς προνοίας λογίσησθε καὶ βουλεύσησθε, πῶς χρὴ τὸν ἐπίλοιπον χρόνον ὑμῶν αὐτῶν προστῆναι καὶ τίνα βίον προελέσθαι καὶ ποίας δόξης ὀριγνηθῆναι καὶ ποτέρας τῶν τιμῶν ἀγαπῆσαι, τὰς παρ᾽ ἑκόντων γιγνομένας ἢ τὰς παρ᾽ ἀκόντων τῶν πολιτῶν: ταῦτα δὲ διορισαμένους τότ᾽ ἤδη τὰς πράξεις τὰς καθ᾽ ἑκάστην τὴν ἡμέραν σκεπτέον, ὅπως συντενοῦσι πρὸς τὰς ὑποθέσεις τὰς ἐξ ἀρχῆς γενομένας.
                        <milestone n="10" unit="section"/>καὶ τοῦτον μὲν τὸν τρόπον ζητοῦντες καὶ φιλοσοφοῦντες ὥσπερ σκοποῦ κειμένου στοχάσεσθε τῇ ψυχῇ καὶ μᾶλλον ἐπιτεύξεσθε τοῦ συμφέροντος: ἂν δὲ μηδεμίαν ποιήσησθε τοιαύτην ὑπόθεσιν, ἀλλὰ τὸ προσπῖπτον ἐπιχειρῆτε πράττειν, ἀναγκαῖόν ἐστιν ὑμᾶς ταῖς διανοίαις πλανᾶσθαι καὶ πολλῶν διαμαρτάνειν πραγμάτων.
                        <milestone n="11" unit="section"/>
                        <milestone ed="P" unit="para"/>ἴσως ἂν οὖν τις τῶν εἰκῇ ζῆν προῃρημένων τοὺς μὲν τοιούτους λογισμοὺς διασύρειν ἐπιχειρήσειεν, ἀξιώσειε δ᾽ ἂν ἤδη με συμβουλεύειν περὶ τῶν προειρημένων. ἔστιν οὖν οὐκ ὀκνητέον ἀποφήνασθαι περὶ αὐτῶν ἃ τυγχάνω γιγνώσκων. ἐμοὶ γὰρ αἱρετώτερος ὁ βίος εἶναι δοκεῖ καὶ βελτίων ὁ τῶν ἰδιωτευόντων ἢ τῶν τυραννούντων, καὶ τὰς τιμὰς ἡδίους ἡγοῦμαι τὰς ἐν ταῖς πολιτείαις ἢ τὰς ἐν ταῖς μοναρχίαις: καὶ περὶ τούτων λέγειν ἐπιχειρήσω.
                        <milestone n="12" unit="section"/>καίτοι μ᾽ οὐ λέληθεν ὅτι πολλοὺς ἕξω τοὺς ἐναντιουμένους, καὶ μάλιστα τοὺς περὶ ὑμᾶς ὄντας. οἶμαι γὰρ οὐχ ἥκιστα τούτους ἐπὶ τὴν τυραννίδα παροξύνειν ὑμᾶς: σκοποῦσι γὰρ οὐ πανταχῇ τὴν φύσιν τοῦ πράγματος, ἀλλὰ πολλὰ παραλογίζονται σφᾶς αὐτούς. τὰς μὲν γὰρ ἐξουσίας καὶ τὰ κέρδη καὶ τὰς ἡδονὰς ὁρῶσι καὶ τούτων ἀπολαύσεσθαι προσδοκῶσι, τὰς δὲ ταραχὰς καὶ τοὺς φόβους καὶ τὰς συμφορὰς τὰς τοῖς ἄρχουσι συμπιπτούσας καὶ τοῖς φίλοις αὐτῶν οὐ θεωροῦσιν, ἀλλὰ πεπόνθασιν ὅπερ οἱ τοῖς αἰσχίστοις καὶ παρανομωτάτοις τῶν ἔργων ἐπιχειροῦντες.
                        <milestone n="13" unit="section"/>καὶ γὰρ ἐκεῖνοι τὰς μὲν πονηρίας τὰς τῶν πραγμάτων οὐκ ἀγνοοῦσιν, ἐλπίζουσι δ᾽ ὅσον μὲν ἀγαθόν ἐστιν ἐν αὐτοῖς, τοῦτο μὲν ἐκλήψεσθαι, τὰ δὲ δεινὰ πάντα τὰ προσόντα τῷ πράγματι καὶ τὰ κακὰ διαφεύξεσθαι, καὶ διοικήσειν τὰ περὶ σφᾶς αὐτοὺς οὕτως, ὥστε τῶν μὲν κινδύνων εἶναι πόρρω, τῶν δ᾽ ὠφελειῶν ἐγγύς.
                        <milestone n="14" unit="section"/>τοὺς μὲν οὖν ταύτην ἔχοντας τὴν διάνοιαν ζηλῶ τῆς ῥᾳθυμίας, αὐτὸς δ᾽ αἰσχυνθείην ἄν, εἰ συμβουλεύων ἑτέροις ἐκείνων ἀμελήσας τὸ ἐμαυτῷ συμφέρον ποιοίην καὶ μὴ παντάπασιν ἔξω θεὶς ἐμαυτὸν καὶ τῶν ὠφελειῶν καὶ τῶν ἄλλων ἁπάντων τὰ βέλτιστα παραινοίην.</p>
                    <p>ὡς οὖν ἐμοῦ ταύτην ἔχοντος τὴν γνώμην, οὕτω μοι προσέχετε τὸν νοῦν.<gap reason="lost"/>
                    </p>
                </div>
            </div>
        </body>
    </text>
</TEI>
