<?xml version="1.0" encoding="UTF-8"?>
<?xml-model href="http://www.stoa.org/epidoc/schema/latest/tei-epidoc.rng" schematypens="http://relaxng.org/ns/structure/1.0"?>
<TEI xmlns="http://www.tei-c.org/ns/1.0">
    <teiHeader>
        <fileDesc>
            <titleStmt>
                <title>To Philip, II</title>
                <title type="sub">Machine readable text</title>
                <author>Isocrates</author>
                <editor role="editor">Larue Van Hook</editor>
                <sponsor>Perseus Project, Tufts University</sponsor>
                <principal>Gregory Crane</principal>
                <respStmt>
                    <resp>Prepared under the supervision of</resp>
                    <name>Lisa Cerrato</name>
                    <name>William Merrill</name>
                    <name>Elli Mylonas</name>
                    <name>David Smith</name>
                </respStmt>
                <funder n="org:AnnCPB">The Annenberg CPB/Project</funder>
            </titleStmt>
            <publicationStmt>
                <publisher>Trustees of Tufts University</publisher>
                <pubPlace>Medford, MA</pubPlace>
                <authority>Perseus Project</authority>
            </publicationStmt>
            <sourceDesc>
                <bibl>
                    <author>Isocrates</author>
                    <title>Isocrates with an English Translation in three volumes, by Larue Van Hook, Ph.D.,
                        LL.D.</title>
                    <publisher>Cambridge, MA, Harvard University Press; London, William Heinemann
                        Ltd.</publisher>
                    <biblScope unit="volume">3</biblScope>
                    <date type="print">1945</date>
                    <date type="reprint">1968</date>
                </bibl>
            </sourceDesc>
        </fileDesc>
        
        <encodingDesc>
            <refsDecl n="CTS">
                <cRefPattern n="letter" matchPattern="(\w+)" replacementPattern="#xpath(/tei:TEI/tei:text/tei:body/tei:div/tei:div[@n='$1'])">
                    <p>This pointer pattern extracts letter</p>
                </cRefPattern>
            </refsDecl>
        </encodingDesc>
        
        <profileDesc>
            <langUsage>
                <language ident="eng">English </language>
                <language ident="grc">Greek </language>
            </langUsage>
        </profileDesc>
        
        <revisionDesc>
            <!-- 
        <change><date>April 1992</date>
            <respStmt><name>W. Merrill</name><resp>ed.</resp></respStmt>
            <item>Threw out isoc.gk.sgml because first letter of each line was missing. Started from scratch again from isoc.gk.raw. Change markup in accordance with orator dtd</item>
        </change>
        <change><date>June 1992</date>
            <respStmt><name>W. Merrill</name><resp>ed.</resp></respStmt>
            <item>put speeches in numerical order. Consolidated files.</item>
        </change>
        <change><date>June 1995</date>
            <respStmt><name>Lisa Cerrato</name><resp>ed.</resp></respStmt>
            <item>made section after 11.21 11.22. It was 11.37.</item>
        </change>
        <change><date>1 March 2000</date>
            <respStmt><name>David Smith</name><resp>ed.</resp></respStmt>
            <item>
                $Log: isoc.l_gk.xml,v $
                Revision 1.5  2013-09-13 11:21:35  balmas01
                reverting texts back to pre_cts_reorg tagged version
                
                Revision 1.3  2011-01-13 03:38:26  gcrane
                more refinements making these files SDL compatible
                
                Revision 1.2  2011-01-12 16:22:29  gcrane
                common nouns now reduced to lower case
                
                Revision 1.1  2011-01-05 07:29:57  gcrane
                base SDL files
                
                Revision 1.1  2009/11/24 20:08:29  rsingh04
                moved more xml files around based on copyright status
                
                Revision 1.1  2005/08/01 18:01:19  packel
                split up letters and speeches
                
                Revision 1.1  2005/07/25 14:37:37  packel
                Converted to XML
                
                Revision 1.12  2003/07/01 22:17:05  yorkc
                Updated texts to TEI P4 and Perseus P4 extensions; minor cleanup (esp. character encodings and typos.)
                
                Revision 1.11  2000/10/24 16:30:03  lcerrato
                repetition of end of word in 7.38 eliminated
                
                Revision 1.10  2000/03/22 17:08:04  dasmith
                Corrected title of fifth letter.
                
                Revision 1.9  2000/03/04 20:34:40  dasmith
                Added separate funder entity to TEI header.
                
                Revision 1.8  2000/03/01 22:22:15  dasmith
                Only look up speeches in the orat. subdoc.
                
                Revision 1.7  2000/03/01 22:15:43  dasmith
                Can't have tags in change log.
                
                Revision 1.6  2000/03/01 22:14:46  dasmith
                Erroneously copied &lt;text lang=en&gt; from English file.
                
                Revision 1.5  2000/03/01 22:08:47  dasmith
                Converted to TEI P3.
                Wrap letters in DIV1 so we can cite them as "L. 4.3" within doc.
                
                
            </item></change>--><change when="2016-02-08" who="TDB"> CTS and Epidoc update</change>
    </revisionDesc>
</teiHeader>
    <text><body><div type="edition" n="urn:cts:greekLit:tlg0010.tlg030.perseus-grc2" xml:lang="grc">     
        <div subtype="Letter" type="textpart" n="3">
        <head>Φιλίππῳ, 2</head>
        <milestone n="1" unit="section"/>
        <p>ἐγὼ διελέχθην μὲν καὶ πρὸς Ἀντίπατρον περί τε τῶν τῇ πόλει καὶ τῶν σοὶ συμφερόντων ἐξαρκούντως, ὡς ἐμαυτὸν ἔπειθον, ἠβουλήθην δὲ καὶ πρὸς σὲ γράψαι περὶ ὧν μοι δοκεῖ πρακτέον εἶναι μετὰ τὴν εἰρήνην, παραπλήσια μὲν τοῖς ἐν τῷ λόγῳ γεγραμμένοις, πολὺ δ᾽ ἐκείνων συντομώτερα.
            <milestone n="2" unit="section"/>
            <milestone ed="P" unit="para"/>κατ᾽ ἐκεῖνον μὲν γὰρ τὸν χρόνον συνεβούλευον ὡς χρὴ διαλλάξαντά σε τὴν πόλιν τὴν ἡμετέραν καὶ τὴν Λακεδαιμονίων καὶ τὴν Θηβαίων καὶ τὴν Ἀργείων εἰς ὁμόνοιαν καταστῆσαι τοὺς Ἕλληνας, ἡγούμενος, ἂν τὰς προεστώσας πόλεις πείσῃς οὕτω φρονεῖν, ταχέως καὶ τὰς ἄλλας ἐπακολουθήσειν. τότε μὲν οὖν ἄλλος ἦν καιρός, νῦν δὲ συμβέβηκε μηκέτι δεῖν πείθειν: διὰ γὰρ τὸν ἀγῶνα τὸν γεγενημένον ἠναγκασμένοι πάντες εἰσὶν εὖ φρονεῖν καὶ τούτων ἐπιθυμεῖν ὧν ὑπονοοῦσί σε βούλεσθαι πράττειν καὶ λέγειν, ὡς δεῖ παυσαμένους τῆς μανίας καὶ τῆς πλεονεξίας, ἣν ἐποιοῦντο πρὸς ἀλλήλους, εἰς τὴν Ἀσίαν τὸν πόλεμον ἐξενεγκεῖν.
            <milestone n="3" unit="section"/>καὶ πολλοὶ πυνθάνονται παρ᾽ ἐμοῦ πότερον ἐγώ σοι παρῄνεσα ποιεῖσθαι τὴν στρατείαν τὴν ἐπὶ τοὺς βαρβάρους ἢ σοῦ διανοηθέντος συνεῖπον: ἐγὼ δ᾽ οὐκ εἰδέναι μέν φημι τὸ σαφές, οὐ γὰρ συγγεγενῆσθαί σοι πρότερον, οὐ μὴν ἀλλ᾽ οἴεσθαι σὲ μὲν ἐγνωκέναι περὶ τούτων, ἐμὲ δὲ συνειρηκέναι ταῖς σαῖς ἐπιθυμίαις. ταῦτα δ᾽ ἀκούοντες ἐδέοντό μου πάντες παρακελεύεσθαί σοι καὶ προτρέπειν ἐπὶ τῶν αὐτῶν τούτων μένειν, ὡς οὐδέποτ᾽ ἂν γενομένων οὔτε καλλιόνων ἔργων οὔτ᾽ ὠφελιμωτέρων τοῖς Ἕλλησιν οὔτ᾽ ἐν καιρῷ μᾶλλον πραχθησομένων.
            <milestone n="4" unit="section"/>
            <milestone ed="P" unit="para"/>εἰ μὲν οὖν εἶχον τὴν αὐτὴν δύναμιν ἥνπερ πρότερον, καὶ μὴ παντάπασιν ἦν ἀπειρηκώς, οὐκ ἂν δι᾽ ἐπιστολῆς διελεγόμην, ἀλλὰ παρὼν αὐτὸς παρώξυνον ἄν σε καὶ παρεκάλουν ἐπὶ τὰς πράξεις ταύτας. νῦν δ᾽ ὡς δύναμαι παρακελεύομαί σοι μὴ καταμελῆσαι τούτων, πρὶν ἂν τέλος ἐπιθῇς αὐτοῖς. ἔστι δὲ πρὸς μὲν ἄλλο τι τῶν ὄντων ἀπλήστως ἔχειν οὐ καλόν, αἱ γὰρ μετριότητες παρὰ τοῖς πολλοῖς εὐδοκιμοῦσι, δόξης δὲ μεγάλης καὶ καλῆς ἐπιθυμεῖν καὶ μηδέποτ᾽ ἐμπίπλασθαι προσήκει τοῖς πολὺ τῶν ἄλλων διενεγκοῦσιν: ὅπερ σοὶ συμβέβηκεν.
            <milestone n="5" unit="section"/>ἡγοῦ δὲ τόθ᾽ ἕξειν ἀνυπέρβλητον αὐτὴν καὶ τῶν σοὶ πεπραγμένων ἀξίαν, ὅταν τοὺς μὲν βαρβάρους ἀναγκάσῃς εἱλωτεύειν τοῖς Ἕλλησι πλὴν τῶν σοὶ συναγωνισαμένων, τὸν δὲ βασιλέα τὸν νῦν μέγαν προσαγορευόμενον ποιήσῃς τοῦτο πράττειν ὅ τι ἂν σὺ προστάττῃς. οὐδὲν γὰρ ἔσται λοιπὸν ἔτι πλὴν θεὸν γενέσθαι. ταῦτα δὲ κατεργάσασθαι πολὺ ῥᾷόν ἐστιν ἐκ τῶν παρόντων ἢ προελθεῖν ἐπὶ τὴν δύναμιν καὶ τὴν δόξαν ἣν νῦν ἔχεις, ἐκ τῆς βασιλείας τῆς ἐξ ἀρχῆς ὑμῖν ὑπαρξάσης.
            <milestone n="6" unit="section"/>
            <milestone ed="P" unit="para"/>χάριν δ᾽ ἔχω τῷ γήρᾳ ταύτην μόνην,  ὅτι προήγαγεν εἰς τοῦτό μου τὸν βίον, ὥσθ᾽ ἃ νέος ὢν διενοούμην καὶ γράφειν ἐπεχείρουν ἔν τε τῷ πανηγυρικῷ λόγῳ καὶ τῷ πρὸς σὲ πεμφθέντι, ταῦτα νῦν τὰ μὲν ἤδη γιγνόμενα διὰ τῶν σῶν ἐφορῶ πράξεων, τὰ δ᾽ ἐλπίζω γενήσεσθαι.</p>
    </div></div></body></text></TEI>
