<?xml version="1.0" encoding="UTF-8"?>
<?xml-model href="http://www.stoa.org/epidoc/schema/latest/tei-epidoc.rng" schematypens="http://relaxng.org/ns/structure/1.0"?>
<TEI xmlns="http://www.tei-c.org/ns/1.0">
   <teiHeader>
      <fileDesc>
        <titleStmt>
            <title>To Dionysius</title>
            <title type="sub">Machine readable text</title>
            <author>Isocrates</author>
            <editor role="editor">Larue Van Hook</editor>
            <sponsor>Perseus Project, Tufts University</sponsor>
            <principal>Gregory Crane</principal>
            <respStmt>
                <resp>Prepared under the supervision of</resp>
                <name>Lisa Cerrato</name>
                <name>William Merrill</name>
                <name>Elli Mylonas</name>
                <name>David Smith</name>
            </respStmt>
            <funder n="org:AnnCPB">The Annenberg CPB/Project</funder>
        </titleStmt>
          
          <publicationStmt>
              <publisher>Trustees of Tufts University</publisher>
              <pubPlace>Medford, MA</pubPlace>
              <authority>Perseus Project</authority>
          </publicationStmt>
        <sourceDesc>
            <bibl>
                <author>Isocrates</author>
                <title>Isocrates with an English Translation in three volumes, by Larue Van Hook, Ph.D.,
                    LL.D.</title>
                <publisher>Cambridge, MA, Harvard University Press; London, William Heinemann
                    Ltd.</publisher>
                <biblScope unit="volume">3</biblScope>
                <date type="print">1945</date>
                <date type="reprint">1968</date>
            </bibl>
        </sourceDesc>
      </fileDesc>
    
      <encodingDesc>
         <refsDecl n="CTS">
             <cRefPattern n="letter" matchPattern="(\w+)" replacementPattern="#xpath(/tei:TEI/tei:text/tei:body/tei:div/tei:div[@n='$1'])">
               <p>This pointer pattern extracts letter</p>
            </cRefPattern>
         </refsDecl>
              </encodingDesc>
    
      <profileDesc>
          <langUsage>
              <language ident="eng">English </language>
              <language ident="grc">Greek </language>
          </langUsage>
          
      </profileDesc>
    
      <revisionDesc>
         <!--<change><date>April 1992</date>
            <respStmt><name>W. Merrill</name><resp>ed.</resp></respStmt>
            <item>Threw out isoc.gk.sgml because first letter of each line was missing. Started from scratch again from isoc.gk.raw. Change markup in accordance with orator dtd</item>
        </change>
        <change><date>June 1992</date>
            <respStmt><name>W. Merrill</name><resp>ed.</resp></respStmt>
            <item>put speeches in numerical order. Consolidated files.</item>
        </change>
        <change><date>June 1995</date>
            <respStmt><name>Lisa Cerrato</name><resp>ed.</resp></respStmt>
            <item>made section after 11.21 11.22. It was 11.37.</item>
        </change>
        <change><date>1 March 2000</date>
            <respStmt><name>David Smith</name><resp>ed.</resp></respStmt>
            <item>
                $Log: isoc.l_gk.xml,v $
                Revision 1.5  2013-09-13 11:21:35  balmas01
                reverting texts back to pre_cts_reorg tagged version
                
                Revision 1.3  2011-01-13 03:38:26  gcrane
                more refinements making these files SDL compatible
                
                Revision 1.2  2011-01-12 16:22:29  gcrane
                common nouns now reduced to lower case
                
                Revision 1.1  2011-01-05 07:29:57  gcrane
                base SDL files
                
                Revision 1.1  2009/11/24 20:08:29  rsingh04
                moved more xml files around based on copyright status
                
                Revision 1.1  2005/08/01 18:01:19  packel
                split up letters and speeches
                
                Revision 1.1  2005/07/25 14:37:37  packel
                Converted to XML
                
                Revision 1.12  2003/07/01 22:17:05  yorkc
                Updated texts to TEI P4 and Perseus P4 extensions; minor cleanup (esp. character encodings and typos.)
                
                Revision 1.11  2000/10/24 16:30:03  lcerrato
                repetition of end of word in 7.38 eliminated
                
                Revision 1.10  2000/03/22 17:08:04  dasmith
                Corrected title of fifth letter.
                
                Revision 1.9  2000/03/04 20:34:40  dasmith
                Added separate funder entity to TEI header.
                
                Revision 1.8  2000/03/01 22:22:15  dasmith
                Only look up speeches in the orat. subdoc.
                
                Revision 1.7  2000/03/01 22:15:43  dasmith
                Can't have tags in change log.
                
                Revision 1.6  2000/03/01 22:14:46  dasmith
                Erroneously copied &lt;text lang=en&gt; from English file.
                
                Revision 1.5  2000/03/01 22:08:47  dasmith
                Converted to TEI P3.
                Wrap letters in DIV1 so we can cite them as "L. 4.3" within doc.
                
                
            </item></change>-->
          <change when="2016-01-29" who="TDBuck">split the file based on urns, epidoc and cts update, betacode to unicode</change>
      </revisionDesc>
   </teiHeader>
    <text>
        <body>
            <div xml:lang="grc"
                type="edition"
                n="urn:cts:greekLit:tlg0010.tlg022.perseus-grc2">
                <div type="textpart" n="1" subtype="Letter">
                    <head>Ἰσοκράτης Διονυσίῳ χαιρεῖν</head>
                    <milestone n="1" unit="section"/>
                    <p>εἰ μὲν νεώτερος ἦν, οὐκ ἂν ἐπιστολὴν ἔπεμπον, ἀλλ᾽ αὐτὸς ἄν σοι πλεύσας ἐνταῦθα διελέχθην: ἐπειδὴ δ᾽ οὐ κατὰ τοὺς αὐτοὺς χρόνους ὅ τε τῆς ἡλικίας τῆς ἐμῆς καιρὸς καὶ τῶν σῶν πραγμάτων συμβέβηκεν, ἀλλ᾽ ἐγὼ μὲν προαπείρηκα, τὰ δὲ πράττεσθαι νῦν ἀκμὴν εἴληφεν, ὡς οἷόν τ᾽ ἐστὶν ἐκ τῶν παρόντων, οὕτω σοι πειράσομαι δηλῶσαι περὶ αὐτῶν.
                        <milestone n="2" unit="section"/>
                        <milestone ed="P" unit="para"/>οἶδα μὲν οὖν ὅτι τοῖς συμβουλεύειν ἐπιχειροῦσι πολὺ διαφέρει μὴ διὰ γραμμάτων ποιεῖσθαι τὴν συνουσίαν ἀλλ᾽ αὐτοὺς πλησιάσαντας, οὐ μόνον ὅτι περὶ τῶν αὐτῶν πραγμάτων ῥᾷον ἄν τις παρὼν πρὸς παρόντα φράσειν ἢ δι᾽ ἐπιστολῆς δηλώσειεν, οὐδ᾽ ὅτι πάντες τοῖς λεγομένοις μᾶλλον ἢ τοῖς γεγραμμένοις πιστεύουσι, καὶ τῶν μὲν ὡς εἰσηγημάτων, τῶν δ᾽ ὡς ποιημάτων ποιοῦνται τὴν ἀκρόασιν:
                        <milestone n="3" unit="section"/>ἔτι δὲ πρὸς τούτοις ἐν μὲν ταῖς συνουσίαις ἢν ἀγνοηθῇ τι τῶν λεγομένων ἢ μὴ πιστευθῇ, παρὼν ὁ τὸν λόγον διεξιὼν ἀμφοτέροις τούτοις ἐπήμυνεν, ἐν δὲ τοῖς ἐπιστελλομένοις καὶ γεγραμμένοις ἤν τι συμβῇ τοιοῦτον, οὐκ ἔστιν ὁ διορθώσων: ἀπόντος γὰρ τοῦ γράψαντος ἔρημα τοῦ βοηθήσοντός ἐστιν. οὐ μὴν ἀλλ᾽ ἐπειδὴ σὺ μέλλεις αὐτῶν ἔσεσθαι κριτής, πολλὰς ἐλπίδας ἔχω φανήσεσθαι λέγοντας ἡμᾶς τι τῶν δεόντων: ἡγοῦμαι γὰρ ἁπάσας ἀφέντα σε τὰς δυσχερείας τὰς προειρημένας αὐταῖς ταῖς πράξεσι προσέξειν τὸν νοῦν.
                        <milestone n="4" unit="section"/>
                        <milestone ed="P" unit="para"/>καίτοι τινὲς ἤδη με τῶν σοὶ πλησιασάντων ἐκφοβεῖν ἐπεχείρησαν, λέγοντες ὡς σὺ τοὺς μὲν κολακεύοντας τιμᾶς, τῶν δὲ συμβουλευόντων καταφρονεῖς. ἐγὼ δ᾽ εἰ μὲν ἀπεδεχόμην τοὺς λόγους τούτους ἐκείνων, πολλὴν ἂν ἡσυχίαν εἶχον: νῦν δ᾽ οὐδεὶς ἄν με πείσειεν, ὡς οἷόν τ᾽ ἐστὶ τοσοῦτον καὶ τῇ γνώμῃ καὶ ταῖς πράξεσι διενεγκεῖν, ἂν μή τις τῶν μὲν μαθητής, τῶν δ᾽ ἀκροατής, τῶν δ᾽ εὑρετὴς γένηται, καὶ πανταχόθεν προσαγάγηται καὶ συλλέξηται, δι᾽ ὧν οἷόν τ᾽ ἐστὶν ἀσκῆσαι τὴν αὑτοῦ διάνοιαν.
                        <milestone n="5" unit="section"/>
                        <milestone ed="P" unit="para"/>ἐπήρθην μὲν οὖν ἐπιστέλλειν σοι διὰ ταῦτα.  λέγειν δὲ μέλλω περὶ μεγάλων πραγμάτων καὶ περὶ ὧν οὐδενὶ τῶν ζώντων ἀκοῦσαι μᾶλλον ἢ σοὶ προσήκει. καὶ μὴ νόμιζέ με προθύμως οὕτω σε παρακαλεῖν, ἵνα γένῃ συγγράμματος ἀκροατής: οὐ γὰρ οὔτ᾽ ἐγὼ τυγχάνω φιλοτίμως διακείμενος πρὸς τὰς ἐπιδείξεις οὔτε σὺ λανθάνεις ἡμᾶς ἤδη πλήρης ὢν τῶν τοιούτων.
                        <milestone n="6" unit="section"/>πρὸς δὲ τούτοις κἀκεῖνο πᾶσι φανερόν, ὅτι τοῖς μὲν ἐπιδείξεως δεομένοις αἱ πανηγύρεις ἁρμόττουσιν, ἐκεῖ γὰρ ἄν τις ἐν πλείστοις τὴν αὑτοῦ δύναμιν διασπείρειεν, τοῖς δὲ διαπράξασθαί τι βουλομένοις πρὸς τοῦτον διαλεκτέον, ὅστις τάχιστα μέλλει τὰς πράξεις ἐπιτελεῖν τὰς ὑπὸ τοῦ λόγου δηλωθείσας.
                        <milestone n="7" unit="section"/>εἰ μὲν οὖν μιᾷ τινι τῶν πόλεων εἰσηγούμην, πρὸς τοὺς ἐκείνης προεστῶτας τοὺς λόγους ἂν ἐποιούμην: ἐπειδὴ δ᾽ ὑπὲρ τῆς τῶν Ἑλλήνων σωτηρίας παρεσκεύασμαι συμβουλεύειν, πρὸς τίν᾽ ἂν δικαιότερον διαλεχθείην ἢ πρὸς τὸν πρωτεύοντα τοῦ γένους καὶ μεγίστην ἔχοντα δύναμιν;
                        <milestone n="8" unit="section"/>καὶ μὴν οὐδ᾽ ἀκαίρως φανησόμεθα μεμνημένοι περὶ τούτων. ὅτε μὲν γὰρ Λακεδαιμόνιοι τὴν ἀρχὴν εἶχον, οὐ ῥᾴδιον ἦν ἐπιμεληθῆναί σοι τῶν περὶ τὸν τόπον τὸν ἡμέτερον, οὐδὲ τούτοις ἐναντία πράττειν ἄμα καὶ Καρχηδονίοις πολεμεῖν: ἐπειδὴ δὲ Λακεδαιμόνιοι μὲν οὕτω πράττουσιν ὥστ᾽ ἀγαπᾶν, ἢν τὴν χώραν τὴν αὑτῶν ἔχωσιν, ἡ δ᾽ ἡμετέρα πόλις ἡδέως ἂν αὑτήν σοι παράσχοι συναγωνιζομένην, εἴ τι πράττοις ὑπὲρ τῆς Ἑλλάδος ἀγαθόν, πῶς ἂν παραπέσοι καλλίων καιρὸς τοῦ νῦν σοι παρόντος;
                        <milestone n="9" unit="section"/>
                        <milestone ed="P" unit="para"/>καὶ μὴ θαυμάσῃς,  εἰ μήτε δημηγορῶν μήτε στρατηγῶν μήτ᾽ ἄλλως δυνάσης ὢν οὕτως ἐμβριθὲς  αἴρομαι πρᾶγμα καὶ δυοῖν ἐπιχειρῶ τοῖν μεγίστοιν, ὑπέρ τε τῆς Ἑλλάδος λέγειν καὶ σοὶ συμβουλεύειν. ἐγὼ γὰρ τοῦ μὲν πράττειν τι τῶν κοινῶν εὐθὺς ἐξέστην, δι᾽ ἃς δὲ προφάσεις πολὺ ἂν ἔργον εἴη μοι λέγειν, τῆς δὲ παιδεύσεως τῆς τῶν μὲν μικρῶν καταφρονούσης, τῶν δὲ μεγάλωι ἐφικνεῖσθαι πειρωμένης οὐκ ἂν φανείην ἄμοιρος γεγενημένος.
                        <milestone n="10" unit="section"/>ὥστ᾽ οὐδὲν ἄτοπον, εἴ τι τῶν συμφερόντων ἰδεῖν ἂν μᾶλλον δυνηθείην τῶν εἰκῇ μὲν πολιτευομένων, μεγάλην δὲ δόξαν εἰληφότων δηλώσομεν δ᾽ οὐκ εἰς ἀναβολάς, εἴ τινος ἄξιοι τυγχάνομεν ὄντες, ἀλλ᾽ ἐκ τῶν ῥηθήσεσθαι μελλόντων<gap reason="omitted"/>
                    </p>
                </div>
            </div>
        </body>
    </text>
</TEI>