<?xml version="1.0" encoding="UTF-8"?>
<?xml-model href="http://www.stoa.org/epidoc/schema/latest/tei-epidoc.rng" schematypens="http://relaxng.org/ns/structure/1.0"?>
<TEI xmlns="http://www.tei-c.org/ns/1.0">
  <teiHeader>
    <fileDesc>
      <titleStmt>
        <title>Aegineticus</title>
        <title type="sub">Machine readable text</title>
        <author>Isocrates</author>
        <editor role="editor">Larue Van Hook</editor>
        <sponsor>Perseus Project, Tufts University</sponsor>
        <principal>Gregory Crane</principal>
        <respStmt>
          <resp>Prepared under the supervision of</resp>
          <name>Lisa Cerrato</name>
          <name>William Merrill</name>
          <name>Elli Mylonas</name>
          <name>David Smith</name>
        </respStmt>
        <funder n="org:AnnCPB">The Annenberg CPB/Project</funder>

      </titleStmt>
      <publicationStmt>
        <publisher>Trustees of Tufts University</publisher>
        <pubPlace>Medford, MA</pubPlace>
        <authority>Perseus Project</authority>
      </publicationStmt>

      <sourceDesc>
        <bibl>
          <author>Isocrates</author>
          <title>Isocrates with an English Translation in three volumes, by Larue Van Hook, Ph.D.,
            LL.D.</title>
          <publisher>Cambridge, MA, Harvard University Press; London, William Heinemann
            Ltd.</publisher>
          <biblScope unit="volume">3</biblScope>
          <date type="print">1945</date>
          <date type="reprint">1968</date>
        </bibl>
      </sourceDesc>
    </fileDesc>

    <encodingDesc>
      <refsDecl n="CTS">
        <cRefPattern n="section"
          matchPattern="(\\w+)"
          replacementPattern="#xpath(/tei:TEI/tei:text/tei:body/tei:div/tei:div[@n=\'$1\'])">
          <p>This pointer pattern extracts section</p>
        </cRefPattern>
      </refsDecl>
      <refsDecl>
        <refState n="chunk context" unit="section"/>
      </refsDecl>
    </encodingDesc>
    
    <profileDesc>
      <langUsage>
        <language ident="eng">English </language>
        <language ident="grc">Greek </language>
      </langUsage>

      <textClass xml:id="gen.epideictic">
        <keywords>
          <term>Epideictic</term>
        </keywords>
      </textClass>
      <textClass xml:id="gen.forensic.prosecution">
        <keywords>
          <term>Forensic Prosecution</term>
        </keywords>
      </textClass>
      <textClass xml:id="gen.forensic.defense">
        <keywords>
          <term>Forensic Defense</term>
        </keywords>
      </textClass>
      <textClass xml:id="gen.estate.claim">
        <keywords>
          <term>Claim against an Estate</term>
        </keywords>
      </textClass>
    </profileDesc>

    <revisionDesc>
      <!--
      <change><date>April 1992</date>
	<respStmt><name>W. Merrill</name><resp>ed.</resp></respStmt>
	<item>Threw out isoc.gk.sgml because first letter of each line was missing. Started from scratch again from isoc.gk.raw. Change markup in accordance with orator dtd</item>
      </change>
      <change><date>June 1992</date>
	<respStmt><name>W. Merrill</name><resp>ed.</resp></respStmt>
	<item>put speeches in numerical order. Consolidated files.</item>
      </change>
      <change><date>June 1995</date>
	<respStmt><name>Lisa Cerrato</name><resp>ed.</resp></respStmt>
	<item>made section after 11.21 11.22. It was 11.37.</item>
      </change>
      <change><date>1 March 2000</date>
	<respStmt><name>David Smith</name><resp>ed.</resp></respStmt>
	<item>
$Log: isoc.orat_gk.xml,v $
Revision 1.1  2009-11-24 20:08:29  rsingh04
moved more xml files around based on copyright status

Revision 1.4  2009/06/24 16:04:24  lcerrato
fixed bad bibls

Revision 1.3  2009/06/11 17:56:55  student
fixed bibl errors - zr

Revision 1.2  2006/02/10 21:10:24  packel
places/dates now actually tagged

Revision 1.1  2005/08/01 18:01:20  packel
split up letters and speeches

Revision 1.1  2005/07/25 14:37:37  packel
Converted to XML
	
Revision 1.12  2003/07/01 22:17:05  yorkc
Updated texts to TEI P4 and Perseus P4 extensions; minor cleanup (esp. character encodings and typos.)

Revision 1.11  2000/10/24 16:30:03  lcerrato
repetition of end of word in 7.38 eliminated

Revision 1.10  2000/03/22 17:08:04  dasmith
Corrected title of fifth letter.

Revision 1.9  2000/03/04 20:34:40  dasmith
Added separate funder entity to TEI header.

Revision 1.8  2000/03/01 22:22:15  dasmith
Only look up speeches in the orat. subdoc.

Revision 1.7  2000/03/01 22:15:43  dasmith
Can't have tags in change log.

Revision 1.6  2000/03/01 22:14:46  dasmith
Erroneously copied lttext xml:lang=engt from English file.

Revision 1.5  2000/03/01 22:08:47  dasmith
Converted to TEI P3.
Wrap letters in DIV1 so we can cite them as "L. 4.3" within doc.


      </item></change>
    <change><date>July 2014</date>
    <respStmt><name>Stella Dee</name><resp>ed.</resp></respStmt>
    <item>split speeches and converted to unicode</item>
      </change></change>-->
      <change when="2014-10-01" who="Stella Dee">edited markup</change>
    </revisionDesc>
  </teiHeader>
  <text xml:lang="grc">
    <body>
      <div type="edition" n="urn:cts:greekLit:tlg0010.tlg006.perseus-grc2" xml:lang="grc">
      <div subtype="section" type="textpart" n="1">
        <p> ἐνόμιζον μέν, ὦ ἄνδρες Αἰγινῆται, οὕτω καλῶς βεβουλεῦσθαι περὶ τῶν αὑτοῦ Θρασύλοχον ὥστε
          μηδένʼ ἄν ποτʼ ἐλθεῖν ἐναντία πράξοντα ταῖς διαθήκαις αἷς ἐκεῖνος κατέλιπεν· ἐπειδὴ δὲ
          τοῖς ἀντιδίκοις τοιαύτη γνώμη παρέστηκεν ὥστε καὶ πρὸς οὕτως ἐχούσας αὐτὰς ἀμφισβητεῖν,
          ἀναγκαίως ἔχει παρʼ ὑμῶν πειρᾶσθαι τῶν δικαίων τυγχάνειν. </p>
      </div>
      <div subtype="section" type="textpart" n="2">
        <p>τοὐναντίον δὲ πέπονθα τοῖς πλείστοις τῶν ἀνθρώπων. τοὺς μὲν γὰρ ἄλλους ὁρῶ χαλεπῶς
          φέροντας, ὅταν ἀδίκως περί τινος κινδυνεύωσιν, ἐγὼ δʼ ὀλίγου δέω χάριν ἔχειν τούτοις, ὅτι
          μʼ εἰς τουτονὶ τὸν ἀγῶνα κατέστησαν. ἀκρίτου μὲν γὰρ ὄντος τοῦ πράγματος οὐκ ἂν ἠπίστασθʼ
          ὁποῖός τις γεγενημένος περὶ τὸν τετελευτηκότα κληρονόμος εἰμὶ τῶν ἐκείνου· πυθόμενοι δὲ τὰ
          πραχθέντα πάντες εἴσεσθʼ ὅτι δικαίως ἂν καὶ μείζονος ἢ τοσαύτης δωρεᾶς ἠξιώθην. </p>
      </div>
      <div subtype="section" type="textpart" n="3">
        <p>χρῆν μέντοι καὶ τὴν ἀμφισβητοῦσαν τῶν χρημάτων μὴ παρʼ ὑμῶν πειρᾶσθαι λαμβάνειν τὴν
          οὐσίαν, ἣν Θρασύλοχος κατέλιπεν, ἀλλὰ περὶ ἐκεῖνον χρηστὴν οὖσαν οὕτως ἀξιοῦν αὐτῆς
          ἐπιδικάζεσθαι. νῦν δʼ αὐτῇ τοσούτου δεῖ μεταμέλειν ὧν εἰς ζῶντʼ ἐξήμαρτεν, ὥστε καὶ
          τεθνεῶτος αὐτοῦ πειρᾶται τήν τε διαθήκην ἄκυρον ἅμα καὶ τὸν οἶκον ἔρημον ποιῆσαι. </p>
      </div>
      <div subtype="section" type="textpart" n="4">
        <p>θαυμάζω δὲ καὶ τῶν πραττόντων ὑπὲρ αὐτῆς, εἰ διὰ τοῦτʼ οἴονται καλὸν εἶναι τὸν κίνδυνον,
          ὅτι μὴ κατορθώσαντες οὐδὲν μέλλουσιν ἀποτείσειν. ἐγὼ μὲν γὰρ ἡγοῦμαι μεγάλην εἶναι καὶ
          ταύτην ζημίαν, ἂν ἐξελεγχθέντες ὡς ἀδίκως ἀμφισβητοῦσιν, ἔπειθʼ ὑμῖν δόξωσι χείρους εἶναι.
          τὴν μὲν οὖν τούτων κακίαν ἐξ αὐτῶν τῶν ἔργων γνώσεσθʼ, ἐπειδὰν διὰ τέλους ἀκούσητε τῶν
          πεπραγμένων· ὅθεν δʼ, οἶμαι, τάχιστʼ ἂν ὑμᾶς μαθεῖν περὶ ὧν ἀμφισβητοῦμεν, ἐντεῦθεν
          ἄρξομαι διηγεῖσθαι. </p>
      </div>
      <div subtype="section" type="textpart" n="5">
        <p>Θράσυλλος γὰρ ὁ πατὴρ τοῦ καταλιπόντος τὴν διαθήκην παρὰ μὲν τῶν προγόνων οὐδεμίαν οὐσίαν
          παρέλαβεν, ξένος δὲ Πολεμαινέτῳ τῷ μάντει γενόμενος οὕτως οἰκείως διετέθη πρὸς αὐτὸν ὥστʼ
          ἀποθνῄσκων ἐκεῖνος τάς τε βίβλους τὰς περὶ τῆς μαντικῆς αὐτῷ κατέλιπε καὶ τῆς οὐσίας μέρος
          τι τῆς νῦν οὔσης ἔδωκεν. </p>
      </div>
      <div subtype="section" type="textpart" n="6">
        <p>λαβὼν δὲ Θράσυλλος ταύτας ἀφορμὰς ἐχρῆτο τῇ τέχνῃ· πλάνης δὲ γενόμενος καὶ διαιτηθεὶς ἐν
          πολλαῖς πόλεσιν ἄλλαις τε γυναιξὶ συνεγένετο, ὧν ἔνιαι καὶ παιδάριʼ ἀπέδειξαν ἃ ʼκεῖνος
          οὐδὲ πώποτε γνήσιʼ ἐνόμισε, καὶ δὴ καὶ τὴν ταύτης μητέρʼ ἐν τούτοις τοῖς χρόνοις ἔλαβεν.
        </p>
      </div>
      <div subtype="section" type="textpart" n="7">
        <p>ἐπειδὴ δʼ οὐσίαν τε πολλὴν ἐκτήσατο καὶ τὴν πατρίδʼ ἐπόθεσεν, ἐκείνης μὲν καὶ τῶν ἄλλων
          ἀπηλλάγη, καταπλεύσας δʼ εἰς Σίφνον ἔγημεν ἀδελφὴν τοῦ πατρὸς τοὐμοῦ, πλούτῳ μὲν αὐτὸς
          πρῶτος ὢν τῶν πολιτῶν, γένει δὲ καὶ τοῖς ἄλλοις ἀξιώμασιν εἰδὼς τὴν ἡμετέραν οἰκίαν
          προέχουσαν. </p>
      </div>
      <div subtype="section" type="textpart" n="8">
        <p>οὕτω δὲ σφόδρʼ ἠγάπησε τὴν τοῦ πατρὸς φιλίαν, ὥστʼ ἀποθανούσης ἐκείνης ἄπαιδος αὖθις
          ἠγάγετʼ ἀνεψιὰν τοῦ πατρός, οὐ βουλόμενος διαλύσασθαι τὴν πρὸς ἡμᾶς οἰκειότητα. οὐ πολὺν
          δὲ χρόνον συνοικήσας ταῖς αὐταῖς τύχαις ἐχρήσατο καὶ περὶ ταύτην, αἷσπερ καὶ περὶ τὴν
          προτέραν. </p>
      </div>
      <div subtype="section" type="textpart" n="9">
        <p>μετὰ δὲ ταῦτʼ ἔγημεν ἐκ Σερίφου παρʼ ἀνθρώπων πολὺ πλείονος ἀξίων ἢ κατὰ τὴν αὑτῶν πόλιν,
          ἐξ ἧς ἐγένετο Σώπολις καὶ Θρασύλοχος καὶ θυγάτηρ ἡ νῦν ἐμοὶ συνοικοῦσα. Θράσυλλος μὲν οὖν
          τούτους μόνους παῖδας γνησίους καταλιπὼν καὶ κληρονόμους τῶν αὑτοῦ καταστήσας τὸν βίον
          ἐτελεύτησεν. </p>
      </div>
      <div subtype="section" type="textpart" n="10">
        <p>ἐγὼ δὲ καὶ Θρασύλοχος τοσαύτην φιλίαν παρὰ τῶν πατέρων παραλαβόντες ὅσην ὀλίγῳ πρότερον
          διηγησάμην, ἔτι μείζω τῆς ὑπαρχούσης αὐτὴν ἐποιήσαμεν. ἕως μὲν γὰρ παῖδες ἦμεν, περὶ
          πλείονος ἡμᾶς αὐτοὺς ἡγούμεθα ἢ τοὺς ἀδελφούς, καὶ οὔτε θυσίαν οὔτε θεωρίαν οὔτʼ ἄλλην
          ἑορτὴν οὐδεμίαν χωρὶς ἀλλήλων ἤγομεν· ἐπειδὴ δʼ ἄνδρες ἐγενόμεθα, οὐδὲν πώποτʼ ἐναντίον
          ἡμῖν αὐτοῖς ἐπράξαμεν, ἀλλὰ καὶ τῶν ἰδίων ἐκοινωνοῦμεν καὶ πρὸς τὰ τῆς πόλεως ὁμοίως
          διεκείμεθα καὶ φίλοις καὶ ξένοις τοῖς αὐτοῖς ἐχρώμεθα. </p>
      </div>
      <div subtype="section" type="textpart" n="11">
        <p>καὶ τί δεῖ λέγειν τὰς οἴκοι χρήσεις; ἀλλʼ οὐδὲ φυγόντες ἀπʼ ἀλλήλων ἠξιώσαμεν γενέσθαι.
          τὸ δὲ τελευταῖον φθόῃ σχόμενον αὐτὸν καὶ πολὺν χρόνον ἀσθενήσαντα, καὶ τοῦ μὲν ἀδελφοῦ
          Σωπόλιδος αὐτῷ πρότερον τετελευτηκότος, τῆς δὲ μητρὸς καὶ τῆς ἀδελφῆς οὔπω παρουσῶν, μετὰ
          τοσαύτης ἐρημίας γενόμενον οὕτως ἐπιπόνως καὶ καλῶς αὐτὸν ἐθεράπευσα, ὥστʼ ἐκεῖνον μὴ
          νομίζειν ἀξίαν μοι δύνασθαι χάριν ἀποδοῦναι τῶν πεπραγμένων. </p>
      </div>
      <div subtype="section" type="textpart" n="12">
        <p>ὅμως δʼ οὐδὲν ἐνέλιπεν, ἀλλʼ ἐπειδὴ πονηρῶς διέκειτο καὶ οὐδεμίαν ἐλπίδʼ εἶχε τοῦ βίου,
          παρακαλέσας μάρτυρας υἱόν μʼ ἐποιήσατο καὶ τὴν ἀδελφὴν τὴν αὑτοῦ καὶ τὴν οὐσίαν ἔδωκεν.
          καί μοι λαβὲ τὰς διαθήκας.<quote type="*diaqh=kai">
              
                <p>Διαθῆκαι</p>
                
              
            </quote> ἀνάγνωθι δή μοι καὶ τὸν νόμον τὸν Αἰγινητῶν· κατὰ γὰρ τοῦτον ἔδει
          ποιεῖσθαι τὰς διαθήκας· ἐνθάδε γὰρ μετῳκοῦμεν.<quote type="*no/mos"/>
        </p>
      </div>
      <div subtype="section" type="textpart" n="13">
        <p>κατὰ τουτονὶ τὸν νόμον, ὦ ἄνδρες Αἰγινῆται, υἱόν μʼ ἐποιήσατο Θρασύλοχος, πολίτην μὲν
          αὑτοῦ καὶ φίλον ὄντα, γεγονότα δʼ οὐδενὸς χεῖρον Σιφνίων, πεπαιδευμένον δʼ ὁμοίως αὑτῷ καὶ
          τεθραμμένον. ὥστʼ οὐκ οἶδʼ ὅπως ἂν μᾶλλον κατὰ τὸν νόμον ἔπραξεν, ὃς τοὺς ὁμοίους κελεύει
          παῖδας εἰσποιεῖσθαι. λαβὲ δή μοι καὶ τὸν Κείων νόμον, καθʼ ὃν ἡμεῖς ἐπολιτευόμεθα.<quote
            type="*no/mos"/>
        </p>
      </div>
      <div subtype="section" type="textpart" n="14">
        <p>εἰ μὲν τοίνυν, ὦ ἄνδρες Αἰγινῆται, τούτοις μὲν τοῖς νόμοις ἠναντιοῦντο, τὸν δὲ παρʼ
          αὑτοῖς κείμενον σύνδικον εἶχον, ἧττον ἄξιον ἦν θαυμάζειν αὐτῶν· νῦν δὲ κἀκεῖνος ὁμοίως
          τοῖς ἀνεγνωσμένοις κεῖται. καί μοι λαβὲ τὸ βιβλίον.<quote type="*no/mos"/>
        </p>
      </div>
      <div subtype="section" type="textpart" n="15">
        <p>τί οὖν ὑπόλοιπόν ἐστιν αὐτοῖς, ὅπου τὰς μὲν διαθήκας αὐτοὶ προσομολογοῦσι Θρασύλοχον
          καταλιπεῖν, τῶν δὲ νόμων τούτοις μὲν οὐδείς, ἐμοὶ δὲ πάντες βοηθοῦσι, πρῶτον μὲν ὁ παρʼ
          ὑμῖν τοῖς μέλλουσι διαγνώσεσθαι περὶ τοῦ πράγματος, ἔπειθʼ ὁ Σιφνίων, ὅθεν ἦν ὁ τὴν
          διαθήκην καταλιπών, ἔτι δʼ ὁ παρʼ αὐτοῖς τοῖς ἀμφισβητοῦσι κείμενος; καίτοι τίνος ἂν ὑμῖν
          ἀποσχέσθαι δοκοῦσιν, οἵτινες ζητοῦσι πείθειν ὑμᾶς, ὡς χρὴ τὰς διαθήκας ἀκύρους ποιῆσαι τῶν
          μὲν νόμων οὕτως ἐχόντων, ὑμῶν δὲ κατʼ αὐτοὺς ὀμωμοκότων ψηφιεῖσθαι; </p>
      </div>
      <div subtype="section" type="textpart" n="16">
        <p>περὶ μὲν οὖν αὐτοῦ τοῦ πράγματος ἱκανῶς ἀποδεδεῖχθαι νομίζω· ἵνα δὲ μηδεὶς οἴηται μήτʼ
          ἐμὲ διὰ μικρὰς προφάσεις ἔχειν τὸν κλῆρον μήτε ταύτην ἐπιεικῆ γεγενημένην περὶ Θρασύλοχον
          ἀποστερεῖσθαι τῶν χρημάτων, βούλομαι καὶ περὶ τούτων εἰπεῖν. αἰσχυνθείην γὰρ ἂν ὑπὲρ τοῦ
          τετελευτηκότος, εἰ μὴ πάντες πεισθείητε, μὴ μόνον ὡς κατὰ τοὺς νόμους ἀλλʼ ὡς καὶ δικαίως
          ταῦτʼ ἔπραξεν. ῥᾳδίας δʼ ἡγοῦμαι τὰς ἀποδείξεις εἶναι. </p>
      </div>
      <div subtype="section" type="textpart" n="17">
        <p>τοσοῦτον γὰρ διηνέγκαμεν ὥσθʼ αὕτη μὲν ἡ κατὰ γένος ἀμφισβητοῦσα πάντα τὸν χρόνον
          διετέλεσε καὶ πρὸς αὐτὸν ἐκεῖνον καὶ πρὸς Σώπολιν καὶ πρὸς τὴν μητέρʼ αὐτῶν διαφερομένη
          καὶ δυσμενῶς ἔχουσα, ἐγὼ δʼ οὐ μόνον περὶ Θρασύλοχον καὶ τὸν ἀδελφὸν ἀλλὰ καὶ περὶ αὐτὴν
          τὴν οὐσίαν, ἧς ἀμφισβητοῦμεν, φανήσομαι πλείστου τῶν φίλων ἄξιος γεγενημένος. </p>
      </div>
      <div subtype="section" type="textpart" n="18">
        <p>καὶ περὶ μὲν τῶν παλαιῶν πολὺ ἂν ἔργον εἴη λέγειν· ὅτε δὲ Πασῖνος Πάρον κατέλαβεν, ἔτυχεν
          αὐτοῖς ὑπεκκείμενα τὰ πλεῖστα τῆς οὐσίας παρὰ τοῖς ξένοις τοῖς ἐμοῖς· ᾠόμεθα γὰρ μάλιστα
          ταύτην τὴν νῆσον ἀσφαλῶς ἔχειν. ἀπορούντων δʼ ἐκείνων καὶ νομιζόντων αὔτʼ ἀπολωλέναι,
          πλεύσας ἐγὼ τῆς νυκτὸς ἐξεκόμισʼ αὐτοῖς τὰ χρήματα, κινδυνεύσας περὶ τοῦ σώματος·
          ἐφρουρεῖτο μὲν γὰρ ἡ χώρα, </p>
      </div>
      <div subtype="section" type="textpart" n="19">
        <p>συγκατειληφότες δʼ ἦσάν τινες τῶν ἡμετέρων φυγάδων τὴν πόλιν, οἳ μιᾶς ἡμέρας ἀπέκτειναν
          αὐτόχειρες γενόμενοι τόν τε πατέρα τὸν ἐμὸν καὶ τὸν θεῖον καὶ τὸν κηδεστὴν καὶ πρὸς
          τούτοις ἀνεψιοὺς τρεῖς. ἀλλʼ ὅμως οὐδέν με τούτων ἀπέτρεψεν, ἀλλʼ ᾠχόμην πλέων, ἡγούμενος
          ὁμοίως με δεῖν ὑπὲρ ἐκείνων κινδυνεύειν ὥσπερ ὑπὲρ ἐμαυτοῦ. </p>
      </div>
      <div subtype="section" type="textpart" n="20">
        <p>μετὰ δὲ ταῦτα φυγῆς ἡμῖν γενομένης ἐκ τῆς πόλεως μετὰ τοιούτου θορύβου καὶ δέους ὥστʼ
          ἐνίους καὶ τῶν σφετέρων αὐτῶν ἀμελεῖν, οὐδʼ ἐν τούτοις τοῖς κακοῖς ἠγάπησα, εἰ τοὺς
          οἰκείους τοὺς ἐμαυτοῦ διασῶσαι δυνηθείην, ἀλλʼ εἰδὼς Σώπολιν μὲν ἀποδημοῦντα, αὐτὸν δʼ
          ἐκεῖνον ἀρρώστως διακείμενον, συνεξεκόμισʼ αὐτῷ καὶ τὴν μητέρα καὶ τὴν ἀδελφὴν καὶ τὴν
          οὐσίαν ἅπασαν. καίτοι τίνα δικαιότερον αὐτὴν ἔχειν προσήκει ἢ<note resp="ed" xml:lang="en"
            anchored="true"><foreign xml:lang="greek">ἔχειν προσήκει ἢ Ξ</foreign>vulg.<foreign
              xml:lang="greek">ἔχειν ἢ Λς</foreign>Blass.</note> τὸν τότε μὲν συνδιασώσαντα, νῦν δὲ
          παρὰ τῶν κυρίων εἰληφότα; </p>
      </div>
      <div subtype="section" type="textpart" n="21">
        <p>τὰ μὲν τοίνυν εἰρημένʼ ἐστὶν ἐν οἷς ἐκινδύνευσα μὲν, φλαῦρον δʼ οὐδὲν ἀπέλαυσα· ἔχω δὲ
          καὶ τοιαῦτʼ εἰπεῖν, ἐξ ὧν ἐκείνῳ χαριζόμενος αὐτὸς ταῖς μεγίσταις συμφοραῖς περιέπεσον.
          ἐπειδὴ γὰρ ἤλθομεν εἰς Μῆλον, αἰσθόμενος, ὅτι μέλλοιμεν αὐτοῦ καταμένειν, μένειν, ἐδεῖτό
          μου συμπλεῖν εἰς Τροιζῆνα καὶ μηδαμῶς αὐτὸν ἀπολιπεῖν, λέγων τὴν ἀρρωστίαν τοῦ σώματος καὶ
          τὸ πλῆθος τῶν ἐχθρῶν, καὶ ὅτι χωρὶς ἐμοῦ γενόμενος οὐδὲν ἕξοι χρῆσθαι τοῖς αὑτοῦ
          πράγμασιν. </p>
      </div>
      <div subtype="section" type="textpart" n="22">
        <p>φοβουμένης δὲ τῆς μητρός, ὅτι τὸ χωρίον ἐπυνθάνετο νοσῶδες εἶναι, καὶ τῶν ξένων
          συμβουλευόντων αὐτοῦ μένειν, ὅμως ἔδοξεν ἡμῖν ἐκείνῳ χαριστέον εἶναι. καὶ μετὰ ταῦτʼ οὐκ
          ἔφθημεν εἰς Τροιζῆνʼ ἐλθόντες καὶ τοιαύταις νόσοις ἐλήφθημεν, ἐξ ὧν αὐτὸς μὲν παρὰ μικρὸν
          ἦλθον ἀποθανεῖν, ἀδελφὴν δὲ κόρην τετρακαιδεκέτιν γεγονυῖαν ἐντὸς τριάκονθʼ ἡμερῶν
          κατέθαψα, τὴν δὲ μητέρʼ οὐδὲ πένθʼ ἡμέραις ἐκείνης ὕστερον. καίτοι τίνʼ οἴεσθέ με γνώμην
          ἔχειν τοσαύτης μοι μεταβολῆς τοῦ βίου γεγενημένης; </p>
      </div>
      <div subtype="section" type="textpart" n="23">
        <p>ὃς τὸν μὲν ἄλλον χρόνον ἀπαθὴς ἦν κακῶν, νεωστὶ δʼ ἐπειρώμην φυγῆς καὶ τοῦ παρʼ ἑτέροις
          μὲν μετοικεῖν, στέρεσθαι δὲ τῶν ἐμαυτοῦ, πρὸς δὲ τούτοις ὁρῶν τὴν μητέρα τὴν αὑτοῦ καὶ τὴν
          ἀδελφὴν ἐκ μὲν τῆς πατρίδος ἐκπεπτωκυίας, ἐπὶ δὲ ξένης καὶ παρʼ ἀλλοτρίοις τὸν βίον
          τελευτώσας. ὥστʼ οὐδεὶς ἄν μοι δικαίως φθονήσειεν, εἴ τι τῶν Θρασυλόχου πραγμάτων ἀγαθὸν
          ἀπολέλαυκα· καὶ γὰρ ἵνα χαρισαίμην ἐκείνῳ, κατοικισάμενος ἐν Τροιζῆνι τοιαύταις ἐχρησάμην
          συμφοραῖς, ὧν οὐδέποτʼ ἂν ἐπιλαθέσθαι δυνηθείην. </p>
      </div>
      <div subtype="section" type="textpart" n="24">
        <p>καὶ μὴν οὐδὲ τοῦθʼ ἕξουσιν εἰπεῖν ὡς εὖ μὲν πράττοντος Θρασυλόχου πάντα ταῦθʼ ὑπέμενον,
          δυστυχήσαντα δʼ αὐτὸν ἀπέλιπον· ἐν αὐτοῖς γὰρ τούτοις ἔτι σαφέστερον καὶ μᾶλλον
          ἐνεπεδειξάμην τὴν εὔνοιαν ἣν εἶχον εἰς ἐκεῖνον. ἐπειδὴ γὰρ εἰς Αἴγιναν κατοικισάμενος
          ἠσθένησε ταύτην τὴν νόσον ἐξ ἧσπερ ἀπέθανεν, οὕτως αὐτὸν ἐθεράπευσα ὡς οὐκ οἶδʼ ὅστις
          πώποθʼ ἕτερος ἕτερον, τὸν μὲν πλεῖστον τοῦ χρόνου πονηρῶς μὲν ἔχοντα, περιιέναι δʼ ἔτι
          δυνάμενον, ἓξ μῆνας δὲ συνεχῶς ἐν τῇ κλίνῃ κείμενον. </p>
      </div>
      <div subtype="section" type="textpart" n="25">
        <p>καὶ τούτων τῶν ταλαιπωριῶν οὐδεὶς τῶν συγγενῶν μετασχεῖν ἠξίωσεν, ἀλλʼ οὐδʼ ἐπισκεψόμενος
          ἀφίκετο πλὴν τῆς μητρὸς καὶ τῆς ἀδελφῆς, αἳ πλέον θάτερον ἐποίησαν· ἀσθενοῦσαι γὰρ ἦλθον
          ἐκ Τροιζῆνος, ὥστʼ αὐταὶ θεραπείας ἐδέοντο. ἀλλʼ ὅμως ἐγώ, τοιούτων τῶν ἄλλων περὶ αὐτὸν
          γεγενημένων, οὐκ ἀπεῖπον οὐδʼ ἀπέστην ἀλλʼ ἐνοσήλευον αὐτὸν μετὰ παιδὸς ἑνός· </p>
      </div>
      <div subtype="section" type="textpart" n="26">
        <p> οὐδὲ γὰρ τῶν οἰκετῶν οὐδεὶς ὑπέμεινεν. καὶ γὰρ φύσει χαλεπὸς ὢν ἔτι δυσκολώτερον διὰ τὴν
          νόσον διέκειτο, ὥστʼ οὐκ ἐκείνων ἄξιον θαυμάζειν, εἰ μὴ παρέμενον, ἀλλὰ πολὺ μᾶλλον, ὅπως
          ἐγὼ τοιαύτην νόσον θεραπεύων ἀνταρκεῖν ἠδυνάμην· ὃς ἔμπυος μὲν ἦν πολὺν χρόνον, ἐκ δὲ τῆς
          κλίνης οὐκ ἠδύνατο κινεῖσθαι, </p>
      </div>
      <div subtype="section" type="textpart" n="27">
        <p>τοιαῦτα δʼ ἔπασχεν ὥσθʼ ἡμᾶς μηδεμίαν ἡμέραν ἀδακρύτους διάγειν, ἀλλὰ θρηνοῦντες
          διετελοῦμεν καὶ τοὺς πόνους τοὺς ἀλλήλων καὶ τὴν φυγὴν καὶ τὴν ἐρημίαν τὴν ἡμετέραν αὐτῶν.
          καὶ ταῦτʼ οὐδένα χρόνον διέλειπεν· οὐδὲ γὰρ ἀπελθεῖν οἷόν τʼ ἦν ἢ δοκεῖν ἀμελεῖν, ὅ μοι
          πολὺ δεινότερον ἦν τῶν κακῶν τῶν παρόντων. </p>
      </div>
      <div subtype="section" type="textpart" n="28">
        <p>ἠβουλόμην δʼ ἂν ὑμῖν οἷός τʼ εἶναι ποιῆσαι φανερὸν οἷος περὶ αὐτὸν ἐγενόμην· οἶμαι γὰρ
          οὐδʼ ἂν τὴν φωνὴν ὑμᾶς ἀνασχέσθαι τῶν ἀντιδίκων. νῦν δὲ τὰ χαλεπώτατα τῶν ἐν τῇ θεραπείᾳ
          καὶ δυσχερέστατα καὶ πόνους ἀηδεστάτους ἔχοντα καὶ πλείστης ἐπιμελείας δεηθέντʼ οὐκ
          εὐδιήγητʼ ἐστίν. ἀλλʼ ὑμεῖς αὐτοὶ σκοπεῖτε, μετὰ πόσων ἄν τις ἀγρυπνιῶν καὶ ταλαιπωριῶν
          τοιοῦτον νόσημα τοσοῦτον χρόνον θεραπεύσειεν. </p>
      </div>
      <div subtype="section" type="textpart" n="29">
        <p>ἐγὼ μὲν γὰρ οὕτω κακῶς διετέθην, ὥσθʼ ὅσοι περ εἰσῆλθον τῶν φίλων, ἔφασαν δεδιέναι, μὴ
          κἀγὼ προσαπόλωμαι, καὶ συνεβούλευόν μοι φυλάττεσθαι, λέγοντες ὡς οἱ πλεῖστοι τῶν
          θεραπευσάντων ταύτην τὴν νόσον αὐτοὶ προσδιεφθάρησαν. πρὸς οὓς ἐγὼ τοιαῦτʼ ἀπεκρινάμην ὅτι
          πολὺ ἂν θᾶττον ἑλοίμην ἀποθανεῖν ἢ ʼκεῖνον περιιδεῖν διʼ ἔνδειαν τοῦ θεραπεύσοντος πρὸ
          μοίρας τελευτήσαντα. </p>
      </div>
      <div subtype="section" type="textpart" n="30">
        <p>καὶ τοιούτῳ μοι γεγενημένῳ τετόλμηκεν ἀμφισβητεῖν τῶν χρημάτων ἡ μηδʼ ἐπισκέψασθαι πώποτʼ
          αὐτὸν ἀξιώσασα, τοσοῦτον μὲν χρόνον ἀσθενήσαντα, πυνθανομένη δὲ καθʼ ἑκάστην τὴν ἡμέραν,
          ὡς διέκειτο, ῥᾳδίας δʼ οὔσης αὐτῇ τῆς πορείας. εἶτα νῦν αὐτὸν ἀδελφίζειν ἐπιχειρήσουσιν,
          ὥσπερ οὐχ ὅσῳ περ ἂν οἰκειότερον προσείπωσι τὸν τεθνεῶτα, τοσούτῳ δόξουσαν αὐτὴν μείζω καὶ
          δεινότερʼ ἐξαμαρτεῖν· </p>
      </div>
      <div subtype="section" type="textpart" n="31">
        <p> ἥτις οὐδʼ ἐπειδὴ τελευτᾶν ἤμελλε τὸν βίον, ὁρῶσα τοὺς πολίτας τοὺς ἡμετέρους, ὅσοι περ
          ἦσαν ἐν Τροιζῆνι, διαπλέοντας εἰς Αἴγιναν, ἵνʼ αὐτὸν συγκαταθάψειαν, οὐδʼ εἰς τοῦτον τὸν
          καιρὸν ἀπήντησεν, ἀλλʼ οὕτως ὠμῶς καὶ σχετλίως εἶχεν, ὥστʼ ἐπὶ μὲν τὸ κῆδος οὐκ ἠξίωσεν
          ἀφικέσθαι, τῶν δὲ καταλειφθέντων οὐδὲ δέχʼ ἡμέρας διαλιποῦσʼ ἦλθεν ἀμφισβητοῦσα, ὥσπερ τῶν
          χρημάτων ἀλλʼ οὐκ ἐκείνου συγγενὴς οὖσα. </p>
      </div>
      <div subtype="section" type="textpart" n="32">
        <p>καὶ εἰ μὲν ὁμολογήσει τοσαύτην ἔχθραν ὑπάρχειν αὑτῇ πρὸς ἐκεῖνον ὥστʼ εἰκότως ταῦτα
          ποιεῖν, οὐκ ἂν κακῶς εἴη βεβουλευμένος, εἰ τοῖς φίλοις ἠβουλήθη μᾶλλον ἢ ταύτῃ τὴν οὐσίαν
          καταλιπεῖν· εἰ δὲ μηδεμιᾶς διαφορᾶς οὔσης οὕτως ἀμελὴς καὶ κακὴ περὶ αὐτὸν ἐγένετο, πολὺ
          ἂν δήπου δικαιότερον στερηθείη τῶν αὑτῆς ἢ τῶν ἐκείνου κληρονόμος γίγνοιτο. </p>
      </div>
      <div subtype="section" type="textpart" n="33">
        <p>ἐνθυμεῖσθε δʼ ὅτι τὸ μὲν ταύτης μέρος οὔτʼ ἐν τῇ νόσῳ θεραπείας ἔτυχεν οὔτʼ ἀποθανὼν τῶν
          νομιζομένων ἠξιώθη, διʼ ἐμὲ δʼ ἀμφότερα ταῦτʼ αὐτῷ γεγένηται. καίτοι δίκαιόν ἐστιν ὑμᾶς
          τὴν ψῆφον φέρειν, οὐκ εἴ τινες γένει μέν φασι προσήκειν, ἐν δὲ τοῖς ἔργοις ὅμοιοι τοῖς
          ἐχθροῖς γεγόνασιν, ἀλλὰ πολὺ μᾶλλον ὅσοι μηδὲν ὄνομα συγγενείας ἔχοντες οἰκειοτέρους σφᾶς
          αὐτοὺς ἐν ταῖς συμφοραῖς τῶν ἀναγκαίων παρέσχον. </p>
      </div>
      <div subtype="section" type="textpart" n="34">
        <p>λέγουσι δʼ ὡς τὰς μὲν διαθήκας οὐκ ἀπιστοῦσι Θρασύλοχον καταλιπεῖν, οὐ μέντοι καλῶς οὐδʼ
          ὀρθῶς φασὶν αὐτὰς ἔχειν. καίτοι, ὦ ἄνδρες Αἰγινῆται, πῶς ἄν τις ἄμεινον ἢ μᾶλλον
          συμφερόντως περὶ τῶν αὑτοῦ πραγμάτων ἐβουλεύσατο; ὃς οὔτʼ ἔρημον τὸν οἶκον κατέλιπε τοῖς
          τε φίλοις χάριν ἀπέδωκεν, ἔτι δὲ τὴν μητέρα καὶ τὴν ἀδελφὴν οὐ μόνον τῶν αὑτοῦ κυρίας ἀλλὰ
          καὶ τῶν ἐμῶν κατέστησε, τὴν μὲν ἐμοὶ συνοικίσας, τῇ δʼ υἱόν μʼ εἰσποιήσας; </p>
      </div>
      <div subtype="section" type="textpart" n="35">
        <p>ἆρʼ ἂν ἐκείνως ἄμεινον ἔπραξεν, εἰ μήτε τῆς μητρὸς τὸν ἐπιμελησόμενον κατέστησε, μήτʼ
          ἐμοῦ μηδεμίαν μνείαν ἐποιήσατο, τὴν δʼ ἀδελφὴν ἐπὶ τῇ τύχῃ κατέλιπε, καὶ τὸν οἶκον
          ἀνώνυμον τὸν αὑτοῦ περιεῖδε γενόμενον; </p>
      </div>
      <div subtype="section" type="textpart" n="36">
        <p>ἀλλὰ γὰρ ἴσως ἀνάξιος ἦν υἱὸς εἰσποιηθῆναι Θρασυλόχῳ καὶ λαβεῖν αὐτοῦ τὴν ἀδελφήν. ἀλλὰ
          πάντες ἂν μαρτυρήσειαν Σίφνιοι τοὺς προγόνους τοὺς ἐμοὺς καὶ γένει καὶ πλούτῳ καὶ δόξῃ καὶ
          τοῖς ἄλλοις ἅπασι πρώτους εἶναι τῶν πολιτῶν. τίνες γὰρ ἢ μειζόνων ἀρχῶν ἠξιώθησαν ἢ πλείω
          χρήματʼ εἰσήνεγκαν ἢ κάλλιον ἐχορήγησαν ἢ μεγαλοπρεπέστερον τὰς ἄλλας λῃτουργίας
          ἐλῃτούργησαν; ἐκ ποίας δʼ οἰκίας τῶν ἐν Σίφνῳ πλείους βασιλεῖς γεγόνασιν; </p>
      </div>
      <div subtype="section" type="textpart" n="37">
        <p>ὥστε Θρασύλοχός τʼ εἰ καὶ μηδὲ πώποτʼ αὐτῷ διελέχθην, εἰκότως ἂν ἠβουλήθη μοι διὰ ταῦτα
          δοῦναι τὴν ἀδελφήν, ἐγώ τʼ εἰ καὶ μηδέν μοι τούτων ὑπῆρχεν, ἀλλὰ φαυλότατος ἦν τῶν
          πολιτῶν, δικαίως ἂν παρʼ αὐτοῦ διὰ τὰς εὐεργεσίας τὰς εἰς ἐκεῖνον τῶν μεγίστων ἠξιώθην.
        </p>
      </div>
      <div subtype="section" type="textpart" n="38">
        <p>οἶμαι τοίνυν αὐτὸν καὶ Σωπόλιδι τἀδελφῷ μάλιστα κεχαρίσθαι ταῦτα διαθέμενον. καὶ γὰρ
          ἐκεῖνος ταύτην μὲν ἐμίσει καὶ κακόνουν τοῖς αὑτοῦ πράγμασιν ἡγεῖτο, ἐμὲ δὲ περὶ πλείστου
          τῶν αὑτοῦ φίλων ἐποιεῖτο. ἐδήλωσε δʼ ἐν ἄλλοις τε πολλοῖς καὶ ὅτʼ ἔδοξε τοῖς συμφυγάσιν
          ἐπιχειρεῖν τῇ πόλει μετὰ τῶν ἐπικούρων. αἱρεθεὶς γὰρ ἄρχειν αὐτοκράτωρ ἐμὲ καὶ γραμματέα
          προσείλετο καὶ τῶν χρημάτων ταμίαν ἁπάντων κατέστησε, καὶ ὅτʼ ἠμέλλομεν κινδυνεύειν, αὐτὸς
          αὑτῷ με παρετάξατο. </p>
      </div>
      <div subtype="section" type="textpart" n="39">
        <p>καὶ σκέψασθʼ ὡς σφόδρʼ αὐτῷ συνήνεγκεν· δυστυχησάντων γὰρ ἡμῶν ἐν τῇ προσβολῇ τῇ πρὸς τὴν
          πόλιν καὶ τῆς ἀναχωρήσεως οὐχ οἵας ἠβουλόμεθα γενομένης, τετρωμένον αὐτὸν καὶ βαδίζειν οὐ
          δυνάμενον ἀλλʼ ὀλιγοψυχοῦντα ἀπεκόμισʼ ἐπὶ τὸ πλοῖον μετὰ τοῦ θεράποντος τοὐμαυτοῦ, φέρων
          ἐπὶ τῶν ὤμων, ὥστʼ ἐκεῖνον πολλάκις καὶ πρὸς πολλοὺς εἰπεῖν ὅτι μόνος ἀνθρώπων αἴτιος εἴην
          αὑτῷ τῆς σωτηρίας. </p>
      </div>
      <div subtype="section" type="textpart" n="40">
        <p>καίτοι τίς ἂν μείζων ταύτης εὐεργεσία γένοιτο; ἐπειδὴ τοίνυν εἰς Λυκίαν ἐκπλεύσας
          ἀπέθανεν, αὕτη μὲν οὐ πολλαῖς ἡμέραις ὕστερον μετὰ τὴν ἀγγελίαν ἔθυε καὶ ἑώρταζε καὶ οὐδὲ
          τὸν ἀδελφὸν ᾐσχύνετο τὸν ἔτι ζῶντα, οὕτως ὀλίγον φροντίζουσα τοῦ τεθνεῶτος, ἐγὼ δʼ
          ἐπένθησʼ αὐτόν, ὥσπερ τοὺς οἰκείους νόμος ἐστίν. </p>
      </div>
      <div subtype="section" type="textpart" n="41">
        <p>καὶ ταῦτα πάντʼ ἐποίουν διὰ τὸν τρόπον τὸν ἐμαυτοῦ καὶ τὴν φιλίαν τὴν πρὸς ἐκείνους ἀλλʼ
          οὐ ταυτησὶ τῆς δίκης ἕνεκα· οὐ γὰρ ᾤμην αὐτοὺς οὕτω δυστυχήσειν ὥστʼ ἄπαιδας ἀμφοτέρους
          τελευτήσαντας εἰς ἔλεγχον καταστήσειν, ὁποῖός τις ἕκαστος ἡμῶν περὶ αὐτοὺς ἐγένετο. </p>
      </div>
      <div subtype="section" type="textpart" n="42">
        <p>πρὸς μὲν οὖν Θρασύλοχόν τε καὶ Σώπολιν ὡς αὕτη τε κἀγὼ διεκείμεθα, σχεδὸν ἀκηκόατε·
          τρέψονται δʼ ἴσως ἐπʼ ἐκεῖνον τὸν λόγον ὅσπερ αὐτοῖς λοιπός ἐστιν, ὡς Θράσυλλος ὁ πατὴρ ὁ
          ταύτης ἡγοῖτʼ ἂν δεινὰ πάσχειν, εἴ τίς ἐστιν αἴσθησις τοῖς τεθνεῶσι περὶ τῶν ἐνθάδε
          γιγνομένων, ὁρῶν τὴν μὲν θυγατέρʼ ἀποστερουμένην τῶν χρημάτων, ἐμὲ δὲ κληρονόμον ὧν αὐτὸς
          ἐκτήσατο γιγνόμενον. ἐγὼ δʼ ἡγοῦμαι μὲν οὐ περὶ τῶν πάλαι τεθνεώτων, </p>
      </div>
      <div subtype="section" type="textpart" n="43">
        <p>ἀλλὰ περὶ τῶν ἔναγχος τὸν κλῆρον καταλιπόντων προσήκειν ἡμῖν τοὺς λόγους ποιεῖσθαι.
          Θράσυλλος μὲν γάρ, οὕσπερ ἠβούλετο, τούτους κυρίους τῶν αὑτοῦ κατέλιπεν· δίκαιον δὲ καὶ
          Θρασυλόχῳ ταὐτὰ ταῦτʼ ἀποδοθῆναι παρʼ ὑμῶν, καὶ γενέσθαι διαδόχους τῆς κληρονομίας μὴ
          ταύτην, ἀλλʼ οἷς ἐκεῖνος διέθετο· οὐ μέντʼ ἄν μοι δοκῶ φυγεῖν οὐδὲ τὴν Θρασύλλου γνώμην.
        </p>
      </div>
      <div subtype="section" type="textpart" n="44">
        <p>οἶμαι γὰρ ἂν αὐτὸν πάντων γενέσθαι ταύτῃ χαλεπώτατον δικαστήν, εἴπερ αἴσθοιτο, οἵα περὶ
          τοὺς παῖδας αὐτοῦ γεγένηται. πολλοῦ γʼ ἂν δεήσειεν ἀχθεσθῆναι κατὰ τοὺς νόμους ὑμῶν
          ψηφισαμένων, ἀλλὰ πολὺ ἂν μᾶλλον, εἰ τὰς τῶν παίδων διαθήκας ἀκύρους ἴδοι γενομένας. καὶ
          γὰρ εἰ μὲν εἰς τὸν οἶκον τὸν ἐμὸν δεδωκὼς ἦν Θρασύλοχος τὴν οὐσίαν, τοῦτʼ ἂν ἐπιτιμᾶν
          εἶχον αὐτῷ· νῦν δʼ εἰς τὸν αὐτῶν μʼ<note resp="ed" xml:lang="en" anchored="true"><foreign
              xml:lang="greek">μʼ</foreign>after<foreign xml:lang="greek">αὐτῶν</foreign>added by
            Blass.</note> εἰσεποιήσατο, ὥστʼ οὐκ ἐλάττω τυγχάνουσιν εἰληφότες ὧν δεδώκασιν. χωρὶς δὲ
          τούτων, </p>
      </div>
      <div subtype="section" type="textpart" n="45">
        <p>οὐδένα μᾶλλον εἰκός ἐστιν ἢ Θράσυλλον εὔνουν εἶναι τοῖς κατὰ δόσιν ἀμφισβητοῦσιν· καὶ γὰρ
          αὐτὸς καὶ τὴν τέχνην ἔμαθε παρὰ Πολεμαινέτου τοῦ μάντεως καὶ τὰ χρήματʼ ἔλαβεν οὐ κατὰ
          γένος ἀλλὰ διʼ ἀρετήν, ὥστʼ οὐκ ἂν δήπου φθονήσειεν, εἴ τις περὶ τοὺς παῖδας αὐτοῦ χρηστὸς
          γενόμενος τῆς αὐτῆς δωρεᾶς ἧσπερ ἐκεῖνος ἠξιώθη. μεμνῆσθαι δὲ χρὴ καὶ τῶν ἐν ἀρχῇ
          ῥηθέντων. </p>
      </div>
      <div subtype="section" type="textpart" n="46">
        <p>ἐπέδειξα γὰρ ὑμῖν αὐτὸν οὕτω περὶ πολλοῦ τὴν ἡμετέραν οἰκειότητα ποιησάμενον ὥστε γῆμαι
          καὶ τὴν ἀδελφὴν τὴν τοῦ πατρὸς καὶ τὴν ἀνεψιάν. καίτοι τίσιν ἂν θᾶττον τὴν αὑτοῦ θυγατέρʼ
          ἐξέδωκεν ἢ τούτοις παρʼ ὧνπερ αὐτὸς λαμβάνειν ἠξίωσεν; ἐκ ποίας δʼ ἂν οἰκίας ἥδιον εἶδεν
          υἱὸν αὑτῷ κατὰ τοὺς νόμους εἰσποιηθέντα μᾶλλον ἢ ταύτης, ἐξ ἧσπερ καὶ φύσει παῖδας
          ἐζήτησεν αὑτῷ γενέσθαι; </p>
      </div>
      <div subtype="section" type="textpart" n="47">
        <p>ὥστʼ ἂν μὲν ἐμοὶ ψηφίσησθε τὸν κλῆρον, καὶ πρὸς ἐκεῖνον ὑμῖν καλῶς ἕξει καὶ πρὸς τοὺς
          ἄλλους ἅπαντας οἷς προσήκει τι τούτων τῶν πραγμάτων· ἂν δʼ ὑπὸ ταύτης πεισθέντες
          ἐξαπατηθῆτε, οὐ μόνον ἔμʼ ἀδικήσετε ἀλλὰ καὶ Θρασύλοχον τὸν τὴν διαθήκην καταλιπόντα καὶ
          Σώπολιν καὶ τὴν ἀδελφὴν τὴν ἐκείνων, ἣ νῦν ἐμοὶ συνοικεῖ, καὶ τὴν μητέρʼ αὐτῶν, ἣ πασῶν ἂν
          εἴη δυστυχεστάτη γυναικῶν, εἰ μὴ μόνον ἐξαρκέσειεν αὐτῇ στέρεσθαι τῶν παίδων, ἀλλὰ καὶ
          τοῦτʼ αὐτῇ προσγένοιτο, ὥστʼ ἐπιδεῖν ἄκυρον μὲν τὴν ἐκείνων γνώμην οὖσαν, ἔρημον δὲ τὸν
          οἶκον γιγνόμενον, </p>
      </div>
      <div subtype="section" type="textpart" n="48">
        <p>καὶ τὴν μὲν ἐπιχαίρουσαν τοῖς αὑτῆς κακοῖς ἐπιδικαζομένην τῶν χρημάτων, ἐμὲ δὲ μηδενὸς
          δυνάμενον τῶν δικαίων τυχεῖν, ὃς τοιαῦτʼ ἔπραξα περὶ τοὺς ἐκείνης, ὥστʼ εἴ τίς με σκοποῖτο
          μὴ πρὸς ταύτην ἀλλὰ πρὸς τοὺς πώποτε κατὰ δόσιν ἀμφισβητήσαντας, εὑρεθείην ἂν οὐδενὸς
          χείρων αὐτῶν περὶ τοὺς φίλους γεγενημένος. καίτοι χρὴ τοὺς τοιούτους τιμᾶν καὶ περὶ πολλοῦ
          ποιεῖσθαι πολὺ μᾶλλον ἢ τὰς ὑφʼ ἑτέρων δεδομένας δωρεὰς ἀφαιρεῖσθαι. </p>
      </div>
      <div subtype="section" type="textpart" n="49">
        <p>ἄξιον δʼ ἐστὶ καὶ τῷ νόμῳ βοηθεῖν καθʼ ὃν ἔξεστιν ἡμῖν καὶ παῖδας εἰσποιήσασθαι καὶ
          βουλεύσασθαι περὶ τῶν ἡμετέρων αὐτῶν, ἐνθυμηθέντας ὅτι τοῖς ἐρήμοις τῶν ἀνθρώπων ἀντὶ
          παίδων οὗτός ἐστιν· διὰ γὰρ τοῦτον καὶ οἱ συγγενεῖς καὶ οἱ μηδὲν προσήκοντες μᾶλλον
          ἀλλήλων ἐπιμελοῦνται. </p>
      </div>
      <div subtype="section" type="textpart" n="50">
        <p>ἵνα δὲ παύσωμαι λέγων καὶ μηκέτι πλείω χρόνον διατρίβω, σκέψασθʼ ὡς μεγάλα καὶ δίκαιʼ ἥκω
          πρὸς ὑμᾶς ἔχων, πρῶτον μὲν φιλίαν πρὸς τοὺς καταλιπόντας τὸν κλῆρον παλαιὰν καὶ πατρικὴν
          καὶ πάντα τὸν χρόνον διατελέσασαν, ἔπειτʼ εὐεργεσίας πολλὰς καὶ μεγάλας καὶ περὶ
          δυστυχοῦντας ἐκείνους γεγενημένας, πρὸς δὲ τούτοις διαθήκας παρʼ αὐτῶν τῶν ἀντιδίκων
          ὁμολογουμένας, ἔτι δὲ νόμον ταύταις βοηθοῦντα, ὃς δοκεῖ τοῖς Ἕλλησιν ἅπασι καλῶς κεῖσθαι.
        </p>
      </div>
      <div subtype="section" type="textpart" n="51">
        <p>τεκμήριον δὲ μέγιστον· περὶ γὰρ ἄλλων πολλῶν διαφερόμενοι περὶ τούτου ταὐτὰ γιγνώσκουσιν.
          δέομαι οὖν ὑμῶν καὶ τούτων μεμνημένους καὶ τῶν ἄλλων τῶν εἰρημένων τὰ δίκαια ψηφίσασθαι,
          καὶ τοιούτους μοι γενέσθαι δικαστάς, οἵων περ ἂν αὐτοὶ τυχεῖν ἀξιώσαιτε.</p>
      </div>
      </div>
    </body>
  </text>
</TEI>
