<?xml version="1.0" encoding="UTF-8"?>
<?xml-model href="http://www.stoa.org/epidoc/schema/latest/tei-epidoc.rng" schematypens="http://relaxng.org/ns/structure/1.0"?>
<TEI xmlns="http://www.tei-c.org/ns/1.0">
    <teiHeader>
        <fileDesc>
            <titleStmt>
                <title>To the Rulers of the Mytilenaeans</title>
                <title type="sub">Machine readable text</title>
                <author>Isocrates</author>
                <editor role="editor">Larue Van Hook</editor>
                <sponsor>Perseus Project, Tufts University</sponsor>
                <principal>Gregory Crane</principal>
                <respStmt>
                    <resp>Prepared under the supervision of</resp>
                    <name>Lisa Cerrato</name>
                    <name>William Merrill</name>
                    <name>Elli Mylonas</name>
                    <name>David Smith</name>
                </respStmt>
                <funder n="org:AnnCPB">The Annenberg CPB/Project</funder>
            </titleStmt>
            
            <publicationStmt>
                <publisher>Trustees of Tufts University</publisher>
                <pubPlace>Medford, MA</pubPlace>
                <authority>Perseus Project</authority>
            </publicationStmt>
            <sourceDesc>
                <bibl>
                    <author>Isocrates</author>
                    <title>Isocrates with an English Translation in three volumes, by Larue Van Hook, Ph.D.,
                        LL.D.</title>
                    <publisher>Cambridge, MA, Harvard University Press; London, William Heinemann
                        Ltd.</publisher>
                    <biblScope unit="volume">3</biblScope>
                    <date type="print">1945</date>
                    <date type="reprint">1968</date>
                </bibl>
            </sourceDesc>
        </fileDesc>
        
        <encodingDesc>
            <refsDecl n="CTS">
                <cRefPattern n="letter" matchPattern="(\w+)" replacementPattern="#xpath(/tei:TEI/tei:text/tei:body/tei:div/tei:div[@n='$1'])">
                    <p>This pointer pattern extracts letter</p>
                </cRefPattern>
            </refsDecl>
        </encodingDesc>
        
        <profileDesc>
            <langUsage>
                <language ident="eng">English </language>
                <language ident="grc">Greek </language>
            </langUsage>
        </profileDesc>
        
        <revisionDesc>
            <!--<revisionDesc>
        <change><date>April 1992</date>
            <respStmt><name>W. Merrill</name><resp>ed.</resp></respStmt>
            <item>Threw out isoc.gk.sgml because first letter of each line was missing. Started from scratch again from isoc.gk.raw. Change markup in accordance with orator dtd</item>
        </change>
        <change><date>June 1992</date>
            <respStmt><name>W. Merrill</name><resp>ed.</resp></respStmt>
            <item>put speeches in numerical order. Consolidated files.</item>
        </change>
        <change><date>June 1995</date>
            <respStmt><name>Lisa Cerrato</name><resp>ed.</resp></respStmt>
            <item>made section after 11.21 11.22. It was 11.37.</item>
        </change>
        <change><date>1 March 2000</date>
            <respStmt><name>David Smith</name><resp>ed.</resp></respStmt>
            <item>
                $Log: isoc.l_gk.xml,v $
                Revision 1.5  2013-09-13 11:21:35  balmas01
                reverting texts back to pre_cts_reorg tagged version
                
                Revision 1.3  2011-01-13 03:38:26  gcrane
                more refinements making these files SDL compatible
                
                Revision 1.2  2011-01-12 16:22:29  gcrane
                common nouns now reduced to lower case
                
                Revision 1.1  2011-01-05 07:29:57  gcrane
                base SDL files
                
                Revision 1.1  2009/11/24 20:08:29  rsingh04
                moved more xml files around based on copyright status
                
                Revision 1.1  2005/08/01 18:01:19  packel
                split up letters and speeches
                
                Revision 1.1  2005/07/25 14:37:37  packel
                Converted to XML
                
                Revision 1.12  2003/07/01 22:17:05  yorkc
                Updated texts to TEI P4 and Perseus P4 extensions; minor cleanup (esp. character encodings and typos.)
                
                Revision 1.11  2000/10/24 16:30:03  lcerrato
                repetition of end of word in 7.38 eliminated
                
                Revision 1.10  2000/03/22 17:08:04  dasmith
                Corrected title of fifth letter.
                
                Revision 1.9  2000/03/04 20:34:40  dasmith
                Added separate funder entity to TEI header.
                
                Revision 1.8  2000/03/01 22:22:15  dasmith
                Only look up speeches in the orat. subdoc.
                
                Revision 1.7  2000/03/01 22:15:43  dasmith
                Can't have tags in change log.
                
                Revision 1.6  2000/03/01 22:14:46  dasmith
                Erroneously copied &lt;text lang=en&gt; from English file.
                
                Revision 1.5  2000/03/01 22:08:47  dasmith
                Converted to TEI P3.
                Wrap letters in DIV1 so we can cite them as "L. 4.3" within doc.
                
                
            </item></change>-->
            <change when="2016-02-08" who="TDB"> CTS and Epidoc update</change>
    </revisionDesc>
</teiHeader>
    <text>
        <body>
            <div type="edition" n="urn:cts:greekLit:tlg0010.tlg025.perseus-grc2" xml:lang="grc">
        <div subtype="Letter" type="textpart" n="8">
        <head>τοῖς Μυτιληναίων ἄρχουσιν</head>
        <milestone n="1" unit="section"/>
        <p>οἱ παῖδες οἱ Ἀφαρέως, ὑιδεῖς δ᾽ ἐμοί, παιδευθέντες ὑπ᾽ Ἀγήνορος τὰ περὶ τὴν μουσικήν, ἐδεήθησάν μου γράμματα πέμψαι πρὸς ὑμᾶς, ὅπως ἄν, ἐπειδὴ καὶ τῶν ἄλλων τινὰς κατηγάγετε φυγάδων, καὶ τοῦτον καταδέξησθε καὶ τὸν πατέρα καὶ τοὺς ἀδελφούς. λέγοντος δέ μου πρὸς αὐτοὺς ὅτι δέδοικα μὴ λίαν ἄτοπος εἶναι δόξω καὶ περίεργος, ζητῶν εὑρίσκεσθαι τηλικαῦτα τὸ μέγεθος παρ᾽ ἀνδρῶν οἷς οὐδὲ πώποτε πρότερον οὔτε διελέχθην οὔτε συνήθης ἐγενόμην, ἀκούσαντες ταῦτα πολὺ μᾶλλον ἐλιπάρουν.
            <milestone n="2" unit="section"/>ὡς δ᾽ οὐδὲν αὐτοῖς ἀπέβαινεν ὧν ἤλπιζον, ἅπασιν ἦσαν καταφανεῖς ἀηδῶς διακείμενοι καὶ χαλεπῶς φέροντες. ὁρῶν δ᾽ αὐτοὺς λυπουμένους μᾶλλον τοῦ προσήκοντος, τελευτῶν ὑπεσχόμην γράψειν τὴν ἐπιστολὴν καὶ πέμψειν ὑμῖν. ὑπὲρ μὲν οὖν τοῦ μὴ δικαίως ἂν δοκεῖν μωρὸς εἶναι μηδ᾽ ὀχληρὸς ταῦτ᾽ ἔχω λέγειν.
            <milestone n="3" unit="section"/>
            <milestone ed="P" unit="para"/>ἡγοῦμαι δὲ καλῶς ὑμᾶς βεβουλεῦσθαι καὶ διαλλαττομένους τοῖς πολίταις τοῖς ὑμετέροις, καὶ πειρωμένους τοὺς μὲν φεύγοντας ὀλίγους ποιεῖν, τοὺς δὲ συμπολιτευομένους πολλούς, καὶ μιμουμένους τὰ περὶ τὴν στάσιν τὴν πόλιν τὴν ἡμετέραν. μάλιστα δ᾽ ἄν τις ὑμᾶς ἐπαινέσειεν ὅτι τοῖς κατιοῦσιν ἀποδίδοτε τὴν οὐσίαν: ἐπιδείκνυσθε γὰρ καὶ ποιεῖτε πᾶσι φανερὸν ὡς οὐ τῶν κτημάτων ἐπιθυμήσαντες τῶν ἀλλοτρίων, ἀλλ᾽ ὑπὲρ τῆς πόλεως δείσαντες ἐποιήσασθε τὴν ἐκβολὴν αὐτῶν.
            <milestone n="4" unit="section"/>οὐ μὴν ἀλλ᾽ εἰ καὶ μηδὲν ὑμῖν ἔδοξε τούτων μηδὲ προσεδέχεσθε μηδένα τῶν φυγάδων, τούτους γε νομίζω συμφέρειν ὑμῖν κατάγειν. αἰσχρὸν γὰρ τὴν μὲν πόλιν ὑμῶν ὑπὸ πάντων ὁμολογεῖσθαι μουσικωτάτην εἶναι καὶ τοὺς ὀνομαστοτάτους ἐν αὐτῇ παρ᾽ ὑμῖν τυγχάνειν γεγονότας, τὸν δὲ προέχοντα τῶν νῦν ὄντων περὶ τὴν ἱστορίαν τῆς παιδείας ταύτης φεύγειν ἐκ τῆς τοιαύτης πόλεως, καὶ τοὺς μὲν ἄλλους Ἕλληνας τοὺς διαφέροντας περί τι τῶν καλῶν ἐπιτηδευμάτων, κἂν μηδὲν προσήκωσι, ποιεῖσθαι πολίτας, ὑμᾶς δὲ τοὺς εὐδοκιμοῦντάς τε παρὰ τοῖς ἄλλοις καὶ μετασχόντας τῆς αὐτῆς φύσεως περιορᾶν παρ᾽ ἑτέροις μετοικοῦντας.
            <milestone n="5" unit="section"/>θαυμάζω δ᾽ ὅσαι τῶν πόλεων μειζόνων δωρεῶν ἀξιοῦσι τοὺς ἐν τοῖς γυμνικοῖς ἀγῶσι κατορθοῦντας μᾶλλον ἢ τοὺς τῇ φρονήσει καὶ τῇ φιλοπονίᾳ τι τῶν χρησίμων εὑρίσκοντας, καὶ μὴ συνορῶσιν ὅτι πεφύκασιν αἱ μὲν περὶ τὴν ῥώμην καὶ τὸ τάχος δυνάμεις συναποθνῄσκειν τοῖς σώμασιν, αἱ δ᾽ ἐπιστῆμαι παραμένειν ἅπαντα τὸν χρόνον ὠφελοῦσαι τοὺς χρωμένους αὐταῖς.
            <milestone n="6" unit="section"/>ὧν ἐνθυμουμένους χρὴ τοὺς νοῦν ἔχοντας περὶ πλείστου μὲν ποιεῖσθαι τοὺς καλῶς καὶ δικαίως τῆς αὑτῶν πόλεως ἐπιστατοῦντας, δευτέρους δὲ τοὺς τιμὴν καὶ δόξαν αὐτῇ καλὴν συμβαλέσθαι δυναμένους: ἅπαντες γὰρ ὥσπερ δείγματι τοῖς τοιούτοις χρώμενοι καὶ τοὺς ἄλλους τοὺς συμπολιτευομένους ὁμοίους εἶναι τούτοις νομίζουσιν.
            <milestone n="7" unit="section"/>
            <milestone ed="P" unit="para"/>ἴσως οὖν εἴποι τις ἂν ὅτι προσήκει τοὺς εὑρέσθαι τι βουλομένους μὴ τὸ πρᾶγμα μόνον ἐπαινεῖν ἀλλὰ καὶ σφᾶς αὐτοὺς ἐπιδεικνύναι δικαίως ἂν τυγχάνοντας, περὶ ὧν ποιοῦνται τοὺς λόγους. ἔχει δ᾽ οὕτως. ἐγὼ τοῦ μὲν πολιτεύεσθαι καὶ ῥητορεύειν ἀπέστην: οὔτε γὰρ φωνὴν ἔσχον ἱκανὴν οὔτε τόλμαν: οὐ μὴν παντάπασιν ἄχρηστος ἔφυν οὐδ᾽ ἀδόκιμος, ἀλλὰ τοῖς τε λέγειν προῃρημένοις ἀγαθόν τι περὶ ὑμῶν καὶ τῶν ἄλλων συμμάχων φανείην ἂν καὶ σύμβουλος καὶ συναγωνιστὴς γεγενημένος, αὐτός τε πλείους λόγους πεποιημένος ὑπὲρ τῆς ἐλευθερίας καὶ τῆς αὐτονομίας τῆς τῶν Ἑλλήνων ἢ σύμπαντες οἱ τὰ βήματα κατατετριφότες.
            <milestone n="8" unit="section"/>ὑπὲρ ὧν ὑμεῖς ἄν μοι δικαίως πλείστην ἔχοιτε χάριν: μάλιστα γὰρ ἐπιθυμοῦντες διατελεῖτε τῆς τοιαύτης καταστάσεως. οἶμαι δ᾽ ἄν, εἰ Κόνων μὲν καὶ Τιμόθεος ἐτύγχανον ζῶντες, Διόφαντος δ᾽ ἧκεν ἐκ τῆς Ἀσίας, πολλὴν ἂν αὐτοὺς ποιήσασθαι σπουδήν, εὑρέσθαι με βουλομένους ὧν τυγχάνω δεόμενος. περὶ ὧν οὐκ οἶδ᾽ ὅ τι δεῖ πλείω λέγειν: οὐδεὶς γὰρ ὑμῶν οὕτως ἐστὶ νέος οὐδ᾽ ἐπιλήσμων, ὅστις οὐκ οἶδε τὰς ἐκείνων εὐεργεσίας.
            <milestone n="9" unit="section"/>
            <milestone ed="P" unit="para"/>οὕτω δ᾽ ἄν μοι δοκεῖτε κάλλιστα βουλεύσασθαι περὶ τούτων, εἰ σκέψαισθε, τίς ἐστιν ὁ δεόμενος καὶ ὑπὲρ ποίων τινῶν ἀνθρώπων. εὑρήσετε γὰρ ἐμὲ μὲν οἰκειότατα κεχρημένον τοῖς μεγίστων ἀγαθῶν αἰτίοις γεγενημένοις ὑμῖν τε καὶ τοῖς ἄλλοις, ὑπὲρ ὧν δὲ δέομαι τοιούτους ὄντας, οἵους τοὺς μὲν πρεσβυτέρους καὶ τοὺς περὶ τὴν πολιτείαν ὄντας μὴ λυπεῖν, τοῖς δὲ νεωτέροις διατριβὴν παρέχειν ἡδεῖαν καὶ χρησίμην καὶ πρέπουσαν τοῖς τηλικούτοις.
            <milestone n="10" unit="section"/>
            <milestone ed="P" unit="para"/>μὴ θαυμάζετε δ᾽ εἰ προθυμότερον καὶ διὰ μακροτέρων γέγραφα τὴν ἐπιστολήν: βούλομαι γὰρ ἀμφότερα, τοῖς τε παισὶν ἡμῶν χαρίσασθαι καὶ ποιῆσαι φανερὸν αὐτοῖς ὅτι, κἂν μὴ δημηγορῶσι μηδὲ στρατηγῶσιν ἀλλὰ μόνον μιμῶνται τὸν τρόπον τὸν ἐμόν, οὐκ ἠμελημένως διάξουσιν ἐν τοῖς Ἕλλησιν. ἓν ἔτι λοιπόν: ἂν ἄρα δόξῃ τι τούτων ὑμῖν πράττειν, Ἀγήνορί τε δηλώσατε καὶ τοῖς ἀδελφοῖς ὅτι μέρος τι καὶ δι᾽ ἐμὲ τυγχάνουσιν ὧν ἐπεθύμουν.</p>
    </div>
        </div>
        </body>
    </text>
</TEI>