<?xml version="1.0" encoding="UTF-8"?>
<TEI.2>
   <teiHeader>
      <fileDesc>
         <titleStmt>
            <title>To the Cynic Heracleios</title>
            <title>Oration VII</title>
            <author>Julian the Emperor</author>
            <editor role="editor">Wilmer Cave (France) Wright</editor>
            <funder n="org:Google">Google Digital Humanities Awards Program</funder>
         </titleStmt>
         <publicationStmt>
            <publisher>Trustees of Tufts University</publisher>
            <pubPlace>Medford, MA</pubPlace>
            <authority>Perseus Project</authority>
         </publicationStmt>
         <sourceDesc>
            <biblStruct>
               <monogr>
                  <title>Works, Vol 1-2</title>
                  <author>Julian the Emperor</author>
                  <editor role="editor">Wilmer Cave (France) Wright</editor>
                  <imprint>
                     <publisher>William Heinemann, Harvard University Press</publisher>
                     <pubPlace>London; Cambridge, MA.</pubPlace>
                     <date>1913-1923</date>
                  </imprint>
               </monogr>
            </biblStruct>
            <p>Keyboarding</p>
         </sourceDesc>
      </fileDesc>
      <encodingDesc>
         <refsDecl doctype="TEI.2">
            <state unit="orgpage" n="chunk" delim="."/>
         </refsDecl>
      </encodingDesc>
      <profileDesc>
         <langUsage>
            <language id="greek">Greek</language>
         </langUsage>
      </profileDesc>
   </teiHeader>
   <text id="tlg2003.tlg007.perseus-grc1">
      <body>
         <pb id="v.2.p.72" TEIform="pb"/>
         <head>*i*o*u*l*i*a*n*o*u *a*u*t*o*k*r*a*t*o*r*o*s *p*r*o*s  *h*r*a*k*l*e*i*o*n *k*u*n*i*k*o*n *p*e*r*i *t*o*u *p*w*s *k*u*n*i*s*t*e*o*n *k*a*i *e*i *p*r*e*p*e*i *t*w *k*u*n*i *m*u*q*o*u*s *p*l*a*t*t*e*i*n</head>
         <p>
            <milestone unit="orgpage" n="204a"/>*)=h polla\ gi/netai e)n makrw=| xro/nw|: tou=to e)k 
th=s kwmw|di/as a)khkoo/ti moi prw/|hn e)ph=lqen e)kboh=sai,
o(phni/ka paraklhqe/ntes h)krow/meqa kuno\s
ou)/ti toro\n ou)de\ gennai=on u(laktou=ntos, a)ll) w(/sper
ai( ti/tqai mu/qous a(/|dontos kai\ ou)de\ tou/tous u(giw=s
diatiqeme/nou. paraxrh=ma me\n ou)=n e)ph=lqe/ moi
<milestone unit="orgpage" n="204b"/>dianasta/nti dialu=sai to\n su/llogon: e)pei\ de\ 
e)xrh=n w(/sper e)n qea/trw| kwmw|doume/nwn *(hrakle/ous
kai\ *dionu/sou para\ tw=n kwmw|dw=n a)kou/ein, ou) tou=
le/gontos, a)lla\ tw=n suneilegme/nwn xa/rin u(pe/meina,
ma/llon de/, ei) xrh/ ti kai\ neanikw/teron
ei)pei=n, h(mw=n au)tw=n e(/neka kai\ tou= mh\ dokei=n u(po\
<milestone unit="orgpage" n="204c"/>deisidaimoni/as ma=llon h)\ dianoi/as eu)sebou=s kai\ 
lelogisme/nhs, w(/sper ai( peleia/des, u(po\ tw=n r(hmati/wn
sobhqei\s a)napth=nai. e)/menon de\ e)kei=no
pro\s e)mauto\n ei)pw\n
*te/tlaqi dh/, kradi/h, kai\ ku/nteron a)/llo pot) e)/tlhs,
a)na/sxou kai\ kuno\s lhrou=ntos o)li/gon h(me/ras
<pb id="v.2.p.74"/>
mo/rion, ou) prw=ton a)kou/eis tw=n qew=n blasfhmoume/nwn,
ou)x ou(/tw ta\ koina\ pra/ttomen kalw=s,
ou)x ou(/tw tw=n i)di/wn e(/neka swfronou=men, ou)
<milestone unit="orgpage" n="205a"/>mh\n ou)de\ eu)tuxei=s e)smen, w(/ste ta\s a)koa\s 
kaqara\s e)/xein h)\ to\ teleutai=on gou=n ta\ o)/mmata
mh\ kexra/nqai toi=s pantodapoi=s toutoui\ tou=
sidhrou= ge/nous a)sebh/masin. e)pei\ de\ w(/sper
e)ndeei=s h(ma=s tw=n toiou/twn kakw=n a)ne/plhsen ou)k
eu)agw=n o( ku/wn r(hma/twn to\n a)/riston tw=n qew=n
o)noma/sas, w(s mh/pote w)/fele mh/t) e)kei=nos ei)pei=n
mh/te h(mei=s a)kou=sai, deu=ro peiraqw=men au)to\n
<milestone unit="orgpage" n="205b"/>e)f) u(mw=n dida/cai, prw=ton me\n o(/ti tw=| kuni\ lo/gous 
ma=llon h)\ mu/qous prosh/kei gra/fein, ei)=ta o(poi/as
kai\ ti/nas xrh\ poiei=sqai ta\s diaskeua\s tw=n mu/qwn,
ei)/ ti a)/ra kai\ filosofi/a prosdei=tai th=s muqografi/as,
e)pi\ pa=si de\ u(pe\r th=s pro\s tou\s qeou\s
eu)labei/as o)li/ga diale/comai: tou=to ga/r moi kai\
th=s ei)s u(ma=s paro/dou ge/gonen ai)/tion kai/per ou)k
o)/nti suggrafikw=| kai\ to\ e)n tw=| plh/qei le/gein
w(/sper a)/llo ti tw=n e)paxqw=n kai\ sofistikw=n
<milestone unit="orgpage" n="205c"/>to\n e)/mprosqen xro/non paraithsame/nw|. mikra\ de\ 
u(pe\r tou= mu/qou kaqa/per tina\ genealogi/an i)/sws
ou)k a)na/rmoston e)moi/ te fa/nai u(mi=n te a)kou=sai.
*th\n me\n ou)=n a)rxh\n o(po/qen hu(re/qh kai\ o(/stis o(
prw=tos e)pixeirh/sas to\ yeu=dos piqanw=s sunqei=nai
pro\s w)fe/leian h)\ yuxagwgi/an tw=n a)krowme/nwn,
ou) ma=llon eu)/roi tis a)\n h)\ ei)/ tis e)pixeirh/seie
to\n prw=ton ptaro/nta h)\ xremya/menon a)nazhtei=n.
<milestone unit="orgpage" n="205d"/>ei) de/, w(/sper i(ppei=s e)n *qra/kh| kai\ *qettali/a|, 
<pb id="v.2.p.76"/>
toco/tai de\ kai\ ta\ koufo/tera tw=n o(/plwn e)n *)indi/a|
kai\ *krh/th| kai\ *kari/a| a)nefa/nh, th=| fu/sei th=s
xw/ras a)kolouqou/ntwn oi)=mai tw=n e)pithdeuma/twn,
ou(/tw tis u(polamba/nei kai\ e)pi\ tw=n a)/llwn pragma/twn,
e)n oi(=s e(/kasta tima=tai, ma/lista para\
tou/twn au)ta\ kai\ prw=ton hu(rh=sqai: tw=n a)gelai/wn
<milestone unit="orgpage" n="206a"/>e)/oiken a)nqrw/pwn ei)=nai to/ ge e)c a)rxh=s o( mu=qos 
eu(/rhma, kai\ diame/nei e)c e)kei/nou me/xri kai\ nu=n par)
au)toi=s politeuo/menon to\ pra=gma w(/sper a)/llo ti
tw=n a)kroama/twn, au)lo\s kai\ kiqa/ra, te/ryews
e(/neka kai\ yuxagwgi/as. w(/sper ga\r oi( o)/rniqes
i(/ptasqai kai\ nei=n oi( i)xqu/es ai(/ te e)/lafoi qei=n
e)peidh\ pefu/kasin ou)de\n tou= didaxqh=nai prosde/ontai,
ka)\n dh/sh| tis ka)\n kaqei/rch|, peira=tai
o(/mws xrh=sqai tou/tois toi=s mori/ois, pro\s a(\ su/noiden
au(toi=s pefuko/si, tauti\ ta\ zw=|a, ou(/tws oi)=mai
<milestone unit="orgpage" n="206b"/>kai\ to\ tw=n a)nqrw/pwn ge/nos ou)k a)/llo ti th\n 
yuxh\n e)/xon h)\ lo/gon kai\ e)pisth/mhn w(/sper e)gkaqeirgme/nhn,
o(\ dh\ kai\ le/gousin oi( sofoi\ du/namin,
e)pi\ to\ manqa/nein te kai\ zhtei=n kai\ polupragmonei=n,
w(s pro\s oi)keio/taton e(autw=| tw=n e)/rgwn,
tre/petai: kai\ o(/tw| me\n eu)menh\s qeo\s taxe/ws e)/luse
ta\ desma\ kai\ th\n du/namin ei)s e)ne/rgeian h)/gage,
tou/tw| pa/restin eu)qu\s e)pisth/mh, toi=s dedeme/nois
<milestone unit="orgpage" n="206c"/>de\ e)/ti, kaqa/per oi)=mai *)ici/wn nefe/lh| tini\ a)nti\ th=s 
qeou= le/getai paranapau/sasqai, tou/tois a)nt)
a)lhqou=s yeudh\s e)nte/thke do/ca: gi/netai ga\r
<pb id="v.2.p.78"/>
e)nteu=qen au)toi=s ta\ u(phne/mia kai\ teratw/dh tauti\
th=s a)lhqou=s e)pisth/mhs oi(=on ei)/dwla a)/tta kai\
skiai/: pra/ttousi gou=n pro\ th=s tw=n a)lhqw=n e)pisth/mhs
ta\ yeu/dh kai\ dida/skousi/ ge ma/la proqu/mws
kai\ manqa/nousin w(/sper oi)=mai xrhsto/n ti kai\
qaumasto/n. ei) d) o(/lws xrh/ ti kai\ u(pe\r tw=n tou\s
<milestone unit="orgpage" n="206d"/>mu/qous to\ prw=ton plasa/ntwn a)pologh/sasqai, 
dokou=si/ moi tai=s tw=n paidi/wn yuxai=s, w(/sper ai(
ti/tqai peri\ ta\s o)dontofui+/as knhsiw=sin au)toi=s
sku/tina a)/tta prosartw=si tai=n xeroi=n, i(/na au)tw=n
paramuqh/swntai to\ pa/qos, ou(/tw de\ kai\ ou(=toi tw=|
yuxari/w| pterofuou=nti kai\ poqou=nti ple/on ei)de/nai
ti, dida/skesqai de\ ou)/pw ta)lhqh= duname/nw| tau=ta
e)poxeteu/ein, w(/sper a)/rdontes a)/rouran diyw=san,
i(/na dh\ oi)=mai au)tw=n to\n gargalismo\n kai\ th\n
o)du/nhn paramuqh/swntai.
<milestone unit="orgpage" n="207a"/>*tou= de\ toiou/tou probai/nontos kai\ para\ toi=s 
*(/ellhsin eu)dokimou=ntos, ei(/lkusan e)nteu=qen oi(
poihtai\ to\n ai)=non, o(\s tou= mu/qou diafe/rei tw=| mh\
pro\s pai=das, a)lla\ pro\s a)/ndras pepoih=sqai kai\
mh\ yuxagwgi/an mo/non, a)lla\ kai\ parai/nesin e)/xein
tina/. bou/letai ga\r e)pikrupto/menos parainei=n te
kai\ dida/skein, o(/tan o( le/gwn to\ fanerw=n ei)pei=n
<milestone unit="orgpage" n="207b"/>eu)labh=tai, th\n para\ tw=n a)kouo/ntwn u(forw/menos 
a)pe/xqeian. ou(/tw toi kai\ *(hsi/odos au)to\ fai/netai
pepoihkw/s: o( de\ meta\ tou=ton *)arxi/loxos w(/sper
h(/dusma/ ti peritiqei\s th=| poih/sei, mu/qois ou)k
o)liga/kis e)xrh/sato o(rw=n, w(s ei)ko/s, th\n me\n u(po/qesin,
<pb id="v.2.p.80"/>
h(\n meth/|ei, th=s toiau/ths yuxagwgi/as e)ndew=s
e)/xousan, safw=s de\ e)gnwkw/s, o(/ti sterome/nh mu/qou
poi/hsis e)popoii+/a mo/non e)sti/n, e)ste/rhtai de/, w(s a)\n
ei)/poi tis, e(auth=s, ou) ga\r e)/ti lei/petai poi/hsis,
h(du/smata tau=ta para\ th=s poihtikh=s *mou/shs
<milestone unit="orgpage" n="207c"/>e)dre/yato, kai\ pare/qhke/ ge au)tou= tou/tou xa/rin, 
o(/pws mh\ sillogra/fos tis, a)lla\ poihth\s nomisqei/h.
*(o de\ dh\ tw=n mu/qwn *(/omhros h)\ *qoukudi/dhs h)\
*pla/twn, h)\ o(/, ti bou/lei kalei=n au)to/n, *ai)/swpos h)=n
o( *sa/mios, dou=los th\n tu/xhn ma=llon h)\ th\n proai/resin,
ou)k a)/frwn mh\n ou)de\ kat) au)to\ tou=to a)nh/r.
w(=| ga\r o( no/mos ou) metedi/dou parrhsi/as, tou/tw|
prosh=kon h)=n e)skiagrafhme/nas ta\s sumboula\s
kai\ pepoikilme/nas h(donh=| kai\ xa/riti parafe/rein,
w(/sper oi)=mai tw=n i)atrw=n oi( me\n e)leu/qeroi to\ de/on
<milestone unit="orgpage" n="207d"/>e)pita/ttousin, e)a\n de\ a(/ma tis oi)ke/ths ge/nhtai th\n 
tu/xhn kai\ th\n te/xnhn i)atro/s, pra/gmata e)/xei
kolakeu/ein a(/ma kai\ qerapeu/ein to\n despo/thn
a)nagkazo/menos. ei) me\n ou)=n kai\ tw=| kuni\ prosh/kei
tau/ths th=s doulei/as, lege/tw, grafe/tw,
paraxwrei/tw th=s muqologi/as au)tw=| pa=s o(stisou=n,
ei) de\ mo/nos ei)=nai/ fhsin e)leu/qeros, e)pi\ ti/ xrh/setai
toi=s mu/qois, ou)k oi)=da. po/teron i(/na to\
pikro\n kai\ da/knon th=s sumboulh=s h(donh=| kai\
<milestone unit="orgpage" n="208a"/>xa/riti kera/sas a(/ma te o)nh/sh| kai\ a)pofu/gh| to\ 
proslabei=n ti para\ tou= o)niname/nou kako/n; a)lla\
tou=to/ e)sti li/an douloprepe/s. a)ll) a)/meinon a)/n
tis didaxqei/h mh\ ta\ pra/gmata a)kou/wn au)ta\ mhde\
<pb id="v.2.p.82"/>
ta\ e)p) au)toi=s o)no/mata kata\ to\n kwmiko\n th\n
ska/fhn ska/fhn le/gonta; a)ll) a)nti\ tou= me\n
<milestone unit="orgpage" n="208b"/>dei=nos to\n *fae/qonta ti/ de/on o)noma/sai; ti/ de\ 
xrai/nein ou)k eu)agw=s th\n e)pwnumi/an tou= basile/ws
*(hli/ou; ti/s de\ o( *pa\n kai\ ti/s o( *zeu\s tw=n xamai\
e)rxome/nwn a)nqrw/pwn a)/cios kalei=sqai, i(/n) e)kei=qen
e)p) au)tou\s metaqw=men h(mw=n ta\s dianoi/as; kai/toi,
ei) kai\ tou=to oi(=o/n te h)=n, a)/meinon h)=n au)tou\s o)noma/sai
tou\s a)nqrw/pous. h)= ga\r ou)x ou(/tw krei=tton
h)=n ei)pei=n a)nqrwpika\ qeme/nous o)no/mata; ma=llon
<milestone unit="orgpage" n="208c"/>de\ ou)de\ qeme/nous, h)/rkei ga\r o(/saper h(mi=n oi( gonei=s 
e)/qento. a)ll) ei) mh/te maqei=n e)sti r(a=|on dia\ tou=
pla/smatos mh/te tw=| *kunikw=| pre/pon pla/ttein ta\
toiau=ta, tou= xa/rin ou)k e)feisa/meqa tou= polutelou=s
a)nalw/matos, pro\s de\ dh\ kai\ e)fqei/ramen to\n
xro/non pla/ttontes kai\ suntiqe/ntes muqa/ria, ei)=ta
logografou=ntes kai\ e)kmanqa/nontes;
*)all) i)/sws o( me\n lo/gos ou)/ fhsi dei=n a)nti\ tw=n
<milestone unit="orgpage" n="208d"/>a)lhqw=n kai\ mh\ peplasme/nwn ta\ yeudh= kai\ peplasme/na 
para\ tou= kuno/s, w(=| mo/nw| th=s e)leuqeri/as
me/testin, e)n toi=s koinoi=s a(/|desqai sullo/gois, h(
sunh/qeia de\ ou(/tw ge/gonen a)po\ *dioge/nous a)rcame/nh
kai\ *kra/thtos a)/xri tw=n e)fech=s. ou)de\n ou)damou=
para/deigma toiou=ton eu(rh/seis: e)kei=no ga\r a)fi/hmi
te/ws, o(/ti tw=| *kunikw=| to\ no/misma paraxara/ttonti
<pb id="v.2.p.84"/>
th=| sunhqei/a| prose/xein ou)damw=s prosh/kei, tw=|
<milestone unit="orgpage" n="209a"/>lo/gw| de\ au)tw=| mo/nw|, kai\ to\ poihte/on eu(ri/skein 
oi)/koqen, a)ll) ou) manqa/nein e)/cwqen. ei) d) *)antisqe/nhs
o( *swkratiko\s w(/sper o( *cenofw=n e)/nia
dia\ tw=n mu/qwn a)ph/gelle, mh/ti tou=to/ se e)capata/tw:
kai\ ga\r mikro\n u(/steron u(pe\r tou/tou soi
diale/comai: nu=n de\ e)kei=no/ moi pro\s tw=n *mousw=n
fra/son u(pe\r tou= *kunismou=, po/teron a)po/noia/ ti/s
e)sti kai\ bi/os ou)k a)nqrw/pinos, a)lla\ qhriw/dhs
yuxh=s dia/qesis ou)de\n kalo/n, ou)de\n spoudai=on
<milestone unit="orgpage" n="209b"/>ou)de\ a)gaqo\n nomizou/shs; doi/h ga\r a)\n u(polabei=n 
polloi=s peri\ au)tou= tau=ta *oi)no/maos. ei)/ ti/
soi tou= tau=ta gou=n e)pelqei=n e)me/lhsen, e)pe/gnws
a)\n safw=s e)n th=| tou= kuno\s au)tofwni/a| kai\ tw=|
kata\ tw=n xrhsthri/wn kai\ pa=sin a(plw=s oi(=s
e)/grayen o( a)nh/r. toiou/tou de\ o)/ntos tou= pra/gmatos,
w(/ste a)nh|rh=sqai me\n a(/pasan th\n pro\s tou\s
qeou\s eu)la/beian, h)tima/sqai de\ pa=san a)nqrwpi/nhn
fro/nhsin, no/mon de\ mh\ to\n o(mw/numon tw=| kalw=| kai\
<milestone unit="orgpage" n="209c"/>dikai/w| pepath=sqai mo/non, a)lla\ kai\ tou\s e)k tw=n 
qew=n h(mi=n w(/sper e)ggrafe/ntas tai=s yuxai=s, u(f)
w(=n pa/ntes a)dida/ktws ei)=nai qei=o/n ti pepei/smeqa
kai\ pro\s tou=to a)fora=n e)p) au)to/ te oi)=mai speu/dein
ou(/tw diatiqe/menoi ta\s yuxa\s pro\s au)to\ w(/sper
oi)=mai pro\s to\ fw=s ta\ ble/ponta, pro\s tou/tw| de\ ei)
kai\ o( deu/teros e)celau/noito no/mos i(ero\s w)\n fu/sei
kai\ qei=os, o( tw=n a)llotri/wn pa/nth kai\ pa/ntws
<pb id="v.2.p.86"/>
a)pe/xesqai keleu/wn kai\ mh/te e)n lo/gw| mh/te e)n e)/rgw|
<milestone unit="orgpage" n="209d"/>mh/te e)n au)tai=s tai=s lanqanou/sais th=s yuxh=s 
e)nergei/ais tau=ta e)pitre/pwn sugxei=n, o(/sper h(mi=n
kai\ th=s teleiota/ths e)sti\n h(gemw\n dikaiosu/nhs:
a)=r) ou)k e)/sti bara/qrou to\ pra=gma a)/cion; a)r) ou)
tou\s tau=ta e)painou=ntas w(/sper tou\s farmakou\s
e)xrh=n ou) qu/sqlois paiome/nous e)lau/nesqai:
koufote/ra ga/r e)sti tw=n a)dikhma/twn h( zhmi/a:
li/qois de\ ballome/nous a)polwle/nai; diafe/rousi
<milestone unit="orgpage" n="210a"/>ga\r ou(=toi ti/, pro\s tw=n qew=n ei)pe/ moi, tw=n e)p) 
e)rhmi/as lh|steuo/ntwn kai\ kateilhfo/twn ta\s
a)kta\s e)pi\ tw=| lumai/nesqai toi=s kataple/ousi;
katafronou=ntes qana/tou, fasi/n: w(/sper ou)
ka)kei/nois sunomartou/shs tauthsi\ th=s a)ponoi/as.
fhsi\ gou=n o( kaq) u(ma=s me\n poihth\s kai\ muqolo/gos,
w(s de\ o( *pu/qios lh|stai=s xrwme/nois a)nei=len, h(/rws
kai\ dai/mwn, u(pe\r tw=n lh|zome/nwn th\n qa/lattan
*oi(=a/ te lhisth=res, u(pei\r a(/la toi/ t) a)lo/wntai
<milestone unit="orgpage" n="210b"/>*yuxa\s parqe/menoi. 
ti/ ou)=n e)/ti e(/teron zhtei=s u(pe\r th=s a)ponoi/as tw=n
lh|stw=n ma/rtura; plh\n ei) mh\ kai\ a)ndreiote/rous
a)\n ei)/poi tis tw=n toiou/twn kunw=n e)kei/nous tou\s
lh|sta/s, i)tamwte/rous de\ tw=n lh|stw=n e)kei/nwn tou\s
ku/nas toutousi/. oi( me\n ga\r suneido/tes au(toi=s
ou(/tw moxqhro\n to\n bi/on ou) ma=llon dia\ to\ tou=
qana/tou de/os h)\ th\n ai)sxu/nhn ta\s e)rhmi/as proba/llontai,
<milestone unit="orgpage" n="210c"/>oi( d) a)/ra peripatou=sin e)n tw=| me/sw| 
ta\ koina\ no/mima sugxe/ontes, ou)xi\ tw=| krei/ttona
<pb id="v.2.p.88"/>
kai\ kaqarwte/ran, a)lla\ tw=| xei/rona kai\ bdelurwte/ran
e)peisa/gein politei/an.
*ta\s a)naferome/nas de\ ei)s to\n *dioge/nh tragw|di/as,
ou)/sas me\n kai\ o(mologoume/nws *kunikou= tinos
suggra/mmata, a)mfisbhtoume/nas de\ kata\ tou=to
<milestone unit="orgpage" n="210d"/>mo/non, ei)/te tou= didaska/lou, tou= *dioge/nous, ei)si/n, 
ei)/te tou= maqhtou= *fili/skou, ti/s ou)k a)\n e)pelqw\n
bdelu/caito kai\ nomi/seien u(perbolh\n a)rrhtourgi/as
ou)de\ tai=s e(tai/rais a)polelei=fqai; tai=s
*oi)noma/ou de\ e)ntuxw/n: e)/graye ga\r kai\ tragw|di/as
toi=s lo/gois toi=s e(autou= paraplhsi/as, a)rrh/twn
a)rrhto/tera kai\ kakw=n pe/ra, kai\ ou)ke/q) o(/, ti fw=
peri\ au)tw=n a)ci/ws e)/xw, ka)\n ta\ *magnh/twn kaka\,
ka)\n to\ *terme/rion, ka)\n pa=san a(plw=s au)toi=s
<milestone unit="orgpage" n="211a"/>e)pifqe/gcwmai th\n tragw|di/an meta\ tou= satu/rou 
kai\ th=s kwmw|di/as kai\ tou= mi/mou, ou(/tw pa=sa me\n
ai)sxro/ths, pa=sa de\ a)po/noia pro\s u(perbolh\n e)n
e)kei/nais tw=| a)ndri\ pefilote/xnhtai: kai\ ei) me\n
e)k tou/twn tis a)cioi= to\n *kunismo\n o(poi=o/s ti/s e)stin
h(mi=n e)pidei=cai, blasfhmw=n tou\s qeou/s, u(laktw=n
<milestone unit="orgpage" n="211b"/>pro\s a(/pantas, o(/per e)/fhn a)rxo/menos, i)/tw, xwrei/tw, 
gh=n pro\ gh=s, o(/poi bou/loito: ei) d), o(/per o(
qeo\s e)/fh *dioge/nei, to\ no/misma paraxara/cas e)pi\
th\n pro\ tau/ths ei)rhme/nhn u(po\ tou= qeou= sumboulh\n
tre/poito, to\ *gnw=qi sauto/n, o(/per zhlw/santes e)pi\
tw=n e)/rgwn *dioge/nhs kai\ *kra/ths fai/nontai, tou=to
h)/dh tou= panto\s a)/cion e)/gwge fai/hn a)\n a)ndri\ kai\
<pb id="v.2.p.90"/>
strathgei=n kai\ filosofei=n e)qe/lonti. ti/ de\ ei)=pen
o( qeo/s, a)=r) i)/smen; o(/ti th=s tw=n pollw=n au)tw=| do/chs
<milestone unit="orgpage" n="211c"/>e)pe/tacen u(perora=n kai\ paraxara/ttein ou) th\n 
a)lh/qeian, a)lla\ to\ no/misma. to\ de\ *gnw=qi sauto\n
e)n pote/ra| qhso/meqa moi/ra|; po/teron e)n th=| tou=
nomi/smatos; h)\ tou=to/ ge au)to\ th=s a)lhqei/as ei)=nai
kefa/laion qh/somen kai\ tro/pon ei)rh=sqai tou=:
*paraxa/racon to\ no/misma dia\ th=s *gnw=qi sauto\n
a)pofa/sews; w(/sper ga\r o( ta\ nomizo/mena panta/pasin
a)tima/sas, e)p) au)th\n de\ h(/kwn th\n a)lh/qeian
ou)d) u(pe\r e(autou= toi=s nomizome/nois, a)lla\ toi=s
<milestone unit="orgpage" n="211d"/>o)/ntws ou)=si qh/setai, ou(/tws oi)=mai kai\ o( gnou\s 
e(auto\n o(/per e)/stin a)kribw=s ei)/setai kai\ ou)x o(/per
nomi/zetai. po/teron ou)=n ou)x o( *pu/qios a)lhqh/s te/
e)sti qeo/s, kai\ *dioge/nhs tou=to e)pe/peisto safw=s,
o(/s ge au)tw=| peisqei\s a)nti\ fuga/dos a)pedei/xqh ou)
tou= *persw=n basile/ws mei/zwn, a)ll), w(s h( fh/mh
pare/dwken, au)tw=| tw=| katalu/santi to\ *persw=n
kra/tos kai\ tai=s *(hrakle/ous a(millwme/nw| pra/cesin,
u(perba/llesqai de\ to\n *)axille/a filotimoume/nw|
zhlwto/s; ou(=tos ou)=n o( *dioge/nhs o(poi=o/s tis h)=n ta/
<milestone unit="orgpage" n="212a"/>te pro\s tou\s qeou\s kai\ ta\ pro\s a)nqrw/pous mh\ dia\ 
tw=n *oi)noma/ou lo/gwn mhde\ tw=n *fili/skou tragw|diw=n,
ai(=s e)pigra/yas to\ *dioge/nous o)/noma th=s qei/as
polla/ pote kateyeu/sato kefalh=s, a)lla\ di) w(=n
e)/drasen e)/rgwn o(poi=o/s tis h)=n gnwrize/sqw.
*)=hlqen ei)s *)olumpi/an e)pi\ ti/ pro\s *dio/s; i(/na tou\s
a)gwnista\s qea/shtai; ti/ de/; ou)xi\ kai\ *)isqmi/ois
<pb id="v.2.p.92"/>
tou\s au)tou\s kai\ *panaqhnai/ois qea/sasqai di/xa
pragma/twn oi(=o/n te h)=n; a)lla\ e)qe/lwn e)kei= toi=s
<milestone unit="orgpage" n="212b"/>krati/stois suggene/sqai tw=n *(ellh/nwn; ou) ga\r 
*)isqmo/nde e)foi/twn; ou)k a)\n ou)=n eu(/rois a)/llhn ai)ti/an
h)\ th\n ei)s to\n qeo\n qerapei/an. ei) d) ou)k e)cepla/gh
to\n kerauno/n: ou)de\ e)gw\ ma\ tou\s qeou\s
pollw=n polla/kis peiraqei\s dioshmiw=n e)cepla/ghn.
a)ll) o(/mws ou(/tw dh/ ti tou\s qeou\s pe/frika kai\
filw= kai\ se/bw kai\ a(/zomai kai\ pa/nq) a(plw=s ta\
toiau=ta pro\s au)tou\s pa/sxw, o(/saper a)/n tis kai\
oi(=a pro\s a)gaqou\s despo/tas, pro\s didaska/lous,
pro\s pate/ras, pro\s khdemo/nas, pro\s pa/nta a(plw=s
<milestone unit="orgpage" n="212c"/>ta\ toiau=ta, w(/ste o)li/gou dei=n u(po\ tw=n sw=n r(hma/twn 
prw/|hn e)cane/sthn. tou=to me\n ou)=n ou)k oi)=d)
o(/ntina tro/pon e)pelqo\n i)/sws siwpa=sqai de/on e)rre/qh.
*dioge/nhs de\ kai\ pe/nhs w)\n kai\ xrhma/twn e)ndeh\s
ei)s *)olumpi/an e)ba/dizen, *)ale/candron de\ h(/kein
e)ke/leue par) e(auto/n, ei)/ tw| pisto\s o( *di/wn. ou(/tw
<milestone unit="orgpage" n="212d"/>pre/pein e)no/mizen e(autw=| me\n foita=n e)pi\ ta\ i(era\ 
tw=n qew=n, tw=| basilikwta/tw| de\ tw=n kaq) e(auto\n
e)pi\ th\n e(autou= sunousi/an. a(\ de\ pro\s *)arxi/damon
ge/grafen, ou) basilikai\ paraine/seis ei)si/n; ou)
mo/non de\ e)n toi=s lo/gois h)=n o( *dioge/nhs qeosebh/s,
a)lla\ ga\r kai\ e)n toi=s e)/rgois. e(lo/menon ga\r au)to\n
oi)kei=n ta\s *)aqh/nas e)peidh\ to\ daimo/nion ei)s th\n
*ko/rinqon a)ph/gagen, a)feqei\s u(po\ tou= priame/nou
<milestone unit="orgpage" n="213a"/>th\n po/lin ou)ke/t) w)|h/qh dei=n e)klipei=n: e)pe/peisto 
ga\r au(tou= toi=s qeoi=s me/lein ei)/s te th\n *ko/rinqon ou)
<pb id="v.2.p.94"/>
ma/thn ou)de\ kata/ tina suntuxi/an, tro/pon de/ tina
u(po\ tw=n qew=n ei)spepe/mfqai, o(rw=n th\n po/lin
trufw=san tw=n *)aqhnai/wn ma=llon kai\ deome/nhn
mei/zonos kai\ gennaiote/rou swfronistou=.
*ti/ de/; ou)xi\ kai\ tou= *kra/thtos mousika\ kai\
xari/enta fe/retai polla\ dei/gmata th=s pro\s tou\s
qeou\s o(sio/thto/s te kai\ eu)labei/as; a)/koue gou=n
<milestone unit="orgpage" n="213b"/>au)ta\ par) h(mw=n, ei)/ soi mh\ sxolh\ ge/gone maqei=n 
e)c e)kei/nwn au)ta/.
*mnhmosu/nhs kai\ *zhno\s *)olumpi/ou a)glaa\ te/kna,
*mou=sai *pieri/des, klu=te/ moi eu)xome/nw|:
*xo/rton e)mh=| sunexh= do/te gaste/ri, kai\ do/te xwri/s
*doulosu/nhs, h(\ dh\ lito\n e)/qhke bi/on.
*)wfe/limon de\ fi/lois, mh\ glukero\n ti/qete.
<milestone unit="orgpage" n="213c"/>*xrh/mata d) ou)k e)qe/lw suna/gein kluta/, kanqa/rou o)/lbon 
*mu/rmhko/s t) a)/fenos xrh/mata maio/menos,
*)alla\ dikaiosu/nhs mete/xein kai\ plou=ton a)gei/rein
*eu)/foron, eu)/kthton, ti/mion ei)s a)reth/n.
*tw=n de\ tuxw\n *(ermh=n kai\ *mou/sas i(la/som) a(gna/s.
<milestone unit="orgpage" n="213d"/>*ou) dapa/nais truferai=s, a)ll) a)retai=s o(si/ais. 
o(ra=|s o(/ti tou\s qeou\s eu)fhmw=n, ou)xi\ de\ w(s su\ blasfhmw=n
kat) au)tw=n hu)/xeto; po/sai ga\r e(kato/mbai
th=s o(si/as ei)si\n a)nta/ciai, h(\n kai\ o( daimo/nios *eu)ripi/dhs
o)rqw=s u(/mnhsen ei)pw\n
*(osi/a po/tna qew=n, o(si/a;
<pb id="v.2.p.96"/>
h)\ tou=to/ se le/lhqen, o(/ti pa/nta, kai\ ta\ mega/la
kai\ ta\ smikra/, meta\ th=s o(si/as toi=s qeoi=s prosago/mena
th\n i)/shn e)/xei du/namin, e)sterhme/nh de\ th=s
o(si/as ou)x e(kato/mbh ma\ qeou/s, a)lla\ h( th=s *)olumpia/dos
<milestone unit="orgpage" n="214a"/>xilio/mbh a)na/lwma mo/non e)sti/n, a)/llo de\ 
ou)de/n; o(/per oi)=mai gignw/skwn o( *kra/ths au)to/s te
dia\ mo/nhs h(=s ei)=xen o(si/as tou\s qeou\s e)ti/ma su\n
eu)fhmi/a| kai\ tou\s a)/llous e)di/daske mh\ ta\ dapanh/mata
th=s o(si/as, a)lla\ th\n o(si/an e)kei/nwn protima=n
e)n tai=s a(gistei/ais. toiou/tw de\ tw\ a)/ndre tw/de
genome/nw ta\ pro\s tou\s qeou\s ou)k a)kroath/ria
sunekrotei/thn ou)d) w(/sper oi( sofoi\ di) ei)ko/nwn
kai\ mu/qwn toi=s fi/lois sunegigne/sqhn: le/getai
<milestone unit="orgpage" n="214b"/>ga\r u(p) *eu)ripi/dou kalw=s 
*(aplou=s o( mu=qos th=s a)lhqei/as e)/fu:
skiagrafi/as ga/r fhsi to\n yeudh= kai\ a)/dikon dei=sqai.
ti/s ou)=n o( tro/pos au)toi=s th=s sunousi/as e)gi/neto;
tw=n lo/gwn h(gei=to ta\ e)/rga, kai\ oi( th\n
peni/an timw=ntes au)toi\ prw=toi fai/nontai kai\ tw=n
patrw/|wn xrhma/twn u(perido/ntes, oi( th\n a)tufi/an
<milestone unit="orgpage" n="214c"/>a)spasa/menoi prw=toi th\n eu)te/leian h)/skoun dia\ 
pa/ntwn, oi( to\ tragiko\n kai\ sobaro\n e)k tw=n
a)llotri/wn e)cairou=ntes bi/wn w)/|koun au)toi\ prw=toi
ta\s a)gora\s h)\ ta\ tw=n qew=n teme/nh, th=| trufh=| de\
kai\ pro\ tw=n r(hma/twn dia\ tw=n e)/rgwn e)pole/moun,
e)/rgois e)le/gxontes, ou) lo/gw| bow=ntes, o(/ti tw=| *dii\
sumbasileu/ein e)/cestin ou)deno\s h)\ smikrw=n pa/nu
<pb id="v.2.p.98"/>
deo/menon ou)de\ parenoxlou/menon u(po\ tou= sw/matos,
e)peti/mwn de\ toi=s a(marta/nousin, h(ni/ka e)/zwn oi(
<milestone unit="orgpage" n="214d"/>ptai/santes, ou)k a)poqano/ntas e)blasfh/moun, h(ni/ka 
kai\ tw=n e)xqrw=n oi( metriw/teroi spe/ndontai toi=s
a)pelqou=sin. e)/xei de\ o(/ ge a)lhqino\s ku/wn
e)xqro\n ou)de/na, ka)\n to\ swma/tion au)tou= tis
pata/ch|, ka)\n tou)/noma perie/lkh|, ka)\n loidorh=tai
kai\ blasfhmh=|, dio/ti to\ me\n th=s e)/xqras gi/netai
pro\s a)nti/palon, to\ de\ u(perbai=non th\n pro\s
<milestone unit="orgpage" n="215a"/>e(/teron a(/millan eu)noi/a| tima=sqai filei=: ka)/n tis 
e(te/rws e)/xh| pro\s au)to/n, kaqa/per oi)=mai polloi\
pro\s tou\s qeou/s, e)kei/nw| me\n ou)k e)/stin e)xqro/s, ou)de\
ga\r blabero/s, au)to\s de\ au(tw=| baru/taton e)pitiqei\s
ti/mhma th\n tou= krei/ttonos a)/gnoian e)/rhmos lei/petai
th=s e)kei/nou prostasi/as.
*)all) ei) me\n nu=n moi prou/keito peri\ *kunismou=
<milestone unit="orgpage" n="215b"/>gra/fein, ei)=pon a)\n u(pe\r tou/twn e)/ti ta\ parista/mena/ 
moi tw=n ei)rhme/nwn i)/sws ou)k e)la/ttw: nu=n de\ a)podido/ntes
to\ sunexe\s th=| proaire/sei peri\ tou= potapou\s
ei)=nai xrh\ tou\s plattome/nous tw=n mu/qwn
e)fech=s skopw=men. i)/sws de\ h(gei=tai kai\ tau/ths
th=s e)gxeirh/sews e)kei/nh, o(poi/a| tini\ filosofi/a|
prosh=kon h( muqografi/a. fai/nontai ga\r polloi\
kai\ tw=n filoso/fwn au)to\ kai\ tw=n qeolo/gwn poih/santes,
w(/sper *)orfeu\s me\n o( palaio/tatos e)nqe/ws
filosofh/sas, ou)k o)li/goi de\ kai\ tw=n met) e)kei=non:
<milestone unit="orgpage" n="215c"/>ou) mh\n a)lla\ kai\ *cenofw=n fai/netai kai\ *)antisqe/nhs 
kai\ *pla/twn prosxrhsa/menoi pollaxou= toi=s
mu/qois, w(/sq) h(mi=n pe/fhnen, ei) kai\ mh\ tw=| *kunikw=|,
filoso/fw| gou=n tini prosh/kein h( muqografi/a.
<pb id="v.2.p.100"/>
*mikra\ ou)=n u(pe\r tw=n th=s filosofi/as ei)/te
mori/wn ei)/te o)rga/nwn prorrhte/on. e)/sti ga\r ou)
me/ga to\ diafe/ron o(pote/rws a)/n tis tw=| praktikw=|
<milestone unit="orgpage" n="215d"/>kai\ tw=| fusikw=| to\ logiko\n prosariqmh=|: a)nagkai=on 
ga\r o(moi/ws fai/netai kat) a)mfo/tera. triw=n
dh\ tou/twn au)=qis e(/kaston ei)s tri/a te/mnetai, to\ me\n
fusiko\n ei)s to\ qeologiko\n kai\ to\ peri\ ta\ maqh/mata
kai\ tri/ton to\ peri\ th\n tw=n ginome/nwn kai\
a)pollume/nwn kai\ tw=n a)idi/wn me/n, swma/twn de\
o(/mws qewri/an, ti/ to\ ei)=nai au)toi=s kai\ ti/s h( ou)si/a
e(ka/stou: tou= praktikou= de\ to\ me\n pro\s e(/na
a)/ndra, h)qiko/n, oi)konomiko\n de\ to\ peri\ mi/an oi)ki/an,
politiko\n de\ to\ peri\ po/lin: e)/ti me/ntoi tou=
logikou= to\ me\n a)podeiktiko\n dia\ tw=n a)lhqw=n, to\
<milestone unit="orgpage" n="216a"/>de\ dia\ tw=n e)ndo/cwn biastiko/n, to\ de\ dia\ tw=n 
fainome/nwn e)ndo/cwn paralogistiko/n. o)/ntwn dh\
tosou/twn tw=n th=s filosofi/as merw=n, ei) mh/ ti/ me
le/lhqe: kai\ ou)de\n qaumasto\n a)/ndra stratiw/thn
mh\ li/an e)cakribou=n mhd) e)conuxi/zein ta\ toiau=ta,
a(/te ou)k e)k bibli/wn a)skh/sews, a)po\ de\ th=s prostuxou/shs
au)ta\ e(/cews a)pofqeggo/menon: e)/sesqe
gou=n moi kai\ u(mei=s ma/rtures, ei) ta\s h(me/ras logi/saisqe,
po/sai tine/s ei)sin ai( metacu\ tau/ths te kai\
th=s e)/nagxos h(mi=n genome/nhs a)kroa/sews o(/swn te
<milestone unit="orgpage" n="216b"/>h(mi=n a)sxoliw=n plh/reis: a)ll), o(/per e)/fhn, ei) kai/ 
ti parale/leiptai par) e)mou=: kai/toi nomi/zw ge
mhde\n e)ndei=n: plh\n o( prostiqei\s ou)k e)xqro/s,
a)lla\ fi/los e)/stai.
<pb id="v.2.p.102"/>
*tou/twn dh\ tw=n merw=n ou)/te tw=| logikw=|
prosh/kei th=s muqografi/as ou)/te tou= fusikou=
tw=| maqhmatikw=|, mo/non de/, ei)/per a)/ra, tou=
praktikou= tw=| pro\s e(/na ginome/nw| kai\ tou= qeologikou=
<milestone unit="orgpage" n="216c"/>tw=| telestikw=| kai\ mustikw=|: filei= ga\r 
h( fu/sis kru/ptesqai, kai\ to\ a)pokekrumme/non
th=s tw=n qew=n ou)si/as ou)k a)ne/xetai gumnoi=s ei)s
a)kaqa/rtous a)koa\s r(i/ptesqai r(h/masin. o(/per de\
dh\ tw=n xarakth/rwn h( a)po/rrhtos fu/sis w)felei=n
pe/fuke kai\ a)gnooume/nh: qerapeu/ei gou=n ou) yuxa\s
mo/non, a)lla\ kai\ sw/mata, kai\ qew=n poiei= parousi/as:
tou=t) oi)=mai polla/kis gi/gnesqai kai\ dia\
<milestone unit="orgpage" n="216d"/>tw=n mu/qwn, o(/tan ei)s ta\s tw=n pollw=n a)koa\s ou) 
duname/nas ta\ qei=a kaqarw=s de/casqai di) ai)nigma/twn
au)toi=s meta\ th=s mu/qwn skhnopoii/as e)gxe/htai.
*fanerou= de\ h)/dh genome/nou ti/ni kai\ poi/w|
filosofi/as ei)/dei kai\ muqografei=n e)/sq) o(/te prosh/kei:
pro\s ga\r tw=| lo/gw| marturei= tou/tois h( tw=n
prolabo/ntwn a)ndrw=n proai/resis. e)pei\ kai\ *pla/twni
polla\ memuqolo/ghtai peri\ tw=n e)n a(/|dou
pragma/twn qeologou=nti kai\ pro/ ge tou/tou tw=|
<milestone unit="orgpage" n="217a"/>th=s *kallio/phs, *)antisqe/nei de\ kai\ *cenofw=nti 
kai\ au)tw=| *pla/twni pragmateuome/nois h)qika/s
tinas u(poqe/seis ou) pare/rgws, a)lla\ meta/ tinos
e)mmelei/as h( tw=n mu/qwn e)gkatame/miktai grafh/,
ou(\s s) e)xrh=n, ei)/per e)bou/lou, mimou/menon a)nti\
me\n *(hrakle/ous metalamba/nein *perse/ws h)\ *qhse/ws
<pb id="v.2.p.104"/>
tino\s o)/noma kai\ to\n *)antisqe/neion tu/pon e)gxara/ttein,
a)nti\ de\ th=s *prodi/kou skhnopoii/as a)mfi\ toi=n
<milestone unit="orgpage" n="217b"/>a)mfoi=n tou/toin qeoi=n e(te/ran o(moi/an ei)sa/gein ei)s to\ qe/atron. 
*)epei\ de\ kai\ tw=n telestikw=n mu/qwn e)pemnh/sqhn,
fe/re nu=n o(poi/ous ei)=nai xrh\ tou\s e(kate/rw|
tw=n merw=n a(rmo/ttontas au)toi\ kaq) e(autou\s i)dei=n
peiraqw=men, ou)ke/ti martu/rwn palaiw=n e)n pa=si
prosdeo/menoi, e(po/menoi de\ ne/ois i)/xnesin a)ndro/s, o(\n
e)gw\ meta\ tou\s qeou\s e)c i)/shs *)aristote/lei kai\
<milestone unit="orgpage" n="217c"/>*pla/twni a)/gamai/ te te/qhpa/ te. fhsi\ de\ ou)x 
u(pe\r pa/ntwn ou(=tos, a)ll) u(pe\r tw=n telestikw=n,
ou(\s pare/dwken h(mi=n *)orfeu\s o( ta\s a(giwta/tas
teleta\s katasthsa/menos. to\ ga\r e)n toi=s mu/qois
a)pemfai=non au)tw=| tou/tw| proodopoiei= pro\s th\n
a)lh/qeian. o(/sw| ga\r ma=llon para/doco/n e)sti kai\
teratw=des to\ ai)/nigma, tosou/tw| ma=llon e)/oike
diamartu/resqai, mh\ toi=s au)to/qen legome/nois
pisteu/ein, a)lla\ ta\ lelhqo/ta perierga/zesqai kai\
<milestone unit="orgpage" n="217d"/>mh\ pro/teron a)fi/stasqai, pri\n a)\n u(po\ qeoi=s h(gemo/sin 
e)kfanh= geno/mena to\n e)n h(mi=n tele/sh|, ma=llon
de\ teleiw/sh| nou=n kai\ ei) dh/ ti krei=tton h(mi=n
u(pa/rxei tou= nou=, au)tou= tou= e(no\s kai\ ta)gaqou= moi=ra/
tis o)li/gh to\ pa=n a)meri/stws e)/xousa, th=s yuxh=s
plh/rwma kai\ e)n tw=| e(ni\ kai\ a)gaqw=| sune/xousa
<pb id="v.2.p.106"/>
pa=san au)th\n dia\ th=s u(perexou/shs kai\ xwristh=s
au)tou= kai\ e)ch|rhme/nhs parousi/as. a)lla\ tau=ta
me\n a)mfi\ to\n me/gan *dio/nuson ou)k oi)=d) o(/pws
<milestone unit="orgpage" n="218a"/>e)ph=lqe/ moi bakxeu/onti manh=nai: to\n bou=n de\ 
e)piti/qhmi th=| glw/tth|: peri\ tw=n a)rrh/twn ga\r
ou)de\n xrh\ le/gein. a)lla/ moi qeoi\ me\n e)kei/nwn kai\
u(mw=n de\ toi=s polloi=s, o(/soi te/ws e)ste\ tou/twn
a)mu/htoi, th\n o)/nhsin doi=en.
*(upe\r de\ w(=n ei)pei=n te kai\ a)kou=sai qe/mis
kai\ a)neme/shton a)mfote/rois e)sti/, pa=s lo/gos
o( profero/menos e)/k te le/cews kai\ dianoi/as
su/gkeitai. ou)kou=n e)peidh\ kai\ o( mu=qos lo/gos
<milestone unit="orgpage" n="218b"/>ti/s e)stin, e)k duoi=n tou/toin sugkei/setai. skopw=men 
de\ e(ka/teron au)tw=n. e)/stin a(plh= tis e)n
lo/gw| panti\ dia/noia, kai\ me/ntoi kai\ kata\ sxh=ma
proa/getai, ta\ paradei/gmata de\ a)mfoi=n e)sti
polla/. to\ me\n ou)=n e(\n a(plou=n e)sti kai\ ou)de\n
dei=tai poikili/as, to\ d) e)sxhmatisme/non e)/xei diafora\s
e)n e(autw=| polla/s, w(=n, ei)/ ti/ soi th=s r(htorikh=s
e)me/lhsen, ou)k a)cu/netos ei)=. tou/twn dh\ tw=n
kata\ dia/noian sxhma/twn a(rmo/ttei tw=| mu/qw| ta\
plei=sta: plh\n e)/moige ou)/q) u(pe\r tw=n pollw=n ou)/q)
u(pe\r tw=n a(pa/ntwn e)sti\ ta/ ge nu=n r(hte/on, a)ll)
u(pe\r duoi=n, tou= te semnou= kata\ th\n dia/noian kai\
<milestone unit="orgpage" n="218c"/>tou= a)pemfai/nontos. ta\ de\ au)ta\ tau=ta kai\ peri\ 
th\n le/cin gi/netai. morfou=tai ga/r pws kai\ sxhmati/zetai
para\ tw=n mh\ proferome/nwn ei)kh=| mhd)
w(/sper xeima/rrous e(lko/ntwn surfetou\s r(hma/twn
e)k th=s trio/dou: a)lla\ toi=n duoi=n tou/toin, o(/tan
me\n u(pe\r tw=n qei/wn pla/ttwmen, semna\ xrh\ pa/nu
<pb id="v.2.p.108"/>
ta\ r(h/mata ei)=nai kai\ th\n le/cin w(s e)/ni ma/lista
sw/frona kai\ kalh\n kai\ toi=s qeoi=s prepwdesta/thn,
<milestone unit="orgpage" n="218d"/>tw=n ai)sxrw=n de\ mhde\n kai\ blasfh/mwn h)\ 
dussebw=n, o(/pws mh\ tw=| plh/qei th=s toiau/ths
a)rxhgoi\ qrasu/thtos genw/meqa, ma=llon de\ kai\
pro\ tou= plh/qous au)toi\ to\ peri\ tou\s qeou\s h)sebhke/nai
prola/bwmen. ou)de\n ou)=n a)pemfai=non
ei)=nai xrh\ peri\ ta\s toiau/tas le/ceis, a)lla\ semna\
pa/nta kai\ kala\ kai\ megalopreph= kai\ qei=a kai\
kaqara\ kai\ th=s tw=n qew=n ou)si/as ei)s du/namin
<milestone unit="orgpage" n="219a"/>e)stoxasme/na: to\ de\ kata\ th\n dia/noian a)pemfai=non 
tou= xrhsi/mou gigno/menon xa/rin e)gkrite/on,
w(s a)\n mh/ tinos u(pomnh/sews e)/cwqen oi( a)/nqrwpoi
deo/menoi, a)ll) u(po\ tw=n e)n au)tw=| legome/nwn tw=|
mu/qw| didasko/menoi to\ lanqa/non mw=sqai kai\ polupragmonei=n
u(f) h(gemo/si toi=s qeoi=s proqumhqei=en.
i)dou= ga\r e)/gwge pollw=n h)/kousa lego/ntwn a)/nqrwpon
me\n to\n *dio/nuson, e)pei/per e)k *seme/lhs e)ge/neto,
<milestone unit="orgpage" n="219b"/>qeo\n de\ dia\ qeourgi/as kai\ telestikh=s, w(/sper to\n 
despo/thn *(hrakle/a dia\ th=s basilikh=s a)reth=s ei)s
to\n *)/olumpon u(po\ tou= patro\s a)nh=xqai tou= *dio/s.
a)ll), w)= ta/n, ei)=pon, ou) cuni/ete tou= mu/qou fanerw=s
ai)nittome/nou. pou= ga\r h( ge/nesi/s e)stin w(/sper
*(hrakle/ous, ou(/tw dh\ kai\ *dionu/sou, e)/xousa me\n
to\ krei=tton kai\ u(pere/xon kai\ e)ch|rhme/non, e)n tw=|
metri/w| de\ o(/mws e)/ti th=s a)nqrwpi/nhs fu/sews
<milestone unit="orgpage" n="219c"/>me/nousa kai/ pws a)fomoioume/nh pro\s h(ma=s; *(hraklh=s 
de\ le/getai paidi/on gene/sqai kai\ kata\
mikro\n au)tw=| to\ sw=ma to\ qei=on e)pidou=nai, kai\
<pb id="v.2.p.110"/>
foith=sai didaska/lois i(sto/rhtai, kai\ strateu/sasqai
le/getai kai\ krath=sai pa/ntwn, kamei=n de\
o(/mws kata\ to\ sw=ma. kai/toi au)tw=| tau=ta me\n
u(ph=rce, meizo/nws de\ h)\ kat) a)/nqrwpon. o(/te ga\r e)n
toi=s sparga/nois a)popni/gwn tou\s dra/kontas kai\
pro\s au)ta\ paratatto/menos ta\ th=s fu/sews
<milestone unit="orgpage" n="219d"/>stoixei=a, qa/lph kai\ krumou/s, ei)=ta toi=s a)porwta/tois 
kai\ a)maxwta/tois, e)ndei/a| le/gw trofh=s kai\
e)rhmi/a|, kai\ th\n di) au)tou= porei/an oi)=mai tou=
pela/gous e)pi\ th=s xrush=s ku/likos, h(\n e)gw\ nomi/zw
ma\ tou\s qeou\s ou) ku/lika ei)=nai, badi/sai de\
au)to\n w(s e)pi\ chra=s th=s qala/tths neno/mika.
ti\ ga\r a)/poron h)=n *(hraklei=; ti/ d) ou)x u(ph/kousen
au)tou= tw=| qei/w| kai\ kaqarwta/tw| sw/mati, tw=n
legome/nwn tou/twn stoixei/wn douleuo/ntwn au)tou=
<milestone unit="orgpage" n="220a"/>th=| dhmiourgikh=| kai\ telesiourgw=| tou= a)xra/ntou 
kai\ kaqarou= nou= duna/mei; o(\n o( me/gas *zeu\s dia\
th=s *pronoi/as *)aqhna=s, e)pisth/sas au)tw=| fu/laka
th\n qeo\n tau/thn, o(/lhn e)c o(/lou proe/menos au(tou=,
tw=| ko/smw| swth=ra e)fu/teusen, ei)=t) e)panh/gage dia\
tou= kerauni/ou puro\s pro\s e(auto/n, u(po\ tw=| qei/w|
sunqh/mati th=s ai)qeri/as au)gh=s h(/kein par) e(auto\n
tw=| paidi\ keleu/sas. a)ll) u(pe\r me\n tou/twn e)moi/
te kai\ u(mi=n i(/lews *(hraklh=s ei)/h.
*ta\ de\ th=s *dionu/sou qruloume/nhs me\n gene/sews,
<milestone unit="orgpage" n="220b"/>ou)/shs de\ ou) gene/sews, a)lla\ daimoni/as e)kfa/nsews 
kata\ ti/ toi=s a)nqrwpikoi=s prose/oiken; h( mh/thr
<pb id="v.2.p.112"/>
au)to\n ku/ousa, fasi/n, u(po\ th=s *(/hras zhlotupou/shs
e)capathqei=sa to\n e)rasth\n e)celipa/rhsen
h(/kein, w(s para\ th\n gameth\n ei)/wqe foita=n, pro\s
e(auth/n: ei)=ta ou)k a)nasxo/menon to\ swma/tion tw=n
ktuphma/twn tou= *dio\s u(po\ tou= keraunou= katefle/geto.
pa/ntwn d) o(mou= puroume/nwn, *(ermh=|
keleu/sas o( *zeu\s a(rpa/sai to\n *dio/nuson kai\ temw\n
to\n au(tou= mhro\n e)rra/ptei: ei)=ta e)kei=qen, h(ni/ka
<milestone unit="orgpage" n="220c"/>e)telesforh/qh to\ bre/fos, w)di/nwn o( *zeu\s e)pi\ ta\s 
nu/mfas e)/rxetai: to\ *lu=qi r(a/mma de\ au(=tai tw=|
mhrw=| prosepa/|dousai to\n diqu/rambon h(mi=n ei)s
fw=s proh/gagon: ei)=ta e)ma/nh, fasi/n, o( qeo\s u(po\
th=s *(/hras, e)/pause d) au)tw=| th\n no/son h( *mh/thr
tw=n qew=n, o( de\ h)=n au)ti/ka qeo/s. ei(/ponto gou=n ou)
*li/xas au)tw=| kaqa/per *(hraklei= ou)de\ *)io/lews ou)de\
*telamw\n ou)d) *(/ulas ou)d) *)/abdhros, a)lla\ *sa/turoi
<milestone unit="orgpage" n="220d"/>kai\ *bakxai\ kai\ *pa=nes kai\ daimo/nwn stratia/. 
o(ra=|s o(/pws a)nqrwpikh\ me\n h( spora\ dia\ tw=n
kerauni/wn, h( d) a)poku/hsis a)nqrwpikwte/ra, a)mfoi=n
de\ toi=n ei)rhme/noin prosomoio/tera toi=s a)nqrwpi/nois
ta\ e)/rga; ti/ ou)=n ou) kataba/llontes to\n lh=ron
e)kei=no prw=ton u(pe\r tou/twn i)/smen, w(s *seme/lh
sofh\ ta\ qei=a; pai=s ga\r h)=n *ka/dmou tou= *foi/nikos,
tou/tois de\ kai\ o( qeo\s sofi/an marturei=
*polla\s kai\ *foi/nikes o(dou\s maka/rwn e)da/hsan
<milestone unit="orgpage" n="221a"/>le/gwn. ai)sqe/sqai ou)=n moi dokei= tou= qeou= tou/tou 
prw/th par) *(/ellhsi kai\ th\n e)some/nhn e)pifa/neian
<pb id="v.2.p.114"/>
au)tou= ou)k ei)s makra\n proagoreu/sasa kinh=sai
me\n qa=tton h)\ prosh=kon h)=n tina\ tw=n peri\ au)to\n
o)rgi/wn, ou)k a)nasxome/nh to\n ei(marme/non perimei=nai
xro/non, ei)=ta a)nalwqh=nai pro\s tou= puro\s tou=
r(ue/ntos e)p) au)th/n. e)pei\ de\ e)de/dokto tw=| *dii\
koinh=| pa=sin a)nqrw/pois e)ndou=nai a)rxh\n katasta/sews
e(te/ras kai\ metabalei=n au)tou\s e)k tou=
<milestone unit="orgpage" n="221b"/>nomadikou= bi/ou pro\s to\n h(merw/teron, e)c *)indw=n o( 
*dio/nusos au)/toptos e)fai/neto dai/mwn, e)pifoitw=n
ta\s po/leis, a)/gwn meq) e(autou= stratia\n pollh\n
daimoni/wn tinw=n kai\ didou\s a)nqrw/pois koinh=| me\n
a(/pasi su/mbolon th=s e)pifanei/as au)tou= to\ th=s
h(meri/dos futo/n, u(f) ou(= moi dokou=sin, e)chmerwqe/ntwn
au)toi=s tw=n peri\ to\n bi/on, *(/ellhnes th=s
e)pwnumi/as au)to\ tau/ths a)ciw=sai, mhte/ra d) au)tou=
proseipei=n th\n *seme/lhn dia\ th\n pro/rrhsin, a)/llws
<milestone unit="orgpage" n="221c"/>te kai\ tou= qeou= timw=ntos au)th/n, a(/te prw/thn i(ero/fantin 
th=s e)/ti mellou/shs e)pifoith/sews.
*ou)/shs de/, w(s a)/n tis a)kribw=s skopw=n e)ceta/seie,
th=s i(stori/as toiau/ths, oi( to\n *dio/nuson o(/stis pot)
e)sti\ qew=n zhtou=ntes ta)lhqe\s e)/xon w(s e)/fhn ei)s
mu=qon dieskeu/asan, ai)nitto/menoi th/n te ou)si/an
tou= qeou= kai\ th\n e)n toi=s nohtoi=s para\ tw=| patri\
ku/hsin kai\ to\n a)ge/nnhton au)tou= to/kon e)n tw=|
ko/smw|... e)n tw=| panti/, kai\ ta)=lla e)fech=s o(/sa
tou= zhtei=n h)=n a)/cia, fra/zein de/ g) ou) r(a/|dia e)moi/,
<pb id="v.2.p.116"/>
            <milestone unit="orgpage" n="221d"/>tuxo\n me\n kai\ dia\ to\ a)gnoei=n e)/ti peri\ au)tw=n to\ 
a)kribe/s, tuxo\n de\ kai\ ou)k e)qe/lonti to\n kru/fion
a(/ma kai\ fanero\n qeo\n w(/sper e)n qea/trw| proba/llein
a)koai=s a)neceta/stois kai\ dianoi/ais e)pi\ pa/nta
ma/llon h)\ to\ filosofei=n tetramme/nais.
*)all) u(pe\r me\n tou/twn i)/stw *dio/nusos au)to/s,
w(=| kai\ proseu/xomai ta/s te e)ma\s kai\ ta\s u(mete/ras
e)kbakxeu=sai fre/nas e)pi\ th\n a)lhqh= tw=n qew=n
gnw=sin, w(s a)\n mh\ polu\n a)ba/kxeutoi xro/non tw=|
<milestone unit="orgpage" n="222a"/>qew=| me/nontes o(po/sa o( *penqeu\s pa/qwmen, i)/sws 
me\n kai\ zw=ntes, pa/ntws de\ a)pallage/ntes tou=
sw/matos. o(/tw| ga\r a)\n mh\ to\ peplhqusme/non
th=s zwh=s u(po\ th=s e(noeidou=s kai\ e)n tw=| meristw=|
pantelw=s a)diaire/tou o(/lhs te e)n pa=sin a)migou=s
prou+parxou/shs ou)si/as tou= *dionu/sou telesiourghqh=|
dia\ th=s peri\ to\n qeo\n e)nqe/ou bakxei/as,
tou/tw| ki/ndunos e)pi\ polla\ r(uh=nai th\n zwh/n,
r(uei=san de\ diespa/sqai kai\ diaspasqei=san oi)/xesqai:
<milestone unit="orgpage" n="222b"/>to\ de\ r(uei=san kai\ diaspasqei=san mh\ prose/xwn 
tis toi=s r(h/masin u(da/tion mhde\ li/nou
mh/rinqon a)kroa/sqw, cunie/tw de\ ta\ lego/mena
tro/pon a)/llon, o(\n *pla/twn, o(\n *plwti=nos, o(\n
*porfu/rios, o(\n o( daimo/nios *)ia/mblixos. o(\s d)
a)\n mh\ tau/th| poih=|, gela/setai me/n, i)/stw me/ntoi
<pb id="v.2.p.118"/>
*sardw/nion gelw=n e)/rhmos w)\n a)ei\ th=s tw=n qew=n
gnw/sews, h(=s a)nta/cion ou)de\ to\ pa=san o(mou= meta\
<milestone unit="orgpage" n="222c"/>th=s tw=n *(rwmai/wn e)pitropeu=sai th\n barba/rwn 
e)/gwge qei/mhn a)/n, ou) ma\ to\n e)mo\n despo/thn *(/hlion.
a)lla/ me pa/lin ou)k oi)=d) o(/stis qew=n e)pi\ tau=t)
e)ba/kxeusen ou) proelo/menon.
*ou(= de\ e(/neken e)/fhn au)ta/: kata\ me\n th\n dia/noian
a)pemfai/nontes o(/tan oi( mu=qoi gi/gnwntai peri\ tw=n
qei/wn, au)to/qen h(mi=n w(/sper bow=si kai\ diamartu/rontai
mh\ pisteu/ein a(plw=s, a)lla\ to\ lelhqo\s
skopei=n kai\ diereuna=sqai. tosou/tw| d) e)sti\
krei=tton e)n tou/tois tou= semnou= to\ a)pemfai=non,
o(/sw| dia\ me\n e)kei/nou kalou\s li/an kai\ mega/lous
<milestone unit="orgpage" n="222d"/>kai\ a)gaqou/s, a)nqrw/pous de\ o(/mws tou\s qeou\s 
ki/ndunos nomi/sai, dia\ de\ tw=n a)pemfaino/ntwn
u(perido/ntas tw=n e)n tw=| fanerw=| legome/nwn e)pi\ th\n
e)ch|rhme/nhn au)tw=n ou)si/an kai\ u(pere/xousan pa/nta
ta\ o)/nta kaqara\n no/hsin e)lpi\s a)nadramei=n.
<milestone unit="orgpage" n="223a"/>*ai)/tiai me\n ou)=n au(=tai tou= th\n telestikh\n kai\ 
mustagwgo\n filosofi/an ta\ me\n r(h/mata panto\s
ma=llon eu)agh= kai\ semna\ profe/resqai, kata\ de\
th\n dia/noian a)lloiote/ran poiei=sqai th\n e)ch/ghsin
tw=n toiou/twn. o( de\ th=s tw=n h)qw=n e)panorqw/sews
e(/neka tou\s lo/gous pla/ttwn kai\ mu/qous para/gwn
dra/tw tou=to mh\ pro\s a)/ndras, a)lla\ pro\s pai=das
<pb id="v.2.p.120"/>
h)/toi kaq) h(liki/an h)\ tw=| fronei=n, pa/ntws de\ tw=n
lo/gwn tou/twn deome/nous. ei) me\n ou)=n h(mei=s soi
<milestone unit="orgpage" n="223b"/>pai=des e)fa/nhmen ei)/te e)gw\ ei)/te *)anato/lios ou(tosi/, 
sugkatari/qmei de\ tou/tw| kai\ to\n *memmo/rion kai\
to\n *salou/stion, pro\s tou/tois de/, ei) bou/lei, kai\
tou\s a)/llous e(ch=s, *)antiku/ras soi dei=: ti/ ga\r a)\n
a)kki/zoito/ tis; e)pei\ pro\s tw=n qew=n kai\ pro\s au)tou=
tou= mu/qou, ma=llon de\ tou= koinh=| pa/ntwn basile/ws
*(hli/ou, ti/ soi me/ga h)\ mikro\n pepoi/htai e)/rgon;
ti/ni pare/sths a)gwnizome/nw| meta\ tou\ dikai/ou; ti/na
<milestone unit="orgpage" n="223c"/>e)qera/peusas penqou=nta, tw=| lo/gw| dida/cas, o(/ti 
mh\ kako\n o( qa/natos mh/te tw=| paqo/nti mh/te toi=s
oi)kei/ois au)tou=; ti/s d) ai)tia/setai/ se th=s e(autou=
meiraki/skos swfrosu/nhs, o(/ti pepoi/hkas au)to\n
e)c a)sw/tou sw/frona kai\ kalo\n ou) to\ sw=ma mo/non,
a)lla\ polu\ ma=llon th\n yuxh\n fai/nesqai; ti/na
de\ a)/skhsin e)poih/sw tou= bi/ou; ti/ de/ soi a)/cion
th=s *dioge/nous bakthri/as h)\ nai\ ma\ *di/a th=s
parrhsi/as pepoi/htai; e)/rgon oi)/ei me/ga bakthri/an
<milestone unit="orgpage" n="223d"/>labei=n h)\ tri/xas a)nei=nai, kai\ perinostei=n ta\s 
po/leis kai\ ta\ strato/peda, kai\ toi=s me\n belti/stois
loidorei=sqai, tou\s de\ xeiri/stous qerapeu/ein;
ei)pe\ pro\s tou= *dio\s kai\ pro\s toutwni\ tw=n a)krowme/nwn,
oi(\ di) u(ma=s th\n filosofi/an e)ktre/pontai,
a)nq) o(/tou pro\s me\n to\n makari/thn *kwnsta/ntion
ei)s *)itali/an h)=lqes, ou)ke/ti me/ntoi kai\ me/xri tw=n
*galliw=n; kai/toi poreuqei\s pro\s h(ma=s, ei) mhde\n
a)/llo, cunei=nai gou=n sou th=s fwnh=s ma=llon
<pb id="v.2.p.122"/>
            <milestone unit="orgpage" n="224a"/>duname/nw| plhsia/zein e)/melles a)nqrw/pw|. ti/ de\ 
kai\ to\ perifoita=n pantaxou= kai\ pare/xein pra/gmata
tai=s h(mio/nois; a)kou/w de\ e)/gwge kai\ toi=s
ta\s h(mio/nous e)lau/nousin, oi(\ ma=llon u(ma=s h)\ tou\s
stratiw/tas pefri/kasi: xrh=sqai ga\r au)toi=s toi=s
cu/lois a)kou/w tina\s u(mw=n xalepw/teron h)\ toi=s
ci/fesin e)kei=noi. gi/gnesqe ou)=n au)toi=s ei)ko/tws
foberw/teroi. pa/lai me\n ou)=n u(mi=n e)qe/mhn e)gw\
<milestone unit="orgpage" n="224b"/>tou=to to\ o)/noma, nuni\ de\ au)to\ e)/oika kai\ gra/yein. 
a)potaktista/s tinas o)noma/zousin oi( dussebei=s
*galilai=oi: tou/twn oi( plei/ous mikra\ proe/menoi
polla\ pa/nu, ma=llon de\ ta\ pa/nta pantaxo/qen
cugkomi/zousi, kai\ prosktw=ntai to\ tima=sqai
kai\ doruforei=sqai kai\ qerapeu/esqai. toiou=to/n
ti kai\ to\ u(me/teron e)/rgon e)sti/, plh\n i)/sws tou=
xrhmati/zesqai. tou=to de\ ou) par) u(ma=s gi/gnetai,
par) h(ma=s de/: sunetw/teroi ga/r e)smen tw=n a)noh/twn
e)kei/nwn: i)/sws de\ kai\ dia\ to\ mhde\n u(mi=n ei)=nai pro/sxhma
<milestone unit="orgpage" n="224c"/>tou= forologei=n eu)prosw/pws, o(poi=on 
e)kei/nois, h(\n le/gousin ou)k oi)=d) o(/pws e)lehmosu/nhn,
ta\ d) a)/lla ge pa/nta e)sti\n u(mi=n te ka)kei/nois
paraplh/sia. kataleloi/pate th\n patri/da w(/sper
e)kei=noi, perifoita=te pa/nth kai\ to\ strato/pedon
diwxlh/sate ma=llon e)kei/nwn kai\ i)tamw/teron:
oi( me\n ga\r kalou/menoi, u(mei=s de\ kai\
a)pelauno/menoi. kai\ ti/ xrhsto\n e)k tou/twn u(mi=n
<milestone unit="orgpage" n="224d"/>e)ge/neto, ma=llon de\ kai\ h(mi=n toi=s a)/llois; a)nh=lqen 
o( *)asklhpia/dhs, ei)=ta o( *serhniano/s, ei)=ta o(
*xu/trwn, ei)=ta ou)k oi)=da paida/rion o(/, ti canqo\n kai\
eu)/mhkes, ei)=ta su/, kai\ meq) u(mw=n a)/lloi di\s tosou=toi.
<pb id="v.2.p.124"/>
ti/ ou)=n e)k th=s u(mete/ras a)no/dou ge/gonen a)gaqo/n,
w)= lw=|stoi; ti/s h)/|sqeto po/lis h)\ ti/s i)diw/ths th=s
u(mete/ras parrhsi/as; ou)k a)fro/nws me\n to\ e)c
a)rxh=s ei(/lesqe th\n e)pi\ to\n ou)de\ i)dei=n u(ma=s qe/lonta
basile/a porei/an, a)nelqo/ntes de\ a)frone/steron
au)th=| kai\ a)maqe/steron kai\ maniwde/steron e)xrh/sasqe,
kolakeu/santes a(/ma kai\ u(lakth/santes kai\
<milestone unit="orgpage" n="225a"/>bibli/a do/ntes kai\ tau=ta prosaxqh=nai prosliparh/santes; 
ou)de/na u(mw=n oi)=mai e)gw\ tosauta/kis
ei)s filoso/fou foith=sai, o(sa/kis ei)s
a)ntigrafe/ws, w(/ste u(mi=n *)akadh/meia kai\ *lu/keion
a)nti\ th=s *poiki/lhs te h)=n tw=n basilei/wn ta\ pro/qura.
*ou)k a)pa/cete tau=ta; ou) katabalei=te nu=n
gou=n, ei) kai\ mh\ pro/teron, o(/te u(mi=n ou)de/n e)sti
ple/on a)po\ th=s ko/mhs kai\ th=s bakthri/as; pw=s de\
kai\ ge/gonen u(f) u(mw=n eu)katafro/nhtos h( filosofi/a;
<milestone unit="orgpage" n="225b"/>tw=n r(htorikw=n oi( dusmaqe/statoi kai\ ou)d) 
u(p) au)tou= tou= basile/ws *(ermou= th\n glw=ttan
e)kkaqarqh=nai duna/menoi, frenwqh=nai de\ ou)de\
pro\s au)th=s th=s *)aqhna=s su\n tw=| *(ermh=|, tou=to e)k
th=s a)gorai/ou kai\ peritrexou/shs a(rpa/santes
e)ntrexei/as: ou)de\ ga\r e)n paroimi/a| perifero/menon
au)to\ gignw/skousi to\ o(/ti bo/trus pro\s bo/trun
pepai/netai: o(rmw=sin e)pi\ to\n *kunismo/n: bakthri/a,
<milestone unit="orgpage" n="225c"/>tri/bwn, ko/mh, to\ e)nteu=qen a)maqi/a, qra/sos, 
i)tamo/ths kai\ pa/nta a(plw=s ta\ toiau=ta. th\n
su/ntomon, fasi/n, o(do\n kai\ su/ntonon e)pi\ th\n
<pb id="v.2.p.126"/>
a)reth\n i)e/nai o)/felon kai\ u(mei=s th\n makra\n e)poreu/esqe:
r(a=|on a)\n di) e)kei/nhs h)\ dia\ tau/ths h)/lqete.
ou)k i)/ste, o(/ti mega/las e)/xousin ai( su/ntomoi ta\s
xalepo/thtas; kai\ w(/sper e)n tai=s lewfo/rois o( me\n
th\n su/ntomon e)lqei=n dunhqei\s r(a=|on e)kperi/eisi th\n
ku/klw|, ou)ke/ti me/ntoi to\ a)na/palin o( ku/klw| poreuqei\s
<milestone unit="orgpage" n="225d"/>e)/lqoi a)\n pa/ntws kai\ th\n e)pi/tomon, ou(/tw dh\ 
kai\ e)n th=| filosofi/a| te/los te/ e)sti kai\ a)rxh\ mi/a
gnw=nai/ te e(auto\n kai\ a)fomoiwqh=nai toi=s qeoi=s:
a)rxh\ me\n ou)=n e(auto\n gnw=nai, te/los de\ h( pro\s tou\s
krei/ttonas o(moio/ths.
*(/ostis ou)=n *kuniko\s ei)=nai e)qe/lei, pa/ntwn u(peridw\n
tw=n nomisma/twn kai\ tw=n a)nqrwpi/nwn
docw=n, ei)s e(auto\n kai\ to\n qeo\n e)pe/straptai
pro/teron. e)kei/nw| to\ xrusi/on ou)k e)/sti xrusi/on,
ou)x h( ya/mmos ya/mmos, ei) pro\s a)moibh/n tis
au)ta\ e)ceta/zoi kai\ th=s a)ci/as au)tw=n e)pitre/yeien
<milestone unit="orgpage" n="226a"/>au)tw=| timhth=| gene/sqai: gh=n ga\r au)ta\ oi)=den 
a)mfo/tera. to\ spaniw/teron de\ kai\ to\ r(a=|on a)nqrw/pwn
ei)=nai kenodoci/as tau=ta kai\ a)maqi/as neno/miken
e)/rga: to\ ai)sxro\n h)\ kalo\n ou)k e)n toi=s
e)painoume/nois h)\ yegome/nois ti/qetai, a)ll) e)n th=|
fu/sei: feu/gei ta\s peritta\s trofa/s: a)postre/fetai
de\ ta\ a)frodi/sia. biazome/nou de\ tou=
sw/matos, ou) do/ch| proste/thken ou)de\ perime/nei to\n
ma/geiron kai\ ta\ u(potri/mmata kai\ th\n kni/ssan,
ou)de\ th\n *fru/nhn ou)de\ th\n *lai+/da ou)de\ th\n tou=
<milestone unit="orgpage" n="226b"/>dei=nos perible/petai gameth\n ou)de\ to\ quga/trion 
ou)de\ th\n qera/painan: a)ll) w(s e)/ni ma/lista e)k tw=n
<pb id="v.2.p.128"/>
prostuxo/ntwn a)poplh/sas th\n qerapei/an tou=
sw/matos kai\ to\ e)noxlou=n e)c au)tou= parwsa/menos,
a)/nwqen e)k th=s *)olu/mpou korufh=s e)pible/pei tou\s a)/llous
*)/aths e)n leimw=ni kata\ sko/ton h)la/skontas,
u(pe\r o)li/gwn panta/pasin a)polau/sewn u(pome/nontas
o(/sa ou)de\ para\ to\n *kwkuto\n kai\ to\n *)axe/ronta
qrulou=sin oi( komyo/teroi tw=n poihtw=n. h( su/ntomos
<milestone unit="orgpage" n="226c"/>o(do/s e)stin au(/th. dei= ga\r au)to\n a)qro/ws 
e)ksth=nai e(autou= kai\ gnw=nai, o(/ti qei=o/s e)sti, kai\
to\n nou=n me\n to\n e(autou= a)tru/tws kai\ a)metakinh/tws
sune/xein e)n toi=s qei/ois kai\ a)xra/ntois kai\
kaqaroi=s noh/masin, o)ligwrei=n de\ pa/nth tou=
sw/matos kai\ nomi/zein au)to\ kata\ to\n *(hra/kleiton
kopri/wn e)kblhto/teron, e)k tou= r(a/|stou de\ au(tw=|
ta\s qerapei/as a)poplhrou=n, e(/ws a)\n o( qeo\s w(/sper
o)rga/nw| tw=| sw/mati xrh=sqai e)pita/tth|.
*tau=ta me\n ou)=n w(s fasi\ tau/th|. e)pana/cw de\
o(/qen e)ce/bhn. e)peidh\ ga\r tou\s mu/qous prosh/kei
<milestone unit="orgpage" n="226d"/>pro\s pai=das h)/toi tw=| fronei=n, ka)\n a)/ndres w)=sin, h)\ 
kai\ toi=s kaq) h(liki/an paidari/ois a)pagge/llein,
e)cetaste/on o(/pws mh/te ei)s qeou\s mh/te ei)s a)nqrw/pous
plhmmele\s h)/, kaqa/per e)/nagxos, dussebe/s ti
r(hqei/h: kai\ prose/ti tou=to e)n a(/pasin a)kribw=s
basaniste/on, ei) piqano/s, ei) toi=s pra/gmasi prosfuh/s,
ei) mu=qo/s e)stin a)lhqw=s o( platto/menos. e)pei\
to/ ge nu=n u(po\ sou= pepoihme/non ou) mu=qo/s e)sti so/s:
kai/toi tou=to/ ge e)neanieu/sw: a)ll) o( me\n mu=qos
<pb id="v.2.p.130"/>
            <milestone unit="orgpage" n="227a"/>e)sti palaio/s, e)fh/rmosas de\ au)to\n su\ pra/gmasin 
e(te/rois, o(/per oi)=mai poiei=n ei)w/qasin oi( th=| tropikh=|
xrw/menoi tw=n nohma/twn kataskeuh=|: polu\s de\ e)n
tou/tois o( *pa/rio/s e)sti poihth/s. e)/oikas ou)=n ou)de\
pepoihkw\s mu=qon, w)= cunetw/tate, ma/thn neanieu/esqai:
kai/toi tou=to ti/tqhs e)/rgon e)sti\n eu)trape/lou.
*plouta/rxou de\ ei) ta\ muqika\ dihgh/mata
tw=n sw=n ei)/sw xeirw=n a)fi=kto, ou)/pot) a)\n e)lelh/qei
se, ti/ni diafe/rei pla/sai te e)c a)rxh=s mu=qon kai\
<milestone unit="orgpage" n="227b"/>to\n kei/menon e)farmo/sai pra/gmasin oi)kei/ois. a)ll) 
i(/na mh/ se th\n su/ntomon o(deu/onta bi/blois e)mbalw\n
makrai=s kai\ duseli/ktois e)pi/sxw mikra\ kai\
pedh/sw: su\ de\ ou)de\ to\n *dhmosqe/nous a)kh/koas
mu=qon, o(\n e)poi/hsen o( *paianieu\s pro\s tou\s *)aqhnai/ous,
h(ni/ka o( *makedw\n e)ch/|tei tou\s *)aqhnai/ous
r(h/toras. e)xrh=n ou)=n ti toiou=to pla/sai: h)\ pro\s
tw=n qew=n e)/rgon h)=n ei)pei=n muqa/rio/n ti toiou=ton;
a)nagka/seis de/ me kai\ muqopoio\n gene/sqai.
<milestone unit="orgpage" n="227c"/>*plousi/w| a)ndri\ pro/bata h)=n polla\ kai\ a)ge/lai 
bow=n kai\ ai)po/lia plate/) ai)gw=n, i(/ppoi de\ au)tw=|
polla/kis muri/ai e(/los ka/ta boukole/onto, kai\
poime/nes dou=loi/ te kai\ e)leu/qeroi misqwtoi/, kai\
bouko/loi bow=n kai\ ai)gw=n ai)po/loi kai\ i(ppoforboi\
tw=n i(/ppwn, kai\ plei=sta kth/mata. tou/twn de\
au)tw=| polla\ me\n o( path\r a)peleloi/pei, pollapla/sia
de\ au)to\s e)pekth/sato, ploutei=n qe/lwn
<pb id="v.2.p.132"/>
e)n di/kh| te kai\ para\ di/khn: e)/mele ga\r au)tw=| tw=n
<milestone unit="orgpage" n="227d"/>qew=n o)li/gon. e)ge/nonto de\ au)tw=| gunai=kes pollai\ 
kai\ ui(ei=s e)c au)tw=n kai\ qugate/res, oi(=s e)kei=nos
dianei/mas th\n ou)si/an e)/peita e)teleu/thsen, ou)de\n
au)tou\s oi)konomi/as pe/ri dida/cas, ou)d) o(/pws a)/n tis
du/naito ta\ toiau=ta kta=sqai mh\ paro/nta h)\ paro/nta
diafula/ttein. w)/|eto ga\r u(po\ a)maqi/as
a)rkei=n to\ plh=qos, e)pei\ kai\ au)to\s h)=n ou) ma/la
e)pisth/mwn th=s toiau/ths te/xnhs, a(/te mh\ lo/gw|
proseilhfw\s au)th/n, a)lla\ sunhqei/a| tini\ kai\
<milestone unit="orgpage" n="228a"/>pei/ra| ma=llon, w(/sper oi( fau=loi tw=n i)atrw=n e)k 
th=s e)mpeiri/as mo/non i)w/menoi tou\s a)nqrw/pous, o(/qen
kai\ diafeu/gei ta\ polla\ tw=n noshma/twn au)tou/s.
a)rkei=n ou)=n nomi/sas to\ plh=qos tw=n ui(e/wn pro\s to\
fula/cai th\n ou)si/an ou)de\n e)fro/ntisen o(/pws
e)/sontai spoudai=oi. to\ de\ a)/ra au)toi=s h)=rce prw=ton
me\n tw=n ei)s a)llh/lous a)dikhma/twn. e)piqumw=n
ga\r e(/kastos w(/sper o( path\r polla\ e)/xein kai\
<milestone unit="orgpage" n="228b"/>mo/nos pa/nta e)pi\ to\n pe/las e)tra/peto. te/ws me\n 
ou)=n tou=to e)pra/tteto. prosape/lauon de\ kai\ oi(
cuggenei=s, ou)d) au)toi\ paideuqe/ntes kalw=s, th=s
tw=n pai/dwn a)noi/as te kai\ a)maqi/as. ei)=ta e)pi/mplato
fo/nwn pa/nta, kai\ h( tragikh\ kata/ra u(po\
tou= dai/monos ei)s e)/rgon h)/geto: ta\ patrw=|a ga\r
qhktw=| sidh/rw| diela/gxanon, kai\ h)=n pa/nta a)kosmi/as
plh/rh: patrw=|a me\n i(era\ kateska/pteto para\ tw=n
pai/dwn o)ligwrhqe/nta pro/teron u(po\ tou= patro\s
<milestone unit="orgpage" n="228c"/>kai\ a)posulhqe/nta tw=n a)naqhma/twn, a(\ e)te/qeito 
<pb id="v.2.p.134"/>
para\ pollw=n me\n kai\ a)/llwn, ou)x h(/kista de\ tw=n
propato/rwn au)tou=. kaqairoume/nwn de\ tw=n i(erw=n
a)nw|kodomei=to palaia\ kai\ ne/a mnh/mata, proagoreu/ontos
au)toi=s tou= au)toma/tou kai\ th=s tu/xhs, o(/ti
a)/ra pollw=n au)toi=s deh/sei mnhma/twn ou)k ei)s
makra/n, e)peidh/per au)toi=s o)li/gon e)/mele tw=n qew=n.
*pa/ntwn ou)=n o(mou= furome/nwn kai\ cunteloume/nwn
ga/mwn te ou) ga/mwn kai\ bebhloume/nwn o(mou= toi=s
<milestone unit="orgpage" n="228d"/>qei/ois tw=n a)nqrwpi/nwn, to\n *di/a e)/leos u(ph=lqen: 
ei)=ta a)pidw\n pro\s to\n *(/hlion: w)= pai=, ei)=pen,
ou)ranou= kai\ gh=s a)rxaio/teron e)n qeoi=s bla/sthma,
mnhsikakei=n e)/ti dianoh=| th=s u(peroyi/as a)ndri\
au)qa/dei kai\ tolmhrw=|, o(/s se a)polipw\n au(tw=| te kai\
ge/nei ai)/tios e)ge/neto tw=n thlikou/twn paqhma/twn;
<milestone unit="orgpage" n="229a"/>h)\ nomi/zeis, o(/ti mh\ xalepai/neis au)tw=| mhd) a)ganaktei=s 
mhd) e)pi\ to\ ge/nos au)tou= tou\s oi)stou\s qh/geis,
e)/latton ei)=nai tau/ths ai)/tios au)tw=| th=s cumfora=s,
e)/rhmon au)tou= th\n oi)ki/an a)fei/s; a)ll), e)/fh, kalw=men
ta\s *moi/ras, ei)/ ph| bohqhte/os o( a)nh/r e)stin. ai(
de\ u(ph/kousan au)ti/ka tw=| *dii/. kai\ o( me\n *(/hlios,
w(/sper e)nnow=n ti kai\ logizo/menos au)to\s e)n e(autw=|,
prosei=xen ei)s to\n *di/a ph/cas ta\ o)/mmata. tw=n
*moirw=n de\ h( presbuta/th: *kwlu/eton, e)/fh, w)=
pa/ter, h( *(osio/ths cu\n th=| *di/kh|. so\n ou)=n e)/rgon
<milestone unit="orgpage" n="229b"/>e)sti/n, e)pei/per h(ma=s e)ke/leusas u(peikaqei=n au)tai=s, 
pei=sai kai\ e)kei/nas. a)ll) e)mai\ ga/r ei)sin, e)/fh,
qugate/res, kai\ a)/cion dh\ e)re/sqai au)ta/s: ti/ toi/nun,
<pb id="v.2.p.136"/>
w)= potni/a, fato/n; a)lla\ tou/tou me/n, ei)pe/thn, w)=
pa/ter, au)to\s ei)= ku/rios. sko/pei de\ o(/pws e)n a)nqrw/pois
o( ponhro\s ou(tosi\ th=s a)nosiourgi/as zh=los mh\
panta/pasin e)pikrath/sei. pro\s a)mfo/tera, ei)=pen,
e)gw\ ske/yomai. kai\ ai( *moi=rai plhsi/on parou=sai
<milestone unit="orgpage" n="229c"/>pa/nta e)pe/klwqon, w(s o( path\r e)bou/leto. 
*le/gein de\ o( *zeu\s a)/rxetai pro\s to\n *(/hlion: touti\
to\ paidi/on, e)/fh: cuggene\s de\ h)=n au)tw=n a)/ra parerrimme/non
pou kai\ a)melou/menon, a)delfidou=s e)kei/nou
tou= plousi/ou kai\ a)neyio\s tw=n klhrono/mwn: tou=to,
e)/fh, so/n e)stin e)/kgonon. o)/moson ou)=n to\ e)mo/n te
kai\ to\ so\n skh=ptron, h)= mh\n e)pimelh/sesqai diafero/ntws
au)tou= kai\ poimanei=n au)to\ kai\ qerapeu/sein
<milestone unit="orgpage" n="229d"/>th=s no/sou. o(ra=|s ga\r o(/pws oi(=on u(po\ 
kapnou= r(u/pou te a)nape/plhstai kai\ lignu/os,
ki/nduno/s te to\ u(po\ sou= spare\n e)n au)tw=| pu=r a)posbh=nai,
h)\n mh\ su/ ge du/seai a)lkh/n. soi\ de\ e)gw/ te
cugxwrw= kai\ ai( *moi=rai: ko/mize ou)=n au)to\ kai\
tre/fe. tau=ta a)kou/sas o( basileu\s *(/hlios hu)fra/nqh
te h(sqei\s tw=| bre/fei, swzo/menon e)/ti kaqorw=n
e)n au)tw=| spinqh=ra mikro\n e)c e(autou=, kai\ to\
e)nteu=qen e)/trefen e)kei=no to\ paidi/on, e)cagagw\n
e)/k q) ai(/matos e)/k te kudoimou=
<milestone unit="orgpage" n="230a"/>*)/ek t) a)ndroktasi/hs. 
o( path\r de\ o( *zeu\s e)ke/leuse kai\ th\n *)aqhna=n th\n
a)mh/tora, th\n parqe/non a(/ma tw=| *(hli/w| to\ paida/rion
e)ktre/fein. e)pei\ de\ e)tra/fh kai\ neani/as e)ge/neto
*prw=ton u(phnh/ths, tou=per xariesta/th h(/bh,
<pb id="v.2.p.138"/>
katanoh/sas tw=n kakw=n to\ plh=qos, o(po/son ti peri\
tou\s cuggenei=s au)tou= kai\ tou\s a)neyiou\s e)gego/nei,
e)de/hse me\n au(to\n ei)s to\n ta/rtaron proe/sqai pro\s
<milestone unit="orgpage" n="230b"/>to\ me/geqos tw=n kakw=n e)kplagei/s. e)pei\ de\ *(/hlios 
eu)menh\s w)\n meta\ th=s *pronoi/as *)aqhna=s u(/pnon tina\
kai\ ka/ron e)mbalw\n th=s e)pinoi/as tau/ths a)ph/gagen,
au)=qis a)negerqei\s a)/peisin ei)s e)rhmi/an. ei)=ta e)kei=
li/qon tina\ eu(rw\n mikro\n a)nepau/sato kai\ pro\s
au(to\n e)sko/pei, ti/na tro/pon e)kfeu/cetai tw=n tosou/twn
kakw=n to\ me/geqos: h)/dh ga\r au)tw=| pa/nta
<milestone unit="orgpage" n="230c"/>e)fai/neto moxqhra/, kalo\n de\ ou)de\n ou)damou= te/ws. 
*(ermh=s ou)=n au)tw=|: kai\ ga\r ei)=xen oi)kei/ws pro\s
au)to/n: w(/sper h(likiw/ths neani/skos fanei\s h)spa/sato/
te filofro/nws kai/, *deu=ro, ei)=pen, h(gemw/n soi
e)gw\ e)/somai leiote/ras kai\ o(maleste/ras o(dou=
touti\ to\ mikro\n u(perba/nti to\ skolio\n kai\ a)po/tomon
xwri/on, ou(= pa/ntas o(ra=s prosptai/ontas kai\
a)pio/ntas e)nteu=qen o)pi/sw. kai\ o( neani/skos a)piw\n
w)/|xeto meta\ pollh=s eu)labei/as e)/xwn par) e(autw=|
ci/fos te kai\ a)spi/da kai\ do/ru, gumna\ de\ au)tw=|
<milestone unit="orgpage" n="230d"/>te/ws h)=n ta\ peri\ th\n kefalh/n. pepoiqw\s ou)=n au)tw=| 
proh=gen ei)s to\ pro/sw dia\ lei/as o(dou= kai\ a)qru/ptou
kaqara=s te pa/nu kai\ karpoi=s briqou/shs a)/nqesi/
te polloi=s kai\ a)gaqoi=s, o(/sa e)sti\ qeoi=s fi/la, kai\
de/ndresi kittou= kai\ da/fnhs kai\ murri/nhs. a)gagw\n
de\ au)to\n e)pi/ ti me/ga kai\ u(yhlo\n o)/ros, *)epi\
tou/tou, e)/fh, th=s korufh=s o( path\r pa/ntwn
ka/qhtai tw=n qew=n. o(/ra ou)=n: e)ntau=qa/ e)stin o(
me/gas ki/ndunos: o(/pws au)to\n w(s eu)age/stata
proskunh/seis, ai)th/sh| de\ par) au)tou= o(/, ti a)\n
<pb id="v.2.p.140"/>
            <milestone unit="orgpage" n="231a"/>e)qe/lh|s: e(/loio de/, w)= pai=, ta\ be/ltista. tau=ta 
ei)pw\n a)pe/kruyen e(auto\n *(ermh=s pa/lin. o( de\
e)bou/leto me\n para\ tou= *(ermou= puqe/sqai, ti/ pote
ai)th/sasqai xrh\ para\ tou= patro\s tw=n qew=n, w(s
de\ plhsi/on o)/nta ou) katei=den, *)endeh\s me/n, e)/fh,
kalh\ de\ o(/mws h( cumboulh/. ai)tw/meqa ou)=n a)gaqh=|
tu/xh| ta\ kra/tista kai/per ou)/pw safw=s to\n pate/ra
tw=n qew=n o(rw=ntes. *)=w *zeu= pa/ter h)\ o(/, ti soi fi/lon
o)/noma kai\ o(/pws o)noma/zesqai: dei/knue/ moi th\n e)pi\
<milestone unit="orgpage" n="231b"/>se\ fe/rousan o(do\n a)/nw. krei/ttona ga/r moi ta\ e)kei= 
fai/netai xwri/a para\ se\ manteuome/nw| to\ para\
soi\ ka/llos a)po\ th=s e)n tou/tois o(/qen peporeu/meqa te/ws a)glai+/as.
*eu)came/nw| tau=ta ei)/te u(/pnos tis ei)/te e)/kstasis
e)ph=lqen. o( de\ au)tw=| dei/knusin au)to\n to\n *(/hlion.
e)kplagei\s ou)=n o( neani/skos u(po\ th=s qe/as, *)alla\
soi\ me/n, ei)=pen, w)= qew=n pa/ter, tw=n te a)/llwn kai\
<milestone unit="orgpage" n="231c"/>tou/twn e(/neka pa/ntwn e)mauto\n fe/rwn a)naqh/sw. 
peribalw\n de\ toi=s go/nasi tou= *(hli/ou ta\s xei=ras
a)pri\c ei)/xeto sw/zein e(auto\n deo/menos. o( de\ kale/sas
th\n *)aqhna=n e)ke/leue prw=ton a)nakri/nein au)to/n,
o(po/sa e)ko/misen o(/pla. e)pei\ de\ e(w/ra th/n te a)spi/da
kai\ to\ ci/fos meta\ tou= do/ratos, *)alla\ pou= soi,
e)/fh, w)= pai=, to\ *gorgo/neion kai\ to\ kra/nos; o( de/,
*kai\ tau=ta, ei)=pe, mo/gis e)kthsa/mhn: ou)dei\s ga\r h)=n
o( cumponw=n e)n th=| tw=n suggenw=n oi)ki/a| parerrimme/nw|.
*)/isqi ou)=n, ei)=pen o( me/gas *(/hlios, o(/ti se
<milestone unit="orgpage" n="231d"/>pa/ntws xrh\ e)panelqei=n e)kei=se. e)ntau=qa e)dei=to 
<pb id="v.2.p.142"/>
mh\ pe/mpein au)to\n e)kei=se pa/lin, a)lla\ kate/xein,
w(s ou)ke/q) u(/steron e)panh/conta, a)polou/menon de\
u(po\ tw=n e)kei= kakw=n. w(s de\ e)lipa/rei dakru/wn,
*)alla\ ne/os ei)=, e)/fh, kai\ a)mu/htos. i)/qi ou)=n par)
u(ma=s, w(s a)\n muhqei/hs a)sfalw=s te e)kei= dia/gois:
xrh\ ga/r s) a)pie/nai kai\ kaqai/rein e)kei=na pa/nta ta\
a)sebh/mata, parakalei=n de\ e)me/ te kai\ th\n *)aqhna=n
<milestone unit="orgpage" n="232a"/>kai\ tou\s a)/llous qeou/s. a)kou/sas tau=ta o( neani/skos 
ei(sth/kei siwph=|. kai\ o( me/gas *(/hlios e)pi/
tina skopia\n a)gagw\n au)to/n, h(=s to\ me\n a)/nw fwto\s
h)=n plh=res, to\ de\ u(poka/tw muri/as a)xlu/os, di) h(=s
w(/sper di) u(/datos a)mudro\n to\ fw=s diiknei=to th=s e)k
tou= basile/ws au)gh=s *(hli/ou, *(ora=|s, ei)=pe, to\n
a)neyio\n to\n klhrono/mon; kai\ o(/s, *(orw=, e)/fh. *ti/
de/; tou\s bouko/lous toutousi\ kai\ tou\s poime/nas;
<milestone unit="orgpage" n="232b"/>kai\ tou/tous o(ra=n ei)=pen o( neani/skos. *potapo\s ou)=n 
ti/s soi o( klhrono/mos fai/netai; potapoi\ d) au)= oi(
poime/nes te kai\ bouko/loi; kai\ o( neani/skos, *(o me/n
moi, e)/fh, dokei= nusta/zein ta\ polla\ kai\ kataduo/menos
lelhqo/tws h(dupaqei=n, tw=n poime/nwn de\
o)li/gon me/n e)sti to\ a)stei=on, to\ plh=qos de\
moxqhro\n kai\ qhriw=des. e)sqi/ei ga\r kai\ pipra/skei
ta\ pro/bata kai\ a)dikei= diplh=| to\n despo/thn. ta/
te ga\r poi/mnia au)tou= fqei/rei kai\ e)k pollw=n
<milestone unit="orgpage" n="232c"/>mikra\ a)pofe/ron a)/misqon ei)=nai/ fhsi kai\ o)du/retai. 
kai/toi krei=tton h)=n tou\s misqou\s a)paitei=n e)ntelei=s
h)\ fqei/rein th\n poi/mnhn. *)\an ou)=n, e)/fh, se\ e)gw\
meta\ tauthsi\ th=s *)aqhna=s, e)pita/ttontos tou=
<pb id="v.2.p.144"/>
*dio/s, a)nti\ tou= klhrono/mou tou/tou pa/ntwn e)pi/tropon
tou/twn katasth/sw—; pa/lin e)ntau=qa o(
neani/skos a)ntei/xeto kai\ polla\ i(ke/teuen au)tou=
me/nein. o( de/, *mh\ li/an a)peiqh\s e)/so, fhsi/, mh/ pote/
s) a)pexqh/rw, w(s nu=n e)/kpagl) e)fi/lhsa.
kai\ o( neani/skos, *)all), w)= me/giste, ei)=pen, *(/hlie
kai\ *)aqhna=, se/ te kai\ au)to\n e)pimartu/romai to\n
<milestone unit="orgpage" n="232d"/>*di/a, xrh=sqe/ moi pro\s o(/, ti bou/lesqe. pa/lin ou)=n 
o( *(ermh=s a)/fnw fanei\s e)poi/hse to\n neani/skon
qarralew/teron. h)/dh ga\r dienoei=to th=s te o)pi/sw
porei/as kai\ th=s e)kei=se diatribh=s hu(rhke/nai to\n
h(gemo/na. kai\ h( *)aqhna=, *ma/nqane, ei)=pen, w)= lw=|ste,
patro\s a)gaqou= toutoui\ tou= qeou= kai\ e)mo\n bla/sthma.
tou=ton, e)/fh, to\n klhrono/mon oi( be/ltistoi
me\n ou)k eu)frai/nousi tw=n poime/nwn, oi( ko/lakes de\
kai\ oi( moxqhroi\ dou=lon kai\ u(poxei/rion pepoi/hntai.
<milestone unit="orgpage" n="233a"/>sumbai/nei ou)=n au)tw=| para\ me\n tw=n e)pieikw=n mh\ 
filei=sqai, para\ de\ tw=n nomizome/nwn filei=n ei)s
ta\ me/gista a)dikei=sqai. sko/pei ou)=n o(/pws e)panelqw\n
mh\ pro\ tou= fi/lou qh/sei to\n ko/laka.
deute/ran a)/koue/ mou parai/nesin, w)= pai=. nusta/zwn
ou(=tos e)capata=tai ta\ polla/: su\ de\ nh=fe kai\
grhgo/rei, mh/ se dia\ th=s tou= fi/lou parrhsi/as o(
ko/lac e)capath/sas la/qoi, xalkeu\s oi(=a/ tis ge/mwn
<milestone unit="orgpage" n="233b"/>kapnou= kai\ mari/lhs, e)/xwn i(ma/tion leuko\n kai\ ta\ 
pro/swpa tw=| yimuqi/w| kexrisme/nos, ei)=ta au)tw=|
doi/hs gh=mai/ tina tw=n sw=n qugate/rwn. tri/ths
e)pa/koue/ mou paraine/sews, kai\ ma/la i)sxurw=s
fu/latte sauto/n, ai)dou= de\ kai\ h(ma=s mo/non, a)ndrw=n
<pb id="v.2.p.146"/>
de\ o(/stis h(mi=n proso/moio/s e)stin, a)/llon de\ mhde/na.
o(ra=|s o(/pws tou=ton to\n h)li/qion e)/blayen ai)sxu/nh
kai\ to\ li/an a)/gan ei)=nai kataplh=ga;
*kai\ o( me/gas *(/hlios au)=qis to\n lo/gon diadeca/menos
<milestone unit="orgpage" n="233c"/>ei)=pen. *(elo/menos fi/lous w(s fi/lois 
xrw=, mhde\ au)tou\s oi)ke/tas mhde\ qera/pontas
no/mize, pro/siqi de\ au)toi=s e)leuqe/rws te kai\
a(plou/stata kai\ gennai/ws, mh\ le/gwn me\n a)/lla,
fronw=n de\ e(/tera peri\ au)tw=n. o(ra=|s o(/ti kai\
tou=ton to\n klhrono/mon tou=to e)pe/triyen, h( pro\s
tou\s fi/lous a)pisti/a; fi/lei tou\s a)rxome/nous
w(/sper h(mei=s se/. ta\ pro\s h(ma=s h(gei/sqw soi tw=n
<milestone unit="orgpage" n="233d"/>kalw=n a(pa/ntwn: e)sme\n ga/r sou kai\ eu)ergetai\ kai\ 
fi/loi kai\ swth=res. a)kou/sas tau=ta o( neani/skos
diexu/qh kai\ dh=los h)=n a(/panta h)/dh toi=s qeoi=s
peiqo/menos. *)all) i)/qi, e)/fh, poreu/ou meta\ a)gaqh=s
e)lpi/dos. h(mei=s ga/r soi pantaxou= suneso/meqa
e)gw/ te kai\ *)aqhna= kai\ *(ermh=s o(/de kai\ su\n h(mi=n
oi( qeoi\ pa/ntes oi( e)n *)olu/mpw| kai\ oi( peri\ to\n
a)e/ra kai\ th\n gh=n kai\ pa=n pantaxou= to\ qei=on
ge/nos, e(/ws a)\n ta/ te pro\s h(ma=s o(/sios h)=|s kai\ ta\
pro\s tou\s fi/lous pisto\s kai\ ta\ pro\s tou\s
<milestone unit="orgpage" n="234a"/>u(phko/ous fila/nqrwpos, a)/rxwn au)tw=n kai\ h(gou/menos 
e)pi\ ta\ be/ltista: a)lla\ mh/te tai=s seautou=
mh/te tai=s e)kei/nwn e)piqumi/ais douleu/wn u(peika/qh|s.
e)/xwn ou)=n th\n panopli/an, h(\n e)ko/misas
pro\s h(ma=s, a)/piqi proslabw\n tau/thn me\n th\n
da=|da par) e)mou=, i(/na soi kai\ e)n th=| gh=| fw=s
la/mph| me/ga kai\ mhde\n e)pipoqh=|s tw=n th=|de,
tauthsi\ de\ *)aqhna=s th=s kalh=s to/ te *gorgo/neion
<pb id="v.2.p.148"/>
kai\ to\ kra/nos: polla\ ga/r, o(ra=|s, e)sti\n au)th=|, kai\
<milestone unit="orgpage" n="234b"/>di/dwsin oi(=s a)\n e)qe/lh|. dw/sei de/ soi kai\ *(ermh=s 
xrush=n r(a/bdon. e)/rxou ou)=n th=| panopli/a| kosmhqei\s
tau/th| dia\ pa/shs me\n gh=s, dia\ pa/shs de\
qala/tths, a)metakinh/tws toi=s h(mete/rois peiqo/menos
no/mois, kai\ mhdei/s se mh/te a)ndrw=n mh/te gunaikw=n,
mh/te tw=n oi)kei/wn mh/te tw=n ce/nwn a)napei/sh| tw=n
e)ntolw=n e)klaqe/sqai tw=n h(mete/rwn. e)mme/nwn ga\r
au)tai=s h(mi=n me\n e)/sh| fi/los kai\ ti/mios, ai)doi=os
de\ toi=s a)gaqoi=s h(mw=n u(phre/tais, fobero\s de\
<milestone unit="orgpage" n="234c"/>a)nqrw/pois ponhroi=s kai\ kakodai/mosin. i)/sqi de\ 
seautw=| ta\ sarki/a dedo/sqai th=s leitourgi/as
e(/neka tauthsi/. boulo/meqa ga/r soi th\n progonikh\n
oi)ki/an ai)doi= tw=n progo/nwn a)pokaqh=rai.
me/mnhso ou)=n, o(/ti th\n yuxh\n a)qa/naton e)/xeis kai\
e)/kgonon h(mete/ran, e(po/meno/s te h(mi=n o(/ti qeo\s
e)/sh| kai\ to\n h(me/teron o)/yei su\n h(mi=n pate/ra.
*tou=to ei)/te mu=qos ei)/te a)lhqh/s e)sti lo/gos ou)k
oi)=da. to\ para\ sou= de\ pepoihme/non, ti/na bou/lei
<milestone unit="orgpage" n="234d"/>to\n *pa=na, ti/na de\ ei)=nai to\n *di/a, ei) mh\ tou=to, 
w(s e)sme\n e)gw/ te kai\ su/, su\ me\n o( *zeu/s, e)gw\ de\
o( *pa/n; w)\ tou= geloi/ou *yeudo/panos, geloiote/rou
me/ntoi nh\ to\n *)asklhpio\n tou= pa/nta ma=llon
h)\ *dio\s a)nqrw/pou. tau=ta ou)k e)/stin a)texnw=s
e)k mainome/nou sto/matos ou)/ti th\n e)/nqeon, a)lla\
th\n e)/kplhkton mani/an; ou)k oi)=sqa, o(/ti kai\ o(
<milestone unit="orgpage" n="235a"/>*salmwneu\s e)/dwken u(pe\r tou/twn toi=s qeoi=s di/khn, 
o(/ti a)/nqrwpos w)\n e)pexei/rei *zeu\s ei)=nai; to\ de\
e)k tw=n *(hsio/dou lego/menon u(pe\r tw=n o)nomasa/ntwn
<pb id="v.2.p.150"/>
e(autou\s toi=s tw=n qew=n o)no/masin, *(/hras te kai\
*dio/s, ei) mh/pw kai\ nu=n a)kh/koas, e)/xw soi suggnw=nai:
ou)de\ ga\r e)paidotribh/qhs kalw=s ou)de\ e)/tuxes
kaqhgemo/nos, o(poi/ou peri\ tou\s poihta\s e)gw\
toutoui\ tou= filoso/fou, meq) o(\n e)pi\ ta\ pro/qura
th=s filosofi/as h)=lqon u(p) a)ndri\ telesqhso/menos,
<milestone unit="orgpage" n="235b"/>o(\n neno/mika tw=n kat) e)mauto\n pa/ntwn diafe/rein. 
o( de/ me pro\ pa/ntwn a)reth\n a)skei=n kai\ qeou\s
a(pa/ntwn tw=n kalw=n nomi/zein h(gemo/nas e)di/dasken.
ei) me\n ou)=n ti prou)/rgou pepoi/hken, au)to\s a)\n ei)dei/h
kai\ pro\ tou/tou ge oi( basilei=s qeoi/: touti\ de\
e)ch/|rei to\ maniw=des kai\ qrasu/, kai\ e)peira=to/ me
poiei=n e)mautou= swfrone/steron. e)gw\ de\ kai/per,
w(s oi)=sqa, toi=s e)/cwqen pleonekth/masin e)pterwme/nos
<milestone unit="orgpage" n="235c"/>u(pe/taca o(/mws e)mauto\n tw=| kaqhgemo/ni 
kai\ toi=s e)kei/nou fi/lois kai\ h(likiw/tais kai\
sumfoithtai=s, kai\ w(=n h)/kouon e)painoume/nwn par)
au)tou=, tou/twn e)/speudon a)kroath\s ei)=nai, kai\
bibli/a tau=ta a)negi/gnwskon, o(po/sa au)to\s dokima/seien.
*ou(/tws h(mei=s u(f) h(gemo/si telou/menoi, filoso/fw|
me\n tw=| ta\ th=s propaidei/as me tele/santi,
filosofwta/tw| de\ tw=| ta\ pro/qura th=s
filosofi/as dei/canti, smikra\ me\n dia\ ta\s e)/cwqen
<milestone unit="orgpage" n="235d"/>h(mi=n prospesou/sas a)sxoli/as, o(/mws d) ou)=n a)pelau/samen 
th=s o)rqh=s a)gwgh=s, ou) th\n su/ntomon,
h(\n su\ fh/s, a)lla\ th\n ku/klw| poreuqe/ntes: kai/toi
nh\ tou\s qeou\s e)pi\ th\n a)reth\n oi)=mai o(/ti sou
suntomwte/ran e)trapo/mhn. e)gw\ me\n ga\r au)th=s,
<pb id="v.2.p.152"/>
ei) mh\ fortiko\n ei)pei=n, e)pi\ toi=s proqu/rois e(/sthka,
su\ de\ kai\ tw=n proqu/rwn ei)= po/rrw.: soi\ de\ a)reth=s
h)\ toi=s soi=s a)delfoi=s—, a)felw\n de\ to\ du/sfhmon
to\ leipo/menon au)to\s a)naplh/rwson: ei) bou/lei
de/, kai\ par) h(mw=n au)to\ a)na/sxou pra/|ws lego/menon,
<milestone unit="orgpage" n="236a"/>— ti/s metousi/a; pa=sin e)pitima=|s au)to\s 
ou)de\n a)/cion e)pai/nou pra/ttwn, e)painei=s fortikw=s
w(s ou)dei\s tw=n a)maqesta/twn r(hto/rwn, oi(=s dia\
th\n tw=n lo/gwn a)pori/an kai\ to\ mh\ e)/xein eu(rei=n
e)k tw=n paro/ntwn o(/, ti fw=sin, h( *dh=los e)pe/rxetai
kai\ h( *lhtw\ meta\ tw=n pai/dwn, ei)=ta ku/knoi liguro\n
a(/|dontes kai\ e)phxou=nta au)toi=s ta\ de/ndra, leimw=ne/s
te e)/ndrosoi malakh=s po/as kai\ baqei/as plh/reis,
h(/ te e)k tw=n a)nqe/wn o)dmh\ kai\ to\ e)/ar au)to\ kai/
<milestone unit="orgpage" n="236b"/>tines ei)ko/nes toiau=tai. pou= tou=to *)isokra/ths 
e)n toi=s e)gkwmiastikoi=s e)poi/hse lo/gois; pou= de\
tw=n palaiw=n tis a)ndrw=n, oi(\ tai=s *mou/sais
e)telou=nto gnhsi/ws, a)ll) ou)x w(/sper oi( nu=n;
a)fi/hmi de\ ta\ e(ch=s, i(/na mh\ kai\ pro\s tou/tous
a)pexqano/menos a(/ma toi=s te faulota/tois tw=n
*kunikw=n kai\ tw=n r(hto/rwn proskrou/saimi: w(s
e)/moige pro/s te tou\s krati/stous tw=n *kunikw=n,
<pb id="v.2.p.154"/>
ei)/ tis a)/ra e)/sti nu=n toiou=tos, kai\ pro\s tou\s
<milestone unit="orgpage" n="236c"/>gennai/ous r(h/tora/s e)sti fi/la pa/nta. tw=n me\n 
dh\ toiou/twn lo/gwn, ei) kai\ polu\ plh=qos e)pirrei=:
kai\ ou)k e)/stin o(/son ou)xi\ le/gein e)qe/lwn tis e)k
pa/nu dayilou=s a)ntlh/seien a)\n pi/qou: th=s prokeime/nhs
h(mi=n a)sxoli/as e(/neken a)fe/comai. mikra\
de\ e)/ti tw=| lo/gw| prosqei\s w(/sper o)flh/mati to\
<milestone unit="orgpage" n="236d"/>e)nde/on e)p) a)/llo ti tre/yomai, tauthni\ th\n cuggrafh\n 
au)tou= pou plhrw/sas.
*ti/s ou)=n h( tw=n *puqagorikw=n eu)la/beia peri\ ta\
tw=n qew=n o)no/mata, ti/s de\ h( *pla/twnos; potapo\s
de\ h)=n e)n tou/tois *)aristote/lhs; a)=r) ou)k a)/cion au)to\
i)dei=n; h)\ to\n me\n *sa/mion ou)dei\s a)nterei= toiou=ton
gene/sqai; kai\ ga\r ou)/te to\ o)no/mata qew=n e)n th=|
sfragi=di forei=n e)pe/trepen ou)/te to\ o(/rkw| xrh=sqai
propetw=s toi=s tw=n qew=n o)no/masin. ei) de\ nu=n
<milestone unit="orgpage" n="237a"/>le/goimi, o(/ti kai\ ei)s *ai)/gupton e)poreu/qh kai\ 
*pe/rsas ei)=de kai\ pantaxou= pa/nta e)peira/qh ta\
musth/ria tw=n qew=n e)popteu=sai kai\ telesqh=nai
pantoi/as pantaxou= teleta/s, e)rw= me\n i)/sws a)/gnwsta/
soi, gnw/rima me/ntoi kai\ safh= toi=s polloi=s.
a)lla\ tou= *pla/twnos a)/koue: to\ d) e)mo\n de/os, w)=
*prw/tarxe, pro\s ta\ tw=n qew=n o)no/mata ou)k e)/sti
kat) a)/nqrwpon, a)lla\ pe/ra tou= megi/stou fo/bou.
kai\ nu=n th\n me\n *)afrodi/thn, o(/ph| e)kei/nh| fi/lon,
<milestone unit="orgpage" n="237b"/>tau/th| prosagoreu/w: th\n d) h(donh\n oi)=da w(s 
e)/sti poiki/lon: tau=ta e)n *filh/bw| le/getai, kai\
toiau=ta e(/tera pa/lin e)n *timai/w|: pisteu/ein ga\r
<pb id="v.2.p.156"/>
a(plw=s a)cioi= kai\ xwri\s a)podei/cews legome/nois, o(/sa
u(pe\r tw=n qew=n fasin oi( poihtai/. tau=ta de\
pare/qhka, mh/ pote/ soi para/sxh| pro/fasin, w(/sper
oi)=mai tw=n *platwnikw=n polloi=s, o( *swkra/ths
ei)/rwn w)\n fu/sei th\n *platwnikh\n a)tima/sai do/can.
<milestone unit="orgpage" n="237c"/>e)kei= ga\r ou)x o( *swkra/ths, a)ll) o( *ti/maios tau=ta 
le/gei h(/kista w)\n ei)/rwn. kai/toi tou=to/ ge/ e)stin ou)x
u(gie\s mh\ ta\ lego/mena e)ceta/zein, a)lla\ tou\s le/gontas,
kai\ to\ pro\s ti/nas oi( lo/goi gi/gnontai. bou/lei
dh=ta to\ meta\ tou=to th\n pa/nsofon u(pagoreu/sw
seirh=na, to\n tou= logi/ou tu/pon *(ermou=, to\n tw=|
*)apo/llwni kai\ tai=s *mou/sais fi/lon; e)kei=nos a)cioi=
tou\s e)perwtw=ntas h)\ zhtei=n o(/lws e)pixeirou=ntas,
ei) qeoi/ ei)sin, ou)x w(s a)nqrw/pous a)pokri/sews tugxa/nein,
<milestone unit="orgpage" n="237d"/>a)ll) w(s ta\ qhri/a kola/sews. ei) de\ a)negnw/keis 
to\n sustatiko\n au)tou= lo/gon, o(\s w(/sper th=s
*pla/twnos, ou(/tw dh\ kai\ th=s e)kei/nou diatribh=s
prouge/grapto, e)/gnws a)\n pro\ pa/ntwn, o(/ti ta\ pro\s
tou\s qeou\s eu)sebei=s ei)=nai kai\ memuh=sqai pa/nta ta\
musth/ria kai\ tetele/sqai ta\s a(giwta/tas teleta\s
kai\ dia\ pa/ntwn: tw=n maqhma/twn h)=xqai toi=s ei)/sw
tou= peripa/tou badi/zousi prohgo/reuto.
<milestone unit="orgpage" n="238a"/>*su\ de\ o(/pws h(mi=n mh\ to\n *dioge/nh probalw\n 
w(/sper ti mormolukei=on e)kfobh/seis. ou) ga\r
e)muh/qh, fasi/n, a)lla\ kai\ pro\s to\n protrepo/menon
muhqh=nai, *geloi=on, ei)=pen, w)= neani/ske, ei) tou\s me\n
telw/nas oi)/ei tau/ths e(/neka th=s teleth=s koinwnh/sein
toi=s o(si/ois tw=n e)n a(/|dou kalw=n, *)aghsi/laon
<pb id="v.2.p.158"/>
de\ kai\ *)epameinw/ndan e)n tw=| borbo/rw| kei/sesqai.
tou=to, w)= neani/ske, baqu\ li/an e)sti\ kai\ deo/menon
<milestone unit="orgpage" n="238b"/>e)chgh/sews, w(s e)mauto\n pei/qw, mei/zonos, o(poi/as 
h(mi=n au)tai\ doi=en ai( qeai\ th\n e)pi/noian: nomi/zw de\
au)th\n h)/dh kai\ dedo/sqai. fai/netai ga\r o( *dioge/nhs
ou)x, w(/sper u(mei=s a)ciou=te, dussebh/s, a)ll) e)kei/nois,
w(=n mikrw=| pro/sqen e)pemnh/sqhn, proso/moios. a)pidw\n
ga\r ei)s th\n peri/stasin th\n katalabou=san
au)to/n, ei)=ta ei)s ta\s e)ntola\s ble/pwn tou= *puqi/ou
kai\ suniei\s o(/ti to\n muou/menon e)xrh=n politografhqh=nai
<milestone unit="orgpage" n="238c"/>pro/teron kai\ *)aqhnai=on, ei) kai\ mh\ 
fu/sei, tw=| no/mw| ge gene/sqai, tou=to e)/fugen, ou) to\
muhqh=nai, nomi/zwn au(to\n ei)=nai tou= ko/smou poli/thn,
kai\ tai=s o(/lais tw=n qew=n ou)si/ais, ai(\ to\n o(/lon
koinh=| ko/smon e)pitropeu/ousin, a)ll) ou) tai=s ta\
me/rh kataneimame/nais au)tou=, dia\ megalofrosu/nhn
a)ciw=n sumpoliteu/esqai: to/ te no/mimon ou) pare/bh
ai)doi= tw=n qew=n, kai/toi ta)=lla patw=n kai\ paraxara/ttwn:
<milestone unit="orgpage" n="238d"/>au(to/n te ou)k e)panh/gagen, o(/qen 
a)/smenos h)leuqe/rwto. ti/ d) h)=n tou=to; to\ po/lews
mia=s douleu=sai no/mois e(auto/n te u(poqei=nai tou/tw|,
o(/per h)=n a)na/gkh paqei=n *)aqhnai/w| genome/nw|. pw=s
ga\r ou)k e)/mellen o( tw=n qew=n e(/neken ei)s *)olumpi/an
badi/zwn, o( tw=| *puqi/w| peisqei\s kai\ filosofh/sas
w(/sper *swkra/ths: fhsi\ ga\r kai\ au)to\s ei)=nai
*pu/qion oi)/koi par) e(autw=|, o(/qen au)tw=| kai\ h( o(rmh\
<pb id="v.2.p.160"/>
            <milestone unit="orgpage" n="239a"/>pro\s filosofi/an e)ge/neto: parie/nai tw=n a)nakto/rwn 
ei)/sw kai\ ma/la a)sme/nws, ei) mh\ tou=to e)ce/kline
to\ u(poqei=nai no/mois e(auto\n kai\ dou=lon a)pofh=nai
politei/as; a)lla\ dia\ ti/ mh\ tau/thn au)th\n ei)=pe th\n
ai)ti/an, e)k tw=n e)nanti/wn de\ th\n parairoume/nhn ou)
smikra\ th=s tw=n musthri/wn semno/thtos; i)/sws me\n
a)/n tis ta\ toiau=ta kai\ *puqago/ra| ma/lista e)piskh/yeien,
ou)k o)rqw=s logizo/menos. ou)/te ga\r r(hte/on
pa/nta e)sti/n, au)tw=n te oi)=mai tou/twn, w(=n qe/mis
fa/nai, e)/nia pro\s tou\s pollou\s siwphte/on ei)=nai/
<milestone unit="orgpage" n="239b"/>moi fai/netai. fanera\ de\ o(/mws e)sti\ kai\ tou/twn h( 
ai)ti/a. katanoh/sas ga\r a)melou=nta me\n th=s peri\
to\n bi/on o)rqo/thtos, e)pi\ de\ tw=| memuh=sqai me/ga
fronou=nta to\n parainou=nta au)tw=| toiau=ta, swfroni/zwn
a(/ma kai\ dida/skwn au)to/n, o(/ti toi=s me/n,
oi(=s a)ci/ws tou= muhqh=nai bebi/wtai, kai\ mh\ muhqei=sin
<milestone unit="orgpage" n="239c"/>oi( qeoi\ ta\s a)moiba\s a)kerai/ous fula/ttousi, 
toi=s de\ moxqhroi=s ou)de/n e)sti ple/on, ka)\n ei)/sw tw=n
i(erw=n ei)sfrh/swsi peribo/lwn. h)\ ga\r ou) tau=ta
kai\ o( i(erofa/nths proagoreu/ei, o(/stis xei=ra mh\
kaqaro\s kai\ o(/ntina mh\ xrh/, tou/tois a)pagoreu/wn mh\ muei=sqai;
*ti/ pe/ras h(mi=n e)/stai tw=n lo/gwn, ei) tau=ta mh/pw se pei/qei;</p>
      </body>
   </text>
</TEI.2>