<?xml version="1.0" encoding="UTF-8"?>
<TEI.2>
   <teiHeader>
      <fileDesc>
         <titleStmt>
            <title>Epistula ad Themistium</title>
            <author>Julian the Emperor</author>
            <funder n="org:Google">Google Digital Humanities Awards Program</funder>
         </titleStmt>
         <publicationStmt>
            <publisher>Trustees of Tufts University</publisher>
            <pubPlace>Medford, MA</pubPlace>
            <authority>Perseus Project</authority>
         </publicationStmt>
         <sourceDesc>
            <biblStruct>
               <monogr>
                  <title>Works, Vol 2</title>
                  <author>Julian the Emperor</author>
                  <editor role="editor">Wilmer Cave (France) Wright</editor>
                  <imprint>
                     <publisher>William Heinemann, Harvard University Press</publisher>
                     <pubPlace>London; Cambridge, MA.</pubPlace>
                     <date>1913</date>
                  </imprint>
               </monogr>
            </biblStruct>
            <p>Keyboarding</p>
         </sourceDesc>
      </fileDesc>
      <encodingDesc>
         <refsDecl doctype="TEI.2">
            <state unit="orgpage" n="chunk" delim="."/>
         </refsDecl>
      </encodingDesc>
      <profileDesc>
         <langUsage>
            <language id="greek">Greek</language>
         </langUsage>
      </profileDesc>
   </teiHeader>
   <text id="tlg2003.tlg006.perseus-grc1">
      <body>
         <pb id="v.2.p.202" TEIform="pb"/>
         <head>*i*o*u*l*i*a*n*o*u *a*u*t*o*k*r*a*t*o*r*o*s
*q*e*m*i*s*t*i*w*i *f*i*l*o*s*o*f*w*i</head>
         <p>
            <milestone unit="orgpage" n="253a"/>*)egw/ soi bebaiw=sai me/n, w(/sper ou)=n gra/feis, 
ta\s e)lpi/das kai\ sfo/dra eu)/xomai, de/doika de\ mh\
diama/rtw, mei/zonos ou)/shs th=s u(posxe/sews, h(\n
u(pe\r e)mou= pro/s te tou\s a)/llous a(/pantas kai\ e)/ti
ma=llon pro\s seauto\n poih=|: kai/ moi pa/lai me\n
oi)ome/nw| pro/s te to\n *)ale/candron kai\ to\n *ma/rkon,
<milestone unit="orgpage" n="253b"/>kai\ ei)/ tis a)/llos ge/gonen a)reth=| diafe/rwn, ei)=nai 
th\n a(/millan fri/kh tis prosh/|ei kai\ de/os qaumasto/n,
mh\ tou= me\n a)polei/pesqai pantelw=s th=s
a)ndrei/as do/cw, tou= de\ th=s telei/as a)reth=s ou)de\ e)p)
o)li/gon e)fi/kwmai. ei)s tau=ta a)forw=n a)nepeiqo/mhn
th\n sxolh\n e)painei=n, kai\ tw=n *)attikw=n diaithma/twn
au)to/s te h(de/ws e)memnh/mhn kai\ toi=s fi/lois
u(mi=n prosa/|dein h)ci/oun, w(/sper oi( ta\ bare/a forti/a
fe/rontes e)n tai=s w)|dai=s e)pikoufi/zousin au(toi=s
<milestone unit="orgpage" n="253c"/>th\n talaipwri/an. su\ de/ moi nu=n mei=zon e)poi/hsas 
dia\ th=s e)/nagxos e)pistolh=s to\ de/os kai\
to\n a)gw=na tw=| panti\ xalepw/teron e)/deicas, e)n
tau/th| para\ tou= qeou= teta/xqai me th=| meri/di le/gwn,
e)n h(=| pro/teron *(hraklh=s kai\ *dio/nusos e)gene/sqhn
filosofou=ntes o(mou= kai\ basileu/ontes kai\ pa=san
<pb id="v.2.p.204"/>
            <milestone unit="orgpage" n="254a"/>sxedo\n th=s e)pipolazou/shs kaki/as a)nakaqairo/menoi 
gh=n te kai\ qa/lattan. keleu/eis de\ pa=san
a)poseisa/menon sxolh=s e)/nnoian kai\ r(a|stw/nhs
skopei=n, o(/pws th=s u(poqe/sews a)ci/ws a)gwniou/meqa:
ei)=ta e)p) au)toi=s tw=n nomoqetw=n me/mnhsai, *so/lwnos,
*pittakou=, *lukou/rgou, kai\ tou/twn a(pa/ntwn mei/zona
xrh=nai par) h(mw=n le/geis tou\s a)nqrw/pous e)n
di/kh| nu=n perime/nein. tou/tois e)gw\ toi=s lo/gois
<milestone unit="orgpage" n="254b"/>e)ntuxw\n e)cepla/ghn mikrou=: soi\ me\n ga\r u(pela/mbanon 
ou)damw=s qemito\n kolakeu/ein h)\ yeu/desqai,
e)mautw=| de\ suneidw\s fu/sews me\n e(/neka diafe/ron
ou)de\n ou)/te e)c a)rxh=s ou)/te nu=n u(pa/rcan, filosofi/as
de\ e)rasqe/nti mo/non: ta\s ga\r e)n me/sw| sigw=
tu/xas, ai(/ moi to\n e)/rwta tou=ton a)telh= te/ws
e)fu/lacan: ou)k ei)=xon ou)=n o(/, ti xrh\ peri\ tw=n
toiou/twn lo/gwn sumbalei=n, e(/ws e)pi\ nou=n h)/gagen
<milestone unit="orgpage" n="254c"/>o( qeo/s, mh/ pote a)/ra protre/pein e)qe/leis dia\ tw=n 
e)pai/nwn kai\ tw=n a)gw/nwn dei=cai to\ me/geqos, oi(=s
a)na/gkh pa=sa to\n e)n politei/a| zw=nta parabeblh=sqai
to\n a(/panta xro/non.
*tou=to de\ a)potre/ponto/s e)sti ple/on h)\ pro\s to\n
bi/on parormw=ntos. w(/sper ga\r ei)/ tis to\n porqmo\n
to\n par) u(mi=n ple/wn kai\ ou)de\ tou=ton r(a|di/ws ou)de\
eu)ko/lws u(fista/menos a)kou/oi para/ tou mantikh\n
<milestone unit="orgpage" n="254d"/>e)paggellome/nou te/xnhn, w(s xrew\n au)to\n to\n 
*ai)gai=on a)nametrh=sai kai\ to\n *)io/nion kai\ th=s e)/cw
qala/sshs a(/yasqai, kai\ <q direct="unspecified">*nu=n me\n</q> o(ra=|s o( profh/ths
le/goi <q direct="unspecified">tei/xh kai\ lime/nas, e)kei= de\ geno/menos
<pb id="v.2.p.206"/>
ou)de\ skopia\n ou)de\ pe/tran o)/yei, a)ll) a)gaph/seis
kai\ nau=n po/rrwqen katidw\n proseipei=n tou\s e)mple/ontas,
kai\ th=s gh=s o)ye/ pote a(ya/menos, tw=|
qew=| polla/kis proseu/ch|, pro\s au)tw=| gou=n tw=| te/lei
<milestone unit="orgpage" n="255a"/>tou= bi/ou tuxei=n o(/rmou kai\ th/n te nau=n sw/an 
paradou=nai kai\ tou\s e)mple/ontas a)paqei=s toi=s
oi)kei/ois kakw=n parasth=sai kai\ to\ sw=ma th=|
mhtri\ gh=| dou=nai, tou=to de\ e)so/menon i)/sws a)/dhlon
e)/stai soi me/xri th=s teleutai/as e)kei/nhs h(me/ras:</q>
a)=r) oi)/ei tou/twn a)kou/santa tw=n lo/gwn e)kei=non
po/lin g) a)\n oi)kei=n e(le/sqai plhsi/on qala/sshs,
ou)xi\ de\ xai/rein ei)po/nta plou/tw| kai\ toi=s e)c
e)mpori/as a)gaqoi=s perigignome/nois, gnwri/mwn pollw=n,
<milestone unit="orgpage" n="255b"/>cenikh=s fili/as, i(stori/as e)qnw=n kai\ po/lewn 
u(perido/nta sofo\n a)pofai/nein to\n tou= *neokle/ous,
o(\s keleu/ei laqei=n biw/santa; kai\ su\ de\ e)/oikas
tou=to katamaqw\n prokatalamba/nein h(ma=s tai=s
ei)s to\n *)epi/kouron loidori/ais kai\ proecairei=n th\n
toiau/thn gnw/mhn. fh\s ga/r pou sxolh\n e)painei=n
a)pra/gmona kai\ diale/ceis e)n peripa/tois prosh/kein
<milestone unit="orgpage" n="255c"/>e)kei/nw|: e)gw\ de\ o(/ti me\n ou) kalw=s *)epikou/rw| 
tau=ta e)do/kei, pa/lai kai\ sfo/dra pei/qomai: ei) de\
pa/nq) o(ntinou=n e)pi\ politei/an protre/pein a)/cion,
kai\ to\n h(=tton pefuko/ta kai\ to\n ou)/pw tele/ws
duna/menon, e)pi\ plei=ston i)/sws diaporh=sai xrh/.
le/gousi ga/r toi kai\ to\n *swkra/th pollou\s me\n ou)
sfo/dra eu)fuw=s e)/xontas a)pagagei=n tou= bh/matos,
<pb id="v.2.p.208"/>
kai\ *glau/kwna e)kei=non, *cenofw=n le/gei: to\n de\
<milestone unit="orgpage" n="255d"/>tou= *kleini/ou pai=da peiraqh=nai me\n e)pisxei=n, ou) 
dunhqh=nai de\ perigene/sqai tou= neani/skou th=s
o(rmh=s. h(mei=s de\ kai\ a)/kontas kai\ cunie/ntas au(tw=n
prosanagka/somen, qarrei=n u(pe\r thlikou/twn e)/rgwn
keleu/ontes, w(=n ou)k a)reth\ mo/non e)sti\n ou)de\
proai/resis o)rqh\ kuri/a, polu\ de\ ple/on h( tu/xh
kratou=sa pantaxou= kai\ biazome/nh r(e/pein h(=|per
a)\n e)qe/lh| ta\ pra/gmata; *xru/sippos de\ dokei= ta\
me\n a)/lla sofo\s ei)=nai kai\ nomisqh=nai dikai/ws,
a)gnoh/sas de\ th\n tu/xhn kai\ to\ au)to/maton kai/
<milestone unit="orgpage" n="256a"/>tinas a)/llas ai)ti/as toiau/tas e)/cwqen toi=s praktikoi=s 
parempiptou/sas ou) sfo/dra o(mologou/mena
le/gein oi(=s o( xro/nos h(ma=s dia\ muri/wn e)nargw=s
dida/skei paradeigma/twn. pou= ga\r eu)tuxh= kai\
maka/rion *ka/twna fh/somen; pou= de\ *di/wna to\n
*sikeliw/thn eu)dai/mona; oi(=s tou= me\n a)poqanei=n
e)/melen i)/sws ou)de/n, tou= de\ mh\ lei/pein a)telei=s ta\s
<milestone unit="orgpage" n="256b"/>pra/ceis, e)f) a(\s e)c a)rxh=s w(/rmhsan, kai\ sfo/dra 
e)/mele, kai\ pa/nta a)\n ei(/lonto paqei=n u(pe\r tou/tou.
sfale/ntes de\ e)n e)kei/nois ei) me\n eu)sxhmo/nws
e)/feron, w(/sper ou)=n le/getai, th\n tu/xhn paramuqi/an
e)/sxon e)k th=s a)reth=s ou) mikra/n, eu)dai/mones
de\ ou)k a)\n le/gointo tw=n kalli/stwn pra/cewn
dihmarthko/tes, plh\n i)/sws dia\ th\n *stwikh\n
e)/nstasin: pro\s h(\n r(hte/on, w(s ou) tau)to/n e)stin
e)painei=sqai kai\ makari/zesqai, kai\ ei) fu/sei to\
<milestone unit="orgpage" n="256c"/>zw=|on eu)daimoni/as o)re/getai, krei=tton ei)=nai to\ kat) 
<pb id="v.2.p.210"/>
e)kei/nhn makaristo\n te/los tou= kat) a)reth\n e)painetou=.
h(/kista de\ filei= th=s eu)daimoni/as h( bebaio/ths
th=| tu/xh| pisteu/ein. kai\ tou\s e)n politei/a|
zw=ntas ou)k e)/nestin a)/neu tau/ths a)napnei=n to\
dh\ lego/menon a)lhqw=s qewrou=ntes ei)/te kai\
pepoih/kasi kai\ strathgo\n lo/gw|, kaqa/per oi(
ta\s i)de/as ei)/te kai\ yeudw=s cuntiqe/ntes, e)n toi=s
a)swma/tois kai\ nohtoi=s i(dru=sqai/ pou tw=n tuxai/wn
u(pera/nw pa/ntwn, h)\ to\n *dioge/nous e)kei=non
<milestone unit="orgpage" n="256d"/>*)/apolin, a)/oikon, patri/dos e)sterhme/non, 
ou)k e)/xonta me\n ei)s o(/,ti par) au)th=s eu)= pa/qh| kai\
tou)nanti/on e)n ti/ni sfalh=|: tou=ton de\ o(\n h( sunh/qeia
kalei=n ei)/wqe kai\ *(/omhros prw=tos,
*(=wi laoi/ t) e)pitetra/fatai kai\ to/ssa me/mhlen,
pw=s a)/n tis e)/cw tu/xhs a)pagagw\n th\n qe/sin fu/la/ssoi;
<milestone unit="orgpage" n="257a"/>pa/lin d) o( au(to\n u(potiqei\s tau/th| po/shs 
au(tw=| dei=n oi)h/setai paraskeuh=s kai\ fronh/sews
phli/khs w(/ste ta\s e)f) e(ka/tera r(opa/s, kaqa/per
pneu/matos kubernh/thn, eu)sxhmo/nws fe/rein;
*ou)k e)/sti qaumasto\n a)ntita/casqai prospolemou/sh|
mo/non au)th=|, polu\ de\ qaumasiw/teron tw=n
u(parca/ntwn par) au)th=s a)gaqw=n a)/cion fanh=nai.
tou/tois o( me/gistos e(a/lw basileu\s o( th\n *)asi/an
<pb id="v.2.p.212"/>
            <milestone unit="orgpage" n="257b"/>katastreya/menos *darei/ou kai\ *ce/rcou xalepw/teros 
kai\ ma=llon a)lazw\n fanei/s, e)peidh\ th=s
e)kei/nwn a)rxh=s kate/sth ku/rios, tou/tois a(lo/ntes
toi=s be/lesin a)/rdhn a)pw/lonto *pe/rsai, *makedo/nes,
o( tw=n *)aqhnai/wn dh=mos, *surakou/sioi, ta\ *lakedaimwni/wn
te/lh, *(rwmai/wn strathgoi\ kai\ e)p) au)toi=s
au)tokra/tores muri/oi. polu\ mh=kos a)\n ge/noito
pa/ntas a)pariqmoume/nw| tou\s dia\ plou=ton kai\
ni/kas kai\ trufh\n a)polome/nous: o(/soi de\ u(po\ tw=n
<milestone unit="orgpage" n="257c"/>duspragiw=n e)piklusqe/ntes dou=loi me\n a)nt) e)leuqe/rwn, 
tapeinoi\ de\ a)nti\ gennai/wn kai\ sfo/dra
eu)telei=s a)nti\ tw=n pro/sqen semnw=n a(/pasin w)/fqhsan,
ti/ me xrh\ nu=n w(/sper e)k de/ltou metagra/fonta
katale/gein; ei) ga\r w)/felen o( tw=n a)nqrw/pwn
bi/os a)porei=n paradeigma/twn toiou/twn. a)ll)
ou)/te e)sti\n ou)/t) a)\n ge/noito/ pote tw=n toiou/twn
e)ndeh\s paradeigma/twn, e(/ws a)\n to\ tw=n a)nqrw/pwn diame/nh| ge/nos.
<milestone unit="orgpage" n="257d"/>*(/oti de\ ou)k e)gw\ mo/nos th\n tu/xhn e)pi\ plei=ston 
e)n toi=s prakte/ois kratei=n neno/mika, le/goim) a)\n
h)/dh soi ta\ tou= *pla/twnos e)k tw=n qaumasi/wn
*no/mwn, ei)do/ti me\n kai\ dida/canti/ me, a)po/deicin de\
w(/sper tou= mh\ r(a|qumei=n poiou/menos parage/grafa/
soi th\n r(h=sin w(=de/ pws e)/xousan. <q direct="unspecified">*qeo\s me\n
pa/nta kai\ meta\ qeou= tu/xh kai\ kairo\s ta\ a)nqrw/pina
diakubernw=si cu/mpanta. h(merw/teron mh\n
<milestone unit="orgpage" n="258a"/>tou/tois sugxwrh=sai tri/ton dei=n e(/pesqai te/xnhn.</q> 
ei)=ta o(poi=on ei)=nai xrh\ to\n texni/thn kai\ dhmiourgo\n
tw=n kalw=n pra/cewn kai\ basile/a qei=on u(pogra/fwn:
<q direct="unspecified">*ginw/skwn o( *kro/nos a)/ra, kaqa/per
h(mei=s, fhsi/, dielhlu/qamen, w(s a)nqrwpei/a fu/sis
<pb id="v.2.p.214"/>
ou)damh=| ou)demi/a i(kanh\ ta\ a)nqrw/pina dioikou=sa
au)tokra/twr pa/nta mh\ ou)x u(/brew/s te kai\ a)diki/as
<milestone unit="orgpage" n="258b"/>mestou=sqai, tau=t) ou)=n dianoou/menos e)fi/sth to/te 
basile/as kai\ a)/rxontas tai=s po/lesin h(mw=n ou)k
a)nqrw/pous, a)lla\ ge/nous qeiote/rou kai\ a)mei/nonos,
dai/monas, oi)=on nu=n h(mei=s drw=men toi=s poimni/ois kai\
o(/swn h(meroi/ ei)sin a)ge/lai: ou) bou=s bow=n ou)de\ ai)=gas
ai)gw=n a)/rxontas poiou=men au)toi=s tinas, a)ll) h(mei=s
au)tw=n despo/zomen, a)/meinon e)kei/nwn ge/nos. tau)to\n
dh\ kai\ o( qeo\s fila/nqrwpos w)\n ge/nos a)/meinon h(mw=n
e)fi/sth to\ tw=n daimo/nwn, o(\ dia\ pollh=s me\n au)toi=s
<milestone unit="orgpage" n="258c"/>r(a|stw/nhs, dia\ pollh=s d) h(mi=n, e)pimelo/menon 
h(mw=n, ei)rh/nhn te kai\ ai)dw= kai\ dh\ a)fqoni/an
di/khs parexo/menon, a)stasi/asta kai\ eu)dai/mona
ta\ tw=n a)nqrw/pwn a)peirga/zeto ge/nh. le/gei dh\ kai\
nu=n ou(=tos o( lo/gos a)lhqei/a| xrw/menos, o(/swn po/lewn
mh\ qeo/s, a)lla/ tis a)/rxei qnhto/s, ou)k e)/sti
kakw=n au)toi=s ou)de\ po/nwn a)na/yucis: a)lla\ mimei=sqai
dei=n h(ma=s oi)/etai pa/sh| mhxanh=| to\n
<milestone unit="orgpage" n="258d"/>e)pi\ tou= *kro/nou lego/menon bi/on, kai\ o(/son e)n h(mi=n 
a)qanasi/as e)/nesti, tou/tw| peiqome/nous dhmosi/a|
kai\ i)di/a| ta/s te oi)kh/seis kai\ ta\s po/leis dioikei=n,
th\n tou= nou= dianomh\n o)noma/zontas no/mon. ei) de\
a)/nqrwpos ei(=s h)\ o)ligarxi/a tis h)\ dhmokrati/a
yuxh\n e)/xousa h(donw=n kai\ e)piqumiw=n o)regome/nhn
<milestone unit="orgpage" n="259a"/>kai\ plhrou=sqai tou/twn deome/nhn a)/rcei dh\ po/lew/s 
tinos h)\ i)diw/tou katapath/sas tou\s no/mous, ou)k
e)/sti swthri/as mhxanh/.</q>
            <pb id="v.2.p.216"/>
*tau/thn e)gw/ soi th\n r(h=sin e)cepi/thdes o(/lhn
pare/graya, mh/ me kle/ptein u(pola/bh|s kai\
kakourgei=n mu/qous a)rxai/ous profe/ronta, tuxo\n
me\n e)mferw=s, ou) mh\n a)lhqw=s pa/nth cugkeime/nous.
a)ll) o(/ ge a)lhqh\s u(pe\r au)tw=n lo/gos
ti/ fhsin; a)kou/eis o(/ti, ka)\n a)/nqrwpo/s tis h)=| th=|
fu/sei, qei=on ei)=nai xrh\ th=| proaire/sei kai\ dai/mona,
pa=n a(/plws e)kbalo/nta to\ qnhto\n kai\
<milestone unit="orgpage" n="259b"/>qhriw=des th=s yuxh=s, plh\n o(/sa a)na/gkh dia\ 
th\n tou= sw/matos parame/nein swthri/an; tau=ta
ei)/ tis e)nnow=n de/doiken e)pi\ thlikou=ton e(lko/menos
bi/on, a)=ra/ soi fai/netai th\n *)epikou/reion
qauma/zein a)pragmosu/nhn kai\ tou\s kh/pous kai\
to\ proa/steion tw=n *)aqhnw=n kai\ ta\s murri/nas
kai\ to\ *swkra/tous dwma/tion; a)ll) ou)k e)/stin o(/pou
ge e)gw\ tau=ta protimh/sas tw=n po/nwn w)/fqhn.
h(/dista a)/n soi tou\s e)mautou= po/nous diech=lqon kai\
ta\ e)pikremasqe/nta para\ tw=n fi/lwn kai\ cuggenw=n,
<milestone unit="orgpage" n="259c"/>o(/te th=s par) u(mi=n h)rxo/mhn paidei/as, dei/mata, 
ei) mh\ sfo/dra au)to\s h)pi/staso. ta\ de\ e)n *)iwni/a|
pro\s to\n kai\ ge/nei prosh/konta kai\ fili/a| ma=llon
oi)kei=on o)/nta moi praxqe/nta pro/teron u(pe\r a)ndro\s
ce/nou mikra\ pantelw=s gnwri/mou moi genome/nou,
tou= sofistou= fhmi/, le/lhqen ou)de/n se. a)podhmi/as
de\ ou)x u(pe/sthn tw=n fi/lwn e(/neka; kai/toi *karteri/w|
<milestone unit="orgpage" n="259d"/>me\n oi)=sq) o(/pws sunhra/mhn pro\s to\n e(tai=ron 
h(mi=n a)fiko/menos *)ara/cion a)/klhtos, u(pe\r au)tou=
dehso/menos. u(pe\r de\ tw=n th=s qaumasi/as *)areth=s
kthma/twn kai\ w(=n e)pepo/nqei para\ tw=n geito/nwn
<pb id="v.2.p.218"/>
ou)k ei)s th\n *frugi/an to\ deu/teron a)fiko/mhn e)n
ou)de\ o(/lois mhsi\ du/o, a)sqenou=s h)/dh moi pantelw=s
o)/ntos tou= sw/matos dia\ th\n e)pigenome/nhn u(po\ th=s
pro/teron kakopaqei/as a)rrwsti/an; a)lla\ dh\ to\
teleutai=on pro\ th=s ei)s th\n *(ella/da genome/nhs
h(mi=n a)fi/cews, o(/te peri\ tw=n e)sxa/twn, w(s a)\n
ei)/poien oi( polloi/, kinduneu/wn e)gw\ tw=| stratope/dw|
<milestone unit="orgpage" n="260a"/>pare/menon, o(poi/as e)/grafon e)pistola\s pro\s se\ 
nu=n u(pomnh/sqhti, mh/pote o)durmw=n plh/reis, mh/ti
mikro\n h)\ tapeino\n h)\ li/an a)genne\s e)xou/sas.
a)piw\n de\ e)pi\ th\n *(ella/da pa/lin, o(/te me feu/gein
e)no/mizon pa/ntes, ou)x w(s e)n e(orth=| th=| megi/sth|
th\n tu/xhn e)painw=n h(di/sthn e)/fhn ei)=nai th\n a)moibh\n
<milestone unit="orgpage" n="260b"/>e)moi\ kai\ to\ dh\ lego/menon 
xru/sea xalkei/wn, e(kato/mboi) e)nneaboi/wn
e)/fhn a)nthlla/xqai; ou(/tws a)nti\ th=s e)mautou=
e(sti/as th\n *(ella/da laxw\n e)ganu/mhn, ou)k a)gro/n,
ou) kh=pon, ou) dwma/tion e)kei= kekthme/nos.
*)alla\ i)/sws e)/oika e)gw\ ta\s me\n duspragi/as ou)k
a)gennw=s fe/rein, pro\s de\ ta\s para\ th=s tu/xhs
dwrea\s a)gennh/s tis ei)=nai kai\ mikro/s, o(/ ge a)gapw=n
ta\s *)aqh/nas ma=llon tou= nu=n peri\ h(ma=s o)/gkou, th\n
sxolh\n dh/pouqen e)kei/nhn e)painw=n, dia\ de\ to\
<milestone unit="orgpage" n="260c"/>plh=qos tw=n pra/cewn tou=ton ai)tiw/menos to\n bi/on; 
a)lla\ mh/ pote xrh\ peri\ h(mw=n a)/meinon kri/nein, ou)k
ei)s a)praci/an kai\ pra=cin ble/pontas, ma=llon de\ ei)s
to\ *gnw=qi sauto\n kai\ to\
*)/erdoi d) e(/kastos h(/ntin) ei)dei/h te/xnhn.
<pb id="v.2.p.220"/>
*mei=zon e)/moige fai/netai to\ basileu/ein h)\ kat) 
a)/nqrwpon kai\ fu/sews dei=sqai daimoniwte/ras
<milestone unit="orgpage" n="260d"/>basileu/s, w(/sper ou)=n kai\ *pla/twn e)/lege: kai\ nu=n 
*)aristote/lous ei)s tau)to\ suntei/nonta paragra/yw
lo/gon, ou) glau=ka *)aqhnai/ois a)/gwn, a)ll) o(/ti mh\
panta/pasin a)melw= tw=n e)kei/nou lo/gwn e)pideiknu/menos.
fhsi\ de\ o( a)nh\r e)n toi=s politikoi=s suggra/mmasin:
<q direct="unspecified">*ei) de\ dh/ tis a)/riston qei/h to\
basileu/esqai tai=s po/lesi, pw=s e(/cei ta\ peri\ tw=n
te/knwn; po/teron kai\ to\ ge/nos dei= basileu/ein;
a)lla\ gignome/nwn o(poi=oi/ tines e)/tuxon, blabero/n.
<milestone unit="orgpage" n="261a"/>a)lla\ ou) paradw/sei ku/rios w)\n toi=s te/knois; a)ll) 
ou)k e)/ti r(a/|dion tou=to pisteu=sai: xalepo\n ga\r
kai\ mei/zonos a)reth=s h)\ kat) a)nqrwpi/nhn fu/sin.</q>
e(ch=s de\ peri\ tou= kata\ no/mon legome/nou basile/ws
diecelqw/n, w(s e)sti\n u(phre/ths kai\ fu/lac tw=n
no/mwn, kai\ tou=ton ou)de\ basile/a kalw=n, ou)de\ to\n
toiou=ton ei)=dos politei/as oi)o/menos, prosti/qhsi:
<milestone unit="orgpage" n="261b"/>
            <q direct="unspecified">*peri\ de\ th=s pambasilei/as kaloume/nhs, au(/th d) 
e)sti\ kaq) h(\n a)/rxei pa/ntwn kata\ th\n au(tou= bou/lhsin
o( basileu/s, dokei= tisin ou)de\ kata\ fu/sin ei)=nai
to\ ku/rion e(/na pa/ntwn ei)=nai tw=n politw=n: toi=s
ga\r o(moi/ois fu/sei to\ au)to\ di/kaion a)nagkai=on
ei)=nai.</q> ei)=ta met) o)li/gon fhsi/n: <q direct="unspecified">*(o me\n ou)=n to\n
nou=n keleu/wn a)/rxein dokei= keleu/ein a)/rxein to\n
qeo\n kai\ tou\s no/mous: o( de\ a)/nqrwpon keleu/wn
<pb id="v.2.p.222"/>
               <milestone unit="orgpage" n="261c"/>prosti/qhsi kai\ qhri/a: h(/ te ga\r e)piqumi/a toiou=ton 
kai\ o( qumo\s o(\s diastre/fei kai\ tou\s a)ri/stous
a)/ndras: dio/per a)/neu o)re/cews o( nou=s no/mos e)sti/n.</q>
o(ra=|s, o( filo/sofos e)/oiken e)ntau=qa safw=s a)pistou=nti
kai\ kategnwko/ti th=s a)nqrwpi/nhs fu/sews.
fhsi\ ga\r ou(/tw r(h/mati tou=to le/gwn: ou)demi/an
a)cio/xrewn ei)=nai fu/sin a)nqrwpi/nhn pro\s tosau/thn
<milestone unit="orgpage" n="261d"/>tu/xhs u(peroxh/n: ou)/te ga\r tw=n pai/dwn to\ koinh=| 
toi=s poli/tais sumfe/ron protima=n a)/nqrwpo/n ge
o)/nta r(a/|dion u(polamba/nei, kai\ pollw=n o(moi/wn
a)/rxein ou) di/kaion ei)=nai/ fhsi, kai\ te/los e)piqei\s to\n
kolofw=na toi=s e)/mprosqen lo/gois no/mon me\n ei)=nai/
fhsi to\n nou=n xwri\s o)re/cews, w(=| mo/nw| ta\s
politei/as e)pitre/pein xrh=nai, a)ndrw=n de\ ou)deni/. o(
ga\r e)n au)toi=s nou=s, ka)\n w)=sin a)gaqoi/, sumpe/plektai
qumw=| kai\ e)piqumi/a|, qhri/ois xalepwta/tois.
<milestone unit="orgpage" n="262a"/>tau=ta e)moi\ dokei= toi=s tou= *pla/twnos a)/krws 
o(mologei=n, prw=ton me\n o(/ti krei/ttona xrh\ tw=n
a)rxome/nwn ei)=nai to\n a)/rxonta, ou)k e)pithdeu/sei
mo/non, a)lla\ kai\ fu/sei diafe/ronta: o(/per eu(rei=n
e)n a)nqrw/pois ou) r(a/|dion:... kai\ tri/ton o(/ti pa/sh|
mhxanh=| kata\ du/namin no/mois prosekte/on ou)k e)k tou=
paraxrh=ma keime/nois ou)de\ w(s e)/oike nu=n teqei=sin
u(p) a)ndrw=n ou) pa/nth kata\ nou=n bebiwko/twn, a)ll)
o(/stis ma=llon to\n nou=n kaqarqei\s kai\ th\n yuxh\n
<milestone unit="orgpage" n="262b"/>ou)k ei)s ta\ paro/nta a)forw=n a)dikh/mata ou)de\ ei)s 
<pb id="v.2.p.224"/>
ta\s parestw/sas tu/xas ti/qhsi tou\s no/mous, a)lla\
th\n th=s politei/as fu/sin katamaqw\n kai\ to\
di/kaion oi(=o/n e)sti th=| fu/sei kai\ potapo/n e)sti
ta)di/khma teqeame/nos th=| fu/sei, ei)=q) o(/sa dunato/n
e)stin e)kei=qen e)ntau=qa metafe/rwn kai\ tiqei\s no/mous
toi=s poli/tais koinou/s, ou)/te ei)s fili/an ou)/te ei)s
<milestone unit="orgpage" n="262c"/>e)/xqran a)forw=n ou)/te ei)s gei/tona kai\ cuggenh=: 
krei=sson de/, ei) mhde\ toi=s kaq) e(auto\n a)nqrw/pois,
a)lla\ toi=s u(/steron h)\ ce/nois gra/yas a)pope/mpoi
no/mous, e)/xwn ge ou)de\n ou)de\ e)lpi/zwn pro\s au)tou\s
e(/cein i)diwtiko\n suna/llagma. e)pei\ kai\ to\n *so/lwna
to\n sofo\n a)kou/w meta\ tw=n fi/lwn sumbouleusa/menon
u(pe\r th=s tw=n xrew=n a)naire/sews toi=s me\n
eu)pori/as a)formh/n, au(tw=| de\ ai)sxu/nhs ai)ti/an parasxei=n,
kai\ tau=ta tw=| politeu/mati to\n dh=mon e)leuqerw/santa.
<milestone unit="orgpage" n="262d"/>ou(/tws ou) r(a/|dio/n e)sti ta\s toiau/tas 
e)kfugei=n kh=ras, ka)\n to\n au(tou= nou=n para/sxh| tis
a)paqh= pro\s th\n politei/an.
*(\a dediw\s e)gw\ polla/kis ei)ko/tws e)painw= to\n e)/mprosqen
bi/on, kai\ soi\ peiqo/menos ma/lista tau=ta
e)gw\ dianoou=mai, ou)x o(/ti moi to\n zh=lon pro\s
e)kei/nous mo/non e)/fhs prokei=sqai tou\s a)/ndras,
*so/lwna kai\ *lukou=rgon kai\ *pittako/n, a)lla\ kai\
o(/ti metabh=nai/ me fh\s e)k th=s u(poste/gou filosofi/as
<milestone unit="orgpage" n="263a"/>pro\s th\n u(pai/qrion. w(/sper ou)=n, ei) tw=| 
xalepw=s kai\ mo/lis u(giei/as e(/neka th=s au(tou= gumnazome/nw|
metri/ws oi)/kade prou/leges, o(/ti <q direct="unspecified">*nu=n
h(/keis ei)s *)olumpi/an kai\ metabe/bhkas e)k th=s e)n
tw=| dwmati/w| palai/stras e)pi\ to\ sta/dion tou= *dio/s,
ou(= qeata\s e(/ceis tou/s te a(pantaxo/qen *(/ellhnas
<pb id="v.2.p.226"/>
kai\ prw/tous ge tou\s sautou= poli/tas, u(pe\r w(=n
a)gwni/zesqai xrh/, tina\s de\ kai\ tw=n barba/rwn,
ou(\s e)kplh=cai xrew/n, foberwte/ran au)toi=s th\n
patri/da to/ ge ei)s se\ nu=n h(=kon e)pidei/canta,</q> kate/bales
a)\n eu)qe/ws kai\ tre/mein e)poi/hsas pro\ th=s
<milestone unit="orgpage" n="263b"/>a)gwni/as: ou(/tw ka)me\ nu=n no/mize diateqh=nai toi=s 
toiou/tois lo/gois. kai\ peri\ me\n tou/twn ei)/te o)rqw=s
e)/gnwka nu=n ei)/te e)n me/rei sfa/llomai tou= prosh/kontos
ei)/te kai\ tou= panto\s diamarta/nw, dida/ceis au)ti/ka ma/la.
<milestone unit="orgpage" n="263c"/>*(upe\r de\ w(=n a)porh=sai/ moi pro\s th\n e)pistolh\n 
th\n sh\n pare/sth, w)= fi/lh kefalh\ kai\ pa/shs
e)/moige timh=s a)ci/a, bou/lomai dhlw=sai: safe/steron
ga/r pws u(pe\r au)tw=n e)piqumw= maqei=n. e)/fhsqa
o(/ti to\n e)n th=| pra/cei para\ to\n filo/sofon e)painei=s
bi/on, kai\ to\n *)aristote/lh to\n sofo\n e)ka/leis
ma/rtura, th\n eu)daimoni/an e)n tw=| pra/ttein eu)= tiqe/menon,
kai\ th\n diafora\n skopou=nta tou= te politikou=
bi/ou kai\ th=s e)n th=| qewri/a| zwh=s, diaporei=n
a)/tta peri\ au)tw=n, kai\ th\n me\n qewri/an e)n a)/llois
protima=n, e)painei=n de\ e)ntau=qa tou\s tw=n kalw=n
<milestone unit="orgpage" n="263d"/>pra/cewn a)rxite/ktonas. tou/tous de\ au)to\s me\n 
ei)=nai fh\s tou\s basile/as, *)aristote/lhs de\ ei)/rhken
ou)damou= kata\ th\n u(po\ sou= prosteqei=san le/cin,
ple/on de\ qa/teron e)c w(=n parage/grafas a)/n tis
noh/seie. to\ ga\r <q direct="unspecified">*ma/lista de\ pra/ttein le/gomen
kuri/ws kai\ tw=n e)cwterikw=n pra/cewn tou\s tai=s
dianoi/ais a)rxite/ktonas</q> ei)s tou\s nomoqe/tas kai\
<pb id="v.2.p.228"/>
tou\s politikou\s filoso/fous kai\ pa/ntas a(plw=s
tou\s nw=| te kai\ lo/gw| pra/ttontas, ou)xi\ de\ ei)s tou\s
<milestone unit="orgpage" n="264a"/>au)tourgou\s kai\ tw=n politikw=n pra/cewn e)rga/tas 
ei)rh=sqai nomiste/on: oi(=s ou)k a)po/xrh mo/non e)nqumhqh=nai
kai\ katanoh=sai kai\ to\ prakte/on toi=s
a)/llois fra/sai, prosh/kei de\ au)toi=s e(/kasta metaxeiri/zesqai
kai\ pra/ttein w(=n oi( no/moi diagoreu/ousi
kai\ polla/kis oi( kairoi\ prosanagka/zousi, plh\n
ei) mh\ to\n a)rxite/ktona kalou=men, kaqa/per *(/omhros
to\n *(hrakle/a kalei=n ei)/wqen e)n th=| poih/sei <q direct="unspecified">mega/lwn
e)pii/stora e)/rgwn,</q> au)tourgo/taton a(pa/ntwn geno/menon.
<milestone unit="orgpage" n="264b"/>*ei) de\ tou=t) a)lhqe\s u(polamba/nomen h)\ kai\ mo/non 
e)n tw=| pra/ttein ta\ koina/ famen eu)dai/monas tou\s
kuri/ous o)/ntas kai\ basileu/ontas pollw=n, ti/ pote
peri\ *swkra/tous e)rou=men; *puqago/ran de\ kai\
*dhmo/kriton kai\ to\n *klazome/nion *)anacago/ran
i)/sws dia\ th\n qewri/an kat) a)/llo fh/seis eu)dai/monas:
*swkra/ths de\ th\n qewri/an paraithsa/menos
kai\ to\n praktiko\n a)gaph/sas bi/on ou)de\ th=s gameth=s
<milestone unit="orgpage" n="264c"/>h)=n th=s au(tou= ku/rios ou)de\ tou= paido/s: h)=pou/ 
ge duoi=n h)\ triw=n politw=n e)kei/nw| kratei=n u(ph=rxen;
a)=r) ou)=n ou)k h)=n e)kei=nos praktiko/s, e)pei\ mhdeno\s h)=n
ku/rios; e)gw\ me\n ou)=n *)aleca/ndrou fhmi\ mei/zona
to\n *swfroni/skou katerga/sasqai, th\n *pla/twnos
au)tw=| sofi/an a)natiqei/s, th\n *cenofw=ntos strathgi/an,
th\n *)antisqe/nous a)ndrei/an, th\n *)eretrikh\n
filosofi/an, th\n *megarikh/n, to\n *ke/bhta,
<pb id="v.2.p.230"/>
            <milestone unit="orgpage" n="264d"/>to\n *simmi/an, to\n *fai/dwna, muri/ous a)/llous: kai\ 
ou)/pw fhmi\ ta\s genome/nas h(mi=n e)nqe/nd) a)poiki/as,
to\ *lu/keion, th\n *stoa/n, ta\s *)akadhmei/as. ti/s ou)=n
e)sw/qh dia\ th\n *)aleca/ndrou ni/khn; ti/s po/lis
a)/meinon w)|kh/qh; ti/s au(tou= ge/gone belti/wn i)diw/ths
a)nh/r; plousiwte/rous me\n ga\r pollou\s a)\n
eu(/rois, sofw/teron de\ ou)de/na ou)de\ swfrone/steron
au)to\n au(tou=, ei) mh\ kai\ ma=llon a)lazo/na kai\
u(pero/pthn. o(/soi de\ sw/zontai nu=n e)k filosofi/as,
dia\ to\n *swkra/th sw/zontai. kai\ tou=to ou)k e)gw\
<milestone unit="orgpage" n="265a"/>mo/nos, *)aristote/lhs de\ pro/teros e)/oiken e)nnoh/sas 
ei)pei=n, o(/ti mh\ mei=on au)tw=| prosh/kei fronei=n e)pi\ th=|
qeologikh=| suggrafh=| tou= kaqelo/ntos th\n *persw=n
du/namin. kai/ moi dokei= tou=to e)kei=nos o)rqw=s cunnoh=sai:
nika=n me\n ga\r a)ndrei/as e)sti\ ma/lista kai\
th=s tu/xhs, kei/sqw de/, ei) bou/lei, kai\ th=s e)ntrexou=s
tau/ths fronh/sews, a)lhqei=s de\ u(pe\r tou= qeou= do/cas
a)nalabei=n ou)k a)reth=s mo/non th=s telei/as e)/rgon
<milestone unit="orgpage" n="265b"/>e)sti/n, a)ll) e)pisth/seien a)/n tis ei)ko/tws, po/teron 
xrh\ to\n toiou=ton a)/ndra h)\ qeo\n kalei=n. ei) ga\r
o)rqw=s e)/xei to\ lego/menon, o(/ti pe/fuken e(/kaston
u(po\ tw=n oi)kei/wn gnwri/zesqai, th\n qei/an ou)si/an o(
gnwri/sas qei=o/s tis a)\n ei)ko/tws nomi/zoito.
<pb id="v.2.p.232"/>
*)all) e)peidh\ pa/lin e)oi/kamen ei)s to\n qewrhmatiko\n
o(rmh/santes bi/on tou/tw| paraba/llein to\n
praktiko/n, e)c a)rxh=s paraithsame/nou kai\ sou= th\n
<milestone unit="orgpage" n="265c"/>su/gkrisin, au)tw=n e)kei/nwn, w(=n e)pemnh/sqhs, *)arei/ou, 
*nikola/ou, *qrasu/llou kai\ *mouswni/ou mnhmoneu/sw.
tou/twn ga\r ou)x o(/pws tis h)=n ku/rios th=s
au(tou= po/lews, a)ll) o( me\n *)/areios, w(s fasi/, kai\
didome/nhn au)tw=| th\n *ai)/gupton e)pitropeu=sai
parh|th/sato, *qra/sullos de\ *tiberi/w| pikrw=| kai\
fu/sei xalepw=| tura/nnw| cuggeno/menos, ei) mh\ dia\
tw=n kataleifqe/ntwn u(p) au)tou= lo/gwn a)pelogh/sato,
<milestone unit="orgpage" n="265d"/>dei/cas o(/stis h)=n, w)=flen a)\n ei)s te/los ai)sxu/nhn 
a)napa/llakton, ou(/tws au)to\n ou)de\n w)/nhsen h(
politei/a, *niko/laos de\ pra/cewn me\n ou) mega/lwn
au)tourgo\s ge/gone, gnw/rimos de/ e)sti ma=llon dia\
tou\s u(pe\r au)tw=n lo/gous, kai\ *mousw/nios e)c w(=n
e)/paqen a)ndrei/ws kai\ nh\ *di/) h)/negken e)gkratw=s th\n
tw=n tura/nnwn w)mo/thta ge/gone gnw/rimos, i)/sws ou)k
e)/latton eu)daimonw=n e)kei/nwn tw=n ta\s mega/las
e)pitropeusa/ntwn basilei/as. *)/areios de\ o( th\n
<milestone unit="orgpage" n="266a"/>e)pitroph\n th=s *ai)gu/ptou paraithsa/menos e(kw\n 
au(to\n a)peste/rei tou= krati/stou te/lous ei) tou=t)
w)/|eto kuriw/taton. su\ de\ au)to\s h(mi=n a)/praktos ei)=,
mh/te strathgw=n mh/te dhmhgorw=n mh/te e)/qnous h)\
po/lews a)/rxwn; a)ll) ou)k a)\n fai/h nou=n e)/xwn
a)nh/r. e)/cesti ga/r soi filoso/fous pollou\s a)pofh/nanti,
ei) de\ mh/, trei=s h)\ te/ttaras mei/zona to\n
bi/on eu)ergeth=sai tw=n a)nqrw/pwn pollw=n o(mou=
<milestone unit="orgpage" n="266b"/>basile/wn. ou) mikra=s ga\r meri/dos o( filo/sofos 
<pb id="v.2.p.234"/>
proe/sthken, ou)de/, kaqa/per e)/fhs, sumboulh=s e)sti
mo/nhs th=s u(pe\r tw=n koinw=n e)kei=nos ku/rios, ou)de\ h(
pra=cis ei)s lo/gon au)=qis au)tw=| perii/statai, e)/rgw| de\
bebaiw=n tou\s lo/gous kai\ faino/menos toiou=tos,
o(poi/ous bou/letai tou\s a)/llous ei)=nai, piqanw/teros
a)\n ei)/h kai\ pro\s to\ pra/ttein a)nusimw/teros tw=n e)c
<milestone unit="orgpage" n="266c"/>e)pita/gmatos e)pi\ ta\s kala\s pra/ceis parormw/ntwn. 
*)all) e)panite/on ei)s a)rxh\n kai\ sumperante/on
th\n e)pistolh\n mei/zona i)/sws ou)=san tou= de/ontos.
e)/sti de\ e)n au)th=| to\ kefa/laion, o(/ti mh/te to\n po/non
feu/gwn mh/te th\n h(donh\n qhreu/wn mh/te a)pragmosu/nhs
kai\ r(a|stw/nhs e)rw=n to\n e)n th=| politei/a|
dusxerai/nw bi/on: a)ll), o(/per e)/fhn e)c a)rxh=s, ou)/te
<milestone unit="orgpage" n="266d"/>paidei/an e)mautw=| suneidw\s tosau/thn ou)/te fu/sews 
u(peroxh/n, kai\ prose/ti dediw/s, mh\ filosfi/an, h(=s
e)rw=n ou)k e)fiko/mhn, ei)s tou\s nu=n a)nqrw/pous ou)de\
a)/llws eu)dokimou=san diaba/llw, pa/lai te e)/grafon
e)kei=na kai\ nu=n ta\s par) u(mw=n e)pitimh/seis a)pelusa/mhn ei)s du/namin.
*didoi/h de\ o( qeo\s th\n a)ri/sthn tu/xhn kai\
fro/nhsin a)ci/an th=s tu/xhs, w(s e)gw\ nu=n e)/k te
tou= krei/ttonos to/ ge ple/on kai\ par) u(mw=n tw=n
<milestone unit="orgpage" n="267a"/>filosofou/ntwn a(pa/sh| mhxanh=| bohqhte/os ei)=nai/ 
moi dokw=, protetagme/nos u(mw=n kai\ prokinduneu/wn.
ei) de/ ti mei=zon a)gaqo\n th=s h(mete/ras paraskeuh=s
kai\ h(=s u(pe\r e)mautou= gnw/mhs e)/xw toi=s a)nqrw/pois
di) h(mw=n o( qeo\s para/sxoi, xalepai/nein ou) xrh\
pro\s tou\s e)mou\s lo/gous. e)gw\ ga\r ou)de\n e)mautw=|
<pb id="v.2.p.236"/>
suneidw\s a)gaqo\n plh\n tou=to mo/non, o(/ti mhde\
oi)/omai ta\ me/gista e)/xein e)/xwn te ou)de/n, w(s
o(ra=|s au)to/s, ei)ko/tws bow= kai\ martu/romai mh\
<milestone unit="orgpage" n="267b"/>mega/la par) h(mw=n a)paitei=n, a)lla\ tw=| qew=| to\ 
pa=n e)pitre/pein: ou(/tw ga\r e)gw\ tw=n te e)lleimma/twn
ei)/hn a)\n a)neu/qunos kai/, genome/nwn a(pa/ntwn
deciw=n, eu)gnw/mwn a)\n kai\ me/trios ei)/hn, ou)k
a)llotri/ois e)mauto\n e)/rgois e)pigra/fwn, tw=| qew=|
de/, w(/sper ou)=n di/kaion, prosanateqeikw\s a(/panta
au)to/s te ei)/somai kai\ u(ma=s protre/pw th\n xa/rin ei)de/nai.</p>
      </body>
   </text>
</TEI.2>