<?xml version="1.0" encoding="UTF-8"?><TEI.2>
<teiHeader>
<fileDesc>
<titleStmt>
<title>Gallus</title>
<title type="sub">Machine readable text</title>
<author n="Plut.">Lucian</author>
<editor role="editor" n="Loeb">A. M. Harmon</editor>
<sponsor>Perseus Project, Tufts University</sponsor>
<principal>Gregory Crane</principal>
<respStmt>
<resp>Prepared under the supervision of</resp>
<name>Lisa Cerrato</name>
<name>William Merrill</name>
<name>Elli Mylonas</name>
<name>David Smith</name>
</respStmt>
<funder n="org:NEH">The National Endowment for the Humanities</funder>
<funder n="org:Google">Google Digital Humanities Awards Program</funder>
</titleStmt>
<extent/>
<publicationStmt>
<publisher>Trustees of Tufts University</publisher>
<pubPlace>Medford, MA</pubPlace>
<authority>Perseus Project</authority>
</publicationStmt>
<sourceDesc>
<listBibl>
<biblStruct>
<monogr>
<author>Lucian</author>
<title>Works</title>
<respStmt>
<resp>with an English Translation by</resp>
<name>A. M. Harmon</name>
</respStmt>
<imprint>
<pubPlace>Cambridge, MA</pubPlace>
<publisher>Harvard University Press</publisher>
<pubPlace>London</pubPlace>
<publisher>William Heinemann Ltd.</publisher>
<date>1915</date>
</imprint>
<biblScope type="volume">2</biblScope>
</monogr>
</biblStruct>
</listBibl>
</sourceDesc>
</fileDesc>
<encodingDesc>
<editorialDecl>
<correction method="silent">
<p>optical character recognition</p>
</correction>
</editorialDecl>
<refsDecl doctype="TEI.2">
<state unit="section" n="chunk"/>
</refsDecl>
</encodingDesc>
<profileDesc>
<langUsage>
<language id="greek">Greek</language>
</langUsage>
</profileDesc>
</teiHeader>
<text>
<body>
<pb id="v.2.p.172"/>
<div1 type="section" n="1">
<sp>
<speaker>Μίκυλλος</speaker>
<p>
                   ἀλλὰ σέ, κάκιστε ἀλεκτρυών, ὁ Ζεὺς αὐτὸς ἐπιτρίψειε φθονερὸν οὕτω καὶ ὀξύφωνον ὄντα, ὃς
με πλουτοῦντα καὶ ἡδίστῳ ὀνείρῳ συνόντα καὶ
θαυμαστὴν εὐδαιμονίαν εὐδαιμονοῦντα διάτορόν
τι καὶ γεγωνὸς ἀναβοήσας ἐπήγειρας, ὡς μηδὲ
νύκτωρ γοῦν τὴν πολὺ σοῦ μιαρωτέραν πενίαν
διαφύγοιμι. καίτοι εἴ γε χρὴ τεκμαίρεσθαι τῇ τε ἡσυχίᾳ πολλῇ ἔτι οὔσῃ καὶ τῷ κρύει μηδέπω με
τὸ ὄρθριον ὥσπερ εἴωθεν ἀποπηγνύντι — γνώμων γὰρ οὗτος ἀψευδέστατός μοι προσελαυνούσης ἡμέρας — οὐδέπω μέσαι νύκτες εἰσίν, ὁ δὲ ἄϋπνος οὗτος ὥσπερ τὸ χρυσοῦν ἐκεῖνο κώδιον φυλάττων
ἀφʼ ἑσπέρας εὐθὺς ἤδη κέκραγεν, ἀλλʼ οὔτι χαίρων
γε· ἀμυνοῦμαι γὰρ ἀμέλει σε, ἢν μόνον ἡμέρα γένηται, συντρίβων τῇ βακτηρίᾳ· νῦν δέ μοι πράγματα παρέξεις μεταπηδῶν ἐν τῷ σκότῳ.
</p>
</sp>
<sp>
<speaker>Ἀλεκτρυών</speaker>
<p> Μίκυλλε δέσποτα, ᾤμην τι χαριεῖσθαί σοι φθάνων τῆς νυκτὸς ὁπόσον δυναίμην, ὡς ἔχοις ὀρθρευόμενος προανύειν τὰ πολλὰ τῶν ἔργων εἰ ˘ γοῦν πρὶν ἀνατεῖλαι ἥλιον μίαν κρηπῖδα
<pb id="v.2.p.174"/> ἐξεργάσαιο, πρὸ ὁδοῦ ἔσῃ τοῦτο ἐς τὰ ἄλφιτα
πεπονηκώς. εἰ δέ σοι καθεύδειν ἥδιον, ἐγὼ μὲν
ἡσυχάσομαί σοι καὶ πολὺ ἀφωνότερος ἔσομαι τῶν ἰχθύων, σὺ δὲ ὅρα ὅπως μὴ ὄναρ πλουτῶν λιμώττῃς ἀνεγρόμενος.
</p>
</sp>
</div1>
<div1 type="section" n="2">
<sp>
<speaker>Μίκυλλος</speaker>
<p>
                   ὦ Ζεῦ τεράστιε καὶ Ἡράκλεις ἀλεξίκακε, τί τὸ κακὸν τοῦτό ἐστιν; ἀνθρωπίνως ἐλάλησεν ὁ
ἀλεκτρυών.
</p>
</sp>
<sp>
<speaker>Ἀλεκτρυών</speaker>
<p>
εἶτά σοι τέρας εἶναι δοκεῖ τὸ τοιοῦτον, εἰ ὁμόφωνος ὑμῖν εἰμι;
</p>
</sp>
<sp>
<speaker>Μίκυλλος</speaker>
<p> πῶς γὰρ οὐ τέρας; ἀλλʼ ἀποτρέποιτε, ὦ θεοί,
τὸ δεινὸν ἀφʼ ἡμῶν.
</p>
</sp>
<sp>
<speaker>Ἀλεκτρυών</speaker>
<p>
σύ μοι δοκεῖς, ὦ Μίκυλλε, κομιδῇ ἀπαίδευτος
εἶναι μηδὲ ἀνεγνωκέναι τὰ Ὁμήρου ποιήματα, ἐν οἷς καὶ ὁ τοῦ Ἀχιλλέως ἵππος ὁ Ξάνθος μακρὰ χαίρειν φράσας τῷ χρεμετίζειν ἕστηκεν ἐν μέσῳ
τῷ πολέμῳ διαλεγόμενος, ἔπη ὅλα ῥαψῳδῶν, οὐχ
ὥσπερ ἐγὼ νῦν ἄνευ τῶν μέτρων. ἀλλὰ καὶ ἐμαντεύετο ἐκεῖνος καὶ τὰ μέλλοντα προεθέσπιζε καὶ οὐδέν τι παράδοξον ἐδόκει ποιεῖν, οὐδὲ ὁ ἀκούων ἐπεκαλεῖτο ὥσπερ σὺ τὸν ἀλεξίκακον,
ἀποτρόπαιον ἡγούμενος τὸ ἄκουσμα. καίτοι τί ἂν ἐποίησας, εἴ σοι ἡ τῆς Ἀργοῦς τρόπις ἐλάλησεν ὥσπερ ποτέ, ἢ ἡ φηγὸς ἐν Δωδώνῃ
αὐτόφωνος ἐμαντεύσατο, ἢ εἰ βύρσας εἶδες ἑρπούσας καὶ βοῶν κρέα μυκώμενα ἡμίοπτα ˘ περιπεπαρμένα τοῖς ὀβελοῖς; ἐγὼ δὲ Ἑρμοῦ
<pb id="v.2.p.176"/>
πάρεδρος ὢν λαλιστάτου καὶ λογιωτάτου θεῶν
ἁπάντων καὶ τὰ ἄλλα ὁμοδίαιτος ὑμῖν καὶ σύντροφος οὐ χαλεπῶς ἔμελλον ἐκμαθήσεσθαι τὴν ἀνθρωπίνην φωνήν. εἰ δὲ ἐχεμυθήσειν ὑπόσχοιό μοι, οὐκ ἂν
ὀκνήσαιμί σοι τὴν ἀληθεστέραν αἰτίαν εἰπεῖν τῆς πρὸς ὑμᾶς ὁμοφωνίας καὶ ὅθεν ὑπάρχει μοι
οὕτω λαλεῖν.
</p>
</sp>
</div1>
<div1 type="section" n="3">
<sp>
<speaker>Μίκυλλος</speaker>
<p>
                   ἀλλὰ μὴ ὄνειρος καὶ ταῦτά ἐστιν, ἀλεκτρυὼν
οὕτω πρὸς ἐμὲ διαλεγόμενος; εἰπὲ δʼ οὖν πρὸς τοῦ Ἑρμοῦ, ὦ βέλτιστε, ὅ τι καὶ ἄλλο σοι τῆς φωνῆς αἴτιον. ὡς δὲ σιωπήσομαι καὶ πρὸς οὐδένα ἐρῶ,
τι σε χρὴ δεδιέναι; τίς  γὰρ ἂν πιστεύσειέ μοι, εἴ τι διηγοίμην ὡς ἀλεκτρυόνος αὐτὸ εἰπόντος ἀκηκοώς;
</p>
</sp>
<sp>
<speaker>Ἀλεκτρυών</speaker>
<p> ἄκουε τοίνυν παραδοξότατόν σοι εὖ οἶδʼ ὅτι λόγον, ὦ Μίκυλλε· οὑτοσὶ γὰρ ὁ νῦν σοι ἀλεκτρυὼν φαινόμενος οὐ πρὸ πολλοῦ ἄνθρωπος ἦν.
</p>
</sp>
<sp>
<speaker>Μίκυλλος</speaker>
<p>
ἤκουσά τι καὶ πάλαι τοιοῦτον ἀμέλει περὶ
ὑμῶν ὡς Ἀλεκτρυών τις νεανίσκος φίλος γένοιτο
τῷ Ἄρει καὶ συμπίνοι τῷ θεῷ καὶ συγκωμάζοι καὶ κοινωνοίη τῶν ἐρωτικῶν εἴποτε γοῦν ἀπίοι παρὰ τὴν Ἀφροδίτην μοιχεύσων ὁ Ἄρης, ἐπάγεσθαι
καὶ τὸν Ἀλεκτρυόνα, καὶ ἐπειδήπερ τὸν Ἥλιον
μάλιστα ὑφεωρᾶτο, μὴ κατιδὼν ἐξείποι πρὸς τὸν
Ἥφαιστον, ἔξω πρὸς ταῖς θύραις ἀπολείπειν ἀεὶ
τὸν νεανίσκον μηνύσοντα ὁπότε ἀνίσχοι ὁἭλιος.
εἶτά ποτε κατακοιμηθῆναι τὸν Ἀλεκτρυόνα καὶ προδοῦναι τὴν φρουρὰν ἄκοντα τὸν δὲ Ἥλιον
<pb id="v.2.p.178"/>
λαθόντα ἐπιστῆναι τῇ Ἀφροδίτῃ καὶ τῷ Ἄρει
ἀφρόντιδι ἀναπαυομένῳ διὰ τὸ πιστεύειν τὸν
Ἀλεκτρυόνα μηνῦσαι ἄν, εἴ τις ἐπίοι· καὶ οὕτω τὸν Ἥφαιστον παρʼ Ἡλίου μαθόντα συλλαβεῖν
αὐτοὺς περιβαλόντα καὶ σαγηνεύσαντα τοῖς δεσμοῖς ἃ πάλαι μεμηχάνητο ἐπʼ αὐτούς· ἀφεθέντα
δὲ ὡς ἀφείθη τὸν Ἄρη ἀγανακτῆσαι κατὰ τοῦ
Ἀλεκτρυόνος καὶ μεταβαλεῖν αὐτὸν εἰς τουτὶ τὸ
ὄρνεον αὐτοῖς ὅπλοις, ὡς ἔτι τοῦ κράνους τὸν λόφον ἔχειν ἐπὶ τῇ κεφαλῇ. διὰ τοῦτο ὑμᾶς ἀπολογουμένους τῷ Ἄρει ὅτʼ οὐδὲν ὄφελος, ἐπειδὰν
αἴσθησθε ἀνελευσόμενον τὸν ἥλιον, πρὸ πολλοῦ βοᾶν ἐπισημαινομένους τὴν ἀνατολὴν αὐτοῦ.
</p>
</sp>
</div1>
<div1 type="section" n="4">
<sp>
<speaker>Ἀλεκτρυών</speaker>
<p>
                   φασὶ μὲν καὶ ταῦτα, ὦ Μίκυλλε, τὸ δὲ ἐμὸν
ἑτεροῖόν τι ἐγένετο, καὶ πάνυ ἔναγχος εἰς ἀλεκτρυόνα σοι μεταβέβηκα.
</p>
</sp>
<sp>
<speaker>Μίκυλλος</speaker>
<p> πῶς; ἐθέλω γὰρ τοῦτο μάλιστα εἰδέναι·
</p>
</sp>
<sp>
<speaker>Ἀλεκτρυών</speaker>
<p>
ἀκούεις τινὰ Πυθαγόραν Μνησαρχίδην Σάμιον;˘
</p>
</sp>
<sp>
<speaker>Μίκυλλος</speaker>
<p> τὸν σοφιστὴν λέγεις, τὸν ἀλαζόνα, ὃς ἐνομοθέτει μήτε κρεῶν γεύεσθαι μήτε κυάμους ἐσθίειν,
ἥδιστον ἐμοὶ γοῦν ὄψον ἐκτράπεζον ἀποφαίνων, ἔτι δὲ πείθων τοὺς ἀνθρώπους ὡς πρὸ τοῦ
<pb id="v.2.p.180"/>
Πυθαγόρου Εὔφορβος γένοιτο; ˘ γόητά φασι καὶ
τερατουργὸν ἄνθρωπον, ὦ ἀλεκτρυών.
</p>
</sp>
<sp>
<speaker>Ἀλεκτρυών</speaker>
<p>
ἐκεῖνος αὐτὸς ἐγὼ σοί εἰμι ὁ Πυθαγόρας. ὥστε
παῦʼ , ὦγαθέ, λοιδορούμενός μοι, καὶ ταῦτα οὐκ εἰδὼς οἷός τις ἦν τὸν τρόπον.
</p>
</sp>
<sp>
<speaker>Μίκυλλος</speaker>
<p>
τοῦτʼ αὖ μακρῷ ἐκείνου τερατωδέστερον, ἀλεκτρυὼν φιλόσοφος. εἰπὲ δὲ ὅμως, ὦ Μνησάρχου παῖ, ὅπως ἡμῖν ἀντὶ μὲν ἀνθρώπου ὄρνις, ἀντὶ δὲ Σαμίου Ταναγραῖος ἀναπέφηνας· οὐ πιθανὰ γὰρ ταῦτα οὐδὲ πάνυ πιστεῦσαι ῥᾴδια, ἐπεὶ καὶ δύʼ ἤδη μοι τετηρηκέναι δοκῶ πάνυ ἀλλότρια ἐν σοὶ τοῦ Πυθαγόρου.
</p>
</sp>
<sp>
<speaker>Ἀλεκτρυών</speaker>
<p>
τὰ ποῖα;
</p>
</sp>
<sp>
<speaker>Μίκυλλος</speaker>
<p>
ἓν μὲν ὅτι λάλος εἶ καὶ κρακτικός, ὁ δὲ σιωπᾶν
ἐς πέντε ὅλα ἔτη, οἶμαι, παρῄνει, ἕτερον δὲ καὶ παντελῶς παράνομον οὐ γὰρ ἔχων ὅ τι σοι παραβάλοιμι εἰ μὴ κυάμους χθὲς ἧκον ὡς οἶσθα καὶ
σὺ οὐδὲ μελλήσας ἀνέλεξας αὐτούς· ὥστε ἢ
ἐψεῦσθαί σοι ἀνάγκη καὶ ἄλλῳ εἶναι ἢ Πυθαγόρᾳ ὄντι
παρανενομηκέναι καὶ τὸ ἴσον ἠσεβηκέναι κυάμους
φαγόντα ὡς ἂν εἰ τὴν κεφαλὴν τοῦ πατρὸς ἐδηδόκεις.
<pb id="v.2.p.182"/>
</p>
</sp>
</div1>
<div1 type="section" n="5">
<sp>
<speaker>Ἀλεκτρυών</speaker>
<p>
                   οὐ γὰρ οἶσθα, ὦ Μίκυλλε, ἥτις αἰτία τούτων
οὐδὲ τὰ πρόσφορα ἑκάστῳ βίῳ. ἐγὼ δὲ τότε μὲν οὐκ ἤσθιον τῶν κυάμων, ἐφιλοσόφουν γάρ· νῦν δὲ φάγοιμʼ ἄν, ὀρνιθικὴ γὰρ καὶ οὐκ ἀπόρρητος ἡμῖν ἡ τροφή. πλὴν ἀλλʼ εἴ σοι φίλον, ἄκουε ὅπως ἐκ Πυθαγόρου τοῦτο νῦν εἰμι καὶ ἐν οἵοις βίοις πρότερον ἐβιότευσα καὶ ἅτινα τῆς μεταβολῆς
ἑκάστης ἀπολέλαυκα.
</p>
</sp>
<sp>
<speaker>Μίκυλλος</speaker>
<p>
λέγοις ἂν ὡς ἔμοιγε ὑπερήδιστον ἂν τὸ ἄκουσμα γένοιτο, ὥστε εἴ τις αἵρεσιν προθείη, πότερα
μᾶλλον ἐθέλω σοῦ ἀκούειν τὰ τοιαῦτα διεξιόντος ἢ τὸν πανευδαίμονα ὄνειρον ἐκεῖνον αὖθις ὁρᾶν τὸν μικρὸν ἔμπροσθεν, οὐκ οἶδα ὁπότερον ἂν ἑλοίμην
οὕτως ἀδελφὰ ἡγοῦμαι τὰ σὰ τοῖς ἡδίστοις
φανεῖσι καὶ ἐν ἴσῃ ὑμᾶς τιμῇ ἄγω, σέ τε καὶ τὸ πολυτίμητον ἐνύπνιον.
</p>
</sp>
<sp>
<speaker>Ἀλεκτρυών</speaker>
<p>
ἔτι γὰρ σὺ ἀναπεμπάζῃ τὸν ὄνειρον ὅστις ποτὲ
ὁ φανείς σοι ἦν καί τινα ἰνδάλματα μάταια
διαφυλάττεις, κενὴν καὶ ὡς ὁ ποιητικὸς λόγος φησὶν
ἀμενηνήν τινα εὐδαιμονίαν τῇ μνήμῃ μεταδιώκων;
</p>
</sp>
</div1>
<div1 type="section" n="6">
<sp>
<speaker>Μίκυλλος</speaker>
<p>
                   ἀλλʼ οὐδʼ ἐπιλήσομαί ποτε, ὦ ἀλεκτρυών, εὖ ἴσθι, τῆς ὄψεως ἐκείνης· οὕτω μοι πολὺ τὸ μέλι
ἐν τοῖς ὀφθαλμοῖς ὁ ὄνειρος καταλιπὼν ᾤχετο, ὡς
μόγις ἀνοίγειν τὰ βλέφαρα ὑπʼ αὐτοῦ εἰς ὕπνον
αὖθις κατασπώμενα. οἷον γοῦν ἐν τοῖς ὠσὶ τὰ
πτερὰ ἐργάζεται στρεφόμενα, τοιοῦτον γάργαλον
παρείχετό μοι τὰ ὁρώμενα.
<pb id="v.2.p.184"/>
</p>
</sp>
<sp>
<speaker>Ἀλεκτρυών</speaker>
<p> Ἡράκλεις, δεινόν τινα φὴς τὸν ὄνειρον εἴ γε πτηνὸς ὤν, ὥς φασιν, καὶ ὅρον ἔχων τῆς πτήσεως τὸν ὕπνον ὑπὲρ τὰ ἐσκαμμένα ἤδη πηδᾷ καὶ ἐνδιατρίβει ἀνεῳγόσι τοῖς ὀφθαλμοῖς μελιχρὸς οὕτως καὶ ἐναργὴς φαινόμενος· ἐθέλω γοῦν ἀκοῦσαι οἷὸς
τίς  ἐστιν οὕτω σοι τριπόθητος ὤν.
</p>
</sp>
<sp>
<speaker>Μίκυλλος</speaker>
<p>
ἕτοιμος λέγειν ἡδὺ γοῦν τὸ μεμνῆσθαι καὶ
διεξιέναι τι περὶ αὐτοῦ. σὺ δὲ πηνίκα, ὦ Πυθαγόρα, διηγήσῃ τὰ περὶ τῶν μεταβολῶν;
</p>
</sp>
<sp>
<speaker>Ἀλεκτρυών</speaker>
<p> ἐπειδὰν σύ, ὦ Μίκυλλε, παύσῃ ὀνειρώττων καὶ
ἀποψήσῃ ἀπὸ τῶν βλεφάρων τὸ μέλι· νῦν δὲ πρότερος εἰπέ, ὡς μάθω εἴτε διὰ τῶν ἐλεφαντίνων πυλῶν εἴτε διὰ τῶν κερατίνων σοι ὁ ὄνειρος ἧκε πετόμενος.
</p>
</sp>
<sp>
<speaker>Μίκυλλος</speaker>
<p>
οὐδὲ διʼ ἑτέρας τούτων, ὦ Πυθαγόρα.
</p>
</sp>
<sp>
<speaker>Ἀλεκτρυών</speaker>
<p> καὶ μὴν Ὅμηρος δύο ταύτας λέγει.
</p>
</sp>
<sp>
<speaker>Μίκυλλος</speaker>
<p>
ἔα χαίρειν τὸν λῆρον ἐκεῖνον ποιητὴν οὐδὲν εἰδότα ὀνείρων πέρι. οἱ πένητες ἴσως ὄνειροι διὰ τῶν τοιούτων ἐξίασιν, οἵους ἐκεῖνος ἑώρα οὐδὲ
πάνυ σαφῶς τυφλὸς αὐτὸς ὤν, ἐμοὶ δὲ διὰ χρυσῶν τινων πυλῶν ὁ ἥδιστος ἀφίκετο, χρυσοῦς καὶ
<pb id="v.2.p.186"/>
αὐτὸς καὶ χρυσᾶ πάντα, περιβεβλημένος καὶ πολὺ ἐπαγόμενος χρυσίον.
</p>
</sp>
<sp>
<speaker>Ἀλεκτρυών</speaker>
<p> παῦε, ὦ Μίδα βέλτιστε, χρυσολογῶν ἀτεχνῶς γὰρ ἐκ τῆς ἐκείνου σοι εὐχῆς τὸ ἐνύπνιον καὶ μέταλλα ὅλα χρύσεια κεκοιμῆσθαί μοι δοκεῖς.
</p>
</sp>
</div1>
<div1 type="section" n="7">
<sp>
<speaker>Μίκυλλος</speaker>
<p>
                   πολύ, ὦ Πυθαγόρα, χρυσίον εἶδον, πολύ, πῶς οἴει καλὸν ἢ οἵαν τὴν αὐγὴν ἀπαστράπτον; τί ποτε ὁ Πίνδαρός φησι περὶ αὐτοῦ ἐπαινῶν  — ἀνάμνησον γάρ με, εἴπερ οἶσθα — ὁπότε ὕδωρ ἄριστον εἰπὼν εἶτα τὸ χρυσίον θαυμάζει, εὖ ποιῶν, ἐν ἀρχῇ
εὐθὺς τοῦ καλλίστου τῶν ᾀσμάτων ἁπάντων;
</p>
</sp>
<sp>
<speaker>Ἀλεκτρυών</speaker>
<p> μῶν ἐκεῖνο ζητεῖς,
ἄριστον μὲν ὕδωρ, ὁ δὲ χρυσὸς αἰθόμενον πῦρ
ἅτε διαπρέπει νυκτὶ μεγάνορος ἔξοχα πλούτου;
</p>
</sp>
<sp>
<speaker>Μίκυλλος</speaker>
<p>
νὴ Δία αὐτὸ τοῦτο· ὥσπερ γὰρ τοὐμὸν
ἐνύπνιον ἰδὼν ὁ Πίνδαρος οὕτως ἐπαινεῖ τὸ χρυσίον.
ὡς δὲ ἤδη μάθῃς οἷόν τι ἦν, ἄκουσον, ὦ σοφώτατε
ἀλεκτρυών. ὅτι μὲν οὐκ οἰκόσιτος ἦν χθές, οἶσθα·
Εὐκράτης γάρ με ὁ πλούσιος ἐντυχὼν ἐν ἀγορᾷ λουσάμενον ἥκειν ἐκέλευε τὴν ὥραν ἐπὶ τὸ δεῖπνον,
<pb id="v.2.p.188"/>
</p>
</sp>
</div1>
<div1 type="section" n="8">
<sp>
<speaker>Ἀλεκτρυών</speaker>
<p>
                   οἶδα πάνυ τοῦτο πεινήσας παρʼ ὅλην τὴν
ἡμέραν, ἄχρι μοι βαθείας ἤδη ἑσπέρας ἧκες ὑποβεβρεγμένος τοὺς πέντε κυάμους ἐκείνους κομίζων, οὐ πάνυ δαψιλὲς τὸ δεῖπνον ἀλεκτρυόνι ἀθλητῇ ποτε γενομένῳ καὶ Ὀλύμπια οὐκ ἀφανῶς ἀγωνισαμένῳ.
</p>
</sp>
<sp>
<speaker>Μίκυλλος</speaker>
<p>
ἐπεὶ δὲ δειπνήσας ἐπανῆλθον, ἐκάθευδον εὐθὺς
τοὺς κυάμους σοι παραβαλών, εἶτά μοι κατὰ τὸν Ὅμηρον <q direct="unspecified"> ἀμβροσίην διὰ νύκτα θεῖὸς</q>  τις ὡς ἀληθῶς ὄνειρος ἐπιστὰς  <gap/>
</p>
</sp>
<sp>
<speaker>Ἀλεκτρυών</speaker>
<p>
τὰ παρὰ τῷ Εὐκράτει πρότερον, ὦ Μίκυλλε, διήγησαι, καὶ τὸ δεῖπνον οἷον ἐγένετο καὶ τὰ ἐν τῷ συμποσίῳ πάντα· κωλύει γὰρ οὐδὲν αὖθίς σε δειπνεῖν ὥσπερ ὄνειρόν τινα τοῦ δείπνου ἐκείνου ἀναπλάττοντα καὶ ἀναμαρυκώμενον τῇ μνήμῃ τὰ βεβρωμένα.
</p>
</sp>
</div1>
<div1 type="section" n="9">
<sp>
<speaker>Μίκυλλος</speaker>
<p>
                   ὤιμην ἐνοχλήσειν καὶ ταῦτα διηγούμενος· ἐπεὶ
δὲ σὺ προθυμῇ, καὶ δὴ λέγω. οὐ πρότερον, ὦ Πυθαγόρα, παρὰ πλουσίῳ τινὶ δειπνήσας ἐν
ἅπαντι τῷ βίῳ, τύχῃ τινὶ ἀγαθῇ ἐντυγχάνω χθὲς τῷ Εὐκράτει, καὶ ἐγὼ μὲν προσειπὼν αὐτὸν
ὥσπερ εἰώθειν δεσπότην ἀπηλλαττόμην, ὡς μὴ καταισχύναιμι αὐτὸν ἐν πενιχρῷ τῷ τρίβωνι
συμπαρομαρτῶν, ὁ δέ, <q direct="unspecified"> Μίκυλλε,</q>  φησί, <q direct="unspecified"> θυγατρὸς τήμερον ἑστιῶ γενέθλια καὶ παρεκάλεσα τῶν φίλων μάλα πολλούς· ἐπεὶ δὲ τινά φασιν αὐτῶν μαλακῶς ἔχοντα οὐχ οἷόν τε εἶναι συνδειπνεῖν μεθʼ ἡμῶν, σὺ ἀντʼ ἐκείνου ἧκε λουσάμενος, ἢν μὴ
<pb id="v.2.p.190"/>
ὅ γε κληθεὶς αὐτὸς εἴπῃ ἀφίξεσθαι, ὡς νῦν γε
ἀμφίβολός ἐστιν.</q>  τοῦτο ἀκούσας ἐγὼ προσκυνήσας ἀπῄειν εὐχόμενος ἅπασι θεοῖς ἠπίαλὸν
ʼτινα ἢ πλευρῖτιν ἢ ποδάγραν ἐπιπέμψαι τῷ μαλακιζομένῳ ἐκείνῳ οὗ ἔφεδρος ἐγὼ καὶ ἀντίδειπνος καὶ διάδοχος ἐκεκλήμην καὶ τὸ ἄχρι τοῦ λουτροῦ αἰῶνα μήκιστον ἐτιθέμην, συνεχὲς ἐπισκοπῶν ὁποσάπουν τὸ στοιχεῖον εἴη καὶ πηνίκα ἤδη λοῦσθαι ˘ δέοι.
κἀπειδή ποτε ὁ καιρὸς ἀφίκετο, πρὸς τάχος ἐμαυτὸν ἀπορρύψας ἄπειμι κοσμίως μάλα ἐσχηματισμένος, ἀναστρέψας τὸ τριβώνιον ὡς ἐπὶ τοῦ</p>
</sp>
</div1>
<div1 type="section" n="10">
<sp>
<p>καθαρωτέρου γένοιτο ἡ ἀναβολή· καταλαμβάνω
τε πρὸς ταῖς θύραις ἄλλους τε πολλοὺς καὶ δὴ κἀκεῖνον φοράδην ὑπὸ τεττάρων κεκομισμένον, ᾧ
με ὑποδειπνεῖν ἔδει, τὸν νοσεῖν λεγόμενον, καὶ ἐδήλου δὲ πονήρως ἔχων ὑπέστενε γοῦν καὶ ὑπέβηττε καὶ ἐχρέμπτετο μύχιόν τι καὶ
δυσπρόσοδον, ὠχρὸς ὅλος ὢν καὶ διῳδηκώς, ἀμφὶ τὰ ἑξήκοντα ἔτη σχεδὸν ἐλέγετο δὲ φιλόσοφός τις
εἶναι τῶν πρὸς τὰ μειράκια φλυαρούντων. ὁ γοῦν πώγων μάλα τραγικὸς ἦν ἐς ὑπερβολὴν κουριῶν. καὶ αἰτιωμένου γε Ἀρχιβίου τοῦ ἰατροῦ διότι
οὕτως ἔχων ἀφίκετο, <q direct="unspecified">τὰ καθήκοντα,</q>  ἔφη, <q direct="unspecified">οὐ χρὴ προδιδόναι, καὶ ταῦτα φιλόσοφον ἄνδρα, κἂν
μυρίαι νόσοι ἐμποδὼν ἱστῶνται· ἡγήσεται γὰρ
Εὐκράτης ὑπερεωρᾶσθαι πρὸς ἡμῶν.</q>
<q direct="unspecified">οὐ μὲν
οὖν,</q> εἶπον ἐγώ, <q direct="unspecified"> ἀλλʼ ἐπαινέσεταί σε, ἢν οἴκοι παρὰ σαυτῷ μᾶλλον ἀποθανεῖν ἐθέλῃς ἤπερ ἐν τῷ συμποσίῳ, συναναχρεμψάμενος τὴν ψυχὴν μετὰ τοῦ φλέγματος</q> ἐκεῖνος μὲν οὖν ὑπὸ
<pb id="v.2.p.192"/> μεγαλοφροσύνης οὐ προσεποιεῖτο ἀκηκοέναι τοῦ σκώμματος· ἐφίσταται δὲ μετὰ μικρὸν ὁ Εὐκράτης λελουμένος καὶ ἰδὼν τὸν Θεσμόπολιν — τοῦτο γὰρ
ὁ φιλόσοφος ἐκαλεῖτο — <q direct="unspecified"> διδάσκαλε,</q>  φησίν, <q direct="unspecified">εὖ μὲν ἐποίησας αὐτὸς ἥκων παρʼ ἡμᾶς, οὐ μεῖον δʼ
ἂν τί σοι ἐγένετο, καὶ ἀπόντι γὰρ ἅπαντα ἑξῆς ἀπέσταλτο ἄν·</q>  καὶ ἅμα λέγων εἰσῄει
χειραγωγῶν τὸν Θεσμόπολιν ἐπερειδόμενον καὶ τοῖς</p>
</sp>
</div1>
<div1 type="section" n="11">
<sp>
<p>οἰκέταις. ἐγὼ μὲν οὖν ἀπιέναι παρεσκευαζόμην, ὁ
δὲ ἐπιστραφεὶς καὶ ἐπὶ πολὺ ἐνδοιάσας, ἐπεί με πάνυ σκυθρωπὸν εἶδε, <q direct="unspecified"> πάριθι,</q>  ἔφη, <q direct="unspecified">καὶ σύ, ὦ Μίκυλλε, καὶ συνδείπνει μεθʼ ἡμῶν τὸν υἱὸν γὰρ ἐγὼ κελεύσω ἐν τῇ γυναικωνίτιδι μετὰ τῆς μητρὸς
ἑστιᾶσθαι, ὡς σὺ χώραν ἔχῃς.</q> εἰσῄειν οὖν μάτην λύκος χανὼν παρὰ μικρόν, αἰσχυνόμενος ὅτι ἐδόκουν ἐξεληλακέναι τοῦ συμποσίου τὸ παιδίον τοῦ Εὐκράτους. κἀπειδὴ κατακλίνεσθαι καιρὸς ἦν, πρῶτον μὲν
ἀράμενοι ἀνέθεσαν τὸν Θεσμόπολιν οὐκ ἀπραγμόνως μὰ Δία πέντε οἶμαι νεανίσκοι εὐμεγέθεις, ὑπαυχένια περιβύσαντες αὐτῷ πάντοθεν, ὡς διαμένοι ἐν τῷ σχήματι καὶ ἐπὶ πολὺ καρτερεῖν
δύναιτο. εἶτα μηδενὸς ἀνεχομένου πλησίον κατακεῖσθαι αὐτοῦ ἐμὲ ὑποκατακλίνουσι φέροντες, ὡς
ὁμοτράπεζοι εἴημεν. τοὐντεῦθεν ἐδειπνοῦμεν, ὦ Πυθαγόρα, πολύοψόν τι καὶ ποικίλον δεῖπνον ἐπὶ χρυσοῦ πολλοῦ καὶ ἀργύρου· καὶ ἐκπώματα ἦν
<pb id="v.2.p.194"/> χρυσᾶ καὶ διάκονοι ὡραῖοι καὶ μουσουργοὶ καὶ γελωτοποιοὶ μεταξύ, καὶ ὅλως ἡδίστη τις ἦν ἡ διατριβή, πλὴν ἀλλʼ ἕν με ἐλύπει οὐ μετρίως, ὁ Θεσμόπολις ἐνοχλῶν καὶ ἀρετήν τινα πρός με διεξιὼν καὶ διδάσκων ὡς αἱ δύο ἀποφάσεις μίαν κατάφασιν ἀποτελοῦσι καὶ ὡς εἰ ἡμέρα ἐστί, νὺξ
οὐκ ἔστιν, ἐνίοτε δὲ καὶ κέρατα ἔφασκεν εἶναί μοι· καὶ τοιαῦτα πολλὰ οὐδὲν δεομένῳ προσφιλοσοφῶν
συνῄρει καὶ ὑπετέμνετο τὴν εὐφροσύνην, οὐκ ἐῶν ἀκούειν τῶν κιθαριζόντων ἢ ᾀδόντων. τοῦτο
μέν σοι, ὦ ἀλεκτρυών, τὸ δεῖπνον.
</p>
</sp>
<sp>
<speaker>Ἀλεκτρυών</speaker>
<p>
οὐχ ἥδιστον, ὦ Μίκυλλε, καὶ μάλιστα ἐπεὶ συνεκληρώθης τῷ λήρῳ ἐκείνῳ γέροντι.
</p>
</sp>
</div1>
<div1 type="section" n="12">
<sp>
<speaker>Μίκυλλος</speaker>
<p>
                   ἄκουε δὲ ἤδη καὶ τὸ ἐνύπνιον ᾤμην γὰρ τὸν
Εὐκράτην αὐτὸν ἄπαιδα ὄντα οὐκ οἶδʼ ὅπως ἀποθνήσκειν, εἶτα προσκαλέσαντά με καὶ διαθήκας
θέμενον ἐν αἷς ὁ κληρονόμος ἦν ἀπάντων ἐγώ, μικρὸν ἐπισχόντα ἀποθανεῖν ἐμαυτὸν δὲ παρελθόντα ἐς τὴν οὐσίαν τὸ μὲν χρυσίον καὶ τὸ
ἀργύριον ἐξαντλεῖν σκάφαις τισὶ μεγάλαις ἀέναόν
τε καὶ πολὺ ἐπιρρέον, τὰ δʼ ἄλλα, τὴν ἐσθῆτα καὶ τραπέζας καὶ ἐκπώματα καὶ διακόνους, πάντα ἐμὰ
ὡς τὸ εἰκὸς εἶναι. εἶτα ἐξήλαυνον ἐπὶ λευκοῦ ζεύγους, ἐξυπτιάζων, περίβλεπτος ἅπασι τοῖς ὁρῶσι καὶ ἐπίφθονος. καὶ προέθεον πολλοὶ καὶ παρίππευον ˘ καὶ εἵποντο πλείους. ἐγὼ δὲ τὴν ἐσθῆτα τὴν ἐκείνου ἔχων καὶ δακτυλίους βαρεῖς
<pb id="v.2.p.196"/> ὅσον ἑκκαίδεκα ἐξημμένος τῶν δακτύλων ἐκέλευον
ἑστίασίν τινα λαμπρὰν εὐτρεπισθῆναι ἐς ὑποδοχὴν τῶν φίλων οἱ δέ, ὡς ἐν ὀνείρῳ εἰκός, ἤδη παρῆσαν καὶ τὸ δεῖπνον εἰσεκομίζετο καὶ ὁ πότος συνεκροτεῖτο. ἐν τούτῳ ὄντα με καὶ φιλοτησίας προπίνοντα ἐν χρυσαῖς φιάλαις ἑκάστῳ τῶν παρόντων, ἤδη τοῦ πλακοῦντος ἐσκομιζομένου ἀναβοήσας ἀκαίρως συνετάραξας μὲν ἡμῖν τὸ συμπόσιον, ἀνέτρεψας δὲ τὰς τραπέζας, τὸν δὲ πλοῦτον ἐκεῖνον ὑπηνέμιον φέρεσθαι
παρεσκεύασας. ἆρά σοι ἀλόγως ἀγανακτῆσαι κατὰ σοῦ δοκῶ; ὡς τριέσπερον ἂν ἡδέως ἐπεῖδον τὸν
ὄνειρόν μοι γενόμενον.
</p>
</sp>
</div1>
<div1 type="section" n="13">
<sp>
<speaker>Ἀλεκτρυών</speaker>
<p>
                   οὕτω φιλόχρυσος εἶ καὶ φιλόπλουτος, ὦ Μίκυλλε, καὶ μόνον τοῦτο ἐξ ἅπαντος θαυμάζεις καὶ ἡγῇ εὔδαιμον εἶναι, πολὺ κεκτῆσθαι χρυσίον;
</p>
</sp>
<sp>
<speaker>Μίκυλλος</speaker>
<p>
οὐκ ἐγὼ μόνος, ὦ Πυθαγόρα, τοῦτο, ἀλλὰ καὶ
σὺ αὐτός, ὁπότε Εὔφορβος ἦσθα, χρυσὸν καὶ ἄργυρον ἐξημμένος τῶν βοστρύχων ᾔεις πολεμήσων τοῖς Ἀχαιοῖς, καὶ ἐν τῷ πολέμῳ, ἔνθα σιδηροφορεῖν ἄμεινον ἦν, σὺ δὲ καὶ τότε ἠξίους χρυσῷ ἀναδεδεμένος τοὺς πλοκάμους διακινδυνεύσειν. καί μοι δοκεῖ ὁ Ὅμηρος διὰ τοῦτο Χαρίτεσσιν ὁμοίας εἰπεῖν σου τὰς κόμας, ὅτι <q direct="unspecified"> χρυσῷ τε καὶ ἀργύρῳ ἐσφήκωντο.</q>  μακρῷ γὰρ ἀμείνους δηλαδὴ καὶ ἐρασμιώτεραι ἐφαίνοντο συναναπεπλεγμέναι τῷ χρυσίῳ καὶ συναπολάμπουσαι μετʼ αὐτοῦ. καίτοι
τὰ μὲν σά, ὦ χρυσοκόμη, μέτρια, εἰ Πάνθου υἱὸς
ὢν ἐτίμας τὸ χρυσίον ὁ δὲ πάντων θεῶν πατὴρ
<pb id="v.2.p.198"/> καὶ ἄνδρων, ὁ Κρόνου καὶ Ῥέας, ὁπότε ἠράσθη τῆς Ἀργολικῆς ἐκείνης μείρακος, οὐκ ἔχων εἰς ὅ τι ἐρασμιώτερον αὑτὸν μεταβάλοι οὐδὲ ὅπως ἂν ˘ διαφθείρειε τοῦ Ἀκρισίου τὴν φρουράν — ἀκούεις δήπου ὡς χρυσίον ἐγένετο καὶ ῥυεὶς διὰ τοῦ τέγους
συνῆν τῇ ἀγαπωμένῃ. ὥστε τί ἄν σοι τὸ ἐπὶ τούτῳ ἔτι λέγοιμι, ὅσας μὲν χρείας παρέχεται ὁ χρυσός, ὡς δὲ οἷς ἂν παρῇ, καλούς τε αὐτοὺς καὶ σοφοὺς καὶ ἰσχυροὺς ἀπεργάζεται τιμὴν καὶ δόξαν προσάπτων, καὶ ἐξ ἀφανῶν καὶ ἀδόξων ἐνίοτε</p>
</sp>
</div1>
<div1 type="section" n="14">
<sp>
<p>περιβλέπτους καὶ ἀοιδίμους ἐν βραχεῖ τίθησι; τὸν γείτονα γοῦν μοι τὸν ὁμότεχνον οἶσθα τὸν Σίμωνα,
οὐ πρὸ πολλοῦ δειπνήσαντα παρʼ ἐμοί, ὅτε τὸ ἔτνος ἥψουν τοῖς Κρονίοις δύο τόμους τοῦ ἀλλᾶντος ἐμβαλών.
</p>
</sp>
<sp>
<speaker>Ἀλεκτρυών</speaker>
<p>
οἶδα· τὸν σιμόν, τὸν βραχύν, ὃς τὸ κεραμεοῦν τρύβλιον ὑφελόμενος ᾤχετο ὑπὸ μάλης ἔχων μετὰ
τὸ δεῖπνον, ὃ μόνον ἡμῖν ὑπῆρχεν εἶδον γὰρ
αὐτός, ὦ Μίκυλλε.
</p>
</sp>
<sp>
<speaker>Μίκυλλος</speaker>
<p>
οὐκοῦν ἐκεῖνος αὐτὸ κλέψας εἶτα ἀπωμόσατο θεοὺς τοσούτους; ἀλλὰ τί οὐκ ἐβόας καὶ ἐμήνυες τότε, ὦ ἀλεκτρυών, ληϊζομένους ἡμᾶς ὁρῶν;
</p>
</sp>
<sp>
<speaker>Ἀλεκτρυών</speaker>
<p> ἐκόκκυζον, ὃ μόνον μοι τότε δυνατὸν ἦν. τί δʼ
οὖν ὁ Σίμων; ἐῴκεις γάρ τι περὶ αὐτοῦ ἐρεῖν.
</p>
</sp>
<sp>
<speaker>Μίκυλλος</speaker>
<p> ἀνεψιὸς ἦν αὐτῷ πλούσιος ἐς ὑπερβολήν, Δριμύλος τοὔνομα. οὗτος ζῶν μὲν οὐδὲ ὀβολὸν
<pb id="v.2.p.200"/> ἔδωκε τῷ Σίμωνι — πῶς γάρ, ὃς οὐδὲ αὐτὸς ἥπτετο τῶν χρημάτων; ἐπεὶ δὲ ἀπέθανε πρῴην, ἅπαντα ἐκεῖνα κατὰ τοὺς νόμους Σίμωνός ἐστι, καὶ νῦν ἐκεῖνος ὁ τὰ ῥάκια τὰ πιναρά, ὁ τὸ τρύβλιον περιλείχων, ἄσμενος ἐξελαύνει ἁλουργῆ καὶ ὑσγινοβαφῆ ἀμπεχόμενος, οἰκέτας καὶ ζεύγη καὶ
χρυσᾶ ἐκπώματα καὶ ἐλεφαντόποδας τραπέζας ἔχων, ὑφʼ ἁπάντων προσκυνούμενος, οὐδὲ προσβλέπων ἔτι ἡμᾶς· ἔναγχος γοῦν ἐγὼ μὲν ἰδὼν προσιόντα, <q direct="unspecified"> χαῖρε,</q>  ἔφην, <q direct="unspecified">ὦ Σίμων,</q> ὁ δὲ ἀγανακτήσας, <q direct="unspecified"> εἴπατε,</q>  ἔφη, <q direct="unspecified">τῷ πτωχῷ τούτῳ
μὴ κατασμικρύνειν μου τοὔνομα· οὐ γὰρ Σίμων, ἀλλὰ Σιμωνίδης ὀνομάζομαι.</q> τὸ δὲ μέγιστον, ἤδη καὶ ἐρῶσιν αὐτοῦ αἱ γυναῖκες, ὁ δὲ θρύπτεται πρὸς αὐτὰς καὶ ὑπερορᾷ καὶ τὰς μὲν προσίεται
καὶ ἵλεώς ἐστιν, αἱ δὲ ἀπειλοῦσιν ἀναρτήσειν αὑτὰς ἀμελούμεναι. ὁρᾷς ὅσων ἀγαθῶν ὁ χρυσὸς αἴτιος, εἴ γε καὶ μεταποιεῖ τοὺς ἀμορφοτέρους καὶ ἐρασμίους ἀπεργάζεται ὥσπερ ὁ ποιητικὸς ἐκεῖνος κεστός. ἀκούεις δὲ καὶ τῶν ποιητῶν λεγόντων
<quote rend="blockquote">
<l/>
<l>ὦ χρυσέ, δεξίωμα κάλλιστον</l>
</quote>
καὶ χρυσὸς γάρ ἐστιν ὃς βροτῶν ἔχει κράτη. ἀλλὰ τί μεταξὺ ἐγέλασας, ὦ ἀλεκτρυών;
</p>
</sp>
</div1>
<div1 type="section" n="15">
<sp>
<speaker>Ἀλεκτρυών</speaker>
<p>
                   ὅτι ὑπʼ ἀγνοίας, ὦ Μίκυλλε, καὶ σὺ τὰ ὅμοια τοῖς πολλοῖς ἐξηπάτησαι περὶ τῶν πλουσίων οἱ
δʼ εὖ ἴσθι πολὺ ὑμῶν ἀθλιώτερον τὸν βίον βιοῦσι·
<pb id="v.2.p.202"/> λέγω δέ σοι καὶ πένης καὶ πλούσιος πολλάκις γενόμενος καὶ ἅπαντος βίου πεπειραμένος· μετὰ
μικρὸν δὲ καὶ αὐτὸς εἴσῃ ἕκαστα.
</p>
</sp>
<sp>
<speaker>Μίκυλλος</speaker>
<p>
νὴ Δία, καιρὸς γοῦν ἤδη καὶ σὲ εἰπεῖν ὅπως ἠλλάγης καὶ ἃ σύνοισθα τῷ βίῳ ἑκάστῳ.
</p>
</sp>
<sp>
<speaker>Ἀλεκτρυών</speaker>
<p>
ἄκουε τοσοῦτόν γε προειδώς, μηδένα με σοῦ
εὐδαιμονέστερον βιοῦντα ἑωρακέναι.
</p>
</sp>
<sp>
<speaker>Μίκυλλος</speaker>
<p>
ἐμοῦ, ὦ ἀλεκτρυών; οὕτω σοὶ γένοιτο· προάγῃ
γάρ με λοιδορεῖσθαί σοι. ἀλλὰ εἰπὲ ἀπὸ
Εὐφόρβου ἀρξάμενος ὅπως ἐς Πυθαγόραν μετεβλήθης,
εἶτα ἑξῆς ἄχρι τοῦ ἀλεκτρυόνος· εἰκὸς γάρ σε ποικίλα καὶ ἰδεῖν καὶ παθεῖν ἐν πολυειδέσι τοῖς βίοις.
</p>
</sp>
</div1>
<div1 type="section" n="16">
<sp>
<speaker>Ἀλεκτρυών</speaker>
<p>
                   ὡς μὲν ἐξ Ἀπόλλωνος τὸ πρῶτον ἡ ψυχή μοι
καταπταμένη ἐς τὴν γῆν ἐνέδυ ἐς ἀνθρώπου σῶμα
ἥντινα τὴν καταδίκην ἐκτελοῦσα, μακρὸν ἂν εἴη λέγειν, ἄλλως τε οὐδὲ ὅσιον οὔτε ἐμοὶ εἰπεῖν οὔτε σοὶ ἀκούειν τὰ τοιαῦτα. ἐπεὶ δὲ Εὔφορβος ἐγενόμην  <gap/>
</p>
</sp>
<sp>
<speaker>Μίκυλλος</speaker>
<p> ἐγὼ δὲ πρό γε τούτου, ὦ θαυμάσιε, τίς  ἦν;
τοῦτό μοι πρότερον εἰπέ, εἰ κἀγώ ποτε ἠλλάγην
ὥσπερ σύ.
</p>
</sp>
<sp>
<speaker>Ἀλεκτρυών</speaker>
<p> καὶ μάλα,
<pb id="v.2.p.204"/>
</p>
</sp>
<sp>
<speaker>Μίκυλλος</speaker>
<p>
τίς  οὖν ἦν, εἴ τι ἔχεις εἰπεῖν; ἐθέλω γὰρ τοῦτο εἰδέναι.
</p>
</sp>
<sp>
<speaker>Ἀλεκτρυών</speaker>
<p>
σύ; μύρμηξ Ἰνδικὸς τῶν τὸ χρυσίον ἀνορυττόντων.
</p>
</sp>
<sp>
<speaker>Μίκυλλος</speaker>
<p>
εἶτα ὤκνουν ὁ κακοδαίμων κἂν ὀλίγα τῶν ψηγμάτων ἥκειν ἐς τόνδε τὸν βίον ἐξ ἐκείνου ἐπισιτισάμενος; ἀλλὰ καί τί μετὰ τοῦτο ἔσομαι, εἰπέ· εἰκὸς γὰρ εἰδέναι σε. εἰ γάρ τι ἀγαθὸν εἴη, ἀπάγξομαι ἤδη ἀναστὰς ἀπὸ τοῦ παττάλου
ἐφʼ οὗ σὺ ἕστηκας.
</p>
</sp>
</div1>
<div1 type="section" n="17">
<sp>
<speaker>Ἀλεκτρυών</speaker>
<p>
                   οὐκ ἂν μάθοις τοῦτο οὐδεμιᾷ μηχανῇ. πλὴν ἀλλὰ ἐπείπερ Εὔφορβος ἐγενόμην — ἐπάνειμι γὰρ
ἐπʼ ἐκεῖνα — ἐμαχόμην ἐν Ἰλίῳ καὶ ἀποθανὼν ὑπὸ Μενελάου χρόνῳ ὕστερον ἐς Πυθαγόραν ἧκον. τέως δὲ περιέμενον ἄοικος ἑστώς, ἄχρι δὴ ὁ Μνήσαρχος ἐξεργάσηταί μοι τὸν οἶκον.
</p>
</sp>
<sp>
<speaker>Μίκυλλος</speaker>
<p>
ἄσιτος ὤν, ὦ τάν, καὶ ἄποτος;
</p>
</sp>
<sp>
<speaker>Ἀλεκτρυών</speaker>
<p>
καὶ μάλα· οὐδὲ γὰρ ἔδει τούτων ἢ μόνῳ τῷ σώματι.
</p>
</sp>
<sp>
<speaker>Μίκυλλος</speaker>
<p>
οὐκοῦν τὰ ἐν Ἰλίῳ μοι πρότερον εἰπέ. τοιαῦτα
ἦν οἷά φησιν Ὅμηρος γενέσθαι αὐτά;
</p>
</sp>
<sp>
<speaker>Ἀλεκτρυών</speaker>
<p> πόθεν ἐκεῖνος ἠπίστατο, ὦ Μίκυλλε, ὃς γινομένων ἐκείνων κάμηλος ἐν Βάκτροις ἦν; ἐγὼ δὲ
<pb id="v.2.p.206"/>
τοσοῦτὸν σοί φημι, ὑπερφυὲς μηδὲν γενέσθαι τότε, μήτε τὸν Αἴαντα οὕτω μέγαν μήτε τὴν
Ἑλένην αὐτὴν οὕτω καλὴν ὡς οἴονται. εἶδον γὰρ λευκὴν μέν τινα καὶ ἐπιμήκη τὸν τράχηλον, ὡς εἰκάζειν κύκνου θυγατέρα εἶναι, τἆλλα δὲ πάνυ πρεσβῦτιν, ἡλικιῶτιν σχεδὸν τῆς Ἑκάβης, ἥν
γε Θησεὺς πρῶτον ἁρπάσας ἐν Ἀφίδναις εἶχε κατὰ τὸν Ἡρακλέα γενόμενος, ὁ δὲ Ἡρακλῆς
πρότερον εἷλε Τροίαν κατὰ τοὺς πατέρας ἡμῶν τοὺς τότε μάλιστα. διηγεῖτο γάρ μοι ὁ Πάνθους ταῦτα, κομιδῇ μειράκιον ὢν ἑωρακέναι λέγων τὸν Ἡρακλέα.
</p>
</sp>
<sp>
<speaker>Μίκυλλος</speaker>
<p>
τί  δέ; ὁ Ἀχιλλεὺς τοιοῦτος ἦν, ἄριστος τὰ πάντα, ἢ μῦθος ἄλλως καὶ ταῦτα;
</p>
</sp>
<sp>
<speaker>Ἀλεκτρυών</speaker>
<p>
ἐκείνῳ μὲν οὐδὲ συνηνέχθην, ὦ Μίκυλλε, οὐδʼ
ἂν ἔχοιμί σοι οὕτως ἀκριβῶς τὰ παρὰ τοῖς Ἀχαιοῖς λέγειν πόθεν γάρ, πολέμιος ὤν; τὸν μέντοι ἑταῖρον αὐτοῦ τὸν Πάτροκλον οὐ χαλεπῶς
ἀπέκτεινα διελάσας τῷ δορατίῳ.
</p>
</sp>
<sp>
<speaker>Μίκυλλος</speaker>
<p>
εἶτά σε ὁ Μενέλαος μακρῷ εὐχερέστερον. ἀλλὰ ταῦτα μὲν ἱκανῶς, τὰ Πυθαγόρου δὲ ἤδη λέγε.
</p>
</sp>
</div1>
<div1 type="section" n="18">
<sp>
<speaker>Ἀλεκτρυών</speaker>
<p>
                   τὸ μὲν ὅλον, ὦ Μίκυλλε, σοφιστὴς ἄνθρωπος
ἦν χρὴ γάρ, οἶμαι, τἀληθῆ λέγειν ἄλλως δὲ
οὐκ ἀπαίδευτος οὐδὲ ἀμελέτητος τῶν καλλίστων
<pb id="v.2.p.208"/> μαθημάτων· ἀπεδήμησα δὲ καὶ εἰς Αἴγυπτον,
ὡς συγγενοίμην τοῖς προφήταις ἐπὶ σοφίᾳ, καὶ
ἐς τὰ ἄδυτα κατελθὼν ἐξέμαθον τὰς βίβλους τὰς
Ὥρου καὶ Ἴσιδος, καὶ αὖθις εἰς Ἰταλίαν ἐκπλεύσας οὕτω διέθηκα τοὺς κατʼ ἐκεῖνα Ἕλληνας,
ὥστε θεὸν ἦγόν με.
</p>
</sp>
<sp>
<speaker>Μίκυλλος</speaker>
<p>
ἤκουσα ταῦτα καὶ ὡς δόξειας ἀναβεβιωκέναι ἀποθανὼν καὶ ὡς χρυσοῦν τὸν μηρὸν ἐπιδείξαιό ποτε αὐτοῖς. ἐκεῖνο δέ μοι εἰπέ, τί σοι ἐπῆλθε νόμον ποιήσασθαι μήτε κρεῶν μήτε κυάμων ἐσθίειν;
</p>
</sp>
<sp>
<speaker>Ἀλεκτρυών</speaker>
<p> μὴ ἀνάκρινε ταῦτα, ὦ Μίκυλλε.
</p>
</sp>
<sp>
<speaker>Μίκυλλος</speaker>
<p> διὰ τί, ὦ ἀλεκτρυών;
</p>
</sp>
<sp>
<speaker>Ἀλεκτρυών</speaker>
<p> ὅτι αἰσχύνομαι λέγειν πρὸς σὲ τὴν ἀλήθειαν περὶ αὐτῶν.
</p>
</sp>
<sp>
<speaker>Μίκυλλος</speaker>
<p> καὶ μὴν οὐδὲν ὀκνεῖν χρὴ λέγειν πρὸς ἄνδρα σύνοικον καὶ φίλον δεσπότην γὰρ οὐκ ἂν ἔτι εἴποιμι.
</p>
</sp>
<sp>
<speaker>Ἀλεκτρυών</speaker>
<p>
οὐδὲν ὑγιὲς οὐδὲ σοφὸν ἦν, ἀλλʼ ἑώρων ὅτι
εἰ μὲν τὰ συνήθη καὶ ταὐτὰ τοῖς πολλοῖς νομίζοιμι, ἥκιστα ἐπισπάσομαι τοὺς ἀνθρώπους ἐς
τὸ θαῦμα, ὅσῳ δʼ ἂν ξενίζοιμι, τοσούτῳ σεμνότερος ˘ ᾤμην αὐτοῖς ἔσεσθαι. διὰ τοῦτο καινοποιεῖν εἱλόμην ἀπόρρητον ποιησάμενος τὴν αἰτίαν, ὡς εἰκάζοντες ἄλλος ἄλλως ἅπαντες
<pb id="v.2.p.210"/> ἐκπλήττωνται καθάπερ ἐπὶ τοῖς ἀσαφέσι τῶν χρησμῶν. ὁρᾷς; καταγελᾷς μου καὶ σὺ ἐν τῷ
μέρει.
</p>
</sp>
</div1>
<div1 type="section" n="19">
<sp>
<speaker>Μίκυλλος</speaker>
<p>
οὐ τοσοῦτον ὅσον Κροτωνιατῶν καὶ Μεταποντίνων καὶ Ταραντίνων καὶ τῶν ἄλλων ἀφώνων σοι ἑπομένων καὶ προσκυνούντων τὰ ἴχνη ἃ σὺ
 πατῶν ἀπολιμπάνοις. ἀποδυσάμενος δὲ τὸν
Πυθαγόραν τίνα μετημφιέσω μετʼ αὐτόν;
</p>
</sp>
<sp>
<speaker>Ἀλεκτρυών</speaker>
<p> Ἀσπασίαν τὴν ἐκ Μιλήτου ἑταίραν
</p>
</sp>
<sp>
<speaker>Μίκυλλος</speaker>
<p> φεῦ τοῦ λόγου, καὶ γυνὴ γὰρ σὺν τοῖς ἄλλοις
ὁ Πυθαγόρας ἐγένετο, καὶ ἦν ποτε χρόνος ὅτε καὶ σὺ ᾠοτόκεις, ὦ ἀλεκτρυόνων γενναιότατε, καὶ
συνῆσθα Περικλεῖ Ἀσπασία οὖσα καὶ ἐκύεις ἀπʼ αὐτοῦ καὶ ἔρια ἔξαινες καὶ κρόκην κατῆγες καὶ ἐγυναικίζου ἐς τὸ ἑταιρικόν;
</p>
</sp>
<sp>
<speaker>Ἀλεκτρυών</speaker>
<p>
πάντα ταῦτα ἐποίουν οὐ μόνος, ἀλλὰ καὶ Τειρεσίας πρὸ ἐμοῦ καὶ ὁ Ἐλάτου παῖς ὁ Καινεύς,
ὥστε ὁπόσα ἂν ἀποσκώψῃς εἰς ἐμὲ, καὶ εἰς ἐκείνους ἀποσκώψας ἔσῃ.
</p>
</sp>
<sp>
<speaker>Μίκυλλος</speaker>
<p>
τί  οὖν; πότερος ἡδίων ὁ βίος σοι ἦν, ὅτε ἀνὴρ
ἦσθα ἢ ὅτε σε ὁ Περικλῆς ὤπυιεν;
<pb id="v.2.p.212"/>
</p>
</sp>
<sp>
<speaker>Ἀλεκτρυών</speaker>
<p>
ὁρᾷς
οἷον τοῦτο ἠρώτησας, οὐδὲ τῷ Τειρεσίᾳ συνενεγκοῦσαν τὴν ἀπόκρισιν;
</p>
</sp>
<sp>
<speaker>Μίκυλλος</speaker>
<p>
ἀλλὰ κἂν σὺ μὴ εἴπῃς, ἱκανῶς ὁ Εὐριπίδης διέκρινε τὸ τοιοῦτον, εἰπὼν ὡς τρὶς ἂν ἐθέλοι παρʼ ἀσπίδα στῆναι ἢ ἅπαξ τεκεῖν.
</p>
</sp>
<sp>
<speaker>Ἀλεκτρυών</speaker>
<p>
καὶ μὴν ἀναμνήσω σε, ὦ Μίκυλλε, οὐκ εἰς μακρὰν ὠδίνουσαν ἔσῃ γὰρ γυνὴ καὶ σὺ ἐν πολλῇ τῇ περιόδῳ πολλάκις.
</p>
</sp>
</div1>
<div1 type="section" n="20">
<sp>
<speaker>Μίκυλλος</speaker>
<p>
οὐκ ἀπάγξῃ, ὦ ἀλεκτρυών, ἅπαντας οἰόμενος Μιλησίους ἢ Σαμίους εἶναι; σὲ γοῦν φασι καὶ
Πυθαγόραν ὄντα τὴν ὥραν λαμπρὸν πολλάκις
 Ἀσπασίαν γενέσθαι τῷ τυράννῳ. — τίς  δὲ δὴ μετὰ τὴν Ἀσπασίαν ἀνὴρ ἢ γυνὴ αὖθις ἀνεφάνης;
</p>
</sp>
<sp>
<speaker>Ἀλεκτρυών</speaker>
<p>
ὁ κυνικὸς Κράτης.
</p>
</sp>
<sp>
<speaker>Μίκυλλος</speaker>
<p>
ʼ Ὢ Διοσκόρω τῆς ἀνομοιότητος, ἐξ ἑταίρας φιλόσοφος.
</p>
</sp>
<sp>
<speaker>Ἀλεκτρυών</speaker>
<p>
εἶτα
βασιλεύς, εἶτα πένης, καὶ μετʼ ὀλίγον σατράπης, εἶτα ἵππος καὶ κολοιὸς καὶ βάτραχος καὶ ἄλλα μυρία μακρὸν ἂν γένοιτο καταριθμήσασθαι
ἕκαστα· τὰ τελευταῖα δὲ ἀλεκτρυὼν πολλάκις,
ἥσθην γὰρ τῷ τοιούτῳ βίῳ. καὶ παρὰ πολλοῖς
<pb id="v.2.p.214"/> ἄλλοις δουλεύσας καὶ πένησι ˘ καὶ πλουσίοις, τὰ τελευταῖα καὶ σοὶ νῦν σύνειμι καταγελῶν ὁσημέραι ποτνιωμένου καὶ οἰμώζοντος ἐπὶ τῇ πενίᾳ καὶ τοὺς πλουσίους θαυμάζοντος ὑπʼ ἀγνοίας τῶν ἐκείνοις
προσόντων κακῶν. εἰ γοῦν ᾔδεις τὰς φροντίδας
ἃς ἔχουσιν, ἐγέλας ἂν ἐπὶ σαυτῷ πρῶτον οἰηθέντι ὑπερευδαίμονα εἶναι τὸν πλοῦτον.
</p>
</sp>
<sp>
<speaker>Μίκυλλος</speaker>
<p>
οὐκοῦν, ὦ Πυθαγόρα — καίτοι τί μάλιστα χαίρεις καλούμενος, ὡς μὴ ἐπιταράττοιμι τὸν λόγον ἄλλοτε ἄλλον καλῶν;
</p>
</sp>
<sp>
<speaker>Ἀλεκτρυών</speaker>
<p> διοίσει μὲν οὐδὲν ἤν τε Εὔφορβον ἢ ˘ Πυθαγόραν, ἤν τε Ἀσπασίαν καλῇς ἢ Κράτητα· πάντα γὰρ ἐγὼ ταῦτά εἰμι. πλὴν τὸ νῦν ὁρώμενον τοῦτο
ἀλεκτρυόνα ὀνομάζων ἄμεινον ἂν ποιοῖς, ὡς μὴ ἀτιμάζοις εὐτελὲς εἶναι δοκοῦν τὸ ὄρνεον, καὶ
ταῦτα τοσαύτας ἐν αὑτῷ ψυχὰς ἔχον.
</p>
</sp>
</div1>
<div1 type="section" n="21">
<sp>
<speaker>Μίκυλλος</speaker>
<p>
                   οὐκοῦν, ὦ ἀλεκτρυών, ἐπειδὴ ἁπάντων σχεδὸν ἤδη τῶν βίων ἐπειράθης καὶ πάντα οἶσθα, λέγοις
ἂν ἤδη σαφῶς ἰδίᾳ μὲν τὰ τῶν πλουσίων ὅπως βιοῦσιν, ἰδίᾳ δὲ τὰ πτωχικά, ὡς μάθω εἰ ἀληθῆ ταῦτα φὴς εὐδαιμονέστερον ἀποφαίνων με τῶν πλουσίων.
</p>
</sp>
<sp>
<speaker>Ἀλεκτρυών</speaker>
<p>
ἰδοὺ δὴ οὕτως ἐπίσκεψαι, ὦ Μίκυλλε· σοὶ μὲν οὔτε πολέμου πολὺς λόγος, ἢν λέγηται ὡς οἱ πολέμιοι προσελαύνουσιν, οὐδὲ φροντίζεις μὴ τὸν ἀγρὸν τέμωσιν ἐμβαλόντες ἢ τὸν παράδεισον
<pb id="v.2.p.216"/> συμπατήσωσιν ἢ τὰς ἀμπέλους δῃώσωσιν, ἀλλὰ τῆς σάλπιγγος ἀκούων μόνον, εἴπερ ἄρα, περιβλέπεις τὸ κατὰ σεαυτόν, οἷ τραπόμενον χρὴ σωθῆναι καὶ τὸν κίνδυνον διαφυγεῖν οἱ δʼ
εὐλαβοῦνται μὲν καὶ ἀμφʼ αὑτοῖς, ἀνιῶνται δὲ ὁρῶντες ἀπὸ τῶν τειχῶν ἀγόμενα καὶ φερόμενα ὅσα εἶχον
ἐν τοῖς ἀγροῖς. καὶ ἤν τε εἰσφέρειν δέῃ, μόνοι
καλοῦνται, ἤν τε ἐπεξιέναι, προκινδυνεύουσι 
στρατηγοῦντες ἢ ἱππαρχοῦντες· σὺ δὲ οἰσυΐνην ἀσπίδα ἔχων, εὐσταλὴς καὶ κοῦφος εἰς σωτηρίαν, ἕτοιμος ἑστιᾶσθαι τὰ ἐπινίκια, ἐπειδὰν θύῃ ὁ στρατηγὸς
νενικηκώς.</p>
</sp>
</div1>
<div1 type="section" n="22">
<sp>
<p>ἐν εἰρήνῃ τε αὖ σὺ μὲν τοῦ δήμου ὢν ἀναβὰς εἰς ἐκκλησίαν τυραννεῖς τῶν πλουσίων, οἱ δὲ
φρίττουσι καὶ ὑποπτήσσουσι καὶ διανομαῖς
ἱλάσκονταί σε. λουτρὰ μὲν γὰρ ὡς ἔχοις καὶ θεάματα καὶ τἆλλα διαρκῆ ἅπαντα, ἐκεῖνοι πονοῦσι,
σὺ δὲ ἐξεταστὴς καὶ δοκιμαστὴς πικρὸς ὥσπερ
δεσπότης, οὐδὲ λόγου μεταδιδοὺς ἐνίοτε, κἄν σοι δοκῇ κατεχαλάζησας αὐτῶν ἀφθόνους τοὺς λίθους
ἢ τὰς οὐσίας αὐτῶν ἐδήμευσας· οὔτε δὲ συκοφάντην δέδιας αὐτὸς οὔτε λῃστὴν μὴ ὑφέληται
τὸ χρυσίον ὑπερβὰς τὸ θριγκίον ἢ διορύξας τὸν
τοῖχον, οὔτε πράγματα ἔχεις λογιζόμενος ἢ ἀπαιτῶν ἢ τοῖς καταράτοις οἰκονόμοις διαπυκτεύων καὶ πρὸς τοσαύτας φροντίδας μεριζόμενος, ἀλλὰ κρηπῖδα συντελέσας ἑπτὰ ὀβολοὺς τὸν μισθὸν ἔχων, ἀπαναστὰς περὶ δείλην ὀψίαν λουσάμενος, ἢν δοκῇ, σαπέρδην τινὰ ἢ μαινίδας
<pb id="v.2.p.218"/>
ἢ κρομμύων κεφαλίδας ὀλίγας πριάμενος
εὐφραίνεις σεαυτὸν ᾅδων τὰ πολλὰ καὶ τῇ βελτίστῃ
Πενίᾳ προσφιλοσοφῶν.</p>
</sp>
</div1>
<div1 type="section" n="23">
<sp>
<p>ὥστε διὰ ταῦτα ὑγιαίνεις τε καὶ ἔρρωσαι τὸ
σῶμα καὶ διακαρτερεῖς πρὸς τὸ κρύος· οἱ πόνοι γάρ σε παραθήγοντες οὐκ εὐκαταφρόνητον ἀνταγωνιστὴν ἀποφαίνουσι πρὸς τὰ δοκοῦντα τοῖς
ἄλλοις ἄμαχα εἶναι. ἀμέλει οὐδέν σοι τῶν χαλεπῶν τούτων νοσημάτων πρόσεισιν, ἀλλʼ ἤν ποτε κοῦφος πυρετὸς ἐπιλάβηται, πρὸς ὀλίγον ὑπηρετήσας αὐτῷ ἀνεπήδησας εὐθὺς ἀποσεισάμενος τὴν ἄσην, ὁ δὲ φεύγει αὐτίκα φοβηθείς, ψυχροῦ
σε ὁρῶν ἐμφορούμενον καὶ μακρὰ οἰμώζειν λέγοντα ταῖς ἰατρικαῖς περιόδοις· οἱ δὲ ὑπʼ ἀκρασίας ἄθλιοι τί τῶν κακῶν οὐκ ἔχουσι, ποδάγρας καὶ φθόας καὶ περιπλευμονίας καὶ
ὑδέρους; αὗται γὰρ τῶν πολυτελῶν ἐκείνων δείπνων ἀπόγονοι. τοιγαροῦν οἱ μὲν αὐτῶν ὥσπερ ὁ Ἴκαρος ἐπὶ πολὺ ἄραντες αὑτοὺς καὶ πλησιάσαντες τῷ ἡλίῳ
οὐκ εἰδότες ὅτι κηρῷ ʼἥρμοστο αὐτοῖς ἡ πτέρωσις, μέγαν ἐνίοτε τὸν πάταγον ἐποίησαν ἐπὶ κεφαλὴν
ἐς πέλαγος ἐμπεσόντες· ὅσοι δὲ κατὰ τὸν Δαίδαλον μὴ πάνυ μετέωρα μηδὲ ὑψηλὰ ἐφρόνησαν ἀλλὰ πρόσγεια, ὡς νοτίζεσθαι ἐνίοτε τῇ ἅλμῃ τὸν κηρόν, ὡς τὸ πολὺ οὗτοι ἀσφαλῶς διέπτησαν.
</p>
</sp>
<sp>
<speaker>Μίκυλλος</speaker>
<p> ἐπιεικεῖς τινας καὶ συνετοὺς λέγεις.
</p>
</sp>
<sp>
<speaker>Ἀλεκτρυών</speaker>
<p> τῶν μέντοι γε ἄλλων, ὦ Μίκυλλε, τὰς ναυαγίας αἰσχρὰς ἴδοις ἄν, ὅταν ὁ Κροῖσος
<pb id="v.2.p.220"/> περιτετιλμένος τὰ πτερὰ γέλωτα παρέχῃ Πέρσαις ἀναβαίνων ἐπὶ τὴν πυρὰν ἢ Διονύσιος καταλυθεὶς τῆς τυραννίδος ἐν Κορίνθῳ γραμματιστὴς βλέπηται, μετὰ τηλικαύτην ἀρχὴν παιδία συλλαβίζειν διδάσκων.
</p>
</sp>
</div1>
<div1 type="section" n="24">
<sp>
<speaker>Μίκυλλος</speaker>
<p>
                   εἰπέ μοι, ὦ ἀλεκτρυών, σὺ δὲ ὁπότε βασιλεὺς ἦσθα — φὴς γὰρ καὶ βασιλεῦσαί ποτε — ποίου τινὸς ἐπειράθης ἐκείνου τοῦ βίου; ἦ που πανευδαίμων ἦσθα, τὸ κεφάλαιον ὅ τι πέρ ἐστι τῶν ἀγαθῶν ἁπάντων ἔχων;
</p>
</sp>
<sp>
<speaker>Ἀλεκτρυών</speaker>
<p>
μηδὲ ἀναμνήσῃς με, ὦ Μίκυλλε, οὕτω
τρισάθλιος ἦν τότε, τοῖς μὲν ἔξω πᾶσιν ὅπερ ἔφησθα πανευδαίμων εἶναι δοκῶν, ἔνδοθεν δὲ μυρίαις ἀνίαις συνών.
</p>
</sp>
<sp>
<speaker>Μίκυλλος</speaker>
<p> τίσι ταύταις; παράδοξα γὰρ καὶ οὐ πάνυ τι πιστὰ φής.
</p>
</sp>
<sp>
<speaker>Ἀλεκτρυών</speaker>
<p>
ἦρχον
μὲν οὐκ ὀλίγης χώρας, ὦ Μίκυλλε,
παμφόρου τινὸς καὶ πλήθει ἀνθρώπων καὶ κάλλει πόλεων ἐν ταῖς μάλιστα θαυμάζεσθαι ἀξίας ποταμοῖς τε ναυσιπόροις καταρρεομένης καὶ θαλάττῃ εὐόρμῳ χρωμένης, καὶ στρατιὰ ἦν πολλὴ
καὶ ἵππος συγκεκροτημένη καὶ δορυφορικὸν οὐκ ὀλίγον καὶ τριήρεις καὶ χρημάτων πλῆθος ἀνάριθμον καὶ χρυσὸς πάμπολυς καὶ ἡ ἄλλη τῆς
ἀρχῆς τραγῳδία πᾶσα ἐς ὑπερβολὴν ἐξωγκωμένη,
ὥστε ὁπότε προΐοιμι, οἱ μὲν πολλοὶ προσεκύνουν
καὶ θεόν τινα ὁρᾶν ᾤοντο καὶ ἄλλοι ἐπʼ ἄλλοις
<pb id="v.2.p.222"/> συνέθεον ὀψόμενοί με, οἱ δὲ καὶ ἐπὶ τὰ τέγη ἀνιόντες ἐν μεγάλῳ ἐτίθεντο ἀκριβῶς ἑωρακέναι
τὸ ζεῦγος, τὴν ἐφεστρίδα, τὸ διάδημα, τοὺς προπομπεύοντας, τοὺς ἑπομένους. ἐγὼ δὲ εἰδὼς ὁπόσα με ἠνία καὶ ἔστρεφεν, ἐκείνοις μὲν τῆς ἀνοίας συνεγίνωσκον, ἐμαυτὸν δὲ ἠλέουν ὅμοιον
ὄντα τοῖς μεγάλοις ἐκείνοις κολοσσοῖς, οἵους ἢ Φειδίας ἢ Μύρων ἢ Πραξιτέλης ἐποίησεν· κἀκείνων γὰρ ἕκαστος ἔκτοσθεν μὲν Ποσειδῶν τις
ἢ Ζεύς ἐστι πάγκαλος ἐκ χρυσίου καὶ ἐλέφαντος συνειργασμένος, κεραυνὸν ἢ ἀστραπὴν ἢ τρίαιναν ἔχων ἐν τῇ δεξιᾷ, ἢν δὲ ὑποκύψας ἴδῃς τὰ γʼ ἔνδον, ὄψει μοχλούς τινας καὶ γόμφους καὶ
ἥλους διαμπὰξ πεπερονημένους καὶ κορμοὺς καὶ σφῆνας καὶ πίτταν καὶ πηλὸν καὶ τοιαύτην
τινὰ πολλὴν ἀμορφίαν ὑποικουροῦσαν· ἐῶ λέγειν
μυῶν πλῆθος ἢ μυγαλῶν ἐμπολιτευόμενον αὐτοῖς ἐνίοτε. τοιοῦτόν τι καὶ βασιλεία ἐστίν.
</p>
</sp>
</div1>
<div1 type="section" n="25">
<sp>
<speaker>Μίκυλλος</speaker>
<p>
                   οὐδέπω ἔφησθα τὸν πηλὸν καὶ τοὺς γόμφους
καὶ μοχλοὺς οἵτινες εἶεν τῆς ἀρχῆς, οὐδὲ τὴν ἀμορφίαν ἐκείνην τὴν πολλὴν ἥτις ἐστὶν ὡς τὸ
γε ἐξελαύνειν ἀποβλεπόμενον καὶ τοσούτων ἄρχοντα καὶ προσκυνούμενον δαιμονίως ἔοικέ σου
τῷ ˘ κολοσσιαίῳ παραδείγματι· θεσπέσιον γάρ
τι καὶ τοῦτο. σὺ δὲ τὰ ἔνδον ἤδη τοῦ κολοσσοῦ λέγε.
</p>
</sp>
<sp>
<speaker>Ἀλεκτρυών</speaker>
<p>
τί  πρῶτον εἴπω σοι, ὦ Μίκυλλε; τοὺς φόβους
καὶ τὰ δείματα καὶ ὑποψίας καὶ μῖσος τὸ παρὰ
<pb id="v.2.p.224"/> τῶν συνόντων καὶ ἐπιβουλάς, καὶ διὰ ταῦτα
ὕπνον τε ὀλίγον, ἐπιπόλαιον κἀκεῖνον, καὶ ταραχῆς μεστὰ ὀνείρατα καὶ ἐννοίας πολυπλόκους καὶ ἐλπίδας ἀεὶ πονηράς, ἢ τὴν ἀσχολίαν καὶ χρηματισμοὺς καὶ δίκας καὶ ἐκστρατείας καὶ προστάγματα καὶ συνθήματα καὶ λογισμούς; ὑφʼ
ὧν οὐδὲ ὄναρ ἀπολαῦσαί τινος ἡδέος ἐγγίνεται, ἀλλʼ ἀνάγκη ὑπὲρ ἁπάντων μόνον διασκοπεῖσθαι καὶ μυρία ἔχειν πράγματα·
<quote rend="blockquote">
<l/>
<l>οὐδὲ γὰρ Ἀτρείδην Ἀγαμέμνονα
</l>
<l>ὕπνος ἔχε γλυκερὸς πολλὰ φρεσὶν ὁρμαίνοντα,</l>
</quote>  καὶ ταῦτα ῥεγκόντων Ἀχαιῶν ἁπάντων. λυπεῖ δὲ τὸν μὲν Λυδὸν υἱὸς κωφὸς ὤν, τὸν Πέρσην δὲ Κλέαρχος Κύρῳ ξενολογῶν, ἄλλον δὲ Δίων πρὸς
οὖς τισι τῶν Συρακουσίων κοινολογούμενος, καὶ ἄλλον Παρμενίων ἐπαινούμενος καὶ Περδίκκαν Πτολεμαῖος καὶ Πτολεμαῖον Σέλευκος· ἀλλὰ κἀκεῖνα λυπεῖ, ὁ ἐρώμενος πρὸς ἀνάγκην συνὼν καὶ παλλακὶς ἄλλῳ χαίρουσα καὶ ἀποστήσεσθαί τινες λεγόμενοι καὶ δύʼ ἢ τέτταρες τῶν δορυφόρων πρὸς ἀλλήλους διαψιθυρίζοντες. τὸ δὲ μέγιστον,
ὑφορᾶσθαι δεῖ μάλιστα τοὺς φιλτάτους κἀξ ἐκείνων ἀεί τι δεινὸν ἐλπίζειν ἥξειν. ἐγὼ γοῦν ὑπὸ τοῦ παιδὸς ἀπέθανον ἐκ φαρμάκων, ὁ δὲ καὶ αὐτὸς ὑπὸ τοῦ ἐρωμένου, τὸν δὲ ἄλλος ἴσως
ὁμοιότροπος θάνατος κατέλαβεν.
</p>
</sp>
</div1>
<div1 type="section" n="26">
<sp>
<speaker>Μίκυλλος</speaker>
<p>
                   ἄπαγε, δεινὰ ταῦτα φής, ὦ ἀλεκτρυών. ἐμοὶ
<pb id="v.2.p.226"/> γοῦν πολὺ ἀσφαλέστερον σκυτοτομεῖν
ἐπικεκυφότα ἢ πίνειν ἀπὸ χρυσῆς φιάλης κωνείῳ ἢ
ἀκονίτῳ συνανακραθεῖσαν φιλοτησίαν ὁ γοῦν κίνδυνος ἐμοὶ μέν, εἰ παρολίσθοι τὸ σμιλίον καὶ
ἁμάρτοι τῆς τομῆς τῆς ἐπʼ εὐθύ, ὀλίγον τι αἱμάξαι τοὺς δακτύλους ἐντεμόντα· οἱ δέ, ὡς
φής, θανάσιμα εὐωχοῦνται, καὶ ταῦτα μυρίοις κακοῖς συνόντες. εἶτʼ ἐπειδὰν πέσωσιν, ὅμοιοι μάλιστα φαίνονται τοῖς τραγικοῖς ὑποκριταῖς,
ὧν πολλοὺς ἰδεῖν ἔνεστι τέως μὲν Κέκροπας δῆθεν
ὄντας ἢ Σισύφους ἢ Τηλέφους, διαδήματα ἔχοντας καὶ ξίφη ἐλεφαντόκωπα καὶ ἐπίσειστον κόμην καὶ χλαμύδα· χρυσόπαστον, ἢν δέ, οἷα πολλὰ γίνεται, κενεμβατήσας τις αὐτῶν ἐν μέσῃ τῇ σκηνῇ καταπέσῃ, γέλωτα δηλαδὴ παρέχει τοῖς θεαταῖς τοῦ προσωπείου μὲν συντριβέντος αὐτῷ διαδήματι, ᾑμαγμένης δὲ τῆς ἀληθοῦς κεφαλῆς τοῦ ὑποκριτοῦ καὶ τῶν σκελῶν ἐπὶ πολὺ γυμνουμένων, ὡς τῆς τε ἐσθῆτος τὰ ἔνδοθεν φαίνεσθαι
ῥάκια δύστηνα ὄντα καὶ τῶν ἐμβατῶν τὴν ὑπόδεσιν ἀμορφοτάτην καὶ οὐχὶ κατὰ λόγον τοῦ ποδός. ὁρᾷς ὅπως με καὶ εἰκάζειν ἐδίδαξας ἤδη,
ὦ βέλτιστε ἀλεκτρυών; ἀλλὰ τυραννὶς μὲν
τοιοῦτόν τι ὤφθη οὖσα. ἵππος δὲ ἢ κύων ἢ ἰχθὺς ἢ βάτραχος ὁπότε γένοιο, πῶς ἔφερες ἐκείνην τὴν διατριβήν;
</p>
</sp>
</div1>
<div1 type="section" n="27">
<sp>
<speaker>Ἀλεκτρυών</speaker>
<p>
                   μακρὸν τοῦτον ἀνακινεῖς τὸν λόγον καὶ οὐ τοῦ παρόντος καιροῦ· πλὴν τό γε κεφάλαιον, οὐδεὶς
ὅστις οὐκ ἀπραγμονέστερος τῶν βίων ἔδοξέ μοι τοῦ ἀνθρωπείου, μόναις ταῖς φυσικαῖς ἐπιθυμίαις καὶ ʼχρείαις συμμεμετρημένος· τελώνην δὲ ἵππον ἢ
<pb id="v.2.p.228"/>
συκοφάντην βάτραχον ἢ σοφιστὴν κολοιὸν ἢ ὀψοποιὸν κώνωπα ἢ κίναιδον ἀλεκτρυόνα καὶ τἆλλα ὅσα ὑμεῖς ἐπιτηδεύετε, οὐκ ἂν ἴδοις ἐν ἐκείνοις.
</p>
</sp>
</div1>
<div1 type="section" n="28">
<sp>
<speaker>Μίκυλλος</speaker>
<p>
                   ἀληθῆ ἴσως ταῦτα, ὦ ἀλεκτρυών. ἐγὼ δὲ ὃ
πέπονθα οὐκ αἰσχύνομαι πρὸς σὲ εἰπεῖν οὐδέπω δύναμαι ἀπομαθεῖν τὴν ἐπιθυμίαν ἣν ἐκ παίδων
εἶχον πλούσιος γενέσθαι, ἀλλὰ μὴν καὶ τοὐνύπνιον
ἔτι πρὸ τῶν ὀφθαλμῶν ἕστηκεν ἐπιδεικνύμενον τὸ χρυσίον, καὶ μάλιστα ἐπὶ τῷ καταράτῳ Σίμωνι ἀποπνίγομαι τρυφῶντι ἐν ἀγαθοῖς τοσούτοις.
</p>
</sp>
<sp>
<speaker>Ἀλεκτρυών</speaker>
<p>
ἐγώ σε ἰάσομαι, ὦ Μίκυλλε· καὶ ἐπείπερ ἔτι
νύξ ἐστιν, ἐξαναστὰς ἕπου μοι· ἀπάξω γάρ σε παρʼ
αὐτὸν ἐκεῖνον τὸν Σίμωνα καὶ εἰς τὰς τῶν ἄλλων πλουσίων οἰκίας, ὡς ἴδοις οἷα τὰ παρʼ αὐτοῖς ἐστι.
</p>
</sp>
<sp>
<speaker>Μίκυλλος</speaker>
<p> πῶς τοῦτο, κεκλεισμένων τῶν θυρῶν; εἰ μὴ καὶ τοιχωρυχεῖν γε σύ με ἀναγκάσεις.
</p>
</sp>
<sp>
<speaker>Ἀλεκτρυών</speaker>
<p>
οὐδαμῶς, ἀλλʼ ὁ Ἑρμῆς, οὗπερ ἱερός εἰμι, ἐξαίρετον ἔδωκέ μοι τοῦτο, ἤν τις τὸ οὐραῖον πτερὸν τὸ μήκιστον, ὃ διʼ ἁπαλότητα ἐπικαμπές ἐστι —
</p>
</sp>
<sp>
<speaker>Μίκυλλος</speaker>
<p> δύο δʼ ἔστι σοι τοιαῦτα.
</p>
</sp>
<sp>
<speaker>Ἀλεκτρυών</speaker>
<p>
τὸ δεξιὸν τοίνυν ὅτῳ ἂν ἐγὼ ἀποσπάσαι παράσχω καὶ ἔχειν,˘ ἐς ὅσον ἂν βούλωμαι ἀνοίγειν τε ὁ τοιοῦτος πᾶσαν θύραν δύναται καὶ ὁρᾶν ἅπαντα
οὐχ ὁρώμενος αὐτός.
<pb id="v.2.p.230"/>
</p>
</sp>
<sp>
<speaker>Μίκυλλος</speaker>
<p>
ἐλελήθεις με, ὦ ἀλεκτρυών, καὶ σὺ γόης ὤν. ἐμοὶ δʼ οὖν ἢν τοῦτο ἅπαξ παράσχῃς, ὄψει τὰ Σίμωνος πάντα ἐν βραχεῖ δεῦρο μετενηνεγμένα· μετοίσω γὰρ αὐτὰ παρεισελθών, ὁ δὲ αὖθις περιτρώξεται ἀποτείνων τὰ καττύματα.
</p>
</sp>
<sp>
<speaker>Ἀλεκτρυών</speaker>
<p>
οὐ θέμις γενέσθαι τοῦτο· παρήγγειλε γὰρ ὁ
Ἑρμῆς, ἤν τι τοιοῦτον ἐργάσηται ὁ ἔχων τὸ πτερόν, ἀναβοήσαντά με καταφωρᾶσαι αὐτόν.
</p>
</sp>
<sp>
<speaker>Μίκυλλος</speaker>
<p>
ἀπίθανον λέγεις, κλέπτην τὸν Ἑρμῆν αὐτὸν
ὄντα τοῖς ἄλλοις φθονεῖν τοῦ τοιούτου. ἀπίωμεν
δʼ ὅμως· ἀφέξομαι γὰρ τοῦ χρυσίου, ἢν δύνωμαι.
</p>
</sp>
<sp>
<speaker>Ἀλεκτρυών</speaker>
<p>
ἀπότιλον, ὦ Μίκυλλε, πρότερον τὸ πτίλον <gap/>
τί τοῦτο; ἄμφω ἀπέτιλας. <gap/>
</p>
</sp>
<sp>
<speaker>Μίκυλλος</speaker>
<p> ἀσφαλέστερον οὕτως, ὦ ἀλεκτρυών, καὶ σοὶ
ἧττον ἂν ἄμορφον τὸ πρᾶγμα εἴη, ὡς μὴ χωλεύοις διὰ θάτερον τῆς οὐρᾶς μέρος.
</p>
</sp>
</div1>
<div1 type="section" n="29">
<sp>
<speaker>Ἀλεκτρυών</speaker>
<p>
                   εἶεν. ἐπὶ τὸν Σίμωνα πρῶτον ἄπιμεν ἢ παρʼ ἄλλον τινὰ τῶν πλουσίων;
</p>
</sp>
<sp>
<speaker>Μίκυλλος</speaker>
<p>
οὐ μὲν οὖν, ἀλλὰ παρὰ τὸν Σίμωνα, ὃς ἀντὶ δισυλλάβου τετρασύλλαβος ἤδη πλουτήσας εἶναι ἀξιοῖ. καὶ δὴ πάρεσμεν ʼἐπὶ τὰς θύρας. τί οὖν ποιῶ
τὸ μετὰ τοῦτο;
<pb id="v.2.p.232"/>
</p>
</sp>
<sp>
<speaker>Ἀλεκτρυών</speaker>
<p> ἐπίθες τὸ πτερὸν ἐπὶ τὸ κλεῖθρον,
</p>
</sp>
<sp>
<speaker>Μίκυλλος</speaker>
<p> ἰδοὺ δή. ὦ Ἡράκλεις, ἀναπέπταται ὥσπερ ὑπὸ κλειδὶ ἡ θύρα.
</p>
</sp>
<sp>
<speaker>Ἀλεκτρυών</speaker>
<p>
ἡγοῦ ἐς τὸ πρόσθεν. ὁρᾷς αὐτὸν ἀγρυπνοῦντα καὶ λογιζόμενον;
</p>
</sp>
<sp>
<speaker>Μίκυλλος</speaker>
<p>
ὁρῶ νὴ Δία πρὸς ἀμαυράν γε καὶ διψῶσαν τὴν θρυαλλίδα, καὶ ὠχρὸς δὲ ἐστὶν οὐκ οἶδʼ ὅθεν,
ἀλεκτρυών, καὶ κατέσκληκεν ὅλος ἐκτετηκώς, ὑπὸ φροντίδων δηλαδή· οὐ γὰρ νοσεῖν ἄλλως ἐλέγετο.
</p>
</sp>
<sp>
<speaker>Ἀλεκτρυών</speaker>
<p>
ἄκουσον ἅ φησιν εἴσῃ γὰρ ὅθεν οὕτως ἔχει.
</p>
</sp>
<sp>
<speaker>Σίμων</speaker>
<p>
οὐκοῦν
τάλαντα μὲν ἑβδομήκοντα ἐκεῖνα πάνυ ἀσφαλῶς ὑπὸ τῇ κλίνῃ κατορώρυκται καὶ οὐδεὶς ἄλλος οἶδε, τὰ δὲ ἑκκαίδεκα εἶδεν, οἶμαι, Σωσύλος
ὁ ἱπποκόμος ὑπὸ τῇ φάτνῃ κατακρύπτοντά με· ὅλος γοῦν περὶ τὸν ἱππῶνά ἐστιν, οὐ πάνυ ἐπιμελὴς ἄλλως οὐδὲ φιλόπονος ὤν. εἰκὸς δὲ ἡρπάσθαι πολλῷ πλείω τούτων, ἢ πόθεν γὰρ
ὁ Τίβειος ˘ τάριχος αὑτῷ οὕτω μέγα ὠψωνηκέναι χθὲς ἐλέγετο ἢ τῇ γυναικὶ ἐλλόβιον ἐωνῆσθαι
πέντε δραχμῶν ὅλων; τἀμὰ οὗτοι σπαθῶσι τοῦ κακοδαίμονος. ἀλλʼ οὐδὲ τὰ ἐκπώματα ἐν ἀσφαλεῖ μοι ἀπόκειται τοσαῦτα ὄντα· δέδια γοῦν μή τις ὑπορύξας τὸν τοῖχον ὑφέληται αὐτά· πολλοὶ
φθονοῦσι καὶ ἐπιβουλεύουσί μοι, καὶ μάλιστα ὁ γείτων Μίκυλλος.
<pb id="v.2.p.234"/>
</p>
</sp>
<sp>
<speaker>Μίκυλλος</speaker>
<p>
νὴ Δία· σοὶ γὰρ ὅμοιος ἐγὼ καὶ τὰ τρύβλια ὑπὸ μάλης ἄπειμι ἔχων.
</p>
</sp>
<sp>
<speaker>Ἀλεκτρυών</speaker>
<p> σιώπησον, Μίκυλλε, μὴ καταφωράσῃ παρόντας ἡμᾶς.
</p>
</sp>
<sp>
<speaker>Σίμων</speaker>
<p> ἄριστον γοῦν ἄγρυπνον αὐτὸν φυλάττειν
ἅπασαν περίειμι διαναστὰς ἐν κύκλῳ τὴν οἰκίαν.
τίς  οὗτος; ὁρῶ σέ γε, τοιχωρύχε  <gap/> μὰ Δία, ἐπεὶ κίων γε ὢν τυγχάνεις, εὖ ἔχει. ἀριθμήσω
αὖθις ἀνορύξας τὸ χρυσίον, μὴ τί με πρῴην διέλαθεν. ἰδοὺ πάλιν ἐψόφηκέ τις· ἐπʼ ἐμὲ δηλαδή· πολιορκοῦμαι καὶ ἐπιβουλεύομαι πρὸς ἁπάντων. ποῦ μοι τὸ ξιφίδιον; ἂν λάβω τινὰ
,  <gap/> θάπτωμεν αὖθις τὸ χρυσίον.
</p>
</sp>
</div1>
<div1 type="section" n="30">
<sp>
<speaker>Ἀλεκτρυών</speaker>
<p>
                   τοιαῦτα μέν σοι, ὦ Μίκυλλε, τὰ Σίμωνος. ἀπίωμεν δὲ καὶ παρʼ ἄλλον τινά, ἕως ἔτι ὀλίγον τῆς νυκτὸς λοιπόν ἐστιν.
</p>
</sp>
<sp>
<speaker>Μίκυλλος</speaker>
<p>
ὁ κακοδαίμων, οἷον βιοῖ τὸν βίον. ἐχθροῖς
οὕτω πλουτεῖν γένοιτο, κατὰ κόρρης δʼ οὖν πατάξας αὐτὸν ἀπελθεῖν βούλομαι.
</p>
</sp>
<sp>
<speaker>Σίμων</speaker>
<p>
τίς  ἐπάταξέ με; λῃστεύομαι ὁ δυστυχής.
</p>
</sp>
<sp>
<speaker>Μίκυλλος</speaker>
<p> οἴμωζε καὶ ἀγρύπνει καὶ ὅμοιος γίγνου τὸ χρῶμα τῷ χρυσῷ προστετηκὼς αὐτῷ. ἡμεῖς δὲ παρὰ Γνίφωνα, εἰ δοκεῖ, τὸν δανειστὴν ἴωμεν. οὐ
<pb id="v.2.p.236"/> μακρὰν δὲ καὶ οὗτος οἰκεῖ. ἀνέῳγε καὶ αὕτη ἡμῖν
ἡ θύρα.
</p>
</sp>
</div1>
<div1 type="section" n="31">
<sp>
<speaker>Ἀλεκτρυών</speaker>
<p>
                   ὁρᾷς ἐπαγρυπνοῦντα καὶ τοῦτον ἐπὶ φροντίδων, ἀναλογιζόμενον τοὺς τόκους καὶ τοὺς δακτύλους κατεσκληκότα, ὃν δεήσει μετʼ ὀλίγον πάντα ταῦτα καταλιπόντα σίλφην ἢ ἐμπίδα ἢ κυνόμυιαν γενέσθαι;
</p>
</sp>
<sp>
<speaker>Μίκυλλος</speaker>
<p>
ὁρῶ κακοδαίμονα καὶ ἀνόητον ἄνθρωπον οὐδὲ νῦν πολὺ τῆς σίλφης ἢ ἐμπίδος ἄμεινον βιοῦντα.
ὡς δὲ καὶ οὗτος ἐκτέτηκεν ὅλος ὑπὸ τῶν λογισμῶν.
ἐπʼ ἄλλον ἀπίωμεν.
</p>
</sp>
</div1>
<div1 type="section" n="32">
<sp>
<speaker>Ἀλεκτρυών</speaker>
<p>
                   παρὰ τὸν σὸν Εὐκράτην, εἰ δοκεῖ. καὶ ἰδοὺ γάρ, ἀνέῳγε καὶ αὕτη ἡ θύρα· ὥστε εἰσίωμεν.
</p>
</sp>
<sp>
<speaker>Μίκυλλος</speaker>
<p>
ἅπαντα ταῦτα μικρὸν ἔμπροσθεν ἐμὰ ἦν.
</p>
</sp>
<sp>
<speaker>Ἀλεκτρυών</speaker>
<p>
ἔτι
γὰρ σὺ ὀνειροπολεῖς τὸν πλοῦτον; ὁρᾷς
δʼ οὖν τὸν Εὐκράτην αὐτὸν μὲν ὑπὸ τοῦ οἰκέτου πρεσβύτην ἄνθρωπον  <gap/> ;
</p>
</sp>
<sp>
<speaker>Μίκυλλος</speaker>
<p>
ὁρῶ νὴ Δία καταπυγοσύνην καὶ
πασχητιασμόν τινα καὶ ἀσέλγειαν οὐκ ἀνθρωπίνην τὴν γυναῖκα δὲ ἑτέρωθι ὑπὸ τοῦ μαγείρου καὶ
αὐτήν  <gap/>
</p>
</sp>
</div1>
<div1 type="section" n="33">
<sp>
<speaker>Ἀλεκτρυών</speaker>
<p>
                   τί οὖν; ἐθέλοις ἂν καὶ τούτων κληρονομεῖν,
ὦ Μίκυλλε, καὶ πάντα ἔχειν τὰ Εὐκράτους;
<pb id="v.2.p.238"/>
</p>
</sp>
<sp>
<speaker>Μίκυλλος</speaker>
<p> μηδαμῶς, ὦ ἀλεκτρυών λιμῷ ἀπολοίμην πρότερον. χαιρέτω τὸ χρυσίον καὶ τὰ δεῖπνα, δύο ὀβολοὶ ἐμοί γε πλοῦτός ἐστι μᾶλλον ἢ τοιχωρυχεῖσθαι πρὸς τῶν οἰκετῶν.
</p>
</sp>
<sp>
<speaker>Ἀλεκτρυών</speaker>
<p> ἀλλὰ νῦν γὰρ ἡμέρα ἤδη ἀμφὶ τὸ λυκαυγὲς
αὐτό, ἀπίωμεν οἴκαδε παρʼ ἡμᾶς· τὰ λοιπὰ δὲ εἰσαῦθις ὄψει, ὦ Μίκυλλε.</p>
</sp>
</div1>
</body>
</text>
</TEI.2>
