<?xml version="1.0" encoding="UTF-8"?><TEI.2>
<teiHeader>
<fileDesc>
<titleStmt>
<title>De Domo</title>
<title type="sub">Machine readable text</title>
<author n="Plut.">Lucian</author>
<editor role="editor" n="Loeb">A. M. Harmon</editor>
<sponsor>Perseus Project, Tufts University</sponsor>
<principal>Gregory Crane</principal>
<respStmt>
<resp>Prepared under the supervision of</resp>
<name>Lisa Cerrato</name>
<name>William Merrill</name>
<name>Elli Mylonas</name>
<name>David Smith</name>
</respStmt>
<funder n="org:NEH">The National Endowment for the Humanities</funder>
<funder n="org:Google">Google Digital Humanities Awards Program</funder>
</titleStmt>
<extent/>
<publicationStmt>
<publisher>Trustees of Tufts University</publisher>
<pubPlace>Medford, MA</pubPlace>
<authority>Perseus Project</authority>
</publicationStmt>
<sourceDesc>
<listBibl>
<biblStruct>
<monogr>
<author>Lucian</author>
<title>Works</title>
<respStmt>
<resp>with an English Translation by</resp>
<name>A. M. Harmon</name>
</respStmt>
<imprint>
<pubPlace>Cambridge, MA</pubPlace>
<publisher>Harvard University Press</publisher>
<pubPlace>London</pubPlace>
<publisher>William Heinemann Ltd.</publisher>
<date>1913</date>
</imprint>
<biblScope type="volume">1</biblScope>
</monogr>
</biblStruct>
</listBibl>
</sourceDesc>
</fileDesc>
<encodingDesc>
<editorialDecl>
<correction method="silent">
<p>optical character recognition</p>
</correction>
</editorialDecl>
<refsDecl doctype="TEI.2">
<state unit="section" n="chunk"/>
</refsDecl>
</encodingDesc>
<profileDesc>
<langUsage>
<language id="greek">Greek</language>
</langUsage>
</profileDesc>
</teiHeader>
<text>
<body>
<pb id="v.1.p.176"/>
<div1 type="section" n="1">
<p>

εἶτα Ἀλέξανδρος μὲν ἐπεθύμησεν ἐν τῷ
Κύδνῳ λούσασθαι καλόν τε καὶ διαυγῆ τὸν ποταμὸν ἰδὼν καὶ ἀσφαλῶς βαθὺν καὶ προσηνῶς ὀξὺν
καὶ νήξασθαι ἡδὺν καὶ θέρους ὥρᾳ ψυχρόν, ὥστε
καὶ ἐπὶ προδήλῳ τῇ νόσῳ ἣν ἐνόσησεν ἀπʼ αὐτοῦ, δοκεῖ μοι οὐκ ἂν τοῦ λουτροῦ ἀποσχέσθαι· οἶκον
δέ τις ἰδὼν μεγέθει μέγιστον καὶ κάλλει κάλλιστον
καὶ φωτὶ φαιδρότατον καὶ χρυσῷ στιλπνότατον καὶ γραφαῖς ἀνθηρότατον οὐκ ἂν ἐπιθυμήσειε λόγους ἐν αὐτῷ διαθέσθαι, εἰ τύχοι περὶ τούτους
διατρίβων, καὶ ἐνευδοκιμῆσαι καὶ ἐλλαμπρύνασθαι
καὶ βοῆς ἐμπλῆσαι καὶ ὡς ἔνι μάλιστα καὶ αὐτὸς μέρος τοῦ κάλλους αὐτοῦ γενέσθαι, ἀλλὰ περισκοπήσας ἀκριβῶς καὶ θαυμάσας μόνον ἄπεισι κωφὸν αὐτὸν καὶ ἄλογον καταλιπών, μήτε προσειπὼν μήτε προσομιλήσας, ὥσπερ τις ἄναυδος
ἢ φθόνῳ σιωπᾶν ἐγνωκώς;
</p>
</div1>
<div1 type="section" n="2">
<p> Ἡράκλεις, οὐ φιλοκάλου
τινὸς οὐδὲ περὶ τὰ εὐμορφότατα ἐρωτικοῦ
τὸ ἔργον, ἀγροικία δὲ πολλὴ καὶ ἀπειροκαλία καὶ
προσέτι γε ἀμουσία, τῶν ἡδίστων αὑτὸν ἀπαξιοῦν καὶ τῶν καλλίστων ἀποξενοῦν καὶ μὴ συνιέναι
ὡς οὐχ ὁ αὐτὸς περὶ τὰ θεάματα νόμος ἰδιώταις
τε καὶ πεπαιδευμένοις ἀνδράσιν, ἀλλὰ τοῖς μὲν ἀπόχρη τὸ κοινὸν τοῦτο, ἰδεῖν μόνον καὶ περιβλέψαι καὶ τὼ ὀφθαλμὼ περιενεγκεῖν καὶ πρὸς
<pb id="v.1.p.178"/> τὴν ὀροφὴν ἀνακῦψαι καὶ τὴν χεῖρα ἐπισεῖσαι καὶ καθʼ ἡσυχίαν ἡσθῆναι δέει τοῦ μὴ ἂν δυνηθῆναι ἄξιόν τι τῶν βλεπομένων εἰπεῖν, ὅστις δὲ μετὰ παιδείας ὁρᾷ τὰ καλά, οὐκ ἄν, οἶμαι, ἀγαπήσειεν ὄψει μόνῃ καρπωσάμενος τὸ τερπνὸν οὐδʼ
ἂν ὑπομείναι ἄφωνος θεατὴς τοῦ κάλλους γενέσθαι,
πειράσεται δὲ ὡς οἷόν τε καὶ ἐνδιατρῖψαι; καὶ λόγῳ ἀμείψασθαι τὴν θέαν.
</p>
</div1>
<div1 type="section" n="3">
<p>
ἡ δʼ ἀμοιβὴ οὐκ
ἔπαινος τοῦ οἴκου μόνον — τοῦτο μὲν γὰρ ἴσως ἐκείνῳ τῷ νησιώτῃ μειρακίῳ ἔπρεπε, τὴν Μενελάου οἰκίαν ὑπερεκπεπλῆχθαι καὶ πρὸς τὰ ἐν οὐρανῷ καλὰ τὸν ἐλέφαντα καὶ τὸν χρυσὸν αὐτῆς ἀπεικάζειν, ἅτε μηδὲν ἐν γῇ καλόν τι ἄλλο ἑωρακότι — - ἀλλὰ καὶ τὸ εἰπεῖν ἐν αὐτῷ καὶ τοὺς βελτίστους συγκαλέσαντα λόγων ἐπίδειξιν ποιήσασθαι μέρος
τοῦ ἐπαίνου καὶ τοῦτο γένοιτο ἄν. καὶ τὸ πρᾶγμα ὑπερήδιστον, οἶμαι, οἴκων ὁ κάλλιστος ἐς ὑποδοχὴν λόγων ἀναπεπταμένος
καὶ ἐπαίνου καὶ εὐφημίας μεστὸς ὤν, ἠρέμα καὶ αὐτὸς ὥσπερ τὰ ἄντρα συνεπηχῶν καὶ τοῖς λεγομένοις παρακολουθῶν καὶ παρατείνων τὰ τελευταῖα τῆς φωνῆς καὶ τοῖς ὑστάτοις τῶν λόγων ἐμβραδύνων, μᾶλλον δὲ ὡς ἄν τις εὐμαθὴς ἀκροατὴς
διαμνημονεύων τὰ εἰρημένα καὶ τὸν λέγοντα ἐπαινῶν καὶ ἀντίδοσιν οὐκ ἄμουσον ποιούμενος πρὸς αὐτά· οἷόν τι πάσχουσι πρὸς τὰ αὐλήματα τῶν ποιμένων αἱ σκοπιαὶ ἐπαυλοῦσαι, τῆς φωνῆς ἐπανιούσης κατὰ τὸ ἀντίτυπον καὶ πρὸς αὑτὴν
ἀναστρεφούσης· οἱ δὲ ἰδιῶται νομίζουσι παρθένον
τινὰ εἶναι τὴν ἀμειβομένην τοὺς ᾄδοντας ἢ
<pb id="v.1.p.180"/> βοῶντας, ἐν μέσοις που τοῖς κρημνοῖς κατοικοῦσαν
καὶ λαλοῦσαν ἐκ τῶν πετρῶν ἔνδοθεν.
</p>
</div1>
<div1 type="section" n="4">
<p>
ἐμοὶ . γοῦν δοκεῖ καὶ συνεξαίρεσθαι οἴκου
πολυτελείᾳ ἡ τοῦ λέγοντος γνώμη καὶ πρὸς τοὺς λόγους ἐπεγείρεσθαι, καθάπερ τι καὶ ὑποβαλλούσης τῆς θέας· σχεδὸν γὰρ εἰσρεῖ .τι διὰ τῶν ὀφθαλμῶν ἐπὶ τὴν ψυχὴν καλόν, εἶτα πρὸς αὑτὸ κοσμῆσαν ἐκπέμπει τοὺς λόγους. ἢ τῷ μὲν Ἀχιλλεῖ πιστεύομεν τὴν ὄψιν τῶν ὅπλων ἐπιτεῖναι κατὰ τῶν Φρυγῶν τὴν ὀργήν, καὶ ἐπεὶ ἐνέδυ αὐτὰ πειρώμενος, ἐπαρθῆναι καὶ πτερωθῆναι,
πρὸς τὴν τοῦ πολέμου ἐπιθυμίαν, λόγου δὲ σπουδὴν μὴ ἐπιτείνεσθαι πρὸς κάλλη χωρίων; καίτοι Σωκράτει μὲν ἀπέχρησε πλάτανος εὐφυὴς καὶ πόα εὐθαλὴς καὶ πηγὴ διαυγὴς μικρὸν ἀπὸ τοῦ Ἰλισσοῦ, κἀνταῦθα καθεζόμενος Φαίδρου τε τοῦ Μυρρινουσίου κατειρωνεύετο καὶ τὸν Λυσίου τοῦ Κεφάλου λόγον διήλεγχε καὶ τὰς Μούσας ἐκάλει, καὶ ἐπίστευεν ἥξειν αὐτὰς ἐπὶ τὴν ἐρημίαν συλληψομένας τῶν περὶ τοῦ ἔρωτος λόγων, καὶ
οὐκ ᾐσχύνετο γέρων ἄνθρωπος παρακαλῶν παρθένους συνᾳσομένας τὰ παιδεραστικά. ἐς δὲ οὕτω καλὸν χωρίον οὐκ ἂν οἰόμεθα καὶ ἀκλήτους αὐτὰς ἐλθεῖν;
</p>
</div1>
<div1 type="section" n="5">
<p> καὶ μὴν οὐ κατά γε σκιὰν μόνην οὐδὲ κατὰ
πλατάνου κάλλος ἡ ὑποδοχή, οὐδʼ ἂν τὴν ἐπὶ τῷ Ἰλισσῷ καταλιπὼν τὴν ʼ βασιλέως λέγῃς τὴν χρυσῆν ἐκείνης μὲν γὰρ ἐν τῇ πολυτελείᾳ μόνῃ
τὸ θαῦμα, τέχνη δὲ ἢ κάλλος ἢ τέρψις ἢ τὸ
<pb id="v.1.p.182"/> σύμμετρον ἢ τὸ εὔρυθμον οὐ συνείργαστο οὐδὲ
κατεμέμικτο τῷ χρυσῷ, ἀλλʼ ἦν βαρβαρικὸν τὸ θέαμα, πλοῦτος μόνον καὶ φθόνος τῶν ἰδόντων καὶ
εὐδαιμονισμὸς τῶν ἐχόντων ἔπαινος δὲ οὐδαμοῦ προσῆν. οὐδὲ γὰρ ἔμελε τοῖς Ἀρσακίδαις τῶν καλῶν οὐδὲ πρὸς τὸ τερπνὸν ἐποιοῦντο τὰς
ἐπιδείξεις οὐδʼ ἐφρόντιζον εἰ ἐπαινέσονται οἱ θεαταί, ἀλλʼ ὅπως ἐκπλαγήσονται. οὐ φιλόκαλοι
γάρ, ἀλλὰ φιλόπλουτοὶ εἰσιν οἱ βάρβαροι.
</p>
</div1>
<div1 type="section" n="6">
<p> τούτου
δὲ τοῦ οἴκου τὸ κάλλος οὐ κατὰ
βαρβαρικούς τινας ὀφθαλμοὺς οὐδὲ κατὰ Περσικὴν
ἀλαζονείαν ἢ βασιλικὴν μεγαλαυχίαν οὐδὲ πένητος μόνον, ἀλλὰ εὐφυοῦς θεατοῦ δεόμενον καὶ ὅτῳ μὴ
ἐν τῇ ὄψει ἡ κρίσις, ἀλλά τις καὶ λογισμὸς ἐπακολουθεῖ τοῖς βλεπομένοις Τὸ γὰρ τῆς τε ἡμέρας πρὸς τὸ κάλλιστον ἀποβλέπειν — κάλλιστον δὴ αὐτῆς καὶ ποθεινότατον ἡ
ἀρχὴ — καὶ τὸν ἥλιον ὑπερκύψαντα εὐθὺς ὑποδέχεσθαι καὶ τοῦ φωτὸς ἐμπίπλασθαι ἐς κόρον ἀναπεπταμένων τῶν θυρῶν [καθʼ ὃ καὶ τὰ ἱερὰ βλέποντα ἐποίουν οἱ παλαιοί],2 καὶ τὸ τοῦ μήκους πρὸς τὸ πλάτος καὶ ἀμφοῖν πρὸς τὸ ὕψος εὔρυθμον
καὶ τῶν φωταγωγῶν τὸ ἐλεύθερον καὶ πρὸς ὥραν ἑκάστην εὖ ἔχον, πῶς οὐχ ἡδέα ταῦτα πάντα καὶ
ἐπαίνων ἄξια;
</p>
</div1>
<div1 type="section" n="7">
<p>
ἔτι δὲ θαυμάσειεν ἄν τις καὶ τῆς ὀροφῆς ἐν
τῷ εὐμόρφῳ τὸ ἀπέριττον κἀν τῷ εὐκόσμῳ τὸ ἀνεπίληπτον καὶ τὸ τοῦ χρυσοῦ ἐς τὸ εὐπρεπὲς
<pb id="v.1.p.184"/> σύμμετρον, ἀλλὰ μὴ παρὰ τὰς χρείας ἐπίφθονον, ἀλλʼ ὁπόσον ἂν καὶ γυναικὶ σώφρονι καὶ καλῇ
ἀρκέσῃ ἐπισημότερον ἐργάσασθαι τὸ κάλλος, ἢ περὶ τῇ δειρῇ λεπτός τις ὅρμος ἢ περὶ τῷ δακτύλῳ σφενδόνη εὔφορος ἢ ἐν τοῖν ὤτοιν ἐλλόβια ἢ πόρπη τις ἢ ταινία τὸ ἄφετον τῆς κόμης συνδέουσα, τοσοῦτον τῇ εὐμορφίᾳ προστιθεῖσα ὅσον τῇ ἐσθῆτι
ἡ πορφύρα· αἱ δέ γε ἑταῖραι, καὶ μάλιστα αἱ
ἀμορφότεραι αὐτῶν, καὶ τὴν ἐσθῆτα ὅλην
πορφυρᾶν καὶ τὴν δειρὴν χρυσῆν πεποίηνται, τῷ πολυτελεῖ θηρώμεναι τὸ ἐπαγωγὸν καὶ τὸ ἐνδέον
τῷ καλῷ προσθέσει τοῦ ἔξωθεν τερπνοῦ
παραμυθούμεναι· ἡγοῦνται γὰρ καὶ τὴν ὠλένην αὐταῖς στιλπνοτέραν φανεῖσθαι συναπολάμπουσαν τῷ χρυσῷ καὶ τοῦ ποδὸς τὸ μὴ εὐπερίγραφον λήσειν ὑπὸ χρυσῷ σανδάλῳ καὶ τὸ πρόσωπον αὐτὸ
ἐρασμιώτερον γενήσεσθαι τῷ φαεινοτάτῳ
συνορώμενον. ἀλλʼ ἐκεῖναι μὲν οὕτως· ἡ δέ γε σώφρων χρυσῷ ˘ μὲν τὰ ἀρκοῦντα καὶ μόνον τὰ ἀναγκαῖα
προσχρῆται, τὸ δʼ αὑτῆς κάλλος οὐκ ἂν αἰσχύνοιτο, οἶμαι, καὶ γυμνὴ δεικνύουσα.
</p>
</div1>
<div1 type="section" n="8">
<p> καὶ τοίνυν ἡ τοῦδε τοῦ οἴκου ὀροφή, μᾶλλον
δὲ κεφαλή, εὐπρόσωπος μὲν καὶ καθʼ ἑαυτήν, τῷ
χρυσῷ δʼ ἐς τοσοῦτον κεκόσμηται, ἐς ὅσον καὶ
οὐρανὸς ἐν νυκτὶ ὑπὸ τῶν ἀστέρων ἐκ διαστήματος περιλαμπόμενος καὶ ἐκ διαλείμματος ἀνθῶν τῷ πυρί. εἰ δέ γε πῦρ ἦν τὸ πᾶν, οὐ καλὸς ἄν, ἀλλὰ φοβερὸς ἡμῖν ἔδοξεν. ἴδοι δʼ ἄν τις οὐδʼ ἀργὸν
ἐνταῦθα τὸν χρυσὸν οὐδὲ μόνου τοῦ τέρποντος
εἵνεκα τῷ λοιπῷ κόσμῳ συνεσπαρμένον, ἀλλὰ
<pb id="v.1.p.186"/> καὶ αὐγήν τινα ἡδεῖαν ἀπολάμπει καὶ τὸν
οἶκον ὅλον ἐπιχρώννυσι τῷ ἐρυθήματι· ὁπόταν γὰρ τὸ φῶς προσπεσὸν ἐφάψηται καὶ ἀναμιχθῇ
τῷ χρυσῷ, κοινόν τι ἀπαστράπτουσι καὶ διπλασίαν τοῦ ἐρυθήματος ἐκφαίνουσι τὴν αἰθρίαν.
</p>
</div1>
<div1 type="section" n="9">
<p>
τὰ μὲν δὴ ὑψηλὰ καὶ κορυφαῖα τοῦ οἴκου τοιάδε, Ὁμήρου τινὸς δεόμενα ἐπαινέτου, ἵνα αὐτὸν ἢ ὑψώροφον ὡς τὸν Ἑλένης θάλαμον ἢ αἰγλήεντα ὡς τὸν Ὄλυμπον εἴποι· τὸν δὲ ἄλλον κόσμον καὶ τὰ τῶν τοίχων γράμματα καὶ τῶν χρωμάτων τὰ κάλλη καὶ τὸ ἐναργὲς ἑκάστου καὶ
τὸ ἀκριβὲς καὶ τὸ ἀληθὲς ἔαρος ὄψει καὶ λειμῶνι
δὲ εὐανθεῖ καλῶς ἂν ἔχοι παραβαλεῖν· πλὴν παρʼ ὅσον ἐκεῖνα μὲν ἀπανθεῖ καὶ μαραίνεται καὶ ἀλλάττεται καὶ ἀποβάλλει τὸ κάλλος, τουτὶ δὲ .
τὸ ἔαρ ἀΐδιον καὶ λειμὼν ἀμάραντος καὶ ἄνθος ἀθάνατον, ἅτε μόνης τῆς ὄψεως ἐφαπτομένης καὶ δρεπομένης τὸ ἡδὺ τῶν βλεπομένων.
</p>
</div1>
<div1 type="section" n="10">
<p>
τὰ δὴ τοσαῦτα καὶ τοιαῦτα τις οὐκ ἂν ἡσθείη βλέπων ἤ τις οὐκ ἂν προθυμηθείη καὶ παρὰ τὴν δύναμιν ἐν αὐτοῖς λέγειν, εἰδὼς αἴσχιστον
ὂν ἀπολειφθῆναι τῶν ὁρωμένων; ἐπαγωγότατον γάρ τι ἡ ὄψις τῶν καλῶν, οὐκ ἐπʼ ἀνθρώπων μόνον, ἀλλὰ καὶ ἵππος ἥδιον ἂν οἶμαι δράμοι κατὰ πρανοῦς πεδίου καὶ μαλακοῦ, προσηνῶς δεχομένου τὴν βάσιν καὶ ἡρέμα ὑπείκοντος τῷ ποδὶ καὶ μὴ ἀντιτυποῦντος τῇ ὁπλῇ· ἅπαντι γοῦν τότε χρῆται
τῷ δρόμῳ καὶ ὅλον ἐπιδοὺς ἑαυτὸν τῷ τάχει ἁμιλλᾶται καὶ πρὸς τοῦ πεδίου τὸ κάλλος.
</p>
</div1>
<div1 type="section" n="11">
<p>
ὁ δὲ ταὼς ἦρος ἀρχομένου πρὸς λειμῶνὰ
<pb id="v.1.p.188"/> τινα ἐλθών, ὁπότε καὶ τὰ ἄνθη πρόεισιν οὐ ποθεινότερα μόνον, ἀλλὰ καὶ ὡς ἂν εἴποι τις ἀνθηρότερα καὶ τὰς βαφὰς καθαρώτερα, τότε καὶ οὗτος ἐκπετάσας τὰ πτερὰ καὶ ἀναδείξας τῷ ἡλίῳ καὶ τὴν οὐρὰν ἐπάρας καὶ πάντοθεν αὑτῷ περιστήσας ἐπιδείκνυται τὰ ἄνθη τὰ αὑτοῦ καὶ τὸ ἔαρ τῶν πτερῶν ὥσπερ αὐτὸν προκαλοῦντος τοῦ
λειμῶνος ἐς τὴν ἅμιλλαν· ἐπιστρέφει γοῦν ἑαυτὸν
καὶ περιάγει καὶ ἐμπομπεύει τῷ κάλλει· ὅτε δὴ καὶ θαυμασιώτερος φαίνεται πρὸς τὴν αὐγὴν ἀλλαττομένων αὐτῷ τῶν χρωμάτων καὶ
μεταβαινόντων ἠρέμα καὶ πρὸς ἕτερον εὐμορφίας εἶδος τρεπομένων. πάσχει δὲ αὐτὸ μάλιστα ἐπὶ τῶν κύκλων, οὓς ἐπʼ ἄκροις ἔχει τοῖς πτεροῖς, ἴριδός τινος ἕκαστον περιθεούσης· ὃ γὰρ τέως χαλκὸς
ἦν, τοῦτο ἐγκλίναντος ὀλίγον χρυσὸς ὤφθη, καὶ
τὸ ὑπὸ τῷ ἡλίῳ κυαναυγές, εἰ σκιασθείη ʼχλοαυγές ἐστιν οὕτω μετακοσμεῖται πρὸς τὸ φῶς ἡ πτέρωσις.
</p>
</div1>
<div1 type="section" n="12">
<p> ὅτι μὲν γὰρ καὶ ἡ θάλαττα ἱκανὴ
προκαλέσασθαι καὶ εἰς ἐπιθυμίαν ἐπισπάσασθαι
ἐν γαλήνῃ φανεῖσα, ἴστε, κἂν μὴ εἴπω· ὅτε, εἰ καὶ παντάπασιν ἠπειρώτης καὶ ἀπειρόπλους τις εἴη, πάντως ἂν ἐθελήσειε καὶ αὐτὸς ἐμβῆναι καὶ περιπλεῦσαι καὶ πολὺ ἀπὸ τῆς γῆς ἀποσπάσαι,
καὶ μάλιστα εἰ βλέποι τὴν μὲν αὔραν κούφως
ἐπουριάζουσαν τὴν ὀθόνην, τὴν δὲ ναῦν προσηνῶς
τε καὶ λείως ἐπʼ ἄκρων ἠρέμα διολισθάνουσαν τῶν κυμάτων.
</p>
</div1>
<div1 type="section" n="13">
<p> καὶ τοίνυν καὶ τοῦδε τοῦ οἴκου τὸ κάλλος
ἱκανὸν καὶ παρορμῆσαι ἐς λόγους καὶ λέγοντα ἐπεγεῖραι καὶ πάντα τρόπον εὐδοκιμῆσαι
παρασκευάσαι. ἐγὼ μὲν δὴ τούτοις πείθομαι καὶ ἤδη
<pb id="v.1.p.190"/> πέπεισμαι καὶ ἐς τὸν οἶκον ἐπὶ λόγοις παρελήλυθα
ὥσπερ ὑπὸ ἴυγγος ἢ Σειρῆνος τῷ κάλλει ἑλκόμενος, ἐλπίδα οὐ μικρὰν ἔχων, εἰ καὶ τέως ἡμῖν ἄμορφοι
ἦσαν οἱ λόγοι, καλοὺς αὐτοὺς φανεῖσθαι καθάπερ ἐσθῆτι καλῇ κεκοσμημένους.
</p>
</div1>
<div1 type="section" n="14">
<p> ἕτερος δέ τις οὐκ ἀγεννὴς λόγος, ἀλλὰ καὶ πάνυ γενναῖος, ὥς φησι, καὶ μεταξύ μου λέγοντος ὑπέκρουε καὶ διακόπτειν ἐπειρᾶτο τὴν ῥῆσιν καὶ ἐπειδὴ πέπαυμαι, οὐκ ἀληθῆ ταῦτα λέγειν φησὶ
με, ἀλλὰ θαυμάζειν, εἰ φάσκοιμι ἐπιτηδειότερον
εἶναι πρὸς λόγων ἐπίδειξιν οἴκου κάλλος γραφῇ καὶ χρυσῷ κεκοσμημένον αὐτὸ γάρ που
τοὐναντίον ἀποβαίνειν. μᾶλλον δέ, εἰ δοκεῖ, αὐτὸς παρελθὼν ὁ λόγος ὑπὲρ ἑαυτοῦ καθάπερ ἐν δικασταῖς ὑμῖν εἰπάτω, ὅπῃ λυσιτελέστερον ἡγεῖται
τῷ λέγοντι εὐτέλειαν οἴκου καὶ ἀμορφίαν. ἐμοῦ μὲν ἀκηκόατε ἤδη λέγοντος, ὥστε οὐδὲν δέομαι δὶς περὶ τῶν αὐτῶν εἰπεῖν, ὁ δὲ παρελθὼν ἤδη λεγέτω, κἀγὼ σιωπήσομαι καὶ πρὸς ὀλίγον αὐτῷ μεταστήσομαι.
</p>
</div1>
<div1 type="section" n="15">
<p>
ἄνδρες τοίνυν δικασταί, φησὶν ὁ λόγος, ὁ μὲν προειπὼν ῥήτωρ πολλὰ καὶ μεγάλα τόνδε τὸν
οἶκον ἐπῄνεσε καὶ τῷ ἑαυτοῦ λόγῳ ἐκόσμησεν, ἐγὼ δὲ τοσούτου δέω ψόγον αὐτοῦ διεξελεύσεσθαι,
ὥστε καὶ τὰ ὑπʼ ἐκείνου παραλελειμμένα προσθήσειν μοι δοκῶ· ὅσῳ γὰρ ἂν ὑμῖν καλλίων φαίνηται, τοσῷδε ὑπεναντίος τῇ τοῦ λέγοντος χρείᾳ δειχθήσεται. καὶ πρῶτόν γε ἐπειδὴ γυναικῶν καὶ κόσμου
καὶ χρυσοῦ ἐκεῖνος ἐμνημόνευσεν, κἀμοὶ ἐπιτρέψατε χρήσασθαι τῷ παραδείγματι· φημὶ γὰρ οὖν καὶ γυναιξὶ καλαῖς οὐχ ὅπως
<pb id="v.1.p.192"/> συλλαμβάνειν ἐς τὸ εὐμορφότερον, ἀλλὰ καὶ ἐναντιοῦσθαι
τὸν κόσμον τὸν πολύν, ὁπόταν τῶν ἐντυγχανόντων
ἕκαστος ὑπὸ τοῦ χρυσοῦ καὶ τῶν λίθων τῶν πολυτελῶν ἐκπλαγεὶς ἀντὶ τοῦ ἐπαινεῖν ἢ ʼ χρόαν ἢ βλέμμα ἢ δειρὴν ἢ πῆχυν ἢ δάκτυλον, ὁ δὲ ταῦτʼ ἀφεὶς ἐς τὴν σαρδὼ ἢ τὸν σμάραγδον ἢ τὸν ὅρμον
ἢ τὸ ψέλιον ἀποβλέπῃ, ὥστε ἄχθοιτο ἂν εἰκότως
παρορωμένη διὰ τὸν κόσμον, οὐκ ἀγόντων σχολὴν ἐπαινεῖν αὐτὴν τῶν θεατῶν, ἀλλὰ πάρεργον αὐτῆς ποιουμένων τὴν θέαν.
</p>
</div1>
<div1 type="section" n="16">
<p> ὅπερ ἀνάγκη, οἶμαι, παθεῖν καὶ τὸν ἐν οὕτω καλοῖς ἔργοις λόγους δεικνύοντα· λανθάνει γὰρ ἐν τῷ μεγέθει τῶν καλῶν τὸ λεχθὲν καὶ ἀμαυροῦται καὶ συναρπάζεται, καθάπερ εἰ λύχνον τις εἰς πυρκαϊὰν μεγάλην φέρων ἐμβάλλοι ἢ μύρμηκα ἐπʼ ἐλέφαντος ἢ καμήλου δεικνύοι. τοῦτό τε οὖν φυλακτέον τῷ λέγοντι, καὶ προσέτι μὴ καὶ τὴν φωνὴν αὐτὴν ἐπιταράττηται ˘ ἐν οὕτως εὐφώνῳ καὶ ἠχήεντι οἴκῳ λέγων ἀντιφθέγγεται γὰρ καὶ ἀντιφωνεῖ
καὶ ἀντιλέγει, μᾶλλον δὲ ἐπικαλύπτει τὴν βοήν,
οἷόν τι καὶ σάλπιγξ δρᾷ τὸν αὐλόν, εἰ συναυλοῖεν,
ἢ τοὺς κελευστὰς ἡ θάλαττα, ὁπόταν πρὸς κύματος ἦχον ἐπᾴδειν τῇ εἰρεσίᾳ θέλωσιν ἐπικρατεῖ γὰρ ἡ μεγαλοφωνία καὶ κατασιωπᾷ τὸ ἧττον.
</p>
</div1>
<div1 type="section" n="17">
<p> καὶ μὴν κἀκεῖνο, ὅπερ ἔφη ὁ ἀντίδικος, ὡς ἄρα ἐπεγείρει ὁ καλὸς οἶκος τὸν λέγοντα καὶ
προθυμότερον παρασκευάζει, ἐμοὶ δοκεῖ τὸ ἐναντίον ποιεῖν ἐκπλήττει γὰρ καὶ φοβεῖ καὶ τὸν λογισμὸν διαταράττει καὶ δειλότερον ἐργάζεται
ἐνθυμούμενον ὡς ἁπάντων ἐστὶν αἴσχιστον ἐν
<pb id="v.1.p.194"/>
εὐμόρφῳ χωρίῳ μὴ ὁμοίους φαίνεσθαι τοὺς λόγους. ἐλέγχων γὰρ οὗτός γε ὁ φανερώτατος, ὥσπερ ἂν
. εἴ τις πανοπλίαν καλὴν ἐνδὺς ἔπειτα φεύγοι πρὸ τῶν ἄλλων, ἐπισημότερος ὢν δειλὸς ἀπὸ τῶν ὅπλων. τοῦτο δέ μοι δοκεῖ λογισάμενος καὶ ὁ τοῦ Ὁμήρου ῥήτωρ ἐκεῖνος εὐμορφίας ἐλάχιστον φροντίσαι, μᾶλλον δὲ καὶ παντελῶς ἀΐδρει φωτὶ
ἑαυτὸν ἀπεικάσαι, ἵνα αὐτῷ παραδοξότερον φαίνηται τῶν λόγων τὸ κάλλος ἐκ τῆς πρὸς τὸ
ἀμορφότερον ἐξετάσεως. ἄλλως τε ἀνάγκη πᾶσα καὶ τὴν τοῦ λέγοντος αὐτοῦ διάνοιαν ἀσχολεῖσθαι περὶ τὴν θέαν καὶ τῆς φροντίδος τὸ ἀκριβὲς ἐκλύειν τῆς
ὄψεως ἐπικρατούσης καὶ πρὸς αὑτὴν καλούσης καὶ τῷ λόγῳ προσέχειν οὐκ ἐώσης. ὥστε τίς  μηχανὴ μὴ οὐχὶ πάντως ἔλαττον ἐρεῖν αὐτὸν τῆς ψυχῆς διατριβούσης περὶ τὸν τῶν ὁρωμένων
ἔπαινον;
</p>
</div1>
<div1 type="section" n="18">
<p> ἐῶ γὰρ λέγειν ὅτι καὶ οἱ παρόντες αὐτοὶ
καὶ πρὸς τὴν ἀκρόασιν παρειλημμένοι ἐπειδὰν εἰς
τοιοῦτον οἶκον παρέλθωσιν, ἀντὶ ἀκροατῶν θεαταὶ καθίστανται, καὶ οὐχ οὕτω Δημόδοκος ἢ Φήμιος ἢ
Θάμυρις ἢ Ἀμφίων ἢ Ὀρφεύς τις λέγων ἐστίν,
ὥστε ἀποσπάσαι τὴν διάνοιαν αὐτῶν ἀπὸ τῆς θέας· ἀλλʼ οὖν ἕκαστος, ἐπειδὰν μόνον ὑπερβῇ
τὸν οὐδόν, ἀθρόῳ τῷ κάλλει. περιχυθεὶς λόγων μὲν ἐκείνων ἢ ἀκροάσεως ἄλλης ˘ οὐδὲ τὴν ἀρχὴν
ἀΐοντι ἔοικεν, ὅλος δὲ πρὸς τοῖς ὁρωμένοις ἐστίν,
εἰ μὴ τύχοι τις παντελῶς τυφλὸς ὢν ἢ ἐν νυκτὶ
ὥσπερ ἡ ἐξ Ἀρείου πάγου βουλὴ ποιοῖτο τὴν
ἀκρόασιν.
</p>
</div1>
<div1 type="section" n="19">
<p>
ὅτι γὰρ οὐκ ἀξιόμαχον λόγων ἰσχὺς
ὄψει ἀνταγωνίσασθαι καὶ ὁ Σειρήνων μῦθος
<pb id="v.1.p.196"/>
παρατεθεὶς τῷ περὶ τῶν Γοργόνων διδάξειεν ἄν·
ἐκεῖναι μὲν γὰρ ἐκήλουν τοὺς παραπλέοντας μελῳδοῦσαι καὶ κολακεύουσαι· τοῖς ᾄσμασιν καὶ καταπλεύσαντας ἐπὶ πολὺ κατεῖχον, καὶ ὅλως τὸ ἔργον αὐτῶν ἐδεῖτό τινος διατριβῆς, καὶ πού τις
αὐτὰς καὶ παρέπλευσε καὶ τοῦ μέλους παρήκουσε·
τὸ δὲ τῶν Γοργόνων κάλλος, ἅτε βιαιότατόν τε ὂν καὶ τοῖς καιριωτάτοις τῆς ψυχῆς ὁμιλοῦν, εὐθὺς ἐξίστη τοὺς ἰδόντας καὶ ἀφώνους ἐποίει, ὡς δὲ ὁ μῦθος βούλεται καὶ λέγεται, λίθινοι ἐγίγνοντο ὑπὸ θαύματος. ὥστε καὶ ὃν ὑπὲρ τοῦ ταὼ λόγον
εἶπε πρὸς ὑμᾶς μικρὸν ἔμπροσθεν, ὑπὲρ ἐμαυτοῦ εἰρῆσθαι νομίζω· καὶ γὰρ ἐκείνου ἐν τῇ ὄψει, οὐκ
ἐν τῇ φωνῇ τὸ τερπνόν. καὶ εἲ γέ τις παραστησάμενος τὴν ἀηδόνα ἢ τὸν κύκνον ᾄδειν κελεύοι,
μεταξὺ δὲ ᾀδόντων παραδείξειε τὸν ταὼ σιωπῶντα, εὖ οἶδʼ ὅτι . ἐπʼ ἐκεῖνον μεταβήσεται ἡ ψυχὴ μακρὰ χαίρειν φράσασα τοῖς ἐκείνων
ᾅσμασιν·<!--note n="v.1.p.196.n.1" place="unspecified" anchored="yes" /--> οὕτως ἄμαχόν τι ἔοικεν εἶναι ἡ
διʼ ὄψεως ἡδονή.
</p>
</div1>
<div1 type="section" n="20">
<p> καὶ ἔγωγε, εἰ βούλεσθε,
μάρτυρα ὑμῖν παραστήσομαι σοφὸν ἄνδρα, ὃς
αὐτίκα μοι μαρτυρήσει ὡς πολὺ ἐπικρατέστερά ἐστι τῶν ἀκουομένων τὰ ὁρώμενα. καί μοι σὺ ἤδη ὁ κῆρυξ προσκάλει αὐτὸν Ἡρόδοτον Λύξου
Ἁλικαρνασόθεν· κἀπειδὴ καλῶς ποιῶν ὑπήκουσε, μαρτυρείτω παρελθών ἀναδέξασθε δὲ αὐτὸν Ἰαστὶ πρὸς ὑμᾶς λέγοντα ὥσπερ αὐτῷ ἔθος. ἀληθέα τάδε ὁ λόγος ὑμῖν, ἄνδρες δικασταί, μυθέεται καὶ οἱ πείθεσθε ὅσα ἂν λέγῃ τουτέων πέρι ὄψιν ἀκοῆς προτιμέων ὦτα γὰρ τυγχάνει ἐόντα ἀπιστότερα ὀφθαλμῶν·
<pb id="v.1.p.198"/> Ἀκούετε τοῦ μάρτυρος ἅ φησιν, ὡς τὰ πρῶτα
τῇ ὄψει ἀπέδωκεν; εἰκότως. τὰ μὲν γὰρ ἔπεα
πτερόεντά ἐστι καὶ οἴχεται ἅμα τῷ προελθεῖν ἀποπτάμενα, ἡ δὲ τῶν ὁρωμένων τέρψις ἀεὶ παρεστῶσα καὶ παραμένουσα πάντως τὸν θεατὴν ὑπάγεται.
</p>
</div1>
<div1 type="section" n="21">
<p> πῶς οὖν οὐ χαλεπὸς τῷ λέγοντι ἀνταγωνιστὴς
οἶκος οὕτω καλὸς καὶ περίβλεπτος ὤν; μᾶλλον δὲ τὸ μέγιστον οὐδέπω φημί· ὑμεῖς γὰρ
αὐτοὶ οἱ δικασταὶ καὶ μεταξὺ λεγόντων ἡμῶν ἐς τὴν ὀροφὴν ἀπεβλέπετε καὶ τοὺς τοίχους ἐθαυμάζετε καὶ τὰς γραφὰς ἐξητάζετε πρὸς ἑκάστην ἀποστρεφόμενοι. καὶ μηδὲν αἰσχυνθῆτε· συγγνώμη γάρ, εἴ τι ἀνθρώπινον πεπόνθατε, ἄλλως τε καὶ πρὸς οὕτω καλὰς καὶ ποικίλας τὰς ὑποθέσεις.
τῆς γὰρ τέχνης τὸ ἀκριβὲς καὶ τῆς ἱστορίας μετὰ τοῦ ἀρχαίου τὸ ὠφέλιμον ἐπαγωγὸν ὡς ἀληθῶς καὶ πεπαιδευμένων θεατῶν δεόμενον. καὶ ἵνα μὴ πάντα ἐκεῖσε ἀποβλέπητε ἡμᾶς ἀπολιπόντες, φέρε
ὡς οἷόν τε γράψωμαι<!--note n="v.1.p.198.n.1" place="unspecified" anchored="yes" /--> αὐτὰ ὑμῖν τῷ λόγῳ· ἡσθήσεσθε γάρ, οἶμαι, ἀκούοντες ἃ καὶ ὁρῶντες θαυμάζετε. καὶ ἴσως ἄν με καὶ διʼ αὐτὸ ἐπαινέσαιτε καὶ τοῦ ἀντιδίκου προτιμήσαιτε, ὡς καὶ<!--note n="v.1.p.198.n.2" place="unspecified" anchored="yes" /--> αὐτὸν ἐπιδείξαντα καὶ διπλασιάσαντα<!--note n="v.1.p.198.n.8" place="unspecified" anchored="yes" /--> ὑμῖν τὴν ἡδονήν. τὸ χαλεπὸν δὲ τοῦ τολμήματος ὁρᾶτε, ἄνευ χρωμάτων καὶ σχημάτων καὶ τόπου συστήσασθαι τοσαύτας εἰκόνας· ψιλὴ γάρ τις ἡ γραφὴ τῶν λόγων.
<pb id="v.1.p.200"/>
</p>
</div1>
<div1 type="section" n="22">
<p>
ἐν δεξιᾷ μὲν οὖν εἰσιόντι Ἀργολικῷ μύθῳ ἀναμέμικται πάθος Αἰθιοπικὸν ὁ Περσεὺς τὸ
κῆτος φονεύει καὶ τὴν Ἀνδρομέδαν καθαιρεῖ, καὶ μετὰ μικρὸν γαμήσει καὶ ἄπεισιν αὐτὴν ἄγων πάρεργον τοῦτο τῆς ἐπὶ Γοργόνας πτήσεως. ἐν βραχεῖ δὲ πολλὰ ὁ τεχνίτης ἐμιμήσατο, αἰδῶ παρθένου καὶ φόβον — ἐπισκοπεῖ γὰρ μάχην ἄνωθεν ἐκ τῆς πέτρας<!--note n="v.1.p.200.n.1" place="unspecified" anchored="yes" /--> — καὶ νεανίου τόλμαν ἐρωτικὴν καὶ θηρίου ὄψιν ἀπρόσμαχον καὶ τὸ μὲν ἔπεισι πεφρικὸς ταῖς ἀκάνθαις καὶ δεδιττόμενον τῷ χάσματι, ὁ Περσεὺς δὲ τῇ λαιᾷ μὲν προδείκνυσι τὴν Γοργόνα, τῇ δεξιᾷ δὲ καθικνεῖται τῷ ξίφει· καὶ τὸ μὲν ὅσον τοῦ κήτους εἶδε τὴν Μέδουσαν, ἤδη λίθος ἐστίν, τὸ δʼ ὅσον ἔμψυχον μένει, τῇ
ἅρπῃ κόπτεται.
</p>
</div1>
<div1 type="section" n="23">
<p> ἑξῆς δὲ μετὰ τήνδε τὴν εἰκόνα ἕτερον δρᾶμα γέγραπται δικαιότατον, οὗ τὸ ἀρχέτυπον ὁ
γραφεὺς παρʼ Εὐριπίδου ἢ Σοφοκλέους δοκεῖ μοι λαβεῖν ἐκεῖνοι γὰρ ὁμοίαν ἔγραψαν τὴν εἰκόνα. τὼ νεανία τὼ ἑταίρω Πυλάδης τε ὁ Φωκεὺς καὶ Ὀρέστης δοκῶν ἤδη τεθνάναι λαθόντʼ ἐς τὰ βασίλεια<!--note n="v.1.p.200.n.2" place="unspecified" anchored="yes" /--> παρελθόντε φονεύουσιν ἄμφω τὸν Αἴγισθον ἡ δὲ Κλυταιμήστρα ἤδη
ἀνῄρηται καὶ ἐπʼ εὐνῆς τινος ἡμίγυμνος πρόκειται καὶ θεραπεία πᾶσα ἐκπεπληγμένοι τὸ ἔργον οἱ μὲν
ὥσπερ βοῶσιν, οἱ δέ τινες ὅπῃ φύγωσι περιβλέπουσι. σεμνὸν δέ τι ὁ γραφεὺς ἐπενόησεν, τὸ μὲν ἀσεβὲς τῆς ἐπιχειρήσεως δείξας μόνον καὶ ὡς ἤδη
<pb id="v.1.p.202"/> πεπραγμένον παραδραμών, ἐμβραδύνοντας δὲ τοὺς νεανίσκους ἐργασάμενος τῷ τοῦ μοιχοῦ φόνῳ.
</p>
</div1>
<div1 type="section" n="24">
<p> μετὰ δὲ τοῦτο θεός ἐστιν εὔμορφος καὶ
μειράκιον ὡραῖον, ἐρωτική τις παιδιά· ὁ Βράγχος ἐπὶ πέτρας καθεζόμενος ἀνέχει λαγὼν καὶ
προσπαίζει τὸν κύνα, ὁ δὲ πηδησομένῳ ἔοικεν ἐπʼ αὐτὸν εἰς τὸ ὕψος, καὶ Ἀπόλλων παρεστὼς μειδιᾷ τερπόμενος ἀμφοῖν καὶ τῷ παιδὶ παίζοντι καὶ πειρωμένῳ τῷ κυνί.
</p>
</div1>
<div1 type="section" n="25">
<p>
ἐπὶ δὲ τούτοις ὁ Περσεὺς πάλιν τὰ πρὸ τοῦ κήτους ἐκεῖνα τολμῶν καὶ ἡ Μέδουσα
τεμνομένη τὴν κεφαλὴν καὶ Ἀθηνᾶ σκέπουσα τὸν Περσέα· ὁ δὲ τὴν μὲν τόλμαν εἴργασται, τὸ δὲ ἔργον οὐχ ἑώρακεν, πλὴν<!--note n="v.1.p.202.n.1" place="unspecified" anchored="yes" /--> ἐπὶ τῆς ἀσπίδος, τῆς Γοργόνος τὴν εἰκόνα· οἶδε γὰρ τὸ πρόστιμον τῆς ἀληθοῦς ὄψεως.
</p>
</div1>
<div1 type="section" n="26">
<p> κατὰ δὲ τὸν μέσον τοῖχον ἄνω τῆς ἀντιθύρου<!--note n="v.1.p.202.n.2" place="unspecified" anchored="yes" /-->. Ἀθηνᾶς ναὸς πεποίηται, ἡ θεὸς λίθου λευκοῦ, τὸ σχῆμα οὐ πολεμιστήριον, ἀλλʼ οἷον
ἂν γένοιτο εἰρήνην ἀγούσης θεοῦ πολεμικῆς.
</p>
</div1>
<div1 type="section" n="27">
<p>
εἶτα μετὰ ταύτην ἄλλη Ἀθηνᾶ, οὐ λίθος
αὕτη γε, ἀλλὰ γραφὴ πάλιν Ἥφαιστος αὐτὴν διώκει ἐρῶν, ἡ δὲ φεύγει, κἀκ. τῆς διώξεως
Ἐριχθόνιος γίγνεται.
</p>
</div1>
<div1 type="section" n="28">
<p> ταύτῃ ἕπεται παλαιά τις ἄλλη γραφή· Ὠρίων φέρει τὸν Κηδαλίωνα τυφλὸς ὤν, ὁ δʼ αὐτῷ σημαίνει τὴν πρὸς τὸ φῶς ὁδὸν ἐποχούμενος,
</p>
</div1>
<div1 type="section" n="29">
<p> καὶ ὁ Ἥλιος φανεὶς ἰᾶται τὴν πήρωσιν, καὶ
ὁ Ἥφαιστος Λημνόθεν ἐπισκοπεῖ τὸ ἔργον.
</p>
</div1>
<div1 type="section" n="30">
<p>
Ὀδυσσεὺς τὸ μετὰ τοῦτο δῆθεν μεμηνώς, ἅτε
<pb id="v.1.p.204"/>
συστρατεύειν<!--note n="v.1.p.204.n.1" place="unspecified" anchored="yes" /--> τοῖς Ἀτρείδαις μὴ θέλων πάρεισι
δὲ οἱ πρέσβεις ἤδη καλοῦντες, καὶ τὰ μὲν τῆς
ὑποκρίσεως πιθανὰ πάντα, ἡ ἀπήνη, τὸ τῶν ὑπεζευγμένων ἀσύμφωνον, ἡ ἄνοια<!--note n="v.1.p.204.n.2" place="unspecified" anchored="yes" /--> τῶν δρωμένων· ἐλέγχεται δʼ ὅμως τῷ βρέφει· Παλαμήδης γὰρ
ὁ τοῦ Ναυπλίου συνεὶς τὸ γιγνόμενον, ἁρπάσας τὸν Τηλέμαχον ἀπειλεῖ φονεύσειν πρόκωπον ἔχων τὸ ξίφος, καὶ πρὸς τὴν τῆς μανίας ὑπόκρισιν ὀργὴν καὶ οὗτος ἀνθυποκρίνεται. ὁ δὲ Ὀδυσσεὺς πρὸς τὸν φόβον τοῦτον σωφρονεῖ
καὶ πατὴρ γίγνεται καὶ λύει τὴν ὑπόκρισιν.
</p>
</div1>
<div1 type="section" n="31">
<p>
ὑστάτη δὲ ἡ Μήδεια. γέγραπται τῷ ζήλῳ
διακαής, τὼ παῖδε ὑποβλέπουσα καί τι δεινὸν ἐννοοῦσα· ἔχει γοῦν ἤδη τὸ ξίφος, τὼ δʼ ἀθλίω καθῆσθον γελῶντε, μηδὲν τῶν μελλόντων εἰδότε, καὶ ταῦτα ὁρῶντε τὸ ξίφος ἐν ταῖν χεροῖν.
</p>
</div1>
<div1 type="section" n="32">
<p> ταῦτα πάντα, ὦ ἄνδρες δικασταί, οὐχ
ὁρᾶτε ὅπως ἀπάγει μὲν τὸν ἀκροατὴν καὶ πρὸς τὴν θέαν ἀποστρέφει, μόνον δὲ καταλείπει τὸν λέγοντα; καὶ ἔγωγε διεξῆλθον αὐτά, οὐχ ἵνα τὸν ἀντίδικον τολμηρὸν ὑπολαβόντες καὶ θρασύν, εἰ τοῖς οὕτω δυσκόλοις ἑαυτὸν ἑκὼν φέρων ἐπέβαλεν, καταγνῶτε καὶ μισήσητε καὶ ἐπὶ τῶν λόγων ἐγκαταλίπητε, ἀλλʼ ἵνα μᾶλλον αὐτῷ
συναγωνίσησθε καὶ ὡς οἷόν τε καταμύοντες ἀκούητε τῶν λεγομένων, λογιζόμενοι τοῦ πράγματος τὴν
δυσχέρειαν· μόλις γὰρ ἂν οὕτω δυνηθείη οὐ δικασταῖς
<pb id="v.1.p.206"/> ἀλλὰ συναγωνισταῖς ὑμῖν χρησάμενος μὴ παντάπασιν ἀνάξιος τῆς τοῦ οἴκου πολυτελείας νομισθῆναι. εἰ δὲ ὑπὲρ ἀντιδίκου ταῦτα δέομαι, μὴ, θαυμάσητε· ὑπὸ γὰρ τοῦ τὸν οἶκον φιλεῖν καὶ τὸν ἐν αὐτῷ λέγοντα, ὅστις ἂν ᾖ, βουλοίμην ἂν
εὐδοκιμεῖν·</p>
</div1>
</body>
</text>
</TEI.2>
