<?xml version="1.0" encoding="UTF-8"?><TEI.2>
<teiHeader>
<fileDesc>
<titleStmt>
<title>Nigrinus</title>
<title type="sub">Machine readable text</title>
<author n="Plut.">Lucian</author>
<editor role="editor" n="Loeb">A. M. Harmon</editor>
<sponsor>Perseus Project, Tufts University</sponsor>
<principal>Gregory Crane</principal>
<respStmt>
<resp>Prepared under the supervision of</resp>
<name>Lisa Cerrato</name>
<name>William Merrill</name>
<name>Elli Mylonas</name>
<name>David Smith</name>
</respStmt>
<funder n="org:NEH">The National Endowment for the Humanities</funder>
<funder n="org:Google">Google Digital Humanities Awards Program</funder>
</titleStmt>
<extent/>
<publicationStmt>
<publisher>Trustees of Tufts University</publisher>
<pubPlace>Medford, MA</pubPlace>
<authority>Perseus Project</authority>
</publicationStmt>
<sourceDesc>
<listBibl>
<biblStruct>
<monogr>
<author>Lucian</author>
<title>Works</title>
<respStmt>
<resp>with an English Translation by</resp>
<name>A. M. Harmon</name>
</respStmt>
<imprint>
<pubPlace>Cambridge, MA</pubPlace>
<publisher>Harvard University Press</publisher>
<pubPlace>London</pubPlace>
<publisher>William Heinemann Ltd.</publisher>
<date>1913</date>
</imprint>
<biblScope type="volume">1</biblScope>
</monogr>
</biblStruct>
</listBibl>
</sourceDesc>
</fileDesc>
<encodingDesc>
<editorialDecl>
<correction method="silent">
<p>optical character recognition</p>
</correction>
</editorialDecl>
<refsDecl doctype="TEI.2">
<state unit="intro"/>
</refsDecl>
<refsDecl doctype="TEI.2">
<state unit="work"/>
<state unit="section" n="chunk"/>
</refsDecl>
</encodingDesc>
<profileDesc>
<langUsage>
<language id="greek">Greek</language>
</langUsage>
</profileDesc>
</teiHeader>
<text>
<body>
<pb id="v.1.p.98"/>
<div1 type="intro">
<p>
Λουκιανὸς Νιγρίνῳ εὗ πράττειν.</p>
<p>ἡ μὲν
παροιμία φησίν, Γλαῦκα εἰς Ἀθήνας, ὡς
γελοῖον ὂν εἴ τις ἐκεῖ κομίζοι γλαῦκας, ὅτι πολλαὶ παρʼ αὐτοῖς εἰσιν. ἐγὼ δʼ εἰ μὲν δύναμιν λόγων ἐπιδείξασθαι βουλόμενος ἔπειτα Νιγρίνῳ γράψας βιβλίον ἔπεμπον, εἰχόμην ἂν τῷ γελοίῳ γλαῦκας
ὡς ἀληθῶς ἐμπορευόμενος· ἐπεὶ δὲ μόνην σοι δηλῶσαι τὴν ἐμὴν γνώμην ἐθέλω, ὅπως τε νῦν ἔχω καὶ ὅτι μὴ παρέργως εἴλημμαι· πρὸς τῶν σῶν λόγων, ἀποφεύγοιμʼ ἂν εἰκότως καὶ τὸ τοῦ Θουκυδίδου λέγοντος, ὅτι ἡ ἀμαθία μὲν θράσος,
ὀκνηροὺς δὲ τὸ λελογισμένον ἀπεργάζεται· δῆλον γὰρ ὡς οὐχ ἡ ἀμαθία μοι μόνη τῆς τοιαύτης τόλμης, ἀλλὰ καὶ ὁ πρὸς τοὺς λόγους ἔρως αἴτιος. ἔρρωσο.</p>
</div1>
<div1 type="work">
<head> Νιγρινου Φιαοσοφια</head>
<div2 type="section" n="1">
<p>

ὡς σεμνὸς ἡμῖν σφόδρα καὶ μετέωρος ἐπανελήλυθας.
οὐ τοίνυν προσβλέπειν ἡμᾶς ἔτι ἀξιοῖς οὔτε ὁμιλίας μεταδίδως οὔτε κοινωνεῖς τῶν ὁμοίων λόγων, ἀλλʼ ἄφνω μεταβέβλησαι καὶ ὅλως
<pb id="v.1.p.100"/>
ὑπεροπτικῷ τινι ἔοικας. ἡδέως δʼ ἂν παρὰ σοῦ
πυθοίμην, ὅθεν οὕτως ἀτόπως ἔχεις καὶ τί τούτων
αἴτιον,
Τί γὰρ ἄλλο γε, ὦ ἑταῖρε, ἢ εὐτυχία; πῶς λέγεις;
ὁδοῦ πάρεργον ἥκω σοι εὐδαίμων τε καὶ μακάριος γεγενημένος καὶ τοῦτο δὴ τὸ ἀπὸ τῆς
σκηνῆς ὄνομα, τρισόλβιος. Ἡράκλεις, οὕτως ἐν βραχεῖ; καὶ μάλα.
τί δέ , τὸ	μετὰ τοῦτο	 ἐστιν ἐφʼ ὅτῳ καὶ κομᾷς; ἵνα μὴ ἐν κεφαλαίῳ μόνῳ εὐφραινώμεθα,
ἔχωμεν δέ τι καὶ ἀκριβὲς εἰδέναι τὸ πᾶν ἀκούσαντες.
οὐ θαυμαστὸν εἶναί σοι δοκεῖ. πρὸς Διός, ἀντί μὲν δούλου με ἐλεύθερον, ἀντὶ δὲ πένητος ὡς ἀληθῶς πλούσιον, ἀντὶ δὲ ἀνοήτου τε καὶ
τετυφωμένου γενέσθαι μετριώτερον;
</p>
</div2>
<div2 type="section" n="2">
<p> μέγιστον μὲν οὖν ἀτὰρ οὔπω μανθάνω σαφῶς
ὅ τι καὶ λέγεις. ἐστάλην μὲν εὐθὺ τῆς πόλεως βουλόμενος
ἰατρὸν ὀφθαλμῶν θεάσασθαί τινα τὸ γάρ μοι πάθος τὸ ἐν τῷ ὀφθαλμῷ μᾶλλον ἐπετείνετο.
οἶδα τούτων ἕκαστα, καὶ ηὐξάμην σέ τινι. σπουδαίῳ ἐπιτυχεῖν. δόξαν οὖν μοι διὰ πολλοῦ προσειπεῖν Νιγρῖνον τὸν Πλατωνικὸν φιλόσοφον, ἕωθεν ἐξαναστὰς ὡς
αὐτὸν ἀφικόμην καὶ κόψας τὴν θύραν τοῦ παιδὸς
εἰσαγγείλαντος ἐκλήθην καὶ παρελθὼν εἴσω καταλαμβάνω τὸν μὲν ἐν χερσὶ βιβλίον ἔχοντα,
<pb id="v.1.p.102"/> πολλὰς δὲ εἰκόνας παλαιῶν φιλοσόφων ἐν κύκλῳ κειμένας. προὔκειτο δὲ ἐν μέσῳ καὶ πινάκιόν τισι τῶν ἀπὸ γεωμετρίας σχημάτων
καταγεγραμμένον καὶ σφαῖρα καλάμου πρὸς τὸ τοῦ παντὸς μίμημα ὡς ἐδόκει πεποιημένη.
</p>
</div2>
<div2 type="section" n="3">
<p>
σφόδρα οὖν με
φιλοφρόνως ἀσπασάμενος ἠρώτα ὅ τι πράττοιμι. κἀγὼ πάντα διηγησάμην αὐτῷ, καὶ δῆτα ἐν μέρει καὶ αὐτὸς ἠξίουν εἰδέναι ὅ τι τε πράττοι καὶ εἰ αὖθις αὐτῷ ἐγνωσμένον εἴη στέλλεσθαι τὴν ἐπὶ τῆς Ἑλλάδος.
ὁ δὲ ἀπʼ ἀρχῆς ἀρξάμενος, ὦ ἑταῖρε, περὶ τούτων λέγειν καὶ τὴν ἑαυτοῦ γνώμην διηγεῖσθαι τοσαύτην τινά μου λόγων ἀμβροσίαν κατεσκέδασεν, ὥστε καὶ τὰς Σειρῆνας ἐκείνας, εἴ τινες ἄρα ἐγένοντο, καὶ τὰς ἀηδόνας καὶ τὸν Ὁμήρου λωτὸν ἀρχαῖον ἀποδεῖξαι· οὕτω
θεσπέσια ἐφθέγξατο.
</p>
</div2>
<div2 type="section" n="4">
<p>
προήχθη γὰρ αὐτήν τε φιλοσοφίαν ἐπαινέσαι καὶ τὴν ἀπὸ ταύτης
ἐλευθερίαν καὶ τῶν δημοσίᾳ νομιζομένων ἀγαθῶν καταγελάσαι, πλούτου καὶ δόξης καὶ βασιλείας καὶ τιμῆς, ἔτι τε χρυσοῦ καὶ πορφύρας, τῶν πάνυ περιβλέπτων τοῖς πολλοῖς, τέως δὲ κἀμοὶ δοκούντων. ἅπερ ἔγωγε ἀτενεῖ καὶ ἀναπεπταμένῃ τῇ - ψυχῇ δεξάμενος αὐτίκα μὲν οὐδὲ εἶχον εἰκάσαι
ὅπερ ἐπεπόνθειν, ἀλλὰ παντοῖος ἐγιγνόμην καὶ
ἄρτι μὲν ἐλυπούμην, ἐληλεγμένων μοι τῶν φιλτάτων, πλούτου τε καὶ ἀργυρίου καὶ δόξης, καὶ μόνον οὐκ; ἐδάκρυον ἐπʼ αὐτοῖς καθῃρημένοις, ἄρτι
<pb id="v.1.p.104"/>
δὲ αὐτὰ μὲν ἐδόκει μοι ταπεινὰ καὶ καταγέλαστα·
ἔχαιρον δʼ αὖ ὥσπερ ˘ ἐκ ζοφεροῦ τινος ἀέρος
τοῦ βίου τοῦ πρόσθεν ἐς αἰθρίαν τε καὶ μέγα φῶς ἀναβλέπων ὥστε δή, τὸ καινότατον, τοῦ ὀφθαλμοῦ μὲν καὶ τῆς περὶ αὐτὸν ἀσθενείας ἐπελανθανόμην, τὴν δὲ ψυχὴν ὀξυδερκέστερος κατὰ μικρὸν ἐγιγνόμην ἐλελήθειν γάρ τέως αὐτὴν τυφλώττουσαν περιφέρων.
</p>
</div2>
<div2 type="section" n="5">
<p>
προϊὼν δὲ ἐς τόδε περιήχθην, ὅπερ ἀρτίως ἡμῖν ἐπεκάλεις· γαῦρός τε γὰρ ὑπὸ τοῦ λόγου καὶ μετέωρός εἰμι καὶ ὅλως μικρὸν οὐκέτι
οὐδὲν ἐπινοῶ· δοκῶ γάρ μοι ὅμοιόν τι πεπονθέναι πρὸς φιλοσοφίαν, οἷόνπερ καὶ οἱ Ἰνδοὶ πρὸς τὸν
οἶνον λέγονται παθεῖν, ὅτε πρῶτον ἔπιον αὐτοῦ· θερμότεροι γὰρ ὄντες φύσει πιόντες ἰσχυρὸν οὕτω ποτὸν αὐτίκα μάλα ἐξεβακχεύθησαν καὶ διπλασίως ὑπὸ τοῦ ἀκράτου ἐξεμάνησαν. οὕτω σοι καὶ αὐτὸς ἔνθεος καὶ διπλασίως ὑπὸ τῶν λόγων
περιέρχομαι.
</p>
</div2>
<div2 type="section" n="6">
<p> καὶ μὴν τοῦτό γε οὐ μεθύειν, ἀλλὰ νήφειν
τε καὶ σωφρονεῖν ἐστιν. ἐγὼ δὲ βουλοίμην ἄν,
εἰ οἷόν τε, αὐτῶν ἀκοῦσαι τῶν λόγων οὐδὲ γὰρ
οὐδὲ φθονεῖν αὐτῶν οἶμαι θέμις, ἄλλως τε εἰ
καὶ φίλος καὶ περὶ τὰ ὅμοια ἐσπουδακὼς ὁ βουλόμενος ἀκούειν εἴη.
θάρρει, ὦγαθέ· τοῦτο γάρ τοι τὸ τοῦ Ὁμήρου,  σπεύδοντα καὶ αὐτὸν παρακαλεῖς, καὶ εἴ γε μὴ ἔφθης, αὐτὸς ἂν ἐδεήθην ἀκοῦσαί μου διηγουμένου·
μάρτυρα γάρ σε παραστήσασθαι πρὸς τοὺς πολλοὺς ἐθέλω, ὅτι οὐκ ἀλόγως μαίνομαι· ἄλλως
<pb id="v.1.p.106"/>
τε καὶ ἡδύ μοι τὸ μεμνῆσθαι αὐτῶν πολλάκις, καὶ ταύτην ἤδη μελέτην ἐποιησάμην ἐπεὶ κἄν τις μὴ παρὼν τύχῃ, καὶ οὕτω δὶς ἢ τρὶς τῆς
ἡμέρας ἀνακυκλῶ πρὸς ἐμαυτὸν τὰ εἰρημένα.
</p>
</div2>
<div2 type="section" n="7">
<p> καὶ
ὥσπερ οἱ ἐρασταὶ τῶν παιδικῶν οὐ παρόντων ἔργʼ ἄττα καὶ λόγους εἰρημένους αὐτοῖς διαμνημονεύουσι καὶ τούτοις ἐνδιατρίβοντες ἐξαπατῶσι τὴν νόσον, ὡς παρόντων σφίσι τῶν ἀγαπωμένων — ἔνιοι γοῦν αὐτοῖς καὶ προσλαλεῖν οἴονται
καὶ ὡς ἄρτι λεγομένων πρὸς αὐτοὺς ὧν τότε ἤκουσαν, ἥδονται καὶ προσάψαντες τὴν ψυχὴν
τῇ μνήμῃ τῶν παρεληλυθότων σχολὴν οὐκ ἄγουσιν τοῖς ἐν ποσὶν ἀνιᾶσθαι — οὕτω δὴ καὶ
αὐτὸς φιλοσοφίας οὐ παρούσης τοὺς λόγους, οὓς τότε ἤκουσα, συναγείρων καὶ πρὸς ἐμαυτὸν ἀνατυλίττων οὐ μικρὰν ἔχω παραμυθίαν, καὶ ὅλως καθάπερ ἐν πελάγει καὶ νυκτὶ πολλῇ φερόμενος
ἐς πυρσόν τινα τοῦτον ἀποβλέπω, πᾶσι μὲν παρεῖναι τοῖς ὑπʼ ἐμοῦ πραττομένοις τὸν ἄνδρα ἐκεῖνον οἰόμενος, ἀεὶ δὲ ὥσπερ ἀκούων αὐτοῦ τὰ
αὐτὰ πρός με λέγοντος· ἐνίοτε δέ, καὶ μάλιστα ὅταν ἐνερείσω τὴν ψυχήν, καὶ τὸ πρόσωπον αὐτοῦ μοι φαίνεται καὶ τῆς φωνῆς ὁ ἦχος ἐν ταῖς ἀκοαῖς παραμένει· καὶ γάρ τοι κατὰ τὸν κωμικὸν
ὡς ἀληθῶς ἐγκατέλιπέν τι κέντρον τοῖς ἀκούουσιν.<!--note n="v.1.p.106.n.1" place="unspecified" anchored="yes" /--><pb id="v.1.p.108"/>
</p>
</div2>
<div2 type="section" n="8">
<p> παῦε, ὦ θαυμάσιε, μακρὸν ˘ ἀνακρουόμενος καὶ λέγε ἐξ ἀρχῆς ἀναλαβὼν ἤδη τὰ εἰρημένα· ὡς
οὐ μετρίως με ἀποκναίεις περιάγων.
εὖ λέγεις, καὶ οὕτω χρὴ ποιεῖν. ἀλλʼ ἐκεῖνο,
ὦ ἑταῖρε — ἤδη τραγικοὺς ἢ καὶ νὴ Δία κωμικοὺς
φαύλους ἑώρακας ὑποκριτάς, τῶν συριττομένων λέγω τούτων καὶ διαφθειρόντων τὰ ποιήματα καὶ
τὸ τελευταῖον ἐκβαλλομένων, καίτοι τῶν δραμάτων πολλάκις εὖ ἐχόντων τε καὶ νενικηκότων; πολλοὺς οἶδα τοιούτους. ἀλλὰ τί τοῦτο;
δέδοικα μή σοι μεταξὺ δόξω γελοίως αὐτὰ μιμεῖσθαι, τὰ μὲν ἀτάκτως συνείρων, ἐνίοτε δὲ καὶ
αὐτὸν ὑπʼ ἀσθενείας τὸν νοῦν διαφθείρων, κᾆτα
ʼπροαχθῇς ἠρέμα καὶ αὐτοῦ καταγνῶναι τοῦ δράματος. καὶ τό μὲν ἐμόν, οὐ πάνυ ἄχθομαι, ἡ δὲ ὑπόθεσις οὐ μετρίως με λυπήσειν ἔοικε
συνεκπίπτουσα καὶ τὸ ἐμὸν μέρος ἀσχημονοῦσα.
</p>
</div2>
<div2 type="section" n="9">
<p> τοῦτʼ
οὖν παρʼ ὅλον μέμνησό μοι τὸν λόγον, ὡς ὁ μὲν ποιητὴς ἡμῖν τῶν τοιούτων ἁμαρτημάτων
ἀνεύθυνος καὶ τῆς σκηνῆς πόρρω ποι κάθηται, οὐδὲν
αὐτῷ μέλον τῶν ἐν θεάτρῳ πραγμάτων. ἐγὼ δʼ
ἐμαυτοῦ σοι πεῖραν παρέχω, ὁποῖὸς τίς  εἰμι τὴν μνήμην ὑποκριτής, οὐδὲν ἀγγέλου τὰ ἄλλα
τραγικοῦ διαφέρων. ὥστε κἂν ἐνδεέστερόν τι δοκῶ λέγειν, ἐκεῖνο μὲν ἔστω πρόχειρον, ὡς ἄμεινον
ἦν, καὶ ἄλλως ὁ ποιητὴς ἴσως διεξῄει· ἐμὲ δὲ
κἂν ἐκσυρίττῃς, οὐ πάνυ τι ʼλυπήσομαι.
<pb id="v.1.p.110"/>
</p>
</div2>
<div2 type="section" n="10">
<p>
ὡς εὖ γε νὴ τὸν Ἑρμῆν καὶ κατὰ τὸν τῶν ῥητόρων νόμον πεπροοιμίασταί σοι· ἔοικας γοῦν κἀκεῖνα προσθήσειν, ὡς διʼ ὀλίγου τε ὑμῖν ἡ
συνουσία ἐγένετο καὶ ὡς οὐδʼ αὐτὸς ἧκες πρὸς τὸν λόγον παρεσκευασμένος καὶ ὡς ἄμεινον εἶχεν
αὐτοῦ ταῦτα λέγοντος ἀκούειν σὺ γὰρ ὀλίγα καὶ
ὅσα οἷόν τε ἦν, τυγχάνεις τῇ μνήμῃ
συγκεκομισμένος. οὐ ταῦτʼ ἐρεῖν ἔμελλες; οὐδὲν οὖν αὐτῶν ἔτι σοι δεῖ πρὸς ἐμέ· νόμισον δὲ τούτου γε ἕνεκα πάντα σοι προειρῆσθαι· ὡς ἐγὼ καὶ βοᾶν καὶ κροτεῖν ἕτοιμος. ἢν δὲ διαμέλλῃς, μνησικακήσω
γε παρὰ τὸν ἀγῶνα καὶ ὀξύτατα συρίξομαι.
</p>
</div2>
<div2 type="section" n="11">
<p> καὶ ταῦτα μέν, ἃ σὺ διῆλθες, ἐβουλόμην ἂν
εἰρῆσθαί μοι, κἀκεῖνα δέ, ὅτι οὐχ ἑξῆς οὐδὲ ὡς ἐκεῖνος ἔλεγε, ῥῆσίν τινα περὶ πάντων ἐρῶ· πάνυ γὰρ τοῦθʼ ἡμῖν ἀδύνατον οὐδʼ αὖ ἐκείνῳ περιθεὶς τοὺς λόγους, μὴ καὶ κατʼ ἄλλο τι γένωμαι τοῖς ὑποκριταῖς ἐκείνοις ὅμοιος, οἳ πολλάκις ἢ Ἀγαμέμνονος ἢ Κρέοντος ἢ καὶ Ἡρακλέους αὐτοῦ πρόσωπον ἀνειληφότες, χρυσίδας ἠμφιεσμένοι καὶ
δεινὸν βλέποντες καὶ μέγα κεχηνότες μικρὸν φθέγγονται καὶ ἰσχνὸν καὶ γυναικῶδες καὶ τῆς
Ἑκάβης ἢ Πολυξένης πολὺ ταπεινότερον. ἵνʼ οὖν
μὴ καὶ αὐτὸς ἐλέγχωμαι πάνυ μεῖζον τῆς ἐμαυτοῦ κεφαλῆς προσωπεῖον περικείμενος καὶ τὴν σκευὴν καταισχύνων, ἀπὸ γυμνοῦ σοι βούλομαι τοὐμοῦ προσώπου προσλαλεῖν, ἵνα μὴ συγκατασπάσω
που πεσὼν τὸν ἥρωα ὃν ὑποκρίνομαι.
</p>
</div2>
<div2 type="section" n="12">
<p> οὗτος ἁνὴρ οὐ παύσεται τήμερον πρός με πολλῇ
τῇ σκηνῇ καὶ τῇ τραγῳδίᾳ χρώμενος.
<pb id="v.1.p.112"/>
Καὶ μὴν παύσομαί γε· πρὸς ἐκεῖνα δὲ ἤδη
τρέψομαι, ἡ μὲν ἀρχὴ τῶν λόγων ἔπαινος ἦν Ἑλλάδος καὶ τῶν Ἀθήνησιν ἀνθρώπων, ὅτι
φιλοσοφίᾳ καὶ πενίᾳ σύντροφοί εἰσιν καὶ οὔτε
τῶν ἀστῶν οὔτε τῶν ξένων οὐδένα τέρπονται ὁρῶντες, ὃς ἂν τρυφὴν εἰσάγειν εἰς αὐτοὺς βιάζηται,
ἀλλὰ κἄν τις ἀφίκηται παρʼ αὐτοὺς οὕτω διακείμενος, ἠρέμα τε μεθαρμόττουσι καὶ
παραπαιδαγωγοῦσι καὶ πρὸς τὸ καθαρὸν τῆς διαίτης μεθιστᾶσιν.
</p>
</div2>
<div2 type="section" n="13">
<p> ἐμέμνητο γοῦν τινος τῶν πολυχρύσων, ὃς ἐλθὼν Ἀθήναζε μάλʼ ἐπίσημος καὶ φορτικὸς ἀκολούθων
ὄχλῳ καὶ ποικίλῃ ἐσθῆτι καὶ χρυσῷ αὐτὸς μὲν
ᾤετο ζηλωτὸς εἶναι πᾶσι τοῖς Ἀθηναίοις καὶ ὡς
ἂν εὐδαίμων ἀποβλέπεσθαι· τοῖς δʼ ἄρα δυστυχεῖν ἐδόκει τὸ ἀνθρώπιον, καὶ παιδεύειν ἐπεχείρουν
αὐτὸν οὐ πικρῶς οὐδʼ ἄντικρυς ἀπαγορεύοντες ἐν
ἐλευθέρᾳ τῇ πόλει καθʼ ὅντινα τρόπον βούλεται μὴ
βιοῦν· ἀλλʼ ἐπεὶ κἀν τοῖς γυμνασίοις καὶ λουτροῖς ὀχληρὸς ἦν θλίβων τοῖς οἰκέταις καὶ στενοχωρῶν
τοὺς ἀπαντῶντας, ἡσυχῇ τις ἂν ὑπεφθέγξατο προσποιούμενος λανθάνειν, ὥσπερ οὐ πρὸς αὐτὸν ἐκεῖνον ἀποτείνων, Δέδοικε μὴ παραπόληται μεταξὺ λουόμενος· καὶ μὴν εἰρήνη γε μακρὰ
κατέχει τὸ βαλανεῖον οὐδὲν οὖν δεῖ στρατοπέδου. ὁ
δὲ ἀκούων ἀεί μεταξὺ ἐπαιδεύετο. τὴν δὲ ἐσθῆτα τὴν ποικίλην καὶ τὰς πορφυρίδας ἐκείνας
ἀπέδυσαν αὐτὸν ἀστείως πάνυ τὸ ἀνθηρὸν ἐπισκώπτοντες τῶν χρωμάτων, Ἔαρ ἤδη, λέγοντες, καί, Πόθεν ὁ ταὼς οὗτος; καί, Τάχα τῆς μητρός ἐστιν
αὐτοῦ· καὶ τὰ τοιαῦτα. καὶ τὰ ἄλλα δὲ οὕτως
<pb id="v.1.p.114"/> ἀπέσκωπτον, ἢ τῶν δακτυλίων τὸ πλῆθος ἢ τῆς κόμης τὸ περίεργον ἢ τῆς διαίτης τὸ ἀκόλαστον·
ὥστε κατὰ μικρὸν ἐσωφρονίσθη καὶ παρὰ πολὺ βελτίων ἀπῆλθε δημοσίᾳ πεπαιδευμένος.
</p>
</div2>
<div2 type="section" n="14">
<p> ὅτι δʼ οὐκ αἰσχύνονται πενίαν ὁμολογοῦντες, ἐμέμνητο πρός με φωνῆς τινος, ἣν ἀκοῦσαι πάντων ἔφη κοινῇ προεμένων ἐν τῷ ἀγῶνι τῶν
Παναθηναίων· ληφθέντα μὲν γάρ τινα τῶν πολιτῶν ἄγεσθαι παρὰ τὸν ἀγωνοθέτην, ὅτι βαπτὸν ἔχων ἱμάτιον ἐθεώρει, τοὺς δὲ ἰδόντας ἐλεῆσαί τε καὶ παραιτεῖσθαι καὶ τοῦ κήρυκος ἀνειπόντος,
ὅτι παρὰ τὸν νόμον ἐποίησεν ἐν τοιαύτῃ ἐσθῆτι θεώμενος, ἀναβοῆσαι μιᾷ φωνῇ πάντας ὥσπερ ἐσκεμμένους, συγγνώμην ἀπονέμειν αὐτῷ τοιαῦτά
γε ἀμπεχομένῳ· μὴ γὰρ ἔχειν αὐτὸν ἕτερα.,
Ταῦτά τε οὖν ἐπῄνει καὶ προσέτι τὴν ἐλευθερίαν
τὴν ἐκεῖ καὶ τῆς διαίτης τὸ ἀνεπίφθονον, ἡσυχίαν
τε καὶ ἀπραγμοσύνην, ἃ δὴ ἄφθονα παρʼ αὐτοῖς ἐστιν. ἀπέφαινε γοῦν φιλοσοφίᾳ συνῳδὸν τὴν
παρὰ τοῖς τοιούτοις διατριβὴν καὶ καθαρὸν ἦθος φυλάξαι δυναμένην, σπουδαίῳ τε ἀνδρὶ καὶ πλούτου καταφρονεῖν πεπαιδευμένῳ καὶ τῷ πρὸς τὰ φύσει καλὰ ζῆν προαιρουμένῳ τὸν ἐκεῖ βίον μάλιστα ἡρμοσμένον.
</p>
</div2>
<div2 type="section" n="15">
<p> ὅστις δὲ πλούτου ἐρᾷ καὶ χρυσῷ κεκήληται καὶ πορφύρᾳ καὶ δυναστείᾳ μετρεῖ τὸ εὔδαιμον, ἄγευστος μὲν ἐλευθερίας, ἀπείρατος δὲ παρρησίας, ἀθέατος δὲ ἀληθείας,
κολακεία τὰ πάντα καὶ δουλείᾳ σύντροφος, ἢ ὅστις ἡδονῇ πᾶσαν τὴν ψυχὴν ἐπιτρέψας ταύτῃ
μόνῃ ʼλατρεύειν διέγνωκε, φίλος μὲν περιέργων τραπεζῶν, φίλος δὲ πότων καὶ ἀφροδισίων, ἀνάπλεως γοητείας καὶ ἀπάτης καὶ ψευδολογίας,
<pb id="v.1.p.116"/>
ἢ ὅστις ἀκούων τέρπεται κρουμάτων τε καὶ τερετισμάτων καὶ διεφθορότων ᾀσμάτων, τοῖς
δὴ τοιούτοις πρέπειν τὴν ἐνταῦθα διατριβήν.
</p>
</div2>
<div2 type="section" n="16">
<p> μεσταὶ γὰρ αὐτοῖς τῶν φιλτάτων πᾶσαι μὲν ἀγυιαί, πᾶσαι δὲ ἀγοραί· πάρεστι δὲ πάσαις
πύλαις τὴν ἡδονὴν καταδέχεσθαι, τοῦτο μὲν διʼ ὀφθαλμῶν, τοῦτο δὲ διʼ ὤτων τε καὶ ῥινῶν, τοῦτο
δὲ καὶ διὰ λαιμοῦ καὶ διʼ ἀφροδισίων ὑφʼ ἧς δὴ ῥεούσης ἀενάῳ τε καὶ θολερῷ ῥεύματι πᾶσαι μὲν ἀνευρύνονται ὁδοί· συνεισέρχεται γὰρ μοιχεία καὶ φιλαργυρία καὶ ἐπιορκία καὶ τὸ τοιοῦτο φῦλον
τῶν ἡδονῶν, παρασύρεται δὲ τῆς ψυχῆς ὑποκλυζομένης πάντοθεν αἰδὼς καὶ ἀρετὴ καὶ δικαιοσύνη· τῶν δὲ ἔρημος ὁ χῶρος γενόμενος δίψης ἀεὶ
πιμπράμενος ἀνθεῖ πολλαῖς τε καὶ ἀγρίαις ἐπιθυμίαις. τοιαύτην ἀπέφαινε τὴν πόλιν καὶ τοσούτων
διδάσκαλον ἀγαθῶν.
</p>
</div2>
<div2 type="section" n="17">
<p>
ἐγὼ γοῦν, ἔφη, ὅτε τὸ πρῶτον ἐπανῄειν ἀπὸ τῆς Ἑλλάδος, πλησίον που γενόμενος ἐπιστήσας ἐμαυτὸν λόγον ἀπῄτουν
τῆς δεῦρο ἀφίξεως, ἐκεῖνα δὴ τὰ τοῦ Ὁμήρου λέγων τίπτʼ αὖτʼ, ὦ δύστηνε, λιπὼν φάος ἠελίοιο, τὴν Ἑλλάδα καὶ τὴν εὐτυχίαν ἐκείνην καὶ τὴν ἐλευθερίαν, ἤλυθες, ὄφρα ἴδῃς τὸν ἐνταῦθα
θόρυβον, συκοφάντας καὶ προσαγορεύσεις ὑπερηφάνους καὶ δεῖπνα καὶ κόλακας καὶ μιαιφονίας καὶ διαθηκῶν προσδοκίας καὶ φιλίας ἐπιπλάστους;
ἢ τί καὶ πράξειν διέγνωκας μήτʼ ἀπαλλάττεσθαι μήτε χ;χρῆσθαι τοῖς καθεστῶσι δυνάμενος;
<pb id="v.1.p.118"/>
</p>
</div2>
<div2 type="section" n="18">
<p>
οὕτω δὴ βουλευσάμενος καὶ καθάπερ ὁ Ζεὺς τὸν Ἕκτορα ὑπεξαγαγὼν ἐμαυτὸν ἐκ βελέων, φασίν,
ἔκ τʼ ἀνδροκτασίης ἔκ θʼ αἵματος ἔκ τε κυδοιμοῦ
τὸ λοιπὸν οἰκουρεῖν εἱλόμην καὶ βίον τινὰ
τοῦτον γυναικώδη καὶ ἄτολμον τοῖς πολλοῖς
δοκοῦντα προτιθέμενος αὐτῇ φιλοσοφίᾳ, καὶ Πλάτωνι καὶ ἀληθείᾳ προσλαλῶ, καὶ καθίσας ἐμαυτὸν
ὥσπερ ἐν θεάτρῳ μυριάνδρῳ σφόδρα που μετέωρος ἐπισκοπῶ τὰ γιγνόμενα, τοῦτο μὲν πολλὴν ψυχαγωγίαν καὶ γέλωτα παρέχειν δυνάμενα, τοῦτο δὲ καὶ πεῖραν ἀνδρὸς ὡς ἀληθῶς βεβαίου λαβεῖν.
</p>
</div2>
<div2 type="section" n="19">
<p> εἰ γὰρ χρὴ καὶ κακῶν ἔπαινον εἰπεῖν, μὴ ὑπολάβῃς
μεῖζόν τι γυμνάσιον ἀρετῆς ἢ τῆς ψυχῆς
δοκιμασίαν ἀληθεστέραν τῆσδε τῆς πόλεως καὶ
τῆς ἐνταῦθα διατριβῆς· οὐ γὰρ μικρὸν ἀντισχεῖν τοσαύταις μὲν ἐπιθυμίαις, τοσούτοις δὲ θεάμασι
τε καὶ ἀκούσμασι πάντοθεν ἕλκουσι καὶ ἀντιλαμβανομένοις, ἀλλὰ ἀτεχνῶς δεῖ τὸν Ὀδυσσέα
μιμησάμενον παραπλεῖν αὐτὰ μὴ δεδεμένον τὼ χεῖρε — δειλὸν γάρ — μηδὲ τὰ ὦτα κηρῷ φραξάμενον, ἀλλʼ ἀκούοντα καὶ λελυμένον καὶ ἀληθῶς
ὑπερήφανον.
</p>
</div2>
<div2 type="section" n="20">
<p>
ἔνεστι δὲ καὶ φιλοσοφίαν θαυμάσαι παραθεωροῦντα
τὴν τοσαύτην ἄνοιαν, καὶ τῶν τῆς τύχης ἀγαθῶν καταφρονεῖν ὁρῶντα ὥσπερ ἐν
σκηνῇ καὶ πολυπροσώπῳ δράματι τὸν μὲν ἐξ οἰκέτου δεσπότην προϊόντα, τὸν δʼ ἀντὶ πλουσίου πένητα, τὸν δὲ σατράπην ἐκ πένητος ἢ βασιλέα,
τὸν δὲ φίλον τούτου, τὸν δὲ ἐχθρόν, τὸν δὲ φυγάδα· τοῦτο γάρ τοι καὶ τὸ δεινότατόν ἐστιν, ὅτι καίτοι
μαρτυρομένης τῆς Τύχης παίζειν τὰ τῶν ἀνθρώπων
<pb id="v.1.p.120"/> πράγματα καὶ ὁμολογούσης μηδὲν αὐτῶν εἶναι βέβαιον, ὅμως ταῦθʼ ὁσημέραι βλέποντες ὀρέγονται
καὶ πλούτου καὶ δυναστείας καὶ μεστοὶ περιίασι πάντες οὐ γινομένων ἐλπίδων.
</p>
</div2>
<div2 type="section" n="21">
<p>
ὃ δὲ δὴ ἔφην, ὅτι καὶ γελᾶν ἐν τοῖς γιγνομένοις ἔνεστι καὶ ψυχαγωγεῖσθαι, τοῦτο ἤδη σοι φράσω. πῶς γὰρ οὐ γελοῖοι μὲν πλουτοῦντες
αὐτοὶ καὶ τὰς πορφυρίδας προφαίνοντες καὶ τοὺς
δακτυλίους προτείνοντες καὶ πολλὴν κατηγοροῦντες ἀπειροκαλίαν, τὸ δὲ καινότατον, τοὺς ἐντυγχάνοντας ἀλλοτρίᾳ φωνῇ προσαγορεύοντες, ἀγαπᾶν ἀξιοῦντες, ὅτι μόνον αὐτοὺς προσέβλεψαν, οἱ δὲ σεμνότεροι καὶ προσκυνεῖσθαι. περιμένοντες, οὐ πόρρωθεν οὐδʼ ὡς Πέρσαις νόμος, ἀλλὰ δεῖ προσελθόντα καὶ ὑποκύψαντα τὴν ψυχὴν
ταπεινώσαντα καὶ τὸ πάθος αὐτῆς ἐμφανίσαντα
τῇ τοῦ σώματος ὁμοιότητι, τὸ στῆθος ἢ τὴν δεξιὰν
καταφιλεῖν, ζηλωτὸν καὶ περίβλεπτον τοῖς μηδὲ τούτου τυγχάνουσιν ὁ δʼ ἕστηκεν παρέχων ἑαυτὸν εἰς πλείω χρόνον ἐξαπατώμενον. ἐπαινῶ δέ γε ταύτης αὐτοὺς τῆς ἀπανθρωπίας, ὅτι μὴ καὶ τοῖς στόμασιν ἡμᾶς προσίενται.
</p>
</div2>
<div2 type="section" n="22">
<p> πολὺ δὲ τούτων οἱ προσιόντες αὐτοὶ καὶ θεραπεύοντες γελοιότεροι, νυκτὸς μὲν ἐξανιστάμενοι μέσης, περιθέοντες δὲ ἐν κύκλῳ τὴν πόλιν καὶ πρὸς τῶν οἰκετῶν ἀποκλειόμενοι, κύνες καὶ κόλακες καὶ τὰ τοιαῦτα ἀκούειν ὑπομένοντες. γέρας δὲ τῆς πικρᾶς ταύτης αὐτοῖς περιόδου τὸ φορτικὸν ἐκεῖνο δεῖπνον καὶ πολλῶν αἴτιον
<pb id="v.1.p.122"/>
συμφορῶν, ἐν ᾧ πόσα μὲν ἐμφαγόντες, πόσα δὲ
παρὰ γνώμην ἐμπιόντες, πόσα δὲ ὧν οὐκ ἐχρῆν
ἀπολαλήσαντες ἢ μεμφόμενοι -ʼ· τὸ τελευταῖον ἢ δυσφοροῦντες ἀπίασιν ἢ διαβάλλοντες τὸ δεῖπνον
ἢ ὕβριν ἢ μικρολογίαν ἐγκαλοῦντες. πλήρεις δὲ
αὐτῶν ἐμούντων οἱ στενωποὶ καὶ πρὸς τοῖς χαμαιτυπείοις μαχομένων καὶ μεθʼ ἡμέραν οἱ πλείονες
αὐτῶν κατακλιθέντες ἰατροῖς παρέχουσιν ἀφορμὰς περιόδων· ἔνιοι μὲν γάρ, τὸ καινότατον, οὐδὲ νοσεῖν σχολάζουσιν.
</p>
</div2>
<div2 type="section" n="23">
<p> ἐγὼ μέντοι γε πολὺ τῶν κολακευομένων ἐξωλεστέρους τοὺς κόλακας ὑπείληφα, καὶ σχεδὸν
αὐτοὺς ἐκείνοις καθίστασθαι τῆς ὑπερηφανίας αἰτίους· ὅταν γὰρ αὐτῶν τὴν περιουσίαν
θαυμάσωσιν καὶ τὸν χρυσὸν ἐπαινέσωσιν  καὶ τοὺς πυλῶνας ἔωθεν ἐμπλήσωσιν καὶ προσελθόντες
ὥσπερ δεσπότας προσείπωσιν, τί καὶ φρονήσειν ἐκείνους εἰκός ἐστιν; εἰ δέ γε κοινῷ δόγματι κἂν πρὸς ὀλίγον ἀπέσχοντο τῆσδε τῆς ἐθελοδουλείας,
οὐκ ἂν οἴει τοὐναντίον αὐτοὺς ἐλθεῖν ἐπὶ τὰς θύρας τῶν πτωχῶν δεομένους τοὺς πλουσίους, μὴ
ἀθέατον αὐτῶν μηδʼ ἀμάρτυρον τὴν εὐδαιμονίαν
καταλιπεῖν μηδʼ ἀνόνητόν τε καὶ ἄχρηστον τῶν
τραπεζῶν τὸ κάλλος καὶ τῶν οἴκων τὸ μέγεθος;
οὐ γὰρ οὕτω τοῦ πλουτεῖν ἐρῶσιν ὡς .τοῦ διὰ
τὸ πλουτεῖν εὐδαιμονίζεσθαι. καὶ οὕτω δὴ ˘ ἔχει, μηδὲν ὄφελος εἶναι περικαλλοῦς οἰκίας τῷ
οἰκοῦντι μηδὲ χρυσοῦ καὶ ἐλέφαντος, εἰ μή τις
αὐτὰ θαυμάζοι. ἐχρῆν οὖν ταύτῃ καθαιρεῖν
αὐτῶν καὶ ἐπευωνίζειν τὴν δυναστείαν
<pb id="v.1.p.124"/>
ἐπιτειχίσαντας τῷ πλούτῳ τὴν ὑπεροψίαν· νῦν δὲ λατρεύοντες εἰς ἀπόνοιαν ἄγουσιν.
</p>
</div2>
<div2 type="section" n="24">
<p> καὶ τὸ μὲν ἄνδρας ἰδιώτας καὶ ἀναφανδὸν τὴν ἀπαιδευσίαν ὁμολογοῦντας τὰ τοιαῦτα ποιεῖν,
μετριώτερον ἂν εἰκότως νομισθείη· τὸ δὲ καὶ τῶν
φιλοσοφεῖν προσποιουμένων πολλοὺς πολλῷ ἔτι τούτων γελοιότερα δρᾶν, τοῦτʼ ἤδη τὸ
δεινότατόν ἐστι. πῶς γὰρ οἴει τὴν ψυχὴν διατεθεῖσθαί μοι, ὅταν ἴδω τούτων τινά, μάλιστα τῶν προβεβηκότων, ἀναμεμιγμένον κολάκων ὄχλῳ καὶ τῶν
ἐπʼ ἀξίας τινὰ δορυφοροῦντα καὶ τοῖς ἐπὶ τὰ δεῖπνα παραγγέλλουσι κοινολογούμενον, ἐπισημότερον δὲ τῶν ἄλλων ἀπὸ τοῦ σχήματος
ὄντα καὶ φανερώτερον; καὶ ὃ μάλιστα ἀγανακτῶ, ὅτι μὴ καὶ τὴν σκευὴν μεταλαμβάνουσι, τὰ ἄλλα
γε ὁμοίως ὑποκρινόμενοι τοῦ δράματος.
</p>
</div2>
<div2 type="section" n="25">
<p>
ἃ μὲν γὰρ ἐν τοῖς συμποσίοις ἐργάζονται, τίνι τῶν καλῶν
εἰκάσομεν; οὐκ ἐμφοροῦνται μὲν ἀπειροκαλώτερον,
μεθύσκονται δὲ φανερώτερον, ἐξανίστανται δὲ πάντων ὕστατοι, πλείω δὲ ἀποφέρειν τῶν ἄλλων ἀξιοῦσιν; οἱ δὲ ἀστειότεροι πολλάκις αὐτῶν
καὶ ᾆσαι προήχθησαν. καὶ ταῦτα μὲν οὖν γελοῖα ἡγεῖτο· μάλιστα δὲ ἐμέμνητο τῶν ἐπὶ μισθῷ φιλοσοφούντων καὶ τὴν ἀρετὴν ὤνιον ὥσπερ ἐξ ἀγορᾶς προτιθέντων ἐργαστήρια γοῦν ἐκάλει καὶ καπηλεῖα τὰς τούτων
διατριβάς· ἠξίου γὰρ τὸν πλούτου καταφρονεῖν
διδάξοντα πρῶτον αὑτὸν παρέχειν ὑψηλότερον λημμάτων.
</p>
</div2>
<div2 type="section" n="26">
<p>
ἀμέλει καὶ πράττων ταῦτα διετέλει, οὐ μόνον προῖκα τοῖς ἀξιοῦσι συνδιατρίβων, ἀλλὰ καὶ τοῖς δεομένοις ἐπαρκῶν καὶ πάσης περιουσίας
<pb id="v.1.p.126"/>
καταφρονῶν, τοσούτου δέων ὀρέγεσθαι τῶν οὐδὲν
προσηκόντων, ὥστε μηδὲ τῶν ἑαυτοῦ φθειρομένων ποιεῖσθαι πρόνοιαν, ὅς γε καὶ ἀγρὸν οὐ πόρρω τῆς πόλεως κεκτημένος οὐδὲ ἐπιβῆναι αὐτοῦ πολλῶν ἐτῶν ἠξίωσεν, ἀλλʼ οὐδὲ τὴν ἀρχὴν αὑτοῦ εἶναι διωμολόγει, ταῦτʼ οἶμαι ὑπειληφώς, ὅτι τούτων φύσει μὲν οὐδενός ἐσμεν κύριοι, νόμῳ δὲ καὶ διαδοχῇ τὴν χρῆσιν αὐτῶν εἰς ἀόριστον παραλαμβάνοντες ὀλιγοχρόνιοι δεσπόται νομιζόμεθα, κἀπειδὰν ἡ προθεσμία παρέλθῃ, τηνικαῦτα παραλαβὼν ἄλλος
ἀπολαύει τοῦ ὀνόματος.
οὐ μικρὰ δὲ οὐδὲ ἐκεῖνα παρέχει τοῖς ζηλοῦν ἐθέλουσι παραδείγματα, τῆς τροφῆς τὸ ἀπέριττον καὶ τῶν γυμνασίων τὸ σύμμετρον καὶ τοῦ
προσώπου τὸ αἰδέσιμον καὶ τῆς ἐσθῆτος τὸ μέτριον, ἐφʼ ἅπασι δὲ τούτοις τῆς διανοίας τὸ ἡρμοσμένον καὶ τὸ ἥμερον τοῦ τρόπου.
</p>
</div2>
<div2 type="section" n="27">
<p>
παρῄνει
δὲ τοῖς συνοῦσι μήτʼ ἀναβάλλεσθαι τὸ ἀγαθόν, ὅπερ τοὺς πολλοὺς ποιεῖν προθεσμίας ὁριζομένους ἑορτὰς ἢ πανηγύρεις, ὡς ἀπʼ ἐκείνων ἀρξομένους τοῦ μὴ ψεύσασθαι καὶ τοῦ ,τὰ δέοντα ποιῆσαι· ἠξίου γὰρ ἀμέλλητον εἶναι
τὴν πρὸς τὸ καλὸν ὁρμήν. δῆλος δὲ ἦν καὶ τῶν τοιούτων κατεγνωκὼς φιλοσόφων, οἳ ταύτην ἄσκησιν ἀρετῆς ὑπελάμβανον, ἢν πολλαῖς ἀνάγκαις καὶ πόνοις τοὺς νέους ἀντέχειν καταγυμνάσωσιν, τοῦτο μὲν ψυχρολουτεῖν ˘ οἱ πολλοὶ κελεύοντες, ἄλλοι δὲ μαστιγοῦντες, οἱ δὲ
χαριέστεροι καὶ σιδήρῳ τὰς ἐπιφανείας αὐτῶν
καταξύοντες.
</p>
</div2>
<div2 type="section" n="28">
<p> ἡγεῖτο γὰρ χρῆναι πολὺ πρότερον ἐν
<pb id="v.1.p.128"/> ταῖς ψυχαῖς τὸ στέρρον τοῦτο καὶ ἀπαθὲς κατασκευάσαι, καὶ τὸν ἄριστα παιδεύειν ἀνθρώπους
προαιρούμενον τοῦτο μὲν ψυχῆς, τοῦτο δὲ
σώματος, τοῦτο δὲ ἡλικίας τε καὶ τῆς πρότερον ἀγωγῆς ἐστοχάσθαι, ἵνα μὴ τὰ παρὰ δύναμιν ἐπιτάττων ἐλέγχηται· πολλοὺς γοῦν καὶ τελευτᾶν ἔφασκεν οὕτως ἀλόγως ἐπιταθέντας· ἕνα δὲ
καὶ αὐτὸς εἶδον, ὃς καὶ γευσάμενος τῶν παρʼ ἐκείνοις κακῶν, ἐπειδὴ τάχιστα λόγων ἀληθῶν ἐπήκουσεν, ἀμεταστρεπτὶ φεύγων ὡς αὐτὸν
ἀφίκετο καὶ δῆλος ἦν ῥᾷον διακείμενος.
</p>
</div2>
<div2 type="section" n="29">
<p>
ἤδη δὲ τούτων ἀποστὰς τῶν ἄλλων αὖθις ἀνθρώπων ἐμέμνητο καὶ τὰς ἐν τῇ πόλει ταραχὰς
διεξῄει καὶ τὸν ὠθισμὸν αὐτῶν καὶ τὰ θέατρα
καὶ τὸν ἱππόδρομον καὶ τὰς τῶν ἡνιόχων εἰκόνας καὶ τὰ τῶν ἵππων ὀνόματα καὶ τοὺς ἐν τοῖς
στενωποῖς περὶ τούτων διαλόγους· πολλὴ γὰρ
ὡς ἀληθῶς ἡ ἱππομανία καὶ πολλῶν ἤδη σπουδαίων εἶναι δοκούντων ἐπείληπται.
</p>
</div2>
<div2 type="section" n="30">
<p> μετὰ δὲ ταῦτα ἑτέρου δράματος ἥπτετο τῶν ἀμφὶ τὴν νέκυιάν τε καὶ διαθήκας καλινδουμένων,
προστιθεὶς ὅτι μίαν φωνὴν οἱ Ῥωμαίων παῖδες ἀληθῆ παρʼ ὅλον τὸν βίον προΐενται, τὴν ἐν ταῖς διαθήκαις λέγων, ἵνα μὴ ἀπολαύσωσι τῆς σφετέρας ἀληθείας. ἃ δὲ καὶ μεταξὺ λέγοντος
αὐτοῦ γελᾶν προήχθην, ὅτι καὶ συγκατορύττειν
ἑαυτοῖς ἀξιοῦσι τὰς ἀμαθίας καὶ τὴν ἀναλγησίαν
ἔγγραφον ὁμολογοῦσιν, οἱ μὲν ἐσθῆτας ἑαυτοῖς
<pb id="v.1.p.130"/>
κελεύοντες συγκαταφλέγεσθαι τῶν παρὰ τὸν βίον τιμίων, οἱ δὲ καὶ παραμένειν τινὰς οἰκέτας τοῖς τάφοις, ἔνιοι δὲ καὶ στέφειν τὰς στήλας
ἄνθεσιν, εὐήθεις ἔτι καὶ παρὰ τὴν τελευτὴν διαμένοντες.
</p>
</div2>
<div2 type="section" n="31">
<p> εἰκάζειν οὖν ἠξίου, τί πέπρακται τούτοις παρὰ τὸν βίον, εἰ τοιαῦτα περὶ τῶν μετὰ
τὸν βίον ἐπισκήπτουσι· τούτους γὰρ εἶναι τοὺς -
τό.. πολυτελὲς ὄψον ὠνουμένους καὶ τὸν οἶνον ἐν τοῖς συμποσίοις μετὰ κρόκων τε καὶ ἀρομάτων
ἐκχέοντας, τοὺς μέσου χειμῶνος ἐμπιπλαμένους ῥόδων καὶ τὸ σπάνιον αὐτῶν καὶ παρὰ καιρὸν
ἀγαπῶντος, τῶν δʼ ἐν καιρῷ καὶ κατὰ φύσιν ὡς
εὐτελῶν ὑπερηφανοῦντας, τούτους εἶναι τοὺς καὶ τὰ μύρα πίνοντας· ὃ καὶ μάλιστα διέσυρεν
αὐτῶν, ὅτι μηδὲ χρῆσθαι ἴσασιν ταῖς ἐπιθυμίαις, ἀλλὰ κἀν ταύταις παρανομοῦσι καὶ τοὺς ὅρους συγχέουσι, πάντοθεν τῇ τρυφῇ παραδόντες αὑτῶν τὰς ψυχὰς πατεῖν, καὶ τοῦτο δὴ τὸ ἐν ταῖς τραγῳδίαις τε καὶ κωμῳδίαις λεγόμενον, ἤδη· καὶ παρὰ θύραν εἰσβιαζόμενοι. σολοικισμὸν ˘ οὖν ἐκάλει τοῦτο τῶν ἡδονῶν.
</p>
</div2>
<div2 type="section" n="32">
<p>
ἀπὸ δὲ τῆς αὐτῆς γνώμης κἀκεῖνα ἔλεγεν, ἀτεχνῶς τοῦ Μώμου τὸν λόγον μιμησάμενος· ὡς γὰρ ἐκεῖνος ἐμέμφετο τοῦ ταύρου τὸν δημιουργὸν θεὸν οὐ προθέντα τῶν ὀφθαλμῶν τὰ κέρατα, οὕτω
δὴ καὶ αὐτὸς ᾐτιᾶτο τῶν στεφανουμένων, ὅτι μὴ
ἴσασι τὸν στεφάνου τὸν τόπον· εἰ γάρ τοι, ἔφη,
<pb id="v.1.p.132"/>
τῇ πνοῇ τῶν ἴων τε καὶ ῥόδων χαίρουσιν, ὑπὸ τῇ ῥινὶ μάλιστα ἐχρῆν αὐτοὺς στέφεσθαι παρʼ αὐτὴν
ὡς οἷόν τε τὴν ἀναπνοήν, ἵνʼ ὡς πλεῖστον ἀνέσπων τῆς ἡδονῆς.
</p>
</div2>
<div2 type="section" n="33">
<p> καὶ μὴν κἀκείνους διεγέλα τοὺς θαυμάσιόν τινα τὴν σπουδὴν περὶ τὰ δεῖπνα ποιουμένους χυμῶν τε ποικιλίαις καὶ πεμμάτων περιεργίαις·
καὶ γὰρ αὖ καὶ τούτους ἔφασκεν ὀλιγοχρονίου
τε καὶ βραχείας ἡδονῆς ἔρωτι πολλὰς πραγματείας ὑπομένειν ἀπέφαινε γοῦν τεσσάρων δακτύλων αὐτοῖς ἕνεκα πάντα πονεῖσθαι τὸν πόνον, ἐφʼ ὅσους ὁ μήκιστος ἀνθρώπου λαιμὸς
ἐστιν οὔτε γὰρ πρὶν ἐμφαγεῖν, ἀπολαύειν τι τῶν ἐωνημένων, οὔτε βρωθέντων ἡδίω γενέσθαι τὴν ἀπὸ τῶν πολυτελεστέρων πλησμονήν λοιπὸν
οὖν εἶναι τὴν ἐν τῇ παρόδῳ γιγνομένην ἡδονὴν τοσούτων ὠνεῖσθαι χρημάτων. εἰκότα δὲ πάσχειν ἔλεγεν αὐτοὺς ὑπʼ ἀπαιδευσίας τὰς ἀληθεστέρας ἡδονὰς ἀγνοοῦντας, ὧν ἀπασῶν φιλοσοφία χορηγός ἐστιν τοῖς πονεῖν προαιρουμένοις.
</p>
</div2>
<div2 type="section" n="34">
<p>
περὶ δὲ τῶν ἐν τοῖς βαλανείοις δρωμένων πολλὰ μὲν διεξῄει, τὸ πλῆθος τῶν ἑπομένων, τὰς
ὕβρεις, τοὺς ἐπικειμένους τοῖς οἰκέταις καὶ μικροῦ δεῖν ἐκφερομένους. ἓν δέ τι καὶ μάλιστα μισεῖν
ἐῴκει, πολὺ δʼ ἓν τῇ πόλει τοῦτο καὶ τοῖς βαλανείοις ἐπιχωριάζον προϊόντας γάρ τινας τῶν οἰκετῶν δεῖ βοᾶν καὶ παραγγέλλειν προορᾶσθαι τοῖν ποδοῖν, ἢν ὑψηλόν τι ἢ κοῖλον μέλλωσιν ὑπερβαίνειν, καὶ ὑπομιμνήσκειν αὐτούς, τὸ καινότατον, ὅτι βαδίζουσιν. δεινὸν οὖν ἐποιεῖτο,
<pb id="v.1.p.134"/>
εἰ στόματος μὲν ἀλλοτρίου δειπνοῦντες μὴ δέονται μηδὲ χειρῶν, μηδὲ τῶν ὤτων ἀκούοντες, ὀφθαλμῶν δὲ ὑγιαίνοντες ἀλλοτρίων δέονται προοψομένων καὶ ἀνέχονται φωνὰς ἀκούοντες δυστυχέσιν ἀνθρώποις πρεπούσας καὶ
πεπηρωμένοις· ταῦτα γὰρ αὐτὰ πάσχουσιν ἐν ταῖς ἀγοραῖς
ἡμέρας μέσης καὶ οἱ τὰς πόλεις ἐπιτετραμμένοι.
</p>
</div2>
<div2 type="section" n="35">
<p>
ταῦτά τε καὶ πολλὰ ἕτερα τοιαῦτα διελθὼν
κατέπαυσε τὸν λόγον. ἐγὼ δὲ τέως μὲν ἤκουον
αὐτοῦ τεθηπώς, μὴ σιωπήσῃ πεφοβημένος· ἐπειδὴ
δὲ ἐπαύσατο, τοῦτο δὴ τὸ τῶν Φαιάκων πάθος ἐπεπόνθειν πολὺν γὰρ δὴ χρόνον ἐς αὐτὸν ἀπέβλεπον κεκηλημένος εἶτα πολλῇ συγχύσει καὶ ἰλίγγῳ κατειλημμένος τοῦτο μὲν ἱδρῶτι
κατερρεόμην, τοῦτο δὲ φθέγξασθαι βουλόμενος
ἐξέπιπτόν τε καὶ ἀνεκοπτόμην, καὶ ἥ τε φωνὴ ἐξέλειπε καὶ ἡ γλῶττα διημάρτανε, καί τέλος
ἐδάκρυον ἀπορούμενος· οὐ γὰρ ἐξ ἐπιπολῆς οὐδʼ
ὡς ἔτυχεν ἡμῶν ὁ λόγος καθίκετο, βαθεῖα δὲ καὶ καίριος ἡ πληγὴ ἐγένετο, καὶ μάλα εὐστόχως ἐνεχθεὶς ὁ λόγος αὐτήν, εἰ οἷόν τε εἰπεῖν, διέκοψε τὴν ψυχήν εἰ γάρ τι δεῖ κἀμὲ ἤδη φιλοσόφων προσάψασθαι λόγων, ὧδε περὶ τούτων ὑπείληφα·
</p>
</div2>
<div2 type="section" n="36">
<p> δοκεῖ μοι ἀνδρὸς εὐφυοῦς ψυχὴ μάλα σκοπῷ τινι ἁπαλῷ προσεοικέναι. τοξόται δὲ πολλοὶ μὲν ἀνὰ τὸν βίον καὶ μεστοὶ τὰς φαρέτρας ποικίλων τε
καὶ παντοδαπῶν λόγων, οὐ μὴν πάντες εὔστοχα τοξεύουσιν, ἀλλʼ οἱ μὲν αὐτῶν σφόδρα τὰς νευρὰς ἐπιτείναντες ἐντονώτερον τοῦ δέοντος ἀφιᾶσιν καὶ
ἅπτονται μὲν καὶ οὗτοι, τὰ δὲ βέλη αὐτῶν οὐ μένει ἐν τῷ σκοπῷ, ἀλλʼ ὑπὸ τῆς σφοδρότητος
<pb id="v.1.p.136"/> διελθόντα καὶ παροδεύσαντα κεχηνυῖαν μόνον τῷ τραύματι τὴν ψυχὴν ἀπέλιπεν. ἄλλοι δὲ πάλιν τούτοις ὑπεναντίως· ὑπὸ γὰρ ἀσθενείας τε καὶ ἀτονίας οὐδὲ ἐφικνεῖται τὰ βέλη αὐτοῖς ἄχρι πρὸς τὸν σκοπόν, ἀλλʼ ἐκλυθέντα καταπίπτει πολλάκις
ἐκ μέσης τῆς ὁδοῦ· ἢν δέ ποτε καὶ ἐφίκηται, ἄκρον μὲν ἐπιλίγδην ἅπτεται, βαθεῖαν δὲ οὐκ ἐργάζεται
πληγὴν οὐ γὰρ ἀπʼ ἰσχυρᾶς ἐμβολῆς ἀπεστέλλετο.
</p>
</div2>
<div2 type="section" n="37">
<p> ὅστις δὲ ἀγαθὸς τοξότης καὶ τούτῳ ὅμοιος, πρῶτον μὲν ἀκριβῶς ὄψεται τὸν σκοπόν,
εἰ μὴ σφόδρα μαλακός, εἰ μὴ στερρότερος τοῦ βέλους. γίγνονται γὰρ δὴ καὶ ἄτρωτοι σκοποί. ἐπειδὰν δὲ ταῦτα ἴδῃ, τηνικαῦτα χρίσας τὸ βέλος οὔτε ἰῷ, καθάπερ τὰ Σκυθῶν χρίεται, οὔτε ὀπῷ, καθάπερ τὰ Κουρήτων, ἀλλʼ ἠρέμα δηκτικῷ τε καὶ γλυκεῖ φαρμάκῳ, τούτῳ χρίσας εὐτέχνως ἐτόξευσε· τὸ δὲ ἐνεχθὲν εὖ μάλα ἐντόνως καὶ διακόψαν ἄχρι τοῦ διελθεῖν μένει τε καὶ πολὺ τοῦ
φαρμάκου ἀφίησιν, ὃ δὴ σκιδνάμενον ὅλην ἐν κύκλῳ τὴν ψυχὴν περιέρχεται. τοῦτό τοι καὶ
ἥδονται καὶ δακρύουσι μεταξὺ ἀκούοντες, ὅπερ καὶ
αὐτὸς ἔπασχον, ἡσυχῇ ἄρα τοῦ φαρμάκου τὴν ψυχὴν περιθέοντος. ἐπῄει δʼ οὖν μοι πρὸς αὐτὸν
τὸ ἔπος ἐκεῖνο λέγειν  βάλλʼ οὕτως, αἲ κέν τι φόως γένηαι. ὥσπερ γὰρ οἱ τοῦ Φρυγίου αὐλοῦ ἀκούοντες οὐ πάντες μαίνονται, ἀλλʼ ὁπόσοι αὐτῶν
τῇ Ῥέᾳ λαμβάνονται, οὗτοι δὲ πρὸς τὸ μέλος
ὑπομιμνήσκονται τοῦ πάθους, οὕτω δὴ καὶ φιλοσόφων ἀκούοντες οὐ πάντες ἔνθεοι καὶ
τραυματίαι ἀπίασιν, ἀλλʼ οἷς ὑπῆν τι ἐν τῇ φύσει φιλοσοφίας συγγενές.
<pb id="v.1.p.138"/>
</p>
</div2>
<div2 type="section" n="38">
<p>
ὡς σεμνὰ καὶ θαυμάσια καὶ θεῖά γε, ὦ
ἑταῖρε, διελήλυθας, ἐλελήθεις δέ με πολλῆς ὡς ἀληθῶς τῆς ἀμβροσίας καὶ τοῦ λωτοῦ κεκορεσμένος· ὥστε καὶ μεταξὺ σοῦ λέγοντος ἔπασχόν τι
ἐν τῇ ψυχῇ, καὶ παυσαμένου ἄχθομαι καὶ ἵνα δὴ
καὶ κατὰ σὲ εἴπω, τέτρωμαι· καὶ μὴ θαυμάσῃς·
οἶσθα γὰρ ὅτι καὶ οἱ πρὸς τῶν κυνῶν τῶν λυσσώντων δηχθέντες οὐκ αὐτοὶ μόνοι λυσσῶσιν, ἀλλὰ κἄν τινας ἑτέρους ἐν τῇ μανίᾳ τὸ αὐτὸ
τοῦτο διαθῶσιν, καὶ αὐτοὶ ἔκφρονες γίγνονται· συμμεταβαίνει γάρ τι τοῦ πάθους ἅμα τῷ δήγματι καὶ πολυγονεῖται ἡ νόσος καὶ πολλὴ γίγνεται τῆς μανίας διαδοχή.
οὐκοῦν καὶ αὐτὸς ἡμῖν μανίαν ὁμολογεῖς ; πάνυ μὲν οὖν, καὶ προσέτι δέομαί γέ σου κοινήν τινα τὴν θεραπείαν ἐπινοεῖν. τὸ τοῦ ἄρα Τηλέφου ἀνάγκη ποιεῖν. ποῖον αὖ λέγεις ; ἐπὶ τὸν τρώσαντα ἐλθόντας ἰᾶσθαι
παρακαλεῖν.</p>
</div2>
</div1>
</body>
</text>
</TEI.2>
