<?xml version="1.0" encoding="UTF-8"?><TEI.2>
<teiHeader>
<fileDesc>
<titleStmt>
<title>De mercede</title>
<title type="sub">Machine readable text</title>
<author n="Plut.">Lucian</author>
<editor role="editor" n="Loeb">A. M. Harmon</editor>
<sponsor>Perseus Project, Tufts University</sponsor>
<principal>Gregory Crane</principal>
<respStmt>
<resp>Prepared under the supervision of</resp>
<name>Lisa Cerrato</name>
<name>William Merrill</name>
<name>Elli Mylonas</name>
<name>David Smith</name>
</respStmt>
<funder n="org:NEH">The National Endowment for the Humanities</funder>
<funder n="org:Google">Google Digital Humanities Awards Program</funder>
</titleStmt>
<extent/>
<publicationStmt>
<publisher>Trustees of Tufts University</publisher>
<pubPlace>Medford, MA</pubPlace>
<authority>Perseus Project</authority>
</publicationStmt>
<sourceDesc>
<listBibl>
<biblStruct>
<monogr>
<author>Lucian</author>
<title>Works</title>
<respStmt>
<resp>with an English Translation by</resp>
<name>A. M. Harmon</name>
</respStmt>
<imprint>
<pubPlace>Cambridge, MA</pubPlace>
<publisher>Harvard University Press</publisher>
<pubPlace>London</pubPlace>
<publisher>William Heinemann Ltd.</publisher>
<date>1921</date>
</imprint>
<biblScope type="volume">3</biblScope>
</monogr>
</biblStruct>
</listBibl>
</sourceDesc>
</fileDesc>
<encodingDesc>
<editorialDecl>
<correction method="silent">
<p>optical character recognition</p>
</correction>
</editorialDecl>
<refsDecl doctype="TEI.2">
<state unit="section" n="chunk"/>
</refsDecl>
</encodingDesc>
<profileDesc>
<langUsage>
<language id="greek">Greek</language>
</langUsage>
</profileDesc>
</teiHeader>
<text>
<body>
<pb id="v.3.p.412"/>
<div1 type="section" n="1">
<p>
 καὶ τί σοι πρώτον, ὠ φιλότης, ἢ τί ὕστατον, φασί, . καταλέξω τούτων ἃ πάσχειν ἢ ποιεῖν ἀνάγκη τοὺς ἐπὶ μισθῷ συνόντας κἀν ταῖς τῶν
εὐδαιμόνων τούτων φιλίαις ἐξεταζομένους — εἰ
χρὴ φιλίαν τὴν τοιαύτην αὐτῶν δουλείαν ἐπονομάζειν; οἶδα γὰρ πολλὰ καὶ σχεδὸν τὰ πλεῖστα τῶν συμβαινόντων αὐτοῖς, οὐκ αὐτὸς μὰ Δία τοῦ τοιούτου πειραθείς, οὐ γὰρ ἐν ἀνάγκῃ; μοι ἡ
πεῖρα ἐγεγένητο, μηδέ, ὦ θεοί, γένοιτο· ἀλλὰ πολλοὶ τῶν εἰς τὸν βίον τοῦτον ἐμπεπτωκότων
ἐξηγόρευον πρός με, οἱ μὲν ἔτι ἐν τῷ κακῷ ὄντες,
ἀποδυρόμενοι ὁπόσα καὶ ὁποῖα ἔπασχον, οἱ δὲ
ὥσπερ ἐκ δεσμωτηρίου τινὸς ἀποδράντες οὐκ ἀηδῶς μνημονεύοντες ὧν ἐπεπόνθεσαν ἀλλὰ γὰρ
εὐφραίνοντο ἀναλογιζόμενοι οἵων ἀπηλλάγησαν.</p>
<p>ἀξιοπιστότεροι δὲ ἦσαν οὗτοι διὰ πάσης, ὡς εἰπεῖν, τῆς τελετῆς διεξεληλυθότες καὶ πάντα ἐξ ἀρχῆς εἰς τέλος ἐποπτεύσαντες. οὐ παρέργως
οὖν οὐδὲ ἀμελῶς ἐπήκουον αὐτῶν καθάπερ
ναυαγίαν τινὰ καὶ σωτηρίαν αὐτῶν παράλογον διηγουμένων, οἷοὶ εἰσιν οἱ πρὸς τοῖς ἱεροῖς ἐξυρημένοι τὰς κεφαλὰς συνάμα πολλοὶ τὰς τρικυμίας καὶ
ζάλας καὶ ἀκρωτήρια καὶ ἐκβολὰς καὶ ἱστοῦ
<pb id="v.3.p.414"/> κλάσεις καὶ πηδαλίων ἀποκαυλίσεις διεξιόντες, ἐπὶ πᾶσι δὲ τοὺς Διοσκούρους ἐπιφαινομένους, — οἰκεῖοι γὰρ τῆς τοιαύτης τραγῳδίας οὗτοί γε — ἢ τινʼ ἄλλον ἐκ μηχανῆς θεὸν ἐπὶ τῷ καρχησίῳ καθεζόμενον ἢ πρὸς τοῖς πηδαλίοις ἑστῶτα καὶ
πρός τινα ᾐόνα μαλακὴν ἀπευθύνοντα τὴν ναῦν,
οἷ προσενεχθεῖσα ἔμελλεν αὐτὴ μὲν ἠρέμα καὶ κατὰ σχολὴν διαλυθήσεσθαι, αὐτοὶ δὲ ἀσφαλῶς ἀποβήσεσθαι χάριτι καὶ εὐμενείᾳ τοῦ θεοῦ.
ἐκεῖνοι μὲν οὖν τὰ πολλὰ ταῦτα πρὸς τὴν χρείαν τὴν παραυτίκα ἐπιτραγῳδοῦσιν ὡς παρὰ πλειόνων λαμβάνοιεν, οὐ δυστυχεῖς μόνον ἀλλὰ
</p>
</div1>
<div1 type="section" n="2">
<p> καὶ θεοφιλεῖς τινες εἶναι δοκοῦντες· οἱ δὲ τοὺς ἐν ταῖς οἰκίαις χειμῶνας καὶ τὰς τρικυμίας καὶ νὴ Δία πεντακυμίας τε καὶ δεκακυμίας, εἰ οἷόν τε εἰπεῖν, διηγούμενοι, καὶ ὡς τὸ πρῶτον
εἰσέπλευσαν, γαληνοῦ ὑποφαινομένου τοῦ πελάγους, καὶ ὅσα πράγματα παρὰ τὸν πλοῦν ὅλον ὑπέμειναν ἢ διψῶντες ἢ ναυτιῶντες ἢ ὑπεραντλούμενοι τῇ ἅλμῃ, καὶ τέλος ὡς πρὸς πέτραν τινὰ ὕφαλον ἢ σκόπελον ἀπόκρημνον περιρρήξαντες τὸ δύστηνον σκαφίδιον ἄθλιοι κακῶς ἐξενήξαντο γυμνοὶ καὶ πάντων ἐνδεεῖς τῶν ἀναγκαίων — ἐν δὴ τούτοις καὶ τῇ τούτων διηγήσει ἐδόκουν μοι τὰ πολλὰ οὗτοι ὑπʼ αἰσχύνης
ἐπικρύπτεσθαι, καὶ ἑκόντες εἶναι ἐπιλανθάνεσθαι
αὐτῶν. ἀλλʼ ἔγωγε κἀκεῖνα καὶ εἲ τινʼ ˘ ἄλλα ἐκ τοῦ λόγου συντιθεὶς εὑρίσκω προσόντα ταῖς τοιαύταις
συνουσίαις, οὐκ ὀκνήσω σοι πάντα, ὦ καλὲ Τιμόκλεις, διεξελθεῖν· δοκῶ γάρ μοι ἐκ πολλοῦ ἤδη
κατανενοηκέναι σε τούτῳ τῷ βίῳ ἐπιβουλεύοντα,
<pb id="v.3.p.416"/>
</p>
</div1>
<div1 type="section" n="3">
<p> καὶ πρῶτόν γε ὁπηνίκα περὶ τῶν τοιούτων ὁ λόγος ἐνέπεσεν, εἶτα ἐπῄνεσέ τις τῶν παρόντων τὴν τοιαύτην μισθοφοράν, τρισευδαίμονας εἶναι λέγων οἷς μετὰ τοῦ φίλους ἔχειν τοὺς ἀρίστους Ῥωμαίων καὶ δειπνεῖν δεῖπνα πολυτελῆ καὶ ἀσύμβολα καὶ οἰκεῖν ἐν καλῷ καὶ ἀποδημεῖν μετὰ πάσης ῥᾳστώνης καὶ ἡδονῆς ἐπὶ λευκοῦ ζεύγους, εἰ τύχοι,
ἐξυπτιάζοντας, προσέτι καὶ μισθὸν τῆς φιλίας καὶ ὧν εὖ πάσχουσιν τούτων λαμβάνειν οὐκ ὀλίγον ἐστίν· ἀτεχνῶς γὰρ ἄσπορα καὶ ἀνήροτα τοῖς τοιούτοις τὰ πάντα φύεσθαι. ὁπότε οὖν
ταῦτα καὶ τὰ τοιαῦτα ἤκουες, ἑώρων ὅπως ἐκεχήνεις πρὸς αὐτὰ καὶ πάνυ σφόδρα πρὸς τὸ δέλεαρ ἀναπεπταμένον παρεῖχες τὸ στόμα.
ὡς οὖν τό γε ἡμέτερον εἰσαῦθίς ποτε ἀναίτιον ᾖ μηδὲ ἔχῃς λέγειν ὡς ὁρῶντές σε τηλικοῦτο μετὰ τῆς καρίδος ἄγκιστρον καταπίνοντα οὐκ ἐπελαβόμεθα οὐδὲ πρὶν ἐμπεσεῖν τῷ λαιμῷ
περιεσπάσαμεν οὐδὲ προεδηλώσαμεν, ἀλλὰ περιμείναντες
ἐξ ἑλκομένου ˘ καὶ ἐμπεπηγότος ἤδη συρόμενον καὶ πρὸς ἀνάγκην ἀγόμενον ὁρᾶν ὅτʼ οὐδὲν ὄφελος ἑστῶτες ἐπεδακρύομεν· ὅπως μὴ ταῦτα λέγῃς ποτέ, πάνυ εὔλογα, ἢν λέγηται, καὶ ἄφυκτα ἡμῖν, ὡς
οὐκ ἀδικοῦμεν μὴ προμηνύσαντες, ἄκουσον ἐξ
ἀρχῆς ἁπάντων, καὶ τὸ δίκτυόν τε αὐτὸ καὶ τῶν κύρτων τὸ ἀδιέξοδον ἔκτοσθεν ἐπὶ σχολῆς, ἀλλὰ
<pb id="v.3.p.418"/>
μὴ ἔνδοθεν ἐκ τοῦ μυχοῦ προεπισκόπησον, καὶ τοῦ ἀγκίστρου δὲ τὸ ἀγκύλον καὶ τὴν εἰς τὸ ἔμπαλιν τοῦ σκόλοπος ἀναστροφὴν καὶ τῆς τριαίνης τὰς ἀκμὰς εἰς τὰς χεῖρας λαβὼν καὶ πρὸς τὴν γνάθον πεφυσημένην ἀποπειρώμενος, ἢν μὴ πάνυ ὀξέα μηδὲ ἄφυκτα μηδὲ ἀνιαρὰ ἐν τοῖς τραύμασι
φαίνηται βιαίως σπῶντα καὶ ἀμάχως ἀντιλαμβανόμενα, ἡμᾶς μὲν ἐν τοῖς δειλοῖς καὶ διὰ τοῦτο πεινῶσιν ἀνάγραφε, σεαυτὸν δὲ παρακαλέσας
θαρρεῖν ἐπιχείρει τῇ ἄγρᾳ, εἰ θέλεις, καθάπερ ὁ λάρος ὅλον περιχανὼν τὸ δέλεαρ.
</p>
</div1>
<div1 type="section" n="4">
<p> ῥηθήσεται δὲ ὁ πᾶς λόγος τὸ μὲν ὅλον ἴσως διὰ σέ, πλὴν ἀλλʼ οὔ γε περὶ τῶν φιλοσοφούντων
ὑμῶν μόνον, οὐδὲ ὁπόσοι ʼ σπουδαιοτέραν τὴν
προαίρεσιν προείλοντο ἐν τῷ βίῳ, ἀλλὰ καὶ περὶ γραμματιστῶν καὶ ῥητόρων καὶ μουσικῶν καὶ ὅλως τῶν ἐπὶ παιδείαις συνεῖναι καὶ μισθοφορεῖν ἀξιουμένων. κοινῶν δὲ ὡς ἐπίπαν ὄντων καὶ ὁμοίων τῶν συμβαινόντων ἅπασι, δῆλον ὡς οὐκ ἐξαίρετα μέν, αἰσχίω δὲ τὰ αὐτὰ ὄντα γίγνεται τοῖς φιλοσοφοῦσιν, εἰ τῶν ὁμοίων τοῖς ἄλλοις ἀξιοῖντο καὶ μηδὲν αὐτοὺς σεμνότερον οἱ
μισθοδόται ἄγοιεν. ὅ τι δʼ ἂν οὖν ὁ λόγος αὐτὸς ἐπιὼν ἐξευρίσκῃ, τούτου τὴν αἰτίαν μάλιστα μὲν οἱ ποιοῦντες αὐτοί, ἔπειτα δὲ οἱ ὑπομένοντες αὐτὰ
δίκαιοι ἔχειν ἐγὼ δὲ ἀναίτιος, εἰ μὴ ἀληθείας καὶ παρρησίας ἐπιτίμιὸν τί ἐστιν. τοὺς μέντοι τοῦ ἄλλου πλήθους, οἷον
γυμναστάς τινας ἢ κόλακας, ἰδιώτας καὶ μικροὺς τὰς γνώμας καὶ ταπεινοὺς αὐτόθεν ἀνθρώπους, οὔτε ἀποτρέπειν ἄξιον τῶν τοιούτων συνουσιῶν, οὐδὲ γὰρ ἂν πεισθεῖεν, οὔτε μὴν αἰτιᾶσθαι καλῶς ἔχει
μὴ ἀπολειπομένους τῶν μισθοδοτῶν εἰ καὶ πάνυ
<pb id="v.3.p.420"/> πολλὰ ὑβρίζοιντο ὑπʼ αὐτῶν, ἐπιτήδειοι γὰρ καὶ
οὐκ ἀνάξιοι τῆς τοιαύτης διατριβῆς· ἄλλως τε
οὐδὲ σχοῖεν ἄν τι ἄλλο πρὸς ὅ τι χρὴ ἀποκλίναντας αὐτοὺς παρέχειν αὑτοὺς ἐνεργούς,˘ ἀλλʼ ἤν τις αὐτῶν ἀφέλῃ τοῦτο, ἄτεχνοι αὐτίκα καὶ ἀργοὶ καὶ περιττοὶ εἰσιν. οὐδὲν οὖν οὔτʼ αὐτοὶ δεινὸν πάσχοιεν ἂν οὔτʼ ἐκεῖνοι ὑβρισταὶ δοκοῖεν εἰς τὴν ἀμίδα, φασίν, ἐνουροῦντες· ἐπὶ γάρ τοι τὴν ὕβριν ταύτην ἐξ ἀρχῆς παρέρχονται εἰς τὰς οἰκίας, καὶ
ἡ τέχνη φέρειν καὶ ἀνέχεσθαι τὰ γιγνόμενα. περὶ
δὲ ὧν προεῖπον τῶν πεπαιδευμένων ἄξιον ἀγανακτεῖν καὶ πειρᾶσθαι ὡς ἔνι μάλιστα μετάγειν
αὐτοὺς καὶ πρὸς ἐλευθερίαν ἀφαιρεῖσθαι.
</p>
</div1>
<div1 type="section" n="5">
<p> δοκῶ δέ μοι καλῶς ἂν ποιῆσαι, εἰ τὰς αἰτίας
ἀφʼ ὧν ἐπὶ τὸν τοιοῦτον βίον ἀφικνοῦνταί τινες προεξετάσας δείξαιμι οὐ πάνυ βιαίους οὐδʼ ἀναγκαίας· οὕτω γὰρ ἂν αὐτοῖς ἡ ἀπολογία προαναιροῖτο καὶ ἡ πρώτη ὑπόθεσις τῆς ἐθελοδουλείας.
οἱ μὲν δὴ πολλοὶ τὴν πενίαν καὶ τὴν τῶν ἀναγκαίων χρείαν προθέμενοι ἱκανὸν τοῦτο προκάλυμμα
οἴονται προβεβλῆσθαι τῆς πρὸς τὸν βίον τοῦτον
αὐτομολίας, καὶ ἀποχρῆν αὐτοῖς νομίζουσιν εἰ λέγοιεν ὡς συγγνώμης ἄξιον ποιοῦσιν τὸ χαλεπώτατον τῶν ἐν τῷ βίῳ, τὴν πενίαν, διαφυγεῖν ζητοῦντες· εἶτα ὁ Θέογνις πρόχειρος καὶ πολὺ τό, πᾶς γὰρ ἀνὴρ πενίῃ δεδμημένος
<pb id="v.3.p.422"/> καὶ ὅσα ἄλλα δείματα ὑπὲρ τῆς πενίας οἱ ἀγεννέστατοι τῶν ποιητῶν ἐξενηνόχασιν. ἐγὼ δʼ εἰ μὲν ἑώρων αὐτοὺς φυγήν τινα ὡς ἀληθῶς τῆς πενίας εὑρισκομένους ἐκ τῶν τοιούτων συνουσιῶν, οὐκ ἂν ὑπὲρ τῆς ἄγαν ἐλευθερίας ἐμικρολογούμην πρὸς αὐτούς· ἐπεὶ δὲ — ὡς ὁ καλός που ῥήτωρ ἔφη — τοῖς τῶν νοσούντων σιτίοις ἐοικότα λαμβάνουσι, τίς  ἔτι μηχανὴ μὴ οὐχὶ καὶ πρὸς τοῦτο κακῶς βεβουλεῦσθαι δοκεῖν αὐτούς, ἀεὶ μενούσης αὐτοῖς ὁμοίας τῆς ὑποθέσεως τοῦ
βίου; πενία γὰρ εἰσαεὶ καὶ τὸ λαμβάνειν
ἀναγκαῖον καὶ ἀπόθετον οὐδὲν οὐδὲ περιττὸν εἰς φυλακήν, ἀλλὰ τὸ δοθέν, κἂν δοθῇ, κἂν ἀθρόως ληφθῇ, πᾶν ἀκριβῶς καὶ τῆς χρείας ἐνδεῶς καταναλίσκεται. καλῶς δὲ εἶχε μὴ τοιαύτας τινὰς ἀφορμὰς ἐπινοεῖν αἳ τὴν πενίαν τηροῦσι παραβοηθοῦσαι μόνον αὐτῇ, ἀλλʼ αἳ τέλεον ἐξαιρήσουσιν, καὶ ὑπέρ γε τοῦ τοιούτου καὶ εἰς βαθυκήτεα πόντον ἴσως ῥιπτεῖν, εἰ δεῖ, ὦ Θέογνι, καὶ πετρέων, ὡς
φής, κατʼ ἠλιβάτων. εἰ δέ τις ἀεὶ πένης καὶ ἐνδεὴς καὶ ὑπόμισθος ὢν οἴεται πενίαν αὐτῷ τούτῳ διαπεφευγέναι, οὐκ οἶδα πῶς ὁ τοιοῦτος οὐκ ἂν δόξειεν ἑαυτὸν ἐξαπατᾶν.
</p>
</div1>
<div1 type="section" n="6">
<p> ἄλλοι δὲ πενίαν μὲν αὐτὴν οὐκ ἂν. φοβηθῆναι
οὐδὲ καταπλαγῆναί φασιν, εἰ ἐδύναντο τοῖς ἄλλοις ὁμοίως πονοῦντες ἐκπορίζειν τὰ ἄλφιτα, νῦν δέ,
πεπονηκέναι γὰρ αὐτοῖς τὰ σώματα ἢ ὑπὸ γήρως
ἢ ὑπὸ νόσων, ἐπὶ τήνδε ῥᾴστην οὖσαν τὴν
μισθοφορὰν ἀπηντηκέναι. φέρʼ οὖν ἴδωμεν εἰ ἀληθῆ λέγουσιν καὶ ἐκ τοῦ ῥᾴστου, μὴ πολλὰ μηδὲ πλείω τῶν ἄλλων πονοῦσι, περιγίγνεται αὐτοῖς τὰ
διδόμενα· εὐχῇ γὰρ ἂν ἐοικότα εἴη ταῦτά γε, μὴ
<pb id="v.3.p.424"/> πονήσαντα μηδὲ καμόντα ἕτοιμον ἀργύριον λαβεῖν.
τὸ δʼ ἐστὶ καὶ ῥηθῆναι κατʼ ἀξίαν ἀδύνατον τοσαῦτα πονοῦσιν καὶ κάμνουσιν ἐν ταῖς
συνουσίαις, ὥστε πλείονος ἐνταῦθα καὶ ἐπὶ τοῦτο μάλιστα τῆς ὑγιείας δεῖσθαι, μυρίων ὄντων ὁσημέραι τῶν ἐπιτριβόντων τὸ σῶμα καὶ πρὸς ἐσχάτην ἀπόγνωσιν καταπονούντων. λέξομεν δὲ αὐτὰ
ἐν τῷ προσήκοντι καιρῷ, ἐπειδὰν καὶ τὰς ἄλλας
αὐτῶν δυσχερείας διεξίωμεν· τὸ δὲ νῦν εἶναι ἱκανὸν
ἦν ὑποδεῖξαι ὡς οὐδʼ οἱ διὰ ταύτην λέγοντες αὑτοὺς ἀποδίδοσθαι τὴν πρόφασιν ἀληθεύοιεν ἄν.
</p>
</div1>
<div1 type="section" n="7">
<p> λοιπὸν δὴ καὶ ἀληθέστατον μέν, ἥκιστα δὲ πρὸς αὐτῶν λεγόμενον, ἡδονῆς ἕνεκα καὶ τῶν πολλῶν καὶ ἀθρόων ἐλπίδων εἰσπηδᾶν αὐτοὺς εἰς τὰς οἰκίας, καταπλαγέντας μὲν τὸ πλῆθος τοῦ χρυσοῦ καὶ τοῦ ἀργύρου, εὐδαιμονήσαντας δὲ ἐπὶ τοῖς δείπνοις καὶ τῇ ἄλλῃ τρυφῇ, ἐλπίσαντας δὲ ὅσον αὐτίκα χανδὸν οὐδενὸς ἐπιστομίζοντος πίεσθαι τοῦ χρυσίου. ταῦτα ὑπάγει αὐτοὺς καὶ δούλους ἀντὶ ἐλευθέρων τίθησιν — οὐχ ἡ τῶν ἀναγκαίων χρεία, ἣν ἔφασκον, ἀλλʼ ἡ τῶν οὐκ ἀναγκαίων ἐπιθυμία καὶ ὁ τῶν πολλῶν καὶ πολυτελῶν ἐκείνων ζῆλος. τοιγαροῦν ὥσπερ δυσέρωτας
αὐτοὺς καὶ κακοδαίμονας ἐραστὰς ἔντεχνοί τινες καὶ τρίβωνες ἐρώμενοι παραλαβόντες ὑπεροπτικῶς περιέπουσιν, ὅπως ἀεὶ ἐρασθήσονται αὐτῶν
θεραπεύοντες, ἀπολαῦσαι δὲ τῶν παιδικῶν ἀλλʼ οὐδὲ μέχρι φιλήματος ἄκρου μεταδιδόντες· ἴσασι γὰρ
ἐν τῷ τυχεῖν τὴν διάλυσιν τοῦ ἔρωτος γενησομένην. ταύτην οὖν ἀποκλείουσιν καὶ ζηλοτύπως φυλάττουσιν τὰ δὲ ἄλλα ἐπʼ ἐλπίδος ἀεὶ τὸν ἐραστὴν ἔχουσιν. δεδίασι γὰρ μὴ αὐτὸν ἡ
<pb id="v.3.p.426"/> ἀπόγνωσις ἀπαγάγῃ τῆς ἄγαν ἐπιθυμίας καὶ ἀνέραστος αὐτοῖς γένηται· προσμειδιῶσιν οὖν καὶ ὑπισχνοῦνται καὶ ἀεὶ εὖ ποιήσουσι καὶ χαριοῦνται καὶ ἐπιμελήσονται πολυτελῶς. εἶτʼ ἔλαθον ἄμφω γηράσαντες, ἔξωροι γενόμενοι καὶ οὗτος τοῦ ἐρᾶν κἀκεῖνος τοῦ μεταδιδόναι. πέπρακται δʼ οὖν
αὐτοῖς οὐδὲν ἐν ἅπαντι τῷ βίῳ πέρα τῆς ἐλπίδος.
</p>
</div1>
<div1 type="section" n="8">
<p> τὸ μὲν δὴ διʼ ἡδονῆς ἐπιθυμίαν ἅπαντα ὑπομένειν οὐ πάνυ ἴσως ὑπαίτιον, ἀλλὰ συγγνώμη εἴ τις ἡδονῇ χαίρει καὶ τοῦτο ἐξ ἅπαντος θεραπεύει ὅπως μεθέξει αὐτῆς. καίτοι αἰσχρὸν ἴσως καὶ ἀνδραποδῶδες ἀποδόσθαι διὰ ταύτην ἑαυτὸν πολὺ γὰρ ἡδίων ἡ ἐκ τῆς ἐλευθερίας ἡδονή. ὅμως δʼ οὖν ἐχέτω τινὰ συγγνώμην αὐτοῖς, εἰ ἐπιτυγχάνοιτο·
τὸ δὲ διʼ ἡδονῆς ἐλπίδα μόνον πολλὰς ἀηδίας ὑπομένειν γελοῖον οἶμαι καὶ ἀνόητον, καὶ ταῦτα ὁρῶντας ὡς οἱ μὲν πόνοι σαφεῖς καὶ πρόδηλοι καὶ ἀναγκαῖοι, τὸ δὲ ἐλπιζόμενον ἐκεῖνο, ὁτιδήποτέ ἐστιν τὸ ἡδύ, οὔτε ἐγένετό πω τοσούτου χρόνου, προσέτι δὲ οὐδὲ γενήσεσθαι ἔοικεν, εἴ τις ἐκ τῆς ἀληθείας λογίζοιτο. οἱ μέν γε τοῦ Ὀδυσσέως ἑταῖροι γλυκύν τινα τὸν λωτὸν ἐσθίοντες ἠμέλουν τῶν ἄλλων καὶ πρὸς τὸ παρὸν ἡδὺ τῶν καλῶς ἐχόντων κατεφρόνουν ὥστε οὐ πάντῃ ἄλογος
αὐτῶν ἡ λήθη τοῦ καλοῦ, πρὸς τῷ ἡδεῖ ἐκείνῳ τῆς ψυχῆς διατριβούσης. τὸ δὲ λιμῷ συνόντα παρεστῶτα ἄλλῳ τοῦ λωτοῦ ἐμφορουμένῳ μηδὲν
<pb id="v.3.p.428"/> μεταδιδόντι ὑπὸ ἐλπίδος μόνης τοῦ κἂν αὐτὸν
παραγεύσασθαί ποτε δεδέσθαι, τῶν καλῶς καὶ ὀρθῶς ἐχόντων ἐπιλελησμένον,Ἡράκλεις ὡς καταγέλαστον καὶ πληγῶν τινων Ὁμηρικῶν ὡς ἀληθῶς δεόμενον.
</p>
</div1>
<div1 type="section" n="9">
<p> τὰ μὲν τοίνυν πρὸς τὰς συνουσίας αὐτοὺς ἄγοντα καὶ ἀφʼ ὧν αὑτοὺς φέροντες ἐπιτρέπουσι τοῖς πλουσίοις χρῆσθαι πρὸς ὅ τι ἂν ἐθέλωσιν,
ταῦτά ἐστιν ἢ ὅτι ἐγγύτατα τούτων, πλὴν εἰ μὴ κἀκείνων τις μεμνῆσθαι ἀξιώσειεν τῶν καὶ μόνῃ
τῇ δόξῃ ἐπαιρομένων τοῦ συνεῖναι εὐπατρίδαις τε καὶ εὐπαρύφοις ἀνδράσιν· εἰσὶν γὰρ οἳ καὶ τοῦτο περίβλεπτον καὶ ὑπὲρ τοὺς πολλοὺς νομίζουσιν,
ὡς ἔγωγε τοὐμὸν ἴδιον οὐδὲ βασιλεῖ τῷ μεγάλῳ
αὐτὸ μόνον συνεῖναι καὶ συνὼν ὁρᾶσθαι μηδὲν χρηστὸν ἀπολαύων τῆς συνουσίας δεξαίμην ἄν.
</p>
</div1>
<div1 type="section" n="10">
<p> τοιαύτης δὲ αὐτοῖς τῆς ὑποθέσεως οὔσης, φέρε ἤδη πρὸς ἡμᾶς αὐτοὺς ἐπισκοπήσωμεν οἷα μὲν πρὸ τοῦ εἰσδεχθῆναι καὶ τυχεῖν ὑπομένουσιν, οἷα
δὲ ἐν αὐτῷ ἤδη ὄντες πάσχουσιν, ἐπὶ πᾶσι δὲ
ἥτις αὐτοῖς ἡ καταστροφὴ τοῦ δράματος γίγνεται.
οὐ γὰρ δὴ ἐκεῖνό γε εἰπεῖν ἐστιν, ὡς εἰ καὶ πονηρὰ ταῦτα, εὔληπτα γοῦν καὶ οὐ πολλοῦ δεήσει τοῦ πόνου, ἀλλὰ θελῆσαι δεῖ μόνον, εἶτά σοι πέπρακται τὸ πᾶν εὐμαρῶς· ἀλλὰ πολλῆς μὲν τῆς διαδρομῆς δεῖ,˘ συνεχοῦς δὲ τῆς θυραυλίας, ἕωθέν τε ἐξανιστάμενον περιμένειν ὠθούμενον καὶ ἀποκλειόμενον καὶ ἀναίσχυντον ἐνίοτε
<pb id="v.3.p.430"/> καὶ ὀχληρὸν δοκοῦντα καὶ ὑπὸ θυρωρῷ κακῶς
συρίζοντι καὶ ὀνομακλήτορι Λιβυκῷ ταττόμενον καὶ μισθὸν τελοῦντα τῆς μνήμης τοῦ ὀνόματος.
καὶ μὴν καὶ ἐσθῆτος ὑπὲρ τὴν ὑπάρχουσαν δύναμιν ἐπιμεληθῆναι χρὴ πρὸς τὸ τοῦ θεραπευομένου ἀξίωμα, καὶ χρώματα αἱρεῖσθαι οἷς ἂν ἐκεῖνος ἥδηται, ὡς μὴ ἀπᾴδῃς μηδὲ προσκρούῃς βλεπόμενος, καὶ φιλοπόνως ἕπεσθαι, μᾶλλον δὲ ἡγεῖσθαι, ὑπὸ τῶν οἰκετῶν προωθούμενον καὶ
ὥσπερ τινὰ πομπὴν ἀναπληροῦντα.
ὁ δὲ οὐδὲ προσβλέπει πολλῶν ἑξῆς ἡμερῶν.
</p>
</div1>
<div1 type="section" n="11">
<p> ἢν δέ ποτε καὶ τὰ ἄριστα πράξῃς, καὶ ἴδῃ σε καὶ προσκαλέσας ἔρηταί τι ὧν ἂν τύχῃ, τότε δὴ τότε πολὺς μὲν ὁ ἱδρώς, ἀθρόος δὲ ὁ ἴλιγγος καὶ τρόμος ἄκαιρος καὶ γέλως τῶν παρόντων ἐπὶ τῇ ἀπορίᾳ. καὶ πολλάκις ἀποκρίνασθαι δέον, <q direct="unspecified">τίς ἦν ὁ
βασιλεὺς τῶν Ἀχαιῶν,</q>  ὅτι <q direct="unspecified"> χίλιαι νῆες ἦσαν
αὐτοῖς,</q>  λέγεις. τοῦτο οἱ μὲν χρηστοὶ αἰδῶ ἐκάλεσαν, οἱ δὲ τολμηροὶ δειλίαν, οἱ δὲ κακοήθεις ἀπαιδευσίαν. σὺ δʼ οὖν ἐπισφαλεστάτης πειραθεὶς τῆς πρώτης φιλοφροσύνης ἀπῆλθες καταδικάσας σεαυτοῦ πολλὴν τὴν ἀπόγνωσιν. ἐπειδὰν δὲ <quote rend="blockquote">
<l/>
<l> πολλὰς μὲν ἀΰπνους νύκτας ἰαύσῃς
ἤματα δʼ αἱματόεντα </l>
</quote> διαγάγῃς, οὐ μὰ Δία τῆς Ἑλένης ἕνεκα οὐδὲ τῶν Πριάμου Περγάμων; ἀλλὰ τῶν ἐλπιζομένων πέντε ὀβολῶν, τύχῃς δὲ καὶ τραγικοῦ τινος θεοῦ συνιστάντος, ἐξέτασις τοὐντεῦθεν εἰ οἶσθα τὰ μαθήματα. καὶ τῷ μὲν πλουσίῳ ἡ διατριβὴ οὐκ
<pb id="v.3.p.432"/> ἀηδὴς ἐπαινουμένῳ καὶ εὐδαιμονιζομένῳ, σοὶ δὲ ὁ ὑπὲρ τῆς ψυχῆς ἀγὼν καὶ ὑπὲρ ἅπαντος τοῦ βίου τότε προκεῖσθαι δοκεῖ· ὑπεισέρχεται γὰρ εἰκότως
τὸ μηδʼ ὑπʼ ἄλλου ἂν καταδεχθῆναι πρὸς τοῦ
προτέρου ἀποβληθέντα καὶ δόξαντα εἶναι ἀδόκιμον. ἀνάγκη τοίνυν εἰς μυρία διαιρεθῆναι τότε, τοῖς μὲν ἀντεξεταζομένοις φθονοῦντα, — τίθει γὰρ καὶ ἄλλους εἶναι τῶν αὐτῶν ἀντιποιουμένους —
αὐτὸν δὲ πάντα ἐνδεῶς εἰρηκέναι νομίζοντα, φοβούμενον δὲ καὶ ἐλπίζοντα καὶ πρὸς τὸ ἐκείνου πρόσωπον ἀτενίζοντα καὶ εἰ μὲν ἐκφαυλίζοι τι τῶν λεγομένων, ἀπολλύμενον, εἰ δὲ μειδιῶν ἀκούοι,
</p>
</div1>
<div1 type="section" n="12">
<p> γεγηθότα καὶ εὔελπιν καθιστάμενον. εἰκὸς δὲ πολλοὺς εἶναι τοὺς ἐναντία σοι φρονοῦντας καὶ ἄλλους ἀντὶ σοῦ τιθεμένους, ὧν ἕκαστος ὥσπερ ἐκ λόχου τοξεύων λέληθεν. εἶτʼ ἐννόησον ἄνδρα ἐν βαθεῖ πώγωνι καὶ πολιᾷ τῇ κόμῃ ἐξεταζόμενον εἲ
τι οἶδεν ὠφέλιμον, καὶ τοῖς μὲν δοκοῦντα εἰδέναι,
τοῖς δὲ μή. μέσος ἐν τοσούτῳ χρόνος, καὶ
πολυπραγμονεῖταί σου ἅπας ὁ παρεληλυθὼς βίος, κἂν μέν τις ἢ πολίτης ὑπὸ φθόνου ἢ γείτων ἔκ τινος
εὐτελοῦς αἰτίας προσκεκρουκὼς ἀνακρινόμενος εἴπῃ μοιχὸν ἢ παιδεραστήν, τοῦτʼ ἐκεῖνο, ἐκ τῶν Διὸς δέλτων ὁ μάρτυς, ἂν δὲ πάντες ἅμα ἑξῆς ἐπαινῶσιν, ὕποπτοι καὶ ἀμφίβολοι καὶ δεδεκασμένοι. χρὴ τοίνυν πολλὰ εὐτυχῆσαι καὶ μηδὲν ὅλως ἐναντιωθῆναι· μόνως γὰρ ἂν οὕτως κρατήσειας.
εἶεν καὶ δὴ εὐτύχηταί σοι πάντα εὐχῆς μειζόνως· αὐτός τε γὰρ ἐπῄνεσε τοὺς λόγους καὶ
<pb id="v.3.p.434"/> τῶν φίλων οἱ ἐντιμότατοι καὶ οἷς μάλιστα πιστεύει τὰ τοιαῦτα οὐκ ἀπέτρεψαν ἔτι δὲ καὶ ἡ γυνὴ βούλεται, οὐκ ἀντιλέγει δὲ οὔτε ὁ ἐπίτροπος οὔτε ὁ οἰκονόμος· οὐδέ τις ἐμέμψατό σου τὸν βίον, ἀλλὰ πάντα ἵλεω καὶ πανταχόθεν αἴσια τὰ ἱερά.
</p>
</div1>
<div1 type="section" n="13">
<p> κεκράτηκας οὖν, ὦ μακάριε, καὶ ἔστεψαι τὰ Ὀλύμπια, μᾶλλον δὲ Βαβυλῶνα εἴληφας ἢ τὴν Σάρδεων ἀκρόπολιν καθῄρηκας, καὶ ἕξεις τὸ τῆς Ἀμαλθείας κέρας καὶ ἀμέλξεις ὀρνίθων γάλα. δεῖ δή σοι ἀντὶ τῶν τοσούτων πόνων μέγιστα ἡλίκα γενέσθαι τἀγαθά, ἵνα μὴ φύλλινος μόνον
ὁ στέφανος ᾖ, καὶ τόν τε μισθὸν οὐκ
εὐκαταφρόνητον ὁρισθῆναι καὶ τοῦτον ἐν καιρῷ τῆς χρείας ἀπραγμόνως ἀποδίδοσθαι καὶ τὴν ἄλλην τιμὴν ὑπὲρ τοὺς πολλοὺς ὑπάρχειν, πόνων δὲ ἐκείνων καὶ πηλοῦ καὶ δρόμων  καὶ ἀγρυπνιῶν ἀναπεπαῦσθαι, καὶ τοῦτο δὴ τὸ τῆς εὐχῆς, ἀποτείναντα τὼ πόδε καθεύδειν, μόνα ἐκεῖνα πράττοντα ὧν ἕνεκα τὴν ἀρχὴν παρελήφθης καὶ ὧν ἔμμισθος εἶ. ἐχρῆν μὲν οὕτως, ὦ Τιμόκλεις, καὶ
οὐδὲν ἂν ἦν μέγα κακὸν ὑποκύψαντα φέρειν τὸν ζυγὸν ἐλαφρόν τε καὶ εὔφορον καὶ τὸ μέγιστον, ἐπίχρυσον ὄντα. ἀλλὰ πολλοῦ, μᾶλλον δὲ τοῦ παντὸς δεῖ· μυρία γάρ ἐστιν ἀφόρητα ἐλευθέρῳ ἀνδρὶ ἐν αὐταῖς ἤδη ταῖς συνουσίαις γιγνόμενα. σκέψαι δὲ αὐτὸς ἑξῆς ˘ ἀκούων, εἴ τις ἂν αὐτὰ ὑπομεῖναι δύναιτο παιδείᾳ κἂν ἐπʼ ἐλάχιστον
</p>
</div1>
<div1 type="section" n="14">
<p> ὡμιληκώς. ἄρξομαι δὲ ἀπὸ τοῦ πρώτου δείπνου,
<pb id="v.3.p.436"/>
ἢν ,δοκῇ, ὅ σε εἰκὸς δειπνήσειν τὰ προτέλεια τῆς μελλούσης συνουσίας.
εὐθὺς οὖν πρόσεισιν παραγγέλλων τις ἥκειν ἐπὶ τὸ δεῖπνον, οὐκ ἀνομίλητος οἰκέτης, ὃν χρὴ πρῶτον ἵλεων ποιήσασθαι, παραβύσαντα εἰς τὴν χεῖρα, ὡς μὴ ἀδέξιος εἶναι δοκῇς, τοὐλάχιστον πέντε δραχμάς· ὁ δὲ ἀκκισάμενος καί, <q direct="unspecified">ἄπαγε, παρὰ σοῦ δὲ ἐγώ;</q> καί, <q direct="unspecified"> Ἡράκλεις, μὴ γένοιτο,</q>  ὑπειπὼν τέλος ἐπείσθη, καὶ ἄπεισί σοι πλατὺ
ἐγχανών. σὺ δὲ ἐσθῆτα καθαρὰν προχειρισάμενος καὶ σεαυτὸν ὡς κοσμιώτατα σχηματίσας λουσάμενος ἥκεις, δεδιὼς μὴ πρὸ τῶν ἄλλων
ἀφίκοιο ἀπειρόκαλον γάρ, ὥσπερ καὶ τὸ ὕστατον
ἥκειν φορτικόν. αὐτὸ οὖν τηρήσας τὸ μέσον τοῦ
καιροῦ εἰσελήλυθας, καί σε πάνυ ἐντίμως ἐδέξατο, καὶ παραλαβών τις κατέκλινε μικρὸν ὑπὲρ τοῦ πλουσίου μετὰ δύο που σχεδὸν τῶν παλαιῶν
</p>
</div1>
<div1 type="section" n="15">
<p> φίλων. σὺ δʼ ὥσπερ εἰς τοῦ Διὸς τὸν οἶκον
παρελθὼν πάντα τεθαύμακας καὶ ἐφʼ ἑκάστῳ τῶν πραττομένων μετέωρος εἶ· ξένα γάρ σοι καὶ ἄγνωστα πάντα· καὶ ἥ τε οἰκετεία εἰς σὲ ἀποβλέπει καὶ τῶν παρόντων ἕκαστος ὅ τι πράξεις ἐπιτηροῦσιν, οὐδὲ αὐτῷ δὲ ἀμελὲς τῷ πλουσίῳ τοῦτο, ἀλλὰ καὶ προεῖπέ τισι τῶν οἰκετῶν ἐπισκοπεῖν εἴ πως εἰς τοὺς παῖδας ἢ εἰς τὴν γυναῖκα πολλάκις ἐκ περιωπῆς ἀποβλέψεις. οἱ μὲν γὰρ τῶν συνδείπνων ἀκόλουθοι ὁρῶντες ἐκπεπληγμένον εἰς τὴν ἀπειρίαν τῶν δρωμένων ἀποσκώπτουσι, τεκμήριον τοῦ μὴ παρʼ ἄλλῳ
<pb id="v.3.p.438"/>
πρότερόν σε δεδειπνηκέναι τὸ καινὸν εἶναί σοι τὸ χειρόμακτρον τιθέμενοι.
ὥσπερ οὖν εἰκός, ἰδίειν τε ἀνάγκη ὑπʼ ἀπορίας καὶ μήτε διψῶντα πιεῖν αἰτεῖν τολμᾶν, μὴ δόξῃς
οἰνόφλυξ τις εἶναι, μήτε τῶν ὄψων παρατεθέντων ποικίλων καὶ πρός τινα τάξιν ἐσκευασμένων εἰδέναι ἐφʼ ὅ τι πρῶτον ἢ δεύτερον τὴν χεῖρα
ἐνέγκῃς· ὑποβλέπειν οὖν εἰς τὸν πλησίον δεήσει κἀκεῖνον ζηλοῦν καὶ μανθάνειν τοῦ δείπνου τὴν
</p>
</div1>
<div1 type="section" n="16">
<p> ἀκολουθίαν. τὰ δʼ ἄλλα ποικίλος εἶ καὶ θορύβου πλέως τὴν ψυχήν, πρὸς ἕκαστα τῶν πραττομένων ἐκπεπληγμένος, καὶ ἄρτι μὲν εὐδαιμονίζεις τὸν πλούσιον τοῦ χρυσοῦ καὶ τοῦ ἐλέφαντος καὶ τῆς τοσαύτης τρυφῆς, ἄρτι δὲ οἰκτείρεις σεαυτόν,
ὡς τὸ μηδὲν ὢν εἶτα ζῆν ὑπολαμβάνεις. ἐνίοτε
δὲ κἀκεῖνο εἰσέρχεταί σε, ὡς ζηλωτόν τινα βιώσῃ τὸν βίον ἅπασιν ἐκείνοις ἐντρυφήσων καὶ μεθέξων
αὐτῶν ἐξ ἰσοτιμίας· οἴει γὰρ εἰσαεὶ Διονύσια ἑορτάσειν. καί που καὶ μειράκια ὡραῖα
διακονούμενα καὶ ἠρέμα προσμειδιῶντα<!--note n="v.3.p.438.n.1" place="unspecified" anchored="yes" /-->  γλαφυρωτέραν
ὑπογράφει σοι τὴν μέλλουσαν διατριβήν, ὥστε συνεχῶς τὸ Ὁμηρικὸν ἐκεῖνο ἐπιφθέγγεσθαι,
<quote rend="blockquote">
<l/>
<l> οὐ νέμεσις Τρῶας καὶ ἐϋκνήμιδας Ἀχαιοὺς </l>
</quote>  πολλὰ πονεῖν καὶ ὑπομένειν ὑπὲρ τῆς τοσαύτης
. εὐδαιμονίας. Φιλοτησίαι τὸ ἐπὶ τούτῳ, καὶ σκύφον εὐμεγέθη
<pb id="v.3.p.440"/> τινὰ αἰτήσας προὔπιέν σοι τῷ διδασκάλῳ, ἢ ὁτιδήποτε προσειπών· σὺ δὲ λαβών, ὅτι μὲν τί σε καὶ αὐτὸν ὑπειπεῖν ἔδει ἠγνόησας ὑπʼ ἀπειρίας,
</p>
</div1>
<div1 type="section" n="17">
<p> καὶ ἀγροικίας δόξαν ὦφλες. ἐπίφθονος δʼ οὖν ἀπὸ τῆς προπόσεως ἐκείνης πολλοῖς τῶν παλαιῶν φίλων γεγένησαι, καὶ πρότερον ἐπὶ τῇ κατακλίσει
λυπήσας τινὰς αὐτῶν, ὅτι τήμερον ἥκων
προὐκρίθης ἀνδρῶν πολυετῆ δουλείαν ἠντληκότων.
εὐθὺς οὖν καὶ τοιοῦτός τις ἐν αὐτοῖς περὶ σοῦ
. λόγος· <q direct="unspecified"> τοῦτο ἡμῖν πρὸς τοῖς ἄλλοις δεινοῖς ἐλείπετο, καὶ τῶν ἄρτι εἰσεληλυθότων εἰς τὴν οἰκίαν δευτέρους εἶναι, καὶ μόνοις τοῖς Ἕλλησι τούτοις ἀνέῳκται ἡ Ῥωμαίων πόλις· καίτοι τί ἐστιν ἐφʼ ὅτῳ προτιμῶνται ἡμῶν; οὐ ῥημάτια δύστηνα λέγοντες οἴονταί τι παμμέγεθες ὠφελεῖν;</q>  ἄλλος δέ, <q direct="unspecified">οὐ γὰρ εἶδες ὅσα μὲν ἔπιεν, ὅπως δὲ
τὰ παρατεθέντα συλλαβὼν κατέφαγεν; ἀπειρόκαλος ἄνθρωπος καὶ λιμοῦ πλέως, οὐδʼ ὄναρ λευκοῦ ποτε ἄρτου ἐμφορηθείς, οὔτι γε Νομαδικοῦ ἢ Φασιανοῦ ὄρνιθος, ὧν μόλις τὰ ὀστᾶ
ἡμῖν καταλέλοιπεν.</q>  τρίτος ἄλλος, <q direct="unspecified">ὦ μάταιοι,</q>  φησίν, <q direct="unspecified"> πέντε οὐδʼ ὅλων ἡμερῶν ὄψεσθε
αὐτὸν ἐνταῦθά που ἐν ἡμῖν τὰ ὅμοια ποτνιώμενον νῦν μὲν γὰρ ὥσπερ τὰ καινὰ τῶν ὑποδημάτων ἐν τιμῇ τινι καὶ ἐπιμελείᾳ ἐστίν, ἐπειδὰν δὲ πατηθῇ πολλάκις καὶ ὑπὸ τοῦ πηλοῦ ἀναπλασθῇ, ὑπὸ
τῇ κλίνῃ ἀθλίως ἐρρίψεται κόρεων ὥσπερ ἡμεῖς ἀνάπλεως.</q>  Ἐκεῖνοι μὲν οὖν τοιαῦτα πολλὰ περὶ σοῦ
<pb id="v.3.p.442"/> στρέφουσι, καί που ἤδη καὶ πρὸς διαβολάς τινες
</p>
</div1>
<div1 type="section" n="18">
<p> αὐτῶν παρασκευάζονται. τὸ δʼ οὖν συμπόσιον ὅλον ἐκεῖνο σόν ἐστιν καὶ περὶ σοῦ οἱ πλεῖστοι τῶν λόγων. σὺ δʼ ὑπʼ ἀηθείας πλέον τοῦ ἱκανοῦ ἐμπιὼν οἴνου λεπτοῦ καὶ δριμέος, πάλαι τῆς γαστρὸς ἐπειγούσης, πονηρῶς ἔχεις, καὶ οὔτε
προεξαναστῆναί σοι καλὸν οὔτε μένειν ἀσφαλές. ἀποτεινομένου τοίνυν τοῦ πότου καὶ λόγων ἐπὶ
λόγοις γιγνομένων καὶ· θεαμάτων ἐπὶ θεάμασι παριόντων — ἅπαντα γὰρ ἐπιδείξασθαί σοι τὰ αὑτοῦ βούλεται — κόλασιν οὐ μικρὰν ὑπομένεις μήτε ὁρῶν τὰ γιγνόμενα μήτε ἀκούων εἴ τις ᾄδει
ἢ κιθαρίζει πάνυ τιμώμενος μειρακίσκος, ἀλλʼ ἐπαινεῖς μὲν ὑπʼ ἀνάγκης, εὔχῃ δὲ ἢ σεισμῷ συμπεσεῖν ἐκεῖνα πάντα ἢ πυρκαϊάν τινα προσαγγελθῆναι, ἵνα ποτὲ καὶ διαλυθῇ τὸ συμπόσιον.
</p>
</div1>
<div1 type="section" n="19">
<p> τοῦτο μὲν δή σοι τὸ πρῶτον, ὦ ἑταῖρε, καὶ
ἥδιστον ἐκεῖνο δεῖπνον, οὐκ ἔμοιγε τοῦ θύμου καὶ τῶν λευκῶν ἁλῶν ἥδιον ὁπηνίκα βούλομαι καὶ
ὁπόσον ἐλευθέρως ἐσθιομένων. ἵνα γοῦν σοι τὴν ὀξυρεγμίαν τὴν ἐπὶ τούτοις παρῶ καὶ τὸν ἐν τῇ νυκτὶ ἔμετον, ἕωθεν δεήσει περὶ τοῦ μισθοῦ συμβῆναι ὑμᾶς, ὁπόσον τε καὶ ὁπότε τοῦ ἔτους χρὴ λαμβάνειν. παρόντων οὖν
ἢ δύο ἢ τριῶν φίλων προσκαλέσας σε καὶ καθίζεσθαι κελεύσας ἄρχεται λέγειν· <q direct="unspecified">τὰ μὲν ἡμέτερα ὁποῖά ἐστιν ἑώρακας ἤδη, καὶ ὡς τῦφος ἐν
αὐτοῖς οὐδὲ εἷς, ἀτραγῴδητα δὲ καὶ πεζὰ πάντα καὶ δημοτικά, χρὴ δέ σε οὕτως ἔχειν ὡς ἁπάντων
<pb id="v.3.p.444"/> ἡμῖν κοινῶν ἐσομένων· γελοῖον γὰρ εἰ τὸ κυριώτατον, τὴν ψυχήν σοι τὴν ἐμαυτοῦ ἢ καὶ νὴ Δία τῶν παίδων.</q> — εἰ παῖδες εἶεν αὐτῷ παιδεύσεως δεόμενοι — <q direct="unspecified"> ἐπιτρέπων τῶν ἄλλων μὴ ἐπʼ ἴσης ἡγοίμην δεσπότην. ἐπεὶ δὲ καὶ ὡρίσθαι τι δεῖ, — ὁρῶ μὲν τὸ μέτριον καὶ αὔταρκες τοῦ σοῦ
τρόπου καὶ συνίημι ὡς οὐχὶ μισθοῦ ἐλπίδι
προσελήλυθας ἡμῶν τῇ οἰκίᾳ, τῶν δὲ ἄλλων ἕνεκα,
τῆς εὐνοίας τῆς παρʼ ἡμῶν καὶ τιμῆς, ἣν παρὰ πᾶσιν ἕξεις· ὅμως δʼ οὖν καὶ ὡρίσθω τι, — σὺ δʼ
αὐτὸς ὅ τι καὶ βούλει λέγε, μεμνημένος, ὦ φίλτατε, κἀκείνων ἅπερ ἐν ἑορταῖς διετησίοις εἰκὸς ἡμᾶς παρέξειν οὐ γὰρ ἀμελήσομεν οὐδὲ τῶν τοιούτων, εἰ καὶ μὴ νῦν αὐτὰ συντιθέμεθα· πολλαὶ δέ, οἶσθα, τοῦ ἔτους αἱ τοιαῦται ἀφορμαί.
καὶ πρὸς ἐκεῖνα τοίνυν ἀποβλέπων μετριώτερον δῆλον ὅτι ἐπιβαλεῖς ἡμῖν τὸν μισθόν. ἄλλως τε καὶ πρέπον ἂν εἴη τοῖς πεπαιδευμένοις ὑμῖν κρείττοσιν εἶναι χρημάτων.</q>
</p>
</div1>
<div1 type="section" n="20">
<p> ὁ μὲν ταῦτα εἰπὼν καὶ ὅλον σε διασείσας ταῖς ἐλπίσι τιθασὸν ἑαυτῷ πεποίηκε, σὺ δὲ πάλαι τάλαντα καὶ μυριάδας ὀνειροπολήσας καὶ ἀγροὺς ὅλους καὶ συνοικίας συνίης μὲν ἠρέμα τῆς
μικρολογίας, σαίνεις δὲ ὅμως τὴν ὑπόσχεσιν καὶ τό,
ʼ <q direct="unspecified"> πάντα ἡμῖν κοινὰ ἔσται,</q>  βέβαιον καὶ ἀληθὲς ἔσεσθαι νομίζεις, οὐκ εἰδὼς ὅτι τὰ τοιαῦτα
<quote rend="blockquote">
<l/>
<l> χείλεα μὲν τʼ ἐδίηνʼ, ὑπερῴην δʼ οὐκ ἐδίηνε.</l>
</quote>  τελευταῖον δʼ ὑπʼ αἰδοῦς αὐτῷ ἐπέτρεψας. ὁ δὲ
<pb id="v.3.p.446"/>
αὐτὸς μὲν οὔ φησιν ἐρεῖν, τῶν φίλων δέ τινα τῶν
παρόντων κελεύει μέσον ἐλθόντα τοῦ πράγματος εἰπεῖν ὃ μήτʼ αὐτῷ γίγνοιτʼ ἂν βαρὺ καὶ πρὸς ἄλλα τούτων ἀναγκαιότερα δαπανῶντι μήτε τῷ ληψομένῳ εὐτελές. ὁ δὲ ὠμογέρων τις ἐκ παίδων κολακείᾳ σύντροφος, <q direct="unspecified">ὡς μὲν οὐκ εὐδαιμονέστατος  εἶ</q>,  φησίν, <q direct="unspecified"> τῶν ἐν τῇ πόλει ἁπάντων, ὦ οὗτος, οὐκ ἂν εἴποις, ᾧ γε τοῦτο πρῶτον ὑπῆρχεν
ὃ πολλοῖς πάνυ γλιχομένοις μόλις ἂν γένοιτο παρὰ τῆς Τύχης· λέγω δὲ ὁμιλίας ἀξιωθῆναι καὶ ἑστίας κοινωνῆσαι καὶ εἰς τὴν πρώτην οἰκίαν τῶν
ἐν τῇ Ῥωμαίων ἀρχῇ καταδεχθῆναι· τοῦτο γὰρ ὑπὲρ τὰ Κροίσου τάλαντα καὶ τὸν Μίδου πλοῦτον, εἰ σωφρονεῖν οἶσθα. ἰδὼν ˘ δὲ πολλοὺς τῶν
εὐδοκίμων ἐθελήσαντας ἄν, εἰ καὶ προσδιδόναι δέοι, μόνης τῆς δόξης ἕνεκα συνεῖναι τούτῳ καὶ ὁρᾶσθαι περὶ αὐτὸν ἑταίρους καὶ φίλους εἶναι
δοκοῦντας, οὐκ ἔχω ὅπως σε τῆς εὐποτμίας μακαρίσω, ὃς καὶ προσλήψῃ μισθὸν τῆς τοιαύτης
εὐδαιμονίας. ἀρκεῖν οὖν νομίζω, εἰ μὴ πάνυ ἄσωτος εἶ, τοσόνδε τι· —</q>  εἰπὼν ἐλάχιστον καὶ μάλιστα
</p>
</div1>
<div1 type="section" n="21">
<p> πρὸς τὰς σὰς ἐκείνας ἐλπίδας. ἀγαπᾶν δʼ ὅμως ἀναγκαῖον οὐ γὰρ οὐδʼ ἂν φυγεῖν ἔτι σοι δυνατὸν ἐντὸς ἀρκύων γενομένῳ. δέχῃ τοίνυν τὸν χαλινὸν μύσας καὶ τὰ πρῶτα εὐάγωγος εἶ πρὸς αὐτὸν οὐ πάνυ περισπῶντα οὐδὲ ὀξέως νύττοντα, μέχρι ἂν λάθῃς τέλεον αὐτῷ συνήθης γενόμενος. οἱ μὲν δὴ ἔξω ἄνθρωποι τὸ μετὰ τοῦτο
ζηλοῦσί σε ὁρῶντες ἐντὸς τῆς κιγκλίδος
διατρίβοντα καὶ ἀκωλύτως εἰσιόντα καὶ τῶν πάνυ
<pb id="v.3.p.448"/> τινὰ ἔνδον γεγενημένον σὺ δὲ αὐτὸς οὐδέπω ὁρᾷς οὗτινος ἕνεκα εὐδαίμων αὐτοῖς εἶναι δοκεῖς. πλὴν ἀλλὰ χαίρεις γε καὶ σεαυτὸν ἐξαπατᾷς καὶ ἀεὶ
τὰ μέλλοντα βελτίω γενήσεσθαι νομίζεις. τὸ δʼ ἔμπαλιν ἢ σὺ ἤλπισας γίγνεται καὶ ὡς ἡ παροιμία φησίν, ἐπὶ Μανδροβούλου χωρεῖ τὸ πρᾶγμα, καθʼ ἑκάστην, ὡς εἰπεῖν, τὴν ἡμέραν ἀποσμικρυνόμενον
</p>
</div1>
<div1 type="section" n="22">
<p> καὶ εἰς τοὐπίσω ἀναποδίζον. ἠρέμα οὖν καὶ κατʼ ὀλίγον, ὥσπερ ἐν ἀμυδρῷ τῷ φωτὶ τότε πρῶτον διαβλέπων, ἄρχῃ κατανοεῖν ὡς αἱ μὲν χρυσαῖ ἐκεῖναι ἐλπίδες οὐδὲν ἀλλʼ ἢ φῦσαί τινες
ἦσαν ἐπίχρυσοι, βαρεῖς δὲ καὶ ἀληθεῖς καὶ ἀπαραίτητοι καὶ συνεχεῖς οἱ πόνοι. <q direct="unspecified">  τίνες οὗτοι;</q>  ἴσως ἐρήσῃ με· <q direct="unspecified">οὑχ ὁρῶ γὰρ ὅ τι τὸ ἐπίπονον
ἐν ταῖς τοιαύταις συνουσίαις ἐστὶν οὐδʼ ἐπινοῶ
ἅτινα ἔφησθα τὰ καματηρὰ καὶ ἀφόρητα.</q> οὐκοῦν ἄκουσον, ὦ γενναῖε, μὴ εἰ κάματος ἔνεστιν ἐν τῷ πράγματι μόνον ἐξετάζων, ἀλλὰ καὶ τὸ αἰσχρὸν
καὶ ταπεινὸν καὶ συνόλως δουλοπρεπὲς οὐκ ἐν παρέργῳ τῆς ἀκροάσεως τιθέμενος.
</p>
</div1>
<div1 type="section" n="23">
<p> καὶ πρῶτόν γε μέμνησο μηκέτι ἐλεύθερον τὸ ἀπʼ ἐκείνου μηδὲ εὐπατρίδην σεαυτὸν οἴεσθαι πάντα γὰρ ταῦτα, τό γένος, τὴν ἐλευθερίαν, τοὺς προγόνους ἔξω τοῦ ὀδοῦ καταλείψων ἴσθι ἐπειδὰν ἐπὶ τοιαύτην σαυτὸν ʼ λατρείαν ἀπεμπολήσας εἰσίῃς· οὐ γὰρ ἐθελήσει σοι ἡ Ἐλευθερία
συνεισελθεῖν ἐφʼ οὕτως ἀγεννῆ πράγματα καὶ ταπεινὰ εἰσιόντι. δοῦλος οὖν, εἰ καὶ πάνυ ἀχθέσῃ τῷ ὀνόματι, καὶ οὐχ ἑνός, ἀλλὰ πολλῶν δοῦλος
<pb id="v.3.p.450"/> ἀναγκαίως ἔσῃ καὶ θητεύσεις κάτω νενευκὼς ἕωθεν εἰς ἑσπέραν <q direct="unspecified"> ἀεικελίῳ ἐπὶ μισθῷ.</q>  καὶ ἅτε δὴ μὴ ἐκ παίδων τῇ Δουλείᾳ συντραφείς, ὀψιμαθήσας δὲ καὶ πόρρω που τῆς ἡλικίας παιδευόμενος πρὸς
αὐτῆς οὐ πάνυ εὐδόκιμος ἔσῃ οὐδὲ πολλοῦ ἄξιος
τῷ δεσπότῃ· διαφθείρει γάρ σε ἡ μνήμη τῆς ἐλευθερίας ὑπιοῦσα καὶ ἀποσκιρτᾶν ἐνίοτε ποιεῖ καὶ
διʼ αὐτὸ ἐν τῇ δουλείᾳ πονηρῶς ἀπαλλάττειν. πλὴν εἰ μὴ ἀποχρῆν σοι πρὸς ἐλευθερίαν νομίζεις τὸ μὴ Πυρρίου μηδὲ Ζωπυρίωνος υἱὸν εἶναι, μηδὲ ὥσπερ τις Βιθυνὸς ὑπὸ μεγαλοφώνῳ τῷ κήρυκι ἀπημπολῆσθαι. ἀλλʼ ὁπόταν, ὦ βέλτιστε, τῆς νουμηνίας ἐπιστάσης ἀναμιχθεὶς τῷ Πυρρίᾳ καὶ τῷ Ζωπυρίωνι προτείνῃς τὴν χεῖρα ὁμοίως τοῖς ἄλλοις οἰκέταις καὶ λάβῃς ἐκεῖνο ὁτιδήποτε
ἦν τὸ γιγνόμενον, τοῦτο ἡ πρᾶσίς ἐστι. κήρυκος γὰρ οὐκ ἔδει ἐπʼ ἄνδρα ἑαυτὸν ἀποκηρύξαντα καὶ
μακρῷ χρόνῳ μνηστευσάμενον ἑαυτῷ τὸν δεσπότην.
</p>
</div1>
<div1 type="section" n="24">
<p> εἶτʼ, ὦ κάθαρμα, φαίην ἄν, καὶ μάλιστα πρὸς τὸν φιλοσοφεῖν φάσκοντα, εἰ μέν σέ τις ἢ πλέοντα καταποντιστὴς συλλαβὼν ἢ λῃστὴς ἀπεδίδοτο,
ᾤκτειρες ἂν σεαυτὸν ὡς παρὰ τὴν ἀξίαν
δυστυχοῦντα, ἢ εἴ τίς  σου λαβόμενος ἦγε δοῦλον εἶναι λέγων, ἐβόας ἂν τοὺς νόμους καὶ δεινὰ ἐποίεις καὶ ἠγανάκτεις καί, <q direct="unspecified">˘ ˘γῆ καὶ θεοί,</q>  μεγάλῃ τῇ φωνῇ ἐκεκράγεις ἄν, σεαυτὸν δὲ ὀλίγων ἕνεκα ὀβολῶν
ἐν τούτῳ τῆς ἡλικίας, ὅτε καὶ εἰ φύσει δοῦλος
ἦσθα, καιρὸς ἦν πρὸς ἐλευθερίαν ἤδη ὁρᾶν, αὐτῇ
<pb id="v.3.p.452"/> ἀρετῇ καὶ σοφίᾳ φέρων ἀπημπόληκας, οὐδὲ τοὺς
. πολλοὺς ἐκείνους λόγους αἰδεσθεὶς οὓς ὁ καλὸς Πλάτων ἢ ὁ Χρύσιππος ἢ Ἀριστοτέλης διεξεληλύθασι τὸ μὲν ἐλευθέριον ἐπαινοῦντες, τὸ
δουλοπρεπὲς δὲ διαβάλλοντες; καὶ οὐκ αἰσχύνῃ κόλαξιν ἀνθρώποις καὶ ἀγοραίοις καὶ βωμολόχοις ἀντεξεταζόμενος καὶ ἐν τοσούτῳ πλήθει Ῥωμαϊκῷ  μόνος ξενίζων τῷ τρίβωνι καὶ πονηρῶς τὴν Ῥωμαίων φωνὴν βαρβαρίζων, εἶτα δειπνῶν δεῖπνα
θορυβώδη καὶ πολυάνθρωπα συγκλύδων τινῶν καὶ τῶν πλείστων μοχθηρῶν; καὶ ἐν αὐτοῖς ἐπαινεῖς φορτικῶς καὶ πίνεις πέρα τοῦ μετρίως ἔχοντος. ἕωθέν τε ὑπὸ κώδωνι ἐξαναστὰς ἀποσεισάμενος τοῦ ὕπνου τὸ ἥδιστον συμπεριθεῖς ἄνω καὶ κάτω ἔτι τὸν χθιζὸν ἔχων πηλὸν ἐπὶ τοῖν σκελοῖν. οὕτως ἀπορία μέν σε θέρμων ἔσχεν ἢ τῶν ἀγρίων λαχάνων, ἐπέλιπον δὲ καὶ αἱ κρῆναι
ῥέουσαι τοῦ ψυχροῦ ὕδατος, ὡς ἐπὶ ταῦτά σε ὑπʼ ἀμηχανίας ἐλθεῖν; ἀλλὰ δῆλον ὡς οὐχ ὕδατος
οὐδὲ θέρμων, ἀλλὰ πεμμάτων καὶ ὄψου καὶ οἴνου
ἀνθοσμίου ἐπιθυμῶν ἑάλως, καθάπερ ὁ λάβραξ
αὐτὸν μάλα δικαίως τὸν ὀρεγόμενον τούτων λαιμὸν
διαπαρείς. παρὰ πόδας τοιγαροῦν τῆς λιχνείας ταύτης τἀπίχειρα, καὶ ὥσπερ οἱ πίθηκοι δεθεὶς
κλοιῷ τὸν τράχηλον ἄλλοις μὲν γέλωτα παρέχεις,
σεαυτῷ δὲ δοκεῖς τρυφᾶν, ὅτι ἔστι σοι τῶν ἰσχάδων ἀφθόνως ἐντραγεῖν. ἡ δὲ ἐλευθερία καὶ τὸ
εὐγενὲς αὐτοῖς φυλέταις καὶ φράτερσι φροῦδα πάντα καὶ οὐδὲ μνήμη τις αὐτῶν.
</p>
</div1>
<div1 type="section" n="25">
<p> καὶ ἀγαπητὸν εἰ μόνον τὸ αἰσχρὸν προσῆν τῷ
<pb id="v.3.p.454"/> πράγματι, δοῦλον ἀντʼ ἐλευθέρου δοκεῖν, οἱ δὲ πόνοι μὴ κατὰ τοὺς πάνυ τούτους οἰκέτας. ἀλλʼ
ὅρα εἰ μετριώτερά σοι προστέτακται τῶν Δρόμωνι καὶ Τιβείῳ προστεταγμένων. ὧν μὲν γὰρ ἕνεκα, τῶν μαθημάτων ἐπιθυμεῖν φήσας, παρείληφέ σε, ὀλίγον αὐτῷ μέλει. <q direct="unspecified">τί  γὰρ κοινόν,</q>  φασί, <q direct="unspecified">λύρᾳ καὶ ὄνῳ;</q>  πάνυ γοῦν, — οὐχ ὁρᾷς; — ἐκτετήκασι τῷ  πόθῳ τῆς Ὁμήρου σοφίας ἢ τῆς Δημοσθένους δεινότητος ἢ τῆς Πλάτωνος μεγαλοφροσύνης, ὧν ἤν τις ἐκ τῆς ψυχῆς ἀφέλῃ τὸ χρυσίον καὶ τὸ ἀργύριον καὶ τὰς περὶ τούτων
φροντίδας, τὸ καταλειπόμενόν ἐστι τῦφος καὶ
μαλακία καὶ ἡδυπάθεια καὶ ἀσέλγεια, καὶ ὕβρις
καὶ ἀπαιδευσία. δεῖται δή σου ἐπʼ ἐκεῖνα μὲν
οὐδαμῶς, ἐπεὶ δὲ πώγωνα ἔχεις βαθὺν καὶ σεμνός τις εἶ τὴν πρόσοψιν καὶ ἱμάτιον Ἑλληνικὸν
εὐσταλῶς περιβέβλησαι καὶ πάντες ἴσασί σε γραμματικὸν ἢ ῥήτορα ἢ φιλόσοφον, καλὸν αὐτῷ δοκεῖ ἀναμεμῖχθαι καὶ τοιοῦτόν τινα τοῖς προϊοῦσι
καὶ προπομπεύουσιν αὐτοῦ· δόξει γὰρ ἐκ τούτου καὶ φιλομαθὴς τῶν Ἑλληνικῶν μαθημάτων καὶ ὅλως περὶ παιδείαν φιλόκαλος. ὥστε κινδυνεύεις,
ὦ γενναῖε, ἀντὶ τῶν θαυμαστῶν λόγων τὸν πώγωνα καὶ τὸν τρίβωνα μεμισθωκέναι.
χρὴ οὖν σε ἀεὶ σὺν αὐτῷ ὁρᾶσθαι καὶ μηδέποτε
ἀπολείπεσθαι, ἀλλὰ ἕωθεν ἐξαναστάντα, παρέχειν
σεαυτὸν ὀφθησόμενον ἐν τῇ θεραπείᾳ καὶ μὴ
λιπεῖν τὴν τάξιν. ὁ δὲ ἐπιβάλλων ἐνίοτέ σοι τὴν χεῖρα, ὅ τι ἂν τύχῃ ληρεῖ, τοῖς ἐντυγχάνουσιν
<pb id="v.3.p.456"/> ἐπιδεικνύμενος ὡς οὐδὲ ὁδῷ βαδίζων ἀμελής ἐστι τῶν Μουσῶν, ἀλλʼ εἰς καλὸν τὴν ἐν τῷ περιπάτῳ
</p>
</div1>
<div1 type="section" n="26">
<p> διατίθεται σχολήν. σὺ δʼ ἄθλιος τὰ μὲν
παραδραμών, τὰ δὲ βάδην ἄναντα πολλὰ καὶ κάταντα — τοιαύτη γάρ, ὡς οἶσθα, ἡ πόλις — περιελθὼν
ἵδρωκάς τε καὶ πνευστιᾷς, κἀκείνου ἔνδον τινὶ τῶν φίλων πρὸς ὃν ἦλθεν διαλεγομένου, μηδὲ ὅπου καθίζῃς ἔχων ὀρθὸς ὑπʼ ἀπορίας ἀναγιγνώσκεις
τὸ βιβλίον προχειρισάμενος. ἐπειδὰν δὲ ἄσιτόν τε καὶ ἄποτον ἡ
νὺξ καταλάβῃ, λουσάμενος πονηρῶς ἀωρὶ περὶ αὐτό που σχεδὸν τὸ μεσονύκτιον ἥκεις ἐπὶ τὸ δεῖπνον, οὐκέθʼ ὁμοίως ἔντιμος οὐδὲ περίβλεπτος τοῖς παροῦσιν, ἀλλʼ ἤν τις ἄλλος ἐπεισέλθῃ νεαλέστερος, εἰς
τοὐπίσω σύ καὶ οὕτως εἰς τὴν ἀτιμοτάτην γωνίαν ἐξωσθεὶς κατάκεισαι μάρτυς μόνον τῶν παραφερομένων, τὰ ὀστᾶ, εἰ ἐφίκοιτο μέχρι σοῦ, καθάπερ
οἱ κύνες περιεσθίων ἢ τὸ σκληρὸν τῆς μαλάχης φύλλον ᾧ τὰ ἄλλα συνειλοῦσιν, εἰ ὑπεροφθείη ὑπὸ τῶν προκατακειμένων, ἄσμενος ὑπὸ λιμοῦ παροψώμενος.˘
Οὐ μὴν οὐδὲ ἡ ἄλλη ὕβρις ἄπεστιν, ἀλλʼ οὔτε ᾠὸν ἔχεις μόνος — οὐ γὰρ ἀναγκαῖόν ἐστιν καὶ σὲ τῶν αὐτῶν ἀεὶ τοῖς ξένοις καὶ ἀγνώστοις ἀντιποιεῖσθαι· ἀγνωμοσύνη γὰρ δὴ ˘ τοῦτό γε — οὔτε
ἡ ὄρνις ὁμοία ταῖς ἄλλαις, ἀλλὰ τῷ μὲν πλησίον παχεῖα καὶ πιμελής, σοὶ δὲ νεοττὸς ἡμίτομος ἢ φάττα τις ὑπόσκληρος, ὕβρις ἄντικρυς καὶ ἀτιμία. πολλάκις δʼ εἰ ἐπιλίποι ἄλλου τινὸς αἰφνιδίως
<pb id="v.3.p.458"/> ἐπιπαρόντος, ἀράμενος ὁ διάκονος τὰ σοὶ παρακείμενα φέρων ἐκείνῳ παρατέθεικεν ὑποτονθορύσας, <q direct="unspecified"> σὺ γὰρ ἡμέτερος	εἶ.</q> τεμνομένου
μὲν  γὰρ ἐν.
τῷ μέσῳ ἢ συὸς ὑπογαστρίου ἢ ἐλάφου, χ;χρὴ ἐκ παντὸς ἢ τὸν διανέμοντα ἵλεων ἔχειν ἢ τὴν Προμηθέως μερίδα φέρεσθαι, ὀστᾶ κεκαλυμμένα τῇ πιμελῇ. τὸ γὰρ τῷ μὲν ὑπὲρ σὲ τὴν λοπάδα
παρεστάναι ἔστʼ ἂν ἀπαγορεύσῃ<!--note n="v.3.p.458.n.1" place="unspecified" anchored="yes" /-->˘ ˘ἐμφορούμενος, σὲ
δὲ οὕτω ταχέως παραδραμεῖν, τίνι φορητὸν ἐλευθέρῳ ἀνδρὶ κἂν ὁπόσην αἱ ἔλαφοι τὴν χολὴν ἔχοντι; καίτοι οὐδέπω ἐκεῖνο ἔφην ὅτι τῶν ἄλλων
ἥδιστόν τε καὶ παλαιότατον οἶνον πινόντων μόνος
σὺ πονηρόν τινα καὶ παχὺν πίνεις, θεραπεύων ἀεὶ
ἐν ἀργύρῳ ἢ χρυσῷ πίνειν, ὡς μὴ ἐλεγχθείης ἀπὸ τοῦ χρώματος οὕτως ἄτιμος ὢν συμπότης. καὶ εἴθε γε κἂν ἐκείνου εἰς κόρον ἦν πιεῖν, νῦν δὲ πολλάκις αἰτήσαντος ὁ παῖς <q direct="unspecified">οὐδʼ ἀΐοντι ἔοικεν.</q>
</p>
</div1>
<div1 type="section" n="27">
<p> ἀνιᾷ δή σε πολλὰ καὶ ἀθρόα καὶ σχεδὸν τὰ πάντα, καὶ μάλιστα ὅταν σε παρευδοκιμῇ κίναιδός τις ἢ ὀρχηστοδιδάσκαλος ἢ Ἰωνικὰ συνείρων Ἀλεξανδρεωτικὸς ἀνθρωπίσκος τοῖς μὲν γὰρ τὰ
ἐρωτικὰ ταῦτα διακονουμένοις καὶ γραμματίδια ὑπὸ κόλπου διακομίζουσιν πόθεν σύ γʼ ἰσότιμος; κατακείμενος τοιγαροῦν ἐν μυχῷ τοῦ συμποσίου καὶ ὑπʼ αἰδοῦς καταδεδυκὼς στένεις ὡς τὸ εἰκὸς
καὶ σεαυτὸν οἰκτείρεις καὶ αἰτιᾷ τὴν Τύχην οὐδὲ ὀλίγα σοι τῶν χαρίτων ἐπιψεκάσασαν. ἡδέως δʼ
ἄν μοι δοκεῖς καὶ ποιητὴς γενέσθαι τῶν ἐρωτικῶν
<pb id="v.3.p.460"/>
ᾀσμάτων ἢ κἂν ἄλλου ποιήσαντος δύνασθαι ᾄδειν ἀξίως· ˘ ὁρᾷς γὰρ οἷ τὸ προτιμᾶσθαι καὶ
εὐδοκιμεῖν ἐστιν. ὑποσταίης δὲ ἄν, εἰ καὶ μάγον ἢ μάντιν ὑποκρίνασθαι δέοι τῶν κλήρους
πολυταλάντους καὶ ἀρχὰς καὶ ἀθρόους τοὺς πλούτους ὑπισχνουμένων καὶ γὰρ αὖ καὶ τούτους ὁρᾷς εὖ φερομένους ἐν ταῖς φιλίαις καὶ πολλῶν ἀξιουμένους. κἂν ἕν τι οὖν τούτων ἡδέως ἂν γένοιο, ὡς
μὴ ἀπόβλητος καὶ περιττὸς εἴης· ἀλλʼ οὐδὲ πρὸς ταῦτα ὁ κακοδαίμων πιθανὸς εἶ. τοιγαροῦν ἀνάγκη μειοῦσθαι καὶ σιωπῇ ἀνέχεσθαι ὑποιμώζοντα καὶ ἀμελούμενον.
</p>
</div1>
<div1 type="section" n="28">
<p> ἢν μὲν γὰρ κατείπῃ σοῦ τις ψιθυρὸς οἰκέτης,
ὡς μόνος οὐκ ἐπῄνεις τὸν τῆς δεσποίνης παιδίσκον
ὀρχούμενον ἢ κιθαρίζοντα, κίνδυνος οὐ μικρὸς ἐκ τοῦ πράγματος. χρὴ οὖν χερσαίου βατράχου δίκην διψῶντα κεκραγέναι, ὡς ἐπίσημος ἔσῃ ἐν τοῖς ἐπαινοῦσι καὶ κορυφαῖος ἐπιμελούμενον πολλάκις δὲ καὶ τῶν ἄλλων σιωπησάντων αὐτὸν ἐπειπεῖν ἐσκεμμένον τινὰ ἔπαινον πολλὴν τὴν κολακείαν ἐμφανιοῦντα.
τὸ μὲν γὰρ λιμῷ συνόντα καὶ νὴ Δία γε διψῶντα μύρῳ χρίεσθαι καὶ στεφανοῦσθαι τὴν κεφαλήν,
ἠρέμα καὶ γελοῖον ἔοικας γὰρ τότε στήλῃ ἑώλου τινὸς νεκροῦ ἄγοντος ἐναγίσματα· καὶ γὰρ ἐκείνων καταχέαντες μύρον καὶ τὸν στέφανον ἐπιθέντες αὐτοὶ πίνουσι καὶ εὐωχοῦνται τὰ παρεσκευασμένα.
</p>
</div1>
<div1 type="section" n="29">
<p> ἢν μὲν γὰρ καὶ ζηλότυπός τις ᾖ καὶ παῖδες
εὔμορφοι ὦσιν ἢ νέα γυνὴ καὶ σὺ μὴ παντελῶς πόρρω Ἀφροδίτης καὶ Χαρίτων ᾖς, οὐκ ἐν εἰρήνῃ
<pb id="v.3.p.462"/>
τὸ πρᾶγμα οὐδὲ ὁ κίνδυνος εὐκαταφρόνητος. ὦτα γὰρ καὶ ὀφθαλμοὶ βασιλέως πολλοί, οὐ μόνον τἀληθῆ ὁρῶντες, ἀλλʼ ἀεί τι καὶ
προσεπιμετροῦντες, ὡς μὴ νυστάζειν δοκοῖεν. δεῖ οὖν ὥσπερ
ἐν τοῖς Περσικοῖς δείπνοις κάτω νεύοντα κατακεῖσθαι, δεδιότα μή τις εὐνοῦχός σε ἴδῃ προσβλέψαντα μιᾷ, τῶν παλλακίδων, ἐπεὶ ἄλλος γε
εὐνοῦχος ἐντεταμένον πάλαι τὸ τόξον ἔχων ἃ
μὴ θέμις ὁρῶντα ἕτοιμος κολάσαι διαπείρας τῷ οἰστῷ μεταξὺ πίνοντος τὴν γνάθον.
</p>
</div1>
<div1 type="section" n="30">
<p> εἶτα ἀπελθὼν τοῦ δείπνου μικρόν τι κατέδαρθες· ὑπὸ δὲ ᾠδὴν ἀλεκτρυόνων ἀνεγρόμενος, <q direct="unspecified">ὢ δείλαιος ἐγώ,</q> φής, <q direct="unspecified"> καὶ ἄθλιος, οἵας τὰς πάλαι διατριβὰς ἀπολιπὼν καὶ ἑταίρους καὶ βίον ἀπράγμονα καὶ ὕπνον μετρούμενον τῇ ἐπιθυμίᾳ καὶ περιπάτους ἐλευθερίους εἰς οἷον βάραθρον
φέρων ἐμαυτὸν ἐνσέσεικα. τίνος ἕνεκα, ὦ θεοί, ἢ
τίς  ὁ λαμπρὸς οὗτος μισθός ἐστιν; οὐ γὰρ καὶ ἄλλως μοι πλείω τούτων ἐκπορίζειν δυνατὸν ἦν
καὶ προσῆν τὸ ἐλεύθερον καὶ τὸ πάντα ἐπʼ ἐξουσίας; νῦν δὲ τὸ τοῦ λόγου, λέων κρόκῃ δεθείς,
ἄνω καὶ κάτω περισύρομαι, τὸ πάντων οἴκτιστον,
οὐκ εὐδοκιμεῖν εἰδὼς οὐδὲ κεχαρισμένος εἶναι δυνάμενος. ἰδιώτης γὰρ ἔγωγε τῶν τοιούτων καὶ ἄτεχνος, καὶ μάλιστα παραβαλλόμενος ἀνδράσι τέχνην τὸ πρᾶγμα πεποιημένοις, ὥστε ˘ καὶ
ἀχάριστός εἰμι καὶ ἥκιστα συμποτικός, οὐδʼ ὅσον γέλωτα ποιῆσαι δυνάμενος. συνίημι δὲ ὡς καὶ ἐνοχλῶ πολλάκις βλεπόμενος, καὶ μάλισθʼ ὅταν
<pb id="v.3.p.464"/> ἡδίων αὐτὸς αὑτοῦ εἶναι θέλῃ· σκυθρωπὸς γὰρ
αὐτῷ δοκῶ. καὶ ὅλως οὐκ ἔχω ὅπως ἁρμόσωμαι πρὸς αὐτόν. ἢν μὲν γὰρ ἐπὶ τοῦ σεμνοῦ φυλάττω ἐμαυτόν, ἀηδὴς ἔδοξα καὶ μονονουχὶ φευκτέος· ἢν
δὲ μειδιάσω καὶ ῥυθμίσω τὸ πρόσωπον εἰς τὸ
ἥδιστον, κατεφρόνησεν εὐθὺς καὶ διέπτυσεν, καὶ
τὸ πρᾶγμα ὅμοιον δοκεῖ ὥσπερ ἂν εἴ τις κωμῳδίαν ὑποκρίναιτο τραγικὸν προσωπεῖον περικείμενος.
τὸ δʼ ὅλον, τίνα ἄλλον ὁ μάταιος ἐμαυτῷ βιώσομαι βίον τὸν παρόντα τοῦτον ἄλλῳ βεβιωκώς;</q>
</p>
</div1>
<div1 type="section" n="31">
<p> ἔτι σου ταῦτα διαλογιζομένου ὁ κώδων ἤχησεν, καὶ χρὴ τῶν ὁμοίων ἔχεσθαι καὶ περινοστεῖν καὶ ἑστάναι, ὑπαλείψαντά γε πρότερον τοὺς βουβῶνας καὶ τὰς ἰγνύας, εἰ θέλεις διαρκέσαι πρὸς τὸν
ἆθλον. εἶτα δεῖπνον ὅμοιον καὶ εἰς τὴν αὐτὴν ὥραν
περιηγμένον. καί σοι τὰ τῆς διαίτης πρὸς τὸν πάλαι βίον ἀντίστροφα, καὶ ἡ ἀγρυπνία δὲ καὶ
ὁ ἱδρὼς καὶ ὁ κάματος ἠρέμα ἤδη ὑπορύττουσιν,
ἢ φθόην ἢ περιπνευμονίαν ἢ κώλου ἄλγημα ἢ τὴν καλὴν ποδάγραν ἀναπλάττοντες. ἀντέχεις δὲ ὅμως, καὶ πολλάκις κατακεῖσθαι δέον, οὐδὲ τοῦτο συγκεχώρηται· σκῆψις γὰρ ἡ νόσος καὶ φυγὴ τῶν καθηκόντων ἔδοξεν. ὥστʼ ἐξ ἁπάντων ὠχρὸς ἀεὶ καὶ ὅσον οὐδέπω τεθνηξομένῳ ἔοικας.
</p>
</div1>
<div1 type="section" n="32">
<p> καὶ τὰ μὲν ἐν τῇ πόλει ταῦτα. ἢν δέ που καὶ ἀποδημῆσαι δέῃ, τὰ μὲν ἄλλα ἐῶ· ὕοντος δὲ πολλάκις ὕστατος ἐλθὼν — τοιοῦτο γάρ σοι
ἀποκεκλήρωται καὶ τὸ ζεῦγος — περιμένεις ἔστʼ ἂν
οὐκέτʼ οὔσης καταγωγῆς τῷ μαγείρῳ σε ἢ τῷ τῆς δεσποίνης κομμωτῇ συμπαραβύσωσιν, οὐδὲ τῶν φρυγάνων δαψιλῶς ὑποβαλόντες.
<pb id="v.3.p.466"/>
</p>
</div1>
<div1 type="section" n="33">
<p> οὐκ ὀκνῶ δέ σοι καὶ διηγήσασθαι ὅ μοι Θεσμόπολις οὗτος ὁ Στωϊκὸς διηγήσατο  συμβὰν αὐτῷ πάνυ γελοῖον καὶ νὴ Δίʼ οὐκ ἀνέλπιστον ὡς ἂν
καὶ ἄλλῳ ταὐτὸν συμβαίη. συνῆν μὲν γὰρ πλουσίᾳ τινὶ καὶ τρυφώσῃ γυναικὶ τῶν ἐπιφανῶν
ἐν τῇ πόλει. δεῆσαν δὲ καὶ ἀποδημῆσαί ποτε, τὸ μὲν πρῶτον ἐκεῖνο παθεῖν ἔφη γελοιότατον,
συγκαθέζεσθαι γὰρ αὐτῷ παραδεδόσθαι φιλοσόφῳ ὄντι κίναιδόν τινα τῶν πεπιττωμένων τὰ σκέλη καὶ τὸν πώγωνα περιεξυρημένων διὰ τιμῆς δʼ αὐτὸν ἐκείνη, ὡς τὸ εἰκός, ἦγεν. καὶ
τοὔνομα δὲ τοῦ κιναίδου ἀπεμνημόνευεν Χελιδόνιον γὰρ καλεῖσθαι. τοῦτο τοίνυν πρῶτον ἡλίκον, σκυθρωπῷ καὶ γέροντι ἀνδρὶ καὶ πολιῷ
τὸ γένειον — οἶσθα δὲ ὡς βαθὺν πώγωνα καὶ σεμνὸν ὁ Θεσμόπολις εἶχεν — παρακαθίζεσθαι φῦκος ἐντετριμμένον καὶ ὑπογεγραμμένον τοὺς ὀφθαλμοὺς καὶ  διασεσαλευμένον τὸ βλέμμα καὶ τὸν τράχηλον ἐπικεκλασμένον, οὐ χελιδόνα μὰ
Δίʼ, ἀλλὰ γῦπά τινα περιτετιλμένον τὰ πτερά·̆ καὶ εἴ γε μὴ πολλὰ δεηθῆναι αὐτοῦ, καὶ τὸν
κεκρύφαλον ἔχοντα ἐπὶ τῇ κεφαλῇ ἂν συγκαθίζεσθαι.
τὰ δʼ οὖν ἄλλα παρʼ ὅλην τὴν ὁδὸν μυρίας τὰς ἀηδίας ἀνασχέσθαι ὑπᾴδοντος καὶ τερετίζοντος,
εἰ δὲ μὴ ἐπεῖχεν αὐτός, ἴσως ἂν καὶ ὀρχουμένου ἐπὶ τῆς ἀπήνης.
</p>
</div1>
<div1 type="section" n="34">
<p> ἕτερον δʼ οὖν τι καὶ τοιοῦτον αὐτῷ
προσταχθῆναι. καλέσασα γὰρ αὐτὸν ἡ γυνή, <q direct="unspecified"> Θεσμόπολι,</q>  φησίν, <q direct="unspecified">οὕτως ὄναιο, χάριν οὐ μικρὰν
<pb id="v.3.p.468"/>
αἰτούσῃ δὸς μηδὲν ἀντειπὼν μηδὲ ὅπως ἐπὶ πλεῖόν σου δεήσομαι περιμείνας.</q>  τοῦ δέ, ὅπερ εἰκὸς
ἦν, ὑποσχομένου πάντα πράξειν, <q direct="unspecified">δέομαί σου τοῦτο,</q>  ἔφη, <q direct="unspecified"> χρηστὸν ὁρῶσά σε καὶ ἐπιμελῆ καὶ φιλόστοργον, τὴν κύνα ἣν οἶσθα τὴν Μυρρίνην ἀναλαβὼν εἰς τὸ ὄχημα φύλαττέ μοι καὶ ἐπιμελοῦ ὅπως μηδενὸς ἐνδεὴς ἔσται· βαρύνεται γὰρ ἡ ἀθλία τὴν γαστέρα καὶ σχεδὸν ὡς ἐπίτεξ
ἐστὶν οἱ δὲ κατάρατοι οὗτοι καὶ ἀπειθεῖς οἰκέται
οὐχ; ὅπως ἐκείνης, ἀλλʼ οὐδʼ ἐμοῦ αὐτῆς πολὺν
ποιοῦνται λόγον ἐν ταῖς ὁδοῖς. μὴ τοίνυν τι σμικρὸν οἰηθῇς εὖ ποιήσειν με τὸ περισπούδαστόν μοι καὶ ἥδιστον κυνίδιον διαφυλάξας.</q>  ὑπέσχετο
ὁ Θεσμόπολις πολλὰ ἱκετευούσης καὶ μονονουχὶ
καὶ δακρυούσης. τὸ δὲ πρᾶγμα παγγέλοιον ἦν, κυνίδιον ἐκ τοῦ ἱματίου προκῦπτον μικρὸν ὑπὸ τὸν
πώγωνα. καὶ κατουρῆσαν πολλάκις, εἰ καὶ μὴ ταῦτα ὁ Θεσμόπολις προσετίθει, καὶ βαΰζον
λεπτῇ τῇ φωνῇ — τοιαῦτα γάρ τὰ Μελιταῖα — καὶ
τὸ γένειον τοῦ φιλοσόφου περιλιχμώμενον, καὶ μάλιστα εἴ τι τοῦ χθιζοῦ αὐτῷ ζωμοῦ
ἐγκατεμέμικτο. καὶ ὅ γε κίναιδος, ὁ σύνεδρος, οὐκ ἀμούσως ποτὲ καὶ εἰς τοὺς ἄλλους τοὺς παρόντας
ἐν τῷ συμποσίῳ ἀποσκώπτων, ἐπειδή ποτε καὶ ἐπὶ τὸν Θεσμόπολιν καθῆκε τὸ σκῶμμα, <q direct="unspecified">περὶ
δὲ Θεσμοπόλιδος,</q>  ἔφη, <q direct="unspecified"> τοῦτο μόνον εἰπεῖν ἔχω, ὅτι ἀντὶ Στωϊκοῦ ἤδη Κυνικὸς ἡμῖν γεγένηται.</q> τὸ δʼ οὖν κυνίδιον καὶ τετοκέναι ἐν τῷ τρίβωνι τῷ τοῦ Θεσμοπόλιδος ἐπυθόμην.
</p>
</div1>
<div1 type="section" n="35">
<p> τοιαῦτα ἐντρυφῶσι, μᾶλλον δὲ ἐνυβρίζουσι τοῖς συνοῦσι, κατὰ μικρὸν αὐτοὺς χειροήθεις τῇ
ὕβρει παρασκευάζοντες. οἶδα δʼ ἐγὼ καὶ ῥήτορα
<pb id="v.3.p.470"/> τῶν καρχάρων ἐπὶ τῷ δείπνῳ κελευσθέντα μελετήσαντα μὰ τὸν Δίʼ οὐκ ἀπαιδεύτως, ἀλλὰ πάνυ τορῶς καὶ συγκεκροτημένως· ἐπῃνεῖτο γοῦν μεταξὺ πινόντων οὐ πρὸς ὕδωρ μεμετρημένον, ἀλλὰ πρὸς οἴνου ἀμφορέας λέγων, καὶ τοῦτο ὑποστῆναι
τὸ τόλμημα ἐπὶ διακοσίαις δραχμαῖς ἐλέγετο. ταῦτα μὲν οὖν ἴσως μέτρια. ἢν δὲ ποιητικὸς
αὐτὸς ἢ συγγραφικὸς ὁ πλούσιος ᾖ, παρὰ τὸ δεῖπνον τὰ αὑτοῦ ῥαψῳδῶν, τότε καὶ μάλιστα διαρραγῆναι χρὴ ἐπαινοῦντα καὶ κολακεύοντα
καὶ τρόπους ἐπαίνων καινοτέρους ἐπινοοῦντα. εἰσὶ δʼ οἳ καὶ ἐπὶ κάλλει θαυμάζεσθαι ἐθέλουσιν, καὶ δεῖ Ἀδώνιδας αὐτοὺς καὶ Ὑακίνθους ἀκούειν, πήχεως ἐνίοτε τὴν ῥῖνα ἔχοντας. σὺ δʼ οὖν ἂν μὴ ἐπαινῇς, εἰς τὰς λιθοτομίας τὰς Διονυσίου εὐθὺς ἀφίξῃ ὡς καὶ φθονῶν καὶ ἐπιβουλεύων αὐτῷ. χρὴ δὲ καὶ σοφοὺς καὶ ῥήτορας εἶναι αὐτούς, κἂν
εἴ τι σολοικίσαντες τύχωσιν, αὐτὸ τοῦτο τῆς Ἀττικῆς καὶ τοῦ Ὑμηττοῦ μεστοὺς δοκεῖν τοὺς λόγους καὶ νόμον εἶναι τὸ λοιπὸν οὕτω λέγειν.
</p>
</div1>
<div1 type="section" n="36">
<p> καίτοι φορητὰ ἴσως τὰ τῶν ἀνδρῶν. αἱ δὲ
οὖν γυναῖκες — καὶ γὰρ αὖ καὶ τόδε ὑπὸ τῶν γυναικῶν σπουδάζεται, τὸ εἶναί τινας αὐταῖς πεπαιδευμένους μισθοῦ ὑποτελεῖς ˘ συνόντας καὶ
<pb id="v.3.p.472"/>
τῷ φορείῳ ἑπομένους· ἓν γάρ τι καὶ τοῦτο τῶν ἄλλων καλλωπισμάτων αὐταῖς δοκεῖ, ἢν λέγηται
ὡς πεπαιδευμέναι τὲ εἰσιν καὶ φιλόσοφοι καὶ ποιοῦσιν ᾄσματα οὐ πολὺ τῆς Σαπφοῦς ἀποδέοντα — διὰ δὴ ταῦτα μισθωτοὺς καὶ αὗται περιάγονται ῥήτορας καὶ γραμματικοὺς καὶ
φιλοσόφους, ἀκροῶνται δʼ αὐτῶν — πηνίκα; γελοῖον γὰρ καὶ τοῦτο — ἤτοι μεταξὺ κομμούμεναι καὶ τὰς κόμας παραπλεκόμεναι ἢ παρὰ τὸ δεῖπνον ἄλλοτε γὰρ οὐκ ἄγουσι σχολήν. πολλάκις δὲ καὶ μεταξὺ τοῦ φιλοσόφου τι διεξιόντος ἡ ἅβρα προσελθοῦσα ὤρεξε παρὰ τοῦ μοιχοῦ γραμμάτιον,
οἱ δὲ περὶ σωφροσύνης ἐκεῖνοι λόγοι ἑστᾶσι
περιμένοντες, ἔστʼ ἂν ἐκείνη ἀντιγράψασα τῷ μοιχῷ ἐπαναδράμῃ πρὸς τὴν ἀκρόασιν.
</p>
</div1>
<div1 type="section" n="37">
<p> ἐπειδὰν δέ ποτε διὰ μακροῦ τοῦ χρόνου Κρονίων ἢ Παναθηναίων ἐπιστάντων πέμπηταὶ τί σοι ἐφεστρίδιον ἄθλιον ἢ χιτώνιον ὑπόσαθρον,
ἐνταῦθα μάλιστα πολλὴν δεῖ καὶ μεγάλην
γενέσθαι τὴν πομπήν. καὶ ὁ μὲν πρῶτος εὐθὺς ἔτι σκεπτομένου παρακούσας τοῦ δεσπότου προδραμὼν καὶ προμηνύσας ἀπέρχεται μισθὸν οὐκ ὀλίγον τῆς ἀγγελίας προλαβών. ἕωθεν δὲ τρισκαίδεκα ἥκουσιν κομίζοντες, ἕκαστος ὡς πολλὰ
εἶπε καὶ ὡς ὑπέμνησε καὶ ὡς ἐπιτραπεὶς τὸ κάλλιον ἐπελέξατο διεξιών. ἅπαντες δʼ οὖν
ἀπαλλάττονται λαβόντες, ἔτι καὶ βρενθυόμενοι ὅτι μὴ πλείω ἔδωκας.
</p>
</div1>
<div1 type="section" n="38">
<p> ὁ μὲν γὰρ μισθὸς αὐτὸς κατὰ δυʼ ὀβολοὺς ἢ τέτταρας, καὶ βαρὺς αἰτῶν σὺ καὶ ὀχληρὸς δοκεῖς. ἵνα δʼ οὖν λάβῃς, κολακευτέος μὲν αὐτὸς
<pb id="v.3.p.474"/> καὶ ἱκετευτέος, θεραπευτέος δὲ καὶ ὁ οἰκονόμος, οὗτος μὲν κατʼ ἄλλον θεραπείας τρόπον οὐκ ἀμελητέος δὲ οὐδὲ ὁ σύμβουλος καὶ φίλος. καὶ
τὸ ληφθὲν ἤδη προωφείλετο ἱματιοκαπήλῳ ἢ
ἰατρῷ ἢ σκυτοτόμῳ τινί. ἄδωρα ˘ οὖν σοι τὰ δῶρα καὶ ἀνόνητα.
</p>
</div1>
<div1 type="section" n="39">
<p> πολὺς δὲ ὁ φθόνος, καί που καὶ διαβολή τις ἠρέμα ὑπεξανίσταται πρὸς ἄνδρα ἤδη τοὺς κατὰ
σοῦ λόγους ἡδέως ἐνδεχόμενον ὁρᾷ γὰρ ἤδη σὲ μὲν ὑπὸ τῶν συνεχῶν πόνων ἐκτετρυχωμένον καὶ πρὸς τὴν θεραπείαν σκάζοντα καὶ ἀπηυδηκότα, τὴν· ποδάγραν δὲ ὑπανιοῦσαν. ὅλως γὰρ ὅπερ ἦν νοστιμώτατον ἐν σοὶ ἀπανθισάμενος καὶ τὸ
ἐγκαρπότατον τῆς ἡλικίας καὶ τὸ ἀκμαιότατον τοῦ σώματος ἐπιτρίψας καὶ ῥάκος σε πολυσχιδὲς ἐργασάμενος ἤδη περιβλέπει, σὲ μὲν οἷ τῆς
κόπρου ἀπορρίψει φέρων, ἄλλον δὲ ὅπως τῶν δυναμένων τοὺς πόνους καρτερεῖν προσλήψεται. καὶ ἤτοι μειράκιον αὐτοῦ ὅτι ἐπείρασάς ποτε ἢ τῆς γυναικὸς ἅβραν παρθένον γέρων ἀνὴρ διαφθείρεις ἢ ἄλλο τι τοιοῦτον ἐπικληθείς, νύκτωρ ἐγκεκαλυμμένος ἐπὶ τράχηλον ὠσθεὶς ἐξελήλυθας, ἔρημος ἁπάντων καὶ ἄπορος, τὴν βελτίστην ποδάγραν αὐτῷ γήρᾳ παραλαβών, καὶ ἃ μὲν τέως
ᾔδεις ἀπομαθὼν ἐν τοσούτῳ χρόνῳ, θυλάκου δὲ
μείζω τὴν γαστέρα ἐργασάμενος, ἀπλήρωτόν τι
καὶ ἀπαραίτητον κακόν. καὶ γὰρ ὁ λαιμὸς ἀπαιτεῖ τὰ ἐκ τοῦ ἔθους καὶ ἀπομανθάνων αὐτὰ ἀγανακτεῖ.
<pb id="v.3.p.476"/>
</p>
</div1>
<div1 type="section" n="40">
<p> καί σε οὐκ ἄν τις ἄλλος δέξαιτο ἔξωρον ἤδη γεγονότα καὶ τοῖς γεγηρακόσιν ἵπποις ἐοικότα,
ὧν οὐδὲ τὸ δέρμα ὁμοίως χρήσιμον. ἄλλως
τε καὶ ἡ ἐκ τοῦ ἀπωσθῆναι διαβολὴ πρὸς
τὸ μεῖζον εἰκαζομένη μοιχὸν ἢ φαρμακέα σε ἤ τι τοιοῦτον ἄλλο δοκεῖν ποιεῖ· ὁ μὲν γὰρ κατήγορος καὶ σιωπῶν ἀξιόπιστος, σὺ δὲ Ἕλλην καὶ ῥᾴδιος τὸν τρόπον καὶ πρὸς πᾶσαν ἀδικίαν εὔκολος. τοιούτους γὰρ ἅπαντας ἡμᾶς εἶναι οἴονται, καὶ μάλα εἰκότως· δοκῶ γάρ μοι καὶ τῆς τοιαύτης δόξης αὐτῶν, ἣν ἔχουσι περὶ ἡμῶν,
κατανενοηκέναι τὴν αἰτίαν, πολλοὶ γὰρ εἰς τὰς οἰκίας παρελθόντες ὑπὲρ τοῦ μηδὲν ἄλλο χρήσιμον εἰδέναι μαντείας ˘ καὶ φαρμακείας ὑπέσχοντο καὶ χάριτας ἐπὶ τοῖς ἐρωτικοῖς καὶ ἐπαγωγὰς τοῖς ἐχθροῖς, καὶ ταῦτα πεπαιδεῦσθαι λέγοντες καὶ τρίβωνας ἀμπεχόμενοι καὶ πώγωνας οὐκ
εὐκαταφρονήτους καθειμένοι. εἰκότως οὖν τὴν ὁμοίαν περὶ πάντων ὑπόνοιαν ἔχουσιν, οὓς;ἀρίστους 
ᾤοντο τοιούτους ὁρῶντες, καὶ μάλιστα ἐπιτηροῦντες ἀντῶν τὴν ἐν τοῖς δείπνοις καὶ τῇ ἄλλῃ
συνουσίᾳ κολακείαν καὶ τὴν πρὸς τὸ κέρδος
δουλοπρέπειαν.
</p>
</div1>
<div1 type="section" n="41">
<p> ἀποσεισάμενοι δὲ αὐτοὺς μισοῦσι, καὶ μάλα εἰκότως, καὶ ἐξ ἅπαντος ζητοῦσιν ὅπως ἄρδην ἀπολέσωσιν, ἢν δύνωνται· λογίζονται γὰρ ὡς ἐξαγορεύσουσιν αὐτῶν τὰ πολλὰ ἐκεῖνα τῆς φύσεως ἀπόρρητα ὡς ἅπαντα εἰδότες ἀκριβῶς καὶ
γυμνοὺς αὐτοὺς ἐπωπτευκότες. τοῦτο τοίνυν ἀποπνίγει αὐτούς· ἅπαντες γὰρ ἀκριβῶς ὅμοιοὶ
<pb id="v.3.p.478"/> εἰσιν τοῖς καλλίστοις τούτοις βιβλίοις, ὧν χρυσοῖ μὲν οἱ ὀμφαλοί, πορφυρᾶ δὲ ἔκτοσθεν ἡ
διφθέρα, τὰ δὲ ἔνδον ἢ Θυέστης ἐστὶν τῶν τέκνων ἑστιώμενος ἢ Οἰδίπους τῇ μητρὶ συνὼν ἢ Τηρεὺς δύο ἀδελφὰς ἅμα ὀπυίων. τοιοῦτοι καὶ
αὐτοί εἰσι, λαμπροὶ καὶ περίβλεπτοι, ἔνδον δὲ ὑπὸ τῇ πορφύρᾳ πολλὴν τὴν τραγῳδίαν σκέποντες· ἕκαστον γοῦν αὐτῶν ἢν ἐξειλήσῃς, δρᾶμα
οὐ μικρὸν εὑρήσεις Εὐριπίδου τινὸς ἢ Σοφοκλέους,
τὰ δʼ ἔξω πορφύρα εὐανθὴς καὶ χρυσοῦς ὁ ὀμφαλός. ταῦτα οὖν συνεπιστάμενοι αὑτοῖς,
μισοῦσι καὶ ἐπιβουλεύουσιν εἴ τις ἀποστὰς ἀκριβῶς κατανενοηκὼς αὐτοὺς ἐκτραγῳδήσει καὶ
πρὸς πολλοὺς ἐρεῖ.
</p>
</div1>
<div1 type="section" n="42">
<p> βούλομαι δʼ ὅμως ἔγωγε ὥσπερ ὁ Κέβης ἐκεῖνος εἰκόνα τινὰ τοῦ τοιούτου βίου σοι γράψαι, ὅπως εἰς ταύτην ἀποβλέπων εἰδῇς εἴ σοι παριτητέον ἐστὶν εἰς αὐτήν. ἡδέως μὲν οὖν Ἀπελλοῦ τινος ἢ Παρρασίου ἢ Ἀετίωνος ἢ καὶ Εὐφράνορος
ἂν ἐδεήθην ἐπὶ τὴν γραφήν ἐπεὶ δὲ ἄπορον νῦν εὑρεῖν τινα οὕτως γενναῖον καὶ ἀκριβῆ τὴν τέχνην, ψιλὴν ὡς οἷὸν τέ σοι ἐπιδείξω τὴν εἰκόνα. καὶ δὴ γεγράφθω προπύλαια μὲν ὑψηλὰ καὶ ἐπίχρυσα καὶ μὴ κάτω ἐπὶ τοῦ ἐδάφους, ἀλλʼ ἄνω τῆς γῆς ἐπὶ λόφου κείμενα, καὶ ἡ ἄνοδος ἐπὶ πολὺ καὶ ἀνάντης καὶ ὄλισθον ἔχουσα, ὡς πολλάκις ἤδη πρὸς τῷ ἄκρῳ ἔσεσθαι ἐλπίσαντας ἐκτραχηλισθῆναι διαμαρτόντος τοῦ ποδός. ἔνδον δὲ ὁ Πλοῦτος αὐτὸς καθήσθω χρυσοῦς ὅλος, ὡς δοκεῖ, πάνυ εὔμορφος καὶ ἐπέραστος. ὁ δὲ ἐραστὴς μόλις ἀνελθὼν καὶ πλησιάσας τῇ θύρᾳ τεθηπέτω ἀφορῶν εἰς τὸ χρυσίον. παραλαβοῦσα δʼ αὐτὸν
<pb id="v.3.p.480"/>
ἡ Ἐλπίς, εὐπρόσωπος καὶ αὕτη καὶ ποικίλα ἀμπεχομένη, εἰσαγέτω σφόδρα ἐκπεπληγμένον
τῇ εἰσόδῳ. τοὐντεῦθεν δὲ ἡ μὲν Ἐλπὶς ἀεὶ
προηγείσθω, διαδεξάμεναι δʼ αὐτὸν ἄλλαι γυναῖκες, Ἀπάτη καὶ Δουλεία, παραδότωσαν τῷ Πόνῳ, ὁ
δὲ πολλὰ τὸν ἄθλιον καταγυμνάσας τελευτῶν ἐγχειρισάτω αὐτὸν τῷ Γήρᾳ ἤδη ὑπονοσοῦντα καὶ τετραμμένον τὴν χρόαν. ὑστάτη δὲ ἡ Ὕβρις ἐπιλαβομένη συρέτω πρὸς τὴν Ἀπόγνωσιν. ἡ δὲ Ἐλπὶς τὸ ἀπὸ τούτου ἀφανὴς ἀποπτέσθω, καὶ μηκέτι καθʼ οὓς εἰσῆλθε τοὺς χρυσοῦς θυρῶνας,
ἔκ τινος δὲ ἀποστρόφου καὶ λεληθυίας ἐξόδου ἐξωθείσθω γυμνὸς προγάστωρ ὠχρὸς γέρων, τῇ ἑτέρᾳ μὲν τὴν αἰδῶ σκέπων, τῇ δεξιᾷ δὲ αὐτὸς ἑαυτὸν ἄγχων. ἀπαντάτω δʼ ἐξιόντι ἡ Μετάνοια
δακρύουσα εἰς οὐδὲν ὄφελος καὶ τὸν ἄθλιον ἐπαπολλύουσα. τοῦτο μὲν ἔστω τὸ τέλος τῆς γραφῆς. σὺ δʼ
οὖν, ὦ ἄριστε Τιμόκλεις, αὐτὸς ἤδη ἀκριβῶς ἐπισκοπῶν ἕκαστα ἐννόησον, εἴ σοι καλῶς ἔχει
παρελθόντα εἰς τὴν εἰκόνα κατὰ ταύτας τὰς θύρας ἐκείνης τῆς ἔμπαλιν αἰσχρῶς οὕτως
ἐκπεσεῖν. ὅ τι δʼ ἂν πράττῃς, μέμνησο τοῦ
σοφοῦ λέγοντος ὡς θεὸς ἀναίτιος, αἰτία δὲ ἑλομένου.</p>
</div1>
</body>
</text>
</TEI.2>
