<?xml version="1.0" encoding="UTF-8"?><TEI.2>
<teiHeader>
<fileDesc>
<titleStmt>
<title>Soleocista</title>
<author>Lucian</author>
<editor role="editor">Karl Jacobitz</editor>
<funder n="org:Google">Google Digital Humanities Awards Program</funder>
</titleStmt>
<publicationStmt>
<publisher>Trustees of Tufts University</publisher>
<pubPlace>Medford, MA</pubPlace>
<authority>Perseus Project</authority>
</publicationStmt>
<sourceDesc>
<biblStruct>
<monogr>
<title>Luciani Samosatensis Opera, Vol III</title>
<author>Lucian</author>
<editor role="editor">Karl Jacobitz</editor>
<imprint>
<publisher>in aedibus B. G. Teubneri</publisher>
<pubPlace>Leipzig</pubPlace>
<date>1896</date>
</imprint>
</monogr>
</biblStruct>
<p>Keyboarding</p>
</sourceDesc>
</fileDesc>
<encodingDesc>
<refsDecl doctype="TEI.2">
<state unit="section"/>
</refsDecl>
</encodingDesc>
<profileDesc>
<langUsage>
<language id="greek">Greek</language>
</langUsage>
</profileDesc>
</teiHeader>
<text>
<body>
<pb id="p.402"/>
<pb id="reitz.v.2.p.552"/>
<head>ψευδοσοφιστὴς ἢ σολοικιστής.</head>
<div1 type="section" n="1">
<sp>
<speaker>Λυκῖνος</speaker>
<p> 
                Ἆρά γε ὁ γνῶναι τὸν σολοικίζοντα
δεινὸς οὗτος καὶ φυλάξασθαι μὴ σολοικίσαι δυνατός;
</p>
</sp>
<sp>
<speaker>σολοικιστής</speaker>
<p>
                Ἐμοὶ μὲν δοκεῖ.
<pb id="reitz.v.2.p.553"/>
</p>
</sp>
<sp>
<speaker>Λυκῖνος</speaker>
<p>
                Ὁ δέ γε μὴ φυλάξασθαι οὐδὲ γνῶναι τὸν οὕτως ἔχοντα;
</p>
</sp>
<sp>
<speaker>σολοικιστής</speaker>
<p>
                Ἀληθῆ λὲγεις.
</p>
</sp>
<sp>
<speaker>Λυκῖνος</speaker>
<p>
                Σὺ δὲ αὐτὸς φὴς οὐ σολοικίζειν, ἢ πῶς λέγωμεν περὶ σοῦ;
</p>
</sp>
<sp>
<speaker>σολοικιστής</speaker>
<p>
                Ἀπαίδευτος γὰρ ἂν εἴην, εἰ σολοικίζοιμι τηλικοῦτος ὤν.
</p>
</sp>
<sp>
<speaker>Λυκῖνος</speaker>
<p>
                Οὐκοῦν καὶ ἕτερον φωρᾶσαι δυνήσῃ τοῦτο
δρῶντα καὶ ἐλέγξαι τὸν ἀρνούμενον;
</p>
</sp>
<sp>
<speaker>σολοικιστής</speaker>
<p>
                Παντάπασί γε.
<pb id="p.403"/>
</p>
</sp>
<sp>
<speaker>Λυκῖνος</speaker>
<p>
                Ἴθι νῦν ἐμοῦ λαβοῦ σολοικίζοντος, ἄρτι δὲ σολοικιῶ.
</p>
</sp>
<sp>
<speaker>σολοικιστής</speaker>
<p>
                Οὐκοῦν εἰπέ.
</p>
</sp>
<sp>
<speaker>Λυκῖνος</speaker>
<p>
                Ἀλλ̓ ἔγωγε ἤδη τὸ δεινὸν εἴργασμαι, σὺ δὲ
οὐκ ἐπέγνως.
</p>
</sp>
<sp>
<speaker>σολοικιστής</speaker>
<p>
                Παίζεις ἔχων;
</p>
</sp>
<sp>
<speaker>Λυκῖνος</speaker>
<p>
                Μὰ τοὺς θεούς· ἐπεὶ σολοικίσας ἔλαθόν σε
ὡς οὐκ ἐπιστάμενού. αὖθις δὲ σκόπει· οὐ γάρ σέ φημι <pb id="reitz.v.2.p.554"/>
               δύνασθαι κατανοῆσαι, ἐπεὶ ἃ μέν οἶσθ̓, ἃ δ̓ οὐκ οἶσθα.
</p>
</sp>
<sp>
<speaker>σολοικιστής</speaker>
<p>
                Εἰπὲ μόνον.
</p>
</sp>
<sp>
<speaker>Λυκῖνος</speaker>
<p>
                Ἀλλὰ καὶ νῦν σεσολοίκισταί μοι, σὺ δ̓ οὐκ ἔγνως.
</p>
</sp>
<sp>
<speaker>σολοικιστής</speaker>
<p>
                Πῶς γάρ, σοῦ μηδὲν λέγοντος;
</p>
</sp>
<sp>
<speaker>Λυκῖνος</speaker>
<p>
                Ἐγὼ μὲν λέγω καὶ σολοικίζω, σὺ δ̓ οὐχ ἕπῃ
τοῦτο δρῶντι· ἐπεὶ ὄφελον καὶ νῦν ἀκολουθῆσαι δυνήσῃ.
</p>
</sp>
</div1>
<div1 type="section" n="2">
<sp>
<speaker>σολοικιστής</speaker>
<p>
               
                Θαυμαστὰ λέγεις, εἰ μὴ δυνήσομαι καταμαθεῖν σολοικισμόν.
</p>
</sp>
<sp>
<speaker>Λυκῖνος</speaker>
<p>
                Καὶ πῶς ἂν δύναιο τὸν ἕνα μαθεῖν τοὺς τρεῖς ἀγνοήσας;
</p>
</sp>
<sp>
<speaker>σολοικιστής</speaker>
<p>
                Τίνας τρεῖς;
</p>
</sp>
<sp>
<speaker>Λυκῖνος</speaker>
<p>
                Ὅλους ἀρτιγενείους.
</p>
</sp>
<sp>
<speaker>σολοικιστής</speaker>
<p>
                Ἐγὼ μέν σε παίζειν δοκῶ.
</p>
</sp>
<sp>
<speaker>Λυκῖνος</speaker>
<p>
                Ἐγὼ δέ σε ἀγνοεῖν τὸν ἁμαρτάνοντα ἐν τοῖς <pb id="reitz.v.2.p.555"/>
               λόγοις.
</p>
</sp>
<sp>
<speaker>σολοικιστής</speaker>
<p>
                Καὶ πῶς ἄν τις μάθοι μηδενὸς εἰρημένου;
</p>
</sp>
<sp>
<speaker>Λυκῖνος</speaker>
<p>
                Λέλεκται καὶ σεσολοίκισται τετραπλῇ, σὺ δ̓
οὐκ ἔγνως. μέγα οὖν ἆθλον κατέπραξας ἄν, εἴπερ ἔγνως.
</p>
</sp>
<sp>
<speaker>σολοικιστής</speaker>
<p>
                Οὐ μέγα μέν, ἀναγκαῖον δὲ τῷ ὁμολογήσαντι.
</p>
</sp>
<sp>
<speaker>Λυκῖνος</speaker>
<p>
                Ἀλλ̓ οὐδὲ νῦν ἔγνως.
</p>
</sp>
<sp>
<speaker>σολοικιστής</speaker>
<p>
                Πότε νῦν;
</p>
</sp>
<sp>
<speaker>Λυκῖνος</speaker>
<p>
                Ὅτε τὸ ἆθλον ἔφην σε καταπρᾶξαι.
</p>
</sp>
<sp>
<speaker>σολοικιστής</speaker>
<p>
                Οὐκ οἶδα ὅ τι λέγεις.
26%2
<pb id="p.404"/>
</p>
</sp>
<sp>
<speaker>Λυκῖνος</speaker>
<p>
                Ὀρθῶς ἔφης· οὐ γὰρ οἶσθα. καὶ προϊθί γε ἐς
τὸ ἔμπροσθεν· οὐ γὰρ ἐθέλεις ἕπεσθαι, συνήσων ἄν,
εἴπερ ἐθελήσειας.
<pb id="reitz.v.2.p.556"/>
</p>
</sp>
</div1>
<div1 type="section" n="3">
<sp>
<speaker>σολοικιστής</speaker>
<p>
               
                Ἀλλ̓ ἐγὼ βούλομαι· σὺ δ̓ οὐδὲν εἶπας ὧν
ἄνθρωποι σολοικίζοντες λέγουσι.
</p>
</sp>
<sp>
<speaker>Λυκῖνος</speaker>
<p>
                Τὸ γὰρ νῦν ῥηθὲν μικρόν τί σοι φαίνεται
κακὸν εἶναι; ὅμως δὲ ἀκολούθησον αὖθις, ἐπεὶ οὐκ ἔμαθες ἐκδραμόντα.
</p>
</sp>
<sp>
<speaker>σολοικιστής</speaker>
<p>
                Μὰ τοὺς θεοὺς οὐκ ἔγωγε.
</p>
</sp>
<sp>
<speaker>Λυκῖνος</speaker>
<p>
                Ἀλλὰ μὴν μεθῆκα θεῖν λαγὼ ταχέως. ἆρα

               <pb id="reitz.v.2.p.557"/> παρῇξεν; ἀλλὰ καὶ νῦν ἔξεστιν ἰδεῖν τὸν λαγώ· εἰ δὲ
μή, πολλοὶ γενόμενοι λαγῲ λήσουσί σε ἐν σολοικισμῷ πεσόντες.
</p>
</sp>
<sp>
<speaker>σολοικιστής</speaker>
<p>
                Οὐ λήσουσι.
</p>
</sp>
<sp>
<speaker>Λυκῖνος</speaker>
<p>
                Καὶ μὴν ἔλαθόν γε.
</p>
</sp>
<sp>
<speaker>σολοικιστής</speaker>
<p>
                Θαυμαστὰ λέγεις.
<pb id="reitz.v.2.p.558"/>
</p>
</sp>
<sp>
<speaker>Λυκῖνος</speaker>
<p>
                Σὺ δὲ ὑπὸ τῆς ἄγαν παιδείας διέφθορας, ὥστε
μηδ̓ αὐτὸ τοῦτο σολοικίζοντας κατανοῆσαι· οὐ γὰρ πρός2εστιν αὐτῷ τὸ τίνα.
</p>
</sp>
</div1>
<div1 type="section" n="4">
<sp>
<speaker>σολοικιστής</speaker>
<p>
               
                Ταῦτα μὲν οὐκ οἶδα πῶς λέγεις· ἐγὼ δὲ
πολλοὺς ἤδη σολοικίζοντας κατενόησα.
</p>
</sp>
<sp>
<speaker>Λυκῖνος</speaker>
<p>
                Κἀμὲ τοίνυν εἴσῃ τότε, ὅταν τι τῶν παιδίων

               <pb id="reitz.v.2.p.559"/> γένῃ τῶν τὰς τίτθας θηλαζόντων. ἢ εἰ οὐ νῦν ἔγνως σολοικίζοντά
με, οὐδὲ αὐξάνοντα παιδία σολοικισμὸν ποιήσει
τῷ μηδὲν εἰδότι.
</p>
</sp>
<sp>
<speaker>σολοικιστής</speaker>
<p>
                Ἀληθῆ λέγεις.
</p>
</sp>
<sp>
<speaker>Λυκῖνος</speaker>
<p>
                Καὶ μὴν εἰ ταῦτα ἀγνοήσομεν, οὐδὲν γνωσόμεθα
τῶν ἑαυτῶν, ἐπεὶ καὶ τόδε σολοικισθὲν ἀπέφυγέ

               <pb id="reitz.v.2.p.560"/> σε. μὴ τοίνυν ἔτι λέγειν, ὡς ἱκανὸς εἶ κατιδεῖν τὸν σολοικίζοντα,
καὶ αὐτὸς μὴ σολοικίζειν.</p>
</sp>
</div1>
<div1 type="section" n="5">
<sp>
<p>κἀγὼ μὲν οὕτως.
Σωκράτης δὲ ὁ ἀπὸ Μόψου, ᾧ συνεγενόμην ἐν Αἰγύπτῳ,
τὰ τοιαῦτα ἔλεγεν ἀνεπαχθῶς καὶ οὐκ ἤλεγχε τὸν ἁμαρτάνοντα.
<pb id="p.405"/>
               πρὸς μέντοι γε τὸν ἐρωτήσαντα πηνίκα ἔξεισι; <pb id="reitz.v.2.p.561"/>
               Τίς γὰρ ἄν, ἔφη, ἀποκριθείη σοι περὶ τῆς τήμερον ὡς
ἐξιών; ἑτέρου δὲ φήσαντος, Ἱκανὰ ἔχω τὰ πατρῷα, Πῶς
φής; εἶπε· τέθνηκε γὰρ ὁ πατήρ σοι; ἄλλου δὲ αὖθις <pb id="reitz.v.2.p.562"/>
               λέγοντος, Πατριώτης ἔστι μοι· Ἐλάνθανες ἄρα ἡμᾶς,
ἔφη, βάρβαρος ὤν. ἄλλου δὲ εἰπόντος, Ὁ δεῖνά ἐστι μεθύσης,
Μητρός, εἶπεν, ἢ πῶς λέγεις; ἑτέρου δὲ ἐκλελογχότας, <pb id="reitz.v.2.p.563"/>
               Διπλασιάζεις, ἔφη, τοὺς ἐξειληχότας. εἰπόντος
δέ τινος, Λῆμμα πάρεστιν αὐτῷ, διὰ τῶν δύο μ,
Οὐκοῦν, ἔφη, λήψεται, εἰ λῆμμα αὐτῷ πάρεστιν. ἑτέρου <pb id="reitz.v.2.p.564"/>
               δὲ εἰπόντος, Πρόσεισιν ὁ μεῖραξ οὑμὸς φίλος, Ἔπειτα,
ἔφη, λοιδορεῖς φίλον ὄντα; πρὸς δὲ τὸν εἰπόντα, Δεδίττομαι
τὸν ἄνδρα καὶ φεύγω, Σύ, ἔφη, καὶ ὅταν τινὰ εὐλαβηθῇς,
διώξῃ. ἄλλου δὲ εἰπόντος, Τῶν φίλων ὁ κορυφαιότατος, <pb id="reitz.v.2.p.565"/>
               Χάριέν γε, ἔφη, τὸ τῆς κορυφῆς ποιεῖν τι
ἐπάνω. καὶ ἐξορμῶ δέ τινος εἰπόντος, Καὶ τίς ἐστιν, εἶπεν,
ὃν ἐξορμᾷς; ἐξ ἐπιπολῆς δέ τινος εἰπόντος, Ἐκ τῆς <pb id="reitz.v.2.p.566"/>
               ἐπιπολῆς εἶπεν, ὡς ἐκ τῆς πιθάκνης. λέγοντος δέ τινος
Συνετάξατό μοι, Καὶ λόχον δέ, ἔφη, Ξενοφῶν εἶπε συνετάξατο.
ἄλλου δὲ εἰπόντος, Περιέστην αὐτὸν ὥστε λαθεῖν,
Θαυμαστόν, ἔφη, εἰ εἷς ὤν περιέστης τὸν ἕνα. ἑτέρου
δὲ λέγοντος, Συνεκρίνετο αὐτῷ, Καὶ διεκρίνετο
πάντως, εἶπεν.</p>
</sp>
</div1>
<div1 type="section" n="6">
<sp>
<p>εἰώθει δὲ καὶ πρὸς τοὺς σολοικίζοντας <pb id="reitz.v.2.p.567"/>
               Ἀττικῶς παίζειν ἀνεπαχθῶς· πρὸς γοῦν τὸν εἰπόντα,
Νῶϊ τοῦτο δοκεῖ, Σύ, ἔφη, καὶ νῶϊν ἐρεῖς ὡς ἁμαρτάνομεν.
ἑτέρου δὲ σπουδῇ διηγουμένου τι τῶν ἐπιχωρίων
καὶ εἰπόντος, Ἡ δὲ τῷ Ἡρακλεῖ μιχθεῖσα, Οὐκ ἄρα, ἔφη,
ὁ Ἡρακλῆς ἐμίχθη αὐτῇ; καρῆναι δέ τινος εἰπόντος ὡς <pb id="reitz.v.2.p.568"/>
               δέοιτο, Τί γάρ, ἔφη, σοὶ δεινὸν εἴργασται καὶ ἄξιον ἀτιμίας;
καὶ ζυγομαχεῖν δέ τινος εἰπόντος, Πρὸς τὸν ἐχθρόν,
εἶπε, ζυγομαχεῖς; ἑτέρου δὲ εἰπόντος βασανίζεσθαι τὸν
παῖδα αὐτῷ νοσοῦντα, Ἐπὶ τῷ, ἔφη, ἢ τί βουλομένου <pb id="reitz.v.2.p.569"/>
<pb id="p.406"/>
               τοῦ βασανίζοντος; προκόπτει δέ τινος εἰπόντος ἐν τοῖς
μαθήμασιν, Ὁ δὲ Πλάτων, ἔφη, τοῦτο ἐπιδιδόναι καλεῖ.
ἐρομένου δέ τινος εἰ μελετήσει ὁ δεῖνα, Πῶς οὖν, ἔφη,

               <pb id="reitz.v.2.p.570"/> ἐμὲ ἐρωτῶν εἰ μελετήσομαι, λέγεις ὅτι ὁ δεῖνα;</p>
</sp>
</div1>
<div1 type="section" n="7">
<sp>
<p>ἀττικίζοντος
δέ τινος καὶ τεθνήξει εἰπόντος ἐπὶ τοῦ τρίτου,
Βέλτιον, ἔφη, καὶ ἐνταῦθα μὴ ἀττικίζειν καταρώμενον.
καὶ πρὸς τὸν εἰπόντα δὲ στοχάζομαι αὐτοῦ ἐπὶ τοῦ φείδομαι

               <pb id="reitz.v.2.p.571"/> αὐτοῦ, Μή τι, ἔφη, διήμαρτες βαλών; ἀφιστᾶν
δέ τινος εἰπόντος καὶ ἑτέρου ἀφιστάνειν, Ἄμφω μέν, ἔφη,
οὐκ οἶδα. πρὸς δὲ τὸν λέγοντα πλὴτ εἰ μή, Ταῦτα, ἔφη,
διπλᾶ χαρίζῃ. καὶ χρᾶσθαι δέ τινος εἰπόντος, Ψευδαττικόν,
κόν, ἔφη, τὸ ῥῆμα. τῷ δὲ λέγοντι ἔκτοτε, Καλόν, ἔφη,

               <pb id="reitz.v.2.p.572"/> τὸ εἰπεῖν ἐκπέρυσι, ὁ γὰρ Πλάτων ἐς τότε λέγει. τῷ δὲ
ἰδού ἐπὶ τοῦ ἰδέ χρωμένου τινός, Ἕτερα ἀνθ̓ ἑτέρων,
ἔφη, σημαίνεις. ἀντιλαμβάνομαι δὲ ἐπὶ τοῦ συνίημι λέγοντός
τινος, θαυμάζειν ἔφη πῶς ἀντιποιούμενος τοῦ

               <pb id="reitz.v.2.p.573"/> λέγοντος φὴς μὴ ἀντιποιεῖσθαι. βράδιον δέ τινος εἰπόντος,
Οὐκ ἔστιν, ἔφη, ὅμοιον τῷ τάχιον. βαρεῖν δέ τινος
εἰπόντος, Οὐκ ἔστιν, ἔφη, τὸ βαρύνειν, ὡς νενόμικας.
λέλογχα δὲ τὸ τὸ εἴληχα λέγοντος, Ὀλίγον, ἔφη, καὶ παῤ 

               <pb id="reitz.v.2.p.574"/> οἷς ἁμαρτάνεται. ἵπτασθαι δὲ ἐπὶ τοῦ πέτεσθαι πολλῶν
λεγόντων, Ὅτι μὲν ἀπὸ τῆς πτήσεως τὸ ὄνομα, σαφῶς
ἴσμεν. περιστερὸν δέ τινος εἰπόντος ὡς δὴ Ἀττικόν, Καὶ
τὸν φάττον ἐροῦμεν, ἔφη. φακὸν δέ τινος εἰπόντος ἐδηδοκέναι,
Καὶ πῶς ἄν, ἔφη, φακόν τις φάγοι; ταῦτα μὲν τὰ Σωκράτεια.</p>
</sp>
</div1>
<div1 type="section" n="8">
<sp>
<p>Ἐπανίωμεν δέ, εἰ δοκεῖ, ἐπὶ τὴν ἅμιλλαν τῶν
προτέρων λόγων. κἀγὼ μὲν καλῶ τοὺς βελτίστους εἶναι
ὅλους, σὺ δὲ γνώρισον· οἶμαι γάρ σε κἂν νῦν δυνήσεσθαι
τοσούτων γε ἐπακούσαντα τῶν ἑξῆς λεγομένων.
<pb id="reitz.v.2.p.575"/>
</p>
</sp>
<sp>
<speaker>σολοικιστής</speaker>
<p>
                Ἴσως μὲν οὐδὲ νῦν δυνήσομαί σου λέγοντος· ὅμως εἰπέ.
<pb id="p.407"/>
</p>
</sp>
<sp>
<speaker>Λυκῖνος</speaker>
<p>
                Καὶ πῶς φὴς οὐ δυνήσεσθαι; ἡ γὰρ θύρα
σχεδὸν ἀνέῳγέ σοι τῆς γνωρίσεως αὐτῶν.
</p>
</sp>
<sp>
<speaker>σολοικιστής</speaker>
<p>
                Εἰπὲ τοίνυν.
</p>
</sp>
<sp>
<speaker>Λυκῖνος</speaker>
<p>
                Ἀλλὰ εἶπον.
</p>
</sp>
<sp>
<speaker>σολοικιστής</speaker>
<p>
                Οὐδέν γε, ὥστε ἐμὲ μαθεῖν.
</p>
</sp>
<sp>
<speaker>Λυκῖνος</speaker>
<p>
                Οὐ γὰρ ἔμαθες τὸ ἀνέῳγεν;
</p>
</sp>
<sp>
<speaker>σολοικιστής</speaker>
<p>
                Οὐκ ἔμαθον.
</p>
</sp>
<sp>
<speaker>Λυκῖνος</speaker>
<p>
                Τί οὖν πεισόμεθα, εἰ μηδὲ νῦν ἀκολουθήσεις
τοῖς λεγομένοις; καίτοι πρός γε τὰ κατ̓ ἀρχὰς ῥηθέντα
ὑπὸ σοῦ ἐγὼ μὲν ᾤμην ἱππεῖς ἐς πεδίον καλεῖν. σὺ δὲ <pb id="reitz.v.2.p.576"/>
               τοὺς ἱππεῖς κατενόησας; ἀλλὰ ἔοικας οὐ φροντίζειν τῶν
λόγων, μάλιστα οὓς νῦν κατὰ σφᾶς αὐτοὺς διήλθομεν.
</p>
</sp>
<sp>
<speaker>σολοικιστής</speaker>
<p>
                Ἐγὼ μὲν φροντίζω, σὺ δὲ ἀδήλως αὐτοὺς διεξέρχῃ.
</p>
</sp>
</div1>
<div1 type="section" n="9">
<sp>
<speaker>Λυκῖνος</speaker>
<p>
               
                Πάνυ γοῦν ἄδηλόν ἐστι τὸ κατὰ σφᾶς αὐτοὺς
ἐφ̓ ἡμῶν λεγόμενον. ἀλλὰ τοῦτο μὲν δῆλον· σὲ δὲ
οὐδεὶς ἂν θεῶν ἀγνοοῦντα παύσειε πλήν γε ὁ Ἀπόλλων.
μαντεύεται γοῦν ἐκεῖνος πᾶσι τοῖς ἐρωτῶσι, σὺ δὲ οὐδὲ <pb id="reitz.v.2.p.577"/>
               τὸν μαντευόμενον κατενόησας.
</p>
</sp>
<sp>
<speaker>σολοικιστής</speaker>
<p>
                Μὰ τοὺς θεούς, οὐ γὰρ ἔμαθον.
</p>
</sp>
<sp>
<speaker>Λυκῖνος</speaker>
<p>
                Εἰ ἄρα καθ̓ εἷς λανθάνει σε περιιών;
</p>
</sp>
<sp>
<speaker>σολοικιστής</speaker>
<p>
                Ἐοίκασί γε.
</p>
</sp>
<sp>
<speaker>Λυκῖνος</speaker>
<p>
                Ὁ δὲ καθ̓ εἷς πῶς παρῆλθεν;
</p>
</sp>
<sp>
<speaker>σολοικιστής</speaker>
<p>
                Οὐδὲ τοῦτο ἔμαθον.
</p>
</sp>
<sp>
<speaker>Λυκῖνος</speaker>
<p>
                Οἶσθα δέ τινα μνηστευόμενον αὑτῷ γάμον;
</p>
</sp>
<sp>
<speaker>σολοικιστής</speaker>
<p>
                Τί οὖν τοῦτο; <pb id="reitz.v.2.p.578"/>
</p>
</sp>
<sp>
<speaker>Λυκῖνος</speaker>
<p>
                Ὅτι σολοικίζειν ἀνάγκη τὸν μνηστευόμενον αὑτῷ.
</p>
</sp>
<sp>
<speaker>σολοικιστής</speaker>
<p>
                Τί οὖν πρὸς τοὐμὸν πρᾶγμα, εἰ σολοικίζει τις μνηστευόμενος;
</p>
</sp>
<sp>
<speaker>Λυκῖνος</speaker>
<p>
                Ὅτι ἀγνοεῖ ὁ φάσκων εἰδέναι. καὶ τὸ μὲν οὕτως
<pb id="p.408"/>
               ἔχει. εἰ δέ τις λέγοι σοι παρελθὼν ὡς ἀπολίποι τὴν
γυναῖκα, ἆῤ ἂν ἐπιτρέποις αὐτῷ;
</p>
</sp>
<sp>
<speaker>σολοικιστής</speaker>
<p>
                Τί γὰρ οὐκ ἂν ἐπιτρέποιμι, εἰ φαίνοιτο ἀδικούμενος;
</p>
</sp>
<sp>
<speaker>Λυκῖνος</speaker>
<p>
                Εἰ δὲ σολοικίζων φαίνοιτο, ἐπιτρέποις ἂν αὐτῷ τοῦτο;
</p>
</sp>
<sp>
<speaker>σολοικιστής</speaker>
<p>
                Οὐκ ἔγωγε.
<pb id="reitz.v.2.p.579"/>
</p>
</sp>
<sp>
<speaker>Λυκῖνος</speaker>
<p>
                Ὀρθῶς γὰρ λέγεις· οὐ γὰρ ἐπιτρεπτέον σολοικίζοντι
τῷ φίλῳ, ἀλλὰ διδακτέον ὅπως τοῦτο μὴ τείσεται.
καὶ εἴ τίς γε νῦν ψοφοίη τὴν θύραν ἐσιὼν ἢ ἐξιὼν
κόπτοι, τί φήσομέν σε πεπονθέναι;
</p>
</sp>
<sp>
<speaker>σολοικιστής</speaker>
<p>
                Ἐμὲ μὲν οὐδέν, ἐκεῖνον δὲ ἐπεσελθεῖν βούλεσθαι ἢ ἐξιέναι.
</p>
</sp>
<sp>
<speaker>Λυκῖνος</speaker>
<p>
                Σὲ δὲ ἀγνοοῦντα τὸν κόπτοντα ἤ ψοφοῦντα
οὐδὲν ὅλως πεπονθέναι δόξομεν ἀπαίδευτον ὄντα;
</p>
</sp>
<sp>
<speaker>σολοικιστής</speaker>
<p>
                Ὑβριστὴς εἶ.
</p>
</sp>
<sp>
<speaker>Λυκῖνος</speaker>
<p>
                Τί λέγεις; ὑβριστὴς ἐγώ; νῦν δὴ γενήσομαί

               <pb id="reitz.v.2.p.580"/> σοι διαλεγόμενος. ἔοικε δὲ σολοικίσαι τὸ νῦν δὴ γενήσομαι,
σὺ δ̓ οὐκ ἔγνως.
</p>
</sp>
</div1>
<div1 type="section" n="10">
<sp>
<speaker>σολοικιστής</speaker>
<p>
               
                Παῦσαι πρὸς τῆς Ἀθηνᾶς· ἀλλ̓ εἰπέ τι
τοιοῦτον, ὥστε κἀμὲ μαθεῖν.
</p>
</sp>
<sp>
<speaker>Λυκῖνος</speaker>
<p>
                Καὶ πῶς ἄν μάθοις;
</p>
</sp>
<sp>
<speaker>σολοικιστής</speaker>
<p>
                Εἴ μοι πάντα ἐπέλθοις, ὅσα φὴς σολοικίσας
ἐμὲ λαθεῖν καὶ παῤ ὅ τι ἕκαστον σεσολοίκισται.
</p>
</sp>
<sp>
<speaker>Λυκῖνος</speaker>
<p>
                Μηδαμῶς, ὦ ἄριστε· μακρὸν γὰρ ἢν ποιήσαιμεν
τὸν διάλογον. ἀλλὰ περὶ μὲν τούτων ἔξεστί σοι
καθ̓ ἕκαστον αὐτῶν πυνθάνεσθαι· νῦν δὲ ἕτεῤ ἄττα
ἐπέλθωμεν, εἰ δοκεῖ, καὶ πρῶτόν γε αὐτὸ τοῦτο τὸ ἄττα
μὴ δασέως, ἀλλὰ ψιλῶς ἐξενεγκεῖν· <del>ὀρθῶς φαίνεται ῥηθὲν
μετὰ τοῦ ἕτερα συντιθέμενον·</del> μὴ γὰρ οὕτως ἄλογον
ἦν ἄν. ἔπειτα τὸ τῆς ὕβρεως, ἥν με φὴς ὑβρίσαι σε, εἰ
μὴ οὕτω λέγοιμι, ἀλλ̓ εἰς σέ, φαίην ἴδιον.
<pb id="p.409"/>
</p>
</sp>
<sp>
<speaker>σολοικιστής</speaker>
<p>
                Ἐγὼ μὲν οὐκ ἔχω εἰπεῖν.
</p>
</sp>
<sp>
<speaker>Λυκῖνος</speaker>
<p>
                Ὅτι τὸ μὲν σὲ ὑβρίζειν τὸ σῶμά ἐστι τὸ σὸν
ἤτοι πληγαῖς ἢ δεσμοῖς ἢ καὶ ἄλλῳ τρόπῳ, τὸ δὲ ἐς σέ,
ὅταν εἴς τι τῶν σῶν γίγνηται ἡ ὕβρις· καὶ γὰρ ὅστις γυναῖκα <pb id="reitz.v.2.p.581"/>
               φίλον καὶ ὅστις γε οἰκέτην. πλὴν γὰρ περὶ πραγμάτων
οὕτως ἔχει σοι· ἐπεὶ τὸ ἐς πρᾶγμα ὑβρίζειν λέλεκται,
οἷον ἐς τὴν παροιμίαν, ὡς ὁ Πλάτων φησὶν ἐν τῷ Συμποσίῳ.
</p>
</sp>
<sp>
<speaker>σολοικιστής</speaker>
<p>
                Κατανοῶ τὸ διάφορον.
</p>
</sp>
<sp>
<speaker>Λυκῖνος</speaker>
<p>
                Ἆῤ οὖν καὶ τοῦτο κατανοεῖς, ὅτι τὸ ταῦτά
ὑπαλλάττειν σολοικίζειν καλοῦσιν;
</p>
</sp>
<sp>
<speaker>σολοικιστής</speaker>
<p>
                Ἀλλὰ δὲ τὸ ὑπαλλάττειν εἴ τις ἐναλλάττειν
λέγει, τί σοι δόξει λέγειν;
</p>
</sp>
<sp>
<speaker>σολοικιστής</speaker>
<p>
                Ἐμοὶ μὲν ταὐτὸν λέγειν δόξει.
</p>
</sp>
<sp>
<speaker>Λυκῖνος</speaker>
<p>
                Καὶ πῶς ἂν εἴη ταὐτὸν τῷ ὑπαλλάττειν τὸ
ἐναλλάττειν, εἴπερ τὸ μὲν ἑτέρου πρὸς ἕτερον γίγνεται,
τοῦ μὴ ὀρθοῦ πρὸς τὸ ὀρθόν, τὸ δὲ τοῦ μὴ ὄντος πρὸς τὸ ὄν;
</p>
</sp>
<sp>
<speaker>σολοικιστής</speaker>
<p>
                Κατέμαθον ὅτι τὸ μὲν ὑπαλλάττειν τὸ μὴ κύριον
ἀντὶ τοῦ κυρίου λέγειν ἐστί, τὸ δ̓ ἐναλλάττειν ποτὲ
μὲν τῷ κυρίῳ, ποτὲ δὲ τῷ μὴ κυρίῳ χρῆσθαι.
</p>
</sp>
<sp>
<speaker>Λυκῖνος</speaker>
<p>
                Ἔχει τινὰ καὶ ταῦτα κατανόησιν οὐκ ἄχαριν,
τὸ δὲ σπουδάζειν πρός τινα τὴν οἰκείαν ὠφέλειαν τοῦ <pb id="reitz.v.2.p.582"/>
               σπουδάζοντος ἐμφαίνει, τὸ δὲ περί τινα τὴν ἐκείνου περὶ
ὅν σπουδάζει. καὶ ταῦτα ἴσως μὲν ὑποσυγκέχυται, ἴσως
δὲ καὶ ἀκριβοῦται παρά τισί· βέλτιον δὲ τὸ ἀκριβοῦν ἑκάστῳ.
</p>
</sp>
<sp>
<speaker>σολοικιστής</speaker>
<p>
                Ὀρθῶς γὰρ λέγεις.
</p>
</sp>
</div1>
<div1 type="section" n="11">
<sp>
<speaker>Λυκῖνος</speaker>
<p>
               
                Τό γε μὴν καθέζεσθαι καὶ
τὸ κάθισον τοῦ κάθησο ἆῤ οἶσθ̓ ὅτι διενήνοχεν;
<pb id="p.410"/>
</p>
</sp>
<sp>
<speaker>σολοικιστής</speaker>
<p>
                Οὐκ οἶδα. τὸ καθέσθητι ἤκουόν σου λεγοντος ὡς ἔστιν ἔκφυλον.
</p>
</sp>
<sp>
<speaker>Λυκῖνος</speaker>
<p>
                Καὶ ὀρθῶς γε ἤκουσας. ἀλλὰ τὸ κάθισον τοῦ
κάθησο διαφέρειν φημί.
</p>
</sp>
<sp>
<speaker>σολοικιστής</speaker>
<p>
                Καὶ τῷ ποτ̓ ἂν εἴη διαφέρον;
</p>
</sp>
<sp>
<speaker>Λυκῖνος</speaker>
<p>
                Τῷ τὸ μὲν πρὸς τὸν ἑστῶτα λέγεσθαι τὸ κάθισον,
τὸ δὲ πρὸς τὸν καθεζόμενον·
ἧσ̓, ὦ ξεῖν̓, ἡμεῖς δὲ καὶ ἄλλοθι δήομεν ἕδρην,
ἀντὶ τοῦ μένε καθεζόμενος. πάλιν οὖν εἰρήσθω ὅτι τὸ
ταῦτα παραλλάττειν ἁμαρτάνειν ἐστί. τὸ δὲ καθίζω τοῦ

               <pb id="reitz.v.2.p.583"/> ʼκαθέζομαι ἆρά σοι δοκεῖ μικρῷ τινι διαφέρειν; εἴπερ τὸ
μὲν καὶ ἕτερον δρῶμεν, τὸ καθίζειν λέγω, τὸ δὲ μόνους
ἡμᾶς αὐτοὺς τὸ καθέζεσθαι.
</p>
</sp>
</div1>
<div1 type="section" n="12">
<sp>
<speaker>σολοικιστής</speaker>
<p>
               
                Καὶ ταῦτα ἱκανῶς διελήλυθας, καὶ δὴ
λέγε· οὕτω γάρ σε δεῖ προδιδάσκειν.
</p>
</sp>
<sp>
<speaker>Λυκῖνος</speaker>
<p>
                Ἑτέρως γὰρ λέγοντος οὐ κατανοεῖς; οὐκ οἶσθα
οἷόν ἐστι ξυγγραφεὺς ἀνήρ;
</p>
</sp>
<sp>
<speaker>σολοικιστής</speaker>
<p>
                Πάνυ οἶδα νῦν γέ σου ἀκούσας ταῦτα λέγοντος.
</p>
</sp>
<sp>
<speaker>Λυκῖνος</speaker>
<p>
                Ἐπεὶ καὶ τὸ καταδουλοῦν σὺ μὲν ἴσως ταὐτὸν
τῷ καταδουλοῦσθαι νενόμικας, ἐγὼ δὲ οἶδα διαφορὰν οὐκ ὀλίγην ἔχον.
</p>
</sp>
<sp>
<speaker>σολοικιστής</speaker>
<p>
                Τίνα ταύτην;
</p>
</sp>
<sp>
<speaker>Λυκῖνος</speaker>
<p>
                Ὅτι τὸ μὲν ἑτέρῳ τὸ καταδουλοῦν, τὸ δ̓ ἑαυτῷ γίγνεται.
</p>
</sp>
<sp>
<speaker>σολοικιστής</speaker>
<p>
                Καλῶς λέγεις.
</p>
</sp>
<sp>
<speaker>Λυκῖνος</speaker>
<p>
                Καὶ ἄλλα δέ σοι πολλὰ ὑπάρχει μανθάνειν,
εἴπερ μὴ αὐτὸς εἰδέναι οὐκ εἰδὼς δόξεις
</p>
</sp>
<sp>
<speaker>σολοικιστής</speaker>
<p>
                Ἀλλ̓ οὐκ ἂν δόξαιμι.
</p>
</sp>
<sp>
<speaker>Λυκῖνος</speaker>
<p>
                Οὐκοῦν τὰ λοιπὰ ἐσαῦθις ἀναβαλώμεθα, νῦν
δὲ διαλύσωμεν τὸν διάλογον.
</p>
</sp>
</div1>
</body>
</text>
</TEI.2>
