<?xml version="1.0" encoding="UTF-8"?>
<TEI xmlns="http://www.tei-c.org/ns/1.0">
   <teiHeader>
      <fileDesc>
         <titleStmt>
            <title>Dialogi Marini</title>
            <author>Lucian</author>
            <editor role="editor">Karl Jacobitz</editor>
            <funder n="org:Google">Google Digital Humanities Awards Program</funder>
         </titleStmt>
         <publicationStmt>
            <publisher>Trustees of Tufts University</publisher>
            <pubPlace>Medford, MA</pubPlace>
            <authority>Perseus Project</authority>
         </publicationStmt>
         <sourceDesc>
            <bibl>
               <title>Luciani Samosatensis Opera, Vol I</title>
               <author>Lucian</author>
               <editor role="editor">Karl Jacobitz</editor>
               <publisher>in aedibus B. G. Teubneri</publisher>
               <pubPlace>Leipzig</pubPlace>
               <date>1896</date>
            </bibl>
         </sourceDesc>
      </fileDesc>
      <encodingDesc>
         <refsDecl n="CTS">
            <cRefPattern n="section"
                         matchPattern="(\\w+).(\\w+)"
                         replacementPattern="#xpath(/tei:TEI/tei:text/tei:body/tei:div[@n=\'$1\']/tei:div[@n=\'$2\'])">
                <p>This pointer pattern extracts book and section</p>
            </cRefPattern>
            <cRefPattern n="book"
                         matchPattern="(\\w+)"
                         replacementPattern="#xpath(/tei:TEI/tei:text/tei:body/tei:div[@n=\'$1\'])">
                <p>This pointer pattern extracts book</p>
            </cRefPattern>
        </refsDecl>
         <refsDecl>
            <refState unit="book"/>
            <refState unit="section"/>
         </refsDecl>
      </encodingDesc>
      <profileDesc>
         <langUsage>
            <language ident="grc">Greek</language>
         </langUsage>
      </profileDesc>
   </teiHeader>
   <text xml:lang="grc" n="urn:cts:greekLit:tlg0062.tlg067.perseus-grc1">
      <body>
         <pb xml:id="p.116"/>
         <div type="book" n="1">
            <head>δορις ανδ γαλαταεα</head>
            <div type="section" n="288">
               <milestone unit="chapter" n="1"/>
               <sp>
                  <speaker>Δῶρις</speaker>
                  <p>καλὸν ἐραστήν, ὦ Γαλάτεια, τὸν Σικελὸν τοῦτον ποιμένα φασὶν ἐπιμεμηνέναι σοί. </p>
               </sp>
               <sp>
                  <p>μὴ σκῶπτε, Δωρί· Ποσειδῶνος γαρ υἱός ἐστιν, ὁποῖος ἂν ᾖ <pb xml:id="p.117"/>
                  </p>
               </sp>
               <sp>
                  <speaker>Δῶρις</speaker>
                  <p>τί οὖν; εἰ καὶ τοῦ Διὸς αὐτοῦ παῖς ὢν ἄγριος οὕτω καὶ λάσιος ἐφαίνετο καί, τὸ πάντων
       ἀμορφότατον, μονόφθαλμος, οἴει τὸ γένος ἄν τι ὀνῆσαι αὐτὸν πρὸς τὴν μορφήν; </p>
               </sp>
               <sp>
                  <p>οὐδὲ τὸ λάσιον αὐτοῦ καί, ὡς φής, ἄγριον ἄμορφόν ἐστιν — ἀνδρῶδες γάρ — ὅ τε ὀφθαλμὸς
       ἐπιπρέπει τῷ μετώπῳ οὐδὲν ἐνδεέστερον ὁρῶν ἢ εἰ δύʼ ἦσαν. </p>
               </sp>
               <sp>
                  <speaker>Δῶρις</speaker>
                  <p>ἔοικας, ὦ Γαλάτεια, οὐκ ἐραστὴν ἀλλʼ ἐρώμενον ἔχειν τὸν Πολύφημον, οἷα ἐπαινεῖς αὐτόν.
        <milestone unit="chapter" n="2"/>
                  </p>
               </sp>
               <sp>
                  <p>οὐκ ἐρώμενον, ἀλλὰ τὸ πάνυ ὀνειδιστικὸν</p>
               </sp>
            </div>
            <div type="section" n="289">
               <sp>
                  <p>τοῦτο οὐ φέρω ὑμῶν, καί μοι δοκεῖτε ὑπὸ φθόνου αὐτὸ ποιεῖν, ὅτι ποιμαίνων ποτὲ ἀπὸ τῆς
       σκοπῆς παιζούσας ἡμᾶς ἰδὼν ἐπὶ τῆς ᾐόνος ἐν τοῖς πρόποσι τῆς Αἴτνης, καθʼ ὃ μεταξὺ τοῦ ὄρους
       καὶ τῆς θαλάττης αἰγιαλὸς ἀπομηκύνεται, ὑμᾶς μὲν οὐδὲ προσέβλεψεν, ἐγὼ δὲ ἐξ ἁπασῶν ἡ
       καλλίστη ἔδοξα, καὶ μόνῃ ἐμοὶ ἐπεῖχε τὸν ὀφθαλμόν. ταῦτα ὑμᾶς ἀνιᾷ· δεῖγμα γάρ, ὡς ἀμείνων
       εἰμὶ καὶ ἀξιέραστος, ὑμεῖς δὲ παρώφθητε. </p>
               </sp>
               <sp>
                  <speaker>Δῶρις</speaker>
                  <p>εἰ ποιμένι καὶ ἐνδεεῖ τὴν ὄψιν καλὴ ἔδοξας, ἐπίφθονος οἴει γεγονέναι; καίτοι τί ἄλλο ἐν σοὶ
       ἐπαινέσαι εἶχεν ἢ τὸ λευκὸν μόνον; καὶ τοῦτο, οἶμαι, ὅτι ξυνήθης ἐστὶ τυρῷ καὶ γάλακτι· πάντα
       οὖν τὰ ὅμοια τούτοις ἡγεῖται καλά. <milestone unit="chapter" n="3"/> ἐπεὶ τά γε ἄλλα ὁπόταν
       ἐθελήσῃς μαθεῖν, οἵα τυγχάνεις οὖσα τὴν ὄψιν, ἀπὸ πέτρας</p>
               </sp>
            </div>
            <div type="section" n="290">
               <sp>
                  <p>τινός, εἴ ποτε γαλήνη εἴη, ἐπικύψασα ἐς τὸ ὕδωρ ἰδὲ σεαυτὴν οὐδὲν ἄλλο ἢ χρόαν λευκὴν
       ἀκριβῶς· οὐκ ἐπαινεῖται δὲ τοῦτο, ἢν μὴ ἐπιπρέπῃ αὐτῷ καὶ τὸ ἐρύθημα. </p>
               </sp>
               <sp>
                  <p>καὶ μὴν ἐγὼ μὲν ἡ ἀκράτως λευκὴ ὅμως ἐραστὴν ἔχω κἂν τοῦτον, ὑμῶν δὲ οὐκ ἔστιν ἥντινα ἢ
       ποιμὴν ἢ ναύτης ἢ πορθμεὺς ἐπαινεῖ· ὁ δέ γε Πολύφημος τό τε ἄλλα καὶ μουσικός ἐστι.
        <milestone unit="chapter" n="4"/>
                  </p>
               </sp>
               <sp>
                  <speaker>Δῶρις</speaker>
                  <p>σιώπα, ὦ Γαλάτεια· ἠκούσαμεν αὐτοῦ <pb xml:id="p.118"/> ᾅδοντος ὁπότε ἐκώμασε πρῴην ἐπὶ σέ·
       Ἀφροδίτη φίλη, ὄνον ἄν τις ὀγκᾶσθαι ἔδοξε. καὶ αὐτὴ δὲ ἡ πηκτὶς οἵα; κρανίον ἐλάφου γυμνὸν
       τῶν σαρκῶν, καὶ τὰ μὲν κέρατα πήχεις ὥσπερ ἦσαν, ζυγώσας δὲ αὐτὰ καὶ ἐνάψας τὰ νεῦρα, οὐδὲ
       κόλλοπι περιστρέψας, ἐμελῴδει ἄμουσόν τι καὶ ἀπῳδόν, ἄλλο μὲν αὐτὸς βοῶν, ἄλλο δὲ ἡ λύρα
       ὑπήχει, ὥστε οὐδὲ κατέχειν τὸν γέλωτα ἐδυνάμεθα ἐπὶ τῷ ἐρωτικῷ ἐκείνῳ ᾅσματι· ἡ μὲν γὰρ Ἠχὼ
       οὐδὲ ἀποκρίνεσθαι αὐτῷ ἤθελεν οὕτω λάλος οὖσα βρυχωμένῳ, ἀλλʼ ᾐσχύνετο, εἰ φανείη μιμουμένη
       τραχεῖαν ᾠδὴν καὶ καταγέλαστον.</p>
               </sp>
            </div>
            <div type="section" n="291">
               <sp>
                  <p>
                     <milestone unit="chapter" n="5"/> ἔφερε δὲ ὁ ἐπέραστος ἐν ταῖς ἀγκάλαις ἀθυρμάτιον ἄρκτου
       σκύλακα τὸ λάσιον αὐτῷ προσεοικότα. τίς οὖν οὐκ ἂν φθονήσειέ σοι, ὦ Γαλάτεια, τοιούτου
       ἐραστοῦ; </p>
               </sp>
               <sp>
                  <p>οὐκοῦν σύ, Δωρί, δεῖξον ἡμῖν τὸν σεαυτῆς, καλλίω δῆλον ὅτι ὄντα καὶ ᾠδικώτερον καὶ
       κιθαρίζειν ἄμεινον ἐπιστάμενον. </p>
               </sp>
               <sp>
                  <speaker>Δῶρις</speaker>
                  <p>ἀλλʼ ἐραστὴς μὲν οὐδεὶς ἔστι μοι οὐδὲ σεμνύνομαι ἐπέραστος εἶναι· τοιοῦτος δὲ οἷος ὁ Κύκλωψ
       ἐστί, κινάβρας ἀπόζων ὥσπερ τράγος, ὠμοφάγος, ὥς φασι, καὶ σιτούμενος τοὺς ἐπιδημοῦντας τῶν
       ξένων, σοὶ γένοιτο καὶ σὺ ἀντερῴης αὐτοῦ.</p>
               </sp>
            </div>
         </div>
         <div type="book" n="2">
            <head>ξψξλοπς ανδ ποσειδων</head>
            <milestone unit="chapter" n="1"/>
            <div type="section" n="292">
               <sp>
                  <speaker>Κύκλωψ</speaker>
                  <p> ὦ πάτερ, οἷα πέπονθα ὑπὸ τοῦ καταράτου ξένου, ὃς μεθύσας ἐξετύφλωσέ με κοιμωμένῳ
       ἐπιχειρήσας. </p>
               </sp>
               <sp>
                  <speaker>Ποσειδῶν</speaker>
                  <p> τίς δὲ ἦν ὁ ταῦτα τολμήσας, ὦ Πολύφημε; </p>
               </sp>
               <sp>
                  <speaker>Κύκλωψ</speaker>
                  <p> τὸ μὲν πρῶτον Οὖτιν αὑτὸν ἀπεκάλει, ἐπεὶ δὲ διέφυγε καὶ ἔξω ἦν βέλους, Ὀδυσσεὺς
       ὀνομάζεσθαι ἔφη <pb xml:id="p.119"/>
                  </p>
               </sp>
               <sp>
                  <speaker>Ποσειδῶν</speaker>
                  <p> οἶδα ὃν λέγεις, τὸν Ἰθακήσιον· ἐξ Ἰλίου δʼ ἀνέπλει. ἀλλὰ πῶς ταῦτα ἔπραξεν οὐδὲ πάνυ
       εὐθαρσὴς ὤν; <milestone unit="chapter" n="2"/>
                  </p>
               </sp>
               <sp>
                  <speaker>Κύκλωψ</speaker>
                  <p> κατέλαβον ἐν τῷ ἄντρῳ ἀπὸ τῆς νομῆς ἀναστρέψας πολλούς τινας, ἐπιβουλεύοντας δῆλον ὅτι
       τοῖς ποιμνίοις· ἐπεὶ γὰρ ἐπέθηκα τῇ θύρᾳ τὸ πῶμα — πέτρα δέ ἐστι παμμεγέθης — καὶ τὸ πῦρ
       ἀνέκαυσα ἐναυσάμενος ὃ ἔφερον δένδρον ἀπὸ τοῦ ὄρους, ἐφάνησαν ἀποκρύπτειν αὑτοὺς πειρώμενοι·
       ἐγὼ δὲ συλλαβών τινας αὐτῶν, ὥσπερ εἰκὸς ἦν, κατέφαγον λῃστάς γε ὄντας. ἐνταῦθα ὁ
       πανουργότατος ἐκεῖνος, εἴτε Οὖτις εἴτε Ὀδυσσεὺς ἦν, δίδωσί μοι πιεῖν φάρμακόν τι ἐγχέας, ἡδὺ
       μὲν καὶ εὔοσμον, ἐπιβουλότατον δὲ καὶ ταραχωδέστατον· ἅπαντα γὰρ εὐθὺς ἐδόκει μοι
       περιφέρεσθαι <del>πιόντι</del> καὶ τὸ σπήλαιον αὐτὸ ἀνεστρέφετο καὶ οὐκέτι ὅλως ἐν
       ἐμαυτοῦ</p>
               </sp>
            </div>
            <div type="section" n="293">
               <sp>
                  <p>ἤμην, τέλος δὲ ἐς ὕπνον κατεσπάσθην. ὁ δὲ ἀποξύνας τὸν μοχλὸν καὶ πυρώσας γε προσέτι
       ἐτύφλωσέ με καθεύδοντα, καὶ ἀπʼ ἐκείνου τυφλός εἰμί σοι, ὦ Πόσειδον. <milestone unit="chapter" n="3"/>
                  </p>
               </sp>
               <sp>
                  <speaker>Ποσειδῶν</speaker>
                  <p> ὡς βαθὺν ἐκοιμήθης, ὦ τέκνον, ὃς οὐκ ἐξέθορες μεταξὺ τυφλούμενος. ὁ δʼ οὖν Ὀδυσσεὺς πῶς
       διέφυγεν; οὐ γὰρ ἂν εὖ οἶδʼ ὅτι ἠδυνήθη ἀποκινῆσαι τὴν πέτραν ἀπὸ τῆς θύρας. </p>
               </sp>
               <sp>
                  <speaker>Κύκλωψ</speaker>
                  <p> ἀλλʼ ἐγὼ ἀφεῖλον, ὡς μᾶλλον αὐτὸν λάβοιμι ἐξιόντα, καὶ καθίσας παρὰ τὴν θύραν ἐθήρων τὰς
       χεῖρας ἐκπετάσας, μόνα παρεὶς τὰ πρόβατα ἐς τὴν νομήν, ἐντειλάμενος τῷ κριῷ ὁπόσα ἐχρῆν
       πράττειν αὐτὸν ὑπὲρ ἐμοῦ. <milestone unit="chapter" n="4"/>
                  </p>
               </sp>
               <sp>
                  <speaker>Ποσειδῶν</speaker>
                  <p> μανθάνω· ὑπʼ ἐκείνοις ἔλαθον ὑπεξελθόντες· σὲ δὲ τοὺς ἄλλους Κύκλωπας ἔδει ἐπιβοήσασθαι
       ἐπʼ αὐτόν. </p>
               </sp>
               <sp>
                  <speaker>Κύκλωψ</speaker>
                  <p> συνεκάλεσα, ὦ πάτερ, καὶ ἧκον· ἐπεὶ δὲ <pb xml:id="p.120"/> ἤροντο τοῦ ἐπιβουλεύοντος
       τοὔνομα κἀγὼ ἔφην ὅτι Οὐτίς</p>
               </sp>
            </div>
            <div type="section" n="294">
               <sp>
                  <p>ἐστι, μελαγχολᾶν οἰηθέντες με ᾤχοντο ἀπιόντες. οὕτω κατεσοφίσατό με ὁ κατάρατος τῷ ὀνόματι.
       καὶ ὃ μάλιστα ἠνίασέ με, ὅτι καὶ ὀνειδίζων ἐμοὶ τὴν συμφοράν, Οὐδὲ ὁ πατήρ, φησίν, ὁ Ποσειδῶν
       ἰάσεταί σε. </p>
               </sp>
               <sp>
                  <speaker>Ποσειδῶν</speaker>
                  <p> θάρρει, ὦ τέκνον· ἀμυνοῦμαι γὰρ αὐτόν, ὡς μάθῃ ὅτι, καὶ εἰ πήρωσίν μοι ὀφθαλμῶν ἰᾶσθαι
       ἀδύνατον, τὰ γοῦν τῶν πλεόντων <del>τὸ σώζειν αὐτοὺς καὶ ἀπολλύναι</del> ἐπʼ ἐμοί ἐστι· πλεῖ
       δὲ ἔτι.</p>
               </sp>
            </div>
         </div>
         <div type="book" n="3">
            <head>ποσειδον ανδ αλπηειος</head>
            <div type="section" n="295">
               <milestone unit="chapter" n="1"/>
               <sp>
                  <speaker>Ποσειδῶν</speaker>
                  <p> τί τοῦτο, Ἀλφειέ; μόνος τῶν ἄλλων ἐμπεσὼν ἐς τὸ πέλαγος οὔτε ἀναμίγνυσαι τῇ ἅλμῃ, ὡς ἔθος
       ποταμοῖς ἅπασιν, οὔτε ἀναπαύεις σεαυτὸν διαχυθείς, ἀλλὰ διὰ τῆς θαλάττης ξυνεστὼς καὶ γλυκὺ
       φυλάττων τὸ ῥεῖθρον, ἀμιγὴς ἔτι καὶ καθαρὸς ἐπείγῃ οὐκ οἶδα ὅπου βύθιος ὑποδὺς καθάπερ οἱ
       λάροι καὶ ἐρῳδιοί; καὶ ἔοικας ἀνακύψειν που καὶ αὖθις ἀναφανεῖν σεαυτόν. </p>
               </sp>
            </div>
            <div type="section" n="296">
               <sp>
                  <speaker>Ἀλφειός</speaker>
                  <p> ἐρωτικόν τι τὸ πρᾶγμά ἐστιν, ὦ Πόσειδον, ὥστε μὴ ἔλεγχε· ἠράσθης δὲ καὶ αὐτὸς πολλάκις.
      </p>
               </sp>
               <sp>
                  <speaker>Ποσειδῶν</speaker>
                  <p> γυναικός, ὦ Ἀλφειέ, ἢ νύμφης ἐρᾷς ἢ καὶ τῶν Νηρηίδων αὐτῶν μιᾶς; </p>
               </sp>
               <sp>
                  <speaker>Ἀλφειός</speaker>
                  <p> οὔκ, ἀλλὰ πηγῆς, ὦ Πόσειδον. </p>
               </sp>
               <sp>
                  <speaker>Ποσειδῶν</speaker>
                  <p> ἡ δὲ ποῦ σοι γῆς αὕτη ῥεῖ; </p>
               </sp>
               <sp>
                  <speaker>Ἀλφειός</speaker>
                  <p> Νησιῶτίς ἐστι Σικελή· Ἀρέθουσαν αὐτὴν καλοῦσιν. <milestone unit="chapter" n="2"/>
                  </p>
               </sp>
            </div>
            <div type="section" n="297">
               <sp>
                  <speaker>Ποσειδῶν</speaker>
                  <p> οἶδα οὐκ ἄμορφον, ὦ Ἀλφειέ, τὴν Ἀρέθουσαν, ἀλλὰ διαυγής τέ ἐστι καὶ διὰ καθαροῦ ἀναβλύζει
       καὶ τὸ ὕδωρ ἐπιπρέπει ταῖς ψηφίσιν ὅλον ὑπὲρ αὐτῶν φαινόμενον ἀργυροειδές. <pb xml:id="p.121"/>
                  </p>
               </sp>
               <sp>
                  <speaker>Ἀλφειός</speaker>
                  <p> ὡς ἀληθῶς οἶσθα τὴν πηγήν, ὦ Πόσειδον· παρʼ ἐκείνην οὖν ἀπέρχομαι. </p>
               </sp>
               <sp>
                  <speaker>Ποσειδῶν</speaker>
                  <p> ἀλλʼ ἄπιθι μὲν καὶ εὐτύχει ἐν τῷ ἔρωτι· ἐκεῖνο δέ μοι εἰπέ, ποῦ τὴν Ἀρέθουσαν εἶδες αὐτὸς
       μὲν Αρκὰς ὤν, ἡ δὲ ἐν Συρακούσαις ἐστίν; </p>
               </sp>
               <sp>
                  <speaker>Ἀλφειός</speaker>
                  <p> ἐπειγόμενόν με κατέχεις, ὦ Πόσειδον, περίεργα ἐρωτῶν. </p>
               </sp>
               <sp>
                  <speaker>Ποσειδῶν</speaker>
                  <p> εὖ λέγεις· χώρει παρὰ τὴν ἀγαπωμένην, καὶ ἀναδὺς ἀπὸ τῆς θαλάττης ξυναυλίᾳ μίγνυσο τῇ πηγῇ
       καὶ ἓν ὕδωρ γίγνεσθε.</p>
               </sp>
            </div>
         </div>
         <div type="book" n="4">
            <head>μενελαυς ανδ προτευς</head>
            <div type="section" n="298">
               <milestone unit="chapter" n="1"/>
               <sp>
                  <speaker>Μενέλαος</speaker>
                  <p> ἀλλὰ ὕδωρ μέν σε γίγνεσθαι, ὦ Πρωτεῦ, οὐκ ἀπίθανον, ἐνάλιόν γε ὄντα, καὶ δένδρον, ἔτι
       φορητόν, καὶ ἐς λέοντα δὲ ὁπότε ἀλλαγείης, ὅμως οὐδὲ τοῦτο ἔξω πίστεως· εἰ δὲ καὶ πῦρ
       γίγνεσθαι δυνατὸν ἐν θαλάττῃ οἰκοῦντα, τοῦτο πάνυ θαυμάζω καὶ ἀπιστῶ. </p>
               </sp>
               <sp>
                  <speaker>Πρωτεύς</speaker>
                  <p> μὴ θαυμάσῃς, ὦ Μενέλαε· γίγνομαι γάρ. </p>
               </sp>
               <sp>
                  <speaker>Μενέλαος</speaker>
                  <p> εἶδον καὶ αὐτός· ἀλλά μοι δοκεῖς — εἰρήσεται γὰρ πρὸς σέ — γοητείαν τινὰ προσάγειν τῷ
       πράγματι καὶ τοὺς ὀφθαλμοὺς ἐξαπατᾶν τῶν ὁρώντων αὐτὸς οὐδὲν τοιοῦτο γιγνόμενος. <milestone unit="chapter" n="2"/>
                  </p>
               </sp>
            </div>
            <div type="section" n="299">
               <sp>
                  <speaker>Πρωτεύς</speaker>
                  <p> καὶ τίς ἂν ἡ ἀπάτη ἐπὶ τῶν οὕτως ἐναργῶν γένοιτο; οὐκ ἀνεῳγμένοις τοῖς ὀφθαλμοῖς εἶδες, ἐς
       ὅσα μετεποίησα ἐμαυτόν; εἰ δὲ ἀπιστεῖς καὶ τὸ πρᾶγμα ψευδὲς εἶναι δοκεῖ, φαντασία τις πρὸ τῶν
       ὀφθαλμῶν ἱσταμένη, ἐπειδὰν πῦρ γένωμαι, προσένεγκέ μοι, ὦ γενναιότατε, τὴν χεῖρα· εἴσῃ γάρ,
       εἰ ὁρῶμαι μόνον ἢ καὶ τὸ κάειν τότε μοι πρόσεστιν. </p>
               </sp>
               <sp>
                  <speaker>Μενέλαος</speaker>
                  <p> οὐκ ἀσφαλὴς ἡ πεῖρα, ὦ Πρωτεῦ. <pb xml:id="p.122"/>
                  </p>
               </sp>
               <sp>
                  <speaker>Πρωτεύς</speaker>
                  <p> σὺ δέ μοι, Μενέλαε, δοκεῖς οὐδὲ πολύπουν ἑωρακέναι πώποτε οὐδὲ ὃ πάσχει ὁ ἰχθυς οὗτος
       εἰδέναι. </p>
               </sp>
               <sp>
                  <speaker>Μενέλαος</speaker>
                  <p> ἀλλὰ τὸν μὲν πολύπουν εἶδον, ἃ πάσχει δέ, ἡδέως ἂν μάθοιμι παρὰ σοῦ. <milestone unit="chapter" n="3"/>
                  </p>
               </sp>
               <sp>
                  <speaker>Πρωτεύς</speaker>
                  <p> ὁποίᾳ ἂν πέτρᾳ προσελθὼν ἁρμόσῃ τὰς κοτύλας καὶ προσφὺς ἔχηται <del>κατὰ τὰς
        πλεκτάνας</del>, ἐκείνῃ</p>
               </sp>
            </div>
            <div type="section" n="300">
               <sp>
                  <p>ὅμοιον ἀπεργάζεται ἑαυτὸν καὶ μεταβάλλει τὴν χρόαν μιμούμενος τὴν πέτραν, ὡς ἂν λάθῃ τοὺς
       ἁλιέας μὴ διαλλάττων μηδὲ φανερὸς ὢν διὰ τοῦτο, ἀλλὰ ἐοικὼς τῷ λίθῳ. </p>
               </sp>
               <sp>
                  <speaker>Μενέλαος</speaker>
                  <p> φασὶ ταῦτα· τὸ δὲ σὸν πολλῷ παραδοξότερον, ὦ Πρωτεῦ. </p>
               </sp>
               <sp>
                  <speaker>Πρωτεύς</speaker>
                  <p> οὐκ οἶδα, ὦ Μενέλαε, τίνι ἂν ἄλλῳ πιστεύσειας τοῖς ἑαυτοῦ ὀφθαλμοῖς ἀπιστῶν. </p>
               </sp>
               <sp>
                  <speaker>Μενέλαος</speaker>
                  <p> εἶδον· ἀλλὰ τὸ πρᾶγμα τεράστιον, ὁ αὐτὸς πῦρ καὶ ὕδωρ.</p>
               </sp>
            </div>
         </div>
         <div type="book" n="5">
            <head>πανοπε ανδ γαλενε</head>
            <div type="section" n="300a">
               <milestone unit="chapter" n="1"/>
               <sp>
                  <speaker>Πανόπη</speaker>
                  <p> εἶδες, ὦ Γαλήνη, χθὲς οἷα ἐποίησεν ἡ Ἔρις παρὰ τὸ δεῖπνον ἐν Θετταλίᾳ, διότι μὴ καὶ αὐτὴ
       ἐκλήθη ἐς τὸ συμπόσιον; </p>
               </sp>
               <sp>
                  <p>οὐ ξυνειστιώμην ὑμῖν ἔγωγε· ὁ γὰρ Ποσειδῶν ἐκέλευσέ με, ὦ Πανόπη, ἀκύμαντον ἐν τοσούτῳ
       φυλάττειν τὸ πέλαγος. τί δʼ οὖν ἐποίησεν ἡ Ἔρις μὴ παροῦσα; </p>
               </sp>
            </div>
            <div type="section" n="301">
               <sp>
                  <speaker>Πανόπη</speaker>
                  <p> ἡ Θέτις μὲν ἤδη καὶ ὁ Πηλεὺς ἀπεληλύθεσαν ἐς τὸν θάλαμον ὑπὸ τῆς Ἀμφιτρίτης καὶ τοῦ
       Ποσειδῶνος παραπεμφθέντες, ἡ Ἔρις δὲ ἐν τοσούτῳ λαθοῦσα πάντας — ἐδυνήθη δὲ ῥᾳδίως, τῶν μὲν
       πινόντων, ἐνίων δὲ κροτούντων ἢ τῷ Ἀπόλλωνι κιθαρίζοντι ἢ ταῖς Μούσαις ᾀδούσαις προσεχόντων
       τὸν νοῦν — ἐνέβαλεν ἐς τὸ <pb xml:id="p.123"/> ξυμπόσιον μῆλόν τι πάγκαλον, χρυσοῦν ὅλον, ὦ
       Γαλήνη· ἐπεγέγραπτο δὲ <q>ἡ καλὴ λαβέτω.</q> κυλινδούμενον δὲ τοῦτο ὥσπερ ἐξεπίτηδες ἧκεν
       ἔνθα Ἥρα τε καὶ Ἀφροδίτη καὶ Ἀθηνᾶ κατεκλίνοντο. <milestone unit="chapter" n="2"/> κἀπειδὴ ὁ
       Ἑρμῆς ἀνελόμενος ἐπελέξατο τὰ γεγραμμένα, αἱ μὲν Νηρηίδες ἡμεῖς ἀπεσιωπήσαμεν. τί γὰρ ἔδει
       ποιεῖν ἐκείνων παρουσῶν; αἱ δὲ ἀντεποιοῦντο ἑκάστη καὶ αὑτῆς εἶναι τὸ μῆλον ἠξίουν, καὶ εἰ μή
       γε ὁ Ζεὺς διέστησεν αὐτάς, καὶ ἄχρι χειρῶν ἂν τὸ πρᾶγμα προὐχώρησεν. ἀλλʼ ἐκεῖνος, Αὐτὸς μὲν
       οὐ κρινῶ, φησί, περὶ τούτου, — καίτοι ἐκεῖναι αὐτὸν δικάσαι ἠξίουν — ἄπιτε δὲ ἐς τὴν Ἴδην
       παρὰ τὸν Πριάμου παῖδα, ὃς οἶδέ τε διαγνῶναι τὸ κάλλιον φιλόκαλος ὤν, καὶ οὐκ ἂν ἐκεῖνος
       κρίναι κακῶς. </p>
               </sp>
               <sp>
                  <p>τί οὖν αἱ θεαί, ὦ Πανόπη; </p>
               </sp>
               <sp>
                  <speaker>Πανόπη</speaker>
                  <p> τήμερον, οἶμαι, ἀπίασιν ἐς τὴν Ἴδην, καί τις ἥξει μετὰ μικρὸν ἀπαγγέλλων ἡμῖν τὴν
       κρατοῦσαν. </p>
               </sp>
               <sp>
                  <p>ἤδη σοί φημι, οὐκ ἄλλη κρατήσει τῆς Ἀφροδίτης ἀγωνιζομένης, ἢν μὴ πάνυ ὁ διαιτητὴς
       ἀμβλυώττῃ.</p>
               </sp>
            </div>
         </div>
         <div type="book" n="6">
            <head>τριτον, αμψμονε, ανδ ποσειδον</head>
            <div type="section" n="302">
               <milestone unit="chapter" n="1"/>
               <sp>
                  <speaker>Τρίτων</speaker>
                  <p> ἐπὶ τὴν Λέρναν, ὦ Πόσειδον, παραγίνεται καθʼ ἑκάστην ἡμέραν ὑδρευσομένη παρθένος, πάγκαλόν
       τι χρῆμα· οὐκ οἶδα ἔγωγε καλλίω παῖδα ἰδών. </p>
               </sp>
               <sp>
                  <speaker>Ποσειδῶν</speaker>
                  <p> ἐλευθέραν τινά, ὦ Τρίτων, λέγεις, ἢ θεράπαινά τις ὑδροφόρος ἐστίν; </p>
               </sp>
            </div>
            <div type="section" n="303">
               <sp>
                  <speaker>Τρίτων</speaker>
                  <p> οὐ μὲν οὖν, ἀλλὰ τοῦ Αἰγυπτίου ἐκείνου θυγάτηρ, μία τῶν πεντήκοντα καὶ αὐτή, Ἀμυμώνη
       τοὔνομα· ἐπυθόμην γὰρ ἥτις καλοῖτο καὶ τὸ γένος. ὁ Δαναὸς δὲ σκληραγωγεῖ τὰς θυγατέρας καὶ
       αὐτουργεῖν διδάσκει <pb xml:id="p.124"/> καὶ πέμπει ὕδωρ τε ἀρυσομένας καὶ πρὸς τὰ ἄλλα
       παιδεύει ἀόκνους εἶναι αὐτάς. <milestone unit="chapter" n="2"/>
                  </p>
               </sp>
               <sp>
                  <speaker>Ποσειδῶν</speaker>
                  <p> μόνη δὲ παραγίνεται μακρὰν οὕτω τὴν ὁδὸν ἐξ Ἄργους ἐς Λέρναν; </p>
               </sp>
               <sp>
                  <speaker>Τρίτων</speaker>
                  <p> μόνη· πολυδίψιον δὲ τὸ Ἄργος, ὡς οἶσθα· ὥστε ἀνάγκη ἀεὶ ὑδροφορεῖν. </p>
               </sp>
               <sp>
                  <speaker>Ποσειδῶν</speaker>
                  <p> ὦ Τρίτων, οὐ μετρίως διετάραξάς με εἰπὼν τὰ περὶ τῆς παιδός· ὥστε ἴωμεν ἐπʼ αὐτήν. </p>
               </sp>
               <sp>
                  <speaker>Τρίτων</speaker>
                  <p> ἴωμεν· ἤδη γοῦν καιρὸς τῆς ὑδροφορίας· καὶ σχεδόν που κατὰ μέσην τὴν ὁδόν ἐστιν ἰοῦσα ἐς
       τὴν Λέρναν. </p>
               </sp>
            </div>
            <div type="section" n="304">
               <sp>
                  <speaker>Ποσειδῶν</speaker>
                  <p> οὐκοῦν ζεῦξον τὸ ἅρμα· ἢ τοῦτο μὲν πολλὴν ἔχει τὴν διατριβὴν ὑπάγειν τοὺς ἵππους τῇ ζεύγλῃ
       καὶ τὸ ἅρμα ἐπισκευάζειν, σὺ δὲ ἀλλὰ δελφῖνά μοί τινα τῶν ὠκέων παράστησον· ἐφιππάσομαι γὰρ
       ἐπʼ αὐτοῦ τάχιστα. </p>
               </sp>
               <sp>
                  <speaker>Τρίτων</speaker>
                  <p> ἰδού σοι οὑτοσὶ δελφίνων ὁ ὠκύτατος. </p>
               </sp>
               <sp>
                  <speaker>Ποσειδῶν</speaker>
                  <p> εὖ γε· ἀπελαύνωμεν· σὺ δὲ παρανήχου, ὦ Τρίτων. κἀπειδὴ πάρεσμεν ἐς τὴν Λέρναν, ἐγὼ μὲν
       λοχήσω ἐνταῦθά που, σὺ δὲ ἀποσκόπει· ὁπόταν αἴσθῃ προσιοῦσαν αὐτὴν — </p>
               </sp>
               <sp>
                  <speaker>Τρίτων</speaker>
                  <p> αὕτη σοι πλησίον. <milestone unit="chapter" n="3"/>
                  </p>
               </sp>
               <sp>
                  <speaker>Ποσειδῶν</speaker>
                  <p> καλή, ὦ Τρίτων, καὶ ὡραία παρθένος· ἀλλὰ συλληπτέα ἡμῖν ἐστιν. </p>
               </sp>
               <sp>
                  <speaker>Ἀμυμώνη</speaker>
                  <p> ἄνθρωπε, ποῖ με ξυναρπάσας ἄγεις; ἀνδραποδιστὴς εἶ, καὶ ἔοικας ἡμῖν ὑπʼ Αἰγύπτου τοῦ θείου
       ἐπιπεμφθῆναι· ὥστε βοήσομαι τὸν πατέρα. </p>
               </sp>
               <sp>
                  <speaker>Τρίτων</speaker>
                  <p> σιώπησον, ὦ Ἀμυμώνη· Ποσειδῶν ἐστι. </p>
               </sp>
               <sp>
                  <speaker>Ἀμυμώνη</speaker>
                  <p> τί Ποσειδῶν λέγεις; τί βιάζῃ με, ὦ ἄνθρωπε, καὶ ἐς τὴν θάλατταν καθέλκεις; ἐγὼ δὲ
       ἀποπνιγήσομαι ἡ ἀθλία καταδῦσα. </p>
               </sp>
            </div>
            <div type="section" n="305">
               <sp>
                  <speaker>Ποσειδῶν</speaker>
                  <p> θάρρει, οὐδὲν δεινὸν μὴ πάθῃς· ἀλλὰ καὶ πηγὴν ἐπώνυμόν σοι ἀναδοθῆναι ἐάσω ἐνταῦθα πατάξας
        <pb xml:id="p.125"/> τῇ τριαίνῃ τὴν πέτραν πλησίον τοῦ κλύσματος, καὶ σὺ εὐδαίμων ἔσῃ καὶ
       μόνη τῶν ἀδελφῶν οὐχ ὑδροφορήσεις ἀποθανοῦσα.</p>
               </sp>
            </div>
         </div>
         <div type="book" n="7">
            <head>νοτυς ανδ ζεπηυρος</head>
            <div type="section" n="306">
               <milestone unit="chapter" n="1"/>
               <sp>
                  <speaker>Νότος</speaker>
                  <p> ταύτην, ὦ Ζέφυρε, τὴν δάμαλιν, ἣν διὰ τοῦ πελάγους ἐς Αἴγυπτον ὁ Ἑρμῆς ἄγει, ὁ Ζεὺς
       διεκόρευσεν ἁλοὺς ἔρωτι; </p>
               </sp>
               <sp>
                  <speaker>Ζέφυρος</speaker>
                  <p> ναί, ὦ Νότε· οὐ δάμαλις δὲ τότε, ἀλλὰ παῖς ἦν τοῦ ποταμοῦ Ἰνάχου· νῦν δὲ ἡ Ἥρα τοιαύτην
       ἐποίησεν αὐτὴν ζηλοτυπήσασα, ὅτι καὶ πάνυ ἑώρα ἐρῶντα τὸν Δία. </p>
               </sp>
               <sp>
                  <speaker>Νότος</speaker>
                  <p> νῦν οὖν ἔτι ἐρᾷ τῆς βοός; </p>
               </sp>
               <sp>
                  <speaker>Ζέφυρος</speaker>
                  <p> καὶ μάλα, καὶ διὰ τοῦτο ἐς Αἴγυπτον αὐτὴν ἔπεμψε καὶ ἡμῖν προσέταξε μὴ κυμαίνειν τὴν
       θάλατταν ἔστʼ ἂν διανήξηται, ὡς ἀποτεκοῦσα ἐκεῖ — κυεῖ δὲ ἤδη — θεὸς γένοιτο καὶ αὐτὴ καὶ τὸ
       τεχθέν. <milestone unit="chapter" n="2"/>
                  </p>
               </sp>
               <sp>
                  <speaker>Νότος</speaker>
                  <p> ἡ δάμαλις θεός; </p>
               </sp>
               <sp>
                  <speaker>Ζέφυρος</speaker>
                  <p> καὶ μάλα, ὦ Νότε· ἄρξει τε, ὡς ὁ Ἑρμῆς ἔφη, τῶν πλεόντων καὶ ἡμῶν ἔσται δέσποινα, ὅντινα
       ἂν ἡμῶν ἐθέλῃ ἐκπέμψαι ἢ κωλῦσαι ἐπιπνεῖν. </p>
               </sp>
               <sp>
                  <speaker>Νότος</speaker>
                  <p> Θεραπευτέα τοιγαροῦν, ὦ Ζέφυρε, ἤδη δέσποινά γε οὖσα. </p>
               </sp>
               <sp>
                  <speaker>Ζέφυρος</speaker>
                  <p> νὴ Δίʼ· εὐνουστέρα γὰρ ἂν οὕτω γένοιτο. ἀλλʼ ἤδη γὰρ διεπέρασε καὶ ἐξένευσεν ἐς τὴν γῆν.
       ὁρᾷς ὅπως οὐκέτι μὲν τετραποδιστὶ βαδίζει, ἀνορθώσας δὲ αὐτὴν ὁ Ἑρμῆς γυναῖκα παγκάλην αὖθις
       ἐποίησε; </p>
               </sp>
               <sp>
                  <speaker>Νότος</speaker>
                  <p> παράδοξα γοῦν ταῦτα, ὦ Ζέφυρε· οὐκέτι τὰ κέρατα οὐδὲ οὐρὰ καὶ δίχηλα τὰ σκέλη, ἀλλʼ
       ἐπέραστος κόρη. ὁ μέντοι Ἑρμῆς τί παθὼν μεταβέβληκεν ἑαυτὸν καὶ ἀντὶ νεανίου κυνοπρόσωπος
       γεγένηται; <pb xml:id="p.126"/>
                  </p>
               </sp>
               <sp>
                  <speaker>Ζέφυρος</speaker>
                  <p> μὴ πολυπραγμονῶμεν, ὅτε ἄμεινον ἐκεῖνος οἶδε τὰ πρακτέα.</p>
               </sp>
            </div>
         </div>
         <div type="book" n="8">
            <head>ποσειδον ανδ τηε δολπηινς</head>
            <div type="section" n="307">
               <milestone unit="chapter" n="1"/>
               <sp>
                  <speaker>Ποσειδῶν</speaker>
                  <p> εὖ γε, ὦ Δελφῖνες, ὅτι ἀεὶ φιλάνθρωποί ἐστε, καὶ πάλαι μὲν τὸ τῆς Ἰνοῦς παιδίον ἐπὶ τὸν
       Ἰσθμὸν ἐκομίσατε ὑποδεξάμενοι ἀπὸ τῶν Σκειρωνίδων μετὰ τῆς <note place="unspecified" anchored="true"/>
                  </p>
               </sp>
            </div>
            <div type="section" n="308">
               <sp>
                  <p>μητρὸς ἐμπεσόν, καὶ νῦν σὺ τὸν κιθαρῳδὸν τουτονὶ τὸν ἐκ Μηθύμνης ἀναλαβὼν ἐξενήξω ἐς
       Ταίναρον αὐτῇ σκευῇ καὶ κιθάρᾳ, οὐδὲ περιεῖδες κακῶς ὑπὸ τῶν ναυτῶν ἀπολλύμενον. </p>
               </sp>
               <sp>
                  <speaker>δελφῖνες</speaker>
                  <p> μὴ θαυμάσῃς, ὦ Πόσειδον, εἰ τοὺς ἀνθρώπους εὖ ποιοῦμεν ἐξ ἀνθρώπων γε καὶ αὐτοὶ ἰχθύες
       γενόμενοι. </p>
               </sp>
               <sp>
                  <speaker>Ποσειδῶν</speaker>
                  <p> καὶ μέμφομαί γε τῷ Διονύσῳ, ὅτι ὑμᾶς καταναυμαχήσας μετέβαλε, δέον χειρώσασθαι μόνον,
       ὥσπερ τοὺς ἄλλους ὑπηγάγετο. πῶς δʼ οὖν τὰ κατὰ τὸν Ἀρίονα τοῦτον ἐγένετο, ὦ Δελφίν;
        <milestone unit="chapter" n="2"/>
                  </p>
               </sp>
            </div>
            <div type="section" n="309">
               <sp>
                  <speaker>δελφῖνες</speaker>
                  <p> ὁ Περίανδρος, οἶμαι, ἔχαιρεν αὐτῷ καὶ πολλάκις μετεπέμπετο αὐτὸν ἐπὶ τῇ τέχνῃ, ὁ δὲ
       πλουτήσας παρὰ τοῦ τυράννου ἐπεθύμησε πλεύσας οἴκαδε ἐς τὴν Μήθυμναν ἐπιδείξασθαι τὸν
       πλοῦτον, καὶ ἐπιβὰς πορθμείου τινὸς κακούργων ἀνδρῶν ὡς ἔδειξε πολὺν ἄγων χρυσόν τε καὶ
       ἄργυρον, ἐπεὶ κατὰ μέσον τὸ Αἰγαῖον ἐγένοντο, ἐπιβουλεύουσιν αὐτῷ οἱ ναῦται· ὁ δὲ — ἠκροώμην
       γὰρ ἅπαντα παρανέων τῷ σκάφει — ἐπεὶ ταῦτα ὑμῖν δέδοκται, ἔφη, ἀλλὰ τὴν σκευὴν ἀναλαβόντα με
       καὶ ᾅσαντα θρῆνόν τινα ἐπʼ ἐμαυτῷ ἑκόντα ἐάσατε ῥῖψαι ἐμαυτόν. ἐπέτρεψαν οἱ ναῦται καὶ
       ἀνέλαβε τὴν σκευὴν καὶ ᾖσε πάνυ λιγυρόν, καὶ ἔπεσεν ἐς τὴν θάλατταν ὡς <pb xml:id="p.127"/>
       αὐτίκα πάντως ἀποθανούμενος· ἐγὼ δὲ ὑπολαβὼν καὶ ἀναθέμενος αὐτὸν ἐξενηξάμην ἔχων ἐς
       Ταίναρον. </p>
               </sp>
               <sp>
                  <speaker>Ποσειδῶν</speaker>
                  <p> ἐπαινῶ σε τῆς φιλομουσίας· ἄξιον γὰρ τὸν μισθὸν ἀποδέδωκας αὐτῷ ἀκροάσεως.</p>
               </sp>
            </div>
         </div>
         <div type="book" n="9">
            <head>ποσειδον ανδ νερειδες</head>
            <div type="section" n="310">
               <milestone unit="chapter" n="1"/>
               <sp>
                  <speaker>Ποσειδῶν</speaker>
                  <p> τὸ μὲν στενὸν τοῦτο, ἔνθα ἡ παῖς κατηνέχθη, Ἑλλήσποντος ἀπʼ αὐτῆς καλείσθω· τὸν δὲ νεκρὸν
       ὑμεῖς, ὦ Νηρηίδες, παραλαβοῦσαι τῇ Τρῳάδι προσενέγκατε, ὡς ταφείη ὑπὸ τῶν ἐπιχωρίων. </p>
               </sp>
            </div>
            <div type="section" n="311">
               <sp>
                  <speaker>Ἀμφιτρίτη</speaker>
                  <p> μηδαμῶς, ὦ Πόσειδον, ἀλλʼ ἐνταῦθα ἐν τῷ ἐπωνύμῳ πελάγει τεθάφθω· ἐλεοῦμεν γὰρ αὐτὴν
       οἴκτιστα ὑπὸ τῆς μητρυιᾶς πεπονθυῖαν. </p>
               </sp>
            </div>
            <div type="section" n="312">
               <sp>
                  <speaker>Ποσειδῶν</speaker>
                  <p> τοῦτο μέν, ὦ Ἀμφιτρίτη, οὐ θέμις· οὐδὲ ἄλλως καλὸν ἐνταῦθά που κεῖσθαι ὑπὸ τῇ ψάμμῳ αὐτήν,
       ἀλλʼ ὅπερ ἔφην ἐν τῇ Τρῳάδι ἢ ἐν Χερρονήσῳ τεθάψεται. ἐκεῖνο δὲ παραμύθιον οὐ μικρὸν ἔσται
       αὐτῇ, ὅτι μετʼ ὀλίγον τὰ αὐτὰ καὶ ἡ Ἰνὼ πείσεται καὶ ἐμπεσεῖται ὑπὸ τοῦ Ἀθάμαντος διωκομένη
       ἐς τὸ πέλαγος ἀπʼ ἄκρου τοῦ Κιθαιρῶνος, καθʼ ὅπερ καθήκει ἐς τὴν θάλατταν, ἔχουσα καὶ τὸν
       υἱὸν ἐπὶ τῆς ἀγκάλης. ἀλλὰ κἀκείνην σῶσαι δεήσει χαρισαμένους τῷ Διονύσῳ· τροφὸς γὰρ αὐτοῦ
       καὶ τίτθη ἡ Ἰνώ. <milestone unit="chapter" n="2"/>
                  </p>
               </sp>
               <sp>
                  <speaker>Ἀμφιτρίτη</speaker>
                  <p> οὐκ ἐχρῆν οὕτω πονηρὰν οὖσαν. </p>
               </sp>
            </div>
            <div type="section" n="313">
               <sp>
                  <speaker>Ποσειδῶν</speaker>
                  <p> ἀλλὰ τῷ Διονύσῳ ἀχαριστεῖν, ὦ Ἀμφιτρίτη, οὐκ ἄξιον. </p>
               </sp>
               <sp>
                  <speaker>Νηρηίδες</speaker>
                  <p> αὕτη δὲ ἄρα τί παθοῦσα κατέπεσεν ἀπὸ τοῦ κριοῦ; ὁ ἀδελφὸς δὲ ὁ Φρίξος ἀσφαλῶς ὀχεῖται;
      </p>
               </sp>
               <sp>
                  <speaker>Ποσειδῶν</speaker>
                  <p> εἰκότως· νεανίας γὰρ καὶ δυνατὸς ἀντέχειν πρὸς τὴν φοράν, ἡ δὲ ὑπʼ ἀηθείας ἐπιβᾶσα
       ὀχήματος παραδόξου <pb xml:id="p.128"/> καὶ ἀπιδοῦσα ἐς βάθος ἀχανές, ἐκπλαγεῖσα καὶ τῷ
       θάλπει ἅμα συσχεθεῖσα καὶ ἰλιγγιάσασα πρὸς τὸ σφοδρὸν τῆς πτήσεως ἀκρατὴς ἐγένετο τῶν κεράτων
       τοῦ</p>
               </sp>
            </div>
            <div type="section" n="314">
               <sp>
                  <p>κριοῦ, ὧν τέως ἐπείληπτο, καὶ κατέπεσεν ἐς τὸ πέλαγος. </p>
               </sp>
               <sp>
                  <speaker>Νηρηίδες</speaker>
                  <p> οὔκουν ἐχρῆν τὴν μητέρα τὴν Νεφέλην βοηθῆσαι πιπτούσῃ; </p>
               </sp>
               <sp>
                  <speaker>Ποσειδῶν</speaker>
                  <p> ἐχρῆν ἀλλʼ ἡ Μοῖρα τῆς Νεφέλης πολλῷ δυνατωτέρα.</p>
               </sp>
            </div>
         </div>
         <div type="book" n="10">
            <head>ιρις ανδ ποσειδον</head>
            <div type="section" n="315">
               <milestone unit="chapter" n="1"/>
               <sp>
                  <speaker>Ἶρις</speaker>
                  <p> τὴν νῆσον τὴν πλανωμένην, ὦ Πόσειδον, ἣν ἀποσπασθεῖσαν τῆς Σικελίας ὕφαλον ἔτι νήχεσθαι
       συμβέβηκε, ταύτην, φησὶν ὁ Ζεύς, στῆσον ἤδη καὶ ἀνάφηνον καὶ ποίησον ἤδη δῆλον ἐν τῷ Αἰγαίῳ
       μέσῳ βεβαίως μένειν στηρίξας πάνυ ἀσφαλῶς· δεῖται γάρ τι αὐτῆς. </p>
               </sp>
               <sp>
                  <speaker>Ποσειδῶν</speaker>
                  <p> πεπράξεται ταῦτα, ὦ Ἶρι. τίνα δὲ ὅμως παρέξει αὐτῷ τὴν χρείαν ἀναφανεῖσα καὶ μηκέτι
       πλέουσα; </p>
               </sp>
               <sp>
                  <speaker>Ἶρις</speaker>
                  <p> τὴν Λητὼ ἐπʼ αὐτῆς δεῖ ἀποκυῆσαι· ἤδη γὰρ πονήρως ὑπὸ τῶν ὠδίνων ἔχει. </p>
               </sp>
               <sp>
                  <speaker>Ποσειδῶν</speaker>
                  <p> τί οὖν; οὐχ ἱκανὸς ὁ οὐρανὸς ἐντεκεῖν; εἰ δὲ μὴ οὗτος, ἀλλʼ ἥ γε γῆ πᾶσα οὐκ ἂν δύναιτο
       ὑποδέξασθαι τὰς γονὰς αὐτῆς; </p>
               </sp>
               <sp>
                  <speaker>Ἶρις</speaker>
                  <p> οὔκ, ὦ Πόσειδον· ἡ Ἥρα γὰρ ὅρκῳ μεγάλῳ κατέλαβε τὴν γῆν, μὴ παρασχεῖν τῇ Λητοῖ τῶν ὠδίνων
       ὑποδοχήν. ἡ τοίνυν νῆσος αὕτη ἀνώμοτός ἐστιν· ἀφανὴς γὰρ ἦν. <milestone unit="chapter" n="2"/>
                  </p>
               </sp>
               <sp>
                  <speaker>Ποσειδῶν</speaker>
                  <p> συνίημι. στῆθι, ὦ νῆσε, καὶ ἀνάδυθι αὖθις ἐκ τοῦ βυθοῦ καὶ μηκέτι ὑποφέρου, ἀλλὰ βεβαίως
       μένε καὶ ὑπόδεξαι, ὦ εὐδαιμονεστάτη, τοῦ ἀδελφοῦ τα τέκνα δύο, τοὺς καλλίστους τῶν θεῶν· καὶ
       ὑμεῖς, ὦ <pb xml:id="p.129"/> Τρίτωνες, διαπορθμεύσατε τὴν Λητὼ ἐς αὐτήν· καὶ γαληνὰ ἅπαντα
       ἔστω. τὸν δράκοντα δέ, ὃς νῦν ἐξοιστρεῖ αὐτὴν φοβῶν, τὰ νεογνὰ ἐπειδὰν τεχθῇ, αὐτίκα μέτεισι
       καὶ τιμωρήσει τῇ μητρί. σὺ δὲ ἀπάγγελλε τῷ Διὶ πάντα</p>
               </sp>
            </div>
            <div type="section" n="316">
               <sp>
                  <p>εἶναι εὐτρεπῆ· ἕστηκεν ἡ Δῆλος· ἡκέτω ἡ Λητὼ ἤδη καὶ τικτέτω.</p>
               </sp>
            </div>
         </div>
         <div type="book" n="11">
            <head>χαντηυς ανδ τηαλασσα</head>
            <div type="section" n="317">
               <milestone unit="chapter" n="1"/>
               <sp>
                  <speaker>Ξάνθος</speaker>
                  <p> δέξαι με, ὦ θάλασσα, δεινὰ πεπονθότα καὶ κατάσβεσόν μου τὰ τραύματα. </p>
               </sp>
               <sp>
                  <speaker>Θάλασσα</speaker>
                  <p> τί τοῦτο, ὦ Ξάνθε; τίς σε κατέκαυσεν; </p>
               </sp>
               <sp>
                  <speaker>Ξάνθος</speaker>
                  <p> ὁ Ἥφαιστος. ἀλλʼ ἀπηνθράκωμαι ὅλος ὁ κακοδαίμων καὶ ζέω. </p>
               </sp>
               <sp>
                  <speaker>Θάλασσα</speaker>
                  <p> διὰ τί δαί σοι καὶ ἐνέβαλε τὸ πῦρ; </p>
               </sp>
               <sp>
                  <speaker>Ξάνθος</speaker>
                  <p> διὰ τὸν ταύτης υἱὸν τῆς Θέτιδος· ἐπεὶ γὰρ φονεύοντα τοὺς Φρύγας ἱκετεύσας οὐκ ἔπαυσα τῆς
       ὀργῆς, ἀλλʼ ὑπὸ τῶν νεκρῶν ἐνέφραττέ μοι τὸν ῥοῦν, ἐλεήσας τοὺς ἀθλίους ἐπῆλθον ἐπικλύσαι
       ἐθέλων, ὡς φοβηθεὶς ἀπόσχοιτο τῶν ἀνδρῶν. <milestone unit="chapter" n="2"/> ἐνταῦθα ὁ
       Ἥφαιστος — ἔτυχε γὰρ πλησίον που ὤν — πᾶν ὅσον, οἶμαι, πῦρ εἶχε καὶ ὅσον ἐν τῇ Αἴτνῃ καὶ εἴ
       ποθι ἄλλοθι, φέρων ἐπῆλθέ μοι, καὶ ἔκαυσε μὲν τὰς πτελέας καὶ μυρίκας, ὤπτησε δὲ καὶ τοὺς
       κακοδαίμονας ἰχθῦς καὶ τὰς ἐγχέλεις, αὐτὸν δὲ ἐμὲ ὑπερκαχλάσαι ποιήσας μικροῦ δεῖν ὅλον ξηρὸν
       εἴργασται. ὁρᾷς γοῦν, ὅπως διάκειμαι ὑπὸ τῶν ἐγκαυμάτων.</p>
               </sp>
            </div>
            <div type="section" n="318">
               <sp>
                  <p/>
               </sp>
               <sp>
                  <speaker>Θάλασσα</speaker>
                  <p> θολερός, ὦ Ξάνθε, καὶ θερμός, ὡς εἰκός, τὸ αἷμα μὲν ἀπὸ τῶν νεκρῶν, ἡ θέρμη δέ, ὡς φής,
       ἀπὸ τοῦ πυρός· καὶ εἰκότως, ὦ Ξάνθε, ὃς ἐπὶ τὸν ἐμὸν υἱωνὸν ὥρμησας οὐκ αἰδεσθεὶς ὅτι
       Νηρηίδος υἱὸς ἦν. <pb xml:id="p.130"/>
                  </p>
               </sp>
               <sp>
                  <speaker>Ξάνθος</speaker>
                  <p> οὐκ ἔδει οὖν ἐλεῆσαι γείτονας ὄντας τοὺς Φρύγας; </p>
               </sp>
               <sp>
                  <speaker>Θάλασσα</speaker>
                  <p> τὸν Ἥφαιστον δὲ οὐκ ἔδει ἐλεῆσαι Θέτιδος υἱὸν ὄντα τὸν Ἀχιλλέα,</p>
               </sp>
            </div>
         </div>
         <div type="book" n="12">
            <head>δορις ανδ τηετις</head>
            <div type="section" n="319">
               <milestone unit="chapter" n="1"/>
               <sp>
                  <speaker>Δῶρις</speaker>
                  <p>τί δακρύεις, ὦ Θέτι; </p>
               </sp>
               <sp>
                  <speaker>Θέτις</speaker>
                  <p> καλλίστην, ὦ Δωρί, κόρην εἶδον ἐς κιβωτὸν ὑπὸ τοῦ πατρὸς ἐμβληθεῖσαν, αὐτήν τε καὶ βρέφος
       αὐτῆς ἀρτιγέννητον· ἐκέλευσε δὲ ὁ πατὴρ τοὺς ναύτας ἀναλαβόντας τὸ κιβώτιον, ἐπειδὰν πολὺ ἀπὸ
       τῆς γῆς ἀποσπάσωσιν, ἀφεῖναι ἐς τὴν θάλατταν, ὡς ἀπόλοιτο ἡ ἀθλία, καὶ αὐτὴ καὶ τὸ βρέφος.
      </p>
               </sp>
               <sp>
                  <speaker>Δῶρις</speaker>
                  <p>τίνος δὲ ἕνεκα, ὦ ἀδελφή; εἰπέ, εἴ τι ἔμαθες ἀκριβῶς ἅπαντα. </p>
               </sp>
               <sp>
                  <speaker>Θέτις</speaker>
                  <p> ὁ Ἀκρίσιος ὁ πατὴρ αὐτῆς καλλίστην οὖσαν ἐπαρθένευεν ἐς χαλκοῦν τινα θάλαμον ἐμβαλών·
       εἶτα, εἰ μὲν ἀληθὲς οὐκ ἔχω εἰπεῖν, φασὶ δʼ οὖν τὸν Δία χρυσὸν γενόμενον ῥυῆναι διὰ τοῦ
       ὀρόφου ἐπʼ αὐτήν, δεξαμένην δὲ ἐκείνην ἐς τὸν κόλπον καταρρέοντα τὸν θεὸν ἐγκύμονα γενέσθαι.
       τοῦτο αἰσθόμενος ὁ πατήρ, ἄγριός τις καὶ ζηλότυπος γέρων, ἠγανάκτησε καὶ ὑπό τινος
       μεμοιχεῦσθαι οἰηθεὶς αὐτὴν ἐμβάλλει ἐς τὴν κιβωτὸν ἄρτι τετοκυῖαν. <milestone unit="chapter" n="2"/>
                  </p>
               </sp>
               <sp>
                  <speaker>Δῶρις</speaker>
                  <p>ἡ δὲ τί ἔπραττεν, ὦ Θέτι, ὁπότε καθίετο; </p>
               </sp>
               <sp>
                  <speaker>Θέτις</speaker>
                  <p> ὑπὲρ αὐτῆς μὲν ἐσίγα, ὦ Δωρί, καὶ ἔφερε τὴν καταδίκην, τὸ βρέφος δὲ παρῃτεῖτο μὴ ἀποθανεῖν
       δακρύουσα καὶ τῷ πάππῳ δεικνύουσα αὐτό, κάλλιστον ὄν· τὸ δὲ ὑπʼ ἀγνοίας τῶν κακῶν ὑπεμειδία
       πρὸς τὴν <pb xml:id="p.131"/> θάλατταν. ὑποπίμπλαμαι αὖθις τοὺς ὀφθαλμοὺς δακρύων</p>
               </sp>
            </div>
            <div type="section" n="320">
               <sp>
                  <p>μνημονεύουσα αὐτῶν. </p>
               </sp>
               <sp>
                  <speaker>Δῶρις</speaker>
                  <p>κἀμὲ δακρῦσαι ἐποίησας. ἀλλʼ ἤδη τεθνᾶσιν; </p>
               </sp>
               <sp>
                  <speaker>Θέτις</speaker>
                  <p> οὐδαμῶς· νήχεται γὰρ ἔτι ἡ κιβωτὸς ἀμφὶ τὴν Σέριφον ζῶντας αὐτοὺς φυλάττουσα. </p>
               </sp>
               <sp>
                  <speaker>Δῶρις</speaker>
                  <p> τί οὖν οὐχὶ σώζομεν αὐτὴν τοῖς ἁλιεῦσι τούτοις ἐμβαλοῦσαι ἐς τὰ δίκτυα τοῖς Σεριφίοις; οἱ
       δὲ ἀνασπάσαντες σώσουσι δῆλον ὅτι. </p>
               </sp>
               <sp>
                  <speaker>Θέτις</speaker>
                  <p> εὖ λέγεις, οὕτω ποιῶμεν· μὴ γὰρ ἀπολέσθω μήτε αὐτὴ μήτε τὸ παιδίον οὕτως ὂν καλόν.</p>
               </sp>
            </div>
         </div>
         <div type="book" n="13">
            <head>ενιπευς ανδ ποσειδον</head>
            <div type="section" n="321">
               <milestone unit="chapter" n="1"/>
               <sp>
                  <speaker>Ἐνιπεύς</speaker>
                  <p> οὐ καλὰ ταῦτα, ὦ Πόσειδον· εἰρήσεται γὰρ τἀληθές· ὑπελθών μου τὴν ἐρωμένην εἰκασθεὶς ἐμοὶ
       διεκόρευσας τὴν παῖδα· ἡ δὲ ᾤετο ὑπʼ ἐμοῦ ταῦτα πεπονθέναι καὶ διὰ τοῦτο παρεῖχεν ἑαυτήν.
      </p>
               </sp>
               <sp>
                  <speaker>Ποσειδῶν</speaker>
                  <p> σὺ γάρ, ὦ Ἐνιπεῦ, ὑπεροπτικὸς ἦσθα καὶ βραδύς, ὃς κόρης οὕτω καλῆς φοιτώσης ὁσημέραι παρὰ
       σέ, ἀπολλυμένης ὑπὸ τοῦ ἔρωτος, ὑπερεώρας καὶ ἔχαιρες λυπῶν αὐτήν, ἡ δὲ περὶ τὰς ὄχθας
       ἁλύουσα καὶ ἐπεμβαίνουσα καὶ λουομένη ἐνίοτε ηὔχετό σοι ἐντυχεῖν, σὺ δὲ ἐθρύπτου πρὸς αὐτήν.
        <milestone unit="chapter" n="2"/>
                  </p>
               </sp>
               <sp>
                  <speaker>Ἐνιπεύς</speaker>
                  <p> τί οὖν; διὰ τοῦτο ἐχρῆν σε προαρπάσαι τὸν ἔρωτα καὶ καθυποκρίνασθαι Ἐνιπέα ἀντὶ Ποσειδῶνος
       εἶναι καὶ κατασοφίσασθαι τὴν Τυρὼ ἀφελῆ κόρην οὖσαν; </p>
               </sp>
               <sp>
                  <speaker>Ποσειδῶν</speaker>
                  <p> ὀψὲ ζηλοτυπεῖς, ὦ Ἐνιπεῦ, ὑπερόπτης πρότερον ὤν· ἡ Τυρὼ δὲ οὐδὲν δεινὸν πέπονθεν οἰομένη
       ὑπὸ σοῦ διακεκορεῦσθαι. </p>
               </sp>
               <sp>
                  <speaker>Ἐνιπεύς</speaker>
                  <p> οὐ μὲν οὖν· ἔφησθα γὰρ ἀπιὼν ὅτι Ποσειδῶν <pb xml:id="p.132"/> δῶν ἦσθα, ὃ καὶ μάλιστα
       ἐλύπησεν αὐτήν· καὶ ἐγὼ τοῦτο ἠδίκημαι, ὅτι τὰ ἐμὰ σὺ ηὐφραίνου τότε καὶ περιστήσας πορφύρεόν
       τι κῦμα, ὅπερ ὑμᾶς συνέκρυπτεν ἅμα, συνῆσθα τῇ παιδὶ ἀντʼ ἐμοῦ. </p>
               </sp>
               <sp>
                  <speaker>Ποσειδῶν</speaker>
                  <p> ναί· σὺ γὰρ οὐκ ἤθελες, ὦ Ἐνιπεῦ.</p>
               </sp>
            </div>
         </div>
         <div type="book" n="14">
            <head>τριτον ανδ νηριδες</head>
            <div type="section" n="322">
               <milestone unit="chapter" n="1"/>
               <sp>
                  <speaker>Τρίτων</speaker>
                  <p> τὸ κῆτος ὑμῶν, ὦ Νηρηίδες, ὃ ἐπὶ τὴν τοῦ Κηφέως θυγατέρα τὴν Ἀνδρομέδαν ἐπέμψατε, οὔτε τὴν
       παῖδα ἠδίκησεν, ὡς οἴεσθε, καὶ αὐτὸ ἤδη τέθνηκεν. </p>
               </sp>
               <sp>
                  <speaker>Νηρηίδες</speaker>
                  <p> ὑπὸ τίνος, ὦ Τρίτων; ἢ ὁ Κηφεὺς καθάπερ δέλεαρ προθεὶς τὴν κόρην ἀπέκτεινεν ἐπιών, λοχήσας
       μετὰ πολλῆς δυνάμεως; </p>
               </sp>
               <sp>
                  <speaker>Τρίτων</speaker>
                  <p> οὔκ· ἀλλὰ ἴστε, οἶμαι, ὦ Ἰφιάνασσα, τὸν Περσέα, τὸ τῆς Δανάης παιδίον, ὃ μετὰ τῆς μητρὸς
       ἐν τῇ κιβωτῷ ἐμβληθὲν ἐς τὴν θάλατταν ὑπὸ τοῦ μητροπάτορος ἐσώσατε οἰκτείρασαι αὐτούς. </p>
               </sp>
               <sp>
                  <speaker>Ἰφιάνασσα</speaker>
                  <p> οἶδα ὃν λέγεις· εἰκὸς δὲ ἤδη νεανίαν εἶναι καὶ μάλα γενναῖόν τε καὶ καλὸν ἰδεῖν. </p>
               </sp>
               <sp>
                  <speaker>Τρίτων</speaker>
                  <p> οὗτος ἀπέκτεινε τὸ κῆτος. </p>
               </sp>
               <sp>
                  <speaker>Ἰφιάνασσα</speaker>
                  <p> διὰ τί, ὦ Τρίτων; οὐ γὰρ δὴ σῶστρα ἡμῖν τοιαῦτα ἐκτίνειν αὐτὸν ἐχρῆν. <milestone unit="chapter" n="2"/>
                  </p>
               </sp>
               <sp>
                  <speaker>Τρίτων</speaker>
                  <p> ἐγὼ ὑμῖν φράσω τὸ πᾶν ὡς ἐγένετο· ἐστάλη μὲν οὗτος ἐπὶ τὰς Γοργόνας ἆθλόν τινα τοῦτον τῷ
       βασιλεῖ ἐπιτελῶν, ἐπεὶ δὲ ἀφίκετο ἐς τὴν Λιβύην — </p>
               </sp>
               <sp>
                  <speaker>Ἰφιάνασσα</speaker>
                  <p> πῶς, ὦ Τρίτων; μόνος; ἢ καὶ ἄλλους συμμάχους ἦγεν; ἄλλως γὰρ δύσπορος ἡ ὁδός. </p>
               </sp>
               <sp>
                  <speaker>Τρίτων</speaker>
                  <p> διὰ τοῦ ἀέρος· ὑπόπτερον γὰρ αὐτὸν ἡ Αθηνᾶ ἔθηκεν. ἐπεὶ δʼ οὖν ἧκεν ὅπου διῃτφντο, αἱ μὲν
        <pb xml:id="p.133"/> ἐκάθευδον, οἶμαι, ὁ δὲ ἀποτεμὼν τῆς Μεδούσης την κεφαλὴν ᾤχετο
       ἀποπτάμενος. </p>
               </sp>
            </div>
            <div type="section" n="323">
               <sp>
                  <speaker>Ἰφιάνασσα</speaker>
                  <p> πῶς ἰδών; ἀθέατοι γάρ εἰσιν· ἢ ὃς ἂν ἴδῃ, οὐκ ἄν τι ἄλλο μετὰ ταύτας ἴδοι. </p>
               </sp>
               <sp>
                  <speaker>Τρίτων</speaker>
                  <p> ἡ Ἀθηνᾶ τὴν ἀσπίδα προφαίνουσα — τοιαῦτα γὰρ ἤκουσα διηγουμένου αὐτοῦ πρὸς τὴν Ἀνδρομέδαν
       καὶ πρὸς τὸν Κηφέα ὕστερον — ἡ Ἀθηνᾶ δὴ ἐπὶ τῆς ἀσπίδος ἀποστιλβούσης ὥσπερ ἐπὶ τοῦ κατόπτρου
       παρέσχεν αὐτῷ ἰδεῖν τὴν εἰκόνα τῆς Μεδούσης· εἶτα λαβόμενος τῇ λαιᾷ τῆς κόμης, ἐνορῶν δʼ ἐς
       τὴν εἰκόνα, τῇ δεξιᾷ τὴν ἅρπην ἔχων, ἀπέτεμε τὴν κεφαλὴν αὐτῆς, καὶ πρὶν ἀνεγρέσθαι τὰς
       ἀδελφὰς ἀνέπτατο. <milestone unit="chapter" n="3"/> ἐπεὶ δὲ κατὰ τὴν παράλιον ταύτην
       Αἰθιοπίαν ἐγένετο, ἤδη πρόσγειος πετόμενος, ὁρᾷ τὴν Ἀνδρομέδαν προκειμένην ἐπί τινος πέτρας
       προβλῆτος προσπεπατταλευμένην, καλλίστην, ὦ θεοί, καθειμένην τὰς κόμας, ἡμίγυμνον πολὺ
       ἔνερθεν τῶν μαστῶν· καὶ τὸ μὲν πρῶτον οἰκτείρας τὴν τύχην αὐτῆς ἀνηρώτα τὴν αἰτίαν τῆς
       καταδίκης, κατὰ μικρὸν δὲ ἁλοὺς ἔρωτι — ἐχρῆν γὰρ σεσῶσθαι τὴν παῖδα — βοηθεῖν διέγνω· καὶ
       ἐπειδὴ τὸ κῆτος ἐπῄει μάλα φοβερὸν ὡς καταπιόμενον τὴν Ἀνδρομέδαν, ὑπεραιωρηθεὶς ὁ νεανίσκος
       πρόκωπον ἔχων τὴν ἅρπην τῇ μὲν καθικνεῖται, τῇ δὲ προδεικνὺς τὴν Γοργόνα λίθον ἐποίει αὐτό,
       τὸ δὲ τέθνηκεν ὁμοῦ καὶ πέπηγεν αὐτοῦ τὰ πολλά,</p>
               </sp>
            </div>
            <div type="section" n="324">
               <sp>
                  <p>ὅσα εἶδε τὴν Μέδουσαν· ὁ δὲ λύσας τὰ δεσμὰ τῆς παρθένου, ὑποσχὼν τὴν χεῖρα ὑπεδέξατο
       ἀκροποδητὶ κατιοῦσαν ἐκ τῆς πέτρας ὀλισθηρᾶς οὔσης, καὶ νῦν γαμεῖ ἐν τοῦ Κηφέως καὶ ἀπάξει
       αὐτὴν ἐς Ἄργος, ὥστε ἀντὶ θανάτου γάμον οὐ τὸν τυχόντα εὕρετο. <milestone unit="chapter" n="4"/>
                  </p>
               </sp>
               <sp>
                  <speaker>Ἰφιάνασσα</speaker>
                  <p> ἐγὼ μὲν οὐ πάνυ τῷ γεγονότι ἄχθομαι· τί γὰρ ἡ παῖς ἠδίκει ἡμᾶς, εἴ τι ἡ μήτηρ
       ἐμεγαλαυχεῖτο καὶ ἠξίου καλλίων εἶναι; <pb xml:id="p.134"/>
                  </p>
               </sp>
               <sp>
                  <speaker>Δῶρις</speaker>
                  <p>ὅτι οὕτως ἂν ἤλγησεν ἐπὶ τῇ θυγατρὶ μήτηρ γε οὖσα. </p>
               </sp>
               <sp>
                  <speaker>Ἰφιάνασσα</speaker>
                  <p> μηκέτι μεμνώμεθα, ὦ Δωρί, ἐκείνων, εἴ τι βάρβαρος γυνὴ ὑπὲρ τὴν ἀξίαν ἐλάλησεν· ἱκανὴν γὰρ
       ἡμῖν τιμωρίαν ἔδωκε φοβηθεῖσα ἐπὶ τῇ παιδί. χαίρωμεν οὖν τῷ γάμῳ.</p>
               </sp>
            </div>
         </div>
         <div type="book" n="15">
            <head>ζεπηψρυς ανδ νοτυς</head>
            <div type="section" n="325">
               <milestone unit="chapter" n="1"/>
               <sp>
                  <speaker>Ζέφυρος</speaker>
                  <p> οὐ πώποτε πομπὴν ἐγὼ μεγαλοπρεπεστέραν εἶδον ἐν τῇ θαλάττῃ, ἀφʼ οὗ γέ εἰμι καὶ πνέω. σὺ δὲ
       οὐκ εἶδες, ὦ Νότε; </p>
               </sp>
               <sp>
                  <speaker>Νότος</speaker>
                  <p> τίνα ταύτην λέγεις, ὦ Ζέφυρε, τὴν πομπήν; ἢ τίνες οἱ πέμποντες ἦσαν; </p>
               </sp>
               <sp>
                  <speaker>Ζέφυρος</speaker>
                  <p> ἡδίστου θεάματος ἀπελείφθης, οἷον οὐκ ἂν ἄλλο ἴδοις ἔτι. </p>
               </sp>
               <sp>
                  <speaker>Νότος</speaker>
                  <p> περὶ τὴν ἐρυθρὰν γὰρ θάλατταν εἰργαζόμην, ἐπέπνευσα δὲ καὶ μέρος τῆς Ἰνδικῆς, ὅσα παράλια
       τῆς χώρας· οὐδὲν οὖν οἶδα ὧν λέγεις. </p>
               </sp>
               <sp>
                  <speaker>Ζέφυρος</speaker>
                  <p> ἀλλὰ τὸν Σιδώνιον Ἀγήνορα οἶδας; </p>
               </sp>
               <sp>
                  <speaker>Νότος</speaker>
                  <p> ναί· τὸν τῆς Εὐρώπης πατέρα. τί μην; </p>
               </sp>
               <sp>
                  <speaker>Ζέφυρος</speaker>
                  <p> περὶ αὐτῆς ἐκείνης διηγήσομαί σοι. </p>
               </sp>
               <sp>
                  <speaker>Νότος</speaker>
                  <p> μῶν ὅτι ὁ Ζεὺς ἐραστὴς τῆς παιδὸς ἐκ πολ λοῦ; τοῦτο γὰρ καὶ πάλαι ἠπιστάμην. </p>
               </sp>
               <sp>
                  <speaker>Ζέφυρος</speaker>
                  <p> οὐκοῦν τὸν μὲν ἔρωτα οἶσθα, τὰ μετὰ ταῦτα δὲ ἤδη ἄκουσον. <milestone unit="chapter" n="2"/> ἡ μὲν Εὐρώπη κατεληλύθει ἐπὶ τὴν ἠϊόνα παίζουσα τὰς ἡλικιώτιδας παραλαβοῦσα, ὁ Ζεὺς δὲ</p>
               </sp>
            </div>
            <div type="section" n="326">
               <sp>
                  <p>ταύρῳ εἰκάσας ἑαυτὸν συνέπαιζεν αὐταῖς κάλλιστος φαινόμενος· λευκός τε γὰρ ἦν ἀκριβῶς καὶ
       τὰ κέρατα εὐκαμπὴς καὶ τὸ βλέμμα ἥμερος· ἐσκίρτα οὖν καὶ αὐτὸς ἐπὶ τῆς ἠϊόνος καὶ ἐμυκᾶτο
       ἥδιστον, ὥστε τὴν Εὐρώπην τολμῆσαι <pb xml:id="p.135"/> καὶ ἀναβῆναι αὐτόν. ὡς δὲ τοῦτο
       ἐγένετο, δρομαῖος μὲν ὁ Ζεὺς ὥρμησεν ἐπὶ τὴν θάλατταν φέρων αὐτὴν καὶ ἐνήχετο ἐμπεσών, ἡ δὲ
       πάνυ ἐκπλαγὴς τῷ πράγματι τῇ λαιᾷ μὲν εἴχετο τοῦ κέρατος, ὡς μὴ ἀπολισθάνοι, τῇ ἑτέρᾳ δὲ
       ἠνεμωμένον τὸν πέπλον ξυνεῖχεν. <milestone unit="chapter" n="3"/>
                  </p>
               </sp>
               <sp>
                  <speaker>Νότος</speaker>
                  <p> ἡδὺ τοῦτο θέαμα εἶδες, ὦ Ζέφυρε, καὶ ἐρωτικόν, νηχόμενον τὸν Δία φέροντα τὴν ἀγαπωμένην.
      </p>
               </sp>
            </div>
            <div type="section" n="327">
               <sp>
                  <speaker>Ζέφυρος</speaker>
                  <p> καὶ μὴν τὰ μετὰ ταῦτα ἡδίω παρὰ πολύ, ὦ Νότε· ἥ τε γὰρ θάλαττα εὐθὺς ἀκύμων ἐγένετο καὶ
       τὴν γαλήνην ἐπισπασαμένη λείαν παρεῖχεν ἑαυτήν, ἡμεῖς δὲ πάντες ἡσυχίαν ἄγοντες οὐδὲν ἄλλο ἢ
       θεαταὶ μόνον τῶν γιγνομένων παρηκολουθοῦμεν, Ἔρωτες δὲ παραπετόμενοι μικρὸν ἐκ τῆς θαλάττης,
       ὡς ἐνίοτε ἄκροις τοῖς ποσὶν ἐπιψαύειν τοῦ ὕδατος, ἡμμένας τὰς δᾷδας φέροντες ᾖδον ἅμα τὸν
       ὑμέναιον, αἱ Νηρηίδες δὲ ἀναδῦσαι παρίππευον ἐπὶ τῶν δελφίνων ἐπικροτοῦσαι ἡμίγυμνοι αἱ
       πολλαί, τό τε τῶν Τριτώνων γένος καὶ εἴ τι ἄλλο μὴ φοβερὸν ἰδεῖν τῶν θαλαττίων ἅπαντα
       περιεχόρευε τὴν παῖδα· ὁ μὲν γὰρ Ποσειδῶν ἐπιβεβηκὼς ἅρματος, παροχουμένην τὴν Ἀμφιτρίτην
       ἔχων προῆγε γεγηθὼς ὁδοποιῶν νηχομένῳ τῷ ἀδελφῷ· ἐπὶ πᾶσι δὲ τὴν Ἀφροδίτην δύο Τρίτωνες
       ἔφερον ἐπὶ κόγχης κατακειμένην, ἄνθη παντοῖα ἐπιπάττουσαν τῇ νύμφῃ. <milestone unit="chapter" n="4"/> ταῦτα ἐκ Φοινίκης ἄχρι τῆς Κρήτης ἐγένετο· ἐπεὶ δὲ ἐπέβη τῇ νήσῳ, ὁ μὲν ταῦρος
       οὐκέτι ἐφαίνετο, ἐπιλαβόμενος δὲ τῆς χειρὸς ὁ Ζεὺς ἀπῆγε τὴν Εὐρώπην ἐς τὸ Δικταῖον ἄντρον
       ἐρυθριῶσαν καὶ κάτω ὁρῶσαν· ἠπίστατο γὰρ ἤδη ἐφʼ ὅτῳ ἄγοιτο. ἡμεῖς δὲ ἐμπεσόντες ἄλλο ἄλλος
       τοῦ πελάγους μέρος διεκυμαίνομεν. </p>
               </sp>
               <sp>
                  <speaker>Νότος</speaker>
                  <p> ὦ μακάριε Ζέφυρε τῆς θέας· ἐγὼ δὲ γρῦπας καὶ ἐλέφαντας καὶ μέλανας ἀνθρώπους ἑώρων.</p>
               </sp>
            </div>
         </div>
      </body>
   </text>
</TEI>
