<?xml version="1.0" encoding="UTF-8"?><TEI.2>
<teiHeader>
<fileDesc>
<titleStmt>
<title>Phalaris</title>
<title type="sub">Machine readable text</title>
<author n="Plut.">Lucian</author>
<editor role="editor" n="Loeb">A. M. Harmon</editor>
<sponsor>Perseus Project, Tufts University</sponsor>
<principal>Gregory Crane</principal>
<respStmt>
<resp>Prepared under the supervision of</resp>
<name>Lisa Cerrato</name>
<name>William Merrill</name>
<name>Elli Mylonas</name>
<name>David Smith</name>
</respStmt>
<funder n="org:NEH">The National Endowment for the Humanities</funder>
<funder n="org:Google">Google Digital Humanities Awards Program</funder>
</titleStmt>
<extent/>
<publicationStmt>
<publisher>Trustees of Tufts University</publisher>
<pubPlace>Medford, MA</pubPlace>
<authority>Perseus Project</authority>
</publicationStmt>
<sourceDesc>
<listBibl>
<biblStruct>
<monogr>
<author>Lucian</author>
<title>Works</title>
<respStmt>
<resp>with an English Translation by</resp>
<name>A. M. Harmon</name>
</respStmt>
<imprint>
<pubPlace>Cambridge, MA</pubPlace>
<publisher>Harvard University Press</publisher>
<pubPlace>London</pubPlace>
<publisher>William Heinemann Ltd.</publisher>
<date>1913</date>
</imprint>
<biblScope type="volume">1</biblScope>
</monogr>
</biblStruct>
</listBibl>
</sourceDesc>
</fileDesc>
<encodingDesc>
<editorialDecl>
<correction method="silent">
<p>optical character recognition</p>
</correction>
</editorialDecl>
<refsDecl doctype="TEI.2">
<state unit="book" delim="."/>
<state unit="section" n="chunk"/>
</refsDecl>
</encodingDesc>
<profileDesc>
<langUsage>
<language id="greek">Greek</language>
</langUsage>
</profileDesc>
</teiHeader>
<text>
<body>
<pb id="v.1.p.2"/>
<div1 type="book" n="1">
<div2 type="section" n="1">
<p>
 ἔπεμψεν ἡμᾶς, ὦ Δελφοί, ὁ ἡμέτερος δυνάστης Φάλαρις ἄξοντας τῷ θεῷ τὸν ταῦρον τοῦτον καὶ ὑμῖν διαλεξομένους τὰ εἰκότα ὑπέρ τε αὐτοῦ ἐκείνου καὶ ὑπὲρ τοῦ ἀναθήματος. ὧν μὲν οὖν ἕνεκα
ἥκομεν, ταῦτά ἐστιν ἃ δέ γε πρὸς ὑμᾶς ἐπέστειλεν τάδε·
ἐγώ, φησίν, ὦ Δελφοί, καὶ παρὰ πᾶσι μὲν τοῖς Ἕλλησι τοιοῦτος ὑπολαμβάνεσθαι ὁποῖός εἰμι, ἀλλὰ μὴ ὁποῖον ἡ παρὰ τῶν μισούντων καὶ φθονούντων φήμη ταῖς τῶν ἀγνοούντων ἀκοαῖς παραδέδωκεν, ἀντὶ τῶν πάντων ἀλλαξαίμην ἄν, μάλιστα
δὲ παρʼ ὑμῖν, ὅσῳ ἱεροί τέ ἐστε καὶ πάρεδροι τοῦ
Πυθίου καὶ μόνον οὐ σύνοικοι καὶ ὁμωρόφιοι τοῦ θεοῦ. ἡγοῦμαι γάρ, εἰ ὑμῖν ἀπολογησαίμην καὶ πείσαιμι μάτην ὠμὸς ὑπειλῆφθαι, καὶ τοῖς ἄλλοις
ἅπασι διʼ ὑμῶν ἀπολελογημένος ἔσεσθαι. καλῶ
δὲ ὧν ἐρῶ τὸν θεὸν αὐτὸν μάρτυρα, ὃν οὐκ ἔνι
δή που παραλογίσασθαι καὶ ψευδεῖ λόγῳ
<pb id="v.1.p.4"/> παραγαγεῖν ἀνθρώπους μὲν γὰρ ἴσως ἐξαπατῆσαι
ῥᾴδιον, θεὸν δέ, καὶ μάλιστα τοῦτον, διαλαθεῖν ἀδύνατον.
</p>
</div2>
<div2 type="section" n="2">
<p> ἐγὼ γὰρ οὐ τῶν ἀφανῶν ἐν Ἀκράγαντι ὤν,
ἀλλʼ εἰ καί τις ἄλλος εὖ γεγονὼς καὶ τραφεὶς ἐλευθερίως καὶ παιδείᾳ προσεσχηκώς, ἀεὶ διετέλουν
τῇ μὲν πόλει δημοτικὸν ἐμαυτὸν παρέχων, τοῖς δὲ συμπολιτευομένοις ἐπιεικῆ καὶ μέτριον, βίαιον δὲ
ἢ σκαιὸν ἢ ὑβριστικὸν ἢ αὐθέκαστον οὐδεὶς οὐδὲν ἐπεκάλει μου τῷ προτέρῳ ἐκείνῳ βίῳ. ἐπειδὴ δὲ ἑώρων τοὺς τἀναντία μοι πολιτευομένους
ἐπιβουλεύοντας καὶ ἐξ ἅπαντος. τρόπου ἀνελεῖν με ζητοῦντας — διῄρητο δὲ ἡμῶν τότε ἡ πόλις — μίαν ταύτην ἀποφυγὴν καὶ ἀσφάλειαν εὕρισκον, τὴν
αὐτὴν ἅμα καὶ τῇ πόλει σωτηρίαν, εἰ ἐπιθέμενος
τῇ ἀρχῇ ἐκείνους μὲν ἀναστείλαιμι καὶ παύσαιμι
ἐπιβουλεύοντας, τὴν πόλιν δὲ σωφρονεῖν καταναγκάσαιμι· καὶ ἦσαν γὰρ οὐκ ὀλίγοι ταῦτα ἐπαινοῦντες, ἄνδρες μέτριοι καὶ φιλοπόλιδες, οἳ καὶ τὴν γνώμην ᾔδεσαν τὴν ἐμὴν καὶ τῆς ἐπιχειρήσεως τὴν ἀνάγκην τούτοις οὖν ˘ συναγωνισταῖς χρησάμενος ῥᾳδίως ἐκράτησα.
</p>
</div2>
<div2 type="section" n="3">
<p>
τοὐντεῦθεν οἱ μὲν οὐκέτι ἐτάραττον, ἀλλʼ
ὑπήκουον, ἐγὼ δὲ ἦρχον, ἡ πόλις δὲ ἀστασίαστος
ἦν. σφαγὰς δὲ ἢ ἐλάσεις ἢ δημεύσεις οὐδὲ κατὰ τῶν ἐπιβεβουλευκότων εἰργαζόμην, καίτοι ἀναγκαῖον
ὂν τὰ τοιαῦτα τολμᾶν ἐν ἀρχῇ τῆς δυναστείας
<pb id="v.1.p.6"/> μάλιστα. φιλανθρωπίᾳ γὰρ καὶ πρᾳότητι καὶ τῷ ἡμέρῳ κἀξ ἰσοτιμίας θαυμασίως ἐγὼ ἤλπιζον ἐς
τὸ πείθεσθαι προσάξεσθαι τούτους. εὐθὺς γοῦν τοῖς μὲν ἐχθροῖς ἐσπείσμην καὶ διηλλάγμην, καὶ συμβούλοις καὶ συνεστίοις ἐχρώμην τοῖς πλείστοις
αὐτῶν. τὴν δὲ πόλιν αὐτὴν ὁρῶν ὀλιγωρίᾳ τῶν προεστώτων διεφθαρμένην, τῶν πολλῶν
κλεπτόντων, μᾶλλον δὲ ἁρπαζόντων τὰ κοινά, ὑδάτων
τε ἐπιρροίαις ἀνεκτησάμην καὶ οἰκοδομημάτων ἀναστάσεσιν ἐκόσμησα καὶ τειχῶν περιβολῇ
ἐκράτυνα καὶ τὰς προσόδους, ὅσαι ἦσαν κοιναί,
τῇ τῶν ἐφεστώτων ἐπιμελείᾳ ῥᾳδίως ἐπηύξησα καὶ τῆς νεολαίας ἐπεμελούμην καὶ τῶν γερόντων
προὐνόουν καὶ τὸν δῆμον ἐν θέαις καὶ διανομαῖς
καὶ πανηγύρεσι καὶ δημοθοινίαις διῆγον, ὕβρεις
δὲ παρθένων ἢ ἐφήβων διαφθοραὶ ἢ γυναικῶν ἀπαγωγαὶ ἢ δορυφόρων ἐπιπέμψεις ἢ δεσποτική τις ἀπειλὴ ἀποτρόπαιά μοι καὶ ἀκοῦσαι ἦν.
</p>
</div2>
<div2 type="section" n="4">
<p> ἤδη δὲ καὶ περὶ τοῦ ἀφεῖναι τὴν ἀρχὴν καὶ καταθέσθαι τὴν δυναστείαν ἐσκοπούμην, ὅπως
μόνον ἀσφαλῶς παύσαιτο ἄν τις ἐννοῶν, ἐπεὶ τό
γε ἄρχειν αὐτὸ καὶ πάντα πράττειν ἐπαχθὲς ἤδη καὶ σὺν φθόνῳ καματηρὸν ἐδόκει μοι εἶναι· τὸ
δʼ ὅπως μηκέτι τοιαύτης τινὸς θεραπείας δεήσεται
ἡ πόλις, τοῦτʼ ἐζήτουν ἔτι. κἀγὼ μὲν ὁ ἀρχαῖος
περὶ ταῦτα εἶχον, οἱ δὲ ἤδη τε συνίσταντο ἐπʼ ἐμὲ καὶ περὶ τοῦ τρόπου τῆς ἐπιβουλῆς καὶ ἀποστάσεως ἐσκοποῦντο καὶ συνωμοσίας συνεκρότουν
καὶ ὅπλα ἤθροιζον καὶ χρήματα ἐπορίζοντο καὶ
τοὺς ἀστυγείτονας ἐπεκαλοῦντο καὶ εἰς τὴν
<pb id="v.1.p.8"/> Ἑλλάδα παρὰ Λακεδαιμονίους καὶ Ἀθηναίους ἐπρεσβεύοντο· ἅ μὲν γὰρ περὶ ἐμοῦ αὐτοῦ, εἰ ληφθείην, ἐδέδοκτο ἤδη αὐτοῖς καὶ· ὅπως. με
αὐτοχειρίᾳ διασπάσεσθαι ἠπείλουν καὶ ἃς κολάσεις ἐπενόουν, δημοσίᾳ στρεβλούμενοι ἐξεῖπον. τοῦ μὲν δὴ μηδὲν παθεῖν τοιοῦτον οἱ θεοὶ αἴτιοι φωράσαντες τὴν ἐπιβουλήν, καὶ
μάλιστά γε ὁ Πύθιος ὀνείρατά τε προδείξας καὶ τοὺς μηνύσοντας ἕκαστα ἐπιπέμπων.
</p>
</div2>
<div2 type="section" n="5">
<p> ἐγὼ δὲ ἐνταῦθα ἤδη ὑμᾶς, ὦ Δελφοί, ἐπὶ τοῦ αὐτοῦ δέους νῦν τῷ λογισμῷ γενομένους ἀξιῶ περὶ τῶν τότε πρακτέων μοι συμβουλεῦσαι, ὅτε ἀφύλακτος ὀλίγου δεῖν ληφθεὶς ἐζήτουν τινὰ σωτηρίαν περὶ τῶν παρόντων. πρὸς ὀλίγον οὖν τῇ γνώμῃ
ἐς Ἀκράγαντα παρʼ ἐμὲ ἀποδημήσαντες καὶ ἰδόντες τὰς παρασκευὰς αὐτῶν καὶ τὰς ἀπειλὰς ἀκούσαντες εἴπατε τί δεῖ ποιεῖν; φιλανθρωπίᾳ χρῆσθαι πρὸς αὐτοὺς ἔτι καὶ φείδεσθαι καὶ ἀνέχεσθαι ὅσον αὐτίκα μελλήσοντα πείσεσθαι
τὰ ὕστατα; μᾶλλον δὲ γυμνὴν ἤδη ὑπέχειν τὴν
σφαγὴν καὶ τὰ φίλτατα ἐν ὀφθαλμοῖς ὁρᾶν ἀπολλύμενα; ἢ τὰ μὲν τοιαῦτα πάνυ ἠλιθίου τινὸς
εἶναι, γενναῖα δὲ καὶ ἀνδρώδη διανοηθέντα καὶ χολὴν ἔμφρονος καὶ ἠδικημένου ἀνδρὸς ἀναλαβόντα
μετελθεῖν ἐκείνους, ἐμαυτῷ δὲ ἐκ τῶν ἐνόντων τὴν
ἐς τὸ ἐπιὸν ἀσφάλειαν παρασχεῖν; ταῦτʼ οἶδʼ ὅτι συνεβουλεύσατε ἄν.
</p>
</div2>
<div2 type="section" n="6">
<p>
τί  οὖν ἐγὼ μετὰ τοῦτο ἐποίησα; μεταστειλάμενος τοὺς αἰτίους καὶ λόγου μεταδοὺς αὐτοῖς καὶ τοὺς ἐλέγχους παραγαγὼν καὶ σαφῶς
<pb id="v.1.p.10"/> ἐξελέγξας ἕκαστα, ἐπεὶ μηδʼ αὐτοὶ ἔτι ἔξαρνοι ἦσαν, ἠμυνόμην ἀγανακτῶν τὸ πλέον οὐχ ὅτι
ἐπεβεβουλεύμην, ἀλλʼ ὅτι μὴ εἰάθην ὑπʼ αὐτῶν
ἐν ἐκείνῃ τῇ προαιρέσει μεῖναι, ἣν ἐξ ἀρχῆς ἐνεστησάμην. καὶ τὸ ἀπʼ ἐκείνου φυλάττων μὲν ἐμαυτὸν διατελῶ, ἐκείνων δὲ τοὺς ἀεὶ
ἐπιβουλεύοντάς μοι κολάζων. εἶθʼ οἱ ἄνθρωποι ἐμὲ τῆς
ὠμότητος αἰτιῶνται οὐκέτι λογιζόμενοι παρὰ ποτέρου ἡμῶν ἦν ἡ πρώτη τούτων ἀρχή,
συνελόντες δὲ τἀν μέσῳ καὶ ἐφʼ οἷς ἐκολάζοντο τὰς τιμωρίας αὐτὰς ᾐτιῶντο καὶ τὰς δοκούσας ἐν
αὐταῖς ὠμότητας, ὅμοιον ὡς εἴ τις παρʼ ὑμῖν
ἱερόσυλόν τινα ἰδὼν ἀπὸ τῆς πέτρας ῥιπτόμενον ἃ μὲν
ἐτόλμησε μὴ λογίζοιτο, ὡς νύκτωρ ἐς τὸ ἱερὸν παρῆλθε καὶ κατέσπασε τὰ ἀναθήματα καὶ τοῦ ξοάνου ἥψατο, κατηγοροίη δὲ ὑμῶν πολλὴν τὴν
ἀγριότητα, ὅτι Ἕλληνές τε καὶ ἱεροὶ εἶναι λέγοντες ὑπεμείνατε ἄνθρωπον Ἕλληνα πλησίον τοῦ ἱεροῦ — καὶ γὰρ οὐ πάνυ πόρρω τῆς πόλεως εἶναι λέγεται
ἡ πέτρα — κολάσει τοιαύτῃ περιβαλεῖν. ἀλλʼ,
οἶμαι, αὐτοὶ καταγελάσεσθε, ἢν ταῦτα λέγῃ τις καθʼ ὑμῶν, καὶ οἱ ἄλλοι πάντες ἐπαινέσονται ὑμῶν τὴν κατὰ τῶν ἀσεβούντων ὠμότητα.
</p>
</div2>
<div2 type="section" n="7">
<p> τὸ δʼ ὅλον οἱ δῆμοι οὐκ ἐξετάζοντες ὁποῖός τις ὁ τοῖς πράγμασιν ἐφεστώς ἐστιν, εἴτε δίκαιος εἴτε ἄδικος, αὐτὸ ἁπλῶς τὸ τῆς τυραννίδος ὄνομα
μισοῦσι καὶ τὸν τύραννον, κἂν Αἰακὸς ἢ Μίνως ἢ Ῥαδάμανθυς ᾖ, ὁμοίως ἐξ ἅπαντος ἀνελεῖν
σπεύδουσιν, τοὺς μὲν πονηροὺς αὐτῶν πρὸ ὀφθαλμῶν τιθέμενοι, τοὺς δὲ χρηστοὺς τῇ κοινωνίᾳ τῆς προσηγορίας τῷ ὁμοίῳ μίσει συμπεριλαμβάνοντες. ἐγὼ γοῦν ἀκούω καὶ παρʼ ὑμῖν τοῖς Ἕλλησι πολλοὺς
<pb id="v.1.p.12"/> γενέσθαι τυράννους σοφοὺς ὑπὸ φαύλῳ ὀνόματι δοκοῦντι χρηστὸν καὶ ἥμερον ἦθος ἐπιδεδειγμένους,
ὧν ἐνίων καὶ λόγους εἶναι βραχεῖς ἐν τῷ ἱερῷ ὑμῶν ἀποκειμένους, ἀγάλματα καὶ ἀναθήματα τῷ Πυθίῳ.
</p>
</div2>
<div2 type="section" n="8">
<p>
ὁρᾶτε δὲ καὶ τοὺς νομοθέτας τῷ κολαστικῷ εἴδει τὸ πλέον νέμοντας, ὡς τῶν γε ἄλλων
οὐδὲν ὄφελος, εἰ μὴ ὁ φόβος προσείη καὶ ἐλπὶς τῆς κολάσεως. ἡμῖν τοῦτο πολλῷ
ἀναγκαιότερον τοῖς τυράννοις, ὅσῳ πρὸς· ἀνάγκην ἐξηγούμεθα καὶ μισοῦσί τε ἅμα καὶ ἐπιβουλεύουσιν ἀνθρώποις σύνεσμεν, ὅπου μηδὲ τῶν μορμολυκείων
- ὄφελός τι ἡμῖν γίγνεται, ἀλλὰ τῷ περὶ τῆς Ὕδρας
μύθῳ τὸ πρᾶγμα ἔοικεν· ὅσῳ γὰρ ἂν ἐκκόπτωμεν, τοσῷδε πλείους ἡμῖν ἀναφύονται τοῦ κολάζειν ἀφορμαί. φέρειν δὲ ἀνάγκη καὶ τὸ ἀναφυόμενον
ἐκκόπτειν ἀεὶ καὶ ἐπικαίειν νὴ Δία κατὰ τὸν Ἰόλεων, εἰ μέλλομεν ἐπικρατήσειν τὸν γὰρ ἅπαξ εἰς τὰ τοιαῦτα ἐμπεσεῖν ἠναγκασμένον ὅμοιον χρὴ
τῇ ὑποθέσει καὶ αὐτὸν εἶναι, ἢ φειδόμενον τῶν πλησίον ἀπολωλέναι. ὅλως δέ, τίνα οἴεσθε οὕτως ἄγριον ἢ ἀνήμερον ἄνθρωπον εἶναι ὡς ἥδεσθαι μαστιγοῦντα καὶ οἰμωγῶν ἀκούοντα καὶ σφαττομένους ὁρῶντα, εἰ μὴ ἔχοι τινὰ μεγάλην τοῦ κολάζειν αἰτίαν; ποσάκις γοῦν ἐδάκρυσα μαστιγουμένων ἄλλων, ποσάκις δὲ θρηνεῖν καὶ ὀδύρεσθαι τὴν
ἐμαυτοῦ τύχην ἀναγκάζομαι μείζω κόλασιν αὐτὸς καὶ χρονιωτέραν ὑπομένων; ἀνδρὶ γὰρ φύσει μὲν ἀγαθῷ, διὰ δὲ ἀνάγκην πικρῷ, πολὺ τοῦ
κολάξεσθαι τὸ κολάζειν χαλεπώτερον.
<pb id="v.1.p.14"/>
</p>
</div2>
<div2 type="section" n="9">
<p> εἰ δὲ δεῖ μετὰ παρρησίας εἰπεῖν, ἐγὼ μὲν εἰ
αἵρεσίς μοι προτεθείη, πότερα βούλομαι, κολάζειν
τινὰς ἀδίκως ἢ αὐτὸς ἀποθανεῖν, εὖ ἴστε ὡς οὐδὲν μελλήσας ἑλοίμην ἂν τεθνάναι μᾶλλον ἢ μηδὲν ἀδικοῦντας κολάζειν. εἰ δέ τις φαίη, Βούλει, ὦ Φάλαρι, τεθνάναι αὐτὸς ἀδίκως ἢ δικαίως κολάζειν τοὺς ἐπιβούλους; τοῦτο βουλοίμην ἂν αὖθις γὰρ ὑμᾶς, ὦ Δελφοί, συμβούλους καλῶ, πότερον ἄμεινον εἶναι ἀδίκως ἀποθανεῖν ἢ ἀδίκως σώζειν τὸν ἐπιβεβουλευκότα; οὐδεὶς οὕτως, οἶμαι, ἀνόητός ἐστιν ὃς οὐκ ἂν προτιμήσειε ζῆν μᾶλλον ἢ ζων τοὺς ἐχθροὺς ἀπολωλέναι. καίτοι πόσους ἐγὼ καὶ τῶν ἐπιχειρησάντων μοι καὶ φανερῶς ἐληλεγμένων ὅμως ἔσωσα; οἷον Ἄκανθον τουτονὶ καὶ Τιμοκράτη καὶ Λεωγόραν τὸν ἀδελφὸν αὐτοῦ, παλαιᾶς συνηθείας τῆς πρὸς αὐτοὺς μνημονεύσας.
</p>
</div2>
<div2 type="section" n="10">
<p> ὅταν δὲ βουληθῆτε τοὐμὸν εἰδέναι, τοὺς εἰσφοιτῶντας εἰς Ἀκράγαντα ξένους ἐρωτήσατε ὁποῖος ἐγὼ περὶ αὐτούς εἰμι καὶ εἰ φιλανθρώπως
προσφέρομαι τοῖς καταίρουσιν, ὅς γε καὶ σκοποὺς ἐπὶ τῶν λιμένων ἔχω καὶ πευθῆνας, τίνες ὅθεν καταπεπλεύκασιν, ὡς κατʼ ἀξίαν τιμῶν ἀποπέμποιμι αὐτούς. ἔνιοι δὲ καὶ ἐξεπίτηδες φοιτῶσι
παρʼ ἐμέ, οἱ σοφώτατοι τῶν Ἑλλήνων, καὶ οὐ
φεύγουσι τὴν συνουσίαν τὴν ἐμήν, ὥσπερ ἀμέλει καὶ πρῴην ὁ σοφὸς Πυθαγόρας ἧκεν ὡς ἡμᾶς, ἄλλα μὲν ὑπὲρ ἐμοῦ ἀκηκοώς· ἐπεὶ δὲ ἐπειράθη, ἀπῆλθεν ἐπαινῶν με τῆς δικαιοσύνης καὶ ἐλεῶν τῆς ἀναγκαίας ὠμότητος. εἶτα οἴεσθε τὸν πρὸς τοὺς ὀθνείους φιλάνθρωπον οὕτως ἂν πικρῶς τοῖς
<pb id="v.1.p.16"/> οἰκείοις προσφέρεσθαι, εἰ μή τι διαφερόντως ἠδίκητο;
</p>
</div2>
<div2 type="section" n="11">
<p> ταῦτα μὲν οὖν ὑπὲρ ἐμαυτοῦ ἀπολελόγημαι ὑμῖν, ἀληθῆ καὶ δίκαια καὶ ἐπαίνου μᾶλλον, ὡς ἐμαυτὸν πείθω, ἢ μίσους ἄξια. ὑπὲρ δὲ τοῦ ἀναθήματος καιρὸς ὑμᾶς ἀκοῦσαι ὅθεν καὶ ὅπως τὸν
ταῦρον τοῦτον ἐκτησάμην, οὐκ ἐκδοὺς αὐτὸς τῷ
ἀνδριαντοποιῷ — μὴ γὰρ οὕτω μανείην, ὡς τοιούτων ἐπιθυμῆσαι κτημάτων — ἀλλὰ Περίλαος ἦν τις ἡμεδαπός, χαλκεὺς μὲν ἀγαθός, πονηρὸς δὲ ἄνθρωπος. οὗτος πάμπολυ τῆς ἐμῆς γνώμης
διημαρτηκὼς ᾤετο χαριεῖσθαί μοι, εἰ καινήν τινα
κόλασιν ἐπινοήσειεν, ὡς ἐξ ἅπαντος κολάζειν ἐπιθυμοῦντι. καὶ δὴ κατασκευάσας τὸν βοῦν ἧκέ μοι κομίζων κάλλιστον ἰδεῖν καὶ πρὸς τὸ
ἀκριβέστατον εἰκασμένον· κινήσεως γὰρ αὐτῷ καὶ μυκηθμοῦ ἔδει μόνον πρὸς τὸ καὶ ἔμψυχον εἶναι δοκεῖν.
ʼἰδὼν δὲ ἀνέκραγον εὐθύς, ἄξιον τὸ κτῆμα τοῦ Πυθίου, πεμπτέος ὁ ταῦρος τῷ θεῷ. ὁ δὲ Περίλαος
παρεστώς, Τί  δʼ εἰ μάθοις, ἔφη, τὴν σοφίαν τὴν
ἐν αὐτῷ καὶ τὴν χρείαν ἣν παρέχεται; καὶ ἀνοίξας
ἅμα τὸν ταῦρον κατὰ τὰ νῶτα, Ἤν τινα, ἔφη, κολάζειν ἐθέλῃς, ἐμβιβάσας εἰς τὸ μηχάνημα
τοῦτο καὶ κατακλείσας προστιθέναι μὲν τοὺς
αὐλοὺς τούσδε πρὸς τοὺς μυξωτῆρας τοῦ βοός, πῦρ
δὲ ὑποκαίειν κελεύειν, καὶ ὁ μὲν οἰμώξεται καὶ
βοήσεται ἀλήκτοις ταῖς ὀδύναις ἐχόμενος, ἡ βοὴ
δὲ διὰ τῶν αὐλῶν μέλη σοι ἀποτελέσει οἷα λιγυρώτατα καὶ ἐπαυλήσει θρηνῶδες καὶ μυκήσεται γοερώτατον, ὡς τὸν μὲν κολάζεσθαι, σὲ δὲ τέρπεσθαι μεταξὺ καταυλούμενον,
</p>
</div2>
<div2 type="section" n="12">
<p> ἐγὼ δὲ ὡς τοῦτο
ἤκουσα, ἐμυσάχθην τὴν κακομηχανίαν τοῦ ἀνδρὸς
<pb id="v.1.p.18"/>
καὶ τὴν ἐπίνοιαν ἐμίσησα τοῦ κατασκευάσματος
καὶ οἰκείαν αὐτῷ τιμωρίαν ἐπέθηκα· καί, Ἄγε
δή, ἔφην, ὦ Περίλαε, εἰ μὴ κενὴ ἄλλως ὑπόσχεσις
ταῦτά ἐστι, δεῖξον ἡμῖν αὐτὸς εἰσελθὼν τὴν ἀλήθειαν τῆς τέχνης καὶ μίμησαι τοὺς βοῶντας,
ἵνʼ εἰδῶμεν εἰ καὶ ἃ φὴς μέλη διὰ τῶν αὐλῶν
φθέγγεται. πείθεται μὲν ταῦτα ὁ Περίλαος, ἐγὼ
δέ, ἐπεὶ ἔνδον ἦν, κατακλείσας αὐτὸν πῦρ ὑφάπτειν ἐκέλευον, Ἀπολάμβανε, εἰπών, τὸν ἄξιον μισθὸν τῆς θαυμαστῆς σου τέχνης, ἵνʼ ὁ διδάσκαλος τῆς μουσικῆς πρῶτος αὐτὸς αὐλῇς. καὶ ὁ μὲν δίκαια ἔπασχεν ἀπολαύων τῆς αὑτοῦ εὐμηχανίας· ἐγὼ δὲ ἔτι ἔμπνουν καὶ ζῶντα τὸν ἄνδρα ἐξαιρεθῆναι κελεύσας, ὡς μὴ μιάνειε τὸ ἔργον ἐναποθανών, ἐκεῖνον μὲν ἄταφον κατὰ κρημνῶν ῥίπτειν ἐκέλευσα, καθήρας δὲ τὸν βοῦν ἀνέπεμψα ὑμῖν ἀνατεθησόμενον τῷ θεῷ. καὶ ἐπιγράψαι γε ἐπʼ αὐτῷ ἐκέλευσα τὴν πᾶσαν διήγησιν, τοῦ ἀνατιθέντος ἐμοῦ τοὔνομα, τὸν τεχνίτην τὸν Περίλαον, τὴν ἐπίνοιαν τὴν ἐκείνου, τὴν δικαιοσύνην τὴν ἐμήν, τὴν πρέπουσαν τιμωρίαν, τὰ τοῦ σοφοῦ χαλκέως μέλη, τὴν πρώτην πεῖραν τῆς μουσικῆς.
</p>
</div2>
<div2 type="section" n="13">
<p>
ὑμεῖς δέ, ὦ Δελφοί, δίκαια ποιήσετε θύσαντες μὲν ὑπὲρ ἐμοῦ μετὰ τῶν πρέσβεων, ἀναθέντες δὲ τὸν ταῦρον ἐν καλῷ τοῦ ἱεροῦ, ὡς πάντες εἰδεῖεν οἷος ἐγὼ πρὸς τοὺς πονηρούς εἰμι καὶ ὅπως ἀμύνομαι τὰς περιττὰς ἐς κακίαν ἐπιθυμίας
αὐτῶν. ἱκανὸν γοῦν καὶ τοῦτο μόνον δηλῶσαί μου τὸν τρόπον, Περίλαος κολασθεὶς καὶ ὁ ταῦρος ἀνατεθεὶς καὶ μηκέτι φυλαχθεὶς πρὸς ἄλλων κολαζομένων αὐλήματα μηδὲ μελῳδήσας ἄλλο ἔτι πλὴν μόνα τὰ τοῦ τεχνίτου μυκήματα, καὶ ὅτι ἐν μόνῳ
<pb id="v.1.p.20"/>
αὐτῷ καὶ πεῖραν ἔλαβον τῆς τέχνης καὶ κατέπαυσα τὴν ἄμουσον ἐκείνην καὶ ἀπάνθρωπον ᾠδήν. καὶ τὰ μὲν παρόντα ταῦτα παρʼ ἐμοῦ τῷ θεῷ· ἀναθήσω
δὲ καὶ ἄλλα πολλάκις, ἐπειδάν μοι παράσχῃ μηκέτι δεῖσθαι κολάσεων.
</p>
</div2>
<div2 type="section" n="14">
<p> ταῦτα μέν, ὦ Δελφοί, τὰ παρὰ τοῦ Φαλάριδος, ἀληθῆ πάντα καὶ οἷα ἐπράχθη ἕκαστα, καὶ δίκαιοι ἂν εἴημεν πιστεύεσθαι ὑφʼ ὑμῶν
μαρτυροῦντες, ὡς ἂν καὶ εἰδότες καὶ μηδεμίαν τοῦ ψεύδεσθαι νῦν αἰτίαν ἔχοντες. εἰ δὲ δεῖ καὶ δεηθῆναι ὑπὲρ ἀνδρὸς μάτην πονηροῦ δοκοῦντος καὶ ἄκοντος κολάζειν ἠναγκασμένου, ἱκετεύομεν ὑμᾶς ἡμεῖς οἱ Ἀκραγαντῖνοι Ἕλληνές τε ὄντες καὶ
τὸ ἀρχαῖον Δωριεῖς, προσέσθαι τὸν ἄνδρα φίλον
εἶναι ἐθέλοντα καὶ πολλὰ καὶ δημοσίᾳ καὶ ἰδίᾳ
ἕκαστον ὑμῶν εὖ ποιῆσαι ὡρμημένον. λάβετε οὖν
αὐτοὶ τὸν ταῦρον καὶ ἀνάθετε καὶ εὔξασθε ὑπέρ τε τῆς Ἀκράγαντος καὶ ὑπὲρ αὐτοῦ Φαλάριδος, καὶ μήτε ἡμᾶς ἀπράκτους ἀποπέμψητε μήτε ἐκεῖνον ὑβρίσητε μήτε τὸν θεὸν ἀποστερήσητε καλλίστου
τε ἅμα καὶ δικαιοτάτου ἀναθήματος.</p>
</div2>
</div1>
<div1 type="book" n="2">
<div2 type="section" n="1">
<p>
 οὔτε Ἀκραγαντίνων, ὦ ἄνδρες Δελφοί, πρόξενος
ὢν οὔτε ἰδιόξενος αὐτοῦ Φαλάριδος οὔτʼ
ἄλλην ἔχων πρὸς αὐτὸν ἢ εὐνοίας ἰδίαν αἰτίαν ἢ μελλούσης φιλίας ἐλπίδα, τῶν δὲ πρέσβεων
ἀκούσας τῶν ἡκόντων παρʼ αὐτοῦ ἐπιεικῆ καὶ
μέτρια διεξιόντων, καὶ τὸ εὐσεβὲς ἅμα καὶ τὸ
<pb id="v.1.p.22"/>
κοινῇ συμφέρον καὶ μάλιστα τὸ Δελφοῖς πρέπον προορώμενος ἀνέστην παραινέσων ὑμῖν μήτε ὑβρίζειν ἄνδρα δυνάστην εὐσεβοῦντα μήτε ἀνάθημα ἤδη τῷ θεῷ καθωμολογημένον ἀπαλλοτριοῦν, καὶ ταῦτα τριῶν τῶν μεγίστων ὑπόμνημα εἰς ἀεὶ γενησόμενον, τέχνης καλλίστης καὶ ἐπινοίας κακίστης καὶ δικαίας κολάσεως.
</p>
</div2>
<div2 type="section" n="2">
<p> ἐγὼ μὲν οὖν
καὶ τὸ ἐνδοιάσαι ὑμᾶς ὅλως περὶ τούτου καὶ ἡμῖν
προθεῖναι τὴν διάσκεψιν, εἰ χρὴ δέχεσθαι τὸ ἀνάθημα ἢ ὀπίσω αὖθις ἀποπέμπειν, ἀνόσιον ἤδη
εἶναι νομίζω, μᾶλλον δὲ οὐδʼ ὑπερβολὴν ἀσεβείας ἀπολελοιπέναι· οὐδὲν γὰρ ἀλλʼ ἢ ἱεροσυλία
τὸ πρᾶγμά ἐστι μακρῷ τῶν ἄλλων χαλεπωτέρα, ὅσῳ τοῦ τὰ ἤδη ἀνατεθέντα συλᾶν τὸ μηδὲ τὴν ἀρχὴν τοῖς ἀνατιθέναι βουλομένοις ἐπιτρέπειν ἀσεβέστερον.
</p>
</div2>
<div2 type="section" n="3">
<p> δέομαι δὲ ὑμῶν Δελφὸς καὶ αὐτὸς ὢν καὶ
τὸ ἴσον μετέχων τῆς τε δημοσίας εὐκλείας, εἰ
φυλάττοιτο, καὶ τῆς ἐναντίας δόξης, εἰ ἐκ τῶν
παρόντων προσγένοιτο, μήτʼ ἀποκλείειν τὸ ἱερὸν τοῖς εὐσεβοῦσι μήτε τὴν πόλιν πρὸς ἅπαντας ἀνθρώπους διαβάλλειν ὡς τὰ πεμπόμενα τῷ θεῷ
συκοφαντοῦσαν καὶ ψήφῳ καὶ δικαστηρίῳ
δοκιμάζουσαν τοὺς ἀνατιθέντας· οὐδεὶς γὰρ ἔτι ἀναθεῖναι τολμήσειεν ἂν εἰδὼς οὐ προσησόμενον τὸν θεὸν ὅ τι ἂν μὴ πρότερον Δελφοῖς δοκῇ.
</p>
</div2>
<div2 type="section" n="4">
<p>
ὁ μὲν οὖν Πύθιος τὴν δικαίαν ἤδη περὶ τοῦ
ἀναθήματος ψῆφον ἤνεγκεν εἰ γοῦν ἐμίσει τὸν Φάλαριν ἢ τὸ δῶρον αὐτοῦ ἐμυσάττετο, ῥᾴδιον ἦν
ἐν τῷ Ἰονίῳ μέσῳ καταδῦσαι αὐτὸ μετὰ τῆς ἀγούσης ὁλκάδος, ὁ δὲ πολὺ τοὐναντίον ἐν εὐδίᾳ τε
<pb id="v.1.p.24"/>
διαπεραιωθῆναι, ὥς φασι, παρέσχεν αὐτοῖς καὶ σῶς ἐς τὴν Κίρραν κατᾶραι.
</p>
</div2>
<div2 type="section" n="5">
<p>
ᾧ καὶ δῆλον ὅτι προσίεται τὴν τοῦ μονάρχου εὐσέβειαν. χρὴ δὲ καὶ ὑμᾶς
τὰ αὐτὰ ἐκείνῳ ψηφισαμένους προσθεῖναι καὶ τὸν
ταῦρον τουτονὶ τῷ ἄλλῳ κόσμῳ τοῦ ἱεροῦ· ἐπεὶ πάντων ἂν εἴη τοῦτο ἀτοπώτατον, πέμψαντά τινα
μεγαλοπρεπὲς οὕτω δῶρον θεῷ τὴν καταδικάζουσαν ἐκ τοῦ ἱεροῦ ψῆφον λαβεῖν καὶ μισθὸν κομίσασθαι τῆς εὐσεβείας τὸ κεκρίσθαι μηδὲ τοῦ ἀνατιθέναι ἄξιον
Ὁ μὲν οὖν τἀναντία μοι ἐγνωκώς,
</p>
</div2>
<div2 type="section" n="6">
<p>
καθάπερ ἐκ
τοῦ Ἀκράγαντος ἄρτι καταπεπλευκώς, σφαγὰς
τινας καὶ βίας καὶ ἁρπαγὰς καὶ ἀπαγωγὰς ἐτραγῴδει τοῦ τυράννου μόνον οὐκ αὐτόπτης γεγενῆσθαι λέγων, ὃν ἴσμεν οὐδʼ ἄχρι τοῦ πλοίου ἀποδεδημηκότα. χρὴ δὲ τὰ μὲν τοιαῦτα μηδὲ τοῖς πεπονθέναι φάσκουσιν πάνυ πιστεύειν διηγουμένοις — ἄδηλον γὰρ εἰ ἀληθῆ λέγουσιν — οὐχ ὅπως αὐτοὺς ἃ μὴ ἐπιστάμεθα κατηγορεῖν.
</p>
</div2>
<div2 type="section" n="7">
<p>
εἰ δʼ
οὖν τι καὶ πέπρακται τοιοῦτον ἐν Σικελίᾳ, τοῦτʼ
οὐ Δελφοῖς ἀναγκαῖον πολυπραγμονεῖν, εἰ μὴ ἀντὶ ἱερέων ἤδη δικασταὶ εἶναι ἀξιοῦμεν καί, δέον
θύειν καὶ τἆλλα θεραπεύειν τὸν θεὸν καὶ
συνανατιθέναι εἰ πέμψειέ τις, σκοποῦντες καθήμεθα εἴ τινες τῶν ὑπὲρ τὸν Ἰόνιον δικαίως ἢ ἀδίκως
τυραννοῦνται.
</p>
</div2>
<div2 type="section" n="8">
<p> καὶ τὰ μὲν τῶν ἄλλων ἐχέτω ὅπῃ βούλεται·
ἡμῖν δὲ ἀναγκαῖον, οἶμαι, τὰ ἡμέτερα αὐτῶν εἰδέναι, ὅπως τε πάλαι διέκειτο καὶ ὅπως νῦν ἔχει καὶ τί ποιοῦσι λῷον ἔσται· ὅτι μὲν δὴ ἐν κρημνοῖς
<pb id="v.1.p.26"/>
τε οἰκοῦμεν αὐτοὶ καὶ πέτρας γεωργοῦμεν, οὐχ
Ὅμηρον χρὴ περιμένειν δηλώσοντα ἡμῖν, ἀλλʼ
ὁρᾶν πάρεστι ταῦτα. καὶ ὅσον ἐπὶ τῇ γῇ, βαθεῖ λιμῷ ἀεὶ συνῆμεν ἄν, τὸ δʼ ἱερὸν καὶ ὁ Πύθιος καὶ
τὸ χρηστήριον καὶ οἱ θύοντες καὶ οἱ εὐσεβοῦντες,
ταῦτα Δελφῶν τὰ πεδία, ταῦτα ἡ πρόσοδος,
ἐντεῦθεν ἡ εὐπορία, ἐντεῦθεν αἱ τροφαὶ — χρὴ γὰρ τἀληθῆ πρός γε ἡμᾶς αὐτοὺς λέγειν — καὶ τὸ λεγόμενον ὑπὸ τῶν ποιητῶν, ἄσπαρτα ἡμῖν καὶ ἀνήροτα
φύεται τὰ πάντα ʼὑπὸ γεωργῷ τῷ θεῷ, ὃς οὐ μόνον τὰ παρὰ τοῖς Ἕλλησιν ἀγαθὰ γιγνόμενα παρέχει, ἀλλʼ εἴ τι ἐν Φρυξὶν ἢ Λυδοῖς ἢ Πέρσαις
ἢ Ἀσσυρίοις ἢ Φοίνιξιν ἢ Ἰταλιώταις ἢ
Ὑπερβορέοις αὐτοῖς, πάντα ἐς Δελφοὺς ἀφικνεῖται. καὶ
τὰ δεύτερα μετὰ τὸν θεὸν ἡμεῖς τιμώμεθα ὑφʼ ἁπάντων καὶ εὐποροῦμεν καὶ εὐδαιμονοῦμεν·
ταῦτα τὸ ἀρχαῖον, ταῦτα τὸ μέχρι νῦν καὶ μὴ
παυσαίμεθά γε οὕτω βιοῦντες.
</p>
</div2>
<div2 type="section" n="9">
<p> μέμνηται δὲ οὐδεὶς πώποτε ψῆφον ὑπὲρ ἀναθήματος
παρʼ ἡμῖν ἀναδοθεῖσαν οὐδὲ κωλυθέντα τινὰ θύειν ἢ ἀνατιθέναι. καὶ διὰ τοῦτʼ, οἶμαι, καὶ
αὐτὸ εἰς ὑπερβολὴν ηὔξηται τὸ ἱερὸν καὶ ὑπερπλουτεῖ ἐν τοῖς ἀναθήμασιν. δεῖ τοίνυν μηδʼ ἐν τῷ παρόντι καινοτομεῖν μηδὲν μηδὲ παρὰ τὰ πάτρια νόμον καθιστάναι, φυλοκρινεῖν τὰ ἀναθήματα καὶ
<pb id="v.1.p.28"/> γενεαλογεῖν τὰ πεμπόμενα, ὅθεν καὶ ἀφʼ ὅτου καὶ ὁποῖα, δεξαμένους δὲ ἀπραγμόνως ἀνατιθέναι ὑπηρετοῦντας ἀμφοῖν, καὶ τῷ θεῷ καὶ τοῖς εὐσεβέσι.
</p>
</div2>
<div2 type="section" n="10">
<p> δοκεῖτε δέ μοι, ὦ ἄνδρες Δελφοί, ἄριστα βουλεύσεσθαι<!--note n="v.1.p.28.n.1" place="unspecified" anchored="yes" /-->
περὶ τῶν παρόντων, εἰ λογίσαισθε
ὑπὲρ ὅσων καὶ ἡλίκων ἐστὶν ἡ σκέψις, πρῶτον μὲν ὑπὲρ τοῦ θεοῦ καὶ τοῦ ἱεροῦ καὶ θυσιῶν καὶ ἀναθημάτων καὶ ἐθῶν ἀρχαίων καὶ θεσμῶν παλαιῶν καὶ δόξης τοῦ μαντείου, ἔπειτα ὑπὲρ τῆς πόλεως ὅλης καὶ τῶν συμφερόντων τῷ τε κοινῷ ἡμῶν καὶ ἰδίᾳ ἑκάστῳ Δελφῶν, ἐπὶ πᾶσι δὲ τῆς
παρὰ πᾶσιν ἀνθρώποις εὐκλείας ἢ κακοδοξίας· τούτων γὰρ οὐκ οἶδα εἴ τι μεῖζον, εἰ σωφρονεῖτε,
ἢ ἀναγκαιότερον ἡγήσαισθε ἄν.
</p>
</div2>
<div2 type="section" n="11">
<p> περὶ μὲν οὖν ὧν βουλευόμεθα, ταῦτά ἐστιν,
οὐ Φάλαρις τύραννος εἷς οὐδʼ ὁ ταῦρος οὗτος οὐδὲ χαλκὸς μόνον, ἀλλὰ πάντες βασιλεῖς καὶ πάντες δυνάσται, ὅσοι νῦν χρῶνται τῷ ἱερῷ, καὶ χρυσὸς καὶ ἄργυρος καὶ ὅσα ἄλλα τίμια, πολλάκις ἀνατεθησόμενα τῷ θεῷ· πρῶτον μὲν γὰρ τὸ κατὰ τὸν θεὸν ἐξετασθῆναι ἄξιον.
</p>
</div2>
<div2 type="section" n="12">
<p>
τίνος οὖν ἕνεκα
μὴ ὡς ἀεὶ μηδὲ ὡς πάλαι τὰ περὶ τῶν ἀναθημάτων ποιήσωμεν; ἢ τί μεμφόμενοι τοῖς παλαιοῖς ἔθεσιν καινοτομήσωμεν; καὶ ὃ μηδὲ πώποτε,
ἀφʼ οὗ τὴν πόλιν οἰκοῦμεν καὶ ὁ Πύθιος χρᾷ καὶ ὁ τρίπους φθέγγεται καὶ ἡ ἱέρεια ἐμπνεῖται, γεγένηται παρʼ ἡμῖν, νῦν καταστησώμεθα, κρίνεσθαι καὶ ἐξετάζεσθαι τοὺς ἀνατιθέντας; καὶ μὴν ἐξ
<pb id="v.1.p.30"/> ἐκείνου μὲν τοῦ παλαιοῦ ἔθους, τοῦ ἀνέδην καὶ πᾶσιν ἐξεῖναι, ὁρᾶτε ὅσων ἀγαθῶν ἐμπέπλησται
τὸ ἱερόν, ἁπάντων ἀνατιθέντων καὶ ὑπὲρ τὴν ὑπάρχουσαν δύναμιν ἐνίων δωρουμένων τὸν θεόν.
</p>
</div2>
<div2 type="section" n="13">
<p>
εἰ δʼ ὑμᾶς αὐτοὺς δοκιμαστὰς καὶ ἐξεταστὰς
ἐπιστήσετε τοῖς ἀναθήμασιν, ὀκνῶ μὴ ἀπορήσωμεν τῶν δοκιμασθησομένων ἔτι, οὐδενὸς ὑπομένοντος ὑπόδικον αὑτὸν καθιστάναι, καὶ ἀναλίσκοντα καὶ καταδαπανῶντα παρʼ αὑτοῦ κρίνεσθαι καὶ ὑπὲρ τῶν ὅλων κινδυνεύειν. ἢ τίνι βιωτόν, εἰ
κριθήσεται τοῦ ἀνατιθέναι ἀνάξιος ;</p>
</div2>
</div1>
</body>
</text>
</TEI.2>
