<?xml version="1.0" encoding="UTF-8"?><TEI.2>
<teiHeader>
<fileDesc>
<titleStmt>
<title>De astrologia</title>
<title type="sub">Machine readable text</title>
<author n="Plut.">Lucian</author>
<editor role="editor" n="Loeb">A. M. Harmon</editor>
<sponsor>Perseus Project, Tufts University</sponsor>
<principal>Gregory Crane</principal>
<respStmt>
<resp>Prepared under the supervision of</resp>
<name>Lisa Cerrato</name>
<name>William Merrill</name>
<name>Elli Mylonas</name>
<name>David Smith</name>
</respStmt>
<funder n="org:NEH">The National Endowment for the Humanities</funder>
<funder n="org:Google">Google Digital Humanities Awards Program</funder>
</titleStmt>
<extent/>
<publicationStmt>
<publisher>Trustees of Tufts University</publisher>
<pubPlace>Medford, MA</pubPlace>
<authority>Perseus Project</authority>
</publicationStmt>
<sourceDesc>
<listBibl>
<biblStruct>
<monogr>
<author>Lucian</author>
<title>Works</title>
<respStmt>
<resp>with an English Translation by</resp>
<name>A. M. Harmon</name>
</respStmt>
<imprint>
<pubPlace>Cambridge, MA</pubPlace>
<publisher>Harvard University Press</publisher>
<pubPlace>London</pubPlace>
<publisher>William Heinemann Ltd.</publisher>
<date>1936</date>
</imprint>
<biblScope type="volume">5</biblScope>
</monogr>
</biblStruct>
</listBibl>
</sourceDesc>
</fileDesc>
<encodingDesc>
<editorialDecl>
<correction method="silent">
<p>optical character recognition</p>
</correction>
</editorialDecl>
<refsDecl doctype="TEI.2">
<state unit="section" n="chunk"/>
</refsDecl>
</encodingDesc>
<profileDesc>
<langUsage>
<language id="greek">Greek</language>
</langUsage>
</profileDesc>
</teiHeader>
<text>
<body>
<pb id="v.5.p.348"/>
<div1 type="section" n="1">
<p>
 ἀμφι τε ὀνρανοὺ ἀμφί τε ἀστβρων ἡ γραφη,
οὐκ αὐτῶν ἀστέρων οὐδʼ αὐτοῦ πβρι ὀνρανού,
ἀλλὰ μαντείης καὶ ἀληθείης, ἣ δὴ ἐκ τουτέων ἐς ἀνθρώπων βίον ἔρχεται. ὁ δέ μοι λόγος οὐκ ὑποθημοσύνην ἔχει οὐδὲ διδασκαλίην ἐπαγγέλλεται ὅκως ταύτην τὴν μαντοσύνην διενεκτέον, ἀλλὰ μέμφομαι ὁκόσοι σοφοὶ ἐόντες τὰ μὲν ἄλλα ἐπασκέουσι καὶ παισὶ ˘ τοῖς ἑωυτῶν ἀπηγέονται, μούνην δὲ ἀστρολογίην οὔτε τιμέουσιν οὔτε
</p>
</div1>
<div1 type="section" n="2">
<p> ἐπασκέουσιν. καὶ ἡ μὲν σοφίη παλαιὴ οὐδὲ νέον
ἐς ἡμέας ἀπίκετο, ἀλλʼ ἔστιν ἔργον ἀρχαίων βασιλέων θεοφιλέων. οἱ δὲ νῦν ἀμαθίῃ καὶ ῥᾳθυμίῃ καὶ προσέτι μισοπονίῃ κείνοισί τε ἀντίξοα φρονέουσι καὶ εὖτʼ ἂν ἀνδράσιν ἐπικυρέωσιν
ψεύδεα μαντευομένοις,˘ ἄστρων τε
κατηγορέουσιν καὶ αὐτὴν ἀστρολογίην μισέουσιν, οὐδέ μιν οὔτε ὑγιέα οὔτε ἀληθέα νομίζουσιν, ἀλλὰ λόγον
ψευδέα καὶ ἀνεμώλιον, οὐ δικαίως, ἐμοὶ δοκέει,˘
φρονέοντες· οὐδὲ γάρ τέκτονος ἀϊδρίη τεκτοσύνης
αὐτῆς ἀδικίη οὐδὲ αὐλητέω ἀμουσίη μουσικῆς ἀσοφίη, ἀλλʼ οἱ μὲν ἀμαθέες τῶν τεχνῶν, ἑκάστη
δʼ ἐν ἑωυτῇ σοφή.
<pb id="v.5.p.350"/>
</p>
</div1>
<div1 type="section" n="3">
<p> πρῶτον μὲν ὦν ˘ Αἰθίοπες τόνδε τὸν λόγον ἀνθρώποισι κατεστήσαντο. αἰτίη δὲ αὐτέοισι τὰ μὲν ἡ σοφίη τοῦ ἔθνεος — καὶ γὰρ τἄλλα τῶν ἄλλων
σοφώτεροι Αἰθίοπες — τὰ δὲ καὶ τῆς οἰκήσιος ἡ
εὐμοιρίη· αἰεὶ γὰρ σφέας εὐδίη καὶ γαληναίη περικέαται, οὐδὲ τῶν τοῦ ἔτεος τροπέων ἀνέχονται, ἀλλʼ ἐν μιῇ ὥρῃ οἰκέουσιν. ἰδόντες ὦν πρῶτα τὴν σεληναίην οὐκ ἐς πάμπαν ὁμοίην φαινομένην, ἀλλὰ πολυειδέα τε γιγνομένην καὶ ἐν ἄλλοτε ἄλλῃ μορφῇ τρεπομένην, ἐδόκεεν αὐτέοισιν τὸ χρῆμα θωύματος καὶ ἀπορίης ἄξιον. ἔνθεν δὲ ζητέοντες εὗρον τουτέων τὴν αἰτίην, ὅτι οὐκ ἴδιον
τῇ σεληναίῃ τὸ φέγγος, ἀλλὰ οἱ παρʼ ἠελίου
</p>
</div1>
<div1 type="section" n="4">
<p> ἔρχεται. εὗρον δὲ καὶ τῶν ἄλλων ἀστέρων τὴν φορήν, τοὺς δὴ πλάνητας ἡμεῖς καλέομεν — μοῦνοι γὰρ τῶν ἄλλων κινέονται — φύσιν τε αὐτῶν καὶ δυναστείην καὶ ἔργα τὰ ἕκαστος ἐπιτελέουσιν.
ἐν δὲ καὶ οὐνόματα αὐτέοισιν ἐπέθεσαν, οὐκ οὐνόματα, ὅκως ἐδόκεον, ἀλλὰ σημήια.
</p>
</div1>
<div1 type="section" n="5">
<p> ταῦτα μὲν ὦν Αἰθίοπες ἐν τῷ οὐρανῷ ἐπέβλεψαν, μετὰ δὲ γείτοσιν οὖσιν Αἰγυπτίοισιν ἀτελέα τὸν λόγον παρέδοσαν, Αἰγύπτιοι δὲ παρὰ σφέων ἐκδεξάμενοι ἡμιεργέα τὴν μαντικὴν ἐπὶ μέζον
ἤγειραν, μέτρα τε τῆς ἑκάστου κινήσιος ἐσημήναντο καὶ ἐτέων ἀριθμὸν καὶ μηνῶν καὶ ὡρέων διετάξαντο. καὶ μηνῶν μὲν σφίσι μέτρον ἡ
<pb id="v.5.p.352"/> σεληναίη καὶ ἡ ταύτης ἀναστροφὴ ἐγένετο, ἔτεος
</p>
</div1>
<div1 type="section" n="6">
<p> δὲ ἠέλιος καὶ ἡ τοῦ ἠελίου περίφορος. οἱ δὲ καὶ ἄλλα ἐμήσαντο<!--note n="v.5.p.352.n.1" place="unspecified" anchored="yes" /--> πολλὸν μέζω τουτέων ἐκ γὰρ δὴ τοῦ παντὸς ἠέρος καὶ ἀστέρων τῶν ἄλλων ἀπλανέων
τε καὶ εὐσταθέων ˘ καὶ οὐδαμὰ κινεομένων
δυώδεκα μοίρας ἐτάμοντο τοῖσι ˘ κινεομένοισι, καὶ οἰκία . . ζῷα ἐόντα ἕκαστον αὐτῶν ἐς ἄλλην
μορφὴν μεμιμέαται, τὰ μὲν ἐνάλια, τὰ δὲ ἀνθρώπων,
τὰ δὲ θηρῶν, τὰ δὲ πτηνῶν, τὰ δὲ κτηνέων.
</p>
</div1>
<div1 type="section" n="7">
<p> ἀπὸ τέω δὴ καὶ ἱερὰ τὰ Αἰγύπτια πολυειδέα ποιέεται· οὐ γὰρ πάντες Αἰγύπτιοι ἐκ τῶν
δυώδεκα μοιρέων πασέων ἐμαντεύοντο, ἄλλοι δὲ ἀλλοίῃσι μοίρῃσιν ἐχρέοντο, καὶ κριὸν μὲν σέβουσιν
ὁκόσοι ἐς κριὸν ἀπέβλεπον, ἰχθύας δὲ οὐ σιτέονται
ὁκόσοι ἰχθύας ἐπεσημήναντο, οὐδὲ τράγον κτείνουσιν ὅσοι αἰγόκερων ᾔδεσαν, καὶ οἱ ἄλλοι
τὰ ἄλλα ὡς ἕκαστοι ἱλάσκονται. ναὶ μὴν καὶ ταῦρον ἐς τιμὴν τοῦ ἠερίου ταύρου σεβίζονται, καὶ ὁ Ἆπις αὐτοῖς χρῆμα ἱερώτατον τὴν χώρην ἐπινέμεται καὶ οἱ ἐκεῖ μαντήιόν γε ˘ ἀνατιθέασιν σημήιον τῆς ἐκείνου τοῦ ταύρου μαντικῆς.
</p>
</div1>
<div1 type="section" n="8">
<p> οὐ μετὰ πολλὸν δὲ καὶ Λίβυες ἐπέβησαν τοῦ λόγου· καὶ γὰρ τὸ Λιβύων μαντήιον τὸ Ἄμμωνος,
καὶ τοῦτο ἐς τὸν ἠέρα καὶ ἐς τὴν τούτου σοφίην
<pb id="v.5.p.354"/> ἵδρυτο,˘ παρʼ ὃ τὸν Ἄμμωνα καὶ οὗτοι
κριοπρόσωπον
</p>
</div1>
<div1 type="section" n="9">
<p> ποιέονται. ἔγνωσαν δὲ τούτων ἕκαστα
καὶ Βαβυλώνιοι, οὗτοι μέν, λέγουσιν, καὶ πρὸ τῶν ἄλλων, ἐμοὶ δὲ δοκέει, πολλὸν ὕστερον ἐς τούτους ὁ λόγος ἀπίκετο.
</p>
</div1>
<div1 type="section" n="10">
<p> Ἕλληνες δὲ οὔτε παρʼ Αἰθιόπων οὔτε παρʼ Αἰγυπτίων ἀστρολογίης πέρι οὐδὲν ἤκουσαν, ἀλλὰ σφίσιν Ὀρφεὺς ὁ Οἰάγρου καὶ Καλλιόπης πρῶτος τάδε ἀπηγήσατο, οὐ μάλα ἐμφανέως, οὐδὲ ἐς φάος τὸν λόγον προήνεγκεν, ἀλλʼ ἐς γοητείην καὶ ἱερολογίην, οἵη διανοίη ἐκείνου. πηξάμενος γὰρ λύρην ὄργιά τε ἐποιέετο καὶ τὰ ἱερὰ ἤειδεν·
ἡ δὲ λύρη ἑπτάμιτος ἐοῦσα τὴν τῶν κινεομένων ἀστέρων ἁρμονίην συνεβάλλετο. ταῦτα Ὀρφεὺς διζήμενος καὶ ταῦτα ἀνακινέων πάντα ἔθελγεν καὶ πάντων ἐκράτεεν οὐ γὰρ ἐκείνην τὴν λύρην ἔβλεπεν οὐδὲ οἱ ἄλλης ἔμελε μουσουργίης, ἀλλʼ
αὕτη Ὀρφέος ἡ μεγάλη λύρη, Ἕλληνές τε τάδε τιμέοντες μοίρην ἐν τῷ οὐρανῷ ˘ ἀπέκριναν καὶ ἀστέρες πολλοὶ καλέονται λύρη Ὀρφέος.
ἢν δέ κοτε Ὀρφέα ἴδῃς ἢ λίθοισιν ἢ χροιῇ] μεμιμημένον, μέσῳ ἕζεται ἴκελος ἀείδοντι, μετὰ
<pb id="v.5.p.356"/> χερσὶν ἔχων τὴν λύρην, ἀμφὶ δέ μιν ζῷα μυρία
ἕστηκεν, ἐν οἷς καὶ ταῦρος καὶ ἄνθρωπος καὶ λέων
καὶ τῶν ἄλλων ἕκαστον. εὖτʼ ἂν ἐκεῖνα ἴδῃς,
μέμνησό μοι τουτέων, κοίη ἐκείνου ἀοιδή, κοίη
δὲ καὶ ἡ λύρη, κοῖος δὲ καὶ ταῦρος ἢ ὁκοῖος λέων
Ὀρφέος ἐπαΐουσιν. ἢν δὲ τὰ λέγω αἴτια γνοίης,
σὺ δὲ καὶ ἐν τῷ οὐρανῷ δέρκεο ἕκαστον τουτέων.
</p>
</div1>
<div1 type="section" n="11">
<p> λέγουσιν δὲ Τειρεσίην ἄνδρα Βοιώτιον, τοῦ δὴ κλέος μαντοσύνης πέρι πολλὸν ἀείρεται, τοῦτον τὸν Τειρεσίην ἐν Ἕλλησιν εἰπεῖν ὅτι τῶν πλανεομένων ἀστέρων οἱ μὲν θήλεες οἱ δὲ ἄρρενες ἐόντες οὐκ ἴσα ἐκτελέουσιν τῷ καί μιν διφυέα γενέσθαι καὶ ἀμφίβιον Τειρεσίην μυθολογέουσιν, ἄλλοτε μὲν θῆλυν ἄλλοτε δὲ ἄρρενα.
</p>
</div1>
<div1 type="section" n="12">
<p> Ἀτρέος ˘ δὲ καὶ Θυέστεω περὶ τῇ πατρωίῃ βασιληίῃ φιλονεικεόντων ἤδη τοῖσιν Ἕλλησιν ἀναφανδὸν ἀστρολογίης τε καὶ σοφίης τῆς οὐρανίης μάλιστʼ ἔμελεν, καὶ τὸ ξυνὸν τῶν Ἀργείων ἄρχειν ἔγνωσαν ἑωυτῶν ὅστις τοῦ ἑτέρου σοφίην προφερέστερος. ἔνθα δὴ Θυέστης μὲν τὸν κριὸν σφίσιν
τὸν ἐν τῷ οὐρανῷ σημηνάμενος ἐπέδειξεν, ἀπὸ τέω δὴ ἄρνα χρύσεον Θυέστῃ γενέσθαι μυθολογέουσιν. Ἀτρεὺς δὲ τοῦ ἠελίου πέρι καὶ τῶν ἀντολέων αὐτοῦ λόγον ἐποιήσατο, ὅτι οὐκ ἐς
ὁμοίην φορὴν ἠέλιός τε καὶ ὁ κόσμος κινέονται, ἀλλʼ ἐς ἀντίξοον ἀλλήλοις ἀντιδρομέουσιν, καὶ
<pb id="v.5.p.358"/>
αἱ νῦν δύσιες δοκέουσαι, τοῦ κόσμου δύσιες ἐοῦσαι, τοῦ ἠελίου ἀντολαὶ εἰσιν. τάδε εἰπόντα βασιλέα μιν Ἀργεῖοι ἐποιήσαντο, καὶ μέγα κλέος ἐπὶ σοφίῃ αὐτοῦ ἐγένετο.
</p>
</div1>
<div1 type="section" n="13">
<p> ἐγὼ δὲ καὶ περὶ Βελλεροφόντεω τοιάδε φρονέω· πτηνὸν μὲν οἱ γενέσθαι ὡς ἵππον οὐ μάλα
πείθομαι, δοκέω δέ μιν ταύτην τὴν σοφίην μετέποντα ˘ ὑψηλά τε φρονέοντα καὶ ἄστροισιν
ὁμιλέοντα ἐς οὐρανὸν οὐχὶ τῷ ἵππῳ ἀναβῆναι ἀλλὰ
τῇ διανοίῃ.
</p>
</div1>
<div1 type="section" n="14">
<p> ἴσα δέ μοι καὶ ἐς Φρίξον τὸν Ἀθάμαντος εἰρήσθω, τὸν δὴ κριῷ χρυσέῳ διʼ αἰθέρος ἐλάσαι μυθέονται. ναὶ μέντοι καὶ Δαίδαλον τὸν Ἀθηναῖον ξείνη μὲν ἡ ἱστορίη, δοκέω γε μὴν ˘ οὐκ ἔξω ἀστρολογίης, ἀλλὰ οἱ αὐτὸς μάλιστα ἐχρήσατο καὶ
</p>
</div1>
<div1 type="section" n="15">
<p> παιδὶ τῷ ἑωυτοῦ κατηγήσατο. Ἴκαρος δέ, νεότητι καὶ ἀτασθαλίῃ χρεόμενος καὶ οὐκ ἐπιεικτὰ διζήμενος ἀλλὰ ἐς πόλον ˘ ἀερθεὶς τῷ νῷ, ἐξέπεσε τῆς ἀληθείης καὶ παντὸς ἀπεσφάλη τοῦ λόγου καὶ ἐς πέλαγος κατηνέχθη ἀβύσσων πρηγμάτων, τὸν Ἕλληνες ἄλλως μυθολογέουσιν καὶ κόλπον ἐπʼ αὐτῷ ἐν τῇδε τῇ θαλάσσῃ Ἰκάριον εἰκῆ καλέουσιν.
</p>
</div1>
<div1 type="section" n="16">
<p> τάχα δὲ καὶ Πασιφάη, παρὰ Δαιδάλου ἀκούσασα
ταύρου τε πέρι τοῦ ἐν τοῖς ἄστροισι φαινομένου καὶ αὐτῆς ἀστρολογίης, ἐς ἔρωτα τοῦ λόγου ἀπίκετο,
<pb id="v.5.p.360"/> ἔνθεν νομίζουσιν ὅτι Δαίδαλός μιν τῷ ταύρῳ ἐνύμφευσεν.
</p>
</div1>
<div1 type="section" n="17">
<p> εἰσὶν δὲ οἳ καὶ κατὰ μέρεα τὴν ἐπιστήμην
διελόντες ἕκαστοι αὐτῶν ἄλλα ἐπενοήσαντο, οἱ μὲν τὰ ἐς τὴν σεληναίην, οἱ δὲ τὰ ἐς Δία, οἱ δὲ
τὰ ἐς ἠέλιον συναγείραντες, δρόμου τε αὐτῶν πέρι
</p>
</div1>
<div1 type="section" n="18">
<p> καὶ κινήσιος καὶ δυνάμιος. καὶ Ἐνδυμίων μὲν
</p>
</div1>
<div1 type="section" n="19">
<p> τὰ ἐς τὴν σεληναίην συνετάξατο,˘ Φαέθων δὲ τοῦ ἠελίου δρόμον ἐτεκμήρατο, οὐ μέν γε ἀτρεκέως, ἀλλʼ ἀτελέα τὸν λόγον ἀπολιπὼν ἀπέθανεν. οἱ δὲ τάδε ἀγνοέοντες Ἠελίου παῖδα Φαέθοντα δοκέουσιν καὶ μῦθον ἐπʼ αὐτέῳ οὐδαμὰ πιστὸν διηγέονται. ἐλθόντα γάρ μιν παρὰ τὸν Ἠέλιον τὸν πατέρα αἰτέειν τὸ τοῦ φωτὸς ἅρμα ἡνιοχέειν, τὸν δὲ δοῦναὶ
τὲ οἱ καὶ ὑποθέσθαι τῆς ἱππασίης τὸν νόμον.
ὁ δὲ Φαέθων ἐπειδὴ ἀνέβη τὸ ἅρμα, ἡλικίῃ καὶ
ἀπειρίῃ ἄλλοτε μὲν πρόσγειος ἡνιόχεεν, ἄλλοτε
δὲ πολλὸν τῆς γῆς ἀπαιωρούμενος· τοὺς δὲ
ἀνθρώπους κρύος τε καὶ θάλπος οὐκ ἀνασχετὸν
διέφθειρεν. ἐπὶ τοῖσι δὴ τὸν Δία ἀγανακτέοντα βαλεῖν πρηστῆρι Φαέθοντα μεγάλῳ. πεσόντα δέ μιν αἱ ἀδελφαὶ περιστᾶσαι πένθος μέγα ἐποίεον, ἔστε μετέβαλον τὰ εἴδεα, καὶ νῦν εἰσιν αἴγειροι καὶ
τὸ ἤλεκτρον ἐπʼ αὐτῷ δάκρυον σταλάουσιν. οὐχ οὕτω ταῦτα ἐγένετο οὐδὲ ὅσιον αὐτοῖσι πείθεσθαι, οὐδὲ Ἠέλιος παῖδα ἐποιήσατο, οὐδὲ ὁ παῖς αὐτῷ ἀπέθανεν.
<pb id="v.5.p.362"/>
</p>
</div1>
<div1 type="section" n="20">
<p> λέγουσιν δὲ καὶ ἄλλα Ἕλληνες πολλὰ μυθώδεα, τοῖσι ἐγὼ οὐ μάλα τι πείθομαι. κῶς γὰρ δὴ ὅσιον πιστεῦσαι παῖδα Αἰνείην τῆς Ἀφροδίτης γενέσθαι καὶ Διὸς Μίνω καὶ Ἄρεος Ἀσκάλαφον καὶ Αὐτόλυκον Ἑρμέω ; ἀλλʼ οὗτοι ἕκαστος αὐτέων θεοφιλέες ἐγένοντο καὶ σφίσι γεινομένοισι ˘
τῷ μὲν ἡ Ἀφροδίτη, τῷ δὲ ὁ Ζεύς, τῷ δὲ ὁ Ἄρης
ἐπέβλεψαν. ὁκόσοι γὰρ δὴ ἀνθρώποισι ἐν τῇ γενεῇ ταύτῃ ˘ οἰκοδεσποτέουσι, οὗτοι ὅκως τοκέες ἑωυτοῖσι πάντα ἰκέλους ˘ ἐκτελέουσιν καὶ χρόην καὶ μορφὴν καὶ ἔργα καὶ διανοίην, καὶ βασιλεὺς μὲν
ὁ Μίνως Διὸς ἡγεομένου, καλὸς ˘ δὲ Αἰνείης Ἀφροδίτης βουλήσει ἐγένετο, κλέπτης δὲ Αὐτόλυκος,
ἡ δέ οἱ κλεπτικὴ ἐξ Ἑρμέω ἀπίκετο.
</p>
</div1>
<div1 type="section" n="21">
<p> οὐ μὲν ὦν οὐδὲ τὸν Κρόνον Ζεὺς ἔδησεν οὐδὲ
ἐς Τάρταρον ἔρριψεν οὐδὲ τὰ ἄλλα ἐμήσατο
ὁκόσα ἄνθρωποι νομίζουσιν, ἀλλὰ φέρεται γὰρ ὁ Κρόνος τὴν ἔξω φορὴν πολλὸν ἀπʼ ἡμέων καὶ οἱ
νωθρή τε ἡ κίνησις καὶ οὐ ῥηιδίη τοῖσιν
ἀνθρώποισιν ὁρέεσθαι. διὸ δή μιν ἑστάναι λέγουσιν ὅκως πεπεδημένον. τὸ δὲ βάθος τὸ πολλὸν τοῦ
ἠέρος Τάρταρος καλέεται.
</p>
</div1>
<div1 type="section" n="22">
<p> μάλιστα δʼ ˘ ἔκ τε Ὁμήρου τοῦ ποιητέω καὶ τῶν Ἡσιόδου ἐπέων μάθοι ἄν τις τὰ πάλαι τοῖς ἀστρολογέουσιν ὁμοφωνέοντα. εὖτʼ ἂν δὲ τὴν σειρὴν τοῦ Διὸς ἀπηγέηται καὶ τοῦ Ἠελίου τὰς
<pb id="v.5.p.364"/>
βόας τὰ δὴ ἐγὼ ἤματα εἶναι συμβάλλομαι, καὶ τὰς πόλιας τὰς ἐν τῇ ἀσπίδι Ἥφαιστος ἐποιήσατο
καὶ τὸν χορὸν καὶ τὴν ἀλωὴν . . τὰ μὲν γὰρ
ὁκόσα ἐς τὴν Ἀφροδίτην αὐτῷ καὶ τοῦ Ἄρεος τὴν μοιχείην λέλεκται, καὶ ταῦτα ἐμφανέα οὐκ ἄλλοθεν ἢ ἐκ τῆσδε τῆς σοφίης πεποιημένα· ἡ γὰρ
δὴ ὦν Ἀφροδίτης καὶ τοῦ Ἄρεος ὁμοδρομίη τὴν
Ὁμήρου ἀοιδὴν ἀπεργάζεται. ἐν ἄλλοισι δὲ ἔπεσι τὰ ἔργα ἑκάστου αὐτῶν διωρίσατο, τῇ Ἀφροδίτῃ μὲν εἰπών, ἀλλὰ σὺ γʼ ἱμερόεντα μετέρχεο ἔργα γάμοιο·
τὰ δὲ τοῦ πολέμου, ταῦτα δʼ Ἄρηι θοῷ καὶ Ἀθήνῃ πάντα μελήσει.
</p>
</div1>
<div1 type="section" n="23">
<p> ἅπερ οἱ παλαιοὶ ἰδόντες μάλιστα μαντηίῃσιν ἐχρέοντο καὶ οὐ πάρεργον αὐτὴν ἐποιέοντο, ἀλλʼ οὔτε πόλιας ᾤκιζον οὔτε τείχεα περιεβάλλοντο οὔτε φόνους ἐργάζοντο οὔτε γυναῖκας ἐγάμεον, πρὶν ἂν δὴ πάντα μάντεων ἀκοῦσαι ἕκαστα. καὶ
γὰρ δὴ τὰ μαντήια αὐτέοισι οὐκ ἔξω ἀστρολογίης ἦν, ἀλλὰ παρὰ μὲν Δελφοῖς παρθένος ἔχει τὴν προφητείην σύμβολον τῆς παρθένου τῆς οὐρανίης, καὶ δράκων ὑπὸ τῷ τρίποδι φθέγγεται ὅτι καὶ
ἐν τοῖσιν ἄστροισι δράκων φαίνεται, καὶ ἐν Διδύμοις δὲ μαντήιον τοῦ Ἀπόλλωνος, ἐμοὶ δοκέει, καὶ τοῦτο ἐκ τῶν ἠερίων Διδύμων ὀνομάζεται.
<pb id="v.5.p.366"/>
</p>
</div1>
<div1 type="section" n="24">
<p> οὕτω δὲ αὐτοῖσι χρῆμα ἱρότατον ἡ μαντοσύνη
ἐδόκεεν, ὥστε δὴ Ὀδυσσεὺς ἐπειδὴ ἔκαμεν
πλανεόμενος, ἐθελήσας ἀτρεκὲς ἀκοῦσαι περὶ τῶν ἑωυτοῦ
πρηγμάτων, ἐς τὸν Ἀΐδην ἀπίκετο, οὐκ <q direct="unspecified">ὄφρα ἴδῃ νέκυας καὶ ἀτερπέα χῶρον </q>  ἀλλʼ ἐς λόγους ἐλθεῖν Τειρεσίῃ ἐπιθυμέων. καὶ ἐπειδὴ ἐς τὸν
χῶρον ἦλθεν ἔνθα οἱ Κίρκη ἐσήμηνεν καὶ ἔσκαψεν τὸν βόθρον καὶ τὰ μῆλα ἔσφαξεν, πολλῶν νεκρῶν παρεόντων, ἐν τοῖσι καὶ τῆς μητρὸς τῆς ἑωυτοῦ, τοῦ αἵματος πιεῖν ἐθελόντων οὐ πρότερον ἐπῆκεν ˘ οὐδενί, οὐδὲ αὐτῇ μητρί, πρὶν Τειρεσίην γεύσασθαι καὶ ἐξαναγκάσαι εἰπεῖν οἱ τὸ μαντήιον· καὶ ἀνέσχετο διψῶσαν ὁρέων τῆς μητρὸς τὴν σκιήν.
</p>
</div1>
<div1 type="section" n="25">
<p> Λακεδαιμονίοισι δὲ Λυκοῦργος τὴν πολιτείην πᾶσαν ἐκ τοῦ οὐρανοῦ διετάξατο καὶ νόμον σφίσιν ἐποιήσατο μηδαμὰ . . μηδὲ ἐς πόλεμον προχωρέειν πρὶν τὴν σεληναίην πλήρεα γενέσθαι·
οὐ γὰρ ἴσην ἐνόμιζεν ˘ εἶναι τὴν δυναστείην
αὐξανομένης τῆς σεληναίης καὶ ἀφανιζομένης,
</p>
</div1>
<div1 type="section" n="26">
<p> πάντα δὲ ὑπʼ αὐτῇ διοικέεσθαι. ἀλλὰ μοῦνοι
Ἀρκάδες ταῦτα οὐκ ἐδέξαντο οὐδὲ ἐτίμησαν ἀστρολογίην, ἀνοίῃ δὲ καὶ ἀσοφίῃ ˘ λέγουσιν καὶ τῆς σεληναίης ἔμμεναι προγενέστεροι.
</p>
</div1>
<div1 type="section" n="27">
<p> οἱ μὲν πρὸ ἡμῶν οὕτω κάρτα ἦσαν φιλομάντιες,
οἱ δὲ νῦν, οἱ μὲν αὐτέων ἀδύνατα εἶναι λέγουσιν
ἀνθρώποισι τέλος εὕρασθαι μαντικῆς· οὐ γὰρ
εἶναί μιν οὔτε πιστὴν οὔτε ἀληθέα, οὐδὲ τὸν Ἄρεα
ἢ τὸν Δία ἐν τῷ οὐρανῷ ἡμέων ἕνεκα κινέεσθαι,
<pb id="v.5.p.368"/> ἀλλὰ τῶν μὲν ἀνθρωπηίων πρηγμάτων οὐδεμίην
ὤρην ἐκεῖνοι, ποιέονται οὐδʼ ἔστιν αὐτέοισιν πρὸς
τάδε κοινωνίη, κατὰ σφέας δὲ χρείῃ τῆς περιφορῆς
</p>
</div1>
<div1 type="section" n="28">
<p> ἀναστρέφονται. ἄλλοι δʼ ἀστρολογίην ἀψευδέα μέν, ἀνωφελέα δὲ εἶναι λέγουσιν οὐ γὰρ ὑπὸ μαντοσύνῃ ἀλλάσσεσθαι ὁκόσα τῇσι μοίρῃσι δοκέοντα ἐπέρχεται.
</p>
</div1>
<div1 type="section" n="29">
<p> ἐγὼ δὲ πρὸς τάδε ἄμφω ἐκεῖνα ἔχω εἰπεῖν, ὅτι οἱ μὲν ἀστέρες ἐν τῷ οὐρανῷ τὴν σφετέρην εἱλέονται, πάρεργον δὲ σφίσι τῆς κινήσιος τῶν κατʼ ἡμέας ἕκαστον ἐπιγίγνεται. ἢ ἐθέλεις ἵππου μὲν θέοντος καὶ ὀρνίθων καὶ ἀνδρῶν κινεομένων ˘
λίθους ἀνασαλεύεσθαι καὶ κάρφεα δονέεσθαι ὑπὸ τῶν ἀνέμων τοῦ δρόμου, ὑπὸ δὲ τῇ δίνῃ τῶν ἀστέρων μηδὲν ἄλλο γίγνεσθαι ; καὶ ἐκ μὲν
ὀλίγου πυρὸς ἀπορροίη ἐς ἡμέας ἔρχεται, καὶ τὸ πῦρ οὐ διʼ ἡμέας καίει τι οὐδέ οἱ μέλει τοῦ ἡμετέρου θάλπεος, ἀστέρων δὲ οὐδεμίην ἀπορροίην δεχόμεθα ; καὶ μέντοι τῇ ἀστρολογίῃ τὰ μὲν φαῦλα ἐσθλὰ ποιῆσαι ἀδύνατά ἐστιν οὐδὲ ἀλλάξαι τι τῶν ἀπορρεόντων πρηγμάτων, ἀλλὰ τοὺς χρεομένους τάδε ὠφελέει· τὰ μὲν ἐσθλὰ εἰδότας ἀπιξόμενα ˘ πολλὸν ἀπόπροσθεν εὐφρανέει, τὰ δὲ φαῦλα εὐμαρέως δέχονται· οὐ γάρ σφισιν ἀγνοέουσιν ἐπέρχεται, ἀλλʼ ἐν μελέτῃ καὶ προσδοκίῃ
ῥηίδια καὶ πρηέα ἡγεῖται. τάδε ἀστρολογίης πέρι ἐγὼν ὑπολαμβάνω.</p>
</div1>
</body>
</text>
</TEI.2>
