<?xml version="1.0" encoding="UTF-8"?><TEI.2>
<teiHeader>
<fileDesc>
<titleStmt>
<title>Anacharsis</title>
<title type="sub">Machine readable text</title>
<author n="Plut.">Lucian</author>
<editor role="editor" n="Loeb">A. M. Harmon</editor>
<sponsor>Perseus Project, Tufts University</sponsor>
<principal>Gregory Crane</principal>
<respStmt>
<resp>Prepared under the supervision of</resp>
<name>Lisa Cerrato</name>
<name>William Merrill</name>
<name>Elli Mylonas</name>
<name>David Smith</name>
</respStmt>
<funder n="org:NEH">The National Endowment for the Humanities</funder>
<funder n="org:Google">Google Digital Humanities Awards Program</funder>
</titleStmt>
<extent/>
<publicationStmt>
<publisher>Trustees of Tufts University</publisher>
<pubPlace>Medford, MA</pubPlace>
<authority>Perseus Project</authority>
</publicationStmt>
<sourceDesc>
<listBibl>
<biblStruct>
<monogr>
<author>Lucian</author>
<title>Works</title>
<respStmt>
<resp>with an English Translation by</resp>
<name>A. M. Harmon</name>
</respStmt>
<imprint>
<pubPlace>Cambridge, MA</pubPlace>
<publisher>Harvard University Press</publisher>
<pubPlace>London</pubPlace>
<publisher>William Heinemann Ltd.</publisher>
<date>1925</date>
</imprint>
<biblScope type="volume">4</biblScope>
</monogr>
</biblStruct>
</listBibl>
</sourceDesc>
</fileDesc>
<encodingDesc>
<editorialDecl>
<correction method="silent">
<p>optical character recognition</p>
</correction>
</editorialDecl>
<refsDecl doctype="TEI.2">
<state unit="section" n="chunk"/>
</refsDecl>
</encodingDesc>
<profileDesc>
<langUsage>
<language id="greek">Greek</language>
</langUsage>
</profileDesc>
</teiHeader>
<text>
<body>
<pb id="v.4.p.2"/>
<div1 type="section" n="1">
<sp>
<speaker>Ἀνάχαρσις</speaker>
<p>
                   ταῦτα δὲ ὑμῖν, ω Σόλων, τίνος ἔνεκα οἱ νέοι ποιοῦσιν; οἱ μὲν αὐτῶν περιπλεκόμενοι ἀλλήλους ὑποσκελίζουσιν, οἱ δὲ ἄγχουσι καὶ λυγίζουσι καὶ
ἐν τῷ πηλῷ συναναφύρονται κυλινδούμενοι ὥσπερ σύες. καίτοι κατʼ ἀρχὰς εὐθὺς ἀποδυσάμενοι —
ἑώρων γάρ — λίπα τε ἠλείψαντο καὶ κατέψησε μάλα εἰρηνικῶς ἅτερος τὸν ἕτερον ἐν τῷ μέρει. μετὰ
δὲ οὐκ οἶδʼ ὅ τι παθόντες ὠθοῦσί τε ἀλλήλους συννενευκότες καὶ τὰ μέτωπα συναράττουσιν ὥσπερ
οἱ κριοί. καὶ ἢν ἰδοὺ ἀράμενος ἐκεινοσὶ τὸν ἕτερον
ἐκ τοῖν σκελοῖν ἀφῆκεν εἰς τὸ ἔδαφος, εἶτʼ ἐπικαταπεσὼν ἀνακύπτειν οὐκ ἐᾷ, συνωθῶν κάτω εἰς
τὸν πηλὸν τέλος δὲ ἤδη περιπλέξας αὐτῷ τὰ σκέλη κατὰ τὴν γαστέρα τὸν πῆχυν ὑποβαλὼν
τῷ λαιμῷ ἄγχει ἄθλιον, ὁ δὲ παρακροτεῖ εἰς τὸν ὦμον, ἱκετεύων οἶμαι, ὡς μὴ τέλεον ἀποπνιγείη. καὶ οὐδὲ τοῦ ἐλαίου ἕνεκα φείδονται μὴ
μολύνεσθαι., ἀλλʼ ἀφανίσαντες τὸ χρῖσμα καὶ τοῦ
βορβόρου ἀναπλησθέντες ἐν ἱδρῶτι ἅμα πολλῷ
<pb id="v.4.p.4"/> γέλωτα ἐμοὶ γοῦν παρέχουσιν ὥσπερ αἱ ˘ ἐγχέλυες
ἐκ τῶν χειρῶν διολισθαίνοντες.</p>
<p/>
</sp>
</div1>
<div1 type="section" n="2">
<sp>
<p>ἕτεροι δὲ ἐν τῷ αἰθρίῳ τῆς αὐλῆς τὸ αὐτὸ τοῦτο δρῶσιν, οὐκ ἐν πηλῷ οὗτοί γε, ἀλλὰ ψάμμον ταύτην βαθεῖαν ὑποβαλόμενοι ἐν τῷ ὀρύγματι
πάττουσίν τε ἀλλήλους καὶ αὐτοὶ ἑκόντες ἐπαμῶνται τὴν κόνιν ἀλεκτρυόνων δίκην, ὡς
ἀφυκτότεροι εἶεν ἐν ταῖς συμπλοκαῖς, οἶμαι, τῆς ψάμμου τὸν ὄλισθον ἀφαιρούσης καὶ βεβαιοτέραν ἐν ξηρῷ παρεχούσης τὴν ἀντίληψιν.</p>
</sp>
</div1>
<div1 type="section" n="3">
<sp>
<p>οἱ δὲ ὀρθοστάδην κεκονιμένοι καὶ αὐτοὶ παίουσιν ἀλλήλους προσπεσόντες καὶ λακτίζουσιν. οὑτοσὶ γοῦν καὶ τοὺς ὀδόντας ἔοικεν ἀποπτύσειν ὁ κακοδαίμων, οὕτως αἵματος αὐτῷ καὶ ψάμμου ἀναπέπλησται τὸ στόμα, πύξ, ὡς ὁρᾷς, παταχθέντος εἰς τὴν γνάθον. ἀλλʼ οὐδὲ ὁ ἄρχων οὑτοσὶ
διίστησιν αὐτοὺς καὶ λύει τὴν μάχην — τεκμαίρομαι
γὰρ τῇ πορφυρίδι τῶν ἀρχόντων τινὰ τοῦτον
εἶναι — ὁ δὲ καὶ ἐποτρύνει καὶ τὸν πατάξαντα ἐπαινεῖ.</p>
</sp>
</div1>
<div1 type="section" n="4">
<sp>
<p>ἄλλοι δὲ ἀλλαχόθι πάντες ἐγκονοῦσι καὶ ἀναπηδῶσιν ὥσπερ θέοντες ἐπὶ τοῦ αὐτοῦ μένοντες καὶ εἰς τὸ ἄνω συναλλόμενοι λακτίζουσιν τὸν ἀέρα.</p>
</sp>
</div1>
<div1 type="section" n="5">
<sp>
<p>ταῦτα οὖν ἐθέλω εἰδέναι τίνος ἀγαθοῦ ˘ ἂν εἴη ποιεῖν· ὡς ἔμοιγε μανίᾳ μᾶλλον ἐοικέναι δοκεῖ τὸ πρᾶγμα, καὶ οὐκ ἔστιν ὅστις ἂν ῥᾳδίως
μεταπείσειέ με ὡς οὐ παραπαίουσιν οἱ ταῦτα δρῶντες.
<pb id="v.4.p.6"/>
</p>
</sp>
</div1>
<div1 type="section" n="6">
<sp>
<speaker>Σόλων</speaker>
<p>
                   καὶ εἰκότως, ὦ Ἀνάχαρσι, τοιαῦτά σοι τὰ γιγνόμενα φαίνεται, ξένα γε ὄντα καὶ πάμπολυ τῶν Σκυθικῶν ἐθῶν ἀπᾴδοντα, καθάπερ καὶ ὑμῖν πολλὰ εἰκὸς εἶναι μαθήματα καὶ ἐπιτηδεύματα τοῖς Ἕλλησιν ἡμῖν ἀλλόκοτα εἶναι δόξαντα ἄν,
εἴ τις ἡμῶν ὥσπερ σὺ νῦν ἐπισταίη αὐτοῖς. πλὴν ἀλλὰ θάρρει, ὦγαθέ· οὐ γὰρ μανία τὰ γιγνόμενά ἐστιν οὐδʼ ἐφʼ ὕβρει οὗτοι παίουσιν ἀλλήλους καὶ κυλίουσιν ἐν τῷ πηλῷ ἢ ἐπιπάττουσιν τὴν κόνιν, ἀλλʼ ἔχει τινὰ χρείαν οὐκ ἀτερπῆ τὸ πρᾶγμα καὶ
ἀκμὴν οὐ μικρὰν ἐπάγει τοῖς σώμασιν ἢν γοῦν ἐνδιατρίψῃς, ὥσπερ οἶμαί σε ποιήσειν, τῇ Ἑλλάδι,
οὐκ εἰς μακρὰν εἷς καὶ αὐτὸς ἔσῃ τῶν πεπηλωμένων ἢ κεκονιμένων οὕτω σοι τὸ πρᾶγμα ἡδύ τε
ἅμα καὶ λυσιτελὲς εἶναι δόξει.
</p>
</sp>
</div1>
<div1 type="section" n="7">
<sp>
<speaker>Ἀνάχαρσις</speaker>
<p>
ἄπαγε, ὦ Σόλων, ὑμῖν ταῦτα γένοιτο τὰ ὠφέλιμα καὶ τερπνά, ἐμὲ δὲ εἴ τις ὑμῶν τοιοῦτό τι διαθείη, εἴσεται ὡς οὐ μάτην παρεζώσμεθα τὸν
 ἀκινάκην. ἀτὰρ εἰπέ μοι, τί ὄνομα ἔθεσθε τοῖς γιγνομένοις, ἢ τί φῶμεν ποιεῖν αὐτούς;
</p>
</sp>
<sp>
<speaker>Σόλων</speaker>
<p>
ὁ μὲν χῶρος αὐτός, ὦ Ἀνάχαρσι, γυμνάσιον
ὑφʼ ἡμῶν ὀνομάζεται καὶ ἔστιν ἱερὸν Ἀπόλλωνος τοῦ Λυκείου. καὶ τὸ ἄγαλμα δὲ αὐτοῦ ὁρᾷς, τὸν ἐπὶ τῇ στήλῃ κεκλιμένον, τῇ ἀριστερᾷ μὲν τὸ τόξον ἔχοντα, ἡ δεξιὰ δὲ ὑπὲρ τῆς κεφαλῆς
<pb id="v.4.p.8"/> ἀνακεκλασμένη ὥσπερ ἐκ καμάτου μακροῦ
ἀναπαυόμενον</p>
</sp>
</div1>
<div1 type="section" n="8">
<sp>
<p>δείκνυσι τὸν θεόν. τῶν γυμνασμάτων δὲ τούτων τὸ μὲν ἐν τῷ πηλῷ ἐκεῖνο πάλη καλεῖται,
οἱ δʼ ἐν τῇ κόνει παλαίουσι καὶ αὐτοί, τὸ δὲ παίειν ἀλλήλους ὀρθοστάδην παγκρατιάζειν λέγομεν. καὶ ἄλλα δὲ ἡμῖν ἐστι γυμνάσια τοιαῦτα πυγμῆς καὶ δίσκου καὶ τοῦ ὑπεράλλεσθαι, ὧν ἁπάντων ἀγῶνας προτίθεμεν, καὶ ὁ κρατήσας ἄριστος εἶναι δοκεῖ τῶν καθʼ αὑτὸν καὶ ἀναιρεῖται τὰ ἆθλα.
</p>
</sp>
</div1>
<div1 type="section" n="9">
<sp>
<speaker>Ἀνάχαρσις</speaker>
<p>
                   τὰ δὲ ἆθλα τίνα ὑμῖν ταῦτά ἐστιν;
</p>
</sp>
<sp>
<speaker>Σόλων</speaker>
<p> Ὀλυμπίασι μὲν στέφανος ἐκ κοτίνου, Ἰσθμοῖ
δὲ ἐκ πίτυος, ἐν Νεμέᾳ δὲ σελίνων πεπλεγμένος, Πυθοῖ δὲ μῆλα τῶν ἱερῶν τοῦ θεοῦ, παρʼ ἡμῖν δὲ τοῖς Παναθηναίοις τὸ ἔλαιον τὸ ἐκ τῆς μορίας.
τί ἐγέλασας, ὦ Ἀνάχαρσι; ἢ διότι μικρά σοι
εἶναι ταῦτα δοκεῖ;
</p>
</sp>
<sp>
<speaker>Ἀνάχαρσις</speaker>
<p>
. οὔκ, ἀλλὰ πάνσεμνα, ὦ Σόλων, κατέλεξας τὰ
ἆθλα καὶ ἄξια τοῖς τε διαθεῖσιν αὐτὰ φιλοτιμεῖσθαι ἐπὶ τῇ μεγαλοδωρεᾷ καὶ τοῖς ἀγωνισταῖς
αὐτοῖς ὑπερεσπουδακέναι περὶ τὴν ἀναίρεσιν τῶν
<pb id="v.4.p.10"/> τηλικούτων, ὥστε μήλων ἕνεκα καὶ σελίνων τοσαῦτα προπονεῖν καὶ κινδυνεύειν ἀγχομένους πρὸς ἀλλήλων καὶ κατακλωμένους, ὡς οὐκ ἐνὸν
ἀπραγμόνως εὐπορῆσαι μήλων ὅτῳ ἐπιθυμία ἢ σελίνῳ ἐστεφανῶσθαι ἢ πίτυϊ μήτε πηλῷ καταχριόμενον
τὸ πρόσωπον μήτε λακτιζόμενον εἰς τὴν γαστέρα ὑπὸ τῶν ἀνταγωνιστῶν.
</p>
</sp>
</div1>
<div1 type="section" n="10">
<sp>
<speaker>Σόλων</speaker>
<p>
                   ἀλλʼ, ὦ ἄριστε, οὐκ εἰς ψιλὰ τὰ διδόμενα ἡμεῖς ἀποβλέπομεν. ταῦτα μὲν γάρ ἐστι σημεῖα τῆς νίκης καὶ γνωρίσματα οἵτινες οἱ κρατήσαντες.
ἡ δὲ παρακολουθοῦσα τούτοις δόξα τοῦ παντὸς ἀξία τοῖς νενικηκόσιν, ὑπὲρ ἧς καὶ λακτίζεσθαι καλῶς ἔχει τοῖς θηρωμένοις τὴν εὔκλειαν ἐκ τῶν πόνων. οὐ γὰρ ἀπονητὶ προσγένοιτο ἂν αὕτη, ἀλλὰ χρὴ τὸν ὀρεγόμενον αὐτῆς πολλὰ τὰ δυσχερῆ ἀνασχόμενον ἐν τῇ ἀρχῇ τότʼ ἤδη τὸ λυσιτελὲς καὶ ἡδὺ τέλος ἐκ τῶν καμάτων περιμένειν.
</p>
</sp>
<sp>
<speaker>Ἀνάχαρσις</speaker>
<p> τοῦτο φής, ὦ Σόλων, τὸ τέλος ἡδὺ καὶ λυσιτελές, ὅτι πάντες αὐτοὺς ὄψονται ἐστεφανωμένους
καὶ ἐπὶ τῇ νίκῃ ἐπαινέσονται πολὺ πρότερον
οἰκτείραντες ἐπὶ ταῖς πληγαῖς, οἱ δὲ
εὐδαιμονήσουσιν ἀντὶ τῶν πόνων μῆλα καὶ σέλινα ἔχοντες.
</p>
</sp>
<sp>
<speaker>Σόλων</speaker>
<p>
ἄπειρος εἶ, φημί, τῶν ἡμετέρων ἔτι· μετὰ μικρὸν δὲ ἄλλα σοι δόξει περὶ αὐτῶν, ἐπειδὰν
<pb id="v.4.p.12"/> εἰς τὰς πανηγύρεις ἀπιὼν ὁρᾷς τοσοῦτο πλῆθος ἀνθρώπων συλλεγόμενον ἐπὶ τὴν θέαν τῶν τοιούτων καὶ θέατρα μυρίανδρα συμπληρούμενα καὶ τοὺς ἀγωνιστὰς ἐπαινουμένους, τὸν δὲ καὶ νικήσαντα αὐτῶν ἰσόθεον νομιζόμενον.
</p>
</sp>
</div1>
<div1 type="section" n="11">
<sp>
<speaker>Ἀνάχαρσις</speaker>
<p>
                   αὐτὸ τοῦτο, ὦ Σόλων, καὶ τὸ οἴκτιστόν ἐστιν,
εἰ μὴ ἐπʼ ὀλίγων ταῦτα πάσχουσιν, ἀλλὰ ἐν τοσούτοις θεαταῖς καὶ μάρτυσι τῆς ὕβρεως, οἳ δηλαδὴ εὐδαιμονίζουσιν αὐτοὺς αἵματι ῥαινομένους ὁρῶντες ἢ ἀγχομένους ὑπὸ τῶν ἀντιπάλων ταῦτα γὰρ τὰ εὐδαιμονέστατα πρόσεστι τῇ νίκῃ αὐτῶν. παρʼ ἡμῖν δὲ τοῖς Σκύθαις ἤν τις, ὦ Σόλων, ἢ πατάξῃ τινὰ τῶν πολιτῶν ἢ ἀνατρέψῃ προσπεσὼν
ἢ θοἰμάτια περιρρήξῃ, μεγάλας οἱ πρεσβῦται τὰς ζημίας ἐπάγουσι, κἂν ἐπʼ ὀλίγων μαρτύρων τοῦτο πάθῃ τις, οὔτι γε ἐν τηλικούτοις θεάτροις, οἷα σὺ
διηγῇ τὸ Ἰσθμοῖ καὶ τὸ ἐν Ὀλυμπίᾳ. οὐ μὴν ἀλλὰ τοὺς μὲν ἀγωνιστὰς οἰκτείρειν μοι ἔπεισιν
ὧν πάσχουσιν, τῶν δὲ θεατῶν οὓς φὴς ἁπανταχόθεν τοὺς ἀρίστους παραγίγνεσθαι εἰς τὰς πανηγύρεις καὶ πάνυ θαυμάζω, εἰ τἀναγκαῖα παρέντες σχολάζουσιν ἐπὶ τοῖς τοιούτοις. οὐδὲ γὰρ ἐκεῖνό πω δύναμαι κατανοῆσαι ὅ τι τὸ τερπνὸν αὐτοῖς, ὁρᾶν παιομένους τε καὶ διαπληκτιζομένους ἀνθρώπους καὶ πρὸς τὴν γῆν ἀραττομένους καὶ
συντριβομένους ὑπʼ ἀλλήλων.
</p>
</sp>
</div1>
<div1 type="section" n="12">
<sp>
<speaker>Σόλων</speaker>
<p>
                   εἰ καιρὸς ἦν, ὦ Ἀνάχαρσι, Ὀλυμπίων ἢ
Ἰσθμίων ἢ Παναθηναίων, αὐτὸ ἄν σε τὸ
<pb id="v.4.p.14"/> γιγνόμενον ἐδίδαξεν ὡς οὐ μάτην ἐσπουδάκαμεν ἐπὶ τούτοις. οὐ γὰρ οὕτω λέγων ἄν τις
προσβιβάσειέν σε τῇ ἡδονῇ τῶν ἐκεῖ δρωμένων, ὡς εἰ καθεζόμενος αὐτὸς ἐν μέσοις τοῖς θεαταῖς βλέποις ἀρετὰς ἀνδρῶν καὶ κάλλη σωμάτων καὶ εὐεξίας θαυμαστὰς καὶ ἐμπειρίας δεινὰς καὶ ἰσχὺν ἄμαχον
καὶ τόλμαν καὶ φιλοτιμίαν καὶ γνώμας ἀηττήτους καὶ σπουδὴν ἄλεκτον ὑπὲρ τῆς νίκης. εὖ γὰρ δὴ
οἶδα ὡς οὐκ ἂν ἐπαύσω ἐπαινῶν καὶ ἐπιβοῶν καὶ ἐπικροτῶν.
</p>
</sp>
</div1>
<div1 type="section" n="13">
<sp>
<speaker>Ἀνάχαρσις</speaker>
<p>
                   νὴ Δίʼ, ὦ Σόλων, καὶ ἐπιγελῶν γε προσέτι καὶ ἐπιχλευάζων ἅπαντα γὰρ ὁπόσα κατηριθμήσω ἐκεῖνα, τὰς ἀρετὰς καὶ τὰς εὐεξίας καὶ τὰ κάλλη
καὶ τόλμαν, ὁρῶ οὐδενὸς μεγάλου ἕνεκα
παραπολλυμένας ὑμῖν, οὔτε πατρίδος κινδυνευούσης οὔτε χώρας πορθουμένης οὔτε φίλων ἢ οἰκείων πρὸς ὕβριν ἀπαγομένων. ὥστε τοσούτῳ γελοιότεροι ἂν εἶεν, ἄριστοι μέν, ὡς φής, ὄντες, μάτην
δὲ τοσαῦτα πάσχοντες καὶ ταλαιπωρούμενοι καὶ αἰσχύνοντες τὰ κάλλη καὶ τὰ μεγέθη τῇ ψάμμῳ καὶ τοῖς ὑπωπίοις, ὡς μήλου καὶ κοτίνου ἐγκρατεῖς γένοιντο νικήσαντες. ἡδὺ γάρ μοι ἀεὶ μεμνῆσθαι τῶν ἄθλων τοιούτων ὄντων. ἀτὰρ εἰπέ μοι, πάντες
αὐτὰ λαμβάνουσιν οἱ ἀγωνισταί;
</p>
</sp>
<sp>
<speaker>Σόλων</speaker>
<p>
οὐδαμῶς, ἀλλὰ εἷς ἐξ ἀπάντων, ὁ κρατήσας
αὐτῶν.
<pb id="v.4.p.16"/>
</p>
</sp>
<sp>
<speaker>Ἀνάχαρσις</speaker>
<p>
εἶτα, ὦ Σόλων, ἐπὶ τῷ ἀδήλῳ καὶ ἀμφιβόλῳ τῆς νίκης τοσοῦτοι πονοῦσι, καὶ ταῦτʼ εἰδότες ὅτι
ὁ μὲν νικῶν εἷς ἔσται πάντως, οἱ δὲ ἡττώμενοι πάμπολλοι, μάτην ἄθλιοι πληγάς, οἱ δὲ καὶ τραύματα λαβόντες;
·</p>
</sp>
</div1>
<div1 type="section" n="14">
<sp>
<speaker>Σόλων</speaker>
<p>
                   ἔοικας, ὦ Ἀνάχαρσι, μηδέπω ἐννενοηκέναι πολιτείας ὀρθῆς πέρι μηδὲν οὐ γὰρ ἂν τὰ κάλλιστα τῶν ἐθῶν ἐν ψόγῳ ἐτίθεσο. ἢν δέ σοι μελήσῃ ποτὲ εἰδέναι ὅπως ἂν τὰ κάλλιστα οἰκηθείη πόλις καὶ ὅπως ἂν ἄριστοι γένοιντο οἱ πολῖται αὐτῆς, ἐπαινέσῃ τότε καὶ τὰς ἀσκήσεις ταύτας καὶ τὴν φιλοτιμίαν ἣν φιλοτιμούμεθα περὶ
αὐτάς, καὶ εἴσῃ ὅτι πολὺ τὸ χρήσιμον ἔχουσιν ἐγκαταμεμιγμένον τοῖς πόνοις, εἰ καὶ νῦν μάτην σπουδάζεσθαι δοκοῦσιν.
</p>
</sp>
<sp>
<speaker>Ἀνάχαρσις</speaker>
<p> καὶ μήν, ὦ Σόλων, κατʼ οὐδὲν ἄλλο ἀπὸ τῆς
Σκυθίας ἥκω παρʼ ὑμᾶς τοσαύτην μὲν γῆν διοδεύσας, μέγαν δὲ τὸν Εὔξεινον καὶ δυσχείμερον περαιωθείς, ἢ ὅπως νόμους τε τοὺς Ἑλλήνων ἐκμάθοιμι καὶ ἔθη τὰ παρʼ ὑμῖν κατανοήσαιμι καὶ πολιτείαν τὴν ἀρίστην ἐκμελετήσαιμι. διὸ καὶ σὲ
μάλιστα φίλον ἐξ ἁπάντων Ἀθηναίων καὶ ξένον
προειλόμην κατὰ κλέος, ἐπείπερ ἤκουον νόμων τε συγγραφέα τινὰ εἶναι σε καὶ ἐθῶν τῶν ἀρίστων εὑρετὴν καὶ ἐπιτηδευμάτων ὠφελίμων εἰσηγητήν, καὶ ὅλως πολιτείας τινὸς συναρμοστήν. ὥστε οὐκ
<pb id="v.4.p.18"/>
ἂν φθάνοις διδάσκων με καὶ μαθητὴν ποιούμενος·
ὡς ἔγωγε ἡδέως ἂν ἄσιτός σοι καὶ ἄποτος παρακαθεζόμενος, εἰς ὅσον ἂν αὐτὸς διαρκοίης λέγων, κεχηνὼς ἐπακούοιμι περὶ πολιτείας τε καὶ νόμων
διεξιόντος.
</p>
</sp>
</div1>
<div1 type="section" n="15">
<sp>
<speaker>Σόλων</speaker>
<p>
                   τὰ μὲν πάντα οὐ ῥᾴδιον, ὦ ἑταῖρε, διελθεῖν ἐν βραχεῖ, ἀλλὰ κατὰ μέρη ἐπιὼν εἴσῃ ἕκαστα, οἷα μὲν περὶ θεῶν, οἷα δὲ περὶ γονέων ἢ περὶ γάμων
ἢ τῶν ἄλλων δοκεῖ ἡμῖν. ἃ δὲ περὶ τῶν νέων γιγνώσκομεν καὶ ὅπως αὐτοῖς χρώμεθα, ἐπειδὰν πρῶτον ἄρξωνται συνιέναι τε τοῦ βελτίονος καὶ
τῷ σώματι ἀνδρίζεσθαι καὶ ὑφίστασθαι τοὺς πόνους, ταῦτα ἤδη σοι διέξειμι, ὡς μάθοις οὗτινος χάριν τὰς ἀσκήσεις ταύτας προτεθείκαμεν αὐτοῖς καὶ διαπονεῖν τὸ σῶμα καταναγκάζομεν, οὐ μόνον
ἕνεκα τῶν ἀγώνων, ὅπως τὰ ἆθλα δύναιντο ἀναιρεῖσθαι — ἐπʼ ἐκεῖνα μὲν γὰρ ὀλίγοι πάνυ ἐξ ἁπάντων χωροῦσιν — ἀλλὰ μεῖζόν τι ἁπάσῃ τῇ πόλει ἀγαθὸν ἐκ τούτου καὶ αὐτοῖς ἐκείνοις προσκτώμενοι. κοινὸς γάρ τις ἀγὼν ἄλλος ἅπασι τοῖς ἀγαθοῖς πολίταις πρόκειται καὶ στέφανος οὐ πίτυος οὐδὲ κοτίνου ἢ σελίνων, ἀλλʼ ὃς ἐν αὑτῷ συλλαβὼν ἔχει τὴν ἀνθρώπου εὐδαιμονίαν, οἷον ἐλευθερίαν λέγω αὐτοῦ τε ἑκάστου ἰδίᾳ καὶ κοινῇ τῆς πατρίδος καὶ πλοῦτον καὶ δόξαν καὶ ἑορτῶν πατρίων ἀπόλαυσιν καὶ οἰκείων σωτηρίαν, καὶ συνόλως τὰ κάλλιστα ὧν ἄν τις εὔξαιτο γενέσθαι
οἱ παρὰ τῶν θεῶν. ταῦτα πάντα τῷ στεφάνῳ ὅν φημι συναναπέπλεκται καὶ ἐκ τοῦ ἀγῶνος ἐκείνου περιγίγνεται ἐφʼ ὃν αἱ ἀσκήσεις αὗται καὶ οἱ πόνοι ἄγουσιν.
<pb id="v.4.p.20"/>
</p>
</sp>
</div1>
<div1 type="section" n="16">
<sp>
<speaker>Ἀνάχαρσις</speaker>
<p>
                   εἶτα, ὦ θαυμάσιε Σόλων, τοιαῦτά μοι καὶ τηλικαῦτα ἔχων ἆθλα διεξιέναι, μῆλα καὶ σέλινα διηγοῦ καὶ θαλλὸν ἐλαίας ἀγρίας καὶ πίτυν;
</p>
</sp>
<sp>
<speaker>Σόλων</speaker>
<p> καὶ μήν, ὦ Ἀνάχαρσι, οὐδʼ ἐκεῖνά σοι ἔτι δόξει μικρὰ εἶναι, ὁπόταν ἃ λέγω καταμάθῃς· ἀπὸ γάρ τοι τῆς αὐτῆς γνώμης γίγνεται, καὶ μέρη πάντα
ταῦτά ἐστι μικρὰ τοῦ μείζονος ἐκείνου ἀγῶνος καὶ
τοῦ στεφάνου ὃν κατέλεξα τοῦ πανευδαίμονος. ὁ
δὲ λόγος, οὐκ οἶδʼ ὅπως ὑπερβὰς τὴν τάξιν, ἐκείνων πρότερον ˘ ἐπεμνήσθη τῶν Ἰσθμοῖ γιγνομένων καὶ
Ὀλυμπίασι καὶ ἐν Νεμέᾳ. πλὴν ἀλλὰ νὼ — σχολὴν γὰρ ἄγομεν καὶ σύ, ὡς φής, προθυμῇ
ἀκούειν — ἀναδραμούμεθα ῥᾳδίως πρὸς τὴν ἀρχὴν καὶ τὸν κοινὸν ἀγῶνα διʼ ὅν φημι πάντα ταῦτα ἐπιτηδεύεσθαι.
</p>
</sp>
<sp>
<speaker>Ἀνάχαρσις</speaker>
<p>
ἄμεινον, ὦ Σόλων, οὕτως· καθʼ ὁδὸν γὰρ ἂν ἡμῖν
ὁ λόγος μᾶλλον προχωροίη, καὶ τάχʼ ἂν ἴσως ἀπὸ τούτων πεισθείην μηδὲ ἐκείνων ἔτι καταγελᾶν,
εἴ τινα ἴδοιμι σεμνυνόμενον κοτίνῳ ἢ σελίνῳ ἐστεφανωμένον. ἀλλʼ εἰ δοκεῖ, εἰς τὸ σύσκιον ἐκεῖσε ἀπελθόντες καθίσωμεν ἐπὶ τῶν θάκων, ὡς
μὴ ἐνοχλοῖεν ἡμῖν οἱ ἐπικεκραγότες τοῖς παλαίουσιν. ἄλλως τε — εἰρήσεται γάρ — οὐδὲ τὸν
ἥλιον ἔτι ῥᾳδίως ἀνέχομαι ὀξὺν καὶ φλογμώδη ἐμπίπτοντα γυμνῇ τῇ κεφαλῇ. τὸν γὰρ πῖλόν
<pb id="v.4.p.22"/> μοι ἀφελεῖν οἴκοθεν ἔδοξεν, ὡς μὴ μόνος ἐν ὑμῖν ξενίζοιμι τῷ σχήματι. ἡ δὲ ὥρα τοῦ ἔτους ὅ τι περ τὸ πυρωδέστατόν ἐστι, τοῦ ἀστέρος ὃν ὑμεῖς κύνα φατὲ πάντα καταφλέγοντος καὶ τὸν ἀέρα ξηρὸν καὶ διακαῆ τιθέντος, ὅ τε ἥλιος κατὰ μεσημβρίαν ἤδη ὑπὲρ κεφαλῆς ἐπικείμενος φλογμὸν τοῦτον οὐ φορητὸν ἐπάγει τοῖς σώμασιν.
ὥστε καὶ σοῦ θαυμάζω, ὅπως γηραιὸς ἤδη ἄνθρωπος οὔτε ἰδίεις πρὸς τὸ θάλπος ὥσπερ ἐγὼ οὔτε ὅλως ἐνοχλουμένῳ ἔοικας, οὐδὲ περιβλέπεις
σύσκιόν τι ἔνθα ὑποδύσῃ, ἀλλὰ δέχῃ τὸν ἥλιον εὐμαρῶς.
</p>
</sp>
</div1>
<div1 type="section" n="17">
<sp>
<speaker>Σόλων</speaker>
<p>
οἱ μάταιοι γὰρ οὗτοι πόνοι, ὦ Ἀνάχαρσι, καὶ
αἱ συνεχεῖς ἐν τῷ πηλῷ κυβιστήσεις καὶ αἱ
ὕπαιθροι ἐν τῇ ψάμμῳ ταλαιπωρίαι τοῦτο ἡμῖν
τὸ ἀμυντήριον παρέχουσι πρὸς τὰς τοῦ ἡλίου βολάς, καὶ οὐκέτι πίλου δεόμεθα ὃς τὴν ἀκτῖνα κωλύσει καθικνεῖσθαι τῆς κεφαλῆς.
 ἀπίωμεν δʼ οὖν. καὶ ὅπως μὴ καθάπερ νόμοις προσέξεις οἷς ἂν λέγω πρὸς σέ, ὡς ἐξ ἅπαντος πιστεύειν αὐτοῖς, ἀλλʼ ἔνθα ἄν σοι μὴ ὀρθῶς τι λέγεσθαι δοκῇ, ἀντιλέγειν εὐθὺς καὶ διευθύνειν τὸν λόγον. δυοῖν γὰρ θατέρου πάντως οὐκ ἂν ἁμάρτοιμεν, ἢ σὲ βεβαίως πεισθῆναι ἐκχέαντα ὁπόσα οἴει ἀντιλεκτέα εἶναι ἢ ἐμὲ ἀναδιδαχθῆναι
ὡς οὐκ ὀρθῶς γιγνώσκω περὶ αὐτῶν. καὶ ἐν τούτῳ πᾶσα ἄν σοι ἡ πόλις ἡ Ἀθηναίων οὐκ
<pb id="v.4.p.24"/>
ἂν φθάνοι χάριν ὁμολογοῦσα· ὅσα γὰρ ἂν ἐμὲ παιδεύσῃς καὶ μεταπείσῃς πρὸς τὸ βέλτιον, ἐκείνην τὰ μέγιστα ἔσῃ ὠφεληκώς. οὐδὲν γὰρ
ἂν ἀποκρυψαίμην αὐτήν, ἀλλʼ εὐθὺς εἰς τὸ μέσον καταθήσω φέρων καὶ καταστὰς ἐν τῇ πνυκὶ ἐρῶ πρὸς ἅπαντας, <q direct="unspecified">ἄνδρες <q direct="unspecified"> Ἀθηναῖοι, ἐγὼ μὲν ὑμῖν ἔγραψα τοὺς νόμους οἵους ᾤμην ˘ ὠφελιμωτάτους ἔσεσθαι τῇ πόλει, ὁ δὲ ξένος οὑτοσί</q> —</q>  δείξας σέ,
ὦ Ἀνάχαρσι — <q direct="unspecified">Σκύθης μέν ἐστι, σοφὸς δὲ ὢν
μετεπαίδευσέ με καὶ ἄλλα βελτίω μαθήματα καὶ ἐπιτηδεύματα ἐδιδάξατο· ὥστε εὐεργέτης ὑμῶν
ὁ ἀνὴρ ἀναγεγράφθω καὶ χαλκοῦν αὐτὸν ἀναστήσατε παρὰ τοὺς ἐπωνύμους ἢ ˘ ἐν πόλει παρὰ τὴν Ἀθηνᾶν.</q>  καὶ εὖ ἴσθι ὡς οὐκ αἰσχυνεῖται ἡ Ἀθηναίων πόλις παρὰ βαρβάρου καὶ ξένου τὰ
συμφέροντα ἐκμανθάνοντες.
</p>
</sp>
</div1>
<div1 type="section" n="18">
<sp>
<speaker>Ἀνάχαρσις</speaker>
<p>
                   τοῦτʼ ἐκεῖνο ἦν ἄρα, ὃ ἐγὼ περὶ ὑμῶν ἤκουον τῶν Ἀθηναίων, ὡς εἴητε εἴρωνες ἐν τοῖς λόγοις. ἐπεὶ πόθεν ἂν ἐγὼ νομὰς καὶ πλάνης ἄνθρωπος,
ἐφʼ ἁμάξης βεβιωκώς, ἄλλοτε ἄλλην γῆν ἀμείβων, πόλιν δὲ οὔτε οἰκήσας πώποτε οὔτε ἄλλοτε
ἢ νῦν ἑωρακώς, περὶ πολιτείας διεξίοιμι καὶ διδάσκοιμι αὐτόχθονας ἄνδρας πόλιν ταύτην ἀρχαιοτάτην τοσούτοις ἤδη χρόνοις ἐν εὐνομίᾳ κατῳκηκότας, καὶ μάλιστα σέ,˘ ὦ Σόλων, ᾧ τοῦτο
ἐξ ἀρχῆς καὶ μάθημα, ὡς φασίν, ἐγένετο,
<pb id="v.4.p.26"/> ἐπίστασθαι ὅπως ἂν ἄριστα πόλις οἰκοῖτο καὶ οἷστισιν νόμοις χρωμένη εὐδαιμονήσειε ; πλὴν ἀλλὰ καὶ τοῦτο ὡς νομοθέτῃ πειστέον σοι, καὶ ἀντερῶ ἢν τί μοι δοκῇ μὴ ὀρθῶς λέγεσθαι, ὡς βεβαιότερον μάθοιμι. καὶ ἰδοὺ γὰρ ἤδη ἐκφυγόντες τὸν ἥλιον ἐν τῷ συνηρεφεῖ ἐσμεν, καὶ καθέδρα μάλα ἡδεῖα καὶ
εὔκαιρος ἐπὶ ψυχροῦ τοῦ λίθου. λέγε οὖν τὸν λόγον ἐξ ἀρχῆς καθʼ ὅ τι τοὺς νέους παραλαβόντες ἐκ παίδων εὐθὺς διαπονεῖτε, καὶ ὅπως ὑμῖν ἄριστοι ἄνδρες ἀποβαίνουσιν ἐκ τοῦ πηλοῦ καὶ τῶν ἀσκημάτων τούτων, καί τί ἡ κόνις καὶ
τὰ κυβιστήματα συντελεῖ πρὸς ἀρετὴν αὐτοῖς. τοῦτο γὰρ δὴ μάλιστα ἐξ ἀρχῆς εὐθὺς ἐπόθουν ἀκοῦσαι· τὰ δʼ ἄλλα εἰς ὕστερον διδάξῃ με κατὰ
καιρὸν ἕκαστον ἐν τῷ μέρει. ἐκείνου μέντοι, ὦ Σόλων, μέμνησό μοι παρὰ τὴν ῥῆσιν, ὅτι πρὸς ἄνδρα βάρβαρον ἐρεῖς. λέγω δὲ ὡς μὴ περιπλέκῃς μηδὲ ἀπομηκύνῃς τοὺς λόγους· δέδια γὰρ μὴ ἐπιλανθάνωμαι τῶν πρώτων, εἰ τὰ μετὰ ταῦτα πολλὰ ἐπιρρέοι
</p>
</sp>
</div1>
<div1 type="section" n="19">
<sp>
<speaker>Σόλων</speaker>
<p>
                   σὺ τοῦτο, ὦ Ἀνάχαρσι, ταμιεύσῃ ἄμεινον, ἔνθα ἄν σοι δοκῇ μὴ πάνυ σαφὴς ὁ λόγος εἶναι ἢ
πόρρω ποι ἀποπλανᾶσθαι εἰκῆ ῥέων ἐρήσῃ γὰρ μεταξὺ ὅ τι ἂν ἐθέλῃς καὶ διακόψεις αὐτοῦ τὸ μῆκος. ἢν μέντοι μὴ ἐξαγώνια μηδὲ πόρρω τοῦ σκοποῦ τὰ λεγόμενα ᾖ, κωλύσει οὐδέν, οἶμαι, εἰ καὶ μακρὰ λέγοιτο, ἐπεὶ καὶ τῇ βουλῇ τῇ ἐξ
<pb id="v.4.p.28"/>
Ἀρείου πάγου, ἥπερ τὰς φονικὰς ἡμῖν δίκας δικάζει, πάτριον οὕτω ποιεῖν. ὁπόταν γὰρ
ἀνελθοῦσα εἰς τὸν πάγον συγκαθέζηται φόνου ἢ
τραύματος ἐκ προνοίας ἢ πυρκαϊᾶς δικάσοντες, ἀποδίδοται λόγος ἑκατέρῳ τῶν κρινομένων καὶ λέγουσιν ἐν τῷ μέρει ὁ μὲν διώκων ὁ δὲ φεύγων,
ἢ αὐτοὶ ἢ ῥήτορας ἀναβιβάζονται τοὺς ἐροῦντας
ὑπὲρ αὐτῶν. οἱ δὲ ἔστʼ ἂν μὲν περὶ τοῦ
πράγματος λέγωσιν, ἀνέχεται ἡ, βουλὴ καθʼ ἡσυχίαν ἀκούουσα· ἢν δέ τις ἢ φροίμιον εἴπῃ πρὸ τοῦ λόγου, ὡς εὐνουστέρους ἀπεργάσαιτο αὐτούς, ἢ
οἶκτον ἢ δείνωσιν ἔξωθεν ἐπάγῃ ˘ τῷ πράγματι — οἷα πολλὰ ῥητόρων παῖδες ἐπὶ τοὺς δικαστὰς μηχανῶνται — παρελθὼν ὁ κῆρυξ κατεσιώπησεν
εὐθύς, οὐκ ἐῶν ληρεῖν πρὸς τὴν βουλὴν καὶ
περιπέττειν τὸ πρᾶγμα ἐν τοῖς λόγοις, ὡς γυμνὰ τὰ γεγενημένα οἱ Ἀρεοπαγῖται βλέποιεν.
ὥστε καὶ σέ, ὦ Ἀνάχαρσι, Ἀρεοπαγίτην ἐν
τῷ παρόντι ποιοῦμαι ἔγωγε, καὶ κατὰ τὸν τῆς βουλῆς μου νόμον ἄκουε, καὶ σιωπᾶν κέλευε, ἢν αἴσθῃ καταρρητορευόμενος· ἄχρι δὲ ἂν οἰκεῖα τῷ πράγματι λέγηται, ἐξέστω ἀπομηκύνειν. οὐδὲ γὰρ ὑφʼ ἡλίῳ ἔτι ποιησόμεθα τὴν συνουσίαν, ὡς ἄχθεσθαι εἰ ἀποτείνοιτο ἡ ῥῆσις, ἀλλὰ ἥ τε σκιὰ πυκνὴ καὶ ἡμεῖς σχολὴν ἄγομεν.
</p>
</sp>
<sp>
<speaker>Ἀνάχαρσις</speaker>
<p>
εὐγνώμονά σου ταῦτα, ὦ Σόλων, καὶ ἔγωγε ἤδη χάριν οὐ μικρὰν οἶδά σοι καὶ ἐπὶ τούτοις, ὅτι πάρεργον τοῦ λόγου καὶ τὰ ἐν Ἀρείῳ πάγῳ
<pb id="v.4.p.30"/> γιγνόμενα ἐδιδάξω με, θαυμάσια ὡς ἀληθῶς καὶ ἀγαθῶν βουλευτῶν ἔργα πρὸς ἀλήθειαν οἰσόντων τὴν ψῆφον. ἐπὶ τούτοις οὖν ἤδη λέγε, καὶ ὁ Ἀρεοπαγίτης ἐγὼ — τοῦτο γὰρ ἔθου με — κατὰ σχῆμα τῆς βουλῆς ἀκούσομαί σου.
</p>
</sp>
</div1>
<div1 type="section" n="20">
<sp>
<speaker>Σόλων</speaker>
<p>
                   οὐκοῦν διὰ βραχέων προακοῦσαι χρή σε ἃ περὶ πόλεως καὶ πολιτῶν ἡμῖν δοκεῖ. πόλιν γὰρ ἡμεῖς οὐ τὰ οἰκοδομήματα ἡγούμεθα εἶναι, οἷον τείχη καὶ ἱερὰ καὶ νεωσοίκους, ἀλλὰ ταῦτα μὲν
ὥσπερ σῶμά τι ἑδραῖον καὶ ἀκίνητον ὑπάρχειν εἰς ὑποδοχὴν καὶ ἀσφάλειαν τῶν πολιτευομένων,
τὸ δὲ πᾶν κῦρος ἐν τοῖς πολίταις τιθέμεθα· τούτους γὰρ εἶναι τοὺς ἀναπληροῦντας καὶ διατάττοντας καὶ ἐπιτελοῦντας ἕκαστα καὶ φυλάττοντας, οἷόν τι ἐν ἡμῖν ἑκάστῳ ἐστὶν ἡ ψυχή. τοῦτο δὴ τοίνυν κατανοήσαντες ἐπιμελούμεθα μέν, ὡς ὁρᾷς, καὶ τοῦ σώματος τῆς πόλεως, κατακοσμοῦντες αὐτὸ ὡς κάλλιστον ἡμῖν εἴη, ἔνδοθὲν
τε οἰκοδομήμασιν κατεσκευασμένον καὶ ταῖς ἔκτοσθεν ταύταις περιβολαῖς εἰς τὸ ἀσφαλέστατον πεφραγμένον. μάλιστα δὲ καὶ ἐξ ἅπαντος τοῦτο προνοοῦμεν, ὅπως οἱ πολῖται ἀγαθοὶ μὲν τὰς ψυχάς, ἰσχυροὶ δὲ τὰ σώματα γίγνοιντο· τοὺς γὰρ τοιούτους σφίσι τε αὐτοῖς καλῶς χρήσεσθαι ἐν εἰρήνῃ συμπολιτευομένους καὶ ἐκ πολέμου σώσειν τὴν πόλιν καὶ ἐλευθέραν καὶ
εὐδαίμονα διαφυλάξειν. τὴν μὲν δὴ πρώτην ἀνατροφὴν αὐτῶν μητράσι καὶ τίτθαις καὶ παιδαγωγοῖς ἐπιτρέπομεν ὑπὸ
<pb id="v.4.p.32"/> παιδείαις ἐλευθερίοις ἄγειν τε καὶ τρέφειν αὐτούς, ἐπειδὰν δὲ συνετοὶ ἤδη γίγνωνται τῶν καλῶς ἐχόντων, καὶ αἰδὼς καὶ ἐρύθημα καὶ φόβος καὶ ἐπιθυμία τῶν ἀρίστων ἀναφύηται αὐτοῖς, καὶ
αὐτὰ ἤδη τὰ σώματα ἀξιόχρεα δοκῇ πρὸς τοὺς
πόνους παγιώτερα γιγνόμενα καὶ πρὸς τὸ ἰσχυρότερον συνιστάμενα, τηνικαῦτα ἤδη παραλαβόντες.
αὐτοὺς διδάσκομεν, ἄλλα μὲν τῆς ψυχῆς μαθήματα καὶ γυμνάσια προτιθέντες, ἄλλως δὲ πρὸς
τοὺς πόνους καὶ τὰ σώματα ἐθίζοντες. οὐ γὰρ ἱκανὸν ἡμῖν ἔδοξε τὸ μόνον φῦναι ὡς ἔφυ ἕκαστος
ἤτοι κατὰ τὸ σῶμα ἢ κατὰ τὴν ψυχήν, ἀλλὰ καὶ παιδεύσεως καὶ μαθημάτων ἐπʼ αὐτοὺς δεόμεθα,
ὑφʼ ὧν τά τε εὐφυῶς διακείμενα βελτίω παρὰ
πολὺ γίγνοιτο ἂν καὶ τὰ φαύλως ἔχοντα μετακοσμοῖτο πρὸς τὸ βέλτιον. καὶ τὸ παράδειγμα ἡμῖν παρὰ τῶν γεωργῶν, οἳ τὰ φυτὰ μέχρι μὲν πρόσγεια καὶ νήπιά ἐστι, σκέπουσιν καὶ
περιφράττουσιν ὡς μὴ βλάπτοιντο ὑπὸ τῶν πνευμάτων, ἐπειδὰν δὲ ἤδη παχύνηται τὸ ἔρνος,
τηνικαῦτα περιτέμνουσίν τε τὰ περιττὰ καὶ παραδιδόντες αὐτὰ τοῖς ἀνέμοις δονεῖν καὶ διασαλεύειν καρπιμώτερα ἐξεργάζονται.</p>
</sp>
</div1>
<div1 type="section" n="21">
<sp>
<p>τὴν μὲν τοίνυν ψυχὴν μουσικῇ τὸ πρῶτον καὶ ἀριθμητικῇ ἀναρριπίζομεν, καὶ γράμματα γράψασθαι καὶ τορῶς αὐτὰ ἐπιλέξασθαι διδάσκομεν
προϊοῦσιν δὲ ἤδη σοφῶν ἀνδρῶν γνώμας καὶ ἔργα παλαιὰ καὶ λόγους ὠφελίμους ἐν μέτροις
κατακοσμήσαντες, ὡς μᾶλλον μνημονεύοιεν, ῥαψῳδοῦμεν αὐτοῖς. οἱ δὲ καὶ ἀκούοντες ἀριστείας τινὰς καὶ πράξεις ἀοιδίμους ὀρέγονται κατὰ
<pb id="v.4.p.34"/>
μικρὸν καὶ πρὸς μίμησιν ἐπεγείρονται, ὡς καὶ αὐτοὶ
ᾄδοιντο καὶ θαυμάζοιντο ὑπὸ τῶν ὕστερον. οἷα πολλὰ Ἡσίοδός τε ἡμῖν καὶ Ὅμηρος ἐποίησαν. ἐπειδὰν δὲ πλησιάζωσι πρὸς τὴν πολιτείαν καὶ δέῃ αὐτοὺς ἤδη μεταχειρίζεσθαι τὰ κοινὰ — - καίτοι ἔξω τοῦ ἀγῶνος ἴσως ταῦτα· οὐ γὰρ ὅπως τὰς ψυχὰς αὐτῶν ἀσκοῦμεν ἐξ ἀρχῆς προὔκειτο
εἰπεῖν, ἀλλὰ διʼ ὅ τι τοῖς τοιούτοις πόνοις καταγυμνάζειν αὐτοὺς ἀξιοῦμεν. ὥστε αὐτὸς ἐμαυτῷ
σιωπᾶν προστάττω, οὐ περιμείνας τὸν κήρυκα
οὐδὲ τὸν Ἀρεοπαγίτην σέ, ὃς ὑπʼ αἰδοῦς, οἶμαι, ἀνέχῃ ληροῦντα ἤδη τοσαῦτα ἔξω τοῦ πράγματος.
</p>
</sp>
<sp>
<speaker>Ἀνάχαρσις</speaker>
<p>
εἰπέ μοι, ὦ Σόλων, πρὸς δὲ δὴ τοὺς τὰ ἀναγκαιότατα μὴ λέγοντας ἐν Ἀρείῳ πάγῳ, ἀλλὰ ἀποσιωπῶντας, οὐδὲν τῇ βουλῇ πρόστιμον ἐπινενόηται;
</p>
</sp>
<sp>
<speaker>Σόλων</speaker>
<p>
τί τοῦτο ἤρου με; οὐδέπω γὰρ δῆλον.
</p>
</sp>
<sp>
<speaker>Ἀνάχαρσις</speaker>
<p> ὅτι τὰ κάλλιστα καὶ ἐμοὶ ἀκοῦσαι ἥδιστα παρείς, τὰ περὶ τῆς ψυχῆς, τὰ ἧττον ἀναγκαῖα
λέγειν διανοῇ, γυμνάσια καὶ διαπονήσεις τῶν σωμάτων.
</p>
</sp>
<sp>
<speaker>Σόλων</speaker>
<p> μέμνημαι γάρ, ὦ γενναῖε, τῶν ἀπʼ ἀρχῆς προρρήσεων καὶ ἀποπλανᾶν οὐ βούλομαι τὸν
<pb id="v.4.p.36"/> λόγον, μή σου ἐπιταράξῃ τὴν μνήμην ἐπιρρέων. πλὴν ἀλλὰ καὶ ταῦτα ἐρῶ διὰ βραχέων, ὡς οἷὸν
τε· τὸ γὰρ ἀκριβὲς τῆς περὶ αὐτῶν διασκέψεως ἑτέρου ἂν εἴη λόγου.</p>
</sp>
</div1>
<div1 type="section" n="22">
<sp>
<p>ῥυθμίζομεν οὖν τὰς γνώμας αὐτῶν νόμους τε τοὺς κοινοὺς ἐκδιδάσκοντες, οἳ δημοσίᾳ πᾶσι
πρόκεινται ἀναγιγνώσκειν μεγάλοις γράμμασιν ἀναγεγραμμένοι, κελεύοντες ἅ τε χρὴ ποιεῖν καὶ
ὧν ἀπέχεσθαι, καὶ ἀγαθῶν ἀνδρῶν συνουσίαις, παρʼ ὧν λέγειν τὰ δέοντα ἐκμανθάνουσι καὶ πράττειν τὰ δίκαια καὶ ἐκ τοῦ ἴσου ἀλλήλοις
συμπολιτεύεσθαι καὶ μὴ ἐφίεσθαι τῶν αἰσχρῶν καὶ ὀρέγεσθαι τῶν καλῶν, βίαιον δὲ μηδὲν ποιεῖν.
οἱ δὲ ἄνδρες οὗτοι σοφισταὶ καὶ φιλόσοφοι πρὸς ἡμῶν ὀνομάζονται. καὶ μέντοι καὶ εἰς τὸ θέατρον συνάγοντες αὐτοὺς δημοσίᾳ παιδεύομεν ὑπὸ κωμῳδίαις καὶ τραγῳδίαις ἀρετάς τε ἀνδρῶν παλαιῶν καὶ κακίας θεωμένους, ὡς τῶν μὲν ἀποτρέποιντο,
ἐπʼ ἐκεῖνα δὲ σπεύδοιεν. τοῖς δέ γε κωμῳδοῖς καὶ
λοιδορεῖσθαι καὶ ἀποσκώπτειν ἐφίεμεν εἰς τοὺς πολίτας οὓς ἂν αἰσχρὰ καὶ ἀνάξια τῆς πόλεως ἐπιτηδεύοντας αἴσθωνται, αὐτῶν τε ἐκείνων χάριν, ἀμείνους γὰρ οὕτω γίγνονται ὀνειδιζόμενοι, καὶ τῶν πολλῶν, ὡς φεύγοιεν τὸν ἐπὶ τοῖς ὁμοίοις ἔλεγχον.
</p>
</sp>
</div1>
<div1 type="section" n="23">
<sp>
<speaker>Ἀνάχαρσις</speaker>
<p>
                   εἶδον, ὦ Σόλων, οὓς φὴς τοὺς τραγῳδοὺς καὶ κωμῳδούς, εἴ γε ἐκεῖνοὶ εἰσιν, ὑποδήματα μὲν βαρέα καὶ ὑψηλὰ ὑποδεδεμένοι, χρυσαῖς δὲ ταινίαις τὴν ἐσθῆτα πεποικιλμένοι, κράνη δὲ
<pb id="v.4.p.38"/> ἐπικείμενοι παγγέλοια κεχηνότα παμμέγεθες· αὐτοὶ δὲ ἔνδοθεν μεγάλα τε ἐκεκράγεσαν καὶ διέβαινον οὐκ
οἶδʼ ὅπως ἀσφαλῶς ἐν τοῖς ὑποδήμασιν. Διονύσῳ
δὲ οἶμαι τότε ἡ πόλις ἑώρταζεν. οἱ δὲ κωμῳδοὶ
βραχύτεροι μὲν ἐκείνων καὶ πεζοὶ καὶ
ἀνθρωπινώτεροι καὶ ἧττον ἐβόων, κράνη δὲ πολὺ γελοιότερα. καὶ τὸ θέατρον γοῦν ἅπαν ἐγέλα ἐπʼ αὐτοῖς· ἐκείνων δὲ τῶν ὑψηλῶν σκυθρωποὶ ἅπαντες ἤκουον, οἰκτείροντες, οἶμαι, αὐτοὺς πέδας τηλικαύτας ἐπισυρομένους.
</p>
</sp>
</div1>
<div1 type="section" n="24">
<sp>
<speaker>Σόλων</speaker>
<p> οὐκ ἐκείνους, ὦγαθέ, ᾤκτειρον, ἀλλὰ ποιητὴς ἴσως ἀρχαίαν τινὰ συμφορὰν ἐπεδείκνυτο τοῖς θεαταῖς καὶ ῥήσεις οἰκτρὰς ἐτραγῴδει πρὸς τὸ
θέατρον ὑφʼ ὧν εἰς δάκρυα κατεσπῶντο οἱ
ἀκούοντες. εἰκὸς δέ σε καὶ αὐλοῦντας ἑωρακέναι τινὰς τότε καὶ ἄλλους συνᾴδοντας ἐν κύκλῳ συνεστῶτας.
οὐδʼ αὐτά, ὦ Ἀνάχαρσι, ἀχρεῖα ᾄσματα καὶ
αὐλήματα.
τούτοις δʼ οὖν ἅπασι καὶ τοῖς τοιούτοις παραθηγόμενοι τὰς ψυχὰς ἀμείνους ἡμῖν γίγνονται.
 τὰ δὲ δὴ σώματα, ὅπερ μάλιστα ἐπόθεις ἀκοῦσαι, ὧδε καταγυμνάζομεν. ἀποδύσαντες αὐτά, ὡς ἔφην, οὐκέτι ἁπαλὰ καὶ τέλεον ἀσυμπαγῆ ὄντα,
πρῶτον μὲν ἐθίζειν ἀξιοῦμεν πρὸς τὸν ἀέρα,
συνοικειοῦντες αὐτὰ ταῖς ὥραις ἑκάσταις, ὡς μήτε θάλπος δυσχεραίνειν μήτε πρὸς κρύος ἀπαγορεύειν, ἔπειτα δὲ χρίομεν ἐλαίῳ καὶ καταμαλάττομεν, ὡς εὐτονώτερα γίγνοιτο· ἄτοπον γάρ, εἰ
τὰ μὲν σκύτη νομίζομεν ὑπὸ τῷ ἐλαίῳ μαλαττόμενα δυσραγέστερα καὶ πολλῷ διαρκέστερα
<pb id="v.4.p.40"/> γίγνεσθαι νεκρά γε ἤδη ὄντα, τὸ δʼ ἔτι ζωῆς μετέχον
σῶμα μὴ ἂν ἄμεινον ἡγοίμεθα ὑπὸ τοῦ ἐλαίου διατεθήσεσθαι.
τοὐντεῦθεν ποικίλα τὰ γυμνάσια ἐπινοήσαντες καὶ διδασκάλους ἑκάστων ἐπιστήσαντες τὸν μέν τινα πυκτεύειν, τὸν δὲ παγκρατιάζειν διδάσκομεν,
ὡς τούς τε πόνους καρτερεῖν ἐθίζοιντο καὶ ὁμόσε
χωρεῖν ταῖς πληγαῖς μηδὲ ἀποτρέποιντο δέει τῶν τραυμάτων. τοῦτο δὲ ἡμῖν δύο τὰ ὠφελιμώτατα ἐξεργάζεται ἐν αὐτοῖς, θυμοειδεῖς τε παρασκευάζον εἰς τοὺς κινδύνους καὶ τῶν σωμάτων ἀφειδεῖν καὶ προσέτι ἐρρῶσθαι καὶ καρτεροὺς εἶναι. ὅσοι δὲ αὐτῶν κάτω συννενευκότες παλαίουσιν, καταπίπτειν τε ἀσφαλῶς μανθάνουσι καὶ ἀνίστασθαι εὐμαρῶς καὶ ὠθισμοὺς καὶ περιπλοκὰς καὶ λυγισμοὺς καὶ ἄγχεσθαι δύνασθαι καὶ εἰς ὕψος ἀναβαστάσαι τὸν ἀντίπαλον, οὐκ ἀχρεῖα οὐδὲ οὗτοι ἐκμελετῶντες, ἀλλὰ ἓν μὲν τὸ πρῶτον καὶ μέγιστον ἀναμφιβόλως κτώμενοι· δυσπαθέστερα γὰρ καὶ καρτερώτερα τὰ σώματα γίγνονται
αὐτοῖς διαπονούμενα. ἕτερον δὲ οὐδὲ αὐτὸ μικρόν ἔμπειροι γὰρ δὴ ἐκ τούτου καθίστανται, εἴ ποτε ἀφίκοιντο εἰς χρείαν τῶν μαθημάτων τούτων ἐν ὅπλοις· δῆλον γὰρ ὅτι καὶ πολεμίῳ ἀνδρὶ ὁ
τοιοῦτος συμπλακεὶς καταρρίψει τε θᾶττον ὑποσκελίσας καὶ καταπεσὼν εἴσεται ὡς ῥᾷστα ἐξανίστασθαι. πάντα γὰρ ταῦτα, ὦ Ἀνάχαρσι, ἐπʼ
ἐκεῖνον τὸν ἀγῶνα ποριζόμεθα τὸν ἐν τοῖς ὅπλοις καὶ ἡγούμεθα πολὺ ἀμείνοσι χρήσασθαι τοῖς
οὕτως ἀσκηθεῖσιν, ἐπειδὰν πρότερον αὐτῶν γυμνὰ
τὰ σώματα καταμαλάξαντες καὶ διαπονήσαντες
ἐρρωμενέστερα καὶ ἀλκιμώτερα ἐξεργασώμεθα καὶ
<pb id="v.4.p.42"/>
κοῦφα καὶ εὔτονα καὶ τὰ αὐτὰ βαρέα τοῖς
ἀνταγωνισταῖς .</p>
</sp>
</div1>
<div1 type="section" n="25">
<sp>
<p>ἐννοεῖς γάρ, οἶμαι, τὸ μετὰ τοῦτο, οἵους εἰκὸς
σὺν ὅπλοις ἔσεσθαι τοὺς καὶ γυμνοὺς ἂν φόβον τοῖς δυσμενέσιν ἐμποιήσαντας, οὐ πολυσαρκίαν
ἀργὸν καὶ λευκὴν ἢ ἀσαρκίαν μετὰ ὠχρότητος ἐπιδεικνυμένους οἷα γυναικῶν σώματα ὑπὸ σκιᾷ
μεμαρασμένα, τρέμοντα ἱδρῶτί τε πολλῷ εὐθὺς ῥεόμενα καὶ ἀσθμαίνοντα ὑπὸ τῷ κράνει, καὶ μάλιστα ἢν καὶ ὁ ἥλιος ὥσπερ νῦν τὸ
μεσημβρινὸν ἐπιφλέγῃ. οἷς τί ἄν τις χρήσαιτο διψῶσι καὶ τὸν κονιορτὸν οὐκ ἀνεχομένοις καὶ εἰ αἷμα ἴδοιεν, εὐθὺς ταραττομένοις καὶ προαποθνήσκουσι πρὶν ἐντὸς βέλους γενέσθαι καὶ εἰς χεῖρας ἐλθεῖν τοῖς πολεμίοις; οὗτοι δὲ ἡμῖν ὑπέρυθροι εἰς τὸ μελάντερον ὑπὸ τοῦ ἡλίου κεχρωσμένοι καὶ ἀρρενωποί, πολὺ τὸ ἔμψυχον καὶ θερμὸν καὶ ἀνδρῶδες ἐπιφαίνοντες, τοσαύτης εὐεξίας ἀπολάμποντες,˘ οὔτε ῥικνοὶ καὶ κατεσκληκότες οὔτε περιπληθεῖς εἰς βάρος, ἀλλὰ εἰς τὸ σύμμετρον περιγεγραμμένοι, τὸ μὲν ἀχρεῖον τῶν σαρκῶν καὶ περιττὸν τοῖς ἱδρῶσιν ἐξαναλωκότες, ὃ δὲ ἰσχὺν καὶ τόνον παρεῖχεν ἀμιγὲς τοῦ φαύλου περιλελειμμένον ἐρρωμένως φυλάττοντες, ὅπερ γὰρ δὴ οἱ λικμῶντες τὸν πυρόν, τοῦτο ἡμῖν καὶ τὰ γυμνάσια ἐργάζεται ἐν τοῖς σώμασι, τὴν μὲν ἄχνην καὶ τοὺς ἀθέρας ἀποφυσῶντα, καθαρὸν
δὲ τὸν καρπὸν διευκρινοῦντα καὶ προσωρεύοντα.</p>
</sp>
</div1>
<div1 type="section" n="26">
<sp>
<p>καὶ διὰ τοῦτο ὑγιαίνειν τε ἀνάγκη καὶ ἐπὶ
μήκιστον διαρκεῖν ἐν τοῖς καμάτοις· ὀψέ τε ἂν
<pb id="v.4.p.44"/> ἰδίειν ὁ τοιοῦτος ἄρξαιτο καὶ ὀλιγάκις ἂν ἀσθενῶν φανείη. ὥσπερ ἂν εἰ πῦρ τις φέρων ἅμα ἐμβάλοι εἰς πυρὸν αὐτὸν καὶ εἰς τὴν καλάμην αὐτοῦ καὶ εἰς τὴν ἄχνην — αὖθις γὰρ ἐπὶ τὸν λικμῶντα ἐπάνειμι — θᾶττον ἄν, οἶμαι, παρὰ πολὺ ἡ καλάμη ἀναφλεγείη, ὁ δὲ πυρὸς κατʼ ὀλίγον οὔτε φλογὸς μεγάλης ἀνισταμένης οὔτε ὑπὸ μιᾷ τῇ ὁρμῇ, ἀλλὰ κατὰ μικρὸν ὑποτυφόμενος χρόνῳ ὕστερον καὶ
αὐτὸς ἂν κατακαυθείη.
οὐ τοίνυν οὐδὲ νόσος οὐδὲ κάματος εἰς τοιοῦτο σῶμα ἐμπεσόντα ῥᾳδίως ἐλέγξειεν ἂν οὐδʼ
ἐπικρατήσειεν εὐμαρῶς· ἔνδοθέν τε γὰρ εὖ
παρεσκεύασται αὐτῷ καὶ τὰ ἔξω μάλα καρτερῶς πέφρακται πρὸς αὐτά, ὡς μὴ παριέναι εἰς τὸ εἴσω, μηδὲ παραδέχεσθαι μήτε ἥλιον αὐτὸν μήτε κρύος ἐπὶ λύμῃ τοῦ σώματος. πρός τε τὸ ἐνδιδὸν ἐν τοῖς πόνοις πολὺ τὸ θερμὸν τὸ ἔνδοθεν ἐπιρρέον, ἅτε
ἐκ πολλοῦ προπαρεσκευασμένον καὶ εἰς τὴν
ἀναγκαίαν χρείαν ἀποκείμενον, ἀναπληροῖ εὐθὺς ἐπάρδον τῇ ἀκμῇ καὶ ἀκαμάτους ἐπὶ πλεῖστον παρέχεται· τὸ γὰρ προπονῆσαι πολλὰ καὶ προκαμεῖν οὐκ ἀνάλωσιν τῆς ἰσχύος, ἀλλʼ ἐπίδοσιν ἐργάζεται, καὶ ἀναρριπιζομένη πλείων γίγνεται.</p>
</sp>
</div1>
<div1 type="section" n="27">
<sp>
<p>καὶ μὴν καὶ δρομικοὺς εἶναι ἀσκοῦμεν αὐτοὺς
εἰς μῆκός τε διαρκεῖν ἐθίζοντες καὶ εἰς τὸ ἐν βραχεῖ ὠκύτατον ἐπικουφίζοντες· καὶ ὁ δρόμος οὐ πρὸς
τὸ στερρὸν καὶ ἀντίτυπον, ἀλλὰ ἐν ψάμμῳ βαθείᾳ, ἔνθα οὔτε βεβαίως ἀπερεῖσαι τὴν βάσιν οὔτε ἐπιστηρίξαι ῥᾴδιον ὑποσυρομένου πρὸς τὸ ὑπεῖκον τοῦ ποδός. ἀλλὰ καὶ ὑπεράλλεσθαι τάφρον, εἰ δέοι, ἢ εἴ τι ἄλλο ἐμπόδιον, καὶ πρὸς τοῦτο
ἀσκοῦνται ἡμῖν, ἔτι καὶ μολυβδίδας χειροπληθεῖς
<pb id="v.4.p.46"/>
ἐν ταῖν χεροῖν ἔχοντες. εἶτα περὶ ἀκοντίου βολῆς εἰς μῆκος ἁμιλλῶνται. εἶδες δὲ καὶ ἄλλο τι ἐν
τῷ γυμνασίῳ χαλκοῦν περιφερές, ἀσπίδι μικρᾷ ἐοικὸς ὄχανον οὐκ ἐχούσῃ οὐδὲ τελαμῶνας, καὶ ἐπειράθης γε αὐτοῦ κειμένου ἐν τῷ μέσῳ καὶ ἐδόκει σοι βαρὺ καὶ δύσληπτον ὑπὸ λειότητος. ἐκεῖνο τοίνυν ἄνω τε ἀναρριποῦσιν εἰς τὸν ἀέρα καὶ
εἰς τὸ πόρρω, φιλοτιμούμενοι ὅστις ἐπὶ μήκιστον ἐξέλθοι καὶ τοὺς ἄλλους ὑπερβάλοιτο· καὶ ὁ πόνος οὗτος ὤμους τε αὐτῶν κρατύνει καὶ τόνον τοῖς ἄκροις ἐντίθησιν.</p>
</sp>
</div1>
<div1 type="section" n="28">
<sp>
<p>ὁ πηλὸς δὲ καὶ ἡ κόνις, ἅπερ σοι γελοιότερα
ἐξ ἀρχῆς ἔδοξεν, ἄκουσον, ὦ θαυμάσιε, ὅτου ἕνεκα ὑποβέβληται. πρῶτον μέν, ὡς μὴ ἐπὶ τὸ κραταιὸν ἡ πτῶσις αὐτοῖς γίγνοιτο, ἀλλʼ ἐπὶ τὸ μαλακὸν ἀσφαλῶς πίπτοιεν ἔπειτα καὶ τὸν
ὄλισθον ἀνάγκη πλείω γίγνεσθαι, ἱδρούντων ἐν τῷ πηλῷ, ὃ σὺ ταῖς ἐγχέλεσιν εἴκαζες, οὐκ ἀχρεῖον
οὐδὲ γελοῖον ὄν, ἀλλὰ καὶ τοῦτο εἰς ἰσχὺν καὶ τόνον οὐκ ὀλίγα συντελεῖ, ὁπόταν οὕτως ἐχόντων ἀλλήλων ἀναγκάζωνται ἐγκρατῶς
ἀντιλαμβάνεσθαι καὶ συνέχειν διολισθάνοντας· αἴρεσθαί τε
ἐν πηλῷ ἱδρωκότα μετʼ ἐλαίου, ἐκπεσεῖν καὶ
διαρρυῆναι τῶν χειρῶν σπουδάζοντα, μὴ μικρὸν εἶναι νόμιζε. καὶ ταῦτα πάντα, ὥσπερ ἔφην ἔμπροσθεν, εἰς τοὺς πολέμους καὶ χρήσιμα, εἰ δέοι φίλον
τρωθέντα ῥᾳδίως ἀράμενον ὑπεξενεγκεῖν ἢ καὶ πολέμιον συναρπάσαντα ἥκειν μετέωρον κομίζοντα. καὶ διὰ τοῦτο εἰς ὑπερβολὴν ἀσκοῦμεν,
τὰ χαλεπώτερα προτιθέντες ὡς τὰ μικρότερα μακρῷ εὐκολώτερον φέροιεν.
<pb id="v.4.p.48"/>
</p>
</sp>
</div1>
<div1 type="section" n="29">
<sp>
<p>τὴν μέντοι κόνιν ἐπὶ τὸ ἐναντίον χρησίμην οἰόμεθα εἶναι, ὡς μὴ διολισθάνοιεν συμπλεκόμενοι. ἐπειδὰν γὰρ ἐν τῷ πηλῷ ἀσκηθῶσιν συνέχειν τὸ
διαδιδρᾶσκον ὑπὸ γλισχρότητος, ἐθίζονται ἐκφεύγειν αὐτοὶ ληφθέντες ἐκ τῶν χειρῶν, καὶ ταῦτα
ἐν ἀφύκτῳ ἐχόμενοι. καὶ μὴν καὶ τὸν ἱδρῶτα συνέχειν δοκεῖ ἡ κόνις ἀθρόον ἐκχεόμενον ἐπιπαττομένη, καὶ ἐπὶ πολὺ διαρκεῖν ποιεῖ τὴν
δύναμιν, καὶ κώλυμα γίγνεται μὴ βλάπτεσθαι ὑπὸ τῶν ἀνέμων ἀραιοῖς τότε καὶ ἀνεῳγόσιν τοῖς σώμασιν ἐμπιπτόντων. ἄλλως τε καὶ τὸν ῥύπον
ἀποσμᾷ καὶ στιλπνότερον ποιεῖ τὸν ἄνδρα. καὶ ἔγωγε ἡδέως ἂν παραστησάμενος πλησίον τῶν τε λευκῶν τινα ἐκείνων καὶ ὑπὸ σκιᾷ δεδιῃτημένων καὶ ὃν ἂν ἕλῃ τῶν ἐν τῷ Λυκείῳ γυμναζομένων, ἀποπλύνας ˘ τὴν κόνιν καὶ τὸν πηλόν, ἐροίμην ἂν
σε ποτέρῳ ἂν ὅμοιος εὔξαιο γενέσθαι· οἶδα γὰρ
ὡς αὐτίκα ἕλοιο ἂν ἐκ πρώτης προσόψεως, εἰ καὶ
μὴ ἐπὶ τῶν ἔργων πειραθείης ἑκατέρου,
συνεστηκὼς καὶ συγκεκροτημένος εἶναι μᾶλλον ἢ
θρύπτεσθαι καὶ διαρρεῖν καὶ λευκὸς εἶναι ἀπορίᾳ
καὶ φυγῇ εἰς τὰ εἴσω τοῦ αἵματος.</p>
</sp>
</div1>
<div1 type="section" n="30">
<sp>
<p>ταῦτʼ ἔστιν, ὦ Ἀνάχαρσι, ἃ τοὺς νέους ἡμεῖς ἀσκοῦμεν οἰόμενοι φύλακας ἡμῖν τῆς πόλεως ἀγαθοὺς γενέσθαι καὶ ἐν ἐλευθερίᾳ βιώσεσθαι διʼ
αὐτούς, κρατοῦντες μὲν τῶν δυσμενῶν εἰ ἐπίοιεν,
φοβεροὶ δὲ τοῖς περιοίκοις ὄντες, ὡς ὑποπτήσσειν
τε καὶ ὑποτελεῖν ἡμῖν τοὺς πλείστους αὐτῶν. ἐν
εἰρήνῃ τε αὖ πολὺ ἀμείνοσιν αὐτοῖς χρώμεθα περὶ μηδὲν τῶν αἰσχρῶν φιλοτιμουμένοις μηδʼ ὑπʼ
<pb id="v.4.p.50"/> ἀργίας εἰς ὕβριν τρεπομένοις, ἀλλὰ περὶ τὰ τοιαῦτα
διατρίβουσιν καὶ ἀσχόλοις οὖσιν ἐν αὐτοῖς. καὶ ὅπερ ἔφην τὸ κοινὸν ἀγαθὸν καὶ τὴν ἄκραν πόλεως
εὐδαιμονίαν, τοῦτʼ ἔστιν, ὁπότε εἰς τε εἰρήνην καὶ εἰς πόλεμον τὰ ἄριστα παρεσκευασμένη φαίνοιτο ἡ νεότης περὶ τὰ κάλλιστα ἡμῖν σπουδάζοντες.
</p>
</sp>
</div1>
<div1 type="section" n="31">
<sp>
<speaker>Ἀνάχαρσις</speaker>
<p>
                   οὐκοῦν, ὦ Σόλων, ἤν ποτε ὑμῖν ἐπίωσιν οἱ πολέμιοι, χρισάμενοι τῷ ἐλαίῳ καὶ κονισάμενοι πρόιτε καὶ αὐτοὶ πὺξ τὰς χεῖρας ἐπʼ αὐτοὺς προβεβλημένοι, κἀκεῖνοι δηλαδὴ ὑποπτήσσουσιν ὑμᾶς καὶ φεύγουσιν δεδιότες μὴ σφίσι κεχηνόσι πάσσητε τὴν ψάμμον εἰς τὸ στόμα ἢ περιπηδήσαντες, ὡς κατὰ νώτου γένησθε, περιπλέξητε αὐτοῖς τὰ σκέλη περὶ τὴν γαστέρα καὶ διάγχητε ὑπὸ τὸ κράνος ὑποβαλόντες τὸν πῆχυν. καὶ νὴ Δίʼ οἱ μὲν τοξεύσουσι δῆλον ὅτι καὶ ἀκοντιοῦσιν, ὑμῶν δὲ ὥσπερ ἀνδριάντων οὐ καθίξεται τὰ βέλη κεχρωσμένων πρὸς τὸν ἥλιον καὶ πολὺ τὸ αἷμα πεπορισμένων.
οὐ γὰρ καλάμη καὶ ἀθέρες ὑμεῖς ἐστε, ὡς τάχιστα ἐνδιδόναι πρὸς τὰς πληγάς, ἀλλὰ ὀψέ ποτε ἂν καὶ μόλις κατατεμνόμενοι βαθέσι τοῖς τραύμασιν αἷμα ὀλίγον ὑποδείξαιτε.˘ τοιαῦτα γὰρ φής, εἰ</p>
</sp>
</div1>
<div1 type="section" n="32">
<sp>
<p>μὴ πάνυ παρήκουσα τοῦ παραδείγματος. ἢ τὰς πανοπλίας ἐκείνας τότε ἀναλήψεσθε τὰς τῶν κωμῳδῶν τε καὶ τραγῳδῶν, καὶ ἢν προτεθῇ ὑμῖν ἔξοδος, ἐκεῖνα τὰ κράνη περιθήσεσθε τὰ κεχηνότα,
<pb id="v.4.p.52"/>
ὡς φοβερώτεροι εἴητε τοῖς ἐναντίοις μορμολυττόμενοι αὐτούς, καὶ ὑποδήσεσθε τὰ ὑψηλὰ ἐκεῖνα δηλαδή· φεύγουσί τε γάρ, ἢν δέῃ, κοῦφα, καὶ ἢν
διώκητε, ἄφυκτα τοῖς πολεμίοις ἔσται, ὑμῶν οὕτω μεγάλα διαβαινόντων ἐπʼ αὐτούς.
ἀλλʼ ὅρα μὴ ταῦτα μὲν ὑμῖν τὰ κομψὰ λῆρος ᾖ καὶ παιδιὰ ἄλλως καὶ διατριβαὶ ἀργοῦσι καὶ ῥᾳθυμεῖν ἐθέλουσι τοῖς νεανίσκοις. εἰ δὲ βούλεσθε πάντως ἐλεύθεροι καὶ εὐδαίμονες εἶναι, ἄλλων ὑμῖν γυμνασίων δεήσει καὶ ἀσκήσεως ἀληθινῆς τῆς ἐν τοῖς ὅπλοις, καὶ ἡ ἅμιλλα
οὐ πρὸς ἀλλήλους μετὰ παιδιᾶς, ἀλλὰ πρὸς τοὺς δυσμενεῖς ἔσται μετὰ κινδύνων μελετῶσι τὴν ἀρετήν. ὥστε ἀφέντας τὴν κόνιν καὶ τὸ ἔλαιον δίδασκε αὐτοὺς τοξεύειν καὶ ἀκοντίζειν μὴ
κοῦφα διδοὺς τὰ ἀκόντια καὶ οἷα διαφέρεσθαι πρὸς τὸν ἄνεμον, ἀλλʼ ἔστω λόγχη βαρεῖα μετὰ
συριγμοῦ ἑλιττομένη καὶ λίθος χειροπληθὴς καὶ σάγαρις καὶ γέρρον ἐν τῇ ἀριστερᾷ καὶ θώραξ καὶ κράνος.</p>
</sp>
</div1>
<div1 type="section" n="33">
<sp>
<p>ὡς δὲ νῦν ἔχετε, θεῶν τινος εὐμενείᾳ σώζεσθαί μοι δοκεῖτε, οἳ μηδέπω ἀπολώλατε ὑπό τινων ὀλίγων ψιλῶν ἐπιπεσόντων. ἰδοὺ γέ τοι ἢν σπασάμενος τὸ μικρὸν τοῦτο ξιφίδιον τὸ παρὰ τὴν ζώνην μόνος ἐπεισπέσω τοῖς νέοις ὑμῶν ἅπασιν,
αὐτοβοεὶ ἂν ἕλοιμι τὸ γυμνάσιον φυγόντων ἐκείνων καὶ οὐδενὸς ἀντιβλέπειν τῷ σιδήρῳ τολμῶντος, ἀλλὰ περὶ τοὺς ἀνδριάντας ἂν
περιιστάμενοι καὶ περὶ τοὺς κίονας κατακρυπτόμενοι γέλωτα ἄν μοι παράσχοιεν δακρύοντες οἱ πολλοὶ
καὶ τρέμοντες. καὶ τότʼ ἂν ἴδοις οὐκέτι ἐρυθριῶντας αὐτοὺς τὰ σώματα οἷοι νῦν εἰσιν;, ἀλλὰ
<pb id="v.4.p.54"/> ὠχροὶ ἅπαντες αὐτίκα γένοιντʼ ἂν ὑπὸ τοῦ δέους
μεταβαφέντες. οὕτως ὑμᾶς ἡ εἰρήνη διατέθεικε βαθεῖα οὖσα, ὡς μὴ ἂν ῥᾳδίως ἀνασχέσθαι λόφον
ἕνα κράνους πολεμίου ἰδόντας.
</p>
</sp>
</div1>
<div1 type="section" n="34">
<sp>
<speaker>Σόλων</speaker>
<p>
                   οὐ ταῦτα ἔφασαν, ὦ Ἀνάχαρσι, Θρᾳκῶν τε
ὅσοι μετʼ Εὐμόλπου ἐφʼ ἡμᾶς ἐστράτευσαν καὶ αἱ γυναῖκες ὑμῶν αἱ μετὰ Ἱππολύτης ἐλάσασαι ἐπὶ
τὴν πόλιν οὐδὲ οἱ ἄλλοι ὅσοι ἡμῶν ἐν ὅπλοις ἐπειράθησαν. ἡμεῖς γάρ, ὦ μακάριε, οὐκ ἐπείπερ
οὕτω γυμνὰ τὰ σώματα ἐκπονοῦμεν τῶν νέων, διὰ τοῦτο καὶ ἄνοπλα ἐξάγομεν ἐπὶ τοὺς κινδύνους, ἀλλʼ ἐπειδὰν καθʼ αὑτοὺς ἄριστοι γένωνται,
ἀσκοῦνται τὸ μετὰ τοῦτο σὺν τοῖς ὅπλοις, καὶ πολὺ ἄμεινον χρήσαιντʼ ἂν αὐτοῖς οὕτω διακείμενοι.
</p>
</sp>
<sp>
<speaker>Ἀνάχαρσις</speaker>
<p> καὶ ποῦ τοῦτο ὑμῖν ἐστι τὸ γυμνάσιον τὸ ἐν τοῖς ὅπλοις; οὐ γὰρ εἶδον ἔγωγε ἐν τῇ πόλει τοιοῦτον οὐδέν, ἅπασαν αὐτὴν ἐν κύκλῳ περιελθών.
</p>
</sp>
<sp>
<speaker>Σόλων</speaker>
<p> ἀλλὰ ἴδοις ἄν, ὦ Ἀνάχαρσι, ἐπὶ πλέον ἡμῖν συνδιατρίψας, καὶ ὅπλα ἑκάστῳ μάλα πολλά, οἷς χρώμεθα ὁπόταν ἀναγκαῖον ᾖ, καὶ λόφους καὶ φάλαρα καὶ ἵππους, καὶ ἱππέας σχεδὸν τὸ τέταρτον τῶν πολιτῶν. τὸ μέντοι ὁπλοφορεῖν ἀεὶ καὶ ἀκινάκην παρεζῶσθαι περιττὸν ἐν εἰρήνῃ οἰόμεθα
εἶναι, καὶ πρόστιμὸν γʼ ἔστιν, ὅστις ἐν ἄστει
<pb id="v.4.p.56"/>
σιδηροφοροίη μηδὲν δέον ἢ ὅπλα ἐξενέγκοι εἰς τὸ δημόσιον. ὑμεῖς δὲ συγγνωστοὶ ἐν ὅπλοις ἀεὶ βιοῦντες· τό τε γὰρ ἐν ἀφράκτῳ οἰκεῖν ῥᾴδιον εἰς ἐπιβουλήν, καὶ οἱ πόλεμοι μάλα πολλοί, καὶ ἄδηλον ὁπότε τις ἐπιστὰς κοιμώμενον κατασπάσας ἀπὸ τῆς ἁμάξης φονεύσειεν· ἥ τε πρὸς ἀλλήλους ἀπιστία, αὐθαιρέτως καὶ μὴ ἐν νόμῳ συμπολιτευομένων, ἀναγκαῖον ἀεὶ τὸν σίδηρον
ποιεῖ, ὡς πλησίον εἶναι ἀμυνοῦντα] εἴ τις βιάζοιτο.
</p>
</sp>
</div1>
<div1 type="section" n="35">
<sp>
<speaker>Ἀνάχαρσις</speaker>
<p>
                   εἶτα, ὦ Σόλων σιδηροφορεῖν μὲν οὐδενὸς
ἀναγκαίου ἕνεκα περιττὸν ὑμῖν δοκεῖ, καὶ τῶν ὅπλων φείδεσθε ὡς μὴ διὰ χειρὸς ὄντα φθείροιτο, ἀλλὰ φυλάττετε ἀποκείμενα ὡς χρησόμενοι τότε, τῆς χρείας ἐπιστάσης· τὰ δὲ σώματα τῶν νέων
οὐδενὸς δεινοῦ ἐπείγοντος καταπονεῖτε παίοντες καὶ ὑπὸ τῶν ἱδρώτων καταναλίσκοντες, οὐ ταμιευόμενοι πρὸς τὸ ἀναγκαῖον τὰς ἀλκὰς αὐτῶν, ἀλλʼ εἰκῆ ἐν τῷ πηλῷ καὶ τῇ κόνει ἐκχέοντες;
</p>
</sp>
<sp>
<speaker>Σόλων</speaker>
<p> ἔοικας, ὦ Ἀνάχαρσι, τοιόνδε τι δυνάμεως πέρι ἐννοεῖν, ὡς οἴνῳ ἢ ὕδατι ἢ ἄλλῳ τῶν ὑγρῶν
ὁμοίαν αὐτὴν οὖσαν. δέδιας οὖν μὴ ὥσπερ ἐξ ἀγγείου κεραμεοῦ λάθῃ διαρρυεῖσα ἐν τοῖς πόνοις
<pb id="v.4.p.58"/>
κᾆτα ἡμῖν κενὸν καὶ ξηρὸν οἴχηται τὸ σῶμα καταλιποῦσα ὑπὸ μηδενὸς ἔνδοθεν
ἀναπληρούμενον. τὸ δὲ οὐχ οὕτως ἔχει σοι, ἀλλὰ ὅσῳ τις
ἂν αὐτὴν ἐξαντλῇ τοῖς πόνοις, τοσῷδε μᾶλλον
ἐπιρρεῖ κατὰ τὸν περὶ τῆς Ὕδρας μῦθον, εἴ τινα
ἤκουσας, ὡς ἀντὶ μιᾶς κεφαλῆς τμηθείσης δύʼ ἀεὶ ἄλλαι ἀνεφύοντο. ἢν δὲ ἀγύμναστος ἐξ ἀρχῆς καὶ ἄτονος ᾖ μηδὲ διαρκῆ τὴν ὕλην ἔχῃ ὑποβεβλημένην, τότε ὑπὸ τῶν καμάτων βλάπτοιτο
ἂν καὶ καταμαραίνοιτο, οἷόν τι ἐπὶ πυρὸς καὶ λύχνου γίγνεται. ὑπὸ γὰρ τῷ αὐτῷ φυσήματι
τὸ μὲν πῦρ ἀνακαύσειας ἂν καὶ μεῖζον ἐν βραχεῖ ποιήσειας παραθήγων τῷ πνεύματι, καὶ τὸ τοῦ
λύχνου φῶς ἀποσβέσειας οὐκ ἔχον ἀποχρῶσαν τῆς ὕλης τὴν χορηγίαν, ὡς διαρκῆ εἶναι πρὸς τὸ ἀντιπνέον οὐ γὰρ ἀπʼ ἰσχυρᾶς, οἶμαι, τῆς ῥίζης ἀνεφύετο.
</p>
</sp>
</div1>
<div1 type="section" n="36">
<sp>
<speaker>Ἀνάχαρσις</speaker>
<p>
                   ταυτὶ μέν,˘ ὦ Σόλων, οὐ πάνυ συνίημι· λεπτότερα γὰρ ἢ κατʼ ἐμὲ εἴρηκας, ἀκριβοῦς τινος φροντίδος καὶ διανοίας ὀξὺ δεδορκυίας δεόμενα. ἐκεῖνο δέ μοι πάντως εἰπέ, τίνος ἕνεκα οὐχὶ καὶ
ἐν τοῖς ἀγῶσι τοῖς Ὀλυμπίασι καὶ Ἰσθμοῖ καὶ Πυθοῖ καὶ τοῖς ἄλλοις, ὁπότε πολλοί, ὡς φής, συνίασιν ὀψόμενοι τοὺς νέους ἀγωνιζομένους,˘
οὐδέποτε ἐν ὅπλοις ποιεῖσθε τὴν ἅμιλλαν, ἀλλὰ γυμνοὺς εἰς τὸ μέσον παραγαγόντες λακτιζομένους καὶ παιομένους ἐπιδείκνυτε καὶ νικήσασι μῆλα καὶ κότινον δίδοτε; ἄξιον γὰρ εἰδέναι τοῦτὸ
γε, οὗτινος ἕνεκα οὕτω ποιεῖτε.
<pb id="v.4.p.60"/>
</p>
</sp>
</div1>
<div1 type="section" n="37">
<sp>
<speaker>Σόλων</speaker>
<p> ἡγούμεθα γάρ, ὦ Ἀνάχαρσι, τὴν εἰς τὰ γυμνάσια προθυμίαν οὕτως ἂν πλείω ἐγγενέσθαι
αὐτοῖς, εἰ τοὺς ἀριστεύοντας ἐν τούτοις ἴδοιεν τιμωμένους καὶ ἀνακηρυττομένους ἐν μέσοις τοῖς Ἕλλησι. καὶ διὰ τοῦτο ὡς εἰς τοσούτους ἀποδυσόμενοι εὐεξίας τε ἐπιμελοῦνται, ὡς μὴ αἰσχύνοιντο γυμνωθέντες, καὶ ἀξιονικότατον
ἕκαστος αὑτὸν ἀπεργάζεται. καὶ τὰ ἆθλα, ὥσπερ ἔμπροσθεν εἶπον, οὐ μικρά, ὁ ἔπαινος ὁ παρὰ τῶν θεατῶν καὶ τὸ ἐπισημότατον γενέσθαι καὶ δείκνυσθαι τῷ δακτύλῳ ἄριστον εἶναι τῶν καθʼ αὑτὸν δοκοῦντα. τοιγάρτοι πολλοὶ τῶν θεατῶν, οἷς καθʼ ἡλικίαν ἔτι ἄσκησις, ἀπίασιν οὐ μετρίως ἐκ τῶν τοιούτων ἀρετῆς καὶ πόνων ἐρασθέντες. ὡς εἲ γέ τις, ὦ Ἀνάχαρσι, τὸν τῆς εὐκλείας ἔρωτα ἐκβάλοι ἐκ τοῦ βίου, τί ἂν ἔτι ἀγαθὸν ἡμῖν γένοιτο,
ἤ τίς  ἄν τι λαμπρὸν ἐργάσασθαι ἐπιθυμήσειεν; νῦν δὲ καὶ ἀπὸ τούτων εἰκάζειν παρέχοιεν ἄν σοι, ὁποῖοι ἐν πολέμοις ὑπὲρ πατρίδος καὶ παίδων καὶ
γυναικῶν καὶ ἱερῶν γένοιντʼ ἂν ὅπλα ἔχοντες οἱ κοτίνου πέρι καὶ μήλων γυμνοὶ τοσαύτην προθυμίαν εἰς τὸ νικᾶν εἰσφερόμενοι.
 καίτοι τί ἂν πάθοις, εἰ θεάσαιο καὶ ὀρτύγων
καὶ ἀλεκτρυόνων ἀγῶνας παρʼ ἡμῖν καὶ σπουδὴν ἐπὶ τούτοις οὐ μικράν; ἢ γελάσῃ δῆλον ὅτι, καὶ μάλιστα ἢν μάθῃς ὡς ὑπὸ νόμῳ αὐτὸ δρῶμεν καὶ προστέτακται πᾶσι τοῖς ἐν ἡλικίᾳ παρεῖναι καὶ ὁρᾶν τὰ ὄρνεα διαπυκτεύοντα μέχρι τῆς ἐσχάτης ἀπαγορεύσεως; ἀλλʼ οὐδὲ τοῦτο γελοῖον· ὑποδύεται γάρ τις ἠρέμα ταῖς ψυχαῖς ὁρμὴ εἰς
<pb id="v.4.p.62"/> τοὺς κινδύνους, ὡς μὴ ἀγεννέστεροι καὶ
ἀτολμότεροι φαίνοιντο τῶν ἀλεκτρυόνων μηδὲ
προαπαγορεύοιεν ὑπὸ τραυμάτων ἢ καμάτου ἤ του ἄλλου δυσχεροῦς. τὸ δὲ δὴ ἐν ὅπλοις πειρᾶσθαι αὐτῶν καὶ ὁρᾶν τιτρωσκομένους — ἄπαγε· θηριῶδες γὰρ καὶ δεινῶς σκαιὸν καὶ προσέτι γε ἀλυσιτελὲς ἀποσφάττειν τοὺς ἀρίστους καὶ οἷς ἄν τις ἄμεινον χρήσαιτο κατὰ τῶν δυσμενῶν.</p>
</sp>
</div1>
<div1 type="section" n="38">
<sp>
<p>ἐπεὶ δὲ φής, ὦ Ἀνάχαρσι, καὶ τὴν ἄλλην Ἑλλάδα ἐπελεύσεσθαι, μέμνησο ἤν ποτε καὶ εἰς Λακεδαίμονα ἔλθῃς, μὴ καταγελάσαι μηδὲ ἐκείνων μηδὲ οἴεσθαι μάτην πονεῖν αὐτούς, ὁπόταν ἢ σφαίρας
πέρι ἐν τῷ θεάτρῳ συμπεσόντες παίωσιν ἀλλήλους
ἢ εἰς χωρίον εἰσελθόντες ὕδατι περιγεγραμμένον, εἰς φάλαγγα διαστάντες, τὰ πολεμίων ἀλλήλους
ἐργάζωνται γυμνοὶ καὶ αὐτοί, ἄχρις ἂν ἐκβάλωσι τοῦ περιγράμματος τὸ ἕτερον σύνταγμα οἱ ἕτεροι, τοὺς κατὰ Λυκοῦργον οἱ καθʼ Ἡρακλέα ἢ ἔμπαλιν, συνωθοῦντες εἰς τὸ ὕδωρ· τὸ γὰρ ἀπὸ
τούτου εἰρήνη λοιπὸν καὶ οὐδεὶς ἂν ἔτι παίσειε. μάλιστα δὲ ἢν ὁρᾷς μαστιγουμένους αὐτοὺς ἐπὶ
τῷ βωμῷ καὶ αἵματι ῥεομένους, πατέρας δὲ καὶ μητέρας παρεστώσας οὐχ ὅπως ἀνιωμένας ἐπὶ τοῖς γιγνομένοις ἀλλὰ καὶ ἀπειλούσας, εἰ μὴ ἀντέχοιεν πρὸς τὰς πληγάς, καὶ ἱκετευούσας ἐπὶ μήκιστον διαρκέσαι πρὸς τὸν πόνον καὶ
ἐγκαρτερῆσαι τοῖς δεινοῖς. πολλοὶ γοῦν καὶ ἐναπέθανον τῷ ἀγῶνι μὴ ἀξιώσαντες ἀπαγορεῦσαι ζῶντες ἔτι ἐν ὀφθαλμοῖς τῶν οἰκείων μηδὲ εἶξαι τοῖς σώμασιν· ὧν καὶ τοὺς ἀνδριάντας ὄψει τιμωμένους δημοσίᾳ ὑπὸ τῆς Σπάρτης ἀνασταθέντας.
<pb id="v.4.p.64"/> Ὅταν τοίνυν ὁρᾷς κἀκεῖνα, μήτε μαίνεσθαι ὑπολάβῃς αὐτοὺς μήτε εἴπῃς, ὡς οὐδεμιᾶς ἕνεκα αἰτίας ἀναγκαίας ταλαιπωροῦσι, μήτε τυράννου βιαζομένου μήτε πολεμίων διατιθέντων. εἴποι γὰρ ἄν σοι καὶ ὑπὲρ ἐκείνων Λυκοῦργος ὁ νομοθέτης αὐτῶν πολλὰ τὰ εὔλογα καὶ ἃ συνιδὼν κολάζει αὐτούς, οὐκ ἐχθρὸς ὢν οὐδὲ ὑπὸ μίσους
αὐτὸ δρῶν οὐδὲ τὴν νεολαίαν τῆς πόλεως εἰκῆ· παραναλίσκων, ἀλλὰ καρτερικωτάτους καὶ παντὸς δεινοῦ κρείττονας ἀξιῶν εἶναι τοὺς σώζειν μέλλοντας τὴν πατρίδα. καίτοι κἂν μὴ ὁ Λυκοῦργος εἴπῃ, ἐννοεῖς, οἶμαι, καὶ αὐτὸς ὡς οὐκ
ἄν ποτε ληφθεὶς ὁ τοιοῦτος ἐν πολέμῳ ἀπόρρητὸν
τι ἐξείποι τῆς Σπάρτης αἰκιζομένων τῶν ἐχθρῶν, ἀλλὰ καταγελῶν αὐτῶν μαστιγοῖτο ἂν ἁμιλλώμενος πρὸς τὸν παίοντα, ὁπότερος ἀπαγορεύσειεν.
</p>
</sp>
</div1>
<div1 type="section" n="39">
<sp>
<speaker>Ἀνάχαρσις</speaker>
<p>
                   ὁ Λυκοῦργος δὲ καὶ αὐτός, ὦ Σόλων, ἐμαστιγοῦτο ἐφʼ ἡλικίας, ἢ ἐκπρόθεσμος ὢν ἤδη τοῦ ἀγῶνος ἀσφαλῶς τὰ τοιαῦτα ἐνεανιεύσατο;
</p>
</sp>
<sp>
<speaker>Σόλων</speaker>
<p> πρεσβύτης ἤδη ὢν ἔγραψε τοὺς νόμους αὐτοῖς Κρήτηθεν ἀφικόμενος. ἀποδεδημήκει δὲ παρὰ τοὺς Κρῆτας, ὅτι ἤκουεν εὐνομωτάτους εἶναι, Μίνωος τοῦ Διὸς νομοθετήσαντος ἐν αὐτοῖς,
<pb id="v.4.p.66"/>
</p>
</sp>
<sp>
<speaker>Ἀνάχαρσις</speaker>
<p>
τί  οὖν, ὦ Σόλων, οὐχὶ καὶ σὺ ἐμιμήσω Λυκοῦργον καὶ μαστιγοῖς τοὺς νέους; καλὰ γὰρ καὶ ταῦτα καὶ ἄξια ὑμῶν ἐστιν.
</p>
</sp>
<sp>
<speaker>Σόλων</speaker>
<p> ὅτι ἡμῖν ἱκανά, ὦ Ἀνάχαρσι, ταῦτα τὰ
γυμνάσια οἰκεῖα ὄντα ζηλοῦν δὲ τὰ ξενικὰ οὐ πάνυ ἀξιοῦμεν.
</p>
</sp>
<sp>
<speaker>Ἀνάχαρσις</speaker>
<p> οὔκ; ἀλλὰ συνίης, οἶμαι, οἷὸν τί ἐστι μαστιγοῦσθαι γυμνὸν ἄνω τὰς χεῖρας ἐπαίροντα μηδενὸς
ἕνεκα ὠφελίμου ἢ αὐτῷ ἑκάστῳ ἢ κοινῇ τῇ πόλει.
ὡς ἔγωγε ἤν ποτε ἐπιδημήσω τῇ Σπάρτῃ καθʼ
ὃν καιρὸν ταῦτα δρῶσι, δοκῶ μοι τάχιστα καταλευσθήσεσθαι δημοσίᾳ πρὸς αὐτῶν, ἐπιγελῶν ἑκάστοις, ὁπόταν ὁρῶ τυπτομένους καθάπερ κλέπτας ἢ λωποδύτας ἤ τι ἄλλο τοιοῦτον ἐργασαμένους. ἀτεχνῶς γὰρ ἐλλεβόρου δεῖσθαί μοι δοκεῖ ἡ πόλις αὐτῶν καταγέλαστα ὑφʼ αὑτῆς πάσχουσα.
</p>
</sp>
</div1>
<div1 type="section" n="40">
<sp>
<speaker>Σόλων</speaker>
<p>
                   μὴ ἐρήμην, ὦ γενναῖε, μηδὲ τῶν ἀνδρῶν ἀπόντων μόνος αὐτὸς λέγων οἴου κρατεῖν ἔσται γάρ τις ὁ καὶ ὑπὲρ ἐκείνων σοι τὰ εἰκότα ἐν Σπάρτῃ
ἀντερῶν. πλὴν ἀλλὰ ἐπείπερ ἐγὼ τὰ ἡμέτερά σοι
διεξελήλυθα, σὺ δὲ οὐ πάνυ ἀρεσκομένῳ αὐτοῖς ἔοικας, οὐκ ἄδικα αἰτήσειν ἔοικα παρὰ σοῦ ὡς καὶ αὐτὸς ἐν τῷ μέρει διεξέλθῃς πρός με ὃν
<pb id="v.4.p.68"/> τρόπον ὑμεῖς οἱ Σκύθαι; διασκεῖτε τοὺς νέους τοὺς παρʼ ὑμῖν καὶ οἷστισι γυμνασίοις ἀνατρέφετε καὶ ὅπως ὑμῖν ἄνδρες ἀγαθοὶ γίγνονται.
</p>
</sp>
<sp>
<speaker>Ἀνάχαρσις</speaker>
<p> δικαιότατα μὲν οὖν, ὦ Σόλων, καὶ ἔγωγε διηγήσομαι τὰ Σκυθῶν νόμιμα, οὐ σεμνὰ ἴσως
οὐδὲ καθʼ ὑμᾶς, οἵ γε οὐδὲ κατὰ κόρρης
παταχθῆναι τολμήσαιμεν ἂν μίαν πληγὴν δειλοὶ γάρ ἐσμεν ἀλλὰ εἰρήσεταί γε ὁποῖα ἂν εἰς αὔριον
μέντοι, εἰ δοκεῖ, ὑπερβαλώμεθα τὴν συνουσίαν,
ὡς ἅ τε αὐτὸς ἔφης ἔτι μᾶλλον ἐννοήσαιμι καθʼ
ἡσυχίαν ἅ τε χρὴ εἰπεῖν συναγάγοιμι τῇ μνήμῃ
ἐπελθών. τὸ δὲ νῦν ἔχον ἀπίωμεν ἐπὶ τούτοις· ἑσπέρα γὰρ ἤδη.</p>
</sp>
</div1>
</body>
</text>
</TEI.2>
