<?xml version="1.0" encoding="UTF-8"?><TEI.2>
<teiHeader>
<fileDesc>
<titleStmt>
<title>Saturnalia</title>
<author>Lucian</author>
<editor role="editor">Karl Jacobitz</editor>
<funder n="org:Google">Google Digital Humanities Awards Program</funder>
</titleStmt>
<publicationStmt>
<publisher>Trustees of Tufts University</publisher>
<pubPlace>Medford, MA</pubPlace>
<authority>Perseus Project</authority>
</publicationStmt>
<sourceDesc>
<biblStruct>
<monogr>
<title>Luciani Samosatensis Opera, Vol III</title>
<author>Lucian</author>
<editor role="editor">Karl Jacobitz</editor>
<imprint>
<publisher>in aedibus B. G. Teubneri</publisher>
<pubPlace>Leipzig</pubPlace>
<date>1896</date>
</imprint>
</monogr>
</biblStruct>
<p>Keyboarding</p>
</sourceDesc>
</fileDesc>
<encodingDesc>
<refsDecl doctype="TEI.2">
<state unit="text"/>
<state unit="section"/>
</refsDecl>
</encodingDesc>
<profileDesc>
<langUsage>
<language id="greek">Greek</language>
</langUsage>
</profileDesc>
</teiHeader>
<text>
<group>
<text n="1">
<body>
<head>τὰ πρὸς Κρόνον</head>
<pb id="p.301"/>
<pb id="reitz.v.2.p.385"/>
<div1 type="section" n="1">
<sp>
<speaker>ἱερεύς</speaker>
<p>  
 ὦ κρόνε, σὺ γὰρ ἔοικας ἄρχειν τό γε
νῦν εἶναι καὶ σοὶ τέθυται καὶ κεκαλλιέρηται παρʼ ἡμῶν,
τί ἂν μάλιστα ἐπὶ τῶν ἱερῶν αἰτήσας λάβοιμι παρὰ σοῦ;
</p>
</sp>
<sp>
<speaker>Κρόνος</speaker>
<p> τοῦτο μὲν αὐτόν σε καλῶς ἔχει ἐσκέφθαι
ὅ τι σοι εὐκταῖον, εἰ μὴ καὶ μάντιν ἅμα ἐθέλεις εἶναι
τὸν ἄρχοντα, εἰδέναι τί σοι ἥδιον αἰτεῖν· ἐγὼ δὲ τά
γε δυνατὰ οὐκ ἀνανεύσω πρὸς τὴν εὐχήν.
</p>
</sp>
<sp>
<speaker>ἱερεύς</speaker>
<p> ἀλλὰ πάλαι ἔσκεμμαι· ἐρῶ γὰρ τὰ κοινὰ ταυτὶ
καὶ πρόχειρα, πλοῦτον καὶ χρυσὸν πολὺν καὶ ἀγρῶν δεσπότην
εἶναι καὶ ἀνδράποδα πολλὰ κεκτῆσθαι καὶ ἐσθῆτας
εὐανθεῖς καὶ μαλακὰς καὶ ἄργυρον καὶ ἐλέφαντα καὶ
τἆλλα ὁπόσα τίμια. τούτων οὖν, ὦ ἄριστε Κρόνε, δίδου
μοι, ὥς τι καὶ αὐτὸν ἀπολαῦσαι τῆς σῆς ἀρχῆς μηδὲ ἄμοιρον <pb id="reitz.v.2.p.386"/>
εἶναι μόνον αὐτὸν διὰ παντὸς τοῦ βίου.</p>
</sp>
<pb id="p.302"/>
</div1>
<div1 type="section" n="2">
<sp>
<speaker>Κρόνος</speaker>
<p>
 ὁρᾷς; οὐ κατʼ ἐμὲ τοῦτο ᾔτησας· οὐ γὰρ
ἐμὸν διανέμειν τὰ τοιαῦτα. ὥστε μὴ ἄχθου, εἰ ἀτυχήσειας
αὐτῶν, ἀλλʼ αἴτει παρὰ τοῦ Διός, ὁπόταν εἰς ἐκεῖνον
ἡ ἀρχὴ περιέλθῃ μετʼ ὀλίγον. ἐγὼ δʼ ἐπὶ ῥητοῖς παραλαμβάνω
τὴν δυναστείαν· ἑπτὰ μὲν ἡμερῶν ἡ πᾶσα βασιλεία,
καὶ ἢν ἐκπρόθεσμος τούτων γένωμαι, ἰδιώτης
εὐθύς εἰμι καὶ τοῦ πολλοῦ δήμου εἷς· ἐν αὐταῖς δὲ ταῖς
ἑπτὰ σπουδαῖον μὲν οὐδὲν οὐδὲ ἀγοραῖον διοικήσασθαί
μοι συγκεχώρηται, πίνειν δὲ καὶ μεθύειν καὶ βοᾶν καὶ
παίζειν καὶ κυβεύειν καὶ ἄρχοντας καθιστάναι καὶ τοὺς
οἰκέτας εὐωχεῖν καὶ γυμνὸν ᾅδειν καὶ κροτεῖν ὑποτρέμοντα,
ἐνίοτε δὲ καὶ ἐς ὕδωρ ψυχρὸν ἐπὶ κεφαλὴν ὠθεῖσθαι
ἀσβόλῳ κεχρισμένον τὸ πρόσωπον, ταῦτα ἐφεῖταί
μοι ποιεῖν. τὰ μεγάλα δὲ ἐκεῖνα, τὸν πλοῦτον καὶ τὸ χρυσίον,
ὁ Ζεὺς διαδίδωσιν οἷς ἂν ἐθέλῃ.</p>
</sp>
</div1>
<div1 type="section" n="3">
<sp>
<speaker>ἱερεύς</speaker>
<p>
 ἀλλʼ οὐδʼ ἐκεῖνος, ὦ Κρόνε, ῥᾳδίως καὶ
προχείρως. ἐγὼ γοῦν ἤδη ἀπηγόρευκα αἰτῶν μεγάλῃ τῇ
φωνῇ, ὁ δʼ οὐκ ἐπαΐει τὸ παράπαν, ἀλλὰ τὴν αἰγίδα ἐπισείων
<pb id="reitz.v.2.p.387"/> καὶ τὸν κεραυνὸν ἐπανατεινόμενος δριμὺ ἐνορῶν
ἐκπλήττει τοὺς ἐνοχλοῦντας· ἢν δέ ποτε καὶ ἐπινεύσῃ
τινὶ καὶ πλούσιον ποιῇ, πολὺ τὸ ἄκριτον ἐνταῦθα, καὶ
τοὺς ἀγαθοὺς ἐνίοτε καὶ συνετοὺς ἀφεὶς ὁ δὲ παμπονήροις
τε καὶ ἀνοήτοις ἀνδράσι περιχεῖ τὸν πλοῦτον, μαστιγίαις
ἢ ἀνδρογύνοις τοῖς πλείστοις αὐτῶν. πλὴν τά γε
σοὶ δυνατὰ ἐθέλω εἰδέναι τίνα ταῦτά ἐστιν.</p>
</sp>
</div1>
<div1 type="section" n="4">
<sp>
<speaker>Κρόνος</speaker>
<p>
 οὐ μικρὰ ὅλως οὐδὲ παντάπασιν εὐκαταφρόνητα
ὡς πρὸς τὴν δύναμιν ἐξετάζεσθαι τῆς συμπάσης
ἀρχῆς, εἰ μή σοί γε μικρὸν δοκεῖ τὸ νικᾶν κυβεύοντα
καὶ τοῖς ἄλλοις ἐς τὴν μονάδα κυλιομένου τοῦ κύβου σοὶ
τὴν ἑξάδα ὑπεράνω ἀεὶ φαίνεσθαι· πολλοὶ γοῦν ἐς κόρον
ἀπὸ τοῦ τοιούτου ἐπεσιτίσαντο, οἷς ἵλεως καὶ φορὸς ὁ
κύβος ἐπινεύσει· οἱ δὲ ἔμπαλιν γυμνοὶ ἐξενήξαντο συντριβέντος
<pb id="p.303"/>
αὐτοῖς τοῦ σκάφους περὶ οὕτω μικρῷ ἕρματι
τῷ κύβῳ. καὶ μὴν καὶ πιεῖν ἐς τὸ ἥδιστον καὶ ᾠδικώτερον
ἄλλου δόξαι ᾆσαι ἐν τῷ συμποσίῳ καὶ διακονουμένων
τοὺς μὲν ἄλλους ἐς τὸ ὕδωρ ἐμπεσεῖν — τοῦτο γὰρ
τοὐπιτίμιον τῆς ἀδεξίου διακονίας — σὲ δὲ ἀνακηρυχθῆναι
καλλίνικον καὶ τἆθλα φέρεσθαι τὸν ἀλλᾶντα ὁρᾷς
ἡλίκον τὸ ἀγαθόν; ἔτι καὶ βασιλέα μόνον ἐφʼ ἁπάντων
γενέσθαι τῷ ἀστραγάλῳ κρατήσαντα, ὡς μήτε ἐπιταχθείης <pb id="reitz.v.2.p.388"/>
γελοῖα ἐπιτάγματα καὶ αὐτὸς ἐπιτάττειν ἔχοις, τῷ μὲν
αἰσχρόν τι περὶ αὐτοῦ ἀναβοῆσαι, τῷ δὲ γυμνὸν ὀρχήσασθαι
καὶ ἀράμενον τὴν αὐλητρίδα τρὶς τὴν οἰκίαν περιελθεῖν,
πῶς οὐχὶ καὶ ταῦτα δείγματα μεγαλοδωρίας τῆς
ἐμῆς; εἰ δὲ τὸ μὴ ἀληθῆ μηδὲ βέβαιον γίγνεσθαι τὴν
τοιαύτην βασιλείαν αἰτιάσῃ, ἄγνωμον ποιήσεις ὁρῶν αὐτὸν
ἐμὲ τὸν ταῦτα διανέμοντα ὀλιγοχρόνιον τὴν ἀρχὴν
ἔχοντα. τούτων δʼ οὖν ἅ μοι δυνατὰ δοῦναι, τῶν πεττῶν,
τοῦ ἄρχειν, τοῦ ᾅδειν καὶ τῶν ἃ κατηριθμησάμην,
θαρρῶν αἴτει, ὡς ἐμοῦ πρὸς οὐδὲν δεδιξομένου σε τῇ
αἰγίδι καὶ τῷ κεραυνῷ.</p>
</sp>
</div1>
<div1 type="section" n="5">
<sp>
<speaker>ἱερεύς</speaker>
<p>
 ἀλλʼ, ὦ Τιτάνων ἄριστε, τῶν μὲν τοιούτων
οὐ δέομαι, σὺ δὲ ἀλλʼ ἐκεῖνό μοι ἀπόκριναι, ὃ μάλιστα
ἐπόθουν εἰδέναι, καὶ μοι ἢν εἴπῃς αὐτό, ἱκανὴν ἔσῃ τὴν
ἀμοιβὴν ἀποδεδωκὼς ἀντὶ τῆς θυσίας, καὶ πρὸς τὸ λοιπὸν
ἀφίημί σοι τὰ χρέα.
</p>
</sp>
<sp>
<speaker>Κρόνος</speaker>
<p> ἐρώτα μόνον· ἀποκρινοῦμαι γάρ, ἢν εἰδὼς τύχω.
</p>
</sp>
<sp>
<speaker>ἱερεύς</speaker>
<p> τὸ μὲν πρῶτον ἐκεῖνο, εἰ ἀληθῆ ταῦτά ἐστιν
ἃ περὶ σοῦ ἀκούομεν, ὡς κατήσθιες τὰ γεννώμενα ὑπὸ
τῆς Ῥέας, ἐκείνη δὲ ὑφελομένη τὸν Δία λίθον ὑποβαλλομένη
ἀντὶ τοῦ βρέφους ἔδωκέ σοι καταπιεῖν, ὁ δὲ εἰς
ἡλικίαν ἀφικόμενος ἐξήλασέ σε τῆς ἀρχῆς πολέμῳ κρατήσας,
εἶτα ἐς τὸν Τάρταρον φέρων ἐνέβαλε πεδήσας
<pb id="p.304"/>
αὐτόν τε καὶ τὸ συμμαχικὸν ἅπαν, ὁπόσον μετὰ σοῦ παρετάττετο.
</p>
</sp>
<sp>
<speaker>Κρόνος</speaker>
<p> εἰ μὴ ἑορτήν, ὦ οὗτος, ἤγομεν καὶ μεθύειν
<pb id="reitz.v.2.p.389"/> ἐφεῖτο καὶ λοιδορεῖσθαι τοῖς δεσπόταις ἐπʼ ἐξουσίας,
ἔγνως ἄν ὡς ὀργίζεσθαι γοῦν ἐφεῖταί μοι, τοιαῦτα ἐρωτήσας,
οὐκ αἰδεσθεὶς πολιὸν οὕτω καὶ πρεσβύτην θεόν.
</p>
</sp>
<sp>
<speaker>ἱερεύς</speaker>
<p> κἀγὼ ταῦτα, ὦ Κρόνε, οὐ παρʼ ἐμαυτοῦ φημι,
ἀλλʼ Ἡσίοδος καὶ Ὅμηρος, ὀκνῶ γὰρ λέγειν ὅτι καὶ οἱ
ἄλλοι ἅπαντες ἄνθρωποι σχεδὸν ταῦτα πεπιστεύκας· περὶ σοῦ.</p>
</sp>
</div1>
<div1 type="section" n="6">
<sp>
<speaker>Κρόνος</speaker>
<p>
 οἴει γὰρ τὸν ποιμένα ἐκεῖνον,τὸν ἀλαζόνα,
ὑγιές τι περὶ ἐμοῦ εἰδέναι; σκόπει δὲ οὕτως. ἔσθʼ
ὅστις ἄνθρωπος — οὐ γὰρ θεὸν ἐρῶ — ὑπομείνειεν ἂν
ἑκὼν αὐτὸς καταφαγεῖν τὰ τέκνα, εἰ μὴ τις Θυέστης ἦν
καὶ ἀσεβεῖ ἀδελφῷ περιπεσὼν ἤσθιε; καὶ τοῦτό γʼ ἂν εἴη,
πῶς δʼ ἀγνοήσει λίθον ἀντὶ βρέφους ἐσθίων, εἰ μὴ ἀνάλγητος
εἴη τοὺς ὀδόντας; ἀλλʼ οὔτε ἐπολεμήσαμεν οὔτε ὁ
Ζεὺς βίᾳ τὴν ἀρχὴν ἀφείλετο, ἑκόντος δέ μου παραδόντος
αὐτῷ καὶ ὑπεκστάντος ἄρχειν· ὅτι μὲν γὰρ οὔτε πεπέδημαι
οὔτε ἐν τῷ Ταρτάρῳ εἰμί, καὶ αὐτὸς ὁρᾷς, οἶμαι
εἰ μὴ τυφλὸς ὥσπερ Ὅμηρος εἶ.</p>
</sp>
</div1>
<div1 type="section" n="7">
<sp>
<speaker>ἱερεύς</speaker>
<p>
 τί παθὼν δέ, ὦ Κρόνε, ἀφῆκας τὴν ἀρχήν;
</p>
</sp>
<sp>
<speaker>Κρόνος</speaker>
<p> ἐγώ σοι φράσω· τὸ μὲν ὅλου, γέρων ἤδη
καὶ ποδαγρὸς ὑπὸ τοῦ κρόνου ὤν — διὸ καὶ πεπεδῆσθαί
με οἱ πολλοὶ εἴκασαν —· οὐ γὰρ ἠδυνάμην διαρκεῖν πρὸς
οὕτω πολλὴν τὴν ἀδικίαν τῶν νῦν, ἀλλʼ ἀεὶ ἀναθεῖν ἔδει
ἄνω καὶ κάτω τὸν κεραυνὸν διηρμένον τοὺς ἐπιόρκους ἢ
ἱεροσύλους ἢ βιαίους καταφλέγοντα, καὶ τὸ πρᾶγμα πάνυ
<pb id="reitz.v.2.p.390"/> ἐργῶδες ἦν καὶ νεανικόν· ἐξέστην οὖν εὖ ποιῶν τῷ Διί.
καὶ ἄλλως δὲ καλῶς ἔχειν ἐδόκει μοι διανείμαντα τοῖς
παισὶν οὖσι τὴν ἀρχὴν αὐτὸν εὐωχεῖσθαι τὰ πολλὰ ἐφʼ 
ἡσυχίας οὔτε τοῖς εὐχομένοις χρηματίζοντα οὔτε ὑπὸ τῶν
<pb id="p.305"/>
τἀναντία αἰτούντων ἐνοχλούμενον οὔτε βροντῶντα ἢ
ἀστράπτοντα ἢ χάλαζαν ἐνίοτε  βάλλειν ἀναγκαζόμενον·
ἀλλὰ πρεσβυτικόν τινα τοῦτον ἥδιστον βίον διάγω ζωρότερον
πίνων τὸ νέκταρ, τῷ Ἰαπετῷ καὶ τοῖς ἄλλοις
τοῖς ἡλικιώταις προσμυθολογῶν· ὁ δὲ ἄρχει μυρία ἔχων
πράγματα. πλὴν ὀλίγας ταύτας ἡμέρας ἐφʼ οἷς εἶπον
ὑπεξελέσθαι μοι ἔδοξε καὶ ἀναλαμβάνω τὴν ἀρχήν, ὡς
ὑπομνήσαιμι τοὺς ἀνθρώπους οἷος ἦν ὁ ἐπʼ ἐμοῦ βίος,
ὁπότε ἄσπορα καὶ ἀνήροτα πάντα ἐφυετο αὐτοῖς, οὐ στάχυες,
ἀλλʼ ἕτοιμος ἄρτος καὶ κρέα ἐσκευασμένα, καὶ ὁ
οἶνος ἔρρει ποταμηδόν καὶ πηγαὶ μέλιτος καὶ γάλακτος·
ἀγαθοὶ γὰρ ἦσαν καὶ χρυσοῖ ἅπαντες. αὕτη μοι ἡ αἰτία
τῆς ὀλιγοχρονίου ταύτης δυναστείας, καὶ διὰ τοῦτο ἁπαν
ταχοῦ κρότος καὶ ᾠδὴ καὶ παιδιὰ καὶ ἰσοτιμία πᾶσι καἰ
δούλοις καὶ ἐλευθέροις· οὐδεὶς γὰρ ἐπʼ ἐμοῦ δοῦλος ἦν.</p>
</sp>
</div1>
<div1 type="section" n="8">
<sp>
<speaker>ἱερεύς</speaker>
<p>
 ἐγὼ δέ, ὦ Κρόνε, καὶ τοῦτο εἴκαζον τὸ
εἰς τοὺς δούλους καὶ πεδότριβας φιλάνθρωπον ἐκ τοῦ
μύθου ἐκείνου ποιεῖν σε τιμῶντα τοὺς τὰ ὅμοια πάσχοντας,
ἅτε καὶ αὐτὸν δουλεύοντα, μεμνημένον τῆς πέδης. <pb id="reitz.v.2.p.391"/>
</p>
</sp>
<sp>
<speaker>Κρόνος</speaker>
<p> οὐ παύσῃ γὰρ τοιαῦτα ληρῶν;
</p>
</sp>
<sp>
<speaker>ἱερεύς</speaker>
<p> εὖ λέγεις, καὶ παύσομαι· πλὴν ἔτι μοι καὶ
τοῦτο ἀπόκριναι. τὸ πεττεύειν σύνηθες ἦν καὶ ἐπὶ σοῦ τοῖς ἀνθρώποις;
</p>
</sp>
<sp>
<speaker>Κρόνος</speaker>
<p> καὶ μάλα, οὐ μὴν περὶ ταλάντων γε καὶ
μυριάδων ὥσπερ ὑμῖν, ἀλλὰ περὶ καρύων τὸ μέγιστον,
ὡς μὴ ἀνιᾶσθαι ἡττηθέντα μηδὲ δακρύειν ἀεὶ ἄσιτον ὄντα
μόνον τῶν ἄλλων.
</p>
</sp>
<sp>
<speaker>ἱερεύς</speaker>
<p> εὖ γε ἐκεῖνοι ποιοῦντες. ὑπὲρ τίνος γὰρ ἂν
καὶ ἐπέττευον αὐτοὶ ὁλόχρυσοι ὄντες; ὡς ἔγωγε καὶ μεταξὺ
λέγοντός σου τοιόνδε τι ἐνενόησα· εἴ τις ἕνα τῶν
ἀνδρῶν ἐκείνων τῶν χρυσηλάτων ἐς τὸν ἡμέτερον τοῦτον

<pb id="p.306"/>
βίον ἀγαγὼν ἔδειξε τοῖς πολλοῖς, οἷα ἔπαθεν ἂν ὁ ἄθλιος
ὐπʼ αὐτῶν; διεσπάσαντο γὰρ ἂν αὐτὸν εὖ οἶδʼ ὅτι ἐπιδραμόντες
ὥσπερ τὸν Πενθέα αἱ Μαινάδες ἢ αἱ Θρᾷτται
τὸν Ὀρφέα ἢ τὸν Ἀκταίωνα αϊ κύνες, περὶ τοῦ μεῖζον
ἀπενέγκασθαι τὸ μέρος πρὸς ἀλλήλους ἕκαστος ἁμιλλώμενοι,
οἵ γε οὐδὲ ἑορτάζοντες ἔξω τοῦ φιλοκερδοῦς εἰσιν,
ἀλλἀ πρόσοδον οἱ πολλοὶ πεποίηνται τὴν ἑορτήν.
εἷτα οἱ μὲν ἀπέρχονται λῃστεύοντες ἐν τῷ συμποσίῳ τοὺς
φίλους, οἱ δέ σοί τε λοιδοροῦνται, οὐδὲν δέον, καὶ τοὺς
κύβους συντρίβουσιν ἀναιτίους ὄντας αὐτοῖς ὧν ἑκόντες
ποιοῦσιν. ἀτὰρ εἰπέ μοι καὶ τόδε, τί δή ποτε ἁβρὸς
<pb id="reitz.v.2.p.392"/> οὕτω θεὸς ὢν καὶ γέρων ἐπιλεξάμενος τὸ ἀτερπέστατον,
ὁπότε ἡ χιὼν ἐπέχει τὰ πάντα καὶ ὁ βορρᾶς πολὺς καὶ οὐδὲν
ὅ τι οὐ πέπηγεν ὑπὸ τοῦ κρύους καὶ τὰ δένδρα ξηρὰ
καὶ γυμνὰ καὶ ἄφυλλα καὶ οἱ λειμῶνες ἄμορφοι καὶ ἀπηνθηκότες
καὶ οἱ ἄνθρωποι ἐπικεκυφότες ὥσπερ οἱ πάνυ
γεγηρακότες, ἀμφὶ τὴν κάμινον οἱ πολλοί, τηνικαῦτα
ἑορτάζεις; οὐ γὰρ πρεσβυτικός γε ὁ καιρὸς οὐδὲ ἐπιτήδειος τοῖς τρυφῶσι.
</p>
</sp>
</div1>
<div1 type="section" n="9">
<sp>
<speaker>Κρόνος</speaker>
<p> πολλά με ἀνακρίνεις, ὦ οὗτος, ἤδη πίνειν
δέον· παρῄρησαι γοῦν μου χρόνον τῆς ἑορτῆς οὐκ
ὀλίγον οὐ πάνυ ἀναγκαῖά μοι ταῦτα προσφιλοσοφῶν.
ὥστε νῦν μὲν ἄφες αὐτά, εὐωχώμεθα δὲ ἤδη καὶ κροτῶμεν
καὶ ἐπὶ τῇ ἑορτῇ ἐλευθεριάζωμεν, εἶτα πεττεύωμεν
ἐς τὸ ἀρχαῖον ἐπὶ καρύων καὶ βασιλέας χειροτονῶμεν
καὶ πειθαρχῶμεν αὐτοῖς· οὕτω γὰρ ἂν τὴν παροιμίαν
ἐπαληθεύσαιμι, ἥ φησι, παλίμπαιδας τοὺς γέροντας γίγνεσθαι.
</p>
</sp>
<sp>
<speaker>ἱερεύς</speaker>
<p> ἀλλὰ μὴ δύναιτο διψῶν πιεῖν, ὦ Κρόνε,
ὅτῳ μὴ ταῦτα ἃ λέγεις ἡδέα. ὥστε πίνωμεν· ἱκανὰ γὰρ
ἀποκέκρισαι καὶ τὰ πρῶτα. καί μοι δοκῶ γραψάμενος
εἰς βιβλίον ταύτην ἡμῶν τὴν συνουσίαν ἅ τε αὐτὸς ἠρώτησα
<pb id="p.307"/>
καὶ σὺ πρὸς ταῦτα ἵλεως ἀπεκρίνω παρέξειν ἀναγνῶναι
τῶν φίλων, ὅσοι γʼ ἐπακοῦσαι τῶν σῶν λόγων αξιοι.</p>
</sp>
</div1>
<pb id="reitz.v.2.p.393"/>
<div1 type="section" n="10">
<head>Κρονοσόλων</head>
<p>τάδε λέγει Κρονοσόλων ἱερεὺς καὶ προφήτης
τοῦ Κρόνου καὶ νομοθέτης τῶν ἀμφὶ τὴν ἑορτήν· ἃ μὲν
τοὺς πένητας χρὴ ποιεῖν, αὐτοῖς ἐκείνοις ἔπεμψα ἄλλο
βιβλίον, ἐγγράψας, καὶ εὖ οἶδʼ ὅτι ἐμμενοῦσι κἀκεῖνοι
τοῖς νόμοις, ἢ αὐτίκα ἔνοχοι ἔσονται τοῖς ἐπιτιμίοις, ἃ
κατὰ τῶν ἀπειθούντων μεγάλα ὥρισται. ὑμεῖς δέ, ὦ
πλούσιοι, ὁρᾶτε ὅπως μὴ παρανομήσητε μηδὲ παρακούσητε
τῶνδε τῶν προσταγμάτων· ὡς ὅστις ἂν οὕτω μὴ
ποιήσῃ, ἴστω οὗτος οὐκ ἐμοῦ νομοθέτου ἀμελήσων, ἀλλʼ
εἰς τὸν Κρόνον αὐτόν, ὅς με προείλετο νομοθετῆσαι ἐς
τὴν ἑορτὴν οὐκ ὄναρ ἐπιστάς, ἀλλὰ πρῴην ἐγρηγορότι
ἐναργὴς συγγενόμενος. ἦν δὲ οὐ πεδήτης οὐδὲ αὐχμοῦ
πλέως, οἷον αὐτὸν οἱ ζωγράφοι παρὰ τῶν λήρων τῶν
ποιητῶν παραδεξάμενοι ἐπιδείκνυνται, ἀλλὰ τὴν μὲν ἅρτην
εἶχε πάνυ τεθηγμένην· τὰ δʼ ἄλλα φαιδρός τε ἦν
καὶ καρτερὸς καὶ βασιλικῶς ἐνεσκεύαστο. μορφὴν μὲν
τοιόσδε ὤφθη μοι, ἃ δὲ εἶπε, πάνυ θεσπέσια καὶ ταῦτα,
προειρῆσθαι ὑμῖν ἄξια. </p>
</div1>
<div1 type="section" n="11">
<p>ἰδὼν γάρ με σκυθρωπόν, ἐπὶ
συννοίας βαδίζοντα, ὥσπερ εἰκὸς ἦν θεόν, ἔγνω αὐτίκα
τὴν αἰτίαν τῆς λύπης τίς ἐστί μοι, καὶ ὡς τὴν πενίαν <pb id="reitz.v.2.p.394"/>
δυσχεραίνοιμι οὐ κατὰ τὴν ὥραν μονοχίτων· καὶ γὰρ
κρύος καὶ βορρᾶς πολὺς καὶ κρύσταλλοι καὶ χιών· ἐγὼ
δὲ ἥκιστα ἐπεφράγμην πρὸς αὐτά. ἀλλʼ ὅτι καὶ τῆς ἑορτῆς
πάνυ πλησιαζούσης ἑώρων τοὺς μὲν ἄλλους παρασκευαζομένους
ὅπως θύσωσι καὶ εὐωχήσωνται, ἐμαυτῷ
20%2
<pb id="p.308"/>
δὲ οὐ πάνυ ἑορτάσιμα ὄντα. καὶ δὴ προσελθὼν ὄπισθεν
καὶ τοῦ ὠτός μου λαβόμενος καὶ διασείσας, ὥσπερ μοι
προσπελάζειν εἴωθε, Τί ταῦτα, ἔφη, ὦ Κρονοσόλων,
ἀνιωμένῳ ἔοικας; οὐ γὰρ ἄξιον, ἔφην, ὦ δέσποτα, ὅταν
καταράτους μὲν καὶ μιαροὺς ἀνθρώπους ὑπερπλουτοῦντας
καὶ μόνους τρυφῶντας ὁρῶ, αὐτὸς δὲ καὶ ἄλλοι συχνοὶ
τῶν πεπαιδευμένων ἀπορίᾳ καὶ ἀμηχανίᾳ σύνεσμεν; ἀλλʼ
οὐδὲ σύ, ὦ δέσποτα, θέλεις παῦσαι ταῦτα καὶ μετακοσμῆσαι
πρὸς τὸ ἰσόμοιρον. τὰ μὲν ἄλλα, ἔφη, οὐ ῥάδιον
<pb id="reitz.v.2.p.395"/> ἀλλάττειν ὁπόσα ἐκ Κλωθοῦς καὶ τῶν ἄλλων Μοιρῶν
πάσχετε, ἃ δέ ἐστι τῆς ἑορτῆς, ἐπανορθώσομαι ὑμῖν
τὴν πενίαν, ἡ δὲ ἐπανόρθωσις ἥδε ἔστω· ἴθι, ὦ Κρονοσόλων,
καὶ γράψον μοι νόμους τινάς, ἃ χρὴ πράττειν ἐν
τῇ ἑορτῇ, ὡς μὴ καθʼ αὑτοὺς οἱ πλούσιοι ἑορτάζοιεν,
κοινωνοῖεν δὲ ὑμῖν τῶν ἀγαθῶν. ἀλλʼ οὐκ οἶδα, ἔφην.
</p>
</div1>
<div1 type="section" n="12">
<p>ἐγώ, ἦ δʼ ὅς, διδάξομαί σε· κᾆτα ἀρξάμενος ἐδίδασκεν.
εἶτα ἐπειδὴ πάντα ἠπιστάμην, Καὶ εἰπὲ αὐτοῖς,
ἔφη, ὅτι ἢν μὴ τοῦτο ποιῶσι, μὴ μάτην ἐγὼ τὴν ἅρπην
ταύτην ὀξεῖαν περιφέρω, ἢ γελοῖος ἂν εἴην τὸν μὲν πατέρα
ἐκτομίαν πεποιηκὼς τὸν Οὐρανόν, τοὺς δὲ πλουσίους
μὴ εὐνουχίζων, ὁπόσοι ἂν παρανομήσωσιν, ὡς
ἀγείροιεν τῇ μητρὶ σὺν αὐλοῖς καὶ τυμπάνοις βάκηλοι
γενόμενοι. ταῦτα ἠπείλησεν. ὥστε καλῶς ἔχει ὑμῖν μὴ
παραβαίνειν τοὺς θεσμούς.</p>
</div1>
<pb id="reitz.v.2.p.396"/>
<div1 type="section" n="13">
<head>νόμοι πρῶτοι</head>
<p>μηδένα μηδὲν μήτε ἀγοραῖον μήτε ἴδιον πράττειν
ἐντὸς τῆς ἑορτῆς ἢ ὅσα ἐς παιδιὰν καὶ τρυφὴν καὶ
θυμηδίαν, ὀψοποιοὶ μόνοι καὶ πεμματουργοὶ ἐνεργοὶ
ἔστωσαν. ἰσοτιμία πᾶσιν ἔστω καὶ δούλοις καὶ ἐλευθέροις
καὶ πένησι καὶ πλουσίοις. ὀργίζεσθαι ἢ ἀγανακτεῖν
ἢ ἀπειλεῖν μηδενὶ ἐξέστω. λογισμοὺς παρὰ τῶν ἐπιμελουμένων
<pb id="p.309"/>
Κρονίοις λαμβάνειν μηδὲ τοῦτο ἐξέστω. μηδεὶς
τὸν ἄργυρον ἢ τὴν ἐσθῆτα ἐξεταζέτω μηδὲ ἀναγραφέτω
ἐν τῇ ἑορτῇ μηδὲ γυμναζέσθω Κρονίοις μηδὲ λόγους
ἀσκεῖν ἢ ἐπιδείκνυσθαι, πλὴν εἴ τινες ἀστεῖοι καὶ φαιδροὶ
σκῶμμα καὶ παιδιὰν ἐμφαίνοντες.</p>
</div1>
<div1 type="section" n="14">
<head>νόμοι δεύτεροι</head>
<p>πρὸ πολλοῦ τῆς ἑορτῆς οἱ πλούσιοι γραφόντων
κὲν ἐς πινάκιον ἑκάστου τῶν φίλων τοὔνομα, ἐχόντων δὲ
καὶ ἀργύριον ἕτοιμον ὅσον τῶν κατʼ ἔτος προσιόντων τὸ
δέκατον καὶ ἐσθῆτα τῆς οὔσης τὴν περιττὴν καὶ ὅση παχυτέρα
ἢ κατʼ αὐτοὺς κατασκευή, καὶ τῶν ἀργυρῶν οὐκ
ὀλίγα. ταῦτα μὲν πρόχειρα ἔστω. τῇ δὲ πρὸ τῆς ἑορτῆς
καθάρσιον μέν τι περιφερέσθω καὶ ὑπʼ αὐτῶν ἐξελαυνέσθω
ἐκ τῆς οἰκίας μικρολογία καὶ φιλαργυρία καὶ φιλοκερδία <pb id="reitz.v.2.p.397"/>
καὶ ὅσα τοιαῦτα ἄλλα σύνοικα τοῖς πλείστοις
αὐτῶν. ἐπειδὰν δὲ καθαρὰν τὴν οἰκίαν ἐξεργάσωνται,
θυόντων Διὶ πλουτοδότῃ καὶ Ἑρμῇ δώτορι καὶ Ἀπόλλωνι
μεγαλοδώρῳ. εἶτα περὶ δείλην ὀψίαν ἀναγινωσκέσθω
μὲν σφίσι τὸ φιλικὸν ἐκεῖνο πινάκιον. </p>
</div1>
<div1 type="section" n="15">
<p>κατανείμαντες
δὲ αὐτοὶ κατʼ ἀξίαν ἑκάστῳ πρὶν ἥλιον δῦναι πεμπόντων
τοῖς φίλοις. οἱ δὲ ἀποκομίζοντες μὴ πλείους τριῶν
ἢ τεττάρων, οἱ πιστότατοι τῶν οἰκετῶν, ἤδη πρεσβῦται.
ἐγγραψάσθω δὲ ἐς γραμμάτιον ὅ τι τὸ πεμπόμενον καὶ
ὅσον, ὡς μὴ ἀμφότεροι ὑποπτεύοιεν τοὺς διακομίζοντας.
αὐτοὶ δὲ οἱ οἰκέται μίαν κύλικα ἕκαστος πιόντες ἀποτρεχόντων,
ἀπαιτούντων δὲ μηδὲν πλέον. τοῖς πεπαιδευμένοις
διπλάσια πάντα πεμπέσθω· ἄξιον γὰρ διμοιρίτας
εἶναι. τὰ δὲ ἐπὶ τοῖς δώροις λεγόμενα ὡς μετριώτατα καὶ
ὀλίγιστα ἔστω· ἐπαχθὲς δὲ μηδεὶς μηδὲν συνεπιστελλέτω
μηδὲ ἐπαινείτω τὰ πεμπόμενα. πλούσιος πλουσίῳ μηδὲν
πεμπέτω μηδὲ ἑστιάτω Κρονίοις ὁ πλούσιος τὸν ίσότιμον.
<pb id="p.310"/>
<pb id="reitz.v.2.p.398"/> τῶν εἰς τὸ πεμφθῆναι προχειρισθέντων φυλαττέσθω
μηδὲν μηδὲ μετάνοια εἰσίτω ἐπὶ τῇ δωρεᾷ. εἴ τις
πέρυσιν ἀποδημῶν διʼ αὐτὸ ἄμοιρος κατέστη, ἀπολαμβανέτω
κἀκεῖνα. διαλυόντων δὲ οἱ πλούσιοι καὶ χρέα
ὑπὲρ τῶν φίλων τῶν πενήτων καὶ τὸ ἐνοίκιον, οἵτινες
ἂν καὶ τοῦτο ὀφείλοντες καταβαλεῖν μὴ ἔχωσι· καὶ ὅλως,
πρὸ πολλοῦ μελέτω αὐτοῖς εἰδέναι ὅτου μάλιστα δέονται.
</p>
</div1>
<div1 type="section" n="16">
<p>ἀπέστω δὲ καὶ τῶν λαμβανόντων μεμψιμοιρία, καὶ
τὸ πεμφθὲν ὁποῖον ἂν ᾖ, μέγα δοκείτω. οἴνου ἀμφορεὺς
ἢ λαγὼς ἢ ὄρνις παχεῖα Κρονίων δῶρον μὴ δοκείτω·
μηδὲ τὰς Κρονικὰς δωρεὰς εἰς γέλωτα φερέτωσαν. ἀντιπεμπέτω
δὲ ὁ πένης τῷ πλουσίῳ ὁ μὲν πεπαιδευμένος
βιβλίον τῶν παλαιῶν, εἴ τι εὔφημον καὶ συμποτικόν, ἢ
αὐτοῦ σύγγραμμα ὁποῖον ἂν δύνηται, καὶ τοῦτο λαμβανέτω
ὁ πλούσιος πάνυ φαιδρῷ τῷ προσώπῳ καὶ λαβὼν
ἀναγινωσκέτω εὐθύς, ἢν δὲ ἀπωθῆται ἢ ἀπορρίψῃ, ἴστω
<pb id="reitz.v.2.p.399"/> τῆ τῆς ἅρπης ἀπειλῇ ἔνοχος ὤν, κἂν πέμψῃ ὅσα ἐχρῆν·
οἱ δὲ ἄλλοι οἱ μὲν στεφάνους, οἱ δὲ λιβανωτοῦ χόνδρους
πεμπόντων. ἢν δὲ πένης ἐσθῆτα ἢ ἄργυρον ἢ χρυσὸν
παρὰ τὴν δύναμιν πέμψῃ πλουσίῳ, τὸ μὲν πεμφθὲν ἔστω
δημόσιον καὶ καταπραθὲν ἐμβαλλέσθω εἰς τὸν θησαυρὸν
τοῦ Κρόνου, ὁ δὲ πένης ἐς τὴν ὑστεραίαν πληγὰς παρὰ
τοῦ πλουσίου λαμβανέτω τῷ νάρθηκι εἰς τὰς χεῖρας οὐκ
ἐλάττους διακοσίων καὶ πεντήκοντα.</p>
</div1>
<div1 type="section" n="17">
<head>νόμοι συμποτικοί</head>
<p>λούεσθαι μὲν ὁπόταν τὸ στοιχεῖον ἑξάπουν ᾖ,
τὰ δὲ πρὸ τοῦ λουτροῦ κάρυα καὶ πεττοὶ ἔστωσαν. κατακείσθω
ὅπου ἂν τύχῃ ἕκαστος· ἀξίωμα ἢ γένος ἢ πλοῦτος
ὀλίγον συντελείτω ἐς προνομήν. οἴνου τοῦ αὐτοῦ
πίνειν ἅπαντας· μηδʼ ἔστω πρόφασις τῷ πλουσίῳ ἢ στομάχου
ἢ κεφαλῆς ὀδύνη, ὡς μόνον διʼ αὐτὴν πίνειν τοῦ
<pb id="p.311"/>
κρείττονος. μοῖρα χρεῶν κατʼ ἴσον ἅπασιν· οἱ διάκονοι
πρὸς χάριν μηδενὶ μηδέν, ἀλλὰ μηδὲ βραδυνέτωσαν μηδὲ
παραπετέσθωσαν ἔστʼ ἂν αὐτοῖς δοκῇ, ὁπόσα χρὴ ἀποφέρειν. <pb id="reitz.v.2.p.400"/>
μηδὲ τῷ μὲν μεγάλα, τῷ δὲ κομιδῇ μικρά παρατιθέσθω,
μηδὲ τῷ μὲν ὁ μηρός, τῷ ἡ γνάθος συός,
ἀλλʼ ἰσότης ἐπὶ πᾶσιν. </p>
</div1>
<div1 type="section" n="18">
<p>ὁ οἰνοχόος ὀξὺ δεδορκέτω ἐκ
περιωπῆς ἐς ἕκαστον, καὶ ἔλαττον ἐς τὸν δεσπότην, καὶ
ἐπʼ ὀξύτερον ἀκουέτω. καὶ κύλικες παντοῖαι. καὶ ἐξέστω
παρέχειν, ἤν τις ἐθέλῃ, φιλοτησίαν. πάντες πᾶσι προπινέτωσαν,
ἢν ἐθέλωσι, προπιόντος τοῦ πλουσίου. μὴ
ἐπάναγκες ἔστω πίνειν, ἤν τις μὴ δύνηται. εἰς τὸ συμπόσιον
μήτε ὀρχηστὴν μήτε κιθαριστὴν αὐτοὺς ἄγειν
ἄρτι μανθάνοντα ἐξέστω, ἤν τις ἐθέλῃ. σκώμματος μέτρον
ἔστω τὸ ἄλυπον ἐπὶ πᾶσιν. ἐπὶ πᾶσι πεττευέτωσαν
ἐπὶ καρύων· ἤν τις ἐπʼ ἀργυρίῳ πεττεύσῃ, ἄσιτος ἐς τὴν
ὑστεραίαν ἔστω. καὶ μενέτω καὶ ἀπίτω ἕκαστος, ὁπόταν
βούληται. ἐπὰν δὲ τοὺς οἰκέτας ὁ πλούσιος εὐωχῇ, διακονούντων
καὶ οἱ φίλοι σὺν αὐτῷ. τοὺς νόμους τούτους
ἕκαστον τῶν πλουσίων ἐγγράψαντα ἐς χαλκῆν στήλην
ἔχειν ἐν μεσαιτάτῳ τῆς αὐλῆς, καὶ ἀναγινωσκέτω. δεῖ δὲ
εἰδέναι ὅτι ἔστʼ ἂν αὕτη ἡ στήλη μένῃ, οὔτε λιμὸς οὔτε
λοιμὸς οὔτε πυρκαϊὰ οὔτε ἄλλο χαλεπὸν οὐδὲν εἴσεισιν <pb id="reitz.v.2.p.401"/>
εἰς τὴν οἰκίαν αὐτοῖς. ἢν δέ ποτε — ὅπερ μὴ γένοιτο —
καθαιρεθῇ, ἀποτρόπαιον οἷα πείσονται.</p>
</div1>
<div1 type="section" n="19">
<head>ἐπιστολαὶ Κρονικαί 1</head>
<opener>Ἐγὼ Κρόνῳ χαίρειν.</opener>
<p>ἐγεγράφειν μὲν ἤδη
σοι καὶ πρότερον δηλῶν ἐν οἷς εἴην καὶ ὡς ὑπὸ πενίας
κινδυνεύοιμι μόνος ἄμοιρος εἶναι τῆς ἑορτῆς, ἣν ἐπήγγελκας,
<pb id="p.312"/>
ἔτι καὶ τοῦτο προσθεὶς — μέμνημαι γάρ — ἀλογώτατον
εἶναι τοὺς μὲν ἡμῶν ὑπερπλουτεῖν καὶ τρυφᾶν
δὐ κοινωνοῦντας ὧν ἔχουσι τοῖς πενεστέροις, τοὺς δὲ
λιμῷ διαφθείρεσθαι, καὶ ταῦτα Κρονίων ἐνεστώτων·
ἐπεὶ δέ μοι τότε οὐδὲν ἀντεπέστειλας, ἡγησάμην δεῖν αὖθις
ἀναμνῆσαί σε τῶν αὐτῶν. ἐχρῆν γάρ σε, ὦ ἄριστε
Κρόνε, τὸ ἄνισον τοῦτο ἀφελόντα καὶ τὰ ἀγαθὰ ἐς τὸ
μέσον ἅπασι καταθέντα ἔπειτα κελεύειν ἑορτάζειν. ὡς
<pb id="reitz.v.2.p.402"/> δὲ νῦν ἔχομεν, μύρμηξ ἢ κάμηλος, ὡς ἡ παροιμία φησί.
μᾶλλον δὲ τραγικὸν ὑποκριτὴν ἐννόησον θατέρῳ μὲν τοῖν
ποδοῖν ἐφʼ ὑψηλοῦ βεβηκότα, οἷοί εἰσι τραγικοὶ ἐμβάται,
ὁ δʼ ἕτερος ἀνυπόδητος ἔστω. εἰ τοίνυν βαδίζοι οὕτως
ἔχων, ὁρᾷς ὅτι ἀναγκαῖον αὐτῷ ἄρτι μὲν ὑψηλῷ, ἄρτι δὲ
ταπεινῷ γενέσθαι, καθʼ ὁπότερον ἂν πόδα προβαίνῃ.
τοσοῦτον κἀν τῷ βίῳ ἡμῶν τὸ ἄνισον· καὶ οἱ μὲν ὑποδησάμενοι
ἐμβάτας τῆς τύχης χορηγούσης ἐντραγῳδοῦσιν
ἡμῖν, οἱ πολλοὶ δὲ πεζῇ καὶ χαμαὶ βαδίζομεν δυνάμενοι
ἄν, εὖ ἴσθι, μὴ χεῖρον αὐτῶν ὑποκρίνεσθαι καὶ διαβαίνειν,
εἴ τις καὶ ἡμᾶς ἐνεσκεύασε παραπλησίως ἐκείνοις.
</p>
</div1>
<div1 type="section" n="20">
<p>καίτοι ἀκούω τῶν ποιητῶν λεγόντων ὡς τὸ παλαιὸν
οὐ τοιαῦτα ἦν τοῖς ἀνθρώποις τὰ πράγματα σοῦ ἔτι μοναρχοῦντος,
ἀλλʼ ἡ μὲν γῆ ἄσπορος καὶ ἀνήροτος ἔφυεν
αὐτοῖς τὰ ἀγαθά, δεῖπνον ἕτοιμον ἑκάστῳ ἐς κόρον, ποταμοὶ
δὲ οἱ μὲν οἶνον, οἱ δὲ γάλα, εἰσὶ δὲ οἳ καὶ μέλι ἔρρεον·
<pb id="reitz.v.2.p.403"/> τὸ δὲ μέγιστον, αὐτοὺς ἐκείνους φασὶ τοὺς ἀνθρώπους
χρυσοῦς εἶναι, πενίαν δὲ μηδὲ τὸ παράπαν
αὐτοῖς πλησιάζειν. ἡμεῖς δὲ αὐτοὶ μὲν οὐδὲ μόλυβδος ἄν
εἰκότως δοκοίημεν, ἀλλʼ εἴ τι καὶ τούτου ἀτιμότερον, ἡ
τροφὴ δὲ μετὰ πόνων τοῖς πλείστοις, ἡ πενία δὲ καὶ ἀπορία
καὶ ἀμηχανία καὶ τὸ οἴμοι καὶ τὸ πόθεν ἄν μοι γένοιτο
καὶ ὢ τῆς τύχης πολλὰ τοιαῦτα παρὰ γοῦν ἡμῖν τοῖς
πένησι. καὶ ἧττον ἄν, εὖ ἴσθι, ἠνιώμεθα ἂν ἐπʼ αὐτοῖς,
<pb id="p.313"/>
εἰ μὴ τοὺς πλουσίους ἑωρῶμεν τοσαύτῃ εὐδαιμονίᾳ συνόντας,
οἳ τοσοῦτον μὲν χρυσόν, τοσοῦτον δὲ ἄργυρον
ἐγκλεισάμενοι, ἐσθῆτας δὲ ὅσας ἔχοντες, ἀνδράποδα δὲ
καὶ ζεύγη καὶ συνοικίας καὶ ἀγρούς, πάμπολλα δὲ ταῦτα
ἕκαστα κεκτημένοι οὐχ ὅπως μετέδοσαν ἡμῖν ποτε αὐτῶν,
ἀλλʼ οὐδὲ προσβλέπειν τοὺς πολλοὺς ἀξιοῦσι. </p>
</div1>
<div1 type="section" n="21">
<p>ταῦτα
ἡμᾶς μάλιστα ἀποπνίγει, ὦ Κρόνε, καὶ ἀφόρητον ἡγούμεθα
τὸ πρᾶγμα, τὸν μὲν ἐφʼ ἁλουργίδων κατακείμενον
τοσούτοις ἀγαθοῖς ἐντρυφᾶν ἐρυγγάνοντα καὶ ὑπὸ τῶν <pb id="reitz.v.2.p.404"/>
συνόντων εὐδαιμονιζόμενον ἀεὶ ἑορτάζοντα, ἐμὲ δὲ καὶ
τοὺς ὁμοίους ὀνειροπολεῖν, εἴ ποθεν ὀβολοὶ τέτταρες γένοιντο,
ὡς ἔχοιμεν ἄρτων γοῦν ἢ ἀλφίτων ἐμπεπλησμένοι
καθεύδειν κάρδαμον ἢ θύμον ἢ κρόμμυον ἐπιτρώγοντες.
ἢ τοίνυν ταῦτα, ὦ Κρόνε, ἀλλάττειν καὶ μεταποιεῖν
ἐς τὸ ἰσοδίαιτον, ἢ τὸ ὕστατον, αὐτούς γε ἐκείνους
κελεύειν τοὺς πλουσίους μὴ μόνους ἀπολαύειν τῶν ἀγαθῶν,
ἀλλὰ ἀπὸ μεδίμνων τοσούτων χρυσίου χοίνικά γε
ἡμῶν πάντων κατασκεδάσαι, ἀπὸ δὲ ἱματίων ὅσα κἂν
ὑπὸ σητῶν διαβρωθέντα οὐκ ἂν αὐτοὺς ἀνιάσειε· ταῦτα
γοῦν πάντως ἀπολλύμενα καὶ ὑπὸ τοῦ χρόνου διαφθαρησόμενα
ἡμῖν δοῦναι περιβαλέσθαι μᾶλλον ἢ ἐν ταῖς
κοίταις καὶ κίσταις εὐρῶτι πολλῷ κατασαπῆναι. </p>
</div1>
<div1 type="section" n="22">
<p>καὶ
μὴν καὶ δειπνίζειν ἕκαστον ἄρτι μὲν τέτταρας, ἄρτι δὲ
πέντε τῶν πενήτων παραλαμβάνοντας, μὴ μέντοι ἐς τὸν
νῦν τρόπον τῶν δείπνων, ἀλλʼ ἐς τὸ δημοτικώτερον, ὡς
ἐπʼ ἴσης μετέχειν ἅπαντας καὶ μὴ τὸν μὲν ἐμφορεῖσθαι
τῶν ὄψων καὶ τὸν οἰκέτην περιμένειν ἑστῶτα, ἔστʼ ἂν
ἀπαγορεύσῃ ἐσθίων, ἐφʼ ἡμᾶς δὲ ἐλθόντα, ἔτι παρασκευαζομένων
ὡς ἐπιβάλοιμεν τὴν χεῖρα, παραμείβεσθαι <pb id="reitz.v.2.p.405"/>
δείξαντα μόνον τὴν λοπάδα ἢ ὅσον ἐστὶ τοῦ πλακοῦντος
τὸ λοιπόν· μηδὲ ἐσκομισθέντος ὑὸς διανέμοντα τῷ κὲν
δεσπότῃ παρατιθέναι τὸ ἡμίτομον ὅλον σὺν τῇ κεφαλῇ,
<pb id="p.314"/>
τοῖς δὲ ἄλλοις ὀστᾶ φέρειν ἐγκεκαλυμμένα. προειπεῖν δὲ
καὶ τοῖς οἰνοχόοις μὴ περιμένειν, ἔστʼ ἂν ἑπτάκις αἰτήσῃ
πιεῖν ἡμῶν ἕκαστος, ἀλλὰ ἢν ἅπαξ κελεύσῃ, αὐτίκα
ἐγχέαι καὶ ἀναδοῦναι μεγάλην κύλικα ἐμπλησαμένους
ὥσπερ τῷ δεσπότῃ· καὶ τὸν οἶνον δὲ αὐτὸν πᾶσι τοῖς
συμπόταις ἕνα καὶ τὸν αὐτὸν εἶναι. ἢ ποῦ γὰρ γεγράφθαι
τοῦτον τὸν νόμον, τὸν μὲν ἀνθοσμίου μεθύσκεσθαι,
ἐμοὶ δὲ ὑπὸ τοῦ γλεύκους διαρρήγνυσθαι τὴν γαστέρα;
</p>
</div1>
<div1 type="section" n="23">
<p>ἢν ταῦτα ἐπανορθώσῃς καὶ μετακοσμήσῃς, ὦ Κρόνε,
βίον μὲν τὸν βίον, ἑορτὴν δὲ τὴν ἑορτὴν ἔσῃ πεποιηκώς,
εἰ δὲ μή, ἐκεῖνοι μὲν ἑορταζόντων, ἡμεῖς δὲ καθεδούμεθα
εὐχόμενοι, ἐπειδὰν λουσάμενοι ἥκωσι, τὸν παῖδα
μὲν αὐτοῖς ἀνατρέψαντα τὸν ἀμφορέα κατᾶξαι, τὸν μάγειρον
δὲ τὸν ζωμὸν κνισῶσαι καὶ ἐπιλαθόμενον τὸ τάριχος
μὲν ἐς τὴν φακῆν ἐμβαλεῖν <del>τῶν ἰχθύων</del>· τὴν κυνα
<pb id="reitz.v.2.p.406"/> δὲ παρεισπεσοῦσαν τόν τε ἀλλᾶντα ὅλον καταφαγεῖν, περὶ
τἆλλα τῶν ὀψοποιῶν ἐχόντων, καὶ τοῦ πλακοῦντος τὸ
ἥμισυ· τὸν δὲ ὗν καὶ τὸν ἔλαφον καὶ τὰ δελφάκια μεταξὺ
ὀπτώμενα τὸ ὅμοιον ποιεῖν, ὅπερ Ὅμηρος περὶ τῶν Ἡλίου
βοῶν φησι· μᾶλλον δὲ μὴ ἕρπειν μόνον, ἀλλʼ ἀναπηδήσαντα
φεύγειν εἰς τὸ ὄρος αὐτοῖς ὀβελοῖς· καὶ τὰς ὄρνεις
δὲ τὰς παχείας, καίτοι ἀπτέρους ἤδη οὔσας καὶ ἐσκευασμένας,
ἀναπταμένας οἴχεσθαι καὶ ταύτας, ὡς μὴ μόνοι ἀπολαύοιεν
αὐτῶν. </p>
</div1>
<div1 type="section" n="24">
<p>ὃ δὲ δὴ μάλιστα ἂν αὐτοὺς ἀνιάσειε,
τὸ μὲν χρυσίον μύρμηκάς τινας οἵους τοὺς Ἰνδικοὺς ἀνορύττοντας
ἐκ τῶν θησαυρῶν ἐκφέρειν νύκτωρ ἐς τὸ δημόσιον·
τὴν ἐσθῆτα δὲ ὀλιγωρίᾳ τῶν ἐπιμελητῶν κοσκινηδὸν
διατερυπῆσθαι ὑπὸ τῶν βελτίστων μυῶν, ὡς σαγήνης
θυννευτικῆς μηδὲν διαφέρειν· παῖδας δὲ αὐτῶν
τοὺς ὡραίους καὶ κομήτας, οὓς Ὑακίνθους ἢ Ἀχιλλέας ἢ
Ναρκίσσους ὀνομάζουσι, μεταξὺ ὀρέγοντας σφίσι τὸ ἔκπωμα 
φαλακροὺς γίνεσθαι ὑπορρεούσης τῆς κόμης καὶ
<pb id="p.315"/>
πώγωνα φύειν ὀξύν, οἷοί εἰσιν ἐν ταῖς κωμῳδίαις οἱ
σφηνοπώγωνες, καὶ τὸ παρὰ τοῖς κροτάφοις πάνυ λάσιον
καὶ κάρτα ἐκκεντοῦν, τὸ μεταξὺ δὲ λεῖον καὶ γυμνὸν εἶναι. <pb id="reitz.v.2.p.407"/>
ταῦτα καὶ πλείω τούτων εὐξαίμεθʼ ἄν, εἰ μὴ θέλωσι
τὸ ἄγαν φίλαυτον τοῦτʼ ἀφέντες ἐς τὸ κοινὸν πλουτεῖν
καὶ μεταδιδόναι ἡμῖν τῶν μετρίων.</p>
</div1>
<div1 type="section" n="25">
<opener>Κρόνος ἐμοὶ τῷ τιμιωτάτῳ χαίρειν.</opener>
<p>τί
ταῦτα ληρεῖς, ὦ οὗτος, ἐμοὶ περὶ τῶν παρόντων ἐπιστέλλων
καὶ ἀναδασμὸν τῶν ἀγαθῶν ποιεῖν κελεύων; τὸ δὲ
ἑτέρου ἂν εἴη, τοῦ νῦν ἄρχοντος. θαυμάζω γὰρ εἰ μόνος
τῶν ἁπάντων ἀγνώσσεις ὡς ἐγὼ μὲν πάλαι βασιλεὺς ὢν
πέπαυμαι, τοῖς παισὶ διανείμας τὴν ἀρχήν, ὁ δὲ Ζεὺς
μάλιστα τῶν τοιούτων ἐπιμελεῖται· τὰ δὲ ἡμέτερα ταῦτα
μέχρι πεττῶν καὶ κρότου καὶ ᾠδῆς καὶ μέθης, καὶ τοῦτο
οὐ πλέον ἡμερῶν ἑπτά. ὥστε περὶ τῶν μειζόνων ἃ φής,
ἀφελεῖν τὸ ἄνισον καὶ ἐκ τῆς ὁμοίας ἢ πένεσθαι ἢ πλουτεῖν
ἅπαντας, ὁ Ζεὺς ἂν χρηματίσειεν ὑμῖν. εἰ δέ τι τῶν
ἐκ τῆς ἑορτῆς ἀδικοῖτό τις ἢ πλεονεκτοῖτο, ἐμὸν ἂν εἴη
δικάζειν· καὶ ἐπιστέλλω δὲ τοῖς πλουσίοις περὶ τῶν <pb id="reitz.v.2.p.408"/>
δείπνων καὶ τοῦ χοίνικος τοῦ χρυσίου καὶ τῶν ἐσθήτων,
ὡς καὶ ὑμῖν πέμποιεν ἐς τὴν ἑορτήν· δίκαια γάρ ταῦτα
καὶ ἄξια αὐτοὺς ποιεῖν, ὡς φατέ, εἰ μή τι εὔλογον ἐκεῖνοι
πρὸς ταῦτα λέγειν ἔχωσι. </p>
</div1>
<div1 type="section" n="26">
<p>τὸ δὲ ὅλον, ἴστε οἱ πέ
νητες ὑμεῖς ἐξηπατημένοι καὶ οὐκ ὀρθῶς δοξάζοντες περὶ
τῶν πλουσίων, οἵ γε πανευδαίμονας αὐτοὺς οἴεσθε εἶναι
καὶ μόνους ἡδύν τινα βιοῦν τὸν βίον, ὅτι δειπνεῖν τε
πολυτελῶς ἔστιν αὐτοῖς καὶ μεθύσκεσθαι οἴνου ἡδέος καὶ
παισὶν ὡραίοις καὶ γυναιξὶν ὁμιλεῖν καὶ ἐσθῆσι μαλακαῖς
χρῆσθαι· τὸ δὲ πάνυ ἀγνοεῖτε ὁποῖον ἐστιν. αἵ τε γὰρ
<pb id="p.316"/>
φροντίδες αἱ περὶ τούτων οὐ μικραί, ἀλλʼ ἀνάγκη ἐπαγρυπνεῖν
ἑκάστοις, μή τι ὁ οἰκονόμος βλακεύσας ἢ ὑφελόμενος
λάθῃ, μὴ ὁ οἶνος ὀξυνθῇ, μὴ ὁ σῖτος φθειρὶ ζέσῃ,
ἢ ὁ λῃστὴς ὑφέληται τὰ ἐκπώματα, μὴ πιστεύσῃ τοῖς συκοφάνταις
ὁ δῆμος λέγουσι τυραννεῖν αὐτὸν ἐθέλειν
ταῦτα δὲ πάντα οὐδὲ τὸ πολλοστὸν ἄν εἴη μέρος τῶν
ἀνιώντων αὐτούς· εἰ γοῦν ἠπίστασθε τοὺς φόβους καὶ
τὰς μερίμνας ἃς ἔχουσι, πάνυ ἂν ὑμῖν φευκτέον ὁ πλοῦτος
ἔδοξεν. </p>
</div1>
<div1 type="section" n="27">
<p>ἐπεί τοι οἴει με αὐτὸν οὕτως ἄν ποτε κορυβαντιᾶσαι,
ὡς εἰ καλὸν ἦν τὸ πλουτεῖν καὶ βασιλεύειν,
ἀφέντα ἂν αὐτὰ καὶ παραχωρήσαντα ἄλλοις καθῆσθαι
<pb id="reitz.v.2.p.409"/> ἰδιωτεύοντα καὶ ἀνέχεσθαι ὑπʼ ἄλλῳ ταττόμενον; ἀλλὰ
τὰ πολλὰ ταῦτα εἰδώς, ἃ τοῖς πλουσίοις καὶ ἄρχουσι
προσεῖναι ἀνάγκη, ἀφῆκα τὴν ἀρχὴν εὖ ποιῶν. </p>
</div1>
<div1 type="section" n="28">
<p>καὶ
γὰρ ἅ νῦν ἐποτνιῶ πρός με, ὡς τοὺς μὲν ὑῶν καὶ πλακούντων
ἐμφορουμένους, ὑμᾶς δὲ κάρδαμον ἢ θύμον ἢ
κρόμμυον ἐπιτρώγοντας ἐν τῇ ἑορτῇ, σκέψαι ὁποῖά ἐστι·
πρὸς μὲν γὰρ τὸ παρὸν ἡδὺ καὶ οὐχ ἀνιαρὸν ἴσως ἑκάτερον
αὐτῶν, πρὸς δὲ τὰ μετὰ ταῦτα ἔμπαλιν ἀναστρέφεται
τὸ πρᾶγμα. εἶτα ὑμεῖς μὲν οὔτε καρηβαροῦντες
ἀνασταίητʼ ἂν ἐς τὴν ὑστεραίαν ὥσπερ ἐκεῖνοι ὑπὸ τῆς
μέθης οὔτε ὑπὸ τῆς ἄγαν πλησμονῆς δυσῶδές τι καὶ
καπνωδέστερον ἐρυγγάνοντες· οἱ δὲ τούτων τε ἀπολαύουσι
καὶ τὸ πολὺ τῆς νυκτὸς ἢ παισὶν ἢ γυναιξὶν ἢ
ὅπως ἂν ὁ τράγος κελεύῃ συναναφυρέντες ἢ φθόην ἢ
περιπνευμονίαν ἢ ὕδερον οὐ χαλεπῶς συνελέξαντο ἐκ τῆς
πολλῆς τρυφῆς. ἢ τίνα ἂν αὐτῶν ῥᾳδίως δεῖξαι δύναιο
μὴ πάντως ὠχρὸν ὄντα πολὺ τὸ νεκρῶδες ἐμφαίνοντα;
τίνα δὲ ἐς γῆρας ἀφικόμενον τοῖς αὐτοῦ ποσίν, ἀλλὰ μὴ
φοράδην ἐπὶ τεττάρων ὀχούμενον, ὁλόχρυσον μὲν τὰ ἔξω,
κατάρραφον δὲ τὰ ἔνδον, ὥσπερ αἱ τραγικαὶ ἐσθῆτες ἐκ
ῥαχῶν πάνυ εὐτελῶν συγκεκαττυμέναι; ὑμεῖς δὲ ἰχθύων
<pb id="p.317"/>
μὲν ἄγευστοι καὶ ἄσιτοι, ποδάγρας δὲ ἢ περιπνευμονίας
οὐχ ὁρᾶθʼ ὅτι καὶ τούτων ἄπειροί ἐστε, ἢ εἴ τι κατʼ ἄλληνσς <pb id="reitz.v.2.p.410"/>
τινὰ αἰτίαν συμβαίνει; καίτοι οὐδʼ αὐτοῖς ἐκείνοις
ἡδύ ἐστιν αὐτὸ καθʼ ἡμέραν καὶ πέρα τοῦ κόρου ἐσθίειν
τούτων, ἀλλὰ ἴδοις ἂν αὐτοὺς οὕτω λαχάνων καὶ θύμου
ὀρεγομένους ἐνίοτε, ὥσπερ οὐδὲ σὺ τῶν λαγωῶν
καὶ ὑῶν. </p>
</div1>
<div1 type="section" n="29">
<p>ἐῶ λέγειν ὅσα ἄλλα λυπεῖ αὐτούς, υἱὸς
ἀκόλαστος ἢ γυνὴ τοῦ οἰκέτου ἐρῶσα ἢ ἐρώμενος πρὸς
ἀνάγκην μᾶλλον ἢ πρὸς ἡδονὴν συνών· καὶ ὅλως πολλά
ἐστιν ἅπερ ὑμεῖς ἀγνοοῦντες τὸν χρυσὸν ὁρᾶτε αὐτῶν
μόνον καὶ τὴν πορφύραν, καὶ ἢν ἴδητέ ποτε ἐξελαύνοντας
ἐπὶ λευκοῦ ζεύγους, κεχήνατε καὶ προσκυνεῖτε. εἰ
δὲ ὑπερεωρᾶτε αὐτῶν καὶ κατεφρονεῖτε καὶ μήτε ἐπεστρέφεσθε
πρὸς τὴν ἀργυρᾶν ἁρμάμαξαν μήτε μεταξὺ
διαλεγομένων εἰς τὸν ἐν τῷ δακτυλίῳ σμάραγδον ἀφεωρᾶτε
καὶ τῶν ἱματίων παραπτόμενοι τὸ μαλακὸν ἐθαυμάζετε,
ἀλλʼ εἰᾶτε καθʼ ἑαυτοὺς πλουτεῖν, εὖ ἴστε, αὐτοὶ
ἐφʼ ὑμᾶς ἰόντες ἐδέοντο συνδειπνεῖν, ὡς ἐπιδείξαιντο
ὑμῖν τὰς κλίνας καὶ τὰς τραπέζας καὶ τὰ ἐκπώματα, ὧν
οὐδὲν ὄφελος, εἰ ἀμάρτυρος ἡ κτῆσις εἴη </p>
</div1>
<div1 type="section" n="30">
<p>τά γέ τοι
πλεῖστα εὕροιτε ἂν αὐτοὺς ὑμῶν ἕνεκα κτωμένους, οὐχ
ὅπως αὐτοὶ χρήσωνται, ἀλλʼ ὅπως ὑμεῖς θαυμάζοιτε.
ταῦτα ὑμᾶς παραμυθοῦμαι εἰδὼς τὸν βίον ἑκάτερον, καὶ
ἄξιον ἑορτάζειν ἐνθυμουμένους ὅτι μετʼ ὀλίγον ἅπαντας
δεήσει ἀπιέναι ἐκ τοῦ βίου κἀκείνους τὸν πλοῦτον καὶ
ὑμᾶς τὴν πενίαν ἀφέντας. πλὴν ἐπιστελῶ γε αὐτοῖς ὥς2περ <pb id="reitz.v.2.p.411"/>
ὑπεσχόμην, καὶ οἶδʼ ὅτι οὐκ ὀλιγωρήσουσι τῶν ἐμῶν γραμμάτων.
<pb id="p.318"/>
</p>
</div1>
<div1 type="section" n="31">
<opener>Κρόνος τοῖς πλουσίοις χαίρειν.</opener>
<p>οἱ πένητες
ἔναγχος ἐπεστάλκασί μοι αἰτιώμενοι ὑμᾶς μὴ μεταδιδόναι
σφίσιν ὧν ἔχετε, καὶ τὸ μὲν ὅλον ἠξίουν με κοινὰ
πᾶσι ποιεῖν τἀγαθὰ καὶ τὸ μέρος ἕκαστον αὐτῶν ἔχειν·
δίκαιον γὰρ εἶναι ἰσοτιμίαν καθεστηκέναι καὶ μὴ τῷ μὲν
πλέον, τῷ δὲ μηδʼ ὅλως μετεῖναι τῶν ἡδέων. ἐγὼ δὲ περὶ
μὲν τούτων ἔφην ἄμεινον σκέψασθαι τὸν Δία, περὶ δὲ
τῶν παρόντων καὶ ὧν ἀδικεῖσθαι ᾤοντο κατὰ τὴν ἑορτὴν
ἑώρων ἐπʼ ἐμὲ καθήκουσαν τὴν κρίσιν, καὶ ὑπεσχόμην
γράψειν πρὸς ὑμᾶς. ἔστι δὲ ἅπερ ἀξιοῦσι ταῦτα μέτρια,
ὡς ἐμοὶ ἔδοξε. πῶς γάρ, φασί, ῥιγοῦντες τοσούτῳ
κρύει καὶ λιμῷ ἐχόμενοι προσέτι ἑορτάζοιμεν ἄν; εἰ τοίνυν
ἐθέλοιμι κἀκείνους μετέχειν τῆς ἑορτῆς, ἐκέλευόν με
ἀναγκάσαι ὑμᾶς ἐσθήτων τε ὧν ἔχετε μεταδοῦναι αὐτοῖς,
εἴ τινες περιτταὶ καὶ παχύτεραι ἢ καθʼ ὑμᾶς, καὶ
τοῦ χρυσίου ὀλίγον ἐπιστάξαι αὐτοῖς· εἰ γὰρ ταῦτα, φασί,
ποιήσετε, μηδὲ ἀμφισβητεῖν ὑμῖν ἔτι τῶν ἀγαθῶν ἐπὶ
τοῦ Διός, εἰ δὲ μή, ἀπειλοῦσι προσκαλέσασθαι ἐπὶ τὸν
ἀναδασμόν, ἐπειδὰν τὸ πρῶτον δίκας ὁ Ζεὺς προθῇ.
ταῦτά ἐστιν οὐ πάνυ χαλεπὰ ὑμῖν ἀπὸ τοσούτων ἃ καλῶς
<pb id="reitz.v.2.p.412"/> ποιοῦντες ἔχετε. </p>
</div1>
<div1 type="section" n="32">
<p>νὴ Δία καὶ τῶν δείπνων πέρι, ὡς
συνδειπνοῖεν ὑμῖν, καὶ τοῦτο προσθεῖναι ἠξίουν τῇ ἐπιστολῇ
ὡς νῦν γε μόνους ὑμᾶς τρυφᾶν ἐπικλεισαμένους
τὰς θύρας· εἰ δέ ποτε κἀκείνων τινὰς ἑστιᾶν διὰ μακροῦ
ἐθελήσετε, πλέον τοῦ εὐφραίνοντος ἐνεῖναι τὸ ἀνιαρὸν
τῷ δείπνῳ, καὶ τὰ πολλὰ ἐφʼ ὕβρει αὐτῶν γίνεσθαι, οἷον
ἐκεῖνο τὸ μὴ τοῦ αὐτοῦ οἴνου συμπίνειν, Ἡράκλεις, ὡς
ἀνελεύθερον· καὶ καταγινώσκειν αὐτῶν ἐκείνων ἄξιον,
ὅτι μὴ μεταξὺ ἀναστάντες οἴχονται ὅλον ὑμῖν τὸ συμπόσιον
καταλιπόντες. ἀλλʼ οὐδὲ ἐς κόρον ὅμως φασὶ πίνειν·
<pb id="p.319"/>
τοὺ γὰρ οἰνοχόους ὑμῶν ὥσπερ τοὺς Ὀδυσσέως
ἑταίρους κηρῷ βεβύσθαι τὰ ὦτα. τὰ μὲν γὰρ ἄλλα οὕτως
αἰσχρά ἐστιν, ὥστε ὀκνῶ λέγειν, ἃ περὶ τῆς νομῆς
τῶν κρεῶν αἰτιῶνται καὶ τῶν διακόνων, ὑμῖν μὲν παρεστώτων,
ἔστʼ ἂν ὑπερεμφορηθῆτε, ἐκείνους δὲ παραθεόντων,
καὶ ἄλλα πολλὰ τοιαῦτα μικροπρεπῆ καὶ ἥκιστα
ἐλευθέροις πρέποντα. τὸ γοῦν ἥδιστον καὶ συμποτικώτερον
ἡ ἰσοτιμία ἐστί, καὶ ὁ ἰσοδαίτης τούτου ἕνεκα ἡγεῖται
ὑμῖν τῶν συμποσίων, ὡς τὸ ἴσον ἅπαντες ἔχοιεν.
</p>
</div1>
<div1 type="section" n="33">
<p>ὁρᾶτε οὖν ὅπως μηκέτι ὑμᾶς αἰτιάσωνται, ἀλλὰ τιμήσωσι
καὶ φιλήσωσι τῶν ὀλίγων τούτων μεταλαμβάνοντες, <pb id="reitz.v.2.p.413"/>
ὧν ὑμῖν μὲν ἡ δαπάνη ἀνεπαίσθητος, ἐκείνοις
δὲ ἐν καιρῷ τῆς χρείας ἡ δόσις ἀείμνηστος. ἄλλως τε οὐδʼ 
ἂν οἰκεῖν δύναισθε τὰς πόλεις μὴ οὐχὶ καὶ πενήτων συμπολιτευομένων,
καὶ μυρία πρὸς τὴν εὐδαιμονίαν ὑμῖν
συντελούντων, οὐδʼ ἂν ἔχοιτε τοὺς θαυμάζοντας ὑμῶν
τὸν πλοῦτον, ἢν μόνοι καὶ ἰδίᾳ καὶ ὑπὸ σκότῳ πλουτῆτε.
ἰδέτωσαν οὖν πολλοὶ καὶ θαυμασάτωσαν ὑμῶν τὸν ἄργυρον
καὶ τὰς τραπέζας καὶ προπινόντων φιλοτησίας,
μεταξὺ πίνοντες περισκοπείτωσαν τὸ ἔκπωμα καὶ τὸ βάρος
ἴστωσαν αὐτοὶ διαβαστάσαντες καὶ τῆς ἱστορίας τὸ
ἀκριβὲς καὶ τὸν χρυσὸν ὅσος, ὃς ἐπανθεῖ τῇ τέχνῃ. πρὸς
γὰρ τῷ χρηστοὺς καὶ φιλανθρώπους ἀκούειν καὶ τοῦ
φθονεῖσθαι ὑπʼ αὐτῶν ἔξω γενήσεσθε. τίς γὰρ ἄν φθονήσειε
τῷ κοινωνοῦντι καὶ διδόντι τῶν μετρίων; τίς δʼ 
οὐκ ἄν εὔξαιτο εἰς τὸ μήκιστον διαβιῶναι αὐτὸν ἀπολαύοντα
τῶν ἀγαθῶν; ὡς δὲ νῶν ἔχετε, ἀμάρτυρος μὲν
ἡ εὐδαιμονία, ἐπίφθονος δὲ ὁ πλοῦτος, ἀηδὴς δὲ ὁ βίος.
</p>
</div1>
<div1 type="section" n="34">
<p>0ὐδὲ γὰρ οὐδὲ ὁμοίως ἡδὺ, οἶμαι, μόνον ἐμπίπλασθαι,
ὥσπερ τοὺς λέοντάς φασι καὶ τοὺς μονιοὺς τῶν
λύκων, καὶ συνόντας δεξιοῖς ἀνδράσι καὶ πάντα χαρίζεσθαι
πειρωμενοις, οἳ πρῶτα μὲν οὐ κωφὸν καὶ ἄφωνον <pb id="reitz.v.2.p.414"/>
<pb id="p.320"/>
ἐάσουσι τὸ συμπόσιον εἶναι, ἀλλʼ ἐν μύθοις συμποτικοῖς
καὶ σκώμμασιν ἀνεπαχθέσι καὶ φιλοφροσύναις ποικίλαις
συνέσονται, οἷαι ἥδισται διατριβαί, φίλαι μὲν Διονύσῳ
καὶ Ἀφροδίτῃ, φίλαι δὲ Χάρισιν, ἔπειτα δὲ πρὸς ἅπαντας
ἐς τὴν ὑστεραίαν διηγούμενοι ὑμῶν τὴν δεξιότητα
φιλεῖσθαι παρασκευάσουσι. ταῦτα πολλοῦ πρίασθαι καλῶς
εἶχεν. </p>
</div1>
<div1 type="section" n="35">
<p>ἐπεὶ ἐρήσομαι ὑμᾶς, εἰ μύοντες οἱ πένητες
βαδίζοιεν — ὑποθώμεθα γὰρ οὕτως — οὐκ ἂν ὑμᾶς
ἠνίασεν οὐκ ἔχοντας οἷς ἐπιδείξαισθε τὰς ἁλουργεῖς ἐσθῆτας
καὶ τῶν ἀκολουθούντων τὸ πλῆθος ἢ τῶν δακτυλίωι
τὸ μέγεθος; ἐῶ λέγειν ὡς καὶ ἐπιβουλὰς καὶ μίση παρὰ
τῶν πενήτων ἀναγκαῖον ἐγγίνεσθαι πρὸς ὑμᾶς, ἢν μόνοι
τρυφᾶν ἐθέλητε· ἃ μὲν γὰρ εὔξασθαι καθʼ ὑμῶν
ἀπειλοῦσιν, ἀποτρόπαια, μηδὲ γένοιτο εἰς ἀνάγκην αὐτοὺς
καταστῆναι τῆς εὐχῆς· ἐπεὶ οὔτε ἀλλάντων γεύσεσθε
οὔτε πλακοῦντος ἢ εἴ τι λείψανον τῆς κυνός, ἡ φακῆ δὲ
<pb id="reitz.v.2.p.415"/> ὑμῖν σαπέρδην ἐντετηκότα ἕξει, ὗς δὲ καὶ ἔλαφος ὀπτώμενοι
μεταξὺ δρασμὸν βουλεύσουσιν ἐκ τοῦ ὀπτανείου
ἐς τὸ ὄρος, καὶ ὄρνις ψύττα κατατείνασαι ἄπτεροι καὶ
αὗται παρʼ αὐτοὺς τοὺς πένητας ἐκπετήσονται· τὸ δὲ μέγιστον,
οἱ ὡραιότατοι τῶν οἰνοχόων φαλακροὶ ἐν ἀκαρεῖ
τοῦ χρόνου ὑμῖν γενήσονται, ἐπὶ κατεαγότι καὶ ταῦτα
τῷ ἀμφορεῖ. πρὸς τάδε βουλεύεσθε ἃ καὶ τῇ ἑορτῇ πρέποντα
γένοιτʼ ἂν καὶ ὑμῖν ἀσφαλέστατα, καὶ ἐπικουφίζετε
πολλὴν τὴν πενίαν αὐτοῖς ἀπʼ ὀλίγου τελέσματος
φίλους οὐ μεμπτοὺς ἕξοντες.</p>
</div1>
<div1 type="section" n="36">
<opener>οἱ πλούσιοι τῷ Κρόνῳ χαίρειν.</opener>
<p>πρὸς
γὰρ σὲ οἴει μόνον ὑπὸ τῶν πενήτων ταῦτα γεγράφθαι,
ὦ Κρόνε, οὐχὶ δὲ καὶ ὁ Ζεὺς ἤδη ἐκκεκώφηται πρὸς αὐτῶν
<pb id="p.321"/>
ἀναβοώντων καὶ αὐτὰ δὴ ταῦτα τὸν ἀναδασμὸν
ἀξιούντων γενέσθαι καὶ αἰτιωμένων τήν τε εἱμαρμένην
ὡς ἄνισον τὴν νομὴν πεποιημένην καὶ ἡμᾶς ὅτι μηδενὸς
αὐτοῖς μεταδιδόναι ἀξιοῦμεν; ἀλλʼ οἶδεν ἐκεῖνος, ἅτε
Ζεὺς ὤν, παρʼ οἷστισιν ἡ αἰτία, καὶ διὰ τοῦτο παρακούει <pb id="reitz.v.2.p.416"/>
αὐτῶν τὰ πολλά. σοὶ δὲ ὅμως ἀπολογησόμεθα, ἐπείπερ
ἄρχεις γε νῦν ἡμῶν. ἡμεῖς μὲν γὰρ ἅπαντα πρὸ ὀφθαλμῶν
λαβόντες ἅ γέγραφας, ὡς καλὸν ἐπικουρεῖν ἀπὸ
πολλῶν τοῖς δεομένοις καὶ ὡς ἥδιον συνεῖναι καὶ συνευωχεῖσθαι
τοῖς πένησιν, ἀεὶ διετελοῦμεν οὕτως ποιοῦντες
ἰσοδίαιτοι καθεστῶτες, ὡς ἂν μηδὲ τὸν συνδαίτην αὐτὸν
αἰτιάσασθαί τι. </p>
</div1>
<div1 type="section" n="37">
<p>οἱ δὲ ὀλίγων ἐν ἀρχῇ δεῖσθαι φάσκοντες,
ἐπειδήπερ ἅπαξ αὐτοῖς ἀνεπετάσαμεν τὰς θύρας,
οὐκ ἀνίεσαν ἄλλα ἐπʼ ἄλλοις αἰτοῦντες· εἰ δὲ μὴ πάντα
εὐθὺς μηδὲ πρὸς ἔπος λαμβάνοιεν, ὀργὴ καὶ μῖσος καὶ
πρόχειροι αἱ βλασφημίαι· κἂν εἴ τι ἐπιψεύδοιντο ἡμῖν,
ἀλλʼ οἵ γε ἀκούοντες ἐπίστευον ἂν ὡς ἀκριβῶς εἰδόσιν
ἐκ τοῦ συγγεγονέναι. ὥστε δυοῖν θάτερον, ἤ μὴ διδόντα
ἐχθρὸν εἶναι πάντως ἔδει ἢ πάντα προϊέμενον αὐτίκα
μάλα πένεσθαι καὶ τῶν αἰτούντων καὶ αὐτὸν εἶναι. </p>
</div1>
<div1 type="section" n="38">
<p>καὶ
τὰ μὲν ἄλλα μέτρια· ἐν δὲ τοῖς δείπνοις αὐτοῖς ἀμελήσαντες
τοῦ ἐμπίπλασθαι καὶ γαστρίζεσθαι καὶ αὐτοί,
ἐπειδὰν πλεῖον τοῦ ἱκανοῦ ἐμπίωσιν, ἢ παιδὸς ὡραίου <pb id="reitz.v.2.p.417"/>
μεταξὺ ἀναδόντος τὸ ἔκπωμα ἔνυξαν τὴν χεῖρα ἢ παλλακῇ
ἢ γαμετῇ γυναικὶ ἐπεχείρησαν· εἶτα κατεμέσαντες
τοῦ συμποσίου ἐς τὴν ὑστεραίαν λοιδοροῦνται ἡμῖν
κατελθόντες, ὡς ἐδίψησαν καὶ ὡς λιμῷ συνῆσαν διηγούμενοι.
καὶ εἴ σοι ταῦτα καταψεύδεσθαι αὐτῶν δοκοῦμεν,
τὸν ὑμέτερον παράσιτον ἀναμνήσθητι τὸν Ἰξίονα, ὃς
ἀξιωθεὶς κοινῆς τραπέζης, ἀξίωμα ἴσον ἔχων ὑμῖν, τῇ
Ἥρᾳ μεθυσθεὶς ἐπεχείρει ὁ γενναῖος. </p>
</div1>
<div1 type="section" n="39">
<p>ταῦτʼ ἐστὶ καὶ
τὰ τοιαῦτα, ὑφʼ ὧν ἡμεῖς ἐβουλευσάμεθα πρὸς τὸ λοιπὸν

<pb id="p.322"/>
ἀσφαλείας τῆς ἡμετέρας ἕνεκεν μηκέτι ἐπιβατὸν αὐτοῖς
ποιεῖν τὴν οἰκίαν. εἰ δὲ ἐπὶ σοῦ συνθοῖντο μετρίων
δεήσεσθαι, ὥσπερ νῦν φασι, μηδὲν δὲ ὑβριστικὸν ἐν τοῖς
συμποσίοις ὥσπερ νῦν φασι, μηδὲν δὲ ὑβριστικὸν ἐν τοῖς
συμποσίοις ἐργάσεσθαι, κοινωνούντων ἡμῖν καὶ συνδειπνούντων
τύχῃ τῇ ἀγαθῇ. καὶ τῶν ἱματίων, ὡς σὺ
κελεύεις, πέμψομεν καὶ τοῦ χρυσίου ὁπόσον οἷόν τε καὶ
προσδαπανήσομεν, καὶ ὅλως οὐδὲν ἐλλείψομεν· καὶ αὐτοὶ
δὲ ἀφέμενοι τοῦ κατὰ τέχνην ὁμιλεῖν ἡμῖν φίλοι ἀντὶ
κολάκων καὶ παρασίτων ἔστωσαν. ὡς ἡμᾶς γε οὐδὲν ἂν
αἰτιάσαιο κἀκείνων τὰ δέοντα ποιεῖν ἐθελόντων.</p>
</div1>
</body>
</text>
</group>
</text>
</TEI.2>
