<?xml version="1.0" encoding="UTF-8"?><TEI.2>
<teiHeader>
<fileDesc>
<titleStmt>
<title>Scytha</title>
<author>Lucian</author>
<editor role="editor">Karl Jacobitz</editor>
<funder n="org:Google">Google Digital Humanities Awards Program</funder>
</titleStmt>
<publicationStmt>
<publisher>Trustees of Tufts University</publisher>
<pubPlace>Medford, MA</pubPlace>
<authority>Perseus Project</authority>
</publicationStmt>
<sourceDesc>
<biblStruct>
<monogr>
<title>Luciani Samosatensis Opera, Vol I</title>
<author>Lucian</author>
<editor role="editor">Karl Jacobitz</editor>
<imprint>
<publisher>in aedibus B. G. Teubneri</publisher>
<pubPlace>Leipzig</pubPlace>
<date>1896</date>
</imprint>
</monogr>
</biblStruct>
<p>Keyboarding</p>
</sourceDesc>
</fileDesc>
<encodingDesc>
<refsDecl doctype="TEI.2">
<state unit="section"/>
</refsDecl>
</encodingDesc>
<profileDesc>
<langUsage>
<language id="greek">Greek</language>
</langUsage>
</profileDesc>
</teiHeader>
<text>
<body>
<pb id="p.404"/>
<div1 type="section" n="1">
<p>οὐ πρῶτος Ἀνάχαρσις ἀφίκετο ἐκ Σκυθίας Ἀθήναζε
παιδείας ἐπιθυμίᾳ τῆς Ἑλληνικῆς, ἀλλὰ καὶ Τόξαρις
πρὸ αὐτοῦ, σοφὸς μὲν καὶ φιλόκαλος ἀνὴρ καὶ ἐπιτηδευμάτων
φιλομαθὴς τῶν ἀρίστων, οἴκοι δὲ οὐ τοῦ βασιλείου
γένους ὢν οὐδὲ τῶν πιλοφορικῶν, ἀλλὰ Σκυθῶν
τῶν πολλῶν καὶ δημοτικῶν, οἷοί εἰσι παρʼ αὐτοῖς οἱ ὀκτάποδες
καλούμενοι, τοῦτο δέ ἐστι, δύο βοῶν δεσπότην εἶναι
καὶ ἁμάξης μιᾶς. οὗτος ὁ Τόξαρις οὐδʼ ἀπῆλθεν ἔτι
ὀπίσω ἐς Σκύθας, ἀλλʼ Ἀθήνησιν ἀπέθανε, καὶ μετʼ οὐ
<milestone unit="section2" n="860"/> πολὺ καὶ ἥρως ἔδοξε καὶ ἐντέμνουσιν αὐτῷ Ξένῳ Ἰατρῷ
οἱ Ἀθηναῖοι· τοῦτο γὰρ τοὔνομα ἥρως γενόμενος ἐπεκτήσατο.
τὴν δὲ αἰτίαν τῆς ἐπωνυμίας καὶ ἀνθʼ ὅτου ἐς
τοὺς ἥρωας κατελέγη καὶ τῶν Ἀσκληπιαδῶν εἷς ἔδοξεν,
οὐ χεῖρον ἴσως διηγήσασθαι, ὡς μάθητε οὐ Σκύθαις μόνον
ἐπιχώριον ὂν ἀπαθανατίζειν καὶ πέμπειν παρὰ τὸν
Ζάμολξιν, ἀλλὰ καὶ Ἀθηναίοις ἐξεῖναι θεοποιεῖν τοὺς
Σκύθας ἐπὶ τῆς Ἑλλάδος.
</p>
</div1>
<div1 type="section" n="2">
<p>κατὰ τὸν λοιμον τὸν μέγαν
ἔδοξεν ἡ Ἀρχιτέλους γυνή, Ἀρεοπαγίτου ἀνδρός, ἐπιστάντα
οἱ τὸν Σκύθην κελεῦσαι εἰπεῖν Ἀθηναίοις ὅτι
παύσονται τῷ λοιμῷ ἐχόμενοι, ἢν τοὺς στενωποὺς οἴνῳ
πολλῷ ῥάνωσι. τοῦτο συχνάκις γενόμενον — οὐ γὰρ ἠμέλησαν
οἱ Ἀθηναῖοι ἀκούσαντες — ἔπαυσε μηκέτι λοιμώττειν
<pb id="p.405"/>
αὐτούς, εἴτε ἀτμούς τινας πονηροὺς ὁ οἰνος σβέσας
τῇ ὀδμῇ, εἴτε ἄλλο τι πλέον εἰδὼς ὁ ἥρως ὁ Τόξαρις, ἅτε
<milestone unit="section2" n="861"/>
ἰατρικὸς ὤν, συνεβούλευσεν. ὁ δʼ οὖν μισθὸς τῆς ἰάσεως
ἔτι καὶ νῦν ἀποδίδοται αὐτῷ λευκὸς ἵππος καταθυόμενος
ἐπὶ τῷ μνήματι, ὅθεν ἔδειξεν ἡ Δειμαινέτη προελθόντα
αὐτὸν ἐντείλασθαι ἐκεῖνα τὰ περὶ τοῦ οἴνου· καὶ εὑρέθη
κεῖθι ὁ Τόξαρις τεθαμμένος τῇ τε ἐπιγραφῇ γνωσθείς,
εἰ καὶ μὴ πᾶσα ἐφαίνετο ἔτι, καὶ μάλιστα, ὅτι ἐπὶ τῇ
στήλῃ Σκύθης ἀνὴρ ἐγκεκόλαπτο, τῇ λαιᾷ μὲν τόξον ἔχων
ἐντεταμένον, τῇ δεξιᾷ δὲ βιβλίον, ὡς ἐδόκει. ἔτι καὶ νῦν
ἴδοις ἂν αὐτοῦ ὑπὲρ ἥμισυ καὶ τὸ τόξον ὅλον καὶ τὸ βιβλίον·
τὰ δὲ ἄνω τῆς στήλης καὶ τὸ πρόσωπον ὁ χρόνος
ἤδη ἐλυμήνατό που. ἔστι δὲ οὐ πολὺ ἀπὸ τοῦ Διπύλου,
ἐν ἀριστερᾷ εἰς Ἀκαδημίαν ἀπιόντων, οὐ μέγα τὸ χῶμα
καὶ ἡ στήλη χαμαί· πλὴν ἀλλʼ ἔστεπταί γε ἀεί, καί φασι
<milestone unit="section2" n="862"/>
πυρεταίνοντάς τινας ἤδη πεπαῦσθαι ἀπʼ αὐτοῦ, καὶ μὰ
τὸν Δίʼ οὐδὲν ἄπιστον, ὃς ὅλην ποτὲ ἰάσατο τὴν πόλιν.
</p>
</div1>
<div1 type="section" n="3">
<p>ἀλλὰ γὰρ οὗπερ ἕνεκα ἐμνήσθην αὐτοῦ, ἔζη μὲν ἔτι ὸ
Τόξαρις, ὁ Ἀνάχαρσις δὲ ἄρτι καταπεπλευκὼς ἀνῄει ἐκ
Πειραιῶς, οἷα δὴ ξένος καὶ βάρβαρος οὐ μετρίως τεταραγμένος
ἔτι τὴν γνώμην, πάντα ἀγνοῶν, ψοφοδεὴς πρὸς
τὰ πολλά, οὐκ ἔχων ὅ τι χρήσαιτο ἑαυτῷ· καὶ γὰρ συνίει
καταγελώμενος ὑπὸ τῶν ὁρώντων ἐπὶ τῇ σκευῇ, καὶ ὁμόγλωσσον
οὐδένα εὕρισκε, καὶ ὅλως μετέμελεν αὐτῷ ἤδη
τῆς ὁδοῦ, καὶ ἐδέδοκτο ἰδόντα μόνον τὰς Ἀθήνας ἐπὶ
πόδα εὐθὺς ὀπίσω χωρεῖν καὶ πλοίῳ ἐπιβάντα πλεῖν αὖθις
ἐπὶ Βοσπόρου, ὅθεν οὐ πολλὴ ἔμελλεν αὐτῷ ὁδὸς ἔσεσθαι
οἴκαδε ἐς Σκύθας. οὕτως ἔχοντι τῷ Ἀναχάρσιδι ἐντυγχάνει
<milestone unit="section2" n="863"/>
δαίμων τις ἀγαθὸς ὡς ἀληθῶς ὁ Τόξαρις ἤδη ἐν τῷ
Κεραμεικῷ· καὶ τὸ μὲν πρῶτον ἡ στολὴ αὐτὸν ἐπεσπάσατο
πατριῶτις οὖσα, εἶτα μέντοι οὐ χαλεπῶς ἔμελλε καὶ
αὐτὸν γνώσεσθαι τὸν Ἀνάχαρσιν ἅτε γένους τοῦ δοκιμωτάτου
<pb id="p.406"/>
ὄντα καὶ ἐν τοῖς πρώτοις Σκυθῶν. ὁ Ἀναχαρσις
δὲ πόθεν ἂν ἐκεῖνον ἔγνω ὁμοεθνῆ ὄντα, Ἑλληνιστὶ
ἐσταλμένον, ὑπεξυρημένον τὸ γένειον, ἄζωστον, ἀσίδηρον,
ἤδη στωμύλον, αὐτῶν τῶν Ἀττικῶν ἕνα τῶν αὐτοχθόνων;
οὕτω μετεπεποίητο ὑπὸ τοῦ χρόνου.
</p>
</div1>
<div1 type="section" n="4">
<p>ἀλλὰ
Τόξαρις Σκυθιστὶ προσειπὼν αὐτόν, Οὐ σύ, ἔφη, Ἀνάχαρσις
ὢν τυγχάνεις ὁ Δαυκέτου; ἐδάκρυσεν ὑφʼ ἡδονῆς
ὁ Ἀνάχαρσις, ὅτι καὶ ὁμόφωνον εὑρήκει τινά, καὶ τοῦτον
<milestone unit="section2" n="864"/> εἰδότα ὅστις ἦν ἐν Σκύθαις, καὶ ἤρετο, Σὺ δὲ πόθε
οἶσθα ἡμᾶς, ὦ ξένε; καὶ αὐτός, ἔφη, ἐκεῖθέν εἰμι παρʼ
ὑμῶν, Τόξαρις τοὔνομα, οὐ τῶν ἐπιφανῶν, ὥστε καὶ
ἐγνῶσθαι ἄν σοι κατʼ αὐτό. μῶν, ἔφη, σὺ ὁ Τόξαρις εἶ,
περὶ οὗ ἐγὼ ἤκουσα ὥς τις Τόξαρις ἔρωτι τῆς Ἑλλάδος
ἀπολιπὼν καὶ γυναῖκα ἐν Σκυθίᾳ καὶ παιδία νεογνὰ οἴχοιτο
ἐς Ἀθήνας καὶ νῦν διατρίβοι κεῖθι τιμώμενος ὑπὸ
τῶν ἀρίστων; ἐγώ, ἔφη, ἐκεῖνός εἰμι, εἴ τις κἀμοῦ λόγος
ἔτι παρʼ ὑμῖν. οὐκοῦν, ἦ δʼ ὃς ὁ Ἀνάχαρσις, μαθητήν
σου ἴσθι με γεγενημένον καὶ ζηλωτὴν τοῦ ἔρωτος ὃν ἠράσθης,
ἰδεῖν τὴν Ἑλλάδα, καὶ κατά γε τὴν ἐμπορίαν ταύτην
ἀποδημήσας ἥκω σοι μυρία παθὼν ἐν τοῖς διὰ μέσου
ἔθνεσι, καὶ εἴ γε μὴ σοὶ ἐνέτυχον, ἔγνωστο ἤδη πρὶν
ἥλιον δῦναι, ὀπίσω αὖθις ἐπὶ ναῦν κατιέναι· οὕτως ἐτεταράγμην
ξένα καὶ ἄγνωστα πάντα ὁρῶν. ἀλλὰ πρὸς
Ἀκινάκου καὶ Ζαμόλξιδος, τῶν πατρῴων ἡμῖν θεῶν, σύ
με, ὦ Τόξαρι, παραλαβὼν ξενάγησον καὶ δεῖξον τὰ κάλλιστα
τῶν Ἀθήνησιν, εἶτα καὶ τὰ ἐν τῇ ἄλλῃ Ἑλλάδι, νόμων
τε τοὺς ἀρίστους καὶ ἀνδρῶν τοὺς βελτίστους καὶ
ἤθη καὶ πανηγύρεις καὶ βίον αὐτῶν καὶ πολιτείαν, διʼ
<milestone unit="section2" n="865"/> ἅπερ σύ τε κἀγὼ μετὰ σὲ τοσαύτην ὁδὸν ἥκομεν, καὶ μὴ
περιίδῃς ἀθέατον αὐτῶν ἀναστρέψοντα.
</p>
</div1>
<div1 type="section" n="5">
<p>τοῦτο μέν,
ἔφη ὁ Τόξαρις, ἥκιστα ἐρωτικὸν εἴρηκας, ἐπὶ τὰς θύρας
αὐτὰς ἐλθόντα οἴχεσθαι ἀπιόντα. πλὴν ἀλλὰ θάρρει· οὐ
<pb id="p.407"/>
γαρ ἄν, ὡς φής, ἀπέλθοις οὐδʼ ἂν ἀφείη σε ῥᾳδίως ἡ
πόλις· οὐχ οὕτως ὀλίγα τὰ θέλγητρα ἔχει πρὸς τοὺς ξένους,
ἀλλὰ μάλα ἐπιλήψεταί σου, ὡς μήτε γυναικὸς ἔτι
μήτε παίδων, εἴ σοι ἤδη εἰσί, μεμνῆσθαι. ὡς δʼ ἂν τάχιστα
πᾶσαν ἴδοις τὴν πόλιν τῶν Ἀθηνῶν, μᾶλλον δὲ τὴν
Ελλάδα ὅλην καὶ τὰ Ἑλλήνων καλά, ἐγὼ ὑποθήσομαί σοι.
ἔστι σοφὸς ἀνὴρ ἐνταῦθα, ἐπιχώριος μέν, ἀποδημήσας
δὲ μάλα πολλὰ ἔς τε Ἀσίαν καὶ ἐς Αἴγυπτον καὶ τοῖς ἀρίστοις
τῶν ἀνθρώπων συγγενόμενος, τὰ ἄλλα οὐ τῶν
πλουσίων, ἀλλὰ καὶ κομιδῇ πένης· ὄψει γέροντα οὕτω
δημοτικῶς ἐσταλμένον. πλὴν διά γε τὴν σοφίαν καὶ τὴν
ἄλλην ἀρετὴν πάνυ τιμῶσιν αὐτόν, ὥστε καὶ νομοθέτῃ
χρῶνται πρὸς τὴν πολιτείαν καὶ ἀξιοῦσι κατὰ τὰ ἐκείνου
προστάγματα βιοῦν. εἰ τοῦτον φίλον κτήσαιο καὶ μάθοις
οἷος ἀνήρ ἐστι, πᾶσαν νόμιζε τὴν Ἑλλάδα ἐν αὐτῷ ἔχειν
καὶ τὸ κεφάλαιον ἤδη ἂν εἰδέναι τῶν τῇδε ἀγαθῶν· ὡς
οὐκ ἔστιν ὅ τι ἂν μεῖζόν σοι καλὸν χαρίσασθαι δυναίμην
<milestone unit="section2" n="866"/>
ἢ συστήσας ἐκείνῳ.
</p>
</div1>
<div1 type="section" n="6">
<p>μὴ τοίνυν μέλλωμεν, ἔφη, ὦ
Τόξαρι, ὁ Ἀνάχαρσις, ἀλλά με λαβὼν ἄγε παρʼ αὐτόν
ἀτὰρ ἐκεῖνο δέδια, μὴ δυσπρόσοδος καὶ ἐν παρέργῳ θῆται
σου τὴν ἔντευξιν τὴν ὑπὲρ ἡμῶν. εὐφήμει, ἦ δʼ ὅς, ἐκείνῳ
τὰ μέγιστα χαριεῖσθαί μοι δοκῶ ἀφορμὴν παρασχὼν
τῆς ἐς ξένον ἄνδρα εὐποιίας. ἕπου μόνον· εἴσῃ γὰρ ὅση
πρὸς τὸν Ξένιον ἡ αἰδὼς καὶ ἡ ἄλλη ἐπιείκεια καὶ χρηστότης.
μᾶλλον δὲ κατὰ δαίμονα οὗτος αὐτὸς ἡμῖν πρόσεισιν,
ὁ ἐπὶ συννοίας, ὁ λαλῶν ἑαυτῷ· καὶ ἅμα προσειπὼν
τὸν Σόλωνα, Τοῦτό σοι, ἔφη, δῶρον μέγιστον
ἥκω ἄγων, ξένον ἄνδρα φιλίας δεόμενον.
</p>
</div1>
<div1 type="section" n="7">
<p>Σκύθης δέ
ἐστι τῶν παρʼ ἡμῖν εὐπατριδῶν, καὶ ὅμως τἀκεῖ πάντα
ἀφεὶς ἥκει συνεσόμενος ὑμῖν καὶ τὰ κάλλιστα ὀψόμενος
τῆς Ἑλλάδος, κἀγὼ ἐπίτομόν τινα ταύτην ἐξεῦρον αὐτῷ,
ὅπως ῥᾷστα καὶ αὐτὸς μάθοι πάντα καὶ γνώριμος γένοιτο
<pb id="p.408"/>
τοῖς ἀρίστοις· τοῦτο δʼ ἦν σοὶ προσαγαγεῖν αὐτόν. εἰ
τοίνυν ἐγὼ Σόλωνα οἶδα, οὕτω ποιήσεις καὶ προξενήσεις
<milestone unit="section2" n="867"/> αὐτοῦ καὶ πολίτην γνήσιον ἀποφανεῖς τῆς Ἑλλάδος. καὶ
ὅπερ σοι ἔφην μικρὸν ἔμπροσθεν, ὦ Ἀνάχαρσι, πάντα
ἑώρακας ἤδη Σόλωνα ἰδών, τοῦτο αἱ Ἀθῆναι, τοῦτο ἡ
Ἑλλάς· οὐκέτι ξένος σύ γε, πάντες σε ἴσασι, πάντες σε
φιλοῦσι. τηλικοῦτόν ἐστι τὸ κατὰ τὸν πρεσβύτην τοῦτον.
ἁπάντων ἐπιλήσῃ τῶν ἐν Σκυθίᾳ συνὼν αὐτῷ· ἔχεις τῆς
ἀποδημίας τὰ ἆθλα, τοῦ ἔρωτος τὸ τέλος· οὗτός σοι ὁ
Ελληνικὸς κανών, τοῦτο δεῖγμα τῆς φιλοσοφίας τῆς Ἀττικῆς.
οὕτω τοίνυν γίγνωσκε ὡς εὐδαιμονέστατος ὤν, ὃς
συνέσῃ Σόλωνι καὶ φίλῳ χρήσῃ αὐτῷ.
</p>
</div1>
<div1 type="section" n="8">
<p>μακρὸν ἂν εἴη διηγήσασθαι, ὅπως μὲν ἥσθη ὁ
Σόλων τῷ δώρῳ, οἷα δὲ εἶπεν, ὡς δὲ τὸ λοιπὸν συνῆσαν,
ὁ μὲν παιδεύων καὶ διδάσκων τὰ κάλλιστα, ὁ Σόλων, καὶ
φίλον ἅπασι ποιῶν τὸν Ἀνάχαρσιν καὶ προσάγων τοῖς
Ελλήνων καλοῖς καὶ πάντα τρόπον ἐπιμελούμενος, ὅπως
ἥδιστα διατρίψῃ ἐν τῇ Ἑλλάδι, ὁ δὲ τεθηπὼς τὴν σοφίαν
αὐτοῦ καὶ μηδὲ τὸν ἕτερον πόδα ἑκὼν εἶναι ἀπολειπόμενος.
ὡς γοῦν ὑπέσχετο αὐτῷ ὁ τόξαρις, ἐξ ἑνὸς ἀνδρὸς
τοῦ Σόλωνος ἅπαντα ἔγνω ἐν ἀκαρεῖ καὶ πᾶσιν ἦν γνώριμος
<milestone unit="section2" n="868"/> καὶ ἐτιμᾶτο διʼ ἐκεῖνον· οὐ γὰρ μικρὸν ἦν Σόλων
ἐπαινῶν, ἀλλʼ οἱ ἄνθρωποι καὶ τοῦτο ὡς νομοθέτῃ ἐπεί
θοντο καὶ ἐφίλουν οὓς ἐκεῖνος δοκιμάζοι καὶ ἐπίστευον
ἀρίστους ἄνδρας εἶναι. τὰ τελευταῖα καὶ ἐμυήθη μόνος
βαρβάρων Ἀνάχαρσις, δημοποίητος γενόμενος, εἰ χρὴ
Θεοξένῳ πιστεύειν καὶ τοῦτο ἱστοροῦντι περὶ αὐτοῦ· καὶ
οὐκ ἂν οὐδὲ ἀνέστρεψεν, οἶμαι, ἐς Σκύθας, εἰ μὴ Σόλων
ἀπέθανε.
</p>
</div1>
<div1 type="section" n="9">
<p>βούλεσθε οὖν ἤδη ἐπαγάγω τῷ μύθῳ τὸ τέλος,
ὡς μὴ ἀκέφαλος περινοστοίη; ὥρα γοῦν εἰδέναι οὗτινός
μοι εἵνεκα ὁ Ἀνάχαρσις ἐκ Σκυθίας καὶ Τόξαρις
τὰ νῦν ἐς Μακεδονίαν ἥκετον ἔτι καὶ Σόλωνα γέροντα
<pb id="p.409"/>
ἄνδρα ἐπαγομενω Ἀθήνηθεν. φημὶ δὴ ὅμοιόν τι καὶ αὐ
τὸς παθεῖν τῷ Ἀναχάρσιδι, καὶ πρὸς Χαρίτων μὴ νεμεσήσητέ
μοι τῆς εἰκόνος, εἰ βασιλικῷ ἀνδρὶ ἐμαυτὸν εἴκασα·
βάρβαρος μὲν γὰρ κἀκεῖνος καὶ οὐδέν τι φαίης ἂν
τοὺς Σύρους ἡμᾶς φαυλοτερους εἶναι τῶν Σκυθῶν. ἀτὰρ
οὐδὲ κατὰ τὸ βασιλικὸν εἰσποιῶ τἀμὰ ἐς τὴν ὁμοιότητα,
<milestone unit="section2" n="869"/>
κατʼ ἐκεῖνα δέ· ὅτε γὰρ πρῶτον ἐπεδήμησα ὑμῶν τῇ πόλει,
ἐξεπλάγην μὲν εὐθὺς ἰδὼν τὸ μέγεθος καὶ τὸ κάλλος
καὶ τῶν ἐμπολιτευομένων τὸ πλῆθος καὶ τὴν ἄλλην
δύναμιν καὶ λαμπρότητα πᾶσαν· ὥστε ἐπὶ πολὺ ἐτεθήπειν
πρὸς ταῦτα καὶ οὐκ ἐξήρκουν τῷ θαύματι, οἷόν τι
καὶ ὁ νησιώτης ἐκεῖνος νεανίσκος ἐπεπόνθει πρὸς τὴν τοῦ
Μενελάου οἰκίαν. καὶ ἔμελλον οὕτω διατεθήσεσθαι τὴν
γνώμην ἰδὼν πόλιν ἀκμάζουσαν ἀκμῇ τοσαύτῃ καὶ κατὰ
τὸν ποιητὴν ἐκεῖνον
ἀνθοῦσαν ἀγαθοῖς πᾶσιν οἷς θάλλει πόλις.
</p>
</div1>
<div1 type="section" n="10">
<p>οὕτω δὴ ἔχων ἐσκοπούμην ἤδη περὶ τῶν πρακτέων,
καὶ το μὲν δεῖξαι τῶν λόγων ὑμῖν πάλαι ἐδέδοκτο. τίσι
γὰρ ἂν ἄλλοις ἔδειξα σιωπῇ παροδεύσας τηλικαύτην πόλιν;
ἐζήτουν γάρ, οὐδὲ ἀποκρύψομαι τἀληθές, οἵτινες
οἱ προὔχοντες εἶεν καὶ οἷς ἄν τις προσελθὼν καὶ ἐπιγρα
ψάμενος προστάτας συναγωνισταῖς χρῷτο πρὸς τὰ ὅλα.
<milestone unit="section2" n="870"/>
ἐνταῦθά μοι οὐχ εἷς, ὥσπερ τῷ Ἀναχάρσιδι, καὶ οὗτος
βάρβαρος, ὁ Τόξαρις, ἀλλὰ πολλοί, μᾶλλον δὲ πάντες
τὰ αὐτὰ μόνον οὐ ταῖς αὐταῖς συλλαβαῖς ἔλεγον· ὦ ξένε,
πολλοὶ μὲν καὶ ἄλλοι χρηστοὶ καὶ δεξιοὶ ἀνὰ τὴν πόλιν,
καὶ οὐκ αν ἀλλαχόθι τοσούτους εὕροις ἄνδρας ἀγαθούς,
δύο δὲ μάλιστά ἐστον ἡμῖν ἄνδρε ἀρίστω, γένει μὲν καὶ
ἀξιώματι πολὺ προὔχοντος ἁπάντων, παιδείᾳ δὲ καὶ λόγων
δυνάμει τῇ Ἀττικῇ δεκάδι παραβάλλοις ἄν· ἡ δὲ
παρὰ τοῦ δήμου εὔνοια πάνυ ἐρωτικὴ πρὸς αὐτούς, καὶ
τουτὶ γίγνεται, ὅ τι ἂν οὗτοι ἐθέλωσιν· ἐθέλουσι γὰρ ὅ
<pb id="p.410"/>
τι ἂν ἄριστον ᾖ τῇ πόλει. τὴν μὲν γὰρ χρηστότητα καὶ
τὴν πρὸς τοὺς ξένους φιλανθρωπίαν καὶ τὸ ἐν μεγέθει
τοσούτῳ ἀνεπίφθονον καὶ τὸ μετʼ εὐνοίας αἰδέσιμον καὶ
τὸ πρᾷον καὶ τὸ εὐπρόσοδον αὐτὸς ἂν ἄλλοις διηγήσαιο
<milestone unit="section2" n="871"/> πειραθεὶς μικρὸν ὕστερον.
</p>
</div1>
<div1 type="section" n="11">
<p>καὶ ὡς μᾶλλον θαυμάσῃς,
μιᾶς καὶ τῆς αὐτῆς οἰκίας ἐστόν, υἱὸς καὶ πατήρ, ὁ μέν,
εἴ τινα Σόλωνα ἢ Περικλέα ἢ Ἀριστείδην ἐπινοεῖς, ὁ δὲ
υἱὸς καὶ ὀφθεὶς μὲν αὐτίκα ἐπάξεταί σε, οὕτω μέγας ἐστὶ
καὶ καλὸς ἀρρενωπήν τινα τὴν εὐμορφίαν· εἰ δὲ καὶ
φθέγξαιτο μόνον, οἰχήσεταί σε ἀπὸ τῶν ὤτων ἀναδησάμενος,
τοσαύτην Ἀφροδίτην ἐπὶ τῇ γλώττῃ ὁ νεανίσκος
ἔχει. ἥ γέ τοι πόλις ἅπασα κεχηνότες αὐτοῦ ἀκούουσιν,
ὁπόταν δημηγορήσων παρέλθῃ, ὁποῖόν φασι τοὺς τότε
Ἀθηναίους πρὸς τὸν τοῦ Κλεινίου πεπονθέναι, παρʼ
ὅσον τοῖς μὲν οὐκ εἰς μακρὰν μετεμέλησε τοῦ ἔρωτος, ὃν
ἠράσθησαν τοῦ Ἀλκιβιάδου, τοῦτον δὲ ἡ πόλις οὐ φιλεῖ
μόνον, ἀλλὰ καὶ αἰδεῖσθαι ἤδη ἀξιοῖ, καὶ ὅλως ἓν τοῦτο
ἡμῖν δημόσιον ἀγαθόν ἐστι καὶ μέγα ὄφελος ἅπασιν, ἁνὴρ
οὗτος. εἰ δὴ αὐτός τε καὶ ὁ πατὴρ αὐτοῦ δέξαιντό σε καὶ
<milestone unit="section2" n="872"/> φίλον ποιήσαιντο, πᾶσαν ἔχεις τὴν πόλιν, καὶ ἐπισεῖσαι
χρὴ τὴν χεῖρα, τοῦτο μόνον, καὶ οὐκέτʼ ἐνδοιάσιμα τὰ
σά. ταῦτα νὴ τὸν Δίʼ ἅπαντες ἔλεγον, εἰ χρὴ καὶ ὅρκον
ἐπάγειν τῷ λόγῳ, καί μοι ἤδη πειρωμένῳ τὸ πολλοστὸν
τῶν προσόντων εἰρηκέναι ἔδοξαν. <q direct="unspecified">οὐχ ἕδρας τοίνυν
οὐδʼ ἀμβολᾶς ἔργον,</q> ὡς ὁ Κεῖός φησιν, ἀλλὰ χρὴ πάντα
μὲν κάλων κινεῖν, πάντα δὲ πράττειν καὶ λέγειν, ὡς φίλοι
ἡμῖν τοιοῦτοι γένοιντο· ἢν γὰρ τοῦθʼ ὑπάρξῃ, εὔδια
πάντα καὶ πλοῦς οὔριος καὶ λειοκύμων ἡ θάλαττα καὶ ὁ λιμὴν πλησίον
</p>
</div1>
</body>
</text>
</TEI.2>
