<?xml version="1.0" encoding="UTF-8"?><TEI.2>
<teiHeader>
<fileDesc>
<titleStmt>
<title>Symposium</title>
<title type="sub">Machine readable text</title>
<author n="Plut.">Lucian</author>
<editor role="editor" n="Loeb">A. M. Harmon</editor>
<sponsor>Perseus Project, Tufts University</sponsor>
<principal>Gregory Crane</principal>
<respStmt>
<resp>Prepared under the supervision of</resp>
<name>Lisa Cerrato</name>
<name>William Merrill</name>
<name>Elli Mylonas</name>
<name>David Smith</name>
</respStmt>
<funder n="org:NEH">The National Endowment for the Humanities</funder>
<funder n="org:Google">Google Digital Humanities Awards Program</funder>
</titleStmt>
<extent/>
<publicationStmt>
<publisher>Trustees of Tufts University</publisher>
<pubPlace>Medford, MA</pubPlace>
<authority>Perseus Project</authority>
</publicationStmt>
<sourceDesc>
<listBibl>
<biblStruct>
<monogr>
<author>Lucian</author>
<title>Works</title>
<respStmt>
<resp>with an English Translation by</resp>
<name>A. M. Harmon</name>
</respStmt>
<imprint>
<pubPlace>Cambridge, MA</pubPlace>
<publisher>Harvard University Press</publisher>
<pubPlace>London</pubPlace>
<publisher>William Heinemann Ltd.</publisher>
<date>1913</date>
</imprint>
<biblScope type="volume">1</biblScope>
</monogr>
</biblStruct>
</listBibl>
</sourceDesc>
</fileDesc>
<encodingDesc>
<editorialDecl>
<correction method="silent">
<p>optical character recognition</p>
</correction>
</editorialDecl>
<refsDecl doctype="TEI.2">
<state unit="section" n="chunk"/>
</refsDecl>
</encodingDesc>
<profileDesc>
<langUsage>
<language id="greek">Greek</language>
</langUsage>
</profileDesc>
</teiHeader>
<text>
<body>
<pb id="v.1.p.412"/>
<div1 type="section" n="1">
<sp>
<speaker>Φίλων</speaker>
<p>
                   ποικίλην, ὦ Λυκῖνε, διατριβήν φασι γεγενῆσθαι ὑμῖν χθὲς ἐν Ἀρισταινέτου παρὰ τὸ δεῖπνον καί τινας λόγους φιλοσόφους εἰρῆσθαι καὶ ἔριν οὐ σμικρὰν συστῆναι ἐπʼ αὐτοῖς, εἰ δὲ μὴ ἐψεύδετο Χαρῖνος, καὶ ἄχρι τραυμάτων προχωρῆσαι τὸ πρᾶγμα καὶ τέλος αἵματι διαλυθῆναι τὴν συνουσίαν.
</p>
</sp>
<sp>
<speaker>Λυκῖνος</speaker>
<p> καὶ πόθεν, ὦ Φίλων, ἠπίστατο Χαρῖνος ταῦτα;
οὐ γὰρ συνεδείπνει μεθʼ ἡμῶν.
</p>
</sp>
<sp>
<speaker>Φίλων</speaker>
<p>
Διονίκου ἔφη τοῦ ἰατροῦ ἀκοῦσαι. Διόνικος δὲ καὶ αὐτός, οἶμαι, τῶν συνδείπνων ἦν.
</p>
</sp>
<sp>
<speaker>Λυκῖνος</speaker>
<p> καὶ μάλα· οὐ μὴν ἐξ ἀρχῆς γε οὐδʼ αὐτὸς
ἅπασι παρεγένετο, ἀλλὰ ὀψὲ μεσούσης σχεδὸν ἤδη τῆς μάχης ἐπέστη ὀλίγον πρὸ τῶν τραυμάτων.
ὥστε θαυμάζω εἴ τι σαφὲς εἰπεῖν ἐδύνατο μὴ παρακολουθήσας ἐκείνοις, ἀφʼ ὧν ἀρξαμένη ἐς τὸ
αἷμα ἐτελεύτησεν αὐτοῖς ἡ φιλονεικία.
</p>
</sp>
</div1>
<div1 type="section" n="2">
<sp>
<speaker>Φίλων</speaker>
<p> τοιγαροῦν, ὦ Λυκῖνε, καὶ ὁ Χαρῖνος αὐτός,

εἰ βουλοίμεθα τἀληθῆ ἀκοῦσαι καὶ ὅπως ἐπράχθη
ἕκαστα, παρὰ σὲ ἡμᾶς ἥκειν ἐκέλευσε. καὶ τὸν
<pb id="v.1.p.414"/> Διόνικον γὰρ αὐτὸν εἰπεῖν ὡς αὐτὸς μὲν οὐ
παραγένοιτο ἅπασι, σὲ δὲ ἀκριβῶς εἰδέναι τὰ
γεγενημένα,καὶ τοὺς λόγους αὐτοὺς ἂν ˘ ἀπομνημονεῦσαι
ἅτε μὴ παρέργως τῶν τοιούτων, ἀλλʼ ἐν σπουδῇ
ἀκροώμενον. ὥστε οὐκ ἂν φθάνοις ἑστιῶν ἡμᾶς ἡδίστην ταύτην ἑστίασιν, ἧς οὐκ οἶδα τις ˘ ἡδίων ἔμοιγε, καὶ μάλιστα ὅσῳ νήφοντες ἐν εἰρήνῃ καὶ ἀναιμωτὶ ἔξω βέλους ἑστιασόμεθα, εἴτε γέροντες
ἐπαρῴνησάν τι παρὰ τὸ δεῖπνον εἴτε νέοι, εἰπεῖν τε ὅσα ἥκιστα ἐχρῆν ὑπὸ τοῦ ἀκράτου προαχθέντες καὶ πρᾶξαι.
</p>
</sp>
</div1>
<div1 type="section" n="3">
<sp>
<speaker>Λυκῖνος</speaker>
<p> νεανικώτερα ἡμᾶς, ὦ Φίλων,

ἀξιοῖς ἐκφέρειν
ταῦτα πρὸς τοὺς πολλοὺς καὶ ἐπεξιέναι διηγουμένους πράγματα ἐν οἴνῳ καὶ μέθῃ γενόμενα, δέον λήθην ποιήσασθαι αὐτῶν καὶ νομίζειν ἐκεῖνα πάντα θεοῦ ἔργα τοῦ Διονύσου εἶναι, ὃς οὐκ οἶδα εἴ τινα τῶν αὑτοῦ ὀργίων ἀτέλεστον καὶ ἀβάκχευτον περιεῖδεν. ὅρα οὖν μὴ κακοήθων τινῶν ἀνθρώπων
ᾖ τὸ ἀκριβῶς τὰ τοιαῦτα ἐξετάζειν, ἃ καλῶς ἔχει
ἐν τῷ συμποσίῳ καταλιπόντας ἀπαλλάττεσθαι. μισῶ  γάρ, φησὶ καὶ ὁ ποιητικὸς λόγος,  μνάμονα συμπόταν.  καὶ οὐδὲ ὁ Διόνικος ὀρθῶς ἐποίησε πρὸς τὸν Χαρῖνον ταῦτα ἐξαγορεύσας καὶ πολλὴν τὴν ἑωλοκρασίαν κατασκεδάσας ἀνδρῶν φιλοσόφων. ἐγὼ δέ, ἄπαγε, οὐκ ἄν τι τοιοῦτον εἴποιμι.
</p>
</sp>
</div1>
<div1 type="section" n="4">
<sp>
<speaker>Φίλων</speaker>
<p> Θρύπτῃ ταῦτα, ὦ Λυκῖνε.
 ἀλλʼ οὔτι γε πρὸς
ἐμὲ οὕτω ποιεῖν ἐχρῆν, ὃς ἀκριβῶς πολὺ πλέον
<pb id="v.1.p.416"/>
ἐπιθυμοῦντά σε εἰπεῖν οἶδα ἢ ἐμὲ ἀκοῦσαι, καί μοι δοκεῖς, εἰ ἀπορήσειας τῶν ἀκουσομένων, κἂν
πρὸς κίονά τινα ἢ πρὸς ἀνδριάντα ἡδέως ἂν προσελθὼν ἐκχέαι πάντα συνείρων ἀμυστί. εἰ γοῦν ἐθελήσω ἀπαλλάττεσθαι νῦν, οὐκ ἐάσεις με ἀνήκοον ἀπελθεῖν, ἀλλʼ ἕξει καὶ παρακολουθήσεις καὶ δεήσει. κἀγὼ θρύψομαι πρὸς σὲ ἐν
τῷ μέρει· καὶ εἴ γε δοκεῖ, ἀπίωμεν ἄλλου αὐτὰ
πευσόμενοι,, σὺ δὲ μὴ λέγε.
</p>
</sp>
<sp>
<speaker>Λυκῖνος</speaker>
<p> μηδὲν πρὸς ὀργὴν διηγήσομαι γάρ, ἐπείπερ
οὕτως προθυμῇ, ἀλλʼ ὅπως μὴ πρὸς πολλοὺς ἐρεῖς.
</p>
</sp>
</div1>
<div1 type="section" n="5">
<sp>
<speaker>Φίλων</speaker>
<p>
εἰ μὴ παντάπασιν ἐγὼ ἐπιλέλησμαι Λυκίνου,
αὐτὸς σὺ ἄμεινον ποιήσεις αὐτὸ καὶ φθάσεις εἰπὼν ἅπασιν, ὥστε οὐδὲν ἐμοῦ δεήσει.
 ἀλλʼ
ἐκεῖνό μοι πρῶτον εἰπέ, τῷ παιδὶ τῷ Ζήνωνι ὁ Ἀρισταίνετος ἀγόμενος γυναῖκα εἱστία ὑμᾶς;
</p>
</sp>
<sp>
<speaker>Λυκῖνος</speaker>
<p>
οὔκ ἀλλὰ τὴν θυγατέρα ἐξεδίδου αὐτὸς τὴν Κλεανθίδα τῷ Εὐκρίτου τοῦ δανειστικοῦ, τῷ φιλοσοφοῦντι.
</p>
</sp>
<sp>
<speaker>Φίλων</speaker>
<p> Παγκάλῳ νὴ Δία μειρακίῳ, ἁπαλῷ γε μὴν ἔτι καὶ οὐ πάνυ καθʼ ὥραν γάμων.
</p>
</sp>
<sp>
<speaker>Λυκῖνος</speaker>
<p>
ἀλλʼ οὐκ εἶχεν ἄλλον ἐπιτηδειότερον, οἶμαι. τοῦτον οὖν κόσμιόν τε εἶναι δοκοῦντα καὶ πρὸς
<pb id="v.1.p.418"/> φιλοσοφίαν ὡρμημένον, ἔτι δὲ μόνον ὄντα πλουσίῳ
τῷ Εὐκρίτῳ, προείλετο νυμφίον ἐξ ἁπάντων.
</p>
</sp>
<sp>
<speaker>Φίλων</speaker>
<p>
οὐ μικρὰν λέγεις αἰτίαν τὸ πλουτεῖν τὸν Εὔκριτον. ἀτὰρ οὖν, ὦ Λυκῖνε, τίνες οἱ δειπνοῦντες ἦσαν;
</p>
</sp>
</div1>
<div1 type="section" n="6">
<sp>
<speaker>Λυκῖνος</speaker>
<p> τοὺς μὲν ἄλλους τί ἄν σοι λέγοιμι;

οἱ δʼ ἀπὸ φιλοσοφίας καὶ λόγων, οὕσπερ ἐθέλεις, οἶμαι, ἀκοῦσαι μάλιστα, Ζηνόθεμις ἦν ὁ πρεσβύτης ὁ ἀπὸ τῆς στοᾶς καὶ ξὺν αὐτῷ Δίφιλος ὁ
Λαβύρινθος ἐπίκλην, διδάσκαλος οὗτος ὢν τοῦ
Ἀρισταινέτου υἱέος τοῦ Ζήνωνος· τῶν δὲ ἀπὸ τοῦ περιπάτου Κλεόδημος, οἶσθα τὸν στωμύλον, τὸν ἐλεγκτικόν, Ξίφος αὐτὸν οἱ μαθηταὶ καὶ Κοπίδα καλοῦσιν. ἀλλὰ καὶ ὁ Ἐπικούρειος Ἕρμων παρῆν, καὶ εἰσελθόντα γε αὐτὸν εὐθὺς ὑπεβλέποντο οἱ Στωϊκοὶ καὶ ἀπεστρέφοντο καὶ δῆλοι ἦσαν ὥς τινα πατραλοίαν καὶ ἐναγῆ
μυσαττόμενοι. οὗτοι μὲν αὐτοῦ Ἀρισταινέτου φίλοι καὶ συνήθεις ὄντες παρεκέκληντο ἐπὶ δεῖπνον καὶ ξὺν αὐτοῖς ὁ γραμματικὸς Ἱστιαῖος καὶ ὁ ῥήτωρ Διονυσόδωρος.</p>
</sp>
</div1>
<div1 type="section" n="7">
<sp>
<p>διὰ δὲ τὸν νυμφίον τὸν Χαιρέαν
Ἴων ὁ Πλατωνικὸς συνειστιᾶτο διδάσκαλος αὐτοῦ
ὤν, σεμνός τις ἰδεῖν καὶ θεοπρεπὴς καὶ πολὺ τὸ κόσμιον ἐπιφαίνων τῷ προσώπῳ· κανόνα γοῦν οἱ πολλοὶ ὀνομάζουσιν αὐτὸν εἰς τὴν ὀρθότητα τῆς γνώμης ἀποβλέποντες. καὶ ἐπεὶ παρῆλθεν,
ὑπεξανίσταντο πάντες αὐτῷ καὶ ἐδεξιοῦντο ὥς τινα τῶν κρειττόνων, καὶ ὅλως θεοῦ ἐπιδημία τὸ πρᾶγμα ἦν Ἴων ὁ θαυμαστὸς συμπαρών.
<pb id="v.1.p.420"/>
</p>
</sp>
</div1>
<div1 type="section" n="8">
<sp>
<p>δέον δὲ ἤδη κατακλίνεσθαι ἁπάντων σχεδὸν
παρόντων, ἐν δεξιᾷ μὲν εἰσιόντων αἱ γυναῖκες ὅλον τὸν κλιντῆρα ἐκεῖνον ἐπέλαβον, οὐκ ὀλίγαι οὖσαι,
καὶ ἐν αὐταῖς ἡ νύμφη πάνυ ἀκριβῶς ἐγκεκαλυμμένη, ὑπὸ τῶν γυναικῶν περιεχομένη· ἐς δὲ τὸ
ἀντίθυρον ἡ ἄλλη πληθύς, ὡς ἕκαστος ἀξίας εἶχε.</p>
</sp>
</div1>
<div1 type="section" n="9">
<sp>
<p>κατʼ ἀντικρὺ δὲ τῶν γυναικῶν πρῶτος ὁ Εὔκριτος,
εἶτα Ἀρισταίνετος. εἶτα ἐνεδοιάζετο πότερον χρὴ
πρότερον Ζηνόθεμιν τὸν Στωϊκὸν ἅτε γέροντα
ἢ Ἕρμωνα τὸν Ἐπικούρειον, ἱερεὺς γὰρ ἦν τοῖν ἀνάκοιν καὶ γένους τοῦ πρώτου ἐν τῇ πόλει. ἀλλὰ ὁ Ζηνόθεμις ἔλυσε τὴν ἀπορίαν· εἰ γάρ με,  φησίν, ὦ
Ἀρισταίνετε, δεύτερον ἄξεις τουτουὶ τοῦ ἀνδρός, ἵνα μηδὲν ἄλλο κακὸν εἴπω, Ἐπικουρείου, ἄπειμι ὅλον σοι τὸ συμπόσιον καταλιπών  καὶ ἅμα τὸν παῖδα ἐκάλει καὶ ἐξιόντι ἐῴκει. καὶ ὁ Ἕρμων,
Ἔχε μέν, ὦ Ζηνόθεμι, τὰ πρῶτα,  ἔφη·  ἀτὰρ
εἰ καὶ μηδέν τι ἕτερον, ἱερεῖ γε ὄντι ὑπεξίστασθαι καλῶς εἶχεν, εἰ καὶ τοῦ Ἐπικούρου πάνυ
καταπεφρόνηκας. ἐγέλασα, ἦ δʼ ὃς ὁ Ζηνόθεμις, Ἐπικούρειον ἱερέα, καὶ ἅμα λέγων κατεκλίνετο
καὶ μετʼ αὐτὸν ὅμως ὁ Ἕρμων, εἶτα Κλεόδημος ὁ Περιπατητικός, εἶτα ὁ Ἴων καὶ ὑπʼ ἐκεῖνον ὁ νυμφίος, εἶτʼ ἐγὼ καὶ παρʼ ἐμὲ ὁ Δίφιλος καὶ ὑπʼ
αὐτῷ Ζήνων ὁ μαθητής, εἶτα ὁ ῥήτωρ Διονυσόδωρος καὶ ὁ γραμματικὸς Ἱστιαῖος.
<pb id="v.1.p.422"/>
</p>
</sp>
</div1>
<div1 type="section" n="10">
<sp>
<speaker>Φίλων</speaker>
<p>
βαβαί, ὦ Λυκῖνε,

μουσεῖόν τι τὸ συμπόσιον διηγῇ σοφῶν ἀνδρῶν τῶν πλείστων, καὶ ἔγωγε τὸν Ἀρισταίνετον. ἐπαινῶ, ὅτι τὴν εὐκταιοτάτην ἑορτὴν ἄγων τοὺς σοφωτάτους ἑστιᾶν πρὸ τῶν ἄλλων ἠξίωσεν, ὅ τι περ τὸ κεφάλαιον ἐξ ἑκάστης αἱρέσεως ἀπανθισάμενος, οὐχὶ τοὺς μέν, τοὺς δὲ οὔ, ἀλλὰ ἀναμὶξ ἅπαντας.
</p>
</sp>
</div1>
<div1 type="section" n="11">
<sp>
<speaker>Λυκῖνος</speaker>
<p>
ἔστι γάρ, ὦ ἑταῖρε, οὐχὶ τῶν πολλῶν τούτων πλουσίων, ἀλλὰ καὶ παιδείας μέλει αὐτῷ καὶ τὸ πλεῖστον τοῦ βίου τούτοις ξύνεστιν.
 εἱστιώμεθα οὖν ἐν ἡσυχίᾳ τὸ πρῶτον, καὶ
παρεσκεύαστο ποικίλα. πλὴν οὐδὲν οἶμαι χρὴ
καὶ ταῦτα καταριθμεῖσθαι, χυμοὺς καὶ πέμματα καὶ καρυκείας· ἅπαντα γὰρ ἄφθονα. ἐν τούτῳ δὲ
ὁ Κλεόδημος ἐπικύψας ἐς τὸν Ἴωνα, Ὁρᾷς,  ἔφη, τὸν γέροντα — Ζηνόθεμιν λέγων, ἐπήκουον γάρ —  ὅπως ἐμφορεῖται τῶν ὄψων καὶ ἀναπέπλησται ζωμοῦ τὸ ἱμάτιον καὶ ὅσα τῷ παιδὶ κατόπιν ἑστῶτι ὀρέγει λανθάνειν οἰόμενος τοὺς ἄλλους, οὐ μεμνημένος τῶν μεθʼ αὑτόν; δεῖξον οὖν καὶ Λυκίνῳ ταῦτα, ὡς μάρτυς εἴη.ʼ ἐγὼ δὲ οὐδὲν ἐδεόμην
δείξοντός μοι τοῦ Ἴωνος πολὺ πρότερον αὐτὰ ἐκ περιωπῆς ἑωρακώς.</p>
</sp>
</div1>
<div1 type="section" n="12">
<sp>
<p>ἅμα δὲ ταῦτα ὁ Κλεόδημος εἰρήκει καὶ ἐπεισέπαισεν
ὁ Κυνικὸς Ἀλκιδάμας ἄκλητος, ἐκεῖνο
τὸ κοινὸν ἐπιχαριεντισάμενος, <q direct="unspecified"> τὸν Μενέλαον
αὐτόματον ἥκοντα</q>  τοῖς μὲν οὖν πολλοῖς
<pb id="v.1.p.424"/>
ἀναίσχυντα ἐδόκει πεποιηκέναι καὶ ὑπέκρουον τὰ προχειρότατα, ὁ μὲν τὸ ἀφραίνεις Μενέλαε, ὁ δʼ
ἀλλʼ οὐκ Ἀτρεΐδῃ Ἀγαμέμνονι ἥνδανε θυμῷ, καὶ ἄλλοι ˘ ἄλλα πρὸς τὸν καιρὸν εὔστοχα καὶ χαρίεντα ὑποτονθορύζοντες· ἐς μέντοι τὸ φανερὸν
οὐδεὶς ἐτόλμα λέγειν ἐδεδοίκεσαν γὰρ τὸν Ἀλκιδάμαντα, βοὴν ἀγαθὸν ἀτεχνῶς ὄντα καὶ κρακτικώτατον κυνῶν ἁπάντων, παρʼ ὃ καὶ ἀμείνων ἐδόκει καὶ φοβερώτατος ἦν ἅπασιν.</p>
</sp>
</div1>
<div1 type="section" n="13">
<sp>
<p>ὁ δὲ Ἀρισταίνετος ἐπαινέσας αὐτὸν ἐκέλευε θρόνον τινὰ λαβόντα καθίζεσθαι παρʼ Ἱστιαῖόν
τε καὶ Διονυσόδωρον. ὁ δέ, Ἄπαγε,  φησί,  γυναικεῖον λέγεις καὶ μαλθακὸν ἐπὶ θρόνου καθίζεσθαι ἢ σκίμποδος, ὥσπερ ὑμεῖς μαλακῆς
ταύτης εὐνῆς μικροῦ δεῖν ὕπτιοι κατακείμενοι
ἑστιᾶσθε πορφυρίδας ὑποβεβλημένοι· ἐγὼ δὲ κἂν ὀρθοστάδην δειπνήσαιμι ἐμπεριπατῶν ἅμα τῷ συμποσίῳ· εἰ δὲ καὶ κάμοιμι, χαμαὶ τὸν τρίβωνα ὑποβαλόμενος ˘ κείσομαι ἐπʼ ἀγκῶνος οἷον τὸν Ἡρακλέα γράφουσιν. οὕτως,  ἔφη,  γιγνέσθω, ὁ Ἀρισταίνετος, εἴ σοι ἥδιον.  καὶ τὸ ἀπὸ τούτου
περιιὼν ἐν κύκλῳ ὁ Ἀλκιδάμας ἐδείπνει ὥσπερ οἱ Σκύθαι πρὸς τὴν ἀφθονωτέραν νομὴν
μετεξανιστάμενος καὶ τοῖς περιφέρουσι τὰ ὄψα συμπερινοστῶν.</p>
</sp>
</div1>
<div1 type="section" n="14">
<sp>
<p>καὶ μέντοι καὶ σιτούμενος ἐνεργὸς ἦν ἀρετῆς πέρι καὶ κακίας μεταξὺ διεξιὼν καὶ ἐς τὸν χρυσὸν καὶ τὸν ἄργυρον ἀποσκώπτων ἠρώτα γοῦν τὸν Ἀρισταίνετον, τί βούλονται αὐτῷ αἱ τοσαῦται καὶ
τηλικαῦται κύλικες τῶν κεραμεῶν ἴσον δυναμένων.
<pb id="v.1.p.426"/> ἀλλʼ ἐκεῖνον μὲν ἤδη διενοχλοῦντα ἔπαυσεν ἐς
τὸ παρὸν Ἀρισταίνετος τῷ παιδὶ διανεύσας ˘
εὐμεγέθη σκύφον ἀναδοῦναι αὐτῷ ζωρότερον ἐγχέαντα· καὶ ἐδόκει ἄριστα ἐπινενοηκέναι οὐκ
εἰδὼς ὅσων κακῶν ἀρχὴν ὁ σκύφος ἐκεῖνος ἐνεδεδώκει. λαβὼν δὲ ἅμα ὁ Ἀλκιδάμας ἐσίγησε
μικρὸν καὶ ἐς τοὔδαφος καταβαλὼν ἑαυτὸν ἔκειτο ἡμίγυμνος, ὥσπερ ἠπειλήκει, πήξας τὸν ἀγκῶνα ὀρθόν, ἔχων ἅμα τὸν σκύφον ἐν τῇ δεξιᾷ, οἷος
ὁ παρὰ τῷ Φόλῳ Ἡρακλῆς ὑπὸ τῶν γραφέων δείκνυται.</p>
</sp>
</div1>
<div1 type="section" n="15">
<sp>
<p>ἤδη δὲ καὶ ἐς τοὺς ἄλλους συνεχῶς περιεσοβεῖτο
ἡ κύλιξ καὶ φιλοτησίαι καὶ ὁμιλίαι καὶ
φῶτα εἰσεκεκόμιστο. ἐν τοσούτῳ δʼ ἐγὼ τὸν . παρεστῶτα τῷ Κλεοδήμῳ παῖδα οἰνοχόον ὄντα
ὡραῖον ἰδὼν ὑπομειδιῶντα — χρὴ γάρ, οἶμαι, καὶ ὅσα πάρεργα τῆς ἑστιάσεως εἰπεῖν, καὶ μάλιστα
εἴ τι πρὸς τὸ γλαφυρώτερον ἐπράχθη—μάλα ἤδη παρεφύλαττον ὅ τι καὶ μειδιάσειε. καὶ μετὰ μικρὸν ὁ μὲν προσῆλθεν ὡς ἀποληψόμενος παρὰ τοῦ Κλεοδήμου τὴν φιάλην, ὁ δὲ τόν τε δάκτυλον ἀπέθλιψεν αὐτοῦ καὶ δραχμὰς δύο, οἶμαι, συνανέδωκε μετὰ τῆς φιάλης· ὁ παῖς δὲ πρὸς μὲν τὸν δάκτυλον θλιβόμενον αὖθις ἐμειδίασεν, οὐ μὴν συνεῖδεν, οἶμαι, τὸ νόμισμα, ὥστε μὴ δεξαμένου ψόφον αἱ δύο δραχμαὶ παρέσχον ἐκπεσοῦσαι, καὶ
ἠρυθρίασαν ἄμφω μάλα σαφῶς. ἠπόρουν δὲ οἱ πλησίον οὗτινος εἴη τὰ νομίσματα, τοῦ μὲν παιδὸς ἀρνουμένου μὴ ἀποβεβληκέναι, τοῦ δὲ Κλεοδήμου, καθʼ ὃν ὁ ψόφος ἐγένετο, μὴ προσποιουμένου τὴν ἀπόρριψιν. ἠμελήθη οὖν καὶ παρώφθη τοῦτο οὐ
<pb id="v.1.p.428"/> πάνυ πολλῶν ἰδόντων πλὴν μόνου, ὡς ἐμοὶ ἔδοξε, τοῦ Ἀρισταινέτου· μετέστησε γὰρ τὸν παῖδα
μικρὸν ὕστερον ἀφανῶς ὑπεξαγαγὼν καὶ τῷ Κλεοδήμῳ τινὰ παραστῆναι διένευσε τῶν ἐξώρων ἤδη καὶ καρτερῶν, ὀρεωκόμον τινὰ ἢ ἱπποκόμον. καὶ τοῦτο μὲν ὧδέ πως ἐκεχωρήκει, μεγάλης ἂν ˘ αἰσχύνης αἴτιον τῷ Κλεοδήμῳ γενόμενον, εἰ ἔφθη
διαφοιτῆσαν εἰς ἅπαντας, ἀλλὰ μὴ κατέσβη
αὐτίκα, δεξιῶς πάνυ τοῦ Ἀρισταινέτου τὴν
παροινίαν ἐνέγκαντος.</p>
</sp>
</div1>
<div1 type="section" n="16">
<sp>
<p>ὁ Κυνικὸς δὲ Ἀλκιδάμας, ἐπεπώκει γὰρ ἤδη, πυθόμενος ἥτις ἡ γαμουμένη παῖς καλοῖτο
σιωπὴν παραγγείλας μεγάλῃ τῇ φωνῇ ἀποβλέψας
ἐς τὰς γυναῖκας, Προπίνω σοι ἔφη, ὦ Κλεανθί, Ἡρακλέους ἀρχηγέτου. ὡς δʼ ἐγέλασαν
ἐπὶ τούτῳ ἅπαντες,  Ἐγελάσατε, εἶπεν, ὦ καθάρματα, εἰ τῇ νύμφῃ προὔπιον ἐπὶ τοῦ ἡμετέρου
θεοῦ τοῦ Ἡρακλέους; καὶ μὴν εὖ εἰδέναι χ;χρὴ ὡς
ἢν μὴ λάβῃ παρʼ ἐμοῦ τὸν σκύφον, οὔποτε τοιοῦτος
ἂν υἱὸς αὐτῇ γένοιτο οἷος ἐγώ, ἄτρεπτος μὲν ἀλκήν, ἐλεύθερος δὲ τὴν γνώμην, τὸ σῶμα δὲ οὕτω
καρτερός·  καὶ ἅμα παρεγύμνου ἑαυτὸν μᾶλλον ἄχρι πρὸς τὸ αἴσχιστον. αὖθις ἐπὶ τούτοις ἐγέλασαν οἱ συμπόται, καὶ ὃς ἀγανακτήσας ἐπανίστατο δριμὺ καὶ παράφορον βλέπων καὶ δῆλος ἦν οὐκέτι εἰρήνην ἄξων. τάχα δʼ ἄν τινος
καθίκετο τῇ βακτηρίᾳ, εἰ μὴ κατὰ καιρὸν
εἰσεκεκόμιστο πλακοῦς εὐμεγέθης, πρὸς ὃν ἀποβλέψας ἡμερώτερος ἐγένετο καὶ ἔληξε τοῦ θυμοῦ καὶ
ἐνεφορεῖτο συμπεριιών.</p>
</sp>
</div1>
<div1 type="section" n="17">
<sp>
<p>καὶ οἱ πλεῖστοι ἐμέθυον
<pb id="v.1.p.430"/> ἤδη καὶ βοῆς μεστὸν ἦν τὸ συμπόσιον ὁ μὲν γὰρ Διονυσόδωρος ὁ ῥήτωρ ἀντιρρήσεις τινὰς ἐν μέρει
διεξῄει καὶ ἐπῃνεῖτο ὑπὸ τῶν κατόπιν ἐφεστώτων οἰκετῶν, ὁ δὲ Ἱστιαῖος ὁ γραμματικὸς ἐρραψῴδει
ὕστερος κατακείμενος καὶ συνέφερεν ἐς τὸ αὐτὸ
τὰ Πινδάρου καὶ Ἡσιόδου καὶ Ἀνακρέοντος, ὡς
ἐξ ἁπάντων μίαν ᾠδὴν παγγέλοιον ἀποτελεῖσθαι, μάλιστα δʼ ἐκεῖνα ὥσπερ προμαντευόμενος τὰ
μέλλοντα, <q direct="unspecified">σὺν δʼ ἔβαλον ῥινούς·</q> καὶ ἔνθα δʼ ἄρʼ οἰμωγή τε καὶ εὐχωλὴ πέλεν ἀνδρῶν.
ὁ Ζηνόθεμις δʼ ἀνεγίνωσκε παρὰ τοῦ παιδὸς λαβὼν
λεπτόγραφόν τι βιβλίον.</p>
</sp>
</div1>
<div1 type="section" n="18">
<sp>
<p>διαλιπόντων δὲ ὀλίγον, ὥσπερ εἰώθασι, τῶν
παρακομιζόντων τὰ ὄψα μηχανώμενος Ἀρισταίνετος μηδʼ ἐκεῖνον ἀτερπῆ τὸν καιρὸν εἶναι μηδὲ κενὸν ἐκέλευσε τὸν γελωτοποιὸν εἰσελθόντα εἰπεῖν
τι ἢ πρᾶξαι γελοῖον, ὡς ἔτι μᾶλλον οἱ συμπόται διαχυθεῖεν. καὶ παρῆλθεν ἄμορφός τις ἐξυρημένος τὴν κεφαλήν, ὀλίγας ἐπὶ τῇ κορυφῇ τρίχας ὀρθὰς ἔχων οὗτος ὠρχήσατό τε κατακλῶν ἑαυτὸν καὶ διαστρέφων, ὡς γελοιότερος φανείη, καὶ ἀνάπαιστα συγκροτῶν διεξῆλθεν αἰγυπτιάζων τῇ φωνῇ, καί τέλος ἐπέσκωπτεν ἐς τοὺς παρόντας.</p>
</sp>
</div1>
<div1 type="section" n="19">
<sp>
<p>οἱ μὲν οὖν ἄλλοι ἐγέλων ὁπότε σκωφθεῖεν, ἐπεὶ δὲ καὶ εἰς
<pb id="v.1.p.432"/> τὸν Ἀλκιδάμαντα ὅμοιόν τι ἀπέρριψε Μελιταῖον
κυνίδιον προσειπὼν αὐτόν, ἀγανακτήσας ἐκεῖνος — ʼ
καὶ πάλαι δὲ δῆλος ἦν φθονῶν αὐτῷ εὐδοκιμοῦντι,
καὶ κατέχοντι τὸ συμπόσιον — ἀπορρίψας τὸν τρίβωνα προὐκαλεῖτό οἱ παγκρατιάζειν, εἰ δὲ μή,
κατοίσειν αὐτοῦ ἔφη τὴν βακτηρίαν. οὕτω δὴ ὁ κακοδαίμων Σατυρίων — τοῦτο γὰρ ὁ γελωτοποιὸς ἐκαλεῖτο — συστὰς ἐπαγκρατίαζε. καὶ τὸ πρᾶγμα ὑπερήδιστον ἦν, φιλόσοφος ἀνὴρ γελωτοποιῷ
ἀνταιρόμενος καὶ παίων καὶ παιόμενος ἐν τῷ μέρει.
οἱ παρόντες δὲ οἱ μὲν ᾐδοῦντο, οἱ δὲ ἐγέλων, ἄχρι ἀπηγόρευσε παιόμενος ὁ Ἀλκιδάμας ὑπὸ συγκεκροτημένου ἀνθρωπίσκου καταγωνισθείς. γέλως
οὖν πολὺς ἐξεχύθη ἐπʼ αὐτοῖς.</p>
</sp>
</div1>
<div1 type="section" n="20">
<sp>
<p>ἐνταῦθα Διόνικος ἐπεισῆλθεν ὁ ἰατρὸς οὐ πολὺ
κατόπιν τοῦ ἀγῶνος· ἐβεβραδύκει δέ, ὡς ἔφασκε, φρενίτιδι ἑαλωκότα θεραπεύων Πολυπρέποντα τὸν αὐλητήν. καί τι καὶ γελοῖον διηγήσατο· ἔφη μὲν γὰρ εἰσελθεῖν παρʼ αὐτὸν οὐκ εἰδὼς ἐχόμενον ἤδη τῷ πάθει, τὸν δὲ ταχέως ἀναστάντα
ἐπικλεῖσαί τε τὴν θύραν καὶ ξιφίδιον σπασάμενον ἀναδόντα αὐτῷ τοὺς αὐλοὺς κελεύειν αὐλεῖν εἶτα ἐπεὶ μὴ δύναιτο, παίειν σκῦτος ἔχοντα ἐς ὑπτίας τὰς
χεῖρας. τέλος οὖν ἐν τοσούτῳ κινδύνῳ ἐπινοῆσαι τοιόνδε· ἐς ἀγῶνα γὰρ προκαλέσασθαι αὐτὸν ἐπὶ ῥητῷ πληγῶν ἀριθμῷ, καὶ πρῶτον μὲν αὐτὸς
αὐλῆσαι πονηρῶς, μετὰ δὲ παραδοὺς τοὺς αὐλοὺς ἐκείνῳ δέξασθαι παρʼ αὐτοῦ τὸ σκῦτος καὶ τὸ
<pb id="v.1.p.434"/> ξιφίδιον καὶ ἀπορρῖψαι τάχιστα διὰ τῆς φωταγωγοῦ ἐς τὸ ὕπαιθρον τῆς αὐλῆς, καὶ τὸ ἀπὸ τούτου ἀσφαλέστερος ἤδη προσπαλαίων αὐτῷ ἐπικαλεῖσθαι τοὺς γειτνιῶντας, ὑφʼ ὧν ἀνασπασάντων τὸ θύριον σωθῆναι αὐτός.˘ ἐδείκνυ δὲ καὶ σημεῖα τῶν πληγῶν καὶ ἀμυχάς τινας ἐπὶ τοῦ προσώπου. καὶ ὁ μὲν Διόνικος οὐ μεῖον εὐδοκιμήσας τοῦ γελωτοποιοῦ ἐπὶ τῇ διηγήσει πλησίον τοῦ
Ἱστιαίου παραβύσας ἑαυτὸν ἐδείπνει ὅσα λοιπά, οὐκ ἄνευ θεοῦ τινος ἡμῖν ἐπιπαρών, ἀλλὰ καὶ πάνυ χρήσιμος τοῖς μετὰ ταῦτα γεγενημένος.</p>
</sp>
</div1>
<div1 type="section" n="21">
<sp>
<p>παρελθὼν
γὰρ εἰς τὸ μέσον οἰκέτης παρʼ Ἑτοιμοκλέους τοῦ Στωϊκοῦ ἥκειν λέγων γραμματίδιον ἔχων
κελεῦσαὶ οἱ ἔφη τὸν δεσπότην ἐν τῷ κοινῷ ἀναγνόντα εἰς ἐπήκοον ἅπασιν ὀπίσω αὖθις , ἀπαλλάττεσθαι. ἐφέντος οὖν τοῦ Ἀρισταινέτου προσελθὼν πρὸς τὸν λύχνον ἀνεγίνωσκεν.
</p>
</sp>
<sp>
<speaker>Φίλων</speaker>
<p>
ἦ που, ὦ Λυκῖνε, τῆς νύμφης ἐγκώμιον ἢ ἐπιθαλάμιον, οἷα πολλὰ ποιοῦσιν;
</p>
</sp>
</div1>
<div1 type="section" n="22">
<sp>
<speaker>Λυκῖνος</speaker>
<p>
ἀμέλει καὶ ἡμεῖς τοιοῦτόν ᾠήθημεν, ἀλλʼ οὐδʼ ἐγγὺς ἦν τούτου· ἐνεγέγραπτο γάρ·
 Ἑτοιμοκλῆς φιλόσοφος Ἀρισταινέτῳ.  ὅπως μὲν. ἔχω πρὸς δεῖπνα ὁ παρεληλυθώς μοι βίος ἅπας μαρτύριον ἄν γένοιτο, ὅς γε ὁσημέραι πολλῶν ἐνοχλούντων παρὰ πολὺ σοῦ πλουσιωτέρων ὅμως οὐδὲ πώποτε φέρων ἐμαυτὸν
<pb id="v.1.p.436"/>
ἐπέδωκα εἰδὼς τοὺς ἐπὶ τοῖς συμποσίοις θορύβους καὶ παροινίας. ἐπὶ σοῦ δὲ μόνου εἰκότως
ἀγανακτῆσαί μοι δοκῶ, ὃς τοσοῦτον χρόνον ὑπʼ ἐμοῦ
λιπαρῶς τεθεραπευμένος οὐκ ἠξίωσας ἐναριθμῆσαι κἀμὲ τοῖς ἄλλοις φίλοις, ἀλλὰ μόνος ἐγώ σοι
ἄμοιρος, καὶ ταῦτα ἐν γειτόνων οἰκῶν. ἀνιῶμαι
οὖν ἐπὶ σοὶ τὸ πλέον οὕτως ἀχαρίστῳ φανέντι·
ἐμοὶ γὰρ ἡ εὐδαιμονία οὐκ ἐν ὑὸς ἀγρίου μοίρᾳ
ἢ λαγωοῦ ἢ πλακοῦντος, ἃ παρʼ ἄλλοις ἀφθόνως ἀπολαύω τὰ καθήκοντα εἰδόσιν, ἐπεὶ καὶ τήμερον παρὰ τῷ μαθητῇ Παμμένει δειπνῆσαι πολυτελές,
ὥς φασι, δεῖπνον δυνάμενος οὐκ ἐπένευσα
ἱκετεύοντι, σοὶ ὁ ἀνόητος ἐμαυτὸν φυλάττων.</p>
</sp>
</div1>
<div1 type="section" n="23">
<sp>
<p>σὺ
δὲ ἡμᾶς παραλιπὼν ἄλλους εὐωχεῖς, εἰκότως· οὔπω γὰρ δύνασαι διακρίνειν τὸ βέλτιον οὐδὲ τὴν καταληπτικὴν φαντασίαν ἔχεις. ἀλλὰ οἶδα ὅθεν μοι ταῦτα, παρὰ τῶν θαυμαστῶν σου φιλοσόφων, Ζηνοθέμιδος καὶ Λαβυρίνθου, ὧν — ἀπείη δὲ ἡ Ἀδράστεια — συλλογισμῷ ἑνὶ ἀποφράξαι ἄν μοι τάχιστα δοκῶ τὰ στόματα. ἢ εἰπάτω τις αὐτῶν,
τί ἐστὶ φιλοσοφία ; ἢ τὰ πρῶτα ταῦτα, τί διαφέρει σχέσις ἕξεως ; ἵνα μὴ τῶν ἀπόρων εἴπω τι,
κερατίναν ἢ σωρείτην ἢ θερίζοντα λόγον.
<pb id="v.1.p.438"/> Ἀλλὰ σὺ μὲν ὄναιο αὐτῶν. ἐγὼ δὲ ὡς ἂν μόνον
τὸ καλὸν ἀγαθὸν ἡγούμενος εἶναι οἴσω ῥᾳδίως τὴν ἀτιμίαν.</p>
</sp>
</div1>
<div1 type="section" n="24">
<sp>
<p>καίτοι ὅπως μὴ ἐς ἐκείνην ἔχῃς καταφεύγειν τὴν ἀπολογίαν ὕστερον, ἐπιλαθέσθαι λέγων ἐν τοσούτῳ θορύβῳ καὶ πράγματι, δίς σε τήμερον προσηγόρευσα καὶ ἕωθεν ἐπὶ τῇ οἰκίᾳ καὶ
ἐν τῷ ἀνακείῳ θύοντα ὕστερον. ταῦτα ἐγὼ τοῖς παροῦσιν ἀπολελόγημαι.</p>
</sp>
</div1>
<div1 type="section" n="25">
<sp>
<p>εἰ δὲ δείπνου ἕνεκα ὀργίζεσθαί σοι δοκῶ, τὸ κατὰ τὸν Οἰνέα ἐννόησον ὄψει γὰρ καὶ τὴν
Ἄρτεμιν ἀγανακτοῦσαν, ὅτι μόνην αὐτὴν οὐ παρέλαβεν ἐκεῖνος ἐπὶ τὴν θυσίαν τοὺς ἄλλους θεοὺς ἑστιῶν. φησὶ δὲ περὶ αὐτῶν Ὅμηρος
ὧδέ πως·
ἢ λάθετʼ ἢ οὐκ ἐνόησεν, ἀάσατο δὲ μέγα θυμῷ· καὶ Εὐριπίδης· Καλυδὼν μὲν ἥδε γαῖα, Πελοπίας χθονὸς
ἐν, ἀντιπόρθμοις, πεδίʼ ἔχουσʼ εὐδαίμονα. καὶ Σοφοκλῆς· συὸς μέγιστον χρῆμʼ ἐπʼ Οἰνέως γύαις ἀνῆκε Λητοῦς παῖς ἑκηβόλος θεά.</p>
</sp>
</div1>
<div1 type="section" n="26">
<sp>
<p>ταῦτά σοι ἀπὸ πολλῶν ὀλίγα παρεθέμην, ὅπως μάθῃς οἷον ἄνδρα παραλιπὼν Δίφιλον
ἑστιᾷς καὶ τὸν υἱὸν αὐτῷ παραδέδωκας, εἰκότως·
<pb id="v.1.p.440"/>
ἡδὺς γάρ ἐστι τῷ μειρακίῳ καὶ πρὸς χάριν αὐτῷ σύνεστιν. εἰ δὲ μὴ αἰσχρὸν ἦν ἐμὲ λέγειν τὰ τοιαῦτα, κἄν τι προσέθηκα, ὅπερ σύ, εἰ θέλεις, παρὰ Ζωπύρου τοῦ παιδαγωγοῦ ἂν μάθοις ἀληθὲς
ὄν. ἀλλʼ οὐ χρὴ ταράττειν ἐν γάμοις οὐδὲ διαβάλλειν ἄλλους, καὶ μάλιστα ἐφʼ οὕτως αἰσχραῖς αἰτίαις· καὶ γὰρ εἰ Δίφιλος ἄξιος δύο ἤδη
μαθητάς μου περισπάσας, ἀλλʼ ἔγωγε φιλοσοφίας
αὐτῆς ἕνεκεν σιωπήσομαι.</p>
</sp>
</div1>
<div1 type="section" n="27">
<sp>
<p>προσέταξα δὲ τῷ οἰκέτῃ τούτῳ, ἢν διδῷς αὐτῷ
μοῖράν τινα ἢ συὸς ἢ ἐλάφου ἢ σησαμοῦντος, ὡς ἐμοὶ διακομίσειεν καὶ ἀντὶ τοῦ δείπνου ἀπολογία γένοιτο, μὴ λαβεῖν, μὴ καὶ δόξωμεν ἐπὶ τούτῳ πεπομφέναι.</p>
</sp>
</div1>
<div1 type="section" n="28">
<sp>
<p>τούτων, ὦ ἑταῖρε, ἀναγινωσκομένων μεταξὺ
ἱδρώς τέ μοι περιεχεῖτο ὑπʼ αἰδοῦς, καὶ τοῦτο δὴ
τὸ τοῦ λόγου, χανεῖν μοι τὴν γῆν ηὐχόμην ὁρῶν
τοὺς παρόντας γελῶντας ἐφʼ ἑκάστῳ καὶ μάλιστα
ὅσοι ᾔδεσαν τὸν Ἑτοιμοκλέα, πολιὸν ἄνθρωπον καὶ σεμνὸν εἶναι δοκοῦντα. ἐθαύμαζον οὖν οἷος
ὢν διαλάθοι αὐτοὺς ἐξαπατωμένους τῷ πώγωνι καὶ τῇ τοῦ προσώπου ἐντάσει. ὁ γὰρ Ἀρισταίνετος ἐδόκει μοι οὐκ ἀμελείᾳ παριδεῖν αὐτόν, ἀλλʼ οὔποτʼ ἂν ἐλπίσας κληθέντα ἐπινεῦσαι οὐδʼ , ἂν ἐμπαρασχεῖν ἑαυτὸν τοιούτῳ τινί· ὥστε οὐδὲ τὴν·</p>
</sp>
</div1>
<div1 type="section" n="29">
<sp>
<p>ἀρχὴν;πειρᾶσθαι ἠξίου. ἐπεὶ δʼ οὖν ἐπαύσατό ποτε ὁ οἰκέτης ἀναγινώσκων, τὸ μὲν συμπόσιον
ἅπαν εἰς τοὺς ἀμφὶ τὸν Ζήνωνα καὶ Δίφιλον ἀπέβλεπε δεδοικότας καὶ ὠχριῶντας καὶ τῇ ἀπορίᾳ
<pb id="v.1.p.442"/> τῶν προσώπων ἐπαληθεύοντας τὰ ὑπὸ τοῦ Ἑτοιμοκλέους κατηγορηθέντα·,· ὁ Ἀρισταίνετος δὲ ἐτετάρακτο καὶ θορύβου μεστὸς ἦν, ἐκέλευε δʼ ὅμως πίνειν ἡμᾶς καὶ ἐπειρᾶτο εὖ διατίθεσθαι τὸ γεγονὸς ὑπομειδιῶν ἅμα, καὶ τὸν οἰκέτην ἀπέπεμψεν εἰπὼν ὅτι ἐπιμελήσεται τούτων. μετʼ ὀλίγον δὲ καὶ ὁ Ζήνων ὑπεξανέστη ἀφανῶς, τοῦ παιδαγωγοῦ νεύσαντος ἀπαλλάττεσθαι ὡς κελεύσαντος τοῦ πατρός.</p>
</sp>
</div1>
<div1 type="section" n="30">
<sp>
<p>ὁ Κλεόδημος δὲ καὶ πάλαι τινὸς ἀφορμῆς δεόμενος — ἐβούλετο γὰρ συμπλακῆναι τοῖς Στωϊκοῖς καὶ διερρήγνυτο οὐκ ἔχων ἀρχὴν εὔλογον — τότε
οὖν τὸ ἐνδόσιμον παρασχούσης τῆς ἐπιστολῆς,  <q direct="unspecified">τοιαῦτα,</q>  ἔφη, <q direct="unspecified">ἐξεργάζεται ὁ καλὸς Χρύσιππος καὶ Ζήνων ὁ θαυμαστὸς καὶ Κλεάνθης, ῥημάτια
δύστηνα καὶ ἐρωτήσεις μόνον καὶ σχήματα φιλοσόφων, τὰ δʼ ἄλλα Ἑτοιμοκλεῖς οἱ πλεῖστοι· καὶ
αἱ ἐπιστολαὶ ὁρᾶτε ὅπως πρεσβυτικαί, καὶ τὸ τελευταῖον Οἰνεὺς μὲν Ἀρισταίνετος, Ἑτοιμοκλῆς
δὲ Ἄρτεμις. Ἡράκλεις, εὔφημα πάντα καὶ ἑορτῇ
πρέποντα.</q>
</p>
</sp>
</div1>
<div1 type="section" n="31">
<sp>
<p>
<q direct="unspecified">νὴ Δίʼ,</q> εἶπεν ὁ Ἕρμων ὑπερκατακείμενος· <q direct="unspecified">ἠκηκόει γάρ, οἶμαι, ὗν τινα
ἐσκευάσθαι Ἀρισταινέτῳ ἐς τὸ δεῖπνον, ὥστε οὐκ
ἄκαιρον ἐδόκει μεμνῆσθαι τοῦ Καλυδωνίου. ἀλλὰ πρὸς τῆς Ἑστίας, ὦ Ἀρισταίνετε, πέμπε ὡς τάχιστα τῶν ἀπαρχῶν, μὴ καὶ φθάσῃ ὁ πρεσβύτης ὑπὸ λιμοῦ ὥσπερ ὁ Μελέαγρος ἀπομαρανθείς. καίτοι οὐδὲν ἂν πάθοι δεινὸν ἀδιάφορα γὰρ ὁ Χρύσιππος τὰ τοιαῦτα ἡγεῖτο.</q>
</p>
</sp>
</div1>
<div1 type="section" n="32">
<sp>
<p>
<q direct="unspecified">Χρυσίππου
<pb id="v.1.p.444"/> γὰρ μέμνησθε ὑμεῖς,  ἔφη ὁ Ζηνόθεμις ἐπεγείρας ἑαυτὸν καὶ,φθεγξάμενος παμμέγεθες, ἢ ἀφʼ ἑνὸς ἀνδρὸς οὐκ ἐννόμως φιλοσοφοῦντος Ἑτοιμοκλέους τοῦ γόητος μετρεῖτε τὸν Κλεάνθην καὶ Ζήνωνα σοφοὺς ἄνδρας; τίνες δὲ καὶ ὄντες ὑμεῖς ἐρεῖτε ταῦτα; οὐ σὺ μὲν τῶν Διοσκούρων ἤδη, ὦ Ἕρμων,
τοὺς πλοκάμους περικέκαρκας χρυσοῦς ὄντας; καὶ δώσεις δίκην παραδοθεὶς τῷ δημίῳ. σὺ δὲ τὴν
Σωστράτου γυναῖκα τοῦ μαθητοῦ ἐμοίχευες, ὦ Κλεόδημε, καὶ καταληφθεὶς τὰ αἴσχιστα ἔπαθες. οὐ σιωπήσεσθε οὖν τοιαῦτα συνεπιστάμενοι ἑαυτοῖς;</q>
<q direct="unspecified">ἀλλʼ οὐ μαστροπὸς ἐγὼ τῆς ἐμαυτοῦ γυναικός</q>
ἦ δʼ ὃς ὁ Κλεόδημος, ὥσπερ σύ, οὐδὲ τοῦ ξένου
μαθητοῦ λαβὼν τοὐφόδιον παρακαταθήκας ἔπειτα
ὤμοσα κατὰ τῆς Πολιάδος μὴ εἰληφέναι, οὐδʼ ἐπὶ τέτταρσι δραχμαῖς δανείζω, οὐδὲ ἄγχω τοὺς μαθητάς, ἢν μὴ κατὰ καιρὸν ἀποδῶσι τοὺς μισθούς.  ἀλλʼ ἐκεῖνο,  ἔφη ὁ Ζηνόθεμις, οὐκ
ἂν ἔξαρνος γένοιο μὴ οὐχὶ φάρμακον ἀποδόσθαι Κρίτωνι ἐπὶ τὸν πατέρα.</p>
</sp>
</div1>
<div1 type="section" n="33">
<sp>
<p>καὶ ἅμα, ἔτυχε γὰρ πίνων, ὁπόσον ἔτι λοιπὸν ἐν τῇ κύλικι, περὶ ἥμισυ σχεδόν, κατεσκέδασεν αὐτοῖν. ἀπέλαυσε δὲ καὶ
ὁ Ἴων τῆς γειτονήσεως, οὐκ ἀνάξιος ὤν. ὁ μὲν
οὖν Ἕρμων ἀπεξύετο ἐκ τῆς κεφαλῆς τὸν ἄκρατον
προνενευκὼς καὶ τοὺς παρόντας ἐμαρτύρετο, οἷα ἐπεπόνθει. ὁ Κλεόδημος δὲ — οὐ γὰρ εἶχε κύλικα — ἐπιστραφεὶς προσέπτυσέ τε τὸν Ζηνόθεμιν καὶ
τῇ ἀριστερᾷ τοῦ πώγωνος λαβόμενος ἔμελλε
παίσειν κατὰ κόρρης, καὶ ἀπέκτεινεν ἂν τὸν
<pb id="v.1.p.446"/>
γέροντα, εἰ μὴ Ἀρισταίνετος ἐπέσχε τὴν χεῖρα καὶ ὑπερβὰς τὸν Ζηνόθεμιν ἐς τὸ μέσον αὐτοῖν κατεκλίθη, ὡς διασταῖεν ὑπὸ διατειχίσματι αὐτῷ
εἰρήνην ἄγοντες.</p>
</sp>
</div1>
<div1 type="section" n="34">
<sp>
<p>ἐν ὅσῳ δὲ ταῦτʼ ἐγίνετο, ποικίλα, ὦ Φίλων, ἐγὼ πρὸς ἐμαυτὸν ἐνενόουν, οἷον τὸ πρόχειρον ἐκεῖνο, ὡς οὐδὲν ὄφελος ἦν ἄρα ἐπίστασθαι τὰ μαθήματα, εἰ μή τις καὶ τὸν βίον ῥυθμίζοι πρὸς
τὸ βέλτιον ἐκείνους γοῦν περιττοὺς ὄντας ἐν τοῖς
λόγοις ἑώρων γέλωτα ἐπὶ τῶν πραγμάτων ὀφλισκάνοντας. ἔπειτα εἰσῄει με, μὴ ἄρα τὸ ὑπὸ τῶν πολλῶν λεγόμενον ἀληθὲς ᾖ καὶ τὸ πεπαιδεῦσθαι ἀπάγῃ τῶν ὀρθῶν λογισμῶν τοὺς ἐς μόνα τὰ βιβλία καὶ τὰς ἐν ἐκείνοις φροντίδας ἀτενὲς
ἀφορῶντας· τοσούτων γοῦν φιλοσόφων παρόντων
οὐδὲ κατὰ τύχην ἕνα τινὰ ἔξω ἁμαρτήματος ἦν ἰδεῖν, ἀλλʼ οἱ μὲν ἐποίουν αἰσχρά, οἱ δʼ ἔλεγον αἰσχίω· οὐδὲ γὰρ ἐς τὸν οἶνον ἔτι ἀναφέρειν εἶχον
τὰ γινόμενα λογιζόμενος οἷα ὁ Ἑτοιμοκλῆς ἄσιτος ἔτι καὶ ἄποτος ἐγεγράφει.</p>
</sp>
</div1>
<div1 type="section" n="35">
<sp>
<p>ἀνέστραπτο οὖν τὸ πρᾶγμα, καὶ οἱ μὲν ἰδιῶται κοσμίως πάνυ ἑστιώμενοι οὔτε παροινοῦντες οὔτε ἀσχημονοῦντες ἐφαίνοντο, ἀλλʼ ἐγέλων μόνον καὶ κατεγίνωσκον
αὐτῶν, οἶμαι, οὕς γε ἐθαύμαζον οἰόμενοί τινας
εἶναι ἀπὸ τῶν σχημάτων, οἱ σοφοὶ δὲ ἠσέλγαινον καὶ ἐλοιδοροῦντο καὶ ὑπερενεπίμπλαντο καὶ ἐκεκράγεσαν καὶ εἰς χεῖρας ᾔεσαν. ὁ ʼ θαυμάσιος
δὲ Ἀλκιδάμας καὶ ἐούρει ἐν τῷ μέσῳ οὐκ
<pb id="v.1.p.448"/> αἰδούμενος τὰς γυναῖκας. καὶ ἐμοὶ ἐδόκει, ὡς ἂν
ἄριστά τις εἰκάσειεν, ὁμοιότατα εἶναι τὰ ἐν τῷ
συμποσίῳ οἷς περὶ τῆς Ἔριδος οἱ ποιηταὶ λέγουσιν
οὐ γὰρ κληθεῖσαν αὐτὴν ἐς τοῦ Πηλέως τὸν γάμον ῥῖψαι τὸ μῆλον εἰς τὸ σύνδειπνον, ἀφʼ οὗ τοσοῦτον πόλεμον ἐπʼ Ἰλίῳ γεγενῆσθαι. καὶ ὁ Ἑτοιμοκλῆς τοίνυν ἐδόκει μοι τὴν ἐπιστολὴν ἐμβαλὼν εἰς τὸ
μέσον ὥσπερ τι μῆλον οὐ μείω τῆς Ἰλιάδος κακὰ ἐξεργάσασθαι.</p>
</sp>
</div1>
<div1 type="section" n="36">
<sp>
<p>οὐ γὰρ ἐπαύσαντο οἱ ἀμφὶ τὸν Ζηνόθεμιν καὶ Κλεόδημον φιλονεικοῦντες, ἐπεὶ μέσος αὐτῶν ὁ
Ἀρισταίνετος ἐγένετο· ἀλλά,  <q direct="unspecified">νῦν μέν,</q>  ἔφη ὁ Κλεόδημος,  <q direct="unspecified">ἱκανόν, εἰ ἐλεγχθείητε ἀμαθεῖς ὄντες,
αὔριον δὲ ἀμυνοῦμαι ὑμᾶς ὅντινα καὶ χρὴ τρόπον·
ἀπόκριναί μοι οὖν, ὦ Ζηνόθεμι, ἢ σὺ ἢ ὁ κοσμιώτατος Δίφιλος, καθʼ ὅ τι ἀδιάφορον εἶναι λέγοντες τῶν χρημάτων τὴν κτῆσιν οὐδὲν ἀλλʼ ἢ τοῦτο
ἐξ ἁπάντων σκοπεῖτε ὡς πλείω κτήσεσθε καὶ διὰ
τοῦτο ἀμφὶ τοὺς πλουσίους ἀεὶ ἔχετε καὶ δανείζετε
καὶ τοκογλυφεῖτε καὶ ἐπὶ μισθῷ παιδεύετε, πάλιν
τε αὖ τὴν ἡδονὴν μισοῦντες καὶ τῶν Ἐπικουρείων κατηγοροῦντες αὐτοὶ τὰ αἴσχιστα ἡδονῆς ἕνεκα
ποιεῖτε καὶ πάσχετε, ἀγανακτοῦντες εἴ τις μὴ καλέσειεν ἐπὶ δεῖπνον εἰ δὲ καὶ κληθείητε τοσαῦτα,
μὲν ἐσθίοντες, τοσαῦτα δὲ τοῖς οἰκέταις ἐπιδιδόντες</q> — καὶ ἅμα λέγων τὴν ὀθόνην
περισπᾶν ἐπεχείρει, ἣν ὁ παῖς εἶχε τοῦ Ζηνοθέμιδος, μεστὴν οὖσαν παντοδαπῶν κρεῶν, καὶ ἔμελλε λύσας ἀπορρίπτειν αὐτὰ εἰς τὸ ἔδαφος, ἀλλʼ ὁ
<pb id="v.1.p.450"/>
</p>
</sp>
</div1>
<div1 type="section" n="37">
<sp>
<p>παῖς οὐκ ἀνῆκε καρτερῶς ἀντεχόμενος. καὶ ὁ
Ἕρμων, <q direct="unspecified">εὖ γε,</q>  ἔφη, <q direct="unspecified">ὦ Κλεόδημε, εἰπάτωσαν οὗτινος ἕνεκα ἡδονῆς κατηγοροῦσιν αὐτοὶ ἥδεσθαι
ὑπὲρ τοὺς ἄλλους ἀξιοῦντες.</q>
<q direct="unspecified">οὔκ, ἀλλὰ σύ,</q> ἦ δʼ ὃς ὁ Ζηνόθεμις, <q direct="unspecified">εἰπέ, ὦ Κλεόδημε, καθʼ ὅ τι
οὐκ ἀδιάφορον ἡγῇ τὸν πλοῦτον.</q>
<q direct="unspecified">οὐ μὲν οὖν, ἀλλὰ σύ.</q> καὶ ἐπὶ πολὺ τοῦτο ἦν, ἄχρι δὴ ὁ
Ἴων προκύψας ἐς τὸ ἐμφανέστερον,  <q direct="unspecified">παύσασθε,</q> ἔφη· <q direct="unspecified">ἐγὼ δέ, εἰ δοκεῖ, λόγων ἀφορμὰς ὑμῖν ἀξίων τῆς παρούσης ἑορτῆς καταθήσω ἐς τὸ μέσον ὑμεῖς δὲ ἀφιλονείκως ἐρεῖτε καὶ ἀκούσεσθε ὥσπερ
ἀμέλει καὶ παρὰ τῷ ἡμετέρῳ Πλάτωνι ἐν λόγοις
ἡ πλείστη διατριβὴ ἐγένετο.</q>  πάντες ἐπῄνεσαν οἱ παρόντες, καὶ μάλιστα οἱ ἀμφὶ τὸν Ἀρισταίνετὸν
τε καὶ Εὔκριτον, ἀπαλλάξεσθαι τῆς ἀηδίας οὕτω γοῦν ἐλπίσαντες. καὶ μετῆλθέ τε ὁ Ἀρισταίνετος ἐπὶ τὸν αὑτοῦ τόπον εἰρήνην γεγενῆσθαι ἐλπίσας,</p>
</sp>
</div1>
<div1 type="section" n="38">
<sp>
<p>καὶ ἅμα εἰσεκεκόμιστο ἡμῖν τὸ ἐντελὲς ὀνομαζόμενον δεῖπνον, μία ὄρνις ἑκάστῳ καὶ κρέας ὑὸς
καὶ λαγῷα καὶ ἰχθὺς ἐκ ταγήνου καὶ σησαμοῦντες
καὶ ὅσα ἐντραγεῖν, καὶ ἐξῆν ἀποφέρεσθαι ταῦτα. ˘
προὔκειτο·δὲ οὐχ ἓν ἑκάστῳ πινάκιον, ἀλλʼ
Ἀρισταινέτῳ μὲν καὶ Εὐκρίτῳ ἐπὶ μιᾶς τραπέζης κοινόν, καὶ τὰ παρʼ αὑτῷ ἑκάτερον ἐχρῆν λαβεῖν Ζηνοθέμιδι δὲ τῷ Στωϊκῷ καὶ Ἕρμωνι τῷ
Ἐπικουρείῳ ὁμοίως κοινὸν καὶ τούτοις· εἶτα ἑξῆς
Κλεοδήμῳ καὶ Ἴωνι, μεθʼ οὓς τῷ νυμφίῳ καὶ ˘ ἐμοί, τῷ Διφίλῳ δὲ τὰ ἀμφοῖν, ὁ γὰρ Ζήνων ʼ ἀπεληλύθει. καὶ μέμνησό μοι τούτων, ὦ Φίλων, διότι δὴ ἐστί τι ˘ ἐν αὐτοῖς χρήσιμον ἐς τὸν λόγον.
<pb id="v.1.p.452"/>
</p>
</sp>
<sp>
<speaker>Φίλων</speaker>
<p> μεμνήσομαι δή.
</p>
</sp>
</div1>
<div1 type="section" n="39">
<sp>
<speaker>Λυκῖνος</speaker>
<p>
ὁ τοίνυν Ἴων,
  
                  <q direct="unspecified">πρῶτος οὖν ἄρχομαι</q> ἔφη, <q direct="unspecified">εἰ δοκεῖ.</q>  καὶ μικρὸν ἐπισχών, <q direct="unspecified">ἐχρῆν μὲν ἴσως,  ἔφη,  τοιούτων ἀνδρῶν παρόντων περὶ ἰδεῶν
τε καὶ ἀσωμάτων εἰπεῖν καὶ ψυχῆς ἀθανασίας· ἵνα δὲ μὴ ἀντιλέγωσί μοι ὁπόσοι μὴ κατὰ ταὐτὰ
φιλοσοφοῦσι, περὶ γάμων ἐρῶ τὰ εἰκότα. τὸ μὲν οὖν ἄριστον ἦν μὴ δεῖσθαι γάμων, ἀλλὰ
- πειθομένους Πλάτωνι καὶ Σωκράτει παιδεραστεῖν μόνοι γοῦν οἱ τοιοῦτοι ἀποτελεσθεῖεν ἂν πρὸς
ἀρετήν· εἰ δὲ δεῖ καὶ γυναικείου γάμου, κατὰ τὰ
Πλάτωνι δοκοῦντα κοινὰς εἶναι ἐχρῆν ˘ τὰς γυναῖκας, ὡς ἔξω ζήλου εἴημεν.</q>
</p>
</sp>
</div1>
<div1 type="section" n="40">
<sp>
<p>γέλως ἐπὶ τούτοις ἐγένετο ὡς οὐκ ἐν καιρῷ λεγομένοις. Διονυσόδωρος δέ, <q direct="unspecified">παῦσαι,</q> ἔφη, <q direct="unspecified">βαρβαρικὰ ἡμῖν ᾅδων, ποῦ γὰρ ἂν εὑρίσκοιμεν τὸν ζῆλον ἐπὶ τούτου καὶ παρὰ τίνι;</q>
<q direct="unspecified">καὶ σὺ γὰρ φθέγγῃ, κάθαρμα;</q> εἶπεν ὁ Ἴων,˘ καὶ
Διονυσόδωρος ἀντελοιδορεῖτο τὰ εἰκότα.</p>
</sp>
</div1>
<div1 type="section" n="41">
<sp>
<p>ἀλλʼ ὁ γραμματικὸς Ἱστιαῖος ὁ βέλτιστος, <q direct="unspecified">παύσασθε,</q>  ἔφη· <q direct="unspecified">ἐγὼ γὰρ ὑμῖν ἐπιθαλάμιον ἀναγνώσομαι καὶ ἀρξάμενος ἀνεγίνωσκεν.

ἦν γὰρ ταῦτα, εἴ γε μέμνημαι, τὰ ἐλεγεῖα·
<quote rend="blockquote">
<l>ἢ οἵη ποτʼ ἄρʼ ἥγʼ Ἀρισταινέτου ἐν
μεγάροισι 
</l>
<l>δῖα Κλεανθὶς ἄνασσʼ ἐτρέφετʼ ἐνδυκέως,
<pb id="v.1.p.454"/>
</l>
<l>προὔχουσʼ ἀλλάων πασάων παρθενικάων, 
</l>
<l>κρέσσων τῆς Κυθέρης ἠδʼ ἅμα τῆς Ἑλένης. 
</l>
<l>νυμφίε, καὶ σὺ δὲ χαῖρε, κρατερῶν κράτιστε ἐφήβων,
</l>
<l>κρέσσων Νιρῆος καὶ Θέτιδος παϊδός. 
</l>
<l>ἄμμες δʼ αὖθʼ ὑμῖν τοῦτον θαλαμήϊον ὕμνον 
</l>
<l>ξυνὸν ἐπʼ ἀμφοτέροις πολλάκις ᾀσόμεθα.</l>
</quote>
</q>
</p>
</sp>
</div1>
<div1 type="section" n="42">
<sp>
<p>γέλωτος οὖν ἐπὶ τούτοις, ὡς τὸ εἰκός, γενομένου
ἀνελέσθαι ἤδη τὰ παρακείμενα ἔδει, καὶ ἀνείλοντο οἱ περὶ τὸν Ἀρισταίνετον καὶ Εὔκριτον
τὴν πρὸ αὑτοῦ ἑκάτερος κἀγὼ τἀμὰ καὶ ὁ Χαιρέας ὅσα ἐκείνῳ ἔκειτο καὶ Ἴων ὁμοίως καὶ ὁ Κλεόδημος. ὁ δὲ Δίφιλος ἠξίου καὶ τὰ τῷ Ζήνωνι δὴ
ἀπόντι παραδοθέντα φέρεσθαι καὶ ἔλεγε μόνῳ
παρατεθῆναι οἱ αὐτὰ καὶ πρὸς τοὺς διακόνους ἐμάχετο, καὶ ἀντέσπων τῆς ὄρνιθος ἐπειλημμένοι
ὥσπερ τὸν Πατρόκλου νεκρὸν ἀνθέλκοντες, καὶ τέλος ἐνικήθη καὶ ἀφῆκε πολὺν γέλωτα παρασχὼν τοῖς συμπόταις, καὶ μάλιστα ἐπεὶ
ἠγανάκτει μετὰ τοῦτο ὡς ἂν τὰ μέγιστα ἠδικημένος.</p>
</sp>
</div1>
<div1 type="section" n="43">
<sp>
<p>οἱ δʼ ἀμφὶ τὸν Ἕρμωνα καὶ Ζηνόθεμιν ἅμα κατέκειντο, ὥσπερ εἴρηται, ὁ μὲν ὑπεράνω ὁ Ζηνόθεμις, ὁ δʼ ὑπʼ αὐτόν παρέκειτο δʼ αὐτοῖς τὰ μὲν ἄλλα πάντα ἴσα, καὶ ἀνείλοντο εἰρηνικῶς·̆ ἡ
<pb id="v.1.p.456"/>
δὲ ὄρνις ἡ πρὸ τοῦ Ἕρμωνος πιμελεστέρα, οὕτως,
οἶμαι, τυχόν. ἔδει δὲ καὶ ταύτας ἀναιρεῖσθαι τὴν ἑαυτοῦ ἑκάτερον. ἐν τούτῳ τοίνυν ὁ Ζηνόθεμις  —
καί μοι, ὦ Φίλων, πάνυ πρόσεχε τὸν νοῦν, ὁμοῦ γάρ ἐσμεν ἤδη τῷ κεφαλαίῳ τῶν πραχθέντων  —
ὁ δὲ Ζηνόθεμις, φημί, τὴν παρʼ αὑτῷ ἀφεὶς τὴν πρὸ τοῦ Ἕρμωνος ἀνείλετο πιοτέραν, ὡς ἔφην,
οὖσαν ὁ δʼ ἀντεπελάβετο καὶ οὐκ εἴα πλεονεκτεῖν. βοὴ τὸ ἐπὶ τούτοις, καὶ συμπεσόντες ἔπαιον ἀλλήλους ταῖς ὄρνισιν αὐταῖς ἐς τὰ πρόσωπα, καὶ τῶν πωγώνων ἐπειλημμένοι ἐπεκαλοῦντο βοηθεῖν, ὁ . μὲν τὸν Κλεόδημον ὁ Ἕρμων, ὁ δὲ Ζηνόθεμις Ἀλκιδάμαντα καὶ Δίφιλον, καὶ συνίσταντο οἱ μὲν ὡς τοῦτον, οἱ δʼ ὡς ἐκεῖνον πλὴν μόνου τοῦ Ἴωνος·</p>
</sp>
</div1>
<div1 type="section" n="44">
<sp>
<p>ἐκεῖνος δὲ μέσον ἑαυτὸν ἐφύλαττεν.
οἱ δʼ ἐμάχοντο συμπλακέντες, καὶ ὁ μὲν Ζηνόθεμις σκύφον ἀράμενος ἀπὸ τῆς τραπέζης
κείμενον πρὸ τοῦ Ἀρισταινέτου ῥίπτει ἐπὶ τὸν
Ἕρμωνα,
κἀκείνου μὲν ἅμαρτε, παραὶ δʼ οἱ ἐτράπετʼ ἄλλῃ, διεῖλε δὲ τοῦ νυμφίου τὸ κρανίον ἐς δύο χρηστῷ μάλα καὶ βαθεῖ τῷ τραύματι. βοὴ οὖν παρὰ τῶν γυναικῶν ἐγένετο καὶ κατεπήδησαν ἐς τὸ μεταίχμιον αἱ πολλαί, καὶ μάλιστα ἡ μήτηρ τοῦ μειρακίου, ἐπεὶ τὸ αἷμα εἶδε·. καὶ ἡ νύμφη δὲ ἀνεπήδησε φοβηθεῖσα περὶ αὐτοῦ. ἐν τοσούτῳ δὲ ὁ Ἀλκιδάμας ἠρίστευσε τῷ Ζηνοθέμιδι συμμαχῶν, καὶ πατάξας τῇ βακτηρίᾳ τοῦ Κλεοδήμου μὲν τὸ κρανίον, τοῦ Ἕρμωνος δὲ τὴν σιαγόνα ἐπέτριψε καὶ τῶν οἰκετῶν ἐνίους βοηθεῖν αὐτοῖς ἐπιχειροῦντας κατέτρωσεν οὐ μὴν ἀπετράποντο ἐκεῖνοι,
<pb id="v.1.p.458"/> ἀλλʼ ὁ μὲν Κλεόδημος ὀρθῷ τῷ δακτύλῳ τὸν
ὀφθαλμὸν τοῦ Ζηνοθέμιδος ἐξώρυττε καὶ τὴν ῥῖνα προσφὺς ἀπέτραγεν, ὁ δὲ Ἕρμων τὸν Δίφιλον ἐπὶ ξυμμαχίαν ἥκοντα τοῦ Ζηνοθέμιδος ἀφῆκεν ἐπὶ κεφαλὴν ἀπὸ τοῦ κλιντῆρος.</p>
</sp>
</div1>
<div1 type="section" n="45">
<sp>
<p>ἐτρώθη δὲ καὶ
Ἱστιαῖος ὁ γραμματικὸς διαλύειν αὐτοὺς ἐπιχειρῶν, λάξ, οἶμαι, εἰς τοὺς ὀδόντας ὑπὸ τοῦ Κλεοδήμου Δίφιλον εἶναι οἰηθέντος. ἔκειτο
γοῦν ὁ ἄθλιος κατὰ τὸν αὑτοῦ Ὅμηρον <q direct="unspecified">αἷμʼ ἐμέων.</q> πλὴν ταραχῆς γε καὶ δακρύων μεστὰ
ἦν πάντα. καὶ αἱ μὲν γυναῖκες ἐκώκυον τῷ Χαιρέᾳ περιχυθεῖσαι,  <gap/>  οἱ δὲ ἄλλοι κατέπαυον. μέγιστον δὲ ἦν ἁπάντων κακῶν ὁ Ἀλκιδάμας, ἐπεὶ ἅπαξ τὸ καθʼ αὑτὸν ἐτρέψατο, παίων τὸν προστυχόντα· καὶ πολλοὶ ἄν, εὖ ἴσθι, ἔπεσον
εἰ μὴ κατέαξε τὴν βακτηρίαν. ἐγὼ δὲ παρὰ τὸν τοῖχον ὀρθὸς ἐφεστὼς ἑώρων ἕκαστα οὐκ ἀναμιγνὺς ἑαυτὸν ὑπὸ τοῦ Ἱστιαίου διδαχθείς, ὡς ἔστιν ἐπισφαλὲς διαλύειν τὰ τοιαῦτα. Λαπίθας
οὖν καὶ Κενταύρους εἶπες ἄν, εἰ εἶδες ˘ τραπέζας ἀνατρεπομένας καὶ αἷμα ἐκκεχυμένον καὶ σκύφους ῥιπτομένους.</p>
</sp>
</div1>
<div1 type="section" n="46">
<sp>
<p>τέλος δὲ ὁ Ἀλκιδάμας ἀνατρέψας τὸ λυχνίον σκότος μέγα ἐποίησε, καὶ τὸ πρᾶγμα, ὡς τὸ εἰκός,
μακρῷ χαλεπώτερον ἐγεγένητο· καὶ γὰρ οὐ ῥᾳδίως
εὐπόρησαν φωτὸς ἄλλου, ἀλλὰ πολλὰ ἐπράχθη καὶ δεινὰ ἐν τῷ σκότῳ. καὶ ἐπεὶ παρῆν τις λύχνον
<pb id="v.1.p.460"/> ποτὲ κομίζων, κατελήφθη Ἀλκιδάμας μὲν τὴν
αὐλητρίδα ἀπογυμνῶν καὶ πρὸς βίαν συνενεχθῆναι αὐτῇ σπουδάζων, Διονυσόδωρος δὲ ἄλλο τι γελοῖον ἐφωράθη πεποιηκώς· σκύφος γὰρ ἐξέπεσεν
ἐκ τοῦ κόλπου ἐξαναστάντος αὐτοῦ. εἶτʼ ἀπολογούμενος Ἴωνα ἔφη ἀνελόμενον ἐν τῇ ταραχῇ δοῦναι αὐτῷ, ὅπως μὴ ἀπόλοιτο, καὶ ὁ Ἴων κηδεμονικῶς ἔλεγε τοῦτο πεποιηκέναι,</p>
</sp>
</div1>
<div1 type="section" n="47">
<sp>
<p>ἐπὶ τούτοις διελύθη τὸ συμπόσιον τελευτῆσαν
ἐκ τῶν δακρύων αὖθις ἐς γέλωτα ἐπὶ τῷ Ἀλκιδάμαντι καὶ Διονυσοδώρῳ καὶ Ἴωνι. καὶ οἵ τε
τραυματίαι φοράδην ἐξεκομίζοντο πονηρῶς ἔχοντες, καὶ μάλιστα ὁ πρεσβύτης ὁ Ζηνόθεμις ἀμφοτέραις τῇ μὲν τῆς ῥινός, τῇ δὲ τοῦ ὀφθαλμοῦ ἐπειλημμένος, βοῶν ἀπόλλυσθαι ὑπʼ ἀλγηδόνων,
ὥστε καὶ τὸν Ἕρμωνα καίπερ ἐν κακοῖς ὄντα — δύο γὰρ ὀδόντας ἐξεκέκοπτο — ἀντιμαρτύρεσθαι λέγοντα,  Μέμνησο μέντοι, ὦ Ζηνόθεμι, ὡς οὐκ ἀδιάφορον ἡγῇ τὸν πόνον  καὶ ὁ νυμφίος δὲ
ἀκεσαμένου τὸ τραῦμα τοῦ Διονίκου ἀπήγετο ἐς τὴν οἰκίαν ταινίαις κατειλημένος τὴν κεφαλήν,
ἐπὶ τὸ ζεῦγος ἀνατεθεὶς ἐφʼ οὗ τὴν νύμφην ἀπάξειν ἔμελλε, πικροὺς ὁ ἄθλιος τοὺς γάμους ἑορτάσας· καὶ τῶν ἄλλων δὲ ὁ Διόνικος ἐπεμελεῖτο δὴ τὰ δυνατά, καὶ καθευδήσοντες ἀπήγοντο ἐμοῦντες οἱ πολλοὶ ἐν ταῖς ὁδοῖς. ὁ μέντοι Ἀλκιδάμας αὐτοῦ ἔμεινεν οὐ γὰρ ἠδυνήθησαν ἐκβαλεῖν τὸν ἄνδρα, ἐπεὶ ἅπαξ καταβαλὼν ἑαυτὸν ἐπὶ τῆς κλίνης πλαγίως ἐκάθευδε.
<pb id="v.1.p.462"/>
</p>
</sp>
</div1>
<div1 type="section" n="48">
<sp>
<p>τοῦτό σοι τέλος, ὦ καλὲ Φίλων, ἐγένετο τοῦ συμποσίου, ἢ ἄμεινον τὸ τραγικὸν ἐκεῖνο ἐπειπεῖν, <quote rend="blockquote">
<l>πολλαὶ μορφαὶ τῶν δαιμονίων, </l>
<l>πολλὰ δʼ ἀέλπτως κραίνουσι θεοί, </l>
<l>καὶ τὰ δοκηθέντʼ οὐκ ἐτελέσθη·</l>
</quote>
ἀπροσδόκητα γὰρ ὡς ἀληθῶς ἀπέβη καὶ ταῦτα.
ἐκεῖνό γε μὴν μεμάθηκα ἤδη, ὡς οὐκ ἀσφαλὲς
ἄπρακτον ὄντα συνεστιᾶσθαι τοιούτοις σοφοῖς.</p>
</sp>
</div1>
</body>
</text>
</TEI.2>
