<?xml version="1.0" encoding="UTF-8"?><TEI.2>
<teiHeader>
<fileDesc>
<titleStmt>
<title>Calumniae non temere credundum</title>
<title type="sub">Machine readable text</title>
<author n="Plut.">Lucian</author>
<editor role="editor" n="Loeb">A. M. Harmon</editor>
<sponsor>Perseus Project, Tufts University</sponsor>
<principal>Gregory Crane</principal>
<respStmt>
<resp>Prepared under the supervision of</resp>
<name>Lisa Cerrato</name>
<name>William Merrill</name>
<name>Elli Mylonas</name>
<name>David Smith</name>
</respStmt>
<funder n="org:NEH">The National Endowment for the Humanities</funder>
<funder n="org:Google">Google Digital Humanities Awards Program</funder>
</titleStmt>
<extent/>
<publicationStmt>
<publisher>Trustees of Tufts University</publisher>
<pubPlace>Medford, MA</pubPlace>
<authority>Perseus Project</authority>
</publicationStmt>
<sourceDesc>
<listBibl>
<biblStruct>
<monogr>
<author>Lucian</author>
<title>Works</title>
<respStmt>
<resp>with an English Translation by</resp>
<name>A. M. Harmon</name>
</respStmt>
<imprint>
<pubPlace>Cambridge, MA</pubPlace>
<publisher>Harvard University Press</publisher>
<pubPlace>London</pubPlace>
<publisher>William Heinemann Ltd.</publisher>
<date>1913</date>
</imprint>
<biblScope type="volume">1</biblScope>
</monogr>
</biblStruct>
</listBibl>
</sourceDesc>
</fileDesc>
<encodingDesc>
<editorialDecl>
<correction method="silent">
<p>optical character recognition</p>
</correction>
</editorialDecl>
<refsDecl doctype="TEI.2">
<state unit="section" n="chunk"/>
</refsDecl>
</encodingDesc>
<profileDesc>
<langUsage>
<language id="greek">Greek</language>
</langUsage>
</profileDesc>
</teiHeader>
<text>
<body>
<pb id="v.1.p.360"/>
<div1 type="section" n="1">
<p>

δεινόν γε ἡ ἄγνοια καὶ πολλῶν κακῶν ἀνθρώποις αἰτία, ὥσπερ ἀχλύν τινα καταχέουσα τῶν πραγμάτων καὶ τὴν ἀλήθειαν ἀμαυροῦσα καὶ τὸν ἑκάστου βίον ἐπηλυγάζουσα. ἐν σκότῳ γοῦν πλανωμένοις πάντες ἐοίκαμεν, μᾶλλον δὲ τυφλοῖς ὅμοια πέπονθαμεν, τῷ μὲν προσπταίοντες ἀλόγως,
τὸ δὲ ὑπερβαίνοντες, οὐδὲν δέον, καὶ τὸ μὲν πλησίον καὶ παρὰ πόδας οὐχ ὁρῶντες, τὸ δὲ πόρρω καὶ πάμπολυ διεστηκὸς ὡς ἐνοχλοῦν δεδιότες· καὶ ὅλως ἐφʼ ἑκάστου τῶν πραττομένων οὐ διαλείπομεν τὰ πολλὰ ὀλισθαίνοντες. τοιγάρτοι μυρίας ἤδη τοῖς τραγῳδοδιδασκάλοις ἀφορμὰς εἰς τὰ δράματα τὸ τοιοῦτο παρέσχηται, τοὺς
Λαβδακίδας καὶ τοὺς Πελοπίδας καὶ τὰ τούτοις παραπλήσια· σχεδὸν γὰρ τὰ πλεῖστα τῶν ἐν τῇ σκηνῇ ἀναβαινόντων κακῶν εὕροι τις ἂν ὑπὸ τῆς ἀγνοίας καθάπερ ὑπὸ τραγικοῦ τινος δαίμονος
κεχορηγημένα.	ʼ Λέγω δὲ καὶ ἐς τὰ ἄλλα μὲν ἀποβλέπων, μάλιστα δὲ ἐς τὰς οὐκ ἀληθεῖς κατὰ τῶν συνήθων
καὶ φίλων διαβολάς, ὑφʼ ὧν ἤδη καὶ οἶκοι ἀνάστατοι γεγόνασι καὶ πόλεις ἄρδην ἀπολώλασι,
<pb id="v.1.p.362"/>
πατέρες τε κατὰ παίδων ἐξεμάνησαν καὶ ἀδελφοὶ κατὰ τῶν ὁμογενῶν καὶ παῖδες κατὰ τῶν γειναμένων καὶ ἐρασταὶ κατὰ τῶν ἐρωμένων· πολλαὶ
δὲ καὶ φιλίαι συνεκόπησαν καὶ ὅρκοι ˘ συνεχύθησαν ὑπὸ τῆς κατὰ τὰς διαβολὰς πιθανότητος.
</p>
</div1>
<div1 type="section" n="2">
<p> ἵνʼ οὖν ὡς ἥκιστα περιπίπτωμεν αὐταῖς, ὑποδεῖξαι βούλομαι τῷ λόγῳ καθάπερ ἐπί τινος γραφῆς
ὁποῖὸν τί ἐστιν ἡ διαβολὴ καὶ πόθεν ἄρχεται καὶ
ὁποῖα ἐργάζεται. μᾶλλον δὲ Ἀπελλῆς ὁ Ἐφέσιος πάλαι ταύτην
προὔλαβε τὴν εἰκόνα· καὶ γὰρ αὖ καὶ οὗτος διαβληθεὶς πρὸς τὸν Πτολεμαῖον ὡς μετεσχηκὼς
Θεοδότᾳ τῆς συνωμοσίας ἐν Τύρῳ, — ὁ δὲ Ἀπελλῆς οὐχ ἑωράκει ποτὲ τὴν Τύρον οὐδὲ τὸν Θεοδόταν, ὅστις ἦν, ἐγίνωσκεν, ἢ καθʼ ὅσον ἤκουε Πτολεμαίου τινὰ ὕπαρχον εἶναι τὰ κατὰ τὴν Φοινίκην ἐπιτετραμμένον. ἀλλʼ ὅμως τῶν ἀντιτέχνων τις Ἀντίφιλος τοὔνομα ὑπὸ φθόνου τῆς παρὰ βασιλεῖ τιμῆς καὶ ὑπὸ τῆς κατὰ τὴν τέχνην ζηλοτυπίας κατεῖπεν αὐτὸν πρὸς τὸν ʼ Πτολεμαῖον ὡς εἴη κεκοινωνηκὼς τῶν ὅλων καὶ
ὡς θεάσαιτό τις αὐτὸν ἐν Φοινίκῃ συνεστιώμενον Θεοδότᾳ καὶ παρʼ ὅλον τὸ δεῖπνον πρὸς τὸ οὖς
αὐτῷ κοινολογούμενον, καὶ τέλος ἀπέφηνε τὴν Τύρου ἀπόστασιν καὶ Πηλουσίου κατάληψιν ἐκ τῆς Ἀπελλοῦ συμβουλῆς γεγονέναι.
</p>
</div1>
<div1 type="section" n="3">
<p>
ὁ δὲ Πτολεμαῖος ὡς ἂν καὶ τἆλλα οὐ κάρτα<!--note n="v.1.p.362.n.3" place="unspecified" anchored="yes" /--> φρενήρης τις ὤν, ἀλλʼ ἐν κολακείᾳ δεσποτικῇ
τεθραμμένος, οὕτως ἐξεκαύθη καὶ συνεταράχθη
<pb id="v.1.p.364"/> πρὸς τῆς παραδόξου ταύτης διαβολῆς, ὥστε μηδὲν τῶν εἰκότων λογισάμενος, μηδʼ ὅτι ἀντίτεχνος ἦν ὁ διαβάλλων μηδʼ ὅτι μικρότερος ἢ κατὰ τηλικαύτην προδοσίαν ζωγράφος, καὶ ταῦτα
εὖ πεπονθὼς ὑπʼ αὐτοῦ καὶ παρʼ ὁντινοῦν τῶν
ὁμοτέχνων, τετιμημένος, ἀλλʼ οὐδὲ τὸ παράπαν
εἰ ἐξέπλευσεν Ἀπελλῆς ἐς Τύρον ἐξετάσας,
εὐθὺς ἐξεμήνιεν καὶ βοῆς ἐνεπίμπλα τὰ βασίλεια τὸν ἀχάριστον κεκραγὼς καὶ τὸν ἐπίβουλον καὶ συνωμότην. καὶ εἴ γε μὴ τῶν συνειλημμένων τις ἀγανακτήσας ἐπὶ τῇ τοῦ Ἀντιφίλου
ἀναισχυντίᾳ καὶ τὸν ἄθλιον Ἀπελλῆν κατελεήσας ἔφη μηδενὸς αὐτοῖς κεκοινωνηκέναι τὸν ἄνθρωπον, ἀπετέτμητο ἂν τὴν κεφαλὴν καὶ παραπολελαύκει τῶν ἐν Τύρῳ κακῶν οὐδὲν αὐτὸς αἴτιος γεγονώς.
</p>
</div1>
<div1 type="section" n="4">
<p>
ὁ μὲν οὖν Πτολεμαῖος οὕτω λέγεται αἰσχυνθῆναι ἐπὶ τοῖς γεγονόσιν, ὥστε τὸν μὲν Ἀπελλῆν ἑκατὸν ταλάντοις ἐδωρήσατο, τὸν δὲ Ἀντίφιλον δουλεύειν αὐτῷ παρέδωκεν. ὁ δὲ Ἀπελλῆς ὧν παρεκινδύνευσε μεμνημένος τοιᾷδέ τινι εἰκόνι ἠμύνατο τὴν διαβολήν.
</p>
</div1>
<div1 type="section" n="5">
<p>
ἐν δεξιᾷ τις ἀνὴρ κάθηται
τὰ ὦτα παμμεγέθη ἔχων μικροῦ δεῖν τοῖς τοῦ Μίδου προσεοικότα, τὴν χεῖρα προτείνων πόρρωθεν ἔτι προσιούσῃ τῇ Διαβολῇ. περὶ δὲ αὐτὸν
ἑστᾶσι δύο γυναῖκες, Ἄγνοιά μοι δοκεῖ καὶ
Ὑπόληψις· ἑτέρωθεν δὲ προσέρχεται ἡ
Διαβολή, γύναιον ἐς ὑπερβολὴν πάγκαλον, ὑπόθερμον δὲ καὶ παρακεκινημένον, οἷον δὴ τὴν λύτταν καὶ τὴν ὀργὴν δεικνύουσα, τῇ μὲν
ἀριστερᾷ δᾷδα καιομένην ἔχουσα, τῇ ἑτέρᾳ δὲ νεανίαν τινὰ τῶν τριχῶν σύρουσα τὰς χεῖρας ὀρέγοντα
<pb id="v.1.p.366"/> εἰς τὸν οὐρανὸν καὶ μαρτυρόμενον τοὺς θεούς. ἡγεῖται δὲ ἀνὴρ ὠχρὸς καὶ ἄμορφος, ὀξὺ δεδορκὼς καὶ ἐοικὼς τοῖς ἐκ νόσου μακρᾶς κατεσκληκόσι. τοῦτον
οὖν εἶναι τὸν Φθόνον ἄν τις εἰκάσειε. καὶ μὴν καὶ ἄλλαι τινὲς δύο παρομαρτοῦσι
προτρέπουσαι καὶ περιστέλλουσαι καὶ κατακοσμοῦσαι τὴν Διαβολήν. ὡς δέ μοι καὶ ταύτας ἐμήνυσεν ὁ
περιηγητὴς τῆς εἰκόνος, ἡ μέν τις Ἐπιβουλὴ ˘ ἦν,
ἡ δὲ Ἀπάτη. κατόπιν δὲ ἠκολούθει πάνυ πενθικῶς τις ἐσκευασμένη, μελανείμων καὶ κατεσπαραγμένη, Μετάνοια, οἶμαι αὕτη ἐλέγετο· ἐπεστρέφετο γοῦν εἰς τοὐπίσω δακρύουσα καὶ μετʼ αἰδοῦς πάνυ τὴν Ἀλήθειαν προσιοῦσαν ὑπέβλεπεν.
οὕτως μὲν Ἀπελλῆς τὸν ἑαυτοῦ κίνδυνον ἐπὶ τῆς γραφῆς ἐμιμήσατο.
</p>
</div1>
<div1 type="section" n="6">
<p> φέρε δὲ καὶ ἡμεῖς, εἰ δοκεῖ, κατὰ τὴν τοῦ Ἐφεσίου ζωγράφου τέχνην διέλθωμεν τὰ προσόντα τῇ διαβολῇ, πρότερὸν
γε ὅρῳ τινὶ περιγράψαντες αὐτήν οὕτω γὰρ ἂν
ἡμῖν ἡ εἰκὼν γένοιτο φανερωτέρα. ἔστι τοίνυν διαβολὴ κατηγορία τις ἐξ ἐρημίας γινομένη, τὸν
κατηγορούμενον λεληθυῖα, ἐκ τοῦ μονομεροῦς
ἀναντιλέκτως πεπιστευμένη. τοιαύτη μὲν ἡ ὑπόθεσις τοῦ λόγου. τριῶν δʼ ὄντων προσώπων,
καθάπερ ἐν ταῖς κωμῳδίαις, τοῦ διαβάλλοντος
καὶ τοῦ διαβαλλομένου καὶ τοῦ πρὸς ὃν ἡ διαβολὴ
γίνεται, καθʼ ἕκαστον αὐτῶν ἐπισκοπήσωμεν οἷα εἰκὸς εἶναι τὰ γινόμενα.
</p>
</div1>
<div1 type="section" n="7">
<p> πρῶτον μὲν δή, εἰ δοκεῖ, παραγάγωμεν τὸν πρωταγωνιστὴν τοῦ δράματος, λέγω δὲ τὸν
ποιητὴν τῆς διαβολῆς. οὗτος δὲ δὴ ὡς μὲν οὐκ
<pb id="v.1.p.368"/> ἀγαθὸς ἄνθρωπός ἐστι, πᾶσιν οἶμαι γνώριμον·
οὐδεὶς γὰρ ἂν ἀγαθὸς κακῶν αἴτιος γένοιτο τῷ πλησίον, ἀλλʼ ἔστιν ἀγαθῶν ἀνδρῶν ἀφʼ ὧν εὖ ποιοῦσιν
αὐτοὶ τοὺς φίλους, οὐκ ἀφʼ ὧν τοὺς ἄλλους ἀδικοῦντες αἰτιῶνται καὶ μισεῖσθαι
παρασκευάζουσιν, εὐδοκιμεῖν δόξαν εὐνοίας προσλαβόντες.
</p>
</div1>
<div1 type="section" n="8">
<p>
ἔπειτα δὲ ὡς ἄδικος ὁ τοιοῦτος καὶ παράνομός ἐστι καὶ ἀσεβὴς καὶ τοῖς χρωμένοις ἐπιζήμιος,
ῥᾴδιον καταμαθεῖν. τίς  γὰρ οὐκ ἂν ὁμολογήσειε τὴν μὲν ἰσότητα ἐν ἅπαντι καὶ τὸ μηδὲν πλέον δικαιοσύνης ἔργα εἶναι, τὸ δὲ ἄνισόν τε καὶ πλεονεκτικὸν ἀδικίας; ὁ δὲ τῇ διαβολῇ κατὰ τῶν ἀπόντων λάθρᾳ χρώμενος πῶς οὐ πλεονέκτης ἐστὶν ὅλον τὸν ἀκροατὴν σφετεριζόμενος καὶ
προκαταλαμβάνων αὐτοῦ τὰ ὦτα καὶ ἀποφράττων
καὶ τῷ δευτέρῳ λόγῳ παντελῶς ἄβατα κατασκευάζων αὐτὰ ὑπὸ τῆς διαβολῆς
προεμπεπλησμένα; ἐσχάτης ἀδικίας τὸ τοιοῦτον, ὡς φαῖεν ἂν καὶ οἱ ἄριστοι τῶν νομοθετῶν, οἷον ὁ Σόλων καὶ ὁ Δράκων, ἔνορκον ποιησάμενοι τοῖς δικασταῖς τὸ ὁμοίως ἀμφοῖν ἀκροᾶσθαι καὶ τὸ τὴν εὔνοιαν ἴσην τοῖς κρινομένοις ἀπονέμειν, ἄχρι ἂν ὁ τοῦ δευτέρου λόγος παρατεθεὶς θατέρου χείρων ἢ ἀμείνων φανῇ·
πρὶν δέ γε ἀντεξετάσαι τὴν ἀπολογίαν τῇ
κατηγορίᾳ, παντελῶς ἀσεβῆ καὶ ἀνόσιον ἡγήσαντο
ἔσεσθαι τὴν κρίσιν. καὶ γὰρ ἂν καὶ αὐτοὺς ἀγανακτῆσαι τοὺς θεοὺς εἴποιμεν, εἰ τῷ κατηγόρῳ μετʼ ἀδείας ἃ θέλει λέγειν ἐπιτρέποιμεν, ἀποφράξαντες δὲ τῷ κατηγορουμένῳ τὰ ὦτα ἢ τῷ στόματι σιωπῶντος καταψηφιζοίμεθα τῷ προτέρῳ λόγῳ
<pb id="v.1.p.370"/> κεχειρωμένοι. ὥστε οὐ κατὰ τὸ δίκαιον καὶ τὸ νόμιμον καὶ τόν ὅρκον τόν δικαστικόν φαίη τις ἄν γίγνεσθαι τάς διαβολάς. εἰ δέ τῳ μὴ ἀξιόπιστοι δοκοῦσιν οἱ νομοθέται παραινοῦντες οὕτω δικαίας καὶ ἀμερεῖς ποιεῖσθαι τάς κρίσεις, ποιητήν μοι δοκῶ τόν ἄριστον ἐπάγειν τῷ λόγῳ εὖ μάλα περὶ τούτων ἀποφηνάμενον, μᾶλλον δὲ νομοθετήσαντα. φησὶ δέ, μήτε δίκην δικάσῃς, πρίν ἄμφω μῦθον ἀκούσῃς. ἠπίστατο γάρ, οἶμαι, καὶ οὗτος ὡς πολλῶν ὄντων
ἐν τῷ βίῳ ἀδικημάτων οὐδὲν ἄν τις εὕροι χεῖρον οὐδὲ ἀδικώτερον ἢ ἀκρίτους τινὰς καὶ ἀμοίρους λόγων καταδεδικάσθαι· ὅπερ ἐξ ἅπαντος ὁ διαβάλλων ἐπιχειρεῖ ποιεῖν ἄκριτον ὑπάγων τὸν διαβαλλόμενον τῇ τοῦ ἀκούοντος ὀργῇ καὶ τὴν ἀπολογίαν τῷ λαθραίῳ τῆς κατηγορίας
παραιρούμενος.
</p>
</div1>
<div1 type="section" n="9">
<p> καὶ γὰρ ἀπαρρησίαστος καὶ δειλὸς ἅπας ὁ τοιοῦτος ἄνθρωπος οὐδὲν ἐς τοὐμφανὲς ἄγων, ἀλλʼ
ὥσπερ οἱ λοχῶντες ἐξ ἀφανοῦς ποθεν τοξεύων, ὡς μηδὲ ἀντιτάξασθαι δυνατὸν εἶναι μηδὲ ἀνταγωνίσασθαι, ἀλλʼ ἐν ἀπορίᾳ καὶ ἀγνοίᾳ τοῦ πολέμου
διαφθείρεσθαι, ὃ μέγιστόν ἐστι σημεῖον τοῦ μηδὲν ὑγιὲς τοὺς διαβάλλοντας λέγειν. ἐπεὶ εἲ τίς  γε τἀληθῆ κατηγοροῦντι ἑαυτῷ συνεπίσταται, οὗτος,
οἶμαι, καὶ εἰς τὸ φανερὸν ἐλέγχει καὶ διευθύνει καὶ ἀντεξετάζει τῷ λόγῳ, ὥσπερ οὐδεὶς ἂν ἐκ τοῦ προφανοῦς νικᾶν δυνάμενος ἐνέδρᾳ ποτὲ καὶ ἀπάτῃ χρήσαιτο κατὰ τῶν πολεμίων.
<pb id="v.1.p.372"/>
</p>
</div1>
<div1 type="section" n="10">
<p>
ἴδοι δʼ ἄν τις τοὺς τοιούτους μάλιστα ἔν τε βασιλέων αὐλαῖς καὶ περὶ τὰς τῶν ἀρχόντων καὶ δυναστευόντων φιλίας εὐδοκιμοῦντας, ἔνθα πολὺς μὲν ὁ φθόνος, μυρίαι δὲ ὑπόνοιαι, πάμπολλαι δὲ κολακειῶν καὶ διαβολῶν ὑποθέσεις· ὅπου γὰρ ἀεὶ
μείζους ἐλπίδες, ἐνταῦθα καὶ οἱ φθόνοι χαλεπώτεροι καὶ τὰ μίση ἐπισφαλέστερα καὶ αἱ
ζηλοτυπίαι κακοτεχνέστεραι. πάντες οὖν ἀλλήλους ὀξὺ δεδόρκασι καὶ ὥσπερ οἱ μονομαχοῦντες ἐπιτηροῦσιν,
εἲ πού τι γυμνωθὲν μέρος θεάσαιντο τοῦ σώματος· καὶ πρῶτος αὐτὸς ἕκαστος εἶναι βουλόμενος
παρωθεῖται καὶ παραγκωνίζεται τὸν πλησίον καὶ τὸν πρὸ αὑτοῦ, εἰ δύναιτο, ὑποσπᾷ καὶ ὑποσκελίζει. ἔνθα ὁ μὲν χρηστὸς ἀτεχνῶς;εὐθὺς ἀνατέτραπται
καὶ παρασέσυρται καὶ τὸ τελευταῖον ἀτίμως ἐξέωσται, ὁ δὲ κολακευτικώτερος καὶ πρὸς τὰς τοιαύτας κακοηθείας πιθανώτερος εὐδοκιμεῖ· . καὶ ὅλως ὁ φθάσας κρατεῖ· τὰ γὰρ τοῦ Ὁμήρου πάνυ ἐπαληθεύουσιν, ὅτι τοι ξυνὸς Ἐνυάλιος καὶ τὸν κτανέοντα κατέκτα. τοιγαροῦν ὡς οὐ περὶ μικρῶν τοῦ ἀγῶνος ὄντος
ποικίλας κατʼ ἀλλήλων ὁδοὺς ἐπινοοῦσιν, ὧν ταχίστη καὶ ἐπισφαλεστάτη ἐστὶν ἡ τῆς διαβολῆς, τὴν μὲν ἀρχὴν ἀπὸ φθόνου· ἢ μίσους εὐέλπιδα ˘ λαμβάνουσα, οἰκτρότερα δὲ καὶ τραγικὰ ἐπάγουσα
τὰ τέλη καὶ πολλῶν συμφορῶν ἀνάπλεα.
</p>
</div1>
<div1 type="section" n="11">
<p>
οὐ μέντοι μικρὸν οὐδὲ ἁπλοῦν ἐστι τοῦτο, ὡς
ἄν τις ὑπολάβοι, ἀλλὰ πολλῆς μὲν τέχνης, οὐκ ὀλίγης δὲ ἀγχινοίας, ἀκριβοῦς δέ τινος ἐπιμελείας
<pb id="v.1.p.374"/> δεόμενον οὐ γὰρ ἂν τοσαῦτα ἔβλαπτεν ἡ διαβολή, εἰ μὴ πιθανόν τινα τρόπον ἐγίνετο· οὐδʼ ἂν κατίσχυε τὴν πάντων ἰσχυροτέραν ἀλήθειαν, εἰ
μὴ πολὺ τὸ ἐπαγωγὸν καὶ πιθανὸν καὶ μυρία ἄλλα παρεσκεύαστο κατὰ τῶν ἀκουόντων.
</p>
</div1>
<div1 type="section" n="12">
<p> διαβάλλεται μὲν οὖν ὡς τὸ πολὺ μάλιστα ὁ τιμώμενος καὶ διὰ τοῦτο τοῖς ὑπολειπομένοις
αὐτοῦ ἐπίφθονος· ἅπαντες γὰρ τῷδʼ
ἐπιτοξάζονται καθάπερ τι κώλυμα καὶ ἐμπόδιον προορώμενοι, καὶ ἕκαστος οἴεται πρῶτος αὐτὸς ἔσεσθαι τὸν
κορυφαῖον ἐκεῖνον ἐκπολιορκήσας καὶ τῆς φιλίας ἀποσκευασάμενος. οἷόν τι καὶ ἐπὶ τοῖς γυμνικοῖς ἀγῶσιν ἐπὶ τῶν δρομέων γίγνεται· κἀκεῖ γὰρ ὁ μὲν ἀγαθὸς δρομεὺς τῆς ὕσπληγγος εὐθὺς καταπεσούσης μόνον τοῦ πρόσω ἐφιέμενος καὶ τὴν διάνοιαν ἀποτείνας πρὸς τὸ τέρμα κἀν τοῖς ποσὶ
τὴν ἐλπίδα τῆς νίκης ἔχων τὸν πλησίον οὐδὲν κακουργεῖ οὐδέ τι τῶν ˘ κατὰ τοὺς ἀγωνιστὰς πολυπραγμονεῖ, ὁ δὲ κακὸς ἐκεῖνος καὶ ἄναθλος ἀνταγωνιστὴς ἀπογνοὺς τὴν ἐκ τοῦ τάχους ἐλπίδα ἐπὶ τὴν κακοτεχνίαν ἐτράπετο, καὶ τοῦτο μόνον
ἐξ ἅπαντος σκοπεῖ, ὅπως τὸν τρέχοντα ἐπισχὼν
ἢ ἐμποδίσας ἐπιστομιεῖ, ὡς, εἰ τούτου διαμάρτοι,
οὐκ ἄν ποτε νικῆσαι δυνάμενος. ὁμοίως δὲ τούτοις κἀν ταῖς φιλίαις τῶν εὐδαιμόνων τούτων γίνεται·
ὁ γὰρ προέχων αὐτίκα ἐπιβουλεύεται καὶ ἀφύλακτος ἐν μέσῳ ληφθεὶς τῶν δυσμενῶν ἀνηρπάσθη, οἱ
δὲ ἀγαπῶνται καὶ φίλοι δοκοῦσιν ἐξ ὧν ἄλλους βλάπτειν ἔδοξαν.
</p>
</div1>
<div1 type="section" n="13">
<p>
τό τε ἀξιόπιστον τῆς διαβολῆς οὐχ ὡς ἔτυχεν
<pb id="v.1.p.376"/> ἐπινοοῦσιν, ἀλλʼ ἐν τούτῳ τὸ πᾶν αὐτοῖς ἐστιν ἔργον δεδοικόσι τι προσάψαι ἀπῳδὸν ἢ καὶ ἀλλότριον. ὡς γοῦν ἐπὶ πολὺ τὰ προσόντα τῷ διαβαλλομένῳ πρὸς τὸ χεῖρον μεταβάλλοντες
οὐκ ἀπιθάνους ποιοῦνται τὰς κατηγορίας, οἷον
τὸν μὲν ἰατρὸν διαβάλλουσιν ὡς φαρμακέα, τὸν
πλούσιον δὲ ὡς τύραννον, τὸν τυραννικὸν δὲ ὡς προδοτικόν.
</p>
</div1>
<div1 type="section" n="14">
<p>
ἐνίοτε μέντοι καὶ ὁ ἀκροώμενος αὐτὸς ὑποβάλλει τῆς διαβολῆς τὰς ἀφορμάς, καὶ πρὸς τὸν ἐκείνου τρόπον οἱ κακοήθεις αὐτοὶ ἁρμοζόμενοι
εὐστοχοῦσιν. ἢν μὲν γὰρ ζηλότυπον αὐτὸν ὄντα ἴδωσι, Διένευσε, φασί, τῇ γυναικί σου παρὰ τὸ δεῖπνον καὶ ἀπιδὼν ἐς αὐτὴν ἐστέναξε, καὶ ἡ Στρατονίκη πρὸς αὐτὸν οὐ μάλα ἀηδῶς· καὶ ὅλως
ἐρωτικαί τινες καὶ μοιχικαὶ πρὸς αὐτὸν αἱ
διαβολαί. ἢν δὲ ποιητικὸς ᾖ καὶ ἐπὶ τούτῳ μέγα φρονῇ, Μὰ Δίʼ ἐχλεύασέ σου Φιλόξενος τὰ ἔπη καὶ διέσυρε καὶ ἄμετρα εἶπεν αὐτὰ καὶ
κακοσύνθετα. πρὸς δὲ τὸν εὐσεβῆ καὶ φιλόθεον
ὡς ἄθεος καὶ ἀνόσιος ὁ φίλος διαβάλλεται καὶ
ὡς τὸ θεῖον παρωθούμενος καὶ τὴν πρόνοιαν
ἀρνούμενος· ὁ δʼ ἀκούσας εὐθὺς μύωπι διὰ τοῦ ὠτὸς τυπεὶς διακέκαυται ὡς τὸ εἰκὸς καὶ
ἀπέστραπται τὸν φίλον οὐ περιμείνας τὸν ἀκριβῆ ἔλεγχον.
</p>
</div1>
<div1 type="section" n="15">
<p> ὅλως γὰρ τὰ τοιαῦτα ἐπινοοῦσι καὶ λέγουσιν, ἃ μάλιστα ἴσασιν ἐς ὀργὴν δυνάμενα
προκαλέσασθαι τὸν ἀκροώμενον, καὶ ἔνθα τρωτός ἐστιν ἕκαστος ἐπιστάμενοι, ἐπʼ ἐκεῖνο τοξεύουσι καὶ ἀκοντίζουσιν ἐς αὐτό, ὥστε τῇ παραυτίκα
ὀργῇ τεταραγμένον μηκέτι σχολὴν ἄγειν τῇ ἐξετάσει τῆς ἀληθείας, ἀλλὰ κἂν θέλῃ τις
<pb id="v.1.p.378"/> ἀπολογεῖσθαι, μὴ προσίεσθαι, τῷ παραδόξῳ τῆς ἀκροάσεως ὡς ἀληθεῖ προκατειλημμένον.
</p>
</div1>
<div1 type="section" n="16">
<p> ἀνυσιμώτατον γὰρ τὸ εἶδος τῆς διαβολῆς τὸ
ὑπεναντίον τῆς τοῦ ἀκούοντος ἐπιθυμίας, ὁπότε καὶ
παρὰ Πτολεμαίῳ τῷ Διονύσῳ ἐπικληθέντι ἐγένετό τις ὃς διέβαλλε τὸν Πλατωνικὸν Δημήτριον, ὅτι
ὕδωρ τε πίνει καὶ μόνος τῶν ἄλλων γυναικεῖα οὐκ ἐνεδύσατο ἐν τοῖς Διονυσίοις· καὶ εἴ γε μὴ κληθεὶς
ἕωθεν ἔπιέ τε πάντων ὁρώντων καὶ λαβὼν
ταραντινίδιον ἐκυμβάλισε καὶ προσωρχήσατο, ἀπολώλει
ἂν ὡς οὐχ ἡδόμενος τῷ βίῳ τοῦ βασιλέως, ἀλλʼ ἀντισοφιστὴς ὢν καὶ ἀντίτεχνος τῆς Πτολεμαίου τρυφῆς.
</p>
</div1>
<div1 type="section" n="17">
<p> παρὰ δὲ Ἀλεξάνδρῳ μεγίστη ποτὲ πασῶν ἦν διαβολή, εἰ λέγοιτο τις μὴ σέβειν μηδὲ προσκυνεῖν τὸν Ἡφαιστίωνα· ἐπεὶ γὰρ ἀπέθανεν Ἡφαιστίων, ὑπὸ τοῦ ἔρωτος Ἀλέξανδρος ἐβουλήθη προσθεῖναι
καὶ τοῦτο τῇ λοιπῇ μεγαλουργίᾳ καὶ θεὸν
χειροτονῆσαι τὸν τετελευτηκότα. εὐθὺς οὖν νεώς τε ἀνέστησαν αἱ πόλεις καὶ τεμένη καθιδρύετο καὶ βωμοὶ καὶ θυσίαι καὶ ἑορταὶ τῷ καινῷ τούτῳ θεῷ ἐπετελοῦντο, καὶ ὁ μέγιστος ὅρκος ἦν ἅπασιν Ἡφαιστίων. εἰ δέ τις ἢ μειδιάσειε πρὸς τὰ
γινόμενα ἢ μὴ φαίνοιτο πάνυ εὐσεβῶν, θάνατος ἐπέκειτο ἡ ζημία. ὑπολαμβάνοντες δὲ οἱ κόλακες τὴν μειρακιώδη ταύτην τοῦ Ἀλεξάνδρου ἐπιθυμίαν προσεξέκαιον εὐθὺς καὶ ἀνεζωπύρουν ὀνείρατα διηγούμενοι τοῦ Ἡφαιστίωνος, ἐπιφανείας τινὰς καὶ ἰάματα προσάπτοντες αὐτῷ καὶ μαντείας
<pb id="v.1.p.380"/>
ἐπιφημίζοντες· καί τέλος ἔθυον παρέδρῳ καὶ ἀλεξικάκῳ θεῷ. ὁ δὲ Ἀλέξανδρος ἥδετό τε ἀκούων καὶ τᾶ τελευταῖα ἐπίστευε καὶ μέγα ἐφρόνει
ὡσανεὶ οὐ θεοῦ παῖς ὢν μόνον, ἀλλὰ καὶ θεοὺς
ποιεῖν δυνάμενος. πόσους τοίνυν οἰώμεθα τῶν Ἀλεξάνδρου φίλων παρὰ τὸν καιρὸν ἐκεῖνον ἀπολαῦσαι τῆς Ἡφαιστίωνος θειότητος, διαβληθέντας
ὡς οὐ τιμῶσι τὸν κοινὸν ἀπάντων θεόν, καὶ διὰ τοῦτο ἐξελαθέντας καὶ τῆς τοῦ βασιλέως εὐνοίας ἐκπεσόντας;
</p>
</div1>
<div1 type="section" n="18">
<p> τότε καὶ Ἀγαθοκλῆς ὁ Σάμιος ταξιαρχῶν παρʼ Ἀλεξάνδρῳ καὶ τιμώμενος παρʼ
αὐτοῦ μικροῦ δεῖν συγκαθείρχθη λέοντι διαβληθεὶς ὅτι δακρύσειε παριὼν τὸν Ἡφαιστίωνος τάφον. ἀλλʼ ἐκείνῳ μὲν βοηθῆσαι λέγεται Περδίκκας ἐπομοσάμενος κατὰ πάντων θεῶν καὶ κατὰ Ἡφαιστίωνος, ὅτι δὴ κυνηγετοῦντὶ οἱ φανέντα ἐναργῆ τὸν θεὸν ἐπισκῆψαι εἰπεῖν Ἀλεξάνδρῳ φείσασθαι Ἀγαθοκλέους· οὐ γὰρ ὡς ἀπιστοῦντα
οὐδὲ ὡς ἐπὶ νεκρῷ δακρῦσαι, ἀλλὰ τῆς πάλαι συνηθείας μνημονεύσαντα.
</p>
</div1>
<div1 type="section" n="19">
<p> ἡ δʼ"οὖν κολακεία καὶ ἡ διαβολὴ τότε μάλιστα
χώραν ἔσχε πρὸς τὸ Ἀλεξάνδρου πάθος συντιθεμένη· καθάπερ γὰρ ἐν πολιορκίᾳ οὐκ ἐπὶ τὰ ὑψηλὰ καὶ ἀπόκρημνα καὶ ἀσφαλῆ τοῦ τείχους
προσίασιν οἱ πολέμιοι, ἀλλʼ ᾗ ἂν ἀφύλακτόν τι μέρος ἢ σαθρὸν αἴσθωνται ἢ ταπεινόν, ἐπὶ τοῦτο
πάσῃ] δυνάμει χωροῦσιν ὡς ῥᾷστα παρεισδῦναι καὶ ἑλεῖν δυνάμενοι, οὕτω καὶ οἱ διαβάλλοντες ὃ
τι ἂν ἀσθενὲς ἴδωσι τῆς ψυχῆς καὶ ὑπόσαθρον καὶ
εὐεπίβατον, τούτῳ προσβάλλουσι καὶ προσάγουσι
<pb id="v.1.p.382"/> τὰς μηχανάς, καὶ τέλος ἐκπολιορκοῦσι μηδενὸς ἀντιταττομένου μηδὲ τὴν ἔφοδον αἰσθομένου. εἶτʼ ἐπειδὰν ἐντὸς ἅπαξ τῶν τειχῶν γένωνται, πυρπολοῦσι πάντα καὶ παίουσι καὶ σφάττουσι καὶ
ἐξελαύνουσιν, οἷα εἰκὸς ἁλισκομένης ψυχῆς καὶ
ἐξηνδραποδισμένης ἔργα εἶναι.
</p>
</div1>
<div1 type="section" n="20">
<p> μηχανήματα δʼ αὐτοῖς κατὰ τοῦ ἀκούοντος ἥ
τε ἀπάτη καὶ τὸ ψεῦδος καὶ ἡ ἐπιορκία καὶ προσλιπάρησις καὶ ἀναισχυντία καὶ ἄλλα μυρία
ῥᾳδιουργήματα. ἡ δὲ δὴ μεγίστη πασῶν ἡ κολακεία ἐστί, συγγενής, μᾶλλον δὲ ἀδελφή τις οὖσα τῆς διαβολῆς. οὐδεὶς γοῦν οὕτω γεννάδας ἐστὶ καὶ ἀδαμάντινον τεῖχος τῆς ψυχῆς προβεβλημένος, ὃς
οὐκ ἂν ἐνδοίη πρὸς τὰς τῆς κολακείας προσβολάς,
καὶ ταῦτα ὑπορυττούσης καὶ τοὺς θεμελίους
ὑφαιρούσης τῆς διαβολῆς.
</p>
</div1>
<div1 type="section" n="21">
<p> καὶ τὰ μὲν ἐκτὸς ταῦτα. ἔνδοθεν δὲ πολλαὶ προδοσίαι συναγωνίζονται τὰς χεῖρας ὀρέγουσαι καὶ τὰς πύλας ἀναπετῶσαι καὶ πάντα τρόπον τῇ ἁλώσει τοῦ ἀκούοντος συμπροθυμούμεναι. πρῶτον μὲν τὸ
φιλόκαινον, ὃ φύσει πᾶσιν ἀνθρώποις ὑπάρχει, καὶ τὸ
ἁψίκορον, ἔπειτα δὲ τὸ πρὸς τὰ παράδοξα τῶν ἀκουσμάτων ἑπόμενον.˘ οὐ γὰρ οἶδʼ ὅπως ἡδόμεθα πάντες λαθρηδὰ καὶ πρὸς τὸ οὖς λεγόμενα καὶ μεστὰ ὑπονοίας ἀκούοντες·̆ οἶδα γοῦν τινας οὕτως ἡδέως γαργαλιζομένους τὰ ὦτα ὑπὸ τῶν διαβολῶν
ὥσπερ τοὺς πτεροῖς κνωμένους.
<pb id="v.1.p.384"/>
</p>
</div1>
<div1 type="section" n="22">
<p>
ἐπειδὰν τοίνυν ὑπὸ τούτων ἁπάντων συμμαχούμενοι προσπέσωσι, κατὰ κράτος αἱροῦσιν,
οἶμαι, καὶ οὐδὲ δυσχερὴς ἡ νίκη γένοιτʼ ἂν μηδενὸς ἀντιπαραταττομένου μηδὲ ἀμυνομένου τὰς προσβολάς, ἀλλὰ τοῦ μὲν ἀκούοντος ἑκόντος ἑαυτὸν
ἐνδιδόντος, τοῦ διαβαλλομένου δὲ τὴν ἐπιβουλὴν ἀγνοοῦντος· ὥσπερ γὰρ ἐν νυκτὶ πόλεως ἁλούσης καθεύδοντες οἱ διαβαλλόμενοι φονεύονται.
</p>
</div1>
<div1 type="section" n="23">
<p> καὶ τὸ πάντων οἴκτιστον, ὁ μὲν οὐκ εἰδὼς τὰ γεγενημένα προσέρχεται τῷ φίλῳ φαιδρὸς ἅτε μηδὲν ἑαυτῷ φαῦλον συνεπιστάμενος καὶ τὰ συνήθη λέγει καὶ ποιεῖ, παντὶ τρόπῳ ὁ ἄθλιος ἐνηδρευμένος· ὁ δʼ ἢν μὲν ἔχῃ τι γενναῖον καὶ ἐλεύθερον καὶ παρρησιαστικόν, εὐθὺς ἐξέρρηξε τὴν
ὀργὴν καὶ τὸν θυμὸν ἐξέχεε, καὶ τέλος τὴν ἀπολογίαν προσιέμενος ἔγνω μάτην κατὰ τοῦ φίλου
παρωξυμμένος.
</p>
</div1>
<div1 type="section" n="24">
<p> ἢν δὲ ἀγεννέστερος καὶ ταπεινότερος, προσίεται μὲν καὶ προσμειδιᾷ τοῖς χείλεσιν ἄκροις, μισεῖ δὲ καὶ λάθρᾳ τοὺς ὀδόντας διαπρίει καί, ὡς ὁ ποιητής φησι, βυσσοδομεύει τὴν. ὀργήν. οὗ δὴ ἐγὼ οὐδὲν οἶμαι ἀδικώτερον οὐδὲ δουλοπρεπέστερον, ἐνδακόντα τὸ χεῖλος ὑποτρέφειν τὴν χολὴν καὶ τὸ μῖσος ἐν αὑτῷ κατάκλειστον αὔξειν
ἕτερα μὲν κεύθοντα ἐνὶ φρεσίν, ἄλλα δὲ λέγοντα καὶ ὑποκρινόμενον ἱλαρῷ καὶ κωμικῷ τῷ προσώπῳ μάλα περιπαθῆ τινα καὶ ἰοῦ γέμουσαν τραγῳδίαν. μάλιστα δὲ τοῦτο πάσχουσιν, ἐπειδὰν πάλαι φίλος ὁ ἐνδιαβάλλων δοκῶν εἶναι τῷ ἐνδιαβαλλομένῳ ποιῆται ὅμως· τότε γὰρ οὐδὲ φωνὴν
<pb id="v.1.p.386"/> ἀκούειν ἔτι θέλουσι τῶν διαβαλλομένων ἢ τῶν ἀπολογουμένων, τὸ ἀξιόπιστον τῆς κατηγορίας
ἐκ τῆς πάλαι δοκούσης φιλίας προειληφότες,
οὐδὲ τοῦτο λογιζόμενοι, ὅτι πολλαὶ πολλάκις ἐν τοῖς φιλτάτοις μίσους παραπίπτουσιν αἰτίαι τοὺς ἄλλους λανθάνουσαι· καὶ ἐνίοτε οἷς αὐτός τις
ἔνοχός ἐστι, ταυτὶ φθάσας κατηγόρησε. τοῦ πλησίον ἐκφυγεῖν οὕτω πειρώμενος τὴν διαβολήν. καὶ ὅλως ἐχθρὸν μὲν οὐδεὶς ἂν τολμήσειε διαβαλεῖν ἄπιστος γὰρ αὐτόθι ἡ κατηγορία πρόδηλον ἔχουσα τὴν αἰτίαν τοῖς δοκοῦσι δὲ μάλιστα φίλοις ἐπιχειροῦσι τὴν πρὸς τοὺς ἀκούοντας εὔνοιαν ἐμφῆναι προαιρούμενοι, ὅτι ἐπὶ τῷ ἐκείνων συμφέροντι οὐδὲ τῶν οἰκειοτάτων ἀπέσχοντο.
</p>
</div1>
<div1 type="section" n="25">
<p> εἰσὶ δέ τινες οἳ κἂν μάθωσιν ὕστερον ἀδίκως διαβεβλημένους παρʼ αὐτοῖς τοὺς φίλους,· ὅμως
ὑπʼ αἰσχύνης ὧν ἐπίστευσαν οὐδʼ ἔτι προσίεσθαι
οὐδὲ προσβλέπειν τολμῶσιν αὐτοῖς ὥσπερ ἠδικημένοι, ὅτι μηδὲν ἀδικοῦντας ἐπέγνωσαν.
</p>
</div1>
<div1 type="section" n="26">
<p>
τοιγαροῦν πολλῶν κακῶν ὁ βίος ἐπλήσθη ὑπὸ τῶν οὕτω ῥᾳδίως καὶ ἀνεξετάστως πεπιστευμένων διαβολῶν. ἡ μὲν γὰρ Ἄντεια τεθναίης φησίν, ὦ Προῖτʼ, ἢ κάκτανε
Βελλεροφόντην
ὃς μʼ ἔθελεν φιλότητι μιγήμεναι οὐκ ἐθελούσῃ
αὐτὴ προτέρα ἐπιχειρήσασα καὶ ὑπεροφθεῖσα.
<pb id="v.1.p.388"/>
καὶ μικροῦ ὁ νεανίας ἐν τῇ πρὸς τὴν Χίμαιραν συμπλοκῇ διεφθάρη ἐπιτίμιον σωφροσύνης ὑποσχὼν καὶ τῆς πρὸς τὸν ξένον αἰδοῦς ὑπὸ μάχλου γυναικὸς ἐπιβεβουλευμένος. ἡ δὲ Φαίδρα, κἀκείνη
τὰ ὅμοια κατειποῦσα τοῦ προγόνου, ἐπάρατον ἐποίησε τὸν Ἱππόλυτον γενέσθαι ὑπὸ τοῦ πατρὸς
οὐδέν, ὦ θεοί, οὐδὲν ἀνόσιον εἰργασμένον.
</p>
</div1>
<div1 type="section" n="27">
<p> ναί, φήσει. τις· ἀλλʼ ἀξιόπιστός ἐστιν ἐνίοτε
ὁ διαβάλλων ἀνὴρ τά τε ἄλλα δίκαιος καὶ συνετὸς
εἶναι δοκῶν, καὶ ἐχρῆν προσέχειν αὐτῷ ἅτε μηδὲν
ἂν τοιοῦτο κακουργήσαντι. ἆρʼ οὖν τοῦ Ἀριστείδου ἔστι τις δικαιότερος; ἀλλʼ ὅμως κἀκεῖνος συνέστη ἐπὶ τὸν Θεμιστοκλέα καὶ συμπαρώξυνε τὸν δῆμον, ἧς, φασίν, ἐκεῖνος πολιτικῆς φιλοτιμίας ὑποκεκνισμένος.˘ δίκαιος μὲν γὰρ ὡς πρὸς τοὺς ἄλλους Ἀριστείδης, ἄνθρωπος δὲ καὶ αὐτὸς ἦν καὶ χολὴν εἶχε, καὶ ἠγάπα τινὰ καὶ ἐμίσει.
</p>
</div1>
<div1 type="section" n="28">
<p> καὶ εἴ γε
ἀληθής ἐστιν ὁ περὶ τοῦ Παλαμήδους λόγος, ὁ
συνετώτατος τῶν Ἀχαιῶν κἀν τοῖς ἄλλοις ἄριστος τὴν ἐπιβουλὴν καὶ ἐνέδραν ὑπὸ φθόνου φαίνεται συντεθεικὼς κατὰ ἀνδρὸς ὁμαίμου καὶ φίλου καὶ ἐπὶ τὸν αὐτὸν κίνδυνον ἐκπεπλευκότος· οὕτως ἔμφυτον ἅπασιν ἀνθρώποις ἡ περὶ τὰ τοιαῦτα ἁμαρτία.
</p>
</div1>
<div1 type="section" n="29">
<p>
τί γὰρ ἄν τις ἢ τὸν Σωκράτην λέγοι τὸν ἀδίκως πρὸς τοὺς Ἀθηναίους διαβεβλημένον ὡς ἀσεβῆ
<pb id="v.1.p.390"/> καὶ ἐπίβουλον; ἢ τὸν Θεμιστοκλέα ἢ τὸν Μιλτιάδην, τοὺς μετὰ τηλικαύτας νίκας ἐπὶ προδοσίᾳ τῆς
Ἑλλάδος ὑπόπτους γενομένους; μυρία γὰρ τὰ
παραδείγματα καὶ σχεδὸν τὰ πλεῖστα ἤδη γνώριμα.
</p>
</div1>
<div1 type="section" n="30">
<p>
τί  οὖν χρὴ καὶ ποιεῖν τόν γε νοῦν ἔχοντα
ἢ ἀρετῆς ἢ ἀληθείας ἀμφισβητοῦντα; ὅπερ,
οἶμαι, καὶ Ὅμηρος ἐν τῷ περὶ Σειρήνων μύθῳ
ᾐνίξατο παραπλεῖν κελεύσας τὰς ὀλεθρίους ταύτας τῶν ἀκουσμάτων ἡδονὰς καὶ ἀποφράττειν
τὰ ὦτα καὶ μὴ ἀνέδην αὐτὰ ἀναπεταννύειν τοῖς πάθει προειλημμένοις, ἀλλʼ ἐπιστήσαντα ἀκριβῆ θυρωρὸν τὸν λογισμὸν ἅπασι τοῖς λεγομένοις τὰ μὲν ἄξια προσίεσθαι καὶ παραβάλλεσθαι, τὰ φαῦλα δʼ ἀποκλείειν καὶ ἀπωθεῖν· καὶ γὰρ ἂν εἴη γελοῖον τῆς μὲν οἰκίας θυρωροὺς καθιστάναι, τὰ
ὦτα δὲ καὶ τὴν διάνοιαν ἀνεῳγμένα ἐᾶν.
</p>
</div1>
<div1 type="section" n="31">
<p> ἐπειδὰν τοίνυν τοιαῦτα προσίῃ τις λέγων, αὐτὸ ἐφʼ ἑαυτοῦ χρὴ τὸ πρᾶγμα ἐξετάζειν, μήτε ἡλικίαν τοῦ λέγοντος
ὁρῶντα μήτε τὸν ἄλλον βίον μήτε τὴν ἐν τοῖς λόγοις
ἀγχίνοιαν. ὅσῳ γάρ τις πιθανώτερος, τοσούτῳ ἐπιμελεστέρας δεῖται τῆς ἐξετάσεως. οὐ δεῖ τοίνυν πιστεύειν ἀλλοτρίᾳ κρίσει, μᾶλλον δὲ μίσει τοῦ κατηγοροῦντος, ἀλλʼ ἑαυτῷ τὴν ἐξέτασιν φυλακτέον τῆς ἀληθείας, ἀποδόντα καὶ τῷ διαβάλλοντι τὸν φθόνον καὶ ἐν φανερῷ ποιησάμενον τὸν ἔλεγχον τῆς ἑκατέρου διανοίας, καὶ μισεῖν οὕτω καὶ ἀγαπᾶν τὸν δεδοκιμασμένον. πρὶν δὲ τοῦτο ποιῆσαι ἐκ τῆς πρώτης διαβολῆς κεκινημένον, Ἡράκλεις, ὡς
<pb id="v.1.p.392"/> μειρακιῶδες καὶ ταπεινὸν καὶ πάντων οὐχ ἥκιστα ἄδικον. ἀλλὰ τούτων ἁπάντων αἴτιον, ὅπερ ἐν ἀρχῇ ἔφημεν, ἡ ἄγνοια καὶ τὸ ἐν σκότῳ που εἶναι τὸν ἑκάστου τρόπον ὡς εἴ γε θεῶν τις ἀποκαλύψειεν ἡμῶν τοὺς βίους, οἴχοιτο ἂν φεύγουσα ἐς τὸ βάραθρον ἡ διαβολὴ χώραν οὐκ ἔχουσα, ὡς ἂν πεφωτισμένων τῶν πραγμάτων ὑπὸ τῆς ἀληθείας.</p>
</div1>
</body>
</text>
</TEI.2>
