<?xml version="1.0" encoding="UTF-8"?> 
<?xml-model href="http://www.stoa.org/epidoc/schema/latest/tei-epidoc.rng" schematypens="http://relaxng.org/ns/structure/1.0"?> 
<TEI xmlns="http://www.tei-c.org/ns/1.0">
  <teiHeader>
    <fileDesc>
      <titleStmt>
        <title>Against Ergocles</title>
        <author>Lysias</author>
        <sponsor>Perseus Project, Tufts University</sponsor>
        <principal>Gregory Crane</principal>
        <respStmt>
          <resp>Prepared under the supervision of</resp>
          <name>Lisa Cerrato</name>
          <name>William Merrill</name>
          <name>Elli Mylonas</name>
          <name>David Smith</name>
        </respStmt>
        <funder n="org:AnnCPB">The Annenberg CPB/Project</funder>

      </titleStmt>
      <publicationStmt>
        <publisher>Trustees of Tufts University</publisher>
        <pubPlace>Medford, MA</pubPlace>
        <authority>Perseus Project</authority>
      </publicationStmt>


      <sourceDesc>
        <biblStruct>
          <monogr>
            <author>Lysias</author>
            <title>Lysias with an English translation by W.R.M. Lamb, M.A.</title>

            <imprint>
              <publisher>Cambridge, MA, Harvard University Press; London, William Heinemann
                Ltd.</publisher>
              <date>1930</date>
            </imprint>
          </monogr>
        </biblStruct>
      </sourceDesc>

    </fileDesc>
    <encodingDesc>
      <refsDecl n="CTS">
      <cRefPattern replacementPattern="#xpath(/tei:TEI/tei:text/tei:body/tei:div/tei:div[@n='$1'])" matchPattern="(\w+)">
        <p>This pointer pattern extracts section</p>
      </cRefPattern>
    </refsDecl>
      <!--<refsDecl>
        <refState unit="speech"/>
        <refState unit="section"/>
      </refsDecl>-->
    </encodingDesc>
    <profileDesc>
      <langUsage>
        <language ident="grc">Greek</language>
        <language ident="eng">English</language>
      </langUsage>
    </profileDesc>
    <revisionDesc>
      <change when="2017-05-03" who="Lisa Cerrato">EpiDoc and CTS conversion</change>
      <change when="2014-08-01" who="Stella Dee">edited markup</change>
      <change when="2014-07-01" who="Stella Dee">split composite text and converted to unicode</change>
      <change when="1992-10-01" who="das">changed the TITLE to HEAD tags; combined the two Lysias files</change>
      <change when="1992-07-01" who="das">fixed typos and incorrect section breaks</change>
      <change when="1992-06-01" who="wmerrill">checkmark</change>
      <change when="1992-02-01" who="wmerrill">revise markup</change>
    </revisionDesc>
  </teiHeader>
  
  <text xml:lang="grc">
    <body>
      <div type="edition" n="urn:cts:greekLit:tlg0540.tlg028.perseus-grc2" xml:lang="grc">
        

<div type="textpart" subtype="section" n="1"><p>
<milestone unit="para" ed="P"/>τὰ μὲν κατηγορημένα οὕτως ἐστὶ πολλὰ καὶ δεινά, ὦ ἄνδρες Ἀθηναῖοι, ὥστε οὐκ ἄν μοι δοκεῖ δύνασθαι Ἐργοκλῆς ὑπὲρ ἑνὸς ἑκάστου τῶν πεπραγμένων αὐτῷ πολλάκις ἀποθανὼν δοῦναι δίκην ἀξίαν τῷ ὑμετέρῳ πλήθει. καὶ γὰρ πόλεις προδεδωκὼς φαίνεται, καὶ προξένους καὶ πολίτας ὑμετέρους ἠδικηκώς, καὶ ἐκ πένητος ἐκ τῶν ὑμετέρων πλούσιος γεγενημένος. </p></div> 

        <div type="textpart" subtype="section" n="2"><p> καίτοι πῶς αὐτοῖς χρὴ συγγνώμην ἔχειν, ὅταν ὁρᾶτε τὰς μὲν ναῦς, ὧν ἦρχον οὗτοι, διʼ ἀπορίαν χρημάτων καταλυομένας καὶ ἐκ πολλῶν ὀλίγας γιγνομένας, τούτους δὲ πένητας καὶ ἀπόρους ἐκπλεύσαντας οὕτως ταχέως πλείστην τῶν πολιτῶν οὐσίαν κεκτημένους; ὑμέτερον τοίνυν ἔργον ἐστίν, ὦ ἄνδρες Ἀθηναῖοι, </p></div>

        <div type="textpart" subtype="section" n="3"><p> ἐπὶ τοῖς τοιούτοις ὀργίζεσθαι· καὶ γὰρ δὴ δεινὸν ἂν εἴη, εἰ νῦν μὲν οὕτως αὐτοὶ πιεζόμενοι ταῖς εἰσφοραῖς συγγνώμην τοῖς κλέπτουσι καὶ τοῖς δωροδοκοῦσιν ἔχοιτε, ἐν δὲ τῷ τέως χρόνῳ, καὶ τῶν οἴκων τῶν ὑμετέρων μεγάλων ὄντων καὶ τῶν δημοσίων προσόδων μεγάλων οὐσῶν, θανάτῳ ἐκολάζετε τοὺς τῶν ὑμετέρων ἐπιθυμοῦντας. </p></div>

        <div type="textpart" subtype="section" n="4"><p> οἶμαι δʼ ἔγωγε πάντας <add>ἂν</add><note resp="Loeb" anchored="true"><foreign xml:lang="grc">ἂν</foreign> add. Auger.</note> ὑμᾶς ὁμολογῆσαι, εἰ ὑμῖν Θρασύβουλος ἐπηγγέλλετο τριήρεις ἔχων ἐκπλεύσεσθαι καὶ ταύτας παλαιὰς ἀντὶ καινῶν παραδώσειν, καὶ τοὺς μὲν κινδύνους ὑμετέρους ἔσεσθαι, τὰς δʼ ὠφελείας τῶν αὑτοῦ φίλων, καὶ ὑμᾶς μὲν διὰ τὰς εἰσφορὰς πενεστέρους ἀποδείξειν, Ἐργοκλέα δὲ καὶ τοὺς κόλακας τοὺς αὑτοῦ πλουσιωτάτους τῶν πολιτῶν ποιήσειν, οὐδένα ἂν ὑμῶν ἐπιτρέψαι τὰς ναῦς ἐκεῖνον ἔχοντα ἐκπλεῦσαι, </p></div>

        <div type="textpart" subtype="section" n="5"><p> ἄλλως τε ἐπειδή, ὡς<note resp="Loeb" anchored="true"><foreign xml:lang="grc">ὡς</foreign> Hude: <foreign xml:lang="grc">καὶ</foreign> MSS.</note> τάχιστα ὑμεῖς ἐψηφίσασθε τὰ χρήματα ὑπογράψαι τὰ ἐκ τῶν πόλεων εἰλημμένα καὶ τοὺς ἄρχοντας τοὺς μετʼ ἐκείνου καταπλεῖν εὐθύνας δώσοντας, Ἐργοκλῆς ἔλεγεν ὡς ἤδη συκοφαντεῖτε καὶ τῶν ἀρχαίων νόμων ἐπιθυμεῖτε, καὶ Θρασυβούλῳ συνεβούλευε Βυζάντιον καταλαβεῖν καὶ τὰς ναῦς ἔχειν καὶ τὴν Σεύθου θυγατέρα γαμεῖν· </p></div>

        <div type="textpart" subtype="section" n="6"><p><q>ἵνα αὐτῶν ἐκκόψῃς</q> ἔφη <q>τὰς συκοφαντίας· ποιήσεις γὰρ αὐτοὺς οὐκ ἐπιβουλεύοντας σοὶ καθῆσθαι καὶ τοῖς σοῖς φίλοις, ἀλλὰ περὶ αὑτῶν δεδιέναι.</q> οὕτως, ὦ ἄνδρες Ἀθηναῖοι, ἐπειδὴ τάχιστα ἐνεπέπληντο καὶ <add>τῶν</add><note resp="Loeb" anchored="true"><foreign xml:lang="grc">τῶν</foreign> add. Aldus.</note> ὑμετέρων ἀπέλαυσαν, ἀλλοτρίους τῆς πόλεως αὑτοὺς ἡγήσαντο. </p></div>

        <div type="textpart" subtype="section" n="7"><p>ἅμα<note resp="Loeb" anchored="true"><foreign xml:lang="grc">ἅμα</foreign> Reiske: <foreign xml:lang="grc">ἀλλὰ</foreign> MSS.</note> γὰρ πλουτοῦσι καὶ ὑμᾶς μισοῦσι, καὶ οὐκέτι ὡς ἀρξόμενοι παρασκευάζονται ἀλλʼ ὡς ὑμῶν ἄρξοντες, καὶ δεδιότες ὑπὲρ ὧν ἀφῄρηνται ἕτοιμοί εἰσι καὶ χωρία καταλαμβάνειν καὶ ὀλιγαρχίαν καθιστάναι καὶ πάντα πράττειν ὅπως ὑμεῖς ἐν τοῖς δεινοτάτοις κινδύνοις καθʼ ἑκάστην ἡμέραν ἔσεσθε· οὕτως γὰρ ἡγοῦνται οὐκέτι τοῖς σφετέροις αὐτῶν ἁμαρτήμασι τὸν νοῦν ὑμᾶς προσέξειν, ἀλλʼ ὑπὲρ ὑμῶν αὐτῶν καὶ τῆς πόλεως ὀρρωδοῦντας ἡσυχίαν πρὸς τούτους ἕξειν. </p></div>

        <div type="textpart" subtype="section" n="8"><p>Θρασύβουλος μὲν οὖν ὦ ἄνδρες Ἀθηναῖοι, (οὐδὲν γὰρ δεῖ περὶ αὐτοῦ πλείω λέγειν) καλῶς ἐποίησεν οὕτως τελευτήσας τὸν βίον· οὐ γὰρ ἔδει αὐτὸν οὔτε ζῆν τοιούτοις ἔργοις ἐπιβουλεύοντα, οὔθʼ ὑφʼ ὑμῶν ἀποθανεῖν ἤδη τι δοκοῦντα ὑμᾶς ἀγαθὸν πεποιηκέναι, ἀλλὰ τοιούτῳ τρόπῳ τῆς πόλεως ἀπαλλαγῆναι. </p></div>

        <div type="textpart" subtype="section" n="9"><p>ὁρῶ δʼ αὐτοὺς διὰ τὴν πρῴην ἐκκλησίαν οὐκέτι φειδομένους τῶν χρημάτων, ἀλλʼ ὠνουμένους τὰς αὑτῶν ψυχὰς καὶ παρὰ τῶν λεγόντων καὶ παρὰ τῶν ἐχθρῶν καὶ παρὰ τῶν πρυτάνεων, καὶ πολλοὺς Ἀθηναίων ἀργυρίῳ διαφθείροντας. ὑπὲρ ὧν ὑμῖν ἄξιόν ἀπολογήσασθαι παρὰ τούτου νῦν δίκην λαβοῦσι, καὶ πᾶσιν ἀνθρώποις ἐπιδεῖξαι ὅτι οὐκ ἔστι τοσαῦτα χρήματα, ὧν ὑμεῖς ἡττήσεσθε ὥστε μὴ τιμωρεῖσθαι τοὺς ἀδικοῦντας.</p></div> 

        <div type="textpart" subtype="section" n="10"><p>ἐνθυμεῖσθε γάρ, ὦ ἄνδρες Ἀθηναῖοι, ὅτι οὐκ Ἐργοκλῆς μόνος κρίνεται, ἀλλὰ καὶ ἡ πόλις ὅλη. νυνὶ γὰρ τοῖς ἄρχουσι τοῖς ὑμετέροις ἐπιδείξετε πότερον χρὴ δικαίους εἶναι, ἢ ὡς πλεῖστα τῶν ὑμετέρων ὑφελομένους τῷ αὐτῷ τρόπῳ τὴν σωτηρίαν παρασκευάζεσθαι, ᾧπερ οὗτοι νυνὶ πειρῶνται. καίτοι εὖ εἰδέναι χρή, </p></div>

        <div type="textpart" subtype="section" n="11"><p> ὦ ἄνδρες Ἀθηναῖοι<note resp="Loeb" anchored="true"><foreign xml:lang="grc">Ἀθηναῖοι</foreign> Schott: <foreign xml:lang="grc">δικασταί</foreign> MSS.</note>. ὅστις ἐν τοσαύτῃ ἀπορίᾳ τῶν ὑμετέρων πραγμάτων ἢ πόλεις προδίδωσιν ἢ χρήματα κλέπτειν ἢ δωροδοκεῖν ἀξιοῖ, οὗτος καὶ τὰ τείχη καὶ τὰς ναῦς τοῖς πολεμίοις παραδίδωσι καὶ ὀλιγαρχίαν ἐκ δημοκρατίας καθίστησιν· ὥστʼ οὐκ ἄξιον ὑμῖν τῆς τούτων παρασκευῆς ἡττᾶσθαι, ἀλλὰ παράδειγμα πᾶσιν ἀνθρώποις ποιῆσαι καὶ μήτε κέρδος μήτε ἔλεον μήτʼ ἄλλο μηδὲν περὶ πλείονος ποιήσασθαι τῆς τούτων τιμωρίας. </p></div>

        <div type="textpart" subtype="section" n="12"><p>οἶμαι δʼ Ἐργοκλέα, ὦ ἄνδρες Ἀθηναῖοι, περὶ μὲν Ἁλικαρνασσοῦ καὶ περὶ τῆς ἀρχῆς καὶ περὶ τῶν αὑτῷ πεπραγμένων οὐκ ἐπιχειρήσειν ἀπολογεῖσθαι, ἐρεῖν δὲ ὡς ἀπὸ Φυλῆς κατῆλθε καὶ ὡς δημοτικός ἐστι καὶ ὡς τῶν κινδύνων τῶν ὑμετέρων μετέσχεν. ἐγὼ δέ, ὦ ἄνδρες Ἀθηναῖοι, <add>οὐ</add><note resp="Loeb" anchored="true"><foreign xml:lang="grc">οὐ</foreign> add. Aldus.</note> </p></div>

        <div type="textpart" subtype="section" n="13"><p> τοιαύτην γνώμην ἔχω περὶ τῶν τοιούτων· ἀλλʼ ὅσοι μὲν ἐλευθερίας καὶ τοῦ δικαίου ἐπιθυμοῦντες καὶ τοὺς νόμους ἰσχύειν<note resp="Loeb" anchored="true"><foreign xml:lang="grc">ἰσχύειν</foreign> Markland: <foreign xml:lang="grc">ἴσχειν</foreign> MSS.</note> βουλόμενοι καὶ τοὺς ἀδικοῦντας μισοῦντες τῶν ὑμετέρων κινδύνων μετέσχον, οὐ πονηροὺς εἶναι πολίτας, οὐδὲ ἀδίκως τούτοις φημι ἂν εἶναι ὑπόλογον τὴν ἐκείνων φυγήν· ὅσοι δὲ κατελθόντες ἐν δημοκρατία τὸ μὲν ὑμέτερον πλῆθος ἀδικοῦσι, τοὺς δὲ ἰδίους οἴκους ἐκ τῶν ὑμετέρων μεγάλους ποιοῦσι, πολὺ μᾶλλον αὐτοῖς προσήκει ὀργίζεσθαι ἤ τοῖς τριάκοντα. </p></div>

        <div type="textpart" subtype="section" n="14"><p> οἱ μὲν γὰρ ἐπὶ τοῦτʼ ἐχειροτονήθησαν, ἵνα κακῶς, εἴ πῃ δύναιντο, ὑμᾶς ποιήσειαν· τούτοις δʼ ὑμᾶς αὐτοὺς ἐπετρέψατε, ὡς μεγάλην καὶ ἐλευθέραν τὴν πόλιν ποιήσωσιν· ὧν ὑμῖν οὐδὲν ἀποβέβηκεν, ἀλλὰ τὸ ἐπὶ τούτοις εἶναι ἐν τοῖς δεινοτάτοις κινδύνοις καθεστήκατε, ὥστε πολὺ ἂν δικαιότερον ὑμᾶς αὐτοὺς ἢ τούτους ἐλεοῖτε, καὶ τοὺς ὑμετέρους παῖδας καὶ γυναῖκας, ὅτι ὑπὸ τοιούτων ἀνδρῶν λυμαίνεσθε. </p></div>

        <div type="textpart" subtype="section" n="15"><p> ὅταν γὰρ ἡγησώμεθα σωτηρίας ἀντειλῆφθαι, δεινότερα ὑπὸ τῶν ἡμετέρων ἀρχόντων πάσχομεν ἢ ὑπὸ τῶν πολεμίων. καίτοι πάντες ἐπίστασθε ὅτι οὐδεμία ἐλπὶς σωτηρίας ὑμῖν δυστυχήσασιν. ὥστε ἄξιον ὑμᾶς παρακελευσαμένους ὑμῖν αὐτοῖς παρὰ τούτων νυνὶ τὴν μεγίστην δίκην λαβεῖν, καὶ τοῖς ἄλλοις Ἕλλησιν ἐπιδεῖξαι ὡς τοὺς ἀδικοῦντας τιμωρεῖσθε, καὶ τοὺς ὑμετέρους ἄρχοντας βελτίους ποιήσετε. </p></div>

        <div type="textpart" subtype="section" n="16"><p> ἐγὼ μὲν οὖν ταῦθʼ ὑμῖν παρακελεύομαι· ὑμᾶς δὲ χρὴ εἰδέναι ὅτι, ἐὰν μὲν ἐμοὶ πεισθῆτε, εὖ περὶ αὑτῶν βουλεύσεσθε, εἰ δὲ μή, χείροσι τοῖς ἄλλοις πολίταις χρήσεσθε. ἔτι δέ, ὦ ἄνδρες Ἀθηναῖοι, ἐὰν αὐτῶν ἀποψηφίσησθε, οὐδεμίαν ὑμῖν εἴσονται χάριν, ἀλλὰ τοῖς ἀνηλωμένοις καὶ τοῖς χρήμασιν οἷς ὑφῄρηνται· ὥστε τὴν μὲν ἔχθραν ὑμῖν αὐτοῖς καταλείψετε, τῆς δὲ σωτηρίας ἐκείνοις εἴσονται χάριν. </p></div>

        <div type="textpart" subtype="section" n="17"><p> καὶ μὲν δή, ὦ ἄνδρες Ἀθηναῖοι, καὶ Ἁλικαρνασσεῖς καὶ οἱ ἄλλοι οἱ ὑπὸ τούτων ἠδικημένοι, ἐὰν μὲν παρὰ τούτων τὴν μεγίστην δίκην λάβητε, νομιοῦσιν ὑπὸ τούτων μὲν ἀπολωλέναι, ὑμᾶς δὲ αὑτοῖς βεβοηθηκέναι· ἐὰν δὲ τούτους σώσητε, ἡγήσονται καὶ ὑμᾶς ὁμογνώμονας γεγονέναι τοῖς αὑτοὺς προδεδωκόσιν. ὥστʼ ἄξιον τούτων ἁπάντων ἐνθυμηθέντας ἅμα τοῖς τε φίλοις τοῖς ὑμετέροις ἀποδοῦναι χάριν καὶ παρὰ τῶν ἀδικούντων τὴν δίκην λαβεῖν.</p></div>
      </div>

    </body>
  </text>
</TEI>
