<?xml version="1.0" encoding="UTF-8"?> <?xml-model href="http://www.stoa.org/epidoc/schema/latest/tei-epidoc.rng" schematypens="http://relaxng.org/ns/structure/1.0"?> 
<TEI xmlns="http://www.tei-c.org/ns/1.0">
  <teiHeader>
    <fileDesc>
      <titleStmt>
        <title>Olympic Oration</title>
        <author>Lysias</author>
        <sponsor>Perseus Project, Tufts University</sponsor>
        <principal>Gregory Crane</principal>
        <respStmt>
          <resp>Prepared under the supervision of</resp>
          <name>Lisa Cerrato</name>
          <name>William Merrill</name>
          <name>Elli Mylonas</name>
          <name>David Smith</name>
        </respStmt>
        <funder n="org:AnnCPB">The Annenberg CPB/Project</funder>

      </titleStmt>
      <publicationStmt>
        <publisher>Trustees of Tufts University</publisher>
        <pubPlace>Medford, MA</pubPlace>
        <authority>Perseus Project</authority>
      </publicationStmt>


      <sourceDesc>
        <biblStruct>
          <monogr>
            <author>Lysias</author>
            <title>Lysias with an English translation by W.R.M. Lamb, M.A.</title>

            <imprint>
              <publisher>Cambridge, MA, Harvard University Press; London, William Heinemann
                Ltd.</publisher>
              <date>1930</date>
            </imprint>
          </monogr>
        </biblStruct>
      </sourceDesc>

    </fileDesc>
    <encodingDesc>
      <refsDecl n="CTS">
      <cRefPattern replacementPattern="#xpath(/tei:TEI/tei:text/tei:body/tei:div/tei:div[@n='$1'])" matchPattern="(\w+)">
        <p>This pointer pattern extracts section</p>
      </cRefPattern>
    </refsDecl>
    <!--<refsDecl>
        <refState unit="speech"/>
        <refState unit="section"/>
      </refsDecl>--></encodingDesc>
    
    <profileDesc>
      <langUsage>
        <language ident="grc">Greek</language>
        <language ident="eng">English</language>
      </langUsage>
    </profileDesc>
    <revisionDesc>
      <change when="2017-05-05" who="Lisa Cerrato">EpiDoc and CTS conversion</change>
      <change when="2014-08-01" who="Stella Dee">edited markup</change>
      <change when="2014-07-01" who="Stella Dee">split composite text and converted to unicode</change>
      <change when="1992-10-01" who="das">changed the TITLE to HEAD tags; combined the two Lysias files</change>
      <change when="1992-07-01" who="das">fixed typos and incorrect section breaks</change>
      <change when="1992-06-01" who="wmerrill">checkmark</change>
      <change when="1992-02-01" who="wmerrill">revise markup</change>
    </revisionDesc>
  </teiHeader>
  <text xml:lang="grc">
    <body>
      <div type="edition" n="urn:cts:greekLit:tlg0540.tlg033.perseus-grc2" xml:lang="grc"> 
<milestone unit="part" n="Intro, Narr, Proof"/> 

<div type="textpart" subtype="section" n="1"><p>
  <milestone unit="para" ed="P"/>ἄλλων τε πολλῶν καὶ καλῶν ἔργων ἕνεκα, ὦ ἄνδρες, ἄξιον Ἡρακλέους μεμνῆσθαι, καὶ ὅτι τόνδε τὸν ἀγῶνα πρῶτος συνήγειρε διʼ εὔνοιαν τῆς Ἑλλάδος. ἐν μὲν γὰρ τῷ τέως χρόνῳ ἀλλοτρίως αἱ πόλεις πρὸς ἀλλήλας διέκειντο· </p></div>

        <div type="textpart" subtype="section" n="2"><p> ἐπειδὴ δὲ ἐκεῖνος τοὺς τυράννους ἔπαυσε καὶ τοὺς ὑβρίζοντας ἐκώλυσεν, ἀγῶνα μὲν σωμάτων ἐποίησε, φιλοτιμίαν <add>δὲ</add><note resp="Loeb" anchored="true"><foreign xml:lang="grc">δὲ</foreign> add. Aldus.</note> πλούτου, γνώμης δʼ ἐπίδειξιν ἐν τῷ καλλίστῳ τῆς Ἑλλάδος, ἵνα τούτων ἁπάντων ἕνεκα εἰς τὸ αὐτὸ συνέλθωμεν, τὰ μὲν ὀψόμενοι, τὰ δʼ ἀκουσόμενοι· ἡγήσατο γὰρ τὸν ἐνθάδε σύλλογον ἀρχὴν γενήσεσθαι<note resp="Loeb" anchored="true"><foreign xml:lang="grc">γενήσεσθαι</foreign> Markland: <foreign xml:lang="grc">γενέσθαι</foreign> MSS.</note> τοῖς Ἕλλησι τῆς πρὸς ἀλλήλους φιλίας. </p></div>

        <div type="textpart" subtype="section" n="3"><p> ἐκεῖνος μὲν οὖν ταῦθʼ ὑφηγήσατο, ἐγὼ δὲ ἥκω οὐ μικρολογησόμενος οὐδὲ περὶ τῶν ὀνομάτων μαχούμενος. ἡγοῦμαι γὰρ ταῦτα ἔργα μὲν εἶναι σοφιστῶν<note resp="Loeb" anchored="true"><foreign xml:lang="grc">σοφιστῶν</foreign> Markland: <foreign xml:lang="grc">σοφὰ τῶν, σοφῶν τῶν</foreign> MSS.</note> λίαν ἀχρήστων<note resp="Loeb" anchored="true"><foreign xml:lang="grc">ἀχρήστων</foreign> Markland: <foreign xml:lang="grc">χρηστῶν</foreign> MSS.</note> καὶ σφόδρα βίου δεομένων, ἀνδρὸς δὲ ἀγαθοῦ καὶ πολίτου πολλοῦ ἀξίου περὶ τῶν μεγίστων συμβουλεύειν, ὁρῶν οὕτως αἰσχρῶς διακειμένην τὴν Ἑλλάδα, καὶ πολλὰ μὲν αὐτῆς ὄντα ὑπὸ τῷ βαρβάρῳ, πολλὰς δὲ πόλεις ὑπὸ τυράννων ἀναστάτους γεγενημένας. καὶ ταῦτα εἰ μὲν διʼ ἀσθένειαν ἐπάσχομεν, </p></div>

        <div type="textpart" subtype="section" n="4"><p> στέργειν ἂν ἦν ἀνάγκη τὴν τύχην· ἐπειδὴ δὲ διὰ στάσιν καὶ τὴν πρὸς ἀλλήλους φιλονικίαν, πῶς οὐκ ἄξιον τῶν μὲν παύσασθαι τὰ δὲ κωλῦσαι, εἰδότας ὅτι φιλονικεῖν μέν ἐστιν εὖ πραττόντων, γνῶναι δὲ τὰ βέλτιστα τῶν οἵων ἡμῶν<note resp="Loeb" anchored="true"><foreign xml:lang="grc">οἵων ἡμῶν</foreign> Thalheim: <foreign xml:lang="grc">αὐτῶν</foreign> MSS.</note>; </p></div>

        <div type="textpart" subtype="section" n="5"><p> ὁρῶμεν γὰρ τοὺς κινδύνους καὶ μεγάλους καὶ πανταχόθεν περιεστηκότας· ἐπίστασθε δὲ ὅτι ἡ μὲν ἀρχὴ τῶν κρατούντων τῆς θαλάττης, τῶν δὲ χρημάτων βασιλεὺς ταμίας, τὰ δὲ τῶν Ἑλλήνων σώματα τῶν δαπανᾶσθαι δυναμένων, ναῦς δὲ πολλὰς <add>μὲν</add><note resp="Loeb" anchored="true" ><foreign xml:lang="grc">μὲν</foreign> add. Reiske.</note> αὐτὸς κέκτηται, πολλὰς δʼ ὁ τύραννος τῆς Σικελίας. </p></div>

        <div type="textpart" subtype="section" n="6"><p> ὥστε ἄξιον τὸν μὲν πρὸς ἀλλήλους πόλεμον καταθέσθαι, τῇ δʼ αὐτῇ γνώμῃ χρωμένους τῆς σωτηρίας ἀντέχεσθαι, καὶ περὶ μὲν τῶν παρεληλυθότων αἰσχύνεσθαι, περὶ δὲ τῶν μελλόντων ἔσεσθαι δεδιέναι, καὶ πρὸς τοὺς προγόνους ,<note resp="Loeb" anchored="true"><foreign xml:lang="grc">ἁμιλλᾶσθαι</foreign> Radermacher: <foreign xml:lang="grc">μιμεῖσθαι</foreign> MSS.</note> οἳ τοὺς μὲν βαρβάρους ἐποίησαν τῆς ἀλλοτρίας ἐπιθυμοῦντας τῆς σφετέρας αὐτῶν στερεῖσθαι, τοὺς δὲ τυράννους ἐξελάσαντες κοινὴν ἅπασι τὴν ἐλευθερίαν κατέστησαν. </p></div>

        <div type="textpart" subtype="section" n="7"><p> θαυμάζω δὲ Λακεδαιμονίους πάντων μάλιστα, τίνι ποτὲ γνώμῃ χρώμενοι<note resp="Loeb" anchored="true"><foreign xml:lang="grc">χρώμενοι</foreign> Aldus: <foreign xml:lang="grc" >χρωμένους</foreign> MSS.</note> καομένην τὴν Ἑλλάδα περιορῶσιν, ἡγεμόνες ὄντες τῶν Ἑλλήνων οὐκ ἀδίκως, καὶ διὰ τὴν ἔμφυτον ἀρετὴν καὶ διὰ τὴν πρὸς τὸν πόλεμον ἐπιστήμην, μόνοι δὲ οἰκοῦντες ἀπόρθητοι καὶ ἀτείχιστοι καὶ ἀστασίαστοι καὶ ἀήττητοι καὶ τρόποις<note resp="Loeb" anchored="true"><foreign xml:lang="grc">τρόποις</foreign> Markland: <foreign xml:lang="grc">τόποις</foreign> MSS.</note> ἀεὶ τοῖς αὐτοῖς χρώμενοι· ὧν ἕνεκα ἐλπὶς ἀθάνατον τὴν ἐλευθερίαν αὐτοὺς κεκτῆσθαι, καὶ ἐν τοῖς παρεληλυθόσι κινδύνοις σωτῆρας γενομένους τῆς Ἑλλάδος περὶ τῶν μελλόντων προορᾶσθαι. </p></div>

<div type="textpart" subtype="section" n="8"><p>
  <milestone unit="para" ed="P"/>οὐ τοίνυν ὁ ἐπιὼν καιρὸς τοῦ παρόντος βελτίων· οὐ γὰρ ἀλλοτρίας δεῖ τὰς τῶν ἀπολωλότων συμφορὰς νομίζειν ἀλλʼ οἰκείας, οὐδʼ ἀναμεῖναι, ἕως ἂν ἐπʼ αὐτοὺς ἡμᾶς αἱ δυνάμεις ἀμφοτέρων ἔλθωσιν, ἀλλʼ ἕως ἔτι ἔξεστι, τὴν τούτων τούτων ὕβριν κωλῦσαι. </p></div>

<div type="textpart" subtype="section" n="9"><p> τίς γὰρ οὐκ ἂν <add>ἀγανακτήσει</add>εν ὁρῶν<note resp="Loeb" anchored="true"><foreign xml:lang="grc">ἀγανακτήσειεν ὁρῶν</foreign> Baiter: <foreign xml:lang="grc">ἐνορῶν</foreign> MSS.</note> ἐν τῷ πρὸς ἀλλήλους πολέμῳ μεγάλους αὐτοὺς γεγενημένους; ὧν οὐ μόνον αἰσχρῶν ὄντων ἀλλὰ καὶ δεινῶν, τοῖς μὲν μεγάλα ἡμαρτηκόσιν ἐξουσία γεγένηται τῶν πεπραγμένων, τοῖς δὲ Ἕλλησιν οὐδεμία αὐτῶν τιμωρία <gap reason="lost"/> 
  <milestone unit="part" n="Concl"/></p></div></div>

    </body>
  </text>
</TEI>
