<?xml version="1.0" encoding="UTF-8"?>
<?xml-model href="http://www.stoa.org/epidoc/schema/latest/tei-epidoc.rng" schematypens="http://relaxng.org/ns/structure/1.0"?>
<TEI xmlns="http://www.tei-c.org/ns/1.0">
   <teiHeader>
        
        <fileDesc>
            
            <titleStmt>
                <title>Crito</title>
                <author>Plato</author>
                <sponsor>Perseus Project, Tufts University</sponsor>
                <principal>Gregory Crane</principal>
                <respStmt>
                    <resp>Prepared under the supervision of</resp>
                    <name>Lisa Cerrato</name>
                    <name>William Merrill</name>
                    <name>Elli Mylonas</name>
                    <name>David Smith</name>
                </respStmt>
                <funder n="org:AnnCPB">The Annenberg CPB/Project</funder>
            </titleStmt>
            
            
            <publicationStmt>
                <publisher>Trustees of Tufts University</publisher>
                <pubPlace>Medford, MA</pubPlace>
                <authority>Perseus Project</authority>
            </publicationStmt>
            
            
            <notesStmt>
            <note anchored="true">Text was scanned at St. Olaf Spring, 1992.</note>
         </notesStmt>
            <sourceDesc>
                <biblStruct>
                    <monogr>
                        <author>Plato</author>
                  <title>Platonis Opera, ed. John Burnet</title>
                        
                        <imprint>
                           <biblScope unit="volume">1</biblScope>
                     <publisher>Oxford University Press</publisher>
                     <date>1906</date>
                  </imprint>
                    </monogr>
                </biblStruct>
            </sourceDesc>
            
            
        </fileDesc>
        
        <encodingDesc>
          
<refsDecl n="CTS">
            <cRefPattern matchPattern="(\w+)"
               replacementPattern="#xpath(/tei:TEI/tei:text/tei:body/tei:div/tei:div[@n='$1'])">
                <p>This pointer pattern extracts section</p>
            </cRefPattern>
        </refsDecl>
            
           <!-- <refsDecl doctype="TEI.2">
                <state unit="text"/>
                <state unit="section"/>
            </refsDecl>-->
        </encodingDesc>
        
        <profileDesc>
            <langUsage>
                <language ident="grc">Greek</language>
                <language ident="eng">English</language>
            </langUsage>
           <particDesc>
              <person><persName>Σωκράτης</persName></person>
              <person><persName>Κρίτων</persName></person>
           </particDesc>
        </profileDesc>
        <revisionDesc>
           <change when="2017-03-16" who="Lisa Cerrato">EpiDoc and CTS file conversion; further refinements</change>
           <change when="2014-05-01" who="Bridget Almas">Converted speaker to said and section milestones to divs.</change>
           <change when="1992-07-01" who="DAS">Tagged in conformance with Prose.e dtd.</change>
            
        </revisionDesc>
        
    </teiHeader>
    <text xml:lang="grc">
        <body>
           <div type="edition" n="urn:cts:greekLit:tlg0059.tlg003.perseus-grc2" xml:lang="grc">
            <head>Κρίτων</head>
      <div type="textpart" subtype="section" resp="perseus" n="43">
         
         <p><said who="#Σωκράτης"><milestone n="43" unit="page" resp="Stephanus"/>
            
            <milestone unit="section" resp="Stephanus" n="43a"/>
            <label>ΣΩ.</label> τί τηνικάδε ἀφῖξαι, ὦ Κρίτων; ἢ οὐ πρῲ ἔτι ἐστίν;</said></p>
            <p><said who="#Κρίτων"><label>ΚΡ.</label> πάνυ μὲν οὖν.</said></p>
            <p><said who="#Σωκράτης"><label>ΣΩ.</label> πηνίκα μάλιστα;</said></p>
            <p><said who="#Κρίτων"><label>ΚΡ.</label> ὄρθρος βαθύς.</said></p>
            <p><said who="#Σωκράτης"><label>ΣΩ.</label> θαυμάζω ὅπως ἠθέλησέ σοι ὁ τοῦ δεσμωτηρίου φύλαξ ὑπακοῦσαι.</said></p>
            <p><said who="#Κρίτων"><label>ΚΡ.</label> συνήθης ἤδη μοί ἐστιν, ὦ Σώκρατες, διὰ τὸ πολλάκις δεῦρο φοιτᾶν, καί τι καὶ εὐεργέτηται ὑπʼ ἐμοῦ.</said></p>
            <p><said who="#Σωκράτης"><label>ΣΩ.</label> ἄρτι δὲ ἥκεις ἢ πάλαι;</said></p>
            <p><said who="#Κρίτων"><label>ΚΡ.</label> ἐπιεικῶς πάλαι.
                </said></p>
         
         
         <p><said who="#Σωκράτης"><milestone unit="section" resp="Stephanus" n="43b"/>
            <label>ΣΩ.</label> εἶτα πῶς οὐκ εὐθὺς ἐπήγειράς με, ἀλλὰ σιγῇ παρακάθησαι;</said></p>
            <p><said who="#Κρίτων"><label>ΚΡ.</label> οὐ μὰ τὸν Δία, ὦ Σώκρατες, οὐδʼ ἂν αὐτὸς ἤθελον ἐν τοσαύτῃ τε ἀγρυπνίᾳ καὶ λύπῃ εἶναι, ἀλλὰ καὶ σοῦ πάλαι θαυμάζω αἰσθανόμενος ὡς ἡδέως καθεύδεις· καὶ ἐπίτηδές σε οὐκ ἤγειρον ἵνα ὡς ἥδιστα διάγῃς. καὶ πολλάκις μὲν δή σε καὶ πρότερον ἐν παντὶ τῷ βίῳ ηὐδαιμόνισα τοῦ τρόπου, πολὺ δὲ μάλιστα ἐν τῇ νῦν παρεστώσῃ συμφορᾷ, ὡς ῥᾳδίως αὐτὴν καὶ πρᾴως φέρεις.</said></p>
            <p><said who="#Σωκράτης"><label>ΣΩ.</label> καὶ γὰρ ἄν, ὦ Κρίτων, πλημμελὲς εἴη ἀγανακτεῖν τηλικοῦτον ὄντα εἰ δεῖ ἤδη τελευτᾶν.
                    </said></p>
         
         
         <p><said who="#Κρίτων"><milestone unit="section" resp="Stephanus" n="43c"/><label>ΚΡ.</label> καὶ ἄλλοι, ὦ Σώκρατες, τηλικοῦτοι ἐν τοιαύταις συμφοραῖς ἁλίσκονται, ἀλλʼ οὐδὲν αὐτοὺς ἐπιλύεται ἡ ἡλικία τὸ μὴ οὐχὶ ἀγανακτεῖν τῇ παρούσῃ τύχῃ.</said></p>
            <p><said who="#Σωκράτης"><label>ΣΩ.</label> ἔστι ταῦτα. ἀλλὰ τί δὴ οὕτω πρῲ ἀφῖξαι;</said></p>
            <p><said who="#Κρίτων"><label>ΚΡ.</label> ἀγγελίαν, ὦ Σώκρατες, φέρων χαλεπήν, οὐ σοί, ὡς ἐμοὶ φαίνεται, ἀλλʼ ἐμοὶ καὶ τοῖς σοῖς ἐπιτηδείοις πᾶσιν καὶ χαλεπὴν καὶ βαρεῖαν, ἣν ἐγώ, ὡς ἐμοὶ δοκῶ, ἐν τοῖς βαρύτατʼ ἂν ἐνέγκαιμι.</said></p>
            <p><said who="#Σωκράτης"><label>ΣΩ.</label> τίνα ταύτην; ἢ τὸ πλοῖον ἀφῖκται ἐκ Δήλου, οὗ δεῖ <milestone unit="section" resp="Stephanus" n="43d"/> ἀφικομένου τεθνάναι με;</said></p>
            <p><said who="#Κρίτων"><label>ΚΡ.</label> οὔτοι δὴ ἀφῖκται, ἀλλὰ δοκεῖν μέν μοι ἥξει τήμερον ἐξ ὧν ἀπαγγέλλουσιν ἥκοντές τινες ἀπὸ Σουνίου καὶ καταλιπόντες ἐκεῖ αὐτό. δῆλον οὖν ἐκ τούτων <del>τῶν ἀγγέλων</del> ὅτι ἥξει τήμερον, καὶ ἀνάγκη δὴ εἰς αὔριον ἔσται, ὦ Σώκρατες, τὸν βίον σε τελευτᾶν.</said></p>
            <p><said who="#Σωκράτης"><label>ΣΩ.</label> ἀλλʼ, ὦ Κρίτων, τύχῃ ἀγαθῇ, εἰ ταύτῃ τοῖς θεοῖς φίλον, ταύτῃ ἔστω· οὐ μέντοι οἶμαι ἥξειν αὐτὸ τήμερον.</said></p></div>
              
              <div type="textpart" subtype="section" resp="perseus" n="44">
            
                 <p><said who="#Κρίτων"><milestone n="44" unit="page" resp="Stephanus"/>
                    <milestone unit="section" resp="Stephanus" n="44a"/><label>ΚΡ.</label> πόθεν τοῦτο τεκμαίρῃ;</said></p>
            <p><said who="#Σωκράτης"><label>ΣΩ.</label> ἐγώ σοι ἐρῶ. τῇ γάρ που ὑστεραίᾳ δεῖ με ἀποθνῄσκειν ἢ ᾗ ἂν ἔλθῃ τὸ πλοῖον.</said></p>
            <p><said who="#Κρίτων"><label>ΚΡ.</label> φασί γέ τοι δὴ οἱ τούτων κύριοι.</said></p>
            <p><said who="#Σωκράτης"><label>ΣΩ.</label> οὐ τοίνυν τῆς ἐπιούσης ἡμέρας οἶμαι αὐτὸ ἥξειν ἀλλὰ τῆς ἑτέρας. τεκμαίρομαι δὲ ἔκ τινος ἐνυπνίου ὃ ἑώρακα ὀλίγον πρότερον ταύτης τῆς νυκτός· καὶ κινδυνεύεις ἐν καιρῷ τινι οὐκ ἐγεῖραί με.</said></p>
            <p><said who="#Κρίτων"><label>ΚΡ.</label> ἦν δὲ δὴ τί τὸ ἐνύπνιον;</said></p>
            <p><said who="#Σωκράτης"><label>ΣΩ.</label> ἐδόκει τίς μοι γυνὴ προσελθοῦσα καλὴ καὶ εὐειδής,<milestone unit="section" resp="Stephanus" n="44b"/> λευκὰ ἱμάτια ἔχουσα, καλέσαι με καὶ εἰπεῖν· <q>ὦ Σώκρατες, <cit>
                  <quote type="verse">
                     <l met="dactylic">ἤματί κεν τριτάτῳ Φθίην ἐρίβωλον ἵκοιο.</l>
                  </quote>
                  <bibl n="Hom. Il. 9.363">ηομ. ιλ. 9.363</bibl>
               </cit></q></said></p>
            <p><said who="#Κρίτων"><label>ΚΡ.</label> ἄτοπον τὸ ἐνύπνιον, ὦ Σώκρατες.</said></p>
            <p><said who="#Σωκράτης"><label>ΣΩ.</label> ἐναργὲς μὲν οὖν, ὥς γέ μοι δοκεῖ, ὦ Κρίτων.</said></p>
            <p><said who="#Κρίτων"><label>ΚΡ.</label> λίαν γε, ὡς ἔοικεν. ἀλλʼ, ὦ δαιμόνιε Σώκρατες, ἔτι καὶ νῦν ἐμοὶ πιθοῦ καὶ σώθητι· ὡς ἐμοί, ἐὰν σὺ ἀποθάνῃς, οὐ μία συμφορά ἐστιν, ἀλλὰ χωρὶς μὲν τοῦ ἐστερῆσθαι τοιούτου ἐπιτηδείου οἷον ἐγὼ οὐδένα μή ποτε εὑρήσω, ἔτι δὲ καὶ πολλοῖς δόξω, οἳ ἐμὲ καὶ σὲ μὴ σαφῶς ἴσασιν, <milestone unit="section" resp="Stephanus" n="44c"/> ὡς οἷός τʼ ὤν σε σῴζειν εἰ ἤθελον ἀναλίσκειν χρήματα, ἀμελῆσαι. καίτοι τίς ἂν αἰσχίων εἴη ταύτης δόξα ἢ δοκεῖν χρήματα περὶ πλείονος ποιεῖσθαι ἢ φίλους; οὐ γὰρ πείσονται οἱ πολλοὶ ὡς σὺ αὐτὸς οὐκ ἠθέλησας ἀπιέναι ἐνθένδε ἡμῶν προθυμουμένων.</said></p>
            <p><said who="#Σωκράτης"><label>ΣΩ.</label> ἀλλὰ τί ἡμῖν, ὦ μακάριε Κρίτων, οὕτω τῆς τῶν πολλῶν δόξης μέλει; οἱ γὰρ ἐπιεικέστατοι, ὧν μᾶλλον ἄξιον φροντίζειν, ἡγήσονται αὐτὰ οὕτω πεπρᾶχθαι ὥσπερ ἂν πραχθῇ.
                                        </said></p>
         
         
                 <p><said who="#Κρίτων"><milestone unit="section" resp="Stephanus" n="44d"/><label>ΚΡ.</label> ἀλλʼ ὁρᾷς δὴ ὅτι ἀνάγκη, ὦ Σώκρατες, καὶ τῆς τῶν πολλῶν δόξης μέλειν. αὐτὰ δὲ δῆλα τὰ παρόντα νυνὶ ὅτι οἷοί τʼ εἰσὶν οἱ πολλοὶ οὐ τὰ σμικρότατα τῶν κακῶν ἐξεργάζεσθαι ἀλλὰ τὰ μέγιστα σχεδόν, ἐάν τις ἐν αὐτοῖς διαβεβλημένος ᾖ.</said></p>
            <p><said who="#Σωκράτης"><label>ΣΩ.</label> εἰ γὰρ ὤφελον, ὦ Κρίτων, οἷοί τʼ εἶναι οἱ πολλοὶ τὰ μέγιστα κακὰ ἐργάζεσθαι, ἵνα οἷοί τʼ ἦσαν καὶ ἀγαθὰ τὰ μέγιστα, καὶ καλῶς ἂν εἶχεν. νῦν δὲ οὐδέτερα οἷοί τε· οὔτε γὰρ φρόνιμον οὔτε ἄφρονα δυνατοὶ ποιῆσαι, ποιοῦσι δὲ τοῦτο ὅτι ἂν τύχωσι.
                                            </said></p>
         
         
                 <p><said who="#Κρίτων"><milestone unit="section" resp="Stephanus" n="44e"/><label>ΚΡ.</label> ταῦτα μὲν δὴ οὕτως ἐχέτω· τάδε δέ, ὦ Σώκρατες, εἰπέ μοι. ἆρά γε μὴ ἐμοῦ προμηθῇ καὶ τῶν ἄλλων ἐπιτηδείων μή, ἐὰν σὺ ἐνθένδε ἐξέλθῃς, οἱ συκοφάνται ἡμῖν πράγματα παρέχωσιν ὡς σὲ ἐνθένδε ἐκκλέψασιν, καὶ ἀναγκασθῶμεν ἢ καὶ πᾶσαν τὴν οὐσίαν ἀποβαλεῖν ἢ συχνὰ χρήματα, ἢ καὶ ἄλλο τι πρὸς τούτοις παθεῖν;
            </said></p></div>
         
              <div type="textpart" subtype="section" resp="perseus" n="45">
                 <p><said who="#Κρίτων" rend="merge"><label>ΚΡ.</label> 
             εἰ γάρ τι <milestone n="45" unit="page" resp="Stephanus"/><milestone unit="section" resp="Stephanus" n="45a"/>
            τοιοῦτον φοβῇ, ἔασον αὐτὸ χαίρειν· ἡμεῖς γάρ που δίκαιοί ἐσμεν σώσαντές σε κινδυνεύειν τοῦτον τὸν κίνδυνον καὶ ἐὰν δέῃ ἔτι τούτου μείζω. ἀλλʼ ἐμοὶ πείθου καὶ μὴ ἄλλως ποίει.</said></p>
            <p><said who="#Σωκράτης"><label>ΣΩ.</label> καὶ ταῦτα προμηθοῦμαι, ὦ Κρίτων, καὶ ἄλλα πολλά.</said></p>
            <p><said who="#Κρίτων"><label>ΚΡ.</label> μήτε τοίνυν ταῦτα φοβοῦ—καὶ γὰρ οὐδὲ πολὺ τἀργύριόν ἐστιν ὃ θέλουσι λαβόντες τινὲς σῶσαί σε καὶ ἐξαγαγεῖν ἐνθένδε. ἔπειτα οὐχ ὁρᾷς τούτους τοὺς συκοφάντας ὡς εὐτελεῖς, καὶ οὐδὲν ἂν δέοι ἐπʼ αὐτοὺς πολλοῦ ἀργυρίου; <milestone unit="section" resp="Stephanus" n="45b"/> σοὶ δὲ ὑπάρχει μὲν τὰ ἐμὰ χρήματα, ὡς ἐγὼ οἶμαι, ἱκανά· ἔπειτα καὶ εἴ τι ἐμοῦ κηδόμενος οὐκ οἴει δεῖν ἀναλίσκειν τἀμά, ξένοι οὗτοι ἐνθάδε ἕτοιμοι ἀναλίσκειν· εἷς δὲ καὶ κεκόμικεν ἐπʼ αὐτὸ τοῦτο ἀργύριον ἱκανόν, Σιμμίας ὁ Θηβαῖος, ἕτοιμος δὲ καὶ Κέβης καὶ ἄλλοι πολλοὶ πάνυ. ὥστε, ὅπερ λέγω, μήτε ταῦτα φοβούμενος ἀποκάμῃς σαυτὸν σῶσαι, μήτε, ὃ ἔλεγες ἐν τῷ δικαστηρίῳ, δυσχερές σοι γενέσθω ὅτι οὐκ ἂν ἔχοις ἐξελθὼν ὅτι χρῷο σαυτῷ· πολλαχοῦ <milestone unit="section" resp="Stephanus" n="45c"/> μὲν γὰρ καὶ ἄλλοσε ὅποι ἂν ἀφίκῃ ἀγαπήσουσί σε· ἐὰν δὲ βούλῃ εἰς Θετταλίαν ἰέναι, εἰσὶν ἐμοὶ ἐκεῖ ξένοι οἵ σε περὶ πολλοῦ ποιήσονται καὶ ἀσφάλειάν σοι παρέξονται, ὥστε σε μηδένα λυπεῖν τῶν κατὰ Θετταλίαν.<milestone unit="para" ed="P"/>ἔτι δέ, ὦ Σώκρατες, οὐδὲ δίκαιόν μοι δοκεῖς ἐπιχειρεῖν πρᾶγμα, σαυτὸν προδοῦναι, ἐξὸν σωθῆναι, καὶ τοιαῦτα σπεύδεις περὶ σαυτὸν γενέσθαι ἅπερ ἂν καὶ οἱ ἐχθροί σου σπεύσαιέν τε καὶ ἔσπευσαν σὲ διαφθεῖραι βουλόμενοι. πρὸς δὲ τούτοις καὶ τοὺς ὑεῖς τοὺς σαυτοῦ ἔμοιγε δοκεῖς προδιδόναι, οὕς σοι <milestone unit="section" resp="Stephanus" n="45d"/>ἐξὸν καὶ ἐκθρέψαι καὶ ἐκπαιδεῦσαι οἰχήσῃ καταλιπών, καὶ τὸ σὸν μέρος ὅτι ἂν τύχωσι τοῦτο πράξουσιν· τεύξονται δέ, ὡς τὸ εἰκός, τοιούτων οἷάπερ εἴωθεν γίγνεσθαι ἐν ταῖς ὀρφανίαις περὶ τοὺς ὀρφανούς. ἢ γὰρ οὐ χρὴ ποιεῖσθαι παῖδας ἢ συνδιαταλαιπωρεῖν καὶ τρέφοντα καὶ παιδεύοντα, σὺ δέ μοι δοκεῖς τὰ ῥᾳθυμότατα αἱρεῖσθαι. χρὴ δέ, ἅπερ ἂν ἀνὴρ ἀγαθὸς καὶ ἀνδρεῖος ἕλοιτο, ταῦτα αἱρεῖσθαι, φάσκοντά γε δὴ ἀρετῆς διὰ παντὸς τοῦ βίου ἐπιμελεῖσθαι· ὡς ἔγωγε καὶ <milestone unit="section" resp="Stephanus" n="45e"/> ὑπὲρ σοῦ καὶ ὑπὲρ ἡμῶν τῶν σῶν ἐπιτηδείων αἰσχύνομαι μὴ δόξῃ ἅπαν τὸ πρᾶγμα τὸ περὶ σὲ ἀνανδρίᾳ τινὶ τῇ ἡμετέρᾳ πεπρᾶχθαι, καὶ ἡ εἴσοδος τῆς δίκης εἰς τὸ δικαστήριον ὡς εἰσῆλθεν ἐξὸν μὴ εἰσελθεῖν, καὶ αὐτὸς ὁ ἀγὼν τῆς δίκης ὡς ἐγένετο, καὶ τὸ τελευταῖον δὴ τουτί, ὥσπερ κατάγελως τῆς πράξεως, κακίᾳ τινὶ καὶ ἀνανδρίᾳ τῇ ἡμετέρᾳ διαπεφευγέναι <milestone n="46" unit="page" resp="Stephanus"/><milestone unit="section" resp="Stephanus" n="46a"/> ἡμᾶς δοκεῖν, οἵτινές σε οὐχὶ ἐσώσαμεν οὐδὲ σὺ σαυτόν, οἷόν τε ὂν καὶ δυνατὸν εἴ τι καὶ μικρὸν ἡμῶν ὄφελος ἦν.</said></p></div>
               
               <div type="textpart" subtype="section" resp="perseus" n="46">
                  <p><said who="#Κρίτων" rend="merge"><label>ΚΡ.</label> ταῦτα οὖν, ὦ Σώκρατες, ὅρα μὴ ἅμα τῷ κακῷ καὶ αἰσχρὰ ᾖ σοί τε καὶ ἡμῖν. ἀλλὰ βουλεύου—μᾶλλον δὲ οὐδὲ βουλεύεσθαι ἔτι ὥρα ἀλλὰ βεβουλεῦσθαι—μία δὲ βουλή· τῆς γὰρ ἐπιούσης νυκτὸς πάντα ταῦτα δεῖ πεπρᾶχθαι, εἰ δʼ ἔτι περιμενοῦμεν, ἀδύνατον καὶ οὐκέτι οἷόν τε. ἀλλὰ παντὶ τρόπῳ, ὦ Σώκρατες, πείθου μοι καὶ μηδαμῶς ἄλλως ποίει.</said></p>
         
         
                  <p><said who="#Σωκράτης"><milestone unit="section" resp="Stephanus" n="46b"/><label>ΣΩ.</label> ὦ φίλε Κρίτων, ἡ προθυμία σου πολλοῦ ἀξία εἰ μετά τινος ὀρθότητος εἴη· εἰ δὲ μή, ὅσῳ μείζων τοσούτῳ χαλεπωτέρα. σκοπεῖσθαι οὖν χρὴ ἡμᾶς εἴτε ταῦτα πρακτέον εἴτε μή· ὡς ἐγὼ οὐ νῦν πρῶτον ἀλλὰ καὶ ἀεὶ τοιοῦτος οἷος τῶν ἐμῶν μηδενὶ ἄλλῳ πείθεσθαι ἢ τῷ λόγῳ ὃς ἄν μοι λογιζομένῳ βέλτιστος φαίνηται. τοὺς δὴ λόγους οὓς ἐν τῷ ἔμπροσθεν ἔλεγον οὐ δύναμαι νῦν ἐκβαλεῖν, ἐπειδή μοι ἥδε ἡ τύχη γέγονεν, ἀλλὰ σχεδόν τι ὅμοιοι φαίνονταί μοι, <milestone unit="section" resp="Stephanus" n="46c"/> καὶ τοὺς αὐτοὺς πρεσβεύω καὶ τιμῶ οὕσπερ καὶ πρότερον· ὧν ἐὰν μὴ βελτίω ἔχωμεν λέγειν ἐν τῷ παρόντι, εὖ ἴσθι ὅτι οὐ μή σοι συγχωρήσω, οὐδʼ ἂν πλείω τῶν νῦν παρόντων ἡ τῶν πολλῶν δύναμις ὥσπερ παῖδας ἡμᾶς μορμολύττηται, δεσμοὺς καὶ θανάτους ἐπιπέμπουσα καὶ χρημάτων ἀφαιρέσεις. πῶς οὖν ἂν μετριώτατα σκοποίμεθα αὐτά; εἰ πρῶτον μὲν τοῦτον τὸν λόγον ἀναλάβοιμεν, ὃν σὺ λέγεις περὶ τῶν δοξῶν. πότερον καλῶς ἐλέγετο ἑκάστοτε ἢ οὔ, <milestone unit="section" resp="Stephanus" n="46d"/> ὅτι ταῖς μὲν δεῖ τῶν δοξῶν προσέχειν τὸν νοῦν, ταῖς δὲ οὔ; ἢ πρὶν μὲν ἐμὲ δεῖν ἀποθνῄσκειν καλῶς ἐλέγετο, νῦν δὲ κατάδηλος ἄρα ἐγένετο ὅτι ἄλλως ἕνεκα λόγου ἐλέγετο, ἦν δὲ παιδιὰ καὶ φλυαρία ὡς ἀληθῶς; ἐπιθυμῶ δʼ ἔγωγʼ ἐπισκέψασθαι, ὦ Κρίτων, κοινῇ μετὰ σοῦ εἴ τί μοι ἀλλοιότερος φανεῖται, ἐπειδὴ ὧδε ἔχω, ἢ ὁ αὐτός, καὶ ἐάσομεν χαίρειν ἢ πεισόμεθα αὐτῷ. ἐλέγετο δέ πως, ὡς ἐγᾦμαι, ἑκάστοτε ὧδε ὑπὸ τῶν οἰομένων τὶ λέγειν, ὥσπερ νυνδὴ ἐγὼ ἔλεγον, ὅτι τῶν δοξῶν ἃς οἱ ἄνθρωποι <milestone unit="section" resp="Stephanus" n="46e"/> δοξάζουσιν δέοι τὰς μὲν περὶ πολλοῦ ποιεῖσθαι, τὰς δὲ μή. τοῦτο πρὸς θεῶν, ὦ Κρίτων, οὐ δοκεῖ καλῶς σοι λέγεσθαι;</said></p></div> 
                                                        
              <div type="textpart" subtype="section" resp="perseus" n="47">
                 <p><said who="#Σωκράτης" rend="merge"><label>ΣΩ.</label> —σὺ γάρ, ὅσα γε τἀνθρώπεια, ἐκτὸς εἶ τοῦ μέλλειν ἀποθνῄσκειν
              <milestone n="47" unit="page" resp="Stephanus"/><milestone unit="section" resp="Stephanus" n="47a"/>
            αὔριον, καὶ οὐκ ἂν σὲ παρακρούοι ἡ παροῦσα συμφορά· σκόπει δή—οὐχ ἱκανῶς δοκεῖ σοι λέγεσθαι ὅτι οὐ πάσας χρὴ τὰς δόξας τῶν ἀνθρώπων τιμᾶν ἀλλὰ τὰς μέν, τὰς δʼ οὔ, οὐδὲ πάντων ἀλλὰ τῶν μέν, τῶν δʼ οὔ; τί φῄς; ταῦτα οὐχὶ καλῶς λέγεται;</said></p>
            <p><said who="#Κρίτων"><label>ΚΡ.</label> καλῶς.</said></p>
            <p><said who="#Σωκράτης"><label>ΣΩ.</label> οὐκοῦν τὰς μὲν χρηστὰς τιμᾶν, τὰς δὲ πονηρὰς μή;</said></p>
            <p><said who="#Κρίτων"><label>ΚΡ.</label> ναί.</said></p>
            <p><said who="#Σωκράτης"><label>ΣΩ.</label> χρησταὶ δὲ οὐχ αἱ τῶν φρονίμων, πονηραὶ δὲ αἱ τῶν ἀφρόνων;</said></p>
            <p><said who="#Κρίτων"><label>ΚΡ.</label> πῶς δʼ οὔ;</said></p>
            <p><said who="#Σωκράτης"><label>ΣΩ.</label> φέρε δή, πῶς αὖ τὰ τοιαῦτα ἐλέγετο; γυμναζόμενος <milestone unit="section" resp="Stephanus" n="47b"/> ἀνὴρ καὶ τοῦτο πράττων πότερον παντὸς ἀνδρὸς ἐπαίνῳ καὶ ψόγῳ καὶ δόξῃ τὸν νοῦν προσέχει, ἢ ἑνὸς μόνου ἐκείνου ὃς ἂν τυγχάνῃ ἰατρὸς ἢ παιδοτρίβης ὤν;</said></p>
            <p><said who="#Κρίτων"><label>ΚΡ.</label> ἑνὸς μόνου.</said></p>
            <p><said who="#Σωκράτης"><label>ΣΩ.</label> οὐκοῦν φοβεῖσθαι χρὴ τοὺς ψόγους καὶ ἀσπάζεσθαι τοὺς ἐπαίνους τοὺς τοῦ ἑνὸς ἐκείνου ἀλλὰ μὴ τοὺς τῶν πολλῶν.</said></p>
            <p><said who="#Κρίτων"><label>ΚΡ.</label> δῆλα δή.</said></p>
            <p><said who="#Σωκράτης"><label>ΣΩ.</label> ταύτῃ ἄρα αὐτῷ πρακτέον καὶ γυμναστέον καὶ ἐδεστέον γε καὶ ποτέον, ᾗ ἂν τῷ ἑνὶ δοκῇ, τῷ ἐπιστάτῃ καὶ ἐπαΐοντι, μᾶλλον ἢ ᾗ σύμπασι τοῖς ἄλλοις.</said></p>
            <p><said who="#Κρίτων"><label>ΚΡ.</label> ἔστι ταῦτα.</said></p>
         
         
                 <p><said who="#Σωκράτης"><milestone unit="section" resp="Stephanus" n="47c"/><label>ΣΩ.</label> εἶεν. ἀπειθήσας δὲ τῷ ἑνὶ καὶ ἀτιμάσας αὐτοῦ τὴν δόξαν καὶ τοὺς ἐπαίνους, τιμήσας δὲ τοὺς τῶν πολλῶν <del>λόγους</del> καὶ μηδὲν ἐπαϊόντων, ἆρα οὐδὲν κακὸν πείσεται;</said></p>
            <p><said who="#Κρίτων"><label>ΚΡ.</label> πῶς γὰρ οὔ;</said></p>
            <p><said who="#Σωκράτης"><label>ΣΩ.</label> τί δʼ ἔστι τὸ κακὸν τοῦτο, καὶ ποῖ τείνει, καὶ εἰς τί τῶν τοῦ ἀπειθοῦντος;</said></p>
            <p><said who="#Κρίτων"><label>ΚΡ.</label> δῆλον ὅτι εἰς τὸ σῶμα· τοῦτο γὰρ διόλλυσι.</said></p>
            <p><said who="#Σωκράτης"><label>ΣΩ.</label> καλῶς λέγεις. οὐκοῦν καὶ τἆλλα, ὦ Κρίτων, οὕτως, ἵνα μὴ πάντα διΐωμεν, καὶ δὴ καὶ περὶ τῶν δικαίων καὶ ἀδίκων καὶ αἰσχρῶν καὶ καλῶν καὶ ἀγαθῶν καὶ κακῶν, περὶ ὧν νῦν ἡ βουλὴ ἡμῖν ἐστιν, πότερον τῇ τῶν πολλῶν δόξῃ <milestone unit="section" resp="Stephanus" n="47d"/> δεῖ ἡμᾶς ἕπεσθαι καὶ φοβεῖσθαι αὐτὴν ἢ τῇ τοῦ ἑνός, εἴ τίς ἐστιν ἐπαΐων, ὃν δεῖ καὶ αἰσχύνεσθαι καὶ φοβεῖσθαι μᾶλλον ἢ σύμπαντας τοὺς ἄλλους; ᾧ εἰ μὴ ἀκολουθήσομεν, διαφθεροῦμεν ἐκεῖνο καὶ λωβησόμεθα, ὃ τῷ μὲν δικαίῳ βέλτιον ἐγίγνετο τῷ δὲ ἀδίκῳ ἀπώλλυτο. ἢ οὐδέν ἐστι τοῦτο;</said></p>
            <p><said who="#Κρίτων"><label>ΚΡ.</label> οἶμαι ἔγωγε, ὦ Σώκρατες.</said></p>
            <p><said who="#Σωκράτης"><label>ΣΩ.</label> φέρε δή, ἐὰν τὸ ὑπὸ τοῦ ὑγιεινοῦ μὲν βέλτιον γιγνόμενον, ὑπὸ τοῦ νοσώδους δὲ διαφθειρόμενον διολέσωμεν πειθόμενοι μὴ τῇ τῶν ἐπαϊόντων δόξῃ, ἆρα βιωτὸν ἡμῖν ἐστιν <milestone unit="section" resp="Stephanus" n="47e"/> διεφθαρμένου αὐτοῦ; ἔστι δέ που τοῦτο σῶμα· ἢ οὐχί;</said></p>
            <p><said who="#Κρίτων"><label>ΚΡ.</label> ναί.</said></p>
            <p><said who="#Σωκράτης"><label>ΣΩ.</label> ἆρʼ οὖν βιωτὸν ἡμῖν ἐστιν μετὰ μοχθηροῦ καὶ διεφθαρμένου σώματος;</said></p>
            <p><said who="#Κρίτων"><label>ΚΡ.</label> οὐδαμῶς.</said></p>
            <p><said who="#Σωκράτης"><label>ΣΩ.</label> ἀλλὰ μετʼ ἐκείνου ἄρʼ ἡμῖν βιωτὸν διεφθαρμένου, ᾧ τὸ ἄδικον μὲν λωβᾶται, τὸ δὲ δίκαιον ὀνίνησιν; ἢ φαυλότερον ἡγούμεθα εἶναι τοῦ σώματος ἐκεῖνο, ὅτι ποτʼ ἐστὶ τῶν <milestone n="48" unit="page" resp="Stephanus"/><milestone unit="section" resp="Stephanus" n="48a"/> ἡμετέρων, περὶ ὃ ἥ τε ἀδικία καὶ ἡ δικαιοσύνη ἐστίν;</said></p></div>
            
            <div type="textpart" subtype="section" resp="perseus" n="48">
             <p><said who="#Κρίτων"><label>ΚΡ.</label> οὐδαμῶς.</said></p>
            <p><said who="#Σωκράτης"><label>ΣΩ.</label> ἀλλὰ τιμιώτερον;</said></p>
            <p><said who="#Κρίτων"><label>ΚΡ.</label> πολύ γε.</said></p>
            <p><said who="#Σωκράτης"><label>ΣΩ.</label> οὐκ ἄρα, ὦ βέλτιστε, πάνυ ἡμῖν οὕτω φροντιστέον τί ἐροῦσιν οἱ πολλοὶ ἡμᾶς, ἀλλʼ ὅτι ὁ ἐπαΐων περὶ τῶν δικαίων καὶ ἀδίκων, ὁ εἷς καὶ αὐτὴ ἡ ἀλήθεια. ὥστε πρῶτον μὲν ταύτῃ οὐκ ὀρθῶς εἰσηγῇ, εἰσηγούμενος τῆς τῶν πολλῶν δόξης δεῖν ἡμᾶς φροντίζειν περὶ τῶν δικαίων καὶ καλῶν καὶ ἀγαθῶν καὶ τῶν ἐναντίων. <q>ἀλλὰ μὲν δή,</q> φαίη γʼ ἄν τις, <q>οἷοί τέ εἰσιν ἡμᾶς οἱ πολλοὶ ἀποκτεινύναι.</q></said></p>
         
         
               <p><said who="#Κρίτων"><milestone unit="section" resp="Stephanus" n="48b"/><label>ΚΡ.</label> δῆλα δὴ καὶ ταῦτα· φαίη γὰρ ἄν, ὦ Σώκρατες. ἀληθῆ λέγεις.</said></p>
            <p><said who="#Σωκράτης"><label>ΣΩ.</label> ἀλλʼ, ὦ θαυμάσιε, οὗτός τε ὁ λόγος ὃν διεληλύθαμεν ἔμοιγε δοκεῖ ἔτι ὅμοιος εἶναι καὶ πρότερον· καὶ τόνδε δὲ αὖ σκόπει εἰ ἔτι μένει ἡμῖν ἢ οὔ, ὅτι οὐ τὸ ζῆν περὶ πλείστου ποιητέον ἀλλὰ τὸ εὖ ζῆν.</said></p>
            <p><said who="#Κρίτων"><label>ΚΡ.</label> ἀλλὰ μένει.</said></p>
            <p><said who="#Σωκράτης"><label>ΣΩ.</label> τὸ δὲ εὖ καὶ καλῶς καὶ δικαίως ὅτι ταὐτόν ἐστιν, μένει ἢ οὐ μένει;</said></p>
            <p><said who="#Κρίτων"><label>ΚΡ.</label> μένει.</said></p>
            <p><said who="#Σωκράτης"><label>ΣΩ.</label> οὐκοῦν ἐκ τῶν ὁμολογουμένων τοῦτο σκεπτέον, πότερον δίκαιον ἐμὲ ἐνθένδε πειρᾶσθαι ἐξιέναι μὴ ἀφιέντων <milestone unit="section" resp="Stephanus" n="48c"/> Ἀθηναίων ἢ οὐ δίκαιον· καὶ ἐὰν μὲν φαίνηται δίκαιον, πειρώμεθα, εἰ δὲ μή, ἐῶμεν. ἃς δὲ σὺ λέγεις τὰς σκέψεις περί τε ἀναλώσεως χρημάτων καὶ δόξης καὶ παίδων τροφῆς, μὴ ὡς ἀληθῶς ταῦτα, ὦ Κρίτων, σκέμματα ᾖ τῶν ῥᾳδίως ἀποκτεινύντων καὶ ἀναβιωσκομένων γʼ ἄν, εἰ οἷοί τʼ ἦσαν, οὐδενὶ ξὺν νῷ, τούτων τῶν πολλῶν. ἡμῖν δʼ, ἐπειδὴ ὁ λόγος οὕτως αἱρεῖ, μὴ οὐδὲν ἄλλο σκεπτέον ᾖ ἢ ὅπερ νυνδὴ ἐλέγομεν, πότερον δίκαια πράξομεν καὶ χρήματα τελοῦντες τούτοις <milestone unit="section" resp="Stephanus" n="48d"/> τοῖς ἐμὲ ἐνθένδε ἐξάξουσιν καὶ χάριτας, καὶ αὐτοὶ ἐξάγοντές τε καὶ ἐξαγόμενοι, ἢ τῇ ἀληθείᾳ ἀδικήσομεν πάντα ταῦτα ποιοῦντες· κἂν φαινώμεθα ἄδικα αὐτὰ ἐργαζόμενοι, μὴ οὐ δέῃ ὑπολογίζεσθαι οὔτʼ εἰ ἀποθνῄσκειν δεῖ παραμένοντας καὶ ἡσυχίαν ἄγοντας, οὔτε ἄλλο ὁτιοῦν πάσχειν πρὸ τοῦ ἀδικεῖν.</said></p>
            <p><said who="#Κρίτων"><label>ΚΡ.</label> καλῶς μέν μοι δοκεῖς λέγειν, ὦ Σώκρατες, ὅρα δὲ τί δρῶμεν.</said></p>
            <p><said who="#Σωκράτης"><label>ΣΩ.</label> σκοπῶμεν, ὦ ἀγαθέ, κοινῇ, καὶ εἴ πῃ ἔχεις ἀντιλέγειν <milestone unit="section" resp="Stephanus" n="48e"/> ἐμοῦ λέγοντος, ἀντίλεγε καί σοι πείσομαι· εἰ δὲ μή, παῦσαι ἤδη, ὦ μακάριε, πολλάκις μοι λέγων τὸν αὐτὸν λόγον, ὡς χρὴ ἐνθένδε ἀκόντων Ἀθηναίων ἐμὲ ἀπιέναι· ὡς ἐγὼ περὶ πολλοῦ ποιοῦμαι πείσας σε ταῦτα πράττειν, ἀλλὰ μὴ ἄκοντος. ὅρα δὲ δὴ τῆς σκέψεως τὴν ἀρχὴν ἐάν σοι  <milestone n="49" unit="page" resp="Stephanus"/><milestone unit="section" resp="Stephanus" n="49a"/>
           ἱκανῶς λέγηται, καὶ πειρῶ ἀποκρίνεσθαι τὸ ἐρωτώμενον ᾗ ἂν μάλιστα οἴῃ.</said></p></div>
              
            <div type="textpart" subtype="section" resp="perseus" n="49">
               <p><said who="#Κρίτων"><label>ΚΡ.</label> ἀλλὰ πειράσομαι.</said></p>
            <p><said who="#Σωκράτης"><label>ΣΩ.</label> οὐδενὶ τρόπῳ φαμὲν ἑκόντας ἀδικητέον εἶναι, ἢ τινὶ μὲν ἀδικητέον τρόπῳ τινὶ δὲ οὔ; ἢ οὐδαμῶς τό γε ἀδικεῖν οὔτε ἀγαθὸν οὔτε καλόν, ὡς πολλάκις ἡμῖν καὶ ἐν τῷ ἔμπροσθεν χρόνῳ ὡμολογήθη; <del>ὅπερ καὶ ἄρτι ἐλέγετο</del> ἢ πᾶσαι ἡμῖν ἐκεῖναι αἱ πρόσθεν ὁμολογίαι ἐν ταῖσδε ταῖς ὀλίγαις ἡμέραις ἐκκεχυμέναι εἰσίν, καὶ πάλαι, ὦ Κρίτων, ἄρα τηλικοίδε <del>γέροντες</del> ἄνδρες πρὸς ἀλλήλους σπουδῇ διαλεγόμενοι <milestone unit="section" resp="Stephanus" n="49b"/> ἐλάθομεν ἡμᾶς αὐτοὺς παίδων οὐδὲν διαφέροντες; ἢ παντὸς μᾶλλον οὕτως ἔχει ὥσπερ τότε ἐλέγετο ἡμῖν· εἴτε φασὶν οἱ πολλοὶ εἴτε μή, καὶ εἴτε δεῖ ἡμᾶς ἔτι τῶνδε χαλεπώτερα πάσχειν εἴτε καὶ πρᾳότερα, ὅμως τό γε ἀδικεῖν τῷ ἀδικοῦντι καὶ κακὸν καὶ αἰσχρὸν τυγχάνει ὂν παντὶ τρόπῳ; φαμὲν ἢ οὔ;</said></p>
            <p><said who="#Κρίτων"><label>ΚΡ.</label> φαμέν.</said></p>
            <p><said who="#Σωκράτης"><label>ΣΩ.</label> οὐδαμῶς ἄρα δεῖ ἀδικεῖν.</said></p>
            <p><said who="#Κρίτων"><label>ΚΡ.</label> οὐ δῆτα.</said></p>
            <p><said who="#Σωκράτης"><label>ΣΩ.</label> οὐδὲ ἀδικούμενον ἄρα ἀνταδικεῖν, ὡς οἱ πολλοὶ οἴονται, ἐπειδή γε οὐδαμῶς δεῖ ἀδικεῖν.</said></p>
         
         
               <p><said who="#Κρίτων"><milestone unit="section" resp="Stephanus" n="49c"/><label>ΚΡ.</label> οὐ φαίνεται.</said></p>
            <p><said who="#Σωκράτης"><label>ΣΩ.</label> τί δὲ δή; κακουργεῖν δεῖ, ὦ Κρίτων, ἢ οὔ;</said></p>
            <p><said who="#Κρίτων"><label>ΚΡ.</label> οὐ δεῖ δήπου, ὦ Σώκρατες.</said></p>
            <p><said who="#Σωκράτης"><label>ΣΩ.</label> τί δέ; ἀντικακουργεῖν κακῶς πάσχοντα, ὡς οἱ πολλοί φασιν, δίκαιον ἢ οὐ δίκαιον;</said></p>
            <p><said who="#Κρίτων"><label>ΚΡ.</label> οὐδαμῶς.</said></p>
            <p><said who="#Σωκράτης"><label>ΣΩ.</label> τὸ γάρ που κακῶς ποιεῖν ἀνθρώπους τοῦ ἀδικεῖν οὐδὲν διαφέρει.</said></p>
            <p><said who="#Κρίτων"><label>ΚΡ.</label> ἀληθῆ λέγεις.</said></p>
            <p><said who="#Σωκράτης"><label>ΣΩ.</label> οὔτε ἄρα ἀνταδικεῖν δεῖ οὔτε κακῶς ποιεῖν οὐδένα ἀνθρώπων, οὐδʼ ἂν ὁτιοῦν πάσχῃ ὑπʼ αὐτῶν. καὶ ὅρα, ὦ <milestone unit="section" resp="Stephanus" n="49d"/> Κρίτων, ταῦτα καθομολογῶν, ὅπως μὴ παρὰ δόξαν ὁμολογῇς· οἶδα γὰρ ὅτι ὀλίγοις τισὶ ταῦτα καὶ δοκεῖ καὶ δόξει. οἷς οὖν οὕτω δέδοκται καὶ οἷς μή, τούτοις οὐκ ἔστι κοινὴ βουλή, ἀλλὰ ἀνάγκη τούτους ἀλλήλων καταφρονεῖν ὁρῶντας ἀλλήλων τὰ βουλεύματα. σκόπει δὴ οὖν καὶ σὺ εὖ μάλα πότερον κοινωνεῖς καὶ συνδοκεῖ σοι καὶ ἀρχώμεθα ἐντεῦθεν βουλευόμενοι, ὡς οὐδέποτε ὀρθῶς ἔχοντος οὔτε τοῦ ἀδικεῖν οὔτε τοῦ ἀνταδικεῖν οὔτε κακῶς πάσχοντα ἀμύνεσθαι ἀντιδρῶντα κακῶς, ἢ ἀφίστασαι καὶ οὐ κοινωνεῖς τῆς ἀρχῆς; <milestone unit="section" resp="Stephanus" n="49e"/> ἐμοὶ μὲν γὰρ καὶ πάλαι οὕτω καὶ νῦν ἔτι δοκεῖ, σοὶ δὲ εἴ πῃ ἄλλῃ δέδοκται, λέγε καὶ δίδασκε. εἰ δʼ ἐμμένεις τοῖς πρόσθε, τὸ μετὰ τοῦτο ἄκουε.</said></p>
            <p><said who="#Κρίτων"><label>ΚΡ.</label> ἀλλʼ ἐμμένω τε καὶ συνδοκεῖ μοι· ἀλλὰ λέγε.</said></p>
            <p><said who="#Σωκράτης"><label>ΣΩ.</label> λέγω δὴ αὖ τὸ μετὰ τοῦτο, μᾶλλον δʼ ἐρωτῶ· πότερον ἃ ἄν τις ὁμολογήσῃ τῳ δίκαια ὄντα ποιητέον ἢ ἐξαπατητέον;</said></p>
            <p><said who="#Κρίτων"><label>ΚΡ.</label> ποιητέον.</said></p></div>
              
            <div type="textpart" subtype="section" resp="perseus" n="50">
               <p><said who="#Σωκράτης"><label>ΣΩ.</label> ἐκ τούτων δὴ ἄθρει. ἀπιόντες ἐνθένδε ἡμεῖς μὴ <milestone n="50" unit="page" resp="Stephanus"/><milestone unit="section" resp="Stephanus" n="50a"/>πείσαντες τὴν πόλιν πότερον κακῶς τινας ποιοῦμεν, καὶ ταῦτα οὓς ἥκιστα δεῖ, ἢ οὔ; καὶ ἐμμένομεν οἷς ὡμολογήσαμεν δικαίοις οὖσιν ἢ οὔ;</said></p>
            <p><said who="#Κρίτων"><label>ΚΡ.</label> οὐκ ἔχω, ὦ Σώκρατες, ἀποκρίνασθαι πρὸς ὃ ἐρωτᾷς· οὐ γὰρ ἐννοῶ.</said></p>
            <p><said who="#Σωκράτης"><label>ΣΩ.</label> ἀλλʼ ὧδε σκόπει. εἰ μέλλουσιν ἡμῖν ἐνθένδε εἴτε ἀποδιδράσκειν, εἴθʼ ὅπως δεῖ ὀνομάσαι τοῦτο, ἐλθόντες οἱ νόμοι καὶ τὸ κοινὸν τῆς πόλεως ἐπιστάντες ἔροιντο· <q>εἰπέ μοι, ὦ Σώκρατες, τί ἐν νῷ ἔχεις ποιεῖν; ἄλλο τι ἢ τούτῳ <milestone unit="section" resp="Stephanus" n="50b"/> τῷ ἔργῳ ᾧ ἐπιχειρεῖς διανοῇ τούς τε νόμους ἡμᾶς ἀπολέσαι καὶ σύμπασαν τὴν πόλιν τὸ σὸν μέρος; ἢ δοκεῖ σοι οἷόν τε ἔτι ἐκείνην τὴν πόλιν εἶναι καὶ μὴ ἀνατετράφθαι, ἐν ᾗ ἂν αἱ γενόμεναι δίκαι μηδὲν ἰσχύωσιν ἀλλὰ ὑπὸ ἰδιωτῶν ἄκυροί τε γίγνωνται καὶ διαφθείρωνται;</q> τί ἐροῦμεν, ὦ Κρίτων, πρὸς ταῦτα καὶ ἄλλα τοιαῦτα; πολλὰ γὰρ ἄν τις ἔχοι, ἄλλως τε καὶ ῥήτωρ, εἰπεῖν ὑπὲρ τούτου τοῦ νόμου ἀπολλυμένου ὃς τὰς δίκας τὰς δικασθείσας προστάττει κυρίας εἶναι. <milestone unit="section" resp="Stephanus" n="50c"/> ἢ ἐροῦμεν πρὸς αὐτοὺς ὅτι <q>ἠδίκει γὰρ ἡμᾶς ἡ πόλις καὶ οὐκ ὀρθῶς τὴν δίκην ἔκρινεν;</q> ταῦτα ἢ τί ἐροῦμεν;</said></p>
            <p><said who="#Κρίτων"><label>ΚΡ.</label> ταῦτα νὴ Δία, ὦ Σώκρατες.</said></p>
            <p><said who="#Σωκράτης"><label>ΣΩ.</label> τί οὖν ἂν εἴπωσιν οἱ νόμοι· <q>ὦ Σώκρατες, ἦ καὶ ταῦτα ὡμολόγητο ἡμῖν τε καὶ σοί, ἢ ἐμμενεῖν ταῖς δίκαις αἷς ἂν ἡ πόλις δικάζῃ;</q> εἰ οὖν αὐτῶν θαυμάζοιμεν λεγόντων, ἴσως ἂν εἴποιεν ὅτι <q>ὦ Σώκρατες, μὴ θαύμαζε τὰ λεγόμενα ἀλλʼ ἀποκρίνου, ἐπειδὴ καὶ εἴωθας χρῆσθαι τῷ ἐρωτᾶν τε καὶ ἀποκρίνεσθαι. φέρε γάρ, τί ἐγκαλῶν
               <milestone unit="section" resp="Stephanus" n="50d"/> ἡμῖν καὶ τῇ πόλει ἐπιχειρεῖς ἡμᾶς ἀπολλύναι; οὐ πρῶτον μέν σε ἐγεννήσαμεν ἡμεῖς, καὶ διʼ ἡμῶν ἔλαβε τὴν μητέρα σου ὁ πατὴρ καὶ ἐφύτευσέν σε; φράσον οὖν, τούτοις ἡμῶν, τοῖς νόμοις τοῖς περὶ τοὺς γάμους, μέμφῃ τι ὡς οὐ καλῶς ἔχουσιν;</q> <q>οὐ μέμφομαι,</q> φαίην ἄν. <q>ἀλλὰ τοῖς περὶ τὴν τοῦ γενομένου τροφήν τε καὶ παιδείαν ἐν ᾗ καὶ σὺ ἐπαιδεύθης; ἢ οὐ καλῶς προσέταττον ἡμῶν οἱ ἐπὶ τούτῳ τεταγμένοι νόμοι, παραγγέλλοντες τῷ πατρὶ τῷ σῷ σε ἐν
               <milestone unit="section" resp="Stephanus" n="50e"/> μουσικῇ καὶ γυμναστικῇ παιδεύειν;</q> <q>καλῶς,</q> φαίην ἄν. <q>εἶεν. ἐπειδὴ δὲ ἐγένου τε καὶ ἐξετράφης καὶ ἐπαιδεύθης, ἔχοις ἂν εἰπεῖν πρῶτον μὲν ὡς οὐχὶ ἡμέτερος ἦσθα καὶ ἔκγονος καὶ δοῦλος, αὐτός τε καὶ οἱ σοὶ πρόγονοι; καὶ εἰ τοῦθʼ οὕτως ἔχει, ἆρʼ ἐξ ἴσου οἴει εἶναι σοὶ τὸ δίκαιον καὶ ἡμῖν, καὶ ἅττʼ ἂν ἡμεῖς σε ἐπιχειρῶμεν ποιεῖν, καὶ σοὶ ταῦτα ἀντιποιεῖν οἴει δίκαιον εἶναι;</q></said></p>
              </div>
              
              <div type="textpart" subtype="section" resp="perseus" n="51">
                 <p><said who="#Σωκράτης" rend="merge"><label>ΣΩ.</label> <q rend="merge">ἢ πρὸς μὲν ἄρα σοι τὸν πατέρα οὐκ ἐξ ἴσου ἦν τὸ δίκαιον καὶ πρὸς δεσπότην, εἴ σοι ὢν ἐτύγχανεν, ὥστε ἅπερ πάσχοις ταῦτα καὶ ἀντιποιεῖν, οὔτε κακῶς ἀκούοντα <milestone n="51" unit="page" resp="Stephanus"/><milestone unit="section" resp="Stephanus" n="51a"/> ἀντιλέγειν οὔτε τυπτόμενον ἀντιτύπτειν οὔτε ἄλλα τοιαῦτα πολλά· πρὸς δὲ τὴν πατρίδα ἄρα καὶ τοὺς νόμους ἐξέσται σοι, ὥστε, ἐάν σε ἐπιχειρῶμεν ἡμεῖς ἀπολλύναι δίκαιον ἡγούμενοι εἶναι, καὶ σὺ δὲ ἡμᾶς τοὺς νόμους καὶ τὴν πατρίδα καθʼ ὅσον δύνασαι ἐπιχειρήσεις ἀνταπολλύναι, καὶ φήσεις ταῦτα ποιῶν δίκαια πράττειν, ὁ τῇ ἀληθείᾳ τῆς ἀρετῆς ἐπιμελόμενος; ἢ οὕτως εἶ σοφὸς ὥστε λέληθέν σε ὅτι μητρός τε καὶ πατρὸς καὶ τῶν ἄλλων προγόνων ἁπάντων τιμιώτερόν ἐστιν πατρὶς καὶ σεμνότερον καὶ ἁγιώτερον
 <milestone unit="section" resp="Stephanus" n="51b"/> καὶ ἐν μείζονι μοίρᾳ καὶ παρὰ θεοῖς καὶ παρʼ ἀνθρώποις τοῖς νοῦν ἔχουσι, καὶ σέβεσθαι δεῖ καὶ μᾶλλον ὑπείκειν καὶ θωπεύειν πατρίδα χαλεπαίνουσαν ἢ πατέρα, καὶ ἢ πείθειν ἢ ποιεῖν ἃ ἂν κελεύῃ, καὶ πάσχειν ἐάν τι προστάττῃ παθεῖν ἡσυχίαν ἄγοντα, ἐάντε τύπτεσθαι ἐάντε δεῖσθαι, ἐάντε εἰς πόλεμον ἄγῃ τρωθησόμενον ἢ ἀποθανούμενον, ποιητέον ταῦτα, καὶ τὸ δίκαιον οὕτως ἔχει, καὶ οὐχὶ ὑπεικτέον οὐδὲ ἀναχωρητέον οὐδὲ λειπτέον τὴν τάξιν, ἀλλὰ καὶ ἐν πολέμῳ καὶ ἐν δικαστηρίῳ καὶ πανταχοῦ ποιητέον ἃ ἂν κελεύῃ ἡ
      <milestone unit="section" resp="Stephanus" n="51c"/> πόλις καὶ ἡ πατρίς, ἢ πείθειν αὐτὴν ᾗ τὸ δίκαιον πέφυκε· βιάζεσθαι δὲ οὐχ ὅσιον οὔτε μητέρα οὔτε πατέρα, πολὺ δὲ τούτων ἔτι ἧττον τὴν πατρίδα;</q> τί φήσομεν πρὸς ταῦτα, ὦ Κρίτων; ἀληθῆ λέγειν τοὺς νόμους ἢ οὔ;</said></p>
            <p><said who="#Κρίτων"><label>ΚΡ.</label> ἔμοιγε δοκεῖ.</said></p>
            <p><said who="#Σωκράτης"><label>ΣΩ.</label> <q>σκόπει τοίνυν, ὦ Σώκρατες,</q> φαῖεν ἂν ἴσως οἱ νόμοι, <q>εἰ ἡμεῖς ταῦτα ἀληθῆ λέγομεν, ὅτι οὐ δίκαια ἡμᾶς ἐπιχειρεῖς δρᾶν ἃ νῦν ἐπιχειρεῖς. ἡμεῖς γάρ σε γεννήσαντες, ἐκθρέψαντες, παιδεύσαντες, μεταδόντες ἁπάντων ὧν οἷοί τʼ
<milestone unit="section" resp="Stephanus" n="51d"/> ἦμεν καλῶν σοὶ καὶ τοῖς ἄλλοις πᾶσιν πολίταις, ὅμως προαγορεύομεν τῷ ἐξουσίαν πεποιηκέναι Ἀθηναίων τῷ βουλομένῳ, ἐπειδὰν δοκιμασθῇ καὶ ἴδῃ τὰ ἐν τῇ πόλει πράγματα καὶ ἡμᾶς τοὺς νόμους, ᾧ ἂν μὴ ἀρέσκωμεν ἡμεῖς, ἐξεῖναι λαβόντα τὰ αὑτοῦ ἀπιέναι ὅποι ἂν βούληται. καὶ οὐδεὶς ἡμῶν τῶν νόμων ἐμποδών ἐστιν οὐδʼ ἀπαγορεύει, ἐάντε τις βούληται ὑμῶν εἰς ἀποικίαν ἰέναι, εἰ μὴ ἀρέσκοιμεν ἡμεῖς τε καὶ ἡ πόλις, ἐάντε μετοικεῖν ἄλλοσέ ποι ἐλθών, ἰέναι ἐκεῖσε ὅποι
 <milestone unit="section" resp="Stephanus" n="51e"/> ἂν βούληται, ἔχοντα τὰ αὑτοῦ. ὃς δʼ ἂν ὑμῶν παραμείνῃ, ὁρῶν ὃν τρόπον ἡμεῖς τάς τε δίκας δικάζομεν καὶ τἆλλα τὴν πόλιν διοικοῦμεν, ἤδη φαμὲν τοῦτον ὡμολογηκέναι ἔργῳ ἡμῖν ἃ ἂν ἡμεῖς κελεύωμεν ποιήσειν ταῦτα, καὶ τὸν μὴ πειθόμενον τριχῇ φαμεν ἀδικεῖν, ὅτι τε γεννηταῖς οὖσιν ἡμῖν οὐ πείθεται, καὶ ὅτι τροφεῦσι, καὶ ὅτι ὁμολογήσας ἡμῖν πείσεσθαι οὔτε πείθεται οὔτε πείθει ἡμᾶς, εἰ μὴ καλῶς τι ποιοῦμεν,<milestone n="52" unit="page" resp="Stephanus"/><milestone unit="section" resp="Stephanus" n="52a"/>προτιθέντων ἡμῶν καὶ οὐκ ἀγρίως ἐπιταττόντων ποιεῖν ἃ ἂν κελεύωμεν, ἀλλὰ ἐφιέντων δυοῖν θάτερα, ἢ πείθειν ἡμᾶς ἢ ποιεῖν, τούτων οὐδέτερα ποιεῖ.</q></said></p></div> 
               
               
              <div type="textpart" subtype="section" resp="perseus" n="52">
                 <p><said who="#Σωκράτης" rend="merge"><label>ΣΩ.</label> <q rend="merge">ταύταις δή φαμεν καὶ σέ, ὦ Σώκρατες, ταῖς αἰτίαις ἐνέξεσθαι, εἴπερ ποιήσεις ἃ ἐπινοεῖς, καὶ οὐχ ἥκιστα Ἀθηναίων σέ, ἀλλʼ ἐν τοῖς μάλιστα.</q> εἰ οὖν ἐγὼ εἴποιμι· <q>διὰ τί δή;</q> ἴσως ἄν μου δικαίως καθάπτοιντο λέγοντες ὅτι ἐν τοῖς μάλιστα Ἀθηναίων ἐγὼ αὐτοῖς ὡμολογηκὼς τυγχάνω ταύτην τὴν ὁμολογίαν. φαῖεν γὰρ ἂν ὅτι 
 <milestone unit="section" resp="Stephanus" n="52b"/> <q>ὦ Σώκρατες, μεγάλα ἡμῖν τούτων τεκμήριά ἐστιν, ὅτι σοι καὶ ἡμεῖς ἠρέσκομεν καὶ ἡ πόλις· οὐ γὰρ ἄν ποτε τῶν ἄλλων Ἀθηναίων ἁπάντων διαφερόντως ἐν αὐτῇ ἐπεδήμεις εἰ μή σοι διαφερόντως ἤρεσκεν, καὶ οὔτʼ ἐπὶ θεωρίαν πώποτʼ ἐκ τῆς πόλεως ἐξῆλθες, ὅτι μὴ ἅπαξ εἰς Ἰσθμόν, οὔτε ἄλλοσε οὐδαμόσε, εἰ μή ποι στρατευσόμενος, οὔτε ἄλλην ἀποδημίαν ἐποιήσω πώποτε ὥσπερ οἱ ἄλλοι ἄνθρωποι, οὐδʼ ἐπιθυμία σε ἄλλης πόλεως οὐδὲ ἄλλων νόμων ἔλαβεν εἰδέναι, ἀλλὰ ἡμεῖς
<milestone unit="section" resp="Stephanus" n="52c"/> σοι ἱκανοὶ ἦμεν καὶ ἡ ἡμετέρα πόλις· οὕτω σφόδρα ἡμᾶς ᾑροῦ καὶ ὡμολόγεις καθʼ ἡμᾶς πολιτεύσεσθαι, τά τε ἄλλα καὶ παῖδας ἐν αὐτῇ ἐποιήσω, ὡς ἀρεσκούσης σοι τῆς πόλεως. ἔτι τοίνυν ἐν αὐτῇ τῇ δίκῃ ἐξῆν σοι φυγῆς τιμήσασθαι εἰ ἐβούλου, καὶ ὅπερ νῦν ἀκούσης τῆς πόλεως ἐπιχειρεῖς, τότε ἑκούσης ποιῆσαι. σὺ δὲ τότε μὲν ἐκαλλωπίζου ὡς οὐκ ἀγανακτῶν εἰ δέοι τεθνάναι σε, ἀλλὰ ᾑροῦ, ὡς ἔφησθα, πρὸ τῆς φυγῆς θάνατον· νῦν δὲ οὔτʼ ἐκείνους τοὺς λόγους αἰσχύνῃ, οὔτε ἡμῶν τῶν νόμων ἐντρέπῃ, ἐπιχειρῶν διαφθεῖραι, πράττεις
<milestone unit="section" resp="Stephanus" n="52d"/> τε ἅπερ ἂν δοῦλος ὁ φαυλότατος πράξειεν, ἀποδιδράσκειν ἐπιχειρῶν παρὰ τὰς συνθήκας τε καὶ τὰς ὁμολογίας καθʼ ἃς ἡμῖν συνέθου πολιτεύεσθαι. πρῶτον μὲν οὖν ἡμῖν τοῦτʼ αὐτὸ ἀπόκριναι, εἰ ἀληθῆ λέγομεν φάσκοντές σε ὡμολογηκέναι πολιτεύσεσθαι καθʼ ἡμᾶς ἔργῳ ἀλλʼ οὐ λόγῳ, ἢ οὐκ ἀληθῆ.</q> τί φῶμεν πρὸς ταῦτα, ὦ Κρίτων; ἄλλο τι ἢ ὁμολογῶμεν;</said></p>
            <p><said who="#Κρίτων"><label>ΚΡ.</label> ἀνάγκη, ὦ Σώκρατες.</said></p>
            <p><said who="#Σωκράτης"><label>ΣΩ.</label> <q>ἄλλο τι οὖν,</q> ἂν φαῖεν, <q>ἢ συνθήκας τὰς πρὸς
<milestone unit="section" resp="Stephanus" n="52e"/> ἡμᾶς αὐτοὺς καὶ ὁμολογίας παραβαίνεις, οὐχ ὑπὸ ἀνάγκης ὁμολογήσας οὐδὲ ἀπατηθεὶς οὐδὲ ἐν ὀλίγῳ χρόνῳ ἀναγκασθεὶς βουλεύσασθαι, ἀλλʼ ἐν ἔτεσιν ἑβδομήκοντα, ἐν οἷς ἐξῆν σοι ἀπιέναι, εἰ μὴ ἠρέσκομεν ἡμεῖς μηδὲ δίκαιαι ἐφαίνοντό σοι αἱ ὁμολογίαι εἶναι.</q></said></p></div>
              
              <div type="textpart" subtype="section" resp="perseus" n="53">
                 <p><said who="#Σωκράτης" rend="merge"><label>ΣΩ.</label> <q rend="merge">σὺ δὲ οὔτε Λακεδαίμονα προῃροῦ οὔτε Κρήτην, ἃς δὴ ἑκάστοτε φῂς εὐνομεῖσθαι, οὔτε ἄλλην οὐδεμίαν<milestone n="53" unit="page" resp="Stephanus"/><milestone unit="section" resp="Stephanus" n="53a"/>τῶν Ἑλληνίδων πόλεων οὐδὲ τῶν βαρβαρικῶν, ἀλλὰ ἐλάττω ἐξ αὐτῆς ἀπεδήμησας ἢ οἱ χωλοί τε καὶ τυφλοὶ καὶ οἱ ἄλλοι ἀνάπηροι· οὕτω σοι διαφερόντως τῶν ἄλλων Ἀθηναίων ἤρεσκεν ἡ πόλις τε καὶ ἡμεῖς οἱ νόμοι δῆλον ὅτι· τίνι γὰρ ἂν πόλις ἀρέσκοι ἄνευ νόμων; νῦν δὲ δὴ οὐκ ἐμμενεῖς τοῖς ὡμολογημένοις; ἐὰν ἡμῖν γε πείθῃ, ὦ Σώκρατες· καὶ οὐ καταγέλαστός γε ἔσῃ ἐκ τῆς πόλεως ἐξελθών.<milestone unit="para" ed="P"/>σκόπει γὰρ δή, ταῦτα παραβὰς καὶ ἐξαμαρτάνων τι τούτων τί ἀγαθὸν ἐργάσῃ σαυτὸν ἢ τοὺς ἐπιτηδείους τοὺς <milestone unit="section" resp="Stephanus" n="53b"/> σαυτοῦ. ὅτι μὲν γὰρ κινδυνεύσουσί γέ σου οἱ ἐπιτήδειοι καὶ αὐτοὶ φεύγειν καὶ στερηθῆναι τῆς πόλεως ἢ τὴν οὐσίαν ἀπολέσαι, σχεδόν τι δῆλον· αὐτὸς δὲ πρῶτον μὲν ἐὰν εἰς τῶν ἐγγύτατά τινα πόλεων ἔλθῃς, ἢ Θήβαζε ἢ Μέγαράδε— εὐνομοῦνται γὰρ ἀμφότεραι—πολέμιος ἥξεις, ὦ Σώκρατες, τῇ τούτων πολιτείᾳ, καὶ ὅσοιπερ κήδονται τῶν αὑτῶν πόλεων ὑποβλέψονταί σε διαφθορέα ἡγούμενοι τῶν νόμων, καὶ βεβαιώσεις τοῖς δικασταῖς τὴν δόξαν, ὥστε δοκεῖν ὀρθῶς τὴν <milestone unit="section" resp="Stephanus" n="53c"/> δίκην δικάσαι· ὅστις γὰρ νόμων διαφθορεύς ἐστιν σφόδρα που δόξειεν ἂν νέων γε καὶ ἀνοήτων ἀνθρώπων διαφθορεὺς εἶναι. πότερον οὖν φεύξῃ τάς τε εὐνομουμένας πόλεις καὶ τῶν ἀνδρῶν τοὺς κοσμιωτάτους; καὶ τοῦτο ποιοῦντι ἆρα ἄξιόν σοι ζῆν ἔσται; ἢ πλησιάσεις τούτοις καὶ ἀναισχυντήσεις διαλεγόμενος—τίνας λόγους, ὦ Σώκρατες; ἢ οὕσπερ ἐνθάδε, ὡς ἡ ἀρετὴ καὶ ἡ δικαιοσύνη πλείστου ἄξιον τοῖς ἀνθρώποις καὶ τὰ νόμιμα καὶ οἱ νόμοι; καὶ οὐκ οἴει ἄσχημον <del>ἂν</del>
<milestone unit="section" resp="Stephanus" n="53d"/> φανεῖσθαι τὸ τοῦ Σωκράτους πρᾶγμα; οἴεσθαί γε χρή. ἀλλʼ ἐκ μὲν τούτων τῶν τόπων ἀπαρεῖς, ἥξεις δὲ εἰς Θετταλίαν παρὰ τοὺς ξένους τοὺς Κρίτωνος; ἐκεῖ γὰρ δὴ πλείστη ἀταξία καὶ ἀκολασία, καὶ ἴσως ἂν ἡδέως σου ἀκούοιεν ὡς γελοίως ἐκ τοῦ δεσμωτηρίου ἀπεδίδρασκες σκευήν τέ τινα περιθέμενος, ἢ διφθέραν λαβὼν ἢ ἄλλα οἷα δὴ εἰώθασιν ἐνσκευάζεσθαι οἱ ἀποδιδράσκοντες, καὶ τὸ σχῆμα τὸ σαυτοῦ μεταλλάξας· ὅτι δὲ γέρων ἀνήρ, σμικροῦ χρόνου τῷ βίῳ λοιποῦ ὄντος ὡς τὸ <milestone unit="section" resp="Stephanus" n="53e"/> εἰκός, ἐτόλμησας οὕτω γλίσχρως ἐπιθυμεῖν ζῆν, νόμους τοὺς μεγίστους παραβάς, οὐδεὶς ὃς ἐρεῖ; ἴσως, ἂν μή τινα λυπῇς· εἰ δὲ μή, ἀκούσῃ, ὦ Σώκρατες, πολλὰ καὶ ἀνάξια σαυτοῦ. ὑπερχόμενος δὴ βιώσῃ πάντας ἀνθρώπους καὶ δουλεύων— τί ποιῶν ἢ εὐωχούμενος ἐν Θετταλίᾳ, ὥσπερ ἐπὶ δεῖπνον ἀποδεδημηκὼς εἰς Θετταλίαν;</q></said></p></div>
              
              <div type="textpart" subtype="section" resp="perseus" n="54">
                 <p><said who="#Σωκράτης" rend="merge"><label>ΣΩ.</label> <q rend="merge">λόγοι δὲ ἐκεῖνοι οἱ περὶ <milestone n="54" unit="page" resp="Stephanus"/><milestone unit="section" resp="Stephanus" n="54a"/>δικαιοσύνης τε καὶ τῆς ἄλλης ἀρετῆς ποῦ ἡμῖν ἔσονται; ἀλλὰ δὴ τῶν παίδων ἕνεκα βούλει ζῆν, ἵνα αὐτοὺς ἐκθρέψῃς καὶ παιδεύσῃς; τί δέ; εἰς Θετταλίαν αὐτοὺς ἀγαγὼν θρέψεις τε καὶ παιδεύσεις, ξένους ποιήσας, ἵνα καὶ τοῦτο ἀπολαύσωσιν; ἢ τοῦτο μὲν οὔ, αὐτοῦ δὲ τρεφόμενοι σοῦ ζῶντος βέλτιον θρέψονται καὶ παιδεύσονται μὴ συνόντος σοῦ αὐτοῖς; οἱ γὰρ ἐπιτήδειοι οἱ σοὶ ἐπιμελήσονται αὐτῶν. πότερον ἐὰν μὲν εἰς Θετταλίαν ἀποδημήσῃς, ἐπιμελήσονται, ἐὰν δὲ εἰς Ἅιδου ἀποδημήσῃς, οὐχὶ ἐπιμελήσονται; εἴπερ γέ τι ὄφελος αὐτῶν <milestone unit="section" resp="Stephanus" n="54b"/> ἐστιν τῶν σοι φασκόντων ἐπιτηδείων εἶναι, οἴεσθαί γε χρή.<milestone unit="para" ed="P"/>ἀλλʼ, ὦ Σώκρατες, πειθόμενος ἡμῖν τοῖς σοῖς τροφεῦσι μήτε παῖδας περὶ πλείονος ποιοῦ μήτε τὸ ζῆν μήτε ἄλλο μηδὲν πρὸ τοῦ δικαίου, ἵνα εἰς Ἅιδου ἐλθὼν ἔχῃς πάντα ταῦτα ἀπολογήσασθαι τοῖς ἐκεῖ ἄρχουσιν· οὔτε γὰρ ἐνθάδε σοι φαίνεται ταῦτα πράττοντι ἄμεινον εἶναι οὐδὲ δικαιότερον οὐδὲ ὁσιώτερον, οὐδὲ ἄλλῳ τῶν σῶν οὐδενί, οὔτε ἐκεῖσε ἀφικομένῳ ἄμεινον ἔσται. ἀλλὰ νῦν μὲν ἠδικημένος ἄπει,
                    <milestone unit="section" resp="Stephanus" n="54c"/> ἐὰν ἀπίῃς, οὐχ ὑφʼ ἡμῶν τῶν νόμων ἀλλὰ ὑπʼ ἀνθρώπων· ἐὰν δὲ ἐξέλθῃς οὕτως αἰσχρῶς ἀνταδικήσας τε καὶ ἀντικακουργήσας, τὰς σαυτοῦ ὁμολογίας τε καὶ συνθήκας τὰς πρὸς ἡμᾶς παραβὰς καὶ κακὰ ἐργασάμενος τούτους οὓς ἥκιστα ἔδει, σαυτόν τε καὶ φίλους καὶ πατρίδα καὶ ἡμᾶς, ἡμεῖς τέ σοι χαλεπανοῦμεν ζῶντι, καὶ ἐκεῖ οἱ ἡμέτεροι ἀδελφοὶ οἱ ἐν Ἅιδου νόμοι οὐκ εὐμενῶς σε ὑποδέξονται, εἰδότες ὅτι καὶ ἡμᾶς ἐπεχείρησας ἀπολέσαι τὸ σὸν μέρος. ἀλλὰ μή σε <milestone unit="section" resp="Stephanus" n="54d"/> πείσῃ Κρίτων ποιεῖν ἃ λέγει μᾶλλον ἢ ἡμεῖς.</q><milestone unit="para" ed="P"/>ταῦτα, ὦ φίλε ἑταῖρε Κρίτων, εὖ ἴσθι ὅτι ἐγὼ δοκῶ ἀκούειν, ὥσπερ οἱ κορυβαντιῶντες τῶν αὐλῶν δοκοῦσιν ἀκούειν, καὶ ἐν ἐμοὶ αὕτη ἡ ἠχὴ τούτων τῶν λόγων βομβεῖ καὶ ποιεῖ μὴ δύνασθαι τῶν ἄλλων ἀκούειν· ἀλλὰ ἴσθι, ὅσα γε τὰ νῦν ἐμοὶ δοκοῦντα, ἐὰν λέγῃς παρὰ ταῦτα, μάτην ἐρεῖς. ὅμως μέντοι εἴ τι οἴει πλέον ποιήσειν, λέγε.</said></p>
            <p><said who="#Κρίτων"><label>ΚΡ.</label> ἀλλʼ, ὦ Σώκρατες, οὐκ ἔχω λέγειν.</said></p>
         
         
                 <p><said who="#Σωκράτης"><milestone unit="section" resp="Stephanus" n="54e"/><label>ΣΩ.</label> ἔα τοίνυν, ὦ Κρίτων, καὶ πράττωμεν ταύτῃ, ἐπειδὴ ταύτῃ ὁ θεὸς ὑφηγεῖται.</said></p></div>
           </div> 
      </body>
   </text>
</TEI>
