<?xml version="1.0" encoding="UTF-8"?>
<?xml-model href="http://www.stoa.org/epidoc/schema/latest/tei-epidoc.rng" schematypens="http://relaxng.org/ns/structure/1.0"?>
<TEI xmlns="http://www.tei-c.org/ns/1.0">
        <teiHeader>

        <fileDesc>

            <titleStmt>
                <title>Alcibiades 2</title>
                <author>Plato</author>  
            <respStmt>
                    <resp>Prepared under the supervision of</resp>
                    <name>Lisa Cerrato</name>
                    <name>William Merrill</name>
                    <name>Elli Mylonas</name>
                    <name>David Smith</name>
                </respStmt>
                <funder n="org:AnnCPB">The Annenberg CPB/Project</funder> 
         </titleStmt>

                     
         <publicationStmt>
                <publisher>Trustees of Tufts University</publisher>
                <pubPlace>Medford, MA</pubPlace>
                <authority>Perseus Project</authority>
            </publicationStmt> 
         <notesStmt>
                 <note anchored="true">Text was scanned at St. Olaf Spring, 1992.</note>
            </notesStmt>
            <sourceDesc>
                <biblStruct>
                    <monogr>
                        <author>Plato</author>
                        <title>Platonis Opera, ed. John Burnet</title>
                        <imprint>
                            <biblScope unit="volume">2</biblScope>
                            <publisher>Oxford University Press</publisher>
                            <date>1910</date>
                        </imprint>
                    </monogr>
                </biblStruct>
            </sourceDesc>


        </fileDesc>

        <encodingDesc>
                <refsDecl n="CTS">
                        <cRefPattern matchPattern="(\w+)"
                                replacementPattern="#xpath(/tei:TEI/tei:text/tei:body/tei:div/tei:div[@n='$1'])">           
                                <p>This pointer pattern extracts section</p>
                        </cRefPattern>
                </refsDecl>

           <!-- <refsDecl doctype="TEI.2">
                <state unit="text"/>
                <state unit="section"/>
            </refsDecl>
            <refsDecl doctype="TEI.2">
                <state unit="text"/>
                <state unit="page"/>
            </refsDecl>-->
        </encodingDesc>

        <profileDesc>
            <langUsage>
                <language ident="grc">Greek</language>
                <language ident="eng">English</language>
            </langUsage>
                <particDesc>
                        <person><persName>Σωκράτης</persName></person>
                        <person><persName>Ἀλκιβιάδης</persName></person>
                </particDesc>
        </profileDesc>
        <revisionDesc>
                <change when="2017-05-12" who="Lisa Cerrato">EpiDoc and CTS conversion.</change>
                <change when="2014-05-01" who="Bridget Almas">Converted speaker to said and section milestones to divs.</change>
                <change when="1992-07-01" who="WPM">Tagged in conformance with Prose.e dtd.</change>
            </revisionDesc>

    </teiHeader>
        
    <text xml:lang="grc">
        <body>
          <div type="edition" n="urn:cts:greekLit:tlg0059.tlg014.perseus-grc2" xml:lang="grc">
         <head>Ἀλκιβιάδης β</head> 
              
 <div type="textpart" subtype="section" n="138" resp="perseus">             

     <p><said who="#Σωκράτης"><milestone n="138" unit="page"/><milestone unit="section" resp="Stephanus" n="138a"/><label>ΣΩ.</label> ὦ Ἀλκιβιάδη, ἆρά γε πρὸς τὸν θεὸν προσευξόμενος πορεύῃ;</said></p> 
<p><said who="#Ἀλκιβιάδης"><label>ΑΛ.</label> πάνυ μὲν οὖν, ὦ Σώκρατες.</said></p> 
<p><said who="#Σωκράτης"><label>ΣΩ.</label> φαίνῃ γέ τοι ἐσκυθρωπακέναι τε καὶ εἰς γῆν βλέπειν, ὥς τι συννοούμενος.</said></p> 
<p><said who="#Ἀλκιβιάδης"><label>ΑΛ.</label> καὶ τί ἄν τις συννοοῖτο, ὦ Σώκρατες;</said></p> 
<p><said who="#Σωκράτης"><label>ΣΩ.</label> τὴν μεγίστην, ὦ Ἀλκιβιάδη, σύννοιαν, ὥς γʼ ἐμοὶ  <milestone unit="section" resp="Stephanus" n="138b"/> δοκεῖ. ἐπεὶ φέρε πρὸς Διός, οὐκ οἴει τοὺς θεούς, ἃ τυγχάνομεν εὐχόμενοι καὶ ἰδίᾳ καὶ δημοσίᾳ, ἐνίοτε τούτων τὰ μὲν διδόναι, τὰ δʼ οὔ, καὶ ἔστιν οἷς μὲν αὐτῶν, ἔστι δʼ οἷς οὔ;</said></p> 
<p><said who="#Ἀλκιβιάδης"><label>ΑΛ.</label> πάνυ μὲν οὖν.</said></p> 
<p><said who="#Σωκράτης"><label>ΣΩ.</label> οὐκοῦν δοκεῖ σοι πολλῆς προμηθείας γε προσδεῖσθαι, ὅπως μὴ λήσεται αὑτὸν εὐχόμενος μεγάλα κακά, δοκῶν δʼ ἀγαθά, οἱ δὲ θεοὶ τύχωσιν ἐν ταύτῃ ὄντες τῇ ἕξει, ἐν ᾗ διδόασιν αὐτοὶ ἅ τις εὐχόμενος τυγχάνει; ὥσπερ τὸν Οἰδίπουν <milestone unit="section" resp="Stephanus" n="138c"/> αὐτίκα φασὶν εὔξασθαι χαλκῷ διελέσθαι τὰ πατρῷα τοὺς ὑεῖς· ἐξὸν αὐτῷ τῶν παρόντων αὐτῷ κακῶν ἀποτροπήν τινα εὔξασθαι, ἕτερα πρὸς τοῖς ὑπάρχουσιν κατηρᾶτο· τοιγαροῦν ταῦτά τε ἐξετελέσθη, καὶ ἐκ τούτων ἄλλα πολλὰ καὶ δεινά, ἃ τί δεῖ καθʼ ἕκαστα λέγειν;</said></p> 
<p><said who="#Ἀλκιβιάδης"><label>ΑΛ.</label> ἀλλὰ σὺ μέν, ὦ Σώκρατες, μαινόμενον ἄνθρωπον εἴρηκας· ἐπεὶ τίς ἄν σοι δοκεῖ τολμῆσαι ὑγιαίνων τοιαῦτʼ εὔξασθαι;</said></p> 
<p><said who="#Σωκράτης"><label>ΣΩ.</label> τὸ μαίνεσθαι ἆρά γε ὑπεναντίον σοι δοκεῖ τῷ φρονεῖν;</said></p> 
<p><said who="#Ἀλκιβιάδης"><label>ΑΛ.</label> πάνυ μὲν οὖν. </said></p> 
<p><said who="#Σωκράτης"><milestone unit="section" resp="Stephanus" n="138d"/><label>ΣΩ.</label> ἄφρονες δὲ καὶ φρόνιμοι δοκοῦσιν ἄνθρωποι εἶναι τινές σοι;</said></p> 
<p><said who="#Ἀλκιβιάδης"><label>ΑΛ.</label> εἶναι μέντοι.</said></p> 
<p><said who="#Σωκράτης"><label>ΣΩ.</label> φέρε δή, ἐπισκεψώμεθα τίνες ποτʼ εἰσὶν οὗτοι. ὅτι μὲν γάρ εἰσί τινες, ὡμολόγηται, ἄφρονές τε καὶ φρόνιμοι, καὶ μαινόμενοι ἕτεροι.</said></p> 
<p><said who="#Ἀλκιβιάδης"><label>ΑΛ.</label> ὡμολόγηται γάρ.</said></p> 
<p><said who="#Σωκράτης"><label>ΣΩ.</label> ἔτι δὲ ὑγιαίνοντές εἰσί τινες;</said></p> 
<p><said who="#Ἀλκιβιάδης"><label>ΑΛ.</label> εἰσίν.</said></p> 
<p><said who="#Σωκράτης"><label>ΣΩ.</label> οὐκοῦν καὶ ἀσθενοῦντες ἕτεροι;</said></p></div>
              
<div type="textpart" subtype="section" n="139" resp="perseus"> 
<p><said who="#Ἀλκιβιάδης"><milestone n="139" unit="page"/><milestone unit="section" resp="Stephanus" n="139a"/><label>ΑΛ.</label> πάνυ γε.</said></p> 
<p><said who="#Σωκράτης"><label>ΣΩ.</label> οὐκοῦν οὐχ οἱ αὐτοί;</said></p> 
<p><said who="#Ἀλκιβιάδης"><label>ΑΛ.</label> οὐ γάρ.</said></p> 
<p><said who="#Σωκράτης"><label>ΣΩ.</label> ἆρʼ οὖν καὶ ἕτεροί τινές εἰσιν, οἳ μηδέτερα τούτων πεπόνθασιν;</said></p> 
<p><said who="#Ἀλκιβιάδης"><label>ΑΛ.</label> οὐ δῆτα.</said></p> 
<p><said who="#Σωκράτης"><label>ΣΩ.</label> ἀνάγκη γάρ ἐστιν ἄνθρωπον ὄντα ἢ νοσεῖν ἢ μὴ νοσεῖν.</said></p> 
<p><said who="#Ἀλκιβιάδης"><label>ΑΛ.</label> ἔμοιγε δοκεῖ.</said></p> 
<p><said who="#Σωκράτης"><label>ΣΩ.</label> τί δέ; περὶ φρονήσεως καὶ ἀφροσύνης ἆρά γε τὴν αὐτὴν ἔχεις σὺ γνώμην;</said></p> 
<p><said who="#Ἀλκιβιάδης"><label>ΑΛ.</label> πῶς λέγεις;</said></p> 
<p><said who="#Σωκράτης"><label>ΣΩ.</label> εἰ δοκεῖ σοι οἷόν τε εἶναι ἢ φρόνιμον ἢ ἄφρονα, ἢ ἔστι τι διὰ μέσου τρίτον πάθος, ὃ ποιεῖ τὸν ἄνθρωπον μήτε <milestone unit="section" resp="Stephanus" n="139b"/> φρόνιμον μήτε ἄφρονα;</said></p> 
<p><said who="#Ἀλκιβιάδης"><label>ΑΛ.</label> οὐ δῆτα.</said></p> 
<p><said who="#Σωκράτης"><label>ΣΩ.</label> ἀνάγκη ἄρʼ ἐστὶ τὸ ἕτερον τούτων πεπονθέναι.</said></p> 
<p><said who="#Ἀλκιβιάδης"><label>ΑΛ.</label> ἔμοιγε δοκεῖ.</said></p> 
<p><said who="#Σωκράτης"><label>ΣΩ.</label> οὐκοῦν μέμνησαι ὁμολογήσας ὑπεναντίον εἶναι μανίαν φρονήσει;</said></p> 
<p><said who="#Ἀλκιβιάδης"><label>ΑΛ.</label> ἔγωγε.</said></p> 
<p><said who="#Σωκράτης"><label>ΣΩ.</label> οὐκοῦν καὶ μηδὲν εἶναι διὰ μέσου τρίτον πάθος, ὃ ποιεῖ τὸν ἄνθρωπον μήτε φρόνιμον μήτε ἄφρονα εἶναι;</said></p> 
<p><said who="#Ἀλκιβιάδης"><label>ΑΛ.</label> ὡμολόγησα γάρ.</said></p> 
<p><said who="#Σωκράτης"><label>ΣΩ.</label> καὶ μὴν δύο γε ὑπεναντία ἑνὶ πράγματι πῶς ἂν εἴη;</said></p> 
<p><said who="#Ἀλκιβιάδης"><label>ΑΛ.</label> οὐδαμῶς. </said></p> 
<p><said who="#Σωκράτης"><milestone unit="section" resp="Stephanus" n="139c"/><label>ΣΩ.</label> ἀφροσύνη ἄρα καὶ μανία κινδυνεύει ταὐτὸν εἶναι.</said></p> 
<p><said who="#Ἀλκιβιάδης"><label>ΑΛ.</label> φαίνεται.</said></p> 
<p><said who="#Σωκράτης"><label>ΣΩ.</label> πάντας οὖν ἂν φάντες, ὦ Ἀλκιβιάδη, τοὺς ἄφρονας μαίνεσθαι ὀρθῶς ἂν φαίημεν· αὐτίκα τῶν σῶν ἡλικιωτῶν εἴ τινες τυγχάνουσιν ἄφρονες ὄντες, ὥσπερ εἰσί, καὶ τῶν ἔτι πρεσβυτέρων. ἐπεὶ φέρε πρὸς Διός, οὐκ οἴει τῶν ἐν τῇ πόλει ὀλίγους μὲν εἶναι τοὺς φρονίμους, ἄφρονας δὲ δὴ τοὺς πολλούς, οὓς δὴ σὺ μαινομένους καλεῖς;</said></p> 
<p><said who="#Ἀλκιβιάδης"><label>ΑΛ.</label> ἔγωγε.</said></p> 
<p><said who="#Σωκράτης"><label>ΣΩ.</label> οἴει ἂν οὖν χαίροντας ἡμᾶς εἶναι μετὰ τοσούτων <milestone unit="section" resp="Stephanus" n="139d"/>  μαινομένων πολιτευομένους, καὶ οὐκ ἂν παιομένους καὶ βαλλομένους, καὶ ἅπερ εἰώθασιν οἱ μαινόμενοι διαπράττεσθαι, πάλαι δὴ δίκην δεδωκέναι; ἀλλὰ ὅρα, ὦ μακάριε, μὴ οὐχ οὕτως ταῦτʼ ἔχει.</said></p> 
<p><said who="#Ἀλκιβιάδης"><label>ΑΛ.</label> πῶς ἂν οὖν ποτʼ ἔχοι, ὦ Σώκρατες; κινδυνεύει γὰρ οὐχ οὕτως ἔχειν ὥσπερ ᾠήθην.</said></p> 
<p><said who="#Σωκράτης"><label>ΣΩ.</label> οὐδʼ ἐμοὶ δοκεῖ. ἀλλὰ τῇδέ πῃ ἀθρητέον.</said></p> 
<p><said who="#Ἀλκιβιάδης"><label>ΑΛ.</label> πῇ ποτε λέγεις;</said></p> 
<p><said who="#Σωκράτης"><label>ΣΩ.</label> ἐγὼ δή σοί γε ἐρῶ. ὑπολαμβάνομέν γέ τινας εἶναι νοσοῦντας· ἢ οὔ;</said></p> 
<p><said who="#Ἀλκιβιάδης"><label>ΑΛ.</label> πάνυ μὲν οὖν. </said></p> 
<p><said who="#Σωκράτης"><milestone unit="section" resp="Stephanus" n="139e"/><label>ΣΩ.</label> ἆρʼ οὖν δοκεῖ σοι ἀναγκαῖον εἶναι τὸν νοσοῦντα ποδαγρᾶν ἢ πυρέττειν ἢ ὀφθαλμιᾶν, ἢ οὐκ ἂν δοκεῖ σοι καὶ μηδὲν τούτων πεπονθὼς ἑτέραν νόσον νοσεῖν; πολλαὶ γὰρ δήπου γέ εἰσι, καὶ οὐχ αὗται μόναι.</said></p> 
<p><said who="#Ἀλκιβιάδης"><label>ΑΛ.</label> ἔμοιγε δοκοῦσιν.</said></p> 
<p><said who="#Σωκράτης"><label>ΣΩ.</label> ὀφθαλμία σοι οὖν δοκεῖ πᾶσα νόσος εἶναι;</said></p> 
<p><said who="#Ἀλκιβιάδης"><label>ΑΛ.</label> ναί.</said></p> 
<p><said who="#Σωκράτης"><label>ΣΩ.</label> ἆρʼ οὖν καὶ πᾶσα νόσος ὀφθαλμία;</said></p> 
<p><said who="#Ἀλκιβιάδης"><label>ΑΛ.</label> οὐ δῆτα ἔμοιγε· ἀπορῶ μέντοι γε πῶς λέγω.</said></p></div>
                  
                  <div type="textpart" subtype="section" n="140" resp="perseus"> 
                   <p><said who="#Σωκράτης"><milestone n="140" unit="page"/><milestone unit="section" resp="Stephanus" n="140a"/><label>ΣΩ.</label> ἀλλʼ ἐὰν ἔμοιγε προσέχῃς τὸν νοῦν, σύν τε δύο σκεπτομένω τυχὸν εὑρήσομεν.</said></p> 
<p><said who="#Ἀλκιβιάδης"><label>ΑΛ.</label> ἀλλὰ προσέχω, ὦ Σώκρατες, εἰς δύναμιν τὴν ἐμήν.</said></p> 
<p><said who="#Σωκράτης"><label>ΣΩ.</label> οὐκοῦν ὡμολογήθη ἡμῖν ὀφθαλμία μὲν πᾶσα νόσος εἶναι, νόσος μέντοι οὐκ εἶναι πᾶσα ὀφθαλμία;</said></p> 
<p><said who="#Ἀλκιβιάδης"><label>ΑΛ.</label> ὡμολογήθη.</said></p> 
<p><said who="#Σωκράτης"><label>ΣΩ.</label> καὶ ὀρθῶς γέ μοι δοκεῖ ὁμολογηθῆναι. καὶ γὰρ οἱ πυρέττοντες πάντες νοσοῦσιν, οὐ μέντοι οἱ νοσοῦντες πάντες πυρέττουσιν οὐδὲ ποδαγρῶσιν οὐδέ γε ὀφθαλμιῶσιν, <milestone unit="section" resp="Stephanus" n="140b"/>  οἶμαι· ἀλλὰ νόσος μὲν πᾶν τὸ τοιοῦτόν ἐστι, διαφέρειν δέ φασιν οὓς δὴ καλοῦμεν ἰατροὺς τὴν ἀπεργασίαν αὐτῶν. οὐ γὰρ πᾶσιν οὔτε ὅμοιαι οὔτε ὁμοίως διαπράττονται, ἀλλὰ κατὰ τὴν αὑτῆς δύναμιν ἑκάστη· νόσοι μέντοι πᾶσαί εἰσιν. ὥσπερ δημιουργούς τινας ὑπολαμβάνομεν· ἢ οὔ;</said></p> 
<p><said who="#Ἀλκιβιάδης"><label>ΑΛ.</label> πάνυ μὲν οὖν.</said></p> 
<p><said who="#Σωκράτης"><label>ΣΩ.</label> οὐκοῦν τοὺς σκυτοτόμους καὶ τέκτονας καὶ ἀνδριαντοποιοὺς καὶ ἑτέρους παμπληθεῖς, οὓς τί δεῖ καθʼ ἕκαστα λέγειν; ἔχουσι δʼ οὖν διειληφότες δημιουργίας μέρη, καὶ  <milestone unit="section" resp="Stephanus" n="140c"/> πάντες οὗτοί εἰσι δημιουργοί, οὐ μέντοι εἰσὶ τέκτονές γε οὐδὲ σκυτοτόμοι οὐδʼ ἀνδριαντοποιοί, οἳ σύμπαντές εἰσι δημιουργοί.</said></p> 
<p><said who="#Ἀλκιβιάδης"><label>ΑΛ.</label> οὐ δῆτα.</said></p> 
<p><said who="#Σωκράτης"><label>ΣΩ.</label> οὕτως μὲν τοίνυν καὶ τὴν ἀφροσύνην διειληφότες εἰσί, καὶ τοὺς μὲν πλεῖστον αὐτῆς μέρος ἔχοντας μαινομένους καλοῦμεν, τοὺς δʼ ὀλίγον ἔλαττον ἠλιθίους τε καὶ ἐμβροντήτους· οἱ δὲ ἐν εὐφημοτάτοις ὀνόμασι βουλόμενοι κατονομάζειν οἱ μὲν μεγαλοψύχους, οἱ δὲ εὐήθεις, ἕτεροι δὲ <milestone unit="section" resp="Stephanus" n="140d"/>  ἀκάκους καὶ ἀπείρους καὶ ἐνεούς· εὑρήσεις δὲ καὶ ἕτερα πολλὰ ἀναζητῶν ὀνόματα. πάντα δὲ ταῦτα ἀφροσύνη ἐστίν, διαφέρει δέ, ὥσπερ τέχνη τέχνης ἡμῖν κατεφαίνετο καὶ νόσος νόσου· ἢ πῶς σοι δοκεῖ;</said></p> 
<p><said who="#Ἀλκιβιάδης"><label>ΑΛ.</label> ἐμοὶ μὲν οὕτως.</said></p> 
<p><said who="#Σωκράτης"><label>ΣΩ.</label> οὐκοῦν ἀπʼ ἐκείνου πάλιν ἐπανέλθωμεν. ἦν γὰρ δήπου καὶ ἐν ἀρχῇ τοῦ λόγου, σκεπτέον εἶναι τοὺς ἄφρονάς τε καὶ φρονίμους, τίνες ποτʼ εἰσίν. ὡμολόγητο γὰρ εἶναί τινας· ἦ γὰρ οὔ;</said></p> 
<p><said who="#Ἀλκιβιάδης"><label>ΑΛ.</label> ναί, ὡμολόγηται. </said></p> 
                      <p><said who="#Σωκράτης"><milestone unit="section" resp="Stephanus" n="140e"/><label>ΣΩ.</label> ἆρʼ οὖν τούτους φρονίμους ὑπολαμβάνεις, οἳ ἂν εἰδῶσιν ἅττα δεῖ πράττειν καὶ λέγειν;</said></p> 
<p><said who="#Ἀλκιβιάδης"><label>ΑΛ.</label> ἔγωγε.</said></p> 
<p><said who="#Σωκράτης"><label>ΣΩ.</label> ἄφρονας δὲ ποτέρους; ἆρά γε τοὺς μηδέτερα τούτων εἰδότας;</said></p> 
<p><said who="#Ἀλκιβιάδης"><label>ΑΛ.</label> τούτους.</said></p> 
<p><said who="#Σωκράτης"><label>ΣΩ.</label> οὐκοῦν οἵ γε μὴ εἰδότες μηδέτερα τούτων λήσουσιν αὑτοὺς καὶ λέγοντες καὶ πράττοντες ἅττα μὴ δεῖ;</said></p> 
<p><said who="#Ἀλκιβιάδης"><label>ΑΛ.</label> φαίνεται.</said></p></div>
              
<div type="textpart" subtype="section" n="141" resp="perseus">              
<p><said who="#Σωκράτης"><label>ΣΩ.</label> τούτων μέντοι ἔλεγον, ὦ Ἀλκιβιάδη, καὶ τὸν 
<milestone n="141" unit="page"/><milestone unit="section" resp="Stephanus" n="141a"/> Οἰδίπουν εἶναι τῶν ἀνθρώπων· εὑρήσεις δʼ ἔτι καὶ τῶν νῦν πολλοὺς οὐκ ὀργῇ κεχρημένους, ὥσπερ ἐκεῖνον, οὐδʼ οἰομένους κακά σφισιν εὔχεσθαι, ἀλλʼ ἀγαθά. ἐκεῖνος μὲν ὥσπερ οὐδʼ ηὔχετο, οὐδʼ ᾤετο· ἕτεροι δέ τινές εἰσιν οἳ τἀναντία τούτων πεπόνθασιν. ἐγὼ μὲν γὰρ οἶμαί σε πρῶτον, εἴ σοι ἐμφανὴς γενόμενος ὁ θεὸς πρὸς ὃν τυγχάνεις πορευόμενος, ἐρωτήσειεν, πρὶν ὁτιοῦν εὔξασθαί σε, εἰ ἐξαρκέσει σοι τύραννον γενέσθαι τῆς Ἀθηναίων πόλεως· εἰ δὲ τοῦτο φαῦλον ἡγήσαιο καὶ μὴ μέγα τι, προσθείη καὶ <milestone unit="section" resp="Stephanus" n="141b"/> πάντων τῶν Ἑλλήνων· εἰ δέ σε ὁρῴη ἔτι ἔλαττον δοκοῦντα ἔχειν, εἰ μὴ καὶ πάσης Εὐρώπης, ὑποσταίη σοι καὶ τοῦτο, <add>καὶ τοῦτο</add> μὴ μόνον ὑποσταίη, <add>ἀλλʼ</add> αὐθημερόν σου βουλομένου ὡς πάντας αἰσθήσεσθαι ὅτι Ἀλκιβιάδης ὁ Κλεινίου τύραννός ἐστιν· αὐτὸν οἶμαι ἄν σε ἀπιέναι περιχαρῆ γενόμενον, ὡς τῶν μεγίστων ἀγαθῶν κεκυρηκότα.</said></p> 
<p><said who="#Ἀλκιβιάδης"><label>ΑΛ.</label> ἐγὼ μὲν οἶμαι, ὦ Σώκρατες, κἂν ἄλλον ὁντινοῦν, εἴπερ τοιαῦτα συμβαίη αὐτῷ. </said></p> 
<p><said who="#Σωκράτης"><milestone unit="section" resp="Stephanus" n="141c"/><label>ΣΩ.</label> ἀλλὰ μέντοι ἀντί γε τῆς σῆς ψυχῆς οὐδʼ ἂν τὴν πάντων Ἑλλήνων τε καὶ βαρβάρων χώραν τε καὶ τυραννίδα βουληθείης σοι γενέσθαι.</said></p> 
<p><said who="#Ἀλκιβιάδης"><label>ΑΛ.</label> οὐκ οἶμαι ἔγωγε. πῶς γὰρ ἄν, μηθέν γέ τι μέλλων αὐτοῖς χρήσεσθαι;</said></p> 
<p><said who="#Σωκράτης"><label>ΣΩ.</label> τί δʼ εἰ μέλλοις κακῶς τε καὶ βλαβερῶς χρῆσθαι; οὐδʼ ἂν οὕτως;</said></p> 
<p><said who="#Ἀλκιβιάδης"><label>ΑΛ.</label> οὐ δῆτα.</said></p> 
<p><said who="#Σωκράτης"><label>ΣΩ.</label> ὁρᾷς οὖν ὡς οὐκ ἀσφαλὲς οὔτε τὰ διδόμενα εἰκῇ δέχεσθαί τε οὔτε αὐτὸν εὔχεσθαι γενέσθαι, εἴ γέ τις  <milestone unit="section" resp="Stephanus" n="141d"/> βλάπτεσθαι μέλλοι διὰ ταῦτα ἢ τὸ παράπαν τοῦ βίου ἀπαλλαγῆναι. πολλοὺς δʼ ἂν ἔχοιμεν εἰπεῖν, ὅσοι τυραννίδος ἐπιθυμήσαντες ἤδη καὶ σπουδάσαντες τοῦτʼ αὐτοῖς παραγενέσθαι, ὡς ἀγαθόν τι πράξαντες, διὰ τὴν τυραννίδα ἐπιβουλευθέντες τὸν βίον ἀφῃρέθησαν. οἶμαι δέ σε οὐκ ἀνήκοον εἶναι ἔνιά γε <quote>χθιζά τε καὶ πρωιζὰ</quote> <bibl n="Hom. Il. 2.303">Hom. Il. 2.303</bibl> γεγενημένα, ὅτε Ἀρχέλαον τὸν Μακεδόνων τύραννον τὰ παιδικά, ἐρασθέντα τῆς τυραννίδος οὐθὲν ἧττον ἤπερ ἐκεῖνος τῶν παιδικῶν, ἀπέκτεινε τὸν ἐραστὴν ὡς τύραννός τε καὶ εὐδαίμων   <milestone unit="section" resp="Stephanus" n="141e"/> ἀνὴρ ἐσόμενος· κατασχὼν δὲ τρεῖς ἢ τέτταρας ἡμέρας τὴν τυραννίδα πάλιν αὐτὸς ἐπιβουλευθεὶς ὑφʼ ἑτέρων τινῶν ἐτελεύτησεν.</said></p></div>
              
<div type="textpart" subtype="section" n="142" resp="perseus">
<p><said who="#Σωκράτης" rend="merge"><label>ΣΩ.</label>    
              ὁρᾷς δὴ καὶ τῶν ἡμετέρων πολιτῶν—ταῦτα γὰρ οὐκ ἄλλων ἀκηκόαμεν, ἀλλʼ αὐτοὶ παρόντες οἴδαμεν— 
<milestone n="142" unit="page"/><milestone unit="section" resp="Stephanus" n="142a"/>
 ὅσοι στρατηγίας ἐπιθυμήσαντες ἤδη καὶ τυχόντες αὐτῆς οἱ μὲν ἔτι καὶ νῦν φυγάδες τῆσδε τῆς πόλεώς εἰσιν, οἱ δὲ τὸν βίον ἐτελεύτησαν· οἱ δὲ ἄριστα δοκοῦντες αὐτῶν πράττειν διὰ πολλῶν κινδύνων ἐλθόντες καὶ φόβων οὐ μόνον ἐν ταύτῃ τῇ στρατηγίᾳ, ἀλλʼ ἐπεὶ εἰς τὴν ἑαυτῶν κατῆλθον, ὑπὸ τῶν συκοφαντῶν πολιορκούμενοι πολιορκίαν οὐδὲν ἐλάττω τῆς ὑπὸ τῶν πολεμίων διετέλεσαν, ὥστε ἐνίους αὐτῶν εὔχεσθαι ἀστρατηγήτους εἶναι μᾶλλον ἢ ἐστρατηγηκέναι. <milestone unit="section" resp="Stephanus" n="142b"/>  εἰ μὲν οὖν ἦσαν οἱ κίνδυνοί τε καὶ πόνοι φέροντες εἰς ὠφέλειαν, εἶχεν ἄν τινα λόγον· νῦν δὲ καὶ πολὺ τοὐναντίον. εὑρήσεις δὲ καὶ περὶ τέκνων τὸν αὐτὸν τρόπον, εὐξαμένους τινὰς ἤδη γενέσθαι καὶ γενομένων εἰς συμφοράς τε καὶ λύπας τὰς μεγίστας καταστάντας. οἱ μὲν γὰρ μοχθηρῶν διὰ τέλους ὄντων τῶν τέκνων ὅλον τὸν βίον λυπούμενοι διήγαγον· τοὺς δὲ χρηστῶν μὲν γενομένων, <milestone unit="section" resp="Stephanus" n="142c"/> συμφοραῖς δὲ χρησαμένων ὥστε στερηθῆναι, καὶ τούτους οὐδὲν εἰς ἐλάττονας δυστυχίας καθεστηκότας ἤπερ ἐκείνους καὶ βουλομένους ἂν ἀγένητα μᾶλλον εἶναι ἢ γενέσθαι. ἀλλʼ ὅμως τούτων τε καὶ ἑτέρων πολλῶν ὁμοιοτρόπων τούτοις οὕτω σφόδρα καταδήλων ὄντων, σπάνιον εὑρεῖν ὅστις ἂν ἢ διδομένων ἀπόσχοιτο ἢ μέλλων διʼ εὐχῆς τεύξεσθαι παύσαιτο ἂν εὐχόμενος· οἱ δὲ πολλοὶ οὔτε ἂν τυραννίδος διδομένης ἀπόσχοιντο ἂν οὔτε στρατηγίας οὐδʼ ἑτέρων <milestone unit="section" resp="Stephanus" n="142d"/> πολλῶν, ἃ παρόντα βλάπτει μᾶλλον ἢ ὠφελεῖ, ἀλλὰ κἂν εὔξαιντο ἂν γενέσθαι, εἴ τῳ μὴ παρόντα τυγχάνει· ὀλίγον δὲ ἐπισχόντες ἐνίοτε παλινῳδοῦσιν, ἀνευχόμενοι ἅττʼ ἂν τὸ πρῶτον εὔξωνται. ἐγὼ μὲν οὖν ἀπορῶ μὴ ὡς ἀληθῶς μάτην θεοὺς ἄνθρωποι <term>αἰτιῶνται</term>, ἐξ ἐκείνων φάμενοι <term>κακά</term> σφισιν εἶναι· <quote>οἱ δὲ καὶ αὐτοὶ σφῇσιν</quote> <bibl n="Hom. Od. 1.32">Hom. Od. 1.32</bibl> εἴτε <quote>ἀτασθαλίαισιν</quote> <bibl n="Hom. Od. 1.32">Hom. Od. 1.32</bibl> εἴτε ἀφροσύναις χρὴ εἰπεῖν, <quote>ὑπὲρ μόρον</quote> <bibl n="Hom. Od. 1.32">Hom. Od. 1.32</bibl>  <milestone unit="section" resp="Stephanus" n="142e"/> <quote rend="merge">ἄλγεʼ ἔχουσι</quote>. κινδυνεύει γοῦν, ὦ Ἀλκιβιάδη, φρόνιμός τις εἶναι ἐκεῖνος ὁ ποιητής, ὃς δοκεῖ μοι φίλοις ἀνοήτοις τισὶ χρησάμενος, ὁρῶν αὐτοὺς καὶ πράττοντας καὶ εὐχομένους ἅπερ οὐ βέλτιον ἦν, ἐκείνοις δὲ ἐδόκει, κοινῇ ὑπὲρ ἁπάντων αὐτῶν εὐχὴν ποιήσασθαι· λέγει δέ πως ὡδί— <milestone n="143" unit="page"/> <milestone unit="section" resp="Stephanus" n="143a"/>
<cit> <quote type="verse"> <l met="u">Ζεῦ βασιλεῦ, τὰ μὲν ἐσθλά, φησί, καὶ εὐχομένοις</l> <l>καὶ ἀνεύκτοις</l> <l>ἄμμι δίδου, τὰ δὲ δειλὰ καὶ εὐχομένοις ἀπαλέξειν</l> </quote> <bibl>Anth. Pal. 10.108</bibl></cit>  κελεύει.</said></p></div>

 <div type="textpart" subtype="section" n="143" resp="perseus">
     <p><said who="#Σωκράτης" rend="merge"><label>ΣΩ.</label> 
ἐμοὶ μὲν οὖν καλῶς δοκεῖ καὶ ἀσφαλῶς λέγειν ὁ ποιητής· σὺ δʼ εἴ τι ἐν νῷ ἔχεις πρὸς ταῦτα, μὴ σιώπα.</said></p> 
<p><said who="#Ἀλκιβιάδης"><label>ΑΛ.</label> χαλεπόν, ὦ Σώκρατες, ἐστὶν ἀντιλέγειν πρὸς τὰ καλῶς εἰρημένα· ἐκεῖνο δʼ οὖν ἐννοῶ, ὅσων κακῶν αἰτία ἡ ἄγνοια τοῖς ἀνθρώποις, ὁπότε, ὡς ἔοικε, λελήθαμεν ἡμᾶς  <milestone unit="section" resp="Stephanus" n="143b"/> αὐτοὺς διὰ ταύτην καὶ πράττοντες καὶ τό γε ἔσχατον εὐχόμενοι ἡμῖν αὐτοῖς τὰ κάκιστα. ὅπερ οὖν οὐδεὶς ἂν οἰηθείη, ἀλλὰ τοῦτό γε πᾶς ἂν οἴοιτο ἱκανὸς εἶναι, αὐτὸς αὑτῷ τὰ βέλτιστα εὔξασθαι, ἀλλʼ οὐ τὰ κάκιστα. τοῦτο μὲν γὰρ ὡς ἀληθῶς κατάρᾳ τινὶ ἀλλʼ οὐκ εὐχῇ ὅμοιον ἂν εἴη.</said></p> 
<p><said who="#Σωκράτης"><label>ΣΩ.</label> ἀλλʼ ἴσως, ὦ βέλτιστε, φαίη ἄν τις ἀνήρ, ὃς ἐμοῦ τε καὶ σοῦ σοφώτερος ὢν τυγχάνοι, οὐκ ὀρθῶς ἡμᾶς <milestone unit="section" resp="Stephanus" n="143c"/> λέγειν, οὕτως εἰκῇ ψέγοντας ἄγνοιαν, εἴ γε μὴ προσθείημεν τὴν ἔστιν ὧν τε ἄγνοιαν καὶ ἔστιν οἷς καὶ ἔχουσί πως ἀγαθόν, ὥσπερ ἐκείνοις κακόν.</said></p> 
<p><said who="#Ἀλκιβιάδης"><label>ΑΛ.</label> πῶς λέγεις; ἔστι γὰρ ὁτιοῦν πρᾶγμα ὅτῳ δὴ ὁπωσοῦν ἔχοντι ἄμεινον ἀγνοεῖν ἢ γιγνώσκειν;</said></p> 
<p><said who="#Σωκράτης"><label>ΣΩ.</label> ἔμοιγε δοκεῖ· σοὶ δʼ οὔ;</said></p> 
<p><said who="#Ἀλκιβιάδης"><label>ΑΛ.</label> οὐ μέντοι μὰ Δία.</said></p> 
<p><said who="#Σωκράτης"><label>ΣΩ.</label> ἀλλὰ μὴν οὐδὲ ἐκεῖνό σου καταγνώσομαι, ἐθέλειν ἄν σε πρὸς τὴν ἑαυτοῦ μητέρα διαπεπρᾶχθαι ἅπερ Ὀρέστην φασὶ καὶ τὸν Ἀλκμέωνα καὶ εἰ δή τινες ἄλλοι ἐκείνοις <milestone unit="section" resp="Stephanus" n="143d"/> τυγχάνουσι ταὐτὰ διαπεπραγμένοι.</said></p> 
<p><said who="#Ἀλκιβιάδης"><label>ΑΛ.</label> εὐφήμει πρὸς Διός, ὦ Σώκρατες.</said></p> 
<p><said who="#Σωκράτης"><label>ΣΩ.</label> οὔτοι τὸν λέγοντα, ὦ Ἀλκιβιάδη, ὡς οὐκ ἂν ἐθέλοις σοι ταῦτα πεπρᾶχθαι, εὐφημεῖν δεῖ σε κελεύειν, ἀλλὰ μᾶλλον πολύ, εἴ τις τὰ ἐναντία λέγοι, ἐπειδὴ οὕτω σοι δοκεῖ σφόδρα δεινὸν εἶναι τὸ πρᾶγμα, ὥστʼ οὐδὲ ῥητέον εἶναι οὕτως εἰκῇ. δοκεῖς δʼ ἂν τὸν Ὀρέστην, εἰ ἐτύγχανε φρόνιμος ὢν καὶ εἰδὼς ὅτι βέλτιστον ἦν αὐτῷ πράττειν, τολμῆσαι ἄν τι τούτων διαπράξασθαι;</said></p> 
<p><said who="#Ἀλκιβιάδης"><label>ΑΛ.</label> οὐ δῆτα. </said></p> 
<p><said who="#Σωκράτης"><milestone unit="section" resp="Stephanus" n="143e"/><label>ΣΩ.</label> οὐδέ γε ἄλλον οἶμαι οὐδένα.</said></p> 
<p><said who="#Ἀλκιβιάδης"><label>ΑΛ.</label> οὐ μέντοι.</said></p> 
<p><said who="#Σωκράτης"><label>ΣΩ.</label> κακὸν ἄρα, ὡς ἔοικεν, ἐστὶν ἡ τοῦ βελτίστου ἄγνοια καὶ τὸ ἀγνοεῖν τὸ βέλτιστον.</said></p> 
<p><said who="#Ἀλκιβιάδης"><label>ΑΛ.</label> ἔμοιγε δοκεῖ.</said></p> 
<p><said who="#Σωκράτης"><label>ΣΩ.</label> οὐκοῦν καὶ ἐκείνῳ καὶ τοῖς ἄλλοις ἅπασιν;</said></p> 
<p><said who="#Ἀλκιβιάδης"><label>ΑΛ.</label> φημί.</said></p></div>
              
<div type="textpart" subtype="section" n="144" resp="perseus">
<p><said who="#Σωκράτης"><label>ΣΩ.</label> ἔτι τοίνυν καὶ τόδε ἐπισκεψώμεθα· εἴ σοι αὐτίκα μάλα παρεσταίη, οἰηθέντι βέλτιον εἶναι, Περικλέα τὸν σεαυτοῦ ἐπίτροπόν τε καὶ φίλον, ἐγχειρίδιον λαβόντα, 
<milestone n="144" unit="page"/><milestone unit="section" resp="Stephanus" n="144a"/> ἐλθόντα ἐπὶ τὰς θύρας, εἰπεῖν εἰ ἔνδον ἐστί, βουλόμενον ἀποκτεῖναι αὐτὸν ἐκεῖνον, ἄλλον δὲ μηδένα· οἱ δὲ φαῖεν ἔνδον εἶναι—καὶ οὐ λέγω ἐθέλειν ἄν σε τούτων τι πράττειν· ἀλλʼ εἰ, οἶμαι, δόξει σοι, ὅπερ οὐθὲν κωλύει δήπου τῷ γε ἀγνοοῦντι τὸ βέλτιστον παραστῆναί ποτε δόξαν, ὥστε οἰηθῆναι καὶ τὸ κάκιστόν ποτε βέλτιστον εἶναι· ἢ οὐκ ἂν δοκεῖ σοι;</said></p> 
<p><said who="#Ἀλκιβιάδης"><label>ΑΛ.</label> πάνυ μὲν οὖν.</said></p> 
<p><said who="#Σωκράτης"><label>ΣΩ.</label> εἰ οὖν παρελθὼν εἴσω καὶ ἰδὼν αὐτὸν ἐκεῖνον <milestone unit="section" resp="Stephanus" n="144b"/>  ἀγνοήσαις τε καὶ οἰηθείης ἂν ἄλλον εἶναί τινα, ἆρʼ ἔτι ἂν αὐτὸν τολμήσαις ἀποκτεῖναι;</said></p> 
<p><said who="#Ἀλκιβιάδης"><label>ΑΛ.</label> οὐ μὰ τὸν Δία, οὐκ ἄν μοι δοκῶ.</said></p> 
<p><said who="#Σωκράτης"><label>ΣΩ.</label> οὐ γὰρ δήπου τὸν ἐντυχόντα, ἀλλʼ αὐτὸν ἐκεῖνον ὃν ἠβούλου. ἦ γάρ;</said></p> 
<p><said who="#Ἀλκιβιάδης"><label>ΑΛ.</label> ναί.</said></p> 
<p><said who="#Σωκράτης"><label>ΣΩ.</label> οὐκοῦν καὶ εἰ πολλάκις ἐγχειροῖς, αἰεὶ δὲ ἀγνοοῖς τὸν Περικλέα, ὁπότε μέλλοις τοῦτο πράττειν, οὔποτε ἂν ἐπίθοιο αὐτῷ.</said></p> 
<p><said who="#Ἀλκιβιάδης"><label>ΑΛ.</label> οὐ δῆτα.</said></p> 
<p><said who="#Σωκράτης"><label>ΣΩ.</label> τί δέ; τὸν Ὀρέστην δοκεῖς ἄν ποτε τῇ μητρὶ ἐπιθέσθαι, εἴ γε ὡσαύτως ἠγνόησεν; </said></p> 
<p><said who="#Ἀλκιβιάδης"><milestone unit="section" resp="Stephanus" n="144c"/><label>ΑΛ.</label> οὐκ οἶμαι ἔγωγε.</said></p> 
<p><said who="#Σωκράτης"><label>ΣΩ.</label> οὐ γὰρ δήπου οὐδʼ ἐκεῖνος τὴν προστυχοῦσαν γυναῖκα οὐδὲ τὴν ὁτουοῦν μητέρα διενοεῖτο ἀποκτεῖναι, ἀλλὰ τὴν αὐτὸς αὑτοῦ.</said></p> 
<p><said who="#Ἀλκιβιάδης"><label>ΑΛ.</label> ἔστι ταῦτα.</said></p> 
<p><said who="#Σωκράτης"><label>ΣΩ.</label> ἀγνοεῖν ἄρα τά γε τοιαῦτα βέλτιον τοῖς οὕτω διακειμένοις καὶ τοιαύτας δόξας ἔχουσιν.</said></p> 
<p><said who="#Ἀλκιβιάδης"><label>ΑΛ.</label> φαίνεται.</said></p> 
<p><said who="#Σωκράτης"><label>ΣΩ.</label> ὁρᾷς οὖν ὅτι ἡ ἔστιν ὧν τε ἄγνοια καὶ ἔστιν οἷς καὶ ἔχουσί πως ἀγαθόν, ἀλλʼ οὐ κακόν, ὥσπερ ἄρτι σοι ἐδόκει;</said></p> 
<p><said who="#Ἀλκιβιάδης"><label>ΑΛ.</label> ἔοικεν. </said></p> 
<p><said who="#Σωκράτης"><milestone unit="section" resp="Stephanus" n="144d"/><label>ΣΩ.</label> ἔτι τοίνυν εἰ βούλει τὸ μετὰ τοῦτο ἐπισκοπεῖν, ἄτοπον ἂν ἴσως ἄν σοι δόξειεν εἶναι.</said></p> 
<p><said who="#Ἀλκιβιάδης"><label>ΑΛ.</label> τί μάλιστα, ὦ Σώκρατες;</said></p> 
<p><said who="#Σωκράτης"><label>ΣΩ.</label> ὅτι, ὡς ἔπος εἰπεῖν, κινδυνεύει τό γε τῶν ἄλλων ἐπιστημῶν κτῆμα, ἐάν τις ἄνευ τοῦ βελτίστου κεκτημένος ᾖ, ὀλιγάκις μὲν ὠφελεῖν, βλάπτειν δὲ τὰ πλείω τὸν ἔχοντα αὐτό. σκόπει δὲ ὧδε. ἆρʼ οὐκ ἀναγκαῖόν σοι δοκεῖ εἶναι, ὅταν τι μέλλωμεν ἤτοι πράττειν ἢ λέγειν, οἰηθῆναι δεῖν πρῶτον ἡμᾶς εἰδέναι ἢ τῷ ὄντι εἰδέναι τοῦθʼ ὃ ἂν προχειροτέρως <milestone unit="section" resp="Stephanus" n="144e"/>
μέλλωμεν ἢ λέγειν ἢ πράττειν;</said></p> 
<p><said who="#Ἀλκιβιάδης"><label>ΑΛ.</label> ἔμοιγε δοκεῖ.</said></p></div>
              
<div type="textpart" subtype="section" n="145" resp="perseus">
<p><said who="#Σωκράτης"><label>ΣΩ.</label> οὐκοῦν οἱ ῥήτορες αὐτίκα ἤτοι εἰδότες συμβουλεύειν ἢ οἰηθέντες εἰδέναι συμβουλεύουσιν ἡμῖν ἑκάστοτε, οἱ μὲν περὶ πολέμου τε καὶ εἰρήνης, οἱ δὲ περὶ τειχῶν οἰκοδομίας ἢ καὶ λιμένων κατασκευῆς· ἑνὶ δὲ λόγῳ, ὅσα δή ποτε ἡ 
<milestone n="145" unit="page"/><milestone unit="section" resp="Stephanus" n="145a"/> πόλις πράττει πρὸς ἄλλην πόλιν ἢ αὐτὴ καθʼ αὑτήν, ἀπὸ τῆς τῶν ῥητόρων συμβουλῆς πάντα γίγνεται.</said></p> 
<p><said who="#Ἀλκιβιάδης"><label>ΑΛ.</label> ἀληθῆ λέγεις.</said></p> 
<p><said who="#Σωκράτης"><label>ΣΩ.</label> ὅρα τοίνυν καὶ τὰ ἐπὶ τούτοις.</said></p> 
<p><said who="#Ἀλκιβιάδης"><label>ΑΛ.</label> ἂν δυνηθῶ.</said></p> 
<p><said who="#Σωκράτης"><label>ΣΩ.</label> καλεῖς γὰρ δήπου φρονίμους τε καὶ ἄφρονας;</said></p> 
<p><said who="#Ἀλκιβιάδης"><label>ΑΛ.</label> ἔγωγε.</said></p> 
<p><said who="#Σωκράτης"><label>ΣΩ.</label> οὐκοῦν τοὺς μὲν πολλοὺς ἄφρονας, τοὺς δʼ ὀλίγους φρονίμους;</said></p> 
<p><said who="#Ἀλκιβιάδης"><label>ΑΛ.</label> οὕτως.</said></p> 
<p><said who="#Σωκράτης"><label>ΣΩ.</label> οὐκοῦν πρός τι ἀποβλέπων ἀμφοτέρους;</said></p> 
<p><said who="#Ἀλκιβιάδης"><label>ΑΛ.</label> ναί. </said></p> 
<p><said who="#Σωκράτης"><milestone unit="section" resp="Stephanus" n="145b"/><label>ΣΩ.</label> ἆρʼ οὖν τὸν τοιοῦτον συμβουλεύειν εἰδότα, χωρὶς τοῦ πότερον βέλτιον καὶ ὅτε βέλτιον, φρόνιμον καλεῖς;</said></p> 
<p><said who="#Ἀλκιβιάδης"><label>ΑΛ.</label> οὐ δῆτα.</said></p> 
<p><said who="#Σωκράτης"><label>ΣΩ.</label> οὐδέ γε οἶμαι ὅστις τὸ πολεμεῖν αὐτὸ οἶδε χωρὶς τοῦ ὁπότε βέλτιον καὶ τοσοῦτον χρόνον ὅσον βέλτιον. ἦ γάρ;</said></p> 
<p><said who="#Ἀλκιβιάδης"><label>ΑΛ.</label> ναί.</said></p> 
<p><said who="#Σωκράτης"><label>ΣΩ.</label> οὐκοῦν οὐδὲ εἴ τίς τινα ἀποκτεινύναι οἶδεν οὐδὲ χρήματα ἀφαιρεῖσθαι καὶ φυγάδα ποιεῖν τῆς πατρίδος, χωρὶς τοῦ ὁπότε βέλτιον καὶ ὅντινα βέλτιον;</said></p> 
<p><said who="#Ἀλκιβιάδης"><label>ΑΛ.</label> οὐ μέντοι. </said></p>
<p><said who="#Σωκράτης"> <milestone unit="section" resp="Stephanus" n="145c"/><label>ΣΩ.</label> ὅστις ἄρα τι τῶν τοιούτων οἶδεν, ἐὰν μὲν παρέπηται αὐτῷ ἡ τοῦ βελτίστου ἐπιστήμη—αὕτη δʼ ἦν ἡ αὐτὴ δήπου ἥπερ καὶ ἡ τοῦ ὠφελίμου· ἦ γάρ; —</said></p> 
<p><said who="#Ἀλκιβιάδης"><label>ΑΛ.</label> ναί.</said></p> 
<p><said who="#Σωκράτης"><label>ΣΩ.</label> φρόνιμον δέ γε αὐτὸν φήσομεν καὶ ἀποχρῶντα σύμβουλον καὶ τῇ πόλει καὶ αὐτὸν αὑτῷ· τὸν δὲ μὴ τοιοῦτον τἀναντία τούτων. ἢ πῶς δοκεῖ;</said></p> 
<p><said who="#Ἀλκιβιάδης"><label>ΑΛ.</label> ἐμοὶ μὲν οὕτως.</said></p> 
<p><said who="#Σωκράτης"><label>ΣΩ.</label> τί δʼ εἴ τις ἱππεύειν ἢ τοξεύειν οἶδεν, ἢ αὖ πυκτεύειν ἢ παλαίειν ἤ τι τῆς ἄλλης ἀγωνίας ἢ καὶ ἄλλο τι <milestone unit="section" resp="Stephanus" n="145d"/> τῶν τοιούτων ὅσα τέχνῃ οἴδαμεν, τί καλεῖς ὃς ἂν εἰδῇ τὸ κατὰ ταύτην τὴν τέχνην βέλτιον γιγνόμενον; ἆρʼ οὐ τὸν κατὰ τὴν ἱππικὴν ἱππικόν;</said></p> 
<p><said who="#Ἀλκιβιάδης"><label>ΑΛ.</label> ἔγωγε.</said></p> 
<p><said who="#Σωκράτης"><label>ΣΩ.</label> τὸν δέ γε οἶμαι κατὰ τὴν πυκτικὴν πυκτικόν, τὸν δὲ κατʼ αὐλητικὴν αὐλητικόν, καὶ τἆλλα δήπου ἀνὰ λόγον τούτοις· ἢ ἄλλως πως;</said></p> 
<p><said who="#Ἀλκιβιάδης"><label>ΑΛ.</label> οὔκ, ἀλλʼ οὕτως.</said></p> 
<p><said who="#Σωκράτης"><label>ΣΩ.</label> δοκεῖ οὖν σοι ἀναγκαῖον εἶναι τὸν περὶ τούτων τι ἐπιστήμονα ὄντα ἄρα καὶ ἄνδρα φρόνιμον εἶναι, ἢ πολλοῦ <milestone unit="section" resp="Stephanus" n="145e"/> φήσομεν ἐνδεῖν;</said></p> 
<p><said who="#Ἀλκιβιάδης"><label>ΑΛ.</label> πολλοῦ μέντοι νὴ Δία.</said></p> 
<p><said who="#Σωκράτης"><label>ΣΩ.</label> ποίαν οὖν οἴει πολιτείαν εἶναι τοξοτῶν τε ἀγαθῶν καὶ αὐλητῶν, ἔτι δὲ καὶ ἀθλητῶν τε καὶ τῶν ἄλλων τεχνιτῶν, ἀναμεμειγμένων δʼ ἐν τούτοις οὓς ἄρτι εἰρήκαμεν τῶν τε αὐτὸ τὸ πολεμεῖν εἰδότων καὶ αὐτὸ τὸ ἀποκτεινύναι, πρὸς δὲ καὶ ἀνδρῶν ῥητορικῶν πολιτικὸν φύσημα φυσώντων, ἁπάντων δὲ τούτων ὄντων ἄνευ τῆς τοῦ βελτίστου ἐπιστήμης καὶ τοῦ εἰδότος, ὁπότε βέλτιον ἑνὶ ἑκάστῳ τούτων 
<milestone n="146" unit="page"/><milestone unit="section" resp="Stephanus" n="146a"/> χρῆσθαι καὶ πρὸς τίνα;</said></p></div>
              
              <div type="textpart" subtype="section" n="146" resp="perseus">
<p><said who="#Ἀλκιβιάδης"><label>ΑΛ.</label> φαύλην τινὰ ἔγωγε, ὦ Σώκρατες.</said></p> 
<p><said who="#Σωκράτης"><label>ΣΩ.</label> φαίης γε ἂν οἶμαι ὁπόταν ὁρῴης ἕνα ἕκαστον αὐτῶν φιλοτιμούμενόν τε καὶ νέμοντα τὸ πλεῖστον τῆς πολιτείας<quote type="verse"> <l met="iambic">. . . τούτῳ μέρος,</l> <l>ἵνʼ αὐτὸς αὑτοῦ τυγχάνει κράτιστος ὤν·</l></quote> <bibl>Eur. Antiope</bibl> λέγω δὲ τὸ κατʼ αὐτὴν τὴν τέχνην βέλτιστον γιγνόμενον· τοῦ δὲ τῇ πόλει τε καὶ αὐτὸν αὑτῷ βελτίστου ὄντος τὰ πολλὰ διημαρτηκότα, ἅτε οἶμαι ἄνευ νοῦ δόξῃ πεπιστευκότα. <milestone unit="section" resp="Stephanus" n="146b"/> οὕτως δὲ τούτων ἐχόντων, ἆρα οὐκ ἂν ὀρθῶς λέγοιμεν φάντες πολλῆς ταραχῆς τε καὶ ἀνομίας μεστὴν εἶναι τὴν τοιαύτην πολιτείαν;</said></p> 
<p><said who="#Ἀλκιβιάδης"><label>ΑΛ.</label> ὀρθῶς μέντοι νὴ Δία.</said></p> 
<p><said who="#Σωκράτης"><label>ΣΩ.</label> οὐκοῦν ἀναγκαῖον ἡμῖν ἐδόκει οἰηθῆναι δεῖν πρῶτον ἡμᾶς εἰδέναι ἢ τῷ ὄντι εἰδέναι τοῦτο ὃ ἂν προχείρως μέλλωμεν ἢ πράττειν ἢ λέγειν;</said></p> 
<p><said who="#Ἀλκιβιάδης"><label>ΑΛ.</label> ἐδόκει.</said></p> 
<p><said who="#Σωκράτης"><label>ΣΩ.</label> οὐκοῦν κἂν μὲν πράττῃ ἅ τις οἶδεν ἢ δοκεῖ εἰδέναι, παρέπηται δὲ τὸ ὠφελίμως, καὶ λυσιτελούντως ἡμᾶς ἕξειν <milestone unit="section" resp="Stephanus" n="146c"/> καὶ τῇ πόλει καὶ αὐτὸν αὑτῷ;</said></p> 
<p><said who="#Ἀλκιβιάδης"><label>ΑΛ.</label> πῶς γὰρ οὔ;</said></p> 
<p><said who="#Σωκράτης"><label>ΣΩ.</label> ἐὰν δέ γʼ οἶμαι τἀναντία τούτων, οὔτε τῇ πόλει οὔτʼ αὐτὸν αὑτῷ;</said></p> 
<p><said who="#Ἀλκιβιάδης"><label>ΑΛ.</label> οὐ δῆτα.</said></p> 
<p><said who="#Σωκράτης"><label>ΣΩ.</label> τί δέ; καὶ νῦν ἔτι ὡσαύτως σοι δοκεῖ ἢ ἄλλως πως;</said></p> 
<p><said who="#Ἀλκιβιάδης"><label>ΑΛ.</label> οὔκ, ἀλλʼ οὕτως.</said></p> 
<p><said who="#Σωκράτης"><label>ΣΩ.</label> ἆρʼ οὖν ἔφησθα καλεῖν τοὺς μὲν πολλοὺς ἄφρονας, τοὺς δʼ ὀλίγους φρονίμους;</said></p> 
<p><said who="#Ἀλκιβιάδης"><label>ΑΛ.</label> ἔγωγε.</said></p> 
<p><said who="#Σωκράτης"><label>ΣΩ.</label> οὐκοῦν φαμεν πάλιν τοὺς πολλοὺς διημαρτηκέναι τοῦ βελτίστου, ὡς τὰ πολλά γε οἶμαι ἄνευ νοῦ δόξῃ πεπιστευκότας. </said></p> 
<p><said who="#Ἀλκιβιάδης"><milestone unit="section" resp="Stephanus" n="146d"/><label>ΑΛ.</label> φαμὲν γάρ.</said></p> 
<p><said who="#Σωκράτης"><label>ΣΩ.</label> Λυσιτελεῖ ἄρα τοῖς πολλοῖς μήτʼ εἰδέναι μηδὲν μήτʼ οἴεσθαι εἰδέναι, εἴπερ γε μᾶλλον προθυμήσονται πράττειν μὲν ταῦτα ἅττʼ ἂν εἰδῶσιν ἢ οἰηθῶσιν εἰδέναι, πράττοντες δὲ βλάπτεσθαι τὰ πλείω μᾶλλον ἢ ὠφελεῖσθαι.</said></p> 
<p><said who="#Ἀλκιβιάδης"><label>ΑΛ.</label> ἀληθέστατα λέγεις.</said></p> 
<p><said who="#Σωκράτης"><label>ΣΩ.</label> ὁρᾷς οὖν, ὅτε γʼ ἔφην κινδυνεύειν τό γε τῶν ἄλλων  <milestone unit="section" resp="Stephanus" n="146e"/> ἐπιστημῶν κτῆμα, ἐάν τις ἄνευ τῆς τοῦ βελτίστου ἐπιστήμης κεκτημένος ᾖ, ὀλιγάκις μὲν ὠφελεῖν, βλάπτειν δὲ τὰ πλείω τὸν ἔχοντα αὐτό, ἆρʼ οὐχὶ τῷ ὄντι ὀρθῶς ἐφαινόμην λέγων;</said></p> 
<p><said who="#Ἀλκιβιάδης"><label>ΑΛ.</label> καὶ εἰ μὴ τότε, ἀλλὰ νῦν μοι δοκεῖ, ὦ Σώκρατες.</said></p></div>
              
              <div type="textpart" subtype="section" n="147" resp="perseus">
<p><said who="#Σωκράτης"><label>ΣΩ.</label> δεῖ ἄρα καὶ πόλιν καὶ ψυχὴν τὴν μέλλουσαν ὀρθῶς βιώσεσθαι ταύτης τῆς ἐπιστήμης ἀντέχεσθαι, ἀτεχνῶς ὥσπερ ἀσθενοῦντα ἰατροῦ ἤ τινος κυβερνήτου τὸν ἀσφαλῶς 
    <milestone n="147" unit="page"/><milestone unit="section" resp="Stephanus" n="147a"/> μέλλοντα πλεῖν. ἄνευ γὰρ ταύτης, ὅσῳπερ ἂν λαμπρότερον ἐπουρίσῃ τὸ τῆς τύχης ἢ περὶ χρημάτων κτῆσιν ἢ σώματος ῥώμην ἢ καὶ ἄλλο τι τῶν τοιούτων, τοσούτῳ μείζω ἁμαρτήματα ἀπʼ αὐτῶν ἀναγκαῖόν ἐστιν, ὡς ἔοικε, γίγνεσθαι. ὁ δὲ δὴ τὴν καλουμένην πολυμαθίαν τε καὶ πολυτεχνίαν κεκτημένος, ὀρφανὸς δὲ ὢν ταύτης τῆς ἐπιστήμης, ἀγόμενος δὲ ὑπὸ μιᾶς ἑκάστης τῶν ἄλλων, ἆρʼ οὐχὶ τῷ ὄντι δικαίως πολλῷ χειμῶνι χρήσεται, ἅτε οἶμαι ἄνευ κυβερνήτου <milestone unit="section" resp="Stephanus" n="147b"/> διατελῶν ἐν πελάγει, χρόνον οὐ μακρὸν βίου θέων; ὥστε συμβαίνειν μοι δοκεῖ καὶ ἐνταῦθα τὸ τοῦ ποιητοῦ, ὃ λέγει κατηγορῶν πού τινος, ὡς ἄρα <quote>πολλὰ</quote> <bibl>Margites</bibl> <quote rend="merge">μὲν ἠπίστατο ἔργα, κακῶς δέ</quote>, φησίν, <quote>ἠπίστατο πάντα</quote>.</said></p> 
<p><said who="#Ἀλκιβιάδης"><label>ΑΛ.</label> καὶ τί δή ποτε συμβαίνει τὸ τοῦ ποιητοῦ, ὦ Σώκρατες; ἐμοὶ μὲν γὰρ οὐδʼ ὁτιοῦν δοκεῖ πρὸς λόγον εἰρηκέναι.</said></p> 
<p><said who="#Σωκράτης"><label>ΣΩ.</label> καὶ μάλα γε πρὸς λόγον· ἀλλʼ αἰνίττεται, ὦ βέλτιστε, καὶ οὗτος καὶ ἇλλοι δὲ ποιηταὶ σχεδόν τι πάντες. ἔστιν τε γὰρ φύσει ποιητικὴ ἡ σύμπασα αἰνιγματώδης καὶ  <milestone unit="section" resp="Stephanus" n="147c"/> οὐ τοῦ προστυχόντος ἀνδρὸς γνωρίσαι· ἔτι τε πρὸς τῷ φύσει τοιαύτη εἶναι, ὅταν λάβηται ἀνδρὸς φθονεροῦ τε καὶ μὴ βουλομένου ἡμῖν ἐνδείκνυσθαι ἀλλʼ ἀποκρύπτεσθαι ὅτι μάλιστα τὴν αὑτοῦ σοφίαν, ὑπερφυῶς δὴ τὸ χρῆμα ὡς δύσγνωστον φαίνεται, ὅτι ποτὲ νοοῦσιν ἕκαστος αὐτῶν. οὐ γὰρ δήπου Ὅμηρόν γε τὸν θειότατόν τε καὶ σοφώτατον ποιητὴν ἀγνοεῖν δοκεῖς ὡς οὐχ οἷόν τε ἦν ἐπίστασθαι κακῶς—ἐκεῖνος γάρ ἐστιν ὁ λέγων τὸν Μαργίτην πολλὰ <milestone unit="section" resp="Stephanus" n="147d"/> μὲν ἐπίστασθαι, κακῶς δέ, φησί, πάντα ἠπίστατο—ἀλλʼ αἰνίττεται οἶμαι παράγων τὸ κακῶς μὲν ἀντὶ τοῦ κακοῦ, τὸ δὲ ἠπίστατο ἀντὶ τοῦ ἐπίστασθαι· γίγνεται οὖν συντεθὲν ἔξω μὲν τοῦ μέτρου, ἔστι δʼ ὅ γε βούλεται, ὡς πολλὰ μὲν ἠπίστατο ἔργα, κακὸν δʼ ἦν ἐπίστασθαι αὐτῷ πάντα ταῦτα. δῆλον οὖν ὅτι εἴπερ ἦν αὐτῷ κακὸν τὸ πολλὰ εἰδέναι, φαῦλός τις ὢν ἐτύγχανεν, εἴπερ γε πιστεύειν δεῖ τοῖς προειρημένοις λόγοις. </said></p> 
<p><said who="#Ἀλκιβιάδης"><milestone unit="section" resp="Stephanus" n="147e"/><label>ΑΛ.</label> ἀλλʼ ἐμοὶ μὲν δοκεῖ, ὦ Σώκρατες· ἦ χαλεπῶς γʼ ἂν ἄλλοις τισὶ πιστεύσαιμι λόγοις, εἴπερ μηδὲ τούτοις.</said></p> 
<p><said who="#Σωκράτης"><label>ΣΩ.</label> καὶ ὀρθῶς γέ σοι δοκεῖ.</said></p> 
<p><said who="#Ἀλκιβιάδης"><label>ΑΛ.</label> πάλιν αὖ μοι δοκεῖ.</said></p></div>
              
              <div type="textpart" subtype="section" n="148" resp="perseus">
<p><said who="#Σωκράτης"><label>ΣΩ.</label> ἀλλὰ φέρε πρὸς Διός—ὁρᾷς γὰρ δήπου τὴν ἀπορίαν ὅση τε καὶ οἵα, ταύτης δὲ καὶ σύ μοι δοκεῖς κεκοινωνηκέναι· μεταβαλλόμενός γέ τοι ἄνω καὶ κάτω οὐδʼ ὁτιοῦν παύῃ, ἀλλʼ ὅτι ἂν μάλιστά σοι δόξῃ, τοῦτο καὶ ἐκδεδυκέναι αὖ 
 <milestone n="148" unit="page"/><milestone unit="section" resp="Stephanus" n="148a"/> καὶ οὐκέτι ὡσαύτως δοκεῖν—εἰ οὖν σοί γʼ ἔτι καὶ νῦν ἐμφανὴς γενόμενος ὁ θεὸς πρὸς ὃν τυγχάνεις πορευόμενος ἐρωτήσειε, πρὶν ὁτιοῦν εὔξασθαί σε, εἰ ἐξαρκέσει σοι ἐκείνων τι γενέσθαι ὧνπερ καὶ ἐν ἀρχῇ ἐλέγετο, εἴτε καὶ αὐτῷ σοι ἐπιτρέψειεν εὔξασθαι, τί ποτʼ ἂν οἴει ἢ τῶν παρʼ ἐκείνου διδομένων λαμβάνων ἢ αὐτὸς εὐξάμενος γενέσθαι τοῦ καιροῦ τυχεῖν;</said></p> 
<p><said who="#Ἀλκιβιάδης"><label>ΑΛ.</label> ἀλλὰ μὰ τοὺς θεούς, ἐγὼ μὲν οὐθὲν ἂν ἔχοιμί σοι εἰπεῖν, ὦ Σώκρατες, οὕτως· ἀλλὰ μάργον τί μοι δοκεῖ εἶναι, <milestone unit="section" resp="Stephanus" n="148b"/> καὶ ὡς ἀληθῶς πολλῆς φυλακῆς, ὅπως μὴ λήσει τις αὑτὸν εὐχόμενος μὲν κακά, δοκῶν δὲ τἀγαθά, ἔπειτʼ ὀλίγον ἐπισχών, ὅπερ καὶ σὺ ἔλεγες, παλινῳδῇ, ἀνευχόμενος ἅττʼ ἂν τὸ πρῶτον εὔξηται.</said></p> 
<p><said who="#Σωκράτης"><label>ΣΩ.</label> ἆρʼ οὖν οὐχὶ εἰδώς τι πλέον ἡμῶν ὁ ποιητής, οὗ καὶ ἐν ἀρχῇ τοῦ λόγου ἐπεμνήσθην, τὰ δειλὰ καὶ εὐχομένοις ἀπαλέξειν ἐκέλευεν;</said></p> 
<p><said who="#Ἀλκιβιάδης"><label>ΑΛ.</label> ἔμοιγε δοκεῖ.</said></p> 
                  <p><said who="#Σωκράτης"><label>ΣΩ.</label> τοῦτον μὲν τοίνυν, ὦ Ἀλκιβιάδη, καὶ Λακεδαιμόνιοι  <milestone unit="section" resp="Stephanus" n="148c"/> τὸν ποιητὴν ἐζηλωκότες, εἴτε καὶ αὐτοὶ οὕτως ἐπεσκεμμένοι, καὶ ἰδίᾳ καὶ δημοσίᾳ ἑκάστοτε παραπλησίαν εὐχὴν εὔχονται, τὰ καλὰ ἐπὶ τοῖς ἀγαθοῖς τοὺς θεοὺς διδόναι κελεύοντες αὖ σφίσιν αὐτοῖς· πλείω δʼ οὐδεὶς ἂν ἐκείνων εὐξαμένων ἀκούσειεν. τοιγαροῦν εἰς τὸ παρῆκον τοῦ χρόνου οὐδένων ἧττον εὐτυχεῖς εἰσιν ἄνθρωποι· εἰ δʼ ἄρα καὶ συμβέβηκεν αὐτοῖς ὥστε μὴ πάντα εὐτυχεῖν, ἀλλʼ οὖν <add>οὐ</add> διὰ <milestone unit="section" resp="Stephanus" n="148d"/> τὴν ἐκείνων εὐχήν, ἐπὶ τοῖς θεοῖς δʼ ἐστὶν ὥστε οἶμαι καὶ διδόναι ἅττʼ ἄν τις εὐχόμενος τυγχάνῃ καὶ τἀναντία τούτων. βούλομαι δέ σοι καὶ ἕτερόν τι διηγήσασθαι, ὅ ποτε ἤκουσα <del>τῶν πρεσβυτέρων</del> τινῶν, ὡς Ἀθηναίοις καὶ Λακεδαιμονίοις διαφορᾶς γενομένης συνέβαινεν ἀεὶ τῇ πόλει ἡμῶν ὥστε καὶ κατὰ γῆν καὶ κατὰ θάλατταν ὁπότε μάχη γένοιτο δυστυχεῖν καὶ μηδέποτε δύνασθαι κρατῆσαι· τοὺς οὖν Ἀθηναίους ἀγανακτοῦντας τῷ πράγματι καὶ ἀπορουμένους τίνι<milestone unit="section" resp="Stephanus" n="148e"/> χρὴ μηχανῇ τῶν παρόντων κακῶν ἀποτροπὴν εὑρεῖν, βουλευομένοις αὐτοῖς δοκεῖν κράτιστον εἶναι πέμψαντας πρὸς Ἄμμωνα ἐκεῖνον ἐπερωτᾶν· ἔτι δὲ πρὸς τούτοις τάδε, <del>καὶ</del> ἀνθʼ ὅτου ποτὲ Λακεδαιμονίοις οἱ θεοὶ μᾶλλον νίκην διδόασιν ἢ σφίσιν αὐτοῖς, οἳ πλείστας, φάναι, μὲν θυσίας καὶ καλλίστας τῶν Ἑλλήνων ἄγομεν, ἀναθήμασί τε κεκοσμήκαμεν τὰ ἱερὰ αὐτῶν ὡς οὐδένες ἄλλοι, πομπάς τε πολυτελεστάτας καὶ σεμνοτάτας ἐδωρούμεθα τοῖς θεοῖς ἀνʼ ἕκαστον ἔτος, καὶ <milestone n="149" unit="page"/><milestone unit="section" resp="Stephanus" n="149a"/> ἐτελοῦμεν χρήματα ὅσα οὐδʼ ἇλλοι σύμπαντες Ἕλληνες· </said></p></div>
              
<div type="textpart" subtype="section" n="149" resp="perseus">
<p><said who="#Σωκράτης" rend="merge"><label>ΣΩ.</label>  Λακεδαιμονίοις δέ, φάναι, οὐδεπώποτʼ ἐμέλησεν οὐδὲν τούτων, ἀλλʼ οὕτως ὀλιγώρως διάκεινται πρὸς τοὺς θεούς, ὥστε καὶ ἀνάπηρα θύουσιν ἑκάστοτε καὶ τἆλλα πάντα οὐκ ὀλίγῳ ἐνδεεστέρως τιμῶσιν ἤπερ ἡμεῖς, χρήματα οὐδὲν ἐλάττω κεκτημένοι τῆς ἡμετέρας πόλεως. ἐπεὶ δὴ εἰρηκέναι ταῦτα καὶ ἐπερωτῆσαι τί χρὴ πράττοντας αὐτοὺς τῶν παρόντων κακῶν ἀπαλλαγὴν εὑρεῖν, ἄλλο μὲν οὐθὲν ἀποκριθῆναι τὸν <milestone unit="section" resp="Stephanus" n="149b"/> προφήτην—τὸν γὰρ θεὸν οὐκ ἐᾶν δῆλον ὅτι—καλέσαντα δὲ αὐτόν, Ἀθηναίοις, φάναι, τάδε λέγει Ἄμμων· φησὶν ἂν βούλεσθαι αὑτῷ τὴν Λακεδαιμονίων εὐφημίαν εἶναι μᾶλλον ἢ τὰ σύμπαντα τῶν Ἑλλήνων ἱερά. τοσαῦτα εἰπεῖν, οὐκέτι περαιτέρω. τήν γʼ οὖν εὐφημίαν οὐκ ἄλλην τινά μοι δοκεῖ λέγειν ὁ θεὸς ἢ τὴν εὐχὴν αὐτῶν· ἔστι γὰρ τῷ ὄντι πολὺ <milestone unit="section" resp="Stephanus" n="149c"/> διαφέρουσα τῶν ἄλλων. οἱ μὲν γὰρ ἄλλοι Ἕλληνες οἱ μὲν χρυσόκερως βοῦς παραστησάμενοι, ἕτεροι δʼ ἀναθήμασι δωρούμενοι τοὺς θεούς, εὔχονται ἅττʼ ἂν τύχῃ ταῦτα, ἄντε ἀγαθὰ ἄντε κακά· βλασφημούντων οὖν αὐτῶν ἀκούοντες οἱ θεοὶ οὐκ ἀποδέχονται τὰς πολυτελεῖς ταυτασὶ πομπάς τε καὶ θυσίας. ἀλλὰ δοκεῖ μοι πολλῆς φυλακῆς δεῖσθαι καὶ σκέψεως ὅτι ποτὲ ῥητέον ἐστὶ καὶ μή.<milestone unit="para" ed="P"/>εὑρήσεις δὲ καὶ παρʼ Ὁμήρῳ ἕτερα παραπλήσια τούτοις <milestone unit="section" resp="Stephanus" n="149d"/>εἰρημένα. φησὶν γὰρ τοὺς Τρῶας ἔπαυλιν ποιουμένους<quote type="verse"> <l met="dactylic">ἔρδειν ἀθανάτοισι τεληέσσας ἑκατόμβας·</l> </quote> <bibl n="Hom. Il. 8.548">Hom. Il. 8.548</bibl> τὴν δὲ κνῖσαν ἐκ τοῦ πεδίου τοὺς ἀνέμους φέρειν οὐρανὸν εἴσω<quote type="verse"> <l met="dactylic">ἡδεῖαν· τῆς δʼ οὔ τι θεοὺς μάκαρας δατέεσθαι,</l> <l>οὐδʼ ἐθέλειν· μάλα γάρ σφιν ἀπήχθετο Ἴλιος ἱρὴ</l> </quote> <milestone unit="section" resp="Stephanus" n="149e"/> <cit> <quote type="verse"> <l met="c">καὶ Πρίαμος καὶ λαὸς ἐυμμελίω Πριάμοιο·</l> </quote> <bibl n="Hom. Il. 8.550">Hom. Il. 8.550-2</bibl> </cit>ὥστε οὐδὲν αὐτοῖς ἦν προύργου θύειν τε καὶ δῶρα τελεῖν μάτην, θεοῖς ἀπηχθημένους. οὐ γὰρ οἶμαι τοιοῦτόν ἐστι τὸ τῶν θεῶν ὥστε ὑπὸ δώρων παράγεσθαι οἷον κακὸν τοκιστήν· ἀλλὰ καὶ ἡμεῖς εὐήθη λόγον λέγομεν, ἀξιοῦντες Λακεδαιμονίων ταύτῃ περιεῖναι. καὶ γὰρ ἂν δεινὸν εἴη εἰ πρὸς τὰ δῶρα καὶ τὰς θυσίας ἀποβλέπουσιν ἡμῶν οἱ θεοὶ ἀλλὰ μὴ πρὸς τὴν ψυχήν, ἄν τις ὅσιος καὶ δίκαιος ὢν <milestone n="150" unit="page"/><milestone unit="section" resp="Stephanus" n="150a"/> τυγχάνῃ.</said></p></div>
                
<div type="textpart" subtype="section" n="150" resp="perseus">
<p><said who="#Σωκράτης" rend="merge"><label>ΣΩ.</label> 
 πολλῷ γε μᾶλλον οἶμαι ἢ πρὸς τὰς πολυτελεῖς ταύτας πομπάς τε καὶ θυσίας, ἃς οὐδὲν κωλύει πολλὰ μὲν εἰς θεούς, πολλὰ δʼ εἰς ἀνθρώπους ἡμαρτηκότας καὶ ἰδιώτην καὶ πόλιν ἔχειν ἀνʼ ἕκαστον ἔτος τελεῖν· οἱ δέ, ἅτε οὐ δωροδόκοι ὄντες, καταφρονοῦσιν ἁπάντων τούτων, ὥς φησιν ὁ θεὸς καὶ θεῶν προφήτης. κινδυνεύει γοῦν καὶ παρὰ θεοῖς καὶ παρʼ ἀνθρώποις τοῖς νοῦν ἔχουσι δικαιοσύνη τε <milestone unit="section" resp="Stephanus" n="150b"/> καὶ φρόνησις διαφερόντως τετιμῆσθαι· φρόνιμοι δὲ καὶ δίκαιοι οὐκ ἄλλοι τινές εἰσιν <del>ἢ</del> τῶν εἰδότων ἃ δεῖ πράττειν καὶ λέγειν καὶ πρὸς θεοὺς καὶ πρὸς ἀνθρώπους. βουλοίμην δʼ ἂν καὶ σοῦ πυθέσθαι ὅτι ποτʼ ἐν νῷ ἔχεις πρὸς ταῦτα.</said></p> 
<p><said who="#Ἀλκιβιάδης"><label>ΑΛ.</label> ἀλλʼ ἐμοὶ μέν, ὦ Σώκρατες, οὐκ ἄλλῃ πῃ δοκεῖ ἢ ᾗπερ σοί τε καὶ τῷ θεῷ· οὐδὲ γὰρ ἂν εἰκὸς εἴη ἀντίψηφον ἐμὲ τῷ θεῷ γενέσθαι.</said></p> 
<p><said who="#Σωκράτης"><label>ΣΩ.</label> οὐκοῦν μέμνησαι ἐν πολλῇ ἀπορίᾳ φάσκων εἶναι, <milestone unit="section" resp="Stephanus" n="150c"/> ὅπως μὴ λάθῃς σεαυτὸν εὐχόμενος κακά, δοκῶν δὲ ἀγαθά;</said></p> 
<p><said who="#Ἀλκιβιάδης"><label>ΑΛ.</label> ἔγωγε.</said></p> 
<p><said who="#Σωκράτης"><label>ΣΩ.</label> ὁρᾷς οὖν ὡς οὐκ ἀσφαλές σοί ἐστιν ἐλθεῖν πρὸς τὸν θεὸν εὐξομένῳ, ἵνα μηδʼ ἂν οὕτω τύχῃ, βλασφημοῦντός σου ἀκούων οὐθὲν ἀποδέξηται τῆς θυσίας ταύτης, τυχὸν δὲ καὶ ἕτερόν τι προσαπολαύσῃς. ἐμοὶ μὲν οὖν δοκεῖ βέλτιστον εἶναι ἡσυχίαν ἔχειν· τῇ μὲν γὰρ Λακεδαιμονίων εὐχῇ διὰ τὴν μεγαλοψυχίαν—τοῦτο γὰρ κάλλιστον τῶν ἐν ἀφροσύνῃ γε ὀνομάτων—οὐκ ἂν οἶμαί σε ἐθέλειν χρῆσθαι.  <milestone unit="section" resp="Stephanus" n="150d"/> ἀναγκαῖον οὖν ἐστι περιμένειν ἕως ἄν τις μάθῃ ὡς δεῖ πρὸς θεοὺς καὶ πρὸς ἀνθρώπους διακεῖσθαι.</said></p> 
<p><said who="#Ἀλκιβιάδης"><label>ΑΛ.</label> πότε οὖν παρέσται ὁ χρόνος οὗτος, ὦ Σώκρατες, καὶ τίς ὁ παιδεύσων; ἥδιστα γὰρ ἄν μοι δοκῶ ἰδεῖν τοῦτον τὸν ἄνθρωπον τίς ἐστιν.</said></p> 
<p><said who="#Σωκράτης"><label>ΣΩ.</label> οὗτος ᾧ μέλει περὶ σοῦ. ἀλλὰ δοκεῖ μοι, ὥσπερ τῷ Διομήδει φησὶν τὴν Ἀθηνᾶν Ὅμηρος ἀπὸ τῶν ὀφθαλμῶν ἀφελεῖν τὴν ἀχλύν,<quote type="verse"> <l met="dactylic">ὄφρʼ εὖ γιγνώσκοι ἠμὲν θεὸν ἠδὲ καὶ ἄνδρα,</l> </quote> <bibl n="Hom. Il. 5.127">Hom. Il. 5.127</bibl> <milestone unit="section" resp="Stephanus" n="150e"/> οὕτω καὶ σοὶ δεῖν ἀπὸ τῆς ψυχῆς πρῶτον τὴν ἀχλὺν ἀφελόντα, ἣ νῦν παροῦσα τυγχάνει, τὸ τηνικαῦτʼ ἤδη προσφέρειν διʼ ὧν μέλλεις γνώσεσθαι ἠμὲν κακὸν ἠδὲ καὶ ἐσθλόν. νῦν μὲν γὰρ οὐκ ἄν μοι δοκεῖς δυνηθῆναι.</said></p> 
<p><said who="#Ἀλκιβιάδης"><label>ΑΛ.</label> ἀφαιρείτω, εἴτε βούλεται τὴν ἀχλὺν εἴτε ἄλλο τι· ὡς ἐγὼ παρεσκεύασμαι μηθὲν ἂν φυγεῖν τῶν ὑπʼ ἐκείνου προσταττομένων, ὅστις ποτʼ ἐστὶν ἅνθρωπος, εἴ γε μέλλοιμι βελτίων γενέσθαι.</said></p></div>
              
              <div type="textpart" subtype="section" n="151" resp="perseus">
               <p><said who="#Σωκράτης"><milestone n="151" unit="page"/><milestone unit="section" resp="Stephanus" n="151a"/><label>ΣΩ.</label> ἀλλὰ μὴν κἀκεῖνος θαυμαστὴν ὅσην περὶ σὲ προθυμίαν ἔχει.</said></p> 
<p><said who="#Ἀλκιβιάδης"><label>ΑΛ.</label> εἰς τότε τοίνυν καὶ τὴν θυσίαν ἀναβάλλεσθαι κράτιστον εἶναί μοι δοκεῖ.</said></p> 
<p><said who="#Σωκράτης"><label>ΣΩ.</label> καὶ ὀρθῶς γέ σοι δοκεῖ· ἀσφαλέστερον γάρ ἐστιν ἢ παρακινδυνεύειν τοσοῦτον κίνδυνον.</said></p> 
<p><said who="#Ἀλκιβιάδης"><label>ΑΛ.</label> ἀλλὰ πῶς, ὦ Σώκρατες; καὶ μὴν τουτονὶ τὸν στέφανον, ἐπειδή μοι δοκεῖς καλῶς συμβεβουλευκέναι, σοὶ <milestone unit="section" resp="Stephanus" n="151b"/> περιθήσω· τοῖς θεοῖς δὲ καὶ στεφάνους καὶ τἆλλα πάντα τὰ νομιζόμενα τότε δώσομεν, ὅταν ἐκείνην τὴν ἡμέραν ἐλθοῦσαν ἴδω. ἥξει δʼ οὐ διὰ μακροῦ τούτων θελόντων.</said></p> 
<p><said who="#Σωκράτης"><label>ΣΩ.</label> ἀλλὰ δέχομαι καὶ τοῦτο, καὶ ἄλλο δὲ ἄν τι τῶν παρὰ σοῦ δοθέντων ἡδέως ἴδοιμι δεξάμενον ἐμαυτόν. ὥσπερ δὲ καὶ ὁ Κρέων Εὐριπίδῃ πεποίηται τὸν Τειρεσίαν ἰδὼν ἔχοντα τὰ στέφη καὶ ἀκούσας ἀπὸ τῶν πολεμίων ἀπαρχὰς αὐτὸν εἰληφέναι διὰ τὴν τέχνην,<quote type="verse"> <l met="iambic">οἰωνὸν ἐθέμην, φησί, καλλίνικα <add>σὰ</add> στέφη·</l> <l>ἐν γὰρ κλύδωνι κείμεθʼ, ὥσπερ οἶσθα σύ·</l> </quote> <bibl n="Eur. Phoen. 858">Eur. Phoen. 858-9</bibl> οὕτω δὲ κἀγὼ παρὰ σοῦ τὴν δόξαν ταύτην οἰωνὸν τίθεμαι. <milestone unit="section" resp="Stephanus" n="151c"/> δοκῶ δέ μοι οὐκ ἐν ἐλάττονι κλύδωνι τοῦ Κρέοντος εἶναι, καὶ βουλοίμην ἂν καλλίνικος γενέσθαι τῶν σῶν ἐραστῶν.</said></p> 
           </div>
          </div>
        </body>
    </text>
</TEI>
