<?xml version="1.0" encoding="UTF-8"?>
<?xml-model href="http://www.stoa.org/epidoc/schema/latest/tei-epidoc.rng" schematypens="http://relaxng.org/ns/structure/1.0"?>
<TEI xmlns="http://www.tei-c.org/ns/1.0">
	<teiHeader>

<fileDesc>

<titleStmt>
<title>Epinomis</title>
<author>Plato</author>
<sponsor>Perseus Project, Tufts University</sponsor>
<principal>Gregory Crane</principal>
<respStmt>
<resp>Prepared under the supervision of</resp>
<name>Lisa Cerrato</name>
<name>William Merrill</name>
<name>Elli Mylonas</name>
<name>David Smith</name>
</respStmt>
<funder n="org:AnnCPB">The Annenberg CPB/Project</funder>

</titleStmt>

	<publicationStmt>
		<publisher>Trustees of Tufts University</publisher>
		<pubPlace>Medford, MA</pubPlace>
		<authority>Perseus Project</authority>
	</publicationStmt>

<notesStmt> <note anchored="true">Text was scanned at St. Olaf Spring, 1992.</note></notesStmt>
<sourceDesc>
<biblStruct>
	<monogr>
		<author>Plato</author>
		<title>Platonis Opera, ed. John Burnet</title>
		<imprint>
			<biblScope unit="volume">5</biblScope>
			<publisher>Oxford University Press</publisher>
			<date>1914</date>
		</imprint>
	</monogr>
</biblStruct>
</sourceDesc>

</fileDesc>

<encodingDesc>
	<refsDecl n="CTS">
		<cRefPattern matchPattern="(\w+)"
			replacementPattern="#xpath(/tei:TEI/tei:text/tei:body/tei:div/tei:div[@n='$1'])">           
			<p>This pointer pattern extracts section</p>
		</cRefPattern>
	</refsDecl>

<!--<refsDecl doctype="TEI.2">
<state unit="text"/>
<state unit="section"/>
</refsDecl>
<refsDecl doctype="TEI.2">
<state unit="text"/>
<state unit="page"/>
</refsDecl>-->
</encodingDesc>

<profileDesc>
<langUsage>
<language ident="grc">Greek</language>
<language ident="eng">English</language>
</langUsage>
	<particDesc>
		<person><persName>Κλεινίας Κρής</persName></person>
		<person><persName>Ἀθηναῖος Ξένος</persName></person>
		<person><persName>Μέγιλλος Λακεδαιμόνιος</persName></person>
	</particDesc>
</profileDesc>
		
<revisionDesc>
<change when="2017-09-25" who="Lisa Cerrato">EpiDoc and CTS conversion.</change> 
<change when="2014-07-01" who="Stella Dee">split composite text and converted to unicode</change>
<change when="1992-07-01" who="WPM">Tagged in conformance with Prose.e dtd.</change>
</revisionDesc>

</teiHeader>
	<text xml:lang="grc">
		<body>
			<div type="edition" n="urn:cts:greekLit:tlg0059.tlg035.perseus-grc2" xml:lang="grc">
				<div type="textpart" subtype="section" resp="perseus" n="973">


					<p><said who="#Κλεινίας"><milestone n="973" unit="page"/><milestone unit="section" resp="Stephanus" n="973a"/><label>ΚΛ.</label> πρὸς μὲν τὸ τῆς ὁμολογίας ἥκομεν ἅπαντες ὀρθῶς, ὦ ξένε, τρεῖς ὄντες, ἐγὼ καὶ σὺ καὶ Μέγιλλος ὅδε, τὸ τῆς φρονήσεως ἐπισκεψόμενοι τίνι ποτὲ χρὴ λόγῳ διεξελθεῖν, ὃ τὴν ἀνθρωπίνην ἕξιν φαμέν, ὅταν διανοηθῇ, κάλλιστʼ ἔχειν ποιεῖν πρὸς φρόνησιν ὅσην δυνατὸν ἀνθρώπῳ σχεῖν. τὰ μὲν <milestone unit="section" resp="Stephanus" n="973b"/> γὰρ ἄλλα, ὥς φαμεν, ἅπαντα διεξήλθομεν ὅσα ἦν περὶ νόμων θέσιν· ὃ δὲ μέγιστον εὑρεῖν τε καὶ εἰπεῖν, τί ποτε μαθὼν θνητὸς ἄνθρωπος σοφὸς ἂν εἴη, τοῦτο οὔτε εἴπομεν οὔτε ηὕρομεν, νῦν τε πειρώμεθα τοῦτο μὴ καταλιπεῖν· σχεδὸν γὰρ ἀτελὲς ἂν πράξαιμεν οὗ χάριν ἅπαντες ὡρμήσαμεν, ὡς φανερὰ ποιήσοντες ἐξ ἀρχῆς μέχρι τέλους.</said></p>

<p><said who="#Ἀθηναῖος"><label>ΑΘ.</label> ὦ φίλε Κλεινία, καλῶς μὲν λέγεις, ἄτοπον μὴν ἀκούσεσθαί σε λόγον οἶμαι, καί τινα τρόπον οὐκ ἄτοπον αὖ. <milestone unit="section" resp="Stephanus" n="973c"/> πολλοὶ γὰρ δὴ προστυχεῖς τῷ βίῳ γιγνόμενοι τὸν αὐτὸν λόγον φέρουσιν, ὡς οὐκ ἔσται μακάριον τὸ τῶν ἀνθρώπων γένος οὐδʼ εὔδαιμον. ἕπου δὴ καὶ σύνιδε ἄν σοι δοκῶ κἀγὼ μετʼ αὐτῶν καλῶς τοῦ τοιούτου πέρι λέγειν. οὔ φημι εἶναι δυνατὸν ἀνθρώποις μακαρίοις τε καὶ εὐδαίμοσιν γενέσθαι πλὴν ὀλίγων— μέχριπερ ἂν ζῶμεν τοῦτο διορίζομαι· καλὴ δὲ ἐλπὶς τελευτήσαντι τυχεῖν ἁπάντων ὧν ἕνεκά τις προθυμοῖτʼ ἂν ζῶν τε ὡς κάλλιστʼ ἂν ζῆν κατὰ δύναμιν καὶ τελευτήσας τελευτῆς <milestone unit="section" resp="Stephanus" n="973d"/> τοιαύτης τυχεῖν—λέγω δʼ οὐδὲν σοφόν, ἀλλʼ ὅπερ ἅπαντες Ἕλληνές τε καὶ βάρβαροι γιγνώσκομέν τινα τρόπον, ὡς ἐξ ἀρχῆς τὸ γενέσθαι χαλεπὸν ἅπαντι ζῴῳ· πρῶτον μὲν τὸ μετασχεῖν τῆς τῶν κυουμένων ἕξεως, ἔπειτʼ αὖ τὸ γίγνεσθαι, καὶ ἔτι τὸ τρέφεσθαι καὶ παιδεύεσθαι, διὰ πόνων μυρίων <milestone n="974" unit="page"/><milestone unit="section" resp="Stephanus" n="974a"/> ταῦτα γίγνεσθαι σύμπαντα, ὥς φαμεν ἅπαντες.</said></p></div>
				
<div type="textpart" subtype="section" resp="perseus" n="974">
<p><said who="#Ἀθηναῖος" rend="merge"><label>ΑΘ.</label> καὶ χρόνος βραχὺς ἄν τις εἴη πρὸς λογισμὸν μή τοι τῶν μοχθηρῶν, ἀλλʼ ὃ πᾶς ἂν ὑπολάβοι μέτριον. οὗτος δὲ σχεδὸν ἀναπνοὴν δοκεῖ ποιεῖν τινα κατὰ μέσον πῃ βίον τὸν ἀνθρώπινον· ταχύ γε μὴν ἐπιλαβὸν γῆρας ὁντινοῦν ποιήσειʼ ἂν μήποτʼ ἐθελῆσαι πάλιν ἀναβιῶναι, λογισάμενον τὸν βεβιωμένον ἑαυτῷ βίον, ὅστις μὴ τυγχάνει παιδικῆς δόξης μεστὸς ὤν. τούτων δὴ τί ποτέ μοι τεκμήριον; ὅτι πέφυκεν ταύτῃ τὸ νῦν ζητούμενον <milestone unit="section" resp="Stephanus" n="974b"/> τῷ λόγῳ. ζητοῦμεν δὲ δὴ τίνα τρόπον σοφοὶ γενησόμεθα, ὡς οὔσης τινὸς ἑκάστοις ταύτης τῆς δυνάμεως· ἡ δὲ φυγῇ φεύγει τότε ὅταν τις πρός τινα φρόνησιν ἴῃ τῶν λεγομένων τεχνῶν ἢ φρονήσεων ἤ τινων ἄλλων τοιούτων ὡς οἰόμεθα ἐπιστημῶν, ὡς ἀξίας τούτων οὐδεμιᾶς οὔσης ἐπίκλησιν ῥηθῆναι τῆς περὶ ταῦτα σοφίας τἀνθρώπινα, τῆς δὲ ψυχῆς σφόδρα πεποιθυίας καὶ μαντευομένης ὡς οὔσης αὐτῇ κατά <milestone unit="section" resp="Stephanus" n="974c"/> τινα φύσιν ταύτης, τίς δέ ἐστιν καὶ πότε καὶ πῶς, οὐ πάνυ δυναμένης ἐξευρίσκειν. ἆρʼ οὐ τούτῳ σφόδρα προσέοιχʼ ἡμῶν ἡ περὶ σοφίαν ἀπορία καὶ ζήτησις, πλείων τῆς ἐλπίδος ἑκάστῳ γιγνομένη τῶν ὅσοι ἐν ἡμῖν δυνατοὶ γίγνονται φρονίμως αὑτοὺς ἄλλους τε ἐξετάσαι συμφώνως διὰ λόγων πάντων καὶ πάντῃ λεγομένων; ταῦτα οὐχ οὕτως ἢ ταύτῃ συμφήσομεν ἔχειν;</said></p>

<p><said who="#Κλεινίας"><label>ΚΛ.</label> συμφήσομεν ἐπʼ ἐλπίδι σοι ἴσως ταῦτʼ, ὦ ξένε, τῇ <milestone unit="section" resp="Stephanus" n="974d"/> μετὰ σοῦ κατὰ χρόνον ἂν γενομένῃ, δοξάσαι περὶ αὐτῶν εἰς αὖθις τὸ ἀληθέστατον.</said></p>

<p><said who="#Ἀθηναῖος"><label>ΑΘ.</label> τὰς ἄλλας τοίνυν ὅσαι ἐπιστῆμαι μέν εἰσιν λεγόμεναι, σοφὸν δὲ οὐκ ἀποτελοῦσιν τὸν λαμβάνοντά τε αὐτὰς καὶ ἔχοντα, πρῶτον διεξιτέον, ὅπως ταύτας ἐκποδὼν θέμενοι, πειρώμεθα ἐκείνας ὧν δεόμεθα παραθέσθαι τε καὶ παραθέμενοι μανθάνειν.

<milestone ed="P" unit="para"/>πρῶτον μὲν τοίνυν ὧν πρῶτον δεῖ θνητῷ γένει, ἴδωμεν <milestone unit="section" resp="Stephanus" n="974e"/> ὡς εἰσὶ μὲν ἀναγκαιόταται σχεδὸν ἀληθῶς τε πρῶται, ὁ δὲ ἐπιστήμων αὐτῶν γιγνόμενος, εἰ καὶ κατʼ ἀρχὰς ἔδοξέν τις εἶναί ποτε σοφός, οὔκουν νῦν γε οὔτε σοφὸς εἶναι δοξάζεται <milestone n="975" unit="page"/><milestone unit="section" resp="Stephanus" n="975a"/> ὀνείδη τε ἴσχει μᾶλλον ἀπὸ τῆς τοιαύτης ἐπιστήμης.</said></p></div> 
	
<div type="textpart" subtype="section" resp="perseus" n="975">
<p><said who="#Ἀθηναῖος" rend="merge"><label>ΑΘ.</label> ἐροῦμεν δὴ αἵ τʼ εἰσὶν καὶ ὅτι πᾶς ἀνὴρ αὐτάς, σχεδὸν ὅσοις ἀγὼν πρόκειται τοῦ δοκεῖν ὡς ἄριστον ἄνδρα συμβῆναι γενόμενον ἄν, φεύγει διὰ τὰς κτήσεις τῆς φρονήσεώς τε καὶ ἐπιτηδεύσεως. ἔστω δὴ πρῶτον μὲν ἡ τῆς ἀλληλοφαγίας τῶν ζῴων ἡμᾶς τῶν μέν, ὡς ὁ μῦθός ἐστιν, τὸ παράπαν ἀποστήσασα, τῶν δὲ εἰς τὴν νόμιμον ἐδωδὴν καταστήσασα. ἵλεῳ δʼ ἡμῖν οἱ πρόσθεν εἴησάν τε καὶ εἰσίν—οἵτινες μὲν <milestone unit="section" resp="Stephanus" n="975b"/> γὰρ <sic>οὖν</sic> ἐλέγομεν, πρῶτοι χαιρέτωσαν—ἡ δʼ οὖν ἀλφίτων τε καὶ ἀλεύρων ποίησις ἅμα καὶ τροφὴ καλὴ μὲν καὶ ἀγαθή, σοφὸν δὲ ἄνδρα τελέως οὐκ ἐθελήσει ποτὲ ἀπεργάσασθαι· τοῦτο γὰρ αὐτό, ἡ τῆς ποιήσεως ἐπίκλησις, τῶν ποιουμένων αὐτῶν δυσχέρειαν ἀπεργάζοιτʼ ἄν. σχεδὸν δʼ οὐδὲ χώρας συμπάσης γεωργία· οὐ γὰρ τέχνῃ ἀλλὰ φύσει κατὰ θεὸν πάντες φαινόμεθα γῆν μετακεχειρίσθαι. καὶ μὴν οὐδʼ ἡ τῶν οἰκήσεών γε συνυφὴ καὶ σύμπασα οἰκοδομία καὶ σκευῶν <milestone unit="section" resp="Stephanus" n="975c"/> πάντων ἀπεργαστική, χαλκεία τε καὶ ἡ τῶν τεκτονικῶν καὶ πλαστικῶν καὶ πλεκτικῶν καὶ ἔτι συμπάντων ὀργάνων παρασκευή, δήμῳ τὸ πρόσφορον ἔχουσα, ἀλλʼ οὐκ ἐπʼ ἀρετῇ λεγομένη. καὶ μὴν οὐδʼ ἡ σύμπασα θηρευτική, πολλή περ καὶ τεχνικὴ γεγονυῖα, τό γε μεγαλοπρεπὲς σὺν τῷ σοφῷ οὐκ ἀποδίδωσιν. οὐ μὴν οὐδὲ μαντική γε οὐδʼ ἑρμηνευτικὴ τὸ παράπαν· τὸ λεγόμενον γὰρ οἶδεν μόνον, εἰ δʼ ἀληθές, οὐκ ἔμαθεν.

<milestone ed="P" unit="para"/>ὅτε δὴ τὴν τῶν ἀναγκαίων ὁρῶμεν κτῆσιν διὰ τέχνης μὲν <milestone unit="section" resp="Stephanus" n="975d"/> ἀπεργαζομένην, τούτων δὲ οὐδεμίαν οὐδένα σοφὸν ποιοῦσαν, τό γε μετὰ τοῦτο παιδιά τις ἂν λείποιτο, μιμητικὴ μὲν τὸ πλεῖστον ἀλλʼ οὐδαμῇ σπουδαία. πολλοῖς μὲν γὰρ ὀργάνοις μιμοῦνται, πολλοῖς δʼ αὐτῶν τῶν σωμάτων οὐ πάντως εὐσχήμοσι μιμήμασιν, τά τε κατὰ λόγους καὶ μοῦσαν πᾶσαν, καὶ ὅσων γραφικὴ μήτηρ, πολλῶν καὶ παντοίων ποικιλμάτων ἀποτελουμένων ἐν πολλοῖς ὑγροῖς καὶ ξηροῖς γένεσιν· ὧν σοφὸν οὐδένα εἰς οὐδὲν σπουδῇ τῇ μεγίστῃ δημιουργοῦντα ἡ μιμητικὴ παρέχεται. <milestone unit="section" resp="Stephanus" n="975e"/> 

<milestone ed="P" unit="para"/>πάντων δʼ ἐξειργασμένων τὸ λοιπὸν βοήθεια γίγνοιτʼ ἂν μυρία μυρίοις, ἡ μὲν μεγίστη τε καὶ εἰς πλεῖστα πολεμικὴ κληθεῖσα, στρατηγικὴ τέχνη, εὐδοκιμωτάτη πρὸς χρείαν, εὐτυχίας πλείστης δεομένη, μᾶλλον δὲ ἀνδρείᾳ κατὰ φύσιν ἢ <milestone n="976" unit="page"/><milestone unit="section" resp="Stephanus" n="976a"/> σοφίᾳ δεδομένη.</said></p></div>
				
<div type="textpart" subtype="section" resp="perseus" n="976">
<p><said who="#Ἀθηναῖος" rend="merge"><label>ΑΘ.</label> ἣν δὲ καλοῦσι μὲν ἰατρικήν, βοήθεια δέ που καὶ αὕτη σχεδὸν ὅσων ὧραι ψύχει καὶ καύματι ἀκαίρῳ καὶ πᾶσι τοῖς τοιούτοις ληίζονται τὴν τῶν ζῴων φύσιν. εὐδόκιμον δὲ οὐδὲν τούτων εἰς σοφίαν τὴν ἀληθεστάτην· ἄμετρα γὰρ δόξαις φορεῖται τοπαζόμενα. βοηθοὺς δέ που καὶ τοὺς κυβερνήτας ἅμα καὶ τοὺς ναύτας ἐροῦμεν, καὶ τούτων ἄνδρα σοφὸν μηδένα τις ἡμᾶς παραμυθούμενος ἐξ ἁπάντων διαγγελλέτω· οὐ γὰρ ἂν εἰδείη τις πνεύματος ὀργὴν <milestone unit="section" resp="Stephanus" n="976b"/> οὐδὲ φιλίαν, ὃ προσφιλὲς ἁπάσῃ κυβερνητικῇ. καὶ μὴν οὐδʼ ὁπόσοι βοηθοὶ δίκαις ἐν τῇ τοῦ λέγειν ῥώμῃ φασὶ γίγνεσθαι, μνήμῃ καὶ τριβῇ δόξης ἤθεσιν προσέχοντες τὸν νοῦν, ἀληθείας δὲ τῶν ὄντως δικαίων ἐκτὸς παρεσφαλμένοι.

<milestone ed="P" unit="para"/>λοιπὴ δʼ ἔτι πρὸς δόξαν σοφίας ἐστίν τις ἄτοπος δύναμις, ἣν φύσιν ἂν οἱ πολλοὶ μᾶλλον ἢ σοφίαν ὀνομάσειαν, τότε ὅταν τινά τις συννοῇ ῥᾳδίως μὲν ὅτιπερ ἂν μανθάνῃ μανθάνοντα, <milestone unit="section" resp="Stephanus" n="976c"/> μάλα δὲ πολλὰ καὶ ἀσφαλῶς μνημονεύοντα, ὅταν τε τὸ πρόσφορον ἑκάστῳ διαμνημονεύῃ τις, ὅτι γιγνόμενον ἂν πρέποι, τοῦτο δὲ ταχὺ δρᾷ· ταῦτα γὰρ ἅπαντα οἱ μὲν φύσιν, οἱ δὲ σοφίαν, οἱ δὲ ἀγχίνοιαν θήσουσιν φύσεως, σοφὸν δὲ ὄντως οὐδενὶ τούτων οὐδεὶς τῶν ἐμφρόνων ἐθελήσει ποτὲ καλεῖν.

	<milestone ed="P" unit="para"/>ἀλλὰ μὴν δεῖ φανῆναί γέ τινα ἐπιστήμην ἣν ἔχων σοφὸς γίγνοιτʼ ἂν ὁ σοφὸς ὄντως ὢν καὶ μὴ μόνον δοξαζόμενος. ἴδωμεν δή. χαλεπῷ μὲν γὰρ λόγῳ παντάπασιν <milestone unit="section" resp="Stephanus" n="976d"/> ἐπιχειροῦμεν, ἑτέραν πάρεξ τῶν εἰρημένων εὑρεῖν, ἣ σοφία μὲν λέγοιτʼ ἂν ὄντως τε καὶ εἰκότως, ὁ δὲ λαβὼν οὔτε βάναυσος οὔτʼ ἠλίθιος ἔσται, σοφὸς δὲ καὶ ἀγαθὸς διʼ αὐτὴν πολίτης τε καὶ ἄρχων καὶ ἀρχόμενος ἐνδίκως ἔσται πόλεως ἅμα καὶ ἐμμελής. κατίδωμεν δὴ ταύτην πρώτην, τίς ποτʼ ἐκ τῆς ἀνθρωπίνης φύσεως ἐπιστήμη μία διεξελθοῦσα ἢ μὴ παραγενομένη τῶν νῦν παρουσῶν ἀνοητότατον ἂν καὶ ἀφρονέστατον παράσχοιτο ζῷον τὸ τῶν ἀνθρώπων. οὐ δὴ <milestone unit="section" resp="Stephanus" n="976e"/> τοῦτό γε πάνυ χαλεπὸν τὸ κατιδεῖν. μία γὰρ ὡς εἰπεῖν πρὸς μίαν ἡ τὸν ἀριθμὸν δοῦσα παντὶ τῷ θνητῷ γένει τοῦτʼ ἂν δράσειεν· θεὸν δʼ αὐτὸν μᾶλλον ἤ τινα τύχην ἡγοῦμαι δόντα ἡμῖν σῴζειν ἡμᾶς.</said></p></div>
				
<div type="textpart" subtype="section" resp="perseus" n="977">
<p><said who="#Ἀθηναῖος" rend="merge"><label>ΑΘ.</label> ὃν δὲ θεὸν ἡγοῦμαι, φράζειν χρή, καίπερ ἄτοπον ὄντα, καί πως οὐκ ἄτοπον αὖ· πῶς γὰρ τὸ <milestone n="977" unit="page"/><milestone unit="section" resp="Stephanus" n="977a"/> ἀγαθῶν αἴτιον ἡμῖν συμπάντων οὐ καὶ τοῦ πολὺ μεγίστου, τῆς φρονήσεως, αἴτιον ἡγεῖσθαι δεῖ γεγονέναι; τίνα δὴ καὶ σεμνύνων ποτὲ λέγω θεόν, ὦ Μέγιλλέ τε καὶ Κλεινία; σχεδὸν Οὐρανόν, ὃν καὶ δικαιότατον, ὡς σύμπαντες ἄλλοι δαίμονες ἅμα καὶ θεοί, τιμᾶν τε καὶ εὔχεσθαι διαφερόντως αὐτῷ. τὸ δὲ καὶ τῶν ἄλλων αἴτιον ἀγαθῶν πάντων ἡμῖν αὐτὸν γεγονέναι πάντες ἂν ὁμολογοῖμεν· δοῦναι δὲ ἅμα καὶ ἀριθμὸν ἡμεῖς γε ὄντως αὐτόν φαμεν, ἔτι δὲ καὶ δώσειν, ἐάν <milestone unit="section" resp="Stephanus" n="977b"/> τις θέλῃ συνακολουθεῖν. ἐὰν γὰρ ἴῃ τις ἐπὶ θεωρίαν ὀρθὴν τὴν τοῦδε, εἴτε κόσμον εἴτε ὄλυμπον εἴτε οὐρανὸν ἐν ἡδονῇ τῳ λέγειν, λεγέτω μέν, ἀκολουθείτω δὲ ὅπῃ ποικίλλων αὑτὸν καὶ τὰ ἐν αὑτῷ στρέφων ἄστρα πάσας διεξόδους ὥρας τε καὶ τροφὴν πᾶσιν παρέχεται. καὶ τὴν ἄλλην δὲ οὖν φρόνησιν, ὡς φαῖμεν ἄν, σὺν ἀριθμῷ παντί, καὶ τἆλλʼ ἀγαθά· τοῦτο δὲ μέγιστον, ἐάν τις τὴν ἀριθμῶν αὐτοῦ δόσιν δεξάμενος ἐπεξέλθῃ πᾶσαν τὴν περίοδον.

<milestone ed="P" unit="para"/>ἔτι δὲ σμικρὸν ἐπανελθόντες πως τοῖς λόγοις ἀναμνησθῶμεν <milestone unit="section" resp="Stephanus" n="977c"/> ὅτι καὶ μάλʼ ὀρθῶς ἐνοήσαμεν ὡς, εἴπερ ἀριθμὸν ἐκ τῆς ἀνθρωπίνης φύσεως ἐξέλοιμεν, οὐκ ἄν ποτέ τι φρόνιμοι γενοίμεθα. οὐ γὰρ ἂν ἔτι ποτὲ ψυχὴ τούτου τοῦ ζῴου πᾶσαν ἀρετὴν λάβοι σχεδόν, ὅτου λόγος ἀπείη· ζῷον δὲ ὅτι μὴ γιγνώσκοι δύο καὶ τρία μηδὲ περιττὸν μηδὲ ἄρτιον, ἀγνοοῖ δὲ τὸ παράπαν ἀριθμόν, οὐκ ἄν ποτε διδόναι λόγον ἔχοι περὶ ὧν αἰσθήσεις καὶ μνήμας <del>ἔχοι</del> μόνον εἴη κεκτημένον, τὴν <milestone unit="section" resp="Stephanus" n="977d"/> δὲ ἄλλην ἀρετήν, ἀνδρείαν καὶ σωφροσύνην, οὐδὲν ἀποκωλύει. στερόμενος δὲ ἀληθοῦς λόγου σοφὸς οὐκ ἄν ποτε γένοιτο, ὅτῳ δὲ σοφία μὴ προσείη, πάσης ἀρετῆς τὸ μέγιστον μέρος, οὐκ ἂν ἔτι τελέως ἀγαθὸς γενόμενος εὐδαίμων ποτὲ γένοιτο. οὕτως ἀριθμὸν μὲν ἀνάγκη πᾶσα ὑποτίθεσθαι· διότι δὲ τοῦτο ἀνάγκη, λόγος ἔτι πλείων πάντων γίγνοιτʼ ἂν τῶν εἰρημένων. ἀλλὰ καὶ ὁ νῦν ὀρθῶς ῥηθήσεται, ὅτι καὶ τὰ τῶν ἄλλων τεχνῶν λεγόμενα, ἃ νυνδὴ διήλθομεν ἐῶντες εἶναι πάσας τὰς <milestone unit="section" resp="Stephanus" n="977e"/> τέχνας, οὐδὲ τούτων ἓν οὐδὲν μένει, πάντα δʼ ἀπολείπεται τὸ παράπαν, ὅταν ἀριθμητικήν τις ἀνέλῃ.</said></p></div>

<div type="textpart" subtype="section" resp="perseus" n="978">
<p><said who="#Ἀθηναῖος" rend="merge"><label>ΑΘ.</label> <milestone ed="P" unit="para"/>δόξειε δʼ ἂν ἴσως τις βραχέων ἕνεκα ἀριθμοῦ δεῖσθαι τὸ τῶν ἀνθρώπων γένος, εἰς τὰς τέχνας ἀποβλέψας—καίτοι μέγα μὲν καὶ τοῦτο—εἰ δέ τις ἴδοι τὸ θεῖον τῆς γενέσεως καὶ τὸ θνητόν, ἐν ᾧ καὶ τὸ θεοσεβὲς γνωρισθήσεται καὶ ὁ ἀριθμὸς <milestone n="978" unit="page"/><milestone unit="section" resp="Stephanus" n="978a"/> ὄντως, οὐκ ἂν ἔτι πᾶς ἄν τις γνοίη σύμπαντα ἀριθμὸν ὅσης ἡμῖν δυνάμεως αἴτιος ἂν εἴη συγγιγνόμενος—ἐπεὶ καὶ τὰ κατὰ μουσικὴν πᾶσαν διαριθμουμένων κινήσεώς τε καὶ φθόγγων δῆλον ὅτι δεῖ—καὶ τὸ μέγιστον, ἀγαθῶν ὡς πάντων αἴτιον, ὅτι δὲ κακῶν οὐδενός, εὖ τοῦτο γνωστέον, ὃ καὶ τάχα γένοιτʼ ἄν. ἀλλʼ ἡ σχεδὸν ἀλόγιστός τε καὶ ἄτακτος ἀσχήμων τε καὶ ἄρρυθμος ἀνάρμοστός τε φορά, καὶ πάνθʼ ὁπόσα κακοῦ <milestone unit="section" resp="Stephanus" n="978b"/> κεκοινώνηκέν τινος, ἐπιλέλειπται παντὸς ἀριθμοῦ, καὶ δεῖ τοῦθʼ οὕτω διανοεῖσθαι τὸν μέλλοντα εὐδαίμονα τελευτήσειν· καὶ τό γε δὴ δίκαιόν τε καὶ ἀγαθὸν καὶ καλὸν καὶ πάντα τὰ τοιαῦτα οὐδείς ποτε μὴ γιγνώσκων, ἀληθοῦς δόξης ἐπιλαβόμενος, διαριθμήσεται πρὸς τὸ ἑαυτόν τε καὶ ἕτερον πεῖσαι τὸ παράπαν.

<milestone ed="P" unit="para"/>ἴωμεν δὴ σκεψόμενοι πρὸς τοῦτʼ αὐτό, πῶς ἐμάθομεν ἀριθμεῖν. φέρε· τὸ γὰρ ἓν δὴ καὶ δύο γέγονε πόθεν ἡμῖν <milestone unit="section" resp="Stephanus" n="978c"/> ὥστʼ ἐννοῆσαι, φύσιν ταύτην ἔχουσιν ἐκ τοῦ παντὸς πρὸς τὸ δυνατοὺς ἐννοεῖν εἶναι; πολλοῖς δὲ ἄλλοις αὖ τῶν ζῴων οὐδʼ εἰς αὐτὸ τοῦθʼ ἡ φύσις παραγέγονεν, ὥστε μαθεῖν δυνατοῖς εἶναι παρὰ τοῦ πατρὸς ἀριθμεῖν, παρὰ δʼ ἡμῖν τοῦτʼ αὐτὸ πρῶτον ἐνῴκισεν ὁ θεός, ὥστε ἱκανοῖς εἶναι δεικνύμενον συννοεῖν, ἔπειτʼ ἔδειξεν καὶ δείκνυσιν· ὧν τί κάλλιον ἓν ἑνὸς ἄν τις θεάσαιτο πλὴν τὸ τῆς ἡμέρας γένος, εἶτα εἰς τὸ τῆς νυκτὸς ἔλθοι μέρος ἔχων ὄψιν, ὅθεν ἕτερον πᾶν αὐτῷ <milestone unit="section" resp="Stephanus" n="978d"/> φαίνοιτʼ ἄν; καὶ ἑλίττων δὴ ταῦτα αὐτὰ ὅταν μὴ παύηται πολλὰς μὲν νύκτας, πολλὰς δὲ ἡμέρας <del>ἃς</del> οὐρανός, οὐδέποτε παύεται διδάσκων ἀνθρώπους ἕν τε καὶ δύο, πρὶν ἂν καὶ ὁ δυσμαθέστατος ἱκανῶς μάθῃ ἀριθμεῖν· ὡς γὰρ καὶ τρία καὶ τέτταρα καὶ πολλά, ἕκαστος ἡμῶν ἐπινοήσειεν ἂν ὁρῶν ταῦτα. καὶ ἐκ τούτων ἓν ἐποίησεν τὴν σελήνην ὁ θεὸς ἀπεργασάμενος, ἣ τοτὲ μὲν μείζων φαινομένη, τοτὲ δʼ ἐλάττων, διεξῆλθεν <milestone unit="section" resp="Stephanus" n="978e"/> ἄλλην ἀεὶ φαίνουσα ἡμέραν, μέχρι πεντεκαίδεκα ἡμερῶν καὶ νυκτῶν· αὕτη δʼ ἔστιν περίοδος, εἰ βούλεταί τις τὸν κύκλον ἕνα ὅλον εἰς ἓν τιθέναι, ὥστε ὡς ἔπος εἰπεῖν καὶ τὸ δυσμαθέστατον ἂν μαθεῖν ζῷον, οἷς παρέδωκεν φύσιν ὁ θεὸς τοῦ δυνατοῖς εἶναι μανθάνειν.</said></p></div>
				
<div type="textpart" subtype="section" resp="perseus" n="979">
<p><said who="#Ἀθηναῖος" rend="merge"><label>ΑΘ.</label> καὶ μέχρι μὲν τούτων τε καὶ ἐν τούτοις σύμπαν τὸ δυνατὸν τῶν ζῴων μάλα ἀριθμητικὸν <milestone n="979" unit="page"/><milestone unit="section" resp="Stephanus" n="979a"/> γέγονε, τὸ καθʼ ἓν αὐτὸ σκοποῦν· τὸ δὲ πρὸς ἄλληλα πάντα ἀριθμὸν ἀεὶ λογίζεσθαι, δοκῶ μὲν μείζονος ἕνεκα, καὶ τούτου δὲ σελήνην, καθάπερ εἴπομεν, αὐξανομένην καὶ φθίνουσαν ἐμποιήσας, μῆνας πρὸς τὸν ἐνιαυτὸν συνεστήσατο, καὶ πάντα ἀριθμὸν πρὸς ἀριθμὸν ἤρξατο συνορᾶν εὐδαίμονι τύχῃ. διὰ δὲ ταῦθʼ ἡμῖν καρποί τε καὶ ἐγκύμων ἡ γῆ γέγονεν, ὥστʼ εἶναι τροφὴν πᾶσι τοῖς ζῴοις, ἀνέμων τε καὶ ὑετῶν γιγνομένων οὐκ ἐξαισίων οὐδὲ ἀμέτρων· ἀλλʼ εἴ τι <milestone unit="section" resp="Stephanus" n="979b"/> παρὰ ταῦτα γίγνεται πρὸς τὸ φλαῦρον, οὐ τὴν θείαν ἀλλὰ τὴν ἀνθρωπίνην αἰτιᾶσθαι χρὴ φύσιν, οὐκ ἐν δίκῃ διανέμουσαν τὸν αὑτῶν βίον. ἡμῖν δʼ οὖν ζητοῦσιν περὶ νόμων σχεδὸν ἔδοξεν τὰ μὲν ἄλλα ῥᾴδιά τʼ εἶναι γνῶναι τὰ βέλτιστα ἀνθρώποις, καὶ πᾶς ἂν ἱκανὸς γίγνεσθαι καὶ συνεῖναι τὰ λεγόμενα καὶ ποιεῖν, εἰ γνοίη τί ποτʼ ἔστιν ὃ συμφέρειν εἰκὸς καὶ τί τὸ μὴ συμφέρον· ἔδοξε δὴ καὶ νῦν ἔτι δοκεῖ τὰ <milestone unit="section" resp="Stephanus" n="979c"/> μὲν ἄλλα ἐπιτηδεύματα πάντα οὐ σφόδρα χαλεπὰ εἶναι, τὸ δὲ τίνα τρόπον χρὴ γίγνεσθαι χρηστοὺς ἀνθρώπους παγχάλεπον. καὶ τὰ μὲν ἄλλα αὖ πάντα κτᾶσθαι χρηστά, τὸ λεγόμενόν <del>τε</del>, καὶ δυνατὸν καὶ οὐ χαλεπόν, οὐσίαν τε ὅσην δεῖ καὶ μὴ δεῖ, καὶ σῶμα οἷόν τε δεῖ καὶ μή· καὶ ψυχὴν ὅτι μὲν ἀγαθὴν δεῖ, συγχωρεῖ πᾶς παντί, τὸ δʼ ὅντινα τρόπον ἀγαθήν, ὅτι μὲν αὖ δικαίαν καὶ σώφρονα καὶ ἀνδρείαν, καὶ ταῦτα, ὅτι δὲ σοφήν, φησὶ μὲν πᾶς δεῖν, ἥντινα δὲ σοφίαν, ὡς ἄρτι <milestone unit="section" resp="Stephanus" n="979d"/> διεληλύθαμεν, οὐδεὶς οὐδενὶ τὸ παράπαν ἔτι συνομολογεῖ τῶν πολλῶν. νῦν οὖν δὴ παρὰ πάσας τὰς πρόσθεν σοφίας οὐ φαύλην τινὰ ἀνευρίσκομεν εἰς αὐτά γε ταῦτα, τὸ δοκεῖν σοφὸν εἶναι τόν γε μεμαθηκότα ἅπερ καὶ διεληλύθαμεν· εἰ δʼ ἔστιν σοφὸς ὁ ταῦτʼ ἐπιστήμων καὶ ἀγαθός, τούτου δὴ πέρι λόγον δεῖ λαβεῖν.</said></p>

<p><said who="#Κλεινίας"><label>ΚΛ.</label> ὦ ξένε, ὡς εἰκότως εἶπες ὅτι περὶ μεγάλων μεγάλα ἐπιχειρεῖς φράζειν. <milestone unit="section" resp="Stephanus" n="979e"/> </said></p>

<p><said who="#Ἀθηναῖος"><label>ΑΘ.</label> οὐ γὰρ σμικρά, ὦ Κλεινία· τὸ δὲ χαλεπώτερον, ὅτι παντάπασι καὶ πάντως ἀληθῆ.</said></p>

<p><said who="#Κλεινίας"><label>ΚΛ.</label> σφόδρα γε, ὦ ξένε· ἀλλʼ ὅμως μὴ ἀποκάμῃς λέγων ὃ φῄς.</said></p>

<p><said who="#Ἀθηναῖος"><label>ΑΘ.</label> ναί, μηδὲ σφὼ τοίνυν ἀκούοντε.</said></p>

<p><said who="#Κλεινίας"><label>ΚΛ.</label> ταῦτʼ ἔσται· καὶ ὑπὲρ ἀμφοῖν ἐγώ σοι φράζω.</said></p></div>
	
<div type="textpart" subtype="section" resp="perseus" n="980">

<p><said who="#Ἀθηναῖος"><milestone n="980" unit="page"/><milestone unit="section" resp="Stephanus" n="980a"/><label>ΑΘ.</label> καλῶς. ἐξ ἀρχῆς δὴ ῥητέον ἀνάγκῃ πρῶτον, ὡς φαίνεται, μάλιστα μὲν ἄν, εἰ δυνάμεθα ἑνὶ λαβεῖν ὀνόματι, τίς ἐστιν ἣν οἰόμεθα σοφίαν εἶναι, τοῦτο δʼ εἰ σφόδρα ἀδυνατοῦμεν, τὸ δεύτερον, τίνες εἰσίν ποτε καὶ ὁπόσαι τινές, ἅς τις λαβὼν σοφὸς ἂν εἴη κατὰ τὸν ἡμέτερον μῦθον.</said></p>

<p><said who="#Κλεινίας"><label>ΚΛ.</label> λέγοις ἄν.</said></p>

<p><said who="#Ἀθηναῖος"><label>ΑΘ.</label> τὸ δὴ μετὰ τοῦτο ἀνεμέσητον τῷ νομοθέτῃ τὸ κάλλιον τῶν πρότερον εἰρημένων περὶ θεῶν καὶ ἄμεινον ἀπεικάζοντι λέγειν, οἷον παιδιᾷ καλῇ χρωμένῳ καὶ τιμῶντι <milestone unit="section" resp="Stephanus" n="980b"/> θεούς, ὕμνοις τε καὶ εὐδαιμονίᾳ γεραίροντι διάγειν τὸν αὑτοῦ βίον.</said></p>

<p><said who="#Κλεινίας"><label>ΚΛ.</label> ἦ καλῶς, ὦ ξένε, λέγεις. εἰ γάρ σοι τοῦτο τέλος εἴη τῶν νόμων, θεοὺς προσπαίσαντι καθαρώτερον δὲ διαγαγόντι τὸν βίον τῆς ἅμα τελευτῆς ἀρίστης τε καὶ καλλίστης τυχεῖν.</said></p>

<p><said who="#Ἀθηναῖος"><label>ΑΘ.</label> πῶς οὖν, ὦ Κλεινία, λέγομεν; ἦ δοκεῖ τοὺς θεοὺς ὑμνοῦντες σφόδρα τιμῶμεν, εὐχόμενοι τὰ κάλλιστα καὶ ἄριστα περὶ αὐτῶν ἐπιέναι λέγειν ἡμῖν; οὕτως ἢ πῶς λέγεις;</said></p> 

<p><said who="#Κλεινίας"><milestone unit="section" resp="Stephanus" n="980c"/><label>ΚΛ.</label> θαυμαστῶς μὲν οὖν οὕτως. ἀλλʼ, ὦ δαιμόνιε, πιστεύσας τοῖς θεοῖς εὔχου τε καὶ λέγε τὸν ἐπιόντα σοι λόγον τῶν καλῶν περὶ τοὺς θεούς τε καὶ τὰς θεάς.</said></p>

<p><said who="#Ἀθηναῖος"><label>ΑΘ.</label> ἔσται ταῦτα, ἂν αὐτὸς ὁ θεὸς ἡμῖν ὑφηγῆται. συνεύχου μόνον.</said></p>

<p><said who="#Κλεινίας"><label>ΚΛ.</label> λέγοις ἂν τὸ μετὰ τοῦτο.</said></p>

<p><said who="#Ἀθηναῖος"><label>ΑΘ.</label> θεογονίαν τοίνυν καὶ ζῳογονίαν ἀναγκαῖον, ὡς ἔοικεν, πρῶτόν μοι, κακῶς ἀπεικασάντων τῶν ἔμπροσθεν, βέλτιον ἀπεικάσαι κατὰ τὸν ἔμπροσθεν λόγον, ἀναλαβόντα <milestone unit="section" resp="Stephanus" n="980d"/> ὃν πρὸς τοὺς ἀσεβεῖς ἐπικεχείρηκα λέγων, φράζων ὡς εἰσὶν θεοὶ ἐπιμελούμενοι πάντων, σμικρῶν καὶ μειζόνων, καὶ σχεδὸν ἀπαραμύθητοι τῶν περὶ τὰ δίκαιά εἰσιν πράγματα— εἰ δὴ μέμνησθέ γε, ὦ Κλεινία· ἐλάβετε μὲν γὰρ δὴ καὶ ὑπομνήματα—καὶ γὰρ ἦν τὰ ῥηθέντα τότε καὶ μάλα ἀληθῆ· τόδε δὲ αὐτῶν ἦν τὸ μέγιστον, ὅτι πρεσβύτερον εἴη ψυχὴ σώματος ἅπασα παντός—ἆρα μέμνησθε; ἢ πάντως που τοῦτό γε; —ὃ γὰρ ἄμεινον καὶ παλαιότερον καὶ θεοειδέστερον, <milestone unit="section" resp="Stephanus" n="980e"/> πιθανὸν ὅτι τοῦ <sic>νέου</sic> καὶ νεωτέρου καὶ ἀτιμοτέρου, πανταχῇ τε ἄρχον ἀρχομένου πρεσβύτερον καὶ ἄγον ἀγομένου πάντῃ. λάβωμεν δὴ τοῦτό γε, ὡς ψυχὴ πρεσβύτερόν ἐστι σώματος.</said></p></div>
				
<div type="textpart" subtype="section" resp="perseus" n="981">
<p><said who="#Ἀθηναῖος" rend="merge"><milestone n="981" unit="page"/><milestone unit="section" resp="Stephanus" n="981a"/><label>ΑΘ.</label> εἰ δʼ ἔχει τοῦτο οὕτως, τό γε πρῶτον ἡμῖν τοῦ πρώτου τῆς γενέσεως πιθανώτερον ἂν εἴη σχεδὸν ὑπηργμένον· καὶ θῶμεν δὴ τὴν ἀρχὴν τῆς ἀρχῆς εὐσχημονέστερον ἔχειν, καὶ τῶν μεγίστων σοφίας περὶ θεῶν γενέσεως ὀρθότατα ἐπιβαίνειν ἡμᾶς.</said></p>

<p><said who="#Κλεινίας"><label>ΚΛ.</label> ἔστω ταῦτα εἰς δύναμιν λεγόμενα.</said></p>

<p><said who="#Ἀθηναῖος"><label>ΑΘ.</label> φέρε δή, ζῷόν γε ἀληθέστατα λέγεσθαι κατὰ φύσιν φῶμεν τοῦτό γε, ὅταν μία συνελθοῦσα σύστασις ψυχῆς καὶ σώματος ἀποτέκῃ μίαν μορφήν;</said></p>

<p><said who="#Κλεινίας"><label>ΚΛ.</label> ὀρθῶς. <milestone unit="section" resp="Stephanus" n="981b"/> </said></p>

<p><said who="#Ἀθηναῖος"><label>ΑΘ.</label> ζῷον μὲν δὴ τὸ τοιοῦτον καλεῖται δικαιότατα;</said></p>

<p><said who="#Κλεινίας"><label>ΚΛ.</label> ναί.</said></p>

<p><said who="#Ἀθηναῖος"><label>ΑΘ.</label> στερεὰ δὲ σώματα λέγεσθαι χρὴ κατὰ τὸν εἰκότα λόγον πέντε, ἐξ ὧν κάλλιστα καὶ ἄριστά τις ἂν πλάττοι, τὸ δὲ ἄλλο γένος ἅπαν ἔχει μορφὴν μίαν· οὐ γάρ ἐστιν ἀσώματον ὅτι τʼ ἄλλο γίγνοιτʼ ἂν καὶ χρῶμα οὐδὲν οὐδαμῶς οὐδέποτʼ ἔχον, πλὴν τὸ θειότατον ὄντως ψυχῆς γένος. τοῦτο δʼ ἐστὶ σχεδὸν ᾧ μόνῳ πλάττειν καὶ δημιουργεῖν προσήκει, <milestone unit="section" resp="Stephanus" n="981c"/> σώματι δέ, ὃ λέγομεν, πλάττεσθαι καὶ γίγνεσθαι καὶ ὁρᾶσθαι· τῷ δέ—λέγωμεν πάλιν· οὐ γὰρ ἅπαξ ῥητέον—ἀοράτῳ τε εἶναι καὶ γιγνώσκοντι νοητῷ τε, μνήμης μεταλαβόντι λογισμοῦ τε ἐν περιτταῖς τε καὶ ἀρτίαις ἅμα μεταβολαῖς. πέντε οὖν ὄντων τῶν σωμάτων, πῦρ χρὴ φάναι καὶ ὕδωρ εἶναι καὶ τρίτον ἀέρα, τέταρτον δὲ γῆν, πέμπτον δὲ αἰθέρα, τούτων δʼ ἐν ἡγεμονίαις ἕκαστον ζῷον πολὺ καὶ παντοδαπὸν ἀποτελεῖσθαι. μαθεῖν δὲ καθʼ ἓν ὧδʼ ἔστιν χρεών. γήινον <milestone unit="section" resp="Stephanus" n="981d"/> μὲν τιθῶμεν τὸ πρῶτον ἡμῖν ἕν, πάντας μὲν ἀνθρώπους, πάντα δὲ ὅσα πολύποδα καὶ ἄποδα, καὶ ὅσα πορεύσιμα καὶ ὅσα μόνιμα, διειλημμένα ῥίζαις· τὸ δὲ ἓν αὐτοῦ τόδε νομίζειν δεῖ, ὡς πάντα μὲν ἐξ ἁπάντων ταῦτʼ ἔστιν τῶν γενῶν, τὸ δὲ πολὺ τούτου γῆς ἐστιν καὶ τῆς στερεμνίας φύσεως. ἄλλο δὲ χρὴ ζῴου γένος θεῖναι δεύτερον γιγνόμενον ἅμα καὶ δυνατὸν ὁρᾶσθαι· τὸ γὰρ πλεῖστον πυρὸς ἔχει, ἔχει μὴν γῆς <milestone unit="section" resp="Stephanus" n="981e"/> τε καὶ ἀέρος, ἔχει δὲ καὶ ἁπάντων τῶν ἄλλων βραχέα μέρη, διὸ δὴ ζῷά τε ἐξ αὐτῶν παντοδαπὰ γίγνεσθαι χρὴ φάναι καὶ ὁρώμενα, νομίσαι δὲ δὴ δεῖ πάλιν τὰ κατʼ οὐρανὸν ζῴων γένη, ὃ δὴ πᾶν χρὴ φάναι θεῖον γένος ἄστρων γεγονέναι, σώματος μὲν τυχὸν καλλίστου, ψυχῆς δʼ εὐδαιμονεστάτης τε καὶ ἀρίστης. δυοῖν δὲ αὐτοῖς μοιρῶν τὴν ἑτέραν χρὴ δόξῃ μεταδιδόναι σχεδόν· ἢ γὰρ ἀνώλεθρόν τε καὶ ἀθάνατον <milestone n="982" unit="page"/><milestone unit="section" resp="Stephanus" n="982a"/> ἕκαστον αὐτῶν εἶναι καὶ θεῖον τὸ παράπαν ἐξ ἁπάσης ἀνάγκης, ἤ τινα μακραίωνα βίον ἔχειν ἱκανὸν ἑκάστῳ ζωῆς, ἧς οὐδέν τι πλείονος ἂν προσδεῖσθαί ποτε.</said></p></div>

<div type="textpart" subtype="section" resp="perseus" n="982">
<p><said who="#Ἀθηναῖος" rend="merge"><label>ΑΘ.</label> 
	<milestone ed="P" unit="para"/>νοήσωμεν οὖν πρῶτον, ὃ λέγομεν, δύο τὰ τοιαῦτα εἶναι ζῷα—πάλιν γὰρ λέγωμεν—ὁρατὰ μὲν ἀμφότερα, τὸ μὲν ἐκ πυρός, ὡς δόξειεν ἄν, ὅλον, τὸ δʼ ἐκ γῆς, καὶ τὸ μὲν γήινον ἐν ἀταξίᾳ, τὸ δʼ ἐκ πυρὸς ἐν τάξει πάσῃ κινούμενον. τὸ μὲν οὖν ἐν ἀταξίᾳ κινούμενον ἄφρον χρὴ νομίζειν, ὅπερ ὡς τὸ <milestone unit="section" resp="Stephanus" n="982b"/> πολὺ δρᾷ τὸ περὶ ἡμᾶς ζῷον, τὸ δὲ ἐν τάξει τε καὶ οὐρανῷ πόρον ἔχον μέγα τεκμήριον χρὴ ποιεῖσθαι τοῦ φρόνιμον εἶναι· κατὰ ταὐτὰ γὰρ ἂν καὶ ὡσαύτως πορευόμενον ἀεὶ καὶ ποιοῦν καὶ πάσχον τεκμήριον ἱκανὸν τοῦ φρονίμως ζῆν εἴη παρεχόμενον. ἡ ψυχῆς δὲ ἀνάγκη νοῦν κεκτημένης ἁπασῶν ἀναγκῶν πολὺ μεγίστη γίγνοιτʼ ἄν—ἄρχουσα γὰρ ἀλλʼ οὐκ ἀρχομένη νομοθετεῖ—τὸ δὲ ἀμετάστροφον, ὅταν ψυχὴ τὸ <milestone unit="section" resp="Stephanus" n="982c"/> ἄριστον κατὰ τὸν ἄριστον βουλεύσηται νοῦν, τὸ τέλεον ἐκβαίνει τῷ ὄντι κατὰ νοῦν, καὶ οὐδὲ ἀδάμας ἂν αὐτοῦ κρεῖττον οὐδὲ ἀμεταστροφώτερον ἄν ποτε γένοιτο, ἀλλʼ ὄντως τρεῖς Μοῖραι κατέχουσαι φυλάττουσι τέλεον εἶναι τὸ βελτίστῃ βουλῇ βεβουλευμένον ἑκάστοις θεῶν. τοῖς δὲ ἀνθρώποις ἐχρῆν τεκμήριον εἶναι τοῦ νοῦν ἔχειν ἄστρα τε καὶ σύμπασαν ταύτην τὴν διαπορείαν, ὅτι τὰ αὐτὰ ἀεὶ πράττει διὰ τὸ βεβουλευμένα πάλαι πράττειν θαυμαστόν τινα χρόνον <milestone unit="section" resp="Stephanus" n="982d"/> ὅσον, ἀλλʼ οὐ μεταβουλευόμενον ἄνω καὶ κάτω, τοτὲ μὲν ἕτερα, ἄλλοτε δὲ ἄλλα πρᾶττον, πλανᾶσθαί τε καὶ μετακυκλεῖσθαι. τοῦθʼ ἡμῶν τοῖς πολλοῖς αὐτὸ τοὐναντίον ἔδοξεν, ὅτι τὰ αὐτὰ καὶ ὡσαύτως πράττει, ψυχὴν οὐκ ἔχειν· οὕτω τοῖς ἄφροσι συνεφέσπετο τὸ πλῆθος, ὡς τὸ μὲν ἀνθρώπινον ἔμφρον καὶ ζῶν ὡς κινούμενον ὑπολαβεῖν, τὸ δὲ θεῖον ἄφρον ὡς μένον ἐν ταῖς αὐταῖς φοραῖς· ἐξῆν δὲ ἀνθρώπῳ γε ἐπὶ <milestone unit="section" resp="Stephanus" n="982e"/> τὰ καλλίω καὶ βελτίω καὶ φίλα τιθεμένῳ λαμβάνειν ὡς διὰ τοῦτο αὐτὸ ἔμφρον δεῖ νομίζειν τὸ κατὰ ταὐτὰ καὶ ὡσαύτως καὶ διὰ ταὐτὰ πρᾶττον ἀεί, τοῦτο δʼ εἶναι τὴν τῶν ἄστρων φύσιν, ἰδεῖν μὲν καλλίστην, πορείαν δὲ καὶ χορείαν πάντων χορῶν καλλίστην καὶ μεγαλοπρεπεστάτην χορεύοντα πᾶσι τοῖς ζῶσι τὸ δέον ἀποτελεῖν.</said></p></div>
				
<div type="textpart" subtype="section" resp="perseus" n="983">
<p><said who="#Ἀθηναῖος" rend="merge"><label>ΑΘ.</label> καὶ μὴν ὅτι γε δικαίως <milestone n="983" unit="page"/><milestone unit="section" resp="Stephanus" n="983a"/> ἔμψυχα αὐτὰ λέγομεν, πρῶτον τὸ μέγεθος αὐτῶν διανοηθῶμεν. οὐ γάρ, ὡς σμικρὰ φαντάζεται, τηλικαῦτα ὄντως ἐστίν, ἀλλʼ ἀμήχανον ἕκαστον αὐτῶν τὸν ὄγκον—πιστεῦσαι δʼ ἄξιον· ἀποδείξεσιν γὰρ ἱκαναῖς λαμβάνεται—τὸν γὰρ ἥλιον ὅλον τῆς γῆς ὅλης μείζω διανοηθῆναι δυνατὸν ὀρθῶς, καὶ πάντα δὴ τὰ φερόμενα ἄστρα θαυμαστόν τι μέγεθος ἔχει. λάβωμεν δὴ τίς τρόπος ἂν εἴη τοσοῦτον περιφέρειν ὄγκον τινὰ φύσιν τὸν αὐτὸν ἀεὶ χρόνον, ὅσον καὶ νῦν περιφέρεται. <milestone unit="section" resp="Stephanus" n="983b"/> θεὸν δή φημι τὸν αἴτιον ἔσεσθαι, καὶ οὔποθʼ ἑτέρως εἶναι δυνατόν· ἔμψυχον μὲν γὰρ οὔποτε γένοιτʼ ἂν ἑτέρᾳ πλὴν διὰ θεόν, ὡς ἡμεῖς ἀπεφηνάμεθα. ὅτε δὲ τοῦτο οἷός τέ ἐστιν θεός, ἅπασα αὐτῷ ῥᾳστώνη γέγονεν τοῦ πρῶτον μὲν ζῷον γεγονέναι πᾶν σῶμα καὶ ὄγκον σύμπαντα, ἔπειτα, ᾗπερ ἂν διανοηθῇ βέλτιστα, ταύτῃ φέρειν. νῦν δὴ περὶ ἁπάντων τούτων ἕνα λόγον λέγοιμεν ἀληθῆ· οὐκ ἔστιν γῆν τε καὶ <milestone unit="section" resp="Stephanus" n="983c"/> οὐρανὸν ἅπαντάς τε ἀστέρας ὄγκους τε ἐκ τούτων σύμπαντας, μὴ ψυχῆς πρὸς ἑκάστῳ γενομένης ἢ καὶ ἐν ἑκάστοις, εἶτα εἰς ἀκρίβειαν κατʼ ἐνιαυτὸν οὕτω πορεύεσθαι κατὰ μῆνάς τε καὶ ἡμέρας, καὶ σύμπαντα τὰ γιγνόμενα σύμπασιν ἡμῖν ἀγαθὰ γίγνεσθαι.

<milestone ed="P" unit="para"/>δεῖ δέ, ὅσῳ φλαυρότερόν ἐστʼ ἄνθρωπος, μή τοι ληροῦντά γε, σαφῶς δέ τι λέγοντα φαίνεσθαι. ῥύμας μὲν οὖν εἴ τις αἰτίας τινὰς ἐρεῖ σωμάτων ἢ φύσεις ἤ τι τοιοῦτον, οὐδὲν σαφὲς ἐρεῖ· τὸ δὲ παρʼ ἡμῶν εἰρημένον <milestone unit="section" resp="Stephanus" n="983d"/> σφόδρʼ ἀναλαβεῖν χρή, πότερον ἔχει λόγον ὁ λόγος ἢ πάντως ὑστερεῖ, τὸ πρῶτον μὲν τὰ ὄντα εἶναι δύο, τὸ μὲν ψυχήν, τὸ δὲ σῶμα, καὶ πολλὰ ἑκατέρου, πάντα δὲ ἀλλήλων ἄλλα καὶ ἑκάτερα ἑκατέρων, καὶ τρίτον ἄλλο οὐδὲν κοινὸν οὐδενί, διαφέρειν δὲ ψυχὴν σώματος. ἔμφρον μέν που, τὸ δὲ ἄφρον θήσομεν, ἄρχον δέ, τὸ δὲ ἀρχόμενον, καὶ τὸ μὲν αἴτιον ἁπάντων, τὸ δὲ ἀναίτιον πάσης πάθης· ὥστε τά γε δὴ κατʼ <milestone unit="section" resp="Stephanus" n="983e"/> οὐρανὸν ὑπʼ ἄλλου του φάναι γεγονέναι, καὶ μὴ ψυχῆς τε καὶ σώματος οὕτως εἶναι γεννήματα, πολλὴ μωρία τε καὶ ἀλογία. εἰ δʼ οὖν δεῖ νικᾶν τοὺς περὶ ἁπάντων τῶν τοιούτων λόγους καὶ πιστῶς θεῖα φαίνεσθαι γεγονέναι τὰ τοιαῦτα σύμπαντα, δυοῖν τοι θάτερα θετέον αὐτά·</said></p></div>
				
<div type="textpart" subtype="section" resp="perseus" n="984">
<p><said who="#Ἀθηναῖος" rend="merge"><label>ΑΘ.</label>  ἢ γὰρ θεοὺς αὐτοὺς ταῦτα ὑμνητέον ὀρθότατα, ἢ θεῶν εἰκόνας ὡς ἀγάλματα <milestone n="984" unit="page"/><milestone unit="section" resp="Stephanus" n="984a"/> ὑπολαβεῖν γεγονέναι, θεῶν αὐτῶν ἐργασαμένων· οὐ γὰρ ἀνοήτων γε οὐδὲ βραχέος ἀξίων, ἀλλʼ ὅπερ εἰρήκαμεν, τούτων ἡμῖν θάτερα θετέα, τὰ δὲ τεθέντα τιμητέον πάντων ἀγαλμάτων διαφερόντως· οὐ γὰρ μήποτε φανῇ καλλίω καὶ κοινότερα συμπάντων ἀνθρώπων ἀγάλματα, οὐδʼ ἐν διαφέρουσιν τόποις ἱδρυμένα, καθαριότητι καὶ σεμνότητι καὶ συμπάσῃ <milestone unit="section" resp="Stephanus" n="984b"/> ζωῇ διαφέροντα ἢ ταύτῃ ὡς πάντῃ ταύτῃ γεγένηται. νῦν οὖν δὴ περὶ θεῶν ἐγχειρῶμεν τό γε τοσοῦτον, τὰ δύο κατιδόντες ζῷα ὁρατὰ ἡμῖν, ἅ φαμεν ἀθάνατον, τὸ δὲ γήινον ἅπαν θνητὸν γεγονέναι, τὰ τρία τὰ μέσα τῶν πέντε τὰ μεταξὺ τούτων σαφέστατα κατὰ δόξαν τὴν ἐπιεικῆ γεγονότα πειραθῆναι λέγειν. αἰθέρα μὲν γὰρ μετὰ τὸ πῦρ θῶμεν, ψυχὴν δʼ ἐξ αὐτοῦ τιθῶμεν πλάττειν ζῷα δύναμιν ἔχοντα, ὥσπερ <milestone unit="section" resp="Stephanus" n="984c"/> τῶν ἄλλων γενῶν, τὸ πολὺ μὲν τῆς αὐτοῦ φύσεως, τὰ δὲ σμικρότερα συνδέσμου χάριν ἐκ τῶν ἄλλων γενῶν· μετὰ δὲ τὸν αἰθέρα ἐξ ἀέρος πλάττειν τὴν ψυχὴν γένος ἕτερον ζῴων, καὶ τὸ τρίτον ἐξ ὕδατος. πάντα δὲ δημιουργήσασαν ταῦτα ψυχὴν ζῴων εἰκὸς ὅλον οὐρανὸν ἐμπλῆσαι, χρησαμένην πᾶσι τοῖς γένεσι κατὰ δύναμιν, πάντων μὲν μετόχων τοῦ ζῆν γεγονότων· δεύτερα δὲ καὶ τρίτα καὶ τέταρτα καὶ πέμπτα, <milestone unit="section" resp="Stephanus" n="984d"/> ἀπὸ θεῶν τῶν φανερῶν ἀρξάμενα γενέσεως, εἰς ἡμᾶς τοὺς ἀνθρώπους ἀποτελευτᾶν.

<milestone ed="P" unit="para"/>θεοὺς μὲν δή, Δία τε καὶ Ἥραν καὶ τοὺς ἄλλους πάντας, ὅπῃ τις ἐθέλει, ταύτῃ κατὰ τὸν αὐτὸν τιθέσθω νόμον καὶ πάγιον ἐχέτω τοῦτον τὸν λόγον· θεοὺς δὲ δὴ τοὺς ὁρατούς, μεγίστους καὶ τιμιωτάτους καὶ ὀξύτατον ὁρῶντας πάντῃ, τοὺς πρώτους τὴν τῶν ἄστρων φύσιν λεκτέον καὶ ὅσα μετὰ τούτων αἰσθανόμεθα γεγονότα, μετὰ δὲ τούτους καὶ ὑπὸ τούτοις ἑξῆς <milestone unit="section" resp="Stephanus" n="984e"/> δαίμονας, ἀέριον δὲ γένος, ἔχον ἕδραν τρίτην καὶ μέσην, τῆς ἑρμηνείας αἴτιον, εὐχαῖς τιμᾶν μάλα χρεὼν χάριν τῆς εὐφήμου διαπορείας.</said></p></div>
				
<div type="textpart" subtype="section" resp="perseus" n="985">
<p><said who="#Ἀθηναῖος" rend="merge"><label>ΑΘ.</label> τῶν δὲ δύο τούτων ζῴων, τοῦ τʼ ἐξ αἰθέρος ἐφεξῆς τε ἀέρος ὄν, διορώμενον ὅλον αὐτῶν ἑκάτερον εἶναι—παρὸν δὴ πλησίον οὐ κατάδηλον ἡμῖν γίγνεσθαι—μετέχοντα δὲ <milestone n="985" unit="page"/><milestone unit="section" resp="Stephanus" n="985a"/> φρονήσεως θαυμαστῆς, ἅτε γένους ὄντα εὐμαθοῦς τε καὶ μνήμονος, γιγνώσκειν μὲν σύμπασαν τὴν ἡμετέραν αὐτὰ διάνοιαν λέγωμεν, καὶ τόν τε καλὸν ἡμῶν καὶ ἀγαθὸν ἅμα θαυμαστῶς ἀσπάζεσθαι καὶ τὸν σφόδρα κακὸν μισεῖν, ἅτε λύπης μετέχοντα ἤδη—θεὸν μὲν γὰρ δὴ τὸν τέλος ἔχοντα τῆς θείας μοίρας ἔξω τούτων εἶναι, λύπης τε καὶ ἡδονῆς, τοῦ δὲ φρονεῖν καὶ τοῦ γιγνώσκειν κατὰ πάντα μετειληφέναι— <milestone unit="section" resp="Stephanus" n="985b"/> καὶ συμπλήρους δὴ ζῴων οὐρανοῦ γεγονότος, ἑρμηνεύεσθαι πρὸς ἀλλήλους τε καὶ τοὺς ἀκροτάτους θεοὺς πάντας τε καὶ πάντα, διὰ τὸ φέρεσθαι τὰ μέσα τῶν ζῴων ἐπί τε γῆν καὶ ἐπὶ τὸν ὅλον οὐρανὸν ἐλαφρᾷ φερόμενα ῥύμῃ. τὸ δὲ ὕδατος πέμπτον ὂν ἡμίθεον μὲν ἀπεικάσειεν ἄν τις ὀρθῶς ἀπεικάζων ἐξ αὐτοῦ γεγονέναι, καὶ τοῦτʼ εἶναι τοτὲ μὲν ὁρώμενον, ἄλλοτε δὲ ἀποκρυφθὲν ἄδηλον γιγνόμενον, θαῦμα κατʼ ἀμυδρὰν ὄψιν <milestone unit="section" resp="Stephanus" n="985c"/> παρεχόμενον. τούτων δὴ τῶν πέντε ὄντως ὄντων ζῴων, ὅπῃ τινὲς ἐνέτυχον ἡμῶν, ἢ καθʼ ὕπνον ἐν ὀνειροπολίᾳ προστυχόντες, ἢ κατὰ φήμας τε καὶ μαντείας λεχθέν τισιν ἐν ἀκοαῖς ὑγιαίνουσιν ἢ καὶ κάμνουσιν, ἢ καὶ τελευτῇ βίου προστυχέσι γενομένοις, ἰδίᾳ τε καὶ δημοσίᾳ δόξας παραγενομένας, ὅθεν ἱερὰ πολλὰ πολλῶν γέγονεν, τὰ δὲ γενήσεται, τούτων πάντων νομοθέτης, ὅστις νοῦν κέκτηται καὶ τὸν βραχύτατον, οὔποτε μὴ τολμήσῃ καινοτομῶν, ἐπὶ θεοσέβειαν ἥτις μὴ σαφὲς ἔχει <milestone unit="section" resp="Stephanus" n="985d"/> τι τρέψαι πόλιν ἑαυτοῦ· καὶ μὴν οὐδʼ ὧν ὁ πάτριος νόμος εἴρηκεν περὶ θυσιῶν ἀποκωλύσει, μηδὲν τὸ παράπαν εἰδώς, ὥσπερ οὐδʼ ὂν δυνατὸν εἰδέναι τῇ θνητῇ φύσει τῶν τοιούτων πέρι. τοὺς δὲ ὄντως ἡμῖν φανεροὺς ὄντας θεοὺς ἆρʼ οὐχ αὑτὸς λόγος ἔχει κακίστους εἶναι τοὺς μὴ τολμῶντας λέγειν ἡμῖν καὶ φανεροὺς ποιεῖν ἀνοργιάστους τε ὄντας ἑτέρους θεοὺς καὶ τιμὰς μὴ δεχομένους τὰς προσηκούσας αὐτοῖς; νῦν <milestone unit="section" resp="Stephanus" n="985e"/> δὲ δὴ συμβαίνει γιγνόμενον ἅμα τὸ τοιοῦτον·</said></p></div>

<div type="textpart" subtype="section" resp="perseus" n="986">
<p><said who="#Ἀθηναῖος" rend="merge"><label>ΑΘ.</label> οἷον γὰρ εἴ ποτέ τις ἡμῶν ἥλιον ἢ σελήνην ἑωρακὼς ἦν γιγνομένους ἐφορῶντάς τε ἡμᾶς πάντας, καὶ μὴ ἔφραζεν ἀδύνατος ὤν πῃ φράζειν, τιμῆς τε ἀμοίρους ὄντας ἅμα καὶ μὴ προθυμοῖτο τό γε αὑτοῦ μέρος, εἰς ἔντιμον χώραν καταφανεῖς ἄγων αὐτούς, ἑορτάς τε αὐτοῖς γίγνεσθαι ποιεῖν καὶ θυσίας, ἀπολαμβανόμενόν τε χρόνον ἑκάστοις μειζόνων καὶ ἐλαττόνων πολλάκις <milestone n="986" unit="page"/><milestone unit="section" resp="Stephanus" n="986a"/> ἐνιαυτῶν ὥρας διανέμειν, ἆρʼ οὐκ ἂν κακὸς ἑαυτῷ τε καὶ ἄλλῳ τῷ γιγνώσκοντι λεγόμενος ἐν δίκῃ συνεδόκει λέγεσθαί ποτʼ ἄν;</said></p>

<p><said who="#Κλεινίας"><label>ΚΛ.</label> πῶς γὰρ οὔκ, ὦ ξένε; κάκιστος μὲν οὖν.</said></p>

<p><said who="#Ἀθηναῖος"><label>ΑΘ.</label> τοῦτο τοίνυν, ὦ Κλεινία φίλε, περὶ ἐμὲ νῦν γιγνόμενον ἴσθι φανερῶς.</said></p>

<p><said who="#Κλεινίας"><label>ΚΛ.</label> πῶς λέγεις;</said></p>

<p><said who="#Ἀθηναῖος"><label>ΑΘ.</label> ἴστε ὀκτὼ δυνάμεις τῶν περὶ ὅλον οὐρανὸν γεγονυίας ἀδελφὰς ἀλλήλων, ὧν καθεώρακα ἐγώ—καὶ οὐδὲν μέγα διαπέπραγμαι· <milestone unit="section" resp="Stephanus" n="986b"/> ῥᾴδιον γὰρ καὶ ἑτέρῳ—τούτων δʼ εἰσὶ τρεῖς αὗται, μία μὲν ἡλίου, μία δὲ σελήνης, μία δὲ τῶν <del>πλανητῶν</del> ἄστρων ὧν ἐμνήσθημεν ὀλίγον ἔμπροσθεν, πέντε δὲ ἕτεραι. ταύτας δὴ πάσας καὶ τούτους τοὺς ἐν ταύταισιν εἴτε αὐτοὺς ἰόντας εἴτε φερομένους ἐν ὀχήμασι πορεύεσθαι ταύτῃ, μηδεὶς ἄλλως ποτὲ νομίσῃ πάντων ἡμῶν ὡς οἱ μὲν θεοί εἰσιν αὐτῶν, οἱ δʼ οὔ, μηδʼ ὡς οἱ μὲν γνήσιοι, οἱ δὲ τοιοῦτοί τινες οἵους οὐδὲ θέμις εἰπεῖν ἡμῶν οὐδενί, πάντες δὲ δὴ πάντας λέγωμέν τε καὶ <milestone unit="section" resp="Stephanus" n="986c"/> φῶμεν ἀδελφούς τʼ εἶναι καὶ ἐν ἀδελφαῖς μοίραις, καὶ τιμὰς ἀποδιδῶμεν μὴ τῷ μὲν ἐνιαυτόν, τῷ δὲ μῆνα, τοῖς δὲ μήτε τινὰ μοῖραν τάττωμεν μήτε τινὰ χρόνον ἐν ᾧ διεξέρχεται τὸν αὑτοῦ πόλον, συναποτελῶν κόσμον ὃν ἔταξεν λόγος ὁ πάντων θειότατος ὁρατόν· ὃν ὁ μὲν εὐδαίμων πρῶτον μὲν ἐθαύμασεν, ἔπειτα δὲ ἔρωτα ἔσχεν τοῦ καταμαθεῖν ὁπόσα θνητῇ φύσει δυνατά, ἡγούμενος ἄρισθʼ οὕτως εὐτυχέστατά τε <milestone unit="section" resp="Stephanus" n="986d"/> διάξειν τὸν βίον τελευτήσας τε εἰς τόπους ἥξειν προσήκοντας ἀρετῇ, καὶ μεμυημένος ἀληθῶς τε καὶ ὄντως, μεταλαβὼν φρονήσεως εἷς ὢν μιᾶς, τὸν ἐπίλοιπον χρόνον θεωρὸς τῶν καλλίστων γενόμενος, ὅσα κατʼ ὄψιν, διατελεῖ. νῦν δὴ τὸ μετὰ τοῦθʼ ἡμῖν λοιπὸν λέγειν ὅσοι τʼ εἰσίν, καὶ τίνες· οὐ γὰρ <milestone unit="section" resp="Stephanus" n="986e"/> μήποτε φανῶμεν ψευδεῖς. βεβαίως δὴ διισχυρίζομαι τό γε τοσοῦτον. λέγω γὰρ πάλιν ὀκτὼ μὲν εἶναι, τῶν δὲ ὀκτὼ τρεῖς μὲν εἰρῆσθαι, πέντε δʼ ἔτι λοιπάς. ἡ τετάρτη δὲ φορὰ καὶ διέξοδος ἅμα καὶ πέμπτη τάχει μὲν ἡλίῳ σχεδὸν ἴση, καὶ οὔτε βραδυτέρα οὔτε θάττων τό γʼ ἐπίπαν. δεῖ τούτων τριῶν ὄντων τὸν νοῦν ἱκανὸν ἔχοντα ἡγεῖσθαι. λέγωμεν δὴ ταύτας ἡλίου τʼ εἶναι καὶ ἑωσφόρου, καὶ τρίτου—ὡς μὲν ὀνόματι φράζειν οὐκ ἔστιν διὰ τὸ μὴ γιγνώσκεσθαι, τούτου δʼ αἴτιος ὁ πρῶτος ταῦτα κατιδὼν βάρβαρος ὤν·</said></p></div>
				
<div type="textpart" subtype="section" resp="perseus" n="987">
<p><said who="#Ἀθηναῖος" rend="merge"><label>ΑΘ.</label> παλαιὸς γὰρ δὴ <milestone n="987" unit="page"/><milestone unit="section" resp="Stephanus" n="987a"/> τρόπος ἔθρεψεν τοὺς πρώτους ταῦτα ἐννοήσαντας διὰ τὸ κάλλος τῆς θερινῆς ὥρας, ἣν Αἴγυπτός τε Συρία θʼ ἱκανῶς κέκτηται, φανεροὺς μὲν ὡς ἔπος εἰπεῖν ἀστέρας ἀεὶ σύμπαντας καθορῶντας, ἅτε νεφῶν καὶ ὑδάτων ἀπόπροσθεν ἀεὶ τοῦ κόσμου κεκτημένους, ὅθεν καὶ πανταχόσε καὶ δεῦρʼ ἐξήκει, βεβασανισμένα χρόνῳ μυριετεῖ τε καὶ ἀπείρῳ. διὸ θαρροῦντα χρὴ ταῦτα εἰς νόμους θέσθαι—τὸ γὰρ μὴ τίμια τὰ θεῖα εἶναι, τὰ δὲ τίμια, σαφῶς οὐκ ἐμφρόνων—ὅτι δὲ οὐκ <milestone unit="section" resp="Stephanus" n="987b"/> ὀνόματα ἔσχηκεν, τήν γε αἰτίαν χρὴ λέγεσθαι ταύτην. ἀλλὰ γὰρ ἐπωνυμίαν εἰλήφασιν θεῶν· ὁ μὲν γὰρ ἑωσφόρος ἕσπερός τε ὢν αὑτὸς ἀφροδίτης εἶναι σχεδὸν ἔχει λόγον καὶ μάλα Συρίῳ νομοθέτῃ πρέπον, ὁ δʼ ὁμόδρομος ἡλίῳ τε ἅμα καὶ τούτῳ σχεδὸν Ἑρμοῦ. τρεῖς δʼ ἔτι φορὰς λέγωμεν ἐπὶ δεξιὰ πορευομένων μετὰ σελήνης τε καὶ ἡλίου. ἕνα δὲ τὸν ὄγδοον χρὴ λέγειν, ὃν μάλιστά τις ἂν κόσμον προσαγορεύοι, ὃς ἐναντίος ἐκείνοις σύμπασιν πορεύεται, <add>οὐκ</add> ἄγων τοὺς ἄλλους, ὥς γε ἀνθρώποις φαίνοιτʼ ἂν ὀλίγα τούτων εἰδόσιν. ὅσα δὲ <milestone unit="section" resp="Stephanus" n="987c"/> ἱκανῶς ἴσμεν, ἀνάγκη λέγειν καὶ λέγομεν· ἡ γὰρ ὄντως οὖσα σοφία ταύτῃ πῃ φαίνεται τῷ καὶ σμικρὰ συννοίας ὀρθῆς θείας τε μετειληφότι. λοιποὶ δὴ τρεῖς ἀστέρες, ὧν εἷς μὲν βραδυτῆτι διαφέρων αὐτῶν ἐστι, Κρόνου δʼ αὐτόν τινες ἐπωνυμίαν φθέγγονται· τὸν δὲ μετὰ τοῦτον βραδυτῆτι λέγειν χρὴ Διός, Ἄρεως δὲ ὁ μετὰ τοῦτον, πάντων δὲ οὗτος ἐρυθρώτατον ἔχει χρῶμα. χαλεπὸν δὲ οὐδὲν τούτων κατανοῆσαί <milestone unit="section" resp="Stephanus" n="987d"/> τινα φράζοντός τινος, ἀλλὰ μαθόντα, ὡς λέγομεν, ἡγεῖσθαι δεῖ.

	<milestone ed="P" unit="para"/>τόδε γε μὴν διανοηθῆναι χρὴ πάντʼ ἄνδρα Ἕλληνα, ὡς τόπον ἔχομεν τὸν τῶν Ἑλλήνων πρὸς ἀρετὴν ἐν τοῖς σχεδὸν ἄριστον· τὸ δʼ ἐπαινετὸν αὐτοῦ χρὴ λέγειν ὅτι μέσος ἂν εἴη χειμώνων τε καὶ τῆς θερινῆς φύσεως, ἡ δʼ ὑστεροῦσα ἡμῖν εἰς τὸ θερινὸν φύσις τοῦ περὶ τὸν ἐκεῖ τόπον, ὅπερ εἴπομεν, ὕστερον αὐτοῖς παραδέδωκεν τὸ τούτων τῶν θεῶν τοῦ κόσμου κατανόημα. λάβωμεν δὲ ὡς ὅτιπερ ἂν Ἕλληνες βαρβάρων <milestone unit="section" resp="Stephanus" n="987e"/> παραλάβωσι, κάλλιον τοῦτο εἰς τέλος ἀπεργάζονται·</said></p></div>
				
<div type="textpart" subtype="section" resp="perseus" n="988">
	<p><said who="#Ἀθηναῖος" rend="merge"><label>ΑΘ.</label>  καὶ δὴ καὶ περὶ τὰ νῦν λεγόμενα ταὐτὸν δεῖ διανοηθῆναι τοῦτο, ὡς χαλεπὸν μὲν πάντα τὰ τοιαῦτα ἀναμφισβητήτως ἐξευρίσκειν, <milestone n="988" unit="page"/><milestone unit="section" resp="Stephanus" n="988a"/> πολλὴ δʼ ἐλπὶς ἅμα καὶ καλὴ κάλλιον καὶ δικαιότερον ὄντως τῆς ἐκ τῶν βαρβάρων ἐλθούσης φήμης τε ἅμα καὶ θεραπείας πάντων τούτων τῶν θεῶν ἐπιμελήσεσθαι τοὺς Ἕλληνας, παιδείαις τε καὶ ἐκ Δελφῶν μαντείαις χρωμένους καὶ πάσῃ τῇ κατὰ νόμους θεραπείᾳ. τόδε δὲ μηδείς ποτε φοβηθῇ τῶν Ἑλλήνων, ὡς οὐ χρὴ περὶ τὰ θεῖά ποτε πραγματεύεσθαι θνητοὺς ὄντας, πᾶν δὲ τούτῳ διανοηθῆναι τοὐναντίον, ὡς οὔτε ἄφρον ἐστίν ποτε τὸ θεῖον οὔτε ἀγνοεῖ <milestone unit="section" resp="Stephanus" n="988b"/> που τὴν ἀνθρωπίνην φύσιν, ἀλλʼ οἶδεν ὅτι διδάσκοντος αὐτοῦ συνακολουθήσει καὶ μαθήσεται τὰ διδασκόμενα. ὅτι δὲ διδάσκει τοῦτο αὐτὸ ἡμᾶς, μανθάνομεν δὲ ἡμεῖς ἀριθμόν τε καὶ ἀριθμεῖν, οἶδεν δήπου. πάντων γὰρ ἀφρονέστατον ἂν εἴη τοῦτο ἀγνοοῦν· τὸ λεγόμενον γὰρ ἂν ὄντως αὐτὸ αὑτὸ ἀγνοοῖ, χαλεπαῖνον τῷ δυναμένῳ μανθάνειν, ἀλλʼ οὐ συγχαῖρον ἄνευ φθόνου διὰ θεὸν ἀγαθῷ γενομένῳ. λόγον δὴ καὶ πολὺν καὶ <milestone unit="section" resp="Stephanus" n="988c"/> καλὸν ἔχει, τότε μέν, ὅτε περὶ θεῶν ἦν ἀνθρώποις διανοήματα πρῶτα, ὥς τε ἐγένοντο οἷοί τε ἐγίγνοντο καὶ ὁ μὲν καὶ οἵας μετεχειρίζοντο πράξεις, μὴ κατὰ νοῦν τοῖς σώφροσιν λέγεσθαι μηδὲ φίλως, μηδʼ ὡς οἱ δεύτεροι, ἐν οἷς πρεσβύτατα μὲν τὰ πυρὸς ἐλέγετο καὶ ὕδατος καὶ τῶν ἄλλων σωμάτων, ὕστερα δὲ τὰ τῆς θαυμαστῆς ψυχῆς, καὶ φορὰ κρείττων καὶ τιμιωτέρα, ἣν σῶμα εἴληχεν φέρειν αὐτό τε ἑαυτὸ θερμότητι καὶ ψύξεσιν καὶ πᾶσιν τοῖς τοιούτοις, ἀλλʼ οὐ ψυχὴ σῶμά τε καὶ ἑαυτήν· <milestone unit="section" resp="Stephanus" n="988d"/> νῦν δʼ ὅτε λέγομεν ψυχὴν μέν, ἄνπερ ἐν σώματι γένηται, θαῦμα οὐδὲν κινεῖν τε καὶ περιφέρειν τοῦτο καὶ ἑαυτήν, οὐδʼ ἡμῖν ἀπιστεῖ ψυχὴ κατὰ λόγον οὐδένα ὡς βάρος οὐδὲν περιφέρειν δυναμένη. διὸ καὶ νῦν ἡμῶν ἀξιούντων, ψυχῆς οὔσης αἰτίας τοῦ ὅλου, καὶ πάντων μὲν τῶν ἀγαθῶν ὄντων τοιούτων, τῶν δὲ αὖ φλαύρων τοιούτων ἄλλων, τῆς μὲν φορᾶς πάσης <milestone unit="section" resp="Stephanus" n="988e"/> καὶ κινήσεως ψυχὴν αἰτίαν εἶναι θαῦμα οὐδέν, τὴν δʼ ἐπὶ τἀγαθὸν φορὰν καὶ κίνησιν τῆς ἀρίστης ψυχῆς εἶναι, τὴν δʼ ἐπὶ τοὐναντίον ἐναντίαν, νενικηκέναι δεῖ καὶ νικᾶν τὰ ἀγαθὰ τὰ μὴ τοιαῦτα.</said></p></div>
				
<div type="textpart" subtype="section" resp="perseus" n="989">
<p><said who="#Ἀθηναῖος" rend="merge"><label>ΑΘ.</label> 
<milestone ed="P" unit="para"/>ταῦτα ἡμῖν εἴρηται πάντα κατὰ τὴν τῶν ἀνοσίων τιμωρὸν <del>δὲ</del> δίκην· περὶ δὲ δὴ τὸ δοκιμαζόμενον οὐχ οἷόν τε ἡμῖν ἀπιστεῖν ὡς οὐ δεῖ τόν γε ἀγαθὸν σοφὸν ἡμᾶς ἡγεῖσθαι, <milestone n="989" unit="page"/><milestone unit="section" resp="Stephanus" n="989a"/> τὴν δὲ σοφίαν ταύτην, ἣν ζητοῦμεν πάλαι, ἴδωμεν ἄν ποτʼ ἄρα ἐπινοήσωμεν ἢ κατὰ παιδείαν ἢ κατὰ τέχνην, ἥντινα τοῦ γιγνώσκειν ἐνδεεῖς ὄντες τῶν δικαίων, ἀγνώμονες ἂν εἶμεν ὄντες τοιοῦτοι. δοκοῦμεν δή μοι, καὶ λεκτέον· ἄνω γὰρ καὶ κάτω ζητῶν ᾗ μοι καταφανὴς γέγονεν, πειράσομαι δήλην ὑμῖν αὐτὴν ἀποτελεῖν. τὸ δὴ μέγιστον ἀρετῆς οὐ καλῶς πραττόμενον ἡμῖν γέγονεν αἴτιον, ὡς ἄρτι σημαίνειν ἐκ τῶν <milestone unit="section" resp="Stephanus" n="989b"/> εἰρημένων μοι σφόδρα δοκεῖ. μεῖζον μὲν γὰρ ἀρετῆς μηδεὶς ἡμᾶς ποτε πείσῃ τῆς εὐσεβείας εἶναι τῷ θνητῷ γένει· τοῦτο δʼ ὅτι διʼ ἀμαθίαν τὴν μεγίστην ἐν ταῖς ἀρίσταις φύσεσιν οὐ γέγονεν, λεκτέον. ἄρισται δʼ εἰσὶν αἱ χαλεπώτατα μὲν ἂν γενόμεναι, μέγιστον δὲ ὄφελος, ἂν γίγνωνται· τά τε γὰρ τῆς βραδείας τε καὶ τῆς ἐναντίας φύσεως μετρίως ἀποδεχομένη ψυχὴ καὶ πρᾴως, εὔκολος ἂν εἴη, τήν τε ἀνδρείαν ἀγαμένη, καὶ πρὸς τὸ σωφρονεῖν εὐπειθής, καὶ τό γε μέγιστον, ἐν <milestone unit="section" resp="Stephanus" n="989c"/> ταύταις ταῖς φύσεσιν δυναμένη μανθάνειν καὶ μνήμων οὖσα, εὖ μάλα χαίρειν τούτοις αὐτοῖς δύναιτʼ ἂν φιλομαθὴς ὥστʼ εἶναι. ταῦτα γὰρ οὔτε ῥᾴδια φύεσθαι, γενόμενά τε, καὶ τροφῆς καὶ παιδείας τυχόντα ἧς δεῖ, τοὺς πλείστους αὐτῶν καὶ χείρους κατέχειν ὀρθότατα δύναιτʼ ἂν τῷ φρονεῖν καὶ πράττειν καὶ λέγειν περὶ θεοὺς ἕκαστα ὡς δεῖ τε καὶ ὅτε δεῖ, περὶ θυσίας τε καὶ καθαρμοὺς τῶν περὶ θεούς τε καὶ ἀνθρώπους, οὐ σχήμασι τεχνάζοντας, ἀλλὰ ἀληθείᾳ τιμῶντας <milestone unit="section" resp="Stephanus" n="989d"/> ἀρετήν, ὃ δὴ καὶ μέγιστόν ἐστι συμπάντων πάσῃ τῇ πόλει. τοῦτο δὴ οὖν τὸ μέρος εἶναί φαμεν φύσει κυριώτατον καὶ δυνατὸν ὡς οἷόν τε κάλλιστα καὶ ἄριστα μαθεῖν, εἰ διδάσκοι τις. ἀλλʼ οὐδʼ ἂν διδάξειεν, εἰ μὴ θεὸς ὑφηγοῖτο· εἰ τʼ οὖν διδάσκοι, κατὰ τρόπον δὲ μὴ δρῷ τὸ τοιοῦτον, κρεῖττον μὴ μανθάνειν. ὅμως δʼ ἐκ τῶν νῦν λεγομένων ἀνάγκη μαθεῖν ταῦτα καὶ ἐμὲ λέγειν τὴν τοιαύτην τε καὶ ἀρίστην φύσιν. <milestone unit="section" resp="Stephanus" n="989e"/> πειρώμεθα δὴ τῷ τε λόγῳ διεξελθεῖν ἅ τʼ ἐστὶν καὶ οἷα καὶ ὡς δεῖ μανθάνειν, κατὰ δύναμιν τήν τʼ ἐμὴν τοῦ λέγοντος <milestone n="990" unit="page"/><milestone unit="section" resp="Stephanus" n="990a"/> καὶ τὴν τῶν δυναμένων εἰσακοῦσαι, θεοσεβείας ᾧτινι τρόπῳ τις τίνα μαθήσεται.</said></p></div>
				
<div type="textpart" subtype="section" resp="perseus" n="990">
<p><said who="#Ἀθηναῖος" rend="merge"><label>ΑΘ.</label> σχεδὸν μὲν οὖν ἐστιν ἄτοπον ἀκούσαντι, τὸ δʼ ὄνομα αὐτοῦ λέγομεν ἡμεῖς γε, ὅ τις οὐκ ἄν ποτε δόξειεν διʼ ἀπειρίαν τοῦ πράγματος—ἀστρονομίαν—ἀγνοεῖ τε ὅτι σοφώτατον ἀνάγκη τὸν ἀληθῶς ἀστρονόμον εἶναι, μὴ τὸν καθʼ Ἡσίοδον ἀστρονομοῦντα καὶ πάντας τοὺς τοιούτους, οἷον δυσμάς τε καὶ ἀνατολὰς ἐπεσκεμμένον, ἀλλὰ τὸν τῶν ὀκτὼ περιόδων τὰς ἑπτὰ περιόδους, διεξιούσης τὸν αὑτῶν κύκλον <milestone unit="section" resp="Stephanus" n="990b"/> ἑκάστης οὕτως ὡς οὐκ ἂν ῥᾳδίως ποτὲ πᾶσα φύσις ἱκανὴ γένοιτο θεωρῆσαι, μὴ θαυμαστῆς μετέχουσα φύσεως. ὃ νῦν εἰρήκαμεν ἐροῦμέν τε, ὥς φαμεν, ὅπῃ δεῖ τε καὶ ὅπως χρεὼν μανθάνειν· πρῶτον δʼ ἡμῖν τόδε λεγέσθω.

	<milestone ed="P" unit="para"/>σελήνη μὲν περίοδον τὴν αὑτῆς τάχιστα διέξεισιν, ἄγουσα μῆνα καὶ πανσέληνον πρώτην· δεύτερον δὲ κατανοεῖν δεῖ τὸν ἥλιον, τροπὰς ἄγοντα διὰ πάσης τῆς αὑτοῦ περιόδου, καὶ τούτῳ τοὺς συνδρόμους. ἵνα δὲ μὴ πολλάκις ταὐτὰ περὶ <milestone unit="section" resp="Stephanus" n="990c"/> τῶν αὐτῶν διαλεγώμεθα, τὰς ἄλλας ὅσας ἐν τῷ πρόσθεν διεξήλθομεν ὁδοὺς τούτων οὐ ῥᾴδιον συννοεῖν, ἐπὶ δὲ ταῦτα παρασκευάζοντας φύσεις οἵας δυνατὸν εἶναι, χρεὼν πολλὰ προδιδάσκοντα καὶ ἐθίζοντα ἀεὶ διαπονήσασθαι παῖδα ὄντα καὶ νεανίσκον. διὸ μαθημάτων δέον ἂν εἴη· τὸ δὲ μέγιστόν τε καὶ πρῶτον καὶ ἀριθμῶν αὐτῶν ἀλλʼ οὐ σώματα ἐχόντων, ἀλλὰ ὅλης τῆς τοῦ περιττοῦ τε καὶ ἀρτίου γενέσεώς τε καὶ δυνάμεως, ὅσην παρέχεται πρὸς τὴν τῶν ὄντων φύσιν. <milestone unit="section" resp="Stephanus" n="990d"/> ταῦτα δὲ μαθόντι τούτοις ἐφεξῆς ἐστιν ὃ καλοῦσι μὲν σφόδρα γελοῖον ὄνομα γεωμετρίαν, τῶν οὐκ ὄντων δὲ ὁμοίων ἀλλήλοις φύσει ἀριθμῶν ὁμοίωσις πρὸς τὴν τῶν ἐπιπέδων μοῖραν γεγονυῖά ἐστιν διαφανής· ὃ δὴ θαῦμα οὐκ ἀνθρώπινον ἀλλὰ γεγονὸς θεῖον φανερὸν ἂν γίγνοιτο τῷ δυναμένῳ συννοεῖν. μετὰ δὲ ταύτην τοὺς τρὶς ηὐξημένους καὶ τῇ στερεᾷ φύσει ὁμοίους· τοὺς δὲ ἀνομοίους αὖ γεγονότας ἑτέρᾳ τέχνῃ ὁμοιοῖ, ταύτῃ ἣν δὴ στερεομετρίαν ἐκάλεσαν <milestone unit="section" resp="Stephanus" n="990e"/> οἱ προστυχεῖς αὐτῇ γεγονότες· ὃ δὲ θεῖόν τʼ ἐστὶν καὶ θαυμαστὸν τοῖς ἐγκαθορῶσί τε καὶ διανοουμένοις ὡς περὶ τὸ διπλάσιον ἀεὶ στρεφομένης τῆς δυνάμεως καὶ τῆς ἐξ ἐναντίας ταύτῃ καθʼ ἑκάστην ἀναλογίαν εἶδος καὶ γένος ἀποτυποῦται <milestone n="991" unit="page"/><milestone unit="section" resp="Stephanus" n="991a"/> πᾶσα ἡ φύσις.</said></p></div>
				
<div type="textpart" subtype="section" resp="perseus" n="991">
<p><said who="#Ἀθηναῖος" rend="merge"><label>ΑΘ.</label>  ἡ μὲν δὴ πρώτη τοῦ διπλασίου κατʼ ἀριθμὸν ἓν πρὸς δύο κατὰ λόγον φερομένη, διπλάσιον δὲ ἡ κατὰ δύναμιν οὖσα· ἡ δʼ εἰς τὸ στερεόν τε καὶ ἁπτὸν πάλιν αὖ διπλάσιον, ἀφʼ ἑνὸς εἰς ὀκτὼ διαπορευθεῖσα· ἡ δὲ διπλασίου μὲν εἰς μέσον, ἴσως δὲ τοῦ ἐλάττονος πλέον ἔλαττόν τε τοῦ μείζονος, τὸ δʼ ἕτερον τῷ αὐτῷ μέρει τῶν ἄκρων αὐτῶν ὑπερέχον τε καὶ ὑπερεχόμενον—ἐν μέσῳ δὲ τοῦ ἓξ πρὸς τὰ <milestone unit="section" resp="Stephanus" n="991b"/> δώδεκα συνέβη τό τε ἡμιόλιον καὶ ἐπίτριτον—τούτων αὐτῶν ἐν τῷ μέσῳ ἐπʼ ἀμφότερα στρεφομένη τοῖς ἀνθρώποις σύμφωνον χρείαν καὶ σύμμετρον ἀπενείματο παιδιᾶς ῥυθμοῦ τε καὶ ἁρμονίας χάριν, εὐδαίμονι χορείᾳ Μουσῶν δεδομένη.

	<milestone ed="P" unit="para"/>ταῦτα μὲν οὖν δὴ ταύτῃ γιγνέσθω τε καὶ ἐχέτω σύμπαντα· τὸ δʼ ἐπὶ τούτοις τέλος, εἰς θείαν γένεσιν ἅμα καὶ τὴν τῶν ὁρατῶν καλλίστην τε καὶ θειοτάτην φύσιν ἰτέον, ὅσην ἀνθρώποις θεὸς ἔδωκεν κατιδεῖν, ἣν οὔποτε ἄνευ τῶν νῦν <milestone unit="section" resp="Stephanus" n="991c"/> διειρημένων μὴ κατιδὼν ἐπεύξηταί τις ῥᾳστώνῃ παραλαβεῖν. πρὸς τούτοις δὲ τὸ καθʼ ἓν τῷ κατʼ εἴδη προσακτέον ἐν ἑκάσταις ταῖς συνουσίαις, ἐρωτῶντά τε καὶ ἐλέγχοντα τὰ μὴ καλῶς ῥηθέντα· πάντως γὰρ καλλίστη καὶ πρώτη βάσανος ἀνθρώποις ὀρθῶς γίγνεται, ὅσαι δὲ οὐκ οὖσαι προσποιοῦνται, ματαιότατος πόνος ἁπάντων. ἔτι δὲ τὴν ἀκρίβειαν τοῦ χρόνου ἡμῖν ληπτέον, ὡς ἀκριβῶς ἀποτελεῖ πάντα τὰ κατʼ <milestone unit="section" resp="Stephanus" n="991d"/> οὐρανὸν γιγνόμενα, ἵνʼ ὁ πιστεύσας ὡς ὁ λόγος ἀληθὴς γέγονεν ὅτι πρεσβύτερόν τʼ ἐστὶν ἅμα καὶ θειότερον ψυχὴ σώματος, ἡγήσαιτʼ ἂν παγκάλως τε καὶ ἱκανῶς εἰρῆσθαι τὸ θεῶν εἶναι πάντα πλέα καὶ μηδέποτε λήθῃ μηδὲ ἀμελείᾳ τῶν κρειττόνων ἡμᾶς παρωλιγωρῆσθαι. νοητέον δʼ ἐστὶν περὶ πάντα τὰ τοιαῦτα τόδε, ὡς, ἐὰν μέν τις ἕκαστα τούτων ὀρθῶς λαμβάνῃ, μέγʼ ὄφελος γίγνεται τῷ παραλαμβάνοντι κατὰ τρόπον, εἰ δὲ μή, θεὸν ἄμεινον ἀεὶ καλεῖν· ὁ δὲ τρόπος ὅδε <milestone unit="section" resp="Stephanus" n="991e"/> —ἀνάγκη γὰρ τό γε τοσοῦτον φράζειν—πᾶν διάγραμμα ἀριθμοῦ τε σύστημα καὶ ἁρμονίας σύστασιν ἅπασαν τῆς τε τῶν ἄστρων περιφορᾶς τὴν ὁμολογίαν οὖσαν μίαν ἁπάντων ἀναφανῆναι δεῖ τῷ κατὰ τρόπον μανθάνοντι, φανήσεται δέ, ἄν, ὃ λέγομεν, ὀρθῶς τις εἰς ἓν βλέπων μανθάνῃ—</said></p></div>
				
<div type="textpart" subtype="section" resp="perseus" n="992">
<p><said who="#Ἀθηναῖος" rend="merge"><label>ΑΘ.</label> δεσμὸς <milestone n="992" unit="page"/><milestone unit="section" resp="Stephanus" n="992a"/> γὰρ πεφυκὼς πάντων τούτων εἷς ἀναφανήσεται διανοουμένοις —εἰ δʼ ἄλλως πως ταῦτα μεταχειριεῖταί τις, τύχην δεῖ καλεῖν, ὥσπερ καὶ λέγομεν. οὐ γὰρ ἄνευ γε τούτων μήποτέ τις ἐν πόλεσιν εὐδαίμων γένηται φύσις, ἀλλʼ οὗτος ὁ τρόπος, αὕτη ἡ τροφή, ταῦτα τὰ μαθήματα· εἴτε χαλεπὰ εἴτε ῥᾴδια, ταύτῃ πορευτέον. ἀμελῆσαι δὲ οὐ θεμιτόν ἐστιν θεῶν, καταφανοῦς γενομένης τῆς πάντων αὐτῶν κατὰ τρόπον λεγομένης φήμης <milestone unit="section" resp="Stephanus" n="992b"/> εὐτυχοῦς. τὸν δὲ σύμπαντα ταῦτα οὕτως εἰληφότα, τοῦτον λέγω τὸν ἀληθέστατα σοφώτατον· ὃν καὶ διισχυρίζομαι παίζων καὶ σπουδάζων ἅμα, ὅτε θανάτῳ τις τῶν τοιούτων τὴν αὑτοῦ μοῖραν ἀναπλήσει, σχεδὸν ἐάνπερ ἔτʼ ἀποθανὼν ᾖ, μήτε μεθέξειν ἔτι πολλῶν τότε καθάπερ νῦν αἰσθήσεων, μιᾶς τε μοίρας μετειληφότα μόνον καὶ ἐκ πολλῶν ἕνα γεγονότα, εὐδαίμονά τε ἔσεσθαι καὶ σοφώτατον ἅμα καὶ μακάριον, εἴτε τις ἐν ἠπείροις εἴτʼ ἐν νήσοις μακάριος ὢν <milestone unit="section" resp="Stephanus" n="992c"/> ζῇ, κἀκεῖνον μεθέξειν τῆς τοιαύτης ἀεὶ τύχης, κεἴτε δημοσίᾳ τις ἐπιτηδεύσας ταῦτα εἴτε ἰδίᾳ διαβιῷ, τὰ αὐτὰ καὶ ὡσαύτως αὐτὸν πράξειν παρὰ θεῶν. ὃ δὲ κατʼ ἀρχάς τε ἐλέγομεν, καὶ νῦν αὑτὸς πάρεστι λόγος ἀληθὴς ὄντως, ὡς οὐ δυνατὸν ἀνθρώποις τελέως μακαρίοις τε καὶ εὐδαίμοσι γενέσθαι πλὴν ὀλίγων, ἔστιν ταῦτα ὀρθῶς εἰρημένα· ὁπόσοι γὰρ θεῖοι καὶ σώφρονες ἅμα τῆς ἄλλης τε μετέχοντες ἀρετῆς φύσει, πρὸς <milestone unit="section" resp="Stephanus" n="992d"/> δὲ τούτοις ὅσα μαθήματος ἔχεται μακαρίου πάντα εἰληφότες —ἃ δʼ ἔστιν εἰρήκαμεν—τούτοισιν μόνοις τὰ τοῦ δαιμονίου σύμπαντα ἱκανῶς εἴληχέ τε καὶ ἔχει. τοῖς μὲν οὖν ταῦτα οὕτω διαπονήσασιν ἰδίᾳ λέγομεν καὶ δημοσίᾳ κατὰ νόμον τίθεμεν, εἰς πρεσβύτου τέλος ἀφικομένοις τὰς μεγίστας ἀρχὰς παραδίδοσθαι δεῖν, τοὺς δʼ ἄλλους τούτοις συνεπομένους εὐφημεῖν πάντας θεοὺς ἅμα καὶ πάσας, καὶ τὸν νυκτερινὸν σύλλογον ἐπὶ ταύτην τὴν σοφίαν ἱκανῶς γνόντας <milestone unit="section" resp="Stephanus" n="992e"/> τε καὶ δοκιμάσαντας ἡμᾶς ὀρθότατα πάντας παρακαλεῖν.</said></p></div>
		</div></body></text>
</TEI>