<?xml version="1.0" encoding="UTF-8"?>
<?xml-model href="http://www.stoa.org/epidoc/schema/latest/tei-epidoc.rng" schematypens="http://relaxng.org/ns/structure/1.0"?>
<TEI xmlns="http://www.tei-c.org/ns/1.0">
	<teiHeader>

<fileDesc>

<titleStmt>
<title>Critias</title>
<author>Plato</author>
<sponsor>Perseus Project, Tufts University</sponsor>
<principal>Gregory Crane</principal>
<respStmt>
<resp>Prepared under the supervision of</resp>
<name>Lisa Cerrato</name>
<name>William Merrill</name>
<name>Elli Mylonas</name>
<name>David Smith</name>
</respStmt>
<funder n="org:AnnCPB">The Annenberg CPB/Project</funder>

</titleStmt>

	<publicationStmt>
		<publisher>Trustees of Tufts University</publisher>
		<pubPlace>Medford, MA</pubPlace>
		<authority>Perseus Project</authority>
	</publicationStmt>
	
	



<notesStmt> 
	<note anchored="true">Text was scanned at St. Olaf Spring, 1992.</note></notesStmt>
<sourceDesc>
<biblStruct>
	<monogr>
		<author>Plato</author>
		<title>Platonis Opera, ed. John Burnet</title>
		<imprint>
			<biblScope unit="volume">4</biblScope>
			<publisher>Oxford University Press</publisher>
			<date>1905</date>
		</imprint>
	</monogr>
</biblStruct>
</sourceDesc>


</fileDesc>

<encodingDesc>

	<refsDecl n="CTS">
		<cRefPattern matchPattern="(\w+)"
			replacementPattern="#xpath(/tei:TEI/tei:text/tei:body/tei:div/tei:div[@n='$1'])">           
			<p>This pointer pattern extracts section</p>
		</cRefPattern>
	</refsDecl>
	
	<!--  <refsDecl doctype="TEI.2">
            <state unit="text"/>
            <state unit="section"/>
         </refsDecl>
         <refsDecl doctype="TEI.2">
            <state unit="text"/>
            <state unit="page"/>
         </refsDecl>-->
</encodingDesc>

<profileDesc>
<langUsage>
<language ident="grc">Greek</language>
<language ident="eng">English</language>
</langUsage>
	<particDesc>
		<person><persName>Τίμαιος</persName></person>
		<person><persName>Κριτίας</persName></person>
		<person><persName>Σωκράτης</persName></person>
		<person><persName>Ἑρμοκράτης</persName></person>
	</particDesc>
</profileDesc>
<revisionDesc>
<change when="2017-08-15" who="Lisa Cerrato">EpiDoc and CTS conversion.</change>
<change when="2014-07-01" who="Stella Dee">split composite text and converted to unicode</change>
<change when="1992-07-01" who="WPM">Tagged in conformance with Prose.e dtd.</change>	
</revisionDesc>

</teiHeader>
	<text xml:lang="grc">
		<body>
			<div type="edition" n="urn:cts:greekLit:tlg0059.tlg032.perseus-grc2" xml:lang="grc"> 
				<div type="textpart" subtype="section" resp="perseus" n="106">
                 <p><said who="#Τίμαιος"><milestone n="106" unit="page"/><milestone unit="section" resp="Stephanus" n="106a"/><label>ΤΙ.</label> ὡς ἅσμενος, ὦ Σώκρατες, οἷον ἐκ μακρᾶς ἀναπεπαυμένος ὁδοῦ, νῦν οὕτως ἐκ τῆς τοῦ λόγου διαπορείας ἀγαπητῶς ἀπήλλαγμαι. τῷ δὲ πρὶν μὲν πάλαι ποτʼ ἔργῳ, νῦν δὲ λόγοις ἄρτι θεῷ γεγονότι προσεύχομαι, τῶν ῥηθέντων ὅσα μὲν ἐρρήθη μετρίως, σωτηρίαν ἡμῖν αὐτὸν αὐτῶν <milestone unit="section" resp="Stephanus" n="106b"/> διδόναι, παρὰ μέλος δὲ εἴ τι περὶ αὐτῶν ἄκοντες εἴπομεν, δίκην τὴν πρέπουσαν ἐπιτιθέναι. δίκη δὲ ὀρθὴ τὸν πλημμελοῦντα ἐμμελῆ ποιεῖν· ἵνʼ οὖν τὸ λοιπὸν τοὺς περὶ θεῶν γενέσεως ὀρθῶς λέγωμεν λόγους, φάρμακον ἡμῖν αὐτὸν τελεώτατον καὶ ἄριστον φαρμάκων ἐπιστήμην εὐχόμεθα διδόναι, προσευξάμενοι δὲ παραδίδομεν κατὰ τὰς ὁμολογίας Κριτίᾳ τὸν ἑξῆς λόγον.</said></p>
                 	
		<p><said who="#Κριτίας"><label>ΚΡΙ.</label> ἀλλʼ, ὦ Τίμαιε, δέχομαι μέν, ᾧ δὲ καὶ σὺ κατʼ <milestone unit="section" resp="Stephanus" n="106c"/> ἀρχὰς ἐχρήσω, συγγνώμην αἰτούμενος ὡς περὶ μεγάλων μέλλων λέγειν, ταὐτὸν καὶ νῦν ἐγὼ τοῦτο παραιτοῦμαι, <milestone n="107" unit="page"/><milestone unit="section" resp="Stephanus" n="107a"/> μειζόνως δὲ αὐτοῦ τυχεῖν ἔτι μᾶλλον ἀξιῶ περὶ τῶν μελλόντων ῥηθήσεσθαι.</said></p></div>
				
				<div type="textpart" subtype="section" resp="perseus" n="107">
					<p><said who="#Κριτίας" rend="merge"><label>ΚΡΙ.</label> καίτοι σχεδὸν μὲν οἶδα παραίτησιν εὖ μάλα φιλότιμον καὶ τοῦ δέοντος ἀγροικοτέραν μέλλων παραιτεῖσθαι, ῥητέον δὲ ὅμως. ὡς μὲν γὰρ οὐκ εὖ τὰ παρὰ σοῦ λεχθέντα εἴρηται, τίς ἂν ἐπιχειρήσειεν ἔμφρων λέγειν; ὅτι δὲ τὰ ῥηθησόμενα πλείονος συγγνώμης δεῖται χαλεπώτερα ὄντα, τοῦτο πειρατέον πῃ διδάξαι. περὶ θεῶν γάρ, ὦ Τίμαιε, λέγοντά τι πρὸς ἀνθρώπους δοκεῖν ἱκανῶς <milestone unit="section" resp="Stephanus" n="107b"/> λέγειν ῥᾷον ἢ περὶ θνητῶν πρὸς ἡμᾶς. ἡ γὰρ ἀπειρία καὶ σφόδρα ἄγνοια τῶν ἀκουόντων περὶ ὧν ἂν οὕτως ἔχωσιν πολλὴν εὐπορίαν παρέχεσθον τῷ μέλλοντι λέγειν τι περὶ αὐτῶν· περὶ δὲ δὴ θεῶν ἴσμεν ὡς ἔχομεν. ἵνα δὲ σαφέστερον ὃ λέγω δηλώσω, τῇδέ μοι συνεπίσπεσθε. μίμησιν μὲν γὰρ δὴ καὶ ἀπεικασίαν τὰ παρὰ πάντων ἡμῶν ῥηθέντα χρεών που γενέσθαι· τὴν δὲ τῶν γραφέων εἰδωλοποιίαν περὶ τὰ θεῖά τε καὶ τὰ ἀνθρώπινα σώματα γιγνομένην <milestone unit="section" resp="Stephanus" n="107c"/> ἴδωμεν ῥᾳστώνης τε πέρι καὶ χαλεπότητος πρὸς τὸ τοῖς ὁρῶσιν δοκεῖν ἀποχρώντως μεμιμῆσθαι, καὶ κατοψόμεθα ὅτι γῆν μὲν καὶ ὄρη καὶ ποταμοὺς καὶ ὕλην οὐρανόν τε σύμπαντα καὶ τὰ περὶ αὐτὸν ὄντα καὶ ἰόντα πρῶτον μὲν ἀγαπῶμεν ἄν τίς τι καὶ βραχὺ πρὸς ὁμοιότητα αὐτῶν ἀπομιμεῖσθαι δυνατὸς ᾖ, πρὸς δὲ τούτοις, ἅτε οὐδὲν εἰδότες ἀκριβὲς περὶ τῶν τοιούτων, οὔτε ἐξετάζομεν οὔτε ἐλέγχομεν τὰ γεγραμμένα, <milestone unit="section" resp="Stephanus" n="107d"/> σκιαγραφίᾳ δὲ ἀσαφεῖ καὶ ἀπατηλῷ χρώμεθα περὶ αὐτά· τὰ δὲ ἡμέτερα ὁπόταν τις ἐπιχειρῇ σώματα ἀπεικάζειν, ὀξέως αἰσθανόμενοι τὸ παραλειπόμενον διὰ τὴν ἀεὶ σύνοικον κατανόησιν χαλεποὶ κριταὶ γιγνόμεθα τῷ μὴ πάσας πάντως τὰς ὁμοιότητας ἀποδιδόντι. ταὐτὸν δὴ καὶ κατὰ τοὺς λόγους ἰδεῖν δεῖ γιγνόμενον, ὅτι τὰ μὲν οὐράνια καὶ θεῖα ἀγαπῶμεν καὶ σμικρῶς εἰκότα λεγόμενα, τὰ δὲ θνητὰ καὶ ἀνθρώπινα ἀκριβῶς ἐξετάζομεν. ἐκ δὴ τοῦ παραχρῆμα <milestone unit="section" resp="Stephanus" n="107e"/> νῦν λεγόμενα, τὸ πρέπον ἂν μὴ δυνώμεθα πάντως ἀποδιδόναι, συγγιγνώσκειν χρεών· οὐ γὰρ ὡς ῥᾴδια τὰ θνητὰ ἀλλʼ ὡς χαλεπὰ πρὸς δόξαν ὄντα ἀπεικάζειν δεῖ διανοεῖσθαι.</said></p></div>
				
	<div type="textpart" subtype="section" resp="perseus" n="108">
	<p><said who="#Κριτίας" rend="merge"><milestone n="108" unit="page"/><milestone unit="section" resp="Stephanus" n="108a"/><label>ΚΡΙ.</label> ταῦτα δὴ βουλόμενος ὑμᾶς ὑπομνῆσαι, καὶ τὸ τῆς συγγνώμης οὐκ ἔλαττον ἀλλὰ μεῖζον αἰτῶν περὶ τῶν μελλόντων ῥηθήσεσθαι, πάντα ταῦτα εἴρηκα, ὦ Σώκρατες. εἰ δὴ δικαίως αἰτεῖν φαίνομαι τὴν δωρεάν, ἑκόντες δίδοτε.</said></p>
		
	<p><said who="#Σωκράτης"><label>ΣΩ.</label> τί δʼ οὐ μέλλομεν, ὦ Κριτία, διδόναι; καὶ πρός γε ἔτι τρίτῳ δεδόσθω ταὐτὸν τοῦτο Ἑρμοκράτει παρʼ ἡμῶν. δῆλον γὰρ ὡς ὀλίγον ὕστερον, ὅταν αὐτὸν δέῃ λέγειν, <milestone unit="section" resp="Stephanus" n="108b"/> παραιτήσεται καθάπερ ὑμεῖς· ἵνʼ οὖν ἑτέραν ἀρχὴν ἐκπορίζηται καὶ μὴ τὴν αὐτὴν ἀναγκασθῇ λέγειν, ὡς ὑπαρχούσης αὐτῷ συγγνώμης εἰς τότε οὕτω λεγέτω. προλέγω γε μήν, ὦ φίλε Κριτία, σοὶ τὴν τοῦ θεάτρου διάνοιαν, ὅτι θαυμαστῶς ὁ πρότερος ηὐδοκίμηκεν ἐν αὐτῷ ποιητής, ὥστε τῆς συγγνώμης δεήσει τινός σοι παμπόλλης, εἰ μέλλεις αὐτὰ δυνατὸς γενέσθαι παραλαβεῖν.</said></p>
		
	<p><said who="#Ἑρμοκράτης"><label>ΕΡ.</label> ταὐτὸν μήν, ὦ Σώκρατες, κἀμοὶ παραγγέλλεις ὅπερ <milestone unit="section" resp="Stephanus" n="108c"/> τῷδε. ἀλλὰ γὰρ ἀθυμοῦντες ἄνδρες οὔπω τρόπαιον ἔστησαν, ὦ Κριτία· προϊέναι τε οὖν ἐπὶ τὸν λόγον ἀνδρείως χρή, καὶ τὸν Παίωνά τε καὶ τὰς μούσας ἐπικαλούμενον τοὺς παλαιοὺς πολίτας ἀγαθοὺς ὄντας ἀναφαίνειν τε καὶ ὑμνεῖν.</said></p>
		
    <p><said who="#Κριτίας"><label>ΚΡΙ.</label> ὦ φίλε Ἑρμόκρατες, τῆς ὑστέρας τεταγμένος, ἐπίπροσθεν ἔχων ἄλλον, ἔτι θαρρεῖς. τοῦτο μὲν οὖν οἷόν ἐστιν, αὐτό σοι τάχα δηλώσει· παραμυθουμένῳ δʼ οὖν καὶ <milestone unit="section" resp="Stephanus" n="108d"/> παραθαρρύνοντί σοι πειστέον, καὶ πρὸς οἷς θεοῖς εἶπες τούς τε ἄλλους κλητέον καὶ δὴ καὶ τὰ μάλιστα Μνημοσύνην. σχεδὸν γὰρ τὰ μέγιστα ἡμῖν τῶν λόγων ἐν ταύτῃ τῇ θεῷ πάντʼ ἐστίν· μνησθέντες γὰρ ἱκανῶς καὶ ἀπαγγείλαντες τά ποτε ῥηθέντα ὑπὸ τῶν ἱερέων καὶ δεῦρο ὑπὸ Σόλωνος κομισθέντα σχεδὸν οἶδʼ ὅτι τῷδε τῷ θεάτρῳ δόξομεν τὰ προσήκοντα μετρίως ἀποτετελεκέναι. τοῦτʼ οὖν αὔτʼ ἤδη δραστέον, καὶ μελλητέον οὐδὲν ἔτι. 
	<milestone unit="section" resp="Stephanus" n="108e"/>
	<milestone ed="P" unit="para"/>πάντων δὴ πρῶτον μνησθῶμεν ὅτι τὸ κεφάλαιον ἦν ἐνακισχίλια ἔτη, ἀφʼ οὗ γεγονὼς ἐμηνύθη πόλεμος τοῖς θʼ ὑπὲρ Ἡρακλείας στήλας ἔξω κατοικοῦσιν καὶ τοῖς ἐντὸς πᾶσιν· ὃν δεῖ νῦν διαπεραίνειν. τῶν μὲν οὖν ἥδε ἡ πόλις ἄρξασα καὶ πάντα τὸν πόλεμον διαπολεμήσασα ἐλέγετο, τῶν δʼ οἱ τῆς Ἀτλαντίδος νήσου βασιλῆς, ἣν δὴ Λιβύης καὶ Ἀσίας μείζω νῆσον οὖσαν ἔφαμεν εἶναί ποτε, νῦν δὲ ὑπὸ σεισμῶν δῦσαν ἄπορον πηλὸν τοῖς ἐνθένδε ἐκπλέουσιν <milestone n="109" unit="page"/><milestone unit="section" resp="Stephanus" n="109a"/> ἐπὶ τὸ πᾶν πέλαγος, ὥστε μηκέτι πορεύεσθαι, κωλυτὴν παρασχεῖν.</said></p></div>
				
<div type="textpart" subtype="section" resp="perseus" n="109">
<p><said who="#Κριτίας" rend="merge"><label>ΚΡΙ.</label> τὰ μὲν δὴ πολλὰ ἔθνη βάρβαρα, καὶ ὅσα Ἑλλήνων ἦν γένη τότε, καθʼ ἕκαστα ἡ τοῦ λόγου διέξοδος οἷον ἀνειλλομένη τὸ προστυχὸν ἑκασταχοῦ δηλώσει· τὸ δὲ Ἀθηναίων τε τῶν τότε καὶ τῶν ἐναντίων, οἷς διεπολέμησαν, ἀνάγκη κατʼ ἀρχὰς διελθεῖν πρῶτα, τήν τε δύναμιν ἑκατέρων καὶ τὰς πολιτείας. αὐτῶν δὲ τούτων τὰ τῇδε ἔμπροσθεν προτιμητέον εἰπεῖν. <milestone unit="section" resp="Stephanus" n="109b"/>
	<milestone ed="P" unit="para"/>θεοὶ γὰρ ἅπασαν γῆν ποτε κατὰ τοὺς τόπους διελάγχανον—οὐ κατʼ ἔριν· οὐ γὰρ ἂν ὀρθὸν ἔχοι λόγον θεοὺς ἀγνοεῖν τὰ πρέποντα ἑκάστοις αὑτῶν, οὐδʼ αὖ γιγνώσκοντας τὸ μᾶλλον ἄλλοις προσῆκον τοῦτο ἑτέρους αὑτοῖς διʼ ἐρίδων ἐπιχειρεῖν κτᾶσθαι—δίκης δὴ κλήροις τὸ φίλον λαγχάνοντες κατῴκιζον τὰς χώρας, καὶ κατοικίσαντες, οἷον νομῆς ποίμνια, κτήματα καὶ θρέμματα ἑαυτῶν ἡμᾶς ἔτρεφον, πλὴν οὐ σώμασι <milestone unit="section" resp="Stephanus" n="109c"/> σώματα βιαζόμενοι, καθάπερ ποιμένες κτήνη πληγῇ νέμοντες, ἀλλʼ ᾗ μάλιστα εὔστροφον ζῷον, ἐκ πρύμνης ἀπευθύνοντες, οἷον οἴακι πειθοῖ ψυχῆς ἐφαπτόμενοι κατὰ τὴν αὐτῶν διάνοιαν, οὕτως ἄγοντες τὸ θνητὸν πᾶν ἐκυβέρνων. ἄλλοι μὲν οὖν κατʼ ἄλλους τόπους κληρουχήσαντες θεῶν ἐκεῖνα ἐκόσμουν, Ἥφαιστος δὲ κοινὴν καὶ Ἀθηνᾶ φύσιν ἔχοντες, ἅμα μὲν ἀδελφὴν ἐκ ταὐτοῦ πατρός, ἅμα δὲ φιλοσοφίᾳ φιλοτεχνίᾳ τε ἐπὶ τὰ αὐτὰ ἐλθόντες, οὕτω μίαν ἄμφω λῆξιν τήνδε τὴν χώραν εἰλήχατον ὡς οἰκείαν καὶ πρόσφορον ἀρετῇ <milestone unit="section" resp="Stephanus" n="109d"/> καὶ φρονήσει πεφυκυῖαν, ἄνδρας δὲ ἀγαθοὺς ἐμποιήσαντες αὐτόχθονας ἐπὶ νοῦν ἔθεσαν τὴν τῆς πολιτείας τάξιν· ὧν τὰ μὲν ὀνόματα σέσωται, τὰ δὲ ἔργα διὰ τὰς τῶν παραλαμβανόντων φθορὰς καὶ τὰ μήκη τῶν χρόνων ἠφανίσθη. τὸ γὰρ περιλειπόμενον ἀεὶ γένος, ὥσπερ καὶ πρόσθεν ἐρρήθη, κατελείπετο ὄρειον καὶ ἀγράμματον, τῶν ἐν τῇ χώρᾳ δυναστῶν τὰ ὀνόματα ἀκηκοὸς μόνον καὶ βραχέα πρὸς αὐτοῖς τῶν ἔργων. τὰ μὲν οὖν ὀνόματα τοῖς ἐκγόνοις ἐτίθεντο <milestone unit="section" resp="Stephanus" n="109e"/> ἀγαπῶντες, τὰς δὲ ἀρετὰς καὶ τοὺς νόμους τῶν ἔμπροσθεν οὐκ εἰδότες, εἰ μὴ σκοτεινὰς περὶ ἑκάστων τινὰς ἀκοάς, ἐν ἀπορίᾳ δὲ τῶν ἀναγκαίων ἐπὶ πολλὰς γενεὰς ὄντες αὐτοὶ <milestone n="110" unit="page"/><milestone unit="section" resp="Stephanus" n="110a"/> καὶ παῖδες, πρὸς οἷς ἠπόρουν τὸν νοῦν ἔχοντες, τούτων πέρι καὶ τοὺς λόγους ποιούμενοι, τῶν ἐν τοῖς πρόσθεν καὶ πάλαι ποτὲ γεγονότων ἠμέλουν.</said></p></div>
				
  <div type="textpart" subtype="section" resp="perseus" n="110">
   <p><said who="#Κριτίας" rend="merge"><label>ΚΡΙ.</label> μυθολογία γὰρ ἀναζήτησίς τε τῶν παλαιῶν μετὰ σχολῆς ἅμʼ ἐπὶ τὰς πόλεις ἔρχεσθον, ὅταν ἴδητόν τισιν ἤδη τοῦ βίου τἀναγκαῖα κατεσκευασμένα, πρὶν δὲ οὔ. ταύτῃ δὴ τὰ τῶν παλαιῶν ὀνόματα ἄνευ τῶν ἔργων διασέσωται. λέγω δὲ αὐτὰ τεκμαιρόμενος ὅτι Κέκροπός τε καὶ Ἐρεχθέως καὶ Ἐριχθονίου καὶ Ἐρυσίχθονος <milestone unit="section" resp="Stephanus" n="110b"/> τῶν τε ἄλλων τὰ πλεῖστα ὅσαπερ καὶ Θησέως τῶν ἄνω περὶ τῶν ὀνομάτων ἑκάστων ἀπομνημονεύεται, τούτων ἐκείνους τὰ πολλὰ ἐπονομάζοντας τοὺς ἱερέας Σόλων ἔφη τὸν τότε διηγεῖσθαι πόλεμον, καὶ τὰ τῶν γυναικῶν κατὰ τὰ αὐτά. καὶ δὴ καὶ τὸ τῆς θεοῦ σχῆμα καὶ ἄγαλμα, ὡς κοινὰ τότʼ ἦν τὰ ἐπιτηδεύματα ταῖς τε γυναιξὶ καὶ τοῖς ἀνδράσι τὰ περὶ τὸν πόλεμον, οὕτω κατʼ ἐκεῖνον τὸν νόμον ὡπλισμένην τὴν θεὸν ἀνάθημα εἶναι τοῖς τότε, ἔνδειγμα ὅτι πάνθʼ <milestone unit="section" resp="Stephanus" n="110c"/> ὅσα σύννομα ζῷα θήλεα καὶ ὅσα ἄρρενα, τὴν προσήκουσαν ἀρετὴν ἑκάστῳ γένει πᾶν κοινῇ δυνατὸν ἐπιτηδεύειν πέφυκεν.
   	
   	<milestone ed="P" unit="para"/>ὤικει δὲ δὴ τότʼ ἐν τῇδε τῇ χώρᾳ τὰ μὲν ἄλλα ἔθνη τῶν πολιτῶν περὶ τὰς δημιουργίας ὄντα καὶ τὴν ἐκ τῆς γῆς τροφήν, τὸ δὲ μάχιμον ὑπʼ ἀνδρῶν θείων κατʼ ἀρχὰς ἀφορισθὲν ᾤκει χωρίς, πάντα εἰς τροφὴν καὶ παίδευσιν τὰ προσήκοντα ἔχον, ἴδιον μὲν αὐτῶν οὐδεὶς οὐδὲν κεκτημένος, <milestone unit="section" resp="Stephanus" n="110d"/> ἅπαντα δὲ πάντων κοινὰ νομίζοντες αὑτῶν, πέρα δὲ ἱκανῆς τροφῆς οὐδὲν ἀξιοῦντες παρὰ τῶν ἄλλων δέχεσθαι πολιτῶν, καὶ πάντα δὴ τὰ χθὲς λεχθέντα ἐπιτηδεύματα ἐπιτηδεύοντες, ὅσα περὶ τῶν ὑποτεθέντων ἐρρήθη φυλάκων. καὶ δὴ καὶ τὸ περὶ τῆς χώρας ἡμῶν πιθανὸν καὶ ἀληθὲς ἐλέγετο, πρῶτον μὲν τοὺς ὅρους αὐτὴν ἐν τῷ τότʼ ἔχειν ἀφωρισμένους πρὸς τὸν Ἰσθμὸν καὶ τὸ κατὰ τὴν ἄλλην ἤπειρον μέχρι τοῦ <milestone unit="section" resp="Stephanus" n="110e"/> Κιθαιρῶνος καὶ Πάρνηθος τῶν ἄκρων, καταβαίνειν δὲ τοὺς ὅρους ἐν δεξιᾷ τὴν Ὠρωπίαν ἔχοντας, ἐν ἀριστερᾷ δὲ πρὸς θαλάττης ἀφορίζοντας τὸν Ἀσωπόν· ἀρετῇ δὲ πᾶσαν γῆν ὑπὸ τῆς ἐνθάδε ὑπερβάλλεσθαι, διὸ καὶ δυνατὴν εἶναι τότε τρέφειν τὴν χώραν στρατόπεδον πολὺ τῶν περὶ γῆν ἀργὸν ἔργων.</said></p></div>
				
	<div type="textpart" subtype="section" resp="perseus" n="111">
	<p><said who="#Κριτίας" rend="merge"><label>ΚΡΙ.</label> μέγα δὲ τεκμήριον ἀρετῆς· τὸ γὰρ νῦν αὐτῆς λείψανον ἐνάμιλλόν ἐστι πρὸς ἡντινοῦν τῷ πάμφορον εὔκαρπόν <milestone n="111" unit="page"/><milestone unit="section" resp="Stephanus" n="111a"/> τε εἶναι καὶ τοῖς ζῴοις πᾶσιν εὔβοτον. τότε δὲ πρὸς τῷ κάλλει καὶ παμπλήθη ταῦτα ἔφερεν. πῶς οὖν δὴ τοῦτο πιστόν, καὶ κατὰ τί λείψανον τῆς τότε γῆς ὀρθῶς ἂν λέγοιτο; πᾶσα ἀπὸ τῆς ἄλλης ἠπείρου μακρὰ προτείνουσα εἰς τὸ πέλαγος οἷον ἄκρα κεῖται· τὸ δὴ τῆς θαλάττης ἀγγεῖον περὶ αὐτὴν τυγχάνει πᾶν ἀγχιβαθὲς ὄν. πολλῶν οὖν γεγονότων καὶ μεγάλων κατακλυσμῶν ἐν τοῖς ἐνακισχιλίοις ἔτεσι—τοσαῦτα γὰρ πρὸς τὸν νῦν ἀπʼ ἐκείνου τοῦ χρόνου <milestone unit="section" resp="Stephanus" n="111b"/> γέγονεν ἔτη—τὸ τῆς γῆς ἐν τούτοις τοῖς χρόνοις καὶ πάθεσιν ἐκ τῶν ὑψηλῶν ἀπορρέον οὔτε χῶμα, ὡς ἐν ἄλλοις τόποις, προχοῖ λόγου ἄξιον ἀεί τε κύκλῳ περιρρέον εἰς βάθος ἀφανίζεται· λέλειπται δή, καθάπερ ἐν ταῖς σμικραῖς νήσοις, πρὸς τὰ τότε τὰ νῦν οἷον νοσήσαντος σώματος ὀστᾶ, περιερρυηκυίας τῆς γῆς ὅση πίειρα καὶ μαλακή, τοῦ λεπτοῦ σώματος τῆς χώρας μόνου λειφθέντος. τότε δὲ ἀκέραιος <milestone unit="section" resp="Stephanus" n="111c"/> οὖσα τά τε ὄρη γηλόφους ὑψηλοὺς εἶχε, καὶ τὰ φελλέως νῦν ὀνομασθέντα πεδία πλήρη γῆς πιείρας ἐκέκτητο, καὶ πολλὴν ἐν τοῖς ὄρεσιν ὕλην εἶχεν, ἧς καὶ νῦν ἔτι φανερὰ τεκμήρια· τῶν γὰρ ὀρῶν ἔστιν ἃ νῦν μὲν ἔχει μελίτταις μόναις τροφήν, χρόνος δʼ οὐ πάμπολυς ὅτε δένδρων <sic>αὐτόθεν</sic> εἰς οἰκοδομήσεις τὰς μεγίστας ἐρεψίμων τμηθέντων στεγάσματʼ ἐστὶν ἔτι σᾶ. πολλὰ δʼ ἦν ἄλλʼ ἥμερα ὑψηλὰ δένδρα, νομὴν δὲ βοσκήμασιν ἀμήχανον ἔφερεν. καὶ δὴ καὶ <milestone unit="section" resp="Stephanus" n="111d"/> τὸ κατʼ ἐνιαυτὸν ὕδωρ ἐκαρποῦτʼ ἐκ Διός, οὐχ ὡς νῦν ἀπολλῦσα ῥέον ἀπὸ ψιλῆς τῆς γῆς εἰς θάλατταν, ἀλλὰ πολλὴν ἔχουσα καὶ εἰς αὐτὴν καταδεχομένη, τῇ κεραμίδι στεγούσῃ γῇ διαταμιευομένη, τὸ καταποθὲν ἐκ τῶν ὑψηλῶν ὕδωρ εἰς τὰ κοῖλα ἀφιεῖσα κατὰ πάντας τοὺς τόπους παρείχετο ἄφθονα κρηνῶν καὶ ποταμῶν νάματα, ὧν καὶ νῦν ἔτι ἐπὶ ταῖς πηγαῖς πρότερον οὔσαις ἱερὰ λελειμμένα ἐστὶν σημεῖα ὅτι περὶ αὐτῆς ἀληθῆ λέγεται τὰ νῦν. <milestone unit="section" resp="Stephanus" n="111e"/>
		<milestone ed="P" unit="para"/>τὰ μὲν οὖν τῆς ἄλλης χώρας φύσει τε οὕτως εἶχε, καὶ διεκεκόσμητο ὡς εἰκὸς ὑπὸ γεωργῶν μὲν ἀληθινῶν καὶ πραττόντων αὐτὸ τοῦτο, φιλοκάλων δὲ καὶ εὐφυῶν, γῆν δὲ ἀρίστην καὶ ὕδωρ ἀφθονώτατον ἐχόντων καὶ ὑπὲρ τῆς γῆς ὥρας μετριώτατα κεκραμένας· τὸ δʼ ἄστυ κατῳκισμένον ὧδʼ ἦν ἐν τῷ τότε χρόνῳ.</said></p></div>
				
	<div type="textpart" subtype="section" resp="perseus" n="112">
	<p><said who="#Κριτίας" rend="merge"><label>ΚΡΙ.</label> πρῶτον μὲν τὸ τῆς ἀκροπόλεως εἶχε <milestone n="112" unit="page"/><milestone unit="section" resp="Stephanus" n="112a"/> τότε οὐχ ὡς τὰ νῦν ἔχει. νῦν μὲν γὰρ μία γενομένη νὺξ ὑγρὰ διαφερόντως γῆς αὐτὴν ψιλὴν περιτήξασα πεποίηκε, σεισμῶν ἅμα καὶ πρὸ τῆς ἐπὶ Δευκαλίωνος φθορᾶς τρίτου πρότερον ὕδατος ἐξαισίου γενομένου· τὸ δὲ πρὶν ἐν ἑτέρῳ χρόνῳ μέγεθος μὲν ἦν πρὸς τὸν Ἠριδανὸν καὶ τὸν Ἰλισὸν ἀποβεβηκυῖα καὶ περιειληφυῖα ἐντὸς τὴν Πύκνα καὶ τὸν Λυκαβηττὸν ὅρον ἐκ τοῦ καταντικρὺ τῆς Πυκνὸς ἔχουσα, γεώδης δʼ ἦν πᾶσα καὶ πλὴν ὀλίγον ἐπίπεδος ἄνωθεν. <milestone unit="section" resp="Stephanus" n="112b"/>  ᾠκεῖτο δὲ τὰ μὲν ἔξωθεν, ὑπʼ αὐτὰ τὰ πλάγια αὐτῆς, ὑπὸ τῶν δημιουργῶν καὶ τῶν γεωργῶν ὅσοι πλησίον ἐγεώργουν· τὰ δʼ ἐπάνω τὸ μάχιμον αὐτὸ καθʼ αὑτὸ μόνον γένος περὶ τὸ τῆς Ἀθηνᾶς Ἡφαίστου τε ἱερὸν κατῳκήκειν, οἷον μιᾶς οἰκίας κῆπον ἑνὶ περιβόλῳ προσπεριβεβλημένοι. τὰ γὰρ πρόσβορρα αὐτῆς ᾤκουν οἰκίας κοινὰς καὶ συσσίτια χειμερινὰ κατασκευασάμενοι, καὶ πάντα ὅσα πρέποντʼ ἦν τῇ κοινῇ <milestone unit="section" resp="Stephanus" n="112c"/> πολιτείᾳ διʼ οἰκοδομήσεων ὑπάρχειν αὐτῶν καὶ τῶν ἱερῶν, ἄνευ χρυσοῦ καὶ ἀργύρου—τούτοις γὰρ οὐδὲν οὐδαμόσε προσεχρῶντο, ἀλλὰ τὸ μέσον ὑπερηφανίας καὶ ἀνελευθερίας μεταδιώκοντες κοσμίας ᾠκοδομοῦντο οἰκήσεις, ἐν αἷς αὐτοί τε καὶ ἐκγόνων ἔκγονοι καταγηρῶντες ἄλλοις ὁμοίοις τὰς αὐτὰς ἀεὶ παρεδίδοσαν—τὰ δὲ πρὸς νότου, κήπους καὶ γυμνάσια συσσίτιά τε ἀνέντες οἷα θέρους, κατεχρῶντο ἐπὶ ταῦτα αὐτοῖς. κρήνη δʼ ἦν μία κατὰ τὸν τῆς νῦν ἀκροπόλεως τόπον, ἧς <milestone unit="section" resp="Stephanus" n="112d"/> ἀποσβεσθείσης ὑπὸ τῶν σεισμῶν τὰ νῦν νάματα μικρὰ κύκλῳ καταλέλειπται, τοῖς δὲ τότε πᾶσιν παρεῖχεν ἄφθονον ῥεῦμα, εὐκρὰς οὖσα πρὸς χειμῶνά τε καὶ θέρος. τούτῳ δὴ κατῴκουν τῷ σχήματι, τῶν μὲν αὑτῶν πολιτῶν φύλακες, τῶν δὲ ἄλλων Ἑλλήνων ἡγεμόνες ἑκόντων, πλῆθος δὲ διαφυλάττοντες ὅτι μάλιστα ταὐτὸν αὑτῶν εἶναι πρὸς τὸν ἀεὶ χρόνον ἀνδρῶν καὶ γυναικῶν, τὸ δυνατὸν πολεμεῖν ἤδη καὶ τὸ ἔτι, περὶ δύο <milestone unit="section" resp="Stephanus" n="112e"/> μάλιστα ὄντας μυριάδας.<milestone ed="P" unit="para"/>οὗτοι μὲν οὖν δὴ τοιοῦτοί τε ὄντες αὐτοὶ καί τινα τοιοῦτον ἀεὶ τρόπον τήν τε αὑτῶν καὶ τὴν Ἑλλάδα δίκῃ διοικοῦντες, ἐπὶ πᾶσαν Εὐρώπην καὶ Ἀσίαν κατά τε σωμάτων κάλλη καὶ κατὰ τὴν τῶν ψυχῶν παντοίαν ἀρετὴν ἐλλόγιμοί τε ἦσαν καὶ ὀνομαστότατοι πάντων τῶν τότε· τὰ δὲ δὴ τῶν ἀντιπολεμησάντων αὐτοῖς οἷα ἦν ὥς τε ἀπʼ ἀρχῆς ἐγένετο, μνήμης ἂν μὴ στερηθῶμεν ὧν ἔτι παῖδες ὄντες ἠκούσαμεν, εἰς τὸ μέσον αὐτὰ νῦν ἀποδώσομεν ὑμῖν τοῖς φίλοις εἶναι κοινά.</said></p></div> 
		
		<div type="textpart" subtype="section" resp="perseus" n="113">
		<p><said who="#Κριτίας" rend="merge"><milestone n="113" unit="page"/><milestone unit="section" resp="Stephanus" n="113a"/><label>ΚΡΙ.</label> 
		<milestone ed="P" unit="para"/>τὸ δʼ ἔτι βραχὺ πρὸ τοῦ λόγου δεῖ δηλῶσαι, μὴ πολλάκις ἀκούοντες Ἑλληνικὰ βαρβάρων ἀνδρῶν ὀνόματα θαυμάζητε· τὸ γὰρ αἴτιον αὐτῶν πεύσεσθε. Σόλων, ἅτʼ ἐπινοῶν εἰς τὴν αὑτοῦ ποίησιν καταχρήσασθαι τῷ λόγῳ, διαπυνθανόμενος τὴν τῶν ὀνομάτων δύναμιν, ηὗρεν τούς τε Αἰγυπτίους τοὺς πρώτους ἐκείνους αὐτὰ γραψαμένους εἰς τὴν αὑτῶν φωνὴν μετενηνοχότας, αὐτός τε αὖ πάλιν ἑκάστου τὴν διάνοιαν ὀνόματος <milestone unit="section" resp="Stephanus" n="113b"/> ἀναλαμβάνων εἰς τὴν ἡμετέραν ἄγων φωνὴν ἀπεγράφετο· καὶ ταῦτά γε δὴ τὰ γράμματα παρὰ τῷ πάππῳ τʼ ἦν καὶ ἔτʼ ἐστὶν παρʼ ἐμοὶ νῦν, διαμεμελέτηταί τε ὑπʼ ἐμοῦ παιδὸς ὄντος. ἂν οὖν ἀκούητε τοιαῦτα οἷα καὶ τῇδε ὀνόματα, μηδὲν ὑμῖν ἔστω θαῦμα· τὸ γὰρ αἴτιον αὐτῶν ἔχετε. μακροῦ δὲ δὴ λόγου τοιάδε τις ἦν ἀρχὴ τότε.
			<milestone ed="P" unit="para"/>καθάπερ ἐν τοῖς πρόσθεν ἐλέχθη περὶ τῆς τῶν θεῶν λήξεως, ὅτι κατενείμαντο γῆν πᾶσαν ἔνθα μὲν μείζους <milestone unit="section" resp="Stephanus" n="113c"/> λήξεις, ἔνθα δὲ καὶ ἐλάττους, ἱερὰ θυσίας τε αὑτοῖς κατασκευάζοντες, οὕτω δὴ καὶ τὴν νῆσον Ποσειδῶν τὴν Ἀτλαντίδα λαχὼν ἐκγόνους αὑτοῦ κατῴκισεν ἐκ θνητῆς γυναικὸς γεννήσας ἔν τινι τόπῳ τοιῷδε τῆς νήσου. πρὸς θαλάττης μέν, κατὰ δὲ μέσον πάσης πεδίον ἦν, ὃ δὴ πάντων πεδίων κάλλιστον ἀρετῇ τε ἱκανὸν γενέσθαι λέγεται, πρὸς τῷ πεδίῳ δὲ αὖ κατὰ μέσον σταδίους ὡς πεντήκοντα ἀφεστὸς ἦν ὄρος βραχὺ πάντῃ. τούτῳ δʼ ἦν ἔνοικος τῶν ἐκεῖ κατὰ ἀρχὰς ἐκ <milestone unit="section" resp="Stephanus" n="113d"/> γῆς ἀνδρῶν γεγονότων Εὐήνωρ μὲν ὄνομα, γυναικὶ δὲ συνοικῶν Λευκίππῃ· Κλειτὼ δὲ μονογενῆ θυγατέρα ἐγεννησάσθην. ἤδη δʼ εἰς ἀνδρὸς ὥραν ἡκούσης τῆς κόρης ἥ τε μήτηρ τελευτᾷ καὶ ὁ πατήρ, αὐτῆς δὲ εἰς ἐπιθυμίαν Ποσειδῶν ἐλθὼν συμμείγνυται, καὶ τὸν γήλοφον, ἐν ᾧ κατῴκιστο, ποιῶν εὐερκῆ περιρρήγνυσιν κύκλῳ, θαλάττης γῆς τε ἐναλλὰξ ἐλάττους μείζους τε περὶ ἀλλήλους ποιῶν τροχούς, δύο μὲν γῆς, θαλάττης δὲ τρεῖς οἷον τορνεύων ἐκ μέσης τῆς νήσου, <milestone unit="section" resp="Stephanus" n="113e"/> πάντῃ ἴσον ἀφεστῶτας, ὥστε ἄβατον ἀνθρώποις εἶναι· πλοῖα γὰρ καὶ τὸ πλεῖν οὔπω τότε ἦν. αὐτὸς δὲ τήν τε ἐν μέσῳ νῆσον οἷα δὴ θεὸς εὐμαρῶς διεκόσμησεν, ὕδατα μὲν διττὰ ὑπὸ γῆς ἄνω πηγαῖα κομίσας, τὸ μὲν θερμόν, ψυχρὸν δὲ ἐκ κρήνης ἀπορρέον ἕτερον, τροφὴν δὲ παντοίαν καὶ ἱκανὴν ἐκ τῆς γῆς ἀναδιδούς.</said></p></div>
				
				<div type="textpart" subtype="section" resp="perseus" n="114">
					<p><said who="#Κριτίας" rend="merge"><label>ΚΡΙ.</label> παίδων δὲ ἀρρένων πέντε γενέσεις διδύμους γεννησάμενος ἐθρέψατο, καὶ τὴν νῆσον τὴν Ἀτλαντίδα πᾶσαν δέκα μέρη κατανείμας τῶν μὲν πρεσβυτάτων τῷ προτέρῳ <milestone n="114" unit="page"/><milestone unit="section" resp="Stephanus" n="114a"/> γενομένῳ τήν τε μητρῴαν οἴκησιν καὶ τὴν κύκλῳ λῆξιν, πλείστην καὶ ἀρίστην οὖσαν, ἀπένειμε, βασιλέα τε τῶν ἄλλων κατέστησε, τοὺς δὲ ἄλλους ἄρχοντας, ἑκάστῳ δὲ ἀρχὴν πολλῶν ἀνθρώπων καὶ τόπον πολλῆς χώρας ἔδωκεν. ὀνόματα δὲ πᾶσιν ἔθετο, τῷ μὲν πρεσβυτάτῳ καὶ βασιλεῖ τοῦτο οὗ δὴ καὶ πᾶσα ἡ νῆσος τό τε πέλαγος ἔσχεν ἐπωνυμίαν, Ἀτλαντικὸν λεχθέν, ὅτι τοὔνομʼ ἦν τῷ πρώτῳ βασιλεύσαντι <milestone unit="section" resp="Stephanus" n="114b"/> τότε Ἄτλας· τῷ δὲ διδύμῳ μετʼ ἐκεῖνόν τε γενομένῳ, λῆξιν δὲ ἄκρας τῆς νήσου πρὸς Ἡρακλείων στηλῶν εἰληχότι ἐπὶ τὸ τῆς Γαδειρικῆς νῦν χώρας κατʼ ἐκεῖνον τὸν τόπον ὀνομαζομένης, Ἑλληνιστὶ μὲν Εὔμηλον, τὸ δʼ ἐπιχώριον Γάδειρον, ὅπερ τʼ ἦν ἐπίκλην ταύτῃ ὄνομʼ ἂ<add>ν</add> παράσχοι. τοῖν δὲ δευτέροιν γενομένοιν τὸν μὲν Ἀμφήρη, τὸν δὲ Εὐαίμονα ἐκάλεσεν· τρίτοις δέ, Μνησέα μὲν τῷ προτέρῳ γενομένῳ, <milestone unit="section" resp="Stephanus" n="114c"/> τῷ δὲ μετὰ τοῦτον Αὐτόχθονα· τῶν δὲ τετάρτων Ἐλάσιππον μὲν τὸν πρότερον, Μήστορα δὲ τὸν ὕστερον· ἐπὶ δὲ τοῖς πέμπτοις τῷ μὲν ἔμπροσθεν Ἀζάης ὄνομα ἐτέθη, τῷ δʼ ὑστέρῳ Διαπρέπης. οὗτοι δὴ πάντες αὐτοί τε καὶ ἔκγονοι τούτων ἐπὶ γενεὰς πολλὰς ᾤκουν ἄρχοντες μὲν πολλῶν ἄλλων κατὰ τὸ πέλαγος νήσων, ἔτι δέ, ὥσπερ καὶ πρότερον ἐρρήθη, μέχρι τε Αἰγύπτου καὶ Τυρρηνίας τῶν ἐντὸς δεῦρο ἐπάρχοντες. <milestone unit="section" resp="Stephanus" n="114d"/> Ἄτλαντος δὴ πολὺ μὲν ἄλλο καὶ τίμιον γίγνεται γένος, βασιλεὺς δὲ ὁ πρεσβύτατος ἀεὶ τῷ πρεσβυτάτῳ τῶν ἐκγόνων παραδιδοὺς ἐπὶ γενεὰς πολλὰς τὴν βασιλείαν διέσῳζον, πλοῦτον μὲν κεκτημένοι πλήθει τοσοῦτον, ὅσος οὔτε πω πρόσθεν ἐν δυναστείαις τισὶν βασιλέων γέγονεν οὔτε ποτὲ ὕστερον γενέσθαι ῥᾴδιος, κατεσκευασμένα δὲ πάντʼ ἦν αὐτοῖς ὅσα ἐν πόλει καὶ ὅσα κατὰ τὴν ἄλλην χώραν ἦν ἔργον κατασκευάσασθαι. πολλὰ μὲν γὰρ διὰ τὴν ἀρχὴν αὐτοῖς προσῄειν <milestone unit="section" resp="Stephanus" n="114e"/> ἔξωθεν, πλεῖστα δὲ ἡ νῆσος αὐτὴ παρείχετο εἰς τὰς τοῦ βίου κατασκευάς, πρῶτον μὲν ὅσα ὑπὸ μεταλλείας ὀρυττόμενα στερεὰ καὶ ὅσα τηκτὰ γέγονε, καὶ τὸ νῦν ὀνομαζόμενον μόνον—τότε δὲ πλέον ὀνόματος ἦν τὸ γένος ἐκ γῆς ὀρυττόμενον ὀρειχάλκου κατὰ τόπους πολλοὺς τῆς νήσου, πλὴν χρυσοῦ τιμιώτατον ἐν τοῖς τότε ὄν—καὶ ὅσα ὕλη πρὸς τὰ τεκτόνων διαπονήματα παρέχεται, πάντα φέρουσα ἄφθονα, τά τε αὖ περὶ τὰ ζῷα ἱκανῶς ἥμερα καὶ ἄγρια τρέφουσα.</said></p></div>
				
<div type="textpart" subtype="section" resp="perseus" n="115">
	<p><said who="#Κριτίας" rend="merge"><label>ΚΡΙ.</label>  καὶ δὴ καὶ ἐλεφάντων ἦν ἐν αὐτῇ γένος πλεῖστον· νομὴ γὰρ τοῖς τε ἄλλοις ζῴοις, ὅσα καθʼ ἕλη καὶ λίμνας καὶ ποταμούς, ὅσα <milestone n="115" unit="page"/><milestone unit="section" resp="Stephanus" n="115a"/> τʼ αὖ κατʼ ὄρη καὶ ὅσα ἐν τοῖς πεδίοις νέμεται, σύμπασιν παρῆν ἅδην, καὶ τούτῳ κατὰ ταὐτὰ τῷ ζῴῳ, μεγίστῳ πεφυκότι καὶ πολυβορωτάτῳ. πρὸς δὲ τούτοις, ὅσα εὐώδη τρέφει που γῆ τὰ νῦν, ῥιζῶν ἢ χλόης ἢ ξύλων ἢ χυλῶν στακτῶν εἴτε ἀνθῶν ἢ καρπῶν, ἔφερέν τε ταῦτα καὶ ἔτρεφεν εὖ· ἔτι δὲ τὸν ἥμερον καρπόν, τόν τε ξηρόν, ὃς ἡμῖν τῆς τροφῆς ἕνεκά ἐστιν, καὶ ὅσοις χάριν τοῦ σίτου προσχρώμεθα—καλοῦμεν δὲ αὐτοῦ <milestone unit="section" resp="Stephanus" n="115b"/> τὰ μέρη σύμπαντα ὄσπρια—καὶ τὸν ὅσος ξύλινος, πώματα καὶ βρώματα καὶ ἀλείμματα φέρων, παιδιᾶς τε ὃς ἕνεκα ἡδονῆς τε γέγονε δυσθησαύριστος ἀκροδρύων καρπός, ὅσα τε παραμύθια πλησμονῆς μεταδόρπια ἀγαπητὰ κάμνοντι τίθεμεν, ἅπαντα ταῦτα ἡ τότε <del>ποτὲ</del> οὖσα ὑφʼ ἡλίῳ νῆσος ἱερὰ καλά τε καὶ θαυμαστὰ καὶ πλήθεσιν ἄπειρʼ ἔφερεν. ταῦτα οὖν λαμβάνοντες πάντα παρὰ τῆς γῆς κατεσκευάζοντο τά τε <milestone unit="section" resp="Stephanus" n="115c"/> ἱερὰ καὶ τὰς βασιλικὰς οἰκήσεις καὶ τοὺς λιμένας καὶ τὰ νεώρια καὶ σύμπασαν τὴν ἄλλην χώραν, τοιᾷδʼ ἐν τάξει διακοσμοῦντες.
			
		<milestone ed="P" unit="para"/>τοὺς τῆς θαλάττης τροχούς, οἳ περὶ τὴν ἀρχαίαν ἦσαν μητρόπολιν, πρῶτον μὲν ἐγεφύρωσαν, ὁδὸν ἔξω καὶ ἐπὶ τὰ βασίλεια ποιούμενοι. τὰ δὲ βασίλεια ἐν ταύτῃ τῇ τοῦ θεοῦ καὶ τῶν προγόνων κατοικήσει κατʼ ἀρχὰς ἐποιήσαντο εὐθύς, ἕτερος δὲ παρʼ ἑτέρου δεχόμενος, κεκοσμημένα κοσμῶν, <milestone unit="section" resp="Stephanus" n="115d"/> ὑπερεβάλλετο εἰς δύναμιν ἀεὶ τὸν ἔμπροσθεν, ἕως εἰς ἔκπληξιν μεγέθεσιν κάλλεσίν τε ἔργων ἰδεῖν τὴν οἴκησιν ἀπηργάσαντο. διώρυχα μὲν γὰρ ἐκ τῆς θαλάττης ἀρχόμενοι τρίπλεθρον τὸ πλάτος, ἑκατὸν δὲ ποδῶν βάθος, μῆκος δὲ πεντήκοντα σταδίων, ἐπὶ τὸν ἐξωτάτω τροχὸν συνέτρησαν, καὶ τὸν ἀνάπλουν ἐκ τῆς θαλάττης ταύτῃ πρὸς ἐκεῖνον ὡς εἰς λιμένα ἐποιήσαντο, διελόντες στόμα ναυσὶν ταῖς μεγίσταις ἱκανὸν εἰσπλεῖν. καὶ δὴ καὶ τοὺς τῆς γῆς τροχούς, οἳ τοὺς <milestone unit="section" resp="Stephanus" n="115e"/> τῆς θαλάττης διεῖργον, κατὰ τὰς γεφύρας διεῖλον ὅσον μιᾷ τριήρει διέκπλουν εἰς ἀλλήλους, καὶ κατεστέγασαν ἄνωθεν ὥστε τὸν ὑπόπλουν κάτωθεν εἶναι· τὰ γὰρ τῶν τῆς γῆς τροχῶν χείλη βάθος εἶχεν ἱκανὸν ὑπερέχον τῆς θαλάττης. ἦν δὲ ὁ μὲν μέγιστος τῶν τροχῶν, εἰς ὃν ἡ θάλαττα συνετέτρητο, τριστάδιος τὸ πλάτος, ὁ δʼ ἑξῆς τῆς γῆς ἴσος ἐκείνῳ· τοῖν δὲ δευτέροιν ὁ μὲν ὑγρὸς δυοῖν σταδίοιν πλάτος, ὁ δὲ ξηρὸς ἴσος αὖ πάλιν τῷ πρόσθεν ὑγρῷ· σταδίου δὲ ὁ <milestone n="116" unit="page"/><milestone unit="section" resp="Stephanus" n="116a"/> περὶ αὐτὴν τὴν ἐν μέσῳ νῆσον περιθέων.</said></p></div>
	
	<div type="textpart" subtype="section" resp="perseus" n="116">
		<p><said who="#Κριτίας" rend="merge"><label>ΚΡΙ.</label> ἡ δὲ νῆσος, ἐν ᾗ τὰ βασίλεια ἦν, πέντε σταδίων τὴν διάμετρον εἶχεν. ταύτην δὴ κύκλῳ καὶ τοὺς τροχοὺς καὶ τὴν γέφυραν πλεθριαίαν τὸ πλάτος οὖσαν ἔνθεν καὶ ἔνθεν λιθίνῳ περιεβάλλοντο τείχει, πύργους καὶ πύλας ἐπὶ τῶν γεφυρῶν κατὰ τὰς τῆς θαλάττης διαβάσεις ἑκασταχόσε ἐπιστήσαντες· τὸν δὲ λίθον ἔτεμνον ὑπὸ τῆς νήσου κύκλῳ τῆς ἐν μέσῳ καὶ ὑπὸ τῶν τροχῶν ἔξωθεν καὶ ἐντός, τὸν μὲν λευκόν, τὸν δὲ μέλανα, <milestone unit="section" resp="Stephanus" n="116b"/> τὸν δὲ ἐρυθρὸν ὄντα, τέμνοντες δὲ ἅμʼ ἠργάζοντο νεωσοίκους κοίλους διπλοῦς ἐντός, κατηρεφεῖς αὐτῇ τῇ πέτρᾳ. καὶ τῶν οἰκοδομημάτων τὰ μὲν ἁπλᾶ, τὰ δὲ μειγνύντες τοὺς λίθους ποικίλα ὕφαινον παιδιᾶς χάριν, ἡδονὴν αὐτοῖς σύμφυτον ἀπονέμοντες· καὶ τοῦ μὲν περὶ τὸν ἐξωτάτω τροχὸν τείχους χαλκῷ περιελάμβανον πάντα τὸν περίδρομον, οἷον ἀλοιφῇ προσχρώμενοι, τοῦ δʼ ἐντὸς καττιτέρῳ περιέτηκον, τὸν δὲ <milestone unit="section" resp="Stephanus" n="116c"/> περὶ αὐτὴν τὴν ἀκρόπολιν ὀρειχάλκῳ μαρμαρυγὰς ἔχοντι πυρώδεις.
			
	<milestone ed="P" unit="para"/>τὰ δὲ δὴ τῆς ἀκροπόλεως ἐντὸς βασίλεια κατεσκευασμένα ὧδʼ ἦν. ἐν μέσῳ μὲν ἱερὸν ἅγιον αὐτόθι τῆς τε Κλειτοῦς καὶ τοῦ Ποσειδῶνος ἄβατον ἀφεῖτο, περιβόλῳ χρυσῷ περιβεβλημένον, τοῦτʼ ἐν ᾧ κατʼ ἀρχὰς ἐφίτυσαν καὶ ἐγέννησαν τὸ τῶν δέκα βασιλειδῶν γένος· ἔνθα καὶ κατʼ ἐνιαυτὸν ἐκ πασῶν τῶν δέκα λήξεων ὡραῖα αὐτόσε ἀπετέλουν ἱερὰ ἐκείνων ἑκάστῳ. τοῦ δὲ Ποσειδῶνος αὐτοῦ νεὼς ἦν, σταδίου <milestone unit="section" resp="Stephanus" n="116d"/> μὲν μῆκος, εὖρος δὲ τρίπλεθρος, ὕψος δʼ ἐπὶ τούτοις σύμμετρον ἰδεῖν, εἶδος δέ τι βαρβαρικὸν ἔχοντος. πάντα δὲ ἔξωθεν περιήλειψαν τὸν νεὼν ἀργύρῳ, πλὴν τῶν ἀκρωτηρίων, τὰ δὲ ἀκρωτήρια χρυσῷ· τὰ δʼ ἐντός, τὴν μὲν ὀροφὴν ἐλεφαντίνην ἰδεῖν πᾶσαν χρυσῷ καὶ ἀργύρῳ καὶ ὀρειχάλκῳ πεποικιλμένην, τὰ δὲ ἄλλα πάντα τῶν τοίχων τε καὶ κιόνων καὶ ἐδάφους ὀρειχάλκῳ περιέλαβον. χρυσᾶ δὲ ἀγάλματα ἐνέστησαν, τὸν μὲν θεὸν ἐφʼ ἅρματος ἑστῶτα ἓξ ὑποπτέρων <milestone unit="section" resp="Stephanus" n="116e"/> ἵππων ἡνίοχον, αὐτόν τε ὑπὸ μεγέθους τῇ κορυφῇ τῆς ὀροφῆς ἐφαπτόμενον, Νηρῇδας δὲ ἐπὶ δελφίνων ἑκατὸν κύκλῳ— τοσαύτας γὰρ ἐνόμιζον αὐτὰς οἱ τότε εἶναι—πολλὰ δʼ ἐντὸς ἄλλα ἀγάλματα ἰδιωτῶν ἀναθήματα ἐνῆν. περὶ δὲ τὸν νεὼν ἔξωθεν εἰκόνες ἁπάντων ἕστασαν ἐκ χρυσοῦ, τῶν γυναικῶν καὶ αὐτῶν ὅσοι τῶν δέκα ἐγεγόνεσαν βασιλέων, καὶ πολλὰ ἕτερα ἀναθήματα μεγάλα τῶν τε βασιλέων καὶ ἰδιωτῶν ἐξ αὐτῆς τε τῆς πόλεως καὶ τῶν ἔξωθεν ὅσων ἐπῆρχον.</said></p></div>
	
	<div type="textpart" subtype="section" resp="perseus" n="117">
		<p><said who="#Κριτίας" rend="merge"><label>ΚΡΙ.</label> βωμός <milestone n="117" unit="page"/><milestone unit="section" resp="Stephanus" n="117a"/> τε δὴ συνεπόμενος ἦν τὸ μέγεθος καὶ τὸ τῆς ἐργασίας ταύτῃ τῇ κατασκευῇ, καὶ τὰ βασίλεια κατὰ τὰ αὐτὰ πρέποντα μὲν τῷ τῆς ἀρχῆς μεγέθει, πρέποντα δὲ τῷ περὶ τὰ ἱερὰ κόσμῳ. ταῖς δὲ δὴ κρήναις, τῇ τοῦ ψυχροῦ καὶ τῇ τοῦ θερμοῦ νάματος, πλῆθος μὲν ἄφθονον ἐχούσαις, ἡδονῇ δὲ καὶ ἀρετῇ τῶν ὑδάτων πρὸς ἑκατέρου τὴν χρῆσιν θαυμαστοῦ πεφυκότος, ἐχρῶντο περιστήσαντες οἰκοδομήσεις καὶ δένδρων φυτεύσεις πρεπούσας <milestone unit="section" resp="Stephanus" n="117b"/> ὕδασι, δεξαμενάς τε αὖ τὰς μὲν ὑπαιθρίους, τὰς δὲ χειμερινὰς τοῖς θερμοῖς λουτροῖς ὑποστέγους περιτιθέντες, χωρὶς μὲν βασιλικάς, χωρὶς δὲ ἰδιωτικάς, ἔτι δὲ γυναιξὶν ἄλλας καὶ ἑτέρας ἵπποις καὶ τοῖς ἄλλοις ὑποζυγίοις, τὸ πρόσφορον τῆς κοσμήσεως ἑκάστοις ἀπονέμοντες. τὸ δὲ ἀπορρέον ἦγον ἐπὶ τὸ τοῦ Ποσειδῶνος ἄλσος, δένδρα παντοδαπὰ κάλλος ὕψος τε δαιμόνιον ὑπʼ ἀρετῆς τῆς γῆς ἔχοντα, καὶ ἐπὶ τοὺς ἔξω κύκλους διʼ ὀχετῶν κατὰ τὰς γεφύρας <milestone unit="section" resp="Stephanus" n="117c"/> ἐπωχέτευον· οὗ δὴ πολλὰ μὲν ἱερὰ καὶ πολλῶν θεῶν, πολλοὶ δὲ κῆποι καὶ πολλὰ γυμνάσια ἐκεχειρούργητο, τὰ μὲν ἀνδρῶν, τὰ δὲ ἵππων χωρὶς ἐν ἑκατέρᾳ τῇ τῶν τροχῶν νήσῳ, τά τε ἄλλα καὶ κατὰ μέσην τὴν μείζω τῶν νήσων ἐξῃρημένος ἱππόδρομος ἦν αὐτοῖς, σταδίου τὸ πλάτος ἔχων, τὸ δὲ μῆκος περὶ τὸν κύκλον ὅλον ἀφεῖτο εἰς ἅμιλλαν τοῖς ἵπποις. δορυφορικαὶ δὲ περὶ αὐτὸν ἔνθεν τε καὶ ἔνθεν οἰκήσεις ἦσαν <milestone unit="section" resp="Stephanus" n="117d"/> τῷ πλήθει τῶν δορυφόρων· τοῖς δὲ πιστοτέροις ἐν τῷ μικροτέρῳ τροχῷ καὶ πρὸς τῆς ἀκροπόλεως μᾶλλον ὄντι διετέτακτο ἡ φρουρά, τοῖς δὲ πάντων διαφέρουσιν πρὸς πίστιν ἐντὸς τῆς ἀκροπόλεως περὶ τοὺς βασιλέας αὐτοὺς ἦσαν οἰκήσεις δεδομέναι. τὰ δὲ νεώρια τριήρων μεστὰ ἦν καὶ σκευῶν ὅσα τριήρεσιν προσήκει, πάντα δὲ ἐξηρτυμένα ἱκανῶς. καὶ τὰ μὲν δὴ περὶ τὴν τῶν βασιλέων οἴκησιν οὕτω κατεσκεύαστο· διαβάντι δὲ τοὺς λιμένας ἔξω τρεῖς ὄντας ἀρξάμενον ἀπὸ <milestone unit="section" resp="Stephanus" n="117e"/> τῆς θαλάττης ᾔειν ἐν κύκλῳ τεῖχος, πεντήκοντα σταδίους τοῦ μεγίστου τροχοῦ τε καὶ λιμένος ἀπέχον πανταχῇ, καὶ συνέκλειεν εἰς ταὐτὸν πρὸς τὸ τῆς διώρυχος στόμα τὸ πρὸς θαλάττης. τοῦτο δὴ πᾶν συνῳκεῖτο μὲν ὑπὸ πολλῶν καὶ πυκνῶν οἰκήσεων, ὁ δὲ ἀνάπλους καὶ ὁ μέγιστος λιμὴν ἔγεμεν πλοίων καὶ ἐμπόρων ἀφικνουμένων πάντοθεν, φωνὴν καὶ θόρυβον παντοδαπὸν κτύπον τε μεθʼ ἡμέραν καὶ διὰ νυκτὸς ὑπὸ πλήθους παρεχομένων.</said></p></div>
			
	<div type="textpart" subtype="section" resp="perseus" n="118">
		<p><said who="#Κριτίας" rend="merge"><label>ΚΡΙ.</label> 
			<milestone ed="P" unit="para"/>τὸ μὲν οὖν ἄστυ καὶ τὸ περὶ τὴν ἀρχαίαν οἴκησιν σχεδὸν ὡς τότʼ ἐλέχθη νῦν διεμνημόνευται· τῆς δʼ ἄλλης χώρας <milestone n="118" unit="page"/><milestone unit="section" resp="Stephanus" n="118a"/>ὡς ἡ φύσις εἶχεν καὶ τὸ τῆς διακοσμήσεως εἶδος, ἀπομνημονεῦσαι πειρατέον. πρῶτον μὲν οὖν ὁ τόπος ἅπας ἐλέγετο σφόδρα τε ὑψηλὸς καὶ ἀπότομος ἐκ θαλάττης, τὸ δὲ περὶ τὴν πόλιν πᾶν πεδίον, ἐκείνην μὲν περιέχον, αὐτὸ δὲ κύκλῳ περιεχόμενον ὄρεσιν μέχρι πρὸς τὴν θάλατταν καθειμένοις, λεῖον καὶ ὁμαλές, πρόμηκες δὲ πᾶν, ἐπὶ μὲν θάτερα τρισχιλίων σταδίων, κατὰ δὲ μέσον ἀπὸ θαλάττης ἄνω δισχιλίων. <milestone unit="section" resp="Stephanus" n="118b"/> ὁ δὲ τόπος οὗτος ὅλης τῆς νήσου πρὸς νότον ἐτέτραπτο, ἀπὸ τῶν ἄρκτων κατάβορρος. τὰ δὲ περὶ αὐτὸν ὄρη τότε ὑμνεῖτο πλῆθος καὶ μέγεθος καὶ κάλλος παρὰ πάντα τὰ νῦν ὄντα γεγονέναι, πολλὰς μὲν κώμας καὶ πλουσίας περιοίκων ἐν ἑαυτοῖς ἔχοντα, ποταμοὺς δὲ καὶ λίμνας καὶ λειμῶνας τροφὴν τοῖς πᾶσιν ἡμέροις καὶ ἀγρίοις ἱκανὴν θρέμμασιν, ὕλην δὲ καὶ πλήθει καὶ γένεσι ποικίλην σύμπασίν τε τοῖς ἔργοις καὶ πρὸς ἕκαστα ἄφθονον. ὧδε οὖν τὸ πεδίον φύσει <milestone unit="section" resp="Stephanus" n="118c"/> καὶ ὑπὸ βασιλέων πολλῶν ἐν πολλῷ χρόνῳ διεπεπόνητο. τετράγωνον μὲν αὔθʼ ὑπῆρχεν τὰ πλεῖστʼ ὀρθὸν καὶ πρόμηκες, ὅτι δὲ ἐνέλειπε, κατηύθυντο τάφρου κύκλῳ περιορυχθείσης· τὸ δὲ βάθος καὶ πλάτος τό τε μῆκος αὐτῆς ἄπιστον μὲν λεχθέν, ὡς χειροποίητον ἔργον, πρὸς τοῖς ἄλλοις διαπονήμασι τοσοῦτον εἶναι, ῥητέον δὲ ὅ γε ἠκούσαμεν· πλέθρου μὲν γὰρ βάθος ὀρώρυκτο, τὸ δὲ πλάτος ἁπάντῃ σταδίου, <milestone unit="section" resp="Stephanus" n="118d"/> περὶ δὲ πᾶν τὸ πεδίον ὀρυχθεῖσα συνέβαινεν εἶναι τὸ μῆκος σταδίων μυρίων. τὰ δʼ ἐκ τῶν ὀρῶν καταβαίνοντα ὑποδεχομένη ῥεύματα καὶ περὶ τὸ πεδίον κυκλωθεῖσα, πρὸς τὴν πόλιν ἔνθεν τε καὶ ἔνθεν ἀφικομένη, ταύτῃ πρὸς θάλατταν μεθεῖτο ἐκρεῖν. ἄνωθεν δὲ ἀπʼ αὐτῆς τὸ πλάτος μάλιστα ἑκατὸν ποδῶν διώρυχες εὐθεῖαι τετμημέναι κατὰ τὸ πεδίον πάλιν εἰς τὴν τάφρον τὴν πρὸς θαλάττης ἀφεῖντο, ἑτέρα δὲ ἀφʼ ἑτέρας αὐτῶν σταδίους ἑκατὸν ἀπεῖχεν· ᾗ δὴ τήν <milestone unit="section" resp="Stephanus" n="118e"/> τε ἐκ τῶν ὀρῶν ὕλην κατῆγον εἰς τὸ ἄστυ καὶ τἆλλα δὲ ὡραῖα πλοίοις κατεκομίζοντο, διάπλους ἐκ τῶν διωρύχων εἰς ἀλλήλας τε πλαγίας καὶ πρὸς τὴν πόλιν τεμόντες. καὶ δὶς δὴ τοῦ ἐνιαυτοῦ τὴν γῆν ἐκαρποῦντο, χειμῶνος μὲν τοῖς ἐκ Διὸς ὕδασι χρώμενοι, θέρους δὲ ὅσα γῆ φέρει τὰ ἐκ τῶν διωρύχων ἐπάγοντες νάματα.</said></p></div>
	
	<div type="textpart" subtype="section" resp="perseus" n="119">
		<p><said who="#Κριτίας" rend="merge"><label>ΚΡΙ.</label> πλῆθος δέ, τῶν μὲν ἐν τῷ πεδίῳ χρησίμων πρὸς πόλεμον ἀνδρῶν ἐτέτακτο τὸν <milestone n="119" unit="page"/><milestone unit="section" resp="Stephanus" n="119a"/> κλῆρον ἕκαστον παρέχειν ἄνδρα ἡγεμόνα, τὸ δὲ τοῦ κλήρου μέγεθος εἰς δέκα δεκάκις ἦν στάδια, μυριάδες δὲ συμπάντων τῶν κλήρων ἦσαν ἕξ· τῶν δʼ ἐκ τῶν ὀρῶν καὶ τῆς ἄλλης χώρας ἀπέραντος μὲν ἀριθμὸς ἀνθρώπων ἐλέγετο, κατὰ δὲ τόπους καὶ κώμας εἰς τούτους τοὺς κλήρους πρὸς τοὺς ἡγεμόνας ἅπαντες διενενέμηντο. τὸν οὖν ἡγεμόνα ἦν τεταγμένον εἰς τὸν πόλεμον παρέχειν ἕκτον μὲν ἅρματος πολεμιστηρίου μόριον εἰς μύρια ἅρματα, ἵππους δὲ δύο καὶ <milestone unit="section" resp="Stephanus" n="119b"/> ἀναβάτας, ἔτι δὲ συνωρίδα χωρὶς δίφρου καταβάτην τε μικράσπιδα καὶ τὸν ἀμφοῖν μετʼ ἐπιβάτην τοῖν ἵπποιν ἡνίοχον ἔχουσαν, ὁπλίτας δὲ δύο καὶ τοξότας σφενδονήτας τε ἑκατέρους δύο, γυμνῆτας δὲ λιθοβόλους καὶ ἀκοντιστὰς τρεῖς ἑκατέρους, ναύτας δὲ τέτταρας εἰς πλήρωμα διακοσίων καὶ χιλίων νεῶν. τὰ μὲν οὖν πολεμιστήρια οὕτω διετέτακτο τῆς βασιλικῆς πόλεως, τῶν δὲ ἐννέα ἄλλα ἄλλως, ἃ μακρὸς ἂν χρόνος εἴη λέγειν. <milestone unit="section" resp="Stephanus" n="119c"/>  
		<milestone ed="P" unit="para"/>τὰ δὲ τῶν ἀρχῶν καὶ τιμῶν ὧδʼ εἶχεν ἐξ ἀρχῆς διακοσμηθέντα. τῶν δέκα βασιλέων εἷς ἕκαστος ἐν μὲν τῷ καθʼ αὑτὸν μέρει κατὰ τὴν αὑτοῦ πόλιν τῶν ἀνδρῶν καὶ τῶν πλείστων νόμων ἦρχεν, κολάζων καὶ ἀποκτεινὺς ὅντινʼ ἐθελήσειεν· ἡ δὲ ἐν ἀλλήλοις ἀρχὴ καὶ κοινωνία κατὰ ἐπιστολὰς ἦν τὰς τοῦ Ποσειδῶνος, ὡς ὁ νόμος αὐτοῖς παρέδωκεν καὶ γράμματα ὑπὸ τῶν πρώτων ἐν στήλῃ γεγραμμένα <milestone unit="section" resp="Stephanus" n="119d"/> ὀρειχαλκίνῃ, ἣ κατὰ μέσην τὴν νῆσον ἔκειτʼ ἐν ἱερῷ Ποσειδῶνος, οἷ δὴ διʼ ἐνιαυτοῦ πέμπτου, τοτὲ δὲ ἐναλλὰξ ἕκτου, συνελέγοντο, τῷ τε ἀρτίῳ καὶ τῷ περιττῷ μέρος ἴσον ἀπονέμοντες, συλλεγόμενοι δὲ περί τε τῶν κοινῶν ἐβουλεύοντο καὶ ἐξήταζον εἴ τίς τι παραβαίνοι, καὶ ἐδίκαζον. ὅτε δὲ δικάζειν μέλλοιεν, πίστεις ἀλλήλοις τοιάσδε ἐδίδοσαν πρότερον. ἀφέτων ὄντων ταύρων ἐν τῷ τοῦ Ποσειδῶνος ἱερῷ, μόνοι γιγνόμενοι δέκα ὄντες, ἐπευξάμενοι τῷ θεῷ τὸ κεχαρισμένον <milestone unit="section" resp="Stephanus" n="119e"/> αὐτῷ θῦμα ἑλεῖν, ἄνευ σιδήρου ξύλοις καὶ βρόχοις ἐθήρευον, ὃν δὲ ἕλοιεν τῶν ταύρων, πρὸς τὴν στήλην προσαγαγόντες κατὰ κορυφὴν αὐτῆς ἔσφαττον κατὰ τῶν γραμμάτων. ἐν δὲ τῇ στήλῃ πρὸς τοῖς νόμοις ὅρκος ἦν μεγάλας ἀρὰς ἐπευχόμενος τοῖς ἀπειθοῦσιν.</said></p></div>
	
	<div type="textpart" subtype="section" resp="perseus" n="120">
		<p><said who="#Κριτίας" rend="merge"><label>ΚΡΙ.</label> ὅτʼ οὖν κατὰ τοὺς <milestone n="120" unit="page"/><milestone unit="section" resp="Stephanus" n="120a"/> αὑτῶν νόμους θύσαντες καθαγίζοιεν πάντα τοῦ ταύρου τὰ μέλη, κρατῆρα κεράσαντες ὑπὲρ ἑκάστου θρόμβον ἐνέβαλλον αἵματος, τὸ δʼ ἄλλʼ εἰς τὸ πῦρ ἔφερον, περικαθήραντες τὴν στήλην· μετὰ δὲ τοῦτο χρυσαῖς φιάλαις ἐκ τοῦ κρατῆρος ἀρυτόμενοι, κατὰ τοῦ πυρὸς σπένδοντες ἐπώμνυσαν δικάσειν τε κατὰ τοὺς ἐν τῇ στήλῃ νόμους καὶ κολάσειν εἴ τίς τι πρότερον παραβεβηκὼς εἴη, τό τε αὖ μετὰ τοῦτο μηδὲν τῶν γραμμάτων ἑκόντες παραβήσεσθαι, μηδὲ ἄρξειν μηδὲ ἄρχοντι <milestone unit="section" resp="Stephanus" n="120b"/> πείσεσθαι πλὴν κατὰ τοὺς τοῦ πατρὸς ἐπιτάττοντι νόμους. ταῦτα ἐπευξάμενος ἕκαστος αὐτῶν αὑτῷ καὶ τῷ ἀφʼ αὑτοῦ γένει, πιὼν καὶ ἀναθεὶς τὴν φιάλην εἰς τὸ ἱερὸν τοῦ θεοῦ, περὶ τὸ δεῖπνον καὶ τἀναγκαῖα διατρίψας, ἐπειδὴ γίγνοιτο σκότος καὶ τὸ πῦρ ἐψυγμένον τὸ περὶ τὰ θύματα εἴη, πάντες οὕτως ἐνδύντες ὅτι καλλίστην κυανῆν στολήν, ἐπὶ τὰ τῶν ὁρκωμοσίων καύματα χαμαὶ καθίζοντες, νύκτωρ, <milestone unit="section" resp="Stephanus" n="120c"/> πᾶν τὸ περὶ τὸ ἱερὸν ἀποσβεννύντες πῦρ, ἐδικάζοντό τε καὶ ἐδίκαζον εἴ τίς τι παραβαίνειν αὐτῶν αἰτιῷτό τινα· δικάσαντες δέ, τὰ δικασθέντα, ἐπειδὴ φῶς γένοιτο, ἐν χρυσῷ πίνακι γράψαντες μετὰ τῶν στολῶν μνημεῖα ἀνετίθεσαν. νόμοι δὲ πολλοὶ μὲν ἄλλοι περὶ τὰ γέρα τῶν βασιλέων ἑκάστων ἦσαν ἴδιοι, τὰ δὲ μέγιστα, μήτε ποτὲ ὅπλα ἐπʼ ἀλλήλους οἴσειν βοηθήσειν τε πάντας, ἄν πού τις αὐτῶν ἔν τινι πόλει τὸ βασιλικὸν καταλύειν ἐπιχειρῇ γένος, κοινῇ <milestone unit="section" resp="Stephanus" n="120d"/> δέ, καθάπερ οἱ πρόσθεν, βουλευόμενοι τὰ δόξαντα περὶ πολέμου καὶ τῶν ἄλλων πράξεων, ἡγεμονίαν ἀποδιδόντες τῷ Ἀτλαντικῷ γένει. θανάτου δὲ τὸν βασιλέα τῶν συγγενῶν μηδενὸς εἶναι κύριον, ὃν ἂν μὴ τῶν δέκα τοῖς ὑπὲρ ἥμισυ δοκῇ.
		<milestone ed="P" unit="para"/>ταύτην δὴ τοσαύτην καὶ τοιαύτην δύναμιν ἐν ἐκείνοις τότε οὖσαν τοῖς τόποις ὁ θεὸς ἐπὶ τούσδε αὖ τοὺς τόπους συντάξας ἐκόμισεν ἔκ τινος τοιᾶσδε, ὡς λόγος, προφάσεως. <milestone unit="section" resp="Stephanus" n="120e"/> ἐπὶ πολλὰς μὲν γενεάς, μέχριπερ ἡ τοῦ θεοῦ φύσις αὐτοῖς ἐξήρκει, κατήκοοί τε ἦσαν τῶν νόμων καὶ πρὸς τὸ συγγενὲς θεῖον φιλοφρόνως εἶχον·</said></p></div>
	
	<div type="textpart" subtype="section" resp="perseus" n="121">
		<p><said who="#Κριτίας" rend="merge"><label>ΚΡΙ.</label> τὰ γὰρ φρονήματα ἀληθινὰ καὶ πάντῃ μεγάλα ἐκέκτηντο, πρᾳότητι μετὰ φρονήσεως πρός τε τὰς ἀεὶ συμβαινούσας τύχας καὶ πρὸς ἀλλήλους χρώμενοι, διὸ πλὴν ἀρετῆς πάντα ὑπερορῶντες μικρὰ ἡγοῦντο <milestone n="121" unit="page"/><milestone unit="section" resp="Stephanus" n="121a"/> τὰ παρόντα καὶ ῥᾳδίως ἔφερον οἷον ἄχθος τὸν τοῦ χρυσοῦ τε καὶ τῶν ἄλλων κτημάτων ὄγκον, ἀλλʼ οὐ μεθύοντες ὑπὸ τρυφῆς διὰ πλοῦτον ἀκράτορες αὑτῶν ὄντες ἐσφάλλοντο, νήφοντες δὲ ὀξὺ καθεώρων ὅτι καὶ ταῦτα πάντα ἐκ φιλίας τῆς κοινῆς μετʼ ἀρετῆς αὐξάνεται, τῇ δὲ τούτων σπουδῇ καὶ τιμῇ φθίνει ταῦτά τε αὐτὰ κἀκείνη συναπόλλυται τούτοις. ἐκ δὴ λογισμοῦ τε τοιούτου καὶ φύσεως θείας παραμενούσης πάντʼ αὐτοῖς ηὐξήθη ἃ πρὶν διήλθομεν. ἐπεὶ δʼ ἡ τοῦ θεοῦ μὲν μοῖρα ἐξίτηλος ἐγίγνετο ἐν αὐτοῖς πολλῷ τῷ θνητῷ καὶ <milestone unit="section" resp="Stephanus" n="121b"/> πολλάκις ἀνακεραννυμένη, τὸ δὲ ἀνθρώπινον ἦθος ἐπεκράτει, τότε ἤδη τὰ παρόντα φέρειν ἀδυνατοῦντες ἠσχημόνουν, καὶ τῷ δυναμένῳ μὲν ὁρᾶν αἰσχροὶ κατεφαίνοντο, τὰ κάλλιστα ἀπὸ τῶν τιμιωτάτων ἀπολλύντες, τοῖς δὲ ἀδυνατοῦσιν ἀληθινὸν πρὸς εὐδαιμονίαν βίον ὁρᾶν τότε δὴ μάλιστα πάγκαλοι μακάριοί τε ἐδοξάζοντο εἶναι, πλεονεξίας ἀδίκου καὶ δυνάμεως ἐμπιμπλάμενοι. θεὸς δὲ ὁ θεῶν Ζεὺς ἐν νόμοις βασιλεύων, ἅτε δυνάμενος καθορᾶν τὰ τοιαῦτα, ἐννοήσας γένος ἐπιεικὲς ἀθλίως διατιθέμενον, δίκην αὐτοῖς <milestone unit="section" resp="Stephanus" n="121c"/> ἐπιθεῖναι βουληθείς, ἵνα γένοιντο ἐμμελέστεροι σωφρονισθέντες, συνήγειρεν θεοὺς πάντας εἰς τὴν τιμιωτάτην αὐτῶν οἴκησιν, ἣ δὴ κατὰ μέσον παντὸς τοῦ κόσμου βεβηκυῖα καθορᾷ πάντα ὅσα γενέσεως μετείληφεν, καὶ συναγείρας εἶπεν—<gap reason="lost"/></said></p></div>
		</div>
		</body>
	</text>

</TEI>