<?xml version="1.0" encoding="UTF-8"?><TEI.2>
<teiHeader>
<fileDesc>
<titleStmt>
<title>Lacaenarum Apophthegmata</title>
<title type="sub">Machine readable text</title>
<author n="Plut.">Plutarch</author>
<editor role="editor" n="Teubner">Gregorius N.
            Bernardakis</editor>
<sponsor>Perseus Project, Tufts University</sponsor>
<principal>Gregory Crane</principal>
<respStmt>
<resp>Prepared under the supervision of</resp>
<name>Lisa Cerrato</name>
<name>William Merrill</name>
<name>Elli Mylonas</name>
<name>David Smith</name>
</respStmt>
<funder n="org:NEH">The National Endowment for the Humanities</funder>
</titleStmt>
<extent/>
<publicationStmt>
<publisher>Trustees of Tufts University</publisher>
<pubPlace>Medford, MA</pubPlace>
<authority>Perseus Project</authority>
</publicationStmt>
<sourceDesc>
<biblStruct>
<analytic/>
<monogr>
<author>Plutarch</author>
<title>Moralia</title>
<editor role="editor">Gregorius N. Bernardakis</editor>
<imprint>
<pubPlace>Leipzig</pubPlace>
<publisher>Teubner</publisher>
<date>1889</date>
</imprint>
<biblScope type="volume">2</biblScope>
</monogr>
</biblStruct>
</sourceDesc>
</fileDesc>
<encodingDesc>
<editorialDecl>
<correction method="silent">
<p>optical character recognition</p>
</correction>
</editorialDecl>
<refsDecl doctype="TEI.2">
<state unit="chapter" delim="."/>
<state unit="section"/>
</refsDecl>
<refsDecl doctype="TEI.2">
<state unit="stephpage" n="chunk"/>
</refsDecl>
</encodingDesc>
<profileDesc>
<langUsage>
<language id="greek">Greek</language>
<language id="eng">English</language>
</langUsage>
</profileDesc>
<revisionDesc>
<change>
<date>5/10</date>
<respStmt>
<name>RS</name>
<resp/>
</respStmt>
<item>tagged and parsed</item>
</change>
</revisionDesc>
</teiHeader>
<text>
<body>
<pb id="v.2.p.191"/>
<div1 type="chapter">
<milestone unit="stephpage" id="stephpage-240c" n="240c"/>
<head>Ἀργιλεωνίδος</head>
<div2 type="section" n="1">
<p>Ἀργιλεωνὶς ἡ Βρασίδου μήτηρ, τελευτήσαντος αὐτῇ τοῦ υἱοῦ, ὼς;
                  παραγενόμενοί τινες τῶν Ἀμφιπολιτῶν εἰς Σπάρτην ἧκον πρὸς αὐτήν,
                  ἠρώτησεν εἰ καλῶς καὶ ἀξίως τῆς Σπάρτης ὁ υἱὸς ἐτελεύτα·
<milestone unit="tlnum" n="5"/> μεγαλυνόντων δʼ ἐκείνων <note resp="ed" place="unspecified" anchored="yes">
<foreign lang="greek">ἐκείνων</foreign> *: <foreign lang="greek">ἐκεῖνον</foreign> cf. p. 219d</note> καὶ λεγόντων ἄριστον ἐν
                  τοῖς τοιούτοις ἔργοις ἁπάντων Λακεδαιμονίων εἶναι, εἶπεν “ὦ
                     ξένοι, καλὸς μὲν ἦν κἀγαθὸς ὁ παῖς μου,
<milestone unit="stephpage" id="stephpage-240d" n="240d"/> πολλοὺς δʼ ἄνδρας Λακεδαίμων ἔχει
                     τήνου κάρρονας.” </p>
</div2>
</div1>
<div1 type="chapter">
<head>Γοροῦς</head>
<div2 type="section" n="1">
<p>Γοργὼ βασιλέως Κλεομένους θυγάτηρ, Ἀρισταγόρου
<milestone unit="tlnum" n="10"/> τοῦ Μιλησίου παρακαλοῦντος αὐτὸν ἐπὶ τὸν πρὸς βασιλέα
                  πόλεμον ὑπὲρ Ἰώνων καὶ ὑπισχνουμένου χρημάτων πλῆθος καὶ ὅσῳ
                  ἀντέλεγε πλείονα προστιθέντος, “καταφθερεῖ σε” ἔφη “ὦ πάτερ τὸ
                     ξενύλλιον, ἐὰν μὴ τάχιον αὐτὸν τῆς οἰκίας ἐκβάλῃς.” </p>
</div2>
<milestone unit="tlnum" n="15"/>
<div2 type="section" n="2">
<p>προστάξαντος δέ ποτε αὐτῇ τοῦ πατρὸς δοῦναί τινι σῖτον εἰς μισθοῦ
                  λόγον, καὶ προστιθέντος <pb id="v.2.p.192"/> “ἐδίδαξε γάρ με τὸν οἶνον χρηστὸν ποιεῖν,” “οὐκοῦν,
<milestone unit="stephpage" id="stephpage-240e" n="240e"/> ὦ
                     πάτερ” ἔφη “ὃ τʼ οἶνος πλείων ἐκποθήσεται καὶ οἱ πίνοντες
                     θρυπτικώτεροι καὶ χείρονες ἔσονται.” </p>
</div2>
<div2 type="section" n="3">
<p>τὸν δʼ Ἀρισταγόραν ὑπό τινος τῶν οἰκετῶν
<milestone unit="tlnum" n="5"/>
                  ὑποδούμενον θεασαμένη “πάτερ” ἔφη “ὁ ξένος χεῖρας οὐκ ἔχει.” </p>
</div2>
<div2 type="section" n="4">
<p>ξένου δέ τινος μαλακῶς καὶ <note resp="ed" place="unspecified" anchored="yes">
<foreign lang="greek">καὶ</foreign> X. Mihi <foreign lang="greek">μαλακῶς</foreign> glossema vid.</note> σχολῇ προσάγοντος, <note resp="ed" place="unspecified" anchored="yes">
<foreign lang="greek">προσάγοντος</foreign> *: <foreign lang="greek">προσαγαγόντος</foreign>
</note> παρωσαμένη αὐτὸν “οὐκ
                  ἄπει ἐντεῦθεν” εἶπεν “οὐδὲ <note resp="ed" place="unspecified" anchored="yes">
<foreign lang="greek">οὐδὲ</foreign> *: <foreign lang="greek">οὔτε</foreign>
</note> τὰ τῆς γυναικὸς δυνάμενος;ʼ” </p>
</div2>
<div2 type="section" n="5">
<milestone unit="tlnum" n="10"/>
<p>ἐρωτηθεῖσα δὲ ὑπό τινος Ἀττικῆς “διὰ τί ὑμεῖς ἄρχετε μόναι τῶν
                  ἀνδρῶν αἱ Λάκαιναι;” <note resp="ed" place="unspecified" anchored="yes">
<foreign lang="greek">Λάκαιναι</foreign> *: <foreign lang="greek">λάκωναι</foreign>
</note> “ὅτι” ἔφη “καί τίκτομεν μόναι ἄνδρας.” </p>
</div2>
<div2 type="section" n="6">
<p>Προτρεπομένη δὲ τὸν ἄνδρα Λεωνίδαν ἐξιόντα εἰς Θερμοπύλας ἄξιον
                  τῆς Σπάρτης φανῆναι,
<milestone unit="tlnum" n="15"/> ἠρώτα τί χρὴ
                  πράττειν· ὁ δὲ ἔφη “ἀγαθὸν γαμεῖν καὶ ἀγαθά τίκτειν.” </p>
</div2>
</div1>
<div1 type="chapter">
<head>Γυρτιάδος</head>
<div2 type="section" n="1">
<p>Γυρτιάς, Ἀκροτάτου ποτὲ τοῦ θυγατριδοῦ αὐτῆς ἔκ τινος τῶν παίδων
                  μάχης πολλὰς πληγὰς λαβόντος καὶ ἀπενεχθέντος οἴκαδε ὡς τεθνηκότος,
<milestone unit="tlnum" n="20"/> κλαιόντων τῶν οἰκείων τε καὶ γνωρίμων, “οὐ σιωπήσετε;
<milestone unit="stephpage" id="stephpage-240f" n="240f"/>” ἔφη· “ἔδειξε γὰρ οἵου αἵματος ἦν, καὶ οὐκ ἔφη δεῖν τοὺς
                     ἀγαθοὺς βοᾶν ἀλλʼ ἰατρεύεσθαι” .</p>
</div2>
<div2 type="section" n="2">
<p>ὅτε ἄγγελος ἦλθεν ἐκ Κρήτης τὸν Ἀκροτάτου θάνατον ἀπαγγέλλων, “οὐκ ἔμελλεν” ἔφη “πρὸς τοὺς
<milestone unit="tlnum" n="25"/>
                     πολεμίους ἥκων ἢ αὐτὸς ὑπʼ ἐκείνων ἀποθανεῖσθαι <pb id="v.2.p.193"/> ἢ κατακανεῖν <note resp="ed" place="unspecified" anchored="yes">
<foreign lang="greek">κατακανεῖν</foreign>] Cobetus: <foreign lang="greek">κατακάνειν</foreign>
</note> ἐκείνους; ἥδιον δʼ ἀκούειν ὅτι ἀπέθανε καὶ
                     ἑαυτῆς καὶ τῆς πόλεως ἀξίως καὶ τῶν προγόνων, ἢ εἰ ἔζη τὸν
                     ἅπαντα χρόνον κακὸς ὤν.” </p>
</div2>
</div1>
<div1 type="chapter">
<head>Δαματρίας</head>
<div2 type="section" n="1">
<p>Δαματρία τὸν υἱὸν δειλὸν καὶ ἀνάξιον ἑαυτῆς
<milestone unit="tlnum" n="5"/> ἀκούσασα, παραγενόμενον ἀνεῖλε τὸ δʼ ἐπίγραμμα ἐπʼ αὐτῆς
                  τόδε <quote rend="blockquote">
<l> τὸν παραβάντα νόμους Δαμάτριον ἔκτανε μάτηρ, </l>
<note resp="ed" place="unspecified" anchored="yes">Anthol. Pal. VII 433</note>
<l>ἁ Λακεδαιμονία τὸν Λακεδαιμόνιον. </l>
</quote>
</p>
</div2>
</div1>
<div1 type="chapter">
<head>Λακαινῶν ἀδήλων</head>
<div2 type="section" n="1">
<milestone unit="stephpage" id="stephpage-241a" n="241a"/>
<p>ἑτέρα Λάκαινα τὸν υἱὸν λιποτακτήσαντα <note resp="ed" place="unspecified" anchored="yes">
<foreign lang="greek">λιποτακτήσαντα</foreign> *: <foreign lang="greek">λειποτακτήσαντα</foreign>
</note> ὡς
<milestone unit="tlnum" n="10"/>
                  ἀνάξιον τῆς πατρίδος ἀνεῖλεν, εἰποῦσα “οὐκ ἐμὸν τὸ φίτυμα” ἐφʼ
                  ἧς τὸ ἐπίγραμμα τόδε <quote rend="blockquote">
<l> ʼἔρρε κακὸν φίτυμα διὰ σκότος, οὗ διὰ μῖσος </l>
<l>Εὐρώτας δειλαῖς μηδʼ ἐλάφοισι ῥέοι. </l>
<note resp="ed" place="unspecified" anchored="yes">Anthol. Pal. VII 433</note>
<l> ἀχρεῖον σκυλάκευμα, κακὰ μερίς, ἔρρε ποθʼ Ἅιδαν,
<milestone unit="tlnum" n="15"/>
</l>
<l> ἔρρε· τὸ μὴ Σπάρτας ἄξιον οὐδʼ ἔτεκον. </l>
</quote>
</p>
</div2>
<div2 type="section" n="2">
<p>ἄλλη ἀκούσασα τὸν υἱὸν ἐν παρατάξει πεσόντα ἔφη “δειλοὶ
                     κλαιέσθωσαν· ἐγὼ δέ σε, τέκνον, ἄδακρυς καὶ ἱλαρὰ θάπτω τὸν καὶ
                     ἐμὸν καὶ Λακεδαιμόνιον.” </p>
</div2>
<milestone unit="tlnum" n="20"/>
<div2 type="section" n="3">
<p>ἀκούσασά τις τὸν υἱὸν σεσῳσμένον καὶ πεφευγότα ἐκ τῶν πολεμίων,
                  γράφει αὐτῷ “κακὰ φάμα τευ κακκέχυται· ἢ ταύταν νῦν ἔκνιψαι ἢ μὴ
                     ἔσο. <pb id="v.2.p.194"/>” <milestone unit="stephpage" id="stephpage-241b" n="241b"/>
</p>
</div2>
<div2 type="section" n="4">
<p>ἄλλη, τῶν υἱῶν φυγόντων ἐκ μάχης καὶ παραγενομένων ὡς αὐτήν, “ποῖ” <note resp="ed" place="unspecified" anchored="yes">
<foreign lang="greek">ποῖ</foreign> *: <foreign lang="greek">ποῦ</foreign>
</note> φησὶν “ἥκετε δραπετεύσαντες, κακὰ ἀνδράποδα; ἢ δεῦρο
                     ὅθεν ἐξέδυτε καταδυσόμενοι” ἀνασυραμένη καὶ ἐπιδείξασα αὐτοῖς
<milestone unit="tlnum" n="5"/> τὴν κοιλίαν.</p>
<note resp="ed" place="unspecified" anchored="yes">
<foreign lang="greek">τὴν κοιλίαν</foreign>] om. mei. codd.</note>
</div2>
<div2 type="section" n="5">
<p>προσάγοντά τις τὸν υἱὸν θεασαμένη ἐπύθετο τί πράσσει ἡ πατρίς·
                  εἰπόντος δὲ “πάντες ἀπολώλασι,” κεραμίδα ἄρασα ἐπαφῆκεν αὐτῷ
                  καὶ ἀνεῖλεν, εἰποῦσα “σὲ οὖν κακάγγελον ἔπεμψαν ἡμῖν;ʼ” </p>
</div2>
<div2 type="section" n="6">
<milestone unit="tlnum" n="10"/>
<p>διηγουμένου τινὸς τῇ μητρὶ γενναῖον θάνατον τοῦ ἀδελφοῦ, “εἶτʼ οὐκ
                     αἰσχρόν” εἶπε “τῆς τοιαύτης συνοδίας ἀποτυχείν
<milestone unit="stephpage" id="stephpage-241c" n="241c"/>” </p>
</div2>
<div2 type="section" n="7">
<p>ἐκπέμψασά τις τοὺς υἱοὺς αὑτῆς πέντε ὄντας ἐπὶ πόλεμον, ἐν τοῖς
                  προαστείοις εἱστήκει καραδοκοῦσα
<milestone unit="tlnum" n="15"/> τί ἐκ τῆς
                  μάχης ἀποβήσοιτο· ὡς· δὲ παραγενόμενός τις πυθομένῃ ἀπήγγειλε τοὺς
                  παῖδας ἅπαντας τετελευτηκέναι, ἀλλʼ “οὐ τοῦτο ἐπυθόμην” εἶπε “κακὸν ἀνδράποδον, ἀλλὰ τί πράσσει ἡ πατρίς.” φήσαντος δὲ ὅτι
                  νικᾷ, “ἀσμένη τοίνυν” εἶπε “δέχομαι καὶ τὸν
<milestone unit="tlnum" n="20"/>τῶν παίδων θάνατον” </p>
</div2>
<div2 type="section" n="8">
<p>Θάπτουσά τις τὸν υἱόν, ὡς γραΐδιον εὐτελὲς προσελθὸν αὐτῇ “ὦ
                     γύναι τᾶς τύχασ” εἶπε, “νὴ τὼ σιὼ ἀλλὰ τᾶς καλᾶς γʼ” ἔφη· “καὶ γὰρ αὐτὸν οὗ <note resp="ed" place="unspecified" anchored="yes">
<foreign lang="greek">οὗ</foreign> *: <foreign lang="greek">ὧν</foreign>
</note> ἕνεκεν ἔτεκον, ἵνʼ ὑπὲρ τᾶς Σπάρτας
                     ἀποθάνῃ, τοῦτὸ
<milestone unit="stephpage" id="stephpage-241d" n="241d"/>
<milestone unit="tlnum" n="25"/>μοι συνέβη” </p>
</div2>
<div2 type="section" n="9">
<p>Σεμνυνομένης γυναικός τινος Ἰωνικῆς ἐπί τινι τῶν ἑαυτῆς ὑφασμάτων
                  ὄντι πολυτελεῖ, Λάκαινα ἐπιδείξασα τοὺς τέσσαρας υἱοὺς ὄντας
                  κοσμιωτάτους, <pb id="v.2.p.195"/> τοιαῦτα ἔφη δεῖ εἶναι τὰ τῆς καλῆς
                  καὶ ἀγαθῆς γυναικὸς ἔργα καὶ ἐπὶ τούτοις ἐπαίρεσθαι καὶ
                  μεγαλαυχεῖν.</p>
<note resp="ed" place="unspecified" anchored="yes">
<foreign lang="greek">καὶ μεγαλαυχεῖν</foreign>] deleverim</note>
</div2>
<div2 type="section" n="10">
<p>ἄλλη ἀκούσασα περὶ τοῦ υἱοῦ, ὡς κακῶς
<milestone unit="tlnum" n="5"/>
                  ἐπὶ τῆς ξένης ἀναστρέφοιτο, ἔγραψε “κακά τευ <note resp="ed" place="unspecified" anchored="yes">
<foreign lang="greek">τευ</foreign> Cobetus: <foreign lang="greek">τοι</foreign>
</note> φάμα κακκέχυται· ἢ
                     ταύταν <note resp="ed" place="unspecified" anchored="yes">
<foreign lang="greek">ἢ ταύταν</foreign> * <foreign lang="greek">ταύταν</foreign>
</note> ἀπόθευ ἢ μὴ ἔσο.” </p>
</div2>
<div2 type="section" n="11">
<p>παραπλησίως δὲ καὶ Χίων φυγάδες; ἐλθόντες εἰς Σπάρτην πολλὰ
                  Παιδαρήτου κατηγόρουν· μεταπεμψαμένη
<milestone unit="stephpage" id="stephpage-241e" n="241e"/> δὲ αὐτὸν ἡ μήτηρ αὐτοῦ Τελευτία καὶ
<milestone unit="tlnum" n="10"/> ἀκούσασα ὧν ἐνεκάλουν, ἐπεὶ ἐδόκει
                  αὐτῇ ἁμαρτάνειν ὁ υἱός, ἐπέστειλεν “ἁ μάτηρ Παιδαρήτῳ. ἢ
                     βελτίονα πρᾶσσε ἢ αὖθι μένε, ἀπογνοὺς τὰν ἐς Σπάρταν
                     σωτηρίαν.” </p>
</div2>
<div2 type="section" n="12">
<p>ἑτέρα ἐπʼ ἀδικήματι τῷ παιδὶ κρινομένῳ
<milestone unit="tlnum" n="15"/> “τέκνον” εἶπεν ἢ τᾶς αἰτίας; “ἢ σεαυτὸν τοῦ ζῆν <note resp="ed" place="unspecified" anchored="yes">
<foreign lang="greek">ἢ τὰς αἰτίας - ζῆν</foreign>] malim <foreign lang="greek">ἢ τᾶς αἰτίας σεαυτὸν ἢ τοῦ ζῆν</foreign>
</note>
                     ἀπόλυσον.” </p>
</div2>
<div2 type="section" n="13">
<p>ἄλλη χωλὸν υἱὸν ἐπὶ παράταξιν προπέμπουσα, “τέκνον” εἶπε “κατὰ
                     βῆμα τῆς ἀρετῆς μέμνησο.” </p>
</div2>
<milestone unit="tlnum" n="20"/>
<div2 type="section" n="14">
<p>ἄλλη, τοῦ παιδὸς αὐτῇ ἀφικομένου ἀπὸ παρατάξεως τετρωμένου τὸν πόδα
                  καὶ σφόδρα ἀλγοῦντος, “ἐὰν τῆς ἀρετῆσ” εἶπε “μέμνῃ, ὦ
                     τέκνον, καὶ ἄπονος ἔσῃ καὶ θαρρήσεις.” </p>
</div2>
<div2 type="section" n="15">
<p>Λάκων τρωθεὶς ἐν πολέμῳ καὶ βαδίζειν μὴ
<milestone unit="tlnum" n="25"/>
                  δυνάμενος, τετραποδιστὶ ὥδευεν. αἰσχυνομένῳ δʼ αὐτῷ ἐπὶ τῷ <note resp="ed" place="unspecified" anchored="yes">
<foreign lang="greek">ἐπὶ τῷ</foreign> W: <foreign lang="greek">ἐν</foreign>
</note> γελοίῳ
                  ἡ μήτηρ “καὶ πόσῳ βέλτιον, ὦ <pb id="v.2.p.196"/> τέκνον” εἶπε “μᾶλλον ἐπὶ τῇ ἀνδρείᾳ γεγηθέναι ἢ αἰσχύνεσθαι ἐπὶ γέλωτι
                     ἀνοήτῳ;” </p>
</div2>
<div2 type="section" n="16">
<p>ἄλλη προσαναδιδοῦσα τῷ παιδὶ τὴν ἀσπίδα καὶ παρακελευομένη “τέκνον” ἔφη “ἢ ταύταν ἢ ἐπὶ ταύτας.” </p>
</div2>
<div2 type="section" n="17">
<milestone unit="tlnum" n="5"/>
<p>ἄλλη προϊόντι τῷ υἱῷ ἐπὶ πόλεμον ἀναδιδοῦσα τὴν ἀσπίδα “ταύτην” ἔφη “ὁ πατήρ σοι ἀεὶ ἔσῳζε· καὶ σὺ οὖν ἢ
                     ταύτην σῷζε ἢ μὴ ἔσο.” </p>
</div2>
<div2 type="section" n="18">
<p>ἄλλη πρὸς τὸν υἱὸν λέγοντα μικρὸν ἔχειν τὸ ξίφος εἶπε “καὶ βῆμα
                     πρόσθες.” <milestone unit="stephpage" id="stephpage-242a" n="242a"/>
</p>
</div2>
<div2 type="section" n="19">
<milestone unit="tlnum" n="10"/>
<p>ἄλλη ἀκούσασα, ὅτι ὁ υἱὸς αὐτῆς ἐν παρατάξει ἀνδραγαθήσας
                  ἀπέθανεν, “ἐμὸς γὰρ ἦν” εἶπε· περὶ δὲ τοῦ ἑτέρου <note resp="ed" place="unspecified" anchored="yes">
<foreign lang="greek">τοῦ ἑτέρου</foreign>] <foreign lang="greek">του ἑτέρου</foreign> W</note> πυθομένη
                  ὅτι ἀποδειλιάσας σῴζεται, “οὐ γὰρ ἦν ἐμόσ” ἔφη.</p>
</div2>
<div2 type="section" n="20">
<p>ἑτέρα ἀκούσασα ὅτι ὁ υἱὸς αὑτῆς τέθνηκεν ἐν
<milestone unit="tlnum" n="15"/> μάχῃ καθάπερ ἐτέτακτο “κάτθετεαὐτόν” ἔφη,
                  ἀναπληρωσάτω “δὲ τὴν ἐκείνου τάξιν ὁ ἀδελφός.” </p>
</div2>
<div2 type="section" n="21">
<p>ἄλλη πομπὴν τελοῦσα πάνδημον ἤκουσεν ἐπὶ τῆς παρατάξεως νικᾶν τὸν
                  υἱόν, ἐκ δὲ τῶν τραυμάτων πολλῶν γενομένων θνήσκειν. οὐ περιελομένη
                  οὖν
<milestone unit="tlnum" n="20"/> τὸν στέφανον, ἀλλὰ σεμνυνθεῖσα πρὸς
                  τὰς πλησίον εἶπεν “ὡς πολλῷ κάλλιον, ὦ φίλαι, ἐστὶν ἐν παρατάξει
<milestone unit="stephpage" id="stephpage-242b" n="242b"/> νικῶντα
                     τελευτᾶν ἢ τὰ Ὀλύμπια περιγινόμενον ζῆν.” </p>
</div2>
<div2 type="section" n="22">
<p>διηγουμένου τινὸς τῇ ἀδελφῇ γενναῖον θάνατον
<milestone unit="tlnum" n="25"/> τοῦ παιδὸς αὐτῆς, ἐκείνη εἶπεν ὅτι “ὅσον ἐπʼ ἐκείνῳ
                     γέγηθα, τοσοῦτον ἐπὶ σοὶ ἄχθομαι, ἐναρέτου συνοδίας
                     ἀπολειφθέντι.” </p>
</div2>
<div2 type="section" n="23">
<p>Λακαίνῃ τις προσέπεμψεν, εἰ φθορᾷ <pb id="v.2.p.197"/> συνεπινεύει. ἡ δʼ
                  ἔφη “παῖς μὲν οὖσα ἔμαθον τῷ πατρὶ πείθεσθαι, καὶ τοῦτο ἔπραξα·
                     γυνὴ δὲ γενομένη τῷ ἀνδρί· εἰ οὖν δίκαιά με παρακαλεῖ, τούτῳ
                     φανερὸν ποιησάτω πρῶτον.” </p>
</div2>
<milestone unit="tlnum" n="5"/>
<div2 type="section" n="24">
<p>παρθένος πενιχρὰ ἐρωτηθεῖσα τίνα δίδωσι τῷ γαμοῦντι προῖκα, “τὴν
                     πάτριον” ἔφη “σωφροσύνην” .</p>
</div2>
<div2 type="section" n="25">
<milestone unit="stephpage" id="stephpage-242c" n="242c"/>
<p>Λάκαινα ἐρωτηθεῖσα εἰ ἀνδρὶ προσελήλυθεν, “οὐκ ἐγώ” εἶπεν “ἀλλʼ ὁ ἀνὴρ ἐμοί.” </p>
</div2>
<div2 type="section" n="26">
<p>κρύφα τις διαπαρθενευθεῖσα καὶ διαφθείρασα
<milestone unit="tlnum" n="10"/>
                  τὸ βρέφος οὕτως ἐνεκαρτέρησε μηδεμίαν προενεγκαμένη φωνήν, ὥστε καὶ
                  τὸν πατέρα καὶ ἄλλους πλησίον ὄντας λαθεῖν ἀποκυήσασα· τὸ γὰρ
                  μέγεθος τῶν ἀλγηδόνων τῇ ἀσχημοσύνῃ τὸ εὔσχημον <note resp="ed" place="unspecified" anchored="yes">
<foreign lang="greek">εὔχξημον</foreign> *: <foreign lang="greek">ἄσξημον</foreign>. Ordo verborum vid. esse: <foreign lang="greek">τὸ εὔσχημον προσπεσὸν τῇ ἀσχημ. ἐνίκ. τὸ μέγ. τ. ἀλγ.</foreign>
</note> προσπεσὸν
                  ἐνίκησε.</p>
</div2>
<milestone unit="tlnum" n="15"/>
<div2 type="section" n="27">
<p>Λάκαινα πιπρασκομένη καὶ ἐρωτωμένη τί ἐπίσταται, ἔφη “πιστὰ
                     ἦμεν.” </p>
</div2>
<div2 type="section" n="28">
<p>ἄλλη αἰχμαλωτευθεῖσα καὶ ἐρωτωμένη παραπλησίως “εὖ οἰκεῖν
                     οἶκον” ἔφη.</p>
</div2>
<div2 type="section" n="29">
<p>ἐρωτηθεῖσά τις ὑπό τινος, εἰ ἔσται ἀγαθή,
<milestone unit="tlnum" n="20"/> ἂν αὐτὴν ἀγοράσῃ, εἶπε “κἂν μὴ ἀγοράσῃς.” </p>
</div2>
<div2 type="section" n="30">
<milestone unit="stephpage" id="stephpage-242d" n="242d"/>
<p>ἄλλη πιπρασκομένη, τοῦ κήρυκος πυνθανομένου τί ἐπίσταται, “ἐλευθέρα” εἶπεν “ἦμεν.” ὡς δὲ ὁ ὠνησάμενος προσέτασσέ
                  τινα αὐτῇ οὐχ ἁρμόζοντα ἐλευθέρᾳ, εἰποῦσα “οἰμώξῃ φθονήσας
                     σεαυτῷ τοιούτου
<milestone unit="tlnum" n="25"/> κτήματοσ” ἐξήγαγεν
                  ἑαυτήν.</p>
</div2>
</div1>
</body>
</text>
</TEI.2>
