<?xml version="1.0" encoding="UTF-8"?><TEI.2>
<teiHeader>
<fileDesc>
<titleStmt>
<title>De fortuna Romanorum</title>
<title type="sub">Machine readable text</title>
<author n="Plut.">Plutarch</author>
<editor role="editor" n="Teubner">Gregorius N.
            Bernardakis</editor>
<sponsor>Perseus Project, Tufts University</sponsor>
<principal>Gregory Crane</principal>
<respStmt>
<resp>Prepared under the supervision of</resp>
<name>Lisa Cerrato</name>
<name>William Merrill</name>
<name>Elli Mylonas</name>
<name>David Smith</name>
</respStmt>
<funder n="org:NEH">The National Endowment for the Humanities</funder>
</titleStmt>
<extent/>
<publicationStmt>
<publisher>Trustees of Tufts University</publisher>
<pubPlace>Medford, MA</pubPlace>
<authority>Perseus Project</authority>
</publicationStmt>
<sourceDesc>
<biblStruct>
<analytic/>
<monogr>
<author>Plutarch</author>
<title>Moralia</title>
<editor role="editor">Gregorius N. Bernardakis</editor>
<imprint>
<pubPlace>Leipzig</pubPlace>
<publisher>Teubner</publisher>
<date>1889</date>
</imprint>
<biblScope type="volume">2</biblScope>
</monogr>
</biblStruct>
</sourceDesc>
</fileDesc>
<encodingDesc>
<editorialDecl>
<correction method="silent">
<p>optical character recognition</p>
</correction>
</editorialDecl>
<refsDecl doctype="TEI.2">
<state unit="section"/>
</refsDecl>
<refsDecl doctype="TEI.2">
<state unit="stephpage" n="chunk"/>
</refsDecl>
</encodingDesc>
<profileDesc>
<langUsage>
<language id="greek">Greek</language>
<language id="eng">English</language>
</langUsage>
</profileDesc>
<revisionDesc>
<change>
<date>5/10</date>
<respStmt>
<name>RS</name>
<resp/>
</respStmt>
<item>tagged and parsed</item>
</change>
</revisionDesc>
</teiHeader>
<text>
<body>
<pb id="v.2.p.383"/>
<div1 type="section" n="1">
<milestone unit="stephpage" id="stephpage-316b" n="316b"/>
<p>αἱ πολλοὺς πολλάκις ἡγωνισμέναι καὶ μεγάλους
<milestone unit="stephpage" id="stephpage-316c" n="316c"/> ἀγῶνοις Ἀρετὴ καὶ Τύχη πρὸς ἀλλήλοις
               μέγιστον ιἷγωνίζονται τὸν παρόντα, περὶ τῆς Ῥωμαίων ἡγεμονίας
               διαδικαζόμεναι ποτέρας γέγονεν ἔργον καὶ
<milestone unit="tlnum" n="5"/>
               ποτέρα τὴν τηλικαύτην δύναμιν γεγέννηκεν. οὐ γὰρ μικρὸν ἔσται τῇ
               περιγενομένῃ τοῦτο μαρτύριον, μᾶλλον δʼ ἀπολόγημα πρὸς κατηγορίαν.
               κατηγορεῖται δʼ Ἀρετὴ <note resp="ed" place="unspecified" anchored="yes">
<foreign lang="greek">Ἀρετὴ</foreign>] <foreign lang="greek">ἀρετῆς</foreign> Cobetus</note> μὲν ὡς καλὸν μὲν <note resp="ed" place="unspecified" anchored="yes">
<foreign lang="greek">καλὸν μὲν</foreign> R: <foreign lang="greek">καλὸν</foreign>
</note> ἀνωφελὲς δέ, Τύχη <note resp="ed" place="unspecified" anchored="yes">
<foreign lang="greek">Τύχη</foreign>] <foreign lang="greek">τύχης δὲ</foreign> Cobetus</note> δʼ ὡς
               ἀβέβαιον μὲν ἀγαθὸν δέ· καὶ τὴν μὲν ἄκαρπα πονεῖν
<milestone unit="tlnum" n="10"/> λέγουσι, τὴν δʼ ἄπιστα δωρεῖσθαι. τίς οὖν οὐχὶ
<milestone unit="stephpage" id="stephpage-316d" n="316d"/> λέξει, τῇ ἑτέρᾳ τῆς
               Ῥώμης προστεθείσης, ἢ λυσιτελέστατον Ἀρετήν, εἰ τηλικαῦτα τοὺς ἀγαθοὺς
               δέδρακεν ἀγαθά· ἢ βεβαιότατον εὐτυχίαν, χρόνον ἤδη τοσοῦτον ἃ δέδωκε
               τηροῦσαν; Ἴων μὲν οὖν ὁ ποιητὴς ἐν τοῖς
<milestone unit="tlnum" n="15"/>
               δίχα μέτρου καὶ καταλογάδην αὐτῷ γεγραμμένοις φησὶν ἀνομοιότατον πρᾶγμα <note resp="ed" place="unspecified" anchored="yes">
<foreign lang="greek">πρᾶγμα</foreign>] del. Abreschius</note>
               τῇ σοφίᾳ τὴν τύχην οὖσαν ὁμοιοτάτων πραγμάτων <note resp="ed" place="unspecified" anchored="yes">
<foreign lang="greek">πραγμάτων</foreign>] del. Abreschius</note> γίγνεσθαι δημιουργόν·
               αὔξουσιν ἀμφότεραι πόλεις, κοσμοῦσιν <note resp="ed" place="unspecified" anchored="yes">
<foreign lang="greek">πόλεις, κοσμοῦσιν</foreign> R: <foreign lang="greek">προσκοσμοῦσιν</foreign>
</note> ἄνδρας, εἰς δόξαν ἀνάγουσιν εἰς
               δύναμιν εἰς ἡγεμονίαν. τί <pb id="v.2.p.384"/> δεῖ τὰ πολλὰ μηκύνειν
               ἐξαριθμούμενον; αὐτὴν τὴν τὰ πάντα γεννῶσαν ἡμῖν καὶ φέρουσαν φύσιν οἱ
               μὲν τύχην εἶναι νομίζουσιν, οἱ δὲ σοφίαν. διὸ καλόν τι
<milestone unit="stephpage" id="stephpage-316e" n="316e"/> τῇ Ῥώμῃ καὶ ζηλωτὸν ὁ
               ἐνεστὼς λόγος ἀξίωμα περιτίθησιν,
<milestone unit="tlnum" n="5"/> εἰ
               διαποροῦμεν περὶ αὐτῆς, ὡς ὑπὲρ γῆς καὶ θαλάττης καὶ οὐρανοῦ καὶ
               ἄστρων, πότερον κατὰ τύχην συνέστηκεν ἢ κατὰ πρόνοιαν. </p>
</div1>
<div1 type="section" n="2">
<p>ἐγὼ δέ, ὅτι μέν, εἰ καὶ πάνυ πρὸς ἀλλήλας ἀεὶ πολεμοῦσι καὶ
               διαφέρονται Τύχη καὶ Ἀρετή, πρός
<milestone unit="tlnum" n="10"/> γε
               τηλικαύτην σύμπηξιν ἀρχῆς καὶ δυνάμεως εἰκός ἐστιν αὐτὰς σπεισαμένας
               συνελθεῖν καὶ συνελθούσας ἐπιτελειῶσαι καὶ συναπεργάσασθαι τῶν ἀνθρωπίνων
               ἔργων τὸ κάλλιστον, ὀρθῶς ὑπονοεῖν οἴομαι. καὶ νομίζω, καθάπερ Πλάτων <note resp="ed" place="unspecified" anchored="yes">
<foreign lang="greek">Πλάτων</foreign>] Tim. p. 28 b. 32 b</note>
               φησὶν ἐκ πυρὸς
<milestone unit="tlnum" n="15"/>
<milestone unit="stephpage" id="stephpage-316f" n="316f"/> καὶ γῆς ὡς ἀναγκαίων
               τε καὶ πρώτων γεγονέναι τὸν σύμπαντα κόσμον, ἵνʼ ὁρατός τε γένηται καὶ
               ἁπτός, γῆς μὲν τὸ ἐμβριθὲς καὶ στάσιμον αὐτῷ συμβαλομένης, πυρὸς δὲ
               χρῶμα καὶ μορφὴν καὶ κίνησιν αἱ δʼ ἐν μέσῳ φύσεις, ὕδωρ καὶ ἀήρ,
               μαλάξασαι καὶ σβέσασαι
<milestone unit="tlnum" n="20"/> τὴν ἑκατέρου τῶν
               ἄκρων ἀνομοιότητα συνήγαγον καὶ ἀνεμίξαντο τὴν ὕλην διʼ αὐτῶν· οὕτως
               ἄρα καὶ ὁ τὴν Ῥώμην ὑποβαλόμενος χρόνος μετὰ
<milestone unit="stephpage" id="stephpage-317a" n="317a"/> θεοῦ τύχην καὶ ἀρετὴν ἐκέρασε καὶ
               συνέζευξεν, ἵνʼ ἑκατέρας λαβὼν τὸ οἰκεῖον ἀπεργάσηται πᾶσιν ἀνθρώποις
<milestone unit="tlnum" n="25"/> ἑστίαν ἱερὰν ὡς ἀληθῶς καὶ ἀνησιδώραν <note resp="ed" place="unspecified" anchored="yes">
<foreign lang="greek">ἀνησιδώραν</foreign> Iunius: <foreign lang="greek">ὀνησιδώραν</foreign>
</note>
               καὶ “πεῖσμα” μόνιμον καὶ στοιχεῖον ἀίδιον, ὑποφερομένοις τοῖς
               πράγμασιν “ἀγκυρηβόλιον σάλου καὶ <pb id="v.2.p.385"/> πλάνησ” ὥς· φησι
               Δημόκριτος. <note resp="ed" place="unspecified" anchored="yes">
<foreign lang="greek">Δημόκριτος</foreign>] Mullach. 1 p. 359</note> ὡς γὰρ οἱ φυσικοὶ τὸν κόσμον λέγουσιν οὐκ εἶναι κόσμον οὐδʼ
               ἐθέλειν <note resp="ed" place="unspecified" anchored="yes">
<foreign lang="greek">οὐδʼ ἐθέλειν</foreign> *: <foreign lang="greek">οὐδὲ θέλειν</foreign>
</note> τὰ σώματα συνελθόντα καὶ συμμιγέντα κοινὸν ἐκ πάντων εἶδος τῇ
               φύσει παρασχεῖν, ἀλλὰ τῶν μὲν ἔτι
<milestone unit="tlnum" n="5"/> μικρῶν
               καὶ σποράδην φερομένων <note resp="ed" place="unspecified" anchored="yes">
<foreign lang="greek">φερομένων</foreign> Madvigius: <foreign lang="greek">φερομένων καὶ</foreign>
</note> διολισθανόντων καὶ ὑποφευγόντων τὰς ἐναπολήψεις καὶ
               περιπλοκάς,
<milestone unit="stephpage" id="stephpage-317b" n="317b"/> τῶν δʼ
               ἁδροτέρων καὶ συνεστηκότων ἤδη δεινοὺς ἀγῶνας πρὸς ἄλληλα καὶ
               διαταραχὰς λαμβανόντων, κλύδωνα καὶ βρασμὸν εἶναι καὶ φθόρου καὶ πλάνης
<milestone unit="tlnum" n="10"/> καὶ ναυαγίων μεστὰ πάντα, πρίν γε τὴν γῆν
               μέγεθος λαβοῦσαν ἐκ τῶν συνισταμένων καὶ φερομένων ἱδρυθῆναί πως; αὐτὴν
               καὶ τοῖς ἄλλοις ἵδρυσιν ἐν αὑτῇ καὶ περὶ αὑτὴν <note resp="ed" place="unspecified" anchored="yes">
<foreign lang="greek">αὑτῇ</foreign> et <foreign lang="greek">αὑτὴν</foreign> *: <foreign lang="greek">αὐτῇ</foreign> et <foreign lang="greek">αὐτὴν</foreign>
</note> παρασχεῖν οὕτω τῶν
               μεγίστων ἐν ἀνθρώποις δυνάμεων καὶ ἡγεμονιῶν κατὰ τύχας
<milestone unit="tlnum" n="15"/> ἐλαυνομένων καὶ συμφερομένων ὑπὸ τοῦ μηδένα κρατεῖν
               βούλεσθαι δὲ πάντας, ἀμήχανος ἦν ἡ <note resp="ed" place="unspecified" anchored="yes">
<foreign lang="greek">ἦν ἡ</foreign> Madvigius: <foreign lang="greek">ἡ</foreign>
</note> φορὰ καὶ πλάνη καὶ μεταβολὴ πᾶσα
               πάντων, μέχρι οὗ
<milestone unit="stephpage" id="stephpage-317c" n="317c"/> τῆς
               Ῥώμης ἰσχὺν καὶ αὔξησιν λαβούσης καὶ ἀναδησαμένης τοῦτο μὲν ἔθνη καὶ
               δήμους ἐν αὑτῇ, τοῦτο
<milestone unit="tlnum" n="20"/> δʼ ἀλλοφύλους καὶ
               διαποντίους βασιλέων ἡγεμονίας, ἕδραν ἔσχε τὰ μέγιστα καὶ ἀσφάλειαν,
               εἰς κόσμον εἰρήνης καὶ ἕνα κύκλον τῆς ἡγεμονίας ἄπταιστον
               περιφερομένης, πάσης μὲν ἀρετῆς ἐγγενομένης τοῖς ταῦτα μηχανησαμένοις,
               πολλῆς δὲ καὶ τύχης συνελθούσης,
<milestone unit="tlnum" n="25"/> ὡς ἐνέσται
               τοῦ λόγου προϊόντος ἐνδείξασθαι. <pb id="v.2.p.386"/>
</p>
</div1>
<div1 type="section" n="3">
<p>νυνὶ δέ μοι δοκῶ τοῦ προβλήματος <note resp="ed" place="unspecified" anchored="yes">
<foreign lang="greek">τοῦ προβλήματος</foreign>] fort. <foreign lang="greek">πρὸ τοῦ</foreign> (aut <foreign lang="greek">πρό του</foreign>) <foreign lang="greek">βήματος</foreign>, ut cum <foreign lang="greek">βαδιζούσας</foreign> iungatur</note> ὥσπερ ἀπὸ σκοπῆς <note resp="ed" place="unspecified" anchored="yes">
<foreign lang="greek">σκοπιῆς</foreign> Duebnerus Homeri <foreign lang="greek">Δ</foreign> 275. <foreign lang="greek">δ</foreign> 524 memor; sed cf. Vit. Tit. c. 5</note> καθορᾶν ἐπὶ τὴν
               σύγκρισιν καὶ τὸν ἀγῶνα τήν τε Τύχην καὶ τὴν Ἀρετὴν βαδιζούσας. ἀλλὰ
               τῆς μὲν Ἀρετῆς πρᾶόν τε τὸ βάδισμα καὶ τὸ βλέμμα
<milestone unit="tlnum" n="5"/> καθεστηκός, ἐπανθεῖ <note resp="ed" place="unspecified" anchored="yes">
<foreign lang="greek">ἐπανθεῖ</foreign> Cobetus: <foreign lang="greek">παρέχει</foreign>
</note> δέ τι καὶ τῷ προσώπῳ πρὸς
<milestone unit="stephpage" id="stephpage-317d" n="317d"/> τὴν ἅμιλλαν ἐρύθημα τῆς
               φιλοτιμίας. καὶ πολὺ μὲν ὑστερεῖ σπευδούσης τῆς Τύχης, ἄγουσι δʼ αὐτὴν
               καὶ δορυφοροῦσι κατὰ πλῆθος <quote rend="blockquote"> ἄνδρες ἀρηίφατοι
                  βεβροτωμένα τεύχεʼ ἔχοντες, <note resp="ed" place="unspecified" anchored="yes"> Hom. <foreign lang="greek">λ</foreign> 41</note>
<milestone unit="tlnum" n="10"/>
</quote> ἐναντίων τραυμάτων ἀνάπλεῳ, αἷμα συμμεμιγμένον ἱδρῶτι
               σταλάζοντες, ἡμικλάστοις ἐπιβεβηκότες λαφύροις. βούλεσθε δὲ πυθώμεθα, τίνες
               ποτʼ εἰσὶν οὗτοι; Φαβρίκιοί φασιν εἶναι καὶ Κάμιλλοι καὶ Μούκιοι καὶ
               Κικιννᾶτοι καὶ Μάξιμοι Φάβιοι καὶ Κλαύδιοι
<milestone unit="tlnum" n="15"/>Μάρκελλοι καὶ Σκιπίωνες. ὁρῶ δὲ καὶ Γάιον Μάριον ὀργιζόμενον τῇ
               Τύχῃ, καὶ Μούκιος <note resp="ed" place="unspecified" anchored="yes">
<foreign lang="greek">Μούκιοι</foreign> (aut <foreign lang="greek">Λούκιοι</foreign>) <foreign lang="greek">καὶ</foreign>] <foreign lang="greek">Κούριοι καὶ</foreign> W</note> ἐκεῖ Σκευόλας τὴν φλεγομένην χεῖρα δείκνυσι βοῶν “μὴ καὶ ταύτην
<milestone unit="stephpage" id="stephpage-317e" n="317e"/>
                     τῇ Τύχῃ χαρίζῃ;ʼ” καὶ Μάρκος Ὡράτιος <note resp="ed" place="unspecified" anchored="yes">
<foreign lang="greek">Μάρκος Ωράτιος</foreign> Basileensis: <foreign lang="greek">πάκιος καὶ μάρκος</foreign>
</note> ἀριστεὺς παραποτάμιος
               Τυρρηνικοῖς βέλεσι βαρυνόμενος καὶ
<milestone unit="tlnum" n="20"/> σκάζοντα
               μηρὸν παρέχων, ἐκ βαθείας ὑποφθέγγεται δίνης “οὐκοῦν κἀγὼ κατὰ τύχην
                  πεπήρωμαι” τοιοῦτος ὁ τῆς Ἀρετῆς χορὸς πρόσεισιν ἐπὶ τὴν
               σύγκρισιν, <quote rend="blockquote"> βριθὺς <note resp="ed" place="unspecified" anchored="yes">
<foreign lang="greek">βριθὺς</foreign>] Bergk. 2 p. 242</note> ὁπλιτοπάλας δάιος ἀντιπάλοις.
               </quote>
</p>
</div1>
<div1 type="section" n="4">
<p>τῆς δὲ Τύχης ὀξὺ μὲν τὸ κίνημα καὶ θρασὺ <pb id="v.2.p.387"/> τὸ φρόνημα
               καὶ μεγάλαυχον ἡ ἐλπίς, φθάνουσα δὲ τὴν Ἀρετὴν ἐγγύς ἐστιν, οὐ
               πτεροῖς ἐλαφρίζουσα κούφοις ἑαυτὴν οὐδʼ ἀκρώνυχον ὑπὲρ σφαίρας τινὸς
               ἴχνος καθεῖσα <note resp="ed" place="unspecified" anchored="yes">
<foreign lang="greek">καθεῖσα</foreign>
<foreign lang="greek">κααθεῖσα</foreign> Abreschius</note> περισφαλὴς καὶ ἀμφίβολος πρόσεισιν,
<milestone unit="tlnum" n="5"/> εἶτʼ ἄπεισιν ἀηδής· ἀλλʼ ὥσπερ οἱ Σπαρτιᾶται τὴν
<milestone unit="stephpage" id="stephpage-317f" n="317f"/>Ἀφροδίτην λέγουσι διαβαίνουσαν
               τὸν Εὐρώταν τὰ μὲν ἔσοπτρα καὶ τοὺς χλιδῶνας καὶ τὸν κεστὸν
               ἀποθέσθαι, δόρυ δὲ καὶ ἀσπίδα λαβεῖν κοσμουμένην τῷ Λυκούργῳ· οὕτως
               ἡ Τύχη καταλιποῦσα Πέρσας
<milestone unit="tlnum" n="10"/> καὶ Ἀσσυρίους
               Μακεδονίαν μὲν ἐλαφρὰ διέπτη καὶ ἀπεσείσατο ταχέως Ἀλέξανδρον, καὶ διʼ
               Αἰγύπτου
<milestone unit="stephpage" id="stephpage-318a" n="318a"/> καὶ Συρίας
               περιφέρουσα βασιλείας διώδευσε, καὶ Καρχηδονίους στρεφομένη πολλάκις
               ἐβάστασε τῷ δὲ Παλατίῳ προσερχομένη καὶ διαβαίνουσα τὸν Θύμβριν
<milestone unit="tlnum" n="15"/> ὡς ἔοικεν ἔθηκε τὰς πτέρυγας, ἐξέβη τῶν
               πεδίλων, ἀπέλιπε τὴν ἄπιστον καὶ παλίμβολον σφαῖραν. οὕτως εἰσῆλθεν εἰς
               Ῥώμην ὡς μενοῦσα καὶ τοιαύτη πάρεστιν ὡς ἐπὶ τὴν δίκην. “οὐ μὲν γὰρ
                  ἀπειθὴσ” <note resp="ed" place="unspecified" anchored="yes">
<foreign lang="greek">μὲν γὰρ ἀπειθὴς</foreign> R: <foreign lang="greek">μεγαπενθης</foreign>. cf. Bergk. 1 p. 382</note> κατὰ Πίνδαρον “οὐδὲ δίδυμον στρέφουσα πηδάλιον” ἀλλὰ
<milestone unit="tlnum" n="20"/> μᾶλλον “εὐνομίας καὶ <note resp="ed" place="unspecified" anchored="yes">
<foreign lang="greek">Εὐνομίας τε καὶ</foreign> Bergk.</note> Πειθοῦς ἀδελφὰ
                  καὶ Προμαθείας <note resp="ed" place="unspecified" anchored="yes">
<foreign lang="greek">ἀδελφὰ καὶ Προμαθείας</foreign> Schneidewinus: <foreign lang="greek">ἀδελφὴ καὶ προμηθείας</foreign>
</note> θυγάτηρ” ὡς γενεαλογεῖ Ἀλκμάν. <note resp="ed" place="unspecified" anchored="yes">
<foreign lang="greek">Ἀλκμάν</foreign>] Bergk. 3 p. 58</note> τὸ δʼ ὑμνούμενον
               ἐκεῖνο τοῦ πλούτου κέρας ἔχει διὰ χειρός·, οὐκ ὀπώρας ἀεὶ θαλλούσης
               μεστόν, ἀλλʼ ὅσα φέρει
<milestone unit="stephpage" id="stephpage-318b" n="318b"/> πᾶσα γῆ πᾶσα δὲ θάλαττα καὶ ποταμοὶ καὶ μέταλλα
<milestone unit="tlnum" n="25"/> καὶ λιμένες, ἄφθονα καὶ ῥύδην ἐπιχεαμένη. λαμπροὶ <pb id="v.2.p.388"/> δὲ καὶ διαπρεπεῖς ἄνδρες οὐκ ὀλίγοι μετʼ αὐτῆς
               ὁρῶνται, Πομπίλιος Νομᾶς <note resp="ed" place="unspecified" anchored="yes">
<foreign lang="greek">Νομᾶς</foreign> * hic et infra: <foreign lang="greek">νουμᾶς</foreign>
</note> ἐκ Σαβίνων καὶ Πρῖσκος ἐκ Ταρκυνίων, <note resp="ed" place="unspecified" anchored="yes">
<foreign lang="greek">Ταρκυνίων</foreign> *: <foreign lang="greek">Ταρκυϊνίων</foreign>
</note> οὓς
               ἐπήλυδας βασιλεῖς καὶ ξένους ἐνιδρύσατο τοῖς Ῥωμύλου θρόνοις· καὶ
               Παῦλος
<milestone unit="tlnum" n="5"/>Αἰμίλιος ἀπὸ Περσέως καὶ Μακεδόνων
               ἄτρωτον στρατὸν ἄγων καὶ νίκην ἄδακρυν θριαμβεύων μεγαλύνει τὴν Τύχην·
               μεγαλύνει δὲ καὶ Καικίλιος Μέτελλος ὁ Μακεδονικὸς γέρων, ὑπὸ τεσσάρων
               παίδων
<milestone unit="stephpage" id="stephpage-318c" n="318c"/> ὑπατικῶν
               ἐκκομιζόμενος, Κοΐντου Βαλεαρικοῦ <note resp="ed" place="unspecified" anchored="yes">
<foreign lang="greek">Βαλεαρικοῦ</foreign> Basileensis: <foreign lang="greek">Βαναρίκου</foreign>
</note> καὶ
<milestone unit="tlnum" n="10"/>Λευκίου Διαδημάτα καὶ Μάρκου Μετέλλου καὶ Γαΐου Καπραρίου, καὶ
               δυεῖν γαμβρῶν ὑπατικῶν καὶ θυγατριδῶν κοσμουμένων ἐπιφανέσιν ἀριστείαις
               καὶ πολιτείαις. Αἰμίλιος δὲ Σκαῦρος· ἐκ ταπεινοῦ βίου καὶ ταπεινοτέρου
               γένους καινὸς ἄνθρωπος ἀρθεὶς ὑπʼ
<milestone unit="tlnum" n="15"/> αὐτῆς,
               προγράφεται τοῦ μεγάλου συνεδρίου. Κορνήλιον δὲ Σύλλαν ἐκ τῶν Νικοπόλεως
               τῆς· ἑταίρας ἀναλαβοῦσα καὶ βαστάσασα κόλπων, ὑψηλότερον τῶν Κιμβρικῶν
               Μαρίου θριάμβων καὶ τῶν ἑπτὰ ὑπατειῶν ἐπιτίθησι μοναρχίαις καὶ
               δικτατωρίαις. ἄντικρυς
<milestone unit="tlnum" n="20"/> οὗτος τῇ Τύχῃ μετὰ
               τῶν πράξεων ἑαυτὸν εἰσεποίει, βοῶν κατὰ τὸν Οἰδίποδα τὸν Σοφοκλέους <note resp="ed" place="unspecified" anchored="yes">
<foreign lang="greek">Σοφοκλέους</foreign>] OR 1090</note>
<milestone unit="stephpage" id="stephpage-318d" n="318d"/>
<quote rend="blockquote"> ἐγὼ δʼ ἐμαυτὸν παῖδα τῆς Τύχης νέμω. </quote> καὶ
               Ῥωμαϊστὶ μὲν Φήλιξ ὠνομάζετο, τοῖς δʼ Ἕλλησιν οὕτως ἔγραφε “Λούκιος Κορνήλιος Σύλλας Ἐπαφρόδιτος.
<milestone unit="tlnum" n="25"/>” καὶ τὰ παρʼ ἡμῖν ἐν Χαιρωνείᾳ τρόπαια κατὰ <note resp="ed" place="unspecified" anchored="yes">
<foreign lang="greek">κατὰ</foreign> R: <foreign lang="greek">καὶ τὰ</foreign>
</note> τῶν Μιθριδατικῶν οὕτως
               ἐπιγέγραπται, <pb id="v.2.p.389"/> καὶ εἰκότως· <note resp="ed" place="unspecified" anchored="yes">
<foreign lang="greek">καὶ εἰκότως</foreign>] <foreign lang="greek">εἰκότως</foreign> Cobetus</note> “πλεῖστον γὰρ
                  Ἀφροδίτησ” οὐ “νύξ” κατὰ Μένανδρον, <note resp="ed" place="unspecified" anchored="yes">
<foreign lang="greek">Μένανδρον</foreign>] Meinek. 4 p. 278</note> ἀλλὰ τύχη μετέσχηκεν. </p>
</div1>
<div1 type="section" n="5">
<p>ἆρʼ οὖν <note resp="ed" place="unspecified" anchored="yes">
<foreign lang="greek">οὖν</foreign>] <foreign lang="greek">οὐκ ἂν</foreign> (<foreign lang="greek">οὖν</foreign>)?</note> ταύτην τις ἀρχὴν ποιησάμενος οἰκείαν ὑπὲρ τῆς Τύχης ἐπάγοιτο
               μάρτυρας αὐτοὺς Ῥωμαίους,
<milestone unit="tlnum" n="5"/> ὡς,· τῇ Τύχῃ
               πλέον ἢ τῇ Ἀρετῇ νέμοντας; ἀρετῆς; μέν γε <note resp="ed" place="unspecified" anchored="yes">
<foreign lang="greek">γε</foreign>] <foreign lang="greek">γάρ</foreign>?</note> παρʼ αὐτοῖς ὀψὲ καὶ μετὰ
               πολλοὺς χρόνους ἱερὸν ἱδρύσατο Σκιπίων ὁ Νομαντῖνος, εἶτα Μάρκελλος
<milestone unit="stephpage" id="stephpage-318e" n="318e"/> τὸ Οὐιρτοῦτίς τε
               καὶ Ὀνῶρις προσαγορευόμενον καὶ τὸ τῆς Μέντις καλουμένης
                  ʽ<term>γνώμης</term> ἂν
<milestone unit="tlnum" n="10"/>
               νομίζοιτὀ <note resp="ed" place="unspecified" anchored="yes">
<foreign lang="greek">νομίζοιτο</foreign>] <foreign lang="greek">ὀνομάζοιτο</foreign>?</note> Σκαῦρος Αἰμίλιος, περὶ τὰ Κιμβρικὰ τοῖς χρόνοις
               γεγονώς· ἤδη <note resp="ed" place="unspecified" anchored="yes">
<foreign lang="greek">ἢ δη</foreign>] <foreign lang="greek">ἢδη γὰρ</foreign>?</note> τότε λόγων καὶ σοφισμάτων <note resp="ed" place="unspecified" anchored="yes">
<foreign lang="greek">σοφισμάτων</foreign>] R ex p. 322 d: <foreign lang="greek">σοφιστῶν</foreign>
</note> καὶ στωμυλίας παρεισρυείσης εἰς
               τὴν πόλιν, ἤρχοντο σεμνύνειν τὰ τοιαῦτα. σοφίας δὲ μέχρι καὶ νῦν ἱερὸν
               οὐκ ἔστιν οὐδὲ σωφροσύνης; ἢ καρτερίας ἢ
<milestone unit="tlnum" n="15"/>
               μεγαλοψυχίας ἢ ἐγκρατείας· ἀλλὰ τά γε τῆς Τύχης ἱερὰ λαμπρὰ καὶ
               παλαιά, καὶ ὁμοῦ τι τοῖς πρώτοις καταμεμιγμένα τῆς πόλεως θεμελίοις
               γέγονε. πρῶτος μὲν γὰρ ἱδρύσατο Τύχης ἱερὸν Μάρκιος Ἄγκος, ὁ
<milestone unit="stephpage" id="stephpage-318f" n="318f"/>Νομᾶ <note resp="ed" place="unspecified" anchored="yes">
<foreign lang="greek">ὁ Νομᾶ</foreign> R: <foreign lang="greek">ὄνομα</foreign>
</note> θυγατριδοῦς καὶ
               τέταρτος ἀπὸ Ῥωμύλου βασιλεὺς
<milestone unit="tlnum" n="20"/> γενόμενος·
               καὶ τάχα που τῇ τύχῃ τὴν ἀνδρείαν παρωνόμασεν, <note resp="ed" place="unspecified" anchored="yes">
<foreign lang="greek">παρωνόμασεν</foreign>] <foreign lang="greek">παρωνόμασαν</foreign> M</note> πλεῖστον εἰς τὸ νικᾶν
               τύχης μέτεστι. τὸ δὲ τῆς γυναικείας Τύχης κατεσκευάσαντο, ὅτε <note resp="ed" place="unspecified" anchored="yes">
<foreign lang="greek">ὅτε</foreign> W: <foreign lang="greek">πρὸ Καμίλλου ὅτε</foreign>
</note> Μάρκιον
               Κοριολᾶνον ἐπάγοντα τῇ πόλει Οὐολούσκους ἀπετρέψαντο <note resp="ed" place="unspecified" anchored="yes">
<foreign lang="greek">ἄπετρεψ́ψαντο</foreign>] <foreign lang="greek">ἀπέστρεψαν</foreign> p. 322 e. <foreign lang="greek">ἀπετρίψαντο</foreign> R. <foreign lang="greek">ἀπεστρέψαντο</foreign> Bruhnius</note> διὰ τῶν γυναικῶν.
               πρεσβευσάμεναι γὰρ <pb id="v.2.p.390"/> αὗται πρὸς τὸν ἄνδρα μετὰ τῆς·
               μητρὸς αὐτοῦ καὶ τῆς γυναικός, ἐξελιπάρησαν καὶ κατειργάσαντο φείσασθαι
               τῆς; πόλεως καὶ τὴν στρατιὰν τῶν βαρβάρων
<milestone unit="stephpage" id="stephpage-319a" n="319a"/> ἀπαγαγεῖν. τότε λέγεται τὸ ἄγαλμα τῆς
               Τύχης ἅμα
<milestone unit="tlnum" n="5"/> τῷ καθιερωθῆναι φωνὴν ἀφεῖναι
               καὶ εἰπεῖν “ὁσίως <note resp="ed" place="unspecified" anchored="yes">
<foreign lang="greek">ὁσίως</foreign>] <foreign lang="greek">ὁσίῳ</foreign>? cf. Vit. Cor. c. 37</note> με πόλεως νόμῳ, γυναῖκες ἀσταί, καθιδρύσασθε” καὶ
               μὴν καὶ Φούριος Κάμιλλος, ὅτε τὸ Κελτικὸν ἔσβεσε πῦρ, καὶ τὴν
               Ῥώμην ἀντίρροπον χρυσῷ κεκλιμένην ἀπὸ τοῦ ζυγοῦ καὶ τῆς· πλάστιγγος
               καθεῖλεν, οὔτʼ Εὐβουλίας
<milestone unit="tlnum" n="10"/> οὔτʼ Ἀνδρείας,
               ἀλλὰ Φήμης ἱδρύσατο καὶ Κληδόνος ἕδη <note resp="ed" place="unspecified" anchored="yes">
<foreign lang="greek">ἕδη</foreign> R: <foreign lang="greek">ἐκεῖ</foreign>
</note> παρὰ τὴν Καινὴν ὁδόν, ὅπου
               φασὶ πρὸ τοῦ πολέμου Μάρκῳ Καιδικίῳ <note resp="ed" place="unspecified" anchored="yes">
<foreign lang="greek">Καιδικίῳ</foreign> *: <foreign lang="greek">καιδεκίῳ</foreign>
</note> βαδίζοντι νύκτωρ φωνὴν γενέσθαι
               κελεύουσαν ὀλίγῳ χρόνῳ Γαλατικὸν πόλεμον προσδέχεσθαι. <note resp="ed" place="unspecified" anchored="yes">
<foreign lang="greek">καὶ μὴν καὶ Φούριος Κάμιλλος - - - προσδέχεσθαι</foreign>] transponit ante <foreign lang="greek">τὸ δὲ τῆς γυναικείας Τύχης</foreign> (p. 389 lin. 22) Bruhnius</note> τὴν δὲ πρὸς τῷ
               ποταμῷ Τύχην “φόρτιν <note resp="ed" place="unspecified" anchored="yes">
<foreign lang="greek">φόρτιν</foreign> R: <foreign lang="greek">ἣν φόρτικαν</foreign>
</note>
<milestone unit="tlnum" n="15"/>” <milestone unit="stephpage" id="stephpage-319b" n="319b"/> καλοῦσιν ὅπερ ἐστὶν
               ἰσχυρὰν ἢ ἀριστευτικὴν ἢ ἀνδρείαν, ὡς; τὸ νικητικὸν ἁπάντων κράτος
               ἔχουσαν. καὶ τόν γε ναὸν αὐτῆς ἐν τοῖς ὑπὸ Καίσαρος τῷ δήμῳ
               καταλειφθεῖσι κήποις ᾠκοδόμησαν, ἡγούμενοι κἀκεῖνον εὐτυχίᾳ γενέσθαι
               μέγιστον, ὡς αὐτὸς
<milestone unit="tlnum" n="20"/> ἐμαρτύρησε. </p>
</div1>
<div1 type="section" n="6">
<p>περὶ δὲ Γαΐου Καίσαρος ᾐδέσθην ἂν εἰπεῖν, ὡς ὑπʼ εὐτυχίας ἤρθη
               μέγιστος, εἰ μὴ τοῦτʼ αὐτὸς ἐμαρτύρησεν. <note resp="ed" place="unspecified" anchored="yes">
<foreign lang="greek">περὶ δὲ Γαϊου Καίσαρος - ἐμαρτύρησεν</foreign>] delet Bruhnius</note> ἐπεὶ γὰρ ἀπὸ Βρεντεσίου
               Πομπήιον διώκων ἀνήρθη πρὸ μιᾶς ἡμέρας νοννῶν <note resp="ed" place="unspecified" anchored="yes">
<foreign lang="greek">νοννῶν</foreign> *: <foreign lang="greek">νόννων</foreign>
</note> Ἰανουαρίων, <pb id="v.2.p.391"/> χειμῶνος ἐν τροπαῖς ὄντος, τὸ μὲν πέλαγος ἀσφαλῶς
               διεπέρασε, τῆς Τύχης τὸν καιρὸν ὑπερθεμένης· εὑρὼν
<milestone unit="stephpage" id="stephpage-319c" n="319c"/> δὲ τὸν Πομπήιον ἄθρουν καὶ
               πολὺν μὲν ἐν γῇ πολὺν δʼ ἐν θαλάσσῃ μετὰ πασῶν ἅμα τῶν δυνάμεων
               καθεζόμενον
<milestone unit="tlnum" n="5"/> αὐτὸς ὀλιγοστὸς ὤν, τῆς μετʼ
               Ἀντωνίου καὶ Σαβίνου στρατιᾶς αὐτῷ βραδυνούσης, ἐτόλμησεν εἰς·
               ἀκάτιον μικρὸν ἐμβὰς καὶ λαθὼν τόν τε ναύκληρον καὶ τὸν κυβερνήτην ὥς
               τινος θεράπων ἀναχθῆναι. σκληρᾶς δὲ πρὸς τὸ ῥεῦμα τοῦ ποταμοῦ <note resp="ed" place="unspecified" anchored="yes">
<foreign lang="greek">τοῦ ποταμοῦ</foreign>] seclusit Duebnerus, sed cf. Appian. 2, 56. 57</note> γενομένης
<milestone unit="tlnum" n="10"/> ἀντιμεταβάσεως καὶ κλύδωνος ἰσχυροῦ,
               μεταβαλλόμενον ὁρῶν τὸν κυβερνήτην ἀφεῖλεν ἀπὸ τῆς κεφαλῆς τὸ ἱμάτιον,
               καὶ ἀναδείξας· ἑαυτὸν “ἴθι” ἔφη “γενναῖε, τόλμα καὶ δέδιθι
                  μηδέν, ἀλλʼ ἐπιδίδου τῇ Τύχῃ τὰ ἱστία καὶ δέχου τὸ πνεῦμα,
                  πιστεύων ὅτι Καίσαρα
<milestone unit="tlnum" n="15"/> φέρεις καὶ τὴν
                  Καίσαρος Τύχην” οὕτως ἐπέπειστο
<milestone unit="stephpage" id="stephpage-319d" n="319d"/> τὴν Τύχην αὐτῷ συμπλεῖν, συναποδημεῖν,
               συστρατεύεσθαι, συστρατηγεῖν· ᾗ ἔργον ἦν γαλήνην μὲν ἐπιτάξαι θαλάσσῃ,
               θέρος δὲ χειμῶνι, τάχος δὲ τοῖς βραδυτάτοις, ἀλκὴν δὲ τοῖς ἀθυμοτάτοις·
               τὸ δὲ
<milestone unit="tlnum" n="20"/> τούτων ἀπιστότερον, φυγὴν Πομπηίῳ
               καὶ Πτολεμαίῳ ξενοκτονίαν, ἵνα καὶ Πομπήιος πέσῃ καὶ Καῖσαρ μὴ
               μιανθῇ. </p>
</div1>
<div1 type="section" n="7">
<p>τί δέ; ὁ τούτου μὲν υἱός, πρῶτος δʼ ἀναγορευθεὶς Σεβαστός, ἄρξας δὲ
               τέσσαρα καὶ πεντήκοντα
<milestone unit="tlnum" n="25"/> ἔτη, οὐκ αὐτὸς
               ἐκπέμπων τὸν θυγατριδοῦν ἐπὶ στρατείαν εὔξατο τοῖς θεοῖς ἀνδρείαν μὲν
               αὐτῷ δοῦναι
<milestone unit="stephpage" id="stephpage-319e" n="319e"/> τὴν
               Σκιπίωνος, εὔνοιαν δὲ τὴν Πομπηίου, Τύχην δὲ <pb id="v.2.p.392"/> τὴν
               αὑτοῦ; καθάπερ ἔργῳ μεγάλῳ δημιουργὸν ἐπιγράψας ἑαυτῷ τὴν Τύχην,
               ἥτις αὐτὸν ἐπιθεῖσα Κικέρωνι καὶ Λεπίδῳ καὶ Πάσσᾳ καὶ Ἱρτίῳ <note resp="ed" place="unspecified" anchored="yes">
<foreign lang="greek">Ἰρτίῳ</foreign> * hic et infra: <foreign lang="greek">ἰρτίῳ</foreign>
</note> καὶ
               Μάρκῳ Ἀντωνίῳ<note resp="ed" place="unspecified" anchored="yes">
<foreign lang="greek">Μάρκῳ Αντωνίῳ</foreign> Basileensis: <foreign lang="greek">ἀντωνίῳ καὶ μάρκῳ</foreign>. Vid. Praefatio p. XXXIX</note>, ταῖς ἐκείνων ἀριστείαις καὶ χερσὶ καὶ νίκαις
<milestone unit="tlnum" n="5"/> καὶ στόλοις καὶ πολέμοις <note resp="ed" place="unspecified" anchored="yes">
<foreign lang="greek">καὶ πολέμοις</foreign>] om. mei codd.</note> καὶ στρατοπέδοις
               γενόμενον πρῶτον εἰς ὕψος ἄρασα καὶ καταβαλοῦσα τούτους, διʼ ὧν ἀνέβη,
               μόνον κατέλιπεν. ἐκείνῳ γὰρ ἐπολιτεύετο Κικέρων καὶ Λέπιδος ἐστρατήγει
               καὶ Πάσσας
<milestone unit="stephpage" id="stephpage-319f" n="319f"/> ἐνίκα καὶ
               Ἵρτιος ἔπιπτε καὶ Ἀντώνιος ὕβριζεν. ἐγὼ
<milestone unit="tlnum" n="10"/>
               γὰρ καὶ Κλεοπάτραν αὐτὴν <note resp="ed" place="unspecified" anchored="yes">
<foreign lang="greek">αὐτὴν</foreign> *: <foreign lang="greek">τὴν</foreign>
</note> τύχην Καίσαρος τίθημι, περὶ ἣν ὡς ἕρμα
               κατέδυ καὶ συνετρίβη τηλικοῦτος αὐτοκράτωρ, ἵνʼ ᾖ μόνος; Καῖσαρ.
               λέγεται δέ, πολλῆς οἰκειότητος αὐτοῖς καὶ συνηθείας ὑπαρχούσης, πολλάκις
               σχολαζόντων εἰς παιδιὰν σφαίρας ἢ κύβων ἢ
<milestone unit="tlnum" n="15"/>
               νὴ Δία θρεμμάτων ἁμίλλης·, οἷον ὀρτύγων, ἀλεκτρυόνων, ἀεὶ νικώμενον
               Ἀντώνιον ἀπαλλάττεσθαι· καί τινα τῶν περὶ αὐτὸν ἐπὶ μαντείᾳ
               σεμνυνόμενον
<milestone unit="stephpage" id="stephpage-320a" n="320a"/> πολλάκις
               παρρησιάζεσθαι καὶ νουθετεῖν, “ὦ ἄνθρωπε, τί σοι πρᾶγμα πρὸς τοῦτον
                  ἔστι τὸν νεανίσκον;
<milestone unit="tlnum" n="20"/> φεῦγʼ αὐτόν·
                  ἐνδοξότερος εἶ, πρεσβύτερος εἶ, ἄρχεις πλειόνων, ἐνήθληκας πολέμοις,
                  ἐμπειρίᾳ διαφέρεις· ἀλλʼ ὁ σὸς δαίμων τὸν τούτου φοβεῖται· καὶ ἡ
                  τύχη σου καθʼ ἑαυτήν ἐστι μεγάλη κολακεύει δὲ τὴν τούτου· ἐὰν μὴ
                  μακρὰν ᾖς, οἰχήσεται μεταβᾶσα πρὸς αὐτόν.
<milestone unit="tlnum" n="25"/>” </p>
</div1>
<div1 type="section" n="8">
<p>ἀλλὰ γὰρ αἱ μὲν ἀπὸ τῶν μαρτύρων πίστεις τοσαῦται τῇ Τύχῃ πάρεισι.
               δεῖ δὲ καὶ τὰς ἀπὸ τῶν <pb id="v.2.p.393"/> πραγμάτων αὐτῶν εἰσάγειν,
               ἀρχὴν τοῦ λόγου τὴν ἀρχὴν τῆς; πόλεως; λαβόντας. εὐθὺς γοῦν τίς οὐκ
<milestone unit="stephpage" id="stephpage-320b" n="320b"/> ἂν εἴποι πρὸς τὴν
               Ῥωμύλου γένεσιν καὶ σωτηρίαν καὶ τροφὴν καὶ αὔξησιν τὴν μὲν Τύχην <note resp="ed" place="unspecified" anchored="yes">
<foreign lang="greek">τὴν μὲν Τύχην - τὴν δʼ Ἀρετὴν</foreign> Huttenus: <foreign lang="greek">ἀρετῆς μὲν - τὴν δὲ τύχην</foreign>
</note>
               ὑποβολὰς <note resp="ed" place="unspecified" anchored="yes">
<foreign lang="greek">ὑποβολὰς</foreign> M: <foreign lang="greek">ὑπερβολὰς</foreign>
</note>
<milestone unit="tlnum" n="5"/> κατατεθεῖσθαι τὴν δʼ Ἀρετὴν
               ἐξῳκοδομηκέναι; πρῶτον μὲν οὖν τὸ περὶ τὴν γένεσιν καὶ τὴν τέκνωσιν
               αὐτῶν τῶν ἱδρυσαμένων <note resp="ed" place="unspecified" anchored="yes">
<foreign lang="greek">ἰδρυσαμένων</foreign> Emperius: <foreign lang="greek">ἐνιδρυσαμένων</foreign>
</note> καὶ κτισάντων τὴν πόλιν εὐτυχίας ἔοικε θαυμαστῆς
               γενέσθαι. θεῷ γὰρ ἡ τεκοῦσα μιχθῆναι λέγεται, καὶ καθάπερ τὸν Ἡρακλέα
               σπαρῆναὶ
<milestone unit="tlnum" n="10"/> φασιν ἐν μακρᾷ νυκτί, τῆς ἡμέρας
               ἐπισχεθείσης παρὰ φύσιν καὶ τοῦ ἡλίου βραδύναντος· οὕτω περὶ τὴν
               Ῥωμύλου σπορὰν καὶ καταβολὴν τὸν ἥλιον
<milestone unit="stephpage" id="stephpage-320c" n="320c"/> ἐκλιπεῖν ἱστοροῦσι, ποιησάμενον ἀτρεκῆ
               σύνοδον πρὸς σελήνην, ὥσπερ ὁ Ἄρης θεὸς ὢν τῇ Σιλβίᾳ θνητῇ
<milestone unit="tlnum" n="15"/> συνῆλθε. τοῦτο δὲ συντυχεῖν τῷ Ῥωμύλῳ
               καὶ περὶ τὴν μετάστασιν αὐτὴν τοῦ βίου· λέγουσι γὰρ ἐκλείποντος· τοῦ
               ἡλίου ἠφανίσθαι, νόνναις καπρατίναις, ἣν ἄχρι νῦν ἡμέραν ἐπιφανῶς
               ἑορτάζουσιν. ἔπειτα γεννηθέντας αὐτούς, τοῦ τυράννου ζητοῦντος <note resp="ed" place="unspecified" anchored="yes">
<foreign lang="greek">ζητοῦντος</foreign> R: <foreign lang="greek">αἰτοῦντος</foreign>
</note> ἀνελεῖν,
<milestone unit="tlnum" n="20"/> παρέλαβε κατὰ τύχην οὐ βάρβαρος οὐδʼ
               ἄγριος ὑπηρέτης, ἐλεήμων δέ τις καὶ φιλάνθρωπος, ὥστε μὴ κτεῖναι· ἀλλὰ
               τοῦ ποταμοῦ τις ἦν ὄχθη χλοερῷ λειμῶνι προσβλύζουσα <note resp="ed" place="unspecified" anchored="yes">
<foreign lang="greek">προσκλίνουσα</foreign> Abreschius</note> καὶ περισκιαζομένη
               χθαμαλοῖς
<milestone unit="stephpage" id="stephpage-320d" n="320d"/> δένδρεσιν
               ἐνταῦθα κατέθηκε τὰ βρέφη πλησίον
<milestone unit="tlnum" n="25"/> ἐρινεοῦ
               τινος, ὃν ῥουμινᾶλιν ὠνόμαζον. εἶτα λύκαινα μὲν νεοτόκος σπαργῶσα καὶ
               πλημμυροῦσα τοὺς <pb id="v.2.p.394"/> μαστοὺς γάλακτι, τῶν σκύμνων
               ἀπολωλότων, αὐτὴ <note resp="ed" place="unspecified" anchored="yes">
<foreign lang="greek">αὐτὴ</foreign>] <foreign lang="greek">αὐτῇ</foreign> W ut cum <foreign lang="greek">ἀπολωλότων</foreign> iungatur</note> χρῄζουσα κουφισμοῦ, περιέστειξε <note resp="ed" place="unspecified" anchored="yes">
<foreign lang="greek">περιέστειξε</foreign> *: <foreign lang="greek">περιέστηξε</foreign>
</note> τὰ βρέφη καὶ θηλὴν
               ἐπέσχεν, ὥσπερ ὠδῖνα δευτέραν ἀποτιθεμένη τὴν τοῦ γάλακτος. ἱερὸς δʼ
               ὄρνις Ἄρεος, ὃν δρυοκολάπτην
<milestone unit="tlnum" n="5"/> καλοῦσιν,
               ἐπιφοιτῶν καὶ προσκαθίζων ἀκρώνυχος, ἐν μέρει τῶν νηπίων ἑκατέρου στόμα <note resp="ed" place="unspecified" anchored="yes">
<foreign lang="greek">στόμα</foreign>] <foreign lang="greek">τὸ στόμα</foreign>?</note>
               τῇ χηλῇ διοίγων, ἐνετίθει ψώμισμα, τῆς αὑτοῦ τροφῆς ἀπομερίζων. τὸν
               μὲν οὖν ἐρινεὸν ῥουμινᾶλιν ὠνόμασαν ἀπὸ τῆς θηλῆς, ἣν ἡ λύκαινα παρʼ
               αὐτὸν ὀκλάσασα
<milestone unit="tlnum" n="10"/>
<milestone unit="stephpage" id="stephpage-320e" n="320e"/> τοῖς βρέφεσι παρέσχε
               μέχρι δὲ πολλοῦ διεφύλαττον οἱ περὶ τὸν τόπον ἐκεῖνον κατοικοῦντες μηδὲν
               ἐκτιθέναι τῶν γεννωμένων, ἀλλʼ ἀναιρεῖσθαι πάντα καὶ τρέφειν, τὸ
               Ῥωμύλου πάθος καὶ τὴν ὁμοιότητα τιμῶντες. καὶ μὴν τό τε λαθεῖν αὐτοὺς
               τρεφομένους
<milestone unit="tlnum" n="15"/> καὶ παιδευομένους ἐν Γαβίοις καὶ
               ἀγνοηθῆναι Σιλβίας
<milestone unit="stephpage" id="stephpage-320f" n="320f"/>
               ὄντας υἱοὺς καὶ θυγατριδοῦς Νομίτορος τοῦ βασιλέως παντάπασι Τύχης
               κλέμμα καὶ σόφισμα φαίνεται γεγενημένον, ὅπως μὴ ἀπόλωνται πρὸ τῶν
               ἔργων διὰ τὸ γένος, ἀλλʼ ἐν αὐτοῖς φανῶσι τοῖς
<milestone unit="tlnum" n="20"/> κατορθώμασι, γνώρισμα <note resp="ed" place="unspecified" anchored="yes">
<foreign lang="greek">γνώρισμα</foreign> Aldina: <foreign lang="greek">γνωρίσματα</foreign>
</note> τῆς εὐγενείας τὴν ἀρετὴν παρέχοντες.
               ἐνταῦθά μοι μεγάλου καὶ φρονίμου στρατηγοῦ λόγος ἔπεισι Θεμιστοκλέους,
               ῥηθεὶς πρός τινας τῶν ὕστερον εὐημερούντων Ἀθήνησι στρατηγῶν καὶ
               προτιμᾶσθαι τοῦ Θεμιστοκλέους ἀξιούντων.
<milestone unit="tlnum" n="25"/> ἔφη
               γὰρ τὴν ὑστεραίαν ἐρίσαι πρὸς τὴν ἑορτὴν λέγουσαν ὡς ἐκείνη μέν ἐστι
               κοπώδης; καὶ ἄσχολος, <pb id="v.2.p.395"/> ἐν αὐτῇ δὲ τῶν παρεσκευασμένων
               ἀπολαύουσι μεθʼ ἡσυχίας τὴν οὖν ἑορτὴν εἰπεῖν “ἀληθῆ λέγεις, ἀλλʼ
                  ἐμοῦ μὴ γενομένης, ποῦ ἂν σὺ ἦσθα;ʼ” “κἀμοῦ τοίνυν” ἔφη “μὴ γενομένου περὶ τὰ Μηδικά, τίς ἂν ὑμῶν
<milestone unit="tlnum" n="5"/> ἦν νῦν ὄνησις;ʼ” τοῦτό μοι δοκεῖ
               πρὸς τὴν Ῥωμύλου Ἀρετὴν ἡ Τύχη λέγειν “λαμπρὰ μὲν τὰ σὰ ἔργα καὶ
                  μεγάλα καὶ θεῖον ὡς ἀληθῶς ἐξέφηνας αἷμα καὶ
<milestone unit="stephpage" id="stephpage-321a" n="321a"/> γένος οὖσαν σεαυτὴν ἀλλʼ
                  ὁρᾷς πόσον ὑστερεῖς μου; εἰ γὰρ ἐγὼ τότε μὴ παρηκολούθησα χρηστὴ
                  καὶ
<milestone unit="tlnum" n="10"/> φιλάνθρωπος, ἀλλʼ ἀπέλιπον καὶ
                  προηκάμην τὰ νήπια, σὺ πῶς ἂν ἐγένου καὶ πόθεν ἐξέλαμψας; εἰ τότε
                  μὴ θῆλυ θηρίον ἐπῆλθε φλεγμαῖνον ὑπὸ πλήθους καὶ φορᾶς γάλακτος καὶ
                  τραφησομένου δεόμενον μᾶλλον ἢ θρέψοντος, ἀλλʼ ἀνήμερόν τι τελέως καὶ
                  λιμῶττον,
<milestone unit="tlnum" n="15"/> οὐκ ἂν ἔτι νῦν τὰ καλὰ ταῦτα
                  βασίλεια καὶ ναοὶ καὶ θέατρα καὶ περίπατοι καὶ ἀγορὰ καὶ ἀρχεῖα
                  βοτηρικαὶ <note resp="ed" place="unspecified" anchored="yes">
<foreign lang="greek">βοτηρικαὶ</foreign> *: <foreign lang="greek">βοτῆραι καὶ</foreign>
</note> καλύβαι καὶ σταθμοὶ νομέων ἦσαν, Ἀλβανὸν
<milestone unit="stephpage" id="stephpage-321b" n="321b"/> ἢ Τυρρηνὸν ἢ Λατῖνον
                  ἄνδρα δεσπότην προσκυνούντων” ἀρχὴ μὲν δὴ μέγιστον ἐν παντί,
               μάλιστα
<milestone unit="tlnum" n="20"/> δʼ ἐν ἱδρύσει καὶ κτίσει πόλεως·
               ταύτην δʼ ἡ Τύχη παρέσχε, σῴσασα καὶ φυλάξασα τὸν κτίστην· ἡ μὲν γὰρ
               Ἀρετὴ μέγαν ἐποίησε Ῥωμύλον, ἡ Τύχη δʼ ἄχρι τοῦ γενέσθαι μέγαν
               ἐτήρησε, </p>
</div1>
<div1 type="section" n="9">
<p>καὶ μὴν τήν γε Νομᾶ βασιλείαν πολυχρονιωτάτην
<milestone unit="tlnum" n="25"/>
               γενομένην ὁμολογουμένως εὐτυχία διεκυβέρνησε θαυμαστή. τὸ μὲν γὰρ
               Ἐγερίαν τινά, νυμφῶν μίαν δρυάδων, δαίμονα σοφὴν ἔρωτι τἀνδρὸς <note resp="ed" place="unspecified" anchored="yes">
<foreign lang="greek">τἀνδρὸς</foreign> *: <foreign lang="greek">τʼ ἀνδρὸς</foreign>
</note> ἐν
               συνουσίᾳ γενομένην, παραπαιδαγωγεῖν καὶ συσχηματίζειν <pb id="v.2.p.396"/> τὴν
               πολιτείαν, ἴσως μυθωδέστερόν ἐστι.
<milestone unit="stephpage" id="stephpage-321c" n="321c"/> καὶ γὰρ ἄλλοι λεχθέντες ἅψασθαι γάμων
               θείων καὶ θεοῖς ἐράσμιοι γενέσθαι, Πηλεῖς καὶ Ἀγχῖσαι καὶ Ὠρίωνες
               καὶ Ἠμαθίωνες, οὐ πάντως; ἀγαπητῶς; οὐδʼ
<milestone unit="tlnum" n="5"/>
               ἀλύπως διεβίωσαν. ἀλλὰ Νομᾶς ἔοικε τὴν ἀγαθὴν Τύχην ἔχειν ὡς
               ἀληθῶς σύνοικον καὶ σύνεδρον καὶ συνάρχουσαν ἣ καθάπερ ἐν κλύδωνι
               θολερῷ καὶ τεταραγμένῳ πελάγει τῇ τῶν προσοίκων καὶ γειτόνων ἔχθρᾳ
               καὶ χαλεπότητι, τὴν πόλιν φερομένην
<milestone unit="tlnum" n="10"/> καὶ
               φλεγμαίνουσαν ὑπὸ μυρίων πόνων καὶ διχοστασιῶν παραλαβοῦσα τοὺς μὲν
               ἀντιτεταγμένους θυμοὺς
<milestone unit="stephpage" id="stephpage-321d" n="321d"/>
               καὶ φθόνους; ὥσπερ πνεύματα κατέσβεσεν οἷα δέ φασι τὰς ἀλκυόνων λοχείας
               παραδεξαμένην τὴν θάλατταν ἐν χειμῶνι σῴζειν καὶ συνεκτιθηνεῖσθαι, τοιαύτην
               ἀναχεαμένη
<milestone unit="tlnum" n="15"/> καὶ περιστήσασα γαλήνην πραγμάτων
               ἀπόλεμον <note resp="ed" place="unspecified" anchored="yes">
<foreign lang="greek">ἀπόλεμον</foreign> R: <foreign lang="greek">καὶ ἀπόλεμον</foreign>
</note> καὶ ἄνοσον καὶ ἀκίνδυνον καὶ ἄφοβον, νεοσταθεῖ δήμῳ καὶ
               κραδαινομένῳ παρέσχε ῥιζῶσαι καὶ καταστῆσαι τὴν πόλιν, αὐξανομένην ἐν
               ἡσυχίᾳ βεβαίως καὶ ἀνεμποδίστως. ὥσπερ γὰρ ὁλκὰς ἢ τριήρης
               ναυπηγεῖται
<milestone unit="tlnum" n="20"/> μὲν ὑπὸ πληγῶν καὶ βίας πολλῆς,
               σφύραις καὶ ἥλοις ἀρασσομένη καὶ γομφώμασι καὶ πρίοσι καὶ πελέκεσι,
               γενομένην δὲ στῆναι δεῖ καὶ παγῆναι σύμμετρον χρόνον, ἕως οἵ τε δεσμοὶ
               κάτοχοι γένωνται καὶ
<milestone unit="stephpage" id="stephpage-321e" n="321e"/>
               συνήθειαν <note resp="ed" place="unspecified" anchored="yes">
<foreign lang="greek">συνήθειαν</foreign>] <foreign lang="greek">συνάφειαν</foreign>?</note> οἱ γόμφοι λάβωσιν· ἐὰν δὲ ὑγροῖς ἔτι
<milestone unit="tlnum" n="25"/>καὶ περιολισθάνουσι τοῖς ἁρμοῖς; κατασπασθῇ, πάντα χαλάσει
               διατιναχθέντα καὶ δέξεται τὴν θάλατταν· οὕτω τὴν Ῥώμην ὁ μὲν πρῶτος
               ἄρχων καὶ δημιουργὸς <pb id="v.2.p.397"/> ἐξ ἀγρίων καὶ βοτήρων ὥσπερ ἐκ
               δρυόχων κραταιῶν συνιστάμενος, οὐκ ὀλίγους πόνους ἔσχεν οὐδὲ μικροῖς
               ἀντήρεισε πολέμοις καὶ κινδύνοις ἐξ ἀνάγκης ἀμυνόμενος τοὺς
               ἀνθισταμένους πρὸς τὴν γένεσιν καὶ
<milestone unit="tlnum" n="5"/> ἵδρυσιν
               αὐτῆς· ὁ δὲ δεύτερος παραλαβὼν χρόνον παρέσχε πῆξαι καὶ βεβαιῶσαι τὴν
               αὔξησιν τῇ εὐτυχίᾳ,
<milestone unit="stephpage" id="stephpage-321f" n="321f"/>
               ἐπιλαβόμενος; πολλῆς μὲν εἰρήνης πολλῆς δʼ ἡσυχίας. εἰ δὲ τότε Πορσίνας
               τις ἐπέβρισε Τυρρηνικὸν χάρακα
<milestone unit="tlnum" n="10"/> καὶ
               στρατόπεδον παραστήσας τείχεσιν ὑγροῖς ἔτι καὶ κραδαινομένοις ἤ τις ἐκ
               Μαρσῶν ἀποστὰς ἀρειμάνιος δυνάστης ἢ Λευκανὸς ὑπὸ φθόνου καὶ
               φιλονεικίας, ἀνὴρ δύσερις καὶ πολεμοποιός, οἷος ὕστερον Μουτίλος <note resp="ed" place="unspecified" anchored="yes">
<foreign lang="greek">Μουτίλος</foreign> X: <foreign lang="greek">μούϊλος</foreign>
</note> ἢ
               Σίλων ὁ θρασὺς ἢ τὸ ἔσχατον Σύλλα πάλαισμα Τελεσῖνος, <note resp="ed" place="unspecified" anchored="yes">
<foreign lang="greek">Τελεσῖνος</foreign> Basileensis: <foreign lang="greek">ἢ τελεσῖνος</foreign>
</note> ὡς <note resp="ed" place="unspecified" anchored="yes">
<foreign lang="greek">ὡς</foreign> eadem: <foreign lang="greek">ὃς</foreign>
</note> ἀφʼ ἑνὸς
               συνθήματος ὅλην
<milestone unit="tlnum" n="15"/> ἐξοπλίζων τὴν Ἰταλίαν, τὸν
               φιλόσοφον Νομᾶν περιεσάλπιζε θύοντα καὶ προσευχόμενον, οὐκ ἂν ἀντέσχον
               αἱ πρῶται τῆς πόλεως ἀρχαὶ πρὸς σάλον καὶ κλύδωνα
<milestone unit="stephpage" id="stephpage-322a" n="322a"/> τοσοῦτον οὐδʼ εἰς εὐανδρίαν
               καὶ πλῆθος ἐπέδωκαν· νῦν δʼ ἔοικε τῆς πρὸς τοὺς ὕστερον πολέμους
<milestone unit="tlnum" n="20"/> παρασκευῆς ἑφόδιον Ῥωμαίοις ἡ τότʼ
               εἰρήνη γενέσθαι, καὶ καθάπερ ἀθλητὴς ὁ δῆμος ἐκ τῶν κατὰ Ῥωμύλον
               ἀγώνων ἐν ἡσυχίᾳ χρόνον ἐτῶν τριῶν καὶ τετταράκοντα σωμασκήσας τὴν
               δύναμιν ἀξιόμαχον καταστῆσαι τοῖς ὕστερον ἀντιταττομένοις. οὐδὲ γὰρ
               λιμὸν οὐδὲ
<milestone unit="tlnum" n="25"/> λοιμὸν οὐδʼ ἀφορίαν γῆς οὐδʼ
               ἀωρίαν τινὸς θέρους ἢ χειμῶνος ἐν τῷ τότε χρόνῳ παραλυπῆσαι τὴν
               Ῥώμην λέγουσιν, ὡς οὐκ ἀνθρωπίνης εὐβουλίας ἀλλὰ <pb id="v.2.p.398"/>
               θείας Τύχης ἐπιτροπευούσης τῶν καιρῶν ἐκείνων. ἐκλείσθη δʼ οὖν τότε
               καὶ τὸ τοῦ Ἰανοῦ δίπυλον, ὃ
<milestone unit="stephpage" id="stephpage-322b" n="322b"/> πολέμου πύλην καλοῦσιν· ἀνέῳγε μὲν γάρ, ὅταν ᾖ πόλεμος,
               κλείεται δʼ εἰρήνης γενομένης. Νομᾶ δʼ
<milestone unit="tlnum" n="5"/>
               ἀποθανόντος ἀνεῴχθη, τοῦ πρὸς Ἀλβανοὺς πολέμου συρραγέντος. εἶτα
               μυρίων ἄλλων συνεχῶς ὑπολαμβανόντων, πάλιν διʼ ἐτῶν ὀγδοήκοντα καὶ
               τετρακοσίων ἐκλείσθη μετὰ τὸν πρὸς Καρχηδονίους πόλεμον εἰρήνης
               γενομένης, Γαΐου Ἀτιλίου καὶ Τίτου Μαλλίου <note resp="ed" place="unspecified" anchored="yes">
<foreign lang="greek">Μαλλίου</foreign> *</note>
<milestone unit="tlnum" n="10"/> ὑπάτων. μετὰ δὲ τοῦτον τὸν ἐνιαυτὸν αὖθις ἀνεῴχθη καὶ διέμειναν οἱ
               πόλεμοι μέχρι <note resp="ed" place="unspecified" anchored="yes">
<foreign lang="greek">μέχρι</foreign> Benselerus: <foreign lang="greek">ἄχρι</foreign>
</note> τῆς ἐν Ἀκτίῳ νίκης Καίσαρος· τότε δʼ ἤργησε τὰ
               Ῥωμαίων
<milestone unit="stephpage" id="stephpage-322c" n="322c"/> ὅπλα χρόνον
               οὐ πολύν· αἱ γὰρ ἀπὸ Καντάβρων ταραχαὶ καὶ Γαλατίαι <note resp="ed" place="unspecified" anchored="yes">
<foreign lang="greek">Γαλατίαι</foreign> R: <foreign lang="greek">γαλατίας</foreign>
</note> συρραγεῖσαι
               Γερμανοῖς, συνετάραξαν
<milestone unit="tlnum" n="15"/> τὴν εἰρήνην. ἀλλὰ
               ταῦτα μὲν εὐτυχίας τῆς Νομᾶ προσιστόρηται μαρτύρια. </p>
</div1>
<div1 type="section" n="10">
<p>τὴν δὲ Τύχην καὶ οἱ μετʼ ἐκεῖνον ἐθαύμασαν βασιλεῖς ὡς πρωτόπολιν καὶ
               τιθηνὸν καὶ “φερέπολιν” <note resp="ed" place="unspecified" anchored="yes">
<foreign lang="greek">φερέπολιν</foreign>] cf. Paus. IV 30, 6</note> τῆς Ῥώμης ἀληθῶς κατὰ Πίνδαρον. <note resp="ed" place="unspecified" anchored="yes">
<foreign lang="greek">κατὰ Πίνδαρον. Σέρβιος δὲ Τύλλιος</foreign> W: <foreign lang="greek">κατὰ Πίνδαρον· ἔξεστι δʼ οὕτω θεωρεῖν. ἱερόν ἐστιν Ἀρετῆς ἐν Ῥώμῃ τιμώμενον, ὃ Οὐρτοῦτις αὐτοὶ καλοῦσιν, ἀλλʼ ὀψὲ καὶ μετὰ πολλοὺς χρόους ἱδρυθὲν ὑπὸ Μαρκέλλου τοῦ Συρακούσας ἑλοντος. ἔστι δὲ καὶ Γνώμης, ἢ νὴ Δία ʽεὐβουλίας βεώς, ἣν Μέντεμ καλοῦσιν, ἀλλὰ καὶ τοῦτο Σκαῦρος Αἰμιλιος περὶ τὰ Κιμβρικὰ τοῖς χρόνοις γεγονὼς καθείρωσεν, ἤδη τότε λόγων καὶ σοφισμάτων καὶ στωμυλίας Ἑλληνικῆς εἰς τὴν πόλιν παρεισρυείσης. σοφίας δὲ ἔτι καὶ ϝῦν ἱερὸν οὐκ ἒχουσιν οὐδὲ σωφροσύνης οὐδὲ καρτερίας οὐδὲ μεγαλοψυχίας· ἀλλὰ τά γε τῆς Τύχης ἱερὰ πάμπολλα καὶ παλαιὰ καὶ λαμπρὰ τιμκὶς πᾶσιν ὡς ἕπος εἰπεῖν ἐνίδρυται καὶ καταμέμικται τοῖς ἐπιφανεστάτοις μέρεσι καὶ τόποις τῆς πο?λεως. καὶ τὸ μὲν τῆς ἀνδρείας Τυχης ἱερὸν ὑπὸ</foreign> (<foreign lang="greek">ἀπο</foreign> codd.) <foreign lang="greek"> Μαρκίου Ἀγκου τοῦ τετάρτου βασιλέως ἱδρυθὲν καὶ ὀνομασθὲν οὕτως, ὅτι πλεῖστον ἡ ἀνδρεία τύχης</foreign> (ita W: <foreign lang="greek">πλεῖστον ἀνδρείας ἢ τύχης</foreign>) <foreign lang="greek">εἰς τὸ νικᾶν μετέσχηκε· τὸ δὲ τῆς γυναικείας αὖθις ὑπὸ</foreign> (<foreign lang="greek">ἀπο</foreign> codd.) <foreign lang="greek">τῶν γυναικῶν, αἳ Μάρκιον Κοριολᾶνον ἀπέστρεψαν ἐπάγοντα τ͂ͅ Ῥωμῃ πολεμίους, καθοσιωθὲν οὐδεὶς ἀγνοεῖ. Σέρβιος δὲ Τύλλιος</foreign>
</note> Σέρβιος
                  <pb id="v.2.p.399"/> δὲ Τύλλιος, ἀνὴρ τῶν βασιλέων μάλιστα καὶ τὴν
               δύναμιν αὐξήσας τοῦ δήμου καὶ τὸ πολίτευμα κοσμήσας καὶ τάξιν μὲν
               ἐπιθεὶς ταῖς ψηφοφορίαις, τάξιν δὲ ταῖς στρατείαις, τιμητὴς δὲ πρῶτος καὶ
               βίων ἐπίσκοπος
<milestone unit="tlnum" n="5"/> καὶ σωφροσύνης γενόμενος καὶ
               δοκῶν ἀνδρειότατος εἶναι καὶ φρονιμώτατος, αὐτὸς,· ἑαυτὸν εἰς τὴν
               Τύχην ἀνῆπτε καὶ ἀνεδεῖτο τὴν ἡγεμονίαν ἐξ ἐκείνης·
<milestone unit="stephpage" id="stephpage-322f" n="322f"/> ὥστε καὶ συνεῖναι δοκεῖν
               αὐτῷ τὴν Τύχην διά τινος θυρίδος καταβαίνουσαν εἰς τὸ δωμάτιον, ὃ νῦν
<milestone unit="tlnum" n="10"/>Φενέστελλαν πύλην καλοῦσιν. ἱδρύσατο δʼ
               οὖν Τύχης ἱερὸν ἐν μὲν Καπετωλίῳ <note resp="ed" place="unspecified" anchored="yes">
<foreign lang="greek">Καπετωλίῳ</foreign> * hic et infra: <foreign lang="greek">καπιτωλίῳ</foreign>
</note> τὸ τῆς; Πριμιγενείας λεγομένης, ὃ
               πρωτογόνου τις ἂν ἑρμηνεύσειε καὶ τὸ τῆς Ὀψεκουέντις, ἣν οἱ μὲν
               πειθήνιον οἱ δὲ μειλίχιον εἶναι νομίζουσι. μᾶλλον δὲ τὰς Ῥωμαϊκὰς
               ἐάσας
<milestone unit="tlnum" n="15"/> ὀνομασίας Ἑλληνιστὶ τὰς δυνάμεις τῶν
               ἱδρυμάτων πειράσομαι καταριθμήσασθαι. καὶ γὰρ ἰδίας Τύχης ἱερόν ἐστιν
               ἐν Παλατίῳ, καὶ τὸ τῆς ἰξευτρίας, εἰ καὶ γελοῖον, ἀλλʼ ἔχον ἐκ
               μεταφορᾶς ἀναθεώρησιν, οἷον ἑλκούσης τὰ πόρρω καὶ κρατούσης
               συμπροσισχόμενα.
<milestone unit="tlnum" n="20"/> παρὰ δὲ τὴν Μουσκῶσαν <note resp="ed" place="unspecified" anchored="yes">
<foreign lang="greek">Μουσκώσαν</foreign> Basileensis: <foreign lang="greek">μουσικώσαν</foreign>
</note>
               καλουμένην
<milestone unit="stephpage" id="stephpage-323a" n="323a"/> κρήνην ἔτι
               Παρθένου Τύχης ἱερόν ἐστι καὶ ἐν Αἰσκυλίαις <note resp="ed" place="unspecified" anchored="yes">
<foreign lang="greek">Αἰσκυλίαις</foreign> M: <foreign lang="greek">αβισκύμαις</foreign>
</note> ἐπιστρεφομένης· ἐν δὲ
               τῷ μακρῷ στενωπῷ <pb id="v.2.p.400"/> Τύχης βωμὸς εὐέλπιδος· <note resp="ed" place="unspecified" anchored="yes">
<foreign lang="greek">εὐέλπιδος</foreign> X: <foreign lang="greek">εὐέλπιδος ἢ ὡς ἐλπίδος</foreign>
</note> ἔστι δὲ
               καὶ παρὰ τὸν τῆς Ἀφροδίτης Ἐπιταλαρίου <note resp="ed" place="unspecified" anchored="yes">
<foreign lang="greek">ἐπιταλαρίου</foreign>] fort. <foreign lang="greek">ἐπιταλασίου</foreign>
</note> βωμὸν ἄρρενος Τύχης ἕδος,·.
               ἄλλαι τε μυρίαι Τύχης τιμαὶ καὶ ἐπικλήσες, ὧν τὰς πλείστας Σερούιος
               κατέστησεν, εἰδὼς ὅτι μεγάλη
<milestone unit="tlnum" n="5"/> ῥοπὴ μᾶλλον δʼ
               ὅλον ἡ Τύχη παρὰ πάντʼ ἐστὶ τὰ τῶν ἀνθρώπων πράγματα, καὶ μάλιστὰ γʼ
               αὐτοῦ διʼ εὐτυχίαν ἐξ αἰχμαλώτου καὶ πολεμίου γένους εἰς
<milestone unit="stephpage" id="stephpage-323b" n="323b"/> βασιλείαν προαχθέντος. τοῦ γὰρ
               Κορνικλάνων ἄστεος ἁλόντος ὑπὸ Ῥωμαίων, Ὀκρησία παρθένος αἰχμάλωτος,
<milestone unit="tlnum" n="10"/> ἧς οὐδὲ τὴν ὄψιν οὐδὲ τὸν τρόπον
               ἠμαύρωσεν ἡ τύχη, δοθεῖσα Τανακυλλίδι <note resp="ed" place="unspecified" anchored="yes">
<foreign lang="greek">Τανακυλλίδι</foreign> Basileensis: <foreign lang="greek">Ταρκυλλίδι</foreign>. Sed p. 401, 10 recte dat <foreign lang="greek">Τανακυλλίδος</foreign> codex V<hi rend="superscript">4</hi>
</note> τῇ Ταρκυνίου γυναικὶ τοῦ
               βασιλέως; ἐδούλευσε· καὶ πελάτης; τις εἶχεν αὐτήν, οὓς κλιέντης
               Ῥωμαῖοι καλοῦσιν· ἐκ τούτων ἐγεγόνει Σερούιος. οἱ δʼ οὔ φασιν, ἀλλὰ
               παρθένον τὴν
<milestone unit="tlnum" n="15"/>Ὀκρησίαν ἀπάργματα καὶ λοιβὴν
               ἑκάστοτε λαμβάνουσαν ἀπὸ τῆς βασιλικῆς τραπέζης ἐπὶ τὴν ἑστίαν κομίζειν
               καί ποτε τυχεῖν μὲν αὐτήν, ὥσπερ εἰώθει, τῷ πυρὶ τὰς ἀπαρχὰς
               ἐπιβάλλουσαν, αἰφνίδιον δὲ τῆς φλογὸς μαρανθείσης μόριον ἀνδρὸς
               ἀνατεῖναι <note resp="ed" place="unspecified" anchored="yes">
<foreign lang="greek">ἀνατεῖλαι</foreign> R</note>
<milestone unit="tlnum" n="20"/>
<milestone unit="stephpage" id="stephpage-323c" n="323c"/> γόνιμον ἐκ τῆς
               ἑστίας, καὶ τοῦτο τὴν κόρην τῇ Τανακυλλίδι <note resp="ed" place="unspecified" anchored="yes">
<foreign lang="greek">Τανακυλλίδι</foreign> Basileensis: <foreign lang="greek">Ταρκυλλίδι</foreign>. Sed p. 401, 10 recte dat <foreign lang="greek">Τανακυλλίδος</foreign> codex V<hi rend="superscript">4</hi>
</note> φράσαι μόνῃ περίφοβον
               γενομένην. τὴν δὲ συνετὴν οὖσαν καὶ φρενήρη κοσμῆσαί τε τὴν κόρην ὅσα
               νύμφαις πρέπει καὶ συγκαθεῖρξαι τῷ φάσματι, θεῖον ἡγουμένην. οἱ μὲν
               ἥρωος οἰκουροῦ
<milestone unit="tlnum" n="25"/> λέγουσιν, οἱ δʼ Ἡφαίστου
               τὸν ἔρωτα τοῦτον γενέσθαι. τίκτεται δʼ οὖν Σερούιος, καὶ βρέφους ὄντος
                  <pb id="v.2.p.401"/> ἡ κεφαλὴ σέλας ἀστραπῇ παραπλήσιον ἀπήστραψεν. οἱ
               δὲ περὶ Ἀντίαν οὐχ οὕτω λέγουσιν, ἀλλὰ τυχεῖν μὲν τῷ Σερουίῳ τὴν
               γυναῖκα Γεγανίαν <note resp="ed" place="unspecified" anchored="yes">
<foreign lang="greek">Γεγανίαν</foreign> Basileensis: <foreign lang="greek">γετανίαν</foreign>
</note> θνήσκουσαν, αὐτὸν δὲ τῆς μητρὸς; παρούσης εἰς ὕπνον ἐκ
               δυσθυμίας
<milestone unit="tlnum" n="5"/>
<milestone unit="stephpage" id="stephpage-323d" n="323d"/> καὶ λύπης ἀποκλιθῆναι·
               καὶ καθεύδοντος αὐτοῦ ταῖς γυναιξὶν ὀφθῆναι τὸ πρόσωπον αὐτοῦ πυρὶ
               περιλαμπόμενον· ὅπερ ἦν μαρτύριον αὐτῷ τῆς ἐκ πυρὸς γενέσεως, σημεῖον
               δὲ χρηστὸν ἐπὶ τὴν ἀπροσδόκητον ἡγεμονίαν, ἧς ἔτυχε μετὰ τὴν
               Ταρκυνίου
<milestone unit="tlnum" n="10"/> τελευτήν,. Τανακυλλίδος σπουδασάσης.
               ἐπεὶ πάντων γε τῶν βασιλέων πρὸς μοναρχίαν οὗτος ἀφυέστατος δοκεῖ
               γενέσθαι καὶ ἀπροθυμότατος, ὅς γε τὴν βασιλείαν ἀποθέσθαι διανοηθεὶς
               ἐκωλύθη τελευτῶσα γὰρ ὡς ἔοικεν ἐξώρκωσε τοῦτον ἐμμεῖναι τῇ ἀρχῇ
               καὶ
<milestone unit="tlnum" n="15"/> μὴ <note resp="ed" place="unspecified" anchored="yes">
<foreign lang="greek">μὴ</foreign> X</note> προέσθαι τὴν πάτριον Ῥωμαίων
               πολιτείαν. οὕτως ἡ Σερουίου βασιλεία παντάπασι τῆς Τύχης, ἣν ἔλαβὲ τε
               μὴ προσδοκήσας καὶ μὴ βουλόμενος διεφύλαξεν.
<milestone unit="stephpage" id="stephpage-323e" n="323e"/>
</p>
</div1>
<div1 type="section" n="11">
<p>ἀλλʼ ἵνα μὴ δοκῶμεν ὥσπερ εἰς τόπον ἀμαυρὸν τὸν παλαιὸν χρόνον ἐκ τῶν
               λαμπρῶν καὶ
<milestone unit="tlnum" n="20"/> ἐναργῶν τεκμηρίων φεύγειν καὶ
               ὑποχωρεῖν, φέρε τοὺς βασιλεῖς ἐάσαντες ἐπὶ τὰς γνωριμωτάτας πράξεις καὶ
               τοὺς ἐπιφανεστάτους πολέμους τὸν λόγον μεταγάγωμεν. οἷς πολλὴν τόλμαν καὶ
               ἀνδρείαν “αἰδῶ τε συνεργὸν ἀρετᾶς δοριμάχου” ὥς φησι Τιμόθεος, <note resp="ed" place="unspecified" anchored="yes">
<foreign lang="greek">Τιμόθεος</foreign>] Bergk. 3 p. 622</note>
<milestone unit="tlnum" n="25"/>
<milestone unit="stephpage" id="stephpage-323f" n="323f"/> τίς οὐκ ἂν
               ὁμολογήσειεν; ἡ δʼ εὔροια τῶν πραγμάτων καὶ τὸ ῥόθιον τῆς εἰς τοσαύτην
               δύναμιν καὶ αὔξησιν ὁρμῆς, οὐ χερσὶν ἀνθρώπων οὐδʼ ὁρμαῖς <note resp="ed" place="unspecified" anchored="yes">
<foreign lang="greek">ὁρμαῖς</foreign>] <foreign lang="greek">γνώμαις</foreign> W</note>
<pb id="v.2.p.402"/> προχωροῦσαν <note resp="ed" place="unspecified" anchored="yes">
<foreign lang="greek">προχωροῦσαν</foreign> R: <foreign lang="greek">προσχωροῦσαν</foreign>
</note> ἡγεμονίαν, θείᾳ δὲ πομπῇ καὶ πνεύματι
               Τύχης ἐπιταχυνομένην, <note resp="ed" place="unspecified" anchored="yes">
<foreign lang="greek">ἐπιταχυνομένην</foreign> idem: <foreign lang="greek">ἐπιταχυνομέηνς</foreign>
</note> ἐπιδείκνυται τοῖς ὀρθῶς λογιζομένοις. τρόπαια
               τροπαίοις ἐπανίσταται καὶ θριάμβοι θριάμβοις ἀπαντῶσι, καὶ τὸ πρῶτον
               αἷμα
<milestone unit="tlnum" n="5"/> τῶν ὅπλων ἔτι θερμὸν ἀποκλύζεται τῷ
               δευτέρῳ καταλαμβανόμενον. τὰς δὲ νίκας ἀριθμοῦσιν οὐ νεκρῶν πλήθει καὶ
               λαφύρων, ἀλλὰ βασιλείαις αἰχμαλώτοις καὶ δεδουλωμένοις ἔθνεσι καὶ νήσοις
               καὶ ἠπείροις προσοριζομέναις <note resp="ed" place="unspecified" anchored="yes">
<foreign lang="greek">προσοριζομέναις</foreign> Emperius: <foreign lang="greek">προσορμιζομέναις</foreign>
</note> τῷ μεγέθει τῆς ἡγεμονίας.
<milestone unit="tlnum" n="10"/> μιᾷ μάχῃ Φίλιππος <note resp="ed" place="unspecified" anchored="yes">
<foreign lang="greek">Φίλιππος - Μακεδονίαν</foreign> Basileensis: <foreign lang="greek">φίλιππον - μακεδονία</foreign>
</note> ἀπέβαλε Μακεδονίαν, μιᾷ
               πληγῇ παρεχώρησεν Ἀντίοχος Ἀσίας, ἅπαξ Καρχηδόνιοι
<milestone unit="stephpage" id="stephpage-324a" n="324a"/> σφαλέντες ἀπώλεσαν Λιβύην.
               εἷς ἀνὴρ μιᾶς ὁρμῇ στρατιᾶς Ἀρμενίαν προσεκτήσατο Πόντον Εὔξεινον
               Συρίαν Ἀραβίαν Ἀλβανοὺς; Ἴβηρας τὰ μέχρι Καυκάσου
<milestone unit="tlnum" n="15"/> καὶ Ὑρκανῶν· καὶ τρὶς αὐτὸν ὁ περιρρέων τὴν
               οἰκουμένην Ὠκεανὸς εἶδε νικῶντα. Νομάδας μὲν ἐν Λιβύῃ μέχρι τῶν
               μεσηβρινῶν ἀνέκοψεν <note resp="ed" place="unspecified" anchored="yes">
<foreign lang="greek">ἀνέκοψεν</foreign> R: <foreign lang="greek">ἀπέκοψεν</foreign>
</note> ἠιόνων, Ἰβηρίαν δὲ Σερτωρίῳ συννοσήσασαν ἄχρι τῆς
               Ἀτλαντικῆς κατεστρέψατο θαλάσσης· τοὺς δʼ Ἀλβανῶν
<milestone unit="tlnum" n="20"/> βασιλεῖς; διωκομένους περὶ <note resp="ed" place="unspecified" anchored="yes">
<foreign lang="greek">περὶ</foreign> R: <foreign lang="greek">ἐπὶ</foreign>
</note> τὸ Κάσπιον πέλαγος ἔστησε. ταῦτα
               πάντα κατώρθωσε δημοσίᾳ τύχῃ χρώμενος, εἶθʼ ὑπὸ τῆς ἰδίας ἀνετράπη
               μοίρας. ὁ
<milestone unit="stephpage" id="stephpage-324b" n="324b"/> δὲ Ῥωμαίων
               μέγας δαίμων οὐκ ἐφήμερος; πνεύσας οὐδὲ καιρὸν ἀκμάσας βραχὺν ὡς· ὁ
               Μακεδόνων, <note resp="ed" place="unspecified" anchored="yes">
<foreign lang="greek">Μακεδόνων</foreign> *: <foreign lang="greek">μακεδών</foreign>
</note> οὐδὲ
<milestone unit="tlnum" n="25"/> χερσαῖος μόνον ὡς ὁ
               Λακώνων οὐδʼ ἐνάλιος ὡς ὁ <pb id="v.2.p.403"/> Ἀθηναίων, οὐδʼ ὀψὲ
               κινηθεὶς ὡς ὁ Περσῶν, οὐδὲ ταχὺ παυσάμενος ὡς ὁ Κολοφωνίων <note resp="ed" place="unspecified" anchored="yes">
<foreign lang="greek">Κολοφωνίων</foreign>] <foreign lang="greek">Καρχηδονίων</foreign>?</note> ἀλλʼ
               ἄνωθεν ἐκ πρώτων γενέσεων τῇ πόλει συνηβήσας καὶ συναυξηθεὶς καὶ
               συμπολιτευσάμενος, καὶ παραμείνας βέβαιος
<milestone unit="tlnum" n="5"/> ἐν
               γῇ καὶ θαλάττῃ καὶ πολέμοις καὶ εἰρήνῃ καὶ πρὸς βαρβάρους καὶ πρὸς
               Ἕλληνας. οὗτος Ἀννίβαν τὸν Καρχηδόνιον, φθόνῳ καὶ ταῖς πολιτικαῖς
               ἔχθραις μηδενὸς οἴκοθεν ἐπιρρέοντος, ὥσπερ χείμαρρον ἐξέχεε
<milestone unit="stephpage" id="stephpage-324c" n="324c"/> καὶ κατανάλωσε περὶ τὴν
               Ἰταλίαν. οὗτος τὸ Κίμβρων
<milestone unit="tlnum" n="10"/> καὶ τὸ
               Τευτόνων στράτευμα μεγάλοις διαστήμασι τόπων καὶ χρόνων ἐχώρισε καὶ
               διέσπασεν, ἵνʼ ἀρκέσῃ Μάριος ἑκατέροις ἀνὰ μέρος μαχόμενος, καὶ μὴ
               συμπεσοῦσαι τριάκοντα μυριάδες ἀνδρῶν ἀηττήτων καὶ ἀμάχων ὅπλων <note resp="ed" place="unspecified" anchored="yes">
<foreign lang="greek">ὅπλων</foreign>] sanum est. cf. p. 408, 13</note> ὁμοῦ
               κατακλύσωσι τὴν Ἰταλίαν.
<milestone unit="tlnum" n="15"/> διὰ τοῦτον <note resp="ed" place="unspecified" anchored="yes">
<foreign lang="greek">τοῦτον</foreign> R: <foreign lang="greek">τοῦτο</foreign>
</note>
               Ἀντίοχος μὲν ἠσχολεῖτο, πολεμουμένου Φιλίππου, Φίλιππος δέ,
               κινδυνεύοντος Ἀντιόχου, προηττημένος ἔπιπτε· Μιθριδάτην δέ, τοῦ
<milestone unit="stephpage" id="stephpage-324d" n="324d"/>Μαρσικοῦ πολέμου τὴν Ῥώμην
               ἐπιφλέγοντος, οἱ Σαρματικοὶ καὶ Βασταρνικοὶ πόλεμοι κατεῖχον Τιγράνην
<milestone unit="tlnum" n="20"/> δὲ Μιθριδάτου λαμπροῦ μὲν ὄντος ὑπόνοια
               καὶ φθόνος ἐχώριζεν, ἡττωμένῳ δʼ ἀνέμιξεν ἑαυτὸν συναπολέσθαι. </p>
</div1>
<div1 type="section" n="12">
<p>τί δʼ οὐχὶ καὶ περὶ τὰς μεγίστας συμφορὰς ὤρθου τὴν πόλιν ἡ Τύχη;
               Κελτῶν μὲν περὶ τὸ
<milestone unit="tlnum" n="25"/>Καπετώλιον
               στρατοπεδευόντων καὶ πολιορκούντων τὴν ἀκρόπολιν, <quote rend="blockquote">
                  νοῦσον ἀνὰ στρατὸν ὦρσε κακήν, ὀλέκοντο δὲ λαοί· <note resp="ed" place="unspecified" anchored="yes">Hom. A 10</note>
<pb id="v.2.p.404"/>
</quote> τὴν δὲ νυκτερινὴν ἔφοδον αὐτῶν, λεληθότων πάντας ἀνθρώπους, ἡ
               Τύχη καὶ ταὐτόματον <note resp="ed" place="unspecified" anchored="yes">
<foreign lang="greek">ταὐτόματον</foreign> *: <foreign lang="greek">τὸ αὐτόματον</foreign>
</note> ἔκπυστον ἐποίησε γενέσθαι. περὶ ἧς κἀν <note resp="ed" place="unspecified" anchored="yes">
<foreign lang="greek">κἀν</foreign> * <foreign lang="greek">κἂν</foreign>
</note> βραχεῖ
               πλείω διελθεῖν ἴσως οὐκ ἄκαιρόν ἐστι. μετὰ τὴν ἐπʼ Ἀλλίᾳ <note resp="ed" place="unspecified" anchored="yes">
<foreign lang="greek">ἐπʼ Ἀλλίᾳ</foreign> Basileensis: <foreign lang="greek">ἐν παλλίᾳ</foreign>
</note> ποταμῷ
<milestone unit="tlnum" n="5"/>
<milestone unit="stephpage" id="stephpage-324e" n="324e"/>Ῥωμαίων μεγάλην ἧτταν
               οἱ μὲν εἰς Ῥώμην κατάραντες ἀπὸ <note resp="ed" place="unspecified" anchored="yes">
<foreign lang="greek">ἀπὸ</foreign> R: <foreign lang="greek">ὑπὸ</foreign>
</note> τῆς φυγῆς ταραχῆς συναναπλήσαντες τὸν
               δῆμον ἐξεπτόησαν καὶ διεσκέδασαν, ὀλίγων εἰς τὸ Καπετώλιον <note resp="ed" place="unspecified" anchored="yes">
<foreign lang="greek">Καπετώλιον</foreign> unus codex: <foreign lang="greek">κοπιτώλιον</foreign>
</note>
               ἀνασκευασαμένων καὶ διακαρτερούντων. οἱ δʼ εὐθὺς ἀπὸ τῆς τροπῆς; εἰς
               Βηίους συναθροισθέντες
<milestone unit="tlnum" n="10"/> ᾑροῦντο δικτάτωρα
               Φούριον Κάμιλλον, ὃν εὐτυχῶν μὲν καὶ ὑψαυχενῶν ὁ δῆμος ἀπεσείσατο
               καὶ κατέβαλε, δίκῃ περιπεσόντα δημοσίων κλοπῶν πτήξας
<milestone unit="stephpage" id="stephpage-324f" n="324f"/> δὲ καὶ ταπεινωθεὶς ἀνεκαλεῖτο
               μετὰ τὴν ἧτταν, ἐγχειρίζων καὶ παραδιδοὺς ἀνυπεύθυνον ἡγεμονίαν.
<milestone unit="tlnum" n="15"/> ἵνʼ οὖν μὴ καιρῷ δοκῇ νόμῳ δὲ
               λαμβάνειν <note resp="ed" place="unspecified" anchored="yes">
<foreign lang="greek">λαμβάνειν</foreign>] <foreign lang="greek">λαγχάνειν</foreign> Patzigius</note> ὁ ἀνήρ, μηδʼ ὡς ἀπεγνωκὼς τὴν πόλιν ὅπλοις ἀρχαιρεσιάζῃ <note resp="ed" place="unspecified" anchored="yes">
<foreign lang="greek">ἀρχαιρεσιάζῃ τὰ</foreign>] <foreign lang="greek">ἀρχαιρεσιάζηται</foreign> Madvigius</note> τὰ
               τοῦ στρατοῦ σποράδος καὶ πλάνητος, ἔδει τοὺς ἐν Καπετωλίῳ βουλευτὰς
               ἐπιψηφίσασθαι τὴν τῶν στρατιωτῶν γνώμην μαθόντας, ἦν οὖν Γάιος Πόντιος
<milestone unit="tlnum" n="20"/> ἀνὴρ ἀγαθός, καὶ τῶν δεδογμένων
               αὐτάγγελος ὑποστὰς ἔσεσθαι τοῖς ἐν Καπετωλίῳ μέγαν ἀνεδέξατο κίνδυνον
               ἡ γὰρ ὁδὸς ἦν διὰ τῶν πολεμίων κύκλῳ φυλακαῖς καὶ χάραξι τὴν ἄκραν
               περιεχόντων. ὡς οὖν ἐπὶ τὸν ποταμὸν ἦλθε νύκτωρ, φελλοὺς πλατεῖς
<milestone unit="tlnum" n="25"/>
<milestone unit="stephpage" id="stephpage-325a" n="325a"/> ὑποστερνισάμενος καὶ
               τὸ σῶμα τῇ κουφότητι τοῦ <pb id="v.2.p.405"/> ὀχήματος παραθέμενος ἀφῆκε
               τῷ ῥόῳ· τυχὼν δὲ πράου καὶ σχολαίως ὑποφέροντος ἥψατο τῆς ἀντιπέρας
               ὄχθης ἀσφαλῶς, καὶ ἀποβὰς ἐχώρει πρὸς; τὸ τῶν φώτων διάκενον, τῷ τε
               σκότει καὶ τῇ σιωπῇ
<milestone unit="tlnum" n="5"/> τὴν ἐρημίαν
               τεκμαιρόμενος ἐμφὺς δὲ τῷ κρημνῷ, καὶ ταῖς δεχομέναις τὴν ἐπίβασιν καὶ
               παρεχούσαις ἀντίληψιν ἐγκλίσεσι καὶ περιαγωγαῖς καὶ τραχύτησι τῆς πέτρας
               παραδιδοὺς; ἑαυτὸν καὶ ἐπερεισάμενος ἐξίκετο πρὸς τὸ ἀντιπέρας <note resp="ed" place="unspecified" anchored="yes">
<foreign lang="greek">ἀντιπέρας</foreign>] <foreign lang="greek">ἄνω τῆς πέτρας</foreign> Emperius</note> καὶ
               ἀναληφθεὶς ὑπὸ τῶν
<milestone unit="tlnum" n="10"/> προφυλάκων ἐδήλωσε τοῖς
               ἔσω τὰ δεδογμένα καὶ·
<milestone unit="stephpage" id="stephpage-325b" n="325b"/>
               λαβὼν τὸ ψήφισμα πάλιν ᾤχετο πρὸς τὸν Κάμιλλον. ἡμέρας δὲ τῶν
               βαρβάρων τις ἄλλως τὸν τόπον περιιὼν ὡς εἶδε τοῦτο μὲν ἴχνη ποδῶν
               ἀκρώνυχα καὶ περιολισθήσεις, τοῦτο δʼ ἀποτριβὰς καὶ περικλάσεις
<milestone unit="tlnum" n="15"/> τῆς ἐπιβλαστανούσης τοῖς γεώδεσι πόας ὁλκούς τε
               σώματος πλαγίους καὶ ἀπερείσεις, <note resp="ed" place="unspecified" anchored="yes">
<foreign lang="greek">ἐπερείσεις</foreign> R</note> ἔφραζε τοῖς ἄλλοις. οἱ δὲ δείκνυσθαι
               τὴν ὁδὸν αὑτοῖς ὑπὸ τῶν πολεμίων νομίζοντες ἐπεχείρουν ἁμιλλᾶσθαι, καὶ
               τῆς νυκτὸς τὸ ἐρημότατον <note resp="ed" place="unspecified" anchored="yes">
<foreign lang="greek">ἠρεμώτατον</foreign>?</note> διαφυλάξαντες ἀνέβησαν
<milestone unit="tlnum" n="20"/> λαθόντες οὐ μόνον τοὺς φύλακας, ἀλλὰ καὶ τοὺς
<milestone unit="stephpage" id="stephpage-325c" n="325c"/> συνεργοὺς καὶ τοὺς <note resp="ed" place="unspecified" anchored="yes">
<foreign lang="greek">καὶ τοὺς</foreign>] <foreign lang="greek">καὶ</foreign>?</note> προκοίτους
               τῆς φρουρᾶς κύνας ὕπνῳ κρατηθέντας. οὐ μὴν ἠπόρησεν ἡ τῆς Ῥώμης
               Τύχη φωνῆς κακὸν τοσοῦτο μηνῦσαι καὶ φράσαι δυναμένης. χῆνες ἱεροὶ περὶ
               τὸν νεὼν τῆς Ἥρας
<milestone unit="tlnum" n="25"/> ἐτρέφοντο θεραπεύοντες
               τὴν θεόν. φύσει μὲν οὖν τὸ ζῷον εὐθορύβητόν ἐστι καὶ ψοφοδεές· τότε
               δέ, συντόνου περὶ τοὺς ἔνδον οὔσης ἀπορίας ἀμελουμένων <pb id="v.2.p.406"/> αὐτῶν, λεπτὸς ἦν καὶ λιμώδης ὁ ὕπνος, ὡστʼ εὐθὺς ᾔσθοντο τῶν
               πολεμίων ὑπερφανέντων τῆς στεφάνης καὶ καταβοῶντες ἰταμῶς προσεφέροντο,
               καὶ τῇ τῶν ὅπλων ὄψει μᾶλλον ἐκταραττόμενοι κλαγγῆς
<milestone unit="tlnum" n="5"/>
<milestone unit="stephpage" id="stephpage-325d" n="325d"/> διατόρου καὶ τραχείας
               ἐνεπεπλήκεσαν τὸν τόπον· ὑφʼ ἧς ἀναστάντες οἱ Ῥωμαῖοι καὶ
               συμφρονήσαντες τὸ γενόμενον ἐώσαντο καὶ κατεκρήμνισαν τοὺς πολεμίους.
               πομπεύει νῦν ἐπὶ τῶν τότε συμπτωμάτων κύων μὲν ἀνεσταυρωμένος, χὴν
<milestone unit="tlnum" n="10"/> μάλα σεμνῶς ἐπὶ στρωμνῆς πολυτελοῦς καὶ
               φορείου καθήμενος, ἡ δʼ ὄψις ἐπιδείκνυται Τύχης ἰσχὺν καὶ πρὸς ἅπαν
               εὐπορίαν ἐκ τῶν παραλόγων, ὅταν τι πραγματεύηται καὶ στρατηγῇ, νοῦν μὲν
               ἀλόγοις καὶ ἄφροσιν ἀλκὴν δὲ καὶ θράσος δειλοῖς ἐντιθείσης,
<milestone unit="tlnum" n="15"/> τίς γὰρ οὐκ ἂν ὡς ἀληθῶς ἐκπλαγείη καὶ
               θαυμάσειεν,
<milestone unit="stephpage" id="stephpage-325e" n="325e"/> ἐμπαθὴς
               γενόμενος καὶ λογισμῷ τινι τὴν τότε κατήφειαν καὶ τὴν νῦν <note resp="ed" place="unspecified" anchored="yes">
<foreign lang="greek">νῦν</foreign> R</note> ὑπάρχουσαν
               εὐδαιμονίαν τῆς πόλεως περιλαβὼν καὶ ἀποβλέψας ἄνω λαμπρότητα καὶ
               πλοῦτον ἀναθημάτων καὶ τεχνῶν καὶ
<milestone unit="tlnum" n="20"/> φιλοτιμίας
               πόλεων καὶ στεφάνους βασιλέων, καὶ ὅσα γῆ φέρει καὶ θάλαττα καὶ νῆσοι
               καὶ ἤπειροι καὶ ποταμοὶ καὶ δένδρα καὶ ζῷα καὶ πεδία καὶ ὄρη καὶ
               μέταλλα, πάντων ἀπαρχὰς ἐριζούσας εἰς κάλλος ὄψει καὶ χάριτι κοσμούσῃ
               τὸν τόπον, ὡς ταῦτα παρὰ
<milestone unit="tlnum" n="25"/> μικρὸν γενέσθαι μηδʼ
               εἶναι; πυρὶ καὶ σκότει φοβερῷ καὶ ὄρφνῃ <note resp="ed" place="unspecified" anchored="yes">
<foreign lang="greek">ὄρφνῃ</foreign> *: <foreign lang="greek">ὀρφνῇ</foreign>
</note> καὶ ξίφεσι βαρβάροις καὶ
               μιαιφόνοις θυμοῖς κρατουμένων πάντων, εὐτελῆ καὶ <pb id="v.2.p.407"/>
<milestone unit="stephpage" id="stephpage-325f" n="325f"/> ἄλογα καὶ ἄτολμα
               θρέμματα σωτηρίας ἀρχὴν παρέσχε, καὶ τοὺς μεγάλους ἐκείνους ἀριστεῖς καὶ
               ἡγεμόνας Μαλλίους καὶ Σερουίους <note resp="ed" place="unspecified" anchored="yes">
<foreign lang="greek">Σερουίους</foreign>] <foreign lang="greek">Σερουιλίους</foreign> W</note> καὶ Ποστουμίους καὶ Παπιρίους τῶν
               αὖθις οἴκων γενάρχας, παρʼ οὐδὲν ἥκοντας
<milestone unit="tlnum" n="5"/>
               ἀπολέσθαι, χῆνες ἀνέστησαν ὑπὲρ τοῦ πατρίου θεοῦ <note resp="ed" place="unspecified" anchored="yes">
<foreign lang="greek">τοῦ πατρίου θεοῦ</foreign>] <foreign lang="greek">τῶν πατρίων θεῶν</foreign> R</note> καὶ τῆς πατρίδος
               ἀμύνεσθαι; εἰ δέ, ὥσπερ Πολύβιος ἐν τῇ δευτέρᾳ βίβλῳ περὶ τῶν τότε
               τὴν Ῥωμαίων πόλιν καταλαβόντων ἱστόρηκε Κελτῶν, ἀληθές ἐστιν ὅτι
               προσπεσούσης αὐτοῖς ἀγγελίας
<milestone unit="tlnum" n="10"/> φθείρεσθαι τὰ
               οἴκοι, τῶν προσοίκων βαρβάρων ἐμβεβληκότων εἰς τὴν χώραν καὶ κρατούντων,
               ἀνεχώρησαν
<milestone unit="stephpage" id="stephpage-326a" n="326a"/> εἰρήνην
               θέμενοι πρὸς τὸν Κάμιλλον, οὐδʼ ἀμφισβήτησις ἔστι πρὸς τὴν Τύχην, ὡς
               οὐχὶ τῆς· σωτηρίας αἰτία κατέστη περισπάσασα τοὺς πολεμίους,
<milestone unit="tlnum" n="15"/> μᾶλλον δʼ ἀποσπάσασα τῆς Ῥώμης ἀπροσδοκήτως </p>
</div1>
<div1 type="section" n="13">
<p>ἀλλὰ τί δεῖ περὶ ταῦτα διατρίβειν, ἃ σαφὲς; οὐδὲν οὐδʼ ὡρισμένον
               ἔχει τῷ καὶ τὰ πράγματα <note resp="ed" place="unspecified" anchored="yes">
<foreign lang="greek">πράγματα</foreign>] <foreign lang="greek">γράμματα</foreign> R. cf. Liv. 6, 1</note> διαφθαρῆναι τῶν Ῥωμαίων καὶ συγχυθῆναι <note resp="ed" place="unspecified" anchored="yes">
<foreign lang="greek">διαφθαρῆναι - συγχυθῆναι</foreign>] <foreign lang="greek">συγχυθῆναι - διαφθαρῆναι</foreign> Abreschius</note> τοὺς
               ὑπʼ αὐτῶν ὑπομνηματισμούς, ὡς Λίβιος ἱστόρηκε; τὰ γὰρ
<milestone unit="tlnum" n="20"/> ὕστερον μᾶλλον ὄντα δῆλα καὶ καταφανῆ δεικνύει τὴν
               τῆς Τύχης εὐμένειαν. ἐγὼ δὲ τίθεμαι <note resp="ed" place="unspecified" anchored="yes">
<foreign lang="greek">τίθεμαι</foreign>] <foreign lang="greek">τύχην τίθεμαι</foreign>?</note> καὶ τὴν Ἀλεξάνδρου τελευτήν,
               ἀνδρὸς εὐτυχήμασι μεγάλοις
<milestone unit="stephpage" id="stephpage-326b" n="326b"/> καὶ κατορθώμασι λαμπροῖς ὑπὸ θάρσους ἀμάχου καὶ φρονήματος
               ὥσπερ ἄστρου φερομένου καὶ διᾴττοντος
<milestone unit="tlnum" n="25"/> ἐπὶ
               δυσμὰς ἐξ ἀνατολῶν καὶ βάλλοντος; ἤδη τὰς τῶν <pb id="v.2.p.408"/> ὅπλων
               αὐγὰς εἰς· τὴν Ἰταλίαν, ὡς πρόφασις <note resp="ed" place="unspecified" anchored="yes">
<foreign lang="greek">ὡς πρόφασις</foreign>] fort. <foreign lang="greek">ὡς</foreign> cum V<hi rend="superscript">4</hi> deleto cetera corrigenda sunt ita: <foreign lang="greek">πρόφασις μὲν γὰρ ἧν αὐτῷ κέ</foreign>
</note> μὲν ἦν αὐτῷ τῆς στρατείας ὁ
               Μολοττὸς Ἀλέξανδρος ὑπὸ Βρεττίων καὶ Λευκανῶν περὶ Πανδοσίαν
               κατακεκομμένος· ὁ δʼ ἄγων αὐτὸν ὡς ἀληθῶς; ἐπὶ <note resp="ed" place="unspecified" anchored="yes">
<foreign lang="greek">ἐπὶ</foreign> Madvigius: <foreign lang="greek">ὁ ἐπὶ</foreign>
</note> πάντας ἀνθρώπους
<milestone unit="tlnum" n="5"/> δόξης; ἔρως καὶ ἡγεμονίας ζῆλον ἔσχε καὶ
               ἅμιλλαν ὑπερβαλέσθαι τὰ Διονύσου καὶ Ἡρακλέους πέρατα τῆς στρατηλασίας.
               τῆς δʼ Ἰταλίας ἐπυνθάνετο τὴν ἐν Ῥώμῃ δύναμιν καὶ ἀλκὴν ὥσπερ
               στόμωμα
<milestone unit="stephpage" id="stephpage-326c" n="326c"/> προτεταγμένην·
               ὄνομα γὰρ καὶ δόξα τούτων
<milestone unit="tlnum" n="10"/> ἐπιφανεστάτη
               διεπέμπετο πρὸς αὐτὸν ὥσπερ ἀθλητῶν μυρίοις ἐγγεγυμνασμένων πολέμοις
               <quote rend="blockquote"> οὐ γὰρ ἀναιμωτί γε διακρινθήμεναι <note resp="ed" place="unspecified" anchored="yes">
<foreign lang="greek">διακρινέεσθαι ὀίω</foreign> Hom. <foreign lang="greek">ς</foreign> 148</note> οἴω, </quote>
               συμπεσόντων ὅπλοις ἀνικήτοις φρονημάτων ἀδουλώτων. πλῆθος μὲν γὰρ ἦσαν
               οὗτοι τρισκαίδεκα μυριάδων
<milestone unit="tlnum" n="15"/> οὐκ ἐλάττους,
               πολεμικοὶ δὲ καὶ ἀνδρώδεις ἅπαντες, <quote rend="blockquote">
<l> ἐπιστάμενοι μὲν ἀφʼ ἵππων </l>
<note resp="ed" place="unspecified" anchored="yes">Hom. <foreign lang="greek">ι</foreign> 49</note>
<l> ἀνδράσι μάρνασθαι καὶ ὅθι χρὴ πεζὸν ἐόντα.</l>
</quote>
</p>
</div1>
</body>
</text>
</TEI.2>
