<?xml version="1.0" encoding="UTF-8"?><TEI.2>
<teiHeader>
<fileDesc>
<titleStmt>
<title>An virtus doceri possit</title>
<title type="sub">Machine readable text</title>
<author n="Plut.">Plutarch</author>
<editor role="editor" n="Teubner">Gregorius N. Bernardakis</editor>
<sponsor>Perseus Project, Tufts University</sponsor>
<principal>Gregory Crane</principal>
<respStmt>
<resp>Prepared under the supervision of</resp>
<name>Lisa Cerrato</name>
<name>William Merrill</name>
<name>Elli Mylonas</name>
<name>David Smith</name>
</respStmt>
<funder n="org:NEH">The National Endosment for the Humanities</funder>
</titleStmt>
<extent/>
<publicationStmt>
<publisher>Trustees of Tufts University</publisher>
<pubPlace>Medford, MA</pubPlace>
<authority>Perseus Project</authority>
</publicationStmt>
<sourceDesc>
<biblStruct>
<analytic/>
<monogr>
<author>Plutarch</author>
<title>Moralia</title>
<editor role="editor">Gregorius N. Bernardakis</editor>
<imprint>
<pubPlace>Leipzig</pubPlace>
<publisher>Teubner</publisher>
<date>1891</date>
</imprint>
<biblScope type="volume">3</biblScope>
</monogr>
</biblStruct>
</sourceDesc>
</fileDesc>
<encodingDesc>
<editorialDecl>
<correction method="silent">
<p>optical character recognition</p>
</correction>
</editorialDecl>
<refsDecl doctype="TEI.2">
<state unit="section"/>
</refsDecl>
<refsDecl doctype="TEI.2">
<state unit="stephpage" n="chunk"/>
</refsDecl>
</encodingDesc>
<profileDesc>
<langUsage>
<language id="greek">Greek</language>
<language id="eng">English</language>
</langUsage>
</profileDesc>
<revisionDesc>
<change>
<date>5/10</date>
<respStmt>
<name>RS</name>
<resp/>
</respStmt>
<item>tagged and parsed</item>
</change>
</revisionDesc>
</teiHeader>
<text>
<body>
<pb id="v.3.p.143"/>
<milestone unit="stephpage" id="stephpage-439a" n="439a"/>
<div1 type="section" n="1">
<p>περὶ τῆς ἀρετῆς βουλευόμεθα καὶ διαποροῦμεν, εἰ διδακτόν ἐστι τὸ φρονεῖν
               τὸ δικαιοπραγεῖν τὸ εὖ
<milestone unit="stephpage" id="stephpage-439b" n="439b"/> ζῆν· εἶτʼ οὐ <note resp="ed" place="unspecified" anchored="yes">
<foreign lang="greek">εἶτʼ οὐ</foreign> R: <foreign lang="greek">εἶτα</foreign>
</note> θαυμάζομεν, εἰ ῥητόρων μὲν ἔργα καὶ κυβερνητῶν καὶ
               ἁρμονικῶν καὶ οἰκοδόμων καὶ γεωργῶν
<milestone unit="tlnum" n="5"/> μυρία γʼ <note resp="ed" place="unspecified" anchored="yes">
<foreign lang="greek">μυρία γʼ</foreign> Stobaeus: <foreign lang="greek">μυρία δʼ</foreign>
</note>
               ἐστίν· ἀγαθοὶ δʼ ἄνδρες ὀνομάζονται καὶ λέγονται μόνον, ὡς
               ἱπποκένταυροι καὶ γίγαντες καὶ κύκλωπες, ἔργον δʼ ἀμεμφὲς εἰς ἀρετὴν
               καὶ ἀκέραιον <note resp="ed" place="unspecified" anchored="yes">
<foreign lang="greek">καὶ ἀκέραιον</foreign>] del. W</note> οὐκ ἔστιν εὑρεῖν οὐδὲ πάθους ἀκέραιον ἦθος καὶ ἄθικτον
               αἰσχροῦ βίον <note resp="ed" place="unspecified" anchored="yes">
<foreign lang="greek">βίου</foreign> *: <foreign lang="greek">βίου καὶ ἀκέραιον</foreign>
</note> ἀλλʼ εἰ καί τι καλὸν
<milestone unit="tlnum" n="10"/> ἡ φύσις
               αὐτομάτως ἐκφέρει, τοῦτο πολλῷ τῷ ἀλλοτρίῳ, καθάπερ ὕλῃ καρπὸς
               ἀγρίᾳ καὶ ἀκαθάρτῳ μιγνύμενος, <note resp="ed" place="unspecified" anchored="yes">
<foreign lang="greek">μιγνύμενον</foreign> S</note> ἐξαμαυροῦται. ψάλλειν μανθάνουσιν οἱ
               ἄνθρωποι καὶ ὀρχεῖσθαι καὶ ἀναγιγνώσκειν γράμματα καὶ γεωργεῖν καὶ
               ἱππεύειν ὑποδεῖσθαι μανθάνουσι
<milestone unit="tlnum" n="15"/>
<milestone unit="stephpage" id="stephpage-439c" n="439c"/> περιβάλλεσθαι καὶ
               ἀλείφεσθαι· οἰνοχοεῖν διδάσκουσιν ὀψοποιεῖν ταῦτʼ ἄνευ τοῦ μαθεῖν οὐκ
               ἔστι χρησίμως; ποιεῖν. διʼ ὃ δὲ ταῦτα πάντα, τὸ εὖ βιοῦν , ἀδίδακτον
               καὶ ἄλογον καὶ ἄτεχνον καὶ αὐτόματον.
<milestone unit="tlnum" n="20"/>
</p>
</div1>
<div1 type="section" n="2">
<p>ὦ · ἄνθρωποι, τί τὴν ἀρετὴν λέγοντες <pb id="v.3.p.144"/> ἀδίδακτον
               εἶναι ποιοῦμεν ἀνύπαρκτον; εἰ γὰρ ἡ μάθησις γένεσίς ἐστιν, ἡ τοῦ
               μαθεῖν κώλυσις ἀναίρεσις. καίτοι γʼ ὥς φησιν ὁ Πλάτων διὰ τὴν τοῦ ποδὸς <note resp="ed" place="unspecified" anchored="yes">
<foreign lang="greek">τοῦ ποδὸς</foreign>] <foreign lang="greek">ἐν τῷ ποδὶ</foreign> Plato Clitoph. p. 407 c</note>
               πρὸς τὴν λύραν καὶ ἀμετρίαν καὶ ἀναρμοστίαν οὔτʼ
<milestone unit="tlnum" n="5"/> ἀδελφὸς ἀδελφῷ πολεμεῖ οὔτε φίλος φίλῳ διαφέρεται, οὔτε
               πόλεις πόλεσι διʼ ἀπεχθείας γιγνόμεναι τὰ ἔσχατα <note resp="ed" place="unspecified" anchored="yes">
<foreign lang="greek">ἔσχατα κακὰ</foreign>
</note> δρῶσί τε καὶ πάσχουσιν
               ὑπʼ ἀλλήλων· οὐδὲ περὶ προσῳδίας ἔχει τις εἰπεῖν στάσιν ἐν πόλει
               γενομένην, <note resp="ed" place="unspecified" anchored="yes">
<foreign lang="greek">γενομένην</foreign> Emperius: <foreign lang="greek">γινομένην</foreign>
</note>
<milestone unit="stephpage" id="stephpage-439d" n="439d"/> πότερον
               Τελχινας ἢ Τέλχινας <note resp="ed" place="unspecified" anchored="yes">
<foreign lang="greek">ἢ Τέλχινας</foreign> X</note> ἀναγνωστέον
<milestone unit="tlnum" n="10"/> οὐδʼ ἐν
               οἰκίᾳ διαφορὰν ἀνδρὸς καὶ γυναικὸς ὑπὲρ κρόκης ἢ στήμονος. ἀλλʼ ὅμως
               οὔτʼ ἂν ἱστὸν οὔτε βιβλίον ἢ λύραν ὁ μὴ μαθὼν μεταχειρίσαιτο, καίπερ
               εἰς οὐδὲν μέγα βλαβησόμενος, ἀλλʼ αἰδεῖται γενέσθαι καταγέλαστος· “ἀμαθίην” γὰρ Ἡράκλειτός <note resp="ed" place="unspecified" anchored="yes">
<foreign lang="greek">Ἡεράκλειτος</foreign>] Bywater p. 42</note> φησι “κρύπτειν
<milestone unit="tlnum" n="15"/> ἄμεινον·” οἶκον δὲ καὶ γάμον καὶ πολιτείαν καὶ ἀρχὴν
               οἷόν τε <note resp="ed" place="unspecified" anchored="yes">
<foreign lang="greek">οἶόν τε</foreign> *: <foreign lang="greek">οἴεται</foreign>
</note> καλῶς μεταχειρίσασθαι μὴ γυναικὶ μὴ θεράποντι μὴ πολίτῃ μὴ
               ἀρχομένῳ καὶ ἄρχοντι; παιδὸς ὀψοφαγοῦντος, ὁ Διογένης τῷ παιδαγωγῷ
               κόνδυλον ἔδωκεν, ὀρθῶς οὐ τοῦ μὴ μαθόντος ἀλλὰ
<milestone unit="tlnum" n="20"/> τοῦ μὴ διδάξαντος τὸ ἁμάρτημα ποιήσας. εἶτα παροψίδος
<milestone unit="stephpage" id="stephpage-439e" n="439e"/> μὲν ἢ κύλικος οὐκ
               ἔστι κοινωνεῖν ἐπιδεξίως, ἂν μὴ μάθῃ τις εὐθὺς ἐκ παίδων ἀρξάμενος,
               ὡς Ἀριστοφάνης <note resp="ed" place="unspecified" anchored="yes">
<foreign lang="greek">Ἀριστοφάνης</foreign>] Nub. 979. Add. <foreign lang="greek">φησὶ</foreign> W</note>
<quote rend="blockquote"> μὴ κιχλίζειν μηδʼ ὀψοφαγεῖν μηδʼ
                  ἴσχειν τὼ πόδʼ
<milestone unit="tlnum" n="25"/> ἐπαλλάξ· <note resp="ed" place="unspecified" anchored="yes">
<foreign lang="greek">ἐναλλάξ</foreign> Aristophanes</note>
</quote>
<pb id="v.3.p.145"/> οἴκου δὲ καὶ πόλεως καὶ γάμου καὶ βίου καὶ ἀρχῆς
               κοινωνίαν ἀνέγκλητον ἐνδέχεται γενέσθαι, μὴ μαθόντων ὅντινα χρὴ τρόπον
               ἀλλήλοις συμφέρεσθαι; ὁ Ἀρίστιππος ἐρωτηθεὶς ὑπό τινος “πανταχοῦ σὺ
<milestone unit="tlnum" n="5"/> ἄρʼ εἶ;ʼ” γελάσας “οὐκοῦν” ἔφη “παραπόλλυμι τὸ ναῦλον,
<milestone unit="stephpage" id="stephpage-439f" n="439f"/> εἴ γε πανταχοῦ εἰμι.” τί οὖν οὐκ ἂν εἴποις καὶ
               αὐτός “εἰ μὴ γίγνονται μαθήσει βελτίονες ἄνθρωποι, παραπόλλυται ὁ
                  μισθὸς τῶν παιδαγωγῶν” πρῶτον γὰρ οὗτοι λαμβάνοντες ἐκ γάλακτος,
               ὥσπερ αἱ τίτθαι
<milestone unit="tlnum" n="10"/> ταῖς χερσὶ τὸ σῶμα
               πλάττουσιν, οὕτω τὸ ἦθος ῥυθμίζουσι τοῖς ἔθεσιν, εἰς ἴχνος τι πρῶτον
               ἀρετῆς καθιστάντες. καὶ ὁ Λάκων ἐρωτηθείς τί παρέχει παιδαγωγῶν, “· τὰ
                  καλά” ἔφη “τοῖς παισὶν ἡδέα ποιῶ.” καίτοι <note resp="ed" place="unspecified" anchored="yes">
<foreign lang="greek">καίτοι</foreign> Emperius: <foreign lang="greek">καὶ αὐτοὶ</foreign>
</note> διδάσκουσιν οἱ
               παιδαγωγοὶ κεκυφότας ἐν ταῖς ὁδοῖς
<milestone unit="tlnum" n="15"/>
<milestone unit="stephpage" id="stephpage-440a" n="440a"/> περιπατεῖν, ἑνὶ
               δακτύλῳ τὸ τάριχος ἅρασθαι, <note resp="ed" place="unspecified" anchored="yes">
<foreign lang="greek">ἄρασθαι</foreign> idem: <foreign lang="greek">ἅψασθαι</foreign>
</note> δυσὶ τὸν ἰχθῦν σῖτον κρέας· οὕτω καθῆσθαι,
               τὸ ἱμάτιον οὕτως ἀναλαβεῖν. <note resp="ed" place="unspecified" anchored="yes">
<foreign lang="greek">ἀναβαλεῖν</foreign> Salmasius</note>
</p>
</div1>
<div1 type="section" n="3">
<p>τί οὖν; ὁ λέγων λειχῆνος ἰατρικὴν εἶναι καὶ παρωνυχίας, πλευρίτιδος δὲ
               καὶ πυρετοῦ καὶ φρενίτιδος
<milestone unit="tlnum" n="20"/> μὴ εἶναι, τί
               διαφέρει τοῦ λέγοντος ὅτι τῶν μικρῶν καὶ παιδικῶν καθηκόντων εἰσὶ
               διδασκαλεῖα καὶ λόγοι καὶ ὑποθῆκαι, τῶν δὲ μεγάλων καὶ τελείων ἄλογος
               τριβὴ καὶ περίπτωσίς ἔστιν; ὡς γὰρ ὁ λέγων ὅτι δεῖ κώπην ἐλαύνειν
               μαθόντα κυβερνᾶν
<milestone unit="tlnum" n="25"/> δὲ καὶ μὴ μαθόντα <note resp="ed" place="unspecified" anchored="yes">
<foreign lang="greek">κυβερνᾶν δὲ καὶ μὴ μαθόντα</foreign> Iannotius</note> γελοῖός
               ἐστιν, οὕτως ὁ μὲν τῶν ἄλλων ἀπολείπων τεχνῶν μάθησιν ἀρετῆς δʼ <pb id="v.3.p.146"/> ἀναιρῶν τοὐναντίον ἔοικε τοῖς Σκύθαις ποιεῖν· ἐκεῖνοι
               μὲν γάρ, ὥς φησιν Ἡρόδοτος, <note resp="ed" place="unspecified" anchored="yes">
<foreign lang="greek">Ἡερόδοτος</foreign>] 4, 2 sqq.</note> τοὺς οἰκέτας ἐκτυφλοῦσιν ὅπως παραδῶσιν <note resp="ed" place="unspecified" anchored="yes">
<foreign lang="greek">παραδῶσιν</foreign>] <foreign lang="greek">παραμένωσιν</foreign> aut <foreign lang="greek">γάλα δονῶσιν</foreign> Canterus</note>
               αὐτοῖς· οὗτος δὲ ταῖς δούλαις
<milestone unit="stephpage" id="stephpage-440b" n="440b"/> καὶ ὑπηρέτισι τέχναις ὥσπερ ὄμμα τὸν λόγον ἐντιθεὶς
<milestone unit="tlnum" n="5"/> τῆς ἀρετῆς ἀφαιρεῖ. καίτοι γʼ ὁ στρατηγὸς
               Ἰφικράτης πρὸς τὸν Χαβρίου Καλλίαν ἐρωτῶντα καὶ λέγοντα <note resp="ed" place="unspecified" anchored="yes">
<foreign lang="greek">πρὸς τὸν - λέγοντα</foreign>] <foreign lang="greek">πρὸς τὸν ὀχληρῶς ἐν ἐκκλησίᾳ ἐρωτῶντα</foreign> Saupp prorsus improbabilia sunt. cf. p. 99 e. 187 b.</note> “τίς εἶ;
                  τοξότης; πελταστής; ἱππεύς; ὁπλίτης;ʼ,” “οὐδείσ” ἔφη “τούτων ἀλλʼ ὁ τούτοις πᾶσιν ἐπιτάττων.” γελοῖος
               οὖν ὁ λέγων, ὅτι τοξικὴ καὶ
<milestone unit="tlnum" n="10"/> ὁπλιτικὴ καὶ
               τὸ σφενδονᾶν καὶ τὸ ἱππεύειν διδακτόν ἐστι, στρατηγία δὲ καὶ τὸ
               στρατηγεῖν ὡς ἔτυχε παραγίγνεται καὶ οἷς ἔτυχε μὴ μαθοῦσιν. οὐκοῦν
               ἔτι γελοιότερος ὁ μόνην τὴν φρόνησιν μὴ διδακτὴν ἀποφαίνων , ἧς ἄνευ
               τῶν ἄλλων τεχνῶν ὄφελος οὐδὲν
<milestone unit="tlnum" n="15"/>
<milestone unit="stephpage" id="stephpage-440c" n="440c"/> οὐδʼ ὄνησίς ἐστιν.
               εἰ δʼ ἡγεμὼν αὕτη καὶ κόσμος οὖσα πασῶν καὶ τάξις εἰς τὸ χρήσιμον
               ἕκαστον καθίστησιν, αὐτίκα τίς δείπνου χάρις, ἠσκημένων καὶ μεμαθηκότων
               παίδων <quote rend="blockquote"> δαιτρεῦσαί <note resp="ed" place="unspecified" anchored="yes">
<foreign lang="greek">δαιτρεῦσαι κἑ</foreign>] Hom. o 322</note> τε καὶ <note resp="ed" place="unspecified" anchored="yes">
<foreign lang="greek">τε καὶ</foreign> Homerus: <foreign lang="greek">και</foreign>
</note> ὀπτῆσαι καὶ οἰνοχοῆσαι , </quote>
<milestone unit="tlnum" n="20"/> εἰ μὴ διάθεσις μηδὲ τάξις εἴη περὶ <note resp="ed" place="unspecified" anchored="yes">
<foreign lang="greek">περὶ</foreign> W: <foreign lang="greek">πρὸς</foreign>
</note> τοὺς
               διακονοῦντας;</p>
</div1>
</body>
</text>
</TEI.2>
