<?xml version="1.0" encoding="UTF-8"?><TEI.2>
<teiHeader>
<fileDesc>
<titleStmt>
<title>De gloria Atheniensium</title>
<title type="sub">Machine readable text</title>
<author n="Plut.">Plutarch</author>
<editor role="editor" n="Teubner">Gregorius N.
            Bernardakis</editor>
<sponsor>Perseus Project, Tufts University</sponsor>
<principal>Gregory Crane</principal>
<respStmt>
<resp>Prepared under the supervision of</resp>
<name>Lisa Cerrato</name>
<name>William Merrill</name>
<name>Elli Mylonas</name>
<name>David Smith</name>
</respStmt>
<funder n="org:NEH">The National Endowment for the Humanities</funder>
</titleStmt>
<extent/>
<publicationStmt>
<publisher>Trustees of Tufts University</publisher>
<pubPlace>Medford, MA</pubPlace>
<authority>Perseus Project</authority>
</publicationStmt>
<sourceDesc>
<biblStruct>
<analytic/>
<monogr>
<author>Plutarch</author>
<title>Moralia</title>
<editor role="editor">Gregorius N. Bernardakis</editor>
<imprint>
<pubPlace>Leipzig</pubPlace>
<publisher>Teubner</publisher>
<date>1889</date>
</imprint>
<biblScope type="volume">2</biblScope>
</monogr>
</biblStruct>
</sourceDesc>
</fileDesc>
<encodingDesc>
<editorialDecl>
<correction method="silent">
<p>optical character recognition</p>
</correction>
</editorialDecl>
<refsDecl doctype="TEI.2">
<state unit="section"/>
</refsDecl>
<refsDecl doctype="TEI.2">
<state unit="stephpage" n="chunk"/>
</refsDecl>
</encodingDesc>
<profileDesc>
<langUsage>
<language id="greek">Greek</language>
<language id="eng">English</language>
</langUsage>
</profileDesc>
<revisionDesc>
<change>
<date>5/10</date>
<respStmt>
<name>RS</name>
<resp/>
</respStmt>
<item>tagged and parsed</item>
</change>
</revisionDesc>
</teiHeader>
<text>
<body>
<pb id="v.2.p.455"/>
<milestone unit="stephpage" id="stephpage-345c" n="345c"/>
<div1 type="section" n="1">
<p>
<note resp="ed" place="unspecified" anchored="yes">lac. addidit Duebnerus, Xylandro monente</note> ταῦτʼ ὀρθῶς μὲν ἐκεῖνος εἶπε πρὸς τοὺς μεθʼ ἑαυτὸν στρατηγούς, οἷς
               πάροδον ἐπὶ τὰς ὕστερον πράξεις ἔδωκεν ἐξελάσας τὸν βάρβαρον καὶ τὴν
               Ἑλλάδʼ ἐλευθερώσας· ὀρθῶς δʼ εἰρήσεται καὶ πρὸς τοὺς
<milestone unit="tlnum" n="5"/> ἐπὶ τοῖς λόγοις μέγα φρονοῦντας· ἂν γὰρ ἀνέλῃς
<milestone unit="stephpage" id="stephpage-345d" n="345d"/> τοὺς πράττοντας, οὐχ
               ἕξεις τοὺς γράφοντας;. ἄνελε τὴν Περικλέους πολιτείαν καὶ τὰ ναύμαχα
               πρὸς Ῥίῳ Φορμίωνος τρόπαια καὶ τὰς περὶ Κύθηρα καὶ Μέγαρα καὶ
               Κόρινθον ἀνδραγαθίας Νικίου καὶ τὴν
<milestone unit="tlnum" n="10"/>Δημοσθένους Πύλον καὶ τοὺς Κλέωνος τετρακοσίους αἰχμαλώτους καὶ
               Τολμίδαν Πελοπόννησον περιπλέοντα , καὶ Μυρωνίδην νικῶντα Βοιωτοὺς ἐν
               Οἰνοφύτοις, καὶ Θουκυδίδης σοι διαγέγραπται. ἄνελε τὰ περὶ Ἑλλήσποντον
               Ἀλκιβιάδου νεανιεύματα καὶ τὰ
<milestone unit="tlnum" n="15"/> πρὸς Λέσβον <note resp="ed" place="unspecified" anchored="yes">malim <foreign lang="greek">πρὸ Λέσβου</foreign>
</note>
               Θρασύλλου καὶ τὴν ὑπὸ Θηραμένους
<milestone unit="stephpage" id="stephpage-345e" n="345e"/> τῆς ὀλιγαρχίας κατάλυσιν καὶ Θρασύβουλον
               καὶ Ἀρχῖνον <note resp="ed" place="unspecified" anchored="yes">
<foreign lang="greek">Ἀρχίνον</foreign> R: <foreign lang="greek">ἄρχιππον</foreign>
</note> καὶ τοὺς ἀπὸ Φυλῆς ἑβδομήκοντα κατὰ τῆς <pb id="v.2.p.456"/> Σπαρτιατῶν ἡγεμονίας ἀνισταμένους καὶ Κόνωνα πάλιν ἐμβιβάζοντα τὰς
               Ἀθήνας εἰς τὴν θάλατταν, καὶ Κράτιππος <note resp="ed" place="unspecified" anchored="yes">
<foreign lang="greek">Κράτιππος</foreign>] Mueller. 2 p. 75</note> ἀνῄρηται. Ξενοφῶν μὲν γὰρ
               αὐτὸς ἑαυτοῦ γέγονεν ἱστορία, γράψας ἃ ἐστρατήγησε καὶ κατώρθωσε καὶ
<milestone unit="tlnum" n="5"/>Θεμιστογένει περὶ τούτων συντετάχθαι τῷ
               Συρακοσίῳ, <note resp="ed" place="unspecified" anchored="yes">
<foreign lang="greek">Θεμιστογένει - τῷ Συρακουσίῳ</foreign> Turnebus: <foreign lang="greek">θεμιστογένη - τὸν συρακούσιον</foreign>
</note> ἵνα πιστότερος ᾖ διηγούμενος ἑαυτὸν ὡς ἄλλον, ἑτέρῳ τὴν
               τῶν λόγων δόξαν χαριζόμενος. οἱ δʼ ἄλλοι πάντες ἱστορικοί, Κλεινόδημοι <note resp="ed" place="unspecified" anchored="yes">
<foreign lang="greek">Κλειτόδημοι</foreign> W: <foreign lang="greek">κλεινόδημοι</foreign>. cf. Mueller. 2 p. 360</note>
               Δίυλοι Φιλόχορος Φύλαρχος, <note resp="ed" place="unspecified" anchored="yes">
<foreign lang="greek">Φύλαρχος</foreign> R: <foreign lang="greek">φίλαρχος</foreign>
</note> ἀλλοτρίων γεγόνασιν ἔργων <note resp="ed" place="unspecified" anchored="yes">
<foreign lang="greek">ἔργων</foreign> Polus: <foreign lang="greek">ἐρώτων</foreign>
</note> ὥσπερ δραμάτων
<milestone unit="tlnum" n="10"/>
<milestone unit="stephpage" id="stephpage-345f" n="345f"/> ὑποκριταί, τὰς τῶν
               στρατηγῶν καὶ βασιλέων πράξεις διατιθέμενοι καὶ ταῖς ἐκείνων ὑποδυόμενοι
               μνήμαις ἵνʼ ὡς αὐγῆς τινος καὶ φωτὸς μετάσχωσιν. ἀνακλᾶται γὰρ ἀπὸ τῶν
               πραττόντων ἐπὶ τοὺς γράφοντας καὶ ἀναλάμπει δόξης εἴδωλον ἀλλοτρίας,
               ἐμφαινομένης
<milestone unit="tlnum" n="15"/> διὰ τῶν λόγων τῆς πράξεως ὡς
               ἐν ἐσόπτρῳ, </p>
</div1>
<div1 type="section" n="2">
<p>πολλῶν μὲν δὴ καὶ ἄλλων ἡ πόλις ἣδε μήτηρ καὶ τροφὸς εὐμενὴς τεχνῶν
               γέγονε, τὰς μὲν εὑραμένη καὶ ἀναφήνασα πρώτη, ταῖς δὲ δύναμιν προσθεῖσα
               καὶ τιμὴν καὶ αὔξησιν οὐχ ἥκιστα δʼ ὑπʼ
<milestone unit="tlnum" n="20"/>
<milestone unit="stephpage" id="stephpage-346a" n="346a"/> αὐτῆς ζωγραφία
               προῆκται καὶ κεκόσμηται. καὶ γὰρ Ἀπολλόδωρος ὁ ζωγράφος, ἀνθρώπων πρῶτος
               ἐξευρὼν φθορὰν καὶ ἀπόχρωσιν σκιᾶς, Ἀθηναῖος ἦν· οὗ τοῖς ἔργοις
               ἐπιγέγραπται “μωμήσεταί τις μᾶλλον ἢ μιμήσεται.” καὶ Εὐφράνωρ καὶ
               Νικίας καὶ Ἀσκληπιόδωρος
<milestone unit="tlnum" n="25"/> καὶ Πλεισταίνετος <note resp="ed" place="unspecified" anchored="yes">
<foreign lang="greek">Πλεισταίνετος</foreign>] <foreign lang="greek">Πάναινος</foreign> O. Muellerus</note>
               ὁ Φειδίου ἀδελφός, οἱ μὲν <pb id="v.2.p.457"/> στρατηγοὺς ἔγραψαν
               νικῶντας, οἱ δὲ μάχας, οἱ δʼ ἥρωας· ὥσπερ Εὐφράνωρ τὸν Θησέα τὸν
               ἑαυτοῦ τῷ Παρρασίου παρέβαλε, λέγων τὸν μὲν ἐκείνου ῥόδα βεβρωκέναι,
               τὸν δʼ ἑαυτοῦ κρέα βόεια. τῷ γὰρ ὄντι
<milestone unit="tlnum" n="5"/>
               γλαφυρῶς ὁ Παρρασίου γέγραπται καὶ πεποίηται καί
<milestone unit="stephpage" id="stephpage-346b" n="346b"/> τι <note resp="ed" place="unspecified" anchored="yes">
<foreign lang="greek">πεποίηται καί τι</foreign>] <foreign lang="greek">πεποηφαγηκότι</foreign>?</note> προσέοικε· τὸν δʼ Εὐφράνορος ἰδών τις
               εἶπεν οὐκ ἀφυῶς <note resp="ed" place="unspecified" anchored="yes">
<foreign lang="greek">ἀφυῶς</foreign> R: <foreign lang="greek">ἀφυῶς τις</foreign>
</note>
<quote rend="blockquote">
<l> δῆμον Ἐρεχθῆος μεγαλήτορος, ὃν ποτʼ Ἀθήνη </l>
<note resp="ed" place="unspecified" anchored="yes">Hom. B 547</note>
<l> θρέψε Διὸς θυγάτηρ.
<milestone unit="tlnum" n="10"/>
</l>
</quote> γέγραφε δὲ καὶ τὴν ἐν Μαντινείᾳ πρὸς Ἐπαμεινώνδαν ἱππομαχίαν
               οὐκ ἀνενθουσιάστως Εὐφράνωρ. τὸ δʼ ἔργον ἔσχεν οὕτως· Ἐπαμεινώνδας
               Θηβαῖος ἀπὸ <note resp="ed" place="unspecified" anchored="yes">
<foreign lang="greek">ἀπὸ</foreign>] <foreign lang="greek">ὑπὸ</foreign> Abreschius</note> τῆς ἐν Λεύκτροις μάχης· ἀρθεὶς μέγας, ἐπεμβῆναι τῇ
               Σπάρτῃ πεσούσῃ καὶ πατῆσαι τὸ φρόνημα καὶ τὸ
<milestone unit="tlnum" n="15"/> ἀξίωμα τῆς πόλεως; ἠθέλησε. καὶ πρῶτα μὲν ἐμβαλὼν ἑπτὰ
               μυριάσι στρατοῦ διεπόρθησε τὴν χώραν καὶ τοὺς περιοίκους ἀπέστησεν αὐτῶν
               ἔπειτα περὶ
<milestone unit="stephpage" id="stephpage-346c" n="346c"/>Μαντίνειαν
               ἀντιτεταγμένους εἰς μάχην προυκαλεῖτο. μὴ βουλομένων δὲ μηδὲ τολμώντων,
               ἀλλὰ τὴν Ἀθήνηθεν
<milestone unit="tlnum" n="20"/> ἐπικουρίαν ἐκδεχομένων,
               νυκτὸς ἄρας καὶ λαθὼν ἅπαντας εἰς τὴν Λακωνικὴν κατέβη , καὶ μικρὸν <note resp="ed" place="unspecified" anchored="yes">
<foreign lang="greek">μικρὸν</foreign> Benselerus: <foreign lang="greek">μικροῦ</foreign>
</note>
               ἔφθη τὴν πόλιν ἔρημον ἐξ ἐφόδου λαβεῖν καὶ κατασχεῖν. αἰσθομένων δὲ
               τῶν συμμάχων καὶ βοηθείας κατὰ <note resp="ed" place="unspecified" anchored="yes">
<foreign lang="greek">κατὰ</foreign> *</note> τάχος πρὸς τὴν πόλιν γενομένης,
<milestone unit="tlnum" n="25"/> ὑπέδειξε μὲν ὡς αὖθις ἐπὶ λεηλασίαν καὶ φθορὰν
               τῆς χώρας τρεψόμενος· ἐξαπατήσας δὲ καὶ <pb id="v.2.p.458"/> κατακοιμίσας
               οὕτω τοὺς πολεμίους ἀνέζευξε νυκτὸς ἐκ τῆς Λακωνικῆς· καὶ διαδραμὼν τὴν <note resp="ed" place="unspecified" anchored="yes">
<foreign lang="greek">τὴν</foreign> R: <foreign lang="greek">εἰς τὴν</foreign>
</note>
               μεταξὺ χώραν
<milestone unit="stephpage" id="stephpage-346d" n="346d"/>
               ἐπεφαίνετο τοῖς Μαντινεῦσιν ἀπροσδόκητος, καὶ διαβουλευομένοις αὐτοῖς
               ἀκμὴν τοῦ <note resp="ed" place="unspecified" anchored="yes">
<foreign lang="greek">τοῦ</foreign>] <foreign lang="greek">περὶ τοῦ</foreign>?</note> πέμπειν τὴν εἰς;
<milestone unit="tlnum" n="5"/>Λακεδαίμονα
               βοήθειαν, εὐθέως ὁπλίζεσθαι προσέταξε τοῖς Θηβαίοις. οἱ μὲν οὖν
               Θηβαῖοι μέγα φρονοῦντες ἐν τοῖς ὅπλοις ἐπεφέροντο καὶ περιελάμβανον
               κύκλῳ τὰ τείχη. τῶν δὲ Μαντινέων ἔκπληξις ἦν καὶ ἀλαλαγμὸς καὶ
               διαδρομή, ὡς ῥεῦμα τὴν δύναμιν
<milestone unit="tlnum" n="10"/> ἀθρόαν
               ἐμπίπτουσαν ὤσασθαι μὴ δυναμένων μηδʼ ἐπινοούντων βοήθειαν. ἐν τούτῳ δὲ
               καιροῦ καὶ τύχης Ἀθηναῖοι κατέβαινον ἀπὸ τῶν ἄκρων εἰς τὴν
<milestone unit="stephpage" id="stephpage-346e" n="346e"/>Μαντινικήν, οὐκ εἰδότες τὴν
               ῥοπὴν οὐδὲ τὴν ὀξύτητα τοῦ ἀγῶνος, ἀλλʼ ὁδῷ πορευόμενοι καθʼ
               ἡσυχίαν·
<milestone unit="tlnum" n="15"/> ὡς δέ τις αὐτῶν ἐκδραμὼν
               ἀπήγγειλε τὸν κίνδυνον, ὀλίγοι μὲν ὄντες ὡς πρὸς τὸ πλῆθος τῶν
               πολεμίων, ἐξ ὁδοῦ δὲ κεκμηκότες, οὐδενὸς δὲ τῶν ἄλλων συμμάχων
               παρόντος, ὅμως εὐθὺς εἰς τάξιν καθίσταντο τοῖς πλείστοις. <note resp="ed" place="unspecified" anchored="yes">
<foreign lang="greek">πλείστοις</foreign>] <foreign lang="greek">ὁπλίταις</foreign> W</note> οἱ δʼ ἱππεῖς
               διασκευσάμενοι
<milestone unit="tlnum" n="20"/> καὶ προεξελάσαντες, ὑπὸ τὰς
               πύλας αὐτὰς καὶ τὸ τεῖχος ἔθεντο καρτερὰν ἱππομαχίαν καὶ κρατήσαντες ἐκ
               τῶν χειρῶν τοῦ Ἐπαμεινώνδα ἀφείλοντο τὴν <note resp="ed" place="unspecified" anchored="yes">
<foreign lang="greek">αφείλοντο τὴν μ. τοῦ Ἐπαμεινωνδου</foreign> an <foreign lang="greek">τοῦ Ἐ. τὴν Μαντίνειαν ἀφείλοντο</foreign>?</note> Μαντίνειαν. τοῦτο τὸ ἔργον
               Εὐφράνωρ ἔγραψε, καὶ πάρεστιν ὁρᾶν ἐν εἰκόνι τῆς μάχης τὸ
<milestone unit="tlnum" n="25"/>
<milestone unit="stephpage" id="stephpage-346f" n="346f"/> σύρρηγμα <note resp="ed" place="unspecified" anchored="yes">
<foreign lang="greek">σύρρηγμα</foreign> M: <foreign lang="greek">σύγγραμμα</foreign>
</note> καὶ τὴν
               ἀντέρεισιν ἀλκῆς καὶ θυμοῦ καὶ πνεύματος γέμουσαν. ἀλλʼ οὐκ ἂν οἶμαι
               τῷ ζωγράφῳ <note resp="ed" place="unspecified" anchored="yes">
<foreign lang="greek">τῷ ζωγράφῳ</foreign> W: <foreign lang="greek">τὴν ζωγράφου</foreign>
</note>
<pb id="v.2.p.459"/> κρίσιν προθείητε <note resp="ed" place="unspecified" anchored="yes">
<foreign lang="greek">προθείητε</foreign> W: <foreign lang="greek">προσθείητε</foreign>
</note> πρὸς τὸν στρατηγὸν οὐδʼ
               ἀνάσχοισθε τῶν προτιμώντων τὸν πίνακα τοῦ τροπαίου καὶ τὸ μίμημα τῆς
               ἀληθείας. </p>
</div1>
<div1 type="section" n="3">
<p>πλὴν ὁ Σιμωνίδης τὴν μὲν ζωγραφίαν ποίησιν
<milestone unit="tlnum" n="5"/>
               σιωπῶσαν προσαγορεύει, τὴν δὲ ποίησιν ζωγραφίαν λαλοῦσαν. ἃς γὰρ οἱ
               ζωγράφοι πράξεις ὡς γιγνομένας δεικνύουσι, ταύτας οἱ λόγοι γεγενημένας
<milestone unit="stephpage" id="stephpage-347a" n="347a"/> διηγοῦνται καὶ
               συγγράφουσιν. εἰ δʼ οἱ μὲν χρώμασι καὶ σχήμασιν οἱ δʼ ὀνόμασι καὶ λέξεσι
               ταὐτὰ <note resp="ed" place="unspecified" anchored="yes">
<foreign lang="greek">ταὐτὰ</foreign> W: <foreign lang="greek">ταῦτα</foreign>
</note>
<milestone unit="tlnum" n="10"/> δηλοῦσιν, ὕλῃ καὶ τρόποις μιμήσεως
               διαφέρουσι, τέλος δʼ ἀμφοτέροις ἓν ὑπόκειται, καὶ τῶν ἱστορικῶν
               κράτιστος ὁ τὴν διήγησιν ὥσπερ γραφὴν πάθεσι καὶ προσώποις εἰδωλοποιήσας.
               ὁ γοῦν Θουκυδίδης <note resp="ed" place="unspecified" anchored="yes">
<foreign lang="greek">Θουκυδίδης</foreign>] cf. VII 71</note> ἀεὶ τῷ λόγῳ πρὸς ταύτην ἁμιλλᾶται τὴν ἐνάργειαν,
               οἷον
<milestone unit="tlnum" n="15"/> θεατὴν ποιῆσαι τὸν ἀκροατὴν καὶ τὰ
               γιγνόμενα περὶ τοὺς ὁρῶντας ἐκπληκτικὰ καὶ ταρακτικὰ πάθη τοῖς
               ἀναγιγνώσκουσιν ἐνεργάσασθαι λιχνευόμενος. ὁ γὰρ παρὰ τὴν Ῥαχίαν αὐτὴν <note resp="ed" place="unspecified" anchored="yes">
<foreign lang="greek">αὐτὴν</foreign> R: <foreign lang="greek">αὐτῆς</foreign>
</note>
               τῆς Πύλου παρατάττων τοὺς
<milestone unit="stephpage" id="stephpage-347b" n="347b"/>Ἀθηναίους Δημοσθένης καὶ ὁ τὸν κυβερνήτην ἐπισπέρχων
<milestone unit="tlnum" n="20"/>Βρασίδας ἐξοκέλλειν καὶ χωρῶν ἐπὶ τὴν
               βάθραν <note resp="ed" place="unspecified" anchored="yes">
<foreign lang="greek">ἀποβάθραν</foreign>?</note> καὶ τραυματιζόμενος καὶ λιποψυχῶν <note resp="ed" place="unspecified" anchored="yes">
<foreign lang="greek">λιποψυχῶν</foreign> Duebnerus: <foreign lang="greek">λειποψυχῶν</foreign>
</note> καὶ ἀποκλίνων εἰς τὴν
               παρεξειρεσίαν, καὶ οἱ πεζομαχοῦντες μὲν ἐκ θαλάττης Λακεδαιμόνιοι
               ναυμαχοῦντες δʼ ἀπὸ γῆς Ἀθηναῖοι· καὶ πάλιν “ὁ” ἐν τοῖς Σικελικοῖς
<milestone unit="tlnum" n="25"/> “ἐκ τῆς γῆς πεζὸς ἀμφοτέρων, ἰσορρόπου τῆς ναυμαχίας καθεστηκυίας,
                  ἄλαστον <note resp="ed" place="unspecified" anchored="yes">
<foreign lang="greek">ἄλαστον</foreign>] <foreign lang="greek">πολύν τὸν</foreign> Thucydides. <foreign lang="greek">πλεῖστον</foreign>?</note> ἀγῶνα καὶ σύντασιν <note resp="ed" place="unspecified" anchored="yes">
<foreign lang="greek">σύντασιν</foreign> R: <foreign lang="greek">σύνταξιν</foreign>
</note>
<pb id="v.2.p.460"/> τῆς γνώμης ἔχων” διὰ
               τὰς συντάξεις, ὡς· “<gap/>
<note resp="ed" place="unspecified" anchored="yes">lacunam signavi quam suppleo: <foreign lang="greek">ὥστε διὰ τὸ ἀκρίτως συνεχὲς κἑ</foreign>
</note> συνεχὲς τῆς ἁμίλλης καὶ τοῖς σώμασιν αὐτοῖς ἴσα τῇ δόξῃ
<milestone unit="stephpage" id="stephpage-347c" n="347c"/> περιδεῶς
                  συναπονεύειν” <note resp="ed" place="unspecified" anchored="yes">
<foreign lang="greek">συναπονεύειν</foreign> *: <foreign lang="greek">συμπνέων</foreign>
</note> τῇ διαθέσει <note resp="ed" place="unspecified" anchored="yes">
<foreign lang="greek">τῇ τε διαθέσει</foreign>?</note> καὶ τῇ διατυπώσει τῶν γιγνομένων γραφικῆς
               ἐναργείας <gap/>. <note resp="ed" place="unspecified" anchored="yes">lacunam indicavi fortasse supplendam verbis <foreign lang="greek">οὐδὲν ἀπολείπουσι</foreign> vel similibus</note> ὥστʼ
<milestone unit="tlnum" n="5"/> εἰ τοὺς ζωγραφοῦντας
               οὐκ ἄξιον παραβάλλειν τοῖς στρατηγοῖς, μηδὲ τοὺς ἱστοροῦντας παραβάλλωμεν. <note resp="ed" place="unspecified" anchored="yes">
<foreign lang="greek">παραβάλλωμεν</foreign> *: <foreign lang="greek">παραβάλωμεν</foreign>
</note>
               τὴν τοίνυν ἐν Μαραθῶνι μάχην ἀπήγγειλεν, ὡς μὲν Ἡρακλείδης ὁ Ποντικὸς
               ἱστορεῖ, Θέρσιππος ὁ Ἐρωεύς· <note resp="ed" place="unspecified" anchored="yes">
<foreign lang="greek">Ἐρωεύς</foreign>] <foreign lang="greek">Ἐροιεύς</foreign> X</note> οἱ δὲ πλεῖστοι λέγουσιν Εὐκλέα, δραμόντα
               σὺν τοῖς
<milestone unit="tlnum" n="10"/> ὅπλοις θερμὸν ἀπὸ τῆς μάχης καὶ
               ταῖς θύραις ἐμπεσόντα τῶν πρώτων, <note resp="ed" place="unspecified" anchored="yes">
<foreign lang="greek">πρώτων</foreign>] <foreign lang="greek">πρυτάϝεων</foreign> Cobetus</note> τοσοῦτο μόνον εἰπεῖν “χαίρετε
<milestone unit="stephpage" id="stephpage-347d" n="347d"/> καὶ χαίρομεν” <note resp="ed" place="unspecified" anchored="yes">
<foreign lang="greek">καὶ χαίρομεν</foreign>] <foreign lang="greek">νικῶμεν</foreign> idem</note>
               εἶτʼ εὐθὺς ἐκπνεῦσαι. πλὴν οὗτος μὲν αὐτάγγελος ἧκε τῆς μάχης
               ἀγωνιστὴς; γενόμενος. φέρε δʼ εἴ τις ὑπὲρ λόφου τινὸς ἢ σκοπῆς αἰπόλων
<milestone unit="tlnum" n="15"/> ἢ βοτήρων τοῦ ἀγῶνος ἄπωθεν γενόμενος
               θεατὴς, καὶ κατιδὼν τὸ μέγα καὶ παντὸς λόγου μεῖζον ἐκεῖνο ἔργον ἧκεν
               εἰς τὴν πόλιν ἄτρωτος ἄγγελος καὶ ἀναίμακτος, εἶτʼ ἠξίου τιμὰς ἔχειν
               ἃς Κυνέγειρος <note resp="ed" place="unspecified" anchored="yes">
<foreign lang="greek">Κυνέγειρος</foreign> *: <foreign lang="greek">κυναίγειρος</foreign>
</note> ἔσχεν, ἃς Καλλίμαχος, ἃς Πολύζηλος ὅτι τὰς τούτων
               ἀριστείας
<milestone unit="tlnum" n="20"/> καὶ τραύματα καὶ θανάτους
               ἀπήγγειλεν· ἆρʼ οὐκ ἂν ἐδόκει πᾶσαν ὑπερβάλλειν ἀναίδειαν, ὅπου γε
               Λακεδαιμονίους φασὶ τῷ τὴν ἐν Μαντινείᾳ φράσαντι νίκην, ἣν Θουκυδίδης <note resp="ed" place="unspecified" anchored="yes">
<foreign lang="greek">Θουκυδίδης</foreign>] V 65 sqq.</note>
               ἱστόρηκεν, εὐαγγέλιον <pb id="v.2.p.461"/> ἐκ φιδιτίου κρέας ἀποστεῖλαι; <note resp="ed" place="unspecified" anchored="yes">
<foreign lang="greek">ἀποστεῖλαι</foreign> X: <foreign lang="greek">ἀποστέλλειν</foreign> vel <foreign lang="greek">ἀπέστειλαν</foreign>
</note>
               καὶ μὴν οἱ συγγράφοντες
<milestone unit="stephpage" id="stephpage-347e" n="347e"/> ἐξάγγελοί τινές εἰσι τῶν πράξεων εὔφωνοι καὶ τῷ λόγῳ διὰ τὸ
               κάλλος καὶ τὴν δύναμιν ἐξικνούμενοι, οἷς εὐαγγέλιον ὀφείλουσιν οἱ
               πρώτως ἐντυγχάνοντες
<milestone unit="tlnum" n="5"/> καὶ ἱστοροῦντες. ἀμέλει
               δὲ καὶ ἐγκωμιάζονται μνημονευόμενοι καὶ ἀναγιγνωσκόμενοι διὰ τοὺς
               κατορθώσαντας· οὐ γὰρ οἱ λόγοι ποιοῦσι τὰς πράξεις ἀλλὰ διὰ τὰς πράξεις <note resp="ed" place="unspecified" anchored="yes">
<foreign lang="greek">ἀλλὰ διὰ τὰς πράξεις</foreign> Madvigius</note>
               καὶ ἀκοῆς; ἀξιοῦνται. </p>
</div1>
<div1 type="section" n="4">
<p>καὶ γὰρ ἡ ποιητικὴ χάριν ἔσχε καὶ τιμὴν τῷ <note resp="ed" place="unspecified" anchored="yes">
<foreign lang="greek">τῷ</foreign>
</note>
<milestone unit="tlnum" n="10"/> τοῖς πεπραγμένοις ἐοικότα λέγειν, ὡς Ὅμηρος ἔφη <quote rend="blockquote"> ἴσκε <note resp="ed" place="unspecified" anchored="yes">
<foreign lang="greek">ἴσκε</foreign> Homerus <foreign lang="greek">τ</foreign> 203: <foreign lang="greek">ἴσχε</foreign>
</note> ψεύδεα πολλὰ λέγων ἐτύμοισιν ὁμοῖα. </quote>
               λέγεται δὲ καὶ Μενάνδρῳ τῶν συνήθων τις εἰπεῖν
<milestone unit="stephpage" id="stephpage-347f" n="347f"/> “ἐγγὺς οὖν Μένανδρε τὰ Διονύσια, καὶ σὺ τὴν κωμῳδίαν οὐ
                  πεποίηκας;ʼ” τὸν δʼ ἀποκρίνασθαι “νὴ
<milestone unit="tlnum" n="15"/>
                  τοὺς θεοὺς ἔγωγε πεποίηκα τὴν κωμῳδίαν· ᾠκονόμηται γὰρ ἡ διάθεσις·
                  δεῖ δʼ αὐτῇ τὰ στιχίδια ἐπᾷσαι” ὅτι <note resp="ed" place="unspecified" anchored="yes">ante <foreign lang="greek">ὅτι</foreign> lacunam significavit R</note> καὶ αὐτοὶ τὰ πράγματα τῶν
               λόγων ἀναγκαιότερα καὶ κυριώτερα νομίζουσιν. ἡ δὲ Κόριννα τὸν Πίνδαρον,
               ὄντα νέον ἔτι καὶ τῇ λογιότητι σοβαρῶς
<milestone unit="tlnum" n="20"/>
               χρώμενον, ἐνουθέτησεν ὡς ἄμουσον ὄντα μὴ <note resp="ed" place="unspecified" anchored="yes">
<foreign lang="greek">μὴ</foreign> *: <foreign lang="greek">καὶ μὴ</foreign>
</note> ποιοῦντα μύθους, ὃ τῆς
               ποιητικῆς ἔργον εἶναι συμβέβηκε· γλώσσας <note resp="ed" place="unspecified" anchored="yes">
<foreign lang="greek">γλώσσας</foreign> M: <foreign lang="greek">γλῶσσαι</foreign> vel <foreign lang="greek">γλῶσσα</foreign>
</note> δὲ καὶ καταχρήσεις καὶ
               μεταφράσεις καὶ μέλη καὶ ῥυθμοὺς ἡδύσματα τοῖς πράγμασιν
<milestone unit="stephpage" id="stephpage-348a" n="348a"/> ὑποτίθεται. σφόδρʼ οὖν ὁ
               Πίνδαρος ἐπιστήσας
<milestone unit="tlnum" n="25"/> τοῖς λεγομένοις ἐποίησεν
               ἐκεῖνο τὸ μέλος <pb id="v.2.p.462"/>
<quote rend="blockquote">
<l>Ἰσμηνὸν ἢ χρυσαλάκατον Μελίαν, </l>
<note resp="ed" place="unspecified" anchored="yes">Bergk. 1 p. 379</note>
<l>ἢ Κάδμον ἢ Σπαρτῶν ἱερὸν γένος ἀνδρῶν, </l>
<l>ἢ τὸ πάνυ <note resp="ed" place="unspecified" anchored="yes">
<foreign lang="greek">πάνυ</foreign>] <foreign lang="greek">πάντολμον</foreign> Lucianus (Demosth. Encom. c. 19)</note> σθένος Ἡρακλέους </l>
<l>ἢ τὰν Διωνύσου πολυγαθέα τιμάν. <note resp="ed" place="unspecified" anchored="yes">
<foreign lang="greek">ἢ τὰν Διωνύσου πολυγαθέα τιμάν</foreign> idem: <foreign lang="greek">ἡττᾶν</foreign>
</note>
</l>
</quote>
<milestone unit="tlnum" n="5"/> δειξαμένου δὲ τῇ Κορίννῃ, γελάσασα ἐκείνη
               τῇ χειρὶ δεῖν ἔφη σπείρειν, ἀλλὰ μὴ ὅλῳ τῷ θυλάκῳ. τῷ γὰρ, ὄντι
               συγκεράσας καὶ συμφορήσας πανσπερμίαν τινὰ μύθων ὁ Πίνδαρος εἰς τὸ μέλος
               ἐξέχεεν. ἀλλʼ ὅτι μὲν ἡ ποιητικὴ περὶ μυθοποιίαν ἐστί, καὶ
<milestone unit="tlnum" n="10"/>Πλάτων <note resp="ed" place="unspecified" anchored="yes">
<foreign lang="greek">Πλάτων</foreign>] Phaedon. p. 61 b</note> εἴρηκεν. ὁ δὲ μῦθος εἶναι βούλεται λόγος ,
<milestone unit="stephpage" id="stephpage-348b" n="348b"/> ψευδὴς ἐοικὼς
               ἀληθινῷ· διὸ καὶ πολὺ τῶν ἔργων ἀφέστηκεν, εἰ λόγος μὲν ἔργου, καὶ
               λόγου δὲ μῦθος εἰκὼν καὶ εἴδωλόν ἐστι. καὶ τοσοῦτον τῶν ἱστορούντων
               οἱ πλάττοντες τὰς πράξεις ὑστεροῦσιν, ὅσον
<milestone unit="tlnum" n="15"/>
               ἀπολείπονται τῶν πραττόντων οἱ λέγοντες. </p>
</div1>
<div1 type="section" n="5">
<p>Ἐπικῆς <note resp="ed" place="unspecified" anchored="yes">
<foreign lang="greek">ἐπικῆς</foreign> *: <foreign lang="greek">τῆς</foreign>
</note> μὲν οὖν ποιήσεως ἡ πόλις οὐκ ἔσχηκεν ἔνδοξον δημιουργὸν οὐδὲ
               μελικῆς ὁ γὰρ Κινησίας ἀργαλέος ἔοικε ποιητὴς γεγονέναι διθυράμβων καὶ
               αὐτὸς μὲν ἄγονος καὶ ἀκλεὴς γέγονε,
<milestone unit="tlnum" n="20"/>
               σκωπτόμενος δὲ καὶ χλευαζόμενος ὑπὸ τῶν κωμῳδιοποιῶν <note resp="ed" place="unspecified" anchored="yes">
<foreign lang="greek">κωμῳδιοποιῶν</foreign> *: <foreign lang="greek">κωμῳδοποιῶν</foreign>
</note> οὐκ εὐτυχοῦς δόξης
               μετέσχηκε. τῶν δὲ δραματοποιῶν τὴν μὲν κωμῳδιοποιίαν <note resp="ed" place="unspecified" anchored="yes">
<foreign lang="greek">κωμῳδιοποιίαν</foreign>: <foreign lang="greek">κωμῳδοποιίαν</foreign>
</note> οὕτως ἄσεμνον
<milestone unit="stephpage" id="stephpage-348c" n="348c"/> ἡγοῦντο καὶ
               φορτικόν, ὥστε νόμος ἦν μηδένα ποιεῖν κωμῳδίας Ἀρεοπαγίτην. ἤνθησε δʼ
               ἡ τραγῳδία καὶ
<milestone unit="tlnum" n="25"/> διεβοήθη, θαυμαστὸν ἀκρόαμα
               καὶ θέαμα τῶν τότʼ <pb id="v.2.p.463"/> ἀνθρώπων γενομένη καὶ παρασχοῦσα
               τοῖς μύθοις καὶ τοῖς πάθεσιν ἀπάτην, ὡς Γοργίας φησίν, ἣν <note resp="ed" place="unspecified" anchored="yes">
<foreign lang="greek">ἣν</foreign> nescio quis: <foreign lang="greek">ἧν</foreign>
</note> ὃ τʼ
               ἀπατήσας δικαιότερος τοῦ μὴ ἀπατήσαντος, καὶ ὁ ἀπατηθεὶς σοφώτερος; τοῦ
               μὴ ἀπατηθέντος. ὁ μὲν γὰρ
<milestone unit="tlnum" n="5"/> ἀπατήσας
               δικαιότερος, ὅτι τοῦθʼ ὑποσχόμενος πεποίηκεν·
<milestone unit="stephpage" id="stephpage-348d" n="348d"/> ὁ δʼ ἀπατηθεὶς σοφώτερος εὐάλωτον γὰρ ὑφʼ
               ἡδονῆς λόγων τὸ μὴ ἀναίσθητον. τίνʼ οὖν αἱ καλαὶ τραγῳδίαι ταῖς
               Ἀθήναις ὄνησιν ἤνεγκαν ὡς· ἡ Θεμιστοκλέους δεινότης ἐτείχισε τὴν
               πόλιν, ὡς ἡ Περικλέους
<milestone unit="tlnum" n="10"/> ἐπιμέλεια τὴν ἄκραν <note resp="ed" place="unspecified" anchored="yes">
<foreign lang="greek">ἄκραν</foreign>] <foreign lang="greek">ἀκρόπολιν</foreign> Cobetus</note>
               ἐκόσμησεν, ὡς Μιλτιάδης ἠλευθέρωσεν, ὡς Κίμων προῆγεν εἰς τὴν
               ἡγεμονίαν; εἰ οὕτως ἡ Εὐριπίδου σοφία καὶ ἡ Σοφοκλέους λογιότης καὶ
               τὸ Αἰσχύλου στόμα τι τῶν δυσχερῶν ἀπήλλαξεν ἤ τι τῶν λαμπρῶν
               περιεποίησεν, ἄξιόν γε
<milestone unit="tlnum" n="15"/> τὰ δράματα τοῖς
               τροπαίοις ἀντιπαραθεῖναι καὶ τῷ στρατηγίῳ τὸ θέατρον ἀνταναστῆσαι καὶ
               ταῖς ἀριστείαις τὰς διδασκαλίας ἀντιπαραβαλεῖν. </p>
</div1>
<div1 type="section" n="6">
<p>βούλεσθε τοὺς ἄνδρας εἰσάγωμεν αὐτοὺς τὰ
<milestone unit="stephpage" id="stephpage-348e" n="348e"/> σύμβολα καὶ τὰ παράσημα τῶν ἔργων
               κομίζοντας, ἰδίαν
<milestone unit="tlnum" n="20"/> ἑκατέρῳ πάροδον
               ἀποδόντες; ἔνθεν μὲν δὴ προσίτωσαν ὑπʼ αὐλοῖς καὶ λύραις ποιηταὶ
               λέγοντες; καὶ ᾅδοντες; <quote rend="blockquote">
<l> εὐφημεῖν χρὴ κἀξίστασθαι τοῖς ἡμετέροισι χοροῖσιν <note resp="ed" place="unspecified" anchored="yes">
<foreign lang="greek">χοροῖσιν</foreign> Iunius ex Aristophane</note>
</l>
<note resp="ed" place="unspecified" anchored="yes">Arist. Ran. 356</note>
<l> ὅστις ἄπειρος τοιῶνδε λόγων ἢ γνώμῃ <note resp="ed" place="unspecified" anchored="yes">
<foreign lang="greek">γνώμῃ</foreign> M ex p. 349 b: <foreign lang="greek">γλώσσῃ</foreign>
</note> μὴ καθαρεύει, </l>
<l>ἢ γενναίων ὄργια Μουσῶν μήτʼ ᾖσεν μήτʼ ἐχόρευσε,
<milestone unit="tlnum" n="25"/>
</l>
<l> μηδὲ Κρατίνου τοῦ ταυροφάγου γλώσσης βακχεῖʼ ἐτελέσθη· <pb id="v.2.p.464"/>
</l>
</quote> καὶ σκευὰς καὶ προσωπεῖα καὶ βωμοὺς καὶ μηχανὰς ἀπὸ σκηνῆς
               περιάκτους καὶ τρίποδας· ἐπινικίους κομίζοντες· <note resp="ed" place="unspecified" anchored="yes">
<foreign lang="greek">κομίζοντες</foreign> R: <foreign lang="greek">κομίζοντας</foreign>
</note>
<milestone unit="stephpage" id="stephpage-348f" n="348f"/> τραγικοὶ <note resp="ed" place="unspecified" anchored="yes">
<foreign lang="greek">τραγικοὶ</foreign> M <foreign lang="greek">τράγοι</foreign>
</note> δʼ αὐτοῖς ὑποκριταὶ καὶ
               Νικόστρατοι καὶ Καλλιππίδαι καὶ Μηνίσκοι, καὶ Θεόδωροι καὶ
<milestone unit="tlnum" n="5"/>πῶλοι <note resp="ed" place="unspecified" anchored="yes">
<foreign lang="greek">Πῶλοι</foreign> nescio quis: <foreign lang="greek">πολλοὶ</foreign>
</note> συνίτωσαν, ὥσπερ γυναικὸς πολυτελοῦς τῆς
               τραγῳδίας κομμωταὶ καὶ διφροφόροι, μᾶλλον δʼ ὡς ἀγαλμάτων ἐγκαυσταὶ καὶ
               χρυσωταὶ καὶ βαφεῖς παρακολουθοῦντες· σκευῶν δὲ καὶ προσώπων καὶ ξυστίδων
               ἁλουργῶν καὶ μηχανῶν ἀπὸ σκηνῆς καὶ χοροποιῶν
<milestone unit="tlnum" n="10"/> καὶ δορυφόρων δυσπραγμάτευτος λαὸς καὶ χορηγία πολυτελὴς παρασκευαζέσθω.
               πρὸς ἃ Λάκων ἀνὴρ ἀποβλέψας οὐ κακῶς εἶπεν, ὡς ἁμαρτάνουσιν
               Ἀθηναῖοι μεγάλα τὴν σπουδὴν εἰς τὴν παιδιὰν καταναλίσκοντες, τουτέστι
               μεγάλων ἀποστόλων δαπάνας
<milestone unit="tlnum" n="15"/> καὶ στρατευμάτων
               ἐφόδια καταχορηγοῦντες εἰς τὸ
<milestone unit="stephpage" id="stephpage-349a" n="349a"/> θέατρον. ἂν γὰρ ἐκλογισθῇ τῶν δραμάτων ἕκαστον ὅσου
               κατέστη, πλέον ἀνηλωκὼς φανεῖται ὁ δῆμος εἰς Βάκχας καὶ Φοινίσσας καὶ
               Οἰδίποδας καὶ Ἀντιγόνην καὶ τὰ Μηδείας κακὰ καὶ Ἠλέκτρας, ὧν ὑπὲρ
               τῆς
<milestone unit="tlnum" n="20"/> ἡγεμονίας καὶ τῆς ἐλευθερίας πολεμῶν
               τοὺς βαρβάρους ἀνάλωσεν οἱ μὲν γὰρ στρατηγοὶ πολλάκις παραγγείλαντες
               ἄπυρα σιτία κομίζειν ἐξῆγον ἐπὶ τὰς μάχας τοὺς ἄνδρας· καὶ νὴ Δίʼ
               οἱ τριήραρχοι τοῖς ἐλαύνουσιν ἄλφιτα παρασκευάσαντες, ὄψον δὲ κρόμμυα <note resp="ed" place="unspecified" anchored="yes">
<foreign lang="greek">κρόμμυα</foreign> *: <foreign lang="greek">κρόμυα</foreign>
</note>
<milestone unit="tlnum" n="25"/> καὶ <note resp="ed" place="unspecified" anchored="yes">
<foreign lang="greek">καὶ</foreign> Turnebus</note> τυρόν, ἐνεβίβαζον εἰς τὰς τριήρεις·
               οἱ δὲ χορηγοὶ τοῖς χορευταῖς ἐγχέλεια <note resp="ed" place="unspecified" anchored="yes">
<foreign lang="greek">ἐγχέλεια</foreign> *: <foreign lang="greek">ἐγχέλια</foreign>
</note> καὶ θριδάκια καὶ <pb id="v.2.p.465"/>
<milestone unit="stephpage" id="stephpage-349b" n="349b"/> σκελίδας <note resp="ed" place="unspecified" anchored="yes">
<foreign lang="greek">σκελίδας</foreign> R: <foreign lang="greek">σκελλίδας</foreign>
</note> καὶ μυελὸν
               παρατιθέντες, εὐώχουν ἐπὶ πολὺν χρόνον φωνασκουμένους καὶ τρυφῶντας. καὶ
               τούτων τοῖς μὲν ἡττηθεῖσι περιῆν προσυβρίσθαι καὶ γεγονέναι καταγελάστους·
               τοῖς δὲ νικήσασιν ὁ <note resp="ed" place="unspecified" anchored="yes">
<foreign lang="greek">ὁ</foreign> Emperius: <foreign lang="greek">οὐ</foreign>
</note> τρίπους ὑπῆρχεν,
<milestone unit="tlnum" n="5"/> οὐκ
               ἀνάθημα τῆς νίκης, ὡς Δημήτριός φησιν, ἀλλʼ ἐπίσπεισμα τῶν ἐκκεχυμένων
               βίων <note resp="ed" place="unspecified" anchored="yes">
<foreign lang="greek">ἐπίσπεισμα τῶν ἐκκεχυμένων βίων</foreign> R: <foreign lang="greek">ἐπὶ πεισμάτων ἐκκεχευμένον βίον</foreign>
</note> καὶ τῶν ἐκλελοιπότων κενοτάφιον οἴκων. <note resp="ed" place="unspecified" anchored="yes">
<foreign lang="greek">οἴκων</foreign> idem: <foreign lang="greek">οἶκον</foreign>
</note> τοιαῦτα γὰρ τὰ ποιητικῆς
               τέλη καὶ λαμπρότερον οὐδὲν ἐξ αὐτῶν. </p>
</div1>
<div1 type="section" n="7">
<p>τοὺς δὲ στρατηγοὺς αὖ πάλιν ἐνθένδε παριόντας
<milestone unit="tlnum" n="10"/> σκοπῶμεν, ὧν παρερχομένων ὡς ἀληθῶς “εὐφημεῖν χρὴ κἀξίστασθαι” τοὺς ἀπράκτους καὶ ἀπολιτεύτους καὶ ἀστρατεύτους, “ὅστις ἄτολμος <note resp="ed" place="unspecified" anchored="yes">
<foreign lang="greek">ἄτολμος</foreign> Turnebus: <foreign lang="greek">εὐτόλμως</foreign>
</note> πρὸς
                  ἔργα
<milestone unit="stephpage" id="stephpage-349c" n="349c"/> τοιαῦτα καὶ
                  γνώμῃ μὴ καθαρεύει, μηδὲ Μιλτιάδου τοῦ μηδοφόνου μηδὲ τοῦ περσοκτόνου
                  Θεμιστοκλέους
<milestone unit="tlnum" n="15"/> χειρὸς βακχεῖʼ ἐτελέσθη” Ἀρήιος ὁ κῶμος οὗτος ἐκ γῆς ἅμα φάλαγξι καὶ στόλοις ἐκ θαλάττης καὶ
               μεμιγμένοις <note resp="ed" place="unspecified" anchored="yes">
<foreign lang="greek">μεμιγμένοις</foreign>] <foreign lang="greek">ᾑμαγμένοις</foreign> R</note> σκύλοις καὶ τροπαίοις βεβριθώς. <quote rend="blockquote"> κλῦθʼ <note resp="ed" place="unspecified" anchored="yes">
<foreign lang="greek">κλῦθʼ</foreign> p. 483 d: <foreign lang="greek">κλῦθι.</foreign> cf. Bergk. 1 p. 397</note>
                  Ἀλαλά, Πολέμου <note resp="ed" place="unspecified" anchored="yes">
<foreign lang="greek">Ἀλαλὰ Πολέμου</foreign> X ex p. 1.: <foreign lang="greek">ἄννα  γὼ</foreign> lac. 5-6 litt. (in E) interposita</note> θύγατερ, ἐγχέων προοίμιον, ᾇ θύεται <note resp="ed" place="unspecified" anchored="yes">
<foreign lang="greek">ᾅ θύεται</foreign> Hauptius ex Schol. ad Aesch. Pers. 49: <foreign lang="greek">ἀμφύετε</foreign>
</note> ἄνδρες τὸν
                  ἱρόθυτον <note resp="ed" place="unspecified" anchored="yes">
<foreign lang="greek">ἱρόθυτον</foreign> idem: <foreign lang="greek">ἱερόθυτον</foreign>
</note> θάνατον,ʼ</quote> ὡς ὁ Θηβαῖος Ἐπαμεινώνδας
<milestone unit="tlnum" n="20"/> εἶπεν, <note resp="ed" place="unspecified" anchored="yes">
<foreign lang="greek">εἶπεν</foreign>] delendum mihi vid. ut audiatur <foreign lang="greek">ἐθύσατο τὸν ἱρόθυτον θάνατον</foreign>
</note> ὑπὲρ πατρίδος καὶ τάφων καὶ ἱερῶν
               ἐπιδιδόντες ἑαυτοὺς τοῖς καλλίστοις καὶ λαμπροτάτοις ἀγῶσιν. ὧν τὰς
               Νίκας μοι δοκῶ προσερχομένας, <pb id="v.2.p.466"/> οὐ βοῦν ἔπαθλον ἑλκούσας
               ἢ τράγον, οὐδʼ ἀνεστεμμένας
<milestone unit="stephpage" id="stephpage-349d" n="349d"/> κιττῷ καὶ Διονυσιακῆς τρυγὸς ὀδωδυίας· ἀλλʼ ὅλαι μὲν
               πόλεις αὐτῶν εἰσι καὶ νῆσοι καὶ ἤπειροι, καὶ ναοὶ <note resp="ed" place="unspecified" anchored="yes">
<foreign lang="greek">ϝαοὶ χιλιοτάλαντοι</foreign> Bryanus: <foreign lang="greek">νηχοτάλαντοι.</foreign> cf. Vit. Pericl. c. 12</note> χιλιοτάλαντοι καὶ
               δήμων ἀποικισμοὶ μυρίανδροι,
<milestone unit="tlnum" n="5"/> τροπαίοις δὲ
               παντοδαποῖς ἀναστέφονται <note resp="ed" place="unspecified" anchored="yes">
<foreign lang="greek">ἀναστέφονται</foreign> Leonicus: <foreign lang="greek">ἀναστρέφονται</foreign>
</note> καὶ λαφύροις· ὧν ἀγάλματα καὶ σύμβολα παρθενῶνες
               ἑκατόμπεδοι, νότια τείχη, νεῶν οἶκοι, <note resp="ed" place="unspecified" anchored="yes">
<foreign lang="greek">νεῶν οἶκοι</foreign>] <foreign lang="greek">νεώσοικοι</foreign> M</note> προπύλαια, Χερρόνησος, Ἀμφίπολις.
               Μαραθὼν τὴν Μιλτιάδου Νίκην προπέμπει, καὶ Σαλαμὶς τὴν Θεμιστοκλέους,
               χιλίων·
<milestone unit="tlnum" n="10"/> σκαφῶν ναυαγίοις ἐπιβεβηκυῖαν. φέρει
               δʼ ἡ μὲν Κίμωνος τριήρεις ἑκατὸν Φοινίσσας ἀπʼ Εὐρυμέδοντος, ἡ δὲ
               Δημοσθένους καὶ Κλέωνος ἀπὸ Σφακτηρίας τὴν Βρασίδου ἀσπίδʼ αἰχμάλωτον
               καὶ δεδεμένους
<milestone unit="stephpage" id="stephpage-349e" n="349e"/>Σπαρτιάτας. <note resp="ed" place="unspecified" anchored="yes">
<foreign lang="greek">Σπαρτιάτας</foreign> W: <foreign lang="greek">στρατιώτας</foreign>
</note> τειχίζει δὲ τὴν πόλιν ἡ Κόνωνος,
<milestone unit="tlnum" n="15"/> ἡ δὲ Θρασυβούλου κατάγει τὸν δῆμον ἀπὸ Φυλῆς ἐλεύθερον, αἱ <note resp="ed" place="unspecified" anchored="yes">
<foreign lang="greek">αἱ</foreign> M: <foreign lang="greek">ἡ</foreign>
</note>
               δʼ Ἀλκιβιάδου περὶ Σικελίαν ὀλισθοῦσαν τὴν πόλιν ἐγείρουσιν ἐκ δὲ τῶν
               Νειλέου καὶ Ἀνδρόκλου περὶ Λυδίαν καὶ Καρίαν ἀγώνων Ἰωνίαν
               ἀνισταμένην <note resp="ed" place="unspecified" anchored="yes">
<foreign lang="greek">ἀνισταμένην</foreign>] <foreign lang="greek">συνισταμένην</foreign> Madvigius</note> ἐπεῖδεν ἡ Ἑλλάς. τῶν δʼ ἄλλων
<milestone unit="tlnum" n="20"/>
               ἑκάστης ἂν πύθῃ τί τῇ πόλει γέγονεν ἐξ αὐτῆς ἀγαθόν, ἡ μὲν ἐρεῖ
               Λέσβον, ἡ δὲ Σάμον, ἡ δὲ Κύπρον, ἡ δὲ Πόντον Εὔξεινον, ἡ δὲ
               πεντακοσίας τριήρεις, ἡ δὲ μυρία τάλαντα, προῖκα τῆς δόξης καὶ τῶν
               τροπαίων. ταῦθʼ ἡ πόλις ἑορτάζει καὶ ὑπὲρ τούτων
<milestone unit="tlnum" n="25"/>
<milestone unit="stephpage" id="stephpage-349f" n="349f"/> θύει τοῖς θεοῖς, οὐκ
               ἐπὶ ταῖς Αἰσχύλου νίκαις ἢ <pb id="v.2.p.467"/> Σοφοκλέους οὐδʼ ὅτε
               Καρκίνος <note resp="ed" place="unspecified" anchored="yes">
<foreign lang="greek">Καρκίνος</foreign>] Nauck. p. 619</note> Ἀερόπῃ συνῆν <note resp="ed" place="unspecified" anchored="yes">
<foreign lang="greek">συνῆν</foreign>] <foreign lang="greek">περιῆν</foreign> Emperius. Alid latet</note> ἢ Ἕκτορι Ἀστυδάμας <note resp="ed" place="unspecified" anchored="yes">
<foreign lang="greek">Ἀστυδάμας</foreign>] Nauck. p. 603</note>, ἀλλʼ ἕκτῃ μὲν
               ἱσταμένου <note resp="ed" place="unspecified" anchored="yes">
<foreign lang="greek">ἱσταμένου</foreign> Wesselingius: <foreign lang="greek">ἱσταμένη</foreign>
</note> Βοηδρομιῶνος ἐσέτι νῦν τὴν ἐν Μαραθῶνι νίκην ἡ πόλις
               ἑορτάζει· ἕκτῃ δʼ ἐπὶ δέκα μηνὸς <note resp="ed" place="unspecified" anchored="yes">
<foreign lang="greek">ἐπὶ δεκα μηνὸς</foreign> *: <foreign lang="greek">μηνὸς.</foreign> cf. Vit. Phoc. c. 6</note> οἰνοχοεῖται τῆς·
<milestone unit="tlnum" n="5"/>Χαβρίου περὶ Νάξον ἐπινίκια ναυμαχίας· τῇ δὲ δωδεκάτῃ
               χαριστήρια ἔθυον ἐλευθερίας· ἐν ἐκείνῃ γὰρ οἱ ἀπὸ Φυλῆς κατῆλθον.
               τρίτῃ δʼ ἱσταμένου τὴν ἐν Πλαταιαῖς μάχην ἐνίκων. τὴν δʼ ἕκτην ἐπὶ
               δέκα τοῦ Μουνιχιῶνος <note resp="ed" place="unspecified" anchored="yes">
<foreign lang="greek">Μουνιχιῶνος</foreign> *: <foreign lang="greek">μουνυχιῶνος</foreign>
</note> Ἀρτέμιδι καθιέρωσαν, ἐν
<milestone unit="tlnum" n="10"/> τοῖς Ἕλλησι περὶ Σαλαμῖνα νικῶσιν ἐπέλαμψεν ἡ
<milestone unit="stephpage" id="stephpage-350a" n="350a"/> θεὸς· πανσέληνος. τὴν δὲ
               δωδεκάτην τοῦ Σκιρροφοριῶνος ἱερωτέραν ἐποίησεν ὁ Μαντινειακὸς ἀγών, ἐν
               ᾧ τῶν ἄλλων συμμάχων ἐκβιασθέντων καὶ τραπέντων, μόνοι τὸ καθʼ ἑαυτοὺς
               νικήσαντες ἔστησαν τρόπαιον
<milestone unit="tlnum" n="15"/> ἀπὸ τῶν νικώντων
               πολεμίων. ταῦτα τὴν πόλιν ἤγειρεν εἰς δόξαν, ταῦτʼ εἰς μέγεθος· ἐπὶ <note resp="ed" place="unspecified" anchored="yes">
<foreign lang="greek">ἐπὶ</foreign> Emperius: <foreign lang="greek">ἐν</foreign>
</note>
               τούτοις Πίνδαρος <note resp="ed" place="unspecified" anchored="yes">
<foreign lang="greek">Πίνδαρος</foreign>] Bergk. 1 p. 396</note> ἔρεισμα “τῆς Ἑλλάδοσ” προσεῖπε τὰς Ἀθήνας, οὐχ
               ὅτι ταῖς Φρυνίχου τραγῳδίαις καὶ Θέσπιδος ὤρθουν <note resp="ed" place="unspecified" anchored="yes">
<foreign lang="greek">ὤρθουν</foreign> R: <foreign lang="greek">ὤρθου</foreign>
</note> τοὺς Ἕλληνας, ἀλλʼ
               ὅτι πρῶτον, ὥς φησιν αὐτός,
<milestone unit="tlnum" n="20"/>
<milestone unit="stephpage" id="stephpage-350b" n="350b"/> ἐπʼ Ἀρτεμισίῳ “παῖδες <note resp="ed" place="unspecified" anchored="yes">
<foreign lang="greek">παῖδες κέ</foreign>] Bergk. ib.</note> Ἀθαναίων <note resp="ed" place="unspecified" anchored="yes">
<foreign lang="greek">Ἀθαναίων</foreign> Boeckhius: <foreign lang="greek">ἀθηναίων</foreign>
</note> ἐβάλοντο φαεννὰν <note resp="ed" place="unspecified" anchored="yes">
<foreign lang="greek">φαεννὰν</foreign> Vit. Them. c. 8: <foreign lang="greek">φαεινὴν</foreign>
</note> κρηπῖδʼ ἐλευθερίας·” ἐπί τε
               Σαλαμῖνι καὶ Μυκάλῃ καὶ Πλαταιαῖς ὥσπερ ἀδαμάντινοι <note resp="ed" place="unspecified" anchored="yes">
<foreign lang="greek">ἀδαμάντινοι</foreign>] fort. <foreign lang="greek">ἀδαμαντίνοις</foreign> ut ad dativos referatur</note> στηρίξαντες τὴν
               ἐλευθερίαν τῆς Ἑλλάδος παρέδοσαν τοῖς ἄλλοις ἀνθρώποις. <pb id="v.2.p.468"/>
</p>
</div1>
<div1 type="section" n="8">
<p>ἀλλὰ νὴ Δία παιδιὰ τὰ τῶν ποιητῶν· οἱ δὲ ῥήτορες ἔχουσί τι
               παραβαλλόμενοι πρὸς τοὺς στρατηγούς, ἐξ ὧν εἰκότως <note resp="ed" place="unspecified" anchored="yes">
<foreign lang="greek">εἰκότως</foreign> Madvigius: <foreign lang="greek">εἰκὸς ὡς</foreign> (<foreign lang="greek">ὡς εἰκὸς ἐξ ὡν</foreign> Emperius)</note> Αἰσχίνης <note resp="ed" place="unspecified" anchored="yes">
<foreign lang="greek">Αἰσχίνης</foreign>] adv. Ctesiph 146</note> σκώπτων τὸν
               Δημοσθένην λέγειν φησίν, ὅτι γράψεται τῷ βήματι
<milestone unit="tlnum" n="5"/> διαδικασίαν πρὸς τὸ στρατήγιον. <note resp="ed" place="unspecified" anchored="yes">
<foreign lang="greek">τὸ στρατήγιον</foreign> R: <foreign lang="greek">τὴν στρατηγίαν</foreign>
</note> ἆρʼ οὖν ἄξιον προκρῖναι τὸν
               Ὑπερείδου Πλαταϊκὸν τῆς Ἀριστείδου Πλαταιᾶσι <note resp="ed" place="unspecified" anchored="yes">
<foreign lang="greek">Πλαταιᾶσι</foreign> Cobetus: <foreign lang="greek">παραγγελίας</foreign>
</note> νίκης; ἢ τὸν Λυσίου
               κατὰ τῶν τριάκοντα
<milestone unit="stephpage" id="stephpage-350c" n="350c"/> τῆς
               Θρασυβούλου καὶ Ἀρχίνου <note resp="ed" place="unspecified" anchored="yes">
<foreign lang="greek">Ἀρχίνου</foreign> R: <foreign lang="greek">ἀρχίου</foreign>
</note> τυραννοκτονίας; ἢ τὸν Αἰσχίνου κατὰ Τιμάρχου
               ἑταιρήσεως τῆς Φωκίωνος
<milestone unit="tlnum" n="10"/> εἰς Βυζάντιον
               βοηθείας, διʼ ἧς ἐκώλυσε τοὺς· τῶν συμμάχων υἱοὺς ἐνύβρισμά τε καὶ
               παροίνημα γενέσθαι Μακεδόνων; ἢ τοῖς κοινοῖς <note resp="ed" place="unspecified" anchored="yes">
<foreign lang="greek">κοινοὶς</foreign>] <foreign lang="greek">Κόνωνος</foreign> Madvigius. Malim <foreign lang="greek">Κονωνείοις</foreign>
</note> στεφάνοις, οὓς τὴν Ἑλλάδα
               ἐλευθερώσας ἔλαβε, τὸν Δημοσθένους περὶ τοῦ στεφάνου παραβάλωμεν, ἐν ᾧ
               τοῦτο λαμπρότατον
<milestone unit="tlnum" n="15"/> καὶ λογιώτατον ὁ ῥήτωρ
               πεποίηκεν, ὀμόσας τοὺς ἐν Μαραθῶνι προκινδυνεύσαντας τῶν προγόνων, οὐ <note resp="ed" place="unspecified" anchored="yes">
<foreign lang="greek">οὐ</foreign> Leonicus: <foreign lang="greek">ἢ</foreign>
</note>
               τοὺς ἐν ταῖς σχολαῖς τὰ μειράκια προδιδάσκοντας· ἐφʼ οἷς οὐ <note resp="ed" place="unspecified" anchored="yes">
<foreign lang="greek">οὐ</foreign> S</note> τοὺς
               Ἰσοκράτεις καὶ Ἀντιφῶντας καὶ Ἰσαίους, ἀλλὰ τούτους ἡ πόλις
               δημοσίαις ταφαῖς
<milestone unit="tlnum" n="20"/> ἔθαψεν, ὑποδεξαμένη τὰ
               λείψανα τῶν σωμάτων, καὶ
<milestone unit="stephpage" id="stephpage-350d" n="350d"/> τούτους ἀπεθέωσε τοῖς ὅρκοις <note resp="ed" place="unspecified" anchored="yes">
<foreign lang="greek">τοῖς ὅρκοις</foreign> M: <foreign lang="greek">τοὺς ὅρκους</foreign>
</note> ὁ ῥήτωρ ὀμνύων οὓς οὐκ ἐμιμεῖτο.
               Ἰσοκράτης δὲ τοὺς ἐν Μαραθῶνι προκινδυνεύσαντας ὥσπερ ἀλλοτρίαις ψυχαῖς
               φήσας ἐναγωνίσασθαι καὶ καθυμνήσας τὴν τόλμαν αὐτῶν <pb id="v.2.p.469"/>
               καὶ τὴν ὑπεροψίαν τοῦ ζῆν, αὐτός,, ὥς φασιν, ἢδη γέρων γεγονὼς πρὸς
               τὸν πυθόμενον πῶς διάγει, “οὕτωσ” εἶπεν “ὡς ἄνθρωπος ὑπὲρ
                  ἐνενήκοντα ἔτη γεγονὼς καὶ μέγιστον ἡγούμενος τῶν κακῶν τὸν
<milestone unit="tlnum" n="5"/> θάνατον” οὐ γὰρ ἀκονῶν ξίφος οὐδὲ λόγχην
               χαράττων οὐδὲ λαμπρύνων κράνος; οὐδὲ στρατευόμενος οὐδʼ ἐρέσσων, ἀλλʼ
               ἀντίθετα καὶ πάρισα καὶ ὁμοιόπτωτα κολλῶν καὶ συντιθεὶς, μονονοὺ
               κολαπτῆρσι
<milestone unit="stephpage" id="stephpage-350e" n="350e"/> καὶ ξυστῆρσι
               τὰς περιόδους ἀπολεαίνων καὶ ῥυθμίζων
<milestone unit="tlnum" n="10"/>
               ἐγήρασε. πῶς οὖν οὐκ ἔμελλεν ἄνθρωπος ψόφον ὅπλων φοβεῖσθαι καὶ
               σύρρηγμα φάλαγγος <note resp="ed" place="unspecified" anchored="yes">
<foreign lang="greek">φάλαγγος</foreign>] <foreign lang="greek">φαλάγγων</foreign> Abreschius</note> ὁ φοβούμενος φωνῆεν φωνήεντι συγκροῦσαι καὶ συλλαβῇ τὸ
               ἰσόκωλον ἐνδεὲς ἐξενεγκεῖν; Μιλτιάδης μὲν γὰρ ἄρας <note resp="ed" place="unspecified" anchored="yes">
<foreign lang="greek">ἄρας</foreign> Emperius: <foreign lang="greek">αὐτὸς</foreign>
</note> ἐς Μαραθῶνα τῇ
               ὑστεραίᾳ τὴν μάχην συνάψας ἧκεν
<milestone unit="tlnum" n="15"/> εἰς ἄστυ
               μετὰ τῆς στρατιᾶς νενικηκώς, καὶ Περικλῆς ἐννέα μησὶ Σαμίους
               καταστρεψάμενος ἐφρόνει τοῦ
<milestone unit="stephpage" id="stephpage-350f" n="350f"/>Ἀγαμέμνονος μεῖζον ἔτει δεκάτῳ τὴν Τροίαν ἑλόντος
               Ἰσοκράτης δὲ μικροῦ τρεῖς ὀλυμπιάδας ἀνήλωσεν, ἵνα γράψῃ τὸν
               πανηγυρικὸν λόγον, οὐ στρατευσάμενος
<milestone unit="tlnum" n="20"/> ἐν
               τούτοις τοῖς χρόνοις οὐδὲ πρεσβεύσας οὐδὲ πόλιν κτίσας οὐδὲ ναύαρχος
               ἐκπεμφθείς, καίτοι μυρίους τοῦ τότε χρόνου πολέμους ἐνέγκαντος· ἀλλʼ ἐν
               ᾧ Τιμόθεος Εὔβοιαν ἠλευθέρου καὶ Χαβρίας περὶ Νάξον ἐναυμάχει καὶ
               περὶ Λέχαιον Ἰφικράτης κατέκοπτε
<milestone unit="tlnum" n="25"/> τὴν
               Λακεδαιμονίων μόραν, <note resp="ed" place="unspecified" anchored="yes">
<foreign lang="greek">μόραν</foreign> M: <foreign lang="greek">μοῖραν</foreign>
</note> καὶ πᾶσαν ἐλευθερώσας
<milestone unit="stephpage" id="stephpage-351a" n="351a"/> πόλιν ὁ δῆμος ἰσόψηφον αὐτοῖς τὴν Ἑλλάδα
               κατέστησεν, οἴκοι καθῆστο βιβλίον ἀναπλάττων τοῖς <pb id="v.2.p.470"/>
               ὀνόμασιν, ὅσῳ χρόνῳ τὰ προπύλαια Περικλῆς ἀνέστησε καὶ τοὺς
               ἑκατομπέδους. καίτοι καὶ τοῦτον ὡς βραδέως ἀνύοντα τοῖς ἔργοις
               ἐπισκώπτων Κρατῖνος οὕτω πως λέγει περὶ τοῦ διὰ μέσου <note resp="ed" place="unspecified" anchored="yes">
<foreign lang="greek">μέσου</foreign> W: <foreign lang="greek">μέσον</foreign>
</note> τείχους, “λόγοισι
<milestone unit="tlnum" n="5"/> γὰρ αὐτὸ <note resp="ed" place="unspecified" anchored="yes">
<foreign lang="greek">αὐτὸ</foreign> R: <foreign lang="greek">αὐτὸν</foreign>
</note>
<note resp="ed" place="unspecified" anchored="yes">
<foreign lang="greek">λόγοισι γὰρ αὐτὸ</foreign>] <foreign lang="greek">πάλαι γὰρ αὐτὸ λόγοισι</foreign> Vit. Per. c. 18. cf. Menek. II. p. 218</note> προάγει Περικλέης,
                  ἔργοισι δʼ οὐδὲ κινεῖ.” σκόπει δὲ σοφιστικὴν μικροφροσύνην, τὸ
               ἔνατον μέρος τοῦ βίου εἰς ἕνα λόγον καταναλίσκουσαν. ἀλλὰ νὴ Δία <note resp="ed" place="unspecified" anchored="yes">
<foreign lang="greek">νὴ Δία</foreign> Madvigius: <foreign lang="greek">δὴ μετὰ</foreign>
</note> τοὺς
               Δημοσθένους τοῦ ῥήτορος λόγους ἄξιόν ἐστι τοῖς τοῦ στρατηγοῦ ἔργοις <note resp="ed" place="unspecified" anchored="yes">
<foreign lang="greek">τοῖς τοῦ στρατηγοῦ ἔργοις</foreign> W: <foreign lang="greek">τοῖς στρατηγοῖς</foreign>
</note>
               παραβάλλειν; τὸν
<milestone unit="tlnum" n="10"/>
<milestone unit="stephpage" id="stephpage-351b" n="351b"/> κατὰ Κόνωνος αἰκίας
               τοῖς περὶ Πύλον τροπαίοις ἐκείνου; <note resp="ed" place="unspecified" anchored="yes">
<foreign lang="greek">ἐκείνου</foreign> Leonicus: <foreign lang="greek">ἔχειν</foreign>
</note> τὸν <note resp="ed" place="unspecified" anchored="yes">
<foreign lang="greek">τὸν</foreign> Papabasiliu</note> πρὸς Ἀρεθούσιον <note resp="ed" place="unspecified" anchored="yes">
<foreign lang="greek">Ἀρεθούσιον</foreign> Cobetus: <foreign lang="greek">ἀμαθούσιον</foreign>
</note> περὶ ἀνδραπόδων
               τοῖς ἐξανδραποδισθεῖσιν ὑπʼ ἐκείνου Σπαρτιάταις; ἢ ὅτι τοὺς ἐποίκους
               ἔγραψε, ταύτην <note resp="ed" place="unspecified" anchored="yes">
<foreign lang="greek">ἢ ὅτι - ταύτην</foreign>] fort. <foreign lang="greek">ἢ ὅτι ὅτε τοὺς ἐπιτροπικοὺς ἔγραψε, τὴν ἡλικίαν ταύτην</foreign>
</note> Ἀλκιβιάδης ἔχων Μαντινεῖς καὶ Ἠλείους ἐπὶ τὴν
               Λακεδαίμονα συνέστησε.
<milestone unit="tlnum" n="15"/> καὶ μὴν οἵ γε <note resp="ed" place="unspecified" anchored="yes">
<foreign lang="greek">γε</foreign> Herwerdenus: <foreign lang="greek">τε</foreign>
</note>
               δημόσιοι λόγοι τοῦτʼ ἔχουσι θαυμαστόν, ὅτι τοῖς Φιλιππικοῖς; ἐπὶ
               πράξεις προτρέπεται καὶ τὴν Λεπτίνου πρᾶξιν ἐπαινεῖ. <note resp="ed" place="unspecified" anchored="yes">
<foreign lang="greek">ἐπαινεῖ</foreign>] '<foreign lang="greek">λείπει τὸ τέλος</foreign>' adnotavit M</note>
</p>
</div1>
</body>
</text>
</TEI.2>
