<?xml version="1.0" encoding="UTF-8"?><TEI.2>
<teiHeader>
<fileDesc>
<titleStmt>
<title>De esu carnium I</title>
<title type="sub">Machine readable text</title>
<author n="Plut.">Plutarch</author>
<editor role="editor" n="Teubner">Gregorius N. Bernardakis</editor>
<sponsor>Perseus Project, Tufts University</sponsor>
<principal>Gregory Crane</principal>
<respStmt>
<resp>Prepared under the supervision of</resp>
<name>Lisa Cerrato</name>
<name>William Merrill</name>
<name>Elli Mylonas</name>
<name>David Smith</name>
</respStmt>
<funder n="org:NEH">The National Endowment for the Humanities</funder>
</titleStmt>
<extent/>
<publicationStmt>
<publisher>Trustees of Tufts University</publisher>
<pubPlace>Medford, MA</pubPlace>
<authority>Perseus Project</authority>
</publicationStmt>
<sourceDesc>
<biblStruct>
<analytic/>
<monogr>
<author>Plutarch</author>
<title>Moralia</title>
<editor role="editor">Gregorius N. Bernardakis</editor>
<imprint>
<pubPlace>Leipzig</pubPlace>
<publisher>Teubner</publisher>
<date>1895</date>
</imprint>
<biblScope type="volume">6</biblScope>
</monogr>
</biblStruct>
</sourceDesc>
</fileDesc>
<encodingDesc>
<editorialDecl>
    <normalization>
        <p>Notes are not included.</p>
    </normalization>
<correction method="silent">
<p>optical character recognition</p>
</correction>
</editorialDecl>
<refsDecl doctype="TEI.2">
<state unit="chapter" delim="."/>
<state unit="section"/>
</refsDecl>
<refsDecl doctype="TEI.2">
<state unit="stephpage" n="chunk"/>
</refsDecl>
</encodingDesc>
<profileDesc>
<langUsage>
<language id="greek">Greek</language>
</langUsage>
</profileDesc>
<revisionDesc>
<change>
<date>5/10</date>
<respStmt>
<name>RS</name>
<resp/>
</respStmt>
<item>tagged and parsed</item>
</change>
</revisionDesc>
</teiHeader>
<text>
<body>
<div1 type="chapter">
<pb id="v.6.p.100"/>
<milestone unit="stephpage" id="stephpage-993a" n="993a"/>
<div2 type="section" n="1">
<p>ἀλλὰ σὺ μὲν ἐρωτᾷς; τίνι λόγῳ Πυθαγόρας ἀπείχετο σαρκοφαγίας, ἐγὼ δὲ θαυμάζω καὶ τίνι
<milestone unit="tlnum" n="5"/>
<milestone unit="stephpage" id="stephpage-993b" n="993b"/> πάθει καὶ ποίᾳ ψυχῇ ἢ λόγῳ ὁ πρῶτος ἄνθρωπος ἥψατο φόνου στόματι καὶ τεθνηκότος ζῴου χείλεσι προσήψατο σαρκός· καὶ νεκρῶν σωμάτων καὶ ἑώλων
προθέμενος τραπέζας ὄψα καὶ τρυφὰς καὶ προσέτι
εἰπεῖν τὰ μικρὸν ἔμπροσθεν βρυχώμενα μέρη καὶ
<milestone unit="tlnum" n="10"/> φθεγγόμενα καὶ κινούμενα καὶ βλέποντα· πῶς ἡ
ὄψις ὑπέμεινε τὸν φόνον σφαζομένων δερομένων διαμελιζομένων, πῶς ἡ ὄσφρησις ἤνεγκε τὴν ἀποφοράν πῶς τὴν γεῦσιν οὐκ ἀπέτρεψεν ὁ μολυσμὸς
<milestone unit="stephpage" id="stephpage-993c" n="993c"/>
ἑλκῶν ψαύουσαν ἀλλοτρίων καὶ τραυμάτων θανασίμων
<milestone unit="tlnum" n="15"/> χυμοὺς· καὶ ἰχῶρας ἀπολαμβάνουσαν.
<quote rend="blockquote">
<l>εἷρπον
μὲν ῥινοί, κρέα δʼ ἀμφʼ ὀβελοῖς ἐμεμύκει
</l>
<l>ὀπταλέα τε καὶ ὠμά, βοῶν δʼ ὣς γίγνετο φωνὴ</l>
</quote> τοῦτο πλάσμα καὶ μῦθός   ἐστι, τὸ δέ γε δεῖπνον ἀληθῶς τερατῶδες, πεινῆν τινα τῶν μυκωμένων
<pb id="v.6.p.102"/>
ἔτι, καὶ διδάσκοντα ἀφʼ ὧν δεῖ τρέφεσθαι ζώντων
ἔτι καὶ λαλούντων, καὶ διαταττόμενον ἀρτύσεις τινὰς καὶ ὀπτήσεις καὶ παραθέσεις· τούτων ἔδει ζητεῖν τὸν πρῶτον ἀρξάμενον οὐ τὸν ὀψὲ
παυσάμενον
<milestone unit="tlnum" n="5"/>
</p>
</div2>
<div2 type="section" n="2">
<p>ἢ τοῖς μὲν πρώτοις ἐκείνοις ἐπιχειρήσασι σαρκοφαγεῖν τὴν αἰτίαν ἂν εἴποι τις πᾶσαν εἶναι τὴν ἀπορίαν· οὐ γὰρ ἐπιθυμίαις ἀνόμοις συνδιάγοντες
<milestone unit="stephpage" id="stephpage-993d" n="993d"/> οὐδʼ ἐν περιουσίᾳ τινὶ ἀναγκαίων ὑβρίσαντες εἰς
<milestone unit="tlnum" n="10"/> ἡδονὰς παρὰ φύσιν ἀσυμφύλους ἐπὶ ταῦτʼ ἦλθον· ἀλλʼ εἴποιεν ἂν αἴσθησιν ἐν τῷ παρόντι καὶ φωνὴν λαβόντες· ὦ μακάριοι. καὶ θεοφιλεῖς οἱ νῦν ὄντες ὑμεῖς οἷον βίου λαχόντες αἰῶνα καρποῦσθε καὶ νέμεσθε κλῆρον ἀγαθῶν ἄφθονον, ὅσα φύεται ὑμῖν;
<milestone unit="tlnum" n="15"/> ὅσα τρυγᾶται; ὅσον πλοῦτον ἐκ πεδίων, ὅσας ἀπὸ φυτῶν ἡδονὰς δρέπεσθαι πάρεστιν; ἔξεστιν ὑμῖν καὶ τρυφᾶν μὴ μιαινομένοις. ἡμᾶς δὲ σκυθρωπότατον καὶ φοβερώτατον ἐδέξατο βίου καὶ χρόνου μέρος,
<milestone unit="stephpage" id="stephpage-993e" n="993e"/> εἰς πολλὴν καὶ ἀμήχανον ἐκπεσόντας ὑπὸ τῆς πρώτης
<milestone unit="tlnum" n="20"/> γενέσεως ἀπορίαν ἔτι μὲν οὐρανὸν ἔκρυπτεν ἀήρ, καὶ ἄστρα θολερῷ καὶ δυσδιαστατοῦντι πεφυρμένα ὑγρῷ καὶ πυρὶ καὶ ζάλαις ἀνέμων οὔπω δʼ ἥλιος ἵδρυτο ἀπλανῆ καὶ βέβαιον
<pb id="v.6.p.103"/>
<quote rend="blockquote">
<l>ἔχων δρόμον ἠὼ
</l>
<l> καὶ δύσιν ἔκρινεν, περὶ δʼ ἢγαγεν αὖθις ὀπίσσω
</l>
<l> καρποφόροισιν ἐπιστέψας κάλυκος στεφάνοισιν
</l>
<l>ὥρας· γῆ δʼ ὕβριστο</l>
</quote>
<milestone unit="tlnum" n="5"/> ποταμῶν ἐκβολαῖς ἀτάκτοις, καὶ πολλὰ “λίμναισιν
ἄμορφα” καὶ πηλοῖς βαθέσι καὶ λόχμαις ἀφόροις καὶ ὕλαις ἐξηγρίωτο· φορᾶς δʼ ἡμέρων καρπῶν καὶ
τέχνης ὄργανον οὐδὲν οὐδὲ μηχανὴ σοφίας· ὁ δὲ λιμὸς οὐκ ἐδίδου χρόνον οὐδʼ ὥρας ἐτησίους σπόρος
<milestone unit="tlnum" n="10"/>
<milestone unit="stephpage" id="stephpage-993f" n="993f"/>
οὐκ ὢν τότʼ ἀνέμενε.. τί θαυμαστόν, εἰ ζῴων
ἐχρησάμεθα σαρξὶ παρὰ φύσιν, ὅτʼ ἰλὺς ἠσθίετο καὶ φλοιὸς ἐβρώθη ξύλου, καὶ ἄγρωστιν εὑρεῖν βλαστάνουσαν ἢ φλεώ τινα ῥίζαν εὐτυχὲς ἦν; βαλάνου δὲ γευσάμενοι καὶ φαγόντες ἐχόρευσαν ὑφʼ
<milestone unit="tlnum" n="15"/> ἡδονῆς περὶ δρῦν τινα καὶ φηγόν, ζείδωρον καὶ μητέρα καὶ τροφὸν ἀποκαλοῦντες· ἐκείνην ὁ τότε
<milestone unit="stephpage" id="stephpage-994a" n="994a"/> βίος ἑορτὴν ἔγνω, τὰ δʼ ἄλλα φλεγμονῆς ἦν ἅπαντα μεστὰ καὶ στυγνότητος. ὑμᾶς δὲ τοὺς νῦν τίς  λύσσα καὶ τίς  οἶστρος ἄγει πρὸς μιαιφονίαν, οἷς
<milestone unit="tlnum" n="20"/> τοσαῦτα περίεστι τῶν ἀναγκαίων; τί καταψεύδεσθε τῆς γῆς ὡς· τρέφειν μὴ δυναμένης; τί τὴν θεσμοφόρον ἀσεβεῖτε Δήμητρα καὶ τὸν ἡμερίδην καὶ μειλίχιον
<pb id="v.6.p.104"/>
δε εσυ ξαρνιυμ αἰσχύνετε Διόνυσον, ὡς οὐχ ἱκανὰ παρὰ τούτων
λαμβάνοντες; οὐκ αἰδεῖσθε τοὺς ἡμέρους καρποὺς
αἵματι καὶ φόνῳ μιγνύοντες; ἀλλὰ δράκοντας ἀγρίους καλεῖτε καὶ παρδάλεις καὶ λέοντας, αὐτοὶ δὲ μιαιφονεῖτε
<milestone unit="tlnum" n="5"/> εἰς ὠμότητα καταλιπόντες
ἐκείνοις οὐδέν·
<milestone unit="stephpage" id="stephpage-994b" n="994b"/> ἐκείνοις μὲν γὰρ ὁ φόνος τροφή, ὑμῖν δʼ ὄψον ἐστίν. </p>
</div2>
<div2 type="section" n="3">
<p>οὐ γὰρ δὴ λέοντὰς γʼ ἀμυνόμενοι καὶ λύκους
ἐσθίομεν· ἀλλὰ ταῦτα μὲν ἐῶμεν, τὰ δʼ ἀβλαβῆ καὶ χειροήθη καὶ ἄκεντρα καὶ νωδὰ πρὸς τὸ δακεῖν
<milestone unit="tlnum" n="10"/>
συλλαμβάνοντες ἀποκτιννύομεν, ἃ νὴ Δία καὶ κάλλους
ἕνεκα καὶ χάριτος ἡ φύσις ἔοικεν ἐξενεγκεῖν.
ὅμοιον ὡς εἴ τις τὸν Νεῖλον ὁρῶν πλημμυροῦντα καὶ τὴν χώραν ἐμπιπλάντα γονίμου καὶ καρποφόρου
ῥεύματος μὴ τοῦτο θαυμάζοι τοῦ φερομένου, τὸ
<milestone unit="tlnum" n="15"/>
φυτάλμιον καὶ εὔκαρπον τῶν ἡμερωτάτων καὶ βιωφελεστάτων καρπῶν, ἀλλʼ ἰδών που καὶ κροκόδειλον ἐννηχόμενον καὶ ἀσπίδα κατασυρομένην καὶ μύας,
<milestone unit="stephpage" id="stephpage-994c" n="994c"/> ἄγρια ζῷα καὶ μιαρά, ταύτας λέγοι τὰς αἰτίας τῆς
μέμψεως καὶ τῆς τοῦ πράγματος ἀνάγκης· ἢ νὴ Δία
<milestone unit="tlnum" n="20"/> τὴν γῆν ταύτην καὶ τὴν ἄρουραν ἀποβλέψας ἐμπεπλησμένην ἡμέρων καρπῶν καὶ βρίθουσαν ἀσταχύων,
ἔπειτα ὑποβλέψας που τοῖς ληίοις τούτοις καὶ
πού τινος αἴρας στάχυν ἰδὼν καὶ ὀροβάγχην, εἶτʼ
<pb id="v.6.p.105"/> ἀφεὶς ἐκεῖνα καρποῦσθαι καὶ ληίζεσθαι μέμφοιτο περὶ τούτων. τοιοῦτόν τι, καὶ λόγον ῥήτορος ὁρῶν
ἐν δίκῃ τινὶ καὶ συνηγορίᾳ πληθύοντα καὶ φερόμενον ἐπὶ βοηθείᾳ κινδύνων, ἢ νὴ Δίʼ ἐλέγχῳ καὶ
<milestone unit="tlnum" n="5"/>
<milestone unit="stephpage" id="stephpage-994d" n="994d"/> κατηγορίᾳ τολμημάτων καὶ ἀποδείξεων, ῥέοντα δὲ καὶ φερόμενον οὐχ ἁπλῶς οὐδὲ λιτῶς, ἀλλʼ ὁμοῦ πάθεσι πολλοῖς μᾶλλον δὲ παντοδαποῖς, εἰς ψυχὰς
ὁμοίως πολλὰς καὶ ποικίλας καὶ διαφόρους τῶν
ἀκροωμένων ἢ τῶν δικαζόντων, ἃς δεῖ τρέψαι καὶ
<milestone unit="tlnum" n="10"/> μεταβαλεῖν ἢ νὴ Δία πραῧναι καὶ ἡμερῶσαι καὶ
καταστῆσαι· εἶτα παρεὶς τοῦτο τοῦ πράγματος ὁρᾶν καὶ μετρεῖν τὸ φύλαιον καὶ ἀγώνισμα, παραρρήσεις
ἐκλέγων, ἃς κατιὼν ὁ λόγος συγκατήνεγκε τῇ ῥύμῃ τῆς φορᾶς, συνεκπεσούσας καὶ παρολισθούσας τῷ
<milestone unit="tlnum" n="15"/> λοιπῷ τοῦ λόγου. καὶ δημηγόρου τινὸς ὁρῶν.
</p>
</div2>
<div2 type="section" n="4">
<p>ἀλλʼ οὐδὲν ἡμᾶς δυσωπεῖ, οὐ χρόας ἀνθηρὸν εἶδος, οὐ φωνῆς ἐμμελοῦς πιθανότης, οὐ πανουργία
<milestone unit="stephpage" id="stephpage-994e" n="994e"/> ψυχῆς, οὐ τὸ καθάριον ἐν διαίτῃ καὶ περιττὸν ἐν συνέσει τῶν ἀθλίων, ἀλλὰ σαρκιδίου μικροῦ χάριν
<milestone unit="tlnum" n="20"/> ἀφαιρούμεθα ψυχῆς ἥλιον, φῶς, τὸν τοῦ βίου χρόνον, ἐφʼ ᾧ γέγονε καὶ πέφυκεν. εἶθʼ ἃς φθέγγεται καὶ
διέτρισε φωνὰς ἀνάρθρους εἶναι δοκοῦμεν, οὐ παραιτήσεις καὶ δεήσεις καὶ δικαιολογίας ἑκάστου
<pb id="v.6.p.106"/> λέγοντος “οὐ παραιτοῦμαί σου τὴν ἀνάγκην ἀλλὰ
τὴν ὕβριν, ἵνα φάγῃς ἀπόκτεινον, ἵνα δʼ ἥδιον φάγῃς μὴ μʼ ἀναίρει” ὢ τῆς ὠμότητος δεινὸν μέν ἐστι καὶ τιθεμένην ἰδεῖν τράπεζαν ἀνθρώπων πλουσίων
<milestone unit="tlnum" n="5"/> νεκροκόσμοις χρωμένων μαγείροις καὶ ὀψοποιοῖς,
δεινότερον δʼ ἀποκομιζομένην πλείονα γὰρ τὰ λειπόμενα
<milestone unit="stephpage" id="stephpage-994f" n="994f"/> τῶν βεβρωμένων ἐστίν οὐκοῦν ταῦτα μάτην ἀπέθανεν ἕτεροι δὲ φειδόμενοι τῶν παρατεθέντων οὐκ ἐῶσι τέμνειν οὐδὲ κατακόπτειν, παραιτούμενοι
<milestone unit="tlnum" n="10"/> νεκρά, ζώντων δʼ οὐκ ἐφείσαντο.
</p>
</div2>
<div2 type="section" n="5">
<p>ἄλογον γὰρ εἶναί φαμεν ἐκείνους λέγειν τοὺς
ἄνδρας ἀρχὴν ἔχειν τὴν φύσιν ὅτι γὰρ οὐκ ἔστιν ἀνθρώπῳ κατὰ φύσιν τὸ σαρκοφαγεῖν, πρῶτον μὲν ἀπὸ τῶν σωμάτων δηλοῦται τῆς· κατασκευῆς. οὐδενὶ
<milestone unit="tlnum" n="15"/> γὰρ ἔοικε τὸ ἀνθρώπου σῶμα τῶν ὑ ἐπὶ σαρκοφαγίᾳ
<milestone unit="stephpage" id="stephpage-995a" n="995a"/> γεγονότων, οὐ γρυπότης χείλους, οὐκ ὀξύτης; ὄνυχος,
οὐ τραχύτης ὀδόντος πρόσεστιν, οὐ κοιλίας εὐτονία καὶ πνεύματος θερμότης, τρέψαι καὶ κατεργάσασθαι δυνατὴ τὸ βαρὺ καὶ κρεῶδες ἀλλʼ αὐτόθεν ἡ φύσις
<milestone unit="tlnum" n="20"/>
τῇ λειότητι τῶν ὀδόντων καὶ τῇ σμικρότητι τοῦ στόματος καὶ τῇ μαλακότητι τῆς γλώσσης καὶ τῇ
πρὸς πέψιν ἀμβλύτητι τοῦ πνεύματος ἐξόμνυται τὴν σαρκοφαγίαν. εἰ δὲ λέγεις πεφυκέναι σεαυτὸν ἐπὶ τοιαύτην ἐδωδήν, ὃ βούλει φαγεῖν πρῶτον αὐτὸς
<milestone unit="tlnum" n="25"/>
ἀπόκτεινον, ἀλλʼ αὐτὸς διὰ σεαυτοῦ, μὴ χρησάμενος κοπίδι μηδὲ τυμπάνῳ τινὶ μηδὲ πελέκει· ἀλλά, ὡς
<pb id="v.6.p.107"/> λύκοι καὶ ἄρκτοι καὶ λέοντες αὐτοὶ ὅσα ἐσθίουσι φονεύουσιν,
<milestone unit="stephpage" id="stephpage-995b" n="995b"/> ἄνελε δήγματι βοῦν ἢ στόματι σῦν, ἢ ἄρνα ἢ λαγωὸν διάρρηξον καὶ φάγε προσπεσὼν ἔτι ζῶντος,
ὡς ἐκεῖνα. εἰ δʼ ἀναμένεις νεκρὸν γενέσθαι τὸ αἰσθόμενον
<milestone unit="tlnum" n="5"/> καὶ δυσωπεῖ σε παροῦσα ψυχὴ ἀπολαύειν τῆς σαρκός, τί παρὰ φύσιν ἐσθίεις τὸ ἔμψυχον; ἀλλʼ οὐδʼ ἄψυχον ἄν τις φάγοι καὶ νεκρὸν οἷόν ἐστιν, ἀλλʼ ἕψουσιν ὀπτῶσι μεταβάλλουσι διὰ πυρὸς καὶ φαρμάκων, ἀλλοιοῦντες καὶ τρέποντες καὶ σβεννύοντες
<milestone unit="tlnum" n="10"/> ἡδύσμασι μυρίοις τὸν φόνον, ἵνʼ ἡ γεῦσις ἐξαπατηθεῖσα προσδέξηται τἀλλότριον. καίτοι χάριέν γε τὸ τοῦ Λάκωνος, ὃς ἰχθύδιον ἐν πανδοκείῳ πριάμενος
<milestone unit="stephpage" id="stephpage-995c" n="995c"/>
τῷ πανδοκεῖ σκευάσαι παρέδωκεν· αἰτοῦντος δʼ ἐκείνου τυρὸν καὶ ὄξος καὶ ἔλαιον, “ἀλλʼ εἰ ταῦτʼ
<milestone unit="tlnum" n="15"/> εἶχον” εἶπεν “οὐκ  ἂν ἰχθὺν ἐπριάμην” ἡμεῖς δʼ
οὕτως ἐν τῷ μιαιφόνῳ τρυφῶμεν, ὥστʼ ὄψον τὸ
κρέας προσαγορεύομεν, εἶτ̓ ὄψων πρὸς αὐτὸ τὸ
κρέας δεόμεθα, ἀναμιγνύντες ἔλαιον οἶνον μέλι
γάρον ὄντως ἡδύσμασι Συριακοῖς Ἀραβικοῖς, ὥσπερ
<milestone unit="tlnum" n="20"/>
ὄξος νεκρὸν ἐνταφιάζοντες. καὶ γὰρ οὕτως αὐτῶν διαλυθέντων καὶ μαλαχθέντων καὶ τρόπον τινὰ προσαπέντων ἔργον ἐστὶ τὴν πέψιν κρατῆσαι, καὶ
διακρατηθείσης δὲ δεινὰς βαρύτητας ἐμποιεῖ καὶ νοσώδεις ἀπεψίας.
<milestone unit="tlnum" n="25"/>
</p>
</div2>
<div2 type="section" n="6">
<p>Διογένης δʼ ὠμὸν φαγεῖν πολύπουν ἐτόλμησεν,
<pb id="v.6.p.108"/>
<milestone unit="stephpage" id="stephpage-995d" n="995d"/> ἵνα τὴν διὰ τοῦ πυρὸς ἐκβάλῃ κατεργασίαν τῶν κρεῶν· καὶ πολλῶν περιεστώτων αὐτὸν ἀνθρώπων, ἐγκαλυψάμενος τῷ τρίβωνι καὶ τῷ στόματι προσφέρων
τὸ κρέας “ὑπὲρ ὑμῶν” φησὶν “ἐγὼ παραβάλλομαι καὶ
<milestone unit="tlnum" n="5"/>
προκινδυνεύω” καλόν, ὦ Ζεῦ, κίνδυνον οὐ γάρ, ὡς
Πελοπίδας ὑπὲρ τῆς Θηβῶν ἐλευθερίας ἢ ὡς Ἁρμόδιος καὶ Ἀριστογείτων ὑπὲρ τῆς Ἀθηναίων, προεκινδύνευσεν
ὁ φιλόσοφος ὠμῷ πολύποδι διαμαχόμενος,
ἵνα τὸν βίον ἀποθηριώσῃ; οὐ τοίνυν μόνον αἱ κρεοφαγίαι
<milestone unit="tlnum" n="10"/> τοῖς σώμασι γίγνονται παρὰ φύσιν, ἀλλὰ καὶ τὰς ψυχὰς ὑπὸ πλησμονῆς καὶ κόρου παχύνουσιν·
<milestone unit="stephpage" id="stephpage-995e" n="995e"/> “οἶνος γὰρ καὶ σαρκῶν ἐμφορήσιες σῶμα μὲν ἰσχυρὸν ποιέουσι καὶ ῥωμαλέον, ψυχὴν δὲ ἀσθενέα” καὶ ἵνα μὴ τοῖς ἀθληταῖς ἀπεχθάνωμαι, συγγενέσι χρῶμαι
<milestone unit="tlnum" n="15"/>
παραδείγμασι· τοὺς γὰρ Βοιωτοὺς ἡμᾶς οἱ Ἀττικοὶ καὶ παχεῖς καὶ ἀναισθήτους καὶ ἠλιθίους, μάλιστα διὰ τὰς ἀδηφαγίας
προσαγορεύουσιν· “οὗτοι δʼ αὖ
συ <gap/>” καὶ ὁ Μένανδρος “οἳ γνάθους ἔχουσι,ʼ” καὶ ὁ Πίνδαρος “γνῶναὶ τʼ
ἔπειτα” “αὐγὴ ξηρὴ ψυχὴ
<milestone unit="tlnum" n="20"/>
σοφωτάτη” κατὰ τὸν Ἡράκλειτον· οἱ κενοὶ πίθοι
<pb id="v.6.p.109"/>
κρουσθέντες ἠχοῦσι, γενόμενοι δὲ πλήρεις οὐχ ὑπακούουσι ταῖς πληγαῖς· τῶν χαλκωμάτων τὰ λεπτὰ τοὺς ψόφους ἐν κύκλῳ διαδίδωσιν, ἄχρι οὗ ἐμφράξῃ
<milestone unit="stephpage" id="stephpage-995f" n="995f"/>   καὶ τυφλώσῃ τις τῇ χειρὶ τῆς· πληγῆς περιφερομένης
<milestone unit="tlnum" n="5"/>
ἐπιλαμβανόμενος· ὀφθαλμὸς; ὑγροῦ πλεονάσαντος ἀναπλησθεὶς μαραυγεῖ καὶ ἀτονεῖ πρὸς τὸ οἰκεῖον
ἔργον· τὸν ἥλιον διʼ ἀέρος ὑγροῦ καὶ ἀναθυμιάσεων
πλήθους ἀπέπτων ἀθρήσαντες οὐ καθαρὸν οὐδὲ λαμπρὸν ἀλλὰ βύθιον καὶ ἀχλυώδη καὶ ὀλισθαίνοντα
<milestone unit="tlnum" n="10"/> ταῖς αὐγαῖς ὁρῶμεν. οὕτω δὴ καὶ διὰ σώματος
<milestone unit="stephpage" id="stephpage-996a" n="996a"/> θολεροῦ καὶ διακόρου καὶ βαρυνομένου τροφαῖς ἀσυμφύλοις πᾶσα ἀνάγκη τὸ γάνωμα τῆς ψυχῆς καὶ
τὸ φέγγος ἀμβλύτητα καὶ σύγχυσιν ἔχειν καὶ πλανᾶσθαι καὶ φέρεσθαι, πρὸς τὰ λεπτὰ καὶ δυσθεώρητα
<milestone unit="tlnum" n="15"/> τέλη τῶν πραγμάτων αὐγὴν καὶ τόνον οὐκ ἐχούσης.
</p>
</div2>
<div2 type="section" n="7">
<p>χωρὶς δὲ τούτων ὁ πρὸς φιλανθρωπίαν ἐθισμὸς
οὐ δοκεῖ θαυμαστὸν εἶναι; τίς γὰρ ἂν ἀδικήσειεν
ἄνθρωπον, οὕτω πρὸς ἀλλότρια κακὰ καὶ ἀσύμφυλα διακείμενος καὶ πράως καὶ φιλανθρώπως;
<milestone unit="tlnum" n="20"/> ἐμνήσθην δὲ τρίτην ἡμέραν διαλεγόμενος περὶ
Ξενοκράτους, καὶ ὅτι Ἀθηναῖοι τῷ ζῶντα τὸν κριὸν
ἐκδείραντι δίκην ἐπέθηκαν οὐκ ἔστι δέ, οἶμαι,
<milestone unit="stephpage" id="stephpage-996b" n="996b"/> χείρων ὁ ζῶντα βασανίζων τοῦ παραιρουμένου τὸ ζῆν καὶ φονεύοντος· ἀλλὰ μᾶλλον, ὡς ἔοικε, τῶν
<pb id="v.6.p.110"/> παρὰ συνήθειαν ἢ τῶν παρὰ φύσιν αἰσθανόμεθα. καὶ ταῦτα μὲν ἐκεῖ κοινότερον ἔλεγον· τὴν δὲ μεγάλην καὶ μυστηριώδη καὶ ἄπιστον ἀνδράσι δειλοῖς, φησιν ὁ Πλάτων, καὶ θνητὰ φρονοῦσιν
<milestone unit="tlnum" n="5"/> ἀρχὴν τοῦ δόγματος; ὀκνῶ μὲν ἔτι τῷ λόγῳ κινεῖν,
ὥσπερ ναῦν ἐν χειμῶνι ναύκληρος ἢ μηχανὴν αἴρει
ποιητικὸς ἀνὴρ ἐν θεάτρῳ σκηνῆς περιφερομένης.
οὐ χεῖρον δʼ ἴσως καὶ προανακρούσασθαι καὶ προαναφωνῆσαι
τὰ τοῦ Ἐμπεδοκλέους· <gap/> ἀλληγορεῖ γὰρ
<milestone unit="tlnum" n="10"/> ἐνταῦθα τὰς ψυχάς, ὅτι φόνων καὶ βρώσεως σαρκῶν
καὶ ἀλληλοφαγίας δίκην τίνουσαι σώμασι θνητοῖς
<milestone unit="stephpage" id="stephpage-996c" n="996c"/> ἐνδέδενται. καίτοι δοκεῖ παλαιότερος οὗτος ὁ λόγος εἶναι· τὰ γὰρ δὴ περὶ τὸν Διόνυσον μεμυθευμένα πάθη τοῦ διαμελισμοῦ καὶ τὰ Τιτάνων ἐπʼ αὐτὸν
<milestone unit="tlnum" n="15"/> τολμήματα, κολάσεις τε τούτων καὶ κεραυνώσεις
γευσαμένων τοῦ φόνου, ᾐνιγμένος ἐστὶ μῦθος εἰς τὴν παλιγγενεσίαν· τὸ γὰρ ἐν ἡμῖν ἄλογον καὶ ἄτακτον καὶ βίαιον οὐ θεῖον ἀλλὰ δαιμονικὸν
οἱ παλαιοὶ Τιτᾶνας ὠνόμασαν, καὶ τοῦτʼ ἔστι
<milestone unit="tlnum" n="20"/>
κολαζομένου καὶ δίκην διδόντος.
</p>
</div2>
</div1>
</body>
</text>
</TEI.2>
