<?xml version="1.0" encoding="UTF-8"?>
<?xml-model href="http://www.stoa.org/epidoc/schema/latest/tei-epidoc.rng" schematypens="http://relaxng.org/ns/structure/1.0"?>
<TEI xmlns="http://www.tei-c.org/ns/1.0">
    <teiHeader>
<fileDesc>
<titleStmt>
<title type="sub">Machine readable text</title>
<title n="Comp.Phil.Flam." type="work">Comparison of Philopoemen and Titus</title>
<author n="Plut.">Plutarch</author>
<editor n="Perrin" role="editor">Bernadotte Perrin</editor>
<sponsor>Perseus Project, Tufts University</sponsor>
<principal>Gregory Crane</principal>
<respStmt>
<resp>Prepared under the supervision of</resp>
<name>Lisa Cerrato</name>
<name>William Merrill</name>
<name>Elli Mylonas</name>
<name>David Smith</name>
</respStmt>
<funder n="org:NEH">The National Endowment for the Humanities</funder>
</titleStmt>
<extent/>
<publicationStmt>
<publisher>Trustees of Tufts University</publisher>
<pubPlace>Medford, MA</pubPlace>
<authority>Perseus Project</authority>
</publicationStmt>
<sourceDesc>
<biblStruct>

<monogr>
<author>Plutarch</author>
<title>Plutarch's Lives</title><idno type="ISBN">0674991133</idno>
<respStmt>
<resp>with an English Translation by</resp>
<name>Bernadotte Perrin</name>
</respStmt>
<imprint>
<pubPlace>Cambridge, MA</pubPlace>
<publisher>Harvard University Press</publisher>
<pubPlace>London</pubPlace>
<publisher>William Heinemann Ltd.</publisher>
<date>1921</date>
</imprint>
<biblScope unit="volume">10</biblScope>
</monogr>

</biblStruct>
</sourceDesc>
</fileDesc>
<encodingDesc>
<editorialDecl>
<correction method="silent">
<p>optical character recognition</p>
</correction>
</editorialDecl>
    <refsDecl n="CTS">
        <cRefPattern n="section"
            matchPattern="(\w+).(\w+)"
            replacementPattern="#xpath(/tei:TEI/tei:text/tei:body/tei:div/tei:div[@n='$1']/tei:div[@n='$2'])">
            <p>This pointer pattern extracts chapter and section</p>
        </cRefPattern>
        <cRefPattern n="chapter"
            matchPattern="(\w+)"
            replacementPattern="#xpath(/tei:TEI/tei:text/tei:body/tei:div/tei:div[@n='$1'])">
            <p>This pointer pattern extracts chapter</p>
        </cRefPattern>
    </refsDecl>
    <refsDecl>
        <refState unit="chapter" delim="."/>
        <refState unit="section"/>
    </refsDecl>
</encodingDesc>
<profileDesc>
<langUsage>
<language ident="grc">Greek</language>
</langUsage>
</profileDesc>
<revisionDesc>
    <change when="2018-04-02" who="Lisa Cerrato">EpiDoc and CTS conversion</change>
    <change when="2010-03-01" who="RS">tagged and parsed</change></revisionDesc>
</teiHeader>
<text xml:lang="grc">
<body> 
<div type="edition" n="urn:cts:greekLit:tlg0007.tlg029.perseus-grc2" xml:lang="grc"> 
    <head>Φιλοποίμενος καὶ Τίτου σύγκρισις</head> <pb n="p.386"/> 
<div type="textpart" subtype="chapter" n="1"> 
<div type="textpart" subtype="section" n="1"> <p> μεγέθει μὲν οὖν τῶν εἰς τοὺς Ἕλληνας εὐεργεσιῶν οὔτε Φιλοποίμενα Τίτῳ παραβάλλειν οὔτε πάνυ πολλοὺς τῶν Φιλοποίμενος ἀμεινόνων ἀνδρῶν ἄξιόν ἐστι. τοῖς μὲν γὰρ Ἕλλησι πρὸς Ἕλληνας οἱ πόλεμοι, τῷ δὲ οὐχ Ἕλληνι καὶ ὑπὲρ Ἑλλήνων· καὶ ὅτε Φιλοποίμην ἀμηχανῶν τοῖς ἑαυτοῦ πολίταις ἀμύνειν πολεμουμένοις εἰς Κρήτην ἀπῆρε, τότε νικήσας Τίτος ἐν μέσῃ τῇ Ἑλλάδι Φίλιππον ἠλευθέρου καὶ τὰ ἔθνη καὶ πόλεις ἁπάσας. </p> </div> 
    <div type="textpart" subtype="section" n="2"> <p>εἰ δέ τις ἐξετάζοι τὰς μάχας ἑκατέρου, πλείους Ἕλληνας Φιλοποίμην Ἀχαιῶν στρατηγῶν ἢ Μακεδόνας Τίτος Ἕλλησι βοηθῶν ἀνεῖλε. <milestone unit="para"/>τὰ τοίνυν ἁμαρτήματα τοῦ μὲν φιλοτιμίας, <pb n="p.388"/> τοῦ δὲ φιλονεικίας γέγονε, καὶ πρὸς ὀργὴν ὁ μὲν εὐκίνητος, ὁ δὲ καὶ δυσπαραίτητος. Τίτος μὲν <pb n="paris.1624.382"/> γὰρ καὶ Φιλίππῳ τὸ ἀξίωμα τῆς βασιλείας ἐφύλαξε καὶ πρὸς Αἰτωλοὺς εὐγνωμόνησε, Φιλοποίμην δὲ τῆς πατρίδος διʼ ὀργὴν ἀφείλετο τὴν περιοικίδα συντέλειαν.</p></div> 
<div type="textpart" subtype="section" n="3"> <p> ἔτι δὲ ὁ μὲν τοῖς εὖ παθοῦσιν ἀεὶ βέβαιος, ὁ δὲ θυμῷ λῦσαι χάριν ἕτοιμος. Λακεδαιμονίων γὰρ εὐεργέτης πρότερον ὢν ὕστερον καὶ τὰ τείχη κατέσκαψε καὶ τὴν χώραν περιέκοψε καὶ τέλος αὐτὴν μετέβαλε καὶ διέφθειρε τὴν πολιτείαν. ἐδόκει δὲ καὶ τὸν βίον ὀργῇ προέσθαι καὶ φιλονεικίᾳ, μὴ κατὰ καιρὸν, ἀλλʼ ὀξύτερον τοῦ δέοντος εἰς Μεσσήνην ἐπειχθείς, οὐχ ὥσπερ Τίτος πάντα λογισμῷ καὶ πρὸς ἀσφάλειαν στρατηγήσας.</p></div> </div> 
<div type="textpart" subtype="chapter" n="2"> 
<div type="textpart" subtype="section" n="1"> <p> ἀλλὰ πλήθει γε πολέμων καὶ τροπαίων ἡ Φιλοποίμενος ἐμπειρία βεβαιοτέρα, τῷ μὲν γὰρ τὰ πρὸς Φίλιππον ἐκρίθη δυοῖν ἀγώνοιν, ὁ δὲ μυρίας μάχας κατορθώσας οὐδεμίαν ἀμφισβήτησιν τῇ τύχῃ πρὸς τὴν ἐπιστήμην ἀπολέλοιπεν. ἔτι δὲ ὁ μὲν τῇ Ῥωμαίων ἀκμὴν ἐχούσῃ δυνάμει χρησάμενος, ὁ δὲ τῆς Ἑλλάδος ἤδη φθινούσης ἐπακμάσας, δόξαν ἔσχεν, ὥστε τοῦ μὲν ἴδιον, τοῦ δὲ κοινὸν ἔργον εἶναι τὸ κατορθούμενον ὁ μὲν γὰρ ἦρχεν ἀγαθῶν, ὁ δὲ ἄρχων ἀγαθοὺς ἐποίει.</p></div> 
<div type="textpart" subtype="section" n="2"> <p> καὶ μὴν τό γε πρὸς Ἕλληνας τούτῳ γενέσθαι τοὺς ἀγῶνας οὐκ εὐτυχῆ μέν, ἰσχυρὰν δὲ τῆς ἀρετῆς <pb n="p.390"/> ἀπόδειξιν παρεῖχεν οἷς γὰρ ὅμοια τἆλλα, τῷ προὔχειν ἀρετῇ κρατοῦσι. καὶ γὰρ δὴ πολεμικωτάτοις Ἑλλήνων Κρησὶ καὶ Λακεδαιμονίοις πολεμήσας, τῶν μὲν πανουργοτάτων δόλῳ, τῶν δʼ ἀλκιμωτάτων τόλμῃ περιεγένετο.</p></div> 
    <div type="textpart" subtype="section" n="3"> <p><milestone unit="para"/>πρὸς δὲ τούτοις Τίτος μὲν ἐξ ὑποκειμένων ἐνίκα, χρώμενος ὁπλισμοῖς καὶ τάξεσιν αἷς παρέλαβε. Φιλοποίμην δὲ αὐτὸς ἐπεισενεγκὼν καὶ μεταβαλὼν τὸν περὶ ταῦτα κόσμον, ὥστε τὸ νικητικώτατον ὑφʼ οὗ μὲν οὐκ ὂν εὑρῆσθαι, τῷ δὲ ὑπάρχον βοηθεῖν. κατὰ χεῖρα τοίνυν Φιλοποίμενος μὲν ἔργα πολλὰ καὶ μεγάλα, θατέρου δὲ οὐδέν, ἀλλὰ καὶ τῶν Αἰτωλῶν τις αὐτὸν Ἀρχέδημος ἐπέσκωπτεν ὡς, ὅτε αὐτὸς ἐσπασμένος τὴν μάχαιραν ἔθει δρόμῳ πρὸς τοὺς μαχομένους καὶ τοὺς συνεστῶτας τῶν Μακεδόνων, τοῦ Τίτου τὰς χεῖρας εἰς τὸν οὐρανὸν ὑπτίας ἀνατείναντος ἑστῶτος καὶ προσευχομένου.</p></div> </div> 
<div type="textpart" subtype="chapter" n="3"> 
<div type="textpart" subtype="section" n="1"> <p> καὶ μὴν Τίτῳ μὲν ἄρχοντι συνέβη καὶ πρεσβεύοντι πάντα πρᾶξαι τὰ καλά, Φιλοποίμην δὲ οὐ χείρονα παρέσχεν οὐδὲ ἀπρακτότερον ἑαυτὸν ἰδιώτην ἢ στρατηγὸν τοῖς Ἀχαιοῖς. ἰδιώτης μὲν γὰρ ὢν Νάβιν ἐξέβαλεν ἐκ Μεσσήνης καὶ Μεσσηνίους ἠλευθέρωσεν, ἰδιώτης δὲ Διοφάνην τὸν στρατηγὸν καὶ Τίτον ἐπερχομένους ἀπέκλεισε τῆς Σπάρτης καὶ Λακεδαιμονίους δι.ʼσωσεν.</p></div> 
<div type="textpart" subtype="section" n="2"> <p> οὕτως <pb n="p.392"/> ἡγεμονικὴν φύσιν ἔχων οὐ κατὰ τοὺς νόμους, ἀλλὰ καὶ τῶν νόμων ἄρχειν ἠπίστατο πρὸς τὸ συμφέρον, οὐ δεόμενος παρὰ τῶν ἀρχομένων λαβεῖν τὸ ἄρχειν, ἀλλὰ χρώμενος αὐτοῖς, ὅπου καιρὸς εἴη, τὸν ὑπὲρ αὐτῶν φρονοῦντα μᾶλλον ἢ τὸν ὑπʼ αὐτῶν ᾑρημένον ἡγούμενοις στρατηγόν.</p></div> 
    <div type="textpart" subtype="section" n="3"> <p><milestone unit="para"/>γενναῖα μὲν οὖν Τίτου τὰ πρὸς τοὺς Ἕλληνας ἐπιεικῆ καὶ φιλάνθρωπα, γενναιότερα δὲ Φιλοποίμενος τὰ πρὸς τοὺς Ῥωμαίους ὀχυρὰ καὶ φιλελεύθερα ῥᾷον γὰρ χαρίζεσθαι τοῖς δεομένοις ἢ λυπεῖν ἀντιτείνοντα τοὺς δυνατωτέρους. ἐπεὶ. δὲ οὕτως ἐξεταζομένων δυσθεώρητος ἡ διαφορά, σκόπει, μὴ τῷ μὲν Ἕλληνι τὸν ἐμπειρίας πολεμικῆς καὶ στρατηγίας στέφανον, τῷ δὲ Ῥωμαίῳ τὸν δικαιοσύνης καὶ χρηστότητος ἀποδιδόντες οὐ φαύλως διαιτᾶν δόξομεν.</p></div> </div> </div> </body>
</text>
</TEI>
