<?xml version="1.0" encoding="UTF-8"?><TEI.2>
<teiHeader>
<fileDesc>
<titleStmt>
<title>Compendium libri de animae procreatione in Timaeo</title>
<title type="sub">Machine readable text</title>
<author n="Plut.">Plutarch</author>
<editor role="editor" n="Teubner">Gregorius N. Bernardakis</editor>
<sponsor>Perseus Project, Tufts University</sponsor>
<principal>Gregory Crane</principal>
<respStmt>
<resp>Prepared under the supervision of</resp>
<name>Lisa Cerrato</name>
<name>William Merrill</name>
<name>Elli Mylonas</name>
<name>David Smith</name>
</respStmt>
<funder n="org:NEH">The National Endowment for the Humanities</funder>
</titleStmt>
<extent/>
<publicationStmt>
<publisher>Trustees of Tufts University</publisher>
<pubPlace>Medford, MA</pubPlace>
<authority>Perseus Project</authority>
</publicationStmt>
<sourceDesc>
<biblStruct>
<analytic/>
<monogr>
<author>Plutarch</author>
<title>Moralia</title>
<editor role="editor">Gregorius N. Bernardakis</editor>
<imprint>
<pubPlace>Leipzig</pubPlace>
<publisher>Teubner</publisher>
<date>1895</date>
</imprint>
<biblScope type="volume">6</biblScope>
</monogr>
</biblStruct>
</sourceDesc>
</fileDesc>
<encodingDesc>
<editorialDecl>
    <normalization>
        <p>Notes are not included.</p>
    </normalization>
<correction method="silent">
<p>optical character recognition</p>
</correction>
</editorialDecl>
<refsDecl doctype="TEI.2">
<state unit="section"/>
</refsDecl>
<refsDecl doctype="TEI.2">
<state unit="stephpage" n="chunk"/>
</refsDecl>
</encodingDesc>
<profileDesc>
<langUsage>
<language id="greek">Greek</language>
</langUsage>
</profileDesc>
<revisionDesc>
<change>
<date>5/10</date>
<respStmt>
<name>RS</name>
<resp/>
</respStmt>
<item>tagged and parsed</item>
</change>
</revisionDesc>
</teiHeader>
<text>
<body>
<pb id="v.6.p.207"/>
<milestone unit="stephpage" id="stephpage-1030d" n="1030d"/>
<div1 type="section" n="1">
<p>ὁ περὶ τῆς ἑν τῷ Τιμαίῳ ψυχογονίας ἐπιγεγραμμένος λόγος, ὅσα Πλάτωνι καὶ τοῖς Πλατωνικοῖς
<milestone unit="tlnum" n="5"/>
<milestone unit="stephpage" id="stephpage-1030e" n="1030e"/> πεφιλοτίμηται, ἀπαγγέλλει· εἰσάγει δὲ καὶ
γεωμετρικάς τινας ἀναλογίας καὶ ὁμοιότητας, πρὸς τὴν τῆς ψυχῆς ὡς οἴεται θεωρίαν συντεινούσας αὐτῷ, καὶ δὴ καὶ μουσικὰ καὶ ἀριθμητικὰ θεωρήματα.
</p>
</div1>
<div1 type="section" n="2">
<milestone unit="tlnum" n="10"/>
<p>λέγει δὲ τὴν ὕλην διαμορφωθῆναι ὑπὸ τῆς ψυχῆς καὶ δίδωσι μὲν τῷ παντὶ ψυχήν, δίδωσι δὲ καὶ ἑκάστῳ ζῴῳ τὴν διοικοῦσαν αὐτό, καὶ πῆ μὲν ἀγένητον εἰσάγει ταύτην πῆ δὲ γενέσει δουλεύουσαν
<milestone unit="stephpage" id="stephpage-1030f" n="1030f"/> ἀίδιον δὲ τὴν ὕλην καὶ ὑπὸ τοῦ θείου διὰ τῆς
<milestone unit="tlnum" n="15"/> ψυχῆς μορφωθῆναι· καὶ τὴν κακίαν δὲ βλάστημα τῆς ὕλης γεγονέναι, ἵνα μή, φησί, τὸ θεῖον αἴτιον τῶν κακῶν νομισθείη.
</p>
</div1>
<div1 type="section" n="3">
<p>ὅτι οἱ περὶ τὸν Ποσειδώνιον οὐ μακρὰν τῆς ὕλης ἀπέστησαν τὴν ψυχήν, ἀλλὰ δεξάμενοι τὴν
<milestone unit="tlnum" n="20"/> τῶν περάτων οὐσίαν περὶ τὰ σώματα λέγεσθαι
<pb id="v.6.p.208"/>
επιτομε λιβρι μεριστὴν καὶ ταῦτα τῷ νοητῷ μίξαντες ἀπεφήναντο τὴν ψυχὴν ἰδέαν εἶναι τοῦ πάντῃ διαστατοῦ κατʼ
<milestone unit="stephpage" id="stephpage-1031a" n="1031a"/> ἀριθμὸν συνεστῶσαν ἁρμονίαν περιέχοντα· τά τε γὰρ μαθηματικὰ τῶν πρώτων νοητῶν μεταξὺ καὶ
<milestone unit="tlnum" n="5"/>
τῶν αἰσθητῶν τετάχθαι· τῆς τε ψυχῆς τῷ νοητῷ τὸ ἀίδιον καὶ τῷ αἰσθητικῷ τὸ παθητικὸν ἐχούσης, προσῆκον ἐν μέσῳ τὴν οὐσίαν ὑπάρχειν. ἔλαθε γὰρ καὶ τούτους ὁ θεὸς τοῖς τῶν σωμάτων πέρασιν
ὕστερον, ἀπειργασμένης ἤδη τῆς ψυχῆς,  χρώμενος
<milestone unit="tlnum" n="10"/> ἐπὶ τὴν τῆς ὕλης διαμόρφωσιν, τὸ σκεδαστὸν αὐτῆς καὶ ἀσύνδετον ὁρίζων καὶ περιλαμβάνων ταῖς ἐκ τῶν τριγώνων συναρμοττομένων ἐπιφανείαις. ἀτοπώτερον
<milestone unit="stephpage" id="stephpage-1031b" n="1031b"/> δὲ τὸ τὴν ψυχὴν ἰδέαν ποιεῖν· ἡ μὲν γὰρ
ἀεικίνητος ἡ δʼ ἀκίνητος, καὶ ἡ μὲν ἀμιγὴς πρὸς
<milestone unit="tlnum" n="15"/>
τὸ αἰσθητὸν ἡ δὲ τῷ σώματι συνειργμένη· πρὸς δὲ
τούτοις ὁ θεὸς τῆς μὲν ἰδέας ὡς παραδείγματος γέγονε μιμητής, τῆς δὲ ψυχῆς ὥσπερ ἀποτελέσματος δημιουργός. ὅτι δʼ οὐδʼ ἀριθμὸν ὁ Πλάτων τὴν οὐσίαν τίθεται τῆς ψυχῆς ἀλλὰ ταττομένην ὑπʼ
<milestone unit="tlnum" n="20"/> ἀριθμοῦ, προείρηται.
</p>
</div1>
<div1 type="section" n="4">
<p>πρὸς δʼ ἀμφοτέροις τούτοις κοινόν ἐστι τὸ μήτε τοῖς πέρασι μήτε τοῖς ἀριθμοῖς μηθὲν ἴχνος
ἐνυπάρχειν ἐκείνης τῆς δυνάμεως, ᾗ τὸ αἰσθητὸν ἡ ψυχὴ πέφυκε κρίνειν. νοῦν μὲν γὰρ αὐτῇ καὶ
<milestone unit="tlnum" n="25"/>
νοητικὸν ἡ τῆς νοητῆς μέθεξις ἀρχῆς; ἐμπεποίηκε,
δόξας δὲ καὶ πίστεις καὶ τὸ φανταστικὸν καὶ τὸ
<pb id="v.6.p.209"/>
<milestone unit="stephpage" id="stephpage-1031c" n="1031c"/> παθητικὸν ὑπὸ τῶν περὶ τὸ σῶμα ποιοτήτων, ὃ
οὐκ ἄν τις ἐκ μονάδων οὐδὲ γραμμῶν οὐδʼ ἐπιφανειῶν ἁπλῶς νοήσειεν ἐγγινόμενον. καὶ μὴν οὐ μόνον αἱ τῶν θνητῶν ψυχαὶ γνωστικὴν
<milestone unit="tlnum" n="5"/> τοῦ αἰσθητοῦ δύναμιν ἔχουσιν, ἀλλὰ καὶ “τὴν τοῦ κόσμουʼ φησὶν ἀνακυκλουμένην αὐτὴν πρὸς ἑαυτήν, ὅταν οὐσίαν σκεδαστὴν ἔχοντός τινος ἐφάπτηται καὶ ὅταν ἀμέριστον, λέγειν κινουμένην διὰ πάσης ἑαυτῆς, ὅτῳ ἄν τι ταὐτὸν καὶ ὅτου ἂν
<milestone unit="tlnum" n="10"/> ἕτερον, πρὸς ὅτι τε μάλιστα καὶ ὅπη καὶ ὅπως
<milestone unit="stephpage" id="stephpage-1031d" n="1031d"/> συμβαίνει, καὶ τὰ γιγνόμενα πρὸς ἕκαστον ἕκαστα εἶναι καὶ πάσχειν.” ἐν τούτοις ἅμα καὶ τῶν δέκα κατηγοριῶν ποιούμενος ὑπογραφὴν ἔτι μᾶλλον  τοῖς
ἐφεξῆς διασαφεῖ. “λόγος γάρ” φησιν “ἀληθής, ὅταν
<milestone unit="tlnum" n="15"/> μὲν περὶ τὸ αἰσθητὸν γίγνηται καὶ ὁ τοῦ θατέρου κύκλος ὀρθὸς ἰὼν εἰς πᾶσαν αὐτοῦ τὴν ψυχὴν διαγγείλῃ, δόξαι καὶ πίστεις γίγνονται βέβαιοι καὶ
ἀληθεῖς· ὅταν δʼ αὖ πάλιν περὶ τὸ λογιστικὸν καὶ ὁ τοῦ ταὐτοῦ κύκλος εὔτροχος ὢν αὐτὰ μηνύσῃ,
<milestone unit="tlnum" n="20"/> ἐπιστήμη ἐξ ἀνάγκης ἀποτελεῖται. τούτω δὲ ἐν ᾧ τῶν ὄντων ἐγγίγνεσθον, ἐάν, ποτέ τις αὐτὸ ἄλλο πλὴν ψυχὴν προσείπῃ, πᾶν μᾶλλον ἢ τὸ ἀληθὲς;
<milestone unit="stephpage" id="stephpage-1031e" n="1031e"/>
ἐρεῖ” πόθεν οὖν ἔσχεν ἡ ψυχὴ τὴν ἀντιληπτικὴν τοῦ αἰσθητοῦ καὶ δοξαστικὴν ταύτην κίνησιν, ἑτέραν
<milestone unit="tlnum" n="25"/> τῆς νοητικῆς ἐκείνης καὶ τελευτώσης εἰς ἐπιστήμην,
ἔργον εἰπεῖν, μὴ θεμένους; βεβαίως ὅτι νῦν οὐχ
<pb id="v.6.p.210"/> ἁπλῶς ψυχὴν ἀλλὰ κόσμου ψυχὴν συνίστησιν ἐξ ὑποκειμένης τῆς τε κρείττονος οὐσίας καὶ ἀμερίστου καὶ τῆς χείρονος, ἣν περὶ τὰ σώματα μεριστὴν κέκληκεν, οὐχ ἑτέραν οὖσαν ἢ τὴν δοξαστικὴν καὶ
<milestone unit="tlnum" n="5"/> φανταστικὴν καὶ συμπαθῆ τῶν αἰσθητῶν κίνησιν,
οὐ γενομένην ἀλλʼ ὑφεστῶσαν ἀίδιον, ὥσπερ ἡ ἑτέρα. τὸ γὰρ νοερὸν ἡ φύσις ἔχουσα καὶ τὸ
<milestone unit="stephpage" id="stephpage-1031f" n="1031f"/> δοξαστικὸν εἶχεν· ἀλλʼ ἐκεῖνο μὲν ἀκίνητον καὶ ἀπαθὲς καὶ περὶ τὴν ἀεὶ μένουσαν ἱδρυμένον οὐσίαν·
<milestone unit="tlnum" n="10"/> τοῦτο δὲ μεριστὸν καὶ πλανητόν, ἅτε δὴ φερομένης καὶ σκεδαννυμένης ἐφαπτόμενον ὕλης. οὔτε γὰρ
τὸ αἰσθητὸν εἰλήχει τάξεως ἀλλʼ ἦν ἄμορφον καὶ ἀόριστον, ἥ τε περὶ τοῦτο τεταγμένη δύναμις οὔτε
δόξας ἐνάρθρους οὔτε κινήσεις ἁπάσας εἶχε τεταγμένας,
<milestone unit="tlnum" n="15"/> ἀλλὰ τὰς πολλὰς ἐνυπνιώδεις καὶ παραφόρους καὶ ταραττούσας τὸ σωματοειδές, ὅσα μὴ κατὰ τύχην
τῷ βελτίονι περιέπιπτεν ἐν μέσῳ γὰρ ἦν ἀμφοῖν καὶ πρὸς ἀμφότερα συμπαθῆ καὶ συγγενῆ φύσιν
<milestone unit="stephpage" id="stephpage-1032a" n="1032a"/> εἶχε, τῷ μὲν αἰσθητικῷ τῆς ὕλης ἀντεχομένη τῷ
<milestone unit="tlnum" n="20"/>
δὲ κριτικῷ τῶν νοητῶν.
</p>
</div1>
<div1 type="section" n="5">
<p>οὕτω δέ πως καὶ Πλάτων διασαφεῖ τοῖς ὀνόμασιν· “οὗτος γάρ” φησι “παρὰ τῆς ἐμῆς ψήφου λογισθεὶς ἐν κεφαλαίῳ δεδόσθω λόγος, ὄν τε καὶ
χώραν καὶ γένεσιν εἶναι τρία τριχῆ καὶ πρὶν οὐρανὸν
<milestone unit="tlnum" n="25"/>
γενέσθαι.” χώραν τε γὰρ καλεῖ τὴν ὕλην ὥσπερ ἕδραν ἔστιν ὅτε καὶ ὑποδοχήν, ὂν δὲ τὸ νοητόν,
<pb id="v.6.p.211"/> γένεσιν δὲ τοῦ κόσμου μήπω γεγονότος οὐδεμίαν ἄλλην ἢ τὴν ἐν μεταβολαῖς καὶ κινήσεσιν οὐσίαν, τοῦ τυποῦντος καὶ τοῦ τυπουμένου μεταξὺ τεταγμένην, διαδιδοῦσαν ἐνταῦθα τὰς ἐκεῖθεν εἰκόνας. διά τε
<milestone unit="tlnum" n="5"/>
<milestone unit="stephpage" id="stephpage-1032b" n="1032b"/>
δὴ ταῦτα μεριστὴ προσηγορεύθη καὶ ὅτι τῷ αἰσθητῷ
τὸ αἰσθανόμενον καὶ τῷ φανταστῷ τὸ φανταζόμενον ἀνάγκη συνδιανέμεσθαι καὶ συμπαρήκειν ἡ γὰρ αἰσθητικὴ κίνησις ἰδία ψυχῆς οὖσα κινεῖται πρὸς
τὸ αἰσθητὸν ἐκτός· ὁ δὲ νοῦς αὐτὸς μὲν ἐφʼ ἑαυτοῦ
<milestone unit="tlnum" n="10"/> μόνιμος ἦν καὶ ἀκίνητος, ἐγγενόμενος δὲ τῇ ψυχῇ καὶ κρατήσας εἰς ἑαυτὸν ἐπιστρέφει καὶ συμπεραίνει τὴν ἐγκύκλιον φοράν, περὶ τὸ μένον ἀεὶ μάλιστα
<milestone unit="stephpage" id="stephpage-1032c" n="1032c"/> ψαύουσαν τοῦ ὄντος. διὸ καὶ δυσανάκρατος ἡ κοινωνία γέγονεν αὐτῶν, τῷ ἀμερίστῳ τὸ μεριστὸν
<milestone unit="tlnum" n="15"/> καὶ τῷ μηδαμῇ κινητῷ τὸ πάντῃ φορητὸν μιγνύουσα καὶ καταβιαζομένη θάτερον εἰς ταὐτὸν συνελθεῖν.
ἦν δὲ τὸ θάτερον οὐ κίνησις ὥσπερ οὐδὲ ταὐτὸν στάσις, ἀλλʼ ἀρχὴ διαφορᾶς καὶ ἀνομοιότητος. ἑκάτερον γὰρ ἀπὸ τῆς ἑτέρας ἀρχῆς κάτεισι, τὸ μὲν
<milestone unit="tlnum" n="20"/> ταὐτὸν ἀπὸ τοῦ ἑνὸς τὸ δὲ θάτερον ἀπὸ τῆς δυάδος
καὶ μέμικται πρῶτον ἐνταῦθα περὶ τὴν ψυχήν, ἀριθμοῖς
καὶ λόγοις συνδεθέντα καὶ μεσότησιν ἐναρμονίοις, καὶ ποιεῖ θάτερον ἐγγενόμενον τῷ ταὐτῷ
διαφοράν, τὸ δὲ ταὐτὸν ἐν τῷ ἑτέρῳ τάξιν, ὡς
<milestone unit="tlnum" n="25"/>
δῆλόν ἐστιν ἐν ταῖς πρώταις τῆς ψυχῆς δυνάμεσιν εἰσὶ δʼ  αὗται τὸ κριτικὸν καὶ τὸ κινητικόν. ἡ μὲν οὖν κίνησις εὐθὺς ἐπιδείκνυται περὶ τὸν οὐρανὸν
<pb id="v.6.p.212"/>
ἐν μὲν τῇ ταὐτότητι τὴν ἑτερότητα τῇ περιφορᾷ τῶν ἀπλανῶν, ἐν δὲ τῇ ἑτερότητι τὴν ταὐτότητα τῇ τάξει τῶν πλανήτων· ἐπικρατεῖ γὰρ ἐν ἐκείνοις τὸ
<milestone unit="stephpage" id="stephpage-1032d" n="1032d"/> ταὐτόν, ἐν δὲ τοῖς περὶ γῆν τοὐναντίον. ἡ δὲ
<milestone unit="tlnum" n="5"/> κρίσις ἀρχὰς μὲν ἔχει δύο, τόν τε νοῦν ἀπὸ τοῦ ταὐτοῦ πρὸς τὰ καθόλου καὶ τὴν αἴσθησιν ἀπὸ τοῦ ἑτέρου πρὸς τὰ καθʼ ἕκαστα. μέμικται δὲ λόγος
ἐξ ἀμφοῖν, νόησις ἐν τοῖς νοητοῖς καὶ δόξα γινόμενος
ἐν τοῖς αἰσθητοῖς· ὀργάνοις τε μεταξὺ φαντασίαις
<milestone unit="tlnum" n="10"/>
τε καὶ μνήμαις χρώμενος, ὧν τὰ μὲν ἐν τῷ
ταὐτῷ τὸ ἕτερον τὰ δʼ ἐν τῷ ἑτέρῳ ποιεῖ τὸ ταὐτόν. ἔστι γὰρ ἡ μὲν νόησις κίνησις τοῦ νοοῦντος; περὶ τὸ μένον, ἡ δὲ δόξα μονὴ τοῦ αἰσθανομένου περὶ τὸ κινούμενον· φαντασίαν δὲ συμπλοκὴν δόξης
<milestone unit="tlnum" n="15"/> πρὸς αἴσθησιν οὖσαν ἵστησιν ἐν μνήμῃ τὸ ταὐτόν·
τὸ δὲ θάτερον κινεῖ πάλιν ἐν διαφορᾷ τοῦ πρόσθεν
<milestone unit="stephpage" id="stephpage-1032e" n="1032e"/> καὶ νῦν, ἑτερότητος ἅμα καὶ ταὐτότητος ἐφαπτόμενον.
</p>
</div1>
<div1 type="section" n="6">
<p>δεῖ δὲ τὴν περὶ τὸ σῶμα τοῦ κόσμου γενομένην
<milestone unit="tlnum" n="20"/>
σύντηξιν εἰκόνα λαβεῖν τῆς ἀναλογίας; ἐν διηρμόσατο τὴν ψυχήν. ἐκεῖ μὲν γὰρ ἦν ἄκρα τὸ πῦρ καὶ ἡ γῆ, χαλεπὴν πρὸς ἄλληλα κραθῆναι φύσιν ἔχοντα, μᾶλλον δʼ ὅλως ἄκρατον καὶ ἀσύστατον· ὅθεν ἐν μέσῳ θέμενος αὐτῶν τὸν μὲν ἀέρα πρὸ τοῦ
<milestone unit="tlnum" n="25"/>
<milestone unit="stephpage" id="stephpage-1032f" n="1032f"/> πυρὸς τὸ δʼ ὕδωρ πρὸ τῆς γῆς, ταῦτα πρῶτον ἀλλήλοις ἐκέρασεν εἶτα διὰ τούτων ἐκεῖνα πρός τε
<pb id="v.6.p.213"/> ταῦτα καὶ ἄλληλα συνέμιξε καὶ συνήρμοσεν. ἐνταῦθα
δὲ πάλιν τὸ ταὐτὸν καὶ τὸ θάτερον, ἐναντίας δυνάμεις καὶ ἀκρότητας ἀντιπάλους, συνήγαγεν οὐ διʼ αὑτῶν, ἀλλʼ οὐσίας ἑτέρας μεταξύ, τὴν μὲν ἀμέριστον
<milestone unit="tlnum" n="5"/>
πρὸ τοῦ ταὐτοῦ, πρὸ δὲ τοῦ θατέρου τὴν μεριστήν,
ἔστιν προσήκουσαν ἑκατέραν ἑκατέρᾳ τάξας, εἶτα μιχθείσαις ἐκείναις ἐπεγκεραννύμενος, οὕτω τὸ πᾶν συνύφηνε τῆς ψυχῆς εἶδος, ὡς· ἦν ἀνυστόν, ἐκ διαφόρων ὅμοιον ἔκ τε πολλῶν ἓν ἀπεργασάμενος.</p>
</div1>
</body>
</text>
</TEI.2>
