<?xml version="1.0" encoding="UTF-8"?><TEI.2>
<teiHeader>
<fileDesc>
<titleStmt>
<title>Animine an corporis affectiones sint peiores</title>
<title type="sub">Machine readable text</title>
<author n="Plut.">Plutarch</author>
<editor role="editor" n="Teubner">Gregorius N. Bernardakis</editor>
<sponsor>Perseus Project, Tufts University</sponsor>
<principal>Gregory Crane</principal>
<respStmt>
<resp>Prepared under the supervision of</resp>
<name>Lisa Cerrato</name>
<name>William Merrill</name>
<name>Elli Mylonas</name>
<name>David Smith</name>
</respStmt>
<funder n="org:NEH">The National Endosment for the Humanities</funder>
</titleStmt>
<extent/>
<publicationStmt>
<publisher>Trustees of Tufts University</publisher>
<pubPlace>Medford, MA</pubPlace>
<authority>Perseus Project</authority>
</publicationStmt>
<sourceDesc>
<biblStruct>
<analytic/>
<monogr>
<author>Plutarch</author>
<title>Moralia</title>
<editor role="editor">Gregorius N. Bernardakis</editor>
<imprint>
<pubPlace>Leipzig</pubPlace>
<publisher>Teubner</publisher>
<date>1891</date>
</imprint>
<biblScope type="volume">3</biblScope>
</monogr>
</biblStruct>
</sourceDesc>
</fileDesc>
<encodingDesc>
<editorialDecl>
<correction method="silent">
<p>optical character recognition</p>
</correction>
</editorialDecl>
<refsDecl doctype="TEI.2">
<state unit="section"/>
</refsDecl>
<refsDecl doctype="TEI.2">
<state unit="stephpage" n="chunk"/>
</refsDecl>
</encodingDesc>
<profileDesc>
<langUsage>
<language id="greek">Greek</language>
<language id="eng">English</language>
</langUsage>
</profileDesc>
<revisionDesc>
<change>
<date>5/10</date>
<respStmt>
<name>RS</name>
<resp/>
</respStmt>
<item>tagged and parsed</item>
</change>
</revisionDesc>
</teiHeader>
<text>
<body>
<pb id="v.3.p.297"/>
<div1 type="section" n="1">
<milestone unit="stephpage" id="stephpage-500b" n="500b"/>
<p>Ὅμηρος <note resp="ed" place="unspecified" anchored="yes">
<foreign lang="greek">Ὁμηρος</foreign>] P 446</note> μὲν ἐπιβλέψος τὰ θνητὰ τῶν ζῴων γένη καὶ πρὸς ἄλληλα
               συγκρίνας κατὰ τοὺς βίους καὶ τὰς διαιτήσεις, ἐξεφώνησεν ὡς οὐδέν ἐστιν
                  <quote rend="blockquote">
<l> ὀιζυρώτερον ἀνδρός,
<milestone unit="tlnum" n="5"/>
</l>
<l> πάντων ὅσσα τε γαῖαν ἔπι πνείει τε καὶ ἕρπει
<milestone unit="stephpage" id="stephpage-500c" n="500c"/>
</l>
</quote> πρωτεῖον οὐκ εὐτυχὲς εἰς κακῶν ὑπεροχὴν ἀποδιδοὺς τῷ ἀνθρώπῳ.
               ἡμεῖς δʼ ὥσπερ ἤδη νικῶντα κακοδαιμονίᾳ τὸν ἄνθρωπον καὶ τῶν ἄλλων
               ἀθλιώτατον ζῴων ἀνηγορευμένον, αὐτὸν αὑτῷ συγκρίνωμεν, <note resp="ed" place="unspecified" anchored="yes">
<foreign lang="greek">συγκρίνωμεν</foreign> R: <foreign lang="greek">συγκρίνομεν</foreign>
</note>
<milestone unit="tlnum" n="10"/> εἰς ἰδίων κακῶν ἀγῶνα σῶμα καὶ ψυχὴν διαιροῦντες
               οὐκ ἀχρήστως ἀλλὰ καὶ πάνυ δεόντως, ἵνα μάθωμεν πότερον διὰ τὴν τύχην
               ἢ διʼ ἑαυτοὺς ἀθλιώτερον ζῶμεν. νόσος μὲν γὰρ ἐν σώματι φύεται διὰ
               φύσιν, κακία δὲ καὶ μοχθηρία περὶ ψυχὴν ἔργον
<milestone unit="tlnum" n="15"/> ἐστὶ πρῶτον εἶτα πάθος αὐτῆς. <note resp="ed" place="unspecified" anchored="yes">
<foreign lang="greek">αὐτῆς</foreign> R: <foreign lang="greek">αὐτῇ</foreign>
</note> οὐ μικρὸν δὲ πρὸς εὐθυμίαν ὄφελος,
               ἂν ἰάσιμον τὸ χεῖρον καὶ κουφότερον καὶ ἄσφυκτον. </p>
</div1>
<div1 type="section" n="2">
<p>ἡ μὲν οὖν Αἰσώπειος ἀλώπηξ περὶ ποικιλίας δικαζομένη πρὸς τὴν
               πάρδαλιν, ὡς ἐκείνη τὸ σῶμα
<milestone unit="tlnum" n="20"/>
<milestone unit="stephpage" id="stephpage-500d" n="500d"/> καὶ τὴν ἐπιφάνειαν
               εὐανθῆ καὶ κατάστικτον <pb id="v.3.p.298"/> ἐπεδείξατο, τῇ δʼ ἦν τὸ
               ξανθὸν αὐχμηρὸν καὶ οὐχ ἡδὺ προσιδεῖν· “ἀλλʼ ἐμοῦ τοι τὸ ἐντόσ” ἔφη “σκοπῶν, ὦ δικαστά, ποικιλωτέραν με τῆσδʼ ὄψει” δηλοῦσα τὴν
               περὶ τὸ ἦθος εὐτροπίαν <note resp="ed" place="unspecified" anchored="yes">
<foreign lang="greek">εὐστροφίαν</foreign> R</note> ἐπὶ πολλὰ ταῖς χρείαις
<milestone unit="tlnum" n="5"/> ἀμειβομένην. λέγωμεν οὖν ἐν ἡμῖν, ὅτι πολλὰ μέν, ὦ
               ἄνθρωπε, σοὶ καὶ τὸ σῶμα νοσήματα καὶ πάθη φύσει τʼ ἀνίησιν ἐξ ἑαυτοῦ
               καὶ προσπίπτοντα δέχεται θύραθεν· ἂν δὲ σαυτὸν ἔνδοθεν ἀνοίξῃς,
               ποικίλον τι καὶ πολυπαθὲς κακῶν ταμιεῖον εὑρήσεις
<milestone unit="tlnum" n="10"/> καὶ θησαύρισμα, ὥς φησι Δημόκριτος, <note resp="ed" place="unspecified" anchored="yes">
<foreign lang="greek">Δημοκριτος</foreign>] Mullach. 1 p. 346</note> οὐκ ἔξωθεν
<milestone unit="stephpage" id="stephpage-500e" n="500e"/> ἐπιρρεόντων, ἀλλʼ ὥσπερ
               ἐγγείους καὶ αὐτόχθονας πηγὰς ἐχόντων, ἃς ἀνίησιν ἡ κακία πολύχυτος
               καὶ δαψιλὴς; οὖσα τοῖς πάθεσιν. εἰ δὲ τὰ μὲν ἐν σαρκὶ νοσήματα σφυγμοῖς
               καὶ ὢχραις <note resp="ed" place="unspecified" anchored="yes">
<foreign lang="greek">ὤχραις</foreign>] <foreign lang="greek">χρόαις</foreign>?</note> ἐρυθαινόμενα φωρᾶται,
<milestone unit="tlnum" n="15"/> καὶ
               θερμότητες αὐτὰ καὶ πόνοι προπετεῖς ἐλέγχουσι, τὰ δʼ ἐν ψυχῇ λανθάνει
               τοὺς πολλοὺς κακὰ ὄντα, διὰ τοῦτʼ ἐστι κακίω, προσαφαιρούμενα τὴν ἐπʼ
               αὐτοῖς τοῦ πάσχοντος αἴσθησιν. τῶν μὲν γὰρ
<milestone unit="stephpage" id="stephpage-500f" n="500f"/> περὶ τὸ σῶμα νοσημάτων ἐρρωμένος ὁ λογισμὸς
<milestone unit="tlnum" n="20"/> αἰσθάνεται· τοῖς δὲ τῆς ψυχῆς συννοσῶν
               αὐτὸς οὐκ ἔχει κρίσιν ἐν οἷς πάσχει, πάσχει γὰρ ᾧ κρίνει· καὶ δεῖ
               τῶν ψυχικῶν πρῶτον καὶ μέγιστον ἀριθμεῖν τὴν ἄνοιαν, <note resp="ed" place="unspecified" anchored="yes">
<foreign lang="greek">ἄνοιαν</foreign>] <foreign lang="greek">ἄγνοιαν</foreign> W</note> διʼ ἧς ἀνήκεστος
               ἡ κακία τοῖς πολλοῖς συνοικεῖ καὶ συγκαταβιοῖ καὶ συναποθνῄσκει. ἀρχὴ
               γὰρ
<milestone unit="tlnum" n="25"/> ἀπαλλαγῆς νόσου μὲν αἴσθησις εἰς χρείαν
               ἄγουσα τοῦ βοηθοῦντος τὸ πάσχον ὁ δʼ ἀπιστίᾳ τοῦ νοσεῖν οὐκ εἰδὼς ὧν
               δεῖται, κἂν παρῇ τὸ θεραπεῦον, ἀρνεῖται <pb id="v.3.p.299"/>
<milestone unit="stephpage" id="stephpage-501a" n="501a"/> . καὶ γὰρ τῶν περὶ τὸ
               σῶμα νοσημάτων τὰ μετʼ ἀναισθησίας χείρονα, λήθαργοι κεφαλαλγίαι ἐπιληψίαι
               ἀποπληξίαι· αὐτοί τε πυρετοὶ συντείναντες εἰς παρακοπὴν τὸ φλεγμαῖνον καὶ
               τὴν αἴσθησιν
<milestone unit="tlnum" n="5"/> ὥσπερ ἐν ὀργάνῳ διαταράξαντες
               <quote rend="blockquote"> κινοῦσι χορδὰς τὰς ἀκινήτους φρενῶν. </quote>
<note resp="ed" place="unspecified" anchored="yes">Nauck. p. 907</note>
</p>
</div1>
<div1 type="section" n="3">
<p> διὸ παῖδες ἰατρῶν βούλονται μὲν μὴ νοσεῖν τὸν ἄνθρωπον, νοσοῦντα δὲ μὴ
               ἀγνοεῖν ὅτι νοσεῖ· ὃ τοῖς ψυχικοῖς πάθεσι πᾶσι συμβέβηκεν. οὔτε γὰρ
<milestone unit="tlnum" n="10"/> ἀφραίνοντες οὔτʼ ἀσελγαίνοντες οὔτʼ
               ἀδικοπραγοῦντες ἁμαρτάνειν δοκοῦσιν, ἀλλʼ ἔνιοι καὶ κατορθοῦν.
<milestone unit="stephpage" id="stephpage-501b" n="501b"/> πυρετὸν μὲν γὰρ οὐδεὶς
               ὑγίειαν ὠνόμασεν οὐδὲ φθίσιν εὐεξίαν οὐδὲ ποδάγραν ποδώκειαν οὐδʼ
               ὠχρίασιν ἐρύθημα, θυμὸν δὲ πολλοὶ καλοῦσιν ἀνδρείαν καὶ
<milestone unit="tlnum" n="15"/> ἔρωτα φιλίαν καὶ φθόνον ἅμιλλαν καὶ δειλίαν
               ἀσφάλειαν. εἶθʼ οἱ μὲν καλοῦσι τοὺς ἰατρούς, αἰσθάνονται γὰρ ὧν
               δέονται πρὸς ἃ νοσοῦσιν οἱ δὲ φεύγουσι τοὺς φιλοσόφους, οἴονται γὰρ
               ἐπιτυγχάνειν ἐν οἷς διαμαρτάνουσιν. ἐπεὶ <note resp="ed" place="unspecified" anchored="yes">
<foreign lang="greek">ἐπεὶ</foreign> X: <foreign lang="greek">ἐπὶ</foreign>
</note> τούτῳ γε τῷ λόγῳ χρώμενοι
<milestone unit="tlnum" n="20"/> λέγομεν, ὅτι κουφότερόν ἐστιν ὀφθαλμία
               μανίας καὶ ποδάγρα φρενίτιδος. ὁ μὲν γὰρ αἰσθάνεται καὶ καλεῖ τὸν
               ἰατρὸν κεκραγώς καὶ παρόντι τὴν ὄψιν ἀλεῖψαι παρέχει, τὴν φλέβα τεμεῖν,
               τὴν κεφαλὴν θεραπεῦσαι
<milestone unit="stephpage" id="stephpage-501c" n="501c"/>
               παραδίδωσιν τῆς δὲ μαινομένης Ἀγαύης ἀκούεις
<milestone unit="tlnum" n="25"/> ὑπὸ τοῦ πάθους τὰ φίλτατʼ ἠγνοηκυίας, <quote rend="blockquote">
<l> ἄγομεν <note resp="ed" place="unspecified" anchored="yes">
<foreign lang="greek">ἄγομεν</foreign>] <foreign lang="greek">φέρομεν</foreign> Euripides</note> ἐξ ὄρεος <note resp="ed" place="unspecified" anchored="yes">
<foreign lang="greek">ἐξ ὀρέων</foreign> idem</note>
<note resp="ed" place="unspecified" anchored="yes">Eurip. Bacch. 1169</note>
<pb id="v.3.p.300"/>
</l>
<l> ἕλικα νεότομον ἐπὶ μέλαθρα, </l>
<l> μακάριον θήραμα. <note resp="ed" place="unspecified" anchored="yes">
<foreign lang="greek">μακαρίαν θήραν</foreign> Vita Crass. c. 33 et Euripides</note>
</l>
</quote> Καὶ γὰρ ὁ μὲν τῷ σώματι νοσῶν εὐθὺς ἐνδοὺς καὶ καθεὶς εἰς
               τὸ κλινίδιον ἑαυτὸν ἡσυχίαν ἄγει θεραπευόμενος·
<milestone unit="tlnum" n="5"/> ἂν δέ που μικρὸν ἐξᾴξῃ <note resp="ed" place="unspecified" anchored="yes">
<foreign lang="greek">ἐξάξῃ</foreign> Duebnerus: <foreign lang="greek">ἐξάξῃ</foreign>
</note> καὶ διασκιρτήσῃ τὸ σῶμα φλεγμονῆς
               προσπεσούσης, εἰπών τις τῶν παρακαθημένων πράως <quote rend="blockquote">
                  μένʼ, ὦ ταλαίπωρʼ, ἀτρέμα σοῖς ἐν δεμνίοις</quote>
<note resp="ed" place="unspecified" anchored="yes">Eur. Or. 258</note> ἐπέστησε καὶ
               κατέσχεν. οἱ δʼ ἐν τοῖς ψυχικοῖς πάθεσιν
<milestone unit="tlnum" n="10"/>
               ὄντες, τότε <note resp="ed" place="unspecified" anchored="yes">
<foreign lang="greek">τότε</foreign>] <foreign lang="greek">ὅτε</foreign>?</note> μάλιστα πράττουσι, τόθʼ ἥκιστα ἡσυχάζουσιν αἱ γὰρ ὁρμαὶ
               τῶν πράξεων ἀρχή, τὰ
<milestone unit="stephpage" id="stephpage-501d" n="501d"/>
               δὲ πάθη σφοδρότητες ὁρμῶν. διὸ τὴν ψυχὴν ἠρεμεῖν οὐκ ἐῶσιν, ἀλλʼ ὅτε
               μάλιστα δεῖται μονῆς καὶ σιωπῆς καὶ ὑποστολῆς ὁ ἄνθρωπος, τότʼ αὐτὸν
               εἰς
<milestone unit="tlnum" n="15"/> ὕπαιθρον ἕλκουσι, τότʼ ἀποκαλύπτουσιν
               οἱ θυμοὶ αἱ φιλονεικίαι οἱ ἔρωτες αἱ λῦπαι, πολλὰ καὶ δρᾶν ἄνομα καὶ
               λαλεῖν ἀνάρμοστα τοῖς καιροῖς ἀναγκαζόμενον. </p>
</div1>
<div1 type="section" n="4">
<p>ὥσπερ γὰρ ἐπισφαλέστερος χειμὼν τοῦ πλεῖν
<milestone unit="tlnum" n="20"/>
               οὐκ ἐῶντος ὁ κωλύων καθορμίσασθαι· οὕτως οἱ κατὰ ψυχὴν χειμῶνες
               βαρύτεροι στείλασθαι <note resp="ed" place="unspecified" anchored="yes">
<foreign lang="greek">οἱ στείλασθαι</foreign> R</note> τὸν ἄνθρωπον οὐκ ἐῶντες οὐδʼ ἐπιστῆσαι τεταραγμένον
               τὸν λογισμόν· ἀλλʼ ἀκυβέρνητος καὶ ἀνερμάτιστος ἐν ταραχῇ καὶ πλάνῃ
               δρόμοις ὀλεθρίοις <note resp="ed" place="unspecified" anchored="yes">
<foreign lang="greek">ὀλεθρίοις</foreign>] <foreign lang="greek">ἐναντίοις</foreign> Duebnerus</note> καὶ παραφόροις
<milestone unit="tlnum" n="25"/>
<milestone unit="stephpage" id="stephpage-501e" n="501e"/> διατραχηλιζόμενος εἴς
               τι ναυάγιον φοβερὸν ἐξέπεσε <pb id="v.3.p.301"/> καὶ συνέτριψε τὸν ἑαυτοῦ
               βίον. ὥστε καὶ διὰ ταῦτα <note resp="ed" place="unspecified" anchored="yes">
<foreign lang="greek">καὶ διὰ ταῦτα</foreign>] dubito an non glossema sit sive hoc sive <foreign lang="greek">καὶ τούτοις</foreign>
</note> καὶ τούτοις χεῖρον νοσεῖν ταῖς ψυχαῖς ἢ τοῖς
               σώμασιν· τοῖς μὲν γὰρ πάσχειν μόνον τοῖς δὲ καὶ πάσχειν καὶ ποιεῖν κακῶς
               συμβέβηκε. καὶ τί δεῖ τὰ
<milestone unit="tlnum" n="5"/> πολλὰ λέγειν τῶν
               παθῶν, ὧν αὐτὸς ὁ καιρὸς ὑπόμνησίς ἐστιν; ὁρᾶτε τὸν πολὺν καὶ
               παμμιγῆ τοῦτον τὸν ἐνταῦθα συνηραγμένον καὶ κυκώμενον ὄχλον περὶ τὸ βῆμα
               καὶ τὴν ἀγοράν; οὐ θύσοντες οὗτοι
<milestone unit="stephpage" id="stephpage-501f" n="501f"/> συνεληλύθασι πατρίοις θεοῖς οὐδʼ ὁμογνίων
               μεθέξοντες
<milestone unit="tlnum" n="10"/> ἱερῶν ἀλλήλοις, οὐκ Ἀσκραίῳ
               Διὶ Λυδίων καρπῶν ἀπαρχὰς φέροντες οὐδὲ Διονύσῳ βεβακχευμένον θύσθλον
               ἱεραῖς νυξὶ καὶ κοινοῖς ὀργιάσοντες <note resp="ed" place="unspecified" anchored="yes">
<foreign lang="greek">ὀργιάσοντες</foreign> *: <foreign lang="greek">ὁργιάσοντες</foreign>
</note> κώμοις· ἀλλʼ ὥσπερ ἐτησίοις
               περιόδοις ἀκμὴ νοσήματος ἐκτραχύνασα τὴν Ἀσίαν ἐπὶ δίκας καὶ ἀγῶνας
<milestone unit="tlnum" n="15"/>
<milestone unit="stephpage" id="stephpage-502a" n="502a"/> ἐμπροθέσμως ἥκουσαν
               ἐνταῦθα συμβάλλει· καὶ πλῆθος <note resp="ed" place="unspecified" anchored="yes">supplendumne <foreign lang="greek">καὶ πραγμάτων πλῆθος</foreign> an <foreign lang="greek">ἀθρόων πραγμάτων</foreign>? dubium</note> ὥσπερ ῥευμάτων ἀθρόων εἰς μίαν
               ἐμπέπτωκεν ἀγορὰν καὶ φλεγμαίνει καὶ· συνέρρωγεν “ὀλλύντων τε καὶ
                  ὀλλυμένων” <note resp="ed" place="unspecified" anchored="yes">Hom. <foreign lang="greek">Δ</foreign> 451</note> ποίων ταῦτα πυρετῶν ἔργα ποίων δʼ ἠπιάλων; τίνες
               ἐνστάσεις ἢ παρεμπτώσεις
<milestone unit="tlnum" n="20"/> ἢ δυσκρασία θερμῶν
               ἢ ὑπέρχυσις ὑγρῶν; ἂν ἑκάστην δίκην ὥσπερ ἄνθρωπον ἀνακρίνῃς πόθεν
               πέφυκε πόθεν ἥκει, τὴν μὲν θυμὸς αὐθάδης γεγέννηκε τὴν δὲ μανιώδης
               φιλονεικία τὴν δʼ ἄδικος ἐπιθυμία <gap/>
</p>
</div1>
</body>
</text>
</TEI.2>
