<?xml version="1.0" encoding="UTF-8"?><TEI.2>
<teiHeader>
<fileDesc>
<titleStmt>
<title>Platonicae quaestiones</title>
<title type="sub">Machine readable text</title>
<author n="Plut.">Plutarch</author>
<editor role="editor" n="Teubner">Gregorius N. Bernardakis</editor>
<sponsor>Perseus Project, Tufts University</sponsor>
<principal>Gregory Crane</principal>
<respStmt>
<resp>Prepared under the supervision of</resp>
<name>Lisa Cerrato</name>
<name>William Merrill</name>
<name>Elli Mylonas</name>
<name>David Smith</name>
</respStmt>
<funder n="org:NEH">The National Endowment for the Humanities</funder>
</titleStmt>
<extent/>
<publicationStmt>
<publisher>Trustees of Tufts University</publisher>
<pubPlace>Medford, MA</pubPlace>
<authority>Perseus Project</authority>
</publicationStmt>
<sourceDesc>
<biblStruct>
<analytic/>
<monogr>
<author>Plutarch</author>
<title>Moralia</title>
<editor role="editor">Gregorius N. Bernardakis</editor>
<imprint>
<pubPlace>Leipzig</pubPlace>
<publisher>Teubner</publisher>
<date>1895</date>
</imprint>
<biblScope type="volume">6</biblScope>
</monogr>
</biblStruct>
</sourceDesc>
</fileDesc>
<encodingDesc>
<editorialDecl>
    <normalization>
        <p>Notes are not included.</p>
    </normalization>
<correction method="silent">
<p>optical character recognition</p>
</correction>
</editorialDecl>
<refsDecl doctype="TEI.2">
<state unit="chapter" delim="."/>
<state unit="section"/>
</refsDecl>
<refsDecl doctype="TEI.2">
<state unit="stephpage" n="chunk"/>
</refsDecl>
</encodingDesc>
<profileDesc>
<langUsage>
<language id="greek">Greek</language>
</langUsage>
</profileDesc>
<revisionDesc>
<change>
<date>5/10</date>
<respStmt>
<name>RS</name>
<resp/>
</respStmt>
<item>tagged and parsed</item>
</change>
</revisionDesc>
</teiHeader>
<text>
<body>
<pb id="v.6.p.119"/>
<milestone unit="stephpage" id="stephpage-999c" n="999c"/>
<div1 type="chapter" n="1">
<div2 type="section" n="1">
<p>Τιʼ δήποτε τὸν Σωκράτην ὁ θεὸς μαιοῦσθαι
<milestone unit="stephpage" id="stephpage-999d" n="999d"/> μὲν ἐκέλευσεν ἑτέρους, αὐτὸν δὲ γεννᾶν ἀπεκώλυσεν;
<milestone unit="tlnum" n="5"/>
ὡς ἐν Θεαιτήτῳ λέγεται Οὐ γὰρ εἰρωνευόμενὸς
γε καὶ παίζων προσεχρήσατο ἂν τῷ τοῦ θεοῦ ὀνόματι. 
καὶ ἄλλως ἐν τῷ Θεαιτήτῳ πολλὰ μεγάλαυχα 
καὶ σοβαρὰ Σωκράτει περιτέθεικεν, ὧν καὶ ταῦτʼ 
ἐστί· “πολλοὶ
γὰρ δή, ὦ θαυμάσιε, οὕτω πρός; με
<milestone unit="tlnum" n="10"/> διετέθησαν, ὥστʼ ἀτεχνῶς δάκνειν ἕτοιμοι εἶναι,
ἐπειδάν τινα λῆρον αὐτῶν ἀφαιρῶμαι· καὶ οὐκ
οἴονταί εὐνοίᾳ τοῦτο ποιεῖν πόρρω ὄντες τοῦ εἰδέναι ὅτι οὐδεὶς θεὸς δύσνους ἀνθρώποις· οὐδʼ ἐγὼ δυσνοίᾳ τοιοῦτον οὐδὲν δρῶ, ἀλλά μοι ψεῦδὸς
<milestone unit="tlnum" n="15"/>
<milestone unit="stephpage" id="stephpage-999e" n="999e"/>
τε συγχωρῆσαι καὶ ἀληθὲς ἀφανίσαι οὐδαμῶς θέμις.” </p>
<p>πότερον οὖν τὴν ἑαυτοῦ φύσιν ὡς κριτικωτέραν
ἢ γονιμωτέραν οὖσαν θεὸν προσεῖπε, καθάπερ
Μένανδρος “ὁ νοῦς γὰρ ἡμῶν ὁ θεόσ” καὶ Ἡράκλειτος “ἦθος ἀνθρώπῳ δαίμων·” ἢ θεῖόν τι καὶ
<pb id="v.6.p.120"/> δαιμόνιον ὡς ἀληθῶς αἴτιον ὑφηγήσατο Σωκράτει τοῦτο τῆς φιλοσοφίας τὸ γένος, ᾧ τοὺς ἄλλους ἐξετάζων ἀεὶ τύφου καὶ πλάνου καὶ ἀλαζονείας καὶ τοῦ βαρεῖς εἶναι πρῶτον μὲν αὑτοῖς εἶτα καὶ τοῖς
<milestone unit="tlnum" n="5"/> συνοῦσιν ἀπήλλαττε; καὶ γὰρ ὥσπερ ἐκ τύχης τότε
<milestone unit="stephpage" id="stephpage-999f" n="999f"/> φορὰν γενέσθαι συνέβη σοφιστῶν ἐν τῇ Ἑλλάδι· καὶ τούτοις οἱ νέοι πολὺ τελοῦντες ἀργύριον οἰήματος ἐπληροῦντο καὶ δοξοσοφίας, καὶ λόγων ἐζήλουν σχολὴν καὶ διατριβὰς ἀπράκτους ἐν ἔρισι καὶ φιλοτιμίαις
<milestone unit="tlnum" n="10"/> καλὸν δὲ καὶ χρήσιμον οὐδʼ ὁτιοῦν. τὸν οὖν ἐλεγκτικὸν λόγον ὥσπερ καθαρτικὸν ἔχων φάρμακον
ὁ Σωκράτης ἀξιόπιστος ἦν ἑτέρους ἐλέγχων
τῷ μηδὲν ἀποφαίνεσθαι, καὶ μᾶλλον ἥπτετο δοκῶν ζητεῖν κοινῇ τὴν ἀλήθειαν οὐκ αὐτὸς ἰδίᾳ δόξῃ
<milestone unit="tlnum" n="15"/> βοηθεῖν.
<milestone unit="stephpage" id="stephpage-1000a" n="1000a"/>
</p>
</div2>
<div2 type="section" n="2">
<p>ἔπειτα τοῦ κρίνειν ὄντος ὠφελίμου, τὸ γεννᾶν
ἐμπόδιόν ἐστι. τυφλοῦται γὰρ τὸ φιλοῦν περὶ
τὸ φιλούμενον φιλεῖται δὲ τῶν ἰδίων οὐδὲν οὕτως
ὡς δόξα καὶ λόγος ὑπὸ τοῦ τεκόντος. ἡ γὰρ λεγομένη
<milestone unit="tlnum" n="20"/>
τέκνων δικαιοτάτη διανομὴ πρὸς λόγους ἐστὶν
ἀδικωτάτη δεῖ γὰρ ἐκεῖ μὲν λαβεῖν τὸ ἴδιον, ἐνταῦθα
δέ, κἂν ἀλλότριον ᾖ, τὸ βέλτιστον. ὅθεν ὁ γεννῶν ἴδια γίγνεται φαυλότερος ἑτέρων κριτής. καὶ καθάπερ Ἠλείους τῶν σοφῶν τις ἔφη βελτίους
<milestone unit="tlnum" n="25"/>
ἂν εἶναι τῶν Ὀλυμπίων ἀγωνοθέτας, εἰ μηδὲ εἷς
Ἠλείων ἦν ἀγωνιστής, οὕτως ὁ μέλλων ἐν λόγοις
<milestone unit="stephpage" id="stephpage-1000b" n="1000b"/> ὀρθῶς ἐπιστατήσειν καὶ βραβεύσειν οὐ δίκαιός;
<pb id="v.6.p.121"/> ἐστιν αὐτὸς φιλοστεφανεῖν οὐδʼ ἀνταγωνίζεσθαι τοῖς κρινομένοις. καὶ γὰρ οἱ τῶν Ἑλλήνων στρατηγοὶ τὴν περὶ τῶν ἀριστείων ψῆφον φέροντες αὑτοὺς
ἀρίστους; ἔκριναν ἅπαντες· καὶ τῶν φιλοσόφων οὐδεὶς
<milestone unit="tlnum" n="5"/> ἔστιν, ὃς οὐ τοῦτο πέπονθε δίχα τῶν ὥσπερ
Σωκράτης ὁμολογούντων μηδὲν ἴδιον λέγειν· οὗτοι
δὲ καθαροὺς μόνοι καὶ ἀδεκάστους τῆς ἀληθείας παρέχουσιν ἑαυτοὺς δικαστάς. ὥσπερ γὰρ ὁ ἐν τοῖς ὠσὶν ἀήρ, ἂν μὴ σταθερὸς μηδὲ φωνῆς ἰδίας
<milestone unit="tlnum" n="10"/> ἔρημος ἀλλʼ ἤχου καὶ ῥοίζου μεστός, οὐκ ἀκριβῶς
<milestone unit="stephpage" id="stephpage-1000c" n="1000c"/> ἀντιλαμβάνεται τῶν φθεγγομένων· οὕτω τὸ τοὺς λόγους ἐν φιλοσοφίᾳ κρῖνον, ἂν ἔνδοθεν ἀντιπαταγῇ καὶ ἀντηχῇ, δυσξύνετον ἔσται τῶν λεγομένων ἔξωθεν.
ἡ γὰρ οἰκεία δόξα καὶ σύνοικος οὐ προσδέξεται τὸ
<milestone unit="tlnum" n="15"/> διαφωνοῦν πρὸς αὑτήν, ὡς μαρτυρεῖ τῶν αἱρέσεων
τὸ πλῆθος, ὧν, ἂν ἄριστα πράττῃ φιλοσοφία, μίαν ἔχει κατορθοῦσαν, οἰομένας δὲ τὰς ἄλλας ἁπάσας καὶ μαχομένας πρὸς τὴν ἀλήθειαν.
</p>
</div2>
<div2 type="section" n="3">
<p>ἔτι τοίνυν, εἰ μὲν οὐδέν ἐστι καταληπτὸν
<milestone unit="tlnum" n="20"/>
ἀνθρώπῳ καὶ γνωστόν, εἰκότως ὁ θεὸς ἀπεκώλυσεν αὐτὸν ὑπηνέμια καὶ ψευδῆ καὶ ἀβέβαια γεννᾶν. ἐλέγχειν δὲ τοὺς ἄλλους ἠνάγκαζε τοιαῦτα δοξάζοντας.
οὐ γὰρ μικρὸν ἦν ὄφελος ἀλλὰ μέγιστον
ὁ τοῦ μεγίστου τῶν κακῶν, ἀπάτης καὶ κενοφροσύνης,
<milestone unit="tlnum" n="25"/> ἀπαλλάττων λόγος <quote rend="blockquote">οὐδʼ
Ἀσκληπιάδαις τοῦτὸ
γʼ ἔδωκε θεός.</quote>
<pb id="v.6.p.122"/>
οὐ γὰρ σώματος ἡ Σωκράτους ἰατρεία, ψυχῆς δʼ ἦν
<milestone unit="stephpage" id="stephpage-1000d" n="1000d"/> ὑπούλου καὶ διεφθαρμένης καθαρμός. εἰ δʼ ἔστιν
ἐπιστήμη τἀληθοῦς ἓν δὲ τἀληθές, οὐκ ἔλαττον ἔχει τοῦ εὑρόντος ὁ μαθὼν παρὰ τοῦ εὑρόντος·
<milestone unit="tlnum" n="5"/>
λαμβάνει δὲ μᾶλλον ὁ μὴ πεπεισμένος ἔχειν, καὶ
λαμβάνει τὸ βέλτιστον ἐξ ἁπάντων, ὥσπερ ὁ μὴ τεκὼν παιδοποιεῖται
τὸν ἄριστον.
</p>
</div2>
<div2 type="section" n="6">
<p>ὅρα δὲ μὴ τἄλλα μὲν οὐδεμιᾶς ἦν ἄξια σπουδῆς ποιήματα καὶ μαθήματα καὶ λόγοι ῥητόρων καὶ
<milestone unit="tlnum" n="10"/> δόγματα σοφιστῶν, ἃ Σωκράτην γεννᾶν τὸ δαιμόνιον ἀπεκώλυσεν· ἣν δὲ μόνην ἡγεῖτο Σωκράτης σοφίαν περὶ τὸ θεῖον καὶ νοητόν, ἐρωτικὴν ὑπʼ αὐτοῦ προσαγορευομένην, ταύτης οὐ γένεσις ἔστιν ἀνθρώποις
<milestone unit="stephpage" id="stephpage-1000e" n="1000e"/> οὐδʼ εὕρεσις ἀλλʼ ἀνάμνησις. ὅθεν οὐδὲν ἐδίδασκε
<milestone unit="tlnum" n="15"/>Σωκράτης, ἀλλʼ ἐνδιδοὺς ἀρχὰς ἀποριῶν ὥσπερ
ὠδίνων τοῖς νέοις ἐπήγειρε καὶ ἀνεκίνει καὶ συνεξῆγε τὰς ἐμφύτους νοήσεις· καὶ τοῦτο μαιωτικὴν τέχνην ὠνόμαζεν, οὐκ ἐντιθεῖσαν ἔξωθεν, ὥσπερ
ἕτεροι προσεποιοῦντο, νοῦν τοῖς ἐντυγχάνουσιν, ἀλλʼ
<milestone unit="tlnum" n="20"/>
ἔχοντας οἰκεῖον ἐν ἑαυτοῖς ἀτελῆ δὲ καὶ συγκεχυμένον καὶ δεόμενον τοῦ τρέφοντος καὶ βεβαιοῦντος
ἐπιδεικνύουσαν.</p>
</div2>
</div1>
<div1 type="chapter" n="2">
<milestone unit="stephpage" id="stephpage-1000f" n="1000f"/>
<div2 type="section" n="1">
<p> “τί δήποτε τὸν ἀνωτάτω θεὸν πατέρα τῶν
<milestone unit="tlnum" n="25"/> πάντων καὶ ποιητὴν προσεῖπεν;” πότερον ὅτι τῶν μὲν θεῶν τῶν γεννητῶν καὶ τῶν ἀνθρώπων πατήρ
<pb id="v.6.p.123"/> ἐστιν, ὡς Ὅμηρος ἐπονομάζει, ποιητὴς δὲ τῶν ἀλόγων καὶ ἀψύχων; οὐδὲ γὰρ χορίου φησὶ Χρύσιππος πατέρα καλεῖσθαι τὸν παρασχόντα τὸ σπέρμα, καίπερ
ἐκ τοῦ σπέρματος γεγονότος. ἢ τῇ μεταφορᾷ χρώμενος,
<milestone unit="tlnum" n="5"/>
ὥσπερ εἴωθε, τὸν αἴτιον πατέρα τοῦ κόσμου κέκληκεν; ὡς τῶν ἐρωτικῶν λόγων “πατέρα” Φαῖδρον
ἐν Συμποσίῳ προσεῖπεν, εἰσηγητὴν αὐτῶν γενόμενον·
<milestone unit="stephpage" id="stephpage-1001a" n="1001a"/>
ἐν δὲ τῷ ὁμωνύμῳ διαλόγῳ “καλλίπαιδα” πολλοὺς γὰρ καὶ καλοὺς λόγους ἐν φιλοσοφίᾳ γενέσθαι, τὴν
<milestone unit="tlnum" n="10"/> ἀρχὴν ἐκείνου παρασχόντος. ἢ διαφέρει πατήρ τε ποιητοῦ καὶ γεννήσεως ποίησις; ὡς γὰρ τὸ γεγεννημένον καὶ πεποίηται, οὐ μὴν ἀνάπαλιν, οὕτως ὁ
γεννήσας καὶ πεποίηκεν· ἐμψύχου γὰρ ποίησις ἡ
γέννησίς ἐστι· καὶ ποιητοῦ μέν, οἷος οἰκοδόμος ἢ
<milestone unit="tlnum" n="15"/> ὑφάντης ἢ λύρας δημιουργὸς ἢ ἀνδριάντος, ἀπήλλακται
<milestone unit="stephpage" id="stephpage-1001b" n="1001b"/> γενόμενον τοὔργον· ἡ δʼ ἀπὸ τοῦ γεννήσαντος
ἀρχὴ καὶ δύναμις ἐγκέκραται τῷ τεκνωθέντι καὶ συνέχει τὴν φύσιν, ἀπόσπασμα καὶ μόριον οὖσαν τοῦ τεκνώσαντος. ἐπεὶ τοίνυν οὐ πεπλασμένοις ὁ
<milestone unit="tlnum" n="20"/> κόσμος οὐδὲ συνηρμοσμένοις ποιήμασιν ἔοικεν, ἀλλʼ ἔνεστιν αὐτῷ μοῖρα πολλὴ ζωότητος καὶ θειότητος,
ἣν ὁ θεὸς; ἐγκατέσπειρεν ἀφʼ ἑαυτοῦ τῇ ὕλῃ καὶ κατέμιξεν, εἰκότως ἅμα πατήρ τε τοῦ κόσμου, ζῴου γεγονότος, καὶ ποιητὴς ἐπονομάζεται.
<pb id="v.6.p.124"/>
</p>
</div2>
<div2 type="section" n="2">
<p>τούτων δὲ μάλιστα τῆς Πλάτωνος ἁπτομένων δόξης, ἐπίστησον εἰ κἀκεῖνο λεχθήσεται πιθανῶς· ὅτι, δυεῖν ὄντοιν ἐξ ὧν ὁ κόσμος συνέστηκε, σώματος καὶ ψυχῆς, τὸ μὲν οὐκ ἐγέννησε θεὸς ἀλλά,
<milestone unit="tlnum" n="5"/> τῆς ὕλης παρασχομένης, ἐμόρφωσε καὶ συνήρμοσε,
<milestone unit="stephpage" id="stephpage-1001c" n="1001c"/> πέρασιν οἰκείοις καὶ σχήμασι δήσας καὶ ὁρίσας τὸ ἄπειρον ἡ δὲ ψυχή, νοῦ μετασχοῦσα καὶ λογισμοῦ
καὶ ἁρμονίας, οὐκ ἔργον ἐστὶ τοῦ θεοῦ μόνον ἀλλὰ
καὶ μέρος, οὐδʼ ὑπʼ αὐτοῦ ἀλλὰ καὶ ἀπʼ αὐτοῦ καὶ
<milestone unit="tlnum" n="10"/>
ἐξ αὐτοῦ γέγονεν.
</p>
</div2>
</div1>
<div1 type="chapter" n="3">
<div2 type="section" n="1">
<p> “ἐν τῇ Πολιτείᾳ, τοῦ παντὸς  ὥσπερ μιᾶς γραμμῆς τετμημένης ἄνισα τμήματα, πάλιν τέμνων ἑκάτερον τμῆμα εἰς δύο ἀνὰ τὸν αὐτὸν λόγον, τὸ
<milestone unit="tlnum" n="15"/>
τε τοῦ ὁρωμένου γένος καὶ τὸ τοῦ νοουμένου περὶ
τὰ πάντα ποιήσας τοῦ μὲν νοητοῦ πρῶτον ἀποφαίνει
τὸ περὶ τὰ πρῶτα εἴδη, δεύτερον τὸ μαθηματικὸν τοῦ δʼ αἰσθητοῦ πρῶτον μὲν τὰ στερέμνια σώματα,
<milestone unit="stephpage" id="stephpage-1001d" n="1001d"/> δεύτερον δὲ τὰς εἰκόνας καὶ τὰ εἴδωλα τούτων
<milestone unit="tlnum" n="20"/>
καὶ κριτήριον ἑκάστῳ τῶν τεττάρων ἀποδίδωσιν ἴδιον, νοῦν μὲν τῷ πρώτῳ διάνοιαν δὲ τῷ μαθηματικῷ, τοῖς δʼ αἰσθητοῖς πίστιν, εἰκασίαν δὲ τοῖς περὶ τὰ εἴδωλα καὶ τὰς εἰκόνας. τί οὖν διανοηθεὶς εἰς ἄνισα τμήματα τὸ πᾶν ἔτεμε; καὶ πότερον
<pb id="v.6.p.125"/> τῶν τμημάτων, τὸ νοητὸν ἢ τὸ αἰσθητόν, μεῖζόν ἐστιν;” αὐτὸς γὰρ οὐ δεδήλωκε. 
</p>
<p>δόξει δʼ αὐτόθεν μὲν εἶναι μεῖζον τὸ αἰσθητόν·
ἡ γὰρ ἀμέριστος οὐσία καὶ κατὰ ταὐτὸν ὡσαύτως
<milestone unit="tlnum" n="5"/> ἔχουσα τῶν νοητῶν ἐστιν εἰς βραχὺ συνηγμένη καὶ
<milestone unit="stephpage" id="stephpage-1001e" n="1001e"/> καθαρόν, ἡ δὲ σκεδαστὴ περὶ τὰ σώματα καὶ περιπλανὴς
τὸ αἰσθητὸν παρέσχεν. ἔτι τὸ μὲν ἀσώματον
πέρατος οἰκεῖον, τὸ δὲ σῶμα τῇ ὕλῃ μὲν ἄπειρον καὶ ἀόριστον, αἰσθητὸν δὲ γιγνόμενον, ὅταν ὁρισθῇ
<milestone unit="tlnum" n="10"/> μετοχῇ τοῦ νοητοῦ. ἔτι, καθάπερ αὐτῶν τῶν αἰσθητῶν
ἕκαστον εἰκόνας ἔχει πλείους καὶ σκιὰς καὶ
εἴδωλα καὶ ὅλως; ἀφʼ ἑνὸς παραδείγματος πάμπολλα μιμήματα γίγνεσθαι καὶ φύσει καὶ τέχνῃ δυνατόν ἐστιν, οὕτως ἀνάγκη τὰ ἐνταῦθα τῶν ἐκεῖ πλήθει
<milestone unit="tlnum" n="15"/> διαφέρειν κατὰ τὸν Πλάτωνα παραδείγματα καὶ
<milestone unit="stephpage" id="stephpage-1001f" n="1001f"/>
ἰδέας τὰ νοητὰ τῶν αἰσθητῶν ὥσπερ εἰκόνων ἢ ἐμφάσεων ὑποτιθέμενον. ἔτι τῶν εἰδῶν νόησιν ἐξ ἀφαιρέσεως καὶ περικοπῆς σώματος ἐπάγει, τῇ τῶν μαθημάτων τάξει καταβιβάζων ἀπὸ τῆς ἀριθμητικῆς
<milestone unit="tlnum" n="20"/> ἐπὶ γεωμετρίαν, εἶτα μετὰ ταύτην ἐπʼ ἀστρολογίαν, ἐπὶ πάσαις δὲ τὴν ἁρμονικὴν τιθείς· γίγνεται μὲν γὰρ τὰ μὲν γεωμετρούμενα, τοῦ ποσοῦ μέγεθος
προσλαβόντος τὰ δὲ στερεά, τοῦ μεγέθους βάθος·
τὰ δʼ ἀστρολογούμενα, τοῦ στερεοῦ κίνησιν· τὰ δʼ
<milestone unit="tlnum" n="25"/>
ἁρμονικά, τῷ κινουμένῳ σώματι φωνῆς προσγενομένης. ὅθεν ἀφαιροῦντες φωνὴν μὲν τῶν κινουμένων κίνησιν δὲ τῶν στερεῶν βάθος δὲ τῶν
<pb id="v.6.p.126"/>
<milestone unit="stephpage" id="stephpage-1002a" n="1002a"/> ἐπιπέδων, μέγεθος δὲ τῶν ποσῶν, ἐν αὐταῖς γενησόμεθα ταῖς νοηταῖς ἰδέαις, οὐδεμίαν διαφορὰν ἐχούσαις πρὸς ἀλλήλας κατὰ τὸ ἓν καὶ μόνον νοούμενον.
οὐ γὰρ ποιεῖ μονὰς ἀριθμόν, ἂν· μὴ τῆς
<milestone unit="tlnum" n="5"/> ἀπείρου δυάδος ἅψηται· ποιήσασα δʼ οὕτως ἀριθμόν,
εἰς στιγμὰς εἶτα γραμμὰς ἐκ δὲ τούτων εἰς ἐπιφανείας καὶ βάθη καὶ σώματα πρόεισι καὶ σωμάτων
ποιότητας ἐν πάθεσι γιγνομένων. ἔτι τῶν μὲν νοητῶν ἓν κριτήριον ὁ νοῦς· καὶ γὰρ ἡ διάνοια
<milestone unit="tlnum" n="10"/> νοῦς · ἐστιν ἐν τοῖς μαθηματικοῖς ὥσπερ ἐν κατόπτροις ἐμφαινομένων τῶν νοητῶν. ἐπὶ δὲ τὴν τῶν σωμάτων γνῶσιν ὑπὸ πλήθους πέντε δυνάμεις καὶ διαφορὰς αἰσθητηρίων ἡ φύσις ἔδωκεν ἡμῖν· καὶ
<milestone unit="stephpage" id="stephpage-1002b" n="1002b"/> οὐ πάντα φωρᾶται ταύταις ἀλλʼ ἐκφεύγει πολλὰ
<milestone unit="tlnum" n="15"/> διὰ μικρότητα τὴν αἴσθησιν. ἔτι, ὥσπερ ἡμῶν ἑκάστου συνεστῶτος ἔκ τε τῆς ψυχῆς καὶ τοῦ σώματος
μικρόν ἐστι τὸ ἡγεμονικὸν καὶ νοερὸν ἐν πολλῷ τῷ τῆς σαρκὸς ὄγκῳ κεκρυμμένον, οὕτως
εἰκὸς ἔχειν ἐν τῷ παντὶ τὸ νοητὸν πρὸς τὸ αἰσθητόν.
<milestone unit="tlnum" n="20"/> καὶ γὰρ ἄρχει τὰ νοητὰ τῶν σωματικῶν, ἀρχῆς δὲ πάσης πλέον τὸ ἐξ αὐτῆς καὶ μεῖζον.
</p>
</div2>
<div2 type="section" n="2">
<p>πρὸς δὲ τοὐναντίον εἴποι τις ἂν
πρῶτον, ὅτι συγκρίνοντες τὰ αἰσθητὰ τοῖς νοητοῖς τρόπον τινὰ τὰ θνητὰ τοῖς θείοις ἐξισοῦμεν ὁ γὰρ θεὸς
<milestone unit="tlnum" n="25"/>
ἐν τοῖς νοητοῖς. ἔπειτα πανταχοῦ δήπου τὸ περιεχόμενον
<milestone unit="stephpage" id="stephpage-1002c" n="1002c"/> ἔλαττόν ἐστι τοῦ περιέχοντος, ἡ δὲ τοῦ παντὸς φύσις τῷ νοητῷ περιέχει τὸ αἰσθητόν· ὁ γὰρ θεός
<pb id="v.6.p.127"/> “τὴν ψυχὴν εἰς τὸ μέσον θεὶς διὰ παντὸς τʼ ἔτεινε καὶ ἔξωθεν τὰ σώματα αὐτῇ περιεκάλυψεν.” ἔστι
δʼ ἀόρατος ἡ ψυχὴ καὶ “πάσαις ταῖς αἰσθήσεσιν
ἀναίσθητοσ” ὡς ἐν τοῖς Νόμοις εἴρηται· διὸ καὶ
<milestone unit="tlnum" n="5"/>
φθαρτὸς ἡμῶν εἷς ἕκαστός ἐστιν, ὁ δὲ κόσμος οὐ φθαρησόμενος· ἡμῶν μὲν γὰρ ἑκάστου τὴν ζωτικὴν δύναμιν ἐντὸς περιέχει τὸ θνητοειδὲς καὶ διαλυτόν,
ἐν δὲ τῷ κόσμῳ τοὐναντίον, ὑπὸ τῆς κυριωτέρας
<milestone unit="stephpage" id="stephpage-1002d" n="1002d"/> ἀρχῆς καὶ κατὰ ταὐτὰ ὡσαύτως ἐχούσης ἀεὶ σῴζεται
<milestone unit="tlnum" n="10"/>
τὸ σωματικὸν ἐν μέσῳ περιεχόμενον. καὶ μὴν
ἀμερές γε λέγεται καὶ ἀμέριστον τὸ μὲν σῶμα μικρότητι,
τὸ δʼ ἀσώματον καὶ νοητὸν ὡς ἁπλοῦν καὶ εἰλικρινὲς καὶ καθαρὸν ἁπάσης στερεότητος καὶ διαφορᾶς.
καὶ ἄλλως εὔηθές ἐστι τοῖς σωματικοῖς
<milestone unit="tlnum" n="15"/> τεκμαίρεσθαι περὶ τῶν ἀσωμάτων. τὸ γοῦν “νῦν” ἀμερὲς μὲν καλεῖται καὶ ἀμέριστον, ἅμα δὲ πανταχοῦ
ἐνέστηκε καὶ οὐδὲν αὐτοῦ τῆς οἰκουμένης μέρος
ἔρημόν ἐστιν, ἀλλὰ καὶ πάθη πάντα καὶ πράξεις
φθοραί τε πᾶσαι καὶ γενέσεις αἱ ὑπὸ τὸν κόσμον
<milestone unit="tlnum" n="20"/>
ἐν τῷ “νῦν” περιέχονται. κριτήριον δὲ τοῦ νοητοῦ
μόνον ἐστὶν ὁ νοῦς, ὡς φωτὸς ὄψις, διʼ ἁπλότητα
<milestone unit="stephpage" id="stephpage-1002e" n="1002e"/>
καὶ ὁμοιότητα· τὰ δὲ σώματα, πολλὰς διαφορὰς ἔχοντα καὶ ἀνομοιότητας, ἄλλα ἄλλοις κριτηρίοις
ὥσπερ ὀργάνοις ἁλίσκεσθαι πέφυκεν. ἀλλὰ μὴν
<pb id="v.6.p.128"/> οὐδὲ τῆς ἐν ἡμῖν νοητῆς καὶ νοερᾶς δυνάμεως καταφρονοῦσιν
ὀρθῶς· πολλὴ γὰρ οὖσα καὶ μεγάλη περίεστι παντὸς τοῦ αἰσθητοῦ καὶ μέχρι τῶν θείων ἐξικνεῖται. τὸ δὲ μέγιστον αὐτὸς ἐν Συμποσίῳ
<milestone unit="tlnum" n="5"/> διδάσκων, πῶς δεῖ τοῖς ἐρωτικοῖς χρῆσθαι, μετάγοντα τὴν ψυχὴν ἀπὸ τῶν αἰσθητῶν καλῶν ἐπὶ τὰ νοητά, παρεγγυᾷ μήτε σώματός τινος μήτε ἐπιτηδεύματος
<milestone unit="stephpage" id="stephpage-1002f" n="1002f"/> μήτʼ ἐπιστήμης κάλλει μιᾶς ὑποτετάχθαι καὶ δουλεύειν, ἀλλʼ ἀποστάντα τῆς περὶ ταῦτα μικρολογίας
<milestone unit="tlnum" n="10"/> “ἐπὶ τὸ πολὺ τοῦ καλοῦ πέλαγος τρέπεσθαι” </p>
</div2>
</div1>
<div1 type="chapter" n="4">
<div2 type="section" n="1">
<p> “τί δήποτε, τὴν ψυχὴν ἀεὶ πρεσβυτέραν ἀποφαίνων τοῦ σώματος αἰτίαν τε τῆς ἐκείνου γενέσεως
καὶ ἀρχήν, πάλιν φησὶν οὐκ ἂν γενέσθαι ψυχὴν
<milestone unit="tlnum" n="15"/>
ἄνευ σώματος οὐδὲ νοῦν ἄνευ ψυχῆς, ἀλλὰ ψυχὴν μὲν ἐν σώματι νοῦν δʼ ἐν τῇ ψυχῇ; δόξει γὰρ τὸ σῶμα καὶ εἶναι καὶ μὴ εἶναι, συνυπάρχον ἅμα τῇ
ψυχῇ καὶ γεννώμενον ὑπὸ τῆς ψυχῆς·” </p>
<p>
<milestone unit="stephpage" id="stephpage-1003a" n="1003a"/>ἦ τὸ πολλάκις ὑφʼ  ἡμῶν λεγόμενον ἀληθὲς
<milestone unit="tlnum" n="20"/>
ἐστιν; ἡ μὲν γὰρ ἄνους ψυχὴ καὶ τὸ ἄμορφον σῶμα
συνυπῆρχον ἀλλήλοις ἀεὶ καὶ οὐδέτερον αὐτῶν γένεσιν ἔσχεν οὐδʼ ἀρχήν· ἐπεὶ δʼ ἡ ψυχὴ νοῦ μετέλαβε καὶ ἁρμονίας, καὶ γενομένη διὰ συμφωνίας ἔμφρων μεταβολῆς αἰτία γέγονε τῇ ὕλῃ καὶ κρατήσασα
<milestone unit="tlnum" n="25"/> ταῖς αὑτῆς κινήσεσι τὰς ἐκείνης ἐπεσπάσατο καὶ ἐπέστρεψεν, οὕτω τὸ σῶμα τοῦ κόσμου γένεσιν
<pb id="v.6.p.129"/> ἔσχεν ὑπὸ τῆς ψυχῆς, καὶ κατασχηματιζόμενον καὶ
συνομοιούμενον. οὐ γὰρ ἐξ αὑτῆς ἡ ψυχὴ τὴν τοῦ
σώματος ἐδημιούργει φύσιν οὐδʼ ἐκ τοῦ μὴ ὄντος, ἀλλʼ ἐκ σώματος ἀτάκτου καὶ ἀσχηματίστου σῶμα
<milestone unit="tlnum" n="5"/>
<milestone unit="stephpage" id="stephpage-1003b" n="1003b"/> τεταγμένον ἀπειργάσατο καὶ πειθήνιον. ὥσπερ οὖν,
εἰ φαίη τις ἀεὶ τὴν τοῦ σπέρματος δύναμιν εἶναι μετὰ σώματος, γεγονέναι μέντοι τὸ σῶμα τῆς συκῆς
ἢ τῆς ἐλαίας ὑπὸ σπέρματος, οὐδὲν ἐρεῖ διάφωνον αὐτὸ γὰρ τὸ σῶμα, κινήσεως αὐτῷ καὶ μεταβολῆς
<milestone unit="tlnum" n="10"/>
ὑπὸ τοῦ σπέρματος ἐγγενομένης, ἔφυ τοιοῦτο καὶ διεβλάστησεν οὕτως ἡ ἄμορφος ὕλη καὶ ἀόριστος ὑπὸ τῆς ψυχῆς ἐνούσης σχηματισθεῖσα μορφὴν ἔσχε τοιαύτην καὶ διάθεσιν.
</p>
</div2>
</div1>
<div1 type="chapter" n="5">
<div2 type="section" n="1">
<milestone unit="tlnum" n="15"/>
<p> “διὰ τί, τῶν μὲν εὐθυγράμμων τῶν δὲ κυκλικῶν σωμάτων καὶ σχημάτων ὄντων, τὰς τῶν
εὐθυγράμμων ἀρχὰς ἔλαβε τὸ ἰσοσκελὲς τρίγωνον
<milestone unit="stephpage" id="stephpage-1003c" n="1003c"/> καὶ τὸ σκαληνόν· ὧν τὸ μὲν τὸν κύβον συνέστησε
γῆς στοιχεῖον ὄντα, τὸ δὲ σκαληνὸν τήν τε πυραμίδα
<milestone unit="tlnum" n="20"/> καὶ τὸ ὀκτάεδρον καὶ τὸ εἰκοσάεδρον, τὸ μὲν πυρὸς σπέρμα τὸ δʼ ἀέρος τὸ δʼ ὕδατος γενόμενον·
τὸ δὲ τῶν κυκλικῶν ὅλως παρῆκε, καίτοι μνησθεὶς τοῦ σφαιροειδοῦς, ἐν οἷς φησι τῶν κατηριθμημένων σχημάτων ἕκαστον σώματος περιφεροῦς εἰς ἴσα διανεμητικὸν
<milestone unit="tlnum" n="25"/> εἶναι;” </p>
<p>πότερον, ὡς ὑπονοοῦσιν ἔνιοι, τὸ δωδεκάεδρον
τῷ σφαιροειδεῖ προσένειμεν, εἰπὼν ὅτι τούτῳ “πρὸς
<pb id="v.6.p.130"/> τὴν τοῦ παντὸς ὁ θεὸς κατεχρήσατο φύσιν ἐκεῖνο
<milestone unit="stephpage" id="stephpage-1003d" n="1003d"/> διαζωγραφῶν.” καὶ γὰρ μάλιστα τῷ πλήθει τῶν στοιχείων ἀμβλύτητι δὲ τῶν γωνιῶν τὴν εὐθύτητα διαφυγὸν εὐκαμπές ἐστι, καὶ τῇ περιτάσει καθάπερ
<milestone unit="tlnum" n="5"/>
αἱ δωδεκάσκυτοι σφαῖραι κυκλοτερὲς γίγνεται καὶ
περιληπτικόν· ἔχει γὰρ εἴκοσι γωνίας στερεάς, ὧν ἑκάστην ἐπίπεδοι περιέχουσιν ἀμβλεῖαι τρεῖς ἑκάστη γὰρ ὀρθῆς ἐστι καὶ πέμπτου μορίου· συνήρμοσται
δὲ καὶ συμπέπηγεν ἐκ δώδεκα πενταγώνων ἰσογωνίων
<milestone unit="tlnum" n="10"/>
καὶ ἰσοπλεύρων, ὧν ἕκαστον ἐκ τριάκοντα τῶν πρώτων σκαληνῶν τριγώνων συνέστηκε· διὸ καὶ
δοκεῖ τὸν ζῳδιακὸν ἅμα καὶ τὸν ἐνιαυτὸν ἀπομιμεῖσθαι ταῖς διανομαῖς τῶν μοιρῶν ἰσαρίθμοις οὔσαις.
<milestone unit="stephpage" id="stephpage-1003e" n="1003e"/>
</p>
</div2>
<div2 type="section" n="2">
<p>ἢ πρότερόν ἐστι κατὰ φύσιν τὸ εὐθὺ τοῦ
<milestone unit="tlnum" n="15"/> περιφεροῦς, μᾶλλον δʼ ὅλως; πάθος τι τῆς εὐθείας
ἡ περιφερής; κάμπτεσθαι γὰρ λέγεται τὸ ὀρθόν καὶ
ὁ κύκλος γράφεται κέντρῳ καὶ διαστήματι· τοῦτο δʼ ἐστὶν εὐθείας τόπος, ὑφʼ ἧς καὶ μετρεῖται· τὸ γὰρ περιέχον ἐκ τοῦ μέσου πανταχόθεν ἴσον ἀφέστηκε.
<milestone unit="tlnum" n="20"/> γεννᾶται δὲ καὶ κῶνος καὶ κύλινδρος ἀπʼ εὐθυγράμμων,
ὁ μὲν τριγώνου περὶ μίαν πλευρὰν μένουσαν
τῇ ἑτέρᾳ πλευρᾷ καὶ τῇ βάσει περιενεχθέντος·
ὁ δὲ κύλινδρος παραλληλογράμμου ταὐτὸ τοῦτο παθόντος. ἔτι τῆς μὲν ἀρχῆς ἐγγυτέρω τὸ ἔλαττον,
<milestone unit="tlnum" n="25"/>
<milestone unit="stephpage" id="stephpage-1003f" n="1003f"/> ἐλαχίστη δὲ πασῶν ἡ εὐθεῖα· τῆς γὰρ περιφεροῦς
τὸ μὲν ἐντός ἐστι κοῖλον κυρτὸν δὲ τὸ ἐκτός. ἔτι
<pb id="v.6.p.131"/> τῶν σχημάτων οἱ ἀριθμοὶ πρότεροι, καὶ γὰρ ἡ μονὰς τῆς στιγμῆς· ἔστι γὰρ ἡ στιγμὴ μονὰς ἐν θέσει.
καὶ μὴν ἡ μονὰς τρίγωνός ἐστι· πᾶς
γὰρ τρίγωνος
ἀριθμὸς ὀκτάκις γενόμενος καὶ μονάδα προσλαβὼν
<milestone unit="tlnum" n="5"/> γίγνεται τετράγωνος· τοῦτο δὲ καὶ τῇ μονάδι συμβέβηκε· πρότερον οὖν τοῦ κύκλου τὸ τρίγωνον· εἰ
δὲ τοῦτο, καὶ εὐθεῖα τῆς περιφεροῦς. ἔτι τὸ στοιχεῖον εἰς οὐδὲν διαιρεῖται τῶν συνισταμένων ἐξ
αὐτοῦ, τοῖς δʼ ἄλλοις εἰς τὸ στοιχεῖον ἡ διάλυσις.
<milestone unit="tlnum" n="10"/>
<milestone unit="stephpage" id="stephpage-1004a" n="1004a"/>
εἰ τοίνυν τὸ μὲν τρίγωνον εἰς οὐδὲν περιφερὲς διαλύεται, τὸν δὲ κύκλον εἰς τέτταρα τρίγωνα τέμνουσιν
αἱ δύο διάμετροι, πρότερον ἂν τῇ φύσει καὶ στοιχειωδέστερον εἴη τοῦ κυκλικοῦ τὸ εὐθύγραμμον. ὅτι τοίνυν προηγούμενον μέν ἐστι τὸ εὐθύγραμμον,
<milestone unit="tlnum" n="15"/>
τὸ δὲ κυκλικὸν ἐπιγιγνόμενον καὶ συμβεβηκός, αὐτὸς
ὁ Πλάτων ἐνεδείξατο· τὴν γὰρ γῆν ἐκ κύβων συστησάμενος,
ὧν ἕκαστον εὐθύγραμμοι περιέχουσιν ἐπιφάνειαι, σφαιροειδὲς αὐτῆς γεγονέναι τὸ σχῆμά φησι καὶ στρογγύλον. ὥστʼ οὐδὲν ἔδει ποιεῖν τῶν περιφερῶν
<milestone unit="tlnum" n="20"/>
ἴδιον στοιχεῖον, εἰ καὶ τοῖς εὐθυγράμμοις πρὸς ἄλληλά πως συναρμοττομένοις ὁ σχηματισμὸς
<milestone unit="stephpage" id="stephpage-1004b" n="1004b"/> οὗτος ἐπιγίγνεσθαι πέφυκεν.
</p>
</div2>
<div2 type="section" n="3">
<p>ἔτι, εὐθεῖα μὲν ἥ τε μείζων ἥ τε μικροτέρα τὴν αὐτὴν εὐθύτητα διατηρεῖ, τὰς δὲ τῶν κύκλων
<milestone unit="tlnum" n="25"/>
περιφερείας, ἂν ὦσι σμικρότεραι, καμπυλωτέρας καὶ
σφιγγομένας τῇ κυρτότητι μᾶλλον ὁρῶμεν· ἂν δὲ μείζους, ἀνειμένας· ἱστάμενοι γοῦν κατὰ τὴν κυρτὴν
<pb id="v.6.p.132"/>
περιφέρειαν οἱ μὲν κατὰ σημεῖον οἱ δὲ κατὰ γραμμὴν ἅπτονται τῶν ὑποκειμένων ἐπιπέδων· ὥστʼ ὑπονοήσειεν ἄν τις εὐθείας κατὰ μικρὰ πολλὰς
συντιθεμένας τὴν περιφερῆ γραμμὴν ἀποτελεῖν.
</p>
</div2>
<div2 type="section" n="4">
<milestone unit="tlnum" n="5"/>
<p>ὅρα δὲ μὴ τῶν ἐνταῦθα κυκλικῶν καὶ σφαιροειδῶν
οὐδέν ἐστιν ἀπηκριβωμένον, ἀλλʼ ἐντάσει καὶ περιτάσει τῶν εὐθυγράμμων ἢ μικρότητι τῶν μορίων τῆς διαφορᾶς λανθανούσης ἐπιφαίνεται τὸ
<milestone unit="stephpage" id="stephpage-1004c" n="1004c"/> στρογγύλον καὶ κυκλοειδές ὅθεν οὐδὲ κινεῖται
<milestone unit="tlnum" n="10"/> φύσει τῶν ἐνταῦθα σωμάτων ἐγκυκλίως οὐδὲν ἀλλʼ
ἐπʼ εὐθείας ἅπαντα· τὸ δʼ ὄντως σφαιροειδὲς; οὐκ ἔστιν αἰσθητοῦ σώματος ἀλλὰ τῆς ψυχῆς καὶ τοῦ νοῦ στοιχεῖον, οἷς καὶ τὴν κυκλοφορικὴν κίνησιν
<milestone unit="tlnum" n="15"/>
ὡς προσήκουσαν κατὰ φύσιν ἀποδίδωσιν.
</p>
</div2>
</div1>
<div1 type="chapter" n="6">
<div2 type="section" n="1">
<p> “πῶς ποτε ἐν τῷ Φαίδρῳ λέγεται τὸ τὴν τοῦ πτεροῦ φύσιν, ὑφʼ ἧς ἄνω τὸ ἐμβριθὲς ἀνάγεται, κεκοινωνηκέναι μάλιστα τῶν περὶ τὸ σῶμα τοῦ θείου;” </p>
<p>
<milestone unit="tlnum" n="20"/>πότερον ὅτι περὶ ἔρωτος ὁ λόγος ἐστί, κάλλους
δὲ τοῦ περὶ τὸ σῶμα ὁ ἔρως, τὸ δὲ κάλλος ὁμοιότητι
τῇ πρὸς τὰ θεῖα κινεῖ καὶ ἀναμιμνήσκει τὴν ψυχήν· ἢ μᾶλλον οὐδὲν περιεργαστέον ἀλλʼ ἁπλῶς
<milestone unit="stephpage" id="stephpage-1004d" n="1004d"/> ἀκουστέον ὅτι, τῶν περὶ τὸ σῶμα τῆς ψυχῆς δυνάμεων
<milestone unit="tlnum" n="25"/> πλειόνων οὐσῶν, ἡ διαλογιστικὴ καὶ διανοητικὴ μάλιστα τοῦ θείου κεκοινώνηκεν, ἣν τῶν θείων
<pb id="v.6.p.133"/> καὶ οὐρανίων ἔφησεν; ἣν οὐκ ἀπὸ τρόπου πτερὸν προσηγόρευσεν, ὡς τὴν ψυχὴν ἀπὸ τῶν ταπεινῶν
καὶ θνητῶν ἀναφέρουσαν.
</p>
</div2>
</div1>
<div1 type="chapter" n="7">
<div2 type="section" n="1">
<milestone unit="tlnum" n="5"/>
<p> “πῶς ποτέ φησιν ὁ Πλάτων τὴν ἀντιπερίστασιν τῆς κινήσεως διὰ τὸ μηδαμοῦ κενὸν ὑπάρχειν αἰτίαν εἶναι τῶν περὶ τὰς ἰατρικὰς σικύας παθημάτων, καὶ τῶν περὶ τὴν κατάποσιν καὶ τὰ ῥιπτούμενα βάρη
καὶ τὰ τῶν ὑδάτων ῥεύματα καὶ κεραυνούς, τήν τε
<milestone unit="tlnum" n="10"/>
<milestone unit="stephpage" id="stephpage-1004e" n="1004e"/> φαινομένην πρὸς ἢλεκτρα καὶ τὸν λίθον τὸν Ἡράκλειον ὁλκὴν τάς τε τῶν φθόγγων συμφωνίας;” δόξει γὰρ ἀτόπως αἰτίαν μίαν παμπόλλων καὶ ἀνομοίων
γένεσιν ἐπάγειν παθῶν.
</p>
</div2>
<div2 type="section" n="2">
<p>τὸ μὲν γὰρ περὶ τὴν ἀναπνοὴν ὡς γίγνεται
<milestone unit="tlnum" n="15"/>
τῇ ἀντιπεριστάσει τοῦ ἀέρος, αὐτὸς ἱκανῶς ἀποδέδειχε·
τὰ δὲ λοιπὰ πάντα φήσας θαυματουργεῖσθαι καὶ τῷ κενὸν εἶναι μηδὲν περιωθεῖν θʼ αὑτὰ ταῦτʼ εἰς ἄλληλα καὶ διαμείβεσθαι πρὸς τὰς αὑτῶν ἕδρας
ἰόντα, τὴν καθʼ ἕκαστον ἐξεργασίαν ἡμῖν ἀφῆκε.
<milestone unit="tlnum" n="20"/>
</p>
</div2>
<div2 type="section" n="3">
<milestone unit="stephpage" id="stephpage-1004f" n="1004f"/>
<p>πρῶτον μὲν οὖν τὸ περὶ τὴν σικύαν τοιοῦτόν ἐστιν· ὁ περιληφθεὶς ὑπʼ αὐτῆς πρὸς τῇ σαρκὶ μετὰ θερμότητος ἀὴρ ἐκπυρωθεὶς καὶ γενόμενος τῶν τοῦ χαλκοῦ πόρων ἀραιότερος ἐξέπεσεν οὐκ εἰς κενὴν χώραν, οὐ γὰρ ἔστιν, εἰς δὲ τὸν περιεστῶτα τὴν
<pb id="v.6.p.134"/> σικύαν ἔξωθεν ἀέρα, κἀκεῖνον ἀπέωσεν ὁ δὲ τὸν πρὸ αὑτοῦ· καὶ τοῦτο πάσχων ἀεὶ καὶ δρῶν ὁ
ἔμπροσθεν ὑποχωρεῖ, τῆς κενουμένης γλιχόμενος
χώρας, ἣν ὁ πρῶτος ἐξέλιπεν οὕτω δὲ τῇ σαρκὶ
<milestone unit="tlnum" n="5"/>
<milestone unit="stephpage" id="stephpage-1005a" n="1005a"/> περιπίπτων, ἧς ἡ σικύα δέδρακται, καὶ ἀναζέων ἅμα συνεκθλίβει τὸ ὑγρὸν εἰς τὴν σικύαν.
</p>
</div2>
<div2 type="section" n="4">
<p>ἡ δὲ κατάποσις γίγνεται τὸν αὐτὸν τρόπον·
αἱ γὰρ περὶ τὸ στόμα καὶ τὸν στόμαχον κοιλότητες
ἀέρος ἀεὶ πλήρεις εἰσίν· ὅταν οὖν ἐμπιεσθῇ τὸ σιτίον
<milestone unit="tlnum" n="10"/> ὑπὸ τῆς γλώττης, ἅμα καὶ τῶν παρισθμίων ἐνταθέντων, ἐκθλιβόμενος ὁ ἀὴρ πρὸς τὸν οὐρανὸν ἔχεται τοῦ ὑποχωροῦντος καὶ συνεπωθεῖ τὸ σιτίον.
</p>
</div2>
<div2 type="section" n="5">
<p>τὰ δὲ ῥιπτούμενα βάρη τὸν ἀέρα σχίζει μετὰ πληγῆς ἐμπεσόντα καὶ διίστησιν ὁ δὲ περιρρέων
<milestone unit="tlnum" n="15"/> ὀπίσω, τῷ φύσιν ἔχειν ἀεὶ τὴν ἐρημουμένην χώραν διώκειν καὶ ἀναπληροῦν, συνέπεται τῷ ἀφιεμένῳ τὴν κίνησιν συνεπιταχύνων.
<milestone unit="stephpage" id="stephpage-1005b" n="1005b"/>
</p>
</div2>
<div2 type="section" n="6">
<p>αἱ δὲ τῶν κεραυνῶν πτώσεις καὶ αὐταὶ ῥίψεσιν ἐοίκασιν· ἐκπηδᾷ γὰρ ὑπὸ πληγῆς ἐν τῷ
<milestone unit="tlnum" n="20"/> νέφει γενομένης τὸ πυρῶδες εἰς τὸν ἀέρα· κἀκεῖνος ἀντιρραγεὶς ὑποχωρεῖ, καὶ πάλιν ἐς ταὐτὸ συμπίπτων ἄνωθεν ἐξωθεῖ κάτω παρὰ φύσιν ἀποβιαζόμενος τὸν κεραυνόν.
</p>
</div2>
<div2 type="section" n="7">
<p>τὸ δʼ ἤλεκτρον οὐδὲν ἕλκει τῶν παρακειμένων
<milestone unit="tlnum" n="25"/>
ὥσπερ οὐδʼ ἡ σιδηρῖτις λίθος, οὐδὲ προσπηδᾷ τι τούτοις ἀφʼ αὑτοῦ τῶν πλησίον· ἀλλʼ ἡ μὲν λίθος
<pb id="v.6.p.135"/>
τινὰς ἀπορροὰς ἐξίησιν ἐμβριθεῖς καὶ πνευματώδεις,
αἷς ὁ συνεχὴς ἀναστελλόμενος ἀὴρ ὠθεῖ τὸν πρὸ
αὑτοῦ· κἀκεῖνος ἐν κύκλῳ περιιὼν καὶ ὑπονοστῶν αὖθις ἐπὶ τὴν κενουμένην χώραν ἀποβιάζεται καὶ
<milestone unit="tlnum" n="5"/>
<milestone unit="stephpage" id="stephpage-1005c" n="1005c"/> συνεφέλκεται τὸν σίδηρον. τὸ δʼ ἤλεκτρον ἔχει
μέν τι φλογοειδὲς ἢ πνευματικόν, ἐκβάλλει δὲ τοῦτο
τῇ τρίψει τῆς ἐπιφανείας, τῶν πόρων ἀναστομωθέντων·
τὸ δὲ ταὐτὸ μὲν ἐκπεσὸν ποιεῖ τῷ τῆς
σιδηρίτιδος, ἐφέλκεται δὲ τῶν πλησίον τὰ κουφότατα
<milestone unit="tlnum" n="10"/> καὶ ξηρότατα διὰ λεπτότητα καὶ ἀσθένειαν
οὐ
γάρ ἐστιν ἰσχυρὸν οὐδʼ ἔχει βάρος οὐδὲ ῥύμην
πλῆθος ἀέρος ἐξῶσαι δυναμένην, ᾧ τῶν μειζόνων,
ὥσπερ ἡ σιδηρῖτις, ἐπικρατήσει. πῶς οὖν οὔτε
λίθον οὔτε ξύλον ὁ ἀὴρ ἀλλὰ μόνον τὸν σίδηρον
<milestone unit="tlnum" n="15"/>
<milestone unit="stephpage" id="stephpage-1005d" n="1005d"/>
ὠθεῖ καὶ προστέλλει πρὸς τὴν λίθον; αὕτη δʼ ἐστὶ μὲν ἀπορία κοινὴ πρός τε τοὺς ὁλκῇ τῆς λίθου καὶ τοὺς φορᾷ τοῦ σιδήρου τὴν σύμπηξιν οἰομένους γίγνεσθαι τῶν σωμάτων εἰλυσπᾶν δʼ οὕτως
ὑπὸ τοῦ Πλάτωνος. ὁ σίδηρος οὔτʼ ἄγαν ἀραιὸς
<milestone unit="tlnum" n="20"/> ἐστιν ὡς ξύλον οὔτʼ ἄγαν πυκνὸς ὡς χρυσὸς
ἢ λίθος, ἀλλʼ ἔχει πόρους καὶ οἴμους καὶ τραχύτητας διὰ τὰς ἀνωμαλίας τῷ ἀέρι συμμέτρους, ὥστε
μὴ ἀπολισθάνειν ἀλλʼ ἕδραις τισὶν ἐνισχόμενον καὶ ἀντερείσεσι περιπλοκὴν σύμμετρον ἐχούσαις, ὡς
<milestone unit="tlnum" n="25"/>
ἂν ἐμπέσῃ πρὸς τὴν λίθον φερόμενος, ἀποβιάζεσθαι
<pb id="v.6.p.136"/> καὶ προωθεῖν τὸν σίδηρον. τούτων μὲν οὖν τοιοῦτός τις ἂν εἴη λόγος.
</p>
</div2>
<div2 type="section" n="8">
<p>ἡ δὲ τῶν ἐπὶ γῆς ὑδάτων ῥύσις οὐχ ὁμοίως εὐσύνοπτον ἔχει τὸν τῆς ἀντιπεριώσεως τρόπον.
<milestone unit="tlnum" n="5"/>
<milestone unit="stephpage" id="stephpage-1005e" n="1005e"/> ἀλλὰ χρὴ καταμανθάνειν τὰ λιμναῖα τῶν ὑδάτων ἀτρεμοῦντα καὶ μένοντα, τῷ περικεχύσθαι καὶ συναγαγεῖν πανταχόθεν αὑτοῖς ἀκίνητον ἀέρα, μηδαμοῦ κενὴν ποιοῦντα χώραν. τὸ γοῦν ἐπιπολῆς ὕδωρ ἔν
τε ταῖς λίμναις καὶ ἐν τοῖς πελάγεσι δονεῖται καὶ
<milestone unit="tlnum" n="10"/> κυμαίνεται, τοῦ ἀέρος σάλον λαμβάνοντος· ἕπεται γὰρ εὐθὺς μεθισταμένῳ καὶ συναπορρεῖ διὰ τὴν
ἀνωμαλίαν· ἡ γὰρ κάτω πληγὴ τὴν κοιλότητα ποιεῖ τοῦ κύματος ἡ δʼ ἄνω τὸν ὄγκον, ἄχρι οὗ καταστῇ καὶ παύσηται, τῆς περιεχούσης τὰ ὑγρὰ χώρας ἱσταμένης.
<milestone unit="tlnum" n="15"/>
αἱ ῥύσεις οὖν τῶν φερομένων ἀεὶ τὰ ὑποχωροῦντα
<milestone unit="stephpage" id="stephpage-1005f" n="1005f"/> τοῦ ἀέρος διώκουσαι τοῖς δʼ ἀντιπεριωθουμένοις
ἐλαυνόμεναι τὸ ἐνδελεχὲς καὶ ἀλώφητον
ἔχουσι, διὸ καὶ φέρονται θᾶττον οἱ ποταμοὶ πληθύοντες· ὅταν δʼ ὀλίγον καὶ κοῖλον, ἵεται τὸ
<milestone unit="tlnum" n="20"/>
ὑγρὸν ὑπʼ ἀσθενείας, οὐχ ὑπείκοντος τοῦ ἀέρος οὐδὲ
πολλὴν ἀντιπερίστασιν λαμβάνοντος. οὕτω δὲ καὶ
τὰ πηγαῖα τῶν ὑδάτων ἀναγκαῖόν ἐστιν ἀναφέρεσθαι, τοῦ θύραθεν ἀέρος εἰς τὰς κενουμένας ἐν βάθει
χώρας ὑποφερομένου καὶ πάλιν θύραζε τὸ ὕδωρ
<milestone unit="tlnum" n="25"/>
<milestone unit="stephpage" id="stephpage-1006a" n="1006a"/> ἐκπέμποντος. οἴκου δὲ βαθυσκίου καὶ περιέχοντος
ἀέρα νήνεμον ὕδατι ῥανθὲν ἔδαφος πνεῦμα ποιεῖ
<pb id="v.6.p.137"/> καὶ ἄνεμον, μεθισταμένου τοῦ ἀέρος ἐξ ἕδρας παρεμπίπτοντι τῷ ὑγρῷ καὶ πληγὰς λαμβάνοντος
οὕτως ἐξωθεῖσθαί θʼ ὑπʼ ἀλλήλων καὶ ἀνθυπείκειν ἀλλήλοις πέφυκεν, οὐκ οὔσης κενότητος ἐν ᾗ θάτερον
<milestone unit="tlnum" n="5"/> ἱδρυθὲν οὐ μεθέξει τῆς θατέρου μεταβολῆς.
</p>
</div2>
<div2 type="section" n="9">
<p>καὶ μὴν τὰ περὶ τῆς συμφωνίας αὐτὸς εἴρηκεν,
ὃν τρόπον ὁμοιοῦσι τοὺς φθόγγους. ὀξὺς μὲν γὰρ
ὁ ταχὺς γίγνεται βαρὺς δʼ ὁ βραδύς· διὸ καὶ πρότερον κινοῦσι τὴν αἴσθησιν οἱ ὀξεῖς· ὅταν δὲ τούτοις
<milestone unit="tlnum" n="10"/>
ἤδη μαραινομένοις καὶ ἀπολήγουσιν οἱ βραδεῖς
<milestone unit="stephpage" id="stephpage-1006b" n="1006b"/>
ἐπιβάλωσιν ἀρχόμενοι, τὸ κραθὲν αὐτῶν διʼ ὁμοιοπάθειαν
ἡδονὴν τῇ ἀκοῇ παρέσχεν, ἣν συμφωνίαν καλοῦσιν. ὅτι δὲ τούτων ὄργανον ὁ ἀήρ ἐστι,
ῥᾴδιον συνιδεῖν ἐκ τῶν προειρημένων. ἔστι γὰρ
<milestone unit="tlnum" n="15"/>
ἡ φωνὴ πληγὴ τοῦ αἰσθανομένου διʼ ὤτων ὑπʼ ἀέρος· πλήττει γὰρ πληγεὶς; ὁ ἀὴρ ὑπὸ τοῦ κινήσαντος,
ἂν μὲν σφοδρόν, ὀξέως, ἂν δʼ ἀμβλύ, μαλακώτερον· ὁ δὴ σφόδρα καὶ συντόνως πληγεὶς προσμίγνυσι τῇ ἀκοῇ πρότερος, εἶτα περιιὼν πάλιν
<milestone unit="tlnum" n="20"/> καὶ καταλαμβάνων τὸν βραδύτερον συνέπεται καὶ συμπαραπέμπει τὴν αἴσθησιν.
</p>
</div2>
</div1>
<div1 type="chapter" n="8">
<div2 type="section" n="1">
<milestone unit="stephpage" id="stephpage-1006c" n="1006c"/>
<p> “πῶς λέγει τὰς ψυχὰς ὁ Τίμαιος εἴς τε γῆν καὶ σελήνην καὶ τἄλλα ὅσα ὄργανα χρόνου· σπαρῆναι;” </p>
<p>
<milestone unit="tlnum" n="25"/>πότερον οὕτως ἐκίνει τὴν γῆν, ὥσπερ ἣλιον
καὶ σελήνην καὶ τοὺς πέντε πλάνητας, οὓς ὄργανα
<pb id="v.6.p.138"/> χρόνου διὰ τὰς τροπὰς προσηγόρευε, καὶ ἔδει τὴν γῆν “ἰλλομένην περὶ τὸν διὰ πάντων πόλον τεταμένον” μὴ μεμηχανῆσθαι συνεχομένην καὶ μένουσαν, ἀλλὰ στρεφομένην καὶ ἀνειλουμένην νοεῖν, ὡς
<milestone unit="tlnum" n="5"/>
ὕστερον Ἀρίσταρχος καὶ Σέλευκος ἀπεδείκνυσαν,
ὁ μὲν ὑποτιθέμενος μόνον ὁ δὲ Σέλευκος καὶ ἀποφαινόμενος; Θεόφραστος δὲ καὶ προσιστορεῖ τῷ Πλάτωνι πρεσβυτέρῳ γενομένῳ μεταμέλειν, ὡς οὐ προσήκουσαν ἀποδόντι τῇ γῇ τὴν μέσην χώραν τοῦ
<milestone unit="tlnum" n="10"/> παντός.
<milestone unit="stephpage" id="stephpage-1006d" n="1006d"/>
</p>
</div2>
<div2 type="section" n="2">
<p>ἢ τούτοις μὲν ἀντίκειται πολλὰ τῶν ὁμολογουμένως ἀρεσκόντων τἀνδρί· μεταγραπτέον δὲ
τὸ “χρόνου  <q direct="unspecified"/> χρόνῳ” λαμβάνοντα ἀντὶ τῆς γενικῆς τὴν δοτικήν, καὶ δεκτέον ὄργανα μὴ τοὺς ἀστέρας
<milestone unit="tlnum" n="15"/>
ἀλλὰ τὰ σώματα τῶν ζῴων λέγεσθαι; καθάπερ
Ἀριστοτέλης ὡρίσατο τὴν ψυχὴν “πρώτην ἐντελέχειαν σώματος φυσικοῦ ὀργανικοῦ δυνάμει ζωὴν ἔχοντος.” ὥστε τοιοῦτον εἶναι τὸν λόγον· αἱ ψυχαὶ εἰς τὰ προσήκοντα ὀργανικὰ σώματα ἐν χρόνῳ κατεσπάρησαν.
<milestone unit="tlnum" n="20"/> ἀλλὰ καὶ τοῦτο παρὰ τὴν δόξαν ἐστίν· οὐ γὰρ ἅπαξ ἀλλὰ πολλάκις ὄργανα χρόνου τοὺς ἀστέρας εἴρηκεν, ὅπου καὶ τὸν ἥλιον αὐτὸν “εἰς
<milestone unit="stephpage" id="stephpage-1006e" n="1006e"/> διορισμὸν καὶ φυλακὴν ἀριθμῶν χρόνου γεγονέναι” φησὶ μετὰ τῶν ἄλλων πλανήτων.
</p>
</div2>
<div2 type="section" n="3">
<milestone unit="tlnum" n="25"/>
<p>ἄριστον οὖν τὴν γῆν ὄργανον ἀκούειν χρόνου,
μὴ κινουμένην ὥσπερ τοὺς ἀστέρας, ἀλλὰ τῷ περὶ αὑτὴν μένουσαν ἀεὶ παρέχειν ἐκείνοις φερομένοις
<pb id="v.6.p.139"/> ἀνατολὰς καὶ δύσεις, αἷς τὰ πρῶτα μέτρα τῶν χρόνων, ἡμέραι καὶ νύκτες, ὁρίζονται· διὸ καί “φύλακα καὶ δημιουργὸν αὐτὴν ἀτρεκῆ νυκτὸς καὶ ἡμέρασ” <milestone unit="stephpage" id="stephpage-1006f" n="1006f"/>προσεῖπε· καὶ γὰρ οἱ τῶν ὡρολογίων γνώμονες οὐ
<milestone unit="tlnum" n="5"/> συμμεθιστάμενοι ταῖς σκιαῖς ἀλλʼ ἑστῶτες ὄργανα καὶ χρόνου μέτρα γεγόνασι, μιμούμενοι τῆς γῆς τὸ
ἐπιπροσθοῦν τῷ ἡλίῳ περὶ αὐτὴν ὑποφερομένῳ, καθάπερ εἶπεν Ἐμπεδοκλῆς 
<quote rend="blockquote">νύκτα δὲ γαῖα τίθησιν, ὑφισταμένη φαέεσσι.</quote>
<milestone unit="tlnum" n="10"/> τοῦτο μὲν οὖν τοιαύτην ἔχει τὴν ἐξήγησιν,
</p>
</div2>
<div2 type="section" n="4">
<p>ἐκεῖνο δὲ μᾶλλον ἄν τις ὑπίδοιτο, μὴ παρὰ
τὸ εἰκὸς ὁ ἥλιος καὶ ἀτόπως λέγηται μετὰ τῆς σελήνης καὶ τῶν πλανήτων εἰς διορισμὸν χρόνου γεγονέναι. καὶ γὰρ ἄλλως μέγα τοῦ ἡλίου τὸ ἀξίωμα
<milestone unit="tlnum" n="15"/> καὶ ὑπʼ αὐτοῦ Πλάτωνος ἐν Πολιτείᾳ βασιλεὺς
<milestone unit="stephpage" id="stephpage-1007a" n="1007a"/> ἀνηγόρευται παντὸς τοῦ αἰσθητοῦ καὶ κύριος, ὥσπερ τοῦ νοητοῦ τἀγαθόν· ἐκείνου γὰρ ἔκγονος λέγεται, παρέχων τοῖς ὁρατοῖς μετὰ τοῦ φαίνεσθαι τὸ γίγνεσθαι, καθάπερ ἀπʼ ἐκείνου τὸ εἶναι καὶ τὸ γιγνώσκεσθαι
<milestone unit="tlnum" n="20"/> τοῖς νοητοῖς ὑπάρχει. τὸν δὴ τοιαύτην φύσιν ἔχοντα καὶ δύναμιν τηλικαύτην θεὸν ὄργανον
χρόνου γεγονέναι καὶ μέτρον ἐναργὲς τῆς πρὸς
ἀλλήλας βραδυτῆτι καὶ τάχει τῶν ὀκτὼ σφαιρῶν διαφορᾶς οὐ πάνυ δοκεῖ πρεπῶδες οὐδʼ ἄλλως
<milestone unit="tlnum" n="25"/>
εὔλογον εἶναι. ῥητέον οὖν τοὺς ὑπὸ τούτων ταραττομένους
δἰ ἄγνοιαν οἴεσθαι τὸν χρόνον “μέτρον
<pb id="v.6.p.140"/> εἶναι κινήσεως καὶ ἀριθμὸν κατὰ τὸ πρότερον καὶ
<milestone unit="stephpage" id="stephpage-1007b" n="1007b"/> ὕστερον” ὡς Ἀριστοτέλης εἶπεν, ἤ “τὸ ἐν κινήσει
ποσόν” ὡς Σπεύσιππος, ἢ “διάστημα κινήσεωσ” ἄλλο
δʼ οὐδὲν ὡς ἔνιοι τῶν Στωικῶν ἀπὸ συμβεβηκότος
<milestone unit="tlnum" n="5"/> ὁριζόμενοι τὴν δʼ οὐσίαν αὐτοῦ καὶ τὴν δύναμιν
οὐ συνορῶντες, ἣν ὅ τε Πίνδαρος ἔοικεν οὐ φαύλως ὑπονοῶν εἰπεῖν 
<quote rend="blockquote">ἄνακτα
τὸν πάντων ὑπερβάλλοντα χρόνον μακάρων</quote> 
ὅ τε Πυθαγόρας, ἐρωτηθεὶς τί χρόνος ἐστί, τὴν
<milestone unit="tlnum" n="10"/>
τούτου ψυχὴν εἰπεῖν. οὐ γὰρ πάθος οὐδὲ συμβεβηκὸς
ἧς ἔτυχε κινήσεως ὁ χρόνος ἐστίν, αἰτία δὲ
καὶ δύναμις καὶ ἀρχὴ τῆς πάντα συνεχούσης τὰ γιγνόμενα συμμετρίας καὶ τάξεως, ἣν ἡ τοῦ ὅλου φύσις ἔμψυχος οὖσα κινεῖται· μᾶλλον δὲ κίνησις
<milestone unit="tlnum" n="15"/>
<milestone unit="stephpage" id="stephpage-1007c" n="1007c"/> οὖσα καὶ τάξις αὐτὴ καὶ συμμετρία χρόνος καλεῖται· 
<quote rend="blockquote">
<l>πάντα γὰρ διʼ ἀψόφου
</l>
<l> βαίνων κελεύθου κατὰ δίκην τὰ θνήτʼ ἄγει</l>
</quote> καὶ γὰρ ἡ ψυχῆς οὐσία κατὰ τοὺς παλαιοὺς “ἀριθμὸς
ἦν αὐτὸς ἑαυτόν κινῶν” διὸ δὴ καὶ Πλάτων ἔφη “<milestone unit="tlnum" n="20"/> χρόνον ἅμα μετʼ οὐρανοῦ γεγονέναι” κίνησιν δὲ
καὶ πρὸ τῆς τοῦ οὐρανοῦ γενέσεως. χρόνος δʼ οὐκ
ἦν· οὐδὲ γὰρ τάξις οὐδὲ μέτρον οὐδὲν οὐδὲ διορισμός, ἀλλὰ κίνησις ἀόριστος ὥσπερ ἄμορφος ὕλη
<pb id="v.6.p.141"/> χρόνου καὶ ἀσχημάτιστος· ἐπικλύσασα δʼ ἐν χρόᾳ καὶ καταβαλοῦσα τὴν μὲν ὕλην σχήμασι τὴν δὲ κίνησιν περιόδοις, τὴν μὲν κόσμον ἅμα τὴν δὲ χρόνον ἐποίησεν. εἰκόνες δʼ εἰσὶν ἄμφω τοῦ θεοῦ,
<milestone unit="tlnum" n="5"/>
τῆς μὲν οὐσίας ὁ κόσμος τῆς δʼ ἀιδιότητος ὁ χρόνος ἐν κινήσει, καθάπερ ἐν γενέσει θεὸς ὁ κόσμος. ὅθεν ὁμοῦ γεγονότας φησὶν ὁμοῦ καὶ
<milestone unit="stephpage" id="stephpage-1007d" n="1007d"/> λυθήσεσθαι πάλιν, ἄν τις αὐτοὺς καταλαμβάνῃ λύσις·
οὐ γὰρ οἷὸν τʼ εἶναι χωρὶς χρόνου τὸ γενητὸν
<milestone unit="tlnum" n="10"/>
ὥσπερ οὐδὲ τὸ νοητὸν αἰῶνος, εἰ μέλλει τὸ μὲν ἀεὶ μένειν τὸ δὲ μηδέποτε διαλύεσθαι γιγνόμενον.
οὕτως οὖν ἀναγκαίαν πρὸς τὸν οὐρανὸν ἔχων συμπλοκὴν καὶ συναρμογὴν ὁ χρόνος οὐχ ἁπλῶς
ἐστι κίνησις, ἀλλʼ ὥσπερ εἴρηται κίνησις ἐν τάξει
<milestone unit="tlnum" n="15"/>
μέτρον ἐχούσῃ καὶ πέρατα καὶ περιόδους· ὧν ὁ ἥλιος ἐπιστάτης ὢν καὶ σκοπὸς ὁρίζειν καὶ βραβεύειν καὶ ἀναδεικνύναι καὶ ἀναφαίνειν μεταβολὰς
<milestone unit="stephpage" id="stephpage-1007e" n="1007e"/> καὶ ὥρας, “αἳ πάντα φέρουσι” καθʼ Ἡράκλειτον,
οὐδὲ φαύλων οὐδὲ μικρῶν ἀλλὰ τῶν μεγίστων
<milestone unit="tlnum" n="20"/> καὶ κυριωτάτων τῷ ἡγεμόνι καὶ πρώτῳ θεῷ γίγνεται
συνεργός.
</p>
</div2>
</div1>
<div1 type="chapter" n="9">
<div2 type="section" n="1">
<p>περὶ τῶν τῆς ψυχῆς δυνάμεων ἐν Πολιτείᾳ Πλάτωνος τὴν τοῦ λογιστικοῦ καὶ θυμοειδοῦς καὶ
<pb id="v.6.p.142"/> ἐπιθυμητικοῦ συμφωνίαν ἁρμονίᾳ μέσης καὶ ὑπάτης
καὶ νήτης εἰκάσαντος; ἄριστα, διαπορήσειεν ἄν τις “πότερον κατὰ τῆς μέσης τὸ θυμοειδὲς ἢ τὸ λογιστικὸν
<milestone unit="stephpage" id="stephpage-1007f" n="1007f"/> ἔταξεν·” αὐτὸς γὰρ ἔν γε τούτοις οὐ δεδήλωκεν.
<milestone unit="tlnum" n="5"/>
ἡ μὲν οὖν κατὰ τόπον τῶν μερῶν τάξις εἰς τὴν τῆς μέσης χώραν τίθεται τὸ θυμοειδές, τὸ
δὲ λογιστικὸν εἰς τὴν τῆς ὑπάτης. τὸ γὰρ ἄνω
καὶ πρῶτον ὕπατον οἱ παλαιοὶ προσηγόρευον ᾗ καὶ
Ξενοκράτης Δία τὸν μὲν ἐν τοῖς κατὰ ταὐτὰ καὶ
<milestone unit="tlnum" n="10"/>
ὡσαύτως ἔχουσιν ὕπατον καλεῖ, νέατον δὲ τὸν ὑπὸ σελήνην πρότερος δʼ Ὅμηρος τὸν τῶν ἀρχόντων
<milestone unit="stephpage" id="stephpage-1008a" n="1008a"/> ἄρχοντα θεὸν “ὕπατον κρειόντων” προσεῖπε. καὶ δικαίως τῷ κρατίστῳ ἀποδέδωκε τὴν ἄνω χώραν ἡ φύσις, ὥσπερ κυβερνήτην ἐνιδρύσασα τῇ κεφαλῇ
<milestone unit="tlnum" n="15"/> τὸν λογισμόν, ἔσχατον δὲ καὶ νέατον ἀποικίσασα πόρρω τὸ ἐπιθυμητικόν. ἡ γὰρ κάτω νεάτη προσαγορεύεται τάξις, ὡς δηλοῦσιν αἱ τῶν νεκρῶν κλήσεις “νερτέρων” καὶ “ἐνέρων” προσαγορευομένων· ἔνιοι δὲ καὶ τῶν ἀνέμων φασὶ τὸν κάτωθεν ἐκ τοῦ
<milestone unit="tlnum" n="20"/> ἀφανοῦς πνέοντα νότον ὠνομάσθαι. ἣν οὖν τὸ ἔσχατον ἔχει πρὸς τὸ πρῶτον ἀντίθεσιν καὶ τὸ νέατον πρὸς τὸ ὕπατον, ταύτην τοῦ ἐπιθυμητικοῦ
πρὸς τὸ λογιστικὸν ἔχοντος, οὐκ ἔστιν ἀνωτάτω μὲν
εἶναι καὶ πρῶτον ὕπατον δὲ μὴ εἶναι τὸ λογιστικὸν
<milestone unit="tlnum" n="25"/>
<milestone unit="stephpage" id="stephpage-1008b" n="1008b"/> ἀλλʼ ἕτερον. οἱ γὰρ ὡς κυρίαν δύναμιν αὐτῷ τὴν τῆς μέσης ἀποδιδόντες ἀγνοοῦσιν ὅτι τὴν
<pb id="v.6.p.143"/> κυριωτέραν ἀφαιροῦνται τὴν τῆς ὑπάτης, μήτε τῷ θυμῷ μήτε τῇ ἐπιθυμίᾳ προσήκουσαν ἑκάτερον γὰρ ἄρχεσθαι καὶ ἀκολουθεῖν οὐδέτερον δʼ ἄρχειν ἢ ἡγεῖσθαι τοῦ λογιστικοῦ πέφυκεν. ἔτι δὲ μᾶλλον τῇ φύσει
<milestone unit="tlnum" n="5"/> φανεῖται τὸ θυμοειδὲς τῷ τόπῳ τὴν μέσην ἔχον ἐκείνων τάξιν· εἴ γε δὴ τῷ μὲν λογιστικῷ τὸ ἄρχειν,
τῷ δὲ θυμοειδεῖ τὸ ἄρχεσθαι καὶ τὸ ἄρχειν κατὰ φύσιν ἐστίν, ὑπηκόῳ μὲν ὄντι τοῦ λογισμοῦ κρατοῦντι
δὲ καὶ κολάζοντι τὴν ἐπιθυμίαν, ὅταν ἀπειθῇ
<milestone unit="tlnum" n="10"/>
<milestone unit="stephpage" id="stephpage-1008c" n="1008c"/>
τῷ λογισμῷ. καὶ καθάπερ ἐν γράμμασι τὰ ἡμίφωνα μέσα τῶν ἀφώνων ἐστὶ καὶ τῶν φωνηέντων τῷ πλέον ἐκείνων ἠχεῖν ἔλαττον δὲ τούτων, οὕτως ἐν
τῇ ψυχῇ τἀνθρώπου τὸ θυμοειδὲς οὐκ ἀκράτως
παθητικόν ἐστιν ἀλλὰ φαντασίαν καλοῦ πολλάκις
<milestone unit="tlnum" n="15"/> ἔχει μεμιγμένην ἀλόγῳ τῇ τῆς τιμωρίας ὀρέξει. καὶ Πλάτων αὐτὸς εἰκάσας συμφύτῳ ζεύγει καὶ ἡνιόχῳ τὸ τῆς ψυχῆς εἶδος, ἡνίοχον μέν, ὡς παντὶ δῆλον, ἀπέφηνε τὸ λογιστικόν· τῶν δʼ ἵππων τὸ μὲν περὶ τὰς ἐπιθυμίας ἀπειθὲς καὶ ἀνάγωγον
<milestone unit="tlnum" n="20"/> παντάπασι “περὶ ὦτα λάσιον, κωφόν, μάστιγι μετὰ κέντρων μόλις ὑπεῖκον,” τὸ δὲ θυμοειδὲς; εὐήνιον
<milestone unit="stephpage" id="stephpage-1008d" n="1008d"/>
τὰ πολλὰ τῷ λογισμῷ καὶ σύμμαχον. ὥσπερ οὖν συνωρίδος οὐχ ὁ ἡνίοχός ἐστιν ἀρετῇ καὶ δυνάμει
μέσος, ἀλλὰ τῶν ἵππων ὁ φαυλότερος μὲν τοῦ
<milestone unit="tlnum" n="25"/> ἡνιόχου βελτίων δὲ τοῦ ὁμοζύγου, οὕτω τῆς ψυχῆς
<pb id="v.6.p.144"/>
οὐ τῷ κρατοῦντι τὴν μέσην ἀπένειμε τάξιν, ἀλλʼ
ᾧ πάθους μὲν ἧττον ἢ τῷ τρίτῳ μᾶλλον δʼ ἢ τῷ
πρώτῳ, λόγου δὲ μᾶλλον ἢ τῷ τρίτῳ ἧττον δʼ ἢ
τῷ πρώτῳ μέτεστιν. αὕτη γὰρ ἡ τάξις καὶ τὴν
<milestone unit="tlnum" n="5"/> τῶν συμφωνιῶν ἀναλογίαν φυλάσσει, τοῦ μὲν θυμοειδοῦς πρὸς τὸ λογιστικὸν ὡς ὑπάτην τὸ διὰ τεσσάρων,
πρὸς δὲ τὸ ἐπιθυμητικὸν ὡς νήτην τὸ διὰ πέντε, τοῦ δὲ λογιστικοῦ
πρὸς τὸ ἐπιθυμητικὸν ὡς ὑπάτη πρὸς νήτην τὸ διὰ πασῶν. ἐὰν δὲ τὸν
<milestone unit="tlnum" n="10"/>
<milestone unit="stephpage" id="stephpage-1008e" n="1008e"/> λογισμὸν εἰς τὸ μέσον ἕλκωμεν, ἔσται πλέον ὁ θυμὸς ἀπέχων τῆς ἐπιθυμίᾳ, ὃν ἔνιοι τῶν φιλοσόφων ἐπιθυμίᾳ ταὐτὸν εἶναι διʼ ὁμοιότητα νομίζουσιν.
</p>
</div2>
<div2 type="section" n="2">
<p>ἢ τὸ μὲν τοῖς τόποις ἀπονέμειν τὰ πρῶτα
καὶ τὰ μέσα καὶ τὰ τελευταῖα γελοῖόν ἐστιν, αὐτὴν
<milestone unit="tlnum" n="15"/> τὴν ὑπάτην ὁρῶντας ἐν μὲν λύρᾳ τὸν ἀνωτάτω καὶ πρῶτον, ἐν δʼ αὐλοῖς τὸν κάτω καὶ τὸν τελευταῖον ἐπέχουσαν, ἔτι δὲ τὴν μέσην ἐν ᾧ τις ἂν χωρίῳ τῆς λύρας θέμενος ὡσαύτως ἁρμόσηται, φθεγγομένην
ὀξύτερον μὲν ὑπάτης βαρύτερον δὲ νήτης.
<milestone unit="tlnum" n="20"/>
<milestone unit="stephpage" id="stephpage-1008f" n="1008f"/> καὶ γὰρ ὀφθαλμὸς οὐκ ἐν παντὶ ζῴῳ τὴν αὐτὴν ἔχει τάξιν, ἐν παντὶ δὲ καὶ πανταχοῦ κείμενος κατὰ φύσιν ὁρᾶν ὁμοίως πέφυκεν. ὥσπερ οὖν ὁ παιδαγωγὸς
οὐ πρόσθεν ἀλλʼ ὄπισθεν βαδίζων ἄγειν λέγεται, καὶ ὁ τῶν Τρώων στρατηγὸς
<milestone unit="tlnum" n="25"/>
<quote rend="blockquote">
<l> ὁτὲ μέν τε μετὰ πρώτοισι φάνεσκεν,
</l>
<l> ἄλλοτε δʼ ἐν πυμάτοισι κελεύων
</l>
</quote>
<pb id="v.6.p.145"/>ἑκατέρωθι δʼ ἦν πρῶτος καὶ τὴν πρώτην δύναμιν
εἶχεν· οὕτω τὰ τῆς ψυχῆς μόρια δεῖ μὴ τοῖς τόποις καταβιάζεσθαι μηδὲ τοῖς ὀνόμασιν, ἀλλὰ τὴν δύναμιν
<milestone unit="stephpage" id="stephpage-1009a" n="1009a"/> καὶ τὴν ἀναλογίαν ἐξετάζειν. τὸ γὰρ τῇ θέσει
<milestone unit="tlnum" n="5"/> πρῶτον ἱδρῦσθαι τὸ λογιστικὸν ἐν τῷ σώματι τἀνθρώπου κατὰ συμβεβηκός ἐστι· τὴν δὲ πρώτην ἔχει καὶ κυριωτάτην δύναμιν ὡς μέση πρὸς ὑπάτην μὲν τὸ ἐπιθυμητικόν, νήτην δὲ τὸ θυμοειδές, τῷ χαλᾶν καὶ ἐπιτείνειν καὶ ὅλως συνῳδὰ καὶ σύμφωνα
<milestone unit="tlnum" n="10"/> ποιεῖν ἑκατέρου τὴν ὑπερβολὴν ἀφαιρῶν καὶ πάλιν
οὐκ ἐῶν ἀνίεσθαι παντάπασιν οὐδὲ καταδαρθάνειν·
τὸ γὰρ μέτριον καὶ σύμμετρον ὁρίζεται μεσότητι. μᾶλλον δὲ τοῦτο τέλος ἐστὶ τῆς τοῦ λόγου δυνάμεως, μεσότητας ἐν  τοῖς πάθεσι ποιεῖν, ἃς ἱερὰς
<milestone unit="tlnum" n="15"/>
<milestone unit="stephpage" id="stephpage-1009b" n="1009b"/>
καλοῦσιν οὐσίας, ἐχούσας τὴν τῶν ἄκρων πρὸς τὸν λόγον καὶ πρὸς ἄλληλα διὰ τοῦ λόγου σύγκρασιν.
οὐ γὰρ ἡ συνωρὶς μέσον ἔχει τῶν ὑποζυγίων τὸ κρεῖττον· οὐδὲ τὴν ἡνιοχείαν ἀκρότητα θετέον ἀλλὰ μεσότητα τῆς ἐν ὀξύτητι καὶ βραδύτητι τῶν ἵππων
<milestone unit="tlnum" n="20"/>
ἀμετρίας, ὥσπερ ἡ τοῦ λόγου δύναμις ἀντιλαμβανομένη κινουμένων ἀλόγως τῶν παθῶν καὶ συναρμόττουσα περὶ αὑτὴν εἰς τὸ μέτριον ἐλλείψεως καὶ ὑπερβολῆς μεσότητα καθίστησι.
</p>
</div2>
</div1>
<div1 type="chapter" n="10">
<div2 type="section" n="1">
<milestone unit="tlnum" n="25"/>
<p> “διὰ τί Πλάτων εἶπε τὸν λόγον ἐξ ὀνομάτων
καὶ ῥημάτων κεράννυσθαι;” δοκεῖ γὰρ πάντα πλὴν
<pb id="v.6.p.146"/> δυεῖν τούτων τὰ μέρη τοῦ λόγου μηθέν, Ὅμηρον
δὲ καὶ νεανιευσάμενον εἰς ἕνα στίχον ἐμβαλεῖν
ἅπαντα τοῦτον
<milestone unit="stephpage" id="stephpage-1009c" n="1009c"/>
<quote rend="blockquote"> αὐτὸς ἰὼν κλισίηνδε, τὸ σὸν γέρας· ὄφρʼ εὖ εἰδῇς.</quote>
<milestone unit="tlnum" n="5"/>
καὶ γὰρ ἀντωνυμία καὶ μετοχὴ καὶ ὄνομα καὶ ῥῆμα
καὶ πρόθεσις καὶ ἄρθρον καὶ σύνδεσμος καὶ ἐπίρρημα ἔνεστι· τὸ γάρ “δε” μόριον νῦν ἀντὶ τῆς “εἰσ” προθέσεως τέτακται· τὸ γάρ “κλισίηνδε” τοιοῦτόν ἐστιν οἷον τὸ “Ἀθήναζε.” τί δὴ ῥητέον ὑπὲρ τοῦ
<milestone unit="tlnum" n="10"/>Πλάτωνος;
</p>
<p>ἦ ὅτι πρῶτον λόγον οἱ παλαιοὶ τὴν τότε καλουμένην πρότασιν νῦν δʼ ἀξίωμα προσηγόρευον, ὃ πρῶτον λέγοντες ἀληθεύουσιν ἢ ψεύδονται; τοῦτο
δʼ ἐξ ὀνόματος καὶ ῥήματος συνέστηκεν, ὧν τὸ μὲν
<milestone unit="tlnum" n="15"/> πτῶσιν οἱ διαλεκτικοὶ τὸ δὲ κατηγόρημα καλοῦσιν. ἀκούσαντες γὰρ ὅτι “Σωκράτης φιλοσοφεῖ” καὶ πάλιν
<milestone unit="stephpage" id="stephpage-1009d" n="1009d"/> ὅτι “Σωκράτης τρέπεται,” τὸν μὲν ἀληθῆ λόγον εἶναι τὸν δὲ ψευδῆ φήσομεν, οὐδενὸς ἄλλου προσδεηθέντες. καὶ γὰρ εἰκὸς ἀνθρώπους ἐν χρείᾳ λόγου
<milestone unit="tlnum" n="20"/>
τὸ πρῶτον καὶ φωνῆς ἐνάρθρου γενέσθαι, τάς τε πράξεις καὶ τοὺς πράττοντας αὐτὰς καὶ τὰ πάθη
καὶ τοὺς πάσχοντας ἀλλήλοις διασαφεῖν καὶ ἀποσημαίνειν βουλομένους. ἐπεὶ τοίνυν τῷ μὲν ῥήματι
τὰ πράγματα καὶ τὰ πάθη; τῷ δʼ ὀνόματι τοὺς πράττοντας
<milestone unit="tlnum" n="25"/>
αὐτὰ καὶ πάσχοντας ἀποχρώντως δηλοῦμεν,
<pb id="v.6.p.147"/>
ὡς αὐτὸς εἴρηκε, ταῦτα σημαίνειν ἔδοξε τὰ δʼ ἄλλα
<milestone unit="stephpage" id="stephpage-1009e" n="1009e"/> φαίη τις ἂν οὐ σημαίνειν, οἷον οἱ στεναγμοὶ καὶ ὀλολυγμοὶ τῶν ὑποκριτῶν καὶ νὴ Δία πολλάκις ἐπιμειδίασις καὶ ἀποσιώπησις ἐμφαντικώτερον ποιεῖ
<milestone unit="tlnum" n="5"/> τὸν λόγον, οὐ μὴν ἀναγκαίαν ἔχει πρὸς τὸ σημαίνειν
ὡς τὸ ῥῆμα καὶ τοὔνομα δύναμιν ἀλλʼ ἐπίθετόν τινα ποικίλλουσαν τὸν λόγον ὥσπερ τὰ στοιχεῖα ποικίλλουσιν οἱ τὰ πνεύματα καὶ τὰς δασύτητας αὐτῶν ἐκτάσεις τε καὶ συστολὰς ἐνίων αὐτὰ
<milestone unit="tlnum" n="10"/> καθʼ αὑπὰ στοιχεῖα τιθέμενοι, πάθη μᾶλλον ὄντα καὶ συμβεβηκότα καὶ διαφορὰς στοιχείων, ὡς ἐδήλωσαν
<milestone unit="stephpage" id="stephpage-1009f" n="1009f"/>
οἱ παλαιοὶ διὰ τῶν ἑκκαίδεκα φράζοντες ἀποχρώντως καὶ γράφοντες
</p>
</div2>
<div2 type="section" n="2">
<p>ἔπειτα σκόπει μὴ παρακούωμεν τοῦ Πλάτωνος,
<milestone unit="tlnum" n="15"/>
ἐκ τούτων κεράννυσθαι τὸν λόγον οὐ διὰ
τούτων εἰρηκότος· εἶθʼ ὥσπερ ὁ τὸν λέγοντα τὸ
φάρμακον ἐκ κηροῦ μεμῖχθαι καὶ χαλβάνης; συκοφαντῶν, ἐπεὶ τὸ πῦρ παρέλιπε καὶ τὸ ἀγγεῖον ὧν
χωρὶς; οὐκ ἐνῆν μεμῖχθαι, καὶ ἡμεῖς ὁμοίως ἐγκαλῶμεν
<milestone unit="tlnum" n="20"/> ὅτι συνδέσμους καὶ προθέσεις καὶ τὰ τοιαῦτα παρῆκεν οὐ γὰρ ἐκ τούτων ὁ λόγος ἀλλʼ,
εἴπερ ἄρα, διὰ τούτων καὶ οὐκ ἄνευ τούτων κεράννυσθαι
<milestone unit="stephpage" id="stephpage-1010a" n="1010a"/> πέφυκεν. οὐ γάρ, ὥσπερ ὁ τὸ “τύπτει” φθεγξάμενος ἢ τὸ “τύπτεται” καὶ πάλιν τὸ “Σωκράτησ” <milestone unit="tlnum" n="25"/>
ἢ τὸ “Πυθαγόρασ” ἁμωσγέπως νοῆσαί τι καὶ διανοηθῆναι παρέσχηκεν, οὕτω, τοῦ “μέν” ἢ “γάρ” ἢ
<pb id="v.6.p.148"/> “περί” καθʼ αὑτὸ ἐκφωνηθέντος, ἔστιν ἔννοιάν τινα λαβεῖν ἢ πράγματος ἢ σώματος· ἀλλʼ ἐὰν μὴ περὶ ἐκεῖνα καὶ μετʼ ἐκείνων ἐκφέρηται, ψόφοις κενοῖς καὶ ἤχοις ἔοικεν· ὅτι ταῦτα μὲν οὔτε καθʼ αὑτὰ
<milestone unit="tlnum" n="5"/> σημαίνειν οὔτε μετʼ ἀλλήλων οὐδὲν πέφυκεν, ἀλλʼ ὅπως ἂν συμπλέκωμεν ἢ μιγνύωμεν εἰς ταὐτὸ συνδέσμους
<milestone unit="stephpage" id="stephpage-1010b" n="1010b"/> καὶ ἄρθρα καὶ προθέσεις, ἕν τι πειρώμενοι κοινὸν ἐξ αὐτῶν ποιεῖν, τερετίζειν μᾶλλον ἢ διαλέγεσθαι δόξομεν· ῥήματος δʼ ὀνόματι συμπλεκομένου,
<milestone unit="tlnum" n="10"/>
τὸ γενόμενον εὐθὺς διάλεκτός ἐστι καὶ λόγος. ὅθεν
εἰκότως ἔνιοι μόνα ταῦτα μέρη τοῦ λόγου τίθενται· καὶ Ὅμηρος ἴσως τοῦτο βούλεται δηλοῦν ἑκάστοτε λέγων 
<quote rend="blockquote">ἔπος  τʼ ἔφατʼ ἔκ τʼ ὀνόμαζεν</quote>
<milestone unit="tlnum" n="15"/>
ἔπος
γὰρ τὸ ῥῆμα καλεῖν εἴωθεν, ὥσπερ ἐν τούτοις 
<quote rend="blockquote">ὦ
γύναι, ἦ μάλα τοῦτο ἔπος θυμαλγὲς ἔειπες</quote> καὶ 
<quote rend="blockquote">
<l>χαῖρε
πάτερ ὦ ξεῖνε, ἔπος δʼ εἴπερ τι λέλεκται
</l>
<l> δεινόν, ἄφαρ τὸ φέροιεν ἀναρπάξασαι ἄελλαι.</l>
</quote>
<milestone unit="tlnum" n="20"/>
οὔτε γὰρ σύνδεσμον οὔτʼ ἄρθρον οὔτε πρόθεσιν
<milestone unit="stephpage" id="stephpage-1010c" n="1010c"/> δεινὸν ἔστι καὶ θυμαλγὲς εἰπεῖν, ἀλλὰ ῥῆμα πράξεως ἐμφαντικὸν αἰσχρᾶς ἢ πάθους τινὸς ἀνεπιτηδείου. διὸ καὶ ποιητὰς καὶ συγγραφεῖς εἰώθαμεν ἐπαινεῖν
ἢ ψέγειν οὕτω πως λέγοντες “Ἀττικοῖς ὀνόμασιν
<milestone unit="tlnum" n="25"/>
ὁ δεῖνα κέχρηται” “καλοῖς ῥήμασινʼ” ἢ πάλιν “πεζοῖσ” <pb id="v.6.p.149"/>
τὸ δέ γε “πεζοῖσ” ἢ “καλοῖσ” πάλιν “καὶ Ἀττικοῖς ἄρθροισ” οὐκ ἂν εἴποι τις Εὐριπίδην ἢ Θουκυδίδην διειλέχθαι.
</p>
</div2>
<div2 type="section" n="3">
<p>τί  οὖν; φήσαι τις ἄν, οὐδὲν ταῦτα συμβάλλεται
<milestone unit="tlnum" n="5"/> πρὸς λόγον; ἔγωγε φήσαιμʼ ἂν ὥσπερ ἅλας συμβάλλεσθαι πρὸς ὄψον ὕδωρ δὲ πρὸς μᾶζαν. Εὔηνος δὲ καὶ τὸ πῦρ ἔφασκεν ἡδυσμάτων εἶναι κράτιστον· ἀλλʼ οὔθʼ ὕδωρ μάζης ἢ ἄρτου μέρος
εἶναι λέγομεν οὔτε πῦρ οὔθʼ ἅλας ἑψήματος ἢ βρώματος,
<milestone unit="tlnum" n="10"/>
ὧν ἀεὶ τυγχάνομεν δεόμενοι· οὐχ ὥσπερ ὁ
<milestone unit="stephpage" id="stephpage-1010d" n="1010d"/> λόγος πολλάκις ἐκείνων ἀπροσδεής ἐστιν· ὡς δοκεῖ μοι ὁ Ῥωμαίων, ᾧ νῦν ὁμοῦ τι πάντες ἄνθρωποι
χρῶνται· προθέσεις τε γὰρ ἀφῄρηκε πλὴν ὀλίγων
ἁπάσας, τῶν τε καλουμένων ἄρθρων οὐδὲν προσδέχεται
<milestone unit="tlnum" n="15"/>
τὸ παράπαν, ἀλλʼ ὥσπερ ἀκρασπέδοις χρῆται τοῖς ὀνόμασι. καὶ οὐ θαυμαστόν ἐστιν, ὅπου καὶ
Ὅμηρος “ἐπέων κόσμῳ” περιγενόμενος ὀλίγοις τῶν
ὀνομάτων ἄρθρα ὥσπερ λαβὰς ἐκπώμασι δεομένοις
ἢ λόφους κράνεσιν ἐπιτίθησι· διὸ καὶ παράσημα
<milestone unit="tlnum" n="20"/> τῶν ἐπῶν, ἐν οἷς ταῦτα ποιεῖ, γέγονεν, ὡς τὸ 
<quote rend="blockquote">
<l>Αἴαντι  δὲ μάλιστα δαΐφρονι θυμὸν ὄρινε
</l>
<l>τῷ Τελαμωνιάδῃ</l>
</quote>
<pb id="v.6.p.150"/> καὶ τὸ
<milestone unit="stephpage" id="stephpage-1010e" n="1010e"/>
<quote rend="blockquote">ποίεον,
ὄφρα τὸ κῆτος ὑπεκπροφυγὼν ἀλέοιτο</quote> καὶ βραχέα πρὸς τούτοις ἕτερα. τοῖς δʼ ἄλλοις μυρίοις οὖσιν ἄρθρου μὴ προσόντος, οὐδὲν εἰς
<milestone unit="tlnum" n="5"/> σαφήνειαν οὐδὲ κάλλος ἡ φράσις βλάπτεται.
</p>
</div2>
<div2 type="section" n="4">
<p>καὶ μὴν οὔτε ζῷον οὔτʼ ὄργανον οὔθʼ ὅπλον οὔτʼ ἄλλο τῶν ὄντων οὐδὲν οἰκείου μέρους ἀφαιρέσει καὶ στερήσει πέφυκε γίγνεσθαι κάλλιον οὐδʼ
ἐνεργέστερον οὐδʼ ἣδιον· λόγος δέ, συνδέσμων
<milestone unit="tlnum" n="10"/>
ἐξαιρεθέντων, πολλάκις ἐμπαθεστέραν καὶ κινητικωτέραν ἔχει δύναμιν ὡς ὁ τοιοῦτος <quote rend="blockquote">
<l>ἄλλον
ζωὸν ἔχουσα νεούτατον, ἄλλον ἄουτον,
<milestone unit="stephpage" id="stephpage-1010f" n="1010f"/>
</l>
<l>ἄλλον τεθνειῶτα κατὰ μόθον ἕλκε ποδοῖιν·</l>
</quote>  καὶ τὰ τοῦ Δημοσθένους ταυτὶ “πολλὰ γὰρ ἂν ποιήσειεν
<milestone unit="tlnum" n="15"/>
ὁ τύπτων, ὧν ὁ παθὼν ἔνιʼ οὐδʼ ἂν ἀπαγγεῖλαι
δύναιθʼ ἑτέρῳ· τῷ σχήματι τῷ βλέμματι τῇ φωνῇ· ὅταν ὑβρίζων, ὅταν ἐχθρὸς ὑπάρχων, ὅταν κονδύλοις, ὅταν ἐπὶ κόρρης· ταῦτα κινεῖ, ταῦτʼ ἐξίστησιν αὑτῶν ἀνθρώπους ἀήθεις τοῦ προπηλακίζεσθαι” <milestone unit="tlnum" n="20"/>καὶ πάλιν “ἀλλʼ οὐ Μειδίας· ἀλλʼ ἀπὸ
<milestone unit="stephpage" id="stephpage-1011a" n="1011a"/> ταύτης τῆς ἡμέρας λέγει, λοιδορεῖται, βοᾷ· χειροτονεῖται τίς; Μειδίας· Ἀναγυράσιος προβέβληται· Πλουτάρχου προξενεῖ, τἀπόρρητʼ οἶδεν, ἡ πόλις
<pb id="v.6.p.151"/> αὐτὸν οὐ χωρεῖ.” διὸ καὶ σφόδρα τὸ ἀσύνδετον σχῆμα παρὰ τοῖς τέχνας γράφουσιν εὐδοκιμεῖ τοὺς
δʼ ἄγαν νομίμους ἐκείνους καὶ μηδένα σύνδεσμον
ἐκ τῆς συνηθείας ἀφιέντας ὡς ἀργὴν καὶ ἀπαθῆ
<milestone unit="tlnum" n="5"/> καὶ κοπώδη τῷ ἀμεταβλήτῳ τὴν φράσιν ποιοῦντας αἰτιῶνται. τὸ δὲ τοὺς διαλεκτικοὺς μάλιστα συνδέσμων δεῖσθαι πρὸς τὰς τῶν ἀξιωμάτων συναφὰς
καὶ συμπλοκὰς καὶ διαζεύξεις, ὥσπερ ἡνιόχους ζυγῶν, καὶ τὸν ἐν Κύκλωπος Ὀδυσσέα λύγων πρὸς
<milestone unit="tlnum" n="10"/>
<milestone unit="stephpage" id="stephpage-1011b" n="1011b"/> τῶν προβάτων <gap/> οὐ μέρος λόγου τὸν σύνδεσμον ἀλλʼ
ὄργανόν τι συνδετικὸν ἀποφαίνει, καθάπερ ὠνόμασται, καὶ συνεκτικὸν οὐ πάντων ἀλλὰ τῶν οὐχ ἁπλῶς λεγομένων·
εἰ μὴ καὶ τοῦ φορτίου τὸν ἱμάντα καὶ τοῦ βιβλίου τὴν κόλλαν ἀξιοῦσι μέρος εἶναι, καὶ τὰς
<milestone unit="tlnum" n="15"/>
διανομὰς τοῦ πολιτεύματος, ὡς ἔλεγε Δημάδης, κόλλαν ὀνομάζων τὰ θεωρικὰ τῆς δημοκρατίας ποῖος δὲ σύνδεσμος οὕτως ἓν ἐκ πολλῶν ἀξίωμα ποιεῖ συμπλέκων καὶ συνάπτων, ὡς ἡ μάρμαρος τὸν συλλιπαινόμενον διὰ τοῦ πυρὸς σίδηρον; ἀλλʼ
<milestone unit="tlnum" n="20"/>
οὐκ ἔστιν οὐδὲ λέγεται τοῦ σιδήρου μέρος· καίτοι
ταῦτά γε τοῖς κεραννυμένοις ἐνδυόμενα καὶ συντηκόμενα
<milestone unit="stephpage" id="stephpage-1011c" n="1011c"/> ποιεῖ τι καὶ πάσχει κοινὸν ἐκ πλειόνων. τοὺς δὲ συνδέσμους εἰσὶν οἱ μὴ νομίζοντες ἕν τι
<pb id="v.6.p.152"/> ποιεῖν, ἀλλʼ ἐξαρίθμησιν εἶναι τὴν διάλεκτον, ὥσπερ ἀρχόντων ἐφεξῆς ἢ ἡμερῶν καταλεγομένων.
</p>
</div2>
<div2 type="section" n="5">
<p>καὶ μὴν τῶν γε λοιπῶν ἡ μὲν ἀντωνυμία περιφανῶς γένος ὀνόματός ἐστιν, οὐχ πτώσεων
<milestone unit="tlnum" n="5"/> μετέχει μόνον, ἀλλὰ καὶ τῷ κυριωτάτην ἅμα τῇ φάσει 
ποιεῖν δεῖξιν ἐνίας ἐπὶ τῶν ὡρισμένων ἐκφερομένας· 
καὶ οὐκ οἶδʼ ὅτι μᾶλλον ὁ “Σωκράτην” φθεγξάμενος
ἢ ὁ “τοῦτον” εἰπὼν  ὀνομαστὶ πρόσωπον δεδήλωκεν.
</p>
</div2>
<div2 type="section" n="6">
<p>ἡ δὲ καλουμένη μετοχή, μῖγμα ῥήματος οὖσα
<milestone unit="tlnum" n="10"/> καὶ ὀνόματος, καθʼ ἑαυτὴν μὲν οὐκ ἔστιν, ὥσπερ
οὐδὲ τὰ κοινὰ θηλυκῶν καὶ ἀρρενικῶν ὀνόματα,
<milestone unit="stephpage" id="stephpage-1011d" n="1011d"/> συντάττεται δʼ ἐκείνοις, ἐφαπτομένη τοῖς μὲν χρόνοις τῶν ῥημάτων ταῖς δὲ πτώσεσι τῶν ὀνομάτων. οἱ
δὲ διαλεκτικοὶ τὰ τοιαῦτα καλοῦσιν ἀνακλάστους,
<milestone unit="tlnum" n="15"/>
οἷον ὁ “φρονῶν” ἀπὸ τοῦ “φρονίμου” καὶ ὁ “σωφρονῶν” ἀπὸ τοῦ “σώφρονοσ” ἐστιν, ὡς ὀνομάτων καὶ προσηγοριῶν δύναμιν ἔχοντα.
</p>
</div2>
<div2 type="section" n="7">
<p>τάς γε μὴν προθέσεις ἔστιν ἐπικράνοις καὶ βάσεσι καὶ ὑποθέμασιν, ὡς οὐ λόγους ἀλλὰ περὶ
<milestone unit="tlnum" n="20"/>
τοὺς λόγους μᾶλλον οὔσας, ὁμοιοῦν. ὅρα δὲ μὴ κόμμασι καὶ θραύσμασιν ὀνομάτων ἐοίκασιν, ὥσπερ γραμμάτων σπαράγμασι καὶ κεραίαις οἱ σπεύδοντες
<milestone unit="stephpage" id="stephpage-1011e" n="1011e"/> γράφουσι· τὸ γάρ “ἐμβῆναι” καὶ “ἐκβῆναι” συγκοπὴ
προφανής ἐστι τοῦ “ἐντὸς βῆναι” καὶ τοῦ “ἐκτὸς
<milestone unit="tlnum" n="25"/> βῆναι” , καὶ τὸ “προγενέσθαι” τοῦ “πρότερον γενέσθαι” , καὶ τὸ “καθίζειν” τοῦ “κάτω ἵζειν” · ὥσπερ ἀμέλει τὸ “λίθους βάλλειν” καὶ “τοίχους ὀρύσσειν” <pb id="v.6.p.153"/> “λιθοβολεῖν” καὶ “τοιχωρυχεῖν” ἐπιταχύνοντες καὶ
σφίγγοντες τὴν φράσιν λέγουσι.
</p>
</div2>
<div2 type="section" n="8">
<p>διὸ χρείαν μέν τινα τῷ λόγῳ παρέχεται τούτων ἕκαστον, μέρος δὲ λόγου καὶ στοιχεῖον οὐδέν
<milestone unit="tlnum" n="5"/> ἐστι, πλὴν ὥσπερ εἴρηται τὸ ῥῆμα καὶ τοὔνομα, ποιοῦντα τὴν πρώτην τὸ τʼ ἀληθὲς καὶ τὸ ψεῦδος
<milestone unit="stephpage" id="stephpage-1011f" n="1011f"/> δεχομένην σύνθεσιν, ἣν οἱ μὲν πρότασιν οἱ δʼ ἀξίωμα, Πλάτων δὲ λόγον
προσηγόρευκεν.</p>
</div2>
</div1>
</body>
</text>
</TEI.2>
