<?xml version="1.0" encoding="UTF-8"?><TEI.2>
<teiHeader>
<fileDesc>
<titleStmt>
<title>Instituta Laconica</title>
<title type="sub">Machine readable text</title>
<author n="Plut.">Plutarch</author>
<editor role="editor" n="Teubner">Gregorius N.
            Bernardakis</editor>
<sponsor>Perseus Project, Tufts University</sponsor>
<principal>Gregory Crane</principal>
<respStmt>
<resp>Prepared under the supervision of</resp>
<name>Lisa Cerrato</name>
<name>William Merrill</name>
<name>Elli Mylonas</name>
<name>David Smith</name>
</respStmt>
<funder n="org:NEH">The National Endowment for the Humanities</funder>
</titleStmt>
<extent/>
<publicationStmt>
<publisher>Trustees of Tufts University</publisher>
<pubPlace>Medford, MA</pubPlace>
<authority>Perseus Project</authority>
</publicationStmt>
<sourceDesc>
<biblStruct>
<analytic/>
<monogr>
<author>Plutarch</author>
<title>Moralia</title>
<editor role="editor">Gregorius N. Bernardakis</editor>
<imprint>
<pubPlace>Leipzig</pubPlace>
<publisher>Teubner</publisher>
<date>1889</date>
</imprint>
<biblScope type="volume">2</biblScope>
</monogr>
</biblStruct>
</sourceDesc>
</fileDesc>
<encodingDesc>
<editorialDecl>
<correction method="silent">
<p>optical character recognition</p>
</correction>
</editorialDecl>
<refsDecl doctype="TEI.2">
<state unit="section"/>
</refsDecl>
<refsDecl doctype="TEI.2">
<state unit="stephpage" n="chunk"/>
</refsDecl>
</encodingDesc>
<profileDesc>
<langUsage>
<language id="greek">Greek</language>
<language id="eng">English</language>
</langUsage>
</profileDesc>
<revisionDesc>
<change>
<date>5/10</date>
<respStmt>
<name>RS</name>
<resp/>
</respStmt>
<item>tagged and parsed</item>
</change>
</revisionDesc>
</teiHeader>
<text>
<body>
<pb id="v.2.p.181"/>
<div1 type="section" n="1">
<milestone unit="stephpage" id="stephpage-236f" n="236f"/>
<p>τῶν εἰσιόντων εἰς τὰ συσσίτια ἑκάστῳ δεικνύων ὁ πρεσβύτατος τὰς θύρας, “διὰ τούτων” φησὶν “οὐδεὶς ἐξέρχεται λόγος.” </p>
</div1>
<div1 type="section" n="2">
<p>δοκιμαζομένου μάλιστα παρʼ αὐτοῖς τοῦ μέλανος
<milestone unit="tlnum" n="5"/>
               λεγομένου ζωμοῦ, ὥστε μὴ κρεαδίου δεῖσθαι τοὺς πρεσβυτέρους, παραχωρεῖν δὲ
               τοὺς νεανίσκους, <note resp="ed" place="unspecified" anchored="yes">
<foreign lang="greek">τοὺς νεανίσκους</foreign>] <foreign lang="greek">τοῖς νεανίσκοις</foreign> Turnebus</note> λέγεται Διονύσιος ὁ τῆς Σικελίας; τύραννος τούτου χάριν
               Λακωνικὸν μάγειρον πρίασθαι καὶ προστάξαι σκευάσαι αὐτῷ μηδενὸς
               φειδόμενον ἀναλώματος·
<milestone unit="tlnum" n="10"/> ἔπειτα γευσάμενον καὶ
               δυσχεράναντα ἀποπτύσαι· καὶ
<milestone unit="stephpage" id="stephpage-237a" n="237a"/> τὸν μάγειρον εἰπεῖν “ὦ βασιλεῦ, τοῦτον δεῖ τὸν ζωμὸν
                     γυμνασάμενον Λακωνικῶς, τῷ Εὐρώτᾳ δὲ <note resp="ed" place="unspecified" anchored="yes">
<foreign lang="greek">δὲ</foreign> *</note> λελουμένον ἐποψᾶσθαι.” </p>
</div1>
<div1 type="section" n="3">
<p>πιόντες; οἱ Λάκωνες· ἐν τοῖς συσσιτίοις μετρίως
<milestone unit="tlnum" n="15"/> ἀπίασι δίχα λαμπάδος· οὐ γὰρ ἔξεστι πρὸς φῶς βαδίζειν οὔτε
               ταύτην οὔτε ἄλλην ὁδόν, ὅπως ἐθίζωνται σκότους καὶ νυκτὸς εὐθαρσῶς
               καὶ ἀδεῶς ὁδεύειν. </p>
</div1>
<div1 type="section" n="4">
<p>γράμματα ἕνεκα τῆς χρείας ἐμάνθανον τῶν δὲ ἄλλων παιδευμάτων ξενηλασίαν
               ἐποιοῦντο, οὐ <pb id="v.2.p.182"/> μᾶλλον ἀνθρώπων ἢ λόγων. ἡ δὲ παιδεία
               ἦν αὐτοῖς πρὸς τὸ ἄρχεσθαι καλῶς καὶ καρτερεῖν πονοῦντα καὶ μαχόμενον
               νικᾶν ἢ ἀποθνήσκειν.
<milestone unit="stephpage" id="stephpage-237b" n="237b"/>
</p>
</div1>
<div1 type="section" n="5">
<p>διετέλουν δὲ καὶ ἄνευ χιτῶνος, ἓν ἱμάτιον
<milestone unit="tlnum" n="5"/>
               εἰς τὸν ἐνιαυτὸν λαμβάνοντες, αὐχμηροὶ τὰ σώματα καὶ λουτρῶν καὶ
               ἀλειμμάτων κατὰ τὸ πλεῖστον ἀπεχόμενοι. </p>
</div1>
<div1 type="section" n="6">
<p>ἐκάθευδον δὲ οἱ νέοι ὁμοῦ κατʼ ἴλην καὶ κατʼ ἀγέλην ἐπὶ στιβάδων, ἃς
               αὐτοὶ <note resp="ed" place="unspecified" anchored="yes">
<foreign lang="greek">αὐτοὶ</foreign>] <foreign lang="greek">αὑτοῖς</foreign> Vit. Lyc. c. 16</note> συνεφόρουν,
<milestone unit="tlnum" n="10"/> τοῦ παρὰ τῷ Εὐρώτᾳ
               πεφυκότος καλάμου τὰ ἄκρα ταῖς χερσὶν ἄνευ σιδήρου κατακλάσαντες· ἐν δὲ
               τῷ χειμῶνι τοὺς λεγομένους λυκοφάνους <note resp="ed" place="unspecified" anchored="yes">
<foreign lang="greek">λυκοφάνους</foreign> *: <foreign lang="greek">λυκοφάνας</foreign>
</note> ὑπεβάλλοντο καὶ κατεμίγνυσαν ταῖς
               στιβάσι, θερμαντικὸν ἔχειν τι τῆς ὕλης δοκούσης.
<milestone unit="tlnum" n="15"/>
</p>
</div1>
<div1 type="section" n="7">
<p>ἐρᾶν τῶν τὴν ψυχὴν σπουδαίων παίδων
<milestone unit="stephpage" id="stephpage-237c" n="237c"/> ἐφεῖτο· τὸ δὲ πλησιάζειν αἰσχρὸν νενόμιστο,
               ὡς τοῦ σώματος ἐρῶντας ἀλλʼ οὐ τῆς ψυχῆς· ὁ δὲ ἐγκληθεὶς ὡς ἐπʼ
               αἰσχύνῃ πλησιάζων ἄτιμος διὰ βίου ἦν. </p>
</div1>
<div1 type="section" n="8">
<p>ἔθος ἦν καὶ τοὺς νεωτέρους ὑπὸ τῶν πρεσβυτέρων
<milestone unit="tlnum" n="20"/> ἐρωτᾶσθαι, ποῖ <note resp="ed" place="unspecified" anchored="yes">
<foreign lang="greek">ποῖ</foreign> *: <foreign lang="greek">που</foreign>
</note> πορεύονται καὶ ἐπὶ τί· καὶ τὸν μὴ
               ἀποκρινόμενον ἢ προφάσεις πλέκοντα ἐπιπλήττειν· ὁ δὲ μὴ ἐπιπλήττων
               παρόντος αὐτοῦ ἁμαρτάνοντα ἔνοχος ἦν τῷ ἴσῳ ἐπιτιμίῳ ᾧπερ <note resp="ed" place="unspecified" anchored="yes">
<foreign lang="greek">ᾧπερ</foreign> Herwerdenus: <foreign lang="greek">ὥσπερ</foreign>
</note> καὶ ὁ
               ἁμαρτών καὶ ὁ δυσχεραίνων δέ, εἰ ἐπιτιμῷτο, ἐν
<milestone unit="tlnum" n="25"/> μεγάλῳ ὀνείδει ἦν. </p>
</div1>
<div1 type="section" n="9">
<p>εἴ τις φωραθείη ἁμαρτάνων, ἔδει τοῦτον βωμόν τινα τῶν ἐν τῇ πόλει
               κύκλῳ περιιέναι, ψόγον <pb id="v.2.p.183"/>
<milestone unit="stephpage" id="stephpage-237d" n="237d"/> ᾄδοντα πεποιημένον
               εἰς ἑαυτόν· ὅπερ ἦν οὐδὲν ἕτερον ἢ ἐπιπλήττειν αὐτὸν αὑτῷ. </p>
</div1>
<div1 type="section" n="10">
<p>καὶ τοὺς νέους δὲ οὐ μόνον τοὺς ἰδίους αἰδεῖσθαι πατέρας καὶ ὑπηκόους
               τούτοις εἶναι, ἀλλὰ
<milestone unit="tlnum" n="5"/> πάντας τοὺς πρεσβυτέρους
               ἐντρέπεσθαι, καὶ ὁδῶν ὑποχωροῦντας καὶ καθέδρας ὑπεξισταμένους καὶ
               παρόντων <note resp="ed" place="unspecified" anchored="yes">
<foreign lang="greek">παρόντων</foreign> X: <foreign lang="greek">παριόντων</foreign>
</note> ἡσυχάζοντας. διὸ καὶ ἦρχεν ἕκαστος οὐχ ὥσπερ ἐν ταῖς ἄλλαις
               πόλεσι τῶν αὑτοῦ τέκνων καὶ δούλων καὶ κτημάτων, ἀλλʼ ὅπως τῶν αὑτοῦ
               καὶ
<milestone unit="tlnum" n="10"/> τῶν τοῦ πλησίον, ὅπως ὅτι μάλιστα
               κοινωνῶσι καὶ φροντίζωσιν ὡς οἰκείων. </p>
</div1>
<div1 type="section" n="11">
<p>παῖς δὲ ὑπό τινος κολασθείς, εἰ τῷ πατρὶ ἐξήγγειλεν, αἰσχρὸν ἦν τῷ
               πατρὶ μὴ προσεντεῖναι
<milestone unit="stephpage" id="stephpage-237e" n="237e"/>
               ἀκούσαντα πάλιν ἑτέρας· ἐπίστευον γὰρ αὐτοῖς ἐκ
<milestone unit="tlnum" n="15"/> τῆς πατρίου ἀγωγῆς μηδὲν ἂν <note resp="ed" place="unspecified" anchored="yes">
<foreign lang="greek">ἂν</foreign> Cobetus</note> αἰσχρὸν προστάξαι τοῖς τέκνοις.
            </p>
</div1>
<div1 type="section" n="12">
<p>κλέπτουσι δὲ οἱ νέοι καὶ τῶν σιτίων ὅ τι ἂν δύνωνται, μανθάνοντες
               εὐφυῶς ἐπιτίθεσθαι τοῖς καθεύδουσιν ἢ ῥᾳθύμως φυλάσσουσι· τῷ δὲ
               ἁλόντι
<milestone unit="tlnum" n="20"/> ζημία πληγαὶ καὶ τὸ πεινῆν. γλίσχρον
               γὰρ αὐτοῖς ἐστι δεῖπνον, ὅπως διʼ αὑτῶν ἀμυνόμενοι τὴν ἔνδειαν
               ἀναγκάζωνται τολμᾶν καὶ πανουργεῖν. </p>
</div1>
<div1 type="section" n="13">
<p>τὸ δὲ ἔργον τῆς συσσιτίας διά τε ταῦτα γλίσχρον ἦν καὶ ἵνʼ ἐθίζωνται
               μηδέποτε γίνεσθαι πλήρεις,
<milestone unit="tlnum" n="25"/>
<milestone unit="stephpage" id="stephpage-237f" n="237f"/> δύνασθαι δὲ πεινῆν
               οὕτω γὰρ ᾤοντο καὶ εἰς τὸν πόλεμον χρησιμωτέρους ἔσεσθαι, εἰ δύναιντο
               καὶ ἀσιτήσαντες ἐπιπονῆσαι· καὶ ἐγκρατεστέρους δὲ καὶ εὐτελεστέρους, εἰ
               πλείω χρόνον διάγοιεν ἀπὸ μικρᾶς <pb id="v.2.p.184"/> δαπάνης τὴν δʼ
               ἀνοψίαν ὑποφέρειν, <note resp="ed" place="unspecified" anchored="yes">
<foreign lang="greek">ὑποφέρειν</foreign> M: <foreign lang="greek">ἀποφέρειν</foreign>
</note> ὡς βρῶμα τὸ τυχὸν προσφέρεσθαι, ᾤοντο ὑγιεινότερα
               τὰ σώματα καὶ εὐαυξῆ <note resp="ed" place="unspecified" anchored="yes">
<foreign lang="greek">εὐαυξὴ</foreign> *: <foreign lang="greek">εὐεξὴ</foreign>
</note> ἀπὸ τῆς ἐλλειπούσης ποιεῖν τροφῆς, νομίζοντες εἰς
               βάθος τε καὶ πλάτος μὴ πιεζόμενον <note resp="ed" place="unspecified" anchored="yes">
<foreign lang="greek">πιεζόμενον</foreign>] <foreign lang="greek">πιεζόμενον τὸ πνεθμα</foreign>?</note>
<milestone unit="tlnum" n="5"/> ἐπαίρειν
               εἰς ὕψος τὰ σώματα· καὶ καλὰ δὲ ποιεῖν· τὰς γὰρ ἰσχνὰς καὶ διακένους
               ἕξεις ὑπακούειν πρὸς τὴν διάρθρωσιν, τὰς δὲ πολυτρόφους <note resp="ed" place="unspecified" anchored="yes">
<foreign lang="greek">πολυτρέφους</foreign> X: <foreign lang="greek">πολυεροπους</foreign>
</note> διὰ βάρος
               ἀντιβαίνειν.
<milestone unit="stephpage" id="stephpage-238a" n="238a"/>
</p>
</div1>
<div1 type="section" n="14">
<p>ἐσπούδαζον δὲ καὶ περὶ τὰ μέλη καὶ τὰς
<milestone unit="tlnum" n="10"/>
               ᾠδὰς οὐδὲν ἧττον· κέντρον δʼ εἶχε ταῦτα ἐγερτικὸν θυμοῦ καὶ
               παραστατικὸν ὁρμῆς ἐνθουσιώδους καὶ πρακτικῆς. καὶ ἡ λέξις ἦν ἀφελὴς
               καὶ ἄθρυπτος· οὐδὲν δʼ ἕτερον εἶχεν ἢ ἐπαίνους τῶν γεννικῶς ζησάντων
               καὶ ὑπὲρ τῆς Σπάρτης ἀποθανόντων καὶ
<milestone unit="tlnum" n="15"/>
               εὐδαιμονιζομένων, καὶ ψόγους τῶν τρεσάντων ὡς ἀλγεινὸν καὶ κακοδαίμονα
               βιούντων βίον· ἐπαγγελία τε καὶ μεγαλαυχία πρὸς ἀρετὴν πρέπουσα ταῖς
               ἡλικίαις. </p>
</div1>
<div1 type="section" n="15">
<p>τριῶν οὖν χορῶν ὄντων κατὰ τὰς τρεῖς
<milestone unit="tlnum" n="20"/>
               ἡλικίας καὶ συνισταμένων ἐν ταῖς ἑορταῖς, ὁ μὲν τῶν γερόντων ἀρχόμενος
               ᾖδεν <quote rend="blockquote"> ἄμμες <note resp="ed" place="unspecified" anchored="yes">
<foreign lang="greek">ἄμμες</foreign> *: <foreign lang="greek">ἄμες</foreign> cf. Bergk. 3 p. 661</note> ποτʼ ἦμες ἄλκιμοι νεανίαι· </quote>
<milestone unit="stephpage" id="stephpage-238b" n="238b"/> εἶτα ὁ τῶν
               ἀκμαζόντων ἀνδρῶν ἔλεγεν ἀμειβόμενος <quote rend="blockquote"> ἄμμες δὲ γʼ
                  ἐσμέν· αἰ δὲ λῇς, αὐγάζεο· </quote>
<milestone unit="tlnum" n="25"/> ὁ δὲ τρίτος ὁ τῶν παίδων <quote rend="blockquote"> ἄμμες δὲ γʼ ἐσσόμεσθα πολλῷ κάρρονες· </quote>
<pb id="v.2.p.185"/>
</p>
</div1>
<div1 type="section" n="16">
<p>καὶ οἱ ἐμβατήριοι δὲ ῥυθμοὶ παρορμητικοὶ πρὸς ἀνδρείαν <note resp="ed" place="unspecified" anchored="yes">
<foreign lang="greek">ἀνδρείαν</foreign>] <foreign lang="greek">ἀνδρείαν ἤσαν</foreign>?</note> καὶ θαρραλεότητα
               καὶ ὑπερφρόνησιν θανάτου, οἷς ἐχρῶντο ἔν τε χοροῖς καὶ πρὸς αὐλὸν
               ἐπάγοντες τοῖς πολεμίοις. ὁ γὰρ Λυκοῦργος παρέζευξε
<milestone unit="tlnum" n="5"/> τῇ κατὰ πόλεμον ἀσκήσει τὴν φιλομουσίαν, ὅπως τὸ ἄγαν
               πολεμικὸν τῷ ἐμμελεῖ κερασθὲν συμφωνίαν καὶ ἁρμονίαν ἔχῃ· διὸ καὶ ἐν
               ταῖς μάχαις προεθύετο ταῖς Μούσαις ὁ βασιλεύς, ἵνα λόγου
<milestone unit="stephpage" id="stephpage-238c" n="238c"/> ἀξίας παρέχωσι τὰς πράξεις
               οἱ μαχόμενοι καὶ μνήμης
<milestone unit="tlnum" n="10"/> εὐκλεοῦς. </p>
</div1>
<div1 type="section" n="17">
<p>εἰ δέ τις παραβαίνοι τι τῆς ἀρχαίας μουσικῆς, οὐκ ἐπέτρεπον· ἀλλὰ καὶ
               τὸν Τέρπανδρον ἀρχαϊκώτατον ὄντα καὶ ἄριστον τῶν καθʼ ἑαυτὸν
               κιθαρῳδῶν καὶ τῶν ἡρωικῶν πράξεων ἐπαινέτην, ὅμως
<milestone unit="tlnum" n="15"/> οἱ ἔφοροι ἐζημίωσαν καὶ τὴν κιθάραν αὐτοῦ προσεπαττάλευσαν
               φέροντες, ὅτι μίαν μόνην χορδὴν ἐνέτεινε περισσοτέραν τοῦ ποικίλου τῆς
               φωνῆς χάριν μόνα γὰρ τὰ ἁπλούστερα τῶν μελῶν ἐδοκίμαζον. Τιμοθέου δὲ
               ἀγωνιζομένου τὰ Κάρνεια, εἷς τῶν
<milestone unit="tlnum" n="20"/>
<milestone unit="stephpage" id="stephpage-238d" n="238d"/> ἐφόρων μάχαιραν λαβὼν
               ἠρώτησεν αὐτόν, ἐκ ποτέρου τῶν μερῶν ἀποτέμῃ τὰς πλείους τῶν ἑπτὰ
               χορδῶν. </p>
</div1>
<div1 type="section" n="18">
<p>τῶν δὲ ταφῶν <note resp="ed" place="unspecified" anchored="yes">
<foreign lang="greek">ταφῶν</foreign> *: <foreign lang="greek">τάφων</foreign>
</note> ἀνεῖλε τὴν δεισιδαιμονίαν ἅπασαν ὁ Λυκοῦργος, ἐν τῇ
               πόλει θάπτειν τοὺς νεκροὺς καὶ πλησίον ἔχειν τὰ μνημεῖα τῶν ἱερῶν
<milestone unit="tlnum" n="25"/> συγχωρήσας. περιεῖλε δὲ καὶ τοὺς μιασμούς,
               συνθάπτειν δὲ οὐδὲν ἐπέτρεψεν, ἀλλʼ ἐν φοινικίδι καὶ φύλλοις ἐλαίας
               θέντας τὸ σῶμα περιστέλλειν κατʼ ἴσον ἅπαντας ἀνεῖλε δὲ καὶ τὰς
               ἐπιγραφὰς; τὰς ἐπὶ <pb id="v.2.p.186"/> τῶν μνημείων, πλὴν τῶν ἐν πολέμῳ
               τελευτησάντων, καὶ τὰ πένθη καὶ τοὺς ὀδυρμούς. </p>
</div1>
<div1 type="section" n="19">
<p>ἀποδημεῖν δὲ οὐκ ἐξῆν αὐτοῖς, ἵνα μὴ ξενικῶν
<milestone unit="stephpage" id="stephpage-238e" n="238e"/> ἐθῶν καὶ βίων ἀπαιδεύτων μετέχωσι.
<milestone unit="tlnum" n="5"/>
</p>
</div1>
<div1 type="section" n="20">
<p>καὶ ξενηλασίας δὲ εἰσηγήσατο, ὅπως οἱ παρεισρέοντες μὴ διδάσκαλοι κακοῦ
               τινος τοῖς πολίταις ὑπάρχωσι. </p>
</div1>
<div1 type="section" n="21">
<p>τῶν πολιτῶν ὃς ἂν μὴ ὑπομείνῃ τὴν τῶν παίδων ἀγωγὴν οὐ μετεῖχε τῶν
               τῆς πόλεως δικαίων.
<milestone unit="tlnum" n="10"/>
</p>
</div1>
<div1 type="section" n="22">
<p>ἔνιοι δʼ ἔφασαν, ὅτι καὶ τῶν ξένων ὃς ἂν ὑπομείνῃ τὴν τοιαύτην
               ἄσκησιν τῆς πολιτείας κατὰ τὸ βούλημα τοῦ Λυκούργου μετεῖχε τῆς ἀρχῆθεν
               διατεταγμένης μοίρας· πωλεῖν δʼ οὐκ ἐξῆν. </p>
</div1>
<div1 type="section" n="23">
<p>τοῖς τῶν πλησίον οἰκέταις ὡς ἰδίοις χρῆσθαι
<milestone unit="tlnum" n="15"/>
               ἔθος ἦν, εἴ που δέοιντο, καὶ κυσὶ καὶ ἵπποις, εἰ μὴ
<milestone unit="stephpage" id="stephpage-238f" n="238f"/> οἱ δεσπόται χρῄζοιεν· καὶ ἐν
               ἀγρῷ δὲ εἲ τίς τινος ἐλλιπὴς γενόμενος δεηθείη, ἀνοίξας καὶ βαστάσας
               τὰ ἐπιτήδεια τοῦ ἔχοντος, τὰ σημεῖα <note resp="ed" place="unspecified" anchored="yes">
<foreign lang="greek">τὰ σημεῖα</foreign>] collocaverim post <foreign lang="greek">ἀνοίξας</foreign>. cf. Xen. Reip. Lac. VI 4</note> σημηνάμενος κατέλειπεν.
<milestone unit="tlnum" n="20"/>
</p>
</div1>
<div1 type="section" n="24">
<p>ἐν τοῖς πολέμοις φοινικίσιν ἐχρῶντο· ἅμα μὲν γὰρ ἡ χρόα ἐδόκει αὐτοῖς
               ἀνδρικὴ εἶναι, ἅμα δὲ τὸ αἱματῶδες τοῦ χρώματος πλείονα τοῖς ἀπείροις
               φόβον παρεῖχεν· <note resp="ed" place="unspecified" anchored="yes">
<foreign lang="greek">παρεῖχεν</foreign> *: <foreign lang="greek">παρέχειν</foreign>
</note> καὶ τὸ μὴ εὐπερίφωρον δὲ τοῖς πολεμίοις εἶναι, ἐάν τις
               αὐτῶν πληγῇ, ἀλλὰ διαλανθάνειν διὰ τὸ ὁμόχρουν χρήσιμον. </p>
</div1>
<div1 type="section" n="25">
<p>ὅταν στρατηγήματι τοὺς πολεμίους νικήσωσι, βοῦν τῷ Ἄρει θύουσιν· ὅταν
               δʼ ἐκ τοῦ φανεροῦ, <pb id="v.2.p.187"/> ἀλεκτρυόνα· ἐθίζοντες τοὺς
               ἡγουμένους οὐ μόνον πολεμικοὺς ἀλλὰ καὶ στρατηγικοὺς εἶναι. </p>
</div1>
<div1 type="section" n="26">
<p>ταῖς εὐχαῖς προστιθέασι τὸ ἀδικεῖσθαι δύνασθαι.
<milestone unit="stephpage" id="stephpage-239a" n="239a"/>
<milestone unit="tlnum" n="5"/>
</p>
</div1>
<div1 type="section" n="27">
<p>εὐχὴ δʼ αὐτῶν διδόναι τὰ καλὰ ἐπὶ τοῖς ἀγαθοῖς, καὶ πλέον οὐδέν. </p>
</div1>
<div1 type="section" n="28">
<p>Ἀφροδίτην σέβουσι τὴν ἐνόπλιον· καὶ πάντας δὲ τοὺς θεοὺς θήλεις καὶ
               ἄρρενας λόγχας ἔχοντας ποιοῦνται, ὡς ἁπάντων τὴν πολεμικὴν ἀρετὴν
<milestone unit="tlnum" n="10"/> ἐχόντων. </p>
</div1>
<div1 type="section" n="29">
<p>ἐπιλέγουσι δὲ καὶ οἱ παροιμιαζόμενοι <quote rend="blockquote"> τὰν χεῖρα
               ποτιφέροντα τὰν τύχαν καλεῖν, <note resp="ed" place="unspecified" anchored="yes">Leutsch. 2 p. 653</note>
</quote> ὡς δέον ἐπικαλεῖσθαι τοὺς θεοὺς
               μετὰ τοῦ ἐγχειρεῖν τι καὶ πράττειν, ἄλλως δὲ μή.
<milestone unit="tlnum" n="15"/>
</p>
</div1>
<div1 type="section" n="30">
<p>τοῖς παισὶν ἐπεδείκνυον τοὺς εἵλωτας μεθύσαντες εἰς ἀποτροπὴν πολυοινίας.
            </p>
</div1>
<div1 type="section" n="31">
<p>ἔθος ἦν αὐτοῖς μηδὲ κόπτειν τὰς αὐλείους ἀλλʼ ἔξωθεν βοᾶν.
<milestone unit="stephpage" id="stephpage-239b" n="239b"/>
</p>
</div1>
<div1 type="section" n="32">
<p>Στλεγγίσιν οὐ σιδηραῖς ἀλλὰ καλαμίναις
<milestone unit="tlnum" n="20"/>
               ἐχρῶντο. </p>
</div1>
<div1 type="section" n="33">
<p>κωμῳδίας καὶ τραγῳδίας οὐκ ἠκροῶντο, ὅπως μήτε ἐν σπουδῇ μήτε ἐν
               παιδιᾷ ἀκούωσι τῶν ἀντιλεγόντων τοῖς νόμοις. </p>
</div1>
<div1 type="section" n="34">
<p>Ἀρχίλοχον τὸν ποιητὴν ἐν Λακεδαίμονι γενόμενον
<milestone unit="tlnum" n="25"/> αὐτῆς ὥρας ἐδίωξαν, διότι ἐπέγνωσαν αὐτὸν πεποιηκότα ὡς
               κρεῖττόν ἐστιν ἀποβαλεῖν τὰ ὅπλα ἢ ἀποθανεῖν·. <pb id="v.2.p.188"/>
<quote rend="blockquote">
<l> ἀσπίδι μὲν Σαΐων τις ἀγάλλεται, ἣν περὶ θάμνῳ <note resp="ed" place="unspecified" anchored="yes">Bergk. 2 p. 384</note> ἔντος <note resp="ed" place="unspecified" anchored="yes">
<foreign lang="greek">ἐντος</foreign> Brenckius: <foreign lang="greek">ἐντὸς</foreign>
</note> ἀμώμητον
                     κάλλιπον οὐκ ἐθέλων· </l>
<l> αὐτὸς δʼ ἐξέφυγον θανάτου τέλος· <note resp="ed" place="unspecified" anchored="yes">
<foreign lang="greek">αὐτὸς - τέλος</foreign> add Sextus Emp. Hypot. 3 p. 182</note> ἀσπὶς ἐκείνη
<milestone unit="stephpage" id="stephpage-239c" n="239c"/> ἐρρέτω· ἐξαῦθις
                     κτήσομαι οὐ κακίω.
<milestone unit="tlnum" n="5"/>
</l>
</quote>
</p>
</div1>
<div1 type="section" n="35">
<p>κόραις καὶ κόροις κοινὰ τὰ ἱερά. </p>
</div1>
<div1 type="section" n="36">
<p>Σκιραφίδαν ἐζημίωσαν οἱ ἔφοροι, ὅτι ὑπὸ πολλῶν ἠδικεῖτο. </p>
</div1>
<div1 type="section" n="37">
<p>Σακκοφόρον ἀνεῖλον, διότι παρυφὴν εἰς τὸν σάκκον ἐνέβαλε.
<milestone unit="tlnum" n="10"/>
</p>
</div1>
<div1 type="section" n="38">
<p>τὸν ἐκ τοῦ γυμνασίου νεανίσκον ἐπετίμων, ὅτι τὴν εἰς Πυλαίαν ὁδὸν
               ἠπίστατο. </p>
</div1>
<div1 type="section" n="39">
<p>Κηφισοφῶντα, εἰπόντα περὶ τοῦ τυχόντος δύνασθαι ὅλην τὴν ἡμέραν λέγειν,
               ἐξέβαλον, φάμενοι τὸν ἀγαθὸν μυθητὰν δεῖν τοῖς πράγμασιν ἴσον τὸν
<milestone unit="tlnum" n="15"/> λόγον ἔχειν. </p>
</div1>
<div1 type="section" n="40">
<p>οἱ παῖδες παρʼ αὐτοῖς ξαινόμενοι μάστιξι,
<milestone unit="stephpage" id="stephpage-239d" n="239d"/> διʼ ὅλης τῆς ἡμέρας ἐπὶ τοῦ βωμοῦ τῆς
               Ὀρθίας Ἀρτέμιδος μέχρι θανάτου πολλάκις διακαρτεροῦσιν ἱλαροὶ καὶ
               γαῦροι, ἁμιλλώμενοι περὶ νίκης πρὸς ἀλλήλους,
<milestone unit="tlnum" n="20"/> ὅστις αὐτῶν ἐπὶ πλέον τε καὶ μᾶλλον καρτερήσειε τυπτόμενος· καὶ ὁ
               περιγενόμενος ἐν τοῖς μάλιστα ἐπίδοξός; ἐστι. καλεῖται δὲ ἡ ἅμιλλα
               διαμαστίγωσις· γίνεται δὲ καθʼ ἕκαστον ἔτος </p>
</div1>
<div1 type="section" n="41">
<p>ἓν δέ τι τῶν καλῶν καὶ μακαρίων ἐδόκει
<milestone unit="tlnum" n="25"/>
               παρεσκευακέναι τοῖς πολίταις ὁ Λυκοῦργος ἀφθονίαν σχολῆς· τέχνης μὲν γὰρ
               ἅψασθαι βαναύσου τὸ παράπαν οὐκ ἐξῆν· χρηματισμοῦ δὲ συναγωγὴν ἔχοντος
               <pb id="v.2.p.189"/> ἐργώδη καὶ πραγματείας <note resp="ed" place="unspecified" anchored="yes">
<foreign lang="greek">πραγματείας</foreign>] <foreign lang="greek">πραγματείαν</foreign> Vit. Lyc. c. 24</note> οὐδʼ ὁτιοῦν ἔδει διὰ τὸ
<milestone unit="stephpage" id="stephpage-239e" n="239e"/> κομιδῇ τὸν πλοῦτον
               ἄζηλον πεποιηκέναι καὶ ἄτιμον. οἱ δʼ εἵλωτες αὐτοῖς εἰργάζοντο τὴν γῆν
               ἀποφέροντες <note resp="ed" place="unspecified" anchored="yes">
<foreign lang="greek">ἀποφέροντες</foreign> Turnebus</note> ἀποφορὰν τὴν ἄνωθεν ἱσταμένην. ἐπάρατον <note resp="ed" place="unspecified" anchored="yes">
<foreign lang="greek">ἐπάρατον</foreign>] <foreign lang="greek">ἀπόρρητον</foreign> W</note> δʼ ἦν
<milestone unit="tlnum" n="5"/> πλείονός τινα μισθῶσαι, ἵνα ἐκεῖνοι μὲν κερδαίνοντες
               ἡδέως ὑπηρετῶσιν, οὗτοι δὲ μὴ πλέον ἐπιζητῶσιν. </p>
</div1>
<div1 type="section" n="42">
<p>ἀπείρητο δʼ αὐτοῖς ναύταις εἶναι καὶ ναυμαχεῖν ὕστερον μέντοι
               ἐναυμάχησαν, καὶ τῆς θαλάσσης
<milestone unit="tlnum" n="10"/> κρατήσαντες
               πάλιν ἀπέστησαν, διαφθειρόμενα τὰ ἤθη τῶν πολιτῶν θεωροῦντες. ἀλλὰ πάλιν
               μετεβάλοντο καθάπερ ἐν τοῖς ἄλλοις πᾶσι· καὶ γὰρ χρημάτων
<milestone unit="stephpage" id="stephpage-239f" n="239f"/> συναχθέντων τοῖς·
               Λακεδαιμονίοις, οἱ συναγαγόντες θανάτῳ κατεδικάσθησαν. Ἀλκαμένει γὰρ καὶ
<milestone unit="tlnum" n="15"/>Θεοπόμπῳ τοῖς βασιλεῦσι χρησμὸς ἐδόθη
               <quote rend="blockquote"> ἁ φιλοχρηματία Σπάρταν ὀλεῖ. </quote>
<note resp="ed" place="unspecified" anchored="yes">Leutsch. 2 p. 150</note> ἀλλʼ ὅμως
               Λύσανδρος ἑλὼν Ἀθηναίους πολὺν χρυσὸν καὶ ἄργυρον εἰσήγαγε, καὶ
               παρεδέξαντο καὶ ἐτίμησαν τὸν ἄνδρα. τοῖς μὲν οὖν Λυκούργου χρωμένη
               νόμοις
<milestone unit="tlnum" n="20"/> ἡ πόλις καὶ τοῖς ὅρκοις ἐμμείνασα
               ἐπρώτευε τῆς Ἑλλάδος εὐνομίᾳ καὶ δόξῃ χρόνον ἐτῶν πεντακοσίων κατʼ
               ὀλίγον δὲ παραβαινομένων καὶ πλεονεξίας καὶ
<milestone unit="stephpage" id="stephpage-240a" n="240a"/> φιλοπλουτίας παρεισδυομένης, καὶ τὰ τῆς
               δυνάμεως ἠλαττοῦτο· καὶ οἱ σύμμαχοι διὰ ταῦτα δυσμενῶς
<milestone unit="tlnum" n="25"/> εἶχον πρὸς αὐτούς. ὅμως οὕτως ἔχοντες μετὰ τὴν
               Φιλίππου τοῦ Μακεδόνος ἐν Χαιρωνείᾳ νίκην, <pb id="v.2.p.190"/> πάντων
               αὐτὸν τῶν Ἑλλήνων ἡγεμόνα κατά τε γῆν καὶ κατὰ θάλατταν
               ἀναγορευσάντων, καὶ μεταξὺ δʼ Ἀλέξανδρον τὸν υἱὸν μετὰ τὴν Θηβαίων
               καταστροφήν, μόνοι Λακεδαιμόνιοι, καίπερ ἀτείχιστον πόλιν ἔχοντες
<milestone unit="tlnum" n="5"/> καὶ ὀλίγοι πάνυ ὄντες διὰ τοὺς συνεχεῖς
               πολέμους καὶ πολὺ ἀσθενέστεροι καὶ εὐχείρωτοι γενόμενοι, πάνυ βραχέα τινὰ
               ζώπυρα διασῴζοντες τῆς Λυκούργου
<milestone unit="stephpage" id="stephpage-240b" n="240b"/> νομοθεσίας, οὔτε συνεστράτευσαν οὔτε τούτοις
               οὔτε τοῖς μεταξὺ Μακεδονικοῖς βασιλεῦσιν, οὔτʼ εἰς συνέδριον
<milestone unit="tlnum" n="10"/> κοινὸν εἰσῆλθον οὔτε <note resp="ed" place="unspecified" anchored="yes">
<foreign lang="greek">οὔτε</foreign> *: <foreign lang="greek">οὐδὲ</foreign>
</note> φόρον ἤνεγκαν ἕως οὗ
               παντάπασιν ὑπεριδόντες; τὴν Λυκούργου νομοθεσίαν ὑπὸ τῶν ἰδίων πολιτῶν
               ἐτυραννεύθησαν μηδὲν ἔτι σῴζοντες τῆς πατρίου ἀγωγῆς, καὶ παραπλήσιοι
               τοῖς ἄλλοις γενόμενοι τὴν πρόσθεν εὔκλειαν καὶ παρρησίαν
<milestone unit="tlnum" n="15"/> ἀπέθεντο καὶ εἰς δουλείαν μετέστησαν καὶ νῦν ὑπὸ
               Ῥωμαίοις καθάπερ οἱ ἄλλοι Ἕλληνες ἐγένοντο.</p>
</div1>
</body>
</text>
</TEI.2>
