<?xml version="1.0" encoding="UTF-8"?> 
<?xml-model href="http://www.stoa.org/epidoc/schema/latest/tei-epidoc.rng" schematypens="http://relaxng.org/ns/structure/1.0"?> 
<TEI xmlns="http://www.tei-c.org/ns/1.0">
<teiHeader>
<fileDesc>
<titleStmt>

<title n="Comp.Per.Fab." type="work">Comparison of Pericles and Fabius Maximus</title>
<author n="Plut.">Plutarch</author>
<editor n="Perrin" role="editor">Bernadotte Perrin</editor>
<sponsor>Perseus Project, Tufts University</sponsor>
<principal>Gregory Crane</principal>
<respStmt>
<resp>Prepared under the supervision of</resp>
<name>Lisa Cerrato</name>
<name>William Merrill</name>
<name>Elli Mylonas</name>
<name>David Smith</name>
</respStmt>
<funder n="org:NEH">The National Endowment for the Humanities</funder>
</titleStmt>
<extent/>
<publicationStmt>
<publisher>Trustees of Tufts University</publisher>
<pubPlace>Medford, MA</pubPlace>
<authority>Perseus Project</authority>
</publicationStmt>
<sourceDesc>
<biblStruct>

<monogr>
<author>Plutarch</author>
<title>Plutarch's Lives</title><idno type="ISBN">0674990722</idno>
<respStmt>
<resp>with an English Translation by</resp>
<name>Bernadotte Perrin</name>
</respStmt>
<imprint>
<pubPlace>Cambridge, MA</pubPlace>
<publisher>Harvard University Press</publisher>
<pubPlace>London</pubPlace>
<publisher>William Heinemann Ltd.</publisher>
<date>1916</date>
</imprint>
<biblScope unit="volume">3</biblScope>
</monogr>

</biblStruct>
</sourceDesc>
</fileDesc>
<encodingDesc>
<editorialDecl>
    <quotation marks="none"/>
<correction method="silent">
<p>optical character recognition</p>
</correction>
</editorialDecl>
    <refsDecl n="CTS">
        <cRefPattern n="section"
            matchPattern="(\w+).(\w+)"
            replacementPattern="#xpath(/tei:TEI/tei:text/tei:body/tei:div/tei:div[@n='$1']/tei:div[@n='$2'])">
            <p>This pointer pattern extracts chapter and section</p>
        </cRefPattern>
        <cRefPattern n="chapter"
            matchPattern="(\w+)"
            replacementPattern="#xpath(/tei:TEI/tei:text/tei:body/tei:div/tei:div[@n='$1'])">
            <p>This pointer pattern extracts chapter</p>
        </cRefPattern>
    </refsDecl>
<refsDecl>
<refState unit="chapter" delim="."/>
<refState unit="section"/>
</refsDecl>
</encodingDesc>
<profileDesc>
<langUsage>
<language ident="grc">Greek</language>
</langUsage>
</profileDesc>
<revisionDesc>
    <change who="Lisa Cerrato" when="2017-01-09">EpiDoc and CTS file conversion</change>
<change who="RS" when="2010-03-01">tagged and parsed</change>
</revisionDesc>
</teiHeader>
<text xml:lang="grc">
<body>
    <div type="edition" n="urn:cts:greekLit:tlg0007.tlg014.perseus-grc2" xml:lang="grc">
<pb n="p.198"/>
<div type="textpart" subtype="chapter" n="1">
<div type="textpart" subtype="section" n="1">
<p>
οἱ μὲν οὖν βίοι τῶν ἀνδρῶν τοιαύτην ἔχουσιν ἱστορίαν. ἐπεὶ δὲ καὶ πολιτικῆς καὶ πολεμικῆς ἀρετῆς πολλὰ καὶ καλὰ παραδείγματα καταλελοίπασιν ἀμφότεροι, φέρε τῶν πολεμικῶν ἐκεῖνο πρῶτον λάβωμεν, ὅτι Περικλῆς μὲν ἄριστα πράττοντι τῷ δήμῳ καὶ μεγίστῳ καθʼ αὑτὸν ὄντι καὶ μάλιστα πρὸς δύναμιν ἀκμάζοντι χρώμενος ὑπὸ κοινῆς ἂν δόξειεν εὐτυχίας καὶ ῥώμης πραγμάτων ἀσφαλὴς διαγενέσθαι καὶ ἄπταιστος,
</p>
</div>
<div type="textpart" subtype="section" n="2">
<p> αἱ δὲ
Φαβίου πράξεις ἐν αἰσχίστοις καὶ δυσποτμοτάτοις καιροῖς ἀναδεξαμένου τὴν πόλιν, οὐκ ἐπʼ ἀγαθοῖς ἀσφαλῆ διετήρησαν, ἀλλʼ ἐκ κακῶν εἰς βελτίω μετέστησαν. καὶ Περικλεῖ μὲν αἱ Κίμωνος εὐπραξίαι καὶ τὰ Μυρωνίδου καὶ τὰ Λεωκράτους τρόπαια καὶ πολλὰ καὶ μεγάλα Τολμίδης κατορθῶν ἐνεορτάσαι μᾶλλον καὶ ἐμπανηγυρίσαι στρατηγοῦντι τὴν πόλιν ἢ κτήσασθαι 
πολέμῳ καὶ φυλάξαι παρέδωκαν·
</p>
</div>
<div type="textpart" subtype="section" n="3">
<p>Φάβιος δʼ 
ὁρῶν πολλὰς μὲν φυγὰς καὶ ἥττας, πολλοὺς δὲ 
θανάτους καὶ σφαγὰς αὐτοκρατόρων καὶ στρατηγῶν, 
λίμνας δὲ καὶ πεδία καὶ δρυμοὺς νεκρῶν 
στρατοπέδων πλήθοντας, αἵματι δὲ καὶ φόνῳ 
ποταμοὺς ἄχρι θαλάττης ῥέοντας, ἐν τῷ καθʼ  
ἑαυτὸν ὁρμωμένῳ<note place="unspecified" anchored="true" resp="editor" xml:lang="eng">
<foreign xml:lang="grc">ὁρμωμένῳ</foreign> Bekker corrects to <foreign xml:lang="grc">ἡπμοσμένῳ</foreign> (<gloss>attempered</gloss>), after Coraës.</note>  καὶ βεβηκότι τὴν πόλιν 
ἀντιλαμβανόμενος καὶ ὑπερείδων, οὐκ εἴασε τοῖς 
<pb n="p.200"/>
ἐκείνων ὑποφερομένην πταίσμασι τελέως ἐκχυθῆναι.
</p>
</div>
<div type="textpart" subtype="section" n="4">
<p>
καίτοι δόξειεν ἂν οὐχ οὕτω χαλεπὸν εἶναι 
πόλιν ἐν συμφοραῖς μεταχειρίσασθαι ταπεινὴν 
καὶ τοῦ φρονοῦντος ὑπʼ  ἀνάγκης κατήκοον γενομένην, 
ὡς διʼ εὐτυχίαν ἐπηρμένῳ καὶ σπαργῶντι 
τῷ δήμῳ χαλινὸν ἐμβαλεῖν ὕβρεως καὶ θρασύτητος· 
ᾧ δὴ μάλιστα φαίνεται τρόπῳ Περικλῆς 
Ἀθηναίων περιγενόμενος. ἀλλὰ τῶν Ῥωμαίοις 
συμπεσόντων τότε κακῶν τὸ μέγεθος καὶ τὸ 
πλῆθος ἰσχυρόν τινα τὴν γνώμην<note place="unspecified" anchored="true" resp="editor" xml:lang="eng">
<foreign xml:lang="grc">τὴν γνώμην</foreign> Coraës: <foreign xml:lang="grc">γνώμην</foreign>.</note>  καὶ μέγαν 
ἔδειξεν ἄνδρα τὸν μὴ συγχυθέντα μηδὲ προέμενον τοὺς αὑτοῦ λογισμούς. </p>
</div>
</div>
<div type="textpart" subtype="chapter" n="2">
<div type="textpart" subtype="section" n="1">
<p>
καὶ Σάμῳ μὲν ὑπὸ Περικλέους ἁλούσῃ τὴν Τάραντος ἔστι κατάληψιν ἀντιθεῖναι, καὶ νὴ Δίʼ Εὐβοίᾳ τὰς περὶ Καμπανίαν πόλεις· ἐπεὶ αὐτήν γε Καπύην οἱ περὶ Φούλβιον καὶ Ἄππιον ὕπατοι κατέσχον. ἐκ δὲ παρατάξεως Φάβιος οὐ φαίνεται μάχῃ νενικηκώς πλὴν ἀφʼ ἧς τὸν πρότερον εἰσήλασε θρίαμβον, Περικλῆς δʼ ἐννέα τρόπαια κατὰ γῆν καὶ κατὰ θάλατταν ἔστησεν ἀπὸ τῶν πολεμίων.
</p>
</div>
<div type="textpart" subtype="section" n="2">
<p> οὐ
μὴν λέγεται τοιαύτη πρᾶξις Περικλέους, οἵαν ἔπραξε Φάβιος Μινούκιον ἐξαρπάσας Ἀννίβου καὶ διασώσας ἐντελὲς στρατόπεδον Ῥωμαίων· καλὸν γὰρ τὸ ἔργον καὶ κοινὸν ἀνδρείας ὁμοῦ καὶ φρονήσεως καὶ χρηστότητος· ὥσπερ αὖ πάλιν οὐδὲ σφάλμα λέγεται Περικλέους οἷον ἐσφάλη Φάβιος διὰ τῶν βοῶν καταστρατηγηθεὶς ὑπʼ Ἀννίβου, λαβὼν μὲν αὐτομάτως καὶ κατὰ τύχην ὑπελθόντα τοῖς στενοῖς τὸν πολέμιον, προέμενος δὲ νυκτὸς λαθόντα καὶ μεθʼ ἡμέραν βιασάμενον καὶ φθάσαντα μέλλοντος καὶ 
<pb n="p.202"/> κρατή σαντα συλλαβόντος. 
</p>
</div>
<div type="textpart" subtype="section" n="3">
<p> εἰ δὲ δεῖ μὴ μόνον χρῆσθαι τοῖς παροῦσιν, ἀλλὰ καὶ τεκμαίρεσθαι περὶ τοῦ μέλλοντος ὀρθῶς τὸν ἀγαθὸν στρατηγόν, Ἀθηναίοις μὲν ὡς Περικλῆς προέγνω καὶ προεῖπεν ἐτελεύτησεν ὁ πόλεμος· πολυπραγμονοῦντες γὰρ ἀπώλεσαν τὴν δύναμιν Ῥωμαῖοι δὲ παρὰ τοὺς Φαβίου λογισμοὺς ἐκπέμψαντες ἐπὶ Καρχηδονίους Σκηπίωνα πάντων ἐκράτησαν, οὐ τύχῃ, σοφίᾳ δὲ τοῦ στρατηγοῦ καὶ ἀνδρείᾳ κατὰ κράτος νικήσαντος τοὺς πολεμίους.
</p>
</div>
<div type="textpart" subtype="section" n="4">
<p>
ὥστε τῷ μὲν 
<pb n="paris.1624.191"/> τὰ πταίσματα τῆς πατρίδος μαρτυρεῖν ὅτι καλῶς ἔγνω, τὸν δὲ ὑπὸ τῶν κατορθωμάτων ἐλέγχεσθαι τοῦ παντὸς ἐσφαλμένον. ἴση δʼ ἁμαρτία στρατηγοῦ κακῷ περιπεσεῖν μὴ προσδοκήσαντα καὶ κατορθώματος καιρὸν ἀπιστίᾳ προέσθαι. μία γὰρ, ὡς ἔοικεν, ἀπειρία καὶ θράσος γεννᾷ καὶ θάρσος ἀφαιρεῖται, ταῦτα περὶ τῶν πολεμικῶν. </p>
</div>
</div>
<div type="textpart" subtype="chapter" n="3">
<div type="textpart" subtype="section" n="1">
<p>
τῆς δὲ πολιτείας μέγα μὲν ἔγκλημα τοῦ Περικλέους ὁ πόλεμος, λέγεται γὰρ ἐπακτὸς ὑπʼ ἐκείνου γενέσθαι Λακεδαιμονίοις ἐρίσαντος μὴ ἐνδοῦναι. δοκῶ δὲ μηδʼ ἂν Φάβιον Μάξιμον ἐνδοῦναί τι Καρχηδονίοις, ἀλλʼ εὐγενῶς ὑποστῆναι τὸν ὑπὲρ τῆς ἡγεμονίας κίνδυνον. ἡ μέντοι πρὸς Μινούκιον ἐπιείκεια τοῦ Φαβίου καὶ πρᾳότης ἐλέγχει τὸν πρὸς Κίμωνα καὶ Θουκυδίδην στασιασμόν, ἄνδρας ἀγαθοὺς καὶ 
<pb n="p.204"/>
ἀριστοκρατικοὺς εἰς φυγὴν ὑπʼ αὐτοῦ καὶ τοὔστρακον ἐκπεσόντας.
</p>
</div>
<div type="textpart" subtype="section" n="2">
<p>
ἀλλʼ ἥ γε δύναμις μείζων ἡ τοῦ Περικλέους καὶ τὸ κράτος, ὅθεν οὐδʼ ἄλλον εἴασεν ἐνδυστυχῆσαι τῇ πόλει κακῶς βουλευσάμενον στρατηγόν, ἀλλʼ ἢ μόνος αὐτὸν ἐκφυγὼν Τολμίδης καὶ διωσάμενος βίᾳ προσέπταισε Βοιωτοῖς οἱ δʼ ἄλλοι προσετίθεντο καὶ κατεκοσμοῦντο πάντες εἰς τήν ἐκείνου γνώμην ὑπὸ μεγέθους αὐτοῦ τῆς δυνάμεως.
</p>
</div>
<div type="textpart" subtype="section" n="3">
<p>Φάβιος δὲ τὸ καθʼ αὐτὸν ἀσφαλὴς ὢν καὶ ἀναμάρτητος τῷ πρὸς τὸ κωλύειν ἑτέρους ἀδυνάτῳ φαίνεται λειπόμενος. οὐ γὰρ ἂν τοσαύταις συμφοραῖς ἐχρήσαντο Ῥωμαῖοι Φαβίου παρʼ αὐτοῖς ὅσον Ἀθήνησι Περικλέους δυνηθέντος. 
</p>
<p>καὶ μὴν τήν γε πρὸς χρήματα μεγαλοφροσύνην ὁ μὲν τῷ μηδὲν λαβεῖν παρὰ τῶν διδόντων, ὁ δὲ τῷ προέσθαι πολλὰ τοῖς δεομένοις ἐπεδείξατο, λυσάμενος τοῖς ἰδίοις χρήμασι τοὺς αἰχμαλώτους.
</p>
</div>
<div type="textpart" subtype="section" n="4">
<p>
πλὴν τούτων μὲν οὐ πολὺς ἦν ἀριθμός, ἀλλʼ ὅσον ἓξ τάλαντα· Περικλῆς δʼ οὐκ ἂν ἴσως εἴποι τις ὅσα καὶ παρὰ συμμάχων καὶ βασιλέων ὠφελεῖσθαι καὶ θεραπεύεσθαι παρόν, τῆς δυνάμεως διδούσης, ἀδωρότατον ἑαυτὸν καὶ καθαρώτατον ἐφύλαξεν. 
</p>
</div>
<div type="textpart" subtype="section" n="5">
<p>ἔργων γε μὴν μεγέθεσι καὶ ναῶν καὶ κατασκευαῖς οἰκοδομημάτων, ἐξ ὧν ἐκόσμησεν ὁ Περικλῆς τὰς Ἀθήνας, οὐκ ἄξιον ὁμοῦ πάντα τὰ πρὸ τῶν Καισάρων φιλοτιμήματα τῆς Ῥώμης παραβαλεῖν, ἀλλʼ ἔξοχόν τι πρὸς ἐκεῖνα καὶ ἀσύγκριτον ἡ τούτων ἔσχε μεγαλουργία καὶ μεγαλοπρέπεια τὸ πρωτεῖον. </p>
</div>
</div>
    </div>
</body>
</text>
</TEI> 
