<?xml version="1.0" encoding="UTF-8"?> 
<?xml-model href="http://www.stoa.org/epidoc/schema/latest/tei-epidoc.rng" schematypens="http://relaxng.org/ns/structure/1.0"?> <TEI xmlns="http://www.tei-c.org/ns/1.0">
    <teiHeader>
<fileDesc>
<titleStmt>
<title type="sub">Machine readable text</title>
<title n="Oth." type="work">Otho</title>
<author n="Plut.">Plutarch</author>
<editor n="Perrin" role="editor">Bernadotte Perrin</editor>
<sponsor>Perseus Project, Tufts University</sponsor>
<principal>Gregory Crane</principal>
<respStmt>
<resp>Prepared under the supervision of</resp>
<name>Lisa Cerrato</name>
<name>William Merrill</name>
<name>Elli Mylonas</name>
<name>David Smith</name>
</respStmt>
<funder n="org:NEH">The National Endowment for the Humanities</funder>
</titleStmt>
<extent/>
<publicationStmt>
<publisher>Trustees of Tufts University</publisher>
<pubPlace>Medford, MA</pubPlace>
<authority>Perseus Project</authority>
</publicationStmt>
<sourceDesc>
<biblStruct>

<monogr>
<author>Plutarch</author>
<title>Plutarch's Lives</title>
    <idno type="ISBN">0674991141</idno>
<respStmt>
<resp>with an English Translation by</resp>
<name>Bernadotte Perrin</name>
</respStmt>
<imprint>
<pubPlace>Cambridge, MA</pubPlace>
<publisher>Harvard University Press</publisher>
<pubPlace>London</pubPlace>
<publisher>William Heinemann Ltd.</publisher>
<date>1926</date>
</imprint>
<biblScope unit="volume">11</biblScope>
</monogr>

</biblStruct>
</sourceDesc>
</fileDesc>
<encodingDesc>
<editorialDecl>
<correction method="silent">
<p>optical character recognition</p>
</correction>
</editorialDecl>
    <refsDecl n="CTS">
        <cRefPattern n="section"
            matchPattern="(\w+).(\w+)"
            replacementPattern="#xpath(/tei:TEI/tei:text/tei:body/tei:div/tei:div[@n='$1']/tei:div[@n='$2'])">
            <p>This pointer pattern extracts chapter and section</p>
        </cRefPattern>
        <cRefPattern n="chapter"
            matchPattern="(\w+)"
            replacementPattern="#xpath(/tei:TEI/tei:text/tei:body/tei:div/tei:div[@n='$1'])">
            <p>This pointer pattern extracts chapter</p>
        </cRefPattern>
    </refsDecl>
    <refsDecl>
        <refState unit="chapter" delim="."/>
        <refState unit="section"/>
    </refsDecl>
</encodingDesc>
<profileDesc>
<langUsage>
<language ident="grc">Greek</language>
    <language ident="eng">English</language>
</langUsage>
</profileDesc>
<revisionDesc>
    <change when="2018-04-17" who="Lisa Cerrato">EpiDoc and CTS compliance; minor cleanup; bumped URN</change>
    <change when="2010-03-01" who="RS">tagged and parsed</change>
</revisionDesc>
</teiHeader>
<text xml:lang="grc">
<body> 
<div type="edition" n="urn:cts:greekLit:tlg0007.tlg066.perseus-grc2" xml:lang="grc"> 
    <head>Ὄθων</head> 
    <pb n="p.276"/> 
<div type="textpart" subtype="chapter" n="1"> 
<div type="textpart" subtype="section" n="1"> <p> ὁ δὲ νεώτερος αὐτοκράτωρ ἅμʼ ἡμέρᾳ προελθὼν εἰς τὸ Καπιτώλιον ἔθυσε· καὶ κελεύσας Μάριον Κέλσον ἀχθῆναι πρὸς αὑτὸν ἠσπάσατο καὶ διελέχθη φιλανθρώπως, καὶ παρεκάλεσε τῆς αἰτίας ἐπιλαθέσθαι μᾶλλον ἢ τῆς ἀφέσεως μνημονεύειν. τοῦ δὲ Κέλσου μήτε ἀγεννῶς ἀποκριναμένου μήτʼ ἀναισθήτως, ἀλλά φήσαντος αὐτὸ τοῦ τρόπου διδόναι τὸ ἔγκλημα πίστιν, ἐγκεκλῆσθαι γὰρ ὅτι Γάλβᾳ βέβαιον ἑαυτὸν παρέσχεν, ᾧ χάριν οὐδεμίαν ὤφειλεν, ἠγάσθησαν οἱ παρόντες ἀμφοτέρων καὶ τὸ στρατιωτικὸν ἐπῄνεσεν.</p></div> 
    <div type="textpart" subtype="section" n="2"> <p> ἐν δὲ συγκλήτῳ πολλὰ δημοτικὰ καὶ φιλάνθρωπα διαλεχθείς, ὃν μὲν αὐτὸς ὑπατεύειν χρόνον ἤμελλε, τούτου μέρος ἔνειμεν Οὐεργινίῳ Ῥούφῳ, τοῖς δὲ ἀποδεδειγμένοις ὑπὸ Νέρωνος ἢ Γάλβα πᾶσιν ἐτήρησε τὰς ὑπατείας. ἱερωσύναις δὲ τοὺς καθʼ ἡλικίαν προήκοντας ἢ δόξαν ἐκόσμησε.</p></div> 
<div type="textpart" subtype="section" n="3"> <p> τοῖς δὲ <pb n="paris.1624.1067"/> ἐπὶ Νέρωνος φυγοῦσι καὶ κατελθοῦσιν ἐπὶ Γάλβα συγκλητικοῖς πᾶσιν ἀπέδωκεν ὅσα μὴ πεπραμένα τῶν κτημάτων ἑκάστου<note anchored="true" place="unspecified" resp="ed" xml:lang="eng"> <foreign xml:lang="grc">ἑκάστου</foreign> Coraës and Bekker, after Stephanus, for the <foreign xml:lang="grc">ἕκαστον</foreign> of the MSS.: <foreign xml:lang="grc">ἑκάστων</foreign>.</note> ἐξεύρισκεν. ὅθεν οἱ πρῶτοι καὶ κράτιστοι πεφρικότες πρότερον ὡς <pb n="p.278"/> οὐκ ἀνδρός, ἀλλά τινος ἢ Ποινῆς ἢ παλαμναίου δαίμονος ἄφνω τοῖς πράγμασιν ἐπιπεπτωκότος, ἡδίους ἐγένοντο ταῖς ἐλπίσι πρὸς τὴν ἠγεμονίαν ὥσπερ διαμειδιῶσαν.</p></div> </div> 
<div type="textpart" subtype="chapter" n="2"> 
<div type="textpart" subtype="section" n="1"> <p> ὁμοῦ δὲ Ῥωμαίους πάντας οὐδὲν εὔφρανεν οὕτως οὐδὲ ᾠκειώσατο πρὸς αὐτὸν ὡς τὰ περὶ Τιγελλῖνον. ἐλελήθει μὲν γὰρ ἤδη κολαζόμενος αὐτῷ τῷ φόβῳ τῆς κολάσεως ἣν ὡς χρέος ἀπῄτει δημόσιον ἡ πόλις, </p></div> 
<div type="textpart" subtype="section" n="2"> <p> καὶ νοσήμασιν ἀνηκέστοις σώματος, αὐτάς τε τὰς ἀνοσίους καὶ ἀρρήτους ἐν γυναιξὶ πόρναις καὶ ἀκαθάρτοις ἐγκυλινδήσεις, αἷς ἔτι προσέσπαιρε δυσθανατοῦντος αὐτοῦ τὸ ἀκόλαστον ἐπιδραττόμενον, ἐσχάτην τιμωρίαν ἐποιοῦντο καὶ πολλῶν ἀντάξια θανάτων οἱ σωφρονοῦντες. ἠνία δὲ τοὺς πολλοὺς ὅμως τόν ἥλιον ὁρῶν μετὰ τοσούτους καὶ τοιούτους διʼ αὐτὸν οὐχ ὁρῶντας.</p> </div> 
<div type="textpart" subtype="section" n="3"> <p> ἔπεμψεν οὖν ἐπʼ αὐτὸν ὁ Ὄθων εἰς τοὺς περὶ Σινόεσσαν ἀγρούς· ἐκεῖ γὰρ διῃτᾶτο, πλοίων παρορμούντων, ὡς φευξόμενος ἀπωτέρω. καὶ τόν γε πεμφθέντα χρυσίῳ πολλῷ πείθειν ἐπεχείρησε παρεῖναι· μὴ πεισθέντι δὲ δῶρα μὲν ἔδωκεν οὐδὲν ἧττον, ἐδεήθη δὲ ὑπομεῖναι ἕως ἂν ἀποξύρηται τό γένειον· καὶ λαβὼν αὐτὸς ἑαυτὸν ἐλαιμοτόμησεν.</p></div> </div> 
<div type="textpart" subtype="chapter" n="3"> 
<div type="textpart" subtype="section" n="1"> <p> οὕτω δὲ τῷ δήμῳ τὴν δικαιοτάτην ἡδονὴν ἀποδοὺς ὁ Καῖσαρ, αὐτὸς ἰδίας ἔχθρας οὐδενὶ τοπαράπαν ἐμνησικάκησε, τοῖς δὲ πολλοῖς χαριζόμενος οὐκ ἔφευγε τὸ πρῶτον ἐν τοῖς θεάτροις Νέρων προσαγορεύεσθαι· καί τινων εἰκόνας <pb n="p.280"/> Νέρωνος εἰς τοὐμφανὲς προθεμένων οὐκ ἐκώλυσε.</p></div> 
<div type="textpart" subtype="section" n="2"> <p>Κλούβιος δὲ Ῥοῦφος εἰς Ἰβηρίαν φησὶ κομισθῆναι διπλώματα, οἷς ἐκπέμπουσι τοὺς γραμματηφόρους, τὸ τοῦ Νέρωνος θετὸν ὄνομα προσγεγραμμένον ἔχοντα τῷ τοῦ Ὄθωνος. οὐ μὴν ἀλλὰ τοὺς πρώτους καί κρατίστους αἰσθόμενος ἐπὶ τούτῳ δυσχεραίνοντας ἐπαύσατο. <milestone unit="para"/>τοιαύτην δὲ τῆς ἡγεμονίας κατάστασιν αὐτῷ λαμβανούσης, οἱ μισθοφόροι χαλεποὺς παρεῖχον ἑαυτούς, ἀπιστεῖν παρακελευόμενοι καί φυλάττεσθαι καί κολούειν τοὺς ἀξιολόγους, εἴτʼ ἀληθῶς φοβούμενοι διʼ εὔνοιαν, εἴτε προφάσει χρώμενοι ταύτῃ τοῦ ταράττειν καί πολεμοποιεῖν.</p></div> 
<div type="textpart" subtype="section" n="3"> <p>Κρισπῖνον δὲ πέμψαντος αὐτοῦ τὴν ἑπτακαιδεκάτην σπεῖραν Ὠστίας ἀπάξοντα, κἀκείνου νυκτὸς ἔτι συσκευαζομένου καί τὰ ὅπλα ταῖς ἁμάξαις ἐπιτιθέντος, οἱ θρασύτατοι πάντες ἐβόων οὐδὲν ὑγιὲς τὸν Κρισπῖνον ἥκειν διανοούμενον, ἀλλὰ τὴν σύγκλητον ἐπιχειρεῖν πράγμασι νεωτέροις, καὶ τὰ ὅπλα κατὰ Καίσαρος, οὐ Καίσαρι παρακομίζεσθαι.</p></div> 
<div type="textpart" subtype="section" n="4"> <p> τοῦ δὲ λόγου πολλῶν ἁπτομένου καί παροξύνοντος, οἱ μὲν ἐπελαμβάνοντο τῶν ἁμαξῶν, οἱ δὲ τοὺς ἐνισταμένους ἑκατοντάρχας δύο καί τὸν Κρισπῖνον αὐτὸν ἀπέκτειναν, πάντες δὲ διασκευασάμενοι καί παρακαλέσαντες ἀλλήλους Καίσαρι βοηθεῖν ἤλαυνον εἰς τὴν Ῥώμην καί πυθόμενοι παρʼ αὐτῷ δειπνεῖν ὀγδοήκοντα συγκλητικούς, ἐφέροντο πρὸς τὰ βασίλεια, νῦν καιρὸν εἶναι λέγοντες ἐν ταὐτῷ πάντας ἀνελεῖν τοὺς Καίσαρος πολεμίους.</p> </div> 
<div type="textpart" subtype="section" n="5"> <p> ἡ μὲν οὖν πόλις ὡς αὐτίκα διαρπαγησομένη θόρυβον <pb n="p.282"/> εἶχε πολύν, ἐν δὲ τοῖς βασιλείοις ἦσαν διαδρομαί, καί τὸν Ὄθων α δεινὴ κατελάμβανεν ἀπορία. φοβούμενος γὰρ ὑπὲρ τῶν ἀνδρῶν αὐτὸς ἦν φοβερὸς ἐκείνοις, καί πρὸς αὑτὸν ἀνηρτημένους ἑώρα ταῖς ὄψεσιν ἀναύδους καί περιδεεῖς, ἐνίους καί μετὰ γυναικῶν ἥκοντας ἐπὶ τὸ δεῖπνον.</p></div> 
<div type="textpart" subtype="section" n="6"> <p> ἅμα δὲ τοὺς ἐπάρχους ἀπέστελλε τοῖς στρατιώταις διαλέγεσθαι καί πραΰνειν κελεύσας, ἅμα δὲ τοὺς κεκλημένους ἄνδρας ἀναστήσας καθʼ ἑτέρας θύρας ἀφῆκε· καί μικρὸν ἔφθησαν ὑπεκφυγόντες, διὰ τῶν μισθοφόρων ὠθουμένων εἰς τὸν ἀνδρῶνα καί πυνθανομένων τί γεγόνασιν οἱ Καίσαρος πολέμιοι.</p></div> 
<div type="textpart" subtype="section" n="7"> <p> τότε μὲν οὖν ὀρθὸς ἀπὸ τῆς κλίνης πολλὰ <pb n="paris.1624.1068"/> παρηγορήσας καί δεηθεὶς καί μηδὲ δακρύων φεισάμενος μόλις ἀπέπεμψεν αὐτούς· τῇ δʼ ὑστεραίᾳ δωρησάμενος ἅπαντας κατʼ ἄνδρα χιλίαις καί διακοσίαις καί πεντήκοντα δραχμαῖς εἰσῆλθεν εἰς τὸ στρατόπεδον, </p> </div> 
    <div type="textpart" subtype="section" n="8"> <p>καί τὸ μὲν πλῆθος ἐπῄνεσεν, ὡς πρὸς αὐτὸν εὔνουν καί πρόθυμον, ὀλίγους δέ τινας οὐκ ἐπʼ ἀγαθῷ φήσας ὑποικουρεῖν, διαβάλλοντας αὐτοῦ τὴν μετριότητα καί τὴν ἐκείνων εὐστάθειαν, ἠξίου συναγανακτεῖν καί συγκολάζειν. ἐπαινούντων δὲ πάντων καί κελευόντων, δύο μόνους παραλαβών, οἷς οὐδεὶς ἔμελλεν ἄχθεσθαι κολασθεῖσιν, ἀπηλλάγη.</p></div> </div> 
<div type="textpart" subtype="chapter" n="4"> 
<div type="textpart" subtype="section" n="1"> <p> ταῦτα οἱ μὲν ἀγαπῶντες ἤδη καὶ πιστεύοντες ἐθαύμαζον τὴν μεταβολήν, οἱ δʼ ἀναγκαῖα πολιτεύματα πρὸς τὸν καιρὸν ἡγοῦντο, <pb n="p.284"/> δημαγωγοῦντος αὐτοῦ διὰ τὸν πόλεμον. ἤδη γὰρ ἠγγέλλετο βεβαίως Οὐϊτέλλιος ἀξίωμα καὶ δύναμιν αὐτοκράτορος ἀνειληφώς· καὶ πτεροφόροι συνεχῶς ἐφοίτων ἀεί τι προσχωρεῖν ἐκείνῳ φράζοντες, ἕτεροι δὲ τὰ Παννονικὰ καὶ τὰ Δαλματικὰ καὶ τὰ περὶ Μυσίαν στρατεύματα δηλοῦντες ᾑρῆσθαι μετὰ τῶν ἡγεμόνων Ὄθωνα.</p></div> 
<div type="textpart" subtype="section" n="2"> <p> ταχὺ δὲ ἀφίκετο καὶ παρὰ Μουκιανοῦ γράμματα καὶ παρὰ Οὐεσπεσιανοῦ φίλια, τοῦ μὲν ἐν Συρίᾳ, τοῦ δὲ ἐν Ἰουδαίᾳμεγάλας δυνάμεις ἐχόντων, ὑφʼ ὧν ἐπαιρόμενος ἔγραψεν Οὐϊτελλίῳ παραινῶν στρατιωτικὰ φρονεῖν, ὡς χρήματα πολλὰ δώσοντος αὐτοῦ καὶ πόλιν, ἐν ᾗ βιώσεται ῥᾷστον καὶ ἥδιστον βίον μεθʼ ἡσυχίας.</p></div> 
<div type="textpart" subtype="section" n="3"> <p> ἀντέγραψε δὲ κἀκεῖνος αὐτῷ κατειρωνευόμενος ἡσυχῆ πρῶτον ἐκ δὲ τούτου διερεθιζόμενοι πολλὰ βλάσφημα καὶ ἀσελγῆ χλευάζοντες ἀλλήλοις ἔγραφον, οὐ ψευδῶς μέν, ἀνοήτως δὲ καὶ γελοίως θατέρου τὸν ἕτερον ἃ προσῆν ἀμφοτέροις ὀνείδη λοιδοροῦντος. ἀσωτίας γὰρ καὶ μαλακίας καὶ ἀπειρίας πολέμων καὶ τῶν πρόσθεν ἐπὶ πενίᾳ χρεῶν πλήθους ἔργον ἦν εἰπεῖν ὁποτέρῳ μεῖον αὐτῶν μέτεστι.</p></div> 
<div type="textpart" subtype="section" n="4"> <p><milestone unit="para"/>σημείων δὲ καὶ φαντασμάτων πολλῶν λεγομένων, τὰ μὲν ἄλλα φήμας ἀδεσπότους καὶ ἀμφιβόλους εἶχεν, ἐν δὲ Καπιτωλίῳ Νίκης ἐφεστώσης ἅρματι τὰς ἡνίας πάντες εἶδον ἀφειμένας ἐκ τῶν χειρῶν, ὥσπερ κρατεῖν μὴ δυναμένης, καὶ τὸν ἐν μεσοποταμίᾳ νήσῳ Γαΐου Καίσαρος ἀνδριάντα <pb n="p.286"/> μήτε σεισμοῦ γεγονότος μήτε πνεύματος ἀφʼ ἑσπέρας μεταστραφέντα πρὸς τὰς ἀνατολάς· </p> </div> 
<div type="textpart" subtype="section" n="5"> <p> ὅ φασι συμβῆναι περὶ τὰς ἡμέρας ἐκείνας ἐν αἷς οἱ περὶ Οὐεσπεσιανὸν ἐμφανῶς ἤδη τῶν πραγμάτων ἀντελαμβάνοντο. καὶ τὸ περὶ τὸν Θύμβριν δὲ σύμπτωμα σημεῖον ἐποιοῦντο οἱ πολλοὶ μοχθηρόν. ἦν μὲν γὰρ ὥρα περὶ ἣν μάλιστα οἱ ποταμοὶ πλήθουσιν, ἀλλʼ οὔπω τοσοῦτος ἤρθη πρότερον, οὐδὲ ἀπώλεσε τοσαῦτα καὶ διέφθειρεν, ὑπερχυθεὶς καὶ κατακλύσας πολὺ μέρος τῆς πόλεως, πλεῖστον δὲ ἐν ᾧ τὸν ἐπὶ πράσει διαπωλοῦσι σῖτον, ὡς δεινὴν ἀπορίαν ἡμερῶν συχνῶν κατασχεῖν.</p></div> </div> 
<div type="textpart" subtype="chapter" n="5"> 
<div type="textpart" subtype="section" n="1"> <p> ἐπεὶ δὲ τὰς Ἄλπεις κατέχοντες ἤδη προσηγγέλλοντο Κεκίνας καὶ Οὐάλης Οὐϊτελλίῳ στρατηγοῦντες, ἐν Ῥώμῃ Δολοβέλλας, εὐπατρίδης ἀνήρ, ὑποψίαν παρεῖχε τοῖς μισθοφόροις νεώτερα φρονεῖν. ἐκεῖνον μὲν οὖν, εἴτε αὐτὸν εἴτε ἄλλον δεδοικώς, εἰς πόλιν Ἀκύνιον παρέπεμψε παραθαρρύνας. καταλέγων δὲ τῶν ἐν τέλει συνεκδήμους ἔταξεν ἐν τούτοις καὶ Λεύκιον τὸν Οὐϊτελλίου ἀδελφόν, οὔτε προσθεὶς οὐδὲν οὔτε ἀφελὼν ἧς εἶχε τιμῆς.</p> </div> 
<div type="textpart" subtype="section" n="2"> <p> ἰσχυρῶς δὲ καὶ τῆς μητρὸς ἐπεμελήθη τοῦ Οὐϊτελλίου καὶ τῆς γυναικός, ὅπως μηδὲν φοβήσονται περὶ αὑτῶν, τῆς δὲ Ῥώμης φύλακα Φλαούιον Σαβῖνον, ἀδελφὸν Οὐεσπεσιανοῦ, κατέστησεν, εἴτε καὶ τοῦτο πράξας ἐπὶ τιμῇ Νέρωνος παρʼ ἐκείνου γὰρ εἰλήφει τὴν ἀρχὴν ὁ Σαβῖνος, ἀφείλετο δὲ Γάλβας αὐτόν, εἴτε μᾶλλον εὔνοιαν ἐνεδείκνυτο Οὐεσπεσιανῷ καὶ πίστιν αὔξων Σαβῖνον.</p></div> 
<div type="textpart" subtype="section" n="3"> <p><milestone unit="para"/>αὐτὸς μὲν οὖν ἐν Βριξίλλῳ, πόλει τῆς Ἰταλίας <pb n="p.288"/> περὶ τὸν Ἠριδανὸν ἀπελείφθη, στρατηγοὺς δὲ τῶν δυνάμεων ἐξέπεμψε Μάριόν τε Κέλσον καὶ <pb n="paris.1624.1069"/> Σουητώνιον Παυλῖνον ἔτι τε Γάλλον καὶ Σπουρίναν, ἄνδρας ἐνδόξους, χρήσασθαι δὲ μὴ δυνηθέντας ἐπὶ τῶν πραγμάτων ὡς προῃροῦντο τοῖς ἑαυτῶν λογισμοῖς διʼ ἀταξίαν καὶ θρασύτητα τῶν στρατιωτῶν.</p></div> 
<div type="textpart" subtype="section" n="4"> <p> οὐ γὰρ ἠξίουν ἑτέρων ἀκούειν, ὡς παρʼ αὑτῶν τοῦ αὐτοκράτορος τὸ ἄρχειν ἔχοντος. ἦν μὲν οὖν οὐδὲ τὰ τῶν πολεμίων ὑγιαίνοντα παντάπασιν οὐδὲ χειροήθη τοῖς ἡγεμόσιν, ἀλλʼ ἔμπληκτα καὶ σοβαρὰ διὰ τὴν αὐτὴν αἰτίαν. οὐ μὴν ἀλλʼ ἐκείνοις ἐμπειρία γε παρῆν τοῦ μάχεσθαι καὶ τὸ κάμνειν<note anchored="true" place="unspecified" resp="ed" xml:lang="eng"> <foreign xml:lang="grc">τὸ κάμνειν</foreign> Bekker, after Coraës: <foreign xml:lang="grc">τοῦ κάμνειν</foreign>.</note> ἐθάδες ὄντες οὐκ ἔφευγον, </p></div> 
<div type="textpart" subtype="section" n="5"> <p> οὗτοι δὲ μαλακοὶ μὲν ἦσαν ὑπὸ σχολῆς καὶ διαίτης ἀπολέμου, πλεῖστον χρόνον ἐν θεάτροις καὶ πανηγύρεσι καὶ παρὰ σκηνὴν βεβιωκότες, ὕβρει δὲ καὶ κόμπῳ ἐπαμπέχειν ἐβούλοντο, προσποιήσασθαι τὰς λειτουργίας ὡς κρείττονες ἀπαξιοῦντες, οὐχ ὡς ἀδύνατοι φέρειν. ὁ δὲ Σπουρίνας προσβιαζόμενος αὐτοὺς ἐκινδύνευσε μικρὸν ἐλθόντας ἀνελεῖν αὐτόν.</p></div> 
<div type="textpart" subtype="section" n="6"> <p> ὕβρεως δὲ καὶ βλασφημίας οὐδεμιᾶς ἐφείσαντο, προδότην καὶ λυμεῶνα τῶν Καίσαρος καιρῶν καὶ πραγμάτων λέγοντες, ἔνιοι δὲ καὶ μεθυσθέντες ἤδη νυκτὸς ἦλθον ἐπὶ τὴν σκηνὴν ἐφόδιον αἰτοῦντες· εἶναι γὰρ αὐτοῖς πρὸς Καίσαρα βαδιστέον, ὅπως ἐκείνου κατηγορήσωσιν.</p></div> </div> 
<div type="textpart" subtype="chapter" n="6"> 
<div type="textpart" subtype="section" n="1"> <p> ὤνησε δὲ τὰ πράγματα καὶ Σπουρίναν ἐν τῷ παραυτίκα λοιδορία περὶ Πλακεντίαν γενομένη τῶν στρατιωτῶν, οἱ γὰρ Οὐϊτελλίου τοῖς τείχεσι προσβάλλοντες ἐχλεύαζον τοὺς Ὄθωνος ἑστῶτας <pb n="p.290"/> παρὰ τὰς ἐπάλξεις, σκηνικοὺς καὶ πυρριχιστὰς καὶ Πυθίων καὶ Ὀλυμπίων θεωρούς, πολέμου δὲ καὶ στρατείας ἀπείρους καὶ ἀθεάτους ἀποκαλοῦντες, καὶ μέγα φρονοῦντας ἐπὶ τῷ γέροντος ἀνόπλου κεφαλὴν ἀποτεμεῖν, τὸν Γάλβαν λέγοντες, εἰς δὲ ἀγῶνα καὶ μάχην ἀνδρῶν οὐκ ἂν ἐκφανῶς καταβάντας.</p></div> 
<div type="textpart" subtype="section" n="2"> <p> οὕτω γὰρ ἐταράχθησαν ὑπὸ τούτων τῶν ὀνειδῶν καὶ διεκάησαν ὥστε προσπεσεῖν τῷ Σπουρίνᾳ, δεόμενοι χρῆσθαι καὶ προστάττειν αὐτοῖς, οὐδένα κίνδυνον οὐδὲ πόνον ἀπολεγομένοις. ἰσχυρᾶς δὲ συστάσης τειχομαχίας καὶ μηχανημάτων πολλῶν προσαχθέντων ἐκράτησαν οἱ τοῦ Σπουρίνα, καὶ φόνῳ πολλῷ τοὺς ἐναντίους ἀποκρουσάμενοι διετήρησαν ἔνδοξον πόλιν καὶ τῶν Ἰταλῶν οὐδεμιᾶς ἧττον ἀνθοῦσαν. </p> </div> 
<div type="textpart" subtype="section" n="3"> <p><milestone unit="para"/>ἦσαν δὲ καὶ τὰ ἄλλα τῶν Οὐϊτελλίου στρατηγῶν οἱ Ὄθωνος ἐντυχεῖν ἀλυπότεροι καὶ πόλεσι καὶ ἰδιώταις ἐκείνων δὲ Κεκίνας μὲν οὔτε φωνὴν οὔτε σχῆμα δημοτικός, ἀλλʼ ἐπαχθὴς καὶ ἀλλόκοτος, σώματος μεγάλου, Γαλατικῶς ἀναξυρίσι καὶ χειρῖσιν ἐνεσκευασμένος, σημείοις καὶ ἄρχουσι Ῥωμαϊκοῖς διαλεγόμενος.</p> </div> 
<div type="textpart" subtype="section" n="4"> <p> καὶ τὴν γυναῖκα παρέπεμπον αὐτῷ λογάδην ἱππεῖς ὀχουμένην ἵππῳ κεκοσμημένην ἐπιφανῶς. Φάβιον δὲ Οὐάλεντα τὸν ἕτερον στρατηγὸν οὔτε ἁρπαγαὶ πολεμίων οὔτε κλοπαὶ καὶ δωροδοκίαι παρὰ συμμάχων ἐνεπίμπλασαν χρηματιζόμενον, ἀλλὰ καὶ ἐδόκει διὰ τοῦτο βραδέως ὁδεύων ὑστερῆσαι τῆς προτέρας μάχης.</p> </div> 
<div type="textpart" subtype="section" n="5"> <p> οἱ δὲ τὸν Κεκίναν αἰτιῶνται, σπεύδοντα τὴν νίκην ἑαυτοῦ γενέσθαι πρὶν ἐκεῖνον <pb n="p.292"/> ἐλθεῖν, ἄλλοις τε μικροτέροις περιπεσεῖν ἁμαρτήμασι καὶ μάχην οὐ κατὰ καιρὸν οὐδὲ γενναίως συνάψαι, μικροῦ πάντα τὰ πράγματα διαφθείρασαν αὐτοῖς.</p></div> </div> 
<div type="textpart" subtype="chapter" n="7"> 
<div type="textpart" subtype="section" n="1"> <p> ἐπεὶ γὰρ ἀποκρουσθεὶς τῆς Πλακεντίας ὁ Κεκίνας ἐπὶ Κρεμώνην ὥρμησεν, ἑτέραν πόλιν εὐδαίμονα καὶ μεγάλην, πρῶτος μὲν Ἄννιος Γάλλος πρὸς Πλακεντίαν Σπουρίνᾳ βοηθῶν, ὡς ἤκουσε καθʼ ὁδὸν τοὺς Πλακεντίνους περιγεγονέναι, κινδυνεύειν δὲ τοὺς ἐν Κρεμώνῃ, μετήγαγεν ἐκεῖ τὸ στράτευμα καὶ κατεστρατοπέδευσε πλησίον τῶν πολεμίων ἔπειτα καὶ τῶν ἄλλων ἕκαστος ἐβοήθει τῷ στρατηγῷ.</p> </div> 
<div type="textpart" subtype="section" n="2"> <p> τοῦ δὲ Κεκίνα λοχίσαντος εἰς λάσια χωρία καὶ ὑλώδη πολλοὺς ὁπλίτας, ἱππεῖς δὲ προεξελάσαι κελεύσαντος, κἂν <pb n="paris.1624.1070"/> συνάψωσιν οἱ πολέμιοι κατὰ μικρὸν ἀναχωρεῖν καὶ ἀναφεύγειν, ἄχρι ἂν ὑπάγοντες οὕτως ἐμβάλωσιν αὐτοὺς εἰς τὴν ἐνέδραν, ἐξήγγειλαν αὐτόμολοι τῷ Κέλσῳ. καὶ οὗτος μὲν ἱππεῦσιν ἀγαθοῖς ἀντεξελάσας, πεφυλαγμένως δὲ χρώμενος τῇ διώξει καὶ τὴν ἐνέδραν περισχὼν καὶ συνταράξας, ἐκάλει τοὺς ὁπλίτας ἐκ τοῦ στρατοπέδου.</p></div> 
<div type="textpart" subtype="section" n="3"> <p> καὶ δοκοῦσιν ἂν ἐπελθόντες ἐν καιρῷ μηδένα λιπεῖν τῶν πολεμίων, ἀλλὰ πᾶν τὸ μετὰ Κεκίνα στράτευμα συντρῖψαι καὶ ἀνελεῖν ἐπισπόμενοι τοῖς ἱππεῦσι· νυνὶ δὲ ὁ Παυλῖνος ὀψὲ καὶ σχολῇ προσβοηθήσας αἰτίαν ἔσχεν ἐνδεέστερον τῆς δόξης στρατηγῆσαι διʼ εὐλάβειαν.</p></div> 
<div type="textpart" subtype="section" n="4"> <p> οἱ δὲ πολλοὶ τῶν στρατιωτῶν καὶ προδοσίαν ἐνεκάλουν αὐτῷ, καὶ παρώξυνον τὸν Ὄθωνα, <pb n="p.294"/> μεγαληγοροῦντες ὡς νενικηκότων αὐτῶν, τῆς δὲ νίκης οὐκ ἐπὶ πᾶν προελθούσης κακίᾳ τῶν στρατηγῶν. ὁ δὲ Ὄθων οὐχ οὕτως ἐπίστευεν αὐτοῖς ὡς ἐβούλετο μὴ δοκεῖν ἀπιστεῖν. ἔπεμψεν οὖν Τιτιανὸν ἐπὶ τὰ στρατεύματα τὸν ἀδελφὸν καὶ Πρόκλον τὸν ἔπαρχον, ὃς εἶχεν ἔργῳ τὴν πᾶσαν ἀρχήν, πρόσχημα δὲ ἦν ὁ Τιτιανός.</p></div> 
<div type="textpart" subtype="section" n="5"> <p> οἱ δὲ περὶ τὸν Κέλσον καὶ Παυλῖνον ἄλλως ἐφείλκοντο συμβούλων ὄνομα καὶ φίλων, ἐξουσίαν καὶ δύναμιν ἐν τοῖς πράγμασι μηδεμίαν ἔχοντες, ἦν δὲ θορυβώδη καὶ τὰ παρὰ τοῖς πολεμίοις, μάλιστα δὲ τοῖς ὑπὸ τῷ Οὐάλεντι· καὶ τῆς περὶ τὴν ἐνέδραν μάχης ἀπαγγελθείσης ἐχαλέπαινον ὅτι μὴ παρεγένοντο μηδὲ ἤμυναν ἀνδρῶν τοσούτων ἀποθανόντων, μόλις δὲ πείσας καὶ παραιτησάμενος ὡρμημένους αὐτοὺς βάλλειν ἀνέζευξε καὶ συνῆψε τοῖς περὶ Κεκίναν.</p></div> </div> 
<div type="textpart" subtype="chapter" n="8"> 
<div type="textpart" subtype="section" n="1"> <p> ὁ δὲ Ὄθων παραγενόμενος εἰς Βητριακὸν εἰς τὸ στρατόπεδον ἔστι δὲ πολίχνη πλησίον Κρεμώνης τὸ Βητριακόν ἐβουλεύετο περὶ τῆς μάχης, καὶ Πρόκλῳ μὲν ἐδόκει καὶ Τιτιανῷ, τῶν στρατευμάτων ὄντων προθύμων καὶ προσφάτου τῆς νίκης, διαγωνίσασθαι καὶ μὴ καθῆσθαι τὴν ἀκμὴν ἀμβλύνοντα τῆς δυνάμεως καὶ περιμένοντα Οὐϊτέλλιον αὐτὸν ἐκ Γαλατίας ἐπελθεῖν· </p> </div> 
<div type="textpart" subtype="section" n="2"> <p>Παυλῖνος δὲ τοῖς μὲν πολεμίοις ἔφη πάντα μεθʼ ὧν μαχοῦνται παρεῖναι, καὶ μηδὲν ἐνδεῖν, Ὄθωνι δὲ τῆς ἤδη παρούσης οὐκ ἐλάττονα προσδόκιμον εἶναι δύναμιν ἐκ Μυσίας καὶ Παννονίας, ἂν τὸν αὑτοῦ περιμένῃ καιρόν, ἀλλὰ μὴ στρατηγῇ πρὸς τὸν τῶν πολεμίων.</p> </div> 
<div type="textpart" subtype="section" n="3"> <p> οὐ γὰρ ἀμβλυτέροις γε <pb n="p.296"/> χρήσεσθαι τότε τοῖς νῦν θαρροῦσιν ἀπʼ ἐλαττόνων, ἂν πλείονας τοὺς ἀγωνιζομένους προσλάβωσιν, ἀλλʼ ἐκ περιουσίας ἀγωνιεῖσθαι· καὶ χωρὶς δὲ τούτου τὴν διατριβὴν εἶναι πρὸς αὐτῶν ἐν ἀφθόνοις πᾶσιν ὄντων, ἐκείνοις δὲ τὸν χρόνον ἀπορίαν παρέξειν τῶν ἀναγκαίων ἐν πολεμίᾳ καθεζομένοις.</p></div> 
<div type="textpart" subtype="section" n="4"> <p> ταῦτα λέγοντι Παυλίνῳ Μάριος Κέλσος ἐγένετο σύμψηφος. Ἄννιος δὲ Γάλλος οὐ παρῆν μέν, ἀλλʼ ἐθεραπεύετο πεπτωκὼς ἀφʼ ἵππου, γράψαντος δὲ Ὄθωνος αὐτῷ συνεβούλευσε μὴ σπεύδειν, ἀλλὰ τὴν ἐκ Μυσίας περιμένειν δύναμιν ἤδη καθʼ ὁδὸν οὖσαν. οὐ μὴν ἐπείθετο τούτοις, ἀλλὰ ἐκράτησαν οἱ πρὸς τὴν μάχην παρορμῶντες.</p></div> </div> 
<div type="textpart" subtype="chapter" n="9"> 
<div type="textpart" subtype="section" n="1"> <p> αἰτίαι δὲ πλείονες ἄλλαι ὑπʼ ἄλλων λέγονται προδήλως δὲ οἱ στρατηγικοὶ προσαγορευόμενοι καὶ τάξιν ἔχοντες δορυφόρων, τότε μᾶλλον ἀληθινῆς γευόμενοι στρατείας καὶ τὰς ἐν Ῥώμῃ διατριβὰς καὶ διαίτας ἀπολέμους καὶ πανηγυρικὰς ποθοῦντες, οὐκ ἦσαν καθεκτοὶ σπεύδοντες ἐπὶ τὴν μάχην, ὡς εὐθὺς ἐξ ἐπιδρομῆς ἀναρπασόμενοι τούς ἐναντίους.</p> </div> 
<div type="textpart" subtype="section" n="2"> <p> δοκεῖ δὲ μηδὲ αὐτὸς Ὄθων ἐξαναφέρειν ἔτι πρὸς τὴν ἀδηλότητα μηδὲ ὑπομένειν ἀηθείᾳ καὶ μαλακότητι τούς περὶ τῶν δεινῶν λογισμούς, ἐκπονούμενος δὲ ταῖς φροντίσι σπεύδειν ἐγκαλυψάμενος, ὥσπερ ἀπὸ κρημνοῦ, μεθεῖναι τὰ πράγματα πρὸς τὸ συντυχόν.</p></div> 
<div type="textpart" subtype="section" n="3"> <p> καὶ <pb n="paris.1624.1071"/> τοῦτο μὲν διηγεῖτο Σεκοῦνδος ὁ ῥήτωρ ἐπὶ τῶν ἐπιστολῶν γενόμενος τοῦ Ὄθωνος. ἑτέρων δὲ ἦν <pb n="p.298"/> ἀκούειν ὅτι τοῖς στρατεύμασιν ἀμφοτέροις παρίσταντο ὁρμαὶ πολλαὶ ὡς εἰς ταὐτὸ συνελθεῖν καὶ μάλιστα μὲν αὐτοὺς ὁμοφρονήσαντας ἐκ τῶν παρόντων ἡγεμονικῶν ἑλέσθαι τὸν ἄριστον, εἰ δὲ μή, τὴν σύγκλητον ὁμοῦ καθίσαντας ἐφεῖναι τὴν αἵρεσιν ἐκείνῃ τοῦ αὐτοκράτορος.</p></div> 
<div type="textpart" subtype="section" n="4"> <p> καὶ οὐκ ἀπεικός ἐστι, μηδετέρου τότε τῶν προσαγορευομένων αὐτοκρατόρων εὐδοκιμοῦντος, ἐπιπίπτειν τοιούτους διαλογισμοὺς τοῖς γνησίοις καὶ διαπόνοις καὶ σωφρονοῦσι τῶν στρατιωτῶν, ὡς ἔχθιστον εἴη καὶ δεινόν, ἃ πάλαι διὰ Σύλλαν καὶ Μάριον, εἶτα Καίσαρα καὶ Πομπήϊον ᾠκτείροντο δρῶντες ἀλλήλους καὶ πάσχοντες οἱ πολῖται, ταῦτα νῦν ὑπομένειν ἢ Οὐϊτελλίῳ λαιμαργίας καὶ οἰνοφλυγίας ἢ τρυφῆς καὶ ἀκολασίας Ὄθωνι τὴν ἡγεμονίαν χορήγημα προθεμένους.</p></div> 
<div type="textpart" subtype="section" n="5"> <p> ταῦτʼ οὖν ὑπονοοῦσι τούς τε περὶ τὸν Κέλσον αἰσθανομένους ἐμβαλεῖν διατριβήν, ἐλπίζοντας ἄνευ μάχης καὶ πόνων κριθήσεσθαι τὰ πράγματα, καὶ τούς περὶ τὸν Ὄθωνα φοβουμένους ἐπιταχῦναι τὴν μάχην.</p></div> </div> 
<div type="textpart" subtype="chapter" n="10"> 
<div type="textpart" subtype="section" n="1"> <p> αὐτὸς δὲ πάλιν εἰς Βρίξιλλον ἀνεχώρησε, καὶ τοῦτο προσεξαμαρτών, οὐχ ὅτι μόνον τὴν ἐν ὀφθαλμοῖς αὐτοῦ παρόντος αἰδῶ καὶ φιλοτιμίαν ἀφεῖλε τῶν ἀγωνιζομένων, ἀλλὰ καὶ τοὺς ἐρρωμενεστάτους καὶ προθυμοτάτους διʼ αὐτὸν ἱππεῖς καὶ πεζοὺς ἀπαγαγὼν φυλακὴν τοῦ σώματος ὡσπερεὶ στόμωμα τῆς δυνάμεως ἀπέκοψε.</p></div> 
<div type="textpart" subtype="section" n="2"> <p><milestone unit="para"/>συνέβη δὲ ταῖς ἡμέραις ἐκείναις καὶ περὶ τὸν Ἠριδανὸν ἀγῶνα γενέσθαι, τοῦ μὲν Κεκίνα ζευγνύντος τὴν διάβασιν, τῶν δὲ Ὄθωνος εἰργόντων <pb n="p.300"/> καὶ προσμαχομένων. ὡς δὲ οὐδὲν ἐπέραινον, ἐνθεμένων εἰς τὰ πλοῖα δᾷδα θείου καὶ πίττης ἀνάπλεων, διὰ τοῦ πόρου πνεῦμα προσπεσὸν ἄφνω τὴν παρεσκευασμένην ὕλην ἐπὶ τοὺς πολεμίους ἐξερρίπιζε.</p></div> 
<div type="textpart" subtype="section" n="3"> <p> καπνοῦ δὲ πρῶτον, εἶτα λαμπρᾶς φλογὸς ἐκπεσούσης, ταραττόμενοι καὶ ἀποπηδῶντες εἰς τὸν ποταμὸν τάς τε ναῦς ἀνέτρεπον καὶ τὰ σώματα τοῖς πολεμίοις μετὰ γέλωτος παρεῖχον. οἱ δὲ Γερμανοὶ τοῖς Ὄθωνος μονομάχοις περὶ νησῖδα τοῦ ποταμοῦ προσμίξαντες ἐκράτησαν καὶ διέφθειραν αὐτῶν οὐκ ὀλίγους.</p></div> </div> 
<div type="textpart" subtype="chapter" n="11"> 
<div type="textpart" subtype="section" n="1"> <p> γενομένων δὲ τούτων, καὶ τῶν ἐν Βητριακῷ στρατιωτῶν τοῦ Ὄθωνος ἐκφερομένων μετʼ ὀργῆς ἐπὶ τὴν μάχην, προήγαγεν αὐτοὺς ὁ Πρόκλος ἐκ τοῦ Βητριακοῦ, καὶ κατεστρατοπέδευσεν ἀπὸ πεντήκοντα σταδίων οὕτως ἀπείρως καὶ καταγελάστως ὥστε, τῆς μὲν ὥρας ἐαρινῆς οὔσης, τῶν δὲ κύκλῳ πεδίων πολλὰ νάματα καὶ ποταμοὺς ἀεννάους ἐχόντων, ὕδατος σπάνει πιέζεσθαι.</p></div> 
<div type="textpart" subtype="section" n="2"> <p> τῇ δὲ ὑστεραίᾳ βουλόμενον προάγειν ἐπὶ τοὺς πολεμίους ὁδὸν οὐκ ἐλάττονα σταδίων ἑκατὸν οἱ περὶ τὸν Παυλῖνον οὐκ εἴων, ἀλλʼ ᾤοντο δεῖν περιμένειν καὶ μὴ προπονεῖν ἑαυτούς, μηδὲ εὐθὺς ἐκ πορείας μάχην τίθεσθαι πρὸς ἄνδρας ὡπλισμένους καὶ παρατεταγμένους καθʼ ἡσυχίαν, ἐν ὅσῳ χρόνῳ προΐασιν αὐτοὶ τοσαύτην ὁδὸν ἀναμεμιγμένων ὑποζυγίων καὶ ἀκολούθων.</p> </div> 
<div type="textpart" subtype="section" n="3"> <p> οὔσης δὲ περὶ τούτων ἀντιλογίας ἐν τοῖς στρατηγοῖς ἦλθε παρʼ Ὄθωνος ἱππεὺς τῶν καλουμένων Νομάδων γράμματα κομίζων κελεύοντα μὴ μένειν μηδὲ διατρίβειν, ἀλλʼ ἄγειν εὐθὺς ἐπὶ τοὺς πολεμίους, ἐκεῖνοι μὲν οὖν ἄραντες ἐχώρουν, ὁ δὲ Κεκίνας <pb n="p.302"/> πυθόμενος τὴν ἔφοδον αὐτῶν ἐθορυβήθη, καὶ κατὰ σπουδὴν ἀπολιπὼν τὰ ἔργα καὶ τὸν ποταμὸν ἧκεν εἰς τὸ στρατόπεδον.</p></div> 
<div type="textpart" subtype="section" n="4"> <p> ὡπλισμένων δὲ ἤδη τῶν πολλῶν, καὶ τὸ σύνθημα παραλαμβανόντων παρὰ τοῦ Οὐάλεντος, ἐν ὅσῳ τὴν τάξιν διελάγχανε τὰ τάγματα, τοὺς ἀρίστους τῶν ἱππέων προεξέπεμψαν.</p></div> </div> 
<div type="textpart" subtype="chapter" n="12"> 
<div type="textpart" subtype="section" n="1"> <p> ἐμπίπτει δὲ τοῖς προτεταγμένοις τῶν Ὄθωνος ἐκ δή τινος αἰτίας δόξα καὶ λόγος ὡς μεταβαλουμένων τῶν Οὐϊτελλίου στρατηγῶν πρὸς αὐτούς, ὡς οὖν ἐγγὺς ἦσαν, ἠσπάσαντο φιλίως συστρατιώτας προσαγορεύσαντες. ἐκείνων δὲ τὴν προσαγόρευσιν οὐκ εὐμενῶς, ἀλλὰ μετὰ θυμοῦ καὶ φωνῆς πολεμικῆς ἀμειψαμένων, τοῖς μὲν ἀσπασαμένοις ἀθυμία, τοῖς δὲ λοιποῖς ὑπόνοια κατὰ τῶν ἀσπασαμένων ὡς προδιδόντων παρέστη.</p> </div> 
<div type="textpart" subtype="section" n="2"> <p> καὶ τοῦτο πρῶτον αὑτοὺς ἐτάραξεν <pb n="paris.1624.1072"/> ἤδη τῶν πολεμίων ἐν χερσὶν ὄντων, εἶτα τῶν ἄλλων οὐδὲν ἦν κόσμῳ γινόμενον, ἀλλὰ πολλὴν μὲν ἀταξίαν τὰ σκευοφόρα τοῖς μαχομένοις ἐμπλαζόμενα παρεῖχε, πολλοὺς δὲ τὰ χωρία διασπασμοὺς ἐποίει τάφρων ὄντα μεστὰ καὶ ὀρυγμάτων, ἃ φοβούμενοι καὶ περιϊόντες ἠναγκάζοντο φύρδην καὶ κατὰ μέρη πολλὰ συμπλέκεσθαι τοῖς ἐναντίοις.</p></div> 
<div type="textpart" subtype="section" n="3"> <p> μόναι δὲ δύο λεγεῶνες οὕτω γὰρ τὰ τάγματα Ῥωμαῖοι καλοῦσιν, ἐπίκλησιν ἡ μὲν Οὐϊτελλίου Ἅρπαξ, ἡ δὲ Ὄθωνος Βοηθός, εἰς πεδίον ἐξελίξασαι ψιλὸν καὶ ἀναπεπταμένον, νόμιμόν τινα μάχην, συμπεσοῦσαι φαλαγγηδόν, ἐμάχοντο πολὺν χρόνον. οἱ μὲν οὖν Ὄθωνος ἄνδρες ἦσαν εὔρωστοι καὶ ἀγαθοί, πολέμου δὲ καὶ μάχης τότε πρῶτον πεῖραν λαμβάνοντες· οἱ <pb n="p.304"/> δὲ Οὐϊτελλίου πολλῶν ἀγώνων ἐθάδες, ἤδη δὲ γηραιοὶ καὶ παρακμάζοντες.</p></div> 
<div type="textpart" subtype="section" n="4"> <p><milestone unit="para"/>ὁρμήσαντες οὖν ἐπʼ αὑτοὺς οἱ Ὄθωνος ἐώσαντο καὶ τόν ἀετὸν ἀφείλοντο, πάντας ὁμοῦ τι τοὺς προμάχους ἀποκτείναντες· οἱ δὲ ὑπὸ αἰσχύνης καὶ ὀργῆς ἐμπεσόντες αὐτοῖς τόν τε πρεσβευτὴν τοῦ τάγματος Ὀρφίδιον ἔκτειναν καὶ πολλὰ τῶν σημείων ἥρπασαν. τοῖς δὲ μονομάχοις ἐμπειρίαν τε καὶ θάρσος ἔχειν πρὸς τὰς συμπλοκὰς δοκοῦσιν ἐπήγαγεν Οὔαρος Ἀλφῆνος τοὺς καλουμένους Βατάβους.</p></div> 
<div type="textpart" subtype="section" n="5"> <p> εἰσὶ δὲ Γερμανῶν ἱππεῖς ἄριστοι, νῆσον οἰκοῦντες ὑπὸ τοῦ Ῥήνου περιρρεομένην. τούτους ὀλίγοι μὲν τῶν μονομάχων ὑπέστησαν, οἱ δὲ πλεῖστοι φεύγοντες ἐπὶ τόν ποταμὸν ἐμπίπτουσιν εἰς σπείρας τῶν πολεμίων αὐτόθι τεταγμένας, ὑφʼ ὧν ἀμυνόμενοι πάντες ὁμαλῶς διεφθάρησαν.</p></div> 
<div type="textpart" subtype="section" n="6"> <p> αἴσχιστα δὲ ἠγωνίσαντο πάντων οἱ στρατηγικοί, μηδὲ ὅσον ἐν χερσὶ γενέσθαι τοὺς ἐναντίους ὑπομείναντες, ἀλλὰ καὶ τοὺς ἀηττήτους ἔτι φόβου καὶ ταραχῆς ἀνεπίμπλασαν φεύγοντες διʼ αὐτῶν, οὐ μὴν ἀλλὰ πολλοί γε τῶν Ὄθωνος νενικηκότες τοὺς καθʼ αὑτοὺς ἐβιάσαντο καὶ διεξέπεσον διὰ τῶν πολεμίων κρατούντων εἰς τὸ στρατόπεδον.</p></div> </div> 
<div type="textpart" subtype="chapter" n="13"> 
<div type="textpart" subtype="section" n="1"> <p> τῶν δὲ στρατηγῶν οὔτε Πρόκλος οὔτε Παυλῖνος συνεισελθεῖν ἐτόλμησαν, ἀλλʼ ἐξέκλιναν φοβούμενοι τοὺς στρατιώτας ἤδη τὴν αἰτίαν ἐπὶ τοὺς στρατηγοὺς τρέποντας. Ἄννιος δὲ Γάλλος ἀνελάμβανεν ἐν τῇ πόλει καὶ παρεμυθεῖτο τοὺς ἐκ τῆς μάχης συλλεγομένους, ὡς ἀγχωμάλου γεγενημένης καὶ πολλοῖς κεκρατηκότας μέρεσι τῶν πολεμίων.</p></div> 
<div type="textpart" subtype="section" n="2"> <p>Μάριος δὲ Κέλσος τοὺς ἐν τέλει <pb n="p.306"/> συναγαγὼν ἐκέλευσε σκοπεῖν τὸ κοινόν, ὡς ἐπὶ συμφορᾷ τηλικαύτῃ καὶ φόνῳ τοσούτῳ πολιτῶν μηδὲ Ὄθωνος, εἴπερ ἀνὴρ ἀγαθός ἐστιν, ἐθελήσοντος ἔτι πειρᾶσθαι τῆς τύχης, ὅπου καὶ Κάτων καὶ Σκηπίων, Καίσαρι κρατοῦντι μετὰ Φάρσαλον εἶξαι μὴ θελήσαντες, αἰτίαν ἔχουσιν ὡς πολλοὺς καὶ ἀγαθοὺς ἄνδρας ἐν Λιβύῃ παραναλώσαντες οὐκ ἀναγκαίως, καίπερ ἀγωνιζόμενοι περὶ τῆς Ῥωμαίων ἐλευθερίας.</p> </div> 
<div type="textpart" subtype="section" n="3"> <p> τὰ γὰρ ἄλλα κοινὴν ἡ τύχη παρέχουσα πᾶσιν ἑαυτὴν ἓν οὐκ ἀφαιρεῖται τῶν ἀγαθῶν, τὸ κἂν πταίσωσιν εὐλογιστεῖν πρὸς τὰ συντυγχάνοντα. <milestone unit="para"/>ταῦτα λέγων ἔπειθε τοὺς ἡγεμονικούς, ἐπεὶ δὲ πειρώμενοι τοὺς στρατιώτας ἑώρων εἰρήνης δεομένους καὶ Τιτιανὸς ἐκέλευε πρεσβεύειν ὑπὲρ ὁμονοίας, ἔδοξε Κέλσῳ καὶ Γάλλῳ βαδίζειν καὶ διαλέγεσθαι τοῖς περὶ τὸν Κεκίναν καὶ Οὐάλεντα.</p> </div> 
<div type="textpart" subtype="section" n="4"> <p> βαδίζουσι δὲ αὐτοῖς ἀπήντησαν ἑκατοντάρχαι τὴν μὲν δύναμιν ἤδη κεκινημένην λέγοντες ἐρχομένην ἐπὶ τὸ Βητριακόν, αὐτοὶ δὲ ὑπὸ τῶν στρατηγῶν ἀπεστάλθαι περὶ ὁμονοίας, ἐπαινέσαντες οὖν οἱ περὶ τὸν Κέλσον ἐκέλευσαν αὐτοὺς ἀναστρέψαντας πάλιν ἀπαντᾶν μετʼ αὐτῶν τοῖς περὶ τὸν Κεκίναν. ἐπεὶ δὲ ἐγγὺς ἦσαν, ἐκινδύνευσεν ὁ Κέλσος. ἔτυχον γὰρ οἱ περὶ τὴν ἐνέδραν ἡττημένοι πρότερον ἱππεῖς προεξελαύνοντες.</p></div> 
<div type="textpart" subtype="section" n="5"> <p> ὡς οὖν προσιόντα τὸν Κέλσον κατεῖδον, εὐθὺς βοήσαντες ὥρμησαν ἐπ αὐτόν, οἱ δὲ ἑκατοντάρχαι προέστησαν ἀνείργοντες· καὶ τῶν ἄλλων λοχαγῶν <pb n="p.308"/> φείδεσθαι βοώντων οἱ περὶ τὸν Κεκίναν πυθόμενοι καὶ προσελάσαντες τὴν ἀκοσμίαν ταχὺ τῶν <pb n="paris.1624.1073"/> ἱππέων ἔπαυσαν, τὸν δὲ Κέλσον ἀσπασάμενοι φιλοφρόνως ἐβάδιζον μετʼ αὐτῶν εἰς τὸ Βητριακόν.</p></div> 
<div type="textpart" subtype="section" n="6"> <p> ἐν δὲ τούτῳ μετάνοια Τιτιανὸν ἔσχεν ἐκπέμψαντα τοὺς πρέσβεις· καὶ τῶν στρατιωτῶν τοὺς θρασυνομένους αὖθις ἀνεβίβαζεν ἐπὶ τὰ τείχη καὶ τοὺς ἄλλους παρεκάλει βοηθεῖν. τοῦ δὲ Κεκίνα προσελάσαντος τῷ ἵππῳ καὶ τὴν δεξιὰν ὀρέγοντος οὐδεὶς ἀντέσχεν, ἀλλʼ οἱ μὲν ἀπὸ τῶν τειχῶν ἠσπάζοντο τοὺς στρατιώτας, οἱ δὲ τὰς πύλας ἀνοίξαντες ἐξῄεσαν καὶ ἀνεμίγνυντο τοῖς προσήκουσιν.</p></div> 
<div type="textpart" subtype="section" n="7"> <p> ἠδίκει δὲ οὐδείς, ἀλλὰ καὶ φιλοφροσύναι καὶ δεξιώσεις ἦσαν, ὤμοσαν δὲ πάντες περὶ τοῦ Οὐϊτελλίου καὶ προσεχώρησαν.</p></div> </div> 
<div type="textpart" subtype="chapter" n="14"> 
<div type="textpart" subtype="section" n="1"> <p> οὕτω μὲν οἱ πλεῖστοι τῶν παραγενομενων ἀπαγγέλλουσι γενέσθαι τὴν μάχην, οὐδὲ αὐτοὶ σαφῶς ὁμολογοῦντες εἰδέναι τὰ καθʼ ἕκαστα διὰ τὴν ἀταξίαν καὶ τὴν ἀνωμαλίαν. ἐμοὶ δὲ ὕστερον ὁδεύοντι διὰ τοῦ πεδίου Μέστριος Φλῶρος, ἀνὴρ ὑπατικὸς τῶν τότε μὴ κατὰ γνώμην, ἀλλʼ ἀνάγκῃ μετὰ τοῦ Ὄθωνος γενομένων, νεὼν ὄντα παλαιὸν ἐπιδείξας διηγεῖτο μετὰ τὴν μάχην ἐπελθὼν ἰδεῖν νεκρῶν σωρὸν τηλικοῦτον ὥστε τοὺς ἐπιπολῆς ἅπτεσθαι τῶν ἀετῶν.</p> </div> 
<div type="textpart" subtype="section" n="2"> <p> καὶ τὴν αἰτίαν ἔφη ζητῶν οὔτε αὐτὸς εὑρεῖν οὔτε παρʼ ἄλλου του πυθέσθαι. θνήσκειν μὲν γὰρ παρά τοὺς ἐμφυλίους πολέμους, ὅταν τροπὴ γένηται, πλείονας εἰκός ἐστι ι, τῷ μηδέν α ζωγρεῖν, χρῆσθαι γὰρ οὐκ ἔστι τοῖς ἁλισκομένοις, ἡ δʼ ἐπὶ τοσοῦτο <pb n="p.310"/> σωρεία καὶ συμφόρησις οὐκ ἔχει τὴν αἰτίαν εὐσυλλόγιστον.</p></div> </div> 
<div type="textpart" subtype="chapter" n="15"> 
<div type="textpart" subtype="section" n="1"> <p> τῷ δὲ Ὄθωνι πρῶτον μὲν ἀσαφής, ὥσπερ εἴωθε περὶ τῶν τηλικούτων, προσέπεσε λόγος· ἐπεὶ δὲ καὶ τετρωμένοι τινὲς ἧκον ἐκ τῆς μάχης ἀπαγγέλλοντες, τοὺς μὲν φίλους ἧττον ἄν τις ἐθαύμασεν οὐκ ἐῶντας ἀπαγορεύειν, ἀλλὰ θαρρεῖν παρακελευομένους, τὸ δὲ τῶν στρατιωτῶν πάθος ἅπασαν ὑπερέβαλε πίστιν. ὡς οὐδεὶς ἀπῆλθεν, </p> </div> 
<div type="textpart" subtype="section" n="2"> <p> οὐδὲ μετέστη πρὸς τοὺς κρατοῦντας, οὐδʼ ὤφθη τὸ καθʼ αὑτὸν ζητῶν ἀπεγνωσμένου τοῦ ἡγεμόνος, πάντες δʼ ὁμαλῶς ἐπὶ θύρας ἦλθον, ἐκάλουν αὐτοκράτορα, προελθόντος ἐγίνοντο προστρόπαιοι, μετὰ βοῆς καὶ ἱκεσίας χειρῶν ἥπτοντο, προσέπιπτον, ἐδάκρυον, ἐδέοντο μὴ σφᾶς ἐγκαταλιπεῖν, μὴ προδοῦναι τοῖς πολεμίοις, ἀλλὰ χρῆσθαι μέχρι ἂν ἐμπνέωσι καὶ ψυχαῖς καὶ σώμασιν ὑπὲρ αὑτοῦ, ταῦτα ὁμοῦ πάντες ἱκέτευον.</p> </div> 
<div type="textpart" subtype="section" n="3"> <p> εἷς δὲ τῶν ἀφανεστέρων ἀνατείνας τὸ ξίφος καὶ εἰπών, <q>ἴσθι, Καῖσαρ, οὕτως ὑπὲρ σοῦ παρατεταγμένους ἅπαντας,</q> ἀπέσφαξεν ἑαυτόν. <milestone unit="para"/>ἀλλὰ τούτων οὐδὲν ἐπέκλασε τὸν Ὄθωνα, φαιδρῷ δὲ καὶ καθεστῶτι προσώπῳ πανταχόσε τὰς ὄψεις περιαγαγών, <q>ταύτην,</q> εἶπεν, <q>ὦ συστρατιῶται, τὴν ἡμέραν ἐκείνης, ἐν ᾗ με πρῶτον ἐποιήσατε αὐτοκράτορα, μακαριωτέραν ἡγοῦμαι, τοιούτους ὁρῶν ὑμᾶς καὶ τηλικούτων ἀξιούμενος.</q></p></div> 
<div type="textpart" subtype="section" n="4"> <p><q rend="merge">ἀλλὰ μὴ μείζονος ἀποστερεῖτε, τοῦ καλῶς ἀποθανεῖν ὑπὲρ τοσούτων καὶ τοιούτων πολιτῶν, εἰ τῆς Ῥωμαίων ἡγεμονίας ἄξιος γέγονα, δεῖ με τῆς ἐμῆς ψυχῆς ὑπὲρ τῆς πατρίδος ἀφειδεῖν. οἶδα τὴν νίκην τοῖς ἐναντίοις οὔτε βεβαίαν οὔτε <pb n="p.312"/> ἰσχυρὰν οὖσαν. ἀπαγγέλλουσι τὴν ἐκ Μυσίας ἡμῶν δύναμιν οὐ πολλῶν ἡμερῶν ὁδὸν ἀπέχειν, ἤδη καταβαίνουσαν ἐπὶ τὸν Ἀδρίαν.</q></p></div> 
<div type="textpart" subtype="section" n="5"> <p><q rend="merge">Ἀσία καὶ Συρία καὶ Αἴγυπτος καὶ τὰ πολεμοῦντα Ἰουδαίοις στρατεύματα μεθʼ ἡμῶν, ἥ τε σύγκλητος παρʼ ἡμῖν καί τέκνα τῶν ἐναντίων καὶ γυναῖκες, ἀλλʼ οὐκ ἔστι πρὸς Ἀννίβαν οὐδὲ Πύρρον οὐδὲ Κίμβρους ὁ πόλεμος ὑπὲρ τῆς Ἰταλίας, ἀλλὰ Ῥωμαίοις πολεμοῦντες ἀμφότεροι τὴν πατρίδα καὶ νικῶντες ἀδικοῦμεν καὶ νικώμενοι. καὶ γὰρ τὸ ἀγαθὸν τοῦ κρατοῦντος ἐκείνῃ κακόν ἐστι.</q></p></div> 
<div type="textpart" subtype="section" n="6"> <p><q rend="merge">πιστεύσατε πολλάκις ὅτι δύναμαι κάλλιον ἀποθανεῖν ἢ ἄρχειν. οὐ γὰρ ὁρῶ τί τηλικοῦτον Ῥωμαίοις ὄφελος ἔσομαι κρατήσας, ἡλίκον ἐπιδοὺς ἐμαυτὸν ὑπὲρ <pb n="paris.1624.1074"/> εἰρήνης καὶ ὁμονοίας, καὶ τοῦ μὴ πάλιν ἡμέραν τοιαύτην ἐπιδεῖν τὴν Ἰταλίαν.</q></p></div> </div> 
<div type="textpart" subtype="chapter" n="16"> 
<div type="textpart" subtype="section" n="1"> <p> τοιαῦτα διαλεχθείς, καὶ πρὸς τούς ἐνίστασθαι καὶ παρακαλεῖν ἐπιχειροῦντας ἀπισχυρισάμενος, τούς τε φίλους ἐκέλευεν ἀπαλλάττεσθαι καὶ τῶν συγκλητικῶν τούς παρόντας· τοῖς δὲ μὴ παροῦσιν ἐπέστελλε καὶ γράμματα πρὸς τὰς πόλεις, ὅπως παρακομισθῶσιν ἐντίμως καὶ μετὰ ἀσφαλείας.</p></div> 
<div type="textpart" subtype="section" n="2"> <p> προσαγόμενος δὲ τὸν ἀδελφιδοῦν Κοκκήϊον, ἔτι μειράκιον ὄντα, θαρρεῖν παρεκάλει καὶ μὴ δεδιέναι Οὐϊτέλλιον, οὗ καὶ μητέρα καὶ γενεὰν καὶ γυναῖκα αὐτός, ὥσπερ οἰκείων κηδόμενος, διαφυλάξαι. διὰ τοῦτο γὰρ οὐδὲ θέσθαι παῖδα βουλόμενος αὐτόν, ἀλλʼ ἀναβαλέσθαι τὴν εἰσποίησιν, ὅπως συνάρχοι κρατήσαντος αὐτοῦ, μὴ προσαπόλοιτο πταίσαντος· <q>ἐκεῖνο δέ,</q> εἶπεν, <q>ὦ παῖ, παρεγγυῶμαί σοι τελευταῖον, <pb n="p.314"/> μήτε ἐπιλαθέσθαι παντάπασι μήτε ἄγαν μνημονεύειν ὅτι Καίσαρα θεῖον ἔσχες.</q> </p> </div> 
<div type="textpart" subtype="section" n="3"> <p><milestone unit="para"/>γενόμενος δὲ ἀπὸ τούτων μετὰ μικρὸν ἤκουσε θορύβου καὶ βοῆς ἐπὶ θύραις, οἱ γὰρ στρατιῶται τῶν συγκλητικῶν τοῖς ἀπιοῦσι διηπείλουν ἀποσφάξειν, εἰ μὴ παραμενοῦσιν, ἀλλὰ οἰχήσονται τὸν αὐτοκράτορα καταλιπόντες. πάλιν οὖν προῆλθεν ὑπὲρ τῶν ἀνδρῶν φοβηθείς, καὶ τούς στρατιώτας, οὐκέτι δεητικὸς οὐδὲ πρᾷος, ἀλλὰ τραχὺς ὀφθείς, καὶ μετʼ ὀργῆς εἰς τὸ θορυβοῦν μάλιστα διαβλέψας, ἀπελθεῖν ἐποίησεν εἴξαντας καὶ διατρέσαντας.</p></div> </div> 
<div type="textpart" subtype="chapter" n="17"> 
<div type="textpart" subtype="section" n="1"> <p> ἤδη δὲ ἑσπέρας οὔσης ἐδίψησε, καὶ πιὼν ὀλίγον ὕδατος, δυεῖν ὄντων αὐτῷ ξιφῶν, ἑκατέρου κατεμάνθανε τὸ σπάσμα πολὺν χρόνον, καὶ τὸ ἕτερον ἀπέδωκε, θάτερον δὲ εἰς τὰς ἀγκάλας ἀναλαβὼν τοὺς οἰκέτας προσεκαλεῖτο. καὶ φιλοφρονούμενος διένεμε τῶν χρημάτων τῷ μὲν πλέον, τῷ δὲ ἔλαττον, οὐχ ὥσπερ ἀλλοτρίων ἀφειδῶν, ἀλλὰ τὸ κατʼ ἀξίαν καὶ τὸ μέτριον ἐπιμελῶς φυλάττων.</p></div> 
<div type="textpart" subtype="section" n="2"> <p> ἀποπέμψας δὲ τούτους ἤδη τὸ λοιπὸν ἀνεπαύετο τῆς νυκτός, ὥστε τοὺς κατευναστὰς αἰσθάνεσθαι βαθέως αὐτοῦ καθεύδοντος. ὄρθρου δὲ καλέσας ἀπελεύθερον ᾧ συνδιῴκησε τὰ περὶ τοὺς συγκλητικούς, μαθεῖν προσέταξε καὶ πυθόμενος γεγονέναι τοῖς ἀπερχομένοις ὧν ἕκαστος ἔχρῃζεν, <q>ἴθι τοίνυν,</q> ἔφη, <q>σύ, καὶ ποίει τοῖς στρατιώταις ἐμφανῆ σεαυτόν, εἰ μὴ θέλεις κακῶς ὑπʼ αὐτῶν ἀποθανεῖν ὡς ἐμοὶ συμπράξας τὸν θάνατον.</q></p></div> 
<div type="textpart" subtype="section" n="3"> <p> ἐξελθόντος δὲ τοῦ ἀνθρώπου τὸ ξίφος ὑποστήσας ὀρθὸν ἀμφοτέραις ταῖς χερσί, καὶ περιπεσὼν ἄνωθεν, ὅσον ἅπαξ <pb n="p.316"/> στενάξαι μόνον ᾔσθετο τοῦ πόνου καὶ τοῖς ἐκτὸς αἴσθησιν παρέσχεν. ἀραμένων δὲ τῶν παίδων οἰμωγὴν εὐθὺς ἅπαν τὸ στρατόπεδον καὶ τὴν πόλιν ἐπεῖχε κλαυθμός· καὶ μετὰ βοῆς οἱ στρατιῶται εἰσέπεσον ἐπὶ τὰς θύρας καὶ ὠλοφύροντο, περιπαθοῦντες καὶ λοιδοροῦντες ἑαυτοὺς μὴ φυλάξαντας τὸν αὐτοκράτορα μηδὲ κωλύσαντας ἀποθανεῖν ὑπὲρ αὐτῶν.</p> </div> 
<div type="textpart" subtype="section" n="4"> <p> ἀπέστη δὲ οὐδεὶς τῶν κατʼ αὐτόν, ἐγγὺς ὄντων τῶν πολεμίων, ἀλλὰ κοσμήσαντες τὸ σῶμα καὶ πυρὰν κατασκευάσαντες ἐξεκόμιζον ἐν τοῖς ὅπλοις οἱ φθάσαντες ὑποδῦναι καὶ βαστάσαι τὸ λέχος ἐπιγαυρούμενοι. τῶν δὲ ἄλλων οἱ μὲν τὸ τραῦμα τοῦ νεκροῦ κατεφίλουν προσπίπτοντες, οἱ δὲ ἥπτοντο τῶν χειρῶν, οἱ δὲ προσεκύνουν πόρρωθεν. ἔνιοι δὲ τῇ πυρᾷ λαμπάδας ὑφέντες ἑαυτοὺς ἀπέσφαξαν, οὐδὲν ἐκδήλως οὔτε πεπονθότες χρηστὸν ὑπὸ τοῦ τεθνηκότος οὔτε πείσεσθαι δεινὸν ὑπὸ τοῦ κρατοῦντος δεδιότες.</p></div> 
<div type="textpart" subtype="section" n="5"> <p> ἀλλʼ ἔοικε μηδενὶ τῶν πώποτε τυράννων ἢ βασιλέων δεινὸς οὕτως ἔρως ἐγγενέσθαι καὶ περιμανὴς τοῦ ἄρχειν, ὡς ἐκεῖνοι τοῦ ἄρχεσθαι καὶ ὑπακούειν Ὄθωνος ἠράσθησαν οὕς γε μηδʼ ἀποθανόντος ὁ πόθος προὔλιπεν, ἀλλὰ παρέμεινεν εἰς ἀνήκεστον ἔχθος Οὐϊτελλίῳ τελευτήσας.</p></div> </div> 
<div type="textpart" subtype="chapter" n="18"> 
<div type="textpart" subtype="section" n="1"> <p> τὰ μὲν οὖν ἄλλα καιρὸν οἰκεῖον ἔχει λεχθῆναι· κρύψαντες δὲ τῇ γῇ τὰ λείψανα τοῦ Ὄθωνος οὔτε μεγέθει σήματος οὔτʼ ἐπιγραφῆς <pb n="paris.1624.1075"/> ὄγκῳ τὸν τάφον ἐποίησαν ἐπίφθονον. εἶδον δὲ ἐν Βριξίλλῳ γενόμενος καὶ μνῆμα μέτριον καὶ <pb n="p.318"/> τὴν ἐπιγραφὴν οὕτως ἔχουσαν, εἰ μεταφρασθείη· <q>δηλώσει<note anchored="true" place="unspecified" resp="ed" xml:lang="eng"> <foreign xml:lang="grc">Δηλώσει</foreign> Bekker adopts <foreign xml:lang="grc">Δαίμοσι</foreign>, the correction of Lobeck.</note> Μάρκου Ὄθωνος.</q></p></div> 
<div type="textpart" subtype="section" n="2"> <p><milestone unit="para"/>ἀπέθανε δὲ Ὄθων ἔτη μὲν ἑπτὰ καὶ τριάκοντα βιώσας, ἄρξας δὲ τρεῖς μῆνας, ἀπολιπὼν δὲ μὴ χείρονας μηδʼ ἐλάττους τῶν τὸν βίον αὐτοῦ ψεγόντων τούς ἐπαινοῦντας τὸν θάνατον, βιώσας γὰρ οὐδὲν ἐπιεικέστερον Νέρωνος ἀπέθανεν εὐγενέστερον.</p></div> 
<div type="textpart" subtype="section" n="3"> <p><milestone unit="para"/>οἱ δὲ στρατιῶται Πολλίωνος τοῦ ἑτέρου τῶν ἐπάρχων ὀμνύειν εὐθὺς εἰς τὸν Οὐϊτέλλιον κελεύσαντος ἐδυσχέραινον· καὶ πυθόμενοι τῶν συγκλητικῶν ἐνίους ἔτι παρεῖναι τούς μὲν ἄλλους ἀφῆκαν, Οὐεργινίῳ δὲ Ῥούφῳ πράγματα παρεῖχον ἅμα τοῖς ὅπλοις ἐλθόντες ἐπὶ τὴν οἰκίαν καὶ κατακαλοῦντες αὖθις καὶ κελεύοντες ἄρχειν ἢ πρεσβεύειν ὑπὲρ αὐτῶν.</p> </div> 
<div type="textpart" subtype="section" n="4"> <p> ὁ δὲ τὴν ἡγεμονίαν ἡττωμένων παραλαβεῖν, νενικηκότων πρότερον μὴ θελήσας, μανικὸν ἡγεῖτο πρεσβεύειν δὲ πρὸς τούς Γερμανοὺς δεδιώς, πολλὰ βεβιάσθαι παρὰ γνώμην ὑπʼ αὐτοῦ δοκοῦντας, ἔλαθε διʼ ἑτέρων θυρῶν ἐκποδὼν ποιήσας ἑαυτόν. ὡς δὲ τοῦτο ἔγνωσαν οἱ στρατιῶται, τούς τε ὅρκους ἐδέξαντο καὶ τοῖς περὶ τὸν Κεκίναν προσέθεντο συγγνώμης τυχόντες.</p></div> </div> </div> </body>
</text>
</TEI>
