<?xml version="1.0" encoding="UTF-8"?><TEI.2>
<teiHeader>
<fileDesc>
<titleStmt>
<title>Conjugalia Praecepta</title>
<title type="sub">Machine readable text</title>
<author n="Plut.">Plutarch</author>
<editor role="editor" n="Teubner">Gregorius N.
            Bernardakis</editor>
<sponsor>Perseus Project, Tufts University</sponsor>
<principal>Gregory Crane</principal>
<respStmt>
<resp>Prepared under the supervision of</resp>
<name>Lisa Cerrato</name>
<name>William Merrill</name>
<name>Elli Mylonas</name>
<name>David Smith</name>
</respStmt>
<funder n="org:NEH">The National Endowment for the Humanities</funder>
</titleStmt>
<extent/>
<publicationStmt>
<publisher>Trustees of Tufts University</publisher>
<pubPlace>Medford, MA</pubPlace>
<authority>Perseus Project</authority>
</publicationStmt>
<sourceDesc>
<biblStruct>
<analytic/>
<monogr>
<author>Plutarch</author>
<title>Moralia</title>
<editor role="editor">Gregorius N. Bernardakis</editor>
<imprint>
<pubPlace>Leipzig</pubPlace>
<publisher>Teubner</publisher>
<date>1888</date>
</imprint>
<biblScope type="volume">1</biblScope>
</monogr>
</biblStruct>
</sourceDesc>
</fileDesc>
<encodingDesc>
<editorialDecl>
<correction method="silent">
<p>optical character recognition</p>
</correction>
</editorialDecl>
<refsDecl doctype="TEI.2">
<state unit="chapter" delim="."/>
<state unit="section"/>
</refsDecl>
<refsDecl doctype="TEI.2">
<state unit="stephpage" n="chunk"/>
</refsDecl>
</encodingDesc>
<profileDesc>
<langUsage>
<language id="greek">Greek</language>
</langUsage>
</profileDesc>
<revisionDesc>
<change>
<date>5/10</date>
<respStmt>
<name>RS</name>
<resp/>
</respStmt>
<item>tagged and parsed</item>
</change>
</revisionDesc>
</teiHeader>
<text>
<body>
<pb id="v.1.p.337"/>
<milestone unit="stephpage" id="stephpage-138a" n="138a"/>
<div1 type="chapter">
<div2 type="section" n="0">
<milestone unit="stephpage" id="stephpage-138b" n="138b"/>
<p>μετὰ τὸν πάτριον θεσμόν, ὃν ὑμῖν ἡ τῆς Δήμητρος ἱέρεια
                  συνειργνυμένοις ἐφήρμοσεν, οἶμαι καὶ τὸν λόγον ὁμοῦ συνεφαπτόμενον
                  ὑμῶν καὶ συνυμεναιοῦντα χρήσιμον ἄν τι ποιῆσαι καὶ τῷ νόμῳ
<milestone unit="tlnum" n="5"/> προσῳδόν. ἐν μὲν γὰρ τοῖς μουσικοῖς ἕνα τῶν
                  αὐλητικῶν νόμων ἱππόθορον ἐκάλουν, μέλος; τι τοῖς · ἵπποις ὁρμῆς
                  ἐπεγερτικὸν ὡς ἔοικεν ἐνδιδόντα <note resp="ed" place="unspecified" anchored="yes">
<foreign lang="greek">ἐνδιδόντα</foreign>] <foreign lang="greek">ἐπᾴδοντες</foreign> Sauppius</note> πρὸς <note resp="ed" place="unspecified" anchored="yes">
<foreign lang="greek">πρὸς</foreign> R: <foreign lang="greek">περὶ</foreign>
</note>
<milestone unit="stephpage" id="stephpage-138c" n="138c"/> τὰς ὀχείας· φιλοσοφίᾳ δὲ πολλῶν λόγων
                  καὶ καλῶν
<milestone unit="tlnum" n="10"/> ἐνόντων, οὐδενὸς ἧττον ἄξιος
                  σπουδῆς ὁ γαμήλιός ἐστιν οὗτος, ᾧ κατᾴδουσα τοὺς ἐπὶ βίου
                  κοινωνίᾳ συνιόντας εἰς ταὐτὸ πράους τε παρέχει καὶ χειροήθεις
                  ἀλλήλοις. ὧν οὖν ἀκηκόατε πολλάκις ἐν φιλοσοφίᾳ παρατρεφόμενοι
                  κεφάλαια συντάξας ἔν τισιν ὁμοιότησι βραχείαις, ὡς εὐμνημόνευτα μᾶλλον
                  εἴη, κοινὸν ἀμφοτέροις πέμπω δῶρον, εὐχόμενος τῇ Ἀφροδίτῃ τὰς
                  Μούσας παρεῖναι καὶ συνεργεῖν, ὡς μήτε λύραν τινὰ μήτε κιθάραν μᾶλλον
                  αὐταῖς ἢ τὴν περὶ γάμον καὶ οἶκον ἐμμέλειαν ἡρμοσμένην παρέχειν <pb id="v.1.p.338"/> διὰ λόγου καὶ ἁρμονίας· καὶ φιλοσοφίας προσῆκον. καὶ
                  γὰρ οἱ παλαιοὶ τῇ Ἀφροδίτῃ τὸν Ἑρμῆν συγκαθίδρυσαν, ὡς τῆς περὶ
                  τὸν γάμον ἡδονῆς μάλιστα
<milestone unit="stephpage" id="stephpage-138d" n="138d"/> λόγου δεομένης, τήν τε Πειθὼ καὶ τὰς Χάριτας, ἵνα
<milestone unit="tlnum" n="5"/> πείθοντες διαπράττωνται παρʼ ἀλλήλων ἃ
                  βούλονται, μὴ μαχόμενοι μηδὲ φιλονεικοῦντες.</p>
</div2>
<div2 type="section" n="1">
<p>ὁ Σόλων ἐκέλευε τὴν νύμφην τῷ νυμφίῳ συγκατακλίνεσθαι μήλου κυδωνίου
                  κατατραγοῦσαν αἰνιττόμενος ἔοικεν ὅτι δεῖ τὴν <note resp="ed" place="unspecified" anchored="yes">
<foreign lang="greek">τὴν</foreign>] <foreign lang="greek">τὴν πρώτην</foreign> H</note> ἀπὸ στόματος καὶ
<milestone unit="tlnum" n="10"/> φωνῆς χάριν εὐάρμοστον εἶναι πρῶτον <note resp="ed" place="unspecified" anchored="yes">
<foreign lang="greek">πρῶτον</foreign>] del. H</note>
                  καὶ ἡδεῖαν. </p>
</div2>
<div2 type="section" n="2">
<p>ἐν Βοιωτίᾳ τὴν νύμφην κατακαλύψαντες ἀσφαραγωνιᾷ <note resp="ed" place="unspecified" anchored="yes">
<foreign lang="greek">ἀσφαραγίᾳ</foreign>?</note> στεφανοῦσιν ἐκείνη
                  τε γὰρ ἣδιστον ἐκ τραχυτάτης ἀκάνθης καρπὸν ἀναδίδωσιν, ἥ τε νύμφη
                  τῷ μὴ φυγόντι μηδὲ <note resp="ed" place="unspecified" anchored="yes">
<foreign lang="greek">μηδὲ</foreign> Sauppius: <foreign lang="greek">μήτε</foreign>
</note> δυσχεράναντι τὴν πρώτην
<milestone unit="tlnum" n="15"/> χαλεπότητα , καὶ ἀηδίαν αὐτῆς ἥμερον καὶ γλυκεῖαν
<milestone unit="stephpage" id="stephpage-138e" n="138e"/> παρέξει συμβίωσιν. οἱ δὲ
                  τὰς πρώτας τῶν παρθένων διαφορὰς μὴ ὑπομείναντες οὐδὲν ἀπολείπουσι
                  τῶν διὰ τὸν ὄμφακα τὴν σταφυλὴν ἑτέροις προϊεμένων. πολλαὶ δὲ καὶ
                  τῶν νεογάμων δυσχεράνασαι
<milestone unit="tlnum" n="20"/> διὰ τὰ πρῶτα
                  τοὺς νυμφίους; ὅμοιον ἔπαθον πάθος τοῖς τὴν μὲν πληγὴν τῆς μελίττης
                  ὑπομείνασι, τὸ δὲ κηρίον προεμένοις. </p>
</div2>
<div2 type="section" n="3">
<p>ἐν ἀρχῇ μάλιστα δεῖ τὰς διαφορὰς καὶ τὰς προσκρούσεις φυλάττεσθαι
                  τοὺς γεγαμηκότας, ὁρῶντας
<milestone unit="tlnum" n="25"/> ὅτι καὶ τὰ
                  συναρμοσθέντα τῶν σκευῶν κατʼ ἀρχὰς μὲν ὑπὸ τῆς τυχούσης ῥᾳδίως
                  διασπᾶται <pb id="v.1.p.339"/> προφάσεως
<milestone unit="stephpage" id="stephpage-138f" n="138f"/> , χρόνῳ δὲ τῶν ἁρμῶν σύμπηξιν λαβόντων
                  μόλις ὑπὸ πυρὸς καὶ σιδήρου διαλύεται. </p>
</div2>
<div2 type="section" n="4">
<p>ὥσπερ τὸ πῦρ ἐξάπτεται μὲν εὐχερῶς ἐν ἀχύροις καὶ θρυαλλίδι καὶ
                  θριξὶ λαγῴαις, σβέννυται
<milestone unit="tlnum" n="5"/> δὲ τάχιον ἂν μή
                  τινος· ἑτέρου δυναμένου στέγειν ἅμα καὶ τρέφειν ἐπιλάβηται, οὓτω τὸν
                  ἀπὸ σώματος καὶ ὥρας ὀξὺν ἔρωτα τῶν νεογάμων ἀναφλεγόμενον δεῖ μὴ
                  διαρκῆ μηδὲ βέβαιον νομίζειν, ἂν μὴ περὶ τὸ ἦθος ἱδρυθεὶς καὶ τοῦ
                  φρονοῦντος ἁψάμενος
<milestone unit="tlnum" n="10"/> ἔμψυχον λάβῃ
                  διάθεσιν.
<milestone unit="stephpage" id="stephpage-139a" n="139a"/>
</p>
</div2>
<div2 type="section" n="5">
<p>ἡ διὰ τῶν φαρμάκων θήρα ταχὺ μὲν αἱρεῖ καὶ λαμβάνει ῥᾳδίως τὸν
                  ἰχθύν, ἄβρωτον δὲ ποιεῖ καὶ φαῦλον· οὕτως αἱ φίλτρα τινὰ καὶ
                  γοητείας ἐπιτεχνώμεναι τοῖς ἀνδράσι καὶ χειρούμεναι διʼ ἡδονῆς
<milestone unit="tlnum" n="15"/> αὐτοὺς ἐμπλήκτοις καὶ ἀνοήτοις, καὶ
                  διεφθαρμένοις συμβιοῦσιν. οὐδὲ γὰρ τὴν Κίρκην ὤνησαν οἱ
                  καταφαρμακευθέντες, οὐδʼ ἐχρήσατο πρὸς οὐδὲν αὐτοῖς ὑσὶ καὶ ὄνοις
                  γενομένοις, τὸν δʼ Ὀδυσσέα νοῦν ἔχοντα καὶ συνόντα φρονίμως
                  ὑπερηγάπησεν.
<milestone unit="tlnum" n="20"/>
</p>
</div2>
<div2 type="section" n="6">
<p>αἱ βουλόμεναι μᾶλλον ἀνοήτων κρατεῖν ἀνδρῶν ἢ φρονίμων ἀκούειν
                  ἐοίκασι τοῖς ἐν ὁδῷ βουλομένοις μᾶλλον ὁδηγεῖν τυφλοὺς; ἢ τοῖς
                  γιγνώσκουσιν ἀκολουθεῖν καὶ βλέπουσι.
<milestone unit="stephpage" id="stephpage-139b" n="139b"/>
</p>
</div2>
<div2 type="section" n="7">
<p>τὴν Πασιφάην ἀπιστοῦσι βοὸς ἐρασθῆναι
<milestone unit="tlnum" n="25"/>
                  βασιλεῖ συνοῦσαν, ἐνίας ὁρῶσαι τοὺς μὲν αὐστηροὺς καὶ σώφρονας
                  βαρυνομένας, τοῖς δʼ ἐξ ἀκρασίας καὶ φιληδονίας κεκραμένοις <note resp="ed" place="unspecified" anchored="yes">
<foreign lang="greek">κεκρατημένοις</foreign> Coraes</note> ὥσπερ κυσὶν
                  ἢ τράγοις ἣδιον συνούσας. <pb id="v.1.p.340"/>
</p>
</div2>
<div2 type="section" n="8">
<p>οἱ τοῖς ἵπποις ἐφάλλεσθαι διʼ ἀσθένειαν ἢ μαλακίαν αὐτοὺς ἐκείνους
                  ὀκλάζειν καὶ ὑποπίπτειν διδάσκουσιν οὕτως ἔνιοι τῶν λαβόντων
                  εὐγενεῖς ἢ πλουσίας γυναῖκας οὐχ ἑαυτοὺς
<milestone unit="tlnum" n="5"/>
                  ποιοῦσι βελτίους ἀλλʼ ἐκείνας περικολούουσιν , ὡς μᾶλλον ἄρξοντες
                  ταπεινῶν γενομένων· δεῖ δʼ ὥσπερ ἵππου τὸ μέγεθος φυλάττοντα καὶ τὸ
                  ἀξίωμα τῆς γυναικὸς χρῆσθαι τῷ χαλινῷ
<milestone unit="stephpage" id="stephpage-139c" n="139c"/>
</p>
</div2>
<div2 type="section" n="9">
<p>τὴν σελήνην, ὅταν ἀποστῇ τοῦ ἡλίου, περιφανῆ
<milestone unit="tlnum" n="10"/> καὶ λαμπρὰν ὁρῶμεν, ἀφανίζεται δὲ καὶ κρύπτεται πλησίον
                  γενομένη· τὴν δὲ σώφρονα γυναῖκα δεῖ τοὐναντίον ὁρᾶσθαι μάλιστα μετὰ
                  τοῦ ἀνδρὸς οὖσαν, οἰκουρεῖν δὲ καὶ κρύπτεσθαι μὴ παρόντος </p>
</div2>
<div2 type="section" n="10">
<p>οὐκ ὀρθῶς Ἡρόδοτος <note resp="ed" place="unspecified" anchored="yes">
<foreign lang="greek">Ἡρόδοτος</foreign>] I 8</note> εἶπεν ὅτι ἡ γυνὴ
<milestone unit="tlnum" n="15"/>
                  ἅμα τῷ χιτῶνι ἐκδύεται <note resp="ed" place="unspecified" anchored="yes">scr. vid. aut <foreign lang="greek">συνεκδύεται</foreign> (cf. p. 37 d) aut <foreign lang="greek">ʼ ʼἐκδυομένῳ συνεκδύεται -ʼ</foreign>
</note> καὶ τὴν αἰδῶ· τοὐναντίον γὰρ ἡ σώφρων
                  ἀντενδύεται τὴν αἰδῶ, καὶ τοῦ μάλιστα φιλεῖν τῷ μάλιστα αἰδεῖσθαι
                  συμβόλῳ χρῶνται πρὸς ἀλλήλους. </p>
</div2>
<div2 type="section" n="11">
<p>ὥσπερ ἂν φθόγγοι δύο σύμφωνοι ληφθῶσι,
<milestone unit="tlnum" n="20"/>
<milestone unit="stephpage" id="stephpage-139d" n="139d"/> τοῦ βαρυτέρου
                  γίγνεται τὸ μέλος, οὕτω πᾶσα πρᾶξις ἐν οἰκίᾳ σωφρονούσῃ πράττεται
                  μὲν ὑπʼ ἀμφοτέρων ὁμονοούντων, ἐπιφαίνει δὲ τὴν τοῦ ἀνδρὸς
                  ἡγεμονίαν καὶ προαίρεσιν. </p>
</div2>
<div2 type="section" n="12">
<p>ὁ ἥλιος τὸν βορέαν ἐνίκησεν. ὁ γὰρ ἄνθρωπος
<milestone unit="tlnum" n="25"/> τοῦ μὲν ἀνέμου βιαζομένου τὸ ἱμάτιον ἀφελέσθαι καὶ λαμπρὸν
                  καταπνέοντος μᾶλλον ἔσφιγγε καὶ συνεῖχε τὴν περιβολὴν τοῦ δʼ ἡλίου
                  μετὰ τὸ <pb id="v.1.p.341"/> πνεῦμα θερμοῦ γενομένου θαλπόμενος εἶτα
                  καυματιζόμενος καὶ τὸν χιτῶνα τῷ ἱματίῳ προσαπεδύσατο. τοῦτο 0
                  ποιοῦσιν αἱ πλεῖσται γυναῖκες· ἀφαιρουμένοις
<milestone unit="stephpage" id="stephpage-139e" n="139e"/> τοῖς ἀνδράσι βίᾳ τὴν τρυφὴν καὶ τὴν
                  πολυτέλειαν
<milestone unit="tlnum" n="5"/> διαμάχονται καὶ χαλεπαίνουσιν·
                  ἂν πείθωνται μετὰ λόγου, πράως ἀποτίθενται καὶ μετριάζουσιν. </p>
</div2>
<div2 type="section" n="13">
<p>ὁ Κάτων ἐξέβαλε τῆς βουλῆς τὸν φιλήσαντα τὴν ἑαυτοῦ γυναῖκα τῆς
                  θυγατρὸς παρούσης. τοῦτο μὲν οὖν ἴσως σφοδρότερον εἰ δʼ αἰσχρόν
                  ἐστιν,
<milestone unit="tlnum" n="10"/> ὥσπερ ἐστίν, ἑτέρων παρόντων
                  ἀσπάζεσθαι καὶ φιλεῖν καὶ περιβάλλειν ἀλλήλους, πῶς οὐκ αἴσχιον
                  ἑτέρων παρόντων λοιδορεῖσθαι καὶ διαφέρεσθαι πρὸς ἀλλήλους, καὶ τὰς <note resp="ed" place="unspecified" anchored="yes">
<foreign lang="greek">καὶ τὰς</foreign> Xylander: <foreign lang="greek">τὰς</foreign>
</note>
                  μὲν ἐντεύξεις καὶ φιλοφροσύνας ἀπορρήτους πρὸς τὴν γυναῖκα ποιεῖσθαι,
                  νουθεσίᾳ
<milestone unit="tlnum" n="15"/>
<milestone unit="stephpage" id="stephpage-139f" n="139f"/> δὲ καὶ μέμψει καὶ
                  παρρησίᾳ χρῆσθαι φανερᾷ καὶ ἀναπεπταμένῃ ; </p>
</div2>
<div2 type="section" n="14">
<p> · ὥσπερ ἐσόπτρου κατεσκευασμένου χρυσῷ καὶ λίθοις ὄφελος οὐδέν
                  ἐστιν, εἰ μὴ δείκνυσι τὴν μορφὴν ὁμοίαν, οὕτως οὐδὲ πλουσίας γαμετῆς
                  ὄνησις,
<milestone unit="tlnum" n="20"/> εἰ μὴ παρέχει τὸν βίον ὅμοιον
                  τῷ ἀνδρὶ καὶ σύμφωνον τὸ ἦθος. εἰ χαίροντος μὲν εἰκόνα σκυθρωπὴν
                  ἀποδίδωσι τὸ ἔσοπτρον, ἀχθομένου δὲ καὶ σκυθρωπάζοντας ἱλαρὰν καὶ
                  σεσηρυῖαν, ἡμαρτημένον ἐστὶ καὶ φαῦλον. οὐκοῦν καὶ γυνὴ φαῦλος καὶ
<milestone unit="tlnum" n="25"/> ἄκαιρος ἡ παίζειν μὲν ὡρμημένου καὶ
                  φιλοφρονεῖσθαι τοῦ ἀνδρὸς ἐσκυθρωπακυῖα, σπουδάζοντος δὲ παίζουσα καὶ
                  γελῶσα· τὸ μὲν γὰρ ἀηδίας, τὸ δʼ
<milestone unit="stephpage" id="stephpage-140a" n="140a"/> ὀλιγωρίας. δεῖ δέ, ὥσπερ οἱ γεωμέτραι
                  λέγουσι τὰς <pb id="v.1.p.342"/> γραμμὰς καὶ τὰς ἐπιφανείας οὐ κινεῖσθαι
                  καθʼ ἑαυτὰς ἀλλὰ συγκινεῖσθαι τοῖς σώμασιν, οὕτω τὴν γυναῖκα μηδὲν
                  ἴδιον πάθος ἔχειν, ἀλλὰ κοινωνεῖν τῷ ἀνδρὶ καὶ σπουδῆς καὶ παιδιᾶς
                  καὶ συννοίας
<milestone unit="tlnum" n="5"/> καὶ γέλωτος. </p>
</div2>
<div2 type="section" n="15">
<p>οἱ τὰς γυναῖκας μὴ ἡδέως βλέποντες ἐσθιούσας μετʼ αὐτῶν διδάσκουσιν
                  ἐμπίπλασθαι μόνας γενομένας. οὕτως οἱ μὴ συνόντες ἱλαρῶς ταῖς γυναιξὶ
                  μηδὲ παιδιᾶς κοινωνοῦντες αὐταῖς καὶ γέλωτος
<milestone unit="tlnum" n="10"/> ἰδίας ἡδονὰς χωρὶς αὐτῶν ζητεῖν διδάσκουσιν.
<milestone unit="stephpage" id="stephpage-140b" n="140b"/>
</p>
</div2>
<div2 type="section" n="16">
<p>· τοῖς τῶν Περσῶν βασιλεῦσιν αἱ γνήσιαι γυναῖκες παρακάθηνται δειπνοῦσι
                  καὶ συνεστιῶνται· βουλόμενοι δὲ παίζειν καὶ μεθύσκεσθαι ταύτας μὲν
                  ἀποπέμπουσι, τὰς δὲ μουσουργοὺς καὶ παλλακίδας
<milestone unit="tlnum" n="15"/> καλοῦσιν, ὀρθῶς τοῦτὸ γʼ αὐτὸ ποιοῦντες, ὅτι τὸ
                  συνακολασταίνειν καὶ παροινεῖν οὐ μεταδιδόασι ταῖς γαμεταῖς. ἂν οὖν
                  ἰδιώτης ἀνήρ, ἀκρατὴς δὲ περὶ τὰς ἡδονὰς καὶ ἀνάγωγος, ἐξαμάρτῃ
                  τι πρὸς ἑταίραν ἢ θεραπαινίδα, δεῖ τὴν γαμετὴν μὴ ἀγανακτεῖν
<milestone unit="tlnum" n="20"/> μηδὲ χαλεπαίνειν, λογιζομένην ὅτι
                  παροινίας καὶ ἀκολασίας καὶ ὕβρεως αἰδούμενος αὐτὴν ἑτέρᾳ
                  μεταδίδωσιν.
<milestone unit="stephpage" id="stephpage-140c" n="140c"/>
</p>
</div2>
<div2 type="section" n="17">
<p>οἱ φιλόμουσοι τῶν βασιλέων πολλοὺς μουσικοὺς ποιοῦσιν, οἱ φιλόλογοι
                  λογίους, οἱ φιλαθληταὶ
<milestone unit="tlnum" n="25"/> γυμναστικούς. οὕτως
                  ἀνὴρ φιλοσώματος καλλωπίστριαν γυναῖκα ποιεῖ, φιλήδονος ἑταιρικὴν καὶ
                  ἀκόλαστον, φιλάγαθος καὶ φιλόκαλος σώφρονα καὶ κοσμίαν. </p>
</div2>
<div2 type="section" n="18">
<p>Λάκαινα παιδίσκη, πυνθανομένου τινὸς εἰ <pb id="v.1.p.343"/> ἤδη ἀνδρὶ
                  προσελήλυθεν “οὐκ ἔγωγʼ” εἶπεν ἀλλʼ “ἐμοὶ ἐκεῖνος.” οὗτος
                  ὁ τρόπος, οἶμαι, τῆς οἰκοδεσποίνης, μήτε φεύγειν μήτε δυσχεραίνειν τὰ
                  τοιαῦτα τοῦ ἀνδρὸς ἀρχομένου μήτε αὐτὴν κατάρχεσθαι· τὸ
<milestone unit="tlnum" n="5"/>
<milestone unit="stephpage" id="stephpage-140d" n="140d"/> μὲν γὰρ ἑταιρικὸν
                  καὶ ἰταμόν, τὸ δʼ ὑπερήφανον καὶ ἀφιλόστοργον. </p>
</div2>
<div2 type="section" n="19">
<p>ἰδίους οὐ δεῖ φίλους κτᾶσθαι τὴν γυναῖκα, κοινοῖς δὲ χρῆσθαι τοῖς τοῦ
                  ἀνδρός· οἱ δὲ θεοὶ φίλοι πρῶτοι καὶ μέγιστοι. διὸ καὶ θεοὺς οὓς ὁ
<milestone unit="tlnum" n="10"/> ἀνὴρ νομίζει σέβεσθαι τῇ γαμετῇ καὶ
                  γιγνώσκειν μόνους προσήκει, περιέργοις δὲ θρησκείαις καὶ ξέναις
                  δεισιδαιμονίαις ἀποκεκλεῖσθαι τὴν αὔλειον, οὐδενὶ γὰρ θεῶν ἱερὰ
                  κλεπτόμενα καὶ λανθάνοντα δρᾶται κεχαρισμένως ὑπὸ γυναικός.
<milestone unit="tlnum" n="15"/>
</p>
</div2>
<div2 type="section" n="20">
<p>ὁ Πλάτων <note resp="ed" place="unspecified" anchored="yes">
<foreign lang="greek">Πλάτων</foreign>] Rep. p. 462 c</note> φησὶν εὐδαίμονα καὶ μακαρίαν εἶναι πόλιν, ἐν “τὸ ἐμὸν
                  καὶ τὸ <note resp="ed" place="unspecified" anchored="yes">
<foreign lang="greek">καὶ τὸ</foreign> Stobaeus Floril. LXXIV 43: <foreign lang="greek">καὶ</foreign>
</note> οὐκ ἐμὸν” ἣκιστα
<milestone unit="stephpage" id="stephpage-140e" n="140e"/> φθεγγομένων ἀκούουσι διὰ τὸ κοινοῖς ὡς
                  ἔνι μάλιστα χρῆσθαι τοῖς ἀξίοις σπουδῆς τοὺς πολίτας, πολὺ δὲ μᾶλλον
                  ἐκ γάμου δεῖ τὴν τοιαύτην φωνὴν
<milestone unit="tlnum" n="20"/>
                  ἀνῃρῆσθαι. πλὴν ὥσπερ οἱ ἰατροὶ λέγουσι τὰς τῶν εὐωνύμων πληγὰς
                  τὴν αἴσθησιν ἐν τοῖς δεξιοῖς ἀναφέρειν, οὕτω τὴν γυναῖκα τοῖς τοῦ
                  ἀνδρὸς συμπαθεῖν καλὸν <note resp="ed" place="unspecified" anchored="yes">
<foreign lang="greek">καλὸν</foreign> W: <foreign lang="greek">μᾶλλον</foreign>
</note> καὶ τὸν ἄνδρα τοῖς τῆς γυναικός, ἵνʼ ὥσπερ
                  οἱ δεσμοὶ κατὰ τὴν ἐπάλλαξιν ἰσχὺν διʼ ἀλλήλων
<milestone unit="tlnum" n="25"/> λαμβάνουσιν, οὕτως ἑκατέρου τὴν εὔνοιαν ἀντίστροφον
                  ἀποδιδόντος ἡ κοινωνία σῴζηται διʼ ἀμφοῖν. καὶ γὰρ ἡ φύσις μίγνυσι
                  διὰ τῶν <pb id="v.1.p.344"/> σωμάτων
<milestone unit="stephpage" id="stephpage-140f" n="140f"/> τῶν ἡμᾶς, ἵνʼ ἐξ ἑκατέρων μέρος
                  λαβοῦσα καὶ συγχέασα κοινὸν ἀμφοτέροις ἀποδῷ τὸ γεννώμενον, ὥστε
                  μηδέτερον διορίσαι μηδὲ διακρῖναι τὸ ἴδιον ἢ τὸ ἀλλότριον. τοιαύτη <note resp="ed" place="unspecified" anchored="yes">
<foreign lang="greek">τοιαύτη</foreign> Stegmannus: <foreign lang="greek">αὕτη</foreign>
</note>
                  τοίνυν καὶ χρημάτων κοινωνία
<milestone unit="tlnum" n="5"/> προσήκει
                  μάλιστα τοῖς γαμοῦσιν εἰς μίαν οὐσίαν πάντα καταχεαμένοις καὶ
                  ἀναμίξασι μὴ τὸ μέρος ἴδιον καὶ τὸ μέρος ἀλλότριου ἀλλὰ πᾶν ἴδιον
                  ἡγεῖσθαι καὶ μηδὲν ἀλλότριον. ὥσπερ γὰρ <note resp="ed" place="unspecified" anchored="yes">
<foreign lang="greek">γὰρ</foreign> H</note> τὸ κρᾶμα καίτοι ὕδατος
                  μετέχον πλείονος οἶνον καλοῦμεν,
<milestone unit="tlnum" n="10"/> οὕτω τὴν
                  οὐσίαν δεῖ καὶ τὸν οἶκον τοῦ ἀνδρὸς λέγεσθαι, κἂν ἡ γυνὴ πλείονα
                  συμβάλληται. </p>
</div2>
<div2 type="section" n="21">
<p>Φιλόπλουτος ἡ Ἑλένη, φιλήδονος ὁ Πάρις· φρόνιμος ὁ Ὀδυσσεύς,
                  σώφρων ἡ Πηνελόπη. διὰ τοῦτο μακάριος γάμος ὁ τούτων καὶ ζηλωτός, ὁ
<milestone unit="tlnum" n="15"/>
<milestone unit="stephpage" id="stephpage-141a" n="141a"/> δʼ ἐκείνων Ἰλιάδα
                  κακῶν Ἕλλησι καὶ βαρβάροις ἐποίησεν. </p>
</div2>
<div2 type="section" n="22">
<p>ὁ Ῥωμαῖος ὑπὸ τῶν φίλων νουθετούμενος ὅτι σώφρονα γυναῖκα καὶ
                  πλουσίαν καὶ ὡραίαν ἀπεπέμψατο, τὸν κάλτιον <note resp="ed" place="unspecified" anchored="yes">
<foreign lang="greek">κάλτιον</foreign> impressi: <foreign lang="greek">κάλπιον</foreign>
</note> αὐτοῖς προτείνας; “καὶ
                     γὰρ
<milestone unit="tlnum" n="20"/> οὗτοσ” ἔφη “καλὸς ἰδεῖν καὶ
                     καινός, ἀλλʼ οὐδεὶς οἶδεν ὅπου με θλίβει.” δεῖ τοίνυν μὴ προικὶ
                  μηδὲ γένει μηδὲ κάλλει τὴν γυναῖκα πιστεύειν, ἀλλʼ ἐν οἷς ἅπτεται
                  μάλιστα τοῦ ἀνδρός, ὁμιλίᾳ τε καὶ ἤθει καὶ συμπεριφορᾷ, ταῦτα μὴ
                  σκληρὰ μηδʼ ἀνιῶντα
<milestone unit="tlnum" n="25"/>
<milestone unit="stephpage" id="stephpage-141b" n="141b"/> καθʼ ἡμέραν ἀλλʼ
                  εὐάρμοστα καὶ ἄλυπα καὶ προσφιλῆ παρέχειν. ὥσπερ γὰρ οἱ ἰατροὶ τοὺς
                  ἐξ αἰτιῶν ἀδήλων καὶ κατὰ μικρὸν συλλεγομένων γεννωμένους <pb id="v.1.p.345"/> πυρετοὺς μᾶλλον δεδοίκασιν ἢ τοὺς ἐμφανεῖς καὶ
                  μεγάλας προφάσεις ἔχοντας, οὕτω τὰ λανθάνοντα τοὺς πολλοὺς μικρὰ καὶ
                  συνεχῆ καὶ καθημερινὰ προσκρούματα γυναικὸς καὶ ἀνδρὸς μᾶλλον διίστησι
<milestone unit="tlnum" n="5"/> καὶ λυμαίνεται τὴν συμβίωσιν. </p>
</div2>
<div2 type="section" n="23">
<p>ὁ βασιλεὺς Φίλιππος ἤρα Θεσσαλῆς γυναικὸς αἰτίαν ἐχούσης
                  καταφαρμακεύειν αὐτόν. ἐσπούδασεν οὖν ἡ Ὀλυμπιὰς λαβεῖν τὴν
                  ἄνθρωπον ὑποχείριον. ὡς δʼ εἰς ὄψιν ἐλθοῦσα τὸ τʼ εἶδος εὐπρεπὴς
                  ἐφάνη
<milestone unit="tlnum" n="10"/> καὶ διελέχθη πρὸς αὐτὴν οὐκ
                  ἀγεννῶς οὐδʼ ἀσυνέτως,
<milestone unit="stephpage" id="stephpage-141c" n="141c"/> “χαιρέτωσαν” εἶπεν ἡ Ὀλυμπιάς “αἱ διαβολαί σὺ γὰρ ἐν σεαυτῇ
                     τὰ φάρμακα ἔχεις.” ἄμαχον οὖν τι γίγνεται πρᾶγμα γαμετὴ γυνὴ
                  καὶ νόμιμος, ἂν ἐν αὑτῇ πάντα θεμένη, καὶ προῖκα καὶ γένος καὶ
<milestone unit="tlnum" n="15"/> φάρμακα καὶ τὸν κεστὸν αὐτόν, ἤθει
                  καὶ ἀρετῇ κατεργάσηται τὴν εὔνοιαν. </p>
</div2>
<div2 type="section" n="24">
<p>πάλιν ἡ Ὀλυμπιάς, αὐλικοῦ τινος νεανίσκου γήμαντος εὐπρεπῆ γυναῖκα
                  κακῶς ἀκούουσαν, “οὗτοσ” εἶπεν “οὐκ ἔχει λογισμόν· οὐ γὰρ
                     ἂν τοῖς
<milestone unit="tlnum" n="20"/> ὀφθαλμοῖς ἔγημε” δεῖ δὲ
                  μὴ τοῖς ὄμμασι γαμεῖν δὲ τοῖς δακτύλοις, ὥσπερ ἔνιοι ψηφίσαντες πόσα
<milestone unit="stephpage" id="stephpage-141d" n="141d"/> φέρουσαν
                  λαμβάνουσιν, οὐ κρίναντες πῶς συμβιωσομένην. </p>
</div2>
<div2 type="section" n="25">
<p>ὁ Σωκράτης ἐκέλευε τῶν ἐσοπτριζομένων
<milestone unit="tlnum" n="25"/>
                  νεανίσκων τοὺς μὲν αἰσχροὺς ἐπανορθοῦσθαι τῇ ἀρετῇ, τοὺς δὲ καλοὺς
                  μὴ καταισχύνειν τῇ κακίᾳ τὸ εἶδος. καλὸν οὖν καὶ τὴν
                  οἰκοδέσποιναν, ὅταν ἐν ταῖς χερσὶν ἔχῃ τὸ ἔσοπτρον, αὐτὴν ἐν
                  ἑαυτῇ διαλαλεῖν, τὴν μὲν αἰσχρὰν τί οὖν, ἂν μὴ σώφρων <pb id="v.1.p.346"/> γένωμαι; <q direct="unspecified"/> τὴν δὲ καλὴν τί “οὖν, ἂν καὶ σώφρων
                        γένωμαι;ʼ” τῇ γὰρ αἰσχρᾷ σεμνότερον <note resp="ed" place="unspecified" anchored="yes">
<foreign lang="greek">σεμνότερον</foreign> scripsi: <foreign lang="greek">σεμνὸν</foreign>
</note> εἰ φιλεῖται διὰ τὸ ἦθος
                  ἢ τὸ κάλλος. </p>
</div2>
<div2 type="section" n="26">
<p>ταῖς Λυσάνδρου θυγατράσιν ὁ τύραννος ὁ
<milestone unit="tlnum" n="5"/>Σικελικὸς ἱμάτια καὶ πλόκια τῶν πολυτελῶν ἔπεμψεν
<milestone unit="stephpage" id="stephpage-141e" n="141e"/> ὁ δὲ Λύσανδρος οὐκ
                  ἔλαβεν εἰπών “ταῦτα τὰ κόσμια καταισχυνεῖ μου μᾶλλον ἢ κοσμήσει
                     τὰς θυγατέρας.” πρότερος δὲ Λυσάνδρου Σοφοκλῆς <note resp="ed" place="unspecified" anchored="yes">
<foreign lang="greek">Σοφοκλῆς</foreign>] Bauck. p. 249</note> τοῦτʼ εἶπεν
<milestone unit="tlnum" n="10"/>
<quote rend="blockquote">
<l>οὐ κόσμος, οὔκ, ὦ τλῆμον, ἀλλʼ ἀκοσμία </l>
<l>φαίνοιτʼ ἂν εἶναι σῶν τε μαργότης φρενῶν</l>
</quote> “κόσμος γάρ ἐστιν,” ὡς ἔλεγε Κράτης, “τὸ κοσμοῦν” κοσμεῖ δὲ
                  τὸ κοσμιωτέραν τὴν γυναῖκα ποιοῦν. ποιεῖ δὲ τοιαύτην οὔτε χρυσὸς οὔτε
                  σμάραγδος οὔτε
<milestone unit="tlnum" n="15"/> κόκκος, ἀλλʼ ὅσα
                  σεμνότητος εὐταξίας αἰδοῦς ἔμφασιν περιτίθησιν. </p>
</div2>
<div2 type="section" n="27">
<p>οἱ τῇ γαμηλίᾳ θύοντες Ἥρᾳ τὴν χολὴν οὐ
<milestone unit="stephpage" id="stephpage-141f" n="141f"/> συγκαθαγίζουσι τοῖς ἄλλοις ἱεροῖς, ἀλλʼ
                  ἐξελόντες ἔρριψαν παρὰ τὸν βωμόν, αἰνιττομένου τοῦ νομοθέτου
<milestone unit="tlnum" n="20"/> τὸ μηδέποτε δεῖν χολὴν μηδʼ ὀργὴν γάμῳ παρεῖναι.
                  δεῖ γὰρ εἶναι τῆς οἰκοδεσποίνης ὥσπερ οἴνου τὸ αὐστηρὸν ὠφέλιμον
                  καὶ ἡδύ, μὴ πικρὸν ὥσπερ ἀλόης μηδὲ φαρμακῶδες </p>
</div2>
<div2 type="section" n="28">
<p>ὁ Πλάτων τῷ Ξενοκράτει βαρυτέρῳ τὸ ἦθος
<milestone unit="tlnum" n="25"/> ὄντι τἄλλα δὲ καλῷ κἀγαθῷ παρεκελεύετο θύειν ταῖς Χάρισιν.
                  οἶμαι δὴ καὶ τῇ σώφρονι μάλιστα
<milestone unit="stephpage" id="stephpage-142a" n="142a"/> δεῖν πρὸς τὸν ἄνδρα χαρίτων, ἵνʼ, ὡς
                  ἔλεγε <pb id="v.1.p.347"/> Μητρόδωρος, “ἡδέως συνοικῇ καὶ μὴ
                     ὀργιζομένη ὅτι σωφρονεῖ” δεῖ γὰρ μήτε τὴν εὐτελῆ καθαριότητος
                  ἀμελεῖν μήτε τὴν φίλανδρον φιλοφροσύνης ποιεῖ γὰρ ἡ χαλεπότης ἀηδῆ
                  τὴν εὐταξίαν τῆς γυναικός
<milestone unit="tlnum" n="5"/> ὥσπερ ἡ
                  ῥυπαρία τὴν ἀφέλειαν, </p>
</div2>
<div2 type="section" n="29">
<p>ἡ φοβουμένη γελάσαι πρὸς τὸν ἄνδρα καὶ παῖξαί <note resp="ed" place="unspecified" anchored="yes">
<foreign lang="greek">παῖξαι</foreign> W: <foreign lang="greek">πρᾶξαι</foreign>
</note> τι , μὴ φανῇ θρασεῖα
                  καὶ ἀκόλαστος, οὐδὲν διαφέρει τῆς ἵνα μὴ δοκῇ μυρίζεσθαι τὴν
                  κεφαλὴν μηδʼ ἀλειφομένης, καὶ ἵνα μὴ φυκοῦσθαι τὸ πρόσωπον
<milestone unit="tlnum" n="10"/> νιπτομένης;. ὁρῶμεν δὲ καὶ ποιητὰς καὶ ῥήτορας,
                  ὅσοι φεύγουσι τὸ περὶ τὴν λέξιν ὀχλικὸν
<milestone unit="stephpage" id="stephpage-142b" n="142b"/> καὶ ἀνελεύθερον καὶ κακόζηλον, τοῖς
                  πράγμασι καὶ ταῖς οἰκονομίαις καὶ τοῖς ἤθεσιν ἄγειν καὶ κινεῖν τὸν
                  ἀκροατὴν φιλοτεχνοῦντας. διὸ δεῖ καὶ τὴν οἰκοδέσποιναν
<milestone unit="tlnum" n="15"/> ὅτι πᾶν τὸ περιττὸν καὶ ἑταιρικὸν καὶ
                  πανηγυρικόν, εὖ ποιοῦσα, φεύγει καὶ παραιτεῖται, μᾶλλον φιλοτεχνεῖν ἐν
                  ταῖς ἠθικαῖς καὶ βιωτικαῖς χάρισι πρὸς τὸν ἄνδρα, τῷ καλῷ μεθʼ
                  ἡδονῆς συνεθίζουσαν αὐτόν; ἂν δʼ ἄρα φύσει τις αὐστηρὰ καὶ
<milestone unit="tlnum" n="20"/> ἄκρατος γένηται καὶ ἀνήδυντος, εὐγνωμονεῖν δεῖ
                  τὸν ἄνδρα, καὶ καθάπερ ὁ Φωκίων, τοῦ Ἀντιπάτρου πρᾶξιν αὐτῷ
                  προστάττοντος οὐ καλὴν οὐδὲ πρέπουσαν,
<milestone unit="stephpage" id="stephpage-142c" n="142c"/> εἶπεν “οὐ δύνασαί μοι καὶ φίλῳ
                     χρῆσθαι καὶ κόλακι,” οὕτω λογίζεσθαι περὶ τῆς σώφρονος καὶ
<milestone unit="tlnum" n="25"/> αὐστηρᾶς γυναικὸς “οὐ δύναμαι αὐτῇ
                     καὶ ὡς γαμετῇ καὶ ὡς ἑταίρᾳ συνεῖναι” </p>
</div2>
<div2 type="section" n="30">
<p>ταῖς Αἰγυπτίαις ὑποδήμασι χρῆσθαι πάτριον οὐκ ἦν, ὅπως ἐν οἴκῳ
                  διημερεύωσι. τῶν δὲ <pb id="v.1.p.348"/> πλείστων γυναικῶν ἂν ὑποδήματα
                  διάχρυσα περιέλῃς καὶ ψέλλια καὶ περισκελίδας καὶ πορφύραν καὶ
                  μαργαρίτας, ἔνδον μένουσιν. <note resp="ed" place="unspecified" anchored="yes">
<foreign lang="greek">μενοῦσιν</foreign> Duebnerus: <foreign lang="greek">μένουσιν</foreign>
</note>
</p>
</div2>
<div2 type="section" n="31">
<p>ἡ Θεανὼ παρέφηνε τὴν χεῖρα περιβαλλομένη
<milestone unit="tlnum" n="5"/>
                  τὸ ἱμάτιον. εἰπόντος δέ τινος <note resp="ed" place="unspecified" anchored="yes">
<foreign lang="greek">εἰπόντος δέ τινος</foreign> Stobaeus Floril. LXXIV 49: <foreign lang="greek">τινὸς δʼ εἰπόντος</foreign>
</note> “καλὸς ὁ πῆχυς, <q direct="unspecified"/> ἀλλʼ οὐ
                     δημόσιοσ” ἔφη. δεῖ δὲ μὴ μόνον τὸν
<milestone unit="stephpage" id="stephpage-142d" n="142d"/> πῆχυν ἀλλὰ μηδὲ τὸν λόγον δημόσιον
                  εἶναι τῆς σώφρονος, <note resp="ed" place="unspecified" anchored="yes">post <foreign lang="greek">σώφρονος</foreign> lacunam signavit H</note> καὶ τὴν φωνὴν ὡς ἀπογύμνωσιν αἰδεῖσθαι καὶ
                  φυλάσσεσθαι πρὸς τοὺς ἐκτός· ἐνορᾶται γὰρ
<milestone unit="tlnum" n="10"/>
                  αὐτῇ καὶ πάθος καὶ ἦθος καὶ διάθεσις λαλούσης. </p>
</div2>
<div2 type="section" n="32">
<p>τὴν Ἠλείων ὁ Φειδίας Ἀφροδίτην ἐποίησε χελώνην πατοῦσαν, οἰκουρίας
                  σύμβολον ταῖς γυναιξὶ καὶ σιωπῆς. δεῖ γὰρ ἢ πρὸς τὸν ἄνδρα λαλεῖν
                  ἢ διὰ τοῦ ἀνδρός, μὴ δυσχεραίνουσαν εἰ διʼ ἀλλοτρίας
<milestone unit="tlnum" n="15"/> γλώσσης ὥσπερ αὐλητὴς φθέγγεται σεμνότερον. </p>
</div2>
<div2 type="section" n="33">
<p>οἱ πλούσιοι καὶ οἱ βασιλεῖς τιμῶντες τοὺς φιλοσόφους αὑτούς τε,
                  κοσμοῦσι κἀκείνους, οἱ δὲ
<milestone unit="stephpage" id="stephpage-142e" n="142e"/> φιλόσοφοι τοὺς πλουσίους θεραπεύοντες οὐκ ἐκείνους ποιοῦσιν
                  ἐνδόξους ἀλλʼ αὑτοὺς ἀδοξοτέρους.
<milestone unit="tlnum" n="20"/> τοῦτο
                  συμβαίνει καὶ περὶ τὰς γυναῖκας. ὑποτάττουσαι μὲν γὰρ ἑαυτὰς τοῖς
                  ἀνδράσιν ἐπαινοῦνται, κρατεῖν δὲ βουλόμεναι μᾶλλον τῶν κρατουμένων
                  ἀσχημονοῦσι. κρατεῖν δὲ τὸν ἄνδρα τῆς γυναικὸς οὐχ ὡς δεσπότην
                  κτήματος ἀλλʼ ὡς ψυχὴν σώματος,
<milestone unit="tlnum" n="25"/> συμπαθοῦντα
                  καὶ συμπεφυκότα τῇ εὐνοίᾳ δίκαιόν ἑστιν. ὥσπερ οὖν σώματος ἔστι
                  κήδεσθαι μὴ <pb id="v.1.p.349"/> δουλεύοντα ταῖς ἡδοναῖς αὐτοῦ καὶ ταῖς
                  ἐπιθυμίαις, οὕτω γυναικὸς ἄρχειν εὐφραίνοντα καὶ χαριζόμενον. </p>
</div2>
<div2 type="section" n="34">
<p>τῶν σωμάτων οἱ φιλόσοφοι τὰ μὲν ἐκ διεστώτων
<milestone unit="stephpage" id="stephpage-142f" n="142f"/> λέγουσιν εἶναι καθάπερ στόλον καὶ
                  στρατόπεδον,
<milestone unit="tlnum" n="5"/> τὰ δʼ ἐκ συναπτομένων ὡς
                  οἰκίαν καὶ ναῦν, τὰ δʼ ἡνωμένα καὶ συμφυᾶ καθάπερ ἐστὶ τῶν ζῴων
                  ἕκαστον. σχεδὸν οὖν καὶ γάμος ὁ μὲν τῶν ἐρώντων ἡνωμένος καὶ
                  συμφυής ἐστιν, ὁ δὲ τῶν διὰ προῖκας ἢ τέκνα γαμούντων ἐκ
                  συναπτομένων, ὁ δὲ
<milestone unit="tlnum" n="10"/> τῶν οὐ <note resp="ed" place="unspecified" anchored="yes">
<foreign lang="greek">οὐ</foreign> Madvigius</note> συγκαθευδόντων
                  ἐκ διεστώτων, οὓς συνοικεῖν ἄν τις ἀλλήλοις οὐ συμβιοῦν νομίσειε. δεῖ
                  δέ, ὥσπερ οἱ φυσικοὶ τῶν ὑγρῶν λέγουσι διʼ ὅλων γενέσθαι
<milestone unit="stephpage" id="stephpage-143a" n="143a"/> τὴν κρᾶσιν, οὕτω τῶν
                  γαμούντων καὶ σώματα καὶ χρήματα καὶ φίλους καὶ οἰκείους ἀναμιχθῆναι
<milestone unit="tlnum" n="15"/> διʼ ἀλλήλων. καὶ γὰρ ὁ Ῥωμαῖος
                  νομοθέτης ἐκώλυσε δῶρα διδόναι καὶ λαμβάνειν παρʼ ἀλλήλων τοὺς
                  γεγαμηκότας, οὐχ ἵνα μηδενὸς μεταλαμβάνωσιν, ἀλλʼ ἵνα πάντα κοινὰ
                  νομίζωσιν, </p>
</div2>
<div2 type="section" n="35">
<p>ἐν Λέπτει τῆς Λιβύης πόλει πάτριόν ἐστι
<milestone unit="tlnum" n="20"/>
                  τῇ μετὰ τὸν γάμον ἡμέρᾳ τὴν νύμφην πρὸς τὴν τοῦ νυμφίου μητέρα
                  πέμψασαν αἰτεῖσθαι χύτραν· ἡ δʼ οὐ δίδωσιν οὐδέ φησιν ἔχειν, ὅπως
                  ἀπʼ ἀρχῆς ἐπισταμένη τὸ τῆς ἑκυρᾶς μητρυιῶδες, ἂν ὕστερόν τι
                  συμβαίνῃ τραχύτερον, μὴ ἀγανακτῇ μηδὲ δυσκολαίνῃ.
<milestone unit="tlnum" n="25"/> τοῦτο δεῖ γιγνώσκουσαν τὴν γυναῖκα θεραπεύειν
<milestone unit="stephpage" id="stephpage-143b" n="143b"/> τὴν πρόφασιν·
                  ἔστι δὲ ζηλοτυπία τῆς μητρὸς ὑπὲρ εὐνοίας πρὸς αὐτήν. θεραπεία δὲ
                  μία τοῦ πάθους ἰδίᾳ μὲν εὔνοιαν τῷ ἀνδρὶ ποιεῖν πρὸς <pb id="v.1.p.350"/> ἑαυτήν, τὴν δὲ τῆς μητρὸς μὴ περισπᾶν μηδʼ ἐλαττοῦν.
               </p>
</div2>
<div2 type="section" n="36">
<p>τοὺς υἱοὺς δοκοῦσι μᾶλλον ἀγαπᾶν αἱ μητέρες ὡς δυναμένους αὐταῖς
                  βοηθεῖν, οἱ δὲ πατέρες
<milestone unit="tlnum" n="5"/> τὰς θυγατέρας ὡς
                  δεομένας αὐτῶν βοηθούντων ἴσως δὲ καὶ τιμῇ τῇ πρὸς ἀλλήλους ὁ
                  ἕτερος τὸ μᾶλλον οἰκεῖον τῷ ἑτέρῳ βούλεται μᾶλλον ἀσπαζόμενος καὶ
                  ἀγαπῶν φανερὸς εἶναι. καὶ τοῦτο μὲν ἴσως ἀδιάφορόν <note resp="ed" place="unspecified" anchored="yes">
<foreign lang="greek">ἀδιαφορον</foreign> Meziriacus: <foreign lang="greek">διάφορον</foreign>
</note> ἐστιν, ἐκεῖνο
                  δʼ ἀστεῖον, ἂν ἡ γυνὴ
<milestone unit="tlnum" n="10"/> μᾶλλον ἀποκλίνασα
                  τῇ τιμῇ πρὸς τοὺς γονεῖς τοῦ
<milestone unit="stephpage" id="stephpage-143c" n="143c"/> ἀνδρὸς ἢ τοὺς ἑαυτῆς βλέπηται, κἄν τι
                  λυπῆται, πρὸς ἐκείνους ἀναφέρουσα, τοὺς δʼ ἑαυτῆς <note resp="ed" place="unspecified" anchored="yes">
<foreign lang="greek">δʼ ἑαυτῆς</foreign> scripsi: <foreign lang="greek">δὲ αὑτῆς</foreign>
</note> λανθάνουσα. ποιεῖ
                  γὰρ τὸ πιστεύειν δοκεῖν πιστεύεσθαι, καὶ τὸ φιλεῖν φιλεῖσθαι.
<milestone unit="tlnum" n="15"/>
</p>
</div2>
<div2 type="section" n="37">
<p>τοῖς περὶ τὸν Κῦρον Ἕλλησι παρήγγειλαν οἱ στρατηγοὶ τοὺς πολεμίους,
                  ἂν μὲν βοῶντες ἐπίωσι, δέχεσθαι μετὰ σιωπῆς, ἂν δʼ ἐκεῖνοι σιωπῶσιν
                  αὐτοὺς μετὰ βοῆς ἀντεξελαύνειν. αἱ δὲ νοῦν ἔχουσαι γυναῖκες ἐν ταῖς
                  ὀργαῖς τῶν ἀνδρῶν κεκραγότων
<milestone unit="tlnum" n="20"/> μὲν
                  ἡσυχάζουσι, σιωπῶντας δὲ προσλαλοῦσαι καὶ παραμυθούμεναι καταπραΰνουσιν.
<milestone unit="stephpage" id="stephpage-143d" n="143d"/>
</p>
</div2>
<div2 type="section" n="38">
<p>ὀρθῶς ὁ Εὐριπίδης <note resp="ed" place="unspecified" anchored="yes">
<foreign lang="greek">Εὐριπίδης</foreign>] Med. 190</note> αἰτιᾶται τοὺς τῇ λύρᾳ χρωμένους παρʼ οἶνον·
                  ἔδει γὰρ ἐπὶ τὰς ὀργὰς καὶ τὰ πένθη μᾶλλον τὴν μουσικὴν παρακαλεῖν
                  ἢ προσεκλύειν
<milestone unit="tlnum" n="25"/> τοὺς ἐν ταῖς ἡδοναῖς
                  ὄντας. νομίζετε οὖν ὑμεῖς ἁμαρτάνειν τοὺς ἡδονῆς ἕνεκα
                  συγκαθεύδοντας ἀλλήλοις ὅταν δʼ ἐν ὀργῇ τινι γένωνται καὶ ε . ργἶἳ
                  Ψ <pb id="v.1.p.351"/> διαφορᾷ, χωρὶς ἀναπαυομένους καὶ μὴ τότε μάλιστα
                  τὴν Ἀφροδίτην παρακαλοῦντας, ἰατρὸν οὖσαν τῶν τοιούτων ἀρίστην. ὥς
                  που καὶ ὁ ποιητὴς <note resp="ed" place="unspecified" anchored="yes">
<foreign lang="greek">ὁ ποιητὴς</foreign>] <foreign lang="greek">Ξ</foreign> 206. 209</note> διδάσκει,
<milestone unit="tlnum" n="5"/> τὴν Ἥραν
                  ποιῶν λέγουσαν
<milestone unit="stephpage" id="stephpage-143e" n="143e"/> οὐ
                  κόσμος <quote rend="blockquote">
<l>καὶ σφʼ ἄκριτα νείκεα λύσω </l>
<l>εἰς εὐνὴν ἀνέσασα ὁμωθῆναι φιλότητι</l>
</quote>
</p>
</div2>
<div2 type="section" n="39">
<p>ἀεὶ μὲν δεῖ καὶ πανταχοῦ φεύγειν τὸ προσκρούειν τῷ ἀνδρὶ τὴν
                  γυναῖκα καὶ τῇ γυναικὶ τὸν ἄνδρα, μάλιστα δὲ φυλάττεσθαι τοῦτο ποιεῖν
                  ἐν τῷ
<milestone unit="tlnum" n="10"/> συναναπαύεσθαι καὶ συγκαθεύδειν. ἡ
                  μὲν γὰρ ὠδίνουσα καὶ <note resp="ed" place="unspecified" anchored="yes">
<foreign lang="greek">καὶ</foreign> del Madvigius</note> δυσφοροῦσα πρὸς τοὺς κατακλίνοντας αὐτὴν ἔλεγε “πῶς δʼ ἂν ἡ κλίνη ταῦτα θεραπεύσειεν οἷς ἐπὶ τῆς κλίνης
                     περιέπεσον;ʼ” ἃς δʼ ἡ κλίνη γεννᾷ διαφορὰς καὶ λοιδορίας καὶ
                  ὀργάς, οὐ ῥᾴδιόν ἐστιν
<milestone unit="tlnum" n="15"/> ἐν ἄλλῳ τόπῳ
                  καὶ χρόνῳ διαλυθῆναι. </p>
</div2>
<div2 type="section" n="40">
<p>ἡ Ἑρμιόνη δοκεῖ τι λέγειν ἀληθὲς λέγουσα
<milestone unit="stephpage" id="stephpage-143f" n="143f"/>
<quote rend="blockquote">
<l>οὐ κόσμοσκακῶν γυναικῶν εἴσοδοὶ μʼ ἀπώλεσαν</l>
<note resp="ed" place="unspecified" anchored="yes">Eurip. Andr. 930</note>
</quote> τοῦτο δʼ οὐχ ἁπλῶς γιγνόμενόν ἐστιν, ἀλλʼ ὅταν αἱ πρὸς τοὺς
                  ἄνδρας διαφοραὶ καὶ ζηλοτυπίαι ταῖς τοιαύταις
<milestone unit="tlnum" n="20"/> γυναιξὶ μὴ τὰς θύρας μόνον ἀλλὰ καὶ τὰς ἀκοὰς ἀνοίγωσι
                  τότʼ οὖν δεῖ μάλιστα τὴν νοῦν ἔχουσαν ἀποκλείειν τὰ ὦτα καὶ
                  φυλάττεσθαι τὸν ψιθυρισμόν, ἵνα πῦρ ἐπὶ πῦρ γένηται, καὶ πρόχειρον
                  ἔχειν τὸ τοῦ Φιλίππου. λέγεται γὰρ ἐκεῖνος
<milestone unit="tlnum" n="25"/> ὑπὸ τῶν φίλων παροξυνόμενος ἐπὶ τοὺς Ἕλληνας ὡς εὖ
                  πάσχοντας καὶ κακῶς αὐτὸν λέγοντας εἰπεῖν <pb id="v.1.p.352"/> “τί οὖν, ἂν καὶ <note resp="ed" place="unspecified" anchored="yes">
<foreign lang="greek">ἂν καὶ</foreign>] <foreign lang="greek">ἂν</foreign> H</note> κακῶς ποιῶμεν αὐτούς;ʼ” ὅταν οὖν αἱ
                  διαβάλλουσαι λέγωσιν ὅτι “λυπεῖ σε φιλοῦσαν ὁ
<milestone unit="stephpage" id="stephpage-144a" n="144a"/> ἀνὴρ καὶ σωφρονοῦσαν, <q direct="unspecified"/> τί οὖν,
                     ἂν φαίης, <note resp="ed" place="unspecified" anchored="yes">
<foreign lang="greek">ἂν φαίης</foreign> addidi</note> ἂν καὶ <note resp="ed" place="unspecified" anchored="yes">
<foreign lang="greek">ἂν καὶ</foreign>] <foreign lang="greek">ἂν</foreign> H</note> μισεῖν αὐτὸν ἄρξωμαι καὶ ἀδικεῖν;
<milestone unit="tlnum" n="5"/>” </p>
</div2>
<div2 type="section" n="41">
<p>ὁ τὸν δραπέτην ἰδὼν διὰ χρόνου καὶ διώκων, ὡς κατέφυγε φθάσας εἰς
                  μυλῶνα, <note resp="ed" place="unspecified" anchored="yes">
<foreign lang="greek">μυλῶνα</foreign> scripsi: <foreign lang="greek">μύλωνα</foreign>
</note> “ποῦ δʼ ἂν” ἔφη “σὲ μᾶλλον εὑρεῖν ἐβουλήθην ἢ
                     ἐνταῦθα;ʼ” γυνὴ τοίνυν διὰ ζηλοτυπίαν ἀπόλειψιν γράφουσα καὶ
                  χαλεπῶς ἔχουσα λεγέτω πρὸς ἑαυτὴν “ποῦ δʼ ἂν ἡ ζηλοῦσὰ
<milestone unit="tlnum" n="10"/> με μᾶλλον ἡσθείη θεασαμένη καὶ τί ποιοῦσαν ἢ
                     λυπουμένην καὶ στασιάζουσαν πρὸς τὸν ἄνδρα καὶ τὸν οἶκον αὐτὸν
                     καὶ τὸν θάλαμον προϊεμένην;” </p>
</div2>
<div2 type="section" n="42">
<p>Ἀθηναῖοι τρεῖς ἀρότους ἱεροὺς ἄγουσι, πρῶτον
<milestone unit="stephpage" id="stephpage-144b" n="144b"/> ἐπὶ Σκίρῳ, τοῦ
                  παλαιοτάτου τῶν σπόρων ὑπόμνημα,
<milestone unit="tlnum" n="15"/> δεύτερον
                  ἐν τῇ Ρ̓αρίᾳ, τρίτον ὑπὸ πόλιν <note resp="ed" place="unspecified" anchored="yes">
<foreign lang="greek">πόλιν</foreign> Basileensis: <foreign lang="greek">πέλιν</foreign>
</note> τὸν καλούμενον Βουζύγιον. τούτων δὲ
                  πάντων ἱερώτατός <note resp="ed" place="unspecified" anchored="yes">
<foreign lang="greek">ἱερώτερός</foreign> Madvigius</note> ἐστιν ὁ γαμήλιος σπόρος καὶ ἄροτος ἐπὶ παίδων
                  τεκνώσει. καλῶς τὴν Ἀφροδίτην ὁ Σοφοκλῆς <note resp="ed" place="unspecified" anchored="yes">
<foreign lang="greek">Σοφοκλῆς</foreign> Nauck. p. 249</note> “εὔκαρπον Κυθέρειαν” προσηγόρευσε. διὸ δεῖ μάλιστα
<milestone unit="tlnum" n="20"/> τούτῳ
                  χρῆσθαι μετʼ εὐλαβείας τὸν ἄνδρα καὶ τὴν γυναῖκα, τῶν ἀνιέρων καὶ
                  παρανόμων πρὸς ἑτέρους ἁγνεύοντας ὁμιλιῶν, καὶ μὴ σπείροντας ἐξ ὧν
                  οὐδὲν αὐτοῖς φύεσθαι θέλουσιν ἀλλὰ κἂν γένηται καρπὸς αἰσχύνονται
                  καὶ ἀποκρύπτουσι.
<milestone unit="tlnum" n="25"/>
</p>
</div2>
<div2 type="section" n="43">
<p>Γοργίου τοῦ ῥήτορος ἀναγνόντος ἐν Ὀλυμπίᾳ λόγον περὶ ὁμονοίας
                  τοῖς Ἕλλησιν ὁ Μελάνθιος <note resp="ed" place="unspecified" anchored="yes">
<foreign lang="greek">Μελάνθιος</foreign> Xylander: <foreign lang="greek">μέλανθος</foreign>
</note>
<pb id="v.1.p.353"/> “<milestone unit="stephpage" id="stephpage-144c" n="144c"/> οὗτος ἡμῖν” ἔφη “συμβουλεύει περὶ ὁμονοίας, ὃς αὑτὸν καὶ τὴν γυναῖκα καὶ τὴν
                     θεράπαιναν ἰδίᾳ τρεῖς ὄντας ὁμονοεῖν οὐ πέπεικεν” ἦν γὰρ ὡς
                  ἔοικέ τις ἔρως τοῦ Γοργίου καὶ ζηλοτυπία τῆς γυναικὸς
<milestone unit="tlnum" n="5"/> πρὸς τὸ θεραπαινίδιον. εὖ τοίνυν ἡρμοσμένον τὸν
                  οἶκον εἶναι δεῖ τῷ μέλλοντι ἁρμόζεσθαι πόλιν καὶ ἀγορὰν καὶ
                  φίλους· μᾶλλον γὰρ ἔοικε τὰ τῶν γυναικῶν ἢ τὰ πρὸς γυναῖκας
                  ἁμαρτήματα λανθάνειν τοὺς πολλούς.
<milestone unit="tlnum" n="10"/>
</p>
</div2>
<div2 type="section" n="44">
<p>εἰ καθάπερ τὸν αἴλουρον ὀσμῇ μύρων ἐκταράττεσθαι καὶ μαίνεσθαι
                  λέγουσιν , οὕτω τὰς
<milestone unit="stephpage" id="stephpage-144d" n="144d"/>
                  γυναῖκας ἀγριαίνειν καὶ παραφρονεῖν ὑπὸ μύρων συνέβαινε , δεινὸν ἦν
                  μὴ ἀπέχεσθαι μύρου τοὺς ἄνδρας, ἀλλὰ διʼ ἡδονὴν αὑτῶν βραχεῖαν
                  οὕτω κακουμένας
<milestone unit="tlnum" n="15"/> περιορᾶν. ἐπεὶ τοίνυν
                  ταῦτα πάσχουσιν οὐ μυριζομένων τῶν ἀνδρῶν ἀλλὰ συγγιγνομένων ἑτέραις,
                  ἄδικόν ἐστιν ἡδονῆς ἕνεκα μικρᾶς ἐπὶ τοσοῦτο <note resp="ed" place="unspecified" anchored="yes">
<foreign lang="greek">τοσοῦτο</foreign> R: <foreign lang="greek">τοσούτῳ</foreign>
</note> λυπεῖν καὶ
                  συνταράττειν τὰς γυναῖκας καὶ μή, καθάπερ ταῖς μελίτταις ὅτι <note resp="ed" place="unspecified" anchored="yes">
<foreign lang="greek">ὅτι</foreign>] <foreign lang="greek">αἵ</foreign> H</note> δοκοῦσι
                  δυσχεραίνειν
<milestone unit="tlnum" n="20"/> καὶ μάχεσθαι τοῖς μετὰ
                  γυναικῶν γενομένοις, ἁγνοὺς καὶ καθαρεύοντας ἑτέρων συνουσίας προσιέναι
                  ταῖς γυναιξίν. </p>
</div2>
<div2 type="section" n="45">
<p>οἱ προσιόντες ἐλέφασιν ἐσθῆτα λαμπρὰν οὐ
<milestone unit="stephpage" id="stephpage-144e" n="144e"/> λαμβάνουσιν, οὐδὲ φοινικίδας οἱ ταύροις·
                  διαγριαίνεται
<milestone unit="tlnum" n="25"/> γὰρ ὑπὸ τῶν χρωμάτων τούτων
                  μάλιστα τὰ ζῷα· τὰς δὲ τίγρεις φασὶ περιτυμπανιζομένας ἐκμαίνεσθαι
                  παντάπασι καὶ διασπᾶν ἑαυτάς. ἐπεὶ τοίνυν καὶ τῶν ἀνδρῶν οἱ μὲν
                  ἐσθῆτας κοκκίνας; <pb id="v.1.p.354"/> καὶ πορφυρᾶς ὁρῶντες
                  δυσανασχετοῦσιν, οἱ δὲ κυμβάλοις καὶ τυμπάνοις ἄχθονται, τί δεινὸν
                  ἀπέχεσθαι τούτων τὰς γυναῖκας καὶ μὴ ταράττειν μηδὲ παροξύνειν τοὺς
                  ἄνδρας, ἀλλὰ συνεῖναι μετʼ εὐσταθείας
<milestone unit="tlnum" n="5"/> καὶ
                  πραότητος; </p>
</div2>
<div2 type="section" n="46">
<p>γυνή τις πρὸς τὸν Φίλιππον ἄκουσαν ἐφελκόμενον αὐτὴν “ἄφες μʼ” εἶπε· “πᾶσα γυνὴ τοῦ λύχνου
<milestone unit="stephpage" id="stephpage-144f" n="144f"/> ἀρθέντος ἡ αὐτή ἐστι.ʼ” τοῦτο πρὸς
                  τοὺς μοιχικοὺς καὶ ἀκολάστους εἴρηται καλῶς, τὴν δὲ
<milestone unit="tlnum" n="10"/> γαμετὴν δεῖ μάλιστα τοῦ φωτὸς ἀρθέντος εἶναι μὴ
                  τὴν αὐτὴν ταῖς τυχούσαις γυναιξίν, ἀλλὰ φαίνεσθαι τοῦ σώματος μὴ
                  βλεπομένου τὸ σῶφρον αὐτῆς καὶ ἴδιον τῷ ἀνδρὶ καὶ τεταγμένον <note resp="ed" place="unspecified" anchored="yes">
<foreign lang="greek">ὑποτεταγμένον</foreign> R</note> καὶ
                  φιλόστοργον. </p>
</div2>
<div2 type="section" n="47">
<p>ὁ Πλάτων <note resp="ed" place="unspecified" anchored="yes">
<foreign lang="greek">Πλάτων</foreign>] Legg. p. 729</note> τοῖς πρεσβύταις μᾶλλον παρῄνει
<milestone unit="tlnum" n="15"/> “αἰσχύνεσθαι τοὺς νέους,” ἵνα κἀκεῖνοι πρὸς αὐτοὺς αἰδημόνως
                  ἔχωσιν· “ὅπου” γὰρ “ἀναισχυντοῦσι γέροντες,” οὐδεμίαν αἰδῶ
                  τοῖς νέοις οὐδʼ εὐλάβειαν ἐγγίγνεσθαι. τούτου δεῖ μεμνημένον τὸν
                  ἄνδρα
<milestone unit="stephpage" id="stephpage-145a" n="145a"/> μηδένα μᾶλλον
                  αἰδεῖσθαι τῆς γυναικός, ὡς τὸν
<milestone unit="tlnum" n="20"/> θάλαμον
                  αὐτῇ διδασκαλεῖον εὐταξίας ἢ ἀκολασίας γενησόμενον. ὁ δὲ τῶν αὐτῶν
                  ἡδονῶν αὐτὸς μὲν ἀπολαύων ἐκείνην δʼ ἀποτρέπων οὐδὲν διαφέρει τοῦ
                  κελεύοντος διαμάχεσθαι τὴν γυναῖκα πρὸς τοὺς πολεμίους, οἷς αὐτὸς
                  ἑαυτὸν παρέδωκε. </p>
</div2>
<div2 type="section" n="48">
<p>περὶ δὲ φιλοκοσμίας σὺ μέν, ὦ Εὐρυδίκη, τὰ πρὸς Ἀρίστυλλαν ὑπὸ
                  Τιμοξένας γεγραμμένα ἀναγνοῦσα πειρῶ διαμνημονεύειν σὺ δέ, ὦ
                  Πολλιανέ, μὴ νόμιζε περιεργίας ἀφέξεσθαι τὴν γυναῖκα καὶ <pb id="v.1.p.355"/> πολυτελείας, ἂν ὁρᾷ σε μὴ καταφρονοῦντα τούτων
<milestone unit="stephpage" id="stephpage-145b" n="145b"/> ἐν ἑτέροις,
                  ἀλλὰ καὶ χαίροντα χρυσώσεσιν ἐκπωμάτων καὶ γραφαῖς οἰκηματίων καὶ
                  χλίδωσιν <note resp="ed" place="unspecified" anchored="yes">
<foreign lang="greek">χλίδωσιν</foreign> Stephanus <foreign lang="greek">χλιδώσεσιν</foreign>
</note> ἡμιόνων καὶ ἵππων περιδεραίοις. οὐ γὰρ ἔστιν ἐξελάσαι τῆς
<milestone unit="tlnum" n="5"/> γυναικωνίτιδος ἐν μέσῃ τῇ ἀνδρωνίτιδι
                  τὴν πολυτέλειαν ἀναστρεφομένην. καὶ σὺ μὲν ὥραν ἔχων ἤδη φιλοσοφεῖν
                  τοῖς μετʼ ἀποδείξεως καὶ κατασκευῆς λεγομένοις ἐπικόσμει τὸ ἦθος,
                  ἐντυγχάνων καὶ πλησιάζων τοῖς ὠφελοῦσι·
<milestone unit="tlnum" n="10"/>
                  τῇ γυναικὶ πανταχόθεν τὸ χρήσιμον συνάγων ὥσπερ αἱ μέλιτται καὶ φέρων
                  αὐτὸς ἐν σεαυτῷ μεταδίδου καὶ προσδιαλέγου, φίλους αὐτῇ ποιῶν καὶ
<milestone unit="stephpage" id="stephpage-145c" n="145c"/> συνήθεις τῶν
                  λόγων τοὺς ἀρίστους. “πατὴρ” <note resp="ed" place="unspecified" anchored="yes">
<foreign lang="greek">πατὴρ</foreign>] Homer. Z 429</note> μὲν γάρ “ἐσσι” αὐτῇ “καὶ
                     πότνια μήτηρ ἠδὲ κασίγνητος
<milestone unit="tlnum" n="15"/>” οὐχ ἧττον σεμνὸν ἀκοῦσαι γαμετῆς λεγούσης “ἄνερ, “ἀτὰρ σὺ
                        μοί ἐσσι” καθηγητὴς καὶ φιλόσοφος καὶ διδάσκαλος τῶν καλλίστων
                     καὶ θειοτάτων,” τὰ τοιαῦτα μαθήματα πρῶτον ἀφίστησι τῶν ἀτόπων
                  τὰς γυναῖκας· αἰσχυνθήσεται γὰρ ὀρχεῖσθαι
<milestone unit="tlnum" n="20"/>
                  γυνὴ γεωμετρεῖν μανθάνουσα, καὶ φαρμάκων ἐπῳδὰς οὐ προσδέξεται τοῖς
                  Πλάτωνος ἐπᾳδομένη λόγοις καὶ τοῖς Ξενοφῶντος. ἂν δέ τις
                  ἐπαγγέλληται καθαιρεῖν τὴν σελήνην, γελάσεται τὴν ἀμαθίαν καὶ τὴν
                  ἀβελτερίαν τῶν ταῦτα πειθομένων γυναικῶν,
<milestone unit="tlnum" n="25"/>
                  ἀστρολογίας ἀνηκόως ἔχουσα καὶ περὶ Ἀγλαονίκης <note resp="ed" place="unspecified" anchored="yes">
<foreign lang="greek">Ἀγλαονίκης</foreign> R: <foreign lang="greek">ἀγανίκης</foreign>
</note> ἀκηκουῖα τῆς
                  Ἡγήτορος τοῦ Θεσσαλοῦ θυγατρὸς ὅτι
<milestone unit="stephpage" id="stephpage-145d" n="145d"/> τῶν ἐκλειπτικῶν ἔμπειρος οὖσα πανσελήνων
                  καὶ <pb id="v.1.p.356"/> προειδυῖα τὸν χρόνον, ἐν ᾧ συμβαίνει τὴν
                  σελήνην ὑπὸ τῆς σκιᾶς ἁλίσκεσθαι, παρεκρούετο καὶ συνέπειθε τὰς
                  γυναῖκας ὡς αὐτὴ καθαιροῦσα τὴν σελήνην. παιδίον μὲν γὰρ οὐδεμία ποτὲ
                  γυνὴ λέγεται
<milestone unit="tlnum" n="5"/> ποιῆσαι <note resp="ed" place="unspecified" anchored="yes">
<foreign lang="greek">ποιῆσαι</foreign>] <foreign lang="greek">κυῆσαι</foreign> W</note> δίχα κοινωνίας ἀνδρός,
                  τὰ δʼ ἄμορφα κυήματα καὶ σαρκοειδῆ καὶ σύστασιν ἐν ἑαυτοῖς <note resp="ed" place="unspecified" anchored="yes">
<foreign lang="greek">ἑαυτοῖς</foreign>] cf. Vit. Cleom. c. 39</note> ἐκ
                  διαφθορᾶς λαμβάνοντα μύλας καλοῦσι. τοῦτο δὴ φυλακτέον ἐν ταῖς ψυχαῖς
                  γίγνεσθαι τῶν γυναικῶν. ἂν γὰρ λόγων χρηστῶν σπέρματα μὴ δέχωνται μηδὲ
<milestone unit="tlnum" n="10"/>
<milestone unit="stephpage" id="stephpage-145e" n="145e"/> κοινωνῶσι παιδείας·
                  τοῖς ἀνδράσιν, αὐταὶ καθʼ αὑτὰς ἄτοπα πολλὰ καὶ φαῦλα βουλεύματα καὶ
                  πάθη κυοῦσι. σὺ δʼ ὦ Εὐρυδίκη μάλιστα πειρῶ τοῖς τῶν σοφῶν καὶ
                  ἀγαθῶν ἀποφθέγμασιν ὁμιλεῖν καὶ διὰ στόματος ἀεὶ τὰς φωνὰς ἔχειν
                  ἐκείνας ὧν καὶ παρθένος
<milestone unit="tlnum" n="15"/> οὖσα παρʼ ἡμῖν
                  ἀνελάμβανες, ὅπως εὐφραίνῃς μὲν τὸν ἄνδρα, θαυμάζῃ δʼ ὑπὸ τῶν
                  ἄλλων γυναικῶν, οὕτω κοσμουμένη περιττῶς καὶ σεμνῶς ἀπὸ μηδενός. τοὺς
                  μὲν γὰρ τῆσδε τῆς πλουσίας μαργαρίτας καὶ τὰ τῆσδε τῆς ξένης σηρικὰ
                  λαβεῖν
<milestone unit="tlnum" n="20"/> οὐκ ἔστιν οὐδὲ περιθέσθαι μὴ
                  πολλοῦ πριαμένην, τὰ δὲ Θεανοῦς κόσμια καὶ Κλεοβουλίνης καὶ
                     Γοργοῦς
<milestone unit="stephpage" id="stephpage-145f" n="145f"/> τῆς
                  Λεωνίδου γυναικὸς καὶ Τιμοκλείας τῆς Θεαγένους ἀδελφῆς καὶ Κλαυδίας
                  τῆς παλαιᾶς, καὶ Κορνηλίας τῆς Σκιπίωνος καὶ ὅσαι ἐγένοντο θαυμασταὶ
<milestone unit="tlnum" n="25"/> καὶ περιβόητοι, ταῦτα δʼ ἔξεστι
                  περικειμένην προῖκα καὶ κοσμουμένην αὐτοῖς ἐνδόξως ἅμα βιοῦν καὶ
                  μακαρίως. εἰ γὰρ ἡ Σαπφὼ <note resp="ed" place="unspecified" anchored="yes">
<foreign lang="greek">Σαπφώ</foreign>] Bergk. 3 p. 111</note> διὰ τὴν ἐν τοῖς <pb id="v.1.p.357"/> μέλεσι
                  καλλιγραφίαν ἐφρόνει τηλικοῦτον ὥστε γράψαι
<milestone unit="stephpage" id="stephpage-146a" n="146a"/> πρός τινα πλουσίαν <quote rend="blockquote">
<l>κατθάνοισα <note resp="ed" place="unspecified" anchored="yes">
<foreign lang="greek">κατθάνοισα</foreign> p. 646 f: <foreign lang="greek">κατθανοῦσα</foreign>
</note> δὲ κείσεαι, οὐδέ τις μναμοσύνα σέθεν </l>
<l>ἔσεται· οὐ γὰρ πεδέχεις <note resp="ed" place="unspecified" anchored="yes">
<foreign lang="greek">πεδέχεις</foreign> ibidem: <foreign lang="greek">παῖδʼ ἔχεις</foreign>
</note> ῥόδων
<milestone unit="tlnum" n="5"/>
</l>
<l>τῶν ἐκ Πιερίας</l>
</quote>, πῶς οὐχί σοι μᾶλλον ἐξέσται μέγα φρονεῖν ἐφʼ ἑαυτῇ καὶ
                  λαμπρόν, ἂν μὴ τῶν ῥόδων ἀλλὰ καὶ τῶν καρπῶν μετέχῃς, ὧν αἱ
                  Μοῦσαι φέρουσι καὶ χαρίζονται τοῖς παιδείαν καὶ φιλοσοφίαν
                  θαυμάζουσιν;</p>
</div2>
</div1>
</body>
</text>
</TEI.2>
