<?xml version="1.0" encoding="UTF-8"?><TEI.2>
<teiHeader>
<fileDesc>
<titleStmt>
<title>Comparationis Aristophanis et Menandri compendium</title>
<title type="sub">Machine readable text</title>
<author n="Plut.">Plutarch</author>
<editor role="editor" n="Teubner">Gregorius N. Bernardakis</editor>
<sponsor>Perseus Project, Tufts University</sponsor>
<principal>Gregory Crane</principal>
<respStmt>
<resp>Prepared under the supervision of</resp>
<name>Lisa Cerrato</name>
<name>William Merrill</name>
<name>Elli Mylonas</name>
<name>David Smith</name>
</respStmt>
<funder n="org:NEH">The National Endowment for the Humanities</funder>
</titleStmt>
<extent/>
<publicationStmt>
<publisher>Trustees of Tufts University</publisher>
<pubPlace>Medford, MA</pubPlace>
<authority>Perseus Project</authority>
</publicationStmt>
<sourceDesc>
<biblStruct>
<analytic/>
<monogr>
<author>Plutarch</author>
<title>Moralia</title>
<editor role="editor">Gregorius N. Bernardakis</editor>
<imprint>
<pubPlace>Leipzig</pubPlace>
<publisher>Teubner</publisher>
<date>1893</date>
</imprint>
<biblScope type="volume">5</biblScope>
</monogr>
</biblStruct>
</sourceDesc>
</fileDesc>
<encodingDesc>
    <editorialDecl>    <normalization>
        <p>Notes are not included.</p>
    </normalization>
<correction method="silent">
<p>optical character recognition</p>
</correction>
</editorialDecl>
<refsDecl doctype="TEI.2">
<state unit="section"/>
</refsDecl>
<refsDecl doctype="TEI.2">
<state unit="stephpage" n="chunk"/>
</refsDecl>
</encodingDesc>
<profileDesc>
<langUsage>
<language id="greek">Greek</language>
</langUsage>
</profileDesc>
<revisionDesc>
<change>
<date>5/10</date>
<respStmt>
<name>RS</name>
<resp/>
</respStmt>
<item>tagged and parsed</item>
</change>
</revisionDesc>
</teiHeader>
<text>
<body>
<pb id="v.5.p.203"/>
<milestone unit="stephpage" id="stephpage-853a" n="853a"/>
<div1 type="section" n="1">
<p>
<gap/> ὠς μὲν κοινῶς καὶ καθόλου εἰπεῖν πολλῷ προκρίνει τὸν Μένανδρον, ὡς δʼ ἐπὶ μέρους καὶ
<milestone unit="tlnum" n="5"/>
<milestone unit="stephpage" id="stephpage-853b" n="853b"/> ταῦτα προστίθησι “τὸ φορτικόν” φησὶν “ἐν λόγοις
καὶ θυμελικὸν καὶ βάναυσον ὥς ἐστιν Ἀριστοφάνει, Μενάνδρῳ δʼ οὐδαμῶς. καὶ γὰρ ὁ μὲν ἀπαίδευτος
καὶ ἰδιώτης, οἷς ἐκεῖνος λέγει, ἁλίσκεται ὁ δὲ πεπαιδευμένος δυσχερανεῖ· λέγω δὲ τὰ ἀντίθετα καὶ
<milestone unit="tlnum" n="10"/> ὁμοιόπτωτα καὶ παρωνυμίας. τούτοις γὰρ ὁ μὲν μετὰ τοῦ προσήκοντος λόγου καὶ ὀλιγάκις χρῆται
ἐπιμελείας αὐτὰ ἀξιῶν, ὁ δὲ καὶ πολλάκις καὶ οὐκ
εὐκαίρως καὶ ψυχρῶς· ἐπαινεῖται γάρ” φησὶν ʼ ὅτι τοὺς ταμίας ἐβάπτισεν, οὐχὶ ταμίας ἀλλὰ Λαμίας
<milestone unit="tlnum" n="15"/>
ὄντας· καὶ
<milestone unit="stephpage" id="stephpage-853c" n="853c"/>
<quote rend="blockquote">οὗτος ἤτοι καικίας ἢ συκοφαντίας πνεῖ</quote>
καὶ
<quote rend="blockquote">γάστριζε καὶ τοῖς ἐντέροις καὶ τοῖς κόλοις</quote>
καὶ
<milestone unit="tlnum" n="20"/>
<quote rend="blockquote">ὑπὸ τοῦ γέλωτος εἰς Γέλαν ἀφίξομαι</quote>
<pb id="v.5.p.204"/>
καὶ
<quote rend="blockquote">τί  δῆτα σοι δράσω, κακόδαιμον, ἀμφορεὺς
ἑξοστρακισθείς;</quote> 
καὶ
<milestone unit="tlnum" n="5"/>
<quote rend="blockquote">
<l> ἄγρια γὰρ ἡμᾶς, ὦ γυναῖκες, δρᾷ κακά,
</l>
<l>ἅτʼ ἐν ἀγρίοισι τοῖς λαχάνοις αὐτὸς τραφείς</l>
</quote>
καὶ
<quote rend="blockquote">ἀλλʼ ἦ τριχόβρωτες τὸν λόφον μου κατέφαγον</quote>
καὶ
<milestone unit="tlnum" n="10"/>
<quote rend="blockquote">
<l>φέρε δεῦρο γοργόνωτον ἀσπίδος κύκλον.
</l>
<l>κἀμοὶ πλακοῦντος τυρόνωτον δὸς κύκλον</l>
</quote> 
καὶ πολλὰ τοιαῦτα. ἔνεστι μὲν οὖν ἐν τῇ κατασκευῇ τῶν ὀνομάτων αὐτῷ τὸ τραγικὸν τὸ κωμικὸν τὸ σοβαρὸν τὸ πεζόν, ἀσάφεια κοινότης, ὄγκος καὶ
<milestone unit="tlnum" n="15"/> δίαρμα, σπερμολογία καὶ φλυαρία ναυτιώδης. καὶ
<milestone unit="stephpage" id="stephpage-853d" n="853d"/>  τοσαύτας διαφορὰς ἔχουσα καὶ ἀνομοιότητας ἡ λέξις οὐδὲ τὸ πρέπον ἑκάστῃ καὶ οἰκεῖον ἀποδίδωσιν
οἷον λέγω βασιλεῖ τὸν ὄγκον ῥήτορι τὴν δεινότητα γυναικὶ τὸ ἁπλοῦν ἰδιώτῃ τὸ πεζὸν ἀγοραίῳ τὸ
<milestone unit="tlnum" n="20"/> φορτικόν· ἀλλʼ ὥσπερ ἀπὸ κλήρου ἀπονέμει τοῖς προσώποις τὰ προστυχόντα τῶν ὀνομάτων, καὶ οὐκ ἂν διαγνοίης εἴθʼ υἱός ἐστιν εἴτε πατὴρ εἴτʼ, ἄγροικος
εἴτε θεὸς εἴτε γραῦς εἴθʼ ἣρως ὁ διαλεγόμενος.
</p>
</div1>
<div1 type="section" n="2">
<pb id="v.5.p.205"/>
<p> “ἡ δὲ Μενάνδρου φράσις οὕτω συνέξεσται καὶ συμπέπνευκε κεκραμένη πρὸς ἑαυτήν, ὥστε διὰ
<milestone unit="stephpage" id="stephpage-853e" n="853e"/> πολλῶν ἀγομένη παθῶν καὶ ἠθῶν καὶ προσώποις ἐφαρμόττουσα παντοδαποῖς μία τε φαίνεσθαι καὶ
<milestone unit="tlnum" n="5"/> τὴν ὁμοιότητα τηρεῖν ἐν τοῖς κοινοῖς καὶ συνήθεσι καὶ ὑπὸ τὴν χρείαν ὀνόμασιν· ἐὰν δέ τινος ἄρα
ν τερατείας εἰς τὸ πρᾶγμα καὶ ψόφου δεήσῃ, καθάπερ
αὐλοῦ πάντρητον ἀνασπάσας ταχὺ πάλιν καὶ πιθανῶς ἐπέβαλε καὶ κατέστησε τὴν φωνὴν εἰς τὸ οἰκεῖον.
<milestone unit="tlnum" n="10"/> πολλῶν δὲ γεγονότων εὐδοκίμων τεχνιτῶν, οὔθʼ ὑπόδημα δημιουργὸς οὔτε προσωπεῖον σκευοποιὸς οὔτε τις ἱμάτιον ἅμα ταὐτὸν ἀνδρὶ καὶ γυναικὶ καὶ μειρακίῳ καὶ γέροντι καὶ οἰκότριβι πρέπον ἐποίησεν·
<milestone unit="stephpage" id="stephpage-853f" n="853f"/> ἀλλὰ Μένανδρος; οὕτως ἔμιξε τὴν λέξιν, ὥστε πάσῃ
<milestone unit="tlnum" n="15"/> καὶ φύσει καὶ διαθέσει καὶ ἡλικίᾳ σύμμετρον εἶναι, καὶ ταῦτα νέος μὲν ἔτι τοῦ πράγματος ἁψάμενος,
ἐν ἀκμῇ δὲ τοῦ ποιεῖν καὶ διδάσκειν τελευτήσας, ὅτε μάλιστα καὶ πλείστην ἐπίδοσιν, ὡς Ἀριστοτέλης φησί, λαμβάνει τὰ περὶ τὴν λέξιν τοῖς γράφουσιν.
<milestone unit="tlnum" n="20"/>
εἰ οὖν πρὸς τὰ πρῶτα τῶν Μενάνδρου δραμάτων
τὰ μέσα καὶ τὰ τελευταῖα παραβάλοι τις, ἐξ αὐτῶν ἐπιγνώσεται, ὅσα ἔμελλεν, εἰ ἐπεβίω, καὶ τούτοις ἕτερα προσθήσειν.” </p>
</div1>
<div1 type="section" n="3">
<milestone unit="stephpage" id="stephpage-854a" n="854a"/>
<p>ὅτι τῶν διδασκόντων οἱ μὲν πρὸς τὸν ὄχλον
<milestone unit="tlnum" n="25"/> καὶ τὸν δῆμον γράφουσιν οἱ δὲ τοῖς ὀλίγοις, τὸ
δʼ ἐν ἀμφοῖν ἁρμόττον τοῖς γένεσιν οὐ ῥᾴδιον ὅτῳ
<pb id="v.5.p.206"/> τῶν πάντων ὑπῆρξεν εἰπεῖν. Ἀριστοφάνης μὲν οὖν οὔτε τοῖς πολλοῖς ἀρεστὸς οὔτε τοῖς φρονίμοις ἀνεκτός, ἀλλʼ ὥσπερ ἑταίρας τῆς ποιήσεως παρηκμακυίας, εἶτα μιμουμένης γαμετήν, οὔθʼ οἱ πολλοὶ τὴν
<milestone unit="tlnum" n="5"/> αὐθάδειαν ὑπομένουσιν οἵ τε σεμνοὶ βδελύττονται
τὸ ἀκόλαστον καὶ κακόηθες. ὁ δὲ Μένανδρος; μετὰ χαρίτων μάλιστα ἑαυτὸν αὐτάρκη παρέσχηκεν, ἐν θεάτροις ἐν διατριβαῖς ἐν συμποσίοις, ἀνάγνωσμα
<milestone unit="stephpage" id="stephpage-854b" n="854b"/> καὶ μάθημα καὶ ἀγώνισμα κοινότατον ὧν ἡ Ἑλλὰς
<milestone unit="tlnum" n="10"/> ἐνήνοχε καλῶν παρέχων, τὴν ποίησιν, δεικνὺς ὅ τι δὴ καὶ ὁποῖον ἦν ἄρα δεξιότης λόγου, ἐπιὼν ἁπανταχόσε
μδτὰ πειθοῦς ἀφύκτου καὶ χειρούμενος ἅπασαν ἀκοὴν καὶ διάνοιαν Ἑλληνικῆς φωνῆς· τίνος γὰρ ἄξιον ἀληθῶς εἰς θέατρον ἐλθεῖν ἄνδρα πεπαιδευμένον
<milestone unit="tlnum" n="15"/>
ἢ Μενάνδρου ἕνεκα; πότε θέατρα
πίμπλαται ἀνδρῶν φιλολόγων, κωμικοῦ προσώπου
δειχθέντος; ἐν δὲ συμποσίοις τίνι δικαιότερον ἡ τράπεζα παραχωρεῖ
καὶ τόπον ὁ Διόνυσος δίδωσι; φιλοσόφοις καὶ φιλολόγοις, ὥσπερ ὅταν οἱ γραφεῖς
<milestone unit="tlnum" n="20"/> ἐκπονηθῶσι τὰς ὄψεις, ἐπὶ τὰ ἀνθηρὰ καὶ
<milestone unit="stephpage" id="stephpage-854c" n="854c"/> ποώδη χρώματα τρέπουσιν, ἀνάπαυλα τῶν ἀκράτων καὶ συντόνων ἐκείνων Μένανδρός ἐστιν, οἷον εὐανθεῖ λειμῶνι καὶ σκιερῷ καὶ πνευμάτων μεστῷ δεχόμενος τὴν διάνοιαν. </p>
</div1>
<div1 type="section" n="4">
<milestone unit="tlnum" n="25"/>
<p>ὅτι κωμῳδίας ὑποκριτὰς τοῦ χρόνου τούτου
<pb id="v.5.p.207"/> πολλοὺς καὶ ἀγαθοὺς τῆς πόλεως ἐνεγκούσης, <gap/> αἱ Μενάνδρου κωμῳδίαι ἀφθόνων ἁλῶν καὶ ἱερῶν μετέχουσιν, ὥσπερ ἐξ ἐκείνης γεγονότων τῆς θαλάττης,
ἐξ ὦν Ἀφροδίτη γέγονεν. οἱ δʼ Ἀριστοφάνους
<milestone unit="tlnum" n="5"/>
ἅλες πικροὶ καὶ τραχεῖς ὄντες ἑλκωτικὴν δριμύτητα
καὶ δηκτικὴν ἔχουσι· καὶ οὐκ οἶδʼ ἐν οἷς ἔστιν ἡ θρυλουμένη δεξιότης ὑπʼ αὐτοῦ, ἐν λόγοις ἢ προσώποις ἀμέλει καὶ τὰ μεμιμημένα πρὸς τὸ χεῖρον
<milestone unit="stephpage" id="stephpage-854d" n="854d"/>
μεμίμηται τὸ γὰρ πανοῦργον οὐ πολιτικὸν ἀλλὰ
<milestone unit="tlnum" n="10"/>
κακόηθες, καὶ τὸ ἄγροικον οὐκ ἀφελὲς ἀλλʼ ἠλίθιον, καὶ τὸ γελοῖον οὐ παιγνιῶδες ἀλλὰ καταγέλαστον, καὶ τὸ ἐρωτικὸν οὐχ ἱλαρὸν ἀλλʼ ἀκόλαστον. οὐδενὶ γὰρ ὁ ἄνθρωπος ἔοικε μετρίῳ τὴν ποίησιν γεγραφέναι, ἀλλὰ τὰ μὲν αἰσχρὰ καὶ ἀσελγῆ τοῖς ἀκολάστοις,
<milestone unit="tlnum" n="15"/>
τὰ βλάσφημα δὲ καὶ πικρὰ τοῖς βασκάνοις καὶ κακοήθεσιν. </p>
</div1>
</body>
</text>
</TEI.2>
