<?xml version="1.0" encoding="UTF-8"?>
<?xml-model href="http://www.stoa.org/epidoc/schema/latest/tei-epidoc.rng" schematypens="http://relaxng.org/ns/structure/1.0"?>
<TEI xmlns="http://www.tei-c.org/ns/1.0">
    <teiHeader>
<fileDesc>
<titleStmt>
<title type="sub">Machine readable text</title>
<title n="Phil." type="work">Philopoemen</title>
<author n="Plut.">Plutarch</author>
<editor n="Perrin" role="editor">Bernadotte Perrin</editor>
<sponsor>Perseus Project, Tufts University</sponsor>
<principal>Gregory Crane</principal>
<respStmt>
<resp>Prepared under the supervision of</resp>
<name>Lisa Cerrato</name>
<name>William Merrill</name>
<name>Elli Mylonas</name>
<name>David Smith</name>
</respStmt>
<funder n="org:NEH">The National Endowment for the Humanities</funder>
</titleStmt>
<extent/>
<publicationStmt>
<publisher>Trustees of Tufts University</publisher>
<pubPlace>Medford, MA</pubPlace>
<authority>Perseus Project</authority>
</publicationStmt>
<sourceDesc>
<biblStruct>

<monogr>
<author>Plutarch</author>
<title>Plutarch's Lives</title>
    <idno type="ISBN">0674991133</idno>
<respStmt>
<resp>with an English Translation by</resp>
<name>Bernadotte Perrin</name>
</respStmt>
<imprint>
<pubPlace>Cambridge, MA</pubPlace>
<publisher>Harvard University Press</publisher>
<pubPlace>London</pubPlace>
<publisher>William Heinemann Ltd.</publisher>
<date>1921</date>
</imprint>
<biblScope unit="volume">10</biblScope>
</monogr>

</biblStruct>
</sourceDesc>
</fileDesc>
<encodingDesc>
<editorialDecl>
<correction method="silent">
<p>optical character recognition</p>
</correction>
</editorialDecl>
    <refsDecl n="CTS">
        <cRefPattern n="section"
            matchPattern="(\w+).(\w+)"
            replacementPattern="#xpath(/tei:TEI/tei:text/tei:body/tei:div/tei:div[@n='$1']/tei:div[@n='$2'])">
            <p>This pointer pattern extracts chapter and section</p>
        </cRefPattern>
        <cRefPattern n="chapter"
            matchPattern="(\w+)"
            replacementPattern="#xpath(/tei:TEI/tei:text/tei:body/tei:div/tei:div[@n='$1'])">
            <p>This pointer pattern extracts chapter</p>
        </cRefPattern>
    </refsDecl>
    <refsDecl>
        <refState unit="chapter" delim="."/>
        <refState unit="section"/>
    </refsDecl>
</encodingDesc>
<profileDesc>
<langUsage>
    <language ident="grc">Greek</language>
    <language ident="eng">English</language>
</langUsage>
</profileDesc>
<revisionDesc>
    <change when="2018-04-02" who="Lisa Cerrato">EpiDoc and CTS conversion</change>
    <change when="2010-03-01" who="RS">tagged and parsed</change>
</revisionDesc>
</teiHeader>
    
    <text xml:lang="grc">
<body> 
<div type="edition" n="urn:cts:greekLit:tlg0007.tlg027.perseus-grc2" xml:lang="grc"> 
    <head>Φιλοποίμην</head> 
    <pb n="p.256"/> 
<div type="textpart" subtype="chapter" n="1"> 
<div type="textpart" subtype="section" n="1"> <p> Κλέανδρος ἦν ἐν Μαντινείᾳ γένους τε πρώτου <pb n="paris.1624.356"/> καὶ δυνηθεὶς ἐν τοῖς μάλιστα τῶν πολιτῶν, τύχῃ δὲ χρησάμενος καὶ τὴν ἑαυτοῦ φυγών ἧκεν εἰς Μεγάλην πόλιν οὐχ ἥκιστα διὰ τὸν Φιλοποίμενος πατέρα Κραῦγιν, ἄνδρα πάντων ἕνεκα λαμπρόν, ἰδίᾳ δὲ πρὸς ἐκεῖνον οἰκείως ἔχοντα.</p> </div> 
<div type="textpart" subtype="section" n="2"> <p> ζῶντος μὲν οὖν αὐτοῦ πάντων ἐτύγχανε, τελευτήσαντος δὲ τὴν ἀμοιβὴν τῆς φιλοξενίας ἀποδιδούς ἔθρεψεν αὐτοῦ τὸν υἱὸν ὀρφανὸν ὄντα, καθάπερ φησὶν Ὅμηρος ὑπὸ τοῦ Φοίνικος τὸν Ἀχιλλέα τραφῆναι, γενναίαν τινὰ καὶ βασιλικὴν τοῦ ἤθους εὐθὺς ἐξ ἀρχῆς πλάσιν καὶ αὔξησιν λαμβάνοντος, ἤδη δὲ τοῦ Φιλοποίμενος ἀντίπαιδος ὄντος Ἔκδημος καὶ Μεγαλοφάνης οἱ Μεγαλοπολῖται διεδέξαντο τὴν ἐπιμέλειαν, Ἀρκεσιλάῳ συνήθεις ἐν Ἀκαδημείᾳ γεγονότες καὶ φιλοσοφίαν μάλιστα τῶν καθʼ ἑαυτοὺς ἐπὶ πολιτείαν καὶ πράξεις προαγαγόντες.</p></div> 
<div type="textpart" subtype="section" n="3"> <p> οὗτοι καὶ τὴν ἑαυτῶν πατρίδα τυραννίδος ἀπήλλαξαν, τοὺς ἀποκτενοῦντας Ἀριστόδημον κρύφα παρασκευάσαντες, καὶ Νικοκλέα τὸν Σικυωνίων τύραννον Ἀράτῳ συνεξέβαλον, καὶ Κυρηναίοις <pb n="p.258"/> δεηθεῖσι, τεταραγμένων τῶν κατὰ τὴν πόλιν καὶ νοσούντων, πλεύσαντες εὐνομίαν ἔθεντο καὶ διεκόσμησαν ἄριστα τὴν πόλιν.</p></div> 
<div type="textpart" subtype="section" n="4"> <p> αὐτοί γε μὴν ἐν τοῖς ἄλλοις ἔργοις καὶ τὴν Φιλοποίμενος ἐποιοῦντο παίδευσιν, ὡς κοινὸν ὄφελος τῇ Ἑλλάδι τὸν ἄνδρα τοῦτον ὑπὸ φιλοσοφίας ἀπεργασόμενοι. καὶ γὰρ ὥσπερ ὀψίγονον ἐν γήρᾳ ταῖς τῶν παλαιῶν ἡγεμόνων ἐπιτεκοῦσα τοῦτον ἀρεταῖς ἡ Ἑλλὰς ἠγάπησε διαφερόντως καὶ συνηύξησε τῇ δόξῃ τὴν δύναμιν. Ῥωμαίων δέ τις ἐπαινῶν ἔσχατον αὐτὸν Ἑλλήνων προσεῖπεν, ὡς οὐδένα μέγαν μετὰ τοῦτον ἔτι τῆς Ἑλλάδος ἄνδρα γειναμένης οὐδὲ αὑτῆς ἄξιον.</p></div> </div> 
<div type="textpart" subtype="chapter" n="2"> 
<div type="textpart" subtype="section" n="1"> <p> ἦν δὲ τὸ μὲν εἶδος οὐκ αἰσχρός, ὡς ἔνιοι νομίζουσιν εἰκόνα γὰρ αὐτοῦ διαμένουσαν ἐν Δελφοῖς ὁρῶμεν· τὴν δὲ τῆς ξένης τῆς Μεγαρικῆς ἄγνοιαν συμβῆναι λέγουσι διʼ εὐκολίαν τινὰ καὶ <pb n="paris.1624.357"/> ἀφέλειαν αὐτοῦ, πυνθανομένη γὰρ ἔρχεσθαι πρὸς αὐτοὺς τὸν στρατηγὸν τῶν Ἀχαιῶν ἐθορυβεῖτο παρασκευάζουσα δεῖπνον, οὐ παρόντος κατὰ τύχην τοῦ ἀνδρός.</p> </div> 
<div type="textpart" subtype="section" n="2"> <p> ἐν τούτῳ δὲ τοῦ Φιλοποίμενος εἰσελθόντος χλαμύδιον εὐτελὲς ἔχοντος, οἰομένη τινὰ τῶν ὑπηρετῶν εἶναι καὶ πρόδρομον παρεκάλει τῆς διακονίας συνεφάψασθαι. καὶ ὁ μὲν εὐθὺς ἀπορρίψας τὴν χλαμύδα τῶν ξύλων ἔσχιζεν ὁ δὲ ξένος ἐπεισελθὼν καὶ θεασάμενος, <q>τί τοῦτο,</q> ἔφη, <q>ὦ Φιλοποίμην;</q> <q>τί γὰρ ἄλλο,</q> ἔφη δωρίζων ἐκεῖνος, <q>ἢ κακᾶς ὄψεως δίκας δίδωμι;</q></p></div> 
<div type="textpart" subtype="section" n="3"> <p> τοῦ δὲ ἄλλου σώματος τὴν φύσιν ἐπισκώπτων ὁ <pb n="p.260"/> Τίτος εἶπεν, <q>ὦ Φιλοποίμην, ὡς καλὰς χεῖρας ἔχεις καὶ σκέλη· γαστέρα δʼ οὐκ ἔχεις·</q> ἦν γὰρ ἐκ τῶν μέσων στενώτερος. τὸ μέντοι σκῶμμα πρὸς τὴν δύναμιν αὐτοῦ μᾶλλον ἐλέχθη, καὶ γὰρ ὁπλίτας ἔχων ἀγαθοὺς καὶ ἱππεῖς χρημάτων πολλάκις οὐκ εὐπόρει. ταῦτα μὲν οὖν ἐν ταῖς σχολαῖς περὶ τοῦ Φιλοποίμενος λέγεται.</p></div> </div> 
<div type="textpart" subtype="chapter" n="3"> 
<div type="textpart" subtype="section" n="1"> <p> τοῦ δʼ ἤθους τὸ φιλότιμον οὐκ ἦν παντάπασι φιλονεικίας καθαρὸν οὐδʼ ὀργῆς ἀπηλλαγμένον ἀλλὰ καίπερ Ἐπαμεινώνδου βουλόμενος εἶναι μάλιστα ζηλωτής, τὸ δραστήριον καὶ συνετὸν αὐτοῦ καὶ ὑπὸ χρημάτων ἀπαθὲς ἰσχυρῶς ἐμιμεῖτο, τῷ δὲ πρᾴῳ καὶ βαθεῖ καὶ φιλανθρώπῳ παρὰ τὰς πολιτικὰς διαφορὰς ἐμμένειν οὐ δυνάμενος διʼ ὀργὴν καὶ φιλονεικίαν μᾶλλον ἐδόκει στρατιωτικῆς ἢ πολιτικῆς ἀρετῆς οἰκεῖος εἶναι.</p> </div> 
<div type="textpart" subtype="section" n="2"> <p> καὶ γὰρ ἐκ παίδων εὐθὺς ἦν φιλοστρατιώτης, καὶ τοῖς πρὸς τοῦτο χρησίμοις μαθήμασιν ὑπήκουε προθύμως, ὁπλομαχεῖν καὶ ἱππεύειν. ἐπεὶ δὲ καὶ παλαίειν εὐφυῶς ἐδόκει καὶ παρεκάλουν αὐτὸν ἐπὶ τὴν ἄθλησιν ἔνιοι τῶν φίλων καὶ τῶν ἐπιτρόπων, ἠρώτησεν αὐτούς μή τι πρὸς τὴν στρατιωτικὴν ἄσκησιν ὑπὸ τῆς ἀθλήσεως βλαβήσοιτο.</p></div> 
<div type="textpart" subtype="section" n="3"> <p> τῶν δὲ φαμένων, ὅπερ ἦν, ἀθλητικὸν στρατιωτικοῦ σῶμα καὶ βίον διαφέρειν τοῖς πᾶσι, μάλιστα δὲ δίαιταν ἑτέραν καὶ ἄσκησιν εἶναι, τῶν μὲν ὕπνῳ τε πολλῷ καὶ πλησμοναῖς ἐνδελεχέσι καὶ κινήσεσί τεταγμέναις καὶ ἡσυχίαις αὐξόντων τε καὶ διαφυλαττόντων τὴν ἕξιν ὑπὸ πάσης ῥοπῆς καὶ παρεκβάσεως τοῦ συνήθους ἀκροσφαλῆ πρὸς μεταβολὴν οὖσαν, τὰ δὲ πάσης μὲν πλάνης ἔμπειρα καὶ <pb n="p.262"/> πάσης ἀνωμαλίας προσῆκον εἶναι, μάλιστα δὲ φέρειν ῥᾳδίως μὲν ἔνδειαν εἰθισμένα, </p> </div> 
<div type="textpart" subtype="section" n="4"> <p> ῥᾳδίως δὲ ἀγρυπνίαν, ἀκούσας ὁ Φιλοποίμην οὐ μόνον αὐτὸς ἔφυγε τὸ πρᾶγμα καὶ κατεγέλασεν, ἀλλὰ καὶ στρατηγῶν ὕστερον ἀτιμίαις καὶ προπηλακισμοῖς, ὅσον ἦν ἐπʼ αὐτῷ, πᾶσαν ἄθλησιν ἐξέβαλεν ὡς τὰ χρησιμώτατα τῶν σωμάτων εἰς τοὺς ἀναγκαίους ἀγῶνας ἄχρηστα ποιοῦσαν.</p></div> </div> 
<div type="textpart" subtype="chapter" n="4"> 
    <div type="textpart" subtype="section" n="1"> <p> ἀπαλλαγεὶς δὲ διδασκάλων καὶ παιδαγωγῶν ἐν μὲν ταῖς πολιτικαῖς στρατείαις, ἃς ? ἐποιοῦντο κλωπείας ἕνεκα καὶ λεηλασίας εἰς τὴν Λακωνικὴν ἐμβάλλοντες, εἴθισεν αὑτὸν πρῶτον μὲν ἐκστρατευόντων, ὕστατον δὲ ἀπερχομένων βαδίζειν. σχολῆς δὲ οὔσης ἢ κυνηγῶν διεπόνει τὸ σῶμα καὶ κατεσκεύαζε κοῦφον ἅμα καὶ ῥωμαλέον, ἢ γεωργῶν.</p> </div> 
<div type="textpart" subtype="section" n="2"> <p> ἦν γὰρ ἀγρὸς αὐτῷ καλὸς ἀπὸ σταδίων εἴκοσι τῆς πόλεως, εἰς τοῦτον ἐβάδιζε καθʼ ἡμέραν μετὰ τὸ ἄριστον ἢ μετὰ τὸ δεῖπνον, καὶ καταβαλὼν ἑαυτὸν ἐπὶ στιβαδίου τοῦ τυχόντος ὥσπερ ἕκαστος τῶν ἐργατῶν ἀνεπαύετο. πρωῒ δὲ ἀναστὰς καὶ συνεφαψάμενος ἔργου τοῖς ἀμπελουργοῦσιν ἢ βοηλατοῦσιν, αὖθις εἰς πόλιν ἀπῄει καὶ περὶ τὰ δημόσια τοῖς φίλοις καὶ τοῖς ἄρχουσι συνησχολεῖτο.</p></div> 
<div type="textpart" subtype="section" n="3"> <p>τὰ μὲν οὖν ἐκ τῶν στρατειῶν προσιόντα κατάνλισκεν εἰς ἵππους καὶ ὅπλα καὶ λύσεις αἰχμαλώτων, τὸν δὲ οἶκον ἀπὸ τῆς γεωργίας αὔξειν ἐπειρᾶτο δικαιοτάτῳ τῶν χρηματισμῶν, οὐδὲ τοῦτο <pb n="paris.1624.358"/> ποιούμενος πάρεργον, ἀλλὰ καὶ πάνυ προσήκειν ? <pb n="p.264"/> οἰόμενος οἰκεῖα κεκτῆσθαι τὸν ἀλλοτρίων ἀφεξόμενον. ἠκροᾶτο δὲ λόγων καὶ συγγράμμασι φιλοσόφων ἐνετύγχανεν, οὐ πᾶσιν, ἀλλʼ ἀφʼ ὧν ἐδόκει πρὸς ἀρετὴν ὠφελεῖσθαι.</p></div> 
<div type="textpart" subtype="section" n="4"> <p> καὶ τῶν Ὁμηρικῶν ὅσα τὰς πρὸς ἀνδρείαν ἐγείρειν καὶ παροξύνειν ἐνόμιζε φαντασίας, τούτοις προσεῖχε. τῶν δʼ ἄλλων ἀναγνωσμάτων μάλιστα τοῖς Εὐαγγέλου τακτικοῖς ἐνεφύετο καὶ τὰς περὶ Ἀλέξανδρον ἱστορίας κατεῖχε, τοὺς λόγους ἐπὶ τὰ πράγματα καταστρέφειν οἰόμενος, εἰ μὴ σχολῆς ἕνεκα καὶ λαλιᾶς ἀκάρπου περαίνοιντο.</p></div> 
<div type="textpart" subtype="section" n="5"> <p> καὶ γὰρ τῶν τακτικῶν θεωρημάτων τὰς ἐπὶ τοῖς πινακίοις διαγραφὰς ἐῶν χαίρειν, ἐπὶ τῶν τόπων αὐτῶν ἐλάμβανεν ἔλεγχον καὶ μελέτην ἐποιεῖτο, χωρίων συγκλινίας καὶ πεδίων ἀποκοπὰς, καὶ ὅσα περὶ ῥείθροις ἢ τάφροις ἢ στενωποῖς πάθη καὶ σχήματα διασπωμένης καὶ πάλιν συστελλομένης φάλαγγος, ἐπισκοπῶν αὐτὸς πρὸς αὑτὸν ἐν ταῖς ὁδοιπορίαις καὶ τοῖς μεθʼ ἑαυτοῦ προβάλλων.</p> </div> 
<div type="textpart" subtype="section" n="6"> <p> ἔοικε γὰρ οὗτος ὁ ἀνὴρ περαιτέρω τῆς ἀνάγκης ἐμφιλοκαλῆσαι τοῖς στρατιωτικοῖς, καὶ τὸν πόλεμον ὡς ποικιλωτάτην ὑπόθεσιν τῆς ἀρετῆς ἀσπάσασθαι, καὶ ὅλως καταφρονεῖν τῶν ἀπολειπομένων ὡς ἀπράκτων.</p></div> </div> 
<div type="textpart" subtype="chapter" n="5"> 
<div type="textpart" subtype="section" n="1"> <p> ἤδη δὲ αὐτοῦ τριάκοντα ἔτη γεγονότος Κλεομένης ὁ βασιλεὺς Λακεδαιμονίων νυκτὸς ἐξαίφνης προσπεσὼν τῇ Μεγάλῃ πόλει καὶ τὰς φυλακὰς βιασάμενος ἐντὸς παρῆλθε καὶ τήν ἀγορὰν κατέλαβεν. ἐκβοηθήσας δὲ Φιλοποίμην τοὺς <pb n="p.266"/> μὲν πολεμίους οὐ κατίσχυσεν ἐξελάσαι, καίπερ ἐρρωμένως καὶ παραβόλως διαγωνισάμενος, τοὺς δὲ πολίτας τρόπον τινὰ τῆς πόλεως ἐξέκλεψε, προσμαχόμενος τοῖς ἐπιδιώκουσι καὶ τὸν Κλεομένην περισπῶν ἐφʼ ἑαυτόν, ὡς χαλεπῶς καὶ μόλις ὕστατος ἀπελθεῖν, ἀποβαλὼν τὸν ἵππον καὶ τραυματίας γενόμενος.</p> </div> 
<div type="textpart" subtype="section" n="2"> <p> ἐπεὶ δὲ προσέπεμψεν αὐτοῖς ὁ Κλεομένης εἰς Μεσσήνην ἀπελθοῦσι τήν τε πόλιν μετὰ τῶν χρημάτων ἀποδιδοὺς καὶ τήν χώραν, ὁρῶν ὁ Φιλοποίμην τοὺς πολίτας ἀσμένως δεχομένους καὶ σπεύδοντας ἐπανελθεῖν ἐνέστη καὶ διεκώλυσε τῷ λόγῳ, διδάσκων ὡς οὐκ ἀποδίδωσι τήν πόλιν Κλεομένης, προσκτᾶται δὲ τοὺς πολίτας ἐπὶ τῷ καὶ τήν πόλιν ἔχειν βεβαιότερον οὐ γὰρ ἕξειν αὐτόν ὅπως οἰκίας καὶ τείχη κενὰ φυλάξει καθήμενος, ἀλλὰ καὶ τούτων ὑπʼ ἐρημίας ἐκπεσεῖσθαι. ταῦτα λέγων τοὺς μὲν πολίτας ἀπέτρεψε, τῷ δὲ Κλεομένει πρόφασιν παρέσχε λυμήνασθαι καὶ καταβαλεῖν τὰ πλεῖστα τῆς πόλεως καὶ χρημάτων εὐπορήσαντι μεγάλων ἀπελθεῖν.</p></div> </div> 
<div type="textpart" subtype="chapter" n="6"> 
<div type="textpart" subtype="section" n="1"> <p> ἐπεὶ δὲ Ἀντίγονος ὁ βασιλεὺς βοηθῶν ἐπὶ τὸν Κλεομένην μετὰ τῶν Ἀχαιῶν ἐστράτευσε, καὶ τὰς περὶ Σελλασίαν ἄκρας καὶ τὰς ἐμβολὰς κατέχοντος αὐτοῦ παρέταξε τὴν δύναμιν ἐγγύς ἐπιχειρεῖν καὶ βιάζεσθαι διανοούμενος, ἦν μὲν ἐν τοῖς ἱππεῦσι μετὰ τῶν ἑαυτοῦ πολιτῶν τεταγμένος ὁ Φιλοποίμην, καὶ παραστάτας εἶχεν Ἰλλυριούς, οἷς τὰ λήγοντα τῆς παρατάξεως συνεπέφρακτο <pb n="p.268"/> πολλοῖς οὖσι καὶ μαχίμοις.</p></div> 
<div type="textpart" subtype="section" n="2"> <p> εἴρητο δὲ αὐτοῖς ἐφεδρεύουσιν ἡσυχίαν ἔχειν ἄχρι ἂν ἀπὸ θατέρου κέρως ὑπὸ τοῦ βασιλέως ἀρθῇ φοινικὶς ὑπὲρ σαρίσης διατεταμένη. τῶν δὲ ἡγεμόνων τοῖς Ἰλλυριοῖς πειρωμένων ἐκβιάζεσθαι τοὺς Λακεδαιμονίους, καὶ τῶν Ἀχαιῶν, ὥσπερ προσετέτακτο, τὴν ἐφεδρείαν ἐν τάξει διαφυλαττόντων, Εὐκλείδας ὁ τοῦ Κλεομένους ἀδελφὸς καταμαθὼν τὸ γινόμενον διάσπασμα περὶ τοὺς πολεμίους ταχὺ τοὺς ἐλαφροτάτους τῶν ψιλῶν περιέπεμψεν, ἐξόπισθεν τοῖς Ἰλλυριοῖς ἐπιπεσεῖν κελεύσας καὶ περισπᾶν ἐρήμους τῶν ἱππέων ἀπολελειμμένους.</p></div> 
<div type="textpart" subtype="section" n="3"> <p> γινομένων δὲ τούτων καὶ τῶν ψιλῶν τοὺς Ἰλλυριοὺς <pb n="paris.1624.359"/> περισπώντων καὶ διαταραττόντων, συνιδὼν ὁ Φιλοποίμην οὐ μέγα ὂν ἔργον ἐπιθέσθαι τοῖς ψιλοῖς καὶ τὸν καιρὸν ὑφηγούμενον τοῦτο, πρῶτον μὲν ἔφραζε τοῖς βασιλικοῖς , ὡς δὲ οὐκ ἔπειθεν, ἀλλὰ μαίνεσθαι δοκῶν κατεφρονεῖτο, οὐδέπω μεγάλης οὐδὲ ἀξιοπίστου πρὸς τηλικοῦτο στρατήγημα δόξης περὶ αὐτὸν οὔσης, αὐτὸς ἐμβάλλει συνεπισπασάμενος τοὺς πολίτας.</p></div> 
<div type="textpart" subtype="section" n="4"> <p> γενομένης δὲ ταραχῆς τὸ πρῶτον, εἶτα φυγῆς καὶ φόνου πολλοῦ τῶν ψιλῶν, βουλόμενος ἔτι μᾶλλον ἐπιρρῶσαι τοὺς βασιλικοὺς καὶ προσμῖξαι κατὰ τάχος θορυβουμένοις τοῖς πολεμίοις τὸν μὲν ἵππον ἀφῆκεν, αὐτὸς δὲ πρὸς χωρία σκολιὰ καὶ μεστὰ ῥείθρων καὶ φαράγγων πεζὸς ἐν ἱππικῷ θώρακι καὶ σκευῇ βαρυτέρᾳ χαλεπῶς καὶ ταλαιπώρως ἁμιλλώμενος διελαύνεται διαμπερὲς ὁμοῦ τοὺς μηροὺς ἑκατέρους <pb n="p.270"/> ἑνὶ μεσαγκύλῳ, καιρίας μὲν οὐ γενομένης, ἰσχυρᾶς δὲ τῆς πληγῆς, ὥστε τὴν αἰχμὴν ἐπὶ θάτερα διῶσαι.</p></div> 
<div type="textpart" subtype="section" n="5"> <p> τὸ μὲν οὖν πρῶτον ἐνσχεθεὶς ὥσπερ δεσμῷ παντάπασιν ἀπόρως εἶχε· τὸ γὰρ ἔναμμα τῆς ἀγκύλης χαλεπὴν ἐποίει τοῦ ἀκοντίσματος ἀνελκομένου διὰ τῶν τραυμάτων τὴν πάροδον· ὡς δὲ ὤκνουν οἱ παρόντες ἅψασθαι καὶ τῆς μάχης ἀκμὴν ὀξεῖαν ἐχούσης ἐσφάδαζεν ὑπὸ θυμοῦ καὶ φιλοτιμίας πρὸς τὸν ἀγῶνα, τῇ παραβάσει καὶ τῇ παραλλάξει τῶν σκελῶν διὰ μέσου κλάσας τὸ ἀκόντισμα χωρὶς ἐκέλευσεν ἑλκύσαι τῶν ἀγμάτων ἑκάτερον.</p></div> 
<div type="textpart" subtype="section" n="6"> <p> οὕτω δὲ ἀπαλλαγεὶς καὶ σπασάμενος τὸ ξίφος ἐχώρει διὰ τῶν προμάχων ἐπὶ τοὺς πολεμίους, ὥστε πολλὴν προθυμίαν καὶ ζῆλον ἀρετῆς παρασχεῖν τοῖς ἀγωνιζομένοις. νικήσας οὖν ὁ Ἀντίγονος ἀπεπειρᾶτο τῶν Μακεδόνων, ἐρωτῶν διὰ τί, μὴ κελεύσαντος αὐτοῦ, τὸ ἱππικὸν ἐκίνησαν.</p> </div> 
<div type="textpart" subtype="section" n="7"> <p> τῶν δὲ ἀπολογουμένων ὡς παρὰ γνώμην βιασθεῖεν εἰς χεῖρας ἐλθεῖν τοῖς πολεμίοις μειρακίου Μεγαλοπολιτικοῦ προεμβαλόντος, γελάσας ὁ Ἀντίγονος <q>ἐκεῖνο τοίνυν τὸ μειράκιον,</q> εἶπεν, <q>ἔργον ἡγεμόνος μεγάλου πεποίηκεν.</q></p></div> </div> 
<div type="textpart" subtype="chapter" n="7"> 
<div type="textpart" subtype="section" n="1"> <p> ἐκ τούτου δόξαν ἔσχεν, ὥσπερ εἰκὸς, ὁ Φιλοποίμην, καὶ τοῦ μὲν Ἀντιγόνου σπουδάσαντος ὅπως στρατεύοιτο μετʼ αὐτοῦ, καὶ διδόντος ἡγεμονίαν καὶ χρήματα, παρῃτήσατο, μάλιστα τὴν ἑαυτοῦ φύσιν καταμαθὼν πρὸς τὸ ἄρχεσθαι δυσκόλως καὶ χαλεπῶς ἔχουσαν, ἀργεῖν δὲ καὶ σχολάζειν οὐ βουλόμενος ἀσκήσεως ἕνεκα καὶ μελέτης τῶν πολεμικῶν εἰς Κρήτην ἔπλευσεν ἐπὶ στρατείαν.</p></div> 
<div type="textpart" subtype="section" n="2"> <p> κἀκεῖ συχνὸν χρόνον ἐγγυμνασάμενος <pb n="p.272"/> ἀνδράσι μαχίμοις καὶ ποικίλοις μεταχειρίσασθαι πόλεμον, ἔτι δὲ σώφροσι καὶ κεκολασμένοις περὶ δίαιταν, ἐπανῆλθεν οὕτω λαμπρὸς εἰς τοὺς Ἀχαιούς ὥστε εὐθὺς ἵππαρχος ἀποδειχθῆναι.</p></div> 
<div type="textpart" subtype="section" n="3"> <p> παραλαβὼν δὲ τοὺς ἱππεῖς φαύλοις μὲν ἱππαρίοις ἐκ τοῦ προστυχόντος, ὅτε συμβαίνοι στρατεία, προσχρωμένους, αὐτοὺς δὲ τὰς πολλὰς τῶν στρατειῶν ἀποδιδράσκοντας, ἑτέρους δὲ πέμποντας ἀνθʼ ἑαυτῶν, δεινὴν δὲ ἀπειρίαν μετὰ ἀτολμίας πάντων οὖσαν, περιορῶντας δὲ ταῦτα τοὺς ἄρχοντας ἀεὶ διά τε τὸ πλεῖστον ἐν τοῖς Ἀχαιοῖς τοὺς ἱππεῖς δύνασθαι καὶ μάλιστα κυρίους εἶναι τιμῆς καὶ κολάσεως, </p></div> 
    <div type="textpart" subtype="section" n="4"> <p>οὐχ ὑπεῖξεν οὐδὲ ἀνῆκεν, ἀλλὰ καὶ τὰς πόλεις ἐπιών καὶ κατʼ ἄνδρα τῶν νέων ἕκαστον ἐπὶ τὴν φιλοτιμίαν συνεξορμῶν, καὶ κολάζων τοὺς ἀνάγκης δεομένους, μελέταις τε καὶ πομπαῖς καὶ πρὸς ἀλλήλους ἁμίλλαις χρώμενος, ὅπου πλεῖστοι θεᾶσθαι μέλλοιεν, ἐν ὀλίγῳ χρόνῳ πᾶσι ῥώμην τε θαυμαστὴν καὶ προθυμίαν παρέστησε καὶ, </p></div> 
<div type="textpart" subtype="section" n="5"> <p> ὃ μέγιστον ἦν ἐν τοῖς τακτικοῖς, ἐλαφροὺς καὶ ὀξεῖς <pb n="paris.1624.360"/> πρός τε τὰς κατʼ οὐλαμὸν ἐπιστροφὰς καὶ περισπασμοὺς καὶ τὰς καθʼ ἵππον ἐπιστροφὰς καὶ κλίσεις ἀπειργάσατο, καὶ συνείθισεν ὡς ἑνὶ σώματι κινουμένῳ καθʼ ὁρμὴν ἑκούσιον ἐοικέναι τὴν ὅλου τοῦ συστήματος ἐν ταῖς μεταβολαῖς εὐχέρειαν.</p></div> 
<div type="textpart" subtype="section" n="6"> <p> συστάσης δὲ τῆς περὶ τὸν Λάρισσον αὐτοῖς ποταμὸν ἰσχυρᾶς μάχης πρός Αἰτωλοὺς καὶ Ἠλείους, ὁ τῶν Ἠλείων ἵππαρχος Δαμόφαντος <pb n="p.274"/> ὥρμησεν ἐπὶ τὸν Φιλοποίμενα προεξελάσας. δεξάμενος δὲ τὴν ὁρμὴν ἐκεῖνος αὐτοῦ καὶ φθάσας τῷ δόρατι παίει καὶ καταβάλλει τὸν Δαμόφαντον.</p></div> 
<div type="textpart" subtype="section" n="7"> <p> εὐθὺς δὲ τούτου πεσόντος ἔφυγον οἱ πολέμιοι, καὶ λαμπρὸς ἦν ὁ Φιλοποίμην, ὡς οὔτε κατὰ χεῖρα τῶν νέων τινὸς οὔτε συνέσει τῶν πρεσβυτέρων ἀπολειπόμενος, ἀλλὰ καὶ μάχεσθαι καὶ στρατηγεῖν ἱκανώτατος.</p></div> </div> 
<div type="textpart" subtype="chapter" n="8"> 
<div type="textpart" subtype="section" n="1"> <p> τὸ δὲ κοινὸν τῶν Ἀχαιῶν πρῶτος μὲν Ἄρατος εἰς ἀξίωμα καὶ δύναμιν ἦρεν, ἐκ ταπεινοῦ καὶ διερριμμένου κατὰ πόλεις συναγαγὼν καὶ πολιτευσάμενος Ἑλληνικὴν καὶ φιλάνθρωπον πολιτείαν· ἔπεια, ὥσπερ ἐν τοῖς ὕδασιν, ἀρξαμένων ὀλίγων ὑφίστασθαι καὶ μικρῶν σωμάτων, ἤδη τὰ ἐπιρρέοντα τοῖς πρώτοις ἐνισχόμενα καὶ περιπίπτοντα πῆξιν ἰσχυρὰν καὶ στερεότητα ποιεῖ διʼ ἀλλήλων, </p></div> 
<div type="textpart" subtype="section" n="2"> <p> οὕτω τῆς Ἑλλάδος ἀσθενοῦς καὶ εὐδιαλύτου φερομένης κατὰ πόλεις ἐν τῷ τότε χρόνῳ πρῶτον συστάντες οἱ Ἀχαιοί, καὶ τῶν κύκλῳ πόλεων τὰς μὲν ἐκ τοῦ βοηθεῖν καὶ συνελευθεροῦν ἀπὸ τῶν τυράννων ὑπολαμβάνοντες, τὰς δὲ ὁμονοίᾳ καὶ πολιτείᾳ καταμιγνύντες εἰς ἑαυτούς, ἓν σῶμα καὶ μίαν δύναμιν κατασκευάσαι διενοοῦντο τὴν Πελοπόννησον.</p></div> 
<div type="textpart" subtype="section" n="3"> <p> ἀλλ Ἀράτου μὲν ζῶντος ἔτι τοῖς Μακεδόνων ὅπλοις ὑπεδύοντο τὰ πολλά, θεραπεύοντες Πτολεμαῖον, εἶτʼ αὖθις Ἀντίγονον καὶ Φίλιππον ἐν μέσαις ἀναστρεφομένους ταῖς Ἑλληνικαῖς πράξεσιν ἐπεὶ δὲ Φιλοποίμην εἰς τὸ πρωτεύειν προῆλθεν, ἤδη καθʼ ἑαυτοὺς <pb n="p.276"/> ἀξιόμαχοι τοῖς ἰσχύουσι πλεῖστον ὄντες ἐπαύσαντο χρώμενοι προστάταις ἐπεισάκτοις.</p></div> 
<div type="textpart" subtype="section" n="4"> <p>Ἄρατος μὲν γὰρ, ἀργότερος εἶναι δοκῶν πρὸς τοὺς πολεμικοὺς ἀγῶνας, ὁμιλίᾳ καὶ πρᾳότητι καὶ φιλίαις βασιλικαῖς τὰ πλεῖστα κατειργάσατο τῶν πραγμάτων, ὡς ἐν τοῖς περὶ ἐκείνου γέγραπται, Φιλοποίμην δὲ ἀγαθὸς πολεμιστὴς ὢν καὶ διὰ τῶν ὅπλων ἐνεργός, ἔτι δʼ εὐτυχὴς καὶ κατορθωτικὸς εὐθὺς ἐν ταῖς πρώταις γενόμενος μάχαις, ἅμα τῇ δυνάμει τὸ φρόνημα τῶν Ἀχαιῶν ηὔξησε νικᾶν ἐθισθέντων μετʼ αὐτοῦ καὶ κατευτυχεῖν ἐν τοῖς πλείστοις ἀγῶσι.</p></div> </div> 
<div type="textpart" subtype="chapter" n="9"> 
<div type="textpart" subtype="section" n="1"> <p> πρῶτον μὲν οὖν τὰ περὶ τὰς τάξεις καὶ τοὺς ὁπλισμοὺς φαύλως ἔχοντα τοῖς Ἀχαιοῖς ἐκίνησεν. ἐχρῶντο μὲν γὰρ θνρεοῖς μὲν εὐπετέσι διὰ λεπτότητα καὶ στενωτέροις τοῦ περιστέλλειν τὰ σώματα, δόρασι δὲ μικροτέροις πολὺ τῶν σαρισῶν καὶ διὰ τοῦτο πλῆκται καὶ μάχιμοι πόρρωθεν ἦσαν ὑπὸ κουφότητος, προσμίξαντες δὲ τοῖς πολεμίοις ἔλαττον εἶχον· </p></div> 
<div type="textpart" subtype="section" n="2"> <p> εἶδος δὲ τάξεως καὶ σχήματος εἰς σπεῖραν οὐκ ἦν σύνηθες, φάλαγγι δὲ χρώμενοι μήτε προβολὴν ἐχούσῃ μήτε συνασπισμὸν ὡς ἡ Μακεδόνων, ῥᾳδίως ἐξεθλίβοντο καὶ διεσπῶντο. ταῦτα ὁ Φιλοποίμην διδάξας ἔπεισεν αὐτοὺς ἀντὶ μὲν θυρεοῦ καὶ δόρατος ἀσπίδα λαβεῖν καὶ σάρισαν, κράνεσι δὲ καὶ θώραξι καὶ περικνημῖσι πεφραγμένους μόνιμον καὶ βεβηκυῖαν ἀντὶ δρομικῆς καὶ πελταστικῆς μάχην ἀσκεῖν.<pb n="p.278"/></p></div> 
    <div type="textpart" subtype="section" n="3"> <p> πείσας δὲ καθοπλίσασθαι τοὺς ἐν ἡλικίᾳ πρῶτον μὲν ἐπῆρε θαρρεῖν ὡς ἀμάχους γεγονότας, ἔπειτα τὰς τρυφὰς αὐτῶν καὶ τὰς πολυτελείας ἄριστα μετεκόσμησεν. ἀφελεῖν γὰρ οὐκ ἦν παντάπασιν ἐκ πολλοῦ νοσούντων τὸν κενὸν καὶ μάταιον ζῆλον, ἐσθῆτας ἀγαπώντων περιττάς στρωμνάς τε βαπτομένων ἁλουργεῖς καὶ περὶ δεῖπνα φιλοτιμουμένων <pb n="paris.1624.361"/> καὶ τραπέζας.</p></div> 
<div type="textpart" subtype="section" n="4"> <p> ὁ δὲ ἀρξάμενος ἐκτρέπειν ἀπὸ τῶν οὐκ ἀναγκαίων ἐπὶ τὰ χρήσιμα καὶ καλὰ τὴν φιλοκοσμίαν, ταχὺ πάντας ἔπεισε καὶ παρώρμησε τὰς καθʼ ἡμέραν περὶ σῶμα δαπάνας κολούσαντας ἐν ταῖς στρατιωτικαῖς καὶ πολεμικαῖς παρασκευαῖς διαπρεπεῖς ὁρᾶσθαι κεκοσμημένους.</p> </div> 
<div type="textpart" subtype="section" n="5"> <p> ἦν οὖν ἰδεῖν τὰ μὲν ἐργαστήρια μεστὰ κατακοπτομένων κυλίκων καὶ Θηρικλείων, χρυσουμένων δὲ θωράκων καὶ καταργυρουμένων θυρεῶν καὶ χαλινῶν, τὰ δὲ στάδια πώλων δαμαζομένων καὶ νεανίσκων ὁπλομαχούντων, ἐν δὲ ταῖς χερσὶ τῶν γυναικῶν κράνη καὶ πτερὰ βαφαῖς κοσμούμενα καὶ χιτώνων ἱππικῶν καὶ στρατιωτικῶν χλαμύδων διηνθισμένων· </p></div> 
<div type="textpart" subtype="section" n="6"> <p> ἡ δʼ ὄψις αὕτη τὸ θάρσος αὔξουσα καὶ παρακαλοῦσα τὴν ὁρμὴν ἐποίει φιλοπαράβολον καὶ πρόθυμον ἐπὶ τοὺς κινδύνους.</p> </div> 
<div type="textpart" subtype="section" n="7"> <p> ἡ μὲν γὰρ ἐν τοῖς ἄλλοις θεάμασι πολυτέλεια τρυφὴν ἐπάγεται καὶ μαλακίαν ἐνδίδωσι τοῖς χρωμένοις, ὥσπερ ὑπὸ νυγμῶν καὶ γαργαλισμῶν τῆς αἰσθήσεως συνεπικλώσης τὴν διάνοιαν, ἡ δʼ εἰς τὰ τοιαῦτα ῥώννυσι καὶ μεγαλύνει τὸν θυμόν, ὥσπερ Ὅμηρος ἐποίησε τὸν Ἀχιλλέα τῶν καινῶν ὅπλων παρατεθέντων <pb n="p.280"/> ἐγγὺς ὑπὸ τῆς ὄψεως οἷον ὀργῶντα καὶ φλεγόμενον πρὸς τὴν διʼ αὐτῶν ἐνέργειαν. <milestone unit="para"/>οὕτω δὲ κοσμήσας τοὺς νέους ἐγύμναζε καὶ διεπόνει, ταῖς κινήσεσι προθύμως ὑπακούοντας καὶ φιλοτίμως.</p></div> 
<div type="textpart" subtype="section" n="8"> <p> καὶ γὰρ ἡ τάξις θαυμαστῶς ἠγαπᾶτο ἄθραυστόν τι λαμβάνειν πύκνωμα δοκοῦσα, καὶ τὰ ὅπλα τοῖς σώμασιν ἐγίνετο χειροήθη καὶ κοῦφα, μεθʼ ἡδονῆς διὰ λαμπρότητα καὶ κάλλος ἁπτομένων καὶ φορούντων, ἐναγωνίσασθαί τε βουλομένων καὶ διακριθῆναι τάχιστα πρὸς τοὺς πολεμίους.</p></div> </div> 
<div type="textpart" subtype="chapter" n="10"> 
<div type="textpart" subtype="section" n="1"> <p> ἦν δὲ τότε τοῖς Ἀχαιοῖς ὁ πρὸς Μαχανίδαν πόλεμος τὸν Λακεδαιμονίων τύραννον, ἀπὸ πολλῆς καὶ μεγάλης δυνάμεως ἐπιβουλεύοντα πᾶσι Πελοποννησίοις. ὡς οὖν εἰς τὴν Μαντίνειαν ἐμβεβληκὼς ἀπηγγέλθη, κατὰ τάχος ὁ Φιλοποίμην ἐξήγαγε τὴν στρατιὰν ἐπʼ αὐτόν, ἐγγὺς δὲ τῆς πόλεως παρετάξαντο πολλοῖς μὲν ξένοις ἑκάτεροι, πάσαις δὲ ὁμοῦ τι ταῖς πολιτικαῖς δυνάμεσι.</p></div> 
<div type="textpart" subtype="section" n="2"> <p> γενομένου δὲ τοῦ ἀγῶνος ἐν χερσίν, ὁ Μαχανίδας τοῖς ξένοις τοὺς τῶν Ἀχαιῶν προτεταγμένους ἀκοντιστὰς καὶ Ταραντίνους τρεψάμενος ἀντὶ τοῦ χωρεῖν εὐθὺς ἐπὶ τοὺς μαχομένους καὶ παραρρηγνύναι τὸ συνεστηκός ἐξέπεσε διώκων καὶ παρήλλαξε τὴν φάλαγγα τῶν Ἀχαιῶν ἐν τάξει μενόντων.</p></div> 
<div type="textpart" subtype="section" n="3"> <p> ὁ δὲ Φιλοποίμην τηλικούτου πταίσματος ἐν ἀρχῇ γενομένου καὶ τῶν πραγμάτων ἀπολωλέναι κομιδῇ καὶ διεφθάρθαι δοκούντων, τοῦτο μὲν ὅμως προσεποιεῖτο παρορᾶν καὶ μηδὲν <pb n="p.282"/> ἡγεῖσθαι δεινόν, κατιδὼν δὲ τοὺς πολεμίους, ὅσον ἡμάρτανον ἐν τῇ διώξει, τῆς φάλαγγος ἀπορρηγνυμένους καὶ κενὴν χώραν διδόντας, οὐκ ἀπήντησεν οὐδʼ ἐνέστη φερομένοις αὐτοῖς ἐπὶ τοὺς φεύγοντας, </p> </div> 
<div type="textpart" subtype="section" n="4"> <p> ἀλλʼ ἐάσας παρελθεῖν καὶ διάσπασμα ποιῆσαι μέγα πρὸς τοὺς ὁπλίτας εὐθὺς ἦγε τῶν Λακεδαιμονίων, ὁρῶν τὴν φάλαγγα γυμνὴν ἀπολελειμμένην, καὶ κατὰ κέρας παραδραμὼν ἐνέβαλε, μήτε ἄρχοντος αὐτοῖς παρόντος μήτε μάχεσθαι προσδεχομένοις· νικᾶν γὰρ ἡγοῦντο καὶ κρατεῖν παντάπασι, διώκοντα τὸν Μαχανίδαν ὁρῶντες.</p></div> 
    <div type="textpart" subtype="section" n="5"> <p> ὠσάμενος δὲ τούτους φόνῳ πολλῷ λέγονται γὰρ ὑπὲρ τοὺς τετρακισχιλίους ἀποθανεῖν ὥρμησεν ἐπὶ τὸν Μαχανίδαν ἐκ τῆς διώξεως ἀναστρέφοντα μετὰ τῶν ξένων, τάφρου δὲ μεγάλης <pb n="paris.1624.362"/> καὶ βαθείας ἐν μέσῳ διειργούσης, παρεξήλαυνον ἀλλήλοις ἑκατέρωθεν, ὁ μὲν διαβῆναι καὶ φυγεῖν, ὁ δὲ τοῦτο κωλῦσαι βουλόμενος.</p> </div> 
<div type="textpart" subtype="section" n="6"> <p> ἦν δὲ ὄψις οὐχ ὡς στρατηγῶν μαχομένων, ἀλλʼ ὥσπερ θηρίῳ πρὸς ἀλκὴν ὑπʼ ἀνάγκης τρεπομένῳ δεινοῦ κυνηγέτου τοῦ Φιλοποίμενος συνεστῶτος,, ἔνθα ὁ μὲν ἵππος τοῦ τυράννου ῥωμαλέος ὢν καὶ θυμοειδὴς καὶ τοῖς μύωψιν αἱμαχθεὶς ἑκατέρωθεν ἐπετόλμησε τῇ διαβάσει, καὶ προσβαλὼν τῇ τάφρῳ τὸ στῆθος ἐβιάζετο τοῖς προσθίοις πέραν ἐρείσασθαι σκέλεσιν.</p></div> 
<div type="textpart" subtype="section" n="7"> <p> ἐν δὲ τούτῳ Σιμίας καὶ Πολύαινος, οἵπερ ἀεὶ τῷ Φιλοποίμενι παρῆσαν μαχομένῳ καὶ συνήσπιζον, ὁμοῦ προσήλαυνον ἀμφότεροι τὰς αἰχμὰς κλίναντες ἐναντίας, φθάνει δὲ αὐτοὺς ὁ Φιλοποίμην ἀπαντήσας τῷ Μαχανίδᾳ, καὶ τὸν ἵππον αὐτοῦ μετεωρίζοντα τὴν κεφαλὴν πρὸ τοῦ <pb n="p.284"/> σώματος ὁρῶν μικρὸν ἐνέκλινε τὸν ἴδιον, καὶ διαλαβὼν τὸ ξυστὸν ἐκ χειρὸς ὠθεῖ καὶ περιτρέπει τὸν ἄνδρα συνεπερείσας.</p></div> 
<div type="textpart" subtype="section" n="8"> <p> τοῦτο ἔχων τὸ σχῆμα χαλκοῦς ἐν Δελφοῖς ἕστηκεν ὑπὸ τῶν Ἀχαιῶν θαυμασάντων μάλιστα καὶ τὴν πρᾶξιν αὐτοῦ καὶ τὴν στρατηγίαν ἐκείνην.</p></div> </div> 
<div type="textpart" subtype="chapter" n="11"> 
<div type="textpart" subtype="section" n="1"> <p> λέγεται δὲ τῆς τῶν Νεμείων πανηγύρεως συνεστώσης<note anchored="true" place="unspecified" resp="ed" xml:lang="eng"> <foreign xml:lang="grc">συνεστώσης</foreign> Bekker has <foreign xml:lang="grc">ἐνεστώσης</foreign>, after Bryan.</note> στρατηγοῦντα τὸν Φιλοποίμενα τὸ δεύτερον καὶ νενικηκότα μὲν οὐ πάλαι τὴν ἐν Μαντινείᾳ μάχην, τότε δὲ σχολὴν ἄγοντα διὰ τὴν ἑορτήν, πρῶτον μὲν ἐπιδεῖξαι τοῖς Ἕλλησι κεκοσμημένην τὴν φάλαγγα καὶ κινουμένην, ὥσπερ εἴθιστο, τοὺς τακτικοὺς ῥυθμοὺς μετὰ τάχους καὶ ῥώμης· </p></div> 
<div type="textpart" subtype="section" n="2"> <p> ἔπειτα κιθαρῳδῶν ἀγωνιζομένων εἰς τὸ θέατρον παρελθεῖν ἔχοντα τοὺς νεανίσκους ἐν ταῖς στρατιωτικαῖς χλαμύσι καὶ τοῖς φοινικοῖς ὑποδύταις, ἀκμάζοντάς τε τοῖς σώμασιν ἅπαντας καὶ ταῖς ἡλικίαις παραλλήλους, αἰδῶ δὲ πολλὴν πρὸς τὸν ἄρχοντα καὶ φρόνημα νεανικὸν ὑποφαίνοντας ἐκ πολλῶν καὶ καλῶν ἀγώνων ἄρτι δʼ αὐτῶν εἰσεληλυθότων κατὰ τύχην Πυλάδην τὸν κιθαρῳδὸν ᾄδοντα τοὺς Τιμοθέου Πέρσας ἐνάρξασθαι <quote rend="blockquote">κλεινὸν ἐλευθερίας τεύχων μέγαν Ἑλλάδι κόσμον· </quote></p></div> 
<div type="textpart" subtype="section" n="3"> <p> ἅμα δὲ τῇ λαμπρότητι τῆς φωνῆς τοῦ περὶ τὴν ποίησιν ὄγκου συμπρέψαντος ἐπίβλεψιν γενέσθαι τοῦ θεάτρου πανταχόθεν εἰς τὸν Φιλοποίμενα καὶ κρότον μετὰ χαρᾶς, τῶν Ἑλλήνων τὸ παλαιὸν <pb n="p.286"/> ἀξίωμα ταῖς ἐλπίσιν ἀναλαμβανόντων καὶ τοῦ τότε φρονήματος ἔγγιστα τῷ θαρρεῖν γινομένων.<note anchored="true" place="unspecified" resp="ed" xml:lang="eng"> <foreign xml:lang="grc">γινομένων</foreign> Bekker after Coraës: <foreign xml:lang="grc">γενομένων</foreign>.</note></p></div> </div> 
<div type="textpart" subtype="chapter" n="12"> 
<div type="textpart" subtype="section" n="1"> <p> παρὰ δὲ τὰς μάχας καὶ τοὺς κινδύνους, ὥσπερ οἱ πῶλοι τοὺς συνήθεις ἐπιβάτας ποθοῦντες, ἐὰν ἄλλον φέρωσι, πτύρονται καὶ ξενοπαθοῦσιν, οὕτως ἡ δύναμις τῶν Ἀχαιῶν ἑτέρου στρατηγοῦντος ἠθύμει καὶ πρὸς ἐκεῖνον ἐπάπταινε καὶ μόνον ὀφθέντος εὐθὺς ὀρθὴ καὶ δραστήριος ἦν διὰ τὸ θαρρεῖν, ἅτε δὴ καὶ τοὺς ἐναντίους αἰσθανόμενοι πρὸς ἕνα τοῦτον τῶν στρατηγῶν ἀντιβλέπειν οὐ δυναμένους, ἀλλὰ καὶ τὴν δόξαν αὐτοῦ καὶ τοὔνομα δεδοικότας, ὡς ἦν φανερὸν ἐξ ὧν ἔπρασσον.</p></div> 
<div type="textpart" subtype="section" n="2"> <p>Φίλιππος μὲν γὰρ ὁ τῶν Μακεδόνων βασιλεύς οἰόμενος, ἂν ἐκποδὼν ὁ Φιλοποίμην γένηται, πάλιν ὑποπτήξειν αὐτῷ τοὺς Ἀχαιούς, ἔπεμψεν εἰς Ἄργος κρύφα τοὺς ἀναιρήσοντας αὐτόν ἐπιγνωσθείσης δὲ τῆς ἐπιβουλῆς παντάπασιν ἐξεμισήθη καὶ διεβλήθη πρὸς τοὺς Ἕλληνας.</p></div> 
<div type="textpart" subtype="section" n="3"> <p>Βοιωτοὶ δὲ πολιορκοῦντες Μέγαρα καὶ λήψεσθαι ταχέως ἐλπίζοντες, ἐξαίφνης λόγου προσπεσόντος αὐτοῖς, ὃς οὐκ ἦν ἀληθής, Φιλοποίμενα βοηθοῦντα τοῖς πολιορκουμένοις ἐγγὺς εἶναι, τὰς κλίμακας ἀφέντες ἤδη προσερηρεισμένας τοῖς τείχεσιν ᾤχοντο φεύγοντες.</p></div> 
<div type="textpart" subtype="section" n="4"> <p>Νάβιδος δὲ τοῦ μετὰ Μαχανίδαν τυραννοῦντος Λακεδαιμονίων Μεσσήνην ἄφνω καταλαβόντος, ἐτύγχανε μὲν ἰδιώτης ὢν τότε ὁ Φιλοποίμην καὶ δυνάμεως οὐδεμιᾶς κύριος, ἐπεὶ δὲ τὸν στρατηγοῦντα τῶν <pb n="paris.1624.363"/> Ἀχαιῶν Λύσιππον οὐκ ἔπειθε βοηθεῖν τοῖς <pb n="p.288"/> Μεσσηνίοις, ἀπολωλέναι κομιδῇ φάσκοντα τὴν πόλιν ἔνδον γεγονότων τῶν πολεμίων, αὐτὸς ἐβοήθει τοὺς ἑαυτοῦ πολίτας ἀναλαβών οὔτε νόμον οὔτε χειροτονίαν περιμείναντας, ἀλλʼ ὡς διὰ παντὸς ἄρχοντι τῷ κρείττονι κατὰ φύσιν ἑπομένους.</p></div> 
<div type="textpart" subtype="section" n="5"> <p> ἤδη δʼ αὐτοῦ πλησίον ὄντος ἀκούσας ὁ Νάβις οὐχ ὑπέστη, καίπερ ἐν τῇ πόλει στρατοπεδεύων, ἀλλʼ ὑπεκδὺς διὰ πυλῶν ἑτέρων κατὰ τάχος ἀπήγαγε τὴν δύναμιν, εὐτυχίᾳ χρήσεσθαι δοκῶν εἰ διαφύγοι· καὶ διέφυγε, Μεσσήνη δʼ ἠλευθέρωτο.</p></div> </div> 
<div type="textpart" subtype="chapter" n="13"> 
<div type="textpart" subtype="section" n="1"> <p> ταῦτα μὲν οὖν καλὰ τοῦ Φιλοποίμενος· ἡ δʼ εἰς Κρήτην αὖθις ἀποδημία Γορτυνίων δεηθέντων, ὡς χρήσαιντο πολεμούμενοι στρατηγῷ, διαβολὴν ἔσχεν, ὅτι τῆς πατρίδος αὐτοῦ πολεμουμένης ὑπὸ Νάβιδος ἀπῆν φυγομαχῶν ἡ φιλοτιμούμενος ἀκαίρως πρὸς ἑτέρους, καίτοι συντόνως οὕτως ἐπολεμήθησαν Μεγαλοπολῖται κατὰ τὸν χρόνον ἐκεῖνον ὥστε τοῖς μὲν τείχεσιν ἐνοικεῖν, σπείρειν δέ τοὺς στενωπούς, περικεκομμένης<note anchored="true" place="unspecified" resp="ed" xml:lang="eng"> <foreign xml:lang="grc">περικεκομμένης</foreign> Coraës and Bekker, with the vulgate: <foreign xml:lang="grc">περικεκομμένους</foreign>.</note> τῆς χώρας καὶ τῶν πολεμίων σχεδὸν ἐν ταῖς πύλαις στρατοπεδευόντων.</p></div> 
<div type="textpart" subtype="section" n="2"> <p> ὁ δὲ Κρησὶ πολεμῶν τηνικαῦτα καὶ στρατηγῶν διαπόντιος ἐγκλήματα παρεῖχε καθʼ ἑαυτοῦ τοῖς ἐχθροῖς ὡς ἀποδιδράσκων τὸν οἴκοι πόλεμον. ἦσαν δέ τινες οἱ λέγοντες, ἑτέρους τῶν Ἀχαιῶν ᾑρημένων ἄρχοντας, ἰδιώτην ὄντα τὸν Φιλοποίμενα χρῆσαι τὴν ἑαυτοῦ σχολὴν ἐφʼ ἡγεμονίᾳ δεηθεῖσι τοῖς <pb n="p.290"/> Γορτυνίοις.</p></div> 
<div type="textpart" subtype="section" n="3"> <p> ἦν γὰρ ἀλλότριος σχολῆς, καθάπερ ἄλλο τι κτῆμα τὴν στρατηγικὴν καὶ πολεμικὴν ἀρετὴν ἔχειν διὰ παντὸς ἐν χρήσει καὶ τριβῇ βουλόμενος, ὡς καὶ τῷ περὶ Πτολεμαίου ποτὲ ῥηθέντι τοῦ βασιλέως ἀπεδήλωσεν. ἐκεῖνον γὰρ ἐγκωμιαζόντων τινῶν ὡς ἐν μὲν ἐξασκοῦντα τὸ στράτευμα καθʼ ἡμέραν, ἐν δὲ γυμνάζοντα καὶ φιλοπόνως διὰ τῶν ὅπλων τὸ σῶμα, <q>καὶ τίς ἂν,</q> ἔφη, <q>βασιλέα θαυμάσειεν ἐν τούτῳ τῆς ἡλικίας μὴ ἐπιδεικνύμενον, ἀλλὰ μελετῶντα;</q></p></div> 
<div type="textpart" subtype="section" n="4"> <p> χαλεπῶς δʼ οὖν οἱ Μεγαλοπολῖται φέροντες ἐπὶ τούτῳ καὶ προδεδόσθαι νομίζοντες ἐπεχείρησαν ἀποξενοῦν αὐτόν· οἱ δʼ Ἀχαιοὶ διεκώλυσαν Ἀρίσταινον πέμψαντες εἰς Μεγάλην πόλιν στρατηγόν, ὃς καίπερ ὢν διάφορος τῷ Φιλοποίμενι περὶ τὴν πολιτείαν, οὐκ εἴασε τελεσθῆναι τὴν καταδίκην.</p></div> 
<div type="textpart" subtype="section" n="5"> <p> ἐκ δὲ τούτου παρορώμενος ὑπὸ τῶν πολιτῶν ὁ Φιλοποίμην ἀπέστησε πολλὰς τῶν περιοικίδων κωμῶν, λέγειν διδάξας ὡς οὐ συνετέλουν οὐδὲ ἦσαν ἐξ ἀρχῆς ἐκείνων, καὶ λεγούσαις ταῦτα φανερῶς συνηγωνίσατο καὶ συγκατεστασίασε τὴν πόλιν ἐπὶ τῶν Ἀχαιῶν, ταῦτα μὲν οὖν ὕστερον.</p></div> 
<div type="textpart" subtype="section" n="6"> <p>ἐν δὲ τῇ Κρήτῃ συνεπολέμει τοῖς Γορτυνίοις, οὐχ ὡς Πελοποννήσιος ἀνὴρ καὶ Ἀρκὰς ἁπλοῦν τινα καὶ γενναῖον πόλεμον, ἀλλὰ τὸ Κρητικὸν ἦθος ἐνδὺς καὶ τοῖς ἐκείνων σοφίσμασι καὶ δόλοις κλωπείαις τε καὶ λοχισμοῖς χρώμενος ἐπʼ αὐτούς <pb n="p.292"/> ταχὺ παῖδας ἀπέδειξεν ἀνόητα καὶ κενὰ πρὸς ἐμπειρίαν ἀληθινὴν πανουργοῦντας.</p></div> </div> 
<div type="textpart" subtype="chapter" n="14"> 
<div type="textpart" subtype="section" n="1"> <p> ἐπὶ τούτοις δὲ θαυμασθείς καὶ λαμπρὸς παρὰ τῶν ἐκεῖ πράξεων ἀνακομισθεὶς εἰς Πελοπόννησον εὗρε τὸν μὲν Φίλιππον ὑπὸ τοῦ Τίτου καταπεπολεμημένον, τὸν δὲ Νάβιν ὑπὸ τῶν Ἀχαιῶν καὶ τῶν Ῥωμαίων πολεμούμενον. ἐφʼ ὃν εὐθὺς αἱρεθεὶς ἄρχων καὶ ναυμαχίᾳ παραβαλόμενος τὸ τοῦ Ἐπαμεινώνδου παθεῖν ἔδοξε, ποχὺ τῆς περὶ αὐτὸν ἀρετῆς καὶ δόξης ἐν τῇ θαλάσσῃ κάκιον ἀγωνισάμενος.</p></div> 
<div type="textpart" subtype="section" n="2"> <p> πλὴν Ἐπαμεινώνδαν μὲν ἔνιοι λέγουσιν ὀκνοῦντα γεῦσαι τῶν κατὰ θάλασσαν ὠφελειῶν τοὺς πολίτας, ὅπως αὐτῷ μὴ λάθωσιν ἀντὶ μονίμων ὁπλιτῶν, κατὰ Πλάτωνα, <pb n="paris.1624.364"/> ναῦται γενόμενοι καὶ διαφθαρέντες, ἄπρακτον ἐκ τῆς Ἀσίας καὶ τῶν νήσων ἀπελθεῖν ἑκουσίως· </p></div> 
<div type="textpart" subtype="section" n="3"> <p>Φιλοποίμην δὲ τὴν ἐν τοῖς πεζοῖς ἐπιστήμην καὶ διὰ θαλάττης ἀρκέσειν αὐτῷ πρὸς τὸ καλῶς ἀγωνίσασθαι πεπεισμένος, ἔγνω τὴν ἄσκησιν ἡλίκον μέρος ἐστὶ τῆς ἀρετῆς καὶ πόσην ἐπὶ πάντα τοῖς ἐθισθεῖσι δύναμιν προστίθησιν. οὐ γὰρ μόνον ἐν τῇ ναυμαχίᾳ διὰ τὴν ἀπειρίαν ἔλαττον ἔσχεν, ἀλλὰ καὶ ναῦν τινα, παλαιὰν μέν, ἔνδοξον δέ, διʼ ἐτῶν τεσσαράκοντα κατασπάσας ἐπλήρωσεν, ὥστε μὴ στεγούσης κινδυνεῦσαι τοὺς πλέοντας.<pb n="p.294"/></p></div> 
<div type="textpart" subtype="section" n="4"> <p> πρὸς ταῦτα γινώσκων καταφρονοῦντας αὐτοῦ τοὺς πολεμίους ὡς παντάπασι πεφευγότος ἐκ τῆς θαλάττης, καὶ πολιορκοῦντας ὑπερηφάνως τὸ Γύθιον, εὐθὺς ἐπέπλευσεν αὐτοῖς οὐ προσδοκῶσιν, ἀλλʼ ἐκλελυμένοις διὰ τὴν νίκην. καὶ νυκτὸς ἐκβιβάσας τοὺς στρατιώτας καὶ προσαγαγών, πῦρ ἐνῆκε ταῖς σκηναῖς καὶ τὸ στρατόπεδον κατέκαυσε καὶ πολλοὺς διέφθειρεν.</p></div> 
<div type="textpart" subtype="section" n="5"> <p> ὀλίγαις δʼ ὕστερον ἡμέραις καθʼ ὁδὸν ἐν δυσχωρίαις τισὶν ἄφνω τοῦ Νάβιδος ἐπιφανέντος αὐτῷ καὶ φοβήσαντος τοὺς Ἀχαιούς ἀνέλπιστον ἡγουμένους τὴν σωτηρίαν ἐκ τόπων χαλεπῶν καὶ γεγονότων ὑποχειρίων τοῖς πολεμίοις, ὀλίγον χρόνον ἐπιστὰς καὶ περιλαβὼν ὄψει τὴν τοῦ χωρίου φύσιν ἐπέδειξε τὴν τακτικὴν τῶν ἄκρων τῆς πολεμικῆς τέχνην οὖσαν οὕτω μικρὰ κινήσας τὴν ἑαυτοῦ φάλαγγα καὶ πρὸς τὰ παρόντα μεθαρμόσας ἀθορύβως καὶ ῥᾳδίως διεκρούσατο τὴν ἀπορίαν, καὶ προσβαλὼν τοῖς πολεμίοις τροπὴν ἰσχυρὰν ἐποίησεν.</p></div> 
<div type="textpart" subtype="section" n="6"> <p> ἐπεὶ δὲ οὐ πρὸς τὴν πόλιν ἑώρα φεύγοντας, ἀλλὰ τῆς χώρας ἄλλον ἄλλῃ διασπειρόμενον ὑλώδης δὲ καὶ περίβουνος ἦν πᾶσα καὶ δύσιππος ὑπὸ ῥείθρων καὶ φαράγγων, τὴν μὲν δίωξιν ἐπέσχε καὶ κατεστρατοπέδευσεν ἔτι φωτὸς ὄντος· τεκμαιρόμενος δὲ τοὺς πολεμίους ἐκ τῆς φυγῆς καθʼ ἕνα καὶ δύο πρὸς τὴν πόλιν ὑπάξειν σκοταίους, ἐλλοχίζει τοῖς περὶ τὸ ἄστυ ῥείθροις καὶ λόφοις πολλοὺς ἔχοντας ἐγχειρίδια τῶν Ἀχαιῶν.</p></div> 
<div type="textpart" subtype="section" n="7"> <p> ἐνταῦθα πλείστους ἀποθανεῖν συνέβη τῶν τοῦ Νάβιδος· ἅτε γὰρ οὐκ <pb n="p.296"/> ἀθρόαν ποιούμενοι τὴν ἀναχώρησιν, ἀλλʼ ὡς ἑκάστοις αἱ φυγαὶ συνετύγχανον, ὥσπερ ὄρνιθες ἡλίσκοντο περὶ τὴν πόλιν εἰς τὰς τῶν πολεμίων χεῖρας καταίροντες.</p></div> </div> 
<div type="textpart" subtype="chapter" n="15"> 
<div type="textpart" subtype="section" n="1"> <p> ἐπὶ τούτοις ἀγαπώμενος καὶ τιμώμενος ἐκπρεπῶς ὑπὸ τῶν Ἑλλήνων ἐν τοῖς θεάτροις φιλότιμον ὄντα τὸν Τίτον ἡσυχῇ παρελύπει. καὶ γὰρ ὡς Ῥωμαίων ὕπατος ἀνδρὸς Ἀρκάδος ἠξίου θαυμάζεσθαι μᾶλλον ὑπὸ τῶν Ἀχαιῶν, καὶ ταῖς εὐεργεσίαις ὑπερβάλλειν οὐ παρὰ μικρὸν ἡγεῖτο, διʼ ἑνὸς κηρύγματος ἐλευθερώσας τὴν Ἑλλάδα, ὅση Φιλίππῳ καὶ Μακεδόσιν ἐδούλευσεν.</p></div> 
<div type="textpart" subtype="section" n="2"> <p>ἐκ δὲ τούτου καταλύεται μὲν ὁ Τίτος τῷ Νάβιδι τὸν πόλεμον, ἀποθνῄσκει δὲ ὁ Νάβις ὑπὸ Αἰτωλῶν δολοφονηθείς, τεταραγμένης δὲ τῆς Σπάρτης ὁ Φιλοποίμην ἁρπάσας τὸν καιρὸν ἐπιπίπτει μετὰ δυνάμεως, καὶ τῶν μὲν ἀκόντων, τοὺς δὲ συμπείσας προσηγάγετο καὶ μετεκόμισεν εἰς τοὺς Ἀχαιοὺς τὴν πόλιν.</p></div> 
<div type="textpart" subtype="section" n="3"> <p> οὗ γενομένου θαυμαστῶς μὲν εὐδοκίμησε παρὰ τοῖς Ἀχαιοῖς, προσκτησάμενος αὐτοῖς ἀξίωμα πόλεως τηλικαύτης καὶ δύναμιν οὐ γὰρ ἦν μικρὸν Ἀχαΐας μέρος γενέσθαι τὴν Σπάρτην, ἀνέλαβε δὲ καὶ Λακεδαιμονίων τοὺς ἀρίστους, φύλακα τῆς ἐλευθερίας ἐκεῖνον ἐλπίσαντας ἕξειν.</p></div> 
<div type="textpart" subtype="section" n="4"> <p> διὸ καὶ τὴν Νάβιδος οἰκίαν καὶ οὐσίαν ἐξαργυρισθεῖσαν καὶ γενομένην <pb n="p.298"/> εἴκοσι καὶ ἑκατὸν ταλάντων ἐψηφίσαντο δωρεὰν αὐτῷ δοῦναι, πρεσβείαν ὑπὲρ τούτων πέμψαντες. ἔνθα δὴ καὶ διεφάνη καθαρῶς ἐκεῖνος ὁ ἀνὴρ οὐ δοκῶν μόνον, ἀλλὰ καὶ ὢν ἄριστος, πρῶτον μὲν γὰρ οὐδεὶς ἐβούλετο τῶν Σπαρτιατῶν ἀνδρὶ τοιούτῳ <pb n="paris.1624.365"/> διαλέγεσθαι περὶ δωροδοκίας, ἀλλὰ δεδοικότες καὶ ἀναδυόμενοι προεβάλοντο τὸν ξένον αὐτοῦ Τιμόλαον.</p></div> 
<div type="textpart" subtype="section" n="5"> <p> ἔπειτα δὲ αὐτὸς ὁ Τιμόλαος, ὡς ἦλθεν εἰς Μεγάλην πόλιν, ἑστιαθεὶς παρὰ τῷ Φιλοποίμενι καὶ τὴν σεμνότητα τῆς ὁμιλίας αὐτοῦ καὶ τὴν ἀφέλειαν τῆς διαίτης καὶ τὸ ἦθος ἐγγύθεν οὐδαμῇ προσιτὸν οὐδὲ εὐάλωτον ὑπὸ χρημάτων κατανοήσας, ἀπεσιώπησε περὶ τῆς δωρεᾶς, ἑτέραν δέ τινα πρόφασιν τῆς πρὸς αὐτὸν ὁδοῦ ποιησάμενος ᾤχετο ἀπιών. καὶ πάλιν ἐκ δευτέρου πεμφθείς ταὐτὸν ἔπαθε.</p></div> 
<div type="textpart" subtype="section" n="6"> <p> τρίτῃ δὲ ὁδῷ μόλις ἐντυχὼν ἐδήλωσε τὴν προθυμίαν τῆς πόλεως, ὁ δὲ Φιλοποίμην ἡδέως ἀκούσας ἧκεν αὐτὸς εἰς Λακεδαίμονα, καὶ συνεβούλευσεν αὐτοῖς μὴ τοὺς φίλους καὶ ἀγαθοὺς δεκάζειν, ὧν προῖκα τῆς ἀρετῆς ἔξεστιν ἀπολαύειν, ἀλλὰ τοὺς πονηροὺς καὶ τὴν πόλιν ἐν τῷ συνεδρίῳ καταστασιάζοντας ὠνεῖσθαι καὶ διαφθείρειν, ἵνα τῷ λαβεῖν ἐπιστομισθέντες ἧττον ἐνοχλοῖεν αὐτοῖς βέλτιον γὰρ εἶναι τῶν ἐχθρῶν παραιρεῖσθαι τὴν παρρησίαν <pb n="p.300"/> ἢ τῶν φίλων, οὕτως μὲν ἦν πρὸς χρήματα λαμπρός.</p></div> </div> 
<div type="textpart" subtype="chapter" n="16"> 
<div type="textpart" subtype="section" n="1"> <p> ἐπεὶ δὲ πάλιν τοὺς Λακεδαιμονίους νεωτερίζειν ἀκούσας ὁ στρατηγὸς τῶν Ἀχαιῶν Διοφάνης ἐβούλετο κολάζειν, οἱ δὲ εἰς πόλεμον καθιστάμενοι διετάρασσον τὴν Πελοπόννησον, ἐπειρᾶτο πραΰνειν καὶ καταπαύειν τόν Διοφάνη τῆς ὀργῆς ὁ Φιλοποίμην, διδάσκων τόν καιρόν ὡς Ἀντιόχου τοῦ βασιλέως καὶ Ῥωμαίων ἐν τῇ Ἑλλάδι τηλικούτοις αἰωρουμένων στρατοπέδοις ἐκεῖσε χρὴ τόν ἄρχοντα τὴν γνώμην ἔχειν, τὰ δὲ οἰκεῖα μὴ κινεῖν, ἀλλὰ καὶ παριδεῖν τι καὶ παρακοῦσαι τῶν ἁμαρτανομένων.</p></div> 
<div type="textpart" subtype="section" n="2"> <p> οὐ προσέχοντος δὲ τοῦ Διοφάνους, ἀλλʼ εἰς τὴν Λακωνικὴν ἐμβαλόντος ἅμα τῷ Τίτῳ καὶ βαδιζόντων εὐθὺς ἐπὶ τὴν πόλιν, ἀγανακτήσας ὁ Φιλοποίμην, ἔργον οὐ νόμιμον οὐδʼ ἀπηκριβωμένον ἐκ τῶν δικαίων, ἀλλὰ μέγα καὶ μεγάλῳ φρονήματι τολμήσας, εἰς τὴν Λακεδαίμονα παρῆλθε καὶ τόν τε στρατηγὸν τῶν Ἀχαιῶν καὶ τόν ὕπατον τῶν Ῥωμαίων ἰδιώτης ὢν ἀπέκλεισε, τὰς δʼ ἐν τῇ πόλει ταραχὰς ἔπαυσε καὶ κατέστησε τοὺς Λακεδαιμονίους πάλιν εἰς τὸ κοινόν, ὥσπερ ἐξ ἀρχῆς ἦσαν.</p></div> 
    <div type="textpart" subtype="section" n="3"> <p> χρόνῳ δὲ ὕστερον ἐγκαλέσας τι τοῖς Λακεδαιμονίοις στρατηγῶν ὁ Φιλοποίμην τὰς μὲν φυγὰς κατήγαγεν εἰς τὴν πόλιν, ὀγδοήκοντα δὲ Σπαρτιάτας ἀπέκτεινεν, ὡς Πολύβιός φησιν, ὡς δὲ <pb n="p.302"/> Ἀριστοκράτης, πεντήκοντα καὶ τριακοσίους.</p> </div> 
<div type="textpart" subtype="section" n="4"> <p>τὰ δὲ τείχη καθεῖλε, χώραν δὲ πολλὴν ἀποτεμόμενος προσένειμε τοῖς Μεγαλοπολίταις, ὅσοι δὲ ἦσαν ὑπὸ τῶν τυράννων ἀποδεδειγμένοι πολῖται τῆς Σπάρτης, μετῴκιζεν ἅπαντας ἀπάγων εἰς Ἀχαΐαν πλὴν τρισχιλίων τούτους δὲ ἀπειθοῦντας καὶ μὴ βουλομένους ἀπελθεῖν ἐκ τῆς Λακεδαίμονος ἐπώλησεν, εἶθʼ οἷον ἐφυβρίζων ἀπὸ τῶν χρημάτων τούτων ἐν Μεγάλῃ πόλει στοὰν ᾠκοδόμησεν.</p></div> 
<div type="textpart" subtype="section" n="5"> <p> ἐμπιπλάμενος δὲ τῶν Λακεδαιμονίων καὶ παρʼ ἀξίαν πεπραχόσιν ἐπεμβαίνων, τὸ περὶ τὴν πολιτείαν ἔργον ὠμότατον ἐξειργάσατο καὶ παρανομώτατον. ἀνεῖλε γὰρ καὶ διέφθειρε τὴν Λυκούργειον ἀγωγήν, ἀναγκάσας τοὺς παῖδας αὐτῶν καὶ τοὺς ἐφήβους τὴν Ἀχαϊκὴν ἀντὶ τῆς πατρίου παιδείαν μεταβαλεῖν, ὡς οὐδέποτε μικρὸν ἐν τοῖς Λυκούργου νόμοις φρονήσοντας.</p></div> 
<div type="textpart" subtype="section" n="6"> <p> τότε μὲν οὖν ὑπὸ συμφορῶν μεγάλων ὥσπερ νεῦρα τῆς πόλεως ἐκτεμεῖν τῷ Φιλοποίμενι παρασχόντες, ἐγένοντο χειροήθεις καὶ ταπεινοί, χρόνῳ δʼ ὕστερον αἰτησάμενοι παρὰ Ῥωμαίων τὴν μὲν Ἀχαϊκὴν ἔφυγον πολιτείαν, ἀνέλαβον δὲ καὶ κατεστήσαντο τὴν πάτριον, ὡς ἦν ἀνυστὸν ἐκ κακῶν καὶ φθορᾶς τηλικαύτης.</p></div> </div> 
<div type="textpart" subtype="chapter" n="17"> 
<div type="textpart" subtype="section" n="1"> <p> ἐπεὶ δὲ Ῥωμαίοις ὁ πρὸς Ἀντίοχον ἐν <pb n="paris.1624.366"/> τῇ Ἑλλάδι συνέστη πόλεμος, ἦν μὲν ἰδιώτης ὁ Φιλοποίμην, ὁρῶν δὲ τὸν Ἀντίοχον αὐτὸν ἐν Χαλκίδι καθήμενον περὶ γάμους καὶ παρθένων <pb n="p.304"/> ἔρωτας οὐ καθʼ ὥραν σχολάζοντα, τοὺς δὲ Σύρους ἐν ἀταξίᾳ πολλῇ καὶ χωρὶς ἡγεμόνων ἐν ταῖς πόλεσι πλαζομένους καὶ τρυφῶντας, ἤχθετο μὴ στρατηγῶν τότε τῶν Ἀχαιῶν, καὶ Ῥωμαίοις ἔλεγε φθονεῖν τῆς νίκης. <q>ἐγὼ γὰρ ἂν,</q> ἔφη, <q>στρατηγῶν ἐν τοῖς καπηλείοις κατέκοψα τούτους πάντας.</q></p></div> 
<div type="textpart" subtype="section" n="2"> <p> ἐπεὶ δὲ νικήσαντες οἱ Ῥωμαῖοι τὸν Ἀντίοχον ἐνεφύοντο τοῖς Ἑλληνικοῖς μᾶλλον ἤδη, καὶ περιεβάλλοντο τῇ δυνάμει τοὺς Ἀχαιοὺς ὑποκατακλινομένων αὐτοῖς τῶν δημαγωγῶν, ἡ δʼ ἰσχὺς ἐπὶ πάντα πολλὴ μετὰ τοῦ δαίμονος ἐχώρει, καὶ τὸ τέλος ἐγγὺς ἦν εἰς ὃ τὴν τύχην ἔδει περιφερομένην ἐξικέσθαι, καθάπερ ἀγαθὸς κυβερνήτης πρὸς κῦμα διερειδόμενος ὁ Φιλοποίμην τὰ μὲν ἐνδιδόναι καὶ παρείκειν ἠναγκάζετο τοῖς καιροῖς, περὶ δὲ τῶν πλείστων διαφερόμενος τοὺς τῷ λέγειν καὶ πράττειν ἰσχύοντας ἀντισπᾶν ἐπειρᾶτο πρὸς τὴν ἐλευθερίαν.</p></div> 
<div type="textpart" subtype="section" n="3"> <p>Ἀρισταίνου δὲ τοῦ Μεγαλοπολίτου δυναμένου μὲν ἐν τοῖς Ἀχαιοῖς μέγιστον, τοὺς δὲ Ῥωμαίους ἀεὶ θεραπεύοντος καὶ τοὺς Ἀχαιοὺς μὴ οἰομένου δεῖν ἐναντιοῦσθαι μηδὲ ἀχαριστεῖν ἐκείνοις , ἐν τῷ συνεδρίῳ λέγεται τὸν Φιλοποίμενα σιωπᾶν ἀκούοντα καὶ βαρέως φέρειν, τέλος δὲ ὑπʼ ὀργῆς δυσανασχετοῦντα πρὸς τὸν Ἀρίσταινον εἰπεῖν <q>ὦ ἄνθρωπε, τί σπεύδεις τὴν πεπρωμένην τῆς Ἑλλάδος ἐπιδεῖν;</q></p></div> 
<div type="textpart" subtype="section" n="4"> <p>Μανίου δὲ τοῦ Ῥωμαίων ὑπάτου νενικηκότος μὲν Ἀντίοχον, αἰτουμένου δὲ <pb n="p.306"/> παρὰ τῶν Ἀχαιῶν ὅπως ἐάσωσι τοὺς Λακεδαιμονίων φυγάδας κατελθεῖν, καὶ Τίτου ταὐτὸ τῷ Μανίῳ περὶ τῶν φυγάδων ἀξιοῦντος, διεκώλυσεν ὁ Φιλοποίμην οὐ τοῖς φυγάσι πολεμῶν, ἀλλὰ βουλόμενος διʼ αὑτοῦ καὶ τῶν Ἀχαιῶν, ἀλλὰ μὴ Τίτου μηδὲ Ῥωμαίων χάριτι τοῦτο πραχθῆναι· καὶ στρατηγῶν εἰς τοὐπιὸν αὐτὸς κατήγαγε τοὺς φυγάδας, οὕτως εἶχέ τι πρὸς τὰς ἐξουσίας ὑπὸ φρονήματος δύσερι καὶ φιλόνεικον.</p></div> </div> 
<div type="textpart" subtype="chapter" n="18"> 
<div type="textpart" subtype="section" n="1"> <p> ἤδη δὲ γεγονὼς ἔτος ἑβδομηκοστόν, ὄγδοον δὲ τῶν Ἀχαιῶν στρατηγῶν, ἤλπιζεν οὐ μόνον ἐκείνην τήν ἀρχὴν ἀπολέμως διάξειν, ἀλλὰ καὶ τοῦ βίου τὸ λοιπὸν αὐτῷ μεθʼ ἡσυχίας καταβιῶναι τὰ πράγματα παρέξειν. ὡς γὰρ αἱ νόσοι ταῖς τῶν σωμάτων ῥώμαις συναπομαραίνεσθαι δοκοῦσιν, οὕτως ἐν ταῖς Ἑλληνικαῖς πόλεσιν ἐπιλειπούσης τῆς δυνάμεως ἔληγε τὸ φιλόνικον.</p></div> 
<div type="textpart" subtype="section" n="2"> <p> οὐ μὴν ἀλλὰ Νέμεσίς τις ὥσπερ ἀθλητὴν εὐδρομοῦντα πρὸς τέρμασι τοῦ βίου κατέβαλε, λέγεται γὰρ ἔν τινι συλλόγῳ τῶν παρόντων ἐπαινούντων ἄνδρα δεινὸν εἶναι δοκοῦντα περὶ στρατηγίαν εἰπεῖν τὸν Φιλοποίμενα, <q>καὶ πῶς ἄξιον ἐκείνου λόγον ἔχειν τοῦ ἀνδρός, ὅστις ἥλω ζῶν ὑπὸ τῶν πολεμίων;</q></p></div> 
<div type="textpart" subtype="section" n="3"> <p> μεθʼ ἡμέρας δὲ ὀλίγας Δεινοκράτης Μεσσήνιος, ἄνθρωπος ἰδίᾳ τε τῷ Φιλοποίμενι προσκεκρουκώς καὶ τοῖς ἄλλοις ἐπαχθὴς διὰ πονηρίαν καὶ ἀκολασίαν, τήν τε Μεσσήνην <pb n="p.308"/> ἀπέστησε τῶν Ἀχαιῶν, καὶ κώμην τήν καλουμένην Κολωνίδα προσηγγέλθη μέλλων καταλαμβάνειν ὁ δὲ Φιλοποίμην ἔτυχε μὲν ἐν Ἄργει πυρέσσων, πυθόμενος δὲ ταῦτα συνέτεινεν εἰς Μεγάλην πόλιν ἡμέρᾳ μιᾷ σταδίους πλείονας ἢ τετρακοσίους.</p></div> 
    <div type="textpart" subtype="section" n="4"> <p> κἀκεῖθεν εὐθὺς ἐβοήθει τοὺς ἱππεῖς ἀναλαβών, οἵπερ ἦσαν ἐνδοξότατοι μὲν τῶν πολιτῶν, νέοι δὲ κομιδῇ, διʼ εὔνοιαν τοῦ Φιλοποίμενος καὶ ζῆλον ἐθελονταὶ συστρατεύοντες. ἱππασάμενοι δὲ πρὸς τήν Μεσσήνην καὶ περὶ τὸν Εὐάνδρου λόφον ἀπαντῶντι τῷ Δεινοκράτει συμπεσόντες ἐκεῖνον <pb n="paris.1624.367"/> μὲν ἐτρέψαντο, </p> </div> 
<div type="textpart" subtype="section" n="5"> <p> τῶν δὲ πεντακοσίων, οἳ τήν χώραν τῶν Μεσσηνίων παρεφύλαττον, ἐξαίφνης ἐπιφερομένων καὶ τῶν πρότερον ἡττημένων, ὡς τούτους κατεῖδον, αὖθις ἀνὰ τοὺς λόφους ἀθροιζομένων, δείσας ὁ Φιλοποίμην κυκλωθῆναι καὶ τῶν ἱππέων φειδόμενος ἀνεχώρει διὰ τόπων χαλεπῶν, αὐτὸς οὐραγῶν καὶ πολλάκις ἀντεξελαύνων τοῖς πολεμίοις καὶ ὅλως ἐπισπώμενος ἐφʼ ἑαυτόν, οὐ τολμώντων ἀντεμβαλεῖν ἐκείνων, ἀλλὰ κραυγαῖς καὶ περιδρομαῖς χρωμένων ἄποθεν.</p></div> 
<div type="textpart" subtype="section" n="6"> <p> ἀφιστάμενος οὖν πολλάκις διὰ τοὺς νεανίσκους καὶ καθʼ ἕνα παραπέμπων ἔλαθεν ἐν πολλοῖς ἀπομονωθεὶς πολεμίοις. καὶ συνάψαι μὲν εἰς χεῖρας οὐδεὶς ἐτόλμησεν αὐτῷ, πόρρωθεν δὲ βαλλόμενος καὶ βιαζόμενος πρὸς χωρία πετρώδη καὶ παράκρημνα χαλεπῶς μετεχειρίζετο καὶ κατέξαινε τὸν ἵππον.</p></div> 
<div type="textpart" subtype="section" n="7"> <p> αὐτῷ δὲ τὸ μὲν γῆρας ὑπὸ ἀσκήσεως πολλῆς ἐλαφρὸν ἦν καὶ πρὸς οὐδὲν ἐμπόδιον εἰς τὸ <pb n="p.310"/> σωθῆναι, τότε δὲ καὶ διὰ τήν ἀρρωστίαν τοῦ σώματος ἐνδεοῦς γεγονότος καὶ διὰ τήν ὁδοιπορίαν κατακόπου, βαρὺν ὄντα καὶ δυσκίνητον ἤδη σφαλεὶς ὁ ἵππος εἰς τήν γῆν κατέβαλε, σκληροῦ δὲ τοῦ πτώματος γενομένου καὶ τῆς κεφαλῆς παθούσης ἔκειτο πολὺν χρόνον ἄναυδος, ὥστε καὶ τοὺς πολεμίους τεθνάναι δόξαντας αὐτόν ἐπιχειρεῖν στρέφειν τὸ σῶμα καὶ σκυλεύειν.</p></div> 
<div type="textpart" subtype="section" n="8"> <p> ἐπεὶ δὲ τήν κεφαλὴν ἐπάρας διέβλεψεν, ἀθρόοι περιπεσόντες ἀπέστρεφον αὐτοῦ τὰς χεῖρας ὀπίσω καὶ δήσαντες ἦγον, ὕβρει χρώμενοι πολλῇ καὶ λοιδορίᾳ κατʼ ἀνδρὸς οὐδὲ ὄναρ ἄν ποτε παθεῖν ὑπὸ Δεινοκράτους ταῦτα προσδοκήσαντος.</p></div> </div> 
<div type="textpart" subtype="chapter" n="19"> 
<div type="textpart" subtype="section" n="1"> <p> οἱ δʼ ἐν τῇ πόλει τῇ μὲν ἀγγελίᾳ θαυμαστῶς ἐπαρθέντες ἠθροίζοντο περὶ τὰς πύλας· ὡς δὲ εἶδον ἑλκόμενον τὸν Φιλοποίμενα παρʼ ἀξίαν τῆς τε δόξης καὶ τῶν ἔμπροσθεν ἔργων καὶ τροπαίων, ἠλέησαν οἱ πλεῖστοι καὶ συνήλγησαν, ὥστε καὶ δακρῦσαι καὶ τὴν ἀνθρωπίνην ἐκφλαυρίσαι δύναμιν ὡς ἄπιστον καὶ τὸ μηδὲν οὖσαν.</p></div> 
<div type="textpart" subtype="section" n="2"> <p> οὕτω δὲ κατὰ μικρὸν εἰς πολλοὺς φιλάνθρωπος ἐχώρει λόγος ὡς μνημονευτέον εἴη τῶν πρόσθεν εὐεργεσιῶν, καὶ τῆς ἐλευθερίας ἣν ἀπέδωκεν αὐτοῖς Νάβιν ἐξελάσας τὸν τύραννον. ὀλίγοι δὲ ἦσαν οἳ τῷ Δεινοκράτει χαριζόμενοι στρεβλοῦν τὸν ἄνδρα καὶ κτείνειν ἐκέλευον ὡς βαρὺν πολέμιον καὶ δυσμείλικτον, αὐτῷ τε Δεινοκράτει φοβερώτερον εἰ διαφύγοι καθυβρισμένος ὑπʼ αὐτοῦ καὶ γεγονὼς αἰχμάλωτος.</p></div> 
<div type="textpart" subtype="section" n="3"> <p> οὐ μὴν ἀλλὰ κομίσαντες αὐτὸν εἰς τὸν καλούμενον Θησαυρόν, οἴκημα κατάγειον οὔτε πνεῦμα λαμβάνον οὔτε φῶς ἔξωθεν οὔτε θύρας ἔχον, ἀλλὰ μεγάλῳ λίθῳ <pb n="p.312"/> περιαγομένῳ κατακλειόμενον, ἐνταῦθα κατέθεντο, καὶ τὸν λίθον ἐπιρράξαντες ἄνδρας ἐνόπλους κύκλῳ περιέστησαν.</p></div> 
<div type="textpart" subtype="section" n="4"> <p>οἱ δʼ ἱππεῖς τῶν Ἀχαιῶν ἐκ τῆς φυγῆς ἀναλαβόντες αὑτούς, ὡς οὐδαμοῦ φανερὸς ἦν ὁ Φιλοποίμην, ἀλλʼ ἐδόκει τεθνάναι, πολὺν μὲν χρόνον ἐπέστησαν ἀνακαλούμενοι τὸν ἄνδρα καὶ δίδοντες ἀλλήλοις λόγον ὡς αἰσχρὰν σωτηρίαν καὶ ἄδικον σῴζονται προέμενοι τοῖς πολεμίοις τὸν στρατηγόν ἀφειδήσαντα τοῦ ζῆν διʼ αὑτούς, </p> </div> 
<div type="textpart" subtype="section" n="5"> <p> ἔπειτα προϊόντες ἅμα καὶ πολυπραγμονοῦντες ἐπύθοντο τὴν σύλληψιν αὐτοῦ καὶ διήγγελλον εἰς τὰς πόλεις τῶν Ἀχαιῶν, οἱ δὲ συμφορὰν ποιούμενοι μεγάλην ἀπαιτεῖν μὲν ἔγνωσαν τὸν ἄνδρα παρὰ τῶν Μεσσηνίων πρεσβείαν πέμψαντες, αὐτοὶ δὲ παρεσκευάζοντο στρατεύειν.</p></div> </div> 
<div type="textpart" subtype="chapter" n="20"> 
<div type="textpart" subtype="section" n="1"> <p> οὗτοι μὲν οὖν ταῦτα ἔπραττον. ὁ δὲ Δεινοκράτης μάλιστα τὸν χρόνον ὡς σωτήριον τῷ Φιλοποίμενι δεδοικώς καὶ φθάσαι τὰ παρὰ τῶν Ἀχαιῶν βουλόμενος, ἐπεὶ νὺξ ἐπῆλθε καὶ τὸ πλῆθος ἀπεχώρησε τῶν Μεσσηνίων, ἀνοίξας τὸ δεσμωτήριον εἰσέπεμψε δημόσιον οἰκέτην φάρμακον κομίζοντα, προσενεγκεῖν καὶ παραστῆναι <pb n="paris.1624.368"/> μέχρι ἂν ἐκπίῃ κελεύσας.</p></div> 
<div type="textpart" subtype="section" n="2"> <p> ἔτυχε μὲν οὖν ἐν τῷ χλαμυδίῳ κατακείμενος, οὐ καθεύδων, ἀλλὰ λύπῃ καὶ θορύβῳ κατεχόμενος, ἰδὼν δὲ φῶς καὶ παρεστῶτα πλησίον τὸν ἄνθρωπον ἔχοντα τὴν κύλικα τοῦ φαρμάκου, συναγαγὼν μόλις ἑαυτὸν ὑπʼ ἀσθενείας ἀνεκάθιζε. καὶ δεξάμενος ἠρώτησεν εἴ <pb n="p.314"/> τι περὶ τῶν ἱππέων καὶ μάλιστα Λυκόρτα πεπυ· </p></div> 
<div type="textpart" subtype="section" n="3"> <p> σμένος ἐστίν, εἰπόντος δὲ τἀνθρώπου διαπεφευγέναι τοὺς πολλούς, ἐπένευσε τῇ κεφαλῇ, καὶ διαβλέψας πρᾴως πρὸς τὸν ἄνθρωπον, <q>εὖ λέγεις,</q> εἶπεν, <q>εἰ μὴ πάντα κακῶς πεπράχαμεν.</q> ἄλλο δὲ μηδὲν εἰπὼν μηδὲ φθεγξάμενος ἐξέπιε καὶ πάλιν αὑτὸν ἀπέκλινεν, οὐ πολλὰ πράγματα τῷ φαρμάκῳ παρασχών, ἀλλʼ ἀποσβεσθεὶς ταχὺ διὰ τὴν ἀσθένειαν.</p></div> </div> 
<div type="textpart" subtype="chapter" n="21"> 
<div type="textpart" subtype="section" n="1"> <p> ὡς οὖν ὁ περὶ τῆς τελευτῆς λόγος ἧκεν εἰς τοὺς Ἀχαιούς, τὰς μὲν πόλεις αὐτῶν κοινὴ κατήφεια καὶ πένθος εἶχεν, οἱ δʼ ἐν ἡλικίᾳ μετὰ τῶν προβούλων συνελθόντες εἰς Μεγάλην πόλιν οὐδʼ ἡντινοῦν ἀναβολὴν ἐποιήσαντο τῆς τιμωρίας, ἀλλʼ ἑλόμενοι στρατηγὸν Λυκόρταν εἰς τὴν Μεσσηνίαν ἐνέβαλον καὶ κακῶς ἐποίουν τὴν χώραν, ἄχρι οὗ συμφρονήσαντες ἐδέξαντο τοὺς Ἀχαιούς.</p> </div> 
<div type="textpart" subtype="section" n="2"> <p> καὶ Δεινοκράτης μὲν αὐτὸς αὑτὸν φθάσας διεχρήσατο, τῶν δὲ ἄλλων ὅσοις μὲν ἀνελεῖν ἔδοξε Φιλοποίμενα διʼ αὐτῶν<note anchored="true" place="unspecified" resp="ed" xml:lang="eng"> <foreign xml:lang="grc">διʼ αὐτῶν</foreign> Bekker and Blass have <foreign xml:lang="grc">διʼ αὑτῶν</foreign> (<gloss>died by their own hands</gloss>), with Stephanus.</note> ἀπέθνῃσκον, ὅσοις δὲ καὶ βασανίσαι, τούτους ἐπʼ αἰκίαις ἀπολουμένους συνελάμβανεν ὁ Λυκόρτας. τὸ δὲ σῶμα καύσαντες αὐτοῦ καὶ τὰ λείψανα συνθέντες εἰς ὑδρίαν ἀνεζεύγνυσαν, οὐκ ἀτάκτως οὐδὲ ὡς ἔτυχεν, ἀλλʼ ἐπινίκιόν πομπήν τινα ἅμα ταῖς ταφαῖς μίξαντες.</p></div> 
<div type="textpart" subtype="section" n="3"> <p> ἦν μὲν γὰρ ἐστεφανωμένους ἰδεῖν, ἦν δὲ τοὺς αὐτοὺς καὶ δακρύοντας, ἦν δὲ τοὺς ἐχθροὺς δεσμίους ἀγομένους, αὐτὴν δὲ τὴν ὑδρίαν ὑπὸ πλήθους ταινιῶν τε καὶ στεφάνων μόλις ὁρωμένην ἐκόμιζεν ὁ τοῦ στρατηγοῦ τῶν Ἀχαιῶν παῖς <pb n="p.316"/> Πολύβιος καὶ περὶ αὑτὸν οἱ πρῶτοι τῶν Ἀχαιῶν. οἱ δὲ στρατιῶται ὠπλισμένοι μὲν αὐτοί, τοῖς δʼ ἵπποις κεκοσμημένοις ἐπηκολούθουν, οὔτε, οἷον ἐπὶ πένθει τοσούτῳ, κατηφεῖς οὔτε τῇ νίκῃ γαυριῶντες.</p></div> 
<div type="textpart" subtype="section" n="4"> <p> ἐκ δὲ τῶν διὰ μέσου πόλεων καὶ κωμῶν ἀπαντῶντες, ὥσπερ αὑτὸν ἀπὸ στρατείας ἐπανιόντα δεξιούμενοι, τῆς ὑδρίας ἐφήπτοντο, καὶ συμπροῆγον εἰς Μεγάλην πόλιν. ὡς οὖν συνανεμείχθησαν αὐτοῖς οἱ πρεσβύτεροι μετὰ γυναικῶν καὶ παίδων, ὀλοφυρμὸς ἤδη διὰ παντὸς ἐχώρει τοῦ στρατεύματος εἰς τὴν πόλιν ἐπιποθοῦσαν τὸν ἄνδρα καὶ βαρέως φέρουσαν, οἰομένην συναποβεβληκέναι τὸ πρωτεύειν ἐν τοῖς Ἀχαιοῖς.</p></div> 
<div type="textpart" subtype="section" n="5"> <p> ἐτάφη μὲν οὖν, ὡς εἰκὸς, ἐνδόξως, καὶ περὶ τὸ μνημεῖον οἱ τῶν Μεσσηνίων αἰχμάλωτοι κατελεύσθησαν. οὐσῶν δὲ πολλῶν μὲν εἰκόνων αὐτοῦ, μεγάλων δὲ τιμῶν, ἃς αἱ πόλεις ἐψηφίσαντο, Ῥωμαῖος ἀνὴρ ἐν τοῖς περὶ Κόρινθον ἀτυχήμασι τῆς Ἑλλάδος ἐπεχείρησεν ἀνελεῖν ἁπάσας καὶ διώκειν αὐτόν, ἐνδεικνύμενος, ὥσπερ ἔτι ζῶντα, Ῥωμαίοις πολέμιον καὶ κακόνουν γενέσθαι.</p> </div> 
<div type="textpart" subtype="section" n="6"> <p> λόγων δὲ λεχθέντων καὶ Πολυβίου πρὸς τὸν συκοφάντην ἀντειπόντος οὔθ ὁ Μόμμιος οὔτε οἱ πρέσβεις ὑπέμειναν ἀνδρὸς ἐνδόξου τιμὰς ἀφανίσαι, καίπερ οὐκ ὀλίγα τοῖς περὶ Τίτον καὶ Μάνιον ἐναντιωθέντος, ἀλλὰ τῆς χρείας τὴν ἀρετὴν ἐκεῖνοι καὶ τὸ <pb n="p.318"/> καλὸν, ὡς ἔοικε, τοῦ λυσιτελοῦς διώριζον, ὀρθῶς καὶ προσηκόντως τοῖς μὲν ὠφελοῦσι μισθὸν καὶ χάριν παρὰ τῶν εὖ παθόντων, τοῖς δʼ ἀγαθοῖς τιμὴν ὀφείλεσθαι παρὰ τῶν ἀγαθῶν ἀεὶ νομίζοντες. <milestone unit="para"/>ταῦτα περὶ Φιλοποίμενος.</p></div> </div> </div> </body>
</text>
</TEI>
