<?xml version="1.0" encoding="UTF-8"?><TEI.2>
<teiHeader>
<fileDesc>
<titleStmt>
<title>De superstitione</title>
<title type="sub">Machine readable text</title>
<author n="Plut.">Plutarch</author>
<editor role="editor" n="Teubner">Gregorius N.
            Bernardakis</editor>
<sponsor>Perseus Project, Tufts University</sponsor>
<principal>Gregory Crane</principal>
<respStmt>
<resp>Prepared under the supervision of</resp>
<name>Lisa Cerrato</name>
<name>William Merrill</name>
<name>Elli Mylonas</name>
<name>David Smith</name>
</respStmt>
<funder n="org:NEH">The National Endowment for the Humanities</funder>
</titleStmt>
<extent/>
<publicationStmt>
<publisher>Trustees of Tufts University</publisher>
<pubPlace>Medford, MA</pubPlace>
<authority>Perseus Project</authority>
</publicationStmt>
<sourceDesc>
<biblStruct>
<analytic/>
<monogr>
<author>Plutarch</author>
<title>Moralia</title>
<editor role="editor">Gregorius N. Bernardakis</editor>
<imprint>
<pubPlace>Leipzig</pubPlace>
<publisher>Teubner</publisher>
<date>1888</date>
</imprint>
<biblScope type="volume">1</biblScope>
</monogr>
</biblStruct>
</sourceDesc>
</fileDesc>
<encodingDesc>
<editorialDecl>
<correction method="silent">
<p>optical character recognition</p>
</correction>
</editorialDecl>
<refsDecl doctype="TEI.2">
<state unit="section"/>
</refsDecl>
<refsDecl doctype="TEI.2">
<state unit="stephpage" n="chunk"/>
</refsDecl>
</encodingDesc>
<profileDesc>
<langUsage>
<language id="greek">Greek</language>
</langUsage>
</profileDesc>
<revisionDesc>
<change>
<date>5/10</date>
<respStmt>
<name>RS</name>
<resp/>
</respStmt>
<item>tagged and parsed</item>
</change>
</revisionDesc>
</teiHeader>
<text>
<body>
<pb id="v.1.p.403"/>
<milestone unit="stephpage" id="stephpage-164e" n="164e"/>
<div1 type="section" n="1">
<p>τῆς περὶ θεῶν ἀμαθίας καὶ ἀγνοίας εὐθὺς ἐξ ἀρχῆς δίχα ῥυείσης; τὸ
               μὲν ὥσπερ ἐν χωρίοις σκληροῖς τοῖς ἀντιτύποις ἤθεσι τὴν ἀθεότητα, τὸ
               δʼ ὥσπερ ἐν ὑγροῖς τοῖς ἁπαλοῖς τὴν δεισιδαιμονίαν
<milestone unit="tlnum" n="5"/> πεποίηκεν. ἅπασα μὲν οὖν κρίσις ψευδής, ἄλλως τε κἂν περὶ
               ταῦτα, μοχθηρόν δὲ καὶ πάθος πρόσεστι, μοχθηρότατον. πᾶν γὰρ πάθος ἔοικε
<milestone unit="stephpage" id="stephpage-164f" n="164f"/> πληγὴ <note resp="ed" place="unspecified" anchored="yes">
<foreign lang="greek">πληγὴ</foreign> H: <foreign lang="greek">ἀπάτη</foreign>
</note> φλεγμαίνουσα
               εἶναι καὶ καθάπερ αἱ μετὰ τραύματος ἐκβολαὶ τῶν ἄρθρων, οὕτως αἱ μετὰ
               πάθους
<milestone unit="tlnum" n="10"/> διαστροφαὶ τῆς ψυχῆς χαλεπώτεραι.
               ἀτόμους τις οἴεται καὶ κενὸν ἀρχὰς εἶναι τῶν ὅλων ψευδὴς ἡ ὑπόληψις,
               ἀλλʼ ἕλκος οὐ ποιεῖ οὐδὲ σφυγμὸν οὐδʼ ὀδύνην ταράττουσαν. ὑπολαμβάνει
               τις τὸν πλοῦτον
<milestone unit="stephpage" id="stephpage-165a" n="165a"/> ἀγαθὸν
               εἶναι μέγιστον· τοῦτο τὸ ψεῦδος ἰὸν ἔχει,
<milestone unit="tlnum" n="15"/>
               νέμεται τὴν ψυχήν, ἐξίστησιν, οὐκ ἐᾷ καθεύδειν, οἴστρων ἐμπίπλησιν,
               ὠθεῖ κατὰ πετρῶν, ἄγχει, τὴν παρρησίαν ἀφαιρεῖται. πάλιν οἴονταί τινες
               εἶναι σῶμα τὴν ἀρετὴν καὶ τὴν κακίαν αἰσχρὸν ἴσως τὸ ἀγνόημα, θρήνων
               δὲ καὶ ὀδυρμῶν οὐκ ἄξιον ἀλλʼ
<milestone unit="tlnum" n="20"/> αἵτινές
               εἰσι τοιαῦται κρίσεις καὶ ὑπολήψεις <pb id="v.1.p.404"/>
<quote rend="blockquote">
<l>ὦ τλῆμον ἀρετή, λόγος ἄρʼ ἦσθʼ ἐγὼ δέ σε </l>
<note resp="ed" place="unspecified" anchored="yes">Nauck. p. 698</note>
<l>ὡς ἔργον ἤσκουν</l>
</quote> ἀφεὶς τὴν πλουτοποιὸν ἀδικίαν καὶ τὴν γόνιμον ἁπάσης ἡδονῆς
               ἀκολασίαν, ταύτας ἄξιόν ἐστιν οἰκτίρειν
<milestone unit="tlnum" n="5"/>
<milestone unit="stephpage" id="stephpage-165b" n="165b"/> ὁμοῦ καὶ δυσχεραίνειν,
               ὅτι πολλὰ νοσήματα καὶ πάθη καθάπερ εὐλὰς καὶ σκώληκας ἐντίκτουσι ταῖς
               ψυχαῖς παροῦσαι. </p>
</div1>
<div1 type="section" n="2">
<p>οὐκοῦν καὶ περὶ ὧν ὁ λόγος, ἡ μὲν ἀθεότης κρίσις οὖσα φαύλη τοῦ
               μηδὲν εἶναι μακάριον καὶ
<milestone unit="tlnum" n="10"/> ἄφθαρτον εἰς
               ἀπάθειάν τινα δοκεῖ τῇ ἀπιστίᾳ τοῦ θείου περιφέρειν, καὶ τέλος ἐστὶν
               αὐτῇ τοῦ μὴ νομίζειν θεοὺς τὸ μὴ φοβεῖσθαι· τὴν δεισιδαιμονίαν δὲ
               μηνύει καὶ τοὔνομα δόξαν ἐμπαθῆ καὶ δέους ποιητικὴν ὑπόληψιν οὖσαν
               ἐκταπεινοῦντος καὶ συντρίβοντος
<milestone unit="tlnum" n="15"/> τὸν ἄνθρωπον,
               οἰόμενον μὲν εἶναι θεούς, εἶναι δὲ λυπηροὺς καὶ βλαβερούς. ἔοικε γὰρ
               ὁ μὲν
<milestone unit="stephpage" id="stephpage-165c" n="165c"/> ἄθεος ἀκίνητος
               εἶναι πρὸς τὸ θεῖον, ὁ δὲ δεισιδαίμων κινούμενος ὡς οὐ προσήκει
               διαστρέφεσθαι. ἡ γὰρ ἄγνοια τῷ μὲν ἀπιστίαν τοῦ ὠφελοῦντος ἐμπεποίηκε,
<milestone unit="tlnum" n="20"/> τῷ δὲ καὶ δόξαν ὅτι βλάπτει
               προστέθεικεν. ὅθεν ἡ μὲν ἀθεότης λόγος ἐστὶ διεψευσμένος, ἡ δὲ
               δεισιδαιμονία πάθος ἐκ λόγου ψευδοῦς ἐγγεγενημένον. </p>
</div1>
<div1 type="section" n="3">
<p>αἰσχρὰ μὲν δὴ πάντα τὰ τῆς ψυχῆς; νοσήματα
<milestone unit="tlnum" n="25"/>
               καὶ πάθη, τὸ δὲ γαῦρον ἐνίοις ὅμως καὶ ὑψηλὸν καὶ διηρμένον ἔνεστιν
               ὑπὸ κουφότητος, δραστηρίου δʼ ὁρμῆς οὐδὲν ὡς ἔπος εἰπεῖν ἀπεστέρηται.
               ἀλλὰ τοῦτο δὴ τὸ κοινὸν ἔγκλημα παντὸς πάθους <pb id="v.1.p.405"/> ἐστίν,
               ὅτι ταῖς πρακτικαῖς ὁρμαῖς ἐκβιαζόμενα κατεπείγει
<milestone unit="stephpage" id="stephpage-165d" n="165d"/> καὶ συντείνει τὸν λογισμόν.
               μόνος δʼ, ὁ φόβος, οὐχ ἧττον ὢν τόλμης ἐνδεὴς ἢ λογισμοῦ, ἄπρακτον
               ἔχει καὶ ἄπορον καὶ ἀμήχανον τὸ ἀλόγιστον.
<milestone unit="tlnum" n="5"/>
               καὶ δεῖμα καὶ τάρβος αὐτοῦ τὸ συνδέον ὁμοῦ τὴν ψυχὴν καὶ ταράττον
               ὠνόμασται. φόβων δὲ πάντων ἀπρακτότατος καὶ ἀπορώτατος ὁ τῆς
               δεισιδαιμονίας. οὐ φοβεῖται θάλασσαν ὁ μὴ πλέων οὐδὲ πόλεμον ὁ μὴ
               στρατευόμενος, οὐδὲ λῃστὰς ὁ
<milestone unit="tlnum" n="10"/> οἰκουρῶν οὐδὲ
               συκοφάντην ὁ πένης οὐδὲ φθόνον ὁ ἰδιώτης, οὐδὲ σεισμὸν ὁ ἐν Γαλάταις
               οὐδὲ κεραυνὸν ὁ ἐν Αἰθίοψιν· ὁ δὲ θεοὺς δεδιὼς πάντα δέδιε,
<milestone unit="stephpage" id="stephpage-165e" n="165e"/> γῆν θάλατταν ἀέρα οὐρανὸν
               σκότος φῶς κληδόνα σιωπὴν ὄνειρον. οἱ δοῦλοι τῶν δεσποτῶν ἐπιλανθάνονται
<milestone unit="tlnum" n="15"/> καθεύδοντες, τοῖς πεδήταις ἐπελαφρύνει τὸν
               δεσμὸν ὁ ὕπνος, φλεγμοναὶ περὶ τραύματα καὶ νομαὶ σαρκὸς θηριώδεις καὶ
               περιωδυνίαι κοιμωμένων ἀφίστανται <quote rend="blockquote">
<l>ὦ φίλον ὕπνου θέλγητρον ἐπίκουρον νόσου, <note resp="ed" place="unspecified" anchored="yes">Eurip. Or. 208</note>
<milestone unit="tlnum" n="20"/>
</l>
<l>ὡς ἡδύ μοι προσῆλθες ἐν δέοντί γε</l>
</quote> τοῦτʼ οὐ δίδωσιν εἰπεῖν ἡ δεισιδαιμονία μόνη γὰρ οὐ σπένδεται
               πρὸς τὸν ὕπνον, οὐδὲ τῇ ψυχῇ ποτε <note resp="ed" place="unspecified" anchored="yes">
<foreign lang="greek">ποτε</foreign>] <foreign lang="greek">τότε</foreign> Pflugkius</note> γοῦν δίδωσιν ἀναπνεῦσαι καὶ
               ἀναθαρρῆσαι τὰς πικρὰς
<milestone unit="stephpage" id="stephpage-165f" n="165f"/>
               καὶ βαρείας περὶ τοῦ θεοῦ δόξας ἀπωσαμένῃ,
<milestone unit="tlnum" n="25"/>
               ἀλλʼ ὥσπερ ἐν ἀσεβῶν χώρῳ τῷ ὕπνῳ τῶν δεισιδαιμόνων εἴδωλα φρικώδη
               καὶ τεράστια φάσματα καὶ ποινάς τινας ἐγείρουσα καὶ στροβοῦσα τὴν ἀθλίαν
               ψυχὴν ἐκδιώκει τοῖς ὀνείροις ἐκ τῶν ὕπνων, <pb id="v.1.p.406"/>
               μαστιζομένην καὶ κολαζομένην αὐτὴν ὑφʼ αὑτῆς ὡς ὑφʼ ἑτέρου, καὶ δεινὰ
               προστάγματα καὶ ἀλλόκοτα λαμβάνουσαν. εἶτʼ ἐξαναστάντες οὐ κατεφρόνησαν
               οὐδὲ κατεγέλασαν, οὐδʼ ᾔσθοντο ὅτι τῶν ταραξάντων
<milestone unit="tlnum" n="5"/> οὐδὲν ἦν ἀληθινόν, ἀλλὰ σκιὰν φεύγοντες ἀπάτης
<milestone unit="stephpage" id="stephpage-166a" n="166a"/> οὐδὲν κακὸν ἐχούσης ὕπαρ
               ἐξαπατῶσιν ἑαυτοὺς καὶ δαπανῶσι καὶ ταράττουσιν, εἰς ἀγύρτας καὶ γόητας
               ἐμπεσόντες λέγοντας <quote rend="blockquote">
<l>ἀλλʼ εἴτʼ ἔνυπνον φάντασμα φοβεῖ, <note resp="ed" place="unspecified" anchored="yes">Nauck p. 698</note>
<milestone unit="tlnum" n="10"/>
</l>
<l>χθονίας θʼ Ἑκάτης κῶμον ἐδέξω,</l>
</quote> τὴν περιμάκτριαν κάλει γραῦν καὶ βάπτισον σεαυτὸν εἰς θάλασσαν καὶ
               καθίσας ἐν τῇ γῇ διημέρευσον. <quote rend="blockquote">ὦ βάρβαρʼ
                  ἐξευρόντες Ἕλληνες κακά</quote> τῇ δεισιδαιμονίᾳ, πηλώσεις
               καταβορβορώσεις βαπτισμούς, <note resp="ed" place="unspecified" anchored="yes">
<foreign lang="greek">βαπτισμούς</foreign> Bentleius: <foreign lang="greek">σαββατισμούς</foreign>
</note>
<milestone unit="tlnum" n="15"/> ῥίψεις ἐπὶ
               πρόσωπον, αἰσχρὰς; προκαθίσεις, ἀλλοκότους προσκυνήσεις. δικαίῳ τῷ
               στόματι τοὺς κιθαρῳδοὺς ἐκέλευον ᾅδειν οἱ τὴν νόμιμον μουσικὴν
<milestone unit="stephpage" id="stephpage-166b" n="166b"/> σῴζειν δοκοῦντες·
               ἡμεῖς δὲ τοῖς θεοῖς ἀξιοῦμεν ὀρθῷ τῷ στόματι καὶ δικαίῳ
               προσεύχεσθαι, καὶ μὴ
<milestone unit="tlnum" n="20"/> τὴν ἐπὶ τῶν σπλάγχνων
               μὲν γλῶτταν εἰ καθαρὰ καὶ ὀρθὴ σκοπεῖν, τὴν δʼ ἑαυτῶν διαστρέφοντας καὶ
               μολύνοντας ἀτόποις ὀνόμασι καὶ ῥήμασι βαρβαρικοῖς καταισχύνειν καὶ
               παρανομεῖν εἰς <note resp="ed" place="unspecified" anchored="yes">
<foreign lang="greek">εἰς</foreign> H</note> τὸ θεῖον καὶ πάτριον ἀξίωμα τῆς εὐσεβείας. ἀλλʼ ὅ γε
               κωμικὸς <note resp="ed" place="unspecified" anchored="yes">
<foreign lang="greek">κωμικὸς</foreign>] Meinek. IV p. 670</note> οὐκ
<milestone unit="tlnum" n="25"/> ἀηδῶς εἴρηκέ που πρὸς τοὺς
               καταχρυσοῦντας τὰ κλινίδια καὶ καταργυροῦντας <pb id="v.1.p.407"/>
<quote rend="blockquote">
<l>ὅ τι μόνον ἡμῖν προῖκʼ ἔδωκαν οἱ θεοὶ <note resp="ed" place="unspecified" anchored="yes">
<foreign lang="greek">ἡμῖν - θεοί</foreign> idem: <foreign lang="greek">ἔδωκαν ἡμῖν οἱ θεοὶ προῖκα</foreign>
</note>
</l>
<l>τὸν ὕπνου, τί τοῦτο πολυτελὲς σαυτῷ <note resp="ed" place="unspecified" anchored="yes">
<foreign lang="greek">σαυτῷ</foreign> idem: <foreign lang="greek">σεαυτῷ</foreign>
</note> ποιεῖς;</l>
</quote>
<milestone unit="stephpage" id="stephpage-166c" n="166c"/> ἔστι δὲ καὶ πρὸς τὸν
               δεισιδαίμονα εἰπεῖν ὅ τι τὸν ὕπνον <note resp="ed" place="unspecified" anchored="yes">
<foreign lang="greek">τὸν ὕπνον</foreign> del. Duebnerus. Fort. <foreign lang="greek">μόνον</foreign>
</note> οἱ θεοὶ λήθην κακῶν ἔδοσαν ἡμῖν
               καὶ ἀνάπαυσιν,
<milestone unit="tlnum" n="5"/> τί τοῦτο κολαστήριον σαυτῷ
               ποιεῖς ἐπίμονον καὶ ὀδυνηρόν, τῆς ἀθλίας ψυχῆς εἰς ἄλλον ὕπνον <note resp="ed" place="unspecified" anchored="yes">
<foreign lang="greek">ὕπνον</foreign>] <foreign lang="greek">τόπον</foreign> H</note>
               ἀποδρᾶναι μὴ δυναμένης; ὁ Ἡράκλειτός <note resp="ed" place="unspecified" anchored="yes">
<foreign lang="greek">Ἡεάκλειτος</foreign> Mullach 1 p. 325</note> φησι τοῖς ἐγρηγορόσιν ἕνα καὶ
               κοινὸν κόσμον εἶναι, τῶν δὲ κοιμωμένων ἕκαστον εἰς ἴδιον ἀναστρέφεσθαι.
               τῷ
<milestone unit="tlnum" n="10"/> δὲ δεισιδαίμονι κοινὸς οὐδεὶς οὐδʼ
               ἴδιός <note resp="ed" place="unspecified" anchored="yes">
<foreign lang="greek">οὐδʼ ἴδιος</foreign> Matthaeus</note> ἐστι κόσμος· οὔτε γὰρ ἐγρηγορὼς τῷ φρονοῦντι χρῆται οὔτε
               κοιμώμενος ἀπαλλάττεται τοῦ ταράττοντος, ἀλλʼ ὀνειρώττει μὲν ὁ λογισμός,
               ἐγρήγορε δʼ ὁ φόβος ἀεί, φυγὴ δʼ οὐκ ἔστιν οὐδὲ μετάστασις. </p>
</div1>
<div1 type="section" n="4">
<milestone unit="tlnum" n="15"/>
<p>ἦν φοβερὸς ἐν Σάμῳ Πολυκράτης τύραννος, ἦν ἐν Κορίνθῳ Περίανδρος,
               ἀλλʼ οὐδεὶς ἐφοβεῖτο
<milestone unit="stephpage" id="stephpage-166d" n="166d"/>
               τούτους μεταστὰς εἰς πόλιν ἐλευθέραν καὶ δημοκρατουμένην. ὁ δὲ τὴν τῶν
               θεῶν ἀρχὴν ὡς τυραννίδα φοβούμενος σκυθρωπὴν καὶ ἀπαραίτητον ποῖ
<milestone unit="tlnum" n="20"/> μεταστῇ ποῖ <note resp="ed" place="unspecified" anchored="yes">
<foreign lang="greek">ποῖ - ποῖ</foreign> H: <foreign lang="greek">ποῦ - ποῦ</foreign>
</note> φύγῃ, ποίαν γῆν ἄθεον
               εὕρῃ, ποίαν θάλασσαν; εἰς τί καταδὺς τοῦ κόσμου μέρος καὶ ἀποκρύψας
               σεαυτόν, ὦ ταλαίπωρε, πιστεύσεις ὅτι τὸν θεὸν ἀποπέφευγας; ἔστι καὶ
               δούλοις νόμος ἐλευθερίαν ἀπογνοῦσι πρᾶσιν αἰτεῖσθαι καὶ δεσπότην
<milestone unit="tlnum" n="25"/> μεταβάλλειν ἐπιεικέστερον· ἡ δὲ
               δεισιδαιμονία θεῶν <pb id="v.1.p.408"/> ἀλλαγὴν οὐ δίδωσιν, οὐδʼ ἔστιν
               εὑρεῖν ὃν οὐ φοβήσεται θεὸν ὁ φοβούμενος τοὺς πατρῴους καὶ γενεθλίους,
               ὁ φρίττων τοὺς σωτῆρας; καὶ τοὺς μειλιχίους
<milestone unit="tlnum" n="5"/>
<milestone unit="stephpage" id="stephpage-166e" n="166e"/> τρέμων <note resp="ed" place="unspecified" anchored="yes">
<foreign lang="greek">ὁ τρέμον</foreign> R</note> καὶ δεδοικώς,
               παρʼ ὧν αἰτούμεθα πλοῦτον εὐπορίαν εἰρήνην ὁμόνοιαν ὄρθωσιν λόγων καὶ
               ἔργων τῶν, ἀρίστων. εἶθʼ οὗτοι τὸ δουλεύειν ἀτύχημα ἡγοῦνται καὶ
               λέγουσι <quote rend="blockquote">
<l>δεινή τις ἀνδρὶ καὶ γυναικὶ συμφορὰ </l>
<note resp="ed" place="unspecified" anchored="yes">Nauck. p. 698</note>
<l>δούλους γενέσθαι δεσπότας τε δυσχερεῖς <note resp="ed" place="unspecified" anchored="yes">
<foreign lang="greek">δυσχερεῖς</foreign> Valckenarius: <foreign lang="greek">δυστυχεῖς</foreign>
</note>
<milestone unit="tlnum" n="10"/>
</l>
<l>λαβεῖν</l>
</quote> πόσῳ δὲ δεινότερον οἴεσθε πάσχειν αὐτοὺς ἀνεκφεύ κτους
               ἀναποδράστους ἀνυποστάτους <note resp="ed" place="unspecified" anchored="yes">
<foreign lang="greek">ἀνυποστάτους</foreign> Meziriacus: <foreign lang="greek">ἀναποστάτους</foreign>
</note> λαμβάνοντας; ἔστι δούλῳ φεύξιμος βωμός, ἔστι
               καὶ λῃσταῖς ἀβέβηλα πολλὰ τῶν ἱερῶν, καὶ πολεμίους οἱ φεύγοντες
<milestone unit="tlnum" n="15"/> ἂν ἀγάλματος λάβωνται ἢ ναοῦ, <note resp="ed" place="unspecified" anchored="yes">
<foreign lang="greek">ἢ ναοῦ λάβωνται</foreign>?</note> θαρροῦσιν·
               ὁ δὲ δεισιδαίμων ταῦτα μάλιστα φρίττει καὶ φοβεῖται καὶ δέδοικεν, ἐν οἷς
               οἱ φοβούμενοι τὰ δεινότατα τὰς ἐλπίδας ἔχουσι. μὴ ἀπόσπα τὸν
               δεισιδαίμονα
<milestone unit="stephpage" id="stephpage-166f" n="166f"/> τῶν
               ἱερῶν· ἐνταῦθα κολάζεται καὶ τιμωρεῖται. τί
<milestone unit="tlnum" n="20"/>
               δεῖ μακρὰ λέγειν; “πέρας ἐστὶ τοῦ βίου πᾶσιν ἀνθρώποις ὁ θάνατος·” τῆς δὲ δεισιδαιμονίας οὐδʼ οὗτος, ἀλλʼ ὑπερβάλλει τοὺς ὅρους ἐπέκεινα
               τοῦ ζῆν, μακρότερον τοῦ βίου ποιοῦσα τὸν φόβον καὶ συνάπτουσα τῷ θανάτῳ
               κακῶν ἐπίνοιαν ἀθανάτων,
<milestone unit="tlnum" n="25"/>
<milestone unit="stephpage" id="stephpage-167a" n="167a"/> καὶ ὅτε παύεται
               πραγμάτων, ἄρχεσθαι δοκοῦσα μὴ παυομένων. Ἅιδου τινὲς ἀνοίγονται πύλαι
               βαθεῖαι, <pb id="v.1.p.409"/> καὶ ποταμοὶ πυρὸς ὁμοῦ καὶ Στυγὸς ἀπορρῶγες
               ἀνακεράννυνται , καὶ σκότος ἐμπίπλαται πολυφαντάστων <note resp="ed" place="unspecified" anchored="yes">
<foreign lang="greek">πολυφαντάστων</foreign> Stobaeus Floril. t. IV p. 245: <foreign lang="greek">πολυφάνταστον</foreign>
</note> εἰδώλων τινῶν χαλεπὰς
               μὲν ὄψεις οἰκτρὰς δὲ φωνὰς ἐπιφερόντων, δικασταὶ δὲ καὶ κολασταὶ καὶ
               χάσματα
<milestone unit="tlnum" n="5"/> καὶ μυχοὶ μυρίων κακῶν γέμοντες.
               οὕτως ἡ κακοδαίμων δεισιδαιμονία τῇ περιττῇ πρὸς ἅπαν τὸ δοκοῦν δεινὸν
               εὐλαβείᾳ λανθάνει ἑαυτὴν ὑποβάλλουσα παντοίοις δεινοῖς. </p>
</div1>
<div1 type="section" n="5">
<p>τούτων οὐδὲν τῇ ἀθεότητι πρόσεστιν, ἀλλʼ
<milestone unit="tlnum" n="10"/> ἡ
               μὲν ἄγνοια χαλεπὴ καὶ τὸ παρορᾶν καὶ τυφλώττειν
<milestone unit="stephpage" id="stephpage-167b" n="167b"/> περὶ τηλικαῦτα συμφορὰ μεγάλη ψυχῆς, ὥσπερ
               ὀμμάτων πολλῶν τὸ φανότατον καὶ κυριώτατον ἀπεσβεσμένης τὴν τοῦ θεοῦ
               νόησιν. ταύτῃ δὲ τὸ ἐμπαθές, ὥσπερ εἴρηται, καὶ ἑλκῶδες καὶ
               ταρακτικὸν
<milestone unit="tlnum" n="15"/> καὶ καταδεδουλωμένον εὐθὺς;
               πρόσεστι τῇ δόξῃ. μουσικήν φησιν ὁ Πλάτων <note resp="ed" place="unspecified" anchored="yes">
<foreign lang="greek">Πλάτων</foreign>] Tim. p. 47 d</note> ἐμμελείας καὶ εὐρυθμίας
               δημιουργὸν ἀνθρώποις ὑπὸ θεῶν οὐ τρυφῆς ἕνεκα καὶ κνήσεως ὤτων
               δοθῆναι, ἀλλʼ ὥστε τῶν τῆς ψυχῆς περιόδων καὶ ἁρμονιῶν τὸ ταραχῶδες καὶ
<milestone unit="tlnum" n="20"/> πεπλανημένον ἐν σώματι, μούσης τε καὶ
               χάριτος ἐνδείᾳ πολλαχῇ διʼ ἀκολασίαν καὶ πλημμέλειαν ἐξυβρίζον,
<milestone unit="stephpage" id="stephpage-167c" n="167c"/> αὖθις εἰς τάξιν
               ἀνελίττουσαν οἰκείως καὶ περιάγουσαν καθιστᾶν. <note resp="ed" place="unspecified" anchored="yes">
<foreign lang="greek">καθιστᾶν</foreign>] <foreign lang="greek">καθιστάναι</foreign> H</note>
<quote rend="blockquote">
<l>ὅσσα δὲ μὴ πεφίληκε Ζεύσʼ φησὶ Πίνδαρος <note resp="ed" place="unspecified" anchored="yes">
<foreign lang="greek">Πίνδαρος</foreign>] Pyth. I 13</note>
<milestone unit="tlnum" n="25"/>
</l>
<l>ἀτύζονται βοὰν </l>
<l>Πιερίδων ἀίοντα·</l>
</quote>
<pb id="v.1.p.410"/> καὶ γὰρ διαγριαίνεται καὶ ἀγανακτεῖ, καὶ τὰς τίγρεις
               δέ φασι περιτυμπανιζομένας ἐκμαίνεσθαι καὶ ταράττεσθαι καὶ τέλος αὑτὰς
               διασπᾶν. ἔλαττον οὖν κακὸν οἷς διὰ κωφότητα καὶ πήρωσιν ἀκοῆς ἀπάθεια
               πρὸς
<milestone unit="tlnum" n="5"/> μουσικὴν καὶ ἀναισθησία συμβέβηκεν. ὁ
               Τειρεσίας ἐχρῆτο δυστυχίᾳ μὴ βλέπων τὰ τέκνα μηδὲ τοὺς συνήθεις, ὁ δʼ
               Ἀθάμας μείζονι καὶ ἡ Ἀγαύη, βλέποντες
<milestone unit="stephpage" id="stephpage-167d" n="167d"/> ὡς λέοντας καὶ ἐλάφους καὶ τῷ Ἡρακλεῖ
               δήπου μανέντι τοὺς υἱοὺς ἐλυσιτέλει μήτʼ ἰδεῖν μήτʼ
<milestone unit="tlnum" n="10"/> αἰσθέσθαι παρόντας ἢ χρῆσθαι τοῖς φιλτάτοις ὡς
               πολεμίοις. </p>
</div1>
<div1 type="section" n="6">
<p>τί οὖν; οὐ δοκεῖ σοι καὶ τὸ τῶν ἀθέων πρὸς τοὺς δεισιδαίμονας πάθος
               ἔχειν τοιαύτην διαφοράν; οἱ μὲν <note resp="ed" place="unspecified" anchored="yes">
<foreign lang="greek">μὲν</foreign> Pflugkius: <foreign lang="greek">μὲν οὖν</foreign>
</note> οὐχ ὁρῶσι τοὺς θεοὺς τὸ παράπαν, οἱ δὲ
<milestone unit="tlnum" n="15"/> κακοὺς ὑπάρχειν νομίζουσιν οἱ μὲν
               παρορῶσιν, οἱ δὲ δοξάζουσι φοβερὸν τὸ εὐμενὲς καὶ τυραννικὸν τὸ πατρικὸν
               καὶ βλαβερὸν τὸ κηδεμονικὸν καὶ τὸ ἄμικτον ἄγριον εἶναι καὶ θηριῶδες.
               εἶτα χαλκοτύποις μὲν πείθονται καὶ λιθοξόοις καὶ κηροπλάσταις
<milestone unit="tlnum" n="20"/> ἀνθρωπόμορφα τῶν θεῶν τὰ εἴδη ποιοῦσι, καὶ
<milestone unit="stephpage" id="stephpage-167e" n="167e"/> τοιαῦτα πλάττουσι
               καὶ κατασκευάζουσι καὶ προσκυνοῦσι· φιλοσόφων δὲ καὶ πολιτικῶν ἀνδρῶν
               καταφρονοῦσιν, ἀποδεικνύντων τὴν τοῦ θεοῦ σεμνότητα μετὰ χρηστότητος καὶ
               μεγαλοφροσύνης καὶ εὐμενείας
<milestone unit="tlnum" n="25"/> καὶ κηδεμονίας.
               περίεστιν οὖν τοῖς μὲν ἀναισθησία καὶ ἀπιστία τῶν ὠφελούντων, τοῖς δὲ
               ταραχὴ καὶ φόβος; πρὸς τὰ ὠφελοῦντα. καὶ ὅλως ἡ μὲν ἀθεότης ἀπάθεια
               πρὸς τὸ θεῖόν ἐστι μὴ νοοῦσα τὸ <pb id="v.1.p.411"/> ἀγαθόν, ἡ δὲ
               δεισιδαιμονία πολυπάθεια κακὸν τὸ ἀγαθὸν ὑπονοοῦσα. φοβοῦνται τοὺς θεοὺς
               καὶ καταφεύγουσιν ἐπὶ τοὺς θεοὺς , κολακεύουσι καὶ λοιδοροῦσιν, εὔχονται
               καὶ καταμέμφονται. κοινὸν
<milestone unit="tlnum" n="5"/> ἀνθρώπων τὸ μὴ
               πάντα διευτυχεῖν·
<milestone unit="stephpage" id="stephpage-167f" n="167f"/>
<quote rend="blockquote">
<l> κεῖνοι γάρ τʼ <note resp="ed" place="unspecified" anchored="yes">
<foreign lang="greek">γάρ τʼ</foreign> p. 1076 a: <foreign lang="greek">γὰρ</foreign>
</note> ἄνοσοι καὶ ἀγήραοι </l>
<l>πόνων τʼ ἄπειροι, βαρυβόαν </l>
<l>πορθμὸν πεφευγότες Ἀχέροντος</l>
</quote>, ὁ Πίνδαρος <note resp="ed" place="unspecified" anchored="yes">
<foreign lang="greek">Πίνδαρος</foreign>] Bergk. 1 p. 432</note> φησι, τὰ δʼ ἀνθρώπινα πάθη καὶ πράγματα
<milestone unit="tlnum" n="10"/> μέμικται συντυχίαις ἄλλοτʼ ἄλλως ῥεούσαις. </p>
</div1>
<div1 type="section" n="7">
<p>φέρε δὴ πρῶτον ἐν τοῖς ἀβουλήτοις σκόπει τὸν ἄθεον καὶ καταμάνθανε τὴν
               διάθεσιν, ἂν τἄλλα μέτριος, χρωμένου σιωπῇ τοῖς παροῦσι καὶ πορίζοντος
               αὑτῷ βοηθείας καὶ παρηγορίας, ἂν δὲ
<milestone unit="tlnum" n="15"/>
               δυσφορῇ καὶ περιπαθῇ, πάντας ἐπὶ τὴν τύχην καὶ
<milestone unit="stephpage" id="stephpage-168a" n="168a"/> τὸ αὐτόματον ἀπερειδομένου τοὺς ὀδυρμοὺς
               καὶ βοῶντος ὡς οὐδὲν κατὰ δίκην οὐδʼ ἐκ προνοίας ἀλλὰ πάντα
               συγκεχυμένως καὶ ἀκρίτως φέρεται καὶ ταράττεται <note resp="ed" place="unspecified" anchored="yes">
<foreign lang="greek">ταραττεται</foreign> W: <foreign lang="greek">πράττεται</foreign>
</note> τὰ τῶν ἀνθρώπων. τοῦ δὲ
               δεισιδαίμονος
<milestone unit="tlnum" n="20"/> οὐχ οὗτος ὁ τρόπος, ἀλλʼ εἰ
               καὶ μικρότατον αὐτῷ κακόν τι <note resp="ed" place="unspecified" anchored="yes">
<foreign lang="greek">τι</foreign> del. H</note> συμπεπτωκός ἐστιν, ἄλλα κάθηται πάθη χαλεπὰ
               καὶ μεγάλα καὶ δυσαπάλλακτα τῇ λύπῃ προσοικοδομῶν, καὶ προσεμφορῶν αὑτῷ
               δείματα καὶ φόβους καὶ ὑποψίας καὶ ταραχάς, παντὶ θρήνῳ καὶ
<milestone unit="tlnum" n="25"/> παντὶ στεναγμῷ καθαπτόμενος· οὔτε γὰρ ἄνθρωπον
<milestone unit="stephpage" id="stephpage-168b" n="168b"/> οὔτε τύχην οὔτε
               καιρὸν οὔτε ἑαυτὸν ἀλλὰ πάντων τὸν θεὸν αἰτιᾶται, κἀκεῖθεν ἐπʼ αὐτὸν
               ἥκειν καὶ <pb id="v.1.p.412"/> φέρεσθαι ῥεῦμα δαιμόνιον ἄτης φησί, καὶ ὡς
               οὐ δυστυχὴς ὢν ἀλλὰ θεομισής τις ἄνθρωπος ὑπὸ τῶν θεῶν κολάζεσθαι καὶ
               δίκην διδόναι καὶ πάντα πάσχειν προσηκόντως διʼ αὑτὸν οἴεται. νοσῶν θʼ ὁ
<milestone unit="tlnum" n="5"/> ἄθεος ἐκλογίζεται καὶ ἀναμιμνῄσκεται
               πλησμονὰς αὑτοῦ καὶ οἰνώσεις καὶ ἀταξίας περὶ δίαιταν ἢ κόπους
               ὑπερβάλλοντας ἢ μεταβολὰς ἀέρων ἀήθεις καὶ τόπων, ἔπειτα προσκρούσας
               ἐν πολιτείαις καὶ περιπεσὼν ἀδοξίαις πρὸς ὄχλον ἢ διαβολαῖς πρὸς
               ἡγεμόνα
<milestone unit="tlnum" n="10"/> τὴν αἰτίαν ἐξ αὑτοῦ καὶ τῶν· περὶ
               αὑτὸν σκοπεῖ <quote rend="blockquote">πῆ παρέβην; τί δʼ ἔρεξα; τί μοι δέον
                  οὐκ ἐτελέσθη;</quote>
<note resp="ed" place="unspecified" anchored="yes">Pythag. Carm Aur. 42</note> τῷ δὲ δεισιδαίμονι καὶ σώματος ἀρρωστία πᾶσα
               καὶ
<milestone unit="tlnum" n="15"/>
<milestone unit="stephpage" id="stephpage-168c" n="168c"/> χρημάτων ἀποβολὴ καὶ
               τέκνων θάνατοι καὶ περὶ πολιτικὰς πράξεις δυσημερίαι καὶ ἀποτεύξεις πληγαὶ
               θεοῦ καὶ προσβολαὶ δαίμονος λέγονται. ὅθεν οὐδὲ τολμᾷ βοηθεῖν οὐδὲ
               διαλύειν τὸ συμβεβηκὸς οὐδὲ θεραπεύειν οὐδʼ ἀντιτάττεσθαι, μὴ δόξῃ
               θεομαχεῖν
<milestone unit="tlnum" n="20"/> καὶ ἀντιτείνειν κολαζόμενος, ἀλλʼ
               ὠθεῖται μὲν ἔξω νοσοῦντος ὁ ἰατρός, ἀποκλείεται δὲ πενθοῦντος ὁ
               νουθετῶν καὶ παραμυθούμενος φιλόσοφος. “ἔα με” φησὶν “ἄνθρωπε
                  διδόναι δίκην, τὸν ἀσεβῆ , τὸν ἐπάρατον, τὸν θεοῖς καὶ δαίμοσι
                  μεμισημένον.” <milestone unit="stephpage" id="stephpage-168d" n="168d"/>ἔστιν ἀνθρώπου μὴ
               πεπεισμένου θεοὺς εἶναι λυπουμένου δʼ ἄλλως; καὶ περιπαθοῦντος ἀπομάξαι
               δάκρυον, ἀποκεῖραι κόμην, ἀφελέσθαι τὸ ἱμάτιον τὸν δὲ δεισιδαίμονα πῶς
               ἂν προσείποις ἢ ποῦ βοηθήσεις <pb id="v.1.p.413"/> ; ἔξω κάθηται σακκίον
               ἔχων, καὶ περιεζωσμένος ῥάκεσι ῥυπαροῖς πολλάκις δὲ γυμνὸς ἐν πηλῷ
               κυλινδούμενος ἐξαγορεύει τινὰς ἁμαρτίας αὑτοῦ καὶ πλημμελείας, ὡς τόδε
               φαγόντος ἢ πιόντος ἢ βαδίσαντος
<milestone unit="tlnum" n="5"/> ὁδὸν ἣν
               οὐκ εἴα τὸ δαιμόνιον. ἂν δʼ ἄριστα πράττῃ καὶ συνῇ πράῳ <note resp="ed" place="unspecified" anchored="yes">
<foreign lang="greek">πραείᾳ</foreign> R</note>
               δεισιδαιμονίᾳ, περιθειούμενος <note resp="ed" place="unspecified" anchored="yes">
<foreign lang="greek">περιθειούμενος</foreign> H: <foreign lang="greek">περιθυόμενος</foreign>
</note> οἴκοι κάθηται καὶ <note resp="ed" place="unspecified" anchored="yes">
<foreign lang="greek">καὶ</foreign> R</note> περιματτόμενος, αἱ δὲ
               γρᾶες
<milestone unit="stephpage" id="stephpage-168e" n="168e"/> “καθάπερ παττάλῳ” φησὶν ὁ Βίων “ὅ τι ἂν τύχωσιν αὐτῷ
                  περιάπτουσι φέρουσαι καὶ περιαρτῶσι” </p>
</div1>
<div1 type="section" n="8">
<milestone unit="tlnum" n="10"/>
<p>τὸν Τιρίβαζόν <note resp="ed" place="unspecified" anchored="yes">
<foreign lang="greek">Τιρίβαζόν</foreign> H: <foreign lang="greek">τηρίβαζόν</foreign>
</note> φασιν ὑπὸ τῶν Περσῶν συλλαμβανόμενον σπάσασθαί τε τὸν
               ἀκινάκην, εὔρωστον ὄντα, καὶ διαμάχεσθαι· μαρτυρομένων δὲ καὶ βοώντων
               ὅτι συλλαμβάνουσιν αὐτὸν βασιλέως κελεύσαντος, αὐτίκα τὸ ξίφος καταβαλεῖν
               καὶ τὼ χεῖρε συνδῆσαι
<milestone unit="tlnum" n="15"/> παρασχεῖν. ἆρʼ οὖν
               οὐχ ὅμοιόν ἐστι τὸ γιγνόμενον; οἱ μὲν ἄλλοι διαμάχονται συμφοραῖς καὶ
               διωθοῦνται τὰ πράγματα, φυγὰς ἑαυτοῖς μηχανώμενοι καὶ παρατροπὰς τῶν
               ἀβουλήτων ὁ δὲ δεισιδαίμων
<milestone unit="stephpage" id="stephpage-168f" n="168f"/> οὐδενὸς ἀκούσας, αὐτὸς πρὸς αὑτὸν εἰπών
<milestone unit="tlnum" n="20"/> “ταῦτα πάσχεις, ὦ κακόδαιμον, ἐκ προνοίας καὶ θεοῦ κελεύοντοσ” ἔρριψε πᾶσαν ἐλπίδα, προήκατο ἑαυτόν, ἔφυγε διεκρούσατο τοὺς βοηθοῦντας.
               πολλὰ τῶν μετρίων κακῶν ὀλέθρια ποιοῦσιν αἱ δεισιδαιμονίαι. Μίδας ὁ
               παλαιός, ὡς ἔοικεν, ἔκ τινων ἐνυπνίων
<milestone unit="tlnum" n="25"/>
               ἀθυμῶν καὶ ταραττόμενος οὕτω κακῶς ἔσχε τὴν ψυχήν, ὥσθʼ ἑκουσίως
               ἀποθανεῖν αἷμα ταύρου πιών. ὁ δὲ τῶν Μεσσηνίων βασιλεὺς Ἀριστόδημος
               ἐν τῷ <pb id="v.1.p.414"/> πρὸς Λακεδαιμονίους <note resp="ed" place="unspecified" anchored="yes">
<foreign lang="greek">Λακεδαιμονίους</foreign> Xylander: <foreign lang="greek">μεσσηνίους</foreign>
</note> πολέμῳ, κυνῶν· λύκοις
               ὠρυομένων ὅμοια καὶ περὶ τὴν ἑστίαν αὐτοῦ τὴν πατρῴαν ἀγρώστεως
               ἀναβλαστανούσης καὶ τῶν μάντεων τὰ σημεῖα φοβουμένων, ἐξαθυμήσας καὶ
               κατασβεσθεὶς
<milestone unit="tlnum" n="5"/> ταῖς ἐλπίσιν αὐτὸς ἑαυτὸν
               ἀπέσφαξεν. ἦν
<milestone unit="stephpage" id="stephpage-169a" n="169a"/> δʼ
               ἴσως καὶ Νικίᾳ τῷ Ἀθηναίων στρατηγῷ κράτιστον <note resp="ed" place="unspecified" anchored="yes">
<foreign lang="greek">κρεῖττον</foreign> R</note> οὕτως ἀπαλλαγῆναι
               τῆς δεισιδαιμονίας ὡς Μίδας ἢ Ἀριστόδημος ἢ φοβηθέντι τὴν σκιὰν
               ἐκλιπούσης τῆς σελήνης καθῆσθαι περιτειχιζόμενον ὑπὸ τῶν πολεμίων,
<milestone unit="tlnum" n="10"/> εἶθʼ ὁμοῦ τέτταρσι μυριάσιν ἀνθρώπων
               φονευθέντων τε καὶ ζώντων ἁλόντων ὑποχείριον γενέσθαι καὶ δυσκλεῶς
               ἀποθανεῖν. οὐ γὰρ γῆς,· ἀντίφραξις ἐν μέσῳ γενομένης φοβερόν, οὐδὲ
               δεινὸν ἐν καιρῷ περιόδων <note resp="ed" place="unspecified" anchored="yes">
<foreign lang="greek">περιόδων</foreign> Xylander: <foreign lang="greek">ποδῶν</foreign>
</note> σκιᾶς πρὸς σελήνην ἀπάντησις,
<milestone unit="tlnum" n="15"/> ἀλλὰ δεινὸν τὸ τῆς δεισιδαιμονίας σκότος ἐκπεσόντος <note resp="ed" place="unspecified" anchored="yes">
<foreign lang="greek">ἐκπεσόντος</foreign> scripsi: <foreign lang="greek">ἐμπεσόντος</foreign>
</note>
<milestone unit="stephpage" id="stephpage-169b" n="169b"/> ἀνθρώπου συγχέαι
               καὶ τυφλῶσαι λογισμὸν ἐν πράγμασι μάλιστα λογισμοῦ δεομένοις <quote rend="blockquote">
<l>Γλαῦκ, ὅρα, βαθὺς <note resp="ed" place="unspecified" anchored="yes">
<foreign lang="greek">Γλαῦκʼ ὅρα βαθὺς</foreign> Canterus: <foreign lang="greek">γλαυκεοράβδοις</foreign>
</note> γὰρ ἤδη κύμασι ταράσσεται </l>
<note resp="ed" place="unspecified" anchored="yes">Bergk. 2 p. 396</note>
<l>πόντος, ἀμφὶ δʼ ἄκρᾳ Γυρέων <note resp="ed" place="unspecified" anchored="yes">
<foreign lang="greek">Γυρέων</foreign> Polus: <foreign lang="greek">γυρῶν</foreign>
</note> ὀρθὸν ἵσταται νέφος,
<milestone unit="tlnum" n="20"/>
</l>
<l>σῆμα χειμῶνος.</l>
</quote> τοῦτʼ ἰδὼν κυβερνήτης εὔχεται μὲν ὑπεκφυγεῖν καὶ θεοὺς
               ἐπικαλεῖται σωτῆρας, εὐχόμενος δὲ τὸν οἴακα προσάγει, τὴν κεραίαν
               ὑφίησι, <quote rend="blockquote">φεύγει μέγα λαῖφος ὑποστολίσας ἐρεβώδεος
                  ἐκ
<milestone unit="tlnum" n="25"/> θαλάσσης.</quote>
<note resp="ed" place="unspecified" anchored="yes">Bergk. 3 p. 730 Nauck. p. 698</note>
<pb id="v.1.p.415"/> ὁ Ἡσίοδος <note resp="ed" place="unspecified" anchored="yes">
<foreign lang="greek">Ἡσίοδος</foreign>] OD 463</note> κελεύει πρὸ ἀρότου καὶ σπόρου τὸν γεωργὸν
               εὔχεσθαί Διὶ χθονίῳ Δημήτερὶ θʼ ἁγνῇ τῆς
<milestone unit="stephpage" id="stephpage-169c" n="169c"/> ἐχέτλης ἐχόμενον, Ὅμηρος <note resp="ed" place="unspecified" anchored="yes">
<foreign lang="greek">Ὁμηρος</foreign>] H 193</note> δὲ τὸν Αἴαντά
               φησι τῷ Ἕκτορι μέλλοντα μονομαχεῖν εὔχεσθαι κελεύειν τοὺς
<milestone unit="tlnum" n="5"/>Ἕλληνας ὑπὲρ αὐτοῦ τοῖς θεοῖς, εἶτʼ εὐχομένων
               ἐκείνων ὁπλίζεσθαι. καὶ ὁ Ἀγαμέμνων ὅτε τοῖς μαχομένοις προσέταξεν
                  <quote rend="blockquote">εὖ μέν τις δόρυ θηξάσθω, εὖ δʼ ἀσπίδα
                     θέσθω,</quote>
<note resp="ed" place="unspecified" anchored="yes">B 382</note> τότε παρὰ τοῦ Διὸς αἰτεῖ
<milestone unit="tlnum" n="10"/>
<quote rend="blockquote">δός με κατὰ πρηνὲς βαλέειν Πριάμοιο μέλαθρον·</quote>
<note resp="ed" place="unspecified" anchored="yes">B 414</note>
               ἀρετῆς γὰρ ἐλπὶς ὁ θεός ἐστιν, οὐ δειλίας πρόφασις. ἀλλʼ Ἰουδαῖοι
               σαββάτων ὄντων ἐν ἀγνάπτοις καθεζόμενοι, τῶν πολεμίων κλίμακας
               προστιθέντων
<milestone unit="tlnum" n="15"/> καὶ τὰ τείχη καταλαμβανόντων, οὐκ
               ἀνέστησαν ἀλλʼ ἔμειναν ὥσπερ ἐν σαγήνῃ μιᾷ τῇ δεισιδαιμονίᾳ
               συνδεδεμένοι. </p>
</div1>
<div1 type="section" n="9">
<milestone unit="stephpage" id="stephpage-169d" n="169d"/>
<p>τοιαύτη μὲν ἐν τοῖς ἀβουλήτοις καὶ περιστατικοῖς λεγομένοις πράγμασι καὶ
               καιροῖς ἡ δεισιδαιμονία,
<milestone unit="tlnum" n="20"/> βελτίων δʼ οὐδὲν
               οὐδʼ ἐν τοῖς ἡδίοσι τῆς ἀθεότητος. ἣδιστα δὲ τοῖς ἀνθρώποις ἑορταὶ
               καὶ εἰλαπίναι πρὸς ἱεροῖς καὶ μυήσεις καὶ ὀργιασμοὶ καὶ κατευχαὶ θεῶν
               καὶ προσκυνήσεις. ἐνταῦθα τοίνυν σκόπει τὸν ἄθεον γελῶντα μὲν μανικὸν
               καὶ
<milestone unit="tlnum" n="25"/>Σαρδόνιον γέλωτα τοῖς ποιουμένοις καί που
               παραφθεγγόμενον ἀτρέμα πρὸς τοὺς συνήθεις ὅτι τετύφωνται καὶ δαιμονῶσιν
               οἱ θεοῖς ταῦτα δρᾶσθαι <pb id="v.1.p.416"/> νομίζοντες, ἄλλο δʼ οὐδὲν
               ἔχοντα κακόν. ὁ δὲ δεισιδαίμων βούλεται μὲν οὐ δύναται δὲ χαίρειν οὐδʼ
               ἥδεσθαι, <quote rend="blockquote">
<l> πόλις δʼ ὁμοῦ μὲν θυμιαμάτων γέμει, <note resp="ed" place="unspecified" anchored="yes">Soph. OR 4</note>
<milestone unit="tlnum" n="5"/>
<milestone unit="stephpage" id="stephpage-169e" n="169e"/>
</l>
<l>ὁμοῦ δὲ παιάνων τε καὶ στεναγμάτων</l>
</quote> ἡ ψυχὴ τοῦ δεισιδαίμονος. ἐστεφανωμένος ὠχριᾷ, θύει καὶ
               φοβεῖται, εὔχεται φωνῇ παλλομένῃ καὶ χερσὶν ἐπιθυμιᾷ τρεμούσαις, καὶ
               ὅλως ἀποδείκνυσι τὸν Πυθαγόρου λόγον φλύαρον εἰπόντος; ὅτι βέλτιστοι
<milestone unit="tlnum" n="10"/> γιγνόμεθα πρὸς τοὺς θεοὺς βαδίζοντες · τότε
               γὰρ ἀθλιώτατα καὶ κάκιστα πράττουσιν οἱ δεισιδαίμονες, ὥσπερ ἄρκτων
               φωλεοῖς ἢ χειαῖς δρακόντων ἢ μυχοῖς κητῶν τοῖς τῶν θεῶν μεγάροις ἢ
               ἀνακτόροις προσιόντες. </p>
</div1>
<div1 type="section" n="10">
<milestone unit="tlnum" n="15"/>
<p>ὅθεν ἔμοιγε καὶ θαυμάζειν ἔπεισι τοὺς τὴν
<milestone unit="stephpage" id="stephpage-169f" n="169f"/> ἀθεότητα φάσκοντας ἀσέβειαν εἶναι , μὴ
               φάσκοντας δὲ τὴν δεισιδαιμονίαν. καίτοι γʼ Ἀναξαγόρας δίκην ἔφυγεν
               ἀσεβείας ἐπὶ τῷ λίθον εἰπεῖν τὸν ἥλιον, Κιμμερίους δʼ οὐδεὶς εἶπεν
               ἀσεβεῖς ὅτι τὸν ἥλιον
<milestone unit="tlnum" n="20"/> οὐδʼ εἶναι τὸ
               παράπαν νομίζουσι. τί σὺ λέγεις; ὁ μὴ νομίζων θεοὺς <note resp="ed" place="unspecified" anchored="yes">
<foreign lang="greek">θεοὺς</foreign> Schellensius: <foreign lang="greek">θεοὺς εἶναι</foreign>
</note> ἀνόσιός ἐστιν; ὁ
               δὲ τοιούτους νομίζων οἵους οἱ δεισιδαίμονες, οὐ μακρῷ δόξαις
               ἀνοσιωτέραις σύνεστιν; ἐγὼ γοῦν ἂν ἐθέλοιμι μᾶλλον τοὺς ἀνθρώπους
               λέγειν περὶ ἐμοῦ μήτε γεγονέναι
<milestone unit="tlnum" n="25"/>
<milestone unit="stephpage" id="stephpage-170a" n="170a"/> τὸ παράπαν μήτʼ εἶναι
               Πλούταρχον ἢ λέγειν ὅτι Πλούταρχός ἐστιν ἄνθρωπος ἀβέβαιος
               εὐμετάβολος, εὐχερὴς πρὸς ὀργήν, ἐπὶ τοῖς τυχοῦσι τιμωρητικός,
               μικρόλυπος· ἂν καλῶν ἐπὶ δεῖπνον ἑτέρους <pb id="v.1.p.417"/> παραλίπῃς
               ἐκεῖνον, ἂν ἀσχολίας σοι γενομένης ἐπὶ θύρας μὴ ἔλθῃς ἢ μὴ
               προσείπῃς, διέδεταί σου τὸ σῶμα προσφὺς ἢ συλλαβὼν ἀποτυμπανιεῖ τὸ
               παιδίον, ἢ θηρίον ἔχων <note resp="ed" place="unspecified" anchored="yes">
<foreign lang="greek">ἔχων</foreign> del. H</note> τοῖς καρποῖς ἐφήσει καὶ λυμανεῖται τὴν ὀπώραν.
               τοῦ Τιμοθέου τὴν Ἄρτεμιν ᾄδοντος ἐν Ἀθήναις; καὶ λέγοντος θυιάδα <note resp="ed" place="unspecified" anchored="yes">
<foreign lang="greek">θυιάδα</foreign> Bergk. 3 p. 620: <foreign lang="greek">θυάδα</foreign>
</note>
               φοιβάδα μαινάδα λυσσάδα Κινησίας ὁ μελοποιὸς ἐκ τῶν
<milestone unit="stephpage" id="stephpage-170b" n="170b"/> θεατῶν ἀναστάς “τοιαύτη
                     σοι” εἶπε “θυγάτηρ γένοιτο.” <note resp="ed" place="unspecified" anchored="yes">Lobeck. Aglaoph. p. 633. Bergk. 3 p. 680</note> καὶ μὴν ὅμοια τούτοις καὶ χείρω
               περὶ Ἀρτέμιδος οἱ δεισιδαίμονες ὑπολαμβάνουσιν αἵ τε κἂν ἀπʼ ἀγχόνας
               ἀίξασα αἵ τε καλεχόνα κναίσατε αἵ τε κανέκεκρος; μαίουσα ἂν πεφυρμένα
               ἐσῆλθες αἵ τε καὶ ἐκ τριπόδων καθαρμάτεσσιν ἐπισπώμενα τῷ παλαμναίῳ
               συμπλεχθεῖσα. οὐδὲν δὲ τούτων ἐπιεικέστερα φρονοῦσι περὶ Ἀπόλλωνος; περὶ
               Ἥρας περὶ Ἀφροδίτης· πάντας γὰρ τούτους, τρέμουσι καὶ δεδοίκασι. καίτοι
               τί τοσοῦτον ἡ Νιόβη περὶ τῆς Λητοῦς ῦς ἐβλασφήμησεν, ὅσου <note resp="ed" place="unspecified" anchored="yes">
<foreign lang="greek">ὅσον</foreign> H: <foreign lang="greek">οἷον</foreign>
</note> ἡ
               δεισιδαιμονία πέπεικε
<milestone unit="stephpage" id="stephpage-170c" n="170c"/>
               περὶ τῆς θεοῦ τοὺς ἄφρονας, ὡς ἄρα λοιδορηθεῖσα κατετόξευσε τῆς ἀθλίας
               γυναικὸς <quote rend="blockquote">ἓξ μὲν θυγατέρας, ἓξ δʼ υἱέας
                  ἡβώοντας;</quote>
<note resp="ed" place="unspecified" anchored="yes">Homer. <foreign lang="greek">Ω</foreign> 604</note> οὕτως ἄπληστος ἀλλοτρίων κακῶν ἦν καὶ ἀνίλαστος.
               εἰ γὰρ ἀληθῶς ἡ θεὸς χολὴν εἶχε καὶ μισοπόνηρος ἦν καὶ ἤλγει κακῶς
               ἀκούουσα καὶ μὴ κατεγέλα τῆς ἀνθρωπίνης ἀμαθίας καὶ ἀγνοίας ἀλλʼ
               ἠγανάκτει, τούτους ἔδει κατατοξεῦσαι <note resp="ed" place="unspecified" anchored="yes">
<foreign lang="greek">κατατοξεῦσαι</foreign> R: <foreign lang="greek">τοξεῦσαι</foreign>
</note> τοὺς τοσαύτην ὠμότητα <pb id="v.1.p.418"/> καὶ πικρίαν καταψευδομένους αὐτῆς καὶ τοιαῦτα λέγοντας
               καὶ γράφοντας. τῆς γοῦν Ἑκάβης προβαλλόμεθα τὴν πικρίαν ὡς βάρβαρον καὶ
               θηριώδη λεγούσης
<milestone unit="stephpage" id="stephpage-170d" n="170d"/>
<quote rend="blockquote">
<l>τοῦ ἐγὼ μέσον ἧπαρ ἔχοιμι </l>
<note resp="ed" place="unspecified" anchored="yes">Homer. <foreign lang="greek">Ω</foreign> 212</note>
<l>ἐσθέμεναι προσφῦσα,</l>
</quote> τὴν δὲ Συρίαν θεὸν οἱ δεισιδαίμονες νομίζουσιν, ἂν μαινίδας τις
               ἢ ἀφύας φάγῃ, τὰ ἀντικνήμια διεσθίειν, ἕλκεσι τὸ σῶμα πιμπράναι,
               συντήκειν τὸ ἧπαρ. </p>
</div1>
<div1 type="section" n="11">
<p>ἆρʼ οὖν τὸ μὲν λέγειν τὰ φαῦλα περὶ τῶν θεῶν ἀνόσιον, τὸ δὲ δοξάζειν
               οὐκ ἀνόσιον; ἢ καὶ τὴν φωνὴν ἄτοπον ἡ· δόξα ποιεῖ τοῦ βλασφημοῦντος;
               καὶ γὰρ ἡμεῖς τὴν βλασφημίαν ὅτι δυσμενείας σημεῖόν ἐστι προβαλλόμεθα,
               καὶ τοὺς κακῶς ἡμᾶς λέγοντας ἐχθροὺς νομίζομεν ὡς καὶ κακῶς φρονοῦντας,
               ὁρᾷς δʼ οἷα περὶ τῶν θεῶν οἱ δεισιδαίμονες
<milestone unit="stephpage" id="stephpage-170e" n="170e"/> φρονοῦσιν, ἐμπλήκτους ἀπίστους, εὐμεταβόλους
               τιμωρητικοὺς ὠμοὺς μικρολύπους ὑπολαμβάνοντες, ἐξ ὧν ἀνάγκη καὶ μισεῖν
               τὸν δεισιδαίμονα καὶ φοβεῖσθαι τοὺς θεούς. πῶς γὰρ οὐ μέλλει, τὰ μέγιστα
               τῶν κακῶν αὑτῷ διʼ ἐκείνους οἰόμενος γεγονέναι καὶ πάλιν γενήσεσθαι;
               μισῶν δὲ θεοὺς καὶ φοβούμενος ἐχθρός ἐστι. καίτοι προσκυνεῖ γε καὶ θύει
               καὶ κάθηται πρὸς ἱεροῖς, καὶ οὐ ʼθαυμαστόν ἐστι· καὶ γὰρ τοὺς τυράννους
               ἀσπάζονται περιέπουσι χρυσοῦς ἀνιστᾶσιν, ἀλλὰ μισοῦσι σιγῇ “κάρα <note resp="ed" place="unspecified" anchored="yes">
<foreign lang="greek">κάρα</foreign>] Soph. Ant. 326</note>
                  σείοντες.” Ἀλέξανδρον Ἑρμόλαος ἐθεράπευε, Παυσανίας <pb id="v.1.p.419"/> ἐδορυφόρει
<milestone unit="stephpage" id="stephpage-170f" n="170f"/>Φίλιππον, Χαιρέας Γάιον, ἀλλʼ ἕκαστος τούτων ἔλεγε
               παρακολουθῶν <quote rend="blockquote">ἦ σʼ ἂν τισαίμην, εἴ μοι δύναμίς γε
                  παρείη</quote>
<note resp="ed" place="unspecified" anchored="yes">Homer. X 20</note> Οὐκ οἴεται θεοὺς εἶναι ὁ ἄθεος, ὁ δὲ δεισιδαίμων
<milestone unit="tlnum" n="5"/> οὐ βούλεται, πιστεύει δʼ ἄκων φοβεῖται γὰρ
               ἀπιστεῖν. καίτοι γʼ ὥσπερ· ὁ Τάνταλος ὑπεκδῦναι τὸν λίθον ἐπαιωρούμενον
               οὕτω καὶ οὗτος τὸν φόβον ὡς οὐχ ἧττον ὑπʼ αὐτοῦ, πιεζόμενος
               ἀγαπήσειεν ἄν, καὶ μακαρίσειε τὴν τοῦ ἀθέου διάθεσιν ὡς ἐλευθέριον.
<milestone unit="tlnum" n="10"/> νυνὶ δὲ τῷ μὲν ἀθέῳ δεισιδαιμονίας
               οὐδὲν μέτεστιν, ὁ δὲ δεισιδαίμων τῇ προαιρέσει ἄθεος ὢν ἀσθενέστερός
               ἐστιν ἢ ὥστε δοξάζειν περὶ θεῶν ὃ βούλεται. </p>
</div1>
<div1 type="section" n="12">
<milestone unit="stephpage" id="stephpage-171a" n="171a"/>
<p>καὶ μὴν ὁ ἄθεος δεισιδαιμονίας οὐδαμῆ συναίτιος
<milestone unit="tlnum" n="15"/> , ἡ δὲ δεισιδαιμονία τῇ ἀθεότητι καὶ γενέσθαι παρέσχεν ἀρχὴν <note resp="ed" place="unspecified" anchored="yes">
<foreign lang="greek">ἀρχὴν</foreign> del. H</note>
               καὶ γενομένῃ δίδωσιν ἀπολογίαν, οὐκ ἀληθῆ μὲν οὐδὲ καλήν, προφάσεως δέ
               τινος οὐκ ἄμοιρον οὖσαν. οὐ γὰρ ἐν οὐρανῷ τι μεμπτὸν οὐδʼ ἐν ἄστροις
               οὐδʼ ἐν ὥραις ἢ περιόδοις σελήνης
<milestone unit="tlnum" n="20"/> ἢ
               κινήσεσιν ἡλίου περὶ γῆν, <note resp="ed" place="unspecified" anchored="yes">Plat. Tim. p. 40 c</note> “ἡμέρας καὶ νυκτὸς δημιουργοῖς,” ἢ
               τροφαῖς ζῴων ἢ καρπῶν γενέσεσι πλημμελὲς καὶ ἄτακτον ἐνιδόντες οὕτως
               ἀθεότητα τοῦ παντὸς κατέγνωσαν, ἀλλὰ τῆς δεισιδαιμονίας ἔργα καὶ πάθη
               καταγέλαστα, καὶ ῥήματα καὶ κινήματα
<milestone unit="tlnum" n="25"/>
<milestone unit="stephpage" id="stephpage-171b" n="171b"/> καὶ γοητεῖαι καὶ
               μαγεῖαι καὶ περιδρομαὶ καὶ τυμπανισμοὶ καὶ ἀκάθαρτοι μὲν καθαρμοὶ ῥυπαραὶ
               δʼ ἁγνεῖαι, βάρβαροι δὲ καὶ παράνομοι πρὸς ἱεροῖς <pb id="v.1.p.420"/>
               κολασμοὶ καὶ προπηλακισμοί, ταῦτα δίδωσιν ἐνίοις λέγειν ὡς μὴ εἶναι
               θεοὺς ἄμεινον ἢ εἶναι, τοιαῦτα μὲν δεχομένους τοιούτοις δὲ χαίροντας,
               οὕτω δʼ ὑβριστάς, οὕτω δὲ μικρολόγους καὶ μικρολόγους </p>
</div1>
<div1 type="section" n="13">
<milestone unit="tlnum" n="5"/>
<p>οὐκ ἄμεινον οὖν ἦν Γαλάταις ἐκείνοις καὶ Σκύθαις τὸ παράπαν μήτʼ
               ἔννοιαν ἔχειν θεῶν μήτε φαντασίαν μήθʼ ἱστορίαν ἢ θεοὺς εἶναι
               νομίζειν χαίροντας ἀνθρώπων σφαττομένων αἵματι καὶ τελεωτάτην
<milestone unit="stephpage" id="stephpage-171c" n="171c"/> θυσίαν καὶ ἱερουργίαν ταύτην
               νομίζοντας;
<milestone unit="tlnum" n="10"/> τί δέ; Καρχηδονίοις οὐκ
               ἐλυσιτέλει Κριτίαν λαβοῦσιν ἢ Διαγόραν νομοθέτην ἀπʼ ἀρχῆς μήτε τινὰ
               δαιμόνων μήτε θεῶν νομίζειν ἢ τοιαῦτα θύειν οἷα τῷ Κρόνῳ ἔθυον; οὐχ
               ὥσπερ Ἐμπεδοκλῆς <note resp="ed" place="unspecified" anchored="yes">
<foreign lang="greek">Ἐμπεδοκλῆς</foreign>] Mullach. 1 p. 13</note> φησι τῶν τὰ ζῷα θυόντων καθαπτόμενος
<milestone unit="tlnum" n="15"/>
<quote rend="blockquote">
<l>μορφὴν δʼ ἀλλάξαντα πατὴρ φίλον υἱὸν ἀείρας </l>
<l>σφάζει ἐπευχόμενος μέγα νήπιος,</l>
</quote> ἀλλʼ εἰδότες καὶ γιγνώσκοντες αὐτοὶ τὰ αὑτῶν τέκνα καθιέρευον,
               οἱ δʼ ἄτεκνοι παρὰ τῶν πενήτων ὠνούμενοι παιδία κατέσφαζον καθάπερ ἄρνας
               ἢ νεοσσούς,
<milestone unit="tlnum" n="20"/>
<milestone unit="stephpage" id="stephpage-171d" n="171d"/> παρειστήκει δʼ ἡ μήτηρ
               ἄτεγκτος καὶ ἀστένακτος. εἰ δὲ στενάξειεν ἢ δακρύσειεν, ἔδει τῆς τιμῆς
               στέρεσθαι, τὸ δὲ παιδίον οὐδὲν ἧττον ἐθύετο, κρότου τε κατεπίμπλατο
               πάντα πρὸ τοῦ ἀγάλματος ἐπαυλούντων καὶ τυμπανιζόντων ἕνεκα τοῦ μὴ
               γίγνεσθαι τὴν
<milestone unit="tlnum" n="25"/> βοὴν τῶν θρήνων ἐξάκουστον. εἰ
               δὲ Τυφῶνές τινες ἢ Γίγαντες ἦρχον ἡμῶν τοὺς θεοὺς ἐκβαλόντες, ποίαις
               ἂν ἣδοντο θυσίαις ἢ τίνας ἄλλας; ἱερουργίας ἀπῄτουν; Ἄμηστρις δʼ ἡ
               Ξέρξου γυνὴ, δώδεκα κατώρυξεν <pb id="v.1.p.421"/> ἀνθρώπους ζῶντας ὑπὲρ
               αὑτῆς τῷ Ἅιδῃ, ὃν
<milestone unit="stephpage" id="stephpage-171e" n="171e"/> ὁ Πλάτων <note resp="ed" place="unspecified" anchored="yes">
<foreign lang="greek">Πλάτων</foreign>] Crat. p. 403 c</note> φησὶ φιλάνθρωπον ὄντα καὶ σοφὸν καὶ πλούσιον, πειθοῖ καὶ
               λόγῳ κατέχοντα τὰς ψυχάς, Ἅιδην ὠνομάσθαι. Ξενοφάνης δʼ ὁ φυσικὸς τοὺς
<milestone unit="tlnum" n="5"/>Αἰγυπτίους κοπτομένους ἐν ταῖς ἑορταῖς καὶ
               θρηνοῦντας ὁρῶν ὑπέμνησεν οἰκείως. “οὗτοι” φησὶν “εἰ μὲν θεοί
                  εἰσι, μὴ θρηνεῖτε αὐτούς· εἰ δʼ ἄνθρωποι, μὴ θύετε αὐτοῖς;” </p>
</div1>
<div1 type="section" n="14">
<p>ἀλλʼ οὐδὲν οὕτω πολυπλανὲς καὶ πολυπαθὲς
<milestone unit="tlnum" n="10"/>
               νόσημα καὶ μεμιγμένον ἐναντίαις δόξαις καὶ· μαχομέναις μᾶλλον <note resp="ed" place="unspecified" anchored="yes">
<foreign lang="greek">μᾶλλον</foreign> del. H</note> ὡς τὸ τῆς
               δεισιδαιμονίας. φευκτέον οὖν αὐτὴν ἀσφαλῶς τε καὶ συμφερόντως, οὐχ ὥσπερ
               οἱ λῃστῶν ἢ θηρίων ἔφοδον ἢ πῦρ ἀπερισκέπτως καὶ ἀλογίστως
               περιφεύγοντες ἐμπίπτουσιν εἰς ἀνοδίας.
<milestone unit="stephpage" id="stephpage-171f" n="171f"/>
<milestone unit="tlnum" n="15"/> βάραθρα καὶ κρημνοὺς; ἐχούσας. οὕτω γὰρ
               ἔνιοι φεύγοντες τὴν δεισιδαιμονίαν ἐμπίπτουσιν εἰς ἀθεότητα τραχεῖαν καὶ
               ἀντίτυπον, ὑπερπηδήσαντες ἐν μέσῳ κειμένην τὴν εὐσέβειαν.</p>
</div1>
</body>
</text>
</TEI.2>
