<?xml version="1.0" encoding="UTF-8"?><TEI.2>
<teiHeader>
<fileDesc>
<titleStmt>
<title>De amicorum multitudine</title>
<title type="sub">Machine readable text</title>
<author n="Plut.">Plutarch</author>
<editor role="editor" n="Teubner">Gregorius N.
            Bernardakis</editor>
<sponsor>Perseus Project, Tufts University</sponsor>
<principal>Gregory Crane</principal>
<respStmt>
<resp>Prepared under the supervision of</resp>
<name>Lisa Cerrato</name>
<name>William Merrill</name>
<name>Elli Mylonas</name>
<name>David Smith</name>
</respStmt>
<funder n="org:NEH">The National Endowment for the Humanities</funder>
</titleStmt>
<extent/>
<publicationStmt>
<publisher>Trustees of Tufts University</publisher>
<pubPlace>Medford, MA</pubPlace>
<authority>Perseus Project</authority>
</publicationStmt>
<sourceDesc>
<biblStruct>
<analytic/>
<monogr>
<author>Plutarch</author>
<title>Moralia</title>
<editor role="editor">Gregorius N. Bernardakis</editor>
<imprint>
<pubPlace>Leipzig</pubPlace>
<publisher>Teubner</publisher>
<date>1888</date>
</imprint>
<biblScope type="volume">1</biblScope>
</monogr>
</biblStruct>
</sourceDesc>
</fileDesc>
<encodingDesc>
<editorialDecl>
<correction method="silent">
<p>optical character recognition</p>
</correction>
</editorialDecl>
<refsDecl doctype="TEI.2">
<state unit="chapter" delim="."/>
<state unit="section"/>
</refsDecl>
<refsDecl doctype="TEI.2">
<state unit="stephpage" n="chunk"/>
</refsDecl>
</encodingDesc>
<profileDesc>
<langUsage>
<language id="greek">Greek</language>
</langUsage>
</profileDesc>
<revisionDesc>
<change>
<date>5/10</date>
<respStmt>
<name>RS</name>
<resp/>
</respStmt>
<item>tagged and parsed</item>
</change>
</revisionDesc>
</teiHeader>
<text>
<body>
<pb id="v.1.p.225"/>
<div1 type="chapter">
<div2 type="section" n="1">
<milestone unit="stephpage" id="stephpage-93b" n="93b"/>
<p>μένωνα τὸν Θετταλὸν οἰόμενον ἐν λόγοις ἱκανῶς γεγυμνάσθαι καὶ τοῦτο
                  δὴ τὸ ὑπὸ τοῦ Ἑμπε δοκλέους <note resp="ed" place="unspecified" anchored="yes">
<foreign lang="greek">Ἐμπεδοκλέους</foreign>] Mullach. 1 p. 2</note> λεγόμενον σοφίης <note resp="ed" place="unspecified" anchored="yes">
<foreign lang="greek">σοφίης</foreign> Sextus Empiricus: <foreign lang="greek">σοφίας</foreign>
</note> ἐπʼ ἄκροισι θαμίζειν
<milestone unit="tlnum" n="5"/> ἠρώτησεν ὁ Σωκράτης <note resp="ed" place="unspecified" anchored="yes">
<foreign lang="greek">Σωκράτης</foreign>] Plat. Men. p. 71 e</note> τί ἀρετή ἐστιν
                  ἀποκριναπο μένου δʼ ἰταμῶς ἐκείνου καὶ προχείρως ὅτι καὶ παιδός ἐστιν
                  ἀρετὴ καὶ πρεσβύτου καὶ ἀνδρὸς καὶ γυναικὸς καὶ ἄρχοντος καὶ
                  ἰδιώτου καὶ δεσπότου καὶ θεράποντος, “εὖ γʼ” εἶπεν ὁ Σωκράτης; “ὅτι μίαν
<milestone unit="tlnum" n="10"/> ἀρετὴν αἰτηθεὶς σμῆνος
                     ἀρετῶν κεκίνηκας,” οὐ κακῶς τεκμαιρόμενος ὅτι μηδεμίαν εἰδὼς
                  ἀρετὴν ἄνθρωπος <note resp="ed" place="unspecified" anchored="yes">
<foreign lang="greek">ἄνθρωπος</foreign> H</note> πολλὰς ὠνόμαζεν. ἆρʼ οὖν οὐχὶ καὶ ἡμῖν
<milestone unit="stephpage" id="stephpage-93c" n="93c"/> μένοι βεβαίως φοβούμεθα μὴ
                  λάθωμεν εἰς πολυφιλίαν κολοβοῦ καὶ τυφλοῦ, φοβουμένου μὴ
<milestone unit="tlnum" n="15"/> φιλίων ἐμπεσόντες; σχεδὸν γὰρ οῦδὲν διαφέρομεν
                  Βριάρεως ὁ ἑκατόγχειρ καὶ Ἄργος ὁ πανόπτης γένηται τις ἐπιχλευάσειεν
                  ὅτι μηδέπω μίαν φιλίαν κεκτη ται. καίτοι τόν γε παρὰ τῷ Μενάνδρῳ <note resp="ed" place="unspecified" anchored="yes">
<foreign lang="greek">Μενάνδρῳ</foreign>] Meinek. IV p. 241</note>
                  νεανίσκον <pb id="v.1.p.226"/> ὑπερφυῶς ἐπαινοῦμεν εἰπόντα θαυμαστὸν
                  ὅσον νομίζειν ἀγαθὸν ἕκαστον, ἂν ἔχῃ φίλου σκιάν </p>
</div2>
<div2 type="section" n="2">
<p>ἐναντίον <note resp="ed" place="unspecified" anchored="yes">
<foreign lang="greek">ἐναντίον</foreign> W: <foreign lang="greek">αἴτιον</foreign>
</note> δὲ μετὰ πολλῶν ἄλλων οὐχ ἥκιστα πρὸς <note resp="ed" place="unspecified" anchored="yes">
<foreign lang="greek">πρὸς</foreign> H: <foreign lang="greek">εἰς</foreign>
</note> φιλίας κτῆσιν ἡ τῆς
                  πολυφιλίας ὄρεξις, ὥσπερ
<milestone unit="tlnum" n="5"/> ἔρως <note resp="ed" place="unspecified" anchored="yes">
<foreign lang="greek">ἔρως</foreign> Madvigius</note> ἀκολάστων
                  γυναικῶν τῷ πολλάκις καὶ πολλοῖς
<milestone unit="stephpage" id="stephpage-93d" n="93d"/> συμπλέκεσθαι τῶν πρώτων κρατεῖν μὴ δυνάμενος <note resp="ed" place="unspecified" anchored="yes">
<foreign lang="greek">δυνάμενος</foreign> idem: <foreign lang="greek">δυναμένοις</foreign>
</note>
                  ἀμελουμένων καὶ ἀπορρεόντων· μᾶλλον δʼ ὥσπερ ὁ τῆς Ὑψιπύλης τρόφιμος
                  εἰς τὸν λειμῶνα καθίσας ἔδρεπεν
<milestone unit="tlnum" n="10"/>
<quote rend="blockquote">
<l>ἕτερον ἐφʼ ἑτέρῳ αἰρόμενος </l>
<note resp="ed" place="unspecified" anchored="yes">Nauck. p. 468</note>
<l> ἄγρευμʼ ἀνθέων ἡδομένᾳ ψυχᾷ </l>
<l>τὸ νήπιον ἄπληστον <note resp="ed" place="unspecified" anchored="yes">
<foreign lang="greek">ἄπληστον</foreign> p. 661 F: <foreign lang="greek">ἄχρηστον</foreign>
</note> ἔχων ,</l>
</quote> οὕτως ἕκαστον ἡμῶν διὰ τὸ φιλόκαινον καὶ ἁψίκορον ὁ
                  πρόσφατος ἀεὶ καὶ ἀνθῶν ἐπάγεται, καὶ μετατίθησι
<milestone unit="tlnum" n="15"/> πολλὰς ὁμοῦ καὶ ἀτελεῖς ἀρχὰς πράττοντας φιλίας καὶ
                  συνηθείας, ἔρωτι τοῦ διωκομένου παρερχομένους
<milestone unit="stephpage" id="stephpage-93e" n="93e"/> τὸ <note resp="ed" place="unspecified" anchored="yes">
<foreign lang="greek">τὸ</foreign> R: <foreign lang="greek">τὸν</foreign>
</note> καταλαμβανόμενον. πρῶτον μὲν οὖν ὥσπερ
                  ἀφʼ ἑστίας ἀρξάμενοι τῆς τοῦ βίου φήμης ἣν ὑπὲρ φίλων βεβαίων
                  ἀπολέλοιπεν ἡμῖν, τὸν
<milestone unit="tlnum" n="20"/> μακρὸν καὶ παλαιὸν
                  αἰῶνα μάρτυρα ἅμα τοῦ λόγου καὶ σύμβουλον λάβωμεν, ἐν ᾧ κατὰ
                  ζεῦγος φιλίας λέγονται Θησεὺς,· καὶ Πειρίθους, Ἀχιλλεὺς καὶ
                  Πάτροκλος, Ὀρέστης καὶ Πυλάδης, Φιντίας καὶ Δάμων, Ἐπαμεινώνδας
                  καὶ Πελοπίδας· σύννομον γὰρ ἡ
<milestone unit="tlnum" n="25"/> φιλία ζῷον
                  οὐκ ἀγελαῖόν ἐστιν οὐδὲ κολοιῶδες, καὶ τὸ ἄλλον αὑτὸν ἡγεῖσθαι
                  τὸν φίλον καὶ <pb id="v.1.p.227"/> προσαγορεύειν ἑταῖρον ἕτερον οὐδέν <note resp="ed" place="unspecified" anchored="yes">
<foreign lang="greek">ἕτερον οὐδέν</foreign>] scribendum vid. <foreign lang="greek">ἑέρων οὐδενός</foreign>
</note>
                  ἐστιν ἢ μέτρῳ φιλίας τῇ δυάδι χρωμένων. οὔτε γὰρ δούλους οὔτε
                  φίλους
<milestone unit="stephpage" id="stephpage-93f" n="93f"/> ἔστι κτήσασθαι
                  πολλοὺς ἀπʼ ὀλίγου νομίσματος. τί οὖν νόμισμα φιλίας; εὔνοια καὶ
                  χάρις μετʼ ἀρετῆς,
<milestone unit="tlnum" n="5"/> ὧν οὐδὲν ἔχει
                  σπανιώτερον ἡ φύσις. ὅθεν τὸ σφόδρα φιλεῖν καὶ φιλεῖσθαι πρὸς πολλοὺς
                  οὐκ ἔστιν, ἀλλʼ ὥσπερ οἱ ποταμοὶ πολλὰς σχίσεις καὶ κατατομὰς
                  λαμβάνοντες ἀσθενεῖς καὶ λεπτοὶ ῥέουσιν, οὕτω τὸ φιλεῖν ἐν ψυχῇ
                  σφοδρὸν πεφυκὸς εἰς πολλοὺς
<milestone unit="tlnum" n="10"/> μεριζόμενον
                  ἐξαμαυροῦται. διὸ καὶ τῶν ζῴων τὸ φιλότεκνον τοῖς μονοτόκοις
                  ἰσχυρότερον ἐμφύεται,
<milestone unit="stephpage" id="stephpage-94a" n="94a"/>
                  καὶ Ὅμηρος· <note resp="ed" place="unspecified" anchored="yes">
<foreign lang="greek">Ὁμηρος</foreign>] I 498. <foreign lang="greek">π</foreign> 19</note> ἀγαπητὸν υἱὸν ὀνομάζει “μοῦνον τηλύγετον” τουτέστι
                  τὸν τοῖς μήτʼ <note resp="ed" place="unspecified" anchored="yes">
<foreign lang="greek">μήτʼ</foreign> Schellensius: <foreign lang="greek">μὴ</foreign>
</note> ἔχουσιν ἕτερον γονεῦσι μήθʼ ἕξουσι γεγενημένον.
<milestone unit="tlnum" n="15"/>
</p>
</div2>
<div2 type="section" n="3">
<p>τὸν δὲ φίλον ἡμεῖς “μοῦνον” μὲν οὐκ ἀξιοῦμεν εἶναι, μετʼ ἄλλου
                  δὲ “τηλύγετὸσ” τις καὶ ὀψίγονος ἔστω, τὸν θρυλούμενον ἐκεῖνον
                  χρόνῳ τῶν ἁλῶν συγκατεδηδοκὼς μέδιμνον, οὐχ ὥσπερ νῦν πολλοὶ φίλοι
                  λεγόμενοι συμπιόντες ἅπαξ ἢ συγκαταλύσαντες
<milestone unit="tlnum" n="20"/> ἢ συγκυβεύσαντες ἢ συγκαταλύσαντες, ἐκ πανδοκείου καὶ παλαίστρας καὶ
                  ἀγορᾶς; φιλίαν συλλέγουσιν. ἐν δὲ ταῖς τῶν πλουσίων καὶ ἡγεμονικῶν
<milestone unit="stephpage" id="stephpage-94b" n="94b"/> οἰκίαις πολὺν
                  ὄχλον καὶ θόρυβον ἀσπαζομένων καὶ δεξιουμένων καὶ δορυφορούντων
                  ὁρῶντες εὐδαιμονίζουσι
<milestone unit="tlnum" n="25"/> τοὺς πολυφίλους.
                  καίτοι πλείονάς γε μυίας ἐν τοῖς ὀπτανείοις αὐτῶν ὁρῶσιν. ἀλλʼ οὔθʼ
                  αὗται τῆς λιχνείας οὔτʼ ἐκεῖνοι τῆς χρείας <pb id="v.1.p.228"/>
                  ἐπιλιπούσης παραμένουσιν. ἐπεὶ δʼ ἡ ἀληθινὴ φιλία τρία ζητεῖ μάλιστα,
                  τὴν ἀρετὴν ὡς καλόν, καὶ τὴν συνήθειαν ὡς ἡδύ, καὶ τὴν χρείαν ὡς
                  ἀναγκαῖον δεῖ γὰρ ἀποδέξασθαι κρίναντα καὶ χαίρειν συνόντα
<milestone unit="tlnum" n="5"/> καὶ χρῆσθαι δεόμενον, ἃ πάντα πρὸς τὴν πολυφιλίαν
                  ὑπεναντιοῦται, καὶ μάλιστά πως τὸ κυριώτατον ἡ κρίσις , σκεπτέον <note resp="ed" place="unspecified" anchored="yes">
<foreign lang="greek">σκεπτέον</foreign> H: <foreign lang="greek">σκεπτέον δὲ</foreign>
</note> πρῶτον
                  εἰ δυνατόν ἐστιν
<milestone unit="stephpage" id="stephpage-94c" n="94c"/> ἐν
                  βραχεῖ χρόνῳ δοκιμάσαι χορευτὰς συγχορευσομένους, ἐρέτας ὁμορροθήσοντας,
                  οἰκέτας χρημάτων
<milestone unit="tlnum" n="10"/> ἐπιτρόπους ἢ τέκνων
                  παιδαγωγοὺς ἐσομένους, μήτι γε φίλους πολλοὺς εἰς ἀγῶνα πάσης τύχης
                  συναποδυσομένους, ὧν ἕκαστος αὐτὸς θʼ αὑτὸν <quote rend="blockquote">
<l>πράττων εὖ τίθησιν εἰς μέσον, </l>
<note resp="ed" place="unspecified" anchored="yes">Nauck. p. 697</note>
<l> τοῦ δυστυχοῦς τε λαγχάνων οὐκ ἄχθεται</l>
</quote>
<milestone unit="tlnum" n="15"/> οὔτε ναῦς γὰρ ἐπὶ τοσούτους ἕλκεται
                  χειμῶνας εἰς θάλατταν, οὔτε χωρίοις τριγχοὺς καὶ λιμέσι προβάλλουσιν <note resp="ed" place="unspecified" anchored="yes">
<foreign lang="greek">περιβάλλουσιν</foreign> coni. H</note>
                  ἕρκη καὶ χώματα τηλικούτους προσδεχόμενοι
<milestone unit="stephpage" id="stephpage-94d" n="94d"/> κινδύνους καὶ τοσούτους, ὅσων ἐπαγγέλλεται
                  φιλία καταφυγὴν καὶ βοήθειαν, ὀρθῶς καὶ βεβαίως
<milestone unit="tlnum" n="20"/> ἐξετασθεῖσα · τῶν δʼ ἀνεξετάστως παραρρυέντων ὥσπερ
                  νομισμάτων ἀδοκίμων ἐλεγχομένων <quote rend="blockquote">
<l>οἱ μὲν ἐστερημένοι </l>
<note resp="ed" place="unspecified" anchored="yes">Nauck. p. 215</note>
<l> χαίρουσιν, οἱ δʼ ἔχοντες εὔχονται φυγεῖν</l>
</quote> ἔστι δὲ τοῦτο χαλεπὸν καὶ οὐ ῥᾴδιον, τὸ φυγεῖν ἢ
<milestone unit="tlnum" n="25"/> ἀποθέσθαι δυσαρεστουμένην φιλίαν. ἀλλʼ ὥσπερ
                  σιτίον βλαβερὸν καὶ δυσχεραινόμενον οὔτε κατέχειν <pb id="v.1.p.229"/>
                  οἷόν τε μὴ λυποῦν καὶ διαφθεῖρον οὔτʼ ἐκβάλλειν οἷον εἰσῆλθεν ἀλλʼ
                  εἰδεχθὲς καὶ συμπεφυρμένον καὶ ἀλλόκοτον, οὕτω φίλος πονηρὸς ἢ
                  σύνεστι λυπῶν καὶ λυμαινόμενος, <note resp="ed" place="unspecified" anchored="yes">
<foreign lang="greek">λυμαινόμενος</foreign> H: <foreign lang="greek">λυπούμενος</foreign>
</note> ἢ βίᾳ μετʼ ἔχθρας καὶ δυσμενείας
<milestone unit="tlnum" n="5"/>
<milestone unit="stephpage" id="stephpage-94e" n="94e"/> ὥσπερ χολή τις
                  ἐξέπεσε. </p>
</div2>
<div2 type="section" n="4">
<p>διὸ δεῖ μὴ ῥᾳδίως προσδέχεσθαι μηδὲ κολλᾶσθαι τοῖς ἐντυγχάνουσι μηδὲ
                  φιλεῖν τοὺς διώκοντας, ἀλλὰ τοὺς ἀξίους φιλίας διώκειν. οὐ γὰρ
                  αἱρετέον πάντως τὸ ῥᾳδίως ἁλισκόμενον. καὶ γὰρ
<milestone unit="tlnum" n="10"/> ἀπαρίνην καὶ βάτον ἐπιλαμβανομένην ὑπερβάντες καὶ διωσάμενοι
                  βαδίζομεν ἐπὶ τὴν ἐλαίαν καὶ τὴν ἄμπελον. οὕτως ἀεὶ <note resp="ed" place="unspecified" anchored="yes">
<foreign lang="greek">ἀεὶ</foreign>] <foreign lang="greek">δεῖ</foreign> W</note> μὴ τὸν
                  εὐχερῶς περιπλεκόμενον ποιεῖσθαι συνήθη καλόν, <note resp="ed" place="unspecified" anchored="yes">
<foreign lang="greek">συνήθη καλόν</foreign>] <foreign lang="greek">συνήθη</foreign> H</note> ἀλλὰ τοῖς ἀξίοις
                  σπουδῆς καὶ ὠφελίμοις αὐτοὺς περιπλέκεσθαι δοκιμάζοντας <note resp="ed" place="unspecified" anchored="yes">
<foreign lang="greek">δοκιμάσαντας</foreign> R</note>
<milestone unit="tlnum" n="15"/>
<milestone unit="stephpage" id="stephpage-94f" n="94f"/> . </p>
</div2>
<div2 type="section" n="5">
<p> ʼ· ὥσπερ οὖν ὁ Ζεῦξις αἰτιωμένων αὐτόν τινων ὅτι ζωγραφεῖ βραδέως, “ὁμολογῶ” εἶπεν “ἐν πολλῷ χρόνῳ γράφειν, καὶ γὰρ εἰς
                     πολύν,” οὕτω φιλίαν δεῖ καὶ συνήθειαν σῴζειν παραλαβόντας ἐν
<milestone unit="tlnum" n="20"/> πολλῷ κριθεῖσαν. ἆῤ οὖν κρῖναι μὲν
                  οὐκ ἔστι πολλοὺς φίλους ῥᾴδιον, συνεῖναι δὲ πολλοῖς ὁμοῦ ῥᾴδιον,
                  ἢ καὶ τοῦτο ἀδύνατον; καὶ μὴν ἀπόλαυσίς ἐστιν ἡ συνήθεια τῆς
                  φιλίας, καὶ τὸ ἥδιστον ἐν τῷ συνεῖναι καὶ συνδιημερεύειν
<milestone unit="tlnum" n="25"/>
<quote rend="blockquote">
<l>οὐ μὲν γὰρ ζωοί γε φίλων ἀπάνευθεν ἑταίρων </l>
<note resp="ed" place="unspecified" anchored="yes">Homer. <foreign lang="greek">Ψ</foreign> 78</note>
<l>βουλὰς ἑζόμενοι βουλεύσομεν</l>
</quote>
<pb id="v.1.p.230"/>
<milestone unit="stephpage" id="stephpage-95a" n="95a"/> καὶ περὶ τοῦ
                  Ὀδυσσέως ὁ Μενέλαος <quote rend="blockquote">
<l>οὐδέ κεν ἄλλο </l>
<note resp="ed" place="unspecified" anchored="yes">Homer. <foreign lang="greek">δ</foreign> 179</note>
<l>ἄμμε διέκρινεν φιλέοντέ τε τερπομένω τε, </l>
<l>πρὶν γʼ ὅτε δὴ θανάτοιο μέλαν νέφος ἀμφεκάλυψε</l>
</quote>
<milestone unit="tlnum" n="5"/> τοὐναντίον οὖν ἔοικεν ἡ καλουμένη
                  πολυφιλία ποιεῖν. ἡ μὲν γὰρ συνάγει καὶ συνίστησι καὶ συνέχει
                  καταπυκνοῦσα ταῖς ὁμιλίαις καὶ φιλοφροσύναις <quote rend="blockquote">
<l>ὡς δʼ ὅτʼ ὀπὸς γάλα λευκὸν ἐγόμφωσεν καὶ ἔδησε</l>
</quote>
<milestone unit="stephpage" id="stephpage-95b" n="95b"/> κατʼ Ἐμπεδοκλέα <note resp="ed" place="unspecified" anchored="yes">
<foreign lang="greek">Ἐμπεδοκλέα</foreign>] Mullach. 1 p. 6</note>
                  τοιαύτην γὰρ ἡ φιλία βούλεται
<milestone unit="tlnum" n="10"/> ποιεῖν
                  ἑνότητα καὶ σύμπηξιν, ἡ δὲ πολυφιλία διίστησι καὶ ἀποσπᾷ καὶ
                  ἀποστρέφει, τῷ μετακαλεῖν καὶ μεταφέρειν ἄλλοτε πρὸς ἄλλον οὐκ ἐῶσα
                  κρᾶσιν οὐδὲ κόλλησιν εὐνοίας ἐν τῇ συνηθείᾳ περιχυθείσῃ καὶ
                  παγείσῃ γενέσθαι. τοῦτο δʼ εὐθὺς ὑποβάλλει
<milestone unit="tlnum" n="15"/> καὶ τὴν περὶ τὰς ὑπουργίας ἀνωμαλίαν καὶ δυσωπίαν· <note resp="ed" place="unspecified" anchored="yes">
<foreign lang="greek">δυσωπίαν</foreign>] <foreign lang="greek">δυσκολίαν</foreign> Emperius</note> τὰ γὰρ
                  εὔχρηστα τῆς φιλίας δύσχρηστα γίγνεται διὰ τὴν πολυφιλίαν. <quote rend="blockquote">
<l>ἄλλον τρόπονʼ γὰρ ʽἄλλων ἐγείρει φροντὶς ἀνθρώπων <note resp="ed" place="unspecified" anchored="yes">Bergk. 3 p. 721</note>
<milestone unit="tlnum" n="20"/>
</l>
</quote> οὔτε γὰρ αἱ φύσεις ἡμῶν ἐπὶ ταὐτὰ ταῖς ὁρμαῖς ῥέπουσιν,
                  οὔτε τύχαις ὁμοτρόποις ἀεὶ σύνεσμεν οἵ
<milestone unit="stephpage" id="stephpage-95c" n="95c"/> τε τῶν πράξεων καιροὶ καθάπερ τὰ πνεύματα
                  τοὺς μὲν φέρουσι τοῖς δʼ ἀντιπίπτουσι. </p>
</div2>
<div2 type="section" n="6">
<p>καίτοι κἂν πάντες ἅμα τῶν αὐτῶν οἱ φίλοι
<milestone unit="tlnum" n="25"/> δέωνται, χαλεπὸν ἐξαρκέσαι πᾶσι βουλευομένοις ἢ πολιτευομένοις ἢ
                  φιλοτιμουμένοις ἢ ὑποδεχομένοις. <pb id="v.1.p.231"/> ἂν δʼ ἑνὶ καιρῷ
                  διαφόροις πράγμασι καὶ πάθεσι προστυγχάνοντες ὁμοῦ παρακαλῶσιν ὁ μὲν
                  πλέων συναποδημεῖν, ὁ δὲ κρινόμενος συνδικεῖν, ὁ δὲ κρίνων συνδικάζειν,
                  ὁ δὲ πιπράσκων ἢ ἀγοράζων
<milestone unit="tlnum" n="5"/> συνδιοικεῖν, ὁ
                  δὲ γαμῶν συνθύειν, ὁ δὲ θάπτων συμπενθεῖν, <quote rend="blockquote">
<l> πόλις δʼ ὁμοῦ μὲν θυμιαμάτων γέμῃ, </l>
<note resp="ed" place="unspecified" anchored="yes">Soph. OR 4</note>
<l> ὁμοῦ δὲ παιάνων τε καὶ στεναγμάτων</l>
</quote>
<milestone unit="stephpage" id="stephpage-95d" n="95d"/> ἡ πολυφιλία, πᾶσι μὲν
                  ἀμήχανον παρεῖναι, μηδενὶ
<milestone unit="tlnum" n="10"/> δʼ ἄτοπον, ἑνὶ
                  δʼ ὑπουργοῦντα προσκρούειν πολλοῖς ἀνιαρὸν <quote rend="blockquote">
<l>οὐδεὶς γὰρ ἀγαπῶν αὐτὸς ἀμελεῖθʼ ἡδέως</l>
<note resp="ed" place="unspecified" anchored="yes">Meinek. IV p. 282</note>
</quote> Καίτοι τὰς ἀμελείας καὶ ῥᾳθυμίας τῶν φίλων πραότερον
                  φέρουσι, καὶ τὰς τοιαύτας ἀπολογίας ἀμηνίτως
<milestone unit="tlnum" n="15"/> δέχονται παρʼ αὐτῶν “ἐξελαθόμην <q direct="unspecified"/> ἠγνόησα” ὁ δὲ
                  λέγων “οὐ παρέστην σοι δίκην ἔχοντι, παριστάμην γὰρ ἑτέρῳ φίλῳ,” καὶ “πυρέττοντά ς1ʼ οὐκ εἶδον, τῷ δεῖνι γὰρ φίλους ἑστιῶντι
                     συνησχολούμην” αἰτίαν τῆς ἀμελείας τὴν ἑτέρων ἐπιμέλειαν
                  ποιούμενος
<milestone unit="tlnum" n="20"/>
<milestone unit="stephpage" id="stephpage-95e" n="95e"/> οὐ λύει τὴν μέμψιν,
                  ἀλλὰ προσεπιβάλλει ζηλοτυπίαν. ἀλλʼ οἱ πολλοὶ τὰς πολυφιλίας ἃ
                  δύνανται παρέχειν μόνον ὡς,·ʼ ἔοικε σκοποῦσιν, ἃ δʼ ἀνταπαιτοῦσι
                  παρορῶσι, καὶ οὐ μνημονεύουσιν ὅτι δεῖ τὸν πολλοῖς εἰς ἃ δεῖται
                  χρώμενον πολλοῖς δεομένοις
<milestone unit="tlnum" n="25"/> ἀνθυπουργεῖν.
                  ὥσπερ οὖν ὁ Βριάρεως ἑκατὸν χερσὶν εἰς πεντήκοντα φορῶν γαστέρας
                  οὐδὲν ἡμῶν πλέον εἶχε τῶν ἀπὸ δυεῖν χεροῖν μίαν κοιλίαν διοικούντων
                  <pb id="v.1.p.232"/> , οὕτως ἐν τοῖς φίλοις χρήσιμον <note resp="ed" place="unspecified" anchored="yes">
<foreign lang="greek">ἐν τοῖς φίλοις χρήσιμον</foreign>] <foreign lang="greek">ἐν τῷ πολλοῖς φίλοις χρῆσθαι</foreign>
</note> καὶ τὸ
                  λειτουργεῖν πολλοῖς ἔνεστι <note resp="ed" place="unspecified" anchored="yes">
<foreign lang="greek">ἔνεστι</foreign>] scr. vid. e)sti</note> καὶ τὸ συναγωνιᾶν <note resp="ed" place="unspecified" anchored="yes">
<foreign lang="greek">τὸ συγκάμνειν</foreign> H</note> καὶ τὸ συνασχολεῖσθαι καὶ
                  συγκάμνειν. οὐ γὰρ Εὐριπίδῃ πειστέον λέγοντι
<milestone unit="tlnum" n="5"/>
<quote rend="blockquote">
<l> χρῆν γὰρ μετρίας <note resp="ed" place="unspecified" anchored="yes">
<foreign lang="greek">πετριας - φιλίας</foreign> H ex Hippol. 253: <foreign lang="greek">μετρίαν - φιλίαν</foreign>
</note> εἰς ἀλλήλους </l>
<l>φιλίας θνητοὺς ἀνακίρνασθαι
<milestone unit="stephpage" id="stephpage-95f" n="95f"/>
</l>
<l> καὶ μὴ πρὸς ἄκρον μυελὸν ψυχῆς, </l>
<l>εὔλυτα δʼ εἶναι στέργηθρα <note resp="ed" place="unspecified" anchored="yes">
<foreign lang="greek">στέργηθρα</foreign> id. ex eodem: <foreign lang="greek">θέλγητρα</foreign>
</note> φρενῶν, </l>
<l>ἀπὸ τʼ ὤσασθαι καὶ ξυντεῖναι,</l>
</quote>
<milestone unit="tlnum" n="10"/> καθάπερ πόδα νεὼς ἐνδιδόντι καὶ προσάγοντι
                  ταῖς χρείαις τὴν φιλίαν. ἀλλὰ τοῦτο μέν, ὦ Εὐριπίδη, μεταθῶμεν ἐπὶ
                  τὰς ἔχθρας, καὶ κελεύωμεν “μετρίασ” ποιεῖσθαι τὰς διαφορὰς καὶ “μὴ πρὸς ἄκρον μυελὸν ψυχῆς, εὔλυτα δʼ εἶναι” μίση καὶ ὀργὰς
                  καὶ μεμψιμοιρίας
<milestone unit="tlnum" n="15"/>
<milestone unit="stephpage" id="stephpage-96a" n="96a"/> καὶ ὑπονοίας· ἐκεῖνο
                  δὲ μᾶλλον ἡμῖν παραίνει τὸ Πυθαγορικὸν “μὴ πολλοῖς ἐμβάλλειν
                     δεξιὰν” τουτέστι μὴ πολλοὺς ποιεῖσθαι φίλους μηδὲ πολύκοινον μηδὲ
                  πάνδημον ἀσπάζεσθαι φιλίαν καὶ πρὸς ἐναντίην ἡ μετὰ <note resp="ed" place="unspecified" anchored="yes">
<foreign lang="greek">ἑαυτὴν μετὰ</foreign>?</note> πολλῶν παθῶν
                  εἰσιοῦσαν, ὧν τὸ
<milestone unit="tlnum" n="20"/> μὲν συναγωνιᾶν καὶ
                  συνάχθεσθαι καὶ συμπονεῖν καὶ συγκινδυνεύειν πάνυ δύσοιστον τοῖς
                  ἐλευθέροις καὶ γενναίοις ἐστί· τὸ δὲ τοῦ σοφοῦ Χίλωνος ἀληθές, ὃς
                  πρὸς τὸν εἰπόντα μηδένα ἔχειν ἐχθρὸν “ἔοικασ” ἔφη “σὺ μηδὲ
                     φίλον ἔχειν.” αἱ γὰρ ἔχθραι ταῖς
<milestone unit="tlnum" n="25"/>
                  φιλίαις εὐθὺς ἐπακολουθοῦσι καὶ συμπλέκονται, ἐπείπερ </p>
</div2>
<div2 type="section" n="7">
<p>
<milestone unit="stephpage" id="stephpage-96b" n="96b"/> οὐκ ἔστι φίλον μὴ
                  συναδικεῖσθαι μηδὲ συναδοξεῖν <pb id="v.1.p.233"/> μηδὲ συναπεχθάνεσθαι· οἱ
                  γὰρ ἐχθροὶ τὸν φίλον εὐθὺς ὑφορῶνταί τε καὶ μισοῦσιν, οἱ δὲ φίλοι
                  πολλάκις φθονοῦσί τε καὶ ζηλοτυποῦσι καὶ περισπῶσιν. ὥσπερ οὖν ὁ τῷ
                  Τιμησίᾳ περὶ τῆς ἀποικίας
<milestone unit="tlnum" n="5"/> δοθεὶς χρησμὸς
                  προηγόρευσε <quote rend="blockquote">
<l>σμῆνα <note resp="ed" place="unspecified" anchored="yes">
<foreign lang="greek">σμῆνι - ἕπονται</foreign> R</note> μελισσάων τάχα τοι καὶ σφῆκες; ἔσονται</l>
</quote>, οὕτως οἱ φίλων ζητοῦντες ἑσμὸν ἔλαθον ἐχθρῶν σφηκιαῖς <note resp="ed" place="unspecified" anchored="yes">
<foreign lang="greek">σφηκιαῖς</foreign> scripsi: <foreign lang="greek">σφηκίαις</foreign>
</note>
                  περιπεσόντες. καὶ οὐκ ἴσον ἄγει σταθμὸν ἐχθροῦ μνησικακία καὶ φίλου
                  χάρις. ὅρα δὲ τοὺς
<milestone unit="tlnum" n="10"/>
<milestone unit="stephpage" id="stephpage-96c" n="96c"/>Φιλώτου καὶ
                  Παρμενίωνος φίλους καὶ οἰκείους ἃ διέθηκεν Ἀλέξανδρος, ἃ τοὺς
                  Δίωνος Διονύσιος τοὺς Πλαύτου Νέρων καὶ τοὺς Σηιανοῦ Τιβέριος
                  στρεβλοῦντες καὶ ἀποκτιννύοντες. ὡς γὰρ τὸν Κρέοντα τῆς θυγατρὸς
                  οὐδὲν ὁ χρυσὸς οὐδʼ ὁ πέπλος ὠφέλει,
<milestone unit="tlnum" n="15"/> τὸ
                  δὲ πῦρ ἀναφθὲν αἰφνιδίως προσδραμόντα καὶ περιπτύξαντα κατέκαυσε καὶ
                  συναπώλεσεν, οὕτως ἔνιοι τῶν φίλων οὐδὲν ἀπολαύσαντες εὐτυχούντων
                  συναπόλλυνται δυστυχοῦσι. καὶ τοῦτο μάλιστα πάσχουσιν οἱ φιλόσοφοι καὶ
                  χαρίεντες, ὡς Θησεὺς τῷ
<milestone unit="tlnum" n="20"/>Πειρίθῳ
                  κολαζομένῳ καὶ δεδεμένῳ <quote rend="blockquote">
<l>αἰδοῦς <note resp="ed" place="unspecified" anchored="yes">
<foreign lang="greek">αἰδοῦς</foreign> H: <foreign lang="greek">πέδαις</foreign>
</note> ἀχαλκεύτοις συνέζευκται <note resp="ed" place="unspecified" anchored="yes">
<foreign lang="greek">ἀχαλκεύτοις συνέζευκται</foreign> Stephanus: <foreign lang="greek">ἀχαλκεύτοισιν ἔζευκται</foreign>
</note> πέδαις <note resp="ed" place="unspecified" anchored="yes">
<foreign lang="greek">πέδαις</foreign> H: <foreign lang="greek">πόδας</foreign>
</note>
</l>
</quote>,
<milestone unit="stephpage" id="stephpage-96d" n="96d"/> ἐν δὲ τῷ
                  λοιμῷ φησιν ὁ Θουκυδίδης <note resp="ed" place="unspecified" anchored="yes">
<foreign lang="greek">Θουκυδίδης</foreign>] II 51</note> τοὺς ἀρετῆς μάλιστα μεταποιουμένους
                  συναπόλλυσθαι τοῖς φίλοις νοσοῦσιν ἠφείδουν γὰρ σφῶν αὐτῶν ἰόντες
                  παρὰ
<milestone unit="tlnum" n="25"/> τοὺς ἐπιτηδείους. </p>
</div2>
<div2 type="section" n="8">
<p>ὅθεν οὕτω <note resp="ed" place="unspecified" anchored="yes">
<foreign lang="greek">ὅθεν οὕτως</foreign>] <foreign lang="greek">ὅθεν</foreign> H</note> τῆς ἀρετῆς ἀφειδεῖν οὐ προσῆκον <pb id="v.1.p.234"/> ἄλλοτʼ
                  ἄλλοις συνδέοντας αὐτὴν καὶ συμπλέκοντας, ἀλλὰ τοῖς ἀξίοις τὴν
                  αὐτῆς κοινωνίαν φυλάττειν, τουτέστι τοῖς ὁμοίως φιλεῖν καὶ κοινωνεῖν
                  δυναμένοις. καὶ γὰρ δὴ τοῦτο πάντων μέγιστόν ἐστιν ἐναντίωμα
<milestone unit="tlnum" n="5"/> πρὸς τὴν πολυφιλίαν, ὅτι τῇ φιλίᾳ γένεσις διʼ
                  ὁμοιότητός ἐστιν. ὅπου γὰρ καὶ τὰ ἄψυχα <note resp="ed" place="unspecified" anchored="yes">
<foreign lang="greek">ἄψυχα</foreign>] <foreign lang="greek">ἄλογα</foreign> W</note> τὰς μίξεις πρὸς τὰ
                  ἀνόμοια ποιεῖται μετὰ βίας ἀναγκαζόμενα
<milestone unit="stephpage" id="stephpage-96e" n="96e"/> καὶ ὀκλάζει καὶ ἀγανακτεῖ φεύγοντα ἀπʼ
                  ἀλλήλων, τοῖς δὲ συγγενέσι καὶ οἰκείοις ὁμοπαθεῖ <note resp="ed" place="unspecified" anchored="yes">
<foreign lang="greek">ὁμοιοπαθεῖ</foreign> W</note> κεραννύμενα
<milestone unit="tlnum" n="10"/> καὶ προσίεται τὴν κοινωνίαν λείως καὶ μετʼ
                  εὐμενείας, πῶς οἷόν τε φιλίαν ἤθεσι διαφόροις, ἐγγενέσθαι καὶ
                  πάθεσιν ἀνομοίοις καὶ βίοις ἑτέρας προαιρέσεις ἔχουσιν; ἡ μὲν γὰρ
                  περὶ ψαλμοὺς καὶ φόρμιγγας ἁρμονία διʼ ἀντιφώνων ἔχει τὸ σύμφωνον,
<milestone unit="tlnum" n="15"/> ὀξύτησι καὶ βαρύτησιν ἁμωσγέπως
                  ὁμοιότητος ἐγγιγνομένης· τῆς δὲ φιλικῆς συμφωνίας ταύτης καὶ ἁρμονίας
                  οὐδὲν ἀνόμοιον οὐδʼ ἀνώμαλον οὐδʼ ἄνισον εἶναι δεῖ μέρος, ἀλλʼ ἐξ
                  ἁπάντων ὁμοίως ἐχόντων
<milestone unit="stephpage" id="stephpage-96f" n="96f"/> ὁμολογεῖν καὶ ὁμοβουλεῖν καὶ ὁμοδοξεῖν καὶ
<milestone unit="tlnum" n="20"/> συνομοπαθεῖν, <note resp="ed" place="unspecified" anchored="yes">
<foreign lang="greek">συνομοιοπαθεῖν</foreign> W</note> ὥσπερ μιᾶς ψυχῆς ἐν πλείοσι
                  διῃρημένης σώμασι. </p>
</div2>
<div2 type="section" n="9">
<p>τίς οὖν ἐστιν οὕτως ἐπίπονος καὶ μετάβολος καὶ παντοδαπὸς ἄνθρωπος,
                  ὥστε πολλοῖς ἑαυτὸν ἐξομοιοῦν καὶ προσαρμόττειν καὶ μὴ καταγελᾶν τοῦ
<milestone unit="tlnum" n="25"/>Θεόγνιδος παραινοῦντος <quote rend="blockquote">
<l>πουλύποδος νόον ἴσχε πολυχρόου, ὃς ποτὶ πέτρῃ, </l>
<note resp="ed" place="unspecified" anchored="yes">Bergk. 2 p. 140</note>
<l>τῇ περ ὁμιλήσῃ, τοῖος ἰδεῖν ἐφάνη;</l>
</quote>
<pb id="v.1.p.235"/> καίτοι τοῦ πολύποδος αἱ μεταβολαὶ βάθος οὐκ ἔχουσιν,
                  ἀλλὰ περὶ αὐτὴν γίγνονται τὴν ἐπιφάνειαν, στυφότητι καὶ μανότητι τὰς
                  ἀπορροὰς <note resp="ed" place="unspecified" anchored="yes">
<foreign lang="greek">ἀπορροὰς</foreign> H: <foreign lang="greek">ἀπορροίας</foreign>
</note> τῶν πλησιαζόντων
<milestone unit="stephpage" id="stephpage-97a" n="97a"/> ἀναλαμβάνουσαν· αἱ δὲ φιλίαι τὰ ἤθη ζητοῦσι
<milestone unit="tlnum" n="5"/> συνεξομοιοῦν καὶ τὰ πάθη καὶ τοὺς λόγους καὶ τὰ
                  ἐπιτηδεύματα καὶ τὰς διαθέσεις. Πρωτέως τινὸς οὐκ εὐτυχοῦς οὐδὲ πάνυ
                  χρηστοῦ τὸ ἔργον, ἀλλʼ ὑπὸ γοητείας ἑαυτὸν εἰς ἕτερον εἶδος ἐξ
                  ἑτέρου μεταλλάττοντος ἐν ταὐτῷ πολλάκις, φιλολόγοις συναναγιγνώσκοντος
<milestone unit="tlnum" n="10"/> καὶ παλαισταῖς συγκονιομένου καὶ
                  φιλοθήροις συγκυνηγετοῦντος καὶ φιλοπόταις συμμεθυσκομένου καὶ πολιτικοῖς
                  συναρχαιρεσιάζοντος, ἰδίαν ἤθους ἑστίαν οὐκ ἔχοντος,·. ὡς δὲ τὴν
                  ἀσχημάτιστον
<milestone unit="stephpage" id="stephpage-97b" n="97b"/> οἱ
                  φυσικοὶ καὶ ἀχρώματον οὐσίαν καὶ ὕλην
<milestone unit="tlnum" n="15"/>
                  λέγουσιν <note resp="ed" place="unspecified" anchored="yes">
<foreign lang="greek">λέγουσιν</foreign>] add. <foreign lang="greek">πᾶσι τοῖς οὖσιν</foreign> Sauppius</note> ὑποκειμένην καὶ τρεπομένην ὑφʼ αὑτῆς <note resp="ed" place="unspecified" anchored="yes">
<foreign lang="greek">ὑφʼ αὐτῆς</foreign>] <foreign lang="greek">ἐπʼ αὐτῶν</foreign> id.</note> νῦν μὲν φλέγεσθαι νῦν δʼ
                  ἐξυγραίνεσθαι, τοτὲ δʼ ἐξαεροῦσθαι πήγνυσθαι δʼ αὖθις, οὕτως ἄρα τῇ
                  πολυφιλίᾳ ψυχὴν ὑποκεῖσθαι δεήσει πολυπαθῆ καὶ πολύτροπον καὶ ὑγρὰν
                  καὶ ῥᾳδίαν μεταβάλλειν. ἀλλʼ
<milestone unit="tlnum" n="20"/> ἡ φιλία
                  στάσιμόν τι ζητεῖ καὶ βέβαιον ἦθος καὶ ἀμετάπτωτον ἐν μιᾷ χώρᾳ καὶ
                  συνηθείᾳ· διὸ καὶ σπάνιον καὶ δυσεύρετόν ἐστι φίλος βέβαιος.</p>
</div2>
</div1>
</body>
</text>
</TEI.2>
