<?xml version="1.0" encoding="UTF-8"?>
<?xml-model href="http://www.stoa.org/epidoc/schema/8.19/tei-epidoc.rng"
schematypens="http://relaxng.org/ns/structure/1.0"?>
<?xml-model href="http://www.stoa.org/epidoc/schema/8.19/tei-epidoc.rng"
schematypens="http://purl.oclc.org/dsdl/schematron"?>
<TEI xmlns="http://www.tei-c.org/ns/1.0">
    <teiHeader>
        <fileDesc>
            <titleStmt>
                <title>New Testament - Jude</title>
                <title type="sub">Machine readable text</title>
                <editor role="editor">Brooke Foss Westcott</editor>
                <editor role="editor">Fenton John Anthony Hort</editor>
                <sponsor>Perseus Project, Tufts University</sponsor>
                <principal>Gregory Crane</principal>
                <respStmt>
                    <resp>Prepared under the supervision of</resp>
                    <name>Lisa Cerrato</name>
                    <name>William Merrill</name>
                    <name>Elli Mylonas</name>
                    <name>David Smith</name>
                </respStmt>
                <funder n="org:Tufts">Tufts University</funder>
            </titleStmt>
            
            <publicationStmt>
                <publisher>Trustees of Tufts University</publisher>
                <pubPlace>Medford, MA</pubPlace>
                <authority>Perseus Project</authority>
            </publicationStmt>
            <sourceDesc>
                <biblStruct>
                    <monogr>
                        <title>The New Testament in the original Greek</title>
                        <idno type="LC">26007333</idno>
                        <respStmt>
                            <resp>The text revised by</resp>
                            <name>Brooke Foss Westcott, D.D.</name>
                            <name>Fenton John Anthony Hort, D.D.</name>
                        </respStmt>
                        <imprint>
                            <pubPlace>New York</pubPlace>
                            <publisher>Harper amp Brothers, Franklin Square</publisher>
                            <date>1882</date>
                        </imprint>
                    </monogr>
                    
                </biblStruct>
            </sourceDesc>
        </fileDesc>
        
        <encodingDesc>
            <!--<tagsDecl>
                <rendition id="large"> </rendition>
                <rendition id="blockquote"> </rendition>
                <rendition id="header"> </rendition>
                <tagUsage render="header" gi="head"> </tagUsage>
                <tagUsage render="blockquote" gi="q"> Marks poetical language. within the running text. </tagUsage>
                <tagUsage render="large" gi="quote"> Marks material quoted from other biblical texts. </tagUsage>
            </tagsDecl>-->
            
            <refsDecl n="CTS">
                <cRefPattern n="verse" matchPattern="(\w+).(\w+)"
                    replacementPattern="#xpath(/tei:TEI/tei:text/tei:body/tei:div/tei:div[@n='$1']/tei:div[@n='$2'])">
                    <p>This pointer pattern extracts chapter and verse</p>
                </cRefPattern>
                <cRefPattern n="chapter" matchPattern="(\w+)"
                    replacementPattern="#xpath(/tei:TEI/tei:text/tei:body/tei:div/tei:div[@n='$1'])">
                    <p>This pointer pattern extracts chapter</p>
                </cRefPattern>
            </refsDecl>
            
            <refsDecl>
                <!--<state delim=" " unit="book"/>-->
                <refState delim=":" unit="chapter"/>
                <refState unit="verse"/>
            </refsDecl>
        </encodingDesc>

        <profileDesc>
            <langUsage>
                <language ident="grc">Greek</language>
                <language ident="eng">English</language>
            </langUsage>
        </profileDesc>
        
        <revisionDesc>
            <change when="2016-10-19" who="Lisa Cerrato">EpiDoc and CTS conversion</change>
            <change when="2014-08-01" who="Stella Dee">edited markup</change>
            <change who="Lisa Cerrato" when="2013-03-04">added mh in Matthew 5 34</change>
            <change who="Lisa Cerrato" when="2013-01-22">oeou to qeou in Romans 2.2</change>
            <change who="Lisa Cerrato" when="2012-02-22">fixed typo</change>
            <change who="Lisa Cerrato" when="2011-11-07">changed teta/paktai to teta/raktai on John
                12.27 per report </change>
            <change who="rsingh04" when="2009-10-08">began reorganizing texts module by collection.
                created separate work directory in texts module to keep hopper files separate from
                in progress files</change>
            <change who="Lisa Cerrato" when="2009-09-08">fixed typo</change>
            <change who="student" when="2009-06-17"/>
            <change who="rsingh04" when="2009-05-27">added/fixed cvs log keyword</change>
            <change who="RS" when="2009-05-27"/>
        </revisionDesc>
    </teiHeader>
    
    <text xml:lang="grc">
        <body>
            <div type="edition" xml:lang="grc" n="urn:cts:greekLit:tlg0031.tlg026.perseus-grc2">
                <pb n="346"></pb>
                <head>ΙΟΥΔΑ</head>
                
                    <div type="textpart" subtype="chapter" n="1">
                   

<div type="textpart" subtype="verse" n="1"><p>
                    <milestone unit="para"/>
                    ΙΟΥΔΑΣ Ἰησοῦ Χριστοῦ δοῦλος, ἀδελφὸς δὲ  

 Ἰακώβου, τοῖς ἐν θεῷ πατρὶ ἠγαπημένοις καὶ Ἰησοῦ Χριστῷ τετηρημένοις κλητοῖς·
                    </p></div>

<div type="textpart" subtype="verse" n="2"><p>
                    ἔλεος ὑμῖν καὶ εἰρήνη καὶ ἀγάπη

πληθυνθείη.
                    </p></div>

<div type="textpart" subtype="verse" n="3"><p>
                    <milestone unit="para"/>
                    Ἀγαπητοί, πᾶσαν σπουδὴν ποιούμενος γράφειν ὑμῖν

περὶ τῆς κοινῆς ἡμῶν σωτηρίας ἀνάγκην ἔσχον γράψαι

ὑμῖν παρακαλῶν ἐπαγωνίζεσθαι τῇ ἅπαξ παραδοθείσῃ

τοῖς ἁγίοις πίστει.
                    </p></div>

<div type="textpart" subtype="verse" n="4"><p>
                    παρεισεδύησαν γάρ τινες ἄνθρωποι, οἱ

πάλαι προγεγραμμένοι εἰς τοῦτο τὸ κρίμα, ἀσεβεῖς, τὴν

τοῦ θεοῦ ἡμῶν χάριτα μετατιθέντες εἰς ἀσέλγειαν καὶ τὸν

μόνον δεσπότην καὶ κύριον ἡμῶν Ἰησοῦν Χριστὸν ἀρνούμενοι.
                    </p></div>

<div type="textpart" subtype="verse" n="5"><p>
                    Ὑπομνῆσαι δὲ ὑμᾶς βούλομαι, εἰδότας



 ἅπαξ πάντα, ὅτι Κύριος λαὸν ἐκ γῆς Αἰγύπτου σώσας

τὸ δεύτερον τοὺς μὴ πιστεύσαντας ἀπώλεσεν,
                    </p></div>

<div type="textpart" subtype="verse" n="6"><p>
                    ἀγγέλους

τε τοὺς μὴ τηρήσαντας τὴν ἑαυτῶν ἀρχὴν ἀλλὰ ἀπολιπόντας 

τὸ ἴδιον οἰκητήριον εἰς κρίσιν μεγάλης ἡμέρας



 δεσμοῖς ἀϊδίοις ὑπὸ ζόφον τετήρηκεν·
                    </p></div>

<div type="textpart" subtype="verse" n="7"><p>
                    ὡς Σόδομα καὶ

Γόμορρα καὶ αἱ περὶ αὐτὰς πόλεις, τὸν ὅμοιον τρόπον

τούτοις ἐκπορνεύσασαι καὶ ἀπελθοῦσαι ὀπίσω σαρκὸς

ἑτέρας, πρόκεινται δεῖγμα πυρὸς αἰωνίου δίκην ὑπέχουσαι.
                    </p></div>

<div type="textpart" subtype="verse" n="8"><p>
                    Ὁμοίως μέντοι καὶ οὗτοι ἐνυπνιαζόμενοι

σάρκα μὲν μιαίνουσιν, κυριότητα δὲ ἀθετοῦσιν, δόξας δὲ

βλασφημοῦσιν.
                    </p></div>

<div type="textpart" subtype="verse" n="9"><p>
                    Ὁ δὲ
                    <quote>Μιχαὴλ ὁ ἀρχάγγελος,</quote>
                    ὅτε τῷ

διαβόλῳ διακρινόμενος διελέγετο περὶ τοῦ Μωυσέως σώματος, 

οὐκ ἐτόλμησεν κρίσιν ἐπενεγκεῖν βλασφημίας,
                    <pb n="347"></pb>
                    ἀλλὰ εἶπεν
                    <quote>Ἐπιτιμήσαι σοι Κύριος.</quote>
                    </p></div>

<div type="textpart" subtype="verse" n="10"><p>
                    Οὗτοι δὲ ὅσα

μὲν οὐκ οἴδασιν βλασφημοῦσιν, ὅσα δὲ φυσικῶς ὡς

τὰ ἄλογα ζῷα ἐπίστανται, ἐν τούτοις φθείρονται.
                    </p></div>

<div type="textpart" subtype="verse" n="11"><p>
                    οὐαὶ

αὐτοῖς, ὅτι τῇ ὁδῷ τοῦ Καὶν ἐπορεύθησαν, καὶ τῇ πλάνῃ

τοῦ Βαλαὰμ μισθοῦ ἐξεχύθησαν, καὶ τῇ ἀντιλογίᾳ τοῦ

Κορὲ ἀπώλοντο.
                    </p></div>

<div type="textpart" subtype="verse" n="12"><p>
                    οὗτοί εἰσιν οἱ ἐν ταῖς ἀγάπαις ὑμῶν σπιλάδες 

συνευωχούμενοι, ἀφόβως
                    <quote>ἑαυτοὺς ποιμαίνοντες,</quote>
                    νεφέλαι ἄνυδροι ὑπὸ ἀνέμων παραφερόμεναι, δένδρα

φθινοπωρινὰ ἄκαρπα δὶς ἀποθανόντα ἐκριζωθέντα,
                    </p></div>

<div type="textpart" subtype="verse" n="13"><p>
                    κύματα

ἄγρια θαλάσσης ἐπαφρίζοντα τὰς ἑαυτῶν αἰσχύνας, ἀστέρες 



πλανῆται οἷς ὁ ζόφος τοῦ σκότους εἰς αἰῶνα τετήρηται.
                    </p></div>

<div type="textpart" subtype="verse" n="14"><p>
                    Ἐπροφήτευσεν δὲ καὶ τούτοις ἕβδομος

ἀπὸ Ἀδὰμ Ἑνὼχ λέγων Ἰδοὺ
                    <quote>ἦλθεν Κύριος ἐν ἁγίαις μυριάσιν αὐτοῦ,</quote>
                    </p></div>

<div type="textpart" subtype="verse" n="15"><p>
                    ποιῆσαι κρίσιν κατὰ πάντων καὶ ἐλέγξαι

πάντας τοὺς ἀσεβεῖς περὶ πάντων τῶν ἔργων ἀσεβείας

αὐτῶν ὧν ἠσέβησαν καὶ περὶ πάντων τῶν σκληρῶν ὧν

ἐλάλησαν κατʼ αὐτοῦ ἁμαρτωλοὶ ἀσεβεῖς.
                    </p></div>

<div type="textpart" subtype="verse" n="16"><p>
                    Οὗτοί εἰσιν γογγυσταί, μεμψίμοιροι, κατὰ τὰς ἐπιθυμίας

αὐτῶν πορευόμενοι, καὶ τὸ στόμα αὐτῶν λαλεῖ ὑπέρογκα,

θαυμάζοντες πρόσωπα ὠφελίας χάριν.
                    </p></div>

<div type="textpart" subtype="verse" n="17"><p>
                    <milestone unit="para"/>
                    Ὑμεῖς δέ, ἀγαπητοί, μνήσθητε τῶν ῥημάτων τῶν προειρημένων 

 ὑπὸ τῶν ἀποστόλων τοῦ κυρίου ἡμῶν Ἰησοῦ Χριστοῦ·
                    </p></div>

<div type="textpart" subtype="verse" n="18"><p>
                    ὅτι ἔλεγον ὑμῖν Ἐπʼ ἐσχάτου χρόνου ἔσονται

ἐμπαῖκται κατὰ τὰς ἑαυτῶν ἐπιθυμίας πορευόμενοι τῶν

ἀσεβειῶν.
                    </p></div>

<div type="textpart" subtype="verse" n="19"><p>
                    Οὗτοί εἰσιν οἱ ἀποδιορίζοντες, ψυχικοί, πνεῦμα 

μὴ ἔχοντες.
                    </p></div>

<div type="textpart" subtype="verse" n="20"><p>
                    Ὑμεῖς δέ, ἀγαπητοί, ἐποικοδομοῦντες

ἑαυτοὺς τῇ ἁγιωτάτῃ ὑμῶν πίστει, ἐν πνεύματι ἁγίῳ

 προσευχόμενοι,
                    </p></div>

<div type="textpart" subtype="verse" n="21"><p>
                    ἑαυτοὺς ἐν ἀγάπῃ θεοῦ τηρήσατε προσδεχόμενοι

τὸ ἔλεος τοῦ κυρίου ἡμῶν Ἰησοῦ Χριστοῦ

εἰς ζωὴν αἰώνιον.
                    </p></div>

<div type="textpart" subtype="verse" n="22"><p>
                    Καὶ οὓς μὲν ἐλεᾶτε διακρινομένους 

 σώζετε
                    <quote>ἐκ πυρὸς ἁρπάζοντες,</quote>
                    </p></div>

<div type="textpart" subtype="verse" n="23"><p>
                    οὓς δὲ ἐλεᾶτε ἐν φόβῳ, 

 μισοῦντες καὶ τὸν ἀπὸ τῆς σαρκὸς
                    <quote>ἐσπιλωμένον χιτῶνα.</quote>
                    <pb n="348"></pb>
                    </p></div>

<div type="textpart" subtype="verse" n="24"><p>
                    <milestone unit="para"/>
                    Τῷ δὲ δυναμένῳ φυλάξαι ὑμᾶς ἀπταίστους καὶ

στῆσαι κατενώπιον τῆς δόξης αὐτοῦ ἀμώμους ἐν ἀγαλλιάσει
                    </p></div>

<div type="textpart" subtype="verse" n="25"><p>
                    μόνῳ θεῷ σωτῆρι ἡμῶν διὰ Ἰησοῦ Χριστοῦ

τοῦ κυρίου ἡμῶν δόξα μεγαλωσύνη κράτος καὶ ἐξουσία

πρὸ παντὸς τοῦ αἰῶνος καὶ νῦν καὶ εἰς πάντας τοὺς

αἰῶνας· ἀμήν.
                    <pb n="349"></pb></p></div></div>
                
            </div>
        </body>
    </text>
</TEI>
