<?xml version="1.0" encoding="UTF-8"?>
<?xml-model href="http://www.stoa.org/epidoc/schema/8.19/tei-epidoc.rng"
    schematypens="http://relaxng.org/ns/structure/1.0"?>
<?xml-model href="http://www.stoa.org/epidoc/schema/8.19/tei-epidoc.rng"
    schematypens="http://purl.oclc.org/dsdl/schematron"?>
<TEI xmlns="http://www.tei-c.org/ns/1.0">
    <teiHeader>
        <fileDesc>
            <titleStmt>                
                <title>Cupido cruciatur</title>
                <author>Ausonius, Decimus Magnus</author>
                <editor>Hugh G. Evelyn-White</editor>
                <sponsor>Perseus Project, Tufts University</sponsor>
                <principal>Gregory Crane</principal>
                <respStmt>
                    <resp>Prepared under the supervision of</resp>
                    <name>Bridget Almas</name>
                    <name>Lisa Cerrato</name>
                    <name>Rashmi Singhal</name>
                </respStmt>
                <funder n="org:Mellon">The Mellon Foundation</funder>
            </titleStmt>
            <publicationStmt>
                <publisher>Trustees of Tufts University</publisher>
                <pubPlace>Medford, MA</pubPlace>
                <authority>Perseus Project</authority>
                <date type="release">2011-07-09</date>
            </publicationStmt>
            <sourceDesc>
                <biblStruct>
                    <monogr>
                        <title>Ausonius. Works.</title>
                        <title>Ausonius, Vol 1</title>
                        <author>Ausonius, Decimus Magnus</author>
                        <editor role="editor">Hugh G. Evelyn-White</editor>
                        <imprint>
                            <publisher>William Heinemann Ltd.; Harvard University Press</publisher>
                            <pubPlace>London; Cambridge, Massachusetts</pubPlace>
                            <date>1919</date>
                        </imprint>
                    </monogr>
                    <ref target="https://archive.org/stream/deciausonius01ausouoft#page/208/mode/2up">Internet Archive</ref>
                </biblStruct>
            </sourceDesc>
        </fileDesc>
        
        <encodingDesc>
            <refsDecl n="CTS">
                <cRefPattern n="line"
                         matchPattern="(\w+)"
                         replacementPattern="#xpath(/tei:TEI/tei:text/tei:body/tei:div/tei:div/*[self::tei:p or self::tei:l][@n='$1'])">
                    <p>This pointer pattern extracts line</p>
                </cRefPattern>
            </refsDecl>
            <refsDecl n="TEI.2">
                <refState unit="card"/>
            </refsDecl>
        </encodingDesc>
        
        <profileDesc>
            <langUsage>
                <language ident="lat">Latin</language>
                <language ident="grc">Greek</language>
            </langUsage>
        </profileDesc>
      <revisionDesc>
         <change when="2015-12-07" who="Thibault Clérice">Epidoc and CTS. URN updated accordingly</change>
      </revisionDesc>
   </teiHeader>
    
    <text>
        <body>
            <div n="urn:cts:latinLit:stoa0045.stoa005.perseus-lat2"
              xml:lang="lat"
              type="edition">            
                <div type="textpart" n="praef" subtype="section">
                    <head>Ausonius Gregorio filio sal.</head>
                    <p n="pr">En umquam vidisti tabulam 1 pictam in pariete? vidisti utique et meministi. Treveris quippe in triclinio Zoili fucata est pictura haec: Cupidinem cruci adfigunt mulieres amatrices, non istae de nostro saeculo, quae sponte peccant, sed illae heroicae, quae sibi ignoscunt et plectunt deum. quarum partem in lugentibus campis Maro noster enumerat. hanc ego imaginem specie et argumento miratus sum. Deinde mirandi stuporem transtuli ad ineptiam poetandi. mihi praeter lemma nihil placet; sed commendo tibi errorem meum: naevos nostros et cicatrices amamus, nec soli nostro vitio peccasse contenti, adfectamus ut amentur. verum quid ego huic eclogae studiose patrocinor? certus sum, quodcumque meum scieris, amabis; quod magis spero, quam ut laudes, vale et dilige parentem.</p>
                </div>
                <pb n="v.1.p.208"/>
                <div type="textpart" n="1" subtype="section">
                    <head>Cupido Cruciatur</head>
                    <l n="1">AERIS in campis, memorat quos musa Maronis, 1</l>
                    <l n="2">myrteus amentes ubi lucus opacat amantes, 2</l>
                    <l n="3">orgia ducebant heroides et sua quaeque,</l>
                    <l n="4">ut quondam occiderant, leti argumenta gerebant,</l>
                    <l n="5">errantes silva in magna et sub luce maligna 3 </l>
                    <l n="6">inter harundineasque comas gravidumque papaver</l>
                    <l n="7">et tacitos sine labe lacus, sine murmure rivos:</l>
                    <l n="8">quorum per ripas nebuloso lumine marcent</l>
                    <l n="9">fleti, olim regum et puerorum nomina, flores 4</l>
                    <l n="10">mirator Narcissus et Oebalides Hyacinthus </l>
                    <l n="11">et Crocus auricomans et murice pictus Adonis</l>
                    <l n="12">et tragico scriptus gemitu Salaminius Aeas;</l>
                    <l n="13">omnia quae lacrimis et amoribus anxia maestis</l>
                    <l n="14">exercent memores obita iam morte dolores:</l>
                    <l n="15">rursus in amissum revocant heroidas aevum. </l>
                    <l n="16">fulmineos Semele decepta puerpera partus</l>
                    <l n="17">deflet et ambustas lacerans per inania cunas</l>
                    <l n="18">ventilat ignavum simulati fulguris ignem,</l>
                    <l n="19">irrita dona querens, sexu gavisa virili,</l>
                    <l n="20">maeret in antiquam Caenis revocata figuram. </l>
                    <l n="21">vulnera siccat adhuc Procris Cephalique eruditam</l>
                    <l n="22">diligit et percussa manum, fert fumida testae</l>
                    <l n="23">lumina Sestiaca praeceps de turre puella,</l>
                    <l n="24">et de nimboso saltum Leucate minatur</l>
                    <pb n="v.1.p.210"/>
                    <l n="25">
                        <add>mascula Lesbiacis Sappho peritura sagittis. 1</add> 
                    </l>
                    <l n="26">Harmoniae cultus Eriphyle maesta recusat,</l>
                    <l n="27">infelix nato nec fortunata marito,</l>
                    <l n="28">tota quoque aeriae Minoia fabula Cretae</l>
                    <l n="29">picturarum instar tenui sub imagine vibrat:</l>
                    <l n="30">Pasiphae nivei sequitur vestigia tauri, </l>
                    <l n="31">licia fert glomerata manu deserta Ariadne,</l>
                    <l n="32">respicit abiectas desperans Phaedra tabellas.</l>
                    <l n="33">haec laqueum gerit, haec vanae simulacra coronae:</l>
                    <l n="34">Daedaliae pudet hanc latebras subiisse iuvencae.</l>
                    <l n="35">praereptas queritur per inania gaudia noctes </l>
                    <l n="36">Laudamia duas, vivi functique mariti,</l>
                    <l n="37">parte truces alia strictis mucronibus omnes</l>
                    <l n="38">et Thisbe et Canace et Sidonis horret Elissa:</l>
                    <l n="39">coniugis haec, haec patris et haec gerit hospitis ensem,</l>
                    <l n="40">errat et ipsa, olim qualis per Latmia saxa </l>
                    <l n="41">Endymioneos solita adfectare sopores,</l>
                    <l n="42">cum face et astrigero diademate Luna bicornis.</l>
                    <l n="43">centum aliae veterum recolentes vulnera amorum</l>
                    <l n="44">dulcibus et maestis refovent tormenta querellis.</l>
                    <l n="45">Quas inter medias furvae caliginis umbram </l>
                    <l n="46">dispulit inconsultus Amor stridentibus alis.</l>
                    <l n="47">agnovere omnes puerum memorique recursu</l>
                    <l n="48">communem sensere reum, quamquam umida circum</l>
                    <l n="49">nubila et auratis fulgentia cingula bullis</l>
                    <pb n="v.1.p.212"/>
                    <l n="50">et pharetram et rutilae fuscarent lampados ignem. </l>
                    <l n="51">agnoscunt tamen et vanum vibrare vigorem</l>
                    <l n="52">occipiunt hostemque unum loca non sua nanctum,</l>
                    <l n="53">cum pigros ageret densa sub nocte volatus,</l>
                    <l n="54">facta nube premunt: trepidantem et cassa parantem</l>
                    <l n="55">suffugia in coetum mediae traxere catervae. </l>
                    <l n="56">eligitur maesto myrtus notissima luco,</l>
                    <l n="57">invidiosa deum poenis, cruciaverat illic</l>
                    <l n="58">spreta olim memorem Veneris Proserpina Adonin.</l>
                    <l n="59">huius in excelso suspensum stipite Amorem</l>
                    <l n="60">devinctum post terga manus substrictaque plantis </l>
                    <l n="61">vincula maerentem nullo moderamine poenae</l>
                    <l n="62">adficiunt. reus est sine crimine, iudice nullo</l>
                    <l n="63">accusatur Amor. se quisque absolvere gestit,</l>
                    <l n="64">transferat ut proprias aliena in crimina culpas.</l>
                    <l n="65">cunctae exprobrantes tolerati insignia leti </l>
                    <l n="66">expediunt: haec arma putant, haec ultio dulcis,</l>
                    <l n="67">ut, quo quaeque perit, studeat punire dolorem,</l>
                    <l n="68">haec laqueum tenet, haec speciem mucronis inanem</l>
                    <l n="69">ingerit, illa cavos amnes rupemque fragosam</l>
                    <l n="70">Insanique metum pelagi et sine fluctibus aequor. </l>
                    <l n="71">nonnullae flammas quatiunt trepidaeque minantur</l>
                    <l n="72">stridentes nullo igne faces, rescindit adultum</l>
                    <l n="73">Myrrha uterum lacrimis lucentibus inque paventem</l>
                    <l n="74">gemmea fletiferi iaculatur sucina trunci,</l>
                    <l n="75">quaedam ignoscentum specie ludibria tantum </l>
                    <l n="76">sola volunt, stilus ut tenuis sub acumine puncti</l>
                    <l n="77">eliciat tenerum, de quo rosa nata, cruorem</l>
                    <l n="78">aut pubi admoveant petulantia lumina lychni.</l>
                    <pb n="v.1.p.214"/>
                    <l n="79">ipsa etiam simili genetrix obnoxia culpae</l>
                    <l n="80">alma Venus tantos penetrat secura tumultus. </l>
                    <l n="81">nec circumvento properans suffragia nato</l>
                    <l n="82">terrorem ingeminat stimulisque accendit amaris</l>
                    <l n="83">ancipites furias natique in crimina confert</l>
                    <l n="84">dedecus ipsa suum, quod vincula caeca mariti</l>
                    <l n="85">deprenso Mavorte tulit, quod pube pudenda </l>
                    <l n="86">Hellespontiaci ridetur forma Priapi,</l>
                    <l n="87">quod crudelis Eryx, quod semivir Hermaphroditns.</l>
                    <l n="88">nec satis in verbis: roseo Venus aurea serto</l>
                    <l n="89">maerentem pulsat puerum et graviora paventem,</l>
                    <l n="90">olli purpureum mulcato corpore rorem </l>
                    <l n="91">sutilis expressit crebro rosa verbere, quae iam</l>
                    <l n="92">tincta prius traxit rutilum magis ignea fucum.</l>
                    <l n="93">inde truces cecidere minae vindictaque maior</l>
                    <l n="94">crimine visa suo, Venerem factura nocentem,</l>
                    <l n="95">ipsae intercedunt heroides et sua quaeque </l>
                    <l n="96">funera crudeli malunt adscribere fato.</l>
                    <l n="97">tum grates pia mater agit cessisse dolentes</l>
                    <l n="98">et condonatas puero dimittere culpas.</l>
                    <l n="99">Talia nocturnis olim simulacra figuris</l>
                    <l n="100">exercent trepidam casso terrore quietem. </l>
                    <l n="101">quae postquam multa perpessus nocte Cupido</l>
                    <l n="102">effugit, pulsa tandem caligine somni</l>
                    <l n="103">evolat ad superos portaque evadit eburna.</l>
                    <pb n="v.1.p.216"/>
                </div>
            </div>
        </body>
    </text>
</TEI>
