<?xml version="1.0" encoding="UTF-8"?>
<?xml-model href="http://www.stoa.org/epidoc/schema/8.19/tei-epidoc.rng"
    schematypens="http://relaxng.org/ns/structure/1.0"?>
<?xml-model href="http://www.stoa.org/epidoc/schema/8.19/tei-epidoc.rng"
    schematypens="http://purl.oclc.org/dsdl/schematron"?>
<TEI xmlns="http://www.tei-c.org/ns/1.0">
    <teiHeader>
        <fileDesc>
            <titleStmt>
                <title>Epicedion in Patrem</title>
                <author>Ausonius, Decimus Magnus</author>
                <editor>Hugh G. Evelyn-White</editor>
                <sponsor>Perseus Project, Tufts University</sponsor>
                <principal>Gregory Crane</principal>
                <respStmt>
                    <resp>Prepared under the supervision of</resp>
                    <name>Bridget Almas</name>
                    <name>Lisa Cerrato</name>
                    <name>Rashmi Singhal</name>
                </respStmt>
                <funder n="org:Mellon">The Mellon Foundation</funder>
            </titleStmt>
            <publicationStmt>
                <publisher>Trustees of Tufts University</publisher>
                <pubPlace>Medford, MA</pubPlace>
                <authority>Perseus Project</authority>
                <date type="release">2011-07-09</date>
            </publicationStmt>
            <sourceDesc>
                <biblStruct>
                    <monogr>
                        <title>Ausonius. Works.</title>
                        <title>Ausonius, Vol 1</title>
                        <author>Ausonius, Decimus Magnus</author>
                        <editor role="editor">Hugh G. Evelyn-White</editor>
                        <imprint>
                            <publisher>William Heinemann Ltd.; Harvard University Press</publisher>
                            <pubPlace>London; Cambridge, Massachusetts</pubPlace>
                            <date>1919</date>
                        </imprint>
                    </monogr>
                    <ref target="https://archive.org/stream/deciausonius01ausouoft#page/42/mode/2up">Internet Archive</ref>
                </biblStruct>
            </sourceDesc>
        </fileDesc>
        
        <encodingDesc>
            <refsDecl n="CTS">
                <cRefPattern n="line"
                         matchPattern="(\w+)"
                         replacementPattern="#xpath(/tei:TEI/tei:text/tei:body/tei:div/tei:div/*[self::tei:p or self::tei:l][@n='$1'])">
                    <p>This pointer pattern extracts line</p>
                </cRefPattern>
            </refsDecl>
            <refsDecl n="TEI.2">
                <refState unit="card"/>
            </refsDecl>
        </encodingDesc>
        
        <profileDesc>
            <langUsage>
                <language ident="lat">Latin</language>
                <language ident="grc">Greek</language>
            </langUsage>
        </profileDesc>
      <revisionDesc>
         <change when="2015-12-07" who="Thibault Clérice">Epidoc and CTS. URN updated accordingly</change>
      </revisionDesc>
   </teiHeader>
    
    <text>
        <body>
            <div n="urn:cts:latinLit:stoa0045.stoa009.perseus-lat2"
              xml:lang="lat"
              type="edition">
                <div type="textpart" n="4" subtype="poem">
                    <p n="pr">Post deum semper patrem colui secundamque reverentiam genitori meo debui, sequitur ergo hanc summi dei venerationem epicedion patris mei. titulus  
                        <pb n="v.1.p.42"/>
                        a Graecis auctoribus defunctorum honri dicatus, non ambitiosus, sed religiosus: quem commendo lectori meo, sive is filius est seu pater sive utrumque, neque, ut laudet, exigo; set, ut amet, postulo, neque vero nunc patrem meum laudo, quod ille non eget et ego functum oblectatione viventium onerare non debeo, neque dico nisi quod agnoscunt, qui parti aetatis eius interfuerunt. falsum me autem morte <add>eius</add> obita dicere et verum tacere eiusdem piaculi existimo, imagini ipsius hi versus subscripti sunt neque minus in opusculorum meorum seriem relati. alia omnia mea displicent mihi; hoc relegisse amo.</p>
                    <l n="1">Nomen ego Ausonius, non ultimus arte medendi</l>
                    <l n="2">et, mea si nosses tempora, primus eram.</l>
                    <l n="3">vicinas urbes colui patriaque domoque,</l>
                    <l n="4">Vasates patria, sed lare Burdigalam,</l>
                    <l n="5">curia me duplex et uterque senatus habebat </l>
                    <l n="6">muneris exsortem, nomine participem,</l>
                    <l n="7">non opulens nec egens, parcus sine sordibus egi:</l>
                    <l n="8">victum, habitum, mores semper eadem habui,</l>
                    <l n="9">sermone inpromptus Latio, verum Attica lingua</l>
                    <l n="10">suffecit culti vocibus eloquii. </l>
                    <l n="11">optuli opem cunctis poscentibus artis inemptae</l>
                    <l n="12">officiumque meum cum pietate fuit.</l>
                    <pb n="v.1.p.44"/>
                    <l n="13">iudicium de me studui praestare bonorum:</l>
                    <l n="14">ipse mihi numquam, iudice me, placui.</l>
                    <l n="15">officia in multos diverso debita cultu </l>
                    <l n="16">personis, meritis, tempore distribui,</l>
                    <l n="17">litibus abstinui: non auxi, non minui rem;</l>
                    <l n="18">indice me nullus, set neque teste, perit,</l>
                    <l n="19">invidi numquam; cupere atque ambire refugi;</l>
                    <l n="20">iurare aut falsum dicere par habui. </l>
                    <l n="21">factio me sibi non, non coniuratio iunxit:</l>
                    <l n="22">sincero colui foedere amicitias,</l>
                    <l n="23">felicem scivi non qui, quod vellet, haberet,</l>
                    <l n="24">set qui per fatum non data non cuperet.</l>
                    <l n="25">non occursator, non garrulus, obvia cernens,</l>
                    <l n="26">valvis et velo condita non adii.</l>
                    <l n="27">famam, quae posset vitam lacerare bonorum,</l>
                    <l n="28">non finxi et, veram si scierim, tacui,</l>
                    <l n="29">ira procul, spes vana procul, procul anxia cura</l>
                    <l n="30">inque bonis hominum gaudia falsa procul. </l>
                    <l n="31">vitati coetus eiuratique tumultus</l>
                    <l n="32">et semper fictae principum amicitiae,</l>
                    <l n="33">deliquisse nihil numquam laudem esse putavi</l>
                    <l n="34">atque bonos mores legibus antetuli.</l>
                    <l n="35">irasci promptus properavi condere motum <note n="marg ">35</note>
                    </l>
                    <l n="36">atque mihi poenas pro levitate dedi.</l>
                    <l n="37">coniugium per lustra novem sine crimine concors</l>
                    <l n="38">unum habui: gnatos quattuor edidimus.</l>
                    <l n="39">prima obiit lactans; at qui fuit ultimus aevi, .</l>
                    <l n="40">pubertate rudi non rudis interiit. </l>
                    <pb n="v.1.p.46"/>
                    <l n="41">maximus ad summum columen pervenit honorum,</l>
                    <l n="42">praefectus Gallis et Libyae et Latio,</l>
                    <l n="43">tranquillus, clemens, oculis, voce, ore serenus,</l>
                    <l n="44">in genitore suo mente animoque puer.</l>
                    <l n="45">huius ego et natum et generum pro consule vidi; </l>
                    <l n="46">consul ut ipse foret, spes mihi certa fuit.</l>
                    <l n="47">matronale decus possedit filia, cuius</l>
                    <l n="48">egregia et nuptae laus erat et viduae,</l>
                    <l n="49">quae nati generique et progeneri simul omnium</l>
                    <l n="50">multiplici inlustres vidit honore domos. </l>
                    <l n="51">ipse nec adfectans nec detrectator honorum</l>
                    <l n="52">praefectus magni nuncupor Illyrici,</l>
                    <l n="53">haec me fortunae larga indulgentia suasit</l>
                    <l n="54">numine adorato vitae obitum petere,</l>
                    <l n="55">ne fortunatae spatium inviolabile vitae </l>
                    <l n="56">fatali morsu stringeret ulla dies.</l>
                    <l n="57">optinui auditaeque preces: spem, vota, timorem</l>
                    <l n="58">sopitus placido fine relinquo aliis,</l>
                    <l n="59">inter maerentes, sed non ego maestus, amicos</l>
                    <l n="60">dispositis iacui funeris arbitriis. </l>
                    <l n="61">nonaginta annos baculo sine, corpore toto</l>
                    <l n="62">exegi, cunctis integer officiis,</l>
                    <l n="63">haec quicumque leges, non aspernabere fari:</l>
                    <l n="64">talis vita tibi, qualia vota mihi.</l>
                    <pb n="v.1.p.48"/>
                </div>
            </div>
        </body>
    </text>
</TEI>
