<?xml version="1.0" encoding="UTF-8"?>
<?xml-model href="http://www.stoa.org/epidoc/schema/8.19/tei-epidoc.rng"
    schematypens="http://relaxng.org/ns/structure/1.0"?>
<?xml-model href="http://www.stoa.org/epidoc/schema/8.19/tei-epidoc.rng"
    schematypens="http://purl.oclc.org/dsdl/schematron"?>
<TEI xmlns="http://www.tei-c.org/ns/1.0">
    <teiHeader>
        <fileDesc>
            <titleStmt>
                <title>Cento Nuptialis</title>
                <author>Ausonius, Decimus Magnus</author>
                <editor>Hugh G. Evelyn-White</editor>
                <sponsor>Perseus Project, Tufts University</sponsor>
                <principal>Gregory Crane</principal>
                <respStmt>
                    <resp>Prepared under the supervision of</resp>
                    <name>Bridget Almas</name>
                    <name>Lisa Cerrato</name>
                    <name>Rashmi Singhal</name>
                </respStmt>
                <funder n="org:Mellon">The Mellon Foundation</funder>
            </titleStmt>
            <publicationStmt>
                <publisher>Trustees of Tufts University</publisher>
                <pubPlace>Medford, MA</pubPlace>
                <authority>Perseus Project</authority>
                <date type="release">2011-07-09</date>
            </publicationStmt>
            <sourceDesc>
                <biblStruct>
                    <monogr>
                        <title>Ausonius. Works.</title>
                        <title>Ausonius, Vol 1</title>
                        <author>Ausonius, Decimus Magnus</author>
                        <editor role="editor">Hugh G. Evelyn-White</editor>
                        <imprint>
                            <publisher>William Heinemann Ltd.; Harvard University Press</publisher>
                            <pubPlace>London; Cambridge, Massachusetts</pubPlace>
                            <date>1919</date>
                        </imprint>
                    </monogr>
                    <ref target="https://archive.org/stream/deciausonius01ausouoft#page/370/mode/2up">Internet Archive</ref>
                </biblStruct>
            </sourceDesc>
        </fileDesc>

        <encodingDesc>
            <refsDecl n="CTS">
                <cRefPattern n="line"
                         matchPattern="(\w+)"
                         replacementPattern="#xpath(/tei:TEI/tei:text/tei:body/tei:div/tei:div/*[self::tei:div or self::tei:p or self::tei:l][@n='$1'])">
                    <p>This pointer pattern extracts line</p>
                </cRefPattern>
            </refsDecl>
            <refsDecl n="TEI.2">
                <refState unit="card"/>
            </refsDecl>
        </encodingDesc>

        <profileDesc>
            <langUsage>
                <language ident="lat">Latin</language>
                <language ident="grc">Greek</language>
            </langUsage>
        </profileDesc>
      <revisionDesc>
         <change when="2015-12-07" who="Thibault Clérice">Epidoc and CTS. URN updated accordingly</change>
      </revisionDesc>
   </teiHeader>

    <text>
        <body>
            <div n="urn:cts:latinLit:stoa0045.stoa003.perseus-lat2"
              xml:lang="lat"
              type="edition">
                <div type="textpart" n="praef" subtype="section">
                    <div type="textpart" subtype="praeface" n="pr">
                        <head type="opener">Ausonius Paulo S.</head>
                        <p>Perlege hoc etiam, si operae est, frivolum et nullius pretii opusculum,
                            quod nec labor excudit nec cura limavit, sine ingenii acumine et morae
                            maturitate.</p>
                        <p>Centonem vocant, qui primi hac concinnatione luserunt. solae memoriae
                            negotium sparsa colligere et integrare lacerata, quod ridere magis quam
                            laudare possis, pro quo, si per sigillaria in auctione veniret, neque
                            Afranius naucum daret, neque ciccum suum Plautus offerret, piget enim
                            Vergiliani carminis dignitatem tam ioculari dehonestasse materia, sed
                            quid facerem? iussum erat: quodque est potentissimum imperandi genus,
                            rogabat, qui iubere poterat, sanctus imperator Valentinianus, vir meo
                            iudicio eruditus, nuptias quondam eiusmodi ludo descripserat, aptis <pb n="v.1.p.372"/> equidem versibus et compositione festiva. experiri
                            deinde volens, quantum nostra contentione praecelleret, simile nos de
                            eodem concinnare praecepit, quam scrupulosum hoc mihi fuerit, intellege:
                            neque ante-ferri volebam neque posthaberi, cum aliorum quoque iudicio
                            detegenda esset adulatio inepta, si cederem, insolentia, si ut aemulus
                            eminerem. suscepi igitur similis recusanti feliciterque et obnoxius
                            gratiam tenui nec victor offendi.</p>
                        <p>Hoc, tum die uno et addita lucubratione propera-tum, modo inter
                            liturarios meos cum reperissem, tanta mihi candoris tui et amoris
                            fiducia est, ut severitati tuae nec ridenda subtraherem. accipe igitur
                            opusculum de inconexis continuum, de diversis unum, de seriis ludicrum,
                            de alieno nostrum: ne in sacris et fabulis aut Thyonianum mireris aut
                            Virbium, illum de Dionyso, hunc de Hippolyto reformatum.</p>
                        <p>Et si pateris, ut doceam docendus ipse, cento quid sit, absolvam. variis
                            de locis sensibusque diversis quaedam carminis structura solidatur, in
                            unum versum ut coeant aut caesi duo aut unus et sequens &lt;medius&gt;
                            cum medio, nam duos iunctim locare ineptum est, et tres una serie merae
                            nugae. diffinduntur autem per caesuras omnes, quas recipit <pb n="v.1.p.374"/> versus heroicus, convenire ut possit aut
                            penthemimeris cum reliquo anapaestico, aut trochaice cum posteriore
                            segmento, aut septem semipedes cum anapaestico chorico, aut
                            &lt;ponatur&gt; post dactylum atque semipedem quidquid restat hexametro:
                            simile ut dicas ludicro, quod Graeci ostomachion vocavere. ossicula ea
                            sunt: ad summam quattuordecim figuras geometricas habent, sunt enim
                            aequaliter triquetra vel extentis lineis vel <add>eiusdem</add> frontis,
                                <add>vel rectis</add>1 angulis vel obliquis: isoscele ipsi vel
                            isopleura vocant, orthogonia quoque et scalena. harum verticularum ariis
                            coagmentis simulantur species mille formarum: helephantus belua aut aper
                            bestia, anser volans et mirmillo in armis, subsidens venator et latrans
                            canis, quin et turris et cantharus et alia huiusmodi innumerabilium
                            figurarum, quae alius alio scientius variegant. sed peritorum
                            concinnatio miraculum est, imperitorum iunctura ridiculum, quo praedicto
                            scies, quod ego posteriorem imitatus sum. Hoc ergo centonis opusculum ut
                            ille ludus tractatur, pari modo sensus diversi ut congruant, adoptiva
                            quae sunt, ut cognata videantur, aliena ne interluceant: arcessita ne
                            vim redarguant, densa ne supra modum protuberent, hiulca ne pateant. <pb n="v.1.p.376"/> quae si omnia ita tibi videbuntur, ut praeceptum
                            est, dices me composuisse centonem, et quia sub imperatore meo tum
                            merui, procedere mihi inter frequentes stipendium iubebis: sin aliter,
                            aere dirutum 1 facies, ut cumulo carminis in fiscum suum redacto redeant
                            versus, unde venerunt, vale. </p>
                    </div>
                </div>

                <div type="textpart" n="1" subtype="section">
                    <head>PRAEFATIO</head>
                    <l n="1">ACCIPITE haec animis laetasque advertite mentes,<note n="2"/>
               </l>
                    <l n="2">ambo animis, ambo insignes praestantibus armis;<note n="3"/>
               </l>
                    <l n="3">ambo florentes,<note n="4"/> genus insuperabile bello.<note n="5"/>
               </l>
                    <l n="4">tuque prior,<note n="6"/> nam te maioribus ire per altum</l>
                    <l n="5">auspiciis manifesta fides,<note n="7"/> quo iustior alter </l>
                    <l n="6">nec pietate fuit, nec bello maior et armis; <note n="8"/>
               </l>
                    <l n="7">tuque puerque tuus,<note n="9"/> magnae spes altera Romae,<note n="10"/>
               </l>
                    <l n="8">flos veterum virtusque virum,<note n="11"/> mea maxima cura,<note n="12"/>
               </l>
                    <l n="9">nomine avum referens, animo manibusque parentem.<note n="13"/>
               </l>
                    <l n="10">non iniussa cano.<note n="14"/> sua cuique exorsa laborem </l>
                    <l n="11">fortunamque ferent:<note n="15"/> mihi iussa capessere fas est.<note n="16"/>
               </l>
                    <pb n="v.1.p.378"/>
                </div>

                <div type="textpart" n="2" subtype="section">
                    <head>CENA NUPTIALIS</head>
                    <l n="12">EXPECTATA dies aderat <note n="1"/> dignisque hymenaeis <note n="2"/>
               </l>
                    <l n="13">matres atque viri,<note n="8"/> iuvenes ante ora parentum <note n="4"/>
               </l>
                    <l n="14">conveniunt stratoque super discumbitur ostro,</l>
                    <l n="15">dant famuli manibus lymphas <note n="5"/> onerantque canistris </l>
                    <l n="16">dona laboratae Cereris <note n="6"/> pinguisque ferinae <note n="7"/>
               </l>
                    <l n="17">viscera tosta ferunt.<note n="8"/> series longissima rerum: <note n="9"/>
               </l>
                    <l n="18">alituum pecudumque genus <note n="10"/> capreaeque sequaces <note n="11"/>
               </l>
                    <l n="19">non absunt illic <note n="12"/> neque oves haedique petulci <note n="13"/>
               </l>
                    <l n="20">et genus aequoreum,<note n="14"/> dammae cervique fugaces:<note n="15"/>
                    </l>
                    <l n="21">ante oculos interque manus sunt <note n="16"/> mitia poma.<note n="17"/>
               </l>
                    <l n="22">Postquam exempta fames et amor compressus edendi,<note n="18"/>
               </l>
                    <l n="23">crateras magnos statuunt <note n="19"/> Bacchumque ministrant. <note n="20"/>
               </l>
                    <l n="24">sacra canunt, <note n="21"/> plaudunt choreas et carmina dicunt. <note n="22"/>
               </l>
                    <l n="25">nec non Thraeicius longa cum veste sacerdos </l>
                    <l n="26">obloquitur numeris septem discrimina vocum.<note n="23"/>
               </l>
                    <l n="27">at parte ex alia <note n="24"/> biforem dat tibia cantum.<note n="25"/>
               </l>
                    <l n="28">omnibus una quies operum,<note n="26"/> cunctique relictis</l>
                    <l n="29">consurgunt mensis: <note n="27"/> per limina laeta frequentes,<note n="28"/>
               </l>
                    <l n="30">discurrunt variantque vices <note n="29"/> populusque patresque </l>
                    <l n="31">matronae, pueri,<note n="81"/> vocemque per ampla volutant</l>
                    <l n="32">atria: dependent lychni laquearibus aureis.<note n="32"/>
               </l>
                    <pb n="v.1.p.380"/>
                </div>

                <div type="textpart" n="3" subtype="section">
                    <head>DESCRIPTIO EGREDIENTIS SPONSAE</head>
                    <l n="33">TANDEM progreditur <note n="1"/> Veneris iustissima cura,<note n="2"/>
               </l>
                    <l n="34">iam matura viro, iam plenis nubilis annis,<note n="3"/>
               </l>
                    <l n="35">virginis os habitumque gerens,<note n="4"/> cui plurimus ignem </l>
                    <l n="36">subiecit rubor et calefacta per ora cucurrit,<note n="5"/>
               </l>
                    <l n="37">intentos volvens oculos,<note n="6"/> uritque videndo.<note n="7"/>
               </l>
                    <l n="38">illam omnis tectis agrisque effusa iuventus</l>
                    <l n="39">turbaque miratur matrum.<note n="8"/> vestigia primi</l>
                    <l n="40">alba pedis,<note n="9"/> dederatque comam diffundere ventis.<note n="10"/>
                    </l>
                    <l n="41">fert picturatas auri subtemine vestes,<note n="11"/>
               </l>
                    <l n="42">ornatus Argivae Helenae:<note n="12"/> qualisque videri</l>
                    <l n="43">caelicolis et quanta solet <note n="13"/> Venus aurea contra,<note n="14"/>
               </l>
                    <l n="44">talis erat species,<note n="15"/> talem se laeta ferebat <note n="16"/>
               </l>
                    <l n="45">ad soceros <note n="17"/> solioque alte subnixa resedit.<note n="18"/>
                    </l>

                </div>

                <div type="textpart" n="4" subtype="section">
                    <head>DESCRIPTIO EGREDIENTIS SPONSI</head>
                    <l n="46">AT parte ex alia <note n="19"/> foribus sese intulit altis <note n="20"/>
               </l>
                    <l n="47">ora puer prima signans intonsa iuventa,<note n="21"/>
               </l>
                    <l n="48">pictus acu <note n="22"/> chlamydem auratam, quam plurima circum</l>
                    <l n="49">purpura maeandro duplici Meliboea cucurrit,<note n="23"/>
               </l>
                    <l n="50">et tunicam, molli mater quam neverat auro: <note n="24"/>
                    </l>
                    <l n="51">os umerosque deo similis <note n="25"/> lumenque iuventae.<note n="26"/>
               </l>
                    <pb n="v.1.p.382"/>
                    <l n="52">qualis, ubi oceani perfusus Lucifer unda <note n="1"/>
               </l>
                    <l n="53">extulit os sacrum caelo:<note n="2"/> sic ora ferebat,<note n="3"/>
               </l>
                    <l n="54">sic oculos <note n="4"/> cursuque amens ad limina tendit.<note n="5"/>
               </l>
                    <l n="55">illum turbat amor figitque in virgine vultus;<note n="6"/>
                    </l>
                    <l n="56">oscula libavit <note n="7"/> dextramque amplexus inhaesit.<note n="8"/>
               </l>

                </div>

                <div type="textpart" n="5" subtype="section">
                    <head>OBLATIO MUNERUM</head>
                    <l n="57">INCEDUNT pueri pariterque ante ora parentum <note n="9"/>
               </l>
                    <l n="58">dona ferunt,<note n="10"/> pallam signis auroque rigentem,<note n="11"/>
               </l>
                    <l n="59">munera portantes aurique eborisque talenta</l>
                    <l n="60">et sellam <note n="12"/> et pictum croceo velamen acantho,<note n="13"/>
                    </l>
                    <l n="61">ingens argentum mensis <note n="14"/> colloque monile</l>
                    <l n="62">bacatum et duplicem gemmis auroque coronam. <note n="15"/>
               </l>
                    <l n="63">olli serva datur <note n="16"/> geminique sub ubere nati:<note n="17"/>
               </l>
                    <l n="64">quattuor huic iuvenes <note n="18"/> totidem innuptaeque puellae:<note n="19"/>
               </l>
                    <l n="65">omnibus in morem tonsa coma;<note n="20"/> pectore summo </l>
                    <l n="66">flexilis obtorti per collum circulus auri.<note n="21"/>
               </l>

                </div>

                <div type="textpart" n="6" subtype="section">
                    <head>EPITHALAMIUM UTRIQUE</head>
                    <l n="67">TUM studio effusae matres <note n="22"/> ad limina ducunt; <note n="23"/>
               </l>
                    <l n="68">at chorus aequalis,<note n="24"/> pueri innuptaeque puellae,<note n="25"/>
               </l>
                    <l n="69">versibus incomptis ludunt <note n="26"/> et carmina dicunt:<note n="27"/>
               </l>
                    <l n="70">“O digno coniuncta viro,<note n="28"/> gratissima coniunx,<note n="29"/>
                    </l>
                    <pb n="v.1.p.384"/>
                    <l n="71">sis felix,<note n="1"/> primos Lucinae experta labores <note n="2"/>
               </l>
                    <l n="72">et mater, cape Maeonii carchesia Bacchi.<note n="8"/>
               </l>
                    <l n="73">sparge, marite, nuces;<note n="4"/> cinge haec altaria vitta,<note n="5"/>
               </l>
                    <l n="74">flos veterum virtusque virum:<note n="6"/> tibi ducitur uxor,<note n="7"/>
               </l>
                    <l n="75">omnes ut tecum meritis pro talibus annos </l>
                    <l n="76">exigat et pulchra faciat te prole parentem.<note n="8"/>
               </l>
                    <l n="77">fortunati ambo,<note n="9"/> si quid pia numina possunt,<note n="10"/>
               </l>
                    <l n="78">vivite felices.” <note n="11"/> dixerunt " currite " fusis</l>
                    <l n="79">concordes stabili fatorum numine Parcae.<note n="12"/>
               </l>

                </div>

                <div type="textpart" n="7" subtype="section">
                    <head>INGRESSUS IN CUBICULUM</head>
                    <l n="80">POSTQUAM est in thalami pendentia pumice tecta </l>
                    <l n="81">perventum,<note n="18"/> licito tandem sermone fruuntur.<note n="14"/>
               </l>
                    <l n="82">congressi iungunt dextras <note n="15"/> stratisque reponunt.<note n="16"/>
               </l>
                    <l n="83">at Cytherea novas artes <note n="17"/> et pronuba Iuno <note n="18"/>
               </l>
                    <l n="84">sollicitat suadetque ignota lacessere bella.<note n="19"/>
               </l>
                    <l n="85">ille ubi complexu <note n="20"/> molli fovet atque repente </l>
                    <l n="86">accepit solitam flammam <note n="21"/> lectumque iugalem:<note n="22"/>
               </l>
                    <l n="87">“ o virgo, nova mi facies,<note n="28"/> gratissima coniunx,<note n="24"/>
               </l>
                    <l n="88">venisti tandem,<note n="25"/> mea sola et sera voluptas.<note n="26"/>
               </l>
                    <l n="89">o dulcis coniunx, non haec sine numine divum <note n="27"/>
               </l>
                    <l n="90">proveniunt:<note n="28"/> placitone etiam pugnabis amori?” <note n="29"/>
                    </l>
                    <l n="91">Talia dicentem iamdudum aversa tuetur <note n="30"/>
               </l>
                    <pb n="v.1.p.386"/>
                    <l n="92">cunctaturque metu telumque instare tremiscit <note n="1"/>
               </l>
                    <l n="93">spemque metumque inter <note n="2"/> funditque has ore loquelas:<note n="3"/>
               </l>
                    <l n="94">“ Per te, per, qui te talem genuere, parentes, <note n="4"/>
               </l>
                    <l n="95">o formose puer,<note n="5"/> noctem non amplius unam <note n="6"/>
                    </l>
                    <l n="96">hanc tu, oro, solare inopem <note n="7"/> et miserere precantis. <note n="8"/>
               </l>
                    <l n="97">succidimus: non lingua valet, non corpore notae</l>
                    <l n="98">sufficiunt vires, nec vox aut verba sequuntur.” <note n="9"/>
               </l>
                    <l n="99">ille autem: “ Causas nequiquam nectis inanes,”<note n="10"/>
               </l>
                    <l n="100">praecipitatque moras omnis <note n="11"/> solvitque pudorem.<note n="12"/>
                    </l>

                </div>
                <div type="textpart" subtype="section">
                    <head>Parecbasis</head>
                    <p n="pa">Hactenus castis auribus audiendum mysterium nuptiale ambitu loquendi et
                        circuitione velavi. verum quoniam et Fescenninos amat celebritas nuptialis
                        verborumque petulantiam notus vetere instituto ludus admittit, cetera quoque
                        cubiculi et lectuli operta prodentur ab eodem auctore collecta, ut bis
                        erubescamus, qui et Vergilium faciamus impudentem. vos, si placet, hic iam
                        legendi modum ponite: cetera curiosis relinquite.</p>
                </div>

                <div type="textpart" n="8" subtype="section">
                    <head>Imminutio</head>
                    <l n="101">POSTQUAM congressi <note n="13"/> sola sub nocte per umbram <note n="14"/>
               </l>
                    <l n="102">et mentem Venus ipsa dedit,<note n="15"/> nova proelia temptant,<note n="16"/>
               </l>
                    <l n="103">tollit se arrectum:<note n="17"/> conantem plurima frustra <note n="18"/>
               </l>
                    <pb n="v.1.p.388"/>
                    <l n="104">occupat os faciemque,<note n="1"/> pedem pede fervidus urget, <note n="2"/>
               </l>
                    <l n="105">perfidus alta petens:<note n="3"/> ramum, qui veste latebat,<note n="4"/>
                    </l>
                    <l n="106">sanguineis ebuli bacis minioque rubentem <note n="5"/>
               </l>
                    <l n="107">nudato capite <note n="6"/> et pedibus per mutua nexis,<note n="7"/>
               </l>
                    <l n="108">monstrum horrendum, informe, ingens, cui lumen ademptum,<note n="8"/>
               </l>
                    <l n="109">eripit a femore et trepidanti fervidus instat.<note n="9"/>
               </l>
                    <l n="110">est in secessu,<note n="10"/> tenuis quo semita ducit,<note n="11"/>
                    </l>
                    <l n="111">ignea rima micans:<note n="12"/> exhalat opaca mephitim.<note n="13"/>
               </l>
                    <l n="112">nulli fas casto sceleratum insistere limen.<note n="14"/>
               </l>
                    <l n="113">hic specus horrendum:<note n="15"/> talis sese halitus atris</l>
                    <l n="114">faucibus effundens <note n="16"/> nares contingit odore.<note n="17"/>
               </l>
                    <l n="115">huc iuvenis nota fertur regione viarum <note n="18"/>
                    </l>
                    <l n="116">et super incumbens <note n="19"/> nodis et cortice crudo</l>
                    <l n="117">intorquet summis adnixus viribus hastam.<note n="20"/>
               </l>
                    <l n="118">haesit virgineumque alte bibit acta cruorem.<note n="21"/>
               </l>
                    <l n="119">insonuere cavae gemitumque dedere cavernae.<note n="22"/>
               </l>
                    <l n="120">illa manu moriens telum trahit, ossa sed inter <note n="23"/>
                    </l>
                    <l n="121">altius ad vivum persedit <note n="24"/> vulnere mucro.<note n="25"/>
               </l>
                    <l n="122">ter sese attollens cubitoque innixa levavit,</l>
                    <l n="123">ter revoluta toro est.<note n="26"/> manet imperterritus ille.<note n="27"/>
               </l>
                    <l n="124">nec mora nec requies:<note n="28"/> clavumque adfixus et haerens</l>
                    <l n="125">nusquam amittebat oculosque sub astra tenebat.<note n="29"/>
                    </l>
                    <l n="126">itque reditque viam totiens <note n="30"/> uteroque recusso <note n="31"/>
               </l>
                    <l n="127">transadigit costas <note n="32"/> et pectine pulsat eburno.<note n="33"/>
               </l>
                    <l n="128">iamque fere spatio extremo fessique sub ipsam</l>
                    <l n="129">finem adventabant:<note n="34"/> tum creber anhelitus artus</l>
                    <pb n="v.1.p.390"/>
                    <l n="130">aridaque ora quatit, sudor fluit undique rivis,<note n="1"/>
                    </l>
                    <l n="131">labitur exanguis,<note n="2"/> destillat ab inguine virus. <note n="3"/>
               </l>

                    <l n="132">Contentus esto, Paule mi,</l>
                    <l n="133">lasciva, Paule, pagina:</l>
                    <l n="134">ridere, nil ultra, expeto.</l>
                    <p n="co1">
                        Sed cum legeris, adesto mihi adversum eos, qui,
                        ut Iuvenalis <note n="4"/> ait, <q type="written">“Curios simulant et
                        Bacchanalia vivunt,”</q> ne fortasse mores meos spectent de carmine.
                    </p>
                    <p n="co2">
                        <q type="written"
                     source="urn:cts:latinLit:phi1294.phi002.perseus-lat2:1.4.6">
                            <l>“Lasciva est nobis pagina, vita proba,”</l>
                  </q>
                        ut Martialis <note n="5"/> dicit, meminerint autem, quippe
                            eruditi,
                        probissimo viro Plinio in poematiis <note n="6"/> lasciviam,
                       in moribus constitisse censuram; prurire opusculum
                        Sulpiciae, frontem caperare; esse Appuleium in vita
                        philosophum, in epigrammatis amatorem;<note n="7"/> in
                            praeceptis
                        Ciceronis extare severitatem, in epistulis ad
                        Caerelliam subesse petulantiam; Platonis Symposion
                        composita in ephebos epyllia continere, nam quid
                        Anniani Fescenninos, quid antiquissimi poetae Laevii
                        Erotopaegnion libros loquar? quid Evenum, quem
                        <pb n="v.1.p.392"/>
                        Menander sapientem vocavit? quid ipsum Menandrum?
                        quid comicos omnes, quibus severa vita est
                        et laeta materia? quid etiam Maronem Parthenien
                        dictum causa pudoris, qui in octavo Aeneidos, cum
                        describeret coitum Veneris atque Vulcani, atque <foreign xml:lang="greek">αἰσχροσεμνίαν</foreign>
                        
                        decenter immiscuit? quid? in tertio Georgicorum
                        de summissis in gregem maritis nonne obscenam
                        significationem honesta verborum translatione
                        velavit? et si quid in nostro ioco aliquorum hominum
                        severitas vestita condemnat, de Vergilio arcessitum
                        sciat, igitur cui hic ludus noster non placet, ne
                        legerit, aut cum legerit, obliviscatur, aut non oblitus
                        ignoscat, etenim fabula de nuptiis est et, velit nolit,
                        aliter haec sacra non constant.
                    </p>
                </div>
            </div>
        </body>
    </text>
</TEI>
