<?xml version="1.0" encoding="UTF-8"?>
<?xml-model href="http://www.stoa.org/epidoc/schema/8.19/tei-epidoc.rng"
    schematypens="http://relaxng.org/ns/structure/1.0"?>
<?xml-model href="http://www.stoa.org/epidoc/schema/8.19/tei-epidoc.rng"
    schematypens="http://purl.oclc.org/dsdl/schematron"?>
<TEI xmlns="http://www.tei-c.org/ns/1.0">
    <teiHeader>
        <fileDesc>
            <titleStmt>
                <title>Praefatiunculae</title>
                <author>Ausonius, Decimus Magnus</author>
                <editor>Hugh G. Evelyn-White</editor>
                <sponsor>Perseus Project, Tufts University</sponsor>
                <principal>Gregory Crane</principal>
                <respStmt>
                    <resp>Prepared under the supervision of</resp>
                    <name>Bridget Almas</name>
                    <name>Lisa Cerrato</name>
                    <name>Rashmi Singhal</name>
                </respStmt>
                <funder n="org:Mellon">The Mellon Foundation</funder>
            </titleStmt>
            <publicationStmt>
                <publisher>Trustees of Tufts University</publisher>
                <pubPlace>Medford, MA</pubPlace>
                <authority>Perseus Project</authority>
                <date type="release">2011-07-09</date>
            </publicationStmt>
            <sourceDesc>
                <biblStruct>
                    <monogr>
                        <title>Ausonius. Works.</title>
                        <title>Ausonius, Vol 1</title>
                        <author>Ausonius, Decimus Magnus</author>
                        <editor role="editor">Hugh G. Evelyn-White</editor>
                        <imprint>
                            <publisher>William Heinemann Ltd.; Harvard University Press</publisher>
                            <pubPlace>London; Cambridge, Massachusetts</pubPlace>
                            <date>1919</date>
                        </imprint>
                    </monogr>
                </biblStruct>
            </sourceDesc>
        </fileDesc>

        <encodingDesc>
            <refsDecl n="CTS">
                <cRefPattern n="line"
                         matchPattern="(\w+).(\w+)"
                         replacementPattern="#xpath(/tei:TEI/tei:text/tei:body/tei:div/tei:div[@n='$1']/*[self::tei:l or self::tei:p][@n='$2'])">
                    <p>This pointer pattern extracts book and poem and line</p>
                </cRefPattern>
                <cRefPattern n="book"
                         matchPattern="(\w+)"
                         replacementPattern="#xpath(/tei:TEI/tei:text/tei:body/tei:div/tei:div[@n='$1'])">
                    <p>This pointer pattern extracts book</p>
                </cRefPattern>
            </refsDecl>
            <refsDecl n="TEI.2">
                <refState unit="card"/>
            </refsDecl>
        </encodingDesc>

        <profileDesc>
            <langUsage>
                <language ident="lat">Latin</language>
            </langUsage>
        </profileDesc>
      <revisionDesc>
         <change when="2015-12-07" who="Thibault Clérice">Epidoc and CTS. URN updated accordingly</change>
      </revisionDesc>
   </teiHeader>

    <text>
        <body>
            <div n="urn:cts:latinLit:stoa0045.stoa025.perseus-lat2"
              xml:lang="lat"
              type="edition">
                <pb n="v.1.p.2"/>
                <div type="textpart" n="1" subtype="section">
                    <head>AUSONIUS LECTORI SALUTEM</head>
                    <l n="1">Ausonius genitor nobis, ego nomine eodem:</l>
                    <l n="2">qui sim, qua secta, stirpe, lare et patria,</l>
                    <l n="3">adscripsi, ut nosses, bone vir, quicumque fuisses,</l>
                    <l n="4">et notum memori me coleres animo.</l>
                    <l n="5">Vasates patria est patri, gens Haedua matri </l>
                    <l n="6">de patre, Tarbellis set genetrix ab Aquis,</l>
                    <l n="7">ipse ego Burdigalae genitus: divisa per urbes</l>
                    <l n="8">quattuor antiquas stirpis origo meae.</l>
                    <l n="9">hinc late fusa est cognatio; nomina multis</l>
                    <l n="10">ex nostra, ut placitum, ducta domo veniant: </l>
                    <l n="11">derivata aliis, nobis ab stemmate primo</l>
                    <l n="12">et non cognati, sed genetiva, placent,</l>
                    <l n="13">set redeo ad seriem. genitor studuit medicinae,</l>
                    <l n="14">disciplinarum quae dedit una deum.</l>
                    <pb n="v.1.p.4"/>
                    <l n="15">nos ad grammaticen studium convertimus et mox </l>
                    <l n="16">rhetorices etiam, quod satis, attigimus.</l>
                    <l n="17">nec fora non celebrata mihi, set cura docendi</l>
                    <l n="18">cultior, et nomen grammatici merui</l>
                    <l n="19">non tam grande quidem, quo gloria nostra subiret</l>
                    <l n="20">Aemilium aut Scaurum Berytiumve Probum, </l>
                    <l n="21">sed quo nostrates, Aquitanica nomina, multos</l>
                    <l n="22">conlatus, set non subditus, adspicerem.</l>
                    <l n="23">Exactisque dehinc per trina decennia fastis</l>
                    <l n="24">deserui doctor municipalem operam,</l>
                    <l n="25">aurea et Augusti palatia iussus adire </l>
                    <l n="26">Augustam subolem grammaticus docui,</l>
                    <l n="27">mox etiam rhetor, nec enim fiducia nobis</l>
                    <l n="28">vana aut non solidi gloria iudicii,</l>
                    <l n="29">cedo tamen fuerint fama potiore magistri,</l>
                    <l n="30">dum nulli fuerit discipulus melior. </l>
                    <l n="31">Alcides Atlantis et Aeacides Chironis,</l>
                    <l n="32">paene Iove iste satus, filius ille Iovis,</l>
                    <l n="33">Thessaliam Thebasque suos habuere penates:</l>
                    <l n="34">at meus hic toto regnat in orbe suo.</l>
                    <l n="35">cuius ego comes et quaestor et, culmen honorum, </l>
                    <l n="36">praefectus Gallis et Libyae et Latio</l>
                    <pb n="v.1.p.6"/>
                    <l n="37">et, prior indeptus fasces Latiamque curulem,</l>
                    <l n="38">consul, collega posteriore, fui.</l>
                    <l n="39">Hic ergo Ausonius: sed tu ne temne, quod ultro</l>
                    <l n="40">patronum nostris te paro carminibus. </l>

                </div>

                <div type="textpart" n="2" subtype="section">
                    <head>AUSONIUS SVAGRIO</head>
                    <l n="1">PECTORIS ut nostri sedem colis, alme Syagri,</l>
                    <l n="2">communemque habitas alter ego Ausonium:</l>
                    <l n="3">sic etiam nostro praefatus habebere libro,</l>
                    <l n="4">differat ut nihilo, sit tuus anne meus.</l>
                </div>

                <div type="textpart" n="3" subtype="section">
                    <head>EPISTULA THEODOSI AUGUSTI</head>
                    <p n="1">
                        <label n="opener">
                     <add>Theodosius Augustus Ausonio parenti salutem.</add>
                  </label> 
                        Amor meus qui in te est et admiratio ingenii atque eruditionis tuae, quae
                        multo maxima sunt, fecit, parens iucundissime, ut morem principibus aliis
                        solitum sequestrarem familiaremque sermonem autographum ad te transmitterem,
                        postulans pro iure non equidem regio, sed illius privatae inter nos
                        caritatis, ne fraudari me scriptorum tuorum lectione patiaris, quae olim
                        mihi cognita et iam per tempus oblita rursum desidero, non solum ut, quae
                        sunt nota, recolantur, sed etiam ut ea, quae fama celebri adiecta
                        memorantur, accipiam, quae tu de promptuario scriniorum tuorum, qui me amas,
                        libens imperties, secutus exempla auctorum optimorum, quibus par esse
                        meruisti: qui Octaviano Augusto rerum potienti certatim opera sua tradebant,
                        nullo fine in eius honorem multa condentes. qui illos haut sciam an
                        aequaliter atque ego te admiratus sit, certe non amplius diligebat, vale
                        parens.</p>
                </div>
                <pb n="v.1.p.8"/>


                <div type="textpart" n="4" subtype="section">
                    <head>DOMINO MEO ET OMNIUM THEODOSIO AUGUSTO AUSONIUS TUUS</head>
                    <l n="1">agricolam si flava Ceres dare semina terrae,</l>
                    <l n="2">Gradivus iubeat si capere arma ducem,</l>
                    <l n="3">solvere de portu classem Neptunus inermem:</l>
                    <l n="4">fidere tam fas est, quam dubitare nefas,</l>
                    <l n="5">insanum quamvis hiemet mare crudaque tellus </l>
                    <l n="6">seminibus, bello nec satis apta manus,</l>
                    <l n="7">nil dubites auctore bono. mortalia quaerunt</l>
                    <l n="8">consilium, certus iussa capesse dei.</l>
                    <l n="9">scribere me Augustus iubet et mea carmina poscit</l>
                    <l n="10">paene rogans: blando vis latet imperio. </l>
                    <l n="11">non habeo ingenium, Caesar sed iussit: habebo.</l>
                    <l n="12">cur me posse negem, posse quod ille putat?</l>
                    <l n="13">invalidas vires ipse excitat et iuvat idem,</l>
                    <l n="14">qui iubet: obsequium sufficit esse meum.</l>
                    <pb n="v.1.p.10"/>
                    <l n="15">non tutum renuisse deo. laudata pudoris </l>
                    <l n="16">saepe mora est, quotiens contra parem dubites.</l>
                    <l n="17">Quin etiam non iussa parant erumpere dudum</l>
                    <l n="18">carmina, quis nolit Caesaris esse liber,</l>
                    <l n="19">ne ferat indignum vatem centumque lituras,</l>
                    <l n="20">mutandas semper deteriore nota? </l>
                    <l n="21">tu modo te iussisse, pater Romane, memento</l>
                    <l n="22">inque meis culpis da tibi tu veniam.</l>
                </div>
            </div>
        </body>
    </text>
</TEI>
