<?xml version="1.0" encoding="UTF-8"?>
<?xml-model href="http://www.stoa.org/epidoc/schema/8.19/tei-epidoc.rng"
    schematypens="http://relaxng.org/ns/structure/1.0"?>
<?xml-model href="http://www.stoa.org/epidoc/schema/8.19/tei-epidoc.rng"
    schematypens="http://purl.oclc.org/dsdl/schematron"?>
<TEI xmlns="http://www.tei-c.org/ns/1.0">
    <teiHeader>
        <fileDesc>
            <titleStmt>
                <title>Mosella</title>
                <author>Ausonius, Decimus Magnus</author>
                <editor>Hugh G. Evelyn-White</editor>
                <sponsor>Perseus Project, Tufts University</sponsor>
                <principal>Gregory Crane</principal>
                <respStmt>
                    <resp>Prepared under the supervision of</resp>
                    <name>Bridget Almas</name>
                    <name>Lisa Cerrato</name>
                    <name>Rashmi Singhal</name>
                </respStmt>
                <funder n="org:Mellon">The Mellon Foundation</funder>
            </titleStmt>
            <publicationStmt>
                <publisher>Trustees of Tufts University</publisher>
                <pubPlace>Medford, MA</pubPlace>
                <authority>Perseus Project</authority>
                <date type="release">2011-07-09</date>
            </publicationStmt>
            <sourceDesc>
                <biblStruct>
                    <monogr>
                        <title>Ausonius. Works.</title>
                        <title>Ausonius, Vol 1</title>
                        <author>Ausonius, Decimus Magnus</author>
                        <editor role="editor">Hugh G. Evelyn-White</editor>
                        <imprint>
                            <publisher>William Heinemann Ltd.; Harvard University Press</publisher>
                            <pubPlace>London; Cambridge, Massachusetts</pubPlace>
                            <date>1919</date>
                        </imprint>
                    </monogr>
                </biblStruct>
            </sourceDesc>
        </fileDesc>

        <encodingDesc>
            <refsDecl n="CTS">
                <cRefPattern n="line"
                         matchPattern="(\w+).(\w+)"
                         replacementPattern="#xpath(/tei:TEI/tei:text/tei:body/tei:div/tei:div[@n='$1']/*[self::tei:l or self::tei:p][@n='$2'])">
                    <p>This pointer pattern extracts line</p>
                </cRefPattern>
                <cRefPattern n="poem"
                         matchPattern="(\w+)"
                         replacementPattern="#xpath(/tei:TEI/tei:text/tei:body/tei:div/tei:div[@n='$1'])">
                    <p>This pointer pattern extracts poem and line</p>
                </cRefPattern>
            </refsDecl>
            <refsDecl n="TEI.2">
                <refState unit="card"/>
            </refsDecl>
        </encodingDesc>

        <profileDesc>
            <langUsage>
                <language ident="lat">Latin</language>
                <language ident="greek">Greek</language>
            </langUsage>
        </profileDesc>
      <revisionDesc>
         <change when="2015-12-07" who="Thibault Clérice">Epidoc and CTS. URN updated accordingly</change>
      </revisionDesc>
   </teiHeader>

    <text>
        <body>
            <div n="urn:cts:latinLit:stoa0045.stoa019.perseus-lat2"
              xml:lang="lat"
              type="edition">
                <div type="textpart" n="pr" subtype="section">
                    <l n="1">Transieram celerem nebuloso flumine Navam,</l>
                    <l n="2">addita miratus veteri nova moenia Vinco,</l>
                    <l n="3">aequavit Latias ubi quondam Gallia Cannas</l>
                    <l n="4">infletaeque iacent inopes super arva catervae.</l>
                    <l n="5">unde iter ingrediens nemorosa per avia solum </l>
                    <l n="6">et nulla humani spectans vestigia cultus</l>
                    <l n="7">praetereo arentem sitientibus undique terris</l>
                    <l n="8">Dumnissum riguasque perenni fonte Tabernas</l>
                    <l n="9">arvaque Sauromatum nuper metata colonis:</l>
                    <l n="10">et tandem primis Belgarum conspicor oris </l>
                    <l n="11">Noiomagum, divi castra inclita Constantini.</l>
                    <l n="12">purior hic campis aer Phoebusque sereno</l>
                    <l n="13">lumine purpureum reserat iam sudus Olympum.</l>
                    <l n="14">nec iam, consertis per mutua vincula ramis,</l>
                    <l n="15">quaeritur exclusum viridi caligine caelum: </l>
                    <pb n="v.1.p.226"/>
                    <l n="16">sed liquidum iubar et rutilam visentibus aethram</l>
                    <l n="17">libera perspicui non invidet aura diei.</l>
                    <l n="18">in speciem quin me patriae cultumque nitentis</l>
                    <l n="19">Burdigalae blando pepulerunt omnia visu,</l>
                    <l n="20">culmina villarum pendentibus edita ripis </l>
                    <l n="21">et virides Baccho colles et amoena fluenta</l>
                    <l n="22">subter labentis tacito rumore Mosellae.</l>
                    <l n="23">Salve, amnis laudate agris, laudate colonis,</l>
                    <l n="24">dignata imperio debent cui moenia Belgae:</l>
                    <l n="25">amnis odorifero iuga vitea consite Baccho, </l>
                    <l n="26">consite gramineas, amnis viridissime, ripas:</l>
                    <l n="27">naviger, ut pelagus, devexas pronus in undas,</l>
                    <l n="28">ut fluvius, vitreoque lacus imitate profundo</l>
                    <l n="29">et rivos trepido potis aequiperare meatu,</l>
                    <l n="30">et liquido gelidos fontes praecellere potu; </l>
                    <l n="31">omnia solus habes, quae fons, quae rivus et amnis</l>
                    <l n="32">et lacus et bivio refluus manamine pontus,</l>
                    <l n="33">tu placidis praelapsus aquis nec murmura venti</l>
                    <l n="34">ulla, nec occulti pateris luctamina saxi:</l>
                    <l n="35">non spirante 1 vado rapidos properare 2 meatus </l>
                    <l n="36">cogeris, extantes medio non aequore terras</l>
                    <l n="37">interceptus habes, iusti ne demat honorem</l>
                    <l n="38">nominis, exclusum si dividat insula flumen,</l>
                    <l n="39">tu duplices sortite vias, et cum amne secundo</l>
                    <l n="40">defluis, ut celeres feriant vada concita remi, </l>
                    <l n="41">et cum per ripas nusquam cessante remulco</l>
                    <pb n="v.1.p.228"/>
                    <l n="42">intendunt collo malorum vincula nautae.</l>
                    <l n="43">ipse tuos quotiens miraris in amne recursus,</l>
                    <l n="44">legitimosque putas prope segnius ire meatus?</l>
                    <l n="45">tu neque limigenis ripam praetexeris ulvis, </l>
                    <l n="46">nec piger inmundo perfundis litora caeno:</l>
                    <l n="47">sicca in primores pergunt vestigia lymphas.</l>
                    <l n="48">i nunc, et Phrygiis sola levia consere crustis</l>
                    <l n="49">tendens marmoreum laqueata per atria campum,</l>
                    <l n="50">ast ego despectis, quae census opesque dederunt, </l>
                    <l n="51">naturae mirabor opus, non dira nepotum</l>
                    <l n="52">laetaque iacturis ubi luxuriatur egestas,</l>
                    <l n="53">hic solidae sternunt umentia litora harenae,</l>
                    <l n="54">nec retinent memores vestigia pressa figuras.</l>
                    <l n="55">Spectans vitreo per levia terga profundo, </l>
                    <l n="56">secreti nihil amnis habens: utque almus aperto</l>
                    <l n="57">panditur intuitu 1 liquidis obtutibus aer</l>
                    <l n="58">nec placidi prohibent oculos per inania venti,</l>
                    <l n="59">sic demersa procul durante per intima visu</l>
                    <l n="60">cernimus, arcanique patet penetrale profundi, </l>
                    <l n="61">cum vada lene meant liquidarum et lapsus aquarum</l>
                    <l n="62">prodit caerulea dispersas luce figuras:</l>
                    <l n="63">quod sulcata levi crispatur harena meatu,</l>
                    <l n="64">inclinata tremunt viridi quod gramina fundo:</l>
                    <l n="65">usque sub ingenuis agitatae fontibus herbae </l>
                    <l n="66">vibrantes patiuntur aquas lucetque latetque</l>
                    <l n="67">calculus et viridem distinguit glarea muscum,</l>
                    <l n="68">tota Caledoniis talis patet ora Britannis,</l>
                    <l n="69">cum virides algas et rubra corallia nudat</l>
                    <l n="70">aestus et albentes concharum germina bacas, </l>
                    <l n="71">delicias hominum, locupletibus atque sub undis</l>
                    <pb n="v.1.p.230"/>
                    <l n="72">adsimulant nostros imitata monilia cultus:</l>
                    <l n="73">haud aliter placidae subter vada laeta Mosellae</l>
                    <l n="74">detegit admixtos non concolor herba lapillos.</l>
                    <l n="75">Intentos tamen usque oculos errore fatigant </l>
                    <l n="76">interludentes, examina lubrica, pisces,</l>
                    <l n="77">sed neque tot species obliquatosque natatus</l>
                    <l n="78">quaeque per adversum succedunt agmina flumen,</l>
                    <l n="79">nominaque et cunctos numerosae stirpis alumnos</l>
                    <l n="80">edere fas aut ille sinit, cui cura secundae </l>
                    <l n="81">sortis et aequorei cessit tutela tridentis.</l>
                    <l n="82">tu mihi flumineis habitatrix Nais in oris</l>
                    <l n="83">squamigeri gregis ede choros liquidoque sub alveo</l>
                    <l n="84">dissere caeruleo fluitantes amne catervas.</l>
                    <l n="85">Squameus herbosas capito inter lucet harenas, </l>
                    <l n="86">viscere praetenero fartim congestus aristis</l>
                    <l n="87">nec duraturus post bina trihoria mensis,</l>
                    <l n="88">purpureisque salar stellatus tergora guttis</l>
                    <l n="89">et nullo spinae nociturus acumine rhedo</l>
                    <l n="90">effugiensque oculos celeri levis umbra natatu. </l>
                    <l n="91">Juque per obliqui fauces vexate Saravi,</l>
                    <l n="92">qua bis terna fremunt scopulosis ostia pilis,</l>
                    <l n="93">cum defluxisti famae maioris in amnem,</l>
                    <l n="94">liberior laxos exerces, barbe, natatus:</l>
                    <l n="95">tu melior peiore aevo, tibi contigit omni </l>
                    <l n="96">spirantum ex numero non inlaudata senectus.</l>
                    <pb n="v.1.p.232"/>
                    <l n="97">Nec te puniceo rutilantem viscere, salmo,</l>
                    <l n="98">transierim, latae cuius vaga verbera caudae</l>
                    <l n="99">gurgite de medio summas referuntur in undas,</l>
                    <l n="100">occultus placido cum proditur aequore pulsus. </l>
                    <l n="101">tu loricato squamosus pectore, frontem</l>
                    <l n="102">lubricus et dubiae facturus fercula cenae,</l>
                    <l n="103">tempora longarum fers incorrupte morarum,</l>
                    <l n="104">praesignis maculis capitis, cui prodiga nutat</l>
                    <l n="105">alvus opimatoque fluens abdomine venter. </l>
                    <l n="106">quaeque per Illyricum, per stagna binominis Histri</l>
                    <l n="107">spumarum indiciis caperis, mustela, natantum,</l>
                    <l n="108">in nostrum subvecta fretum, ne laeta Mosellae</l>
                    <l n="109">flumina tam celebri defrudarentur alumno.</l>
                    <l n="110">quis te naturae pinxit color! atra superne </l>
                    <l n="111">puncta notant tergum, qua lutea circuit iris;</l>
                    <l n="112">lubrica caeruleus perducit tergora fucus;</l>
                    <l n="113">corporis ad medium fartim pinguescis, at illinc</l>
                    <l n="114">usque sub extremam squalet cutis arida caudam.</l>
                    <l n="115">Nec te, delicias mensarum, perca, silebo, </l>
                    <l n="116">amnigenos inter pisces dignande marinis,</l>
                    <l n="117">solus puniceis facilis contendere mullis:</l>
                    <l n="118">nam neque gustus iners solidoque in corpore partes</l>
                    <l n="119">segmentis coeunt, sed dissociantur aristis.</l>
                    <l n="120">hic etiam Latio risus praenomine, cultor </l>
                    <l n="121">stagnorum, querulis vis infestissima ranis,</l>
                    <l n="122">lucius, obscuras ulva caenoque lacunas</l>
                    <l n="123">obsidet, hic nullos mensarum lectus ad usus</l>
                    <l n="124">fervet fumosis olido nidore popinis.</l>
                    <pb n="v.1.p.234"/>
                    <l n="125">Quis non et virides, vulgi solacia, tineas </l>
                    <l n="126">norit et alburnos, praedam puerilibus hamis,</l>
                    <l n="127">stridentesque focis, obsonia plebis, alausas?</l>
                    <l n="128">teque inter species geminas neutrumque et utrumque,</l>
                    <l n="129">qui nec dum salmo, nec iam salar ambiguusque</l>
                    <l n="130">amborum medio, sario, intercepte sub aevo? </l>
                    <l n="131">tu quoque flumineas inter memorande cohortes,</l>
                    <l n="132">gobio, non geminis maior sine pollice palmis,</l>
                    <l n="133">praepinguis, teres, ovipara congestior alvo</l>
                    <l n="134">propexique iubas imitatus, gobio, barbi.</l>
                    <l n="135">Nunc, pecus aequoreum, celebrabere, magne silure: </l>
                    <l n="136">quem velut Actaeo perductum tergora olivo</l>
                    <l n="137">amnicolam delphina reor: sic per freta magnum</l>
                    <l n="138">laberis et longi vix corporis agmina solvis</l>
                    <l n="139">aut brevibus deprensa vadis aut fluminis ulvis.</l>
                    <l n="140">at cum tranquillos moliris in amne meatus, </l>
                    <l n="141">te virides ripae, te caerula turba natantum,</l>
                    <l n="142">te liquidae mirantur aquae: diffunditur alveo</l>
                    <l n="143">aestus et extremi procurrunt margine fluctus,</l>
                    <l n="144">talis Atlantiaco quondam ballena profundo,</l>
                    <l n="145">cum vento motuve suo telluris ad oras </l>
                    <l n="146">pellitur: exclusum exundat mare magnaque surgunt</l>
                    <l n="147">aequora vicinique timent decrescere montes,</l>
                    <l n="148">hic tamen, hic nostrae mitis ballena Mosellae</l>
                    <l n="149">exitio procul est magnoque honor additus amni.</l>
                    <l n="150">Iam liquidas spectasse vias et lubrica pisces </l>
                    <l n="151">agmina multiplicesque satis numerasse catervas,</l>
                    <l n="152">inducant aliam spectacula vitea pompam</l>
                    <l n="153">sollicitentque vagos Baccheia munera visus,</l>
                    <pb n="v.1.p.236"/>
                    <l n="154">qua sublimis apex longo super ardua tractu</l>
                    <l n="155">et rupes et aprica iugi flexusque sinusque </l>
                    <l n="156">vitibus adsurgunt naturalique theatro.</l>
                    <l n="157">Gauranum sic alma iugum vindemia vestit</l>
                    <l n="158">et Rhodopen proprioque nitent Pangaea Lyaeo;</l>
                    <l n="159">sic viret Ismarius super aequora Thracia collis;</l>
                    <l n="160">sic mea flaventem pingunt vineta Garumnam. </l>
                    <l n="161">summis quippe iugis tendentis in ultima clivi</l>
                    <l n="162">conseritur viridi fluvialis margo Lyaeo.</l>
                    <l n="163">laeta operum plebes festinantesque coloni</l>
                    <l n="164">vertice nunc summo properant, nunc deiuge dorso,</l>
                    <l n="165">certantes stolidis clamoribus, inde viator </l>
                    <l n="166">riparum subiecta terens, hinc navita labens,</l>
                    <l n="167">probra canunt seris cultoribus: adstrepit ollis</l>
                    <l n="168">et rupes et silva tremens et concavus amnis.</l>
                    <l n="169">Nec solos homines delectat scaena locorum:</l>
                    <l n="170">hic ego et agrestes Satyros et glauca tuentes </l>
                    <l n="171">Naidas extremis credam concurrere ripis,</l>
                    <l n="172">capripedes agitat cum laeta protervia Panas</l>
                    <l n="173">insultantque vadis trepidasque sub amne sorores</l>
                    <l n="174">terrent, indocili pulsantes verbere fluctum;</l>
                    <l n="175">saepe etiam mediis furata e collibus uvas </l>
                    <l n="176">inter Oreiadas Panope fluvialis amicas</l>
                    <l n="177">fugit lascivos paganica numina Faunos.</l>
                    <l n="178">dicitur et, medio cum sol stetit igneus orbe,</l>
                    <l n="179">ad commune fretum Satyros vitreasque sorores</l>
                    <pb n="v.1.p.238"/>
                    <l n="180">consortes celebrare choros, cum praebuit horas </l>
                    <l n="181">secretas hominum coetu flagrantior aestus.</l>
                    <l n="182">tune insultantes sua per freta ludere Nymphas</l>
                    <l n="183">et Satyros mersare vadis rudibusque natandi</l>
                    <l n="184">per medias exire manus, dum lubrica falsi</l>
                    <l n="185">membra petunt liquidosque favent pro corpore fluctus.</l>
                    <l n="186">sed non haec spectata ulli nec cognita visu </l>
                    <l n="187">fas mihi sit pro parte loqui: secreta tegatur</l>
                    <l n="188">et commissa suis lateat reverentia rivis.</l>
                    <l n="189">Illa fruenda palam species, cum glaucus opaco</l>
                    <l n="190">respondet colli fluvius, frondere videntur </l>
                    <l n="191">fluminei latices et palmite consitus amnis,</l>
                    <l n="192">quis color ille vadis, seras cum propulit umbras</l>
                    <l n="193">Hesperus et viridi perfundit monte Mosellam!</l>
                    <l n="194">tota natant crispis iuga motibus et tremit absens</l>
                    <l n="195">pampinus et vitreis vindemia turget in undis. </l>
                    <l n="196">adnumerat virides derisus navita vites,</l>
                    <l n="197">navita caudiceo fluitans super aequora lembo</l>
                    <l n="198">per medium, qua sese amni confundit imago</l>
                    <l n="199">collis et umbrarum confinia conserit amnis.</l>
                    <l n="200">Haec quoque quam dulces celebrant spectacula pompas, </l>
                    <l n="201">remipedes medio certant cum flumine lembi</l>
                    <pb n="v.1.p.240"/>
                    <l n="202">et varios ineunt flexus viridesque per oras</l>
                    <l n="203">stringunt attonsis pubentia germina pratis!</l>
                    <l n="204">puppibus et proris alacres gestire magistros</l>
                    <l n="205">impubemque manum super amnica terga vagantem </l>
                    <l n="206">dum spectat <note>suppl. Böcking: <l>
                                <add>viridis qua surgit ripa colonus,</add>
                            </l>
                            <l>
                                <add>non sentit</add>1</l>
                        </note> transire diem, sua seria ludo</l>
                    <l n="207">posthabet 2; excludit veteres nova gratia curas.</l>
                    <l n="208">quales Cumano despectat in aequore ludos</l>
                    <l n="209">Liber, sulphurei cum per iuga consita Gauri</l>
                    <l n="210">perque vaporiferi graditur vineta Vesevi, </l>
                    <l n="211">cum Venus Actiacis Augusti laeta triumphis</l>
                    <l n="212">ludere lascivos fera proelia iussit Amores, .</l>
                    <l n="213">qualia Niliacae classes Latiaeque triremes</l>
                    <l n="214">subter Apollineae gesserunt Leucados arces;</l>
                    <l n="215">aut Pompeiani Mylasena pericula belli </l>
                    <l n="216">Euboicae referunt per Averna sonantia cumbae;</l>
                    <l n="217">innocuos ratium pulsus pugnasque iocantes</l>
                    <l n="218">naumachiae Siculo quales spectante Peloro</l>
                    <l n="219">caeruleus viridi reparat sub imagine pontus:</l>
                    <l n="220">non aliam speciem petulantibus addit ephebis </l>
                    <l n="221">pubertasque amnis et picti rostra phaseli.</l>
                    <l n="222">hos Hyperionio cum sol perfuderit aestu,</l>
                    <l n="223">reddit nautales vitreo sub gurgite formas</l>
                    <l n="224">et redigit pandas inversi corporis umbras.</l>
                    <l n="225">utque agiles motus dextra laevaque frequentant </l>
                    <pb n="v.1.p.242"/>
                    <l n="226">et commutatis alternant pondera remis,</l>
                    <l n="227">unda refert alios simulacra umentia nautas.</l>
                    <l n="228">ipsa suo gaudet simulamine nautica pubes,</l>
                    <l n="229">fallaces fluvio mirata redire figuras.</l>
                    <l n="230">sic, ubi compositos ostentatura capillos </l>
                    <l n="231">(candentem late speculi explorantis honorem</l>
                    <l n="232">cum primum carae nutrix admovit alumnae)</l>
                    <l n="233">laeta ignorato fruitur virguncula ludo</l>
                    <l n="234">germanaeque putat formam spectare puellae:</l>
                    <l n="235">oscula fulgenti dat non referenda metallo </l>
                    <l n="236">aut fixas praetemptat acus aut frontis ad oram</l>
                    <l n="237">vibratos captat digitis extendere crines:</l>
                    <l n="238">talis ad umbrarum ludibria nautica pubes</l>
                    <l n="239">ambiguis fruitur veri falsique figuris.</l>
                    <l n="240">Iam vero accessus faciles qua ripa ministrat, </l>
                    <l n="241">scrutatur toto populatrix turba profundo</l>
                    <l n="242">heu male defensos penetrali flumine pisces,</l>
                    <l n="243">hic medio procul amne trahens umentia lina</l>
                    <l n="244">nodosis decepta plagis examina verrit;</l>
                    <l n="245">ast hic, tranquillo qua labitur agmine flumen, </l>
                    <l n="246">ducit corticeis fluitantia retia signis;</l>
                    <l n="247">ille autem scopulis deiectas pronus in undas</l>
                    <l n="248">inclinat lentae convexa cacumina virgae,</l>
                    <l n="249">inductos escis iaciens letalibus hamos.</l>
                    <l n="250">quos ignara doli postquam vaga turba natantum </l>
                    <l n="251">rictibus invasit patulaeque per intima fauces</l>
                    <l n="252">sera occultati senserunt vulnera ferri,</l>
                    <l n="253">dum trepidant, subit indicium crispoque tremori</l>
                    <l n="254">vibrantis saetae nutans consentit harundo,</l>
                    <l n="255">nec mora et excussam stridenti verbere praedam </l>
                    <l n="256">dexter in obliquum raptat puer; excipit ictum</l>
                    <pb n="v.1.p.244"/>
                    <l n="257">spiritus, ut raptis quondam per inane flagellis</l>
                    <l n="258">aura crepat motoque adsibilat aere ventus.</l>
                    <l n="259">exultant udae super arida saxa rapinae</l>
                    <l n="260">luciferique pavent letalia tela diei. </l>
                    <l n="261">cuique sub amne suo mansit vigor, aere nostro</l>
                    <l n="262">segnis anhelatis vitam consumit in auris.</l>
                    <l n="263">iam piger invalido vibratur corpore plausus,</l>
                    <l n="264">torpida supremos patitur iam cauda tremores</l>
                    <l n="265">nec coeunt rictus, haustas sed hiatibus auras . </l>
                    <l n="266">reddit mortiferos expirans branchia flatus.</l>
                    <l n="267">sic, ubi fabriles exercet spiritus ignes,</l>
                    <l n="268">accipit alterno cohibetque foramine ventos</l>
                    <l n="269">lanea fagineis adludens parma cavernis. </l>
                    <l n="270">vidi egomet quosdam leti sub fine trementes </l>
                    <l n="271">collegisse animas, mox in sublime citatos</l>
                    <l n="272">cernua subiectum praeceps dare corpora in amnem,</l>
                    <l n="273">desperatarum potientes rursus aquarum.</l>
                    <l n="274">quos impos damni puer inconsultus ab alto</l>
                    <l n="275">impetit et stolido captat prensare natatu. </l>
                    <l n="276">sic Anthedonius Boeotia per freta Glaucus,</l>
                    <l n="277">gramina gustatu postquam exitialia Circes</l>
                    <l n="278">expertus carptas moribundis piscibus herbas</l>
                    <l n="279">sumpsit, Carpathium subiit novus accola pontum.</l>
                    <l n="280">ille hamis et rete potens, scrutator operti </l>
                    <l n="281">Nereos, aequoream solitus converrere Tethyn, </l>
                    <l n="282">inter captivas fluitavit praedo catervas.</l>
                    <l n="283">Talia despectant longo per caerula tractu</l>
                    <l n="284">pendentes saxis instanti culmine villae,</l>
                    <pb n="v.1.p.246"/>
                    <l n="285">quas medius dirimit sinuosis flexibus errans </l>
                    <l n="286">amnis, et alternas comunt praetoria ripas.</l>
                    <l n="287">Quis modo Sestiacum pelagus, Nepheleidos Helles</l>
                    <l n="288">aequor, Abydeni freta quis miretur ephebi?</l>
                    <l n="289">quis Chalcedonio constratum ab litore pontum,</l>
                    <l n="290">regis opus magni, mediis euripus ubi undis </l>
                    <l n="291">Europaeque Asiaeque vetat concurrere terras?</l>
                    <l n="292">non hic dira freti rabies, non saeva furentum</l>
                    <l n="293">proelia caurorum; licet hic commercia linguae</l>
                    <l n="294">iungere et alterno sermonem texere pulsu,</l>
                    <l n="295">blanda salutiferas permiscent litora voces, </l>
                    <l n="296">et voces et paene manus: resonantia utrimque</l>
                    <l n="297">verba refert concurrens fluctibus echo. </l>
                    <l n="298">Quis potis innumeros cultusque habitusque retexens</l>
                    <l n="299">pandere tectonicas per singula praedia formas?</l>
                    <l n="300">non hoc spernat opus Gortynius aliger, aedis </l>
                    <l n="301">conditor Euboicae, casus quem fingere in auro</l>
                    <l n="302">conantem Icarios patrii pepulere dolores:</l>
                    <l n="303">non Philo Cecropius, non qui laudatus ab hoste</l>
                    <l n="304">clara Syracosii traxit certamina belli,</l>
                    <l n="305">forsan et insignes hominumque operumque labores </l>
                    <pb n="v.1.p.248"/>
                    <l n="306">hic habuit decimo celebrata volumine Marcei</l>
                    <l n="307">hebdomas, hic clari viguere Menecratis artes</l>
                    <l n="308">atque Ephesi spectata manus vel in arce Minervae</l>
                    <l n="309">Ictinus, magico cui noctua perlita fuco</l>
                    <l n="310">adlicit omne genus volucres perimitque tuendo. </l>
                    <l n="311">conditor hic forsan fuerit Ptolomaidos aulae</l>
                    <l n="312">Dinochares, quadrata cui in fastigia cono</l>
                    <l n="313">surgit ipsa suas consumit pyramis umbras,</l>
                    <l n="314">iussus ob incesti qui quondam foedus amoris</l>
                    <l n="315">Arsinoen Pharii suspendit in aere templi. </l>
                    <l n="316">spirat enim tecti testudine virus achates</l>
                    <l n="317">adflatamque trahit ferrato crine puellam.</l>
                    <l n="318">Hos ergo aut horum similes est credere dignum</l>
                    <l n="319">Belgarum in terris scaenas posuisse domorum,</l>
                    <l n="320">molitos celsas fluvii decoramina villas. </l>
                    <l n="321">haec est natura sublimis in aggere saxi,</l>
                    <pb n="v.1.p.250"/>
                    <l n="322">haec procurrentis fundata crepidine ripae,</l>
                    <l n="323">haec refugit captumque sinu sibi vindicat amnem.</l>
                    <l n="324">illa tenens collem, qui plurimus imminet amni,</l>
                    <l n="325">usurpat faciles per culta, per aspera visus </l>
                    <l n="326">utque suis fruitur dives speculatio terris,</l>
                    <l n="327">quin etiam riguis humili pede condita pratis</l>
                    <l n="328">compensat celsi bona naturalia montis</l>
                    <l n="329">sublimique minans irrumpit in aethera tecto,</l>
                    <l n="330">ostentans altam, Pharos ut Memphitica, turrim. </l>
                    <l n="331">huic proprium clausos consaepto gurgite pisces</l>
                    <l n="332">apricas scopulorum inter captare novales.</l>
                    <l n="333">haec summis innixa iugis labentia subter</l>
                    <l n="334">flumina despectu iam caligante tuetur,</l>
                    <l n="335">atria quid memorem viridantibus adsita pratis? </l>
                    <l n="336">innumerisque super nitentia tecta columnis?</l>
                    <l n="337">quid quae fluminea substructa crepidine fumant</l>
                    <l n="338">balnea, ferventi cum Mulciber haustus operto</l>
                    <l n="339">volvit anhelatas tectoria per cava flammas,</l>
                    <l n="340">inclusum glomerans aestu spirante vaporem? </l>
                    <l n="341">vidi ego defessos multo sudore lavacri</l>
                    <l n="342">fastidisse lacus et frigora piscinarum,</l>
                    <l n="343">ut vivis fruerentur aquis, mox amne refotos</l>
                    <l n="344">plaudenti gelidum flumen pepulisse natatu.</l>
                    <pb n="v.1.p.252"/>
                    <l n="345">quod si Cumanis huc adforet hospes ab oris, </l>
                    <l n="346">crederet Euboicas simulacra exilia Baias</l>
                    <l n="347">his donasse locis: tantus cultusque nitorque</l>
                    <l n="348">adlicit et nullum parit oblectatio luxum,</l>
                    <l n="349">Sed mihi qui tandem finis tua glauca fluenta</l>
                    <l n="350">dicere dignandumque mari memorare Mosellam, </l>
                    <l n="351">innumeri quod te diversa per ostia late</l>
                    <l n="352">incurrunt amnes? quamquam differre meatus</l>
                    <l n="353">possent, sed celerant in te consumere nomen,</l>
                    <l n="354">namque et Promeae Nemesaeque adiuta meatu</l>
                    <l n="355">Sura tuas properat non degener ire sub undas, </l>
                    <l n="356">Sura interceptis tibi gratificata fluentis,</l>
                    <l n="357">nobilius permixta tuo sub nomine, quam si</l>
                    <l n="358">ignoranda patri contenderet ostia Ponto,</l>
                    <l n="359">te rapidus Celbis, te marmore clarus Erubris</l>
                    <l n="360">festinant famulis quam primum adlambere lymphis:</l>
                    <l n="361">nobilibus Celbis celebratus piscibus, ille </l>
                    <l n="362">praecipiti torquens cerealia saxa rotatu</l>
                    <l n="363">stridentesque trahens per levia marmora serras</l>
                    <l n="364">audit perpetuos ripa ex utraque tumultus,</l>
                    <l n="365">praetereo exilem Lesuram tenuemque Drahonum </l>
                    <l n="366">nec fastiditos Salmonae usurpo fluores:</l>
                    <l n="367">naviger undisona dudum me mole Saravus</l>
                    <l n="368">tota veste vocat, longum qui distulit amnem,</l>
                    <l n="369">fessa sub Augustis ut volveret ostia muris.</l>
                    <pb n="v.1.p.254"/>
                    <l n="370">nec minor hoc, tacitum qui per sola pinguia labens </l>
                    <l n="371">stringit frugiferas felix Alisontia ripas.</l>
                    <l n="372">mille alii, prout quemque suus magis impetus urget,</l>
                    <l n="373">esse tui cupiunt: tantus properantibus undis</l>
                    <l n="374">ambitus aut mores, quod si tibi, dia Mosella,</l>
                    <l n="375">Smyrna suum vatem vel Mantua clara dedisset, </l>
                    <l n="376">cederet Iliacis Simois memoratus in oris</l>
                    <l n="377">nec praeferre suos auderet Thybris honores.</l>
                    <l n="378">da veniam, da, Roma potens! pulsa, oro, facessat</l>
                    <l n="379">invidia et Latiae Nemesis non cognita linguae:</l>
                    <l n="379a">
                        <add>contigit haec melior, Thybris, tibi gloria, quod tu 1</add>
                    </l>
                    <l n="380">imperii sedem Romaeque tuere penates.2 </l>
                    <l n="381">Salve, magne parens frugumque virumque, Mosella!</l>
                    <l n="382">te clari proceres, te bello exercita pubes,</l>
                    <l n="383">aemula te Latiae decorat facundia linguae,</l>
                    <l n="384">quin etiam mores et laetum fronte serena</l>
                    <l n="385">ingenium natura tuis concessit alumnis. </l>
                    <l n="386">nec sola antiquos ostentat Roma Catones,</l>
                    <l n="387">aut unus tantum iusti spectator et aequi</l>
                    <l n="388">pollet Aristides veteresque inlustrat Athenas.</l>
                    <l n="389">Verum ego quid laxis nimium spatiatus habenis</l>
                    <l n="390">victus amore tui praeconia detero? conde, </l>
                    <l n="391">Musa, chelyn, pulsis extremo carmine netis.</l>
                    <l n="392">tempus erit, cum me studiis ignobilis oti</l>
                    <l n="393">mulcentem curas seniique aprica foventem</l>
                    <l n="394">materiae commendet honos; cum facta viritim</l>
                    <pb n="v.1.p.256"/>
                    <l n="395">Belgarum patriosque canam decora inclita mores: </l>
                    <l n="396">mollia subtili nebunt mihi carmina filo</l>
                    <l n="397">Pierides tenuique aptas subtemine telas</l>
                    <l n="398">percurrent: dabitur nostris quoque purpura fusis,</l>
                    <l n="399">quis mihi tum non dictus erit? memorabo quietos</l>
                    <l n="400">agricolas legumque catos fandique potentes, </l>
                    <l n="401">praesidium sublime reis; quos curia summos</l>
                    <l n="402">municipum vidit proceres propriumque senatum,</l>
                    <l n="403">quos praetextati celebris facundia ludi</l>
                    <l n="404">contulit ad veteris praeconia Quintiliani,</l>
                    <l n="405">quique suas rexere urbes purumque tribunal </l>
                    <l n="406">sanguine et innocuas inlustravere secures;</l>
                    <l n="407">aut Italum populos aquilonigenasque Britannos</l>
                    <l n="408">praefecturarum titulo tenuere secundo;</l>
                    <l n="409">quique caput rerum Romam, populumque patresque,</l>
                    <l n="410">tantum non primo rexit sub nomine, quamvis </l>
                    <l n="411">par fuerit primis: festinet solvere tandem</l>
                    <l n="412">errorem Fortuna suum libataque supplens</l>
                    <l n="413">praemia iam veri fastigia reddat honoris</l>
                    <l n="414">nobilibus repetenda nepotibus, at modo coeptum</l>
                    <l n="415">detexatur opus, dilata et laude virorum </l>
                    <l n="416">dicamus laeto per rura virentia tractu</l>
                    <l n="417">felicem fluvium Rhenique sacremus in undas.</l>
                    <l n="418">Caeruleos nunc, Rhene, sinus hyaloque virentem</l>
                    <l n="419">pande peplum spatiumque novi metare fluenti</l>
                    <pb n="v.1.p.258"/>
                    <l n="420">fraternis cumulandus aquis, nec praemia in undis </l>
                    <l n="421">sola, sed augustae veniens quod moenibus urbis</l>
                    <l n="422">spectavit iunctos natique patrisque triumphos,</l>
                    <l n="423">hostibus exactis Nicrum super et Lupodunum</l>
                    <l n="424">et fontem Latiis ignotum annalibus Histri.</l>
                    <l n="425">haec profligati venit modo laurea belli: </l>
                    <l n="426">hinc alias aliasque feret, vos pergite iuncti</l>
                    <l n="427">et mare purpureum gemino propellite tractu,</l>
                    <l n="428">neu vereare minor, pulcherrime Rhene, videri:</l>
                    <l n="429">invidiae nihil hospes habet, potiere perenni</l>
                    <l n="430">nomine: tu fratrem famae securus adopta. </l>
                    <l n="431">dives aquis, dives Nymphis, largitor utrique</l>
                    <l n="432">alveus extendet geminis divortia ripis</l>
                    <l n="433">communesque vias diversa per ostia pandet.</l>
                    <l n="434">accedent vires, quas Francia quasque Chamaves</l>
                    <l n="435">Germanique tremant: tunc verus habebere limes. </l>
                    <l n="436">a ccedet tanto geminum tibi nomen ab amni,</l>
                    <l n="437">cumque unus de fonte fluas, dicere bicornis.</l>
                    <l n="438">Haec ego, Vivisca ducens ab origine gentem,</l>
                    <l n="439">Belgarum hospitiis non per nova foedera notus,</l>
                    <l n="440">Ausonius, nomen Latium, patriaque domoque </l>
                    <pb n="v.1.p.260"/>
                    <l n="441">Gallorum extremos inter celsamque Pyrenen,</l>
                    <l n="442">temperat ingenuos qua laeta Aquitanica mores,</l>
                    <l n="443">audax exigua fide concino. fas mihi sacrum</l>
                    <l n="444">perstrinxisse amnem tenui libamine Musae.</l>
                    <l n="445">nec laudem adfecto, veniam peto. sunt tibi multi, </l>
                    <l n="446">alme amnis, sacros qui sollicitare fluores</l>
                    <l n="447">Aomdum totamque solent haurire Aganippen.</l>
                    <l n="448">ast ego, quanta mei dederit se vena liquoris,</l>
                    <l n="449">Burdigalam cum me in patriam nidumque senectae</l>
                    <l n="450">Augustus, pater et nati, mea maxima cura, </l>
                    <l n="451">fascibus Ausoniis decoratum et honore curuli</l>
                    <l n="452">mittent emeritae post munera disciplinae,</l>
                    <l n="453">latius Arctoi praeconia persequar amnis,</l>
                    <l n="454">addam urbes, tacito quas subterlaberis alveo,</l>
                    <l n="455">moeniaque antiquis te prospectantia muris; </l>
                    <l n="456">addam praesidiis dubiarum condita rerum,</l>
                    <l n="457">sed modo securis non castra, sed horrea Belgis;</l>
                    <l n="458">addam felices ripa ex utraque colonos</l>
                    <l n="459">teque inter medios hominumque boumque labores</l>
                    <l n="460">stringentem ripas et pinguia culta secantem. </l>
                    <l n="461">non tibi se Liger anteferet, non Axona praeceps,</l>
                    <l n="462">Matrona non, Gallis Belgisque intersita finis,</l>
                    <l n="463">Santonico refluus non ipse Carantonus aestu,</l>
                    <l n="464">concedes gelido, Durani, de monte volutus</l>
                    <l n="465">amnis, et auriferum postponet Gallia Tamen </l>
                    <pb n="v.1.p.262"/>
                    <l n="466">insanumque ruens per saxa rotantia late</l>
                    <l n="467">in mare purpureum, dominae tamen ante Mosellae</l>
                    <l n="468">numine adorato, Tarbellicus ibit Aturrus.</l>
                    <l n="469">Corniger externas celebrande Mosella per oras,</l>
                    <l n="470">nec solis celebrande locis, ubi fonte supremo </l>
                    <l n="471">exeris auratum taurinae frontis honorem,</l>
                    <l n="472">quave trahis placidos sinuosa per arva meatus,</l>
                    <l n="473">vel qua Germanis sub portibus ostia solvis:</l>
                    <l n="474">si quis honos tenui volet adspirare camenae,</l>
                    <l n="475">perdere si quis in his dignabitur otia musis, </l>
                    <l n="476">ibis in ora hominum laetoque fovebere cantu,</l>
                    <l n="477">te fontes vivique lacus, te caerula noscent</l>
                    <l n="478">flumina, te veteres pagorum gloria luci;</l>
                    <l n="479">te Druna, te sparsis incerta Druentia ripis</l>
                    <l n="480">Alpinique colent fluvii duplicemque per urbem </l>
                    <l n="481">qui meat et Dextrae Rhodanus dat nomina ripae;</l>
                    <l n="482">te stagnis ego caeruleis magnumque sonoris</l>
                    <l n="483">amnibus, aequoreae te commendabo Garumnae.</l>
                    <pb n="v.1.p.264"/>
                </div>

                <div type="textpart" n="ep" subtype="section">
                    <head>Epistula Symmachi ad Ausonium</head>
                    <label rend="opener">Symmachus Ausonio</label>
                    <p n="1">Petis a me litteras longiores: est hoc in nos veri amoris indicium, sed ego,
                        qui sim paupertini ingenii mei conscius, Laconicae malo studere brevitati,
                        quam multiiugis paginis infantiae meae maciem publicare. nec mirum, si
                        eloquii nostri vena tenuata est, quam dudum neque ullius poematis tui neque
                        pedestrium voluminum lectione iuvisti. unde igitur sermonis mei largam
                        poscis usuram, qui nihil litterati faenoris credidisti? volitat tuus Mosella
                        per manus sinusque multorum divinis a te versibus consecratus: sed tantum
                        nostra ora praelabitur. cur me istius libelli, quaeso, exortem esse
                        voluisti? aut <foreign xml:lang="grc">ἀμουσότεροσ</foreign> tibi videbar,
                        qui iudicare non possem, aut certe malignus, qui laudare nescirem. itaque
                        vel ingenio meo plurimum vel moribus derogasti. et tamen contra interdictum
                        tuum vix ad illius operis arcana perveni, velim tacere, quid sentiam; velim
                        iusto de te silentio vindicari; sed admiratio scriptorum sensum frangit
                        iniuriae.</p>
                    <p n="2">Novi ego istum fluvium, cum aeternorum principum iam pridem signa comitarer,
                        parem multis, <pb n="v.1.p.266"/> imparem maximis, hunc tu mihi inproviso
                        clarorum versuum dignitate Aegyptio Nilo maiorem, frigidiorem Scythico Tanai
                        clarioremque hoc nostro populari Tiberi reddidisti. nequaquam tibi crederem
                        de Mosellae ortu ac meatu magna narranti, ni scirem, quod nec in poemate
                        mentiaris. unde illa amnicorum piscium examina repperisti quam nominibus
                        varia, tam coloribus, ut magnitudine distanti, sic sapore, quae tu pigmentis
                        istius carminis supra naturae dona fucasti? atquin in tuis mensis saepe
                        versatus cum pleraque alia, quae tunc in pretio erant, esui obiecta mirarer,
                        numquam hoc genus piscium deprehendi, quando tibi hi pisces in libro nati
                        sunt, qui in ferculis non fuerunt? iocari me putas atque agere nugas? ita
                        deus me probabilem praestet, ut ego hoc tuum carmen libris Maronis adiungo.
                        Sed iam desinam mei oblitus doloris inhaerere laudibus tuis, ne hoc quoque
                        ad gloriam tuam trahas, quod te miramur offensi, spargas licet volumina tua
                        et me semper excipias: fruemur tamen tuo opere, sed aliorum benignitate,
                        vale. <pb n="v.1.p.268"/>
                    </p>
                </div>
            </div>
        </body>
    </text>
</TEI>
