<?xml version="1.0" encoding="UTF-8"?>
<?xml-model href="http://www.stoa.org/epidoc/schema/8.19/tei-epidoc.rng"
    schematypens="http://relaxng.org/ns/structure/1.0"?>
<?xml-model href="http://www.stoa.org/epidoc/schema/8.19/tei-epidoc.rng"
    schematypens="http://purl.oclc.org/dsdl/schematron"?>
<TEI xmlns="http://www.tei-c.org/ns/1.0">
    <teiHeader>
        <fileDesc>
            <titleStmt>
                <title>Ephemeris id est totius diei negotium</title>
                <author>Ausonius, Decimus Magnus</author>
                <editor>Hugh G. Evelyn-White</editor>
                <sponsor>Perseus Project, Tufts University</sponsor>
                <principal>Gregory Crane</principal>
                <respStmt>
                    <resp>Prepared under the supervision of</resp>
                    <name>Bridget Almas</name>
                    <name>Lisa Cerrato</name>
                    <name>Rashmi Singhal</name>
                </respStmt>
                <funder n="org:Mellon">The Mellon Foundation</funder>
            </titleStmt>
            <publicationStmt>
                <publisher>Trustees of Tufts University</publisher>
                <pubPlace>Medford, MA</pubPlace>
                <authority>Perseus Project</authority>
                <date type="release">2011-07-09</date>
            </publicationStmt>
            <sourceDesc>
                <biblStruct>
                    <monogr>
                        <title>Ausonius. Works.</title>                        
                        <title>Ausonius, Vol 1</title>
                        <author>Ausonius, Decimus Magnus</author>
                        <editor role="editor">Hugh G. Evelyn-White</editor>
                        <imprint>
                            <publisher>William Heinemann Ltd.; Harvard University Press</publisher>
                            <pubPlace>London; Cambridge, Massachusetts</pubPlace>
                            <date>1919</date>
                        </imprint>
                    </monogr>
                    <ref target="https://archive.org/stream/deciausonius01ausouoft#page/12/mode/2up">Internet Archive</ref>
                </biblStruct>
         </sourceDesc>
        </fileDesc>
        
        <encodingDesc>
         <refsDecl n="CTS">
            <cRefPattern n="line"
                         matchPattern="(\w+).(\w+)"
                         replacementPattern="#xpath(/tei:TEI/tei:text/tei:body/tei:div/tei:div[@n='$1']/tei:l[@n='$2'])">
               <p>This pointer pattern extracts line</p>
            </cRefPattern>
            <cRefPattern n="poem"
                         matchPattern="(\w+)"
                         replacementPattern="#xpath(/tei:TEI/tei:text/tei:body/tei:div/tei:div[@n='$1'])">
               <p>This pointer pattern extracts poem and line</p>
            </cRefPattern>
         </refsDecl>
         <refsDecl n="TEI.2">
            <refState unit="card"/>
         </refsDecl>
      </encodingDesc>
        
        <profileDesc>
            <langUsage>
                <language ident="lat">Latin</language>
                <language ident="grc">Greek</language>
            </langUsage>
        </profileDesc>
      <revisionDesc>
         <change when="2015-12-07" who="Thibault Clérice">Epidoc and CTS. URN updated accordingly</change>
      </revisionDesc>
   </teiHeader>
    
    <text>
        <body>
         <div n="urn:cts:latinLit:stoa0045.stoa008.perseus-lat2"
              xml:lang="lat"
              type="edition">
            <pb n="v.1.p.12"/>
                <div type="textpart" n="1" subtype="poem">
               <l n="1">MANE iam clarum reserat fenestras,</l>
               <l n="2">iam strepit nidis vigilax hirundo:</l>
               <l n="3">tu velut primam mediamque noctem,</l>
               <l n="4">Parmeno, dormis.</l>
               <l n="5">dormiunt glires hiemem perennem, </l>
               <l n="6">sed cibo parcunt: tibi causa somni,</l>
               <l n="7">multa quod potas nimiaque tendis <note n="1"/>
               </l>
               <l n="8">mole saginam.</l>
               <l n="9">inde nec flexas sonus intrat aures</l>
               <l n="10">et locum mentis sopor altus urget </l>
               <l n="11">nec coruscantis oculos lacessunt</l>
               <l n="12">fulgura lucis.</l>
               <l n="13">annuam quondam iuveni quietem,</l>
               <l n="14">noctis et lucis vicibus manentem,</l>
               <l n="15">fabulae fingunt, cui Luna somnos </l>
               <l n="16">continuarit.</l>
                    <pb n="v.1.p.14"/>
               <l n="17">surge, nugator, lacerande virgis:</l>
               <l n="18">surge, ne longus tibi somnus, unde</l>
               <l n="19">non times, detur: rape membra molli,</l>
               <l n="20">Parmeno, lecto. </l>
               <l n="21">fors et haec somnum tibi cantilena</l>
               <l n="22">Sapphico suadet modulata versu?</l>
               <l n="23">Lesbiae depelle modum quietis, </l>
               <l n="24">cer iambe.</l>
                    
                </div>
                
                <div type="textpart" n="2" subtype="poem">
               <head>PARECBASIS</head>
               <l n="1">PUER, eia, surge et calceos</l>
               <l n="2">et linteam da sindonem.</l>
               <l n="3">da, quidquid est, amictui</l>
               <l n="4">quod iam parasti, ut prodeam.</l>
               <l n="5">da rore fontano abluam </l>
               <l n="6">manus et os et lumina.</l>
               <l n="7">pateatque, fac, sacrarium</l>
               <l n="8">nullo paratu extrinsecus:</l>
               <l n="9">pia verba, vota innoxia,</l>
               <l n="10">rei divinae copia est. </l>
               <l n="11">nec tus cremandum postulo</l>
               <l n="12">nec liba crusti mellei,</l>
               <l n="13">foculumque vivi caespitis</l>
               <l n="14">vanis relinquo altaribus.</l>
               <l n="15">Deus precandus est mihi </l>
               <l n="16">ac filius summi Dei,</l>
               <l n="17">maiestas unius modi,</l>
               <l n="18">sociata sacro spiritu.</l>
               <l n="19">et ecce iam vota ordior:</l>
               <l n="20">et cogitatio numinis </l>
               <l n="21">praesentiam sentit pavens.</l>
               <l n="22">pavetne quidquam spes, fides? <note n="1"/>
               </l>
                    <pb n="v.1.p.16"/>
                </div>
                
                <div type="textpart" n="3" subtype="poem">
               <head>ORATIO</head>
               <l n="1">OMNIPOTENS, solo mentis mihi cognite cultu,</l>
               <l n="2">ignorate malis et nulli ignote piorum:</l>
               <l n="3">principio extremoque carens, antiquior aevo,</l>
               <l n="4">quod fuit aut veniet: cuius formamque modumque</l>
               <l n="5">nec mens conplecti poterit nec lingua profari: </l>
               <l n="6">cernere quem solus coramque audire iubentem</l>
               <l n="7">fas habet et patriam propter considere dextram</l>
               <l n="8">ipse opifex rerum, rebus causa ipse creandis,</l>
               <l n="9">ipse dei verbum, verbum deus, anticipator</l>
               <l n="10">mundi, quem facturus erat: generatus in illo </l>
               <l n="11">tempore, quo tempus nondum fuit: editus ante</l>
               <l n="12">quam iubar et rutilus caelum inlustraret Eous:</l>
               <l n="13">quo sine nil actum, per quem facta omnia:<note n="1"/> cuius</l>
               <l n="14">in caelo solium, cui subdita terra sedenti</l>
               <l n="15">et mare et obscurae chaos insuperabile noctis: </l>
               <l n="16">inrequies, cuncta ipse movens, vegetator inertum:</l>
               <l n="17">non genito genitore deus, qui fraude superbi</l>
               <l n="18">offensus populi gentes in regna vocavit,</l>
               <l n="19">stirpis adoptivae meliore propage colendus:</l>
               <l n="20">cernere quem licuit proavis, quo numine viso </l>
               <l n="21">et patrem vidisse datum:<note n="2"/> contagia nostra</l>
               <l n="22">qui tulit<note n="3"/> et diri passus ludibria leti</l>
               <l n="23">esse iter aeternae docuit remeabile vitae:</l>
               <l n="24">nec solam remeare animam, sed corpore toto</l>
               <l n="25">caelestes intrare plagas et inane sepulcri </l>
               <l n="26">arcanum vacuis adopertum linquere terris.</l>
                    <pb n="v.1.p.18"/>
               <l n="27">Nate patris summi nostroque salutifer aevo,</l>
               <l n="28">virtutes patrias genitor cui tradidit omnes,</l>
               <l n="29">nil ex invidia retinens plenusque datorum,</l>
               <l n="30">pande viam precibus patriasque haec perfer ad aures. </l>
               <l n="31">Da, pater, invictam contra omnia crimina mentem</l>
               <l n="32">vipereumque nefas nocituri averte veneni,</l>
               <l n="33">sit satis, antiquam serpens quod prodidit Aevvam</l>
               <l n="34">deceptumque adiunxit Adam: nos sera nepotum</l>
               <l n="35">semina, veridicis olim praedicta prophetis, </l>
               <l n="36">vitemus laqueos, quos letifer inplicat anguis.</l>
               <l n="37">Pande viam, quae me post vincula corporis aegri</l>
               <l n="38">in sublime ferat, puri qua lactea caeli</l>
               <l n="39">semita! ventosae superat vaga nubila lunae,</l>
               <l n="40">qua proceres abiere pii quaque integer olim </l>
               <l n="41">raptus quadriiugo penetrat super aera curru</l>
               <l n="42">Elias et solido cum corpore praevius Enoch.</l>
               <l n="43">Da, pater, aeterni speratam luminis auram,</l>
               <l n="44">si lapides non iuro deos unumque verendi</l>
               <l n="45">suspiciens altare sacri libamina vitae </l>
               <l n="46">intemerata fero: si te dominique deique</l>
               <l n="47">unigenae cognosco patrem mixtumque duobus,</l>
               <l n="48">qui super aequoreas volitabat spiritus undas.<note n="1"/>
               </l>
               <l n="49">Da, genitor, veniam cruciataque pectora purga:</l>
               <l n="50">si te non pecudum fibris, non sanguine fuso </l>
                    <pb n="v.1.p.20"/>
               <l n="51">quaero nec arcanis numen coniecto sub extis:</l>
               <l n="52">si scelere abstineo errori obnoxius et si</l>
               <l n="53">opto magis, quam fido, bonus purusque probari.</l>
               <l n="54">confessam dignare animam, si membra caduca</l>
               <l n="55">execror et tacitum si paenitet altaque sensus </l>
               <l n="56">formido excruciat tormentaque sera gehennae</l>
               <l n="57">anticipat patiturque suos mens saucia manes.<note n="1"/>
               </l>
               <l n="58">Da, pater, haec nostro fieri rata vota precatu.</l>
               <l n="59">nil metuam cupiamque nihil:<note n="2"/> satis hoc rear esse,</l>
               <l n="60">quod satis est; nil turpe velim nec causa pudoris </l>
               <l n="61">sim mihi; non faciam cuiquam, quae tempore eodem</l>
               <l n="62">nolim facta mihi.<note n="3"/> nec vero crimine laedar</l>
               <l n="63">nec maculer dubio: paulum distare videtur</l>
               <l n="64">suspectus vereque reus. male posse facultas</l>
               <l n="65">nulla sit et bene posse adsit tranquilla potestas. </l>
               <l n="66">sim tenui victu atque habitu, sim carus amicis</l>
               <l n="67">et semper genitor sine vulnere nominis huius,</l>
               <l n="68">non animo doleam, non corpore: cuncta suetis</l>
               <l n="69">fungantur membra officiis: nec saucius ullis</l>
               <l n="70">partibus amissum quidquam desideret usus. </l>
               <l n="71">pace fruar, securus agam, miracula terrae</l>
               <l n="72">nulla putem, suprema dii cum venerit hora,</l>
               <l n="73">nec timeat mortem bene conscia vita nec optet.</l>
               <l n="74">purus ab occultis cum te indulgente videbor,</l>
               <l n="75">omnia despiciam, fuerit cum sola voluptas </l>
               <l n="76">iudicium sperare tuum; quod dum sua differt</l>
                    <pb n="v.1.p.22"/>
               <l n="77">tempora cunctaturque dies, procul exige saevum</l>
               <l n="78">insidiatorem blandis erroribus anguem.</l>
               <l n="79">Haec pia, sed maesto trepidantia vota reatu,</l>
               <l n="80">nate, aput aeternum placabilis adsere patrem, </l>
               <l n="81">salvator, deus ac dominus, mens, gloria, verbum,</l>
               <l n="82">filius, ex vero verus, de lumine lumen,</l>
               <l n="83">aeterno cum patre manens, in saecula regnans,</l>
               <l n="84">consona quem celebrant modulati carmina David:<note n="1"/>
               </l>
               <l n="85">et responsuris ferit aera vocibus amen. </l>
                    
                </div>
                
                <div type="textpart" n="4" subtype="poem">
               <head>EGRESSIO</head>
               <l n="1">SATIS precum datum deo,</l>
               <l n="2">quamvis satis numquam reis</l>
               <l n="3">fiat precatu numinis.</l>
               <l n="4">habitum forensem da, puer.</l>
               <l n="5">dicendum amicis est have </l>
               <l n="6">valeque, quod fit mutuum.</l>
               <l n="7">quod cum per horas quattuor</l>
               <l n="8">
                  <add>cursum citatis sol equis</add> 
                  <note n="2"/>
               </l>
               <l n="9">inclinet ad meridiem,</l>
               <l n="10">monendus est iam Sosias.</l>
                    
                </div>
                
                <div type="textpart" n="5" subtype="poem">
               <head>LOCUS INVITATIONIS</head>
               <l n="1">TEMPUS vocandis namque amicis adpetit;</l>
               <l n="2">ne nos vel illis demoremur prandium,</l>
               <l n="3">propere per aedes curre vicinas, puer.</l>
               <l n="4">scis ipse, qui sint: iamque dum loquor, redi.</l>
               <l n="5">quinque advocavi; sex enim convivium </l>
               <l n="6">cum rege iustum: si super, convicium est..</l>
               <l n="7">abiit; relicti nos sumus cum Sosia.</l>
                    <pb n="v.1.p.24"/>
                </div>
                
                <div type="textpart" n="6" subtype="poem">
               <head>LOCUS ORDINANDI COQUI.</head>
               <l n="1">SOSIA, prandendum est. quartam iam totus in horam</l>
               <l n="2">sol calet: ad quintam flectitur umbra notam.</l>
               <l n="3">an vegeto madeant condita opsonia gustu</l>
               <l n="4">(fallere namque solent), experiundo proba.</l>
               <l n="5">concute ferventes palmis volventibus ollas, </l>
               <l n="6">tingue celer digitos iure calente tuos,</l>
               <l n="7">vibranti lambat quos umida lingua recursu<note n="1"/>
               </l>
                    <gap reason="omitted"/>
                    
                    </div>
                
                <div type="textpart" n="7" subtype="poem">
               <head>VII.-<add>IN NOTARIUM IN SCRIBENDO VELOCISSIMUM</add>
               </head>
               <l n="1">Puer, notarum praepetum</l>
               <l n="2">sollers minister, advola,</l>
               <l n="3">bipatens pugillar expedi,</l>
               <l n="4">cui multa fandi copia,</l>
               <l n="5">punctis peracta singulis, </l>
               <l n="6">ut una vox absolvitur.</l>
               <l n="7">ego volvo libros uberes</l>
               <l n="8">instarque densae grandinis</l>
               <l n="9">torrente lingua perstrepo:</l>
               <l n="10">tibi nec aures ambigunt, </l>
               <l n="11">nec occupatur pagina</l>
               <l n="12">et mota parce dextera</l>
               <l n="13">volat per aequor cereum.</l>
               <l n="14">cum maxime nunc proloquor</l>
               <l n="15">circumloquentis ambitu, </l>
               <l n="16">tu sensa nostri pectoris</l>
               <l n="17">vix dicta iam ceris tenes,</l>
               <l n="18">sentire tam velox mihi</l>
               <l n="19">vellem dedisset mens mea,</l>
                    <pb n="v.1.p.26"/>
               <l n="20">quam praepetis dextrae fuga </l>
               <l n="21">tu me loquentem praevenis.</l>
               <l n="22">Quis, quaeso, quis me prodidit?</l>
               <l n="23">quis ista iam dixit tibi,</l>
               <l n="24">quae cogitabam dicere?</l>
               <l n="25">quae furta corde in intimo </l>
               <l n="26">exercet ales dextera?</l>
               <l n="27">quis ordo rerum tam novus,</l>
               <l n="28">veniat in aures ut tuas,</l>
               <l n="29">quod lingua nondum absolverit?</l>
               <l n="30">doctrina non hoc praestitit </l>
               <l n="31">nec ulla tam velox manus</l>
               <l n="32">celeripedis compendii:</l>
               <l n="33">natura munus hoc tibi</l>
               <l n="34">deusque donum tradidit,</l>
               <l n="35">quae loquerer, ut scires prius</l>
               <l n="36">idemque velles, quod volo.</l>
            </div>
                
                <div type="textpart" n="8" subtype="poem">
                  <gap reason="omitted"/>
               <l n="a">
                  <add>Discutiunt nobis placidos portenta sopores,</add>
               </l>
               <l n="b">
                  <add>qualia miramur, cum saepius aethere in alto</add>
               </l>
               <l n="c">
                  <add>conciliant varias coetu vaga nubila formas</add>
               </l>
               <l n="1">quadrupedum et volucrum, vel cum terrena marinis</l>
               <l n="2">monstra admiscentur; donec purgantibus euris</l>
               <l n="3">difflatae liquidum tenuentur in area nubes,</l>
               <l n="4">nunc fora, nunc lites, lati modo pompa theatri</l>
               <l n="5">visitur: et turmas equitum caedesque latronum </l>
               <l n="6">perpetior: lacerat nostros fera belua vultus</l>
               <l n="7">aut in sanguinea gladio grassamur harena.</l>
                    <pb n="v.1.p.28"/>
               <l n="8">per mare navifragum gradior pedes et freta cursu</l>
               <l n="9">transilio et subitis volito super aera pinnis,</l>
               <l n="10">infandas etiam veneres incestaque noctis </l>
               <l n="11">dedecora et tragicos patimur per somnia coetus,</l>
               <l n="12">perfugium tamen est, quotiens portenta soporum</l>
               <l n="13">solvit rupta pudore quies et imagine foeda</l>
               <l n="14">libera mens vigilat: totum bene conscia lectum</l>
               <l n="15">pertractat secura manus: probrosa recedit </l>
               <l n="16">culpa tori et profugi manascunt crimina somni,</l>
               <l n="17">cerno triumphantes inter me plaudere: rursum</l>
               <l n="18">inter captivos trahor exarmatus Alanos.</l>
               <l n="19">templa deum sanctasque fores palatiaque aurea</l>
               <l n="20">specto et Sarrano videor discumbere in ostro </l>
               <l n="21">et mox fumosis conviva adcumbo popinis.</l>
               <l n="22">Divinum perhibent vatem sub frondibus ulmi</l>
               <l n="23">vana ignavorum simulacra locasse soporum</l>
               <l n="24">et geminas numero portas: quae fornice eburno</l>
               <l n="25">semper fallaces glomerat super aera formas: </l>
               <l n="26">altera, quae veros emittit cornea visus,</l>
               <l n="27">quod si de dubiis conceditur optio nobis,</l>
               <l n="28">desse fidem laetis melius quam vana timeri,</l>
               <l n="29">ecce ego iam malim falli; nam, dum modo semper</l>
               <l n="30">tristia vanescant, potius caruisse fruendis, </l>
               <l n="31">quam trepidare malis, satis est bene, si metus absit,</l>
               <l n="32">sunt et qui fletus et gaudia controversum</l>
               <l n="33">coniectent varioque trahant eventa relatu.</l>
                    <pb n="v.1.p.30"/>
               <l n="34">Ite per oblicos caeli, mala somnia, mundos,</l>
               <l n="35">inrequieta vagi qua difflant nubila nimbi;</l>
               <l n="36">lunares habitate polos: quid nostra subitis</l>
               <l n="37">limina et angusti tenebrosa cubilia tecti?</l>
               <l n="38">me sinite ignavas placidum traducere noctes,</l>
               <l n="39">dum redeat roseo mihi Lucifer aureus ortu.</l>
               <l n="40">quod si me nullis vexatum nocte figuris </l>
               <l n="41">mollis tranquillo permulserit aere somnus,</l>
               <l n="42">hunc lucum, nostro viridis qui frondet in agro</l>
               <l n="43">ulmeus, excubiis habitandum dedico vestris</l>
                    <pb n="v.1.p.32"/>
                </div>
        </div>
      </body>
    </text>
</TEI>
