<?xml version="1.0" encoding="UTF-8"?>
<?xml-model href="http://www.stoa.org/epidoc/schema/8.19/tei-epidoc.rng"
    schematypens="http://relaxng.org/ns/structure/1.0"?>
<?xml-model href="http://www.stoa.org/epidoc/schema/8.19/tei-epidoc.rng"
    schematypens="http://purl.oclc.org/dsdl/schematron"?>
<TEI xmlns="http://www.tei-c.org/ns/1.0">
    <teiHeader>
        <fileDesc>
            <titleStmt>
                <title>Oratio Consulis Ausonii Versibus Rhopalicis</title>                
                <author>Ausonius, Decimus Magnus</author>
                <editor>Hugh G. Evelyn-White</editor>                
                <sponsor>Perseus Project, Tufts University</sponsor>
                <principal>Gregory Crane</principal>
                <respStmt>
                    <resp>Prepared under the supervision of</resp>
                    <name>Bridget Almas</name>
                    <name>Lisa Cerrato</name>
                    <name>Rashmi Singhal</name>
                </respStmt>
                <funder n="org:Mellon">The Mellon Foundation</funder>
            </titleStmt>
            <publicationStmt>
                <publisher>Trustees of Tufts University</publisher>
                <pubPlace>Medford, MA</pubPlace>
                <authority>Perseus Project</authority>
                <date type="release">2011-07-09</date>
            </publicationStmt>
            <sourceDesc>
                <biblStruct>
                    <monogr>
                        <title>Ausonius. Works.</title>
                        <title>Ausonius, Vol 1</title>
                        <author>Ausonius, Decimus Magnus</author>
                        <editor role="editor">Hugh G. Evelyn-White</editor>
                        <imprint>
                            <publisher>William Heinemann Ltd.; Harvard University Press</publisher>
                            <pubPlace>London; Cambridge, Massachusetts</pubPlace>
                            <date>1919</date>
                        </imprint>
                    </monogr>
                    <ref target="http://www.archive.org/stream/deciausonius01ausouoft#page/38/mode/2up">Internet Archive</ref>
                </biblStruct>
            </sourceDesc>
        </fileDesc>
        
        <encodingDesc>
            <refsDecl n="CTS">
                <cRefPattern n="line"
                         matchPattern="(\w+)"
                         replacementPattern="#xpath(/tei:TEI/tei:text/tei:body/tei:div/tei:div/tei:l[@n='$1'])">
                    <p>This pointer pattern extracts book</p>
                </cRefPattern>
            </refsDecl>
            <refsDecl n="TEI.2">
                <refState unit="card"/>
            </refsDecl>
        </encodingDesc>
        
        <profileDesc>
            <langUsage>
                <language ident="lat">Latin</language>
                <language ident="grc">Greek</language>
            </langUsage>
        </profileDesc>
      <revisionDesc>
         <change when="2015-12-07" who="Thibault Clérice">Epidoc and CTS. URN updated accordingly</change>
      </revisionDesc>
   </teiHeader>
    
    <text>
        <body>
            <div n="urn:cts:latinLit:stoa0045.stoa020.perseus-lat2"
              xml:lang="lat"
              type="edition">
                <div type="textpart" n="3" subtype="section">
                    <head>ORATIO CONSULIS AUSONII, VERSIBUS RHOPALICIS <note n="1"/>
               </head>
                    <l n="1">Spes, deus, aeternae stationis conciliator:</l>
                    <l n="2">si castis precibus veniales invigilamus,</l>
                    <l n="3">his, pater, oratis placabilis adstipulare.</l>
                    <l n="4">Da, Christe, specimen cognoscier inreprehensum,</l>
                    <l n="5">rex bone, cultorum famulantum vivificator. </l>
                    <l n="6">cum patre maiestas altissima, non generate.<note n="2"/>
               </l>
                    <l n="7">Da trinum columen paraclito consociante,</l>
                    <l n="8">ut longum celebris devotio continuetur:</l>
                    <l n="9">ad temet properant vigilatum convenienter.</l>
                    <l n="10">Nox lucem revehet funalibus anteferendam, </l>
                    <l n="11">nox lumen pariens credentibus indubitatum,</l>
                    <l n="12">nox flammis operum meditatrix sidereorum.</l>
                    <l n="13">Tu mensis dirimis ieiunia relligiosa,</l>
                    <l n="14">tu bona promittens surgentia concelebraris:</l>
                    <l n="15">da, rector, modicos effarier omnipotentem. </l>
                    <l n="16">Fons tuus emundat recreatu iustificatos,</l>
                    <l n="17">dans mentem oblitam positorum flagitiorum,</l>
                    <l n="18">dans agnos niveos splendescere purificatos.</l>
                    <l n="21">Lux verbo inducta,<note n="3"/> peccantibus auxiliatrix,</l>
                    <l n="19">ut nova Iordanis ablutio, sanctificavit,</l>
                    <pb n="v.1.p.40"/>
                    <l n="20">cum sua dignati tinguentia promeruerunt. </l>
                    <l n="22">Et Christus regimen elementis inrequietis</l>
                    <l n="23">fert undam medici baptismatis intemerati,</l>
                    <l n="24">ut noxam auferret mortalibus extenuatam.</l>
                    <l n="25">Crux poenae extremum properata inmaculato, </l>
                    <l n="26">ut vitam amissam renovaret mortificatus,</l>
                    <l n="28">tot rerum titulis obnoxius immodicarum.</l>
                    <l n="27">Quis digne domino praeconia continuabit?</l>
                    <l n="29">an terra humano locupletat commemoratu,</l>
                    <l n="30">quem vocum resonant modulatus angelicarum?</l>
                    <l n="31">Dans aulam Stephano pretiosam dilapidato,</l>
                    <l n="32">dans claves superas cathedrali incohatori,</l>
                    <l n="33">quin Paulum infestum copulasti adglomeratu.</l>
                    <l n="34">Fit doctor populi lapidantum constimulator,</l>
                    <l n="35">ut latro confessor paradisum participavit, </l>
                    <l n="36">sic, credo, adnectens dirissima clarificandis.</l>
                    <l n="37">Nos seros famulos adcrescere perpetieris</l>
                    <l n="38">sub tali edoctos antistite relligionis; </l>
                    <l n="39">da sensum solida stabilitum credulitate.</l>
                    <l n="40">Fac iungar numero redivivo glorificatus, </l>
                    <l n="41">ad- caelum invitans consortia terrigenarum,</l>
                    <l n="42">SPES, DEUS, AETERNAE STATIONIS CONCILIATOR!</l>
                </div>
            </div>
        </body>
    </text>
</TEI>
