<?xml version="1.0" encoding="UTF-8"?>
<?xml-model href="http://www.stoa.org/epidoc/schema/8.19/tei-epidoc.rng"
    schematypens="http://relaxng.org/ns/structure/1.0"?>
<?xml-model href="http://www.stoa.org/epidoc/schema/8.19/tei-epidoc.rng"
    schematypens="http://purl.oclc.org/dsdl/schematron"?>
<TEI xmlns="http://www.tei-c.org/ns/1.0">
    <teiHeader>
        <fileDesc>
            <titleStmt>
                <title>Versus Paschales Pro Augusto Dicti</title>                
                <author>Ausonius, Decimus Magnus</author>
                <editor>Hugh G. Evelyn-White</editor>
                <sponsor>Perseus Project, Tufts University</sponsor>
                <principal>Gregory Crane</principal>
                <respStmt>
                    <resp>Prepared under the supervision of</resp>
                    <name>Bridget Almas</name>
                    <name>Lisa Cerrato</name>
                    <name>Rashmi Singhal</name>
                </respStmt>
                <funder n="org:Mellon">The Mellon Foundation</funder>
            </titleStmt>
            <publicationStmt>
                <publisher>Trustees of Tufts University</publisher>
                <pubPlace>Medford, MA</pubPlace>
                <authority>Perseus Project</authority>
                <date type="release">2011-07-09</date>
            </publicationStmt>
            <sourceDesc>
                <biblStruct>
                    <monogr>
                        <title>Ausonius. Works.</title>
                        <title>Ausonius, Vol 1</title>
                        <author>Ausonius, Decimus Magnus</author>
                        <editor role="editor">Hugh G. Evelyn-White</editor>
                        <imprint>
                            <publisher>William Heinemann Ltd.; Harvard University Press</publisher>
                            <pubPlace>London; Cambridge, Massachusetts</pubPlace>
                            <date>1919</date>
                        </imprint>
                    </monogr>
                </biblStruct>
            </sourceDesc>
        </fileDesc>
        
        <encodingDesc>
            <refsDecl n="CTS">
                <cRefPattern n="line"
                         matchPattern="(\w+)"
                         replacementPattern="#xpath(/tei:TEI/tei:text/tei:body/tei:div/tei:div/tei:l[@n='$1'])">
                    <p>This pointer pattern extracts book and poem and line</p>
                </cRefPattern>
            </refsDecl>
            <refsDecl n="TEI.2">
                <refState unit="card"/>
            </refsDecl>
        </encodingDesc>
        
        <profileDesc>
            <langUsage>
                <language ident="lat">Latin</language>
            </langUsage>
        </profileDesc>
      <revisionDesc>
         <change when="2015-12-07" who="Thibault Clérice">Epidoc and CTS. URN updated accordingly</change>
      </revisionDesc>
   </teiHeader>
    
    <text>
        <body>
            <div n="urn:cts:latinLit:stoa0045.stoa027.perseus-lat2"
              xml:lang="lat"
              type="edition">
                <div type="textpart" n="1" subtype="section">
                    <l n="1">Sancta salutiferi redeunt sollemnia Christi</l>
                    <l n="2">et devota pii celebrant ieiunia mystae.</l>
                    <l n="3">at nos aeternum cohibentes pectore cultum</l>
                    <l n="4">intemeratorum vim continuamus honorum.</l>
                    <l n="5">annua cura sacris, iugis reverentia nobis. </l>
                    <pb n="v.1.p.36"/>
                    <l n="6">Magne pater rerum, cui terra et pontus et aer</l>
                    <l n="7">Tartaraque et picti servit plaga lactea caeli,</l>
                    <l n="8">noxia quem scelerum plebis tremit almaque russum</l>
                    <l n="9">concelebrat votis animarum turba piarum:</l>
                    <l n="10">tu brevis hunc aevi cursum celeremque caducae </l>
                    <l n="11">finem animae donas aeternae munere vitae.1</l>
                    <l n="12">tu mites legum monitus sacrosque prophetas</l>
                    <l n="13">humano impertis generi servasque nepotes,</l>
                    <l n="14">deceptum miseratus Adam, quem capta venenis</l>
                    <l n="15">implicuit socium blandis erroribus Aevva. 2 </l>
                    <l n="16">tu verbum, pater alme, tuum, natumque deumque,</l>
                    <l n="17">concedis terris totum similemque paremque,</l>
                    <l n="18">ex vero verum vivaque ab origine vivum,</l>
                    <l n="19">ille tuis doctus monitis hoc addidit unum,</l>
                    <l n="20">ut, super aequoreas nabat qui spiritus undas,3 </l>
                    <l n="21">pigra inmortali vegetaret membra lavacro,</l>
                    <l n="22">trina fides auctore uno, spes certa salutis</l>
                    <l n="22b">
                  <gap reason="lost"/>
                  <add>da veniam et praesta speratae munera vitae</add>
               </l>
                    <l n="23">hunc numerum iunctis virtutibus amplectenti.</l>
                    <l n="24">Tale et terrenis specimen spectatur in oris</l>
                    <l n="25">Augustus genitor, geminum sator Augustorum, </l>
                    <l n="26">qui fratrem natumque pio conplexus utrumque</l>
                    <l n="27">numine partitur regnum neque dividit unum,</l>
                    <l n="28">omnia solus habens atque omnia dilargitus.</l>
                    <l n="29">hos igitur nobis trina pietate vigentes,</l>
                    <pb n="v.1.p.38"/>
                    <l n="30">rectores terrae placidos caelique ministros, </l>
                    <l n="31">Christe, aput aeternum placabilis adsere patrem.</l>
                    
                </div>
            </div>
        </body>
    </text>
</TEI>
