<?xml version="1.0" encoding="UTF-8"?>
<?xml-model href="http://www.stoa.org/epidoc/schema/8.19/tei-epidoc.rng"
    schematypens="http://relaxng.org/ns/structure/1.0"?>
<?xml-model href="http://www.stoa.org/epidoc/schema/8.19/tei-epidoc.rng"
    schematypens="http://purl.oclc.org/dsdl/schematron"?>
<TEI xmlns="http://www.tei-c.org/ns/1.0">
    <teiHeader>
        <fileDesc>
            <titleStmt>
                <title>Technopaegnion</title>
                <author>Ausonius, Decimus Magnus</author>
                <editor>Hugh G. Evelyn-White</editor>
                <sponsor>Perseus Project, Tufts University</sponsor>
                <principal>Gregory Crane</principal>
                <respStmt>
                    <resp>Prepared under the supervision of</resp>
                    <name>Bridget Almas</name>
                    <name>Lisa Cerrato</name>
                    <name>Rashmi Singhal</name>
                </respStmt>
                <funder n="org:Mellon">The Mellon Foundation</funder>
            </titleStmt>
            <publicationStmt>
                <publisher>Trustees of Tufts University</publisher>
                <pubPlace>Medford, MA</pubPlace>
                <authority>Perseus Project</authority>
                <date type="release">2011-07-09</date>
            </publicationStmt>
            <sourceDesc>
                <biblStruct>
                    <monogr>
                        <title>Ausonius. Works.</title>
                        <title>Ausonius, Vol 1</title>
                        <author>Ausonius, Decimus Magnus</author>
                        <editor role="editor">Hugh G. Evelyn-White</editor>
                        <imprint>
                            <publisher>William Heinemann Ltd.; Harvard University Press</publisher>
                            <pubPlace>London; Cambridge, Massachusetts</pubPlace>
                            <date>1919</date>
                        </imprint>
                    </monogr>
                    <ref target="https://archive.org/stream/ausonius00auso#page/286/mode/2up">Internet Archive</ref>
                </biblStruct>
            </sourceDesc>
        </fileDesc>

        <encodingDesc>
            <refsDecl n="CTS">
                <cRefPattern n="line"
                         matchPattern="(\w+).(\w+)"
                         replacementPattern="#xpath(/tei:TEI/tei:text/tei:body/tei:div/tei:div[@n='$1']/*[self::tei:l or self::tei:p][@n='$2'])">
                    <p>This pointer pattern extracts book and poem and line</p>
                </cRefPattern>
                <cRefPattern n="poem"
                         matchPattern="(\w+)"
                         replacementPattern="#xpath(/tei:TEI/tei:text/tei:body/tei:div/tei:div[@n='$1'])">
                    <p>This pointer pattern extracts poem and book</p>
                </cRefPattern>
            </refsDecl>
            <refsDecl n="TEI.2">
                <refState unit="card"/>
            </refsDecl>
        </encodingDesc>

        <profileDesc>
            <langUsage>
                <language ident="lat">Latin</language>
                <language ident="grc">Greek</language>
            </langUsage>
        </profileDesc>
      <revisionDesc>
         <change when="2015-12-07" who="Thibault Clérice">Epidoc and CTS. URN updated accordingly</change>
      </revisionDesc>
   </teiHeader>

    <text>
        <body>
            <div n="urn:cts:latinLit:stoa0045.stoa028.perseus-lat2"
              xml:lang="lat"
              type="edition">
                <div type="textpart" n="1" subtype="section">
                    <head>Praefatio</head>

                    <p n="pr">
                        <label n="opener">Ausonius Pacato Proconsuli</label>
                        Scio mihi aput alios pro laboris modulo laudem non posse procedere, quam
                        tamen si tu indulseris, ut ait Afranius in Thaide: <quote rend="blockquote">
                            <lb/>maiorem laudem quam laborem invenero.<note n="1"/>
                  </quote> quae lecturus es
                        monosyllaba sunt, quasi quaedam puncta sermonum: in quibus nullus facundiae
                        locus est, sensuum nulla conceptio, propositio, redditio, conclusio aliaque
                        sophistica, quae in uno versu esse non possunt: set cohaerent ita, ut
                        circuli catenarum separati, et simul ludicrum opusculum texui, ordiri
                        maiuscula solitus: set <q>in tenui labor, at non tenuis gloria,</q>
                        <note n="2"/> si probantur. tu facies, ut sint aliquid, nam sine te
                        monosyllaba erunt vel si quid minus, in quibus ego, quod ad usum pertinet,
                        lusi, quod ad molestiam, laboravi, libello Technopaegnii nomen dedi, ne aut
                        ludum laboranti, aut artem crederes defuisse ludenti. <pb n="v.1.p.288"/>
                    </p>
                </div>

                <div type="textpart" n="2" subtype="section">
                    <head>AUSONIUS PAULINO SUO <note n="1"/>
               </head>
                    <l n="1">MISI ad te Technopaegnion, inertis otii mei inutile</l>
                    <l n="2">opusculum. versiculi sunt monosyllabis coepti et</l>
                    <l n="3">monosyllabis terminati. nec hic modo stetit scrupea</l>
                    <l n="4">difficultas, sed accessit ad miseriam conectendi, ut</l>
                    <l n="5">idem monosyllabon, quod esset finis extremi versus,</l>
                    <l n="6">principium fieret insequentis, dic ergo: o mora, o</l>
                    <l n="7">poena! rem vanam quippe curavi: exigua est, et</l>
                    <l n="8">fastiditur: inconexa est et implicatur: cum sit aliquid,</l>
                    <l n="9">vel nihili deprehenditur. laboravi tamen, ut</l>
                    <l n="10">haberet aut historicon quippiam, aut dialecticon.</l>
                    <l n="11">nam poeticam vel sophisticam levitatem necessitas</l>
                    <l n="12">observationis exclusit, ad summam, non est quod</l>
                    <l n="13">mireris: sed paucis litteris additis, est cuius miserearis</l>
                    <l n="14">neque aemulari velis, et si huc quoque descendens,</l>
                    <l n="15">maiorem molestiam capias ingenii et</l>
                    <l n="16">facundiae detrimento, quam oblectationem imitationis affectu.</l>
                    <pb n="v.1.p.290"/>
                </div>

                <div type="textpart" n="3" subtype="section">
                    <head>VERSUS MONOSYLLABIS ET COEPTI ET FINITI ITA UT A FINE VERSUS AD PRINCIPIUM
                        RECURRANT</head>
                    <l n="1">RES hominum fragiles alit et regit et perimit Fors</l>
                    <l n="2">Fors dubia aeternumque labans: quam blanda fovet Spes</l>
                    <l n="3">Spes nullo finita aevo: cui terminus est Mors</l>
                    <l n="4">Mors avida, inferna mergit caligine quam nox</l>
                    <l n="5">nox obitura vicem, remeaverit aurea cum lux </l>
                    <l n="6">lux dono concessa deum, cui praevius est Sol</l>
                    <l n="7">Sol, cui nec furto in Veneris latet armipotens Mars</l>
                    <l n="8">Mars nullo de patre satus, quem Thraessa colit gens</l>
                    <l n="9">gens infrena virum, quibus in scelus omne ruit fas fas</l>
                    <l n="10">hominem mactare sacris: ferus iste loci mos </l>
                    <l n="11">mos ferus audacis populi, quem nulla tenet lex</l>
                    <l n="12">lex naturali quam condidit inperio ius</l>
                    <l n="13">ius genitum pietate hominum, ius certa dei mens</l>
                    <l n="14">mens, quae caelesti sensu rigat emeritum COR</l>
                    <l n="15">COR vegetum mundi instar habens, animae vigor et vis:</l>
                    <l n="16">vis tamen hic nulla est: tantum est iocus et nihili res. </l>

                </div>

                <div type="textpart" n="4" subtype="section">
                    <head>PRAEFATIO MONOSYLLABARUM TANTUM IN FINE POSITARUM</head>
                    <l n="1">UT in vetere proverbio est <q>sequitur vara vibiam,</q>
                    </l>
                    <l n="2">similium nugarum subtexo nequitiam, et hi versi-</l>
                    <pb n="v.1.p.292"/>
                    <l n="3">culi monosyllabis terminantur, exordio tamen libero,</l>
                    <l n="4">quamquam fine legitimo. set laboravi, ut quantum</l>
                    <l n="5">eius possent aput aures indulgentissimas, absurda</l>
                    <l n="6">concinerent, insulsa resiperent, hiulca congruerent;</l>
                    <l n="7">denique haberent et amara dulcedinem et inepta</l>
                    <l n="8">venerem et aspera lenitatem, quae quidem omnia,</l>
                    <l n="9">quoniam insuavis materia devenustat, lectio benigna</l>
                    <l n="10">conciliet. tu quoque mihi tua crede securior, quippe</l>
                    <l n="11">meliora, ut, quod per adagionem coepimus, proverbio</l>
                    <l n="12">finiamus et <q>mutuum muli scalpant.</q>
                    </l>
                </div>

                <div type="textpart" n="5" subtype="section">
                    <l n="1">AEMULA dis, naturae imitatrix, omniparens ars,</l>
                    <l n="2">Pacato ut studeat ludus meus, esto operi dux.</l>
                    <l n="3">arta, inamoena licet nec congrua carminibus lex,</l>
                    <l n="4">iudice sub tanto fandi tamen accipiet ius.</l>
                    <l n="5">quippe et ridiculis data gloria, ni prohibet fors. </l>

                </div>

                <div type="textpart" n="6" subtype="section">
                    <head>DE MEMBRIS</head>
                    <l n="1">INDICAT in pueris septennia prima novus dens,</l>
                    <l n="2">pubentes annos robustior anticipat vox.</l>
                    <l n="3">invicta et ventis et solibus est hominum frons,</l>
                    <l n="4">ecdurum nervi cum viscere consociant os.</l>
                    <l n="5">palpitat inrequies, vegetum, teres, acre, calens cor, </l>
                    <pb n="v.1.p.294"/>
                    <l n="6">unde vigent sensus, dominatrix quos vegetat mens,</l>
                    <l n="7">atque in verba refert modulata lege loquax os.</l>
                    <l n="8">quam validum est, hominis quota portio, caeruleum fel!</l>
                    <l n="9">quam tenue et molem quantam fert corpoream crus!</l>
                    <l n="10">pondere sub quanto nostrum moderatur iter pes! </l>

                </div>

                <div type="textpart" n="7" subtype="section">
                    <head>DE INCONEXIS</head>
                    <l n="1">SAEPE in coniugiis fit noxia, si nimia est, dos. <note n="1"/>
               </l>
                    <l n="2">sexus uterque potens, set praevalet inperio mas.</l>
                    <l n="3">qui recte faciet, non qui dominatur, erit <note n="2"/> rex.</l>
                    <l n="4">vexat amicitias et foedera dissociat lis.</l>
                    <l n="5">incipe, quidquid agas: pro toto est prima operis pars.<note n="3"/>
                    </l>
                    <l n="6">insinuat caelo disque inserit emeritos laus.</l>
                    <l n="7">et disciplinis conferta est et vitiis urbs.</l>
                    <l n="8">urbibus in tutis munitior urbibus est arx.</l>
                    <l n="9">auro magnus honos, auri pretium tamen est aes.</l>
                    <l n="10">longa dies operosa viro, sed temperies nox, </l>
                    <l n="11">qua caret Aethiopum plaga, pervigil, inrequies gens,</l>
                    <l n="12">semper ubi aeterna vertigine clara manet lux.</l>

                </div>

                <div type="textpart" n="8" subtype="section">
                    <head>DE DIS</head>
                    <l n="1">SUNT et caelicolum monosyllaba. prima deum Fas,</l>
                    <l n="2">quae Themis est Grais; post hanc Rea,quae Latiis Ops;</l>
                    <pb n="v.1.p.296"/>
                    <l n="3">tum Iovis et Consi germanus, Tartareus Dis,</l>
                    <l n="4">et soror et coniunx fratris, regina deum,<note n="1"/> Vis,</l>
                    <l n="5">et qui quadriiugo curru pater invenitur Sol, </l>
                    <l n="6">quique truces belli motus ciet armipotens Mars,</l>
                    <l n="7">quem numquam pietas, numquam bona sollicitat Pax.</l>
                    <l n="8">nec cultor nemorum reticebere, Maenalide Pan,</l>
                    <l n="9">nec genius domuum, Larunda progenitus Lar,</l>
                    <l n="10">fluminibusque Italis praepollens, sulphureus Nar,<note n="2"/>
                    </l>
                    <l n="11">quaeque pias divum periuria, nocticolor Styx,</l>
                    <l n="12">velivolique maris constrator, leuconotos Libs,</l>
                    <l n="13">et numquam in dubiis hominem bona destituens Spes.</l>

                </div>

                <div type="textpart" n="9" subtype="section">
                    <head>DE CIBIS</head>
                    <l n="1">NEC nostros reticebo cibos, quos priscus habet mos,</l>
                    <l n="2">inritamentum quibus additur aequoreum sal.</l>
                    <l n="3">communis pecorique olim cibus atque homini glans,</l>
                    <l n="4">ante equidem campis quam spicea suppeteret frux.</l>
                    <l n="5">mox ador atque adoris de polline pultificum far, </l>
                    <l n="6">instruxit mensas quo quondam Romulidum plebs,</l>
                    <l n="7">hinc cibus, hinc potus, cum dilueretur aqua puls,</l>
                    <l n="8">est inter fruges morsu piper aequiperans git,</l>
                    <l n="9">et Pelusiaco de semine plana, teres lens,</l>
                    <l n="10">et duplici defensa putamine quinquegenus nux, </l>
                    <pb n="v.1.p.298"/>
                    <l n="11">quodque cibo et potu placitum, labor acer apum, mel:</l>
                    <l n="12">naturae liquor iste novae, cui summa natat faex.</l>

                </div>

                <div type="textpart" n="10" subtype="section">
                    <head>DE HISTORIIS</head>
                    <l n="1">SOLAMEN tibi, Phoebe, novum dedit Oebalius flos.</l>
                    <l n="2">flore alio reus est Narcissi morte sacer fons.</l>
                    <l n="3">caedis Adoneae mala gloria fulmineus sus.</l>
                    <l n="4">periurum Lapitham Iunonia ludificat nubs</l>
                    <l n="5">ludit et Aeaciden Parnasia Delphicolae sors. </l>
                    <l n="6">Thraeicium Libycum freta Cimmeriumque secat bos.</l>
                    <l n="7">non sine Hamadryadis fato cadit arborea trabs,</l>
                    <l n="8">quo generata Venus, Saturnia desecuit falx.</l>
                    <l n="9">sicca inter rupes Scythicas stetit alitibus crux,</l>
                    <l n="10">unde Prometheo de corpore sanguineus ros </l>
                    <l n="11">adspargit cautes et dira aconita creat cos.</l>
                    <l n="12">Ibycus ut periit, index fuit altivolans grus.</l>
                    <l n="13">Aeacidae ad tumulum mactata est Andromachae glos.</l>
                    <l n="14">carcere in Argivo Philopoemena lenta adiit mors.</l>
                    <l n="15">tertia opima dedit spoliatus Aremoricus Lars. <note n="1"/>
                    </l>
                    <pb n="v.1.p.300"/>
                    <l n="16">sera venenato potu abstulit Hannibalem nex.</l>
                    <l n="17">res Asiae quantas leto dedit inmeritas fraus!<note n="1"/>
               </l>
                    <l n="18">ultrix flagravit de rupibus Euboicis fax.</l>
                    <l n="19">stat Iovis ad cyathum, generat quem Dardanius Tros.</l>
                    <l n="20">praepetibus pennis super aera vectus <note n="2"/> homo Cres. </l>
                    <l n="21">intulit incestam tibi vim, Philomela, ferus Thrax.</l>
                    <l n="22">barbarus est Lydus, pellax Geta, femineus Phryx, <note n="3"/>
               </l>
                    <l n="23">fallaces Ligures, nullo situs in pretio Car.</l>
                    <l n="24">vellera depectit nemoralia vestifluus Ser. <note n="4"/>
               </l>
                    <l n="25">nota in portentis Thebana tricorporibus Sphinx. </l>
                    <l n="26">nota Caledoniis nuribus <note n="5"/> muliebre secus Strix,</l>

                </div>

                <div type="textpart" n="11" subtype="section">
                    <head>DE VERE PRIMO</head>
                    <l n="1">ANNUS ab exortu cum floriparum reserat ver,</l>
                    <l n="2">cuncta vigent: nemus omne viret, nitet auricomum rus </l>
                    <l n="3">t fusura umbras radicitus exigitur stirps.</l>
                    <pb n="v.1.p.302"/>
                    <l n="4">non denso ad terram lapsu glomerata fluit nix.</l>
                    <l n="5">Horum spirat odor, Libani ceu montis honor tus.</l>
                    <l n="6">
                        <add>iam pelago volitat mercator vestifluus Ser 1</add>
                    </l>

                </div>

                <div type="textpart" n="12" subtype="section">
                    <head>PER INTERROGATIONEM ET RESPONSIONEM</head>
                    <l n="1">QUIS subit in poenam capitali iudicio? vas.</l>
                    <l n="2">quid si lis fuerit nummaria, quis dabitur? praes.</l>
                    <l n="3">quis mirmilloni contenditur? aequimanus Thraex.</l>
                    <l n="4">inter virtutes quod nomen Mercurio? fur.</l>
                    <l n="5">turibula et paterae, quae tertia vasa deum? lanx.</l>
                    <l n="6">cincta mari quaenam tellus creat Hippocratem? Co.</l>
                    <l n="7">grex magis an regnum Minoida sollicitat? grex.</l>
                    <l n="8">quid praeter nubem Phaeacibus inpositum? mons.<note n="2"/>
               </l>
                    <l n="9">dic cessante cibo somno quis opimior est? glis. <note n="3"/>
               </l>
                    <l n="10">tergora dic clipeis accommoda quae faciat? glus. </l>
                    <l n="11">sponte ablativi casus quis rectus erit? spons.</l>
                    <l n="12">quadrupes oscinibus quis iungitur auspiciis? mus. <note n="4"/>
               </l>
                    <l n="13">quid fluitat pelago, quod non natat in fluvio? pix. <note n="5"/>
               </l>
                    <l n="14">bissenas partes quis continet aequipares? as.</l>
                    <l n="15">tertia defuerit si portio, quid reliquum? bes. </l>

                </div>

                <div type="textpart" n="13" subtype="section">
                    <head>DE LITTERIS MONOSYLLABIS GRAECIS AC LATINIS</head>
                    <l n="1">DUX elementorum studiis viget in Latiis A</l>
                    <l n="2">et suprema notis adscribitur Argolicis fi.</l>
                    <pb n="v.1.p.304"/>
                    <l n="3">
                  <foreign xml:lang="grc">ητα</foreign> quod Aeolidum, quodque <foreign xml:lang="grc">ε</foreign>
                  <note n="1"/> valet, hoc Latiare E.</l>
                    <l n="4">praesto quod E Latium semper breve Dorica vox <foreign xml:lang="grc">Ε</foreign>.</l>
                    <l n="5">hoc tereti argutoque sono negat Attica gens <foreign xml:lang="grc">Ο</foreign>. </l>

                    <l n="6">
                        <foreign xml:lang="grc">Ω</foreign> quod, et <foreign xml:lang="grc">O</foreign>, Graecum conpensat Romula vox O.</l>
                    <l n="7">littera sum, Iotae similis vox plena, iubens I.</l>
                    <l n="8">Cecropiis ignota notis, ferale sonans V.</l>
                    <l n="9">Pythagorae bivium, ramis pateo ambiguis Y. <note n="2"/>
               </l>
                    <l n="10">vocibus in Grais numquam ultima conspicior <foreign xml:lang="grc">M</foreign>. </l>
                    <l n="11">Zeta iacens, si surgat, erit nota, quae legitur <foreign xml:lang="grc">N</foreign>.</l>
                    <l n="12">Maeandrum flexusque vagos imitata vagor <foreign xml:lang="grc">Ξ</foreign>.</l>
                    <l n="13">dividuum Betae monosyllabon Italicum B.</l>
                    <l n="14">non formam, at vocem Deltae gero Romuleum D.</l>
                    <l n="15">hostilis quae forma iugi est, hanc efficiet <foreign xml:lang="grc">Π</foreign>. </l>
                    <l n="16">Ausonium si Pe scribas, ero Cecropium P,</l>
                    <l n="17">et Rho quod Graeco, mutabitur in Latium P.</l>
                    <l n="18">malus ut antemnam fert vertice, sic ego sum T.</l>
                    <l n="19">spiritus hic, flatu tenuissima vivificans, H.</l>
                    <l n="20">haec tribus in Latio tantum addita nominibus, K; </l>
                    <l n="21">praevaluit post quam, Gammae vice functa prius, C,</l>
                    <pb n="v.1.p.306"/>
                    <l n="22">atque alium pro se titulum replicata dedit G.</l>
                    <l n="23">ansis cincta duabus erit cum lota, leges Ϡ<note>SAMPI</note>.<note n="1"/>
               </l>
                    <l n="24">in Latio numerus denarius, Argolicum <foreign xml:lang="grc">Χ</foreign>.</l>
                    <l n="25">haec gruis effigies Palamedica porrigitur <foreign xml:lang="grc">Φ</foreign>. </l>
                    <l n="26">Coppa fui quondam Boeotia, nunc Latium Q.</l>
                    <l n="27">furca tricornigera specie paene ultima sum <foreign xml:lang="grc">Ψ</foreign>.</l>

                </div>

                <div type="textpart" n="14" subtype="section">
                    <head>GRAMMATICOMASTIX</head>
                    <l n="1">ET logodaedalia? stride modo, qui nimium trux</l>
                    <l n="2">frivola condemnas: nequam quoque cum pretio est mers!</l>
                    <l n="3">Ennius ut memorat, repleat te laetificum gau.<note n="2"/>
               </l>
                    <l n="4">livida mens hominum concretum felle coquat pus.</l>
                    <l n="5">dic, quid significent Catalepta Maronis? in his al</l>
                    <l n="6">Celtarum posuit; sequitur non lucidius tau: <note n="3"/>
               </l>
                    <l n="8">estne peregrini vox nominis an Latii sil?</l>
                    <l n="9">et quod germano mixtum male letiferum min?</l>
                    <pb n="v.1.p.308"/>
                    <l n="7">imperium, litem, venerem cur una notat res?</l>
                    <l n="10">lintribus in geminis constratus ponto sit an pons?</l>
                    <l n="11">Bucolico saepes dixit Maro, cur Cicero saeps?</l>
                    <l n="12">vox solita et cunctis notissima, si memores, lac</l>
                    <l n="13">cur condemnatur, ratio magis ut faciat lact?</l>
                    <l n="14">an, Libyae ferale malum, sit Romula vox seps?</l>
                    <l n="15">si bonus est insons contrarius et reus, est sons? </l>
                    <l n="16">dives opum cur nomen habet Iove de stygio dis?</l>
                    <l n="17">unde Rudinus ait <q>divum domus altisonum cael</q>?<note n="1"/>
               </l>
                    <l n="18">et cuius de more, quod addidit, <q>endo suam do</q>?<note n="2"/>
               </l>
                    <l n="19">aut, de fronde loquens, cur dicit <q>populea fros</q>?<note n="3"/>
               </l>
                    <l n="20">Sed quo progredior? quae finis, quis modus et calx? </l>
                    <l n="21">indulge, Pacate bonus, doctus, facilis vir;</l>
                    <l n="22">totum opus hoc sparsum, crinis velut Antiphilae: pax.<note n="4"/>
               </l>
                    <pb n="v.1.p.310"/>
                </div>
            </div>
        </body>
    </text>
</TEI>
