<?xml version="1.0" encoding="UTF-8"?>
<?xml-model href="http://www.stoa.org/epidoc/schema/8.19/tei-epidoc.rng"
    schematypens="http://relaxng.org/ns/structure/1.0"?>
<?xml-model href="http://www.stoa.org/epidoc/schema/8.19/tei-epidoc.rng"
    schematypens="http://purl.oclc.org/dsdl/schematron"?>
<TEI xmlns="http://www.tei-c.org/ns/1.0">
    <teiHeader>
        <fileDesc>
            <titleStmt>
                <title>Ludus Septem Sapientum</title>
                <author>Ausonius, Decimus Magnus</author>
                <editor>Hugh G. Evelyn-White</editor>
                <sponsor>Perseus Project, Tufts University</sponsor>
                <principal>Gregory Crane</principal>
                <respStmt>
                    <resp>Prepared under the supervision of</resp>
                    <name>Bridget Almas</name>
                    <name>Lisa Cerrato</name>
                    <name>Rashmi Singhal</name>
                </respStmt>
                <funder n="org:Mellon">The Mellon Foundation</funder>
            </titleStmt>
            <publicationStmt>
                <publisher>Trustees of Tufts University</publisher>
                <pubPlace>Medford, MA</pubPlace>
                <authority>Perseus Project</authority>
                <date type="release">2011-07-09</date>
            </publicationStmt>
            <sourceDesc>
                <biblStruct>
                    <monogr>
                        <title>Ausonius. Works.</title>
                        <title>Ausonius, Vol 1</title>
                        <author>Ausonius, Decimus Magnus</author>
                        <editor role="editor">Hugh G. Evelyn-White</editor>
                        <imprint>
                            <publisher>William Heinemann Ltd.; Harvard University Press</publisher>
                            <pubPlace>London; Cambridge, Massachusetts</pubPlace>
                            <date>1919</date>
                        </imprint>
                    </monogr>
                </biblStruct>
         </sourceDesc>
        </fileDesc>
        
        <encodingDesc>
         <refsDecl n="CTS">
                <cRefPattern n="line"
                         matchPattern="(\w+)"
                         replacementPattern="#xpath(/tei:TEI/tei:text/tei:body/tei:div/tei:div/tei:l[@n='$1'])">
                    <p>This pointer pattern extracts line</p>
                </cRefPattern>
         </refsDecl>
         <refsDecl n="TEI.2">
            <refState unit="card"/>
         </refsDecl>
      </encodingDesc>
        
        <profileDesc>
            <langUsage>
                <language ident="lat">Latin</language>
                <language ident="grc">Greek</language>
            </langUsage>
        </profileDesc>
      <revisionDesc>
         <change when="2015-12-07" who="Thibault Clérice">Epidoc and CTS. URN updated accordingly</change>
      </revisionDesc>
   </teiHeader>
    
    <text>
        <body>
         <div n="urn:cts:latinLit:stoa0045.stoa018.perseus-lat2"
              xml:lang="lat"
              type="edition">            
                <div type="textpart" n="1" subtype="section">
               <head>AUSONIUS CONSUL DREPANIO PROCONSULI sal.</head>
               <l n="1">ignoscenda istaec an cognoscenda rearis,</l>
               <l n="2">adtento, Drepani, perlege iudicio,</l>
               <l n="3">aequanimus fiam te iudice, sive legenda,</l>
               <l n="4">sive tegenda putes carmina, quae dedimus,</l>
               <l n="5">nam primum est meruisse tuum, Pacate, favorem: </l>
               <l n="6">proxima defensi cura pudoris erit.</l>
               <l n="7">possum ego censuram lectoris ferre severi</l>
               <l n="8">et possum modica laude placere mihi:</l>
               <l n="9">novit equus plausae sonitum cervicis amare,</l>
               <l n="10">novit et intrepidus verbera lenta pati. </l>
               <l n="11">Maeonio qualem cultum quaesivit Homero</l>
               <l n="12">censor Aristarchus normaque Zenodoti!</l>
               <l n="13">pone obelos igitur primorum stigmata vatum:</l>
               <l n="14">palmas, non culpas esse putabo meas;</l>
               <l n="15">et correcta magis quam condemnata vocabo, </l>
               <l n="16">adponet docti quae mihi lima viri.</l>
               <l n="17">interea arbitrii subiturus pondera tanti</l>
               <l n="18">optabo, ut placeam; si minus, ut lateam.</l>
                    <pb n="v.1.p.312"/>
                </div>
                
                <div type="textpart" n="2" subtype="section">
               <head>Prologus</head>
               <l n="19">Septem sapientes, nomen quibus istud dedit</l>
               <l n="20">Ssuperior aetas nec secuta sustulit,</l>
               <l n="21">hodie in orchestram palliati prodeunt,</l>
               <l n="22">quid erubescis tu, togate Romule,</l>
               <l n="23">scaenam quod introibunt tam clari viri?</l>
               <l n="24">nobis pudendum hoc, non et Atticis quoque:</l>
               <l n="25">quibus theatrum curiae praebet vicem. </l>
               <l n="26">nostris negotis sua loca sortito data:</l>
               <l n="27">campus comitiis, ut conscriptis curia,</l>
               <l n="28">forum atque rostra separat ius 1 civium,</l>
               <l n="29">una est Athenis atque in omni Graecia</l>
               <l n="30">ad consulendum publici sedes loci, </l>
               <l n="31">quam in urbe nostra sero luxus condidit,</l>
               <l n="32">aedilis olim scaenam tabulatam dabat</l>
               <l n="33">subito excitatam nulla mole saxea.</l>
               <l n="34">Murena sic et Gallius: nota eloquar,</l>
               <l n="35">postquam potentes nec verentes sumptuum </l>
               <l n="36">nomen perenne crediderunt, si semel</l>
               <l n="37">constructa moles saxeo fundamine</l>
               <l n="38">in omne tempus conderet ludis locum:</l>
                    <pb n="v.1.p.314"/>
               <l n="39">cuneata crevit haec theatri inmanitas:</l>
               <l n="40">Pompeius hanc et Balbus et Caesar dedit </l>
               <l n="41">Octavianus concertantes sumptibus.</l>
               <l n="42">sed quid ego istaec? non hac de causa huc prodii,</l>
               <l n="43">ut expedirem, quis theatra, quis forum,</l>
               <l n="44">quis condidisset privas partes moenium:</l>
               <l n="45">set ut verendos disque laudatos viros </l>
               <l n="46">praegrederer aperiremque, quid vellent sibi.</l>
               <l n="47">Pronuntiare suas solent sententias,</l>
               <l n="48">quas quisque iam prudentium anteverterit.</l>
               <l n="49">scitis profecto, quae sint; set si memoria</l>
               <l n="50">rebus vetustis claudit, veniet ludius </l>
               <l n="51">edissertator harum, quas teneo minus.</l>
                    
                </div>
                
                <div type="textpart" n="3" subtype="section">
               <head>LUDIUS</head>
               <l n="52">DELPHIS Solonem scripse fama est Atticum</l>
               <l n="53">
                  <foreign xml:lang="grc">γνῶθι σεαυτόν</foreign>, quod Latinum est: nosce te.</l>
               <l n="54">multi hoc Laconis esse Chilonis putant.</l>
               <l n="55">Spartane Chilon, sit tuum necne, ambigunt, </l>
               <l n="56">quod iuxta fertur, <foreign xml:lang="grc">ὄρα τέλοσ μακροῦ βίου</foreign>,</l>
               <l n="57">finem intueri longae vitae qui iubes.</l>
               <l n="58">multi hoc Solonem dixe Croeso existimant.</l>
               <l n="59">et Pittacum dixisse fama est Lesbium</l>
               <l n="60">
                  <foreign xml:lang="grc">γίγνωσκε καιρόν</foreign>: tempus ut noris, iubet. </l>
               <l n="61">set <foreign xml:lang="grc">καιρὸσ</foreign> iste tempestivum tempus est.</l>
               <l n="62">Bias Prieneus dixit <foreign xml:lang="grc">οἱ πλεῖστοι κακοί</foreign>,</l>
               <l n="63">quod est Latinum, plures hominum sunt mali;</l>
               <l n="64">set inperitos scito, quos dixit malos.</l>
                    <pb n="v.1.p.316"/>
                    
               <l n="65">      
                  <foreign xml:lang="grc">μελέτη τὸ πᾶν</foreign>, Periandri id est Corinthii, </l>
               <l n="66">meditationem posse totum qui putat.</l>
               <l n="67">
                  <foreign xml:lang="grc">ἄριστον μέτρον</foreign> esse dicit Lindius</l>
               <l n="68">Cleobulus: hoc est, optimus cunctis modus.</l>
               <l n="69">Thales set <foreign xml:lang="grc">ἐγγύα</foreign>, <foreign xml:lang="grc">πάρα δ</foreign>' <foreign xml:lang="grc">ἄτα</foreign> protulit,</l>
               <l n="70">spondere qui nos, noxa quia praes est, vetat. </l>
               <l n="71">hoc nos monere faeneratis non placet.</l>
               <l n="72">Dixi: recedam, legifer venit Solon.</l>
                    
                </div>
                
                <div type="textpart" n="4" subtype="section">
               <head>SOLON</head>
               <l n="73">DE more Graeco prodeo in scaenam Solon,</l>
               <l n="74">septem sapientum fama cui palmam dedit.</l>
               <l n="75">set famae 1 non est iudicii severitas; </l>
               <l n="76">neque enim esse primum me, verum unum existimo,</l>
               <l n="77">aequalitas quod ordinem nescit pati.</l>
               <l n="78">recte olim ineptum Delphicus suasit deus</l>
               <l n="79">quaerentem, quisnam primus sapientum foret,</l>
               <l n="80">ut in orbe tereti nominum sertum inderet, </l>
               <l n="81">ne primus esset, ne vel imus quispiam.</l>
               <l n="82">eorum e medio prodeo gyro Solon,</l>
               <l n="83">ut, quod dixisse Croeso regi existimor,</l>
               <l n="84">id omnis hominum secta sibi dictum putet.</l>
               <l n="85">Graece coactum est <foreign xml:lang="grc">ὄρα τέλοσ μακροῦ βίου</foreign>, </l>
               <l n="86">quod longius fit, si Latine dixeris:</l>
               <l n="87">spectare vitae iubeo cunctos terminum.</l>
               <l n="88">proinde miseros aut beatos dicere</l>
               <l n="89">evita, quod sunt semper ancipiti in statu.</l>
               <l n="90">id adeo sic est. si queam, paucis loquar. </l>
                    <pb n="v.1.p.318"/>
               <l n="91">Rex an tyrannus Lydiae, Croesus, fuit</l>
               <l n="92">his in beatis, dives insanum in modum,</l>
               <l n="93">lateribus aureis templa qui divis dabat,</l>
               <l n="94">is me evocavit. venio dicto oboediens,</l>
               <l n="95">meliore ut uti rege possint Lydii. </l>
               <l n="96">rogat, beatum prodam, si quem noverim.</l>
               <l n="97">Tellena dico civem non ignobilem:</l>
               <l n="98">pro patria pugnans iste vitam obiecerat.</l>
               <l n="99">despexit, alium quaerit, inveni Aglaum:</l>
               <l n="100">fines agelli proprii is numquam excesserat. </l>
               <l n="101">at ille ridens: “ Quo dein me ponis loco,</l>
               <l n="102">beatus orbe toto qui solus vocor? ”</l>
               <l n="103">
                  <q>Spectandum</q> dico <q>terminum vitae prius:</q>
               </l>
               <l n="104">
                  <q>tum iudicandum, si manet felicitas.</q>
               </l>
               <l n="105">dictum moleste Croesus accepit: ego </l>
               <l n="106">relinquo regem, bellum ille in Persas parat,</l>
               <l n="107">profectus, victus, vinctus, regi deditus,</l>
               <l n="108">stat ille, captans funeris iam instar sui,</l>
               <l n="109">qua flamma totum se per ambitum dabat</l>
               <l n="110">volvens in altum tumidos aestu globos. </l>
               <l n="111">ac paene sero Croesus ingenti sono,</l>
               <l n="112">
                  <q> O vere vates,</q> inquit, <q>O Solon, Solon </q>
               </l>
               <l n="113">clamore magno ter Solonem nuncupat.</l>
               <l n="114">qua voce Cyrus motus, extingui iubet</l>
               <l n="115">gyrum per omnem et destrui ardentem pyram: </l>
               <l n="116">et commodum profusus imber nubibus</l>
               <l n="117">repressit ignem. Croesus ad regem illico</l>
               <l n="118">per militarem ducitur lectam manum:</l>
               <l n="119">interrogatur, quem Solonem diceret</l>
               <l n="120">et quam ciendi causam haberet nominis? </l>
               <l n="121">seriem per omnem cuncta regi edisserit.</l>
               <l n="122">miseratur ille vimque fortunae videns</l>
               <l n="123">laudat Solonem: Croesum inde in amicis habet</l>
                    <pb n="v.1.p.320"/>
               <l n="124">vinctumque pedicis aureis secum iubet,</l>
               <l n="125">reliquum quod esset vitae, totum degere. </l>
               <l n="126">ego duorum regum testimonio</l>
               <l n="127">laudatus et probatus ambobus fui.</l>
               <l n="128">quodque uni dictum est, quisque sibi dictum putet.</l>
               <l n="129">Ego iam peregi, qua de causa huc prodii.</l>
               <l n="130">venit ecce Chilon. vos valete et plaudite. </l>
                    
                </div>
                
                <div type="textpart" n="5" subtype="section">
               <head>CHILON</head>
               <l n="131">LUMBI sedendo, oculi spectando dolent,</l>
               <l n="132">manendo Solonem, quoad ad se se recipiat.1</l>
               <l n="133">hui, quam pauca, di, locuntur Attici!</l>
               <l n="134">unam trecentis versibus sententiam</l>
               <l n="135">tandem peregit meque respectans abit. </l>
               <l n="136">Spartanus ego sum Chilon, qui nunc prodeo.</l>
               <l n="137">brevitate nota, qua Lacones utimur,</l>
               <l n="138">commendo nostrum <foreign xml:lang="grc">γνῶθι σεαυτόν</foreign>, nosce te,</l>
               <l n="139">quod in columna iam tenetur Delphica.</l>
               <l n="140">labor molestus iste fructi est optimi, </l>
               <l n="141">quid ferre possis, quidve non, dinoscere;</l>
               <l n="142">noctu diuque, quae geras, quae gesseris,</l>
               <l n="143">ad usque puncti tenuis instar quaerere.2</l>
               <l n="144">officia cuncta, pudor, honor, constantia</l>
               <l n="145">in hoc, et ulla spreta nobis gloria. </l>
               <l n="146">Dixi: valete memores, plausum non moror.</l>
                    <pb n="v.1.p.322"/>
                </div>
                
                <div type="textpart" n="6" subtype="section">
               <head>CLEOBULUS</head>
               <l n="147">CLEOBULUS ego sum, parvae civis insulae,</l>
               <l n="148">magnae sed auctor, qua cluo, sententiae:</l>
               <l n="149">
                  <foreign xml:lang="grc">ἄριστον μέτρον</foreign> quem dixisse existimant.</l>
               <l n="150">interpretare tu, qui orchestrae proximus </l>
               <l n="151">gradibus propinquis in quatuordecim sedes:</l>
               <l n="152">
                  <foreign xml:lang="grc">ἄριστον μέτρον</foreign> an sit optimus modus,</l>
               <l n="153">dic! adnuisti? gratiam habeo, persequar</l>
               <l n="154">per ordinem, iam dixit ex isto loco</l>
               <l n="155">Afer poeta vester <q>ut ne quid nimis,</q> 1 </l>
               <l n="156">et noster quidam <foreign xml:lang="grc">μηδὲν ἄγαν</foreign>.2 huc pertinet</l>
               <l n="157">uterque sensus, Italus seu Dorius.</l>
               <l n="158">fandi, tacendi, somni, vigilii is modus,</l>
               <l n="159">beneficiorum, gratiarum, iniuriae,</l>
               <l n="160">studii, laborum: vita in omni quidquid est, </l>
               <l n="161">istum requirit optimae pausae modum.</l>
               <l n="162">Dixi: recedam, sit modus, venit Thales.</l>
                    
                </div>
                
                <div type="textpart" n="7" subtype="section">
               <head>THALES</head>
               <l n="163">MILESIUS sum Thales, aquam qui principem</l>
               <l n="164">rebus creandis 3 dixi, ut vates Pindarus, 4</l>
               <l n="164a">
                  <add>cuique olim iussu Apollinis tripodem aureum 5</add>
               </l>
               <l n="165">dedere piscatores extractum mari; </l>
               <l n="166">namque hi iubente Delio me legerant,</l>
               <l n="167">quod ille munus hoc sapienti miserat.</l>
                    <pb n="v.1.p.324"/>
               <l n="168">ego recusans non recepi et reddidi</l>
               <l n="169">ferendum ad alios, quos priores crederem.</l>
               <l n="170">dein per omnes septem sapientes viros </l>
               <l n="171">missum ac remissum rursus ad me deferunt.</l>
               <l n="172">ego receptum consecravi Apollini;</l>
               <l n="173">nam si sapientem deligi Phoebus iubet,</l>
               <l n="174">non hominem quemquam, set deum credi decet.</l>
               <l n="175">Is igitur ego sum. causa set in scaenam fuit </l>
               <l n="176">mihi prodeundi, quae duobus ante me,</l>
               <l n="177">adsertor ut sententiae fierem meae.</l>
               <l n="178">ea displicebit, non tamen prudentibus,</l>
               <l n="179">quos docuit usus et peritos reddidit.</l>
               <l n="180">' en <foreign xml:lang="grc">ἐγγύα</foreign>, <foreign xml:lang="grc">πάρα δ</foreign>' <foreign xml:lang="grc">ἄτα</foreign>, graece dicimus: </l>
               <l n="181">Latinum est, sponde, noxa set praesto tibi.</l>
               <l n="182">per mille possem currere exempla, ut probem</l>
               <l n="183">praedes vadesque paenitudinis reos.</l>
               <l n="184">sed nolo quemquam nominatim dicere:</l>
               <l n="185">sibi quisque vestrum dicat et secum putet, </l>
               <l n="186">spondere quantis damno fuerit et malo.</l>
               <l n="187">gratum hoc officium maneat ambobus tamen.</l>
               <l n="188">Pars plaudite ergo, pars offensi explodite.</l>
                    
                </div>
                
                <div type="textpart" n="8" subtype="section">
               <head>BIAS</head>
               <l n="189">BIAS Prieneus <add>quod 1</add> dixi o<foreign xml:lang="grc">ἱ πλεῖστοι κακοι</foreign>,</l>
               <l n="190">Latine dictum suspicor: plures mali. </l>
               <l n="191">dixisse nollem; veritas odium parit.2</l>
               <l n="192">malos sed imperitos dixi et barbaros,</l>
               <l n="193">qui ius et aequum et sacros mores neglegunt.</l>
               <l n="194">nam populus iste, quo theatrum cingitur,</l>
               <l n="195">totus bonorum est. hostium tellus habet, </l>
                    <pb n="v.1.p.326"/>
               <l n="196">dixisse quos me creditis, plures malos,</l>
               <l n="197">sed nemo quisquam tam malus iudex fuat,</l>
               <l n="198">quin iam bonorum partibus se copulet,</l>
               <l n="199">sive ille vere bonus est, seu dici studet.</l>
               <l n="200">iam fugit illud nomen invisum mali. </l>
               <l n="201">Abeo. valete et plaudite, plures boni.1</l>
                    
                </div>
                
                <div type="textpart" n="9" subtype="section">
               <head>PITTACUS</head>
               <l n="202">MYTILENA ego ortus Pittacus sum Lesbius,</l>
               <l n="203">
                  <foreign xml:lang="grc">γίνωσκε καιρὸν</foreign> qui docui sententiam.</l>
               <l n="204">set iste <foreign xml:lang="grc">καιρόσ</foreign>, tempus ut noris, monet</l>
               <l n="205">et esse <foreign xml:lang="grc">καιρόν</foreign>, tempestivum quod vocant. </l>
               <l n="206">Romana sic et est vox: veni in tempore.2</l>
               <l n="207">vester quoque iste comicus Terentius</l>
               <l n="208">rerum omnium esse primum tempus autumat,</l>
               <l n="209">ad Antiphilam quom venerat servus Dromo 3</l>
               <l n="210">nullo inpeditam, temporis servans vicem. </l>
               <l n="211">reputate cuncti, quotiens offensam incidat,</l>
               <l n="212">spectata cui non fuerit opportunitas.</l>
               <l n="213">Tempus monet, ne sim molestus, plaudite.</l>
                    
                </div>
                
                <div type="textpart" n="10" subtype="section">
               <head>PERIANDER</head>
               <l n="214">EPHYRA creatus huc Periander prodeo,</l>
               <l n="215">
                  <foreign xml:lang="grc">μελέτη τὸ πᾶν</foreign> qui dixi et dictum iam probo, </l>
               <l n="216">meditationis esse, quod recte geras.</l>
               <l n="217">is quippe solus rei gerendae est efficax,</l>
               <l n="218">meditatur omne qui prius negotium.</l>
                    <pb n="v.1.p.328"/>
               <l n="219">adversa rerum vel secunda praedicat</l>
               <l n="220">meditanda cunctis comicus Terentius. 1 </l>
               <l n="221">locare sedes, bellum gerere aut ponere,</l>
               <l n="222">magnas modicasque res, etiam parvas quoque</l>
               <l n="223">agere volentem semper meditari decet.</l>
               <l n="224">nam segniores omnes in coeptis novis,</l>
               <l n="225">meditatio si rei gerendae defuit. </l>
               <l n="226">nil est, quod ampliorem curam postulet,</l>
               <l n="227">quam cogitare, quid gerendum sit. dehinc</l>
               <l n="228">incogitantes fors, non consilium regit.</l>
               <l n="229">Sed ego me ad partes iam recipio, plaudite,</l>
               <l n="230">meditando et vestram rem curetis publicam. </l>
                    <pb n="v.1.p.330"/>
                </div>
        </div>
      </body>
    </text>
</TEI>
