<?xml version="1.0" encoding="UTF-8"?>
<?xml-model href="http://www.stoa.org/epidoc/schema/8.19/tei-epidoc.rng"
    schematypens="http://relaxng.org/ns/structure/1.0"?>
<?xml-model href="http://www.stoa.org/epidoc/schema/8.19/tei-epidoc.rng"
    schematypens="http://purl.oclc.org/dsdl/schematron"?>
<TEI xmlns="http://www.tei-c.org/ns/1.0">
    <teiHeader>
        <fileDesc>
            <titleStmt>
                <title>Epigrammata Ausonii de diversis rebus</title>
                <author>Ausonius, Decimus Magnus</author>
                <editor>Hugh G. Evelyn-White</editor>
                <sponsor>Perseus Project, Tufts University</sponsor>
                <principal>Gregory Crane</principal>
                <respStmt>
                    <resp>Prepared under the supervision of</resp>
                    <name>Bridget Almas</name>
                    <name>Lisa Cerrato</name>
                    <name>Rashmi Singhal</name>
                </respStmt>
                <funder n="org:Mellon">The Mellon Foundation</funder>
            </titleStmt>
            <publicationStmt>
                <publisher>Trustees of Tufts University</publisher>
                <pubPlace>Medford, MA</pubPlace>
                <authority>Perseus Project</authority>
                <date type="release">2011-07-09</date>
            </publicationStmt>
            <sourceDesc>
                <biblStruct>
                    <monogr>
                        <title>Ausonius. Works.</title>
                        <title>Ausonius, Vol 2</title>
                        <author>Ausonius, Decimus Magnus</author>
                        <editor role="editor">Hugh G. Evelyn-White</editor>
                        <imprint>
                            <publisher>William Heinemann Ltd.; Harvard University Press</publisher>
                            <pubPlace>London; Cambridge, Massachusetts</pubPlace>
                            <date>1921</date>
                        </imprint>
                    </monogr>
                </biblStruct>
            </sourceDesc>
        </fileDesc>

        <encodingDesc>
            <refsDecl n="CTS">
                <cRefPattern n="line"
                         matchPattern="(\w+).(\w+)"
                         replacementPattern="#xpath(/tei:TEI/tei:text/tei:body/tei:div/tei:div[@n='$1']/tei:l[@n='$2'])">
                    <p>This pointer pattern extracts line</p>
                </cRefPattern>
                <cRefPattern n="poem"
                         matchPattern="(\w+)"
                         replacementPattern="#xpath(/tei:TEI/tei:text/tei:body/tei:div/tei:div[@n='$1'])">
                    <p>This pointer pattern extracts poem and line</p>
                </cRefPattern>
            </refsDecl>
            <refsDecl n="TEI.2">
                <refState unit="card"/>
            </refsDecl>
        </encodingDesc>


        <profileDesc>
            <langUsage>
                <language ident="lat">Latin</language>
                <language ident="grc">Greek</language>
            </langUsage>
        </profileDesc>
      <revisionDesc>
         <change when="2015-12-07" who="Thibault Clérice">Epidoc and CTS. URN updated accordingly</change>
      </revisionDesc>
   </teiHeader>

    <text>
        <body>
            <div n="urn:cts:latinLit:stoa0045.stoa010.perseus-lat2"
              xml:lang="lat"
              type="edition">

                <div type="textpart" n="1" subtype="poem">
                    <head>
                        <foreign xml:lang="grc">Προσωποποία</foreign> IN CHARTAM</head>
                    <l n="1">SI tineas cariemque pati te, charta, necesse est,</l>
                    <l n="2">incipe versiculis ante perire meis.</l>
                    <l n="3">
                        <q>malo, inquis, tineis.</q> sapis, aerumnose libelle,</l>
                    <l n="4">perfungi mavis quod leviore malo.</l>
                    <l n="5">ast ego damnosae nolo otia perdere Musae, </l>
                    <l n="6">iacturam somni quae parit atque olei.</l>
                    <l n="7">
                        <q>utilius dormire fuit, quam perdere somnum</q>
                    </l>
                    <l n="8">
                        <q>atque oleum.</q> bene ais: causa sed ista mihi est:</l>
                    <l n="9">irascor Proculo, cuius facundia tanta est,</l>
                    <l n="10">quantus honos, scripsit plurima, quae cohibet. </l>
                    <l n="11">hune studeo ulcisci; et prompta est ultio vati:</l>
                    <l n="12">qui sua non edit carmina, nostra legat,</l>
                    <l n="13">huius in arbitrio est, seu te invenescere cedro,</l>
                    <l n="14">seu iubeat duris vermibus esse cibum,</l>
                    <l n="15">huic ego. quod nobis superest ignobilis oti, </l>
                    <l n="16">deputo, sive legat, quae dabo, sive tegat.</l>
                    <pb n="v.1.p.156"/>
                </div>

                <div type="textpart" n="2" subtype="poem">
                    <head> EXHORTATIO AD MODESTIAM</head>
                    <l n="1">FAMA est fictilibus cenasse Agathoclea regem</l>
                    <l n="2">atque abacum Samio saepe onerasse luto,</l>
                    <l n="3">fereula geminatis cum poneret horrida 1 vasis</l>
                    <l n="4">et miseeret opes pauperiemque simul,</l>
                    <l n="5">quaerenti causam respondit: <q>Rex ego qui sum </q>
                    </l>
                    <l n="6">
                        <q>Sicaniae, figulo sum genitore satus.</q>
                    </l>
                    <l n="7">fortunam reverenter habe, quicumque repente</l>
                    <l n="8">dives ab exili progrediere loco.</l>

                </div>

                <div type="textpart" n="3" subtype="poem">
                    <head>IN EUMPINAM 2 ADULTERAM</head>
                    <l n="1">TOXICA zelotypo dedit uxor moecha marito,</l>
                    <l n="2">nec satis ad mortem credidit esse datum,</l>
                    <l n="3">miscuit argenti letalia pondera vivi,</l>
                    <l n="4">cogeret ut celerem vis geminata necem,</l>
                    <l n="5">dividat haec si quis, faciunt discreta venenum;</l>
                    <l n="6">antidotum sumet, qui sociata bibet,</l>
                    <l n="7">ergo inter sese dum noxia pocula certant,</l>
                    <l n="8">cessit letalis noxa salutiferae.</l>
                    <l n="9">protinus et vacuos alvi petiere recessus,</l>
                    <l n="10">lubrica deiectis qua via nota cibis, </l>
                    <l n="11">quam pia cura deum! prodest crudelior uxor:</l>
                    <l n="12">et, cum fata volunt, bina venena iuvant.</l>

                </div>

                <div type="textpart" n="4" subtype="poem">
                    <head>IN EUNOMUM MEDICUM</head>
                    <l n="1">LANGUENTEM Gaium moriturum dixerat olim</l>
                    <l n="2">Eunomus. evasit fati ope, non medici.</l>
                    <pb n="v.1.p.158"/>
                    <l n="3">paulo post ipsum videt, aut vidisse putavit,</l>
                    <l n="4">pallentem et multa mortis in effigie.</l>
                    <l n="5">
                        <q>Quis tu?</q>
                        <q>Gaius,</q> ait. <q>Vivisne?</q> hic abnuit. “Et quid </l>
                    <l n="6">nunc agis hic?” “Missu Ditis, ait, venio,</l>
                    <l n="7">ut, quia notitiam rerumque hominumque tenerem,</l>
                    <l n="8">accirem medicos.” Eunomus obriguit.</l>
                    <l n="9">tum Gaius: “Metuas nihil, Eunome. dixi ego et omnes,</l>
                    <l n="10">nullum, qui saperet, dicere te medicum.”</l>

                </div>

                <div type="textpart" n="5" subtype="poem">
                    <head>IN HOMINEM VOCIS ABSONAE</head>
                    <l n="1">LATRATUS catulorum, hinnitus fingis equorum,</l>
                    <l n="2">caprigenumque pecus lanigerosque greges</l>
                    <l n="3">habitu adsimulas; asinos quoque rudere dicas,</l>
                    <l n="4">cum vis Arcadicum fingere, Marce, pecus,</l>
                    <l n="5">gallorum cantus et ovantes gutture corvos </l>
                    <l n="6">et quidquid vocum belua et ales habet,</l>
                    <l n="7">omnia cum simules ita vere. ut ficta negentur.</l>
                    <l n="8">non potes humanae vocis habere sonum.</l>

                </div>

                <div type="textpart" n="6" subtype="poem">
                    <head>DE AUXILIO GRAMMATICO</head>
                    <l n="1">EMENDATA potest quaenam vox esse magistri,</l>
                    <l n="2">nomen qui proprium cum vitio loquitur?</l>
                    <l n="3">auxilium te nempe vocas, inseite magister?</l>
                    <l n="4">da rectum casum: iam solicismus eris.</l>
                    <pb n="v.1.p.160"/>
                </div>

                <div type="textpart" n="7" subtype="poem">
                    <head>DE PHILOMUSO GRAMMATICO</head>
                    <l n="1">EMPTIS quod libris tibi bibliotheca referta est,</l>
                    <l n="2">doctum et grammaticum te, Philomuse, putas?</l>
                    <l n="3">hoc genere et chordas et plectra et barbita condes:</l>
                    <l n="4">omnia mercatus eras citharoedus eris.</l>

                </div>

                <div type="textpart" n="8" subtype="poem">
                    <head>DE RUFO RUETORE</head>
                    <l n="1">
                        <q>reminisco</q> Rufus dixit in versu suo:</l>
                    <l n="2">cor ergo versus, immo Rufus, non habet.</l>

                </div>

                <div type="textpart" n="9" subtype="poem">
                    <head>IN STATUAM EIUSDEM RUETORIS</head>
                    <l n="1">RUETORIS haec Rufi statua est: nil verius: ipse est,</l>
                    <l n="2">ipse, adeo linguam non habet et cerebrum.</l>
                    <l n="3">et riget et surda est et non videt: haec sibi constant;</l>
                    <l n="4">unum dissimile est: mollior ille fuit.</l>

                </div>

                <div type="textpart" n="10" subtype="poem">
                    <head>IDEM</head>
                    <l n="1">
                        <q> ORE pulero, et ore muto, scire vis quae sim ?</q>
                        <q> Volo.</q>
                    </l>
                    <l n="2">
                        <q>Imago Rufi rhetoris Pictavici.</q>
                    </l>
                    <l n="3">
                        <q> Diceret set ipse, vellem, rhetor hoc mi.</q>
                        <q>Non potest.</q>
                    </l>
                    <l n="4">
                        <q> Cur?</q>
                        <q>Ipse rhetor est imago imaginis.</q>
                    </l>

                </div>

                <div type="textpart" n="11" subtype="poem">
                    <head>IDEM</head>
                    <l n="1">
                        <q> RHETORIS haec Rufi statua est?</q>
                        <q>Si saxea, Rufi.</q>
                    </l>
                    <l n="2">
                        <q>Cur id ais?</q>
                        <q>Semper saxeus ipse fuit.</q>
                    </l>
                    <pb n="v.1.p.162"/>
                </div>

                <div type="textpart" n="12" subtype="poem">
                    <head>IDEM</head>
                    <l n="1">ELINGUEM quis te dicentis imagine pinxit?</l>
                    <l n="2">dic mihi, Rufe. taces? nil tibi tam simile est.</l>

                </div>

                <div type="textpart" n="13" subtype="poem">
                    <head>IDEM</head>
                    <l n="1">
                        <q> HAEC Rufi tabula est.</q>
                        <q>Nil verius. ipse nbi Rufus?</q>
                    </l>
                    <l n="2">
                        <q>In eathedra.</q>
                        <q>Quid agit?</q>
                        <q>Hoc, quod et in tabula.</q>
                    </l>
                </div>

                <div type="textpart" n="14" subtype="poem">
                    <head>DE EO QUI THESAURUM REPPERIT CUM SE</head>
                    <l n="1">LAQUEO VELLET SUSPENDERE <add>ex Graeco</add>
                    </l>
                    <l n="2">QUI laqueum collo nectebat, repperit aurum</l>
                    <l n="3">thesaurique loco deposuit laqueum.</l>
                    <l n="4">at qui condiderat, postquam non repperit aurum,</l>
                    <l n="5">aptavit collo quem repetit laqueum.</l>

                </div>

                <div type="textpart" n="15" subtype="poem">
                    <head>EX GRAECO</head>
                    <l n="1">
                        <foreign xml:lang="grc">ἀρχὴ δέ τοι ἥμιδυ παντόσ</foreign>
                    </l>
                    <l n="2">INCIPE: dimidium facti est coepisse, superfit</l>
                    <l n="3">dimidium: rursum hoc incipe et efficies.</l>

                </div>

                <div type="textpart" n="16" subtype="poem">
                    <head>EX GRAECO </head>
                    <l n="1">
                        <foreign xml:lang="grc">ὑ χάρισ βραδύπουσ ἄχαρισ χάρισ</foreign>
                    </l>
                    <l n="2">GRATIA, quae tarda est, ingrata est. gratia namque</l>
                    <l n="3">cum fieri properat, gratia grata magis.</l>
                    <pb n="v.1.p.164"/>
                </div>

                <div type="textpart" n="17" subtype="poem">
                    <head>EX EODEM</head>
                    <l n="1">SI bene quid facias, facias, cito. nam cito factum</l>
                    <l n="2">gratum erit. ingratum gratia tarda facit.</l>

                </div>

                <div type="textpart" n="18" subtype="poem">
                    <head> DE EO QUI CAPANEUM SALTANS RUIT</head>
                    <l n="1">DECEPTAE felix casus se miscuit arti:</l>
                    <l n="2">histrio, saltabat qui Capanea, ruit.</l>

                </div>

                <div type="textpart" n="19" subtype="poem">
                    <head>IN DODRAI.EM</head>
                    <l n="1">DODRA ex dodrante est. sic collige: ius, aqua, vinum,</l>
                    <l n="2">sal, oleum, panis, mel, piper, herba: novem.</l>

                </div>

                <div type="textpart" n="20" subtype="poem">
                    <head>IDEM</head>
                    <l n="1">
                        <q>DODRA vocor.</q>
                        <q> Quae causa?</q>
                        <q> Novem species gero.</q>
                        <q>Quae sunt?</q>
                    </l>
                    <l n="2">
                        <q>Ius. aqua. mel, vinum, panis, piper, herba, oleum. sal.</q>
                    </l>

                </div>

                <div type="textpart" n="21" subtype="poem">
                    <head>IDEM</head>
                    <l n="1">
                        <foreign xml:lang="grc">Δόδρα ποτὸν καὶ ἀρτθμός, ἔλω μέλι, οἶνον,
                            ἔλαιον</foreign>.</l>
                    <l n="2">
                        <foreign xml:lang="grc">ἄρτου, ἅλας. βοτάνην, ξωμόν. ὕδωρ, πέπερι</foreign>.</l>

                </div>

                <div type="textpart" n="22" subtype="poem">
                    <head>AD MARCUM AMICUM DE DISCORDIA QUAM DARET CUM PUELLIS</head>
                    <l n="1">“HANC amo quae me odit. contra illam quae me amat, odi.</l>
                    <l n="2">compone inter nos, si potes, alma Venus!”</l>
                    <pb n="v.1.p.166"/>
                    <l n="3">“ Perfacile id faciam: mores mutabo et amores;</l>
                    <l n="4">oderit haec, amet haec.” <q>Rursus idem patiar.</q>
                    </l>
                    <l n="5">
                        <q> Vis ambas ut ames?</q>
                        <q>Si diligat utraque, vellem.</q>
                    </l>
                    <l n="6">
                        <q>Hoc tibi tu praesta, Marce: ut amens, ama.</q>
                    </l>

                </div>

                <div type="textpart" n="23" subtype="poem">
                    <head>DYSEROS</head>
                    <l n="1">“SUASISTI, Venus, ecce, duas dyseros ut amarem.</l>
                    <l n="2">odit utraque: aliud da modo consilium.”</l>
                    <l n="3">
                        <q> Vince datis ambas.</q>
                        <q>Cupio: verum arta domi res.</q>
                    </l>
                    <l n="4">
                        <q> Pelliee promissis.</q>
                        <q>Nulla fides inopi.</q>
                    </l>
                    <l n="5">
                        <q> Antestare deos.</q>
                        <q>Nec fas mihi fallere divos.</q>
                    </l>
                    <l n="6">
                        <q> Pervigila ante fores.</q>
                        <q>Nocte capi metuo.</q>
                    </l>
                    <l n="7">
                        <q>Scribe elegos.</q>
                        <q>Nequeo, Musarum et Apollinis expers.</q>
                    </l>
                    <l n="8">
                        <q> Frange fores.</q>
                        <q>Poenas iudicii metuo.</q>
                    </l>
                    <l n="9">
                        <q> Stulte, ab amore mori pateris: non vis ob amorem?</q>
                    </l>
                    <l n="10">
                        <q> Malo miser dici, quam miser atque reus.</q>
                    </l>
                    <l n="11">
                        <q> Suasi, quod potui: tu alios modo consule.</q>
                        <q>Dic quos?</q>
                    </l>
                    <l n="12">“Quod sibi suaserunt, Phaedra et Elissa dabunt,</l>
                    <l n="13">quod Canace Phyllisque et fastidita Phaoni.” 1</l>
                    <l n="14">
                        <q>Hoc das consilium? tale datur miseris.</q>
                    </l>

                </div>

                <div type="textpart" n="24" subtype="poem">
                    <head> DE EO QUI TESTAM HOMINIS INMISERICORDITER DISSIPARE VOLUIT</head>
                    <l n="1">ANIECTA in triviis inhumati glabra iaccbat</l>
                    <l n="2">testa hominis, nudum iam cute calvitium.</l>
                    <pb n="v.1.p.168"/>
                    <l n="3">fleverunt alii: fletu non motus Aehilas,</l>
                    <l n="4">insuper et silicis verbere dissicuit.</l>
                    <l n="5">eminus ergo icto rediit lapis ultor ab osse</l>
                    <l n="6">auctorisque sui frontem oculosque petit,</l>
                    <l n="7">sic utinam certos manus impia dirigat ictus,</l>
                    <l n="8">auctorem ut feriant tela retorta suum.</l>

                    <l n="9">II</l>
                </div>

                <div type="textpart" n="25" subtype="poem">
                    <head>Commendatio Codicis</head>
                    <l n="1">EST quod inane legas, est et quod vespere; laetis</l>
                    <l n="2">seria miscuimus, tempore uti placeant,</l>
                    <l n="3">non unus vitae color est nec carminis unus</l>
                    <l n="4">lector; habet tempus pagina quaeque suum;</l>
                    <l n="5">hoc mitrata Venus, probat hoc galeata Minerva; </l>
                    <l n="6">Stoicus has partes, has Epicurus amat;</l>
                    <l n="7">salva mihi veterum maneat dum regula morum,</l>
                    <l n="8">plaudat permissis sobria musa iocis.</l>

                </div>

                <div type="textpart" n="26" subtype="poem">
                    <head>
                        <add>DE AUGUSTO 1</add>
                    </head>
                    <l n="1">PHOEBE potens numeris, praeses Tritonia bellis,</l>
                    <l n="2">tu quoque ab aerio praepes Victoria lapsu,</l>
                    <l n="3">come serenatum duplici diademate frontem</l>
                    <l n="4">serta ferens, quae dona togae, quae praemia pugnae,</l>
                    <l n="5">bellandi fandique potens Augustus honoiem </l>
                    <l n="6">bis meret, ut geminet titulos, qui proelia Musis</l>
                    <l n="7">temperat et Getieum moderatur Apolline Martem. </l>
                    <pb n="v.1.p.170"/>
                    <l n="8">arma inter Chunosque truces furtoque nocentes</l>
                    <l n="9">Sauromatas, quantum cessat de tempore belli,</l>
                    <l n="10">indulget Clariis tantum inter castra Camenis. </l>
                    <l n="11">vix posuit volucres stridentia tela sagittas:</l>
                    <l n="12">Musarum ad calamos fertur manus, otia nescit</l>
                    <l n="13">et commutata meditatur arundine carmen:</l>
                    <l n="14">sed carmen non molle modis; bella horrida Martis</l>
                    <l n="15">Odrysii Thraessaeque viraginis arma retractat. </l>
                    <l n="16">exulta, Aeacide: celebrans vate superbo</l>
                    <l n="17">rursum Romanusque tibi contingit Homerus.</l>

                </div>

                <div type="textpart" n="27" subtype="poem">
                    <head>
                        <add>DE FERA A CAESARE INTERFECTA 1</add>
                    </head>
                    <l n="1">Cedere quae lato nescit fera saucia ferro</l>
                    <l n="2">armatique urget tela cruenta viri,</l>
                    <l n="3">quam grandes parvo patitur sub vulnere mortes</l>
                    <l n="4">et solam leti vim probat esse manum!</l>
                    <l n="5">mirantur casusque novos subitasque ruinas: </l>
                    <l n="6">nec contenta ictos letaliter ire per artus,</l>
                    <l n="7">coniungit mortes una sagitta duas.</l>
                    <l n="8">plurima communi pereunt si fulminis ictu,</l>
                    <l n="9">haec quoque de caelo vulnera missa putes.</l>

                </div>

                <div type="textpart" n="28" subtype="poem">
                    <head>AD FONTEM DVNUVII IUSSU VALENTINIANI AUGUSTI</head>
                    <l n="1">Illyricis regnator aquis, tibi, Nile, secundus</l>
                    <l n="2">Danuvius laetum pro fero fonte caput.</l>
                    <pb n="v.1.p.172"/>
                    <l n="3">salvere Augustus iubeo, natumque patremque,</l>
                    <l n="4">armiferis alvi quos ego Pannoniis.</l>
                    <l n="5">nuntius Euxiuo iam nunc volo currere ponto, </l>
                    <l n="6">ut sciat hoc superum cura secunda Valens,</l>
                    <l n="7">caede, fuga, flammis stratos periisse Suebos</l>
                    <l n="8">nec Rhenum Gallis limitis esse loco.</l>
                    <l n="9">quod si lege maris refluus mihi curreret amnis.</l>
                    <l n="10">huc possem victos inde referre Gothos. </l>

                </div>

                <div type="textpart" n="29" subtype="poem">
                    <head>VALENTINIANO IUNIOUI IN SIGNUM MARMOUEUM</head>
                    <l n="1">NUNC te marmoreum pro sumptu fecimus: at cum</l>
                    <l n="2">Augustus frater remeaverit, aureus esto.</l>

                </div>

                <div type="textpart" n="30" subtype="poem">
                    <head>PICTURAE SUBDITI UNI LEO UNA SAGITTA</head>
                    <l n="1">GRATIANO OCCISIS EST</l>
                    <l n="2">Quod leo tam tenui patitur sub harundine letum,</l>
                    <l n="3">non vires ferri, sed ferientis agunt.</l>

                </div>

                <div type="textpart" n="31" subtype="poem">
                    <head> AN FONTEM DANUVII .IUSSU VALENIINIANI</head>
                    <l n="1">AUGUSTI</l>
                    <l n="2">DANUNIUS penitis caput occultatus in oris</l>
                    <l n="3">totus sub vestra iam dicione fluo:</l>
                    <l n="4">qua gelidum fontem mediis effundo Suebis,</l>
                    <l n="5">imperiis gravidas qua seco Pannonias,</l>
                    <pb n="v.1.p.174"/>
                    <l n="6">et qua dives aquis Scythico solvo ostia ponto, 5</l>
                    <l n="7">omnia sub vestrum flumina mitto iugum.</l>
                    <l n="8">Augusto dabitur sed proxima palma Valenti:</l>
                    <l n="9">inveniet fontes hic quoque, Nile, tuos.</l>

                </div>

                <div type="textpart" n="32" subtype="poem">
                    <head> IN ECHO PICTAM</head>
                    <l n="1">Vane, quid adfectus faciem mihi ponere, pictor,</l>
                    <l n="2">ignotamque oculis sollicitare deam?</l>
                    <l n="3">Aeris et Linguae sum filia, mater inanis</l>
                    <l n="4">indicii, vocem quae sine mente gero.</l>
                    <l n="5">extremos pereunte modos a fine reducens, </l>
                    <l n="6">ludificata sequor verba aliena meis.</l>
                    <l n="7">auribus in vestris habito penetrabilis Echo:</l>
                    <l n="8">et, si vis similem pingere, pinge sonum.</l>

                </div>

                <div type="textpart" n="33" subtype="poem">
                    <head> IN SIMULACRUM OCCASIONES ET PAENITENTIAE</head>
                    <l n="1">Cuius opus? Phidiae: qui signum Pallados, eius</l>
                    <l n="2">quique Iovem fecit; tertia palma ego sum. sum</l>
                    <l n="3">dea quae rara et paucis occasio nota.</l>
                    <l n="4">quid rotulae insistis? stare loco nequeo,</l>
                    <l n="5">quid talaria habes? volucris sum. Mercurius quae </l>
                    <l n="6">fortunare solet, trado ego, cum volui,</l>
                    <l n="7">crine tegis faciem, cognosci nolo. sed heus tu</l>
                    <l n="8">occipiti calvo es? ne tenear fugiens,</l>
                    <l n="9">quae tibi iuncta comes? dicat tibi. dic rogo, quae sis.</l>
                    <l n="10">sum dea, cui nomen nec Cicero ipse dedit. </l>
                    <pb n="v.1.p.176"/>
                    <l n="11">sum dea, quae factique et non facti exigo poenas,</l>
                    <l n="12">nempe ut paeniteat, sic METANOEA vocor.</l>
                    <l n="13">tu modo dic, quid agat tecum, quandoque volavi,</l>
                    <l n="14">haec manet; hanc retinent, quos ego praeterii.</l>
                    <l n="15">tu quoque dum rogitas, dum percontando moraris, 15</l>
                    <l n="16">elapsam dices me tibi de manibus.</l>

                </div>

                <div type="textpart" n="34" subtype="poem">
                    <head>AD GALEAM PUELLAM IAM SENESCENTEM</head>
                    <l n="1">DICEBAM tibi: “Galla, senescimus; effugit aetas,</l>
                    <l n="2">utere rene tuo: casta puella anus est.”</l>
                    <l n="3">sprevisti. obrepsit non intellecta senectus</l>
                    <l n="4">nec revocare potes, qui periere, dies.</l>
                    <l n="5">nunc piget et querens, quod non aut ista voluntas </l>
                    <l n="6">tunc fuit, aut non est nunc ea forma tibi.</l>
                    <l n="7">da tamen amplexus oblitaque gaudia iunge</l>
                    <l n="8">da: fruar, et si non quod volo, quod volui.</l>

                </div>

                <div type="textpart" n="35" subtype="poem">
                    <head>DE LEPORE CAPTO A CANE MARINO</head>
                    <l n="1">TRINACUM quondam currentem in litoris ora</l>
                    <l n="2">ante canes leporem caeruleus rapuit,</l>
                    <l n="3">at lepus: “ In me omnis terrae pelagique rapina est,</l>
                    <l n="4">forsitan et caeli; si canis astra tenet.”</l>
                    <pb n="v.1.p.178"/>
                </div>

                <div type="textpart" n="36" subtype="poem">
                    <head>DE PENGAMO SCRIPTORE FUGITINOQUI</head>
                    <l n="1">CAPTUS FUERNT</l>
                    <l n="2">TAM segnis scriptor, quam lentus, Pergame, cursor,</l>
                    <l n="3">fugisti et primo captus es in stadio.</l>
                    <l n="4">ergo notas scripto tolerasti, Pergame, vultu</l>
                    <l n="5">et quas neglexit dextera, frons patitur.</l>

                </div>

                <div type="textpart" n="37" subtype="poem">
                    <head>&lt;IN EUNDEM PERGAMUM 1&gt;</head>
                    <l n="1">PERGAME, non recte punitus fronte subisti</l>
                    <l n="2">supplicium, lentae quod meruere manus.</l>
                    <l n="3">at tu, qui dominus, peccantia membra coherce:</l>
                    <l n="4">iniustum falsos excruciare reos.</l>
                    <l n="5">aut inscribe istam, quae non vult scribere, dextram,</l>
                    <l n="6">aut profugos ferri pondere nocte pedes.</l>

                </div>

                <div type="textpart" n="38" subtype="poem">
                    <head>DE MYRONE QUI LAIDIS NOCTEM ROGAVERAT</head>
                    <l n="1">CANUS rogabat Laidis noctem Myron:</l>
                    <l n="2">tulit repulsam protinus</l>
                    <l n="3">causamque sensit et caput fuligine</l>
                    <l n="4">fucavit atra candidum,</l>
                    <l n="5">idemque vultu, crine non idem Myron </l>
                    <l n="6">orabat oratum prius,</l>
                    <l n="7">sed illa formam cum capillo comparatis</l>
                    <l n="8">similemque, non ipsum, rata</l>
                    <l n="9">(fortasse et ipsum, sed volens ludo frui)</l>
                    <l n="10">sic est adorta callidum: </l>
                    <l n="11">“Inepte, quid me, quod recusari, rogas?</l>
                    <l n="12">patri negavi iam tuo.”</l>
                    <pb n="v.1.p.180"/>
                </div>

                <div type="textpart" n="39" subtype="poem">
                    <head>DE OPINIONE QUAM DE H.I.O HABEBNT</head>
                    <l n="1">EIUS UXOR</l>
                    <l n="2">LAIDAS et Glyceras, lascivae nomina famae.</l>
                    <l n="3">coniunx in nostro carmine eum legeret,</l>
                    <l n="4">ludere me dixit falsoque in amore iocari.</l>
                    <l n="5">tanta illi nostra est de probitate fides.</l>

                </div>

                <div type="textpart" n="40" subtype="poem">
                    <head>AD UXOREM</head>
                    <l n="1">UXOR, vivamus quod viximus, et teneamus</l>
                    <l n="2">nomina, quae primo sumpsimus in thalamo:</l>
                    <l n="3">nec ferat ulla dies, ut commutemur in aevo;</l>
                    <l n="4">quin tibi sim iuvenis tuque puella mihi.</l>
                    <l n="5">Nestore sim quamvis provectior aemulaque annis </l>
                    <l n="6">vineas Cumauam tu quoque Deiphoben;</l>
                    <l n="7">nos ignoremus, quid sit matura senectus.</l>
                    <l n="8">scire aevi meritum, non numerare decet.</l>

                </div>

                <div type="textpart" n="41" subtype="poem">
                    <head> IN MEROEN ANUM FBRIOSAM</head>
                    <l n="1">QUI primus, MEROE, nomen tibi condidit, ille</l>
                    <l n="2">Thesidae nomen condidit Hippolyto,</l>
                    <l n="3">nam divinare est, nomen componere, quod sit</l>
                    <l n="4">fortunae et morum vel necis indicium.</l>
                    <l n="5">Protesilae, tibi nomen sic fata dederunt, </l>
                    <l n="6">victima quod Troiae prima futurus eras.</l>
                    <l n="7">ldmona quod vatem, medicum quod Iapyga dicunt,</l>
                    <l n="8">discendas artes nomina praeveniunt.</l>
                    <l n="9">et tu sic Meroe, non quod sis atra colore,</l>
                    <l n="10">ut quae Niliaea nascitur in Meroe; </l>
                    <pb n="v.1.p.182"/>
                    <l n="11">infusum sed quod vinum non diluis undis,</l>
                    <l n="12">potare imnixtum sueta merumque merum.</l>

                </div>

                <div type="textpart" n="42" subtype="poem">
                    <head>EX GRANECO TUA DUCTUM DE STATUA NEMESIS</head>
                    <l n="1">ME lapidem quondam Persae advexere, tropaeum</l>
                    <l n="2">ut fierem bello: nunc ego sum Nemesis.</l>
                    <l n="3">ac sicut Graecis victoribus adsto tropaeum,</l>
                    <l n="4">punio sic Persas vaniloquos Nemesis.</l>

                </div>

                <div type="textpart" n="43" subtype="poem">
                    <head>DE THRASYBULO LACEDAEMONIO QUI FORT1SSIME DIMICANS OCCUBUIT</head>
                    <l n="1">EXCIPS adverso quod pectore vulnera septem,</l>
                    <l n="2">arma super velleris quod, Thrasybule, tua,</l>
                    <l n="3">non dolor hic patris est, Pitanae sed gloria maior.</l>
                    <l n="4">rarum, tam pulchro funere posse frui.</l>
                    <l n="5">quem postquam maesto socii posuere feretro, </l>
                    <l n="6">talia magnanimus edidit orsa pater:</l>
                    <l n="7">“Flete alios, natus lacrimis non indiget ullis.</l>
                    <l n="8">et meus, et talis, et Lacedaemonio.”</l>

                </div>

                <div type="textpart" n="44" subtype="poem">
                    <head>EX GRAECO TRADUCTUM DE MATRE</head>
                    <l n="1">MAGNANIMA</l>
                    <l n="2">MATER Lacaena clipeo obarmans filium,</l>
                    <l n="3">
                        <q>Cum hoc,</q> inquit, <q>aut in hoc redi.</q>
                    </l>
                    <pb n="v.1.p.184"/>
                </div>

                <div type="textpart" n="45" subtype="poem">
                    <head> IN DEGENEREM DIVITEM MOECHO I,EXITUM</head>
                    <l n="1">QUIDAM superbus opibus et fastu tumens</l>
                    <l n="2">tantumque verbis nobilis</l>
                    <l n="3">spernit vigentis clara saecli nomina,</l>
                    <l n="4">antiqua captans stemmata,</l>
                    <l n="5">Martem Remumque et conditorem Romulum</l>
                    <l n="6">privos parentes nuneupans.</l>
                    <l n="7">hos ille Serum veste contexi iubet:</l>
                    <l n="8">hos caelat argento gravi,</l>
                    <l n="9">ceris inurens ianuarum limina</l>
                    <l n="10">et atriorum pegmata. </l>
                    <l n="11">credo, quod illi nec pater certus fuit</l>
                    <l n="12">et mater est vere lupa.</l>

                </div>

                <div type="textpart" n="46" subtype="poem">
                    <head>ANTISTHENIS CYNIVII IMAGINI SUBDITI</head>
                    <l n="1">INVENTOR primus Cynices ego. “Quae ratio istaec</l>
                    <l n="2">Alcides multo dicitur esse prior.”</l>
                    <l n="3">Alcida quondam fueram doctore secundus:</l>
                    <l n="4">nunc ego sum Cynices primus, et ille deus.</l>

                </div>

                <div type="textpart" n="47" subtype="poem">
                    <head>
                        <add>DE EODEM</add>
                    </head>
                    <l n="1">DISCIPULUS melior nulli meliorve magister</l>
                    <l n="2">
                        <foreign xml:lang="grc">εἰσ ἀρετὴν συνέβη καὶ Κυνικὴν σοφίην</foreign>.</l>
                    <l n="3">dicere me novit verum, qui novit utrumque,</l>
                    <l n="4">
                        <foreign xml:lang="grc">καὶ θεὸν Ἀλκείδην, καὶ κύνα Διογένην</foreign>.</l>
                    <pb n="v.1.p.186"/>
                </div>

                <div type="textpart" n="48" subtype="poem">
                    <head>MIXOBARBARON LIBERI PATRIS SIGNO MARMOREO IN VILLA NOSTRA OMNIUM DEORUM
                        ARGUMENTA HABENTI</head>
                    <l n="1">OGYGIDAE 1 me Bacchum vocant,</l>
                    <l n="2">Osirin Aegypti putant,</l>
                    <l n="3">Mysi Phanacen nominant,</l>
                    <l n="4">Dionyson Indi existimant,</l>
                    <l n="5">Romana sacra Liberum, </l>
                    <l n="6">Arabica gens Adoneum,</l>
                    <l n="7">Lucaniacus Pantheum.</l>

                </div>

                <div type="textpart" n="49" subtype="poem">
                    <head>LIBERO PATRI </head>
                    <l n="1">
                        <foreign xml:lang="grc">Αἰγυπιίων μὲν Ὄσιρισ ἐγώ, Μυσῶν δὲ
                        Φανάκησ</foreign>,</l>
                    <l n="2">
                        <foreign xml:lang="grc">Βάκχοσ ἐνὶ ζωοῖσιν, ἐνὶ φθιμένοισιν
                        Ἀδωνεύσ</foreign>,</l>
                    <l n="3">
                        <foreign xml:lang="grc">πυρογενής, δίκερως, Τυτανολέτης, Διόνυσοσ</foreign>.</l>

                </div>

                <div type="textpart" n="50" subtype="poem">
                    <head>IN CORYDONEM MARMOREUM</head>
                    <l n="1">
                        <foreign xml:lang="grc">Αἲξ χίμαροσ πήδη ποιμὴν ῤαβδοῦχοσ ἐλαίη εἶσ λίθοσ ἐκ
                            πάντων λιτὸσ ἐγὼ Κορυδών</foreign>.</l>

                </div>

                <div type="textpart" n="51" subtype="poem">
                    <head>IN SIMULACRUM SAPPNUS</head>
                    <l n="1">LESBIA Pieriis Sappho soror addita Musis,</l>
                    <l n="2">
                        <foreign xml:lang="grc">εἰμ' ἐνάτη λυρικῶν, Ἀονίδων δεκάτη</foreign>.</l>

                </div>

                <div type="textpart" n="52" subtype="poem">
                    <head> DEAE VENERI</head>
                    <l n="1">ORTA salo, suscepta solo, patre edita Caelo,</l>
                    <l n="2">Aeneadum genetrix, hic habito alma Venus.</l>
                    <pb n="v.1.p.188"/>
                </div>

                <div type="textpart" n="53" subtype="poem">
                    <head>NERSUS IN VESTE CONTENTI</head>
                    <l n="1">LAUDET Achaemenias orientis gloria telas:</l>
                    <l n="2">molle aurum pallis, Graecia, texe tuis;</l>
                    <l n="3">non minus Ausoniam celebret dum fama Sabinam.</l>
                    <l n="4">parcentem magnis sumptibus, arte parem.</l>

                </div>

                <div type="textpart" n="54" subtype="poem">
                    <head> ITEM</head>
                    <l n="1">SIVE probas Tyrio textam subtemine vestem</l>
                    <l n="2">seu placet inscripti commoditas tituli.</l>
                    <l n="3">ipsius hoc dominae concinnat utrumque venustas,</l>
                    <l n="4">has geminas artes una Sabina colit.</l>

                </div>

                <div type="textpart" n="55" subtype="poem">
                    <head>DE EADEM SABINA</head>
                    <l n="1">LICIA qui texunt et carmina, carmina Musis,</l>
                    <l n="2">licia contribuunt, casta Minerva, tibi.</l>
                    <l n="3">ast ego rem sociam non dissociabo Sabina,</l>
                    <l n="4">versibus inscripsi quae mea texta meis.</l>

                </div>

                <div type="textpart" n="56" subtype="poem">
                    <head>DE PUELLA QUAM AMABVT</head>
                    <l n="1">HANG volo, quae non vult; illam, quae vult, ego nolo:</l>
                    <l n="2">vincere vult animos, non satiare Venus,</l>
                    <l n="3">oblatas sperno illecebras. detrecto negatas:</l>
                    <l n="4">nec satiare animum nec cruciare volo.</l>
                    <l n="5">nec bis cincta Diana placet nec nuda Cythere: </l>
                    <l n="6">illa voluptatis nil habet, haec nimium,</l>
                    <l n="7">callida sed mediae Veneris milli venditet artem</l>
                    <l n="8">femina, quae iungat, quod volo nolo vocant.</l>
                    <pb n="v.1.p.190"/>
                </div>

                <div type="textpart" n="57" subtype="poem">
                    <head> DE DUOBUS FRATRIBUS</head>
                    <l n="1">
                        <foreign xml:lang="grc">Χρῆστος, Ἀκίνδυνος, αὐτοαδελφεοί, οἰκτρὰ δὲ,
                            τέκνα</foreign>,</l>
                    <l n="2">moribus umbo malis nomina falsa gerunt:</l>
                    <l n="3">
                        <foreign xml:lang="grc">οὐδ' οὗτοσ χρηδτός, οὐδ' οὗτοσ ἀκίνδυνόσ
                        ἐδτιν</foreign>.</l>
                    <l n="4">una potest ambos littera corrigere.</l>
                    <l n="5">
                        <foreign xml:lang="grc">αἴ κεν Χρῆδτός, ἔχῃ παρ' ἀδελφοῦ Ἀκινδύνου
                            ἄλφα</foreign>,</l>

                    <l n="6">
                        <foreign xml:lang="grc">κίνδυνοσ</foreign> hic fiet, <foreign xml:lang="grc">ἄχρηδτοσ</foreign> erit.</l>

                </div>

                <div type="textpart" n="58" subtype="poem">
                    <head>DE. CURESTO ET ACINDYNO QUIBUS FUERAT</head>
                    <l n="1">MALE NOMEN IMPOSITUM</l>
                    <l n="2">GERMANI fratres sunt, Chrestos, Aeindvnos alter,</l>
                    <l n="3">falsum nomen utrique: sed ut verum sit utrique,</l>
                    <l n="4">alpha suum Chresto det Acindynos, ipse sine alpha</l>
                    <l n="5">permaneat: verum nomen uterque geret.</l>

                </div>

                <div type="textpart" n="59" subtype="poem">
                    <head> QUODDAM QUASI AENIGMA DE TRIBUS INCESTIS</head>
                    <l n="1">“TRIS uno in lecto: stuprum duo perpetiuntur.</l>
                    <l n="2">et duo committunt.” <q>Quattuor esse reor.</q>
                    </l>
                    <l n="3">“Falleris: extremis da singula crimina et illum</l>
                    <l n="4">bis numera medium, qui facit et patitur.”</l>

                </div>

                <div type="textpart" n="60" subtype="poem">
                    <head>DE HIS QUI DICUNT REMINISCO QUOD NON</head>
                    <l n="1">EST LATINUM</l>
                    <l n="2">QUI REMINISCO putat se dicere posse latine</l>
                    <l n="3">hic ubi en scriptum est, faceret cor, si cor haberet.</l>
                    <pb n="v.1.p.192"/>
                </div>

                <div type="textpart" n="61" subtype="poem">
                    <head>DE VERBIS RUFI</head>
                    <l n="1">RITUS vocatus rhetor olim ad nuptias,</l>
                    <l n="2">celebri ut fit in convivio,</l>
                    <l n="3">grammaticae ut artis se peritum ostenderet,</l>
                    <l n="4">haec vota dixit nuptiis:</l>
                    <l n="5">“Ei masculini et feminini gignite </l>
                    <l n="6">generisque neutri filios.”</l>

                </div>

                <div type="textpart" n="62" subtype="poem">
                    <head>DE GLAUCIA INMATURA MORTE PRAEVENTO</head>
                    <l n="1">LAETA bis octono tibi iam sub consule pubes</l>
                    <l n="2">cingebat teneras, Glaucia adulto, genas,</l>
                    <l n="3">et iam desieras puer anne puella videri:</l>
                    <l n="4">cum properata dies abstulit omne decus,</l>
                    <l n="5">sed neque functorum socius miscebere vulgo </l>
                    <l n="6">nec metues Stygios flebilis umbra lacus,</l>
                    <l n="7">verum aut Persephonae Cinyreius ibis Adonis,</l>
                    <l n="8">aut Iovis Elysii tu Catamitus eris.</l>

                </div>

                <div type="textpart" n="63" subtype="poem">
                    <head>IN SIGNUM MARMOREUM NIOBES</head>
                    <l n="1">VIVEBAM: sum facta silex, quae deinde polita</l>
                    <l n="2">Praxiteli manibus vivo iterum Niobe,</l>
                    <l n="3">reddidit artificis manus omnia, sed sine sensu:</l>
                    <l n="4">hunc ego, cum laesi numina, non habui.</l>

                </div>

                <div type="textpart" n="64" subtype="poem">
                    <head> DE PALLADE VOLENTE CERTARE ARMIS CUM</head>
                    <l n="1">VENERE</l>
                    <l n="2">ARMATAM vidit Venerem Lacedaemone Pallas.</l>
                    <l n="3">
                        <q>Nunc certemus,</q> ait, <q>iudice vel Paride.</q>
                    </l>
                    <l n="4">cui Venus: “ Armatam tu me, temeraria, temnis,</l>
                    <l n="5">quae, quo te vici tempore, nuda fui?”</l>
                    <pb n="v.1.p.194"/>
                </div>

                <div type="textpart" n="65" subtype="poem">
                    <head>DE LAIDE DICANTE VENERI SPECULUM SUUM</head>
                    <l n="1">LAIS anus Veneri speculum dico: dignum habeat se</l>
                    <l n="2">aeterna aeternum forma ministerium,</l>
                    <l n="3">at mihi nullus in hoc usus, quia cernere talem,</l>
                    <l n="4">qualis sum, nolo. qualis eram, nequeo.</l>

                </div>

                <div type="textpart" n="66" subtype="poem">
                    <head>
                        <add>DE CASTORE, POLLUTE ET HELENA</add>
                    </head>
                    <l n="1">ISTOS tergemino nasci quos cernis ab ovo,</l>
                    <l n="2">patribus ambiguis et matribus adsere natos,</l>
                    <l n="3">hos genuit Nemesis, sed Leda puerpura fovit:</l>
                    <l n="4">Tyndareus pater his et Iuppiter: hic putat, hic scit.</l>

                </div>

                <div type="textpart" n="67" subtype="poem">
                    <head>DE IMAGINE VENERIS SCULPTA A PRAXITELF</head>
                    <l n="1">VERA Venus Gnidiam cum vidit Cyprida. dixit:</l>
                    <l n="2">
                        <q>Vidisti nudam me, puto, Praxitele.</q>
                    </l>
                    <l n="3">“Non vidi, nec fas: sed ferro opus omne polimus.</l>
                    <l n="4">ferrum Gradivi Martis in arbitrio,</l>
                    <l n="5">qualem igitur domino scierant placuisse Cytheren, </l>
                    <l n="6">talem fecerunt ferrea caela deam.”</l>

                </div>

                <div type="textpart" n="68" subtype="poem">
                    <head>IN BUCULAM AENEAM MYRONIS</head>
                    <l n="1">BUCULA sum, caelo genitoris facta Myronis</l>
                    <l n="2">aerea: nec factam me puto, sed genitam.</l>
                    <l n="3">sic me taurus init, sic proxima bucula mugit.</l>
                    <l n="4">sic vitulus sitiens ubera nostra petit.</l>
                    <pb n="v.1.p.196"/>
                    <l n="5">miraris, quod fallo gregem? gregis ipse magister 5</l>
                    <l n="6">inter pascentes me numerare solet.</l>
                </div>

                <div type="textpart" n="69" subtype="poem">
                    <head>DE EADEM BUCULA MYRONIS</head>
                    <l n="1">UBERA quid pulsas frigentia matris aenae,</l>
                    <l n="2">o vitule, et sucum lactis ab aere petis?</l>
                    <l n="3">hunc quoque praestarem, si me pro parte parasset</l>
                    <l n="4">exteriore Myron, interiore deus.</l>

                </div>

                <div type="textpart" n="70" subtype="poem">
                    <head>AN DAEDALUM DE EADEM BUCULA</head>
                    <l n="1">DAEDALE, cur vana consumis in arte laborem?</l>
                    <l n="2">me potius clausa subice Pasiphae.</l>
                    <l n="3">illecebras verae si vis dare, Daedale, vaccae,</l>
                    <l n="4">viva tibi species vacca Myronis erit.</l>

                </div>

                <div type="textpart" n="71" subtype="poem">
                    <head>DE EADEM MYRONIS BUCULA IAM HABENTE</head>
                    <l n="1">SUI RITUM</l>
                    <l n="2">AEREA mugitum poterat dare vacca Myronis:</l>
                    <l n="3">sed timet artificis deterere ingenium,</l>
                    <l n="4">fingere nam similem vivae, quam vivere, plus est:</l>
                    <l n="5">nec sunt facta dei mira, sed artificis.</l>

                </div>

                <div type="textpart" n="72" subtype="poem">
                    <head>DE EADEM BUCULA IAM HABENTE SPIRITUM</head>
                    <l n="1">AEREA bos steteram; mactata est vacca Minervae;</l>
                    <l n="2">sed dea proflatam transtulit huc animam,</l>
                    <l n="3">et modo sum duplex: pars aerea, pars animata.</l>
                    <l n="4">haec manus artificis dicitur, illa deae.</l>
                    <pb n="v.1.p.198"/>
                </div>

                <div type="textpart" n="73" subtype="poem">
                    <head>AN TAURUM DE EADEM BUCULA</head>
                    <l n="1">Quid me, taure, paras specie deeeptus inire?</l>
                    <l n="2">non sum ego Minoae maehina Pasiphaae.</l>

                </div>

                <div type="textpart" n="74" subtype="poem">
                    <head>DE EADEM MYRONIS BUCULA</head>
                    <l n="1">NECDUM caduco sole, iam sub vespere,</l>
                    <l n="2">ageret iuveneas cum domum pastor suas.</l>
                    <l n="3">suam relinquens me monebat ut suam.</l>

                </div>

                <div type="textpart" n="75" subtype="poem">
                    <head>DE EADEM MYRONIS BUCULA</head>
                    <l n="1">UNAM iuvencam pastor forte amiserat,</l>
                    <l n="2">numerumque iussus reddere</l>
                    <l n="3">me defuisse conquerebatur, sequi</l>
                    <l n="4">quae noluissem ceteras.</l>

                </div>

                <div type="textpart" n="76" subtype="poem">
                    <head>
                        <add>QUAE SEXUM MUTARINT</add>
                    </head>
                    <l n="1">VALLEBANAE (nova res et vix credenda poctis.</l>
                    <l n="2">sed quae de vera promitur historia)</l>
                    <l n="3">femineam in speciem convertit masculus ales</l>
                    <l n="4">pavaque de pavo constitit ante oculos,</l>
                    <l n="5">cuncti admirantur monstrum: sed mollior agna </l>
                    <l n="6">
                        <add>talia virginea voce puella refert:1</add>
                    </l>
                    <l n="7">“Quid stolidi ad speciem notae novitatis hebeti?</l>
                    <l n="8">an vos Nasonis carmina non legitis?</l>
                    <l n="9">Caenida convertit proles Saturnia Consus</l>
                    <l n="10">ambiguoque fuit corpore Tiresias.</l>
                    <l n="11">vidit semivirum fons Salmacis Hermaphroditum</l>
                    <l n="12">vidit nubentem Plinius Androgynum.</l>
                    <pb n="v.1.p.200"/>
                    <l n="13">nec satis antiquum, quod Campana in Benevento</l>
                    <l n="14">unus epheborum virgo repente fuit.</l>
                    <l n="15">nolo tamen veteris documenta arcessere famae. </l>
                    <l n="16">ecce ego sum factus femina de puero.”</l>

                </div>

                <div type="textpart" n="77" subtype="poem">
                    <head>AN PYTHAGORAM DE MARCO QUI DICEBATUR PULLARIA</head>
                    <l n="1">“ Pythagora Euphorbi, reparas qui semina rerum</l>
                    <l n="2">corporibusque novis das reduces animas,</l>
                    <l n="3">dic, quid erit Marcus iam fata novissima functus,</l>
                    <l n="4">si redeat vitam rursus in aeriam? ”</l>
                    <l n="5">“ Quis Marcus? " " Feles nuper pullaria dictus,</l>
                    <l n="6">corrupit totum qui puerile secus,</l>
                    <l n="7">perversae Veneris postico vulnere fossor,</l>
                    <l n="8">Lucili vatis subpilo pullipremo.”</l>
                    <l n="9">“ Non taurus, non mulus erit, non hippocamelus,</l>
                    <l n="10">non caper aut aries, sed scarabaeus erit.”</l>

                </div>

                <div type="textpart" n="78" subtype="poem">
                    <head>DE CASTORE FELLATORE QUI SUAM LINGEBAT UXOREM</head>
                    <l n="1">LAMBERE cum vellet mediorum membra virorum</l>
                    <l n="2">Castor nec posset vulgus habere domi,</l>
                    <l n="3">repperit, ut nullum fellator perderet inguen:</l>
                    <l n="4">uxoris coepit lingere membra suae.</l>

                </div>

                <div type="textpart" n="79" subtype="poem">
                    <head>SUBSCRIPTUM PICTURAE MULIERIS IMPUDICAE</head>
                    <l n="1">PRAETER legitimi genialia foedera coetus</l>
                    <l n="2">repperit obscenas veneres vitiosa libido:</l>
                    <l n="3">Herculis heredi quam Lemnia suasit egestas,</l>
                    <pb n="v.1.p.202"/>
                    <l n="4">quam toga facundi scaenis agitavit Afrani</l>
                    <l n="5">et quam Nolanis capitalis luxus inussit. </l>
                    <l n="6">Crispa tamen cunetas exercet corpore in uno:</l>
                    <l n="7">deglubit, fellat, molitur per utramque cavernam,</l>
                    <l n="8">ne quid inexpertum frustra moritura relinquat.</l>

                </div>

                <div type="textpart" n="80" subtype="poem">
                    <head> DE ALCONE MEDICO QUI HARUSPICEM VANILOQUUM FECIT </head>
                    <l n="1">LANGUENTI Marco dixit Diodorus haruspex</l>
                    <l n="2">ad vitam non plus sex superesse dies.</l>
                    <l n="3">sed medicus divis fatisque potentior Alcon</l>
                    <l n="4">falsum convicit illico haruspicium</l>
                    <l n="5">tractavitque manum victuri, ni tetigisset; </l>
                    <l n="6">illico nam Marco sex periere dies.</l>
                </div>

                <div type="textpart" n="81" subtype="poem">
                    <head>DE SIGNO IOVIS TACTO AD ALCONE MEDICO</head>
                    <l n="1">ALCON hesterno signum Iovis attigit, ille</l>
                    <l n="2">quamvis marmoreus vim patitur medici.</l>
                    <l n="3">ecce hodie iussus transferri e sede vetusta</l>
                    <l n="4">effertur. quamvis sit deus atque lapis.</l>

                </div>

                <div type="textpart" n="82" subtype="poem">
                    <head>IN EUNUM LIGUUUITOUEM</head>
                    <l n="1">EUNE, quid adfectus vendentem Phyllida odores?</l>
                    <l n="2">dicetis hanc mediam lambere, non molere.</l>
                    <l n="3">perspice, ne mercis fallant te nomina, vel ne</l>
                    <l n="4">aere Seplasiae decipiare cave,</l>
                    <l n="5">dum <foreign xml:lang="grc">κύσθον κόστον</foreign> que putas communis
                        odoris </l>
                    <l n="6">el nardium ac sardas esse sapore pari.</l>
                    <pb n="v.1.p.204"/>
                </div>

                <div type="textpart" n="83" subtype="poem">
                    <head>&lt;IN EUNDEM EUNUM&gt;</head>
                    <l n="1">Diversa infelix et lambit et olfacit Eunus:</l>
                    <l n="2">dissimilem olfactum naris et oris habet.</l>

                </div>

                <div type="textpart" n="84" subtype="poem">
                    <head>AD EUNDEM EUNUM QUOD NON VELIT</head>
                    <l n="1">BENE NEC MALE OLERE</l>
                    <l n="2">SALGAMA non hoc sunt, quod balsama: cedite odores,</l>
                    <l n="3">nec male olere mihi, nec bene olere placet.</l>

                </div>

                <div type="textpart" n="85" subtype="poem">
                    <head>&lt;AD EUNDEM EUNUM&gt;</head>
                    <l n="1">LAIS Eros et Itys, Chiron et Eros, Itys alter</l>
                    <l n="2">nomina si scribis, prima elementa adime.</l>
                    <l n="3">ut facias verbum, quod tu facis, Eune magister,</l>
                    <l n="4">dicere me Latium non decet opprobrium.</l>

                </div>

                <div type="textpart" n="86" subtype="poem">
                    <head>AD EUNUM QUI UXORIS SUAE INGUINA</head>
                    <l n="1">LAMBEBAT</l>
                    <l n="2">EUNE, quod uxoris gravidae putria inguina lambis,</l>
                    <l n="3">festinas glossas non natis tradere natis.</l>

                </div>

                <div type="textpart" n="87" subtype="poem">
                    <head>AD EUNUM LIGURRITOREM PAEDAGOGUM</head>
                    <l n="1">EUNUS Syriscus, inguinum ligurritor.</l>
                    <l n="2">opicus magister (sic eum docet Phyllis)</l>
                    <l n="3">muliebre membrum quadrangulum cernit:</l>
                    <l n="4">triquetro coactu .<foreign xml:lang="grc">Δ</foreign>. litteram ducit.</l>
                    <l n="5">de valle femorum altrinsecus pares rugas </l>
                    <l n="6">mediumque, fissi rima qua patet, callem</l>
                    <l n="7">.<foreign xml:lang="grc">Ψ</foreign>. dicit esse: nam trifissilis forma
                        est.</l>
                    <l n="8">cui ipse linguam cum dedit suam, .<foreign xml:lang="grc">Λ</foreign>.
                        est:</l>
                    <pb n="v.1.p.206"/>
                    <l n="9">veramque in illis esse .<foreign xml:lang="grc">Φ</foreign>. notam
                        .sentit.</l>
                    <l n="10">quid, imperite, P. putas ibi scriptum, </l>
                    <l n="11">ubi locari .I. convenit longum?</l>
                    <l n="12">miselle doctor, 8. tibi sit obsceno,</l>
                    <l n="13">tuumque nomen .<foreign xml:lang="grc">Θ</foreign>. sectilis signet.</l>

                </div>

                <div type="textpart" n="88" subtype="poem">
                    <head>AN CRISPAM QUAE A QUIBUSDAM DICEBATUR DEFORMIS</head>
                    <l n="1">DEFORMEM quidam te dicunt, Crispa: ego istud</l>
                    <l n="2">nescio: mi pulchra es, iudice me satis est.</l>
                    <l n="3">quin etiam cupio, iunctus quia zelus amori est.</l>
                    <l n="4">ut videare aliis foeda, deeora mihi.</l>

                </div>

                <div type="textpart" n="89" subtype="poem">
                    <head>QUALEM VELIT HABERE AMICAM</head>
                    <l n="1">SIT milli talis amica velim,</l>
                    <l n="2">iurgia quae temere incipiat,</l>
                    <l n="3">nec student quasi casta loqui:</l>
                    <l n="4">pulcra procax petulante manu,</l>
                    <l n="5">verbera quae ferat et regerat </l>
                    <l n="6">caesaque ad oscula confugiat.</l>
                    <l n="7">nam nisi moribus his fuerit,</l>
                    <l n="8">casta modesta pudenter agens,</l>
                    <l n="9">dicere abominor, uxor erit.</l>

                </div>

                <div type="textpart" n="90" subtype="poem">
                    <head>Ex Graeco traductum ad Cupidinem</head>
                    <l n="1">Hoc, quod amare vocant, solve aut misceto. Cupido:</l>
                    <l n="2">aut neutrum flammis ure vel ure duo.</l>

                </div>

                <div type="textpart" n="91" subtype="poem">
                    <head>An Dionen de Amore suo</head>
                    <l n="1">Aut restingue ignem, quo torreor, alma Dione,</l>
                    <l n="2">aut transire iube: vel fac utrimque parem.</l>
                    <pb n="v.1.p.208"/>
                </div>

                <div type="textpart" n="92" subtype="poem">
                    <head> DE IMIS CONSULTO QUI UXOREM HABEBAT</head>
                    <l n="1">ADULTERAM</l>
                    <l n="2">Iuris consulto, cui vivit adultera coniunx,</l>
                    <l n="3">paria a lex placuit, iulia displicuit,</l>
                    <l n="4">quaeritis, unde haec sit distantia? seemivir ipse</l>
                    <l n="5">scantin iam metuens non metuit titiam.</l>

                </div>

                <div type="textpart" n="93" subtype="poem">
                    <head>AN QUENDAM QUI LEUIA SIBI INGUINA FACIEBAT</head>
                    <l n="1">Inguina quod calido levas tibi dropace, causa est:</l>
                    <l n="2">irritant volsas levia membra lupas.</l>
                    <l n="3">sed quod et elixo plantaria podice vellis</l>
                    <l n="4">et teris incusas pumice Clazomenas,</l>
                    <l n="5">causa latet: bimarem nisi quod patientia morbum </l>
                    <l n="6">adpetit et tergo femina, pube vir es.</l>

                </div>

                <div type="textpart" n="94" subtype="poem">
                    <head>AD ZOILUM QUI UXOREM MOECHAM DUXERAT</head>
                    <l n="1">SEMIVIR uxorem duxisti, Zoile, moecham:</l>
                    <l n="2">o quantus fiet quaestus utrimque domi,</l>
                    <l n="3">cum dabit uxori molitor tuus et tibi adulter,</l>
                    <l n="4">quantum deprensi damna pudoris ement!</l>
                    <l n="5">sed modo quae vobis lucrosa libido videtur,</l>
                    <l n="6">iacturam senio mox subeunte feret:</l>
                    <l n="7">incipient operas conducti vendere moechi,</l>
                    <l n="8">quos modo munificos lena iuventa tenet.</l>

                </div>

                <div type="textpart" n="95" subtype="poem">
                    <head>PULCHRUM DEI RESPONSUM</head>
                    <l n="1">Doctus Hylas caestu, Phegeus catus arte palaestrae,</l>
                    <l n="2">clarus Olympiacis et Lycus in stadiis,</l>
                    <pb n="v.1.p.210"/>
                    <l n="3">an possent omnes venturo vincere agone,</l>
                    <l n="4">Hammonem Libyae consuluere deum.</l>
                    <l n="5">sed deus, ut sapiens: “ Dabitur victoria vobis</l>
                    <l n="6">indubitata equidem, si caveatis” ait,</l>
                    <l n="7">“ne quis Hylam eaestu, ne quis certamine luctae</l>
                    <l n="8">Phegea, ne cursu te, Lyce, praetereat.”</l>

                </div>

                <div type="textpart" n="96" subtype="poem">
                    <head>&lt;DE HERMIONES ZOXA&gt;</head>
                    <l n="1">PUNICA turgentes redimibat zona papillas</l>
                    <l n="2">Hermiones: zonae textum elegeon erat:</l>
                    <l n="3">“ Qui legis hunc titulum, Paphie tibi mandat, ames me</l>
                    <l n="4">exemploque tuo neminem amare vetes.”</l>

                </div>

                <div type="textpart" n="97" subtype="poem">
                    <head>DE HYI.A QUEM NAIADES RAPUERUNT</head>
                    <l n="1">ADSPICE, quam blandae neeis ambitione fruatur</l>
                    <l n="2">letifera experiens gaudia pulcher Hylas.</l>
                    <l n="3">oscula et infestos inter moriturus amores</l>
                    <l n="4">ancipites patitur Naidas Eumenidas.</l>

                </div>

                <div type="textpart" n="98" subtype="poem">
                    <head>NYMPHIS QUAE HYLAM MERSERUNT</head>
                    <l n="1">FURTTIS proeaees Naides amore saevo et irrito:</l>
                    <l n="2">ephebus iste flos erit.</l>

                </div>

                <div type="textpart" n="99" subtype="poem">
                    <head>AD NARCISSUM QUI SUI IPSIUS AMORE CAPTUS ERAT</head>
                    <l n="1">Si cuperes alium, posses. Narcisso, potiri,</l>
                    <l n="2">nunc tibi amoris adest copia, fructus abest.</l>
                    <pb n="v.1.p.212"/>
                </div>

                <div type="textpart" n="100" subtype="poem">
                    <head>DE EODEM</head>
                    <l n="1">QUID non ex huius forma pateretur amator,</l>
                    <l n="2">ipse suam qui sic deperit effigiem?</l>

                </div>

                <div type="textpart" n="101" subtype="poem">
                    <head>DE ECHO DOLENTE PROPTER MORTEM NARCISSI</head>
                    <l n="1">COMMORITUR, Narcisse, tibi resonabilis Echo,</l>
                    <l n="2">vocis ad extremos exanimata modos:</l>
                    <l n="3">et pereuntis adhuc gemitum resecuta querellis.</l>
                    <l n="4">ultima nunc etiam verba loquentis amat.</l>

                </div>

                <div type="textpart" n="102" subtype="poem">
                    <head> DE HERMAPHRODITO ET EIUS NATURA</head>
                    <l n="1">MERCURIO genitore satus, genetrice Cythere. </l>
                    <l n="2">nominis ut mixti, sic corporis Hermaphroditus.</l>
                    <l n="3">concretus sexu, sed non perfectus, utroque:</l>
                    <l n="4">ambiguae Veneris, neutro potiendns amori.</l>

                </div>

                <div type="textpart" n="103" subtype="poem">
                    <head>DE CONIUNCTIONE SAI.MACIS CUM</head>
                    <l n="1">HERMAPHRODTTO</l>
                    <l n="2">SALMACIS optato concreta est nympha marito.</l>
                    <l n="3">felix virgo, sibi si scit inesse virum:</l>
                    <l n="4">et tu formosae, iuvenis, permixte puellae</l>
                    <l n="5">bis felix, unum si licet esse duos.</l>

                </div>

                <div type="textpart" n="104" subtype="poem">
                    <head>AN APOLLINEM DE DAPHNE FTGIENTE</head>
                    <l n="1">PONE arcum, Paean, celeresque reconde sagittas:</l>
                    <l n="2">non te virgo fugit, sed tua tela timet.</l>
                    <pb n="v.1.p.214"/>
                </div>

                <div type="textpart" n="105" subtype="poem">
                    <head>DE DAPHNE TECTA COUTICE</head>
                    <l n="1">INVIDE, cur properas. cortex, operire puellam:</l>
                    <l n="2">laurea debetur Phoebo, si virgo negatur.</l>

                </div>

                <div type="textpart" n="106" subtype="poem">
                    <head>IN SCABIOSUM POI.YGITONEM</head>
                    <l n="1">THERMARUM in solio si quis Polygitona vidit</l>
                    <l n="2">ulcera membrorum scabie putrefacta foventem,</l>
                    <l n="3">praeposuit cunctis spectacula talia ludis.</l>
                    <l n="4">Principio tremulis gannitibus aera pulsat</l>
                    <l n="5">verbaque lascivos meretricum imitantia coetus </l>
                    <l n="6">vibrat et obscenae numeros pruriginis implet.</l>
                    <l n="7">brachia deinde rotat velut enthea daemone Maenas;</l>
                    <l n="8">pectus, crura, latus, ventrem, femora, inguina, suras,</l>
                    <l n="9">tergum, colla, umeros, luteae Symplegadis antrum.</l>
                    <l n="10">tam diversa locis vaga earnificina pererrat, </l>
                    <l n="11">donec marcentem calidi fervore lavacri</l>
                    <l n="12">blandus letali solvat dulcedine morbus.</l>
                    <l n="13">desectos sic fama viros, ubi cassa libido</l>
                    <l n="14">femineos coetus et non sua bella lacessiti</l>
                    <l n="15">irrita vexato consumere gaudia lecto, </l>
                    <l n="16">titillata brevi cum iam sub fine voluptas</l>
                    <l n="17">fervet et ingesto peragit ludibria morsu:</l>
                    <l n="18">torpida non aliter Polygiton membra rescivit.</l>
                    <l n="19">et, quia debentur suprema piacula vitae,</l>
                    <l n="20">ad Phlegethonteas sese iam praeparet undas. </l>

                </div>

                <div type="textpart" n="107" subtype="poem">
                    <head>DE QUODAM SILVIO PONO QUI EUNT BURRO</head>
                    <l n="1">SILVIUS ille Bonus, qui carmina nostra Incessit,</l>
                    <l n="2">nostra magis meruit disticha, Brito bonus.</l>
                    <pb n="v.1.p.216"/>
                </div>

                <div type="textpart" n="108" subtype="poem">
                    <head>IDEM</head>
                    <l n="1">SILVIUS hic Bonus est. <q>Quis Sibilis?</q> Iste Britannus.</l>
                    <l n="2">
                        <q>Aut Brito hic non est Silvius, aut malus est.</q>
                    </l>

                </div>

                <div type="textpart" n="109" subtype="poem">
                    <head>IDEM</head>
                    <l n="1">SILVIUS esse Bonus fertur ferturque Britannus:</l>
                    <l n="2">quis credat civem degenerasse bonum?</l>

                </div>

                <div type="textpart" n="110" subtype="poem">
                    <head>IDEM</head>
                    <l n="1">NEMO bonus Brito est. si simplex Silvius esse</l>
                    <l n="2">incipiat, simplex desinat esse bonus.</l>

                </div>

                <div type="textpart" n="111" subtype="poem">
                    <head> — IDEM</head>
                    <l n="1">SILVIUS hic Bonus est, sed Brito est Silvius idem:</l>
                    <l n="2">simplicior res est, credite, Brito malus.</l>

                </div>

                <div type="textpart" n="112" subtype="poem">
                    <head>IDEM</head>
                    <l n="1">SILVI, Brito Bonus: quamvis homo non bonus esse</l>
                    <l n="2">fertis nec &lt;se quit&gt; iungere Brito Bono.</l>
                    <pb n="v.1.p.218"/>
                </div>
            </div>
        </body>
    </text>
</TEI>
