<?xml version="1.0" encoding="UTF-8"?>
<?xml-model href="http://www.stoa.org/epidoc/schema/8.19/tei-epidoc.rng"
    schematypens="http://relaxng.org/ns/structure/1.0"?>
<?xml-model href="http://www.stoa.org/epidoc/schema/8.19/tei-epidoc.rng"
    schematypens="http://purl.oclc.org/dsdl/schematron"?>
<TEI xmlns="http://www.tei-c.org/ns/1.0">
    <teiHeader>
        <fileDesc>
            <titleStmt>
                <title>Eclogarum Liber</title>                
                <author>Ausonius, Decimus Magnus</author>
               <editor>Hugh G. Evelyn-White</editor>
               <sponsor>Perseus Project, Tufts University</sponsor>
               <principal>Gregory Crane</principal>
               <respStmt>
                  <resp>Prepared under the supervision of</resp>
                  <name>Bridget Almas</name>
                  <name>Lisa Cerrato</name>
                  <name>Rashmi Singhal</name>
               </respStmt>
               <funder n="org:Mellon">The Mellon Foundation</funder>
            </titleStmt>
           <publicationStmt>
              <publisher>Trustees of Tufts University</publisher>
              <pubPlace>Medford, MA</pubPlace>
              <authority>Perseus Project</authority>
              <date type="release">2011-07-09</date>
           </publicationStmt>
            <sourceDesc>
                <biblStruct>
                    <monogr>
                        <title>Ausonius. Works.</title>
                        <title>Ausonius, Vol 1</title>
                        <author>Ausonius, Decimus Magnus</author>
                        <editor role="editor">Hugh G. Evelyn-White</editor>
                        <imprint>
                            <publisher>William Heinemann Ltd.; Harvard University Press</publisher>
                            <pubPlace>London; Cambridge, Massachusetts</pubPlace>
                            <date>1919</date>
                        </imprint>
                    </monogr>
                    <ref target="https://archive.org/stream/deciausonius01ausouoft#page/208/mode/2up">Internet Archive</ref>
                </biblStruct>
         </sourceDesc>
        </fileDesc>
        
        <encodingDesc>
         <refsDecl n="CTS">
            <cRefPattern n="line"
                         matchPattern="(\w+).(\w+)"
                         replacementPattern="#xpath(/tei:TEI/tei:text/tei:body/tei:div/tei:div[@n='$1']/tei:l[@n='$2'])">
               <p>This pointer pattern extracts line</p>
            </cRefPattern>
            <cRefPattern n="poem"
                         matchPattern="(\w+)"
                         replacementPattern="#xpath(/tei:TEI/tei:text/tei:body/tei:div/tei:div[@n='$1'])">
               <p>This pointer pattern extracts poem and line</p>
            </cRefPattern>
         </refsDecl>
         <refsDecl n="TEI.2">
            <refState unit="card"/>
         </refsDecl>
      </encodingDesc>
        
        <profileDesc>
            <langUsage>
                <language ident="lat">Latin</language>
                <language ident="grc">Greek</language>
            </langUsage>
        </profileDesc>
      <revisionDesc>
         <change when="2015-12-07" who="Thibault Clérice">Epidoc and CTS. URN updated accordingly</change>
      </revisionDesc>
   </teiHeader>
    
    <text>
        <body>
         <div n="urn:cts:latinLit:stoa0045.stoa007.perseus-lat2"
              xml:lang="lat"
              type="edition">            
            <div type="textpart" n="1" subtype="section">
               <head>AUSONIUS DREPANIO FILIO</head>
               <l n="1">
                  <q>CUI dono lepidum novum libellum?</q> 1</l>
               <l n="2">Veronensis ait poeta quondam</l>
               <l n="3">inventoque dedit statim Nepoti.</l>
               <l n="4">at nos inlepidum, rudem libellum,</l>
               <l n="5">burras, quisquilias ineptiasque, </l>
               <l n="6">credemus gremio cui fovendum?</l>
               <l n="7">inveni, trepidae silete nugae,</l>
               <l n="8">nec doctum minus et magis benignum,</l>
               <l n="9">quam quem Gallia praebuit Catullo.</l>
               <l n="10">hoc nullus mihi carior meorum, </l>
               <l n="11">quem pluris faciunt novem sorores,</l>
               <l n="12">quam cunctos alios Marone dempto.</l>
               <l n="13">
                  <q> Pacatum haut dubie, poeta, dicis? </q>
               </l>
               <l n="14">ipse est. intrepide volate, versus,</l>
               <l n="15">et nidum in gremio fovete tuto. </l>
               <l n="16">hic vos diligere, hic volet tueri;</l>
               <l n="17">ignoscenda teget, probata tradet:</l>
               <l n="18">post hunc iudicium timete nullum, vale.</l>

            </div>

            <div type="textpart" n="2" subtype="section">
               <head>EX GRAECO PYTHAGORICUM DE AMBIGUITATE ELIGENDAE VITAE</head>
               <l n="1">QUOD vitae sectabor iter, si plena tumultu</l>
               <l n="2">sunt fora, si curis domus anxia, si peregrinos</l>
               <pb n="v.1.p.164"/>
               <l n="3">cura domus sequitur, mercantem si nova semper</l>
               <l n="4">damna manent, cessare vetat si turpis egestas;</l>
               <l n="5">si vexat labor agricolam, mare naufragus horror </l>
               <l n="6">infamat, poenaeque graves in caelibe vita</l>
               <l n="7">et gravior cautis custodia vana maritis;</l>
               <l n="8">sanguineum si Martis opus, si turpia lucra</l>
               <l n="9">faenoris et velox inopes usura trucidat?</l>
               <l n="10">omne aevum curae, cunctis sua displicet aetas. </l>
               <l n="11">sensus abest parvis Iactantibus, et puerorum</l>
               <l n="12">dura rudimenta, et iuvenum temeraria pubes.</l>
               <l n="13">adflictat fortuna viros per bella, per aequor,</l>
               <l n="14">irasque insidiasque catenatosque labores 1</l>
               <l n="15">mutandos semper gravioribus. ipsa senectus </l>
               <l n="16">expectata diu votisque optata malignis</l>
               <l n="17">obicit innumeris corpus lacerabile morbis.</l>
               <l n="18">spernimus in commune omnes praesentia; quosdam</l>
               <l n="19">constat nolle deos fieri. Iuturna reclamat:</l>
               <l n="20">”quo vitam dedit aeternam? cur mortis adempta est </l>
               <l n="21">condicio?“ sic Caucasea sub rupe Prometheus</l>
               <l n="22">testatur Saturnigenam nec nomine cessat</l>
               <l n="23">incusare Iovem, data sit quod vita perennis.</l>
               <l n="24">respice et ad cultus animi, sic nempe pudicum</l>
               <l n="25">perdidit Hippolytum non felix cura pudoris. </l>
               <l n="26">e contra inlecebris maculosam degere vitam</l>
               <l n="27">quem iuvat, adspiciat poenas et crimina regum,</l>
               <l n="28">Tereos incesti vel mollis Sardanapalli.</l>
               <l n="29">perfidiam vitare monent tria Punica bella;</l>
               <l n="30">set prohibet servare fidem deleta Saguntos. </l>
               <pb n="v.1.p.166"/>
               <l n="31">vive et amicitias semper cole.-Crimen ob istud</l>
               <l n="32">Pythagoreorum periit schola docta sophorum.- hoc</l>
               <l n="33">metuens igitur nullas cole.-Crimen ob istud</l>
               <l n="34">Timon Palladiis olim lapidatus Athenis,</l>
               <l n="35">dissidet ambiguis semper mens obvia votis, </l>
               <l n="36">nec voluisse homini satis est: optata recusat,</l>
               <l n="37">esse in honore placet, mox paenitet: et dominari</l>
               <l n="38">ut possint, servire volunt, idem auctus honore</l>
               <l n="39">invidiae obicitur, pernox est cura disertis;</l>
               <l n="40">set rudis ornatu vitae caret, esto patronus, </l>
               <l n="41">et defende reos: set gratia rara clientis,</l>
               <l n="42">esto cliens: gravis imperiis persona patroni, </l>
               <l n="43">xercent hunc vota patrum: mox aspera curis</l>
               <l n="44">sollicitudo subit, contemnitur orba senectus</l>
               <l n="45">et captatoris praeda est heredis egenus. </l>
               <l n="46">vitam parcus agas: avidi lacerabere fama,</l>
               <l n="47">et largitorem gravius censura notabit.</l>
               <l n="48">cuncta tibi adversis contraria casibus, ergo</l>
               <l n="49">optima Graiorum sententia: quippe homini aiunt</l>
               <l n="50">non nasci esse bonum aut natum cito morte potiri. </l>
               <l n="51">
                  <add>Haec <note n="1"/> quidem Pythagorica est apophasis secundum</add>
               </l>
               <l n="52">
                  <add>tale quod subiectum est distichon:</add>
               </l>
               <l n="53">
                  <add>
                     <foreign xml:lang="grc">πρῶτον μὲν μὴ φῦναι ἐν ἀνθρώποισιν ἄριστον</foreign>,</add>
               </l>
               <l n="54">
                  <add>
                     <foreign xml:lang="grc">δεύτερον ὅττι τάχιστα πύλασ Ἀίδαο περῆσαι</foreign>. 2 </add>
               </l>
               <pb n="v.1.p.168"/>
               <l n="55">
                  <add>Contra sed alterius sectator dogmatis ista </add>
               </l>
               <l n="56">
                  <add>quid doceat reprobans, subdita disce legens:</add>
               </l>
               <l n="57">
                  <add>“Ergo nihil quoniam vita est quod amemus in ista,</add>
               </l>
               <l n="58">
                  <add>nec tamen incassum fas est nos credere natos,</add>
               </l>
               <l n="59">
                  <add>auctorem vitae si iustum credimus esse,</add>
               </l>
               <l n="60">
                  <add>vita alia est nobis illi vivendo paranda, </add>
               </l>
               <l n="61">
                  <add>cum quo post istam possimus vivere vitam,</add>
               </l>
               <l n="62">
                  <add>illi equidem stygias properent descendere ad umbras,</add>
               </l>
               <l n="63">
                  <add>Pythagoreorum stolidum qui dogma secuti</add>
               </l>
               <l n="64">
                  <add>non nasci sese quam natos vivere malint.”</add>
               </l>

            </div>

            <div type="textpart" n="3" subtype="section">
                <head>DE VIRO BONO <foreign xml:lang="grc">ΠΥΘΑΓOPIKH AΠΟΦΑΣΙΣ</foreign>
               </head>
               <l n="1">VIR bonus et sapiens, qualem vix repperit unum</l>
               <l n="2">milibus e cunctis hominum consultus Apollo,</l>
               <l n="3">iudex ipse sui totum se explorat ad unguem.</l>
               <l n="4">quid proceres vanique levis quid opinio volgi</l>
               <gap reason="omitted"/>
               <l n="5">securus, mundi instar habens, teres atque rotundus, </l>
               <l n="6">externae ne quid labis per levia sidat.1</l>
               <l n="7">ille, dies quam longus erit sub sidere Cancri</l>
               <l n="8">quantaque nox tropico se porrigit in Capricorno,</l>
               <l n="9">cogitat et iusto trutinae se examine pendit,</l>
               <l n="10">ne quid luet, ne quid protuberet, angulus aequis </l>
               <l n="11">partibus ut coeat, nil ut deliret amussis,</l>
               <pb n="v.1.p.170"/>
               <l n="12">sit solidum, quodcumque subest, nec inania subter</l>
               <l n="13">indicet .admotus digitis pellentibus ictus,</l>
               <l n="14">non prius in dulcem declinans lumina somnum,</l>
               <l n="15">omnia quam longi reputaverit acta diei: </l>
               <l n="16">quae praetergressus, quid gestum in tempore, quid non?</l>
               <l n="17">cur isti facto decus afuit aut ratio illi?</l>
               <l n="18">quid mihi praeteritum? cur haec sententia sedit,</l>
               <l n="19">quam melius mutare fuit? miseratus egentem</l>
               <l n="20">cur aliquem fracta persensi mente dolorem? </l>
               <l n="21">quid volui, quod nolle bonum foret? utile honesto</l>
               <l n="22">cur malus antetuli? num dicto aut denique voltu</l>
               <l n="23">perstrictus quisquam? cur me natura magis quam</l>
               <l n="24">disciplina trahit? sic dicta et facta per omnia</l>
               <l n="25">ingrediens ortoque a vespere cuncta revolvens </l>
               <l n="26">offensus pravis dat palmam et praemia rectis.</l>

            </div>

            <div type="textpart" n="4" subtype="section">
               <head>
                  <foreign xml:lang="grc">NAI KAI OY ΠYΘAΓOPIKON</foreign>
               </head>
               <l n="1">EST et Non cuncti monosyllaba nota frequentant.</l>
               <l n="2">his demptis nil est, hominum quod sermo volutet.</l>
               <l n="3">omnia in his et ab his sunt omnia, sive negoti</l>
               <l n="4">sive oti quidquam est, seu turbida sive quieta,</l>
               <l n="5">alterutro pariter nonnumquam, saepe seorsis </l>
               <l n="6">obsistunt studiis, ut mores ingeniumque</l>
               <l n="7">ut faciles vel difficiles contentio nancta est.</l>
               <l n="8">si consentitur, mora nulla intervenit <q>Est Est,</q>
               </l>
               <l n="9">sin controversum, dissensio subiciet <q>Non.</q>
               </l>
               <l n="10">hinc fora dissultant clamoribus, hinc furiosi </l>
               <pb n="v.1.p.172"/>
               <l n="11">iurgia sunt circi, cuneati hinc lata theatri</l>
               <l n="12">seditio, et tales agitat quoque curia lites.</l>
               <l n="13">coniugia et nati cum patribus ista quietis</l>
               <l n="14">verba serunt studiis salva pietate loquentes.</l>
               <l n="15">hinc etiam placidis schola consona disciplinis </l>
               <l n="16">dogmaticas agitat placido certamine lites,</l>
               <l n="17">hinc omnis certat dialectica turba sophorum.</l>
               <l n="18">estne dies? est ergo dies! non convenit istuc;</l>
               <l n="19">nam facibus multis aut fulgeribus quotiens lux</l>
               <l n="20">est nocturna homini, non est lux ista diei. </l>
               <l n="21">est et Non igitur, quotiens lucem esse fatendum est,</l>
               <l n="22">set non esse diem. mille hinc certamina surgunt,</l>
               <l n="23">hinc rauco, multi quoque talia commeditantes</l>
               <l n="24">murmure concluso rabiosa silentia rodunt.</l>
               <l n="25">Qualis vita hominum, duo quam monosyllaba versant! </l>

            </div>

            <div type="textpart" n="5" subtype="section">
               <head>DE AETATIBUS ANIMANTIUM. HESIODION</head>
               <l n="1">TER binos deciesque novem super exit in annos</l>
               <l n="2">iusta senescentum quos implet vita virorum,</l>
               <l n="3">hos novies superat vivendo garrula cornix</l>
               <l n="4">et quater egreditur cornicis saecula cervus,</l>
               <l n="5">alipedem cervum ter vincit corvus et illum </l>
               <l n="6">multiplicat novies Phoenix, reparabilis ales.</l>
               <pb n="v.1.p.174"/>
               <l n="7">quem nos perpetuo decies praevertimus aevo,</l>
               <l n="8">Nymphae Hamadryades, quarum longissima vita est.</l>
               <l n="9">Haec cohibet finis vivacia fata animantum.</l>
               <l n="10">cetera secreti novit deus arbiter aevi,1 </l>
               <l n="11">tempora quae Stilbon volvat, quae saecula Phaenon,</l>
               <l n="12">quos Pyrois habeat, quos Iuppiter igne benigno</l>
               <l n="13">circuitus, quali properet Venus alma recursu,</l>
               <l n="14">qui Phoeben, quanti maneant Titana labores,</l>
               <l n="15">donec consumpto, magnus qui dicitur, anno, </l>
               <l n="16">rursus in anticum veniant vaga sidera cursum,</l>
               <l n="17">qualia dispositi steterunt ab origine mundi.</l>

            </div>

            <div type="textpart" n="6" subtype="section">
               <head>DE RATIONE LIBRAE</head>
               <l n="1">MIRARIS quicumque manere ingentia mundi</l>
               <l n="2">corpora, sublimi caeli circumdata gyro,</l>
               <l n="3">et tantae nullam moli intercedere labem,</l>
               <l n="4">accipe, quod mirere magis, tenuissima tantis</l>
               <l n="5">principia et nostros non admittentia visus: </l>
               <l n="6">parvarum serie constant conexa atomorum;</l>
               <l n="7">set solidum in parvis nullique secabile segmen.</l>
               <l n="8">unde vigor viresque manent aeternaque rerum</l>
               <l n="9">mobilitas nulloque umquam superabilis aevo.</l>
               <l n="10">divinis humana licet conponere. sic est </l>
               <pb n="v.1.p.176"/>
               <l n="11">as solidus, quoniam bis sex de partibus aequis</l>
               <l n="12">constat et in minimis paribus tamen una manet vis.</l>
               <l n="13">nam si quid numero minuatur, summa vacillat</l>
               <l n="14">convulsaeque ruunt labefacto corpore partes.</l>
               <l n="15">ut, medium si quis vellat de fornice saxum, </l>
               <l n="16">incumbunt cui cuncta, simul devexa sequentur</l>
               <l n="17">cetera communemque trahent a vertice lapsum;</l>
               <l n="18">non aliter libra est. si defuit uncia, totus</l>
               <l n="19">non erit as nomenque deunx iam cassus habebit.</l>
               <l n="20">nec dextans retinet nomen sextante remoto, </l>
               <l n="21">et dodrans quadrante satus auctore carebit</l>
               <l n="22">divulsusque triens prohibet persistere bessem.</l>
               <l n="23">iam quincunx tibi nullus erit, si gramma 1 revellas.</l>
               <l n="24">et semis cui semis erit pereuntibus assis</l>
               <l n="25">partibus? et cuius librae pars septima septunx? </l>
               <l n="26">libra igitur, totum si nulla in parte vacillet.</l>
               <l n="27">ponderis et numeri morumque operumque et aquarum</l>
               <l n="28">libra: nec est modulus, quem non hoc nomine signes.</l>
               <l n="29">telluris, medio quae pendet in aere, libra est 2</l>
               <l n="30">et solis lunaeque vias sua libra cohercet. </l>
               <pb n="v.1.p.178"/>
               <l n="31">Libra dii somnique pares determinat horas,1</l>
               <l n="32">libra Caledonios sine litore continet aestus: </l>
               <l n="33">tu quoque certa mane morum mihi libra meorum.</l>

            </div>

            <div type="textpart" n="7" subtype="section">
               <head>DE RATIONE PUERPERII MATURI</head>
               <l n="1">OMNIA, quae vario rerum metimur in actu,</l>
               <l n="2">astrorum dominatus agit; terrenaque tantum</l>
               <l n="3">membra homini: e superis fortuna et spiritus auris</l>
               <l n="4">septeno moderanda choro: set praesidet ollis</l>
               <l n="5">sortitus regimen nitidae Sol aureus aethrae. </l>
               <l n="6">nec sola in nobis moderatur tempora vitae,</l>
               <l n="7">dum breve solliciti spatium producimus aevi:</l>
               <l n="8">creditur occultosque satus et tempora vitae</l>
               <l n="9">materno ducenda utero formare videndo</l>
               <l n="10">et nondum exortae leges conponere vitae. </l>
               <l n="11">namque ubi conceptus genitali insederit arvo,</l>
               <l n="12">haut dubium Solem cuicumque insistere signo.</l>
               <l n="13">qui cum vicini stationem ceperit astri,</l>
               <l n="14">contiguos nullum transfundit lumen in ortus.</l>
               <l n="15">ast ubi conversis post menstrua tempora habenis </l>
               <l n="16">scandit purpureo iam tertia sidera curru,</l>
               <l n="17">obliqua exilem demittit linea lucem,</l>
               <l n="18">adspirans tenues per inertia pondera motus.</l>
               <l n="19">quarta in sede viget primi indulgentia Solis,</l>
               <pb n="v.1.p.180"/>
               <l n="20">suadet et infusus teneros coalescere fetus. </l>
               <l n="21">fulgore et trigono aspectus 1 vitale coruscat,</l>
               <l n="22">clarum et lene micans, quinti qui cardine signi</l>
               <l n="23">incutit attonitam vegetato infante parentem.</l>
               <l n="24">nam sexto vis nulla loco, quia nulla tuendi</l>
               <l n="25">aequati lateris signatur regula Phoebo.2 </l>
               <l n="26">ast ubi signiferae media in regione cohortis</l>
               <l n="27">septimus accepit limes rutilantia flammis</l>
               <l n="28">recto castra situ: turgentis foedera partus</l>
               <l n="29">iam plena sub luce videt, nec fulgura parci</l>
               <l n="30">luminis intendens toto fovet igne coronae. </l>
               <l n="31">hinc illud, quod legitimos Lucina labores</l>
               <l n="32">praevenit et gravidos sentit subrepere nixus</l>
               <l n="33">ante expectatum festina puerpera votum;</l>
               <l n="34">quod nisi, septeno cum lumina fudit ab astro,</l>
               <l n="35">impulerit tardi claustra obluctantia partus, </l>
               <l n="36">posterior nequeat, possit prior: an quia sexto</l>
               <l n="37">aemulus octavi conspectus inutilis astri</l>
               <l n="38">nescit conpariles laterum formare figuras?</l>
               <l n="39">set nono incumbens signo cunctantia matrum</l>
               <l n="40">vota levat, trigono vires sociante sequenti. </l>
               <l n="41">at si difficilis rursum trahit Ilithyia,</l>
               <l n="42">tetragono absolvet dubiarum vincla morarum.</l>
               <pb n="v.1.p.182"/>
            </div>

            <div type="textpart" n="8" subtype="section">
               <head>DE NOMINIBUS SEPTEM DIERUM</head>
               <l n="1">NOMINA, quae septem venientibus apta diebus</l>
               <l n="2">annus habet, totidem errantes fecere planetae,</l>
               <l n="3">quos indefessa volvens vertigine mundus</l>
               <l n="4">signorum obliqua iubet in statione vagari,</l>
               <l n="5">primum supremumque diem radiatus habet Sol. </l>
               <l n="6">proxima fraternae succedit Luna coronae,</l>
               <l n="7">tertius adsequitur Titania lumina Mavors.</l>
               <l n="8">Mercurius quarti sibi vindicat astra diei.</l>
               <l n="9">illustrant quintam Iovis aurea sidera zonam,</l>
               <l n="10">sexta salutigerum sequitur Venus alma parentem. </l>
               <l n="11">cuncta supergrediens Saturni septima lux est.</l>
               <l n="12">octavum instaurat revolubilis orbita Solem.</l>

            </div>

            <div type="textpart" n="9" subtype="section">
               <head>MONOSTICHA DE MENSIBUS</head>
               <l n="1">PRIMUS Romanas ordiris, Iane, kalendas.</l>
               <l n="2">Februa vicino mense Numa instituit.</l>
               <l n="3">Martius antiqui primordia protulit anni.</l>
               <l n="4">fetiferum Aprilem vindicat alma Venus,</l>
               <l n="5">maiorum dictus patrum de nomine Maius. </l>
               <l n="6">Iunius aetatis proximus est titulo,</l>
               <l n="7">nomine Caesareo Quintilem Iulius auget.</l>
               <l n="8">Augustus nomen Caesareum sequitur,</l>
               <l n="9">autumnum, Pomona, tuum September opimat.</l>
               <l n="10">triticeo October faenore ditat agros. </l>
               <l n="11">sidera praecipitas pelago, intempeste November.</l>
               <l n="12">tu genialem hiemem, feste December, agis.</l>
               <pb n="v.1.p.184"/>
            </div>

            <div type="textpart" n="10" subtype="section">
               <head>ITEM DISTICHA</head>
               <l n="1">IANE nove, primo qui das tua nomina mensi,</l>
               <l n="2">Iane bifrons, spectas tempora bina simul,</l>
               <l n="3">post superum cultus vicino Februa mense</l>
               <l n="4">dat Numa cognatis manibus inferias.</l>
               <l n="5">Martius et generis Romani praesul et anni, </l>
               <l n="6">prima dabas Latiis tempora consulibus.</l>
               <l n="7">Aeneadum genetrix vicino nomen Aprili</l>
               <l n="8">das Venus: est Marti namque Aphrodita comes.</l>
               <l n="9">Maia dea, an maior Maium te fecerit aetas,</l>
               <l n="10">ambigo; sed mensi est auctor uterque bonus. </l>
               <l n="11">Iunius hunc sequitur duplici celebrandus honore,</l>
               <l n="12">seu nomen Iuno sive Iuventa dedit,</l>
               <l n="13">inde Dionaeo praefulgens Iulius astro</l>
               <l n="14">aestatis mediae tempora certa tenet.</l>
               <l n="15">Augustus sequitur cognatum a Caesare nomen, </l>
               <l n="16">ordine sic anni proximus, ut generis,</l>
               <l n="17">nectuntur post hos numerumque ex ordine signant:</l>
               <l n="18">September, Bacchi munere praela rigans,</l>
               <l n="19">et qui sementis per tempora faenore laetus</l>
               <l n="20">October cupidi spem fovet agricolae, </l>
               <l n="21">quique salo mergens sollemnia signa November</l>
               <l n="22">praecipitat, caelo mox reditura suo.</l>
               <l n="23">concludens numerum genialia festa December</l>
               <l n="24">finit, ut a bruma mox novus annus eat.</l>
               <pb n="v.1.p.186"/>
            </div>

            <div type="textpart" n="11" subtype="section">
               <head>DE TRIBUS MENSTRUIS MENSUUM</head>
               <l n="1">BIS senas anno reparat Lucina kalendas</l>
               <l n="2">et totidem medias dat currere Iuppiter idus</l>
               <l n="3">nonarumque diem faciunt infra octo secundi,</l>
               <l n="4">haec sunt Romano tantum tria nomina mensi;</l>
               <l n="5">cetera per numeros sunt cognomenta dierum. </l>

            </div>

            <div type="textpart" n="12" subtype="section">
               <head>QUOTENI DIES SINT MENSUUM SINGULORUM</head>
               <l n="1">INPLENT tricenas per singula menstrua luces</l>
               <l n="2">Iunius Aprilisque et cum Septembre November.</l>
               <l n="3">unum ter denis cumulatius adde diebus</l>
               <l n="4">per septem menses, Iani Martisque kalendis</l>
               <l n="5">et quas Maius agit, quas Iulius Augustusque </l>
               <l n="6">et quas October positusque in fine December.</l>
               <l n="7">unus erit tantum duodetriginta dierum,</l>
               <l n="8">quem Numa praeposito voluit succedere Iano.</l>
               <l n="9">sic ter centenis decies accedere senos</l>
               <l n="10">quadrantemque et quinque dies sibi conputat annus. </l>

            </div>

            <div type="textpart" n="13" subtype="section">
               <head>QUO MENSE QUOTAE NONAE VEL IDUS SINT</head>
               <l n="1">AT nonas modo quarta aperit, modo sexta refert lux.</l>
               <l n="2">sexta refert Mai Octobris Martisque recursu</l>
               <l n="3">et qui solstitio sua tempora Iulius infert,</l>
               <l n="4">cetera pars mensum quartis est praedita nonis;</l>
               <l n="5">omnes vero idus octava luce recurrunt. </l>
               <pb n="v.1.p.188"/>
            </div>

            <div type="textpart" n="14" subtype="section">
               <head>QUOTA E KALENDAE SINT MENSUUM SINGULORUM</head>
               <l n="1">POST IDUS, quas quisque suas habet ordine mensis,</l>
               <l n="2">diversae numero redeunt variante kalendae,</l>
               <l n="3">dum <add>vertente anno 1</add> rursumque iterumque vocantur,</l>
               <l n="4">ut tandem optati procedant temporis ortu.</l>
               <l n="5">ter senis unoque die genialia festa </l>
               <l n="6">porrigit, ut Ianum arcessat nova bruma morantem.</l>
               <l n="7">hoc numero mensisque Numae redit autumnique</l>
               <l n="8">principium referens Bacchi September alumnus.</l>
               <l n="9">Iulius et Maius positusque in fine December</l>
               <l n="10">Octoberque die re vocatur tardius uno. </l>
               <l n="11">inde die redeunt minus uno quattuor ultra,</l>
               <l n="12">quos numero adiciam: Sextilis, Iunius atque</l>
               <l n="13">Aprilis, post quos paenultima meta November,</l>
               <l n="14">ter quinis unoque die, Iunonie Mavors,</l>
               <l n="15">ut redeas referasque exordia prima, cieris. </l>
               <l n="16">Hoc numero ad plenum vertens reparabitur annus.</l>

            </div>

            <div type="textpart" n="15" subtype="section">
               <head>RATIO DIERUM ANNI VERTENTIS</head>
               <l n="1">NONAGINTA dies et quattuor ac medium Sol</l>
               <l n="2">conficit, a tropico in tropicum dum permeat astrum,</l>
               <l n="3">octipedem in Cancrum Phrixeo ab Ariete pergens,</l>
               <l n="4">hoc spatio aestivi pulsusque et meta diei.</l>
               <pb n="v.1.p.190"/>
               <l n="5">semidiemque duosque dies deciesque novenos </l>
               <l n="6">a Cancro in Chelas aequatae tempora noctis</l>
               <l n="7">atque dii cursu peragit Sol aureus altero,</l>
               <l n="8">autumni aestatisque simul confinia miscens.</l>
               <l n="9">unde autumnales transcurrens ordine menses</l>
               <l n="10">ad tropicum pergit signum gelidi Capricorni, </l>
               <l n="11">octo dies decies octonis insuper addens</l>
               <l n="12">quadrantemque dii, quinto qui protinus anno</l>
               <l n="13">mense Numae extremo nomen capit embolimaei.</l>
               <l n="14">inde ad Agenorei festinans cornua Tauri,</l>
               <l n="15">scandit Lanigeri tropicum Sol aureus astrum, </l>
               <l n="16">nonaginta dies decreto fine cohercens.</l>
               <l n="17">hic tibi circus erit semper vertentibus annis</l>
               <l n="18">ter centum ac senis decies et quinque diebus.</l>

            </div>

            <div type="textpart" n="16" subtype="section">
               <head>IN QUO MENSE QUOD SIGNUM SIT AD CURSUM SOLIS</head>
               <l n="1">PRINCIPIUM Iani sancit tropicus Capricornus.</l>
               <l n="2">mense Numae in medio solidi stat sidus Aquari.</l>
               <l n="3">procedunt duplices in Martia tempora Pisces,</l>
               <l n="4">respicis Apriles, Aries Phryxeë, kalendas.</l>
               <l n="5">Maius Agenorei miratur cornua Tauri. </l>
               <l n="6">Iunius aequatos caelo videt ire Laconas.</l>
               <l n="7">solstitio ardentis Cancri fert Iulius astrum.</l>
               <l n="8">Augustum mensem Leo fervidus igne perurit.</l>
               <l n="9">sidere, Virgo, tuo Bacchum September opimat,</l>
               <l n="10">aequat et October sementis tempore Libram. </l>
               <l n="11">Scorpios hibernus praeceps iubet ire Novembrem.</l>
               <l n="12">terminat Arquitenens medio sua signa Decembri.</l>
               <pb n="v.1.p.192"/>
            </div>

            <div type="textpart" n="17" subtype="section">
               <head>A SOLISTITIO IN AEQUINOCTIUM RATIO</head>
               <l n="1">SOL profectus a teporo veris aequinoctio</l>
               <l n="2">post semidiem postque totos nonaginta et quattuor</l>
               <l n="3">fervidis flagrans habenis pulsum aestivum conficit,</l>
               <l n="4">inde autumnus noctis horas librans aequo lumine</l>
               <l n="5">octo et octoginta goeris et super trihorio </l>
               <gap reason="omitted"/>
               <l n="6">inde floridum reflexis ver revisit oreis</l>
               <l n="7">additis ad hos priores goeros geminis orbibus.</l>

            </div>

            <div type="textpart" n="18" subtype="section">
               <head>DE MENSIBUS ET QUATTUOR ANNI TEMPORIBUS</head>
               <l n="1">AETERNOS menses et tempora quattuor anni</l>
               <l n="2">quattuor ista tibi subiecta monosticha dicent.</l>
               <l n="3">Martius, Aprilis, Maius sunt tempora veris.</l>
               <l n="4">Iulius, Augustus nec non et Iunius aestas.</l>
               <l n="5">Septembri, Octobri autumnat totoque Novembri. </l>
               <l n="6">brumales Ianus, Februarius atque December.</l>

            </div>

            <div type="textpart" n="19" subtype="section">
               <head>DE LUSTRALIBUS AGONIBUS</head>
               <l n="1">QUATTUOR antiquos celebravit Achaia ludos.</l>
               <l n="2">caelicolum duo sunt et duo festa hominum,</l>
               <l n="3">sacra Iovis Phoebique, Palaemonis Archemorique,</l>
               <l n="4">serta quibus pinus, malus, oliva, apium.</l>
               <pb n="v.1.p.194"/>
            </div>

            <div type="textpart" n="20" subtype="section">
               <head>DE LOCIS AGONUM</head>
               <l n="1">PRIMA Iovi magno celebrantur Olympia Pisae.</l>
               <l n="2">Parnasus Clario sacravit Pythia Phoebo.</l>
               <l n="3">Isthmia Portuno bimari dicat alta Corinthos.</l>
               <l n="4">Archemori Nemeaea colunt funebria Thebae.</l>

            </div>

            <div type="textpart" n="21" subtype="section">
               <head>DE AUCTORIBUS AGONUM</head>
               <l n="1">PRIMUS Olympiacae sacravit festa coronae</l>
               <l n="2">Iuppiter Argivi stadia ad longissima circi,</l>
               <l n="3">proximus Alcides Nemeum sacravit honorem,</l>
               <l n="4">haec quoque temporibus quinquennia sacra notandis,</l>
               <l n="5">Isthmia Neptuno data sunt et Pythia Phoebo</l>
               <l n="6">ancipiti cultu divorum hominumque sepultis.1</l>

            </div>

            <div type="textpart" n="22" subtype="section">
               <head>QUOD IDEM QUI SACRI AGONES SUNT ET</head>
               <l n="1">FUNEBRES LUDI HABEANTUR</l>
               <l n="2">TANTALIDAE Pelopi maestum dicat Elis honorem.</l>
               <l n="3">Archemori Nemeaea colunt quinquennia Thebae.</l>
               <l n="4">Isthmia defuncto celebrata Palaemone notum.</l>
               <l n="5">Pythia placando Delphi statuere draconi.</l>
               <pb n="v.1.p.196"/>
            </div>

            <div type="textpart" n="23" subtype="section">
               <head>DE FERIIS ROMANIS</head>
               <l n="1">NUNC et Apollineos Tiberina per ostia ludos</l>
               <l n="2">et Megalesiacae matris operta loquar</l>
               <l n="3">Vulcanique dies, autumni exordia primi,</l>
               <l n="4">Quinquatrusque deae Pallados expediam</l>
               <l n="5">et medias idus Mai Augustique recursu, </l>
               <l n="6">quas sibi Mercurius quasque Diana dicat;</l>
               <l n="7">matronae quae sacra colant pro laude virorum,</l>
               <l n="8">Mavortis primi cum rediere dies.</l>
               <l n="9">festa Caprotinis memorabo celebria nonis,</l>
               <l n="10">cum stola matronis dempta teget famulas. </l>
               <l n="11">quattuor illa etiam discretis partibus anni</l>
               <l n="12">solstitia et luces nocte dieque pares,</l>
               <l n="13">nec Regifugium pulsis ex urbe tyrannis</l>
               <l n="14">laetum Romanis fas reticere diem.</l>
               <l n="15">visne Opis ante sacrum vel Saturnalia dicam </l>
               <l n="16">festaque servorum, cum famulantur eri?</l>
               <l n="17">et numquam certis redeuntia festa diebus,</l>
               <l n="18">compita per vicos cum sua quisque colit?</l>
               <pb n="v.1.p.198"/>
               <l n="19">aut duplicem cultum, quem Neptunalia dicunt,</l>
               <l n="20">et quem de Conso consiliisque vocant? </l>
               <l n="21">festa haec navigiis, aut quae celebrata quadrigis</l>
               <l n="22">iungunt Romanos finitimosque duces?</l>
               <l n="23">adiciam cultus peregrinaque sacra deorum,</l>
               <l n="24">natalem Herculeum vel ratis Isiacae,</l>
               <l n="25">nec non lascivi Floralia laeta theatri, </l>
               <l n="26">quae spectare volunt, qui voluisse negant?</l>
               <l n="27">nunc etiam veteres celebrantur Equirria ludi:</l>
               <l n="28">prima haec Romanus nomina circus habet,</l>
               <l n="29">et Dionysiacos Latio cognomine ludos</l>
               <l n="30">Roma colit, Liber quae sibi vota dicat. </l>
               <l n="31">Aediles etiam plebi aedilesque curules</l>
               <l n="32">sacra Sigillorum nomine dicta colunt,</l>
               <l n="33">et gladiatores funebria proelia notum</l>
               <l n="34">decertasse foro: nunc sibi harena suos</l>
               <l n="35">vindicat extremo qui iam sub fine Decembris </l>
               <l n="36">falcigerum placant sanguine Caeligenam.</l>
               <pb n="v.1.p.200"/>
            </div>

            <div type="textpart" n="24" subtype="section">
               <head>MONOSTLCHA DE AERUMNIS HERCULIS</head>
               <l n="1">PRIMA Cleonaei tolerata aerumna leonis,</l>
               <l n="2">proxima Lernaeam ferro et face contudit hydram.</l>
               <l n="3">mox Erymantheum vis tertia perculit aprum,</l>
               <l n="4">aeripedis quarto tulit aurea cornua cervi.</l>
               <l n="5">Stymphalidas pepulit volucres discrimine quinto. </l>
               <l n="6">Thraeiciam sexto spoliavit Amazona balteo,</l>
               <l n="7">septima in Augei stabulis inpensa laboris,</l>
               <l n="8">octava expulso numeratur adoria tauro,</l>
               <l n="9">in Diomedeis victoria nona quadrigis.</l>
               <l n="10">Geryone extincto decimam dat Hiberia palmam. </l>
               <l n="11">undecimo mala Hesperidum destricta triumpho.</l>
               <l n="12">Cerberus extremi .suprema est meta laboris.</l>

            </div>

            <div type="textpart" n="25" subtype="section">
               <head>QUINTI CICERONIS HI VERSUS EO PERTINENT UT QUOD SIGNUM QUO TEMPORE INLUSTRE SIT NOVERIMUS. QUOD SUPERIUS QUOQUE NOSTRIS VERSIBUS EXPEDITUR</head>
               <l n="1">FLAMINA 1 verna cient obscuro lumine Pisces</l>
               <l n="2">curriculumque Aries aequat noctisque diique,</l>
               <l n="3">cornua quem condunt florum praenuntia Tauri,</l>
               <l n="4">aridaque aestatis Gemini primordia pandunt,</l>
               <l n="5">longaque iam munit praeclarus lumina Cancer, </l>
               <pb n="v.1.p.202"/>
               <l n="6">languificosque Leo proflat ferus ore calores.</l>
               <l n="7">post modium quatiens Virgo fugat orta vaporem:</l>
               <l n="8">autumni reserat portas aequatque diurna</l>
               <l n="9">tempora nocturnis dispenso sidere Libra.</l>
               <l n="10">ecfetos 1 ramos denudat flamma Nepai, </l>
               <l n="11">pigra Sagittipotens iaculatur frigora terris,</l>
               <l n="12">bruma gelu glacians iubar exspirat Capricorni,</l>
               <l n="13">quam sequitur nebulas rorans liquor altus Aquari.</l>
               <l n="14">tanta supra circaque viget vis flammea 2 mundi.</l>
               <l n="15">at dextra laevaque ciet rota fulgida Solis </l>
               <l n="16">mobile curriculum et Lunae simulacra feruntur.</l>
               <gap reason="omitted"/>
               <l n="17">squama sub aeterno conspectu torta Draconis</l>
               <l n="18">eminet, hunc infra fulgentes Arcera septem</l>
               <l n="19">magna quatit stellas: quam servans serus in alta</l>
               <l n="20">conditur oceani ripa cum luce Bootes.3 </l>

            </div>
            <div type="textpart" n="26" subtype="section">
               <head>
                   HIC VERSUS SINE AUCTORE EST. QUO DIE QUID DEMI DE CORPORE OPORTEAT
                   <lg>
                     <l n="1">UNGUES Mercurio, barbam Iove, Cypride crines.</l>
                  </lg>
                   Hoc sic refellendum
               </head>
                  <l n="1">MERCURIUS furtis probat ungues semper acutos</l>
                  <l n="2">articulisque aciem non sinit imminui.</l>
                  <pb n="v.1.p.204"/>
                  <l n="3">barba Iovi, crines Veneri decor: ergo necesse est,</l>
                  <l n="4">ut nolint demi, quo sibi uterque placent.</l>
                  <l n="5">Mavors imberbos et calvos, Luna, adamasti: </l>
                  <l n="6">non prohibent comi tum caput atque genas.</l>
                  <l n="7">Sol et Saturnus nil obstant unguibus: ergo</l>
                  <l n="8">non placitum divis tolle monostichium.</l>
                  <pb n="v.1.p.206"/>
            </div>
        </div>
      </body>
    </text>
</TEI>
