<?xml version="1.0" encoding="UTF-8"?>
<?xml-model href="http://www.stoa.org/epidoc/schema/8.19/tei-epidoc.rng"
    schematypens="http://relaxng.org/ns/structure/1.0"?>
<?xml-model href="http://www.stoa.org/epidoc/schema/8.19/tei-epidoc.rng"
    schematypens="http://purl.oclc.org/dsdl/schematron"?>
<TEI xmlns="http://www.tei-c.org/ns/1.0">
    <teiHeader>
        <fileDesc>
            <titleStmt>
                <title>Precationes</title>                
                <author>Ausonius, Decimus Magnus</author>
                <editor>Hugh G. Evelyn-White</editor>
                <sponsor>Perseus Project, Tufts University</sponsor>
                <principal>Gregory Crane</principal>
                <respStmt>
                    <resp>Prepared under the supervision of</resp>
                    <name>Bridget Almas</name>
                    <name>Lisa Cerrato</name>
                    <name>Rashmi Singhal</name>
                </respStmt>
                <funder n="org:Mellon">The Mellon Foundation</funder>
            </titleStmt>
            <publicationStmt>
                <publisher>Trustees of Tufts University</publisher>
                <pubPlace>Medford, MA</pubPlace>
                <authority>Perseus Project</authority>
                <date type="release">2011-07-09</date>
            </publicationStmt>
            <sourceDesc>
                <biblStruct>
                    <monogr>
                        <title>Ausonius. Works.</title>
                        <title>Ausonius, Vol 1</title>
                        <author>Ausonius, Decimus Magnus</author>
                        <editor role="editor">Hugh G. Evelyn-White</editor>
                        <imprint>
                            <publisher>William Heinemann Ltd.; Harvard University Press</publisher>
                            <pubPlace>London; Cambridge, Massachusetts</pubPlace>
                            <date>1919</date>
                        </imprint>
                    </monogr>
                </biblStruct>
            </sourceDesc>
        </fileDesc>
        
        <encodingDesc>
            <refsDecl n="CTS">
                <cRefPattern n="line"
                         matchPattern="(\w+).(\w+)"
                         replacementPattern="#xpath(/tei:TEI/tei:text/tei:body/tei:div/tei:div[@n='$1']/tei:l[@n='$2'])">
                    <p>This pointer pattern extracts book and poem and line</p>
                </cRefPattern>
                <cRefPattern n="book"
                         matchPattern="(\w+)"
                         replacementPattern="#xpath(/tei:TEI/tei:text/tei:body/tei:div/tei:div[@n='$1'])">
                    <p>This pointer pattern extracts book</p>
                </cRefPattern>
            </refsDecl>
            <refsDecl n="TEI.2">
                <refState unit="card"/>
            </refsDecl>
        </encodingDesc>
        
        <profileDesc>
            <langUsage>
                <language ident="lat">Latin</language>
            </langUsage>
        </profileDesc>
      <revisionDesc>
         <change when="2015-12-07" who="Thibault Clérice">Epidoc and CTS. URN updated accordingly</change>
      </revisionDesc>
   </teiHeader>
    
    <text>
        <body>
            <div n="urn:cts:latinLit:stoa0045.stoa026.perseus-lat2"
              xml:lang="lat"
              type="edition">               
                <div type="textpart" n="1" subtype="poem">
                    <head>PRECATIO CONSULIS DESIGNATI PRIDIE KALENDAS</head>
                    <l n="1">IANUARIAS FASCIBUS SUMPTIS</l>
                    <l n="2">IANE, VENI: NOVUS ANNE, VENI: RENOVATE VENI, SOL. <gap reason="omitted"/>
               </l>
                    <l n="3">
                        <gap reason="omitted"/>
                    </l>
                    <l n="4">consulis Ausonii Latiam visure curulem,</l>
                    <l n="5">ecquid ab Augusta nunc maiestate secundum</l>
                    <l n="6">quod mireris, habes? Roma illa domusque Quirini</l>
                    <l n="7">et toga purpurei rutilans praetexta senati</l>
                    <l n="8">hoc apice aeternis signat sua tempora fastis.</l>
                    <l n="9">
                        <add>IANE, VENI: NOVUS ANNE, VENI: RENOVATE VENI, SOL.1</add>
                    </l>
                    <l n="10">Anne, bonis coepte auspiciis, da vere salubri </l>
                    <l n="11">apricas ventorum animas, da roscida Cancro</l>
                    <l n="12">solstitia et gelidum Boream Septembribus horis,</l>
                    <l n="13">mordeat autumnis frigus subtile pruinis</l>
                    <l n="14">et tenuata moris cesset mediocribus aestas,</l>
                    <l n="15">sementem Notus umificet, sit bruma nivalis, </l>
                    <l n="16">dum pater antiqui renovatur Martius anni.</l>
                    <l n="17">
                        <add>IANE, VENI: NOVUS ANNE, VENI: RENOVATE VENI, SOL.</add>
                    </l>
                    <l n="18">Spiret odorato florum nova gratia Maio,</l>
                    <l n="19">Iulius et segetes coquat et mare temperet Euris,</l>
                    <l n="20">Sirius ardentem non augeat igne Leonem, </l>
                    <l n="21">discolor arboreos variet Pomona sapores,</l>
                    <pb n="v.1.p.50"/>
                    <l n="22">mitiget autumnus, quod maturaverit aestas,</l>
                    <l n="23">et genialis hiems parta sibi dote fruatur,</l>
                    <l n="24">pacem mundus agat nec turbida sidera regnent.</l>
                    <l n="25">
                        <add>IANE, VENI: NOVUS ANNE, VENI: RENOVATE VENI, SOL.</add>
                    </l>
                    <l n="26">Nulla tuos, Gradive, offendat stella penates, </l>
                    <l n="27">quae non aequa tibi; non Cynthia, non celer Arcas</l>
                    <l n="28">finitimus terris; non tu, Saturne, supremo</l>
                    <l n="29">ultime circuitu: procul a Pyroente remotus</l>
                    <l n="30">tranquillum properabis iter. vos comminus ite, </l>
                    <l n="31">stella salutigeri Iovis et Cythereie Vesper:</l>
                    <l n="32">non umquam hospitibus facilis Cyllenius absit.</l>
                    <l n="33">IANE, VENI: NOVUS ANNE, VENI: RENOVATE VENI, SOL.</l>
                    <l n="34">Hostibus edomitis, qua Francia mixta Suebis</l>
                    <l n="35">certat ad obsequium, Latiis ut militet armis, </l>
                    <l n="36">qua vaga Sauromates sibi iunxerat agmina Chuni,</l>
                    <l n="37">quaque Getes sociis Histrum adsultabat Alanis</l>
                    <l n="38">(hoc mihi praepetibus victoria nuntiat alis):</l>
                    <l n="39">iam venit Augustus, nostros ut comat honores,</l>
                    <l n="40">officio exornans, quos participare cupisset. </l>
                    <l n="41">IANE, VENI: NOVUS ANNE, VENI: RENOVATE VENI, SOL.</l>
                    <l n="42">Aurea venturo, Sol, porrige gaudia Iano:</l>
                    <l n="43">fascibus Ausonii succedet Caesar in annum,</l>
                    <pb n="v.1.p.52"/>
                    <l n="44">quintam Romulei praetextam habiturus honoris,</l>
                    <l n="45">ecce ubi se cumulat mea purpura (mitibus audi </l>
                    <l n="46">auribus hoc. Nemesis) post me dignatur oriri</l>
                    <l n="47">Augustus consul, plus quam conferre videtur</l>
                    <l n="48">me sibi, qui iussit nostros praecedere fasces.</l>
                    <l n="49">IANE, VENI: NOVUS ANNE, VENI: RENOVATE VENI, SOL.</l>
                    <l n="50">Tu tropicum soli da <note n="1"/> cedere, rursus et illum </l>
                    <l n="51">terga dare, ut duplex tropico varietur ab astro</l>
                    <l n="52">et quater a ternis properet mutatio signis,</l>
                    <l n="53">aestivos inpelle dies brumamque morantem</l>
                    <l n="54">noctibus adceleret promissus Caesaris annus,</l>
                    <l n="55">illum ego si cernam, tum terque quaterque beatus,</l>
                    <l n="56">tunc ero bis consul, tunc tangam vertice caelum.</l>
                    
                </div>
                
                <div type="textpart" n="2" subtype="poem">
                    <head>ITEM PRECATIO KAL. IANUARIIS</head>
                    <l n="1">Anne, bonis coepte auspiciis, felicia cernis</l>
                    <l n="2">consulis Ausonii primordia: prome coruscum,</l>
                    <l n="3">Sol aeterne, caput solitoque inlustrior almo</l>
                    <l n="4">lumine purpureum iubar exere lucis eoae.</l>
                    <l n="5">anne, pater rerum, quas Iani mense bifrontis </l>
                    <l n="6">volvis in hibernum glaciali fine Decembrem,</l>
                    <l n="7">alme, veni et festum veteri novus adice Ianum. </l>
                    <l n="7a">coge secuturos bis sena per ostia menses;<note n="2"/>
               </l>
                    <pb n="v.1.p.54"/>
                    <l n="8">sollemnes pervade vias bissenaque mundo </l>
                    <l n="9">curricula aequatis varians per tempora signis</l>
                    <l n="10">praecipitem aeterna perfer vertigine cursum, </l>
                    <l n="11">sic prono raptate polo, contraria Phoebus</l>
                    <l n="12">ut momenta ferat servata parte dierum</l>
                    <l n="13">et novus hiberno reparet sua lumina pulsu,</l>
                    <l n="14">menstrua ter decies redeunt dum cornua lunae,</l>
                    <l n="15">exortus obitusque manu volvente rotabis, </l>
                    <l n="16">legitimum Phoebi cohibens per signa meatum.</l>
                    <pb n="v.1.p.56"/>
                </div>
            </div>
        </body>
    </text>
</TEI>
