<?xml version="1.0" encoding="UTF-8"?>
<?xml-model href="http://www.stoa.org/epidoc/schema/8.19/tei-epidoc.rng"
    schematypens="http://relaxng.org/ns/structure/1.0"?>
<?xml-model href="http://www.stoa.org/epidoc/schema/8.19/tei-epidoc.rng"
    schematypens="http://purl.oclc.org/dsdl/schematron"?>
<TEI xmlns="http://www.tei-c.org/ns/1.0">
    <teiHeader>
        <fileDesc>
            <titleStmt>            
                <title>Ausonii de XII Caesaribus per Suetonium Tranquillum scriptis</title>
                <author>Ausonius, Decimus Magnus</author>
                <editor>Hugh G. Evelyn-White</editor>
              <sponsor>Perseus Project, Tufts University</sponsor>
              <principal>Gregory Crane</principal>
              <respStmt>
                <resp>Prepared under the supervision of</resp>
                <name>Bridget Almas</name>
                <name>Lisa Cerrato</name>
                <name>Rashmi Singhal</name>
              </respStmt>
              <funder n="org:Mellon">The Mellon Foundation</funder>
            </titleStmt>
          <publicationStmt>
            <publisher>Trustees of Tufts University</publisher>
            <pubPlace>Medford, MA</pubPlace>
            <authority>Perseus Project</authority>
            <date type="release">2011-07-09</date>
          </publicationStmt>
            <sourceDesc>
                <biblStruct>
                    <monogr>
                        <title>Ausonius. Works.</title>
                        <title>Ausonius, Vol 1</title>
                        <author>Ausonius, Decimus Magnus</author>
                        <editor role="editor">Hugh G. Evelyn-White</editor>
                        <imprint>
                            <publisher>William Heinemann Ltd.; Harvard University Press</publisher>
                            <pubPlace>London; Cambridge, Massachusetts</pubPlace>
                            <date>1919</date>
                        </imprint>
                    </monogr>
                  <ref target="https://archive.org/stream/deciausonius01ausouoft#page/216/mode/2up">Internet Archive</ref>
                </biblStruct>
         </sourceDesc>
        </fileDesc>
        
        <encodingDesc>
         <refsDecl n="CTS">
            <cRefPattern n="line" matchPattern="(\w+).(\w+)" 
              replacementPattern="#xpath(/tei:TEI/tei:text/tei:body/tei:div//tei:div[@subtype='poem' and @n='$1']//tei:l[@n='$2'])">
               <p>This pointer pattern extracts poem and line</p>
            </cRefPattern>
           <cRefPattern n="poem" matchPattern="(\w+)" 
              replacementPattern="#xpath(/tei:TEI/tei:text/tei:body/tei:div//tei:div[@subtype='poem' and @n='$1'])">
             <p>This pointer pattern extracts poem</p>
           </cRefPattern>
         </refsDecl>
         <refsDecl n="TEI.2">
            <refState unit="card"/>
         </refsDecl>
      </encodingDesc>
        
        <profileDesc>
            <langUsage>
                <language ident="lat">Latin</language>
                <language ident="grc">Greek</language>
            </langUsage>
        </profileDesc>
      <revisionDesc>
         <change when="2015-12-07" who="Thibault Clérice">Epidoc and CTS. URN updated accordingly</change>
      </revisionDesc>
   </teiHeader>
    
    <text>
        <body>
         <div n="urn:cts:latinLit:stoa0045.stoa002.perseus-lat2" xml:lang="lat" type="edition">
            <div type="textpart" n="1" subtype="book">
               <head>
                  <add>Monosticha</add>
               </head>
                <div type="textpart" n="1" subtype="poem">
                  <head>AUSONIUS HESPERIO FILIO S. D.</head>
                  <l n="1">Caesareos proceres, in quorum regna secundis</l>
                  <l n="2">consulibus dudum Romana potentia cessit,</l>
                  <l n="3">accipe bis senos, sua quemque monosticha signant,</l>
                  <l n="4">quorum per plenam senem Suetonius olim</l>
                  <l n="5">nomina, res gestas vitamque obitumque peregit. </l>
                    
                </div>
                
              <div type="textpart" n="2" subtype="poem">
                  <head>MONOSTICHA DE ORDINE IMPERATORUM</head>
                  <l n="1">PRIMUS regalem patefecit Iulius aulam</l>
                  <l n="2">Caesar et Augusto nomen transcripsit et arcem,</l>
                  <l n="3">privignus post hunc regnat Nero Claudius, a quo</l>
                  <l n="4">Caesar, cognomen caligae cui castra dederunt.</l>
                  <l n="5">Claudius hinc potitur regno, post quem Nero saevus, <note n="5"/>
                  </l>
                  <l n="6">ultimus Aeneadum, post hunc tres, nec tribus annis:</l>
                    <pb n="v.1.p.332"/>
                  <l n="7">Galba senex, frustra socio confisus inerti;</l>
                  <l n="8">mollis Otho, infami per luxum degener aevo</l>
                  <l n="9">nec regno dignus nec morte Vitellius ut vir.</l>
                  <l n="10">his decimus fatoque accitus Vespasianus </l>
                  <l n="11">et Titus imperii felix brevitate, secutus</l>
                  <l n="12">frater, quem calvum dixit sua Roma Neronem.<note n="1"/>
                  </l>
                    
                </div>
                
              <div type="textpart" n="3" subtype="poem">
                  <head>DE AETATE IMPERII EORUM MONOSTICHA</head>
                  <l n="1">Iulius, ut perhibent, divus trieteride regnat.</l>
                  <l n="2">Augustus post lustra decem sex prorogat annos,</l>
                  <l n="3">et ter septenis geminos Nero Claudius addit,</l>
                  <l n="4">tertia finit hiems grassantia tempora Gai.</l>
                  <l n="5">Claudius hebdomadam duplicem trahit et Ne?-o dirus </l>
                  <l n="6">tantundem, summae consul sed defuit unus.</l>
                  <l n="7">Galba senex, Otho lascive, famose Vitelli,</l>
                  <l n="8">tertia vos Latio regnantes nesciit aestas,<note n="2"/>
                  </l>
                  <l n="9">
                     <gap reason="omitted"/>
                  </l>
                  <l n="10">implet fatalem decadam sibi Vespasianus. </l>
                  <l n="11">ter dominante Tito cingit nova laurea Ianum:</l>
                  <l n="12">quindecies, saevis potitur dum <note n="3"/> frater habenis.</l>
                    
                </div>
                
              <div type="textpart" n="4" subtype="poem">
                  <head>DE OBITU SINGULORUM MONOSTICHA</head>
                  <l n="1">Iulius interiit Caesar grassante senatu,</l>
                  <l n="2">addidit Augustum di vis matura senectus,</l>
                  <l n="3">sera senex Capreis exul Nero fata peregit,</l>
                  <l n="4">expetiit poenas de Caesare Chaerea mollis.</l>
                    <pb n="v.1.p.334"/>
                  <l n="5">Claudius ambiguo conclusit fata veneno. </l>
                  <l n="6">matricida Nero proprii vim pertulit ensis.</l>
                  <l n="7">Galba senex periit saevo prostratus Othone</l>
                  <l n="8">mox Otho famosus, clara set morte potitus,</l>
                  <l n="9">prodiga succedunt perimendi sceptra Vitelli.</l>
                  <l n="10">laudatum imperium, mors lenis Vespasiano. </l>
                  <l n="11">at Titus, orbis amor, rapitur florentibus annis,</l>
                  <l n="12">sera gravem perimunt, sed iusta piacula fratrem.</l>
               </div>
            </div>
           <div type="textpart" n="5" subtype="poem">
               <head>Tetrasticha</head>
                <div type="textpart" n="praef" subtype="section">
                  <l n="1">NUNC et praedictos et regni sorte sequentes</l>
                  <l n="2">expediam, series quos tenet imperii,</l>
                  <l n="3">incipiam ab divo percurramque ordine cunctos,</l>
                  <l n="4">novi Romanae quos memor historiae.</l>
                    
                </div>
                
                <div type="textpart" n="1" subtype="section">
                  <head>IULIUS CAESAR</head>
                  <l n="5">IMPERIUM, binis fuerat sollemne quod olim </l>
                  <l n="6">consulibus, Caesar Iulius optinuit.</l>
                  <l n="7">set breve ius regni, sola trieteride gestum:</l>
                  <l n="8">perculit armatae factio saeva togae.</l>
                    
                </div>
                
                <div type="textpart" n="2" subtype="section">
                  <head>OCTAVIUS AUGUSTUS</head>
                  <l n="9">ULTOR successorque dehinc Octavius, idem</l>
                  <l n="10">Caesar et Augusti nomine nobilior. </l>
                    <pb n="v.1.p.336"/>
                  <l n="11">longaeva et numquam dubiis violata potestas</l>
                  <l n="12">in terris positum prodidit esse deum.</l>
                    
                </div>
                
                <div type="textpart" n="3" subtype="section">
                  <head>TIBERIUS NERO</head>
                  <l n="13">PRAENOMEN Tiberi nanctus Nero prima iuventae</l>
                  <l n="14">tempora laudato gessit in imperio,</l>
                  <l n="15">frustra dehinc solo Caprearum clausus in antro, </l>
                  <l n="16">quae prodit vitiis, credit operta locis.</l>
                    
                </div>
                
                <div type="textpart" n="4" subtype="section">
                  <head>CAESAR CALIGULA</head>
                  <l n="17">POST hunc castrensi caligae cognomine<note n="1"/> Caesar</l>
                  <l n="18">successit saevo saevior ingenio,</l>
                  <l n="19">caedibus incestisque dehinc maculosus et omni</l>
                  <l n="20">crimine pollutum qui superavit avum. </l>
                    
                </div>
                
                <div type="textpart" n="5" subtype="section">
                  <head>CLAUDIUS CAESAR</head>
                  <l n="21">CLAUDIUS inrisae privato in tempore vitae,</l>
                  <l n="22">in regno specimen prodidit ingenii,</l>
                  <l n="23">libertina tamen nuptarum et crimina passus</l>
                  <l n="24">non faciendo nocens, set patiendo fuit.</l>
                    
                </div>
                
                <div type="textpart" n="6" subtype="section">
                  <head>NERO</head>
                  <l n="25">AENEADUM generis qui sextus et ultimus heres, </l>
                  <l n="26">polluit et clausit Iulia sacra Nero.</l>
                  <l n="27">nomina quot pietas, tot habet quoque crimina vitae.</l>
                  <l n="28">disce ex Tranquillo: set meminisse piget.</l>
                    <pb n="v.1.p.338"/>
                </div>
                
                <div type="textpart" n="7" subtype="section">
                  <head>GALBA</head>
                  <l n="29">SPE frustrate senex, privatus sceptra mereri</l>
                  <l n="30">visus et <note n="1"/> imperio proditus inferior, <note n="2"/> 
                  </l>
                  <l n="31">fama tibi melior iuveni; set iustior ordo est</l>
                  <l n="32">conplacuisse dehinc, displicuisse prius.</l>
                    
                </div>
                
                <div type="textpart" n="8" subtype="section">
                  <head>OTHO</head>
                  <l n="33">AEMULA polluto gesturus sceptra Neroni</l>
                  <l n="34">obruitur celeri raptus Otho exitio,</l>
                  <l n="35">fine tamen laudandus erit, qui morte decora </l>
                  <l n="36">hoc solum fecit nobile, quod periit.</l>
                    
                </div>
                
                <div type="textpart" n="9" subtype="section">
                  <head>VITELLIUS</head>
                  <l n="37">VITA ferox, mors foeda tibi, nec digne, Vitelli,</l>
                  <l n="38">qui fieres Caesar: sic sibi fata placent.</l>
                  <l n="39">umbra tamen brevis imperii; quia praemia regni</l>
                  <l n="40">saepe indignus adit, non nisi dignus habet. </l>
                    
                </div>
                
                <div type="textpart" n="10" subtype="section">
                  <head>VESPASIANUS</head>
                  <l n="41">QUAERENDI adtentus, moderato commodus usu, <note n="3"/>
                  </l>
                  <l n="42">auget nec reprimit Vespasianus opes,</l>
                  <l n="43">olim qui dubiam privato in tempore famam,</l>
                  <l n="44">rarum aliis, princeps transtulit in melius. <note n="4"/>
                  </l>
                    <pb n="v.1.p.340"/>
                </div>
                
                <div type="textpart" n="11" subtype="section">
                  <head>TITUS</head>
                  <l n="45">FELIX imperio, felix brevitate regendi, </l>
                  <l n="46">expers civilis sanguinis, orbis amor.<note n="1"/>
                  </l>
                  <l n="47">unum dixisti moriens te crimen habere;<note n="2"/>
                  </l>
                  <l n="48">set nulli de te, nec tibi credidimus.</l>
                    
                </div>
                
                <div type="textpart" n="12" subtype="section">
                  <head>DOMITIANUS</head>
                  <l n="49">HACTENUS edideras dominos, gens Flavia, iustos.</l>
                  <l n="50">cur duo quae dederant, tertius eripuit? </l>
                  <l n="51">vix tanti est habuisse illos, quia dona bonorum</l>
                  <l n="52">sunt brevia; aeternum, quae nocuere, dolent.</l>
                    
                    
                </div>
                
                <div type="textpart" n="13" subtype="section">
                  <head>NERVA (DE CAESARIBUS POST TRANQUILLUM TE TETRASTICHA)</head>
                  <l n="53">PROXIMUS extincto moderatur sceptra tyranno</l>
                  <l n="54">Nerva senex, princeps nomine, mente parens.</l>
                  <l n="55">nulla viro suboles; imitatur adoptio prolem, </l>
                  <l n="56">quam legisse iuvat, quam genuisse velit.</l>
                    <pb n="v.1.p.342"/>
                </div>
                
                <div type="textpart" n="14" subtype="section">
                  <head>TRAIANUS</head>
                  <l n="57">ADGREDITUR regimen viridi Traianus in aevo,</l>
                  <l n="58">belli laude prior, cetera patris habens.</l>
                  <l n="59">hic quoque prole carens sociat sibi sorte legendi,</l>
                  <l n="60">quem fateare bonum, diffiteare parem. </l>
                    
                </div>
                
                <div type="textpart" n="15" subtype="section">
                  <head>HADRIANUS</head>
                  <l n="61">AELIUS hinc subiit mediis praesignis in actis:</l>
                  <l n="62">principia et finem fama notat gravior,</l>
                  <l n="63">orbus et hic: cui iunctus erit documenta daturus,<note n="1"/>
                  </l>
                  <l n="64">adsciti quantum praemineant genitis.</l>
                    
                </div>
                
                <div type="textpart" n="16" subtype="section">
                  <head>ANTONINUS PIUS</head>
                  <l n="65">ANTONINUS abhinc regimen capit ille vocatu </l>
                  <l n="66">consulesque Pius, nomen habens meriti,</l>
                  <l n="67">filius huic fato nullus; set lege suorum</l>
                  <l n="68">a patria sumpsit, qui regeret patriam.</l>
                    
                </div>
                
                <div type="textpart" n="17" subtype="section">
                  <head>M. ANTONINUS</head>
                  <l n="69">POST Marco tutela datur, qui scita Platonis</l>
                  <l n="70">flexit ad imperium patre Pio melior. </l>
                  <l n="71">successore suo moriens, set principe pravo,</l>
                  <l n="72">hoc solo patriae, quod genuit, nocuit.</l>
                    <pb n="v.1.p.344"/>
                </div>
                
                <div type="textpart" n="18" subtype="section">
                  <head>COMMODUS</head>
                  <l n="73">COMMODUS insequitur, pugnis maculosus harenae,</l>
                  <l n="74">Thraecidico princeps bella movens gladio,</l>
                  <l n="75">eliso tandem persolvens gutture poenas, </l>
                  <l n="76">criminibus fassus matris adulterium.</l>
                    
                </div>
                
                <div type="textpart" n="19" subtype="section">
                  <head>HELVIUS PERTINAX</head>
                  <l n="77">HELVI, iudicio et consulto lecte senati,</l>
                  <l n="78">princeps decretis prodite, non studiis.</l>
                  <l n="79">quod doluit male fida cohors, errore probato,</l>
                  <l n="80">curia quod castris cesserat imperio. </l>
                    
                </div>
                
                <div type="textpart" n="20" subtype="section">
                  <head>DIDIUS IULIANUS</head>
                  <l n="81">DI bene, quod sceptri Didius non gaudet opimis</l>
                  <l n="82">et cito periuro praemia adempta seni.</l>
                  <l n="83">tuque, Severe pater, titulum ne horresce novantis:</l>
                  <l n="84">non rapit imperium vis tua, sed recipit.</l>
                    
                </div>
                
                <div type="textpart" n="21" subtype="section">
                  <head>SEVERUS PERTINAX</head>
                  <l n="85">IMPIGER egelido movet arma Severus ab Histro, </l>
                  <l n="86">ut parricidae regna adimat Didio.</l>
                  <l n="87">Punica origo illi; set qui virtute probaret</l>
                  <l n="88">non obstare locum, cum valet ingenium.</l>
                    <pb n="v.1.p.346"/>
                </div>
                
                <div type="textpart" n="22" subtype="section">
                  <head>BASSIANUS ANTONINUS SIVE CARACALLA</head>
                  <l n="89">DISSIMILIS virtute patri et multo magis illi,</l>
                  <l n="90">cuius adoptivo nomine te perhibes, </l>
                  <l n="91">fratris morte nocens, punitus fine cruento,</l>
                  <l n="92">inrisu populi tu Caracalla magis.</l>
                    
                </div>
                
                <div type="textpart" n="23" subtype="section">
                  <head>OPILIUS MACIUNUS</head>
                  <l n="93">PRINCIPIS hinc custos sumptum pro Caesare ferrum</l>
                  <l n="94">vertit in auctorem caede Macrinus iners.</l>
                  <l n="95">mox cum prole ruit. gravibus pulsare querellis </l>
                  <l n="96">cesset perfidiam: quae patitur, meruit.</l>
                    
                </div>
                
                <div type="textpart" n="24" subtype="section">
                  <head>ANTONINUS HELIOGABALUS</head>
                  <l n="97">TUNE etiam Augustae sedis penetralia foedas,</l>
                  <l n="98">Antoninorum nomina falsa gerens,</l>
                  <l n="99">
                     <add>quo nunquam neque turpe magis neque foedius ullum</add> 
                  </l>
                  <l n="100">
                     <add>monstrum Romano sedit in imperio? <note n="1"/>
                     </add> 
                  </l>
                    <pb n="v.1.p.348"/>
                </div>
            </div>
        </div>
      </body>
    </text>
</TEI>
