<?xml version="1.0" encoding="UTF-8"?>
<?xml-model href="http://www.stoa.org/epidoc/schema/8.19/tei-epidoc.rng"
    schematypens="http://relaxng.org/ns/structure/1.0"?>
<?xml-model href="http://www.stoa.org/epidoc/schema/8.19/tei-epidoc.rng"
    schematypens="http://purl.oclc.org/dsdl/schematron"?>
<TEI xmlns="http://www.tei-c.org/ns/1.0">
    <teiHeader>
        <fileDesc>
            <titleStmt>
                <title>Epistularum</title>
                <title>Genethliacon ad Ausonium Nepotem</title>
                <author>Ausonius, Decimus Magnus</author>
                <editor>Hugh G. Evelyn-White</editor>
                <funder n="org:Mellon">The Mellon Foundation</funder>
            </titleStmt>
            <publicationStmt>
                <publisher>Trustees of Tufts University</publisher>
                <pubPlace>Medford, MA</pubPlace>
                <authority>Perseus Project</authority>
                <date type="release">2011-07-09</date>
            </publicationStmt>
            <sourceDesc>
                <biblStruct>
                    <monogr>
                        <title>Ausonius. Works.</title>
                        <title>Ausonius, Vol 2</title>
                        <author>Ausonius, Decimus Magnus</author>
                        <editor role="editor">Hugh G. Evelyn-White</editor>
                        <imprint>
                            <publisher>William Heinemann Ltd.; Harvard University Press</publisher>
                            <pubPlace>London; Cambridge, Massachusetts</pubPlace>
                            <date>1921</date>
                        </imprint>
                    </monogr>
                    <ref target="https://archive.org/stream/ausonius02evelgoog#page/n80/mode/2up">Internet Archive</ref>
                </biblStruct>
            </sourceDesc>
        </fileDesc>
        
        <encodingDesc>
            <refsDecl n="CTS">
                <cRefPattern n="line"
                         matchPattern="(\w+)"
                         replacementPattern="#xpath(/tei:TEI/tei:text/tei:body/tei:div/tei:div/tei:l[@n='$1'])">
                    <p>This pointer pattern extracts line</p>
                </cRefPattern>
            </refsDecl>
            <refsDecl n="TEI.2">
                <refState unit="card"/>
            </refsDecl>
        </encodingDesc>
        
        <profileDesc>
            <langUsage>
                <language ident="lat">Latin</language>
                <language ident="grc">Greek</language>
            </langUsage>
        </profileDesc>
      <revisionDesc>
         <change when="2015-12-07" who="Thibault Clérice">Epidoc and CTS. URN updated accordingly</change>
      </revisionDesc>
   </teiHeader>
    
    <text>
        <body>
            <div n="urn:cts:latinLit:stoa0045.stoa013.perseus-lat2"
              xml:lang="lat"
              type="edition">
                <pb n="v.2.p.68"/>
                <div type="textpart" n="21" subtype="section">
                    <head>GENETHLIACOS AD AUSONIUM NEPOTEM AUSONIUS AVUS AUSONIO NEPOTI</head>
                    <l n="1">carmina prima tibi eum iam puerilibus annis</l>
                    <l n="2">traderet adsidui permulcens cura magistri</l>
                    <l n="3">inbueretque novas aures sensusque sequaces,</l>
                    <l n="4">ut respondendas docili quoque murmure voees</l>
                    <l n="5">emendata rudi perferret lingua palato, </l>
                    <l n="6">addidimus nil triste senes, ne cura monendi</l>
                    <l n="7">laederet aut dulces gustus vitiaret amaris.</l>
                    <l n="8">at modo, cum motu vigeas iam puberis aevi</l>
                    <l n="9">fortiaque a teneris possis secernere et ipse</l>
                    <l n="10">admonitor morumque tibi fandique videri, </l>
                    <l n="11">accipe non praecepta equidem, set vota precantis</l>
                    <l n="12">et gratantis avi festum ad sollemne nepotis.</l>
                    <l n="13">adnuit, ut reducem fatorum ab fine senectam</l>
                    <l n="14">sospes agam festumque diem dubitataque cernam</l>
                    <l n="15">sidera, deposito prope conclamatus in aevo. </l>
                    <l n="16">hoc, mellite nepos, duplicato faenore partum</l>
                    <l n="17">natali accedente tuo, munusque salutis</l>
                    <l n="18">plenius hoc nostrae, quod iam tibi puberis aevi</l>
                    <l n="19">crescit honos iuvenemque senex iam cerno nepotem.</l>
                    <l n="20">Sexta tibi haec primo remeat trieteris ab anno, </l>
                    <l n="21">Septembres notis referens natalibus idus.</l>
                    <pb n="v.2.p.70"/>
                    <l n="22">Idus alma dies, geniis quoque culta deorum.</l>
                    <l n="23">Sextiles Hecate Latonia vindicat idus,</l>
                    <l n="24">Mercurius Maias, superorum adiunctas honori.</l>
                    <l n="25">Octobres olim genitus Maro dedicat idus:</l>
                    <l n="26">Idus saepe colas bis senis mensibus omnes,</l>
                    <l n="27">Ausonii quicumque mei celebraveris idus.</l>
                    <l n="28">Vale nepos dulcissime.</l>
                </div>
                
            </div>
        </body>
    </text>
</TEI>
