<?xml version="1.0" encoding="UTF-8"?>
<?xml-model href="http://www.stoa.org/epidoc/schema/8.19/tei-epidoc.rng"
    schematypens="http://relaxng.org/ns/structure/1.0"?>
<?xml-model href="http://www.stoa.org/epidoc/schema/8.19/tei-epidoc.rng"
    schematypens="http://purl.oclc.org/dsdl/schematron"?>
<TEI xmlns="http://www.tei-c.org/ns/1.0">
    <teiHeader>
        <fileDesc>
            <titleStmt>
                <title>Epistularum</title>
                <title>Liber Protrepticus ad Nepotem</title>
                <author>Ausonius, Decimus Magnus</author>
                <editor>Hugh G. Evelyn-White</editor>
                <sponsor>Perseus Project, Tufts University</sponsor>
                <principal>Gregory Crane</principal>
                <respStmt>
                    <resp>Prepared under the supervision of</resp>
                    <name>Bridget Almas</name>
                    <name>Lisa Cerrato</name>
                    <name>Rashmi Singhal</name>
                </respStmt>
                <funder n="org:Mellon">The Mellon Foundation</funder>
            </titleStmt>
            <publicationStmt>
                <publisher>Trustees of Tufts University</publisher>
                <pubPlace>Medford, MA</pubPlace>
                <authority>Perseus Project</authority>
                <date type="release">2011-07-09</date>
            </publicationStmt>
            <sourceDesc>
                <biblStruct>
                    <monogr>
                        <title>Ausonius. Works.</title>
                        <title>Ausonius, Vol 2</title>
                        <author>Ausonius, Decimus Magnus</author>
                        <editor role="editor">Hugh G. Evelyn-White</editor>
                        <imprint>
                            <publisher>William Heinemann Ltd.; Harvard University Press</publisher>
                            <pubPlace>London; Cambridge, Massachusetts</pubPlace>
                            <date>1921</date>
                        </imprint>
                    </monogr>
                </biblStruct>
            </sourceDesc>
        </fileDesc>

        <encodingDesc>
            <refsDecl n="CTS">
                <cRefPattern n="line"
                         matchPattern="(\w+).(\w+)"
                         replacementPattern="#xpath(/tei:TEI/tei:text/tei:body/tei:div/tei:div/tei:div[@n='$1']/*[self::tei:l or self::tei:p][@n='$2'])">
                    <p>This pointer pattern extracts line</p>
                </cRefPattern>
                <cRefPattern n="poem"
                         matchPattern="(\w+)"
                         replacementPattern="#xpath(/tei:TEI/tei:text/tei:body/tei:div/tei:div/tei:div[@n='$1'])">
                    <p>This pointer pattern extracts poem and line</p>
                </cRefPattern>
            </refsDecl>
            <refsDecl n="TEI.2">
                <refState unit="card"/>
            </refsDecl>
        </encodingDesc>

        <profileDesc>
            <langUsage>
                <language ident="lat">Latin</language>
                <language ident="grc">Greek</language>
            </langUsage>
        </profileDesc>
      <revisionDesc>
         <change when="2015-12-07" who="Thibault Clérice">Epidoc and CTS. URN updated accordingly</change>
      </revisionDesc>
   </teiHeader>

    <text>
        <body>
            <div n="urn:cts:latinLit:stoa0045.stoa016.perseus-lat2"
              xml:lang="lat"
              type="edition">
                <pb n="v.2.p.2"/>
                <div type="textpart" n="22" subtype="section">
                    <head>LIBER PROTREPTICUS AD NEPOTEM</head>
                    <div type="textpart" subtype="subsection" n="pr">
                        <head>Ausonius Hesperio Filio</head>
                        <p n="1">libellum, quem ad nepotulum meum, sororis tuae lilium, instar protreptici
                            luseram, venturus ipse praemisi legendum. hoc enim malui quam ipse
                            recitare, esset ut tibi censura liberior, quae duabus causis impediri
                            solet: quod aures nostras audita velocius quam lecta praetereunt et quod
                            sinceritas iudicandi praesentia recitantis oneratur, nunc tibi utrumque
                            integrum est, quia et legenti libera mora est et iudicaturo non obstat
                            nostri verecundia. Set heus tu, fili dulcissime, habeo quod admoneam, si
                            qua tibi in his versiculis videbuntur (nam vereor, ut multa sint)
                            fucatius concinnata quam verius et plus coloris quam suci habere, ipse
                            sciens <pb n="v.2.p.72"/> fluere permisi, venustula ut essent magis,
                            quam forticula, instar virginum, <quote rend="blockquote">
                                <lb/>quas matres student <lb/>demissis umeris esse, vineto pectore,
                                ut graciles sient.</quote> nosti cetera.</p>
                        <p n="2">Superest igitur, ut dicas: quid moraris iudicationem meam de eo, quod
                            ipse pronuntias esse mendosum? dicam scilicet me huiusmodi versibus
                            foris erubescere, set intra nos minus verecundari; namque ego haec annis
                            illius magis quam meis scripsi aut fortasse et meis: <foreign xml:lang="grc">δὶσ παῖδεσ οἱ γέροντεσ</foreign>. ad summam valeat
                            austeritas tua: mihi eum infante <add>ratio est</add>. Vale, fili
                            dulcissime.</p>
                    </div>

                    <div type="textpart" subtype="subsection" n="po">
                        <head>Ad Nepotem Ausonium</head>
                        <l n="1">Sunt etiam musis sua ludicra: mixta camenis</l>
                        <l n="2">otia sunt, mellite nepos; nec semper acerbi</l>
                        <l n="3">exercet pueros vox imperiosa magistri,</l>
                        <l n="4">set requie studiique vices rata tempora servant.</l>
                        <l n="5">et satis est puero memori legisse libenter, </l>
                        <l n="6">et cessare licet. Graio schola nomine dicta est,</l>
                        <l n="7">iusta laboriferis tribuantur iit otia musis.</l>
                        <l n="8">quo magis alternum certus succedere ludum</l>
                        <l n="9">disce libens: longum delinitura laborem</l>
                        <l n="10">intervalla damus, studium puerile fatiscit, </l>
                        <l n="11">laeta nisi austeris varientur, festa profestis.</l>
                        <l n="12">disce libens, tetrici nec praeceptoris habenas</l>
                        <pb n="v.2.p.74"/>
                        <l n="13">detesterc, nepos, numquam horrida forma magistri.</l>
                        <l n="14">ille lieet tristis senio nec voce serenus</l>
                        <l n="15">aspera contractae minitetur iurgia frontis, </l>
                        <l n="16">numquam inmanis erit, placida suetudine vultus</l>
                        <l n="17">qui 1 semel inbuerit. rugas nutricis amabit,</l>
                        <l n="18">qui refugit matrem, pappos aviasque trementes</l>
                        <l n="19">anteferunt patribus seri, nova cura, nepotes.</l>
                        <l n="20">sic neque Peliaden terrebat Chiron Achillem </l>
                        <l n="21">Thessalico permixtus equo nec pinifer Atlans</l>
                        <l n="22">Amphitryoniadem puerum, set blandus uterque</l>
                        <l n="23">mitibus adloquiis teneros mulcebat alumnos.</l>
                        <l n="24">tu quoque ne metuas, quamvis schola verbere multo</l>
                        <l n="25">increpet et truculenta senex gerat ora magister: </l>
                        <l n="26">degeneres animos timor arguit, at tibi consta</l>
                        <l n="27">intrepidus, nec te clamor plagaeque sonantes,</l>
                        <l n="28">nec matutinis agitet formido sub horis.</l>
                        <l n="29">quod sceptrum vibrat ferulae, quod multa supellex</l>
                        <l n="30">virgea, quod fallax scuticam praetexit aluta, </l>
                        <l n="31">quod fervent trepido subsellia vestra tumultu,</l>
                        <l n="32">pompa loci et vani fucatur scaena timoris.</l>
                        <l n="33">haec olim genitorque tuus genetrixque secuti</l>
                        <l n="34">securam placido mihi permulsere senectam.</l>
                        <l n="35">tu senium, quodcumque superlabentibus annis </l>
                        <l n="36">fata dabunt, qui nomen avi geris, indole prima,</l>
                        <l n="37">prime nepos, vel re vel spe mihi porge fruendum.</l>
                        <l n="38">nunc ego te puerum, mox in iuvenalibus annis</l>
                        <l n="39">iamque virum cernam, si fors ita iusserit; aut si</l>
                        <pb n="v.2.p.76"/>
                        <l n="40">invidia est, sperabo tamen, nec vota fatiscent, </l>
                        <l n="41">ut patris utque mei non inmemor ardua semper</l>
                        <l n="42">praemia musarum cupias facundus et olim</l>
                        <l n="43">hae gradiare via, qua nos praecessimus et cui</l>
                        <l n="44">proconsul genitor, praefectus avunculus instant.</l>
                        <l n="45">Perlege, quodcumque est memorabile, prima monebo. </l>
                        <l n="46">conditor Iliados et amabilis orsa Menandri</l>
                        <l n="47">evolvenda tibi: tu flexu et acumine vocis</l>
                        <l n="48">innumeros numeros doctis accentibus effer</l>
                        <l n="49">adfectusque inpone legens, distinctio sensum</l>
                        <l n="50">auget et ignavis dant intervalla vigorem. </l>
                        <l n="51">Ecquando ista meae contingent dona senectae?</l>
                        <l n="52">quando oblita mihi tot carmina totque per aevum</l>
                        <l n="53">conexa historiae, soecos aulaeaque regum</l>
                        <l n="54">et melicos lyricosque modos profando novabis</l>
                        <l n="55">obductosque seni facies puerascere sensus? </l>
                        <l n="56">te praeeunte, nepos, modulata poemata Flacci</l>
                        <l n="57">altisonumque iterum fas est didicisse Maronem.</l>
                        <l n="58">tu «pioque, qui Latium lecto sermone, Terenti,</l>
                        <l n="59">comis et adstricto pereurris pulpita socco,</l>
                        <pb n="v.2.p.78"/>
                        <l n="60">ad nova vix memorem diverbia coge senectam. </l>
                        <l n="61">iam facinus, Catilina, tuum Lepidique tumultum,</l>
                        <l n="62">ab Lepido et Catulo iam res et tempora Romae</l>
                        <l n="63">orsus bis senos seriem conecto per annos.</l>
                        <l n="64">iam lego civili mixtum mavorte dnellum,</l>
                        <l n="65">movit quod socio Sertorius exul Hibero. </l>
                        <l n="66">Nec rudis haec avus admoneo, set mille ducendo</l>
                        <l n="67">ingenia expertus, multos Iactantibus annis</l>
                        <l n="68">ipse alui gremioque fovens et murmura solvens</l>
                        <l n="69">eripui tenerum blandis nutricibus aevum,</l>
                        <l n="70">mox pueros molli monitu et formidine leni </l>
                        <l n="71">pellexi, ut mites peterent per acerba profectus,</l>
                        <l n="72">carpturi dulcem fructum radicis amarae,</l>
                        <l n="73">idem vesticipes motu iam puberis aevi</l>
                        <l n="74">ad mores artesque bonas fandique vigorem</l>
                        <l n="75">produxi, quamquam imperium cervice negarent </l>
                        <l n="76">ferre nec insertis praeberent ora lupatis.</l>
                        <l n="77">ardua temperics, dura experientia, rarus</l>
                        <l n="78">eventus, longo rerum spectatus ab usu,</l>
                        <l n="79">ut regat indocilem mitis censura iuventam,</l>
                        <l n="80">quae tolerata mihi, donec iam aerumna iuvaret </l>
                        <l n="81">leniretque usu bona consuetudo laborem,</l>
                        <l n="82">donec ad Augustae pia munera disciplinae</l>
                        <l n="83">accirer varioque accingerer auctus honore,</l>
                        <l n="84">aurea cum parere mihi palatia iussum,</l>
                        <l n="85">absistat Nemesis, ferat et fortuna iocantem: </l>
                        <pb n="v.2.p.80"/>
                        <l n="86">praesedi imperio, dum praetextatus in ostro</l>
                        <l n="87">et seeptro et solio praefert sibi iura magistri</l>
                        <l n="88">maioresque putat nostros Augustus honores.</l>
                        <l n="89">quos mox sublimi maturus protulit auctu,</l>
                        <l n="90">quaestor ut Augustis, patri natoque, crearer, </l>
                        <l n="91">ut praefecturam duplicem sellamque curulem,</l>
                        <l n="92">ut trabeam pietamque togam, mea praemia, consul</l>
                        <l n="93">induerem fastisque meis praelatus haberer.</l>
                        <l n="94">His ego quaesivi meritum quam grande nepoti</l>
                        <l n="95">consul avus lumenque tuae praclueeo vitae. </l>
                        <l n="96">quamvis et patrio iamdudum nomine clarus,</l>
                        <l n="97">posses ornatus, posses oneratus haberi;</l>
                        <l n="98">accessit tamen ex nobis honor inclitus, nunc tu</l>
                        <l n="99">effice, ne sit onus, per te ut conixus in altum</l>
                        <l n="100">conscendas speresque tuos te consule fasees. </l>
                    </div>
                </div>
            </div>
        </body>
    </text>
</TEI>
