<?xml version="1.0" encoding="UTF-8"?>
<?xml-model href="http://www.stoa.org/epidoc/schema/8.19/tei-epidoc.rng"
    schematypens="http://relaxng.org/ns/structure/1.0"?>
<?xml-model href="http://www.stoa.org/epidoc/schema/8.19/tei-epidoc.rng"
    schematypens="http://purl.oclc.org/dsdl/schematron"?>
<TEI xmlns="http://www.tei-c.org/ns/1.0">
    <teiHeader>
        <fileDesc>
            <titleStmt>                                
                <title>De Bissula</title>                    
                <author>Ausonius, Decimus Magnus</author>
                <editor>Hugh G. Evelyn-White</editor>
                <sponsor>Perseus Project, Tufts University</sponsor>
                <principal>Gregory Crane</principal>
                <respStmt>
                    <resp>Prepared under the supervision of</resp>
                    <name>Bridget Almas</name>
                    <name>Lisa Cerrato</name>
                    <name>Rashmi Singhal</name>
                </respStmt>
                <funder n="org:Mellon">The Mellon Foundation</funder>
            </titleStmt>
            <publicationStmt>
                <publisher>Trustees of Tufts University</publisher>
                <pubPlace>Medford, MA</pubPlace>
                <authority>Perseus Project</authority>
                <date type="release">2011-07-09</date>
            </publicationStmt>
            <sourceDesc>
                <biblStruct>
                    <monogr>
                        <title>Ausonius. Works.</title>
                        <title>Ausonius, Vol 1</title>
                        <author>Ausonius, Decimus Magnus</author>
                        <editor role="editor">Hugh G. Evelyn-White</editor>
                        <imprint>
                            <publisher>William Heinemann Ltd.; Harvard University Press</publisher>
                            <pubPlace>London; Cambridge, Massachusetts</pubPlace>
                            <date>1919</date>
                        </imprint>
                    </monogr>
                    <ref target="https://archive.org/stream/deciausonius01ausouoft#page/216/mode/2up">Internet Archive</ref>
                </biblStruct>
            </sourceDesc>
        </fileDesc>
        
        <encodingDesc>
            <refsDecl n="CTS">
                <cRefPattern n="line"
                         matchPattern="(\w+).(\w+)"
                         replacementPattern="#xpath(/tei:TEI/tei:text/tei:body/tei:div/tei:div[@n='$1']/*[self::tei:p or self::tei:l][@n='$2'])">
                    <p>This pointer pattern extracts line</p>
                </cRefPattern>
                <cRefPattern n="poem"
                         matchPattern="(\w+)"
                         replacementPattern="#xpath(/tei:TEI/tei:text/tei:body/tei:div/tei:div[@n='$1'])">
                    <p>This pointer pattern extracts poem and line</p>
                </cRefPattern>
            </refsDecl>
            <refsDecl n="TEI.2">
                <refState unit="card"/>
            </refsDecl>
        </encodingDesc>
        
        <profileDesc>
            <langUsage>
                <language ident="lat">Latin</language>
                <language ident="grc">Greek</language>
            </langUsage>
        </profileDesc>
      <revisionDesc>
         <change when="2015-12-07" who="Thibault Clérice">Epidoc and CTS. URN updated accordingly</change>
      </revisionDesc>
   </teiHeader>
    
    <text>
        <body>
            <div n="urn:cts:latinLit:stoa0045.stoa001.perseus-lat2"
              xml:lang="lat"
              type="edition">
                
                <div type="textpart" n="pr" subtype="section">
                    <head>Ausonius Paulo suo S. D.</head>
                    <p n="1">
                        Pervincis tandem <note n="1"/> et operta musarum mearum, quae initiorum velabat obscuritas, quamquam non profanus, irrumpis, Paule carissime, 
                        quamvis enim te non eius vulgi existimem, quod Horatius <note n="2"/> arcet ingressu, tamen sua cuique sacra, neque idem Cereri, quod Libero, 
                        etiam sub isdem cultoribus, poematia, quae in alumnam meam luseram rudia et incohata ad domesticae solacium cantilenae, cum sine metu 
                        <add>laterent </add>
                  <note n="3"/> et arcana securitate fruerentur, proferre ad lucem caligantia coegisti. verecundiae meae scilicet spolium 
                        concupisti, aut, quantum tibi in me iuris esset, ab invito indicari. ne tu Alexandri Macedonis pervicaciam supergressus, qui, fatalis iugi lora
                        <pb n="v.1.p.218"/>
                        cum solvere non posset, abscidit et Pythiae specum, quo die fas non erat patere, penetravit. Utere igitur ut tuis, pari iure, sed fiducia dispari: 
                        quippe tua possunt populum non timere; meis etiam intra me erubesco, vale.
                        
                    </p>
                </div>
                
                <div type="textpart" n="1" subtype="section">
                    <head>PRAEFATIO</head>
                    <l n="1">UT voluisti, Paule, cunctos Bissulae versus habes,</l>
                    <l n="2">lusimus quos in Suebae gratiam virgunculae,</l>
                    <l n="3">otium magis foventes, quam studentes gloriae,</l>
                    <l n="4">tu molestus flagitator lege molesta carmina,</l>
                    <l n="5">tibi, quod intristi, exedendum est <note n="1"/>: sic vetus verbum iubet, </l>
                    <l n="6">compedes, quas ipse fecit, ipsus ut gestet faber.</l>
                    
                </div>
                
                <div type="textpart" n="2" subtype="section">
                    <head>AD LECTOREM HUIUS LIBELLI</head>
                    <l n="1">CARMINIS incompti tenuem lecture libellum,</l>
                    <l n="2">pone supercilium,</l>
                    <l n="3">seria contractis expende poemata rugis:</l>
                    <l n="4">nos Thymelen sequimur.</l>
                    <l n="5">Bissula in hoc scedio cantabitur, haut Erasinus: </l>
                    <l n="6">admoneo, ante bibas,</l>
                    <l n="7">ieiunis nil scribo; meum post pocula si quis</l>
                    <l n="8">legerit, hic sapiet.</l>
                    <l n="9">sed magis hic sapiet, si dormiet et putet ista</l>
                    <l n="10">somnia missa sibi. </l>
                    <pb n="v.1.p.220"/>
                </div>
                
                <div type="textpart" n="3" subtype="section">
                    <head>UBI NATA SIT BISSULA ET QUOMODO IN MANUS DOMINI VENERIT</head>
                    <l n="1">BISSULA, trans gelidum stirpe et lare prosata Rhenum,</l>
                    <l n="2">conscia nascentis Bissula Danuvii,</l>
                    <l n="3">capta manu, sed missa manu dominatur in eius</l>
                    <l n="4">deliciis, cuius bellica praeda fuit.</l>
                    <l n="5">matre carens, nutricis egens, <add>quae</add> nescit herai </l>
                    <l n="6">imperium, <add>domini quae regit ipsa domum,</add>
                  <note n="1"/>
               </l>
                    <l n="7">fortunae ac patriae quae nulla obprobria sensit,</l>
                    <l n="8">illico inexperto libera servitio,</l>
                    <l n="9">sic Latiis mutata bonis, Germana maneret</l>
                    <l n="10">ut facies, oculos caerula, flava comas. </l>
                    <l n="11">ambiguam modo lingua facit, modo forma puellam:</l>
                    <l n="12">haec Rheno genitam praedicat, haec Latio.</l>
                    
                </div>
                
                <div type="textpart" n="4" subtype="section">
                    <head>DE EADEM BISSULA</head>
                    <l n="1">DELICIUM, blanditiae, ludus, amor, voluptas,</l>
                    <l n="2">barbara, sed quae Latias vineis alumna pupas,</l>
                    <l n="3">Bissula, nomen tenerae rusticulum puellae,</l>
                    <l n="4">horridulum non solitis, sed domino venustum.</l>
                    
                </div>
                
                <div type="textpart" n="5" subtype="section">
                    <head>AD PICTOREM DE BISSULAE IMAGINE</head>
                    <l n="1">BISSULA nec ceris nec fuco imitabilis ullo</l>
                    <l n="2">naturale decus fictae non commodat arti.</l>
                    <l n="3">sandyx et cerusa, alias simulate puellas:</l>
                    <l n="4">temperiem hanc vultus nescit manus, ergo age, pictor,</l>
                    <l n="5">puniceas confunde rosas et lilia misce, </l>
                    <l n="6">quique erit ex illis color aeris, ipse sit oris.</l>
                    <pb n="v.1.p.222"/>
                </div>
                
                <div type="textpart" n="6" subtype="section">
                    <head>AD PICTOREM DE BISSULA PINGENDA</head>
                    <l n="1">PINGERE si nostram, pictor, meditaris alumnam,</l>
                    <l n="2">aemula Cecropias ars imitetur apes.</l>
                    <gap reason="lost"/>
                    <pb n="v.1.p.224"/>
                </div>
            </div>
        </body>
    </text>
</TEI>
