<?xml version="1.0" encoding="UTF-8"?>
<?xml-model href="http://www.stoa.org/epidoc/schema/8.19/tei-epidoc.rng"
    schematypens="http://relaxng.org/ns/structure/1.0"?>
<?xml-model href="http://www.stoa.org/epidoc/schema/8.19/tei-epidoc.rng"
    schematypens="http://purl.oclc.org/dsdl/schematron"?>
<TEI xmlns="http://www.tei-c.org/ns/1.0">
    <teiHeader>
        <fileDesc>
            <titleStmt>
                <title>
                    <add>Libri de Fastis</add> conclusio</title>
                <author>Ausonius, Decimus Magnus</author>
                <editor>Hugh G. Evelyn-White</editor>
                <sponsor>Perseus Project, Tufts University</sponsor>
                <principal>Gregory Crane</principal>
                <respStmt>
                    <resp>Prepared under the supervision of</resp>
                    <name>Bridget Almas</name>
                    <name>Lisa Cerrato</name>
                    <name>Rashmi Singhal</name>
                </respStmt>
                <funder n="org:Mellon">The Mellon Foundation</funder>
            </titleStmt>
            <publicationStmt>
                <publisher>Trustees of Tufts University</publisher>
                <pubPlace>Medford, MA</pubPlace>
                <authority>Perseus Project</authority>
                <date type="release">2011-07-09</date>
            </publicationStmt>
            <sourceDesc>
                <biblStruct>
                    <monogr>
                        <title>Ausonius. Works.</title>
                        <title>Ausonius, Vol 1</title>
                        <author>Ausonius, Decimus Magnus</author>
                        <editor role="editor">Hugh G. Evelyn-White</editor>
                        <imprint>
                            <publisher>William Heinemann Ltd.; Harvard University Press</publisher>
                            <pubPlace>London; Cambridge, Massachusetts</pubPlace>
                            <date>1919</date>
                        </imprint>
                    </monogr>
                </biblStruct>
            </sourceDesc>
        </fileDesc>
        
        <encodingDesc>
            <refsDecl n="CTS">
                <cRefPattern n="line"
                      matchPattern="(\w+)"
                      replacementPattern="#xpath(/tei:TEI/tei:text/tei:body/tei:div/tei:div/tei:l[@n='$1'])">
                    <p>This pointer pattern extracts line</p>
                </cRefPattern>
            </refsDecl>
            <refsDecl n="TEI.2">
                <refState unit="card"/>
            </refsDecl>
        </encodingDesc>
        
        <profileDesc>
            <langUsage>
                <language ident="lat">Latin</language>
                <language ident="grc">Greek</language>
            </langUsage>
        </profileDesc>
        <revisionDesc>
            <change who="Thibault Clerice" when="2015-12-04">Renumbered last section (1-&gt;19), to have continuous numbering</change>
        <change when="2015-12-07" who="Thibault Clérice">Epidoc and CTS. URN updated accordingly</change>
   </revisionDesc>
</teiHeader>
    
    
    <text>
        <body>
            <div n="urn:cts:latinLit:stoa0045.stoa017.perseus-lat2"
              xml:lang="lat"
              type="edition">            
                <div type="textpart" n="1" subtype="section">
                    <head>AUSONIUS HESPERIO FILIO SAL (Consulari Libro subiciendi quem ego ex cunctis Consulibus unum coegi. Gregorio ex Praef. )</head>
                    <l n="1">IGNOTA aeternae ne sint tibi tempora Romae,</l>
                    <l n="2">regibus et patrum ducta sub imperiis,</l>
                    <l n="3">digessi fastos et nomina praepetis aevi,</l>
                    <l n="4">sparsa iacent Latiam si qua per historiam,</l>
                    <l n="5">sit tuus hic fructus, vigilatas accipe noctes: </l>
                    <l n="6">obsequitur studio nostra lucerna tuo.</l>
                    <l n="7">tu quoque venturos per longum censere Ianos,</l>
                    <l n="8">ut mea digessit pagina praeteritos.</l>
                    <l n="9">exemplum iam patris habes, ut protinus 3 et te</l>
                    <l n="10">adgreget Ausoniis purpura consulibus. </l>
                    <pb n="v.1.p.350"/>
                </div>
                
                <div type="textpart" n="2" subtype="section">
                    <head>SUPPUTATIO AB URBE CONDITA IN CONSULATUM</head>
                    <l n="11">NOSTRUM </l>
                    <l n="12">ANNIS undecies centum coniunge quaternos,</l>
                    <l n="13">undecies unumque super trieterida necte.</l>
                    <l n="14">haec erit aeternae series ab origine Romae.</l>
                    
                </div>
                
                <div type="textpart" n="3" subtype="section">
                    <head>IN FINE EIUSDEM LIBRI ADDITI </head>
                    <l n="15">HACTENUS adscripsi fastos, si sors volet, ultra</l>
                    <l n="16">adiciam: si non, qui legis, adicies,</l>
                    <l n="17">scire cupis, qui sim? titulum, qui quartus ab imo est,</l>
                    <l n="18">quaere: leges nomen consulis Ausonii.</l>
                    
                </div>
                
                <div type="textpart" n="4" subtype="section">
                    <head>DE EODEM</head>
                    <l n="19">urbis ab aeternae deductam rege Quirino</l>
                    <l n="20">annorum seriem cum, Procule, accipies,</l>
                    <l n="21">mille annos centumque et bis fluxisse novenos</l>
                    <l n="22">consulis Ausonii nomen ad usque leges,</l>
                    <l n="23">fors erit, ut, lustrum cum se cumulaverit istis, </l>
                    <l n="24">confectam Proculus signet Olympiadam.</l>
                    <pb n="v.1.p.352"/>
                </div>
            </div>
        </body>
    </text>
</TEI>
