<?xml version="1.0" encoding="UTF-8"?>
<?xml-model href="http://www.stoa.org/epidoc/schema/8.19/tei-epidoc.rng"
  schematypens="http://relaxng.org/ns/structure/1.0"?>
<?xml-model href="http://www.stoa.org/epidoc/schema/8.19/tei-epidoc.rng"
  schematypens="http://purl.oclc.org/dsdl/schematron"?>
<TEI xmlns="http://www.tei-c.org/ns/1.0">
   <teiHeader>
      <fileDesc>
         <titleStmt>
            <title>Quomodo Trinitas Unus Deus Ac Non Tres Dii (De Trinitate)</title>
            <author>Boethius</author>
            <editor role="editor">H.F. Stewart</editor>
            <sponsor>Perseus Project, Tufts University</sponsor>
            <principal>Gregory Crane</principal>
            <respStmt>
               <resp>Prepared under the supervision of</resp>
               <name>Bridget Almas</name>
               <name>Lisa Cerrato</name>
               <name>Rashmi Singhal</name>
            </respStmt>
            <funder n="org:Mellon">The Mellon Foundation</funder>
         </titleStmt>
         <publicationStmt>
            <publisher>Trustees of Tufts University</publisher>
            <pubPlace>Medford, MA</pubPlace>
            <authority>Perseus Project</authority>
            <date type="release">2011-09-12</date>
         </publicationStmt>
         <sourceDesc>
            <biblStruct>
               <monogr>
                  <title>Theological Tractates and the Consolation of Philosophy</title>
                  <author>Boethius</author>
                  <editor role="editor">H.F. Stewart</editor>
                  <imprint>
                     <publisher>William Heinemann Ltd.; Harvard University Press</publisher>
                     <pubPlace>London; Cambridge, Massachusetts</pubPlace>
                     <date>1918</date>
                  </imprint>
               </monogr>
            </biblStruct>
         </sourceDesc>
      </fileDesc>
      <encodingDesc>
         <refsDecl n="CTS">
            <cRefPattern n="section"
               matchPattern="(\w+)"
               replacementPattern="#xpath(/tei:TEI/tei:text/tei:body/tei:div/tei:div[@n='$1'])">
               <p>This pointer pattern extracts section</p>
            </cRefPattern>
         </refsDecl>
         <refsDecl n="TEI.2">
            <refState unit="card"/>
         </refsDecl>
      </encodingDesc>
      <profileDesc>
         <langUsage>
            <language ident="lat">Latin</language>
            <language ident="grc">Greek</language>
         </langUsage>
      </profileDesc>
   </teiHeader>
   <text>
      <body>
         <div xml:lang="lat"
            type="edition"
            n="urn:cts:latinLit:stoa0058.stoa025.perseus-lat1">
            <pb n="p.2"/>
            <head>de trinitate</head>
            <label n="opener">Anicii Manlii Severini Boethii V.C. et inl. excons. ord. patricii
               incipit liber quomodo
               trinitas unus deus ac non tres dii
               ad Q. Aurelium Memmium Symmachum V. C. et inl. excons. ord. atque patricium socerum</label>
            <div type="textpart" n="pr" subtype="section">
               <p>
                  Investigatam diutissime quaestionem, quantum nostrae mentis igniculum lux diuina dignata est, formatam rationibus litterisque mandatam offerendam uobis communicandamque curaui tam uestri cupidus iudicii
                  
                  <milestone unit="loebline" n="5"/> quam nostri studiosus inuenti. Qua in re quid mihi sit animi quotiens stilo cogitata commendo, tum ex ipsa materiae difficultate tum ex eo quod raris id est uobis tantum conloquor, intellegi potest. Neque enim famae iactatione et inanibus uulgi clamoribus
                  <pb n="p.4"/>
                  <milestone unit="loebline" n="10"/> excitamur; sed si quis est fructus exterior, hic non potest aliam nisi materiae similem sperare sententiam. Quocumque igitur a uobis deieci oculos, partim ignaua segnities partim callidus liuor occurrit, ut contumeliam uideatur diuinis tractatibus inrogare qui talibus
                  
                  <milestone unit="loebline" n="15"/> hominum monstris non agnoscenda haec potius quam proculcanda proiecerit. Idcirco stilum breuitate contrario et ex intimis sumpta philosophiae disciplinis nouorum uerborum significationibus uelo, ut haec mihi tantum uobisque, si quando ad ea conuertitis
                  
                  <milestone unit="loebline" n="20"/> oculos, conloquantur, ceteros uero ita submouimus, ut qui capere intellectu nequiuerint ad ea etiam legenda uideantur indigni. Sane 1 tantum a nobis quaeri oportet quantum humanae rationis intuitus ad diuinitatis ualet celsa conscendere. Nam ceteris quoque
                  
                  <milestone unit="loebline" n="25"/> artibus idem quasi quidam finis est constitutus, quousque potest uia rationis accedere. Neque enim medicina aegris semper affert salutem; sed nulla erit culpa medentis, si nihil eorum quae fieri oportebat omiserit. Idemque in ceteris. At quantum haec difficilior
                  
                  <milestone unit="loebline" n="30"/> quaestio est, tam facilior esse debet ad ueniam. Vobis tamen etiam illud inspiciendum est, an ex beati Augustini scriptis semina rationum aliquos in nos uenientia fructus extulerint. Ac de proposita quaestione hinc sumamus initium.</p>
            </div>
            <div type="textpart" n="1" subtype="section">
               <p>Christianae religionis reuerentiam plures usurpant, sed ea fides pollet maxime ac solitarie quae cum propter uniuersalium praecepta regularum, quibus eiusdem religionis intellegatur auctoritas, tum
                  <pb n="p.6"/>
                  <milestone unit="loebline" n="5"/> propterea, quod eius cultus per omnes paene mundi terminos emanauit, catholica, uel uniuersalis uocatur. Cuius haec de trinitatis unitate sententia est <q type="unspecified"> Pater,</q> inquiunt, <q type="unspecified">deus filius deus spiritus sanctus deus.</q> Igitur pater filius spiritus sanctus unus non tres dii.
                  
                  <milestone unit="loebline" n="10"/> Cuius coniunctionis ratio est indifferentia. Eos enim differentia comitatur qui uel augent uel minuunt, ut Arriani qui gradibus meritorum trinitatem uariantes distrahunt atque in pluralitatem diducunt. Principium enim pluralitatis alteritas est; praeter altentatem
                  
                  <milestone unit="loebline" n="15"/> enim nec pluralitas quid sit intellegi potest. Trium namque rerum uel quotlibet tum genere tum specie tum numero diuersitas constat; quotiens enim idem dicitur, totiens diuersum etiam praedicatum Idem uero dicitur tribus modis: aut genere ut idem homo
                  
                  <milestone unit="loebline" n="20"/> quod equus, quia his idem genus ut animal; uel specie ut idem Cato quod Cicero, quia, eadem species ut homo; uel numero ut Tullius et Cicero, quia unus est numero. Quare diuersum etiam uel genere uel specie uel numero dicitur. Sed numero differentiam
                  
                  <milestone unit="loebline" n="25"/> accidentium uarietas facit. Nam tres homines neque genere neque specie sed suis acci de litibus distant; nam uel si animo cuncta ab bis accidentia separemus, tamen locus cunctis diuersus est quem unum fingere nullo modo possumus; duo enim corpora unum locum
                  
                  <milestone unit="loebline" n="30"/> non obtinebunt, qui est accidens. Atque ideo sunt numero plures, quoniam accidentibus plures fiunt.</p>
            </div>
            <pb n="p.8"/>
            <div type="textpart" n="2" subtype="section">
               <p>
                  Age igitur ingrediamur et unumquodque ut intellegi atque capi potest dispiciamus, nam, sicut optime dictum uidetur, eruditi est hominis unum quodque ut ipsum est ita de eo fidem capere temptare.
                  
                  <milestone unit="loebline" n="5"/> Nam cum tres sint speculatiuae partes, naturalis, in motu inabstracta <foreign xml:lang="grc">ἀνυπεχαίρετο</foreign>  (considerat enim corporum formas cum materia, quae a corporibus actu separari non possunt, quae corpora in motu sunt ut cum terra deorsum ignis sursum fertur,
                  
                  <milestone unit="loebline" n="10"/> habetque motum forma materiae coniuncta), mathematica, sine motu inabstracta (haec enim formas corporum speculatur sine materia ac per hoc sine motu, quae formae cum in materia sint, ab his separari non possunt), theologica, sine motu abstracta
                  
                  <milestone unit="loebline" n="15"/> atque separabilis (nam dei substantia et materia et motu caret), in naturalibus igitur rationabiliter, in mathematicis disciplinaliter, in diuinis intellectualiter uersari oportebit neque diduci ad imaginationes, sed potius ipsam inspicere formam quae uere forma
                  
                  <milestone unit="loebline" n="20"/> neque imago est et quae esse ipsum est et ex qua esse est. Omne namque esse ex forma est. Statua enim non secundum aes quod est materia, sed secundum formam qua in eo insignita est effigies
                  <pb n="p.10"/>
                  animalis dicitur, ipsumque aes non secundum terram
                  
                  <milestone unit="loebline" n="25"/> quod est eius materia, sed dicitur secundum aeris figuram. Terra quoque ipsa non secundum <foreign xml:lang="grc">ἄποιον ὕλην</foreign> dicitur, sed secundum siccitatem grauitatemque quae sunt formae. Nihil igitur secundum materiam esse dicitur sed secundum propriam formam. Sed diuina
                  
                  <milestone unit="loebline" n="30"/> substantia sine materia forma est atque ideo unum et est id quod est. Reliqua enim non sunt id quod sunt. Vnum quodque enim habet esse suum ex his ex quibus est, id est ex partibus suis, et est hoc atque hoc, id est partes suae coniunctae, sed non hoc uel hoc singulariter,
                  
                  <milestone unit="loebline" n="35"/> ut cum homo terrenus constet ex anima corporeque, corpus et anima est, non uel corpus uel anima in partem; igitur non est id quod est. Quod uero non est ex hoc atque hoc, sed tantum est hoc, illud uere est id quod est; et est pulcherrimum fortissimumque
                  
                  <milestone unit="loebline" n="40"/> quia nullo nititur. Quocirca hoc uere unum in quo nullus numerus, nullum in eo aliud praeterquam id quod est. Neque enim subiectum fieri potest; forma enim est, formae uero subiectae esse non possunt. Nam quod ceterae formae subiectae accidentibus sunt
                  
                  <milestone unit="loebline" n="45"/> ut humanitas, non ita accidentia suscipit eo quod ipsa est, sed eo quod materia ei subiecta est; dum enim materia subiecta humanitati suscipit quodlibet acci-
                  <pb n="p.12"/>
                  dens, ipsa, hoc suscipere uidetur humanitas. Forma uero quae est sine materia non poterit esse subiectum
                  
                  <milestone unit="loebline" n="50"/> nec uero inesse materiae, neque enim esset forma sed imago. Ex his enim formis quae praeter materiam sunt, istae formae uenerunt quae sunt in materia et corpus efficiunt. Nam ceteras quae in corporibus sunt abutimur formas uocantes, dum imagines sint.
                  
                  <milestone unit="loebline" n="55"/> Adsimulantur enim formis his quae non sunt in materia constitutae. Nulla igitur in eo diuersitas, nulla ex diuersitate pluralitas, nulla ex accidentibus multitudo atque idcirco nec numerus.</p>
            </div>
            <div type="textpart" n="3" subtype="section">
               <p>
                  Deus uero a deo nullo differt, ne uel accidentibus uel substantialibus differentiis in subiecto positis distent. Vbi uero nulla est differentia, nulla est omnino pluralitas, quare nec numerus; igitur unitas tantum.
                  
                  <milestone unit="loebline" n="5"/> Nam quod tertio repetitur deus, cum pater ac filius et spiritus sanctus nuncupatur, tres unitates non faciunt pluralitatem numeri in eo quod ipsae sunt, si aduertamus ad res numerabiles ac non ad ipsum numerum. Illic enim unitatum repetitio numerum
                  
                  <milestone unit="loebline" n="10"/> facit. In eo autem numero qui in rebus numerabilibus constat, repetitio unitatum atque pluralitas minime facit numerabilium rerum numerosam diuersitatem. Numerus enim duplex est, unus quidem quo numera-mus, alter uero qui in rebus numerabilibus constat.
                  
                  <milestone unit="loebline" n="15"/> Etenim unum res est; unitas, quo unum dicimus.
                  <pb n="p.14"/>
                  Duo rursus in rebus sunt ut Homines uel lapides; dualitas nihil, sed tantum dualitas qua duo homines uel duo lapides fiunt. Et in ceteris eodem modo. Ergo in numero quo numeramus repetitio unitatum
                  
                  <milestone unit="loebline" n="20"/> facit pluralitatem; in rerum uero numero non facit pluralitatem unitatum repetitio, uel si de eodem dicam <q type="unspecified"> gladius unus mucro unus ensis unus.</q>
                  Potest enim unus tot uocabulis gladius agnosci; haec enim unitatum iteratio potius est non numeratio,
                  
                  <milestone unit="loebline" n="25"/> uelut si ita dicamus <q type="unspecified">ensis mucro gladius,</q> repetitio quaedam est eiusdem non numeratio diuersorum, uelut si dicam <q type="unspecified">sol sol sol,</q> non tres soles effecerim, sed de uno totiens praedicauerim.
                  Non igitur si de patre ac filio et spiritu sancto
                  
                  <milestone unit="loebline" n="30"/> tertio praedicatur deus, idcirco trina praedicatio numerum facit. Hoc enim illis ut dictum est imminet qui inter eos distantiam faciunt meritorum. Catholicis uero nihil in differentia constituentibus ipsamque formam ut est esse ponentibus neque aliud
                  
                  <milestone unit="loebline" n="35"/> esse quam est ipsum quod est opinantibus recte repetitio de eodem quam enumeratio diuersi uidetur esse cum dicitur <q type="unspecified"> deus pater deus filius deus spiritus sanctus atque haec trinitas unus deus,</q> uelut <q type="unspecified"> ensis atque mucro unus gladius,</q> uelut <q type="unspecified">sol sol sol
                     
                     <milestone unit="loebline" n="40"/> unus sol.</q>
                  Sed hoc interim ad eam dictum sit significationem demonstrationemque qua ostenditur non omnem unitatum repetitionem numerum pluralitatemque perficere. Non uero ita dicitur <q type="unspecified"> pater ac filius et spiritus
                     
                     <milestone unit="loebline" n="45"/> sanctus</q> quasi multiuocum quiddam; nam mucro et
                  <pb n="p.16"/>
                  ensis et ipse est et idem, pater uero ac filius et spiritus sanctus idem equidem est, non uero ipse. In qua re paulisper considerandum est. Requirentibus enim: Ipse est pater qui filius? .Minime, inquiunt.,
                  
                  <milestone unit="loebline" n="50"/> Rursus: <q type="unspecified"> Idem alter qui alter?</q> Negatur. Non est igitur inter eos in re omni indifferentia; quare subintrat numerus quem ex subiectorum diuersitate confici superius explanatum est. De qua re breuiter considerabimus, si prius illud, quem ad modum de 
                  
                  <milestone unit="loebline" n="55"/> deo unum quodque praedicatur, praemiserimus.</p>
            </div>
            <div type="textpart" n="4" subtype="section">
               <p>
                  Decem omnino praedicamenta traduntur quae de rebus omnibus uniuersaliter praedicantur, id est substantia, qualitas, quantitas, ad aliquid, ubi, quando, habere, situm esse, facere, pati. Haec igitur talia
                  
                  <milestone unit="loebline" n="5"/> sunt qualia subiecta permiserint; nam pars eorum in reliquarum rerum praedicatione substantia est, pars in accidentium numero est. At haec cum quis in diuinam uerterit praedicationem, cuncta mutantur quae praedicari possunt. Ad aliquid uero omnino
                  
                  <milestone unit="loebline" n="10"/> non potest praedicari, nam substantia in illo non est uere substantia sed ultra substantiam; item qualitas et cetera quae uenire queunt. Quorum ut amplior fiat intellectus exempla subdenda sunt.
                  Nam cum dicimus <q type="unspecified">deus,</q> substantiam quidem
                  
                  <milestone unit="loebline" n="15"/> significare uidemur, sed eam quae sit ultra substantiam; cum uero <q type="unspecified">iustus,</q> qualitatem quidem sed non accidentem, sed eam quae sit substantia sed
                  <pb n="p.18"/>
                  ultra substantiam. Neque enim aliud est quod est, aliud est quod iustus est, sed idem est esse deo quod
                  
                  <milestone unit="loebline" n="20"/> iusto. Item cum dicitur <q type="unspecified">magnus uel maximus,</q> quantitatem quidem significare uidemur, sed eam quae sit ipsa substantia, talis qualem esse diximus ultra substantiam; idem est enim esse deo quod magno. De forma enim eius superius monstratum
                  
                  <milestone unit="loebline" n="25"/> est quoniam is sit forma et unum uere nec ulla pluralitas. Sed haec praedicamenta talia sunt, ut in quo sint ipsum esse faciant quod dicitur, diuise quidem in ceteris, in deo uero coniuncte atque copulate hoc modo: nam cum dicimus <q type="unspecified">substantia</q> (ut homo uel deus), 
                  <milestone unit="loebline" n="30"/> ita dicitur quasi illud de quo praedicatur ipsum sit substantia,, ut substantia homo uel deus. Sed distat, quoniam homo non integre ipsum homo est ac per hoc nec substantia; quod enim est, aliis debet quae non sunt homo. Deus uero hoc ipsum deus est;
                  
                  <milestone unit="loebline" n="35"/> nihil enim aliud est nisi quod est, ac per hoc ipsum deus est. Rursus <q type="unspecified">iustus,</q> quod est qualitas, ita dicitur quasi ipse hoc sit de quo praedicatur, id est si dicamus <q type="unspecified">homo iustus uel deus iustus,</q> ipsum hominem uel deum iustos esse proponimus; sed
                  
                  <milestone unit="loebline" n="40"/> differt, quod homo alter alter iustus, deus uero idem ipsum est quod est iustum. <q type="unspecified">Magnus</q> etiam homo uel deus dicitur atque ita quasi ipse sit homo magnus uel deus magnus; sed homo tantum magnus, deus uero ipsum magnus exsistit. Reliqua uero neque de
                  
                  <milestone unit="loebline" n="45"/> deo neque de ceteris praedicantur. Nam ubi uel de
                  <pb n="p.20"/>
                  homine uel de deo praedicari potest, de homine ut in foro, de deo ut ubique, sed ita ut non quasi ipsa sit res id quod praedicatur de qua dicitur. Non enim ita homo dicitur esse in foro quem ad modum
                  
                  <milestone unit="loebline" n="50"/> esse albus uel longus nec quasi circumfusus et determinatus proprietate aliqua qua designari secundum se possit, sed tantum quo sit illud aliis informatum rebus per hanc praedicationem ostenditur.
                  De deo uero non ita, nam quod ubique est ita dici
                  
                  <milestone unit="loebline" n="55"/> uidetur non quod in omni sit loco (omnino enim in loco esse non potest) sed quod omnis ei locus adsit ad eum capiendum, cum ipse non suscipiatur in loco; atque ideo nusquam in loco esse dicitur, quoniam ubique est sed non in loco. <q type="unspecified">Quando</q> uero eodem
                  
                  <milestone unit="loebline" n="60"/> praedicatur modo, ut de homine heri uenit, de deo semper est. Hic quoque non quasi esse aliquid dicitur illud ipsum de quo hesternus dicitur aduentus, sed quid ei secundum tempus accesserit praedicatur. Quod uero de deo dicitur <q type="unspecified">semper est,</q> unum
                  
                  <milestone unit="loebline" n="65"/> quidem significat, quasi omni praeterito fuerit, omni quoquo modo sit praesenti est, omni futuro erit. Quod de caelo et de ceteris inmortalibus corporibus secundum philosophos dici potest, at de deo non ita. Semper enim est, quoniam <q type="unspecified">semper</q> praesentis est in
                  
                  <milestone unit="loebline" n="70"/> eo temporis tantumque inter nostrarum rerum praesens, quod est nunc, interest ac diuinarum, quod nostrum <q type="unspecified">nunc</q> quasi currens tempus facit et sempiternitatem, diuinum uero nunc permanens neque mouens sese atque consistens aeternitatem facit; cui
                  
                  <milestone unit="loebline" n="75"/> nomini si adicias <q type="unspecified">semper,</q> facies eius quod est nunc
                  <pb n="p.22"/>
                  iugem indefessumque ac per hoc perpetuum cursum quod est sempiternitas.
                  Rursus habere uel facere eodem modo; dicimus enim <q type="unspecified">uestitus currit</q> de homine, de deo <q type="unspecified">cuncta
                     
                     <milestone unit="loebline" n="80"/> possidens regit.</q> Rursus de eo nihil quod est esse de utrisque dictum est, sed haec omnis praedicatio exterioribus datur omniaque haec quodam modo referuntur ad aliud. Cuius praedicationis differentiam sic facilius internoscimus: qui homo est uel
                  
                  <milestone unit="loebline" n="85"/> deus refertur ad substantiam qua est aliquid, id est homo uel deus; qui iustus est refertur ad qualitatem qua scilicet est aliquid, id est iustus, qui magnus ad quantitatem qua est aliquid, id est magnus. Nam in ceteris praedicationibus nihil tale est. Qui enim
                  
                  <milestone unit="loebline" n="90"/> dicit esse aliquem in foro uel ubique, refert quidem ad praedicamentum quod est ubi, sed non quo aliquid est uelut iustitia iustus. Item cum dico <q type="unspecified">currit</q> uel <q type="unspecified">regit</q> uel <q type="unspecified">nunc est</q> uel <q type="unspecified">semper est,</q> refertur quidem uel ad facere uel ad tempus—si tamen
                  
                  <milestone unit="loebline" n="95"/> interim diuinum illud semper tempus dici potest—sed non quo aliquo aliquid est uelut magnitudine magnum, Nam situm passionemque requiri in deo non oportet, neque enim sunt.
                  Iamne patet quae sit differentia praedicationum?
                  
                  <milestone unit="loebline" n="100"/> Quod aliae quidem quasi rem monstrant aliae uero quasi circumstantias rei quodque illa quidem 1 ita praedicantur, ut esse aliquid rem ostendant, illa uero ut
                  <pb n="p.24"/>
                  non esse, sed potius extrinsecus aliquid quodam modo affigant. Illa igitur, quae aliquid esse designant,
                  
                  <milestone unit="loebline" n="105"/> secundum rem praedicationes uocentur. Quae cum de rebus subiectis dicuntur, uocantur accidentia secundum rem; cum uero de deo qui subiectus non est, secundum substantiam rei praedicatio nuncupatur.</p>
            </div>
            <div type="textpart" n="5" subtype="section">
               <p>
                  Age nunc de relatiuis speculemur pro quibus omne quod dictum est sumpsimus ad disputationem; maxime enim haec non uidentur secundum se facere praedicationem quae perspicue ex alieno aduentu
                  
                  <milestone unit="loebline" n="5"/> constare perspiciuntur. Age enim, quoniam dominus ac seruus relatiua sunt, uideamus utrumne ita sit ut secundum se sit praedicatio an minime. Atqui si auferas seruum, abstuleris et dominum j at non etiam si auferas albedinem, abstuleris quoque album, sed
                  
                  <milestone unit="loebline" n="10"/> interest, quod albedo accidit albo, qua sublata perit nimirum album. At in domino, si seruum auferas, perit uocabulum quo dominus uocabatur; sed non accidit seruus domino ut albedo albo, sed potestas quaedam qua seruus coercetur. Quae quoniam sublato
                  
                  <milestone unit="loebline" n="15"/> deperit seruo, constat non eam per se domino accidere sed per seruorum quodam modo extrinsecus accessum.
                  Non igitur dici potest praedicationem relatiuam quidquam rei de qua dicitur secundum se uel addere uel minuere uel mutare. Quae tota non in eo quod
                  <pb n="p.26"/>
                  <milestone unit="loebline" n="20"/> est esse consistit, sed in eo quod est in comparatione aliquo modo se habere, nec semper ad aliud sed aliquotiens ad idem. Age enim stet quisquam. Ei igitur si accedam dexter, erit ille sinister ad me comparatus, non quod ille ipse sinister sit, sed quod
                  
                  <milestone unit="loebline" n="25"/> ego dexter accesserim. Rursus ego sinister accedo, item ille fit dexter, non quod ita sit per se dexter uelut albus ac longus, sed quod me accedente fit dexter atque id quod est a me et ex me est minime uero ex sese.
                  
                  <milestone unit="loebline" n="30"/> Quare quae secundum rei alicuius in eo quod ipsa est proprietatem non faciunt praedicationem, nihil alternare uel mutare queunt nullamque omnino uariare essentiam. Quocirca si pater ac filius ad aliquid dicuntur nihilque aliud ut dictum est differunt
                  
                  <milestone unit="loebline" n="35"/> nisi sola relatione, relatio uero non praedicatur ad id de quo praedicatur quasi ipsa sit et secundum rem de qua dicitur, non faciet alteritatem rerum de qua dicitur, sed, si dici potest, quo quidem modo id quod uix intellegi potuit interpretatum est, personarum.
                  
                  <milestone unit="loebline" n="40"/> Omnino enim magna regulae est ueritas in rebus incorporalibus distantias effici differentiis non locis. Neque accessisse diei potest aliquid deo, ut pater fieret; non enim coepit esse umquam pater eo quod substantialis quidem ei est productio filii,
                  
                  <milestone unit="loebline" n="45"/> relatiua uero praedicatio patris. Ac si meminimus omnium in prioribus de deo sententiarum, ita cogitemus processisse quidem ex deo patre filium deum et ex utrisque spiritum sanctum; hos, quoniam in-
                  <pb n="p.28"/>
                  corporales sint, minime Iocis distare. Quoniam uero
                  
                  <milestone unit="loebline" n="50"/> pater deus et filius deus et spiritus sanctus deus, deus
                  uero nullas habet differentias quibus differat ab deo,
                  a nullo eorum differt. Differentiae uero ubi absunt,
                  abest pluralitas; ubi abest pluralitas, adest unitas.
                  Nihil autem aliud gigni potuit ex deo nisi deus; et
                  
                  <milestone unit="loebline" n="55"/> in rebus numerabilibus repetitio unitatum non facit
                  modis omnibus pluralitatem. Trium igitur idonee
                  constituta est unitas.</p>
            </div>
            <div type="textpart" n="6" subtype="section">
               <p>
                  Sed quoniam nulla relatio ad se ipsum referri potest, idcirco quod ea secundum se ipsum est praedicatio quae relatione caret, facta quidem est trinitatis numerositas in eo quod est praedicatio relationis,
                  
                  <milestone unit="loebline" n="5"/> seruata uero unitas in eo quod est indifferentia uel substantiae uel operationis uel omnino eius quae secundum se dicitur praedicationis. Ita igitur substantia continet unitatem, relatio multiplicat trinitatem; atque ideo sola singillatim proferuntur atque
                  
                  <milestone unit="loebline" n="10"/> separatim quae relationis sunt. Nam idem pater qui filius non est nec idem uterque qui spiritus sanctus. Idem tamen deus est pater et filius et spiritus sanctus, idem iustus idem bonus idem magnus idem omnia quae secundum se poterunt praedicari. Sane sciendum
                  
                  <milestone unit="loebline" n="15"/> est non semper talem esse relatiuam praedicationem, ut semper ad differens praedicetur, ut est seruus ad dominum; differunt enim. Nam omne aequale aequali aequale est et simile simili simile est et idem ei quod est idem idem est; et similis
                  
                  <milestone unit="loebline" n="20"/> est relatio in trinitate patris ad filium et utriusque ad spiritum sanctum ut eius quod est idem ad id
                  <pb n="p.30"/>
                  quod est idem. Quod si id in cunctis aliis rebus non potest inueniri, facit hoc cognata caducis rebus alteritas, Nos uero nulla imaginatione diduci sed
                  
                  <milestone unit="loebline" n="25"/> simplici intellectu erigi et ut quidque intellegi potest ita aggredi etiam intellectu oportet.
                  Sed de proposita quaestione satis dictum est. Nunc uestri normam iudicii exspectat subtilitas quaestionis; quae utrum recte decursa sit an minime,
                  
                  <milestone unit="loebline" n="30"/> uestrae statuet pronuntiationis auctoritas. Quod si sententiae fidei fundamentis sponte firmissimae opitulante gratia diuina idonea argumentorum adiumenta praestitimus, illuc perfecti operis laetitia remeabit unde uenit effectus. Quod si ultra se humanitas
                  
                  <milestone unit="loebline" n="35"/> nequiuit ascendere, quantum inbecillitas subtrahit uota supplebunt.</p>
            </div>
         </div>
      </body>
   </text>
</TEI>
