<?xml-model href="http://www.stoa.org/epidoc/schema/8.22/tei-epidoc.rng"
  schematypens="http://relaxng.org/ns/structure/1.0"?><?xml-model href="http://www.stoa.org/epidoc/schema/8.22/tei-epidoc.rng"
  schematypens="http://purl.oclc.org/dsdl/schematron"?><TEI xmlns="http://www.tei-c.org/ns/1.0">
  <teiHeader>
    <fileDesc>
      <titleStmt>
        <title>Divus Titus from De Vita Caesarum</title>
        <title type="sub">Machine readable text</title>
        <author>C. Suetonius Tranquillus</author>
        <editor role="editor">Maximilian Ihm</editor>
        <sponsor>Perseus Project, Tufts University</sponsor>
        <principal>Gregory Crane</principal>
        <respStmt>
          <resp>Prepared under the supervision of</resp>
          <name>Bridget Almas</name>
          <name>Lisa Cerrato</name>
          <name>William Merrill</name>
          <name>David Smith</name>
        </respStmt>
        <funder n="org:FIPSE">Fund for the Improvement of Postsecondary Education</funder> 
      </titleStmt>
      <publicationStmt>
        <publisher>Trustees of Tufts University</publisher>
        <pubPlace>Medford, MA</pubPlace>
        <authority>Perseus Project</authority>
        <date type="release">2000-08-01</date>
      </publicationStmt>
      

      <sourceDesc>
        <bibl><idno type="ISBN">3519018276</idno></bibl>
      </sourceDesc>
    </fileDesc>

    <encodingDesc><refsDecl n="CTS"><cRefPattern n="chapter" matchPattern="(\w+)" replacementPattern="#xpath(/tei:TEI/tei:text/tei:body/tei:div/tei:div[@n='$1'])"><p>This pointer pattern extracts chapter</p></cRefPattern></refsDecl><refsDecl>
        <refState delim=" " unit="life"/>
        <refState delim="." unit="chapter"/>
        <refState unit="section"/>
      </refsDecl>
      
    </encodingDesc>

    <profileDesc>
      <langUsage>
        <language ident="lat">Latin</language>
        <language ident="grc">Greek</language>
      </langUsage>
    </profileDesc>

    <revisionDesc>
<change when="2016-11-18" who="Thibault Clérice">Capitains, CTS and Bump</change>
      <change when="2014-10-01" who="Stella Dee">edited markup</change>
      <change when="2014-07-01" who="Stella Dee">split speeches and converted to unicode</change>
<change who="balmas01" when="2013-09-13">reverting texts back to pre_cts_reorg tagged version</change>
<change who="gcrane" when="2011-01-17">start file</change>
<change who="rsingh04" when="2009-12-08">moved more xml files around based on copyright status</change>
<change who="packel" when="2005-07-25">Converted to XML</change>
<change who="amahoney" when="2004-07-19">mark spaced type as quotes in Nero, more abbreviations</change>
<change who="amahoney" when="2004-07-16">be consistent about abbreviation for Caius</change>
<change who="amahoney" when="2004-04-22">for readability, remove editorial brackets within words</change>
<change who="dbrooks" when="2004-04-03">Trying to fix the "book 1" error in ToC</change>
<change who="amahoney" when="2004-04-02">turn books into milestones so they needn't show up in the short toc</change>
<change who="yorkc" when="2003-07-01">Updated texts to TEI P4 and Perseus P4 extensions; minor cleanup (esp. character encodings and typos.)</change>
<change who="amahoney" when="2000-03-07">fix section breaks, especially those in mid-word!</change>
<change who="amahoney" when="2000-03-06">remove header so books show up in short toc (probably won't getthe actual lives)</change>

<change who="dasmith" when="2000-03-04">Added separate funder entity to TEI header.</change>
<change who="amahoney" when="2000-02-25">mark up a few features as examples of what can be done</change>
<change who="amahoney" when="2000-02-22">fix refsdecl and divs for citation scheme, add n to "life" forabbreviation lookup</change>

<change who="dasmith" when="2000-01-28">Sorry to have led the IDNO astray.</change>
<change who="amahoney" when="1999-11-01">remove consecutive paragraph breaks at start of chapter</change>
<change who="amahoney" when="1999-10-29">Add to repository;  SGML syntax minimally correct.</change>
 </revisionDesc>
  </teiHeader>
  <text xml:lang="">
    <body><div xml:lang="lat" type="edition" n="urn:cts:latinLit:phi1348.abo021.perseus-lat2">
      <div type="textpart" n="1" subtype="chapter">
        <milestone n="1" unit="section"/>
        <p>Titus, cognomine paterno, amor ac deliciae generis humani—tantum illi ad promerendam
          omnium uoluntatem uel ingenii uel artis uel fortunae superfuit, et, quod difficillimum
          est, in imperio, quando priuatus atque etiam sub patre principe ne odio quidem, nedum
          uituperatione publica caruit—natus est III. Kal. Ian. insigni anno Gaiana nece, prope
          Septizonium sordidis aedibus, cubiculo uero perparuo et obscuro, nam manet adhuc et
          ostenditur;</p>
      </div>
      <div type="textpart" n="2" subtype="chapter">
        <milestone n="1" unit="section"/>
        <p>educatus in aula cum Britannico simul ac paribus disciplinis et apud eosdem magistros
          institutus. quo quidem tempore aiunt metoposcopum a Narcisso Claudi liberto adhibitum, ut
          Britannicum inspiceret, constantissime affirmasse illum quidem nullo modo, ceterum Titum,
          qui tunc prope astabat, utique imperaturum. erant autem adeo familiares, ut de potione,
          qua Britannicus hausta periit, Titus quoque iuxta cubans gustasse credatur grauique morbo
          adflictatus diu. quorum omnium mox memor statuam ei auream in Palatio posuit et alteram ex
          ebore equestrem, quae circensi pompa hodieque praefertur, dedicauit prosecutusque est.</p>
      </div>
      <div type="textpart" n="3" subtype="chapter">
        <milestone n="1" unit="section"/>
        <p>in puero statim corporis animique dotes explenduerunt, magisque ac magis deinceps per
          aetatis gradus: forma egregia et cui non minus auctoritatis inesset quam gratiae,
          praecipuum robur, quanquam neque procera statura et uentre paulo proiectiore;
            memoria<del>e</del> singularis, docilitas ad omnis fere tum belli tum pacis artes.
            <milestone n="2" unit="section"/> armorum et equitandi peritissimus, Latine Graeceque
          uel in orando uel in fingendis poematibus promptus et facilis ad extemporalitatem usque;
          sed ne musicae quidem rudis, ut qui cantaret et psalleret iucunde scienterque. e pluribus
          comperi, notis quoque excipere uelocissime solitum, cum amanuensibus suis per ludum
          iocumque certantem, imitarique chirographa quaecumque uidisset, ac saepe profiteri maximum
          falsarium esse potuisse.</p>
      </div>
      <div type="textpart" n="4" subtype="chapter">
        <milestone n="1" unit="section"/>
        <p>Tribunus militum et in Germania et in Britannia meruit summa<del>e</del> industriae nec
          minore modestiae<del>t</del> fama, sicut apparet statuarum et imaginum eius multitudine ac
          titulis per utramque prouinciam. <milestone n="2" unit="section"/></p>
        <p>Post stipendia foro operam dedit honestam magis quam assiduam, eodemque tempore Arrecinam
          Tertullam, patre eq. R. sed praefecto quondam praetorianarum cohortium, duxit uxorem et in
          defunctae locum Marciam Furnillam splendidi generis; cum qua sublata filia diuortium
          fecit. <milestone n="3" unit="section"/></p>
        <p>Ex quaesturae deinde honore legioni praepositus Tarichaeas et Gamalam urbes Iudaeae
          ualidissimas in potestatem redegit, equo quadam acie sub feminibus amisso alteroque
          inscenso, cuius rector circa se dimicans occubuerat.</p>
      </div>
      <div type="textpart" n="5" subtype="chapter">
        <milestone n="1" unit="section"/>
        <p>Galba mox tenente rem p. missus ad gratulandum, quaqua iret conuertit homines, quasi
          adoptionis gratia arcesseretur. sed ubi turbari rursus cuncta sensit, redit ex itinere,
          aditoque Paphiae Veneris oraculo, dum de nauigatione consulit, etiam de imperii spe
          confirmatus est. <milestone n="2" unit="section"/> cuius breui compos et ad perdomandam
          Iudaeam relictus, nouissima Hierosolymorum oppugnatione duodecim propugnatores totidem
          sagittarum confecit ictibus, cepitque ea natali filiae suae tanto militum gaudio ac
          fauore, ut in gratulatione imperatorem eum consalutauerint et subinde decedentem prouincia
          detinuerint, suppliciter nec non et minaciter efflagitantes, aut remaneret aut secum omnis
          pariter abduceret. <milestone n="3" unit="section"/> unde nata suspicio est, quasi
          desciscere a patre Orientisque sibi regnum uindicare temptasset; quam suspicionem auxit,
          postquam Alexandriam petens in consecrando apud Memphim boue Apide diadema gestauit, de
          more quidem rituque priscae religionis; sed non deerant qui sequius interpretarentur.
          quare festinans in Italiam, cum Regium, dein Puteolos oneraria naue appulisset, Romam inde
          contendit expeditissimus inopinantique patri, uelut arguens rumorum de se temeritatem:
          'ueni,' inquit, 'pater, ueni.'</p>
      </div>
      <div type="textpart" n="6" subtype="chapter">
        <milestone n="1" unit="section"/>
        <p>neque ex eo destitit participem atque etiam tutorem imperii agere.</p>
        <p>Triumphauit cum patre censuramque gessit una, eidem collega et in tribunicia potestate et
          in septem consulatibus fuit; receptaque ad se prope omnium officiorum cura, cum patris
          nomine et epistulas ipse dictaret et edicta conscriberet orationesque in senatu recitaret
          etiam quaestoris uice, praefecturam quoque praetori suscepit numquam ad id tempus nisi ab
          eq. R. administratam, egitque aliquanto inciuilius et uiolentius, siquidem suspectissimum
          quemque sibi summissis qui per theatra et castra quasi consensu ad poenam deposcerent,
          haud cunctanter oppressit. <milestone n="2" unit="section"/> in his Aulum Caecinam
          consularem uocatum ad cenam ac uixdum triclinio egressum confodi iussit, sane urgente
          discrimine, cum etiam chirographum eius praeparatae apud milites contionis deprehendisset.
          quibus rebus sicut in posterum securitati satis cauit, ita ad praesens plurimum contraxit
          inuidiae, ut non temere quis tam aduerso rumore magisque inuitis omnibus transierit ad
          principatum.</p>
      </div>
      <div type="textpart" n="7" subtype="chapter">
        <milestone n="1" unit="section"/>
        <p>Praeter saeuitiam suspecta in eo etiam luxuria erat, quod ad mediam noctem comisationes
          cum profusissimo quoque familiarium extenderet; nec minus libido propter exoletorum et
          spadonum greges propterque insignem reginae Berenices amorem, cui etiam nuptias pollicitus
          ferebatur; suspecta rapacitas, quod constabat in cognitionibus patris nundinari
          praemiarique solitum; denique propalam alium Neronem et opinabantur et praedicabant. at
          illi ea fama pro bono cessit conuersaque est in maximas laudes neque uitio ullo reperto et
          contra uirtutibus summis. <milestone n="2" unit="section"/></p>
        <p>Conuiuia instituit iucunda magis quam profusa. amicos elegit, quibus etiam post eum
          principes ut et sibi et rei p. necessariis adquieuerunt praecipueque sunt usi. Berenicen
          statim ab urbe dimisit inuitus inuitam. quosdam e gratissimis delicatorum quanquam tam
          artifices saltationis, ut mox scaenam tenuerint, non modo fouere prolixius, sed spectare
          omnino in publico coetu supersedit. <milestone n="3" unit="section"/></p>
        <p>Nulli ciuium quicquam ademit; abstinuit alieno, ut si quis umquam; ac ne concessas quidem
          ac solitas conlationes recepit. et tamen nemine ante se munificentia minor, amphitheatro
          dedicato thermisque iuxta cele<del>b</del>riter extructis munus edidit apparatissimum
          largissimumque; dedit et nauale proelium in ueteri naumachia, ibidem et gladiatores atque
          uno die quinque milia omne genus ferarum.</p>
      </div>
      <div type="textpart" n="8" subtype="chapter">
        <milestone n="1" unit="section"/>
        <p>Natura autem beniuolentissimus, cum ex instituto Tiberi omnes dehinc Caesares beneficia a
          superioribus concessa principibus aliter <add>rata</add> non haberent, quam si eadem isdem
          et ipsi dedissent, primus praeterita omnia uno confirmauit edicto nec a se peti passus
          est. in ceteris uero desideriis hominum obstinatissime tenuit, ne quem sine spe
          dimitteret; quin et admonentibus domesticis, quasi plura polliceretur quam praestare
          posset, non oportere ait quemquam a sermone principis tristem discedere; atque etiam
          recordatus quondam super cenam, quod nihil cuiquam toto die praestitisset, memorabilem
          illam meritoque laudatam uocem edidit: 'amici, diem perdidi.' <milestone n="2" unit="section"/></p>
        <p>Populum in primis uniuersum tanta per omnis occasiones comitate tractauit, ut proposito
          gladiatorio munere, non ad suum, sed ad spectantium arbitrium editurum se professus sit;
          et plane ita fecit. nam neque negauit quicquam petentibus et ut quae uellent peterent
          ultro adhortatus est. quin et studium armaturae Thraecum prae se ferens saepe cum populo
          et uoce et gestu ut fautor cauillatus est, uerum maiestate salua nec minus aequitate. ne
          quid popularitatis praetermitteret, nonnumquam in thermis suis admissa plebe lauit.
            <milestone n="3" unit="section"/></p>
        <p>Quaedam sub eo fortuita ac tristia acciderunt, ut conflagratio Vesuuii montis in
          Campania, et incendium Romae per triduum totidemque noctes, item pestilentia quanta non
          temere alias. in iis tot aduersis ac talibus non modo principis sollicitudinem sed et
          parentis affectum unicum praestitit, nunc consolando per edicta, nunc opitulando quatenus
          suppeteret facultas. <milestone n="4" unit="section"/> curatores restituendae Campaniae e
          consularium numero sorte duxit; bona oppressorum in Vesuuio, quorum heredes non extabant,
          restitutioni afflictarum ciuitatium attribuit. urbis incendio nihil publice nisi perisse
          testatus, cuncta praetoriorum suorum ornamenta operibus ac templis destinauit
          praeposuitque compluris ex equestri ordine, quo quaeque maturius peragerentur. medendae
          ualitudini leniendisque morbis nullam diuinam humanamque opem non adhibuit inquisito omni
          sacrificiorum remediorumque genere. <milestone n="5" unit="section"/></p>
        <p>Inter aduersa temporum et delatores amendatoresque erant ex licentia ueteri. hos assidue
          in foro flagellis ac fustibus caesos ac nouissime traductos per amphitheatri harenam
          partim subici ac uenire imperauit, partim in asperrimas insularum auehi. utque etiam
          similia quandoque ausuros perpetuo coerceret, uetuit inter cetera de eadem re pluribus
          legibus agi quaeriue de cuiusquam defunctorum statu ultra certos annos.</p>
      </div>
      <div type="textpart" n="9" subtype="chapter">
        <milestone n="1" unit="section"/>
        <p>Pontificatum maximum ideo se professus accipere ut puras seruaret manus, fidem
          praestitit, nec auctor posthac cuiusquam necis nec conscius, quamuis interdum ulciscendi
          causa non deesset, sed periturum se potius quam perditurum adiurans. duos patricii generis
          conuictos in adfectatione imperii nihil amplius quam ut desisterent monuit, docens
          principatum fato dari, si quid praeterea desiderarent promittens se tributurum. <milestone n="2" unit="section"/> et confestim quidem ad alterius matrem quae procul aberat,
          cursores suos misit, qui anxiae saluum filium nuntiarent, ceterum ipsos non solum
          familiari cenae adhibuit, sed et insequenti die gladiatorum spectaculo circa se ex
          industria conlocatis oblata sibi ferramenta pugnantium inspicienda porrexit. dicitur etiam
          cognita utriusque genitura imminere ambobus periculum adfirmasse, uerum quandoque et ab
          alio, sicut euenit. <milestone n="3" unit="section"/></p>
        <p>Fratrem insidiari sibi non desinentem, sed paene ex professo sollicitantem exercitus,
          meditantem fugam, neque occidere neque seponere ac ne in minore quidem honore habere
          sustinuit, sed, ut a primo imperii die, consortem successoremque testari perseuerauit,
          nonnumquam secreto precibus et lacrimis orans, ut tandem mutuo erga se animo uellet
          esse.</p>
      </div>
      <div type="textpart" n="10" subtype="chapter">
        <milestone n="1" unit="section"/>
        <p>inter haec morte praeuentus est maiore hominum damno quam suo.</p>
        <p>Spectaculis absolutis, in quorum fine populo coram ubertim fleuerat, Sabinos petit
          aliquanto tristior, quod sacrificanti hostia aufugerat quodque tempestate serena tonuerat.
          deinde ad primam statim mansionem febrim nanctus, cum inde lectica transferretur,
          suspexisse dicitur dimotis pallulis caelum, multumque conquestus eripi sibi uitam
          immerenti; neque enim extare ullum suum factum paenitendum excepto dum taxat uno.
            <milestone n="2" unit="section"/> id quale fuerit, neque ipse tunc prodidit neque
          cuiquam facile succurrat. quidam opinantur consuetudinem recordatum, quam cum fratris
          uxore habuerit; sed nullam habuisse persancte Domitia iurabat, haud negatura, si qua
          omnino fuisset, immo etiam gloriatura, quod illi promptissimum erat in omnibus
          probris.</p>
      </div>
      <div type="textpart" n="11" subtype="chapter">
        <milestone n="1" unit="section"/>
        <p>Excessit in eadem qua pater uilla Id. Sept. post biennium ac menses duos diesque XX quam
          successerat patri, altero et quadragesimo aetatis anno. quod ut palam factum est, non
          secus atque in domestico luctu maerentibus publice cunctis, senatus prius quam edicto
          conuocaretur ad curiam concurrit, obseratisque adhuc foribus, deinde apertis, tantas
          mortuo gratias egit laudesque congessit, quantas ne uiuo quidem umquam atque praesenti.
        </p>
      </div>
    </div></body>
  </text>
</TEI>