<?xml version="1.0" encoding="UTF-8"?>
<?xml-model href="http://www.stoa.org/epidoc/schema/8.19/tei-epidoc.rng"
  schematypens="http://relaxng.org/ns/structure/1.0"?>
<?xml-model href="http://www.stoa.org/epidoc/schema/8.19/tei-epidoc.rng"
  schematypens="http://purl.oclc.org/dsdl/schematron"?>
<TEI xmlns="http://www.tei-c.org/ns/1.0">
   <teiHeader>
      <fileDesc>
         <titleStmt>
            <title>Epithalamium de nuptiis Honorii Augusti</title>
            <author>Claudianus, Claudius</author>
            <editor role="editor">Maurice Platnaeur</editor>
            <sponsor>Perseus Project, Tufts University</sponsor>
            <principal>Gregory Crane</principal>
            <respStmt>
               <resp>Prepared under the supervision of</resp>
               <name>Bridget Almas</name>
               <name>Lisa Cerrato</name>
               <name>Rashmi Singhal</name>
            </respStmt>
            <funder n="org:Mellon">The Mellon Foundation</funder>
         </titleStmt>
         <publicationStmt>
            <publisher>Trustees of Tufts University</publisher>
            <pubPlace>Medford, MA</pubPlace>
            <authority>Perseus Project</authority>
            <date type="release">2011-09-12</date>
         </publicationStmt>
         <sourceDesc>
            <biblStruct>
               <monogr>
                  <title>Claudian, Vol 1</title>
                  <author>Claudianus, Claudius</author>
                  <editor role="editor">Maurice Platnaeur</editor>
                  <imprint>
                     <publisher>William Heinemann; G.P. Putnam's Sons</publisher>
                     <pubPlace>London; New York</pubPlace>
                     <date>1922</date>
                  </imprint>
               </monogr>
            </biblStruct>
         </sourceDesc>
      </fileDesc>
      <encodingDesc>
         <refsDecl n="CTS">
            <cRefPattern n="line"
               matchPattern="(\w+).(\w+)"
               replacementPattern="#xpath(/tei:TEI/tei:text/tei:body/tei:div/tei:div[@n='$1']/tei:l[@n='$2'])">
               <p>This pointer pattern extracts poem and line</p>
            </cRefPattern>
            <cRefPattern n="poem"
               matchPattern="(\w+)"
               replacementPattern="#xpath(/tei:TEI/tei:text/tei:body/tei:div/tei:div[@n='$1'])">
               <p>This pointer pattern extracts poem</p>
            </cRefPattern>
         </refsDecl>
         <refsDecl n="TEI.2">
            <refState unit="card"/>
         </refsDecl>
      </encodingDesc>
      <profileDesc>
         <langUsage>
            <language ident="lat">Latin</language>
         </langUsage>
      </profileDesc>
      <revisionDesc>
         <change who="Thibault Clerice" when="2015-12-03">Bumped URN after CTS and Epidoc conversion.</change>
      </revisionDesc>
   </teiHeader>
   <text>
      <body>
         <div xml:lang="lat"
              type="edition"
              n="urn:cts:latinLit:stoa0089.stoa006.perseus-lat2">
            <pb n="v.1.p.240"/>       
            <div type="textpart" n="pr" subtype="poem">
               <head>Praefatio</head>
               
               <l n="1">Surgeret in thalamum ducto cum Pelion areu</l>
               <l n="2">nec caperet tantos hospita terra deos,</l>
               <l n="3">cum socer aequoreus numerosaque turba sororum</l>
               <l n="4">certarent epulis continuare dies</l>
               <l n="5">praeberetque Iovi communia pocula Chiron, </l>
               <l n="6">molliter obliqua parte refusus equi,</l>
               <l n="7">Peneus gelidos mutaret nectare fontes,</l>
               <l n="8">Oetacis fluerent spumea vina iugis:</l>
               <l n="9">Terpsichore facilem lascivo pollice movit</l>
               <l n="10">barbiton et molles duxit in antra choros. </l>
               <l n="11">carmina nec superis nec displicuere Tonanti,</l>
               <l n="12">cum teneris nossent congrua vota modis.</l>
               <l n="13">Centauri Faunique negant. quae flectere Rhoeton,</l>
               <l n="14">quae rigidum poterant plectra movero Pholum?</l>
               <l n="15">Septima lux aderat caelo totiensque renato </l>
               <l n="16">viderat exactos Hesperus igne choros:</l>
               <l n="17">tum Phoebus, quo saxa domat, quo pertrahit ornos,</l>
               <l n="18">pectine temptavit nobiliore lyram</l>
               <l n="19">venturumque sacris fidibus iam spondet Achillem,</l>
               <l n="20">iam Phrygias caedes, iam Simoenta canit. </l>
               <l n="21">frondoso strepuit felix Hymenaeus Olympo;</l>
               <l n="22">reginam resonant Othrys et Ossa Thetim.</l>
            </div>
            <pb n="v.1.p.242"/>
            <div type="textpart" n="1" xml:id="poem.10" subtype="poem">
               
               <l n="1">Hauserat insolitos promissae virginis ignes</l>
               <l n="2">Augustus primoque rudis flagraverat aestu;</l>
               <l n="3">nec novus unde calor nec quid suspiria vellent,</l>
               <l n="4">noverat incipiens et adhuc ignarus amandi.</l>
               <l n="5">non illi venator equus, non spicula curae, </l>
               <l n="6">non iaculum torquere libet; mens omnis aberrat</l>
               <l n="7">in vulnus, quod fixit Amor, quam saepe medullis</l>
               <l n="8">erupit gemitus! quotiens incanduit ore</l>
               <l n="9">confessus secreta rubor nomenque beatum</l>
               <l n="10">iniussae scripsere manus! iam munera nuptae </l>
               <l n="11">praeparat et pulchros Mariae sed luce minores</l>
               <l n="12">eligit ornatus, quidquid venerabilis olim</l>
               <l n="13">Livia divorumque nurus gessere superbae.</l>
               <l n="14">incusat spes aegra moras longique videntur</l>
               <l n="15">stare dies segnemque rotam non flectere Phoebe. </l>
               <l n="16">Scyria sic tenerum virgo flammabat Achillem</l>
               <l n="17">fraudis adhuc expers bellatricesque docebat</l>
               <l n="18">ducere fila manus et, mox quos horruit Ide,</l>
               <l n="19">Thessalicos roseo nectebat pollice crines.</l>
               <l n="20">Haec etiam queritur secum: “quonam usque verendus </l>
               <pb n="v.1.p.244"/>
               <l n="21">cunctatur mea vota socer? quid iungere differt,</l>
               <l n="22">quam pepigit, castasque preces implere recusat?</l>
               <l n="23">non ego luxuriem regum moremque secutus</l>
               <l n="24">quaesivi vultum tabulis 1 ut nuntia formae</l>
               <l n="25">lena per innumeros iret pictura penates, </l>
               <l n="26">nec variis dubium thalamis lecturus 2 amorem</l>
               <l n="27">ardua commisi falsae conubia cerae.</l>
               <l n="28">non rapio praeceps alienae foedera taedae,</l>
               <l n="29">sed quae sponsa mihi pridem patrisque relicta</l>
               <l n="30">mandatis uno materni sanguinis ortu </l>
               <l n="31">communem partitur avum. fastidia supplex</l>
               <l n="32">deposui gessique procum; de limine sacro</l>
               <l n="33">oratum misi proceres, qui proxima nobis</l>
               <l n="34">iura tenent. fateor, Stilicho, non parva poposci,</l>
               <l n="35">sed certe mereor princeps, hoc principe natus </l>
               <l n="36">qui sibi te generum fraterna prole revinxit,</l>
               <l n="37">cui Mariam debes. faenus mihi solve paternum,</l>
               <l n="38">redde suos aulae. mater fortasse rogari</l>
               <l n="39">mollior. o patrui germen, cui nominis heres</l>
               <l n="40">successi, sublime decus torrentis Hiberi, </l>
               <l n="41">stirpe soror, pietate parens, tibi creditus infans</l>
               <l n="42">inque tuo crevi gremio, partuque remote</l>
               <l n="43">tu potius Flaccilla mihi. quid dividis ergo</l>
               <pb n="v.1.p.246"/>
               <l n="44">pignora? quid iuveni natam non reddis alumno?</l>
               <l n="45">optatusne dies aderit? dabiturne iugalis </l>
               <l n="46">nox umquam?” Tali solatur vulnera questu.</l>
               <l n="47">risit Amor placidaeque volat trans aequora matri</l>
               <l n="48">nuntius et totas iactantior explicat alas.</l>
               <l n="49">Mons latus Ionium Cypri praeruptus obumbrat,</l>
               <l n="50">invius humano gressu, Phariumque cubile </l>
               <l n="51">Proteos et septem despectat cornua Nili.</l>
               <l n="52">hunc neque candentes audent vestire pruinae,</l>
               <l n="53">hunc venti pulsare timent, hunc laedere nimbi,</l>
               <l n="54">luxuriae Venerique vacat. pars acrior anni</l>
               <l n="55">exulat; aeterni patet indulgentia veris. </l>
               <l n="56">in campum se fundit apex; hunc aurea saepes</l>
               <l n="57">circuit et fulvo defendit prata metallo.</l>
               <l n="58">Mulciber, ut perhibent, his oscula coniugis emit</l>
               <l n="59">moenibus et tales uxorius obtulit arces.</l>
               <l n="60">intus rura micant, manibus quae subdita nullis </l>
               <l n="61">perpetuum florent, Zephyro contenta colono,</l>
               <l n="62">umbrosumque nemus, quo non admittitur ales,</l>
               <l n="63">ni probet ante suos diva sub iudice cantus;</l>
               <l n="64">quae placuit, fruitur ramis; quae victa, recedit.</l>
               <l n="65">vivunt in Venerem frondes omnisque vicissim </l>
               <l n="66">felix arbor amat; nutant ad mutua palmae</l>
               <l n="67">foedera, populeo suspirat populus ictu</l>
               <l n="68">et platani platanis alnoque adsibilat alnus.</l>
               <l n="69">Labuntur gemini fontes, hic dulcis, amarus</l>
               <l n="70">alter, et infusis corrumpunt mella venenis, </l>
               <pb n="v.1.p.248"/>
               <l n="71">unde Cupidineas armari fama sagittas.</l>
               <l n="72">mille pharetrati ludunt in margine fratres,</l>
               <l n="73">ore pares, aevo similes, gens mollis Amorum.</l>
               <l n="74">hos Nymphae pariunt, illum Venus aurea solum</l>
               <l n="75">edidit. ille deos caelumque et sidera cornu </l>
               <l n="76">temperat et summos dignatur figere reges;</l>
               <l n="77">hi plebem feriunt. nec cetera numina desunt:</l>
               <l n="78">hic habitat nullo constricta Licentia nodo</l>
               <l n="79">et flecti faciles Irae vinoque madentes</l>
               <l n="80">Excubiae Lacrimaeque rudes et gratus amantum </l>
               <l n="81">Pallor et in primis titubans Audacia furtis</l>
               <l n="82">iucundique Metus et non secura Voluptas;</l>
               <l n="83">et lasciva volant levibus Periuria ventis.</l>
               <l n="84">quos inter petulans alta cervice Iuventas</l>
               <l n="85">excludit Senium luco. Procul atria divae </l>
               <l n="86">permutant radios silvaque obstante virescunt.</l>
               <l n="87">Lemnius haec etiam gemmis extruxit et auro</l>
               <l n="88">admiscens artem pretio trabibusque smaragdi</l>
               <l n="89">supposuit caesas hyacinthi rupe columnas.</l>
               <l n="90">beryllo paries et iaspide lubrica surgunt </l>
               <l n="91">limina despectusque solo calcatur achates,</l>
               <l n="92">in medio glaebis redolentibus area dives</l>
               <l n="93">praebet odoratas messes; hic mitis amomi,</l>
               <l n="94">hic casiae matura seges, Panchaeaque turgent</l>
               <l n="95">cinnama, nec sicco frondescunt vimina costo </l>
               <l n="96">tardaque sudanti prorepunt balsama rivo.</l>
               <l n="97">Quo postquam delapsus Amor longasque peregit</l>
               <l n="98">penna vias, alacer passuque superbior intrat.</l>
               <l n="99">caesariem tunc forte Venus subnixa corusco</l>
               <l n="100">fingebat solio. dextra laevaque sorores </l>
               <l n="101">stabant Idaliae: largos haec nectaris imbres</l>
               <pb n="v.1.p.250"/>
               <l n="102">inrigat, haec morsu numerosi dentis eburno</l>
               <l n="103">multifidum discrimen arat; sed tertia retro</l>
               <l n="104">dat varios nexus et iusto dividit orbes</l>
               <l n="105">ordine, neglectam partem studiosa relinquens: </l>
               <l n="106">plus error decuit. speculi nec vultus egebat</l>
               <l n="107">iudicio; similis tecto monstratur in omni</l>
               <l n="108">et capitur 1 quocumque videt. dum singula cernit,</l>
               <l n="109">seque probat, nati venientis conspicit umbram</l>
               <l n="110">ambrosioque sinu puerum complexa ferocem </l>
               <l n="111">
                  <q type="spoken">quid tantum gavisus?</q> ait; “quae proelia sudas</l>
               <l n="112">improbe? quis iacuit telis? iterumne Tonantem</l>
               <l n="113">inter Sidonias cogis mugire iuvencas?</l>
               <l n="114">an Titana domas? an pastoralia Lunam</l>
               <l n="115">rursus in antra vocas? durum magnumque videris</l>
               <l n="116">debellasse deum.” Suspensus in oscula matris</l>
               <l n="117">ille refert: “Laetare, parens; inmane tropaeum</l>
               <l n="118">rettulimus, nostrum iam sensit Honorius arcum.</l>
               <l n="119">scis Mariam patremque ducem, qui cuspide Gallos</l>
               <l n="120">Italiamque fovet, nec te praeclara Serenae </l>
               <l n="121">fama latet. propera; regalibus adnue votis:</l>
               <l n="122">iunge toros.” Gremio natum Cytherea removit</l>
               <l n="123">et crines festina ligat peplumque fluentem</l>
               <l n="124">adlevat et blando spirantem numine ceston</l>
               <l n="125">cingitur, impulsos pluviis quo mitigat amnes, </l>
               <l n="126">quo mare, quo ventos irataque fulmina solvit,</l>
               <l n="127">ut stetit ad litus, parvos adfatur alumnos:</l>
               <l n="128">“Heus! quis erit, pueri, vitreas qui lapsus in undas</l>
               <l n="129">huc rapidum Tritona vocet, quo vecta per altum</l>
               <pb n="v.1.p.252"/>
               <l n="130">deferar? haud umquam tanto mihi venerit usu. </l>
               <l n="131">sacri, quos petimus, thalami. pernicius omnes</l>
               <l n="132">quaerite, seu concha Libycum circumsonat aequor,</l>
               <l n="133">Aegaeas seu frangit aquas, quicumque repertum</l>
               <l n="134">duxerit, aurata donabitur ille pharetra.”</l>
               <l n="135">Dixerat et sparsa diversi plebe feruntur </l>
               <l n="136">exploratores. pelagi sub fluctibus ibat</l>
               <l n="137">Carpathiis Triton obluctantemque petebat</l>
               <l n="138">Cymothoen. timet ilia ferum seseque sequenti</l>
               <l n="139">subripit et duris elabitur uda lacertis.</l>
               <l n="140">
                  <q type="spoken">heus,</q> inquit speculatus Amor, “non vestra sub imis</l>
               <l n="141">furta tegi potuere vadis. accingere nostram </l>
               <l n="142">vecturus dominam: pretium non vile laboris</l>
               <l n="143">Cymothoen facilem, quae nunc detrectat, habebis.</l>
               <l n="144">hac mercede veni.” Prorupit gurgite torvus</l>
               <l n="145">semifer; undosi verrebant brachia crines; </l>
               <l n="146">hispida tendebant bifido vestigia cornu,</l>
               <l n="147">qua pistrix commissa viro. ter pectora movit;</l>
               <l n="148">iam quarto Paphias tractu sulcabat harenas.</l>
               <l n="149">umbratura deam retro sinuatur in arcum</l>
               <l n="150">belua; tum vivo squalentia murice terga </l>
               <l n="151">purpureis mollita toris 1: hoc navigat antro 2</l>
               <l n="152">fulta Venus; niveae delibant aequora plantae.</l>
               <l n="153">prosequitur volucer late comitatus Amorum</l>
               <l n="154">tranquillumque choris quatitur mare, serta per omnem</l>
               <l n="155">Neptuni dispersa domum. Cadmeia ludit </l>
               <l n="156">Leucothoe, frenatque rosis delphina Palaemon;</l>
               <l n="157">alternas violis Nereus interserit algas;</l>
               <pb n="v.1.p.254"/>
               <l n="158">canitiem Glaucus ligat inmortalibus herbis,</l>
               <l n="159">nec non et variis vectae Nereides ibant</l>
               <l n="160">audito rumore feris (hanc pisce voluto </l>
               <l n="161">sublevat Oceani monstrum Tartesia tigris;</l>
               <l n="162">hanc timor Aegaei rupturus fronte carinas</l>
               <l n="163">trux aries; haec caeruleae suspensa leaenae</l>
               <l n="164">innatat; haec viridem trahitur complexa iuvencum)</l>
               <l n="165">certatimque novis onerant conubia donis. </l>
               <l n="166">cingula Cymotboe, rarum Galatea monile</l>
               <l n="167">et gravibus Psamatbe bacis diadema ferebat</l>
               <l n="168">intextum, Rubro quas legerat ipsa profundo.</l>
               <l n="169">mergit se subito vellitque corallia Doto:</l>
               <l n="170">vimen erat dum stagna subit; processerat undis: </l>
               <l n="171">gemma fuit. Nudae Venerem cinxere catervae</l>
               <l n="172">plaudentesque simul tali cum voce sequuntur:</l>
               <l n="173">“bos Mariae cultus, haec munera nostra precamur</l>
               <l n="174">reginae regina feras. die talia numquam</l>
               <l n="175">promeruisse Thetim nec cum soror Amphitrite </l>
               <l n="176">nostro nupta Iovi. devotum sentiat aequor,</l>
               <l n="177">agnoscat famulum virgo Stilichonia pontum.</l>
               <l n="178">victrices nos saepe rates classemque paternam</l>
               <l n="179">veximus, attritis cum tenderet ultor Achivis.”</l>
               <l n="180">Iam Ligurum terris spumantia pectora Triton </l>
               <l n="181">adpulerat lassosque fretis extenderat orbes.</l>
               <l n="182">continuo sublime volans ad moenia Gallis</l>
               <l n="183">condita, lanigeri suis ostentantia pellem,</l>
               <l n="184">pervenit. adventu Veneris pulsata recedunt</l>
               <l n="185">nubila, clarescunt puris Aquilonibus Alpes. </l>
               <pb n="v.1.p.256"/>
               <l n="186">laetitiae causas ignorat dicere miles</l>
               <l n="187">laetaturque tamen; Mavortia signa rubescunt</l>
               <l n="188">floribus et subitis animantur frondibus hastae.</l>
               <l n="189">ilia suum dictis adfatur talibus agmen:</l>
               <l n="190">“Gradivum, nostri comites, arcete parumper, </l>
               <l n="191">ut soli vacet aula mihi. procul igneus horror</l>
               <l n="192">thoracum, gladiosque tegat vagina minaces</l>
               <l n="193">stent bellatrices aquilae saevique dracones.</l>
               <l n="194">fas sit castra meis hodie succumbere signis:</l>
               <l n="195">tibia pro lituis et pro clangore tubarum </l>
               <l n="196">molle lyrae festumque canant. epulentur ad ipsas</l>
               <l n="197">excubias; mediis spirent crateres in armis.</l>
               <l n="198">laxet terribiles maiestas regia fastus</l>
               <l n="199">et sociam plebem non indignata potestas</l>
               <l n="200">confundat turbae proceres. solvantur habenis </l>
               <l n="201">gaudia nec leges pudeat ridere severas.</l>
               <l n="202">Tu festas, Hymenaee, faces, tu, Gratia, flores</l>
               <l n="203">elige, tu geminas, Concordia, necte coronas,</l>
               <l n="204">vos, pennata cohors, quocumque vocaverit usus,</l>
               <l n="205">divisa properate manu, neu marceat ulla </l>
               <l n="206">segnities: alii funalibus ordine ductis</l>
               <l n="207">plurima venturae suspendite lumina nocti;</l>
               <l n="208">hi nostra nitidos postes obducere myrto</l>
               <l n="209">contendant; pars nectareis adspergite tecta</l>
               <l n="210">fontibus et flamma lucos adolete Sabaeos; </l>
               <l n="211">pars infecta croco velamina lutea Serum</l>
               <l n="212">pandite Sidoniasque solo prosternite vestes.</l>
               <l n="213">ast alii thalamum docto componite textu;</l>
               <l n="214">stamine gemmato picturatisque columnis</l>
               <pb n="v.1.p.258"/>
               <l n="215">aedificetur apex, qualem non Lydia dives </l>
               <l n="216">erexit Pelopi nec quem struxere Lyaeo</l>
               <l n="217">Indorum spoliis et opaco palmite Bacchae.</l>
               <l n="218">illic exuvias omnes cumulate parentum:</l>
               <l n="219">quidquid avus senior Mauro vel Saxone victis,</l>
               <l n="220">quidquid ab innumeris socio Stilichone tremendus </l>
               <l n="221">quaesivit genitor bellis, quodcumque Gelonus</l>
               <l n="222">Armeniusve dedit; quantum crinita sagittis</l>
               <l n="223">attulit extremo Meroe circumflua Nilo;</l>
               <l n="224">misit Achaemenio quidquid de Tigride Medus,</l>
               <l n="225">cum supplex emeret Romanam Parthia pacem. </l>
               <l n="226">nobilibus gazis opibusque cubilia surgant</l>
               <l n="227">barbaricis; omnes thalamo conferte triumphos.”</l>
               <l n="228">Sic ait et sponsae petit improvisa penates.</l>
               <l n="229">ilia autem secura tori taedasque parari</l>
               <l n="230">nescia divinae fruitur sermone parentis </l>
               <l n="231">maternosque bibit mores exemplaque discit</l>
               <l n="232">prisca pudicitiae Latios nec volvere libros</l>
               <l n="233">desinit aut Graios, ipsa genetrice magistra,</l>
               <l n="234">Maeonius quaecumque senex aut Thracius Orpheus</l>
               <l n="235">aut Mytilenaeo modulatur pectine Sappho </l>
               <l n="236">(sic Triviam Latona monet; sic mitis in antro</l>
               <l n="237">Mnemosyne docili tradit praecepta Thaliae):</l>
               <l n="238">cum procul augeri nitor et iucundior aer</l>
               <l n="239">attonitam lustrare domum fundique comarum</l>
               <l n="240">gratus odor, mox vera fides numenque refulsit. </l>
               <l n="241">cunctatur stupefacta Venus; nunc ora puellae,</l>
               <pb n="v.1.p.260"/>
               <l n="242">nunc flavam niveo miratur vertice matiem.</l>
               <l n="243">haec modo crescenti, plenae par altera lunae:</l>
               <l n="244">adsurgit ceu forte minor sub matre virenti</l>
               <l n="245">laurus et ingentes ramos olimque futuras </l>
               <l n="246">promittit iam parva comas; vel flore sub uno</l>
               <l n="247">ceu geminae Paestana rosae per iugera regnant:</l>
               <l n="248">haec largo matura die saturataque vernis</l>
               <l n="249">roribus indulget spatio; latet altera nodo</l>
               <l n="250">nec teneris audet foliis admittere soles. </l>
               <l n="251">Adstitit et blande Mariam Cytherea salutat:</l>
               <l n="252">“salve sidereae proles augusta Serlenae,</l>
               <l n="253">magnorum suboles regum parituraque reges.</l>
               <l n="254">te propter Paphias sedes Cyprumque reliqui,</l>
               <l n="255">te propter libuit tantos explere labores </l>
               <l n="256">et tantum transnare maris, ne vilior ultra</l>
               <l n="257">privatos paterere lares neu tempore longo</l>
               <l n="258">dilatos iuvenis nutriret Honorius ignes.</l>
               <l n="259">accipe fortunam generis, diadema resume,</l>
               <l n="260">quod tribuas natis, et in haec penetralia rursus, </l>
               <l n="261">unde parens progressa, redi. fac nulla subesse</l>
               <l n="262">vincula cognatae: quamvis aliena fuisses</l>
               <l n="263">principibus, regnum poteras hoc ore mereri.</l>
               <l n="264">quae propior sceptris facies? qui dignior aula </l>
               <l n="265">vultus erit? non labra rosae, non colla pruinae,</l>
               <l n="266">non crines aequant violae, non lumina flammae.</l>
               <l n="267">quam iuncti leviter sese discrimine confert</l>
               <l n="268">umbra supercilii! miscet quam iusta pudorem</l>
               <l n="269">temperies nimio nec sanguine candor abundat!</l>
               <pb n="v.1.p.262"/>
               <l n="270">Aurorae vincis digitos umerosque Dianae; </l>
               <l n="271">ipsam iam superas matrem. si Bacchus amator</l>
               <l n="272">dotali potuit caelum signare corona,</l>
               <l n="273">cur nullis virgo redimitur pulchrior astris?</l>
               <l n="274">iam tibi molitur stellantia serta Bootes</l>
               <l n="275">inque decus Mariae iam sidera parturit aether. </l>
               <l n="276">i, digno nectenda viro tantique per orbem</l>
               <l n="277">consors imperii! iam te venerabitur Hister;</l>
               <l n="278">nomen adorabunt populi; iam Rhenus et Albis</l>
               <l n="279">serviet; in medios ibis regina Sygambros.</l>
               <l n="280">quid numerem gentes Atlanteosque recessus </l>
               <l n="281">Oceani? toto pariter donabere mundo.”</l>
               <l n="282">Dixit et ornatus, dederant quos nuper ovantes</l>
               <l n="283">Nereides, collo membrisque micantibus aptat.</l>
               <l n="284">ipsa caput distinguit acu, substringit amictus;</l>
               <l n="285">flammea virgineis accommodat ipsa capillis. </l>
               <l n="286">ante fores iam pompa sonat, pilentaque sacra</l>
               <l n="287">praeradiant ductura nurum. calet obvius ire</l>
               <l n="288">iam princeps tardumque cupit discedere solem:</l>
               <l n="289">nobilis haud aliter sonipes, quem primus amoris</l>
               <l n="290">sollicitavit odor, tumidus quatiensque decoras </l>
               <l n="291">curvata cervice iubas Pharsalia rura</l>
               <l n="292">pervolat et notos hinnitu flagitat amnes</l>
               <l n="293">naribus accensis; mulcet fecunda magistros</l>
               <l n="294">spes gregis et pulchro gaudent armenta marito.</l>
               <l n="295">Candidus interea positis exercitus armis </l>
               <l n="296">exultat socerum circa; nec signifer ullus</l>
               <pb n="v.1.p.264"/>
               <l n="297">nec miles pluviae flores dispergere ritu </l>
               <l n="298">Cessat purpureoque ducem perfimdere nimbo. </l>
               <l n="299">Haec quoque velati lauro myrtoque canebant: </l>

               <l n="300">“Dive parens, seu te complectitur axis Olympi,</l>
               <l n="301">Seu premis Elysias animarum praemia valles,  </l>

               <l n="302">En promissa tibi Stilicho iam vota peregit; </l>
               <l n="303">lam gratae rediere vices; cimabula pensat; </l>
               <l n="304">Acceptum reddit thalamum natoque reponit, </l>
               <l n="305">Quod dederat genitor. Xumquam te, sancte, pigebit </l>
               <l n="306">ludicii nec te pietas suprema fefellit.  </l>

               <l n="307">Dignus cui leges, dignus cui pignora tanti </l>
               <l n="308">Principis et renim commendarentur habenae. </l>
               <l n="309">Dicere possemus, quae proelia gesta sub Haemo </l>
               <l n="310">Quaeque cruentarint fumantem Strymona pugnae,  </l>
               <l n="311">Quam notus clipeo. quanta vi fulminet hostem, </l>
               <l n="312">Ni prohiberet Hymen. Quae tempestiva relatu, </l>
               <l n="313">Nunc canimus. Quis consilio, quis iuris et aequi </l>
               <l n="314">Nosse modum melior? Quod semper dissilit. in te </l>
               <l n="315">Convenit, ingenio robur, prudentia forti.  </l>

               <l n="316">Fronte quis aequali? quem sic Romana decerent </l>



               <l n="317">Culmina? sufficereut tantis quae pectora curis? </l>

               <l n="318">Stes licet in populo, clamet quicumque videbit: </l>

               <l n="319">Hic est, hic Stiliclio! Sic se testatur et offert </l>

               <l n="320">Celsa potestatis species, non voce feroci,  </l>

               <l n="321">Xon alto simulata gradu, non improba gestu. </l>

               <l n="322">Adfectant alii quidquid fingique laborant,</l>

               <l n="323">Hoc donat natura tibi. Pudor emicat una </l>
               <pb n="v.1.p.266"/>
               <l n="324">formosusque rigor vultusque auctura verendos</l>
               <l n="325">canities festina venit. cum sorte remota </l>
               <l n="326">contingat senio gravitas viresque iuventae,</l>
               <l n="327">utraque te cingit propriis insignibus aetas.</l>
               <l n="328">ornatur Fortuna viro. non ulla nocendi</l>
               <l n="329">tela nec infecti iugulis civilibus enses.</l>
               <l n="330">non odium terrore moves nec frena resolvit </l>
               <l n="331">gratia; diligimus pariter pariterque timemus.</l>
               <l n="332">ipse metus te noster amat, iustissime legum</l>
               <l n="333">arbiter, egregiae pacis fidissime custos,</l>
               <l n="334">optime ductorum, fortunatissime patrum.</l>
               <l n="335">plus iam, plus domino cuncti debere fatemur, </l>
               <l n="336">quod gener est, invicte, tuus. vincire corona;</l>
               <l n="337">insere te nostris contempto iure choreis.</l>
               <l n="338">sic puer Eucherius superet virtute parentem;</l>
               <l n="339">aurea sic videat similes Thermantia taedas;</l>
               <l n="340">sic uterus crescat Mariae; sic natus in ostro </l>
               <l n="341">parvus Honoriades genibus considat avitis.”</l>
               
            </div>
         </div>
      </body>
   </text>
</TEI>
