<?xml version="1.0" encoding="UTF-8"?>
<?xml-model href="http://www.stoa.org/epidoc/schema/8.19/tei-epidoc.rng"
  schematypens="http://relaxng.org/ns/structure/1.0"?>
<?xml-model href="http://www.stoa.org/epidoc/schema/8.19/tei-epidoc.rng"
  schematypens="http://purl.oclc.org/dsdl/schematron"?>
<TEI xmlns="http://www.tei-c.org/ns/1.0">
   <teiHeader>
      <fileDesc>
         <titleStmt>
            <title>de raptu Proserpinae</title>
            <author>Claudianus, Claudius</author>
            <editor role="editor">Maurice Platnaeur</editor>
            <sponsor>Perseus Project, Tufts University</sponsor>
            <principal>Gregory Crane</principal>
            <respStmt>
               <resp>Prepared under the supervision of</resp>
               <name>Bridget Almas</name>
               <name>Lisa Cerrato</name>
               <name>Rashmi Singhal</name>
            </respStmt>
            <funder n="org:Mellon">The Mellon Foundation</funder>
         </titleStmt>
         <publicationStmt>
            <publisher>Trustees of Tufts University</publisher>
            <pubPlace>Medford, MA</pubPlace>
            <authority>Perseus Project</authority>
            <date type="release">2011-09-12</date>
         </publicationStmt>
         <sourceDesc>
            <biblStruct>
               <monogr>
                  <title>Claudian, Vol 2</title>
                  <author>Claudianus, Claudius</author>
                  <editor role="editor">Maurice Platnaeur</editor>
                  <imprint>
                     <publisher>William Heinemann; G.P. Putnam's Sons</publisher>
                     <pubPlace>London; New York</pubPlace>
                     <date>1922</date>
                  </imprint>
               </monogr>
            </biblStruct>
         </sourceDesc>
      </fileDesc>
      <encodingDesc>
         <refsDecl n="CTS">
            <cRefPattern n="line"
                         matchPattern="(\w+).(\w+).(\w+)"
                         replacementPattern="#xpath(/tei:TEI/tei:text/tei:body/tei:div/tei:div[@n='$1']/tei:div[@n='$2']/tei:l[@n='$3'])">
               <p>This pointer pattern extracts book and line</p>
            </cRefPattern>
            <cRefPattern n="poem"
                         matchPattern="(\w+).(\w+)"
                         replacementPattern="#xpath(/tei:TEI/tei:text/tei:body/tei:div/tei:div[@n='$1']/tei:div[@n='$2'])">
               <p>This pointer pattern extracts book and poem</p>
            </cRefPattern>
            <cRefPattern n="book"
                         matchPattern="(\w+)"
                         replacementPattern="#xpath(/tei:TEI/tei:text/tei:body/tei:div/tei:div[@n='$1'])">
               <p>This pointer pattern extracts book</p>
            </cRefPattern>
         </refsDecl>
         <refsDecl n="TEI.2">
            <refState unit="card"/>
         </refsDecl>
      </encodingDesc>
      <profileDesc>
         <langUsage>
            <language ident="lat">Latin</language>
         </langUsage>
      </profileDesc>
      <revisionDesc>
         <change who="Thibault Clerice" when="2015-12-03">
            Bumped URN after CTS and Epidoc conversion. Added a poem when necessary to align citation scheme
            Poem in book three has been added to mirror book 1 and 2
         </change>
      </revisionDesc>
   </teiHeader>
   <text>
      <body>
         <div xml:lang="lat"
              type="edition"
              n="urn:cts:latinLit:stoa0089.stoa005.perseus-lat2">
            <pb n="v.2.p.292"/>       
            <div type="textpart" n="1" subtype="book">
               <div type="textpart" n="praef" subtype="poem">
                  <head>Praefatio</head>
                  
                  <l n="1">Inventa secuit primus qui nave profundum</l>
                  <l n="2">et rudibus remis sollicitavit aquas,</l>
                  <l n="3">qui dubiis ausus committere flatibus alnum</l>
                  <l n="4">quas natura negat praebuit arte vias :</l>
                  <l n="5">tranquillis primum trepidus se credidit undis </l>
                  <l n="6">litora securo tramite summa legens ;</l>
                  <l n="7">mox longos temptare sinus et linquere terras</l>
                  <l n="8">et leni coepit pandere vela Noto.</l>
                  <l n="9">ast ubi paulatim praeceps audacia crevit</l>
                  <l n="10">cordaque languentem dedidicere metum, </l>
                  <l n="11">iam vagus inrumpit pelagus caelumque secutus</l>
                  <l n="12">Aegaeas hiemes Ioniumque domat.</l>
               </div>
               <div type="textpart" xml:id="poem.33" n="1" subtype="poem">
                  
                  <l n="1">Inferni raptoris equos adflataque curru</l>
                  <l n="2">sidera Taenario caligantesque profundae</l>
                  <l n="3">Iunonis thalamos audaci promere cantu</l>
                  <pb n="v.2.p.294"/>
                  <l n="4">mens congesta iubet. gressus removete profani.</l>
                  <l n="5">iam furor humanos nostro de pectore sensus </l>
                  <l n="6">expulit et totum spirant praecordia Phoebum ;</l>
                  <l n="7">iam mihi cernuntur trepidis delubra moveri</l>
                  <l n="8">sedibus et claram dispergere limina lucem</l>
                  <l n="9">adventum testata dei ; iam magnus ab imis</l>
                  <l n="10">auditur fremitus terris templumque remugit </l>
                  <l n="11">Cecropium sanctasque faces extollit Eleusis.</l>
                  <l n="12">angues Triptolemi strident et squamea curvis</l>
                  <l n="13">colla levant attrita iugis lapsuque sereno</l>
                  <l n="14">erecti roseas tendunt ad carmina cristas,</l>
                  <l n="15">ecce procul ternis Hecate variata figuris </l>
                  <l n="16">exoritur, levisque simul procedit Iacchus</l>
                  <l n="17">crinali florens hedera, quem Parthica velat</l>
                  <l n="18">tigris et auratos in nodum colligit ungues :</l>
                  <l n="19">ebria Maeonius firmat vestigia thyrsus.</l>
                  <l n="20">Di, quibus innumerum vacui famulatur Averni </l>
                  <l n="21">vulgus iners, opibus quorum donatur avaris</l>
                  <l n="22">quidquid in orbe perit, quos Styx liventibus ambit</l>
                  <l n="23">interfusa vadis et quos fumantia torquens</l>
                  <l n="24">aequora gurgitibus Phlegethon perlustrat anhelisvos</l>
                  <l n="25">mihi sacrarum penetralia pandite rerum </l>
                  <l n="26">et vestri secreta poli : qua lampade Ditem</l>
                  <l n="27">flexit Amor ; quo ducta ferox Proserpina raptu</l>
                  <l n="28">possedit dotale Chaos quantasque per oras</l>
                  <l n="29">sollicito genetrix erraverit anxia cursu ;</l>
                  <l n="30">unde datae populis fruges et glande relicta </l>
                  <l n="31">cesserit inventis Dodonia quercus aristis.</l>
                  <l n="32">Dux Erebi quondam tumidas exarsit in iras</l>
                  <pb n="v.2.p.296"/>
                  <l n="33">proelia moturus superis, quod solus egeret</l>
                  <l n="34">conubiis sterilesque diu consumeret annos</l>
                  <l n="35">impatiens nescire torum nullasque mariti </l>
                  <l n="36">inlecebras nec dulce patris cognoscere nomen.</l>
                  <l n="37">iam quaecumque latent ferali monstra barathro</l>
                  <l n="38">in turmas aciemque ruunt contraque Tonantem</l>
                  <l n="39">coniurant Furiae, crinitaque sontibus hydris</l>
                  <l n="40">Tesiphone quatiens infausto lumine pinum </l>
                  <l n="41">armatos ad castra vocat pallentia Manes,</l>
                  <l n="42">paene reluctatis iterum pugnantia rebus</l>
                  <l n="43">rupissent elementa fidem penitusque revulso</l>
                  <l n="44">carcere laxatis pubes Titania vinclis</l>
                  <l n="45">vidisset caeleste iubar rursusque cruentus </l>
                  <l n="46">Aegaeon positis aucto de corpore nodis</l>
                  <l n="47">obvia centeno vexasset fulmina motu.</l>
                  <l n="48">Sed Parcae vetuere minas orbique timentes</l>
                  <l n="49">ante pedes soliumque ducis fudere severam</l>
                  <l n="50">canitiem genibusque suas cum supplice fletu </l>
                  <l n="51">admovere manus, quarum sub iure tenentur</l>
                  <l n="52">omnia, quae seriem fatorum pollice ducunt</l>
                  <l n="53">longaque ferratis evolvunt saecula fusis.</l>
                  <l n="54">prima fero Lachesis clamabat talia regi</l>
                  <l n="55">incultas dispersa comas : “O maxime noctis </l>
                  <l n="56">arbiter umbrarumque potens, cui nostra laborant</l>
                  <l n="57">stamina, qui finem cunctis et semina praebes</l>
                  <l n="58">nascendique vices alterna morte rependis,</l>
                  <l n="59">qui vitam letumque regis (nam quidquid ubique</l>
                  <l n="60">gignit materies, hoc te donante creatur </l>
                  <l n="61">debeturque tibi certisque ambagibus aevi</l>
                  <pb n="v.2.p.298"/>
                  <l n="62">rursus corporeos animae mittuntur in artus) :</l>
                  <l n="63">ne pete firmatas pacis dissolvere leges,</l>
                  <l n="64">quas dedimus nevitque colus, neu foedera fratrum</l>
                  <l n="65">civili converte tuba, cur impia tollis </l>
                  <l n="66">signa ? quid incestis aperis Titanibus auras ?</l>
                  <l n="67">posce Iovem ; dabitur coniunx.” Vix illa 1 : pepercit</l>
                  <l n="68">erubuitque preces, animusque relanguit atrox</l>
                  <l n="69">quamvis indocilis flecti : ceu turbine rauco</l>
                  <l n="70">cum gravis armatur Boreas glacieque nivali </l>
                  <l n="71">hispidus et Getica concretus grandine pennas</l>
                  <l n="72">disrumpit pelagus, silvas camposque sonoro</l>
                  <l n="73">flamine rapturus ; si forte adversus aenos</l>
                  <l n="74">Aeolus obiecit postes, vanescit inanis</l>
                  <l n="75">impetus et fractae redeunt in claustra procellae. </l>
                  <l n="76">Tunc Maia genitum, qui fervida dicta reportet,</l>
                  <l n="77">imperat acciri. Cyllenius adstitit ales</l>
                  <l n="78">somniferam quatiens virgam tectusque galero.</l>
                  <l n="79">ipse rudi fultus solio nigraque verendus</l>
                  <l n="80">maiestate sedet : squalent inmania foedo </l>
                  <l n="81">sceptra situ; sublime caput maestissima nubes</l>
                  <l n="82">asperat et dirae riget inclementia formae ;</l>
                  <l n="83">terrorem dolor augebat. tunc talia celso</l>
                  <l n="84">ore tonat (tremefacta silent dicente tyranno</l>
                  <l n="85">atria ; latratum triplicem compescuit ingens </l>
                  <l n="86">ianitor et presso lacrimarum fonte resedit</l>
                  <l n="87">Cocytos tacitisque Acheron obmutuit undis</l>
                  <l n="88">et Phlegethonteae requierunt murmura ripae) :</l>
                  <pb n="v.2.p.300"/>
                  <l n="89">“Atlantis Tegeaee nepos, commune profundis</l>
                  <l n="90">et superis numen, qui fas per limen utrumque </l>
                  <l n="91">solus habes geminoque facis commercia mundo,</l>
                  <l n="92">i celer et proscinde Notos et iussa superbo</l>
                  <l n="93">redde Iovi ; 'tantumne tibi, saevissime frater,</l>
                  <l n="94">in me iuris erit ? sic nobis noxia vires</l>
                  <l n="95">cum caelo Fortuna tulit ? num robur et arma </l>
                  <l n="96">perdidimus, si rapta dies ? an forte iacentes</l>
                  <l n="97">ignavosque putas, quod non Cyclopia tela</l>
                  <l n="98">stringimus aut vanas tonitru deludimus auras ?</l>
                  <l n="99">nonne satis visum, grati quod luminis expers</l>
                  <l n="100">tertia supremae patior dispendia sortis </l>
                  <l n="101">informesque plagas, cum te laetissimus ornet</l>
                  <l n="102">Signifer et vario cingant splendore Triones ;</l>
                  <l n="103">sed thalamis etiam prohibes ? Nereia glauco</l>
                  <l n="104">Neptunum gremio complectitur Amphitrite ;</l>
                  <l n="105">te consanguineo recipit post fulmina fessum </l>
                  <l n="106">Iuno sinu. quid enim narrem Latonia furta,</l>
                  <l n="107">quid Cererem magnamque Themin ? tibi tanta creandi</l>
                  <l n="108">copia ; te felix natorum turba coronat.</l>
                  <l n="109">ast ego deserta maerens inglorius aula</l>
                  <l n="110">implacidas nullo solabor pignore curas ? </l>
                  <l n="111">non adeo toleranda quies. primordia testor</l>
                  <l n="112">noctis et horrendae stagna intemerata paludis :</l>
                  <l n="113">si dicto parere negas, patefacta ciebo</l>
                  <l n="114">Tartara, Saturni veteres laxabo catenas,</l>
                  <l n="115">obducam tenebris solem, compage soluta </l>
                  <l n="116">lucidus umbroso miscebitur axis Averno.”</l>
                     <pb n="v.2.p.302"/>
                  <l n="117">Vix ea fatus erat, iam nuntius astra tenebat.</l>
                  <l n="118">audierat mandata Pater secumque volutat</l>
                  <l n="119">diversos ducens animos, quae tale sequatur</l>
                  <l n="120">coniugium Stygiosque velit pro sole recessus. </l>
                  <l n="121">certa requirenti tandem sententia sedit.</l>
                  <l n="122">Hennaeae Cereri proles optata virebat</l>
                  <l n="123">unica, nec tribuit subolem Lucina secundam</l>
                  <l n="124">fessaque post primos haeserunt viscera partus</l>
                  <l n="125">infecunda quidem ; sed cunctis altior extat </l>
                  <l n="126">matribus et numeri damnum Proserpina pensat.</l>
                  <l n="127">hanc fovet, hanc sequitur : vitulam non blandius ambit</l>
                  <l n="128">torva parens, pedibus quae nondum proterit arva</l>
                  <l n="129">nec nova lunatae curvavit germina frontis.</l>
                  <l n="130">iam matura toro plenis adoleverat annis </l>
                  <l n="131">virginitas, tenerum iam pronuba flamma pudorem</l>
                  <l n="132">sollicitat mixtaque tremit formidine votum.</l>
                  <l n="133">personat aula procis : pariter pro virgine certant</l>
                  <l n="134">Mars clipeo melior, Phoebus praestantior arcu ;</l>
                  <l n="135">Mars donat Rhodopen, Phoebus largitur Amyclas </l>
                  <l n="136">et Delon Clariosque lares ; hinc aemula Iuno,</l>
                  <l n="137">hinc poscit Latona nurum. despexit utrumque</l>
                  <l n="138">flava Ceres raptusque timens (heu caeca futuri ! )</l>
                  <l n="139">commendat Siculis furtim sua gaudia terris</l>
                  <l n="140">                     
                     <del status="unremarkable">infidis Laribus natam commisit alendam, </del>
                  </l>
                  <l n="141">
                     <del>aethera deseruit Siculasque relegat in oras</del> 1</l>
                  <l n="142">ingenio confisa loci. Trinacria quondam</l>
                  <l n="143">Italiae pars iuncta fuit ; sed pontus et aestus</l>
                  <l n="144">mutavere situm. rupit confinia Nereus</l>
                  <l n="145">victor et abscissos interluit aequore montes, </l>
                  <pb n="v.2.p.304"/>
                  <l n="146">parvaque cognatas prohibent discrimina terras.</l>
                  <l n="147">nunc illam socia ruptam tellure trisulcam</l>
                  <l n="148">opposuit Natura mari : caput inde Pachyni</l>
                  <l n="149">respuit Ionias praetentis rupibus iras ;</l>
                  <l n="150">hinc latrat Gaetula Thetis Lilybaeaque pulsat </l>
                  <l n="151">brachia consurgens ; hinc indignata teneri</l>
                  <l n="152">concutit obiectum rabies Tyrrhena Pelorum.</l>
                  <l n="153">in medio scopulis se porrigit Aetna perustis,</l>
                  <l n="154">Aetna Giganteos numquam tacitura triumphos,</l>
                  <l n="155">Enceladi bustum, qui saucia terga revinctus </l>
                  <l n="156">spirat inexhaustum flagranti vulnere sulphur</l>
                  <l n="157">et, quotiens detractat onus cervice rebelli</l>
                  <l n="158">in laevum dextrumque latus, tunc insula fundo</l>
                  <l n="159">vellitur et dubiae nutant cum moenibus urbes.</l>
                  <l n="160">Aetnaeos apices solo cognoscere visu, </l>
                  <l n="161">non aditu temptare licet, pars cetera frondet</l>
                  <l n="162">arboribus ; teritur nullo cultore cacumen.</l>
                  <l n="163">nunc movet indigenas nimbos piceaque gravatum</l>
                  <l n="164">foedat nube diem, nunc motibus astra lacessit</l>
                  <l n="165">terrificis damnisque suis incendia nutrit. </l>
                  <l n="166">sed quamvis nimio fervens exuberet aestu,</l>
                  <l n="167">scit nivibus servare fidem pariterque favillis</l>
                  <l n="168">durescit glacies tanti secura vaporis,</l>
                  <l n="169">arcano defensa gelu, fumoque fideli</l>
                  <l n="170">lambit contiguas innoxia flamma pruinas. </l>
                  <l n="171">quae scopulos tormenta rotant ? quae tanta cavernas</l>
                  <pb n="v.2.p.306"/>
                  <l n="172">vis glomerat ? quo fonte ruit Vulcanius amnis ?</l>
                  <l n="173">sive quod obicibus discurrens ventus opertis</l>
                  <l n="174">offenso rimosa furit per saxa meatu,</l>
                  <l n="175">dum scrutatur iter, libertatemque reposcens </l>
                  <l n="176">putria multivagis populatur flatibus antra ;</l>
                  <l n="177">seu mare sulphurei ductum per viscera montis</l>
                  <l n="178">oppressis ignescit aquis et pondera librat.</l>
                  <l n="179">Hic ubi servandum mater fidissima pignus</l>
                  <l n="180">abdidit, ad Phrygios tendit secura penates </l>
                  <l n="181">turrigeramque petit Cybelen sinuosa draconum</l>
                  <l n="182">membra regens, volucri qui pervia nubila tractu</l>
                  <l n="183">signant et placidis umectant frena venenis :</l>
                  <l n="184">frontem crista tegit ; pingunt maculosa virentes</l>
                  <l n="185">terga notae ; rutilum squamis intermicat aurum. </l>
                  <l n="186">nunc spiris Zephyros tranant ; nunc arva volatu</l>
                  <l n="187">inferiore secant, cano rota pulvere labens</l>
                  <l n="188">sulcatam fecundat humum : flavescit aristis</l>
                  <l n="189">orbita ; surgentes condunt vestigia fruges ;</l>
                  <l n="190">vestit iter comitata seges. Iam linquitur Aetna </l>
                  <l n="191">totaque decrescit refugo Trinacria visu.</l>
                  <l n="192">heu quotiens praesaga mali violavit oborto</l>
                  <l n="193">rore genas ! quotiens oculos ad tecta retorsit</l>
                  <l n="194">talia voce movens : “salve, gratissima tellus,</l>
                  <l n="195">quam nos praetulimus caelo, tibi gaudia nostri </l>
                  <l n="196">sanguinis et caros uteri commendo labores.</l>
                  <l n="197">praemia digna manent : nullos patiere ligones</l>
                  <l n="198">et nullo rigidi versabere vomeris ictu.</l>
                  <l n="199">sponte tuus florebit ager ; cessante iuvenco</l>
                  <pb n="v.2.p.308"/>
                  <l n="200">ditior oblatas mirabitur incola messes.”</l>
                  <l n="201">sic ait et fulvis tetigit serpentibus Idam.</l>
                  <l n="202">Hic sedes augusta deae templique colendi</l>
                  <l n="203">relligiosa silex, densis quam pinus obumbrat</l>
                  <l n="204">frondibus et nulla lucos agitante procella</l>
                  <l n="205">stridula coniferis modulatur carmina ramis. </l>
                  <l n="206">terribiles intus thiasi vesanaque mixto</l>
                  <l n="207">concentu delubra gemunt ; ululatibus Ide</l>
                  <l n="208">bacchatur ; timidas inclinant Gargara silvas.</l>
                  <l n="209">postquam visa Ceres, mugitum tympana frenant ;</l>
                  <l n="210">conticuere chori ; Corybas non impulit ensem ; </l>
                  <l n="211">non buxus, non aera sonant blandasque leones</l>
                  <l n="212">summisere iubas. adytis gavisa Cybebe</l>
                  <l n="213">exilit et pronas intendit ad oscula turres.</l>
                  <l n="214">Viderat haec dudum summa speculatus ab arce</l>
                  <l n="215">Iuppiter ac Veneri mentis penetralia pandit : </l>
                  <l n="216">“curarum, Cytherea, tibi secreta fatebor.</l>
                  <l n="217">Candida Tartareo nuptum Proserpina regi</l>
                  <l n="218">iam pridem decreta dari : sic Atropos urget ;</l>
                  <l n="219">sic cecinit longaeva Themis, nunc matre remota</l>
                  <l n="220">rem peragi tempus. fines invade Sicanos </l>
                  <l n="221">et Cereris prolem patulis inludere campis,</l>
                  <l n="222">crastina puniceos cum lux detexerit ortus,</l>
                  <l n="223">coge tuis armata dolis, quibus urere cuncta,</l>
                  <l n="224">me quoque, saepe soles, cur ultima regna quiescunt ?</l>
                  <l n="225">nulla sit inmunis regio nullumque sub umbris </l>
                  <l n="226">pectus inaccensum Veneri. iam tristis Erinys</l>
                  <pb n="v.2.p.310"/>
                  <l n="227">sentiat ardores ; Acheron Ditisque severi</l>
                  <l n="228">ferrea lascivis mollescant corda sagittis.”</l>
                  <l n="229">Accelerat praecepta Venus ; iussuque parentis</l>
                  <l n="230">Pallas et inflexo quae terret Maenala cornu </l>
                  <l n="231">addunt se comites. divino semita gressu</l>
                  <l n="232">claruit, augurium qualis laturus iniquum</l>
                  <l n="233">praepes sanguineo dilabitur igne cometes</l>
                  <l n="234">prodigiale rubens : non illum navita tuto,</l>
                  <l n="235">non impune vident populi, sed crine minaci </l>
                  <l n="236">nuntiat aut ratibus ventos aut urbibus hostes.</l>
                  <l n="237">devenere locum, Cereris quo tecta nitebant</l>
                  <l n="238">Cyclopum firmata manu : stant ardua ferro</l>
                  <l n="239">moenia, ferrati postes, inmensaque nectit</l>
                  <l n="240">claustra chalybs. nullum tanto sudore Pyragmon </l>
                  <l n="241">nec Steropes construxit opus : non talibus umquam</l>
                  <l n="242">spiravere Notis animae nec flumine tanto</l>
                  <l n="243">incoctum maduit lassa cervice metallum.</l>
                  <l n="244">atria cingit ebur ; trabibus solidatur aenis</l>
                  <l n="245">culmen et in celsas surgunt electra columnas. </l>
                  <l n="246">Ipsa domum tenero mulcens Proserpina cantu</l>
                  <l n="247">inrita texebat rediturae munera matri.</l>
                  <l n="248">hic elementorum seriem sedesque paternas</l>
                  <l n="249">insignibat acu, veterem qua lege tumultum</l>
                  <l n="250">discrevit Natura parens et semina iustis </l>
                  <l n="251">discessere locis : quidquid leve, fertur in altum ;</l>
                  <l n="252">in medium graviora cadunt ; incanduit aer ;</l>
                  <l n="253">legit flamma polum ; fluxit mare ; terra pependit.</l>
                  <l n="254">nec color unus erat : Stellas accendit in auro,</l>
                  <pb n="v.2.p.312"/>
                  <l n="255">ostro fundit aquas. attollit litora gemmis </l>
                  <l n="256">filaque mentitos iamiam caelantia fluctus</l>
                  <l n="257">arte tument : credas inlidi cautibus algam</l>
                  <l n="258">et raucum bibulis inserpere murmur harenis.</l>
                  <l n="259">addit quinque plagas : mediam subtegmine rubro</l>
                  <l n="260">obsessam fervore notat ; squalebat inustus </l>
                  <l n="261">limes et adsiduo sitiebant stamina sole,</l>
                  <l n="262">vitales utrimque duas, quas mitis oberrat</l>
                  <l n="263">temperies habitanda viris ; in fine supremo</l>
                  <l n="264">torpentes traxit geminas brumaque perenni</l>
                  <l n="265">foedat et aeterno contristat frigore telas. </l>
                  <l n="266">nec non et patrui pingit sacraria Ditis</l>
                  <l n="267">fatalesque sibi Manes ; nec defuit omen,</l>
                  <l n="268">praescia nam subitis maduerunt fletibus ora.</l>
                  <l n="269">Coeperat et vitreis summo iam margine texti</l>
                  <l n="270">Oceanum sinuare vadis ; sed cardine verso </l>
                  <l n="271">cernit adesse deas imperfectumque laborem</l>
                  <l n="272">deserit et niveos infecit purpura vultus</l>
                  <l n="273">per liquidas succensa genas castaeque pudoris</l>
                  <l n="274">inluxere faces : non sic decus ardet eburnum,</l>
                  <l n="275">Lydia Sidonio quod femina tinxerit ostro. </l>
                  <l n="276">Merserat unda diem ; sparso nox umida somno</l>
                  <l n="277">languida caeruleis invexerat otia bigis,</l>
                  <l n="278">iamque viam Pluto superas molitur ad auras</l>
                  <l n="279">germani monitu. torvos invisa iugales</l>
                  <l n="280">Allecto temone ligat, qui pascua mandunt </l>
                  <l n="281">Cocyti pratisque Erebi nigrantibus errant</l>
                  <pb n="v.2.p.314"/>
                  <l n="282">stagnaque tranquillae potantes marcida Lethes</l>
                  <l n="283">aegra soporatis spumant oblivia linguis :</l>
                  <l n="284">Orphnaeus crudele micans Aethonque sagitta</l>
                  <l n="285">ocior et Stygii sublimis gloria Nycteus </l>
                  <l n="286">armenti Ditisque nota signatus Alastor.</l>
                  <l n="287">stabant ante fores iuncti saevumque fremebant</l>
                  <l n="288">crastina venturae spectantes gaudia praedae.</l>
               </div>
            </div>
            <div type="textpart" n="2" subtype="book">
               <div type="textpart" n="pr" xml:id="poem.34" subtype="poem">
                  <head>Praefatio</head>
                  
                  <l n="1">Otia sopitis ageret cum cantibus Orpheus</l>
                  <l n="2">neglectumque diu deposuisset opus,</l>
                  <l n="3">lugebant erepta sibi solacia Nymphae,</l>
                  <l n="4">quaerebant dulces flumina maesta modos.'</l>
                  <l n="5">saeva feris natura redit metuensque leonem </l>
                  <l n="6">implorat citharae vacca tacentis opem.</l>
                  <l n="7">illius et duri flevere silentia montes</l>
                  <l n="8">silvaque Bistoniam saepe secuta chelyn.</l>
                  <l n="9">Sed postquam Inachiis Alcides missus ab Argis</l>
                  <l n="10">Thracia pacifero contigit arva pede </l>
                  <l n="11">diraque sanguinei vertit praesaepia regis</l>
                  <l n="12">et Diomedeos gramine pavit equos,</l>
                  <l n="13">tunc patriae festo laetatus tempore vates</l>
                  <l n="14">desuetae repetit fila canora lyrae</l>
                  <pb n="v.2.p.316"/>
                  <l n="15">et resides levi modulatus pectine nervos </l>
                  <l n="16">pollice festivo nobile duxit ebur.</l>
                  <l n="17">vix auditus erat : venti frenantur et undae,</l>
                  <l n="18">pigrior adstrictis torpuit Hebrus aquis,</l>
                  <l n="19">porrexit Rhodope sitientes carmina rupes,</l>
                  <l n="20">excussit gelidas pronior Ossa nives ; </l>
                  <l n="21">ardua nudato descendit populus Haemo</l>
                  <l n="22">et comitem quercum pinus amica trahit,</l>
                  <l n="23">Cirrhaeasque dei quamvis despexerit artes,</l>
                  <l n="24">Orpheis laurus vocibus acta venit.</l>
                  <l n="25">securum blandi leporem fovere Molossi </l>
                  <l n="26">vicinumque lupo praebuit agna latus.</l>
                  <l n="27">concordes varia ludunt cum tigride dammae ;</l>
                  <l n="28">Massylam cervi non timuere iubam.</l>
                  <l n="29">Ille novercales stimulos actusque canebat</l>
                  <l n="30">Herculis et forti monstra subacta manu, 30</l>
                  <l n="31">quod timidae matri pressos ostenderit angues</l>
                  <l n="32">intrepidusque fero riserit ore puer :</l>
                  <l n="33">“te neque Dictaeas quatiens mugitibus urbes</l>
                  <l n="34">taurus nec Stygii terruit ira canis,</l>
                  <l n="35">non leo sidereos caeli rediturus ad axes, </l>
                  <l n="36">non Erymanthei gloria montis aper.</l>
                  <l n="37">solvis Amazonios cinctus, Stymphalidas arcu</l>
                  <l n="38">adpetis, occiduo ducis ab orbe greges</l>
                  <l n="39">tergeminique ducis numerosos deicis artus</l>
                  <l n="40">et totiens uno victor ab hoste redis. </l>
                  <l n="41">non cadere Antaeo, non crescere profuit hydrae ;</l>
                  <l n="42">nec cervam volucres eripuere pedes.</l>
                  <l n="43">Caci flamma perit ; rubuit Busiride Nilus ;</l>
                  <l n="44">prostratis maduit nubigenis Pholoe.</l>
                  <pb n="v.2.p.318"/>
                  <l n="45">te Libyci stupuere sinus, te maxima Tethys </l>
                  <l n="46">horruit, imposito cum premerere polo :</l>
                  <l n="47">firmior Herculea mundus cervice pependit ;</l>
                  <l n="48">lustrarunt umeros Phoebus et astra tuos.”</l>
                  <l n="49">Thracius haec vates. sed tu Tirynthius alter,</l>
                  <l n="50">Florentine, mihi : tu mea plectra moves </l>
                  <l n="51">antraque Musarum longo torpentia somno</l>
                  <l n="52">excutis et placidos ducis in orbe chores.</l>
               </div>
               <div type="textpart" xml:id="poem.35" n="1" subtype="poem">
                  
                  <l n="1">Impulit Ionios praemisso lumine fluctus</l>
                  <l n="2">nondum pura dies ; tremulis vibratur in undis</l>
                  <l n="3">ardor et errantes ludunt per caerula flammae.</l>
                  <l n="4">iamque audax animi fidaeque oblita parentis</l>
                  <l n="5">fraude Dionaea riguos Proserpina saltus </l>
                  <l n="6">(sic Parcae iussere) petit, ter cardine verso</l>
                  <l n="7">praesagum cecinere fores ; ter conscia fati</l>
                  <l n="8">flebile terrificis gemuit mugitibus Aetna,</l>
                  <l n="9">nullis ilia tamen monstris nulloque tenetur</l>
                  <l n="10">prodigio. comites gressum iunxere sorores. </l>
                  <l n="11">Prima dolo gaudens et tanto concita voto</l>
                  <l n="12">it Venus et raptus metitur corde futuros,</l>
                  <l n="13">iam dirum flexura chaos, iam Dite subacto</l>
                  <l n="14">ingenti famulos Manes ductura triumpho.</l>
                  <pb n="v.2.p.320"/>
                  <l n="15">illi multifidos crinis sinuatur in orbes </l>
                  <l n="16">Idalia divisus acu ; sudata marito</l>
                  <l n="17">fibula purpureos gemma suspendit amictus.</l>
                  <l n="18">Candida Parrhasii post hanc regina Lycaei</l>
                  <l n="19">et Pandionias quae cuspide protegit arces,</l>
                  <l n="20">utraque virgo, ruunt : haec tristibus aspera bellis. </l>
                  <l n="21">haec metuenda feris. Tritonia casside fulva</l>
                  <l n="22">caelatum Typhona gerit, qui summa peremptus</l>
                  <l n="23">ima parte viget, moriens et parte superstes ;</l>
                  <l n="24">hastaque terribili surgens per nubila ferro</l>
                  <l n="25">instar habet silvae ; tantum stridentia colla </l>
                  <l n="26">Gorgonis obtentu pallae fulgentis inumbrat.</l>
                  <l n="27">at Triviae lenis species et multus in ore</l>
                  <l n="28">frater erat, Phoebique genas et lumina Phoebi</l>
                  <l n="29">esse putes, solusque dabat discrimina sexus.</l>
                  <l n="30">brachia nuda nitent ; levibus proiecerat auris </l>
                  <l n="31">indociles errare comas, arcuque remisso</l>
                  <l n="32">otia nervus agit ; pendent post terga sagittae.</l>
                  <l n="33">crispatur gemino vestis Gortynia cinctu</l>
                  <l n="34">poplite fusa tenus, motoque in stamine Delos</l>
                  <l n="35">errat et aurato trahitur circumflua ponto. </l>
                  <l n="36">Quas inter Cereris proles, nunc gloria matris,</l>
                  <l n="37">mox dolor, aequali tendit per gramina passu</l>
                  <l n="38">nec membris nec honore minor potuitque videri</l>
                  <l n="39">Pallas, si clipeum ferret, si spicula, Phoebe,</l>
                  <l n="40">collectae tereti nodantur iaspide vestes. </l>
                  <l n="41">pectinis ingenio numquam felicior artis</l>
                  <l n="42">contigit eventus ; nulli sic consona telae</l>
                  <l n="43">fila nec in tantum veri duxere figuras.</l>
                  <l n="44">hic Hyperionio Solem de semine nasci</l>
                  <pb n="v.2.p.322"/>
                  <l n="45">fecerat et pariter, forma sed dispare, Lunam, </l>
                  <l n="46">aurorae noctisque duces ; cunabula Tethys</l>
                  <l n="47">praebet et infantes gremio solatur anhelos</l>
                  <l n="48">caeruleusque sinus roseis radiatur alumnis.</l>
                  <l n="49">invalidum dextro portat Titana lacerto</l>
                  <l n="50">nondum luce gravem nec pubescentibus alte </l>
                  <l n="51">cristatum radiis : primo clementior aevo</l>
                  <l n="52">fingitur et tenerum vagitu despuit ignem.</l>
                  <l n="53">laeva parte soror vitrei libamina potat</l>
                  <l n="54">uberis et parvo signatur tempora cornu.</l>
                  <l n="55">Tali luxuriat cultu. comitantur euntem </l>
                  <l n="56">Naides et socia stipant utrimque caterva,</l>
                  <l n="57">quae fontes, Crinise, tuos et saxa rotantem</l>
                  <l n="58">Pantagiam nomenque Gelam qui praebuit urbi</l>
                  <l n="59">concelebrant, quas pigra vado Camerina palustri,</l>
                  <l n="60">quas Arethusaei latices, quas advena nutrit </l>
                  <l n="61">Alpheus ; Cyane totum supereminet agmen :</l>
                  <l n="62">qualis Amazonidum peltis exultat aduncis</l>
                  <l n="63">pulchra cohors, quotiens Arcton populata virago</l>
                  <l n="64">Hippolyte niveas ducit post proelia turmas,</l>
                  <l n="65">seu flavos stravere Getas seu forte rigentem </l>
                  <l n="66">Thermodontiaca Tanaim fregere securi ;</l>
                  <l n="67">aut quales referunt Baccho sollemnia Nymphae</l>
                  <l n="68">Maeoniae, quas Hermus alit, ripasque paternas</l>
                  <l n="69">percurrunt auro madidae : laetatur in antro</l>
                  <l n="70">amnis et undantem declinat prodigus urnam. </l>
                  <l n="71">Viderat herboso sacrum de vertice vulgus</l>
                  <l n="72">Henna parens florum curvaque in valle sedentem</l>
                  <pb n="v.2.p.324"/>
                  <l n="73">compellat Zephyrum : “pater o gratissime veris,</l>
                  <l n="74">qui mea lascivo regnas per prata meatu</l>
                  <l n="75">semper et adsiduis inroras flatibus annum, </l>
                  <l n="76">respice Nympharum coetus et celsa Tonantis</l>
                  <l n="77">germina per nostros dignantia ludere campos.</l>
                  <l n="78">nunc adsis faveasque, precor ; nunc omnia fetu</l>
                  <l n="79">pubescant virgulta velis, ut fertilis Hybla</l>
                  <l n="80">invideat vincique suos non abnuat hortos. </l>
                  <l n="81">quidquid turiferis spirat Panchaia silvis,</l>
                  <l n="82">quidquid odoratus longe blanditur Hydaspes,</l>
                  <l n="83">quidquid ab extremis ales longaeva colonis</l>
                  <l n="84">colligit optato repetens exordia leto, 1</l>
                  <l n="85">in venas disperge meas et flamine largo </l>
                  <l n="86">rura fove. merear divino pollice carpi</l>
                  <l n="87">et nostris cupiant ornari numina sertis.”</l>
                  <l n="88">Dixerat ; ille novo madidantes nectare pennas</l>
                  <l n="89">concutit et glaebas fecundo rore maritat,</l>
                  <l n="90">quaque volat vernus sequitur rubor ; omnis in herbas</l>
                  <l n="91">turget humus medioque patent convexa sereno. </l>
                  <l n="92">sanguineo splendore rosas, vaccinia nigro</l>
                  <l n="93">imbuit et dulci violas ferrugine pingit.</l>
                  <l n="94">Parthica quae tantis variantur cingula gemmis</l>
                  <l n="95">regales vinctura sinus ? quae vellera tantum </l>
                  <l n="96">ditibus Assyrii spumis fucantur aeni ?</l>
                  <l n="97">non tales volucer pandit Iunonius alas,</l>
                  <l n="98">nec sic innumeros arcu mutante colores</l>
                  <l n="99">incipiens redimitur hiems, cum tramite flexo</l>
                  <l n="100">semita discretis interviret umida nimbis. </l>
                  <l n="101">Forma loci superat flores : curvata tumore</l>
                  <l n="102">parvo planities et mollibus edita clivis</l>
                  <l n="103">creverat in collem ; vivo de pumice fontes</l>
                  <pb n="v.2.p.326"/>
                  <l n="104">roscida mobilibus lambebant gramina rivis,</l>
                  <l n="105">silvaque torrentes ramorum frigore soles </l>
                  <l n="106">temperat et medio brumam sibi vindicat aestu :</l>
                  <l n="107">apta fretis abies, bellis accommoda cornus,</l>
                  <l n="108">quercus amica Iovi, tumulos tectura cupressus,</l>
                  <l n="109">ilex plena favis, venturi praescia laurus ;</l>
                  <l n="110">fluctuat hic denso crispata cacumine buxus, </l>
                  <l n="111">hic hederae serpunt, hic pampinus induit ulmos.</l>
                  <l n="112">haud procul inde lacus (Pergum dixere Sicani)</l>
                  <l n="113">panditur et nemorum frondoso margine cinctus</l>
                  <l n="114">vicinis pallescit aquis : admittit in altum</l>
                  <l n="115">cernentes oculos et late pervius umor </l>
                  <l n="116">ducit inoffensos liquido sub flumine visus</l>
                  <l n="117">imaque perspicui prodit secreta profundi,</l>
                  <l n="118">                     
                     <del status="unremarkable">huc elapsa cohors gaudet per florida rura.</del>1</l>
                  <l n="119">Hortatur Cytherea legant. “nunc ite, sorores.</l>
                  <l n="120">dum matutinis praesudat solibus aer, </l>
                  <l n="121">dum meus umectat flaventes Lucifer agros</l>
                  <l n="122">roranti praevectus equo.” sic fata doloris</l>
                  <l n="123">carpit signa sui. varios tum cetera saltus</l>
                  <l n="124">invasere cohors : credas examina fundi</l>
                  <l n="125">Hyblaeum raptura thymum, cum cerea reges </l>
                  <l n="126">castra movent fagique cava dimissus ab alvo</l>
                  <l n="127">mellifer electis exercitus obstrepit herbis.</l>
                  <l n="128">pratorum spoliatur honos : haec lilia fuscis</l>
                  <l n="129">intexit violis ; hanc mollis amaracus ornat ;</l>
                  <l n="130">haec graditur stellata rosis, haec alba ligustris. </l>
                  <l n="131">te quoque, flebilibus maerens Hyacinthe figuris,</l>
                  <pb n="v.2.p.328"/>
                  <l n="132">Narcissumque metunt, nunc inclita germina veris,</l>
                  <l n="133">praestantes olim pueros : tu natus Amyclis,</l>
                  <l n="134">hunc Helicon genuit ; disci te perculit error,</l>
                  <l n="135">hunc fontis decepit amor ; te fronte retusa </l>
                  <l n="136">Delius, hunc fracta Cephisus harundine luget.</l>
                  <l n="137">Aestuat ante alias avido fervore legendi</l>
                  <l n="138">frugiferae spes una deae : nunc vimine texto</l>
                  <l n="139">ridentes calathos spoliis agrestibus implet ;</l>
                  <l n="140">nunc sociat flores seseque ignara coronat, </l>
                  <l n="141">augurium fatale tori, quin ipsa tubarum</l>
                  <l n="142">armorumque potens dextram, qua fortia turbat</l>
                  <l n="143">agmina, qua stabiles portas et moenia vellit,</l>
                  <l n="144">iam levibus laxat studiis hastamque reponit</l>
                  <l n="145">insuetisque docet galeam mitescere sertis ; </l>
                  <l n="146">ferratus lascivit apex horrorque recessit</l>
                  <l n="147">Martius et cristae pacato fulgure vernant.</l>
                  <l n="148">nec, quae Parthenium canibus scrutatur odorem,</l>
                  <l n="149">aspernata choros libertatemque comarum</l>
                  <l n="150">iniecta voluit tantum frenare corona. </l>
                  <l n="151">Talia virgineo passim dum more geruntur,</l>
                  <l n="152">ecce repens mugire fragor, confligere turres</l>
                  <l n="153">pronaque vibratis radicibus oppida verti.</l>
                  <l n="154">causa latet ; dubios agnovit sola tumultus</l>
                  <l n="155">diva Paphi mixtoque metu perterrita gaudet. </l>
                  <l n="156">iamque per anfractus animarum rector opacos</l>
                  <l n="157">sub terris quaerebat iter gravibusque gementem</l>
                  <pb n="v.2.p.330"/>
                  <l n="158">Enceladum calcabat equis : inmania findunt</l>
                  <l n="159">membra rotae pressaque Gigas cervice laborat</l>
                  <l n="160">Sicaniam cum Dite ferens temptatque moveri </l>
                  <l n="161">debilis et fessis serpentibus impedit axem :</l>
                  <l n="162">fumida sulphureo praelabitur orbita dorso.</l>
                  <l n="163">ac velut occultus securum pergit in hostem</l>
                  <l n="164">miles et effossi subter fundamina campi</l>
                  <l n="165">transilit inclusos arcano limite muros </l>
                  <l n="166">turbaque deceptas victrix erumpit in arces</l>
                  <l n="167">terrigenas imitata viros : sic tertius heres</l>
                  <l n="168">Saturni latebrosa vagis rimatur habenis</l>
                  <l n="169">devia, fraternum cupiens exire sub orbem.</l>
                  <l n="170">ianua nulla patet ; prohibebant undique rupes </l>
                  <l n="171">oppositae duraque deum compage tenebant :</l>
                  <l n="172">non tulit ille moras indignatusque trabali</l>
                  <l n="173">saxa ferit sceptro. Siculae sonuere cavernae ;</l>
                  <l n="174">turbatur Lipare ; stupuit fornace relicta</l>
                  <l n="175">Mulciber et trepidus deiecit fulmina Cyclops. </l>
                  <l n="176">audiit et si quem glacies Alpina coercet</l>
                  <l n="177">et qui te, Latiis nondum praecincte tropaeis</l>
                  <l n="178">Thybri, natat missamque Pado qui remigat alnum.</l>
                  <l n="179">Sic, cum Thessaliam scopulis inclusa teneret</l>
                  <l n="180">Peneo stagnante palus et mersa negaret </l>
                  <l n="181">arva coli, trifida Neptunus cuspide montes</l>
                  <l n="182">impulit adversos : tunc forti saucius ictu</l>
                  <l n="183">dissiluit gelido vertex Ossaeus Olympo ;</l>
                  <l n="184">carceribus laxantur aquae factoque meatu</l>
                  <l n="185">redduntur fluviusque mari tellusque colonis, </l>

                  <pb n="v.2.p.332"/>
                  <l n="186">Postquam victa manu duros Trinacria nexus</l>
                  <l n="187">solvit et inmenso late discessit hiatu,</l>
                  <l n="188">adparet subitus caelo timor ; astra viarum</l>
                  <l n="189">mutavere fidem ; vetito se proluit Arctos</l>
                  <l n="190">aequore ; praecipitat pigrum formido Booten ; </l>
                  <l n="191">horruit Orion, audito palluit Atlas</l>
                  <l n="192">hinnitu : rutilos obseurat anhelitus axes</l>
                  <l n="193">discolor et longa solitos caligine pasci</l>
                  <l n="194">terruit orbis equos ; pressis haesere lupatis</l>
                  <l n="195">attoniti meliore polo rursusque verendum </l>
                  <l n="196">in chaos obliquo certant temone reverti.</l>
                  <l n="197">mox ubi pulsato senserunt verbera tergo</l>
                  <l n="198">et solem didicere pati, torrentius amne</l>
                  <l n="199">hiberno tortaque ruunt pernicius hasta :</l>
                  <l n="200">quantum non iaculum Parthi, non impetus Austri,</l>
                  <l n="201">non leve sollicitae mentis discurrit acumen. </l>
                  <l n="202">sanguine frena calent ; corrumpit spiritus auras</l>
                  <l n="203">letifer ; infectae spumis vitiantur harenae.</l>
                  <l n="204">Diffugiunt Nymphae : rapitur Proserpina curru</l>
                  <l n="205">imploratque deas. iam Gorgonis ora revelat </l>
                  <l n="206">Pallas et intento festinat Delia telo</l>
                  <l n="207">nec patruo cedunt ; stimulat communis in arma</l>
                  <l n="208">virginitas crimenque feri raptoris acerbat.</l>
                  <l n="209">ille velut stabuli decus armentique iuvencam</l>
                  <l n="210">cum leo possedit nudataque viscera fodit </l>
                  <l n="211">unguibus et rabiem totos exegit in armos :</l>
                  <l n="212">stat crassa turpis sanie nodosque iubarum</l>
                  <l n="213">excutit et viles pastorum despicit iras.</l>
                  <l n="214">
                     <q type="spoken">Ignavi domitor vulgi, deterrime fratrum,</q>
                  </l>
                     <pb n="v.2.p.334"/>
                  <l n="215">Pallas ait “quae te stimulis facibusque profanis </l>
                  <l n="216">Eumenides movere ? tua cur sede relicta</l>
                  <l n="217">audes Tartareis caelum incestare quadrigis ?</l>
                  <l n="218">sunt tibi deformes Dirae, sunt altera Lethes</l>
                  <l n="219">numina, sunt tristes Furiae, te coniuge dignae.</l>
                  <l n="220">fratris linque domos, alienam desere sortem ; </l>
                  <l n="221">nocte tua contentus abi. quid viva sepultis</l>
                  <l n="222">admisces ? nostrum quid proteris advena mundum ? ”</l>
                  <l n="223">Talia vociferans avidos transire minaci</l>
                  <l n="224">cornipedes umbone ferit clipeique retardat</l>
                  <l n="225">obice Gorgoneisque premens adsibilat hydris </l>
                  <l n="226">praetentaque operit crista ; libratur in ictum</l>
                  <l n="227">fraxinus et nigros inluminat obvia currus</l>
                  <l n="228">missaque paene foret, ni Iuppiter aethere summo</l>
                  <l n="229">pacificas rubri torsisset fulminis alas</l>
                  <l n="230">confessus socerum : nimbis hymenaeus hiulcis </l>
                  <l n="231">intonat et testes firmant conubia flammae.</l>
                  <l n="232">Invitae cessere deae. compescuit arcum</l>
                  <l n="233">cum gemitu talesque dedit Latonia voces :</l>
                  <l n="234">“Sis memor o longumque vale, reverentia patris</l>
                  <l n="235">obstitit auxilio, nec nos defendere contra </l>
                  <l n="236">possumus : imperio vinci maiore fatemur.</l>
                  <l n="237">in te coniurat genitor populoque silenti</l>
                  <l n="238">traderis, heu ! cupidas non adspectura sorores</l>
                  <l n="239">aequalemque chorum. quae te fortuna supernis</l>
                  <l n="240">abstulit et tanto damnavit sidera luctu ? </l>
                  <pb n="v.2.p.336"/>
                  <l n="241">iam neque Partheniis innectere retia lustris</l>
                  <l n="242">nec pharetram gestare libet : securus ubique</l>
                  <l n="243">spumet aper saevique fremant impune leones.</l>
                  <l n="244">te iuga Taygeti, posito te Maenala flebunt</l>
                  <l n="245">venatu maestoque diu lugebere Cyntho. </l>
                  <l n="246">Delphica quin etiam fratris delubra tacebunt.”</l>
                  <l n="247">Interea volucri fertur Proserpina curru</l>
                  <l n="248">caesariem diffusa Noto planctuque lacertos</l>
                  <l n="249">verberat et questus ad nubila tendit inanes :</l>
                  <l n="250">“Cur non torsisti manibus fabricata Cyclopum </l>
                  <l n="251">in nos tela, pater ? sic me crudelibus umbris</l>
                  <l n="252">tradere, sic toto placuit depellere mundo ?</l>
                  <l n="253">nullane te flectit pietas nihilumque paternae</l>
                  <l n="254">mentis inest ? tantas quo crimine movimus iras ?</l>
                  <l n="255">non ego, cum rapido saeviret Phlegra tumultu, </l>
                  <l n="256">signa deis adversa tuli ; non robore nostro</l>
                  <l n="257">Ossa pruinosum vexit glacialis Olympum.</l>
                  <l n="258">quod conata nefas aut cuius conscia culpae</l>
                  <l n="259">exul ad inmanes Erebi detrudor hiatus ?</l>
                  <l n="260">o fortunatas alii quascumque tulere </l>
                  <l n="261">raptores ! saltem communi sole fruuntur.</l>
                  <l n="262">sed mihi virginitas pariter caelumque negatur,</l>
                  <l n="263">eripitur cum luce pudor, terrisque relictis</l>
                  <l n="264">servitum Stygio ducor captiva tyranno.</l>
                  <l n="265">o male dilecti flores despectaque matris </l>
                  <l n="266">consilia ! o Veneris deprensae serius artes !</l>
                  <l n="267">mater, io ! seu te Phrygiis in vallibus Idae</l>
                  <l n="268">Mygdonio buxus circumsonat horrida cantu,</l>
                  <pb n="v.2.p.338"/>
                  <l n="269">seu tu sanguineis ululantia Dindyma Gallis</l>
                  <l n="270">incolis et strictos Curetum respicis enses : </l>
                  <l n="271">exitio succurre meo ! compesce furentem !</l>
                  <l n="272">comprime ferales torvi praedonis habenas ! ”</l>
                  <l n="273">Talibus ille ferox dictis fletuque decoro</l>
                  <l n="274">vincitur et primi suspiria sensit amoris.</l>
                  <l n="275">tunc ferrugineo lacrimas deterget amictu </l>
                  <l n="276">et placida maestum solatur voce dolorem :</l>
                  <l n="277">“Desine funestis animum, Proserpina, curis</l>
                  <l n="278">et vano vexare metu. maiora dabuntur</l>
                  <l n="279">sceptra nec indigni taedas patiere mariti.</l>
                  <l n="280">ille ego Saturni proles, cui machina rerum </l>
                  <l n="281">servit et inmensum tendit per inane potestas.</l>
                  <l n="282">amissum ne crede diem : sunt altera nobis</l>
                  <l n="283">sidera, sunt orbes alii, lumenque videbis</l>
                  <l n="284">purius Elysiumque magis mirabere solem</l>
                  <l n="285">cultoresque pios ; illic pretiosior aetas, </l>
                  <l n="286">aurea progenies habitat, semperque tenemus</l>
                  <l n="287">quod superi meruere semel. nec mollia desunt</l>
                  <l n="288">prata tibi ; Zephyris illic melioribus halant</l>
                  <l n="289">perpetui flores, quos nec tua protulit Henna,</l>
                  <l n="290">est etiam lucis arbor praedives opacis </l>
                  <l n="291">fulgentes viridi ramos curvata metallo :</l>
                  <l n="292">haec tibi sacra datur fortunatumque tenebis</l>
                  <l n="293">autumnum et fulvis semper ditabere pomis.</l>
                  <l n="294">parva loquor : quidquid liquidus complectitur aer,</l>
                  <l n="295">quidquid alit tellus, quidquid maris aequora verrunt,</l>
                  <l n="296">quod fluvii volvunt, quod nutrivere paludes, </l>
                  <l n="297">cuncta tuis pariter cedent animalia regnis</l>
                  <l n="298">lunari subiecta globo, qui septimus auras</l>
                  <l n="299">ambit et aeternis mortalia separat astris.</l>
                  <pb n="v.2.p.340"/>
                  <l n="300">sub tua purpurei venient vestigia reges </l>
                  <l n="301">deposito luxu turba cum paupere mixti</l>
                  <l n="302">(omnia mors aequat) ; tu damnatura nocentes,</l>
                  <l n="303">tu requiem latura piis ; te iudice sontes</l>
                  <l n="304">improba cogentur vitae commissa fateri.</l>
                  <l n="305">accipe Lethaeo famulas cum gurgite Parcas, </l>
                  <l n="306">sitque ratum quodcumque voles.” Haec fatus ovantes</l>
                  <l n="307">exhortatur equos et Tartara mitior intrat.</l>
                  <l n="308">conveniunt animae, quantas violentior Auster</l>
                  <l n="309">decutit arboribus frondes aut nubibus imbres</l>
                  <l n="310">colligit aut frangit fluctus aut torquet harenas ; </l>
                  <l n="311">cunctaque praecipiti stipantur saecula cursu</l>
                  <l n="312">insignem visura nurum. mox ipse serenus</l>
                  <l n="313">ingreditur facili passus mollescere risu</l>
                  <l n="314">dissimilisque sui. dominis intrantibus ingens</l>
                  <l n="315">adsurgit Phlegethon : flagrantibus hispida rivis </l>
                  <l n="316">barba madet totoque fluunt incendia vultu.</l>
                  <l n="317">Occurrunt properi lecta de plebe ministri :</l>
                  <l n="318">pars altos revocant currus frenisque solutis</l>
                  <l n="319">vertunt emeritos ad pascua nota iugales ;</l>
                  <l n="320">pars aulaea tenent ; alii praetexere ramis </l>
                  <l n="321">limina et in thalamum cultas extollere vestes.</l>
                  <l n="322">reginam casto cinxerunt agmine matres</l>
                  <l n="323">Elysiae teneroque levant sermone timores</l>
                  <l n="324">et sparsos religant crines et vultibus addunt</l>
                  <l n="325">flammea sollicitum pudorem. </l>
                  <l n="326">Pallida laetatur regio gentesque sepultae</l>
                  <pb n="v.2.p.342"/>
                  <l n="327">luxuriant epulisque vacant genialibus umbrae.</l>
                  <l n="328">grata coronati peragunt convivia Manes ;</l>
                  <l n="329">rumpunt insoliti tenebrosa silentia cantus ;</l>
                  <l n="330">sedantur gemitus. Erebi se sponte relaxat </l>
                  <l n="331">squalor et aeternam patitur rarescere noctem,</l>
                  <l n="332">urna nec incertas versat Minoia sortes.</l>
                  <l n="333">verbera nulla sonant nulloque frementia luctu</l>
                  <l n="334">impia dilatis respirant Tartara poenis :</l>
                  <l n="335">non rota suspensum praeceps Ixiona torquet ; </l>
                  <l n="336">non aqua Tantaleis subducitur invida labris.</l>
                  <l n="337">solvitur Ixion et Tantalus invenit undas</l>
                  <l n="338">et Tityos tandem spatiosos erigit artus</l>
                  <l n="339">squalentisque novem detexit iugera campi</l>
                  <l n="340">(tantus erat), laterisque piger sulcator opaci </l>
                  <l n="341">invitus trahitur lasso de pectore vultur</l>
                  <l n="342">abreptasque dolet iam non sibi crescere fibras.</l>
                  <l n="343">Oblitae scelerum formidatique furoris</l>
                  <l n="344">Eumenides cratera parant et vina feroci</l>
                  <l n="345">crine bibunt flexisque minis iam lene canentes </l>
                  <l n="346">extendunt socios ad pocula plena cerastas</l>
                  <l n="347">et festas alio succendunt lumine taedas.</l>
                  <l n="348">tunc et pestiferi pacatum flumen Averni</l>
                  <l n="349">innocuae transistis, aves, flatumque repressit</l>
                  <l n="350">Amsanctus : fixo tacuit torrente vorago. </l>
                  <l n="351">tunc Acheronteos mutato gurgite fontes</l>
                  <l n="352">lacte novo tumuisse ferunt, hederisque virentem</l>
                  <l n="353">Cocyton dulci perhibent undasse Lyaeo.</l>
                  <l n="354">stamina nec rumpit Lachesis ; nec turbida sacris</l>
                  <l n="355">obstrepitant lamenta choris. mors nulla vagatur </l>
                  <pb n="v.2.p.344"/>
                  <l n="356">in terris, nullique rogum planxere parentes.</l>
                  <l n="357">navita non moritur fluctu, non cuspide miles ;</l>
                  <l n="358">oppida funerei pollent inmunia leti,</l>
                  <l n="359">impexamque senex velavit harundine frontem</l>
                  <l n="360">portitor et vacuos egit cum carmine remos. </l>
                  <l n="361">Iam suus inferno processerat Hesperus orbi :</l>
                  <l n="362">ducitur in thalamum virgo. stat pronuba iuxta</l>
                  <l n="363">stellantes Nox picta sinus tangensque cubile</l>
                  <l n="364">omina perpetuo genitalia foedere sancit ;</l>
                  <l n="365">exultant cum voce pii Ditisque sub aula </l>
                  <l n="366">talia pervigili sumunt exordia plausu :</l>
                  <l n="367">“Nostra potens Iuno tuque o germane Tonantis</l>
                  <l n="368">et gener, unanimi consortia discite somni</l>
                  <l n="369">mutuaque alternis innectite vota lacertis.</l>
                  <l n="370">iam felix oritur proles ; iam laeta futuros </l>
                  <l n="371">expectat Natura deos. nova numina rebus</l>
                  <l n="372">addite et optatos Cereri proferte nepotes.”</l>
                  
               </div>
            </div>
            <div type="textpart" n="3" xml:id="poem.36" subtype="book">
               <div type="textpart" subtype="poem" n="1">
               <l n="1">Iuppiter interea cinctam Thaumantida nimbis</l>
               <l n="2">ire iubet totoque deos arcessere mundo.</l>
               <l n="3">ilia colorato Zephyros illapsa volatu</l>
               <l n="4">numina conclamat pelagi Nymphasque morantes</l>
               <l n="5">increpat et Fluvios umentibus evocat antris. </l>
               <pb n="v.2.p.346"/>
               <l n="6">ancipites trepidique ruunt, quae causa quietos</l>
               <l n="7">excierit, tanto quae res agitanda tumultu.</l>
               <l n="8">ut patuit stellata domus, considere iussi,</l>
               <l n="9">nec confusus honor : caelestibus ordine sedes</l>
               <l n="10">prima datur ; tractum proceres tenuere secundum </l>
               <l n="11">aequorei, placidus Nereus reverendaque Phorci</l>
               <l n="12">canities ; Glaucum series extrema biformem</l>
               <l n="13">accipit et certo mansurum Protea vultu.</l>
               <l n="14">nec non et senibus Fluviis concessa sedendi</l>
               <l n="15">gloria ; plebeio stat cetera more iuventus, </l>
               <l n="16">mille Amnes. liquidis incumbunt patribus udae</l>
               <l n="17">Naides et taciti mirantur sidera Fauni.</l>
               <l n="18">Tum gravis ex alto genitor sic orsus Olympo :</l>
               <l n="19">“abduxere meas iterum mortalia curas</l>
               <l n="20">iam pridem neglecta mihi, Saturnia postquam </l>
               <l n="21">otia et ignavi senium cognovimus aevi ;</l>
               <l n="22">sopitosque diu populos torpore paterno</l>
               <l n="23">sollicitae placuit stimulis impellere vitae,</l>
               <l n="24">incultis ne sponte seges grandesceret arvis,</l>
               <l n="25">undaret neu silva favis, neu vina tumerent </l>
               <l n="26">fontibus et totae fremerent in pocula ripae</l>
               <l n="27">(haud equidem invideo  —  neque enim livescere fas est</l>
               <l n="28">vel nocuisse deos  —  sed, quod dissuasor honesti</l>
               <l n="29">luxus et humanas oblimat copia mentes),</l>
               <l n="30">provocet ut segnes animos rerumque remotas </l>
               <l n="31">ingeniosa vias paulatim exploret egestas</l>
               <l n="32">utque artes pariat sollertia, nutriat usus.</l>
               <l n="33">Nunc mihi cum magnis instat Natura querellis</l>
               <pb n="v.2.p.348"/>
               <l n="34">humanum relevare genus, durumque tyrannum</l>
               <l n="35">inmitemque vocat regnataque saecula patri </l>
               <l n="36">commemorat parcumque Iovem se divite clamat,</l>
               <l n="37">qui campos horrere situ dumisque repleri</l>
               <l n="38">rura velim, nullis exornem fructibus annum.</l>
               <l n="39">se iam, quae genetrix mortalibus ante fuisset,</l>
               <l n="40">in dirae subito mores transisse novercae ; </l>
               <l n="41">“quid mentem traxisse polo, quid profuit altum</l>
               <l n="42">erexisse caput, pecudum si more pererrant</l>
               <l n="43">avia, si frangunt communia pabula glandes ?</l>
               <l n="44">haecine vita iuvat silvestribus abdita 1 lustris,</l>
               <l n="45">indiscreta feris ?” tales cum saepe parentis </l>
               <l n="46">pertulerim questus, tandem clementior orbi</l>
               <l n="47">Chaonio statui gentes avertere victu :</l>
               <l n="48">atque adeo Cererem, quae nunc ignara malorum</l>
               <l n="49">verberat Idaeos torva cum matre leones,</l>
               <l n="50">per mare, per terras avido discurrere luctu </l>
               <l n="51">decretum, natae donec laetata repertae</l>
               <l n="52">indicio tribuat fruges, currusque feratur</l>
               <l n="53">nubibus ignotas populis sparsurus aristas</l>
               <l n="54">et iuga caerulei subeant Actaea dracones.</l>
               <l n="55">quodsi quis Cereri raptorem prodere divum </l>
               <l n="56">audeat, imperii molem pacemque profundam</l>
               <l n="57">obtestor rerum, natus licet ille sororve</l>
               <l n="58">vel coniunx fuerit natarumve agminis una,</l>
               <l n="59">se licet ilia meo conceptam vertice iactet : </l>
               <l n="60">sentiet iratum procul aegide, sentiet ictum </l>
               <l n="61">fulminis et genitum divina sorte pigebit</l>
               <l n="62">optabitque mori : tunc vulnere saucius ipsi</l>
               <pb n="v.2.p.350"/>
               <l n="63">tradetur genero, passurus prodita regna,</l>
               <l n="64">et sciet an propriae conspirent Tartara causae.</l>
               <l n="65">hoc sanctum ; mansura fluant hoc ordine fata.”</l>
               <l n="66">dixit et horrendo concussit sidera motu.</l>
               <l n="67">At procul armisoni Cererem sub rupibus antri</l>
               <l n="68">securam placidamque diu iam certa peracti</l>
               <l n="69">terrebant simulacra mali, noctesque timorem</l>
               <l n="70">ingeminant omnique perit Proserpina somno. </l>
               <l n="71">namque modo adversis invadi viscera telis,</l>
               <l n="72">nunc sibi mutatas horret nigrescere vestes,</l>
               <l n="73">nunc steriles mediis frondere penatibus ornos.</l>
               <l n="74">stabat praeterea luco dilectior omni</l>
               <l n="75">laurus, virgineos quondam quae fronde pudica </l>
               <l n="76">umbrabat thalamos : hanc imo stipite caesam</l>
               <l n="77">vidit et incomptos focdari pulvere ramos</l>
               <l n="78">quaesivitque nefas. Dryades dixere gementes</l>
               <l n="79">Tartarea Furias debellavisse bipenni.</l>
               <l n="80">Sed tunc ipsa sui iam non ambagibus ullis </l>
               <l n="81">nuntia materno facies ingesta sopori :</l>
               <l n="82">namque videbatur tenebroso obtecta recessu</l>
               <l n="83">carceris et saevis Proserpina vincta catenis,</l>
               <l n="84">non qualem Siculis olim mandaverat arvis</l>
               <l n="85">nec qualem roseis nuper convallibus Aetnae </l>
               <l n="86">suspexere deae : squalebat pulchrior auro</l>
               <l n="87">caesaries et nox oculorum infecerat ignes</l>
               <l n="88">exhaustusque gelu pallet rubor, ille superbi</l>
               <l n="89">flammeus oris honos, et non cessura pruinis</l>
               <l n="90">membra colorantur picei caligine regni. </l>
               <pb n="v.2.p.352"/>
               <l n="91">ergo hanc ut dubio vix tandem agnoscere visu</l>
               <l n="92">evaluit : <q type="spoken">cuius tot poenae criminis ?</q> inquit</l>
               <l n="93">“unde haec informis macies ? cui tanta potestas</l>
               <l n="94">in me saevitiae ? rigidi cur vincula ferri</l>
               <l n="95">vix aptanda feris molles meruere lacerti ? </l>
               <l n="96">tu mea, tu proles ? an vana fallimur umbra ?”</l>
               <l n="97">Ilia refert : “heu dira parens nataeque peremptae</l>
               <l n="98">immemor ! heu fulvas animo transgressa leaenas !</l>
               <l n="99">tantane te nostri tenuere oblivia ? tantum</l>
               <l n="100">unica despicior ? certe Proserpina nomen </l>
               <l n="101">dulce tibi, tali quae nunc, ut cernis, hiatu</l>
               <l n="102">suppliciis inclusa teror ! tu saeva choreis</l>
               <l n="103">indulges ? Phrygias vel nunc interstrepis urbes ?</l>
               <l n="104">quodsi non omnem pepulisti pectore matrem,</l>
               <l n="105">si tua nata, Ceres, et non me Caspia tigris </l>
               <l n="106">edidit, his, oro, miseram defende cavernis</l>
               <l n="107">inque superna refer, prohibent si fata reverti,</l>
               <l n="108">vel tantum visura veni.” Sic fata trementes</l>
               <l n="109">tendere conatur palmas. vis improba ferri</l>
               <l n="110">impedit et motae somnum solvere catenae. </l>
               <l n="111">obriguit visis ; gaudet non vera fuisse ;</l>
               <l n="112">complexu caruisse dolet. penetralibus amens</l>
               <l n="113">prosilit et tali compellat voce Cybeben :</l>
               <l n="114">“lam non ulterius Phrygia tellure morabor,</l>
               <l n="115">sancta parens : revocat tandem custodia cari </l>
               <l n="116">pignoris et cunctis obiecti fraudibus anni,</l>
               <pb n="v.2.p.354"/>
               <l n="117">nec mihi Cyelopum quamvis extructa caminis</l>
               <l n="118">culmina fida satis, timeo ne fama latebras</l>
               <l n="119">prodiderit leviusque meum Trinacria celet</l>
               <l n="120">depositum. terret nimium vulgata locorum </l>
               <l n="121">nobilitas. aliis sedes obscurior oris</l>
               <l n="122">exquirenda mihi ; gemitu flammisque propinquis</l>
               <l n="123">Enceladi nequeunt umbracula nostra taceri.</l>
               <l n="124">somnia quin etiam variis infausta figuris</l>
               <l n="125">saepe monent, nullusque dies non triste minatur </l>
               <l n="126">augurium. quotiens flaventia serta comarum</l>
               <l n="127">sponte cadunt ! quotiens exundat ab ubere sanguis !</l>
               <l n="128">larga vel invito prorumpunt flumina vultu</l>
               <l n="129">iniussaeque manus mirantia pectora tundunt.</l>
               <l n="130">si buxus inflare velim, ferale gemiscunt ; </l>
               <l n="131">tympana si quatiam, planctus mihi tympana reddunt.</l>
               <l n="132">ah vereor, ne quid portendant omina veri !</l>
               <l n="133">hae longae nocuere morae ” “Procul inrita venti</l>
               <l n="134">dicta ferant " subicit Cybele ; " nec tanta Tonanti</l>
               <l n="135">segnities, ut non pro pignore fulmina mittat. </l>
               <l n="136">i tamen et nullo turbata revertere casu.”</l>
               <l n="137">Haec ubi, digreditur templis. sed nulla ruenti</l>
               <l n="138">mobilitas : tardos queritur non ire dracones</l>
               <l n="139">inmeritasque movens alterno verbere pennas</l>
               <l n="140">Sicaniam quaerit, cum necdum absconderit Idam. </l>
               <l n="141">cuncta pavet speratque nihil, sic aestuat ales,</l>
               <l n="142">quae teneros humili fetus commiserit orno</l>
               <l n="143">adlatura cibos, et plurima cogitat absens :</l>
               <l n="144">ne gracilem ventus decusserit arbore nidum,</l>
               <l n="145">ne furtum pateant homini, ne praeda colubris. </l>
               <pb n="v.2.p.356"/>
               <l n="146">Ut domus excubiis incustodita remotis</l>
               <l n="147">et resupinati neglecto cardine postes</l>
               <l n="148">flebilis et tacitae species adparuit aulae,</l>
               <l n="149">non expectato respectu cladis amictus</l>
               <l n="150">conscidit et fractas cum crine avellit aristas. </l>
               <l n="151">haeserunt lacrimae ; nec vox aut spiritus oris</l>
               <l n="152">redditur, atque imis vibrat tremor ossa medullis ;</l>
               <l n="153">succidui titubant gressus ; foribusque reclusis,</l>
               <l n="154">dum vacuas sedes et desolata pererrat</l>
               <l n="155">atria, semirutas confuso stamine telas </l>
               <l n="156">atque interceptas agnoscit pectinis artes.</l>
               <l n="157">divinus perit ille labor, spatiumque relictum</l>
               <l n="158">audax sacrilego supplebat aranea textu.</l>
               <l n="159">Nee deflet plangitve malum ; tantum oscula telae</l>
               <l n="160">figit et abrumpit mutas in fila querellas : </l>
               <l n="161">attritosque manu radios proiectaque pensa</l>
               <l n="162">cunctaque virgineo sparsa oblectamina ludo</l>
               <l n="163">ceu natam pressat gremio ; castumque cubile</l>
               <l n="164">desertosque toros et, sicubi sederat olim,</l>
               <l n="165">perlegit : attonitus stabulo ceu pastor inani, </l>
               <l n="166">cui pecus aut rabies Poenorum inopina leonum</l>
               <l n="167">aut populatrices infestavere catervae ;</l>
               <l n="168">serus at ille redit vastataque pascua lustrans</l>
               <l n="169">non responsuros ciet imploratque iuvencos.</l>
               <l n="170">Atque ibi secreta tectorum in parte iacentem </l>
               <l n="171">conspicit Electram, natae quae sedula nutrix</l>
               <l n="172">Oceani priscas inter notissima Nymphas.</l>
               <l n="173">par Cereri pietas ; haec post cunabula dulci</l>
               <l n="174">ferre sinu summoque Iovi deducere parvam</l>
               <l n="175">sueverat et genibus ludentem aptare paternis. </l>
               <pb n="v.2.p.358"/>
               <l n="176">haec comes, haec custos, haec proxima mater haberi.</l>
               <l n="177">tunc laceras effusa comas et pulvere cano</l>
               <l n="178">sordida sidereae raptus lugebat alumnae.</l>
               <l n="179">Hanc adgressa Ceres, postquam suspiria tandem</l>
               <l n="180">laxavit frenosque dolor : <q type="spoken">quod cernimus</q> inquit </l>
               <l n="181">“excidium ? cui praeda feror ? regnatne maritus</l>
               <l n="182">an caelum Titanes habent ? quae talia vivo</l>
               <l n="183">ausa Tonante manus ? rupitne Typhoia cervix</l>
               <l n="184">Inarimen ? fractane iugi compage Vesevi</l>
               <l n="185">Alcyoneus Tyrrhena pedes per stagna cucurrit ? </l>
               <l n="186">an vicina mihi quassatis faucibus Aetna</l>
               <l n="187">protulit Enceladum ? nostros an forte penates</l>
               <l n="188">adpetiit centum Briareia turba lacertis ?</l>
               <l n="189">heu, ubi nunc es, nata, mihi ? quo, mille ministrae,</l>
               <l n="190">quo, Cyane ? volucres quae vis Sirenas abegit ? </l>
               <l n="191">haecine vestra fides ? sic fas aliena tueri</l>
               <l n="192">pignora ?” Contremuit nutrix, maerorque pudori</l>
               <l n="193">cedit, et adspectus miserae non ferre parentis</l>
               <l n="194">emptum morte velit longumque inmota moratur</l>
               <l n="195">auctorem dubium certumque expromere funus. </l>
               <l n="196">vix tamen haec : “Acies utinam vesana Gigantum</l>
               <l n="197">hanc dederit cladem ! levius communia tangunt.</l>
               <l n="198">sed divae, multoque minus quod rere, sorores</l>
               <l n="199">in nostras (nimium !) coniuravere ruinas.</l>
               <l n="200">insidias superum, cognatae vulnera cernis </l>
               <l n="201">invidiae. Phlegra nobis infensior aether.</l>
               <l n="202">Florebat tranquilla domus ; nec limina virgo</l>
               <pb n="v.2.p.360"/>
               <l n="203">linquere nec virides audebat visere saltus</l>
               <l n="204">praeceptis obstricta tuis. telae labor illi ;</l>
               <l n="205">Sirenes requies. sermonum gratia mecum, </l>
               <l n="206">mecum somnus erat cautique per atria ludi :</l>
               <l n="207">cum subito (dubium quonam monstrante latebras</l>
               <l n="208">rescierit) Cytherea venit suspectaque nobis</l>
               <l n="209">ne foret, hinc Phoeben comites, hinc Pallada iunxit.</l>
               <l n="210">protinus effuso laetam se fingere risu </l>
               <l n="211">nec semel amplecti nomenque iterare sororis</l>
               <l n="212">ct dura de matre queri, quae tale recessu</l>
               <l n="213">maluerit damnare decus vetitamque dearum</l>
               <l n="214">colloquio patriis procul amandaverit astris.</l>
               <l n="215">nostra rudis gaudere malis et nectare largo </l>
               <l n="216">instaurare dapes. nunc arma habitumque Dianae</l>
               <l n="217">induitur digitisque attemptat mollibus arcum,</l>
               <l n="218">nunc crinita iubis galeam, laudante Minerva,</l>
               <l n="219">implet et ingentem clipeum gestare laborat.</l>
               <l n="220">Prima Venus campos Aetnaeaque rura maligno</l>
               <l n="221">ingerit adflatu. vicinos callida flores </l>
               <l n="222">ingeminat meritumque loci velut inscia quaerit</l>
               <l n="223">nec credit, quod bruma rosas innoxia servet,</l>
               <l n="224">quod gelidi rubeant alieno germine menses</l>
               <l n="225">verna nec iratum timeant virgulta Booten. </l>
               <l n="226">dum loca miratur, studio dum flagrat eundi,</l>
               <l n="227">persuadet ; teneris heu lubrica moribus aetas !</l>
               <l n="228">quos ego nequidquam planctus, quas inrita fudi</l>
               <pb n="v.2.p.362"/>
               <l n="229">ore preces ! ruit ilia tamen confisa sororum</l>
               <l n="230">praesidio ; famulae longo post ordine Nymphae.</l>
               <l n="231">Itur in aeterno vestitos gramine colles</l>
               <l n="232">et prima sub luce legunt, cum rore serenus</l>
               <l n="233">albet ager sparsosque bibunt violaria sucos.</l>
               <l n="234">sed postquam medio sol altior institit axi,</l>
               <l n="235">ecce polum nox foeda rapit tremefactaque nutat </l>
               <l n="236">insula cornipedum pulsu strepituque rotarum.</l>
               <l n="237">nosse nec aurigam licuit : seu mortifer ille</l>
               <l n="238">seu Mors ipsa fuit. livor permanat in herbas ;</l>
               <l n="239">deficiunt rivi ; squalent rubigine prata</l>
               <l n="240">et nihil adflatura vivit : pallere ligustra, </l>
               <l n="241">expirare rosas, decrescere lilia vidi.</l>
               <l n="242">ut rauco reduces tractu detorsit habenas,</l>
               <l n="243">nox sua prosequitur currum, lux redditur orbi.</l>
               <l n="244">Persephone nusquam. voto rediere peracto</l>
               <l n="245">nec mansere deae. mediis invenimus arvis </l>
               <l n="246">exanimem Cyanen : cervix redimita iacebat</l>
               <l n="247">et caligantes marcebant fronte coronae.</l>
               <l n="248">adgredimur subito et casus scitamur eriles</l>
               <l n="249">(nam propior cladi steterat) : quis vultus equorum ?</l>
               <l n="250">quis regat ? ilia nihil, tacito sed laesa veneno </l>
               <l n="251">solvitur in laticem : subrepit crinibus umor ;</l>
               <l n="252">liquitur in roremque pedes et brachia manant</l>
               <l n="253">nostraque mox lambit vestigia perspicuus fons.</l>
               <l n="254">discedunt aliae. rapidis Acheloides alis</l>
               <l n="255">sublatae Siculi latus obsedere Pelori </l>
               <pb n="v.2.p.364"/>
               <l n="256">accensaeque malo iam non impune canoras</l>
               <l n="257">in pestem vertere lyras : vox blanda carinas</l>
               <l n="258">adligat ; audito frenantur carmine remi.</l>
               <l n="259">sola domi luctu senium tractura relinquor.”</l>
               <l n="260">Haeret adhuc suspensa Ceres et singula demens</l>
               <l n="261">ceu nondum transacta timet ; mox lumina torquens</l>
               <l n="262">vultu ad caelicolas furiato pectore fertur.</l>
               <l n="263">arduus Hyrcana quatitur sic matre Niphates,</l>
               <l n="264">cuius Achaemenio regi ludibria natos</l>
               <l n="265">advexit tremebundus eques : fremit ilia marito </l>
               <l n="266">mobilior Zephyro totamque virentibus iram</l>
               <l n="267">dispergit maculis timidumque hausura profundo</l>
               <l n="268">ore virum vitreae tardatur imagine formae.</l>
               <l n="269">Haud aliter toto genetrix bacchatur Olympo</l>
               <l n="270">“reddite " vociferans. " non me vagus edidit amnis ;</l>
               <l n="271">non Dryadum de plebe sumus. turrita Cybebe </l>
               <l n="272">me quoque Saturno genuit. quo iura deorum,</l>
               <l n="273">quo leges cecidere poli ? quid vivere recte</l>
               <l n="274">proderit ? en audet noti Cytherea pudoris</l>
               <l n="275">ostentare suos post Lemnia vincula vultus ! </l>
               <l n="276">hos animos bonus ille sopor castumque cubile</l>
               <l n="277">praebuit ! amplexus hoc promeruere pudici !</l>
               <l n="278">nec mirum, si turpe nihil post talia ducit.</l>
               <l n="279">quid vos expertes thalami ? tantumne relictus</l>
               <pb n="v.2.p.366"/>
               <l n="280">virginitatis honos ? tantum mutata voluntas ? </l>
               <l n="281">iam Veneri iunctae, sociis raptoribus, itis ?</l>
               <l n="282">o templis Scythiae atque hominem sitientibus aris</l>
               <l n="283">utraque digna coli ! tanti quae causa furoris ?</l>
               <l n="284">quam mea vel tenui dicto Proserpina laesit ?</l>
               <l n="285">scilicet aut caris pepulit te, Delia, silvis </l>
               <l n="286">aut tibi commissas rapuit, Tritonia, pugnas.</l>
               <l n="287">an gravis eloquio ? vestros an forte petebat</l>
               <l n="288">importuna choros ? atqui Trinacria longe,</l>
               <l n="289">esset ne vobis oneri, deserta colebat.</l>
               <l n="290">quid latuisse iuvat ? rabiem livoris acerbi </l>
               <l n="291">nulla potest placare quies.” His increpat omnes</l>
               <l n="292">vocibus. ast illae (prohibet sententia patris)</l>
               <l n="293">aut reticent aut nosse negant responsaque matri</l>
               <l n="294">dant lacrimas. quid agat ? rursus se victa remittit</l>
               <l n="295">inque humiles devecta preces : “Ignoscite, si quid </l>
               <l n="296">intumuit pietas, si quid flagrantius actum</l>
               <l n="297">quam miseros decuit. supplex miserandaque vestris</l>
               <l n="298">advolvor genibus : liceat cognoscere sortem :</l>
               <l n="299">hoc tantum liceat  —  certos habuisse dolores.</l>
               <l n="300">scire peto, quae forma mali ; quamcumque dedistis</l>
               <l n="301">fortunam, sit nota : feram fatumque putabo, </l>
               <l n="302">non scelus. adspectum, precor, indulgete parenti ;</l>
               <l n="303">non repetam. quaesita manu securus habeto</l>
               <l n="304">quisquis es ; adfirmo praedam ; desiste vereri.</l>
               <l n="305">quodsi nos aliquo praevenit foedere raptor, </l>
               <l n="306">tu certe, Latona, refer ; confessa Diana</l>
               <l n="307">forte tibi. nosti quid sit Lucina, quis horror</l>
               <pb n="v.2.p.368"/>
               <l n="308">pro genitis et quantus amor, partusque tulisti</l>
               <l n="309">tu geminos : haec una mihi. sic crine fruaris</l>
               <l n="310">semper Apollineo, sic me felicior aevum mater agas.”</l>
               <l n="311">Largis tunc imbribus ora madescunt.</l>
               <l n="312">“quid ? tantum dignum fieri dignumque taceri ?</l>
               <l n="313">hei mihi, discedunt omnes. quid vana moraris</l>
               <l n="314">ulterius ? non bella palam caelestia sentis ?</l>
               <l n="315">quin potius natam pelago terrisque requiris ? </l>
               <l n="316">accingar lustrare diem, per devia rerum</l>
               <l n="317">indefessa ferar. nulla cessabitur hora,</l>
               <l n="318">non requies, non somnus erit, dum pignus ademptum</l>
               <l n="319">inveniam, gremio quamvis mergatur Hiberae</l>
               <l n="320">Tethyos et Rubro iaceat vallata profundo. </l>
               <l n="321">non Rheni glacies, non me Riphaea tenebunt</l>
               <l n="322">frigora ; non dubio Syrtis cunctabitur aestu.</l>
               <l n="323">stat finem penetrare Noti Boreaeque nivalem</l>
               <l n="324">vestigare domum ; primo calcabitur Atlas</l>
               <l n="325">occasu facibusque meis lucebit Hydaspes. </l>
               <l n="326">impius errantem videat per rura, per urbes</l>
               <l n="327">luppiter ; extincta satietur paelice Iuno.</l>
               <l n="328">insultate mihi, caelo regnate superbi,</l>
               <l n="329">ducite praeclarum Cereris de stirpe triumphum ! ”</l>
               <l n="330">Haec fatur notaeque iugis inlabitur Aetnae </l>
               <l n="331">noctivago taedas informatura labori.</l>
               <l n="332">Lucus erat prope flumen Acin, quod Candida praefert</l>
               <l n="333">saepe mari pulchroque secat Galatea natatu,</l>
               <l n="334">densus et innexis Aetnaea cacumina ramis</l>
               <l n="335">qua licet usque tegens. illic posuisse cruentam </l>
               <pb n="v.2.p.370"/>
               <l n="336">acgida captivamque pater post proelia praedam</l>
               <l n="337">advexisse datur. Phlegraeis silva superbit</l>
               <l n="338">exuviis totumque nemus victoria vestit.</l>
               <l n="339">hic patuli rietus et prodigiosa Gigantum</l>
               <l n="340">tergora dependent, et adhuc crudele minantur </l>
               <l n="341">adfixae truncis facies, inmaniaque ossa</l>
               <l n="342">serpentum passim cumulis exanguibus albent,</l>
               <l n="343">et rigidae multo suspirant fulmine pelles ;</l>
               <l n="344">nullaque non magni iactat se nominis arbor :</l>
               <l n="345">haec centumgemini strictos Aegaeonis enses </l>
               <l n="346">curvata vix fronde levat ; liventibus ilia</l>
               <l n="347">exultat Coei spoliis ; haec arma Mimantis</l>
               <l n="348">sustinet ; hos onerat ramos exutus Ophion.</l>
               <l n="349">altior at cunctis abies umbrosaque late</l>
               <l n="350">ipsius Enceladi fumantia gestat opima, </l>
               <l n="351">summi terrigenum regis, caderetque gravata</l>
               <l n="352">pondere, ni lassam fulciret proxima quercus.</l>
               <l n="353">inde timor numenque loco, nemorisque senectae</l>
               <l n="354">parcitur, aetheriisque nefas nocuisse tropaeis.</l>
               <l n="355">pascere nullus oves nec robora laedere Cyclops </l>
               <l n="356">audet et ipse fugit sacra Polyphemus ab umbra.</l>
               <l n="357">Non tamen hoc tardata Ceres, accenditur ultro</l>
               <l n="358">relligione loci vibratque infesta securim</l>
               <l n="359">ipsum etiam feritura Iovem : succidere pinus</l>
               <l n="360">aut magis enodes dubitat prosternere cedros </l>
               <l n="361">exploratque habiles truncos rectique tenorem</l>
               <l n="362">stipitis et certo pertemptat brachia nisu.</l>
               <l n="363">sic, qui vecturus longinqua per aequora merces</l>
               <l n="364">molitur tellure ratem vitamque procellis</l>
               <l n="365">obiectare parat, fagos metitur et alnos </l>
               <pb n="v.2.p.372"/>
               <l n="366">et varium rudibus silvis accommodat usum :</l>
               <l n="367">quae longa est, tumidis praebebit cornua velis ;</l>
               <l n="368">quae fortis, clavo potior ; quae lenta, favebit</l>
               <l n="369">remigio ; stagni patiens aptanda carinae.</l>
               <l n="370">Tollebant geminae capita inviolata cupressus </l>
               <l n="371">caespite vicino : quales non rupibus Idae</l>
               <l n="372">miratur Simois, quales non divite ripa</l>
               <l n="373">lambit Apollinei nemoris nutritor Orontes.</l>
               <l n="374">germanas adeo credas ; sic frontibus aequis</l>
               <l n="375">adstant et socio despectant vertice lucum. </l>
               <l n="376">hae placuere faces, pernix invadit utramque</l>
               <l n="377">cincta sinus, exerta manus, armata bipenni</l>
               <l n="378">alternasque ferit totisque obnixa trementes</l>
               <l n="379">viribus impellit. pariter traxere ruinam</l>
               <l n="380">et pariter posuere comas campoque recumbunt, </l>
               <l n="381">Faunorum Dryadumque dolor, complectitur ambas,</l>
               <l n="382">sicut erant, alteque levat retroque solutis</l>
               <l n="383">crinibus ascendit fastigia montis anheli</l>
               <l n="384">exuperatque aestus et nulli pervia saxa</l>
               <l n="385">atque indignantes vestigia calcat harenas : </l>
               <l n="386">qualis pestiferas animare ad crimina taxos</l>
               <l n="387">torva Megaera ruit, Cadmi seu moenia poscat</l>
               <l n="388">sive Thyesteis properet saevire Mycenis :</l>
               <l n="389">dant tenebrae manesque locum plantisque resultant</l>
               <l n="390">Tartara ferratis, donec Phlegethontis ad undam </l>
               <l n="391">constitit et plenos excepit lampade fluctus.</l>
               <l n="392">Postquam perventum scopuli flagrantis in ora,</l>
               <l n="393">protinus arsuras aversa fronte cupressus</l>
               <l n="394">faucibus iniecit mediis lateque cavernas</l>
               <l n="395">texit et undantem flammarum obstruxit hiatum. </l>
               <pb n="v.2.p.374"/>
               <l n="396">compresso mons igne tonat claususque laborat</l>
               <l n="397">Mulciber : obducti nequeunt exire vapores.</l>
               <l n="398">coniferi micuere apices crevitque favillis</l>
               <l n="399">Aetna no vis : strident admisso sulphure rami.</l>
               <l n="400">tum, ne deficerent tantis erroribus, ignes </l>
               <l n="401">semper inocciduos insopitosque manere</l>
               <l n="402">iussit et arcano perfudit robora suco,</l>
               <l n="403">quo Phaethon inrorat equos, quo Luna iuvencos.</l>
               <l n="404">Iamque soporiferas nocturna silentia terris</l>
               <l n="405">explicuere vices : laniato pectore longas </l>
               <l n="406">incohat ilia vias et sic ingressa profatur :</l>
               <l n="407">“Non tales gestare tibi, Proserpina, taedas</l>
               <l n="408">sperabam ; sed vota mihi communia matrum</l>
               <l n="409">et thalami festaeque faces caeloque canendus</l>
               <l n="410">ante oculos hymenaeus erat. sic numina fatis </l>
               <l n="411">volvimur et nullo Lachesis discrimine saevit ?</l>
               <l n="412">quam nuper sublimis eram quantisque procorum</l>
               <l n="413">cingebar studiis ! quae non mihi pignus ob unum</l>
               <l n="414">cedebat numerosa parens ! tu prima voluptas,</l>
               <l n="415">tu postrema mihi ; per te fecunda ferebar. </l>
               <l n="416">o decus, o requies, o grata superbia matris,</l>
               <l n="417">qua gessi florente deam, qua sospite numquam</l>
               <l n="418">inferior Iunone fui : nunc squalida, vilis.</l>
               <l n="419">hoc placitum patri. cur autem adscribimus illum</l>
               <l n="420">his lacrimis ? ego te, fateor, crudelis ademi, </l>
               <l n="421">quae te deserui solamque instantibus ultro</l>
               <l n="422">hostibus exposui. raucis secura fruebar</l>
               <l n="423">nimirum thiasis et laeta sonantibus armis</l>
               <pb n="v.2.p.376"/>
               <l n="424">iungebam Phrygios, cum tu raperere, leones,</l>
               <l n="425">accipe quas merui poenas. en ora fatiscunt </l>
               <l n="426">vulneribus grandesque rubent in pectore sulci,</l>
               <l n="427">immemor en uterus crebro contunditur ictu.</l>
               <l n="428">Qua te parte poli, quo te sub cardine quaeram ?</l>
               <l n="429">quis monstrator erit ? quae me vestigia ducent ?</l>
               <l n="430">qui currus? ferus ipse quis est? terraene,marisne </l>
               <l n="431">incola ? quae volucrum deprendam signa rotarum ?</l>
               <l n="432">ibo, ibo quocumque pedes, quocumque iubebit</l>
               <l n="433">casus ; sic Venerem quaerat deserta Dione.</l>
               <l n="434">Efficietne labor ? rursus te, nata, licebit</l>
               <l n="435">amplecti ? manet ille decor, manet ille genarum </l>
               <l n="436">fulgor ? an infelix talem fortasse videbo,</l>
               <l n="437">qualis nocte venis, qualem per somnia vidi ?”</l>
               <l n="438">Sic ait et prima gressus molitur ab Aetna</l>
               <l n="439">exitiique reos flores ipsumque rapinae</l>
               <l n="440">detestata locum sequitur dispersa viarum </l>
               <l n="441">indicia et pleno rimatur lumine campos</l>
               <l n="442">inclinatque faces, omnis madet orbita fletu ;</l>
               <l n="443">omnibus admugit, 1 quocumque it in aequore, sulcis. 2</l>
               <l n="444">adnatat umbra fretis extremaque lucis imago</l>
               <l n="445">Italiam Libyamque ferit : clarescit Etruscum </l>
               <l n="446">litus et accenso resplendent aequore Syrtes.</l>
               <l n="447">antra procul Scyllaea petit canibusque reductis</l>
               <l n="448">pars stupefacta silet, pars nondum exterrita latrat.</l>
            </div>
         </div>
         </div>
      </body>
   </text>
</TEI>
