<?xml version="1.0" encoding="UTF-8"?>
<?xml-model href="http://www.stoa.org/epidoc/schema/8.19/tei-epidoc.rng"
schematypens="http://relaxng.org/ns/structure/1.0"?>
<?xml-model href="http://www.stoa.org/epidoc/schema/8.19/tei-epidoc.rng"
schematypens="http://purl.oclc.org/dsdl/schematron"?>
<TEI xmlns="http://www.tei-c.org/ns/1.0">
  <teiHeader>
    <fileDesc>
      <titleStmt>
        <title>Pelopidas </title>
        <author>Cornelius Nepos</author>
        <sponsor>Perseus Project, Tufts University</sponsor>
        <principal>Gregory Crane</principal>
        <respStmt>
          <resp>Prepared under the supervision of</resp>
          <name>Bridget Almas</name>
          <name>Lisa Cerrato</name>
          <name>David Mimno</name>
        </respStmt>
        <funder n="org:Tufts">Tufts University</funder>
      </titleStmt>
      <publicationStmt>
        <publisher>Trustees of Tufts University</publisher>
        <pubPlace>Medford, MA</pubPlace>
        <authority>Perseus Project</authority>
        <date type="release" notBefore="2004-06-01"/>
      </publicationStmt>



      <sourceDesc>
        <biblStruct>
          <monogr>
            <title>Vitae</title>
            <author>Cornelius Nepos</author>
            <editor role="editor">Albert Fleckeisen</editor>
            <imprint>
              <pubPlace>Leipzig</pubPlace>
              <publisher>Teubner</publisher>
              <date>1886</date>
            </imprint>
          </monogr>
        </biblStruct>
      </sourceDesc>
    </fileDesc>

    <encodingDesc>
      <editorialDecl>
        <correction method="silent" status="high">
          <p><!--&Perseus.OCR;-->Perseus</p>
        </correction>
      </editorialDecl>
      <refsDecl>
        <refState unit="life"/>
        <refState n="chunk" unit="chapter"/>
        <refState unit="section"/>
      </refsDecl>
      <refsDecl n="CTS">
        <cRefPattern n="section" matchPattern="(\d+).(\d+)" replacementPattern="#xpath(/tei:TEI/tei:text/tei:body/tei:div/tei:div[@n='$1']//tei:seg[@n='$2'])">
          <p>Extracts section and chapter from the text</p>
        </cRefPattern>
        <cRefPattern n="chapter" matchPattern="(\d+)" replacementPattern="#xpath(/tei:TEI/tei:text/tei:body/tei:div/tei:div[@n='$1'])">
          <p>Extracts chapter from the text</p>
        </cRefPattern>
      </refsDecl>
    </encodingDesc>
    
    <profileDesc>
      <langUsage>
        <language ident="lat">Latin</language>
      </langUsage>
    </profileDesc>
    
    <revisionDesc>
      <change when="2004-06-01" who="AEM">Initial markup</change>
      <change when="2014-08-01" who="Stella Dee">edited markup</change>
      <change when="2014-07-01" who="Stella Dee">split composite text and converted to unicode</change>
      <change when="2016-11-10" who="Thibault Clérice">Moving to CapiTainS Guidelines and bump URN</change>
    </revisionDesc>
    
  </teiHeader>
  <text xml:lang="lat">
    <body>
      <div type="edition" n="urn:cts:latinLit:phi0588.abo016.perseus-lat2" xml:lang="lat">
      <div type="textpart" subtype="chapter" n="1">
      <p>
      <seg type="section" n="1">Pelopidas Thebanus, magis historicis quam vulgo notus. cuius de virtutibus dubito quem ad
        modum exponam, quod vereor, si res explicare incipiam, ne non vitam eius enarrare, sed
        historiam videar scribere, sin tantummodo summas attigero, ne rudibus Graecarum litterarum
        minus dilucide appareat, quantus fuerit ille vir. itaque utrique rei occurram, quantum
        potuero, et medebor cum satietati tum ignorantiae lectorum. </seg>  
        </p>
        <p><seg type="section" n="2">Phoebidas Lacedaemonius cum exercitum Olynthum duceret iterque per Thebas faceret, arcem
        oppidi, quae Cadmea nominatur, occupavit impulsu paucorum Thebanorum, qui adversariae
        factioni quo facilius resisterent, Laconum rebus studebant, idque suo privato, non publico
        fecit consilio. </seg>  <seg type="section" n="3"> quo facto eum Lacedaemonii ab exercitu
        removerunt pecuniaque multarunt, neque eo magis arcem Thebanis reddiderunt, quod susceptis
        inimicitiis satius ducebant eos obsideri quam liberari. nam post Peloponnesium bellum
        Athenasque devictas cum Thebanis sibi rem esse existimabant et eos esse solos, qui adversus
        se sistere auderent. </seg>  <seg type="section" n="4"> hac mente amicis suis summas
        potestates dederant alteriusque factionis principes partim interfecerant, alios in exilium
        eiecerant: in quibus Pelopidas hic, de quo scribere exorsi sumus, pulsus patria carebat.
          </seg></p></div>
        <div type="textpart" subtype="chapter" n="2"><p><seg type="section" n="1">Hi omnes fere Athenas se contulerant, non quo sequerentur otium, sed ut, quem ex proximo
        locum fors obtulisset, eo patriam recuperare niterentur. </seg>  <seg type="section" n="2">
        itaque cum tempus esset visum rei gerendae, communiter cum iis, qui Thebis idem sentiebant,
        diem delegerunt ad inimicos opprimendos civitatemque liberandam eum, quo maximi magistratus
        simul consuerant epulari. </seg>  <seg type="section" n="3"> magnae saepe res non ita magnis
        copiis sunt gestae, sed profecto numquam tam ab tenui initio tantae opes sunt profligatae.
        nam duodecim adulescentuli coierunt ex iis, qui exilio erant multati, cum omnino non essent
        amplius centum, qui tanto se offerrent periculo. qua paucitate perculsa est Lacedaemoniorum
        potentia. </seg>  <seg type="section" n="4"> ii enim non magis adversariorum factioni quam
        Spartanis eo tempore bellum intulerunt, qui principes erant totius Graeciae: quorum imperii
        maiestas, neque ita multo post, Leuctrica pugna ab hoc initio perculsa concidit. </seg>
           <seg type="section" n="5"> illi igitur duodecim, quorum dux erat Pelopidas, <del>cum</del>
        Athenis interdiu <del>exissent</del>, ut vesperascente caelo Thebas possent pervenire, cum
        canibus venaticis exierunt, retia ferentes, vestitu agresti, quo minore suspicione facerent
        iter. qui cum tempore ipso, quo studuerant, pervenissent, domum Charonis deverterunt, a quo
        et tempus et dies erat datus. </seg></p></div>
        <div type="textpart" subtype="chapter" n="3"><p><seg type="section" n="1">Hoc loco libet interponere, etsi seiunctum ab re proposita est, nimia fiducia quantae
        calamitati soleat esse. nam magistratuum Thebanorum statim ad aures pervenit exules in urbem
        venisse. id illi vino epulisque dediti usque eo despexerunt, ut ne quaerere quidem de tanta
        re laborarint. </seg>  <seg type="section" n="2"> accessit quod etiam magis aperiret eorum
        dementiam. allata est enim epistula Athenis ab Archia, uno ex iis qui sacris praeerant
        Eleusinius, Archiae, qui tum maximum magistratum Thebis obtinebat, in qua omnia de
        profectione eorum perscripta erant. quae cum iam accubanti in convivio esset data, sicut
        erat signata, sub pulvinum subiciens 'in crastinum' inquit 'differo res serias.' </seg>
           <seg type="section" n="3"> at illi omnes, cum iam nox processisset, vinolenti ab exulibus duce
        Pelopida sunt interfecti. quibus rebus confectis, vulgo ad arma libertatemque vocato, non
        solum qui in urbe erant, sed etiam undique ex agris concurrerunt, praesidium Lacedaemoniorum
        ex arce pepulerunt, patriam obsidione liberarunt, auctores Cadmeae occupandae partim
        occiderunt, partim in exilium eiecerunt. </seg></p></div>
        <div type="textpart" subtype="chapter" n="4"><p><seg type="section" n="1">Hoc tam turbido tempore, sicut supra docuimus, Epaminondas, quoad cum civibus dimicatum
        est, domi quietus fuit. itaque haec liberatarum Thebarum propria laus est Pelopidae, ceterae
        fere communes cum Epaminonda. </seg>  <seg type="section" n="2"> namque in Leuctrica pugna
        imperatore Epaminonda hic fuit dux delectae manus, quae prima phalangem prostravit Laconum.
          </seg>  <seg type="section" n="3"> omnibus praeterea periculis eius affuit (sicut, Spartam
        cum oppugnavit, alterum tenuit cornu), quoque Messena celerius restitueretur, legatus in
        Persas est profectus. denique haec fuit altera persona Thebis, sed tamen secunda ita, ut
        proxima esset Epaminondae. </seg></p></div>
        <div type="textpart" subtype="chapter" n="5"><p><seg type="section" n="1">Conflictatus autem est etiam adversa fortuna. nam et initio, sicut ostendimus, exul patria
        caruit et, cum Thessaliam in potestatem Thebanorum cuperet redigere legationisque iure satis
        tectum se arbitraretur, quod apud omnes gentes sanctum esse consuesset, a tyranno Alexandro
        Pheraeo simul cum Ismenia comprehensus in vincla coniectus est. </seg> 
          <seg type="section" n="2"> hunc Epaminondas recuperavit, bello persequens Alexandrum. post id factum
        numquam animo placari potuit in eum, a quo erat violatus. itaque persuasit Thebanis ut
        subsidio Thessaliae proficiscerentur tyrannosque eius expellerent. </seg> 
          <seg type="section" n="3"> cuius belli cum ei summa esset data eoque cum exercitu profectus esset,
        non dubitavit, simulac conspexit hostem, confligere. </seg>  <seg type="section" n="4"> in
        quo proelio Alexandrum ut animadvertit, incensus ira equum in eum concitavit proculque
        digressus a suis coniectu telorum confossus concidit. atque hoc secunda victoria accidit:
        nam iam inclinatae erant tyrannorum copiae. </seg>  <seg type="section" n="5"> quo facto
        omnes Thessaliae civitates interfectum Pelopidam coronis aureis et statuis aeneis liberosque
        eius multo agro donarunt.</seg> </p>
      </div>
    </div>
    </body>
  </text>
</TEI>
