<?xml version="1.0" encoding="UTF-8"?>
<?xml-model href="http://www.stoa.org/epidoc/schema/8.19/tei-epidoc.rng"
schematypens="http://relaxng.org/ns/structure/1.0"?>
<?xml-model href="http://www.stoa.org/epidoc/schema/8.19/tei-epidoc.rng"
schematypens="http://purl.oclc.org/dsdl/schematron"?>
<TEI xmlns="http://www.tei-c.org/ns/1.0">
    <teiHeader>
        <fileDesc>
            <titleStmt>
                <title>Cato </title>
                <author>Cornelius Nepos</author>
                <sponsor>Perseus Project, Tufts University</sponsor>
                <principal>Gregory Crane</principal>
                <respStmt>
                    <resp>Prepared under the supervision of</resp>
                    <name>Bridget Almas</name>
                    <name>Lisa Cerrato</name>
                    <name>David Mimno</name>
                </respStmt>
                <funder n="org:Tufts">Tufts University</funder>
            </titleStmt>
            <publicationStmt>
                <publisher>Trustees of Tufts University</publisher>
                <pubPlace>Medford, MA</pubPlace>
                <authority>Perseus Project</authority>
                <date type="release" notBefore="2004-06-01"/>
            </publicationStmt>
            
            
            
            <sourceDesc>
                <biblStruct>
                    <monogr>
                        <title>Vitae</title>
                        <author>Cornelius Nepos</author>
                        <editor role="editor">Albert Fleckeisen</editor>
                        <imprint>
                            <pubPlace>Leipzig</pubPlace>
                            <publisher>Teubner</publisher>
                            <date>1886</date>
                        </imprint>
                    </monogr>
                </biblStruct>
            </sourceDesc>
        </fileDesc>
        
        <encodingDesc>
            <editorialDecl>
                <correction method="silent" status="high">
                    <p><!--&Perseus.OCR;-->Perseus</p>
                </correction>
            </editorialDecl>
            <refsDecl>
                <refState unit="life"/>
                <refState n="chunk" unit="chapter"/>
                <refState unit="section"/>
            </refsDecl>
            <refsDecl n="CTS">
                <cRefPattern n="section" matchPattern="(\d+).(\d+)" replacementPattern="#xpath(/tei:TEI/tei:text/tei:body/tei:div/tei:div[@n='$1']//tei:seg[@n='$2'])">
                    <p>Extracts section and chapter from the text</p>
                </cRefPattern>
                <cRefPattern n="chapter" matchPattern="(\d+)" replacementPattern="#xpath(/tei:TEI/tei:text/tei:body/tei:div/tei:div[@n='$1'])">
                    <p>Extracts chapter from the text</p>
                </cRefPattern>
            </refsDecl>
        </encodingDesc>
        
        <profileDesc>
            <langUsage>
                <language ident="lat">Latin</language>
            </langUsage>
        </profileDesc>
        
        <revisionDesc>
            <change when="2004-06-01" who="AEM">Initial markup</change>
            <change when="2014-08-01" who="Stella Dee">edited markup</change>
            <change when="2016-11-10" who="Thibault Clérice">Moving to CapiTainS Guidelines and bump URN</change>
        </revisionDesc>
        
    </teiHeader>
    <text xml:lang="lat">
        <body>
            <div type="edition" n="urn:cts:latinLit:phi0588.abo024.perseus-lat2" xml:lang="lat">
                <div type="textpart" subtype="chapter" n="1">
                    <p><seg type="section" n="1"><abbr ><expan><ex>Marcus</ex></expan>M.</abbr> Cato, ortus municipio Tusculo, adulescentulus, priusquam
                        honoribus operam daret, versatus est in Sabinis, quod ibi heredium a patre relictum habebat.
                        inde hortatu <abbr ><expan><ex>Lucii</ex></expan>L.</abbr> Valerii Flacci, quem in consulatu censuraque
                        habuit collegam, ut <abbr ><expan><ex>Marcus</ex></expan>M.</abbr> Perpenna censorius narrare solitus est,
                        Romam demigravit in foroque esse coepit. </seg>  <seg type="section" n="2"> primum stipendium
                            meruit annorum decem septemque. <abbr ><expan><ex>Quinto</ex></expan>Q.</abbr> Fabio <abbr 
                                ><expan><ex>Marco</ex></expan>M.</abbr> Claudio consulibus tribunus militum in Sicilia fuit. inde ut rediit, castra
                            secutus est <abbr ><expan><ex>Gaii</ex></expan>C.</abbr> Claudii Neronis, magnique opera eius existimata est
                            in proelio apud Senam, quo cecidit Hasdrubal, frater Hannibaris. </seg> 
                        <seg type="section" n="3"> quaestor obtigit <abbr ><expan><ex>Publio</ex></expan>P.</abbr> Africano consuli, cum quo
                            non pro sortis necessitudine vixit: namque ab eo perpetua dissensit vita. aedilis plebei
                            factus est cum <abbr ><expan><ex>Gaio</ex></expan>C.</abbr> Helvio. </seg>  <seg type="section" n="4">
                                praetor provinciam obtinuit Sardiniam, ex qua quaestor superiore tempore ex Africa decedens
                                <abbr ><expan><ex>Quintum</ex></expan>Q.</abbr> Ennium poetam deduxerat, quod non minoris aestimamus quam
                                quemlibet amplissimum Sardiniensem triumphum. </seg></p></div>
                <div type="textpart" subtype="chapter" n="2"><p><seg type="section" n="1">Consulatum gessit cum <abbr ><expan><ex>Lucio</ex></expan>L.</abbr> Valerio Flacco. sorte provinciam nactus
                    Hispaniam citeriorem ex ea triumphum deportavit. </seg>  <seg type="section" n="2"> ibi cum
                        diutius moraretur, <abbr ><expan><ex>Publius</ex></expan>P.</abbr> Scipio Africanus consul iterum, cuius in
                        priore consulatu quaestor fuerat, voluit eum de provincia depellere et ipse ei succedere,
                        neque hoc per senatum efficere potuit, cum quidem Scipio principatum in civitate obtineret,
                        quod tum non potentia, sed iure res publica administrabatur. qua ex re iratus senatui
                        consulatu peractoc privatus in urbe mansit. </seg>  <seg type="section" n="3"> at Cato,
                            censor cum eodem Flacco factus, severe praefuit ei potestati. nam et in complures nobiles
                            animadvertit et multas res novas in edictum addidit, qua re luxuria reprimeretur, quae iam
                            tum incipiebat pullulare. </seg>  <seg type="section" n="4"> circiter annos octoginta, usque
                                ad extremam aetatem ab adulescentia, rei publicae causa suscipere inimicitias non destitit.
                                a multis tentatus non modo nullum detrimentum existimationis fecit, sed, quoad vixit,
                                virtutum laude crevit.</seg></p></div>
                <div type="textpart" subtype="chapter"><p>
                    <seg type="section" n="1"> In omnibus rebus singulari fuit industria: nam et agricola
                        sollers et peritus iuris consultus et magnus imperator et probabilis orator et cupidissimus
                        litterarum fuit. </seg>  <seg type="section" n="2"> quarum studium etsi senior arripuerat,
                            tamen tantum progressum fecit, ut non facile repeirri possit neque de Graecis neque de
                            Italicis rebus, quod ei fuerit incognitum. ab adulescentia confecit orationes. </seg>
                    <seg type="section" n="3"> senex historias scribere instituit. earum sunt libri septem. primus
                        continet res gestas regum populi Romani, secundus et tertius unde quaeque civitas orta sit
                        Italica, ob quam rem omnes Origines videtur appellasse. in quarto autem bellum Poenicum est
                        primum, in quinto secundum. </seg>  <seg type="section" n="4"> atque haec omnia capitulatim
                            sunt dicta. reliqua quoque bella pari modo persecutus est usque ad praeturam <abbr
                                ><expan><ex>Servi</ex></expan>Ser.</abbr> Galbae, qui diripuit Lusitanos: atque horum bellorum duces non
                            nominavit, sed sine nominibus res notavit. in eisdem exposuit, quae in Italia Hispaniisque
                            <del>aut fierent aut</del> viderentur admiranda: in quibus multa industria et diligentia
                            comparet, nulla doctrina.<lb />Huius de vita et moribus plura in eo libro persecuti sumus, quem separatim de eo fecimus
                        rogatu <abbr ><expan><ex>Titi</ex></expan>T.</abbr> Pomponii Attici. quare studiosos Catonis ad illud
                        volumen delegamus. </seg></p>
                </div>
            </div>
        </body>
    </text>
</TEI>