<?xml version="1.0" encoding="UTF-8"?>
<?xml-model href="http://www.stoa.org/epidoc/schema/8.19/tei-epidoc.rng"
schematypens="http://relaxng.org/ns/structure/1.0"?>
<?xml-model href="http://www.stoa.org/epidoc/schema/8.19/tei-epidoc.rng"
schematypens="http://purl.oclc.org/dsdl/schematron"?>
<TEI xmlns="http://www.tei-c.org/ns/1.0">
  <teiHeader>
    <fileDesc>
      <titleStmt>
        <title>Aristides </title>
        <author>Cornelius Nepos</author>
        <sponsor>Perseus Project, Tufts University</sponsor>
        <principal>Gregory Crane</principal>
        <respStmt>
          <resp>Prepared under the supervision of</resp>
          <name>Bridget Almas</name>
          <name>Lisa Cerrato</name>
          <name>David Mimno</name>
        </respStmt>
        <funder n="org:Tufts">Tufts University</funder>
      </titleStmt>
      <publicationStmt>
        <publisher>Trustees of Tufts University</publisher>
        <pubPlace>Medford, MA</pubPlace>
        <authority>Perseus Project</authority>
        <date type="release" notBefore="2004-06-01"/>
      </publicationStmt>


      <sourceDesc>
        <biblStruct>
          <monogr>
            <title>Vitae</title>
            <author>Cornelius Nepos</author>
            <editor role="editor">Albert Fleckeisen</editor>
            <imprint>
              <pubPlace>Leipzig</pubPlace>
              <publisher>Teubner</publisher>
              <date>1886</date>
            </imprint>
          </monogr>
        </biblStruct>
      </sourceDesc>
    </fileDesc>
    
    
    
    
    <encodingDesc>
      <editorialDecl>
        <correction method="silent" status="high">
          <p><!--&Perseus.OCR;-->Perseus</p>
        </correction>
      </editorialDecl>
      <refsDecl>
        <refState unit="life"/>
        <refState n="chunk" unit="chapter"/>
        <refState unit="section"/>
      </refsDecl>
      <refsDecl n="CTS">
        <cRefPattern n="section" matchPattern="(\d+).(\d+)" replacementPattern="#xpath(/tei:TEI/tei:text/tei:body/tei:div/tei:div[@n='$1']//tei:seg[@n='$2'])">
          <p>Extracts section and chapter from the text</p>
        </cRefPattern>
        <cRefPattern n="chapter" matchPattern="(\d+)" replacementPattern="#xpath(/tei:TEI/tei:text/tei:body/tei:div/tei:div[@n='$1'])">
          <p>Extracts chapter from the text</p>
        </cRefPattern>
      </refsDecl>
    </encodingDesc>
    
    <profileDesc>
      <langUsage>
        <language ident="lat">Latin</language>
      </langUsage>
    </profileDesc>
    
    <revisionDesc>
      <change when="2016-11-10" who="Thibault Clérice">Moving to CapiTainS Guidelines and bump URN</change>
      <change when="2004-06-01" who="AEM">Initial markup</change>
      <change when="2014-08-01" who="Stella Dee">edited markup</change>
    </revisionDesc>
    
  </teiHeader>
  <text xml:lang="lat">
    <body>
      <div type="edition" n="urn:cts:latinLit:phi0588.abo003.perseus-lat2" xml:lang="lat">
      <div type="textpart" subtype="chapter" n="1">
      <p>
      <seg type="section" n="1">Aristides, Lysimachi filius, Atheniensis, aequalis fere fuit Themistocli atque cum eo de
        principatu contendit: namque obtrectarunt inter se. </seg>  <seg type="section" n="2"> in his
        autem cognitum est, quanto antestaret eloquentia innocentiae. quamquam enim adeo excellebat
        Aristides abstinentia, ut unus post hominum memoriam, quem quidem nos audierimus, cognomine
        Iustus sit appellatus, tamen a Themistocle collabefactus testula illa exilio decem annorum
        multatus est. </seg>  <seg type="section" n="3"> qui quidem cum intellegeret reprimi
        concitatam multitudinem non posse, cedensque animadvertisset quendam scribentem, ut patria
        pelleretur, quaesisse ab eo dicitur, quare id faceret aut quid Aristides commisisset, cur
        tanta poena dignus duceretur. </seg>  <seg type="section" n="4"> cui ille respondit se
        ignorare Aristiden, sed sibi non placere, quod tam cupide laborasset, ut praeter ceteros
        Iustus appellaretur. </seg>  <seg type="section" n="5"> hic decem annorum legitimam poenam
        non pertulit. nam postquam Xerxes in Graeciam descendit, sexto fere anno quam erat expulsus,
        populi scito in patriam restitutus est. </seg></p></div>
        <div type="textpart" subtype="chapter" n="2"><p><seg type="section" n="1">Interfuit autem pugnae navali apud Salamina, quae facta est prius quam poena liberaretur.
        idem praetor fuit Atheniensium apud Plataeas in proelio, quo fusus barbarorum exercitus
        Mardoniusque interfectus est. </seg>  <seg type="section" n="2"> neque aliud est ullum huius
        in re militari illustre factum quam eius imperii memoria, iustitiae vero et aequitatis et
        innocentiae multa, in primis quod huius aequitate factum est, cum in communi classe esset
        Graeciae simul cum Pausania <del>quo duce Mardonius erat fugatus</del>, ut summa imperii
        maritimi ab Lacedaemoniis transferretur ad Athenienses: </seg>  <seg type="section" n="3">
        namque ante id tempus et mari et terra duces erant Lacedaemonii. tum autem et intemperantia
        Pausaniae et iustitia factum est Aristidis, ut omnes fere civitates Graeciae ad Atheniensium
        societatem se applicarent et adversus barbaros hos duces deligerent sibi. 
        </seg></p></div>
        <div subtype="chapter" type="textpart" n="3"><p><seg type="section" n="1"> Quos quo facilius repellerent, si forte bellum renovare
        conarentur, ad classes aedificandas exercitusque comparandos quantum pecuniae quaeque
        civitas daret, Aristides delectus est qui constitueret, eiusque arbitrio quadringena et
        sexagena talenta quotannis Delum sunt collata: id enim commune aerarium esse voluerunt. quae
        omnis pecunia postero tempore Athenas translata est. </seg>  <seg type="section" n="2"> hic
        qua fuerit abstinentia, nullum est certius indicium quam quod, cum tantis rebus praefuisset,
        in tanta paupertate decessit, ut qui efferretur vix reliquerit. </seg> 
          <seg type="section" n="3"> quo factum est ut filiae eius publice alerentur et de communi aerario
        dotibus datis collocarentur. decessit autem fere post annum quartum quam Themistocles
        Athenis erat expulsus. </seg></p>
        </div>
    </div>
    </body>
  </text>
</TEI>
