<?xml version="1.0" encoding="UTF-8"?>
<?xml-model href="http://www.stoa.org/epidoc/schema/latest/tei-epidoc.rng" schematypens="http://relaxng.org/ns/structure/1.0"?>
<TEI xmlns="http://www.tei-c.org/ns/1.0">
	<teiHeader xml:lang="eng">
		<fileDesc>
			<titleStmt>
				<title>Against Quintus Caecilius</title>
				<title>Divinatio in Q. Caecilium</title>
				<title type="sub">Machine readable text</title>
				<author n="Cic.">M. Tullius Cicero</author>
				<editor role="editor" n="OCT">Albert Clark</editor>
				<sponsor>Perseus Project, Tufts University</sponsor>
				<principal>Gregory Crane</principal>
				<respStmt>
					<resp>Prepared under the supervision of</resp>
					<name>Bridget Almas</name>
					<name>Lisa Cerrato</name>
					<name>William Merrill</name>
					<name>David Mimno</name>
					<name>Rashmi Singhal</name>
					<name>David Smith</name>
				</respStmt>
				<funder n="org:NEH">National Endowment For The Humanities (NEH)</funder>

			</titleStmt>
			<publicationStmt>
				<publisher>Trustees of Tufts University</publisher>
				<pubPlace>Medford, MA</pubPlace>
				<authority>Perseus Project</authority>
				<date type="release">1997-10-28</date>
			</publicationStmt>

			<sourceDesc>
				<biblStruct>
					<monogr>
						<author>M. Tullius Cicero</author>
						<title>M. Tvlli Ciceronis Orationes: Divinatio in Q. Caecilivm. In C. Verrem
							Recognovit brevique adnotatione critica instruxit Gvlielmvs Peterson
							Rector Vniversitatis MacGillianae</title>
						<editor role="editor">William Peterson</editor>
						<imprint>
							<pubPlace>Oxford</pubPlace>
							<publisher>e Typographeo Clarendoniano</publisher>
							<date>1917</date>
						</imprint>
					</monogr>
					<series>
						<title>Scriptorum Classicorum Bibliotheca Oxoniensis</title>
					</series>
				</biblStruct>
			</sourceDesc>
		</fileDesc>

		<encodingDesc>
			<refsDecl n="CTS">
				<cRefPattern n="section" matchPattern="(\w+)"
					replacementPattern="#xpath(/tei:TEI/tei:text/tei:body/tei:div/tei:div[@n='$1'])">
					<p>This pointer pattern extracts section</p>
				</cRefPattern>
			</refsDecl>
			<refsDecl>
				<refState unit="section"/>
			</refsDecl>

			<!--<refsDecl n="CTS">
        <cRefPattern n="section" matchPattern="(\w+).(\w+)" replacementPattern="#xpath(/tei:TEI/tei:text/tei:body/tei:div/tei:milestone[@n='$1']/tei:milestone[@n='$2'])">
          <p>This pointer pattern extracts chapter and section</p>
        </cRefPattern>
        <cRefPattern n="chapter" matchPattern="(\w+)" replacementPattern="#xpath(/tei:TEI/tei:text/tei:body/tei:div/tei:milestone[@n='$1'])">
          <p>This pointer pattern extracts chapter</p>
        </cRefPattern>
      </refsDecl>
      <refsDecl>
        <refState unit="chapter" delim="."/>
        <refState unit="section"/>
      </refsDecl>-->
			<!--<refsDecl>
				<refState delim=" " unit="text"/>
				<refState unit="section"/>
			</refsDecl>
			<refsDecl>
				<refState delim=" " unit="text"/>
				<refState delim="." n="chunk" unit="chapter"/>
				<refState unit="section"/>
			</refsDecl>
			<refsDecl n="text=Ver.">
				<refState delim=" " unit="text"/>
				<refState delim=" " unit="actio"/>
				<refState delim="." unit="book"/>
				<refState unit="section"/>
			</refsDecl>-->
		</encodingDesc>

		<profileDesc>
			<langUsage>
				<language ident="lat">Latin</language>
				<language ident="grc">Greek</language>
			</langUsage>
		</profileDesc>

		<revisionDesc>
			<change when="2016-02-05" who="Lisa Cerrato">CTS structure</change>
			<change when="2016-02-02" who="Lisa Cerrato">reorganized change log; added three letter
				langs; revised refsDecl to make section canonical as chapter does not always contain
				sections (see chapter 6) creating conflicting hierarchies</change>
			<change when="2015-12-17" who="Zach Himes">Cleaned up teiHeader. Converted to TEI P5 and
				EpiDoc.</change>
			<change when="2014-08-01" who="Stella Dee">edited markup</change>
			<change when="2014-07-01" who="Stella Dee">split composite text and converted to
				unicode</change>
			<change who="balmas01" when="2013-09-13">reverting texts back to pre_cts_reorg tagged
				version</change>
			<change who="gcrane" when="2011-07-19">removed the earlier persName/placeName
				tags</change>
			<change who="gcrane" when="2011-07-09">fixed problems with capitalization</change>
			<change who="gcrane" when="2011-01-15">base SDL file</change>
			<change who="rsingh04" when="2010-03-09">commented out chapter milestone in actio 2
				because it's breaking up the (correct) chunks by section and lines are not being
				displayed online</change>
			<change who="rsingh04" when="2009-10-09">more reorganizing of texts module by
				collection</change>
			<change who="rsingh04" when="2009-09-25">added missing milestone and line of
				text</change>
			<change who="rsingh04" when="2009-09-22">fixed chunking for cic. ver. to
				text:actio:book:section in order for bibls to work</change>
			<change who="gcrane" when="2006-04-02">mainly fixes to the words lower cased at the
				start of sentences: found that we had always hadfound that we had always had Cum
				rather than cum.   This has been fixed in oct.cic[123]  oct.cic[456] are having the
				app crits added and will need to be updated when  those files come back</change>
			<change when="2006-03-31" who="gcrane">this now parses with a cut at the app
				crit</change>
			<change when="2005-08-01" who="packel">removed stray item tags</change>
			<change when="2005-07-25" who="packel">Converted to XML</change>
			<change when="2005-04-08" who="mimno"> added default chunks  </change>
			<change when="2003-07-01" who="yorkc"> Updated texts to TEI P4 and Perseus P4
				extensions; minor cleanup (esp. character encodings and typos.)  </change>
			<change when="2000-09-11" who="gcrane"> fixed Satyrus as a personal name.</change>
			<change when="2000-03-06" who="amahoney"> oops, put head for verrines in wrong
				place  </change>
			<change when="2000-03-06" who="amahoney"> add headers for groups of speeches, so they
				show up in the toc: Catilines, Verrines, Philippics, and Agrarian Law  </change>
			<change when="2000-03-04" who="dasmith">Added separate funder entity to TEI
				header.  </change>
			<change when="1999-10-14" who="dasmith">Added explanatory subtitles to
				titleStmt</change>
			<change when="1999-08-12" who="dasmith">Fixed refsDecl</change>
			<change when="1999-08-04" who="textgod">Random changes over a period of
				months.  </change>
			<change when="1997-08-18" who="textgod"> ???</change>
			<change when="1997-03-26" who="textgod"> Removed N attribute on TEI.2  </change>
			<change when="1997-03-26" who="textgod"/>
			<change when="1997-03-25" who="DAS">ed.</change>
		</revisionDesc>
	</teiHeader>

	<text>
		<body>
			<div type="edition" xml:lang="lat" n="urn:cts:latinLit:phi0474.phi004.perseus-lat2">
				<head>M. Tulli Ciceroni in Q. Caecilium Oratio</head>
				<head>Quae Divinatio Dicitur</head>

				<milestone n="1" unit="chapter"/><milestone unit="Para"/>

				<div type="textpart" subtype="section" n="1">
					<p>
						<reg>si</reg> quis vestrum, iudices, aut eorum qui adsunt, forte
							miratur<note>mirantur <hi rend="italic">plerique codd.</hi>: <hi
								rend="italic">num</hi> mirabitur? (<hi rend="italic">Cl. Rev.</hi>
							xviii. 440) qui per tot (<hi rend="italic">Quint.</hi> iv. 1. 49) <hi
								rend="italic">G2L</hi></note> me, qui tot annos in causis
						iudiciisque publicis ita sim<note>sim ita <foreign xml:lang="grc"
								>p</foreign></note> versatus ut defenderim<note>defenderem <hi
								rend="italic">codd.</hi></note> multos, laeserim neminem, subito
						nunc mutata voluntate ad accusandum descendere, is, si mei consili causam
						rationemque cognoverit, una et id quod facio probabit, et in hac causa
						profecto neminem praeponendum mihi esse actorem putabit.</p>
				</div>
				<div type="textpart" subtype="section" n="2">
					<p> Cum quaestor in Sicilia fuissem, iudices, itaque ex ea provincia
							decessissem<note>decessissem <hi rend="italic"><foreign xml:lang="grc"
									>p</foreign>b</hi> (i, §52): discessissem <hi rend="italic"
									>D<foreign xml:lang="grc">Y</foreign></hi></note> ut Siculis
						omnibus iucundam diuturnamque memoriam quaesturae nominisque mei
						relinquerem, factum est uti cum summum in veteribus patronis multis, tum non
						nullum etiam in me praesidium suis fortunis constitutum esse arbitrarentur.
							<reg>quare</reg><note>Quare <hi rend="italic">DG2KZ</hi>: qui <foreign
								xml:lang="grc">p</foreign>
							<hi rend="italic">et plerique codd.</hi></note> nunc populati atque
						vexati cuncti ad me publice<note>publice saepe <hi rend="italic">codd.</hi>:
							saepe <hi rend="italic">om. r, del. Bake</hi>: supplices saepe <hi
								rend="italic">J. Paulson</hi></note> saepe venerunt, ut suarum
							fortunarum<note>fortunarum suarum (<hi rend="italic">sed cum signis
								transp.</hi>) <hi rend="italic">D, item G2LK</hi> (§31 <hi
								rend="italic">infra</hi>)</note> omnium causam defensionemque
						susciperem. <reg>me</reg> saepe esse<note>esse <hi rend="italic">om.
							p</hi></note> pollicitum, saepe ostendisse dicebant, si quod tempus
						accidisset, quo tempore aliquid a me requirerent, commodis eorum me non
						defuturum. </p>
				</div>
				<div type="textpart" subtype="section" n="3">
					<p>
						<reg>venisse</reg> tempus aiebant non iam ut commoda sua<note>sua <hi
								rend="italic">et</hi> ut <hi rend="italic">om. p</hi></note>, sed ut
						vitam salutemque totius provinciae defenderem; sese iam ne deos quidem in
						suis urbibus ad quos confugerent habere, quod eorum<note><hi rend="italic"
								>num</hi> quod deorum? (iv, §151)</note> simulacra sanctissima C.
						Verres ex delubris religiosissimis sustulisset; quas res luxuries in
						flagitiis, crudelitas in suppliciis, avaritia in rapinis, superbia in
						contumeliis efficere potuisset, eas omnis sese hoc uno praetore per
						triennium pertulisse; rogare et orare ne illos supplices aspernarer quos me
						incolumi nemini supplices esse oporteret. <milestone n="2" unit="chapter"/><milestone unit="Para"/>

					</p>
				</div>
				<div type="textpart" subtype="section" n="4">
					<p>
						<reg>tuli</reg> graviter et acerbe, iudices, in eum me locum adduci ut aut
						eos homines spes falleret qui opem a me atque auxilium petissent, aut ego,
						qui me ad defendendos homines ab ineunte adulescentia dedissem, tempore
						atque officio coactus ad accusandum traducerer. <reg>dicebam</reg> habere
							eos<note>habere eos <hi rend="italic">pr<foreign xml:lang="grc"
									>d</foreign> Quint.</hi> ix. 2. 59: eos habere <hi rend="italic"
									>D<foreign xml:lang="grc">Y</foreign></hi></note> actorem Q.
						Caecilium, qui praesertim quaestor in eadem<note>eadem <hi rend="italic"
								>prG1</hi>: sua <hi rend="italic">DL</hi>: illa <hi rend="italic"
								>Hirschfelder</hi>: Sicilia <hi rend="italic">Mueller</hi></note>
						provincia post me quaestorem<note>post me quaestorem <foreign xml:lang="grc"
								>pd</foreign>: <hi rend="italic">om. D<foreign xml:lang="grc"
									>Y</foreign>. Haec verba requirere videtur vocabulum illud</hi>
							praesertim: <hi rend="italic">J. Ph.</hi> xxx, 173.</note> fuisset.
							<reg>quo</reg><note>Quo <hi rend="italic">codd.</hi>: sed quo <hi
								rend="italic">coni. Ruhnkon, fort, recte</hi></note> ego adiumento
						sperabam hanc a me posse molestiam demoveri<note>demoveri <hi rend="italic"
									>pr<foreign xml:lang="grc">d</foreign></hi>: dimov. <hi
								rend="italic">D<foreign xml:lang="grc">Y</foreign>q</hi> (amoveri
								<hi rend="italic">L</hi>)</note>, id<note>idem id <hi rend="italic"
									>D<foreign xml:lang="grc">Y</foreign></hi></note> mihi erat
						adversarium maxime; nam illi multo mihi hoc facilius remisissent si istum
						non nossent, aut si iste apud eos quaestor non fuisset. </p>
				</div>
				<div type="textpart" subtype="section" n="5">
					<p>
						<reg>adductus</reg><note>Ita adductus <hi rend="italic">Pluygers</hi></note>
						sum, iudices, officio, fide, misericordia, multorum bonorum exemplo,
							vetere<note>veteri <hi rend="italic">D al.</hi>
							<foreign xml:lang="grc">p</foreign></note> consuetudine institutoque
						maiorum, ut onus huius laboris atque offici non ex meo, sed ex meorum
						necessariorum tempore mihi suscipiendum putarem. <reg>quo</reg> in negotio
						tamen illa me res<note>illa me res <hi rend="italic">D al.</hi>
							<foreign xml:lang="grc">p</foreign>: illa res me <hi rend="italic"
								>G3</hi></note>, iudices, consolatur, quod haec quae videtur esse
						accusatio mea non potius accusatio quam defensio est existimanda.
							<reg>defendo</reg> enim multos mortalis, multas civitates, provinciam
						Siciliam totam; quam ob rem, quia<note>quia <hi rend="italic">D<foreign
									xml:lang="grc">Y</foreign></hi> (cum <hi rend="italic">L</hi>):
							si <hi rend="italic">pr<foreign xml:lang="grc">d</foreign></hi>
							(etiamsi?)</note> mihi unus est accusandus, prope modum manere in
						instituto meo videor et<note>videor et <hi rend="italic">prG1</hi>: video me
							et <hi rend="italic">D<foreign xml:lang="grc">Y</foreign></hi></note>
						non omnino a defendendis hominibus sublevandisque discedere. </p>
				</div>
				<div type="textpart" subtype="section" n="6">
					<p>
						<reg>quodsi</reg> hanc causam tam idoneam, tam inlustrem, tam gravem non
						haberem,— si aut hoc a me Siculi non petissent aut mihi cum Siculis causa
						tantae necessitudinis non intercederet, et hoc quod facio me rei publicae
						causa facere profiterer, ut homo singulari cupiditate, audacia, scelere
						praeditus, cuius furta atque flagitia non in Sicilia solum, sed in Achaia,
						Asia, Cilicia, Pamphylia, Romae denique ante oculos omnium maxima
						turpissimaque nossemus, me agente in iudicium vocaretur,—quis
							tandem<note>tamen <hi rend="italic">Hotoman</hi></note> esset qui meum
						factum aut consilium posset reprehendere? <milestone n="3" unit="chapter"/><milestone unit="Para"/>

					</p>
				</div>
				<div type="textpart" subtype="section" n="7">
					<p>
						<reg>quid</reg> est, pro deum hominumque fidem, in quo ego rei publicae plus
						hoc tempore prodesse possim? <reg>quid</reg> est quod aut populo Romano
						gratius esse debeat, aut sociis exterisque nationibus optatius esse possit,
						aut saluti fortunisque omnium magis accommodatum sit? <reg>populatae</reg>,
						vexatae, funditus eversae provinciae, socii stipendiariique populi Romani
						adflicti, miseri, iam non<note>non iam <hi rend="italic">L</hi></note>
						salutis spem sed solacium exiti<note>exitii sol. <hi rend="italic"
									>pr<foreign xml:lang="grc">d</foreign></hi></note> quaerunt.
					</p>
				</div>
				<div type="textpart" subtype="section" n="8">
					<p>
						<reg>qui</reg> iudicia manere apud ordinem senatorium volunt, queruntur
						accusatores se idoneos non habere: qui accusare possunt, iudiciorum
						severitatem desiderant. <reg>populus</reg> Romanus interea, tametsi multis
						incommodis difficultatibusque adfectus est, tamen nihil aeque in re publica
						atque illam veterem iudiciorum vim gravitatemque requirit.
							<reg>iudiciorum</reg><note>vim grav. req. iud. <hi rend="italic">om. ex
								homoeoteleuto DLK, suppl. s. l. p2</hi></note> desiderio tribunicia
						potestas efflagitata est, iudiciorum levitate<note>lenitate <hi
								rend="italic">DG12</hi></note> ordo quoque alius ad res iudicandas
						postulatur, iudicum culpa atque dedecore etiam censorium nomen, quod
						asperius antea populo videri solebat, id nunc poscitur, id iam populare et
						plausibile factum est. </p>
				</div>
				<div type="textpart" subtype="section" n="9">
					<p>
						<reg>in</reg> hac libidine hominum nocentissimorum, in populi Romani
						cotidiana querimonia, iudiciorum infamia, totius ordinis offensione, cum hoc
						unum his tot incommodis remedium esse arbitrarer, ut homines idonei atque
						integri causam rei publicae legumque susciperent, fateor me salutis omnium
						causa ad eam partem accessisse rei publicae sublevandae<note>sublevandam <hi
								rend="italic">Vrsinus</hi></note> quae maxime laboraret. </p>
				</div>
				<div type="textpart" subtype="section" n="10">
					<p>
						<reg>nunc</reg> quoniam quibus rebus adductus ad causam accesserim
						demonstravi, dicendum necessario est de contentione nostra, ut in
						constituendo accusatore quid sequi possitis habeatis. <reg>ego</reg> sic
						intellego, iudices: cum de pecuniis repetundis nomen cuiuspiam deferatur, si
						certamen inter aliquos sit cui potissimum delatio detur, haec duo in primis
						spectari oportere, quem maxime velint actorem esse ii quibus factae esse
						dicantur iniuriae, et quem minime<note>minime <hi rend="italic"><foreign
									xml:lang="grc">p</foreign>ZG1</hi> (<hi rend="italic">cap.</hi>
							vii, <hi rend="italic">ad init.</hi>): maxime <hi rend="italic"
									>D<foreign xml:lang="grc">Y</foreign></hi></note> velit is qui
						eas iniurias fecisse arguatur. <milestone n="4" unit="chapter"/><milestone unit="Para"/>

					</p>
				</div>
				<div type="textpart" subtype="section" n="11">
					<p>
						<reg>in</reg> hac causa, iudices, tametsi utrumque esse arbitror perspicuum,
						tamen de utroque dicam, et de eo prius quod apud vos plurimum debet valere,
						hoc est de voluntate eorum quibus iniuriae factae sunt; quorum causa
						iudicium de pecuniis repetundis est constitutum. Siciliam provinciam C.
						Verres per triennium depopulatus esse, Siculorum civitates vastasse, domos
						exinanisse, fana spoliasse dicitur. <reg>adsunt</reg>, queruntur Siculi
						universi; ad meam fidem, quam habent spectatam iam et cognitam<note>et diu
							cogn. <hi rend="italic">p2rG1<foreign xml:lang="grc"
							>d</foreign></hi></note>, confugiunt; auxilium sibi per me a vobis atque
						a populi Romani legibus petunt; me defensorem calamitatum suarum, me ultorem
						iniuriarum, me cognitorem iuris sui, me actorem causae totius esse
							voluerunt<note>volunt <hi rend="italic">G2LK</hi></note>. </p>
				</div>
				<div type="textpart" subtype="section" n="12">
					<p> Vtrum, Q. Caecili, hoc dices<note>dicis <hi rend="italic">D<foreign
									xml:lang="grc">Yp</foreign></hi> (ii, §44)</note>, me non
						Siculorum rogatu ad causam accedere, an optimorum fidelissimorumque sociorum
						voluntatem apud hos gravem esse non oportere? <reg>si</reg> id audebis
						dicere, quod C. Verres, cui te inimicum esse simulas, maxime existimari
						vult, Siculos hoc a me non petisse, primum causam inimici tui sublevabis, de
						quo non praeiudicium, sed plane iudicium iam factum putatur, quod ita
						percrebruit, Siculos omnis actorem suae causae contra illius iniurias
						quaesisse. </p>
				</div>
				<div type="textpart" subtype="section" n="13">
					<p>
						<reg>hoc</reg> si tu, inimicus eius, factum negabis, quod ipse, cui maxime
						haec res obstat, negare non audet, videto ne nimium familiariter inimicitias
						exercere videare. <reg>deinde</reg> sunt testes viri clarissimi nostrae
						civitatis, quos omnis a me nominari non est necesse: eos qui adsunt
						appellabo, quos, si mentirer, testis esse impudentiae meae minime vellem.
							<reg>scit</reg> is qui est in consilio, C. Marcellus, scit is quem
						adesse video, Cn. Lentulus Marcellinus; quorum fide atque praesidio Siculi
						maxime nituntur<note>nituntur <hi rend="italic">Manutius</hi>: utuntur <hi
								rend="italic">codd.</hi></note>, quod omnino Marcellorum nomini tota
						illa provincia adiuncta est. </p>
				</div>
				<div type="textpart" subtype="section" n="14">
					<p>
						<reg>hi</reg> sciunt hoc non modo a me petitum esse, sed ita saepe et ita
						vehementer esse petitum ut aut causa mihi suscipienda fuerit aut officium
						necessitudinis repudiandum. <reg>sed</reg> quid ego his testibus utor, quasi
						res dubia aut obscura sit? <reg>adsunt</reg> homines ex tota provincia
						nobilissimi, qui praesentes vos orant atque obsecrant, iudices, ut in actore
						causae suae deligendo vestrum iudicium ab suo<note>ab suo <hi rend="italic"
								>Dp et rell. praeter G2KZ</hi> (a suo)</note> iudicio ne discrepet.
							<reg>omnium</reg> civitatum totius Siciliae legationes adsunt praeter
							duas<note>praeter duas (<hi rend="italic">s.</hi> duarum) quarum si <hi
								rend="italic">Rinkes, A. Eberhard</hi></note> civitates; quarum
						duarum si adessent, duo crimina vel maxima minuerentur quae cum his<note>his
								<hi rend="italic">Dp</hi>: is (<hi rend="italic">i. e.</hi> iis) <hi
								rend="italic">Probus, K.</hi> iv. <hi rend="italic">p.</hi>
							41</note> civitatibus C. Verri communicata sunt. </p>
				</div>
				<div type="textpart" subtype="section" n="15">
					<p>
						<reg>at</reg> enim cur a me potissimum hoc praesidium
							petiverunt<note>petierunt <foreign xml:lang="grc">p</foreign></note>?
							<reg>si</reg> esset dubium petissent<note>petissent a me praesidium <hi
								rend="italic">G1r<foreign xml:lang="grc">d</foreign></hi></note>
						necne, dicerem cur petissent: nunc vero, cum<note>cum <hi rend="italic"
								>om.</hi>
							<foreign xml:lang="grc">p</foreign> id <hi rend="italic">om.
							G2LKZ</hi></note> id ita perspicuum sit ut oculis iudicare possitis,
						nescio cur hoc mihi detrimento esse debeat, si id mihi obiciatur, me
						potissimum esse delectum. </p>
				</div>
				<div type="textpart" subtype="section" n="16">
					<p>
						<reg>verum</reg> id mihi non sumo, iudices, et hoc non modo in oratione mea
						non pono, sed ne in opinione quidem cuiusquam relinquo, me omnibus patronis
						esse praepositum. <reg>non</reg> ita est; sed unius cuiusque temporis,
						valetudinis, facultatis ad agendum ducta ratio est. <reg>mea</reg> fuit
						semper haec in hac re voluntas et sententia, quemvis ut hoc mallem de iis
						qui essent idonei suscipere quam me, me ut mallem quam neminem. <milestone
							n="5" unit="chapter"/><milestone unit="Para"/>

					</p>
				</div>
				<div type="textpart" subtype="section" n="17">
					<p>
						<reg>reliquum</reg> est iam ut illud quaeramus, cum hoc constet, Siculos a
						me petisse, ecquid hanc rem apud vos animosque vestros valere oporteat,
						ecquid auctoritatis apud vos in suo iure repetundo<note>repetundo <hi
								rend="italic">Dp</hi>: repetendo <hi rend="italic">LKZ</hi></note>
						socii populi Romani, supplices vestri, habere debeant. <reg>de</reg> quo
						quid ego plura commemorem? quasi vero dubium sit quin tota lex de pecuniis
						repetundis sociorum causa constituta sit; </p>
				</div>
				<div type="textpart" subtype="section" n="18">
					<p> nam civibus cum sunt ereptae<note>ereptae sunt <hi rend="italic"
							>Z</hi></note> pecuniae, civili fere actione et privato iure repetuntur.
							<reg>haec</reg> lex socialis est, hoc ius nationum exterarum est, hanc
						habent arcem, minus aliquanto nunc quidem munitam quam antea, verum tamen si
						qua reliqua spes est quae sociorum animos consolari possit, ea tota in hac
						lege posita est; cuius legis non modo a populo Romano, sed etiam ab ultimis
						nationibus iam pridem severi custodes requiruntur. </p>
				</div>
				<div type="textpart" subtype="section" n="19">
					<p>
						<reg>quis</reg> ergo<note>ergo <hi rend="italic">D<foreign xml:lang="grc"
									>Y</foreign></hi>: igitur <hi rend="italic">pr<foreign
									xml:lang="grc">d</foreign></hi></note> est qui neget oportere
						eorum arbitratu lege agi quorum causa lex sit constituta? Sicilia tota si
						una voce loqueretur, hoc diceret: '<reg>quod</reg> auri, quod argenti, quod
						ornamentorum in meis urbibus, sedibus, delubris fuit<note>fuit <hi
								rend="italic">prG1<foreign xml:lang="grc">d</foreign> Gellius</hi>:
								<hi rend="italic">om. D<foreign xml:lang="grc"
							>Y</foreign></hi></note>, quod in una quaque re beneficio senatus
						populique Romani iuris habui, id mihi tu, C. Verres, eripuisti atque
						abstulisti; quo nomine abs te sestertium miliens ex lege repeto.'
							<reg>si</reg> universa, ut dixi, provincia loqui posset, hac voce
						uteretur: quoniam id non poterat, harum rerum actorem quem idoneum esse
						arbitrata est ipsa delegit. </p>
				</div>
				<div type="textpart" subtype="section" n="20">
					<p>
						<reg>in</reg> eius modi re quisquam tam impudens reperietur qui ad alienam
						causam, invitis iis quorum negotium est, accedere aut adspirare audeat?
							<milestone n="6" unit="chapter"/><milestone unit="Para"/>
<reg>si</reg> tibi, Q. Caecili, hoc
						Siculi dicerent: '<reg>te</reg> non novimus, nescimus qui sis<note>quis sis
								<hi rend="italic">L</hi></note>, numquam te antea vidimus; sine nos
						per eum nostras fortunas defendere cuius fides est nobis cognita,' nonne id
						dicerent quod cuivis probare deberent? <reg>nunc</reg> hoc dicunt, utrumque
						se nosse; alterum se cupere defensorem esse fortunarum suarum, alterum plane
						nolle. </p>
				</div>
				<div type="textpart" subtype="section" n="21">
					<p>
						<reg>cur</reg> nolint, etiamsi taceant<note>taceant <hi rend="italic"
									>D<foreign xml:lang="grc">Yp</foreign></hi>: tacent <hi
								rend="italic">Asc.</hi>: tacerent <foreign xml:lang="grc"
								>d</foreign></note>, satis dicunt; verum non tacent.
							<reg>tamen</reg> iis invitissimis te offeres? tamen in aliena causa
						loquere? tamen eos defendes qui se ab omnibus desertos potius quam abs te
						defensos esse malunt? tamen iis operam tuam pollicebere qui te neque velle
						sua causa<note>sua causa <hi rend="italic">D<foreign xml:lang="grc"
									>D</foreign> Rufinianus</hi>: sui causa <hi rend="italic">K</hi>
							(iii, §121): suam causam <hi rend="italic">pr, unde</hi> suam causam
							tueri, defendere <foreign xml:lang="grc">d</foreign></note> nec, si
						cupias, posse arbitrantur? <reg>cur</reg> eorum spem exiguam reliquarum
						fortunarum, quam habent in legis et in iudici severitate positam, vi
						extorquere conaris? cur te interponis invitissimis iis quibus maxime lex
						consultum esse vult? cur, de quibus in provincia non optime es meritus, eos
						nunc plane fortunis omnibus conaris evertere? cur iis non modo persequendi
						iuris sui, sed etiam deplorandae calamitatis adimis potestatem? </p>
				</div>
				<div type="textpart" subtype="section" n="22">
					<p>
						<reg>nam</reg> te actore quem eorum adfuturum putas, quos intellegis non ut
						per te alium, sed ut per alium<note>alium <hi rend="italic">om. pr<foreign
									xml:lang="grc">d</foreign></hi></note> aliquem te ipsum
						ulciscantur laborare? <milestone n="7" unit="chapter"/><milestone unit="Para"/>
<reg>at</reg> enim
						solum id est, ut me Siculi maxime velint: alterum illud, credo, obscurum
						est, a quo Verres minime se accusari velit. <reg>ecquis</reg> umquam tam
						palam de honore, tam vehementer de salute sua contendit quam ille atque
						illius amici ne<note>ut ne <hi rend="italic">pr<foreign xml:lang="grc"
									>d</foreign></hi></note> haec mihi delatio detur?
							<reg>sunt</reg> multa quae Verres in me esse arbitratur, quae scit in
						te, Caecili<note>Caecili <hi rend="italic">D<foreign xml:lang="grc"
									>Y</foreign>pq</hi>: Q. Caecili <hi rend="italic">r ed.
								Rom.</hi> (i, §§45, 60; <hi rend="italic">Am. J. Ph.</hi> xxvi. <hi
								rend="italic">p.</hi> 412)</note>, non esse; quae cuius modi in
						utroque nostrum sint, paulo post commemorabo; </p>
				</div>
				<div type="textpart" subtype="section" n="23">
					<p> nunc tantum id dicam quod tacitus tu mihi adsentiare, nullam rem in me esse
						quam ille contemnat, nullam in te quam pertimescat. <reg>itaque</reg> magnus
						ille defensor et amicus eius tibi suffragatur, me oppugnat; aperte ab
							iudicibus<note>a iud. <hi rend="italic">D<foreign xml:lang="grc"
									>Y</foreign></hi></note> petit ut tu mihi anteponare, et ait hoc
						se honeste sine ulla invidia ac sine ulla offensione contendere.
							'<reg>non</reg> enim,' inquit<note>enim inquit <hi rend="italic">om. DG2
								al.</hi></note>, 'illud peto quod soleo, cum vehementius contendi,
						impetrare: reus ut absolvatur non peto, sed ut potius ab hoc<note>ab hoc
							potius <hi rend="italic">pr<foreign xml:lang="grc"
							>d</foreign></hi></note> quam ab illo accusetur, id peto. <reg>da</reg>
						mihi hoc; concede quod facile est, quod honestum<note>honestum est <hi
								rend="italic">G3K</hi></note>, quod non invidiosum; quod cum
						dederis, sine ullo tuo periculo, sine infamia illud dederis, ut is<note>is
								<hi rend="italic">om. D<foreign xml:lang="grc"
							>Y</foreign></hi></note> absolvatur cuius ego causa laboro.' </p>
				</div>
				<div type="textpart" subtype="section" n="24">
					<p>
						<reg>et</reg> ait idem, ut aliquis metus adiunctus sit ad gratiam, certos
						esse in consilio quibus ostendi tabellas velit; id esse perfacile; non enim
						singulos ferre sententias<note>sententiam <hi rend="italic">LK
							Asc.</hi></note>, sed universos constituere; ceratam uni cuique tabellam
						dari cera legitima, non illa infami ac nefaria. <reg>atque</reg> is non tam
						propter Verrem laborat quam quod eum minime res tota delectat; videt enim,
						si a pueris nobilibus, quos adhuc elusit, si a quadruplatoribus, quos non
						sine causa contempsit semper ac pro nihilo putavit, accusandi voluntas ad
						viros fortis spectatosque homines translata sit, sese in iudiciis diutius
						dominari non posse. <milestone n="8" unit="chapter"/><milestone unit="Para"/>

					</p>
				</div>
				<div type="textpart" subtype="section" n="25">
					<p>
						<reg>huic</reg> ego homini iam ante denuntio, si a me causam hanc vos agi
						volueritis, rationem illi defendendi totam esse mutandam, et ita
							mutandam<note>et ita mutandam <hi rend="italic">Heraeus</hi> (ii, §53):
							et ita tamen mutandam <hi rend="italic">p s. l., item qr</hi> (t<hi
								rend="overline">n</hi>
							<hi rend="italic">per dittographiam, credo</hi>): et ita causam (cām)
							mutandam <hi rend="italic">G1 Par.</hi> 7822 <foreign xml:lang="grc"
								>d</foreign>: <hi rend="italic">om. D<foreign xml:lang="grc"
									>Y</foreign>b</hi></note> ut, meliore et honestiore
							condicione<note>condicione sit <hi rend="italic">Asc.</hi> ipse vult uti
								<hi rend="italic">scripsi, pqr secutus in quibus eZZZ</hi> ut <hi
								rend="italic">ante</hi> imitetur (<hi rend="italic">Cl. Rev.</hi>
							xix. 160): ipse esse vult <hi rend="italic">pG1 Par.</hi> 7822 <foreign
								xml:lang="grc">d</foreign></note> quam qua ipse vult uti, imitetur
						homines eos quos ipse vidit amplissimos, L. Crassum et M. Antonium, qui
						nihil se arbitrabantur ad iudicia causasque amicorum praeter fidem et
						ingenium adferre oportere. <reg>nihil</reg> erit quod me agente arbitretur
						iudicium sine magno multorum periculo posse corrumpi. </p>
				</div>
				<div type="textpart" subtype="section" n="26">
					<p>
						<reg>ego</reg> in hoc iudicio mihi Siculorum causam receptam, populi Romani
						susceptam esse arbitror, ut mihi non unus<note>non unus <hi rend="italic"
								>prb Asc.</hi>: non nisi unus <hi rend="italic">DG1KZ</hi>: non
							tantum unus <hi rend="italic">G2L. Cf.</hi> v, §170</note>
							homo<note>homo <hi rend="italic">om. Asc. Fort.</hi> non unus <hi
								rend="italic">modo</hi> improbus: <hi rend="italic">Cl. Rev.</hi>
							xvii. 198</note> improbus opprimendus sit, id quod Siculi petiverunt,
						sed omnino omnis<note>omnino omnis <hi rend="italic">Iannoctianus
								Garatonii</hi> (<hi rend="italic">Zumpt Praef. p.</hi> xxvi), <hi
								rend="italic">Steph., Lamb.</hi>: omnino <hi rend="italic"
								>codd.</hi>: omnis <hi rend="italic">Asc.</hi></note> improbitas, id
						quod populus Romanus iam diu flagitat, exstinguenda atque delenda sit: in
						quo ego<note>ego <hi rend="italic"><foreign xml:lang="grc"
									>p</foreign>b<foreign xml:lang="grc">d</foreign></hi>: <hi
								rend="italic">om. D<foreign xml:lang="grc">Y</foreign></hi></note>
						quid eniti aut quid efficere possim, malo in aliorum spe relinquere quam in
						oratione mea ponere. </p>
				</div>
				<div type="textpart" subtype="section" n="27">
					<p>
						<reg>tu</reg> vero, Caecili, quid potes? quo tempore aut qua in re non modo
						ceteris specimen aliquod dedisti, sed tute tui periculum fecisti?
							<reg>in</reg> mentem tibi non venit quid negoti sit causam publicam
						sustinere, vitam alterius totam explicare atque eam non modo in animis
						iudicum, sed etiam in oculis conspectuque omnium exponere, sociorum salutem,
						commoda provinciarum, vim legum, gravitatem iudiciorum defendere? <milestone
							n="9" unit="chapter"/><milestone unit="Para"/>
<reg>cognosce</reg> ex me, quoniam hoc primum
						tempus discendi nactus es, quam multa esse oporteat in eo qui alterum
						accuset; ex quibus si unum aliquod<note>aliquod <hi rend="italic"><foreign
									xml:lang="grc">p</foreign>G1</hi>: <hi rend="italic">om.
									D<foreign xml:lang="grc">Y</foreign></hi></note> in te
						cognoveris, ego iam tibi ipse istuc<note>istud <hi rend="italic"
							>G2LKZ</hi></note> quod expetis mea voluntate concedam.
							<reg>primum</reg> integritatem atque innocentiam singularem; nihil est
						enim quod minus ferendum sit quam rationem ab altero vitae reposcere eum qui
						non possit suae reddere. </p>
				</div>
				<div type="textpart" subtype="section" n="28">
					<p>
						<reg>hic</reg> ego de te plura non dicam: unum illud credo omnis animum
							advertere<note>animum advertere <foreign xml:lang="grc">p</foreign>:
							animadvertere <hi rend="italic">rell., edd.</hi> (v, §105)</note>, te
						adhuc a nullis nisi ab<note>ab nullis <hi rend="italic">pr<foreign
									xml:lang="grc">d</foreign></hi></note> Siculis<note>ab Siculis
								<hi rend="italic">DG1<foreign xml:lang="grc">p</foreign></hi>: a
							Sic. <foreign xml:lang="grc">Y</foreign>
							<hi rend="italic">Asc.</hi></note> potuisse cognosci; Siculos hoc
						dicere, cum eidem sint irati cui tu te inimicum esse dicis, sese tamen te
						actore ad iudicium non adfuturos. <reg>quare</reg> negent ex me non audies:
						hos patere id suspicari quod necesse est. <reg>illi</reg> quidem, ut est
						hominum genus nimis<note>nimis <hi rend="italic">om. G2LK</hi></note> acutum
						et suspiciosum, non te ex Sicilia litteras in Verrem deportare velle
						arbitrantur, sed, quod<note><app>
								<lem>quod</lem>
							</app> cum <hi rend="italic">r<foreign xml:lang="grc"
							>d</foreign></hi></note> isdem litteris illius praetura et tua quaestura
						consignata sit, asportare te velle ex Sicilia litteras suspicantur. </p>
				</div>
				<div type="textpart" subtype="section" n="29">
					<p>
						<reg>deinde</reg> accusatorem firmum verumque esse oportet. Eum ego si te
						putem cupere esse, facile intellego esse non posse<note>non esse posse <hi
								rend="italic">D<foreign xml:lang="grc">Y</foreign></hi></note>.
							<reg>nec</reg> ea dico, quae si dicam tamen infirmare non possis, te,
						antequam de Sicilia decesseris, in gratiam redisse cum Verre; Potamonem,
						scribam et familiarem tuum, retentum esse a Verre in provincia, cum tu
						decederes; M. Caecilium, fratrem tuum, lectissimum atque ornatissimum
						adulescentem, non modo non adesse neque tecum tuas iniurias persequi, sed
						esse cum Verre et cum illo familiarissime atque amicissime vivere.
							<reg>sunt</reg> et haec et alia in te falsi accusatoris signa permulta,
						quibus ego nunc non utor: hoc dico, te, si maxime cupias, tamen verum
						accusatorem esse non posse. </p>
				</div>
				<div type="textpart" subtype="section" n="30">
					<p>
						<reg>video</reg> enim permulta esse crimina quorum tibi societas cum Verre
						eius modi est ut ea in accusando attingere non audeas. <milestone n="10"
							unit="chapter"/><milestone unit="Para"/>

						<reg>queritur</reg> Sicilia tota C. Verrem ab aratoribus, cum frumentum sibi
						in cellam imperavisset, et cum esset tritici modius HS II, pro frumento in
						modios singulos duodenos sestertios exegisse. Magnum crimen, ingens pecunia,
						furtum impudens, iniuria non ferenda! <reg>ego</reg> hoc uno crimine illum
						condemnem necesse est: tu, </p>
				</div>
				<div type="textpart" subtype="section" n="31">
					<p> Caecili, quid facies? utrum hoc tantum crimen praetermittes an obicies?
							<reg>si</reg> obicies, idne alteri crimini dabis quod eodem tempore in
						eadem provincia tu ipse fecisti? audebis ita accusare alterum ut quo minus
						tute condemnere recusare non possis? <reg>sin</reg>
							praetermittes<note>praetermittis <hi rend="italic">D <foreign
									xml:lang="grc">p</foreign> al.</hi></note>, qualis erit tua
							ista<note>ista tua (<hi rend="italic">sed cum signis transp.</hi>) <hi
								rend="italic">D, item G2K al.</hi> (§2 <hi rend="italic"
							>supra</hi>)</note> accusatio, quae domestici periculi metu certissimi
						et maximi criminis non modo sponsionem<note>sponsionem <hi rend="italic"
								>scripsi</hi> (<hi rend="italic">Cl. Rev.</hi> xvii. 199):
							suspicionem <hi rend="italic">codd.</hi>: subscriptionem <hi
								rend="italic">Madvig</hi>: susceptionem <hi rend="italic">A.
								Eberhard</hi>: expositionem <hi rend="italic">Luterbacher</hi>:
							suspicionem <hi rend="italic">et</hi> mentionem <hi rend="italic">voluit
								transponere Pluygers</hi></note>, verum etiam mentionem ipsam
						pertimescat? </p>
				</div>
				<div type="textpart" subtype="section" n="32">
					<p>
						<reg>emptum</reg> est ex senatus consulto frumentum ab Siculis praetore
						Verre, pro quo frumento pecunia omnis soluta non est. <reg>grave</reg> est
						hoc crimen in Verrem, grave me agente, te accusante nullum; eras enim tu
						quaestor, pecuniam publicam tu tractabas, ex qua, etiamsi cuperet praetor,
						tamen ne qua deductio fieret magna ex parte tua potestas erat.
							<reg>huius</reg> quoque igitur criminis te accusante mentio nulla fiet:
						silebitur toto iudicio de maximis et notissimis illius furtis et iniuriis.
							<reg>mihi</reg> crede, Caecili, non potest in accusando socios vere
						defendere is qui cum reo criminum societate coniunctus est. </p>
				</div>
				<div type="textpart" subtype="section" n="33">
					<p>
						<reg>mancipes</reg> a civitatibus pro frumento pecuniam exegerunt.
							<reg>quid</reg>? hoc Verre praetore factum est solum? <reg>non</reg>,
						sed etiam quaestore Caecilio. <reg>quid</reg> igitur? daturus es huic
						crimini quod et potuisti prohibere ne fieret et debuisti, an totum id
						relinques? <reg>ergo</reg> id omnino Verres in iudicio suo non audiet quod,
						cum faciebat, quem ad modum defensurus esset non reperiebat. <milestone
							n="11" unit="chapter"/><milestone unit="Para"/>
<reg>atque</reg> ego haec quae in medio posita
						sunt commemoro: sunt alia magis occulta furta, quae ille, ut istius, credo,
						animos atque impetus retardaret, benignissime cum quaestore suo
						communicavit. </p>
				</div>
				<div type="textpart" subtype="section" n="34">
					<p>
						<reg>haec</reg> tu scis ad me esse delata; quae si velim proferre, facile
						omnes intellegent vobis inter vos non modo voluntatem fuisse coniunctam, sed
						ne praedam quidem adhuc esse divisam. <reg>quapropter</reg> si tibi indicium
						postulas dari quod tecum una fecerit, concedo, si id lege permittitur; sin
						autem de accusatione dicimus, concedas oportet iis qui nullo suo peccato
						impediuntur quo minus alterius peccata demonstrare possint. </p>
				</div>
				<div type="textpart" subtype="section" n="35">
					<p>
						<reg>ac</reg> vide quantum interfuturum sit inter meam tuamque<note>tuamque
								<hi rend="italic">Dp et plerique</hi>: et tuam <hi rend="italic"
								>G1</hi>: atque tuam <foreign xml:lang="grc">d</foreign></note>
						accusationem. <reg>ego</reg> etiam quae tu sine Verre commisisti Verri
						crimini daturus sum, quod te non prohibuerit, cum summam ipse haberet
						potestatem: tu contra ne quae ille quidem fecit obicies, ne qua ex parte
						coniunctus cum eo reperiare. <reg>quid</reg>? illa, Caecili, contemnendane
						tibi videntur esse, sine quibus causa sustineri, praesertim tanta, nullo
						modo potest? aliqua facultas agendi, aliqua dicendi consuetudo, aliqua in
						foro, iudiciis, legibus aut ratio aut exercitatio? </p>
				</div>
				<div type="textpart" subtype="section" n="36">
					<p>
						<reg>intellego</reg> quam scopuloso difficilique in loco verser; nam cum
						omnis adrogantia odiosa est, tum illa ingeni atque eloquentiae multo
						molestissima. <reg>quam</reg> ob rem nihil dico de meo ingenio; neque est
						quod possim dicere, neque si esset dicerem; aut enim id mihi satis est quod
						est de me opinionis, quidquid est, aut, si id<note>id <hi rend="italic">om.
								G2</hi></note> parum est, ego maius id commemorando facere non
						possum. <milestone n="12" unit="chapter"/><milestone unit="Para"/>

					</p>
				</div>
				<div type="textpart" subtype="section" n="37">
					<p>
						<reg>de</reg> te, Caecili,—iam mehercule hoc extra hanc<note>haec <hi
								rend="italic">G2L</hi></note> contentionem certamenque nostrum
						familiariter tecum loquar,—tu ipse quem ad modum existimes vide etiam atque
						etiam, et tu te collige, et qui sis<note>quis sis <hi rend="italic"
								>DG12KZ</hi></note> et quid facere possis considera. Putasne te
						posse de maximis acerbissimisque rebus, cum causam sociorum fortunasque
						provinciae, ius populi Romani, gravitatem<note>gravitatemque <hi
								rend="italic">D<foreign xml:lang="grc">Y</foreign></hi></note>
						iudici legumque susceperis<note>susceperis <hi rend="italic">edd.</hi>:
							susciperis <hi rend="italic">r</hi>: susciperes <hi rend="italic">Dp et
								pler.</hi></note>, tot res<note>res <hi rend="italic">om. DG2K,
								post</hi> varias <hi rend="italic">habet L</hi></note> tam gravis,
						tam varias voce, memoria, consilio, ingenio sustinere? </p>
				</div>
				<div type="textpart" subtype="section" n="38">
					<p> Putasne te posse<note>posse <hi rend="italic">codd. praeter b</hi> (te
							posse) eius modi <hi rend="italic">Dp et pler.</hi>: huius modi <hi
								rend="italic">G1, tres Lgg., ed. Rom.</hi> (i, §17)</note> quae C.
						Verres in quaestura, quae in legatione, quae in praetura, quae Romae, quae
						in Italia, quae in Achaia, Asia Pamphyliaque peccarit, ea, quem ad modum
						locis temporibusque divisa sint, sic criminibus et oratione distinguere?
						Putasne posse, id quod in eius modi reo maxime necessarium est, facere ut,
						quae ille libidinose, quae nefarie, quae crudeliter fecerit, ea aeque acerba
						et indigna videantur esse his qui audient atque illis visa sunt qui
						senserunt? </p>
				</div>
				<div type="textpart" subtype="section" n="39">
					<p> Magna sunt ea quae dico, mihi crede; noli haec contemnere.
							<reg>dicenda</reg>, demonstranda, explicanda sunt omnia, causa non solum
						exponenda, sed etiam graviter copioseque agenda est; perficiendum est, si
						quid agere aut proficere vis, ut homines te non solum audiant, verum etiam
						libenter studioseque audiant. <reg>in</reg> quo si te multum natura
						adiuvaret, si optimis a pueritia disciplinis atque artibus studuisses et in
						his elaborasses<note>laborasses <foreign xml:lang="grc">p</foreign></note>,
						si litteras Graecas Athenis non Lilybaei, Latinas Romae non in Sicilia
						didicisses, tamen esset magnum tantam causam, tam exspectatam, et diligentia
						consequi et memoria complecti et oratione expromere<note>exponere <foreign
								xml:lang="grc">d</foreign></note> et voce ac<note>ac <hi
								rend="italic">Dp et pler.</hi>: et <hi rend="italic"
							>G2LK</hi></note> viribus sustinere. </p>
				</div>
				<div type="textpart" subtype="section" n="40">
					<p>
						<reg>fortasse</reg> dices: '<reg>quid</reg> ergo? haec in te sunt omnia?'
						Vtinam quidem essent! verum tamen ut esse possent magno studio mihi a
						pueritia est elaboratum. <reg>quodsi</reg> ego haec propter magnitudinem
						rerum ac difficultatem adsequi non potui, qui in omni vita nihil aliud egi,
						quam longe tu te ab his rebus abesse arbitrare, quas non modo antea numquam
						cogitasti, sed ne nunc quidem, cum in eas ingrederis, quae et quantae sint
						suspicari potes? <milestone n="13" unit="chapter"/><milestone unit="Para"/>

					</p>
				</div>
				<div type="textpart" subtype="section" n="41">
					<p>
						<reg>ego</reg> qui, sicut omnes sciunt, in foro iudiciisque<note>in
							iudiciisque <foreign xml:lang="grc">p</foreign></note> ita
							verser<note>versor <hi rend="italic">G2L</hi></note> ut eiusdem aetatis
						aut nemo aut pauci pluris causas defenderint, et qui omne tempus quod mihi
						ab amicorum negotiis datur in his studiis laboribusque consumam, quo
						paratior ad usum forensem promptiorque esse possim, tamen ita mihi deos
						velim propitios ut, cum illius mihi temporis<note>illius mihi temporis
								<foreign xml:lang="grc">p</foreign>: illius temporis mihi <hi
								rend="italic">D<foreign xml:lang="grc">Y</foreign>b. Vtramque
								lectionem tuetur Priscianus</hi></note> venit in mentem quo
							die<note>die <hi rend="italic">om. L</hi></note> citato reo mihi
						dicendum sit, non solum commoveor animo, sed etiam toto corpore perhorresco.
					</p>
				</div>
				<div type="textpart" subtype="section" n="42">
					<p>
						<reg>iam</reg> nunc mente et cogitatione prospicio quae tum studia hominum,
						qui concursus futuri sint, quantam exspectationem magnitudo iudici sit
						adlatura, quantam auditorum multitudinem infamia C. Verris concitatura,
						quantam denique audientiam orationi meae improbitas illius factura sit.
							<reg>quae</reg> cum cogito, iam nunc timeo quidnam pro offensione
						hominum, qui illi inimici infensique sunt, et exspectatione omnium et
						magnitudine rerum dignum eloqui possim. </p>
				</div>
				<div type="textpart" subtype="section" n="43">
					<p>
						<reg>tu</reg> horum nihil metuis, nihil cogitas, nihil laboras: si
							quid<note>si quid <hi rend="italic">D<foreign xml:lang="grc"
									>Yp</foreign>b</hi>: et si quid <foreign xml:lang="grc"
								>d</foreign>
							<hi rend="italic">edd.</hi></note> ex vetere aliqua oratione, 'Iovem ego
							<reg>optimum</reg>
						<reg>maximum</reg>,' aut '<reg>vellem</reg>, si fieri potuisset, iudices,'
						aut aliquid eius modi ediscere potueris, praeclare te paratum in iudicium
						venturum arbitraris. </p>
				</div>
				<div type="textpart" subtype="section" n="44">
					<p>
						<reg>ac</reg> si<note>At si <hi rend="italic">LKZ</hi></note> tibi nemo
						responsurus esset, tamen ipsam causam, ut ego arbitror, demonstrare non
						posses: nunc ne illud<note>nec illud <foreign xml:lang="grc"
							>p</foreign></note> quidem cogitas, tibi cum homine disertissimo et ad
						dicendum paratissimo futurum esse certamen, quicum modo disserendum, modo
						omni ratione pugnandum certandumque sit. <reg>cuius</reg> ego ingenium ita
						laudo ut non pertimescam, ita probo ut me<note>me <hi rend="italic">om. D
								al.</hi></note> ab eo delectari facilius quam decipi putem posse.
							<milestone n="14" unit="chapter"/><milestone unit="Para"/>
<reg>numquam</reg> ille me opprimet
						consilio, numquam ullo artificio pervertet, numquam ingenio me suo<note>suo
							me <hi rend="italic">G2LZ</hi></note> labefactare atque infirmare
						conabitur; novi omnis hominis petitiones rationesque dicendi; saepe in
						isdem, saepe in contrariis causis versati sumus; ita contra me ille dicet,
						quamvis sit ingeniosus, ut non nullum etiam de suo ingenio iudicium fieri
						arbitretur. </p>
				</div>
				<div type="textpart" subtype="section" n="45">
					<p>
						<reg>te</reg> vero, Caecili, quem ad modum sit elusurus, quam omni ratione
						iactaturus, videre iam videor; quotiens ille tibi potestatem optionemque
						facturus sit ut eligas utrum velis—factum esse necne, verum esse an
						falsum—utrum dixeris, id contra te futurum. <reg>qui</reg> tibi aestus, qui
						error, quae tenebrae, di immortales, erunt, homini minime malo!
							<reg>quid</reg>? cum accusationis tuae membra dividere coeperit et in
						digitis suis singulas partis causae constituere? quid? cum unum quidque
						transigere, expedire, absolvere? <reg>ipse</reg> profecto metuere incipies
						ne innocenti periculum facessieris<note>facessieris <hi rend="italic"
								>pq</hi> (<hi rend="italic">quam formam in quibusdam codd. iam tum
								exstare testatur Priscianus</hi>): facessiveris <hi rend="italic"
								>Zielinski</hi>: facesseris <hi rend="italic">plerique
							codd.</hi></note>. </p>
				</div>
				<div type="textpart" subtype="section" n="46">
					<p>
						<reg>quid</reg>? cum commiserari, conqueri, et ex illius invidia deonerare
						aliquid et in te traicere coeperit, commemorare quaestoris cum praetore
						necessitudinem constitutam, morem maiorum, sortis religionem<note>morem...
							religionem <hi rend="italic">codd.</hi> (i, §37): more... religione <hi
								rend="italic">Gronovius, edd.</hi>: more... religionem <hi
								rend="italic">Kayser</hi></note>, poterisne eius orationis subire
						invidiam? <reg>vide</reg> modo, etiam atque etiam considera. <reg>mihi</reg>
						enim videtur periculum fore ne ille non modo verbis te obruat, sed gestu
						ipso ac motu corporis praestringat aciem ingeni tui, teque ab institutis
						tuis cogitationibusque abducat. </p>
				</div>
				<div type="textpart" subtype="section" n="47">
					<p>
						<reg>atque</reg> huiusce rei iudicium iam continuo video futurum.
							<reg>si</reg> enim mihi hodie respondere ad haec quae dico potueris, si
						ab isto libro, quem tibi magister ludi nescio qui ex alienis orationibus
						compositum dedit, verbo uno discesseris, posse te et illi quoque iudicio non
						deesse et causae atque officio tuo satis facere arbitrabor; sin mecum in hac
						prolusione nihil fueris, quem te in ipsa pugna cum acerrimo adversario fore
						putemus? <milestone n="15" unit="chapter"/><milestone unit="Para"/>
<reg>esto</reg>, ipse nihil est,
						nihil potest; at venit paratus cum subscriptoribus exercitatis et disertis.
							<reg>est</reg> tamen hoc aliquid, tametsi non est satis; omnibus<note>in
							omnibus <hi rend="italic">Asc.</hi></note> enim rebus is qui princeps in
						agendo est ornatissimus et paratissimus esse debet. <reg>verum</reg> tamen
						L. Appuleium esse video proximum subscriptorem, hominem non aetate sed usu
						forensi atque exercitatione tironem. </p>
				</div>
				<div type="textpart" subtype="section" n="48">
					<p>
						<reg>deinde</reg>, ut opinor, habet <reg>alienum</reg><note>T. Alienum <hi
								rend="italic">E. F. Eberhard</hi></note>, hunc tamen a
							subselliis<note>a subselliis <hi rend="italic">Dp et plerique</hi>: ab
							subs. <hi rend="italic">qr Asc.</hi></note>; qui quid in dicendo
							posset<note>posset <hi rend="italic">Dp et pler.</hi>: possit <hi
								rend="italic">G1LKr<foreign xml:lang="grc">d</foreign></hi></note>
						numquam satis attendi, in clamando quidem video eum esse bene robustum atque
						exercitatum. <reg>in</reg> hoc spes tuae sunt omnes; hic, si tu eris actor
						constitutus, totum iudicium sustinebit. <reg>ac</reg><note>Ac <hi
								rend="italic">DG2<foreign xml:lang="grc">p</foreign></hi>: at <hi
								rend="italic">G1 al.</hi></note> ne is quidem tantum contendet in
						dicendo quantum potest, sed consulet laudi et existimationi tuae, et ex eo
						quod ipse potest in dicendo aliquantum remittet, ut tu tamen aliquid esse
						videare. Vt in actoribus Graecis fieri videmus, saepe illum qui est
						secundarum aut tertiarum partium, cum possit aliquanto clarius dicere quam
						ipse primarum, multum submittere, ut ille princeps quam maxime excellat, sic
						faciet <reg>alienus</reg>; tibi serviet, tibi lenocinabitur, minus aliquanto
						contendet quam potest. </p>
				</div>
				<div type="textpart" subtype="section" n="49">
					<p>
						<reg>iam</reg> hoc considerate, cuius modi accusatores in tanto iudicio
						simus habituri, cum et ipse <reg>alienus</reg> ex ea facultate, si quam
						habet, aliquantum detracturus sit, et Caecilius tum denique se
							aliquid<note>aliquid se <hi rend="italic">qr</hi></note>
							futurum<note>facturum <hi rend="italic">G1</hi></note> putet, si
							<reg>alienus</reg> minus vehemens fuerit et sibi primas in dicendo
						partis concesserit. <reg>quartum</reg> quem sit habiturus non video, nisi
						quem forte ex illo grege moratorum<note>moratorum <hi rend="italic">p, quod
								ex Asc. coniecerat Cuiacius</hi>: meritorum <hi rend="italic"
							>L</hi>: meatorum <hi rend="italic">DG2KZ</hi>: oratorum <hi
								rend="italic">G1r<foreign xml:lang="grc">d</foreign></hi></note>,
						qui subscriptionem sibi postularunt cuicumque vos delationem dedissetis:
					</p>
				</div>
				<div type="textpart" subtype="section" n="50">
					<p> ex quibus alienissimis hominibus ita paratus venis ut tibi hospes aliquis
						sit recipiendus. <reg>quibus</reg> ego non sum tantum honorem habiturus ut
						ad ea quae dixerint certo loco aut singillatim uni cuique respondeam: sic
						breviter, quoniam non consulto sed casu in eorum mentionem incidi, quasi
						praeteriens satis faciam universis. <milestone n="16" unit="chapter"
							/><reg>tantane</reg> vobis inopia videor esse amicorum ut mihi non ex
						his quos mecum adduxerim, sed de populo subscriptor addatur? vobis autem
						tanta inopia reorum est ut mihi causam praeripere conemini potius quam
						aliquos ad columnam Maeniam<note>ad columnam Maeniam <hi rend="italic"
								>Asc.</hi>: a columna aenea, <hi rend="italic">s.</hi> enea, <hi
								rend="italic">s.</hi> aerea <hi rend="italic">codd.</hi></note>
						vestri ordinis reos reperiatis? '<reg>custodem</reg>', inquit, 'Tullio me
						adponite'. </p>
				</div>
				<div type="textpart" subtype="section" n="51">
					<p>
						<reg>quid</reg>? mihi quam multis custodibus opus erit, si te semel ad meas
						capsas admisero? qui non solum ne quid enunties, sed etiam ne quid auferas
						custodiendus sis. <reg>sed</reg> de isto custode toto sic vobis brevissime
						respondebo, non esse hos talis viros commissuros ut ad causam tantam a me
						susceptam, mihi creditam, quisquam subscriptor me invito adspirare possit;
						etenim fides mea custodem repudiat, diligentia speculatorem reformidat.
							<reg>verum</reg> ut ad te, Caecili, redeam, quam multa te deficiant
						vides: quam multa sint in te quae reus nocens in accusatore suo cupiat esse,
						profecto iam intellegis. </p>
				</div>
				<div type="textpart" subtype="section" n="52">
					<p>
						<reg>quid</reg> ad haec dici potest? non enim quaero quid tu<note>tu <hi
								rend="italic">om. D al.</hi></note> dicturus sis; video mihi non te,
						sed hunc librum esse responsurum, quem monitor tuus hic tenet; qui si te
						recte monere volet, suadebit tibi ut hinc discedas neque mihi verbum ullum
						respondeas. <reg>quid</reg> enim dices? an id quod dictitas, iniuriam tibi
						fecisse Verrem? <reg>arbitror</reg>; neque enim esset<note>est <hi
								rend="italic">coni. Halm</hi></note> veri simile, cum omnibus
						Siculis faceret iniurias, te illi unum eximium cui consuleret fuisse. </p>
				</div>
				<div type="textpart" subtype="section" n="53">
					<p>
						<reg>sed</reg> ceteri Siculi ultorem suarum iniuriarum invenerunt; tu dum
						tuas iniurias per te, id quod non potes, persequi conaris, id agis ut
						ceterorum quoque iniuriae sint impunitae atque inultae; et hoc te praeterit,
						non id solum spectari solere, qui debeat, sed etiam illud, qui possit
						ulcisci; in quo utrumque sit, eum superiorem esse, in quo
							alterutrum<note>alterutrum <hi rend="italic">DLKpq</hi>: alterum utrum
								<hi rend="italic">G2</hi>: alterum <hi rend="italic">G1Zbr edd.</hi>
								(<hi rend="italic">Cl. Rev.</hi> xvii. 199)</note>, in eo non quid
						is velit, sed quid facere possit, quaeri solere. </p>
				</div>
				<div type="textpart" subtype="section" n="54">
					<p>
						<reg>quodsi</reg> ei potissimum censes permitti oportere accusandi
						potestatem cui maximam C. Verres iniuriam fecerit, utrum tandem censes hos
							iudices<note>hos iudices <hi rend="italic">pG1 et</hi> (<hi
								rend="italic">corr. ex</hi> hoc iud.) <hi rend="italic">r</hi>: nos
							iud. <hi rend="italic">D</hi>: nos inde <hi rend="italic">G2LKZ et in
								mg. D2</hi>: iudices <hi rend="italic">secl. Bake</hi></note>
						gravius ferre oportere, te ab illo esse<note>esse <hi rend="italic">om. D
								al.</hi></note> laesum, an provinciam Siciliam esse vexatam ac
						perditam? <reg>opinor</reg>, concedes multo hoc et<note>et (<hi
								rend="italic">ante</hi> esse) <hi rend="italic">om. in ras. D
								G1s</hi></note> esse gravius et ab omnibus ferri gravius oportere.
							<reg>concede</reg> igitur ut tibi anteponatur in accusando provincia;
						nam provincia accusat cum is agit causam quem sibi illa defensorem sui
						iuris, ultorem iniuriarum, actorem causae totius adoptavit<note>tota
							adoptavit <hi rend="italic">Zielinski</hi></note>. <milestone n="17"
							unit="chapter"/><milestone unit="Para"/>

					</p>
				</div>
				<div type="textpart" subtype="section" n="55">
					<p>
						<reg>at</reg> eam tibi C. Verres fecit iniuriam quae ceterorum quoque animos
							possit<note>possit <hi rend="italic">pqL</hi>: posset <hi rend="italic"
								>DKZr</hi> (i §§99, 105, 116, 158)</note> alieno incommodo
						commovere. <reg>minime</reg>; nam id quoque ad rem pertinere arbitror,
						qualis iniuria dicatur quae causa inimicitiarum proferatur.
							<reg>cognoscite</reg> ex me; nam iste eam profecto, nisi plane nihil
						sapit, numquam proferet. Agonis quaedam est Lilybitana<note>Lilybitana <hi
								rend="italic">ut cum inscript. et nummis Th. Mommsen, ita Dp cod.
								Victor.</hi>: lilibitana <hi rend="italic">G12KZr</hi>: Lilybaetana
								<hi rend="italic">edd.</hi></note>, liberta Veneris Erycinae, quae
						mulier ante hunc quaestorem copiosa plane et locuples fuit. <reg>ab</reg>
						hac praefectus Antoni quidam symphoniacos servos abducebat per iniuriam,
						quibus se in classe uti velle dicebat. <reg>tum</reg> illa, ut mos in
						Sicilia est omnium Veneriorum et eorum qui a Venere se liberaverunt, ut
						praefecto illi religionem Veneris nomine<note>nomenque <hi rend="italic"
								>G1</hi> et omnia sua <hi rend="italic">prG1<foreign xml:lang="grc"
									>d</foreign></hi></note> obiceret, dixit et se et sua Veneris
						esse. </p>
				</div>
				<div type="textpart" subtype="section" n="56">
					<p> Vbi hoc quaestori Caecilio<note>quaestori <del>Caecilio</del>
							<hi rend="italic">Pluygers, E. F. Eberhard</hi>: Q Caecilio <hi
								rend="italic">Ant. Augustinus</hi></note>, viro optimo et homini
						aequissimo, nuntiatum est, vocari ad se Agonidem iubet; iudicium dat statim,
						SI PARET<note>paret (parret <hi rend="italic">p</hi>) eam <hi rend="italic"
								>pr</hi> (<hi rend="italic">et Burneianus Musei Britannici</hi>
							158): parre theam <hi rend="italic">D al.</hi></note> EAM SE ET SVA
						VENERIS ESSE DIXISSE. <reg>iudicant</reg> recuperatores id quod necesse
						erat; neque enim erat cuiquam dubium quin illa dixisset. <reg>iste</reg> in
						possessionem bonorum mulieris intrat<note>intrat <hi rend="italic"
								>DG1KZ</hi>: mittit <hi rend="italic">pr<foreign xml:lang="grc"
									>d</foreign>. Habet D supra lineam</hi> † (= vel) mittat: <hi
								rend="italic">unde</hi> intrat vel mittit <hi rend="italic"
							>G2</hi></note>, ipsam Veneri in servitutem adiudicat; deinde bona
						vendit, pecuniam redigit. <reg>ita</reg><note>Ita <hi rend="italic">Dp et
								pler.</hi>: ista <hi rend="italic">G2L</hi>: illa <hi rend="italic"
								>al.</hi>: ita illa <hi rend="italic">Pluygers</hi></note> dum pauca
						mancipia Veneris nomine Agonis<note><del>Agonis</del>
							<hi rend="italic">Kays. Pluyg.</hi>: Agonidis <hi rend="italic"
									>D<foreign xml:lang="grc">Y</foreign></hi></note> ac religione
						retinere vult, fortunas omnis libertatemque suam istius iniuria perdidit.
						Lilybaeum Verres venit postea; rem cognoscit, factum improbat, cogit
						quaestorem suum pecuniam, quam ex Agonidis bonis redegisset, eam mulieri
						omnem adnumerare et reddere. </p>
				</div>
				<div type="textpart" subtype="section" n="57">
					<p>
						<reg>est</reg> adhuc, id quod vos omnis admirari video, non Verres, sed Q.
						Mucius. <reg>quid</reg> enim facere potuit elegantius ad<note>ad
								<add>colligendam</add> hom. exist. <hi rend="italic">E. Eberhard,
								Pluyg.</hi>: <hi rend="italic">malim</hi> ad hom. exist.
								<add>conciliandam</add></note> hominum existimationem, aequius ad
						levandam mulieris calamitatem, vehementius ad quaestoris libidinem
						coercendam? <reg>summe</reg> haec omnia mihi videntur esse laudanda.
							<reg>sed</reg> repente<note>repente <hi rend="italic">non habet
								Priscianus</hi>: <hi rend="italic">secl. Kays. Pluyg.</hi></note> e
							vestigio<note>e vestigio <hi rend="italic">om. Rufinianus, secl.
								Halm.</hi></note> ex homine tamquam aliquo Circaeo<note>Circaeo <hi
								rend="italic"><foreign xml:lang="grc">p</foreign>b</hi>: Circe <hi
								rend="italic">DZ</hi>: Cerceo <hi rend="italic">G1</hi>: Circes <hi
								rend="italic">G2LK Asc.</hi></note> poculo factus est Verres;
							rediit<note>rediit <hi rend="italic">G1 Prisc.</hi>: redit <hi
								rend="italic">rell.</hi></note> ad se atque ad mores suos; nam ex
						illa pecunia magnam partem ad se vertit<note>vertit <hi rend="italic"
								>codd.,</hi> averrit <hi rend="italic">Lamb.,</hi> verrit <hi
								rend="italic">Gruter,</hi> avertit <hi rend="italic">Zumpt</hi> (ii
							§19: iii §137)</note>, mulieri reddidit quantulum visum est. <milestone
							n="18" unit="chapter"/><milestone unit="Para"/>

					</p>
				</div>
				<div type="textpart" subtype="section" n="58">
					<p>
						<reg>hic</reg> tu si laesum te a Verre esse dicis<note>dicis <hi
								rend="italic">pG1K Asc.</hi>: dices <hi rend="italic">D et
								pler.</hi></note>, patiar et concedam; si iniuriam tibi factam
						quereris, defendam et negabo; denique de<note>deinde <hi rend="italic"
									>G1L<foreign xml:lang="grc">d</foreign></hi></note> iniuria quae
						tibi facta sit neminem nostrum graviorem iudicem esse oportet quam te ipsum,
						cui facta dicitur. <reg>si</reg> tu cum illo postea in gratiam redisti, si
						domi illius aliquotiens fuisti, si ille apud te postea cenavit, utrum te
						perfidiosum an prevaricatorem existimari mavis? <reg>video</reg> esse
						necesse alterutrum, sed ego tecum in eo non pugnabo quo minus utrum velis
						eligas. </p>
				</div>
				<div type="textpart" subtype="section" n="59">
					<p>
						<reg>quodsi</reg><note>Quodsi <hi rend="italic">D<foreign xml:lang="grc"
									>Y</foreign> et corr. p</hi>: quid? sí <hi rend="italic"
								>rell.</hi></note> ne iniuriae quidem, quae tibi ab illo facta sit,
						causa remanet, quid habes quod possis dicere quam ob rem non modo mihi, sed
						cuiquam anteponare? nisi forte illud, quod dicturum te<note>dicturum te <hi
								rend="italic">DKZ al.</hi>: te <hi rend="italic">ante</hi> dicturum
								<hi rend="italic">suppl. s. l. p1</hi>: te dicturum <hi
								rend="italic">qrG1L</hi></note> esse audio, quaestorem illius
						fuisse. <reg>quae</reg> causa gravis esset, si certares mecum uter nostrum
						illi amicior esse deberet: in contentione suscipiendarum inimicitiarum
						ridiculum est putare causam necessitudinis ad inferendum periculum iustam
						videri oportere. </p>
				</div>
				<div type="textpart" subtype="section" n="60">
					<p>
						<reg>etenim</reg> si plurimas a tuo praetore<note>tuo praetore <hi
								rend="italic">Dp rell. praeter G1</hi> (praet. tuo)</note> iniurias
						accepisses, tamen eas ferendo maiorem laudem quam ulciscendo mererere; cum
						vero nullum illius in vita rectius factum sit quam id quod tu iniuriam
						appellas, hi statuent hanc causam, quam ne in alio quidem probarent, in te
						iustam ad necessitudinem violandam videri? <reg>qui</reg> si summam iniuriam
						ab illo accepisti, tamen, quoniam quaestor eius fuisti, non potes eum sine
						ulla vituperatione accusare; si vero non ulla tibi facta est<note>est <hi
								rend="italic">Dp et pler.</hi>: sit <hi rend="italic"
							>G3K</hi></note> iniuria, sine scelere eum accusare non potes.
							<reg>quare</reg> cum incertum sit<note>cum iam certum sit <hi
								rend="italic">Eberhard</hi>: cum iam actum sit <hi rend="italic"
								>Kays.</hi>: etiamsi incertum esset <hi rend="italic"
							>Hachtmann</hi></note> de iniuria, quemquam horum esse putas qui non
						malit te sine vituperatione quam cum scelere discedere? <milestone n="19"
							unit="chapter"/><milestone unit="Para"/>

					</p>
				</div>
				<div type="textpart" subtype="section" n="61">
					<p>
						<reg>ac</reg> vide quid differat inter meam opinionem<note>criminationem <hi
								rend="italic">L</hi></note> ac tuam<note>et tuam <hi rend="italic"
								>G1</hi></note>. <reg>tu</reg> cum omnibus rebus inferior sis, hac
						una in<note>in <hi rend="italic">secl. Hotom., om. Nohl</hi></note> re te
						mihi anteferri putas oportere, quod quaestor illius fueris: ego, si superior
						omnibus rebus<note>omnibus rebus <hi rend="italic">DG2L</hi>: ceteris rebus
								<hi rend="italic">pr<foreign xml:lang="grc">d</foreign></hi>:
							omnibus ceteris rebus <hi rend="italic">G1</hi></note> esses, hanc unam
						ob causam te accusatorem<note>accusatorem <hi rend="italic">secl.
							Kays.</hi></note> repudiari putarem oportere. <reg>sic</reg> enim a
						maioribus nostris accepimus, praetorem quaestori suo parentis loco esse
						oportere; nullam neque iustiorem neque graviorem causam necessitudinis posse
							reperiri<note>reperiri posse <foreign xml:lang="grc">p</foreign></note>
						quam coniunctionem sortis, quam provinciae, quam offici, quam publici
						muneris societatem. </p>
				</div>
				<div type="textpart" subtype="section" n="62">
					<p>
						<reg>quam</reg> ob rem si iure posses eum<note>iure eum posses <hi
								rend="italic">p<foreign xml:lang="grc">d</foreign></hi>: eum iure
							posse <hi rend="italic">r</hi></note> accusare, tamen, cum is tibi
						parentis numero fuisset, id pie facere non posses; cum vero neque iniuriam
						acceperis et praetori tuo periculum crees, fatearis necesse est te illi
						iniustum impiumque bellum inferre conari. <reg>etenim</reg> ista quaestura
						ad eam rem valet, ut elaborandum tibi in ratione reddenda sit quam ob rem
						qui quaestor eius fueris<note>qui quaestor eius fueris <hi rend="italic"
									>D<foreign xml:lang="grc">Y</foreign>prb</hi>: cui quaestor
							fueris <hi rend="italic">pler. Lgg., Rau, fort. recte</hi>: cum cui
							quaestor fueris, <hi rend="italic">s</hi>. eum cui qu. f. <hi
								rend="italic">Lg.</hi> 5 <hi rend="italic">et Matritensis
								Asconii</hi></note> accuses, non ut ob eam ipsam causam postulandum
						sit ut tibi potissimum accusatio detur. <reg>neque</reg> fere umquam venit
						in contentionem de accusando qui quaestor fuisset, quin repudiaretur. </p>
				</div>
				<div type="textpart" subtype="section" n="63">
					<p>
						<reg>itaque</reg> neque L. Philoni<note>Philoni <hi rend="italic">b, ed.
								Rom</hi>: Pithoni <hi rend="italic">DKZ</hi>: pythoni <hi
								rend="italic">pq</hi>: pyloni <hi rend="italic">r</hi></note> in C.
						Servilium nominis deferendi potestas est data, neque M. Aurelio Scauro in L.
						Flaccum, neque Cn. Pompeio in T. Albucium; quorum nemo propter indignitatem
						repudiatus est, sed ne libido violandae necessitudinis auctoritate iudicum
						comprobaretur. <reg>atque</reg> ille Cn. Pompeius ita cum C. Iulio
						contendit, ut tu mecum; quaestor enim Albuci fuerat, ut tu Verris; Iulius
						hoc secum auctoritatis ad accusandum adferebat quod, ut hoc tempore nos ab
						Siculis, sic tum ille ab Sardis rogatus ad causam accesserat.
							<reg>semper</reg> haec causa plurimum valuit, semper haec ratio
						accusandi fuit honestissima, pro sociis, pro salute provinciae, pro
						exterarum nationum commodis inimicitias suscipere, ad periculum accedere,
						operam, studium, laborem interponere. 
						<milestone n="20" unit="chapter"/><milestone unit="Para"/>

					</p>
				</div>
				<div type="textpart" subtype="section" n="64">
					<p>
						<reg>etenim</reg> si probabilis est eorum causa qui iniurias suas persequi
						volunt (qua in re dolori suo, non rei publicae commodis serviunt), quanto
						illa honestior causa est<note>causa est <hi rend="italic">D<foreign
									xml:lang="grc">Y</foreign>pr</hi>: est causa <hi rend="italic"
								>q</hi>: est <hi rend="italic">om. <foreign xml:lang="grc"
									>d</foreign></hi></note>, quae non solum probabilis videri sed
						etiam grata esse debet, nulla privatim accepta iniuria sociorum atque
						amicorum populi Romani dolore atque iniuriis commoveri! <reg>nuper</reg> cum
						in P. Gabinium vir fortissimus et innocentissimus L. Piso delationem nominis
						postularet, et contra Q. Caecilius peteret isque se veteres inimicitias iam
						diu susceptas persequi diceret, cum auctoritas<note>ac <hi rend="italic"
									><foreign xml:lang="grc">p</foreign>b</hi></note> et dignitas
						Pisonis valebat plurimum, tum illa erat causa<note>causa erat <hi
								rend="italic">G2K</hi></note> iustissima, quod eum sibi Achaei
						patronum adoptarant. </p>
				</div>
				<div type="textpart" subtype="section" n="65">
					<p>
						<reg>etenim</reg> cum lex ipsa de pecuniis repetundis sociorum atque
						amicorum populi Romani patrona sit, iniquum est non eum legis iudicique
						actorem idoneum maxime putari quem actorem causae suae socii defensoremque
						fortunarum suarum potissimum esse voluerunt<note>volunt <hi rend="italic"
								>L</hi></note>. <reg>an</reg> quod ad commemorandum est honestius,
						id ad probandum non multo videri debet aequius? Vtra igitur est splendidior,
						utra inlustrior commemoratio, '<reg>accusavi</reg> eum cui quaestor fueram,
						quicum me sors consuetudoque maiorum, quicum me deorum hominumque iudicium
							coniunxerat,'<note>coniunxerat <hi rend="italic">pr</hi>: -ant <hi
								rend="italic">D<foreign xml:lang="grc">Y</foreign></hi></note> an
							'<reg>accusavi</reg> rogatu sociorum atque amicorum, delectus sum ab
						universa provincia qui eius iura fortunasque defenderem'?
							<reg>dubitare</reg> quisquam potest quin honestius sit eorum causa apud
						quos quaestor fueris, quam eum cuius quaestor fueris accusare? </p>
				</div>
				<div type="textpart" subtype="section" n="66">
					<p>
						<reg>clarissimi</reg> viri nostrae civitatis temporibus optimis hoc sibi
						amplissimum pulcherrimumque ducebant, ab hospitibus clientibusque suis, ab
						exteris nationibus, quae in amicitiam populi Romani
							dicionemque<note>amicitia... dicioneque <hi rend="italic">A.
								Eberhard</hi></note> essent<note>essent <hi rend="italic">codd.</hi>
							(ii §67: v §98): <add>receptae</add> essent <hi rend="italic"
							>Novak</hi>: venissent <hi rend="italic">cod.</hi> (?) <hi rend="italic"
								>Vrsini</hi></note>, iniurias propulsare eorumque fortunas
						defendere. M. Catonem illum <reg>sapientem</reg>, clarissimum virum et
						prudentissimum, cum multis gravis inimicitias gessisse accepimus propter
						Hispanorum, apud quos consul fuerat, iniurias. </p>
				</div>
				<div type="textpart" subtype="section" n="67">
					<p>
						<reg>nuper</reg> Cn. Domitium scimus M. Silano<note>M. <hi rend="italic"
								>Hotom. e</hi> ii. §118: decimo <hi rend="italic">D al.
							pr.</hi></note> diem dixisse propter unius hominis Aegritomari, paterni
						amici atque hospitis, iniurias. 
						
						<milestone n="21" unit="chapter"/><milestone unit="Para"/>
						<reg>neque</reg> enim magis animos hominum nocentium res umquam ulla
						commovit quam haec maiorum consuetudo longo intervallo repetita ac relata,
						sociorum querimoniae delatae ad hominem non inertissimum, susceptae ab eo
						qui videbatur eorum fortunas fide diligentiaque sua posse defendere. </p>
				</div>
				<div type="textpart" subtype="section" n="68">
					<p>
						<reg>hoc</reg> timent homines<note>homines <hi rend="italic">secl. A.
								Eberhard</hi></note>, hoc laborant, hoc institui atque adeo
						institutum referri ac renovari moleste ferunt; putant fore ut, si<note>uti
								<hi rend="italic">G1al.</hi></note> paulatim haec consuetudo serpere
						ac prodire coeperit, per homines honestissimos virosque fortissimos, non
						imperitos adulescentulos aut illius modi quadruplatores leges iudiciaque
						administrentur. </p>
				</div>
				<div type="textpart" subtype="section" n="69">
					<p>
						<reg>cuius</reg> consuetudinis atque instituti patres maioresque nostros non
						paenitebat tum cum P. Lentulus, is qui princeps senatus fuit, accusabat M'.
						Aquilium subscriptore C. Rutilio Rufo, aut cum P. Africanus, homo virtute,
						fortuna, gloria, rebus gestis amplissimus, posteaquam bis consul et censor
						fuerat, L. Cottam in iudicium vocabat. <reg>iure</reg> tum florebat populi
						Romani nomen, iure auctoritas huius imperi civitatisque maiestas gravis
						habebatur. <reg>nemo</reg> mirabatur in Africano illo, quod in me nunc,
						homine parvis opibus ac facultatibus praedito, simulant sese mirari, cum
						moleste ferunt: </p>
				</div>
				<div type="textpart" subtype="section" n="70">
					<p> '<reg>quid</reg> sibi iste vult? accusatoremne se existimari, qui antea
						defendere consuerat<note>consuerat <hi rend="italic">D<foreign
									xml:lang="grc">p</foreign></hi>: consueverat <hi rend="italic"
								>KZ al.</hi></note>, nunc praesertim, ea iam aetate, cum aedilitatem
						petat?' <reg>ego</reg> vero et aetatis non modo meae sed multo etiam
						superioris, et honoris amplissimi puto esse et accusare improbos et miseros
						calamitososque defendere. <reg>et</reg> profecto aut hoc remedium est
							aegrotae<note>aegrote <hi rend="italic">DG1KZp</hi>: egrotae <hi
								rend="italic">rb</hi>: egrotanti <hi rend="italic">L</hi>:
							aegrotante <hi rend="italic">G2</hi></note> ac prope desperatae rei
						publicae iudiciisque corruptis et contaminatis<note>et contam. <hi
								rend="italic">Lq2r Asc.</hi>: ac contam. <hi rend="italic">G1
								al.</hi>: et incontaminatis <hi rend="italic">D al. pq1</hi></note>
						paucorum vitio ac turpitudine, homines ad legum defensionem iudiciorumque
						auctoritatem quam honestissimos et integerrimos diligentissimosque accedere;
						aut, si ne hoc quidem prodesse poterit, profecto nulla umquam medicina his
						tot incommodis reperietur. </p>
				</div>
				<div type="textpart" subtype="section" n="71">
					<p>
						<reg>nulla</reg> salus rei publicae maior est quam eos qui alterum accusant
						non minus de laude, de honore, de fama sua quam illos qui accusantur de
						capite ac fortunis suis pertimescere. <reg>itaque</reg> semper ii
						diligentissime laboriosissimeque accusarunt qui se ipsos in discrimen
						existimationis venire arbitrati sunt. 
						<milestone n="22" unit="chapter"/><milestone unit="Para"/>
						<reg>quam</reg> ob rem hoc statuere, iudices, debetis, Q. Caecilium,
						de quo nulla umquam opinio fuerit nullaque in hoc ipso iudicio exspectatio
						futura sit, qui neque ut ante collectam famam conservet neque uti reliqui
						temporis spem confirmet laborat, non nimis hanc causam severe, non nimis
						accurate, non nimis diligenter acturum. <reg>habet</reg> enim nihil quod in
						offensione deperdat; ut turpissime flagitiosissimeque discedat, nihil de
						suis veteribus ornamentis requiret<note>requirit <hi rend="italic">D et
								pler.</hi></note>. </p>
				</div>
				<div type="textpart" subtype="section" n="72">
					<p> A nobis multos obsides habet populus Romanus, quos ut incolumis conservare,
						tueri, confirmare ac recuperare<note>reciperare <foreign xml:lang="grc"
								>l</foreign>: recipere <hi rend="italic">p<foreign xml:lang="grc"
									>d</foreign></hi></note> possimus, omni ratione erit dimicandum.
							<reg>habet</reg> honorem quem petimus, habet spem quam propositam nobis
						habemus, habet existimationem multo sudore labore vigiliisque collectam, ut,
						si in hac causa nostrum officium ac diligentiam<note>gentiamque <hi
								rend="italic">L</hi></note> probaverimus, haec quae dixi retinere
						per populum Romanum incolumia ac salva possimus; si tantulum offensum
						titubatumque sit, ut ea quae singillatim ac diu collecta sunt uno tempore
						universa perdamus. </p>
				</div>
				<div type="textpart" subtype="section" n="73">
					<p>
						<reg>quapropter</reg>, iudices, vestrum est deligere<note>diligere <hi
								rend="italic">p1G2K</hi></note> quem existimetis facillime posse
						magnitudinem causae ac iudici sustinere fide, diligentia, consilio,
						auctoritate. <reg>vos</reg> si mihi Q. Caecilium anteposueritis, ego me
						dignitate superatum non arbitrabor: populus Romanus ne tam honestam, tam
						severam diligentemque accusationem neque vobis<note>nobis <hi rend="italic"
								>pG1</hi></note> placuisse neque ordini vestro<note><hi
								rend="italic">K</hi>: nostro <hi rend="italic">D al. <foreign
									xml:lang="grc">p</foreign></hi></note> placere arbitretur,
						providete.</p>
				</div>
			</div>
		</body>
	</text>
</TEI>
