<?xml version='1.0' encoding='UTF-8'?>
<?xml-model href="http://www.stoa.org/epidoc/schema/latest/tei-epidoc.rng" schematypens="http://relaxng.org/ns/structure/1.0"?>

<TEI xmlns="http://www.tei-c.org/ns/1.0">
	<teiHeader xml:lang="eng">
		<fileDesc>
			<titleStmt>
				<title>In Defense of Caius Rabirius</title>
				<title>Pro P. Quinctio, Pro Q. Roscio comoedo, Pro A. Caecina, De lege agraria
					contra Rullum, Pro C. Rabiro perduellionis reo, Pro L. Flacco, In L. Pisonem,
					Pro C. Rabiro Postumo</title>
				<title type="sub">Machine readable text</title>
				<author n="Cic.">M. Tullius Cicero</author>
				<editor role="editor" n="OCT">Albert Clark</editor>
				<sponsor>Perseus Project, Tufts University</sponsor>
				<principal>Gregory Crane</principal>
				<respStmt>
					<resp>Prepared under the supervision of</resp>
					<name>Bridget Almas</name>
					<name>Lisa Cerrato</name>
					<name>William Merrill</name>
					<name>David Mimno</name>
					<name>Rashmi Singhal</name>
					<name>David Smith</name>
				</respStmt>
				<funder n="org:NEH">National Endowment For The Humanities (NEH)</funder> 
			</titleStmt>
			<publicationStmt>
				<publisher>Trustees of Tufts University</publisher>
				<pubPlace>Medford, MA</pubPlace>
				<authority>Perseus Project</authority>
				<date type="release">1997-10-28</date>
			</publicationStmt> 
			
			<sourceDesc>
				<biblStruct>
					<monogr>
						<author>M. Tullius Cicero</author>
						<title>M. Tulli Ciceronis Orationes: Recognovit brevique adnotatione critica
							instruxit Albertus Curtis Clark</title>
						<editor role="editor">Albert Clark</editor>
						<imprint>
							<pubPlace>Oxonii</pubPlace>
							<publisher>e Typographeo Clarendoniano</publisher>
							<date>1909</date>
						</imprint>
					</monogr>
					<series>
						<title>Scriptorum Classicorum Bibliotheca Oxoniensis</title>
					</series>
				</biblStruct>
			</sourceDesc>
		</fileDesc>
		
		<encodingDesc>
			<refsDecl n="CTS">
				<cRefPattern n="section" matchPattern="(\w+)" replacementPattern="#xpath(/tei:TEI/tei:text/tei:body/tei:div/tei:div[@n='$1'])">
					<p>This pointer pattern extracts section</p>
				</cRefPattern>
			</refsDecl>
			<refsDecl>
				<refState unit="section"/>
			</refsDecl>
		</encodingDesc>
		
		<profileDesc>
			<langUsage>
				<language ident="lat">Latin</language>
				<language ident="grc">Greek</language>
			</langUsage>
		</profileDesc>
		
		<revisionDesc>
			<change when="2016-04-19" who="Lisa Cerrato">Minor changes; review of file conversion.</change>
			<change when="2016-03-14" who="Zach Himes">Converted section milestones to divs.</change>
			<change when="2015-12-18" who="Zach Himes">Cleaned up teiHeader. Converted to TEI P5 and EpiDoc.</change>
			<change when="2014-08-01" who="Stella Dee">edited markup</change>
			<change when="2014-07-01" who="Stella Dee">split composite text and converted to unicode</change>
			<change when="2013-09-13" who="balmas01">reverting texts back to pre_cts_reorg tagged version</change>
			<change when="2011-07-19" who="gcrane">removed the earlier persName/placeName tags</change>
			<change when="2011-07-09" who="gcrane">fixed problems with capitalization</change>
			<change when="2011-01-15" who="gcrane">base SDL file</change>
			<change when="2009-10-09" who="rsingh04">more reorganizing of texts module by collection</change>
			<change when="2005-08-01" who="packel">removed stray item tags</change>
			<change when="2005-07-25" who="packel">Converted to XML</change>
			<change when="2005-04-08" who="mimno">added default chunks</change>
			<change when="2003-07-01" who="yorkc">Updated texts to TEI P4 and Perseus P4 extensions; minor cleanup (esp. character encodings and typos.)</change>
			<change when="2002-12-02" who="amahoney">correct spelling of Quirites, improperly 'regularized'</change>
			<change when="2000-03-13" who="amahoney">don't put header for fragments next to header for speech:  gets into short toc</change>
			<change when="2000-03-06" who="amahoney">add headers for groups of speeches, so they show up in the toc:  Catilines, Verrines, Philippics, and Agrarian Law</change>
			<change when="2000-03-04" who="dasmith">Added separate funder entity to TEI header.</change>
			<change when="1999-10-14" who="dasmith">Added explanatory subtitles to titleStmt</change>
			<change when="1999-08-12" who="dasmith">Fixed refsDecl</change>
			<change when="1999-08-04" who="textgod">Random changes over a period of months.</change>
			<change when="1997-10-17" who="textgod">Tagged Greek.</change>
			<change when="1997-08-18" who="textgod">???</change>
			<change when="1997-05-12" who="cjsu">making sure that the file passed the parcer</change>
			<change when="1997-05-12" who="cjsu">Added seven works... SGML varified</change>
			<change when="1997-04-03" who="textgod">Changed ADD tags to CORR.</change>
			<change when="1997-03-26" who="textgod">Added to repository. Passes TEI parse.</change>
			<change when="1997-03-26" who="DAS">ed.</change>
		</revisionDesc>
	</teiHeader>
	
	<text xml:lang="lat">
		<body>
			<div type="edition" xml:lang="lat" n="urn:cts:latinLit:phi0474.phi012.perseus-lat2" subtype="edition">

			<head>PRO C. RABIRIO PERDVELLIONIS REO AD QVIRITES ORATIO</head>

			<milestone n="1" unit="chapter"/>
			<div type="textpart" subtype="section" n="1"><p>
			<milestone unit="para"/><reg>etsi</reg>, Quirites, non est meae consuetudinis initio dicendi rationem reddere
				qua de causa quemque defendam, propterea quod cum omnibus civibus in eorum periculis
				semper satis iustam mihi causam necessitudinis esse duxi, tamen in hac defensione
				capitis, famae fortunarumque omnium C. Rabiri proponenda ratio videtur esse offici
				mei, propterea quod, quae iustissima mihi causa ad hunc defendendum esse visa est,
				eadem vobis ad absolvendum debet videri. </p></div>
				<div type="textpart" subtype="section" n="2"><p><reg>nam</reg> me cum amicitiae vetustas, cum dignitas hominis, cum ratio
				humanitatis, cum meae vitae perpetua consuetudo ad C. Rabirium defendendum est
				adhortata, tum vero, ut id studiosissime facerem, salus rei publicae, consulare
				officium, consulatus denique ipse mihi una <add>a</add> vobis cum salute rei
				publicae commendatus coegit. <reg>non</reg> enim C. Rabirium culpa delicti, non
				invidia vitae, Quirites, non denique veteres iustae gravesque inimicitiae civium in
				discrimen capitis vocaverunt, sed ut illud summum auxilium maiestatis atque imperi
				quod nobis a maioribus est traditum de re publica tolleretur, ut nihil posthac
				auctoritas senatus, nihil consulare imperium, nihil consensio bonorum contra pestem
				ac perniciem civitatis valeret, idcirco in his rebus evertendis unius hominis
				senectus, infirmitas solitudoque temptata est. </p></div>
				<div type="textpart" subtype="section" n="3"><p><reg>quam</reg> ob rem si est boni consulis, cum cuncta auxilia rei publicae
				labefactari convellique videat, ferre opem patriae, succurrere saluti fortunisque
				communibus, implorare civium fidem, suam salutem posteriorem salute communi ducere,
				est etiam bonorum et fortium civium, quales vos omnibus rei publicae temporibus
				exstitistis, intercludere omnis seditionum vias, munire praesidia rei publicae,
				summum in consulibus imperium, summum in senatu consilium putare; ea qui secutus
				sit, laude potius et honore quam poena et supplicio dignum iudicare. </p></div>
				<div type="textpart" subtype="section" n="4"><p><reg>quam</reg> ob rem labor in hoc defendendo praecipue
				meus est, studium vero conservandi hominis commune mihi vobiscum esse debebit.
					<milestone n="2" unit="chapter"/>
			<milestone unit="para"/><reg>sic</reg> enim existimare debetis, Quirites, post hominum memoriam rem nullam
				maiorem, magis periculosam, magis ab omnibus vobis providendam neque a tribuno pl.
				susceptam neque a consule defensam neque ad populum Romanum esse delatam.
					<reg>agitur</reg> enim nihil aliud in hac causa, Quirites, <add>nisi</add> ut
				nullum sit posthac in re publica publicum consilium, nulla bonorum consensio contra
				improborum furorem et audaciam, nullum extremis rei publicae temporibus perfugium et
				praesidium salutis. </p></div>
				<div type="textpart" subtype="section" n="5"><p><reg>quae</reg> cum ita sint,
				primum, quod in tanta dimicatione capitis, famae fortunarumque omnium fieri necesse
				est, ab Iove <reg>optimo</reg>
				<reg>maximo</reg> ceterisque dis deabusque immortalibus, quorum ope et auxilio multo
				magis haec res publica quam ratione hominum et consilio gubernatur, pacem ac veniam
				peto precorque ab eis ut hodiernum diem et ad huius salutem conservandam et ad rem
				publicam constituendam inluxisse patiantur. <reg>deinde</reg> vos, Quirites, quorum
				potestas proxime ad deorum immortalium numen accedit, oro atque obsecro, quoniam uno
				tempore vita C. Rabiri, hominis miserrimi atque innocentissimi, salus rei publicae
				vestris manibus suffragiisque permittitur, adhibeatis in hominis fortunis
				misericordiam, in rei publicae salute sapientiam quam soletis. </p></div>
				<div type="textpart" subtype="section" n="6"><p>
			<milestone unit="para"/><reg>nunc</reg> quoniam, T. Labiene, diligentiae meae temporis angustiis obstitisti
				meque ex comparato et constituto spatio defensionis in semihorae articulum coegisti,
				parebitur et, quod iniquissimum est, accusatoris condicioni et, quod miserrimum,
				inimici potestati. <reg>quamquam</reg> in hac praescriptione semihorae patroni mihi
				partis reliquisti, consulis ademisti, propterea quod ad defendendum prope modum
				satis erit hoc mihi temporis, ad conquerendum vero parum. </p></div>
				<div type="textpart" subtype="section" n="7"><p>Nisi forte de locis religiosis ac de lucis quos ab hoc violatos
				esse dixisti pluribus verbis tibi respondendum putas; quo in crimine nihil est
				umquam abs te dictum, nisi a C. Macro obiectum esse crimen id C. Rabirio.
					<reg>in</reg> quo ego demiror meminisse te quid obiecerit C. Rabirio Macer
				inimicus, oblitum esse quid aequi et iurati iudices iudicarint. </p></div>
				<milestone n="3" unit="chapter"/>
				<div type="textpart" subtype="section" n="8"><p><reg>an</reg> de peculatu facto
				aut de tabulario incenso longa oratio est expromenda? quo in crimine propinquus C.
				Rabiri iudicio clarissimo, C. Curtius, pro virtute sua est honestissime liberatus,
				ipse vero Rabirius non modo in iudicium horum criminum, sed ne in tenuissimam quidem
				suspicionem verbo est umquam vocatus. <reg>an</reg> de sororis filio diligentius
				respondendum est? quem ab hoc necatum esse dixisti, cum ad iudici moram familiaris
				funeris excusatio quaereretur. <reg>quid</reg> enim est tam veri simile quam
				cariorem huic sororis maritum quam sororis filium fuisse, atque ita cariorem ut
				alter vita crudelissime privaretur, cum alteri ad prolationem iudici biduum
				quaereretur? <reg>an</reg> de servis alienis contra legem Fabiam retentis, aut de
				civibus Romanis contra legem Porciam verberatis aut necatis plura dicenda sunt, cum
				tanto studio C. Rabirius totius Apuliae, singulari voluntate Campaniae ornetur,
				cumque ad eius propulsandum periculum non modo homines sed prope regiones ipsae
				convenerint, aliquanto etiam latius excitatae quam ipsius vicinitatis nomen ac
				termini postulabant? <reg>nam</reg> quid ego ad id longam orationem comparem quod
				est in eadem multae inrogatione praescriptum, hunc nec suae nec alienae pudicitiae
				pepercisse? </p></div>
				<div type="textpart" subtype="section" n="9"><p><reg>quin</reg> etiam suspicor eo mihi
				semihoram ab Labieno praestitutam esse ut ne plura de pudicitia dicerem.
					<reg>ergo</reg> ad haec crimina quae patroni diligentiam desiderant intellegis
				mihi semihoram istam nimium longam fuisse. 
			<milestone unit="para"/><reg>illam</reg> alteram partem de nece Saturnini nimis exiguam atque angustam esse
				voluisti; quae non oratoris ingenium sed consulis auxilium implorat et flagitat.
					</p></div>
				<div type="textpart" subtype="section" n="10"><p><reg>nam</reg> de perduellionis iudicio, quod
				a me sublatum esse criminari soles, meum crimen est, non Rabiri. <reg>quod</reg>
				utinam, Quirites, ego id aut primus aut solus ex hac re publica sustulissem! utinam
				hoc, quod ille crimen esse volt, proprium testimonium meae laudis esset.
					<reg>quid</reg> enim optari potest quod ego mallem quam me in consulatu meo
				carnificem de foro, crucem de campo sustulisse? <reg>sed</reg> ista laus primum est
				maiorum nostrorum, Quirites, qui expulsis regibus nullum in libero populo vestigium
				crudelitatis regiae retinuerunt, deinde multorum virorum fortium qui vestram
				libertatem non acerbitate suppliciorum infestam sed lenitate legum munitam esse
				voluerunt. </p></div>
				<milestone n="4" unit="chapter"/>
				<div type="textpart" subtype="section" n="11"><p>
			<milestone unit="para"/><reg>quam</reg> ob rem uter nostrum tandem, Labiene, popularis est, tune qui civibus
				Romanis in contione ipsa carnificem, qui vincla adhiberi putas oportere, qui in
				campo Martio comitiis centuriatis auspicato in loco crucem ad civium supplicium
				defigi et constitui iubes, an ego qui funestari contionem contagione carnificis
				veto, qui expiandum forum populi Romani ab illis nefarii sceleris vestigiis esse
				dico, qui castam contionem, sanctum campum, inviolatum corpus omnium civium
				Romanorum, integrum ius libertatis defendo servari oportere? </p></div>
				<div type="textpart" subtype="section" n="12"><p><reg>popularis</reg> vero tribunus pl. custos defensorque iuris
				et libertatis! Porcia lex virgas ab omnium civium Romanorum corpore amovit, hic
				misericors flagella rettulit; Porcia lex libertatem civium lictori eripuit,
				Labienus, homo popularis, carnifici tradidit; C. Gracchus legem tulit ne de capite
				civium Romanorum iniussu vestro iudicaretur, hic popularis a <num>ii</num>viris
				iniussu vestro non iudicari de cive Romano sed indicta causa civem Romanum capitis
				condemnari coegit. </p></div>
				<div type="textpart" subtype="section" n="13"><p><reg>tu</reg> mihi etiam legis
				Porciae, tu C. Gracchi, tu horum libertatis, tu cuiusquam denique hominis popularis
				mentionem facis, qui non modo suppliciis invisitatis sed etiam verborum crudelitate
				inaudita violare libertatem huius populi, temptare mansuetudinem, commutare
				disciplinam conatus es? <reg>namque</reg> haec tua, quae te, hominem clementem
				popularemque, delectant, 'I, <quote>lictor</quote>, <quote>conliga manvs</quote>,'
				non modo huius libertatis mansuetudinisque non sunt sed ne Romuli quidem aut Numae
				Pompili; Tarquini, superbissimi atque crudelissimi regis, ista sunt cruciatus
				carmina quae tu, homo lenis ac popularis, libentissime commemoras: '<quote>Capvt
					obnvbito</quote>, <quote>arbori infelici svspendito</quote>,' quae verba,
				Quirites, iam pridem in hac re publica non solum tenebris vetustatis verum etiam
				luce libertatis oppressa sunt. </p></div>
				<milestone n="5" unit="chapter"/>
				<div type="textpart" subtype="section" n="14"><p>
			<milestone unit="para"/><reg>an</reg> vero, si actio ista popularis esset et si ullam partem aequitatis
				haberet aut iuris, C. Gracchus eam reliquisset? <reg>scilicet</reg> tibi graviorem
				dolorem patrui tui mors attulit quam C. Graccho fratris, et tibi acerbior eius
				patrui mors est quem numquam vidisti quam illi eius fratris quicum concordissime
				vixerat, et simili iure tu ulcisceris patrui mortem atque ille persequeretur
				fratris, si ista ratione agere voluisset, et par desiderium sui reliquit apud
				populum Romanum Labienus iste, patruus vester, quisquis fuit, ac Ti. Gracchus
				reliquerat. <reg>an</reg> pietas tua maior quam <add>C.</add> Gracchi, an animus, an
				consilium, an opes, an auctoritas, an eloquentia? quae si in illo minima fuissent,
				tamen prae tuis facultatibus maxima putarentur. </p></div>
				<div type="textpart" subtype="section" n="15"><p>Cum vero his rebus omnibus C. Gracchus omnis vicerit, quantum intervallum tandem
				inter te atque illum interiectum putas? <reg>sed</reg> moreretur prius acerbissima
				morte miliens <add>C.</add> Gracchus quam in eius contione carnifex consisteret;
				quem non modo foro sed etiam caelo hoc ac spiritu censoriae leges atque urbis
				domicilio carere voluerunt. <reg>hic</reg> se popularem dicere audet, me alienum a
				commodis vestris, cum iste omnis et suppliciorum et verborum acerbitates non ex
				memoria vestra ac patrum vestrorum sed ex annalium monumentis atque ex regum
				commentariis conquisierit, ego omnibus meis opibus, omnibus consiliis, omnibus
				dictis atque factis repugnarim et restiterim crudelitati? nisi forte hanc
				condicionem vobis esse voltis quam servi, si libertatis spem propositam non
				haberent, ferre nullo modo possent. </p></div>
				<div type="textpart" subtype="section" n="16"><p><reg>misera</reg> est ignominia iudiciorum
				publicorum, misera multatio bonorum, miserum
				exsilium; sed tamen in omni calamitate retinetur aliquod vestigium libertatis.
					<reg>mors</reg> denique si proponitur, in libertate moriamur, carnifex vero et
				obductio capitis et nomen ipsum crucis absit non modo a corpore civium Romanorum sed
				etiam a cogitatione, oculis, auribus. <reg>harum</reg> enim omnium rerum non solum
				eventus atque perpessio sed etiam condicio, exspectatio, mentio ipsa denique indigna
				cive Romano atque homine libero est. <reg>an</reg> vero servos nostros horum
				suppliciorum omnium metu dominorum benignitas vindicta una liberat; nos a
				verberibus, ab unco, a crucis denique terrore neque res gestae neque acta aetas
				neque vestri honores vindicabunt? </p></div>
				<div type="textpart" subtype="section" n="17"><p><reg>quam</reg>
				ob rem fateor atque etiam, Labiene, profiteor et prae me fero te ex illa crudeli,
				importuna, non tribunicia actione sed regia, meo consilio, virtute, auctoritate esse
				depulsum. <reg>qua</reg> tu in actione quamquam omnia exempla maiorum, omnis leges,
				omnem auctoritatem senatus, omnis religiones atque auspiciorum publica iura
				neglexisti, tamen a me haec in hoc tam exiguo meo tempore non audies; liberum tempus
				nobis dabitur ad istam disceptationem. </p></div><milestone n="6" unit="chapter"/>
				<div type="textpart" subtype="section" n="18"><p>
			<milestone unit="para"/><reg>nunc</reg> de Saturnini crimine ac de clarissimi patrui tui morte dicemus.
					<reg>arguis</reg> occisum esse a C. Rabirio L. Saturninum. <reg>at</reg> id C.
				Rabirius multorum testimoniis, Q. Hortensio copiosissime defendente, antea falsum
				esse docuit; ego autem, si mihi esset integrum, susciperem hoc crimen, agnoscerem,
				confiterer. Vtinam hanc mihi facultatem causa concederet ut possem hoc praedicare,
				C. Rabiri manu L. Saturninum, hostem populi Romani, interfectum!—<reg>nihil</reg> me
				clamor iste commovet sed consolatur, cum indicat esse quosdam civis imperitos sed
				non multos. <reg>numquam</reg>, mihi credite, populus Romanus hic qui silet consulem
				me fecisset, si vestro clamore perturbatum iri arbitraretur. <reg>quanto</reg> iam
				levior est acclamatio! <reg>quin</reg> continetis vocem indicem stultitiae vestrae,
				testem paucitatis!</p></div>
				<div type="textpart" subtype="section" n="19"><p>—<reg>libenter</reg>,inquam,
				confiterer, si vere possem aut etiam si mihi esset integrum, C. Rabiri manu L.
				Saturninum esse occisum, et id facinus pulcherrimum esse arbitrarer; sed, quoniam id
				facere non possum, confitebor id quod ad laudem minus valebit, ad crimen non minus.
					<reg>confiteor</reg> interficiendi Saturnini causa C. Rabirium arma cepisse.
					<reg>quid</reg> est, Labiene? quam a me graviorem confessionem aut quod in hunc
				maius crimen exspectas? nisi vero interesse aliquid putas inter eum qui hominem
				occidit, et eum qui cum telo occidendi hominis causa fuit. <reg>si</reg> interfici
				Saturninum nefas fuit, arma sumpta esse contra Saturninum sine scelere non possunt;
				si arma iure sumpta concedis, inter<add>fectum iure concedas necesse est</add>.
					</p></div>
				<milestone n="7" unit="chapter"/>
				<div type="textpart" subtype="section" n="20"><p>
			<milestone unit="para"/><reg>fit</reg> senatus consultum ut C. Marius L. Valerius consules adhiberent
				tribunos pl. et praetores, quos eis videretur, operamque darent ut imperium populi
				Romani maiestasque conservaretur. <reg>adhibent</reg> omnis tribunos pl. praeter
				Saturninum, <add>praetores</add> praeter Glauciam; qui rem publicam salvam esse
				vellent, arma capere et se sequi iubent. <reg>parent</reg> omnes; ex aede Sancus
				armamentariisque publicis arma populo Romano C. Mario consule distribuente dantur.
					<reg>hic</reg> iam, ut omittam cetera, de te ipso, Labiene, quaero. Cum
				Saturninus Capitolium teneret armatus, esset una C. Glaucia, C. Saufeius, etiam ille
				ex compedibus atque ergastulo Gracchus; addam, quoniam ita vis, eodem Q. Labienum,
				patruum tuum; in foro autem C. Marius et L. Valerius Flaccus consules, post cunctus
				senatus, atque ille senatus quem etiam vos ipsi, qui hos patres conscriptos qui nunc
				sunt in invidiam vocatis, quo facilius de hoc senatu detrahere possitis,
					<add>laudare consuevistis,</add> cum equester ordo—at quorum equitum, di
				immortales! patrum nostrorum atque eius aetatis, qui tum magnam partem rei publicae
				atque omnem dignitatem iudiciorum tenebant,—cum omnes omnium ordinum homines qui in
				salute rei publicae salutem suam repositam esse arbitrabantur arma cepissent: quid
				tandem C. Rabirio faciendum fuit? </p></div>
				<div type="textpart" subtype="section" n="21"><p><reg>de</reg> te
				ipso, inquam, Labiene, quaero. Cum ad arma consules ex senatus consulto vocavissent,
				cum armatus M. Aemilius, princeps senatus, in comitio constitisset, qui cum ingredi
				vix posset, non ad insequendum sibi tarditatem pedum sed ad fugiendum impedimento
				fore putabat, cum denique Q. Scaevola confectus senectute, perditus morbo, mancus et
				membris omnibus captus ac debilis, hastili nixus et animi vim et infirmitatem
				corporis ostenderet, cum L. Metellus, Ser. Galba, C. Serranus, P. Rutilius, C.
				Fimbria, Q. Catulus omnesque qui tum erant consulares pro salute communi arma
				cepissent, cum omnes praetores, cuncta nobilitas ac iuventus accurreret, Cn. et L.
				Domitii, L. Crassus, Q. Mucius, C. Claudius, M. Drusus, cum omnes Octavii, Metelli,
				Iulii, Cassii, Catones, Pompeii, cum L. Philippus, L. Scipio, cum M. Lepidus, cum D.
				Brutus, cum hic ipse P. Servilius, quo tu imperatore, Labiene, meruisti, cum hic Q.
				Catulus, admodum tum adulescens, cum hic C. Curio, cum denique omnes clarissimi viri
				cum consulibus essent: quid tandem C. Rabirium facere convenit? utrum inclusum atque
				abditum latere in occulto atque ignaviam suam tenebrarum ac parietum custodiis
				tegere, an in Capitolium pergere atque ibi se cum tuo patruo et ceteris ad mortem
				propter vitae turpitudinem confugientibus congregare, an cum Mario, Scauro, Catulo,
				Metello, Scaevola, cum bonis denique omnibus coire non modo salutis verum etiam
				periculi societatem? </p></div>
				<milestone n="8" unit="chapter"/>
				<div type="textpart" subtype="section" n="22"><p>
				<reg>tu</reg> denique, Labiene, quid faceres tali in re ac tempore? Cum
				ignaviae ratio te in fugam atque in latebras impelleret, improbitas et furor L.
				Saturnini in Capitolium arcesseret, consules ad patriae salutem ac libertatem
				vocarent, quam tandem auctoritatem, quam vocem, cuius sectam sequi, cuius imperio
				parere potissimum velles? '<reg>patruus</reg>,' inquit, 'meus cum Saturnino fuit.'
					<reg>quid</reg>? pater quicum? quid? propinqui vestri, equites Romani? quid?
				omnis praefectura, regio, vicinitas vestra? quid? ager Picenus universus utrum
				tribunicium furorem, an consularem auctoritatem secutus est? </p></div>
				<div type="textpart" subtype="section" n="23"><p><reg>equidem</reg> hoc adfirmo quod tu nunc de tuo patruo
				praedicas, neminem umquam adhuc de se esse confessum; nemo est, inquam, inventus tam
				profligatus, tam perditus, tam ab omni non modo honestate sed etiam simulatione
				honestatis relictus, qui se in Capitolio fuisse cum Saturnino fateretur.
					<reg>at</reg> fuit vester patruus. <reg>fuerit</reg>, et fuerit <add>nulla</add>
				vi, nulla desperatione rerum suarum, nullis domesticis volneribus coactus; induxerit
				eum L. Saturnini familiaritas ut amicitiam patriae praeponeret; idcircone oportuit
				C. Rabirium desciscere a re publica, non comparere in illa armata multitudine
				bonorum, consulum voci atque imperio non oboedire? </p></div>
				<div type="textpart" subtype="section" n="24"><p><reg>atqui</reg> videmus haec in rerum natura tria fuisse, ut aut cum
				Saturnino esset, aut cum bonis, aut lateret. <reg>latere</reg> mortis erat instar
				turpissimae, cum Saturnino esse furoris et sceleris; virtus et honestas et pudor cum
				consulibus esse cogebat. <reg>hoc</reg> tu igitur in crimen vocas, quod cum eis
				fuerit C. Rabirius quos amentissimus fuisset si oppugnasset, turpissimus si
				reliquisset? <milestone n="9" unit="chapter"/><reg>at</reg> C. Decianus, de quo tu
				saepe commemoras, quia, cum hominem omnibus insignem notis turpitudinis, P. Furium,
				accusaret summo studio bonorum omnium, queri est ausus in contione de morte
				Saturnini, condemnatus est, et Sex. Titius, quod habuit imaginem L. Saturnini domi
				suae, condemnatus est. <reg>statuerunt</reg> equites Romani illo iudicio improbum
				civem esse et non retinendum in civitate, qui hominis hostilem in modum seditiosi
				imagine aut mortem eius honestaret, aut desideria imperitorum misericordia
				commoveret, aut suam significaret imitandae improbitatis voluntatem. </p></div>
				<div type="textpart" subtype="section" n="25"><p><reg>itaque</reg> mihi mirum videtur unde hanc tu,
				Labiene, imaginem quam habes inveneris; nam <reg>sex</reg>. Titio damnato qui istam
				habere auderet inventus est nemo. <reg>quod</reg> tu si audisses aut si per aetatem
				scire potuisses, numquam profecto istam imaginem quae domi posita pestem atque
				exsilium Sex. Titio attulisset in rostra atque in contionem attulisses, nec tuas
				umquam ratis ad eos scopulos appulisses ad quos Sex. Titi adflictam navem et in
				quibus C. Deciani naufragium fortunarum videres. <reg>sed</reg> in his rebus omnibus
				imprudentia laberis. <reg>causam</reg> enim suscepisti antiquiorem memoria tua, quae
				causa ante mortua est quam tu natus es; et qua in causa tute profecto fuisses, si
				per aetatem esse potuisses, eam causam in iudicium vocas. </p></div>
				<div type="textpart" subtype="section" n="26"><p><reg>an</reg> non intellegis, primum quos homines et qualis
				viros mortuos summi sceleris arguas, deinde quot ex his qui vivunt eodem crimine in
				summum periculum capitis arcessas? <reg>nam</reg> si C. Rabirius fraudem capitalem
				admisit quod arma contra L. Saturninum tulit, huic quidem adferet aliquam
				deprecationem periculi aetas illa qua tum fuit; Q. vero Catulum, patrem huius, in
				quo summa sapientia, eximia virtus, singularis humanitas fuit, M. Scaurum, illa
				gravitate, illo consilio, illa prudentia, duos Mucios, L. Crassum, M. Antonium, qui
				tum extra urbem cum praesidio fuit, quorum in hac civitate longe maxima consilia
				atque ingenia fuerunt, ceteros pari dignitate praeditos custodes gubernatoresque rei
				publicae quem ad modum mortuos defendemus? </p></div>
				<div type="textpart" subtype="section" n="27"><p><reg>quid</reg> de illis honestissimis viris atque optimis civibus, equitibus
				Romanis, dicemus qui tum una cum senatu salutem rei publicae defenderunt? quid de
				tribunis aerariis ceterorumque ordinum omnium hominibus qui tum arma pro communi
				libertate ceperunt? <milestone n="10" unit="chapter"/><reg>sed</reg> quid ego de eis
				omnibus qui consulari imperio paruerunt loquor? de ipsorum consulum fama quid
				futurum est? L. Flaccum, hominem cum semper in re publica, tum in magistratibus
				gerendis, in sacerdotio caerimoniisque quibus praeerat diligentissimum, nefarii
				sceleris ac parricidi mortuum condemnabimus? adiungemus ad hanc labem ignominiamque
				mortis etiam C. Mari nomen? C. Marium, quem vere patrem patriae, parentem, inquam,
				vestrae libertatis atque huiusce rei publicae possumus dicere, sceleris ac parricidi
				nefarii mortuum condemnabimus? </p></div>
				<div type="textpart" subtype="section" n="28"><p><reg>etenim</reg>
				si C. Rabirio, quod iit ad arma, crucem T. Labienus in campo Martio defigendam
				putavit, quod tandem excogitabitur in eum supplicium qui vocavit? <reg>ac</reg> si
				fides Saturnino data est, quod abs te saepissime dicitur, non eam C. Rabirius sed C.
				Marius dedit, idemque violavit, si in fide non stetit. <reg>quae</reg> fides,
				Labiene, qui potuit sine senatus consulto dari? <reg>adeone</reg> hospes
					<add>es</add> huiusce urbis, adeone ignarus disciplinae consuetudinisque nostrae
				ut haec nescias, ut peregrinari in aliena civitate, non in tua magistratum gerere
				videare? </p></div>
				<div type="textpart" subtype="section" n="29"><p> '<reg>quid</reg> iam ista C.Mario,'
				inquit, 'nocere possunt, quoniam sensu et vita caret?' <reg>itane</reg> vero? tantis
				in laboribus C. Marius periculisque vixisset, si nihil longius quam vitae termini
				postulabant spe atque animo de se et gloria sua cogitasset? <reg>at</reg>, credo,
				cum innumerabilis hostium copias in Italia fudisset atque obsidione rem publicam
				liberasset, omnia sua secum una moritura arbitrabatur. <reg>non</reg> est ita,
				Quirites; neque quisquam nostrum in rei publicae periculis cum laude ac virtute
				versatur quin spe posteritatis fructuque ducatur. <reg>itaque</reg> cum multis aliis
				de causis virorum bonorum mentes divinae mihi atque aeternae videntur esse, tum
				maxime quod optimi et sapientissimi cuiusque animus ita praesentit in posterum ut
				nihil nisi sempiternum spectare videatur. </p></div>
				<div type="textpart" subtype="section" n="30"><p><reg>quapropter</reg> equidem et C. Mari et ceterorum virorum sapientissimorum
				ac fortissimorum civium mentis, quae mihi videntur ex hominum vita ad deorum
				religionem et sanctimoniam demigrasse, testor me pro illorum fama, gloria, memoria
				non secus ac pro patriis fanis atque delubris propugnandum putare, ac, si pro
				illorum laude mihi arma capienda essent, non minus strenue caperem, quam illi pro
				communi salute ceperunt. <reg>etenim</reg>, Quirites, exiguum nobis vitae curriculum
				natura circumscripsit, immensum gloriae. <milestone n="11" unit="chapter"/><reg>qua</reg> re, si eos qui iam de vita decesserunt ornabimus, iustiorem
				nobis mortis condicionem relinquemus. <reg>sed</reg> si illos, Labiene, quos iam
				videre non possumus neglegis, ne his quidem quos vides consuli putas oportere?
					</p></div>
				<div type="textpart" subtype="section" n="31"><p><reg>neminem</reg> esse dico ex his omnibus,
				qui illo die Romae fuerit, quem tu diem in iudicium vocas, pubesque tum fuerit, quin
				arma ceperit, quin consules secutus sit. <reg>omnes</reg> ei quorum tu ex aetate
				coniecturam facere potes quid tum fecerint abs te capitis C. Rabiri nomine citantur.
					<reg>at</reg> occidit Saturninum Rabirius. Vtinam fecisset! non supplicium
				deprecarer sed praemium postularem. <reg>etenim</reg>, si Scaevae, servo Q.
				Crotonis, qui occidit L. Saturninum, libertas data est, quod equiti Romano praemium
				dari par fuisset? et, si C. Marius, quod fistulas quibus aqua suppeditabatur Iovis
					<reg>optimi</reg>
				<reg>maximi</reg> templis ac sedibus praecidi imperarat, quod in clivo Capitolino
				improborum civium * * * </p></div>

		
				
				<milestone n="12" unit="chapter"/>
				<div type="textpart" subtype="section" n="32"><p><note>Fragmenta (a Niebuhrio ex P edita, supplementa sunt Niebuhrii, nisi aliter indicatum est)</note>
				<milestone unit="para"/>* * * aret. <reg>itaque</reg> non senatus in ea causa cognoscenda me agente
					diligentior aut inclementior fuit quam vos universi, cum orbis terrae
					distributionem atque illum ipsum agrum Campanum animis, manibus, vocibus
						re<add>pudiavistis</add>. </p></div>
				
				<div type="textpart" subtype="section" n="33"><p>
				<milestone unit="para"/><reg>idem</reg> ego quod is qui auctor huius iudicii <add>est</add> clamo,
					praedico, denuntio. <reg>nullus</reg> est reliquus rex, nulla gens, nulla natio
					quam pertimescatis; nullum adventicium, nullum extraneum malum est qu<add>od
						insi</add>nuare in han<add>c rem publicam pos</add>sit. <reg>si</reg>
						immorta<add>lem</add> hanc civitate<add>m esse</add> voltis, si
						aeter<add>num hoc</add> imperium, si g<add>loriam</add> sempiternam
						<add>manere</add>, nobis a nostris <add>cupi</add>ditatibus, a
						tu<add>rbulen</add>tis hominibus <add>atque no</add>varum rerum
						<add>cupidis, ab intestinis malis</add>, a domesticis co<add>nsiliis</add>
					est cavendum. </p></div>
				
				<div type="textpart" subtype="section" n="34"><p><reg>hisce</reg> autem
						m<add>alis mag</add>num praesid<add>ium vo</add>bis maiores ve<add>stri
						re</add>liquerunt, vo<add>cem</add> illam consulis: 'qui <add>rem
						publicam</add> salvam esse <add>vellent</add>.' <reg>huic</reg> voci
						fave<add>te, Quirites, neque v</add>estro iudicio <add>abstu</add>leritis
					mihi <gap reason="lost"/> neque eripueri<add>tis rei publicae</add> spem liberta<add>tis,
						sp</add>em salutis, spem <add>digni</add>tatis. </p></div>
				
				<div type="textpart" subtype="section" n="35"><p><add><reg>quid</reg> fac</add>erem, si T. Labie<add>nus
						c</add>aedem civium <add>fecis</add>set ut L. Satur<add>ninus</add>, si
					carcerem re<add>fregi</add>sset, si Capitoli<add>um cum armatis
					occupa</add>visset? <reg>facerem</reg>
					<add>idem qu</add>od C. Marius fe<add>cit, a</add>d senatum re<add>ferr</add>em,
					vos ad rem publicam <add>defe</add>ndendam co<add>hort</add>arer, armatus
						<add>ipse</add> vobiscum ar<add>mato</add> obsisterem.
						<add><reg>nunc</reg></add> quoniam armorum suspicio nulla est, tela non
					video, non vis, non caedes, non Capitoli atque arcis obsessio est, sed accusatio
					perniciosa, iudicium acerbum, res tota a tribuno pl. suscepta contra rem
					publicam, non vos ad arma vocan<add>dos esse, verum</add> ad suffragia
					cohortandos contra oppugnationem vestrae maiestatis putavi. <reg>itaque</reg>
					nunc vos omnis oro atque obtestor hortorque. <reg>non</reg> ita mos est,
					consulem es * * * </p></div>
				<milestone n="13" unit="chapter"/>
				<div type="textpart" subtype="section" n="36"><p>
				<milestone unit="para"/>* * * <add>t</add>imet; qui hasce ore adverso pro re publica cicatrices ac notas
					virtutis accepit, is ne quod accipiat famae volnus perhorrescit; quem numquam
					incursiones hostium loco movere potuerunt, is nunc impetum civium,
					<add>c</add>ui n<add>e</add>cessario cedendum est, perhorrescit. </p></div>
				<div type="textpart" subtype="section" n="37"><p><add>N</add>eque a vobis iam bene <add>v</add>ivendi
					sed hones<add>t</add>e moriendi facul<add>t</add>atem petit, neque tam
						<add>u</add>t domo sua frua<add>t</add>ur quam ne patrio <add>s</add>epulcro
					privetur laborat. <reg>nihil</reg> al<add>iud</add> iam vos orat atque
						<add>ob</add>secrat nisi uti n<add>e se</add> legitimo funer<add>e et</add>
					domestica mor<add>te</add> privetis, ut eum <add>qui</add> pro patria
						nu<add>llum</add> umquam mor<add>tis pe</add>riculum fugit <add>in</add>
					patria mori pati<add>amini</add>. </p></div>
				<div type="textpart" subtype="section" n="38"><p>
				<milestone unit="para"/><reg>dixi</reg> ad id tempus q<add>uod</add> mihi a tribuno pl.
						pra<add>esti</add>tutum est; a vob<add>is peto</add> quaesoque ut ha<add>nc
						me</add>am defension<add>em</add> pro amici pericu<add>lo fi</add>delem, pro
					rei publicae salu<add>te</add> consularem pu<add>te</add>tis. </p></div>
				<div type="textpart" subtype="section" n="38b"><p>
				<milestone unit="para"/>et cum universo populo Romano, tum vero equestri ordini longe carissimus.</p></div>
			
		</div>
	</body></text>
</TEI>
