<?xml version="1.0" encoding="UTF-8"?>
<TEI xmlns="http://www.tei-c.org/ns/1.0">
	<teiHeader xml:lang="eng" type="text">
		<fileDesc>
			<titleStmt>
				<title>On Behalf of King Deiotarus </title>
				<title>Pro Milone, Pro Marcello, Pro Ligario, Pro rege Deiotaro, Philippicae
					I-XIV</title>
				<title type="sub">Machine readable text</title>
				<author n="Cic.">M. Tullius Cicero</author>
				<editor role="editor" n="OCT">Albert Clark</editor>
				<sponsor>Perseus Project, Tufts University</sponsor>
				<principal>Gregory Crane</principal>
				<respStmt>
					<resp>Prepared under the supervision of</resp>
					<name>Bridget Almas</name>
					<name>Lisa Cerrato</name>
					<name>William Merrill</name>
					<name>David Mimno</name>
					<name>Rashmi Singhal</name>
					<name>David Smith</name>
				</respStmt>
				<funder n="org:NEH">National Endowment For The Humanities (NEH)</funder> 
			</titleStmt>
			<publicationStmt>
				<publisher>Trustees of Tufts University</publisher>
				<pubPlace>Medford, MA</pubPlace>
				<authority>Perseus Project</authority>
				<date type="release">1997-10-28</date>
			</publicationStmt> 

			<sourceDesc>
				<biblStruct>
					<monogr>
						<author>M. Tullius Cicero</author>
						<title>M. Tulli Ciceronis Orationes: Recognovit breviqve adnotatione critica
							instrvxit Albertus Curtis Clark Collegii Reginae Socius</title>
						<editor role="editor">Albert Curtis Clark</editor>
						<imprint>
							<pubPlace>Oxford</pubPlace>
							<publisher>e Typographeo Clarendoniano</publisher>
							<date>1918</date>
						</imprint>
					</monogr>
					<series>
						<title>Scriptorum Classicorum Bibliotheca Oxoniensis</title>
					</series>
				</biblStruct>
			</sourceDesc>
		</fileDesc>

		<encodingDesc>
			<refsDecl>
				<refState delim=" " unit="text"/>
				<refState unit="section"/>
			</refsDecl>
			<refsDecl>
				<refState delim=" " unit="text"/>
				<refState delim="." n="chunk" unit="chapter"/>
				<refState unit="section"/>
			</refsDecl>
			<refsDecl n="text=Phil.">
				<refState delim=" " unit="text"/>
				<refState delim="." unit="speech"/>
				<refState unit="section"/>
			</refsDecl>
			<refsDecl n="text=Phil.">
				<refState delim=" " unit="text"/>
				<refState delim="." unit="speech"/>
				<refState delim="." n="chunk" unit="chapter"/>
				<refState unit="section"/>
			</refsDecl>
		</encodingDesc>

		<profileDesc>
			<langUsage>
				<language ident="la">Latin </language>
				<language ident="greek">Greek </language>
			</langUsage>
		</profileDesc>

		<revisionDesc>
			<!--
      <change><date>5/9/97</date>
	<respStmt><name>CJSU</name><resp>ed.</resp></respStmt>
	<item>
$Log: cic.oct2_lat.xml,v $
Revision 1.4  2013-09-13 11:21:40  balmas01
reverting texts back to pre_cts_reorg tagged version

Revision 1.2  2011-07-19 22:30:38  gcrane
removed the earlier persName/placeName tags

Revision 1.1  2011-01-15 23:14:25  gcrane
base SDL file

Revision 1.1  2009/10/09 19:49:13  rsingh04
more reorganizing of texts module by collection

Revision 1.5  2006/04/02 18:12:19  gcrane
mainly fixes to the words lower cased at the start of sentences:
found that we had always had <name>Cum</name> rather than <reg>cum</reg>.

This has been fixed in oct.cic[123]

oct.cic[456] are having the app crits added and will need to be updated when
those files come back

Revision 1.4  2006/03/31 17:49:52  gcrane
missing charaters from imaging problems have been checked

Revision 1.3  2006/03/29 01:03:14  gaweaver
this includes the notes from the app crit.

there is one known problem: the lower right hand corner of one page got
clipped and the characters in the app crit need to be added with reference
to a clean copy

Revision 1.2  2005/08/01 15:59:19  packel
removed stray item tags

	Revision 1.1  2005/07/25 14:31:11  packel
	Converted to XML
	
Revision 1.13  2005/04/08 17:56:07  mimno
added default chunks

Revision 1.12  2003/07/01 22:14:57  yorkc
Updated texts to TEI P4 and Perseus P4 extensions; minor cleanup (esp. character encodings and typos.)

Revision 1.11  2003/05/20 21:16:12  amahoney
do not mark Heus as a proper name

Revision 1.10  2002/12/02 18:41:45  amahoney
correct spelling of Quirites, improperly 'regularized'

Revision 1.9  2000/03/06 22:21:48  amahoney
add headers for groups of speeches, so they show up in the toc:  Catilines,
Verrines, Philippics, and Agrarian Law

Revision 1.8  2000/03/04 20:34:10  dasmith
Added separate funder entity to TEI header.

Revision 1.7  1999/10/14 21:36:02  dasmith
Added explanatory subtitles to titleStmt

Revision 1.6  1999/08/12 17:17:11  dasmith
Fixed refsDecl

Revision 1.5  1999/08/04 18:11:59  textgod
Random changes over a period of months.

Revision 1.4  1997/08/18 14:54:26  textgod
???

Revision 1.3  1997/05/12 19:55:57  cjsu
Fixed type attribute.

Revision 1.2  1997/05/09 21:04:08  cjsu
Fixed header info. Added abbreviations.

Revision 1.1  1997/05/09 20:57:17  cjsu
Added to repository. Passes SGML validation.


</item></change>
    <change><date>July 2014</date>
    <respStmt><name>Stella Dee</name><resp>ed.</resp></respStmt>
    <item>split composite text and converted to unicode</item>
      </change>-->
			<change when="2014-08-01" who="Stella Dee">edited markup</change>
		</revisionDesc>
	</teiHeader>
	<text xml:lang="la">
		<body>
			<head>PRO REGE DEIOTARO AD C. CAESAREM ORATIO</head>

			<milestone n="1" unit="chapter"/>
			<milestone n="1" unit="section"/>
			<p><reg>cum</reg> in omnibus causis gravioribus, C. Caesar, initio dicendi commoveri
				soleam vehementius quam videtur vel usus vel aetas mea postulare, tum in hac causa
				ita multa me<note>multa me <foreign xml:lang="grc">a</foreign>, <hi rend="italics"
						>Prisc. K.</hi> iii. <hi rend="italics">p.</hi> 369: me multa <foreign
						xml:lang="grc">bg</foreign></note> perturbant ut, quantum mea fides studi
				mihi adferat ad salutem regis Deiotari defendendam, tantum facultatis timor
				detrahat. <reg>primum</reg> dico pro capite fortunisque regis<note>regis Deiotari
						<foreign xml:lang="grc">g</foreign></note>, quod ipsum, etsi<note>etsi
						<foreign xml:lang="grc">ab</foreign>a: si <hi rend="italics">gh</hi></note>
				non iniquum est in tuo dumtaxat periculo, tamen est ita inusitatum, regem reum
				capitis esse, ut ante hoc tempus non sit auditum. <milestone n="2" unit="section"
					/><reg>deinde</reg> eum regem quem ornare antea<note>ante <hi rend="italics"
						>CAVB</hi></note> cuncto cum senatu solebam<note>solebamus <foreign
						xml:lang="grc">b</foreign> (<hi rend="italics">contra Mart. Cap. Rhet. L.
						p.</hi> 470)</note> pro perpetuis eius in nostram rem publicam meritis, nunc
				contra atrocissimum crimen cogor defendere. <reg>accedit</reg> ut accusatorum
				alterius crudelitate, alterius indignitate conturber<note>perturber <foreign
						xml:lang="grc">g</foreign></note>. <reg>crudelis</reg> Castor<note>crudelis
					Castor <hi rend="italics">C1V<foreign xml:lang="grc">b</foreign></hi>: crudelis
					Castor est <hi rend="italics">C2AH</hi>: crudelem Castorem <foreign
						xml:lang="grc">g</foreign>, <hi rend="italics">Madvig</hi></note>, ne dicam
				sceleratum et impium, qui nepos avum in capitis discrimen<note>discr. capitis
						<foreign xml:lang="grc">g</foreign></note> adduxerit adulescentiaeque suae
				terrorem intulerit ei cuius senectutem tueri et tegere debebat<note>debeat <foreign
						xml:lang="grc">g</foreign></note>, commendationemque ineuntis aetatis ab
				impietate et ab scelere<note>et scelere <foreign xml:lang="grc">b</foreign></note>
				duxerit; avi servum corruptum praemiis ad accusandum dominum impulerit, a legatorum
				pedibus abduxerit. <milestone n="3" unit="section"/><reg>fugitivi</reg> autem
				dominum accusantis et dominum absentem et dominum amicissimum nostrae rei publicae
				cum os videbam, cum verba audiebam<note>cum verba audiebam <hi rend="italics">om.
						DE</hi></note>, non tam adflictam regiam condicionem dolebam quam de
				fortunis communibus extimescebam. <reg>nam</reg> cum more maiorum de servo in
				dominum ne tormentis quidem quaeri liceat, in qua quaestione dolor elicere veram
				vocem possit etiam ab invito, exortus est servus qui, quem in eculeo appellare non
					posset<note>possit <hi rend="italics">CAV</hi></note>, eum accuset solutus.
					<milestone n="2" unit="chapter"/><milestone n="4" unit="section"
					/><reg>perturbat</reg> me, C. Caesar<note>C. <hi rend="italics">om. C<foreign
							xml:lang="grc">a</foreign></hi></note>, etiam illud interdum quod tamen,
				cum te penitus recognovi, timere desino: re enim iniquum est, sed tua sapientia fit
				aequissimum. <reg>nam</reg> dicere apud eum de facinore contra cuius vitam consilium
				facinoris inisse arguare, cum<note><lemma>cum</lemma> si <hi rend="italics">D</hi>
						(<hi rend="italics">ante ras.</hi>) <hi rend="italics">g</hi></note> per se
				ipsum consideres, grave est; nemo enim fere est qui sui periculi iudex non sibi se
				aequiorem quam reo praebeat. <reg>sed</reg> tua, Caesar, praestans singularisque
				natura hunc mihi metum minuit. <reg>non</reg> enim tam timeo quid tu de rege
				Deiotaro, quam intellego quid de te ceteros velis iudicare. <milestone n="5"
					unit="section"/><reg>moveor</reg> etiam loci ipsius insolentia, quod tantam
				causam quanta nulla umquam in disceptatione versata est dico intra
					domesticos<note>domesticos <foreign xml:lang="grc">b</foreign>a: <hi
						rend="italics">om. C<foreign xml:lang="grc">a</foreign>gh</hi></note>
				parietes, dico extra conventum et eam frequentiam in qua oratorum studia niti
				solent: in tuis oculis, in tuo ore voltuque acquiesco, te unum intueor, ad te unum
					omnis<note>omnis mea <foreign xml:lang="grc">b</foreign></note> spectat oratio:
				quae mihi ad spem obtinendae veritatis gravissima sunt, ad motum animi et ad omnem
				impetum dicendi contentionemque leviora. <milestone n="6" unit="section"
					/><reg>hanc</reg> enim, C. Caesar<note>causam C. Caesar <foreign xml:lang="grc"
						>b</foreign></note>, causam si in foro dicerem eodem audiente et disceptante
				te, quantam mihi alacritatem populi Romani concursus adferret! <reg>quis</reg> enim
				civis ei regi<note>ei regi <hi rend="italics">aa</hi>: ei rei <hi rend="italics"
						>gh</hi>: regi <foreign xml:lang="grc">b</foreign></note> non faveret cuius
				omnem aetatem in populi Romani bellis consumptam esse meminisset?
					<reg>spectarem</reg> curiam, intuerer forum, caelum denique testarer ipsum.
					<reg>sic</reg>, cum et deorum immortalium et populi Romani et senatus beneficia
				in regem Deiotarum<note>in regem Deiotarum <hi rend="italics"><foreign
							xml:lang="grc">ab</foreign>a</hi>: in rege Deiotaro <hi rend="italics"
						>hg</hi></note> recordarer, nullo modo mihi deesse posset oratio. <milestone
					n="7" unit="section"/><reg>quae</reg> quoniam angustiora parietes faciunt
				actioque maximae causae debilitatur loco, tuum est, Caesar, qui pro multis saepe
				dixisti, quid mihi nunc animi sit ad te ipsum referre, quo facilius cum aequitas tua
				tum audiendi diligentia minuat hanc perturbationem meam. </p>
			<p><reg>sed</reg> ante quam de accusatione ipsa dico, de accusatorum spe pauca dicam;
				qui cum videantur neque ingenio neque<note>nec... nec <foreign xml:lang="grc"
						>b</foreign></note> usu atque exercitatione rerum valere, tamen ad hanc
				causam non sine aliqua spe et cogitatione venerunt. <milestone n="3" unit="chapter"
					/><milestone n="8" unit="section"/><reg>iratum</reg> te regi Deiotaro fuisse non
				erant nescii; adfectum<note>adfectum <hi rend="italics">H<foreign xml:lang="grc"
							>g</foreign></hi>: adflictum <hi rend="italics">A<foreign xml:lang="grc"
							>b</foreign></hi></note> illum quibusdam incommodis et detrimentis
				propter offensionem animi tui meminerant, teque cum huic iratum, tum sibi amicum
				esse cognoverant<note>teque... cognoverant <hi rend="italics">del. Madvig</hi>:
						te<del>que cum huic iratum, tum</del> sibi <hi rend="italics"
					>Eberhard</hi></note>, quodque<note>cumque <foreign xml:lang="grc"
					>b</foreign></note> apud ipsum te de tuo periculo dicerent, fore putabant ut in
				exulcerato animo facile fictum crimen insideret. <reg>quam</reg> ob rem hoc nos
				primum metu, Caesar, per fidem et constantiam et clementiam<note>et per clem.
						<foreign xml:lang="grc">b</foreign></note> tuam libera, ne residere in te
				ullam partem iracundiae suspicemur. <reg>per</reg> dexteram istam te oro quam regi
				Deiotaro hospes hospiti porrexisti, istam, inquam, dexteram non tam<note>tam <hi
						rend="italics">del. Manutius</hi> (<hi rend="italics">contra Prisc. K.</hi>
					ii. 93)</note> in bellis neque in proeliis quam in<note>in <hi rend="italics"
						>om.</hi>
					<foreign xml:lang="grc">b</foreign> (<hi rend="italics">contra
					Prisc.</hi>)</note> promissis et fide firmiorem. <reg>tu</reg> illius domum
				inire, tu vetus hospitium renovare voluisti; te eius di penates acceperunt, te
				amicum et placatum Deiotari regis arae focique viderunt. <milestone n="9"
					unit="section"/><reg>cum</reg> facile orari, Caesar, tum semel
					exorari<note>exorari <foreign xml:lang="grc">g</foreign></note> soles.
					<reg>nemo</reg> umquam te placavit inimicus qui ullas resedisse in te simultatis
				reliquias senserit. <reg>quamquam</reg> cui sunt inauditae cum Deiotaro querelae
				tuae? <reg>numquam</reg> tu illum accusavisti ut hostem, sed ut amicum officio parum
				functum, quod propensior in Cn. Pompei amicitiam fuisset quam in tuam: cui tamen
				ipsi rei veniam te daturum fuisse dicebas, si tum<note>tum <hi rend="italics">dett.
						aliquot</hi>: cum <hi rend="italics"><foreign xml:lang="grc"
						>ab</foreign>ag</hi>: tantum <hi rend="italics">h</hi></note> auxilia
				Pompeio vel si etiam filium misisset, ipse<note>ipse tamen <foreign xml:lang="grc"
						>b</foreign> ita cum <hi rend="italics">aah</hi>: itaque cum <foreign
						xml:lang="grc">b</foreign>: ita si cum <hi rend="italics">g</hi></note>
				aetatis excusatione usus esset. <milestone n="10" unit="section"/><reg>ita</reg> cum
				maximis eum rebus liberares, perparvam<note><lemma>perparvam</lemma> in amicitia <hi
						rend="italics">add.</hi>
					<foreign xml:lang="grc">a</foreign>: inimicitiae <hi rend="italics">add.</hi>
					<foreign xml:lang="grc">g</foreign>: amicitiae <hi rend="italics">add.</hi>
					<foreign xml:lang="grc">b</foreign>: <hi rend="italics">ego delevi</hi></note>
				culpam relinquebas. <reg>itaque</reg> non solum in eum non animadvertisti sed omni
				metu liberavisti, hospitem agnovisti, regem reliquisti. <reg>neque</reg> enim ille
				odio tui progressus, sed errore communi lapsus est<note>progr. est <foreign
						xml:lang="grc">g</foreign></note>. <reg>is</reg> rex quem senatus hoc nomine
				saepe honorificentissimis decretis appellavisset, quique illum<note>quique cum illum
						<foreign xml:lang="grc">b</foreign></note> ordinem ab adulescentia
				gravissimum sanctissimumque duxisset, isdem rebus est perturbatus homo longinquus et
				alienigena quibus nos in media re publica nati semperque versati. <milestone n="4"
					unit="chapter"/><milestone n="11" unit="section"/><reg>cum</reg> audiret senatus
				consentientis auctoritate arma sumpta<note>sumpta esse <foreign xml:lang="grc"
						>g</foreign></note>, consulibus, praetoribus, tribunis plebis,
					nobis<note>nobis <hi rend="italics"><foreign xml:lang="grc">a</foreign>D</hi>:
					novis <hi rend="italics">BE<foreign xml:lang="grc">g</foreign></hi></note>
				imperatoribus rem publicam defendendam datam, movebatur animo et vir huic imperio
				amicissimus de salute populi Romani extimescebat, in qua etiam suam esse inclusam
				videbat. <reg>in</reg> summo tamen timore quiescendum esse<note>esse <foreign
						xml:lang="grc">ab</foreign>: ut sibi esset (-se <hi rend="italics">g</hi>)
						<foreign xml:lang="grc">g</foreign></note> arbitrabatur. <reg>maxime</reg>
				vero perturbatus est, ut audivit consules ex Italia profugisse, omnis<note>omnis <hi
						rend="italics"><foreign xml:lang="grc">a</foreign>g</hi>: omnisque <hi
						rend="italics"><foreign xml:lang="grc">b</foreign>a</hi>: omnis et <hi
						rend="italics">h</hi></note> consularis—sic enim ei
						nuntiabatur<note><lemma>ei nunt.</lemma> enunt. <foreign xml:lang="grc"
						>b</foreign></note>—cunctum senatum, totam Italiam effusam<note>esse effusam
						<foreign xml:lang="grc">b</foreign></note>. <reg>talibus</reg> enim nuntiis
				et rumoribus patebat ad orientem via nec ulli veri<note>nulli veri nuntii <foreign
						xml:lang="grc">g</foreign></note> subsequebantur. <reg>nihil</reg> ille de
				condicionibus tuis, nihil de studio concordiae et pacis, nihil de conspiratione
				audiebat certorum<note>certorum <hi rend="italics">HBDE1</hi>: ceterorum <hi
						rend="italics">AVE2<foreign xml:lang="grc">g</foreign></hi></note> hominum
				contra dignitatem tuam. <reg>quae</reg> cum ita essent, tamen usque eo se tenuit
				quoad a Cn. Pompeio legati ad eum<note>leg. ad eum <foreign xml:lang="grc"
						>a</foreign>: ad eum leg. <foreign xml:lang="grc">bg</foreign></note>
				litteraeque venerunt. <milestone n="12" unit="section"/><reg>ignosce</reg>, ignosce,
				Caesar, si eius viri auctoritati rex Deiotarus cessit quem<note>in quem <hi
						rend="italics">E2<foreign xml:lang="grc">g</foreign></hi> (<hi
						rend="italics">contra Arusian. K.</hi> vii. <hi rend="italics">p.</hi>
					461)</note> nos omnes secuti sumus; ad quem cum di atque homines omnia ornamenta
				congessissent, tum tu ipse plurima et maxima. <reg>nec</reg> enim<note>neque enim
						<foreign xml:lang="grc">b</foreign></note>, si tuae res gestae ceterorum
				laudibus obscuritatem attulerunt, idcirco Cn. Pompei memoriam amisimus.
					<reg>quantum</reg> nomen illius<note>eius <foreign xml:lang="grc"
					>b</foreign></note> fuerit, quantae opes, quanta in omni genere bellorum gloria,
				quanti honores populi Romani, quanti senatus, quanti tui, quis ignorat?
					<reg>tanto</reg><note>quanto... tanto <foreign xml:lang="grc">b</foreign> (<hi
						rend="italics">contra Serv. Aen.</hi> xi. 438)</note> ille superiores
				vicerat gloria quanto tu omnibus<note>omnibus <hi rend="italics">A<foreign
							xml:lang="grc">b</foreign></hi>: in omnibus <hi rend="italics"
							>VE2<foreign xml:lang="grc">g</foreign></hi>: omnia <hi rend="italics"
						>H</hi></note> praestitisti. <reg>itaque</reg> Cn. Pompei bella, victorias,
				triumphos, consulatus admirantes numerabamus: tuos enumerare non possumus.
					<milestone n="5" unit="chapter"/><milestone n="13" unit="section"/><reg>ad</reg>
				eum igitur rex Deiotarus venit hoc misero fatalique bello quem antea iustis
				hostilibusque bellis adiuverat, quocum erat non hospitio solum verum etiam
				familiaritate coniunctus, et venit vel rogatus ut amicus, vel arcessitus ut socius,
				vel evocatus<note>evocatus <foreign xml:lang="grc">g</foreign>: vocatus <foreign
						xml:lang="grc">ab</foreign></note> ut is qui senatui parere didicisset:
				postremo venit ut ad fugientem, non ut ad<note>non ut ad <hi rend="italics"><foreign
							xml:lang="grc">a</foreign>a</hi>: non ad <hi rend="italics"><foreign
							xml:lang="grc">b</foreign>h</hi>: non ut <hi rend="italics"
					>g</hi></note> insequentem, id est ad periculi<note>periculi <hi rend="italics"
							><foreign xml:lang="grc">a</foreign>BDa</hi>: -culum <hi rend="italics"
						>Egh</hi></note>, non ad victoriae societatem. <reg>itaque</reg> Pharsalico
				proelio facto a Pompeio discessit; spem infinitam persequi noluit; vel officio si
				quid debuerat, vel errori si quid nescierat, satis factum esse duxit; domum se
				contulit, teque Alexandrinum bellum gerente utilitatibus tuis paruit. <milestone
					n="14" unit="section"/><reg>ille</reg> exercitum Cn. Domiti, amplissimi viri,
				suis tectis et copiis sustentavit; ille Ephesum ad eum quem tu ex tuis
					fidelissimum<note>ex civibus fid. <foreign xml:lang="grc">g</foreign></note> et
					probatissimum<note>et probat. <hi rend="italics">om.</hi>
					<foreign xml:lang="grc">g</foreign> (et prob. omnibus <hi rend="italics">del.
						Garat.</hi>)</note> omnibus delegisti pecuniam misit; ille iterum, ille
				tertio auctionibus factis pecuniam dedit qua ad bellum uterere<note>uterere <hi
						rend="italics"><foreign xml:lang="grc">a</foreign>DE</hi>: -ris <hi
						rend="italics">B</hi>: -remini <foreign xml:lang="grc">g</foreign></note>;
				ille corpus suum periculo obiecit, tecumque in acie contra Pharnacem fuit tuumque
				hostem esse duxit suum. <reg>quae</reg> quidem a te in eam partem accepta sunt,
				Caesar, ut eum amplissimo regis honore et nomine adfeceris. <milestone n="15"
					unit="section"/></p>
			<p><reg>is</reg> igitur non modo a te periculo liberatus sed etiam honore amplissimo
				ornatus, arguitur domi te<note>te <hi rend="italics">hoc loco hab. <foreign
							xml:lang="grc">ab</foreign>, ante</hi> domi (domui a) <foreign
						xml:lang="grc">g</foreign>, <hi rend="italics">post</hi> suae <hi
						rend="italics">Cassiod.</hi> ii. 543, <hi rend="italics">Mart. Cap. Rhet. L.
						p.</hi> 468</note> suae interficere voluisse: quod tu, nisi eum
				furiosissimum iudicas<note>iudices <foreign xml:lang="grc">b</foreign></note>,
				suspicari profecto<note>prof. suspicari <foreign xml:lang="grc">g</foreign></note>
				non potes. Vt enim omittam cuius tanti sceleris fuerit in conspectu deorum penatium
				necare hospitem, cuius tantae importunitatis omnium gentium atque omnis memoriae
				clarissimum lumen exstinguere, cuius<note>cuius tantae a</note> ferocitatis victorem
				orbis terrae<note>terrae <foreign xml:lang="grc">a</foreign>: terrarum <foreign
						xml:lang="grc">bg</foreign></note> non extimescere, cuius tam inhumani et
				ingrati animi<note>animi <hi rend="italics">om.</hi>
					<foreign xml:lang="grc">a</foreign></note>, a quo rex appellatus esset, in eo
				tyrannum inveniri—ut haec omittam, cuius tanti furoris fuit omnis reges, quorum
				multi erant finitimi, omnis liberos populos<note>omnis socios, omnis lib. pop.
						<foreign xml:lang="grc">g</foreign></note>, omnis socios, omnis provincias,
				omnia denique omnium arma contra se unum excitare? <reg>quonam</reg><note>quonam <hi
						rend="italics">BDg</hi>: quoniam <hi rend="italics">C<foreign xml:lang="grc"
							>a</foreign>ah</hi>: quomodo <hi rend="italics">E</hi></note> ille modo
				cum regno, cum domo<note>cum domo <hi rend="italics">om.</hi>
					<foreign xml:lang="grc">g</foreign></note>, cum coniuge, cum
					carissimo<note>carissimo <hi rend="italics">C<foreign xml:lang="grc"
						>a</foreign>DE</hi>: clarissimo <hi rend="italics">B<foreign xml:lang="grc"
							>g</foreign></hi></note> filio distractus esset, tanto scelere non modo
				perfecto sed etiam cogitato? <milestone n="6" unit="chapter"/><milestone n="16"
					unit="section"/><reg>at</reg>, credo, haec homo inconsultus et temerarius non
				videbat. <reg>quis</reg> consideratior illo, quis tectior<note>tectior <hi
						rend="italics">C<foreign xml:lang="grc">a</foreign>D1</hi>: rectior <hi
						rend="italics">D2BE<foreign xml:lang="grc">g</foreign></hi></note>, quis
				prudentior? quamquam hoc loco Deiotarum non tam ingenio et prudentia quam fide et
				religione vitae defendendum puto. <reg>nota</reg> tibi est hominis probitas, C.
				Caesar, noti mores, nota constantia. <reg>cui</reg> porro qui modo populi Romani
				nomen audivit, Deiotari integritas, gravitas, virtus, fides non audita<note>sit
					audita <foreign xml:lang="grc">b</foreign></note> est? <reg>quod</reg> igitur
				facinus nec in hominem imprudentem<note>prudentem <hi rend="italics">C<foreign
							xml:lang="grc">a</foreign></hi></note> caderet<note>caderet <hi
						rend="italics">CHV<foreign xml:lang="grc">g</foreign></hi>: cadere <hi
						rend="italics">A</hi>: cadere posset <foreign xml:lang="grc"
					>b</foreign></note> propter metum praesentis exiti, nec in facinerosum, nisi
				esset idem amentissimus, id vos et a viro optimo et ab homine minime stulto
				cogitatum esse confingitis? <milestone n="17" unit="section"/><reg>at</reg> quam
					non<note>atque non <foreign xml:lang="grc">g</foreign></note> modo non
				credibiliter, sed ne suspiciose quidem! '<reg>cum</reg>' inquit<note>inquit <hi
						rend="italics">C<foreign xml:lang="grc">a</foreign></hi>: in castellum (<hi
						rend="italics">ex</hi> § 21) <hi rend="italics">add.</hi>
					<foreign xml:lang="grc">bg</foreign></note> 'Blucium<note>Blucium <hi
						rend="italics">Garat.</hi>: Reium <hi rend="italics">Wagner</hi>: Luceium
					(Lucc. <hi rend="italics">CH</hi>) <hi rend="italics">codd.</hi> (<hi
						rend="italics">cf. Strab.</hi> xii. 5. 2)</note> venisses et domum regis
				hospitis tui devertisses, locus erat quidam in quo erant ea composita quibus te rex
					munerari<note>munerari <hi rend="italics">C<foreign xml:lang="grc"
						>a</foreign></hi>: -rare <foreign xml:lang="grc">bg</foreign></note>
				constituerat. <reg>huc</reg> te e balneo<note>balineo <hi rend="italics">CA,
						ita</hi> § 21 <hi rend="italics">CA</hi> (<hi rend="italics">ter</hi>) <hi
						rend="italics">et</hi> § 42 <hi rend="italics">CH</hi></note>, prius quam
				accumberes, ducere volebat. <reg>erant</reg> enim<note>ibi enim erant <foreign
						xml:lang="grc">b</foreign></note> armati ut te<note>qui te <foreign
						xml:lang="grc">b</foreign></note> interficerent in eo ipso loco conlocati.'
					<reg>en</reg> crimen, en causa, cur regem fugitivus, dominum servus accuset.
					<reg>ego</reg> mehercules<note>mehercule <foreign xml:lang="grc">g</foreign>,
						<hi rend="italics">cf. Mil.</hi> 85</note>, Caesar, initio, cum est ad me
					ita<note>ita <hi rend="italics">Müller</hi>: ista <hi rend="italics"
					>codd.</hi></note> causa delata, Phidippum<note>Phidippum <foreign
						xml:lang="grc">b</foreign>: Philippum <hi rend="italics">C<foreign
							xml:lang="grc">ag</foreign></hi></note> medicum, servum regium, qui cum
				legatis missus esset, ab<note>ab ipso <foreign xml:lang="grc">b</foreign></note>
				isto adulescente esse corruptum, hac sum suspicione percussus<note>percussus <hi
						rend="italics">CHV<foreign xml:lang="grc">b</foreign>gh</hi>: perculsus <hi
						rend="italics">Aa</hi></note>: 'Medicum indicem subornavit;
					finget<note>fingit <hi rend="italics">gh</hi></note> videlicet aliquod crimen
				veneni.' <reg>etsi</reg> a veritate longe, tamen a consuetudine criminandi non
				multum res abhorrebat. <reg>quid</reg> ait medicus? <milestone n="18" unit="section"
					/><reg>nihil</reg> de veneno. <reg>at</reg> id fieri potuit primum<note>primo
						<foreign xml:lang="grc">b</foreign></note> occultius in potione, in
					cibo<note>vel in cibo <foreign xml:lang="grc">g</foreign>: <hi rend="italics"
						>del. Kayser</hi></note>; deinde etiam impunius fit quod, cum est
						factum<note><lemma>quod cum est factum</lemma> quicquid cum est <hi
						rend="italics">C<foreign xml:lang="grc">a</foreign></hi></note>, negari
				potest. <reg>si</reg> palam te interemisset, omnium in se gentium non solum odia sed
				etiam arma convertisset: si veneno, Iovis illius<note>illius a: illius quidem <hi
						rend="italics">cett.</hi>: ille quidem <hi rend="italics"
					>Ernesti</hi></note> hospitalis numen numquam celare potuisset, homines fortasse
				celasset. <reg>quod</reg> igitur et conari occultius et efficere cautius potuit, id
				tibi et medico callido et servo, ut putabat, fideli non credidit: de armis, de
				ferro, de insidiis celare te noluit? <reg>at</reg> quam festive crimen contexitur!
					<milestone n="19" unit="section"/>'<reg>tua</reg> te' inquit 'eadem
					quae<note>quae semper <foreign xml:lang="grc">b</foreign></note> saepe fortuna
				servavit: negavisti tum te inspicere velle.' <milestone n="7" unit="chapter"
					/><reg>quid</reg> postea? an Deiotarus, re illo tempore non perfecta<note>re
					illo... perfecta <hi rend="italics">C<foreign xml:lang="grc">a</foreign>BD</hi>:
					rex illo... perfecta re <hi rend="italics">E<foreign xml:lang="grc"
						>g</foreign></hi></note>, continuo dimisit exercitum? nullus erat alius
				insidiandi locus? <reg>at</reg> eodem te, cum cenavisses, rediturum dixeras, itaque
				fecisti. Horam unam aut duas eodem loco armatos, ut conlocati fuerant,
					retineri<note>retineri <hi rend="italics">CA</hi>: retine <hi rend="italics"
						>H</hi>: retinere <hi rend="italics">cett.</hi></note> magnum fuit?
					<reg>cum</reg> in convivio comiter et iucunde fuisses, tum
						illuc<note><lemma>illuc</lemma> illuc istum <hi rend="italics">C1</hi>:
					istum illuc <hi rend="italics">H</hi></note> isti, ut dixeras: quo in loco
				Deiotarum talem erga te cognovisti qualis rex Attalus in P. Africanum fuit, cui
				magnificentissima dona, ut scriptum legimus, usque ad Numantiam misit ex Asia, quae
					Africanus<note>P. Afr. <hi rend="italics">C<foreign xml:lang="grc"
						>a</foreign></hi></note> inspectante exercitu accepit. <reg>quod</reg> cum
				praesens Deiotarus regio<note>regio <hi rend="italics">gh</hi>: et <hi
						rend="italics">C<foreign xml:lang="grc">a</foreign></hi>: et regio a: regio
					et <foreign xml:lang="grc">b</foreign></note> animo et more fecisset, tu in
				cubiculum discessisti. <milestone n="20" unit="section"/><reg>obsecro</reg>, Caesar,
				repete illius temporis memoriam, pone ante oculos<note>illum ante oculos <foreign
						xml:lang="grc">b</foreign></note> illum diem, voltus hominum te intuentium
				atque admirantium recordare. <reg>num</reg> quae trepidatio, num qui<note>quae (qua
					a)... qui <hi rend="italics">CH<foreign xml:lang="grc">b</foreign>a</hi>:
					quid... quid <hi rend="italics">AVg</hi>: ei quã... quid <hi rend="italics"
						>h</hi> (quid trepidationis <hi rend="italics">coni Halm</hi>)</note>
				tumultus, num quid nisi modeste<note>modeste <foreign xml:lang="grc">b</foreign>:
					modo <hi rend="italics">C<foreign xml:lang="grc">a</foreign></hi>: moderate
						<foreign xml:lang="grc">g</foreign></note>, nisi quiete, nisi ex hominis
				gravissimi et sanctissimi disciplina? <reg>quid</reg> igitur causae excogitari
				potest cur te lautum voluerit, cenatum noluerit occidere? <milestone n="21"
					unit="section"/>'<reg>in</reg> posterum' inquit 'diem distulit ut, cum in
						castellum<note><lemma>castellum</lemma> Luceium (Lucc. <hi rend="italics"
						>H</hi>) <hi rend="italics">add. codd., ego delevi, cf.</hi> § 17</note>
				ventum esset, ibi cogitata perficeret.' <reg>non</reg> video causam loci
					mutandi<note>mut. loci <foreign xml:lang="grc">b</foreign></note>, sed tamen
				acta res criminose est. '<reg>cum</reg>' inquit 'vomere post cenam te velle
				dixisses, in balneum te ducere coeperunt: ibi enim erant insidiae. <reg>at</reg> te
				eadem tua<note>eadem tua <hi rend="italics">C<foreign xml:lang="grc"
						>ab</foreign></hi>: illa tua <hi rend="italics">g</hi>: eadem tua illa <hi
						rend="italics">ah</hi></note> fortuna servavit: in cubiculo<note>in
					cubiculum (-lo <hi rend="italics">D1</hi>) te ire malle <foreign xml:lang="grc"
						>b</foreign>a</note> malle dixisti.' <reg>di</reg> te perduint<note>perduint
						<hi rend="italics">BD</hi>: -dunt <hi rend="italics">CHVE</hi>: -dent <hi
						rend="italics">A</hi>: -dant <foreign xml:lang="grc">g</foreign></note>,
				fugitive! ita non<note>non ita <hi rend="italics">C<foreign xml:lang="grc"
							>a</foreign></hi></note> modo nihili et<note>nihili et <hi
						rend="italics">scripsi</hi>: nihil sed <hi rend="italics">D1</hi>: nequam et
						<hi rend="italics">D2<foreign xml:lang="grc">g</foreign></hi>: <hi
						rend="italics">om. <foreign xml:lang="grc">a</foreign>BE</hi></note>
				improbus, sed fatuus et<note>improbus et fatuus, sed etiam (eiam <hi rend="italics"
						>D1</hi>) amens <foreign xml:lang="grc">b</foreign></note> amens es.
					<reg>quid</reg>? ille signa aenea in balneo<note>in balneo <foreign
						xml:lang="grc">a</foreign>: in insidiis (in <hi rend="italics">sup. lin. in
							<foreign xml:lang="grc">b</foreign></hi>) <foreign xml:lang="grc"
						>bg</foreign></note> posuerat, quae e balneo in cubiculum
					transire<note>transire (-ent <hi rend="italics">AV</hi>) <hi rend="italics"
							>C<foreign xml:lang="grc">a</foreign>gh</hi>: transferri <foreign
						xml:lang="grc">b</foreign>a</note> non possent? <reg>habes</reg> crimina
				insidiarum: nihil enim dixit amplius. 'Horum' inquit 'eram conscius.'
					<reg>quid</reg> tum? ita ille demens erat ut eum quem conscium tanti sceleris
					habebat<note>haberet <foreign xml:lang="grc">g</foreign></note> ab<note>ab <hi
						rend="italics">C<foreign xml:lang="grc">a</foreign></hi>: a <foreign
						xml:lang="grc">bg</foreign></note> se dimitteret, Romam etiam mitteret ubi
				et inimicissimum sciret esse nepotem suum et C. Caesarem cui fecisset insidias,
				praesertim cum is unus esset qui posset de absente se indicare<note>indicare <hi
						rend="italics">Victorius</hi>: iud. <hi rend="italics">CAV</hi>: uind. <hi
						rend="italics"><foreign xml:lang="grc">b</foreign>ah</hi>: diud. <hi
						rend="italics">H</hi></note>? <milestone n="22" unit="section"
					/>'<reg>et</reg> fratres meos,' inquit, 'quod erant conscii, in
					vincla<note>vincla <hi rend="italics">C<foreign xml:lang="grc"
					>a</foreign>D</hi>: vincula <hi rend="italics">cett.</hi> (<hi rend="italics"
						>ita l.</hi> 14)</note> coniecit<note>coegit <hi rend="italics">C<foreign
							xml:lang="grc">a</foreign></hi></note>.' <reg>cum</reg> igitur eos
				vinciret quos secum habebat, te solutum Romam mittebat qui eadem scires quae illos
				scire dicis? <milestone n="8" unit="chapter"/></p>
			<p><reg>reliqua</reg> pars accusationis duplex fuit: una regem in speculis semper
					fuisse<note>in spec. semp. fu. <hi rend="italics">C<foreign xml:lang="grc"
							>a</foreign>h</hi>: in spec. fu. semp. <hi rend="italics">ag</hi>: semp.
					in spec. fu. <foreign xml:lang="grc">b</foreign></note>, cum a te animo
					esset<note>esset animo <foreign xml:lang="grc">b</foreign></note> alieno, altera
				exercitum eum contra te magnum comparasse. <reg>de</reg> exercitu dicam breviter, ut
				cetera. <reg>numquam</reg> eas copias rex Deiotarus habuit quibus inferre bellum
				populo Romano posset, sed quibus finis suos ab excursionibus et
					latrociniis<note>latroc. hostium <foreign xml:lang="grc">g</foreign></note>
				tueretur et imperatoribus nostris auxilia mitteret. <reg>atque</reg> antea quidem
				maiores copias alere poterat; nunc exiguas vix tueri potest. <milestone n="23"
					unit="section"/><reg>at</reg> misit ad nescio quem Caecilium<note>ad Caec.
					nescio quem <foreign xml:lang="grc">b</foreign></note>: sed eos quos misit, quod
				ire noluerunt, in vincla coniecit. <reg>non</reg> quaero quam veri simile
					sit<note>non sit <foreign xml:lang="grc">g</foreign> veri simile sit aut]
					verissiles itaut <hi rend="italics">C</hi>: veris si lesit aut <hi
						rend="italics">H</hi>: simile sit veri <hi rend="italics">A</hi></note> aut
					non<note>non <hi rend="italics">ante</hi> habuisse <hi rend="italics">del.
						Cardenus</hi></note> habuisse regem quos<note>quos misisset <foreign
						xml:lang="grc">b</foreign></note> mitteret aut eos qui missi essent non
				paruisse, aut, qui dicto audientes<note>audientes <hi rend="italics">C<foreign
							xml:lang="grc">a</foreign>Dag</hi>: obaud. <hi rend="italics">h</hi>:
					obed. <hi rend="italics">BE</hi></note> in tanta re non fuissent, eos vinctos
				potius quam necatos. <reg>sed</reg> tamen cum ad Caecilium mittebat, utrum causam
				illam victam esse nesciebat an Caecilium istum magnum hominem putabat? quem profecto
				is qui optime nostros homines novit vel quia non nosset vel si nosset, contemneret.
					<milestone n="24" unit="section"/><reg>addit</reg> etiam illud, equites non
				optimos misisse. <reg>credo</reg><note>credo <hi rend="italics">gh</hi>: veteris
					credo (-es. Credo a) <hi rend="italics">C<foreign xml:lang="grc"
						>ab</foreign>a</hi> (<hi rend="italics">voc.</hi> veteris <hi rend="italics"
						>ex</hi> veri <hi rend="italics">l.</hi> 15 <hi rend="italics">repetitum
						videtur</hi>)</note>, Caesar, nihil ad tuum equitatum, sed misit ex eis quos
				habuit electos. <reg>ait</reg><note>ait etiam <hi rend="italics">C<foreign
							xml:lang="grc">a</foreign>a</hi></note> nescio quem ex eo numero servum
				iudicatum. <reg>non</reg> arbitror, non audivi: sed in eo, etiam si accidisset,
				culpam regis nullam fuisse arbitrarer. <milestone n="9" unit="chapter"/></p>
			<p><reg>alieno</reg> autem a te animo quo modo<note>fuit <hi rend="italics">ante</hi>
					quo modo (quia a) <hi rend="italics">add.</hi>
					<foreign xml:lang="grc">g</foreign></note>? <reg>speravit</reg>, credo,
				difficilis tibi Alexandreae<note>Alexandriae <hi rend="italics">mei</hi></note> fore
				exitus propter regionum naturam et fluminis. <reg>at</reg> eo tempore ipso pecuniam
				dedit, exercitum aluit, ei<note>ei <hi rend="italics">om.</hi>
					<foreign xml:lang="grc">b</foreign></note> quem Asiae praefeceras nulla
					in<note>in <hi rend="italics">om.</hi>
					<foreign xml:lang="grc">b</foreign></note> re defuit; tibi victori non solum ad
				hospitium sed ad periculum etiam atque ad<note>etiam atque ad (ad <hi rend="italics"
						>om. V</hi>) aciem <hi rend="italics">CHVag</hi>: etiam atque etiam <hi
						rend="italics">A</hi>: etiam <hi rend="italics">et</hi> ad <hi
						rend="italics">om.</hi>
					<foreign xml:lang="grc">b</foreign></note> aciem praesto fuit. <milestone n="25"
					unit="section"/><reg>secutum</reg> bellum est Africanum. <reg>graves</reg> de te
					rumores<note>rumores sparsi <hi rend="italics">E2<foreign xml:lang="grc"
							>g</foreign></hi></note>, qui etiam furiosum illum Caecilium
				excitaverunt. <reg>quo</reg> tum rex animo<note>animo <hi rend="italics">C<foreign
							xml:lang="grc">a</foreign></hi>: fuit <hi rend="italics">add.</hi>
					<foreign xml:lang="grc">b</foreign>: erga te fuit <hi rend="italics">add.</hi>
					<foreign xml:lang="grc">g</foreign></note>, qui auctionatus sit seseque
					spoliare<note>spoliare <hi rend="italics">CH<foreign xml:lang="grc"
						>b</foreign></hi>: exspol. <hi rend="italics">AVa</hi></note> maluerit quam
				tibi pecuniam non subministrare. '<reg>at</reg> eo' inquit 'tempore ipso Nicaeam
				Ephesumque mittebat qui rumores Africanos exciperent et celeriter ad se referrent.
					<reg>itaque</reg> cum esset ei nuntiatum Domitium naufragio perisse, te in
				castello circumsederi, de Domitio dixit versum Graecum eadem sententia qua etiam nos
				habemus Latinum: </p>
			<p><reg>pereant</reg> amici, dum inimici una intercidant.' <reg>quod</reg> ille, si tibi
					esset<note>tibi esset <hi rend="italics">C<foreign xml:lang="grc"
						>a</foreign></hi>: esset tibi <foreign xml:lang="grc">bg</foreign></note>
				inimicissimus, numquam tamen dixisset: ipse enim mansuetus, versus immanis.
					<reg>qui</reg> autem Domitio poterat esse amicus, qui tibi esset inimicus?
					<reg>tibi</reg> porro inimicus cur esset a quo, cum vel interfici belli lege
						potuisset<note><lemma>potuisset</lemma> et inposuisset <hi rend="italics"
						>C</hi>: et potuisset <hi rend="italics">H</hi>: <hi rend="italics"
						>fort.</hi> et iure potuisset</note>, regem et se et filium suum constitutos
				esse meminisset? <milestone n="26" unit="section"/><reg>quid</reg> deinde? furcifer
				quo progreditur? <reg>ait</reg> hac laetitia Deiotarum elatum vino se obruisse in
				convivioque nudum<note>in convivio nudumque <hi rend="italics">AV</hi></note>
					saltavisse<note>se salt. <hi rend="italics">C</hi></note>. <reg>quae</reg> crux
				huic fugitivo potest satis supplici adferre? Deiotarum saltantem quisquam aut ebrium
				vidit umquam? <reg>omnes</reg> sunt in illo<note>in illo sunt <foreign
						xml:lang="grc">b</foreign> regiae a</note> rege virtutes, quod te, Caesar,
				ignorare non arbitror, sed praecipue singularis et admiranda frugalitas: etsi hoc
				verbo scio laudari reges<note>reges <hi rend="italics">CHV<foreign xml:lang="grc"
							>g</foreign></hi>: regem <hi rend="italics">A<foreign xml:lang="grc"
							>b</foreign></hi></note> non solere. Frugi hominem dici non multum habet
				laudis in rege: fortem, iustum, severum, gravem, magni animi<note>magni animi <hi
						rend="italics">C<foreign xml:lang="grc">a</foreign>BD</hi>: magnianimum
						<foreign xml:lang="grc">s</foreign>: magnanimum <hi rend="italics"
					>Eh</hi></note>, largum, beneficum, liberalem: hae<note>hae <hi rend="italics"
							>CAV<foreign xml:lang="grc">b</foreign>h</hi>: haec <hi rend="italics"
						>Hag</hi> (<hi rend="italics">cf. Phil.</hi> v. 8)</note> sunt regiae
				laudes, illa privata est. Vt volet quisque, accipiat: ego tamen frugalitatem, id est
				modestiam et temperantiam, virtutem maximam iudico. <reg>haec</reg> in illo est ab
				ineunte aetate<note><lemma>aetate</lemma>
					<hi rend="italics">hic defic. gh</hi> (<hi rend="italics">ex hoc loc.</hi>
					<foreign xml:lang="grc">g</foreign> = a<foreign xml:lang="grc"
					>s</foreign>)</note> cum a cuncta Asia, cum a magistratibus legatisque nostris,
				tum ab equitibus Romanis qui in Asia negotiati sunt perspecta et cognita. <milestone
					n="27" unit="section"/><reg>multis</reg> ille quidem<note>ille quidem <hi
						rend="italics">CH<foreign xml:lang="grc">s</foreign></hi>: quidem ille <hi
						rend="italics">AV<foreign xml:lang="grc">b</foreign>a</hi></note> gradibus
				officiorum erga rem publicam nostram ad hoc regium nomen ascendit; sed tamen
				quicquid a bellis populi Romani vacabat, cum hominibus nostris consuetudines,
				amicitias, res rationesque<note>amicitias res rationes <hi rend="italics">om.
							C<foreign xml:lang="grc">a</foreign></hi></note> iungebat, ut non solum
				tetrarches nobilis sed etiam<note>etiam <hi rend="italics"><foreign xml:lang="grc"
							>b</foreign>a</hi>: <hi rend="italics">om. C<foreign xml:lang="grc"
							>as</foreign></hi></note> optimus pater familias et
						diligentissimus<note><lemma>et dil.</lemma> dil. <hi rend="italics"
							>C<foreign xml:lang="grc">a</foreign></hi></note> agricola et pecuarius
				haberetur. <reg>qui</reg> igitur adulescens nondum tanta gloria praeditus nihil
				umquam nisi severissime et gravissime fecerit, is ea existimatione eaque aetate
				saltavit? <milestone n="10" unit="chapter"/><milestone n="28" unit="section"
					/><reg>imitari</reg>, Castor, potius avi mores disciplinamque debebas quam
				optimo et clarissimo viro fugitivi ore male dicere. <reg>quod</reg> si saltatorem
				avum habuisses neque eum virum unde pudoris pudicitiaeque exempla peterentur, tamen
				hoc maledictum minime in illam aetatem conveniret. <reg>quibus</reg> ille studiis ab
				ineunte aetate se imbuerat, non saltandi, sed bene ut armis, optime ut equis
				uteretur, ea tamen illum cuncta<note>cuncta <hi rend="italics">om. C<foreign
							xml:lang="grc">a</foreign></hi></note> iam aetate<note>aetate <hi
						rend="italics">C<foreign xml:lang="grc">a</foreign></hi>: exacta aetate <hi
						rend="italics">BD<foreign xml:lang="grc">g</foreign></hi>: exacta <hi
						rend="italics">E</hi></note> defecerant. <reg>itaque</reg> Deiotarum cum
				plures in equum sustulissent, quod haerere in eo senex posset, admirari solebamus:
				hic vero adulescens qui meus in Cilicia miles, in Graecia commilito fuit, cum in
				illo nostro exercitu equitaret cum suis delectis equitibus quos una cum eo ad
				Pompeium pater miserat, quos concursus facere solebat, quam se iactare, quam
				ostentare, quam nemini in illa causa studio et cupiditate concedere! <milestone
					n="29" unit="section"/><reg>tum</reg><note>tum <hi rend="italics">scripsi</hi>:
					cum <hi rend="italics">codd.</hi></note> vero exercitu amisso ego, qui pacis
				semper auctor<note>auctor <hi rend="italics">C<foreign xml:lang="grc"
						>as</foreign></hi>: auctor fui <hi rend="italics">BDa</hi></note>, post
				Pharsalicum autem<note>autem <hi rend="italics">om. BE</hi></note>
					proelium<note>post Pharsal. aut. proelium <hi rend="italics">del.
					Ernesti</hi></note> suasor fuissem armorum non ponendorum<note>ponendorum <hi
						rend="italics">C<foreign xml:lang="grc">a</foreign>a</hi>: depon. <foreign
						xml:lang="grc">bs</foreign></note>, sed abiciendorum, hunc ad meam
				auctoritatem non potui adducere, quod et ipse<note>ipsius <foreign xml:lang="grc"
						>b</foreign></note> ardebat studio illius belli et patri satis
					faciendum<note>faciendum <hi rend="italics">C<foreign xml:lang="grc"
						>a</foreign>a</hi>: fac. esse <foreign xml:lang="grc">bs</foreign></note>
				arbitrabatur. <reg>felix</reg> ista domus quae non impunitatem solum adepta sit sed
				etiam accusandi<note>accus. etiam <foreign xml:lang="grc">b</foreign></note>
				licentiam: calamitosus Deiotarus qui et ab eo qui in isdem<note>eisdem <hi
						rend="italics">C<foreign xml:lang="grc">a</foreign></hi></note> castris
				fuerit, et<note>et <hi rend="italics">ante</hi> non modo <hi rend="italics">om.</hi>
					<foreign xml:lang="grc">b</foreign></note> non modo apud te sed etiam<note>non
					modo apud te sed etiam <hi rend="italics">del. Halm</hi></note> a suis
				accusetur! <reg>vos</reg> vestra secunda fortuna, Castor<note>Castor <hi
						rend="italics">om. AV</hi></note>, non potestis sine propinquorum calamitate
				esse contenti? <milestone n="11" unit="chapter"/><milestone n="30" unit="section"
				/></p>
			<p><reg>sint</reg> sane inimicitiae, quae esse non debebant—rex enim Deiotarus vestram
				familiam abiectam et obscuram e tenebris in lucem evocavit: quis tuum patrem
					ante<note>ante <hi rend="italics">C<foreign xml:lang="grc">a</foreign>a</hi>:
					antea <foreign xml:lang="grc">bs</foreign></note> quis esset quam cuius
					gener<note>gener <hi rend="italics">C2AV<foreign xml:lang="grc"
					>g</foreign></hi>: genere <hi rend="italics">C1H<foreign xml:lang="grc"
							>b</foreign></hi></note> esset audivit?—sed quamvis ingrate et impie
				necessitudinis nomen repudiaretis<note>repudiaretis (<hi rend="italics">ex</hi>
					-itis <hi rend="italics">D</hi>) <foreign xml:lang="grc">b</foreign>: -ritis <hi
						rend="italics">C<foreign xml:lang="grc">ag</foreign></hi></note>, tamen
				inimicitias hominum more gerere poteratis, non ficto crimine insectari, non expetere
				vitam, non capitis arcessere. <reg>esto</reg>: concedatur haec quoque
					acerbitatis<note>acerbitatis <hi rend="italics">CHV<foreign xml:lang="grc"
							>b</foreign>a</hi>: acerbitas <hi rend="italics">A<foreign
							xml:lang="grc">s</foreign></hi></note> et odi magnitudo: adeone ut omnia
				vitae salutisque communis atque etiam humanitatis iura violentur? <reg>servum</reg>
				sollicitare verbis, spe promissisque corrumpere, abducere<note>abducere <hi
						rend="italics">C<foreign xml:lang="grc">a</foreign>a</hi>: adducere <foreign
						xml:lang="grc">bs</foreign></note> domum, contra dominum armare, hoc est non
				uni propinquo, sed omnibus familiis nefarium bellum indicere. <reg>nam</reg> ista
				corruptela servi si non modo impunita fuerit sed etiam a tanta auctoritate
				approbata, nulli parietes nostram salutem, nullae leges, nulla iura custodient. Vbi
				enim id quod intus est atque nostrum impune evolare potest contraque nos pugnare,
				fit in dominatu servitus, in servitute<note>in serv. <foreign xml:lang="grc"
						>bs</foreign>: et in serv. <hi rend="italics">C<foreign xml:lang="grc"
							>a</foreign>a</hi></note> dominatus. <milestone n="31" unit="section"/>O
				tempora, o mores! Cn. Domitius ille quem nos pueri consulem, censorem, pontificem
				maximum vidimus, cum tribunus plebis M. Scaurum principem civitatis in iudicium
				populi vocavisset Scaurique servus ad eum clam domum venisset et crimina in dominum
				delaturum se esse dixisset, prendi<note>prendi <hi rend="italics">C<foreign
							xml:lang="grc">a</foreign>a</hi>: apprehendi (adprendi <hi
						rend="italics">D</hi>) <foreign xml:lang="grc">bs</foreign></note> hominem
				iussit ad Scaurumque deduci. <reg>vide</reg> quid intersit, etsi inique Castorem cum
				Domitio comparo<note>comparo <foreign xml:lang="grc">bs</foreign>
					<hi rend="italics">e<foreign xml:lang="grc">i</foreign> Priscian. K.</hi> ii.
					239: confero <hi rend="italics">C<foreign xml:lang="grc"
					>a</foreign>a</hi></note>: sed tamen ille inimico servum remisit, tu ab avo
				abduxisti; ille incorruptum audire noluit, tu corrupisti; ille adiutorem servum
				contra dominum repudiavit, tu etiam accusatorem adhibuisti. <reg>at</reg> semel iste
				est corruptus<note>iste est corr. <hi rend="italics">CH<foreign xml:lang="grc"
							>bs</foreign></hi>: est corr. iste <hi rend="italics">AVa</hi></note> a
				vobis. <milestone n="32" unit="section"/><reg>nonne</reg>, cum esset
					perductus<note>perductus <hi rend="italics">C<foreign xml:lang="grc"
							>a</foreign>D<foreign xml:lang="grc">g</foreign></hi>: productus <hi
						rend="italics">BE</hi></note> et cum tecum fuisset, refugit ad legatos?
				nonne ad hunc Cn. Domitium venit? nonne audiente hoc Ser. Sulpicio, clarissimo viro,
				qui tum casu apud Domitium cenabat, et hoc T. Torquato, optimo adulescente, se a te
				corruptum, tuis promissis in fraudem impulsum esse confessus est? <milestone n="12"
					unit="chapter"/><reg>quae</reg> est ista tam impotens<note>tam impudens <hi
						rend="italics">BE</hi></note>, tam crudelis, tam immoderata inhumanitas?
					<reg>idcirco</reg> in hanc urbem venisti ut huius urbis iura et exempla
				corrumperes domesticaque immanitate<note>inhumanitate <hi rend="italics"
					>BE</hi></note> nostrae civitatis humanitatem inquinares? <milestone n="33"
					unit="section"/></p>
			<p><reg>at</reg> quam acute conlecta crimina! 'Blesamius' inquit, —eius enim nomine,
				optimi viri<note>nomine optimi viri <hi rend="italics">H, Prisc. K.</hi> iii. 325:
					hominis nom. opt. viri <hi rend="italics">CAV</hi>: nom. opt. hominis <foreign
						xml:lang="grc">b</foreign>: nom. viri opt. <foreign xml:lang="grc"
						>g</foreign></note> nec tibi ignoti, male dicebat tibi—'ad regem'
					inquit<note>inquit <hi rend="italics">om. unus cod. Halmii</hi> (<hi
						rend="italics">cf. Phil.</hi> viii. 27) in invidia esse <hi rend="italics"
							>C<foreign xml:lang="grc">a</foreign>Da</hi> (in <hi rend="italics">om.
						AD</hi>): invidiose <hi rend="italics">BE</hi></note> 'scribere solebat te
				in invidia esse, tyrannum existimari, statua inter reges posita animos hominum
				vehementer offensos, plaudi tibi non solere.' <reg>nonne</reg> intellegis, Caesar,
				ex urbanis malevolorum sermunculis haec ab istis esse conlecta? Blesamius tyrannum
				Caesarem scriberet? <reg>multorum</reg> enim capita civium viderat, multos iussu
				Caesaris vexatos, verberatos, necatos, multas adflictas et eversas domos, armatis
				militibus refertum forum! <reg>quae</reg> semper in civili victoria sensimus, ea te
				victore non vidimus. <milestone n="34" unit="section"/><reg>solus</reg>, inquam, es,
				C. Caesar, cuius in<note>solus... cuius in <hi rend="italics">om. C<foreign
							xml:lang="grc">a</foreign></hi></note> victoria ceciderit nemo nisi
				armatus. <reg>et</reg> quem nos liberi<note>liberi <hi rend="italics">om.
					H</hi></note> in summa populi Romani<note>populi Romani <hi rend="italics">del.
						Halm</hi></note> libertate nati non modo non tyrannum sed etiam
				clementissimum in victoria ducimus<note>ducimus <hi rend="italics">C<foreign
							xml:lang="grc">ag</foreign></hi>: ducem vidimus <hi rend="italics"
						>E</hi>: vidimus ducem <hi rend="italics">BD</hi></note>, is Blesamio qui
				vivit in regno tyrannus videri potest? <reg>nam</reg> de statua quis queritur, una
				praesertim, cum tam multas videat? <reg>valde</reg> enim invidendum est eius statuis
				cuius tropaeis non invidemus<note>invidimus <foreign xml:lang="grc"
					>b</foreign></note>. <reg>nam</reg> si locus adfert invidiam, nullus
					est<note>est <hi rend="italics">C<foreign xml:lang="grc">as</foreign></hi>:
					locus est <hi rend="italics"><foreign xml:lang="grc">b</foreign>a</hi></note> ad
				statuam quidem rostris clarior. <reg>de</reg> plausu autem quid respondeam? qui nec
				desideratus umquam in te<note>in te <hi rend="italics">C<foreign xml:lang="grc"
							>a</foreign></hi>: a te <foreign xml:lang="grc">bg</foreign></note> est
				et non numquam obstupefactis hominibus ipsa admiratione compressus est et fortasse
				eo praetermissus quia nihil volgare te dignum videri potest. <milestone n="13"
					unit="chapter"/><milestone n="35" unit="section"/></p>
			<p><reg>nihil</reg> a me arbitror praeteritum<note>praeteritum <hi rend="italics"
							>C<foreign xml:lang="grc">a</foreign>a</hi>: praetermissum <foreign
						xml:lang="grc">bs</foreign></note>, sed aliquid ad extremam partem
					causae<note>extremam partem causae <hi rend="italics">CH</hi>: extremum causae
						<hi rend="italics">AVa</hi>: extremam (-um <foreign xml:lang="grc"
						>s</foreign>) causae partem <foreign xml:lang="grc">bs</foreign></note>
				reservatum. <reg>id</reg> autem aliquid <add>quid</add><note>aliquid quid <hi
						rend="italics">scripsi</hi> (<hi rend="italics">cf. Lig.</hi> 22): aliquid
						<hi rend="italics">codd.</hi>: quid <hi rend="italics">Halm</hi></note> est?
				te ut plane Deiotaro reconciliet<note>conciliet <hi rend="italics">CH</hi></note>
				oratio mea. <reg>non</reg> enim iam metuo ne illi tu suscenseas; illud vereor ne
				tibi illum suscensere aliquid suspicere: quod abest longissime, mihi crede, Caesar.
					<reg>quid</reg> enim retineat per te meminit, non quid amiserit; neque se a te
				multatum arbitratur, sed, cum existimares<note>existimaret <hi rend="italics"
						>CH</hi>: existimarer <hi rend="italics">A</hi></note> multis tibi multa
				esse tribuenda, quo minus a se qui<note>a se qui <hi rend="italics">H</hi>: assequi
						<hi rend="italics">cett.</hi> (<hi rend="italics">C</hi>)</note> in altera
				parte fuisset<note>fuisset <hi rend="italics">C<foreign xml:lang="grc"
						>as</foreign></hi>: potuisset <foreign xml:lang="grc">b</foreign>a</note> ea
				sumeres non recusavit. <milestone n="36" unit="section"/><reg>etenim</reg> si
				Antiochus Magnus ille, rex Asiae, cum, postea quam<note>cum postea quam <hi
						rend="italics">CAV<foreign xml:lang="grc">b</foreign>a</hi>: cum postea <hi
						rend="italics">H</hi>: qui postquam <foreign xml:lang="grc"
					>s</foreign></note> a L. Scipione<note>L. <hi rend="italics">om. C1<foreign
							xml:lang="grc">b</foreign></hi> devictus est <hi rend="italics"
						>Lambin.</hi></note> devictus Tauro tenus regnare iussus est<note>est <hi
						rend="italics">C<foreign xml:lang="grc">a</foreign>D<foreign xml:lang="grc"
							>g</foreign></hi>: esset <hi rend="italics">BE</hi></note>,
					omnem<note>omnem <hi rend="italics">Garatoni</hi>: omnemque <hi rend="italics"
						>codd.</hi></note> hanc Asiam quae est nunc nostra provincia amisisset,
				dicere est solitus benigne sibi a populo Romano esse factum, quod nimis magna
				procuratione liberatus modicis regni terminis uteretur, potest multo facilius
					hoc<note>hoc <hi rend="italics">C<foreign xml:lang="grc">a</foreign>a</hi>: <hi
						rend="italics">om. <foreign xml:lang="grc">bs</foreign></hi></note> se
				Deiotarus consolari. <reg>ille</reg> enim furoris multam sustulerat<note>sustulerat
						<hi rend="italics">CH</hi>: distulerat <hi rend="italics">AV</hi>:
					sustinuerat <hi rend="italics"><foreign xml:lang="grc">b</foreign>a</hi>:
					subierat <foreign xml:lang="grc">s</foreign></note>, hic erroris.
					<reg>omnia</reg> tu Deiotaro, Caesar, tribuisti, cum et ipsi et filio nomen
				regium concessisti. <reg>hoc</reg> nomine retento atque servato nullum beneficium
				populi Romani, nullum iudicium de se senatus imminutum putat. Magno animo et erecto
				est, nec umquam succumbet inimicis, ne fortunae quidem. <milestone n="37"
					unit="section"/><reg>multa</reg> se arbitratur et peperisse<note>et reperisse
						<foreign xml:lang="grc">b</foreign></note> ante factis et habere in animo
				atque virtute, quae nullo modo possit amittere. <reg>quae</reg> enim fortuna aut
				quis casus aut quae tanta possit iniuria omnium imperatorum de Deiotaro decreta
				delere? <reg>ab</reg> omnibus est enim is ornatus<note>est enim is orn. <hi
						rend="italics">C<foreign xml:lang="grc">a</foreign>a</hi>: enim his orn. est
						<foreign xml:lang="grc">s</foreign>: enim est orn. <foreign xml:lang="grc"
						>b</foreign></note> qui, postea quam in castris esse potuit per aetatem, in
				Asia, Cappadocia, Ponto, Cilicia, Syria bella gesserunt: senatus vero iudicia de
				illo tam multa tamque honorifica, quae publicis populi Romani litteris monumentisque
				consignata sunt, quae umquam vetustas obruet aut quae tanta delebit oblivio?
					<reg>quid</reg> de virtute eius dicam, de magnitudine animi, gravitate,
				constantia? quae omnes docti atque sapientes summa, quidam etiam bona sola<note>bona
					sola <hi rend="italics">C<foreign xml:lang="grc">a</foreign>a</hi>: sola bona
						<foreign xml:lang="grc">bs</foreign> eisque <hi rend="italics">Nohl</hi>:
					isque (hisque) <hi rend="italics">codd.</hi></note> esse dixerunt, eisque non
				modo ad bene sed etiam ad beate vivendum contentam esse virtutem. <milestone n="38"
					unit="section"/><reg>haec</reg> ille reputans et dies noctesque cogitans non
				modo tibi non suscenset—esset enim non solum ingratus sed etiam amens—, verum omnem
				tranquillitatem et quietem senectutis refert acceptam<note>accept. refert <foreign
						xml:lang="grc">b</foreign></note> clementiae tuae. <milestone n="14"
					unit="chapter"/><reg>quo</reg> quidem animo cum antea fuit, tum non dubito quin
				tuis litteris, quarum exemplum legi, quas ad eum Tarracone huic Blesamio dedisti, se
				magis etiam erexerit ab omnique sollicitudine abstraxerit. <reg>iubes</reg> enim eum
				bene sperare et bono esse animo, quod scio te non frustra scribere solere.
					<reg>memini</reg> enim isdem fere verbis ad me te scribere meque tuis litteris
				bene sperare non frustra esse iussum. <milestone n="39" unit="section"
					/><reg>laboro</reg> equidem regis Deiotari causa quocum mihi amicitiam res
				publica conciliavit, hospitium voluntas utriusque coniunxit, familiaritatem
				consuetudo attulit, summam vero necessitudinem magna eius officia in me et in
				exercitum meum effecerunt: sed cum de illo laboro, tum de multis amplissimis viris
				quibus semel ignotum a te esse oportet, nec tuum<note>benefic. tuum <foreign
						xml:lang="grc">b</foreign></note> beneficium in dubium vocari, nec haerere
				in animis hominum sollicitudinem sempiternam, nec accidere ut quisquam te
						timere<note><lemma>timere</lemma> iterum timere <hi rend="italics"
						>Lehmann</hi></note> incipiat eorum qui sint semel a te liberati timore.
					<reg>non</reg> debeo, <milestone n="40" unit="section"/>Caesar<note>Caesar <hi
						rend="italics">C<foreign xml:lang="grc">a</foreign>a</hi>: C. Caesar
						<foreign xml:lang="grc">bs</foreign></note>, quod fieri solet in tantis
				periculis, temptare ecquonam<note>ecquonam <hi rend="italics">Gulielmius</hi>: et
					quonam <hi rend="italics">CH</hi>: quonam <hi rend="italics">A (e coll. mea)
							V<foreign xml:lang="grc">bg</foreign></hi></note> modo dicendo
				misericordiam tuam commovere<note>movere <hi rend="italics">CAH</hi></note> possim.
					<reg>nihil</reg> opus est. <reg>occurrere</reg> solet ipsa supplicibus et
				calamitosis, nullius oratione evocata. <reg>propone</reg> tibi duos reges et id
				animo contemplare quod oculis non potes: dabis profecto id misericordiae quod
				iracundiae denegasti. <reg>multa</reg> sunt monumenta clementiae tuae, sed
						maxime<note><lemma>maxime</lemma> maxima <hi rend="italics"
					>Wesenberg</hi></note> eorum incolumitates quibus salutem dedisti.
					<reg>quae</reg> si in privatis gloriosa sunt, multo magis commemorabuntur in
				regibus. <reg>semper</reg> regium nomen in hac civitate sanctum fuit, sociorum vero
				regum et amicorum sanctissimum. <reg>quod</reg> nomen hi reges ne amitterent te
				victore timuerunt, <milestone n="15" unit="chapter"/><milestone n="41"
					unit="section"/> retentum vero et a te confirmatum posteris etiam suis
				tradituros se esse confidunt<note>se esse confidunt <hi rend="italics">C<foreign
							xml:lang="grc">a</foreign>a</hi>: esse confido <hi rend="italics"
							>BD<foreign xml:lang="grc">s</foreign></hi>: confido <hi rend="italics"
						>E</hi></note>. <reg>corpora</reg> sua pro salute regum suorum hi
					legati<note>legati <hi rend="italics">C<foreign xml:lang="grc"
					>a</foreign>a</hi>: tibi <hi rend="italics">ante</hi> regii <hi rend="italics"
						>add.</hi>
					<foreign xml:lang="grc">b</foreign>: <hi rend="italics">post</hi> reg. <foreign
						xml:lang="grc">s</foreign></note> regii tradunt, Hieras et Blesamius et
					Antigonus<note>Antigonus <hi rend="italics">BD2<foreign xml:lang="grc"
							>s</foreign></hi>: Antigenus <hi rend="italics">D1E</hi>: Artignus <hi
						rend="italics">C<foreign xml:lang="grc">a</foreign></hi>: Antigronus a:
					Antiochus <hi rend="italics">Probus K.</hi> iv. <hi rend="italics">p.</hi> 27,
						<hi rend="italics">Sacerdos</hi> ii. 40</note>, tibi nobisque omnibus iam
				diu noti, eademque fide et virtute praeditus Dorylaus<note>Dorulaus <hi
						rend="italics">C<foreign xml:lang="grc">a</foreign></hi></note>, qui nuper
				cum Hiera legatus est ad te missus, cum regum amicissimi, tum tibi etiam, ut spero,
				probati. <milestone n="42" unit="section"/><reg>exquire</reg> de Blesamio num quid
				ad regem contra dignitatem tuam<note>tuam <hi rend="italics">H<foreign
							xml:lang="grc">bs</foreign></hi>: suam <hi rend="italics"
					>CAVa</hi></note> scripserit. Hieras quidem causam omnem suscipit et criminibus
				illis pro rege se supponit reum. <reg>memoriam</reg> tuam implorat, qua vales
				plurimum; negat umquam se a te in Deiotari tetrarchia pedem discessisse; in primis
				finibus tibi praesto se<note>praesto se <hi rend="italics">C<foreign xml:lang="grc"
							>a</foreign>a</hi>: se praesto <foreign xml:lang="grc"
					>bs</foreign></note> fuisse dicit, usque ad ultimos prosecutum; cum e balneo
				exisses, tecum<note>cum... tecum <hi rend="italics">om. C1</hi></note> se<note>se
						<hi rend="italics">om. C<foreign xml:lang="grc">a</foreign></hi></note>
				fuisse, cum illa munera<note>munera <hi rend="italics">om. CH</hi></note>
				inspexisses cenatus, cum in cubiculo recubuisses; eandemque adsiduitatem tibi se
				praebuisse postridie. <milestone n="43" unit="section"/><reg>quam</reg> ob rem si
				quid eorum quae obiecta sunt cogitatum sit, non recusat quin id suum facinus
				iudices. Quocirca, C. Caesar, velim existimes hodierno die sententiam tuam aut cum
				summo dedecore miserrimam pestem importaturam esse regibus aut incolumem famam cum
				salute: quorum alterum optare illorum crudelitatis est, alterum conservare
				clementiae tuae. </p>
		</body>
	</text>
</TEI>
