<?xml version='1.0' encoding='UTF-8'?>
<?xml-model href="http://www.stoa.org/epidoc/schema/latest/tei-epidoc.rng" schematypens="http://relaxng.org/ns/structure/1.0"?>
<TEI xmlns="http://www.tei-c.org/ns/1.0">
	<teiHeader xml:lang="eng">
		<fileDesc>
			<titleStmt>
				<title>On Behalf of Marcus Tullius</title>
				<title>Pro Tullio, Pro Fonteio, Pro Sulla, Pro Archia, Pro Plancio, Pro
					Scauro</title>
				<title type="sub">Machine readable text</title>
				<author n="Cic.">M. Tullius Cicero</author>
				<editor role="editor" n="OCT">Albert Clark</editor>
				<sponsor>Perseus Project, Tufts University</sponsor>
				<principal>Gregory Crane</principal>
				<respStmt>
					<resp>Prepared under the supervision of</resp>
					<name>Bridget Almas</name>
					<name>Lisa Cerrato</name>
					<name>William Merrill</name>
					<name>David Mimno</name>
					<name>Rashmi Singhal</name>
					<name>David Smith</name>
				</respStmt>
				<funder n="org:NEH">National Endowment For The Humanities (NEH)</funder>

			</titleStmt>
			<publicationStmt>
				<publisher>Trustees of Tufts University</publisher>
				<pubPlace>Medford, MA</pubPlace>
				<authority>Perseus Project</authority>
				<date type="release">1997-10-28</date>
			</publicationStmt>

			<sourceDesc>
				<biblStruct>
					<monogr>
						<author>M. Tullius Cicero</author>
						<title>M. Tulli Ciceronis Orationes: Recognovit brevique adnotatione critica
							instruxit Albertus Curtis Clark</title>
						<editor role="editor">Albert Clark</editor>
						<imprint>
							<pubPlace>Oxonii</pubPlace>
							<publisher>e Typographeo Clarendoniano</publisher>
							<date>1909</date>
						</imprint>
					</monogr>
					<series>
						<title>Scriptorum Classicorum Bibliotheca Oxoniensis</title>
					</series>
				</biblStruct>
			</sourceDesc>
		</fileDesc>

		<encodingDesc>
			<refsDecl n="CTS">
				<cRefPattern n="chapter" matchPattern="(\w+)" replacementPattern="#xpath(/tei:TEI/tei:text/tei:body/tei:div/tei:div[@n='$1'])">
					<p>This pointer pattern extracts section</p>
				</cRefPattern>
			</refsDecl>
			<refsDecl>
				<refState unit="section"/>
			</refsDecl>
			
			<!--<refsDecl>
				<refState delim=" " unit="text"/>
				<refState unit="section"/>
			</refsDecl>
			<refsDecl>
				<refState delim=" " unit="text"/>
				<refState delim="." n="chunk" unit="chapter"/>
				<refState unit="section"/>
			</refsDecl>-->
			
		</encodingDesc>

		<profileDesc>
			<langUsage>
				<language ident="lat">Latin</language>
				<language ident="grc">Greek</language>
			</langUsage>
		</profileDesc>

		<revisionDesc>
			<change when="2016-03-09" who="Lisa Cerrato">Incorporated initial changes; minor edits</change>
			<change when="2015-12-17" who="Zach Himes">Cleaned up teiHeader. Converted to TEI P5 and EpiDoc.</change>
			<change when="2014-08-01" who="Stella Dee">edited markup</change>
			<change when="2014-07-01" who="Stella Dee">split composite text and converted to unicode</change>
			<change when="2013-09-13" who="balmas01">Revision 1.4  reverting texts back to pre_cts_reorg tagged version</change>
			<change when="2011-07-19" who="gcrane">Revision 1.2  removed the earlier persName/placeName tags</change>
			<change when="2011-01-15" who="gcrane">Revision 1.1  base SDL file</change>
			<change when="2009-10-09" who="rsingh04">Revision 1.1  more reorganizing of texts module by collection</change>
			<change when="2006-08-11" who="gcrane">Revision 1.4  small mods</change>
			<change when="2006-04-21" who="gcrane">Revision 1.3  these now have the app crit entered as notes</change>
			<change when="2005-08-01" who="packel">Revision 1.2  removed stray item tags</change>
			<change when="2005-07-25" who="packel">Revision 1.1  Converted to XML</change>
			<change when="2005-04-08" who="mimno">Revision 1.10  added default chunks</change>
			<change when="2003-07-01" who="yorkc">Revision 1.9  Updated texts to TEI P4 and Perseus P4 extensions; minor cleanup (esp. character encodings and typos.)</change>
			<change when="2002-12-02" who="amahoney">Revision 1.8  correct spelling of Quirites, improperly 'regularized'</change>
			<change when="2000-03-04" who="dasmith">Revision 1.7  Added separate funder entity to TEI header.</change>
			<change when="1999-10-14" who="dasmith">Revision 1.6  Added explanatory subtitles to titleStmt</change>
			<change when="1999-08-12" who="dasmith">Revision 1.5  Fixed refsDecl</change>
			<change when="1999-08-04" who="textgod">Revision 1.4  Random changes over a period of months.</change>
			<change when="1997-10-17" who="textgod">Revision 1.3  Added CVS log.</change>
			<change when="1997-03-26" who="DAS">ed.</change>
		</revisionDesc>
	</teiHeader>
	<text>
		<body><div type="edition" xml:lang="lat" n="urn:cts:latinLit:phi0474.phi006.perseus-lat2" subtype="edition">
			<head>PRO M. TVLLIO ORATIO</head>
			<milestone n="1" unit="chapter"/>
			<div type="textpart" subtype="section" n="1">
			<p>A<add>ntea sic hanc causam</add><note>antea sic hanc causam <hi rend="italic">Peyron</hi>: a ... <hi rend="italic">T</hi></note> a<add>gere</add>
					s<add>tatue</add>ra<add>m</add><note>agere statueram <hi rend="italic">Beier</hi>: a ... s ... ra. <hi rend="italic">T</hi></note>,
					<add>recupe</add>ratores<note>recuperatores <hi rend="italic">Peyron</hi>: ...
					tores <hi rend="italic">T</hi> (<hi rend="italic">inter</hi> recip. <hi rend="italic">et</hi> recup. <hi rend="italic">variant in hac oratione
						codd.</hi></note>, <add>ut infitia</add>turos<note>ut infitiaturos <hi rend="italic">Orelli</hi>: ... turos <hi rend="italic">T</hi></note>
				adversarios arbitrarer tantam caedem et tam atrocem ad familiam suam pertinere.
					<reg>itaque</reg> animo soluto a cura et a cogitatione veneram, quod
				intellegebam facile id me testibus planum facere posse. <reg>nunc</reg> vero postea
				quam non modo confessus est vir primarius, L. Quin<note>Quin ... <hi rend="italic">T</hi>: <hi rend="italic">suppl. Peyron</hi></note><add>ctius</add>
				<gap reason="lost" quantity="6" unit="lines"/>
				<add>la</add>borabam<note>laborabam <hi rend="italic">Peyron</hi>: borabam <hi rend="italic">T</hi></note> ut, quod arguebam, id factum esse ostenderem;
				nunc in eo consumenda est oratio ut ne adversarii, quod infitiari nullo modo
				potuerunt, cum maxime cuperent, id cum confessi sunt, meliore loco esse videantur.
					</p></div><div type="textpart" subtype="section" n="2"><p><reg>itaque</reg> tum vestrum difficilius
					iudicium<note>diudicium <hi rend="italic">T</hi>: <hi rend="italic">corr.
						Peyron</hi></note>, mea facilis defensio fore videbatur. <reg>ego</reg> enim
				omnia in tes<add>tibus</add><note>testibus <hi rend="italic">Peyron</hi>: tes <hi rend="italic">T</hi></note>
				<gap reason="lost" quantity="7" unit="lines"/> quid est facilius quam de eo qui confitetur
				iudicare? <reg>mihi</reg> autem difficile est satis copiose de eo dicere quod nec
				atrocius verbis demonstrari potest quam re ipsa est, neque apertius oratione mea
				fieri quam ipsorum confessione factum est. </p></div><div type="textpart" subtype="section" n="3">
				<p>Cum in hac re quam commemoravi mihi mutanda ratio defensionis
				<gap reason="lost" quantity="7" unit="lines"/> minus diligenter illius existimationem
					quam<note>quam <hi rend="italic">sup. lin. hab. T</hi></note> rem M. Tulli
				viderer defendere. <reg>nunc</reg> quoniam Quinctius ad causam pertinere putavit res
				ita multas, falsas praesertim et inique confictas, proferre de vita et moribus et
				existimatione M. Tulli, multis de causis mihi Fabius debebit ignoscere, si minus
				eius famae parcere videbor quam antea consului. <gap reason="lost" quantity="6" unit="lines"/>
				</p></div><milestone n="2" unit="chapter"/><div type="textpart" subtype="section" n="4"><p>Pri <gap reason="lost"/> . . ore putavit ad officium suum
				pertinere adversario nulla in re parcere, quid me oportet Tullium pro Tullio facere,
				homine coniuncto mecum non minus animo quam nomine? <reg>ac</reg> mihi magis illud
				laborandum videtur, recuperatores, ut quod antea nihil in istum dixi probar<add>e
					possi</add>m, quam<note>probare possim quam <hi rend="italic">Cramer</hi>: prob
					... umquam <hi rend="italic">A</hi></note>
				<add>ne</add><note>ne <hi rend="italic">suppl. Mommsen</hi></note> in eo
				reprehendar quod hoc tempore respondeo. </p></div><div type="textpart" subtype="section" n="5"><p><reg>verum</reg> et tum id feci quod oportuit, et nunc faciam quod necesse
				est. <reg>nam</reg> cum esset de re pecuniaria controversia, quod damnum datum M.
				Tullio diceremus, alienum mea<note><app><lem>mea</lem></app> a mea <hi rend="italic">Peyron</hi></note> natura videbatur quicquam de existimatione P. Fabi
				dicere, non quia<note>quin <hi rend="italic">A</hi>: <hi rend="italic">corr.
						Mai</hi></note> res postulare non videretur. <reg>quid</reg> ergo est?
					<reg>tametsi</reg> postulat causa, tamen, nisi plane cogit ingratiis, ad male
				dicendum non soleo descendere. <reg>nunc</reg> cum coactus dicam, si quid forte
				dicam, tamen id ipsum verecunde modiceque<note>modique <hi rend="italic">A</hi>:
						<hi rend="italic">corr. Heinrich</hi></note> faciam, tantum ut, quoniam
				sibi me non esse inimicum potuit priore actione Fabius iudicare, nunc M. Tullio
				fidelem certumque amicum esse cognoscat. </p></div><milestone n="3" unit="chapter"/><div type="textpart" subtype="section" n="6">
			<p> Vnum hoc abs te, L. Quincti, pervelim impetrare—quod tametsi eo volo quia mihi utile
				est, tamen abs te idcirco quia aequum<note>aecum <hi rend="italic">A</hi></note>
				est, postulo—ut ita tibi multum temporis ad dicendum sumas ut his<note>his <hi rend="italic">Cramer</hi>: is <hi rend="italic">A</hi></note> aliquid ad
				iudicandum relinquas. <reg>namque</reg> antea non defensionis tuae modus, sed nox
				tibi finem dicendi fecit; nunc, si tibi placere potest, ne idem facias, id abs te
				postulo. <reg>neque</reg> hoc idcirco postulo quod<note>quod <hi rend="italic">A</hi> (<hi rend="italic">Peyron</hi>): quo <hi rend="italic">Mai</hi></note> te aliquid censeam praeterire oportere aut non quam ornatissime
				et copiosissime dicere, verum ut semel una quaque de re dicas; quod si facies, non
				vereor ne dicendo dies eximatur.</p></div><div type="textpart" subtype="section" n="7">
			<p><reg>iudicium</reg> vestrum est, recuperatores, <quote>Qvantae pecvniae</quote>
				<quote>paret dolo malo familiae P. Fabi vi hominibvs armatis coactisve damnvm
						datvm<note>datum <hi rend="italic">T</hi>: factum <hi rend="italic">A</hi></note> esse M. Tvllio.</quote>
				<reg>eius</reg> rei taxationem nos fecimus; aestimatio vestra est; iudicium datum
				est in quadruplum. </p></div><milestone n="4" unit="chapter"/><div type="textpart" subtype="section" n="8">
			<p>Cum omnes leges omniaque iudicia quae paulo graviora atque asperiora videntur esse ex
				improborum iniquitate et iniuria nata sunt, tum hoc iudicium paucis hisce annis
				propter hominum malam consuetudinem nimiamque licentiam constitutum est.
					<reg>nam</reg> cum multae familiae dicerentur in agris longinquis et pascuis
				armatae esse caedisque facere, cumque ea consuetudo non solum ad res privatorum
					sed<note>sed <hi rend="italic">T</hi>: sed etiam <hi rend="italic">A</hi></note> ad summam rem publicam pertinere videretur, M. Lucullus, qui
				summa aequitate et<note>et <hi rend="italic">T</hi>: ad <hi rend="italic">A</hi>:
					atque <hi rend="italic">Peyron</hi></note> sapientia ius dixit, primus hoc
				iudicium composuit et id spectavit ut omnes<note>omnes <hi rend="italic">A</hi>:
					homines <hi rend="italic">T</hi></note> ita familias suas continerent ut non
				modo armati damnum nemini darent verum etiam lacessiti iure se potius quam armis
				defenderent; </p></div><div type="textpart" subtype="section" n="9"><p>et cum sciret<note>sciret <hi rend="italic">T</hi>: scirent <hi rend="italic">A</hi></note> de damno
				legem esse Aquiliam, tamen hoc<note><app><lem>hoc</lem></app> hic <hi rend="italic">Heinrich</hi></note> ita existimavit, apud maiores nostros cum et res et
				cupiditates minores essent et familiae non magnae magno metu continerentur ut
					perraro<note>ut perraro <hi rend="italic">A</hi>: perraro <hi rend="italic">T</hi>: et perraro <hi rend="italic">Cramer</hi></note> fieret ut homo
				occideretur, idque nefarium ac<note>ac <hi rend="italic">T</hi>: et <hi rend="italic">A</hi></note> singulare facinus putaretur, nihil opus fuisse
				iudicio de vi coactis armatisque hominibus; quod enim usu non veniebat, de eo si
				quis legem aut iudicium constitueret, non tam prohibere videretur<note>videretur <hi rend="italic">T</hi>: videtur <hi rend="italic">A</hi></note> quam
				admonere. </p></div><milestone n="5" unit="chapter"/><div type="textpart" subtype="section" n="10"><p><reg>his</reg> temporibus cum ex<note>ex <hi rend="italic">A</hi>: et <hi rend="italic">T</hi></note> bello diuturno atque domestico res in eam
				consuetudinem venisset ut homines minore religione armis uterentur, necesse putavit
				esse et in universam familiam iudicium dare, quod a familia factum diceretur, et
				recuperatores dare, </p></div><div type="textpart" subtype="section" n="11"><p>ut quam primum res
				iudicaretur, et poenam graviorem constituere, ut metu comprimeretur audacia, et
				illam latebram tollere: '<quote>damnum iniuria.</quote>' <reg>quod</reg> in
					aliis<note>aliis <hi rend="italic">T</hi>: illis <hi rend="italic">A</hi></note> causis debet valere et valet lege Aquilia, id ex huius modi damno
				quod vi per servos armatos datum esset
				<gap reason="lost" unit="lines" quantity="7"/>
				</p></div><div type="textpart" subtype="section" n="12"><p> ipsi statuerent quo tempore possent suo iure arma
				capere, manum cogere, homines occidere. Cum iudicium ita daret<note>daret <hi rend="italic">Heinrich</hi>: daretur <hi rend="italic">A</hi></note> ut
				hoc solum in iudicium veniret<note>venire <hi rend="italic">A</hi>: <hi rend="italic">corr. Beier</hi></note>, videreturne vi hominibus coactis
				armatisve damnum dolo malo familiae datum, neque illud adderet<note>aderet <hi rend="italic">A</hi>: <hi rend="italic">corr. Cramer</hi></note>
					'<quote>inivria</quote>,' putavit se audaciam improborum sustulisse, cum spem
				defensionis nullam reliquisset<note>relinquisset <hi rend="italic">A</hi> (<hi rend="italic">ita</hi> § 21)</note>. </p></div><milestone n="6" unit="chapter"/><div type="textpart" subtype="section" n="13">
			<p><reg>quoniam</reg> quod iudicium et quo consilio constitutum sit cognostis, nunc rem
				ipsam, ut gesta sit, dum breviter vobis demonstro, attendite. </p></div><div type="textpart" subtype="section" n="14"><p><reg>fundum</reg> habet in agro Thurino<note>Thurino <hi rend="italic">Quintil.</hi> iv. 3. 121: Thyrino <hi rend="italic">A</hi></note> M. Tullius paternum, recuperatores, quem se habere usque eo non
				moleste tulit, donec vicinum eius modi nactus est qui agri finis armis proferre
				mallet quam iure defendere. <reg>nam</reg> P. Fabius nuper emit agrum de C. Claudio
				senatore, cui fundo erat adfinis M. Tullius, sane magno, dimidio fere pluris
				incultum exustis villis omnibus quam quanti integrum atque ornatissimum carissimis
				pretiis ipse Claudius <add>emerat</add><note>emerat <hi rend="italic">suppl.
						Heinrich</hi></note>
				<gap reason="lost" quantity="11" unit="lines"/>
				</p></div><div type="textpart" subtype="section" n="15"><p> clam circumscripsisse isti a consulari Macedonia
				et Asia. <reg>etiam</reg> illud addam quod ad rem pertinet: imperatore mortuo
				pecuniam nescio quo modo quaesitam dum volt in praedio ponere, non posuit, sed
				abiecit. <reg>nihil</reg> adhuc m
				<gap reason="lost" quantity="10" unit="lines"/>
			</p>
			<p>. . am calamitate<note>calamitatem <hi rend="italic">A</hi>: <hi rend="italic">corr. Mai</hi></note> vicinorum corrigit, et quod stomachum suum damno
				Tulli <add>exp</add>lere<note>explere <hi rend="italic">Mai</hi>: plere <hi rend="italic">A</hi></note> conatus est. 
			</p></div><milestone n="7" unit="chapter"/><div type="textpart" subtype="section" n="16"><p><reg>est</reg> in eo agro centuria quae
					Populiana<note>Popiliana <hi rend="italic">A</hi> (<hi rend="italic">Peyron</hi>): <hi rend="italic">cf.</hi> §§ 17, 19, 21</note> nominatur,
				recuperatores, quae semper M. Tulli fuit, quam etiam pater
					pos<add>sederat</add><note>possederat <hi rend="italic">Mai</hi>: pos <hi rend="italic">A</hi></note>
				<gap reason="lost" quantity="11" unit="lines"/> posita esse et ad fundum eius convenire.
					<reg>ac</reg> primum, quod eum negoti totius et emptionis suae paenitebat,
				fundum proscripsit; eum autem emptum habebat cum socio Cn. Acerronio, viro
					op<add>timo</add><note>optimo <hi rend="italic">Mai</hi>: op <hi rend="italic">A</hi></note>
				<gap reason="lost" quantity="11" unit="lines"/> modum proscripsisse. </p></div><div type="textpart" subtype="section" n="17"><p><reg>hominem</reg> appellat. <reg>iste</reg> sane adroganter
				quod commodum fuit respondit. Nequedum finis auctor demonstraverat.
					<reg>mittit</reg> ad procuratorem litteras et ad vilicum Tullius
				<gap reason="lost" quantity="10" unit="lines"/> facturum negavit; illis absentibus finis
				Acerronio demonstravit neque tamen hanc centuriam Populianam vacuam tradidit.
				Acerronius, quo modo potuit, se de tota re<note>se de tota me <hi rend="italic">Niebuhr</hi>: sedetorare <hi rend="italic">A</hi></note> ex
				<gap reason="lost" quantity="11" unit="lines"/>
				</p></div><milestone n="8" unit="chapter"/><div type="textpart" subtype="section" n="18"><p> mine<note>mine <hi rend="italic">A</hi>:
					discrimine <hi rend="italic">Heinrich</hi></note> eius modi semustilatus
				effugit. <reg>adducit</reg> iste interea in saltum homines electos maximis animis et
				viribus et eis<note>iis <hi rend="italic">Mai</hi>: is <hi rend="italic">A</hi></note> arma quae cuique habilia<note>habilia <hi rend="italic">Heinrich</hi>: abitalia <hi rend="italic">A</hi></note> atque apta essent
				comparat, prorsus ut quivis intellegeret non eos ad rem rusticam, verum ad caedem ac
				pugnam comparari. </p></div><div type="textpart" subtype="section" n="19"><p><reg>brevi</reg>
						illo<note><app><lem>illo</lem></app> illi <hi rend="italic">Cramer</hi></note>
				tempore Q. Cati Aemiliani, hominis honesti, quem vos nostis, duo homines occiderunt;
				multa alia fecerunt; passim vagabantur armati, non obscure, sed ut plane intellegere
				viderentur ad quam rem parati essent; agros, vias denique infestas habebant.
					<reg>venit</reg> in Thurinum<note>Tyrinum <hi rend="italic">A</hi> (<hi rend="italic">cf.</hi> § 14)</note> interea Tullius. <reg>deinde</reg> iste
				pater familias Asiaticus beatus, novus arator et idem pecuarius, cum ambularet in
				agro, animadvertit in hac ipsa centuria Populiana aedificium non ita magnum
				servumque M. Tulli Philinum<note>Philinum <hi rend="italic">Mai</hi> (<hi rend="italic">e</hi> § 22): filium <hi rend="italic">A</hi>
					sticnegotiimmeost <hi rend="italic">A</hi>: 'stic negoti immeo est (<hi rend="italic">`vulgarem pronuntiationem expressit orator'</hi>) <hi rend="italic">Peyron</hi></note>. </p></div><div type="textpart" subtype="section" n="20"><p>'<reg>quid</reg> vobis,' inquit, 'istic negoti in meo est?' <reg>servus</reg>
				respondit pudenter, at non stulte, dominum esse ad villam; posse eum cum eo
				disceptare si quid vellet. <reg>rogat</reg> Fabius Acerronium—nam ibi tum erat—ut
				secum simul veniat ad Tullium. <reg>venitur</reg>. <reg>ad</reg> villam erat
				Tullius. <reg>appellat</reg> Fabius ut aut ipse Tullium deduceret aut ab eo
				deduceretur. <reg>dicit</reg> deducturum se Tullius, vadimonium Fabio Romam
				promissurum. <reg>manet</reg> in ea condicione Fabius. <reg>mature</reg> disceditur.
					</p></div><milestone n="9" unit="chapter"/><div type="textpart" subtype="section" n="21"><p><reg>proxima</reg> nocte, iam fere cum lux
				adpropinquaret, ad illud aedificium de quo antea dixi, quod erat in centuria
				Populiana, servi P. Fabi frequentes armatique veniunt; introitum ipsi sibi
					<add>vi</add><note>vi <hi rend="italic">suppl. Heinrich</hi></note> manuque
				patefaciunt; homines magni preti servos M. Tulli nec opinantis adoriuntur;
					quod<note>quodque <hi rend="italic">Huschke</hi></note> facile factu fuit,
				neque tam multos neque repugnantis multi armati paratique occidunt tantumque odi
				crudelitatisque <add>hab</add>uerunt<note>habuerunt <hi rend="italic">Mai</hi>: ...
					uerunt <hi rend="italic">A</hi></note> ut eos omnis gurgulionibus insectis
				relinquerent, ne, si quem semivivum ac spirantem etiam reliquissent, minor
					eis<note>iis <hi rend="italic">Huschke</hi>: his <hi rend="italic">A</hi>: is
						<hi rend="italic">Heinrich</hi></note> honor haberetur; praeterea tectum
				villamque disturbant. </p></div><div type="textpart" subtype="section" n="22"><p><reg>hanc</reg> rem tam
				atrocem, tam indignam, tam repentinam nuntiat M. Tullio Philinus, quem antea
				nominavi, qui graviter saucius e caede effugerat. Tullius statim dimittit ad amicos,
				quorum ex<note>ex <hi rend="italic">Beier</hi>: ea <hi rend="italic">A</hi></note>
				vicinitate Thurina<note>Thurina <hi rend="italic">Pluygers</hi>: tum illa <hi rend="italic">A</hi></note> bona atque honesta copia praesto fuit.
					</p></div><div type="textpart" subtype="section" n="23"><p><reg>omnibus</reg> acerba res et misera
				videbatur. Cum amici in comm <gap reason="lost"/>turbarunt. 
					</p></div><milestone n="10" unit="chapter"/><div type="textpart" subtype="section" n="24">
			<p><reg>audite</reg>, quaeso, in eas res quas commemoro hominum honestorum testimonium.
					<reg>haec</reg> quae mei testes dicunt, fatetur adversarius eos vere dicere;
				quae mei testes non dicunt, quia non viderunt nec sciunt, ea dicit ipse adversarius.
					<reg>nostri</reg> testes dicunt occisos homines; cruorem in locis
					pluribus<note>plurimb. <hi rend="italic">T</hi></note>, deiectum aedificium se
				vidisse dicunt; nihil<note>vidisse dicunt; nihil <hi rend="italic">Madvig</hi>:
					vidisse; dicunt nihil <hi rend="italic">priores</hi></note> amplius.
					<reg>quid</reg> Fabius? Horum nihil negat. <reg>quid</reg> ergo addit amplius?
					</p></div><div type="textpart" subtype="section" n="25"><p>Suam familiam fecisse dicit. <reg>quo</reg>
				modo? <reg>vi</reg> hominibus armatis. <reg>quo</reg> animo? Vt id fieret quod
				factum est. <reg>quid</reg> est id? Vt homines M. Tulli occiderentur.
					<reg>quod</reg> ergo eo animo factum est ut homines unum in locum convenirent,
				ut arma caperent, ut certo consilio certum in locum proficiscerentur, ut idoneum
				tempus eligerent, ut caedem facerent, id si voluerunt et cogitarunt et perfecerunt,
				potestis eam voluntatem, id consilium, id factum a dolo malo seiungere? </p></div><div type="textpart" subtype="section" n="26"><p><reg>at</reg> istuc totum '<quote>dolo malo</quote>'
				additur in hoc iudicio eius causa qui agit, non illius quicum agitur. <reg>id</reg>
				ut intellegatis, recuperatores, quaeso ut diligenter attendatis; profecto quin ita
				sit non dubitabitis. </p></div><milestone n="11" unit="chapter"/><div type="textpart" subtype="section" n="27">
			<p><reg>si</reg> ita iudicium daretur ut id concluderetur quod a familia factum esset,
				si quae familia ipsa in caede interesse noluisset et homines aut servos aut liberos
				coegisset aut conduxisset, totum hoc iudicium et praetoris severitas dissolveretur.
					<reg>nemo</reg> enim potest<note>posset <hi rend="italic">Kayser</hi></note>
					hoc<note>hoc <hi rend="italic">Müller</hi>: haec <hi rend="italic">T</hi></note> iudicare, qua in re familia non interfuisset, in ea re eam ipsam
				familiam vi armatis hominibus damnum dedisse. <reg>ergo</reg>, id quia poterat fieri
				et facile poterat, idcirco non satis habitum est quaeri quid familia ipsa fecisset,
				verum etiam illud, quid familiae dolo malo factum esset. </p></div><div type="textpart" subtype="section" n="28"><p><reg>nam</reg> cum facit ipsa familia vim<note>vim <hi rend="italic">Halm</hi>: vi <hi rend="italic">T</hi></note> armatis
				coactisve hominibus et damnum cuipiam dat, id dolo malo fieri necesse est; cum autem
				rationem init ut ea fiat, familia ipsa non facit, fit autem dolo malo eius.
					<reg>ergo</reg> addito '<quote>dolo malo</quote>' actoris et petitoris fit causa
				copiosior. Vtrum enim ostendere potest, sive eam ipsam familiam sibi damnum dedisse,
				sive consilio et opera eius familiae factum esse, vincat necesse est. </p></div><milestone n="12" unit="chapter"/><div type="textpart" subtype="section" n="29">
			<p><reg>videtis</reg> praetores per hos annos interdicere<note>interdicere <hi rend="italic">Madvig</hi>: intercedere <hi rend="italic">T</hi></note> hoc
					modo<note>modo <hi rend="italic">T</hi> (<hi rend="italic">Krüger</hi>):
					interdicto <hi rend="italic">Peyron</hi></note>, <add>velut
					inter</add><note>velut inter <hi rend="italic">suppl. Huschke</hi></note> me et
				M. Claudium: <quote>Vnde dolo<note>dolo <hi rend="italic">Baiter</hi>: dedolo <hi rend="italic">T</hi></note> malo tvo, M. Tvlli, M. Clavdivs avt familia
					avt procvrator eivs vi detrvsvs est</quote>, cetera ex formula. <reg>si</reg>,
					ubi<note>si ubi <hi rend="italic">Kayser</hi>: sicut <hi rend="italic">T</hi>:
					sicubi <hi rend="italic">Madvig</hi></note> ita interdictum est et sponsio
				facta, ego me ad iudicem sic<note>sic <hi rend="italic">Kayser</hi>: si <hi rend="italic">T</hi></note> defendam <add>ut</add><note>ut <hi rend="italic">suppl. Peyron</hi></note> vi me deiecisse confitear, dolo
				malo negem, ecquis<note>etquis <hi rend="italic">T</hi>: <hi rend="italic">corr.
						Orelli</hi></note> me audiat? <reg>non</reg> opinor equidem<note>quidem <hi rend="italic">T</hi>: <hi rend="italic">corr. Halm</hi></note>, quia, si
				vi deieci M. Claudium, dolo malo deieci; in vi enim dolus malus inest,
						et<note><app><lem>et</lem></app> at <hi rend="italic">Kayser</hi></note> Claudio
				utrumvis satis est planum facere, vel se a me ipso vi deiectum esse vel me consilium
				inisse ut vi deiceretur. </p></div><div type="textpart" subtype="section" n="30"><p><reg>plus</reg> igitur
					<add>datur</add> Claudio, cum<note>igitur ... Claudio cum ... <hi rend="italic">T</hi> (<hi rend="italic">Krüger</hi>): <hi rend="italic">suppl.
						Beier</hi></note>
				<add>ita</add> interdicitur, unde dolo malo meo<note>unde dolo malo meo <hi rend="italic">T2, Keller</hi>: unde a me (<hi rend="italic">e v.</hi> 26
						<hi rend="italic">geminat.</hi>) <hi rend="italic">T1</hi></note> vi
				deiectus sit, quam si daretur, unde a me vi deiectus esset. <reg>nam</reg> in hoc
				posteriore, nisi ipse egomet deiecissem, vincerem sponsionem; in illo priore, ubi
				dolus malus additur<note>auditur <hi rend="italic">T</hi>: <hi rend="italic">corr.
						Beier</hi></note>, sive consilium inissem<note><app><lem>inissem</lem></app> ut vi
					deiceretur <hi rend="italic">add. T</hi>: <hi rend="italic">del. Keller</hi>
						(<hi rend="italic">e</hi> § 29 <hi rend="italic">v.</hi> 24 <hi rend="italic">repetitum</hi>) sive ipse deiecissem <hi rend="italic">sup.
						lin. hab. T</hi></note>, sive ipse deiecissem, necesse erat te dolo malo meo
				vi deiectum iudicari. </p></div><milestone n="13" unit="chapter"/><div type="textpart" subtype="section" n="31"><p><reg>hoc</reg> persimile atque adeo plane idem est in hoc
				iudicio, recuperatores. <reg>quaero</reg> enim abs te, si ita iudicium datum esset:
					<quote>Qvantae pecvniae paret a familia P. Fabii
						<add><num>vi</num></add><note>vi <hi rend="italic">suppl.
							<!--Editor(Zach Himes) note: Check section 33 of source text-->
						Huschke</hi></note> hominibvs armatis damnvm M. Tvllio
					datvm</quote><note>datum <hi rend="italic">Baiter</hi>: ... tum <hi rend="italic">T</hi>: factum <hi rend="italic">Beier</hi></note>, quid
				haberes quod diceres? <reg>nihil</reg>, opinor. <reg>fateris</reg> enim omnia et
				familiam P. Fabi fecisse et vi hominibus armatis fecisse. <reg>quod</reg> additum
				est '<quote>dolo malo</quote>,' id te adiuvare putas in quo opprimitur et excluditur
				omnis tua defensio? </p></div><div type="textpart" subtype="section" n="32"><p><reg>nam</reg> si additum id
				non esset ac tibi libitum esset ita defendere<note>defenderem <hi rend="italic">T</hi>: <hi rend="italic">corr. Peyron</hi></note>, tuam familiam non
				fecisse, vinceres, si id probare potuisses. <reg>nunc</reg>, sive illa defensione
				uti voluisses sive hac qua uteris, condemneris necesse est; nisi putamus eum <add>in
					iudi</add>cium<note>eum ... icium <hi rend="italic">T</hi> (<hi rend="italic">Krüger</hi>): <hi rend="italic">suppl. Peyron</hi></note> venire qui
				consilium inierit, illum qui fecerit non venire, cum consilium sine facto intellegi
				possit, factum sine consilio non possit. <reg>an</reg>, quod factum eius modi est ut
				sine occulto consilio, sine nocte, sine vi, sine damno alterius, sine armis, sine
				caede, sine maleficio fieri non potuerit, id sine dolo malo factum iudicabitur?
					<reg>an</reg>, qua in re praetor<note>praetor <hi rend="italic">Peyron</hi>: P.
					R. <hi rend="italic">T</hi></note> illi improbam defensionem tolli voluit, in
				ea re mihi difficiliorem actionem factam putabitis? </p></div><milestone n="14" unit="chapter"/><div type="textpart" subtype="section" n="33"><p>
				<reg>hic</reg> mihi isti singulari ingenio videntur esse qui et id quod mihi contra
				illos datum est ipsi adripiunt et scopulo atque saxis pro portu stationeque utuntur.
					<reg>nam</reg> in dolo malo volunt delitiscere<note>delitescere <hi rend="italic">Peyron</hi></note>, in quo, non modo cum omnia ipsi fecerunt
				quae fatentur, verum etiam si per alios id fecissent, haererent ac tenerentur.
					</p></div><div type="textpart" subtype="section" n="34"><p><reg>ego</reg> non in una re sola, quod mihi
				satis est, neque in universa re solum<note><app><lem>solum</lem></app> quod mihi satis est
						<hi rend="italic">add. T</hi>: <hi rend="italic">ego delevi</hi> (re solum
					... satis est <hi rend="italic">del. Francken</hi>)</note>, sed
					singillatim<note>singilatim <hi rend="italic">T</hi>: <hi rend="italic">corr.
						Klotz</hi></note> in omnibus dolum malum exstare dico. <reg>consilium</reg>
				capiunt ut ad servos M. Tulli veniant; dolo malo faciunt. <reg>arma</reg> capiunt;
				dolo malo faciunt. <reg>tempus</reg> ad insidiandum atque celandum idoneum eligunt;
				dolo malo faciunt. <reg>vi</reg> in tectum inruunt; in ipsa vi dolus est.
					<reg>occidunt</reg> homines, tectum diruunt; nec homo occidi nec consulto alteri
				damnum dari sine dolo malo potest. <reg>ergo</reg> si omnes partes sunt eius modi ut
				in singulis dolus malus haereat, universam rem et totum facinus sine dolo malo
				factum iudicabitis? </p></div><milestone n="15" unit="chapter"/><div type="textpart" subtype="section" n="35">
			<p><reg>quid</reg> ad haec Quinctius? <reg>sane</reg> nihil certum neque unum, in quo
				non modo possit verum putet se posse consistere. <reg>primum</reg> enim illud
					ini<add>e</add>c<add>i</add>t<note>ini. c. t <hi rend="italic">T</hi>: <hi rend="italic">suppl. Peyron</hi></note>, nihil posse dolo malo familiae
				fieri. <reg>hoc</reg> loco non solum fecit ut defenderet Fabium, sed ut omnino
				huiusce modi iudicia dissolveret. <reg>nam</reg> si venit id in iudicium de familia
				quod omnino familia nulla potest committere, nullum est iudicium, absolvantur omnes
				de <add>si</add>mili<note>de ... mili <hi rend="italic">T</hi> (<hi rend="italic">Krüger</hi>): <hi rend="italic">suppl. Peyron</hi></note> causa necesse
						est<note><app><lem>est</lem></app> hoc solum <hi rend="italic">add. T</hi>: <hi rend="italic">del. Madvig</hi> (<hi rend="italic">ex</hi> si hoc solum <hi rend="italic">repetitum</hi>)</note>, bona me hercule! </p></div><div type="textpart" subtype="section" n="36"><p><reg>si</reg> hoc solum esset<note>esset <hi rend="italic">ex</hi> est <hi rend="italic">T</hi></note>, tamen vos, tales viri, nolle
				deberetis maximam rem coniunctam cum summa re publica<note><app><lem>publica</lem></app> p.
						<hi rend="italic">T</hi> (<hi rend="italic">Keller</hi>): <hi rend="italic">om. Peyron</hi></note> fortunisque privatorum, severissimum
				iudicium maximaque ratione compositum per vos videri<note>videri <hi rend="italic">T1</hi>: videretur <hi rend="italic">T2</hi> (ne severissimum ...
					videretur <hi rend="italic">Huschke</hi>)</note> esse dissolutum.
					<reg>sed</reg> non id solum agitur
				<gap reason="lost" extent="end of this MS."/>
				<bibl>Priscian 6.1.5</bibl> hoc iudicium sic exspectatur ut non unae rei statui, sed
				omnibus constitui putetur. </p></div><div type="textpart" subtype="section" n="37"><p>
				<gap reason="lost"/> ego intellego, et tamen dicendum est ad ea quae dixit Quinctius, non quo ad
				rem pertineat, sed ne quid, quia a me praetermissum sit<note>sit <hi rend="italic">Baiter</hi>: est <hi rend="italic">Peyron</hi> (<hi rend="italic">de T
						incertum</hi>)</note>, pro concesso putetur. </p></div><milestone n="16" unit="chapter"/><div type="textpart" subtype="section" n="38">
			<p><reg>dicis</reg> oportere quaeri, homines M. Tulli iniuria occisi sint<note>sint <hi rend="italic">Madvig</hi>: essent <hi rend="italic">T</hi></note> necne.
					<reg>de</reg> quo hoc primum quaero, venerit ea res in hoc iudicium necne.
					<reg>si</reg> non venit, quid attinet aut nos dicere aut hos quaerere?
					<reg>si</reg> autem venit, quid attinuit te tam multis verbis a praetore
				postulare ut adderet in iudicium '<quote>inivria</quote>,' et, quia non impetrasses,
				tribunos pl. appellare et hic in iudicio queri praetoris iniquitatem, quod de
				iniuria non addidisset<note>addidisset <hi rend="italic">Huschke</hi>: addiderit
						(<hi rend="italic">vel</hi> addidebet) <hi rend="italic">T</hi></note>?
					</p></div><div type="textpart" subtype="section" n="39"><p><reg>haec</reg> cum praetorem postulabas, cum
				tribunos appellabas, nempe <add>ita</add><note>nempe ita <hi rend="italic">Peyron</hi>: ... m ... a <hi rend="italic">T</hi></note> dicebas,
				potestatem tibi fieri oportere ut, si posses, recuperatoribus<note>reciperatores <hi rend="italic">T</hi>: <hi rend="italic">corr. Beier</hi></note>
				persuaderes non esse iniuria M. Tullio damnum datum. <reg>quod</reg> ergo ideo in
				iudicium addi voluisti, ut de eo tibi apud recuperatores dicere liceret, eo non
				addito nihilo minus tamen ita dicis, quasi id ipsum a quo
					<add>d</add>e<add>pul</add>s<add>u</add>s<note>depulsus <hi rend="italic">Peyron</hi>: e ... s. s <hi rend="italic">T</hi></note> es impetraris?
					<milestone n="17" unit="chapter"/><reg>at</reg> quibus verbis in decernendo
				Metellus usus est ceteri<add>que</add><note>-que <hi rend="italic">suppl.
						Madvig</hi></note> quos appellasti? <reg>nonne</reg> haec omnium fuit
				oratio, quod vi hominibus armatis coactisve familia fecisse diceretur, id tametsi
				nullo iure fieri potuerit, tamen se nihil addituros? <reg>et</reg> recte,
				recuperatores. </p></div><div type="textpart" subtype="section" n="40"><p><reg>nam</reg> cum perfugio nullo
				constituto tamen haec scelera servi audacissime faciant, domini impudentissime
				confiteantur, quid censetis fore, si praetor iudicet eius modi caedis fieri iure
				posse? <reg>an</reg> quicquam interest utrum magistratus peccato defensionem
				constituant an peccandi potestatem licentiamque permittant? </p></div><div type="textpart" subtype="section" n="41"><p><reg>etenim</reg>, recuperatores, non damno commoventur
				magistratus ut in haec verba iudicium dent. <reg>nam</reg>
				<add>si</add><note>si <hi rend="italic">suppl. Beier</hi></note> id esset, nec
				recuperatores potius darent quam iudicem nec in universam familiam, sed in eum
					<add>qui</add>cum<note>eumcum <hi rend="italic">T</hi>: <hi rend="italic">suppl. Peyron</hi></note> nominatim ageretur, nec in quadruplum, sed in
				duplum, et <add>ad</add><note>ad <hi rend="italic">suppl. Beier</hi></note>
					'<quote>damnvm</quote>' adderetur '<quote>inivria.</quote>' <reg>neque</reg>
				enim is qui hoc iudicium dedit, de ceteris damnis ab lege Aquilia recedit,
					in<note>in <hi rend="italic">Peyron</hi>: id <hi rend="italic">T</hi></note>
				quibus nihil agitur nisi damnum, qua de re praetor animum debet<note>debeat <hi rend="italic">Baiter</hi></note> advertere. </p></div><milestone n="18" unit="chapter"/><div type="textpart" subtype="section" n="42"><p><reg>in</reg> hoc iudicio
				videtis agi de vi, videtis agi de hominibus armatis, videtis aedificiorum
				expugnationes, agri vastationes, hominum trucidationes, incendia, rapinas, sanguinem
				in iudicium venire, et miramini satis habuisse eos qui hoc iudicium dederunt id
				quaeri, utrum haec tam acerba, tam indigna, tam atrocia facta essent necne,
					non<note>non <hi rend="italic">sup. lin. hab. T</hi></note> utrum iure facta an
				iniuria? <reg>non</reg> ergo praetores a lege Aquilia recesserunt, quae de damno
						est<note><app><lem>est</lem></app> esset <hi rend="italic">T</hi></note>, sed de
				vi et armis<note>armatis <hi rend="italic">T</hi></note> severum iudicium
				constituerunt, nec ius et iniuriam quaeri nusquam putarunt oportere, sed eos qui
				armis quam iure agere maluissent de iure et iniuria disputare noluerunt. </p></div><div type="textpart" subtype="section" n="43"><p><reg>neque</reg> ideo de iniuria non addiderunt quod in
				aliis rebus non adderent, sed ne ipsi iudicarent posse homines servos iure arma
				capere et manum cogere, neque quod putarent, si additum esset, posse hoc talibus
				viris persuaderi<note>persuadere <hi rend="italic">Peyron</hi> (<hi rend="italic">de T incertum</hi>)</note> non iniuria factum, sed ne quod
						tamen<note><app><lem>quod tamen</lem></app> quoddam <hi rend="italic">Peyron</hi>:
						<hi rend="italic">fort.</hi> quod tamquam</note> scutum dare in iudicio
				viderentur eis quos propter haec arma in iudicium vocavissent. </p></div><milestone n="19" unit="chapter"/><div type="textpart" subtype="section" n="44"><p><reg>fuit</reg> illud
				interdictum apud maiores nostros de vi quod hodie quoque est: <quote>Vnde tv avt
					familia avt procvrator tvvs illvm avt familiam avt procvratorem illivs in hoc
					anno vi deiecisti.</quote>
				<reg>deinde</reg> additur illius iam hoc causa quicum agitur: <quote>cvm ille
					possideret</quote>, et hoc amplius: <quote>qvod nec vi nec clam nec precario
					possideret.</quote>
				</p></div><div type="textpart" subtype="section" n="45"><p><reg>multa</reg> dantur ei qui vi alterum
				detrusisse dicitur; quorum si unum quodlibet<note>quidlibet <hi rend="italic">coni.
						Müller</hi></note> probare iudici potuerit, etiam si confessus erit se vi
				deiecisse, vincat necesse est vel non possedisse eum qui deiectus sit, vel vi ab se
				possedisse, vel clam, vel precario<note><app><lem>vel non ... vel precario</lem></app>
					<hi rend="italic">colon post</hi> iudici potuerit (<hi rend="italic">v.</hi>
					24) <hi rend="italic">transferendum putat Müller</hi></note>. <reg>ei</reg> qui
				de vi confessus esset tot defensiones tamen ad causam obtinendam maiores
				reliquerunt. </p></div><milestone n="20" unit="chapter"/><div type="textpart" subtype="section" n="46"><p><reg>age</reg> illud alterum interdictum consideremus, quod item nunc est
				constitutum propter eandem iniquitatem temporum nimiamque hominum
					<add>licentiam</add><note>licentiam <hi rend="italic">suppl. Peyron</hi></note>
				<gap reason="lost"/> boni debent dicere. </p></div><div type="textpart" subtype="section" n="47"><p><reg>atque</reg> ille legem mihi de <num>xii</num> tabulis
				recitavit, quae permittit ut furem noctu liceat occidere et luce<note>luce <hi rend="italic">Peyron</hi>: luci <hi rend="italic">T</hi> (<hi rend="italic">cf. vv.</hi> 10, 22)</note>, si se telo defendat, et legem
				antiquam de legibus sacratis, quae iubeat inpune occidi eum qui tribunum pl.
				pulsaverit. <reg>nihil</reg>, ut opinor, praeterea de legibus. </p></div><div type="textpart" subtype="section" n="48"><p><reg>qua</reg> in re hoc primum quaero, quid ad hoc iudicium
				recitari istas leges pertinuerit. <reg>num</reg> quem tribunum pl. servi M. Tulli
				pulsaverunt? <reg>non</reg> opinor. <reg>num</reg> furatum domum P. Fabi noctu
					venerunt<note>venerint <hi rend="italic">T</hi>: <hi rend="italic">corr.
						Peyron</hi></note>? <reg>ne</reg> id quidem. <reg>num</reg>
					luce<note>nuncluce <hi rend="italic">T</hi>: <hi rend="italic">corr.
						Beier</hi></note> furatum venerunt et se telo defenderunt? <reg>dici</reg>
				non potest. <reg>ergo</reg> istis legibus quas recitasti certe non potuit istius
				familia servos M. Tulli occidere. </p></div><milestone n="21" unit="chapter"/><div type="textpart" subtype="section" n="49"><p>'<reg>non</reg>,' inquit, 'ad eam rem recitavi, sed ut
				hoc intellegeres, non visum esse maioribus nostris tam indignum istuc nescio quid
				quam tu putas, hominem occidi.' <reg>at</reg> primum istae ipsae leges quas recitas,
				ut mittam cetera, significant quam noluerint maiores nostri, nisi cum pernecesse
				esset, hominem occidi. <reg>ista</reg><note>ista <hi rend="italic">Keller</hi>:
					primum (<hi rend="italic">e v.</hi> 15 <hi rend="italic">repetitum</hi>) ista
						<hi rend="italic">T</hi></note> lex sacrata est, quam rogarunt armati, ut
				inermes sine periculo possent esse. <reg>qua</reg> re non iniuria, quo magistratu
				munitae leges sunt, eius magistratus corpus legibus vallatum esse voluerunt.
					</p></div><div type="textpart" subtype="section" n="50"><p>Furem, hoc est praedonem et latronem, luce
				occidi vetant <num>xii</num> tabulae; cum intra parietes tuos hostem certissimum
				teneas, nisi se telo defendit<note>defenderit <hi rend="italic">Peyron</hi>:
					defendet <hi rend="italic">Baiter</hi></note>, inquit, etiam si cum telo
				venerit, nisi utetur telo eo ac repugnabit, non occides; quod si<note>quod si <hi rend="italic">Peyron</hi>: quossi <hi rend="italic">T</hi>: quid si <hi rend="italic">Madvig</hi></note> repugnat, '<quote>endoplorato</quote>,'
				hoc est conclamato, ut aliqui audiant et conveniant. <reg>quid</reg> ad hanc
				clementiam addi potest, qui ne hoc quidem permiserint, ut domi suae caput suum sine
				testibus et arbitris<note>arbitriis <hi rend="italic">T</hi>: <hi rend="italic">corr. Peyron</hi></note> ferro defendere liceret? </p></div><milestone n="22" unit="chapter"/><div type="textpart" subtype="section" n="51">
			<p><reg>quis</reg> est cui magis ignosci conveniat, quoniam me ad <num>xii</num> tabulas
				revocas, quam si quis quem imprudens occiderit? <reg>nemo</reg>, opinor.
					<reg>haec</reg> enim tacita lex est humanitatis ut ab homine consili, non
				fortunae poena repetatur. <reg>tamen</reg> huiusce rei veniam maiores non dederunt.
					<reg>nam</reg> lex est in <num>xii</num> tabulis: <quote><reg>si</reg> telvm
					manv fvgit ma<add> gis qvam iecit</add><note>-gis quam iecit <hi rend="italic">suppl. Peyron</hi> (<hi rend="italic">cf. Top.</hi> 64)</note>
					<gap reason="lost"/>
				</quote>
				<gap reason="lost"/>
				</p></div><div type="textpart" subtype="section" n="52"><p><bibl>Iulius Rufinianus (H. p. 40.21).</bibl></p>
			<p><reg>si</reg> qui<note>quis <hi rend="italic">Baiter</hi></note> furem occiderit,
				iniuria occiderit. <reg>quam</reg> ob rem? <reg>quia</reg> ius constitutum nullum
				est. <reg>quid</reg>, si se telo defenderit? <reg>non</reg> iniuria. <reg>quid</reg>
				ita? <reg>quia</reg> constitutum est. </p></div><milestone n="23" unit="chapter"/><div type="textpart" subtype="section" n="53"><p>. . tamen per vim<note>per vim <hi rend="italic">Beier</hi>: verum <hi rend="italic">T</hi></note> factum
						esset<note><app><lem>esset</lem></app> non modo servos <hi rend="italic">add.
						T</hi> (<hi rend="italic">e v.</hi> 11 <hi rend="italic">geminatum</hi>):
						<hi rend="italic">del. Beier</hi></note>, tamen in eo ipso loco qui tuus
				esset, non modo servos M. Tulli occidere iure non potuisti verum etiam, si tectum
				hoc insciente aut per vim demolitus esses quod hic in tuo aedificasset et suum esse
				defenderet, id vi aut clam factum iudicaretur. <reg>tu</reg> ipse iam statue quam
				verum sit, cum paucas tegulas deicere impune familia tua non potuerit, maximam
				caedem sine fraude facere potuisse<note>potuisset <hi rend="italic">T</hi>: <hi rend="italic">corr. Beier</hi></note>. <reg>ego</reg> ipse tecto illo
				disturbato si hodie postulem, quod vi aut clam factum sit, tu aut per arbitrum
				restituas aut sponsione condemneris necesse est; nunc hoc probabis viris talibus,
				cum aedificium tuo iure disturbare non potueris quod esset, quem ad modum tu vis, in
				tuo, homines qui in eo aedificio fuerint te tuo iure potuisse occidere? </p></div><milestone n="24" unit="chapter"/><div type="textpart" subtype="section" n="54"><p>'<reg>at</reg><note><app><lem>at</lem></app> ad <hi rend="italic">T</hi> (<hi rend="italic">ita mox</hi>)</note> servus meus non comparet, qui visus est
				cum tuis; at casa mea est incensa a tuis.' <reg>quid</reg> ad haec respondeam?
					<reg>ostendi</reg> falsa esse; verum tamen confitebor. <reg>quid</reg> postea?
					<reg>hoc</reg> sequitur, ut familiam<note>familia <hi rend="italic">T</hi>: <hi rend="italic">corr. G. Müller</hi></note> M. Tulli concidi oportuerit?
					<reg>vix</reg> me hercule ut corium peti, vix ut gravius expostulari; verum ut
				esses durissimus, agi quidem usitato iure et cotidiana actione potuit.
					<reg>quid</reg> opus fuit vi, quid armatis hominibus, quid caede, quid sanguine?
					</p></div><div type="textpart" subtype="section" n="55"><p>'<reg>at</reg> enim oppugnatum me fortasse
				venissent.' <reg>haec</reg> est illorum in causa perdita extrema non oratio neque
				defensio, sed coniectura et quasi divinatio. <reg>illi</reg> oppugnatum venturi
				erant? quem? Fabium. <reg>quo</reg> consilio? Vt occiderent. <reg>quam</reg> ob
				causam? quid ut proficerent? qui comperisti? et ut rem perspicuam quam paucissimis
				verbis agam, dubitari hoc potest, recuperatores, utri oppugnasse videantur, qui ad
				villam venerunt, an qui in villa manserunt? </p></div><div type="textpart" subtype="section" n="56"><p>qui
				occisi sunt, an ei ex quorum numero saucius factus est nemo?
						qui<note><app><lem>qui</lem></app>
					<hi rend="italic">fort.</hi> quibus</note> cur facerent, causa non fuit, an ei
				qui fecisse<note>fecissent <hi rend="italic">T</hi></note> se confitentur?
					<reg>verum</reg> ut hoc tibi credam, metuisse te ne oppugnarere, quis hoc
				statuit umquam<note>statuit umquam <hi rend="italic">Quintil.</hi>: statutumquam
						<hi rend="italic">T</hi></note>, aut cui concedi sine summo omnium periculo
				potest, ut eum<note><app><lem>ut eum</lem></app>
					<hi rend="italic">hic desinit T</hi></note> iure potuerit occidere a quo
				metuisse se dicat ne ipse posterius occideretur<note>quis hoc ... occideretur <hi rend="italic">hab. Quintil.</hi> v. 13. 21</note>? </p>
		</div></div>
	</body></text>
</TEI>
