<?xml version='1.0' encoding='UTF-8'?>
<?xml-model href="http://www.stoa.org/epidoc/schema/latest/tei-epidoc.rng" schematypens="http://relaxng.org/ns/structure/1.0"?>
<TEI xmlns="http://www.tei-c.org/ns/1.0">
	<teiHeader xml:lang="eng">
		<fileDesc>
			<titleStmt>
				<title>In the Senate after his Return</title>
				<title>Cum Senatui gratias egit, Cum populo gratias egit, De domo sua, De haruspicum
					responso, Pro Sestio, In Vatinium, De provinciis consularibus, Pro Balbo</title>
				<title type="sub">Machine readable text</title>
				<author n="Cic.">M. Tullius Cicero</author>
				<editor role="editor" n="OCT">Albert Clark</editor>
				<sponsor>Perseus Project, Tufts University</sponsor>
				<principal>Gregory Crane</principal>
				<respStmt>
					<resp>Prepared under the supervision of</resp>
					<name>Bridget Almas</name>
					<name>Lisa Cerrato</name>
					<name>William Merrill</name>
					<name>David Mimno</name>
					<name>Rashmi Singhal</name>
					<name>David Smith</name>
				</respStmt>
				<funder n="org:NEH">National Endowment For The Humanities (NEH)</funder> 
				
			</titleStmt>
			<publicationStmt>
				<publisher>Trustees of Tufts University</publisher>
				<pubPlace>Medford, MA</pubPlace>
				<authority>Perseus Project</authority>
				<date type="release">1997-10-28</date>
			</publicationStmt> 
			
			<sourceDesc>
				<biblStruct>
					<monogr>
						<author>M. Tullius Cicero</author>
						<title>M. Tulli Ciceronis Orationes: Recognovit brevique adnotatione critica
							instruxit Albertus Curtis Clark</title>
						<editor role="editor">Albert Clark</editor>
						<imprint>
							<pubPlace>Oxonii</pubPlace>
							<publisher>e Typographeo Clarendoniano</publisher>
							<date>1909</date>
						</imprint>
					</monogr>
					<series>
						<title>Scriptorum Classicorum Bibliotheca Oxoniensis</title>
					</series>
				</biblStruct>
			</sourceDesc>
		</fileDesc>
		
		<encodingDesc>
			<refsDecl n="CTS">
				<cRefPattern n="section" matchPattern="(\w+)" replacementPattern="#xpath(/tei:TEI/tei:text/tei:body/tei:div/tei:div[@n='$1'])">
					<p>This pointer pattern extracts section</p>
				</cRefPattern>
			</refsDecl>
			<refsDecl>
				<refState unit="section"/>
			</refsDecl>
		</encodingDesc>
		
		<!--		<encodingDesc>
			<refsDecl>
				<refState delim=" " unit="text"/>
				<refState unit="section"/>
			</refsDecl>
			<refsDecl>
				<refState delim=" " unit="text"/>
				<refState delim="." n="chunk" unit="chapter"/>
				<refState unit="section"/>
			</refsDecl>
		</encodingDesc>-->
		
		<profileDesc>
			<langUsage>
				<language ident="lat">Latin</language>
				<language ident="grc">Greek</language>
			</langUsage>
		</profileDesc>
		<revisionDesc>
			<change when="2016-05-20" who="Lisa Cerrato">Review of EpiDoc and CTS work. Minor edits.</change>
			<change when="2016-03-17" who="Zach Himes">Changed section milestones to divs.</change>
			<change when="2015-12-17" who="Zach Himes">Cleaned up teiHeader.</change>
			<change when="2014-08-01" who="Stella Dee">edited markup</change>
			<change when="2014-07-01" who="Stella Dee">split composite text and converted to unicode</change>
			<change when="2013-09-13" who="balmas01">reverting texts back to pre_cts_reorg tagged version</change>
			<change when="2011-07-19" who="gcrane">removed the earlier persName/placeName tags</change>
			<change when="2011-07-09" who="gcrane">fixed problems with capitalization</change>
			<change when="2011-01-15" who="gcrane">base SDL file</change>
			<change when="2009-10-09" who="rsingh04">more reorganizing of texts module by collection</change>
			<change when="2006-04-21" who="gcrane">these now have the app crit entered as notes</change>
			<change when="2005-08-01" who="packel">removed stray item tags</change>
			<change when="2005-07-25" who="packel">Converted to XML</change>
			<change when="2005-04-08" who="mimno">added default chunks</change>
			<change when="2004-12-23" who="mimno">typo: cDe harus... s/b  De harus</change>
			<change when="2003-07-01" who="yorkc">Updated texts to TEI P4 and Perseus P4 extensions; minor cleanup (esp. character encodings and typos.)</change>
			<change when="2002-12-02" who="amahoney">correct spelling of Quirites, improperly 'regularized'</change>
			<change when="2000-03-04" who="dasmith">Added separate funder entity to TEI header.</change>
			<change when="1999-10-14" who="dasmith">Added explanatory subtitles to titleStmt</change>
			<change when="1999-08-12" who="dasmith">Fixed refsDecl</change>
			<change when="1999-08-04" who="textgod">Random changes over a period of months.</change>
			<change when="1997-10-31" who="textgod">Added QUOTE tags to verse.</change>
			<change when="1997-08-18" who="textgod">???</change>
			<change when="1997-05-13" who="cjsu">passed SGML validation</change>
			<change when="1997-03-26" who="DAS">ed.</change></revisionDesc>
	</teiHeader>
	
	<text xml:lang="lat">
		<body><div type="edition" xml:lang="lat" n="urn:cts:latinLit:phi0474.phi019.perseus-lat2" subtype="edition">
			<head>ORATIO CVM SENATVI GRATIAS EGIT</head>
			<milestone n="1" unit="chapter"/>
			<div type="textpart" subtype="section" n="1"><p>
			<milestone unit="para"/><reg>si</reg>, patres conscripti, pro vestris immortalibus in me fratremque meum
				liberosque nostros meritis parum vobis cumulate gratias egero, quaeso obtestorque ne
				meae naturae potius quam magnitudini vestrorum beneficiorum id tribuendum<note>id
					trib. <hi rend="italic">HGbk et pler.</hi>: adtrib. <hi rend="italic">PB<foreign xml:lang="grc">Se</foreign></hi></note> putetis.
					<reg>quae</reg> tanta enim potest exsistere ubertas ingeni, quae tanta dicendi
				copia, quod tam divinum atque incredibile genus orationis, quo quisquam
					possit<note>posset <hi rend="italic">G1<foreign xml:lang="grc">e</foreign></hi></note> vestra in nos universa promerita non dicam complecti
				orando, sed percensere numerando<note>enumerando <hi rend="italic">b2s</hi></note>?
				qui mihi fratrem optatissimum, me fratri amantissimo, liberis nostris parentes,
				nobis liberos, qui dignitatem, qui ordinem, qui fortunas, qui amplissimam rem
				publicam, qui patriam, qua nihil potest esse iucundius<note>qua ... iucundius <hi rend="italic">s. l. P1</hi></note>, qui denique nosmet ipsos nobis
				reddidistis. </p></div>
			<div type="textpart" subtype="section" n="2"><p><reg>quod</reg> si parentes carissimos
				habere debemus, quod ab iis nobis vita, patrimonium, libertas, civitas tradita est,
				si deos immortalis, quorum beneficio et haec tenuimus et ceteris rebus aucti sumus,
				si populum Romanum, cuius honoribus in amplissimo consilio et in altissimo gradu
				dignitatis atque in hac omnium terrarum arce conlocati sumus, si hunc ipsum ordinem,
				a quo saepe magnificentissimis decretis sumus honestati, immensum quiddam et
				infinitum est quod vobis debeamus<note>debemus <hi rend="italic">b2
					Lamb.</hi></note>, qui vestro singulari studio atque consensu parentum
				beneficia, deorum immortalium munera, populi Romani honores, vestra de me multa
				iudicia nobis uno tempore omnia reddidistis, ut, cum multa vobis, magna populo
				Romano, innumerabilia parentibus, omnia dis immortalibus debeamus, haec antea
				singula per illos habuerimus, nunc universa per vos reciperarimus. </p></div><milestone n="2" unit="chapter"/>
			<div type="textpart" subtype="section" n="3"><p>
			<milestone unit="para"/><reg>itaque</reg>, patres conscripti, quod ne optandum quidem est homini,
				immortalitatem quandam per vos esse adepti videmur. <reg>quod</reg> enim tempus erit
				umquam cum<note><app><lem>cum</lem></app> quo <hi rend="italic">Hbk<foreign xml:lang="grc">e</foreign>s</hi></note> vestrorum in nos beneficiorum memoria ac fama
				moriatur? <reg>qui</reg> illo ipso tempore cum vi ferro metu minis obsessi
				teneremini, non multo post discessum meum me universi revocavistis referente L.
				Ninnio, fortissimo atque optimo viro, quem habuit ille pestifer annus et maxime
				fidelem et minime timidum, si dimicare placuisset, defensorem salutis meae: postea
				quam vobis decernendi potestas non est permissa<note>non est permissa <hi rend="italic">ut Angelius ita H2bk et in P s. l. manus recentissima</hi>:
					facta non est <foreign xml:lang="grc">e</foreign></note> per eum tribunum plebis
				qui, cum per se rem publicam lacerare non posset, sub alieno scelere
					delituit<note>delituit <foreign xml:lang="grc">e</foreign>: deluit <hi rend="italic">P1B</hi>: delevit <hi rend="italic">P2Gkt</hi>: diruit <hi rend="italic">Hb2s</hi></note>, numquam de me siluistis, numquam meam
				salutem non ab iis consulibus qui vendiderant flagitavistis. </p></div>
			<div type="textpart" subtype="section" n="4"><p><reg>itaque</reg> vestro studio atque auctoritate perfectum est
					ut<note>ut <foreign xml:lang="grc">e</foreign>
					<hi rend="italic">Par.</hi> 7774, <hi rend="italic">et in P man. rec.</hi>:
						<hi rend="italic">om. rell.</hi></note> ipse ille annus, quem ego mihi quam
				patriae malueram esse fatalem, octo<note>octo <foreign xml:lang="grc">e</foreign>:
					hoc <hi rend="italic">PB</hi>: hos <hi rend="italic">Gtc</hi>: cum <hi rend="italic">Hk</hi></note> tribunos haberet qui et promulgarent de salute
				mea et ad vos saepe numero referrent. <reg>nam</reg> consules modesti legumque
				metuentes impediebantur lege, non ea quae de me, sed ea quae de ipsis lata erat,
					quam<note>quam <hi rend="italic">Lamb.</hi>: cum <hi rend="italic">codd.</hi>
					(promulgavisset <hi rend="italic">Ernesti</hi>)</note> meus inimicus
				promulgavit ut, si revixissent ii qui haec paene delerunt, tum ego redirem; quo
				facto utrumque confessus est, et se illorum vitam desiderare, et magno in periculo
				rem publicam futuram si, cum hostes atque interfectores rei publicae revixissent,
				ego non revertissem. <reg>idemque</reg><note>Idemque <hi rend="italic">scripsi</hi>: itaque <hi rend="italic">codd. praeter</hi>
					<foreign xml:lang="grc">e</foreign> (atque)</note> illo ipso tamen<note>tamen
						<hi rend="italic">om. H</hi>: tum <hi rend="italic">k</hi></note> anno,
				cum ego cessissem, princeps autem civitatis non legum praesidio sed parietum vitam
				suam tueretur, res publica sine consulibus esset, neque solum parentibus perpetuis
				verum etiam tutoribus annuis esset orbata, sententias<note>vos <hi rend="italic">ante</hi> sententias <hi rend="italic">add. K. Lehmann</hi></note> dicere
				prohiberemini, caput meae proscriptionis recitaretur, numquam dubitastis meam
				salutem cum communi salute coniungere. </p></div><milestone n="3" unit="chapter"/>
			<div type="textpart" subtype="section" n="5"><p><reg>postea</reg> vero quam singulari et praestantissima
				virtute P. Lentuli consulis ex superioris anni caligine et tenebris lucem in re
				publica Kalendis Ianuariis dispicere coepistis, cum Q. Metelli, nobilissimi hominis
				atque optimi viri, summa dignitas, cum praetorum tribunorum plebis paene omnium
				virtus et fides rei publicae subvenisset, cum virtute gloria rebus gestis Cn.
				Pompeius omnium gentium, omnium saeculorum, omnis memoriae facile princeps tuto se
				venire in senatum arbitraretur<note>non arbitr. <foreign xml:lang="grc">e</foreign></note>, tantus vester consensus de salute mea fuit ut
					corpus<note>ut licet corpus <hi rend="italic">Hb2s, ed. R., et in P s. l. man.
						rec.</hi></note> abesset meum, dignitas iam in patriam revertisset.
					</p></div>
			<div type="textpart" subtype="section" n="6"><p><reg>quo</reg> quidem mense quid inter me et
				meos inimicos interesset existimare potuistis. <reg>ego</reg> meam salutem deserui,
				ne propter me civium vulneribus res publica cruentaretur: illi meum reditum non
				populi Romani suffragiis sed flumine sanguinis intercludendum putaverunt.
					<reg>itaque</reg> postea nihil vos civibus, nihil sociis, nihil regibus
				respondistis; nihil iudices sententiis, nihil populus suffragiis, nihil hic ordo
				auctoritate declaravit; mutum forum, elinguem curiam, tacitam et fractam civitatem
				videbatis. </p></div>
			<div type="textpart" subtype="section" n="7"><p><reg>quo</reg> quidem tempore, cum is
				excessisset qui caedi et flammae vobis auctoribus restiterat, cum ferro et facibus
				homines tota urbe volitantis, magistratuum tecta impugnata, deorum templa
				inflammata, summi viri et clarissimi consulis fascis fractos, fortissimi atque
				optimi tribuni plebis sanctissimum corpus non tactum ac violatum manu sed vulneratum
				ferro confectumque vidistis. <reg>qua</reg> strage non nulli permoti magistratus
				partim metu mortis, partim desperatione rei publicae paululum a mea causa
				recesserunt: reliqui fuerunt quos neque terror nec vis, nec spes nec metus, nec
				promissa nec minae, nec tela nec faces a vestra auctoritate, a populi Romani
				dignitate, a mea salute depellerent. </p></div><milestone n="4" unit="chapter"/>
			<div type="textpart" subtype="section" n="8"><p>
			<milestone unit="para"/><reg>princeps</reg> P. Lentulus, parens ac deus nostrae vitae fortunae memoriae
				nominis, hoc specimen virtutis, hoc indicium animi, hoc lumen consulatus sui fore
				putavit, si me mihi, si meis, si vobis, si rei publicae reddidisset. <reg>qui</reg>
				ut est designatus, numquam dubitavit sententiam de salute mea se et re publica
				dignam dicere: cum a tribuno plebis vetaretur, cum praeclarum caput recitaretur ne
				quis ad vos referret, ne quis decerneret, ne disputaret, ne loqueretur, ne pedibus
				iret, ne scribendo adesset, totam illam, ut ante dixi, proscriptionem non legem
				putavit, qua civis optime de re publica meritus nominatim sine iudicio una cum
				senatu rei publicae esset ereptus. Vt vero iniit magistratum, non dicam quid
					egit<note>egerit <hi rend="italic">Hbks</hi></note> prius, sed quid omnino egit
				aliud nisi ut me conservato vestram in posterum dignitatem auctoritatemque sanciret?
					</p></div>
			<div type="textpart" subtype="section" n="9"><p><reg>di</reg> immortales, quantum mihi
				beneficium dedisse videmini, quod hoc anno P. Lentulus consul <add>populi
					Romani</add> fuit<note>p. R. fuit <hi rend="italic">scripsi</hi>: prefuit <hi rend="italic">s. l. Hc, et ita bks</hi>: <hi rend="italic">om. P
						rell.</hi>: fuit <hi rend="italic">Manutius</hi>: est <foreign xml:lang="grc">e</foreign></note>! quanto<note><app><lem>quanto</lem></app> quo
					quanto <hi rend="italic">Hbks, ed. R.</hi></note> maius dedissetis si superiore
				anno fuisset! <reg>nec</reg> enim eguissem medicina consulari, nisi consulari
				vulnere concidissem. <reg>audieram</reg> ex sapientissimo homine atque optimo civi
				et viro, Q. Catulo, non saepe unum consulem improbum, duo<note>duo <hi rend="italic">P1H</hi>: duos <hi rend="italic">B<foreign xml:lang="grc">s</foreign>t</hi></note> vero numquam<note>numquam post Romam conditam
						<foreign xml:lang="grc">e</foreign>, <hi rend="italic">Kayser</hi></note>
				excepto illo Cinnano<note>cinnano <foreign xml:lang="grc">e</foreign>: germano <hi rend="italic">P</hi> (<hi rend="italic">dein del.</hi>: <hi rend="italic">om. Bt</hi>): cesonino <hi rend="italic">in mg. PG<foreign xml:lang="grc">s</foreign></hi> (-ini <hi rend="italic">Hs</hi>)</note> tempore
				fuisse; qua re meam causam semper fore firmissimam dicere solebat, dum vel unus in
				re publica consul esset; quod vere dixerat si illud de duobus consulibus, quod ante
				in re publica non<note>non <hi rend="italic">om. <foreign xml:lang="grc">e</foreign></hi>: <hi rend="italic">Wolfio auct. secl.
					Kayser</hi></note> fuerat, perenne ac proprium manere potuisset. <reg>quod</reg>
				si Q. Metellus illo tempore consul fuisset <del>inimicus<note>inimicus <hi rend="italic">secl. Halm</hi>: non inim. <hi rend="italic">Hbks.
							Num</hi> etsi inim.? (§ 25)</note></del>, dubitatis quo animo fuerit in
				me conservando futurus, cum in restituendo auctorem fuisse adscriptoremque videatis?
					</p></div>
			<div type="textpart" subtype="section" n="10"><p><reg>sed</reg> fuerunt
						ii<note><app><lem>ii</lem></app> duo <hi rend="italic">Hbs</hi></note> consules
				quorum mentes angustae humiles pravae<note>parvae <hi rend="italic">Gbc<foreign xml:lang="grc">e</foreign></hi></note>, oppletae tenebris ac sordibus,
				nomen ipsum consulatus, splendorem illius honoris, magnitudinem tanti imperi nec
				intueri nec sustinere nec capere potuerunt,—non consules, sed mercatores
				provinciarum ac venditores vestrae dignitatis; quorum alter a<note>a <hi rend="italic">s. l. P1, rell.</hi>: <hi rend="italic">auct. Halmio om.
						edd.</hi></note> me Catilinam, amatorem suum, multis audientibus, alter
				Cethegum consobrinum reposcebat; qui me duo sceleratissimi post hominum memoriam non
				consules sed latrones non modo deseruerunt, in causa praesertim publica et
				consulari, sed prodiderunt, oppugnarunt, omni auxilio non solum suo sed etiam vestro
				ceterorumque ordinum spoliatum esse voluerunt. <reg>quorum</reg> alter tamen neque
				me neque quemquam fefellit. </p></div><milestone n="5" unit="chapter"/>
			<div type="textpart" subtype="section" n="11"><p><reg>quis</reg> enim ullam ullius boni spem haberet in eo cuius
				primum tempus aetatis palam fuisset ad omnis<note>omnes <hi rend="italic">P rell.
						praeter <foreign xml:lang="grc">e</foreign>e</hi> (omnium)</note> libidines
				divulgatum? qui ne a sanctissima quidem parte corporis potuisset hominum impuram
				intemperantiam propulsare? qui cum suam rem non minus strenue quam postea publicam
				confecisset, egestatem et luxuriem<note>luxuriam <hi rend="italic">Hbks</hi> (<hi rend="italic">verr.</hi> v, § 80)</note> domestico lenocinio sustentavit?
				qui nisi in aram tribunatus confugisset, neque vim praetoris nec multitudinem
				creditorum nec bonorum proscriptionem effugere potuisset? qui<note>qui <hi rend="italic">codd. praeter <foreign xml:lang="grc">e</foreign>e</hi>
					(quo)</note> in magistratu nisi rogationem de piratico bello tulisset, profecto
				egestate et improbitate coactus piraticam ipse fecisset, ac minore quidem cum rei
				publicae detrimento quam quod<note>quam quo <hi rend="italic">com.
					Garat.</hi></note> intra moenia nefarius hostis praedoque versatus est? quo
				inspectante ac sedente legem tribunus plebis tulit ne auspiciis obtemperaretur, ne
				obnuntiare concilio aut comitiis, ne legi intercedere liceret, ut lex Aelia et Fufia
				ne valeret, quae nostri maiores certissima subsidia rei publicae contra tribunicios
				furores esse voluerunt? </p></div>
			<div type="textpart" subtype="section" n="12"><p><reg>idemque</reg> postea,
				cum innumerabilis multitudo bonorum de Capitolio supplex ad eum sordidata venisset,
				cumque adulescentes nobilissimi cunctique equites Romani se ad lenonis impudicissimi
				pedes abiecissent, quo vultu cincinnatus ganeo non solum civium lacrimas verum etiam
				patriae preces repudiavit! <reg>neque</reg> eo contentus fuit, sed etiam in
				contionem escendit<note>escendit <hi rend="italic">P</hi>: descendit <hi rend="italic">B<foreign xml:lang="grc">S</foreign>t</hi>: ascendit <hi rend="italic">GHb<foreign xml:lang="grc">s</foreign>s<foreign xml:lang="grc">e</foreign></hi></note> eaque dixit quae, si eius vir
				Catilina revixisset, dicere non esset ausus, se Nonarum Decembrium quae me consule
				fuissent clivique Capitolini poenas ab equitibus Romanis esse repetiturum.
					<reg>neque</reg> solum id dixit, sed quos ei commodum fuit compellavit,
					Lucium<note>Lucium <hi rend="italic">P rell. praeter s</hi> (L.)</note> vero
					Lamiam<note>Lamiam <hi rend="italic"><foreign xml:lang="grc">e</foreign>s</hi>:
					iam <hi rend="italic">PHGc all.</hi></note>, equitem Romanum, praestanti
				dignitate hominem et saluti meae pro familiaritate, rei publicae pro fortunis suis
				amicissimum, consul imperiosus exire ex<note>ex <foreign xml:lang="grc">e</foreign>
						(<hi rend="italic">prob. Zielinski</hi>): <hi rend="italic">om.
					rell.</hi></note> urbe iussit. <reg>et</reg> cum vos vestem mutandam
				censuissetis cunctique mutassetis atque idem omnes boni iam ante fecissent, ille
				unguentis oblitus cum toga praetexta, quam omnes praetores aedilesque tum
				abiecerant, inrisit squalorem vestrum et luctum gratissimae civitatis, fecitque,
				quod nemo umquam tyrannus, ut quo minus<note>cum (quom) <hi rend="italic">ante</hi>
					quo minus <hi rend="italic">add. J. S. Reid</hi></note> occulte vestrum malum
				gemeretis nihil diceret<note>nihil diceret <hi rend="italic">codd.</hi>: nihil
					terreret <hi rend="italic">Reid</hi>: nihil se intercedere ediceret <hi rend="italic">Madv.</hi>: nihil diceret esse quod obstaret <hi rend="italic">Lahmann</hi>: <hi rend="italic">num</hi> nihil diceret
					impedire? ne aperte ... ediceret <hi rend="italic">s. l. P2</hi>: <hi rend="italic">om. Madv. Cf. Sest.</hi> xiv: <hi rend="italic">Planc.</hi>
					§ 87 <hi rend="italic">edictoque suo non luctum patribus conscriptis sed
						indicia luctus ademerint</hi>: <hi rend="italic">in Pis.</hi> § 18 <hi rend="italic">maerorem relinquis, maeroris aufers insignia</hi></note>, ne
				aperte incommoda patriae lugeretis ediceret. </p></div><milestone n="6" unit="chapter"/>
			<div type="textpart" subtype="section" n="13"><p>Cum vero in circo Flaminio non a tribuno
				plebis consul in contionem, sed a latrone archipirata productus esset, primum
				processit, qua auctoritate vir! vini somni stupri plenus, madenti coma, composito
				capillo, gravibus oculis, fluentibus buccis: pressa voce<note>blaesa voce <hi rend="italic">Gertz</hi></note> et temulenta, quod in civis indemnatos
				esset animadversum, id sibi dixit gravis auctor vehementissime displicere. Vbi nobis
				haec auctoritas tam diu tanta latuit? cur in lustris et helluationibus huius
				calamistrati saltatoris tam eximia virtus tam diu cessavit? <reg>nam</reg> ille
				alter Caesoninus <reg>calventius</reg> ab adulescentia versatus est in foro, cum eum
				praeter simulatam versutamque<note>versutamque <hi rend="italic">PB</hi>: victamque
						<hi rend="italic"><foreign xml:lang="grc">e</foreign>e</hi>: irritamque <hi rend="italic">HG1bcs</hi>: irritatamque <hi rend="italic">k</hi></note>
				tristitiam nulla res commendaret, non consilium, non dicendi copia, non<note>non
					consilium, non dicendi copia, non <hi rend="italic">scripsi</hi> (<hi rend="italic">cf.</hi> § 15 non consilio neque eloquentia): non inconsulta
					(non cos. <hi rend="italic">Gs</hi>) studium non dicendi vitia (iura <hi rend="italic">bs</hi>) <hi rend="italic">PB et pler.</hi>: non iuris
					studium non dicendi non <hi rend="italic"><foreign xml:lang="grc">e</foreign>e</hi>: non vis consilii (non iuris civilis prudentia <hi rend="italic">Muell.</hi>) non dicendi facultas non scientia <hi rend="italic">Lamb.</hi></note> rei militaris, non cognoscendorum hominum
				studium, non liberalitas. <reg>quem</reg> praeteriens cum incultum horridum
				maestumque vidisses, etiam si agrestem et inhumanum existimares, tamen libidinosum
				et perditum non putares<note>putares <foreign xml:lang="grc">e</foreign>: putasti
						<hi rend="italic">PBHk</hi>: putasses <hi rend="italic">s</hi></note>.
					</p></div>
			<div type="textpart" subtype="section" n="14"><p>Cum hoc homine an cum stipite<note>stipite <hi rend="italic">b2<foreign xml:lang="grc">e</foreign></hi>: stipe <hi rend="italic">P1</hi>: etiope P2: ethiope <hi rend="italic">Bt</hi>: stipe
					vel aethiope <hi rend="italic">G</hi></note> in foro constitisses, nihil
				crederes interesse: sine sensu, sine sapore, elinguem, tardum, inhumanum negotium,
				Cappadocem modo abreptum de grege venalium diceres. <reg>idem</reg> domi quam
				libidinosus, quam impurus, quam intemperans, non ianua receptis sed pseudothyro
				intromissis voluptatibus! Cum vero etiam litteris<note>litteris <hi rend="italic">cod. Erfurt. G2 <foreign xml:lang="grc">e</foreign>t</hi>: litteras <hi rend="italic">PBH<foreign xml:lang="grc">s</foreign>s</hi> belua <foreign xml:lang="grc">e</foreign>: veluus (<hi rend="italic">corr.</hi> heluus)
						<hi rend="italic">P</hi>: beluus <hi rend="italic">B</hi>: helluo <hi rend="italic">bs</hi>: <hi rend="italic">om. H</hi></note> studere incipit
				et belua immanis cum Graeculis philosophari, tum est Epicureus non penitus illi
				disciplinae, quaecumque est, deditus, sed captus uno verbo voluptatis.
					<reg>habet</reg> autem magistros non ex istis ineptis qui dies totos de officio
				ac de virtute disserunt, qui ad laborem, ad industriam, ad pericula pro patria
				subeunda adhortantur, sed eos qui disputent<note>disputant <hi rend="italic">Lamb.
						in mg.</hi></note> horam nullam vacuam voluptate esse debere, in omni parte
				corporis semper oportere aliquod gaudium delectationemque versari. </p></div>
			<div type="textpart" subtype="section" n="15"><p><reg>his</reg> utitur quasi praefectis libidinum suarum, hi
				voluptates omnis vestigant atque odorantur, hi sunt conditores instructoresque
				convivi, idem expendunt atque aestimant voluptates sententiamque dicunt et iudicant
				quantum cuique libidini tribuendum esse videatur. Horum ille artibus eruditus ita
				contempsit hanc prudentissimam<note>pudent. <foreign xml:lang="grc">e</foreign>
					<hi rend="italic">Halm</hi></note> civitatem ut omnis suas libidines, omnia
				flagitia latere posse arbitraretur, si modo vultum importunum in forum detulisset.
					<milestone n="7" unit="chapter"/><reg>is</reg> nequaquam me quidem<note>Is
					nequaquam me quidem <hi rend="italic">Muell.</hi>: is me, quamquam me quidem
					(equidem <hi rend="italic">P2BHb</hi>) non <hi rend="italic">codd.,
					edd.</hi></note>—cognoram enim propter Pisonum adfinitatem quam longe hunc ab
				hoc genere cognatio materna Transalpini sanguinis abstulisset— sed vos populumque
				Romanum non consilio neque eloquentia, quod in multis saepe accidit, sed rugis
				supercilioque decepit. </p></div>
			<div type="textpart" subtype="section" n="16"><p>Luci<note>Luci <hi rend="italic">PBG</hi>: L. <hi rend="italic">H<foreign xml:lang="grc">e</foreign>s</hi></note> Piso, tune ausus es isto oculo, non dicam isto
				animo, ista fronte, non vita<note><app><lem>non vita</lem></app> non ista mente <hi rend="italic">c</hi></note>, tanto supercilio, non enim possum dicere
				tantis rebus<note>rebus <foreign xml:lang="grc">e</foreign>, <hi rend="italic">om.
						rell.</hi> (tantibus gestis <hi rend="italic">P1</hi>: tantis gestis <hi rend="italic">P corr., BHk all.</hi>)</note> gestis, cum A. Gabinio
				consociare consilia pestis meae? <reg>non</reg> te illius unguentorum odor, non vini
				anhelitus, non frons calamistri notata vestigiis in eam cogitationem adducebat, ut
				cum illius re similis fuisses, frontis tibi integimento<note>integum. <foreign xml:lang="grc">e</foreign></note> ad occultanda tanta flagitia diutius uti
				non liceret? Cum hoc<note>hoc tu <foreign xml:lang="grc">e</foreign></note> coire
				ausus es ut consularem dignitatem, ut rei publicae statum, ut senatus auctoritatem,
				ut civis optime meriti fortunas provinciarum foedere addiceres? <reg>te</reg>
				consule, tuis edictis et imperiis senatui populi Romani non est licitum non modo
				sententiis atque auctoritate sua, sed ne luctu quidem ac vestitu rei publicae
				subvenire? </p></div>
			<div type="textpart" subtype="section" n="17"><p>Capuaene te putabas, in qua urbe
				domicilium quondam superbiae fuit, consulem esse, sicut eras eo tempore<note>sicut
					eras eo tempore <hi rend="italic">secl. Garat., Halm</hi></note>, an Romae, in
				qua civitate omnes ante vos consules senatui paruerunt? <reg>tu</reg> es ausus in
				circo Flaminio productus cum tuo illo pari dicere te semper<note>pare <hi rend="italic">P</hi> semper <hi rend="italic">om. Schol.</hi></note>
				misericordem fuisse? quo verbo senatum atque omnis bonos, tum cum a patria pestem
						depellerent<note><app><lem>depellerent</lem></app> expellerent <hi rend="italic">ed. R.</hi>: depulissem <hi rend="italic"><foreign xml:lang="grc">e</foreign>e</hi>: depulissent <hi rend="italic">t Lamb.</hi>: tum ...
					depellerent <hi rend="italic">om. rell., fort. recte. Nam habet Schol.</hi> Quo
					verbo ceteros demonstrabas crudeles fuisse</note>, crudelis demonstrabas fuisse.
					<reg>tu</reg> misericors me, adfinem tuum, quem comitiis<note>tuis <hi rend="italic">post</hi> comitiis <hi rend="italic">add. <foreign xml:lang="grc">e</foreign>, ante</hi> com. <hi rend="italic">G</hi></note> praerogativae primum custodem praefeceras, quem Kalendis
				Ianuariis tertio loco sententiam rogaras<note>rogaras <hi rend="italic">c<foreign xml:lang="grc">e</foreign></hi>: rogabas <hi rend="italic">P
					rell.</hi></note>, constrictum inimicis rei publicae<note>rei pub. <hi rend="italic">om. Schol.</hi></note> tradidisti; tu meum generum,
				propinquum tuum, tu adfinem tuam, filiam meam, superbissimis et crudelissimis verbis
				a genibus tuis reppulisti; idemque tu clementia ac misericordia singulari, cum ego
				una cum re publica non tribunicio sed consulari ictu concidissem, tanto scelere
				tantaque intemperantia fuisti ut ne unam quidem horam interesse paterere inter meam
				pestem et tuam praedam, saltem dum conticisceret illa lamentatio et gemitus urbis!
					</p></div>
			<div type="textpart" subtype="section" n="18"><p><reg>nondum</reg> palam factum erat occidisse
				rem publicam, cum tibi arbitria funeris solvebantur: uno eodemque tempore domus mea
				diripiebatur, ardebat, bona ad vicinum consulem de Palatio, de Tusculano ad item
				vicinum alterum consulem deferebantur cum, isdem operis suffragium ferentibus, eodem
				gladiatore latore, vacuo non modo a bonis sed etiam a liberis atque inani foro,
				ignaro populo Romano quid ageretur, senatu vero oppresso et adflicto, duobus impiis
				nefariisque consulibus aerarium provinciae legiones imperia donabantur. <milestone n="8" unit="chapter"/>
			<milestone unit="para"/>Horum consulum ruinas vos consules vestra virtute fulsistis, summa tribunorum plebis
				praetorumque fide et diligentia sublevati. </p></div>
			<div type="textpart" subtype="section" n="19"><p><reg>quid</reg> ego de praestantissimo viro, T. Annio, dicam, aut quis de tali
				cive satis digne umquam loquetur? <reg>qui</reg> cum videret sceleratum civem aut
				domesticum potius hostem, si legibus uti liceret, iudicio esse frangendum, sin ipsa
				iudicia vis impediret ac tolleret, audaciam virtute, furorem fortitudine,
				temeritatem consilio, manum copiis<note>coiis <hi rend="italic">P, om. Bb</hi>
					(manum manu <hi rend="italic">Hb<foreign xml:lang="grc">s</foreign></hi>)</note>, vim vi esse superandam, primo de vi postulavit;
				postea quam ab eodem iudicia sublata esse vidit, ne ille omnia vi posset efficere
				curavit; qui docuit neque tecta neque templa neque<note>neque <hi rend="italic">c</hi></note> forum nec curiam sine summa virtute ac maximis opibus et
				copiis ab intestino latrocinio posse defendi; qui primus post meum discessum metum
				bonis, spem<note>spem <foreign xml:lang="grc">e</foreign>: set <hi rend="italic">P1</hi>: et <hi rend="italic">P2H et pler.</hi></note> audacibus, timorem
				huic ordini, servitutem depulit civitati. </p></div>
			<div type="textpart" subtype="section" n="20"><p><reg>quam</reg> rationem pari virtute animo fide P. Sestius secutus pro mea
				salute, pro vestra auctoritate, pro statu civitatis nullas sibi inimicitias, nullam
				vim, nullos impetus, nullum vitae discrimen vitandum umquam putavit; qui causam
				senatus, exagitatam contionibus improborum, sic sua diligentia multitudini
				commendavit ut nihil tam populare quam vestrum nomen, nihil tam omnibus carum
				aliquando quam vestra auctoritas videretur; qui me cum omnibus rebus quibus tribunus
				plebis potuit defendit, tum reliquis officiis, iuxta ac si meus frater esset,
				sustentavit; cuius ego clientibus, libertis, familia, copiis, litteris ita sum
				sustentatus ut meae calamitatis non adiutor solum, verum etiam socius videretur.
					</p></div>
			<div type="textpart" subtype="section" n="21"><p><reg>iam</reg> ceterorum officia
					<add>ac</add><note>ac <hi rend="italic">suppl. Halm</hi>: studiaque <hi rend="italic">k et ed. R.</hi>: <del>studia</del>
					<hi rend="italic">Kays.</hi></note> studia vidistis, quam cupidus mei C.
				Cestilius, quam studiosus vestri, quam non varius fuerit in causa. <reg>quid</reg>
				M. Cispius<note>M. Cispius <hi rend="italic"><foreign xml:lang="grc">e</foreign>e</hi> (<hi rend="italic">Sest.</hi> § 76): mospius <hi rend="italic">PH</hi></note>? cui ego ipsi parenti fratrique eius sentio
				quantum debeam; qui, cum a me<note><app><lem>a me</lem></app> mea <hi rend="italic">G</hi>: mihi <hi rend="italic">Hs</hi></note> voluntas eorum in privato
				iudicio esset offensa, publici mei benefici memoria privatam offensionem
				oblitteraverunt. <reg>iam</reg> T. Fadius, qui mihi quaestor fuit, M. Curtius, cuius
				ego patri quaestor fui, studio amore animo huic necessitudini non defuerunt.
					<reg>multa</reg> de me C. Messius et amicitiae et rei publicae causa dixit:
				legem separatim<note>speratim <hi rend="italic">PB</hi>: speciatim <hi rend="italic">Gb2ks</hi></note> initio de salute mea promulgavit.
					</p></div>
			<div type="textpart" subtype="section" n="22"><p>Q. Fabricius si, quae de me agere conatus est,
				ea contra vim et ferrum perficere potuisset, mense Ianuario nostrum statum
				reciperassemus; quem ad salutem meam voluntas impulit, vis retardavit, auctoritas
				vestra revocavit. <milestone n="9" unit="chapter"/><reg>iam</reg> vero praetores quo
				animo in me fuerint vos existimare potuistis, cum L. Caecilius privatim me suis
				omnibus copiis studuerit sustentare, publice promulgarit de mea salute cum conlegis
				paene omnibus, direptoribus autem bonorum meorum in ius adeundi potestatem non
				fecerit. M. autem Calidius statim designatus sententia sua quam esset cara sibi mea
				salus declaravit<note><hi rend="italic">Num</hi> fecerit, ... declararit?</note>.
					</p></div>
			<div type="textpart" subtype="section" n="23"><p><reg>omnia</reg> officia C. Septimi, Q.
				Valeri, P. Crassi, Sex. Quinctili, C. Cornuti summa et in me et in rem publicam
				constiterunt. 
			<milestone unit="para"/><reg>quae</reg> cum libenter commemoro, tum non invitus non nullorum in me nefarie
				commissa praetereo. <reg>non</reg> est mei temporis iniurias meminisse, quas ego
				etiam si ulcisci possem, tamen oblivisci mallem: alio transferenda mea tota vita
				est, ut bene de me meritis referam gratiam, amicitias igni<note>amicitia segni <hi rend="italic">P2Bt</hi></note> perspectas tuear<note>tuear <hi rend="italic"><foreign xml:lang="grc">e</foreign>e</hi>: tuen <hi rend="italic">P</hi> (<hi rend="italic">corr.</hi> tunc): tẽ <hi rend="italic">B</hi> (amicitias ... tuear <hi rend="italic">om.
					HGs</hi>)</note>, cum apertis hostibus bellum geram, timidis amicis ignoscam,
				proditores indicem<note>indicem <hi rend="italic">scripsi</hi>: non indicem <hi rend="italic">codd.</hi>: non vindicem <hi rend="italic">ut Hotom. ita
						b</hi>: vindicem <hi rend="italic">Madv.</hi>: convincam <hi rend="italic">Muell.</hi></note>, dolorem profectionis meae reditus dignitate consoler.
					</p></div>
			<div type="textpart" subtype="section" n="24"><p><reg>quod</reg> si mihi nullum aliud esset
				officium in omni vita reliquum nisi ut erga duces ipsos et principes atque auctores
				salutis meae satis gratus iudicarer, tamen exiguum reliquae vitae tempus non modo ad
				referendam verum etiam ad commemorandam gratiam mihi relictum putarem.
					<reg>quando</reg> enim ego huic homini ac liberis eius, quando omnes mei gratiam
				referent? <reg>quae</reg> memoria, quae vis ingeni, quae magnitudo observantiae tot
				tantisque beneficiis respondere poterit? qui mihi primus adflicto et iacenti
				consularem fidem dextramque porrexit, qui me a morte ad vitam, a desperatione ad
				spem, ab exitio ad salutem vocavit<note>revocavit <hi rend="italic">b2<foreign xml:lang="grc">s</foreign></hi></note>, qui tanto amore in me, studio in
				rem publicam fuit ut excogitaret quem ad modum calamitatem meam non modo levaret sed
				etiam honestaret. <reg>quid</reg> enim magnificentius, quid praeclarius mihi
				accidere potuit quam quod illo referente<note>referente <foreign xml:lang="grc">e</foreign>: rente <hi rend="italic">P</hi>: suffragium ferente <hi rend="italic">B<foreign xml:lang="grc">S</foreign>t</hi>: petente <hi rend="italic">GH<foreign xml:lang="grc">s</foreign>s</hi></note> vos
				decrevistis, ut cuncti ex omni Italia, qui rem publicam salvam vellent, ad me unum,
				hominem fractum et prope dissipatum, restituendum et defendendum venirent? ut, qua
				voce ter omnino post Romam conditam consul usus esset pro universa re publica apud
				eos solum qui eius vocem exaudire possent, eadem voce senatus omnis ex<note>omnis ex
						<foreign xml:lang="grc">e</foreign>: ex <hi rend="italic">k</hi>: <hi rend="italic">om. rell.</hi></note> omnibus agris atque oppidis civis
				totamque Italiam ad unius salutem defendendam excitaret. </p></div><milestone n="10" unit="chapter"/>
			<div type="textpart" subtype="section" n="25"><p><reg>quid</reg> ego gloriosius
				meis posteris potui relinquere quam hoc, senatum iudicasse, qui civis me non
				defendisset, eum rem publicam salvam noluisse? <reg>itaque</reg> tantum vestra
				auctoritas, tantum eximia consulis dignitas valuit ut dedecus et
					flagitium<note>dedecus et flagitium <hi rend="italic"><foreign xml:lang="grc">e</foreign>e</hi>: deus flagicium <hi rend="italic">PB</hi>: omnis
					flag. <hi rend="italic">Hs</hi></note> se committere putaret, si qui non
				veniret. <reg>idemque</reg> consul, cum illa incredibilis multitudo Romam et paene
				Italia ipsa venisset, vos frequentissimos in Capitolium convocavit. <reg>quo</reg>
				tempore quantam vim naturae bonitas haberet et<note>et <hi rend="italic">G<foreign xml:lang="grc">e</foreign></hi>: ut <hi rend="italic">P1</hi>: aut <hi rend="italic">P2BHb<foreign xml:lang="grc">s</foreign></hi></note> vera
				nobilitas, intellegere potuistis. <reg>nam</reg> Q. Metellus, et inimicus et frater
				inimici, perspecta vestra voluntate omnia privata odia deposuit: quem P. Servilius,
				vir cum clarissimus tum vero optimus mihique amicissimus, et auctoritatis et
				orationis suae divina quadam gravitate ad sui generis communisque sanguinis facta
				virtutesque revocavit, ut haberet in consilio et fratrem ab inferis<note>ab inferis
						<hi rend="italic">secl. Lamb.</hi></note>, socium rerum mearum, et omnis
				Metellos, praestantissimos civis, paene ex Acheronte excitatos, in quibus Numidicum
				illum <del>Metellum<note>Metellum <hi rend="italic">auct. Manut. del. Halm</hi>
						honestus omnibus sed luctuosus tamen <hi rend="italic">Halmio auct.
							Muell</hi>: honestis omnibus ne (in <hi rend="italic">Bt,</hi> sane <hi rend="italic">G, om. Hbks</hi>) luctuosus tandem <hi rend="italic">P
							rell. praeter <foreign xml:lang="grc">e</foreign>e</hi> (molestus
						omnibus ipsi ne luctuosus quidem)</note></del>, cuius quondam de patria
				discessus honestus omnibus, sed luctuosus tamen visus est. </p></div>
			<div type="textpart" subtype="section" n="26"><p><reg>itaque</reg> divinitus exstitit<note>divinitus ex. <hi rend="italic">Muell.</hi>: extitit <hi rend="italic"><foreign xml:lang="grc">e</foreign>e</hi>: dimittit <hi rend="italic">s.</hi>
					dimittitur <hi rend="italic">rell. praeter<foreign xml:lang="grc">s</foreign></hi> (hic fuit, <hi rend="italic">et ita Angelius</hi>)</note>
				non modo salutis defensor, qui ante hoc unum<note>unum <hi rend="italic">codd.
						praeter</hi>
					<foreign xml:lang="grc">e</foreign> (suum): unicum <hi rend="italic">coni.
						Halm</hi>: divinum <hi rend="italic">Koch</hi>: novum <hi rend="italic">Muell.</hi></note> beneficium fuerat inimicus, verum etiam adscriptor
				dignitatis meae. <reg>quo</reg> quidem die cum<note>cum vos <foreign xml:lang="grc">e</foreign></note> quadringenti decem septem essetis<note>essetis <hi rend="italic">P rell. praeter bks</hi> (senatores essetis, <hi rend="italic">ex</hi> septem, <hi rend="italic">credo</hi>)</note>,
				magistratus autem omnes adessent, dissensit unus, is qui sua lege coniuratos etiam
				ab inferis excitandos putarat. <reg>atque</reg> illo die cum rem publicam meis
				consiliis conservatam gravissimis verbis et plurimis iudicassetis, idem consul
				curavit ut eadem a principibus civitatis in contione postero die dicerentur; cum
				quidem ipse egit ornatissime meam causam, perfecitque astante atque audiente Italia
				tota ut nemo cuiusquam conducti aut perditi vocem acerbam atque inimicam bonis
				posset audire. </p></div><milestone n="11" unit="chapter"/>
			<div type="textpart" subtype="section" n="27"><p><reg>ad</reg> haec non modo adiumenta salutis sed etiam ornamenta dignitatis
				meae reliqua vos idem addidistis: decrevistis ne quis ulla ratione rem impediret;
					qui<note>qui id <hi rend="italic">Gb<foreign xml:lang="grc">s</foreign>s</hi></note> impedisset, graviter<note>vos graviter <foreign xml:lang="grc">e</foreign></note> molesteque laturos—illum contra rem
				publicam salutemque bonorum concordiamque civium facturum, et ut ad vos de
					eo<note>de eo <hi rend="italic">G<foreign xml:lang="grc">e</foreign></hi>: eo
						<hi rend="italic">PB</hi>: ea <hi rend="italic">b<foreign xml:lang="grc">s</foreign>s</hi></note> statim referretur; meque etiam, si diutius
				calumniarentur, redire iussistis. <reg>quid</reg>? ut<note>ut iis <hi rend="italic">Lamb.</hi></note> agerentur gratiae, qui e municipiis venissent? quid? ut
				ad illam diem, res cum redissent, rogarentur ut pari studio convenirent? quid?
				denique illo die, quem P. Lentulus mihi fratrique meo liberisque nostris natalem
				constituit, non modo ad nostram verum etiam ad sempiterni memoriam temporis, quo die
				nos comitiis centuriatis, quae maxime maiores comitia iusta dici haberique
				voluerunt, arcessivit in patriam, ut eaedem centuriae quae me consulem fecerant
				consulatum meum comprobarent— </p></div>
			<div type="textpart" subtype="section" n="28"><p>eo die<note>eo die
						<hi rend="italic">Madv.</hi>: quo die <hi rend="italic">codd.</hi></note>
				quis civis fuit qui fas esse putaret, quacumque aut aetate aut valetudine esset, non
				se de salute mea sententiam ferre? <reg>quando</reg> tantam frequentiam in campo,
				tantum splendorem Italiae totius ordinumque omnium, quando illa dignitate rogatores
				diribitores custodesque vidistis? <reg>itaque</reg> P. Lentuli beneficio excellenti
				atque divino non reducti<note>non solum reducti <hi rend="italic">Hb<foreign xml:lang="grc">s</foreign></hi></note> sumus in patriam sicut<note>sicut
						<hi rend="italic">codd. pler.</hi>: ita ut <foreign xml:lang="grc">e</foreign>: <hi rend="italic">om. P1</hi> (ut <hi rend="italic">P2 s.
						l., Bt</hi>)</note> non nulli clarissimi cives, sed equis insignibus et
				curru aurato reportati. </p></div>
			<div type="textpart" subtype="section" n="29"><p>
			<milestone unit="para"/><reg>possum</reg> ego satis in Cn. Pompeium umquam gratus videri? qui non solum apud
				vos, qui omnes idem sentiebatis, sed etiam apud universum populum salutem populi
				Romani et conservatam per me et coniunctam esse cum mea dixerit; qui causam meam
				prudentibus commendarit, imperitos edocuerit, eodemque tempore improbos auctoritate
				sua compresserit, bonos excitarit; qui populum Romanum pro me tamquam pro fratre aut
				pro parente non solum hortatus sit, verum etiam obsecrarit; qui cum<note>cum <hi rend="italic"><foreign xml:lang="grc">e</foreign>t</hi>: <hi rend="italic">om. P rell.</hi></note> ipse<note>ipse <hi rend="italic">om. t</hi></note>
				propter metum dimicationis et sanguinis domo se teneret, iam<note>iam <hi rend="italic">PBt</hi>: etiam <hi rend="italic">rell.</hi></note> a
				superioribus tribunis petierit ut de salute mea et promulgarent et referrent; qui in
				colonia nuper constituta cum ipse gereret magistratum, in qua nemo erat emptus
				intercessor, vim et crudelitatem privilegi auctoritate honestissimorum hominum et
				publicis litteris consignarit<note>consignavit <hi rend="italic">codd.</hi></note>,
				princepsque Italiae totius praesidium ad meam salutem implorandum putarit; qui cum
				ipse mihi semper amicissimus fuisset, etiam ut suos necessarios mihi amicos redderet
				elaborarit. </p></div><milestone n="12" unit="chapter"/>
			<div type="textpart" subtype="section" n="30"><p><reg>quibus</reg> autem officiis T. Anni beneficia remunerabor? cuius omnis
				ratio, cogitatio, totus denique tribunatus nihil aliud fuit nisi constans perpetua
				fortis invicta defensio salutis meae. <reg>quid</reg> de P. Sestio loquar? qui suam
				erga me benivolentiam et fidem non solum animi dolore sed etiam corporis vulneribus
				ostendit. 
			<milestone unit="para"/><reg>vobis</reg> vero, patres conscripti, singulis et egi et agam gratias: universis
				egi initio<note>ab initio <hi rend="italic"><foreign xml:lang="grc">e</foreign>e</hi></note>, quantum potui, satis ornate agere nullo modo
				possum. <reg>et</reg> quamquam sunt in me praecipua merita multorum, quae
					sileri<note>sileri <hi rend="italic">BH et pler.</hi>: silere <hi rend="italic">P1 all.</hi></note> nullo modo possunt<note>possunt <hi rend="italic">PBHk all.</hi>: possum <hi rend="italic">codd.
					pler.</hi></note>, tamen huius temporis ac timoris mei non est conari
				commemorare beneficia in me singulorum; nam difficile est non aliquem, nefas
				quemquam praeterire. <reg>ego</reg> vos universos, patres conscripti, deorum numero
				colere debeo. <reg>sed</reg> ut in ipsis dis immortalibus non semper eosdem atque
				alias alios solemus et venerari et precari, sic in hominibus de me divinitus
					meritis<note>meritis: <hi rend="italic">sic distinxi.</hi>
					<hi rend="italic">'Certe desideratur</hi> conferenda <hi rend="italic">aut</hi> vix satis (erit)' <hi rend="italic">Mueller</hi>: <hi rend="italic">sed cf. ad Quir.</hi> § 9: propinqui ... mihi ad deprecandam
					calamitatem meam non fuerunt</note>: omnis erit aetas mihi ad eorum erga me
				merita praedicanda atque recolenda, </p></div>
			<div type="textpart" subtype="section" n="31"><p>hodierno autem
				die nominatim a me magistratibus statui gratias esse agendas, et de privatis uni,
				qui pro salute mea municipia coloniasque adisset, populum Romanum supplex
				obsecrasset, sententiam dixisset eam quam vos secuti mihi dignitatem meam
				reddidistis. <reg>vos</reg> me florentem semper ornastis, laborantem mutatione
				vestis et prope luctu vestro, quoad licuit, defendistis. <reg>nostra</reg> memoria
				senatores ne in suis quidem periculis mutare vestem solebant: in meo periculo
				senatus veste mutata fuit, quoad licuit per eorum edicta qui mea pericula non modo
				suo praesidio sed etiam vestra deprecatione nudarunt. </p></div>
			<div type="textpart" subtype="section" n="32"><p>
			<milestone unit="para"/><reg>quibus</reg> ego rebus obiectis, cum mihi privato confligendum viderem cum eodem
				exercitu quem consul non armis sed vestra auctoritate superaram, multa mecum ipse
				reputavi. <milestone n="13" unit="chapter"/><reg>dixerat</reg> in contione consul se
				clivi Capitolini poenas ab equitibus Romanis repetiturum; nominatim alii
				compellabantur, alii citabantur, alii relegabantur; aditus templorum erant non solum
				praesidiis et manu verum etiam demolitione sublati. <reg>alter</reg> consul, ut me
				et rem publicam non modo desereret sed etiam hostibus rei publicae proderet,
					pactionibus<note>pactionibus <hi rend="italic">PHbk</hi>: peticionibus <hi rend="italic">Bt</hi></note> se<note>se <hi rend="italic">Halm</hi>: eos
						<hi rend="italic">codd.</hi></note> suorum praemiorum obligarat.
					<reg>erat</reg> alius ad portas cum imperio in multos annos magnoque exercitu,
				quem ego inimicum mihi fuisse non dico, tacuisse, cum diceretur esse inimicus, scio.
					</p></div>
			<div type="textpart" subtype="section" n="33"><p><reg>duae</reg> partes esse in re publica cum
				putarentur, altera me deposcere propter inimicitias, altera timide defendere propter
				suspicionem caedis putabatur. <reg>qui</reg> autem me deposcere
					videbantur<note>dicebantur <foreign xml:lang="grc">e</foreign></note>, in
					hoc<note>in hoc <hi rend="italic">codd. praeter</hi>
					<foreign xml:lang="grc">e</foreign> (hoc), <hi rend="italic">c</hi> (in huius),
						<hi rend="italic">b</hi> (ii huius): ii hoc <hi rend="italic">coni.
						Halm</hi></note> auxerunt dimicationis metum, quod numquam infitiando
				suspicionem hominum curamque minuerunt. <reg>qua</reg> re cum viderem senatum
				ducibus orbatum, me a magistratibus partim oppugnatum, partim proditum, partim
				derelictum, servos simulatione conlegiorum nominatim esse conscriptos, copias omnis
				Catilinae paene isdem ducibus ad spem caedis et incendiorum esse revocatas, equites
				Romanos proscriptionis, municipia vastitatis, omnis caedis metu esse permotos,
				potui, potui, patres conscripti, multis auctoribus fortissimis viris me vi armisque
				defendere, nec mihi ipsi<note>ipsi <hi rend="italic">Heumann</hi>: ipse <hi rend="italic">codd.</hi></note> ille animus idem meus vobis non incognitus
				defuit. <reg>sed</reg> videbam, si vicissem praesentem adversarium, nimium multos
				mihi alios esse vincendos; si victus essem, multis bonis et pro me et mecum etiam
				post me esse pereundum, tribuniciique sanguinis ultores esse praesentis, meae mortis
				poenas iudicio et posteritati reservari. </p></div><milestone n="14" unit="chapter"/>
			<div type="textpart" subtype="section" n="34"><p><reg>nolui</reg>, cum consul communem
				salutem sine ferro defendissem, meam privatus armis defendere, bonosque viros lugere
				malui meas fortunas quam suis desperare; ac, si solus<note>at <hi rend="italic">GHks</hi></note> essem interfectus, mihi turpe, si cum multis, rei publicae
				funestum fore videbatur. <reg>quod</reg> si mihi aeternam esse aerumnam propositam
				arbitrarer, morte me ipse potius quam sempiterno dolore multassem. <reg>sed</reg>
				cum viderem me non diutius quam ipsam rem publicam ex hac urbe afuturum, neque ego
				illa exterminata mihi remanendum<note>remanendum amplius <hi rend="italic"><foreign xml:lang="grc">e</foreign>e</hi></note> putavi, et illa, simul atque
				revocata est<note>est <hi rend="italic">om. PB</hi></note>, me secum pariter
				reportavit. <reg>mecum</reg> leges, mecum quaestiones, mecum iura magistratuum,
				mecum senatus auctoritas, mecum libertas, mecum etiam frugum ubertas, mecum deorum
				et hominum sanctitates omnes et religiones afuerunt. <reg>quae</reg> si semper
				abessent, magis vestras fortunas lugerem quam desiderarem meas; sin aliquando
				revocarentur, intellegebam mihi cum illis una esse redeundum. </p></div>
			<div type="textpart" subtype="section" n="35"><p><reg>cuius</reg> mei sensus certissimus testis est hic idem qui
				custos capitis fuit, Cn. Plancius, qui omnibus provincialibus ornamentis commodisque
				depositis totam suam quaesturam in me sustentando et conservando conlocavit.
					<reg>qui</reg> si mihi quaestor imperatori<note>imperatori <hi rend="italic">et</hi> 14, 15 cum fuerit ... mei <hi rend="italic">del.
					Garat.</hi></note> fuisset, in fili loco fuisset; nunc certe erit in parentis,
				cum fuerit <add>consors</add><note>consors <hi rend="italic">scripsi</hi>: quaestor
						<hi rend="italic">codd.</hi> (<hi rend="italic">ex</hi> quae <hi rend="italic">s.</hi> que=quaere <hi rend="italic">ortum esse putat A. C.
						Clark, cf. ad Mur.</hi> § 51: <hi rend="italic">verbum amissum potest
						esse</hi> consors, particeps, socius): quaestor ⟨anno⟩ non imperi <hi rend="italic">K. Busche</hi></note> non imperi sed doloris mei. </p></div>
			<div type="textpart" subtype="section" n="36"><p>
			<milestone unit="para"/><reg>quapropter</reg>, patres conscripti, quoniam in rem publicam sum pariter cum re
				publica restitutus, non modo in ea defendenda nihil minuam<note>imminuam <foreign xml:lang="grc">e</foreign></note> de libertate mea pristina, sed etiam
				adaugebo. <milestone n="15" unit="chapter"/><reg>etenim</reg> si eam tum defendebam
				cum mihi aliquid illa debebat, quid nunc me facere oportet cum ego illi plurimum
				debeo? <reg>nam</reg> quid est quod animum meum frangere aut debilitare possit,
				cuius ipsam calamitatem non modo nullius delicti, sed etiam divinorum<note>divinorum
						<hi rend="italic">PB</hi>: duorum <foreign xml:lang="grc">e</foreign>:
					binorum <hi rend="italic">Madv.</hi></note> in rem publicam beneficiorum testem
				esse videatis? <reg>nam</reg><note>Nam et <foreign xml:lang="grc">e</foreign></note>
				importata est quia defenderam civitatem, et mea voluntate suscepta est, ne a me
				defensa res publica per eundem me extremum in discrimen vocaretur. </p></div>
			<div type="textpart" subtype="section" n="37"><p><reg>pro</reg> me non ut pro P. Popilio, nobilissimo homine,
				adulescentes filii, non propinquorum multitudo populum Romanum est deprecata, non ut
				pro Q. Metello, summo et clarissimo viro, spectata iam adulescentia filius, non L.
				et C. Metelli, consulares, non eorum liberi, non Q. Metellus Nepos, qui tum
				consulatum petebat, non Luculli, Servilii, Scipiones, Metellarum<note>Metellarum <hi rend="italic">Manut.</hi>: -orum <hi rend="italic">codd.</hi></note> filii
				flentes ac sordidati populo Romano supplicaverunt; sed unus frater, qui in me
				pietate filius, consiliis parens, amore, ut erat, frater inventus est, squalore et
				lacrimis et cotidianis precibus desiderium mei nominis renovari et rerum gestarum
				memoriam usurpari coegit. <reg>qui</reg> cum statuisset, nisi per vos me<note>per
					vos me <hi rend="italic">Hb<foreign xml:lang="grc">s</foreign>s</hi>: me per
					vos <foreign xml:lang="grc">e</foreign>: me <hi rend="italic">om. P
					rell.</hi></note> reciperasset, eandem subire fortunam atque idem sibi
				domicilium et vitae et mortis deposcere<note>deposcere <hi rend="italic">Madv.</hi>: -eret <hi rend="italic">codd.</hi></note>, tamen numquam nec
				magnitudinem negoti nec solitudinem suam nec vim inimicorum ac tela pertimuit.
					</p></div>
			<div type="textpart" subtype="section" n="38"><p><reg>alter</reg> fuit propugnator mearum
				fortunarum et defensor adsiduus, summa virtute et pietate, C. Piso gener, qui minas
				inimicorum meorum, qui inimicitias adfinis mei, propinqui sui, consulis, qui Pontum
				et Bithyniam quaestor prae mea salute neglexit. <reg>nihil</reg> umquam senatus de
				P. Popilio decrevit, numquam in hoc ordine de Q. Metello mentio facta est:
				tribuniciis sunt illi rogationibus interfectis inimicis denique restituti, cum alter
				eorum senatui paruisset, alter vim caedemque fugisset. <reg>nam</reg> C. quidem
				Marius, qui hac hominum memoria tertius ante me consularis tempestate civili
				expulsus est, non modo a senatu non est restitutus, sed reditu suo senatum cunctum
				paene delevit. <reg>nulla</reg> de illis magistratuum consensio, nulla ad rem
				publicam defendendam populi Romani convocatio, nullus Italiae motus, nulla decreta
				municipiorum et coloniarum exstiterunt. </p></div>
			<div type="textpart" subtype="section" n="39"><p><reg>qua</reg> re, cum me vestra auctoritas arcessierit<note>arcessierit
						<foreign xml:lang="grc">e</foreign>
					<hi rend="italic">Par.</hi> 7774: arcesserit <hi rend="italic">PBH</hi>:
					accersierit <hi rend="italic">Gb2cs</hi></note>, populus Romanus vocarit, res
				publica implorarit, Italia cuncta paene suis umeris reportarit, non committam,
				patres conscripti, ut, cum ea mihi sint restituta quae in potestate mea non fuerunt,
				ea non habeam quae ipse praestare possim, praesertim cum illa amissa reciperarim,
				virtutem et fidem numquam amiserim.</p></div>
		</div>
	</body></text>

</TEI>
