<?xml version='1.0' encoding='UTF-8'?>
<?xml-model href="http://www.stoa.org/epidoc/schema/latest/tei-epidoc.rng" schematypens="http://relaxng.org/ns/structure/1.0"?>

<TEI xmlns="http://www.tei-c.org/ns/1.0">
   <teiHeader xml:lang="eng">
      <fileDesc >
         <titleStmt>
            <title>De Fato</title>
            <author>M. Tullius Cicero</author>
            <editor role="editor">C. F. W. Müller</editor>
            <sponsor>Perseus Project, Tufts University</sponsor>
            <principal>Gregory Crane</principal>
            <respStmt>
               <resp>Prepared under the supervision of</resp>
               <name>Bridget Almas</name>
               <name>Lisa Cerrato</name>
               <name>David Mimno</name>
               <name>Rashmi Singhal</name>
            </respStmt>
            <funder n="org:NEH">The National Endowment for the Humanities</funder>
         </titleStmt>
         <extent>About 100Kb</extent>
         <publicationStmt>
            <publisher>Trustees of Tufts University</publisher>
            <pubPlace>Medford, MA</pubPlace>
            <authority>Perseus Project</authority>
            <date type="release">2009-10-07</date>
         </publicationStmt>
         <sourceDesc xmlns="http://www.tei-c.org/ns/1.0">
            <biblStruct >
               <monogr>
                  <title>De Fato</title>
                  <author>M. Tullius Cicero</author>
                  <editor role="editor">C. F. W. Müller</editor>
                  <imprint>
                     <pubPlace>Leipzig</pubPlace>
                     <publisher>Teubner</publisher>
                     <date>1915</date>
                  </imprint>
               </monogr>
            </biblStruct>
         </sourceDesc>
      </fileDesc>
      <encodingDesc>
         <refsDecl n="CTS">
            <cRefPattern n="section"
                         matchPattern="(\w+)"
                         replacementPattern="#xpath(/tei:TEI/tei:text/tei:body/tei:div/tei:div[@n='$1'])">
               <p>This pointer pattern extracts section</p>
            </cRefPattern>
         </refsDecl>
         <refsDecl n="TEI.2">
            <refState unit="section"/>
         </refsDecl>
      </encodingDesc>
      <profileDesc >
         <langUsage>
            <language ident="lat">Latin</language>
            <language ident="grc">Ancient Greek</language>
         </langUsage>
      </profileDesc>
      <revisionDesc>
<change who="balmas01" when="2013-09-13">moving Greg's work-in-progress on CTS-izing greco-roman collection texts to a Work directory</change>
<change who="gcrane" when="2013-06-08">TEI XML converted to facilitate CTS compatibility</change>
<change who="gcrane" when="2011-01-15">base SDL file</change>
<change who="rsingh04" when="2009-10-09">more reorganizing of texts module by collection</change>
<change who="rsingh04" when="2009-09-14">added a bunch of cicero texts, removed old cicero files that aren't used</change>
<change who="ajones06" when="2009-09-10">Fixed some of the metadata for the Cicero philosophical works.</change>
<change who="gcrane" when="2009-09-09">base files</change>
<change who="gcrane" when="2006-05-04">added to repository</change>
<change who="gcrane" when="2006-05-03">added to repository</change>

         <change when="2016-11-20" who="Thibault Clérice">CapiTainS and Epidoc</change>
      </revisionDesc>
   </teiHeader>
   <text xml:lang="la">
      <front>
         <div type="textpart" subtype="argumentum">
            <head >M. Tullii Ciceronis de fato liber.</head>
            <milestone  unit="section" n="arg"/>
            <p >Argumentum.</p>
            <p >Hoc libro M. Tullius exponit sermonem a se habitum cum
A. Hirtio consule designato a. u. c. 710, a. ante Chr. nat. 44
post C. Caesaris interitum in Puteolano de fato, ut is liber
quasi supplementum  esset trium librorum de natura deorum
et duorum librorum de divinatione (conf. de divin. II cap. 1
§ 3), et hac disputatione contra Posidonium suscepta, cuius
ipsum principium amissum est, docere conatur, si fati nullum
esset nomen, nulla natura et vis, si forte, temere, casu aut
pleraque fierent aut omnia, non aliter ac nunc omnia eventura, nihil igitur attinere inculcare fatum, quo sublato ratio
rerum  omnium ad naturam fortunamve referretur (cap. 1–3
§ 1–6). Deinde sequitur disputatio cum Chrysippo de contagione rerum et de naturae coniunctione, quam <foreign xml:lang="greek">sumpa/qeian</foreign>
vocant; qua Cicero docet effici, ut alii ad alia propensiores
sint ob causas naturales et rerum antecessiones, non ut
voluntatum  nostrarum  atque appetitionum tales sint causae
(cap. 4–8 § 7–16). Iam ad Diodori <foreign xml:lang="greek">peri\ dunatw=n</foreign> sententiam
se vertit nihil posse fieri censentis, nisi quod verum aut sit
aut futurum sit (cap. 9 § 17–20). Tum ad Chrysippum pergit
ita ratiocinantem: si sit motus sine causa, non omnem enuntiationem aut veram aut falsam fore; nam, quod non habeat
causas efficientes, id nec verum nec falsum fore; motum igitur sine causa nullum esse, quo posito rerum antecessionibus
fieri omnia; id si ita sit, fato fieri omnia. Ad haec Cicero concedit quidem motum nullum sine causa esse, neque vero, quaecumque <pb n="p.252"/>
fiant, fieri omnia causis antecedentibus; voluntatis
enim nostrae non esse causas externas et antecedentes (cap.
10–12 § 21–29). Hic disserit etiam de ignava ratione, id est
de <foreign xml:lang="greek">a)rgw=| lo/gw|</foreign>, qua admissa omnem e vita tolli actionem liberam docet Chrysippi et Carneadi rationes sequens (cap. 13–16
§ 30–38). Denique cum duae fuissent veterum philosophorum
sententiae, una eorum, qui censerent omnia ita fato fieri, ut
fatum vim necessitatis adferret, altera eorum, qui sine ullo
fato esse animorum motus voluntarios putarent, Chrysippum
ait medium ferire voluisse, sed tamen magis ad eorum accedere sententiam, qui necessitate motus animos liberos esse arbitrentur (cap. 17–19 § 39–45). Utcumque se res habeat,
hoc certe modo ad hanc causam disceptandam non ab atomis
errantibus et de via declinantibus Epicurio more praesidium
petendum videri (cap. 20 § 46–48).</p></div>
      </front>
      <body>
         <div xml:lang="lat"
              type="edition"
              n="urn:cts:latinLit:phi0474.phi054.perseus-lat1">
            <pb n="p.251"/>
            <milestone  unit="chapter" n="1"/>
            <div type="textpart" n="1" subtype="section">
               <p >
                  <gap reason="omitted"/> quia pertinet ad mores, quod <foreign xml:lang="greek">h)=qos</foreign> illi vocant,
nos eam partem philosophiae de moribus appellare
solemus, sed decet augentem linguam Latinam nominare moralem; explicandaque vis est ratioque enuntiationum, quae Graeci <foreign xml:lang="greek">a)ciw/mata</foreign> vocant; quae de re
futura cum aliquid dicunt deque eo, quod possit fieri
aut non possit, quam vim habeant, obscura quaestio
est, quam <foreign xml:lang="greek">peri\ dunatw=n</foreign> philosophi appellant, totaque
est <foreign xml:lang="greek">logikh/</foreign>, quam rationem disserendi voco. Quod
autem in aliis libris feci, qui sunt de natura deorum,
itemque in iis, quos de divinatione edidi, ut in utramque partem perpetua explicaretur oratio, quo facilius
id a quoque probaretur, quod cuique maxime probabile videretur, id in hac disputatione de fato casus
quidam ne facerem inpedivit.

</p>
            </div>
            <div type="textpart" n="2" subtype="section">
               <p >Nam cum essem in
Puteolano Hirtiusque noster, consul designatus, isdem
in locis, vir nobis amicissimus et his studiis, in quibus nos a pueritia viximus, deditus, multum una eramus, maxime nos quidem exquirentes ea consilia, quae
ad pacem et ad concordiam civium pertinerent. Cum
enim omnes post interitum Caesaris novarum perturbationum causae quaeri viderentur iisque esse occurrendum putaremus, omnis fere nostra in his deliberationibus
<pb n="p.253"/>
 consumebatur oratio, idque et saepe alias
et quodam liberiore, quam solebat, et magis vacuo
ab interventoribus die, cum ad me ille venisset, primo
ea, quae erant cotidiana et quasi legitima nobis, de
pace et de otio.
</p>
               <milestone  unit="chapter" n="2"/>
            </div>
            <div type="textpart" n="3" subtype="section">
               <p >

Quibus actis Quid ergo? inquit ille, quoniam oratorias exercitationes non tu quidem, ut spero, reliquisti,
sed certe philosophiam illis anteposuisti, possumne
aliquid audire? Tu vero, inquam, vel audire vel dicere; nec enim, id quod recte existimas, oratoria illa
studia deserui, quibus etiam te incendi, quamquam
flagrantissumum acceperam, nec ea, quae nunc tracto,
minuunt, sed augent potius illam facultatem. Nam
cum hoc genere philosophiae, quod nos sequimur, magnam habet orator societatem; subtilitatem enim ab
Academia mutuatur et ei vicissim reddit ubertatem
orationis et ornamenta dicendi. Quam ob rem, inquam, quoniam utriusque studii nostra possessio est,
hodie, utro frui malis, optio sit tua. Tum Hirtius:
Gratissumum, inquit, et tuorum omnium simile; nihil
enim umquam abnuit meo studio voluntas tua.

</p>
            </div>
            <div type="textpart" n="4" subtype="section">
               <p >Sed
quoniam rhetorica mihi vestra sunt nota teque in iis
et audivimus saepe et audiemus atque hanc Academicorum contra propositum disputandi consuetudinem
indicant te suscepisse Tusculanae disputationes, ponere
aliquid, ad quod audiam, si tibi non est molestum,
volo. An mihi, inquam, potest quicquam esse molestum, quod tibi gratum futurum sit? Sed ita audies,
ut Romanum hominem, ut timide ingredientem ad hoc
genus disputandi, ut longo intervallo haec studia repetentem. Ita, inquit, audiam te disputantem, ut ea
lego, quae scripsisti. Proinde ordire. Considamus hic.
</p>
               <milestone  unit="chapter" n="3"/>
            </div>
            <div type="textpart" n="5" subtype="section">
               <p >

                  <gap reason="omitted"/> quorum in aliis, ut in Antipatro poe+ta, ut in
brumali die natis, ut in simul aegrotantibus fratribus,
ut in urina, ut in unguibus, ut in reliquis eius modi,
naturae contagio valet, quam ego non tollo, vis est
nulla fatalis; in aliis autem fortuita quaedam esse <pb n="p.254"/>
possunt, ut in illo naufrago, ut in Icadio, ut in Daphita; quaedam etiam Posidonius (pace magistri dixerim) comminisci videtur; sunt quidem absurda. Quid
enim? si Daphitae fatum fuit ex equo cadere atque
ita perire, ex hocne equo, qui cum equus non esset,
nomen habebat alienum? aut Philippus hasne in capulo quadrigulas vitare monebatur? quasi vero capulo
sit occisus. Quid autem magnum aut naufragum illum
sine nomine in rivo esse lapsum? (quamquam huic
quidem hic scribit praedictum in aqua esse pereundum); ne hercule Icadii quidem praedonis video fatum ullum;

</p>
            </div>
            <div type="textpart" n="6" subtype="section">
               <p >nihil enim scribit ei praedictum. Quid
mirum igitur ex spelunca saxum in crura eius incidisse? puto enim, etiamsi Icadius tum in spelunca
non fuisset, saxum tamen illud casurum fuisse. Nam
aut nihil omnino est fortuitum, aut hoc ipsum potuit
evenire fortuna. Quaero igitur (atque hoc late patebit), si fati omnino nullum nomen, nulla natura, nulla
vis esset et forte temere casu aut pleraque fierent
aut omnia, num aliter, ac nunc eveniunt, evenirent.
Quid ergo adtinet inculcare fatum, cum sine fato ratio
omnium rerum ad naturam fortunamve referatur?
</p>
               <milestone  unit="chapter" n="4"/>
            </div>
            <div type="textpart" n="7" subtype="section">
               <p >

Sed Posidonium, sicut aequum est, cum bona gratia dimittamus, ad Chrysippi laqueos revertamur. Cui
quidem primum de ipsa contagione rerum respondeamus, reliqua postea persequemur. Inter locorum naturas quantum intersit, videmus; alios esse salubris,
alios pestilentis, in aliis esse pituitosos et quasi redundantis, in aliis exsiccatos atque aridos; multaque
sunt alia, quae inter locum et locum plurimum differant. Athenis tenue caelum, ex quo etiam acutiores
putantur Attici, crassum Thebis, itaque pingues Thebani et valentes. Tamen neque illud tenue caelum efficiet, ut aut Zenonem quis aut Arcesilam aut Theophrastum audiat, neque crassum, ut Nemea potius
quam Isthmo victoriam petat. Diiunge longius.

</p>
            </div>
            <div type="textpart" n="8" subtype="section">
               <p >Quid
enim loci natura adferre potest, ut in porticu Pompeii
<pb n="p.255"/>
 potius quam in campo ambulemus? tecum quam
cum alio? Idibus potius quam Kalendis? Ut igitur
ad quasdam res natura loci pertinet aliquid, ad quasdam autem nihil, sic astrorum adfectio valeat, si vis,
ad quasdam res, ad omnis certe non valebit. At enim,
quoniam in naturis hominum dissimilitudines sunt, ut
alios dulcia, alios subamara delectent, alii libidinosi,
alii iracundi aut crudeles aut superbi sint, alii a talibus
vitiis abhorreant,—quoniam igitur, inquit, tantum
natura a natura distat, quid mirum est has dissimilitudines ex differentibus causis esse factas?
</p>
               <milestone  unit="chapter" n="5"/>
            </div>
            <div type="textpart" n="9" subtype="section">
               <p >

Haec disserens, qua de re agatur, et in quo causa
consistat, non videt. Non enim, si alii ad alia propensiores sunt propter causas naturalis et antecedentis,
idcirco etiam nostrarum voluntatum atque adpetitionum sunt causae naturales et antecedentes. Nam nihil
esset in nostra potestate, si ita se res haberet. Nunc
vero fatemur, acuti hebetesne, valentes inbecilline simus, non esse id in nobis. Qui autem ex eo cogi putat,
ne ut sedeamus quidem aut ambulemus voluntatis
esse, is non videt, quae quamque rem res consequatur. Ut enim et ingeniosi et tardi ita nascantur antecedentibus causis itemque valentes et inbecilli, non
sequitur tamen, ut etiam sedere eos et ambulare et
rem agere aliquam principalibus causis definitum et
constitutum sit.

</p>
            </div>
            <div type="textpart" n="10" subtype="section">
               <p >Stilponem, Megaricum philosophum,
acutum sane hominem et probatum temporibus illis
accepimus. Hunc scribunt ipsius familiares et ebriosum et mulierosum fuisse, neque haec scribunt vituperantes, sed potius ad laudem; vitiosam enim naturam ab eo sic edomitam et conpressam esse doctrina,
ut nemo umquam vinulentum illum, nemo in eo libidinis vestigium viderit. Quid? Socraten nonne legimus
quem ad modum notarit Zopyrus physiognomon, qui
se profitebatur hominum mores naturasque ex corpore,
oculis, vultu, fronte pernoscere? stupidum esse Socraten dixit et bardum, quod iugula concava non haberet,
<pb n="p.256"/>
 obstructas eas partes et obturatas esse dicebat;
addidit etiam mulierosum; in quo Alcibiades cachinnum dicitur sustulisse.

</p>
            </div>
            <div type="textpart" n="11" subtype="section">
               <p >Sed haec ex naturalibus causis vitia nasci possunt, extirpari autem et funditus
tolli, ut is ipse, qui ad ea propensus fuerit, a tantis
vitiis avocetur, non est id positum in naturalibus
causis, sed in voluntate, studio, disciplina. Quae tolluntur omnia, si vis et natura fati ex divinationis
ratione firmabitur.</p>
               <milestone  unit="chapter" n="6"/>
               <p >Etenim si est divinatio, qualibusnam a perceptis
artis proficiscitur? (percepta appello, quae dicuntur
Graece <foreign xml:lang="greek">qewrh/mata</foreign>). Non enim credo nullo percepto
aut ceteros artifices versari in suo munere, aut eos,
qui divinatione utantur, futura praedicere.

</p>
            </div>
            <div type="textpart" n="12" subtype="section">
               <p >Sint igitur
astrologorum percepta huius modi: <quote>Si quis verbi
causa oriente Canicula natus est, is in mari non morietur.</quote> Vigila, Chrysippe, ne tuam causam, in qua
tibi cum Diodoro, valente dialectico, magna luctatio
est, deseras. Si enim est verum, quod ita conectitur:
<quote>Si quis oriente Canicula natus est, in mari non morietur</quote>, illud quoque verum est: <quote>Si Fabius oriente
Canicula natus est, Fabius in mari non morietur.</quote>
Pugnant igitur haec inter se, Fabium oriente Canicula
natum esse, et Fabium in mari moriturum; et quoniam certum in Fabio ponitur, natum esse eum Canicula oriente, haec quoque pugnant, et esse Fabium,
et in mari esse moriturum. Ergo haec quoque coniunctio est ex repugnantibus: <quote>Et est Fabius, et in
mari Fabius morietur</quote>, quod, ut propositum est, ne
fieri quidem potest. Ergo illud: <quote>Morietur in mari Fabius</quote> ex eo genere est, quod fieri non potest. Omne
ergo, quod falsum dicitur in futuro, id fieri non potest.

	<milestone unit="chapter" n="7"/>
               </p>
            </div>
            <div type="textpart" n="13" subtype="section">
               <p >At hoc, Chrysippe, minime vis, maximeque tibi
de hoc ipso cum Diodoro certamen est. Ille enim id
solum fieri posse dicit, quod aut sit verum aut futurum sit verum, et, quicquid futurum sit, id dicit fieri
necesse esse et, quicquid non sit futurum, id negat <pb n="p.257"/>
fieri posse. Tu, et quae non sint futura, posse fieri
dicis, ut frangi hanc gemmam, etiamsi id numquam
futurum sit, neque necesse fuisse Cypselum regnare
Corinthi, quamquam id millensimo ante anno Apollinis
oraculo editum esset. At si ista conprobabis divina
praedicta, et, quae falsa in futuris dicentur, in iis habebis, ut ea fieri non possint <del>ut si dicatur Africanum Karthagine potiturum</del>, et, si vere dicatur de
futuro, idque ita futurum sit, dicas esse necessarium;
quae est tota Diodori vobis inimica sententia.

</p>
            </div>
            <div type="textpart" n="14" subtype="section">
               <p >Etenim si illud vere conectitur: <quote>Si oriente Canicula natus es, in mari non moriere</quote>, primumque quod est in
conexo: <quote>Natus es oriente Canicula</quote>, necessarium est
(omnia enim vera in praeteritis necessaria sunt, ut
Chrysippo placet dissentienti a magistro Cleanthe,
quia sunt inmutabilia nec in falsum e vero praeterita
possunt convertere); si igitur, quod primum in conexo
est, necessarium est, fit etiam, quod consequitur, necessarium. Quamquam hoc Chrysippo non videtur valere in
omnibus; sed tamen, si naturalis est causa, cur in mari
Fabius non moriatur, in mari Fabius mori non potest.
</p>
               <milestone  unit="chapter" n="8"/>
            </div>
            <div type="textpart" n="15" subtype="section">
               <p >

Hoc loco Chrysippus aestuans falli sperat Chaldaeos ceterosque divinos, neque eos usuros esse coniunctionibus, ut ita sua percepta pronuntient: <quote>Si quis
natus est oriente Canicula, is in mari non morietur</quote>,
sed potius ita dicant: <quote>Non et natus est quis oriente
Canicula, et is in mari morietur.</quote> O licentiam iocularem! ne ipse incidat in Diodorum, docet Chaldaeos,
quo pacto eos exponere percepta oporteat. Quaero
enim, si Chaldaei ita loquantur, ut negationes infinitarum coniunctionum potius quam infinita conexa ponant, cur idem medici, cur geometrae, cur reliqui facere non possint. Medicus in primis, quod erit ei
perspectum in arte, non ita proponet: <quote>Si cui venae
sic moventur, is habet febrim</quote>, sed potius illo modo:
<quote>Non et venae sic <add>cui</add> moventur, et is febrim non
habet.</quote> Itemque geometres non ita dicet: <quote>In sphaera <pb n="p.258"/>
maximi orbes medii inter se dividuntur</quote>, sed potius
illo modo: <quote>Non et sunt in sphaera maximi orbes, et
ii non medii inter se dividuntur.</quote>

               </p>
            </div>
            <div type="textpart" n="16" subtype="section">
               <p >Quid est, quod non
possit isto modo ex conexo transferri ad coniunctionum negationem? Et quidem aliis modis easdem res
efferre possumus. Modo dixi: <quote>In sphaera maximi orbes medii inter se dividuntur</quote>; possum dicere: <quote>Si
in sphaera maximi orbes erunt</quote>, possum dicere: <quote>Quia
in sphaera maximi orbes erunt</quote>. Multa genera sunt
enuntiandi nec ullum distortius quam hoc, quo Chrysippus sperat Chaldaeos contentos Stoicorum causa fore.
</p>
               <milestone  unit="chapter" n="9"/>
            </div>
            <div type="textpart" n="17" subtype="section">
               <p >

Illorum tamen nemo ita loquitur; maius est enim
has contortiones orationis quam signorum ortus obitusque perdiscere. Sed ad illam Diodori contentionem,
quam <foreign xml:lang="greek">peri\ dunatw=n</foreign> appellant, revertamur, in qua,
quid valeat id, quod fieri possit, anquiritur. Placet
igitur Diodoro id solum fieri posse, quod aut verum
sit aut verum futurum sit. Qui locus attingit hanc
quaestionem, nihil fieri, quod non necesse fuerit, et,
quicquid fieri possit, id aut esse iam aut futurum
esse, nec magis commutari ex veris in falsa posse ea,
quae futura, quam ea, quae facta sunt; sed in factis
inmutabilitatem apparere, in futuris quibusdam, quia
non apparet, ne inesse quidem videri, ut in eo, qui
mortifero morbo urgeatur, verum sit <quote>Hic morietur
hoc morbo</quote>, at hoc idem si vere dicatur in eo, in quo
vis morbi tanta non appareat, nihilo minus futurum sit.
Ita fit, ut commutatio ex vero in falsum ne in futuro
quidem ulla fieri possit. Nam <quote>Morietur Scipio</quote> talem
vim habet, ut, quamquam de futuro dicitur, tamen ut id
non possit convertere in falsum; de homine enim dicitur,
cui necesse est mori.

</p>
            </div>
            <div type="textpart" n="18" subtype="section">
               <p >Sic si diceretur: <quote>Morietur noctu
in cubiculo suo vi oppressus Scipio</quote>, vere diceretur;
id enim fore diceretur, quod esset futurum; futurum
autem fuisse ex eo, quia factum est, intellegi debet.
Nec magis erat verum <quote>Morietur Scipio</quote> quam <quote>Morietur illo modo</quote>, nec magis necesse mori Scipioni <pb n="p.259"/>
quam illo modo mori, nec magis inmutabile ex vero
in falsum <quote>Necatus est Scipio</quote> quam <quote>Necabitur
Scipio</quote>; nec, cum haec ita sint, est causa, cur Epicurus fatum extimescat et ab atomis petat praesidium
easque de via deducat et uno tempore suscipiat res
duas inenodabiles, unam, ut sine causa fiat aliquid,
ex quo existet, ut de nihilo quippiam fiat, quod nec
ipsi nec cuiquam physico placet, alteram, ut, cum duo
individua per inanitatem ferantur, alterum e regione
moveatur, alterum declinet.

</p>
            </div>
            <div type="textpart" n="19" subtype="section">
               <p >Licet enim Epicuro concedenti omne enuntiatum aut verum aut falsum esse
non vereri, ne omnia fato fieri sit necesse; non enim
aeternis causis naturae necessitate manantibus verum
est id, quod ita enuntiatur: <quote>Descendit in Academiam
Carneades</quote>, nec tamen sine causis, sed interest inter
causas fortuito antegressas et inter causas cohibentis
in se efficientiam naturalem. Ita et semper verum
fuit <quote>Morietur Epicurus, cum duo et septuaginta annos vixerit, archonte Pytharato</quote>, neque tamen erant
causae fatales, cur ita accideret, sed, quod ita cecidit,
<add>serie</add> certa causarum casurum, sicut cecidit, fuit.

</p>
            </div>
            <div type="textpart" n="20" subtype="section">
               <p >Nec
ii, qui dicunt inmutabilia esse, quae futura sint, nec
posse verum futurum convertere in falsum, fati necessitatem confirmant, sed verborum vim interpretantur. At qui introducunt causarum seriem sempiternam, ii mentem hominis voluntate libera spoliatam
necessitate fati devinciunt.</p>
               <milestone  unit="chapter" n="10"/>
               <p >Sed haec hactenus; alia videamus. Concludit enim
Chrysippus hoc modo: <quote>Si est motus sine causa,
non omnis enuntiatio, quod <foreign xml:lang="greek">a)ci/wma</foreign> dialectici
appellant, aut vera aut falsa erit; causas enim
efficientis quod non habebit, id nec verum nec
falsum erit; omnis autem enuntiatio aut vera
aut falsa est; motus ergo sine causa nullus est.


Quod si ita est, omnia, quae fiunt, causis fiunt
antegressis; id si ita est, fato omnia fiunt; efficitur igitur fato fieri, quaecumque fiant.</quote>
               </p>
            </div>
            <div type="textpart" n="21" subtype="section">
               <p >
 Hic <pb n="p.260"/>
primum si mihi libeat adsentiri Epicuro et negare
omnem enuntiationem aut veram esse aut falsam, eam
plagam potius accipiam quam fato omnia fieri conprobem; illa enim sententia habet aliquid disputationis, haec vero non est tolerabilis. Itaque contendit
omnis nervos Chrysippus, ut persuadeat omne <foreign xml:lang="greek">a)ci/wma</foreign>
aut verum esse aut falsum. Ut enim Epicurus veretur, ne, si hoc concesserit, concedendum sit fato fieri,
quaecumque fiant, (si enim alterum utrum ex aeternitate verum sit, esse id etiam certum et, si certum,
etiam necessarium; ita et necessitatem et fatum confirmari putat) sic Chrysippus metuit, ne, si non obtinuerit omne, quod enuntietur, aut verum esse aut
falsum, non teneat omnia fato fieri et ex causis aeternis rerum futurarum.

</p>
            </div>
            <div type="textpart" n="22" subtype="section">
               <p >Sed Epicurus declinatione
atomi vitari necessitatem fati putat. Itaque tertius
quidam motus oritur extra pondus et plagam, cum
declinat atomus intervallo minimo (id appellat <foreign xml:lang="greek">e)la/-
xiston</foreign>); quam declinationem sine causa fieri si minus
verbis, re cogitur confiteri. Non enim atomus ab
atomo pulsa declinat. Nam qui potest pelli alia ab
alia, si gravitate feruntur ad perpendiculum corpora
individua rectis lineis, ut Epicuro placet? Sequitur
enim, ut, si alia ab alia numquam depellatur, ne
contingat quidem alia aliam. Ex quo efficitur, etiamsi
sit atomus eaque declinet, declinare sine causa.

</p>
            </div>
            <div type="textpart" n="23" subtype="section">
               <p >Hanc
Epicurus rationem induxit ob eam rem, quod veritus
est, ne, si semper atomus gravitate ferretur naturali
ac necessaria, nihil liberum nobis esset, cum ita moveretur animus, ut atomorum motu cogeretur. 
	<milestone unit="chapter" n="11"/>Id
Democritus, auctor atomorum, accipere maluit, necessitate omnia fieri, quam a corporibus individuis naturalis motus avellere. Acutius Carneades, qui docebat
posse Epicureos suam causam sine hac commenticia
declinatione defendere. Nam cum docerent esse posse
quendam animi motum voluntarium, id fuit defendi
melius quam introducere declinationem, cuius praesertim
<pb n="p.261"/>
 causam reperire non possent; quo defenso facile Chrysippo possent resistere. Cum enim concessissent motum nullum esse sine causa, non concederent omnia, quae fierent, fieri causis antecedentibus;
voluntatis enim nostrae non esse causas externas et
antecedentis.

</p>
            </div>
            <div type="textpart" n="24" subtype="section">
               <p >Communi igitur consuetudine sermonis
abutimur, cum ita dicimus, velle aliquid quempiam
aut nolle sine causa; ita enim dicimus <quote>sine causa</quote>,
ut dicamus: sine externa et antecedente causa, non
sine aliqua; ut, cum vas inane dicimus, non ita loquimur, ut physici, quibus inane esse nihil placet, sed
ita, ut verbi causa sine aqua, sine vino, sine oleo vas
esse dicamus, sic, cum sine causa animum dicimus
moveri, sine antecedente et externa causa moveri, non
omnino sine causa dicimus. De ipsa atomo dici potest, cum per inane moveatur gravitate et pondere,
sine causa moveri, quia nulla causa accedat extrinsecus.

</p>
            </div>
            <div type="textpart" n="25" subtype="section">
               <p >Rursus autem, ne omnes physici inrideant nos,
si dicamus quicquam fieri sine causa, distinguendum
est et ita dicendum, ipsius individui hanc esse naturam, ut pondere et gravitate moveatur, eamque ipsam
esse causam, cur ita feratur. Similiter ad animorum
motus voluntarios non est requirenda externa causa;
motus enim voluntarius eam naturam in se ipse continet, ut sit in nostra potestate nobisque pareat, nec
id sine causa; eius rei enim causa ipsa natura est.
</p>
            </div>
            <div type="textpart" n="26" subtype="section">
               <p >

Quod cum ita sit, quid est, cur non omnis pronuntiatio aut vera aut falsa sit, nisi concesserimus fato fieri,
quaecumque fiant? Quia futura vera, inquit, non possunt
esse ea, quae causas, cur futura sint, non habent; habeant igitur causas necesse est ea, quae vera sunt;
ita, cum evenerint, fato evenerint. 
	<milestone unit="chapter" n="12"/>Confectum negotium,
siquidem concedendum tibi est aut fato omnia fieri,
aut quicquam fieri posse sine causa.

</p>
            </div>
            <div type="textpart" n="27" subtype="section">
               <p >An aliter haec
enuntiatio vera esse non potest: <quote>Capiet Numantiam
Scipio</quote>, nisi ex aeternitate causa causam serens hoc
erit effectura? An hoc falsum potuisset esse, si esset <pb n="p.262"/>
sescentis saeculis ante dictum? Et si tum non esset
vera haec enuntiatio: <quote>Capiet Numantiam Scipio</quote>, ne
illa quidem eversa vera est haec enuntiatio: <quote>Cepit
Numantiam Scipio.</quote> Potest igitur quicquam factum
esse, quod non verum fuerit futurum esse? Nam ut
praeterita ea vera dicimus, quorum superiore tempore
vera fuerit instantia, sic futura, quorum consequenti
tempore vera erit instantia, ea vera dicemus.

</p>
            </div>
            <div type="textpart" n="28" subtype="section">
               <p >Nec, si
omne enuntiatum aut verum aut falsum est, sequitur
ilico esse causas inmutabilis, easque aeternas, quae
prohibeant quicquam secus cadere, atque casurum sit;
fortuitae sunt causae, quae efficiant, ut vere dicantur,
quae ita dicentur: <quote>Veniet in senatum Cato</quote>, non inclusae in rerum natura atque mundo; et tamen tam
est inmutabile venturum, cum est verum, quam venisse, nec ob eam causam fatum aut necessitas extimescenda est. Etenim erit confiteri necesse: <quote>Si hoc
enuntiatum: "Veniet in Tusculanum Hortensius" verum non est, sequitur, ut falsum sit.</quote> Quorum isti
neutrum volunt; quod fieri non potest.</p>
               <p >Nec nos impediet illa ignava ratio, quae dicitur;
appellatur enim quidam a philosophis <foreign xml:lang="greek">a)rgo\s lo/gos</foreign>, cui
si pareamus, nihil omnino agamus in vita. 
</p>
            </div>
            <div type="textpart" n="29" subtype="section">
               <p >Sic enim interrogant: <quote>Si fatum tibi est ex hoc morbo convalescere,
sive tu medicum adhibueris sive non adhibueris, convalesces;

item, si fatum tibi est ex hoc morbo non convalescere, sive tu medicum adhibueris sive non adhibueris, non convalesces; et alterutrum fatum est; medicum ergo adhibere nihil attinet.</quote> 
	                 <milestone unit="chapter" n="13"/>Recte genus hoc
interrogationis ignavum atque iners nominatum est,
quod eadem ratione omnis e vita tolletur actio. Licet
etiam inmutare, ut fati nomen ne adiungas et eandem
tamen teneas sententiam, hoc modo: <quote>Si ex aeternitate verum hoc fuit: "Ex isto morbo convalesces",
sive adhibueris medicum sive non adhibueris, convalesces; itemque, si ex aeternitate falsum hoc fuit:
"Ex isto morbo convalesces", sive adhibueris medicum
<pb n="p.263"/>
 sive non adhibueris, non convalesces</quote>; deinde cetera. Haec ratio a Chrysippo reprehenditur.

</p>
            </div>
            <div type="textpart" n="30" subtype="section">
               <p >Quaedam
enim sunt, inquit, in rebus simplicia, quaedam copulata; simplex est: <quote>Morietur illo die Socrates</quote>; huic,
sive quid fecerit sive non fecerit, finitus est moriendi
dies. At si ita fatum erit: <quote>Nascetur Oedipus Laio</quote>,
non poterit dici: <quote>sive fuerit Laius cum muliere sive
non fuerit</quote>; copulata enim res est et confatalis; sic
enim appellat, quia ita fatum sit et concubiturum cum
uxore Laium et ex ea Oedipum procreaturum, ut, si
esset dictum: <quote>Luctabitur Olympiis Milo</quote> et referret
aliquis: <quote>Ergo, sive habuerit adversarium sive non
habuerit, luctabitur</quote>, erraret; est enim copulatum <quote>luctabitur</quote>, quia sine adversario nulla luctatio est. Omnes igitur istius generis captiones eodem modo refelluntur. <quote>Sive tu adhibueris medicum sive non adhibueris, convalesces</quote> captiosum; tam enim est fatale
medicum adhibere quam convalescere. Haec, ut dixi,
confatalia ille appellat.
</p>
               <milestone  unit="chapter" n="14"/>
            </div>
            <div type="textpart" n="31" subtype="section">
               <p >

Carneades genus hoc totum non probabat et nimis
inconsiderate concludi hanc rationem putabat. Itaque
premebat alio modo nec ullam adhibebat calumniam;
cuius erat haec conclusio: <quote>Si omnia antecedentibus
causis fiunt, omnia naturali conligatione conserte contexteque fiunt; quod si ita est, omnia
necessitas efficit; id si verum est, nihil est in
nostra potestate; est autem aliquid in nostra
potestate; at, si omnia fato fiunt, omnia causis antecedentibus fiunt; non igitur fato fiunt,
quaecumque fiunt.</quote>

               </p>
            </div>
            <div type="textpart" n="32" subtype="section">
               <p >Hoc artius adstringi ratio non
potest. Nam si quis velit idem referre atque ita dicere: <quote>Si omne futurum ex aeternitate verum est, ut
ita certe eveniat, quem ad modum sit futurum, omnia
necesse est conligatione naturali conserte contexteque
fieri</quote>, nihil dicat. Multum enim differt, utrum causa
naturalis ex aeternitate futura vera efficiat, an etiam
sine aeternitate naturali, futura quae sint, ea vera <pb n="p.264"/>
esse possint intellegi. Itaque dicebat Carneades ne
Apollinem quidem futura posse dicere nisi ea, quorum causas natura ita contineret, ut ea fieri necesse
esset.

</p>
            </div>
            <div type="textpart" n="33" subtype="section">
               <p >Quid enim spectans deus ipse diceret Marcellum eum, qui ter consul fuit, in mari esse periturum?
Erat hoc quidem verum ex aeternitate, sed causas id
efficientis non habebat. Ita ne praeterita quidem ea,
quorum nulla signa tamquam vestigia extarent, Apollini nota esse censebat; quo minus futura! causis enim
efficientibus quamque rem cognitis posse denique sciri,
quid futurum esset. Ergo nec de Oedipode potuisse
Apollinem praedicere nullis in rerum natura causis
praepositis, cur ab eo patrem interfici necesse esset,
nec quicquam eius modi. 
	<milestone unit="chapter" n="15"/>Quocirca, si Stoicis, qui
omnia fato fieri dicunt, consentaneum est huius modi
oracla ceteraque, quae a divinatione ducuntur, conprobare, iis autem, qui, quae futura sunt, ea vera esse
ex aeternitate dicunt, non idem dicendum est, vide,
ne non eadem sit illorum causa et Stoicorum; hi enim
urguentur angustius, illorum ratio soluta ac libera
est.

</p>
            </div>
            <div type="textpart" n="34" subtype="section">
               <p >Quodsi concedatur nihil posse evenire nisi causa
antecedente, quid proficiatur, si ea causa non ex aeternis causis apta dicatur? Causa autem ea est, quae
id efficit, cuius est causa, ut vulnus mortis, cruditas
morbi, ignis ardoris. Itaque non sic causa intellegi
debet, ut, quod cuique antecedat, id ei causa sit, sed
quod cuique efficienter antecedat, nec, quod in campum
descenderim, id fuisse causae, cur pila luderem, nec
Hecubam causam interitus fuisse Troianis, quod Alexandrum genuerit, nec Tyndareum Agamemnoni, quod
Clytaemnestram. Hoc enim modo viator quoque bene
vestitus causa grassatori fuisse dicetur, cur ab eo
spoliaretur.

</p>
            </div>
            <div type="textpart" n="35" subtype="section">
               <p >Ex hoc genere illud est Ennii:
<quote rend="blockquote">
                     <l>Utinám ne in nemore Pélio secúribus </l>
                     <l>Caesae áccidissent ábiegnae ad terrám trabes!</l>
                  </quote>
Licuit vel altius: <quote>Utinam ne in Pelio nata ulla umquam esset arbor!</quote> etiam supra: <quote>Utinam ne esset <pb n="p.265"/>
mons ullus Pelius!</quote> similiterque superiora repetentem
regredi infinite licet.
<quote rend="blockquote">
                     <l>Neve índe navis ínchoandi exórdium</l>
                     <l part="I">Coepísset.</l>
                  </quote>
Quorsum haec praeterita? Quia sequitur illud:
<quote rend="blockquote">
                     <l>Nam númquam era errans méa domo ecferrét pedem, </l>
                     <l>Medéa, animo aegra, amóre saevo saúcia,</l>
                  </quote>
†non ut eae res causam adferrent amoris.
</p>
               <milestone  unit="chapter" n="16"/>
            </div>
            <div type="textpart" n="36" subtype="section">
               <p >

Interesse autem aiunt, utrum eius modi quid sit,
sine quo effici aliquid non possit, an eius modi, cum
quo effici aliquid necesse sit. Nulla igitur earum est
causa, quoniam nulla eam rem sua vi efficit, cuius
causa dicitur; nec id, sine quo quippiam non fit, causa
est, sed id, quod cum accessit, id, cuius est causa,
efficit necessario. Nondum enim ulcerato serpentis
morsu Philocteta quae causa in rerum natura continebatur, fore ut is in insula Lemno linqueretur? post
autem causa fuit propior et cum exitu iunctior.

</p>
            </div>
            <div type="textpart" n="37" subtype="section">
               <p >Ratio
igitur eventus aperit causam. Sed ex aeternitate vera
fuit haec enuntiatio: <quote>Relinquetur in insula Philoctetes</quote>, nec hoc ex vero in falsum poterat convertere.
Necesse est enim in rebus contrariis duabus (contraria autem hoc loco ea dico, quorum alterum ait
quid, alterum negat), ex iis igitur necesse est invito
Epicuro alterum verum esse, alterum falsum, ut
<quote>Sauciabitur Philocteta</quote> omnibus ante saeculis verum
fuit, <quote>Non sauciabitur</quote> falsum; nisi forte volumus
Epicureorum opinionem sequi, qui tales enuntiationes nec veras nec falsas esse dicunt aut, cum id
pudet, illud tamen dicunt, quod est inpudentius, veras esse ex contrariis diiunctiones, sed, quae in his
enuntiata essent, eorum neutrum esse verum.

</p>
            </div>
            <div type="textpart" n="38" subtype="section">
               <p >O admirabilem licentiam et miserabilem inscientiam disserendi! Si enim aliquid in eloquendo nec verum nec
falsum est, certe id verum non est; quod autem verum non est, qui potest non falsum esse? aut, quod <pb n="p.266"/>
falsum non est, qui potest non verum esse? tenebitur
<add>igitur</add> id, quod a Chrysippo defenditur, omnem enuntiationem aut veram aut falsam esse; ratio ipsa coget
et ex aeternitate quaedam esse vera, et ea non esse
nexa causis aeternis et a fati necessitate esse libera.
</p>
               <milestone  unit="chapter" n="17"/>
            </div>
            <div type="textpart" n="39" subtype="section">
               <p >

Ac mihi quidem videtur, cum duae sententiae fuissent veterum philosophorum, una eorum, qui censerent omnia ita fato fieri, ut id fatum vim necessitatis
adferret, in qua sententia Democritus, Heraclitus, Empedocles, Aristoteles fuit, altera eorum, quibus viderentur sine ullo fato esse animorum motus voluntarii,
Chrysippus tamquam arbiter honorarius medium ferire voluisse, sed adplicat se ad eos potius, qui necessitate motus animorum liberatos volunt; dum autem verbis utitur suis, delabitur in eas difficultates,
ut necessitatem fati confirmet invitus.

</p>
            </div>
            <div type="textpart" n="40" subtype="section">
               <p >Atque hoc, si
placet, quale sit videamus in adsensionibus, quas prima
oratione tractavi. Eas enim veteres illi, quibus omnia
fato fieri videbantur, vi effici et necessitate dicebant.
Qui autem ab iis dissentiebant, fato adsensiones liberabant negabantque fato adsensionibus adhibito necessitatem ab his posse removeri, iique ita disserebant:
<quote>Si omnia fato fiunt, omnia fiunt causa antecedente, et, si adpetitus, illa etiam, quae adpetitum sequuntur, ergo etiam adsensiones; at,
si causa adpetitus non est sita in nobis, ne ipse
quidem adpetitus est in nostra potestate; quod
si ita est, ne illa quidem, quae adpetitu efficiuntur, sunt sita in nobis; non sunt igitur
neque adsensiones neque actiones in nostra
potestate. Ex quo efficitur, ut nec laudationes iustae sint nec vituperationes nec honores
nec supplicia</quote>. Quod cum vitiosum sit, probabiliter
concludi putant non omnia fato fieri, quaecumque fiant.
</p>
               <milestone  unit="chapter" n="18"/>
            </div>
            <div type="textpart" n="41" subtype="section">
               <p >

Chrysippus autem cum et necessitatem inprobaret
et nihil vellet sine praepositis causis evenire, causarum genera distinguit, ut et necessitatem effugiat et <pb n="p.267"/>
retineat fatum. <quote>Causarum enim</quote>, inquit, <quote>aliae
sunt perfectae et principales, aliae adiuvantes
et proximae. Quam ob rem, cum dicimus omnia
fato fieri causis antecedentibus, non hoc intellegi volumus: causis perfectis et principalibus, sed causis adiuvantibus <del>antecedentibus</del>
et proximis</quote>. Itaque illi rationi, quam paulo ante
conclusi, sic occurrit: si omnia fato fiant, sequi illud
quidem, ut omnia causis fiant antepositis, verum non
principalibus causis et perfectis, sed adiuvantibus et
proximis. Quae si ipsae non sunt in nostra potestate,
non sequitur, ut ne adpetitus quidem sit in nostra
potestate. At hoc sequeretur, si omnia perfectis et
principalibus causis fieri diceremus, ut, cum eae causae non essent in nostra potestate, ne ille quidem
esset in nostra potestate.

</p>
            </div>
            <div type="textpart" n="42" subtype="section">
               <p >Quam ob rem, qui ita fatum introducunt, ut necessitatem adiungant, in eos
valebit illa conclusio; qui autem causas antecedentis
non dicent perfectas neque principalis, in eos nihil
valebit. Quod enim dicantur adsensiones fieri causis
antepositis, id quale sit, facile a se explicari putat.
Nam quamquam adsensio non possit fieri nisi commota viso, tamen, cum id visum proximam causam
habeat, non principalem, hanc habet rationem, ut
Chrysippus vult, quam dudum diximus, non ut illa
quidem fieri possit nulla vi extrinsecus excitata
(necesse est enim adsensionem viso commoveri),
sed revertitur ad cylindrum et ad turbinem suum,
quae moveri incipere nisi pulsa non possunt. Id
autem cum accidit, suapte natura, quod superest,
et cylindrum volvi et versari turbinem putat.
	<milestone unit="chapter" n="19"/>
               </p>
            </div>
            <div type="textpart" n="43" subtype="section">
               <p >'Ut
igitur', inquit, <quote>qui protrusit cylindrum, dedit ei principium motionis, volubilitatem autem non dedit, sic visum obiectum inprimet
illud quidem et quasi signabit in animo suam
speciem, sed adsensio nostra erit in potestate,
eaque, quem ad modum in cylindro dictum <pb n="p.268"/>
est, extrinsecus pulsa, quod reliquum est,
suapte vi et natura movebitur. Quodsi aliqua
res efficeretur sine causa antecedente, falsum
esset omnia fato fieri; sin omnibus, quaecumque fiunt, veri simile est causam antecedere,
quid adferri poterit, cur non omnia fato fieri
fatendum sit? modo intellegatur, quae sit causarum distinctio ac dissimilitudo.</quote>

               </p>
            </div>
            <div type="textpart" n="44" subtype="section">
               <p >Haec cum
ita sint a Chrysippo explicata, si illi, qui negant adsensiones fato fieri, †fateantur tamen eas non sine
viso antecedente fieri, alia ratio est; sed, si concedunt
anteire visa, nec tamen fato fieri adsensiones, quod
proxima illa et continens causa non moveat adsensionem, vide, ne idem dicant. Neque enim Chrysippus, concedens adsensionis proximam et continentem
causam esse in viso positam, <del>neque</del> eam causam
esse ad adsentiendum necessariam concedet, ut, si
omnia fato fiant, omnia causis fiant antecedentibus
et necessariis; itemque illi, qui ab hoc dissentiunt
confitentes non fieri adsensiones sine praecursione visorum, dicent, si omnia fato fierent eius modi, ut
nihil fieret nisi praegressione causae, confitendum esse
fato fieri omnia; ex quo facile intellectu est, quoniam
utrique patefacta atque explicata sententia sua ad
eundem exitum veniant, verbis eos, non re dissidere.
</p>
            </div>
            <div type="textpart" n="45" subtype="section">
               <p >

Omninoque cum haec sit distinctio, ut quibusdam in
rebus vere dici possit, cum hae causae antegressae
sint, non esse in nostra potestate, quin illa eveniant,
quorum causae fuerint, quibusdam autem in rebus
causis antegressis in nostra tamen esse potestate, ut
illud aliter eveniat, hanc distinctionem utrique adprobant, sed alteri censent, quibus in rebus, cum causae antecesserint, non sit in nostra potestate, ut aliter
illa eveniant, eas fato fieri; quae autem in nostra
potestate sint, ab iis fatum abesse  <gap reason="omitted"/> 	
                  <milestone unit="chapter" n="20"/>
               </p>
            </div>
            <div type="textpart" n="46" subtype="section">
               <p />
               <p >Hoc modo hanc causam disceptari oportet, non
ab atomis errantibus et de via declinantibus petere <pb n="p.269"/>
praesidium. <quote>Declinat</quote>, inquit, <quote>atomus</quote>. Primum
cur? aliam enim quandam vim motus habebant a Democrito inpulsionis, quam plagam ille appellat, a te,
Epicure, gravitatis et ponderis. Quae ergo nova causa
in natura est, quae declinet atomum? aut num sortiuntur inter se, quae declinet, quae non? aut cur
minimo declinent intervallo, maiore non? aut cur declinent uno minimo, non declinent duobus aut tribus?
</p>
            </div>
            <div type="textpart" n="47" subtype="section">
               <p >

Optare hoc quidem est, non disputare. Nam neque
extrinsecus inpulsam atomum loco moveri et declinare
dicis, neque in illo inani, per quod feratur atomus,
quicquam fuisse causae, cur ea non e regione ferretur, nec in ipsa atomo mutationis aliquid factum est,
quam ob rem naturalem motum sui ponderis non teneret. Ita cum attulisset nullam causam, quae istam
declinationem efficeret, tamen aliquid sibi dicere videtur, cum id dicat, quod omnium mentes aspernentur
ac respuant.

</p>
            </div>
            <div type="textpart" n="48" subtype="section">
               <p >Nec vero quisquam magis confirmare
mihi videtur non modo fatum, verum etiam necessitatem et vim omnium rerum sustulisseque motus animi
voluntarios, quam hic, qui aliter obsistere fato fatetur se non potuisse, nisi ad has commenticias declinationes confugisset. Nam, ut essent atomi, quas quidem esse mihi probari nullo modo potest, tamen
declinationes istae numquam explicarentur. Nam si
atomis, ut gravitate ferantur, tributum est necessitate
naturae, quod omne pondus nulla re inpediente moveatur et feratur necesse est, illud quoque necesse est,
declinare, quibusdam atomis vel, si volunt, omnibus
naturaliter  <gap reason="omitted"/> 
               </p>
               <milestone  unit="section" n="fr1"/>
               <p >Fragmenta</p>
               <cit >
                  <quote>Itaque M. Cicero in libro, quem de fato conscripsit, cum quaestionem istam diceret obscurissimam esse et inplicatissimam, Chrysippum <pb n="p.270"/> quoque philosophum non expedisse se in ea ait his verbis <quote>Chrysippus aestuans laboransque, quonam <add>pacto</add>
explicet et fato omnia fieri, et esse aliquid in nobis,
intricatur hoc modo.</quote>
                  </quote>
                  <bibl>Gel. N. A. 7.2.15</bibl>
               </cit>
               <milestone  unit="section" n="fr2"/>
               <cit >
                  <quote>
                     <w>volvitque vices</w> definitio fati secundum Tullium, qui ait: <quote>fatum est conexio rerum per aeternitatem
 se invicem tenens,
quae suo ordine et lege variatur, ita tamen, ut ipsa varietas
habeat aeternitatem.</quote>
                  </quote>
                  <bibl>Serv. ad Vergil. A. 3.376</bibl>
               </cit>
               <milestone  unit="section" n="fr3"/>
               <cit >
                  <quote>illi quoque versus Homerici huic sententiae suffragantur, quos Cicero in Latinum vertit:
<quote rend="blockquote">
                        <l>Tales sunt hominum mentes, quali pater ipse</l>
                        <l>Iuppiter auctiferas lustravit lumine terras.</l>
                     </quote>
                  </quote>
                  <bibl>Augstin. de civ. dei 5.8</bibl>
               </cit>
               <milestone  unit="section" n="fr4"/>
               <cit >
                  <quote>Cicero dicit Hippocratem, nobilissimum medicum, scriptum reliquisse quosdam fratres, cum simul aegrotare coepissent et eorum morbus
eodem tempore ingravesceret, eodem levaretur, geminos
suspicatum. quos Posidonius Stoicus multum astrologiae
deditus eadem constitutione astrorum natos eademque
conceptos solebat asserere. ita, quod medicus pertinere
credebat ad simillimam temperiem valetudinis, hoc
philosophus astrologus ad vim constitutionemque siderum
quae fuerat, quo tempore concepti natique sun.</quote>
                  <bibl>Augustin. de civ. dei 5.2</bibl>
               </cit>
               <milestone  unit="section" n="fr5"/>
               <cit >
                  <quote>et ne vilior
sit testis poeta, accipite adsertore Cicerone, in quo honore fuerit hic piscis
apud P. Scipionem Africanum illum et Numantinum. Haec sunt in dialogo de fato verba Ciceronis:
<quote>Nam cum esset apud se ad Lavernium Scipio
unaque Pontius, adlatus est forte Scipioni acupenser,
qui admodum raro capitur, sed est piscis, ut ferunt,
in primis nobilis. Cum autem Scipio unum et alterum
ex iis, qui eum salutatum venerant, invitavisset pluresque etiam invitaturus videretur, in aurem Pontius:
<quote>Scipio</quote>, inquit, 'vide, quid agas; acupenser iste
paucorum hominum est.'</quote>
                  </quote>
                  <bibl>Macrobius Saturnalia 3.16.3</bibl>
               </cit>
            </div>
         </div>
      </body>
   </text>
</TEI>
