<?xml version='1.0' encoding='UTF-8'?>
<?xml-model href="http://www.stoa.org/epidoc/schema/latest/tei-epidoc.rng" schematypens="http://relaxng.org/ns/structure/1.0"?>

<TEI xmlns="http://www.tei-c.org/ns/1.0">
	<teiHeader xml:lang="eng">
		<fileDesc>
			<titleStmt>
				<title>To the Citizens after his Return</title>
				<title>Cum Senatui gratias egit, Cum populo gratias egit, De domo sua, De haruspicum
					responso, Pro Sestio, In Vatinium, De provinciis consularibus, Pro Balbo</title>
				<title type="sub">Machine readable text</title>
				<author n="Cic.">M. Tullius Cicero</author>
				<editor role="editor" n="OCT">Albert Clark</editor>
				<sponsor>Perseus Project, Tufts University</sponsor>
				<principal>Gregory Crane</principal>
				<respStmt>
					<resp>Prepared under the supervision of</resp>
					<name>Bridget Almas</name>
					<name>Lisa Cerrato</name>
					<name>William Merrill</name>
					<name>David Mimno</name>
					<name>Rashmi Singhal</name>
					<name>David Smith</name>
				</respStmt>
				<funder n="org:NEH">National Endowment For The Humanities (NEH)</funder> 
			</titleStmt>
			<publicationStmt>
				<publisher>Trustees of Tufts University</publisher>
				<pubPlace>Medford, MA</pubPlace>
				<authority>Perseus Project</authority>
				<date type="release">1997-10-28</date>
			</publicationStmt> 
			
			<sourceDesc>
				<biblStruct>
					<monogr>
						<author>M. Tullius Cicero</author>
						<title>M. Tulli Ciceronis Orationes: Recognovit brevique adnotatione critica
							instruxit Albertus Curtis Clark</title>
						<editor role="editor">Albert Clark</editor>
						<imprint>
							<pubPlace>Oxonii</pubPlace>
							<publisher>e Typographeo Clarendoniano</publisher>
							<date>1909</date>
						</imprint>
					</monogr>
					<series>
						<title>Scriptorum Classicorum Bibliotheca Oxoniensis</title>
					</series>
				</biblStruct>
			</sourceDesc>
		</fileDesc>
		
		<encodingDesc>
			<refsDecl n="CTS">
				<cRefPattern n="section" matchPattern="(\w+)" replacementPattern="#xpath(/tei:TEI/tei:text/tei:body/tei:div/tei:div[@n='$1'])">
					<p>This pointer pattern extracts section</p>
				</cRefPattern>
			</refsDecl>
			<refsDecl>
				<refState unit="section"/>
			</refsDecl>
		</encodingDesc>
		
		<!-- 		<encodingDesc>
			<refsDecl>
				<refState delim=" " unit="text"/>
				<refState unit="section"/>
			</refsDecl>
			<refsDecl>
				<refState delim=" " unit="text"/>
				<refState delim="." n="chunk" unit="chapter"/>
				<refState unit="section"/>
			</refsDecl>
		</encodingDesc> -->
		
		
		<profileDesc>
			<langUsage>
				<language ident="lat">Latin</language>
				<language ident="grc">Greek</language>
			</langUsage>
		</profileDesc>
		
		<revisionDesc>
			<change when="2016-05-20" who="Lisa Cerrato">Review of EpiDoc and CTS work. Minor edits.</change>
			<change when="2016-03-17" who="Zach Himes">Changed section milestones to divs.</change>
			<change when="2015-12-17" who="Zach Himes">Cleaned up teiHeader.</change>
			<change when="2014-08-01" who="Stella Dee">edited markup</change>
			<change when="2014-07-01" who="Stella Dee">split composite text and converted to unicode</change>
			<change when="2013-09-13" who="balmas01">reverting texts back to pre_cts_reorg tagged version</change>
			<change when="2011-07-19" who="gcrane">removed the earlier persName/placeName tags</change>
			<change when="2011-07-09" who="gcrane">fixed problems with capitalization</change>
			<change when="2011-01-15" who="gcrane">base SDL file</change>
			<change when="2009-10-09" who="rsingh04">more reorganizing of texts module by collection</change>
			<change when="2006-04-21" who="gcrane">these now have the app crit entered as notes</change>
			<change when="2005-08-01" who="packel">removed stray item tags</change>
			<change when="2005-07-25" who="packel">Converted to XML</change>
			<change when="2005-04-08" who="mimno">added default chunks</change>
			<change when="2004-12-23" who="mimno">typo: cDe harus... -&gt;  De harus</change>
			<change when="2003-07-01" who="yorkc">Updated texts to TEI P4 and Perseus P4 extensions; minor cleanup (esp. character encodings and typos.)</change>
			<change when="2002-12-02" who="amahoney">correct spelling of Quirites, improperly 'regularized'</change>
			<change when="2000-03-04" who="dasmith">Added separate funder entity to TEI header.</change>
			<change when="1999-10-14" who="dasmith">Added explanatory subtitles to titleStmt</change>
			<change when="1999-08-12" who="dasmith">Fixed refsDecl</change>
			<change when="1999-08-04" who="textgod">Random changes over a period of months.</change>
			<change when="1997-10-31" who="textgod">Added QUOTE tags to verse.</change>
			<change when="1997-08-18" who="textgod">???</change>
			<change when="1997-05-13" who="cjsu">passed SGML validation</change>
			<change when="1997-03-26" who="DAS">ed.</change>
		</revisionDesc>
	</teiHeader>
	
	<text xml:lang="lat">
		<body>
			<div type="edition" xml:lang="lat" n="urn:cts:latinLit:phi0474.phi018.perseus-lat2" subtype="edition">
			<head>ORATIO CVM POPVLO GRATIAS EGIT</head>
			<milestone n="1" unit="chapter"/>
			<div type="textpart" subtype="section" n="1"><p>
			<milestone unit="para"/><reg>quod</reg> precatus a Iove <reg>optimo</reg>
				<reg>maximo</reg> ceterisque dis immortalibus sum, Quirites, eo tempore cum me
				fortunasque meas pro vestra incolumitate otio concordiaque devovi, ut, si meas
				rationes umquam vestrae saluti anteposuissem, sempiternam poenam sustinerem mea
				voluntate susceptam, sin et ea quae ante gesseram conservandae civitatis causa
				gessissem et illam miseram profectionem vestrae salutis gratia suscepissem, ut quod
				odium scelerati homines et audaces in rem publicam et in omnis bonos conceptum iam
				diu continerent, id in me uno potius quam in optimo quoque et<note>et in <hi rend="italic">dett.</hi></note> universa civitate
					defigerent,<note>defigerent <hi rend="italic">Hotoman</hi> (<hi rend="italic">cf. Verr. Act. Pr.</hi> § 7): deficeret <hi rend="italic">codd.</hi>
						(deferrent.<hi rend="italic">b,</hi> deflecterent <hi rend="italic">k</hi>): desaeviret <hi rend="italic">Gesner</hi>: patefieret <hi rend="italic">Reid</hi>: <hi rend="italic">num</hi> expleretur <hi rend="italic">ant</hi> defervesceret?</note>—hoc si animo in vos liberosque
				vestros fuissem, ut aliquando vos patresque conscriptos Italiamque universam memoria
				mei misericordia desideriumque<note>misericordia desideriumque <hi rend="italic">Gt</hi>: misericordiaque desiderium <hi rend="italic">P rell.</hi> (<hi rend="italic">secl.</hi> desiderium <hi rend="italic">Halm</hi>)</note>
				teneret: eius devotionis me esse convictum iudicio deorum immortalium, testimonio
				senatus, consensu Italiae, confessione inimicorum, beneficio divino immortalique
				vestro maxime laetor. </p></div>
			<div type="textpart" subtype="section" n="2"><p><add><reg>namque</reg>,</add>
					Quirites<note>Namque, Quirites <hi rend="italic">scripsi</hi>: Quirites <hi rend="italic">codd.</hi> (laetor, Quirites. Et si <hi rend="italic">ed.
						R.</hi> Et si enim <hi rend="italic">Hotom.</hi>): Quare etsi (<hi rend="italic">om.</hi> Quirites) <hi rend="italic">Madv.,
					Muell.</hi></note>, etsi nihil est homini magis optandum quam prospera
				aequabilis perpetuaque fortuna secundo vitae sine ulla offensione cursu, tamen, si
				mihi tranquilla et placata<note>pacata <hi rend="italic">dett.</hi></note> omnia
				fuissent, incredibili quadam et paene divina, qua nunc vestro beneficio fruor,
				laetitiae voluptate<note><hi rend="italic">Num</hi> laetitia et volup. (<hi rend="italic">pro Sulla</hi> § 91)</note> caruissem. <reg>quid</reg>
				dulcius hominum generi ab natura datum est quam sui cuique liberi? mihi vero et
				propter indulgentiam meam et propter excellens eorum ingenium vita sunt mea
				cariores: tamen non tanta voluptate erant suscepti quanta<note>tantae voluptati ...
					quantae <hi rend="italic">Schol., Halm</hi></note> nunc sunt restituti.
					</p></div>
			<div type="textpart" subtype="section" n="3"><p><reg>nihil</reg> cuiquam fuit umquam iucundius
				quam mihi meus frater: non tam id sentiebam cum fruebar quam tum cum carebam, et
				postea quam vos me illi et mihi eum reddidistis. <reg>res</reg> familiaris sua
				quemque delectat: reliquae meae fortunae reciperatae plus mihi nunc voluptatis
				adferunt quam tum incolumes<note>quam tum incolumes <hi rend="italic">Lg.</hi> 25,
						<hi rend="italic">Hotom.</hi>: quantum incolumitate <hi rend="italic">P</hi> (<hi rend="italic">corr.</hi> quam tum incolumitatis, <hi rend="italic">et ita B rell.</hi>): quam tum in incolumitate <hi rend="italic">Halm</hi></note> adferebant. <reg>amicitiae</reg>,
				consuetudines, vicinitates, clientelae, ludi denique et dies festi quid haberent
				voluptatis carendo magis intellexi quam fruendo. </p></div>
			<div type="textpart" subtype="section" n="4"><p><reg>iam</reg> vero honos, dignitas, locus, ordo, beneficia vestra, quamquam
				mihi semper clarissima visa sunt, tamen ea nunc renovata inlustriora videntur quam
				si obscurata non essent. <reg>ipsa</reg> autem patria, di immortales! dici vix
				potest quid caritatis, quid voluptatis habeat<note>habeat <hi rend="italic">Lamb.</hi>: habet <hi rend="italic">codd,</hi></note>; quae species
				Italiae, quae celebritas oppidorum, quae forma regionum, qui agri, quae fruges, quae
				pulchritudo urbis, quae humanitas civium, quae rei publicae dignitas, quae vestra
				maiestas! <reg>quibus</reg> ego omnibus antea rebus sic fruebar ut nemo magis; sed
				tamquam bona valetudo iucundior est iis<note>iis <hi rend="italic">Schol,</hi>: his
						<hi rend="italic">rell.</hi></note> qui e<note>e <hi rend="italic">om.
						Schol.</hi></note> gravi morbo recreati sunt quam qui numquam aegro corpore
				fuerunt, sic haec omnia desiderata magis quam adsidue percepta delectant. </p></div><milestone n="2" unit="chapter"/>
			<div type="textpart" subtype="section" n="5"><p><reg>quorsum</reg> igitur
				haec disputo? quorsum? ut intellegere possitis neminem umquam tanta eloquentia
				fuisse, neque tam divino atque incredibili genere dicendi, qui vestram magnitudinem
				multitudinemque beneficiorum quae<note>quae <hi rend="italic">c all. et add. s. l.
						H</hi>: qua <hi rend="italic">P1</hi>: quã <hi rend="italic">B<foreign xml:lang="grc">S</foreign>b rell.</hi></note> in me fratremque meum et
				liberos nostros contulistis non modo augere aut ornare oratione, sed enumerare aut
				consequi possit. A parentibus, id quod necesse erat, parvus sum procreatus, a vobis
				natus sum consularis. <reg>illi</reg> mihi fratrem incognitum qualis futurus esset
				dederunt, vos spectatum et incredibili pietate cognitum reddidistis. <reg>rem</reg>
				publicam illis accepi temporibus eam quae paene amissa est, a vobis eam<note>vobis
					eam <hi rend="italic">ks all.</hi>: vob. iam <hi rend="italic">codd.
						pler.</hi></note> reciperavi quam aliquando omnes unius opera servatam
				iudicaverunt. <reg>di</reg> immortales mihi liberos dederunt, vos reddidistis.
					<reg>multa</reg> praeterea a dis immortalibus optata consecuti sumus: nisi
				vestra voluntas fuisset, omnibus divinis muneribus careremus<note>careremus <hi rend="italic">b2s all.</hi>: caruerimus <hi rend="italic">codd. pler.</hi>
						(<hi rend="italic">cf.</hi> valeret § 10): caruissemus <hi rend="italic">bkg</hi></note>. <reg>vestros</reg> denique honores, quos eramus gradatim
				singulos adsecuti, nunc a vobis universos habemus, ut quantum antea parentibus,
				quantum dis immortalibus, quantum vobismet ipsis, tantum hoc tempore universum
				cuncto populo Romano debeamus. </p></div>
			<div type="textpart" subtype="section" n="6"><p>
			<milestone unit="para"/><reg>nam</reg> cum in ipso beneficio vestro tanta magnitudo est ut eam complecti
				oratione non possim, tum in studiis vestris tanta animorum declarata est voluntas ut
				non solum calamitatem mihi detraxisse<note>detraxistis <hi rend="italic">G<foreign xml:lang="grc">e</foreign>e</hi>: detraxeritis <foreign xml:lang="grc">s</foreign></note>, sed etiam dignitatem auxisse videamini. <milestone n="3" unit="chapter"/><reg>non</reg> enim pro meo reditu ut pro P. Popili,
				nobilissimi hominis, adulescentes filii et multi praeterea cognati atque adfines
				deprecati sunt, non ut pro Q. Metello, clarissimo viro, iam spectata aetate filius,
				non L. Diadematus consularis, summa auctoritate vir, non C. Metellus censorius, non
				eorum liberi, non Q. Metellus<note>Q. Metell. <hi rend="italic">bksg</hi></note>
				Nepos, qui tum consulatum petebat, non sororum filii, Luculli, Servilii, Scipiones;
				permulti enim tum Metelli aut Metellarum<note>Metellarum <hi rend="italic">PBb</hi>: -orum <hi rend="italic">codd. pler.</hi> (<hi rend="italic">in
						Sen.</hi> § 37)</note> liberi pro Q. Metelli<note>aut Met ... Metelli <hi rend="italic">s. l. P2</hi>: aut Met. lib. <hi rend="italic">del.
						Halm</hi></note> reditu vobis ac patribus vestris supplicaverunt.
					<reg>quod</reg> si ipsius summa dignitas maximaeque res gestae non satis
					valerent<note>valerent <hi rend="italic">b<foreign xml:lang="grc">s</foreign>s</hi>: valent <hi rend="italic">codd. pler.</hi>: valebant <hi rend="italic">Halm. Cf. Balb.</hi> § 1</note>, tamen fili<note>filii <hi rend="italic">Naugerius</hi> (1): illi <hi rend="italic">codd.</hi>: illa
						<hi rend="italic">ed. R.</hi></note> pietas, propinquorum preces,
				adulescentium squalor, maiorum natu lacrimae populum Romanum movere potuerunt.
					</p></div>
			<div type="textpart" subtype="section" n="7"><p><reg>nam</reg> C. Mari, qui post illos veteres
				clarissimos consularis, hac vestra patrumque memoria, tertius ante me consularis
				subiit indignissimam fortunam praestantissima sua gloria, dissimilis fuit ratio; non
				enim ille deprecatione rediit, sed in discessu civium exercitu se armisque
				revocavit. <reg>at</reg> me nudum a propinquis, nulla cognatione munitum, nullo
				armorum ac tumultus metu, C. Pisonis, generi mei, divina quaedam et inaudita
					auctoritas<note>auctoritas <hi rend="italic">codd. praeter P</hi> (inaudita
					satque): pietas <hi rend="italic">Ern., Halm</hi></note> atque virtus,
				fratrisque miserrimi atque optimi cotidianae lacrimae sordesque lugubres a vobis
				deprecatae sunt. </p></div>
			<div type="textpart" subtype="section" n="8"><p><reg>frater</reg> erat unus qui
				suo squalore vestros oculos inflecteret, qui suo fletu desiderium mei memoriamque
				renovaret; qui statuerat, Quirites, si vos me sibi non reddidissetis, eandem subire
				fortunam; tanto in me amore exstitit ut negaret fas esse non modo domicilio, sed ne
				sepulcro quidem se a me esse seiunctum. <reg>pro</reg> me praesente senatus
				hominumque praeterea viginti milia vestem mutaverunt, pro eodem me<note>eodem me <hi rend="italic">mg. <foreign xml:lang="grc">S</foreign>bt</hi>: eodem <hi rend="italic">'cod. Lamb.'</hi>: eo <hi rend="italic">PBw</hi>: eo me <hi rend="italic">G<foreign xml:lang="grc">e</foreign>e</hi>: me <hi rend="italic"><foreign xml:lang="grc">s</foreign>s</hi></note> absente
				unius squalorem sordisque vidistis. Vnus hic, <add>qui</add> quidem<note>qui quidem
						<hi rend="italic">cod. Lallemand.</hi>: quidem <hi rend="italic">P
						rell.</hi> (qui demum <hi rend="italic">b2cs</hi>)</note> in foro posset
				esse, mihi pietate<note>adesse mihi, pietate <hi rend="italic">Halm</hi></note>
				filius inventus est, beneficio parens, amore idem qui<note>idemque <hi rend="italic">P1</hi></note> semper fuit frater. <reg>nam</reg> coniugis
				miserae squalor et luctus atque optimae filiae maeror adsiduus filique
					parvi<note>parvuli <hi rend="italic">cs all.</hi></note> desiderium mei
				lacrimaeque pueriles aut itineribus<note>aut itin. <hi rend="italic">PB</hi>: aut
						<hi rend="italic">om. rell.</hi></note> necessariis aut magnam partem
				tectis ac tenebris continebantur. <milestone n="4" unit="chapter"/><reg>qua</reg> re
				hoc maius est vestrum in nos promeritum, quod non multitudini propinquorum sed
				nobismet ipsis nos reddidistis. </p></div>
			<div type="textpart" subtype="section" n="9"><p>
			<milestone unit="para"/><reg>sed</reg> quem ad modum propinqui, quos ego parare non potui, mihi ad
				deprecandam calamitatem meam non fuerunt<note>affuerunt <hi rend="italic">bs</hi></note>, sic—illud quod mea virtus praestare debuit—adiutores auctores
				hortatoresque ad me restituendum ita multi fuerunt ut longe superiores omnis hac
				dignitate copiaque superarem. <reg>numquam</reg> de P. Popilio, clarissimo ac
				fortissimo viro, numquam de Q. Metello, nobilissimo et constantissimo cive, numquam
				de C. Mario, custode civitatis atque imperi vestri, in senatu mentio facta est.
					</p></div>
			<div type="textpart" subtype="section" n="10"><p><reg>tribuniciis</reg> superiores illi
				rogationibus nulla auctoritate senatus sunt restituti, Marius vero non modo non a
				senatu sed etiam oppresso senatu est restitutus. <reg>nec</reg> rerum gestarum
				memoria in reditu C. Mari sed exercitus atque arma valuerunt; at de me ut
					valeret<note>valeret <hi rend="italic">k</hi>: valerem <hi rend="italic">c</hi>: valuerunt <hi rend="italic">PB</hi>: leges valerent <hi rend="italic">b2s</hi></note> semper senatus flagitavit, ut aliquando
					proficeret<note>proficeret <hi rend="italic">c all.</hi>: perficeretur <hi rend="italic">P et codd. pler.</hi></note>, cum primum licuit, frequentia
				atque auctoritate perfecit<note>perfecit <hi rend="italic">P rell. praeter
							G<foreign xml:lang="grc">e</foreign>e</hi> (perfregit)</note>.
					<reg>nullus</reg> in eorum reditu motus municipiorum et coloniarum factus est;
				at me in patriam ter suis decretis Italia cuncta revocavit. <reg>illi</reg> inimicis
				interfectis magna civium caede facta reducti sunt: ego iis a quibus eiectus sum
				provincias obtinentibus, inimico autem, optimo viro et mitissimo,
					<add>consule</add><note>consule <hi rend="italic">hic add. Muell., Madv.
						auct.</hi>: altero consule, consule refer. <hi rend="italic">Momms.,
						Halm</hi></note> altero consule referente reductus sum, cum is inimicus, qui
				ad meam perniciem vocem suam communibus hostibus praebuisset, spiritu dumtaxat
				viveret, re quidem infra omnis mortuos amandatus esset. 
					</p></div><milestone n="5" unit="chapter"/>
			<div type="textpart" subtype="section" n="11"><p><reg>numquam</reg> de P. Popilio L.
				Opimius, fortissimus consul, numquam de Q. Metello non modo C. Marius, qui erat
				inimicus, sed ne is quidem qui secutus est, M. Antonius, homo eloquentissimus, cum
				A. Albino conlega senatum aut<note><app><lem>aut</lem></app> et <hi rend="italic">bks
						all.</hi>: <hi rend="italic">om. G<foreign xml:lang="grc">e</foreign>e</hi></note> populum est cohortatus; at pro me superiores consules
				semper ut referrent flagitati sunt; sed veriti sunt ne gratiae causa facere
				viderentur, quod alter mihi adfinis erat, alterius causam capitis receperam; qui
				provinciarum foedere infrenati<note>infrenati <hi rend="italic">Koch, Muell.</hi>:
					irinati <hi rend="italic">P et pler.</hi>: irritaqui <hi rend="italic">Gt</hi>: irritati <hi rend="italic"><foreign xml:lang="grc">e</foreign>eks</hi>: irretiti <hi rend="italic">Naugerius</hi> (1), <hi rend="italic">Halm</hi>: devincti <hi rend="italic">Schmidt</hi></note>
				totum illum annum querelas senatus, luctum bonorum, Italiae gemitum pertulerunt.
				Kalendis vero Ianuariis postea quam orba res publica consulis fidem tamquam legitimi
				tutoris imploravit, P. Lentulus consul, parens, deus, salus nostrae vitae, fortunae,
				memoriae, nominis, simul ac de sollemni deorum<note>sollemni deorum <hi rend="italic">Halmio auct. Muell.</hi>: solem de <hi rend="italic">P rell.
						praeter w</hi> (solempni de)</note> religione rettulit, nihil humanarum
				rerum sibi prius quam de me agendum iudicavit. </p></div>
			<div type="textpart" subtype="section" n="12"><p><reg>atque</reg> eo die confecta res esset, nisi is tribunus plebis quem ego
				maximis beneficiis quaestorem consul ornaram, cum et cunctus ordo et multi eum summi
				viri orarent, et Cn. Oppius<note>Oppius <hi rend="italic">PB</hi>: Pompeius <hi rend="italic">rell.</hi></note> socer, optimus vir, ad pedes flens iaceret,
				noctem sibi ad deliberandum postulasset; quae deliberatio non in reddenda, quem ad
				modum non nulli arbitrabantur<note>arbitrabantur <hi rend="italic">Naugerius</hi>
					(1): arbitrantur <hi rend="italic">codd.</hi></note>, sed, ut patefactum est,
				in augenda mercede consumpta est. <reg>postea</reg> res acta est in senatu alia
				nulla: cum variis rationibus impediretur, voluntate<note>voluntate <hi rend="italic">Lg.</hi> 24: et voluntate <hi rend="italic">rell.</hi></note> tamen perspecta<note>perspecta <hi rend="italic">Angelius</hi>: perfecta <hi rend="italic">codd.</hi></note> senatus, causa
						ad<note><app><lem>ad</lem></app> apud <hi rend="italic">P rell.</hi></note> vos
				mense Ianuario deferebatur. <reg>hic</reg> tantum<note>quantum <hi rend="italic">Madv.</hi></note> interfuit inter me et inimicos meos. </p></div>
			<div type="textpart" subtype="section" n="13"><p><reg>ego</reg>, cum homines in tribunali Aurelio palam conscribi
				centuriarique vidissem, cum intellegerem veteres ad spem caedis Catilinae copias
				esse revocatas, cum viderem ex ea parte homines, cuius partis nos vel principes
				numerabamur, partim quod mihi inviderent, partim quod sibi timerent, aut proditores
				esse aut desertores salutis meae, cum duo consules empti pactione provinciarum
				auctores se inimicis rei publicae tradidissent, cum egestatem avaritiam libidines
				suas viderent expleri non posse nisi <add>me</add><note>me <hi rend="italic">suppl.
						Naugerius</hi> (1)</note> constrictum domesticis hostibus dedidissent, cum
				senatus equites<add>que</add><note>equitesque <hi rend="italic">k et corr. ct</hi>:
					equites <hi rend="italic">rell.</hi></note> Romani flere pro me ac mutata veste
				vobis supplicare edictis atque imperiis vetarentur, cum omnium provinciarum
				pactiones, cum omnia cum omnibus foedera reconciliationes<add>que</add><note>que <hi rend="italic">add. Koch</hi>: reconciliationes <hi rend="italic">bks</hi>:
					ac recon. <hi rend="italic">Klotz</hi>: reconciliatione <hi rend="italic">P
						rell.</hi></note> gratiarum sanguine meo sancirentur, cum omnes boni non
				recusarent quin vel pro me vel mecum perirent, armis decertare<note>decertari <hi rend="italic">Klotz</hi></note> pro mea salute nolui, quod et vincere et
				vinci luctuosum rei publicae fore putavi.</p></div>
			<div type="textpart" subtype="section" n="14"><p><reg>at</reg> inimici mei, mense Ianuario cum de me ageretur, corporibus civium
				trucidatis flumine sanguinis meum reditum intercludendum putaverunt. <milestone n="6" unit="chapter"/><reg>itaque</reg>, dum<note>dum <hi rend="italic">Halmio
						auct. Kays., Muell.</hi>: cum <hi rend="italic">codd.</hi> (cum ego afui
						<hi rend="italic">k Halm</hi>)</note> ego absum, eam rem publicam habuistis
				ut aeque me atque illam restituendam putaretis. <reg>ego</reg> autem in qua civitate
				nihil valeret senatus, omnis esset impunitas, nulla iudicia, vis et ferrum in foro
				versaretur, cum privati parietum se<note>parietum se <hi rend="italic">Halm</hi>
					(se <hi rend="italic">ante</hi> privati <hi rend="italic">k</hi>): parietum
						<hi rend="italic">Hb2cs</hi>: parietis <hi rend="italic">PBG<foreign xml:lang="grc">e</foreign>e</hi></note> praesidio non legum tuerentur,
				tribuni plebis vobis inspectantibus vulnerarentur, ad magistratuum domos cum ferro
				et facibus iretur, consulis fasces frangerentur, deorum immortalium templa
				incenderentur, rem publicam esse nullam putavi. <reg>itaque</reg> neque re publica
				exterminata mihi locum in hac urbe esse duxi, nec, si illa restitueretur, dubitavi
				quin me secum ipsa reduceret. </p></div>
			<div type="textpart" subtype="section" n="15"><p><reg>an</reg> ego,
				cum mihi esset exploratissimum P. Lentulum proximo anno consulem futurum, qui illis
				ipsis rei publicae periculosissimis temporibus aedilis curulis me consule omnium
				meorum consiliorum particeps periculorumque socius fuisset, dubitarem quin is me
				confectum consularibus vulneribus consulari medicina ad salutem reduceret?
					<reg>hoc</reg> duce, conlega autem eius, clementissimo atque optimo viro, primo
				non adversante, post etiam adiuvante, reliqui magistratus paene omnes fuerunt
				defensores salutis meae; ex quibus excellenti animo virtute auctoritate praesidio
				copiis T. Annius et P. Sestius praestanti in me benivolentia et divino studio
				exstiterunt; eodemque P. Lentulo auctore et pariter referente conlega
				frequentissimus senatus, uno dissentiente, nullo intercedente, dignitatem meam
				quibus potuit verbis amplissimis ornavit, salutem vobis municipiis coloniis omnibus
				commendavit. </p></div>
			<div type="textpart" subtype="section" n="16"><p><reg>ita</reg> me nudum a propinquis,
				nulla cognatione munitum, consules, praetores, tribuni plebis, senatus, Italia
				cuncta semper a vobis deprecata est, denique omnes qui vestris maximis beneficiis
					honoribusque<note>honoribusque <hi rend="italic">P et codd. pler.</hi> (et
					honor. <foreign xml:lang="grc">s</foreign>): honoribus <hi rend="italic">Hg</hi></note> sunt ornati, producti ad vos ab eodem<note>ab eodem <hi rend="italic">b2 Harl.</hi> 2681: ab eadem <hi rend="italic">rell.</hi>
						(<hi rend="italic">om. Hb<foreign xml:lang="grc">s</foreign>s</hi>)</note>,
				non solum ad me conservandum vos cohortati sunt, sed etiam rerum mearum gestarum
				auctores testes laudatores fuerunt. <milestone n="7" unit="chapter"/><reg>quorum</reg> princeps ad cohortandos vos et ad rogandos fuit Cn.
				Pompeius, vir omnium qui sunt, fuerunt, erunt, virtute sapientia gloria princeps:
				qui mihi unus uni privato amico eadem omnia dedit quae universae rei publicae,
				salutem, otium, dignitatem. <reg>cuius</reg> oratio fuit, quem ad modum accepi,
				tripertita; primum vos docuit meis consiliis rem publicam esse servatam, causamque
				meam cum communi salute coniunxit, hortatusque est ut auctoritatem senatus, statum
				civitatis, fortunas civis bene meriti defenderetis; tum me<note>me <hi rend="italic">del. edd. vett.</hi></note> in perorando posuit vos<note>vos
						<hi rend="italic">om. <foreign xml:lang="grc">e</foreign>, secl.
					Halm</hi></note> rogari a senatu, rogari ab equitibus Romanis, rogari ab Italia
				cuncta, deinde ipse ad extremum pro mea vos salute non rogavit solum verum etiam
				obsecravit. </p></div>
			<div type="textpart" subtype="section" n="17"><p><reg>huic</reg> ego homini, Quirites,
				tantum debeo quantum hominem homini debere vix fas est. <reg>huius</reg> consilia,
				P. Lentuli sententiam, senatus auctoritatem vos secuti <add>me</add><note>me <hi rend="italic">hic suppl. Halm, post</hi> in eo <hi rend="italic">ed.
						R.</hi></note> in eo loco, in quo vestris beneficiis fueram, isdem centuriis
				quibus conlocaratis reposuistis. <reg>eodem</reg> tempore audistis eodem ex loco
				summos viros, ornatissimos atque amplissimos homines, principes civitatis, omnis
				consularis, omnis praetorios eadem dicere, ut omnium testimonio per me
					unum<note>unum <hi rend="italic">om. Hb<foreign xml:lang="grc">s</foreign>
						all.</hi></note> rem publicam conservatam esse constaret. <reg>itaque</reg>
				cum P. Servilius, gravissimus vir et ornatissimus civis, dixisset opera mea rem
				publicam incolumem magistratibus deinceps traditam, dixerunt in eandem sententiam
				ceteri. <reg>sed</reg> audistis eo<note>eodem <hi rend="italic">b2s</hi></note>
				tempore clarissimi viri non solum auctoritatem, sed etiam testimonium, L. Gelli: qui
				quia suam classem adtemptatam magno cum suo periculo paene sensit, dixit in contione
					vestrum<note>vestra <hi rend="italic">Naugerius</hi> (1)</note>, si ego consul
				cum fui non fuissem, rem publicam funditus interituram fuisse. </p></div><milestone n="8" unit="chapter"/>
			<div type="textpart" subtype="section" n="18"><p>
			<milestone unit="para"/><reg>en</reg> ego tot<note>En ego tot <hi rend="italic">H<foreign xml:lang="grc">s</foreign>s all.</hi>: ergo tot <hi rend="italic">Manut.</hi>: en ego
						<hi rend="italic">P codd. pler.</hi>: horum ego <hi rend="italic">b</hi>:
					his ego <hi rend="italic">Halm</hi></note> testimoniis, Quirites, hac
				auctoritate senatus, tanta consensione Italiae, tanto studio bonorum omnium,
					<add>causam</add><note>causam <hi rend="italic">coni. Halm</hi>: cum (=cam) <hi rend="italic">codd. pler.</hi>: <hi rend="italic">om. Hks</hi></note>
				agente P. Lentulo, consentientibus ceteris magistratibus, deprecante Cn. Pompeio,
				omnibus hominibus faventibus, dis denique immortalibus frugum ubertate copia
				vilitate reditum meum comprobantibus, mihi<note>mihi <hi rend="italic">H<foreign xml:lang="grc">s</foreign>s</hi>: se mihi <hi rend="italic">rell.</hi></note> meis rei publicae restitutus, tantum vobis quantum facere
				possum, Quirites, pollicebor: primum, qua sanctissimi homines pietate erga deos
				immortalis esse soleant, eadem <add>me</add><note>me <hi rend="italic">c Halm</hi>:
						<hi rend="italic">ante</hi> eadem <hi rend="italic">k</hi>: <hi rend="italic">ante</hi> semper <hi rend="italic">Hs</hi>: <hi rend="italic">om. P et codd. pler.</hi></note> erga<note><hi rend="italic">Fort.</hi> ea me; <hi rend="italic">cf.</hi> § 17</note> populum Romanum
				semper fore, numenque vestrum aeque mihi grave et sanctum ac deorum immortalium in
				omni vita futurum: deinde, quoniam me in civitatem res publica ipsa reduxit, nullo
				me loco rei publicae defuturum. </p></div>
			<div type="textpart" subtype="section" n="19"><p><reg>quod</reg> si
				quis existimat me aut voluntate esse mutata aut debilitata virtute aut animo fracto,
				vehementer errat. <reg>mihi</reg> quod potuit vis et iniuria et sceleratorum hominum
				furor detrahere, eripuit, abstulit, dissipavit: quod viro forti adimi non potest, id
					<add>omne</add><note>id omne <hi rend="italic">scripsi</hi>: ideo <hi rend="italic">P et codd. pler.</hi> (=idoe/\): id mihi <hi rend="italic">Hs</hi>: id <hi rend="italic">k Halm</hi></note> manet et permanebit.
					<reg>vidi</reg> ego fortissimum virum, municipem meum, C. Marium,—quoniam nobis
				quasi aliqua fatali necessitate non solum cum iis<note>iis <hi rend="italic">Gc</hi>: his <hi rend="italic">rell.</hi></note> qui haec delere
				voluissent, sed etiam cum fortuna belligerandum fuit,—eum tamen vidi, cum esset
				summa senectute, non modo non infracto animo propter magnitudinem calamitatis, sed
				confirmato atque renovato. </p></div>
			<div type="textpart" subtype="section" n="20"><p><reg>quem</reg> egomet
				dicere audivi tum se fuisse miserum cum<note>cum <hi rend="italic">Hs</hi>: <hi rend="italic">om. P</hi> (si <hi rend="italic">P2 rell.</hi>)</note>
				careret patria quam obsidione liberavisset, cum sua bona possideri ab inimicis ac
				diripi audiret, cum adulescentem filium videret eiusdem socium calamitatis, cum in
				paludibus demersus concursu ac misericordia Minturnensium corpus ac vitam suam
				conservaret, cum parva navicula pervectus<note>traiectus <hi rend="italic">bkg</hi></note> in Africam, quibus regna ipse dederat, ad eos inops supplexque
				venisset: reciperata vero sua dignitate se non commissurum ut, cum ea quae
					amiserat<note>amiserit <hi rend="italic">Weisk. auct. Halm</hi></note> sibi
				restituta essent, virtutem animi non haberet quam<note><app><lem>quam</lem></app> qui <hi rend="italic">g,</hi> et <hi rend="italic">mg.</hi>
					<foreign xml:lang="grc">S</foreign></note> numquam perdidisset. <reg>sed</reg>
				hoc inter me atque illum interest, quod ille, qua re plurimum potuit, ea ipsa re
				inimicos suos ultus est, armis, ego qua consuevi utar
					<add>oratione</add><note>oratione <hi rend="italic">scripsi</hi>: arte <hi rend="italic">Wolfio auct. ante </hi> utar <hi rend="italic">add. Kays.,
						post</hi> utar <hi rend="italic">Halm</hi>: pictate <hi rend="italic">ante</hi> utar <hi rend="italic">Hs, post</hi> utar <hi rend="italic">b<foreign xml:lang="grc">s</foreign></hi>: facultate <hi rend="italic">Klotz</hi>: lenitate <hi rend="italic">Lamb.</hi>: acquitate <hi rend="italic">K. Busche</hi>: vi <hi rend="italic">Momms.</hi> (<hi rend="italic">post</hi> consuevi)</note>, quoniam illi arti in bello ac
				seditione locus est, huic in pace atque otio. </p></div>
			<div type="textpart" subtype="section" n="21"><p><reg>quamquam</reg> ille animo irato nihil nisi de inimicis ulciscendis
				agebat, ego de ipsis <add>amicis</add><note>amicis <hi rend="italic">Zielinski</hi>: inimicis <hi rend="italic">codd.</hi></note> tantum quantum
				mihi res publica permittit<note>permittet <hi rend="italic">bk Halm</hi></note>
				cogitabo. <milestone n="9" unit="chapter"/><reg>denique</reg>, Quirites, quoniam me
				quattuor omnino hominum genera violarunt, unum eorum qui odio rei publicae, quod eam
				ipsis invitis<note>invitis <hi rend="italic">bk</hi>: convitis <hi rend="italic">P1</hi>: convictis <hi rend="italic">corr. P et rell.</hi></note>
				conservaram, inimicissimi mihi fuerunt, alterum, qui per simulationem amicitiae
				nefarie me<note>me <hi rend="italic">Hcs all.</hi>: <hi rend="italic">om. P et
						pler.</hi></note> prodiderunt, tertium, qui cum propter inertiam suam eadem
				adsequi non possent, inviderunt laudi et dignitati meae, quartum, qui cum custodes
				rei publicae esse deberent<note>deberent <hi rend="italic">Ernesti</hi>: debuerunt
						<hi rend="italic">codd.</hi>: debuerint <hi rend="italic">Heumann</hi>
						(<hi rend="italic">cf.</hi> careremus § 5; valeret § 10)</note>, salutem
				meam, statum civitatis, dignitatem eius imperi quod erat penes ipsos vendiderunt:
				sic ulciscar facinora singula<note>facinora singula <hi rend="italic">codd. praeter
							PB<foreign xml:lang="grc">S</foreign>t</hi> (facinorum singula):
					facinora eorum singula <hi rend="italic">Halm, qui et</hi> facinora singulorum
						<hi rend="italic">coni.</hi>: (<hi rend="italic">sc.</hi> generum)
					facinora <hi rend="italic">Muell.</hi></note>, quem ad modum a quibusque sum
				provocatus, malos civis rem publicam bene gerendo<note>gerendo <hi rend="italic">b<foreign xml:lang="grc">s</foreign>g, et mg.</hi>
					<foreign xml:lang="grc">S</foreign>: regendo <hi rend="italic">rell.</hi> (<hi rend="italic">de Dom.</hi> § 1)</note>, perfidos amicos nihil credendo
				atque omnia cavendo, invidos virtuti et gloriae serviendo, mercatores provinciarum
				revocando domum atque ab iis<note>iis <hi rend="italic">k</hi>: his <hi rend="italic">rell.</hi></note> provinciarum rationem
					repetendo<note>ratione repetenda <hi rend="italic">P1 all.</hi> (expetenda <hi rend="italic"><foreign xml:lang="grc">e</foreign>e</hi>)</note>. </p></div>
			<div type="textpart" subtype="section" n="22"><p><reg>quamquam</reg> mihi, Quirites<note>Quirites <hi rend="italic">Halm</hi>: quin (<hi rend="italic">i. e.</hi> quir.) <hi rend="italic">P all.</hi>: quam <hi rend="italic">G<foreign xml:lang="grc">e</foreign>e</hi>: <hi rend="italic">om. Hbcs</hi></note>,
					maiori<note>maioris <hi rend="italic">B<foreign xml:lang="grc">S</foreign></hi></note> curae est quem ad modum vobis, qui de me estis optime
				meriti, gratiam referam quam quem ad modum inimicorum iniurias crudelitatemque
				persequar. <reg>etenim</reg> ulciscendae iniuriae facilior ratio est quam benefici
				remunerandi, propterea quod superiorem esse contra improbos minus est negoti quam
				bonis exaequari. <reg>tum</reg> etiam ne tam necessarium quidem est male meritis
				quam optime meritis referre quod debeas. </p></div>
			<div type="textpart" subtype="section" n="23"><p><reg>odium</reg> vel precibus mitigari potest vel temporibus rei publicae
				communique utilitate deponi vel difficultate ulciscendi
					<add>contineri</add><note>contineri <hi rend="italic">scripsi, Garat.
						secutus</hi> (<hi rend="italic">cf.</hi> § 1): distineri?: teneri <hi rend="italic">codd.</hi></note> vel vetustate sedari; bene meritos
					<add>ne</add><note>ne <hi rend="italic">Lg.</hi> 25, <hi rend="italic">Kays.,
						ante</hi> bene <hi rend="italic">Halm</hi>: quin <hi rend="italic">H<foreign xml:lang="grc">s</foreign>s</hi>: <hi rend="italic">om. P et
						codd. pler.</hi>: ut bene mer. <hi rend="italic">Jeep</hi></note> colas,
				nec exorari fas est, neque id rei publicae remittere<note>remittere <hi rend="italic">Garat.</hi>: repetere <hi rend="italic">codd.</hi></note>
					utique<note>utique <hi rend="italic">Lamb., Halm</hi>: utrūcumque <hi rend="italic">P corr.</hi> utrumque <hi rend="italic">et sic rell.</hi>:
					(rependere) verum neque <hi rend="italic">Jeep</hi></note> necesse est; neque
				est excusatio difficultatis, neque aequum est tempore et die memoriam benefici
				definire. <reg>postremo</reg> qui in ulciscendo remissior fuit, in eo
					<add>consilium</add> aperte laudatur<note>in eo consilium aperte laudatur <hi rend="italic">scripsi</hi> (<hi rend="italic">de Dom.</hi> § 2): in eorum
					(meorum <hi rend="italic"><foreign xml:lang="grc">e</foreign>e</hi>) apperte
						(<hi rend="italic">P1</hi>: aperte <hi rend="italic">corr. P et ita
						rell.</hi> utitur <hi rend="italic">codd. praeter b<foreign xml:lang="grc">s</foreign> Harl.</hi> 2681 (mox aperte laudatur) : in eo suo iure
					aperte utitur <hi rend="italic">Momms., Halm</hi>: in ea re venia certe utitur
						<hi rend="italic">Koch</hi>: non fere reprehenditur <hi rend="italic">Madv.</hi></note>; at gravissime vituperatur qui in tantis beneficiis
				quanta vos in me contulistis remunerandis est tardior, neque solum ingratus, quod
				ipsum grave est, verum etiam impius appelletur necesse est. <reg>atque</reg> in
				officio persolvendo dissimilis est ratio pecuniae debitae<note>Atque ... habet
					dissolvit <hi rend="italic">om. k all.</hi>: <hi rend="italic">cf. pro
						Plancio</hi> § 68; <hi rend="italic">Off.</hi> ii, § 69 et pecuniae debitae
						<hi rend="italic">k</hi>: et pecunia debita <hi rend="italic">P et codd.
						pler.</hi></note>, propterea quod pecuniam qui retinet non
					dissolvit<note>qui reddidit ... dissolvit <hi rend="italic">ad imam paginam
						add. P2</hi></note>, qui reddidit non habet: gratiam et qui rettulit habet,
				et qui habet dissolvit. </p></div><milestone n="10" unit="chapter"/>
			<div type="textpart" subtype="section" n="24"><p>
			<milestone unit="para"/><reg>quapropter</reg> memoriam vestri benefici colam benivolentia sempiterna,
					<add>nec tantum</add> dum<note>nec tantum dum <hi rend="italic">scripsi</hi>:
					cum <hi rend="italic">codd. praeter bks</hi> (non solum cum, <hi rend="italic">ut est in edd. vett.</hi>) <hi rend="italic">w</hi> (tum et cum)</note>
				anima exspirabo<note>expirabo <hi rend="italic">codd.</hi>: expirabit <hi rend="italic">Madv.</hi></note> mea, sed etiam cum me <add>vita defecerit,
					illa</add><note>vita defecerit illa <hi rend="italic">scripsi</hi>: vita
					defecerit multa <hi rend="italic">Madv., Muell.</hi>: ulla <hi rend="italic">P
						et codd. pler.</hi> (cum nulla <hi rend="italic">G<foreign xml:lang="grc">e</foreign>e</hi>: cum mortuo <hi rend="italic">b<foreign xml:lang="grc">s</foreign> vulg.</hi>)</note> monumenta vestri in me
				benefici permanebunt. <reg>in</reg> referenda<note>referenda <hi rend="italic">b<foreign xml:lang="grc">s</foreign>s all.</hi>: e re publ. ferenda <hi rend="italic">Jeep</hi></note> autem gratia hoc vobis repromitto semperque
				praestabo, mihi neque in consiliis de re publica capiendis diligentiam neque in
				periculis a re publica propulsandis animum neque in sententia simpliciter ferenda
				fidem neque in hominum voluntatibus pro re publica laedendis libertatem nec in
				perferendo labore industriam nec in vestris commodis augendis grati animi
				benivolentiam defuturam. </p></div>
			<div type="textpart" subtype="section" n="25"><p><reg>atque</reg> haec
				cura, Quirites, erit infixa animo meo sempiterna, ut cum vobis, qui apud me deorum
				immortalium vim et numen tenetis, tum posteris vestris cunctisque gentibus
				dignissimus ea<note>ea <hi rend="italic">HGb<foreign xml:lang="grc">s</foreign>s</hi>: ex <hi rend="italic">PB<foreign xml:lang="grc">e</foreign>et</hi></note> civitate videar quae suam dignitatem non
				posse se tenere, nisi me reciperasset, cunctis suffragiis iudicavit.</p></div> 
		</div>
	</body></text>

</TEI>
