<?xml version="1.0" encoding="UTF-8"?>
<?xml-model href="http://www.stoa.org/epidoc/schema/8.19/tei-epidoc.rng"
schematypens="http://relaxng.org/ns/structure/1.0"?>
<?xml-model href="http://www.stoa.org/epidoc/schema/8.19/tei-epidoc.rng"
schematypens="http://purl.oclc.org/dsdl/schematron"?>
<TEI xmlns="http://www.tei-c.org/ns/1.0">
	  <teiHeader>
		    <fileDesc>
			      <titleStmt>
				        <title>Remedy of Love</title>
				        <author>P. Ovidius Naso</author>
				        <editor role="editor">R. Ehwald</editor>
				        <sponsor>Perseus Project, Tufts University</sponsor>
				        <principal>Gregory Crane</principal>
				        <respStmt>
					          <resp>Prepared under the supervision of</resp>
				        	<name>Bridget Almas</name>
				        	<name>Lisa Cerrato</name>
				        	<name>David Mimno</name>
				        	<name>David Smith</name>
				        </respStmt>
				        <funder n="org:FIPSE">Fund for the Improvement of Postsecondary Education</funder>

			      </titleStmt>
			      <publicationStmt>
				        <publisher>Trustees of Tufts University</publisher>
				        <pubPlace>Medford, MA</pubPlace>
				        <authority>Perseus Project</authority>
			      	<date type="release">2000-08-01</date>
			      </publicationStmt>

			      <sourceDesc>
				        <biblStruct>
					          <monogr>
						            <author>P. Ovidius Naso</author>
						            <title>Amores, Epistulae, Medicamina faciei femineae, Ars amatoria, Remedia
							amoris</title><idno type="lib">PA 6519.A2 1904 v1</idno>
						            <respStmt>
							              <name>R. Ehwald</name>
							              <resp>edidit ex Rudolphi Merkelii recognitione</resp>
						            </respStmt>
						            <imprint>
							              <pubPlace>Leipzig</pubPlace>
							              <publisher>B. G. Teubner</publisher>
							              <date>1907</date>
						            </imprint>
					          </monogr>
					          
				        </biblStruct>
			      </sourceDesc>
		    </fileDesc>

		    <encodingDesc>
         <refsDecl n="CTS">
            <cRefPattern n="line"
                         matchPattern="(\w+)"
                         replacementPattern="#xpath(/tei:TEI/tei:text/tei:body/tei:div[@type='edition']//tei:l[@n='$1'])">
                <p>This pointer pattern extracts line</p>
            </cRefPattern>
        </refsDecl>
			      <refsDecl>
				        <refState unit="line"/>
			      </refsDecl>
		    </encodingDesc>

		    <profileDesc>
			      <langUsage default="false">
				        <language ident="lat">Latin </language>
			      </langUsage>
		    </profileDesc>
	  </teiHeader>
	  <text>
		    <body>
			      <div type="edition" n="urn:cts:latinLit:phi0959.phi005.perseus-lat2" xml:lang="lat">
			         <head>Remedia amoris</head>
				        <l n="1">Legerat huius Amor titulum nomenque libelli:</l>
				        <l n="2" rend="indent">'Bella mihi, video, bella parantur' ait.</l>
				        <l n="3">'Parce tuum vatem sceleris damnare, Cupido,</l>
				        <l n="4" rend="indent">Tradita qui toties te duce signa tuli.</l>
				        <l n="5">Non ego Tydides, a quo tua saucia mater</l>
				        <l n="6" rend="indent">In liquidum rediit aethera Martis equis.</l>
				        <l n="7">Saepe tepent alii iuvenes: ego semper amavi,</l>
				        <l n="8" rend="indent">Et si, quid faciam, nunc quoque, quaeris, amo.</l>
				        <l n="9">Quin etiam docui, qua posses arte parari,</l>
				        <l n="10" rend="indent">Et quod nunc ratio est, impetus ante fuit.</l>
				        <l n="11">Nec te, blande puer, nec nostras prodimus artes,</l>
				        <l n="12" rend="indent">Nec nova praeteritum Musa retexit opus.</l>
				        <l n="13">Siquis amat quod amare iuvat, feliciter ardens</l>
				        <l n="14" rend="indent">Gaudeat, et vento naviget ille suo.</l>
				        <l n="15">At siquis male fert indignae regna puellae,</l>
				        <l n="16" rend="indent">Ne pereat, nostrae sentiat artis opem.</l>
				        <l n="17">Cur aliquis laqueo collum nodatus amator</l>
				        <l n="18" rend="indent">A trabe sublimi triste pependit onus?</l>
				        <l n="19">Cur aliquis rigido fodit sua pectora ferro?</l>
				        <l n="20" rend="indent">Invidiam caedis, pacis amator, habes.</l>
				        <l n="21">Qui, nisi desierit, misero periturus amore est,</l>
				        <l n="22" rend="indent">Desinat; et nulli funeris auctor eris.</l>
				        <l n="23">Et puer es, nec te quicquam nisi ludere oportet:</l>
				        <l n="24" rend="indent">Lude; decent annos mollia regna tuos.</l>
				        <l n="25">
               <del>Nam poteras uti nudis ad bella sagittis:</del>
            </l>
				        <l n="26" rend="indent">
               <del>Sed tua mortifero sanguine tela carent.</del>
				        </l>
				        <l n="27">Vitricus et gladiis et acuta dimicet hasta,</l>
				        <l n="28" rend="indent">Et victor multa caede cruentus eat:</l>
				        <l n="29">Tu cole maternas, tuto quibus utimur, artes,</l>
				        <l n="30" rend="indent">Et quarum vitio nulla fit orba parens.</l>
				        <l n="31">Effice nocturna frangatur ianua rixa,</l>
				        <l n="32" rend="indent">Et tegat ornatas multa corona fores:</l>
				        <l n="33">Fac coeant furtim iuvenes timidaeque puellae,</l>
				        <l n="34" rend="indent">Verbaque dent cauto qualibet arte viro:</l>
				        <l n="35">Et modo blanditias rigido, modo iurgia posti</l>
				        <l n="36" rend="indent">Dicat et exclusus flebile cantet amans.</l>
				        <l n="37">His lacrimis contentus eris sine crimine mortis;</l>
				        <l n="38" rend="indent">Non tua fax avidos digna subire rogos.'</l>
				        <l n="39">Haec ego: movit Amor gemmatas aureus alas,</l>
				        <l n="40" rend="indent">Et mihi 'propositum perfice' dixit 'opus.' <milestone ed="p" n="41" rend="indent" unit="carte"/>
            </l>
				        <l n="41">Ad mea, decepti iuvenes, praecepta venite,</l>
				        <l n="42" rend="indent">Quos suus ex omni parte fefellit amor.</l>
				        <l n="43">Discite sanari, per quem didicistis amare:</l>
				        <l n="44" rend="indent">Una manus vobis vulnus opemque feret.</l>
				        <l n="45">Terra salutares herbas, eademque nocentes</l>
				        <l n="46" rend="indent">Nutrit, et urticae proxima saepe rosa est;</l>
				        <l n="47">Vulnus in Herculeo quae quondam fecerat hoste,</l>
				        <l n="48" rend="indent">Vulneris auxilium Pelias hasta tulit.</l>
				        <l n="49">Sed quaecumque viris, vobis quoque dicta, puellae,</l>
				        <l n="50" rend="indent">Credite: diversis partibus arma damus,</l>
				        <l n="51">E quibus ad vestros siquid non pertinet usus,</l>
				        <l n="52" rend="indent">Attamen exemplo multa docere potest.</l>
				        <l n="53">Utile propositum est saevas extinguere flammas,</l>
				        <l n="54" rend="indent">Nec servum vitii pectus habere sui.</l>
				        <l n="55">Vixisset Phyllis, si me foret usa magistro,</l>
				        <l n="56" rend="indent">Et per quod novies, saepius isset iter; </l>
				        <l n="57">Nec moriens Dido summa vidisset ab arce</l>
				        <l n="58" rend="indent">Dardanias vento vela dedisse rates;</l>
				        <l n="59">Nec dolor armasset contra sua viscera matrem,</l>
				        <l n="60" rend="indent">Quae socii damno sanguinis ulta virum est.</l>
				        <l n="61">Arte mea Tereus, quamvis Philomela placeret,</l>
				        <l n="62" rend="indent">Per facinus fieri non meruisset avis.</l>
				        <l n="63">Da mihi Pasiphaën, iam tauri ponet amorem:</l>
				        <l n="64" rend="indent">Da Phaedram, Phaedrae turpis abibit amor.</l>
				        <l n="65">Crede Parim nobis, Helenen Menelaus habebit,</l>
				        <l n="66" rend="indent">Nec manibus Danais Pergama victa cadent.</l>
				        <l n="67">Impia si nostros legisset Scylla libellos,</l>
				        <l n="68" rend="indent">Haesisset capiti purpura, Nise, tuo.</l>
				        <l n="69">Me duce damnosas, homines, conpescite curas,</l>
				        <l n="70" rend="indent">Rectaque cum sociis me duce navis eat.</l>
				        <l n="71">Naso legendus erat tum, cum didicistis amare:</l>
				        <l n="72" rend="indent">Idem nunc vobis Naso legendus erit.</l>
				        <l n="73">Publicus assertor dominis suppressa levabo</l>
				        <l n="74" rend="indent">Pectora: vindictae quisque favete suae.</l>
				        <l n="75">Te precor incipiens, adsit tua laurea nobis,</l>
				        <l n="76" rend="indent">Carminis et medicae, Phoebe, repertor opis.</l>
				        <l n="77">Tu pariter vati, pariter succurre medenti:</l>
				        <l n="78" rend="indent">Utraque tutelae subdita cura tua est. <milestone ed="p" n="79" rend="indent" unit="carte"/>
            </l>
				        <l n="79">Dum licet, et modici tangunt praecordia motus,</l>
				        <l n="80" rend="indent">Si piget, in primo limine siste pedem.</l>
				        <l n="81">Opprime, dum nova sunt, subiti mala semina morbi,</l>
				        <l n="82" rend="indent">Et tuus incipiens ire resistat equus. </l>
				        <l n="83">Nam mora dat vires, teneras mora percoquit uvas,</l>
				        <l n="84" rend="indent">Et validas segetes quae fuit herba, facit.</l>
				        <l n="85">Quae praebet latas arbor spatiantibus umbras,</l>
				        <l n="86" rend="indent">Quo posita est primum tempore virga fuit;</l>
				        <l n="87">Tum poterat manibus summa tellure revelli:</l>
				        <l n="88" rend="indent">Nunc stat in inmensum viribus aucta suis.</l>
				        <l n="89">Quale sit id, quod amas, celeri circumspice mente,</l>
				        <l n="90" rend="indent">Et tua laesuro subtrahe colla iugo.</l>
				        <l n="91">Principiis obsta; sero medicina paratur,</l>
				        <l n="92" rend="indent">Cum mala per longas convaluere moras.</l>
				        <l n="93">Sed propera, nec te venturas differ in horas;</l>
				        <l n="94" rend="indent">Qui non est hodie, cras minus aptus erit:</l>
				        <l n="95">Verba dat omnis amor, reperitque alimenta morando;</l>
				        <l n="96" rend="indent">Optima vindictae proxima quaeque dies.</l>
				        <l n="97">Flumina pauca vides de magnis fontibus orta:</l>
				        <l n="98" rend="indent">Plurima collectis multiplicantur aquis.</l>
				        <l n="99">Si cito sensisses, quantum peccare parares,</l>
				        <l n="100" rend="indent">Non tegeres vultus cortice, Myrrha, tuos.</l>
				        <l n="101">Vidi ego, quod fuerat primo sanabile, vulnus</l>
				        <l n="102" rend="indent">Dilatum longae damna tulisse morae.</l>
				        <l n="103">Sed quia delectat Veneris decerpere fructum,</l>
				        <l n="104" rend="indent">Dicimus adsidue 'cras quoque fiet idem.'</l>
				        <l n="105">Interea tacitae serpunt in viscera flammae,</l>
				        <l n="106" rend="indent">Et mala radices altius arbor agit.</l>
				        <l n="107">Si tamen auxilii perierunt tempora primi,</l>
				        <l n="108" rend="indent">Et vetus in capto pectore sedit amor,</l>
				        <l n="109">Maius opus superest: sed non, quia serior aegro</l>
				        <l n="110" rend="indent">Advocor, ille mihi destituendus erit.</l>
				        <l n="111">Quam laesus fuerat, partem Poeantius heros</l>
				        <l n="112" rend="indent">Certa debuerat praesecuisse manu; </l>
				        <l n="113">Post tamen hic multos sanatus creditur annos</l>
				        <l n="114" rend="indent">Supremam bellis imposuisse manum.</l>
				        <l n="115">Qui modo nascentes properabam pellere morbos,</l>
				        <l n="116" rend="indent">Admoveo tardam nunc tibi lentus opem. <milestone ed="p" n="117" rend="indent" unit="carte"/>
            </l>
				        <l n="117">Aut nova, si possis, sedare incendia temptes,</l>
				        <l n="118" rend="indent">Aut ubi per vires procubuere suas:</l>
				        <l n="119">Dum furor in cursu est, currenti cede furori;</l>
				        <l n="120" rend="indent">Difficiles aditus impetus omnis habet.</l>
				        <l n="121">Stultus, ab obliquo qui cum descendere possit,</l>
				        <l n="122" rend="indent">Pugnat in adversas ire natator aquas.</l>
				        <l n="123">Impatiens animus nec adhuc tractabilis artem</l>
				        <l n="124" rend="indent">Respuit, atque odio verba monentis habet.</l>
				        <l n="125">Adgrediar melius tum, cum sua vulnera tangi</l>
				        <l n="126" rend="indent">Iam sinet, et veris vocibus aptus erit.</l>
				        <l n="127">Quis matrem, nisi mentis inops, in funere nati</l>
				        <l n="128" rend="indent">Flere vetet? non hoc illa monenda loco est.</l>
				        <l n="129">Cum dederit lacrimas animumque impleverit aegrum,</l>
				        <l n="130" rend="indent">Ille dolor verbis emoderandus erit.</l>
				        <l n="131">Temporis ars medicina fere est: data tempore prosunt,</l>
				        <l n="132" rend="indent">Et data non apto tempore vina nocent.</l>
				        <l n="133">Quin etiam accendas vitia inritesque vetando,</l>
				        <l n="134" rend="indent">Temporibus si non adgrediare suis.</l>
				        <l n="135">Ergo ubi visus eris nostra medicabilis arte,</l>
				        <l n="136" rend="indent">Fac monitis fugias otia prima meis.</l>
				        <l n="137">Haec, ut ames, faciunt; haec, quod fecere, tuentur;</l>
				        <l n="138" rend="indent">Haec sunt iucundi causa cibusque mali.</l>
				        <l n="139">Otia si tollas, periere Cupidinis arcus,</l>
				        <l n="140" rend="indent">Contemptaeque iacent et sine luce faces.</l>
				        <l n="141">Quam platanus vino gaudet, quam populus unda,</l>
				        <l n="142" rend="indent">Et quam limosa canna palustris humo, </l>
				        <l n="143">Tam Venus otia amat; qui finem quaeris amoris,</l>
				        <l n="144" rend="indent">Cedit amor rebus: res age, tutus eris.</l>
				        <l n="145">Languor, et inmodici sub nullo vindice somni,</l>
				        <l n="146" rend="indent">Aleaque, et multo tempora quassa mero</l>
				        <l n="147">Eripiunt omnes animo sine vulnere nervos:</l>
				        <l n="148" rend="indent">Adfluit incautis insidiosus Amor.</l>
				        <l n="149">Desidiam puer ille sequi solet, odit agentes:</l>
				        <l n="150" rend="indent">Da vacuae menti, quo teneatur, opus.</l>
				        <l n="151">Sunt fora, sunt leges, sunt, quos tuearis, amici:</l>
				        <l n="152" rend="indent">Vade per urbanae splendida castra togae.</l>
				        <l n="153">Vel tu sanguinei iuvenalia munera Martis</l>
				        <l n="154" rend="indent">Suspice: deliciae iam tibi terga dabunt.</l>
				        <l n="155">Ecce, fugax Parthus, magni nova causa triumphi,</l>
				        <l n="156" rend="indent">Iam videt in campis Caesaris arma suis:</l>
				        <l n="157">Vince Cupidineas pariter Parthasque sagittas,</l>
				        <l n="158" rend="indent">Et refer ad patrios bina tropaea deos.</l>
				        <l n="159">Ut semel Aetola Venus est a cuspide laesa,</l>
				        <l n="160" rend="indent">Mandat amatori bella gerenda suo.</l>
				        <l n="161">Quaeritur, Aegisthus quare sit factus adulter?</l>
				        <l n="162" rend="indent">In promptu causa est: desidiosus erat.</l>
				        <l n="163">Pugnabant alii tardis apud Ilion armis:</l>
				        <l n="164" rend="indent">Transtulerat vires Graecia tota suas.</l>
				        <l n="165">Sive operam bellis vellet dare, nulla gerebat:</l>
				        <l n="166" rend="indent">Sive foro, vacuum litibus Argos erat.</l>
				        <l n="167">Quod potuit, ne nil illic ageretur, amavit.</l>
				        <l n="168" rend="indent">Sic venit ille puer, sic puer ille manet. <milestone ed="p" n="169" rend="indent" unit="carte"/>
            </l>
				        <l n="169">Rura quoque oblectant animos studiumque colendi:</l>
				        <l n="170" rend="indent">Quaelibet huic curae cedere cura potest. </l>
				        <l n="171">Colla iube domitos oneri supponere tauros,</l>
				        <l n="172" rend="indent">Sauciet ut duram vomer aduncus humum:</l>
				        <l n="173">Obrue versata Cerialia semina terra,</l>
				        <l n="174" rend="indent">Quae tibi cum multo faenore reddat ager.</l>
				        <l n="175">Aspice curvatos pomorum pondere ramos,</l>
				        <l n="176" rend="indent">Ut sua, quod peperit, vix ferat arbor onus;</l>
				        <l n="177">Aspice labentes iucundo murmure rivos;</l>
				        <l n="178" rend="indent">Aspice tondentes fertile gramen oves.</l>
				        <l n="179">Ecce, petunt rupes praeruptaque saxa capellae:</l>
				        <l n="180" rend="indent">Iam referent haedis ubera plena suis;</l>
				        <l n="181">Pastor inaequali modulatur harundine carmen,</l>
				        <l n="182" rend="indent">Nec desunt comites, sedula turba, canes;</l>
				        <l n="183">Parte sonant alia silvae mugitibus altae,</l>
				        <l n="184" rend="indent">Et queritur vitulum mater abesse suum.</l>
				        <l n="185">Quid, cum suppositos fugiunt examina fumos,</l>
				        <l n="186" rend="indent">Ut relevent dempti vimina curva favi?</l>
				        <l n="187">Poma dat autumnus: formosa est messibus aestas:</l>
				        <l n="188" rend="indent">Ver praebet flores: igne levatur hiems.</l>
				        <l n="189">Temporibus certis maturam rusticus uvam</l>
				        <l n="190" rend="indent">Deligit, et nudo sub pede musta fluunt;</l>
				        <l n="191">Temporibus certis desectas alligat herbas,</l>
				        <l n="192" rend="indent">Et tonsam raro pectine verrit humum.</l>
				        <l n="193">Ipse potes riguis plantam deponere in hortis,</l>
				        <l n="194" rend="indent">Ipse potes rivos ducere lenis aquae.</l>
				        <l n="195">Venerit insitio; fac ramum ramus adoptet,</l>
				        <l n="196" rend="indent">Stetque peregrinis arbor operta comis.</l>
				        <l n="197">Cum semel haec animum coepit mulcere voluptas,</l>
				        <l n="198" rend="indent">Debilibus pinnis inritus exit Amor.</l>
				        <l n="199">Vel tu venandi studium cole: saepe recessit</l>
				        <l n="200" rend="indent">Turpiter a Phoebi victa sorore Venus.</l>
				        <l n="201">Nunc leporem pronum catulo sectare sagaci,</l>
				        <l n="202" rend="indent">Nunc tua frondosis retia tende iugis, </l>
				        <l n="203">Aut pavidos terre varia formidine cervos,</l>
				        <l n="204" rend="indent">Aut cadat adversa cuspide fossus aper.</l>
				        <l n="205">Nocte fatigatum somnus, non cura puellae,</l>
				        <l n="206" rend="indent">Excipit et pingui membra quiete levat.</l>
				        <l n="207">Lenius est studium, studium tamen, alite capta</l>
				        <l n="208" rend="indent">Aut lino aut calamis praemia parva sequi,</l>
				        <l n="209">Vel, quae piscis edax avido male devoret ore,</l>
				        <l n="210" rend="indent">Abdere sub parvis aera recurva cibis.</l>
				        <l n="211">Aut his aut aliis, donec dediscis amare,</l>
				        <l n="212" rend="indent">Ipse tibi furtim decipiendus eris. <milestone ed="p" n="213" rend="indent" unit="carte"/>
            </l>
				        <l n="213">Tu tantum quamvis firmis retinebere vinclis,</l>
				        <l n="214" rend="indent">I procul, et longas carpere perge vias;</l>
				        <l n="215">Flebis, et occurret desertae nomen amicae,</l>
				        <l n="216" rend="indent">Stabit et in media pes tibi saepe via:</l>
				        <l n="217">Sed quanto minus ire voles, magis ire memento;</l>
				        <l n="218" rend="indent">Perfer, et invitos currere coge pedes.</l>
				        <l n="219">Nec pluvias opta, nec te peregrina morentur</l>
				        <l n="220" rend="indent">Sabbata, nec damnis Allia nota suis.</l>
				        <l n="221">Nec quot transieris et quot tibi, quaere, supersint</l>
				        <l n="222" rend="indent">Milia; nec, maneas ut prope, finge moras:</l>
				        <l n="223">Tempora nec numera, nec crebro respice Romam,</l>
				        <l n="224" rend="indent">Sed fuge: tutus adhuc Parthus ab hoste fuga est.</l>
				        <l n="225">Dura aliquis praecepta vocet mea; dura fatemur</l>
				        <l n="226" rend="indent">Esse; sed ut valeas, multa dolenda feres.</l>
				        <l n="227">Saepe bibi sucos, quamvis invitus, amaros</l>
				        <l n="228" rend="indent">Aeger, et oranti mensa negata mihi.</l>
				        <l n="229">Ut corpus redimas, ferrum patieris et ignes,</l>
				        <l n="230" rend="indent">Arida nec sitiens ora levabis aqua: </l>
				        <l n="231">Ut valeas animo, quicquam tolerare negabis?</l>
				        <l n="232" rend="indent">At pretium pars haec corpore maius habet.</l>
				        <l n="233">Sed tamen est artis tristissima ianua nostrae,</l>
				        <l n="234" rend="indent">Et labor est unus tempora prima pati.</l>
				        <l n="235">Aspicis, ut prensos urant iuga prima iuvencos,</l>
				        <l n="236" rend="indent">Et nova velocem cingula laedat equum?</l>
				        <l n="237">Forsitan a laribus patriis exire pigebit:</l>
				        <l n="238" rend="indent">Sed tamen exibis: deinde redire voles;</l>
				        <l n="239">Nec te Lar patrius, sed amor revocabit amicae,</l>
				        <l n="240" rend="indent">Praetendens culpae splendida verba tuae.</l>
				        <l n="241">Cum semel exieris, centum solatia curae</l>
				        <l n="242" rend="indent">Et rus et comites et via longa dabit.</l>
				        <l n="243">Nec satis esse putes discedere; lentus abesto,</l>
				        <l n="244" rend="indent">Dum perdat vires sitque sine igne cinis.</l>
				        <l n="245">Quod nisi firmata properaris mente reverti,</l>
				        <l n="246" rend="indent">Inferet arma tibi saeva rebellis Amor.</l>
				        <l n="247">Quidquid et afueris, avidus sitiensque redibis,</l>
				        <l n="248" rend="indent">Et spatium damno cesserit omne tuo. <milestone ed="p" n="249" rend="indent" unit="carte"/>
            </l>
				        <l n="249">Viderit, Haemoniae siquis mala pabula terrae</l>
				        <l n="250" rend="indent">Et magicas artes posse iuvare putat.</l>
				        <l n="251">Ista veneficii vetus est via; noster Apollo</l>
				        <l n="252" rend="indent">Innocuam sacro carmine monstrat opem.</l>
				        <l n="253">Me duce non tumulo prodire iubebitur umbra,</l>
				        <l n="254" rend="indent">Non anus infami carmine rumpet humum;</l>
				        <l n="255">Non seges ex aliis alios transibit in agros,</l>
				        <l n="256" rend="indent">Nec subito Phoebi pallidus orbis erit.</l>
				        <l n="257">Ut solet, aequoreas ibit Tiberinus in undas:</l>
				        <l n="258" rend="indent">Ut solet, in niveis Luna vehetur equis.</l>
				        <l n="259">Nulla recantatas deponent pectora curas,</l>
				        <l n="260" rend="indent">Nec fugiet vivo sulpure victus amor.</l>
				        <l n="261">Quid te Phasiacae iuverunt gramina terrae,</l>
				        <l n="262" rend="indent">Cum cuperes patria, Colchi, manere domo? </l>
				        <l n="263">Quid tibi profuerunt, Circe, Perseïdes herbae,</l>
				        <l n="264" rend="indent">Cum sua Neritias abstulit aura rates?</l>
				        <l n="265">Omnia fecisti, ne callidus hospes abiret:</l>
				        <l n="266" rend="indent">Ille dedit certae lintea plena fugae.</l>
				        <l n="267">Omnia fecisti, ne te ferus ureret ignis:</l>
				        <l n="268" rend="indent">Longus in invito pectore sedit amor.</l>
				        <l n="269">Vertere tu poteras homines in mille figuras,</l>
				        <l n="270" rend="indent">Non poteras animi vertere iura tui.</l>
				        <l n="271">Diceris his etiam, cum iam discedere vellet,</l>
				        <l n="272" rend="indent">Dulichium verbis detinuisse ducem:</l>
				        <l n="273">'Non ego, quod primo, memini, sperare solebam,</l>
				        <l n="274" rend="indent">Iam precor, ut coniunx tu meus esse velis;</l>
				        <l n="275">Et tamen, ut coniunx essem tua, digna videbar,</l>
				        <l n="276" rend="indent">Quod dea, quod magni filia Solis eram.</l>
				        <l n="277">Ne properes, oro; spatium pro munere posco:</l>
				        <l n="278" rend="indent">Quid minus optari per mea vota potest?</l>
				        <l n="279">Et freta mota vides, et debes illa timere:</l>
				        <l n="280" rend="indent">Utilior velis postmodo ventus erit.</l>
				        <l n="281">Quae tibi causa fugae? non hic nova Troia resurgit,</l>
				        <l n="282" rend="indent">Non aliquis socios rursus ad arma vocat.</l>
				        <l n="283">Hic amor et pax est, in qua male vulneror una,</l>
				        <l n="284" rend="indent">Tutaque sub regno terra futura tuo est.'</l>
				        <l n="285">Illa loquebatur, navem solvebat Ulixes:</l>
				        <l n="286" rend="indent">Inrita cum velis verba tulere noti.</l>
				        <l n="287">Ardet et adsuetas Circe decurrit ad artes,</l>
				        <l n="288" rend="indent">Nec tamen est illis adtenuatus amor.</l>
				        <l n="289">Ergo quisquis opem nostra tibi poscis ab arte,</l>
				        <l n="290" rend="indent">Deme veneficiis carminibusque fidem. <milestone ed="p" n="291" rend="indent" unit="carte"/>
            </l>
				        <l n="291">Si te causa potens domina retinebit in Urbe,</l>
				        <l n="292" rend="indent">Accipe, consilium quod sit in Urbe meum.</l>
				        <l n="293">Optimus ille sui vindex, laedentia pectus</l>
				        <l n="294" rend="indent">Vincula qui rupit, dedoluitque semel.</l>
				        <l n="295">Sed cui tantum animi est, illum mirabor et ipse,</l>
				        <l n="296" rend="indent">Et dicam 'monitis non eget iste meis.'</l>
				        <l n="297">Tu mihi, qui, quod amas, aegre dediscis amare,</l>
				        <l n="298" rend="indent">Nec potes, et velles posse, docendus eris.</l>
				        <l n="299">Saepe refer tecum sceleratae facta puellae,</l>
				        <l n="300" rend="indent">Et pone ante oculos omnia damna tuos.</l>
				        <l n="301">'Illud et illud habet, nec ea contenta rapina est:</l>
				        <l n="302" rend="indent">Sub titulum nostros misit avara lares.</l>
				        <l n="303">Sic mihi iuravit, sic me iurata fefellit,</l>
				        <l n="304" rend="indent">Ante suas quotiens passa iacere fores!</l>
				        <l n="305">Diligit ipsa alios, a me fastidit amari;</l>
				        <l n="306" rend="indent">Institor, heu, noctes, quas mihi non dat, habet!'</l>
				        <l n="307">Haec tibi per totos inacescant omnia sensus:</l>
				        <l n="308" rend="indent">Haec refer, hinc odii semina quaere tui.</l>
				        <l n="309">Atque utinam possis etiam facundus in illis</l>
				        <l n="310" rend="indent">Esse! dole tantum, sponte disertus eris. <milestone ed="p" n="311" rend="indent" unit="carte"/>
            </l>
				        <l n="311">Haeserat in quadam nuper mea cura puella:</l>
				        <l n="312" rend="indent">Conveniens animo non erat illa meo:</l>
				        <l n="313">Curabar propriis aeger Podalirius herbis,</l>
				        <l n="314" rend="indent">Et, fateor, medicus turpiter aeger eram.</l>
				        <l n="315">Profuit adsidue vitiis insistere amicae,</l>
				        <l n="316" rend="indent">Idque mihi factum saepe salubre fuit.</l>
				        <l n="317">'Quam mala' dicebam 'nostrae sunt crura puellae!'</l>
				        <l n="318" rend="indent">Nec tamen, ut vere confiteamur, erant. </l>
				        <l n="319">'Brachia quam non sunt nostrae formosa puellae!'</l>
				        <l n="320" rend="indent">Et tamen, ut vere confiteamur, erant.</l>
				        <l n="321">'Quam brevis est!' nec erat; 'quam multum poscit amantem!'</l>
				        <l n="322" rend="indent">Haec odio venit maxima causa meo.</l>
				        <l n="323">Et mala sunt vicina bonis; errore sub illo</l>
				        <l n="324" rend="indent">Pro vitio virtus crimina saepe tulit.</l>
				        <l n="325">Qua potes, in peius dotes deflecte puellae,</l>
				        <l n="326" rend="indent">Iudiciumque brevi limite falle tuum.</l>
				        <l n="327">Turgida, si plena est, si fusca est, nigra vocetur:</l>
				        <l n="328" rend="indent">In gracili macies crimen habere potest.</l>
				        <l n="329">Et poterit dici petulans, quae rustica non est:</l>
				        <l n="330" rend="indent">Et poterit dici rustica, siqua proba est.</l>
				        <l n="331">Quin etiam, quacumque caret tua femina dote,</l>
				        <l n="332" rend="indent">Hanc moveat, blandis usque precare sonis.</l>
				        <l n="333">Exige uti cantet, siqua est sine voce puella:</l>
				        <l n="334" rend="indent">Fac saltet, nescit siqua movere manum.</l>
				        <l n="335">Barbara sermone est? fac tecum multa loquatur;</l>
				        <l n="336" rend="indent">Non didicit chordas tangere? posce lyram.</l>
				        <l n="337">Durius incedit? fac inambulet; omne papillae</l>
				        <l n="338" rend="indent">Pectus habent? vitium fascia nulla tegat.</l>
				        <l n="339">Si male dentata est, narra, quod rideat, illi;</l>
				        <l n="340" rend="indent">Mollibus est oculis? quod fleat illa, refer.</l>
				        <l n="341">Proderit et subito, cum se non finxerit ulli,</l>
				        <l n="342" rend="indent">Ad dominam celeres mane tulisse gradus.</l>
				        <l n="343">Auferimur cultu; gemmis auroque teguntur</l>
				        <l n="344" rend="indent">Omnia; pars minima est ipsa puella sui.</l>
				        <l n="345">Saepe ubi sit, quod ames, inter tam multa requiras;</l>
				        <l n="346" rend="indent">Decipit hac oculos aegide dives Amor.</l>
				        <l n="347">Improvisus ades, deprendes tutus inermem:</l>
				        <l n="348" rend="indent">Infelix vitiis excidet illa suis.</l>
				        <l n="349">Non tamen huic nimium praecepto credere tutum est:</l>
				        <l n="350" rend="indent">Fallit enim multos forma sine arte decens. </l>
				        <l n="351">Tum quoque, compositis cum collinet ora venenis,</l>
				        <l n="352" rend="indent">Ad dominae vultus (nec pudor obstet) eas.</l>
				        <l n="353">Pyxidas invenies et rerum mille colores,</l>
				        <l n="354" rend="indent">Et fluere in tepidos oesypa lapsa sinus.</l>
				        <l n="355">Illa tuas redolent, Phineu, medicamina mensas:</l>
				        <l n="356" rend="indent">Non semel hinc stomacho nausea facta meo est. <milestone ed="p" n="357" rend="indent" unit="carte"/>
            </l>
				        <l n="357">Nunc tibi, quae medio veneris praestemus in usu,</l>
				        <l n="358" rend="indent">Eloquar: ex omni est parte fugandus amor.</l>
				        <l n="359">Multa quidem ex illis pudor est mihi dicere; sed tu</l>
				        <l n="360" rend="indent">Ingenio verbis concipe plura meis.</l>
				        <l n="361">Nuper enim nostros quidam carpsere libellos,</l>
				        <l n="362" rend="indent">Quorum censura Musa proterva mea est.</l>
				        <l n="363">Dummodo sic placeam, dum toto canter in orbe,</l>
				        <l n="364" rend="indent">Quamlibet impugnent unus et alter opus.</l>
				        <l n="365">Ingenium magni livor detractat Homeri:</l>
				        <l n="366" rend="indent">Quisquis es, ex illo, Zoile, nomen habes.</l>
				        <l n="367">Et tua sacrilegae laniarunt carmina linguae,</l>
				        <l n="368" rend="indent">Pertulit huc victos quo duce Troia deos.</l>
				        <l n="369">Summa petit livor; perflant altissima venti:</l>
				        <l n="370" rend="indent">Summa petunt dextra fulmina missa Iovis.</l>
				        <l n="371">At tu, quicumque es, quem nostra licentia laedit,</l>
				        <l n="372" rend="indent">Si sapis, ad numeros exige quidque suos.</l>
				        <l n="373">Fortia Maeonio gaudent pede bella referri;</l>
				        <l n="374" rend="indent">Deliciis illic quis locus esse potest?</l>
				        <l n="375">Grande sonant tragici; tragicos decet ira cothurnos:</l>
				        <l n="376" rend="indent">Usibus e mediis soccus habendus erit.</l>
				        <l n="377">Liber in adversos hostes stringatur iambus,</l>
				        <l n="378" rend="indent">Seu celer, extremum seu trahat ille pedem. </l>
				        <l n="379">Blanda pharetratos Elegia cantet Amores,</l>
				        <l n="380" rend="indent">Et levis arbitrio ludat amica suo.</l>
				        <l n="381">Callimachi numeris non est dicendus Achilles,</l>
				        <l n="382" rend="indent">Cydippe non est oris, Homere, tui.</l>
				        <l n="383">Quis feret Andromaches peragentem Thaida partes?</l>
				        <l n="384" rend="indent">Peccet, in Andromache Thaida quisquis agat.</l>
				        <l n="385">Thais in arte mea est; lascivia libera nostra est;</l>
				        <l n="386" rend="indent">Nil mihi cum vitta; Thais in arte mea est.</l>
				        <l n="387">Si mea materiae respondet Musa iocosae,</l>
				        <l n="388" rend="indent">Vicimus, et falsi criminis acta rea est.</l>
				        <l n="389">Rumpere, Livor edax: magnum iam nomen habemus;</l>
				        <l n="390" rend="indent">Maius erit, tantum quo pede coepit eat.</l>
				        <l n="391">Sed nimium properas: vivam modo, plura dolebis;</l>
				        <l n="392" rend="indent">Et capiunt animi carmina multa mei.</l>
				        <l n="393">Nam iuvat et studium famae mihi crevit honore;</l>
				        <l n="394" rend="indent">Principio clivi noster anhelat equus.</l>
				        <l n="395">Tantum se nobis elegi debere fatentur,</l>
				        <l n="396" rend="indent">Quantum Vergilio nobile debet epos.</l>
				        <l n="397">Hactenus invidiae respondimus: attrahe lora</l>
				        <l n="398" rend="indent">Fortius, et gyro curre, poeta, tuo.</l>
				        <l n="399">Ergo ubi concubitus et opus iuvenale petetur,</l>
				        <l n="400" rend="indent">Et prope promissae tempora noctis erunt,</l>
				        <l n="401">Gaudia ne dominae, pleno si corpore sumes,</l>
				        <l n="402" rend="indent">Te capiant, ineas quamlibet ante velim;</l>
				        <l n="403">Quamlibet invenias, in qua tua prima voluptas</l>
				        <l n="404" rend="indent">Desinat: a prima proxima segnis erit.</l>
				        <l n="405">Sustentata venus gratissima; frigore soles,</l>
				        <l n="406" rend="indent">Sole iuvant umbrae, grata fit unda siti. <milestone ed="p" n="407" rend="indent" unit="carte"/>
            </l>
				        <l n="407">Et pudet, et dicam: venerem quoque iunge figura,</l>
				        <l n="408" rend="indent">Qua minime iungi quamque decere putas.</l>
				        <l n="409">Nec labor efficere est: rarae sibi vera fatentur,</l>
				        <l n="410" rend="indent">Et nihil est, quod se dedecuisse putent. </l>
				        <l n="411">Tunc etiam iubeo totas aperire fenestras,</l>
				        <l n="412" rend="indent">Turpiaque admisso membra notare die.</l>
				        <l n="413">At simul ad metas venit finita voluptas,</l>
				        <l n="414" rend="indent">Lassaque cum tota corpora mente iacent,</l>
				        <l n="415">Dum piget, et malis nullam tetigisse puellam,</l>
				        <l n="416" rend="indent">Tacturusque tibi non videare diu,</l>
				        <l n="417">Tunc animo signa, quaecumque in corpore menda est,</l>
				        <l n="418" rend="indent">Luminaque in vitiis illius usque tene.</l>
				        <l n="419">Forsitan haec aliquis (nam sunt quoque) parva vocabit,</l>
				        <l n="420" rend="indent">Sed, quae non prosunt singula, multa iuvant.</l>
				        <l n="421">Parva necat morsu spatiosum vipera taurum:</l>
				        <l n="422" rend="indent">A cane non magno saepe tenetur aper.</l>
				        <l n="423">Tu tantum numero pugna, praeceptaque in unum</l>
				        <l n="424" rend="indent">Contrahe: de multis grandis acervus erit.</l>
				        <l n="425">Sed quoniam totidem mores totidemque figurae,</l>
				        <l n="426" rend="indent">Non sunt iudiciis omnia danda meis.</l>
				        <l n="427">Quo tua non possunt offendi pectora facto,</l>
				        <l n="428" rend="indent">Forsitan hoc alio iudice crimen erit.</l>
				        <l n="429">Ille quod obscenas in aperto corpore partes</l>
				        <l n="430" rend="indent">Viderat, in cursu qui fuit, haesit amor:</l>
				        <l n="431">Ille quod a Veneris rebus surgente puella</l>
				        <l n="432" rend="indent">Vidit in inmundo signa pudenda toro.</l>
				        <l n="433">Luditis, o siquos potuerunt ista movere:</l>
				        <l n="434" rend="indent">Adflarant tepidae pectora vestra faces.</l>
				        <l n="435">Adtrahat ille puer contentos fortius arcus:</l>
				        <l n="436" rend="indent">Saucia maiorem turba petetis opem.</l>
				        <l n="437">Quid, qui clam latuit reddente obscena puella,</l>
				        <l n="438" rend="indent">Et vidit, quae mos ipse videre vetat?</l>
				        <l n="439">Di melius, quam nos moneamus talia quemquam!</l>
				        <l n="440" rend="indent">Ut prosint, non sunt expedienda tamen. <milestone ed="p" n="441" rend="indent" unit="carte"/>
            </l>
				        <l n="441">Hortor et, ut pariter binas habeatis amicas</l>
				        <l n="442" rend="indent">(Fortior est, plures siquis habere potest):</l>
				        <l n="443">Secta bipertito cum mens discurrit utroque,</l>
				        <l n="444" rend="indent">Alterius vires subtrahit alter amor.</l>
				        <l n="445">Grandia per multos tenuantur flumina rivos,</l>
				        <l n="446" rend="indent">Saevaque diducto stipite flamma perit.</l>
				        <l n="447">Non satis una tenet ceratas ancora puppes,</l>
				        <l n="448" rend="indent">Nec satis est liquidis unicus hamus aquis:</l>
				        <l n="449">Qui sibi iam pridem solacia bina paravit,</l>
				        <l n="450" rend="indent">Iam pridem summa victor in arce fuit.</l>
				        <l n="451">At tibi, qui fueris dominae male creditus uni,</l>
				        <l n="452" rend="indent">Nunc saltem novus est inveniendus amor.</l>
				        <l n="453">Pasiphaës Minos in Procride perdidit ignes:</l>
				        <l n="454" rend="indent">Cessit ab Idaea coniuge victa prior.</l>
				        <l n="455">Amphilochi frater ne Phegida semper amaret,</l>
				        <l n="456" rend="indent">Calliroë fecit parte recepta tori.</l>
				        <l n="457">Et Parin Oenone summos tenuisset ad annos,</l>
				        <l n="458" rend="indent">Si non Oebalia paelice laesa foret.</l>
				        <l n="459">Coniugis Odrysio placuisset forma tyranno:</l>
				        <l n="460" rend="indent">Sed melior clausae forma sororis erat.</l>
				        <l n="461">Quid moror exemplis, quorum me turba fatigat?</l>
				        <l n="462" rend="indent">Successore novo vincitur omnis amor.</l>
				        <l n="463">Fortius e multis mater desiderat unum,</l>
				        <l n="464" rend="indent">Quam quem flens clamat 'tu mihi solus eras.'</l>
				        <l n="465">Ac ne forte putes nova me tibi condere iura</l>
				        <l n="466" rend="indent">(Atque utinam inventi gloria nostra foret!),</l>
				        <l n="467">Vidit ut Atrides (quid enim non ille videret,</l>
				        <l n="468" rend="indent">Cuius in arbitrio Graecia tota fuit?)</l>
				        <l n="469">Marte suo captam Chryseïda, victor amabat:</l>
				        <l n="470" rend="indent">At senior stulte flebat ubique pater.</l>
				        <l n="471">Quid lacrimas, odiose senex? bene convenit illis:</l>
				        <l n="472" rend="indent">Officio natam laedis, inepte, tuo. </l>
				        <l n="473">Quam postquam reddi Calchas, ope tutus Achillis,</l>
				        <l n="474" rend="indent">Iusserat, et patria est illa recepta domo,</l>
				        <l n="475">'Est' ait Atrides 'illius proxima forma,</l>
				        <l n="476" rend="indent">Et, si prima sinat syllaba, nomen idem:</l>
				        <l n="477">Hanc mihi, si sapiat, per se concedat Achilles:</l>
				        <l n="478" rend="indent">Si minus, imperium sentiat ille meum.</l>
				        <l n="479">Quod siquis vestrum factum hoc incusat, Achivi,</l>
				        <l n="480" rend="indent">Est aliquid valida sceptra tenere manu.</l>
				        <l n="481">Nam si rex ego sum, nec mecum dormiat ulla,</l>
				        <l n="482" rend="indent">In mea Thersites regna, licebit, eat.'</l>
				        <l n="483">Dixit, et hanc habuit solacia magna prioris,</l>
				        <l n="484" rend="indent">Et posita est cura cura repulsa nova.</l>
				        <l n="485">Ergo adsume novas auctore Agamemnone flammas,</l>
				        <l n="486" rend="indent">Ut tuus in bivio distineatur amor. <milestone ed="p" n="487" rend="indent" unit="carte"/>
            </l>
				        <l n="487">Quaeris, ubi invenias? artes tu perlege nostras:</l>
				        <l n="488" rend="indent">Plena puellarum iam tibi navis erit.</l>
				        <l n="489">Quod siquid praecepta valent mea, siquid Apollo</l>
				        <l n="490" rend="indent">Utile mortales perdocet ore meo,</l>
				        <l n="491">Quamvis infelix media torreberis Aetna,</l>
				        <l n="492" rend="indent">Frigidior glacie fac videare tuae:</l>
				        <l n="493">Et sanum simula, ne, siquid forte dolebis,</l>
				        <l n="494" rend="indent">Sentiat; et ride, cum tibi flendus eris.</l>
				        <l n="495">Non ego te iubeo medias abrumpere curas:</l>
				        <l n="496" rend="indent">Non sunt imperii tam fera iussa mei.</l>
				        <l n="497">Quod non es, simula, positosque imitare furores:</l>
				        <l n="498" rend="indent">Sic facies vere, quod meditatus eris.</l>
				        <l n="499">Saepe ego, ne biberem, volui dormire videri:</l>
				        <l n="500" rend="indent">Dum videor, somno lumina victa dedi:</l>
				        <l n="501">Deceptum risi, qui se simularat amare,</l>
				        <l n="502" rend="indent">In laqueos auceps decideratque suos. </l>
				        <l n="503">Intrat amor mentes usu, dediscitur usu:</l>
				        <l n="504" rend="indent">Qui poterit sanum fingere, sanus erit.</l>
				        <l n="505">Dixerit, ut venias: pacta tibi nocte venito;</l>
				        <l n="506" rend="indent">Veneris, et fuerit ianua clausa: feres.</l>
				        <l n="507">Nec dic blanditias, nec fac convicia posti,</l>
				        <l n="508" rend="indent">Nec latus in duro limine pone tuum.</l>
				        <l n="509">Postera lux aderit: careant tua verba querellis,</l>
				        <l n="510" rend="indent">Et nulla in vultu signa dolentis habe.</l>
				        <l n="511">Iam ponet fastus, cum te languere videbit:</l>
				        <l n="512" rend="indent">Hoc etiam nostra munus ab arte feres.</l>
				        <l n="513">Te quoque falle tamen, nec sit tibi finis amandi</l>
				        <l n="514" rend="indent">Propositus: frenis saepe repugnat equus.</l>
				        <l n="515">Utilitas lateat; quod non profitebere, fiet:</l>
				        <l n="516" rend="indent">Quae nimis apparent retia, vitat avis.</l>
				        <l n="517">Nec sibi tam placeat, nec te contemnere possit;</l>
				        <l n="518" rend="indent">Sume animos, animis cedat ut illa tuis.</l>
				        <l n="519">Ianua forte patet? quamvis revocabere, transi.</l>
				        <l n="520" rend="indent">Est data nox? dubita nocte venire data.</l>
				        <l n="521">Posse pati facile est, ubi, si patientia desit,</l>
				        <l n="522" rend="indent">Protinus ex facili gaudia ferre licet.</l>
				        <l n="523">Et quisquam praecepta potest mea dura vocare?</l>
				        <l n="524" rend="indent">En, etiam partes conciliantis ago.</l>
				        <l n="525">Nam quoniam variant animi, variabimus artes;</l>
				        <l n="526" rend="indent">Mille mali species, mille salutis erunt.</l>
				        <l n="527">Corpora vix ferro quaedam sanantur acuto:</l>
				        <l n="528" rend="indent">Auxilium multis sucus et herba fuit.</l>
				        <l n="529">Mollior es, neque abire potes, vinctusque teneris,</l>
				        <l n="530" rend="indent">Et tua saevus Amor sub pede colla premit?</l>
				        <l n="531">Desine luctari: referant tua carbasa venti,</l>
				        <l n="532" rend="indent">Quaque vocant fluctus, hac tibi remus eat. </l>
				        <l n="533">Explenda est sitis ista tibi, quo perditus ardes;</l>
				        <l n="534" rend="indent">Cedimus; e medio iam licet amne bibas:</l>
				        <l n="535">Sed bibe plus etiam, quam quod praecordia poscunt,</l>
				        <l n="536" rend="indent">Gutture fac pleno sumpta redundet aqua.</l>
				        <l n="537">I, fruere usque tua, nullo prohibente, puella:</l>
				        <l n="538" rend="indent">Illa tibi noctes auferat, illa dies.</l>
				        <l n="539">Taedia quaere mali: faciunt et taedia finem.</l>
				        <l n="540" rend="indent">Iam quoque, cum credes posse carere, mane,</l>
				        <l n="541">Dum bene te cumules et copia tollat amorem,</l>
				        <l n="542" rend="indent">Et fastidita non iuvet esse domo. <milestone ed="p" n="543" rend="indent" unit="carte"/>
            </l>
				        <l n="543">Fit quoque longus amor, quem diffidentia nutrit:</l>
				        <l n="544" rend="indent">Hunc tu si quaeres ponere, pone metum.</l>
				        <l n="545">Qui timet, ut sua sit, ne quis sibi detrahat illam,</l>
				        <l n="546" rend="indent">Ille Machaonia vix ope sanus erit.</l>
				        <l n="547">Plus amat e natis mater plerumque duobus,</l>
				        <l n="548" rend="indent">Pro cuius reditu, quod gerit arma, timet.</l>
				        <l n="549">Est prope Collinam templum venerabile portam;</l>
				        <l n="550" rend="indent">Inposuit templo nomina celsus Eryx:</l>
				        <l n="551">Est illic Lethaeus Amor, qui pectora sanat,</l>
				        <l n="552" rend="indent">Inque suas gelidam lampadas addit aquam.</l>
				        <l n="553">Illic et iuvenes votis oblivia poscunt,</l>
				        <l n="554" rend="indent">Et siqua est duro capta puella viro.</l>
				        <l n="555">Is mihi sic dixit (dubito, verusne Cupido,</l>
				        <l n="556" rend="indent">An somnus fuerit: sed puto, somnus erat)</l>
				        <l n="557">'O qui sollicitos modo das, modo demis amores,</l>
				        <l n="558" rend="indent">Adice praeceptis hoc quoque, Naso, tuis.</l>
				        <l n="559">Ad mala quisque animum referat sua, ponet amorem;</l>
				        <l n="560" rend="indent">Omnibus illa deus plusve minusve dedit. </l>
				        <l n="561">Qui Puteal Ianumque timet celeresque Kalendas,</l>
				        <l n="562" rend="indent">Torqueat hunc aeris mutua summa sui;</l>
				        <l n="563">Cui durus pater est, ut voto cetera cedant,</l>
				        <l n="564" rend="indent">Huic pater ante oculos durus habendus erit;</l>
				        <l n="565">Hic male dotata pauper cum coniuge vivit,</l>
				        <l n="566" rend="indent">Uxorem fato credat obesse suo.</l>
				        <l n="567">Est tibi rure bono generosae fertilis uvae</l>
				        <l n="568" rend="indent">Vinea? ne nascens usta sit uva, time.</l>
				        <l n="569">Ille habet in reditu navim: mare semper iniquum</l>
				        <l n="570" rend="indent">Cogitet et damno litora foeda suo.</l>
				        <l n="571">Filius hunc miles, te filia nubilis angat;</l>
				        <l n="572" rend="indent">Et quis non causas mille doloris habet?</l>
				        <l n="573">Ut posses odisse tuam, Pari, funera fratrum</l>
				        <l n="574" rend="indent">Debueras oculis substituisse tuis.'</l>
				        <l n="575">Plura loquebatur: placidum puerilis imago</l>
				        <l n="576" rend="indent">Destituit somnum, si modo somnus erat.</l>
				        <l n="577">Quid faciam? media navem Palinurus in unda</l>
				        <l n="578" rend="indent">Deserit; ignotas cogor inire vias. <milestone ed="p" n="579" rend="indent" unit="carte"/>
            </l>
				        <l n="579">Quisquis amas, loca sola nocent, loca sola caveto!</l>
				        <l n="580" rend="indent">Quo fugis? in populo tutior esse potes.</l>
				        <l n="581">Non tibi secretis (augent secreta furores)</l>
				        <l n="582" rend="indent">Est opus: auxilio turba futura tibi est.</l>
				        <l n="583">Tristis eris, si solus eris, dominaeque relictae</l>
				        <l n="584" rend="indent">Ante oculos facies stabit, ut ipsa, tuos.</l>
				        <l n="585">Tristior idcirco nox est quam tempora Phoebi;</l>
				        <l n="586" rend="indent">Quae relevet luctus, turba sodalis abest.</l>
				        <l n="587">Nec fuge conloquium, nec sit tibi ianua clausa,</l>
				        <l n="588" rend="indent">Nec tenebris vultus flebilis abde tuos. </l>
				        <l n="589">Semper habe Pyladen aliquem, qui curet Oresten:</l>
				        <l n="590" rend="indent">Hic quoque amicitiae non levis usus erit.</l>
				        <l n="591">Quid, nisi secretae laeserunt Phyllida silvae?</l>
				        <l n="592" rend="indent">Certa necis causa est: incomitata fuit.</l>
				        <l n="593">Ibat, ut Edono referens trieterica Baccho</l>
				        <l n="594" rend="indent">Ire solet fusis barbara turba comis,</l>
				        <l n="595">Et modo, qua poterat, longum spectabat in aequor,</l>
				        <l n="596" rend="indent">Nunc in harenosa lassa iacebat humo.</l>
				        <l n="597">'Perfide Demophoon!' surdas clamabat ad undas,</l>
				        <l n="598" rend="indent">Ruptaque singultu verba loquentis erant.</l>
				        <l n="599">Limes erat tenuis longa subnubilus umbra,</l>
				        <l n="600" rend="indent">Quo tulit illa suos ad mare saepe pedes.</l>
				        <l n="601">Nona terebatur miserae via: 'viderit!' inquit,</l>
				        <l n="602" rend="indent">Et spectat zonam pallida facta suam,</l>
				        <l n="603">Aspicit et ramos; dubitat, refugitque quod audet</l>
				        <l n="604" rend="indent">Et timet, et digitos ad sua colla refert.</l>
				        <l n="605">Sithoni, tum certe vellem non sola fuisses:</l>
				        <l n="606" rend="indent">Non flesset positis Phyllida silva comis.</l>
				        <l n="607">Phyllidis exemplo nimium secreta timete,</l>
				        <l n="608" rend="indent">Laese vir a domina, laesa puella viro. <milestone ed="p" n="609" rend="indent" unit="carte"/>
            </l>
				        <l n="609">Praestiterat iuvenis quidquid mea Musa iubebat,</l>
				        <l n="610" rend="indent">Inque suae portu paene salutis erat:</l>
				        <l n="611">Reccidit, ut cupidos inter devenit amantes,</l>
				        <l n="612" rend="indent">Et, quae condiderat, tela resumpsit Amor.</l>
				        <l n="613">Siquis amas, nec vis, facito contagia vites;</l>
				        <l n="614" rend="indent">Haec etiam pecori saepe nocere solent.</l>
				        <l n="615">Dum spectant laesos oculi, laeduntur et ipsi,</l>
				        <l n="616" rend="indent">Multaque corporibus transitione nocent.</l>
				        <l n="617">In loca nonnumquam siccis arentia glebis</l>
				        <l n="618" rend="indent">De prope currenti flumine manat aqua:</l>
				        <l n="619">Manat amor tectus, si non ab amante recedas;</l>
				        <l n="620" rend="indent">Turbaque in hoc omnes ingeniosa sumus. </l>
				        <l n="621">Alter item iam sanus erat; vicinia laesit:</l>
				        <l n="622" rend="indent">Occursum dominae non tulit ille suae.</l>
				        <l n="623">Vulnus in antiquum rediit male firma cicatrix,</l>
				        <l n="624" rend="indent">Successumque artes non habuere meae.</l>
				        <l n="625">Proximus a tectis ignis defenditur aegre;</l>
				        <l n="626" rend="indent">Utile finitimis abstinuisse locis.</l>
				        <l n="627">Nec quae ferre solet spatiantem porticus illam,</l>
				        <l n="628" rend="indent">Te ferat, officium neve colatur idem.</l>
				        <l n="629">Quid iuvat admonitu tepidam recalescere mentem?</l>
				        <l n="630" rend="indent">Alter, si possis, orbis habendus erit.</l>
				        <l n="631">Non facile esuriens posita retinebere mensa,</l>
				        <l n="632" rend="indent">Et multam saliens incitat unda sitim.</l>
				        <l n="633">Non facile est taurum visa retinere iuvenca,</l>
				        <l n="634" rend="indent">Fortis equus visae semper adhinnit equae.</l>
				        <l n="635">Haec ubi praestiteris, ut tandem litora tangas,</l>
				        <l n="636" rend="indent">Non ipsam satis est deseruisse tibi.</l>
				        <l n="637">Et soror et mater valeant et conscia nutrix,</l>
				        <l n="638" rend="indent">Et quisquis dominae pars erit ulla tuae.</l>
				        <l n="639">Nec veniat servus, nec flens ancillula fictum</l>
				        <l n="640" rend="indent">Suppliciter dominae nomine dicat 'ave!'</l>
				        <l n="641">Nec si scire voles, quid agat, tamen, illa, rogabis;</l>
				        <l n="642" rend="indent">Perfer! erit lucro lingua retenta tuo.</l>
				        <l n="643">Tu quoque, qui causam finiti reddis amoris,</l>
				        <l n="644" rend="indent">Deque tua domina multa querenda refers,</l>
				        <l n="645">Parce queri; melius sic ulciscere tacendo,</l>
				        <l n="646" rend="indent">Ut desideriis effluat illa tuis.</l>
				        <l n="647">Et malim taceas quam te desisse loquaris:</l>
				        <l n="648" rend="indent">Qui nimium multis 'non amo' dicit, amat.</l>
				        <l n="649">Sed meliore fide paulatim extinguitur ignis</l>
				        <l n="650" rend="indent">Quam subito; lente desine, tutus eris.</l>
				        <l n="651">Flumine perpetuo torrens solet altior ire:</l>
				        <l n="652" rend="indent">Sed tamen haec brevis est, illa perennis aqua. </l>
				        <l n="653">Fallat, et in tenues evanidus exeat auras,</l>
				        <l n="654" rend="indent">Perque gradus molles emoriatur amor. <milestone ed="p" n="655" rend="indent" unit="carte"/>
            </l>
				        <l n="655">Sed modo dilectam scelus est odisse puellam:</l>
				        <l n="656" rend="indent">Exitus ingeniis convenit iste feris.</l>
				        <l n="657">Non curare sat est: odio qui finit amorem,</l>
				        <l n="658" rend="indent">Aut amat, aut aegre desinet esse miser.</l>
				        <l n="659">Turpe vir et mulier, iuncti modo, protinus hostes;</l>
				        <l n="660" rend="indent">Non illas lites Appias ipsa probat.</l>
				        <l n="661">Saepe reas faciunt, et amant; ubi nulla simultas</l>
				        <l n="662" rend="indent">Incidit, admonitu liber aberrat amor.</l>
				        <l n="663">Forte aderam iuveni; dominam lectica tenebat:</l>
				        <l n="664" rend="indent">Horrebant saevis omnia verba minis.</l>
				        <l n="665">Iamque vadaturus 'lectica prodeat' inquit;</l>
				        <l n="666" rend="indent">Prodierat: visa coniuge mutus erat.</l>
				        <l n="667">Et manus et manibus duplices cecidere tabellae,</l>
				        <l n="668" rend="indent">Venit in amplexus, atque 'ita vincis' ait.</l>
				        <l n="669">Tutius est aptumque magis discedere pace,</l>
				        <l n="670" rend="indent">Nec petere a thalamis litigiosa fora.</l>
				        <l n="671">Munera quae dederas, habeat sine lite, iubeto:</l>
				        <l n="672" rend="indent">Esse solent magno damna minora bono.</l>
				        <l n="673">Quod si vos aliquis casus conducet in unum,</l>
				        <l n="674" rend="indent">Mente memor tota quae damus arma, tene.</l>
				        <l n="675">Nunc opus est armis; hic, o fortissime, pugna:</l>
				        <l n="676" rend="indent">Vincenda est telo Penthesilea tuo.</l>
				        <l n="677">Nunc tibi rivalis, nunc durum limen amanti,</l>
				        <l n="678" rend="indent">Nunc subeant mediis inrita verba deis.</l>
				        <l n="679">Nec compone comas, quia sis venturus ad illam,</l>
				        <l n="680" rend="indent">Nec toga sit laxo conspicienda sinu. </l>
				        <l n="681">Nulla sit, ut placeas alienae cura puellae;</l>
				        <l n="682" rend="indent">Iam facito e multis una sit illa tibi.</l>
				        <l n="683">Sed quid praecipue nostris conatibus obstet</l>
				        <l n="684" rend="indent">Eloquar, exemplo quemque docente suo.</l>
				        <l n="685">Desinimus tarde, quia nos speramus amari:</l>
				        <l n="686" rend="indent">Dum sibi quisque placet, credula turba sumus.</l>
				        <l n="687">At tu nec voces (quid enim fallacius illis?)</l>
				        <l n="688" rend="indent">Crede, nec aeternos pondus habere deos.</l>
				        <l n="689">Neve puellarum lacrimis moveare, caveto:</l>
				        <l n="690" rend="indent">Ut flerent, oculos erudiere suos.</l>
				        <l n="691">Artibus innumeris mens oppugnatur amantum,</l>
				        <l n="692" rend="indent">Ut lapis aequoreis undique pulsus aquis.</l>
				        <l n="693">Nec causas aperi, quare divortia malis:</l>
				        <l n="694" rend="indent">Nec dic, quid doleas: clam tamen usque dole.</l>
				        <l n="695">Nec peccata refer, ne diluat: ipse favebis,</l>
				        <l n="696" rend="indent">Ut melior causa causa sit illa tua.</l>
				        <l n="697">Qui silet, est firmus; qui dicit multa puellae</l>
				        <l n="698" rend="indent">Probra, satisfieri postulat ille sibi. <milestone ed="p" n="699" rend="indent" unit="carte"/>
            </l>
				        <l n="699">Non ego Dulichio furari more sagittas,</l>
				        <l n="700" rend="indent">Nec raptas ausim tinguere in amne faces:</l>
				        <l n="701">Nec nos purpureas pueri resecabimus alas,</l>
				        <l n="702" rend="indent">Nec sacer arte mea laxior arcus erit.</l>
				        <l n="703">Consilium est, quodcumque cano: parete canenti,</l>
				        <l n="704" rend="indent">Tuque, favens coeptis, Phoebe saluber, ades.</l>
				        <l n="705">Phoebus adest: sonuere lyrae, sonuere pharetrae;</l>
				        <l n="706" rend="indent">Signa deum nosco per sua: Phoebus adest.</l>
				        <l n="707">Confer Amyclaeis medicatum vellus aënis</l>
				        <l n="708" rend="indent">Murice cum Tyrio; turpius illud erit:</l>
				        <l n="709">Vos quoque formosis vestras conferte puellas;</l>
				        <l n="710" rend="indent">Incipiet dominae quemque pudere suae: </l>
				        <l n="711">Utraque formosae Paridi potuere videri,</l>
				        <l n="712" rend="indent">Sed sibi conlatam vicit utramque Venus.</l>
				        <l n="713">Nec solam faciem, mores quoque confer et artes:</l>
				        <l n="714" rend="indent">Tantum iudicio ne tuus obsit amor. <milestone ed="p" n="715" rend="indent" unit="carte"/>
            </l>
				        <l n="715">Exiguum est, quod deinde canam; sed profuit illud</l>
				        <l n="716" rend="indent">Exiguum multis: in quibus ipse fui.</l>
				        <l n="717">Scripta cave relegas blandae servata puellae:</l>
				        <l n="718" rend="indent">Constantes animos scripta relecta movent.</l>
				        <l n="719">Omnia pone feros (pones invitus) in ignes,</l>
				        <l n="720" rend="indent">Et dic 'ardoris sit rogus iste mei.'</l>
				        <l n="721">Thestias absentem succendit stipite natum:</l>
				        <l n="722" rend="indent">Tu timide flammae perfida verba dabis?</l>
				        <l n="723">Si potes, et ceras remove: quid imagine muta</l>
				        <l n="724" rend="indent">Carperis? hoc periit Laodamia modo.</l>
				        <l n="725">Et loca saepe nocent; fugito loca conscia vestri</l>
				        <l n="726" rend="indent">Concubitus; causas illa doloris habent.</l>
				        <l n="727">'Hic fuit, hic cubuit; thalamo dormivimus illo:</l>
				        <l n="728" rend="indent">Hic mihi lasciva gaudia nocte dedit.'</l>
				        <l n="729">Admonitu refricatur amor, vulnusque novatum</l>
				        <l n="730" rend="indent">Scinditur: infirmis culpa pusilla nocet.</l>
				        <l n="731">Ut, paene extinctum cinerem si sulpure tangas,</l>
				        <l n="732" rend="indent">Vivet et e minimo maximus ignis erit,</l>
				        <l n="733">Sic, nisi vitaris quidquid renovabit amorem,</l>
				        <l n="734" rend="indent">Flamma redardescet, quae modo nulla fuit.</l>
				        <l n="735">Argolides cuperent fugisse Capherea puppes,</l>
				        <l n="736" rend="indent">Teque, senex, luctus ignibus ulte tuos.</l>
				        <l n="737">Praeterita cautus Niseïde navita gaudet:</l>
				        <l n="738" rend="indent">Tu loca, quae nimium grata fuere, cave. </l>
				        <l n="739">Haec tibi sint Syrtes: haec Acroceraunia vita:</l>
				        <l n="740" rend="indent">Hic vomit epotas dira Charybdis aquas.</l>
				        <l n="741">Sunt quae non possunt aliquo cogente iuberi,</l>
				        <l n="742" rend="indent">Saepe tamen casu facta iuvare solent.</l>
				        <l n="743">Perdat opes Phaedra, parces, Neptune, nepoti,</l>
				        <l n="744" rend="indent">Nec faciet pavidos taurus avitus equos.</l>
				        <l n="745">Cnosida fecisses inopem, sapienter amasset:</l>
				        <l n="746" rend="indent">Divitiis alitur luxuriosus amor.</l>
				        <l n="747">Cur nemo est, Hecalen, nulla est, quae ceperit Iron?</l>
				        <l n="748" rend="indent">Nempe quod alter egens, altera pauper erat.</l>
				        <l n="749">Non habet, unde suum paupertas pascat amorem:</l>
				        <l n="750" rend="indent">Non tamen hoc tanti est, pauper ut esse velis. <milestone ed="p" n="751" rend="indent" unit="carte"/>
            </l>
				        <l n="751">At tanti tibi sit non indulgere theatris,</l>
				        <l n="752" rend="indent">Dum bene de vacuo pectore cedat amor.</l>
				        <l n="753">Enervant animos citharae lotosque lyraeque</l>
				        <l n="754" rend="indent">Et vox et numeris brachia mota suis.</l>
				        <l n="755">Illic adsidue ficti saltantur amantes:</l>
				        <l n="756" rend="indent">Quod caveas, actor, quam iuvet, arte docet.</l>
				        <l n="757">Eloquar invitus: teneros ne tange poetas!</l>
				        <l n="758" rend="indent">Summoveo dotes impius ipse meas.</l>
				        <l n="759">Callimachum fugito: non est inimicus Amori:</l>
				        <l n="760" rend="indent">Et cum Callimacho tu quoque, Coë, noces.</l>
				        <l n="761">Me certe Sappho meliorem fecit amicae,</l>
				        <l n="762" rend="indent">Nec rigidos mores Teïa Musa dedit.</l>
				        <l n="763">Carmina quis potuit tuto legisse Tibulli,</l>
				        <l n="764" rend="indent">Vel tua, cuius opus Cynthia sola fuit? </l>
				        <l n="765">Quis poterit lecto durus discedere Gallo?</l>
				        <l n="766" rend="indent">Et mea nescio quid carmina tale sonant.</l>
				        <l n="767">Quod nisi dux operis vatem frustratur Apollo,</l>
				        <l n="768" rend="indent">Aemulus est nostri maxima causa mali:</l>
				        <l n="769">At tu rivalem noli tibi fingere quemquam,</l>
				        <l n="770" rend="indent">Inque suo solam crede iacere toro.</l>
				        <l n="771">Acrius Hermionen ideo dilexit Orestes,</l>
				        <l n="772" rend="indent">Esse quod alterius coeperat illa viri.</l>
				        <l n="773">Quid, Menelae, doles? ibas sine coniuge Creten,</l>
				        <l n="774" rend="indent">Et poteras nupta lentus abesse tua.</l>
				        <l n="775">Ut Paris hanc rapuit, nunc demum uxore carere</l>
				        <l n="776" rend="indent">Non potes: alterius crevit amore tuus.</l>
				        <l n="777">Hoc et in abducta Briseide flebat Achilles,</l>
				        <l n="778" rend="indent">Illam Plisthenio gaudia ferre viro;</l>
				        <l n="779">Nec frustra flebat, mihi credite: fecit Atrides,</l>
				        <l n="780" rend="indent">Quod si non faceret, turpiter esset iners.</l>
				        <l n="781">Certe ego fecissem, nec sum sapientior illo:</l>
				        <l n="782" rend="indent">Invidiae fructus maximus ille fuit.</l>
				        <l n="783">Nam sibi quod numquam tactam Briseida iurat</l>
				        <l n="784" rend="indent">Per sceptrum, sceptrum non putat esse deos. <milestone ed="p" n="785" rend="indent" unit="carte"/>
            </l>
				        <l n="785">Di faciant, possis dominae transire relictae</l>
				        <l n="786" rend="indent">Limina, proposito sufficiantque pedes.</l>
				        <l n="787">Et poteris; modo velle tene: nunc fortiter ire,</l>
				        <l n="788" rend="indent">Nunc opus est celeri subdere calcar equo.</l>
				        <l n="789">Illo Lotophagos, illo Sirenas in antro</l>
				        <l n="790" rend="indent">Esse puta; remis adice vela tuis.</l>
				        <l n="791">Hunc quoque, quo quondam nimium rivale dolebas,</l>
				        <l n="792" rend="indent">Vellem desineres hostis habere loco. </l>
				        <l n="793">At certe, quamvis odio remanente, saluta;</l>
				        <l n="794" rend="indent">Oscula cum poteris iam dare, sanus eris.</l>
				        <l n="795">Ecce, cibos etiam, medicinae fungar ut omni</l>
				        <l n="796" rend="indent">Munere, quos fugias quosque sequare, dabo.</l>
				        <l n="797">Daunius, an Libycis bulbus tibi missus ab oris,</l>
				        <l n="798" rend="indent">An veniat Megaris, noxius omnis erit.</l>
				        <l n="799">Nec minus erucas aptum vitare salaces,</l>
				        <l n="800" rend="indent">Et quicquid Veneri corpora nostra parat.</l>
				        <l n="801">Utilius sumas acuentes lumina rutas,</l>
				        <l n="802" rend="indent">Et quidquid Veneri corpora nostra negat.</l>
				        <l n="803">Quid tibi praecipiam de Bacchi munere, quaeris?</l>
				        <l n="804" rend="indent">Spe brevius monitis expediere meis.</l>
				        <l n="805">Vina parant animum Veneri, nisi plurima sumas</l>
				        <l n="806" rend="indent">Et stupeant multo corda sepulta mero.</l>
				        <l n="807">Nutritur vento, vento restinguitur ignis:</l>
				        <l n="808" rend="indent">Lenis alit flammas, grandior aura necat.</l>
				        <l n="809">Aut nulla ebrietas, aut tanta sit, ut tibi curas</l>
				        <l n="810" rend="indent">Eripiat; siqua est inter utrumque, nocet.</l>
				        <l n="811">Hoc opus exegi: fessae date serta carinae;</l>
				        <l n="812" rend="indent">Contigimus portus, quo mihi cursus erat.</l>
				        <l n="813">Postmodo reddetis sacro pia vota poetae,</l>
				        <l n="814" rend="indent">Carmine sanati femina virque meo. </l>
			      </div>
		    </body>
	  </text>

</TEI>
