<?xml version="1.0" encoding="UTF-8"?>
<?xml-model href="http://www.stoa.org/epidoc/schema/8.19/tei-epidoc.rng"
    schematypens="http://relaxng.org/ns/structure/1.0"?>
<?xml-model href="http://www.stoa.org/epidoc/schema/8.19/tei-epidoc.rng"
    schematypens="http://purl.oclc.org/dsdl/schematron"?>
<TEI xmlns="http://www.tei-c.org/ns/1.0">
  <teiHeader>
      <fileDesc>

         <titleStmt>
            <title>Ibis</title>
            <author>P. Ovidius Naso</author>
            <editor role="editor">Rudolf Merkel</editor>
      	     <editor role="editor">Rudolf Ehwald</editor>
            <sponsor>Perseus Project, Tufts University</sponsor>
            <principal>Gregory Crane</principal>
            <respStmt>
               <resp>Prepared under the supervision of</resp>
               <name>Bridget Almas</name>
               <name>Lisa Cerrato</name>
               <name>Rashmi Singhal</name>
            </respStmt>
            <funder n="org:Mellon">The Mellon Foundation</funder>
         </titleStmt>
         <publicationStmt>
            <publisher>Trustees of Tufts University</publisher>
            <pubPlace>Medford, MA</pubPlace>
            <authority>Perseus Project</authority>
            <date type="release">2011-04-14</date>
         </publicationStmt>
         <sourceDesc>
            <biblStruct>
               <monogr>
                  <author>P. Ovidius Naso</author>
                  <title>P. Ovidius Naso ex Iterata R. Merkelii Recognitione, Vol III</title>
                  <editor>Rudolf Merkel</editor>
                  <editor>Rudolf Ehwald</editor>
                  <imprint>
                     <pubPlace>Lipsiae</pubPlace>
                     <publisher>In Aedibus B.G. Teubneri</publisher>
                     <date>1889</date>
                  </imprint>
               </monogr>
               <ref target="https://archive.org/stream/povidiusnaso00ehwagoog#page/n913/mode/2up">Internet Archive</ref>
            </biblStruct>
         </sourceDesc>
      </fileDesc>

      <encodingDesc>
         <refsDecl n="CTS">
            <cRefPattern n="line"
                         matchPattern="(\w+)"
                         replacementPattern="#xpath(/tei:TEI/tei:text/tei:body/tei:div[@type='edition']//tei:l[@n='$1'])">
                <p>This pointer pattern extracts line</p>
            </cRefPattern>
        </refsDecl>
         <refsDecl>
            <refState unit="line"/>
         </refsDecl>
      </encodingDesc>

      <profileDesc>
         <langUsage default="false">
            <language ident="lat">Latin </language>
         </langUsage>
      </profileDesc>

  </teiHeader>

   <text xml:id="stoa0045.stoa0">
      <body>
         <div type="edition" n="urn:cts:latinLit:phi0959.phi010.perseus-lat2" xml:lang="lat">
            <pb xml:id="p.103"/>


            <l n="1">
               <milestone unit="alt" n="1"/>Tempus ad hoc ; lustris bis iam mihi quinque peractis , </l>
            <l n="2">Omne fuit Musae carmen inerme meae; </l>
            <l n="3">Nullaque ; quae possit ; scriptis tot milibus , extat</l>
            <l n="4">Littera Nasonis sanguinolenta legi: </l>
            <l n="5"> Nec quemquam nostri nisi me laesere libelli , </l>
            <l n="6">Artificis periit cum caput Arte sua . </l>
            <l n="7">Unus — et hoc ipsum est iniuria magna — perennem </l>
            <l n="8">Candoris titulum non sinit esse mei . </l>
            <l n="9">Quisquis is est , — nam nomen adhuc utcumque  tacebo — </l>
            <l n="10"> Cogit inassuetas sumere tela manus . </l>
            <l n="11">Ille relegatum gelidos aquilonis ad ortus </l>
            <l n="12">Non sinit exilio delituisse meo ; </l>
            <l n="13">Vulneraque inmitis requiem quaerentia vexat , </l>
            <l n="14">Iactat et in toto nomina nostra foro ; </l>
            <l n="15"> Perpetuoque mihi sociatam foedere lecti </l>
            <l n="16">Non patitur vivi funera flere viri. </l>
            <l n="17">Cumque ego quassa meae complectar membra carinae , </l>
            <l n="18">Naufragii tabulas pugnat habere mei: </l>
            <l n="19">Et qui debuerat subitas extinguere flammas, </l>
            <l n="20"> Hic praedam medio raptor ab igne petit. </l>
            <l n="21">
               <milestone unit="alt" n="2"/>Nititur , ut profugae desint alimenta senectae .  </l>
            <l n="22">Heu ! quanto est nostris dignior ipse malis ! </l>



            <pb xml:id="p.104"/>

            <l n="23">Di melius ; quorum longe mihi maximus ille est, </l>
            <l n="24">Qui nostras inopes noluit esse vias. </l>
            <l n="25"> Huic igitur meritas grates , ubicumque licebit, </l>
            <l n="26">Pro tam mansueto pectore semper agam . </l>
            <l n="27">Audiat hoc Pontus . faciet quoque forsitan idem, </l>
            <l n="28">Terra sit ut propior testificanda mihi. </l>
            <l n="29">At tibi , calcasti qui me , violente , iacentem , </l>
            <l n="30"> Qua licet ei ! misero , debitus hostis ero . </l>
            <l n="31">Desinet esse prius contrarius ignibus umor, </l>
            <l n="32">Iunctaque cum luna lumina solis erunt; </l>
            <l n="33">Parsque eadem caeli zephyros emittet et euros, </l>
            <l n="34">Et tepidus gelido flabit ab axe notus; </l>
            <l n="35"> Et nova fraterno veniet concordia fumo, </l>
            <l n="36">Quem vetus accensa separat ira pyra; </l>
            <l n="37">Et ver autumno , brumae miscebitur aestas , </l>
            <l n="38">Atque eadem regio vesper et ortus erit: </l>
            <l n="39">Quam mihi sit tecum positis, quae sumpsimus, armis </l>
            <l n="40"> Gratia , commissis , improbe , rupta tuis . </l>
            <l n="43">
               <milestone unit="alt" n="3"/> Pax erit haec nobis, donec mihi vita manebit,  </l>
            <l n="44">Cum pecore infirmo quae solet esse lupis. </l>
            <l n="45"> Prima quidem coepto committam proelia versu , </l>
            <l n="46">Non soleant quamvis hoc pede bella geri : </l>
            <l n="47">Utque petit primo plenum flaventis harenae </l>
            <l n="48">Nondum calfacti militis hasta solum, </l>
            <l n="49">Sic ego te nondum ferro iaculabor acuto, </l>
            <l n="50"> Protinus invisum nec petet hasta caput; </l>
            <l n="51">Et neque nomen in hoc , nec dicam facta libello, </l>
            <l n="52">Teque brevi , qui sis , dissimulare sinam . </l>
            <l n="53">Postmodo , si perges , in te mihi liber iambus </l>
            <l n="54">Tincta Lycambeo sanguine tela dabit . </l>
            <l n="55"> Nunc quo Battiades inimicum devovet Ibin, </l>
            <l n="56">Hoc ego devoveo teque tuosque modo. </l>
            <l n="57">Utque ille , historiis involvam carmina caecis : </l>
            <l n="58">Non soleam quamvis hoc genus ipse sequi. </l>
            <l n="59">Illius ambages imitatus in Ibide dicar </l>
            <l n="60"> Oblitus moris iudiciique mei. </l>



            <pb xml:id="p.105"/>

            <l n="61">Et quoniam ; qui sis , nondum quaerentibus edo , </l>
            <l n="62">Ibidis interea tu quoque nomen habe ; </l>
            <l n="63">Utque mei versus aliquantum noctis habebunt, </l>
            <l n="64">Sic vitae series tota sit atra tuae . </l>
            <l n="65">
               <milestone unit="alt" n="4"/> Haec tibi natali facito, Ianique kalendis  </l>
            <l n="66">Non mentituro quilibet ore legat. </l>
            <l n="67">Di maris et terrae , quique his meliora tenetis </l>
            <l n="68">Inter diversos cum Iove regna polos , </l>
            <l n="69">Huc , precor , huc vestras omnes advertite mentes, </l>
            <l n="70"> Et sinite optatis pondus inesse meis : </l>
            <l n="71">Ipsaque tu Tellus , ipsum cum fluctibus aequor , </l>
            <l n="72">Ipse meas aether accipe summe preces; </l>
            <l n="73">Sideraque et radiis circumdata solis imago, </l>
            <l n="74">Lunaque , quae numquam quo prius , orbe micas , </l>
            <l n="75"> Noxque tenebrarum specie reverenda tuarum ; </l>
            <l n="76">Quaeque ratum triplici pollice netis opus, </l>
            <l n="77">Quique per infernas horrendo murmure valles </l>
            <l n="78">Inperiuratae laberis amnis aquae, </l>
            <l n="79">Quasque ferunt torto vittatis angue capillis </l>
            <l n="80"> Carceris obscuras ante sedere fores; </l>
            <l n="81">Vos quoque , plebs superum , fauni satyrique laresque </l>
            <l n="82">Fluminaque et nymphae semideumque genus: </l>
            <l n="83">Denique ab antiquo divi veteresque novique </l>
            <l n="84">In nostrum cuncti tempus , adeste , chao, </l>
            <l n="85"> Carmina dum capiti male fido dira canuntur </l>
            <l n="86">Et peragunt partes ira dolorque suas . </l>
            <l n="87">
               <milestone unit="alt" n="5"/>Adnuite optatis omnes ex ordine nostris,  </l>
            <l n="88">Et pars sit voti nulla caduca mei . </l>
            <l n="89">Quaeque precor , fiant : ut non mea dicta , sed illa </l>
            <l n="90"> Pasiphaes generi verba fuisse putet . </l>
            <l n="91">Quasque ego transiero poenas , patiatur et illas; </l>
            <l n="92">Plenius ingenio sit miser ille meo ! </l>
            <l n="93">Neve minus noceant fictum execrantia nomen </l>
            <l n="94">Vota , minus magnos commoveantve deos : </l>
            <l n="95"> Illum ego devoveo , quem mens intellegit , Ibin , </l>
            <l n="96">Qui scit se factis has meruisse preces . </l>



            <pb xml:id="p.106"/>

            <l n="97">Nulla mora est in me : peragam rata vota sacerdos . </l>
            <l n="98">Quisquis ades sacris , ore favete , meis ; </l>
            <l n="99">Quisquis ades sacris , lugubria dicite verba, </l>
            <l n="100"> Et fletu madidis Ibin adite genis : </l>
            <l n="101">Ominibusque malis pedibusque occurrite laevis, </l>
            <l n="102">Et nigrae vestes corpora vestra tegant ! </l>
            <l n="103">Tu quoque , quid dubitas ferales sumere vittas ? </l>
            <l n="104">Iam stat , ut ipse vides , funeris ara tui . </l>
            <l n="105"> Pompa parata tibi est . votis mora tristibus absit : </l>
            <l n="106">Da iugulum cultris , hostia dira , meis . </l>
            <l n="107">Terra tibi fruges , amnis tibi deneget undas . </l>
            <l n="108">Deneget afflatus ventus et aura suos . </l>
            <l n="109">
               <milestone unit="alt" n="6"/>Nec tibi sol calidus , nec sit tibi lucida Phoebe,  </l>
            <l n="110"> Destituant oculos sidera clara tuos . </l>
            <l n="111">Nec se Vulcanus , nec se tibi praebeat aer, </l>
            <l n="112">Nec tibi det tellus nec tibi pontus iter . </l>
            <l n="113">Exul , inops erres , alienaque limina lustres , </l>
            <l n="114">Exiguumque petas ore tremente cibum . </l>
            <l n="115"> Nec corpus querulo , nec mens vacet aegra dolore, </l>
            <l n="116">Noxque die gravior sit tibi , nocte dies . </l>
            <l n="117">Sisque miser semper , nec sis miserabilis ulli : </l>
            <l n="118">Gaudeat adversis femina virque tuis . </l>
            <l n="119">Accedat lacrimis odium , dignusque puteris , </l>
            <l n="120"> Qui mala cum tuleris plurima , plura feras . </l>
            <l n="121">Sitque , quod est rarum , solito defecta favore </l>
            <l n="122">Fortunae facies invidiosa tuae . </l>
            <l n="123">Causaque non desit , desit tibi copia mortis : </l>
            <l n="124">Optatam fugiat vita coacta necem : </l>
            <l n="125"> Luctatusque diu cruciatos spiritus artus </l>
            <l n="126">Deserat , et longa torqueat ante mora. </l>
            <l n="127">Evenient . dedit ipse mihi modo signa futuri </l>
            <l n="128">Phoebus , et a laeva maesta volavit avis . </l>
            <l n="129">Certe ego , quae voveo , superos motura putabo, </l>
            <l n="130"> 
               <del>Speque tuae mortis , perfide , semper alar . </del>
            </l>
            <l n="131">
               <del>Et prius hanc animam , nimium tibi saepe petitam ,</del>
            </l>
            <l n="132">
               <del>Auferet illa dies , quae mihi sera venit ,</del> 
            </l>
            <l n="133">&gt;<milestone unit="alt" n="7"/>Quam dolor hic umquam spatio evanescere possit,</l>



            <pb xml:id="p.107"/>

            <l n="134">Leniat aut odium tempus et hora meum . </l>
            <l n="135"> Pugnabunt arcu dum Thraces , Iazyges hasta , </l>
            <l n="136">Dum tepidus Ganges , frigidus Hister erit ; </l>
            <l n="137">Robora dum montes , dum mollia pabula campi , </l>
            <l n="138">Dum Tiberis liquidas Tuscus habebit aquas, </l>
            <l n="139">Tecum bella geram . nec mors mihi finiet iras, </l>
            <l n="140"> Saeva sed innocuis manibus arma dabit. </l>
            <l n="141">Tunc quoque , cum fuero vacuas dilapsus in auras , </l>
            <l n="142">Exanimis mores oderit umbra tuos, </l>
            <l n="143">Tunc quoque factorum veniam memor umbra tuorum, </l>
            <l n="144">Insequar et vultus ossea forma tuos. </l>
            <l n="145"> Sive ego , quod nollem , longis consumptus ab annis , </l>
            <l n="146">Sive manu facta morte solutus ero : </l>
            <l n="147">Sive per inmensas iactabor naufragus undas, </l>
            <l n="148">Nostraque longinquus viscera piscis edet: </l>
            <l n="149">Sive peregrinae carpent mea membra volucres: </l>
            <l n="150"> Sive meo tinguent sanguine rostra lupi: </l>
            <l n="151">Sive aliquis dignatus erit subponere terrae </l>
            <l n="152">Et dare plebeio corpus inane rogo : </l>
            <l n="153">Quidquid ero , Stygiis erumpere nitar ab oris , </l>
            <l n="154">Et tendam gelidas ultor in ora manus . </l>
            <l n="155">
               <milestone unit="alt" n="8"/> Me vigilans cernes , tacitis ego noctis in umbris  </l>
            <l n="156">Excutiam somnos visus adesse tuos . </l>
            <l n="157">Denique quidquid ages , ante os oculosque volabo </l>
            <l n="158">Et querar , et nulla sede quietus eris . </l>
            <l n="159">Verbera torta dabunt sonitum nexaeque colubrae, </l>
            <l n="160"> Conscia fumabunt semper ad ora faces . </l>
            <l n="161">His vivus furiis agitabere , mortuus isdem , </l>
            <l n="162">Et brevior poena vita futura tua est . </l>
            <l n="163">Nec tibi continget funus lacrimaeque tuorum* </l>
            <l n="164">Indeploratum proiciere caput; </l>
            <l n="165"> Carnificisque manu , populo plaudente , traheris , </l>
            <l n="166">Infixusque tuis ossibus uncus erit. </l>
            <l n="167">Ipsae te fugient , quae carpunt omnia , flammae ; </l>
            <l n="168">Respuet invisum iusta cadaver humus. </l>
            <l n="169">Unguibus et rostro crudus trahet ilia vultur </l>
            <l n="170"> Et scindent avidi perfida corda canes. </l>



            <pb xml:id="p.108"/>

            <l n="171">Deque tuo fiet — licet hac sis laude superbus — </l>
            <l n="172">Insatiabilibus corpore rixa lupis . </l>
            <l n="173">In loca ab Elysiis diversa vocabere campis, </l>
            <l n="174">Quasque tenet sedes noxia turba , coles . </l>
            <l n="175"> Sisyphus est illic saxum volvensque petensque , </l>
            <l n="176">Quique agitur rapidae vinctus ab orbe rotae, </l>
            <l n="177">
               <milestone unit="alt" n="9"/>Quaeque gerunt umeris perituras Belides undas, </l>
            <l n="178">Exulis Aegypti , turba cruenta , nurus . </l>
            <l n="179">Poma pater Pelopis praesentia quaerit , et idem </l>
            <l n="180"> Semper eget , liquidis semper abundat aquis ; </l>
            <l n="181">Iugeribusque novem summus qui distat ab imo, </l>
            <l n="182">Visceraque assiduae debita praebet avi. </l>
            <l n="183">Hic tibi de Furiis scindet latus una flagello, </l>
            <l n="184">Ut sceleris numeros confiteare tui : </l>
            <l n="185"> Altera Tartareis sectos dabit anguibus artus: </l>
            <l n="186">Tertia fumantes incoquet igne genas . </l>
            <l n="187">Noxia mille modis lacerabitur umbra , tuasque </l>
            <l n="188">Aeacus in poenas ingeniosus erit . </l>
            <l n="189">In te transcribet veterum tormenta reorum: </l>
            <l n="190"> Omnibus antiquis causa quietis eris . </l>
            <l n="191">Sisyphe , cui tradas revolubile pondus , habebis : </l>
            <l n="192">Versabunt celeres nunc nova membra rotae : </l>
            <l n="193">Hic et erit , ramos frustra qui captet et undas : </l>
            <l n="194">Hic inconsumpto viscere pascet aves . </l>
            <l n="195"> Nec mortis poenas mors altera finiet huius , </l>
            <l n="196">Horaque erit tantis ultima nulla malis . </l>
            <l n="197">Inde ego pauca canam , frondes ut siquis ab Ida </l>
            <l n="198">Aut summam Libyco de mare carpat aquam . </l>
            <l n="199">
               <milestone unit="alt" n="10"/>Nam neque quot flores Sicula nascantur in Hybla,  </l>
            <l n="200"> Quotve ferat , dicam , terra Cilissa crocos , </l>
            <l n="201">Nec cum tristis hiems Aquilonis inhorruit alis, </l>
            <l n="202">Quam multa fiat grandine canus Athos; </l>
            <l n="203">Nec mala voce mea poterunt tua cuncta referri, </l>
            <l n="204">Ora licet tribuas multiplicata mihi. </l>
            <l n="205"> Tot tibi vae ! misero venient talesque ruinae , </l>
            <l n="206">Ut cogi in lacrimas me quoque posse putem. </l>
            <l n="207">Illae me lacrimae facient sine fine beatum : </l>



            <pb xml:id="p.109"/>

            <l n="208">Dulcior hic risu tunc mihi fletus erit. </l>
            <l n="209">Natus es infelix , — ita di voluere — nec ulla </l>
            <l n="210"> Commoda nascenti stella levisve fuit . </l>
            <l n="211">Non Venus affulsit , non illa Iuppiter hora , </l>
            <l n="212">Lunaque non apto solque fuere loco , </l>
            <l n="213">Nec satis utiliter positos tibi praebuit ignes </l>
            <l n="214">Quem peperit magno lucida Maia Iovi. </l>
            <l n="215"> Te fera nec quicquam placidum spondentia Martis </l>
            <l n="216">Sidera presserunt falciferique senis . </l>
            <l n="217">Lux quoque natalis , ne quid nisi triste videres , </l>
            <l n="218">Turpis et inductis nubibus atra fuit. </l>
            <l n="219">Haec est , in fastis cui dat gravis Allia nomen , </l>
            <l n="220"> Quaeque dies Ibin , publica damna , tulit . </l>
            <l n="221">
               <milestone unit="alt" n="11"/>Qui simul impurae matris prolapsus ab alvo </l>
            <l n="222">Cinyphiam foedo corpore pressit humum, </l>
            <l n="223">Sedit in adverso nocturnus culmine bubo, </l>
            <l n="224">Funereoque graves edidit ore sonos . </l>
            <l n="225"> Protinus Eumenides lavere palustribus undis , </l>
            <l n="226">Qua cava de Stygiis fluxerat unda vadis, </l>
            <l n="227">Pectoraque unxerunt Erebeae felle colubrae, </l>
            <l n="228">Terque cruentatas increpuere manus . </l>
            <l n="229">Gutturaque imbuerant infantia lacte canino : </l>
            <l n="230"> Hic primus pueri venit in ora cibus: </l>
            <l n="231">Perbibit inde suae rabiem nutricis alumnus, </l>
            <l n="232">Latrat et in toto verba canina foro . </l>
            <l n="233">Membraque vinxerunt tinctis ferrugine pannis, </l>
            <l n="234">A male deserto quos rapuere rogo : </l>
            <l n="235"> Et ne non fultum nuda tellure iaceret, </l>
            <l n="236">Molle super silices inposuere caput. </l>
            <l n="237">Iamque recessurae viridi de stipite factas </l>
            <l n="238">Admorunt oculos usque sub ora faces . </l>
            <l n="239">Flebat , ut est infans fumis contactus amaris, </l>
            <l n="240"> De tribus est cum sic una locuta soror: </l>
            <l n="241">‘Tempus in inmensum lacrimas tibi movimus istas, </l>
            <l n="242">Quae semper causa sufficiente cadent.’</l>
            <l n="243">
               <milestone unit="alt" n="12"/>Dixerat . at Clotho iussit promissa valere ,  </l>
            <l n="244">Nevit et infesta stamina pulla manu ; </l>



            <pb xml:id="p.110"/>

            <l n="245"> Et ne longa suo praesagia diceret ore , </l>
            <l n="246">
               <q>Fata canet vales qui tua</q>, dixit <q>erit.</q>
            </l>
            <l n="247">Ille ego sum vates . ex me tua vulnera disces, </l>
            <l n="248">Dent modo di vires in mea verba suas, </l>
            <l n="249">Carminibusque meis accedant pondera rerum , </l>
            <l n="250"> Quae rata per luctus experiare tuos. </l>
            <l n="251">Neve sine exemplis aevi cruciere prioris, </l>
            <l n="252">Sint tua Troianis non leviora malis . </l>
            <l n="253">Quantaque clavigeri Poeantius Herculis heres, </l>
            <l n="254">Tanta venenato vulnera crure geras . </l>
            <l n="255"> Nec levius doleas , quam qui bibit ubera cervae, </l>
            <l n="256">Armatique tulit vulnus , inermis opem . </l>
            <l n="257">Quique ab equo praeceps in Aleia decidit arva, </l>
            <l n="258">Exitio facies cui sua paene fuit. </l>
            <l n="259">Id, quod Amyntorides, videas, trepidumque ministro </l>
            <l n="260"> Praetemptes baculo luminis orbus iter . </l>
            <l n="261">Nec plus aspicias , quam quem sua filia rexit, </l>
            <l n="262">Expertus scelus est cuius uterque parens: </l>
            <l n="263">Qualis erat , postquam est iudex de lite iocosa </l>
            <l n="264">Sumptus , Apollinea clarus in arte senex : </l>
            <l n="265">
               <milestone unit="alt" n="13"/> Qualis et ille fuit , quo praecipiente columba  </l>
            <l n="266">Est data Palladiae praevia duxque rati : </l>
            <l n="267">Quique oculis caruit, per quos male viderat aurum, </l>
            <l n="268">Inferias nato quos dedit orba parens : </l>
            <l n="269">Pastor ut Aetnaeus , cui casus ante futuros </l>
            <l n="270"> Telemus Eurymides vaticinatus erat : </l>
            <l n="271">Ut duo Phinidae , quibus idem lumen ademit, </l>
            <l n="272">Qui dedit : ut Thamyrae Demodocique caput . </l>
            <l n="273">Sic aliquis tua membra secet , Saturnus ut illas </l>
            <l n="274">Subsecuit partes , unde creatus erat . </l>
            <l n="275"> Nec tibi sit melior tumidis Neptunus in undis, </l>
            <l n="276">Quam cui sunt subitae frater et uxor aves ; </l>
            <l n="277">Sollertique viro , lacerae quem fracta tenentem </l>
            <l n="278">Membra ratis Semeles est miserata soror . </l>
            <l n="279">Vel tua , ne poenae genus hoc cognoverit unus, </l>
            <l n="280"> Viscera diversis scissa ferantur equis : </l>
            <l n="281">Vel quae qui redemi Romano turpe putavit, </l>



            <pb xml:id="p.111"/>

            <l n="282">A duce Puniceo pertulit , ipse feras . </l>
            <l n="283">Nec tibi subsidio praesens sit numen , ut illi , </l>
            <l n="284">Cui nil Rhoetei profuit ara Iovis . </l>
            <l n="285"> Utque dedit saltus de summa Thessalus Ossa, </l>
            <l n="286">Tu quoque saxoso praecipitere iugo . </l>
            <l n="287">
               <milestone unit="alt" n="14"/>— Aut velut Eurylochi , qui sceptrum cepit ab illo ;  </l>
            <l n="288">Sint artus avidis anguibus esca tui . </l>
            <l n="289">Vel tua maturet , sicut Minoia fata, </l>
            <l n="290"> Per caput infusae fervidus umor aquae . </l>
            <l n="291">Utque operum mitis , sed non impune, Prometheus, </l>
            <l n="292">Aerias volucres compede fixus alas . </l>
            <l n="293">— Aut velut Etracides, magno ter ab Hercule quintus , </l>
            <l n="294">Caesus in inmensum proiciare fretum . </l>
            <l n="295"> Aut ut Amyntiaden , turpi dilectus amore </l>
            <l n="296">Oderit , et saevo vulneret ense puer . </l>
            <l n="297">Nec tibi fida magis misceri pocula possint, </l>
            <l n="298">Quam qui cornigero de Iove natus erat . </l>
            <l n="299">More vel intereas capti suspensus Achaei, </l>
            <l n="300"> Qui miser aurifera teste pependit aqua . </l>
            <l n="301">Aut ut Achilliden , cognato nomine clarum , </l>
            <l n="302">Opprimat hostili tegula iacta manu . </l>
            <l n="303">Nec tua quam Pyrrhi felicius ossa quiescant, </l>
            <l n="304">Sparsa per Ambracias quae iacuere vias . </l>
            <l n="305"> Nataque ut Aeacidae iaculis moriaris adactis ; </l>
            <l n="306">Non licet hoc Cereri dissimulare sacrum . </l>
            <l n="307">Utque nepos dicti nostro modo carmine regis , </l>
            <l n="308">Cantharidum sucos dante parente bibas . </l>
            <l n="309">
               <milestone unit="alt" n="15"/>Aut pia te caeso dicatur adultera , sicut  </l>
            <l n="310"> Qua cecidit Leucon vindice , dicta pia est . </l>
            <l n="311">Inque pyram tecum carissima corpora mittas, </l>
            <l n="312">Quem finem vitae Sardanapallus habet. </l>
            <l n="313">Utque Iovis Libyci templum violare parantes, </l>
            <l n="314">Acta noto vultus condat harena tuos . </l>
            <l n="315"> Utque necatorum Darei fraude secundi , </l>
            <l n="316">Sic tua subsidens devoret ora cinis . </l>
            <l n="317">Aut ut olivifera quondam Sicyone profecto, </l>
            <l n="318">Sit frigus mortis causa famesque tuae . </l>



            <pb xml:id="p.112"/>

            <l n="319">Aut ut Atarnites , insutus pelle iuvenci </l>
            <l n="320"> Turpiter ad dominum praeda ferare tuum . </l>
            <l n="321">Inque tuo thalamo ritu iugulere Pheraei, </l>
            <l n="322">Qui datus est leto coniugis ense suae . </l>
            <l n="323">Quosque putas fidos , ut Larisaeus Aleuas </l>
            <l n="324"> Vulnere non fidos experiare tuo . </l>
            <l n="325">— Utque Milo , sub quo cruciata est Pisa tyranno , </l>
            <l n="326">Vivus in occultas praecipiteris aquas . </l>
            <l n="327">Quaeque in Aphidantum Phylaceia regna tenentem </l>
            <l n="328">A Iove venerunt , te quoque tela petant . </l>
            <l n="329">— Aut ut Amastriacis quondam Lenaeus ab oris, </l>
            <l n="330"> Nudus Achillea destituaris humo . </l>
            <l n="331">
               <milestone unit="alt" n="16"/>Utque vel Eurydamas ter circum busta Thrasylli  </l>
            <l n="332">Est Larisaeis raptus ab hoste rotis, </l>
            <l n="333">Vel qui , quae fuerat tutatus moenia saepe , </l>
            <l n="334">Corpore lustravit non diuturna suo , </l>
            <l n="335"> Utque novum passa genus Hippomeneide poenae </l>
            <l n="336">Tractus in Actaea fertur adulter humo, </l>
            <l n="337">Sic , ubi vita tuos invisa reliquerit artus, </l>
            <l n="338">Ultores rapiant turpe cadaver equi . </l>
            <l n="339">Viscera sic aliquis scopulus tua figat , ut olim </l>
            <l n="340"> Fixa sub Euboico Graia fuere sinu ; </l>
            <l n="341">Utque ferox periit et fulmine et aequore raptor, </l>
            <l n="342">Sic te mersuras adiuvet ignis aquas . </l>
            <l n="343">Mens quoque sic furiis vecors agitetur , ut illi, </l>
            <l n="344">Unum qui toto corpore vulnus habet; </l>
            <l n="345"> Utque Dryantiadae Rhodopeia regna tenenti, </l>
            <l n="346">In gemino dispar cui pede cultus erat, </l>
            <l n="347">Ut fuit Oetaeo quondam generoque draconum </l>
            <l n="348">Tisamenique patri Callirhoesque viro . </l>
            <l n="349">Nec tibi contingat matrona pudicior illa, </l>
            <l n="350"> Qua potuit Tydeus erubuisse nuru : </l>
            <l n="351">Quaeque sui Venerem iunxit cum fratre mariti, </l>
            <l n="352">Locris in ancillae dissimulata nece . </l>
            <l n="353">
               <milestone unit="alt" n="17"/>Tam quoque , di faciant , possis gaudere fideli  </l>
            <l n="354">Coniuge , quam Talai Tyndareique gener : </l>
            <l n="355"> Quaeque parare suis letum patruelibus ausae </l>



            <pb xml:id="p.113"/>

            <l n="356">Belides assidua colla premuntur aqua. </l>
            <l n="357">Byblidos et Canaces , si cui facis , ardeat igne , </l>
            <l n="358">Nec nisi per crimen sit tibi fida soror. </l>
            <l n="359">Filia si fuerit , sit quod Pelopea Thyesti, </l>
            <l n="360"> Myrrha suo patri , Nyctimeneque suo . </l>
            <l n="361">Neve magis pia sit capitique parentis amica, </l>
            <l n="362">Quam sua vel Pterelae , vel tibi , Nise , fuit : </l>
            <l n="363">Infamemque locum sceleris quae nomine fecit, </l>
            <l n="364">Pressit et inductis membra paterna rotis . </l>
            <l n="365"> Ut iuvenes pereas ; proiecta cadavera quorum , </l>
            <l n="366">Oraque Pisaeae sustinuere fores : </l>
            <l n="367">Ut qui perfusam miserorum saepe procorum </l>
            <l n="368">Ipse suo melius sanguine tinxit humum : </l>
            <l n="369">Proditor ut saevi periit auriga tyranni, </l>
            <l n="370"> Qui nova Myrtoae nomina fecit aquae : </l>
            <l n="371">Ut qui velocem frustra petiere puellam , </l>
            <l n="372">Dum facta est pomis tardior illa tribus : </l>
            <l n="373">Ut qui tecta novi formam celantia monstri </l>
            <l n="374">
               <del>Intrarunt caecae non redeunda domus .</del> 
            </l>
            <l n="375">
               <milestone unit="alt" n="18"/> Ut quorum Aeacides misit violentus in altum  </l>
            <l n="376">Corpora cum senis altera sena rogum . </l>
            <l n="377">Ut quos , obscuri victos ambagibus oris , </l>
            <l n="378">Legimus infandae Sphinga dedisse neci : </l>
            <l n="379">Ut qui Bistoniae templo cecidere Minervae, </l>
            <l n="380"> Propter quod facies nunc quoque tecta deaest: </l>
            <l n="381">Ut qui Threicii quondam praesepia regis </l>
            <l n="382">Fecerunt dapibus sanguinolenta suis : </l>
            <l n="383">— Therodamanteos ut qui sensere leones, </l>
            <l n="384">Quique Thoanteae Taurica sacra deae: </l>
            <l n="385"> Ut quos Scylla vorax Scyllaeque adversa Charybdis </l>
            <l n="386">Dulichiae pavidos eripuere rati : </l>
            <l n="387">Ut quos demisit vastam Polyphemus in alvum : </l>
            <l n="388">Ut Laestrygonias qui subiere manus : </l>
            <l n="389">Ut quos dux Poenus mersit putealibus undis </l>
            <l n="390"> Et iacto canas pulvere fecit aquas . </l>
            <l n="391">Sex bis ut Icaridos famulae periere procique, </l>
            <l n="392">Inque caput domini qui dabat arma procis: </l>



            <pb xml:id="p.114"/>

            <l n="393">Ut iacet Aonio luctator ab hospite fusus, </l>
            <l n="394">Qui , mirum , victor , cum cecidisset , erat: </l>
            <l n="395"> Ut quos Antaei fortes pressere lacerti : </l>
            <l n="396">
               <del>Quosque ferae morti Lemnia turba dedit :</del> 
            </l>
            <l n="397">
               <milestone unit="alt" n="19"/>Ut qui post longum , sacri monstrator iniqui ,  </l>
            <l n="398">Elicuit pluvias victima caesus aquas : </l>
            <l n="399">Frater ut Antaei quo sanguine debuit , aras </l>
            <l n="400"> Tinxit , et exemplis occidit ipse suis : </l>
            <l n="401">Ut qui terribiles pro gramen habentibus herbis </l>
            <l n="402">Impius humano viscere pavit equos : </l>
            <l n="403">Ut duo diversis sub eodem vindice caesi </l>
            <l n="404">Vulneribus , Nessus Dexamenique gener : </l>
            <l n="405"> Ut pronepos , Saturne , tuus , quem reddere vitam </l>
            <l n="406">Urbe Coronides vidit ab ipse sua : </l>
            <l n="407">Ut Sinis et Sciron et cum Polypemone natus : </l>
            <l n="408">Quique homo parte sui , parte iuvencus erat : </l>
            <l n="409">Quique trabes pressas in humum mittebat in auras, </l>
            <l n="410"> Aequoris aspiciens huius et huius aquas: </l>
            <l n="411">Quaeque Ceres laeto vidit pereuntia vultu </l>
            <l n="412">Corpora Thesea Cercyonea manu . </l>
            <l n="413">Haec tibi, quem meritis precibus mea devovet ira, </l>
            <l n="414">Eveniant , aut his non leviora malis : </l>
            <l n="415"> Qualis Achaemenides Sicula desertus in Aetna, </l>
            <l n="416">Troica cum vidit vela venire , fuit : </l>
            <l n="417">Qualis erat nec non fortuna binominis Iri, </l>
            <l n="418">
               <del>Quique tenent pontem , quae tibi maior erit .</del> 
            </l>
            <l n="419">
               <milestone unit="alt" n="20"/>Filius et Cereris frustra tibi semper ametur,  </l>
            <l n="420"> Destituatque tuas usque petitus opes : </l>
            <l n="421">Utque per alternos unda labente recursus </l>
            <l n="422">Subtrahitur presso mollis harena pedi, </l>
            <l n="423">Sic tua nescio qua semper fortuna liquescat, </l>
            <l n="424">Lapsaque per medias effluat usque manus. </l>
            <l n="425"> Utque pater solitae varias mutare figuras, </l>
            <l n="426">Plenus inextincta destituare fame . </l>
            <l n="427">Nec dapis humanae tibi sint fastidia . quaque </l>
            <l n="428">Parte potes , Tydeus temporis huius eris . </l>
            <l n="429">Atque aliquid facias , a vespere Solis ad ortus </l>



            <pb xml:id="p.115"/>

            <l n="430"> Cur externati rursus agantur equi. </l>
            <l n="431">Foeda Lycaoniae repetes convivia mensae, </l>
            <l n="432">Temptabisque cibi fallere fraude Iovem . </l>
            <l n="433">Teque aliquis posito temptet vim numinis opto, </l>
            <l n="434">Tantalides ut sis tu Celeique puer. </l>
            <l n="435"> Et tua sic latos spargantur membra per agros , </l>
            <l n="436">Tamquam quae patrias detinuere vias . </l>
            <l n="437">Aere Perilleo veros imitere iuvencos, </l>
            <l n="438">Ad formam tauri conveniente sono . </l>
            <l n="439">Utque ferox Phalaris , lingua prius ense resecta </l>
            <l n="440"> More bovis Paphio clausus in aere gemas. </l>
            <l n="441">
               <milestone unit="alt" n="21"/>Dumque redire voles aevi melioris in annos,  </l>
            <l n="442">Ut vetus Admeti decipiare socer . </l>
            <l n="443">Aut eques in medii mergare voragine caeni, </l>
            <l n="444">Dummodo sint fati nomina nulla tui . </l>
            <l n="445"> Atque utinam pereas , veluti de dentibus orti </l>
            <l n="446">Sidonia iactis Graia per arva manu . </l>
            <l n="447">Et quae Pilthides fecit , pariterque Molinae </l>
            <l n="448">Eveniant capiti vota sinistra tuo : </l>
            <l n="449">Et quibus exiguo est volucris devota libello, </l>
            <l n="450"> Corpora proiecta quae sua purgat aqua . </l>
            <l n="451">Vulnera totque feras , quot dicitur ille tulisse , </l>
            <l n="452">Cuius ab inferiis culter abesse solet. </l>
            <l n="453">Attonitusque seces , ut quos Cybeleia mater </l>
            <l n="454">Incitat , ad Phrygios vilia membra modos . </l>
            <l n="455"> Deque viro fias nec femina nec vir , ut Attis , </l>
            <l n="456">Et quatias molli tympana rauca manu . </l>
            <l n="457">Inque pecus subito Magnae vertare parentis, </l>
            <l n="458">Victor ut est celeri victaque versa pede . </l>
            <l n="459">Solaque Limone poenam ne senserit illam, </l>
            <l n="460"> Et tua dente fero viscera carpat equus . </l>
            <l n="461">Aut ut Cassandreus , domino non mitior illo </l>
            <l n="462">Saucius ingesta contumuleris humo . </l>
            <l n="463">
               <milestone unit="alt" n="22"/>Aut ut Abantiades , aut ut Cygneius heros ,  </l>
            <l n="464">Clausus in aequoreas praecipiteris aquas . </l>
            <l n="465"> Victima vel Phoebo sacras macteris ad aras, </l>
            <l n="466">Quam tulit a saevo Theudotus hoste necem . </l>



            <pb xml:id="p.116"/>

            <l n="467">Aut te devoveat certis Abdera diebus, </l>
            <l n="468">Saxaque devotum grandine plura petant. </l>
            <l n="469">Aut Iovis infesti telo feriare trisulco , </l>
            <l n="470"> Ut satus Hipponoo , Dexionesque pater , </l>
            <l n="471">Ut soror Autonoes , ut cui matertera Maia , </l>
            <l n="472">Ut temere optatos qui male rexit equos ; </l>
            <l n="473">Ut ferus Aeolides , ut sanguine sexus eodem , </l>
            <l n="474"> Quo genita est liquidis quae caret Arctos aquis, </l>
            <l n="475">— Ut Macelo rapidis icta est cum coniuge flammis, </l>
            <l n="476">Sic , precor , aetherii vindicis igne cadas . </l>
            <l n="477">Praedaque sis illis , quibus est Latonia Delos </l>
            <l n="478">Ante diem rapto non adeunda Thaso : </l>
            <l n="479">Quique verecundae speculantem labra Dianae , </l>
            <l n="480"> Quique Crotopiaden diripuere Linum . </l>
            <l n="481">Neve venenato levius feriaris ab angue, </l>
            <l n="482">Quam senis Oeagri Calliopesque nurus : </l>
            <l n="483">Quam puer Hypsipyles, quam qui cava primus acuta </l>
            <l n="484">Cuspide suspecti robora fixit equi. </l>
            <l n="485">
               <milestone unit="alt" n="23"/> Neve gradus adeas Elpenore caulius altos,  </l>
            <l n="486">Vimque feras vini quo tulit ille modo . </l>
            <l n="487">Tamque cadas domitus , quam quisquis ad arma vocantem </l>
            <l n="488">Iuvit inhumanum Thiodamanta Dryops : </l>
            <l n="489">
               <del>Quam ferus ipse suo periit mactatus in antro </del>
            </l>
            <l n="490">
               <del>Proditus inclusae Cacus ab ore bovis :</del> 
            </l>
            <l n="491">Quam qui dona tulit Nesseo tincta veneno, </l>
            <l n="492">Euboicasque suo nomine saepit aquas. </l>
            <l n="493">Nec de praecipiti venias in Tartara saxo, </l>
            <l n="494">Ut qui Socraticum de nece legit opus ; </l>
            <l n="495"> Ut qui Theseae fallacia vela carinae </l>
            <l n="496">Vidit , ut Iliaca missus ab arce puer , </l>
            <l n="497">Ut teneri nutrix , eadem matertera , Bacchi , </l>
            <l n="498">Ut cui causa necis serra reperta fuit; </l>
            <l n="499">— Lydia se scopulis ut virgo misit ab altis, </l>
            <l n="500"> Dixerat invito quae mala verba deo . </l>
            <l n="501">Feta tibi occurrat patrio popularis in arvo, </l>
            <l n="502">Sitque Phalaeceae causa leaena necis . </l>



            <pb xml:id="p.117"/>

            <l n="503">Quique Lycurgiden letavit , et arbore natum ; </l>
            <l n="504">Idmonaque audacem ; te quoque rumpat aper . </l>
            <l n="505"> Isque vel exanimis faciat tibi vulnus ; ut illi, </l>
            <l n="506">Ora super fixi quem cecidere suis . </l>
            <l n="507">Sive idem ; simili pinus quem morte peremit ; </l>
            <l n="508">
               <del>Phryx et venator sis Berecyntiades .</del> 
            </l>
            <l n="509">
               <milestone unit="alt" n="24"/>Si tua contigerit Minoas puppis harenas,  </l>
            <l n="510"> Te Corcyraeum Cressia turba putet . </l>
            <l n="511">Lapsuramque domum subeas ; ut sanguis Aleuae ; </l>
            <l n="512">Sella Leoprepidae cum ruit absque viro . </l>
            <l n="513">Utque vel Euenus ; torrenti flumine mersus </l>
            <l n="514"> Nomina des rapidae ; vel Tiberinus , aquae . </l>
            <l n="515">— Astacidaeque modo defixa cadavera trunco, </l>
            <l n="516">Digna feris ; hominis sit caput esca tuum ; </l>
            <l n="517">— Quodque ferunt Brotean fecisse cupidine mortis, </l>
            <l n="518">Des tua succensae membra cremanda pyrae . </l>
            <l n="519">Inclususque necem cavea patiaris ; ut ille </l>
            <l n="520"> Non profecturae conditor historiae . </l>
            <l n="521">Utque repertori nocuit pugnacis iambi, </l>
            <l n="522">Sic sit in exitium lingua proterva tuum . </l>
            <l n="523">Utque parum stabili qui carmine laesit Athenas, </l>
            <l n="524">Invisus pereas deficiente cibo . </l>
            <l n="525"> Utque lyrae vates fertur periisse severae, </l>
            <l n="526">Causa sit exitii dextera laesa tui. </l>
            <l n="527">Utque Agamemnonio vulnus dedit anguis Oresti, </l>
            <l n="528">Tu quoque de morsu virus habente cadas . </l>
            <l n="529">Sit tibi coniugii nox prima novissima vitae : </l>
            <l n="530"> Eupolis hoc periit et nova nupta modo . </l>
            <l n="531">
               <milestone unit="alt" n="25"/>Utque cothurnatum cecidisse Lycophrona narrant,  </l>
            <l n="532">Haereat in fibris fixa sagitta tuis . </l>
            <l n="533">Aut Iacer in silva manibus spargare tuorum, </l>
            <l n="534">Sparsus ut est Thebis angue creatus avo . </l>
            <l n="535"> Perque feros montes tauro rapiente traharis , </l>
            <l n="536">Ut tracta est coniunx imperiosa Lyci . </l>
            <l n="537">Quodque suae passa est paelex invita sororis, </l>
            <l n="538">Excidat ante pedes lingua resecta tuos . </l>
            <l n="539">
               <del>Conditor ut tardae ; Blaesus cognomine , Cyrae , </del>
            </l>



            <pb xml:id="p.118"/>

            <l n="540">
               <del>Orbis in innumeris inveniare locis .</del> 
            </l>
            <l n="541">Inque tuis opifex , vati quod fecit Achaeo , </l>
            <l n="542">Noxia luminibus spicula condat apis . </l>
            <l n="543">
               <del>Fixus et in duris carparis viscera saxis , </del>
            </l>
            <l n="544">
               <del>Ut cui Pyrrha sui filia fratris erat .</del> 
            </l>
            <l n="545"> Ut puer Harpagides referas exempla Thyestae ; </l>
            <l n="546">Inque tui caesus viscera patris eas . </l>
            <l n="547">Trunca geras saevo mutilatis partibus ense, </l>
            <l n="548">— Qualia Mamertae membra fuisse ferunt . </l>
            <l n="549">Utque Syracosio praestricta fauce poetae, </l>
            <l n="550"> Sic animae laqueo sit via clausa tuae . </l>
            <l n="551">Nudave derepta pateant tua viscera pelle , </l>
            <l n="552">Ut Phrygium cuius nomina flumen habet. </l>
            <l n="553">Saxificae videas infelix ora Medusae , </l>
            <l n="554">Cephenum multos quae dedit una neci. </l>
            <l n="555"> Potniadum morsus subeas , ut Glaucus , equarum , </l>
            <l n="556">
               <del>Inque maris salias , Glaucus ut alter , aquas .</del> 
            </l>
            <l n="557">
               <milestone unit="alt" n="26"/>
               <del>Utque duobus idem dictis modo nomen habenti,</del> 
            </l>
            <l n="558">
               <del>Praefocent animae noxia mella viam .</del> 
            </l>
            <l n="559">Sollicitoque bibas , Anyti doctissimus olim </l>
            <l n="560"> Inperturbato quod bibit ore reus . </l>
            <l n="561">Nec tibi , siquid amas , felicius Haemone cedat : </l>
            <l n="562">Utque sua Macareus , sic potiare tua . </l>
            <l n="563">Vel videas , quod iam cum flammae cuncta tenerent, </l>
            <l n="564">Hectoreus patria vidit ab arce puer . </l>
            <l n="565"> Sanguine probra luas , ut avo genitore creatus , </l>
            <l n="566">Per facinus soror est cui sua facta parens . </l>
            <l n="567">Ossibus inque tuis teli genus haereat illud , </l>
            <l n="568">Traditur Icarii quo cecidisse gener . </l>
            <l n="569">Utque loquax in equo est elisum guttur acerno, </l>
            <l n="570"> Sic tibi claudatur pollice vocis iter . </l>
            <l n="571">Aut ut Anaxarchus , pila minuaris in alta , </l>
            <l n="572">Ictaque pro solitis frugibus ossa sonent. </l>
            <l n="573">Utque patrem Psamathes, condat te Phoebus in ima </l>
            <l n="574">Tartara , quod natae fecerat ille suae . </l>
            <l n="575"> Inque tuos ea pestis eat , quam dextra Coroebi </l>
            <l n="576">Vicit , opem miseris Argolisinque tulit. </l>



            <pb xml:id="p.119"/>

            <l n="577">Utque nepos Aethrae , Veneris moriturus ob iram , </l>
            <l n="578">Exul ab altonitis excutiaris equis. </l>
            <l n="579">Propter opes magnas ut perdidit hospes alumnum, </l>
            <l n="580"> Perdat ob exiguas te tuus hospes opes . </l>
            <l n="581">
               <milestone unit="alt" n="27"/>Utque ferunt caesos sex cum Damasichthone fratres ,  </l>
            <l n="582">Intereat tecum sic genus omne tuum . </l>
            <l n="583">Addidit ut fidicen miseris sua funera natis, </l>
            <l n="584">Sic tibi sint vitae taedia iusta tuae . </l>
            <l n="585"> Utve soror Pelopis , saxo dureris oborto , </l>
            <l n="586">Et laesus lingua Battus ab ipse sua . </l>
            <l n="587">Aera si misso liquidum iaculabere disco, </l>
            <l n="588">Quo puer Oebalides , ictus ab orbe cadas . </l>
            <l n="589">Siqua per alternos pulsabitur unda lacertos, </l>
            <l n="590"> Omnis Abydena sit tibi peior aqua . </l>
            <l n="591">Comicus ut mediis periit , dum nabat , in undis, </l>
            <l n="592">Et tua sic Stygius strangulet ora liquor . </l>
            <l n="593">Aut ubi ventosum superaris naufragus aequor, </l>
            <l n="594">Contacta pereas , ut Palinurus , humo . </l>
            <l n="595"> Utque cothurnatum vatem tutela Dianae, </l>
            <l n="596">Dilaniet vigilum te quoque turba canum . </l>
            <l n="597">Aut ut Trinacrius , salias super ora gigantis , </l>
            <l n="598">Plurima qua flammas Sicanis Aetna vomit. </l>
            <l n="599">Diripiantque tuos insanis unguibus artus </l>
            <l n="600"> Strymoniae matres , Orpheos esse ratae . </l>
            <l n="601">Natus ut Althaeae flammis absentibus arsit, </l>
            <l n="602">Sic tuus ardescat stipitis igne rogus . </l>
            <l n="603">
               <milestone unit="alt" n="28"/>Ut nova Phasiaca comprensa est nupta corona,  </l>
            <l n="604">Utque pater nuptae , cumque parente domus ; </l>
            <l n="605"> Ut cruor Herculeos abiit diffusus in artus ; </l>
            <l n="606">Corpora pestiferum sic tua virus edat. </l>
            <l n="607">— Qua sua Penthaliden proles est ulta Lycurgum, </l>
            <l n="608">Haec maneat teli te quoque plaga novi . </l>
            <l n="609">Utque Milo robur diducere fissile temptes, </l>
            <l n="610"> Nec possis captas inde referre manus . </l>
            <l n="611">Muneribusque tuis laedaris , ut Icarus , in quem </l>
            <l n="612">Intulit armatas ebria turba manus . </l>



            <pb xml:id="p.120"/>

            <l n="613">Quodque dolore necis patriae pia filia fecit, </l>
            <l n="614">Vincula per laquei fac tibi guttur eat . </l>
            <l n="615"> Obstructoque famem patiaris limine tecti, </l>
            <l n="616">Ut legem poenae cui dedit ipsa parens . </l>
            <l n="617">Illius exemplo violes simulacra Minervae , </l>
            <l n="618">Aulidis a portu qui leve vertit iter . </l>
            <l n="619">Naupliadaeve modo poenas pro crimine falso </l>
            <l n="620"> Morte luas , nec te non meruisse iuvet . </l>
            <l n="621">— Aethalon ut vita spoliavit Isindius hospes, </l>
            <l n="622">Quem memor a sacris nunc quoque pellit Ion : </l>
            <l n="623">Utque Melanthea tenebris a caede latentem </l>
            <l n="624">Prodidit officio luminis ipsa parens: </l>
            <l n="625">
               <milestone unit="alt" n="29"/> Sic tua coniectis fodiantur pectora telis,  </l>
            <l n="626">Sic precor auxiliis impediare tuis. </l>
            <l n="627">Qualis equos pacto , quos fortis agebat Achilles , </l>
            <l n="628">Acta Phrygi timido , nox tibi talis eat . </l>
            <l n="629">Nec tu quam Rhesus somno meliore quiescas, </l>
            <l n="630"> Quam comites Rhesi tum necis , ante viae ; </l>
            <l n="631">Quam quos cum Rutulo morti Ramnete dederunt </l>
            <l n="632">Impiger Hyrtacides Hyrtacidaeque comes . </l>
            <l n="633">Cliniadaeve modo circumdatus ignibus atris </l>
            <l n="634">Membra feras Stygiae semicremata neci . </l>
            <l n="635"> Utque Remo muros auso transire recentes, </l>
            <l n="636">Noxia sint capiti rustica tela tuo . </l>
            <l n="637">Denique Sarmaticas inter Geticasque sagittas </l>
            <l n="638">His precor ut vivas et moriare locis . </l>
            <l n="639">Haec tibi tantisper subito sint missa libello,, </l>
            <l n="640"> Inmemores ne nos esse querare tui. </l>
            <l n="641">Pauca quidem , fateor : sed di dent plura rogatis , </l>
            <l n="642">Multiplicentque suo vota favore mea . </l>
            <l n="643">Postmodo plura leges et nomen habentia verum, </l>
            <l n="644">Et pede quo debent acria bella geri . </l>

         </div>
      </body>
   </text>
</TEI>
