<!DOCTYPE TEI.2 PUBLIC "-//TEI P4//DTD Main DTD Driver File//EN" "http://www.tei-c.org/Guidelines/DTD/tei2.dtd" [
<!ENTITY % TEI.XML "INCLUDE">
<!ENTITY % PersProse PUBLIC "-//Perseus P4//DTD Perseus Prose//EN" "http://www.perseus.tufts.edu/DTD/1.0/PersProse.dtd" >
%PersProse;
]>
<TEI.2>
  <teiHeader>
    <fileDesc>
      <titleStmt>
	    <title>Satires</title>
	    <author>Persius</author>
        <editor>G.G.Ramsay</editor>
        <sponsor>Perseus Project, Tufts University</sponsor>
        <principal>Gregory Crane</principal>
        <respStmt>
          <resp>Prepared under the supervision of</resp>
          <name>Bridget Almas</name>
          <name>Lisa Cerrato</name>
          <name>Rashmi Singhal</name>
        </respStmt>
        <funder n="org:Mellon">The Mellon Foundation</funder>
      </titleStmt>
      <publicationStmt>
        <publisher>Trustees of Tufts University</publisher>
        <pubPlace>Medford, MA</pubPlace>
        <authority>Perseus Project</authority>
        <date type="release">2011-03-14</date>
      </publicationStmt>
      <sourceDesc>
        <biblStruct>
          <monogr>
            <author>Persius</author>
            <title>Juvenal and Persius with An English Translation</title>
            <editor role="editor" n="Ramsay">G. G. Ramsay</editor>
            <imprint>
              <pubPlace>London</pubPlace>
              <pubPlace>New York</pubPlace>
              <publisher>William Heinemann; G. P. Putnam's Son</publisher>
              <date>1918</date>
            </imprint>
          </monogr>
        </biblStruct>
        <p>Keyboarding</p></sourceDesc>
    </fileDesc>

    <encodingDesc>
<refsDecl doctype="TEI.2">
<state unit="satire"/>
</refsDecl>

    </encodingDesc>

    <profileDesc>
      <langUsage>
	<language id="la">Latin</language>
	<language id="greek">Greek</language>
      </langUsage>
    </profileDesc>
  </teiHeader>

<text id="stoa0045.stoa0"><body>

  <pb id="p.310"/>
<div1 type="prologue">
  <head>Prologus</head>
  <l n="1">Nec fonte labra prolui caballino</l>
  <l n="2">nec in bicipiti somniasse Parnaso</l>
  <l n="3">memini, ut repente sic poeta prodirem.</l>
  <l n="4">Heliconidasque pallidamque Pirenen</l>
  <l n="5">illis remitto, quorum imagines lambunt</l>
  <l n="6">hederae sequaces: ipse semipaganus</l>
  <l n="7">ad sacra vatum carmen adfero nostrum.</l>
  <l n="8">quis expedivit psittaco suum chaere,</l>
  <l n="9">picamque docuit verba nostra conari?</l>
  <l n="10">magister artis ingenique largitor</l>
  <l n="11">venter, negatas artifex sequi voces;</l>
  <l n="12">quod si dolosi spes refulserit nummi,</l>
  <l n="13">corvos poetas et poetridas picas</l>
  <l n="14">cantare credas Pegaseium nectar.</l>
  </div1>
  <pb id="p.316"/>
<div1 type="satire" n="1">
<l n="1"> <q>O curas hominum, o quantum est in rebus inane!</q></l>
<l n="2"><q>quis leget haec?</q> <q>min tu istud ais? nemo hercule.</q> <q>nemo?</q></l>
<l n="3"><q>vel duo vel nemo.</q> <q>turpe et miserabile!</q> <q>quare?</q></l>
<l n="4">ne mihi Polydamas et Troiades Labeonem</l>
<l n="5">praetulerint? nugae. non, si quid turbida Roma</l>
<l n="6"> elevet, accedas examenque improbum in illa</l>
<l n="7">castiges trutina, nec te quaesiveris extra,</l>
<l n="8">nam Romae <note target="n.316.1"/> quis non&mdash;ali, si fas dicere&mdash;sed fas</l>
<l n="9">tunc cum ad canitiem et nostrum istud vivere <note target="n.316.2"/> triste</l>
<l n="10">aspexi ac nucibus facimus quaecumque relictis,</l>
<l n="11"> cum sapimus patruos; tunc tunc ignoscite; (nolo:</l>
<l n="12">quid faciam? sed sum petulanti splene) cachinno.</l>

<note id="n.316.1">The MSS. read Romae est or Romaest for Romae, and ae for a or ah.
</note>
<note id="n.316.2">The use of the Infinitive as a Noun is a special characteristic of Persius. So scire tuum (1. 27), ridere meum (1. 122), pappare minutum (iii. 17), etc.
</note>
<pb id="p.318"/>


<l n="13">&lsquo; Scribimus inclusi, numeros ille, hic pede liber,</l>
<l n="14">grande aliquid, quod pulmo animae praelargus anhelet.</l>
<l n="15">scilicet haec populo pexusque togaque recenti</l>
<l n="16"> et natalicia tandem cum sardonyche albus</l>
<l n="17">sede leges celsa, liquido cum plasmate guttur</l>
<l n="18">mobile conlueris, patranti fractus ocello.</l>
<l n="19">tunc neque more probo videas nec voce serena</l>
<l n="20">ingentis trepidare Titos, cum carmina lumbum</l>
<l n="21"> intrant et tremulo scalpuntur ubi intima versu,</l>
<l n="22">tun, vetule, auriculis alienis colligis escas,</l>
<l n="23">auriculis, <note target="n.318.1"/> quibus et dicas cute perditus &ldquo;ohe&rdquo;?&rdquo;</l>
<l n="24">&lsquo; quo didicisse, nisi hoc fermentum et quae semel intus</l>
<l n="25">innata est rupto iecore exierit caprificus?</l>
<l n="26"> en pallor seniumque!&rsquo; &lsquo;o mores, usque adeone</l>
<l n="27">scire tuum nihil est, nisi te scire hoc sciat alter?&rsquo;</l>
<l n="28">&ldquo;at pulchrum est digito monstrari et dicier <q>hic est</q>;</l>
<l n="29">ten cirratorum centum dictata fuisse</l>
<l n="30">pro nihilo pendes?&rsquo;<note target="n.318.2"/> &lsquo;ecce inter pocula quaerunt</l>
<note id="n.318.1">Professor Housman adopts Madvig's conjecture of articulis for auriculis, and translates <q>What? catering at your age for others' ears with cates which you, disabled with gout and dropsy, must forgo?</q> (Classical Quarterly, Jan. 1913, p. 14. Subsequent references to Professor Housman are to be found in this article.)
</note>
<note id="n.318.2">pendas aP2.
</note>
<pb id="p.320"/>

<l n="31">Romulidae saturi, quid dia poemata narrent;</l>
<l n="32">hic aliquis, cui circum umeros hyacinthina laena est,</l>
<l n="33">rancidulum quiddam balba de nare locutus</l>
<l n="34">Phyllidas, Hypsipylas, vatum et plorabile siquid,</l>
<l n="35">eliquat ac tenero subplantat verba palato.</l>
<l n="36"> adsensere viri: nunc non cinis ille poetae</l>
<l n="37">felix? non levior cippus nunc inprimit ossa?</l>
<l n="38">laudant convivae: nunc non e manibus illis,</l>
<l n="39">nunc non e tumulo fortunataque favilla</l>
<l n="40">nascentur violae?&rsquo; <q>rides,</q> ait, &lsquo;et nimis uncis</l>
<l n="41"> naribus indulges, an erit qui velle recuset</l>
<l n="42">os populi meruisse et cedro digna locutus</l>
<l n="43">linquere nec scombros metuentia carmina nec tus?&rsquo;</l>
<l n="44">&lsquo;Quisquis es, o modo quem ex adverso dicere feci,</l>
<l n="45">non ego cum scribo, si forte quid aptius exit,</l>
<l n="46"> quando haec rara avis est, si quid tamen aptius exit,</l>
<l n="47">laudari metuam; neque enim mihi cornea fibra est.</l>
<l n="48">sed recti finemque extremumque esse recuso</l>
<l n="49"><q>euge</q> tuum et <q>belle.</q> nam <q>belle</q> hoc excute totum:</l>
<l n="50">quid non intus habet? non hic est Ilias Atti</l>
<l n="51"> ebria veratro? non siqua elegidia crudi</l>
<l n="52">dictarunt proceres? non quidquid denique lectis</l>
<l n="53">scribitur in citreis? calidum scis ponere sumen,</l>
<l n="54">scis comitem horridulum trita donare lacerna,</l>

<note id="n.320.1">i.e. some sentimental ditty taken from heroic times; there may be an allusion to the Heroides of Ovid.
</note>
<note id="n.320.2">Referring to the simple prayer often inscribed over the ashes of the dead, sit tibi terra levis (S.T.T.L.).
</note>
<note id="n.320.3">A clear imitation of Cat. xcv. 7, and Hor. Epp. II. i. 269, alluding to the uses of waste paper.
</note>
<note id="n.320.4">No doubt the Attius Labeo of 1. 4.

</note>
<pb id="p.322"/>

<l n="55">et <q>verum</q> inquis <q>amo, verum mihi dicite de me.</q></l>
<l n="56"> qui pote? vis dicam? nugaris, cum tibi, calve,</l>
<l n="57">pinguis aqualiculus propenso <note target="n.322.1"/> sesquipede extet.</l>
<l n="58">o Iane, a tergo quem nulla ciconia pinsit,</l>
<l n="59">nec manus auriculas imitari mobilis albas,</l>
<l n="60">nec linguae quantum sitiat canis Apula tantum!<note target="n.322.2"/> </l>
<l n="61"> vos, o patricius sanguis, quos vivere fas est</l>
<l n="62">occipiti caeco, posticae occurrite sannae.</l>
<l n="63">quis populi sermo est?&rsquo; &lsquo;quis enim, nisi carmina molli</l>
<l n="64">nunc demum numero fluere, ut per leve severos</l>
<l n="65">effundat iunctura ungues? scit tendere versum</l>
<l n="66"> non secus ac si oculo rubricam derigat uno.</l>
<l n="67">sive opus in mores, in luxum, in prandia regum</l>
<l n="68">dicere, res grandes nostro dat Musa poetae.&rsquo;</l>
<l n="69">&ldquo;ecce modo heroas sensus adferre videmus <note target="n.322.3"/> </l>
<l n="70">nugari solitos graece, nec ponere lucum</l>
<l n="71"> artifices nec rus saturum laudare, ubi corbes</l>
<l n="72">et focus et porci et fumosa Palilia faeno,</l>
<l n="73">unde Remus sulcoque terens dentalia, Quinti.</l>

<note id="n.322.1">propenso PA2L: protenso E: protento Prisc.
</note>
<note id="n.322.2">tantum L2: tante EPL1.
</note>
<note id="n.322.3">videmus ABP2: docemus EP1.
</note>
<pb id="p.324"/>

<l n="74">cum <note target="n.324.1"/> trepida ante boves dictatorem induit uxor</l>
<l n="75">et tua aratra domum lictor tulit: euge poeta!</l>
<l n="76"> est nunc Brisaei quem venosus liber Acci,</l>
<l n="77">sunt quos Pacuviusque et verrucosa moretur</l>
<l n="78">Antiopa, aerumnis cor luctificabile fulta.</l>
<l n="79">hos pueris monitus patres infundere lippos</l>
<l n="80">cum videas, quaerisne unde haec sartago loquendi</l>
<l n="81"> venerit in linguas, unde istud dedecus, in quo</l>
<l n="82">trossulus exultat tibi per subsellia levis?&rsquo;</l>
<l n="83">&lsquo; Nilne pudet capiti non posse pericula cano</l>
<l n="84">pellere, quin tepidum hoc optes audire <q>decenter?</q></l>
<l n="85"><q>fur es,</q> ait Pedio. Pedius quid? crimina vasis</l>
<l n="86"> librat in antithetis, doctas posuisse figuras</l>
<l n="87">laudatur: <q>bellum hoc.</q> hoc bellum? an, Romule, ceves?</l>
<l n="88">men moveat? quippe et, cantet si naufragus, assem</l>
<l n="89">protulerim? cantas, cum fracta te in trabe pictum</l>
<l n="90">ex umero portes? verum, nec nocte paratum,</l>
<l n="91"> plorabit qui me volet incurvasse querella.&rsquo;</l>
<l n="92">&lsquo;Sed numeris decor est et iunctura addita crudis.</l>

<note id="n.324.1">cum P1: quem EaP2L.
</note>
<pb id="p.326"/>

<l n="93">claudere sic versum didicit <q>Berecyntia Attis</q></l>
<l n="94">et <q>qui caeruleum dirimebat Nerea delphin</q>;</l>
<l n="95">sic <q>costam longo subduximus Appennino.</q>&rdquo;</l>
<l n="96"> &lsquo;arma virum! nonne hoc spumosum et cortice pingui,</l>
<l n="97">ut ramale vetus vegrandi subere coctum?</l>
<l n="98">quidnam igitur tenerum et laxa cervice legendum?&rsquo;</l>
<l n="99">&ldquo; <note target="n.326.1"/> <q>torva Mimalloneis implerunt cornua bombis,</q></l>
<l n="100">et &lsquo;raptum vitulo caput ablatura superbo</l>
<l n="101"> Bassaris,&rsquo; et &lsquo;lyncem Maenas flexura corymbis</l>
<l n="102">euhion ingeminat, reparabilis adsonat echo!&rsquo;&rdquo;</l>
<l n="103">&lsquo; haec fierent, si testiculi vena ulla paterni</l>
<l n="104">viveret in nobis? summa delumbe saliva</l>
<l n="105">hoc natat in labris, et in udo est Maenas et Attis,</l>
<l n="106"> nec pluteum caedit nec demorsos sapit unguis.&rsquo;</l>
<l n="107">&lsquo;Sed quid opus teneras mordaci radere vero</l>
<l n="108">auriculas? vide sis ne maiorum tibi forte</l>
<l n="109">limina frigescant: sonat hic de nare canina</l>
<l n="110">littera.&rsquo; &lsquo;per me equidem sint omnia protinus alba;</l>
<l n="111"> nil moror: euge! omnes, omnes bene, mirae eritis res!</l>

<note id="n.326.1">These lines (93-5), admiringly quoted by the Friend, seem to be invented or quoted to show the absurdities of modern poetic diction. </note>
<note id="n.326.2">These four lines of furious bombast are said by the Scholiast, apparently without any authority, to have formed 
</note>
<pb id="p.328"/>

<l n="112">hoc iuvat? <q>hic</q> inquis &lsquo;veto quisquam faxit oletum.</l>
<l n="113">pinge duos anguis: pueri, sacer est locus, extra</l>
<l n="114">meite: discedo.&rsquo; secuit Lucilius urbem, te Lupe,</l>
<l n="115">te Muci, et genuinum fregit in illis;</l>
<l n="116"> omne vafer vitium ridenti Flaccus amico</l>
<l n="117">tangit et admissus circum praecordia ludit,</l>
<l n="118">callidus excusso populum suspendere naso:</l>
<l n="119">men <note target="n.328.1"/> muttire nefas? nec clam? nec cum scrobe? nusquam?</l>
<l n="120">hic tamen infodiam. vidi, vidi ipse, lihelle:</l>
<l n="121"> auriculas asini quis non habet? hoc ego opertum,</l>
<l n="122">hoc ridere meum, tam nil, nulla tibi vendo</l>
<l n="123">Iliade. audaci quicumque adflate Cratino</l>
<l n="124">iratum Eupolidem praegrandi cum sene palles,</l>
<l n="125">aspice et haec, si forte aliquid decoctius audis.</l>
<l n="126"> inde vaporata lector mihi ferveat aure,</l>
<l n="127">non hic qui in crepidas Graiorum ludere gestit</l>
<l n="128">sordidus et lusco qui possit dicere <q>lusce</q></l>
<l n="129">sese <note target="n.328.2"/> aliquem credens, Italo quod honore supinus</l>
<l n="130">fregerit heminas Arrcti aedilis iniquas,</l>
<note id="n.328.1">men P2: me B&uuml;ch. </note>
<note id="n.328.2">sese aL: seque P. </note>
<pb id="p.330"/>

<l n="131">nec qui abaco numeros et secto in pulvere metas</l>
<l n="132">scit risisse vafer, multum gaudere paratus,</l>
<l n="133">si cynico barbam petulans nonaria vellat.</l>
<l n="134">his mane edictum, post prandia Calliroen do.&rsquo;</l>
<pb id="p.334"/> 
</div1>

<div1 type="satire" n="2">
<l n="1"> hunc, Macrine, diem numera meliore lapillo,</l>
<l n="2">qui tibi labentis apponit candidus annos,</l>
<l n="3">funde merum Genio, non tu prece poscis emaci</l>
<l n="4">quae nisi seductis nequeas committere divis.</l>
<l n="5">at bona pars procerum tacita libabit <note target="n.334.1"/> acerra;</l>
<l n="6"> haut cuivis promptum est murmurque humilesque susurros</l>
<l n="7">tollere de templis et aperto vivere voto.</l>
<l n="8"><q> mens bona, fama, fides</q> haec clare et ut audiat hospes;</l>
<l n="9">illa sibi introrsum et sub lingua murmurat: &lsquo;o si</l>
<l n="10">ebulliat patruus, praeclarum funus!&rsquo; et &lsquo;o si</l>
<l n="11"> sub rastro crepet argenti mihi seria dextro</l>
<l n="12">Hercule! pupillumve utinam, quem proximus heres</l>
<l n="13">inpello, expungam! namque est <note target="n.334.2"/> scabiosus et acri</l>
<l n="14">bile tumet. Nerio iam tertia conditur <note target="n.334.3"/> uxor!&rdquo;</l>
<l n="15">haec sancte ut poscas, Tiberino in gurgite mergis</l>
<l n="16"> mane caput bis terque et noctem flumine purgas?</l>

<note id="n.334.1">libavit P. </note>
<note id="n.334.2">namque est P2: nam est P1: nam et est aL. </note>
<note id="n.334.3">ducitur Servius ap. Virg. Geo. iv. 256; vulgo conditur.
</note>
<pb id="p.336"/>

<l n="17">Heus age, responde (minimum est quod scire laboro):</l>
<l n="18">de Iove quid sentis? estne ut praeponere cures</l>
<l n="19">hunc&mdash;<q>cuinam?</q> cuinam? vis Staio? an scilicet haeres?</l>
<l n="20">quis potior iudex puerisve quis aptior orbis?</l>
<l n="21"> hoc igitur, quo tu Iovis aurem impellere temptas,</l>
<l n="22">dic agedum Staio: <q>pro Iuppiter! o bone,</q> clamet,</l>
<l n="23"><q> Iuppiter!</q> at sese non clamet Iuppiter ipse?</l>
<l n="24">ignovisse putas, quia, cum tonat, ocius ilex</l>
<l n="25">sulpure discutitur sacro quam tuque domusque?</l>
<l n="26"> an quia non fibris ovium Ergennaque iubente</l>
<l n="27">triste iaces lucis evitandumque bidental,</l>
<l n="28">idcirco stolidam praebet tibi vellere barbam</l>
<l n="29">Iuppiter? aut quidnam est qua tu mercede deorum</l>
<l n="30">emeris auriculas? pulmone et lactibus unctis?</l>
<l n="31"> Ecce avia aut metuens divum matertera cunis</l>
<l n="32">exemit puerum, frontemque atque uda labella</l>
<l n="33">infami digito et lustralibus ante salivis</l>
<l n="34">expiat, urentis oculos inhibere petita;</l>
<l n="35">tunc manibus quatit et spem macram supplice voto</l>
<note id="n.336.1">Staius is taken as a representative of an average respectable citizen.
</note>
<note id="n.336.2">An obviously Etruscan name. Etruria was famous for its soothsayers.
</note>
<note id="n.336.3">Bidental is properly a spot struck by lightning, purified or consecrated by the sacrifice of a bidens (a two-year-old victim), and enclosed with a fence. Such spots were of evil omen. Here the bidental stands for the body of the man killed by lightning.

</note>
<pb id="p.338"/>
<l n="36">nunc Licini in campos, nunc Crassi mittit in aedis:</l>
<l n="37">&lsquo;hunc optent generum rex et regina; puellae</l>
<l n="38">hunc rapiant; quidquid calcaverit hic, rosa fiat.&rsquo;</l>
<l n="39">ast ego nutrici non mando vota; negato,</l>
<l n="40">Iuppiter, haec illi, quamvis te albata rogarit!<note target="n.338.1"/> </l>
<l n="41"> Poscis opem nervis corpusque fidele senectae,</l>
<l n="42">esto, age; sed grandes patinae tuccetaque crassa</l>
<l n="43">adnuere his superos vetuere Iovemque morantur.</l>
<l n="44">Rem struere exoptas caeso bove Mercuriumque</l>
<l n="45">accersis fibra: &lsquo;da fortunare penatis,</l>
<l n="46"> da pecus et gregibus fetum!&rsquo; quo pessime, pacto,</l>
<l n="47">tot tibi cum in flammis <note target="n.338.2"/> iunicum omenta liquescant?</l>
<l n="48">et tamen hic extis et opimo vincere ferto</l>
<l n="49">intendit: &lsquo;iam crescit ager, iam crescit ovile,</l>
<l n="50">iam dabitur, iam iam&rsquo;&mdash;-donec deceptus et exspes</l>
<l n="51"> nequiquam fundo suspiret nummus in imo.</l>
<l n="52">Si tibi crateras argenti incusaque pingui</l>
<l n="53">auro dona feram, sudes et pectore laevo</l>
<l n="54">excutiat guttas laetari praetrepidum cor.</l>
<l n="55">hinc illud subiit, auro sacras quod ovato</l>
<l n="56"> perducis facies; nam fratres inter aenos</l>

<note id="n.338.1">rogarit P: rogabit aL.
</note>
<note id="n.338.2">flammas aL.
</note>
<pb id="p.340"/>

<l n="57">somnia pituita qui purgatissima mittunt</l>
<l n="58">praecipui sunto sitque illis aurea barba,</l>
<l n="59">aurum vasa Numae Saturniaque impulit aera</l>
<l n="60">Vestalesque urnas et Tuscum fictile mutat.</l>
<l n="61"> O curvae in terris animae et caelestium inanis!</l>
<l n="62">quid iuvat hoc, templis nostros immittere mores</l>
<l n="63">et bona dis ex hac scelerata ducere pulpa?</l>
<l n="64">haec sibi corrupto casiam dissolvit olivo,</l>
<l n="65">et Calabrum coxit vitiato murice vellus;</l>
<l n="66"> haec bacam conchae rasisse et stringere venas</l>
<l n="67">ferventis massae crudo de pulvere iussit.</l>
<l n="68">peccat et haec, peccat, vitio tamen utitur, at vos</l>
<l n="69">dicite, pontifices: in sancto quid facit aurum?</l>
<l n="70">nempe hoc quod Veneri donatae a virgine pupae.</l>
<l n="71"> quin damus id superis, de magna quod dare lance</l>
<l n="72">non possit magni Messalae lippa propago:</l>
<l n="73">compositum ius fasque animo sanctosque recessus</l>
<l n="74">mentis et incoctum generoso pectus honesto.</l>
<l n="75">haec cedo ut admoveam templis, et farre litabo.</l>
<note id="n.340.1">The bronze vessels of the Saturnian age, with a possible reference to the bronze coinage of early Rome.
</note>
<note id="n.340.2">cp. Juv. xi. 115. Fictilis et nullo violatus Iuppiter auro.
</note>
<note id="n.340.3">Just as boys dedicated the bulla on assuming the toga virilis, so did maidens hang up their dolls to Venus on attaining womanhood.

</note>

<pb id="p.344"/>

</div1>

<div1 type="satire" n="3">
<l n="1"> &lsquo;nempe haec adsidue? iam clarum mane fenestras</l>
<l n="2">intrat et angustos extendit lumine rimas;</l>
<l n="3">stertimus, indomitum quod despumare Falernum</l>
<l n="4">sufficiat, quinta dum linea tangitur umbra,</l>
<l n="5">en quid agis? siccas insana canicula messes</l>
<l n="6"> iam dudum coquit et patula pecus omne sub ulmo est"</l>
<l n="7">unus ait comitum. " verumne? itan? ocius adsit</l>
<l n="8">huc aliquis, nemon?&rsquo; turgescit vitrea bilis:</l>
<l n="9">findor ut Arcadiae pecuaria rudere credas,</l>
<l n="10">iam liber et positis bicolor membrana capillis</l>
<l n="11"> inque manus chartae nodosaque venit harundo;</l>
<l n="12">tunc querimur <note target="n.344.1"/> crassus calamo quod pendeat umor,</l>
<l n="13">nigra set infusa vanescit <note target="n.344.2"/> sepia lympha;</l>
<l n="14">dilutas querimur geminet quod fistula guttas.</l>
<l n="15">O miser inque dies ultra miser, hucine rerum</l>
<l n="16"> venimus? aut cur non potius teneroque columbo</l>
<l n="17">et similis regum pueris pappare minutum</l>
<l n="18">poscis et iratus mammae lallare recusas?</l>

<note id="n.344.1">querimus a; queritur L: quaeritur P2.
</note>
<note id="n.344.2">vanescat aL.

</note>
<pb id="p.346"/>

<l n="19"><q>An tali studeam calamo?</q> cui verba? quid istas</l>
<l n="20">succinis ambages? tibi luditur. effluis amens,</l>
<l n="21"> contemnere: sonat vitium percussa maligne</l>
<l n="22">respondet viridi non cocta fidelia limo.</l>
<l n="23">udum et molle lutum es, nunc nunc properandus et acri</l>
<l n="24">fingendus sine fine rota. sed rure paterno</l>
<l n="25">est tibi far modicum, purum et sine labe salinum</l>
<l n="26"> (quid metuas?) cultrixque foci secura patella,</l>
<l n="27">hoc satis? an deceat pulmonem rumpere ventis,</l>
<l n="28">stemmate quod Tusco ramum millesime ducis</l>
<l n="29">censoremve tuum vel quod trabeate salutas?</l>
<l n="30">ad populum phaleras! ego te intus et in cute novi.</l>
<l n="31"> non pudet ad morem discincti vivere Nattae?</l>
<l n="32">sed stupet hic vitio et fibris increvit opimum</l>
<l n="33">pingue, caret culpa, nescit quid perdat, et alto</l>
<l n="34">demersus summa rursus non bullit in unda.</l>
<l n="35">Magne pater divum, saevos punire tyrannos</l>
<l n="36"> haut alia ratione velis, cum dira libido</l>
<l n="37">moverit ingenium ferventi tincta veneno:</l>
<l n="38">virtutem videant intabescantque relicta,</l>
<l n="39">anne magis Siculi gemuerunt aera iuvenci,</l>
<l n="40">et magis auratis pendens laquearibus ensis</l>
<note id="n.346.1">This metaphor, taken from testing the soundness of a jar by the ring, is repeated in v. 24.
</note>
<note id="n.346.2">Referring to the annual parade (transvectio) of the equites, clad in their purple robes of state (trabea), before the Censor.
</note>
<note id="n.346.3">Peisius warns the youth that he is in danger of falling into the lowest state of all, that of the incorrigible reprobate who is dead to all moral feeling, and has to suffer, when too

</note>
<pb id="p.348"/>

<l n="41">purpureas subter cervices terruit, "</l>
<l n="42">imus imus praecipites " quam si sibi dicat et intus</l>
<l n="43">palleat infelix quod proxima nesciat uxor?</l>
<l n="44">Saepe oculos, memini, tangebam parvus olivo,</l>
<l n="45">grandia si nollem morituri verba Catonis</l>
<l n="46"> dicere <note target="n.348.1"/> non sano multum laudanda magistro,</l>
<l n="47">quae pater adductis sudans audiret amicis,</l>
<l n="48">iure etenim id summum, quid dexter senio ferret</l>
<l n="49">scire erat in voto, damnosa canicula quantum</l>
<l n="50">raderet, angustae collo non fallier orcae,</l>
<l n="51"> neu quis callidior buxum torquere flagello.</l>
<l n="52">Haut tibi inexpertum curvos deprendere, mores,</l>
<l n="53">quaeque docet sapiens bracatis inlita Medis</l>
<l n="54">porticus, insomnis quibus et detonsa iuventus</l>
<l n="55">invigilat siliquis et grandi pasta polenta;</l>
<l n="56"> et tibi, quae Samios diduxit <note target="n.348.2"/> littera ramos,</l>
<l n="57">surgentem dextro monstravit limite callem; <note target="n.348.3"/> </l>
<l n="58">stertis adhuc? laxumque caput conpage soluta</l>

<note id="n.348.1">dicere P: discere aL.
</note>
<note id="n.348.2">deduxit PaL.
</note>
<note id="n.348.3">callem P2LA2: collem P1a.
</note>
<pb id="p.350"/>

<l n="59">oscitat hesternum dissutis undique malis?</l>
<l n="60">est aliquid quo tendis, et in quod derigis <note target="n.350.1"/> arcum?</l>
<l n="61"> an passim sequeris corvos testaque lutoque,</l>
<l n="62">securus quo pes ferat, atque ex tempore vivis?</l>
<l n="63">Elleborum frustra, cum iam cutis aegra tumebit,</l>
<l n="64">poscentis videas: venienti occurrite morbo,</l>
<l n="65">et quid opus Cratero magnos promittere montis?</l>
<l n="66"> discite et, o miseri, causas cognoscite rerum:</l>
<l n="67">quid sumus et quidnam victuri gignimur, ordo</l>
<l n="68">quis datus aut metae qua mollis flexus et unde,</l>
<l n="69">quis modus argento, quid fas optare, quid asper</l>
<l n="70">utile nummus habet, patriae carisque propinquis</l>
<l n="71"> quantum elargiri deceat, quem te deus esse</l>
<l n="72">iussit et humana qua parte Iocatus es in re;</l>
<l n="73">disce, nec invideas quod multa fidelia putet</l>
<l n="74">in locuplete penu defensis pinguibus Vmbris,</l>
<l n="75">et piper et pernae, Marsi monumenta cluentis, <note target="n.350.2"/> </l>
<l n="76"> maenaque quod prima nondum defecerit orca.</l>
<l n="77">Hic aliquis de gente hircosa centurionum</l>
<l n="78">dicat: &lsquo;quod sapio, satis est mihi. non ego curo</l>
<l n="79">esse quod Arcesilas aerumnosique Solones</l>

<note id="n.350.1">derigis A2: dirigis P2: dirigas P.
</note>
<note id="n.350.2">eluentis P1: clientis P2L.
</note>
<pb id="p.352"/>

<l n="80">obstipo capite et figentes lumine terram,</l>
<l n="81"> murmura cum secum et rabiosa silentia rodunt</l>
<l n="82">atque exporrecto trutinantur verba labello,</l>
<l n="83">aegroti veteris meditantes somnia, gigni</l>
<l n="84">de nihilo nihilum, in nihilum nil posse reverti,</l>
<l n="85">hoc est quod palles? cur quis non prandeat hoc est?&rsquo;</l>
<l n="86"> his populus ridet, multumque torosa iuventus</l>
<l n="87">ingeminat tremulos naso crispante cachinnos.</l>
<l n="88">&lsquo; Inspice, nescio quid trepidat mihi pectus et aegris</l>
<l n="89">faucibus exsuperat gravis halitus, inspice sodes&rsquo;</l>
<l n="90">qui dicit medico, iussus requiescere, postquam</l>
<l n="91"> tertia conpositas vidit nox currere venas,</l>
<l n="92">de maiore domo modice sitiente lagoena</l>
<l n="93">lenia loturo sibi Surrentina rogavit. <note target="n.352.1"/> </l>
<l n="94"><q>heus bone, tu palles.</q> <q>nihil est.</q> &lsquo;videas tamen istuc,</l>
<l n="95">quidquid id est: surgit tacite tibi lutea pellis.&rsquo;</l>
<l n="96"> &lsquo;at tu deterius palles. ne sis mihi tutor.</l>
<l n="97">iam pridem hunc sepeli: tu restas.&rsquo; <q>perge, tacebo.</q></l>
<l n="98">turgidus hic epulis atque albo ventre lavatur,</l>
<l n="99">gutture sulpureas lente exhalante mefites.</l>
<l n="100">sed tremor inter vina subit calidumque trientem <note target="n.352.2"/> </l>
<l n="101"> excutit e manibus, dentes crepuere refecti,</l>
<l n="102">uncta cadunt laxis tunc pulmentaria labris.</l>
<l n="103">hinc tuba, candelae, tandemque beatulus alto</l>

<note id="n.352.1">rogavit P: rogabit P2: rogabis aL.
</note>
<note id="n.352.2">triental <foreign lang="greek">f</foreign>.
</note>
<pb id="p.354"/>

<l n="104">conpositus lecto crassisque lutatus amomis</l>
<l n="105">in portam rigidas calces extendit, at illum</l>
<l n="106"> hesterni capite induto subiere Quirites.</l>
<l n="107">&lsquo; Tange, miser, venas et pone in pectore dextram,</l>
<l n="108">nil calet hic. summosque pedes attinge manusque:</l>
<l n="109">non frigent.&rsquo; visa est si forte pecunia sive</l>
<l n="110">candida vicini subrisit molle puella,</l>
<l n="111"> cor tibi rite salit? positum est algente catino</l>
<l n="112">durum olus et populi cribro decussa farina:</l>
<l n="113">temptemus fauces; tenero latet ulcus in ore</l>
<l n="114">putre, quod haut deceat plebeia radere beta.</l>
<l n="115">alges, cum excussit membris timor albus aristas;</l>
<l n="116"> nunc face supposita fervescit sanguis et ira</l>
<l n="117">scintillant oculi, dicisque facisque quod ipse</l>
<l n="118">non sani esse hominis non sanus iuret Orestes.</l>

<note id="n.354.1">The tuba, candelae, amomis (or amomum), all part of the paraphernalia of a funeral. See Juv. iv. 108.

</note>

<pb id="p.358"/>

</div1>

<div1 type="satire" n="4">
<l n="1"> <q>Rem populi tractas?</q> barbatum haec crede</l>
<l n="2">magistrum dicere, sorbitio tollit quem dira cicutae.</l>
<l n="3">quo fretus? dic hoc, magni pupille Pericli,</l>
<l n="4">scilicet ingenium et rerum prudentia velox</l>
<l n="5">ante pilos venit, dicenda tacendave calles.</l>
<l n="6"> ergo ubi commota fervet plebecula bile,</l>
<l n="7">fert animus calidae fecisse silentia turbae</l>
<l n="8">maiestate manus, quid deinde loquere? &lsquo;Quirites,</l>
<l n="9">hoc puta <note target="n.358.1"/> non iustum est; illud male,rectius illud.&rdquo;</l>
<l n="10">scis etenim iustum gemina suspendere lance</l>
<l n="11"> ancipitis librae, rectum discernis ubi inter</l>
<l n="12">curva subit vel cum fallit pede regula varo,</l>
<l n="13">et potis es nigrum vitio praefigere theta.</l>
<l n="14">quin tu igitur, summa nequiquam pelle decorus,</l>
<l n="15">ante diem blando caudam iactare popello</l>
<l n="16"> desinis, Anticyras melior sorbere meracas?</l>

<note id="n.358.1">puto P2A2L.
</note>
<pb id="p.360"/>

<l n="17">Quae tibi summa boni est? uncta vixisse patella</l>
<l n="18">semper et adsiduo curata cuticula sole?</l>
<l n="19">expecta, haut aliud respondeat haec anus. i nunc,</l>
<l n="20"><q>Dinomaches ego sum,</q> suffla, <q>sum candidus.</q> esto,</l>
<l n="21"> dum ne deterius sapiat pannucia Baucis,</l>
<l n="22">cum bene discincto cantavcrit ocima vernae.</l>
<l n="23">Vt nemo in sese temptat descendere, nemo,</l>
<l n="24">sed praecedenti <note target="n.360.1"/> spectatur mantica tergo!</l>
<l n="25">quaesieris <q>nostin Vettidi praedia?</q> <q>cuius?</q></l>
<l n="26"> <q>dives arat Curibus quantum non miluus errat.</q></l>
<l n="27">&lsquo;hunc ais, hunc dis iratis genioque sinistro,</l>
<l n="28">qui, quandoque iugum perfusa ad compita figit,</l>
<l n="29">seriolae veterem metuens deradere limum,</l>
<l n="30">ingemit <q>hoc bene sit</q> tunicatum cum sale mordens</l>
<l n="31"> caepe, et farrata <note target="n.360.2"/> pueris plaudentibus olla <note target="n.360.2"/> </l>
<l n="32">pannosam faecem morientis sorbet aceti?&rsquo;</l>
<l n="33">at si unctus cesses et figas in cute solem,</l>
<l n="34">est prope te ignotus, cubito qui tangat et acre</l>
<l n="35">despuat: &lsquo;hi mores! penemque arcanaque lumbi</l>
<l n="36"> runcantem populo marcentis pandere vulvas!</l>
<l n="37">tunc cum maxillis balanatum gausape pectas,</l>
<l n="38">inguinibus quare detonsus gurgulio extat?</l>
<l n="39">quinque palaestritae licet haec plantaria vellant</l>
<l n="40">elixasque nates labefactent forcipe adunca,</l>
<l n="41"> non tamen ista filix ullo mansuescit aratro.&rsquo;</l>
<l n="42">Caedimus inque vicem pracbemus crura sagittis,</l>
<l n="43">vivitur hoc pacto, sic novimus, ilia subter</l>

<note id="n.360.1">praecedentis L.
</note>
<note id="n.360.2">farrata olle PA2: farratam ollam L.
</note>
<pb id="p.362"/>

<l n="44">caecum vulnus habes, sed lato balteus auro</l>
<l n="45">praetegit. ut mavis, da verba et decipe nervos,</l>
<l n="46"> si potes. &lsquo;Egregium cum me vicinia dicat,</l>
<l n="47">non credam?&rsquo; viso si palles, inprobe, nummo,</l>
<l n="48">si facis in penem quidquid tibi venit, amarum</l>
<l n="49">si puteal multa cautus vibice flagellas,</l>
<l n="50">nequiquam populo bibulas donaveris aures.</l>
<l n="51"> respue quod non es, tollat sua munera cerdo;</l>
<l n="52">tecum habita: notis quam sit tibi curta supellex.</l>

<note id="n.362.1">This line has not been satisfactorily explained. Puteal, or Puteal Libonis, seems to stand for the Forum, which was

</note>

<pb id="p.368"/>

</div1>

<div1 type="satire" n="5">
<l n="1"> Vatibus hic mos est, centum sibi poscere voces,</l>
<l n="2">centum ora et linguas optare in carmina centum,</l>
<l n="3">fabula seu maesto ponatur hianda tragoedo,</l>
<l n="4">vulnera seu Parthi ducentis ab inguine ferrum.</l>
<l n="5">&lsquo; Quorsum haec? aut quantas robusti carminis offas</l>
<l n="6"> ingens, ut par sit centeno gutture niti?</l>
<l n="7">grande locuturi nebulas Helicone legunto,</l>
<l n="8">si quibus aut Prognes aut si quibus olla Thyestae</l>
<l n="9">fervebit saepe insulso cenanda Glyconi.</l>
<l n="10">tu neque anhelanti, coquitur dum massa camino,</l>
<l n="11"> folle premis ventos, nec clauso murmure raucus</l>
<l n="12">nescio quid tecum grave cornicaris inepte,</l>
<l n="13">nec seloppo tumidas intendis rumpere buccas.</l>

<note id="n.368.1">The reference is to Iliad ii. 489, where Homer says that ten tongues and ten voices would be all too few to recount the leaders of the Achaean host; also to Virgil, who declares that a hundred tongues and a hundred voices would not be enough to tell all the forms of punishment in the lower world (Aen. vi. 625 foll.). See, too, Geor. ii. 43-4.
</note>
<note id="n.368.2">This line is closely imitated from Hor. Sat. II. i. 15.
</note>
<note id="n.368.3">A grotesque expression, after the manner of Persius. For whereas the demand made was for a hundred mouths for utterance, the speaker perverts the sense, and assume 1? that the hundred mouths are wanted for swallowing: as

</note>
<pb id="p.370"/>

<l n="14">verba togae sequeris iunctura callidus acri,</l>
<l n="15">ore teres modico, pallentis radere mores</l>
<l n="16"> doctus et ingenuo culpam deligere ludo.</l>
<l n="17">hinc trahe quae dicis <note target="n.370.1"/> mensasque relinque Mycenis</l>
<l n="18">cum capite et pedibus plebemque prandia notis.&rsquo;</l>
<l n="19">Non equidem hoc studeo, pullatis <note target="n.370.2"/> ut mihi nugis</l>
<l n="20">pagina turgescat dare pondus idonea fumo.</l>
<l n="21"> secrete <note target="n.370.3"/> loquimur, tibi nunc hortante Camena</l>
<l n="22">excutienda damus praecordia, quantaque nostrae</l>
<l n="23">pars tua sit, Cornute, animae, tibi, dulcis amice,</l>
<l n="24">ostendisse iuvat, pulsa dinoscere cautus</l>
<l n="25">quid solidum crepet et pictae tectoria linguae.</l>
<l n="26"> hic ego centenas ausim deposcere fauces,</l>
<l n="27">ut quantum mihi te sinuoso in pectore fixi,</l>
<l n="28">voce traham pura, totumque hoc verba resignent</l>
<l n="29">quod latet arcana non enarrabile fibra.</l>
<l n="30">Cum primum pavido custos mihi purpura cessit</l>
<l n="31"> bullaque subcinctis Laribus donata pependit,</l>
<l n="32">cum blandi comites totaque impune Subura</l>
<l n="33">permisit sparsisse oculos iam candidus umbo,</l>
<l n="34">cumque iter ambiguum est et vitae nescius error</l>

<note id="n.370.1">dicas L.
</note>
<note id="n.370.2">Some MSS. have bullatis.
</note>
<note id="n.370.3">secreti LA2.
</note>
<pb id="p.372"/>

<l n="35">diducit <note target="n.372.1"/> trepidas ramosa in compita mentes,</l>
<l n="36"> me tibi supposui. teneros tu suscipis annos</l>
<l n="37">Socratico, Cornute, sinu. tunc fallere sollers</l>
<l n="38">adposita intortos extendit regula mores</l>
<l n="39">et premitur ratione animus vincique laborat</l>
<l n="40">artificemque tuo ducit sub pollice vultum.</l>
<l n="41"> tecum etenim longos memini consumere soles</l>
<l n="42">et tecum primas epulis decerpere noctes,</l>
<l n="43">unum opus, et requiem pariter disponimus ambo,</l>
<l n="44">atque verecunda laxamus seria mensa,</l>
<l n="45">non equidem hoc dubites, amborum foedere certo</l>
<l n="46"> consentire dies et ab uno sidere duci.</l>
<l n="47">nostra vel aequali suspendit tempora Libra</l>
<l n="48">Parca tenax veri, seu nata fidelibus hora</l>
<l n="49">dividit in Geminos concordia fata duorum,</l>
<l n="50">Saturnumque gravem nostro Iove frangimus una,</l>
<l n="51"> nescio quod certe est quod me tibi temperat astrum.</l>

<note id="n.372.1">diducit A2 and others: deducit Pa B&uuml;ch. 1893, Owen.
</note>
<pb id="p.374"/>

<l n="52">Mille hominum species et rerum discolor usus;</l>
<l n="53">velle suum cuique est, nec voto vivitur uno.</l>
<l n="54">mercibus hic Italis mutat sub sole recenti</l>
<l n="55">rugosum piper et pallentis grana cumini,</l>
<l n="56"> hic satur inriguo mavult turgescere somno,</l>
<l n="57">hic campo indulget, hunc alea decoquit, ille</l>
<l n="58">in venerem putris; set cum lapidosa cheragra</l>
<l n="59">fecerit <note target="n.374.1"/> articulos veteris ramalia fagi,</l>
<l n="60">tunc crassos transisse dies lucemque palustrem</l>
<l n="61"> et sibi iam seri vitam <note target="n.374.2"/> ingemuere relictam. <note target="n.374.2"/> </l>
<l n="62">At te nocturnis iuvat inpallescere chartis;</l>
<l n="63">cultor enim iuvenum purgatas inseris aures</l>
<l n="64">fruge Cleanthea. petite hinc puerique senesque</l>
<l n="65">finem animo certum miserisque viatica canis.</l>
<l n="66"> <q>cras hoc fiet.</q> idem cras fiet. <note target="n.374.3"/> &lsquo;quid? quasi magnum</l>
<l n="67">nempe diem donas?&rsquo; sed cum lux altera venit,</l>
<l n="68">iam cras hesternum consumpsimus; ecce aliud cras</l>
<l n="69">egerit bos annos et semper paulum erit ultra,</l>
<l n="70">nam quamvis prope te, quamvis temone sub uno</l>
<note id="n.374.1">fecerit a B&uuml;ch: fregerit PL Sch. Owen.
</note>
<note id="n.374.2">vitam relictam aL B&uuml;ch. 1893, Owen: vita relicta P (see iii. 38), B&uuml;ch. 1910.
</note>
<note id="n.374.3">cras fiat a. So Housm.
</note>
<pb id="p.376"/>

<l n="71">vertentem sese frustra sectabere canthum,</l>
<l n="72">cum rota posterior curras et in axe secundo.</l>
<l n="73">Libertate opus est. non hac, ut quisque Velina</l>
<l n="74">Publius emeruit, scabiosum tesserula far</l>
<l n="75">possidet, heu steriles veri, quibus una Quiritem</l>
<l n="76"> vertigo facit, hic Dama est non tresis agaso,</l>
<l n="77">vappa lippus et in tenui farragine mendax;</l>
<l n="78">verterit hunc dominus, momento turbinis exit</l>
<l n="79">Marcus Dama: papae, Marco spondente recusas</l>
<l n="80">credere tu nummos? Marco sub iudice palles?</l>
<l n="81"> Marcus dixit, ita est. adsigna, Marce, tabellas.</l>
<l n="82">haec mera libertas, hoc nobis pillea donant.</l>
<l n="83">&lsquo; An quisquam est alius liber, nisi ducere vitam</l>
<l n="84">cui licet ut libuit? licet ut volo vivere: non sum</l>
<l n="85">liberior Bruto?&rsquo; <q>mendose colligis,</q> inquit</l>
<l n="86"> stoicus hic aurem mordaci lotus aceto:</l>
<l n="87"><q>hoc reliqum accipio, <q>licet</q> illud et <q>ut volo</q> tolle.</q></l>

<note id="n.376.1">This passage has caused much trouble to commentators, but can be simply explained. <q>We have need of liberty (i.e. the true liberty)&mdash;a kind of liberty not possessed by any Publius (any Tom, Dick, or Harry) who by getting enrolled in the Veline tribe becomes the owner of a ticket entitling him to a mouldy ration of corn.</q> Hac stands for the true kind of liberty: <q>it is not by that sort of liberty that Publius becomes possessed of a corn-ticket.</q> (See Professor Housman, l.c. p. 23.) The Veline tribe was the latest addition to the local tribes instituted by Servius Tullius, making up the total to thirty-five, a number which was never exceeded. The allusion in tesserula is to the free distribution of corn made to all citizens enrolled in the tribes.
</note>
<note id="n.376.2">The process of manumission here ridiculed was that by the rod (vindicta). The master took the slave before the Praetor or other magistrate, a third person touched the

</note>
<pb id="p.378"/>

<l n="88">&lsquo; Vindicta postquam meus a praetore recessi,</l>
<l n="89">cur milli non liceat, iussit quodcumque voluntas,</l>
<l n="90">excepto siquid Masuri rubrica vetavit?&rsquo;</l>
<l n="91"> Disce, sed ira cadat naso rugosaque sanna,</l>
<l n="92">dum veteres avias tibi de pulmone revello,</l>
<l n="93">non praetoris erat stultis dare tenvia rerum</l>
<l n="94">officia, atque usum rapidae permittere vitae;</l>
<l n="95">sambucam citius caloni aptaveris alto.</l>
<l n="96"> stat contra ratio et secretam garrit in aurem,</l>
<l n="97">ne liceat facere id quod quis vitiabit <note target="n.378.1"/> agendo,</l>
<l n="98">publica lex hominum naturaque continet hoc fas,</l>
<l n="99">ut teneat vetitos inscitia debilis actus,</l>
<l n="100">diluis elleborum certo conpescere puncto</l>
<l n="101"> nescius examen: vetat hoc natura medendi.</l>
<l n="102">navem si poscat sibi peronatus arator</l>
<l n="103">Luciferi rudis, exclamet <note target="n.378.2"/> Melicerta perisse</l>
<l n="104">frontem de rebus. Tibi recto vivere talo</l>
<l n="105">ars dedit et veri <note target="n.378.3"/> speciem <note target="n.378.4"/> dinoscere calles,</l>
<l n="106"> nequa subaerato mendosum tinniat auro?</l>

<note id="n.378.1">vitiabit L2 Sch.: vitiavit PaL1
</note>
<note id="n.378.2">exclamat P.
</note>
<note id="n.378.3">veri aL Prisc.: veris P B&uuml;ch. Owen.
</note>
<note id="n.378.4">speciem P Prisc.: specimen aL.
</note>
<pb id="p.380"/>

<l n="107">quaeque sequenda forent quaeque evitanda vicissim,</l>
<l n="108">illa prius creta, mox haec carbone notasti?</l>
<l n="109">es modicus voti, presso lare, dulcis amicis?</l>
<l n="110">iam nunc adstringas, iam nunc granaria laxes,</l>
<l n="111"> inque luto fixum possis transcendere nummum</l>
<l n="112">nec gluttu <note target="n.380.1"/> sorbere salivam Mercurialem?</l>
<l n="113"><q> haec mea sunt, teneo</q> cum vere dixeris, esto</l>
<l n="114">liberque ac sapiens praetoribus ac Iove dextro,</l>
<l n="115">sin tu, cum fueris nostrae paulo ante farinae,</l>
<l n="116"> pelliculam veterem retines et fronte politus</l>
<l n="117">astutam vapido servas in pectore volpem,</l>
<l n="118">quae dederam supra relego <note target="n.380.2"/> funemque reduco:</l>
<l n="119">nil tibi concessit ratio; digitum exere, peccas,</l>
<l n="120">et quid tam parvum est? sed nullo ture litabis,</l>
<l n="121"> haereat in stultis brevis ut semuncia recti,</l>
<l n="122">haec miscere nefas; nec, cum sis cetera fossor,</l>
<l n="123">tris tantum ad numeros satyrum moveare Bathylli.</l>
<l n="124"><q> Liber ego.</q> unde datum hoc sumis, <note target="n.380.3"/> tot subdite rebus?</l>
<l n="125">an dominum ignoras nisi quem vindicta relaxat?</l>
<note id="n.380.1">gluttu P: glutto aL.
</note>
<note id="n.380.2">Some MSS. have repeto.
</note>
<note id="n.380.3">sumis PL2: sentis aL1 (cf. Hor. Sat. II. ii. 31).
</note>
<pb id="p.382"/>

<l n="126"><q>i puer et strigiles Crispini ad balnea defer!</q></l>
<l n="127">si increpuit, <q>cessas nugator?</q> servitium acre</l>
<l n="128">te nihil inpellit, nec quicquam extrinsecus intrat</l>
<l n="129">quod nervos agitet; sed si intus et in iecore aegro</l>
<l n="130">nascuntur domini, qui tu inpunitior exis</l>
<l n="131"> atque hic, quem ad strigiles scutica et metus egit erilis?</l>
<l n="132">Mane piger stertis. <q>surge,</q> inquit Avaritia, &lsquo;heia</l>
<l n="133">surge.&rsquo; negas, instat: <q>surge,</q> inquit, <q>non queo.</q> <q>surge.</q></l>
<l n="134"><q>et quid agam?</q> &lsquo;rogas? en saperdas advehe Ponto,</l>
<l n="135">castoreum, stuppas, hebenum, tus, lubrica Coa;</l>
<l n="136"> tolle recens primus piper ex <note target="n.382.1"/> sitiente camelo;</l>
<l n="137">verte aliquid; iura.&rsquo; <q>sed Iuppiter audiet.</q> &lsquo;eheu,</l>
<l n="138">baro, <note target="n.382.2"/> regustatum digito terebrare salinum</l>
<l n="139">contentus perages, si vivere cum Iove tendis.&rsquo;</l>
<l n="140">Iam pueris pellem succinctus et oenophorum aptas;</l>
<l n="141"> <q>ocius ad navem!</q> nihil obstat quin trabe vasta</l>
<l n="142">Aegaeum rapias, ni sollers Luxuria ante</l>
<l n="143">seductum moneat: &lsquo;quo deinde, insane, ruis, quo?</l>
<l n="144">quid tibi vis? calido sub pectore mascula bilis</l>

<note id="n.382.1">e <foreign lang="greek">f</foreign>: et PaL; and so Housm.
</note>
<note id="n.382.2">baro P'a: varo P2A2L.
</note>
<pb id="p.384"/>

<l n="145">intumuit, quam non extinxerit urna cicutae?</l>
<l n="146"> tu mare transilias? tibi torta cannabe fulto</l>
<l n="147">cena sit in transtro Veientanumque rubellum</l>
<l n="148">exhalet <note target="n.384.1"/> vapida laesum pice sessilis obba?</l>
<l n="149">quid petis? ut nummi, quos hic quincunce modesto</l>
<l n="150">nutrieras, peragant <note target="n.384.2"/> avidos sudore deunces?</l>
<l n="151"> indulge genio, carpamns dulcia, nostrum est</l>
<l n="152">quod vivis, cinis et manes et fabula fies.</l>
<l n="153">vive memor leti, fugit hora, hoc quod loquor inde est.&rsquo;</l>
<l n="154">En quid agis? duplici in diversum scindens hamo.</l>
<l n="155">huncine an hunc sequeris? subeas alternus oportet</l>
<l n="156"> ancipiti obsequio dominos, alternus oberres.</l>
<l n="157">nec tu cum obstiteris semel instantique negaris</l>
<l n="158">parere imperio, <q>rupi iam vincula</q> dicas;</l>
<l n="159">nam et luctata canis nodum abripit, at tamen illi,</l>
<l n="160">cum fugit, a collo trahitur pars longa catenae.</l>
<l n="161"> &lsquo; Dave, cito, hoc credas iubeo, finire dolores</l>
<l n="162">praeteritos meditor&rsquo;: crudum Chaerestratus unguem</l>
<l n="163">adrodens ait haec. &lsquo;an siccis dedecus obstem</l>
<l n="164">cognatis? an rem patriam rumore sinistro</l>

<note id="n.384.1">exalet P1: exalat P2.
</note>
<note id="n.384.2">pergant a.
</note>
<pb id="p.386"/>

<l n="165">limen ad obscaenum frangam, dum Chrysidis udas</l>
<l n="166"> ebrius ante fores extincta cum face canto?&rsquo;</l>
<l n="167">&lsquo; euge puer, sapias, dis depellentibus agnam</l>
<l n="168">percute.&rsquo; <q>sed censen, plorabit, Dave, relicta?</q></l>
<l n="169">&lsquo;nugaris; solea, puer, obiurgabere rubra,</l>
<l n="170">ne trepidare velis atque artos rodere casses!</l>
<l n="171"> nunc ferus et violens; at si vocet, haut mora, dicas</l>
<l n="172">&ldquo;quidnam igitur faciam? nec nunc, cum arcessat <note target="n.386.1"/> et ultro</l>
<l n="173">supplicet, accedam?&rsquo; si totus et integer illinc</l>
<l n="174">exieras,<note target="n.386.2"/> nec nunc.&rdquo; hic hic quod quaerimus, hic est,</l>
<l n="175">non in festuca, lictor quam iactat ineptus.</l>
<l n="176"> Ius habet ille sui, palpo quem ducit hiantem</l>
<l n="177">cretata ambitio? vigila et cicer ingere large</l>
<l n="178">rixanti populo, nostra ut Floralia possint</l>
<l n="179">aprici meminisse senes! quid pulchrius? at cum</l>
<l n="180">Herodis venere dies unctaque fenestra</l>
<l n="181"> dispositae pinguem nebulam vomuere lucernae</l>
<l n="182">portantes violas rubrumque amplexa catinum</l>


<note id="n.386.2">accessor a: accersor L. exieris L1.
</note>
<note id="n.386.1">Another word for the vindicta, the rod by which the slave was claimed for freedom.
</note>
<pb id="p.388"/>

<l n="183">cauda natat thynni, tumet alba fidelia vino,</l>
<l n="184">labra moves tacitus recutitaque sabbata palles.</l>
<l n="185">tum nigri lemures ovoque pericula rupto,</l>
<l n="186"> tum grandes galli et cum sistro lusca sacerdos</l>
<l n="187">incussere deos inflantis corpora, si non</l>
<l n="188">praedictum ter mane caput gustaveris alii.</l>
<l n="189">Dixeris haec inter varicosos centuriones,</l>
<l n="190">continuo crassum ridet Pulfenius ingens</l>
<l n="191"> et centum Graecos curto centusse licetur.</l>

<note id="n.388.1">Isis was supposed to punish offenders with blindness (Juv. xiii. 93).
</note>
<note id="n.388.2">The idea seems to be that of causing bodies to be possessed by evil spirits as were the Gadarene swine.

</note>

<pb id="p.392"/>

</div1>

<div1 type="satire" n="6">
<l n="1"> Admovit iam bruma foco te, Basse, Sabino?</l>
<l n="2">iamne lyra et tetrico vivunt tibi pectine chordae?</l>
<l n="3">mire opifex numeris veterum primordia vocum</l>
<l n="4">atque marem strepitum fidis intendisse Latinae,</l>
<l n="5">mox iuvenes agitare iocos et pollice honesto</l>
<l n="6"> egregius <note target="n.392.1"/> lusisse senex.<note target="n.392.2"/> mihi nune Ligus ora</l>
<l n="7">intepet hibernatque <note target="n.392.3"/> meum mare, qua latus ingens</l>
<l n="8">dant scopuli et multa litus se valle receptat.</l>
<l n="9"><q>Lunai portum, est operae, cognoscite, cives</q>:</l>
<l n="10">cor iubet hoc Enni, postquam destertuit esse</l>
<l n="11"> Maeonides, quintus pavone ex Pythagoreo.</l>

<note id="n.392.1">aegregius a: aegraecius P1: aegregios P2L.
</note>
<note id="n.392.2">senes P2L.
</note>
<note id="n.392.3">Housm. suggests mite tepet vernatque (t c. pp. 28-7).
</note>
<pb id="p.394"/>

<l n="12">Hic ego securus volgi et quid praeparet auster</l>
<l n="13">infelix pecori securus et angulus ille</l>
<l n="14">vieini nostro quia pinguior; et si adeo omnes</l>
<l n="15">ditescant orti peioribus, usque recusem</l>
<l n="16"> curvus ob id minui senio aut cenare sine uncto</l>
<l n="17">et signum in vapida naso tetigisse lagoena.</l>
<l n="18">discrepet his alius, geminos, horoscope, varo</l>
<l n="19">producis genio: solis natalibus est qui</l>
<l n="20">tinguat olus siccum muria vafer in calice empta,</l>
<l n="21"> ipse sacrum inrorans patinae piper; hic bona dente</l>
<l n="22">grandia magnanimus peragit puer. utar ego, utar,</l>
<l n="23">nec rhombos ideo libertis ponere lautus,</l>
<l n="24">nec tenuis sollers turdarum <note target="n.394.1"/> nosse salivas.</l>
<l n="25">Messe tenus propria vive et granaria, fas est,</l>
<l n="26"> emole. quid metuas? occa, et seges altera in herba est.</l>
<l n="27">at vocat officium, trabe rupta Bruttia saxa</l>
<l n="28">prendit amicus inops remque omnem surdaque vota</l>
<l n="29">condidit Ionio, iacet ipse in litore et una</l>
<l n="30">ingentes de puppe dei iamque obvia mergis</l>
<l n="31"> costa ratis lacerae: nunc et de caespite vivo</l>
<l n="32">frange aliquid, largire inopi, ne pictus oberret</l>
<l n="33">caerulea in tabula, sed cenam funeris heres</l>
<l n="34">negleget iratus, quod rem curtaveris; urnae</l>
<l n="35">ossa inodora dabit, seu spirent cinnama surdum</l>
<note id="n.394.1">turdarum P1Sch.: turdorum aP2L.
</note>
<pb id="p.396"/>

<l n="36">seu ceraso peccent casiae, nescire paratus:</l>
<l n="37"><q>tune bona incolumis minuas?</q> et Bestius urguet</l>
<l n="38">doctores Graios: &lsquo;ita fit; postquam sapere urbi</l>
<l n="39">cum pipere et palmis venit nostrum hoc maris expers,</l>
<l n="40">faenisecae crasso vitiarunt unguine pultes.&rsquo;</l>
<l n="41"> haec cinere ulterior metuas? at tu, meus heres</l>
<l n="42">quisquis eris, paulum a turba seductior audi.</l>
<l n="43">O bone, num ignoras? missa est a Caesare laurus</l>
<l n="44">insignem ob cladem Germanae pubis, et aris</l>
<l n="45">frigidus excutitur cinis ac iam postibus arma,</l>
<l n="46"> iam chlamydas regum, iam lutea gausapa captis</l>
<l n="47">essedaque ingentesque locat Caesonia Rhenos.</l>
<l n="48">dis igitur genioque ducis centum paria ob res</l>
<l n="49">egregie gestas induco. quis vetat? aude.</l>
<l n="50">vae, nisi conives! oleum artocreasque popello</l>
<l n="51"> largior, an prohibes? dic clare <q>non adeo,</q> inquis,</l>

<note id="n.396.1">The name Bestius is taken from the corrector Bestius of Horace (Epp. I. xv. 37), and is used to represent the vulgar irrelevant critic, who connects all the evils of his day with the bringing in of new-fangled Greek learning along with foreign articles like pepper, dates, etc. <q>Your heir will snarl,</q> says Persius, <q>and Bestius will talk drivel; but why should that trouble you in the grave?</q> Sapere of course has a punning meaning, referring to Greek Philosophy as well as to the smack of dates and pepper.
</note>
<note id="n.396.2">The words maris expers are taken from Horace (Chium maris expers, Sat. II. viii. 15), but the context is quite different from the Horatian. They have been usually explained as meaning <q>destitute of salt,</q> and therefore <q>tasteless,</q> or foolish. But Professor Housman has shown that Casaubon's rendering, <q>destitute of virility,</q> gives the true meaning (l.c. pp. 27-28). Bestius complains that modern Greek ideas

</note>
<pb id="p.398"/>

<l n="52"><q>exossatus ager iuxta est.</q> age, si mihi nulla</l>
<l n="53">iam reliqua ex amitis, patruelis nulla, proneptis</l>
<l n="54">nulla manet patrui, sterilis matertera vixit,</l>
<l n="55">deque avia nihilum superest, accedo Bovillas</l>
<l n="56"> clivumque ad Virbi, praesto est mihi Manius heres,</l>
<l n="57"><q>progenies terrae?</q> quaere ex me quis mihi quartus</l>
<l n="58">sit pater: haut prompte, dicam tamen; adde etiam  unum,</l>
<l n="59">unum etiam: terrae est iam filius, et mihi ritu</l>
<l n="60">Manius hic generis prope maior avunculus exit.</l>
<l n="61"> qui prior es, cur me in decursu lampada poscis?</l>
<l n="62">sum tibi Mercurius, venio deus huc ego ut ille</l>
<l n="63">pingitur. an renuis? vis tu gaudere relictis?</l>
<l n="64"><q>dest aliquid summae.</q> minui mihi, sed tibi totum est</l>
<l n="65">quidquid id est. ubi sit, fuge quaerere, quod mihi quondam</l>
<note id="n.398.1">This obscure phrase has been variously explained. Exossatus means <q>cleared of bones.</q> Some interpret <q>cleared of stones,</q> i.e. good land prepared for a crop; others <q>land from which the bones, the strength and marrow of the soil, have been taken,</q> and so <q>poor land.</q> In line 51 Persius challenges his heir to reply. Conington takes adeo as a verb: <q>I decline the inheritance,</q> says the heir; to which Persius replies, <q>Here is a field, now, cleared for ploughing,</q> for which I can easily find an heir. Professor Housman follows an interpretation given by Hermann: Persius says to his heir, <q>Do you forbid my extravagance? Tell me plainly.</q> <q>I would rather not,</q> says the heir; <q>that field close by is far too full of stones</q>; i.e. he is afraid that the populace will stone him if he lifts his voice against the pro-

</note>
<pb id="p.400"/>

<l n="66">legarat Tadius, neu dicta repone <note target="n.400.1"/> paterna,</l>
<l n="67"><q>faenoris accedat merces, hinc exime sumptus.</q></l>
<l n="68"><q>quid reliqum est?</q> reliqum? nunc nunc inpensius ungue,</l>
<l n="69">ungue, puer, caules! mihi festa luce coquatur</l>
<l n="70">urtica et fissa fumosum sinciput aure,</l>
<l n="71"> ut tuus iste nepos olim satur anseris extis,</l>
<l n="72">cum morosa vago singultiet inguine vena,</l>
<l n="73">patriciae inmeiat vulvae? mihi trama figurae</l>
<l n="74">sit reliqua, ast illi tremat omento popa venter?</l>
<l n="75">Vende animam lucro, mercare atque excute sollers</l>
<l n="76"> omne latus mundi, ne sit praestantior alter</l>
<l n="77">Cappadocas rigida pinguis plausisse catasta,</l>
<l n="78">rem duplica. &lsquo;feci; iam triplex, iam mihi quarto,</l>
<l n="79">iam decies redit in rugam.&rsquo; depunge ubi sistam:</l>
<l n="80">inventus, Chrysippe, tui finitor acervi.</l>
<note id="n.400.1">repone L and old edd. B&uuml;ch. has neu dicta <q>pone paterna  <gap/> sumptus.</q> <q>quid reliqum est?</q> Housm. suggests neu dic ita, <q>pone paterna  <gap/> reliqum est.</q> reliqum? and explains, <q>Do not say <q>state what you inherited, add interest, subtract expenditure, and see how much is left.</q> Left, quotha?</q> (l.c. p. 31). ita then means <q>as follows.</q> B&uuml;ch. takes pone to mean <q>invest.</q>
</note>
</div1></body></text></TEI.2>
