<?xml version="1.0" encoding="UTF-8"?><TEI xmlns="http://www.tei-c.org/ns/1.0">
    <teiHeader status="new">
        <fileDesc>
            <titleStmt>
                <title type="work">Poems</title>
                <title type="sub">Machine readable text</title>
                <author n="Petr.">Petronius</author>
                <editor role="editor">Michael Heseltine</editor>
                <sponsor>Perseus Project, Tufts University</sponsor>
<principal>Gregory Crane</principal>
                <respStmt>
                    <resp>Prepared under the supervision of</resp>
                    <name>Bridget Almas</name>
                    <name>Lisa Cerrato</name>
                    <name>David Mimno</name>
                    <name>Rashmi Singhal</name>
                </respStmt>
                <funder n="org:Tufts">Tufts University</funder>
            </titleStmt>
            <extent>About 100Kb</extent>
            <publicationStmt>
                <publisher>Trustees of Tufts University</publisher>
                <pubPlace>Medford, MA</pubPlace>
                <authority>Perseus Project</authority>
                <date type="release">2009-10-07</date>
            </publicationStmt>
             <sourceDesc>
                <biblStruct>
                    <monogr>
                    	<author>Petronius Arbiter</author>
                        <title>Petronius</title>
                    	<editor role="editor" n="Heseltine">Michael Heseltine</editor>                        
                    	<imprint>
                            <pubPlace>London</pubPlace>
                            <publisher>William Heinemann</publisher>
                            <date>1913</date>
                        </imprint>
                    </monogr>
                </biblStruct>
            </sourceDesc>
        </fileDesc>
        <encodingDesc>
            <refsDecl>
                <state delim="." unit="text"/>
                <refState unit="section"/>
            </refsDecl>
        </encodingDesc>
        <profileDesc>
            <langUsage>
                <language ident="la">Latin</language>
            	<language ident="greek">Greek</language>
            </langUsage>
        </profileDesc>
        <revisionDesc><!--
            <change>
                <date>2006</date>
                <respStmt>
                    <name>GRC</name>
                    <resp>tagging</resp>
                </respStmt>
                <item/>
            </change>
        <change><date>July 2014</date>
    <respStmt><name>Stella Dee</name><resp>ed.</resp></respStmt>
    <item>split composite text and converted to unicode</item>
      </change>--><change when="2014-08-01" who="Stella Dee">edited markup</change></revisionDesc>
    </teiHeader><text xml:lang="la"><body>
<pb id="p.342"/>

<milestone unit="section" n="1"/>
<p><hi rend="italics">74 Poet. Lat. Min.</hi> iv, ed. Baehrens.
<quote rend="blockquote">
<l>Inveniet quod quisque velit: non omnibus unum est</l>
<l part="M">quod placet: hic spinas colligit, ille rosas.</l>
</quote></p>

<milestone unit="section" n="2"/>
<p><hi rend="italics">75 P.L.M.</hi>
<quote rend="blockquote">
<l>Iam nunc algentes autumnus fecerat umbras<note>algentes <gap/> fecerat <hi
rend="italics">Baehrens:</hi> ardentes <gap/> fregerat <hi rend="italics"
>V.</hi></note></l>
<l>atque hiemem tepidis spectabat Phoebus habenis,</l>
<l>iam platanus iactare comas, iam coeperat uvas</l>
<l>adnumerare suas defecto palmite vitis:</l>
<l>ante oculos stabat quidquid promiserat annus.</l>
</quote></p>

<milestone unit="section" n="3"/><p><hi rend="italics">76 P.L.M.</hi>
<quote rend="blockquote">
<l>Primus in orbe deos fecit timor, ardua caelo</l>
<l>fulmina cum caderent discussaque moenia flammis</l>
<l>atque ictus flagraret Athos; mox Phoebus ab ortu<note>ab ortu <hi rend="italics"
>Butler:</hi> ad ortus <hi rend="italics">V.</hi></note></l>
<l>lustrata deuectus humo, Lunaeque senectus</l>
<l>et reparatus honos; hinc signa effusa per orbem</l>
<l>et permutatis disiunctus mensibus annus.</l>
<l>Profecit<note>profecit <hi rend="italics">anon:</hi> proiecit <hi rend="italics"
>V.</hi></note> vitium iamque error iussit inanis</l>
<l>agricolas primos Cereri dare messis honores,</l>
<l>palmitibus plenis Bacchum vincire, Palemque</l>
<l>pastorum gaudere manu; natat obrutus omnis<note>natat obrutus <hi rend="italics"
>probably corrupt:</hi> portus tenet <hi rend="italics"
>Buecheler.</hi></note></l>
<l>Neptunus demersus aqua; Pallasque tabernas</l>
<l>vindicat; et voti reus et qui vendidit orbem,<note>orbem <hi rend="italics"
>perhaps corrupt: orbam</hi>
<hi rend="italics">Barth:</hi> urbem <hi rend="italics">Pithoeus</hi></note></l>
<l>iam sibi quisque deos avido certamine fingit.</l>
</quote></p>

<milestone unit="section" n="4"/>
<p><hi rend="italics">77 P.L.M.</hi>
<quote rend="blockquote">
<l>Nolo ego semper idem capiti suffundere costum</l>
<l part="M">nec noto<note>noto <hi rend="italics">Paulmier:</hi> toto <hi
rend="italics">V.</hi></note> stomachum conciliare mero.</l>
<pb id="p.344"/>
<l>Taurus amat gramen mutata carpere valle</l>
<l part="M">et fera mutatis sustinet ora cibis.</l>
<l>Ipsa dies ideo nos grato perluit haustu,</l>
<l part="M">quod permutatis hora recurrit equis.</l>
</quote></p>

<milestone unit="section" n="5"/>
<p><hi rend="italics">78 P.L.M.</hi>
<quote rend="blockquote">
<l>Uxor, legis onus,<note>legis onus <hi rend="italics">Baehrens:</hi> inus <hi
rend="italics">V.</hi></note> debet quasi census amari.</l>
<l part="M">nec censum vellem semper amare meum.</l>
</quote></p>

<milestone unit="section" n="6"/>
<p><hi rend="italics">79 P.L.M.</hi>
<quote rend="blockquote">
<l>Linque tuas sedes alienaque litora quaere,</l>
<l>O<note>
<hi rend="italics">added by Scaliger, omitted by V.</hi></note>
iuvenis: maior rerum tibi nascitur ordo.</l>
<l>Ne succumbe malis: te noverit ultimus Hister,</l>
<l>te Boreas gelidus securaque regna Canopi,</l>
<l>quique renascentem Phoebum cernuntque cadentem:</l>
<l>maior in externas fit qui<note>fit qui <hi rend="italics">Baehrens:</hi> itacui
<hi rend="italics">V.</hi></note> descendit harenas.</l>
</quote></p>

<milestone unit="section" n="7"/>
<p><hi rend="italics">80 P.L.M.</hi>
<quote rend="blockquote">
<l>Nam nihil est, quod non mortalibus afferat usum;</l>
<l part="M">rebus in adversis quae iacuere iuvant.</l>
<l>Sic rate demersa fulvum deponderat aurum,</l>
<l part="M">remorum levitas naufraga membra vehit.</l>
<l>Cum sonuere tubae, iugulo stat divite ferrum</l>
<l part="M">barbaricum: tenuis praebia pannus habet.<note>barbaricum <hi
rend="italics">Baehrens:</hi> tenuis <hi rend="italics">Butler:</hi>
praebia <hi rend="italics">Baehrens:</hi> barbara contempnit praelia <hi
rend="italics">V., retaining which</hi> hebes <hi rend="italics">for
habet Scaliger.</hi></note></l>
</quote></p>

<milestone unit="section" n="8" />
<pb id="p.346"/>
<p><hi rend="italics">81 P.L.M.</hi>
<quote rend="blockquote">
<l>Parvula securo tegitur mihi culmine sedes</l>
<l>uvaque plena mero fecunda pendet ab ulmo.</l>
<l>Dant rami cerasos, dant mala rubentia silvae,</l>
<l>Palladiumque nemus pingui se vertice frangit.</l>
<l>Iam qua diductos potat levis area fontes,</l>
<l>Corycium milli surgit olus maluaeque supinae</l>
<l>et non sollicitos missura papavera somnos.</l>
<l>Praeterea sive alitibus contexere fraudem</l>
<l>seu magis imbelles libuit circumdare cervos</l>
<l>aut tereti lino pavidum subducere piscem,</l>
<l>hos tantum novere dolos mea sordida rura.</l>
<l>I nunc et vitae fugientis tempora vende</l>
<l>divitibus cenis. Me si manet exitus idem,</l>
<l>hic precor inveniat consumptaque tempora poscat.</l>
</quote></p>

<milestone unit="section" n="9"/>
<p><hi rend="italics">82 P.L.M.</hi>
<quote rend="blockquote">
<l>Non satis est quod nos mergit<note>mergis <hi rend="italics">V. corr.
Buecheler.</hi></note> furiosa iuventus</l>
<l part="M">transversosque rapit fama sepulta probris?</l>
<l>En<note>en <hi rend="italics">L. Müller:</hi> an <hi rend="italics"
>V.</hi></note> etiamfamuli cognataque faece caterva<note>caterva <hi
rend="italics">Baehrens:</hi> sepulti <hi rend="italics">V.</hi></note></l>
<l part="M">inter conrasas luxuriantur opes.<note>inter conrasas <hi rend="italics"
>Baehrens:</hi> intesta merassas <hi rend="italics">V.</hi></note></l>
<l>Vilis servus habet regni bona, cellaque capti</l>
<l part="M">deridet Vestam Romuleamque casam.</l>
<l>Idcirco virtus medio iacet obruta caeno,</l>
<l part="M">nequitiae classes candida vela ferunt.</l>
</quote></p>

<milestone unit="section" n="10"/>
<p><hi rend="italics">83 P.L.M.</hi>
<quote rend="blockquote">
<l>Sic et membra solent auras includere ventris,<note>ventis <hi rend="italics">V.,
corr. Riese.</hi></note></l>
<l>quae penitus mersae cum rursus abire laborant,</l>
<pb id="p.348"/>
<l>verberibus rimantur iter; nec desinit ante</l>
<l>frigidus, adstrictis<note>et frigidus strictis <hi rend="italics">V., corr.
Reiske.</hi></note> qui regnat in ossibus, horror</l>
<l>quam tepidus laxo manavit corpore sudor.</l>
</quote></p>

<milestone unit="section" n="11"/>
<p><hi rend="italics">84 P.L.M.</hi>
<quote rend="blockquote">
<l>O litus vita mihi dulcius, o mare! felix</l>
<l part="M">cui licet ad terras ire subinde meas!</l>
<l>O formosa dies! hoc quondam rure solebam</l>
<l part="M">Naiadas<note>Naiadas <hi rend="italics">Lindenbrog:</hi> Iliadas V.
alterna <gap/> manu <hi rend="italics">B</hi> armatas. . manus <hi
rend="italics">V.</hi></note> alterna sollicitare manu!</l>
<l>Hic fontis lacus est, illic sinus egerit algas:</l>
<l part="M">haec statio est tacitis fida<note>fida <hi rend="italics">Pithoeus:</hi>
victa <hi rend="italics">V.</hi></note> cupidinibus.</l>
<l>Pervixi; neque enim fortuna malignior unquam</l>
<l part="M">eripiet nobis quod prior hora<note>prior hora <hi rend="italics"
>Scaliger:</hi> priora <hi rend="italics">V.</hi></note> dedit.</l>
</quote></p>

<milestone unit="section" n="12"/>
<p><hi rend="italics">85 P.L.M.</hi>
<quote rend="blockquote">
<l>Haec ait et tremulo deduxit vertice canos</l>
<l>consecuitque genas; oculis nec defuit imber,</l>
<l>sed qualis rapitur per vallis improbus amnis,</l>
<l>cum gelidae periere nives et languidus auster</l>
<l>non patitur glaciem resoluta vivere terra,</l>
<l>gurgite sic pleno facies manavit et alto</l>
<l>insonuit gemitu turbato murmure pectus.</l>
</quote></p>

<milestone unit="section" n="13"/>
<p><hi rend="italics">86 P.L.M.</hi>
<quote rend="blockquote">
<l>Nam citius flammas mortales ore tenebunt</l>
<l>quam secreta tegant. Quicquid dimittis in aula,</l>
<l>effluit et subitis rumoribus oppida pulsat.</l>
<l>Nec satis est vulgasse fidem. Cumulatius exit</l>
<l>proditionis opus famamque onerare laborat.</l>
<pb id="p.350"/>
<l>Sic commissa verens avidus reserare<note>verens reserare <hi rend="italics"
>Fulgentius:</hi> ferens <gap/> seruare V.</note> minister</l>
<l>fodit humum regisque latentes prodidit aures.</l>
<l>Concepit nam terra sonos calamique loquentes</l>
<l>incinuere<note>incinuere <hi rend="italics">Salmasius:</hi> inuenerem <hi
rend="italics">V.</hi></note> Midam, qualem narraverat index.</l>
</quote></p>

<milestone unit="section" n="14"/>
<p><hi rend="italics">87 P.L.M.</hi>
<quote rend="blockquote">
<l>Illic alternis depugnat pontus et aer,</l>
<l part="M">hic rivo tenui pervia ridet humus.</l>
<l>Illic demersas<note>demersas <hi rend="italics">Baehrens:</hi> divisas <hi
rend="italics">V.</hi></note> complorat navita puppes,</l>
<l part="M">hic pastor miti perluit amne pecus.</l>
<l>Illic immanes mors obdita<note>obdita <hi rend="italics">Baehrens:</hi> oblita
<hi rend="italics">V.</hi></note> solvit hiatus,</l>
<l part="M">hic gaudet curva falce recisa Ceres.</l>
<l>Illic inter aquas urit sitis arida fauces,</l>
<l part="M">hic data periuro<note>data <hi rend="italics">Wernsdorf:</hi> da <hi
rend="italics">V.</hi> periuro <hi rend="italics">probably corrupt:
perhaps</hi> quaeque suo <hi rend="italics">Butler.</hi></note> basia
multa viro.</l>
<l>Naviget et fluctus lasset mendicus Vlixes,</l>
<l part="M">in terris vivet candida Penelope.</l>
</quote></p>

<milestone unit="section" n="15"/>
<p><hi rend="italics">88 P.L.M.</hi>
<quote rend="blockquote">
<l>Qui nolit properare<note>nolit <hi rend="italics">Oudendorp:</hi>moluit <hi
rend="italics">V.</hi> properare <hi rend="italics">Tollius:</hi>
prepare <hi rend="italics">V.</hi></note> mori nec cogere fata</l>
<l part="M">mollia praecipiti rumpere fila manu,</l>
<l>hactenus irarum mare noverit. Ecce refuso</l>
<l part="M">gurgite securos obluit unda pedes.</l>
<l>Ecce inter virides iactatur mytilus algas</l>
<l part="M">et rauco trahitur lubrica concha sinu.</l>
<l>Ecce recurrentes qua versat fluctus arenas,</l>
<l part="M">discolor attrita calculus exit humo.</l>
<l>Haec quisquis calcare potest, in litore tuto</l>
<l part="M">ludat et hoc solum iudicet esse mare.</l>
</quote></p>

<pb id="p.352"/>
<milestone unit="section" n="16"/>
<p><hi rend="italics">89 P.L.M.</hi>
<quote rend="blockquote">
<l>Non est forma satis nec quae vult bella videri<note><hi rend="italics">The first
couplet is to be found in Fulgentius, Myth.</hi> 1, 12, P. 44.</note></l>
<l part="M">debet vulgari more placere sibi.</l>
<l>Dicta, sales, lusus, sermonis gratia, risus</l>
<l part="M">vincunt naturae candidioris opus.</l>
<l>Condit enim formam quicquid consumitur artis,</l>
<l part="M">et nisi velle<note>velle subest <hi rend="italics">probably
corrupt:</hi> sal suberit <hi rend="italics">Baehrens.</hi></note> subest,
gratia nuda perit.</l>
</quote></p>

<milestone unit="section" n="17"/>
<p><hi rend="italics">90 P.L.M.</hi>
<quote rend="blockquote">
<l>Sic contra rerum naturae munera notae</l>
<l part="M">corvus maturis frugibus ova refert.</l>
<l>Sic format lingua fetum cum protulit ursa</l>
<l part="M">et piscis nullo iunctus amore parit.</l>
<l>Sic Phoebea chelys nutu<note>nutu <hi rend="italics">Butler:</hi> victo <hi
rend="italics">W:</hi> vinclo <hi rend="italics">Binetus.</hi></note>
resoluta parentis</l>
<l part="M">Lucinae tepidis naribus ova fovet.</l>
<l>Sic sine concubitu textis apis excita ceris</l>
<l part="M">fervet et audaci milite castra replet.</l>
<l>Non uno contenta valet natura tenore,</l>
<l part="M">sed permutatas gaudet habere vices.</l>
</quote></p>

<milestone unit="section" n="18"/>
<p><hi rend="italics">91 P.L.M.</hi>
<quote rend="blockquote">
<l>Indica purpureo genuit me litore tellus,</l>
<l part="M">candidus accenso qua redit orbe dies.</l>
<l>Hic ego divinos inter generatus honores</l>
<l part="M">mutavi Latio barbara verba sono.</l>
<l>Iam dimitte tuos, Paean o Delphice, cycnos:</l>
<l part="M">dignior haec vox est, quae tua templa colat.</l>
</quote>
<pb id="p.354"/>
<milestone unit="section" n="19"/>
<hi rend="italics">92 P.L.M.</hi>
<quote rend="blockquote">
<l>Naufragus eiecta nudus rate quaerit eodem</l>
<l part="M">percussum telo, cui sua fata fleat.<note>fleat <hi rend="italics"
>Jacobs:</hi> legat <hi rend="italics">W.</hi></note></l>
<l>Grandine qui segetes et totum perdidit annum,</l>
<l part="M">in simili deflet tristia fata sinu.</l>
<l>Funera conciliant miseros, orbique parentes</l>
<l part="M">coniungunt gemitus et facit hora pares.</l>
<l>Nos quoque confusis feriemus sidera verbis;</l>
<l part="M">fama est coniunctas<note>fama est coniunctas <hi rend="italics"
>Butler:</hi> et fama est constans <hi rend="italics">W.</hi></note> fortius
ire preces.</l>
</quote></p>

<milestone unit="section" n="20"/>
<p><hi rend="italics">93 P.L.M.</hi>
<quote rend="blockquote">
<l>Aurea mala mihi, dulcis mea Martia, mittis,</l>
<l part="M">mittis et hirsutae munera castaneae.</l>
<l>Omnia grata putem, sed si magis ipsa venire</l>
<l part="M">ornares donum, pulcra puella, tuum.</l>
<l>Tu licet apportes stringentia mala palatum,</l>
<l part="M">tristia mandenti est melleus ore sapor.</l>
<l>At si dissimulas, multum mihi cara, venire,</l>
<l part="M">oscula cum pomis mitte; vorabo libens.</l>
</quote></p>

<milestone unit="section" n="21"/>
<p><hi rend="italics">94 P.L.M.</hi>
<quote rend="blockquote">
<l>Si Phoebi soror es, mando tibi, Delia, causam,</l>
<l part="M">scilicet ut fratri quae peto verba feras:</l>
<l>“Marmore Sicanio struxi tibi, Delphice, templum</l>
<l part="M">et levibus calamis candida verba dedi.</l>
<l>Nunc si nos audis atque es divinus, Apollo,</l>
<l part="M">dic mihi, qui nummos non habet, unde petat.”</l>
</quote></p>

<pb id="p.356"/>
<milestone unit="section" n="22"/>
<p><hi rend="italics">95 P.L.M.</hi>
<quote rend="blockquote">
<l>Omnia quae miseras possunt finire querellas,</l>
<l part="M">in promptu voluit candidus esse deus.</l>
<l>Vile holus et duris haerentia mora rubetis</l>
<l part="M">pungentis<note>pungentis <hi rend="italics">Dousa:</hi> pugnantis <hi
rend="italics">W.</hi></note> stomachi composuere famem.</l>
<l>Flumine vicino stultus sitit, et riget<note>et riget <hi rend="italics"
>Binet:</hi> effugit <hi rend="italics">W.</hi></note> euro</l>
<l part="M">cum calidus tepido consonat igne focus<note>focus <hi rend="italics"
>Buecheler:</hi> rogus <hi rend="italics">W.</hi></note>.</l>
<l>Lex armata sedet circum fera limina nuptae:</l>
<l part="M">nil metuit licito fusa puella toro.</l>
<l>Quod satiare potest dives natura ministrat;</l>
<l part="M">quod docet infrenis<note>infrenis <hi rend="italics">Binet:</hi>
inferius <hi rend="italics">W.</hi></note> gloria fine caret.</l>
</quote></p>

<milestone unit="section" n="23"/>
<p><hi rend="italics">96 P.L.M.</hi>
<quote rend="blockquote">
<l>Militis in galea nidum fecere columbae:</l>
<l part="M">apparet Marti quam sit amica Venus.</l>
</quote></p>

<milestone unit="section" n="24"/>
<p><hi rend="italics">97 P.L.M.</hi>
<quote rend="blockquote">
<l>Iudaeus licet et porcinum numen adoret</l>
<l part="M">et caeli summas advocet auriculas,</l>
<l>ni tamen et ferro succiderit inguinis oram</l>
<l part="M">et nisi nodatum solverit arte caput,</l>
<l>exemptus populo sacra<note>sacra <hi rend="italics">Baehrens:</hi> graia <hi
rend="italics">W.</hi></note> migrabit ab urbe</l>
<l part="M">et non ieiuna sabbata lege premet.<note>premet <hi rend="italics">W.,
perhaps corrupt:</hi> tremet <hi rend="italics"
>Buecheler.</hi></note></l>
</quote></p>

<milestone unit="section" n="25"/>
<p><hi rend="italics">98 P.L.M.</hi>
<quote rend="blockquote">
<l>Una est nobilitas argumentumque coloris</l>
<l part="M">ingenui timidas non habuisse manus.</l>
</quote></p>

<milestone unit="section" n="26"/>
<pb id="p.358"/>
<p><hi rend="italics">99 P.L.M.</hi>
<quote rend="blockquote">
<l>Lecto compositus vix prima silentia noctis</l>
<l part="M">carpebam et somno lumina victa dabam,</l>
<l>cum me savus Amor prensat<note>prensat <hi rend="italics">Oudendorp:</hi> prensum
<hi rend="italics">W.</hi></note> sursumque capillis</l>
<l part="M">excitat et lacerum pervigilare iubet.</l>
<l><quote>Tu famulus meus,</quote> inquit, “ames cum mille puellas,</l>
<l part="M">solus, io, solus, dure, iacere potes?”</l>
<l>Exsilio et pedibus nudis tunicaque soluta</l>
<l part="M">omne iter ingredior,<note>ingredior <hi rend="italics">Riese:</hi>
impedio <hi rend="italics">W.</hi></note> nullum iter expedio.</l>
<l>Nunc propero, nunc ire piget, rursumque redire</l>
<l part="M">paenitet, et pudor est stare via media.</l>
<l>Ecce tacent voces hominum strepitusque viarum</l>
<l part="M">et volucrum cantus fidaque turba canum;</l>
<l>solus ego ex cunctis paveo somnumque torumque,</l>
<l part="M">et sequor imperium, magne Cupido, tuum.</l>
</quote></p>

<milestone unit="section" n="27"/>
<p><hi rend="italics">100 P.L.M.</hi>
<quote rend="blockquote">
<l>Sit nox illa diu nobis dilecta, Nealce,</l>
<l part="M">quae te prima meo pectore composuit:</l>
<l>sit torus et lecti genius secretaque lampas,<note>lampas <hi rend="italics"
>Buecheler:</hi> longa <hi rend="italics">W.</hi></note></l>
<l part="M">quis tenera in nostrum veneris arbitrium.</l>
<l>Ergo age duremus, quamvis adoleverit aetas,</l>
<l part="M">utamurque annis quos mora parva teret.</l>
<l>Fas et iura sinunt veteres extendere amores;</l>
<l part="M">fac cito quod coeptum est, non cito desinere.</l>
</quote></p>

<milestone unit="section" n="28"/>
<p><hi rend="italics">101 P.L.M.</hi>
<quote rend="blockquote">
<l>Foeda est in coitu et brevis voluptas</l>
<l>et taedet Veneris statim peractae.</l>
<l>Non ergo ut pecudes libidinosae</l>
<l>caeci protinus irruamus illuc</l>
<l>(nam languescit amor peritque flamma);</l>
<pb id="p.360"/>
<l>sed sic sic sine fine feriati</l>
<l>et tecum iaceamus osculantes.</l>
<l>Hic nullus labor est ruborque nullus:</l>
<l>hoc iuvit, iuvat et diu iuvabit;</l>
<l>hoc non deficit incipitque semper.</l>
</quote></p>

<milestone unit="section" n="29"/>
<p><hi rend="italics">102 P.L.M.</hi>
<quote rend="blockquote">
<l>Accusare et amare tempore uno</l>
<l>ipsi vix fuit Herculi ferendum.</l>
</quote></p>

<milestone unit="section" n="30"/>
<p><hi rend="italics">120 P.L.M.</hi>
<quote rend="blockquote">
<l>Fallunt nos oculi vagique sensus</l>
<l>oppressa ratione mentiuntur.</l>
<l>Nam turris prope quae quadrata surgit,</l>
<l>detritis procul angulis rotatur.</l>
<l>Hyblaeum refugit satur liquorem</l>
<l>et naris casiam frequenter odit.</l>
<l>Hoc illo magis aut minus placere</l>
<l>non posset nisi lite destinata</l>
<l>pugnarent dubio tenore sensus.</l>
</quote></p>

<milestone unit="section" n="31"/>
<p><hi rend="italics">121 P.L.M.</hi>
<quote rend="blockquote">
<l>Somnia quae mentes ludunt volitantibus umbris,</l>
<l>non delubra deum nec ab aethere numina mittunt,</l>
<l>sed sibi quisque facit. Nam cum prostrata sopore</l>
<l>urget membra quies et mens sine pondere ludit,</l>
<l>quidquid luce fuit tenebris agit. Oppida bello</l>
<l>qui quatit et flammis miserandas eruit urbes,</l>
<l>tela videt versasque acies et funera regum</l>
<l>atque exundantes profuso sanguine campos.</l>
<l>Qui causas orare solent, legesque forumque</l>
<l>et pavidi cernunt inclusum chorte<note>chorte <hi rend="italics">Mommsen:</hi>
code <hi rend="italics">E.</hi></note>
tribunal.</l>
<l>Condit avarus opes defossumque invenit aurum.</l>
<pb id="p.362"/>
<l>Venator saltus canibus quatit. Eripit undis</l>
<l>aut premit eversam periturus navita puppem.</l>
<l>Scribit amatori meretrix, dat adultera munus:</l>
<l>et canis in somnis leporis vestigia lustrat.</l>
<l>In noctis spatium miserorum vulnera durant.</l>
</quote></p>


</body>
</text>
</TEI>
</body></text></TEI>