<?xml version="1.0" encoding="UTF-8"?><TEI xmlns="http://www.tei-c.org/ns/1.0">
    <teiHeader status="new">
        <fileDesc>
            <titleStmt>
                <title type="work">Fragments</title>
                <title type="sub">Machine readable text</title>
                <author n="Petr.">Petronius</author>
                <editor role="editor">Michael Heseltine</editor>
                <sponsor>Perseus Project, Tufts University</sponsor>
<principal>Gregory Crane</principal>
                <respStmt>
                    <resp>Prepared under the supervision of</resp>
                    <name>Bridget Almas</name>
                    <name>Lisa Cerrato</name>
                    <name>David Mimno</name>
                    <name>Rashmi Singhal</name>
                </respStmt>
                <funder n="org:Tufts">Tufts University</funder>
            </titleStmt>
            <extent>About 100Kb</extent>
            <publicationStmt>
                <publisher>Trustees of Tufts University</publisher>
                <pubPlace>Medford, MA</pubPlace>
                <authority>Perseus Project</authority>
                <date type="release">2009-10-07</date>
            </publicationStmt>
             <sourceDesc>
                <biblStruct>
                    <monogr>
                    	<author>Petronius Arbiter</author>
                        <title>FRAGMENTA </title>
                    	<editor role="editor" n="Heseltine">Michael Heseltine</editor>                        
                    	<imprint>
                            <pubPlace>London</pubPlace>
                            <publisher>William Heinemann</publisher>
                            <date>1913</date>
                        </imprint>
                    </monogr>
                </biblStruct>
            </sourceDesc>
        </fileDesc>
        <encodingDesc>
            <refsDecl>
                <state delim="." unit="text"/>
                <refState unit="section"/>
            </refsDecl>
        </encodingDesc>
        <profileDesc>
            <langUsage>
                <language ident="la">Latin</language>
            	<language ident="greek">Greek</language>
            </langUsage>
        </profileDesc>
        <revisionDesc><!--
            <change>
                <date>2006</date>
                <respStmt>
                    <name>GRC</name>
                    <resp>tagging</resp>
                </respStmt>
                <item/>
            </change>
        <change><date>July 2014</date>
    <respStmt><name>Stella Dee</name><resp>ed.</resp></respStmt>
    <item>split composite text and converted to unicode</item>
      </change>--><change when="2014-08-01" who="Stella Dee">edited markup</change></revisionDesc>
    </teiHeader><text xml:lang="la"><body>
<div type="section" n="1"><head>I</head>
<p><hi rend="italics">Servius ad Vergili Aen. III 57:</hi> <lemma>auri sacra fames</lemma> sacra id
est execrabilis. Tractus est autem sermo ex more Gallorum. Nam Massilienses quotiens
pestilentia laborabant, unus se ex pauperibus offerebat alendus anno integro
publicis <hi rend="italics">sumptibus</hi> et purioribus cibis. Hic postea ornatus
verbenis et vestibus sacris circumducebatur per totam civitatem cum exsecrationibus,
ut in ipsum reciderent mala totius civitatis, et sic proiciebatur. Hoc autem in
Petronio lectum est</p>
</div>
<div type="section" n="2"><head>II</head>
<p><hi rend="italics">Servius ad Vergili Aen. XII 159 de feminino nominum in</hi> <term>tor</term>
<hi rend="italics">exeuntium genere:</hi> Si autem a verbo non venerint,
communia sunt. Nam similiter et masculina et feminina in <term>tor</term> exeunt, ut hic et haec
senator, hic et haec balneator, licet Petronius usurpaverit
<quote>balneatricem</quote> dicens</p>
</div>
<div type="section" n="3"><head>III</head>
<p><hi rend="italics">Pseudacro ad Horati epod.</hi> 5, 48: <lemma>Canidia rodens pollicem</lemma>
habitum et motum Canidiae expressit furentis. Petronius ut monstraret furentem,
<quote>pollice</quote> ait <quote>usque ad periculum roso</quote></p>
</div>
<pb id="p.326"/>
<div type="section" n="4"><head>IV</head>
<p>
<hi rend="italics">Sidonius Apollinaris carminis XXIII:</hi>
</p>
<quote rend="blockquote">
<l>quid vos eloquii canam Latini,</l>
<l>Arpinas, Patavine, Mantuane?—</l>
<l>Et te Massiliensium per hortos</l>
<l>sacri stipitis, Arbiter, colonum</l>
<l>Hellespontiaco parem Priapo?</l>
</quote>
</div>
<div type="section" n="5"><head>V</head>
<p><hi rend="italics">Priscianus institutionum VIII</hi> 16 <hi rend="italics">p.</hi>
381 <hi rend="italics">et XI</hi> 29<hi rend="italics">p.</hi> 567 <hi
rend="italics">Hertzii inter exempla quibus deponentium verborum participia
praeteriti temporis passivam significationem habere declarat:</hi> Petronius
<quote>animam nostro amplexam pectore</quote></p>
</div>
<div type="section" n="5b"><head>V<hi rend="super">b</hi></head>
<p><hi rend="italics">Boethius in Porphyrium a Victorino translatum dialogo II extreme
p. 45 exemplarium Basiliensium:</hi> Ego faciam, inquit, libentissime. Sed
quoniam iam matutinus, ut ait Petronius, sol tectis arrisit, surgamus, et si quid
est illud, diligentiore postea consideratione tractabitur</p>
</div>
<div type="section" n="6"><head>VI<hi rend="super">*</hi></head>
<p><hi rend="italics">Fulgentius mythologiarum I p. 23 Munckeri:</hi> Nescis . . quantum
saturam matronae formident. Licet mulierum verbialibus undis et causidici cedant nec
grammatici muttiant, rhetor taceat et clamorem praeco compescat, sola est quae modum
imponit furentibus, licet Petroniana subet Albucia</p>
</div>
<pb id="p.328"/>
<div type="section" n="7"><head>VII<hi rend="super">*</hi></head>
<p><hi rend="italics">Fulgentius mythologiarum III 8 p. 124 ubi sucum myrrhae valde
fervidum esse dixit:</hi> Unde et Petronius Arbiter ad libidinis concitamentum
myrrhinum se poculum bibisse refert</p>
</div>
<div type="section" n="8"><head>VIII<hi rend="super">*</hi></head>
<p><hi rend="italics">Fulgentius in expositione Virgilianae continentiaep. 156:</hi>
Tricerberi enim fabulam iam superius exposuimus in modum iurgii forensisque litigii
positam. Unde et Petronius in Euscion ait <quote>Cerberus forensis erat
causidicus</quote></p>
</div>
<div type="section" n="9"><head>IX<hi rend="super">*</hi></head>
<p><hi rend="italics">Fulgentius in expositione sermonum antiquorum 42 p. 565
Merceri:</hi> Ferculum dicitur missum carnium. Unde et Petronius Arbiter ait
<quote>postquam ferculum allatum est</quote></p>
</div>
<div type="section" n="10"><head>X<hi rend="super">*</hi></head>
<p><hi rend="italics">Fuigentius ibidem 46 p. 565:</hi> Valgia vero sunt labellorum
obtortiones in supinatione factae. Sicut et Petronius ait <quote>obtorto valgiter
labello</quote></p>
</div>
<div type="section" n="11"><head>XI<hi rend="super">*</hi></head>
<p><hi rend="italics">Fulgentius ibidem 52 p. 566:</hi> Alucinare dicitur vana somniari,
tractum ab alucitis, quos nos conopes dicimus. Sicut Petronius Arbiter ait
<quote>nam contubernalem alucitae molestabant</quote></p>
</div>
<pb id="p.330"/>
<div type="section" n="12"><head>XII<hi rend="super">*</hi></head>
<p><hi rend="italics">Fulgentius ibidem 60 p. 567:</hi> Manubiae dicuntur ornamenta
regum. Unde et Petronius Arbiter ait <quote>tot regum manubiae penes fugitivum
repertae</quote></p>
</div>
<div type="section" n="13"><head>XIII<hi rend="super">*</hi></head>
<p><hi rend="italics">Fulgentius ibidem 61 p. 567:</hi> Aumatium dicitur locum secretum
publicum sicut in theatris aut in circo. Unde et Petronius Arbiter ait <quote>in
aumatium memet ipsum conieci</quote></p>
</div>
<div type="section" n="14"><head>XIV</head>
<p><hi rend="italics">Isidorus originum V</hi> 26, 7: Dolus est mentis calliditas ab eo
quod deludat: aliud enim agit, aliud simulat. Petronius aliter existimat dicens
<quote>quid est, iudices, dolus? Nimirum ubi aliquid factum est quod legi dolet.
Habetis dolum: accipite nunc malum</quote></p>
</div>
<div type="section" n="15"><head>XV</head>
<p><hi rend="italics">Glossarium S. Dionysii:</hi> Petaurus genus ludi. Petronius
<quote>petauroque iubente modo superior.</quote></p>
</div>
<div type="section" n="16"><head>XVI</head>
<p>Petronius <quote>satis constaret eos nisi inclinatos non solere transire cryptam
Neapolitanam</quote><hi rend="italics">ex glossario S. Dionysii.</hi></p>
</div>
<div type="section" n="17"><head>XVII<hi rend="super">*</hi></head><note>Wrongly attributed to Petronius by Pithoeus through
misunderstanding a marginal note of Scaliger.</note>
<p>
<hi rend="italics">In alio glossario:</hi>
</p>
<quote rend="blockquote">
<l>Suppes suppumpis, hoc est supinis pedibus.</l>
<l>Tullia, media vel regia.</l>
</quote>
</div>
<pb id="p.332"/>
<div type="section" n="18"><head>XVIII<hi rend="super">*</hi></head>
<p><hi rend="italics">Nicotaus Perottus Cornu copiae p.</hi> 200, 26 <hi rend="italics"
>editionis Aldinae anni</hi> 1513: Cosmus etiam excellens unguentarius fuit, a
quo unguenta dicta sunt Cosmiana. idem <del><hi rend="italics">luvenalis</hi> 8, 86</del>
<quote>Cet Cosmi toto mergatur aheno.</quote> Petronius <quote>affer nobis,
inquit, alabastrum Cosmiani</quote></p>
</div>
<div type="section" n="19"><head>XIX</head>
<p>
<hi rend="italics">Terentianus Maurus de metris:</hi>
</p>
<quote rend="blockquote">
<l>Horatium videmus</l>
<l>versus tenoris huius</l>
<l>nusquam locasse iuges,</l>
<l>at Arbiter disertus</l>
<l>libris suis frequentat.</l>
<l>Agnoscere haec potestis,</l>
<l>cantare quae solemus:</l>
<l>“Memphitides puellae</l>
<l>sacris deum paratae.</l>
<l>Tinctus colore noctis</l>
<l>manu puer loquaci”</l>
</quote>
<note><hi rend="italics">Marius Victorinus III 17 (in Keilii grammaticis VIp.</hi> 138):
Huius tenoris ac formae quosdam, versus poetas lyricos carminibus suis indidisse
cognovimus, ut et apud Arbitrum invenimus, cuius exemplum
<quote rend="blockquote">
<l>“Memphitides puellae</l>
<l>sacris deum paratae.”</l>
<l>“Tinctus colore noctis</l>
<l>Aegyptias choreas”</l>
</quote></note>
</div>
<pb id="p.334"/>
<div type="section" n="20"><head>XX</head>
<p>
<hi rend="italics">Terentianus Maurus de metris:</hi>
</p>
<quote rend="blockquote">
<l>Nunc divisio, quam loquemur, edet</l>
<l>metrum, quo memorant Anacreonta</l>
<l>dulces composuisse cantilenas.</l>
<l>Hoc Petronius invenitur usus,</l>
<l>Musis cum lyricum refert eundem</l>
<l>consonantia verba cantitasse,</l>
<l>et plures alii. Sed iste versus</l>
<l>quali compositus tome sit, edam.</l>
<l>
<quote>Iuverunt segetes meum laborem.</quote>
</l>
<l><quote>Iuverunt</quote> caput est id hexametri—</l>
<l>quod restat <quote>segetes meum laborem,</quote></l>
<l>tale est ceu “triplici vides ut ortu</l>
<l>Triviae rotetur ignis</l>
<l>volucrique Phoebus axe</l>
<l>rapidum pererret orbem”</l>
</quote>
</div>
<div type="section" n="21"><head>XXI</head>
<p><hi rend="italics">Diomedes in arte IIIp. 518 Keilii:</hi> Et illud hinc est comma
quod Arbiter fecit tale</p>
<quote rend="blockquote">
<l>“Anus recocta vino</l>
<l>trementibus labellis”</l>
</quote>
</div>
<div type="section" n="22"><head>XXII</head>
<p><hi rend="italics">Servius in artem Donati p. 432,22 Keilii:</hi> Item Quirites dicit
numero tantum plurali. Sed legimus apud Horatium hunc Quiritem, ut sit nominativus
hic<pb id="p.336"/> Quiris. Item idem Horatius <quote>quis te
Quiritem?</quote> cuius nominativus erit hic Quirites, ut dicit Petronius</p>
<p><hi rend="italics">Pompeius in commento artis Donatip. 167,9 K:</hi> Nemo dicit
<quote>hic Quirites</quote> sed <quote>hi Quirites,</quote> licet legerimus hoc.
Legite in Petronio, et invenietis de nominativo singulari hoc factum. Et ait
Petronius <quote>hic Quirites</quote></p>
</div>
<div type="section" n="23"><head>XXIII</head>
<p><hi rend="italics">grammaticus de dubiis nominibus p.</hi> 578,23 <hi rend="italics"
>K:</hi> Fretum generis neutri et pluraliter freta, ut Petronius <quote>freta
Nereidum</quote></p>
</div>
<div type="section" n="24"><head>XXIV<hi rend="super">*</hi></head>
<p><milestone unit="section" n="19"/>
<hi rend="italics">Hieronymus in epistula ad
Demetriadem CXXX p.</hi> 995 <hi rend="italics">Vallarsii:</hi> Cincinnatulos
pueros et calamistratos et peregrini muris olentes pelliculas, de quibus illud
Arbitri est<quote rend="blockquote">
<l>
<quote>Non bene olet qui bene semper olet,</quote>
</l>
</quote> quasi quasdam pestes et venena pudicitiae virgo devitet</p>
</div>
<div type="section" n="25"><head>XXV<hi rend="super">*</hi></head>
<p><hi rend="italics">Fulgentius mythologiarum II 6 p. 80 de Prometheo:</hi> Quamvis
Nicagoras <gap/> quod vulturi iecur praebeat, livoris quasi pingat imaginem. Unde et
Petronius Arbiter ait<quote rend="blockquote">
<l>“qui voltur iecur intimum pererrat</l>
<l>et pectus trahit intimasque fibras,</l>
<l>non est quem lepidi vocant poetae,</l>
<l>sed cordis <hi rend="italics">mala,</hi> livor atque luxus”</l>
</quote></p>
</div>


</body></text></TEI>