<?xml version="1.0" encoding="UTF-8"?>
<?xml-model href="http://www.stoa.org/epidoc/schema/8.19/tei-epidoc.rng"
  schematypens="http://relaxng.org/ns/structure/1.0"?>
<?xml-model href="http://www.stoa.org/epidoc/schema/8.19/tei-epidoc.rng"
  schematypens="http://purl.oclc.org/dsdl/schematron"?>
<TEI xmlns="http://www.tei-c.org/ns/1.0">
  <teiHeader>
      <fileDesc>
         <titleStmt>
            <title>Apotheosis</title>
            <author>Prudentius</author>
	           <editor role="editor">H.J. Thomson</editor>
            <sponsor>Perseus Project, Tufts University</sponsor>
            <principal>Gregory Crane</principal>
            <respStmt>
               <resp>Prepared under the supervision of</resp>
               <name>Bridget Almas</name>
               <name>Lisa Cerrato</name>
               <name>Rashmi Singhal</name>
            </respStmt>
            <funder n="org:Mellon">The Mellon Foundation</funder>
         </titleStmt>
         <publicationStmt>
            <publisher>Trustees of Tufts University</publisher>
            <pubPlace>Medford, MA</pubPlace>
            <authority>Perseus Project</authority>
            <date type="release">2011-04-14</date>
         </publicationStmt>
         
         <sourceDesc>
            <biblStruct>
               <monogr>
                  <author>Prudentius</author>
                  <title>Prudentius, Vol 1</title>
                  <editor>H.J. Thomson</editor>
                  <imprint>
                     <pubPlace>London; Cambridge, Massachusetts</pubPlace>
                     <publisher>Heinemann; Harvard University Press</publisher>
                     <date>1949</date>
                  </imprint>
               </monogr>
            </biblStruct>
         </sourceDesc>
      </fileDesc>

    <encodingDesc>
      <refsDecl n="CTS">
          <cRefPattern n="line"
            matchPattern="(\w+).(\w+)"
            replacementPattern="#xpath(/tei:TEI/tei:text/tei:body/tei:div/tei:div[@n='$1']/tei:l[@n='$2'])">
            <p>This pointer pattern extracts line</p>
          </cRefPattern>
          <cRefPattern n="section"
            matchPattern="(\w+)"
            replacementPattern="#xpath(/tei:TEI/tei:text/tei:body/tei:div/tei:div[@n='$1'])">
            <p>This pointer pattern extracts line</p>
          </cRefPattern>
        </refsDecl>
         <refsDecl n="TEI.2">
            <refState unit="card"/>
         </refsDecl>
      </encodingDesc>

      <profileDesc>
         <langUsage>
	           <language ident="lat">Latin</language>
	           <language ident="grc">Greek</language>
         </langUsage>
      </profileDesc>

      <revisionDesc>
         <change who="Thibault Clerice" when="2015-11-18">Bumped URN after CTS and Epidoc conversion</change>
      </revisionDesc>
  </teiHeader>


   <text>
      <body>
         <div xml:lang="lat"
              type="edition"
              n="urn:cts:latinLit:stoa0238.stoa005.perseus-lat2">
            <pb n="p.116"/>

            <head>Apotheosis</head>
            <div type="textpart" n="1" subtype="section">
               <head>Hymnus de trinitate</head>
               <l n="1">Est tria summa Deus, trinum specimen, vigor unus.</l>
               <l n="2">corde Patris genita est Sapientia, Filius ipse est;</l>
               <l n="3">Sanctus ab aeterno subsistit Spiritus ore.</l>
               <l n="4">tempore nec senior Pater est, nec numine maior,</l>
               <l n="5">nam sapiens retro semper Deus edidit ex se, </l>
               <l n="6">per quod semper erat, gignenda ad saecula verbum,</l>
               <l n="7">edere sed verbum Patris est, at cetera verbi,</l>
               <l n="8">adsumptum gestare hominem, reparare peremptum,</l>
               <l n="9">conciliare Patri, dextraque in sede locare.</l>
               <l n="10">Spiritus ista Dei conplet, Deus ipse: fideles </l>
               <l n="11">in populos charisma suum diffundere promptus,</l>
               <l n="12">et patris et Christi virtutem in corpora transfert.</l>
            </div>

            <div type="textpart" n="2" subtype="section">
               <head>
                  <add>Praefatio</add>
               </head>
               <l n="1">Est vera secta? te, Magister, consulo</l>
               <l n="2">rectamne servamus fidem?</l>
               <l n="3">an viperina non cavemus dogmata,</l>
               <l n="4">et nescientes labimur?</l>
               <l n="5">artam salutis vix viam discernere est </l>
               <l n="6">inter reflexas semitas,</l>
               <l n="7">tam multa surgunt perfidorum conpeta</l>
               <l n="8">torris polita erroribus,</l>
               <pb n="p.118"/>
               <l n="9">obliqua sese conserunt divortia</l>
               <l n="10">hinc inde textis orbitis. </l>
               <l n="11">quas si quis errans ac vagus sectabitur,</l>
               <l n="12">rectum relinquens tramitem,</l>
               <l n="13">scrobis latentis pronus in foveam ruet,</l>
               <l n="14">quam fodit hostilis manus,</l>
               <l n="15">manus latronum, quae viantes obsidet </l>
               <l n="16">iter sequentes devium,</l>
               <l n="17">quid non libido mentis humanae struat?</l>
               <l n="18">quid non malorum pruriat?</l>
               <l n="19">statum lacessunt omnipotentis Dei</l>
               <l n="20">calumniosis litibus, </l>
               <l n="21">fidem minutis dissecant ambagibus</l>
               <l n="22">ut quisque lingua est nequior;</l>
               <l n="23">solvunt ligantque quaestionum vincula</l>
               <l n="24">per syllogismos plectiles.</l>
               <l n="25">vae captiosis sycophantarum strophis! </l>
               <l n="26">vae versipelli astutiae!</l>
               <l n="27">nodos tenaces recta rumpit regula,</l>
               <l n="28">infesta dissertantibus.</l>
               <l n="29">idcirco mundi stulta delegit Deus,</l>
               <l n="30">ut concidant sophistica, </l>
               <l n="31">deque inbecillis subiugavit fortia,</l>
               <l n="32">simplex ut esset credere,</l>
               <l n="33">lapis ecce nostro fixus offensaculo est,</l>
               <l n="34">inpingat in quem vanitas,</l>
               <l n="35">signum caventi, non caventi scandalum: </l>
               <l n="36">hunc sternit, illum dirigit,</l>
               <l n="37">dum plura temptat caecus incerto gradu,</l>
               <l n="38">incurrit id quod obvium est.</l>
               <l n="39">fax sola fidei est pracferenda gressibus,</l>
               <l n="40">ut recta sint vestigia. </l>
               <l n="41">quis in tenebris hostis errantes tamen</l>
               <l n="42">pulsat trahitque et proterit,</l>
               <pb n="p.120"/>
               <l n="43">qui sparsa ad ipsum conmeantum transitum</l>
               <l n="44">frumenta saevus devorat,</l>
               <l n="45">qui laeta Christi culta fur interpolat </l>
               <l n="46">addens avenas aemulas.</l>
               <l n="47">quas de veneni lacte in herbam fertiles</l>
               <l n="48">patitur colonus crescere,</l>
               <l n="49">ne forte culmum fibra inanis spiceum</l>
               <l n="50">simul revulsa internecet. </l>
               <l n="51">expectat ergo dum dolosa 1 et farrea</l>
               <l n="52">fervens coquat maturitas,</l>
               <l n="53">det ventilabro lecta quaeque ut horreis,</l>
               <l n="54">urat recrementum focis,</l>
               <l n="55">refert sed ipsa nosse, quae messem necant, </l>
               <l n="56">zizaniorum semina.</l>
            </div>

            <div type="textpart" n="3" subtype="section">
               <l n="1">Plurima sunt sed pauca loquar, ne dira relatu </l>
               <l n="2">dogmata catholicam maculent male prodita linguam, </l>
               <l n="3">ille Patrem pellens solio detrudit in artum</l>
               <l n="4">corporis humani gestamen, nec pavet ipsum</l>
               <l n="5">obiectare neci duroque adfigere ligno. </l>
               <l n="6">passibilisne Deus? cuius species et imago</l>
               <l n="7">nulli visa umquam: nec enim conprendier illa</l>
               <l n="8">maiestas facilis sensuve oculisve manuve.</l>
               <l n="9">Ioannis magni celebris sententia praesto est,</l>
               <l n="10">haud umquam testata Deum potuisse videri. </l>
               <l n="11">ille Pater, quem nulla acies violenta tuendo</l>
               <pb n="p.122"/>
               <l n="12">eminus ardentis penetravit acumine visus,</l>
               <l n="13">qui se forma hominis non induit, et Deitatis</l>
               <l n="14">inmensum adsumpto non temperat ore modove.</l>
               <l n="15">aut evangelici pietas spernenda libelli </l>
               <l n="16">iam, blaspheme, tibi est, aut numquam visa beati</l>
               <l n="17">vis intacta Patris, non admiscenda caducis.</l>
               <l n="18">sed tamen et Patris est specimen quod cernere fas sit,</l>
               <l n="19">humanis aliquando oculis concurrere promptum,</l>
               <l n="20">quod quamvis hebes intuitus speculamine glauco </l>
               <l n="21">umentique acie potuit nebulosus adire,</l>
               <l n="22">quisque hominum vidisse Deum memoratur, ab ipso</l>
               <l n="23">infusum vidit Gnatum; nam Filius hoc est,</l>
               <l n="24">quod de Patre micans se praestitit inspiciendum</l>
               <l n="25">per species quas possit homo conprendere visu. </l>
               <l n="26">nam mera maiestas est infinita, nec intrat</l>
               <l n="27">obtutus, aliquo ni se moderamine formet.</l>
               <l n="28">hoc vidit princeps generosi seminis Abram,</l>
               <l n="29">iam tunc dignati terras invisere Christi</l>
               <l n="30">hospes homo, in triplicem numen radiasse figuram. </l>
               <l n="31">hoc conluctantis tractarunt bracchia Iacob,</l>
               <l n="32">ipse dator legis divinae accedere coram</l>
               <l n="33">iussus, amicitiae conlato qui stetit ore</l>
               <l n="34">comminus et sacris coniunxit verba loquellis,</l>
               <l n="35">carnis in effigie Christum se cernere sensit. </l>
               <l n="36">sed maiora petens animum per vota tetendit</l>
               <l n="37">inconcessa homini, plusquam mortale laborans</l>
               <l n="38">ipsum, quantus erat, sine corpore visere Christum,</l>
               <l n="39">denique post multi sermonis mutua, postque</l>
               <l n="40">conspectum praesentis Eri et consortia longa, </l>
               <pb n="p.124"/>
               <l n="41">
                  <q>quaeso</q> ait <q>ut liceat te nune, Deus optime, nosse.</q>
               </l>
               <l n="42">respondit Dominus ‘mea, non me, eernere iustis</l>
               <l n="43">posteriora dabo.’ quid apertius, absque aliena</l>
               <l n="44">quam sumat faeie verbum non posse videri,</l>
               <l n="45">posse tamen, eum malit, idem numquam Patre viso </l>
               <l n="46">terrenis oeulis habitu se ostendere nostro,</l>
               <l n="47">saepe et in angelieas vel mortales moderatum</l>
               <l n="48">induci species, queat ut sub imagine eerni?</l>
               <l n="49">hoc verbum est quod vibratum Patris ore benigno</l>
               <l n="50">sumpsit virgineo fragilem de corpore formam. </l>
               <l n="51">inde figura hominis nondum sub carne Moysi</l>
               <l n="52">obieeta effigiem nostri signaverat oris,</l>
               <l n="53">quod quandoque Deus verbi virtute eoactum</l>
               <l n="54">sumpturus corpus faciem referebat eandem.</l>
               <l n="55">sed tamen et sentam visa est excita cremare </l>
               <l n="56">flamma rubum. Deus in spinis volitabat aeutis,</l>
               <l n="57">vulnificasque eomas innoxius ignis agebat,</l>
               <l n="58">esset ut exemplo Deus inlapsurus in artus</l>
               <l n="59">spiniferos, sudibus quos texunt crimina densis</l>
               <l n="60">et peccata malis hirsuta doloribus inplent. </l>
               <l n="61">inculto nam stirpe frutex vitiosus iniquis</l>
               <l n="62">luxuriam virgis inhonesto effundere suco</l>
               <l n="63">coeperat et nodos per acumina crebra ligabat.</l>
               <l n="64">cernere erat steriles subito splendescere frondes,</l>
               <l n="65">accensisque eitum foliis magno inpete late </l>
               <l n="66">conlucere Deum, nec spinea laedere texta,</l>
               <l n="67">lambere sanguineos fructus et poma eruenta,</l>
               <l n="68">stringere mortiferi vitalia germina ligni,</l>
               <l n="69">quandoquidem tristes purgantur sanguine eulpae,</l>
               <pb n="p.126"/>
               <l n="70">quem contorta rubus densis cruciatibus edit. </l>
               <l n="71">ergo nihil visum nisi quod sub carne videndum,</l>
               <l n="72">lumen imago Dei, verbum Deus et Deus ignis,</l>
               <l n="73">qui sentum nostri peccamen corporis inplet;</l>
               <l n="74">nam lucis genitor, verbi sator, auctor et ignis</l>
               <l n="75">creditur extra oculos, ut apostolus edocet auctor, </l>
               <l n="76">qui negat intuitu fontem Deitatis adiri,</l>
               <l n="77">credite, nemo deum vidit, mihi credite, nemo.</l>
               <l n="78">visibilis de fonte Deus, non ipse Dei fons</l>
               <l n="79">visibilis; cerni potis est qui nascitur, at non</l>
               <l n="80">innatus cerni potis est: latet os Patris illud </l>
               <l n="81">unde Deus qui visibilem se praestitit olim,</l>
               <l n="82">tale aliquid formans in sese quale secuta est</l>
               <l n="83">passio, quae corpus sibi vindicat; ardua nam vis</l>
               <l n="84">est inpassibilis, quoniam natura superni</l>
               <l n="85">ignis ad horrificas nescit descendere poenas, </l>
               <l n="86">nec capit humanis angoribus excruciari,</l>
               <l n="87">pura, serena, micans, liquido praelibera motu,</l>
               <l n="88">subdita nec cuiquam, dominatrix utpote rerum,</l>
               <l n="89">cui non principium de tempore, sed super omne</l>
               <l n="90">tempus et ante diem maiestas cum Patre summo, </l>
               <l n="91">immo animus Patris et ratio, via consiliorum,</l>
               <l n="92">quae non facta manu nec voce creata iubentis</l>
               <l n="93">protulit imperium patrio ructata profundo,</l>
               <l n="94">hanc igitur non flagra secant, non sputa salivis</l>
               <l n="95">aspergunt, alapis non vexat palma relisis, </l>
               <l n="96">nec perfossa cruci clavorum vulnera Agunt,</l>
               <l n="97">his adfecta caro est hominis, quam femina praegnans</l>
               <pb n="p.128"/>
               <l n="98">enixa est sub lege uteri, sine lege mariti.</l>
               <l n="99">ille famem patitur, fel potat et haurit acetum,</l>
               <l n="100">ille pavet mortis faciem, tremit ille dolorem. </l>
               <l n="101">dicite, sacrilegi doctores, qui Patre summo</l>
               <l n="102">desertum iacuisse thronum contenditis illo</l>
               <l n="103">tempore quo fragiles Deus est inlapsus in artus,</l>
               <l n="104">ergo Pater passus? quid non malus audeat error?</l>
               <l n="105">ipse puellari conceptus sanguine crevit? </l>
               <l n="106">ipse verecundae distendit virginis alvum?</l>
               <l n="107">et iam falsiloqua est divini pagina libri,</l>
               <l n="108">quae verbum in carnis loquitur fluxisse figuram?</l>
               <l n="109">at non, qui verbi Pater est, caro factus habetur.</l>
               <l n="110">fige gradum, Scriptura, tuum; nil mobile et anceps  </l>
               <l n="111">adfirmasse decet: Pater est, quem cernere nulli </l>
               <l n="112">est licitum; Pater est, qui numquam visus in orbe est,</l>
               <l n="113">nec mundana inter radiavit lumina coram.</l>
               <l n="114">verbum conspicuum misit, missumque recepit</l>
               <l n="115">cum voluit: verbo praestrinxit viscera purae </l>
               <l n="116">virginis, et verbo struxit puerilia membra,</l>
               <l n="117">ipse quidem in terris virtute et numine praesens</l>
               <l n="118">semper adest quocumque loci, nec pars vacat ulla</l>
               <l n="119">maiestate Patris; nusquam est genitor Deus absens,</l>
               <l n="120">per verbum sed semper adest; atque inde Philippo </l>
               <l n="121">Christus ait ‘tanto tecum iam tempore versor,</l>
               <l n="122">et Patrem te nosse negas, quem perspicis in me?’</l>
               <l n="123">est invisibilis donum Patris edere natum</l>
               <l n="124">visibilem, per quem valeat Pater ipse videri,</l>
               <l n="125">nec solis sanctorum oculis, sed lumine cassis </l>
               <pb n="p.130"/>
               <l n="126">caecorum; caecos loquor, atra socordia quorum</l>
               <l n="127">corde tenebroso verum perpendere nescit,</l>
               <l n="128">quem si perspicuum mortalibus infitiaris,</l>
               <l n="129">fare age, quem videat Babylonis ab arce tyrannus</l>
               <l n="130">innocuas inter flammas procul exspatiantem, </l>
               <l n="131">calcantem rapidos inadustis fratribus ignes,</l>
               <l n="132">nempe ait ‘o proceres, tris vasta incendia anhelis</l>
               <l n="133">accepere viros fornacibus; additus unus</l>
               <l n="134">ecce vaporiferos ridens intersecat ignes.</l>
               <l n="135">Filius ille Dei est; fateorque et victus adoro. </l>
               <l n="136">inrisas removete faces, taedasque tepentes</l>
               <l n="137">subtrahite; friget succensi sulpuris ardor.</l>
               <l n="138">Filius (haud dubium est) agit haec miracula rerum,</l>
               <l n="139">quem video, Deus ipse, Dei certissima proles,</l>
               <l n="140">imperat inmensis ardoribus et domat iras, </l>
               <l n="141">insultans famulante rogo, piceosque furores</l>
               <l n="142">conprimit et rabiem flammarum algescere cogit,</l>
               <l n="143">barbaricos calida aura sinus non tangere iussa</l>
               <l n="144">praeterit et tenues stridens transcurrit amictus,</l>
               <l n="145">ipse per Assyrios metuit vapor ire tiaras, </l>
               <l n="146">ne coma fusa umeris fumo obsordescat amaro.’</l>
               <l n="147">haec ait, et varios iubet obmutescere cantus,</l>
               <l n="148">organa, sambucas, citharas calamosque tubasque.</l>
               <l n="149">stulta superstitio tacuit, vox festa quievit,</l>
               <l n="150">quae male conspicuae celebrabat imaginis aurum. </l>
               <l n="151">carmina sanctorum resonant iam sola virorum</l>
               <l n="152">triplice concentu regem laudantia caeli,</l>
               <l n="153">qui mare, qui terras, qui lucida sidera fecit,</l>
               <pb n="p.132"/>
               <l n="154">ignibus et mediis securos texit alumnos.</l>
               <l n="155">semper in auxilium Sermo Patris omnipotentis </l>
               <l n="156">descendit servando homini, mortalia semper</l>
               <l n="157">admiscenda sibi proprio curavit amore,</l>
               <l n="158">ut socianda caro Dominoque inplenda perenni,</l>
               <l n="159">degenerem vitam quae tunc animalis agebat,</l>
               <l n="160">
                  <del>exemplo mutaret eri, similesque per artus</del> 1 </l>
               <l n="161">cernere consortem terreni adsuesceret oris,</l>
               <l n="162">participemque suum visu velut obside nosse,</l>
               <l n="163">et consanguineo paulatim accedere Christo.</l>
               <l n="164">ergo animalis homo quondam, nunc Spiritus illum</l>
               <l n="165">transtulit ad superi naturam seminis, ipsum </l>
               <l n="166">infundendo Deum mortalia vivificantem.</l>
               <l n="167">nunc nova materies solidata intercute flatu,</l>
               <l n="168">materies sed nostra tamen, de virgine tracta,</l>
               <l n="169">exuit antiquae conrupta exordia vitae,</l>
               <l n="170">inmortale bonum proprio spiramine sumens, </l>
               <l n="171">filius ille hominis, sed Filius ille Tonantis,</l>
               <l n="172">iam solus vultum Patris aspicit et videt ipsum.</l>
               <l n="173">nemo Patrem novit nisi Filius et cui monstrat</l>
               <l n="174">Filius, et nostri mediator et omnipotentis.</l>
               <l n="175">denique concludam brevis ut conpendia summae: </l>
               <l n="176">non Pater in carnem descendit, sed Patris arcem</l>
               <l n="177">sumpta caro ascendit, Natus per utrumque cucurrit.</l>
               <l n="178">Cede, profanator Christi, iam cede, Sabelli, </l>
               <l n="179">depositorque Patris Natique insane negator, </l>
               <l n="180">nonne Patrem violas dum Natum scire recusas? </l>
               <pb n="p.134"/>
               <l n="181">quandoquidem non est genitor, nisi filius extet,</l>
               <l n="182">nec vocitare patrem potis es quem germine fraudas,</l>
               <l n="183">sed fortasse velis patriae pietatis honore</l>
               <l n="184">despoliare Deum, contentus nomine nudo,</l>
               <l n="185">quod Deus est, adimasque decus Patris et generis vim. </l>
               <l n="186">ecquis in idolio recubans inter sacra mille</l>
               <l n="187">ridiculosque deos venerans sale, caespite, ture,</l>
               <l n="188">non putat esse deum summum et super omnia solum?</l>
               <l n="189">quamvis Saturnis Iunonibus et Cythereis,</l>
               <l n="190">portentisque aliis fumantes consecret aras, </l>
               <l n="191">attamen in caelum quotiens suspexit, in uno</l>
               <l n="192">constituit ius omne deo, cui serviat ingens</l>
               <l n="193">virtutum ratio variis instructa ministris,</l>
               <l n="194">quae gens tam stolida est animis, tam barbara linguis,</l>
               <l n="195">quaeve superstitio tam sordida, quae caniformem </l>
               <l n="196">latrantemque throno caeli praeponat Anubem?</l>
               <l n="197">nemo Cloacinae aut Eponae super astra deabus</l>
               <l n="198">dat solium, quamvis olidam persolvat acerram</l>
               <l n="199">sacrilegisque molam manibus rimetur et exta.</l>
               <l n="200">consule barbati deliramenta Platonis, </l>
               <l n="201">consule et hircosus Cynicus quos somniat et quos</l>
               <l n="202">texit Aristoteles torta vertigine nervos,</l>
               <l n="203">hos omnes quamvis anceps labyrinthus et error</l>
               <l n="204">circumflexus agat, quamvis promittere et ipsi</l>
               <l n="205">gallinam soleant aut gallum, clinicus ut se </l>
               <l n="206">dignetur praestare deus morientibus aequum,</l>
               <pb n="p.136"/>
               <l n="207">cum ventum tamen ad normam rationis et artis,</l>
               <l n="208">turbidulos sensus et litigiosa fragosis</l>
               <l n="209">argumenta modis concludunt numen in unum,</l>
               <l n="210">cuius ad arbitrium sphera mobilis atque rotunda </l>
               <l n="211">volvatur, serventque suos vaga sidera cursus,</l>
               <l n="212">non recipit natura hominis, modo quadrupes ille</l>
               <l n="213">non sit, et erecto spectet caelestia vultu,</l>
               <l n="214">non recipit neget ut regimen pollere supremum,</l>
               <l n="215">istud et ipse Numae tacitus sibi sensit haruspex, </l>
               <l n="216">semifer et Scottus sentit, cane milite peior,</l>
               <l n="217">sed nos qui Dominum libris et corpore iam bis</l>
               <l n="218">vidimus, ante fide, mox carne et sanguine 1 coram,</l>
               <l n="219">quique voluminibus vatum cruce teste probatis</l>
               <l n="220">rimantes digitos costarum in vulnera cruda </l>
               <l n="221">mersimus, et manuum visu dubitante lacunas</l>
               <l n="222">scrutati aeternum regem cognovimus Iesum,</l>
               <l n="223">abiurare Deo titulum nomenque paternum</l>
               <l n="224">credimus esse nefas, qui regem protulit ex se,</l>
               <l n="225">non regem populi Parthorum aut Romulidarum, </l>
               <l n="226">sed regem summae et mediae rationis et imae,</l>
               <l n="227">atque ideo rerum dominum et super omnia regem,</l>
               <l n="228">carnis habet medium, summum Patris, et Stygis imum.</l>
               <l n="229">defluit his gradibus rursusque revolvitur in se;</l>
               <l n="230">est Deus, est et homo; fit mortuus et Deus idem est. </l>
               <pb n="p.138"/>
               <l n="231">omnia percurrit naturae munia pronae,</l>
               <l n="232">ut sursum Patris in gremium replicata reportet</l>
               <l n="233">mortua quae fuerant, ipsos quoque subvehat artus,</l>
               <l n="234">haec fore cum veterum cecinissent organa vatum,</l>
               <l n="235">nos oculis, manibus, congressu, voce, loquella </l>
               <l n="236">experti, heroum tandem intelleximus orsa</l>
               <l n="237">priscorum et viso patefacta oracula Christo,</l>
               <l n="238">haec est nostra salus, hinc vivimus, hinc animamur.</l>
               <l n="239">hoc sequimur: numquam detracto nomine Nati</l>
               <l n="240">appellare Patrem, Patris et sine nomine numquam </l>
               <l n="241">Natum nosse Deum, numquam nisi Sanctus et unus</l>
               <l n="242">Spiritus intersit Natumque Patremque vocare;</l>
               <l n="243">sic tamen haec constare tria, ut ne separe ductu</l>
               <l n="244">tris faciam, tribus his subsistat sed Deus unus.</l>
               <l n="245">nec Pater ipse autem qui Filius, ut, quia natum </l>
               <l n="246">scimus ab innato, vere Pater et sata vere</l>
               <l n="247">sit suboles, nec sit genitor sibi Filius ipse.</l>
               <l n="248">perquam ridiculum est et futtile, natus ut ex se</l>
               <l n="249">sive supernatus 1 fuerit, sibi ipse repente</l>
               <l n="250">nascendi nova materies, ac se Deus ultro </l>
               <l n="251">ediderit natumque sibi se fecerit ipsum,</l>
               <l n="252">nil falsum aut mendax divina vocabula fingunt,</l>
               <l n="253">qui Pater est, gignendo Pater, tum Filius ex hoc</l>
               <l n="254">Filius, auctore genitus quod sit Patre summo,</l>
               <l n="255">summus et ipse tamen; nec enim minor aut Patre dispar.</l>
               <l n="256">unde in utroque operis forma indiscreta, nisi omnem </l>
               <pb n="p.140"/>
               <l n="257">vim maiestatis patriae generosus haberet</l>
               <l n="258">Filius, idque Deus genitor, quod Filius, esset?</l>
               <l n="259">pergunt ulterius scrutantes quid sit id ipsum</l>
               <l n="260">gignere, si fas est humanos tendere sensus </l>
               <l n="261">usque ad secretum, quod tempora cuncta diesque</l>
               <l n="262">praevenit antiquos, et principium super ipsum</l>
               <l n="263">eminet et, quodcumque potest homo quaerere, transit.</l>
               <l n="264">cum sit difficilis via noscere principiorum</l>
               <l n="265">semina, qui dabitur mortali exquirere quidnam </l>
               <l n="266">ultra principium Deus egerit, aut quo pacto</l>
               <l n="267">ediderit verbum, quod principio caret omni?</l>
               <l n="268">hoc solum scimus, quod traditur esse Deum, quem</l>
               <l n="269">non genitus genitor generaverit, unus</l>
               <l n="270">et unum, integer integrum, non coeptum sed tamen ortum, </l>
               <l n="271">et conperpetuum retro Patris et Patre natum,</l>
               <l n="272">sed nec decisus Pater est, ut pars Patris esset</l>
               <l n="273">Filius, extendens nec se substantia tractim</l>
               <l n="274">produxit minuitque aliquid de numine pleno,</l>
               <l n="275">dum mutata novum procudit portio Natum. </l>
               <l n="276">non convertibilis nec demutabilis umquam</l>
               <l n="277">est Deus aut gignendo aliquid sibi detrahit, atqui</l>
               <l n="278">totus et ex toto Deus est, de lumine lumen,</l>
               <l n="279">quando autem lumen sine lumine? quando refulgens</l>
               <l n="280">lux fulgore caret? quando est ut proditus ignis </l>
               <l n="281">ignem deminuat? quando Pater et Deus et lux</l>
               <l n="282">non lucis Deus et Pater est? qui, si Pater olim</l>
               <l n="283">non fuit, et serum genuit post tempora Natum,</l>
               <l n="284">fit novus, inque novum ius proficit, absit, ut umquam</l>
               <l n="285">plenus proficiat, qui non eget incremento. </l>
               <l n="286">et Deus et genitor lumenque et gloria semper</l>
               <pb n="p.142"/>
               <l n="287">ille fuit, nec post sibi contulit ut Pater esset,</l>
               <l n="288">sic fit ut aeternum credamus cum Patre Christum,</l>
               <l n="289">illo auctore satum, cui nullus praefuit auctor,</l>
               <l n="290">haec tu si dubitas Nati mysteria Christi, </l>
               <l n="291">perdite, catholica non es de plebe, sed unus</l>
               <l n="292">de grege turifero, venerator Deucalionum,</l>
               <l n="293">devotus cippo, ficulni stipitis unctor.</l>
               <l n="294">quin potius scrutare Dei signacula in ipso</l>
               <l n="295">fonte vetustatis, percurre scrinia primi </l>
               <l n="296">scriptoris, quem non bardus pater aut avus augur,</l>
               <l n="297">fabula nec veteris famae, nec garrula nutrix,</l>
               <l n="298">nec sago clangore loquax et stridula cornix</l>
               <l n="299">rem docuere Dei, sed coram proditus ipse,</l>
               <l n="300">ipse Deus trepidum mortalem mitis amico </l>
               <l n="301">inbuit adloquio seque ac sua summa retexit,</l>
               <l n="302">nimirum meminit scriptor doctissimus illo</l>
               <l n="303">orbis principio non solum nec sine Christo</l>
               <l n="304">informasse Patrem facturae plasma novellae.</l>
               <l n="305">
                  <q>fecit</q> ait ‘condens hominem Deus, et dedit olli </l>
               <l n="306">ora Dei.’ quidnam est aliud quam dicere ‘solus</l>
               <l n="307">non erat, atque Deo Deus adsistebat agenti,’</l>
               <l n="308">cum Dominus faceret Domini sub imagine plasma?</l>
               <l n="309">Christus forma Patris, nos Christi forma et imago;</l>
               <l n="310">condimur in faciem Domini bonitate paterna, </l>
               <l n="311">venturo in nostram faciem post saecula Christo,</l>
               <l n="312">possum multa sacris exempla excerpere libris,</l>
               <pb n="p.144"/>
               <l n="313">ni refugis, quae te doceant non in Patre solo</l>
               <l n="314">vim maiestatis positam, sed cum Patre Christum</l>
               <l n="315">esse Deum, velut illud ait genealogus idem: </l>
               <l n="316">
                  <q>a Domino Dominus flammam pluit in Sodomitas.</q>
               </l>
               <l n="317">quis Dominus, de quo Domino, si solus ab arce</l>
               <l n="318">siderea spectat Pater aut ardescit in iras?</l>
               <l n="319">Filius armatam Domini Patris ignibus iram</l>
               <l n="320">spargebat Dominus: sunt unum fulmen utraque. </l>
               <l n="321">Haec si Iudaicos sic intellecta rigassent</l>
               <l n="322">auditus stupidas ut possent 1 tangere fibras,</l>
               <l n="323">audissent Dominum virtutum, qui pereuntes</l>
               <l n="324">venerat ut servaret oves; sed ab auribus omnis</l>
               <l n="325">Fluxerat ornatus, caput et iam coctile Bahal </l>
               <l n="326">finxerat auriculasque suo spoliarat honore,</l>
               <l n="327">dux populi peccantis adest de monte corusci</l>
               <l n="328">luminis adloquioque Dei, tabulasque tremendo</l>
               <l n="329">incisas digito caeca ad tentoria defert,</l>
               <l n="330">sed cadit in faciem plebs non visura profundae </l>
               <l n="331">legis in effigie scriptum per enigmata Christum,</l>
               <l n="332">infelix, quae luce oculos praestricta paventes</l>
               <l n="333">texerit et presso faciem velarit amictu!</l>
               <l n="334">at nos reiecto Christum velamine coram</l>
               <l n="335">cernimus atque Deum vultu speculantur aperto, </l>
               <l n="336">nec sub lege gravi depressa fronte iacemus,</l>
               <l n="337">sed legis radium sublimi agnoscimus ore.</l>
               <l n="338">heu, frondosa prius ramis felicibus arbos,</l>
               <l n="339">pinguibus, heu, quondam radix oleagina bacis!</l>
               <l n="340">ecce tibi inserto revirescit nunc oleastro </l>
               <pb n="p.146"/>
               <l n="341">truncus et externi vestitur cortice libri,</l>
               <l n="342">iam miserere tui. non se silvestris olivi</l>
               <l n="343">surculus exultans alieno stipite iactat,</l>
               <l n="344">sed monet ut generis proprii memor unguine amaro</l>
               <l n="345">contristare comas desuescas, stirpe nec imo </l>
               <l n="346">invideas missis in celsa cacumina virgis,</l>
               <l n="347">blasphemas Dominum, gens ingratissima, Christum.</l>
               <l n="348">pascha tuum dic, dic, cuius de sanguine festum</l>
               <l n="349">tam sollemne tibi est? quis tandem caeditur agnus</l>
               <l n="350">anniculus? sacer ille tibi redeuntibus annis, </l>
               <l n="351">sed sacer in pecude. stultum est sic credere sacrum,</l>
               <l n="352">sanguine balantis summos contingere postes,</l>
               <l n="353">lascivire choris, similaginis azymon esse,</l>
               <l n="354">cum fermentati turgescant crimine mores,</l>
               <l n="355">non sapis, inprudens, nostrum te effingere pascha, </l>
               <l n="356">legis et antiquae praeductis pingere sulcis</l>
               <l n="357">omne sacramentum retinet quod passio vera,</l>
               <l n="358">passio, quae nostram defendit sanguine frontem</l>
               <l n="359">corporeamque domum signato conlinit ore?</l>
               <l n="360">hanc fugit exclusis Aegyptia plaga procellis, 1 </l>
               <l n="361">haec regis Pharii regnum ferale resolvit,</l>
               <l n="362">deque potestatis mundanae grandine densa</l>
               <l n="363">eripit Abraham cum stirpe et gente fideli.</l>
               <l n="364">Abrahae genus est verum, cui sanguis in ore</l>
               <l n="365">creditus inscriptusque rubet, cui visus in orbe </l>
               <l n="366">haud dubitante fide Deus est, Deus ex Patre verus.</l>
               <l n="367">ille Deum vidit, visum mox credidit: at tu,</l>
               <pb n="p.148"/>
               <l n="368">posteritas carnis, carnaliter omnia cernens,</l>
               <l n="369">carnis opus sub lege geris, quam spiritus inplet</l>
               <l n="370">interior; nec enim caelo lex carnea fluxit, </l>
               <l n="371">quam tu carne colis, sed Christo feta meamque</l>
               <l n="372">spem paritura utero, quam spem, nisi numinis almum</l>
               <l n="373">lumen et adventum Domini, quem viderat Abrae</l>
               <l n="374">prima fides, nostrisque Pater promiserat olim</l>
               <l n="375">perspiciendum oculis et legis voce probandum? </l>
               <l n="376">nec solum legis; nam quae iam littera Christum</l>
               <l n="377">non habet, aut quae non scriptorum armaria Christi</l>
               <l n="378">laude referta novis celebrant miracula libris?</l>
               <l n="379">Hebraeus pangit stilus, Attica copia pangit,</l>
               <l n="380">pangit et Ausoniae facundia tertia linguae, </l>
               <l n="381">Pilatus iubet ignorans ‘I, scriba, tripictis</l>
               <l n="382">digere versiculis quae sit subfixa potestas,</l>
               <l n="383">fronte crucis titulus sit triplex, triplice lingua</l>
               <l n="384">agnoscat Iudaea legens et Graecia norit</l>
               <l n="385">et venerata Deum percenseat aurea Roma.’</l>
               <l n="386">quidquid in aere cavo reboans tuba curva remugit,</l>
               <l n="387">quidquid ab arcano vomit ingens spiritus haustu,</l>
               <l n="388">quidquid casta chelys, quidquid testudo resultat,</l>
               <l n="389">organa disparibus calamis quod consona miscent,</l>
               <l n="390">aemula pastorum quod reddunt vocibus antra, </l>
               <l n="391">Christum concelebrat, Christum sonat, omnia Christum</l>
               <l n="392">muta etiam fidibus sanctis animata loquuntur,</l>
               <l n="393">o nomen praedulce mihi! lux et decus et spes</l>
               <pb n="p.150"/>
               <l n="394">praesidiumque meum, requies o certa laborum,</l>
               <l n="395">blandus in ore sapor, fragrans odor, inriguus fons, </l>
               <l n="396">castus amor, pulchra species, sincera voluptas!</l>
               <l n="397">si gens surda negat sibi tot praeconia de te,</l>
               <l n="398">tam multas rerum voces elementaque tantae</l>
               <l n="399">nuntia laetitiae stolidas intrare per aures,</l>
               <l n="400">audiat insanum bacchantis energima monstri, </l>
               <l n="401">quod rabidus clamat capta inter viscera daemon,</l>
               <l n="402">et credat miseranda suis. torquetur Apollo</l>
               <l n="403">nomine percussus Christi, nec fulmina Verbi</l>
               <l n="404">ferre potest; agitant miserum tot verbera linguae,</l>
               <l n="405">quot laudata Dei resonant miracula Christi. </l>
               <l n="406">intonat antistes Domini ‘fuge, callide serpens,</l>
               <l n="407">exue te membris, et spiras solve latentes,</l>
               <l n="408">mancipium Christi, fur corruptissime, vexas.</l>
               <l n="409">desine, Christus adest, humani corporis ultor:</l>
               <l n="410">non licet ut spolium rapias, cui Christus inhaesit. </l>
               <l n="411">pulsus abi, ventose liquor; Christus iubet, exi.’</l>
               <l n="412">has inter voces medias Cyllenius ardens</l>
               <l n="413">eiulat, et notos suspirat Iuppiter ignes,</l>
               <l n="414">ecce Gerasenos legio ruit effera porcos,</l>
               <l n="415">et post multiplices busti sub rupe catenas, </l>
               <l n="416">poenarum gemitus longis grunnitibus edit.</l>
               <l n="417">clamarat, sed ab ore hominis ‘cognoscimus, Iesu</l>
               <l n="418">nate Deo, nate sceptris et germine David,</l>
               <l n="419">quid sis, quid venias; qua nos virtute repellas</l>
               <l n="420">novimus, adventusque tui terrore iacemus.’</l>
               <l n="421">haec, Iudaea, tuas vox non pervenit ad aures?</l>
               <l n="422">pervenit, mentem sed non penetravit egenam</l>
               <l n="423">lucis, et a primis foribus disclusa refugit.</l>
               <pb n="p.152"/>
               <l n="424">audiit adventum Domini, quem solis Hiberi</l>
               <l n="425">vesper habet, roseos 1 et qui novus exeipit ortus. </l>
               <l n="426">laxavit Scythicas verbo penetrante pruinas</l>
               <l n="427">vox evangeliea, Hyreanas quoque fervida brumas</l>
               <l n="428">solvit, ut exutus glaeie iam mollior amnis</l>
               <l n="429">Caucasea de eote fluat Rhodopeius Hebrus,</l>
               <l n="430">mansuevere Getae, feritasque eruenta Geloni </l>
               <l n="431">laete mero sitiens exsanguia poeula miscet</l>
               <l n="432">libatura saeros Christi de sanguine potus, </l>
               <l n="433">novit et Atlantis pridem plaga perfida Mauri</l>
               <l n="434">dedere crinitos ad Christi altaria reges,</l>
               <l n="435">ex quo mortalem praestrinxit Spiritus alvum, </l>
               <l n="436">Spiritus ille Deus, Deus et se corpore matris</l>
               <l n="437">induit atque hominem de virginitate ereavit,</l>
               <l n="438">Delphica damnatis tacuerunt sortibus antra,</l>
               <l n="439">non tripodas eortina regit, 2 non spumat anhelus</l>
               <l n="440">fata Sibyllinis fanaticus edita libris, </l>
               <l n="441">perdidit insanos mendax Dodona vapores,</l>
               <l n="442">mortua iam mutae lugent oracula Cumae,</l>
               <l n="443">nec responsa refert Libyeis in Syrtibus Hammon.</l>
               <l n="444">ipsa suis Christum Capitolia Romula maerent</l>
               <l n="445">principibus lucere Deum, destructaque templa </l>
               <pb n="p.154"/>
               <l n="446">imperio cecidisse ducum, iam purpura supplex</l>
               <l n="447">sternitur Aeneadae rectoris ad atria Christi,</l>
               <l n="448">vexillumque crucis summus dominator adorat.</l>
               <l n="449">principibus tamen e cunctis non defuit unus</l>
               <l n="450">me puero, ut memini, ductor fortissimus armis, </l>
               <l n="451">conditor et legum, celeberrimus ore manuque,</l>
               <l n="452">consultor patriae, sed non consultor habendae</l>
               <l n="453">relligionis, amans ter centum milia divum.</l>
               <l n="454">perfidus ille Deo, quamvis non perfidus orbi,</l>
               <l n="455">augustum caput ante pedes curvare Minervae </l>
               <l n="456">fictilis et soleas Iunonis lambere, plantis</l>
               <l n="457">Herculis advolvi, genua incerare Dianae,</l>
               <l n="458">quin et Apollineo frontem submittere gypso</l>
               <l n="459">aut Pollucis equum suffire ardentibus extis.</l>
               <l n="460">forte litans Hecaten placabat sanguine multo; </l>
               <l n="461">pontificum festis ferienda securibus illic</l>
               <l n="462">agmina vaccarum steterant, vitulasque revincta</l>
               <l n="463">fronte coronatas umbrabat torta cupressus.</l>
               <l n="464">iamque insertato reserarat viscera cultro</l>
               <l n="465">vittatus de more senex manibusque cruentis </l>
               <l n="466">tractabat trepidas letali frigore fibras,</l>
               <l n="467">postremosque animae pulsus in corde tepenti</l>
               <l n="468">callidus interpres numeris et fine notabat:</l>
               <l n="469">cum subito exclamat media inter sacra sacerdos</l>
               <l n="470">pallidus ‘en quid ago? maius, rex optime, maius </l>
               <l n="471">numen nescio quod nostris intervenit aris</l>
               <l n="472">quam sufferre queant spumantia cymbia lacte,</l>
               <pb n="p.156"/>
               <l n="473">caesarum sanguis pecudum, verbena, coronae,</l>
               <l n="474">accitas video longe dispergier umbras,</l>
               <l n="475">territa Persephone vertit vestigia retro </l>
               <l n="476">extinctis facibus, tracto 1 fugitiva flagello,</l>
               <l n="477">nil agit arcanum murmur, nil Thessala prosunt</l>
               <l n="478">carmina, turbatos revocat nulla hostia manes,</l>
               <l n="479">nonne vides ut turibulis frigentibus ignis</l>
               <l n="480">marceat, ut canis pigrescat pruna favillis? </l>
               <l n="481">ecce Palatinus pateram retinere minister</l>
               <l n="482">non valet, elisa destillant balsama dextra,</l>
               <l n="483">flamen et ipse suas miratur vertice laurus</l>
               <l n="484">cedere, et incertum frustratur victima ferrum,</l>
               <l n="485">nescio quis certe subrepsit Christicolarum </l>
               <l n="486">hic iuvenum; genus hoc hominum tremit infula et omne</l>
               <l n="487">pulvinar divum, lotus procul absit et unctus;</l>
               <l n="488">pulchra reformatis redeat Proserpina sacris.’</l>
               <l n="489">dixit, et exsanguis conlabitur ac, velut ipsum</l>
               <l n="490">cerneret exerto minitantem fulmine Christum, </l>
               <l n="491">ipse quoque exanimis posito diademate princeps</l>
               <l n="492">pallet et adstantes circumspicit, ecquis alumnus</l>
               <l n="493">chrismatis inscripto signaret tempora ligno,</l>
               <l n="494">qui Zoroastreos turbasset fronte susurros.</l>
               <l n="495">armiger e cuneo puerorum flavicomantum, </l>
               <l n="496">purpurei custos lateris, deprenditur unus,</l>
               <pb n="p.158"/>
               <l n="497">nec negat, et gemino gemmata hastilia ferro</l>
               <l n="498">proicit ac signum Christi se ferre fatetur.</l>
               <l n="499">prosiluit pavidus deiecto antistite princeps</l>
               <l n="500">marmoreum fugiens nullo comitante sacellum, </l>
               <l n="501">dum tremefacta cohors dominique oblita supinas</l>
               <l n="502">erigit ad caelum facies atque invocat Iesum,</l>
               <l n="503">iamne piget facti? iam paenitet? en tibi Christum,</l>
               <l n="504">infelix Iudaea, Deum, qui sabbata solvens</l>
               <l n="505">terrea mortales aeterna in sabbata sumpsit, </l>
               <l n="506">gentibus emicuit, praefulsit regibus, orbem</l>
               <l n="507">possidet, imperii dominam sibi cedere 1 Romam</l>
               <l n="508">conpulit et simulacra deum Tarpeia subegit,</l>
               <l n="509">disce tuis, miseranda, malis, quo vindice tandem</l>
               <l n="510">vana superstitio lex et carnaliter acta </l>
               <l n="511">plectatur, cuius virtus te proterat ultrix.</l>
               <l n="512">destructone iacent Solomonia saxa metallo</l>
               <l n="513">aedificata manu? iacet illud nobile templum,</l>
               <l n="514">cur iacet? artificis quia dextra solubilis illud</l>
               <l n="515">caemcntum struxit resolubile; iure solutum est </l>
               <l n="516">et iacet, in nihilum quoniam redit omne politum.</l>
               <l n="517">quod fieri recipit, recipit quandoque perire,</l>
               <l n="518">si nostrum contra quod sit vis discere templum,</l>
               <l n="519">est illud quod nemo opifex fabriliter aptans</l>
               <l n="520">conposuit, quod nulla abies pinusve dolata </l>
               <l n="521">texuit, exciso quod numquam marmore crevit;</l>
               <l n="522">cuius onus nullis fultum sublime columnis</l>
               <l n="523">fornice curvato tenui super arte pependit,</l>
               <l n="524">sed verbo factum Domini; non voce sonora,</l>
               <l n="525">sed verbo, quod semper erat. verbum caro factum est. </l>
               <pb n="p.160"/>
               <l n="526">hoc templum aeternum est, hoc finem non habet, hoc tu</l>
               <l n="527">expugnare volens flagris, cruce, felle petisti,</l>
               <l n="528">destructum iacuit poenis vexantibus: esto,</l>
               <l n="529">matris enim ex utero quod destrueretur habebat,</l>
               <l n="530">sed quod morte brevi materna ex parte solutum est </l>
               <l n="531">maiestate Patris vivum lux tertia reddit,</l>
               <l n="532">vidisti angelicis comitatum coetibus alte</l>
               <l n="533">ire meum, cuius servor munimine, templum,</l>
               <l n="534">illius aeternae suspendunt culmina portae,</l>
               <l n="535">ac per inacccssas scalarum gloria turres </l>
               <l n="536">tollitur et gradibus lucet via candida summis,</l>
               <l n="537">at tua congcstae tumulant holocausta ruinae,</l>
               <l n="538">quid mereare Titus docuit, docuere rapinis</l>
               <l n="539">Pompeianae acies, quibus exstirpata per omnes</l>
               <l n="540">terrarum pelagique plagas tua membra feruntur. </l>
               <l n="541">exibis vagus huc illuc fluitantibus errat</l>
               <l n="542">Iudaeus, postquam patria de sede revulsus</l>
               <l n="543">supplicium pro caede luit, Christique negati</l>
               <l n="544">sanguine respersus commissa piacula solvit,</l>
               <l n="545">en quo priscorum virtus defluxit avorum!  </l>
               <l n="546">ervit ab antiquis dilapsa fidelibus heres</l>
               <l n="547">nobilitas, sed iam non nobilis; illa recentem</l>
               <l n="548">suspectat 1 captiva fidem, vis tanta novellae</l>
               <l n="549">credulitatis inest; Christum confessa triumphat</l>
               <l n="550">gens infida prius, Christi sed victa negatrix </l>
               <l n="551">subditur imperio dominos sortita fideles.</l>
               <pb n="p.162"/>
               <l n="552">Sunt qui Iudaico cognatum dogma furori</l>
               <l n="553">instituunt media Christum ratione secuti,</l>
               <l n="554">hoc tantum, quod verus homo est, at caelitus illum</l>
               <l n="555">adfirmant non esse Deum; pietate fatentur, </l>
               <l n="556">maiestate negant: morum pro laude sacratum</l>
               <l n="557">concelebrant, adimunt naturae summa supernae.</l>
               <l n="558">omne opus egregium, per quod sollertia pollens</l>
               <l n="559">emicat, ingenii est aut roboris: illud acuto</l>
               <l n="560">corde viget, duris excellit viribus istud. </l>
               <l n="561">mortale est sed utrumque homini; nam cana  senescunt</l>
               <l n="562">ingenia et validos consumunt saecla lacertos.</l>
               <l n="563">haec nos in Domini virtute et laude perenni</l>
               <l n="564">non sequimur: sequimur nullo quod semine terrae</l>
               <l n="565">germinat, inmundum quod non de labe virili </l>
               <l n="566">sumit principium; tener illum seminat ignis,</l>
               <l n="567">non caro nec sanguis patrius nec foeda voluptas,</l>
               <l n="568">intactam thalami virtus divina puellam</l>
               <l n="569">sincero adflatu per viscera casta maritat;</l>
               <l n="570">inconperta ortus novitas iubet ut Deus esse </l>
               <l n="571">credatur Christus sic conditus, innuba virgo</l>
               <l n="572">nubit spiritui, vitium nec sentit amoris,</l>
               <l n="573">pubertas signata manet; gravis intus et extra</l>
               <l n="574">incolumis, florens de fertilitate pudica,</l>
               <l n="575">iam mater, sed virgo tamen, maris inscia mater. </l>
               <l n="576">quid renuis? quid inane caput, non credule, quassas?</l>
               <l n="577">angelus hoc saneto fore nuntiat 1 ore: plaeetne</l>
               <l n="578">credere et angelicis aurem reserare loquellis?</l>
               <pb n="p.164"/>
               <l n="579">ipsa coruscantis monitum sacra virgo ministri</l>
               <l n="580">credidit atque ideo concepit credula Christum; </l>
               <l n="581">credentes nam Christus adit, dubitabile pectus</l>
               <l n="582">sub titubante fide refugo contemnit honore,</l>
               <l n="583">virginitas et prompta fides Christum bibit alvo</l>
               <l n="584">cordis et intactis condit paritura latebris,</l>
               <l n="585">crede quod emissus solio Patris angelus infit. </l>
               <l n="586">vel, si concretus liquidam de sidere vocem</l>
               <l n="587">non capit auditus, mulier quid coniuge praegnans</l>
               <l n="588">clamet anus credens et tandem sobrius audi.</l>
               <l n="589">mira fides! utero puer interceptus anili</l>
               <l n="590">virgineum Dominum materno ex ore salutat, </l>
               <l n="591">primus et infantem non natus nuntiat infans</l>
               <l n="592">iam nostrum; 1 vagire sibi nam pusio nondum</l>
               <l n="593">norat et ora Deo reserabat garrula Christo,</l>
               <l n="594">promite secretos fatus; date, pandite librum,</l>
               <l n="595">evomuit spirante Deo quem sanctus Esaias. </l>
               <l n="596">percensere libet calamique revolvere sulcos,</l>
               <l n="597">sidereis quos illa notis manus aurea duxit,</l>
               <l n="598">ite hinc, dum rutilos apices submissus adoro,</l>
               <l n="599">dum lacrimans veneror dumque oscula dulcia figo;</l>
               <l n="600">gaudia concipiunt lacrimas, dant gaudia fletum. </l>
               <l n="601">advenit promissa dies quam dixerat iste</l>
               <l n="602">adfore versiculus, cum virgo puerpera, teste</l>
               <l n="603">haud dubie sponso, pacti cui cura pudoris,</l>
               <l n="604">edidit, Emmanuelque meum me cernere fecit,</l>
               <l n="605">estne Deus iam noster? homo versatur et adstat </l>
               <l n="606">nobiscum nomenque probat versumque vetustis</l>
               <l n="607">obscurum saeclis praesenti inluminat ore.</l>
               <pb n="p.166"/>
               <l n="608">estne Deus, cuius cunas veneratus Eous</l>
               <l n="609">lancibus auratis regalia fercula supplex</l>
               <l n="610">virginis ad gremium pannis puerilibus offert? </l>
               <l n="611">quis tam pinnatus rapidoque simillimus austro</l>
               <l n="612">nuntius Aurorae populos atque ultima Bactra</l>
               <l n="613">attigit, inluxisse diem Iactantibus horis,</l>
               <l n="614">qua tener innupto penderet ab ubere Christus?</l>
               <l n="615">
                  <q>vidimus hunc </q> aiunt ‘puerum per sidera ferri, </l>
               <l n="616">et super antiquos signorum ardescere tractus.’</l>
               <l n="617">diriguit trepidans Chaldaeo in vertice pernox</l>
               <l n="618">astrologus, cessisse Anguem, fugisse Leonem,</l>
               <l n="619">contraxisse pedes lateris maneo ordine Cancrum,</l>
               <l n="620">cornibus infractis domitum mugire Iuvencum, </l>
               <l n="621">sidus et Hirquinum laceris marcescere villis,</l>
               <l n="622">labitur hinc pulsus Puer Hydrius, inde Sagittae,</l>
               <l n="623">palantes Geminos fuga separat, inproba Virgo</l>
               <l n="624">prodit amatores tacitos in fornice mundi,</l>
               <l n="625">quique alii horrificis pendent in nubibus ignes </l>
               <l n="626">Luciferum timuere novum: rota lurida solis</l>
               <l n="627">haeret, et excidium sentit iam iamque futurum,</l>
               <l n="628">seque die medio velandum 1 tegmine glauco,</l>
               <l n="629">splendoremque poli periturum nocte diurna</l>
               <l n="630">orbe repentinis caput obnubente tenebris. </l>
               <l n="631">hunc ego non cumulem myrrhaeque et turis et auri</l>
               <l n="632">muneribus? scio quem videam, quae dona rependam.</l>
               <l n="633">hunc ego non venerer, qui caelo visus humique</l>
               <l n="634">inventus rex atque Deus moderatur utrumque</l>
               <l n="635">naturae specimen, tumuloque inferna refringens </l>
               <pb n="p.168"/>
               <l n="636">regna insurgentes secum iubet ire sepultos?</l>
               <l n="637">caelum habitat, terris intervenit, abdita rumpit</l>
               <l n="638">Tartara, vera fides; Deus est, qui totus ubique est.</l>
               <l n="639">numquid vana viros aut mens aut lingua fefellit?</l>
               <l n="640">numquid fortuitis frustrantia dona dederunt </l>
               <l n="641">casibus aut caeco votum sub honore dicarunt?</l>
               <l n="642">quae porro causa aut ratio submittere colla</l>
               <l n="643">ante pedes Mariae puerique crepundia parvi,</l>
               <l n="644">si tantum mortalis erat, nec summa potestas</l>
               <l n="645">inplebat teneros divinis flatibus artus? </l>
               <l n="646">sed iam tolle magos, tus, aurum, myrrhea dona,</l>
               <l n="647">quae verum docuere Deum, praesepia, pannos,</l>
               <l n="648">matris adoratum gremium face sideris ardens:</l>
               <l n="649">ipsa Deum virtus factorum et mira loquantur,</l>
               <l n="650">insanos video subito mitescere ventos </l>
               <l n="651">cum iubeat Christus, video luctantia magnis</l>
               <l n="652">aequora turbinibus tranquillo marmore tendi</l>
               <l n="653">imperio Christi, video calcatus eundem</l>
               <l n="654">cum patitur gurges tergum solidante liquore.</l>
               <l n="655">ipse super fluidas plantis nitentibus undas </l>
               <l n="656">ambulat ac presso firmat vestigia fluctu,</l>
               <l n="657">increpat ipse notos, et flatibus otia mandat,</l>
               <l n="658">quis iubeat saevis aquilonibus ‘ite, silete</l>
               <l n="659">carceribus vestris amploque facessite ponto,’</l>
               <l n="660">sit nisi caelipotens aquilonum conditor idem? </l>
               <l n="661">ninguidus agnoscit Boreas atque imbrifer Eurus</l>
               <l n="662">nimborum dominum tempestatumque potentem,</l>
               <l n="663">excitamque hiemem verrunt vidente sereno,</l>
               <l n="664">quis pelagi calcarit aquas? quis per vada glauca</l>
               <l n="665">gressibus inpressis spatiatus triverit udum </l>
               <pb n="p.170"/>
               <l n="666">non submersus iter, sola pendulus et pede sicco,</l>
               <l n="667">aequoreae nisi factor aquae, qui Spiritus olim</l>
               <l n="668">ore superfusus patrio volitabat in undis</l>
               <l n="669">nondum discretis nec certo litore elausis?</l>
               <l n="670">sustinuit gressum Domini famulus liquor, ac se </l>
               <l n="671">mobilitate carens solidos substrinxit ad usus.</l>
               <l n="672">quid diversa Dei memorem facta inclyta Christi?</l>
               <l n="673">altius inspecta quae,1 maiestate negator,</l>
               <l n="674">haud dubitans hominem, tute ipse fatebere numen.</l>
               <l n="675">inlevit caecos oculos et lumina limo </l>
               <l n="676">reddidit umectam sacro sputamine terram</l>
               <l n="677">contrectans digitis: luteum medicamen operta</l>
               <l n="678">nox habuit, tenebras obducta uligo removit,</l>
               <l n="679">insuper ostendit quonam caligo lavacro</l>
               <l n="680">expurganda foret, variis Siloa refundit </l>
               <l n="681">momentis latices, nec fluctum semper anhelat,</l>
               <l n="682">sed vice distincta largos lacus accipit haustus.</l>
               <l n="683">agmina languentum sitiunt spem fontis avari,</l>
               <l n="684">membrorum maculas puro ablutura natatu.</l>
               <l n="685">certatim interea roranti pumice raucas </l>
               <l n="686">exspectant scatebras et sicco margine pendent,</l>
               <l n="687">hoc limum iubet inpositum de fonte lavari</l>
               <l n="688">Christus et infusa vultum splendescere luce.</l>
               <l n="689">norat enim limo sese informasse figuram</l>
               <l n="690">ante tenebrosam, proprii medicamen et oris </l>
               <l n="691">adiecisse novo, quem primum finxerat, Adae.</l>
               <l n="692">nam sine divino Domini perflamine summi</l>
               <l n="693">arida terra fuit, nulli prius apta medellae:</l>
               <l n="694">sed postquam liquidus caelesti Spiritus ore</l>
               <l n="695">virgineam respersit humum, medicabilis illa est. </l>
               <l n="696">inde trahit sucum lentoque umore salutem</l>
               <pb n="p.172"/>
               <l n="697">inlinit, infunditque diem baptismate lota.</l>
               <l n="698">caecus adest oculis iam Christi ex ore refectis</l>
               <l n="699">seque luto et nitidis lucem sumpsisse fluentis</l>
               <l n="700">clamat, et auctorem stupefacta per oppida monstrat, </l>
               <l n="701">auctorem lucis largitoremque dierum,</l>
               <l n="702">non dedignatum medicae purgamen aquai</l>
               <l n="703">corpore sub proprio monstrare errantibus aegris,</l>
               <l n="704">milibus ex multis paucissima quaeque retexam,</l>
               <l n="705">summatim relegam totus quae non capit orbis. </l>
               <l n="706">quinque in deserto panes iubet et duo pisces</l>
               <l n="707">adponi in pastum populis, qui forte magistrum</l>
               <l n="708">non revocante fame stipabant undique saeptum,</l>
               <l n="709">inmemoresque cibi vicos, castella, macellum,</l>
               <l n="710">oppida, mercatus et conciliabula et urbes </l>
               <l n="711">respuerant, largo contenti dogmate vesci,</l>
               <l n="712">multa virum strato fervent convivia faeno,</l>
               <l n="713">centenos simul accubitus iniere sodales,</l>
               <l n="714">seque per innumeras infundunt agmina mensas,</l>
               <l n="715">pisciculis—iam crede Deum—saturanda duobus </l>
               <l n="716">et paucis crescente cibo per fragmina crustis.</l>
               <l n="717">ambesis dapibus cumulatim aggesta redundant</l>
               <l n="718">fercula, bis senos micarum molibus inplent</l>
               <l n="719">post cenam cophinos; crudus conviva resudat</l>
               <l n="720">congeriem ventris, gemit et sub fasce minister. </l>
               <l n="721">quis cumulare potest epulas in grandia parvas?</l>
               <l n="722">quis, nisi qui corpus pastumque et corporis omnem</l>
               <l n="723">condens ex nihilo nulla existente creavit</l>
               <pb n="p.174"/>
               <l n="724">mundum materia? non sicut sculptor ab aeris</l>
               <l n="725">rudere decoctam consuescit vivere massam, </l>
               <l n="726">sed Deus omnipotens orbem sine semine finxit,</l>
               <l n="727">nil erat omne quod est: nil id procedere et esse</l>
               <l n="728">atque novum fieri, mox et grandescere iussum est.</l>
               <l n="729">parvum de nihilo primum fuit, addita parvo</l>
               <l n="730">incrementa modis auxerunt omnia plenis. </l>
               <l n="731">ergo ego, cum videam manibus sic crescere Christi</l>
               <l n="732">parva alimenta hominum, possum dubitare per ipsum</l>
               <l n="733">exiguas rerum species elementaque mundi</l>
               <l n="734">ex nihilo primum modica et mox grandia sensim</l>
               <l n="735">crevisse, ex modicis quae consummata videmus? </l>
               <l n="736">ac ne post hominum pastus calcata perirent,</l>
               <l n="737">neve relicta lupis aut vulpibus exiguisve</l>
               <l n="738">muribus in praedam nullo custode iacerent,</l>
               <l n="739">bis sex adpositi, cumulatim qui bona Christi</l>
               <l n="740">servarent gravidis procul ostentata canistris. </l>
               <l n="741">sed quid ego haec autem titubanti voce retexo,</l>
               <l n="742">indignus qui sancta canam? procede sepulcro,</l>
               <l n="743">Lazare, dic cuius vocem tellure sub ima</l>
               <l n="744">audieris, quae vis pcnetraverit abdita leti,</l>
               <l n="745">quod, cum te Christus penitus nigrante profundo </l>
               <l n="746">inmersum vocat ut redeas, ceu proximus audis,</l>
               <l n="747">nec remoratus ades? quae tam vicina Charybdis</l>
               <l n="748">regna tenebrarum tenui distantia fine</l>
               <l n="749">coniungit superis? ubi Taenara tristia vasto</l>
               <l n="750">in praeceps deiecta chao, latebrosus et ille </l>
               <pb n="p.176"/>
               <l n="751">amnis inexpletis volvens incendia ripis?</l>
               <l n="752">ante fores tumuli, quas saxa inmania duro</l>
               <l n="753">obice damnarant scopulis substructa cavatis,</l>
               <l n="754">stat Dominus nomenque ciet frigentis amici,</l>
               <l n="755">nec mora, funereus revolutis rupibus horror </l>
               <l n="756">evomit exequias gradiente cadavere vivas,</l>
               <l n="757">solvite iam laetae redolentia vincla, sorores,</l>
               <l n="758">solus odor sparsi spiramen aromatis efflat,</l>
               <l n="759">nec de corporeo nidorem sordida tabo</l>
               <l n="760">aura refert, oculos sanie stillante solutos </l>
               <l n="761">pristinus in speculum decor excitat, et putrefactas</l>
               <l n="762">tincta rubore genas paulatim purpura vestit,</l>
               <l n="763">quis potuit fluidis animam suffundere membris?</l>
               <l n="764">nimirum qui membra dedit, qui fictilis ulvae</l>
               <l n="765">perflavit venam madidam, cui tabida glaeba </l>
               <l n="766">traxit sanguineos infecto umore colores.</l>
               <l n="767">o mors auritis iam mitis legibus, o mors</l>
               <l n="768">surda prius, iam docta sequi quodcumque iubetur,</l>
               <l n="769">cui tantum de te licuit? convicta fatere</l>
               <l n="770">esse Deum, solus qui me tibi praeripit, Iesum. </l>
               <l n="771">abde negatores Christi, nemo invidet, abde;</l>
               <l n="772">utere sorte tua blasphemis nocte tenendis</l>
               <l n="773">perpetua, plebem iustorum capta resolve,</l>
               <l n="774">qui norunt hominem atque Deum sic dicere Christum</l>
               <l n="775">ut verus summusque Deus mortalia gestet. </l>
               <l n="776">ipse gerit quod struxit opus, nec ferre pudescit</l>
               <l n="777">factor quod peperit, corpus loquor atque animae vim.</l>
               <l n="778">finxerat hoc digitis, animam sufflaverat ore.</l>
               <pb n="p.178"/>
               <l n="779">totum hominem Deus adsumit, quia totus ab ipso est,</l>
               <l n="780">et totum redimit quem sumpserat, omne reducens, </l>
               <l n="781">quidquid homo est, istud tumulis, ast illud abysso.</l>
               <l n="782">Occurrit dubitans hic dissertator et illud</l>
               <l n="783">obicit, anne fides capit ut substantia flante</l>
               <l n="784">inspirata Deo cruciatum sentiat, utque</l>
               <l n="785">inferni petat ima poli barathroque coquatur? </l>
               <l n="786">crede animam non esse Deum, sed crede creatis</l>
               <l n="787">maiorem cunctis, ipsam quoque crede creatam,</l>
               <l n="788">formata est namque ore Dei, quae non erat ante,</l>
               <l n="789">sed formata habitu pulcherrima pictaque rebus</l>
               <l n="790">divinis, et plena Deo similisque creanti, </l>
               <l n="791">non tamen ipsa Deus, quoniam generatio non est,</l>
               <l n="792">sed factura Dei est; solus de corde Parentis</l>
               <l n="793">Filius emicuit; verus, verus 1 Deus ille.</l>
               <l n="794">conlatum est animae, subito ut, quae non erat, esset.</l>
               <l n="795">ille coaeternus Patris est et semper in ipso, </l>
               <l n="796">nec factus sed natus habet quodcumque paternum est,</l>
               <l n="797">haec similis velut umbra Dei est. sic ipse locutus</l>
               <l n="798">factor, utroque hominem meditans de Agmine iunctim</l>
               <l n="799">aedificare sui similem; sed non habet umbra</l>
               <l n="800">quod corpus solidum, cuius imitatio in umbra est, </l>
               <l n="801">atque aliud verum est, aliud simulatio veri.</l>
               <l n="802">est similis saeclis quod non consumitur ullis,</l>
               <l n="803">quod sapiens iustique capax reginaque rerum</l>
               <pb n="p.180"/>
               <l n="804">imperat, ante videt, perpendit, praecavet, infit,</l>
               <l n="805">verborum morumque opifex instructaque mille </l>
               <l n="806">artibus et caelum sensu percurrere docta,</l>
               <l n="807">his animam similem sibi conditor effigiavit,</l>
               <l n="808">cetera dissimilem: quippe hanc conprendere promptum est,</l>
               <l n="809">quam modus et species determinat, at Deus ingens</l>
               <l n="810">atque superfusus trans omnia nil habet in se </l>
               <l n="811">extremum, ut claudi valeat sensuve teneri,</l>
               <l n="812">inconprensa manet virtus, cui linea defit ultima, </l>
               <l n="813">quam spatium non mensurabile tendit,</l>
               <l n="814">ergo animam factam, magno et factore minorem</l>
               <l n="815">maioremque aliis atque omnibus imperitantem, </l>
               <l n="816">corruptela putris nascentem turbida carnis</l>
               <l n="817">concipit, ac membris tabentibus interfusam</l>
               <l n="818">participat de faece sua; fit mixta deinde</l>
               <l n="819">peccandi natura luto cum simplice flatu,</l>
               <l n="820">sed fortasse animam, Domini quia fluxit ab ore, </l>
               <l n="821">conpositam factamque neges, velut ipsa Dei pars,</l>
               <l n="822">quod dictu scelus est, taetras trahat oblita culpas</l>
               <l n="823">et pessum damnata ruens chaos intret opertum,</l>
               <l n="824">sit res illa Dei, non abnuo; pars tamen illa</l>
               <l n="825">haudquaquam dicenda Dei est, quae tempore coepit, </l>
               <l n="826">nec prior aut senior quam primum plasma putanda est.</l>
               <l n="827">tunc etenim factam video, cum cordis amici</l>
               <l n="828">intravit germana domum limique recentis</l>
               <l n="829">hospita et ipsa recens fraterna sedit in aula.</l>
               <l n="830">illa quidem flatus Domini est, sed spiritus et vis </l>
               <l n="831">non est plena Dei, tanto moderamine missa </l>
               <pb n="p.182"/>
               <l n="832">quanto flans voluit flandi servare tenorem.</l>
               <l n="833">est inpossibile spectare profunda Sabaoth,</l>
               <l n="834">sed speculum Deitatis homo est: in corpore discas</l>
               <l n="835">rem non corpoream sollers interprete Christo </l>
               <l n="836">qui Patrem proprium mortali in corpore monstrat,</l>
               <l n="837">perspice quam varios fundamus ab ore vapores,</l>
               <l n="838">spiramus quotiens animae sufflabilis auras,</l>
               <l n="839">nunc flatum tepidum calor exhalatus anhelat,</l>
               <l n="840">rorantes nebulas udis de faucibus efflans; </l>
               <l n="841">cum libet, in gelidum flabrali frigore ventum</l>
               <l n="842">spiritus existit tenuis et sibilat aer.</l>
               <l n="843">adde et distinctum quem musica tibia flatum</l>
               <l n="844">concipit: aut ille est presso modulamine parcus,</l>
               <l n="845">aut tumidum largo sublimat flamine bombum, </l>
               <l n="846">aut raucos frangit modulos, aut lene susurrat,</l>
               <l n="847">aut exile trahens sonitus producit acutos,</l>
               <l n="848">aut murmur tenerum sublidit voce minuta,</l>
               <l n="849">haec cum te videas mortali in corpore posse,</l>
               <l n="850">cur non aeternum potuisse infundere credas </l>
               <l n="851">qualem animam voluit? praescriptis quam quia condens</l>
               <l n="852">efflavit fuditque modis, sit facta necesse est.</l>
               <l n="853">denique multa sapit, sed non sapit omnia nostrae</l>
               <l n="854">vis animae, certum sapere ac praenoscere iussa.</l>
               <l n="855">iam cui certus inest modus et cui nosse negatum est </l>
               <l n="856">omnia, factura est; nam condita et aucta probatur,</l>
               <l n="857">collige de simili, sitne haec factura, creavit</l>
               <l n="858">nempe manus Domini corpus mortale lutumque</l>
               <l n="859">conposuit digitis, numquid manus articulatim</l>
               <l n="860">est digesta Dei? numquid vola? numquid et ungues </l>
               <pb n="p.184"/>
               <l n="861">claudere flexibiles patulam seu tendere palmam?</l>
               <l n="862">ista figura manus nostrae est, quam non habet in se</l>
               <l n="863">incircumscriptus Dominus; sed tradita forma est</l>
               <l n="864">humanis quae nota animis daret intellectum, 1</l>
               <l n="865">ut per corpoream speciem plasmasse feratur </l>
               <l n="866">corporis effigiem. 1 sic est plasmata vicissim</l>
               <l n="867">flatu incorporeo res flabilis, oris et esse</l>
               <l n="868">fertur opus, tenuis per quod constructa refulsit</l>
               <l n="869">forma animae atque rudi factam se munere sensit.</l>
               <l n="870">si non est factura manus caro nostra, nec oris </l>
               <l n="871">est factura anima, flatu et spiramine coepta</l>
               <l n="872">inque locum deducta aliquem; namque omne quod hora</l>
               <l n="873">natalis profert, locus accipit; et locus ullus</l>
               <l n="874">quod cohibere potest, modicum est, nec in omnia fusum;</l>
               <l n="875">et quod tam modicum est ut certa sede locetur </l>
               <l n="876">iam titubare potest; et quod titubaverit intra</l>
               <l n="877">naturam vitii est; vitiosum denique tristem</l>
               <l n="878">reccidit in poenam: Deus hoc, mihi credite, non est.</l>
               <l n="879">aut, si maiestas animae est, ostendite quid sit</l>
               <l n="880">quod lapsam Christique inopem nova gratia inundat, </l>
               <l n="881">Spiritus et Sanctus baptismate iustificatam</l>
               <l n="882">nobilitat, famulaeque decus, quod defuit, addit,</l>
               <l n="883">quod quia praestatur meritis mentisque negatur,</l>
               <l n="884">absurde fertur Deus aut pars esse Dei, quae</l>
               <l n="885">divinum summumque bonum de fonte perenni </l>
               <l n="886">nunc bibit obsequio, nunc culpa aut crimine perdit,</l>
               <pb n="p.186"/>
               <l n="887">et modo supplicium recipit, modo libera calcat,</l>
               <l n="888">miraris peccare animam, quae carne coactam</l>
               <l n="889">sortita est habitare domum, cum peccet et ipse</l>
               <l n="890">angelus, hospitium qui nescit adire caducum </l>
               <l n="891">cratis tabifluae? peccat quia factus et ipse est,</l>
               <l n="892">non genitus: quocumque modo sit factus, id unus</l>
               <l n="893">scit factor Dominus: factum mihi credere sat sit.</l>
               <l n="894">solus labe caret peccati conditor orbis,</l>
               <l n="895">ingenitus 1 genitusque Deus, Pater et Patre natus, </l>
               <l n="896">solus et exceptus tormentum admittere triste</l>
               <l n="897">inviolatus agit, nec quidquam sentit acerbi,</l>
               <l n="898">exsortem dic esse animam crucis atque doloris,</l>
               <l n="899">si culpae inmunem vacuamque a crimine nosti,</l>
               <l n="900">quae peccare valet, valet et succumbere poenae. </l>
               <l n="901">ipsa quidem sincera fuit dum conditur olim,</l>
               <l n="902">quae collata rudem fecit viviscere limum,</l>
               <l n="903">utpote de liquido naturae semine primos</l>
               <l n="904">accipiens habitus superoque expressa sereno,</l>
               <l n="905">sed mox, ut gravido iussa est innectier arvo, </l>
               <l n="906">suavibus inlecebris nimium blandita refrixit</l>
               <l n="907">deque volutabris pretiosum polluit ignem,</l>
               <l n="908">dum transgressa Dei positum fas inproba calcat,</l>
               <l n="909">haec prima est natura animae, sic condita simplex</l>
               <l n="910">decidit in vitium per sordida foedera carnis, </l>
               <l n="911">exim tincta malo peccamine principis Adae</l>
               <l n="912">infecit genus omne hominum quod pullulat inde,</l>
               <l n="913">et tenet ingenitas animarum infantia in ortu</l>
               <l n="914">primi hominis maculas, nec quisquam nascitur insons.</l>
               <l n="915">vitandus tamen error erit, ne traduce carnis </l>
               <l n="916">transfundi in subolem credatur fons animarum</l>
               <pb n="p.188"/>
               <l n="917">sanguinis exemplo, cui texta propagine vena est.</l>
               <l n="918">non animas animae pariunt, sed lege latent!</l>
               <l n="919">fundit opus natura suum, quo parvula anhelent</l>
               <l n="920">vaseula vitalisque adsit scintilla coactis. </l>
               <l n="921">quae quamvis infusa novum penetret nova semper</l>
               <l n="922">figmentum, vetus illa tamen de crimine avorum</l>
               <l n="923">dicitur, inloto quoniam concreta veterno est.</l>
               <l n="924">inde secunda redit generatio et inde lavatur</l>
               <l n="925">naturae inluvies, iterumque renaseimur intus </l>
               <l n="926">perfusi, ut veterem splendens anima exuat Adam.</l>
               <l n="927">quae quia materiam peccati ex fomite carnis</l>
               <l n="928">consociata trahit, nec non simul ipsa sodali</l>
               <l n="929">est incentivum peccaminis, inplicat ambas</l>
               <l n="930">vindex poena reas peccantes mente sub una, </l>
               <l n="931">peccandique cremat socias cruciatibus aequis,</l>
               <l n="932">his crucibus Christus nos liberat incorruptae</l>
               <l n="933">matris et innocui gestator corporis unus.</l>
               <l n="934">naturam poenae expositam, sed non vitiorum</l>
               <l n="935">naturam expositam contactibus induit Iesus, </l>
               <l n="936">atque ideo poenae nil debuit intemeratus,</l>
               <l n="937">fraude carens, omni culparum aspergine liber.1</l>
               <l n="938">quid Christi in membris peccati saeva satelles </l>
               <l n="939">poena ageret? quid mors hominis sine crimine posset?</l>
               <l n="940">nimirum cassis conatibus et sine nervis </l>
               <l n="941">conciderent steriles peccati fomite nullo.</l>
               <l n="942">mors alitur culpa; culpam qui non habet, ipso</l>
               <l n="943">pastus defectu mortem consumit inanem.</l>
               <l n="944">sie mors in Domini consumpta est corpore Christi,</l>
               <l n="945">sic periit, solitum dum non habet arida pastum. </l>
               <pb n="p.190"/>
               <l n="946">suspice quapropter solum inculpabile numen,</l>
               <l n="947">virtutem 1 Patris et Christi, et iam desine nostrae</l>
               <l n="948">invidiam conflare animae, quod sit Deus aut quod</l>
               <l n="949">portio parva Dei, cum Christo abscidere quidquam</l>
               <l n="950">et resecare Deo partem vel carpere tantum </l>
               <l n="951">numen non liceat, plenum sibi semper et in se.</l>
               <l n="952">Est operae pretium nebulosi dogmatis umbram</l>
               <l n="953">prodere, quam tenues atomi conpage minuta</l>
               <l n="954">instituunt, sed cassa cadit ventoque liquescit</l>
               <l n="955">adsimilis, fluxu nec se sustentat inani. </l>
               <l n="956">aërium Manichacus ait sine corpore vero</l>
               <l n="957">pervolitasse Deum, mendax phantasma cavamque</l>
               <l n="958">corporis effigiem, nil contrectabile habentem,</l>
               <l n="959">ac primum specta an deceat quidquam simulatum</l>
               <l n="960">adsignare Deo, cuius mera gloria falsi </l>
               <l n="961">nil recipit, membris hic se fallacibus aptans</l>
               <l n="962">fingeret esse hominem ventosa subdolus arte,</l>
               <l n="963">mentitus totiens, cum diceret ‘inveteratis</l>
               <l n="964">do veniam morbis, simul et peccata remitto:</l>
               <l n="965">Filius est hominis, pestem qui pellere carnis </l>
               <l n="966">et scelerum nexus laxare ac solvere possit:</l>
               <l n="967">surge valens, surge innocuus, iam tolle grabatum:</l>
               <l n="968">Filius hoc hominis iubeo?’ dignusne videtur</l>
               <l n="969">qui testis sibi sit seque ac sua carnea norit?</l>
               <l n="970">quid? cum discipulos, hominis quid Filius esset </l>
               <l n="971">passurus, fido iam praescius ore monebat,</l>
               <l n="972">nonne fatebatur se cum virtute paterna</l>
               <pb n="p.192"/>
               <l n="973">esse hominem verum? quod si non credo, fefellit,</l>
               <l n="974">si natura Dei quae sit, Manichaee, requiris,</l>
               <l n="975">omne quod est, verum est. nam si mendosus agit quid, </l>
               <l n="976">nec Deus est: mendum divinus non capit usus.</l>
               <l n="977">obicis aeterno Domino quod lubricus ad nos</l>
               <l n="978">venerit, adsimulans aliud quam verus habebat,</l>
               <l n="979">obmutesce, furor; linguam, canis inprobe, morde</l>
               <l n="980">ipse tuam, lacero consumens verba palato. </l>
               <l n="981">latranti obsistit Mattheus rabiemque refellit,</l>
               <l n="982">qui notat omne genus carnalis stirpis ad usque</l>
               <l n="983">corporeum Christum, per sex septena virorum</l>
               <l n="984">nomina descendens et venam sanguinis alti</l>
               <l n="985">ex atavis longo texens per stemmata filo. </l>
               <l n="986">septimus hebdomadi venit superaddere sextae</l>
               <l n="987">hunc numerum Christus, placidum qui conficit annum</l>
               <l n="988">cuncta remittentem contractibus inlaqueata</l>
               <l n="989">multimodis, hominemque hominis de morte levantem,</l>
               <l n="990">inperfectus enim limus mortalis erat tunc: </l>
               <l n="991">vir solus perfectus adest atque integer Iesus,</l>
               <l n="992">cui nihil ex septem septenis defuit, ex quo</l>
               <l n="993">perficeret mortale genus virtute perenni.</l>
               <l n="994">hic ille est nobis qui septima sabbata conplet,</l>
               <l n="995">ut caro nostra Deo tandem sociata quiescat, </l>
               <l n="996">quam bis terna malis vexabant sabbata noxis.</l>
               <l n="997">curramus notis gradibus regumque sequamur</l>
               <l n="998">progeniem: Christum invenies de carne parentum</l>
               <l n="999">effluxisse hominum, qui sit de semine David,</l>
               <l n="1000">stirpe recensita numerandus sanguinis heres. </l>
               <l n="1001">quid? cum sanctiloquus revoluto germine Lucas</l>
               <pb n="p.194"/>
               <l n="1002">sursum versus agit seriem, scandente nepotis</l>
               <l n="1003">corpore perque atavos cursum relegente vetustos,</l>
               <l n="1004">septenos decies conscendit Christus in ortus</l>
               <l n="1005">et duo (nam totidem doctores misit in orbem); </l>
               <l n="1006">descensos nascendo gradus redeundo retexit</l>
               <l n="1007">actus ad usque apicem terreni corporis Adam.</l>
               <l n="1008">inde parens Deitas recipit sua nostraque mixtim,</l>
               <l n="1009">fitque Dei summi per Christum filius Adam.</l>
               <l n="1010">restat ut aeriam fingas ab origine gentem, </l>
               <l n="1011">aërios proceres, Levi, Iudam, Simeonem,</l>
               <l n="1012">aërium David, magnorum corpora regum</l>
               <l n="1013">aëria, atque ipsam fecundae virginis alvum</l>
               <l n="1014">aëre fallaci nebulisque et nube tumentem;</l>
               <l n="1015">vanescat sanguis perflabilis, ossa liquescant </l>
               <l n="1016">mollia, nervorum pereat textura volantum;</l>
               <l n="1017">omne quod est gestum notus auferat inritus, aurae</l>
               <l n="1018">dispergant tenues, sit fabula quod sumus omnes,</l>
               <l n="1019">et quid agit Christus si me non suscipit? aut quem</l>
               <l n="1020">liberat infirmum si dedignatur adire </l>
               <l n="1021">carnis onus manuumque horret monumenta suarum?</l>
               <l n="1022">indignumne putat luteum consciscere corpus,</l>
               <l n="1023">qui non indignum quondam sibi credidit ipsum</l>
               <l n="1024">pertrectare lutum, cum vas conponeret arvo</l>
               <l n="1025">nondum viscereo, sed inertis glutine limi </l>
               <l n="1026">inpressoque putres sub pollice duceret artus?</l>
               <l n="1027">tantus amor terrae, tanta est dilectio nostri,</l>
               <l n="1028">dignatur praepinguis humi conprendere mollem</l>
               <l n="1029">divinis glaebam digitis, nec sordida censet</l>
               <pb n="p.196"/>
               <l n="1030">haerentis massae contagia, iusserat ut lux </l>
               <l n="1031">confieret, facta est ut iusserat; omnia iussu</l>
               <l n="1032">imperitante novas traxerunt edita formas:</l>
               <l n="1033">solus homo emeruit Domini formabile dextra</l>
               <l n="1034">os capere, et fabro Deitatis Agmine nasci,</l>
               <l n="1035">quorsum igitur limo tanta indulgentia nostro </l>
               <l n="1036">contigit, ut Domini manibus tractatus honora</l>
               <l n="1037">arte sacer fieret, tactu iam nobilis ipso?</l>
               <l n="1038">decrerat quoniam Christum Deus incorrupto</l>
               <l n="1039">admiscere solo, sanctis quod fingere vellet</l>
               <l n="1040">dignum habuit digitis et carum condere pignus. </l>
               <l n="1041">destituit natura quidem destructa coactae</l>
               <l n="1042">telluris formam, mortique obnoxia cessit:</l>
               <l n="1043">sed natura Dei numquam solvenda caducam</l>
               <l n="1044">tellurem nostro vitiatam primitus usu</l>
               <l n="1045">esse suam voluit, ne iam vitiabilis esset. </l>
               <l n="1046">Christus nostra caro est: mihi solvitur et mihi surgit;</l>
               <l n="1047">solvor morte mea, Christi virtute resurgo.</l>
               <l n="1048">cum moritur Christus, cum flebiliter tumulatur,</l>
               <l n="1049">me video: e tumulo cum iam remeabilis adstat,</l>
               <l n="1050">cerno Deum. si membrorum phantasma meorum est, </l>
               <l n="1051">et phantasma Dei est; mendax in utroque necesse est</l>
               <l n="1052">sit Christus, specie si Christus fallere novit.</l>
               <l n="1053">si non verus homo est, quem mors hominem probat ipsa,</l>
               <l n="1054">nec verus Deus est, operis quem gloria prodit</l>
               <l n="1055">esse Deum. vel crede mori, vel adesse refelle, </l>
               <l n="1056">et gemina verum Christum ratione negato.</l>
               <l n="1057">nam quid magnificum, si non est mortuus Iesus,</l>
               <l n="1058">et redit? illa Dei virtus memorabilis est, ut</l>
               <pb n="p.198"/>
               <l n="1059">occisus redeat superis surgatque sepultus.</l>
               <l n="1060">quisque Deum Christum vult dicere, dicat eundem </l>
               <l n="1061">esse hominem, ne maiestas sua fortia perdat.</l>
               <l n="1062">Nosco meum in Christo corpus consurgere. quid me</l>
               <l n="1063">desperare iubes? veniam quibus ille revenit</l>
               <l n="1064">calcata de morte viis: quod credimus, hoc est.</l>
               <l n="1065">et totus veniam; nec enim minor aut alius quam </l>
               <l n="1066">nunc sum restituar. vultus, vigor et color idem,</l>
               <l n="1067">qui modo vivit, erit, nec me vel dente vel ungue</l>
               <l n="1068">fraudatum revomet patefacti fossa sepulcri.</l>
               <l n="1069">qui iubet ut redeam, non reddet debile quidquam;</l>
               <l n="1070">nam si debilitas redit, instauratio non est. </l>
               <l n="1071">quod casus rapuit, quod morbus, quod dolor hausit,</l>
               <l n="1072">quod truncavit edax senium populante veterno,</l>
               <l n="1073">omne revertenti reparata in membra redibit.</l>
               <l n="1074">debet enim mors victa fidem, ne fraude sepulcri</l>
               <l n="1075">reddat curtum aliquid, quamvis iam curta vorarit </l>
               <l n="1076">corpora; debilitas tamen et violentia morbi</l>
               <l n="1077">virtus mortis erat: reddet quod particulatim</l>
               <l n="1078">sorbuerat quocumque modo, ne mortuus omnis</l>
               <l n="1079">non redeat, si quid pleno de corpore desit,</l>
               <l n="1080">pellite corde metum, mea membra, et credite vosmet </l>
               <l n="1081">cum Christo reditura Deo; nam vos gerit ille</l>
               <l n="1082">et secum revocat, morbos ridete minaces,</l>
               <l n="1083">inflictos casus contemnite, taetra sepulcra</l>
               <l n="1084">despuite; exsurgens quo Christus provocat, ite.</l>
            </div>
         </div>
      </body>
   </text>
</TEI>
