<?xml version="1.0" encoding="UTF-8"?>
<?xml-model href="http://www.stoa.org/epidoc/schema/8.19/tei-epidoc.rng"
  schematypens="http://relaxng.org/ns/structure/1.0"?>
<?xml-model href="http://www.stoa.org/epidoc/schema/8.19/tei-epidoc.rng"
  schematypens="http://purl.oclc.org/dsdl/schematron"?>
<TEI xmlns="http://www.tei-c.org/ns/1.0">
  <teiHeader>
      <fileDesc>
         <titleStmt>
            <title>Carmen Saeculare</title>
            <author>Q. Horatius Flaccus (Horace)</author>
            <editor role="editor">Paul Shorey</editor>
            <sponsor>Perseus Project, Tufts University</sponsor>
            <principal>Gregory Crane</principal>
            <respStmt>
               <resp>Prepared under the supervision of</resp>
               <name>Bridget Almas</name>
               <name>Lisa Cerrato</name>
               <name>Rashmi Singhal</name>
            </respStmt>
            <funder n="org:Mellon">The Mellon Foundation</funder>
         </titleStmt>
         <publicationStmt>
              <publisher>Trustees of Tufts University</publisher>
              <pubPlace>Medford, MA</pubPlace>
              <authority>Perseus Project</authority>
            <date type="release">2011-04-14</date>
           </publicationStmt>
         <sourceDesc>
            <biblStruct>
               <monogr>
                  <author>Q. Horatius Flaccus (Horace)</author>
                  <title>Horace Odes and Epodes</title>
                  <editor role="editor">Paul Shorey</editor>
                  <imprint>
                     <pubPlace>Boston</pubPlace>
                     <publisher>Benj. H. Sanborn &amp; Co.</publisher>
                     <date>1898</date>
                  </imprint>
               </monogr>
            </biblStruct>
         </sourceDesc>
      </fileDesc>

      <encodingDesc>
         <refsDecl n="TEI.2">
            <refState unit="poem"/>
            <refState unit="line"/>
         </refsDecl>
          <refsDecl n="CTS">
           <cRefPattern 
             n="line"
             matchPattern="(.+)"
             replacementPattern="#xpath(/tei:TEI/tei:text/tei:body/tei:div/tei:div/tei:l[@n='$1'])">
            <p>This pointer pattern extracts book and line</p>
           </cRefPattern>
          </refsDecl>

      </encodingDesc>

      <profileDesc>
         <langUsage>
             <language ident="lat">Latin</language>
             <language ident="grc">Greek</language>
         </langUsage>
      </profileDesc>
     
     <revisionDesc>
        <change when="2016-02-17" who="Lisa Cerrato">bumped URN</change>
        <change when="2015-12-14" who="Thibault Clérice">CTS and EpiDoc conversion</change>
     </revisionDesc>
  </teiHeader>


   <text>
      <body>
        <div type="edition" n="urn:cts:latinLit:phi0893.phi002.perseus-lat2" xml:lang="lat">
         <pb n="p.116"/>
         <div type="textpart" subtype="poem" n="1">

            <l n="1">Phoebe silvarumque potens Diana, </l>
            <l n="2">Lucidiim caeli decus, o colendi </l>
            <l n="3">Semper et culti, date quae precamur </l>
            <l n="4">Tempore sacro, </l>

            <l n="5">Quo Sibyllini monuere versus</l>

            <l n="6">Virgines lectas puerosque castos </l>
            <l n="7">Dis quibus septem placuere colles </l>
            <l n="8">Dicere carmen. </l>

            <l n="9">Alme Sol, curru nitido diem qui </l>
            <l n="10">Promis et celas aliusque et idem</l>

            <l n="11">Nasceris, possis nihil urbe Roma </l>
            <l n="12">Visere maius ! </l>

            <l n="13">Rite maturos aperire partus </l>
            <l n="14">Lenis, Ilithyia, tuere matres, </l>
            <l n="15">Sive tu Lucina probas vocari</l>

            <l n="16">Seu Genitalis : </l>

            <l n="17">Diva, producas subolem patrumque </l>
            <l n="18">Prosperes decreta super iugandis </l>
            <l n="19">Feminis prolisque novae feraci </l>

            <l n="20">Lege marita,</l>

            <l n="21">Certus undenos deciens per annos </l>
            <l n="22">Orbis ut cantus ref eratque ludos </l>

            <pb n="p.117"/>

            <l n="23">Ter die claro totiensque grata </l>
            <l n="24">Nocte frequentes. </l>

            <l n="25">Vosque veraces cecinisse, Parcae,</l>

            <l n="26">Quod semel dictumst stabilisque reruni </l>
            <l n="27">Terminus servet, bona iam peractis </l>
            <l n="28">lungite fata. </l>

            <l n="29">Fertilis frugum pecorisque tellus </l>
            <l n="30">Spicea donet Cererem corona ;</l>

            <l n="31">Nutriant fetus et aquae salubres </l>
            <l n="32">Et Iovis aurae. </l>

            <l n="33">Condito mitis placidusque telo </l>
            <l n="34">Supplices audi pueros, Apollo ; </l>
            <l n="35">Siderum regina bicornis, audi, '</l>

            <l n="36">Luna, puellas : </l>

            <l n="37">Koma si vestrumst opus, Iliaeque </l>
            <l n="38">Litus Etruscum tenuere turmae, </l>
            <l n="39">Iussa pars mutare Lares et urbem </l>

            <l n="40">Sospite cursu,</l>

            <l n="41">Cui per ardentem sine fraude Troiam </l>
            <l n="42">Castus Aeneas patriae superstes </l>
            <l n="43">Liberum munivit iter, daturus </l>
            <l n="44">Plura relictis : </l>

            <l n="45">Di, probos mores docili iuventae,</l>

            <l n="46">Di, senectuti placidae quietem, </l>
            <l n="47">Romulae genti date remque prolemque </l>
            <l n="48">Et decus omne. </l>

            <l n="49">Quaeque vos bobus veneratur albis </l>
            <l n="50">Clarus Anchisae Venerisque sanguis, </l>
            <l n="51">Impetret, bellante prior, iacentem </l>
            <l n="52">Lenis in hostem. </l>

            <pb n="p.118"/>


            <l n="53">iam mari terraque manus potentes </l>
            <l n="54">Medus Albanasque timet secures, </l>
            <l n="55">lam Scythae respousa petunt superbi</l>

            <l n="56">Nuper, et Indi. </l>

            <l n="57">lam Fides et Pax et Honor Pudorque </l>
            <l n="58">Priscus et neglecta redire Virtus </l>
            <l n="59">Audet, adparetque beata pleno </l>

            <l n="60">Copia cornu.</l>

            <l n="61">Augur et fulgente decorus arcu </l>
            <l n="62">Phoebus acceptusque novem Camenis, </l>
            <l n="63">Qui salutari levat arte fessos </l>
            <l n="64">Corporis artus, </l>

            <l n="65">Si Palatinas videt aequus arces,</l>

            <l n="66">Rem que Romanam Latiumque felix </l>
            <l n="67">Alterura in lustrum meliusque semper </l>
            <l n="68">Prorogat aevum. </l>

            <l n="69">Quaeque Aventinum tenet Algiduinque, </l>
            <l n="70">Quindecim Diana preces virorum</l>

            <l n="71">Curat et votis puerorum arnicas </l>
            <l n="72">Adplicat aures. </l>

            <l n="73">Haec Tovem sentire deosque cunctos </l>
            <l n="74">Spem bonam cer tarn que domum reporto, </l>
            <l n="75">Doctus et Phoebi chorus et Dianae</l>

            <l n="76">Dicere laudes. </l>
         </div>
       </div>
      </body>
   </text>
</TEI>
