<?xml version="1.0" encoding="UTF-8"?>
<?xml-model href="http://www.stoa.org/epidoc/schema/8.19/tei-epidoc.rng"
  schematypens="http://relaxng.org/ns/structure/1.0"?>
<?xml-model href="http://www.stoa.org/epidoc/schema/8.19/tei-epidoc.rng"
  schematypens="http://purl.oclc.org/dsdl/schematron"?>
<TEI xmlns="http://www.tei-c.org/ns/1.0">
    <teiHeader>
        <fileDesc>
            <titleStmt>
             <title type="sub">De Otio</title>
                <author n="Sen.">Seneca</author>
                <editor role="editor" n="Basore">John W. Basore</editor>
               <sponsor>Perseus Project, Tufts University</sponsor>
               <principal>Gregory Crane</principal>
               <respStmt>
                  <resp>Prepared under the supervision of</resp>
                  <name>Bridget Almas</name>
                  <name>Lisa Cerrato</name>
                  <name>David Mimno</name>
                  <name>Rashmi Singhal</name>
               </respStmt>
               <funder n="org:NEH">The National Endowment for the Humanities</funder> 
            </titleStmt>
           <extent/> 
           <publicationStmt>
              <publisher>Trustees of Tufts University</publisher>
              <pubPlace>Medford, MA</pubPlace>
              <authority>Perseus Project</authority>
              <date type="release">2009-10-07</date>
           </publicationStmt> 
         <sourceDesc>
                <biblStruct>
                    <monogr>
                        <author>L. Annaeus Seneca</author>
                        <title>Moral Essays: volume 2</title>
                     <editor role="editor" n="Basore">John W. Basore</editor>
                        <imprint>
                            <pubPlace>London and New York</pubPlace>
                            <publisher>Heinemann</publisher>
                            <date>1932</date>
                        </imprint>
                    </monogr>
                </biblStruct>
            
         </sourceDesc>
        </fileDesc>
        <encodingDesc>
         <refsDecl n="CTS">
                <cRefPattern n="section"
                    matchPattern="(\w+).(\w+)"
                    replacementPattern="#xpath(/tei:TEI/tei:text/tei:body/tei:div/tei:div/tei:div[@n='$1']/tei:div[@n='$2'])">
                    <p>This pointer pattern extracts book, chapter and section</p>
                </cRefPattern>
                <cRefPattern n="chapter"
                    matchPattern="(\w+)"
                    replacementPattern="#xpath(/tei:TEI/tei:text/tei:body/tei:div/tei:div/tei:div[@n='$1'])">
                    <p>This pointer pattern extracts book and chapter</p>
                </cRefPattern>
         </refsDecl>
         <refsDecl n="TEI.2">
            <refState unit="card"/>
         </refsDecl>
      </encodingDesc>
        <profileDesc>
            <langUsage>
                <language ident="lat">Latin</language>
                <language ident="grc">Greek</language>
            </langUsage>
        </profileDesc>
        <revisionDesc>
         <change who="gcrane" when="2009-01-01">tagging</change>


         <change who="Thibault Clerice" when="2015-11-13">Bumped URN after CTS and Epidoc conversion</change>
      </revisionDesc>
    </teiHeader>
   <text>
      <body>
         <div xml:lang="lat"
              type="edition"
              n="urn:cts:latinLit:stoa0255.stoa011.perseus-lat2">
	           <div type="textpart" n="8" subtype="book">

               <pb n="p.180"/>
               <head>Liber VIII,
ad Serenvm:
de otio</head>

               <div type="textpart" n="1" subtype="chapter">
                  <div type="textpart" n="1" subtype="section">
                     <p>  </p>

                     <p>
                        <milestone unit="chapter2" n="29"/> 
                        <gap reason="omitted"/>cit, nobis magno consensu vitia
commendant. Licet nihil aliud, quod sit salutare,
temptemus, proderit tamen per se ipsum secedere ;
meliores erimus singuli. Quid, quod secedere ad
optimos viros et aliquod exemplum eligere, ad
quod vitam derigamus, licet ? Quod nisi<note> nisi added by Gronovius.</note> in otio
non fit. Tunc potest obtineri quod semel placuit,
ubi nemo intervenit, qui iudicium adhuc imbecillum
populo adiutore detorqueat; tunc potest vita
aequali et uno tenore procedere, quam propositis
 diversissimis scindimus.
</p>
                  </div>

                  <div type="textpart" n="2" subtype="section">
                     <p> Nam inter cetera mala
illud pessimum est, quod vitia ipsa mutamus. Sic
ne hoc quidem nobis contingit permanere in malo
iam familiari. Aliud ex alio placet vexatque nos hoc
quoque, quod iudicia nostra non tantum prava, sed
etiam levia sunt. Fluctuamur aliudque ex alio com-

<pb n="p.182"/>
 prendimus, petita relinquimus, relicta repetimus,
alternae inter cupiditatem nostram et paenitentiam
vices sunt ;
</p>
                  </div>

                  <div type="textpart" n="3" subtype="section">
                     <p> pendemus enim toti ex alienis iudiciis
et id optimum nobis videtur, quod petitores laudatoresque multos habet, non id quod laudandum
petendumque est, nec viam bonam ac malam per
se aestimamus, sed turba vestigiorum, in quibus
nulla sunt redeuntium.
</p>
                  </div>

                  <div type="textpart" n="4" subtype="section">
                     <p> Dices mihi: " Quid agis. Seneca ? Deseris partes ?
Certe Stoici vestri dicunt: ' Usque ad ultimum vitae
finem in actu erimus, non desinemus communi bono
operam dare, adiuvare singulos, opem ferre etiam
inimicis senili manu. Nos sumus, qui nullis annis
vacationem damus et, quod ait ille vir disertissimus,
<quote rend="blockquote">
                           <l part="N">Canitiem galea premimus.</l>
                        </quote>
Nos sumus, apud quos usque eo nihil ante mortem
otiosum est, ut, si res patitur, non sit ipsa mors
otiosa.' Quid nobis Epicuri praecepta in ipsis
Zenonis principiis loqueris ? Quin tu bene gnaviter,
si partium piget, transfugis potius quam prodis ? "
</p>
                  </div>

                  <div type="textpart" n="5" subtype="section">
                     <p> Hoc tibi in praesentia respondebo : " Numquid vis
amplius, quam ut me similem ducibus meis praestem ? Quid ergo est ? Non quo miserint me illi,
sed quo duxerint, ibo."
</p>


                  </div>
               </div>

               <div type="textpart" n="2" subtype="chapter">
                  <div type="textpart" n="1" subtype="section">
                     <p> </p>

                     <p>
                        <milestone unit="chapter2" n="29"/> Nunc probabo tibi non desciscere me a
praeceptis Stoicorum ; nam ne ipsi quidem a suis

<pb n="p.184"/>
desciverunt; et tamen excusatissimus essem, etiam
si non praecepta illorum sequerer, sed exempla.
Hoc quod dico in duas dividam partes : primum,
ut possit aliquis vel a prima aetate contemplationi
veritatis totum se tradere, rationem vivendi quaerere
 atque exercere secreto;
</p>
                  </div>

                  <div type="textpart" n="2" subtype="section">
                     <p> deinde, ut possit hoc
aliquis emeritis iam stipendiis, profligatae aetatis,
iure optimo facere et ad alios actus animum<note> animum Ruhkopf: animos A.</note> referre
virginum Vestalium more, quae annis inter officia
divisis discunt facere sacra et cum didicerunt docent.
</p>


                  </div>
               </div>

               <div type="textpart" n="3" subtype="chapter">
                  <div type="textpart" n="1" subtype="section">
                     <p> </p>

                     <p>
                        <milestone unit="chapter2" n="30"/> Hoc Stoicis quoque placere ostendam, non
quia mihi legem dixerim nihil contra dictum Zenonis
Chrysippive committere, sed quia res ipsa patitur
me ire in illorum sententiam, quoniam si quis semper
unius sequitur, non in curia sed in factione est.
Utinam quidem iam tenerentur omnia et in aperto
confessa veritas esset nihilque ex decretis mutaremus ! Nunc veritatem cum eis ipsis qui docent
quaerimus.
</p>
                  </div>

                  <div type="textpart" n="2" subtype="section">
                     <p> Duae maxime et in hac re dissident sectae,
Epicureorum et Stoicorum, sed utraque ad otium
diversa via mittit. Epicurus ait : " Non accedet
ad rem publicam sapiens, nisi si quid intervenerit ";
Zenon ait : " Accedet ad rem publicam, nisi si
 quid impedient."
</p>
                  </div>

                  <div type="textpart" n="3" subtype="section">
                     <p> Alter otium ex proposito petit,

<pb n="p.186"/>
alter ex causa ; causa autem illa late patet. Si res
publica corruptior est quam ut<note> ut commonly supplied.</note> adiuvari possit, si
occupata est malis, non nitetur sapiens in supervacuum
nec se nihil profuturus impendet. Si parum habebit
auctoritatis aut virium nec illum erit admissura
res publica, si valetudo illum impediet,
</p>
                  </div>

                  <div type="textpart" n="4" subtype="section">
                     <p> quomodo
navem quassam non deduceret in mare, quomodo
nomen in militiam non daret debilis, sic ad iter, quod
inhabile sciet, non accedet. Potest ergo et ille, cui
omnia adhuc in integro sunt, antequam ullas experiatur tempestates, in tuto subsistere et protinus
commendare se bonis artibus et inlibatum otium
exigere, virtutium cultor, quae exerceri etiam
 quietissimis possunt.
</p>
                  </div>

                  <div type="textpart" n="5" subtype="section">
                     <p> Hoc nempe ab homine exigitur, ut prosit hominibus, si fieri potest, multis,
si minus, paucis, si minus, proximis, si minus, sibi.
Nam cum se utilem ceteris efficit, commune agit
negotium. Quomodo qui se deteriorem facit non
sibi tantummodo nocet, sed etiam omnibus eis,
quibus melior factus prodesse potuisset, sic quis-
quis bene de se meretur hoc ipso aliis prodest, quod
illis profuturum parat.
<note n="marg" place="unspecified" anchored="true">1</note> 
                     </p>


                  </div>
               </div>

               <div type="textpart" n="4" subtype="chapter">
                  <div type="textpart" n="1" subtype="section">
                     <p> </p>

                     <p>
                        <milestone unit="chapter2" n="31"/> Duas res publicas animo complectamur,
alteram magnam et vere publicam, qua dii atque
homines continentur, in qua non ad hunc angulum respicimus aut ad illum, sed terminos civitatis nostrae
cum sole metimur; alteram, cui nos adscripsit condicio

<pb n="p.188"/>
nascendi. Haec aut Atheniensium erit aut Carthaginiensium,aut alterius alicuius urbis, quae non ad omnis
pertineat homines sed ad certos. Quidam eodem
tempore utrique rei publicae dant operam, maiori
minorique, quidam tantum minori, quidam tantum
 maiori.
</p>
                  </div>

                  <div type="textpart" n="2" subtype="section">
                     <p> Huic maiori rei publicae et in otio deservire possumus, immo vero nescio an in otio melius,
ut quaeramus quid sit virtus, una pluresne sint ;
natura an ars bonos viros faciat ; unum sit hoc,
quod maria terrasque et mari ac terris inserta
complectitur, an multa eiusmodi corpora deus
sparserit; continua sit omnis et plena materia,
ex qua cuncta gignuntur, an diducta et solidis inane
permixtum ; qui sit deus ; deses opus suum spectet
an tractet; utrumne extrinsecus illi circumfusus
sit an toti inditus ; immortalis sit mundus an inter
caduca et ad tempus nata numerandus. Haec
qui contemplatur, quid deo praestat ? Ne tanta
eius opera sine teste sit.
</p>


                  </div>
               </div>

               <div type="textpart" n="5" subtype="chapter">

                  <div type="textpart" n="1" subtype="section">
                     <p>  Solemus dicere summum bonum esse secundum
naturam vivere. Natura nos ad utrumque genuit, et
contemplationi rerum et actioni. </p>

                     <p>
                        <milestone unit="chapter2" n="32"/> Nunc id probemus, quod prius diximus. Quid porro ? Hoc non
erit probatum, si se unusquisque consuluerit, quantam cupidinem habeat ignota noscendi, quam ad
 omnis fabulas excitetur ?
</p>
                  </div>

                  <div type="textpart" n="2" subtype="section">
                     <p> Navigant quidam et

<pb n="p.190"/>
labores peregrinationis longissimae una mercede
perpetiuntur cognoscendi aliquid abditum remotum-
que. Haec res ad spectacula populos contrahit,
haec cogit praeclusa rimari, secretiora exquirere,
antiquitates evolvere, mores barbararum audire
 gentium.
</p>
                  </div>

                  <div type="textpart" n="3" subtype="section">
                     <p> Curiosum nobis natura ingenium dedit
et artis sibi ac pulchritudinis suae conscia spectatores
nos tantis rerum spectaculis genuit, perditura fructum sui, si tam magna, tam clara, tam subtiliter
ducta, tam nitida et non uno genere formosa soli-
 tudini ostenderet.
</p>
                  </div>

                  <div type="textpart" n="4" subtype="section">
                     <p> Ut scias illam spectari voluisse,
non tantum aspici, vide quem nobis locum dederit.
In media nos sui parte constituit et circumspectum
omnium nobis dedit; nec erexit tantummodo
hominem, sed etiam habilem contemplationi factura,
ut ab ortu sidera in occasum labentia prosequi
posset et vultum suum circumferre cum toto, sublime
fecit illi caput et collo flexili imposuit; deinde sena
per diem, sena per noctem signa perducens nullam
non partem sui explicuit, ut per haec, quae optulerat
oculis eius, cupiditatem faceret etiam ceterorum.
</p>
                  </div>

                  <div type="textpart" n="5" subtype="section">
                     <p> Nec enim omnia nec tanta visimus quanta sunt,
sed acies nostra aperit sibi investigandi viam et
fundamenta vero iacit, ut inquisitio transeat ex
apertis in obscura et aliquid ipso mundo inveniat
antiquius : unde ista sidera exierint ; quis fuerit

<pb n="p.192"/>
universi status, antequam singula in partes discederent ; quae ratio mersa et confusa diduxerit ;
quis loca rebus adsignaverit, suapte natura gravia
descenderint, evolaverint levia, an praeter nisum
pondusque corporum altior aliqua vis legem singulis
dixerit ; an illud verum sit, quo maxime probatur
homines divini esse spiritus, partem ac veluti scintillas
quasdam astrorum in terram desiluisse atque alieno
 loco haesisse.
</p>
                  </div>

                  <div type="textpart" n="6" subtype="section">
                     <p> Cogitatio nostra caeli munimenta
perrumpit nec contenta est id, quod ostenditur,
scire. " Illud," inquit, "scrutor, quod ultra mundum
iacet, utrumne profunda vastitas sit an et hoc
ipsum terminis suis cludatur ; qualis sit habitus
exclusis, informia et confusa sint, in omnem partem
tantundem loci obtinentia, an et illa in aliquem
cultum discripta sint ; huic cohaereant mundo,
an longe ab hoc secesserint et hic vacuo volutentur ;
individua sint, per quae struitur omne quod natum
futurumque est, an continua eorum materia sit
et per totum mutabilis ; utrum contraria inter se
elementa sint, an non pugnent sed per diversa con-

<pb n="p.194"/>
 Spirent."
</p>
                  </div>

                  <div type="textpart" n="7" subtype="section">
                     <p> Ad haec quaerenda natus, aestima, quam
non multum acceperit temporis, etiam si illud
totum sibi vindicat. Cui licet nihil facilitate eripi,
nihil neglegentia patiatur excidere, licet horas
suas avarissime servet et usque in ultimum aetatis
humanae terminum procedat nec quicquam illi
ex eo, quod natura constituit, fortuna concutiat,
tamen homo ad immortalium cognitionem nimis
 mortalis est.
</p>
                  </div>

                  <div type="textpart" n="8" subtype="section">
                     <p> Ergo secundum naturam vivo, si
totum me illi dedi, si illius admirator cultorque sum.
Natura autem utrumque facere me voluit, et agere
et contemplationi vacare. Utrumque facio, quoniam
ne contemplatio quidem sine actione est.
</p>


                  </div>
               </div>

               <div type="textpart" n="6" subtype="chapter">

                  <div type="textpart" n="1" subtype="section">
                     <p>  "Sed refert," inquis, "an ad illam voluptatis
causa accesseris nihil aliud ex illa petens quam adsiduam contemplationem sine exitu ; est enim dulcis
et habet inlecebras suas." Adversus hoc tibi
respondeo : aeque refert, quo animo civilem agas
vitam, an semper inquietus sis nec tibi umquam
sumas ullum tempus, quo ab humanis ad divina
 respicias.
</p>
                  </div>

                  <div type="textpart" n="2" subtype="section">
                     <p> Quomodo res adpetere sine ullo virtutum
amore et sine cultu ingeni ac nudas edere operas
minime probabile est — misceri enim ista inter se
et conseri debent—, sic imperfectum ac languidum
bonum est in otium sine actu proiecta virtus, num-
 quam id, quod didicit, ostendens.
</p>
                  </div>

                  <div type="textpart" n="3" subtype="section">
                     <p> Quis negat
illam debere profectus suos in opere temptare,

<pb n="p.196"/>
nec tantum quid faciendum sit cogitare, sed etiam
aliquando manum exercere et ea, quae meditata
sunt, ad verum perducere ? Quodsi per ipsum
sapientem non est mora, si non actor deest, sed
agenda desunt, ecquid illi secum esse permittes ?
</p>
                  </div>

                  <div type="textpart" n="4" subtype="section">
                     <p> Quo animo ad otium sapiens secedit ? Ut sciat se
tum quoque ea acturum, per quae posteris prosit.
Nos certe sumus qui dicimus et Zenonem et Chrysippum maiora egisse, quam si duxissent exercitus,
gessissent honores, leges tulissent. Quas non uni
civitati, sed toti humano generi tulerunt. Quid
est ergo, quare tale otium non conveniat viro bono,
per quod futura saecula ordinet nec apud paucos
contionetur, sed apud omnis omnium gentium
 homines, quique sunt quique erunt ?
</p>
                  </div>

                  <div type="textpart" n="5" subtype="section">
                     <p> Ad summam
quaero, an ex praeceptis suis vixerint Cleanthes et
Chrysippus et Zenon. Non<note> non commonly added.</note> dubie respondebis sic
illos vixisse, quemadmodum dixerant esse vivendum.
Atqui nemo illorum rem publicam administravit.
" Non fuit," inquis, " illis aut ea fortuna aut ea
dignitas, quae admitti ad publicarum rerum tractationem solet." Sed idem nihilo minus non segnem
egere vitam ; invenerunt, quemadmodum plus quies
ipsorum hominibus prodesset quam aliorum discursus
et sudor. Ergo nihilo minus hi multum egisse visi
sunt, quamvis nihil publice agerent.
</p>


                  </div>
               </div>

               <div type="textpart" n="7" subtype="chapter">

                  <div type="textpart" n="1" subtype="section">
                     <p>  Praeterea tria genera sunt vitae, inter quae
quod sit optimum quaeri solet. Unum voluptati

<pb n="p.198"/>
vacat, alterum contemplatione tertium actioni.
Primum deposita contentione depositoque odio
quod implacabile diversa sequentibus indiximus,
videamus, ut haec omnia ad idem sub alio atque
alio titulo perveniant. Nec ille, qui voluptatem probat, sine contemplatione est, nec ille, qui contemplationi inservit, sine voluptate est, nec ille, cuius
vita actionibus destinata est, sine contemplatione
 est.
</p>
                  </div>

                  <div type="textpart" n="2" subtype="section">
                     <p> " Plurimum," inquis, " discriminis est, utrum
aliqua res propositum sit an propositi alterius accessio." Sit sane grande discrimen, tamen alterum
sine altero non est. Nec ille sine actione contemplatus nec hic sine contemplatione agit, nec
ille tertius, de quo male existimare consensimus,
voluptatem inertem probat, sed eam, quam ratione
 efficit firmam sibi ;
</p>
                  </div>

                  <div type="textpart" n="3" subtype="section">
                     <p> ita et haec ipsa voluptaria secta
in actu est. Quidni in actu sit ? cum ipse dicat
Epicurus aliquando se recessurum a voluptate,
dolorem etiam adpetiturum, si aut voluptati imminebit paenitentia aut dolor minor pro graviore
 sumetur ? Quo pertinet haec dicere ?
</p>
                  </div>

                  <div type="textpart" n="4" subtype="section">
                     <p> Ut appareat
contemplationem placere omnibus ; alii petunt
illam, nobis haec statio, non portus est.
</p>


                  </div>
               </div>

               <div type="textpart" n="8" subtype="chapter">

                  <div type="textpart" n="1" subtype="section">
                     <p>  Adice nunc,<note> nunc Haase : nunc huc A.</note> quod e lege Chrysippi vivere
otioso licet ; non dico, ut otium patiatur, sed ut
eligat. Negant nostri sapientem ad quamlibet rem

<pb n="p.200"/>
publicam accessurum ; quid autem interest, quo-
modo sapiens ad otium veniat, utrum quia res
publica illi deest, an quia ipse rei publicae, si non
ubivis futura res publica est? Semper autem
deerit fastidiose quaerentibus. Interrogo, ad quam
rem publicam sapiens sit accessurus. Ad Atheniensium, in qua Socrates damnatur, Aristoteles, ne
damnetur, fugit ? in qua opprimit invidia virtutes ?
Negabis mihi accessurum ad hanc rem publicam
 sapientem.
</p>
                  </div>

                  <div type="textpart" n="2" subtype="section">
                     <p> Ad Carthaginiensium ergo rem publicam sapiens accedet, in qua adsidua seditio et
optimo cuique infesta libertas est, summa aequi
ac boni vilitas, adversus hostes inhumana crudelitas, etiam adversus suos hostilis ? Et hanc
 fugiet.
</p>
                  </div>

                  <div type="textpart" n="3" subtype="section">
                     <p> Si percensere singulas voluero, nullam
inveniam, quae sapientem aut quam sapiens pati
possit. Quodsi non invenitur illa res publica,
quam nobis fingimus, incipit omnibus esse otium
necessarium, quia quod unum praeferri poterat otio,
 nusquam est.
</p>
                  </div>

                  <div type="textpart" n="4" subtype="section">
                     <p> Si quis dicit optimum esse navigare,
deinde negat navigandum in eo mari, in quo naufragia fieri soleant et frequenter subitae tempestates
sint, quae rectorem in contrarium rapiant, puto hic
me vetat navem solvere, quamquam<note> quamquam Hermes: quam A.</note> laudet navigationem.</p>
                  </div>
               </div>
            </div>
         </div>
      </body>
   </text>
</TEI>
