<?xml-model href="http://www.stoa.org/epidoc/schema/8.19/tei-epidoc.rng"
  schematypens="http://relaxng.org/ns/structure/1.0"?>
<?xml-model href="http://www.stoa.org/epidoc/schema/8.19/tei-epidoc.rng"
  schematypens="http://purl.oclc.org/dsdl/schematron"?>
<TEI xmlns="http://www.tei-c.org/ns/1.0">
<teiHeader>
<fileDesc>
<titleStmt>
 <title type="work">Suasoriae</title>
 <title type="sub">Machine readable text</title>
 <author n="Seneca the Elder">Seneca the Elder</author>
 <editor>Adolf Gottlieb Kiessling</editor>
 <sponsor>Perseus Project, Tufts University</sponsor>
 <principal>Gregory Crane</principal>
 <respStmt>
  <resp>Prepared under the supervision of</resp>
  <name>Bridget Almas</name>
  <name>Lisa Cerrato</name>
  <name>Rashmi Singhal</name>
 </respStmt>
 <funder n="org:Mellon">The Mellon Foundation</funder>
</titleStmt>
 <publicationStmt>
  <publisher>Trustees of Tufts University</publisher>
  <pubPlace>Medford, MA</pubPlace>
  <authority>Perseus Project</authority>
  <date type="release">2011-04-14</date>
 </publicationStmt>
 <sourceDesc>
 <biblStruct>
  <monogr>
   <title>Annaei Senecae Oratorum et rhetorum sententiae divisiones colores</title>
   <author>Seneca the Elder</author>
   <editor>Adolf Gottlieb Kiessling</editor>
   <imprint>
    <publisher>in aedibus B. G. Teubneri</publisher>
    <pubPlace>Leipzig</pubPlace>
    <date>1872</date>
   </imprint>
  </monogr>
 </biblStruct>
 
 <list><item>Keyboarding</item></list></sourceDesc>
</fileDesc>
 
 <encodingDesc>
            <refsDecl n="CTS">
                <cRefPattern n="section"
                         matchPattern="(\w+).(\w+)"
                         replacementPattern="#xpath(/tei:TEI/tei:text/tei:body/tei:div/tei:div[@n='$1']/tei:div[@n='$2'])">
                    <p>This pointer pattern extracts Book and Chapter</p>
                </cRefPattern>
                <cRefPattern n="chapter"
                         matchPattern="(\w+)"
                         replacementPattern="#xpath(/tei:TEI/tei:text/tei:body/tei:div/tei:div[@n='$1'])">
                    <p>This pointer pattern extracts Book</p>
                </cRefPattern>
            </refsDecl>
            <refsDecl>
                <refState unit="chapter" delim="."/>
                <refState unit="section"/>
            </refsDecl>
        </encodingDesc>


<profileDesc>
<langUsage>
	<language ident="lat">Latin</language>
	<language ident="grc">Greek</language>
</langUsage>
</profileDesc>
<revisionDesc> <change who="Zach Himes" when="2015-11-16">Converted to TEI P5 and EpiDoc</change></revisionDesc>
</teiHeader>


<text><body><div type="edition" xml:lang="lat" n="urn:cts:latinLit:phi1014.phi003.perseus-lat1">
<pb n="p.1"/><pb n="b.1"/>
<div type="textpart" n="1" subtype="chapter">

<div type="textpart" n="1" subtype="section"><p>
Cuicumque rei magnitudinem natura
dederat dedit et modum: nihil infinitum est nisi
Oceanus. Aiunt fertiles in Oceano iacere terras
ultraque Oceanum rursus alia litora, alium nasci orbem,
nec usquam rerum naturam desinere, sed semper
inde ubi desisse uideatur nouam exsurgere. facile
ista finguntur quia Oceanus nauigari non potest.
Satis sit hactenus Alexandro uicisse qua mundo
lucere satis est. Intra has terras caelum Hercules
meruit. Stat immotum mare et quasi deficientis in suo
fine naturae pigra moles: nouae ac terribiles figurae,
magna etiam Oceano portenta quae profunda ista
uastitas nutrit, confusa lux alta caligine et
interceptus tenebris dies, ipsum uero graue et defixum
mare et aut nulla aut ignota sidera. Ita est,
<pb n="p.2"/>
Alexander, rerum natura: post omnia Oceanus, post
 Oceanum nihil.
</p></div>

<div type="textpart" n="2" subtype="section"><p> ARGENTARI. Resiste, orbis te tuus
reuocat: uicimus qua licet. nihil tantum est, quod
ego Alexandri periculo petam. POMPEI SILONIS.
Venit ille dies, Alexander, exoptatus, quo tibi opera
desset: idem sunt termini et <pb n="b.2"/> regni tui et mundi.
OSCI. Tempus est Alexandrum cum orbe et cum sole
desinere. Quod noueram uici: nunc concupisco quod
nescio. Quae tam ferae gentes fuerunt quae non
Alexandrum posito genu adorarint? qui tam horridi
montes quorum non iuga uictor miles calcauerit?
Ultra Liberi patris tropaea constitimus. Non
quaerimus orbem, sed amittimus. Inmensum et humanae
intemptatum experientiae pelagus, totius orbis
uinculum terrarumque custodia, inagitata remigio
uastitas, litora modo saeuiente fluctu inquieta, modo
fugiente deserta: tetra caligo fluctus premit et
nescio qui quod humanis natura subduxit oculis aeterna
nox obruit. MVSAE. Foeda beluarum magnitudo et
inmobile profundum testantur, Alexander, nihil ultra
 esse quod uincas: reuertere.
</p></div>

<div type="textpart" n="3" subtype="section"><p> ALBVCI SILI. Terrae
quoque suum finem habent et ipsius mundi aliquis
occasus est; nihil infinitum est: modum magnitudini
<pb n="p.3"/>
facere debes, quoniam fortuna non facit. magni
pectoris est inter secunda moderatio. Eundem
fortuna uictoriae tuae quem naturae finem facit:
imperium tuum cludit Oceanus. O quantum magnitudo
tua rerum quoque naturam supergressa est!
Alexander orbi magnus est, Alexandro orbis angustus
est. Aliquis etiam magnitudini modus est: non
procedit ultra spatia sua caelum, maria intra
terminos suos agitantur. Quidquid ad summum peruenit
incremento non reliquit locum. non magis
quidquam ultra Alexandrum nouimus quam ultra
Oceanum. MARILLI. Maria sequimur, terras cui
tradimus? Orbem quem non noui quaero, quem
uici relinquo.
</p></div>

<div type="textpart" n="4" subtype="section"><p>FABIANI. Quid? ista toto pelago infusa
caligo nauigantem tibi uidetur admittere, quae
prospicientem quoque excludit? Non haec India est
nec ferarum terribilis ille conuentus. inmanes
propone beluas, aspice quibus procellis fluctibusque
saeuiat, quas ad litora undas agat. tantus uentorum
concursus, tanta conuulsi funditus <pb n="b.3"/> maris
insania est; nulla praesens nauigantibus statio est, nihil
salutare, nihil notum: rudis et inperfecta natura
penitus recessit. Ista maria ne illi quidem petierunt
qui fugiebant Alexandrum. Sacrum quidem terris
natura circumfudit Oceanum. Illi qui etiam siderum
collegerunt metas et annuas hiemis atque aestatis
<pb n="p.4"/>
uices ad certam legem redegerunt, quibus nulla pars
ignota mundi est, de Oceano tamen dubitant utrumne
terras uelut uinculum circumfluat, an in suum
colligatur orbem et in hos per quos nauigatur sinus
quasi spiramenta quaedam magnitudinis exaestuet;
ignem post se cuius augmentum ipse sit habeat, an
spiritum. Quid agitis, conmilitones? domitoremne
generis humani, magnum Alexandrum, eo dimittitis
quod adhuc quid sit disputatur? Memento
Alexander: matrem in orbe uicto adhuc magis quam pacato
relinquis.
</p></div>

<div type="textpart" n="5" subtype="section"><p> DIVISIO. Aiebat CESTIVS hoc genus suasoriarum
aliter declamandum esse quam suadendum. Non
eodem modo in libera ciuitate dicendam sententiam
quo apud reges, quibus etiam quae prosunt ita
tamen ut delectent suadenda sunt. Et inter reges
ipsos esse discrimen: quosdam minus aut magis OSOS
ueritatem; facile Alexandrum exisse quos
superbissimos et supra mortalis animi modum inflatos
accepimus. Denique ut alia dimittantur argumenta, ipsa
suasoria insolentiam eius coarguit; orbis illum suus
non capit: itaque nihil dicendum aiebat nisi cum
summa ueneratione regis, ne accideret idem quod
praeceptori eius amitino Aristotelis accidit, quem
<pb n="p.5"/>
occidit propter intempestiue liberos sales: nam cum
<add>deum</add> se uellet uideri et uulneratus .esset, uiso
sanguine eius philosophus mirari se dixerat, quod
non esset <cit><quote xml:lang="grc">i)xw\r oi(=o/s pe/r te <pb n="b.4"/> r(e/ei maka/ressi qeoi=sin</quote> <bibl>Hom. E 340</bibl></cit>
Ille se ab hac urbanitate lancea uindicauit.
Eleganter in C. Cassi epistola quadam ad M. Ciceronem <note><bibl>Cic. ad fam. XV 19</bibl></note>
missa positum: multum iocatur de stultitia
Cn. Pompei adulescentis qui in Hispania contraxit
exercitum et ad Mundam acie uictus est; deinde ait: “nos quidem illum deridemus, sed timeo ne ille nos
gladio <foreign xml:lang="grc">a)ntimukthri/sh|</foreign>.” In omnibus regibus haec
urbanitas extimescenda est.
</p></div>

<div type="textpart" n="6" subtype="section"><p>Aiebat itaque apud
Alexandrum esse dicendam sententiam ut multa
adulatione animus eius permulceretur, seruandum tamen
aliquem modum, ne conrueret ratio et accideret
tale aliquid quale accidit Atheniensibus, cum
publicae eorum blanditiae non tantum deprehensae set
castigatae sunt. Nam cum Antonius uellet se
Liberum patrem dici et hoc nomen statuis subscribi
iuberet, habitu quoque et comitatu Liberum
imitaretur, occurrerunt uenienti ei Athenienses cum
coniugibus et liberis et <foreign xml:lang="grc">*dio/nuson</foreign> salutauerunt. Belle
illis cesserat, si nasus Atticus ibi substitisset; <add>set</add>
dixerunt despondere ipsos in matrimonium illi Mineruam
suam et rogauerunt ut duceret. Antonius
<pb n="p.6"/>
ait ducturum, sed dotis nomine imperare se illis
mille talenta. Tum ex Graeculis quidam ait: <foreign xml:lang="grc">ku/rie
o( *zeu\s th\n mhte/ra SOU *seme/lhn a)/proikon ei)=xen</foreign>
Huic quidem inpune fuit, sed Atheniensium
sponsalia mille talentis aestimata sunt. quae cum
exigerentur conplures contumeliosi libelli
proponebantur, quidam etiam ipsi Antonio tradebantur: sicut
ille qui subscriptus statuae eius fuit, cum eodem
tempore et Octauiam uxorem haberet et Cleopatram:
<foreign xml:lang="grc">*)oktaoui/a kai\ *)aqhna= *)antwni/w|</foreign>:
</p></div>

<div type="textpart" n="7" subtype="section"><p> res tuas tibi habe.
Bellissimam tamen rem DELLIVS dixit, quem
Messala Coruinus desultorem bellorum ciuilium uocat,
quia <pb n="b.5"/> ab Dolabella ad Cassium transiturus salutem
sibi pactus est, si Dolabellam occidisset: a Cassio
deinde transiit ad Antonium, nouissime ab Antonio
transfugit ad Caesarem. Hic est Dellius cuius
epistulae ad Cleopatram lasciuae feruntur. Cum
Athenienses tempus peterent ad pecuniam conferendam
nec exorarent, Dellius ait: et tamen dicito illos tibi
annua, bienni, trienni die debere. Longius me
fabellarum dulcedo produxit: itaque ad propositum
 reuertar.
</p></div>

<div type="textpart" n="8" subtype="section"><p> Aiebat CESTIVS magnis cum laudibus
Alexandri hanc suasoriam esse dicendam, quam sic
diuisit, ut primum diceret, etiamsi nauigari posset
Oceanus, nauigandum non esse; satis gloriae
quaesitum; regenda esse et disponenda quae in transitu
uicisset; consulendum militi tot eius uictoriis lasso;
<pb n="p.7"/>
de matre illi cogitandum: et alias causas complures
subiecit. Deinde illam quaestionem subiecit, ne
nauigari quidem Oceanum posse.
</p></div>

<div type="textpart" n="9" subtype="section"><p>FABIANVS
philosophus primam fecit quaestionem eandem: etiam si
nauigari posset Oceanus nauigandum non esse. At
rationem aliam primam fecit: modum inponendum
esse rebus secundis. hic dixit sententiam: illa
demum est magna felicitas quae arbitrio suo constitit.
Dixit deinde locum de uarietate fortunae et cum
descripsisset nihil esse stabile, omnia fluitare et
incertis motibus modo adtolli, modo deprimi,
absorberi terras et maria siccari, montes subsidere, deinde
exempla regum e fastigio suo deuolutorum, adiecit:
sine potius rerum naturam quam fortunam tuam
deficere.
</p></div>

<div type="textpart" n="10" subtype="section"><p>Secundam quoque quaestionem aliter
tractauit: diuisit enim illam sic, ut primum negaret
ullas in Oceano aut trans Oceanum esse terras
habitabiles. Deinde si essent, perueniri tamen ad illas
non posse; hic difficultatem nauigationis, ignoti
maris naturam non patientem nauigationis.
Nouissime ut posset perueniri, tanti <pb n="b.6"/> tamen non esse. Hic
dixit incerta peti, certa deseri; descituras gentes, si
Alexandrum rerum naturae terminos supergressum
enotuisset; hic matrem de qua dixit: quomodo illa
trepidauit etiam quom Granicum transiturus esses.
</p></div>

<div type="textpart" n="11" subtype="section"><p>GLYCONIS celebris sententia est: <foreign xml:lang="grc">tou=to ou)/k e)sti *simo/eis
ou)de\ *gra/nikos: tou=to ei) mh/ TI kako\n h)=n
ou)k a)\n ne/aton e)/keito</foreign>. Hoc omnes imitari
<pb n="p.8"/>
uoluerunt. PLVTION dixit: <foreign xml:lang="grc">kai\ dia\ tou=to me/gisto/n e)stin,
o(/ti au)to\ me\n meta\ pa/nta, meta\ de\ au)to\ ou)qe/n</foreign>.
ARTEMON dixit: <foreign xml:lang="grc">bouleute/on ei) dei= a)/ra peraiou=sqai.
ou) tai=s *(ellhsponti/ais h)|o/sin e)festw=tes ou)d' e)pi\
tw=| *pamfuli/w| pela/gei th\n e)mpro/qesmon karadokou=men</foreign>
<foreign xml:lang="grc">a)/mpwsin: ou)de\ *eu)fra/ths tou=t' e)stin, ou)de\
*)indo\s, a)ll' ei)/te gh=s te/rma, ei)/te fu/sews o(/ros, ei)/te
presbu/taton stoixei=on, ei)/te ge/nesis qew=n, i(erw/tero/n
e)stin h)\ kata\ nau=s u(/dwr</foreign>. APATVRIVS dixit:
<foreign xml:lang="grc">e)nteu=qen h( nau=s e)k mia=s fora=s ei)s a)natola\s, e)/nqa</foreign>
<foreign xml:lang="grc">de\ ei)s ta\s a)ora/tous du/seis</foreign>. CESTIVS descripsit:
</p></div>

<div type="textpart" n="12" subtype="section"><p> sic fremit Oceanus, quasi indignetur quod terras relinquas.
Corruptissimam rem omnium quae umquam
dictae sunt ex quo homines diserti insanire
coeperunt, putabant Dorionis esse in metaphrasi dictam
Homeri, cum excaecatus Cyclops saxum in mare reiecit<gap reason="lost"/>
Haec quomodo ex corruptis eo perueniant,
ut et magna et tamen sana sint, aiebat Maecenas
apud Vergilium intellegi posse. Tumidum est: <foreign xml:lang="grc">o)/reos
o)/ros a)pospa=tai</foreign>. Vergilius quid ait? rapit
<pb n="p.9"/>
<quote rend="blockquote"><lb/>haud partem exiguam montis.</quote> <pb n="b.7"/> <note><bibl>Aen. X 128</bibl></note>
Ita <add>a</add> magnitudine discedit, ut non inprudenter
discedat a fide. Est inflatum:
<quote rend="blockquote"><lb/><foreign xml:lang="grc">kai\ kai/ria ba/lletai nh=ssos</foreign>.</quote>
Vergilius quid ait? qui de nauibus:
<quote rend="blockquote"><lb/>credas innare reuolsas <note><bibl>Aen. VIII 601</bibl></note>
<lb/>Cyclaclas.</quote>
Non dicit hoc fieri, sed uideri. Propitiis auribus
accipitur, quamuis incredibile est, quod excusatur
antequam dicitur.
</p></div>

<div type="textpart" n="13" subtype="section"><p>Multo corruptiorem sententiam
MENESTRATI cuiusdam declamatoris non abiecti suis
temporibus nactus sum in hac ipsa suasoria, cum
describeret beluarum in Oceano nascentium
magnitudinem Efficit haec sententia, ut ignoscamus
ei qui dixit ipsis Charybdi et Scylla maius
portentum: “Charybdis ipsius maris naufragium,” et ne in
una re semel insaniret: “quid ibi potest esse salui
ubi ipsum mare perit?” DAMAS ethicos induxit
matrem loquentem, cum describeret adsidue prioribus
periculis noua superuenisse:<gap reason="lost"/>BARBARVS dixit,
cum introduxisset excusantem se exercitum
Macedonum, hunc sensum: <gap reason="lost"/>FVSCVS ARELLIVS dixit:
</p></div>

<div type="textpart" n="14" subtype="section"><p>
testor ante orbem tibi tuum deesse quam militem.
LATRO sedens hanc dixit; non excusauit militem, sed
dixit: dum sequor, quis mihi promittit hostem, quis
terram, quis diem, quis mare? da ubi castra
ponam, ubi signa ponam. Reliqui parentes, reliqui
liberos, commeatum peto: numquid inmature ab
Oceano?
</p></div>

<div type="textpart" n="15" subtype="section"><p>Latini declamatores in descriptione Oceani 
<pb n="p.10"/>
non nimis uiguerunt; nam aut minus descripserunt,
aut <add>nimis</add> curiose. nemo illorum potuit tanto
spiritu dicere quanto Pedo, qui nauigante
Germanico dicit:
<lb/><quote rend="blockquote"><lb/>Iam pridem pos terga diem solemque relinquunt,
<lb/>Iam pridem notis extorres finibus orbis <pb n="b.8"/>
<lb/>Per non concessas audaces ire tenebras
<lb/>Ad rerum metas extremaque litora mundi;
<lb rend="displayNum" n="5"/> Nunc illum pigris immania monstra sub undis
<lb/>Qui ferat Oceanum, qui saeuas undique pistris
<lb/>Aequoreosque canes, ratibus consurgere prensis.
<lb/>Accumulat fragor ipse metus. iam sidere limo
<lb/>Nauigia et rapido desertam flamine classem
<lb rend="displayNum" n="10"/> Seque feris credunt per inertia
<lb/> fata marinis
<lb/>Tam non felici laniandos sorte relinqui.
<lb/>Aera pugnaci Iuctatus rumpere uisu,
<lb/>Vt nihil erepto ualuit dinoscere mundo,
<lb rend="displayNum" n="15"/> Obstructa in talis effundit pectora uoces:
<lb/>Quo ferimur? fugit ipse dies orbemque relictum
<lb/>Vltima perpetuis claudit natura tenebris.
<lb/>Anne alio positas ultra sub cardine gentes
<lb/>Atque alium flabris intactum quaerimus orbem?
<lb rend="displayNum" n="20"/> Di reuocant rerumque uetant cognoscere finem
<lb/>Mortales oculos: aliena quid aequora remis
<lb/>Et sacras uiolamus aquas diuumque quietas
<lb/>Turbamus sedes?</quote>
<pb n="p.11"/>
</p></div>

<div type="textpart" n="16" subtype="section"><p>Ex Graecis declamatoribus nulli melius haec
suasoria processit quam Glyconi; sed non minus multa
magnifice dixit quam corrupte: utrorumque faciam
uobis potestatem. Et uolebam uos experiri non
adiciendo iudicium meum nec separando a corruptis
sana — potuisset enim fieri ut uos magis illa
laudaretis quae insaniunt — et nihilominus poterit
fieri, quamuis distinxerim. Illa belle dixit: <gap reason="lost"/>sed
fecit quod solebat, ut sententiam adiectione superuacua
atque <pb n="b.9"/> tumida perderet; adiecit enim: <gap reason="lost"/>
Illud quosdam dubios iudici sui habet — ego non
dubito contra sententiam ferre —: <foreign xml:lang="grc">u(gi/aine gh=, u(gi/aine
h(/lie: *makedo/nes ga\r xa/os ei)sple/ousi</foreign>.</p></div></div>

<div type="textpart" n="2" subtype="chapter"><head>
Trecenti Lacones contra Xersen missi, cum treceni
ex omni Graecia missi fugissent, deliberant an
et ipsi fugiant.</head>

<div type="textpart" n="1" subtype="section"><p>
At, puto, rudis lecta
aetas et animus qui frangeretur metu insuetaque
arma non passurae manus hebetataque senio aut
uulneribus corpora: quid dicam potissimos Graeciae?
<pb n="p.12"/>
an Lacedaemonios? an Eleos? an repetam tot acies
patrum totque excidia urbium, tot uictarum
gentium spolia? et nunc produntur condita sine
moenibus templa? Pudet consilii nostri, pudet etiamsi
non fugimus deliberasse talia. At cum tot milibus
Xerses uenit. O Lacedaemonii et aduersus barbaros
non reueremini opera uestra, non auos, non patres
quorum uobis exemplo ab infantia surgit ingenium?
Pudet Lacedaemonios sic adhortari: en, loco tuti
sumus. licet totum classe orientem trahat, licet
metuentibus explicet inutilem numerum: hoc mare
quod tantum ex uasto patet urguetur in minimum, <pb n="b.10"/>
insidiosis excipitur angustiis uixque minimo aditus
nauigio est et huius quoque remigium arcet
inquietatione quod circumfluit mare, fallentia cursus uada
altioribus internata, aspera scopulis, et cetera quae
nauigantium uota decipiunt. Pudet, inquam,
Lacedaemonios et armatos quaerere, quemadmodum
 tuti sint. Non referam Persarum spolia?
</p></div>

<div type="textpart" n="2" subtype="section"><p> certe
super spolia nudus cadam. Sciat et alios habere nos
trecentos qui sic non fugiant et sic cadant. Hunc
sumite animum: nescio an uincere possimus; uinci
non possumus. Haec non utique perituris refero:
sed si cadendum est erratis, si metuendam creditis
<pb n="p.13"/>
mortem. Nulli natura in aeternum spiritum dedit
statutaque nascentibus in finem uitae dies est.
inbecilla enim nos materia deus orsus est; quippe
minimis succidunt corpora, indenuntiata sorte
rapimur; sub eodem pueritia fato est, eadem iuuentus
causa cadit: optamus quoque plerique mortem; adeo
in securam quietem recessus ex uita est. At
gloriae nullus finis est proximique deos sic † ageses
agunt: feminis quoque frequens hoc in mortem pro
gloria iter est <del>illud</del>. Quid Lycurgum, quid
interritos omni periculo quos memoria sacrauit uiros
referam? ut unum Othryadem excitem, adnumerare
trecentis exempla possum.
</p></div>

<div type="textpart" n="3" subtype="section"><p>TRIARI. Non pudet
Laconas ne pugna quidem hostium, sed fabula uinci?
Magnum est alumnum uirtutis nasci et Laconem. ad
certam uictoriam omnes remansissent; ad certam
mortem tantum Lacones. Non est Sparta lapidibus
circumdata: ibi muros habet ubi uiros. Melius
reuocabimus fugientes trecenos quam sequemur. Sed
montes perforat, maria contegit. Numquam
solido stetit superba felicitas et ingentium imperiorum
magna fastigia obliuione fragilitatis humanae
conlapsa sunt. Scias <pb n="b.11"/> licet ad finem non peruenisse
quae ad inuidiam perducta sunt. Maria terrasque,
rerum naturam statione inmutauit sua: moriamur
trecenti, ut hic primum inuenerit quod mutare non
<pb n="p.14"/>
posset.
</p></div>

<div type="textpart" n="4" subtype="section"><p> Si tam demens placiturum consilium erat,
cur non potius in turba fugimus? PORCI
LATRONIS. In hoc scilicet morati sumus, ut agmen
fugientium cogeremus. Rumori terga uertitis:
sciamus saltem qualis sit iste quem fugimus. Vix
uictoria dedecus elui potest; ut omnia fortiter fiant,
feliciter cadant, multum tamen nomini nostro
detractum est: iam Lacones an fugeremus
deliberauimus. Vtinam moriamur! quantum ad me quidem
pertinet, post hanc deliberationem nihil aliud timeo,
quam ne reuertar. Arma nobis fabulae excutiunt.
Nunc, nunc pugnemus: latuisset uirtus inter
trecenos. Ceteri quidem fugerunt. si me quidem
interrogatis <del>ut</del> quid sentiam, et in nostrum et in
Graeciae patrocinium loquar:
</p></div>

<div type="textpart" n="5" subtype="section"><p> electi sumus, non relicti.
GAVI SABINI. Turpe est cuilibet uiro fugisse,
Laconi etiam deliberasse. MARILLI. In hoc
restitimus, ne in turba fugientium lateremus. Habent
quemadmodum se excusent Graeciae treceni: “tutas
Thermopylas putauimus, cum relinqueremus illic
Laconas.” CESTI PII. Quam turpe esset fugere
indicastis, Lacones, tamdiu non fugiendo. Omnibus
sua decora sunt: Athenae eloquentia inclitae sunt,
Thebae sacris, Sparta armis. Ideo hanc Eurotas
amnis circumfluit, qui pueritiam indurat ad futurae
militiae patientiam; ideo Taygeti nemoris difficilia
<pb n="p.15"/>
nisi Laconibus iuga; ideo Hercule gloriamur deo
operibus caelum merito; ideo
muri nostri arma sunt.
</p></div>

<div type="textpart" n="6" subtype="section"><p>O graue maiorum uirtutis dedecus! Lacones se
numerant, non aestimant. Videamus quanta turba sit,
ut habeat certe Sparta, etiamsi non fortes milites,
at nuntios ueros. Ita ne <pb n="b.12"/> bello quidem, sed nuntio
uincimur? merito, hercules, omnia contempsit quem
Lacones audire non sustinent. si uincere Xersen
non licet, uidere liceat: uolo scire quid fugiam.
Adhuc non sum ex ulla parte Atheniensium similis,
non muris, non educatione: nihil prius illorum
imitabor quam fugam?
</p></div>

<div type="textpart" n="7" subtype="section"><p>POMPEI SILONIS. Xerses
multos secum adducit, Thermopylae paucos recipiunt.
Erimus inter fortes fugacissimi, inter fugaces tardissimi.
Nihil refert, quantas gentes in orbem
nostrum Oriens effuderit, quantum nationum secum
Xerses trahat: tot ad nos pertinent, quot locus
ceperit. CORNELI HISPANI. Pro Sparta uenimus, pro
Graecia stemus: uincamus hostes, socios iam uicimus:
sciat iste insolens barbarus, nihil esse
difficilius quam Laconis armati latus fodere. Ego uero
quod discesserunt gaudeo: liberas nobis reliquere
Thermopylas; nil erit quod uirtuti nostrae se apponat,
quod <add>se</add> inserat; non latebit in turba Laco; quocunque
Xerses aspexerit, Spartanos uidebit. BLANDI.
</p></div>

<div type="textpart" n="8" subtype="section"><p>
Referam praecepta, matrum: “aut in his, aut cum
his?” minus turpe est a bello inermem reuerti quam
armatum fugere. Referam captiuorum uerba? captus
<pb n="p.16"/>
Laco, “occide,” inquit, “non seruio.” non potuit
non capi, si fugere uoluisset. Describite terrores
Persicos: omnia ista cum mitteremur audiuimus.
Videat trecentos Xerses et sciat quanti bellum
aestimatum sit, quanto aptus numero locus. Reuertemur
ne nuntii quidem nisi nouissimi. Quis fugerit
nescio: hos mihi Sparta conmilitones dedit.
DESCRIPTIO THERMOPYLARVN. Nunc me delectat, quod
fugerunt treceni:
</p></div>

<div type="textpart" n="9" subtype="section"><p> angustas mihi Thermopylas fecerant.
CONTRA. CORNELI HISPANI. At ego niaximum
<add>tuideo</add> dedecus futurum reipublicae nostrae, si
Xerses nihil prius in Graecia <pb n="b.13"/> uicerit quam Laconas. Ne
testem quidem uirtutis nostrae habere possumus; id
de nobis credetur quod hostes narrauerint. Habetis
consilium meum; id est autem meum quod totius
Graeciae. si quis aliud suadet, non fortes uos uult
esse, sed perditos. CLANDI MARCELLI. Non uincent
nos, sed obruent. Satisfecimus nomini, ultumi
cessimus:
</p></div>

<div type="textpart" n="10" subtype="section"><p> ante nos rerum natura uicta est.
DIVISIO. Huius suasoriae feci mentionem, non
quia in ea subtilitatis erat aliquid quod uos excitare
posset, <add>set</add> ut sciretis quam nitide FVSCVS dixisset
uel quam licenter: ipse sententiam <add>non</add> feram;
uestri arbitrii erit, utrum explicationes eius <add>ut</add>
luxuriosas uituperetis an ut uegetas <add>laudetis</add>. Pollio
<pb n="p.17"/>
Asinius aiebat hoc non esse suadere. Recolo
nihil fuisse me iuuene tam notum quam has
explicationes Fusci, quas nemo nostrum non alias alia
inclinatione uocis uelut sua quisque modulatione
cantabat. At quia semel in mentionem incidi Fusci
ex omnibus suasoriis celebres descriptiunculas
subtexam, etiam si nihil occurrerit quod quisquam alius
nisi suasor dilexerit.
</p></div>

<div type="textpart" n="11" subtype="section"><p>Diuisione autem <add>in</add> hac
suasoria Fuscus usus est illa uolgari ut diceret, non
esse honestum fugere, etiamsi tutum esset; deinde
aeque periculosum esse fugere et pugnare; nouissime
periculosius esse fugere: pugnantibus hostes
timendos, fugientibus et hostes et suos. CESTIVS
primam partem sic transiit quasi nemo dubitaret an
turpe esset fugere; deinde illo transiit, an non esset
necesse. Haec sunt, inquit, quae uos confundunt:
hostes, sociorum <add>fuga</add>, paucitas. Non quidem in
hac suasoria sed in hac materia disertissima illa
fertur sententia DORIONIS , cum posuisset hoc dixisse
trecentis Leonidam quod puto etiam apud Herodotum <note><bibl>Diod. XI 9</bibl></note>
<pb n="b.14"/> esse <add><foreign xml:lang="grc">a)ristopoiei=sqai w(s e)n a(/|dou deipnhsome/nous</foreign></add>.
</p></div>

<div type="textpart" n="12" subtype="section"><p>SABINVS ASILIVS, uenustissimus inter
rhetoras scurra, cum hanc sententiam Leonidae
rettulisset, ait: ego illi ad prandium promisissem, ad
cenam renuntiassem. ATTALVS Stoicus qui solum
uertit a Seiano circumscriptus, magnae uir
<pb n="p.18"/>
eloquentiae, ex his philosophis quos uestra aetas uidit longe
et subtilissimus et facundissumus, cum tam magna
et nobili sententia certauit, et mihi dixisse uidetur
animosius quam prior<gap reason="lost"/>Occurrit mihi sensus in
eiusmodi materia a SEVERO CORNELIO dictus tamquam
de Romanis nescio an parum fortiter. Edicta
in posterum diem pugna epulantes milites inducit
et ait:
<quote rend="blockquote"><lb/>stratique per herbam,
<lb/>Hic meus est, dixere, dies.</quote>
Elegantissime quidem adfectum animorum incerta
sorte pendentium expressit, sed parum Romani animi
seruata est magnitudo: cenant enim tamquam
crastinum desperent. Quantum illis Laconibus animi
erat qui non poterant dicere:
</p></div>

<div type="textpart" n="13" subtype="section"><p> “hic dies est meus.” Illud PORCELLVS Grammaticus arguebat in hoc uersu
quasi soloecismum quod cum plures induxisset
dicerent: “hic meus est dies,” non “hic noster est,” et in sententia optima id accusabat quod erat
optimum. muta enim, ut “noster” sit: peribit omnis
uersus elegantia, in quo hoc est decentissimum quod
ex communi sermone trahitur; nam quasi prouerbii
loco est: “hic dies meus est;” et cum ad sensum
rettuleris ne grammaticorum quidem calumnia ab
omnibus magnis ingeniis summouenda habebit
locum: dixerunt enim non omnes semel tamquam in
choro manum ducente grammatico, sed singuli ex
 iis: “hic meus est dies.” </p></div>

<div type="textpart" n="14" subtype="section"><p> Sed ut reuertar ad
Leonidam et trecentos, <pb n="b.15"/> pulcherrima illa fertur
<pb n="p.19"/>
GLYCONIS sententia In hac ipsa suasoria non sane
refero memoria ullam sententiam Graeci cuiusquam
nisi DAMAE: <foreign xml:lang="grc">poi= feu/cesqe; o(/pla tei/xh</foreign>. De
positione loci eleganter dixit HATERIVS, cum angustias
loci facundissime descripsisset: natus trecentis locus.
CESTIVS cum <add>honores</add> descripsisset quos habituri
essent, si pro patria cecidissent, adiecit: per
sepulcra nostra iurabitur. NICETES longe disertius hanc
phantasiam mouit et adiecit: <gap reason="lost"/>nisi antiquior
Xerses fuisset quam Demosthenes † CIPTOY cui
dicere. Hanc suam dixit sententiam aut certe non
deprehensam, cum descripsisset oportunitatem loci
et tuta undique pugnantium latera et angustias a
tergo positas,
</p></div>

<div type="textpart" n="15" subtype="section"><p> sed aduersas hostibus <gap reason="lost"/>POTAMON
magnus declamator fuit Mitylenis, qui eodem
tempore uiguit quo LESBOCLES magni nominis et
nomini respondentis ingenii: in quibus quanta fuerit
animorum diuersitas in simili fortuna puto uobis
indicandum, multo magis quia ad uitam pertinet quam si
ad eloquentiam pertineret. Vtrique filius eisdem diebus
decessit: LESBOCLES scolam soluit; nemo umquam
amplius <add>declamantem audiuit; aequo</add> animo recessit
POTAMON a funere filii: contulit se in scolam et
declamauit. Vtriusque tamen adfectum temperandum puto:
hic durius tulit fortunam quam patrem decebat, ille
mollius <add>quam</add> uirum.
</p></div>

<div type="textpart" n="16" subtype="section"><p>POTAMON cum suasoriam de
trecentis diceret tractabat quam turpiter fecissent
<pb n="p.20"/>
Lacones hoc ipsum quod deliberassent de fuga et sic nouissime
clausit<gap reason="lost"/>Insanierunt in hac suasoria multi
circa Othryaden: MVRREDIVS qui dixit:
fugerunt Athenienses; non enim Othryadis nostri litteras
didicerant. GARGONIVS dixit: Othryades qui periit ut
falleret, reuixit ut uinceret. LICINIVS NEPOS : cuius
exemplo <pb n="b.16"/> uobis etiam mortuis uincendum fuit.
ANTONIVS ATTICVS inter has pueriles sententias
uidetur palmam meruisse; dixit enim: Othryades paene
a sepulcro uictor digitis uulnera conpressit, ut
tropaeo Laconem inscriberet. O dignum <del>in</del> Spartano
atramentum! o uirum cuius ne litterae quidem fuere
sine sanguine. CATIVS CRISPVS municipalis
<foreign xml:lang="grc">kakozh/lws</foreign> dixit post relatum exemplum Othryadis: aliud
ceteros, aliud Laconas decet: nos sine deliciis educamur,
sine muris uiuimus, sine uita uincimus.
</p></div>

<div type="textpart" n="17" subtype="section"><p> SENECA fuit, cuius nomen ad uos potuit peruenisse,
ingenii confusi ac turbulenti, qui cupiebat grandia
dicere, adeo ut nouissime morbo huius rei et
teneretur et rideretur; nam et seruos nolebat habere nisi
grandes et argentea uasa non nisi grandia.
Credatis mihi uelim non iocanti, eo peruenit insania eius,
ut calceos quoque maiores sumeret, ficus non esset
nisi mariscas, concubinam ingentis staturae haberet.
Omnia grandia si quando inueniret probanti
inpositum est cognomen uel; ut Messala ait,
<pb n="p.21"/>
cognomentum, et uocari coepit Seneca Grandio. Is in hac
suasoria cum posuisset contradictionem: “at omnes
qui missi erant a Graecia fugerunt” sublatis
manibus, insistens summis digitis — sic enim solebat
quo grandior fieret — exclamat: gaudeo, gaudeo.
mirantibus nobis quod tantum illi bonum contigisset,
adiecit: totus Xerses meus erit. Item dixit: iste qui
classibus suis maria subripuit, qui terras
circumscripsit, dilatauit profundum, nouam rerum naturae
faciem imperat, ponat sane contra caelum castra:
commilitones habebo deos.
</p></div>

<div type="textpart" n="18" subtype="section"><p>SENIANVS multo
potentius dixit: terras armis obsidet, caelum sagittis,
maria uinculis: Lacones nisi succurritis mundus
captus est. Decentissimi generis stultam sententiam
referam VICTORIS STATORI, municipis mei, cuius
fabulis memoria dignissimis aliquis † suasoria <pb n="b.17"/>
occasione sumpsit contradictionem: At, inquit, trecenti
sumus; et ita respondit: trecenti, set uiri, set
armati, set Lacones, set ad Thermopylas; numquam
uidi plures trecentos.
</p></div>

<div type="textpart" n="19" subtype="section"><p>Latro in hac suasoria cum
tractasset omnia quae materia capiebat, posse ipsos
et uincere, posse certe inuictos reuerti <del>et</del> beneficio
loci; tum illam sententiam <add>adiecit</add>: si nihil aliud
erimus certe belli mora. Postea memini auditorem
Latronis ARBRONIVM SILONEM, patrem huius
Silonis qui pantomimis fabulas . scripsit et ingenium
grande non tantum deseruit sed polluit, recitare
<pb n="p.22"/>
carmen in quo agnouimus sensum Latronis in his
uersibus:
<quote rend="blockquote"><lb/>Ite agite, <add>o</add> Danai, magnum Paeana canentes;
<lb/>Ite triumphantes, belli mora concidit Hector.</quote>

Tam diligentes tunc auditores erant, ne dicam
tam maligni, ut unum uerbum surripi non posset:
</p></div>

<div type="textpart" n="20" subtype="section"><p> at nunc cuilibet orationes in Verrem tuto <add>dicere</add>
licet pro suo. Sed ut sciatis sensum bene dictum
dici tamen posse melius, notate prae ceteris quanto
decentius Vergilius dixerit hoc quod ualde erat
celebre “belli mora concidit Hector:” <note><bibl>Verg. Aen. XI 288 sqq.</bibl></note> <quote rend="blockquote"><lb/>Quidquid ad aduersae cessatum est moenia Troiae
<lb/>Hectoris Aeneaeque manu uictoria Graium
<lb/>Haesit.</quote>
MESSALA aiebat hic Vergilium debuisse desinere:
quod sequitur
<quote rend="blockquote"><lb/>Et in decimum uestigia rettulit annum,</quote>
explementum esse, Maecenas hoc etiam priori
conparabat.
</p></div>

<div type="textpart" n="21" subtype="section"><p> Sed ut ad Thermopylas reuertar, DIOCLES
CARYSTIVS dixit <gap reason="lost"/><pb n="b.18"/> APATVRIVS dixit <gap reason="lost"/>Corvo
rhetori testimonium stuporis reddendum est qui
dixit: “quid? si iam Xerses ad nos suo mari
nauigat, fugiamus antequam nobis terra subripiatur.” Hic est CORVVS qui cum temptaret scolam Romae
Sosio illi qui Iudaeos subegerat declamauit
controuersiam de ea quae apud matronas disserebat liberos
<pb n="p.23"/>
non esse tollendos et ob hoc accusatur reipublicae
laesae. In hac controuersia sententia eius haec
ridebatur: “inter pyxides et redolentis animae
medicamina constitit mitrata contio.” </p></div>

<div type="textpart" n="22" subtype="section"><p>Sed si uultis hiostoricum
quoque uobis fatuum dabo. TVSCVS ille
qui Scaurum Mamercum in quo Scaurorum familia
extincta est maiestatis reum fecerat, homo quam
inprobi animi tam infelicis ingenii, cum hanc
suasoriam declamaret dixit: “expectemus si nihil aliut,
hoc effecturi, ne insolens barbarus dicat: ueni, uidi,
uici,” cum hoc post multos annos Diuus Iulius
uicto Pharnace dixerit. DVRION dixit: <foreign xml:lang="grc">a)/ndres</foreign> <gap reason="lost"/>
Aiebat NICOCRATES Lacedaemonius insignem hanc
sententiam futuram fuisse, si media intercideretur.
</p></div>

<div type="textpart" n="23" subtype="section"><p>Sed ne uos diutius infatuem, quia dixeram me FVSCI
ARELLI explicationes subiecturum, hic suasoriae
<add>finem</add> faciam: quarum nimius cultus et fracta
conpositio poterit uos offendere, cum ad meam
aetatem ueneritis: interim <add>non</add> dubito quin nunc uos
ipsa quae offensura sunt uitia delectent. <pb n="b.19"/></p></div></div>

<div type="textpart" n="3" subtype="chapter"><head>Deliberat Agamemnon an Iphigeniam inmolet
negante Calchante aliter nauigari fas esse.</head>

<div type="textpart" n="1" subtype="section"><p>
Non in aliam
condicionem deus fudit aequora quam ne omnis ex uoto
<pb n="p.24"/>
iret dies; nec ea sors mari tantum est: caelum
specta: non sub eadem conditione sidera sunt? alias
negatis imbribus exurunt solum, et miseri
concremata agricolae lugent semina, et haec interdum anno
lex est; alias serena clauduntur et omnis dies
caelum nubilo grauat: subsidit solum et creditum sibi
terra non retinet; alias incertus sideribus cursus est:
<del>et ut</del> uariantur tempora neque soles nimis
urguent neque ultra debitum imbres cadunt: quidquid
asperatum aestu est, quidquid nimio diffluxit imbre
inuicem temperatur altero; siue ita natura disposuit
siue, ut ferunt, luna cursu gerit — quae siue plena
lucis suae est splendensque pariter adsurgit in
cornua imbres prohibet, siue occupata nubilo
sordidiorem ostendit
orbem suum non ante finit quam
lucem reddit — siue ne lunae quidem ista potentia
est, sed flatus qui occupauere annum tenent.
quidquid horum est, extra iussum dei tutum fuit
adultero mare. At non potero uindicare adulteram.
prior est salus pudicae; ne quid huius uirginitati
timerem persequebar adulterum. uicta Troia
uirginibus hostium parcam: nihil adhuc uirgo Priami
 timet.
</p></div>

<div type="textpart" n="2" subtype="section"><p> CESTI PII. Vos ego adhuc, di inmortales,
inuoco: sic reclusuri estis maria? obstate potius.
Ne Priami quidem liberos immolaturus es. Describe
nunc tempestatem: omnia ista patimur nec
parricidium fecimus. Quod hoc sacrum est uirginis
deae templo uirginem occidere? libentius hanc
<pb n="p.25"/>
sacerdotem habebit quam uictimam. CORNELII HISPANI.
Infestae sunt, inquit, tempestates <pb n="b.20"/> et saeuiunt maria
neque adhuc parricidium feci. Ista maria si numine
suo deus regeret, adulteris clauderentur. MARILLI.
Si non datur nobis ad bellum iter, reuertamur ad
liberos. ARGENTARII. Iterum in malum familiae
nostrae fatale reuoluimur: propter adulteram fratris
liberi pereunt. ista mercede nollem <add>eam</add> reuerti.
</p></div>

<div type="textpart" n="3" subtype="section"><p> at Priamus bellum pro adultero filio gerat.
DIVISIO. Hanc suasoriam sic diuisit FVSCVS ut
diceret, etiamsi aliter nauigare non possent, non
esse faciendum, et sic tractauit ut negaret faciendum,
quia homicidium esset, quia parricidium, quia plus
inpenderetur quam peteretur: peti <add>Helenam</add>, inpendi
Iphigeniam; uindicari adulterium, committi
parricidium. Deinde dixit, etiamsi non immolasset,
nauigaturum; illam enim moram naturae, maris et
uentorum, deorum uoluntatem ab hominibus non
intellegi. Hoc CESTIVS diligenter diuisit: dixit enim
deos rebus humanis non interponere arbitrium suum;
<add>ut</add> interponant, uoluntatem eorum ab homine non
intellegi; ut intellegatur, non posse fata reuocari.
si non sint fata, nesciri futura; si sint, non posse
mutari.
</p></div>

<div type="textpart" n="4" subtype="section"><p>SILO POMREIVS etiamsi quod esset diuinandi
genus certum, auguriis negauit credendum:
quare ergo, si nescit Calchas, adfirmat primum et
scire se putat? Hic communem locum dixit in
omnes qui hanc adfectarent scientiam; deinde:
irascitur tibi, inuitus militat, quaerit sibi tam magno
testimonio apud omnes gentes fidem. In ea
<pb n="p.26"/>
descriptione <add>quam</add> primam in hac suasoria posui FVSCVS
ARELLIVS Vergilii uersus uoluit imitari. Valde
autem longe petiit et paene repugnante materia,
certe non desiderante, inseruit. Ait enim de luna “quae siue plena lucis suae est splendensque pariter
assurgit in cornua, imbres prohibet; siue occupata
nubilo sordidiorem ostendit orbem suum, non <pb n="b.21"/> ante
 finit quam lucem reddit.” </p></div>

<div type="textpart" n="5" subtype="section"><p> At Vergilius haec quanto
et simplicius et beatius dixit:
<cit><quote><lb/>Luna reuertentes cum primum colligit ignes,
<lb/>Si nigrum obscuro comprenderit aere cornu,
<lb/>Maximus agricolis pelagoque parabitur imber.</quote> <bibl n="Verg. G. 427-429">Verg. G. 427-429</bibl></cit>
Et rursus:
Si<gap reason="lost"/>
<cit><quote><lb/>Pura nec obtunsis per caelum cornibus ibit.</quote> <bibl n="Verg. G. 432">Verg. G. 432</bibl></cit>
Solebat autem FVSCVS ex Vergilio multa trahere,
ut Maecenati imputaret: toties enim pro beneficio
narrabat in aliqua se Vergiliana descriptione
placuisse; sicut in hac ipsa suasoria dixit: “cur iste
inter eius ministerium placuit? cur hoc os deus
elegit? cur hoc sortitur potissimum Pythius” — quo
tantum non impie aiebat se imitatum esse Vergilianum
 <note><bibl>Verg. Mcl. III 59?</bibl></note> “plena deo?” </p></div>

<div type="textpart" n="6" subtype="section"><p> Solet autem Gallio noster hoc
aptissime ponere. Memini una nos ab auditione
NICETIS ad Messalam uenisse. Nicetes suo impetu
ualde Graecis placuerat. quaerebat a Gallione
Messala, quid illi uisus esset Nicetes ? Gallio ait: “plena
deo.” quotiens audierat aliquem ex his
<pb n="p.27"/>
declamatoribus quos scolastici caldos uocant, statim dicebat: “plena deo.” Ipse Messala numquam aliter illum ab
noui hominis auditione uenientem interrogauit, quam
ut diceret: “numquid plena deo?” Itaque hoc ipsi
iam tam familiare erat ut inuito quoque excideret.
</p></div>

<div type="textpart" n="7" subtype="section"><p>Apud Caesarem cum mentio esset de ingenio Hateri
consuetudine prolapsus dixit: “et ille erat plena
deo.” quaerenti deinde quid hoc esse uellet uersum
Vergilii retulit et quomodo hoc semel sibi apud
Messalam excidisset et nunquam <add>non</add> postea
potuisset excidere. Tiberius ipse Theodoreus
offendebatur Nicetis ingenio, itaque delectatus est fabula
Gallionis: hoc autem dicebat Gallio Nasoni suo
ualde placuisse; itaque fecisse illum quod in multis
aliis uersibus <pb n="b.22"/> Vergilii fecerat, non subripiendi causa,
sed palam mutuandi, hoc animo ut uellet agnosci;
esse autem in tragoedia eius:
<quote rend="blockquote"><lb/>feror huc illuc, ut plena deo.</quote>
Iam <add>si</add> uultis ad FVSCVM reuertar et descriptionibus
eius uos statim satiabo ac potissimum eis quas in
uerisimilitudinis tractatione posuit, cum diceret
omnino non concessam futurorum scientiam.</p></div></div>
<pb n="p.28"/>
<div type="textpart" n="4" subtype="chapter">
<head>Deliberat Alexander Magnus an Babylona intret,
cum denuntiatum esset illi responso auguris
periculum.</head>
<div type="textpart" n="1" subtype="section"><p> ARELLI FVSCI. Quis est qui futurorum scientiam
sibi uindicet? nouae oportet sortis is sit qui iubente
deo canat, non eodem contentus utero quo
inprudentes nascimur: quandam imaginem dei praeferat
qui iussa exhibeat dei. Sic est; tantum enim regem
tantique rectorem orbis in metum cogit. Magnus
iste et supra humanae sortis habitum sit cui liceat
terrere Alexandrum: ponat iste suos inter sidera
patres et originem caelo trahat, agnoscat suum
uatem deus; non eodem uitae fine, aetate magna,
extra omnem fatorum necessitatem caput sit quod
gentibus futura praecipiat. Si uera sunt ista, quid
ita non huic studio seruit omnis aetas? cur non ab
infantia rerum naturam deosque qua licet uisimus,
cum pateant nobis sidera et interesse numinibus
liceat ? quid ita inutili desudamus facundia aut
periculosis atteritur armis manus ? an melius alio pignore
 quam futuri scientia ingenia surrexerint?
</p></div>

<div type="textpart" n="2" subtype="section"><p> Qui uero
in media se, ut praedicant, fatorum misere pignora
natales inquirunt et primam aeui horam omnium
annorum habent nuntiam, quo ierint motu sidera,
in quas discucurrerint partes, contrane <pb n="b.23"/> deus steterit,
<pb n="p.29"/>
an placidus adfulserit sol; an plenam lucem, <add>an</add>
initia surgentis acceperit, an abdiderit in noctem
obscurum caput luna; Saturnus nascentem, an ad
bella Mars militem, an negotiosum in quaestus Mercurius
exceperit, an blanda adnuerit nascenti Venus,
an ex humili in sublime Iuppiter tulerit aestimant:
tot circa unum caput tumultuantis deos!
</p></div>

<div type="textpart" n="3" subtype="section"><p>Futura
nuntiant: plerosque dixere uicturos, at nihil
metuentis oppressit dies; aliis dedere finem propinquum;
at illi superfuere agentes inutilis animas;
felices nascentibus annos spoponderunt, at fortuna
in omnem properauit iniuriam. incertae enim sortis
uiuimus: unicuique ista pro ingenio finguntur, non
ex fide scientiae. Erit aliquis orbe toto locus qui
te uictorem non uiderit? Babylon ei cluditur cui
patuit Oceanus.
</p></div>

<div type="textpart" n="4" subtype="section"><p>DIVISIO. In hac suasoria nihil aliud tractasse
FVSCVM scio quam easdem quas supra retuli
quaestiones ad scientiam futuri pertinentis. Illud quod
nos delectauit praeterire non possum.
Declamitauerat FVSCVS ARELLIVS controuersiam de illa quae
postquam ter mortuos pepererat somniasse se dixit,
ut in luco pareret. Valde in uos contumeliosus
fuero, si totam controuersiam quam ego intellego
me dicere <gap reason="lost"/><add>cum</add> FVSCVS declamaret et a parte
aui non agnoscentis puerum tractaret locum contra
<pb n="p.30"/>
somnia et deorum prouidentiam, et male de
magnitudine eorum dixisset mereri eum qui illos circa
puerperas mitteret, summis clamoribus illum dixit
Vergili uersum:
</p></div>

<div type="textpart" n="5" subtype="section"><p> 
<cit><quote><lb/>Scilicet is superis labor est, ea cura quietos
<lb/>Sollicitat.</quote> <bibl n="Verg. A. 4.379">Aen. A. 4.379</bibl></cit>
Auditor FVSCI quidam cuius pudori parco, cum hanc
suasoriam de Alexandro ante Fuscum diceret,
putabat aeque belle poni eundem uersum et dixit: <pb n="b.24"/>
<quote rend="blockquote"><lb/>Scilicet is superis labor est, ea cura quietos
<lb/>Sollicitat.</quote>
FVSCVS illi ait: si hoc dixisses audiente
Alexandro, scisses apud Vergilium et illum uersum esse:
<cit><quote><lb/>capulo tenus abdidit ensem.</quote> <bibl n="Verg. A. 2.553">Aen. A. 2.553</bibl></cit>
Et quia soletis mihi molesti esse de FVSCO, quid
fuerit, quare nemo uideretur dixisse cultius, ingeram
uobis Fuscinas explicationes. Dicebat autem
suasorias libentissime et frequentius Graecas quam
Latinas. HYBREAS in hac suasoria dixit: <foreign xml:lang="grc">oi(=on e)/sxen
h( *babulw\n ma/ntin o)xu/rwma</foreign>.
</p></div></div>


<div type="textpart" n="5" subtype="chapter"><head>Deliberant Athenienses an tropaea Persica tollant,
Xerse minante rediturum se nisi tollerentur.</head>
<div type="textpart" n="1" subtype="section"><p> ARELLI FVSCI. Pudet me uictoriae uestrae si
fugatum creditis Xersem ut reuerti possit. Tot caesa
milia, nihil ex tanta acie relictum minanti nisi quod
uix fugientem sequi possit; totiens mersa classis;
quid Marathona, quid Salamina referam? pudet
<pb n="p.31"/>
dicere: dubitamus adhuc an uicerimus. Xerses ueniet?
nescio quomodo languet circa memoriam iacturae
animus et disturbata arma non repetit. prior enim
metus futuri pignus est et amissa ne audeat amissurum
monent. Vt interdum in gaudio surgit
animus et spem ex praesenti metitur, ita aduersis
frangitur. Omnis destituit animum dies ubi ignominia
spem premit, ubi nullam meminit aciem nisi qua
fugerit; errat circa damna sua et quae male expertus
est uota deponit. Si uenturus esset non
minaretur: saeuis ira ardet ignibus et in pacta non
soluitur.
</p></div>

<div type="textpart" n="2" subtype="section"><p>Non denuntiaret si uenturus esset neque
armaret nos nuntio nec instigaret uictricem
Graeciam nec sollicitaret arma <pb n="b.25"/> felicia: magis superueniret
inprouidis: nam et <add>antea</add> arma indenuntiata
mouerat. Quantumcunque Oriens ualuit primo in
Graeciam impetu effusum est: hoc ille numero ferox et
in deos arma tulerat. extincta tot ante Xersem
milia, tot sub ipso, iacent: nulli nisi qui fugerunt
supersunt. Quid dicam Salamina? quid Cynaegiron
referam et te Polyzele? et hoc agitur, an uiceris?
Haec ego tropaea de <add>te</add> posui, haec in totius
conspectu Graeciae statui, ne quis timeret Xerxem
minantem. Me miserum, pugnante Xerxe tropaea
posui, fugiente tollam? Nunc Athenae uincimur:
non tantum credetur redisse set uicisse Xerses.
</p></div>

<div type="textpart" n="3" subtype="section"><p>Non
potest Xerses nisi per nos tropaea tollere. Credite
mihi, difficilest adtritas opes recolligere et spes
fractas nouare et <add>ex</add> paenitenda acie in melioris
<pb n="p.32"/>
euentus fiduciam surgere. CESTI PII. Inferam, inquit,
bellum. alia mihi tropaea promittit. Potest maior
uenire quam uictus est? ARGENTARII. Non pudet
uos?
</p></div>

<div type="textpart" n="4" subtype="section"><p> pluris tropaea uestra Xerxes aestumat quam uos.
DIVISIO. FVSCVS sic diuisit: etiamsi uenturus est
Xerses nisi tollimus, non sunt tropaea tollenda.
Confessio seruitutis est iussa facere: si uenerit
uincemus; hoc non est diu colligendum de eo: dico “uincemus” quem uicimus. Sed ne ueniet quidem:
si uenturus esset non denuntiaret; fractus est et
uiribus et animo. CESTIVS et illud adiecit, quod in
prima parte tractauit, non licere Atheniensibus
tropaea tollere: commune in illis ius totius Graeciae
esse; communem uictoriam, bellum fuisse commune.
deinde ne fas quidem esse: numquam factum ut
quisquam consecratis uirtutis suae operibus manus
adferret. Ista tropaea non sunt Atheniensium,
deorum sunt; illorum bellum fuit, illos Xerses uinculis,
illos <pb n="b.26"/> sagittis persequebatur. Hic omnia ad impiam
 et superbam Xerxis militiam pertinentia. Quid ergo?
</p></div>

<div type="textpart" n="5" subtype="section"><p> bellum habebimus? habuimus; et si Xersem
remoueris, inuenietur alius hostis: numquam magna
imperia otiosa. Enumeratio bellorum prospere ab
Atheniensibus gestorum. Deinde non erit bellum: Xerxes
enim non ueniet. multo timidiores esse quom
superbissimi fuerint. Nouissime, ut ueniat, cum quibus
ueniet? reliquias uictoriae nostrae colliget: illos
adducet quos priore bello quasi inutiles reliquerat, aut
<pb n="p.33"/>
si qui ex fuga consecuti sunt. nullum habet
militem nisi aut fastiditum aut uictum.
</p></div>

<div type="textpart" n="6" subtype="section"><p>ARGENTARIVS
his duobus contentus fuit: aut non uenturum
Xerxen, aut non esse metuendum si uenerit. his solis
institit, et illud dixit quod exceptum est: “tollite,” inquit, “tropaea.” si uicisti, quid erubescis? si uictus
es, quid imperas? Locum mouit non inutiliter:
iudicare quidem se neque Xerxen neque iam
quemquam Persarum ausurum in Graeciam effundi; sed
eo magis tropaea ipsis tuenda, si quis umquam
illinc uenturus hostis esset, ut conspectu tropaeorum
animi militum accenderentur, hostium frangerentur.
</p></div>

<div type="textpart" n="7" subtype="section"><p>BLANDVS dixit: repleat ipse prius Atho et maria in
antiquam faciem reducat. apparere uult posteris
quemadmodum uenerit: appareat quemadmodum
redierit. TRIARIVS omni dimissa diuisione tantum
exultauit quod Xerxen audiret uenire: adesse ipsis
nouam uictoriam, noua tropaea. SILO POMPEIVS
uenusto genere sententiae usus est: “enisi tollitis,” inquit, “tropaea, ego ueniam.” hoc ait Xerses: nisi haec
tropaea tollitis, alia ponetis.
</p></div>

<div type="textpart" n="8" subtype="section"><p>Alteram partem solus
GALLIO declamauit et hortauit ad tollenda tropaea;
dixit gloriae nihil detrahi: mansuram enim
memoriam uictoriae quae perpetua esset; ipsa tropaea et
tempestatibus et aetate <pb n="b.27"/> consumi; bellum
suscipiendum fuisse pro libertate, pro coniugibus, pro
liberis: pro re superuacua et nihil nocitura si defieret
non esse suscipiendum. Hic dixit utique uenturum
Xerxen et descripsit aduersus ipsos deos tumentem;
deinde habere illum magnas uires: neque omnes
<pb n="p.34"/>
illum copias in Graeciam perduxisse nec omnes in
Graecia perdidisse; timendam esse fortunae
uarietatem; exhaustas esse Graeciae uires nec posse iam
pati alterum bellum: illi esse inmensam
multitudinem hominum. Hoc loco disertissimam sententiam
dixit quae uel in oratione uel in historia ponatur:
diutius illi perire possunt quam nos uincere.</p></div></div>

<div type="textpart" n="6" subtype="chapter"><head>Deliberat Cicero an Antonium deprecetur.</head>
<div type="textpart" n="1" subtype="section"><p> Q. HATERIVS. Sciant posteri potuisse Antonio
seruire rempublicam, non potuisse Ciceronem.
Laudandus erit tibi Antonius: in hac causa etiam
Ciceronem uerba deficient. Crede mihi, quam diligenter
te custodieris faciet tamen Antonius quod Cicero
tacere non possit. Si intellegis, Cicero, non dicit “roga ut uiuas,” sed “roga ut seruias.” Quemadmodum autem hunc senatum intrare poteris, exhaustum
crudeliter, repletum turpiter? intrare autem tu
senatum uoles in quo non Cn. Pompeium uisurus <add>es</add>,
non M. Catonem, non Lucullos, non Hortensium,
non Lentulum atque Marcellum, non tuos, inquam,
consules Hirtium ac Pansam? Cicero, quid in alieno
 saeculo tibi? iam nostra peracta sunt.
</p></div>

<div type="textpart" n="2" subtype="section"><p> M. Cato
solus maximum uiuendi moriendique exemplum mori
maluit quam rogare — nec erat Antonium
rogaturus — et illas usque ad ultimum diem puras a
ciuili sanguine manus in pectus sacerrimum armauit.
<pb n="p.35"/>
Scipio cum gladium penitus abdidisset, quaerentibus
qui in nauem transiuerant militibus imperatorem “imperator,” <pb n="b.28"/> inquit, “bene se habet.” uictus uocem
uictoris emisit. “Vetat,” inquit, “Milo rogari
iudices:” i nunc et Antonium roga. PORCI LATRONIS.
</p></div>

<div type="textpart" n="3" subtype="section"><p>
Ergo loquitur umquam Cicero ut non timeat
Antonius, loquitur umquam Antonius ut Cicero timeat?
Ciuilis sanguinis Syllana sitis in ciuitatem redit, et
ad triumuiralem hastam pro uectigalibus ciuium
manorum mortes locantur; unius tabellae albo
Pharsalica ac Mundensis Mutinensisque ruina uincitur,
consularia capita auro rependentur: tuis uerbis
<del>Cicero</del> utendum est: “o tempora, o mores!” Videbis <note><bibl>in Catil.I1, 2</bibl></note>
ardentes crudelitate simul ac superbia oculos;
uidebis illum non hominis sed belli ciuilis uultum;
uidebis illas fauces per quas bona Cn. Pompei
transiuerunt, illa latera, illam totius corporis gladiatoriam
firmitatem; uidebis illum pro tribunali locum quem
modo magister equitum, cui ructare turpe erat,
uomitu foedauerat: supplex accadens genibus
deprecaberis? eo ore cui se debet salus publica humilia in
adulationem uerba summittes? Pudeat: Verres
quoque proscriptus fortius periit.
</p></div>

<div type="textpart" n="4" subtype="section"><p>CLAVDI MARCELLI
AESERNINI. Occurrat tibi Cato tuus cuius a te
laudata mors est: quicquam ergo tanti putas, ut
<pb n="p.36"/>
uitam Antonio debeas? CESTI PII. Si ad desiderium
populi respicis, Cicero, quandoque perieris parum
uixisti; si ad res gestas, satis uixisti; si ad iniurias
fortunae et praesentem reipublicae statum, nimium
diu uixisti; si ad memoriam operum tuorum, semper
uicturus es. POMPEI SILONIS. Scias licet tibi non
expedire uiuere, si Antonius permittit ut uiuas.
Tacebis ergo proscribente Antonio et rempublicam
laniante ? <del>et</del> ne gemitus quidem tuus liber erit. malo
populus Romanus mortuum Ciceronem quam uiuum
 desideret. Triarii. “Quae Charybdis est tam uorax ?
</p></div>

<div type="textpart" n="5" subtype="section"><p> <note n="marg"><bibl>Cic. Phil. II 27, 67</bibl></note> Charybdim dixi, quae si fuit, animal unum fuit; uix
medius <pb n="b.29"/> fidius Oceanus tot res tamque diuersas uno
tempore absorbere potuisset.” Huic tu saeuienti
putas Ciceronem posse subduci? ARELLI FVSCI
patris. Ab armis ad arma discurritur: foris uictores
domi trucidamur, domi in sanguine intestinus hostis
incubat: quis non hoc populi Romani statu
Ciceronem ut uiuat cogi putat? Rogabis, Cicero,
turpiter Antonium, <add>et</add> frustra. Non te ignobilis tumulus
abscondet; idem uirtutis tuae qui finis est
mortalium. humanorum operum custos memoria,
quae magnis uiris uitam perpetuat, in omnia te
 saecula sacratum dabit:
</p></div>

<div type="textpart" n="6" subtype="section"><p> nihil aliud intercidet quam
corpus fragilitatis caducae, morbis obnoxium,
casibus expositum, proscriptionibus obiectum; animus
uero diuina origine haustus, cui nec senectus ulla
nec mors, onerosi corporis uinculis exsolutus ad
sedes suas et cognata sidera recurret. Et tamen si
<pb n="p.37"/>
ad aetatem annorumque numquam obseruatum uiris
fortibus numerum respicimus, sexaginta supergressus
es nec potes non uideri nimis uixisse, qui moreris
reipublicae superstes. Vidimus furentia toto orbe
ciuilia arma, et post Italicas Pharsaliasque acies
Romanum sanguinem hausit Aegyptus. quid
indignamur in Ciceronem Antonio licere <add>quod</add> in
Pompeium Alexandrino licuit? an non sic
occiduntur qui ad indignos confugiunt? CORNELI HISPANI.
</p></div>

<div type="textpart" n="7" subtype="section"><p>
Proscriptus est ille qui tuam sententiam secutus est:
tota tabula tuae morti proluditur; alter fratrem
proscribi, alter auunculum patitur: quid habes spei?
ut Cicero periret tot parricidia facta sunt.
Repetas tecum tot patrocinia, tot clientelas et maximum
beneficiorum tuorum, <add>rempublicam</add> ipsam: iam
intelleges Ciceronem in mortem cogi posse, in preces non
posse. ARGENTARII. Explicantur triumuiralis regni
delicata conuiuia et popina tributo gentium
instruitur; ipse uino et somno marcidus deficientes oculos
ad capita proscriptorum <pb n="b.30"/> leuat. iam ad ista non
satis est dicere: “hominem nequam!” <note><bibl>Cic. Ph II 31, 77</bibl></note>
DIVISIO. LATRO sic hanc diuisit suasoriam:
</p></div>

<div type="textpart" n="8" subtype="section"><p>
etiamsi impetrare uitam ab Antonio potes, non est tanti
rogare; deinde: impetrare non potes. In priore illa
parte posuit turpe esse cuilibet Romano, nedum
Ciceroni, uitam rogare: hoc loco omnium qui ultro
mortem adprehendissent exempla posuit. deinde:
<pb n="p.38"/>
inutilis uita futura et morte grauior detracta
libertate. hic omnem acerbitatem seruitutis futurae
descripsit. deinde: non futuram fidem impetranti
beneficium. hic cum dixisset: aliquid erit quod
Antonium offendat aut factum tuum aut dictum aut
silentium aut uultus, adiecit sententiam: haut enim
 placiturus es.
</p></div>

<div type="textpart" n="9" subtype="section"><p> ALBVCIVS aliter diuisit: primam
partem fecit moriendum esse Ciceroni, etiamsi nemo
proscriberet eum: hic insectatio temporum fuit.
Deinde: moriendum esse illi sua sponte, quom moriendum
esset etiamsi mori noluisset: graues
odiorum causas esse; maximam causam proscriptionis
ipsum esse Ciceronem. Et solus <add>de</add>
declamatoribus temptauit dicere non unum illi esse Antonium
infestum. hoc loco dixit illam sententiam: si cui
ex triumuiris non es inuisus, grauis es. et illam
sententiam quae ualde excepta est:
</p></div>

<div type="textpart" n="10" subtype="section"><p> roga, Cicero,
exora unum, ut tribus seruias. CESTIVS sic diuisit:
mori tibi utile est, honestum est, necesse est, ut
liber et inlibatae dignitatis consummes uitam. hic
illam sententiam dixit audacem: ut numereris cum
Catone qui seruire <add>ne</add> Antonio quidem nondum
domino potuit. MARCELLVS hunc sensum de
Catone melius: usque eone omnia cum fortuna populi
Romani conuersa sunt, ut aliquis deliberet, utrum
satius sit uiuere cum Antonio, an mori cum
Catone? Sed ad diuisionem CESTI reuertamur. Dixit
utile esse, ne etiam cruciatus corporis pateretur:
<pb n="p.39"/>
non simplici illum modo periturum, si <del>in</del> Antonii
manibus incidisset. <pb n="b.31"/> in hac parte cum descripsisset
contumelias insultantium Ciceroni et uerbera et tormenta,
dixit illam multum laudatam sententiam:
tum mehercules, Cicero, cum ueneris ad Antonium,
mortem rogabis.
</p></div>

<div type="textpart" n="11" subtype="section"><p>VARIVS GEMINVS sic diuisit: hortarer
te, si nunc alterutrum utique faciendum esset,
aut moriendum aut rogandum, ut morereris potius
quam rogares; et omnia conplexus est quae a
ceteris dicta erant. Addidit et tertium: adhortatus
est illum ad fugam. illic esse M. Brutum, illic
C. Cassium, illic Sex. Pompeium. et adiecit illam
sententiam quam Cassius Seuerus unice mirabatur:
qui deficimus? et respublica suos triumuiros habet.
Deinde etiam quas petere posset regiones percucurrit:
Siciliam dixit uindicatam esse ab illo, Ciliciam
a proconsule egregie administratam, familiares studiis
eius et Achaiam et Asiam, Deiotari regnum
obligatum beneficiis, Aegyptum et habere beneficii memoriam
et agere perfidiae paenitentiam. sed maxime
illum in Asiam et in Macedoniam hortatus est in
Cassi et in Bruti castra. Itaque CASSIVS SEVERVS
aiebat alios declamasse, Varium Geminum uiuum
consilium dedisse.
</p></div>

<div type="textpart" n="12" subtype="section"><p>Alteram partem pauci declamauerunt. nemo ausus
est Ciceronem ad deprecandum Antonium hortari,
bene de Ciceronis animo iudicauerunt. GEMINVS
VARIVS declamauit alteram quoque partem et ait:
spero me Ciceroni meo persuasurum ut uelit uiuere.
quod grandia loquitur et dicit:  <note><bibl>Cic. in Cat. IV 2, 3</bibl></note>
<pb n="p.40"/> “mors nec immatura consulari nec misera sapienti,” non mouet me:
ideo tamen <add>non</add> peribit; ego belle mores hominis
noui: faciet, rogabit. nam quod ad seruitutem
pertinet, non recusabit; iam collum tritum habet; et
Pompeius illum et Caesar subiecerunt: ueteranum
mancipium uidetis. et complura alia dixit scurrilia
 ut illi mos erat.
</p></div>

<div type="textpart" n="13" subtype="section"><p> Diuisit sic ut diceret non turpiter
rogaturum, non frustra rogaturum. In priore parte
illud posuit, non esse turpe ciuem uictorem rogari
a uicto. <pb n="b.32"/> hic quam multi rogassent C. Caesarem, hic
et Ligarium. deinde ne iniquum quidem esse
Ciceronem satisfacere, qui prior illum proscripsisset, qui
hostem iudicasset; ab eo semper nasci satisfactionem
† ac dacto rogari. deinde non pro uita illum, sed
pro republica rogaturum: satis illum sibi uixisse,
reipublicae parum. In sequenti parte dixit exorari
solere inimicos, ipsum exoratum a Vatinio, Gaio
quoque Verri adfuisse. facilius exorari Antonium
posse qui, cum tertius esset, reliquis III <add>uiris</add> hanc
tam speciosam clementiae occasionem praeriperet.
fortasse ei irasci Antonium, quia ne tanti quidem
 illum putasset quem rogaret.
</p></div>

<div type="textpart" n="14" subtype="section"><p> Fuga quam periculosa
esset cum descripsisset, adiecit quocunque
peruenisset seruiendum illi esse: ferendam esse aut Cassii
uiolentiam aut Bruti superbiam aut Pompei stultitiam.
Quoniam in hanc suasoriam incidimus non
alienum puto indicare, quomodo quisque se ex
<pb n="p.41"/>
historicis aduersus memoriam Ciceronis gesserit. Nam
quin Cicero nec tam timidus fuerit ut rogaret
Antonium, nec tam stultus ut exorari posse <add>eum</add> speraret,
nemo dubitat excepto Asinio Pollione qui infestissimus
famae Ciceronis permansit. et is etiam
occasionem scolasticis alterius suasoriae dedit; solent
enim scolastici declamitare: deliberat Cicero an
salutem promittente Antonio orationes suas comburat.
</p></div>

<div type="textpart" n="15" subtype="section"><p>Haec inepte ficta cuilibet uideri potest. Pollio
uult illam ueram uideri; ita enim dixit in ea
oratione quam pro Lamia edidit. ASINI POLLIONIS. “Itaque numquam per Ciceronem mora fuit, quin
eiuraret suas esse quas cupidissime effuderat
orationes in Antonium; multiplicesque numero et accuratius
scriptas illis contrarias edere ac uel ipse
palam pro contione recitare pollicebatur;” adieceratque
his alia sordidiora multo, ut <pb n="b.33"/> cuilibet facile liqueret
hoc totum adeo falsum esse, ut ne ipse quidem
Pollio in historiis suis ponere ausus sit. Huic certe
actioni eius pro Lamia qui interfuerunt negant eum
haec dixisse — nec enim mentiri sub triumuirorum
conscientia sustinebat — sed postea conposuisse.
</p></div>

<div type="textpart" n="16" subtype="section"><p>Nolo
autem uos, iuuenes mei, contristari, quod a
declamatoribus ad historicos transeo. satisfaciam uobis
et fortasse efficiam, ut his sententiis lectis solidis et
uerum habentibus <add>a scolasticis</add> recedatis: sed quia,
hoc si iam recta uia consequi non potero, decipere
uos cogar, uelut salutarem daturus pueris potionem
<pb n="p.42"/>
absinthiati poculi, LIVIVS adeo retractationis
consilium habuisse Ciceronem non dicit, ut neget tempus
 habuisse; ita enim ait:
</p></div>

<div type="textpart" n="17" subtype="section"><p> T. LIVI. Marcus Cicero
sub aduentum triumuirorum urbe cesserat pro certo
habens id quod erat, non magis <add>se</add> Antonio eripi
quam Caesari Cassium et Brutum posse: primo in
Tusculanum fugerat, inde transuersis itineribus in
Formianum ut ab Caieta nauem conscensurus
proficiscitur. unde aliquoties in altum prouectum cum
modo uenti aduersi retulissent, modo ipse iactationem
nauis caeco uoluente fluctu pati non posset,
taedium tandem eum et fugae et uitae cepit,
regressusque ad superiorem uillam, quae paulo plus
mille passibus a mari abest, “moriar,” inquit, “in
patria saepe seruata.” Satis constat seruos fortiter
fideliterque paratos fuisse ad dimicandum; ipsum
deponi lecticam et quietos pati quod sors iniqua
cogeret iussisse. Prominenti ex lectica praebentique
inmotam ceruicem caput praecisum est. nec satis
stolidae crudelitati militum fuit: manus quoque
scripsisse aliquid in Antonium exprobrantes
praeciderunt. Ita relatum caput ad Antonium iussuque eius
inter duas manus in rostris positum, ubi ille
consul, ubi saepe consularis, ubi eo ipso anno aduersus
Antonium quanta nulla umquam humana uox cum
admiratione eloquentiae auditus fuerat: uix
<pb n="p.43"/>
attollentes <add>prae</add> lacrimis oculos <pb n="b.34"/> homines intueri
trucidati membra ciuis poterant.
</p></div>

<div type="textpart" n="18" subtype="section"><p>BASSVS AVFIDIVS et
ipse nihil de animo Ciceronis dubitauit, quin
fortiter se morti non praebuerit tantum, sed obtulerit.
AVFIDI BASSI. Cicero paulum remoto uelo postquam
armatos uidit, “ego uero consisto,” ait: “accede
ueterane, et si hoc saltim potes recte facere, incide
ceruicem.” Trementi deinde dubitantique: “quid si
ad me,” inquit, “primum uenissetis?” </p></div>

<div type="textpart" n="19" subtype="section"><p>CREMVTIVS
CORDVS et ipse ait Ciceronem secum cogitasse,
utrumne Brutum, an Cassium, an Sex. Pompeium
peteret, <add>set</add> omnia illi displicuisse praeter mortem.
CREMVTI CORDI. Quibus uisis laetus Antonius, cum
peractam proscriptionem suam dixisset esse, quippe
non satiatus modo caedendis ciuibus, sed differtus
quoque, super rostra exponit. Itaque quo saepissime
ingenti circumfusus turba processerat, quae paulo
ante coluerat piis contionibus quibus multorum
capita seruauerat, tum per artus suos laceratus,
aliter ac solitus erat a ciuibus suis conspectus est,
praependenti capiti orique eius inspersa sanie, breui
ante princeps senatus Romanique nominis titulus,
tum pretium interfectoris serui. Praecipue tamen
soluit pectora omnium in lacrimas gemitusque uisa
ad caput eius deligata manus dextera, diuinae
eloquentiae ministra; ceterorumque caedes priuatos
luctus excitauerunt, illa una communem.
</p></div>

<div type="textpart" n="20" subtype="section"><p> BRVTTEDI
<pb n="p.44"/>
NIGRI. “Elapsus interim altera parte uillae Cicero
lectica per agros ferebatur; sed ut uidit
adpropinquare notum sibi militem Popilium nomine, memor
defensum a se laetiore uultu aspexit. at ille
uictoribus id ipsum imputaturus occupat facinus
caputque decisum nihil in ultimo fine uitae facientis, quod
alterutram in partem posset notari, Antonio portat
oblitus se paulo ante defensum ab illo.” Et hic
uoluit positi in rostris capitis miserabilem faciem describere,
</p></div>

<div type="textpart" n="21" subtype="section"><p> sed magnitudine rei obrutus est. <pb n="b.35"/> BRVTTEDI
NIGRI. Vt uero iussu Antonii inter duas manus
positum in rostris caput conspectum est, quo totiens
auditum erat loco, datae gemitu et fletu maximae
uiri inferiae, nec ut solet uitam depositi in rostris
corporis contio audiuit, sed ipsa narrauit. Nulla
non pars fori aliquo actionis inclutae signata uestigio
erat; nemo non aliquod eius in se meritum
fatebatur: hoc certe publicum beneficium palam erat, illam
miserrimi temporis seruitutem a Catilina dilatam in
Antonium.
Quoties magni alicuius <add>uiri</add> mors ab historicis
narrata est, toties fere consummatio totius uitae et
quasi funebris laudatio redditur. hoc semel aut
iterum a Thucydide factum, item in paucissimis
personis usurpatum a Sallustio, T. Liuius benignius
omnibus magnis uiris praestitit: sequentes historici
multo id effusius fecerunt. Ciceroni hoc, ut Graeco
 uerbo utar, <foreign xml:lang="grc">e)pita/fion</foreign> Liuius reddit.
</p></div>

<div type="textpart" n="22" subtype="section"><p> T. LIVI. Vixit
tres et sexaginta annos, ut si uis afuisset, ne
<pb n="p.45"/>
inmatura quidem mors uideri possit. ingenium et
operibus et praemiis operum felix; ipse fortunae diu
prosperae et in longo tenore felicitatis magnis
interim ictus uulneribus, exilio, ruina partium pro
quibus steterat, filiae <del>morte</del> exitu tam tristi atque
acerbo, omnium aduersorum nihil ut uiro dignum
erat tulit praeter mortem, quae uere aestimanti
minus indigna uideri potuit, quod a uictore inimico
<add>nil</add> crudelius passurus erat quam quod eiusdem
fortunae compos uicto fecisset. Si quis tamen
uirtutibus uitia pensaret, uir magnus ac memorabilis
fuit et in cuius laudes exsequendas Cicerone
laudatore opus fuerit. Vt est natura candidissimus omnium
magnorum ingeniorum aestimator T. Liuius, plenissimum
Ciceroni testimonium reddidit.
</p></div>

<div type="textpart" n="23" subtype="section"><p>CORDI
CREMVTI non est operae pretium referre redditam Ciceroni
laudationem; nihil enim <pb n="b.36"/> ipso ac Cicerone
dignum est, ac ne hoc quidem quod paene maxime
tolerabile est: CREMVTI CORDI. Proprias enim simultates
deponendas interdum putabat, publicas
numquam <del>ui</del> deserendas: ciuis non solum
magnitudine uirtutum, sed multitudine quoque
conspiciendus. AVFIDI BASSI. Sic M. Cicero decessit, uir
natus ad reipublicae salutem, quae diu defensa et administrata
in senectute demum e manibus eius elabitur,
non ipsius uitio laesa, <add>sed</add> quod nihil in salutem
eius aliud illi quam si caruisset Antonio placuit.
Vixit sexaginta et tres annos ita, ut semper aut
<pb n="p.46"/>
peteret alterum aut inuicem peteretur, nullamque
rem rarius quam diem illum quo nullius interesset
 ipsum mori uidit.
</p></div>

<div type="textpart" n="24" subtype="section"><p> POLLIO quoque ASINIVS , qui
Verrem Ciceronis reum fortissime morientem tradidit,
Ciceronis mortem solus ex omnibus maligne narrat;
testimonium tamen quamuis inuitus plenum ei
reddidit. Asini Pollionis. “Huius ergo uiri tot
tantisque operibus mansuris in omne aeuum praedicare
de ingenio atque industria superua<add>cuum est</add>.
Natura autem atque fortuna pariter obsecuta est ei,
<add>si</add> quidem facies decora ad senectutem
prosperaque permansit ualetudo, tum pax diutina cuius
instructus erat artibus contigit. namque ad priscam
seueritatem iudiciis exactis maxima noxiorum
multitudo prouenit, quos obstrictos patrocinio incolumes
plerosque habebat. Iam felicissima consulatus ei
sors petendi et gerendi magna munera deum
consilio industriaque: utinam moderatius secundas res
et fortius aduersas ferre potuisset! namque
utraeque cum euenerant ei, mutari eas non posse
rebatur. inde sunt inuidiae tempestates coortae
grauissimae, eo certiorque inimicis adgrediendi fiducia;
maiore enim simultates adpetebat animo quam
gerebat. Sed quando mortalium nulli uirtus perfecta
contigit, qua maior pars uitae atque <pb n="b.37"/> ingenii stetit
ea iudicandum de homine est. Atque ego ne
miserandi quidem exitus eum fuisse iudicarem, nisi ipse
 tam miseram mortem putasset.” </p></div>

<div type="textpart" n="25" subtype="section"><p> Adfirmare uobis
possum nihil esse in historiis eius hoc quem retuli
loco disertius, ut mihi tunc non laudasse Ciceronem,
<pb n="p.47"/>
sed certasse cum Cicerone uideatur. nec hoc
deterrendi causa dico, ne historias eius legere
concupiscatis: concupiscite et poenas Ciceroni dabitis.
Nemo tamen ex tot disertissimis uiris melius
Ciceronis mortem deplorauit quam Seuerus Cornelius.
</p></div>

<div type="textpart" n="26" subtype="section"><p>
<cit><quote rend="blockquote">

<lb/>Oraque magnanimum spirantia paene uirorum
<lb/>In rostris iacuere suis: sed enim abstulit omnis,
<lb/>Tamquam sola foret, rapti Ciceronis imago.
<lb/>
<milestone unit="alt" n="10"/> Tunc redeunt animis ingentia consulis acta
<lb/>Iurataeque manus deprensaque foedera noxae
<lb/>Patriciumque nefas extinctum: poena Cethegi
<lb/>Deiectusque redit uotis Catilina nefandis.
<lb/>
<milestone unit="alt" n="15"/> Profuerant? sacris exculta quid artibus aetas?
<lb/>Abstulit una dies aeui decus, ictaque luctu
<lb/>Conticuit Latiae tristis facundia linguae.
<lb/>Vnica sollicitis quondam tutela salusque,
<lb/>Egregium semper patriae caput, ille senatus
<lb/>
<milestone unit="alt" n="20"/> Vindex, ille fori, legum ritusque togaeque,
<lb/>Publica uox saeuis aeternum obmutuit armis.
<lb/>Informes, uoltus sparsamque cruore nefando
<lb/>Canitiem sacrasque manus operumque ministras
<lb/>Tantorum pedibus ciuis proiecta superbis.
<lb/>
<milestone unit="alt" n="25"/> Proculcauit ouans nec lubrica fata deosque
<lb/>Respexit. nullo luet hoc Antonius aeuo.
<pb n="p.48"/>
<lb/>Hoc nec in Emathio mitis uictoria Perse, <pb n="b.38"/>
<lb/>Nec te, dire Syphax, non fecerat hoste Philippo;
<lb/>Inque triumphato ludibria cuncta Iugurtha
<lb/>Afuerant, nostraeque cadens ferus Hannibal irae
<lb/>Membra tamen Stygias tulit inuiolata sub umbras.</quote> <bibl>Cornelii Severi.</bibl></cit>
</p></div>

<div type="textpart" n="27" subtype="section"><p> Non fraudabo municipem nostrum bono uersu, ex
quo hic multo melior SEVERI CORNELII processit:
Conticuit Latiae tristis facundia linguae.
SEXTILIVS ENA fuit homo ingeniosus magis quam
eruditus, inaequalis poeta et plane quibusdam locis
<note><bibl>pro Arhia 10, 26</bibl></note> talis, quales esse Cicero Cordubenses poetas ait,
<add>pingue</add> quiddam sonantis atque peregrinum. is
hanc ipsam proscriptionem recitaturus in domo
Messalae Coruini Pollionem Asinium aduocauerat, et in
principio hunc uersum non sine assensu recitauit:
Deflendus Cicero est Latiaeque silentia linguae.
Pollio Asinius non aequo animo tulit et ait: “Messala, tu quid tibi liberum sit in domo tua uideris:
ego istum auditurus non sum quoi mutus uideor;” atque ita consurrexit. ei interfuisse recitationi
Seuerum quoque Cornelium scio, cui non aeque
displicuisse hunc uersum quam Pollioni adparet, quod
meliorem quidem, sed non dissimilem illi et ipse
conposuit. Si hic desiero, scio futurum, ut uos 1llo
loco desinatis legere, quo ego a scolasticis recessi;
ergo ut librum uelitis usque ad umbilicum
reuoluere, adiciam suasoriam proximae similem. <pb n="b.39"/></p></div></div>
<pb n="p.49"/>
<div type="textpart" n="7" subtype="chapter"><head>Deliberat Cicero an scripta sua conburat, promittente Antonio incolumitatem, si fecisset.</head>

<div type="textpart" n="1" subtype="section"><p>
Non feres Antonium: intolerabilis
in malo ingenio felicitas est nihilque † cupientis
magis accendit quam prosperae turpitudinis
conscientia. difficile est; non feres, inquam, et iterum
inritare inimicum in mortem tuam cupies. Quod ad
me quidem pertinet, multum a Cicerone absum: tamen
non taedet tantum me uitae meae, sed pudet.
Ne propter hoc quidem ingenium tuum amas, quod
illud Antonius plus odit quam te? remittere ait se
tibi ut uiuas, commentus quemadmodum eripiat etiam
quod uixeras. crudelior est pactio Antonii quam
proscriptio. Ingenium erat in quo nihil iuris
haberent triumuiralia arma. commentus est Antonius
quemadmodum quod non poterat cum Cicerone
<add>proscribere, a Cicerone</add> proscriberetur. Hortarer te,
Cicero, ut uitam magni aestimares, si libertas suum
haberet in ciuitate locum, si suum in libertate
eloquentia, si non ciuili ense ceruicibus luerentur;
nunc ut scias nihil esse melius quam mori, uitam
tibi Antonius promittit. Pendet nefariae
proscriptionis tabula: tot praetorii, tot consulares, tot
equestris ordinis uiri periere; nemo relinquitur nisi
qui seruire possit. nescio an hoc tempore uiuere
uelis, Cicero: nemo est cum quo uelis. Merito,
<pb n="p.50"/>
hercules, illo tempore uixisti quo Caesar ultro te
rogauit ut uiueres sine ulla pactione, quo tempore
non quidem stabat respublica, sed in boni principis
 sinum ceciderat.
</p></div>

<div type="textpart" n="2" subtype="section"><p> CESTI PII. Numquid opinio me
fefellit? intellexit Antonius saluis eloquentiae
monumentis non posse Ciceronem <pb n="b.40"/> mori. ad pactionem
uocaris, qua <del>pactione</del> melior in te pars tui petitur.
Adcommoda mihi paulisper eloquentiam: Ciceronem
periturum rogo. Si te audissent Caesar et Pompeius,
neque inissent turpem societatem neque diremissent:
si uti umquam consilio tuo uoluissent, neque
Pompeius Caesar<add>em deseruisset neque Pompeium
Caesar</add>. Quid consulatum salutarem urbi, quid exilium
consulatu honestius, quid prouocatam inter initia
adulescentiae libertate tirocinii tui Syllanam
potentiam, quid Antonium auulsum <add>a</add> Catilina, reipublicae
redditum?
</p></div>

<div type="textpart" n="3" subtype="section"><p> ignosce, Cicero, <add>si</add> diu ista narrauero:
forsitan hoc die nouissime audiuntur. Si occidetur
Cicero, iacebit inter Pompeium patrem filiumque
et Afranium, Petreium, Q. Catulum, M. Antonium
illum indignum hoc successore generis; si
seruabitur, uiuet inter Ventidios et Canidios et Saxas: ita
dubium est utrum satius sit cum illis iacere, an
cum his uiuere? Pro uno homine iactura publica
pacisceris. Scio omne pretium iniquum esse quod
ille constituit: non emo tanti Ciceronis uitam
<pb n="p.51"/>
quanti uendit Antonius. Si hanc tibi pactionem
ferret: uiues, sed eruentur oculi tibi, uiues, sed
debilitabuntur pedes: etiam si in alia damna corporis
praestares patientiam, excepisses tamen linguam.
Vbi est sacra illa uox tua: “mori enim naturae finis <note><bibl>Cic. pro Milone 37, 101</bibl></note>
est, non poena?” hoc tibi uni non liquet? at uideris
Antonio persuasisse. Adsere te potius libertati
et unum crimen inimico adice: fac moriendo
Antonium nocentiorem.
</p></div>

<div type="textpart" n="4" subtype="section"><p>P. ASPRENATIS. Vt Antonius
Ciceroni parcat, Cicero in eloquentiam suam ipse
animaduertet? quid autem tibi sub ista pactione
promittitur? ut Cn. Pompeius et M. Cato et ille
antiquos restituatur reipublicae senatus, dignissimus apud
quem Cicero loqueretur? Multos saepe uicturos
animi sui contemptus oppressit; multos perituros
parati ad pereundum animi ipsa <pb n="b.41"/> admiratio eripuit
et causa illis uiuendi fuit fortiter mori. Promitte
populo Romano contra Antonium. licet scripta
<add>tua</add> combusseris, Antonius paucos annos tibi promittit:
at si non combusseris, fama populi Romani
omnes.
</p></div>

<div type="textpart" n="5" subtype="section"><p>Pompei SILONIS. Quale est ut perdamus
eloquentiam Ciceronis, fidem sequamur Antoni?
misericordiam tu istam uocas, supplicium sumptum
<add>de</add> Ciceronis ingenio? credamus Antonio, Cicero,
si bene illi pecunias crediderunt feneratores, si bene
pacem Brutus et Cassius. Hominem et uitio
naturae et licentia temporum insanientem, inter scenicos
amores sanguine ciuili luxuriantem: hominem qui
creditoribus suis oppignerauit rempublicam, cuius
gulae duorum principum bona, Caesaris ac
Pompei, non potuerunt satisfacere! Tuis utar Cicero
<pb n="p.52"/>
uerbis: “cara est cuiquam salus quam aut dare aut
eripere potest Antonius?” </p></div>

<div type="textpart" n="6" subtype="section"><p> non est tanti seruari Ciceroneni,
<add>ut</add> seruatum Antonio debeam. TRIARI.
Conpulsus aliquando populus Romanus in eam
necessitatem est, ut nihil haberet praeter Iouem
obsessum et Camillum exulem: nullum tamen fuit
Camilli opus maius quam quod indignum putauit uiros
salutem pactioni debere. O grauem uitam, etiam si
sine pretio daretur! Antonius hostis a republica
iudicatus nunc hostem rempublicam iudicat.
Lepidus, ne quis illum putet male Antonio collegam
placuisse, alienae semper dementiae accessio,
utriusque collegae mancipium, noster dominus <add>est</add>.
</p></div>

<div type="textpart" n="7" subtype="section"><p> ARGENTARI. Nihil Antonio credendum est; mentior.
quid enim iste non potest qui occidere Ciceronem
potest, qui seruare nisi crudelius quam occidebat
non potest? ignoscere illum tibi putas qui ingenio
tuo irascitur? ab hoc tu speras uitam cui nondum
uerba tua exciderunt? Vt corpus quod fragile et
caducum est seruetur, pereat ingenium quod
aeternum est? ego mirabar, si non crudelior <pb n="b.42"/> esset Antonii
 uenia.
</p></div>

<div type="textpart" n="8" subtype="section"><p> P. Scipionem a maioribus suis
desciscentem generosa mors in numerum Scipionum
reposuit. Mortem tibi remittit, ut id pereat quod in te
solum inmortale est. qualis est pactio ? aufertur
Ciceroni ingenium sine uita; promittuntur <add>pro</add> obliuione
nominis tui pauci seruitutis anni. Non ille te
uiuere uult, sed tacere ingenii tui superstitem. Viue,
ut Cicero audiat Lepidum, <del>Cicero</del> audiat Antonium,
<pb n="p.53"/>
nemo Ciceronem. Poteris perferre, ut quod Cicero
optimum habet ante se efferat? sine durare post te
ingenium tuum, perpetuam Antonii proscriptionem.
ARELLI FVSCI patris. Quoad humanum genus
incolume manserit, quamdiu suus litteris honor, suum
eloquentiae pretium erit, quamdiu reipublicae
nostrae aut fortuna steterit, aut memoria durauerit,
admirabile posteris uigebit ingenium et uno
proscriptus saeculo proscribes Antonium omnibus. Crede
mihi, uilissima pars tui est, quae tibi uel eripi uel
donari potest: ille uerus est Cicero quem proscribi
Antonius non putat nisi a Cicerone posse.
</p></div>

<div type="textpart" n="9" subtype="section"><p>Non
ille tibi remittit proscriptionem, sed tolli desiderat
suam. Si fidem deceperit Antonius, morieris; si
praestiterit, seruies. quod ad me attinet, fallere
<add>eum</add> malo. Per te, M. Tulli, per quattuor et
sexaginta annos pulchre actos, per salutarem
reipublicae consulatum, per aeternam, si pateris,
ingeni tui memoriam, per rempublicam quae, ne quid
te putes carum illi relinquere, ante te periit, oro et
obtestor, ne moriaris confessus quam nolueris mori.
</p></div>

<div type="textpart" n="10" subtype="section"><p>Huius suasoriae alteram partem neminem scio
declamasse; omnes pro libris Ciceronis solliciti
fuerunt, nemo pro ipso, cum adeo illa pars non sit
mala, ut Cicero, si haec condicio lata ei fuisset,
deliberaturus non fuerit. Itaque hanc suasoriam
nemo declamauit efficacius quam Silo Pompeius: non
enim ad illa speciosa se contulit ad quae CESTIVS
<pb n="p.54"/>
qui <pb n="b.43"/> dixit, hoc grauius esse supplicium quam
mortem, et ideo hoc Antonium eligere; breuem uitam
esse omni, multo magis seni: ita memoriae
consulendum quae magnis uiris aeternitatem promitteret.
non qualibet mercede uitam redimendam <del>et</del>: hic
condiciones intolerabiles <del>esse</del>; <add>omnia potius
subeunda</add> quam monumenta ingenii sui ipsum exurere.
Iniuriam illum facturum populo Romano cuius
linguam <add>in locum</add> principem extulisset, ut insolentis
Graeciae studia tanto antecederet eloquentia, quanto
fortuna; iniuriam facturum generi humano.
paenitentiam illum acturum tam care spiritus empti, cum
in seruitute senescendum fuisset <add>et</add> in hoc unum
eloquentia utendum, ut laudaret Antonium. Male
 cum illo agi: dari uitam, eripi ingenium.
</p></div>

<div type="textpart" n="11" subtype="section"><p> SILO
POMPEIVS sic egit, ut diceret Antonium non
pacisci, sed inludere: non esse illam condicionem, sed
contumeliam; conbustis enim libris nihilominus
occisurum; non esse tam stultum Antonium, ut
putaret ad rem pertinere libros a Cicerone conburi, cuius
scripta per totum orbem terrarum celebrarentur, nec
hoc petere eum quod posset ipse facere: nisi forte
non esset in scripta Ciceronis ei ius cui esset in
Ciceronem; quaeri nihil aliud quam ut ille Cicero
multa fortiter de mortis contemptu locutus ad
turpes condiciones perductus occideretur. Antonium illi
non uitam cum condicione promittere, sed mortem
<pb n="p.55"/>
sub infamia quaerere. Itaque quod turpiter postea
passurus esset nunc illum debere fortiter pati.
Et haec suasoria insignita est <gap reason="lost"/>dixit enim
sententiam cacozeliae genere humillimo et sordidissimo,
quod detractu aut adiectione syllabae facit
sensum: “pro facinus indignum! peribit ergo quod
Cicero scripsit, manebit quod Antonius proscripsit?” </p></div>

<div type="textpart" n="12" subtype="section"><p>Apud Cestium Pium rhetorem declamabat hanc
suasoriam SVRDINVS, ingeniosus adulescens, a quo
Graecae fabulae eleganter <pb n="b.44"/> in sermonem Latinum
conuersae sunt. Solebat dulces sententias dicere,
frequentius tamen praedulces et infractas. In hac
suasoria cum iusiurandum bellis sensibus prioribus
complexus esset, adiecit: “ita te legam.” CESTIVS,
homo nasutissimus, dissimulauit exaudisse se, ut
adulescentem ornatum quasi inprudens obiurgaret: “quid dixisti? quid? ita te fruar?” Erat autem
CESTIVS nullius quidem ingenii <add>amator</add>, Ciceroni
etiam infestus, quod illi non inpune cessit.
</p></div>

<div type="textpart" n="13" subtype="section"><p>Nam
cum M. Tullius filius Ciceronis Asiam obtineret,
homo qui nihil ex paterno ingenio habuit praeter
urbanitatem, cenabat apud eum Cestius. M. Tullio et
natura memoriam dempserat, et ebrietas si quid ex ea
supererat subducebat; subinde interrogabat, qui ille
uocaretur qui in imo recumberet, et cum saepe
subiectum illi nomen Cestii excidisset, nouissime
seruus, ut aliqua nota memoriam eius faceret certiorem,
interroganti domino, quis ille esset qui in imo
recumberet, ait: “hic est Cestius qui patrem tuum
negabat litteras scisse;” adferri ocius flagra iussit et
<pb n="p.56"/>
Ciceroni, ut oportuit, de corio Cestius satisfecit.
</p></div>

<div type="textpart" n="14" subtype="section"><p> Erat autem etiam ubi pietas non exigeret scordalus.
Hybreae disertissimi uiri filio male apud se causam
agenti ait: <foreign xml:lang="grc">mh\ ou)=n path\r w)/n</foreign>; et cum in quadam
postulatione Hybreas patris sui totum locum ad
litteram omnibus agnoscentibus diceret, “age,” inquit,
*non putas me didicisse patris mei “quousque
tandem abutere Catilina patientia nostra?” GARGONIVS,
homo uilissimus, in hac suasoria dixit duas res
quibus stultiores ne ipse quidem umquam dixerat;
unam in principio: nam cum coepisset scolasticorum
frequentissimo iam more a iureiurando et dixisset
multa <add>ait</add> “ita quamprimum tantum timeat,
quantum potest, ita aut totus uiuat Cicero, aut totus
moriatur, ut ego quae hodie pro Ciceronis ingenio
dixero nulla pactione delebo.” <pb n="b.45"/> alteram rem dixit
cum exempla referret eorum qui fortiter perierant: “Iuba et Petreius mutuis uulneribus concucurrerunt et
mortes fenerauerunt.” </p></div></div> </div></body></text></TEI>
