<?xml version="1.0" encoding="UTF-8"?>
<?xml-model href="http://www.stoa.org/epidoc/schema/8.19/tei-epidoc.rng"
  schematypens="http://relaxng.org/ns/structure/1.0"?>
<?xml-model href="http://www.stoa.org/epidoc/schema/8.19/tei-epidoc.rng"
  schematypens="http://purl.oclc.org/dsdl/schematron"?>
<TEI xmlns="http://www.tei-c.org/ns/1.0">
    <teiHeader>
        <fileDesc>
            <titleStmt>
                <title type="sub">Agamemnon</title>
                <author n="Sen.">Seneca</author>
                <editor role="editor" n="Peiper">Rudolf Peiper</editor>
                <editor role="editor" n="Richter">Gustav Richter</editor> 
            <sponsor>Perseus Project, Tufts University</sponsor>
		          <principal>Gregory Crane</principal>
               <respStmt>
                  <resp>Prepared under the supervision of</resp>
                  <name>Bridget Almas</name>
                  <name>Lisa Cerrato</name>
                  <name>David Mimno</name>
                  <name>Rashmi Singhal</name>
               </respStmt>
               <funder n="org:NEH">The National Endowment for the Humanities</funder>
            </titleStmt>
           <extent>About 100Kb</extent>
           <publicationStmt>
              <publisher>Trustees of Tufts University</publisher>
              <pubPlace>Medford, MA</pubPlace>
              <authority>Perseus Project</authority>
              <date type="release">2009-10-07</date>
           </publicationStmt>
         <sourceDesc>
                <biblStruct>
                    <monogr>
                        <author>L. Annaeus Seneca</author>
                        <title>Tragoediae</title>
                        <editor role="editor" n="Peiper">Rudolf Peiper</editor>
                        <editor role="editor" n="Richter">Gustav Richter</editor>
                        <imprint>
                            <pubPlace>Leipzig</pubPlace>
                            <publisher>Teubner</publisher>
                            <date>1921</date>
                        </imprint>
                    </monogr>
                    <ref target="https://archive.org/stream/senecaetragoedi00senegoog#page/n294/mode/2up">Internet Archive</ref>
                </biblStruct>
            <listPerson>
               <person xml:id="clytemestra">
                  <persName xml:lang="eng">Clytemestra</persName>
               </person>
               <person xml:id="thyestis">
                  <persName xml:lang="eng">Thyestis Umbra</persName>
               </person>
               <person xml:id="aegisthus">
                  <persName xml:lang="eng">Aegisthus</persName>
               </person>
               <person xml:id="agamemnon">
                  <persName xml:lang="eng">Agamemno</persName>
               </person>
               <person xml:id="strophius">
                  <persName xml:lang="eng">Strophius</persName>
               </person>
               <person xml:id="cassandra">
                  <persName xml:lang="eng">Cassandra</persName>
               </person>
               <person xml:id="nutrix">
                  <persName xml:lang="eng">Nutrix</persName>
               </person>
               <person xml:id="eurybates">
                  <persName xml:lang="eng">Eurybates</persName>
               </person>
               <person xml:id="electra">
                  <persName xml:lang="eng">Electra</persName>
               </person>
               <person xml:id="orestes">
                  <persName xml:lang="eng">Orestes</persName>
               </person>
               <person xml:id="pylades">
                  <persName xml:lang="eng">Pylades</persName>
               </person>
               <person xml:id="chorus">
                  <persName xml:lang="eng">Chorus Mycenaeorum</persName>
               </person>
               <person xml:id="chorus2">
                  <persName xml:lang="eng">Chorus Iliadum</persName>
               </person>
            </listPerson>
         </sourceDesc>
        </fileDesc>
        <encodingDesc>
         <refsDecl n="CTS">
            <cRefPattern n="line" matchPattern="(\w+)" replacementPattern="#xpath(/tei:TEI/tei:text/tei:body/tei:div//tei:l[@n='$1'])">
               <p>This pointer pattern extracts line</p>
            </cRefPattern>
         </refsDecl>
         <refsDecl n="TEI.2">
            <refState unit="card"/>
         </refsDecl>
      </encodingDesc>
        <profileDesc>
            <langUsage>
                <language ident="lat">Latin</language>
            </langUsage>
        </profileDesc>
        <revisionDesc>
         <change who="gcrane" when="2009-01-01">tagging</change>
         <change when="2015-11-12" who="Thibault Clerice">New URN, Epidoc and CTS</change>
      </revisionDesc>
    </teiHeader>

   <text n="Oed.">
      <body>
         <div xml:lang="lat" type="edition" n="urn:cts:latinLit:phi1017.phi007.perseus-lat2">
        
            <milestone n="1" unit="card"/>
            <pb n="p.243"/>

            <sp who="#thyestis">
               <speaker>Thyestis Umbra</speaker>

               <l n="1">Opaca linquens Ditis inferni loca</l>
               <l n="2">adsum profundo Tartari emissus specu,</l>
               <l n="3">incertus utras oderim sedes magis:</l>
               <l n="4">fugio Thyestes inferos, superos fugo.</l>
               <l n="5">en horret animus et pavor membra excutit: </l>
               <l n="6">video paternos, immo fraternos lares,</l>
               <l n="7">hoc est vetustum Pelopiae limen domus;</l>
               <l n="8">hinc auspicari regium capiti decus</l>
               <l n="9">mos est Pelasgis, hoc sedent alti toro</l>
               <l n="10">quibus superba sceptra gestantur manu, </l>
               <l n="11">locus 'hic habendae curiae— hic epulis locus,</l>
               <l n="12">libet reverti, nonne vel tristes lacus</l>
               <l n="13">incolere satius, nonne custodem Stygis</l>
               <l n="14">trigemina nigris colla iactantem iubis?</l>
               <l n="15">ubi ille celeri corpus evinctus rotae </l>
               <l n="16">in se refertur, ubi per adversum irritus</l>
               <l n="17">redeunte totiens luditur saxo labor,</l>
               <l n="18">ubi tondet ales avida fecundum iecur,</l>
               <l n="19">et inter undas fervida exustus siti</l>
               <l n="20">aquas fugaces ore decepto appetit </l>
               <l n="21">poenas daturus caelitum dapibus graves—</l>
               <l n="22">sed ille nostrae pars quota est culpae senex?</l>
               <l n="23">reputemus omnes quos ob infandas manus</l>
               <l n="24">quaesitor urna Gnosius versat reos,</l>
               <pb n="p.244"/>
               <l n="25">vincam Thyestes sceleribus cunctos meis. </l>
               <l n="26">a fratre vincar? liberis plenus tribus</l>
               <l n="27">in me sepultis? viscera exedi mea.</l>
               <l n="28">nec hactenus Fortuna maculavit patrem,</l>
               <l n="29">sed maius aliud ausa commisso scelus</l>
               <l n="30">gnatae nefandos petere concubitus iubet. </l>
               <l n="31">non pavidus hausi dicta, sed cepi nefas.</l>
               <l n="32">ergo ut per omnis liberos irem parens,</l>
               <l n="33">coacta fatis gnata fert uterum gravem,</l>
               <l n="34">me patre dignum, versa natura est retro:</l>
               <l n="35">avo parentem, pro nefas, patri virum, </l>
               <l n="36">gnatis nepotes miscui— nocti diem.</l>
               <l n="37">Sed sera tandem respicit fessos malis</l>
               <l n="38">post fata demum sortis incertae fides:</l>
               <l n="39">rex ille regum, ductor Agamemnon ducum,</l>
               <l n="40">cuius secutae mille vexillum rates </l>
               <l n="41">Iliaca velis maria texerunt suis,</l>
               <l n="42">post decima Phoebi lustra devicto Ilio</l>
               <l n="43">adest— daturus coniugi iugulum suae.</l>
               <l n="44">iam iam natabit sanguine alterno domus:</l>
               <l n="45">enses secures tela, divisum gravi </l>
               <l n="46">ictu bipennis regium video caput,</l>
               <l n="47">iam scelera prope sunt, iam dolus caedes cruor—</l>
               <l n="48">parantur epulae, causa natalis tui,</l>
               <l n="49">Aegisthe, venit, quid pudor vultus gravat?</l>
               <l n="50">quid dextra dubio trepida consilio labat? </l>
               <l n="51">quid ipse temet consulis torques rogas, '</l>
               <l n="52">an deceat hoc te? respice ad matrem: decet.</l>
               <l n="53">Sed cur repente noctis aestivae vices</l>
               <l n="54">hiberna longa spatia producunt mora,</l>
               <l n="55">aut quid cadentes detinet stellas polo? </l>
               <l n="56">Phoebum moramur? redde iam mundo diem.</l>
            </sp>
            <milestone n="57" unit="card"/>
	           <pb n="p.245"/>
            <sp who="#chorus">
               <speaker>Chorus</speaker>
               <l n="57">O regnorum magnis fallax</l>
               <l n="58">Fortuna bonis, in praecipiti</l>
               <l n="59">dubioque locas nimis excelsos;</l>
               <l n="60">numquam placidam sceptra quietem </l>
               <l n="61">certumve sui tenuere diem;</l>
               <l n="62">alia ex aliis cura fatigat</l>
               <l n="63">vexatque animos nova tempestas.</l>
               <l n="64">Non sic Libycis syrtibus aequor</l>
               <l n="65">furit alternos volvere fluctus, </l>
               <l n="66">non Euxini turget ab imis</l>
               <l n="67">commota vadis</l>
               <l n="68">unda nivali vicina polo,</l>
               <l n="69">ubi caeruleis immunis aquis</l>
               <l n="70">lucida versat plaustra Bootes, </l>
               <l n="71">ut praecipites regum casus</l>
               <l n="72">Fortuna rotat.</l>
               <l n="73">Metui cupiunt metuique timent,</l>
               <l n="74">non nox illis alma recessus</l>
               <l n="75">praebet tutos, non curarum </l>
               <l n="76">somnus domitor pectora solvit.</l>
               <l n="77">Quas non arces scelus alternum</l>
               <l n="78">dedit in praeceps? impia quas non</l>
               <l n="79">arma fatigant? iura pudorque</l>
               <l n="80">et coniugii sacrata fides </l>
               <l n="81">fugiunt aulas; sequitur tristis</l>
               <l n="82">sanguinolenta Bellona manu</l>
               <l n="83">quaeque superbos urit Erinys,</l>
               <l n="84">nimias semper comitata domos,</l>
               <l n="85">quas in planum quaelibet hora </l>
               <l n="86">tulit ex alto.</l>
               <pb n="p.246"/>
               <l n="87">Licet arma vacent cessentque doli,</l>
               <l n="88">sidunt ipso pondere magna</l>
               <l n="89">ceditque oneri Fortuna suo.</l>
               <l n="90">vela secundis inflata notis </l>
               <l n="91">ventos nimium timuere suos,</l>
               <l n="92">nubibus ipsis inserta caput</l>
               <l n="93">turris pluvio vapulat Austro,</l>
               <l n="94">densasque nemus spargens umbras</l>
               <l n="95">annosa videt robora frangi; </l>
               <l n="96">feriunt celsos fulmina colles,</l>
               <l n="97">corpora morbis maiora patent,</l>
               <l n="98">et cum in pastus armenta vagos</l>
               <l n="99">vilia currant,</l>
               <l n="100">placet in vulnus maxima cervix. </l>
               <l n="101">Quicquid in altum Fortuna tulit,</l>
               <l n="102">ruitura levat, modicis rebus</l>
               <l n="103">longius aevum est: felix mediae</l>
               <l n="104">quisquis turbae sorte quietus</l>
               <l n="105">aura stringit litora tuta </l>
               <l n="106">timidusque mari credere cumbam</l>
               <l n="107">remo terras propiore legit.</l>
            </sp>
            <milestone n="108" unit="card"/>
            <sp who="#clytemestra nutrix">
               <speaker>Clytemestra Nutrix</speaker>
               <l n="108">Quid, segnis anime, tuta consilia expetis?</l>
               <l n="109">quid fluctuaris? clausa iam melior via est:</l>
               <l n="110">licuit pudicos coniugis quondam toros </l>
               <l n="111">et sceptra casta vidua tutari fide—</l>
               <l n="112">periere mores ius decus pietas fides</l>
               <l n="113">et qui redire cum perit nescit pudor;</l>
               <l n="114">da frena et omnem prona nequitiam incita:</l>
               <l n="115">per scelera semper sceleribus tutum est iter. </l>
               <l n="116">tecum ipsa nunc evolve femineos dolos,</l>
               <pb n="p.247"/>
               <l n="117">quod ulla coniunx perfida atque impos sui</l>
               <l n="118">amore caeco, quod novercales manus</l>
               <l n="119">ausae, quod ardens impia virgo face,</l>
               <l n="120">Phasiaca fugiens regna Thessalica trabe: </l>
               <l n="121">ferrum, venena; vel Mycenaeas domos</l>
               <l n="122">coniuncta socio profuge furtiva rate—</l>
               <l n="123">quid timida loqueris furta et exilium et fugas?</l>
               <l n="124">soror ista fecit; te decet maius nefas.</l>
            </sp>

            <sp who="#nutrix">
               <speaker>Nvtr.</speaker>
               <l n="125">Regina Danaum et inclitum Ledae genus, </l>
               <l n="126">quid tacita versas quidve consilii impotens</l>
               <l n="127">tumido feroces impetus animo geris?</l>
               <l n="128">licet ipsa sileas, totus in vultu est dolor.</l>
               <l n="129">proin quicquid est, da tempus ac spatium tibi:</l>
               <l n="130">quod ratio non quit saepe sanavit mora. </l>
            </sp>

            <sp who="#clytemestra">
               <speaker>Clyt.</speaker>
               <l n="131">Maiora cruciant quam ut moras possim pati;</l>
               <l n="132">flammae medullas et cor exurunt meum,</l>
               <l n="133">mixtus dolori subdidit stimulos timor,</l>
               <l n="134">invidia pulsat pectus; hinc animum iugo</l>
               <l n="135">premit cupido turpis et vinci vetat: </l>
               <l n="136">et inter istas mentis obsessae faces,</l>
               <l n="137">fessus quidem et devinctus et pessumdatus,</l>
               <l n="138">pudor rebellat. fluctibus variis agor,</l>
               <l n="139">ut cum hinc profundum ventus, hinc aestus rapit,</l>
               <l n="140">incerta dubitat unda cui cedat malo. </l>
               <l n="141">proinde omisi regimen e manibus meis:</l>
               <l n="142">quocumque me ira, qua dolor, quo spes feret,</l>
               <l n="143">hoc ire pergam; fluctibus dedimus ratem:</l>
               <l n="144">ubi animus errat, optimum est casum sequi.</l>
            </sp>

            <sp who="#nutrix">
               <speaker>Nvtr.</speaker>
               <l n="145">Caeca est temeritas quae petit casum ducem. </l>
            </sp>

            <sp who="#clytemestra">
               <speaker>Clyt.</speaker>
               <l n="146">Cui ultima est fortuna, quid dubiam timet?</l>
            </sp>

            <sp who="#nutrix">
               <speaker>Nvtr.</speaker>
               <l n="147">Tuta est latetque culpa, si pateris, tua.</l>
            </sp>
	           <pb n="p.248"/>
            <sp who="#clytemestra">
               <speaker>Clyt.</speaker>
               <l n="148">Perlucet omne regiae vitium domus.</l>
            </sp>

            <sp who="#nutrix">
               <speaker>Nvtr.</speaker>
               <l n="149">Piget prioris et novum crimen struis?</l>
            </sp>

            <sp who="#clytemestra">
               <speaker>Clyt.</speaker>
               <l n="150">Res est profecto stulta nequitiae modus. </l>
            </sp>

            <sp who="#nutrix">
               <speaker>Nvtr.</speaker>
               <l n="151">Quod metuit auget qui scelus scelere obruit.</l>
            </sp>

            <sp who="#clytemestra">
               <speaker>Clyt.</speaker>
               <l n="152">Et ferrum et ignis saepe medicinae loco est</l>
            </sp>

            <sp who="#nutrix">
               <speaker>Nvtr.</speaker>
               <l n="153">Extrema primo nemo temptavit loco.</l>
            </sp>

            <sp who="#clytemestra">
               <speaker>Clyt.</speaker>
               <l n="154">Rapienda rebus in malis praeceps via est.</l>
            </sp>

            <sp who="#nutrix">
               <speaker>Nvtr.</speaker>
               <l n="155">At te reflectat coniugi nomen sacrum. </l>
            </sp>

            <sp who="#clytemestra">
               <speaker>Clyt.</speaker>
               <l n="156">Decem per annos vidua respiciam virum?</l>
            </sp>

            <sp who="#nutrix">
               <speaker>Nvtr.</speaker>
               <l n="157">Meminisse debes sobolis ex illo tuae.</l>
            </sp>

            <sp who="#clytemestra">
               <speaker>Clyt.</speaker>
               <l n="158">Equidem et iugales filiae memini faces</l>
               <l n="159">et generum Achillem: praestitit matri fidem.</l>
            </sp>

            <sp who="#nutrix">
               <speaker>Nvtr.</speaker>
               <l n="160">Redemit illa classis immotae moras </l>
               <l n="161">et maria pigro fixa languore impulit.</l>
            </sp>
            <milestone n="162" unit="card"/>
            <sp who="#clytemestra">
               <speaker>Clyt.</speaker>
               <l n="162">Pudet doletque— Tyndaris, caeli genus.</l>
               <l n="163">lustrale classi Doricae peperi caput!</l>
               <l n="164">revolvit animus virginis thalamos meae</l>
               <l n="165">quos ille dignos Pelopia fecit domo, </l>
               <l n="166">cum stetit ad aras ore sacrifico pater</l>
               <l n="167">quam nuptialis! horruit Calchas suae</l>
               <l n="168">responsa vocis et recedentes focos.</l>
               <l n="169">o scelera semper sceleribus vincens domus,</l>
               <l n="170">cruore ventos emimus, bellum nece! </l>
               <l n="171">sed vela pariter mille fecerunt rates?</l>
               <l n="172">non est soluta prospero classis deo:</l>
               <l n="173">eiecit Aulis impias portu rates.</l>
               <l n="174">sic auspicatus bella non melius gerit.</l>
               <l n="175">amore captae captus, immotus prece </l>
               <l n="176">Zminthea tenuit spolia Phoebei senis,</l>
               <l n="177">ardore sacrae virginis iam tum furens.</l>
               <pb n="p.249"/>
               <l n="178">non illum Achilles flexit indomitus minis,</l>
               <l n="179">non ille solus fata qui mundi videt,</l>
               <l n="180">in nos fidelis augur, in captas levis, </l>
               <l n="181">non populus aeger et relucentes rogi:</l>
               <l n="182">inter ruentis Graeciae stragem ultimam</l>
               <l n="183">sine hoste victus marcet ac Veneri vacat</l>
               <l n="184">reparatque amores; neve desertus foret</l>
               <l n="185">a paelice umquam barbara caelebs torus, </l>
               <l n="186">ablatam Achilli diligit Lyrnesida,</l>
               <l n="187">nec rapere puduit e sinu avulsam viri—</l>
               <l n="188">en Paridis hostem, nunc novum vulnus gerens</l>
               <l n="189">amore Phrygiae vatis incensus furit,</l>
               <l n="190">et post tropaea Troica ac versum Ilium </l>
               <l n="191">captae maritus remeat et Priami gener.</l>
               <l n="192">Accingere, anime: bella non levia apparas.</l>
               <l n="193">scelus occupandum est. pigra, quem expectas diem?</l>
               <l n="194">Pelopia Phrygiae sceptra dum teneant nurus?</l>
               <l n="195">an te morantur virgines viduae domi </l>
               <l n="196">patrique Orestes similis? horum te mala</l>
               <l n="197">ventura moveant, turbo quis rerum imminet:</l>
               <l n="198">quid, misera, cessas? en adest gnatis tuis</l>
               <l n="199">furens noverca, per tuum, si aliter nequit,</l>
               <l n="200">latus exigatur ensis et perimat duos. </l>
               <l n="201">misce cruorem, perde pereundo virum:</l>
               <l n="202">mors misera non est commori cum quo velis.</l>
            </sp>
            <milestone n="203" unit="card"/>
            <sp who="#nutrix">
               <speaker>Nvtr.</speaker>
               <l n="203">Regina, frena temet et siste impetus</l>
               <l n="204">et quanta temptes cogita: victor venit</l>
               <l n="205">Asiae ferocis, ultor Europae, trahit </l>
               <l n="206">captiva Pergama et diu victos Phrygas;</l>
               <l n="207">hunc fraude nunc conaris et furto aggredi,</l>
               <l n="208">quem non Achilles ense violavit fero,</l>
               <l n="209">quamvis procacem torvus armasset manum,</l>
               <pb n="p.250"/>
               <l n="210">non melior Aiax morte decreta furens, </l>
               <l n="211">non sola Danais Hector et bello mora,</l>
               <l n="212">non tela Paridis certa, non Memnon niger,</l>
               <l n="213">non Xanthus armis corpora immixta aggerens</l>
               <l n="214">fluctusque Simois caede purpureos agens,</l>
               <l n="215">non nivea proles Cycnus aequorei dei, </l>
               <l n="216">non bellicoso Thressa cum Rheso phalanx,</l>
               <l n="217">non picta pharetras et securigera manu</l>
               <l n="218">peltata Amazon? hunc domi reducem paras</l>
               <l n="219">mactare et aras caede maculare impia?</l>
               <l n="220">victrix inultum Graecia hoc facinus feret? </l>
               <l n="221">equos et arma classibusque horrens fretum</l>
               <l n="222">propone et alto sanguine exundans solum</l>
               <l n="223">et tota captae fata Dardaniae domus</l>
               <l n="224">regesta Danais, comprime affectus truces</l>
               <l n="225">mentemque tibimet ipsa pacifica tuam. </l>
            </sp>

            <sp who="#aegisthus clytemestra nutrix">
               <speaker>Aegisthus Clytemestra Nutrix</speaker>
               <l n="226">Quod tempus animo semper ac mente horrui</l>
               <l n="227">adest profecto, rebus extremum meis.</l>
               <l n="228">quid terga vertis, anime? quid primo impetu</l>
               <l n="229">deponis arma? crede perniciem tibi</l>
               <l n="230">et dira saevos fata moliri deos: </l>
               <l n="231">oppono cunctis vile suppliciis caput,</l>
               <l n="232">ferrumque et ignes pectore adverso excipe,</l>
               <l n="233">Aegisthe: non est poena sic nato mori.</l>
               <l n="234">tu nos pericli socia, tu, Leda sata,</l>
               <l n="235">comitare tantum: sanguinem reddet tibi </l>
               <l n="236">ignavus iste ductor ac fortis pater,</l>
               <l n="237">sed quid trementes circuit pallor genas</l>
               <l n="238">iacensque vultu languido optutus stupet?</l>
            </sp>
	           <pb n="p.251"/>
            <sp who="#clytemestra">
               <speaker>Clyt.</speaker>
               <l n="239">Amor iugalis vincit ac flectit retro:</l>
               <l n="240">referamur illuc, unde non decuit prius </l>
               <l n="241">abire; sed nunc casta repetatur fides,</l>
               <l n="242">nam sera numquam est ad bonos mores via:</l>
               <l n="243">quem paenitet peccasse paene est innocens.</l>
            </sp>

            <sp who="#aegisthus">
               <speaker>Aeg.</speaker>
               <l n="244">Quo raperis amens? credis aut speras tibi</l>
               <l n="245">Agamemnonis fidele coniugium? ut nihil </l>
               <l n="246">subesset animo quod graves faceret metus:</l>
               <l n="247">tamen superba et impotens flatu nimis</l>
               <l n="248">Fortuna magno spiritus tumidos daret.</l>
               <l n="249">gravis ille sociis stante adhuc Troia fuit:</l>
               <l n="250">quid rere ad animum suapte natura trucem </l>
               <l n="251">Troiam addidisse? rex Mycenarum fuit,</l>
               <l n="252">veniet tyrannus: prospera animos efferant.</l>
               <l n="253">effusa circa paelicum quanto venit</l>
               <l n="254">turba apparatu! sola sed turba eminet</l>
               <l n="255">tenetque regem famula veridici dei: </l>
               <l n="256">feresne thalami victa consortem tui?</l>
               <l n="257">at illa nolet, ultimum est nuptae malum</l>
               <l n="258">palam mariti possidens paelex domum.</l>
               <l n="259">nec regna socium ferre nec taedae sciunt.</l>
            </sp>
            <milestone n="260" unit="card"/>
            <sp who="#clytemestra">
               <speaker>Clyt.</speaker>
               <l n="260">Aegistbe, quid me rursus in praeceps agis </l>
               <l n="261">iramque flammis iam residentem incitas?</l>
               <l n="262">permisit aliquid victor in captam sibi:</l>
               <l n="263">nec coniugem hoc respicere nec dominam decet.</l>
               <l n="264">lex alia solio est, alia privato in toro.</l>
               <l n="265">quid quod severas ferre me leges viro </l>
               <l n="266">non patitur animus turpis admissi memor?</l>
               <l n="267">dat ille veniam facile cui venia est opus.</l>
            </sp>

            <sp who="#aegisthus">
               <speaker>Aeg.</speaker>
               <l n="268">Itane est? pacisci mutuam veniam licet?</l>
               <pb n="p.252"/>
               <l n="269">ignota tibi sunt iura regnorum aut nova?</l>
               <l n="270">nobis maligni iudices, aequi sibi </l>
               <l n="271">id esse regni maximum pignus putant,</l>
               <l n="272">si quicquid aliis non licet solis licet.</l>
            </sp>

            <sp who="#clytemestra">
               <speaker>Clyt.</speaker>
               <l n="273">Ignovit Helenae: iuncta Menelao redit</l>
               <l n="274">quae Europam et Asiam paribus afflixit malis.</l>
            </sp>

            <sp who="#aegisthus">
               <speaker>Aeg.</speaker>
               <l n="275">Sed nulla Atriden Venere furtiva abstulit </l>
               <l n="276">nec cepit animum coniugi obstrictum suae.</l>
               <l n="277">iam crimen ille quaerit et causas parat.</l>
               <l n="278">nil esse crede turpe commissum tibi:</l>
               <l n="279">quid honesta prodest vita, flagitio vacans?</l>
               <l n="280">ubi dominus odit fit nocens, non quaeritur. </l>
               <l n="281">Spartamne repetes spreta et Eurotan tuum</l>
               <l n="282">patriasque sedes profuga? non dant exitum</l>
               <l n="283">repudia regum, spe metus falsa levas.</l>
            </sp>

            <sp who="#clytemestra">
               <speaker>Clyt.</speaker>
               <l n="284">Delicta novit nemo nisi fidus mea.</l>
            </sp>

            <sp who="#aegisthus">
               <speaker>Aeg.</speaker>
               <l n="285">Non intrat umquam regium limen fides. </l>
            </sp>

            <sp who="#clytemestra">
               <speaker>Clyt.</speaker>
               <l n="286">Opibus merebor, ut fidem pretio obligem.</l>
            </sp>

            <sp who="#aegisthus">
               <speaker>Aeg.</speaker>
               <l n="287">Pretio parata vincitur pretio fides.</l>
            </sp>

            <sp who="#clytemestra">
               <speaker>Clyt.</speaker>
               <l n="288">Surgit residuus pristinae mentis pudor—</l>
               <l n="289">quid obstrepis? quid voce blandiloqua mala</l>
               <l n="290">consilia dictas? scilicet nubet tibi, </l>
               <l n="291">regum relicto rege, generosa exuli?</l>
            </sp>

            <sp who="#aegisthus">
               <speaker>Aeg.</speaker>
               <l n="292">Et cur Atrida videor inferior tibi,</l>
               <l n="293" part="I">gnatus Thyestae?</l>
            </sp> 
            <sp who="#clytemestra">
               <speaker>Clyt.</speaker>
               <l n="293b" part="F">Si parum est, adde et nepos.</l>
            </sp>

            <sp who="#aegisthus">
               <speaker>Aeg.</speaker>
               <l n="294">Auctore Phoebo gignor: haud generis pudet.</l>
            </sp>

            <sp who="#clytemestra">
               <speaker>Clyt.</speaker>
               <l n="295">Phoebum nefandae stirpis auctorem vocas, </l>
               <l n="296">quem nocte subita frena revocantem sua</l>
               <l n="297">caelo expulistis? quid deos probro addimus?</l>
               <l n="298">subripere doctus fraude genialis toros,</l>
               <l n="299">quem Venere tantum scimus inlicita virum,</l>
               <pb n="p.253"/>
               <l n="300">facesse propere ac dedecus nostrae domus </l>
               <l n="301">asporta ab oculis: haec vacat regi ac viro.</l>
            </sp>

            <sp who="#aegisthus">
               <speaker>Aeg.</speaker>
               <l n="302">Exilia mihi sunt haud nova, assuevi malis.</l>
               <l n="303">si tu imperas, regina, non tantum domo</l>
               <l n="304">Argisve cedo: nil moror iussu tuo</l>
               <l n="305">aperire ferro pectus aerumnis grave. </l>
            </sp>

            <sp who="#clytemestra">
               <speaker>Clyt.</speaker>
               <l n="306">Siquidem hoc cruenta Tyndaris fieri sinam.</l>
               <l n="307">quae iuncta peccat debet et culpae fidem.</l>
               <l n="308">secede mecum potius, ut rerum statum</l>
               <l n="309">dubium ac minacem iuncta consilia explicent.</l>
            </sp>
            <milestone n="310" unit="card"/>
            <sp who="#chorus">
               <speaker>Chorus</speaker>
               <l n="310">Canite, o pubes inclita, Phoebum! </l>
               <l n="311">tibi festa caput</l>
               <l n="312">turba coronat, tibi virgineas,</l>
               <l n="313">laurum quatiens,</l>
               <l n="314">de more comas innuba fudit</l>
               <l n="315">stirps Inachia; </l>
               <l n="316">tu quoque nostros, Thespias hospes,</l>
               <l n="317">comitare choros,</l>
               <l n="318">quaeque Erasini gelidos fontes,</l>
               <l n="319">quaeque Eurotan,</l>
               <l n="320">quaeque virenti tacitum ripa </l>
               <l n="321">bibis Ismenon:</l>
               <l n="322">quam fatorum praescia Manto,</l>
               <l n="323">sata Tiresia,</l>
               <l n="324">Latonigenas monuit sacris</l>
               <l n="325">celebrare deos. </l>
               <l n="326">arcus, victor, pace relata,</l>
               <l n="327">Phoebe, relaxa</l>
               <pb n="p.254"/>
               <l n="328">umeroque graves levibus telis</l>
               <l n="329">pone pharetras</l>
               <l n="330">resonetque manu pulsa citata </l>
               <l n="331">vocale chelys:</l>
               <l n="332">nil acre velim magnumque modis</l>
               <l n="333">intonet altis,</l>
               <l n="334">sed quale soles leviore lyra</l>
               <l n="335">flectere carmen </l>
               <l n="336">simplex, lusus cum docta tuos</l>
               <l n="337">Musa recenset;</l>
               <l n="338">licet et chorda graviore sones,</l>
               <l n="339">quale canebas</l>
               <l n="340">cum Titanas fulmine victos </l>
               <l n="341">videre dei,</l>
               <l n="342">vel cum montes montibus altis</l>
               <l n="343">super impositi</l>
               <l n="344">struxere gradus trucibus monstris,</l>
               <l n="345">stetit imposita </l>
               <l n="346">Pelion Ossa, pinifer ambos</l>
               <l n="347">pressit Olympus,</l>
               <l n="348">ades, o magni, soror et coniunx,</l>
               <l n="349">consors sceptri,</l>
               <l n="350">regia Iuno: tua te colimus </l>
               <l n="351">turba Mycenae,</l>
               <l n="352">tu sollicitum supplexque tui</l>
               <l n="353">numinis Argos</l>
               <l n="354">sola tueris, tu bella manu</l>
               <l n="355">pacemque regis; </l>
               <l n="356">tu nunc laurus Agamemnonias</l>
               <l n="357">accipe victrix,</l>
               <l n="358">tibi multifora tibia buxo</l>
               <l n="359">solemne canit,</l>
               <pb n="p.255"/>
               <l n="360">tibi fila movent docta puellae . </l>
               <l n="361">carmine molli,</l>
               <l n="362">tibi votivam matres Graiae</l>
               <l n="363">lampada iactant:</l>
               <l n="364">ad tua coniunx candida tauri</l>
               <l n="365">delubra cadet, </l>
               <l n="366">nescia aratri, nullo collum</l>
               <l n="367">signata iugo.</l>
               <l n="368">tuque, o magni gnata Tonantis,</l>
               <l n="369">incluta Pallas,</l>
               <l n="370">quae Dardanias cuspide turres </l>
               <l n="371">saepe petisti,</l>
               <l n="372">te permixto matrona minor</l>
               <l n="373">maiorque choro</l>
               <l n="374">colit et reserat veniente dea</l>
               <l n="375">templa sacerdos: </l>
               <l n="376">tibi nexilibus turba coronis</l>
               <l n="377">redimita venit,</l>
               <l n="378">tibi grandaevi lassique senes</l>
               <l n="379">compote voto</l>
               <l n="380">reddunt grates libantque manu </l>
               <l n="381">vina trementi.</l>
               <l n="382">et te Triviam nota memores</l>
               <l n="383">voce precamur:</l>
               <l n="384">tu maternam sistere Delon,</l>
               <l n="385">Lucina, iubes, </l>
               <l n="386">huc atque illuc prius errantem</l>
               <l n="387">Cyclada ventis;</l>
               <l n="388">nunc iam stabilis fixa terras</l>
               <l n="389">radice tenet,</l>
               <l n="390">respuit auras religatque rates </l>
               <l n="391">assueta sequi,</l>
               <l n="392">tu Tantalidos funera matris</l>
               <l n="393">victrix numeras:</l>
               <pb n="p.256"/>
               <l n="394">stat nunc Sipyli vertice summo</l>
               <l n="395">flebile saxum, </l>
               <l n="396">et adhuc lacrimas marmora fundunt</l>
               <l n="397">antiqua novas,</l>
               <l n="398">colit impense femina virque</l>
               <l n="399">numen geminum,</l>
               <l n="400">tuque ante omnis, pater ac rector </l>
               <l n="401">fulmine pollens,</l>
               <l n="402">cuius nutu simul extremi</l>
               <l n="403">tremuere poli,</l>
               <l n="404">generis nostri, Iuppiter, auctor,</l>
               <l n="405">cape dona libens </l>
               <l n="406">abavusque tuam non degenerem</l>
               <l n="407">respice prolem.</l>
               <l n="408">Sed ecce, vasto concitus miles gradu</l>
               <l n="409">manifesta properat signa laetitiae ferens</l>
               <l n="410">(namque hasta summo lauream ferro gerit) </l>
               <l n="411">fidusque regi semper Eurybates adest.</l>
            </sp>
            <milestone n="392a" unit="card"/>
            <sp who="#eurybates clytemestra chorus">
               <speaker>Eurybates Clytemestra Chorus</speaker>
               <l n="392a">Delubra et aras caelitum et patrios lares</l>
               <l n="393a">post longa fessus spatia, vix credens mihi,</l>
               <l n="394a">supplex adoro. vota superis solvite:</l>
               <l n="395a">telluris altum remeat Argolicae decus</l>
               <l n="396a">tandem ad penates victor Agamemnon suos,</l>
            </sp>

            <sp who="#clytemestra">
               <speaker>Clyt.</speaker>
               <l n="397a">Felix ad aures nuntius venit meas.</l>
               <l n="398a">ubinam petitus per decem coniunx mihi</l>
               <pb n="p.257"/>
               <l n="399a">annos moratur? pelagus an terras premit?</l>
            </sp>

            <sp who="#eurybates">
               <speaker>Evr.</speaker>
               <l n="400a">Incolumis, auctus gloria, laude inclitus</l>
               <l n="401a">reducem expetito litori impressit pedem.</l>
            </sp>

            <sp who="#clytemestra">
               <speaker>Clyt.</speaker>
               <l n="402a">Sacris colamus prosperum tandem diem</l>
               <l n="403a">et si propitios attamen lentos deos.</l>
               <l n="404a">tu pande vivat coniugis frater mei</l>
               <l n="405a">et pande teneat quas soror sedes mea.</l>
            </sp>

            <sp who="#eurybates">
               <speaker>Evr.</speaker>
               <l n="406a">Meliora votis posco et obtestor deos:</l>
               <l n="407a">nam certa fari sors maris dubii vetat.</l>
               <l n="408a">ut sparsa tumidum classis excepit mare,</l>
               <l n="409a">ratis videre socia non potuit ratem.</l>
               <l n="410a">quin ipse Atrides aequore immenso vagus</l>
               <l n="411a">graviora pelago damna quam bello tulit</l>
               <l n="412">remeatque victo similis, exiguas trahens</l>
               <l n="413">lacerasque victor classe de tanta rates.</l>
            </sp>
            <milestone n="414" unit="card"/>
            <sp who="#clytemestra">
               <speaker>Clyt.</speaker>
               <l n="414">Effare casus quis rates hausit meas?</l>

               <l n="415">aut quae maris fortuna dispulerit duces. </l>
            </sp>

            <sp who="#eurybates">
               <speaker>Evr.</speaker>
               <l n="416">Acerba fatu poscis, infaustum iubes</l>
               <l n="417">miscere laeto nuntium, refugit loqui</l>
               <l n="418">mens aegra tantis atque inhorrescit malis.</l>
            </sp>

            <sp who="#clytemestra">
               <speaker>Clyt.</speaker>
               <l n="419">Exprome: clades scire qui refugit suas</l>
               <l n="420">gravat timorem; dubia plus torquent mala. </l>
            </sp>
            <milestone n="421" unit="card"/>
            <sp who="#eurybates">
               <speaker>Evr.</speaker>
               <l n="421">Vt Pergamum omne Dorica cecidit face,</l>
               <l n="422">divisa praeda est, maria properantes petunt.</l>
               <l n="423">iamque ense fessum miles exonerat latus,</l>
               <l n="424">neglecta summas scuta per puppes iacent;</l>
               <l n="425">ad militares remus aptatur manus </l>
               <l n="426">omnisque nimium longa properanti mora est.</l>
               <l n="427">signum recursus regia ut fulsit rate</l>
               <l n="428">et clara laetum remigem monuit tuba,</l>
               <l n="429">aurata primas prora designat vias</l>
               <l n="430">aperitque cursus, mille quos puppes secent. </l>
               <l n="431">hinc aura primo lenis impellit rates</l>
               <pb n="p.258"/>
               <l n="432">adlapsa velis; unda vix actu levi</l>
               <l n="433">tranquilla Zephyri mollis afflatu tremit.</l>
               <l n="434">splendetque classe polagus et pariter latet.</l>
               <l n="435">iuvat videro nuda Troiae litora, . </l>
               <l n="436">iuvat rolicti sola Sigei loca.</l>
               <l n="437">proporat iuventus omnis adductos simul</l>
               <l n="438">lentare remos, adiuvat ventos manu</l>
               <l n="439">et valida nisu bracchia alterno movet.</l>
               <l n="440">sulcata, vibrant aequora et latera increpant </l>
               <l n="441">dirimuntque canae caerulum spumae mare.</l>
               <l n="442">ut aura plenos fortior tendit sinus,</l>
               <l n="443">posuere tonsas, credita, est vento ratis</l>
               <l n="444">{ususque transtris miles aut terras procul,</l>
               <l n="445">quantum recedunt vela, fugientes notat, </l>
               <l n="446">aut bella narrat: Hectoris fortis minas</l>
               <l n="447">currusque et empto redditum corpus rogo,</l>
               <l n="448">sparsum cruore rogis Herceum Iovem.</l>
               <l n="449">tunc qui iacente reciprocus ludit salo</l>
               <l n="450">tumidumque pando transilit dorso mare </l>
               <l n="451">Tyrrhenus omni piscis exultat freto</l>
               <l n="452">agitatque gyros et comes lateri adnatat,</l>
               <l n="453">anteire naves laetus et rursus sequi;</l>
               <l n="454">nunc prima tangens rostra lascivit chorus,</l>
               <l n="455">millosimam nunc ambit et lustrat ratem. </l>
               <l n="456">iam litus omne tegitur et campi latent</l>
               <l n="457">et dubia parent montis Idaei iuga;</l>
               <l n="458">et iam, quod unum pervicax acies videt,</l>
               <l n="459">Iliacus atra fumus apparot nota.</l>
               <l n="460">iam lassa Titan colla relevabat iugo, </l>
               <l n="461">in astra iam lux prona, iam praeceps dios.</l>
               <l n="462">exigua nubes sordido crescens globo</l>
               <l n="463">nitidum cadentis inquinat Phoebi iubar;</l>
               <pb n="p.259"/>
               <l n="464">suspecta rarius occideris fecit freta.</l>
               <l n="465">nox prima caelum sparserat stellis, iacent </l>
               <l n="466">deserta vento vela. tum murmur grave,</l>
               <l n="467">maiora minitans, collibus summis cadit</l>
               <l n="468">tractuque longo litus ac petrae gemunt:</l>
               <l n="469">agitata ventis unda Venturis tumet:</l>
               <l n="470">cum subito luna conditur, stellae latent, </l>
               <l n="471">in astra pontus tollitur, caelum perit</l>
               <l n="472">nec una nox est: densa tenebras obruit</l>
               <l n="473">caligo et omni luce subducta fretum</l>
               <l n="474">caelumque miscet, undique incumbunt simul</l>
               <l n="475">rapiuntque pelagus infimo eversum solo </l>
               <l n="476">adversus Euro Zephyros et Boreae Notus:</l>
               <l n="477">sua quisque mittit tela et infesti fretum</l>
               <l n="478">emoliuntur, turbo convolvit mare:</l>
               <l n="479">Strymonius altas Aquilo contorquet nives</l>
               <l n="480">Libycusque harenas Auster ac Syrtes agit; </l>
               <l n="481">
                  <del>nec manet in Austro: fit gravis nimbis Notus</del>
               </l>
               <l n="482">imbre auget undas, Eurus orientem movet</l>
               <l n="483">Nabataea quatiens regna et Eoos sinus.</l>
               <l n="484">quid rabidus ora Corus oceano exerens?</l>
               <l n="485">mundum revelli sedibus totum suis </l>
               <l n="486">ipsosque rupto crederes caelo deos</l>
               <l n="487">decidere et atrum rebus induci chaos.</l>
               <l n="488">vento resistit aestus et ventus retro</l>
               <l n="489">aestum revolvit; non capit sese mare</l>
               <l n="490">undasque miscent imber et fluctus suas. </l>
               <l n="491">nec hoc levamen denique aerumnis datur,</l>
               <l n="492">videre saltem et nosse quo pereant malo:</l>
               <l n="493">premunt tenebrae lumina et dirae Stygis</l>
               <l n="494">inferna nox est. excidunt ignes tamen</l>
               <pb n="p.260"/>
               <l n="495">et nube dirum fulmen elisa micat, </l>
               <l n="496">miserisque lucis tanta dulcedo est malae:</l>
               <l n="497">hoc lumen optant. ipsa se classis premit</l>
               <l n="498">et prora prorae nocuit et lateri latus,</l>
               <l n="499">illam dehiscens pontus in praeceps rapit</l>
               <l n="500">hauritque et alto redditam revomit mari; </l>
               <l n="501">haec onere sidit, illa convulsum latus</l>
               <l n="502">submittit undis, fluctus hanc decimus tegit;</l>
               <l n="503">haec lacera et omni decore populato levis</l>
               <l n="504">fluitat nec illi vela nec tonsae manent</l>
               <l n="505">nec rectus altas malus antemnas ferens, </l>
               <l n="506">sed trunca toto puppis Icario natat,</l>
               <l n="507">nil ratio et usus audet: ars cessit malis;</l>
               <l n="508">tenet horror artus, omnis officio stupet</l>
               <l n="509">navita relicto, remus effugit manus,</l>

               <l n="510">in vota miseros ultimus cogit timor </l>
               <l n="511">eademque superos Troes et Danai rogant.</l>
               <l n="512">i quid fata possunt! invidet Pyrrhus patri,</l>
               <l n="513">Aiaci Vlixes, Hectori Atrides minor,</l>
               <l n="514">Agamemno Priamo; quisquis ad Troiam iacet</l>

               <l n="515">felix vocatur, cadere qui meruit gradu, </l>
               <l n="516">quem fama servat, victa quem tellus tegit,</l>
               <l n="517">'nil nobile ausos pontus atque undae ferunt?</l>
               <l n="518">ignava fortes fata consument viros?</l>
               <l n="519">perdenda mors est? quisquis es nondum malis</l>
               <l n="520">satiate tantis caelitum, tandem tuum </l>
               <l n="521">numen serena: cladibus nostris daret</l>
               <l n="522">vel Troia lacrimas, odia si durant tua</l>
               <l n="523">placetque mitti Doricum exitio genus,</l>
               <l n="524">quid hos simul perire nobiscum iuvat,</l>
               <l n="525">quibus perimas? sistito infestum mare: </l>
               <pb n="p.261"/>
               <l n="526">vehit ista Danaos classis, et Troas venit.'</l>
               <l n="527">nec plura possunt: occupat vocem mare.</l>
               <l n="528">Ecce alia clades, fulmine irati Iovis</l>
               <l n="529">armata Pallas quicquid haut hasta minax,</l>
               <l n="530">haut aegide, haut furore Gorgoneo potest, </l>
               <l n="531">at igne patrio temptat, et caelo novae</l>
               <l n="532">spirant procellae, solus invictus malis</l>
               <l n="533">luctatur Aiax. vela cogentem hunc sua</l>
               <l n="534">tento rudente flamma praestrinxit cadens,</l>
               <l n="535">libratur aliud fulmen: hoc toto impetu </l>
               <l n="536">certum reducta Pallas excussit manu,</l>
               <l n="537">imitata patrem, transit Aiacem et ratem</l>
               <l n="538">ratisque partem secum et Aiacem tulit,</l>
               <l n="539">nil ille motus, ardua ut cautes, salo</l>
               <l n="540">ambustus extat, dirimit insanum mare </l>
               <l n="541">fluctusque rumpit pectore et navem manu</l>
               <l n="542">complexus ignes traxit et caeco mari</l>
               <l n="543">conlucet Aiax, omne resplendet fretum,</l>
               <l n="544">tandem occupata rupe furibundum intonat:</l>
               <l n="545">'superasse cuncta, pelagus atque ignes iuvat, </l>
               <l n="546">vicisse caelum Palladem fulmen mare.</l>
               <l n="547">non me fugavit bellici terror dei</l>
               <l n="548">
                  <del>et Hectorem una solus et Martem tuli</del>
               </l>
               <l n="549">Phoebea nec me tela pepulerunt gradu:</l>
               <l n="550">cum Phrygibus istos vicimus— tene horream? </l>
               <l n="551">aliena inerti tela mittis dextera,</l>
               <l n="552">quid si ipse mittat?' plura cum auderet furens,</l>
               <pb n="p.262"/>
               <l n="553">tridente rupem subruit pulsam pater</l>
               <l n="554">Neptunus imis exerens undis caput</l>
               <l n="555">solvitque montem; quem cadens secum tulit </l>
               <l n="556">terraque et igne victus et pelago iacet.</l>
               <l n="557">Nos alia maior naufragos pestis vocat,</l>
               <l n="558">est humilis, unda, scrupeis mendax vadis,</l>
               <l n="559">ubi saxa rapidis clausa verticibus tegit</l>
               <l n="560">fallax Caphereus; aestuat scopulis fretum </l>
               <l n="561">fervetque semper fluctus alterna vice.</l>
               <l n="562">arx imminet praerupta quae spectat mare</l>
               <l n="563">utrimque geminum: Pelopis hinc oras tui</l>
               <l n="564">et Isthmon, arto qui recurvatus solo</l>
               <l n="565">Ionia iungi maria Phrixeis vetat, </l>
               <l n="566">hinc scelere Lemnon nobilem et Calchedona</l>
               <l n="567">tardamque ratibus Aulida: hanc arcem occupat</l>
               <l n="568">Palamedis ille genitor et clarum manu</l>
               <l n="569">lumen nefanda vertice e summo efferens</l>
               <l n="570">in saxa ducit perfida classem face. </l>
               <l n="571">haerent acutis rupibus fixae rates;</l>
               <l n="572">has inopis undae brevia comminuunt vada,</l>
               <l n="573">pars vehitur huius prima, pars scopulo sedet;</l>
               <l n="574">hanc alia retro spatia relegentem ferit</l>
               <l n="575">et fracta frangit, iam timent terram rates </l>
               <l n="576">et maria malunt. cecidit in lucem furor:</l>
               <l n="577">postquam litatum est Ilio, Phoebus redit</l>
               <l n="578">et damna noctis tristis ostendit dies.</l>
            </sp>
            <milestone n="579" unit="card"/>
            <sp who="#clytemestra">
               <speaker>Clyt.</speaker>
               <l n="579">Vtrumne doleam laeter an reducem virum?</l>
               <l n="580">remeasse laetor vulnus et regni grave </l>
               <l n="581">lugere cogor, redde iam Grais, pater</l>
               <l n="582">altisona quatiens regna, placatos deos.</l>
               <l n="583">nunc omne laeta fronde veletur caput,</l>
               <pb n="p.263"/>
               <l n="584">sacrifiea dulces tibia effundat modos</l>
               <l n="585">et nivea magnas victima ante aras cadat </l>
               <l n="586">Sed ecce. turba tristis in comptae comas</l>
               <l n="587">Iliades adsunt, quas super celso gradu</l>
               <l n="588">effrena Phoebas entheas laurus quatit.</l>
            </sp>

            <sp who="#chorus2 cassandra">
               <speaker>Chorus Iliadum Cassandra</speaker>
               <l n="589">Heu quam dulce malum mortalibus additum</l>
               <l n="590">vitae diras amor, cum pateat malis </l>
               <l n="591">effugium et miseros libera mors vocet</l>
               <l n="592">portus aeterna placidus quiete,</l>
               <l n="593">nullus hunc terror nec impotentia</l>
               <l n="594">procella Fortunae movet aut iniqui</l>
               <l n="595">flamma Tonantis. </l>

               <l n="605">Perrumpet omne servitium </l>
               <l n="606">contemptor levium deorum,</l>
               <l n="607">qui vultus Acherontis atri,</l>
               <l n="608">qui Styga tristem non tristis videt</l>
               <l n="609">audetque vitae ponere finem. </l>

               <l n="596">Alta pax<gap reason="omitted"/>nullos </l>
               <l n="597">civium coetus timet aut minaces</l>
               <l n="598">victoris iras, non maria asperis</l>
               <l n="599">insana coris, non acies feras</l>
               <l n="600">pulvereamve nubem </l>
               <l n="601">motam barbaricis equitum catervis;</l>
               <l n="602">non urbe cum tota populos cadentes,</l>
               <pb n="p.264"/>
               <l n="603">hostica muros populari te flamma,</l>
               <l n="604">indoinitumve bellum: </l>

               <l n="610">par ille regi, par superis erit. </l>
               <l n="611">o quam miserum est nescire mori!</l>
               <l n="612">Vidimus patriam ruentem nocte funesta,</l>
               <l n="613">cum Dardana tecta Dorici raperetis ignes,</l>
               <l n="614">non illa bello victa, non armis,</l>
               <l n="615">ut quondam, Herculea cecidit pharetra. </l>
               <l n="616">quam non Pelei Thetidisquo natus</l>
               <l n="617">carosque Pelidae nimium feroci</l>
               <l n="618">vicit, acceptis cum fulsit armis</l>
               <l n="619">fuditque Troas falsus Achilles,</l>
               <l n="620">aut cum ipso Pelides animos feroces </l>
               <l n="621">sustulit luctu celeremque saltu</l>
               <l n="622">Troades summis timuere muris,</l>
               <l n="623">perdidit in malis</l>
               <l n="624">extremum decus fortiter vinci:</l>
               <l n="625">restitit quinis bis annis </l>
               <l n="626">unius noctis peritura furto.</l>
               <l n="627">Vidimus simulata dona</l>
               <l n="628">molis immensae Danaumque</l>
               <l n="628b">fatale munus duximus nostra</l>
               <l n="629">creduli dextra tremuitque saepe</l>

               <l n="630">limine in primo sonipes, cavernis </l>
               <l n="631">conditos reges bellumque gestans;</l>
               <l n="632">et licuit dolos versare ut ipsi</l>
               <l n="633">fraude sua caderent Pelasgi.</l>
               <l n="634">saepe commotae sonuere parmae</l>
               <l n="635">tacitumque murmur percussit aures, </l>
               <pb n="p.265"/>
               <l n="636">ut fremuit male subdolo</l>
               <l n="637">parens Pyrrhus Vlixi.</l>
               <l n="638">Secura metus Troica pubes</l>
               <l n="639">sacros gaudet tangere funes,</l>
               <l n="640">hinc aequaevi gregis Astyanax, </l>
               <l n="641">hinc Haemonio desponsa rogo</l>
               <l n="642a">ducunt turmas,</l>
               <l n="642b">haec femineas, ille viriles.</l>
               <l n="643">festae matres votiva ferunt</l>
               <l n="644">munera divis:</l>

               <l n="645">festi patres adeunt aras, </l>
               <l n="646">unus tota est vultus in urbe;</l>
               <l n="647">et, quod numquam post Hectoreos</l>
               <l n="648">vidimus ignes, laeta est Hecuba.</l>
               <l n="649">quid nunc primum, dolor infelix,</l>
               <l n="650">quidve extremum deflere paras? </l>
               <l n="651">moenia, divum fabricata manu,</l>
               <l n="652">diruta nostra?</l>
               <l n="653">an templa deos super usta suos?</l>
               <l n="654">non vacat istis lacrimare malis:</l>
               <l n="655">te, magne parens, flent Iliades. </l>
               <l n="656">vidi, vidi</l>
               <l n="657">senis in iugulo telum Pyrrhi</l>
               <l n="658">vix exiguo sanguine tingui.</l>
            </sp>
            <milestone n="659" unit="card"/>
            <sp who="#cassandra">
               <speaker>Cass.</speaker>
               <l n="659">Cohibete lacrimas omne quas tempus petet,</l>
               <l n="660">Troades, et ipsae vestra lamentabili </l>
               <l n="661">lugete gemitu funera: aerumnae meae</l>
               <l n="662">socium recusant, cladibus questus meis</l>
               <l n="663">removete, nostris ipsa sufficiam malis.</l>
            </sp>
	           <pb n="p.266"/>
            <sp who="#chorus2">
               <speaker>Chor.</speaker>
               <l n="664">Lacrimas lacrimis miscere iuvat:</l>
               <l n="665">magis exurunt quos secretae </l>
               <l n="666">lacerant curae, iuvat in medium</l>
               <l n="667">deflere suos; nec tu, quamvis</l>
               <l n="668">dura virago patiensque mali,</l>
               <l n="669">poteris tantas flere ruinas,</l>
               <l n="670">non quae verno mobile carmen </l>
               <l n="671">ramo cantat tristis aedon</l>
               <l n="672">Ityn in varios modulata sonos,</l>
               <l n="673">non quae tectis Bistonis ales</l>
               <l n="674">residens summis impia diri</l>
               <l n="675">furta mariti garrula narrat, </l>
               <l n="676">lugere tuam poterit digne</l>
               <l n="677">conquesta domum, licet ipse velit</l>
               <l n="678">clarus niveos inter olores</l>
               <l n="679">Histrum cycnus Tanainque colens</l>
               <l n="680">extrema loqui, licet alcyones </l>
               <l n="681">Ceyca suum fluctu leviter</l>
               <l n="682">plangente sonent, cum tranquillo</l>
               <l n="683">male confisae credunt iterum</l>
               <l n="684">pelago audaces fetusque suos</l>
               <l n="685">nido pavidae titubante fovent; </l>
               <l n="686">non si molles comitata viros</l>
               <l n="687">tristis Iaceret bracchia tecum</l>
               <l n="688">quae turritae turba parenti</l>
               <l n="689">pectora, rauco concita buxo,</l>
               <l n="690">ferit ut Phrygium lugeat Attin, </l>
               <l n="691">non est lacrimis, Cassandra, modus,</l>
               <l n="692">quia quae patimur vicere modum.</l>
               <pb n="p.267"/>
               <l n="693">Sed cur sacratas deripis capiti infulas?</l>
               <l n="694">miseris colendos maxime superos putem.</l>
               <l n="695">CASS, Vicere nostra iam metus omnis mala. </l>
               <l n="696">equidem nec ulla caelites placo prece</l>
               <l n="697">nec, si velint saevire, quo noceant habent.</l>
               <l n="698">Fortuna vires ipsa consumpsit suas.</l>
               <l n="699">quae patria restat, quis pater, quae iam soror?</l>
               <l n="700">bibere tumuli sanguinem atque arae meum. </l>
               <l n="701">quid illa felix turba fraterni gregis?</l>
               <l n="702">exhausta nempe: regia miseri senes</l>
               <l n="703">vacua relicti, totque per thalamos vident</l>
               <l n="704">praeter Lacaenam ceteras viduas nurus,</l>
               <l n="705">tot illa regum mater et regimen Phrygum, </l>
               <l n="706">fecunda in ignes Hecuba fatorum novas</l>
               <l n="707">experta leges induit vultus feros:</l>
               <l n="708">circa ruinas rabida latravit suas,</l>
               <l n="709">Troiae superstes, Hectori, Priamo, sibi.</l>
            </sp>
            <milestone n="710" unit="card"/>
            <sp who="#chorus2">
               <speaker>Chor.</speaker>
               <l n="710">Silet repente Phoebas et pallor genas </l>
               <l n="711">creberque totum possidet corpus tremor;</l>
               <l n="712">stetere vittae, mollis horrescit coma,</l>
               <l n="713">anhela corda murmure incluso fremunt,</l>
               <l n="714">incerta nutant lumina et versi retro</l>
               <l n="715">torquentur oculi, rursus immoti rigent. </l>
               <l n="716">nunc levat in auras altior solito caput</l>
               <l n="717">graditurque celsa, nunc reluctantis parat</l>
               <l n="718">reserare fauces, verba nunc clauso male</l>
               <l n="719">custodit ore maenaa impatiens dei.</l>
            </sp>

            <sp who="#cassandra">
               <speaker>Cass.</speaker>
               <l n="720">Quid me furoris incitam stimulis novi </l>
               <l n="721">quid mentis inopem, sacra Parnasi iuga,</l>
               <l n="722">rapitis? recede, Phoebe, iam non sum tua,</l>
               <l n="723">extingue flammas pectori infixas meo.</l>
               <l n="724">cui nunc vagor vaesana? cui bacchor furens?</l>
               <l n="725">iam Troia cecidit— falsa quid vates ago? </l>
               <pb n="p.268"/>
               <l n="726">Vbi sum? fugit lux alma et obscurat genas</l>
               <l n="727">nox alta et aether abditus tenebris latet,</l>
               <l n="728">sed ecce gemino sole praefulget dies</l>
               <l n="729">geminumque duplices Argos attollit domus.</l>
               <l n="730">Idaea cerno nemora: fatalis sedet </l>
               <l n="731">inter potentes arbiter pastor deas.</l>
               <l n="732">timete reges, moneo, furtivum genus:<gap reason="omitted"/>
               </l>
               <l n="733">agrestis iste alumnus evertet domum,</l>
               <l n="734">quid ista vaecors tela feminea manu</l>
               <l n="735">destricta praefert? quem petit dextra virum </l>
               <l n="736">Lacaena cultu, ferrum Amazonium gerens?</l>
               <l n="737">quae versat oculos alia nunc facies meos?</l>
               <l n="738">victor ferarum colla sublimis iacet</l>
               <l n="739">ignobili sub dente Marmaricus leo,</l>
               <l n="740">morsus cruentos passus audacis leae. </l>
               <l n="741">quid me vocatis sospitem solam e meis,</l>
               <l n="742">umbrae meorum? te sequor testis, pater,</l>
               <l n="743">Troiae sepultae; frater, auxilium Phrygum</l>
               <l n="744">terrorque Danaum, non ego antiquum decus</l>
               <l n="745">video aut calentes ratibus exustis manus, </l>
               <l n="746">sed lacera membra et saucios vinclo gravi</l>
               <l n="747">illos lacertos; te sequor, nimium cito</l>
               <l n="748">congresse Achilli Troile; incertos geris,</l>
               <l n="749">Deiphobe, vultus, coniugis munus novae,</l>
               <l n="750">iuvat per ipsos ingredi Stygios lacus, </l>
               <l n="751">iuvat videre Tartari saevum canem</l>
               <pb n="p.269"/>
               <l n="752">avidique regna Ditis! haec hodie ratis</l>
               <l n="753">Phlegethontis atri regias animas vehet,</l>
               <l n="754">victamqne victricemqne. vos. umbrae, precor.</l>
               <l n="755">iurata superis unda. te pariter precor: </l>
               <l n="756">reserate paulum terga nigrantis poli,</l>
               <l n="757">levis ut Mycenas turba prospiciat Phrygum.</l>
               <l n="758">spectate. miseri: fata se vertunt retro.</l>
               <l n="759">Instant sorores squalidae</l>
               <l n="760">sanguinea iactant verbera. </l>
               <l n="761">fert laeva semustas faces</l>
               <l n="762">turgentque pallentes genae</l>
               <l n="763">et vestis atri funeris</l>
               <l n="764">exesa cingit ilia,</l>
               <l n="765">strepuntque nocturni metus </l>
               <l n="766">et ossa vasti corporis</l>
               <l n="767">corrupta longinquo situ</l>
               <l n="768">palude limosa iacent.</l>
               <l n="769">et ecce, defessus senex</l>
               <l n="770">ad ora ludentes aquas </l>
               <l n="771">non captat oblitus sitim,</l>
               <l n="772">maestus futuro funere:</l>
               <l n="773">exultat et ponit gradus</l>
               <l n="774">pater decoros Dardanus.</l>
            </sp>
            <milestone n="775" unit="card"/>
            <sp who="#chorus2">
               <speaker>Chor.</speaker>
               <l n="775">Iam pervagatus ipse se fregit furor, </l>
               <l n="776">caditque flexo qualis ante aras genu</l>
               <l n="777">cervice taurus vulnus incertum gerens,</l>
               <l n="778">relevemus artus, en deos tandem suos</l>
               <pb n="p.270"/>
               <l n="779">victrice lauru cinctus Agamemnon adit,</l>
               <l n="780">et festa coniunx obvios illi tulit </l>
               <l n="781">gressus reditque iuncta concordi gradu.</l>
            </sp>

            <sp who="#agamemnon cassandra">
               <speaker>Agamemno Cassandra</speaker>
               <l n="782">Tandem reverter sospes ad patrios lares;</l>
               <l n="783">o cara salve terra, tibi tot barbarae</l>
               <l n="784">dedere gentes spolia, tibi felix diu</l>
               <l n="785">potentis Asiae Troia summisit manus, </l>
               <l n="786">quid ista vates corpus effusa ac tremens</l>
               <l n="787">dubia labat cervice? famuli, attollite,</l>
               <l n="788">refovete gelido latice. iam recipit diem</l>
               <l n="789">marcente visu. suscita sensus tuos:</l>
               <l n="790">optatus ille portus aerumnis adest, </l>
               <l n="791" part="I">festus dies est.</l>
            </sp> 
            <sp who="#cassandra">
               <speaker>Cass.</speaker>
               <l n="791b" part="F">Festus et Troiae fuit.</l>
            </sp>


            <sp who="#agamemnon">
               <speaker>Agam.</speaker>
               <l n="792" part="I">Veneremur aras.</l>
            </sp> 
            <sp who="#cassandra">
               <speaker>Cass.</speaker>
               <l n="792b" part="F">Cecidit ante aras pater.</l>
            </sp>


            <sp who="#agamemnon">
               <speaker>Agam.</speaker>
               <l n="793" part="I">Iovem precemur pariter.</l>
            </sp> 
            <sp who="#cassandra">
               <speaker>Cass.</speaker>
               <l n="793b" part="F">Herceum Iovem ?</l>
            </sp>


            <sp who="#agamemnon">
               <speaker>Agam.</speaker>
               <l n="794" part="I">Credis videre te Ilium?</l>
            </sp> 
            <sp who="#cassandra">
               <speaker>Cass.</speaker>
               <l n="794b" part="F">Et Priamum simul.</l>
            </sp>


            <sp who="#agamemnon">
               <speaker>Agam.</speaker>
               <l n="795" part="I">Hic Troia non est.</l>
            </sp> 
            <sp who="#cassandra">
               <speaker>Cass.</speaker>
               <l n="795b" part="F">Helena ubi est Troiam puto. </l>
            </sp>


            <sp who="#agamemnon">
               <speaker>Agam.</speaker>
               <l n="796" part="I">Ne metue dominam famula,</l>
            </sp> 
            <sp who="#cassandra">
               <speaker>Cass.</speaker>
               <l n="796b" part="F">Libertas adest.</l>
            </sp>


            <sp who="#agamemnon">
               <speaker>Agam.</speaker>
               <l n="797" part="I">Secura vive.</l>
            </sp> 
            <sp who="#cassandra">
               <speaker>Cass.</speaker>
               <l n="797b" part="F">Mihi mori est securitas.</l>
            </sp>


            <sp who="#agamemnon">
               <speaker>Agam.</speaker>
               <l n="798" part="I">Nullum est periclum tibimet.</l>
            </sp> 
            <sp who="#cassandra">
               <speaker>Cass.</speaker>
               <l n="798b" part="F">At magnum tibi.</l>
            </sp>


            <sp who="#agamemnon">
               <speaker>Agam.</speaker>
               <l n="799" part="I">Victor timere quid potest?</l>
            </sp> 
            <sp who="#cassandra">
               <speaker>Cass.</speaker>
               <l n="799b" part="F">Quod non timet.</l>
            </sp>

            <sp who="#agamemnon">
               <speaker>Agam.</speaker>
               <l n="800">Hanc fida famuli turba, dum excutiat deum, </l>
               <l n="801">retinete ne quid impotens peccet furor.</l>
               <l n="802">at te, pater, qui saeva torques fulmina</l>
               <l n="803">pellisque nubes, sidera et terras regis,</l>
               <l n="804">ad quem triumphi spolia victores ferunt,</l>
               <l n="805">et te sororem cuncta pollentis viri, </l>
               <pb n="p.271"/>
               <l n="806">Argolica limo, pecore votivo libens</l>
               <l n="807">Arabumque donis supplice et fibra colam.</l>
            </sp>
            <milestone n="808" unit="card"/>
            <sp who="#chorus2 cassandra">
               <speaker>Chorus Cassandra</speaker>
               <l n="808">Argos nobilibus nobile civibus,</l>
               <l n="809">Argos iratae carum novercae,</l>
               <l n="810">semper ingentes alumnos </l>
               <l n="811">educas, numerum deorum</l>
               <l n="812">imparem aequasti: tuus ille</l>
               <l n="813">bis seno meruit labore</l>
               <l n="813b">adlegi caelo</l>
               <l n="814">magnus Alcides, cui lege mundi</l>

               <l n="815">Iuppiter rupta geminavit horas </l>
               <l n="816">roscidae noctis iussitque Phoebum</l>
               <l n="817">tardius celeres agitare currus</l>
               <l n="818">et tuas lente remeare bigas,</l>
               <l n="819">pallida Phoebe;</l>
               <l n="819b">rettulit pedem</l>

               <l n="820">nomen alternis stella quae mutat </l>
               <l n="821">seque mirata est Hesperum dici;</l>
               <l n="822">Aurora movit ad solitas vices</l>
               <l n="823">caput et relabens imposuit seni</l>
               <l n="823b">collum marito.</l>
               <l n="824">sensit ortus, sensit occasus</l>

               <l n="825">Herculem nasci: violentus ille </l>
               <l n="826">nocte non una poterat creari.</l>
               <l n="827">tibi concitatus substitit mundus,</l>
               <l n="828">o puer subiture caelum.</l>
               <pb n="p.272"/>
               <l n="829">te sensit Nemeaeus arto</l>
               <l n="830">pressus lacerto fulmineus leo </l>
               <l n="831">cervaque Parrhasis,</l>
               <l n="832">sensit Arcadii populator agri,</l>
               <l n="833">gemuitque taurus Dictaea linquens</l>
               <l n="834">horridus arva.</l>
               <l n="835">morte fecundum domuit draconem </l>
               <l n="836">vetuitque collo pereunte nasci,</l>
               <l n="837">geminosque fratres</l>
               <l n="838">pectore ex uno tria monstra natos</l>
               <l n="839">stipite incusso fregit insultans, '</l>
               <l n="840">duxitque ad ortus Hesperium pecus, </l>
               <l n="841">Geryonae spolium triformis.</l>
               <l n="842">egit Threicium gregem,</l>
               <l n="843">quem non Strymonii gramine fluminis</l>
               <l n="844">Hebrive ripis pavit tyrannus:</l>
               <l n="845">hospitum dirus stabulis cruorem </l>
               <l n="846">praebuit saevis tinxitque crudos</l>
               <l n="847">ultimus rictus sanguis aurigae,</l>
               <l n="848">vidit Hippolyto ferox</l>
               <l n="849">pectore e medio rapi</l>
               <l n="849b">spolium, et sagittis</l>

               <l n="850">nube percussa Stymphalis alto </l>
               <l n="851">decidit caelo;</l>
               <l n="852">arborque pomis fertilis aureis</l>
               <l n="853">extimuit manus insueta carpi</l>
               <l n="854">fugitque in auras leviore ramo.</l>
               <l n="855">audivit sonitum crepitante lamna </l>
               <l n="856">frigidus custos nescius somni,</l>
               <l n="857">linqueret cum iam nemus omne fulvo</l>
               <l n="858">plenus Alcides vacuum metallo.</l>
               <pb n="p.273"/>
               <l n="859">tractus ad caelum canis inferorum</l>
               <l n="860">triplici catena tacuit nec ullo </l>
               <l n="861">latravit ore,</l>
               <l n="862">lucis ignotae metuens colorem.</l>
               <l n="862b">te duce succidit</l>
               <l n="863">mendax Dardanidae domus</l>
               <l n="864">et sensit arcus iterum timendos;</l>

               <l n="865">te duce concidit </l>
               <l n="866">totidem diebus Troia quot annis.</l>
            </sp>
            <milestone n="867" unit="card"/>
            <sp who="#cassandra">
               <speaker>Cass.</speaker>
               <l n="867">Res agitur intus magna, par annis decem.</l>
               <l n="868">eheu quid hoc est? anime, consurge et cape</l>
               <l n="869">pretium furoris: vicimus victi Phryges.</l>
               <l n="870">bene est, resurgit Troia; traxisti iacens, </l>
               <l n="871">parens, Mycenas, terga dat victor tuus!</l>
               <l n="872">tam clara numquam providae mentis furor</l>
               <l n="873">ostendit oculis: video et intersum et fruor:</l>
               <l n="874">imago visus dubia non fallit meos:</l>
               <l n="875">spectemus. epulae regia instructae domo, </l>
               <l n="876">quales fuerunt ultimae Phrygibus dapes,</l>
               <l n="877">celebrantur: ostro lectus Iliaco nitet</l>
               <l n="878">merumque in auro veteris Assaraci trahunt.</l>
               <l n="879">en ipse picta veste sublimis iacet,</l>
               <l n="880">Priami superbas corpore exuvias gerens. </l>
               <l n="881">detrahere cultus uxor hostiles iubet,</l>
               <l n="882">induere potius coniugis fidae manu</l>
               <l n="883">textos amictus— horreo atque animo tremo:</l>
               <l n="884">regemne perimet exul et adulter virum?</l>
               <l n="885">venere fata. sanguinem extremae dapes </l>
               <l n="886">domini videbunt et cruor Baccho incidet.</l>
               <pb n="p.274"/>
               <l n="887">mortifera vinctum perfide tradit neci</l>
               <l n="888">induta vestis: exitum manibus negant</l>
               <l n="889">caputque laxi et invii claudunt sinus.</l>
               <l n="890">haurit trementi semivir dextra latus, </l>
               <l n="891">nec penitus egit: vulnere in medio stupet.</l>
               <l n="892">at ille, ut altis hispidus silvis aper</l>
               <l n="893">cum casse vinctus temptat egressus tamen</l>
               <l n="894">artatque motu vincla et in cassum furit,</l>
               <l n="895">cupit fluentes undique et caecos sinus </l>
               <l n="896">dissicere et hostem quaerit implicitus suum.</l>
               <l n="897">armat bipenni Tyndaris dextram furens,</l>
               <l n="898">qualisque ad aras colla taurorum popa</l>
               <l n="899">designat oculis antequam ferro petat,</l>
               <l n="900">sic huc et illuc impiam librat manum. </l>
               <l n="901">habet, peractum est. pendet exigua male</l>
               <l n="902">caput amputatum parte et hinc trunco cruor</l>
               <l n="903">exundat, illic ora cum fremitu iacent.</l>
               <l n="904">nondum recedunt: ille iam exanimem petit</l>
               <l n="905">laceratque corpus, illa fodientem adiuvat. </l>
               <l n="906">uterque tanto scelere respondet suis:</l>
               <l n="907">est hic Thy este gnatus, haec Helenae soror.</l>
               <l n="908">stat ecce Titan dubius emerito die,</l>
               <l n="909">suane currat an Thyestea via.</l>
            </sp>

            <sp who="#electra">
               <speaker>Electra</speaker>
               <l n="910">Fuge, o paternae mortis auxilium unicum, </l>
               <l n="911">fuge et scelestas hostium vita manus,</l>
               <l n="912">eversa domus est funditus, regna occidunt,</l>
               <l n="913">hospes quis iste concitos currus agit?</l>
               <pb n="p.275"/>
               <l n="914">germane, vultus veste furabor tuos.</l>
               <l n="915">quid, anime demens, refugis? externos times? </l>
               <l n="916">domus timenda est. pone iam trepidos metus,</l>
               <l n="917">Oresta: amici fida praesidia intuor.</l>
            </sp>
            <milestone n="918" unit="card"/>
            <sp who="#strophius electra">
               <speaker>Strophius Electra</speaker>
               <l n="918">Phocide relicta Strophius Elea inclutus</l>
               <l n="919">palma revertor. causa veniendi fuit</l>
               <l n="920">gratari amico, cuius impulsum manu </l>
               <l n="921">cecidit decenni Marte concussum Ilium,</l>
               <l n="922">quaenam ista lacrimis lugubrem vultum rigat</l>
               <l n="923">pavetque maesta? regium agnosco genus.</l>
               <l n="924">Electra, fletus causa quae laeta in domo est?</l>
            </sp>

            <sp who="#electra">
               <speaker>El.</speaker>
               <l n="925">Pater peremptus scelere materno iacet, </l>
               <l n="926">comes paternae quaeritur natus neci,</l>
               <l n="927">Aegisthus arces Venere quaesitas tenet.</l>
            </sp>

            <sp who="#strophius">
               <speaker>Str.</speaker>
               <l n="928">O nulla longi temporis felicitas!</l>
            </sp>

            <sp who="#electra">
               <speaker>El.</speaker>
               <l n="929">Per te parentis memoriam obtestor mei,</l>
               <l n="930">per sceptra terris nota, per dubios deos: </l>
               <l n="931">recipe hunc Oresten ac pium furtum occule.</l>
            </sp>

            <sp who="#strophius">
               <speaker>Str.</speaker>
               <l n="932">Etsi timendum caesus Agamemnon docet,</l>
               <l n="933">aggrediar et te, Oresta, furabor libens,</l>
               <l n="934">
                  <del>fidem secunda poscunt, adversa exigunt</del>
               </l>
               <l n="935">cape hoc decorum ludicri certaminis, </l>
               <l n="936">insigne frontis; laeva victricem tenens</l>
               <l n="937">frondem virenti protegat ramo caput,</l>
               <l n="938">et ista donum palma Pisaei Iovis</l>
               <l n="939">velamen eadem praestet atque omen tibi.</l>
               <l n="940">tuque o paternis assidens frenis comes, </l>
               <l n="941">condisce, Pylade, patris exemplo fidem,</l>
               <l n="942">vos Graecia nunc teste veloces equi</l>
               <l n="943">infida cursu fugite praecipiti loca.</l>
            </sp>
	           <pb n="p.276"/>
            <sp who="#electra">
               <speaker>El.</speaker>
               <l n="944">Excessit, abiit, currus effreno impetu</l>
               <l n="945">cffugit aciem, tuta iam cpperiar meos </l>
               <l n="946">hostes et ultro vulneri opponam caput.</l>
               <l n="947">Adest cruenta coniugis victrix sui</l>
               <l n="948">et signa caedis veste maculata gerit.</l>
               <l n="949">manus recenti sanguine etiamnunc madent</l>
               <l n="950">vultusque prae se scelera truculenti ferunt. </l>
               <l n="951">concedam ad aras. patere me vittis tuis,</l>
               <l n="952">Cassandra, iungi paria metuentem tibi.</l>
            </sp>

            <sp who="#clytemestra electra aegisthus cassandra">
               <speaker>Clytemestra Electra Aegisthus Cassandra</speaker>
               <l n="953">Hostis parentis, impium atque audax caput,</l>
               <l n="954">quo more coetus publicos virgo petis?</l>
            </sp>

            <sp who="#electra">
               <speaker>El.</speaker>
               <l n="955">Adulterarum virgo deserui domum. </l>
            </sp>


            <sp who="#clytemestra">
               <speaker>Clyt.</speaker>
               <l n="956" part="I">Quis esse credat virginem?</l>
            </sp> 
            <sp who="#electra">
               <speaker>El.</speaker>
               <l n="956b" part="F">Natam, tuam?</l>
            </sp>


            <sp who="#clytemestra">
               <speaker>Clyt.</speaker>
               <l n="957" part="I">Modestiae cum matre.</l>
            </sp> 
            <sp who="#electra">
               <speaker>El.</speaker>
               <l n="957b" part="F">Pietatem doces?</l>
            </sp>

            <sp who="#clytemestra">
               <speaker>Clyt.</speaker>
               <l n="958">Animos viriles corde tumefacto geris;</l>
               <l n="959">sed agere domita feminam disces malo.</l>
            </sp>

            <sp who="#electra">
               <speaker>El.</speaker>
               <l n="960">Nisi forte fallor, feminas ferrum decet. </l>
            </sp>

            <sp who="#clytemestra">
               <speaker>Clyt.</speaker>
               <l n="961">Et esse demens te parem nobis putas?</l>
            </sp>

            <sp who="#electra">
               <speaker>El.</speaker>
               <l n="962">Vobis? quis iste est alter Agamemnon tuus?</l>
               <l n="963">ut vidua loquere: vir caret vita tuus.</l>
            </sp>

            <sp who="#clytemestra">
               <speaker>Clyt.</speaker>
               <l n="964">Indomita posthac virginis verba impiae</l>
               <l n="965">regina frangam; citius interea mihi </l>
               <l n="966">edissere ubi sit natus, ubi frater tuus.</l>
            </sp>


            <sp who="#electra">
               <speaker>El.</speaker>
               <l n="967" part="I">Extra Mycenas.</l>
            </sp> 
            <sp who="#clytemestra">
               <speaker>Clyt.</speaker>
               <l n="967b" part="F">Redde nunc natum mihi.</l>
            </sp>
            <sp who="#electra">
               <speaker>El.</speaker>
               <l n="968" part="I">Et tu parentem redde.</l>
            </sp> 
            <sp who="#clytemestra">
               <speaker>Clyt.</speaker>
               <l n="968b" part="F">Quo latitat loco?</l>
            </sp>

            <sp who="#electra">
               <speaker>El.</speaker>
               <l n="969">Tuto quietus, regna non metuens nova:</l>
               <l n="970" part="I">iustae parenti satis.</l>
            </sp> 
            <sp who="#clytemestra">
               <speaker>Clyt.</speaker>
               <l n="970b" part="F">At iratae parum. </l>
               <pb n="p.277"/>
               <l n="971" part="I">morieris hodie.</l>
            </sp> 
            <sp who="#electra">
               <speaker>El.</speaker>
               <l n="971b" part="F">Dummodo hac moriar manu.</l>
               <l n="972">recedo ab aris. sive te iugulo iuvat</l>
               <l n="973">mersisse ferrum, praebeo iugulum tibi;</l>
               <l n="974">seu more pecudum colla resecari placet,</l>
               <l n="975">intenta cervix vulnus expectat tuum. </l>
               <l n="976">scelus paratum est: caede respersam viri</l>
               <l n="977">atque obsoletam sanguine hoc dextram ablue.</l>
            </sp>
            <milestone n="978" unit="card"/>
            <sp who="#clytemestra">
               <speaker>Clyt.</speaker>
               <l n="978">Consors pericli pariter ac regni mei,</l>
               <l n="979">Aegisthe, gradere, gnata genetricem impie</l>
               <l n="980">probris lacessit, occulit fratrem abditum. </l>
            </sp>

            <sp who="#aegisthus">
               <speaker>Aeg.</speaker>
               <l n="981">Furibunda virgo, vocis infandae sonum</l>
               <l n="982">et aure verba indigna materna opprime.</l>
            </sp>

            <sp who="#electra">
               <speaker>El.</speaker>
               <l n="983">Etiam monebit sceleris infandi artifex,</l>
               <l n="984">per scelera gnatus, nomen ambiguum suis,</l>
               <l n="985">idem sororis gnatus et patris nepos? </l>
            </sp>

            <sp who="#clytemestra">
               <speaker>Clyt.</speaker>
               <l n="986">Aegisthe, cessas impium ferro caput</l>
               <l n="987">demetere? fratrem reddat aut animam statim.</l>
            </sp>

            <sp who="#aegisthus">
               <speaker>Aeg.</speaker>
               <l n="988">Abstrusa caeco carcere et saxo exigat</l>
               <l n="989">aevum, et per omnes torta poenarum modos</l>
               <l n="990">referre quem nunc occulit forsan volet </l>
               <l n="991">inops egens inclusa, paedore obruta,</l>
               <l n="992">vidua ante thalamos, exul, invisa omnibus</l>
               <l n="993">aethere negate sero subcumbet malis.</l>
            </sp>


            <sp who="#electra">
               <speaker>El.</speaker>
               <l n="994" part="I">Concede mortem,</l>
            </sp> 
            <sp who="#aegisthus">
               <speaker>Aeg.</speaker>
               <l n="994b" part="F">Si recusares, darem,</l>
               <l n="995">rudis est tyrannus morte qui poenam exigit. </l>
            </sp>


            <sp who="#electra">
               <speaker>El.</speaker>
               <l n="996" part="I">Mortem aliquid ultra est?</l>
            </sp> 
            <sp who="#aegisthus">
               <speaker>Aeg.</speaker>
               <l n="996b" part="F">Vita, si cupias mori.</l>
               <l n="997">abripite, famuli, monstrum et avectam procul</l>
               <l n="998">ultra Mycenas ultimo in regni angulo</l>
               <l n="999">vincite saeptam nocte tenebrosi specus,</l>
               <l n="1000">ut inquietam virginem carcer domet. </l>
            </sp>

            <sp who="#clytemestra">
               <speaker>Clyt.</speaker>
               <l n="1001">At ista poenas capite persolvet suo</l>
               <pb n="p.278"/>
               <l n="1002">captiva coniunx, regii paelex tori.</l>
               <l n="1003">trahite, ut sequatur coniugem ereptum milli.</l>
            </sp>

            <sp who="#cassandra">
               <speaker>Cass.</speaker>
               <l n="1004">Ne trahite. vestros ipsa praecedam gradus.</l>
               <l n="1005">perferre prima nuntium Phrygibus meis </l>
               <l n="1006">propero: repletum ratibus eversis mare,</l>
               <l n="1007">captas Mycenas, mille ductorem ducum,</l>
               <l n="1008">ut paria fata Troicis lueret malis,</l>
               <l n="1009">perisse dono feminae: stupro, dolo.</l>
               <l n="1010">nihil moramur, rapite, quin grates ago. </l>
               <l n="1011">iam, iam iuvat vixisse post Troiam, iuvat.</l>
            </sp>


            <sp who="#clytemestra">
               <speaker>Clyt.</speaker>
               <l n="1012" part="I">Furiosa, morere.</l>
            </sp> 
            <sp who="#cassandra">
               <speaker>Cass.</speaker>
               <l n="1012b" part="F">Veniet et vobis furor.—</l>
            </sp>
         </div>
      </body>
   </text>
</TEI>