<?xml version="1.0" encoding="UTF-8"?>
<?xml-model href="http://www.stoa.org/epidoc/schema/8.19/tei-epidoc.rng"
  schematypens="http://relaxng.org/ns/structure/1.0"?>
<?xml-model href="http://www.stoa.org/epidoc/schema/8.19/tei-epidoc.rng"
  schematypens="http://purl.oclc.org/dsdl/schematron"?>
<TEI xmlns="http://www.tei-c.org/ns/1.0">
    <teiHeader>
        <fileDesc>
            <titleStmt>
                <title type="sub">Octavia</title>
                <author n="Sen.">Seneca</author>
                <editor role="editor" n="Peiper">Rudolf Peiper</editor>
                <editor role="editor" n="Richter">Gustav Richter</editor>
                <sponsor>Perseus Project, Tufts University</sponsor>
                <principal>Gregory Crane</principal>
                <respStmt>
                    <resp>Prepared under the supervision of</resp>
                    <name>Bridget Almas</name>
                    <name>Lisa Cerrato</name>
                    <name>David Mimno</name>
                    <name>Rashmi Singhal</name>
                </respStmt>
                <funder n="org:NEH">The National Endowment for the Humanities</funder>
            </titleStmt>
            <extent>About 100Kb</extent>
            <publicationStmt>
                <publisher>Trustees of Tufts University</publisher>
                <pubPlace>Medford, MA</pubPlace>
                <authority>Perseus Project</authority>
                <date type="release">2009-10-07</date>
            </publicationStmt>
            <sourceDesc>
                <biblStruct>
                    <monogr>
                        <author>L. Annaeus Seneca</author>
                        <title>Tragoediae</title>
                        <editor role="editor" n="Peiper">Rudolf Peiper</editor>
                        <editor role="editor" n="Richter">Gustav Richter</editor>
                        <imprint>
                            <pubPlace>Leipzig</pubPlace>
                            <publisher>Teubner</publisher>
                            <date>1921</date>
                        </imprint>
                    </monogr>
                    <ref
                        target="https://archive.org/stream/senecaetragoedi00senegoog#page/n448/mode/2up"
                        >Internet Archive</ref>
                </biblStruct>
                <listPerson>
                    <person xml:id="octavia">
                        <persName xml:lang="eng">Octavia</persName>
                    </person>
                    <person xml:id="poppaea">
                        <persName xml:lang="eng">Poppaea</persName>
                    </person>
                    <person xml:id="nero">
                        <persName xml:lang="eng">Nero</persName>
                    </person>
                    <person xml:id="praefectus">
                        <persName xml:lang="eng">Praefectus</persName>
                    </person>
                    <person xml:id="nutrix">
                        <persName xml:lang="eng">Nutrix Octaviae</persName>
                    </person>
                    <person xml:id="nutrix2">
                        <persName xml:lang="eng">Nutrix Poppaeae</persName>
                    </person>
                    <person xml:id="seneca">
                        <persName xml:lang="eng">Seneca</persName>
                    </person>
                    <person xml:id="mater">
                        <persName xml:lang="eng">Mater Neronis</persName>
                    </person>
                    <person xml:id="nuntius">
                        <persName xml:lang="eng">Nuntius</persName>
                    </person>
                    <person xml:id="chorus">
                        <persName xml:lang="eng">Chorus Romanorum</persName>
                    </person>
                </listPerson>

            </sourceDesc>
        </fileDesc>
        <encodingDesc>
            <refsDecl n="CTS">
                <cRefPattern n="line" matchPattern="(\w+)"
                    replacementPattern="#xpath(/tei:TEI/tei:text/tei:body/tei:div//tei:l[@n='$1'])">
                    <p>This pointer pattern extracts line</p>
                </cRefPattern>
            </refsDecl>
            <refsDecl n="TEI.2">
                <refState unit="card"/>
            </refsDecl>
        </encodingDesc>
        <profileDesc>
            <langUsage>
                <language ident="lat">Latin</language>
            </langUsage>
        </profileDesc>
        <revisionDesc>
            <change when="2009-01-01" who="gcrane">Tagging</change>
            <change when="2015-11-12" who="Thibault Clerice">New URN, Epidoc and CTS</change>
        </revisionDesc>
    </teiHeader>

    <text>
        <body>

            <div type="edition" n="urn:cts:latinLit:phi1017.phi010.perseus-lat2" xml:lang="lat">

                <milestone n="1" unit="card"/>
                <pb n="p.395"/>

                <sp who="#octavia">
                    <speaker>Octavia</speaker>

                    <l n="1">Iam vaga caelo sidera fulgens</l>
                    <l n="2">Aurora fugat.</l>
                    <l n="3">surgit Titan radiante coma</l>
                    <l n="4">mundoque diem reddit clarum,</l>
                    <l n="5">age. tot tantis onerata malis, </l>
                    <l n="6">repete assuetos iam tibi questus</l>
                    <l n="7">atque aequoreas vince Alcyonas,</l>
                    <l n="8">vince et volucres Pandionias:</l>
                    <l n="9">gravior namque his fortuna tua est.</l>
                    <l n="10">semper, genetrix, deflenda mihi, </l>
                    <l n="11">prima meorum causa malorum,</l>
                    <l n="12">tristes questus natae exaudi,</l>
                    <l n="13">si quis remanet sensus in umbris,</l>
                    <l n="14">utinam ante manu grandaeva sua</l>
                    <l n="15">mea rupisset stamina Clotho, </l>
                    <l n="16">tua quam maerens vulnera vidi</l>
                    <l n="17">oraque foedo sparsa cruore!</l>
                    <l n="18">o lux semper funesta mihi,</l>
                    <l n="19">tempore ab illo</l>
                    <l n="20">lux es tenebris invisa magis: </l>
                    <l n="21">tulimus saevae iussa novercae,</l>
                    <l n="22">hostilem animum vultusque truces,</l>
                    <l n="23">illa illa meis tristis Erinys</l>
                    <pb n="p.398"/>
                    <l n="24">thalamis Stygios praetulit ignes</l>

                    <l n="25">teque extinxit, miserande pater, </l>
                    <l n="26">modo cui totus paruit orbis</l>

                    <l n="28a">cuique Britanni </l>
                    <l n="27">ultra Oceanum terga dedere,<milestone unit="line" n="28b"/></l>
                    <l n="29">ducibus nostris ante ignoti</l>

                    <l n="30">iurisque sui. </l>
                    <l n="31">coniugis, heu me, pater, insidiis</l>
                    <l n="32">oppresse iaces servatque domus</l>
                    <l n="33">cum prole tua capta tyranno.</l>
                </sp>

                <sp who="#nutrix">
                    <speaker>Nutrix</speaker>
                    <l n="34">Fulgore primo captus et fragili bono</l>
                    <l n="35">fallacis aulae quisquis attonitus stupet, </l>
                    <l n="36">subito† latentis ecce Fortunae impetu</l>
                    <l n="37">modo praepotentem cernat eversam domum</l>
                    <l n="38">stirpem que Claudi, cuius imperio fuit</l>
                    <l n="39">subiectus orbis, paruit liber diu</l>
                    <l n="40">Oceanus et recepit invitus rates. </l>
                    <l n="41">en qui Britannis primus imposuit iugum,</l>
                    <l n="42">ignota tantis classibus texit freta</l>
                    <l n="43">interque gentes barbaras tutus fuit</l>
                    <l n="44">et saeva maria, coniugis scelere occidit;</l>
                    <l n="45">mox illa gnati: cuius extinctus iacet </l>
                    <l n="46">frater venenis, maeret infelix soror</l>
                    <l n="47">eademque coniunx nec graves luctus valet</l>
                    <l n="48">ira coacta tegere crudelis viri;</l>
                    <l n="49">quem sancta refugit semper, atque odio pari</l>
                    <pb n="p.399"/>
                    <l n="50">ardens maritus mutua flagrat face. </l>
                    <l n="51">animum dolentis nostra solatur fides</l>
                    <l n="52">pietasque frustra: vincit immitis dolor</l>
                    <l n="53">consilia nostra nec regi mentis potest</l>
                    <l n="54">generosus ardor, sed malis vires capit.</l>
                    <l n="55">heu quam nefandum prospicit noster timor </l>
                    <l n="56">scelus, quod utinam numen avertat deum.</l>
                </sp>

                <sp who="#octavia nutrix">
                    <speaker>Octavia Nutrix</speaker>
                    <l n="57">O mea nullis aequanda malis</l>
                    <l n="58">fortuna, licet</l>
                    <l n="59">repetam luctus, Electra tuos.</l>
                    <l n="60">tibi maerenti caesum licuit </l>
                    <l n="61">flere parentem,</l>
                    <l n="62">scelus ulcisci vindice fratre,</l>
                    <l n="63">tua quem pietas hosti rapuit</l>
                    <l n="64">texitque fides:</l>
                    <l n="65">me crudeli sorte parentes </l>
                    <l n="66">raptos prohibet lugere timor</l>
                    <l n="67">fratrisque necem deflere vetat,</l>
                    <l n="68">in quo fuerat spes una mihi</l>
                    <l n="69">totque malorum breve solamen.</l>
                    <l n="70">nunc in luctus servata meos </l>
                    <l n="71">magni resto nominis umbra.</l>
                </sp>
                <milestone n="72" unit="card"/>
                <sp who="#nutrix">
                    <speaker>Nvtr.</speaker>
                    <l n="72">Vox en nostras perculit aures</l>
                    <l n="73">tristis alumnae; cesset thalamis</l>
                    <l n="74">inferre gradus tarda senectus?</l>
                </sp>

                <sp who="#octavia">
                    <speaker>Oct.</speaker>
                    <l n="75">Excipe nostras lacrimas, nutrix, </l>
                    <l n="76">testis nostri fida doloris.</l>
                </sp>

                <sp who="#nutrix">
                    <speaker>Nvtr.</speaker>
                    <l n="77">Quis te tantis solvet curis,</l>
                    <l n="78">miseranda, dies?</l>
                </sp>

                <sp who="#octavia">
                    <speaker>Oct.</speaker>
                    <l n="79">Qui me Stygias mittet ad umbras.</l>
                </sp>
                <pb n="p.400"/>
                <sp who="#nutrix">
                    <speaker>Nvtr.</speaker>
                    <l n="80">Omina quaeso sint ista procul. </l>
                </sp>

                <sp who="#octavia">
                    <speaker>Oct.</speaker>
                    <l n="81">Non vota meos tua nunc casus,</l>
                    <l n="82">sed fata regunt.</l>
                </sp>

                <sp who="#nutrix">
                    <speaker>Nvtr.</speaker>
                    <l n="83">Dabit afflictae meliora deus</l>
                    <l n="84">tempora mitis; tu modo blando</l>
                    <l n="85">vince obsequio placata virum </l>
                </sp>

                <sp who="#octavia">
                    <speaker>Oct.</speaker>
                    <l n="86">Vincam saevos ante leones</l>
                    <l n="87">tigresque truces,</l>
                    <l n="88">fera quam saevi corda tyranni.</l>
                    <l n="89">odit genitos sanguine claro,</l>
                    <l n="90">spernit superos hominesque simul, </l>
                    <l n="91">nec fortunam capit ipse suam</l>
                    <l n="92">quam dedit illi per scelus ingens</l>
                    <l n="93">infanda parens, licet ingratum</l>
                    <l n="94">dirae pudeat munere matris</l>
                    <l n="95">hoc imperium cepisse, licet </l>
                    <l n="96">tantum munus morte rependat,</l>
                    <l n="97">feret hunc titulum post fata tamen</l>
                    <l n="98">femina longo semper in aevo.</l>
                </sp>

                <sp who="#nutrix">
                    <speaker>Nvtr.</speaker>
                    <l n="99">Animi retine verba furentis,</l>

                    <l n="99b">temere emissam comprime vocem. </l>
                </sp>

                <sp who="#octavia">
                    <speaker>Oct.</speaker>
                    <l n="100">Toleranda quamvis patiar, haud umquam queant </l>
                    <l n="101">nisi morte tristi nostra finiri mala.</l>
                    <l n="102">genetrice caesa, per scelus rapto patre,</l>
                    <l n="103">orbata fratre, miseriis luctu obruta,</l>
                    <l n="104">maerore pressa, coniugi invisa ac meae</l>
                    <l n="105">subiecta famulae luce non grata fruor, </l>
                    <l n="106">trepidante semper corde non mortis metu,</l>
                    <l n="107">sed sceleris— absit crimen a fatis meis,</l>
                    <l n="108">mori iuvabit; poena nam gravior nece est</l>
                    <pb n="p.401"/>
                    <l n="109">videre tumidos et truces miserae mihi</l>
                    <l n="110">vultus tyranni iungere atque hosti oscula. no</l>
                    <l n="111">timere nutus cuius obsequium meus</l>
                    <l n="112">haud ferre posset fata post fratris dolor</l>
                    <l n="113">scelere interempti, cuius imperium tenet</l>
                    <l n="114">et sorte gaudet auctor infandae necis.</l>

                    <l n="115">quam saepe tristis umbra germani meis </l>
                    <l n="116">offertur oculis, membra cum solvit quies</l>
                    <l n="117">et fessa fletu lumina oppressit sopor:</l>
                    <l n="118">modo facibus atris armat infirmas manus</l>
                    <l n="119">oculosque et ora fratris infestus petit,</l>

                    <l n="120">modo trepidus idem refugit in thalamos meos </l>
                    <l n="121">persequitur hostis atque inhaerenti mihi</l>
                    <l n="122">violentus ensem per latus nostrum rapit.</l>
                    <l n="123">tunc tremor et ingens excutit somnos pavor</l>
                    <l n="124">renovatque luctus et metus miserae mihi.</l>
                    <l n="125">adice his superbam paelicem, nostrae domus </l>
                    <l n="126">spoliis nitentem”, cuius in munus suam</l>
                    <l n="127">Stygiae parentem natus imposuit rati,</l>
                    <l n="128">quam dira post naufragia superato mari</l>
                    <l n="129">ferro interemit saevior pelagi fretis:</l>
                    <l n="130">quae spes salutis post nefas tantum mihi? </l>
                    <l n="131">inimica victrix imminet thalamis meis</l>
                    <l n="132">odioque nostri flagrat et pretium stupri</l>
                    <l n="133">iustae maritum coniugis poscit caput.</l>
                    <l n="134">emergere umbris et fer auxilium tuae</l>
                    <l n="135">natae invocanti, genitor, aut Stygios sinus </l>
                    <l n="136">tellure rupta pande, quo praeceps ferar.</l>
                </sp>
                <milestone n="137" unit="card"/>
                <sp who="#nutrix">
                    <speaker>Nvtr.</speaker>
                    <l n="137">Frustra parentis invocas manes tui,</l>
                    <l n="138">miseranda, frustra, nulla cui prolis suae</l>
                    <l n="139">manet inter umbras cura: qui nato suo</l>
                    <l n="140">praeferre potuit sanguine alieno satum </l>
                    <l n="141">genitamque fratris coniugem pactus sibi</l>
                    <l n="142">toris nefandis flebili iunxit face.</l>
                    <pb n="p.402"/>
                    <l n="143">hinc orta series facinorum: caedes, doli,</l>
                    <l n="144">regni cupido, sanguinis clari sitis;</l>
                    <l n="145">mactata soceri concidit thalamis gener </l>
                    <l n="146">victima, tuis ne fieret hymenaeis potens.</l>
                    <l n="147">pro facinus ingens! feminae est munus datus</l>
                    <l n="148">Silanus et cruore foedavit suo</l>
                    <l n="149">patrios penates,-criminis ficti reus.</l>
                    <l n="150">intravit hostis, ei mihi, captam domum, </l>
                    <l n="151">dolis novercae principis factus gener</l>
                    <l n="152">idemque natus, iuvenis infandi ingeni,</l>
                    <l n="153">scelerum capacis, dira cui genetrix facem</l>
                    <l n="154">accendit et te iunxit invitam metu.</l>
                    <l n="155">tantoque victrix facta successu ferox </l>
                    <l n="156">ausa imminere est orbis imperio sacri.</l>
                    <l n="157">quis tot referre facinorum formas potest</l>
                    <l n="158">et spes nefandas feminae et blandos dolos</l>
                    <l n="159">regnum petentis per gradus scelerum omnium?</l>
                    <l n="160">tunc sancta Pietas extulit trepidos gradus </l>
                    <l n="161">vacuamque Erinys saeva funesto pede</l>
                    <l n="162">intravit aulam, polluit Stygia face</l>
                    <l n="163">sacros penates, iura naturae furens</l>
                    <l n="164">fasque omne rupit: miscuit coniunx viro</l>
                    <l n="165">venena saeva, cecidit atque eadem sui </l>
                    <l n="166">mox scelere nati; tu quoque extinctus iaces,</l>
                    <l n="167">deflende nobis semper infelix puer,</l>
                    <l n="168">modo sidus orbis, columen augustae domus,</l>
                    <l n="169">Britanniae, heu me, nunc levis tantum cinis</l>
                    <l n="170">et tristis umbra; saeva cui lacrimas dedit </l>
                    <l n="171">etiam noverca, cum rogis artus tuos</l>
                    <l n="172">dedit cremandos membraque et vultus deo</l>
                    <l n="173">similes volanti funebris flamma abstulit.</l>
                </sp>
                <pb n="p.403"/>
                <sp who="#octavia">
                    <speaker>Oct.</speaker>
                    <l n="174">Extinguat et me, ne manu nostra cadat!</l>
                </sp>

                <sp who="#nutrix">
                    <speaker>Nvtr.</speaker>
                    <l n="175">Natura vires non dedit tantas tibi. </l>
                </sp>

                <sp who="#octavia">
                    <speaker>Oct.</speaker>
                    <l n="176">Dolor ira maeror miseriae luctus dabunt.</l>
                </sp>

                <sp who="#nutrix">
                    <speaker>Nvtr.</speaker>
                    <l n="177">Vince obsequendo potius immitem virum.</l>
                </sp>

                <sp who="#octavia">
                    <speaker>Oct.</speaker>
                    <l n="178">Vt fratrem ademptum scelere restituat mihi?</l>
                </sp>

                <sp who="#nutrix">
                    <speaker>Nvtr.</speaker>
                    <l n="179">Incolumis ut sis ipsa, labentem ut domum</l>
                    <l n="180">genitoris olim subole restituas tua. </l>
                </sp>

                <sp who="#octavia">
                    <speaker>Oct.</speaker>
                    <l n="181">Expectat aliam principis subolem domus;</l>
                    <l n="182">me dira miseri fata germani trahunt.</l>
                </sp>

                <sp who="#nutrix">
                    <speaker>Nvtr.</speaker>
                    <l n="183">Confirmet animum civium tantus favor.</l>
                </sp>

                <sp who="#octavia">
                    <speaker>Oct.</speaker>
                    <l n="184">Solatur iste nostra, non relevat mala.</l>
                </sp>


                <sp who="#nutrix">
                    <speaker>Nvtr.</speaker>
                    <l n="185" part="I">Vis magna populi est.</l>
                </sp>
                <sp who="#octavia">
                    <speaker>Oct.</speaker>
                    <l part="F">Principis maior tamen. </l>
                </sp>


                <sp who="#nutrix">
                    <speaker>Nvtr.</speaker>
                    <l n="186" part="I">Respiciet ipse coniugem,</l>
                </sp>
                <sp who="#octavia">
                    <speaker>Oct.</speaker>
                    <l part="F">Paelex vetat.</l>
                </sp>


                <sp who="#nutrix">
                    <speaker>Nvtr.</speaker>
                    <l n="187" part="I">Invisa cunctis nempe.</l>
                </sp>
                <sp who="#octavia">
                    <speaker>Oct.</speaker>
                    <l part="F">Sed cara est viro.</l>
                </sp>


                <sp who="#nutrix">
                    <speaker>Nvtr.</speaker>
                    <l n="188" part="I">Nondum uxor est.</l>
                </sp>
                <sp who="#octavia">
                    <speaker>Oct.</speaker>
                    <l part="F">Iam fiet, et genetrix simul.</l>
                </sp>

                <sp who="#nutrix">
                    <speaker>Nvtr.</speaker>
                    <l n="189">Iuvenilis ardor impetu primo furit,</l>

                    <l n="190">languescit idem facile nec durat diu </l>
                    <l n="191">in Venere turpi, ceu levis flammae vapor:</l>
                    <l n="192">amor perennis coniugis castae manet.</l>
                    <l n="193">violare prima quae toros ausa est tuos</l>
                    <l n="194">animumque domini famula possedit diu,</l>
                    <l n="195" part="I">iam metuit eadem—</l>
                </sp>
                <sp who="#octavia">
                    <speaker>Oct.</speaker>
                    <l part="F">Nempe praelatum sibi. </l>
                </sp>
                <milestone n="196" unit="card"/>
                <sp who="#nutrix">
                    <speaker>Nvtr.</speaker>
                    <l n="196">Subiecta et humilis, atque monumenta extruit</l>
                    <l n="197">quibus timorem fassa testatur suum.</l>
                    <l n="198">et hanc levis fallaxque destituet deus</l>
                    <l n="199">volucer Cupido: «it licet forma eminens.</l>
                    <l n="200">opibus superba, gaudium capiet breve. </l>
                    <l n="201">Passa est similes ipsa dolores</l>
                    <l n="202">regina deum,</l>
                    <pb n="p.404"/>
                    <l n="203">cum se formas vertit in omnes</l>
                    <l n="204">dominus caeli divumque pater-</l>
                    <l n="205">et modo pennas sumpsit oloris </l>
                    <l n="206">modo Sidonii cornua tauri,</l>
                    <l n="207">aureus idem fluxit in imbri;</l>
                    <l n="208">fulgent caelo sidera Ledae,</l>
                    <l n="209">patrio residet Bacchus Olympo,</l>
                    <l n="210">deus Alcides possidet Heben </l>
                    <l n="211">nec Iunonis iam timet iras,</l>
                    <l n="212">cuius gener est qui fuit hostis,</l>
                    <l n="213">vicit sapiens tamen obsequium</l>
                    <l n="214">coniugis altae pressusque dolor:</l>
                    <l n="215">sola Tonantem tenet aetherio' </l>
                    <l n="216">secura toro maxima Iuno,</l>
                    <l n="217">nec mortali captus forma</l>
                    <l n="218">deserit altam Iuppiter aulam,</l>
                    <l n="219">tu quoque, terris altera Iuno,</l>
                    <l n="220">soror Augusti coniunxque, graves </l>
                    <l n="221">vince dolores.</l>
                </sp>

                <sp who="#octavia">
                    <speaker>Oct.</speaker>
                    <l n="222">Iungentur ante saeva sideribus freta</l>
                    <l n="223">et ignis undae, Tartaro tristi polus,</l>
                    <l n="224">lux alma tenebris, roscidae nocti dies,</l>
                    <l n="225">quam cum scelesti coniugis mente impia </l>
                    <l n="226">mens nostra, semper fratris extincti memor.</l>
                    <l n="227">utinam nefandi principis dirum caput</l>
                    <l n="228">obruere flammis caelitum rector paret,</l>
                    <l n="229">qui saepe terras fulmine infesto quatit</l>
                    <l n="230">mentesque nostras ignibus terret sacris </l>
                    <l n="231">novisque monstris; vidimus caelo iubar</l>
                    <l n="232">ardens cometam pandere infestam facem,</l>
                    <l n="233">qua plaustra tardus noctis aeterna vice</l>
                    <l n="234">regit Bootes, frigore Arctoo rigens:</l>
                    <pb n="p.405"/>
                    <l n="235">en ipse diro spiritu saevi ducis </l>
                    <l n="236">polluitur aether, gentibus clades novas</l>
                    <l n="237">minantur astra, quas regit dux impius.</l>
                    <l n="238">non tam ferum Typhona neglecto Iove</l>
                    <l n="239">irata Tellus edidit quondam parens:</l>
                    <l n="240">hic gravior illo pestis, hic hostis deum </l>
                    <l n="241">hominumque templis expulit superos suis</l>
                    <l n="242">civesque patria, spiritum fratri abstulit,</l>
                    <l n="243">hausit cruorem matris— et lucem videt</l>
                    <l n="244">fruiturque vita noxiam atque animam trahit!</l>
                    <l n="245">pro summe genitor, tela cur frustra iacis </l>
                    <l n="246">invicta totiens temere regali manu?</l>
                    <l n="247">in tam nocentem dextra cur cessat tua?</l>
                    <l n="248">utinam suorum facinorum poenas luat </l>

                    <l n="250">orbis tyrannus, quem premit turpi iugo </l>
                    <l n="251">morumque vitiis nomen Augustum inquinat!</l>
                </sp>
                <milestone n="252" unit="card"/>
                <sp who="#nutrix">
                    <speaker>Nvtr.</speaker>
                    <l n="252">Indignus ille, fateor, est thalamis tuis, </l>

                    <l n="249">Nero insitivus, Domitio genitus patre, </l>

                    <l n="253">sed cede fatis atque fortunae tuae, </l>
                    <l n="254">alumna, quaeso neve violentam move</l>
                    <l n="255">iram mariti, forsitan vindex deus </l>
                    <l n="256">existet aliquis, Iactus et veniet dies.</l>
                </sp>

                <sp who="#octavia">
                    <speaker>Oct.</speaker>
                    <l n="257">Gravi deorum nostra iam pridem domus</l>
                    <l n="258">urgetur ira, prima quam pressit Tenus</l>
                    <l n="259">furore miserae dura genetricis meae,</l>
                    <l n="260">quae nupta demens nupsit incesta face, </l>
                    <l n="261">oblita nostri, coniugis, legum immemor.</l>
                    <l n="262">illi soluta crine, succincta anguibus</l>
                    <l n="263">ultrix Erinys venit ad Stygios toros</l>
                    <l n="264">raptasque thalamis sanguine extinxit faces:</l>
                    <l n="265">incendit ira principis pectus truci </l>
                    <pb n="p.406"/>
                    <l n="266">caedem in nefandam: cecidit infelix parens,</l>
                    <l n="267">heu, nostra ferro meque perpetuo obruit</l>
                    <l n="268">extincta luctu; coniugem traxit suum</l>
                    <l n="269">natumque ad umbras, prodidit lapsam domum.</l>
                </sp>

                <sp who="#nutrix">
                    <speaker>Nvtr.</speaker>
                    <l n="270">Renovare luctus parce cum fletu pios, </l>
                    <l n="271">manes parentis neve sollicita tuae,</l>
                    <l n="272">graves furoris quae sui poenas dedit.</l>
                </sp>

                <sp who="#chorus">
                    <speaker>Chorus Romanorum</speaker>
                    <l n="273">Quae fama modo venit ad aures?</l>
                    <l n="274">utinam falso credita perdat</l>
                    <l n="275">frustra totiens iactata fidem, </l>
                    <l n="276">nec nova coniunx nostri thalamos</l>
                    <l n="277">principis intret teneatque suos</l>
                    <l n="278">nupta penates Claudia proles;</l>
                    <l n="279">edat partu pignora pacis</l>
                    <l n="280">qua tranquillus gaudeat orbis </l>
                    <l n="281">servetque decus Roma aeternum,</l>
                    <l n="282">fratris thalamos sortita tenet</l>
                    <l n="283">maxima Iuno;</l>
                    <l n="284">soror Augusti sociata toris</l>
                    <l n="285">cur a patria pellitur aula? </l>
                    <l n="286">sancta quid illi prodest pietas</l>

                    <l n="286b">divusque pater, </l>
                    <l n="287">quid virginitas castusque pudor?</l>
                    <l n="288">nos quoque nostri sumus immemores</l>
                    <l n="289">post fata ducis, cuius stirpem</l>
                    <l n="290">prodimus aegro suadente metu. </l>
                    <l n="291">vera priorum virtus quondam</l>
                    <l n="292">Romana fuit verumque genus</l>
                    <l n="293">Martis in illis sanguisque viris,</l>
                    <l n="294">illi reges hac expulerunt</l>
                    <pb n="p.407"/>
                    <l n="295">urbe superbos </l>
                    <l n="296">ultique tuos sunt bene manes,</l>
                    <l n="297">
                        <del>virgo, dextra caesa parentis</del>
                    </l>
                    <l n="298">
                        <del>ne servitium paterere grave et</del>
                    </l>
                    <l n="299">
                        <del>improba ferret praemia victrix</del>
                    </l>
                    <l n="300">
                        <del>dira libido. </del>
                    </l>
                    <l n="301">
                        <del>te quoque bellum triste secutum est,</del>
                    </l>
                    <l n="302">mactata tua miseranda manu,</l>
                    <l n="302b">nata Lucreti,</l>
                    <l n="303">stuprum saevi passa tyranni.</l>
                    <l n="304">dedit infandi sceleris poenas</l>

                    <l n="305">cum Tarquinio Tullia coniunx, </l>
                    <l n="306">quae per caesi membra parentis</l>
                    <l n="307">egit saevos impia currus</l>
                    <l n="308">laceroque seni violenta rogos</l>
                    <l n="309">nata negavit.</l>
                    <l n="310">haec quoque nati videre nefas </l>
                    <l n="311">saecula magnum,</l>
                    <l n="312">cum Tyrrhenum rate ferali</l>
                    <l n="313">princeps captam fraude parentem</l>

                    <l n="313b">misit in aequor. </l>
                    <l n="314">properant placidos linquere portus</l>
                    <l n="315">iussi nautae, </l>
                    <l n="316">resonant remis pulsata freta:</l>
                    <l n="317">fertur in altum provecta ratis,</l>
                    <l n="318">quae resoluto robore labens</l>
                    <l n="319">pressa dehiscit sorbetque mare.</l>
                    <l n="320">tollitur ingens clamor ad astra </l>
                    <l n="321">cum femineo mixtus planctu.</l>
                    <l n="322">mors ante oculos dira vagatur;</l>
                    <l n="323">quaerit leti sibi quisque fugam:</l>
                    <l n="324">alii lacerae puppis tabulis</l>
                    <l n="325">haerent nudi fluctusque secant, </l>
                    <pb n="p.408"/>
                    <l n="326">repetunt alii litora nantes;</l>
                    <l n="327">multos mergunt fata profundo,</l>
                    <l n="328">scindit vestes Augusta suas</l>
                    <l n="329">laceratque comas</l>
                    <l n="330">rigat et maestis fletibus ora. </l>
                    <l n="331">postquam spes est nulla salutis,</l>
                    <l n="332">ardens ira, iam victa malis:</l>
                    <l n="333">'haec' exclamat 'mihi pro tanto</l>
                    <l n="334">munere reddis praemia, nate?</l>
                    <l n="335">hac sum, fateor, digna carina, </l>
                    <l n="336">quae te genui, quae tibi lucem</l>
                    <l n="337">atque imperium nomenque dedi</l>
                    <l n="338">Caesaris amens.</l>
                    <l n="339">exere vultus Acheronte tuos</l>
                    <l n="340">poenisque meis pascere, coniunx: </l>
                    <l n="341">ego causa tuae, miserande, necis</l>
                    <l n="342">natoque tuo funeris auctor</l>
                    <l n="343">en, ut merui, ferar ad manes</l>
                    <l n="344">inhumata tuos,</l>
                    <l n="345">obruta saevis aequoris undis'. </l>
                    <l n="346">feriunt fluctus ora loquentis,</l>
                    <l n="347">ruit in pelagus</l>
                    <l n="348">rursumque salo pressa resurgit,</l>
                    <l n="349">pellit palmis cogente metu</l>
                    <l n="350">freta, set cedit fessa labori. </l>
                    <l n="351">mansit tacitis in pectoribus</l>
                    <l n="352">spreta tristi iam morte fides:</l>
                    <l n="353">multi dominae ferre auxilium</l>
                    <l n="354">pelago fractis viribus audent,</l>
                    <l n="355">bracchia quamvis lenta trahentem </l>
                    <l n="356">voce hortantur manibusque levant.</l>

                    <l n="356b">quid tibi saevi </l>
                    <l n="357">fugisse maris profuit undas?</l>
                    <l n="358">ferro es nati moritura tui,</l>
                    <pb n="p.409"/>
                    <l n="359">cuius facinus vix posteritas,</l>
                    <l n="360">tarde semper saecula credent. </l>
                    <l n="361">furit ereptam pelagoque dolet</l>
                    <l n="362">vivere matrem</l>
                    <l n="363">impius, ingens geminatque nefas:</l>
                    <l n="364">ruit in miserae fata parentis</l>
                    <l n="365">patiturque moram sceleris nullam. </l>
                    <l n="366">missus peragit iussa satelles:</l>
                    <l n="367">reserat dominae pectora ferro.</l>
                    <l n="368">caedis moriens illa ministrum</l>
                    <l n="369">rogat infelix,</l>
                    <l n="370">utero dirum condat ut ensem: </l>
                    <l n="371">'hic est, hic est fodiendus' ait</l>
                    <l n="372">'ferro, monstrum qui tale tulit</l>
                    <l n="373">post hanc vocem</l>
                    <l n="374">cum supremo mixtam gemitu</l>
                    <l n="375">animam tandem </l>
                    <l n="376">per fera tristem vulnera reddit.</l>
                </sp>
                <milestone n="377" unit="card"/>
                <sp who="#seneca">
                    <speaker>Seneca</speaker>
                    <l n="377">Quid me, potens Fortuna, fallaci mihi</l>
                    <l n="378">blandita vultu, sorte contentum mea</l>
                    <l n="379">alte extulisti, gravius ut ruerent edita</l>
                    <l n="380">.receptus arce totque prospicerem metus? </l>
                    <l n="381">melius latebam procul ab invidiae malis</l>
                    <l n="382">remotus inter Corsici rupes maris,</l>
                    <l n="383">ubi liber animus et sui iuris mihi</l>
                    <l n="384">semper vacabat studia recolenti mea.</l>
                    <l n="385">o quam iuvabat, quo nihil maius parens </l>
                    <l n="386">Natura genuit, operis immensi artifex,</l>
                    <l n="387">caelum intueri, <del>solis et currus sacros</del></l>
                    <l n="388"><del>mundique motus</del> solis alternas vices</l>
                    <pb n="p.410"/>
                    <l n="389">orbemque Phoebea, astra quem cingunt vaga,</l>
                    <l n="390">lateque fulgens aetheris magni decus; </l>
                    <l n="391">qui si senescit, tantus in caecum chaos</l>
                    <l n="392">casurus iterum: tunc adest mundo dies</l>
                    <l n="393">supremus ille, qui premat genus impium</l>
                    <l n="394">caeli ruina, rursus ut stirpem novam</l>
                    <l n="395">generet renascens melior, ut quondam tulit </l>
                    <l n="396">iuvenis, tenente regna Saturno poli.</l>
                    <l n="397">tunc illa virgo, numinis magni dea,</l>
                    <l n="398">Iustitia, caelo missa cum sancta Fide</l>
                    <l n="399">terris regebat mitis humanum genus.</l>
                    <l n="400">non bella norant, non tubae fremitus truces, </l>
                    <l n="401">non arma gentes, cingere assuerant suas</l>
                    <l n="402">muris nec urbes: pervium cunctis iter,</l>
                    <l n="403">communis usus omnium rerum fuit;</l>
                    <l n="404">et ipsa Tellus laeta fecundos sinus</l>
                    <l n="405">pandebat ultro, tam piis felix parens </l>
                    <l n="406">et tuta alumnis. alia sed suboles minus</l>
                    <l n="407">conspecta mitis, tertium sollers genus</l>
                    <l n="408">novas ad artes extitit, sanctum tamen;</l>
                    <l n="409">mox inquietum, quod sequi cursu feras</l>
                    <l n="410">auderet acres, fluctibus tectos gravi </l>
                    <l n="411">extrahere pisces rete vel calamo levi</l>
                    <l n="412">decipere volucres crate vel<gap reason="omitted"/></l>
                    <l n="413">tenere laqueo, premere subiectos iugo</l>
                    <l n="414">tauros feroces, vomere immunem prius</l>
                    <l n="415">sulcare terram, laesa quae fruges suas </l>
                    <pb n="p.411"/>
                    <l n="416">interius alte condidit sacro sinu.</l>
                    <l n="417">sed in parentis viscera intravit suae</l>
                    <l n="418">deterior aetas: eruit ferrum grave</l>
                    <l n="419">aurumque, saevas mox et armavit manus;</l>
                    <l n="420">partita fines regna constituit, novas </l>
                    <l n="421">extruxit urbes/ tecta defendit sua,</l>
                    <l n="422">aliena telis aut petit praedae imminens.</l>
                    <l n="423">neglecta terras fugit et mores feros</l>
                    <l n="424">hominum et cruenta caede pollutas manus</l>
                    <l n="425">Astraea virgo, siderum magnum decus. </l>
                    <l n="426">cupido belli crevit atque auri fames</l>
                    <l n="427">totum per orbem, maximum exortum est malum</l>
                    <l n="428">luxuria, pestis blanda, cui vires dedit</l>
                    <l n="429">roburque longum tempus atque error gravis.</l>
                    <l n="430">collecta vitia per tot aetates diu </l>
                    <l n="431">in nos redundant: saeculo premimur gravi,</l>
                    <l n="432">quo scelera regnant, saevit impietas furens,</l>
                    <l n="433">turpi libido Venere dominatur potens,</l>
                    <l n="434">luxuria victrix orbis immensas opes</l>
                    <l n="435">iam pridem avaris manibus, ut perdat, rapit. </l>
                    <l n="436">sed ecce, gressu fertur attonito Nero</l>
                    <l n="437">trucique vultu, quid ferat mente horreo.</l>
                </sp>
                <milestone n="438" unit="card"/>
                <sp who="#nero praefectus seneca">
                    <speaker>Nero Praefectus Seneca</speaker>
                    <l n="438">Perage imperata: mitte, qui Plauti mihi</l>

                    <l n="438b">Sullaeque caesi referat abscisum caput. </l>
                </sp>

                <sp who="#praefectus">
                    <speaker>Praef.</speaker>
                    <l n="439">Iussa haud morabor: castra confestim petam.</l>
                </sp>

                <sp who="#seneca">
                    <speaker>Sen.</speaker>
                    <l n="440">Nihil in propinquos temere constitui decet. </l>
                </sp>

                <sp who="#nero">
                    <speaker>Ner.</speaker>
                    <l n="441">Iustum esse facile est cui vacat pectus metu.</l>
                </sp>

                <sp who="#seneca">
                    <speaker>Sen.</speaker>
                    <l n="442">Magnum timoris remedium clementia est.</l>
                </sp>
                <pb n="p.412"/>
                <sp who="#nero">
                    <speaker>Ner.</speaker>
                    <l n="443">Extinguere hostem maxima est virtus ducis.</l>
                </sp>

                <sp who="#seneca">
                    <speaker>Sen.</speaker>
                    <l n="444">Servare cives maior est patriae patri.</l>
                </sp>

                <sp who="#nero">
                    <speaker>Ner.</speaker>
                    <l n="445">Praecipere mitem convenit pueris senem. </l>
                </sp>

                <sp who="#seneca">
                    <speaker>Sen.</speaker>
                    <l n="446">Regenda magis est fervida adolescentia.</l>
                </sp>

                <sp who="#nero">
                    <speaker>Ner.</speaker>
                    <l n="447">Aetate in hac sat esse consilii reor.</l>
                </sp>

                <sp who="#seneca">
                    <speaker>Sen.</speaker>
                    <l n="448">Vt facta superi comprobent semper tua.</l>
                </sp>

                <sp who="#nero">
                    <speaker>Ner.</speaker>
                    <l n="449">Stulte verebor, ipse cum faciam, deos.</l>
                </sp>

                <sp who="#seneca">
                    <speaker>Sen.</speaker>
                    <l n="450">Hoc plus verere quod licet tantum tibi. </l>
                </sp>

                <sp who="#nero">
                    <speaker>Ner.</speaker>
                    <l n="451">Fortuna nostra cuncta permittit mihi.</l>
                </sp>

                <sp who="#seneca">
                    <speaker>Sen.</speaker>
                    <l n="452">Crede obsequenti parcius: levis est dea.</l>
                </sp>

                <sp who="#nero">
                    <speaker>Ner.</speaker>
                    <l n="453">Inertis est nescire quid liceat sibi.</l>
                </sp>

                <sp who="#seneca">
                    <speaker>Sen.</speaker>
                    <l n="454">Id facere laus est quod decet, non quod licet.</l>
                </sp>


                <sp who="#nero">
                    <speaker>Ner.</speaker>
                    <l n="455" part="I">Calcat iacentem vulgus.</l>
                </sp>
                <sp who="#seneca">
                    <speaker>Sen.</speaker>
                    <l part="F">Invisum opprimit. </l>
                </sp>


                <sp who="#nero">
                    <speaker>Ner.</speaker>
                    <l n="456" part="I">Ferrum tuetur principem.</l>
                </sp>
                <sp who="#seneca">
                    <speaker>Sen.</speaker>
                    <l part="F">Melius fides.</l>
                </sp>


                <sp who="#nero">
                    <speaker>Ner.</speaker>
                    <l n="457" part="I">Decet timeri Caesarem.</l>
                </sp>
                <sp who="#seneca">
                    <speaker>Sen.</speaker>
                    <l part="F">At plus diligi.</l>
                </sp>


                <sp who="#nero">
                    <speaker>Ner.</speaker>
                    <l n="458" part="I">Metuant necesse est—</l>
                </sp>
                <sp who="#seneca">
                    <speaker>Sen.</speaker>
                    <l part="F">Quicquid exprimitur grave est.</l>
                </sp>


                <sp who="#nero">
                    <speaker>Ner.</speaker>
                    <l n="459" part="I">Iussisque nostris pareant.</l>
                </sp>
                <sp who="#seneca">
                    <speaker>Sen.</speaker>
                    <l part="F">Iusta impera.</l>
                </sp>


                <sp who="#nero">
                    <speaker>Ner.</speaker>
                    <l n="460" part="I">Statuam ipse.</l>
                </sp>
                <sp who="#seneca">
                    <speaker>Sen.</speaker>
                    <l part="F">Quae consensus efficiat rata. </l>
                </sp>


                <sp who="#nero">
                    <speaker>Ner.</speaker>
                    <l n="461" part="I">Respectus ensis faciet.</l>
                </sp>
                <sp who="#seneca">
                    <speaker>Sen.</speaker>
                    <l part="F">Hoc absit nefas.</l>
                </sp>

                <sp who="#nero">
                    <speaker>Ner.</speaker>
                    <l n="462">An patiar ultra sanguinem nostrum peti,</l>
                    <l n="463">inultus et contemptus ut subito opprimar?</l>
                    <l n="464">exilia non fregere summotos procul</l>
                    <l n="465">Plautum atque Sullam, pertinax quorum furor </l>
                    <l n="466">armat ministros sceleris in caedem meam,</l>
                    <l n="467">absentium cum maneat etiam ingens favor</l>
                    <l n="468">in urbe nostra, qui fovet spes exulum.</l>
                    <l n="469">tollantur hostes ense suspecti mihi,</l>
                    <l n="470">invisa coniunx pereat et carum sibi </l>
                    <l n="471">fratrem sequatur, quicquid excelsum est cadat.</l>
                </sp>
                <pb n="p.413"/>
                <sp who="#seneca">
                    <speaker>Sen.</speaker>
                    <l n="472">Pulcrum eminere est inter illustres viros,</l>
                    <l n="473">consulere patriae, parcere afflictis, fera</l>
                    <l n="474">caede abstinere tempus atque irae dare,</l>
                    <l n="475">orbi quietem, saeculo pacem suo. </l>
                    <l n="476">haec summa virtus, petitur hac caelum via.</l>
                    <l n="477">sic ille patriae primus Augustus parens</l>
                    <l n="478">complexus astra est colitur et templis deus.</l>
                    <l n="479">illum tamen Fortuna iactavit diu</l>
                    <l n="480">terra marique per graves belli vices, </l>
                    <l n="481">hostes parentis donec oppressit, sui;</l>
                    <l n="482">tibi numen incruenta summisit suum</l>
                    <l n="483">et dedit habenas imperi facili manu</l>
                    <l n="484">nutuque terras maria subiecit tuo.</l>
                    <l n="485">invidia tristis victa consensu pio </l>
                    <l n="486">cessit; senatus, equitis accensus favor;</l>
                    <l n="487">plebisque votis atque iudicio patrum</l>
                    <l n="488">tu pacis auctor, generis humani arbiter</l>
                    <l n="489">electus orbem iam sacra specie regis</l>
                    <l n="490">patriae parens: quod nomen ut serves petit </l>
                    <l n="491">suosque cives Roma commendat tibi.</l>
                </sp>
                <milestone n="492" unit="card"/>
                <sp who="#nero">
                    <speaker>Ner.</speaker>
                    <l n="492">Munus deorum est, ipsa quod servit mihi</l>
                    <l n="493">Roma et senatus quodque ab invitis preces</l>
                    <l n="494">humilesque voces exprimit nostri metus.</l>
                    <l n="495">servare cives principi et patriae graves, </l>
                    <l n="496">claro tumentes genere quae dementia est,</l>
                    <l n="497">cum liceat una voce suspectos sibi</l>
                    <l n="498">mori iubere? Brutus in caedem ducis,</l>
                    <l n="499">a quo salutem tulerat, armavit manus:</l>
                    <l n="500">invictus acie, gentium domitor, Iovi </l>
                    <l n="501">aequatus altos ipse per honorum gradus</l>
                    <l n="502">Caesar nefando civium scelere occidit.</l>
                    <pb n="p.414"/>
                    <l n="503">quantum cruoris Roma tum vidit sui.</l>
                    <l n="504">lacerata totiens! ille qui meruit pia</l>
                    <l n="505">virtute caelum, divus Augustus, viros </l>
                    <l n="506">quot interemit nobiles, iuvenes senes</l>
                    <l n="507">sparsos per orbem, cum suos mortis metu</l>
                    <l n="508">fugerent penates et trium ferrum ducum,</l>
                    <l n="509">tabula notante deditos tristi neci!</l>
                    <l n="510">exposita rostris capita caesorum patres </l>
                    <l n="511">videre maesti, flere nec licuit suos,</l>
                    <l n="512">non gemere dira tabe polluto foro,</l>
                    <l n="513">stillante sanie per putres vultus gravi.</l>
                    <l n="514">nec finis hic cruoris aut caedis stetit:</l>
                    <l n="515">pavere volucres et feras saevas diu </l>
                    <l n="516">tristes Philippi, † hausit et Siculum mare</l>
                    <l n="517">classes virosque † saepe cedentes suos.</l>
                    <l n="518">concussus orbis viribus magnis ducum:</l>
                    <l n="519">superatus acie puppibus Nilum petit</l>
                    <l n="520">fugae paratis, ipse periturus brevi: </l>
                    <l n="521">hausit cruorem incesta Romani ducis</l>
                    <l n="522">Aegyptus iterum; nunc leves umbras tegit.</l>
                    <l n="523">illic sepultum est impie gestum diu</l>
                    <l n="524">civile bellum, condidit tandem suos</l>
                    <l n="525">iam fessus enses victor hebetatos feris </l>
                    <l n="526">vulneribus, et continuit imperium metus.</l>
                    <l n="527">armis fideque militis tutus fuit,</l>
                    <l n="528">pietate nati factus eximia deus,</l>
                    <l n="529">post fata consecratus et templis datus.</l>
                    <l n="530">nos quoque manebunt astra, si saevo prior </l>
                    <l n="531">ense occuparo quicquid infestum est mihi</l>
                    <pb n="p.415"/>
                    <l n="532">dignaque nostram subole fundaro domum.</l>
                </sp>

                <sp who="#seneca">
                    <speaker>Sen.</speaker>
                    <l n="533">Implebit aulam stirpe caelesti tuam</l>
                    <l n="534">generata divo Claudiae gentis decus,</l>
                    <l n="535">sortita fratris more Iunonis toros. </l>
                </sp>

                <sp who="#nero">
                    <speaker>Ner.</speaker>
                    <l n="536">Incesta genetrix detrahit generi fidem,</l>
                    <l n="537">animusque numquam coniugis iunctus mihi.</l>
                </sp>

                <sp who="#seneca">
                    <speaker>Sen.</speaker>
                    <l n="538">Teneris in annis haud satis clara est fides,</l>
                    <l n="539">pudore victus cum tegit flammas amor.</l>
                </sp>

                <sp who="#nero">
                    <speaker>Ner.</speaker>
                    <l n="540">Hoc equidem et ipse credidi frustra diu, </l>
                    <l n="541">manifesta quamvis pectore insociabili</l>
                    <l n="542">vultuque signa properent odium mei,</l>
                    <l n="543">tandem quod ardens statuit ulcisci dolor.</l>
                    <l n="544">dignamque thalamis coniugem inveni meis</l>
                    <l n="545">genere atque forma, victa cui cedat Venus </l>
                    <l n="546">Iovisque coniunx et ferox armis dea.</l>
                </sp>

                <sp who="#seneca">
                    <speaker>Sen.</speaker>
                    <l n="547">Probitas fidesque coniugis, mores pudor</l>
                    <l n="548">placeant marito: sola perpetuo manent</l>
                    <l n="549">subiecta nulli mentis atque animi bona;</l>
                    <l n="550">florem decoris singuli carpunt dies. </l>
                </sp>

                <sp who="#nero">
                    <speaker>Ner.</speaker>
                    <l n="551">Omnes in unam contulit laudes deus</l>
                    <l n="552">talemque nasci fata voluerunt mihi.</l>
                </sp>
                <milestone n="553" unit="card"/>
                <sp who="#seneca">
                    <speaker>Sen.</speaker>
                    <l n="553">Recedet a te (temere ne credas) amor.</l>
                </sp>

                <sp who="#nero">
                    <speaker>Ner.</speaker>
                    <l n="554">Quem summovere fulminis dominus nequit,</l>
                    <l n="555">caeli tyrannum, saeva qui penetrat freta </l>
                    <l n="556">Ditisque regna, detrahit superos polo?</l>
                </sp>

                <sp who="#seneca">
                    <speaker>Sen.</speaker>
                    <l n="557">Volucrem esse Amorem fingit immitem deum</l>
                    <l n="558">mortalis error, armat et telis manus</l>
                    <l n="559">arcuque sacras, instruit saeva face</l>
                    <l n="560">genitumque credit Venere, Vulcano satum: </l>
                    <l n="561">vis magna mentis blandus atque animi calor</l>
                    <l n="562">Amor est; iuventa gignitur, luxu otio</l>
                    <l n="563">nutritur inter laeta Fortunae bona.</l>
                    <pb n="p.416"/>
                    <l n="564">quem si fovere atque alere desistas, cadit</l>

                    <l n="565">brevique vires perdit extinctus suas. </l>
                </sp>

                <sp who="#nero">
                    <speaker>Ner.</speaker>
                    <l n="566">Hanc esse vitae maximam causam reor,</l>
                    <l n="567">per quam voluptas oritur; interitu caret,</l>
                    <l n="568">cum procreetur semper humanum genus</l>
                    <l n="569">Amore grato, qui truces mulcet feras.</l>

                    <l n="570">hic mihi iugales praeferat taedas deus </l>
                    <l n="571">iungatque nostris igne Poppaeam toris.</l>
                </sp>

                <sp who="#seneca">
                    <speaker>Sen.</speaker>
                    <l n="572">Vix sustinere possit hos thalamos dolor</l>
                    <l n="573">videre populi, sancta nec pietas sinat.</l>
                </sp>

                <sp who="#nero">
                    <speaker>Ner.</speaker>
                    <l n="574">Prohibebor unus facere quod cunctis licet?</l>
                </sp>

                <sp who="#seneca">
                    <speaker>Sen.</speaker>
                    <l n="575">Maiora populus semper a summo exigit. </l>
                </sp>

                <sp who="#nero">
                    <speaker>Ner.</speaker>
                    <l n="576">Libet experiri, viribus fractus meis</l>
                    <l n="577">an cedat animis temere conceptus favor.</l>
                </sp>

                <sp who="#seneca">
                    <speaker>Sen.</speaker>
                    <l n="578">Obsequere potius civibus placidus tuis.</l>
                </sp>

                <sp who="#nero">
                    <speaker>Ner.</speaker>
                    <l n="579">Male imperatur, cum regit vulgus duces.</l>
                </sp>

                <sp who="#seneca">
                    <speaker>Sen.</speaker>
                    <l n="580">Nihil impetrare cum valet, iuste dolet. </l>
                </sp>

                <sp who="#nero">
                    <speaker>Ner.</speaker>
                    <l n="581">Exprimere ius est, ferre quod nequeunt preces?</l>
                </sp>


                <sp who="#seneca">
                    <speaker>Sen.</speaker>
                    <l n="582" part="I">Negare durum est.</l>
                </sp>
                <sp who="#nero">
                    <speaker>Ner.</speaker>
                    <l part="F">Principem cogi nefas.</l>
                </sp>


                <sp who="#seneca">
                    <speaker>Sen.</speaker>
                    <l n="583" part="I">Remittat ipse.</l>
                </sp>
                <sp who="#nero">
                    <speaker>Ner.</speaker>
                    <l part="F">Fama sed victum feret.</l>
                </sp>


                <sp who="#seneca">
                    <speaker>Sen.</speaker>
                    <l n="584" part="I">Levis atque vana.</l>
                </sp>
                <sp who="#nero">
                    <speaker>Ner.</speaker>
                    <l part="F">Sit licet, multos notat.</l>
                </sp>


                <sp who="#seneca">
                    <speaker>Sen.</speaker>
                    <l n="585" part="I">Excelsa metuit.</l>
                </sp>
                <sp who="#nero">
                    <speaker>Ner.</speaker>
                    <l part="F">Non minus carpit tamen. </l>
                </sp>

                <sp who="#seneca">
                    <speaker>Sen.</speaker>
                    <l n="586">Facile opprimetur. merita te divi patris</l>
                    <l n="587">aetasque frangat coniugis, probitas pudor.,</l>
                </sp>

                <sp who="#nero">
                    <speaker>Ner.</speaker>
                    <l n="588">Desiste tandem, iam gravis nimium mihi,</l>
                    <l n="589">instare: liceat facere quod Seneca improbat.</l>
                    <l n="590">et ipse populi vota iam pridem moror, </l>
                    <l n="591">cum portet utero pignus et partem mei.</l>
                    <l n="592">quin destinamus proximum thalamis diem?</l>
                    <pb n="p.417"/>
                    <l n="593">Tellure rupta Tartaro gressum extuli,</l>
                    <l n="594">Stygiam cruenta praeferens dextra facem</l>
                    <l n="595">thalamis scelestis: nubat his flammis meo </l>
                    <l n="596">Poppaea nato iuncta, quas vindex manus</l>
                    <l n="597">dolorque matris vertet ad tristes rogos.</l>
                    <l n="598">manet inter umbras impiae caedis mihi</l>
                    <l n="599">semper memoria, manibus nostris gravis</l>
                    <l n="600">adhuc inultis: reddita est meritis meis </l>
                    <l n="601">funesta merces puppis et pretium imperi</l>
                    <l n="602">nox illa qua naufragia deflevi mea;</l>
                    <l n="603">comitum necem natique crudelis nefas</l>
                    <l n="604">deflere votum fuerat— haud tempus datum est</l>
                    <l n="605">lacrimis, sed ingens scelere geminavit nefas. </l>
                    <l n="606">perempta ferro, foeda vulneribus sacros</l>
                    <l n="607">intra penates spiritum effudi gravem</l>
                    <l n="608">erepta pelago, sanguine extinxi meo</l>
                    <l n="609">nec odia nati: saevit in nomen ferus</l>
                    <l n="610">matris tyrannus, obrui meritum cupit, </l>
                    <l n="611">simulacra, titulos destruit matris metu</l>
                    <l n="612">totum per orbem quem dedit poenam in meam</l>
                    <l n="613">puero regendum noster infelix amor.</l>
                    <l n="614">extinctus umbras agitat infestus meas</l>
                    <l n="615">flammisque vultus noxios coniunx petit, </l>
                    <l n="616">instat', minatur, imputat fatum mihi</l>
                    <l n="617">tumulumque nati, poscit auctorem necis,</l>
                    <l n="618">iam parce: dabitur, tempus haud longum peto.</l>
                    <l n="619">ultrix Erinys impio dignum parat</l>
                    <l n="620">letum tyranno, verbera et turpem fugam </l>
                    <l n="621">poenasque quis et Tantali vincat sitim,</l>
                    <pb n="p.418"/>
                    <l n="622">dirum laborem Sisyphi, Tityi alitem</l>
                    <l n="623">Ixionisque membra rapientem rotam.</l>
                    <l n="624">licet extruat marmoribus atque auro tegat</l>
                    <l n="625">superbus aulam, limen armatae ducis </l>
                    <l n="626">servent cohortes, mittat immensas opes</l>
                    <l n="627">exhaustus orbis, supplices dextram petant</l>
                    <l n="628">Parthi cruentam, regna divitias ferant:</l>
                    <l n="629">veniet dies tempusque quo reddat sui3</l>
                    <l n="630">animam nocentem sceleribus, iugulum hostibus </l>
                    <l n="631">desertus ac destructus et cunctis egens.</l>
                    <l n="632">heu, quo labor, quo vota ceciderant mea?</l>
                    <l n="633">quo te furor provexit attonitum tuus</l>
                    <l n="634">et fata, nate, cedat ut tantis malis</l>
                    <l n="635">genetricis ira quae tuo scelere occidit? </l>
                    <l n="636">utinam antequam te parvulum in lucem edidi</l>
                    <l n="637">aluique, saevae nostra lacerassent ferae</l>
                    <l n="638">viscera: sine ullo scelere, sine sensu innocens</l>
                    <l n="639">meus occidisses; iunctus atque haerens mihi</l>
                    <l n="640">semper quietam cerneres sedem inferum, </l>
                    <l n="641">proavos patremque, nominis magni viros,</l>
                    <l n="642">quos nunc pudor luctusque perpetuus manet</l>
                    <l n="643">ex te, nefande, meque quae talem tuli.</l>
                    <l n="644">quid tegere cesso Tartaro vultus meos,</l>
                    <l n="645">noverca coniunx mater infelix meis? </l>
                </sp>
                <milestone n="646" unit="card"/>
                <sp who="#octavia chorus">
                    <speaker>Octavia Chorus</speaker>
                    <l n="646">Parcite lacrimis urbis festo</l>
                    <l n="647">laetoque die, ne tantus amor</l>
                    <l n="648">nostrique favor principis acres</l>
                    <l n="649">suscitet iras vobisque ego sim</l>
                    <l n="650">causa malorum, non hoc primum </l>
                    <l n="651">pectora vulnus mea senserunt:</l>
                    <l n="652">graviora tuli; dabit hic nostris</l>
                    <pb n="p.419"/>
                    <l n="653">finem curis vel morte dies:</l>
                    <l n="654">non ego saevi cernere cogar</l>
                    <l n="655">coniugis ora, </l>
                    <l n="656">non invisos intrare mihi</l>
                    <l n="657">thalamos famulae;</l>
                    <l n="658">soror Augusti, non uxor ero.</l>
                    <l n="659">absint tantum tristes poenae</l>
                    <l n="660">letique metus. </l>
                    <l n="661">scelerum diri, miseranda, viri</l>
                    <l n="662">potes hoc demens sperare memor?</l>
                    <l n="663">hos ad thalamos servata diu</l>
                    <l n="664">victima tandem funesta cades.</l>
                    <l n="665">sed quid patrios saepe penates </l>
                    <l n="666">respicis udis confusa genis?</l>
                    <l n="667">propera tectis efferre gradus,</l>
                    <l n="668">linque cruentam principis aulam.</l>
                </sp>

                <sp who="#chorus">
                    <speaker>Chor.</speaker>
                    <l n="669">En illuxit suspecta diu,</l>
                    <l n="670">fama totiens iactata dies: </l>
                    <l n="671">cessit thalamis Claudia diri</l>
                    <l n="672">pulsa Neronis,</l>
                    <l n="673">quos iam victrix Poppaea tenet,</l>
                    <l n="674">cessat pietas dum nostra gravi</l>
                    <l n="675">compressa metu segnisque dolor.</l>
                    <l n="676">ubi Romani vis est populi,</l>
                    <l n="677">fregit claros quae saepe duces,</l>
                    <l n="678">dedit in victae leges patriae,</l>
                    <l n="679">fasces dignis civibus olim,</l>
                    <l n="680">iussit bellum pacemque, feras </l>
                    <l n="681">gentes domuit,</l>
                    <l n="682">captos reges carcere clausit?</l>
                    <l n="683">gravis en oculis undique nostris</l>
                    <l n="684">iam Poppaeae fulget imago,</l>
                    <pb n="p.420"/>
                    <l n="685a">iuncta Neroni!</l>
                    <l n="685b">affligat humo violenta manus</l>
                    <l n="686">similes nimium vultus dominae</l>
                    <l n="687">ipsamque toris detrahat altis</l>
                    <l n="688">petat infestis mox et flammis</l>
                    <l n="689">telisque feris principis aulam.</l>
                </sp>
                <sp who="#nutrix2">
                    <speaker>Nutrix Poppaea</speaker>
                    <l n="690">Quo trepida gressum coniugis thalamis tui</l>
                    <l n="691">effers, alumna, quidve secretum petis</l>
                    <l n="692">turbata vultu? cur genae fletu madent?</l>
                    <l n="693">certe petitus precibus et votis dies</l>
                    <l n="694">nostris refulsit: Caesari iuncta es tuo</l>
                    <l n="695">taeda iugali, quem tuus cepit decor</l>
                    <l n="696">et culpa †Senecae, tradidit vinctum tibi</l>
                    <l n="697">genetrix Amoris, maximum numen, Venus.</l>
                    <l n="698">o qualis altos quanta pressisti toros</l>
                    <l n="699">residens in aula! vidit attonitus tuam</l>
                    <l n="700">formam senatus, tura cum superis dares</l>
                    <l n="701">sacrasque grato spargeres aras mero,</l>
                    <l n="702">velata summum flammeo tenui caput;</l>
                    <l n="703">et ipse lateri iunctus atque haerens tuo</l>
                    <l n="704">sublimis inter civium laeta omina</l>
                    <l n="705">incessit habitu atque ore laetitiam gerens</l>
                    <l n="706">princeps superbo: talis emersam freto</l>
                    <l n="707">spumante Peleus coniugem accepit Thetin,</l>
                    <l n="708">quorum toros celebrasse caelestes ferunt,</l>
                    <l n="709">pelagique numen omne consensu pari.</l>
                    <l n="710">quae subita vultus causa mutavit tuos?</l>
                    <l n="711">quid pallor iste, quid ferant lacrimae doce.</l>
                </sp>
                <milestone n="712" unit="card"/>
                <pb n="p.421"/>
                <sp who="#poppaea">
                    <speaker>Pop.</speaker>
                    <l n="712">Confusa tristi proximae noctis metu</l>
                    <l n="713">visuque, nutrix, mente turbata feror,</l>
                    <l n="714">defecta sensu. laeta nam postquam dies</l>

                    <l n="715">'sideribus atris cessit et nocti polus, </l>
                    <l n="716">inter Neronis iuncta complexus mei</l>
                    <l n="717">somno resolvor; nec diu placida frui</l>
                    <l n="718">quiete licuit. visa nam thalamos meos</l>
                    <l n="719">celebrare turba est maesta: resolutis comis</l>
                    <l n="720">matres Latinae flebiles planctus dabant; </l>
                    <l n="721">inter tubarum saepe terribilem sonum</l>
                    <l n="722">sparsam cruore coniugis genetrix mei</l>
                    <l n="723">vultu minaci saeva quatiebat facem,</l>
                    <l n="724">quam dum sequor coacta praesenti metu,</l>
                    <l n="725">diducta subito patuit ingenti mihi </l>
                    <l n="726">tellus hiatu; lata quo praeceps toros</l>
                    <l n="727">cerno iugales pariter et miror meos,</l>
                    <l n="728">in quis residi fessa. venientem intuor</l>
                    <l n="729">comitante turba coniugem quondam meum</l>
                    <l n="730">natumque; properat petere complexus meos </l>
                    <l n="731">Crispinus, intermissa, libare oscula:</l>
                    <l n="732">irrupit intra tecta cum trepidus mea</l>
                    <l n="733">ensemque iugulo condidit saevum Nero.</l>
                    <l n="734">tandem quietem magnus excussit timor;</l>
                    <l n="735">quatit ossa et artus horridus nostros tremor </l>
                    <l n="736">pulsatque pectus; continet vocem timor,</l>
                    <l n="737">quam nunc fides pietasque produxit tua.</l>
                    <l n="738">heu quid minantur inferum manes mihi</l>
                    <l n="739">aut quem cruorem coniugis vidi mei?</l>
                </sp>

                <sp who="#nutrix">
                    <speaker>Nvtr.</speaker>
                    <l n="740">Quaecumque mentis agitat intentus vigor, </l>
                    <l n="741">ea per quietem sacer et arcanus refert</l>
                    <pb n="p.422"/>
                    <l n="742">veloxque sensus. coniugem thalamos toros</l>
                    <l n="743">vidisse te miraris amplexu novi</l>
                    <l n="744">haerens mariti? sed movent laeto die</l>
                    <l n="745">pulsata palmis pectora et fusae comae? </l>
                    <l n="746">Octaviae discidia planxerunt sacros</l>
                    <l n="747">inter penates fratris et patrium larem.</l>
                    <l n="748">fax illa, quam secuta es, Augustae manu</l>
                    <l n="749">praelata clarum nomen invidia tibi</l>
                    <l n="750">partum ominatur. inferum sedes toros </l>
                    <l n="751">stabiles futuros spondet aeternae domus.</l>
                    <l n="752">iugulo quod ensem condidit princeps tuus:</l>
                    <l n="753">bella haud movebit, pace sed ferrum teget.</l>
                    <l n="754">recollige animum, recipe laetitiam, precor.</l>
                    <l n="755">timore pulso redde te thalamis tuis. </l>
                </sp>

                <sp who="#poppaea">
                    <speaker>Pop.</speaker>
                    <l n="756">Delubra et aras petere constitui sacras,</l>
                    <l n="757">caesis litare victimis numen deum,</l>
                    <l n="758">ut expientur noctis et somni minae</l>
                    <l n="759">terrorque in hostes redeat attonitus meos.</l>
                    <l n="760">tu vota pro me suscipe et precibus piis </l>
                    <l n="761">superos adora, maneat ut praesens status.</l>
                </sp>

                <sp who="#chorus">
                    <speaker>Chorus</speaker>
                    <l n="762">Si vera loquax fama Tonantis</l>
                    <l n="763">furta et gratos narrat amores</l>
                    <l n="764">(quem modo Ledae pressisse sinum</l>
                    <l n="765">tectum plumis pennisque ferunt, </l>
                    <l n="766">modo per fluctus raptam Europen</l>
                    <l n="767">taurum tergo portasse trucem),</l>
                    <l n="768">quae regit et nunc deseret astra,</l>
                    <l n="769">petet amplexus, Poppaea, tuos,</l>
                    <l n="770">quos et Ledae praeferre potest </l>
                    <l n="771">et tibi, quondam cui miranti</l>
                    <pb n="p.423"/>
                    <l n="772">fulvo, Danae, fluxit in auro.</l>
                    <l n="773">formam Sparte iactet alumnae</l>
                    <l n="774">licet et Phrygius praemia pastor:</l>
                    <l n="775">vincet vultus haec Tyndaridos </l>
                    <l n="776">qui moverunt horrida bella</l>
                    <l n="777">Phrygiaeque solo regna dedere.</l>
                    <l n="778">Sed quis gressu ruit attonito</l>
                    <l n="779">aut quid portat pectore anhelo?</l>
                </sp>
                <milestone n="780" unit="card"/>
                <sp who="#nuntius chorus">
                    <speaker>Nuntius Chorus</speaker>
                    <l n="780">Quicumque tectis excubat miles ducis, </l>
                    <l n="781">defendat aulam cui furor populi imminet,</l>
                    <l n="782">trepidi cohortes ecce praefecti trahunt</l>
                    <l n="783">praesidia ad urbis, victa nec cedit metu</l>
                    <l n="784">concepta rabies temere, sed vires capit.</l>
                </sp>

                <sp who="#chorus">
                    <speaker>Chor.</speaker>
                    <l n="785">Quis iste mentes agitat attonitus furor? </l>
                </sp>

                <sp who="#nuntius">
                    <speaker>Nvnt.</speaker>
                    <l n="786">Octaviae favore percussa agmina</l>
                    <l n="787">et efferata per nefas ingens ruunt.</l>
                </sp>

                <sp who="#chorus">
                    <speaker>Chor.</speaker>
                    <l n="788">Quid ausa facere quove consilio doce.</l>
                </sp>

                <sp who="#nuntius">
                    <speaker>Nvnt.</speaker>
                    <l n="789">Reddere penates Claudiae divi parant</l>
                    <l n="790">torosque fratris, debitam partem imperi. </l>
                </sp>

                <sp who="#chorus">
                    <speaker>Chor.</speaker>
                    <l n="791">Quos iam tenet Poppaea concordi fide?</l>
                </sp>

                <sp who="#nuntius">
                    <speaker>Nvnt.</speaker>
                    <l n="792">Hic urit animos pertinax nimium favor</l>
                    <l n="793">et in furorem temere praecipites agit:</l>
                    <l n="794">quaecumque claro marmore effigies stetit</l>
                    <l n="795">aut aere fulgens, ora Poppaeae gerens, </l>
                    <l n="796">afflicta vulgi manibus et saevo iacet</l>
                    <l n="797">eversa ferro; membra per partes trahunt</l>
                    <l n="798">deducta laqueis, obruunt turpi diu</l>
                    <l n="799">calcata caeno, verba conveniunt feris</l>
                    <pb n="p.424"/>
                    <l n="800">immixta factis quae timor reticet meus. </l>
                    <l n="801">sepire flammis principis sedem parant,</l>
                    <l n="802">populi nisi irae coniugem reddat novam,</l>
                    <l n="803">reddat penates Claudiae victus suos.</l>
                    <l n="804">ut noscat ipse civium motus, mea</l>
                    <l n="805">voce haud morabor iussa praefecti exequi. </l>
                </sp>

                <sp who="#chorus">
                    <speaker>Chor.</speaker>
                    <l n="806">Quid fera frustra bella movetis?</l>
                    <l n="807">invicta gerit tela Cupido:</l>
                    <l n="808">flammis vestros obruet ignes</l>
                    <l n="809">quis extinxit fulmina saepe</l>
                    <l n="810">captumque Iovem caelo traxit. </l>
                    <l n="811">laeso tristes dabitis poenas</l>
                    <l n="812">sanguine vestro.</l>
                    <l n="813">non est patiens fervidus irae</l>

                    <l n="813b">facilisque regi: </l>
                    <l n="814">ille ferocem iussit Achillem</l>
                    <l n="815">pulsare lyram, </l>
                    <l n="816">fregit Danaos, fregit Atridem,</l>
                    <l n="817">regna evertit Priami, claras</l>

                    <l n="817b">diruit urbes: </l>
                    <l n="818">et nunc animus quid ferat horret</l>
                    <l n="819">vis immitis violenta dei.</l>
                </sp>

                <sp who="#nero">
                    <speaker>Nero</speaker>
                    <l n="820">O lenta nimium militis nostri manus </l>
                    <l n="821">et ira patiens post nefas tantum mea,</l>
                    <l n="822">quod non cruor civilis accensas faces</l>
                    <l n="823">extinguit in nos, caede nec populi madet</l>
                    <l n="824">funerea Roma quae viros tales tulit. </l>
                    <pb n="p.425"/>

                    <l n="827">at illa. cui me civium subicit furor, </l>
                    <l n="828">suspecta coniunx et soror semper mihi,</l>
                    <l n="829">tandem dolori spiritum reddat meo</l>
                    <l n="830">iramque nostram sanguine extinguat suo. </l>

                    <l n="825">admissa sed iam morte puniri parum est: </l>
                    <l n="826">graviora meruit impium plebis scelus: </l>

                    <l n="831">mox tecta flammis" concitant urbis meis, </l>
                    <l n="832">ignes ruinae noxium populum premant</l>
                    <l n="833">turpisque egestas, saeva cum luctu fames.</l>
                    <l n="834">exultat ingens saeculi nostri bonis</l>
                    <l n="835">corrupta turba nec capit clementiam </l>
                    <l n="836">ingrata nostram ferre nec pacem potest,</l>
                    <l n="837">sed inquieta rapitur hinc audacia,</l>
                    <l n="838">hinc temeritate fertur in praeceps sua:</l>
                    <l n="839">malis domanda est et gravi semper iugo</l>
                    <l n="840">premenda, ne quid simile temptare audeat </l>
                    <l n="841">contraque sanctos coniugis vultus meae</l>
                    <l n="842">attollere oculos: fracta per poenas metu</l>
                    <l n="843">parere discet principis nutu sui.</l>
                    <l n="844">sed adesse cerno rara quem pietas virum</l>
                    <l n="845">fidesque castris nota praeposuit meis. </l>
                </sp>
                <milestone n="846" unit="card"/>
                <sp who="#praefectus nero">
                    <speaker>Praefectus Nero</speaker>
                    <l n="846">Populi furorem caede paucorum, diu</l>
                    <l n="847">qui restiterunt temere, compressum affero.</l>
                </sp>

                <sp who="#nero">
                    <speaker>Ner.</speaker>
                    <l n="848">Et hoc sat est? sic miles audisti ducem?</l>
                    <l n="849">compressit! haec vindicta debetur mihi?</l>
                </sp>

                <sp who="#praefectus">
                    <speaker>Praef.</speaker>
                    <l n="850">Cecidere motus impio ferro duces. </l>
                </sp>

                <sp who="#nero">
                    <speaker>Ner.</speaker>
                    <l n="851">Quid illa turba, petere quae flammis meos</l>
                    <l n="852">ausa est penates, principi legem dare,</l>
                    <pb n="p.426"/>
                    <l n="853">abstrahere nostris coniugem caram toris,</l>
                    <l n="854">violare quantum licuit incesta manu</l>
                    <l n="855">et voce dira? debita poena vacat? </l>
                </sp>

                <sp who="#praefectus">
                    <speaker>Praef.</speaker>
                    <l n="856">Poenam dolor constituet in cives tuos?</l>
                </sp>

                <sp who="#nero">
                    <speaker>Ner.</speaker>
                    <l n="857">Constituet, aetas nulla quam famae eximat.</l>
                </sp>

                <sp who="#praefectus">
                    <speaker>Praef.</speaker>
                    <l n="858">Tua temperet nos ira, non noster timor.</l>
                </sp>

                <sp who="#nero">
                    <speaker>Ner.</speaker>
                    <l n="859">Iram expiabit prima quae meruit meam.</l>
                </sp>

                <sp who="#praefectus">
                    <speaker>Praef.</speaker>
                    <l n="860">Quam poscat ede, nostra ne parcat manus. </l>
                </sp>

                <sp who="#nero">
                    <speaker>Ner.</speaker>
                    <l n="861">Caedem sororis poscit et dirum caput.</l>
                </sp>

                <sp who="#praefectus">
                    <speaker>Praef.</speaker>
                    <l n="862">Horrore vinctum trepidus astrinxit rigor.</l>
                </sp>


                <sp who="#nero">
                    <speaker>Ner.</speaker>
                    <l n="863" part="I">Parere dubitas?</l>
                </sp>
                <sp who="#praefectus">
                    <speaker>Praef.</speaker>
                    <l part="F">Cur meam damnas fidem?</l>
                </sp>


                <sp who="#nero">
                    <speaker>Ner.</speaker>
                    <l n="864" part="I">Quod parcis hosti.</l>
                </sp>
                <sp who="#praefectus">
                    <speaker>Praef.</speaker>
                    <l part="F">Femina hoc nomen capit?</l>
                </sp>


                <sp who="#nero">
                    <speaker>Ner.</speaker>
                    <l n="865" part="I">Si scelera cepit.</l>
                </sp>
                <sp who="#praefectus">
                    <speaker>Praef.</speaker>
                    <l part="F">Estne qui sontem arguat? </l>
                </sp>


                <sp who="#nero">
                    <speaker>Ner.</speaker>
                    <l n="866" part="I">Populi furor.</l>
                </sp>
                <sp who="#praefectus">
                    <speaker>Praef.</speaker>
                    <l part="F">Quis regere dementes valet?</l>
                </sp>


                <sp who="#nero">
                    <speaker>Ner.</speaker>
                    <l n="867" part="I">Qui concitare potuit.</l>
                </sp>
                <sp who="#praefectus">
                    <speaker>Praef.</speaker>
                    <l part="F">Haud quemquam reor.</l>
                </sp>

                <sp who="#nero">
                    <speaker>Ner.</speaker>
                    <l n="868">Mulier, dedit natura cui pronum malo</l>
                    <l n="869">animum, ad nocendum pectus instruxit dolis.</l>
                </sp>


                <sp who="#praefectus">
                    <speaker>Praef.</speaker>
                    <l n="870" part="I">Sed vim negavit,</l>
                </sp>
                <sp who="#nero">
                    <speaker>Ner.</speaker>
                    <l part="F">Vt ne inexpugnabilis </l>
                    <l n="871">esset, sed aegras frangeret vires timor</l>
                    <l n="872">vel poena; quae iam sera damnatam premet</l>
                    <l n="873">diu nocentem, tolle consilium ac preces</l>
                    <l n="874">et imperata perage: devectam rate</l>
                    <l n="875">procul in remotum litus interimi iube, </l>
                    <l n="876">tandem ut residat pectoris nostri timor.</l>
                </sp>

                <sp who="#chorus octavia">
                    <speaker>Chorus Octavia</speaker>
                    <l n="877">O funestus multis populi</l>
                    <l n="878">dirusque favor,</l>
                    <pb n="p.427"/>
                    <l n="879">qui cum flatu vela secundo</l>
                    <l n="880">ratis implevit vexitque procul, </l>

                    <l n="880b">languidus idem </l>
                    <l n="881">deserit alto saevoque mari.</l>
                    <l n="882">flevit Gracchos miseranda parens,</l>
                    <l n="883">perdidit ingens quos plebis amor</l>
                    <l n="884">nimbisque favor genere illustres,</l>
                    <l n="885">pietate fide lingua claros, </l>
                    <l n="886">pectore fortes, legibus acres.</l>
                    <l n="887">te quoque, Livi, simili leto</l>
                    <l n="888">Fortuna dedit,</l>
                    <l n="889">quem neque fasces texere suae</l>
                    <l n="890">nec tecta domus, plura referre </l>
                    <l n="891">prohibet praesens exempla dolor:</l>
                    <l n="892">modo cui patriam reddere cives</l>
                    <l n="893">aulam et fratris voluere toros,</l>
                    <l n="894">nunc ad poenam letumque trahi</l>
                    <l n="895">flentem miseram cernere possunt. </l>
                    <l n="896">bene paupertas humili tecto</l>

                    <l n="896b">contenta latet: </l>
                    <l n="897">quatiunt altas saepe procellae</l>
                    <l n="898">aut evertit Fortuna domos.</l>
                </sp>
                <milestone n="899" unit="card"/>
                <sp who="#octavia">
                    <speaker>Oct.</speaker>
                    <l n="899">Quo me trahitis quodve tyrannus</l>
                    <l n="900">aut exilium regina iubet, </l>
                    <l n="901">si mihi vitam fracta remittit</l>
                    <l n="902">tot iam nostris et victa malis?</l>
                    <l n="903">sin caede mea cumulare parat</l>
                    <l n="904">luctus nostros, invidet etiam</l>
                    <l n="905">cur in patria mihi saeva mori? </l>
                    <l n="906">sed iam spes est nulla salutis:</l>
                    <l n="907">fratris cerno miseranda ratem.</l>
                    <pb n="p.428"/>
                    <l n="908">hac en cuius vecta carina</l>
                    <l n="909">quondam genetrix, nunc et thalamis</l>
                    <l n="910">expulsa soror miseranda vehar. </l>
                    <l n="911">nullum Pietas nunc numen habet</l>
                    <l n="912">nec sunt superi:</l>
                    <l n="913">regnat mundo tristis Erinys.</l>
                    <l n="914">quis mea digne deflere potest</l>
                    <l n="915">mala? quae lacrimis nostris questus </l>
                    <l n="916">reddere aedon? cuius pennas</l>
                    <l n="917">utinam miserae mihi fata darent!</l>
                    <l n="918">fugerent luctus ablata meos</l>
                    <l n="919">penna volucri procul et coetus</l>
                    <l n="920">hominum tristes caedemque feram. </l>
                    <l n="921">sola in vacuo nemore et tenui</l>
                    <l n="922">ramo pendens querulo possem</l>
                    <l n="923">gutture maestum fundere murmur.</l>
                </sp>

                <sp who="#chorus">
                    <speaker>Chor.</speaker>
                    <l n="924">Regitur fatis mortale genus,</l>
                    <l n="925">nec sibi quisquam spondere potest </l>
                    <l n="926">firmum et stabile<gap reason="omitted"/></l>
                    <l n="927">per quam casus volvit varios</l>
                    <l n="928">semper nobis metuenda dies;</l>
                    <l n="929">animum firment exempla tuum,</l>
                    <l n="930">iam multa domus quae vestra tulit: </l>
                    <l n="931">quid saevior est Fortuna tibi?</l>
                    <l n="932">tu mihi primum</l>
                    <l n="933">tot natorum memoranda parens,</l>
                    <l n="934">nata Agrippae, nurus Augusti,</l>
                    <pb n="p.429"/>
                    <l n="935">Caesaris uxor, cuius nomen </l>
                    <l n="936">clarum toto fulsit in orbe,</l>
                    <l n="937">utero totiens enixa gravi</l>
                    <l n="938">pignora pacis,</l>
                    <l n="939">mox exilium verbera, saevas</l>
                    <l n="940">passa catenas, funera, luctus, </l>
                    <l n="941">tandem letum cruciata diu.</l>
                    <l n="942">felix thalamis Livia Drusi</l>

                    <l n="942b">natisque ferum </l>
                    <l n="943">ruit in facinus poenamque suam.</l>
                    <l n="944">Iulia matris fata secuta est;</l>
                    <l n="945">post longa tamen tempora ferro </l>
                    <l n="946">caesa est, quamvis crimine nullo.</l>
                    <l n="947">quid non potuit quondam genetrix</l>
                    <l n="948">tua quae rexit principis aulam</l>
                    <l n="949">cara marito partu que potens?</l>
                    <l n="950">eadem famulo subiecta suo </l>
                    <l n="951">cecidit diri militis ense.</l>
                    <l n="952">quid cui licuit regnum in caelum</l>
                    <l n="953">sperare, parens tanta Neronis?</l>
                    <l n="954">non funesta violata manu</l>
                    <l n="955">remigis ante, </l>
                    <l n="956">mox et ferro lacerata diu</l>
                    <l n="957">saevi iacuit victima nati?</l>
                </sp>

                <sp who="#octavia">
                    <speaker>Oct.</speaker>
                    <l n="958">Me quoque tristes mittit ad umbras</l>
                    <l n="959">ferus et manes ecce tyrannus,</l>
                    <l n="960">quid iam frustra miseranda moror? </l>
                    <l n="961">rapite ad letum quis ius in nos</l>
                    <l n="962">Fortuna dedit, testor superos—</l>
                    <l n="963">quid agis, demens? parce precari</l>
                    <l n="964">quis invisa es numina divum.</l>
                    <l n="965">Tartara testor </l>
                    <l n="966">Erebique deas scelerum ultrices</l>
                    <pb n="p.430"/>
                    <l n="967">et te. genitor,</l>
                    <l n="968">dignum tali morte et poena:</l>
                    <l n="969">non invisa est mors ista mihi.</l>
                    <l n="970">armate ratem, date vela fretis </l>
                    <l n="971">ventisque petat puppis rector</l>
                    <l n="972">Pandatariae litora terrae.</l>
                </sp>

                <sp who="#chorus">
                    <speaker>Chor.</speaker>
                    <l n="973">Leues aurae zephyrique leves,</l>
                    <l n="974">tectam quondam nube aetheria</l>
                    <l n="975">qui vexistis raptam saevae </l>
                    <l n="976">virginis aris Iphigeniam,</l>
                    <l n="977">hanc quoque tristi procul a poena</l>
                    <l n="978">portate, precor, templa ad Triviae.</l>
                    <l n="979">urbe est nostra mitior Aulis</l>
                    <l n="980">et Taurorum barbara tellus: </l>
                    <l n="981">hospitis illic caede Utatur</l>
                    <l n="982">numen superum,</l>
                    <l n="983">civis gaudet Roma cruore.</l>
                </sp>
            </div>
        </body>
    </text>
</TEI>