<?xml version="1.0" encoding="UTF-8"?>
<?xml-model href="http://www.stoa.org/epidoc/schema/8.19/tei-epidoc.rng"
  schematypens="http://relaxng.org/ns/structure/1.0"?>
  <?xml-model href="http://www.stoa.org/epidoc/schema/8.19/tei-epidoc.rng"
  schematypens="http://purl.oclc.org/dsdl/schematron"?>
  <TEI xmlns="http://www.tei-c.org/ns/1.0">
    <teiHeader>
        <fileDesc>
            <titleStmt>
                <title type="sub">Phoenissae</title>
                <author n="Sen.">Seneca</author>
                <editor role="editor" n="Peiper">Rudolf Peiper</editor>
            <editor role="editor" n="Richter">Gustav Richter</editor> 
            <sponsor>Perseus Project, Tufts University</sponsor>
                <principal>Gregory Crane</principal>
               <respStmt>
                  <resp>Prepared under the supervision of</resp>
                  <name>Bridget Almas</name>
                  <name>Lisa Cerrato</name>
                  <name>David Mimno</name>
                  <name>Rashmi Singhal</name>
               </respStmt>
               <funder n="org:NEH">The National Endowment for the Humanities</funder>
            </titleStmt>
           <extent>About 100Kb</extent>
           <publicationStmt>
              <publisher>Trustees of Tufts University</publisher>
              <pubPlace>Medford, MA</pubPlace>
              <authority>Perseus Project</authority>
              <date type="release">2009-10-07</date>
           </publicationStmt>
         <sourceDesc>
                <biblStruct>
                    <monogr>
                        <author>L. Annaeus Seneca</author>
                        <title>Tragoediae</title>
                        <editor role="editor" n="Peiper">Rudolf Peiper</editor>
                        <editor role="editor" n="Richter">Gustav Richter</editor>
                        <imprint>
                            <pubPlace>Leipzig</pubPlace>
                            <publisher>Teubner</publisher>
                            <date>1921</date>
                        </imprint>
                    </monogr>
                    <ref target="https://archive.org/stream/senecaetragoedi00senegoog#page/n144/mode/2up">Internet Archive</ref>
                </biblStruct>
            <listPerson>
               <person xml:id="oedipus">
                  <persName xml:lang="eng">Oedipus</persName>
               </person>
               <person xml:id="iocasta">
                  <persName xml:lang="eng">Iocasta</persName>
               </person>
               <person xml:id="antigona">
                  <persName xml:lang="eng">Antigona</persName>
               </person>
               <person xml:id="polynices">
                  <persName xml:lang="eng">Polynices</persName>
               </person>
               <person xml:id="eteocles">
                  <persName xml:lang="eng">Eteocles</persName>
               </person>
               <person xml:id="satelles">
                  <persName xml:lang="eng">satelles</persName>
               </person>
               <person xml:id="nuntius">
                  <persName xml:lang="eng">Nuntius</persName>
               </person>
            </listPerson>
         </sourceDesc>
        </fileDesc>
        <encodingDesc>
         <refsDecl n="CTS">
            <cRefPattern n="line" matchPattern="(\w+)" replacementPattern="#xpath(/tei:TEI/tei:text/tei:body/tei:div//tei:l[@n='$1'])">
               <p>This pointer pattern extracts line</p>
            </cRefPattern>
         </refsDecl>
         <refsDecl n="TEI.2">
            <refState unit="card"/>
         </refsDecl>
      </encodingDesc>
        <profileDesc>
            <langUsage>
                <language ident="lat">Latin</language>
            </langUsage>
        </profileDesc>
        <revisionDesc>
         <change who="gcrane" when="2009-01-01">tagging</change>
         <change when="2015-11-12" who="Thibault Clerice">New URN, Epidoc and CTS</change>
      </revisionDesc>
    </teiHeader>

   <text n="Phoen.">
      <body>
         <div xml:lang="lat" type="edition" n="urn:cts:latinLit:phi1017.phi003.perseus-lat2">
    
    
            <milestone n="1" unit="card"/>
            <pb n="p.93"/>
            <sp who="#oedipus antigona">
               <speaker>Oedipus Antigona</speaker>

               <l n="1">Caeci parentis regimen et fessi unicum</l>
               <l n="2">lateris levamen, gnata, quam tanti est mihi</l>
               <l n="3">genuisse vel sic, desere infaustum patrem,</l>
               <l n="4">in recta quid deflectis errantem gradum?</l>
               <l n="5">permitte labi; melius inveniam viam, </l>
               <l n="6">quam quaero solus, quae me ab hac vita extrahat</l>
               <l n="7">et hoc nefandi capitis aspectu levet</l>
               <l n="8">caelum atque terras, quantulum hac egi manu?</l>
               <l n="9">non video noxae conscium nostrae diem,</l>
               <l n="10">sed videor, hinc iam solve inhaerentem manum </l>
               <l n="11">et patere caecum qua volet ferri pedem,</l>
               <l n="12">ibo, ibo qua praerupta protendit iuga</l>
               <l n="13">meus Cithaeron, qua peragrato celer</l>
               <l n="14">per saxa monte iacuit Actaeon suis</l>
               <l n="15">nova praeda canibus, qua per obscurum nemus </l>
               <l n="16">silvamque opacae vallis instinctas deo</l>
               <l n="17">egit sorores mater et gaudens malo</l>
               <l n="18">vibrante fixum praetulit thyrso caput;</l>
               <l n="19">vel qua cucurrit, corpus inrisum trahens,</l>
               <l n="20">Zethi iuvencus, qua per horrentes rubos </l>
               <l n="21">tauri ferocis sanguis ostentat fugas;</l>
               <l n="22">vel qua alta maria vertice inmenso premit</l>
               <pb n="p.94"/>
               <l n="23">Inoa rupes, qua scelus fugiens novum</l>
               <l n="24">novumque faciens mater insiluit freto</l>
               <l n="25">mersura natum seque— felices quibus </l>
               <l n="26">fortuna melior tam bonas matres dedit.</l>
               <l n="27">est alius istis noster in silvis locus,</l>
               <l n="28">qui me reposcit, hunc petam cursu incito;</l>
               <l n="29">non haesitabit gressus, huc omni duce</l>
               <l n="30">spoliatus ibo. quid moror sedes meas? </l>
               <l n="31">mortem, Cithaeron, redde et hospitium mihi</l>
               <l n="32">illud meum restitue, ut expirem senex</l>
               <l n="33">ubi debui infans, recipe supplicium vetus.</l>
               <l n="34">semper cruente saeve crudelis ferox,</l>
               <l n="35">cum occidis et cum parcis, olim iam tuum </l>
               <l n="36">est hoc cadaver: perage mandatum patris,</l>
               <l n="37">iam et matris, animus gestit antiqua exsequi</l>
               <l n="38">supplicia, quid me, nata, pestifero tenes</l>
               <l n="39">amore vinctum? quid tenes? genitor vocat.</l>
               <l n="40">sequor, sequor, iam parce, sanguineum gerens </l>
               <l n="41">insigne regni Laius rapti furit;</l>
               <l n="42">en ecce, inanes manibus infestis petit</l>
               <l n="43">foditque vultus, nata, genitorem vides?</l>
               <l n="44">ego video, tandem spiritum inimicum expue,</l>
               <l n="45">desertor anime, fortis in partem tui. </l>
               <l n="46">omitte poenae languidas longae moras</l>
               <l n="47">mortemque totam admitte; quid segnis traho</l>
               <l n="48">quod vivo? nullum facere iam possum scelus?</l>
               <l n="49">possum miser, praedico— discedo a patre,</l>
               <l n="50">discedo, virgo. timeo post matrem omnia. </l>
            </sp>

            <sp who="#antigona">
               <speaker>Ant.</speaker>
               <l n="51">Vis nulla, genitor, a tuo nostram manum</l>
               <l n="52">corpore resolvet, nemo me comitem tibi</l>
               <l n="53">eripiet umquam. Labdaci claram domum,</l>
               <pb n="p.95"/>
               <l n="54">opulenta ferro regna germani petant—</l>
               <l n="55">pars summa magno patris e regno mea est, </l>
               <l n="56">pater ipse. non hunc auferet frater mihi</l>
               <l n="57">Thebana rapto sceptra qui regno tenet,</l>
               <l n="58">non hunc catervas alter Argolicas agens;</l>
               <l n="59">non si revulso Iuppiter mundo tonet</l>
               <l n="60">mediumque nostros fulmen in nexus cadat, </l>
               <l n="61">manum hanc remittam. prohibeas, genitor, licet:</l>
               <l n="62">regam abnuentem, dirigam inviti gradum.</l>
               <l n="63">iu plana tendis? vado; praerupta appetis?</l>
               <l n="64">non obsto, sed praecedo; quo vis utere</l>
               <l n="65">duce me, duobus omnis eligitur via: </l>
               <l n="66">perire sine me non potes, mecum potes.</l>
               <l n="67">hic alta rupes arduo surgit iugo</l>
               <l n="68">spectatque longe spatia subiecti maris:</l>
               <l n="69">vis hanc petamus? nudus hic pendet silex,</l>
               <l n="70">hic scissa tellus faucibus ruptis hiat: </l>
               <l n="71">vis hanc petamus? hic rapax torrens cadit</l>
               <l n="72">partesque lapsi montis exesas rotat:</l>
               <l n="73">in hunc ruamus? dum prior, quo vis eo.</l>
               <l n="74">non deprecor, non hortor, extingui cupis</l>
               <l n="75">votumque, genitor, maximum mors est tibi? </l>
               <l n="76">si moreris, antecedo: si vivis, sequor.</l>
               <l n="77">sed flecte mentem pectus antiquum ad voca</l>
               <l n="78">victasque magno robore aerumnas doma;</l>
               <l n="79">resiste: tantus in malis vinci mori est.</l>
            </sp>
            <milestone n="81" unit="card"/>
            <sp who="#oedipus">
               <speaker>Oedip.</speaker>
               <l n="80">Vnde in nefanda specimen egregium domo? </l>
               <l n="81">Unde ista generi virgo dissimilis suo?</l>
               <l n="82">Fortuna, credis? aliquis est ex me pius?</l>
               <l n="83">non esset umquam, fata bene novi mea,</l>
               <l n="84">nisi ut noceret, ipsa se in leges novas</l>
               <pb n="p.96"/>
               <l n="85">natura vertit: regeret in fontem citas <pb n=""/>
               </l>
               <l n="86">revolutus undas amnis et noctem afferet</l>
               <l n="87">Phoebea lampas, Hesperus faciet diem;</l>
               <l n="88">ut ad miserias aliquid accedat meas,</l>
               <l n="89">pii quoque erimus, unica Oedipodae est salus,</l>
               <l n="90">non esse salvum, liceat ulcisci patrem </l>
               <l n="91">adhuc inultum, dextra quid cessas iners</l>
               <l n="92">exigere poenas? quicquid exactum est adhuc,</l>
               <l n="93">matri dedisti, mitte genitoris manum,</l>
               <l n="94">animosa virgo:'funus extendi» meum</l>
               <l n="95">longaeque vivi ducis exequias patris. </l>
               <l n="96">aliquando terra corpus invisum tege;</l>
               <l n="97">peccas honesta mente, pietatem vocas</l>
               <l n="98">patrem insepultum trahere, qui cogit mori</l>
               <l n="99">nolentem in aequo est quique properantem impedit; </l>

               <l n="101">nec tamen in aequo est: alterum gravius reor: </l>

               <l n="100">occidere est vetare cupientem mori </l>

               <l n="102">malo imperari quam eripi mortem mihi. </l>
               <l n="103">desiste coepto, virgo: ius vitae ac necis</l>
               <l n="104">meae penes me est. regna deserui libens,</l>
               <l n="105">regnum mei retineo. si fida es comes, </l>
               <l n="106">ensem parenti trade, sed notum nece</l>
               <l n="107">ensem paterna, tradis? an gnati tenent</l>
               <l n="108">cum regno et illum? facinore ubicumque est opus,</l>
               <l n="109">ibi sit; relinquo, natus hunc habeat meus,</l>
               <l n="110">sed uterque, flammas potius et vastum aggerem </l>
               <l n="111">compone; in altos ipse me immittam rogos,</l>
               <l n="112">
                  <del>haerebo ad ignes, funebrem escendam struem</del>
               </l>
               <l n="113">pectusque solvam durum et in cinerem dabo</l>
               <l n="114">hoc quicquid in me vivit, ubi saevum est mare?</l>
               <pb n="p.97"/>
               <l n="115">duc ubi sit altis prorutum saxis iugum, </l>
               <l n="116">ubi torva rapidus ducat Ismenos vada,</l>
               <l n="117">
                  <del>duc ubi ferae sunt, ubi fretum, ubi praeceps locus</del>
               </l>
               <l n="118">si dux es: illuc ire morituro placet,</l>
               <l n="119">ubi sedit alta rupe semifero dolos</l>
               <l n="120">Sphinx ore nectens. dirige huc gressus pedum, </l>
               <l n="121">hic siste patrem, dira ne sedes vacet,</l>
               <l n="122">monstrum repone maius, hoc saxum insidens</l>
               <l n="123">obscura nostrae verba fortunae loquar,</l>
               <l n="124">quae nemo solvat: quisquis Assyrio loca</l>
               <l n="125">possessa regi scindis et Cadmi nemus </l>
               <l n="126">serpente notum, sacra quo Dirce latet,</l>
               <l n="127">supplex adoras, quisquis Eurotan bibis</l>
               <l n="128">Spartamque fratre nobilem gemino colis,</l>
               <l n="129">quique Elin et Parnason et Boeotios</l>
               <l n="130">colonus agros uberis tondes soli: , </l>
               <l n="131">adverte mentem, saeva Thebarum lues</l>
               <l n="132">luctifica caecis verba committens modis</l>
               <l n="133">quid simile posuit? quid tam inextricabile?</l>
               <l n="134">avi gener patrisque rivalis sui,</l>
               <l n="135">frater suorum liberum et fratrum parens; </l>
               <l n="136">uno avia partu liberos peperit viro,</l>
               <l n="137">sibi et nepotes, monstra quis tanta explicat?</l>
               <l n="138">ego ipse, victae spolia qui Sphingis tuli,</l>
               <l n="139">haerebo fati tardus interpres mei.</l>
               <l n="139l">*<gap reason="lost"/>
               </l>
               <l n="140">quid perdis ultra verba? quid pectus ferum </l>
               <l n="141">mollire temptas precibus? hoc animo sedet</l>
               <l n="142">effundere hanc cum morte luctantem diu</l>
               <l n="143">animam et tenebras petere: nam sceleri haec meo</l>
               <pb n="p.98"/>
               <l n="144">parum alta nox est: Tartaro condi iuvat,</l>
               <l n="145">et si quid ultra Tartarum est; tandem libet </l>
               <l n="146">quod olim oportet, morte prohiberi haud queo.</l>
               <l n="147">ferrum negabis? noxias lapsu vias</l>
               <l n="148">eludes et artis colla laqueis inseri</l>
               <l n="149">prohibebis? herbas quae ferunt letum auferes?</l>
               <l n="150">quid ista tandem cura proficiet tua? </l>
               <l n="151">ubique mors est. optume hoc cavit deus:</l>
               <l n="152">eripere vitam nemo non homini, potest,</l>
               <l n="153">at nemo mortem; mille ad hanc aditus patent.</l>
               <l n="154">nil quaero: dextra noster et nuda solet</l>
               <l n="155">bene animus uti— dextra, nunc toto impetu, </l>
               <l n="156">toto dolore, viribus totis veni.</l>
               <l n="157">non destino unum vulneri nostro locum:</l>
               <l n="158">totus nocens sum: qua Voles mortem exige.</l>
               <l n="159">effringe pectus corque tot scelerum capax</l>
               <l n="160">evelle, totos viscerum nuda sinus. </l>
               <l n="161">fractum incitatis ictibus guttur sonet</l>
               <l n="162">laceraeque fixis unguibus venae fluant.</l>
               <l n="163">aut dirige iras quo soles: haec vulnera</l>
               <l n="164">rescissa multo sanguine ac tabe inriga,</l>
               <l n="165">hac extrahe animam duram, inexpugnabilem. </l>
               <l n="166">et tu, parens, ubicumque poenarum arbiter</l>
               <l n="167">adstas mearum; non ego hoc tantum scelus</l>
               <l n="168">ulla expiari credidi poena satis</l>
               <l n="169">umquam, nec ista morte contentus fui,</l>
               <l n="170">nec me redemi parte: membratim tibi </l>
               <l n="171">perire volui— debitum tandem exige.</l>
               <l n="172">nunc solvo poenas, tunc tibi inferias dedi.</l>
               <l n="173">ades atque inertem dexteram introrsus preme</l>
               <l n="174">magisque merge: timida tunc parvo caput</l>
               <l n="175">libavit haustu vixque cupientes sequi </l>
               <l n="176">eduxit oculos, haeret etiam nunc mihi</l>
               <l n="177">ille animus, haeret, cum recusantem manum</l>
               <pb n="p.99"/>
               <l n="178">pressere vultus, audies verum, Oedipus:</l>
               <l n="179">minus eruisti lumina audacter tua.</l>
               <l n="180">quam praestitisti, nunc manum cerebro indue: </l>
               <l n="181">hac parte mortem perage qua coepi mori.</l>
            </sp>
            <milestone n="182" unit="card"/>
            <sp who="#antigona">
               <speaker>Antig.</speaker>
               <l n="182">Pauca, o parens magnanime, miserandae precor</l>
               <l n="183">ut verba natae mente placata audias.</l>
               <l n="184">non te ut reducam veteris ad speciem domus</l>
               <l n="185">habitumque regni flore pollentem inclito </l>
               <l n="186">peto aut ut iras, temporum haut ipsa mora</l>
               <l n="187">fractas, remisso pectore ac placido feras:</l>
               <l n="188">at hoc decebat roboris tanti virum,</l>
               <l n="189">non esse sub dolore nec victum malis</l>
               <l n="190">dare terga; non est, ut putas, virtus, pater, </l>
               <l n="191">timere vitam, sed malis ingentibus</l>
               <l n="192">obstare nec se vertere ac retro dare.</l>
               <l n="193">qui fata proculcavit ac vitae bona</l>
               <l n="194">proiecit atque abscidit et casus suos</l>
               <l n="195">oneravit ipse, cui deo nullo est opus, </l>
               <l n="196">quare ille mortem cupiat aut quare petat?</l>
               <l n="197">utrumque timidi est: nemo contempsit mori</l>
               <l n="198">qui concupivit, cuius haut ultra mala</l>
               <l n="199">exire possunt, in loco tuto est situs.</l>
               <l n="200">quis iam deorum, velle fac, quicquam potest </l>
               <l n="201">malis tuis adicere? iam nec tu potes</l>
               <l n="202">nisi hoc, ut esse te putes dignum nece—</l>
               <l n="203">non es nec ulla pectus hoc culpa attigit.</l>
               <l n="204">et hoc magis te, genitor, insontem voca.</l>
               <l n="205">quod innocens es dis quoque invitis, quid est </l>
               <l n="206">quod te efferant, quod novos suffixerit</l>
               <l n="207">stimulos dolori? quid te in infernas agit</l>
               <pb n="p.100"/>
               <l n="208">sedes, quid ex his pellit? ut careas die?</l>
               <l n="209">cares; ut altis nobilem muris domum</l>
               <l n="210">patriamque fugias? patria tibi vivo perit; </l>
               <l n="211">natos fugis matremque? ab* aspectu omnium</l>
               <l n="212">fortuna te summovit, et quicquid potest</l>
               <l n="213">auferre cuiquam mors, tibi hoc vita abstulit;</l>
               <l n="214">regni tumultus? turba fortunae prior</l>
               <l n="215">abscessit a te iussa, quem, genitor, fugis? </l>
            </sp>

            <sp who="#oedipus">
               <speaker>Oedip.</speaker>
               <l n="216">Me fugio, fugio conscium scelerum omnium</l>
               <l n="217">pectus, manumque hanc fugio et hoc "caelum et deos.</l>
               <l n="218">
                  <del>et dira fugio scelera quae feci innocens</del>.</l>
               <l n="219">ego hoc solum, frugifera quo surgit Ceres,</l>
               <l n="220">premo? has ego auras ore pestifero traho? </l>
               <l n="221">ego laticis haustu satior aut ullo fruor</l>
               <l n="222">almae parentis munere? ego castam manum</l>
               <l n="223">nefandus incestificus exsecrabilis</l>
               <l n="224">attrecto? ego ullos aure concipio sonos,</l>
               <l n="225">per quos parentis nomen aut nati audiam? </l>
               <l n="226">utinam quidem rescindere has quirem vias</l>
               <l n="227">manibusque adactis omne qua voces meant</l>
               <l n="228">aditusque verbis tramite angusto patet</l>
               <l n="229">eruere possem: nata, iam sensum tui,</l>
               <l n="230">quae pars meorum es criminum, infelix pater </l>
               <l n="231">fugissem. inhaeret ac recrudescit nefas</l>
               <l n="232">subinde, et aures ingerunt quicquid mihi</l>
               <l n="233">donastis, oculi, cur caput tenebris grave</l>
               <l n="234">non mitto ad umbras Ditis aeternas? quid hic</l>
               <l n="235">manes meos detineo? quid terram gravo </l>
               <l n="236">mixtusque superis erro? quid restat mali?</l>
               <l n="237">regnum parentes liberi, virtus quoque</l>
               <pb n="p.101"/>
               <l n="238">et ingeni sollertis eximium decus</l>
               <l n="239">periere, cuncta sors mihi infesta abstulit:</l>
               <l n="240">lacrimae supererant: has quoque eripui mihi. </l>
               <l n="241">absiste, nullas animus admittit preces</l>
               <l n="242">novamque poenam sceleribus quaerit parem.</l>
               <l n="243">et esse par quae poterit? infanti quoque</l>
               <l n="244">decreta mors est.— fata quis tam tristia</l>
               <l n="245">sortitus umquam? videram nondum diem </l>
               <l n="246">uterique nondum solveram clausi moras,</l>
               <l n="247">et iam timebar. protinus quosdam editos</l>
               <l n="248">nox occupavit et novae luci abstulit:</l>
               <l n="249">mors me antecessit; aliquis intra viscera</l>
               <l n="250">materna letum praecoquis fati tulit: </l>
               <l n="251">sed numquid et peccavit? abstrusum, abditum</l>
               <l n="252">dubiumque an essem sceleris infandi reum</l>
               <l n="253">deus egit; illo teste damnavit parens</l>
               <l n="254">calidoque teneros transilit ferro pedes</l>
               <l n="255">et in alta nemora pabulum misit feris </l>
               <l n="256">avibusque saevis quas Cithaeron noxius</l>
               <l n="257">cruore saepe regio tinctas alit. ,</l>
               <l n="258">sed quem deus damnavit, abiecit pater,</l>
               <l n="259">mors quoque refugit, praestiti Delphis fidem:</l>
               <l n="260">genitorem adortus impia stravi nece. </l>
               <l n="261">hoc alia pietas redimet: occidi patrem,</l>
               <l n="262">sed matrem amavi, proloqui hymenaeum pudet</l>
               <l n="263">taedasque nostras, has quoque invitum pati</l>
               <l n="264">te coge poenas: facinus ignotum efferum</l>
               <l n="265">inusitatum effare quod populi horreant, </l>
               <l n="266">quod esse factum nulla non aetas neget,</l>
               <l n="267">quod parricidam pudeat: in patrios toros</l>
               <l n="268">tuli paterno sanguine aspersas manus</l>
               <l n="269">scelerisque pretium maius accepi scelus.</l>
               <l n="270">leve est paternum facinus: in thalamos meos </l>
               <pb n="p.102"/>
               <l n="271">deducta mater, ne parum sceleris foret,</l>
               <l n="272">fecunda: nullum crimen hoc maius potest</l>
               <l n="273">natura ferre, si quod etiamnum est tamen,</l>
               <l n="274">qui facere possent dedimus, abieci necis '</l>
               <l n="275">pretium paternae sceptrum et hoc iterum manus </l>
               <l n="276">armavit alias; optime regni mei</l>
               <l n="277">fatum ipse novi: nemo sine sacro feret</l>
               <l n="278">illud cruore, magna praesagit mala</l>
               <l n="279">paternus animus, iacta iam sunt semina</l>
               <l n="280">cladis futurae: spernitur pacti fides; </l>
               <l n="281">hic occupato cedere imperio negat,</l>
               <l n="282">ius ille et icti foederis testes deos</l>
               <l n="283">invocat et Argos exul atque urbes movet</l>
               <l n="284">Graias in arma: non levis fessis venit</l>
               <l n="285">ruina Thebis; tela flammae vulnera </l>
               <l n="286">instant et istis si quod est maius malum,</l>
               <l n="287">ut esse genitos nemo non ex me sciat.</l>
            </sp>
            <milestone n="288" unit="card"/>
            <sp who="#antigona">
               <speaker>Antig.</speaker>
               <l n="288">Si nulla, genitor, causa vivendi tibi est,</l>
               <l n="289">haec una abunde est, ut pater natos regas</l>
               <l n="290">graviter furentes, tu impii belli minas </l>
               <l n="291">avertere unus tuque vaecordes potes</l>
               <l n="292">inhibere iuvenes, civibus pacem dare,</l>
               <l n="293">patriae quietem, foederi laeso fidem.</l>
               <l n="294">vitam tibi ipse si negas, multis negas.</l>
            </sp>

            <sp who="#oedipus">
               <speaker>Oedip.</speaker>
               <l n="295">Illis parentis ullus aut aequi est amor, </l>
               <l n="296">avidis cruoris imperi armorum doli,</l>
               <l n="297">diris, scelestis, breviter ut dicam meis?</l>
               <l n="298">certant in omne facinus et pensi nihil</l>
               <l n="299">ducunt, ubi illos ira praecipites agit,</l>
               <l n="300">nefasque nullum per nefas nati putant. </l>
               <l n="301">non patris illos tangit afflicti pudor,</l>
               <l n="302">non patria: regno pectus attonitum furit.</l>
               <pb n="p.103"/>
               <l n="303">scio quo ferantur, quanta moliri parent,</l>
               <l n="304">ideoque leti quaero maturi viam</l>
               <l n="305">morique propero, dum in domo nemo est mea </l>
               <l n="306">nocentior me. nata, quid genibus meis</l>
               <l n="307">fles advoluta? quid prece indomitum domas?</l>
               <l n="308">unum hoc habet fortuna quo possim capi,</l>
               <l n="309">invictus aliis: sola tu affectus potes</l>
               <l n="310">mollire duros, sola pietatem in domo </l>
               <l n="311">docere nostra, nil grave aut miserum est mihi</l>
               <l n="312">quod te sciam voluisse; tu tantum impera:</l>
               <l n="313">hic Oedipus Aegaea transnabit freta</l>
               <l n="314">iubente te, flammasque quas Siculo vomit</l>
               <l n="315">de monte tellus igneos volvens globos, </l>
               <l n="316">excipiet ore seque serpenti offeret,</l>
               <l n="317">quae saeva furto nemoris Herculeo furit;</l>
               <l n="318">iubente te praebebit! alitibus iecur—</l>
               <l n="319">iubente te vel vivet.</l>
            </sp>
            <stage>Nuntius Oedipus Antigona</stage>

            <sp who="#nuntius">
               <speaker>Nvn.</speaker>
               <l n="320">Exemplum in ingens regia stirpe editum </l>
               <l n="321">Thebae paventes arma fraterna invocant</l>
               <l n="322">rogantque tectis arceas patriis faces,</l>
               <l n="323">non sunt minae, iam propius accessit malum,</l>
               <l n="324">nam regna repetens frater et pactas vices</l>
               <l n="325">in bella cunctos Graeciae populos agit; </l>
               <l n="326">septena muros castra Thebanos premunt,</l>
               <l n="327">succurre, prohibe pariter et bellum et scelus.</l>
            </sp>

            <sp who="#oedipus">
               <speaker>Oed.</speaker>
               <l n="328">Ego ille sum qui scelera committi vetem</l>
               <l n="329">et abstineri sanguine e caro manus</l>
               <pb n="p.104"/>
               <l n="330">doceam? magister iuris et amoris pii </l>
               <l n="331">ego sum? meorum facinorum exempla appetunt,</l>
               <l n="332">me nunc secuntur; laudo et agnosco libens,</l>
               <l n="333">exhortor, aliquid ut patre hoc dignum gerant.</l>
               <l n="334">agite, o propago cara, generosam indolem</l>
               <l n="335">probate factis, gloriam ac laudes meas </l>
               <l n="336">superate et aliquid facite propter quod patrem</l>
               <l n="337">adhuc iuvet vixisse, facietis, scio:</l>
               <l n="338">sic estis orti. scelere defungi haut levi,</l>
               <l n="339">haut usitato tanta nobilitas potest.</l>
               <l n="340">ferte arma, facibus petite penetrales deos </l>
               <l n="341">frugemque flamma metite natalis soli,</l>
               <l n="342">miscete cuncta, rapite in exitium omnia,</l>
               <l n="343">disicite passim moenia, in planum date,</l>
               <l n="344">templis deos obruite, maculatos lares</l>
               <l n="345">conflate, ab imo tota considat domus; </l>
               <l n="346">urbs concremetur— primus a thalamis meis</l>
               <l n="347">incipiat ignis.</l>
            </sp>
            <milestone n="348" unit="card"/>
            <sp who="#nuntius">
               <speaker>Nvnt.</speaker>
               <l n="347b" part="F">Mitte violentum impetum</l>
               <l n="348">doloris ac te publica exorent mala</l>
               <l n="3349">auctorque placidae liberis pacis veni.</l>
            </sp>

            <sp who="#oedipus">
               <speaker>Oedip.</speaker>
               <l n="350">Vides modestae deditum menti senem </l>
               <l n="351">placidaeque amantem pacis ad partes vocas?</l>
               <l n="352">tumet animus ira, fervet immensus dolor,</l>
               <l n="353">maiusque quam quod casus et iuvenum furor</l>
               <l n="354">conatur aliquid cupio, non satis est adhuc</l>
               <l n="355">civile bellum: frater in fratrem ruat; </l>
               <l n="356">nec hoc sat est: quod debet, ut fiat nefas</l>
               <l n="357">de more nostro, quod meos deceat toros:</l>
               <l n="358">date arma matri, nemo me ex his eruat</l>
               <pb n="p.105"/>
               <l n="359">silvis: latebo rupis exesae cavo</l>
               <l n="360">aut sepe densa corpus abstrusum tegam. </l>
               <l n="361">hinc aucupabor verba rumoris vagi</l>
               <l n="362">et saeva fratrum, bella, quod possum, audiam.</l>
            </sp>
            <milestone unit="act" n="B"/>
            <sp who="#iocasta satelles">
               <speaker>Iocasta Satelles</speaker>
               <l n="363">Felix Agaue: facinus horrendum manu,</l>
               <l n="364">qua fecerat, gestavit et spolium tulit</l>
               <l n="365">cruenta nati maenas in partes dati; </l>
               <l n="366">fecit scelus, sed misera non ultro suo</l>
               <l n="367">sceleri occucurrit. hoc leve est quod sum nocens:</l>
               <l n="368">feci nocentes, hoc quoque etiamnunc leve est:</l>
               <l n="369">peperi nocentes, derat aerumnis meis,</l>
               <l n="370">ut et hostem amarem, bruma ter posuit nives </l>
               <l n="371">et tertia iam falce decubuit Ceres,</l>
               <l n="372">ut exul errat natus et patria caret</l>
               <l n="373">profugusque regum auxilia Graiorum rogat,</l>
               <l n="374">gener est Adrasti, cuius imperio mare</l>
               <l n="375">quod scindit Isthmos regitur; hic gentes suas </l>
               <l n="376">septemque secum regna ad auxilium trahit</l>
               <l n="377">genero, quid optem quidve decernam haut scio.</l>
               <l n="378">regnum reposcit: causa repetentis bona est,</l>
               <l n="379">mala sic petentis. vota quae faciam parens?</l>
               <l n="380">utrimque natum video: nil possum pie </l>
               <l n="381">pietate salva facere: quodcumque alteri</l>
               <l n="382">optabo nato fiet alterius malo.</l>
               <l n="383">sed utrumque quamvis diligam affectu pari,</l>
               <l n="384">quo causa melior sorsque deterior trahit</l>
               <pb n="p.106"/>
               <l n="385">inclinat animus semper infirmo favens: </l>
               <l n="386">miseros magis fortuna conciliat suis.</l>
            </sp>

            <sp who="#satelles">
               <speaker>Sat.</speaker>
               <l n="387">Regina, dum tu flebiles questus cies</l>
               <l n="388">terisque tempus, saeva nudatis adest</l>
               <l n="389">acies in armis; aera iam bellum cient</l>
               <l n="390">aquilaque pugnam signifer mota vocat. </l>
               <l n="391">septena reges bella dispositi parant,</l>
               <l n="392">animo pari Cadmea progenies subit,</l>
               <l n="393">cursu citato miles hinc atque hinc ruit.</l>
               <l n="394">vide ut atra nubes pulvere abscondat diem</l>
               <l n="395">fumoque similes campus in caelum erigat </l>
               <l n="396">nebulas, equestri fracta quas tellus pede</l>
               <l n="397">summittit et, si vera metuentes vident,</l>
               <l n="398">infesta fulgent signa, subrectis adest</l>
               <l n="399">frons prima telis, aurea clarum nota</l>
               <l n="400">nomen ducum vexilla praescriptum ferunt. </l>
               <l n="401">i, redde amorem fratribus, pacem omnibus,</l>
               <l n="402">et impia arma matris oppositu impedi.</l>
            </sp>

            <sp who="#antigona iocasta nuntius">
               <speaker>Antigona Iocasta Nuntius</speaker>
               <l n="403">Perge, o parens, et concita celerem gradum,</l>
               <l n="404">compesce tela, fratribus ferrum excute,</l>
               <l n="405">nudum inter enses pectus infestos tene: </l>
               <l n="406">aut solve bellum, mater, aut prima excipe,</l>
            </sp>
            <milestone n="407" unit="card"/>
            <sp who="#iocasta">
               <speaker>Ioc.</speaker>
               <l n="407">Ibo ibo et armis obvium opponam caput,</l>
               <l n="408">stabo inter arma; petere qui fratrem volet,</l>
               <l n="409">petat ante matrem, tela, qui fuerit pius,</l>
               <l n="410">rogante ponat matre; qui non est pius </l>
               <l n="411">incipiat a me. fervidos iuvenes anus</l>
               <l n="412">tenebo, nullum teste me fiet nefas;</l>
               <pb n="p.107"/>
               <l n="413">aut si aliquod et me teste committi potest,</l>
               <l n="414" part="I">non fiet unum.</l>
            </sp> 
            <sp who="#antigona">
               <speaker>Ant.</speaker>
               <l n="414b" part="F">Signa collatis micant</l>
               <l n="415">vicina signis, clamor hostilis fremit; </l>
               <l n="416">scelus in propinquo est: occupa, mater, preces.</l>
               <l n="417">et ecce motos fletibus credas meis,</l>
               <l n="418">sic agmen armis segne compositis venit.</l>
            </sp>

            <sp who="#satelles">
               <speaker>Sat.</speaker>
               <l n="419">Procedit acies tarda, sed properant duces.</l>
            </sp>

            <sp who="#iocasta">
               <speaker>Ioc.</speaker>
               <l n="420">Quis me procellae turbine insano vehens </l>
               <l n="421">volucer per auras ventus aetherias aget?</l>
               <l n="422">quae Sphinx vel atra nube subtexens diem</l>
               <l n="423">Stymphalis avidis praepetem pinnis feret?</l>
               <l n="424">aut quae per altas aeris rapiet vias</l>
               <l n="425">Harpyia saevi regis observans famem </l>
               <l n="426">et inter acies proiciet raptam duas?</l>
            </sp>

            <sp who="#satelles">
               <speaker>Sat.</speaker>
               <l n="427">Vadit furenti similis aut etiam furit.</l>
               <l n="428">sagitta qualis Parthica velox manu</l>
               <l n="429">excussa fertur, qualis insano ratis</l>
               <l n="430">premente vento rapitur aut qualis cadit </l>
               <l n="431">delapsa caelo stella, cum stringens polum</l>
               <l n="432">rectam citatis ignibus rumpit viam,</l>
               <l n="433">attonita cursu fugit et binas statim</l>
               <l n="434">diduxit acies, victa materna prece</l>
               <l n="435">haesere bella, iamque in alternam necem </l>
               <l n="436">illinc et hinc miscere cupientes manus</l>
               <l n="437">librata dextra tela suspensa tenent.</l>
               <l n="438">paci favetur, omnium ferrum iacet</l>
               <l n="439">cessatve tectum; vibrat in fratrum manu.</l>
               <l n="440">laniata canas mater ostendit comas, </l>
               <l n="441">rogat abnuentes, irrigat fletu genas.</l>
               <l n="442">negare matri qui diu dubitat, potest.</l>
               <pb n="p.108"/>
               <l n="443">In me arma et ignes vertite, in me omnis ruat</l>
               <l n="444">unam iuventus quaeque ab Inachio venit</l>
               <l n="445">animosa muro quaeque Thebana ferox </l>
               <l n="446">descendit arce; civis atque hostis simul</l>
               <l n="447">hunc petite ventrem, qui dedit fratres viro.</l>
               <l n="448">haec membra passim spargite ac divellite:</l>
               <l n="449">ego utrumque peperi— ponitis ferrum ocius?</l>
               <l n="450">an dico et ex quo? dexteras matri date, </l>
               <l n="451">date dum piae sunt. error invitos adhuc</l>
               <l n="452">fecit nocentes, omne Fortunae fuit</l>
               <l n="453">peccantis in nos crimen: hoc primum nefas</l>
               <l n="454">inter scientes geritur, in vestra manu est,</l>
               <l n="455">utrum velitis: sancta si pietas placet, </l>
               <l n="456">t donate matri pacem, si placuit scelus,</l>
               <l n="457">maius paratum est: media se opponit parens,</l>
               <l n="458">proinde bellum tollite aut belli moram,</l>
               <l n="459">sollicita cui nunc mater alterna prece</l>
               <l n="460">verba admovebo? misera quem amplectar prius? </l>
               <l n="461">in utramque partem ducor affectu pari.</l>
               <l n="462">hic afuit; sed pacta si fratrum valent,</l>
               <l n="463">nunc alter aberit. ergo iam numquam duos</l>
               <l n="464">nisi sic videbo? iunge complexus prior,</l>
               <l n="465">qui tot labores totque perpessus mala </l>
               <l n="466">longo parentem fessus exilio vides,</l>
               <l n="467">accede propius, elude vagina impium</l>
               <l n="468">ensem et trementem iamque cupientem excuti</l>
               <pb n="p.109"/>
               <l n="469">hastam solo defige; maternum tuo</l>
               <l n="470">coire pectus pectori clipeus vetat: </l>
               <l n="471">hunc quoque repone, vinculo frontem exue</l>
               <l n="472">tegumenque capitis triste belligeri leva</l>
               <l n="473">et ora matri redde, quo vultus refers</l>
               <l n="474">acieque pavida fratris observas manum?</l>
               <l n="475">affusa totum corpus amplexu tegam, </l>
               <l n="476">tuo emori per meum fiet via.</l>
               <l n="477">quid dubius haeres? an times matris fidem?</l>
            </sp>
            <milestone n="478" unit="card"/>
            <sp who="#polynices">
               <speaker>Pol.</speaker>
               <l n="478">Timeo; nihil iam iura naturae valent.</l>
               <l n="479">post ista fratrum exempla ne matri quidem</l>
               <l n="480" part="I">fides habenda est.</l>
            </sp> 
            <sp who="#iocasta">
               <speaker>Ioc.</speaker>
               <l n="480b" part="F">Redde iam capulo manum, </l>
               <l n="481">astringe galeam, laeva se clipeo inserat;</l>
               <l n="482">dum frater exarmatur, armatus mane.</l>
               <l n="483">tu pone ferrum, causa qui ferri es prior.</l>
               <l n="484">si pacis odium est, furere si bello placet:</l>
               <l n="485">indutias te mater exiguas rogat, </l>
               <l n="486">ferat ut reverso post fugam nato oscula</l>
               <l n="487">vel prima vel suprema, dum pacem peto,</l>
               <l n="488">audite inermes, ille te, tu illum times?</l>
               <l n="489">ego utrumque, sed pro utroque, quid strictum abnuis</l>
               <l n="490">recondere ensem? qualibet gaude mora: </l>
               <l n="491">id gerere bellum cupitis, in quo est optimum</l>
               <l n="492">vinci, vereris fratris infesti dolos?</l>
               <l n="493">quotiens necesse est fallere aut falli a suis,</l>
               <l n="494">patiare potius ipse quam facias scelus.</l>
               <l n="495">sed ne verere: mater insidias et hinc </l>
               <l n="496">et rursus illinc abiget. exoro? an patri</l>
               <l n="497">invideo vestro? veni ut arcerem nefas</l>
               <l n="498">an ut viderem propius? hic ferrum abdidit,</l>
               <l n="499">reclinis hasta est, arma defixa incubant.</l>
               <l n="500">ad te preces nunc, nate, maternas feram, </l>
               <pb n="p.110"/>
               <l n="501">sed ante lacrimas, teneo longo tempore</l>
               <l n="502">petita votis ora. te profugum solo</l>
               <l n="503">patrio penates regis externi tegunt.</l>
               <l n="504">te maria tot diversa, tot casus vagum</l>
               <l n="505">egere, non te duxit in thalamos parens </l>
               <l n="506">comitata primos nec sua festas manu</l>
               <l n="507">ornavit aedes nec sacra laetas faces</l>
               <l n="508">vitta revinxit; dona non auro graves</l>
               <l n="509">gazas socer, non arva, non urbes dedit:</l>
               <l n="510">dotale bellum est. hostium es factus gener, </l>
               <l n="511">patria remotus hospes alieni laris,</l>
               <l n="512">externa consecutus, expulsus tuis,</l>
               <l n="513">sine crimine exul. ne quid e fatis tibi</l>
               <l n="514">desset paternis, hoc quoque ex illis habes,</l>
               <l n="515">errasse thalamis, nate post multos mihi </l>
               <l n="516">remissa soles, nate suspensae metus</l>
               <l n="517">et spes parentis, cuius aspectum deos</l>
               <l n="518">semper rogavi, cum tuus reditus mihi</l>
               <l n="519">tantum esset erepturus, adventu tuo</l>
               <l n="520">quantum daturus: 'quando pro te desinam' </l>
               <l n="521">dixi 'timere?' dixit inridens deus:</l>
               <l n="522">'ipsum timebis.' nempe nisi bellum foret,</l>
               <l n="523">ego te carerem; nempe si tu non fores,</l>
               <l n="524">bello carerem. a, triste conspectus datur</l>
               <l n="525">pretium tui durumque, sed matri placet. </l>
               <l n="526">hinc modo recedant arma, dum nullum nefas</l>
               <l n="527">Mars saevus audet: hoc quoque est magnum nefas.</l>
               <l n="528">tam prope fuisse, stupeo et exsanguis tremo,</l>
               <l n="529">cum stare fratres hinc et hinc video duos</l>
               <l n="530">sceleris sub ictu. membra quassantur metu: </l>
               <pb n="p.111"/>
               <l n="531">quam paene mater maius aspexi nefas.</l>
               <l n="532">quam quod miser videre non potuit pater.</l>
               <l n="533">licet timore facinoris tanti vacem</l>
               <l n="534">videamque iam nil tale, sum infelix tamen</l>
               <l n="535">quod paene vidi. per decem mensum graves </l>
               <l n="536">uteri labores perque pietatem inclitae</l>
               <l n="537">precor sororis et per irati sibi</l>
               <l n="538">genas parentis, scelere quas nullo nocens,</l>
               <l n="539">erroris a se dira supplicia exigens,</l>
               <l n="540">hausit: nefandas moenibus patriis faces </l>
               <l n="541">averte, signa bellici retro agminis</l>
               <l n="542">flecte— ut recedas, magna pars sceleris tamen</l>
               <l n="543">vestri peracta est: vidit hostili grege</l>
               <l n="544">campos repleri patria, fulgentes procul</l>
               <l n="545">armis catervas vidit, equitatu levi </l>
               <l n="546">Cadmea frangi prata et excelsos rotis</l>
               <l n="547">volitare proceres, igne flagrantes trabes</l>
               <l n="548">fumare, cineri quae petunt nostras domos,</l>
               <l n="549">fratresque (facinus quod novum et Thebis fuit)</l>
               <l n="550">in se ruentes: totus hoc exercitus, </l>
               <l n="551">hoc populus omnis, utraque hoc vidit soror</l>
               <l n="552">genetrixque vidi: nam pater debet sibi</l>
               <l n="553">quod ista non spectavit, occurrat tibi</l>
               <l n="554">nunc Oedipus, quo iudice erroris quoque</l>
               <l n="555">poenae petuntur. ne, precor, ferro erue </l>
               <l n="556">patriam ac penates neve, quas regere expetis,</l>
               <l n="557">everte Thebas. quis tenet mentem furor?</l>
               <l n="558">petendo patriam perdis? ut fiat tua,.</l>
               <l n="559">vis esse nullam? quin tuae causae nocet</l>
               <l n="560">ipsum hoc quod armis uris infestis solum </l>
               <l n="561">segetesque adultas sternis et totos fugam</l>
               <l n="562">edis per agros: nemo sic vastat sua;</l>
               <pb n="p.112"/>
               <l n="563">quae corripi igne. quae meti gladio iubes</l>
               <l n="564">aliena credis, rex sit ex vobis uter,</l>
               <l n="565">manente regno quaerite, haec telis petis </l>
               <l n="566">flammisque tecta? poteris has Amphionis</l>
               <l n="567">quassare moles? nulla quas struxit manus</l>
               <l n="568">stridente tardum machina ducens onus,</l>
               <l n="569">sed convocatus vocis et citharae sono</l>
               <l n="570">per se ipse summas venit in turres lapis: </l>
               <l n="571">haec saxa franges? victor hinc spolia auferes</l>
               <l n="572">vinctosque duces patris aequales tui,</l>
               <l n="573">matresque ab ipso coniugum raptas sinu</l>
               <l n="574">saevus catena miles imposita trahet?</l>
               <l n="575">adulta virgo, mixta captivo gregi, </l>
               <l n="576">Thebana nuribus munus Argolicis eat?</l>
               <l n="577">an et ipsa, palmas vincta postergum datas,</l>
               <l n="578">mater triumphi praeda fraterni vehar?</l>
               <l n="579">potesne cives leto et exilio datos</l>
               <l n="580">videre passim? moenibus caris potes </l>
               <l n="581">hostem admovere, sanguine et flamma potes</l>
               <l n="582">implere Thebas? tam ferus durum geris</l>
               <l n="583">saevumque in iras pectus? et nondum imperas.</l>
               <l n="584">quid sceptra facient? pone vaesanos, precor,</l>
               <l n="585">animi tumores teque pietati refer. </l>
            </sp>
            <milestone n="586" unit="card"/>
            <sp who="#polynices">
               <speaker>Pol.</speaker>
               <l n="586">Vt profugus errem? semper ut patria arcear</l>
               <l n="587">opemque gentis hospes externae sequar?</l>
               <l n="588">quid paterer aliud, si fefellissem fidem?</l>
               <l n="589">si peierassem? fraudis alienae dabo</l>
               <l n="590">poenas, at ille praemium scelerum feret? </l>
               <l n="591">iubes abire: matris imperio obsequor—</l>
               <l n="592">da quo revertar, regia frater meus</l>
               <pb n="p.113"/>
               <l n="593">habitat superba: parva me abscondat casa?</l>
               <l n="594">hanc date repulso; liceat exiguo lare</l>
               <l n="595">pensare regnum? coniugi donum datus </l>
               <l n="596">arbitria thalami dura felicis feram</l>
               <l n="597">humilisque socerum lixa dominantem sequar?</l>
               <l n="598">in servitutem cadere de regno grave est.</l>
               <l n="599">ioc. Si regna quaeris nec potest sceptro manus</l>
               <l n="600">vacare saevo, multa quae possunt peti </l>
               <l n="601">in orbe toto quaelibet tellus dabit.</l>
               <l n="602">hinc nota Baccho Tmolus attollit iuga,</l>
               <l n="603">qua lata terris spatia frugiferis iacent</l>
               <l n="604">et qua trahens opulenta Pactolus vada</l>
               <l n="605">inundat auro rura; nec laetis minus </l>
               <l n="606">Maeandros arvis flectit errantis aquas</l>
               <l n="607">rapidusque campos fertiles Hermus secat;</l>
               <l n="608">hinc grata Cereri Gargara et dives solum</l>
               <l n="609">quod Xanthus ambit nivibus Idaeis tumens;</l>
               <l n="610">hinc qua relinquit nomen Ionii mare </l>
               <l n="611">faucesque Abydo Sestos opposita premit,</l>
               <l n="612">aut quae latus iam propior orienti dedit</l>
               <l n="613">tutamque crebris portibus Lyciam videt:</l>
               <l n="614">haec regna ferro quaere, in hos populos ferat</l>
               <l n="615">socer arma fortis, has tuo sceptro paret </l>
               <l n="616">tradatque gentes, hoc adhuc regnum puta</l>
               <l n="617">tenere patrem, melius exilium est tibi</l>
               <l n="618">quam reditus iste: crimine alieno exulas,</l>
               <pb n="p.114"/>
               <l n="619">tuo redibis. melius istis viribus</l>
               <l n="620">nova regna nullo scelere maculata appetes. </l>
               <l n="621">quin ipse frater arma comitatus tua</l>
               <l n="622">tibi militabit. vade et id bellum gere</l>
               <l n="623">in quo pater materque pugnanti tibi</l>
               <l n="624">favere possint, regna cum scelere omnibus</l>
               <l n="625">sunt exilis graviora, nunc belli mala </l>
               <l n="626">propone, dubias Martis incerti vices:</l>
               <l n="627">licet omne tecum Graeciae robur trahas,</l>
               <l n="628">licet arma longe miles ac late explicet,</l>
               <l n="629">fortuna belli semper ancipiti in loco est.</l>
               <l n="630">quodcumque Mars decernit; exaequat duos, </l>
               <l n="631">licet impares sint, gladius; et spes et metus</l>
               <l n="632">Fors caeca versat, praemium incertum petis,</l>
               <l n="633">certum scelus, favisse fac votis deos</l>
               <l n="634">omnes tuis: cessere et aversi fugam</l>
               <l n="635">petiere cives, clade funesta iacens </l>
               <l n="636">obtexit agros miles— exultes licet</l>
               <l n="637">victorque fratris spolia deiecti geras:</l>
               <l n="638">frangenda palma est. quale tu hoc bellum putas,</l>
               <l n="639">in quo execrandum victor admittit nefas,</l>
               <l n="640">si gaudet? hunc quem vincere infelix cupis, </l>
               <l n="641">cum viceris, lugebis. infaustas age</l>
               <l n="642">dimitte pugnas, libera patriam metu,</l>
               <l n="643" part="I">luctu parentes,</l>
            </sp> 
            <sp who="#polynices">
               <speaker>Pol.</speaker>
               <l n="643b" part="F">Sceleris et fraudis suae</l>
               <l n="644">poenas nefandus frater ut nullas ferat?</l>
            </sp>
            <milestone n="645" unit="card"/>
            <sp who="#iocasta">
               <speaker>Ioc.</speaker>
               <l n="645">Ne metue. poenas et quidem solvet graves: </l>
               <l n="646">regnabit, est haec poena, si dubitas, avo</l>
               <l n="647">patrique crede: Cadmus hoc dicet tibi</l>
               <l n="648">Cadmique proles, sceptra Thebano fuit</l>
               <l n="649">impune nulli gerere, nec quisquam fide</l>
               <pb n="p.115"/>
               <l n="650">rupta tenebit illa: iam numeres licet </l>
               <l n="651">fratrem inter istos.</l>
            </sp>

            <sp who="#eteocles">
               <speaker>Et.</speaker>
               <l n="651b">Numeret, est tanti mihi</l>
               <l n="652">cum regibus iacere, te turbae exulum</l>
               <l n="653" part="I">ascribo.</l>
            </sp> 
            <sp who="#polynices">
               <speaker>Pol.</speaker>
               <l part="F" n="653b">Regna, dummodo invisus tuis.</l>
            </sp>

            <sp who="#eteocles">
               <speaker>Et.</speaker>
               <l n="654">Regnare non vult esse qui invisus timet:</l>

               <l n="655">simul ista mundi conditor posuit deus, </l>
               <l n="656">odium atque regnum: regis hoc magni reor,</l>
               <l n="657">odia ipsa premere, multa dominantem vetat</l>
               <l n="658">amor suorum; plus in iratos licet,</l>
               <l n="659">qui vult amari, languida regnat manu.</l>
            </sp>

            <sp who="#iocasta">
               <speaker>Ioc.</speaker>
               <l n="660">Invisa numquam imperia retinentur diu. </l>
            </sp>

            <sp who="#eteocles">
               <speaker>Et.</speaker>
               <l n="661">Praecepta melius imperi reges dabunt;</l>
               <l n="662">exilia tu dispone, pro regno velim—</l>
            </sp>

            <sp who="#iocasta">
               <speaker>Ioc.</speaker>
               <l n="663">Patriam penates coniugem flammis dare?</l>
            </sp>

            <sp who="#eteocles">
               <speaker>Et.</speaker>
               <l n="664">Imperia pretio quolibet constant bene.</l>
            </sp>
         </div>
      </body>
   </text>
</TEI>