<?xml version="1.0" encoding="UTF-8"?>
<?xml-model href="http://www.stoa.org/epidoc/schema/8.19/tei-epidoc.rng"
  schematypens="http://relaxng.org/ns/structure/1.0"?>
<?xml-model href="http://www.stoa.org/epidoc/schema/8.19/tei-epidoc.rng"
  schematypens="http://purl.oclc.org/dsdl/schematron"?>
<TEI xmlns="http://www.tei-c.org/ns/1.0">
    <teiHeader>
        <fileDesc>
            <titleStmt>
                <title type="sub">Thyestes</title>
                <author n="Sen.">Seneca</author>
                <editor role="editor" n="Peiper">Rudolf Peiper</editor>
            <editor role="editor" n="Richter">Gustav Richter</editor> 
            <sponsor>Perseus Project, Tufts University</sponsor>
		          <principal>Gregory Crane</principal>
               <respStmt>
                  <resp>Prepared under the supervision of</resp>
                  <name>Bridget Almas</name>
                  <name>Lisa Cerrato</name>
                  <name>David Mimno</name>
                  <name>Rashmi Singhal</name>
               </respStmt>
               <funder n="org:NEH">The National Endowment for the Humanities</funder>
            </titleStmt>
           <extent>About 100Kb</extent>
           <publicationStmt>
              <publisher>Trustees of Tufts University</publisher>
              <pubPlace>Medford, MA</pubPlace>
              <authority>Perseus Project</authority>
              <date type="release">2009-10-07</date>
           </publicationStmt>
         <sourceDesc>
                <biblStruct>
                    <monogr>
                        <author>L. Annaeus Seneca</author>
                        <title>Tragoediae</title>
                        <editor role="editor" n="Peiper">Rudolf Peiper</editor>
                        <editor role="editor" n="Richter">Gustav Richter</editor>
                        <imprint>
                            <pubPlace>Leipzig</pubPlace>
                            <publisher>Teubner</publisher>
                            <date>1921</date>
                        </imprint>
                    </monogr>
                    <ref target="https://archive.org/stream/senecaetragoedi00senegoog#page/n332/mode/2up">Internet Archive</ref>
                </biblStruct>
            <listPerson>
               <person xml:id="thyestes">
                  <persName xml:lang="eng">Thyestes</persName>
               </person>
               <person xml:id="atreus">
                  <persName xml:lang="eng">Atreus</persName>
               </person>
               <person xml:id="umbra">
                  <persName xml:lang="eng">Tantali Umbra</persName>
               </person>
               <person xml:id="furia">
                  <persName xml:lang="eng">Furia</persName>
               </person>
               <person xml:id="satelles">
                  <persName xml:lang="eng">Satelles</persName>
               </person>
               <person xml:id="tantalus">
                  <persName xml:lang="eng">Tantalus</persName>
               </person>
               <person xml:id="nuntius">
                  <persName xml:lang="eng">Nuntius</persName>
               </person>
               <person xml:id="chorus">
                  <persName xml:lang="eng">Chorus</persName>
               </person>
            </listPerson>
         </sourceDesc>
        </fileDesc>
        <encodingDesc>
         <refsDecl n="CTS">
            <cRefPattern n="line" matchPattern="(\w+)" replacementPattern="#xpath(/tei:TEI/tei:text/tei:body/tei:div//tei:l[@n='$1'])">
               <p>This pointer pattern extracts line</p>
            </cRefPattern>
         </refsDecl>
         <refsDecl n="TEI.2">
            <refState unit="card"/>
         </refsDecl>
      </encodingDesc>
        <profileDesc>
            <langUsage>
                <language ident="la">Latin</language>
            </langUsage>
        </profileDesc>
        <revisionDesc>
         <change who="gcrane" when="2009-01-01">tagging</change>
         <change when="2015-11-12" who="Thibault Clerice">New URN, Epidoc and CTS</change>
      </revisionDesc>
    </teiHeader>

   <text n="Thy.">
      <body>
         <div xml:lang="lat" type="edition" n="urn:cts:latinLit:phi1017.phi008.perseus-lat2">
    
    
            <milestone n="1" unit="card"/>
            <pb n="p.281"/>
            <stage>Tantali Umbra Furia</stage>
            <sp who="#umbra">
               <speaker>Tantali Umbra</speaker>
               <l n="1">Quis inferorum sede ab infausta extrahit</l>
               <l n="2">avido fugaces ore captantem cibos,</l>
               <l n="3">quis male deorum Tantalo visas domos</l>
               <l n="4">ostendit iterum? peius inventum est siti</l>
               <l n="5">arente in undis aliquid et peius fame </l>
               <l n="6">hiante semper? Sisyphi numquid lapis</l>
               <l n="7">gestandus umeris lubricus nostris venit</l>
               <l n="8">aut membra celeri differens cursu rota,</l>
               <l n="9">aut poena Tityi qui specu vasto patens</l>
               <l n="10">visceribus atras pascit effossis aves </l>
               <l n="11">et nocte reparans quicquid amisit die</l>
               <l n="12">plenum recenti pabulum monstro iacet?</l>
               <l n="13">in quod malum transcribor? o quisquis nova</l>
               <l n="14">supplicia functis durus umbrarum arbiter</l>
               <l n="15">disponis, addi si quid ad poenas potest </l>
               <l n="16">quod ipse custos carceris diri horreat,</l>
               <l n="17">quod maestus Acheron paveat, ad cuius metum</l>
               <l n="18">nos quoque tremamus, quaere: iam nostra subit</l>
               <l n="19">e stirpe turba quae suum vincat genus</l>
               <l n="20">ac me innocentem faciat et inausa audeat. </l>
               <pb n="p.282"/>
               <l n="21">regione quicquid impia cessat loci</l>
               <l n="22">complebo— numquam stante Pelopea domo</l>
               <l n="23">Minos vacabit.</l>
            </sp>

            <sp who="#furia">
               <speaker>Fvr.</speaker>
               <l n="23b">Perge, detestabilis</l>
               <l n="24">umbra, et penates impios furiis age.</l>

               <l n="25">certetur omni scelere et alterna vice </l>
               <l n="26">stringatur ensis; ne sit irarum modus</l>
               <l n="27">pudorve, mentes caecus instiget furor,</l>
               <l n="28">rabies parentum duret et longum nefas</l>
               <l n="29">eat in nepotes; nec vacet cuiquam vetus</l>
               <l n="30">odisse crimen: semper oriatur novum, </l>
               <l n="31">nec unum in uno, dumque punitur scelus,</l>
               <l n="32">crescat, superbis fratribus regna excidant</l>
               <l n="33">repetantque profugos; dubia violentae domus</l>
               <l n="34">fortuna reges inter incertos labet:</l>
               <l n="35">miser ex potente fiat, ex misero potens </l>
               <l n="36">fluctuque regnum casus assiduo ferat,</l>
               <l n="37">ob scelera pulsi, cum dabit patriam deus</l>
               <l n="38">in scelera redeant, sintque tam invisi omnibus,</l>
               <l n="39">quam sibi; nihil sit ira quod vetitum putet:</l>
               <l n="40">fratrem expavescat frater et gnatum parens </l>
               <l n="41">gnatusque patrem, liberi pereant male,</l>
               <l n="42">peius tamen nascantur; immineat viro</l>
               <l n="43">infesta coniunx, bella trans pontum vehant,-</l>
               <l n="44">effusus omnis irriget terras cruor,</l>
               <l n="45">supraque magnos gentium exultet duces </l>
               <l n="46">Libido victrix: impia stuprum in domo</l>
               <l n="47">levissimum sit facinus; et fas et fides</l>
               <l n="48">iusque omne pereat, non sit a vestris malis</l>
               <l n="49">immune caelum, cur micant stellae polo</l>
               <l n="50">flammaeque .servant debitum mundo decus? </l>
               <l n="51">nox alia fiat, excidat caelo dies. s</l>
               <l n="52">misce penates, odia caedes funera</l>
               <pb n="p.283"/>
               <l n="53">accerse et imple Tantalo totam domum.</l>
               <l n="54">ornetur altum columen et lauro fores</l>
               <l n="55">laetae virescant, dignus adventu tuo </l>
               <l n="56">splendescat ignis— Thracium fiat nefas</l>
               <l n="57">maiore numero, dextra cur patrui vacat?</l>
               <l n="58">nondum Thyestes liberos deflet suos—</l>
               <l n="59">et quando tollet? ignibus iam subditis</l>
               <l n="60">spument aena, membra per partes eant </l>
               <l n="61">discerpta, patruos polluat sanguis focos,</l>
               <l n="62">epulae instruantur— non novi sceleris tibi</l>
               <l n="63">conviva venies, liberum dedimus diem</l>
               <l n="64">tuamque ad istas solvimus mensas famem:</l>
               <l n="65">ieiunia exple, mixtus in Bacchum cruor </l>
               <l n="66">spectante te potetur; inveni dapes</l>
               <l n="67">quas ipse fugeres— siste, quo praeceps ruis?</l>
            </sp>
            <milestone n="68" unit="card"/>
            <sp who="#umbra">
               <speaker>Tant.</speaker>
               <l n="68">Ad stagna et amnes et recedentes aquas</l>
               <l n="69">labrisque ab ipsis arboris plenae fugas.</l>
               <l n="70">abire in atrum carceris liceat mei </l>
               <l n="71">cubile, liceat, si parum videor miser,</l>
               <l n="72">mutare ripas: alveo medius tuo,</l>
               <l n="73">Phlegethon, relinquar igneo cinctus freto.</l>
               <l n="74">quicumque poenas lege fatorum datas</l>
               <l n="75">pati iuberis, quisquis exeso iaces </l>
               <l n="76">pavidus sub antro iamque venturi times</l>
               <l n="77">montis ruinam, quisquis avidorum feros</l>
               <l n="78">rictus leonum et dira Furiarum agmina</l>
               <l n="79">implicitus horres, quisquis immissas faces</l>
               <l n="80">semiustus abigis, Tantali vocem excipe </l>
               <l n="81">properantis ad vos: credite experto mihi,</l>
               <l n="82">amate poenas, quando continget mihi</l>
               <pb n="p.284"/>
               <l n="83" part="I">effugere superos?</l>
            </sp> 
            <sp who="#furia">
               <speaker>Fvr.</speaker>
               <l n="83b" part="F">Ante perturba domum</l>
               <l n="84">inferque tecum proelia et ferri malum</l>
               <l n="85">regibus amorem, concute insano ferum </l>
               <l n="86" part="I">pectus tumultu,</l>
            </sp> 
            <sp who="#umbra">
               <speaker>Tant.</speaker>
               <l n="86b" part="F">Me pati poenas decet,</l>
               <l n="87">non esse poenam, mittor ut dirus vapor</l>
               <l n="88">tellure rupta vel gravem populis luem</l>
               <l n="89">sparsum pestis, ducam in horrendum nefas</l>
               <l n="90">avus nepotes— magne divorum parens </l>
               <l n="91">nosterque, quamvis pudeat, ingenti licet</l>
               <l n="92">taxata poena lingua crucietur loquax,</l>
               <l n="93">nec hoc tacebo: moneo, ne sacras manus</l>
               <l n="94">violate caede neve furiali malo</l>
               <l n="95">aspergite aras. stabo et arcebo scelus— </l>
               <l n="96">quid ora ferres verbere et tortos ferox</l>
               <l n="97">minaris angues? quid famem infixam intimis</l>
               <l n="98">agitas medullis? flagrat incensum siti</l>
               <l n="99">cor et perustis flamma visceribus micat—</l>
               <l n="100">
                  <del>sequor.</del> 
               </l>
            </sp>

            <sp who="#furia">
               <speaker>Fvr.</speaker>
               <l n="101">Hunc, hunc furorem divide in totam domum!</l>
               <l n="102">sic, sic ferantur et suum infensi invicem</l>
               <l n="103">sitiant cruorem, sentit introitus tuos</l>
               <l n="104">domus et nefando tota contactu horruit.</l>
               <l n="105">actum est abunde, gradere ad infernos specus </l>
               <l n="106">amnemque notum; iam tuum maestae pedem</l>
               <l n="107">terrae gravantur: cernis ut fontis liquor</l>
               <l n="108">introrsus actus linquat, ut ripae vacent</l>
               <l n="109">ventusque raras igneus nubes ferat?</l>
               <l n="110">pallescit omnis arbor ac nudus sitit </l>
               <l n="111">fugiente pomo ramus, et qui fluctibus</l>
               <l n="112">illinc propinquis Isthmos atque illinc fremit</l>
               <l n="113">vicina gracili dividens terra vada,</l>
               <pb n="p.285"/>
               <l n="114">longe remotos tutus exaudit sonos.</l>
               <l n="115">iam Lerna retro cessit et Phoronides </l>
               <l n="116">latuere venae nec suas profert sacer</l>
               <l n="117">Alpheos undas et Cithaeronis iuga</l>
               <l n="118">stant parte nulla cana deposita nive</l>
               <l n="119">timentque veterem nobiles Argi sitim.</l>
               <l n="120">en ipse Titan dubitat an iubeat sequi </l>
               <l n="121">cogatque habenis ire periturum diem.</l>
            </sp>
            <milestone n="122" unit="card"/>
            <sp who="#chorus">
               <speaker>Chorus</speaker>
               <l n="122">Argos de superis si quis Achaicum</l>
               <l n="123">Pisaeasque domos curribus inclitas,</l>
               <l n="124">Isthmi si quis amat regna Corinthii</l>
               <l n="125">et portus geminos et mare dissidens, </l>
               <l n="126">si quis Taygeti conspicuas nives,</l>
               <l n="127">quas cum Sarmaticus tempore frigido</l>
               <l n="128">in summis Boreas composuit iugis,</l>
               <l n="129">aestas veliferis solvit Etesiis,</l>
               <l n="130">quem tangit gelido flumine lucidus </l>
               <l n="131">Alpheos, stadio notus Olympico,</l>
               <l n="132">advertat placidum numen et arceat,</l>
               <l n="133">alternae scelerum no redeant vices</l>
               <l n="134">nec succedat avo deterior nepos</l>
               <l n="135">et maior placeat culpa minoribus. </l>
               <l n="136">tandem lassa feros exuat impetus</l>
               <l n="137">eieci progenies impia Tantali.</l>
               <l n="138">Peccatum satis est; fas valuit nihil</l>
               <l n="139">aut commune nefas, proditus occidit</l>
               <l n="140">deceptor domini Myrtilus, et fide </l>
               <l n="141">vectus qua fuerat nobile reddidit</l>
               <pb n="p.286"/>
               <l n="142">mutato pelagus nomine: notior</l>
               <l n="143">nulla est Ioniis fabula navibus.</l>
               <l n="144">exceptus gladio parvulus impio</l>
               <l n="145">dum currit patrium natus ad osculum, </l>
               <l n="146">immatura focis victima concidit</l>
               <l n="147">divisusque tua est, Tantale, dextera,</l>
               <l n="148">mensas ut strueres hospitibus deis.</l>
               <l n="149">hos aeterna fames persequitur cibos,</l>
               <l n="150">hos aeterna sitis; nec dapibus feris </l>
               <l n="151">decerni potuit poena decentior.</l>
               <l n="152">Stat lassus vacuo gutture Tantalus:</l>
               <l n="153">impendet capiti plurima noxio</l>
               <l n="154">Phineis avibus praeda fugacior;</l>
               <l n="155">hinc illinc gravidis frondibus incubat </l>
               <l n="156">et curvata suis fetibus ac tremens</l>
               <l n="157">alludit patulis arbor hiatibus.</l>
               <l n="158">haec, quamvis avidus nec patiens morae,</l>
               <l n="159">deceptus totiens tangere neglegit</l>
               <l n="160">obliquatque oculos oraque comprimit </l>
               <l n="161">inclusisque famem dentibus alligat</l>
               <l n="162">sed tunc divitias omne nemus suas</l>
               <l n="163">demittit propius pomaque desuper</l>
               <l n="164">insultant foliis mitia languidis</l>
               <l n="165">accenduntque famem, quae iubet irritas </l>
               <l n="166">exercere manus— has ubi protulit</l>
               <l n="167">et falli libuit, totus in arduum</l>
               <l n="168">autumnus rapitur silvaque mobilis,</l>
               <l n="169">instat deinde sitis non levior fame;</l>
               <l n="170">qua cum percaluit sanguis et igneis </l>
               <l n="171">exarsit facibus, stat miser obvios</l>
               <l n="172">fluctus ore petens, quos profugus latex</l>
               <l n="173">avertit sterili deficiens vado</l>
               <pb n="p.287"/>
               <l n="174">conantem que sequi deserit; hic bibit</l>
               <l n="175">altum de rapido gurgite pulverem. </l>
            </sp>
            <milestone n="176" unit="card"/>
            <sp who="#atreus satelles">
               <speaker>Atreus Satelles</speaker>
               <l n="176">Ignave, iners, enervis et (quod maximum</l>
               <l n="177">probrum tyranno rebus in summis reor)</l>
               <l n="178">inulte, post tot scelera, post fratris dolos</l>
               <l n="179">fasque omne raptum questibus vanis agis</l>
               <l n="180">iratus Atreus? fremere iam totus tuis </l>
               <l n="181">debebat armis orbis et geminum mare</l>
               <l n="182">utrimque classes agere, iam flammis agros</l>
               <l n="183">lucere et urbes decuit ac strictum undique</l>
               <l n="184">micare ferrum, tota sub nostro sonet</l>
               <l n="185">Argolica tellus equite; non silvae tegant </l>
               <l n="186">hostem nec altis montium structae iugis</l>
               <l n="187">arces; relictis bellicum totus canat</l>
               <l n="188">populus My cenis, quisquis invisum caput</l>
               <l n="189">tegit ac tuetur, clade funesta occidat,</l>
               <l n="190">haec ipsa pollens incliti Pelopis domus </l>
               <l n="191">ruat vel in me, dummodo in fratrem ruat.</l>
               <l n="192">age, anime, fac quod nulla posteritas probet,</l>
               <l n="193">sed nulla taceat, aliquod audendum est nefas</l>
               <l n="194">atrox, cruentum, tale quod frater meus</l>
               <l n="195">suum esse mallet— scelera non ulciscens, </l>
               <l n="196">nisi vineis, et quid esse tam saevum potest</l>
               <l n="197">quod superet illum? numquid abiectus iacet?</l>
               <l n="198">numquid secundis patitur in rebus modum,</l>
               <l n="199">fessis quietem? novi ego ingenium viri</l>
               <l n="200">indocile: flecti non potest— frangi potest. </l>
               <l n="201">proinde antequam se firmat aut vires parat,</l>
               <l n="202">petatur ultro, ne quiescentem petat.</l>
               <pb n="p.288"/>
               <l n="203">aut perdet aut peribit: in medio est scelus s</l>
               <l n="204" part="I">positum occupanti.</l>
            </sp>

            <sp who="#satelles">
               <speaker>Sat.</speaker>
               <l n="204b" part="F">Fama te populi nihil</l>

               <l n="205" part="I">adversa terret?</l>
            </sp> 
            <sp who="#atreus">
               <speaker>Atr.</speaker>
               <l n="205b" part="F">Maximum hoc regni bonum est, </l>
               <l n="206">quod facta domini cogitur populus sui</l>
               <l n="207" part="I">tam ferre quam laudare.</l>
            </sp> 
            <sp who="#satelles">
               <speaker>Sat.</speaker>
               <l n="207b" part="F">Quos cogit metus</l>
               <l n="208">laudare, eosdem reddit inimicos metus,</l>
               <l n="209">at qui favoris gloriam veri petit,</l>
               <l n="210">animo magis quam. voce laudari volet. </l>
            </sp>

            <sp who="#atreus">
               <speaker>Atr.</speaker>
               <l n="211">Laus vera et humili saepe contingit viro,</l>
               <l n="212">non nisi potenti falsa, quod nolunt velint.</l>
            </sp>

            <sp who="#satelles">
               <speaker>Sat.</speaker>
               <l n="213">Rex velit honesta: nemo non eadem volet.</l>
            </sp>

            <sp who="#atreus">
               <speaker>Atr.</speaker>
               <l n="214">Vbicumque tantum honesta dominanti licent,</l>
               <l n="215" part="I">precario regnatur.</l>
            </sp> 
            <sp who="#satelles">
               <speaker>Sat.</speaker>
               <l n="215b" part="F">Vbi non est pudor </l>
               <l n="216">nec cura iuris sanctitas pietas fides,</l>
               <l n="217" part="I">instabile regnum est.</l>
            </sp> 
            <sp who="#atreus">
               <speaker>Atr.</speaker>
               <l n="217b" part="F">Sanctitas pietas fides</l>
               <l n="218">privata bona sunt, qua iuvat reges eant.</l>
            </sp>

            <sp who="#satelles">
               <speaker>Sat.</speaker>
               <l n="219">Nefas nocere vel malo fratri puta.</l>
            </sp>

            <sp who="#atreus">
               <speaker>Atr.</speaker>
               <l n="220">Fas est in illo quicquid in fratre est nefas. </l>
               <l n="221">quid enim reliquit crimine intactum aut ubi</l>
               <l n="222">sceleri pepercit? coniugem stupro abstulit</l>
               <l n="223">regnumque furto: specimen antiquum imperi</l>
               <l n="224">fraude est adeptus, fraude turbavit domum,</l>
               <l n="225">est Pelopis altis nobile in stabulis pecus, </l>
               <l n="226">arcanus aries, ductor opulenti gregis,</l>
               <l n="227">huius per omne corpus effuso coma</l>
               <l n="228">dependet auro, cuius e tergo novi</l>
               <l n="229">aurata reges sceptra Tantalici gerunt;</l>
               <l n="230">possessor huius regnat, hunc tantae domus </l>
               <l n="231">fortuna sequitur, tuta seposita sacer</l>
               <l n="232">in parte carpit prata, quae cludit lapis</l>
               <l n="233">fatale saxeo pascuum muro tegens.</l>
               <pb n="p.289"/>
               <l n="234">hunc facinus ingens ausus assumpta in scelus</l>
               <l n="235">consorte nostri perfidus thalami avehit. </l>
               <l n="236">hinc omne cladis mutuae fluxit malum:</l>
               <l n="237">per regna trepidus exul erravi mea,</l>
               <l n="238">pars nulla generis tuta ab insidiis vacat,</l>
               <l n="239">corrupta coniunx, imperi quassa est fides,</l>
               <l n="240">domus aegra, dubius sanguis est— certi nihil </l>
               <l n="241">nisi frater hostis, quid stupes? tandem incipe</l>
               <l n="242">animosque sume: Tantalum et Pelopem aspice;</l>
               <l n="243">ad haec manus exempla poscuntur meae.</l>
               <l n="244">profare, dirum qua caput mactem via.</l>
            </sp>
            <milestone n="245" unit="card"/>
            <sp who="#satelles">
               <speaker>Sat.</speaker>
               <l n="245">Ferro peremptus spiritum inimicum expuat. </l>
            </sp>

            <sp who="#atreus">
               <speaker>Atr.</speaker>
               <l n="246">De fine poenae .loqueris; ego poenam volo.</l>
               <l n="247">perimat tyrannus lenis: in regno meo</l>
               <l n="248" part="I">mors impetratur.</l>
            </sp> 
            <sp who="#satelles">
               <speaker>Sat.</speaker>
               <l n="248b" part="F">Nulla te pietas movet?</l>
            </sp>

            <sp who="#atreus">
               <speaker>Atr.</speaker>
               <l n="249">Excede, Pietas, si modo in nostra domo</l>
               <l n="250">umquam fuisti, dira Furiarum cohors </l>
               <l n="251">discorsque Erinys veniat et geminas faces</l>
               <l n="252">Megaera quatiens: non satis magno meum</l>
               <l n="253">ardet furore pectus, impleri iuvat</l>
               <l n="254" part="I">maiore monstro.</l>
            </sp> 
            <sp who="#satelles">
               <speaker>Sat.</speaker>
               <l n="254b" part="F">Quid novi rabidus struis?</l>
            </sp>

            <sp who="#atreus">
               <speaker>Atr.</speaker>
               <l n="255">Nil quod doloris capiat assueti modus; </l>
               <l n="256">nullum relinquam facinus et nullum est satis.</l>
            </sp>


            <sp who="#satelles">
               <speaker>Sat.</speaker>
               <l n="257" part="I">Ferrum?</l>
            </sp> 
            <sp who="#atreus">
               <speaker>Atr.</speaker>
               <l n="257b" part="F">Parum est</l>
            </sp>
            <sp who="#satelles">
               <speaker>Sat.</speaker>
               <l n="275c" part="F">Quid ignis?</l>
            </sp>

            <sp who="#atreus">
               <speaker>Atr.</speaker>
               <l n="257d" part="F">Etiamnunc parum est.</l>
            </sp>

            <sp who="#satelles">
               <speaker>Sat.</speaker>
               <l n="258">Quonam ergo telo tantus utetur dolor?</l>
            </sp>


            <sp who="#atreus">
               <speaker>Atr.</speaker>
               <l n="259" part="I">Ipso Thyeste.</l>
            </sp> 
            <sp who="#satelles">
               <speaker>Sat.</speaker>
               <l part="F" n="259b">Maius hoc ira est malum.</l>
            </sp>

            <sp who="#atreus">
               <speaker>Atr.</speaker>
               <l n="260">Fateor, tumultus pectora attonitus quatit </l>
               <l n="261">penitusque volvit; rapior et quo nescio,</l>
               <l n="262">sed rapior. imo mugit e fundo solum,</l>
               <l n="263">tonat dies serenus ac totis domus</l>
               <l n="264">ut fracta tectis crepuit et. moti lares</l>
               <pb n="p.290"/>
               <l n="265">vertere voltum: fiat hoc, fiat nefas </l>
               <l n="266" part="I">quod. di. timebis,</l>
            </sp> 
            <sp who="#satelles">
               <speaker>Sat.</speaker>
               <l n="266b" part="F">Facere quid tandem paras?</l>
            </sp>

            <sp who="#atreus">
               <speaker>Atr.</speaker>
               <l n="267">Nescio quid animo maius et solito amplius</l>
               <l n="268">supraque fines moris humani tumet</l>
               <l n="269">instatque pigris manibus— haud quid sit scio,</l>
               <l n="270">sed grando quiddam est. ita sit. hoc, anime, occupa. </l>
               <l n="271">dignum est Thyeste facinus et dignum Atreo:</l>
               <l n="272">quod uterque faciat, vidit infandae domus</l>
               <l n="273">Odrysia mensas— fateor, immane est scelus,</l>
               <l n="274">sed occupatum: maius hoc aliquid dolor</l>
               <l n="275">inveniat, animum Baulis inspira parens </l>
               <l n="276">sororque; causa est similis: assiste et manum</l>
               <l n="277">impelle nostram, liberos avidus pater</l>
               <l n="278">gaudetque Iaceret et suos artus edat.</l>
               <l n="279">bene est, abunde est. hic placet poenae modus</l>
               <l n="280">tantisper, ubinam est? tam diu cur innocens </l>
               <l n="281">versatur Atreus? tota iam ante oculos meos</l>
               <l n="282">imago caedis errat, ingesta orbitas</l>
               <l n="283">in ora patris— anime, quid rursus times</l>
               <l n="284">et ante rem subsidis? audendum est, age:</l>
               <l n="285">quod est in isto scelere praecipuum nefas, </l>
               <l n="286" part="I">hoc ipse faciet,</l>
            </sp> 
            <sp who="#satelles">
               <speaker>Sat.</speaker>
               <l n="286b" part="F">Sed quibus captus dolis</l>
               <l n="287">nostros dabit perductus in laqueos pedem?</l>
               <l n="288" part="I">inimica credit cuncta,</l>
            </sp> 
            <sp who="#atreus">
               <speaker>Atr.</speaker>
               <l n="288b" part="F">Non poterat capi,</l>
               <l n="289">nisi capere vellet, regna nune sperat mea:</l>
               <l n="290">hac spe minanti fulmen occurret Iovi, </l>
               <l n="291">hac spe subibit gurgitis tumidi minas</l>
               <l n="292">dubiumque Libycae Syrtis intrabit fretum,</l>
               <l n="293">hac spe, quod esse maximum retur malum,</l>
               <l n="294" part="I">fratrem videbit.</l>
            </sp> 
            <sp who="#satelles">
               <speaker>Sat.</speaker>
               <l n="294b" part="F">Quis fidem pacis dabit?</l>
               <l n="295" part="I">cui tanta credet?</l>
            </sp> 
            <sp who="#atreus">
               <speaker>Atr.</speaker>
               <l n="295b" part="F">Credula est spes improba. </l>
               <pb n="p.291"/>
               <l n="296">gnatis tamen mandata quae patruo ferant</l>
               <l n="297">dabimus: relictis exul hospitiis vagus</l>
               <l n="298">regno ut miserias mutet atque Argos regat</l>
               <l n="299">ex parte dominus, si nimis durus preces</l>
               <l n="300">spernet Thyestes, liberos eius rudes</l>
               <l n="301">malisque fessos gravibus et faciles capi</l>
               <l n="302">prece commovebunt: hinc vetus regni furor,</l>
               <l n="303">illinc egestas tristis ac durus labor</l>
               <l n="304">quamvis rigentem tot malis subigent virum.</l>
            </sp>
            <milestone n="305" unit="card"/>
            <sp who="#satelles">
               <speaker>Sat.</speaker>
               <l n="305">Iam tempus illi fecit aerumnas leves. </l>
            </sp>

            <sp who="#atreus">
               <speaker>Atr.</speaker>
               <l n="306">Erras: malorum sensus accrescit die.</l>
               <l n="307">leve est miserias ferre, perferre est grave</l>
            </sp>

            <sp who="#satelles">
               <speaker>Sat.</speaker>
               <l n="308">Alios ministros consili tristis lege.</l>
            </sp>

            <sp who="#atreus">
               <speaker>Atr.</speaker>
               <l n="309">Peiora iuvenes facile praecepta audiunt.</l>
            </sp>

            <sp who="#satelles">
               <speaker>Sat.</speaker>
               <l n="310">In patre facient quicquid in patruo doces: </l>
               <l n="311">saepe in magistrum scelera redierunt sua.</l>
            </sp>

            <sp who="#atreus">
               <speaker>Atr.</speaker>
               <l n="312">Vt nemo doceat fraudis et sceleris vias,</l>
               <l n="313">regnum docebit, ne mali fiant times?</l>
               <l n="314">nascuntur, istud quod vocas saevum asperum</l>
               <l n="315">agique dure credis et nimium impie, </l>
               <l n="316" part="I">fortasse et illic agitur,</l>
            </sp> 
            <sp who="#satelles">
               <speaker>Sat.</speaker>
               <l n="316b" part="F">Hanc fraudem scient</l>
               <l n="317" part="I">nati parari?</l>
            </sp> 
            <sp who="#atreus">
               <speaker>Atr.</speaker>
               <l n="317b" part="F">Tacita tam rudibus fides</l>
               <l n="318">non est in annis; detegent forsan dolos:</l>
               <l n="319">tacere multis discitur vitae malis.</l>
               <l n="320">SAT,. Ipsosque per quos fallere alium cogitas </l>
               <l n="321" part="I">falles?</l>
            </sp> 
            <sp who="#atreus">
               <speaker>Atr.</speaker>
               <l n="321b" part="F">Vt ipsi crimine et culpa vacent,</l>
               <l n="322">quid enim necesse est liberos sceleri meos</l>
               <l n="323">inserere? per nos odia se nostra explicent.—</l>
               <l n="324">male agis, recedis, anime: si parcis tuis,</l>
               <pb n="p.292"/>
               <l n="325">parces et illis, consili Agamemnon mei </l>
               <l n="326">sciens minister fiat et fratri sciens</l>
               <l n="327">Menelaus adsit, prolis incertae fides</l>
               <l n="328">ex hoc petatur scelere: si bella abnuunt</l>
               <l n="329">et gerere nolunt odia. si patruum vocant.</l>
               <l n="330">pater est, eatur.—— multa sed trepidus solet </l>
               <l n="331">detegere vultus, magna nolentem quoque</l>
               <l n="332">consilia produnt: nesciant quantae rei</l>
               <l n="333">fiant ministri, nostra tu coepta occides.</l>
            </sp>

            <sp who="#satelles">
               <speaker>Sat.</speaker>
               <l n="334">Haud sum monendus: ista nostro in pectore</l>
               <l n="335">fides timorque, sed magis claudet fides. </l>
            </sp>

            <sp who="#chorus">
               <speaker>Chorus</speaker>
               <l n="336">
                  <del>Tandem regia nobilis,</del>
               </l>
               <l n="337">
                  <del>antiqui genus Inachi,</del>
               </l>
               <l n="338">
                  <del>fratrum composuit minas.</del>
               </l>
               <l n="339">Quis vos exagitat furor,</l>
               <l n="340">alternis dare sanguinem </l>
               <l n="341">et sceptrum scelere aggredi?</l>
               <l n="342">nescitis, cupidi arcium,</l>
               <l n="343">regnum qua iaceat loco.</l>
               <l n="344">regem non faciunt opes,</l>
               <l n="345">non vestis Tyriae color, </l>
               <l n="346">non frontis nota regiae,</l>
               <l n="347">non auro nitidae trabes:</l>
               <l n="348">rex est qui posuit metus</l>
               <pb n="p.293"/>
               <l n="349">et diri mala pectoris,</l>
               <l n="350">quem non ambitio inpotens </l>
               <l n="351">et numquam stabilis favor</l>
               <l n="352">vulgi praecipitis movet,</l>
               <l n="353">non quicquid fodit Occideris</l>
               <l n="354">ant unda Tagus aurea</l>
               <l n="355">claro devenit alveo, </l>
               <l n="356">non quicquid Libycis terit</l>
               <l n="357">fervens area messibus,</l>
               <l n="358">quem non concutiet cadens</l>
               <l n="359">obliqui via fulminis,</l>
               <l n="360">non Eurus rapiens mare </l>
               <l n="361">aut saevo rabidus freto</l>
               <l n="362">ventosi tumor Hadriae,</l>
               <l n="363">quem non lancea militis,</l>
               <l n="364">non strictas domuit chalybs,</l>
               <l n="365">qui tuto positus loco </l>
               <l n="366">infra se videt omnia</l>
               <l n="367">occurritque suo libens</l>
               <l n="368">fato nec queritur mori.</l>
               <l n="369">Reges conveniant licet</l>
               <l n="370">qui sparsos agitant Dabas, </l>
               <l n="371">qui rubri vada litoris</l>
               <l n="372">et gemmis mare lucidis</l>
               <l n="373">late sanguineum tenent,</l>
               <l n="374">aut qui Caspia fortibus</l>
               <l n="375">recludunt iuga Sarmatis, </l>
               <l n="376">certet Danuvii vadum</l>
               <l n="377">audet qui pedes ingredi</l>
               <l n="378">et (quocumque loco iacent)</l>
               <l n="379">Seres vellere nobiles: </l>

               <l n="381">nil ullis opus est equis, </l>
               <l n="382">nil armis et inertibus</l>
               <pb n="p.294"/>
               <l n="383">telis quae procul ingerit</l>
               <l n="384">Parthus, cum simulat fugas,</l>
               <l n="385">admotis nihil est opus </l>
               <l n="386">urbes sternere machinis,</l>
               <l n="387">longe saxa rotantibus. </l>

               <l n="380">mens regnum bona possidet. </l>

               <l n="388">
                  <del>rex est qui metuit nihil, </del>
               </l>
               <l n="389">
                  <del>rex est qui cupiet nihil.</del>
               </l>
               <l n="390">hoc regnum sibi quisque dat. </l>
               <l n="391">Stet quicumque volet potens</l>
               <l n="392">aulae culmine lubrico:</l>
               <l n="393">me dulcis saturet quies;</l>
               <l n="394">obscuro positus loco</l>
               <l n="395">leni perfruar otio, </l>
               <l n="396">nullis nota Quiritibus</l>
               <l n="397">aetas per tacitum fluat.</l>
               <l n="398">sic cum transierint mei</l>
               <l n="399">nullo cum strepitu dies.</l>
               <l n="400">plebeius moriar senex. </l>
               <l n="401">illi mors gravis incubat</l>
               <l n="402">qui, notus nimis omnibus,</l>
               <l n="403">ignotus moritur sibi.</l>
            </sp>
            <milestone n="404" unit="card"/>
            <sp who="#thyestes tantalus">
               <speaker>Thyestes Tantalus Plisthenes Tacitus</speaker>
               <l n="404">Optata patriae tecta et Argolicas opes</l>
               <l n="405">miserisque summum ac maxime exulibus bonum,</l>
               <l n="406">tractum soli natalis et patrios deos</l>
               <l n="407">(si sunt tamen di) cerno, Cyclopum sacras</l>
               <l n="408">turres, labore maius humano decus,</l>
               <pb n="p.295"/>
               <l n="409">celebrata iuveni stadia, per quae nobilis</l>
               <l n="410">palmam paterno non semel curru tuli. </l>
               <l n="411">occurret Argos, populus occurret frequens—</l>
               <l n="412">sed nempe et Atreus. repete silvestres fugas</l>
               <l n="413">saltusque densos potius et mixtam feris</l>
               <l n="414">similemque vitam; clarus hic regni nitor</l>
               <l n="415">fulgore non est quod oculos falso auferat: </l>
               <l n="416">cum quod datur spectabis, et dantem aspice.</l>
               <l n="417">modo inter illa, quae putant cuncti aspera,</l>
               <l n="418">fortis fui laetusque; nunc contra in metus</l>
               <l n="419">revolvor: animus haeret ac retro cupit</l>
               <l n="420">corpus referre, moveo nolentem gradum. </l>
            </sp> 
            <sp who="#tantalus">
               <speaker>Tant.</speaker>
               <l n="421">Pigro (quid hoc est?) genitor incessu stupet</l>
               <l n="422">vultumque versat seque in incerto tenet.</l>
            </sp>

            <sp who="#thyestes">
               <speaker>Thy.</speaker>
               <l n="423">Quid, anime, pendes quidve consilium diu</l>
               <l n="424">tam facile torques? rebus incertissimis,</l>
               <l n="425">fratri atque regno, credis ac metuis mala </l>
               <l n="426">iam victa, iam mansueta et aerumnas fugis</l>
               <l n="427">bene collocatas? esse iam miserum iuvat,</l>
               <l n="428">reflecte gressum, dum licet, teque eripe.</l>
               <l n="429">T AN T. Quae causa cogit, genitor, a patria gradum</l>
               <l n="430">referre visa? cur bonis tantis sinum </l>
               <l n="431">subducis? ira frater abiecta redit</l>
               <l n="432">partemque regni reddit et lacerae domus</l>
               <l n="433">componit artus teque restituit tibi.</l>
            </sp>

            <sp who="#thyestes">
               <speaker>Thy.</speaker>
               <l n="434">Causam timoris ipse quam ignoro exigis.</l>
               <l n="435">nihil timendum video, sed timeo tamen. </l>
               <l n="436">placet ire, pigris membra sed genibus labant</l>
               <l n="437">alioque quam quo nitor abductus feror,</l>
               <l n="438">sic concitatam remige et velo ratem</l>
               <l n="439">aestus resistens remigi et velo refert.</l>
            </sp>
	           <pb n="p.296"/>
            <sp who="#tantalus">
               <speaker>Tant.</speaker>
               <l n="440">Evince quicquid obstat et mentem impedit </l>
               <l n="441">reducemque quanta praemia expectent vide.</l>
               <l n="442" part="I">pater, potes regnare,</l>
            </sp> 
            <sp who="#thyestes">
               <speaker>Thy.</speaker>
               <l n="442b" part="F">Cum possim mori.</l>
            </sp>


            <sp who="#tantalus">
               <speaker>Tant.</speaker>
               <l n="443" part="I">Summa est potestas—</l>
            </sp> 
            <sp who="#thyestes">
               <speaker>Thy.</speaker>
               <l n="443b" part="F">Nulla: si cupias nihil.</l>
            </sp>


            <sp who="#tantalus">
               <speaker>Tant.</speaker>
               <l n="444" part="I">Gnatis relinques,</l>
            </sp> 
            <sp who="#thyestes">
               <speaker>Thy.</speaker>
               <l n="444b" part="F">Non capit regnum duos.</l>
            </sp>

            <sp who="#tantalus">
               <speaker>Tant.</speaker>
               <l n="445">Miser esse mavult esse qui felix potest? </l>
            </sp>

            <sp who="#thyestes">
               <speaker>Thy.</speaker>
               <l n="446">Mihi crede, falsis magna nominibus placent,</l>
               <l n="447">frustra timentur dura. dum excelsus steti,</l>
               <l n="448">numquam pavere destiti atque ipsum mei</l>
               <l n="449">ferrum timere lateris, o quantum bonum est</l>
               <l n="450">obstare nulli, capere securas dapes </l>
               <l n="451">humi iacentem! scelera non intrant casas,</l>
               <l n="452">totusque mensa capitur angusta cibus;</l>
               <l n="453">venenum in auro bibitur— expertus loquor:</l>
               <l n="454">malam bonae praeferre fortunam licet.</l>
               <l n="455">non vertice alti montis impositam domum </l>
               <l n="456">et eminentem civitas humilis tremit</l>
               <l n="457">nec fulget altis splendidum tectis ebur</l>
               <l n="458">somnosque non defendit excubitor meos;</l>
               <l n="459">non classibus piscamur et retro mare</l>
               <l n="460">iacta fugamus mole nec ventrem improbum </l>
               <l n="461">alimus tributo gentium, nullus mihi</l>
               <l n="462">ultra Getas metatur et Parthos ager;</l>
               <l n="463">non ture colimur nec meae excluso Iove</l>
               <l n="464">ornantur arae; nulla culminibus meis</l>
               <l n="465">imposita nutat silva nec fumant manu </l>
               <l n="466">succensa multa stagna nec somno dies</l>
               <l n="467">Bacchoque nox iungenda pervigil! datur:</l>
               <l n="468">sed non timemur, tuta sine telo est domus</l>
               <l n="469">rebusque parvis magna praestatur quies—</l>
               <l n="470">immane regnum est posse sine regno pati. </l>
            </sp>
            <milestone n="471" unit="card"/>
            <sp who="#tantalus">
               <speaker>Tant.</speaker>
               <l n="471">Nec abnuendum, si dat imperium deus,</l>
               <pb n="p.297"/>
               <l n="472">nec appetendum est: frater ut regnes rogat.</l>
            </sp>

            <sp who="#thyestes">
               <speaker>Thy.</speaker>
               <l n="473">Rogat? timendum est. errat hic aliquis dolus.</l>
            </sp>

            <sp who="#tantalus">
               <speaker>Tant.</speaker>
               <l n="474">Redire pietas unde submota est solet</l>
               <l n="475">reparatque vires iustus amissas amor. </l>
            </sp>

            <sp who="#thyestes">
               <speaker>Thy.</speaker>
               <l n="476">Amat Thyesten frater? aetherias prius</l>
               <l n="477">perfundet Arctos pontus et Siculi rapax</l>
               <l n="478">consistet aestus unda et Ionio seges</l>
               <l n="479">matura pelago surget et lucem dabit</l>
               <l n="480">nox atra terris, ante cum flammis aquae. </l>
               <l n="481">cum morte vita. cum mari ventus fidem</l>
               <l n="482" part="I">foedusque iungent.</l>
            </sp> 
            <sp who="#tantalus">
               <speaker>Tant.</speaker>
               <l n="482b" part="F">Quam tamen fraudem times?</l>
            </sp>

            <sp who="#thyestes">
               <speaker>Thy.</speaker>
               <l n="483">Omnem: timori quem meo statuam modum?</l>
               <l n="484" part="I">tantum potest quantum odit.</l>
            </sp> 
            <sp who="#tantalus">
               <speaker>Tant.</speaker>
               <l n="484b" part="F">In te quid potest?</l>
            </sp>

            <sp who="#thyestes">
               <speaker>Thy.</speaker>
               <l n="485">Pro me nihil iam metuo: vos facitis mihi </l>
               <l n="486" part="I">Atrea timendum,</l>
            </sp> 
            <sp who="#tantalus">
               <speaker>Tant.</speaker>
               <l n="486b" part="F">Decipi cautus times?</l>
            </sp>

            <sp who="#thyestes">
               <speaker>Thy.</speaker>
               <l n="487">Serum est cavendi tempus in mediis malis:</l>
               <l n="488">eatur. unum genitor hoc testor tamen:</l>
               <l n="489" part="I">ego vos sequor, non duco.</l>
            </sp> 
            <sp who="#tantalus">
               <speaker>Tant.</speaker>
               <l n="489b" part="F">Respiciet deus</l>
               <l n="490">bene cogitata, perge non dubio gradu. </l>
            </sp>

            <sp who="#atreus thyestes tantalus">
               <speaker>Atreus Thyestes Tantalus Plisthenes Taciti</speaker>
               <l n="491">Plagis tenetur clausa dispositis fera:</l>
               <l n="492">et ipsum et una generis invisi indolem</l>
               <l n="493">iunctam parenti cerno, iam tuto in loco</l>
               <l n="494">vorsantur odia. venit in nostras manus</l>
               <l n="495">tandem Thyestes, venit, et totus quidem. </l>
               <l n="496">vix tempero animo, vix dolor frenos capit</l>
               <l n="497">sic, cum feras vestigat et longo sagax</l>


               <pb n=""/>
               <l n="498">loro tenetur Vmber ac presso vias</l>
               <l n="499">scrutatur ore, dum procul lento suem</l>

               <l n="500">odore sentit, paret et tacito locum </l>
               <l n="501">rostro pererrat; praeda cum propior fuit,</l>
               <l n="502">cervice tota pugnat et gemitu vocat</l>
               <l n="503">dominum morantem seque retinenti eripit:</l>
               <l n="504">cum sperat ira sanguinem, nescit tegi;</l>
               <l n="505">tamen tegatur. aspice, ut multo gravis </l>
               <l n="506">squalore vultus obruat maestos coma,</l>
               <l n="507">quam foeda iaceat barba, praestetur fides—</l>
               <l n="508">fratrem iuvat videre, complexus mihi</l>
               <l n="509">redde expetitos. quicquid irarum fuit</l>
               <l n="510">transierit; ex hoc sanguis ac pietas die </l>
               <l n="511">colantur, animis odia damnata excidant.</l>
            </sp>

            <sp who="#thyestes">
               <speaker>Thy.</speaker>
               <l n="512">Diluere possem cuncta, nisi talis fores.</l>
               <l n="513">sed fateor, Atreu, fateor, admisi omnia</l>
               <l n="514">quae credidisti, pessimam causam meam</l>
               <l n="515">hodierna, pietas fecit, est prorsus nocens </l>
               <l n="516">quicumque visus tam bono fratri est nocens.</l>
               <l n="517">lacrimis agendum est: supplicem primus vides;</l>
               <l n="518">hae te precantur pedibus intactae manus:</l>
               <l n="519">ponatur omnis ira et ex animo tumor</l>
               <l n="520">erasus abeat. obsides fidei accipe </l>
               <l n="521" part="I">hos innocentes, frater,</l>
            </sp> 
            <sp who="#atreus">
               <speaker>Atr.</speaker>
               <l n="521b" part="F">A genibus manum</l>
               <l n="522">aufer meosque potius amplexus pete.</l>
               <l n="523">vos quoque, senum praesidia, tot iuvenes, meo</l>
               <l n="524">pendete collo, squalidam vestem exue</l>
               <l n="525">oculisque nostris parce et ornatus cape </l>
               <l n="526">pares meis. laetusque fraterni imperi</l>
               <l n="527">capesse partem, maior haec laus est mea,</l>
               <l n="528">fratri paternum reddere incolumi decus:</l>
               <l n="529">habere regnum casus est, virtus dare.</l>
            </sp>
            <milestone n="530" unit="card"/>
            <sp who="#thyestes">
               <speaker>Thy.</speaker>
               <l n="530">Di paria, frater, pretia pro tantis tibi </l>
               <pb n="p.299"/>
               <l n="531">meritis rependant. regiam capitis notam</l>
               <l n="532">squalor recusat noster et sceptrum manus</l>
               <l n="533">infausta refugit, liceat in media mihi</l>
               <l n="534" part="I">latere turba,</l>
            </sp> 
            <sp who="#atreus">
               <speaker>Atr.</speaker>
               <l n="534b" part="F">Recipit hoc regnum duos.</l>
            </sp>

            <sp who="#thyestes">
               <speaker>Thy.</speaker>
               <l n="535">Meum esse credo quicquid est, frater, tuum. </l>
            </sp>

            <sp who="#atreus">
               <speaker>Atr.</speaker>
               <l n="536">Quis influentis dona fortunae abnuit?</l>
            </sp>

            <sp who="#thyestes">
               <speaker>Thy.</speaker>
               <l n="537">Expertus est quicumque quam facile effluant.</l>
            </sp>

            <sp who="#atreus">
               <speaker>Atr.</speaker>
               <l n="538">Fratrem potiri gloria ingenti vetas?</l>
            </sp>

            <sp who="#thyestes">
               <speaker>Thy.</speaker>
               <l n="539">Tua iam peracta gloria est, restat mea:</l>
               <l n="540">respuere certum est regna consilium mihi. </l>
            </sp>

            <sp who="#atreus">
               <speaker>Atr.</speaker>
               <l n="541">Meam relinquam, nisi tuam partem accipis.</l>
            </sp>

            <sp who="#thyestes">
               <speaker>Thy.</speaker>
               <l n="542">Accipio: regni nomen impositi feram,</l>
               <l n="543">sed iura et arma servient mecum tibi.</l>
            </sp>

            <sp who="#atreus">
               <speaker>Atr.</speaker>
               <l n="544">Imposita capiti vincla venerando gere;</l>
               <l n="545">ego destinatas victimas superis dabo. </l>
            </sp>

            <sp who="#chorus">
               <speaker>Chorus</speaker>
               <l n="546">Credat hoc quisquam? ferus ille et acer</l>
               <l n="547">nec potens mentis truculentus Atreus</l>
               <l n="548">fratris aspectu stupefactus haesit,</l>
               <l n="549">nulla vis maior pietate vera est:</l>
               <l n="550">iurgia externis inimica durant, </l>
               <l n="551">quos amor verus tenuit, tenebit</l>
               <l n="552">ira cum magnis agitata causis</l>
               <l n="553">gratiam rupit cocinitque bellum,</l>
               <l n="554">cum leves frenis sonuere turmae,</l>
               <l n="555">fulsit hinc illinc agitatus ensis </l>
               <l n="556">quem movet crebro furibundus ictu</l>
               <l n="557">sanguinem Mavors cupiens recentem:</l>
               <l n="558">opprimit ferrum manibusque iunctis</l>
               <l n="559">ducit ad pacem Pietas negantes.</l>
               <l n="560">Otium tanto subitum e tumultu </l>
               <l n="561">quis deus fecit? modo per Mycenas</l>
               <pb n="p.300"/>
               <l n="562">arma civilis' crepuere belli:</l>
               <l n="563">pallidae natos tenuere matres;</l>
               <l n="564">uxor armato timuit marito,</l>

               <l n="565">cum manum invitus sequeretur ensis, </l>
               <l n="566">sordidus pacis vitio quietae;</l>
               <l n="567">ille labentes renovare muros,</l>
               <l n="568">hic situ quassas stabilire turres,</l>
               <l n="569">ferreis portas cohibere claustris</l>

               <l n="570">ille certabat, pavidusque pinnis </l>
               <l n="571">anxiae noctis vigil incnbabat:</l>
               <l n="572">peior est bello timor ipse belli.</l>
               <l n="573">Iam minae saevi cecidere ferri,</l>
               <l n="574">iam silet murmur grave classicorum,</l>
               <l n="575">iam tacet stridor litui strepentis: </l>
               <l n="576">alta pax urbi revocata, laetae est.</l>
               <l n="577">sic, ubi ex alto tumuere fluctus</l>
               <l n="578">Bruttium Coro feriente pontum,</l>
               <l n="579">Scylla pulsati s resonat cavernis</l>
               <l n="580">ac mare in portu timuere nautae </l>
               <l n="581">quod rapax haustum revomit Charybdis,</l>
               <l n="582">et ferus Cyclops metuit parentem</l>
               <l n="583">rupe ferventis residens in Aetnae,</l>
               <l n="584">ne superfusis violator undis</l>
               <l n="585">ignis aeternis resonans caminis, </l>
               <l n="586">et putat mergi sua posse pauper</l>
               <l n="587">regna Laertes Ithaca tremente:</l>
               <l n="588">si suae ventis cecidere vires,</l>
               <l n="589">mitius stagno pelagus recumbit;</l>
               <l n="590">alta, quae navis timuit secare, </l>
               <l n="591">hinc et hinc fusis speciosa velis</l>
               <l n="592">strata ludenti patuere cumbae,</l>
               <pb n="p.301"/>
               <l n="593">et vacat mersos numerare pisces</l>
               <l n="594">hic ubi ingenti modo sub procella</l>
               <l n="595">Cycladas pontum timuere motae. </l>
               <l n="596">Nulla sors longa est: dolor ac voluptas</l>
               <l n="597">invicem cedunt; brevior voluptas,</l>
               <l n="598">ima permutat levis hora summis:</l>
               <l n="599">ille qui donat diadema fronti,</l>
               <l n="600">quem genu nixae tremuere gentes, </l>
               <l n="601">cuius ad nutum posuere bella</l>
               <l n="602">Medus et Phoebi propioris Indus</l>
               <l n="603">et Dahae-Parthis equitem minati,</l>
               <l n="604">anxius sceptrum tenet et moventes</l>
               <l n="605">cuncta divinat metuitque casus </l>
               <l n="606">mobiles rerum dubiumque tempus.</l>
               <l n="607">Vos quibus rector maris atque terrae</l>
               <l n="608">ius dedit magnum necis atque vitae,</l>
               <l n="609">ponite inflatos tumidosque vultus:</l>
               <l n="610">quicquid a vobis minor expavescit, </l>
               <l n="611">maior hoc vobis dominus minatur;</l>
               <l n="612">omne sub regno graviore regnum est.</l>
               <l n="613">quem dies vidit veniens superbum,</l>
               <l n="614">hunc dies vidit fugiens iacentem.</l>
               <l n="615">Nemo confidat nimium secundis, </l>
               <l n="616">nemo desperet meliora lassis:</l>
               <l n="617">miscet haec illis prohibetque Clotho</l>
               <l n="618">stare Fortunam, rotat omne fatum,</l>
               <l n="619">nemo tam divos habuit faventes,</l>
               <l n="620">crastinum ut posset sibi polliceri: </l>
               <l n="621">res deus nostras celeri citatas</l>
               <l n="622">turbine versat.</l>
               <pb n="p.302"/>
               <l n="623">Quis me per auras turbo praecipitem vehet-</l>
               <l n="624">atraque nube involvet, ut tantum nefas</l>
               <l n="625">eripiat oculis? o domus Pelopi quoque </l>
               <l n="626" part="I">et Tantalo pudenda!</l>
            </sp> 
            <sp who="#chorus">
               <speaker>Chor.</speaker>
               <l n="626b" part="F">Quid portas novi?</l>
            </sp>
            <milestone n="627" unit="card"/>
            <sp who="#nuntius">
               <speaker>Nvnt.</speaker>
               <l n="627">Quaenam ista regio est? Argos et Sparte, pios</l>
               <l n="628">sortita fratres, et maris gemini premens</l>
               <l n="629">fauces Corinthos, an feris Hister fugam</l>
               <l n="630">praebens Alanis, an sub aeterna nive </l>
               <l n="631">Hyrcana tellus an vagi passim Scythae?</l>
               <l n="632">quis hic nefandi est conscius monstri locus?</l>
            </sp>

            <sp who="#chorus">
               <speaker>Chor.</speaker>
               <l n="633">Effare et istud pande, quodcumque est, malum.</l>
            </sp>

            <sp who="#nuntius">
               <speaker>Nvnt.</speaker>
               <l n="634">Si steterit animus, si metu corpus rigens</l>
               <l n="635">remittet artus, haeret in vultu trucis </l>
               <l n="636">imago facti, ferte me insanae procul,</l>
               <l n="637">illo, procellae, ferte quo fertur dies</l>
               <l n="638" part="I">hinc raptus,</l>
            </sp> 
            <sp who="#chorus">
               <speaker>Chor.</speaker>
               <l n="638b" part="F">Animos gravius incertos tenes,</l>
               <l n="639">quid sit quod horres ede et auctorem indica:</l>
               <l n="640">non quaero quis sit, sed uter. effare ocius. </l>
            </sp>

            <sp who="#nuntius">
               <speaker>Nvnt.</speaker>
               <l n="641">In arce summa Pelopiae pars est domus</l>
               <l n="642">conversa ad austros, cuius extremum latus</l>
               <l n="643">aequale monti crescit atque urbem premit</l>
               <l n="644">et contumacem regibus populum suis</l>
               <l n="645">habet sub ictu; fulget hic turbae capax </l>
               <l n="646">immane. tectum-, cuius auratas trabes</l>
               <l n="647">variis columnae nobiles maculis ferunt,</l>
               <l n="648">post ista vulgo nota, quae populi colunt,</l>
               <l n="649">in multa dives spatia discedit domus;</l>
               <l n="650">arcana in imo regio secessu iacet, </l>
               <l n="651">alta vetustum valle compescens nemus,</l>
               <l n="652">penetrale regni, nulla qua laetos solet</l>
               <pb n="p.303"/>
               <l n="653">praebere ramos arbor aut ferro coli,</l>
               <l n="654">sed taxus et cupressus et nigra ilice</l>

               <l n="655">obscura natat silva, quam supra eminens </l>
               <l n="656">despectat alte quercus et vincit nemus.</l>
               <l n="657">hinc suspicari regna Tantalidae solent,</l>
               <l n="658">hinc petere lassis rebus ac dubiis opem.</l>
               <l n="659">affixa inhaerent dona: vocales tubae</l>
               <l n="661">victaeque falsis axibus pendent rotae </l>

               <l n="660">fractique currus", spolia Myrtoi maris </l>
               <l n="662">et omne gentis facinus; hoc Phrygius loco</l>
               <l n="663">fixus tiaras Pelopis, hic praeda hostium</l>
               <l n="664">et de triumpho picta barbarico chlamys.</l>

               <l n="665">fons stat sub umbra tristis et nigra piger </l>
               <l n="666">haeret palude: talis est dirae Stygis </l>
               <l n="667">deformis unda quae facit caelo fidem.</l>
               <l n="668">hinc nocte caeca gemere feralis deos</l>
               <l n="669">fama est, catenis lucus excussis sonat</l>
               <l n="670">ululantque manes, quicquid - audire est metus </l>
               <l n="671">illic videtur: errat antiquis vetus</l>
               <l n="672">emissa bustis turba et insultent loco</l>
               <l n="673">maiora notis monstra; quin tecta solet</l>
               <l n="674">micare silva flamma, et excelsae trabes</l>
               <l n="675">ardent sine igne. saepe latratu nemus </l>
               <l n="676">trino remugit, saepe simulacris domus</l>
               <l n="677">attonita magnis, nec dies sedat metum:</l>
               <l n="678">nox propria luco est et superstitio inferum</l>
               <l n="679">in luce media regnat, hinc orantibus</l>
               <l n="680">responsa dantur certa, cum ingenti sono </l>
               <l n="681">laxantur adyto fata et inmugit specus</l>
               <l n="682">vocem deo solvente. quo postquam furens</l>
               <pb n="p.304"/>
               <l n="683">intravit Atreus liberos fratris trahens,</l>
               <l n="684">ornantur arae— quis queat digne eloqui?</l>
               <l n="685">post terga iuvenum nobiles religat manus </l>
               <l n="686">et maesta vitta capita purpurea ligat;</l>
               <l n="687">non tura desunt, non sacer Bacchi liquor</l>
               <l n="688">tangensque salsa victimam culter mola.</l>
               <l n="689">servatur omnis ordo, ne tantum nefas</l>
               <l n="690" part="I">non rite fiat.</l>
            </sp> 
            <sp who="#chorus">
               <speaker>Chor.</speaker>
               <l n="690b" part="F">Quis manum ferro admovet? </l>
            </sp>
            <milestone n="691" unit="card"/>
            <sp who="#nuntius">
               <speaker>Nvnt.</speaker>
               <l n="691">Ipse est sacerdos, ipse funesta prece</l>
               <l n="692">letale carmen ore violento canit,</l>
               <l n="693">stat ipse ad aras, ipse devotos neci</l>
               <l n="694">contrectat et componit et † ferro admovet;</l>
               <l n="695">attendit ipse: nulla pars sacri perit </l>
               <l n="696">lucus tremescit, tota succusso solo</l>
               <l n="697">nutavit aula, dubia quo pondus daret</l>
               <l n="698">ac fluctuanti similis; e laevo aethere</l>
               <l n="699">atrum cucurrit limitem sidus trahens.</l>
               <l n="700">libata in ignes vina mutato fluunt </l>
               <l n="701">cruenta Baccho., regium capiti decus</l>
               <l n="702">bis terque lapsum est, flevit in templis ebur.</l>
               <l n="703">movere cunctos monstra, sed solus sibi</l>
               <l n="704">immotus Atreus constat atque ultro deos</l>

               <l n="705">terret minantes, iamque dimissa mora </l>
               <l n="706">adsistit aris, torvum et obliquum intuens.</l>
               <l n="707">ieiuna silvis qualis in Gangeticis</l>
               <l n="708">inter iuvencos tigris erravit duos,</l>
               <l n="709">utriusque praedae cupida quo primum ferat</l>

               <l n="710">incerta morsus (flectit hoc rictus suos, </l>
               <l n="711">illo reflectit et famem dubiam tenet),</l>
               <l n="712">sic dirus Atreus capita devota impiae</l>
               <pb n="p.305"/>
               <l n="713">speculatur irae: quem prius mactet sibi</l>
               <l n="714">dubitat, secunda deinde quem caede immolet.</l>

               <l n="715">nec interest, sed dubitat et saevum scelus </l>
               <l n="716" part="I">iuvat ordinare.</l>
            </sp> 
            <sp who="#chorus">
               <speaker>Chor.</speaker>
               <l n="716b" part="F">Quem tamen ferro occupat?</l>
            </sp>

            <sp who="#nuntius">
               <speaker>Nvnt.</speaker>
               <l n="717">Primus locus (ne desse pietatem putes)</l>
               <l n="718">aro dicatur: Tantalus prima hostia est.</l>
            </sp>

            <sp who="#chorus">
               <speaker>Chor.</speaker>
               <l n="719">Quo iuvenis animo, quo tulit vultu necem?</l>
            </sp>

            <sp who="#nuntius">
               <speaker>Nvnt.</speaker>
               <l n="720">Stetit sui securus et non est preces </l>
               <l n="721">perire frustra passus; ast illi ferus</l>
               <l n="722">in vulnere ensem abscondit et penitus premens</l>
               <l n="723">iugulo manum commisit: educto stetit</l>
               <l n="724">ferro cadaver, cumque dubitasset diu,</l>
               <l n="725">hac parte an illa caderet, in patruum cadit. </l>
               <l n="726">tunc ille ad aras Plisthenem saevus trahit</l>
               <l n="727">adicitque fratri; colla percussa amputat;</l>
               <l n="728">cervice caesa truncus in pronum ruit,</l>
               <l n="729">querulum cucurrit murmure incerto caput.</l>
            </sp>

            <sp who="#chorus">
               <speaker>Chor.</speaker>
               <l n="730">Quid deinde gemina caede perfunctus facit? </l>
               <l n="731">puerone parcit an scelus sceleri ingerit?</l>
            </sp>

            <sp who="#nuntius">
               <speaker>Nvnt.</speaker>
               <l n="732">Silva iubatus qualis Armenia leo</l>
               <l n="733">in caede multa victor armento incubat</l>
               <l n="734">(cruore rictus madidus et pulsa fame</l>
               <l n="735">non ponit iras: hinc et hinc tauros premens </l>
               <l n="736">vitulis minatur dente iam lasso piger),</l>
               <l n="737">non aliter Atreus saevit atque ira tumet,</l>
               <l n="738">ferrumque gemina caede perfusum tenens,</l>
               <l n="739">oblitus in quem fureret, infesta manu</l>
               <l n="740">exegit ultra corpus— ut pueri statim </l>
               <l n="741">pectore receptus ensis in tergo extitit;</l>
               <l n="742">cadit ille et aras sanguine extinguens suo</l>
               <l n="743" part="I">per utrumque vulnus moritur.</l>
            </sp> 
            <sp who="#chorus">
               <speaker>Chor.</speaker>
               <l n="743b" part="F">O saevum scelus!</l>
            </sp>

            <sp who="#nuntius">
               <speaker>Nvnt.</speaker>
               <l n="744">Exhorruistis? hactenus si stat nefas,</l>
               <pb n="p.306"/>
               <l n="745" part="I">pius est.</l>
            </sp> 
            <sp who="#chorus">
               <speaker>Chor.</speaker>
               <l n="745b" part="F">An ultra maius aut atrocius </l>
               <l n="746" part="I">natura recipit?</l>
            </sp> 
            <sp who="#nuntius">
               <speaker>Nvnt.</speaker>
               <l n="746b" part="F">Sceleris hunc finem putas?</l>
               <l n="747" part="I">gradus est.</l>
            </sp> 
            <sp who="#chorus">
               <speaker>Chor.</speaker>
               <l n="747b" part="F">Quid ultra potuit? obiecit feris</l>
               <l n="748">lanianda forsan corpora atque igne arcuit?</l>
            </sp>
            <milestone n="749" unit="card"/>
            <sp who="#nuntius">
               <speaker>Nvnt.</speaker>
               <l n="749">Vtinam arcuisset! ne tegat functos humus</l>
               <l n="750">nec solvat ignis! avibus epulandos licet </l>
               <l n="751">ferisque triste pabulum saevis trahat—</l>
               <l n="752">votum est sub hoc quod esse supplicium solet:</l>
               <l n="753">pater insepultos spectet! o nullo scelus</l>
               <l n="754">credibile in aevo quodque posteritas neget—</l>
               <l n="755">erepta vivis exta pectoribus tremunt </l>
               <l n="756">spirantque venae corque adhuc pavidum salit;</l>
               <l n="757">at ille libras tractat ac fata inspicit</l>
               <l n="758">et adhuc calentes viscerum venas notat.</l>
               <l n="759">postquam hostiae placuere, securus vacat</l>
               <l n="760">iam fratris epulis: ipse divisum secat </l>
               <l n="761">in membra corpus, amputat trunco tenus</l>
               <l n="762">umeros patentis et lacertorum. moras,</l>
               <l n="763">denudat artus durus atque ossa amputat;</l>
               <l n="764">tantum ora servat et datas fidei manus.</l>
               <l n="765">haec veribus' haerent viscera et lentis data </l>
               <l n="766">stillant caminis, illa flammatus latex</l>
               <l n="767">querente aeno iactat, impositas dapes</l>
               <l n="768">transiluit ignis inque trepidantes focos</l>
               <l n="769">bis ter regestus et pati iussus moram</l>
               <l n="770">invitus ardet, stridet in veribus iecur; </l>
               <l n="771">nec facile dicam, corpora an flammae magis</l>
               <l n="772">gemuere. piceos ignis in fumos abit;</l>
               <l n="773">et ipse fumus, tristis ac nebula gravis,</l>
               <l n="774">non rectus exit seque in excelsum levat:</l>
               <l n="775">ipsos penates nube deformi obsidet. </l>
               <pb n="p.307"/>
               <l n="776">O Phoebe patiens, fugeris retro licet</l>
               <l n="777">medioque ruptum merseris caelo diem.</l>
               <l n="778">sero occidisti. lancinat gnatos pater</l>
               <l n="779">artusque mandit ore funesto suos;</l>
               <l n="780">nitet fluente madidus unguento comam </l>
               <l n="781">gravisque vino; saepe praeclusae cibum</l>
               <l n="782">tenuere fauces— in malis unum hoc tuis</l>
               <l n="783">bonum est, Thyesta, quod mala ignoras tua.</l>
               <l n="784">sed et hoc peribit, verterit currus licet</l>
               <l n="785">sibi ipse Titan obvium ducens iter </l>
               <l n="786">tenebrisque facinus obruat tetrum novis</l>
               <l n="787">nox missa ab ortu tempore alieno gravis,</l>
               <l n="788">tamen videndum est. tota patefient mala.</l>
            </sp>

            <sp who="#chorus">
               <speaker>Chorus</speaker>
               <l n="789">Quo terrarum superumque parem,</l>
               <l n="790">cuius ad ortus noctis opacae </l>
               <l n="791">decus omne fugit, quo vertis iter</l>
               <l n="792">medioque diem perdis Olympo?</l>
               <l n="793">cur, Phoebe, tuos rapis aspectus?</l>
               <l n="794">nondum serae nuntius horae</l>
               <l n="795">nocturna vocat lumina Vesper; </l>
               <l n="796">nondum Hesperiae flexura rotae</l>
               <l n="797">iubet emeritos solvere currus;</l>
               <l n="798">nondum in noctem vergente die</l>
               <l n="799">tertia misit bucina signum:</l>
               <l n="800">stupet ad subitae tempora cenae </l>
               <l n="801">nondum fessis bubus arator,</l>
               <l n="802">quid te aetherio pepulit cursu?</l>
               <pb n="p.308"/>
               <l n="803">quae causa tuos</l>
               <l n="804">limite certo deiecit equos?</l>
               <l n="805">numquid aperto carcere Ditis </l>
               <l n="806">victi temptant bella Gigantes?</l>
               <l n="807">numquid Tityos pectore fesso</l>
               <l n="808">renovat veteres saucius iras?</l>
               <l n="808b">num reiecto</l>
               <l n="809">latus explicuit monte Typhoeus?</l>

               <l n="810">numquid struitur via Phlegraeos </l>
               <l n="811">alta per hostes et Thessalicum</l>
               <l n="812">Thressa premitur Pelion Ossa?</l>
               <l n="813">solitae mundi periere vices?</l>
               <l n="814">nihil occasus, nihil ortus erit?</l>
               <l n="815">stupet Eoos </l>
               <l n="816">assueta deo tradere frenos</l>
               <l n="817">genetrix primae roscida lucis</l>
               <l n="818">perversa sui limina regni;</l>
               <l n="818b">nescit fessos</l>
               <l n="819">tinguere currus nec fumantes</l>

               <l n="820">sudore iubas mergere ponto. </l>
               <l n="821">ipse insueto novus hospitio</l>
               <l n="822">Sol Auroram videt occiduus,</l>
               <l n="823">tenebrasque iubet surgere nondum</l>
               <l n="824">nocte parata: non succedunt</l>
               <l n="825">astra nec ullo micat igne polus, </l>
               <l n="826">non Luna gravis digerit umbras.</l>
               <l n="827">Sed quicquid id est, utinam nox sit!</l>
               <l n="828">trepidant, trepidant</l>
               <l n="829">pectora magno percussa metu:</l>
               <l n="830">ne fatali cuncta ruina </l>
               <l n="831">quassata labent iterumque, deos</l>
               <l n="832">hominesque premat deforme chaos,</l>
               <l n="833">iterum terras et mare cingens</l>
               <pb n="p.309"/>
               <l n="834">et vaga picti sidera mundi</l>
               <l n="835">natura tegat. </l>
               <l n="836">non aeternae facis exortu</l>
               <l n="837">dux astrorum saecula ducens</l>
               <l n="838">dabit aestatis brumaeque notas,</l>
               <l n="839">non Phoebeis obvia flammis</l>
               <l n="840">dement nocti Luna timores </l>
               <l n="841">vincetque sui fratris habenas,</l>
               <l n="842">curro brevius limite currens;</l>
               <l n="842b">ibit in unum</l>
               <l n="843">congesta sinum turba deorum,</l>
               <l n="844">hic qui sacris pervius astris</l>

               <l n="845">secat obliquo tramite zonas </l>
               <l n="846">flectens longos signifer annos,</l>
               <l n="847">lapsa videbit sidera labens;</l>
               <l n="848">hic qui nondum vere benigno</l>
               <l n="849">reddit Zephyro- vela tepenti,</l>
               <l n="850">Aries praeceps ibit in undas, </l>
               <l n="851">per quas pavidam vexerat Hellen;</l>
               <l n="852">hic qui nitido Taurus cornu</l>
               <l n="853">praefert Hyadas, secum Geminos</l>
               <l n="854">trahet et curvi bracchia Cancri;</l>
               <l n="855">Leo flammiferis aestibus ardens </l>
               <l n="856">iterum e caelo cadet Herculens,</l>
               <l n="857">cadet in terras Virgo relictas</l>
               <l n="858">iustaeqne cadent pondera Librae</l>
               <l n="859">secumque trahent Scorpion acrem;</l>
               <l n="860">et qui nervo tenet Haemonio </l>
               <l n="861">pinnata senex spicula Chiron,</l>
               <l n="862">rupto perdet spicula nervo;</l>
               <l n="863">pigram referens hiemem gelidus</l>
               <l n="864">cadet Aegoceros frangetque tuam,</l>
               <l n="865">quisquis es, urnam; tecum excedent </l>
               <l n="866">ultima caeli sidera Pisces,</l>
               <pb n="p.310"/>
               <l n="867">Plostraque numquam perfusa mari</l>
               <l n="868">merget condens omnia gurges;</l>
               <l n="869">et qui medias dividit Vrsas,</l>
               <l n="870">fluminis instar lubricus Anguis </l>
               <l n="871">magnoque minor iuncta Draconi</l>
               <l n="872">frigida duro. Cynosura gelu,</l>
               <l n="873">custosque sui tardus plaustri</l>
               <l n="874">iam non stabilis ruet Arctophylax.</l>
               <l n="875">Nos e tanto visi populo </l>
               <l n="876">digni premeret quos everso</l>
               <l n="877">cardine mundus?</l>
               <l n="878">in nos aetas ultima venit?</l>
               <l n="879">o nos dura sorte creatos,</l>
               <l n="880">seu perdidimus solem miseri, </l>
               <l n="881">sive expulimus!</l>
               <l n="882">abeant questus, discedo, timor:</l>
               <l n="883">vitae est avidus quisquis non vult</l>
               <l n="884">mundo secum pereunte mori.</l>
            </sp>
            <milestone n="885" unit="card"/>
            <sp who="#atreus">
               <speaker>Atreus</speaker>
               <l n="885">Aequalis astris gradior et cunctos super </l>
               <l n="886">altum superbo vertice attingens polum.</l>
               <l n="887">nunc decora regni teneo, nunc solium patris,</l>
               <l n="888">dimitto superos: summa votorum attigi,</l>
               <l n="889">bene est, abunde est. iam sat est etiam mihi.</l>
               <l n="890">sed cur satis sit? pergam et impleto patre </l>
               <l n="891">funere suorum, ne quid obstaret pudor,</l>
               <l n="892">dies recessit: perge dum caelum vacat,</l>
               <l n="893">utinam quidem tenere fugientes deos</l>
               <l n="894">possem et coaetos trahere, ut ultricem dapem</l>
               <pb n="p.311"/>
               <l n="895">omnes viderent— quod sat est, videat pater. </l>
               <l n="896">etiam die nolente discutiam tibi</l>
               <l n="897">tenebras, miseriae sub quibus latitant tuae.</l>
               <l n="898">nimis diu conviva securo iaces</l>
               <l n="899">hilarique vultu, iam satis mensis datum est</l>
               <l n="900">satisque Baccho: sobrio tanta ad mala </l>
               <l n="901">opus est Thyeste. turba familiaris, fores</l>
               <l n="902">templi relaxa, festa patefiat domus.</l>
               <l n="903">libet videre, capita natorum intuens</l>
               <l n="904">quos det colores, verba quae primus dolor</l>
               <l n="905">effundat aut ut spiritu expulso stupens </l>
               <l n="906">corpus rigescat. fructus hic operis mei est.</l>
               <l n="907">miserum videre nolo, sed dum fit miser.</l>
               <l n="908">aperta multa tecta conlucent face.</l>
               <l n="909">resupinus ipse purpurae atque auro incubat,</l>
               <l n="910">vino gravatum fulciens laeva caput. </l>
               <l n="911">eructat. o me caelitum excelsissimum,</l>
               <l n="912">regumque regem! vota transcendi mea.</l>
               <l n="913">satur est, capaci ducit argento merum—</l>
               <l n="914">ne parce potu: restat etiamnunc cruor</l>
               <l n="915">tot hostiarum; veteris hunc Bacchi color </l>
               <l n="916">abscondet— hoc, hoc mensa cludatur scypho</l>
               <l n="917">mixtum suorum sanguinem genitor bibat:</l>
               <l n="918">meum bibisset. ecce, iam cantus ciet</l>
               <l n="919">festasque voces nec satis menti imperat.</l>
            </sp>

            <sp who="#thyestes">
               <speaker>Thyestes</speaker>
               <l n="920">Pectora longis hebetata malis, </l>
               <l n="921">iam sollicitae ponite curas.</l>
               <pb n="p.312"/>
               <l n="922">fugiat maeror fugiatque pavor,</l>
               <l n="923">fugiat trepidi comes exilii</l>
               <l n="924">tristis egestas</l>
               <l n="925">rebusque gravis pudor afflictis: </l>
               <l n="926">magis unde cadas quam quo refert.</l>
               <l n="927">Magnum, ex alto culmine lapsum</l>
               <l n="928">stabilem in plano figere gressum;</l>
               <l n="929">magnum, ingenti strage malorum</l>
               <l n="930">pressum fracti pondera regni </l>
               <l n="931">non inflexa cervice pati</l>
               <l n="932">nec degenerem victumque malis</l>
               <l n="933">rectum impositas ferre ruinas.</l>
               <l n="934">Sed iam saevi nubila fati</l>

               <l n="934b">pelle ac miseri </l>
               <l n="935">temporis omnis dimitte notas; </l>
               <l n="936">redeant vultus ad laeta boni,</l>
               <l n="937">veterem ex animo mitte Thyesten.</l>
               <l n="938">Proprium hoc miseros sequitur vitium,</l>
               <l n="939">numquam rebus credere laetis:</l>
               <l n="940">redeat felix fortuna licet, </l>
               <l n="941">tamen afflictos gaudere piget,</l>
               <l n="942">quid me revocas festumque vetas</l>
               <l n="943">celebrare diem. quid flere iubes,</l>
               <l n="944">nulla surgens dolor ex causa?</l>
               <l n="945">quid me prohibes flore decenti </l>
               <l n="946">vincire comam? prohibet, prohibet!</l>
               <l n="947">Vernae capiti Auxere rosae,</l>
               <l n="948">pingui madidus crinis amomo</l>
               <l n="949">inter subitos stetit horrores,</l>
               <l n="950">imber vultu nolente cadit, </l>
               <l n="951">venit in medias voces gemitus,</l>
               <l n="952">maeror lacrimas amat assuetas,</l>
               <pb n="p.313"/>
               <l n="953">flendi miseris dira cupido est.</l>
               <l n="954">libet infaustos mittere questus,</l>
               <l n="955">libet et Tyrio saturas ostro </l>
               <l n="956">rumpere vestes, ululare libet.</l>
               <l n="957">Mittit luctus signa futuri</l>
               <l n="958">mens, ante sui praesaga mali:</l>
               <l n="959">instat nautis fera tempestas,</l>
               <l n="960">cum sine vento tranquilla tument. </l>
               <l n="961">Quos tibi luctus quosve tumultus</l>
               <l n="962">fingis, demens? credula praesta</l>
               <l n="963">pectora fratri: iam, quicquid id est,</l>
               <l n="964">vel sine causa vel sero times.</l>
               <l n="965">Nolo infelix, sed vagus intra </l>
               <l n="966">terror oberrat, subitos fundunt</l>
               <l n="967">oculi fletus, nec causa subest,</l>
               <l n="968">dolor an metus est?</l>
               <l n="969">an habet lacrimas magna voluptas?</l>
            </sp>
            <milestone n="970" unit="card"/>
            <stage>Atreus Thyestes</stage>
            <sp who="#atreus">
               <speaker>Atr.</speaker>
               <l n="970">Festum diem, germane, consensu pari </l>
               <l n="971">celebremus: hic est, sceptra qui firmet mea</l>
               <l n="972">solidamque pacis alliget certae fidem.</l>
            </sp>

            <sp who="#thyestes">
               <speaker>Thy.</speaker>
               <l n="973">Satias dapis me nec minus Bacchi tenet,</l>
               <l n="974">augere cumulus hic voluptatem potest,</l>
               <l n="975">si cum meis gaudere felici datur. </l>
            </sp>

            <sp who="#atreus">
               <speaker>Atr.</speaker>
               <l n="976">Hic esse natos crede in amplexu patris,</l>
               <l n="977">hic sunt eruntque; nulla pars prolis tuae</l>
               <l n="978">tibi subtrahetur. ora quae exoptas dabo</l>
               <l n="979">totumque turba iam sua implebo patrem,</l>
               <l n="980">satiaberis, ne metue. nunc mixti meis </l>
               <l n="981">iucunda mensae sacra iuvenilis colunt;</l>
               <l n="982">sed accientur. poculum infuso cape</l>
               <l n="983" part="I">gentile Baccho,</l>
            </sp> 
            <sp who="#thyestes">
               <speaker>Thy.</speaker>
               <l n="983b" part="F">Capio fraternae dapis</l>
               <pb n="p.314"/>
               <l n="984">donum, paternis vina libentur deis.</l>
               <l n="985">tunc hauriantur. sed quid hoc? nolunt manus </l>
               <l n="986">parere, crescit pondus et dextram gravat;</l>
               <l n="987">admotus ipsis Bacchus a labris fugit</l>
               <l n="988">circaque rictus ore decepto fluit</l>
               <l n="989">et ipsa trepido mensa subsiluit solo.</l>
               <l n="990">vix lucet ignis; ipse quin aether gravis </l>
               <l n="991">inter diem noctemque desertus stupet,</l>
               <l n="992">quid hoc? magis magisque concussi labant</l>
               <l n="993">convexa caeli; spissior densis coit</l>
               <l n="994">caligo tenebris noxque se in noctem abdidit;</l>
               <l n="995">fugit omne sidus, quicquid est, fratri precor </l>
               <l n="996">gnatisque parcat, omnis in vile hoc caput</l>
               <l n="997">abeat procella, redde iam gnatos mihi!</l>
            </sp>

            <sp who="#atreus">
               <speaker>Atr.</speaker>
               <l n="998">Reddam, et tibi illos nullus eripiet dies.</l>
            </sp>

            <sp who="#thyestes">
               <speaker>Thy.</speaker>
               <l n="999">Quis hic tumultus viscera exagitat mea?</l>
               <l n="1000">quid tremuit intus? sentio impatiens onus </l>
               <l n="1001">meumque gemitu non meo pectus gemit,</l>
               <l n="1002">adeste, nati, genitor infelix vocat,</l>
               <l n="1003">adeste. visis fugiet hic vobis dolor—</l>
               <l n="1004" part="I">unde obloquuntur?</l>
            </sp> 
            <sp who="#atreus">
               <speaker>Atr.</speaker>
               <l n="1004b" part="F">Expedi amplexus pater:</l>
               <l n="1005">«venere, gnatos ecquid agnoscis tuos? </l>
            </sp>

            <sp who="#thyestes">
               <speaker>Thy.</speaker>
               <l n="1006">Agnosco fratrem, sustines tantum nefas</l>
               <l n="1007">gestare, Tellus? non ad infernam Styga</l>
               <l n="1008">tenebrasque mergis rupta et ingenti via</l>
               <l n="1009">ad chaos inane regna cum rege abripis?</l>
               <l n="1010">non tota ab imo tecta convellens solo </l>
               <l n="1011">verti» Mycenas? stare circa Tantalum</l>
               <l n="1012">uterque iam debuimus: hinc compagibus</l>
               <l n="1013">et hinc revulsis, si quid infra Tartara est</l>
               <pb n="p.315"/>
               <l n="1014">avesque nostros, hoc tuam, inmani sinu</l>
               <l n="1015">demitte vallem nosque defossos tege </l>
               <l n="1016">Acheronte toto. noxiae supra, caput</l>
               <l n="1017">animae vagentur nostrum et ardenti freto</l>
               <l n="1018">Phlegethon harenas igneus totas agens</l>
               <l n="1019">exilia supra nostra violentus fluat—</l>
               <l n="1020">immota tellus pondus ignavum iaces? </l>
               <l n="1021" part="I">fugere superi,</l>
            </sp> 
            <sp who="#atreus">
               <speaker>Atr.</speaker>
               <l n="1021b" part="F">Iam accipe hos potius libens</l>
               <l n="1022">diu expetitos— nulla per fratrem est mora:</l>
               <l n="1023">fruere, osculare, divide amplexus tribus.</l>
            </sp>

            <sp who="#thyestes">
               <speaker>Thy.</speaker>
               <l n="1024">Hoc foedus? haec est gratia, haec fratris fides?</l>
               <l n="1025">sic odia ponis? non peto. incolumis pater </l>
               <l n="1026">natos ut habeam; scelere quod salvo dari</l>
               <l n="1027">odioque possit, frater hoc fratrem rogo:</l>
               <l n="1028">sepelire liceat, redde quod cernas statim</l>
               <l n="1029">uri; nihil te genitor habiturus rogo.</l>
               <l n="1030" part="I">sed perditurus.</l>
            </sp> 
            <sp who="#atreus">
               <speaker>Atr.</speaker>
               <l n="1030b" part="F">Quicquid e natis tuis </l>
               <l n="1031">superest habes, quodcumque non superest habes.</l>
            </sp>
            <milestone n="1032" unit="card"/>
            <sp who="#thyestes">
               <speaker>Thy.</speaker>
               <l n="1032">Vtrumne saevis pabulum alitibus iacent,</l>
               <l n="1033">an beluis servantur, an pascunt feras?</l>
            </sp>

            <sp who="#atreus">
               <speaker>Atr.</speaker>
               <l n="1034">Epulatus ipse es impia natos dape.</l>
            </sp>

            <sp who="#thyestes">
               <speaker>Thy.</speaker>
               <l n="1035">Hoc est deos quod puduit, hoc egit diem </l>
               <l n="1036">aversum in ortus, quas miser voces dabo</l>
               <l n="1037">qnestusque quos? quae verba sufficient mihi?</l>
               <l n="1038">abscisa cerno capita et avulsas manus</l>
               <l n="1039">et rupta fractis cruribus vestigia—</l>

               <l n="1040">hoc est quod avidus capere non potuit pater. </l>
               <l n="1041">volvuntur intus viscera et clusum nefas</l>
               <pb n="p.316"/>
               <l n="1042">sine exitu luctatur et quaerit fugam.</l>
               <l n="1043">da, frater, ensem (sanguinis multum mei</l>
               <l n="1044">habet ille): ferro liberis detur via.</l>
               <l n="1045">negatur ensis? pectora inliso sonent </l>
               <l n="1046">contusa planctu— sustine, infelix, manum,</l>
               <l n="1047">pareamus umbris, tale quis vidit nefas?</l>
               <l n="1048">quis inhospitalis Caucasi rupem asperam</l>
               <l n="1049">Heniochus habitans quisve Cecropiis metus</l>
               <l n="1050">terris Procrustes? genitor en natos premo </l>
               <l n="1051">premorque natis— sceleris est aliquis modus.</l>
            </sp>

            <sp who="#atreus">
               <speaker>Atr.</speaker>
               <l n="1052">Sceleri modus debetur ubi facias scelus,</l>
               <l n="1053">non ubi reponas. hoc quoque exiguum est mihi.</l>
               <l n="1054">ex vulnere ipso sanguinem calidum in tua</l>

               <l n="1055">defundere ora debui, ut viventium </l>
               <l n="1056">biberes cruorem— verba sunt irae data</l>
               <l n="1057">dum propero, ferro vulnera impresso dedi,</l>
               <l n="1058">cecidi ad aras, caede votiva focos</l>
               <l n="1059">placavi et artus, corpora exanima amputans,</l>

               <l n="1060">in parva carpsi frusta et haec ferventibus </l>
               <l n="1061">demersi aenis, illa lentis ignibus</l>
               <l n="1062">stillare iussi; membra nervosque abscidi</l>
               <l n="1063">viventibus, gracilique traiectas veru</l>
               <l n="1064">mugire fibras vidi et aggessi manu</l>
               <l n="1065">mea ipse flammas— omnia haec melius pater </l>
               <l n="1066">fecisse potuit, cecidit in cassum dolor:</l>
               <l n="1067">scidit ore natos impio, sed nesciens,</l>
               <l n="1068" part="I">sed nescientes,</l>
            </sp> 
            <sp who="#thyestes">
               <speaker>Thy.</speaker>
               <l n="1068b" part="F">Clausa litoribus vagis</l>
               <l n="1069">audite maria, vos quoque audite hoc scelus,</l>
               <l n="1070">quocumque, di, fugistis, audite inferi, </l>
               <l n="1071">audite terrae, Noxque Tartarea gravis</l>
               <l n="1072">et atra nube, vocibus nostris vaca</l>
               <l n="1073">(tibi sum relictus, sola tu miserum vides,</l>
               <pb n="p.317"/>
               <l n="1074">tu quoque sine astris), vota non faciam improba,</l>
               <l n="1075">pro me nihil precabor— et quid iam potest </l>
               <l n="1076">pro me esse? vobis vota prospicient mea.</l>
               <l n="1077">tu, summe caeli rector, aetheriae potens</l>
               <l n="1078">dominator aulae, nubibus totum horridis</l>
               <l n="1079">convolve mundum, bella ventorum undique</l>
               <l n="1080">committe et omni parte violentum intona, </l>
               <l n="1081">manuque non qua tecta et immeritas domos</l>
               <l n="1082">telo petis minore, sed qua montium</l>
               <l n="1083">tergemina moles cecidit et qui montibus</l>
               <l n="1084">stabant pares Gigantes, hac arma expedi</l>
               <l n="1085">ignesque torque, vindica amissum diem, </l>
               <l n="1086">iaculare flammas, lumen ereptum polo</l>
               <l n="1087">fulminibus exple. causa, ne dubites diu,</l>
               <l n="1088">utriusque mala sit; si minus, mala sit mea:</l>
               <l n="1089">me pete, trisulco flammeam telo facem</l>
               <l n="1090">per pectus hoc transmitte— si gnatos pater </l>
               <l n="1091">humare et igni tradere extremo volo,</l>
               <l n="1092">ego sum cremandus. si nihil superos movet</l>
               <l n="1093">nullumque telis impios numen petit,</l>
               <l n="1094">aeterna nox permaneat et tenebris tegat</l>
               <l n="1095">inmensa longis scelera, nil, Titan, queror, </l>
               <l n="1096" part="I">si perseveras.</l>
            </sp> 
            <sp who="#atreus">
               <speaker>Atr.</speaker>
               <l n="1096b" part="F">Nunc meas laudo manus,</l>
               <l n="1097">nunc parta vera est palma, perdideram scelus,</l>
               <l n="1098">nisi sic doleres. liberos nasci mihi</l>
               <l n="1099">nunc credo, castis nunc fidem reddi toris.</l>
            </sp>

            <sp who="#thyestes">
               <speaker>Thy.</speaker>
               <l n="1100" part="I">Quid liberi meruere?</l>
            </sp> 
            <sp who="#atreus">
               <speaker>Atr.</speaker>
               <l part="F" n="1100b">Quod fuerant tui. </l>
            </sp> 
            <sp who="#thyestes">
               <speaker>Thy.</speaker>
               <l n="1101" part="I">Natos parenti</l>
            </sp>
            <sp who="#atreus">
               <speaker>Atr.</speaker>
               <l part="F" n="1101b">Fateor et, quod me iuvat,</l>
               <l part="I" n="1102"> certos.</l>
            </sp> 
            <sp who="#thyestes">
               <speaker>Thy.</speaker>
               <l part="I" n="1102b">Piorum praesides testor deos.</l>
            </sp>


            <sp who="#atreus">
               <speaker>Atr.</speaker>
               <l n="1103" part="F">Quin coniugales?</l>
            </sp> 
            <sp who="#thyestes">
               <speaker>Thy.</speaker>
               <l part="F" n="1103b">Scelere quis pensat scelus?</l>
            </sp>

            <sp who="#atreus">
               <speaker>Atr.</speaker>
               <l n="1104">Scio quid queraris: scelere praerepto doles,</l>

               <l n="1105">nec quod nefandas hauseris angit dapes — </l>
               <l n="1106">quod non parans! fuerat hic animus tibi</l>
               <pb n="p.318"/>
               <l n="1107">instruere similes inscio fratri cibos</l>
               <l n="1108">et adiuvante liberos matre aggredi</l>
               <l n="1109">similique leto sternere — hoc unum obstitit:</l>

               <l n="1110" part="I">tuos putasti.</l>
            </sp> 
            <sp who="#thyestes">
               <speaker>Thy.</speaker>
               <l n="1110b" part="F">Vindices aderunt dei; </l>
               <l n="1111">his puniendum vota te tradunt mea.</l>
            </sp>

            <sp who="#atreus">
               <speaker>Atr.</speaker>
               <l n="1112">Te puniendum liberis trado tuis.</l>
            </sp>
         </div>
      </body>
   </text>
</TEI>