<?xml version="1.0" encoding="UTF-8"?>
<?xml-model href="http://www.stoa.org/epidoc/schema/8.19/tei-epidoc.rng"
  schematypens="http://relaxng.org/ns/structure/1.0"?>
<?xml-model href="http://www.stoa.org/epidoc/schema/8.19/tei-epidoc.rng"
  schematypens="http://purl.oclc.org/dsdl/schematron"?>
<TEI xmlns="http://www.tei-c.org/ns/1.0">
    <teiHeader>
        <fileDesc>
            <titleStmt>
                <title type="sub">Oedipus</title>
                <author n="Sen.">Seneca</author>
                <editor role="editor" n="Peiper">Rudolf Peiper</editor>
            <editor role="editor" n="Richter">Gustav Richter</editor> 
            <sponsor>Perseus Project, Tufts University</sponsor>
                <principal>Gregory Crane</principal>
               <respStmt>
                  <resp>Prepared under the supervision of</resp>
                  <name>Bridget Almas</name>
                  <name>Lisa Cerrato</name>
                  <name>David Mimno</name>
                  <name>Rashmi Singhal</name>
               </respStmt>
               <funder n="org:NEH">The National Endowment for the Humanities</funder>
            </titleStmt>
           <extent>About 100Kb</extent>
           <publicationStmt>
              <publisher>Trustees of Tufts University</publisher>
              <pubPlace>Medford, MA</pubPlace>
              <authority>Perseus Project</authority>
              <date type="release">2009-10-07</date>
           </publicationStmt>
         <sourceDesc>
                <biblStruct>
                    <monogr>
                        <author>L. Annaeus Seneca</author>
                        <title>Tragoediae</title>
                        <editor role="editor" n="Peiper">Rudolf Peiper</editor>
                        <editor role="editor" n="Richter">Gustav Richter</editor>
                        <imprint>
                            <pubPlace>Leipzig</pubPlace>
                            <publisher>Teubner</publisher>
                            <date>1921</date>
                        </imprint>
                    </monogr>
                    <ref target="https://archive.org/stream/senecaetragoedi00senegoog#page/n254/mode/2up">Internet Archive</ref>
                </biblStruct>
            <listPerson>
               <person xml:id="oedipus">
                  <persName xml:lang="eng">Oedipus</persName>
               </person>
               <person xml:id="iocasta">
                  <persName xml:lang="eng">Iocasta</persName>
               </person>
               <person xml:id="creon">
                  <persName xml:lang="eng">Creo</persName>
               </person>
               <person xml:id="teiresias">
                  <persName xml:lang="eng">Teiresia</persName>
               </person>
               <person xml:id="manto">
                  <persName xml:lang="eng">Manto</persName>
               </person>
               <person xml:id="senex">
                  <persName xml:lang="eng">Senex Corinthius</persName>
               </person>
               <person xml:id="phorbas">
                  <persName xml:lang="eng">Phorbas</persName>
               </person>
               <person xml:id="nuntius">
                  <persName xml:lang="eng">Nuntius</persName>
               </person>
               <person xml:id="chorus">
                  <persName xml:lang="eng">Chorus Thebanorum</persName>
               </person>
            </listPerson>
         </sourceDesc>
        </fileDesc>
        <encodingDesc>
         <refsDecl n="CTS">
            <cRefPattern n="line" matchPattern="(\w+)" replacementPattern="#xpath(/tei:TEI/tei:text/tei:body/tei:div//tei:l[@n='$1'])">
               <p>This pointer pattern extracts line</p>
            </cRefPattern>
         </refsDecl>
         <refsDecl n="TEI.2">
            <refState unit="card"/>
         </refsDecl>
      </encodingDesc>
        <profileDesc>
            <langUsage>
                <language ident="lat">Latin</language>
            </langUsage>
        </profileDesc>
        <revisionDesc>
         <change who="gcrane" when="2009-01-01">tagging</change>
         <change when="2015-11-12" who="Thibault Clerice">New URN, Epidoc and CTS</change>
      </revisionDesc>
    </teiHeader>

   <text n="Oed.">
      <body>
         <div xml:lang="lat" type="edition" n="urn:cts:latinLit:phi1017.phi006.perseus-lat2">
    
    
            <milestone n="1" unit="card"/>
            <pb n="p.203"/>

            <sp who="#oedipus iocasta">
               <speaker>Oedipus Iocasta</speaker>

               <l n="1">Iam nocte Titan dubius expulsa redit</l>
               <l n="2">et nube maestus squalida exoritur iubar,</l>
               <l n="3">lumenque flamma triste luctifica gerens</l>
               <l n="4">prospiciet avida peste solatas domos,</l>
               <l n="5">stragemque quam nox fecit ostendet dies. </l>
               <l n="6">Quisquamne regno gaudet? O fallax bonum,</l>
               <l n="7">quantum malorum fronte quam blanda tegis!</l>
               <l n="8">ut alta ventos semper excipiunt iuga</l>
               <l n="9">rupemque saxis vasta dirimentem freta</l>
               <l n="10">quamvis quieti verberat fluctus maris, </l>
               <l n="11">imperia sic excelsa Fortunae obiacent.</l>
               <l n="12">quam bene parentis sceptra Polybi fugerant!</l>
               <l n="13">curis solutus exul, intrepidus, vagans</l>
               <l n="14">(caelum deosque testor) in regnum incidi:</l>
               <l n="15">infanda timeo: ne mea genitor manu </l>
               <l n="16">perimatur; hoc me Delphicae laurus monent,</l>
               <l n="17">aliudque nobis maius indicunt scelus.</l>
               <l n="18">est maius aliquod patre mactato nefas?</l>
               <l n="19">pro misera pietas (eloqui fatum pudet»,</l>
               <l n="20">thalamos parentis Phoebus et diros toros </l>
               <l n="21">gnato minatur impia incestos face;</l>
               <l n="22">hic me paternis expulit regnis timor.</l>
               <pb n="p.204"/>
               <l n="23">non ego penates profugus excessi meos:</l>
               <l n="24">parum ipse fidens mihimet in tuto tua,</l>
               <l n="25">natura, posui iura. cum magna horreas, </l>
               <l n="26">quod posse fieri non putes metuas tamen:</l>
               <l n="27">cuncta expavesco meque non credo mihi.</l>
               <l n="28">Iam iam aliquid in nos fata moliri parant,</l>
               <l n="29">nam quid rear quod ista Cadmeae lues</l>
               <l n="30">infesta genti strage tam late edita </l>
               <l n="31">mihi parcit uni? cui reservamur malo?</l>
               <l n="32">inter ruinas urbis et semper novis</l>
               <l n="33">deflenda lacrimis funera ac populi struem</l>
               <l n="34">incolumis asto— scilicet Phoebi reus.</l>
               <l n="35">sperare poteras sceleribus tantis dari </l>
               <l n="36">regnum salubre? fecimus caelum nocens. </l>
               <l n="37">Non aura gelido lenis afflatu fovet</l>
               <l n="38">anhela flammis corda, non Zephyri leves</l>
               <l n="39">spirant, sed ignes auget aestiferi canis</l>
               <l n="40">Titan, leonis terga Nemeaei premens. </l>
               <l n="41">deseruit amnes umor atque herbas color</l>
               <l n="42">aretque Dirce, tenuis Ismenos fluit</l>
               <l n="43">et tinguit inopi nuda vix unda vada.</l>
               <l n="44">obscura caelo labitur Phoebi soror,</l>
               <l n="45">tristisque mundus nubilo pallet die. </l>
               <l n="46">nullum serenis noctibus sidus micat,</l>
               <l n="47">sed gravis et ater incubat terris vapor:</l>
               <l n="48">obtexit arces caelitum ac summas domos</l>
               <l n="49">inferna facies, denegat fructum Ceres</l>
               <l n="50">adulta, et altis flava cum spicis tremat, </l>
               <l n="51">arente culmo sterilis emoritur seges,</l>
               <l n="52">nec ulla pars immunis exitio vacat,</l>
               <l n="53">sed omnis aetas pariter et sexus ruit,</l>
               <pb n="p.205"/>
               <l n="54">iuvenesque senibus iungit et gnatis patres</l>
               <l n="55">funesta pestis, una fax thalamos cremat </l>
               <l n="56">fletuque acerbo funera et questu carent,</l>
               <l n="57">quin ipsa tanti pervicax clades mali</l>
               <l n="58">siccavit oculos, quodque in extremis solet</l>
               <l n="59">periere lacrimae: portat hunc aeger parens</l>
               <l n="60">supremum ad ignem, mater hunc amens gerit </l>
               <l n="61">properatque ut alium repetat in eundem rogum,</l>
               <l n="62">quin luctu in ipso luctus exoritur novus</l>
               <l n="63">novaeque circa funus exsequiae cadunt,</l>
               <l n="64">tum propria flammis corpora alienis cremant;</l>
               <l n="65">diripitur ignis: nullus est miseris pudor. </l>
               <l n="66">non ossa tumuli sancta discreti tegunt:</l>
               <l n="67">arsisse satis est— pars quota in cineres abit?</l>
               <l n="68">dest terra tumulis, iam rogos silvae negant,</l>
               <l n="69">non vota, non ars ulla correptos levant:</l>
               <l n="70">cadunt medentes, morbus auxilium trahit. </l>
               <l n="71">Adfusus aris supplices tendo manus</l>
               <l n="72">matura poscens fata, praecurram ut prior</l>
               <l n="73">patriam ruentem neve post omnis cadam</l>
               <l n="74">fiamque regni funus extremum mei.</l>
               <l n="75">o saeva nimium numina, o fatum grave! </l>
               <l n="76">negatur uni nempe in hoc populo mihi</l>
               <l n="77">mors tam parata? sperne letali manu</l>
               <l n="78">contacta regna, linque lacrimas, funera,</l>
               <l n="79">tabifica caeli vitia quae tecum invehis</l>
               <l n="80">infaustus hospes, profuge iamdudum ocius — </l>
               <l n="81">vel ad parentes.</l>
            </sp>
            <milestone n="82" unit="card"/>
            <sp who="#iocasta">
               <speaker>Ioc.</speaker>
               <l n="81b">Quid iuvat, coniunx, mala</l>
               <l n="82">gravare questu? regium hoc ipsum reor:</l>
               <l n="83">adversa capere, quoque sit dubius magis</l>
               <l n="84">status et cadentis imperi moles labet,</l>

               <l n="85">hoc stare certo pressius fortem gradu; </l>
               <pb n="p.206"/>
               <l n="86">haud est virile terga Fortunae dare.</l>
            </sp>

            <sp who="#oedipus">
               <speaker>Oed.</speaker>
               <l n="87">Abest pavoris crimen ac probrum procul,</l>
               <l n="88">virtusque nostra nescit ignavos metus:</l>
               <l n="89">si tela contra stricta, si vis horrida</l>
               <l n="90">Mavortis in me rueret— adversus feros </l>
               <l n="91">audax Gigantas obvias ferrem manus.</l>
               <l n="92">nec Sphinga caecis verba nectentem modis</l>
               <l n="93">fugi: cruentos vatis infandae tuli</l>
               <l n="94">rictus et albens ossibus sparsis solum;</l>
               <l n="95">cumque e superna rupe iam praedae imminens </l>
               <l n="96">aptaret alas verbera et caudae movens</l>
               <l n="97">saevi leonis more conciperet minas,</l>
               <l n="98">carmen poposci: sonuit horrendum insuper,</l>
               <l n="99">crepuere malae, saxaque impatiens morae</l>
               <l n="100">revulsit ungui viscera expectans mea; </l>
               <l n="101">nodosa sortis verba et implexos dolos</l>
               <l n="102">ac triste carmen alitis solvi ferae.</l>
            </sp>

            <sp who="#iocasta">
               <speaker>Ioc.</speaker>
               <l n="103">Quid sera mortis vota nunc demens facis?</l>
               <l n="104">licuit perire, laudis hoc pretium tibi</l>
               <l n="105">sceptrum et peremptae Sphingis haec merces datur. </l>
            </sp>

            <sp who="#oedipus">
               <speaker>Oed.</speaker>
               <l n="106">Ille, ille dirus callidi monstri cinis</l>
               <l n="107">in nos rebellat, illa nunc Thebas lues</l>
               <l n="108">perempta perdit, una iam superest salus,</l>
               <l n="109">si quam salutis Phoebus ostendit viam.</l>
            </sp>

            <sp who="#chorus">
               <speaker>Chorus Thebanorvm</speaker>
               <l n="110">Occidis, Cadmi generosa proles, </l>
               <l n="111">urbe cum tota; viduas colonis</l>
               <l n="112">respicis terras, miseranda Thebe.</l>
               <pb n="p.207"/>
               <l n="113">carpitur leto tuus ille, Bacche,</l>
               <l n="114">miles, extremos comes usque ad Indos,</l>
               <l n="115">ausus Eois equitare campis </l>
               <l n="116">figere et mundo tua signa primo:</l>
               <l n="117">cinnami silvis Arabas beatos</l>
               <l n="118">vidit et versos equites, sagittis'</l>
               <l n="119">terga fallacis metuenda Parthi;</l>
               <l n="120">litus intravit pelagi rubentis: </l>
               <l n="121">promit hinc ortus aperitque lucem</l>
               <l n="122">Phoebus et flamma propiore nudos</l>
               <l n="123"> inficit Indos.</l>
               <l n="124">Stirpis invictae genus interimus,</l>
               <l n="125">labimur saevo rapiente fato; </l>
               <l n="126">ducitur semper nova pompa Morti:</l>
               <l n="127">longus ad manes properatur ordo</l>
               <l n="128">agminis maesti, seriesque tristis</l>
               <l n="129">haeret et turbae tumulos petenti</l>
               <l n="130">non satis septem patuere portae. </l>
               <l n="131">stat gravis strages premiturque iuncto</l>
               <l n="132">funere funus. </l>

               <l n="135">Colla facturus steterat sacerdos: </l>
               <l n="136">dum manus certum parat alta vulnus,</l>
               <l n="137">aureo taurus rutilante cornu</l>
               <l n="138">labitur segnis; patuit sub ictu</l>
               <l n="139">ponderis vasti resoluta cervix:</l>
               <l n="140">nec cruor ferrum maculavit: alta </l>
               <l n="141">turpis est plaga sanies profusa.</l>
               <l n="142">segnior cursu sonipes in ipso</l>
               <pb n="p.208"/>
               <l n="143">concidit gyro dominumque prono</l>
               <l n="144">prodidit armo. </l>

               <l n="133">Prima vis tardas tetigit bidentes: </l>
               <l n="134">laniger pingues male carpsit herbas; </l>

               <l n="146">taurus armento pereunte marcet: </l>
               <l n="147">deficit pastor grege deminuto </l>
               <l n="148">tabidos inter moriens iuvencos. </l>

               <l n="145">incubant agris pecudes relictae; </l>

               <l n="149">non lupos cervi metuunt rapaces, </l>
               <l n="150">cessat irati fremitus leonis, </l>
               <l n="151">nulla villosis feritas in ursis;</l>
               <l n="152">perdidit pestem latebrosa serpens:</l>
               <l n="153">aret et sicco moritur veneno.</l>
               <l n="154">Non silva sua decorata coma</l>
               <l n="155">fundit opacas montibus umbras, </l>
               <l n="156">non rura virent ubere glebae,</l>
               <l n="157">non plena suo vitis Baccho</l>
               <l n="158">bracchia curvat:</l>
               <l n="159">omnia nostrum sensere malum.</l>
               <l n="160">Rupere Erebi claustra profundi </l>
               <l n="161">turba sororum face Tartarea</l>
               <l n="162">Phlegethonque suam mutat ripam:</l>
               <l n="163">miscuit undis Styga Sidoniis.</l>
               <l n="164">Mors atra avidos oris hiatus</l>
               <l n="165">pandit et omnis explicat alas; </l>
               <l n="166">quique capaci turbida cumba</l>
               <l n="167">flumina servat durus senio</l>
               <pb n="p.209"/>
               <l n="168">navita crudo vix assiduo</l>
               <l n="169">bracchia conto lassata refert,</l>
               <l n="170">fessus turbam vectare novam. </l>
               <l n="171">quin Taenarii vincula ferri</l>
               <l n="172">rupisse canem fama et nostris</l>
               <l n="173">errare locis, mugisse solum,</l>
               <l n="174">vaga per lucos simulacra virum</l>
               <l n="174l">*<gap reason="lost"/>
               </l>
               <l n="175">maiora viris, bis Cadmeum </l>
               <l n="176">nive discussa tremuisse nemus,</l>
               <l n="177">bis turbatam sanguine Dircen,</l>
               <l n="178">nocte silenti</l>
               <l n="179">Amphionios ululasse canes.</l>
               <l n="180">O dira novi facies leti, </l>
               <l n="181">gravior leto:</l>
               <l n="182">piger ignavos alligat artus</l>
               <l n="183">languor, et aegro rubor in vultu,</l>
               <l n="184">maculaeque cutem sparsere leves;</l>
               <l n="184b">tum vapor ipsam</l>
               <l n="185">corporis arcem flammeus urit </l>
               <l n="186">multoque genas sanguine tendit,</l>
               <l n="187">oculique rigent, resonant aures</l>
               <l n="188">stilla tque niger naris aduncae</l>
               <l n="190">cruor et venas rumpit hiantes;</l>

               <l n="191">intima creber viscera quassat </l>

               <l n="187b">gemitus stridens, et sacer ignis</l>

               <l n="192b">pascitur artus iamque amplexu</l>
               <l n="193">frigida presso saxa fatigant;</l>
                 <pb n="p.210"/>
                 <l n="194">quos liberior domus elato</l>
                 <l n="195">custode sinit, petits fontes</l>
                 <l n="196">aliturque sitis latice ingesto.</l>
                 <l n="197">prostrata iacet turba per aras</l>
                 <l n="198">oratque mori: solum hoc faciles</l>
                 <l n="199">tribuere dei; delubra petunt</l>
                 <l n="200">haut ut voto numina placent,</l>
                 <l n="201">sed iuvat ipsos satiare deos.</l>
            </sp>
            <milestone n="202" unit="card"/>
            <sp who="#oedipus chorus creon">
               <speaker>Oedipus Chorus Creo</speaker>
                 <l n="202">Quisnam ille propero regiam gressu petit?</l>
                 <l n="203">adestne clarus anguine ac factis Creo</l>
                 <l n="204">an aeger animus falsa pro veris videt?</l>
            </sp>
   
            <sp who="#chorus">
               <speaker>Chor.</speaker>
                 <l n="205">Adest petitus omnibus votis Creo.</l>
            </sp>
   
            <sp who="#oedipus">
               <speaker>Oed.</speaker>
                 <l n="206">Horrore quatior, fata quo vergant timens,</l>
                 <l n="207">trepidumque gemino pectus affectu labat:</l>
                 <l n="208">ubi laeta duris mixta in ambiguo iacent,</l>
                 <l n="209">incertus animus scire cum cupiat timet.</l>
                 <l n="210">Germane nostrae coniugis, fessis opem</l>
                 <l n="211">si quam reportas, voce properata edoce.</l>
            </sp>
   
            <sp who="#creon">
               <speaker>Cr.</speaker>
                 <l n="212">Responsa dubia sorte perplexa iacent.</l>
            </sp>
   
            <sp who="#oedipus">
               <speaker>Oed.</speaker>
                 <l n="213">Dubiam salutem qui dat adflictis negat.</l>
            </sp>
   
            <sp who="#creon">
               <speaker>Cr.</speaker>
                 <l n="214">Ambage flexa Delphico mos est deo</l>
                 <l n="215" part="I">arcana tegere.</l>
            </sp> 
            <sp who="#oedipus">
               <speaker>Oed.</speaker>
                   <l n="215b" part="F">Fare, sit dubium licet:</l>
                   <l n="216">ambigua soli noscere Oedipodae datur.</l>
              </sp>

              <sp who="#creon">
               <speaker>Cr.</speaker>
                   <l n="217">Caedem expiari regiam exilio deus,</l>
                   <l n="218">et interemptum Laium ulcisci iubet:</l>
                   <l n="219">non ante caelo lucidus curret dies</l>
                   <l n="220">haustusque tutos aetheris puri dabit.</l>
              </sp>
   
              <pb n="p.211"/>
            <sp who="#oedipus">
               <speaker>Oed.</speaker>
               <l n="221">Et quis peremptor induti regis fuit?</l>
               <l n="222">quem memoret ede Phoebus, ut poenas luat.</l>
            </sp>

            <sp who="#creon">
               <speaker>Cr.</speaker>
               <l n="223">Sit precor dixisse tutum visu et auditu horrida;</l>
               <l n="224">torpor insedit per artus, frigidus sanguis coit.</l>

               <l n="225">ut sacrata templa Phoebi supplici intravi pede </l>
               <l n="226">et pias numen precatus rite summisi manus,</l>
               <l n="227">gemina Parnasi nivalis arx trucem fremitum dedit;</l>
               <l n="228">imminens Phoebea laurus tremuit et movit comam</l>
               <l n="229">ac repente sancta fontis lympha Castalii stetit,</l>
               <l n="230">incipit Letoa vates spargere horrentes comas</l>
               <l n="231">et pati commota Phoebum; contigit nondum specum,</l>
               <l n="232">emicat vasto fragore maior humano sonus:</l>
               <l n="233">mitia Cadmeis remeabunt sidera Thebis,</l>
               <l n="234">si profugus Dircen Ismenida liqueris hospes</l>
               <l n="235">regis caede nocens, Phoebo iam notus et infans. </l>
               <l n="236">nec tibi longa manent sceleratae gaudia caedis:</l>
               <l n="237">tecum bella geres, natis quoque bella relinquens</l>
               <l n="238">turpia, maternos iterum revolutus in ortus.</l>
            </sp>

            <sp who="#oedipus">
               <speaker>Oed.</speaker>
               <l n="239">Quod facere monitu caelitum iussus paro,</l>
               <l n="240">functi cineribus regis hoc decuit dari, </l>
               <l n="241">ne sancta quisquam sceptra violaret dolo.</l>
               <l n="242">regi tuenda maxime regum est salus:</l>
               <l n="243">curat peremptum nemo quem incolumem timet.</l>
            </sp>

            <sp who="#creon">
               <speaker>Cr.</speaker>
               <l n="244">Curam perempti maior excussit timor.</l>
            </sp>

            <sp who="#oedipus">
               <speaker>Oed.</speaker>
               <l n="245">Pium prohibuit ullus officium metus? </l>
            </sp>

            <sp who="#creon">
               <speaker>Cr.</speaker>
               <l n="246">Sphinx et nefandi carminis tristes minae.</l>
            </sp>

            <sp who="#oedipus">
               <speaker>Oed.</speaker>
               <l n="247">Nunc expietur numinum imperio scelus.</l>
               <l n="248">Quisquis deorum regna placatus vides:</l>
               <l n="249">tu, tu penes quem iura praecipitis poli</l>
               <pb n="p.212"/>
               <l n="250">tuque, o sereni maximum mundi decus, </l>
               <l n="251">bis sena cursu signa qui vario legis,</l>
               <l n="252">qui tarda celeri saecula evolvis rota,</l>
               <l n="253">sororque fratri semper occurrens tuo,</l>
               <l n="254">noctivaga Phoebe, quique ventorum potens</l>
               <l n="255">aequor per altum caerulos currus agis, </l>
               <l n="256">et qui carentis luce disponis domos,</l>
               <l n="257">adeste: cuius Laius dextra occidit,</l>
               <l n="258">hunc non quieta tecta, non fidi lares,</l>
               <l n="259">non hospitalis exulem tellus ferat;</l>
               <l n="260">thalamis pudendis doleat et prole impia; </l>
               <l n="261">hic et parentem dextera perimat sua, ,</l>
               <l n="262">faciatque (num quid gravius optari potest?)</l>
               <l n="263">quicquid ego fugi— non erit veniae locus:</l>
               <l n="264">per regna iuro quaeque nunc hospes gero</l>
               <l n="265">et quae reliqui perque penetrales deos, </l>
               <l n="266">per te, pater Neptune, qui fluctu brevi</l>
               <l n="267">utrimque nostro geminus alludis solo;</l>
               <l n="268">et ipse nostris vocibus testis veni,</l>
               <l n="269">fatidica vatis ora Cirrhaeae movens:</l>
               <l n="270">ita molle senium ducat et summum diem </l>
               <l n="271">securus alto reddat in solio parens</l>
               <l n="272">solasque Merope noverit Polybi faces,</l>
               <l n="273">ut nulla sontem gratia eripiet mihi.</l>
               <l n="274">Sed quo nefandum facinus admissum loco est,</l>
               <l n="275">memorate: aperto Marte an insidiis iacet? </l>
            </sp>
            <milestone n="276" unit="card"/>
            <sp who="#creon">
               <speaker>Cr.</speaker>
               <l n="276">Frondifera sanctae nemora Castaliae petens</l>
               <l n="277">calcavit artis obsitum dumis iter,</l>
               <l n="278">trigemina qua se spargit in campos via.</l>
               <l n="279">secat una gratum Phocidos Baccho solum,</l>
               <l n="280">unde altus arva deserit, caelum petens, </l>
               <pb n="p.213"/>
               <l n="281">clementer acto colle Parnasos biceps;</l>
               <l n="282">at una bimaris Sisyphi terras adit;</l>
               <l n="283">Olenia in arva tertius trames cava</l>
               <l n="284">convalle serpens tangit errantes aquas</l>
               <l n="285">gelidumque dirimit amnis i Elei vadum: </l>
               <l n="286">hic pace fretum subita praedonum manus</l>
               <l n="287">aggressa ferro facinus occultum tulit.</l>
               <l n="288">In tempore ipso sorte Phoebea excitus</l>
               <l n="289">Tiresia tremulo tardus accelerat genu</l>
               <l n="290">comesque Manto luce viduatum trahens. </l>
            </sp>

            <stage>Oedipus Tiresias Manto</stage>
            <sp who="#oedipus">
               <speaker>Oed.</speaker>
               <l n="291">Sacrate di vis, proximum Phoebo caput,</l>
               <l n="292">responsa solve; fare, quem poenae petant.</l>
            </sp>
            <sp who="#teiresias">
               <speaker>Teir.</speaker>
               <l n="293">Quod tarda fatu est lingua, quod quaerit moras</l>
               <l n="294">haut te quidem, magnanime, mirari addecet:</l>
               <l n="295">visu carent! magna pars veri latet. </l>
               <l n="296">sed quo vocat me patria, quo Phoebus, sequar:</l>
               <l n="297">fata eruantur; si foret viridis mihi</l>
               <l n="298">calidusque sanguis, pectore exciperem deum.</l>
               <l n="299">appellite aris candidum tergo bovem</l>
               <l n="300">curvoque numquam colla depressam iugo. </l>
               <l n="301">tu lucis inopem, gnata, genitorem regens</l>
               <l n="302">manifesta sacri signa fatidici refer.</l>
            </sp>

            <sp who="#manto">
               <speaker>Man.</speaker>
               <l n="303">Opima sanctas victima ante aras stetit.</l>
            </sp>

            <sp who="#teiresias">
               <speaker>Tir.</speaker>
               <l n="304">In vota superos voce sollemni voca</l>
               <l n="305">arasque dono turis Eoi extrue. </l>
            </sp>

            <sp who="#manto">
               <speaker>Man.</speaker>
               <l n="306">Iam tura sacris caelitum ingessi focis.</l>
            </sp>

            <sp who="#teiresias">
               <speaker>Tir.</speaker>
               <l n="307">Quid flamma? largas iamne comprendit dapes?</l>
            </sp>

            <sp who="#manto">
               <speaker>Man.</speaker>
               <l n="308">Subito refulsit lumine et subito occidit.</l>
            </sp>
              <pb n="p.214"/>
            <sp who="#teiresias">
               <speaker>Tir.</speaker>
               <l n="309">Vtrumne clarus ignis et nitidus stetit</l>
               <l n="310">rectusque purum verticem caelo tulit </l>
               <l n="311">et summam in auras fusus explicuit comam?</l>
               <l n="312">an latera circa serpit incertus viae</l>
               <l n="313">et fluctuante turbidus fumo labat?</l>
            </sp>

            <sp who="#manto">
               <speaker>Man.</speaker>
               <l n="314">Non una facies mobilis flammae fuit:</l>
               <l n="315">imbrifera qualis implicat varios sibi </l>
               <l n="316">Iris colores, parte quae magna poli</l>
               <l n="317">curvata picto nuntiat nimbos sinu</l>
               <l n="318">(quis desit illi quive sit dubites color).</l>
               <l n="319">caerulea fulvis mixta oberravit notis,</l>
               <l n="320">sanguinea rursus; ultima in tenebras abit. </l>
               <l n="321">sed ecce pugnax ignis in partes duas</l>
               <l n="322">discedit et se scindit unius sacri</l>
               <l n="323">discors favilla— genitor, horresco intuens:</l>
               <l n="324">libata Bacchi dona permutat cruor</l>
               <l n="325">ambitque densus regium fumus caput </l>
               <l n="326">ipsosque circa spissior vultus sedet</l>
               <l n="327">et nube densa sordidam lucem abdidit.</l>
               <l n="328">quid sit, parens, effare.</l>
            </sp>
            <milestone n="329" unit="card"/>
            <sp who="#teiresias">
               <speaker>Tir.</speaker>
               <l n="328b" part="F">Quid fari queam</l>
               <l n="329">inter tumultus mentis attonitae vagus?</l>

               <l n="330">quidnam loquar? sunt dira, sed in alto mala; </l>
               <l n="331">solet ira certis numinum ostendi notis:</l>
               <l n="332">quid istud est quod esse prolatum volunt</l>
               <l n="333">iterumque nolunt et truces iras tegunt?</l>
               <l n="334">pudet deos nescio quid. huc propere admove</l>
               <l n="335">et sparge salsa colla taurorum mola. </l>
               <l n="336">placidone vultu sacra et admotas manus</l>
               <l n="337">patiuntur?</l>
            </sp>

            <sp who="#manto">
               <speaker>Man.</speaker>
               <l n="337b" part="F">Altum taurus attollens caput</l>
               <l n="338">primos ad ortus positus expavit diem</l>
               <l n="339">trepidusque vultum obliquat et radios fugit.</l>
               <pb n="p.215"/>
            </sp>

            <sp who="#teiresias">
               <speaker>Tir.</speaker>
               <l n="340">Vnone terram vulnere afflicti petunt? </l>
            </sp>

            <sp who="#manto">
               <speaker>Man.</speaker>
               <l n="341">Iuvenca ferro semet imposito induit</l>
               <l n="342">et vulnere uno cecidit, at taurus duos</l>
               <l n="343">perpessus ictus huc et huc dubius ruit</l>
               <l n="344">animamque fessus vix reluctantem exprimit.</l>
               <l n="345"> TIR. Vtrum citatus vulnere angusto micat </l>
               <l n="346">an lentus altas irrigat plagas cruor?</l>
            </sp>

            <sp who="#manto">
               <speaker>Man.</speaker>
               <l n="347">Huius per ipsam qua patet pectus viam</l>
               <l n="348">effusus amnis, huius exiguo graves</l>
               <l n="349">maculantur ictus imbre; sed versus retro</l>
               <l n="350">per ora multus sanguis atque oculos redit. </l>
            </sp>

            <sp who="#teiresias">
               <speaker>Tir.</speaker>
               <l n="351">Infausta magnos sacra terrores cient.</l>
               <l n="352">sed ede certas viscerum nobis notas.</l>
            </sp>

            <sp who="#manto">
               <speaker>Man.</speaker>
               <l n="353">Genitor, quid hoc est? non levi motu, ut solent,</l>
               <l n="354">agitata trepidant exta, sed totas manus</l>
               <l n="355">quatiunt novusque prosilit venis cruor. </l>
               <l n="356">cor marcet aegrum penitus ac mersum latet</l>
               <l n="357">liventque venae; magna pars fibris abest</l>
               <l n="358">et felle nigro tabidum spumat iecur,</l>
               <l n="359">ac (semper omen unico imperio grave)</l>
               <l n="360">en capita paribus bina consurgunt toris; </l>
               <l n="361">sed utrumque caesum tenuis abscondit caput</l>
               <l n="362">membrana: latebram rebus occultis negans</l>
               <l n="363">hostile valido robore insurgit latus</l>
               <l n="364">septemque venas tendit; has omnis retro</l>
               <l n="365">prohibens reverti limes oblicus secat. </l>
               <l n="366">mutatus ordo est, sede nil propria iacet,</l>
               <l n="367">sed acta retro cuncta: non animae capax</l>
               <l n="368">in parte dextra pulmo sanguineus iacet,</l>
               <l n="369">non laeva cordi regio, non molli ambitu</l>
               <l n="370">omenta pingues visceri obtendunt sinus: </l>
               <l n="371">natura versa est, nulla lex utero manet,</l>
               <l n="372">scrutemur, unde tantus hic extis rigor.</l>
               <pb n="p.216"/>
               <l n="373">quod hoc nefas? conceptus innuptae bovis..</l>
               <l n="374">nec more solito positus alieno in loco,</l>
               <l n="375">implet parentem; membra cum gemitu movet, </l>
               <l n="376">rigore tremulo debiles artus micant;</l>
               <l n="377">infecit atras lividus fibras cruor</l>
               <l n="378">temptantque turpes mobilem trunci gradum,</l>
               <l n="379">et inane surgit corpus ac sacros petit</l>
               <l n="380">cornu ministros; viscera effugiunt manum. </l>
               <l n="381">neque ista, quae te pepulit, armenti gravis</l>
               <l n="382">vox est nec usquam territi resonant greges:</l>
               <l n="383">immugit aris ignis et trepidant foci.</l>
            </sp>
            <milestone n="384" unit="card"/>
            <sp who="#oedipus">
               <speaker>Oed.</speaker>
               <l n="384">Quid ista sacri signa terrifici ferant</l>
               <l n="385">exprome: voces aure non timida hauriam. </l>
               <l n="386">
                  <del>solent extrema facere securos mala.</del>
               </l>
            </sp>

            <sp who="#teiresias">
               <speaker>Tir.</speaker>
               <l n="387">His invidebis quibus opem quaeris malis.</l>
            </sp>

            <sp who="#oedipus">
               <speaker>Oed.</speaker>
               <l n="388">Memora quod unum scire caelicolae volunt,</l>
               <l n="389">contaminarit rege quis caeso manus.</l>
            </sp>

            <sp who="#teiresias">
               <speaker>Tir.</speaker>
               <l n="390">Nec alta caeli quae levi pinna secant </l>
               <l n="391">nec fibra vivis rapta pectoribus potest</l>
               <l n="392">ciere nomen; alia temptanda est via:</l>
               <l n="393">ipse evocandus noctis aeternae plagis,</l>
               <l n="394">emissus Erebo ut caedis auctorem indicet.</l>
               <l n="395">reseranda tellus, Ditis inplacabile </l>
               <l n="396">numen precandum, populus infernae Stygia</l>
               <l n="397">huc extrahendus: ede cui mandes sacrum;</l>
               <l n="398">nam te, penes quem summa regnorum, nefas</l>
               <l n="399">invisere umbras.</l>
            </sp>

            <sp who="#oedipus">
               <speaker>Oed.</speaker>
               <l n="399b" part="F">Te, Creo, hic poscit labor,</l>

               <l n="400">ad quem secundum regna respiciunt mea. </l>
            </sp>

            <sp who="#teiresias">
               <speaker>Tir.</speaker>
               <l n="401">Dum nos profundae claustra laxamus Stygis,</l>
               <l n="402">populare Bacchi laudibus carmen sonet.</l>
            </sp>
              <pb n="p.217"/>
            <sp who="#chorus">
               <speaker>Chorus</speaker>
               <l n="403">Effusam redimite comam nutante corymbo,</l>
               <l n="404">mollia Nysaeis armati bracchia thyrsis!</l>
               <l n="405">Lucidum caeli decus, huc ades </l>
               <l n="406">votis quae tibi nobiles</l>
               <l n="407">Thebae, Bacche, tuae</l>
               <l n="408">palmis supplicibus ferunt.</l>
               <l n="409">Huc adverte favens virgineum caput,</l>
               <l n="410">vultu sidereo discute nubila </l>
               <l n="411">et tristes Erebi minas</l>
               <l n="412">avidumque fatum.</l>
               <l n="413">Te decet cingi comam floribus vernis,</l>
               <l n="414">te caput Tyria cohibere mitra</l>
               <l n="415">hederave mollem</l>
               <l n="415b">bacifera religare frontem.</l>
               <l n="416">Spargere effusos sine lege crines,</l>
               <l n="417">rursus adducto revocare nodo;</l>
               <l n="418">qualis iratam metuens novercam</l>
               <l n="419">creveras falsos imitatus artus,</l>

               <l n="420">crine flaventi simulata virgo, </l>
               <l n="421">lutea vestem retinente zona:</l>
               <l n="422">inde tam molles placuere cultus</l>
               <l n="423">et sinus laxi fluidumque syrma.</l>
               <l n="424">Vidit aurato residere curru,</l>
               <l n="425">veste cum longa tegeres leones, </l>
               <pb n="p.218"/>
               <l n="426">omnis Eoae plaga vasta terrae,</l>
               <l n="427">qui bibit Gangen niveumque quisquis</l>
               <l n="428">frangit Araxen.</l>
               <l n="429">Te senior turpi sequitur Silenus asello,</l>
               <l n="430">turgida pampineis redimitus tempora sortis; </l>
               <l n="431">condita lascivi deducunt orgia mystae.</l>
               <l n="432">Te Bassaridum comitata cohors</l>
               <l n="433">nunc Edono pede pulsavit</l>
               <l n="434">sola Pangaeo, nunc Threicio</l>
               <l n="435">vertice Pindi; nunc Cadmeas </l>
               <l n="436">inter matres impia maenas</l>
               <l n="437">comes Ogygio venit laccho,</l>
               <l n="438">nebride sacra praecincta latus </l>

               <l n="441">thyrsumque levem vibrante manu, </l>

               <l n="439">tibi commotae pectora matres </l>
               <l n="439b">fudere comam.</l>

               <l n="440">iam post laceros Pentheos artus </l>

               <l n="442">thyades, oestro membra remissae, </l>
               <l n="443">velut ignotum videre nefas. </l>

               <l n="445">Ponti regna tenet nitidi matertera Bacchi </l>
               <l n="446">Nereidumque choris Cadmeia cingitur Ino;</l>
               <l n="447">ius habet in fluctus magni puer advena ponti,</l>
               <l n="448">cognatus Bacchi, numen non vile Palaemon.</l>
               <l n="449">Te Tyrrhena, puer, rapuit manus,</l>
               <l n="450">at tumidum Nereus posuit mare, </l>
               <pb n="p.219"/>
               <l n="451">caerula cum pratis mutat freta:</l>
               <l n="452">hinc verno platanus folio viret</l>
               <l n="453">et Phoebo laurus carum nemus;</l>
               <l n="454">garrula per ramos avis obstrepit;</l>
               <l n="455">vivaces hederas remus tenet, </l>
               <l n="456">summa ligat vitis carchesia..</l>
               <l n="457">Idaeus prora fremuit leo,</l>
               <l n="458">tigris puppe sedet Gangetica.</l>
               <l n="459">Tum pirata freto pavidus natat,</l>
               <l n="460">et nova demersos facies habet: </l>
               <l n="461">bracchia prima cadunt praedonibus</l>
               <l n="462">inlisumque utero pectus coit,</l>
               <l n="463">parvula dependet lateri manus</l>
               <l n="464">et dorso fluctum curvo subit,</l>
               <l n="465">lunata scindit cauda mare: </l>

               <l n="466a">et sequitur curvus fugientia </l>

               <l n="466b">carbasa delphin. </l>
               <l n="467">Divite Pactolos vexit te Lydius unda,</l>
               <l n="468">aurea torrenti deducens flumina ripa;</l>
               <l n="469">laxavit victos arcus Geticasque sagittas</l>
               <l n="470">lactea Massagetes qui pocula sanguine miscet; </l>
               <l n="471">regna securigeri Bacchum sensere Lycurgi;</l>
               <l n="472">sensere terrae † Zalacum feroces</l>
               <l n="473">et quos vicinus Boreas ferit</l>
               <l n="474">arva mutantes quasque Maeotis</l>
               <pb n="p.220"/>
               <l n="475">alluit gentes frigido fluctu </l>
               <l n="476">quasque despectat</l>

               <l n="476b">vertice summo </l>
               <l n="477">sidus Arcadium geminumque plaustrum.</l>
               <l n="478">Ille dispersos domuit Gelonos.</l>
               <l n="479">arma detraxit trucibus puellis:</l>
               <l n="480">ore deiecto petiere terram </l>
               <l n="481">Thermodontiacae catervae.</l>
               <l n="482">positisque tandem levibus sagittis</l>
               <l n="483">Maenades factae.</l>
               <l n="484">sacer Cithaeron sanguine undavit</l>
               <l n="485">Ophioniaque caede; </l>
               <l n="486">Proetides silvas petiere, et Argos</l>
               <l n="487">praesente Bacchum coluit noverca.</l>
               <l n="488">Naxos Aegaeo redimita ponto</l>
               <l n="489">tradidit thalamis relictam</l>
               <l n="490">virginem, meliore pensans</l>

               <l n="490b">damnum marito: </l>
               <l n="491">pumice ex sicco<gap reason="omitted"/>
               </l>
               <l n="492">fluxit Nyctelius latex;</l>
               <l n="493">garruli gramen secuere rivi,</l>
               <l n="494">conbibit dulces humus alta sucos</l>
               <l n="495">niveique lactis candidos fontes </l>
               <l n="496">et mixta odoro Lesbia cum thymo.</l>
               <l n="497">Ducitur magno nova nupta caelo:</l>
               <l n="498">solemne Phoebus carmen</l>
               <pb n="p.221"/>
               <l n="499">infusis humero capillis</l>
               <l n="500">cantat et geminus Cupido </l>
               <l n="501">concutit taedas.</l>
               <l n="502">telum deposuit Iuppiter igneum</l>
               <l n="503">oditque Baccho veniente fulmen.</l>
               <l n="504">Lucida dum current annosi sidera mundi,</l>
               <l n="505">Oceanus clausum dum fluctibus ambiet orbem </l>
               <l n="506">Lunaque dimissos dum plena recolliget ignes,</l>
               <l n="507">dum matutinos praedicet Lucifer ortus</l>
               <l n="508">altaque caeruleum dum Nerea nesciet Arctos,</l>
               <l n="509">candida formonsi venerabimur ora Lyaei.</l>
            </sp>
            <milestone n="510" unit="card"/>
            <sp who="#oedipus creon">
               <speaker>Oedipus Creo</speaker>
               <l n="510">Etsi ipse vultus flebiles praefert notas,</l>

               <l n="510b">exprome cuius capite placemus deos. </l>
            </sp>

            <sp who="#creon">
               <speaker>Cr.</speaker>
               <l n="511">Fari iubes tacere quae suadet metus.</l>
            </sp>

            <sp who="#oedipus">
               <speaker>Oed.</speaker>
               <l n="512">Si te luentes non satis Thebae movent,</l>
               <l n="513">at sceptra moveant lapsa cognatae domus.</l>
            </sp>

            <sp who="#creon">
               <speaker>Cr.</speaker>
               <l n="514">Nescisse cupies nosse quae nimium expetis.</l>
            </sp>

            <sp who="#oedipus">
               <speaker>Oed.</speaker>
               <l n="515">Iners malorum remedium ignorantia est. </l>
               <l n="516">itane et salutis publicae indicium obrues?</l>
            </sp>

            <sp who="#creon">
               <speaker>Cr.</speaker>
               <l n="517">Vbi turpis est medicina, sanari piget.</l>
            </sp>

            <sp who="#oedipus">
               <speaker>Oed.</speaker>
               <l n="518">Audita fare, vel malo domitus gravi</l>
               <l n="519">quid arma possint regis irati scies.</l>
            </sp>

            <sp who="#creon">
               <speaker>Cr.</speaker>
               <l n="520">Odere reges dicta quae dici iubent. </l>
            </sp>

            <sp who="#oedipus">
               <speaker>Oed.</speaker>
               <l n="521">Mittens Erebo vile pro cunctis caput,</l>
               <l n="522">arcana sacri voce ni retegis tua.</l>
            </sp>
              <pb n="p.222"/>
            <sp who="#creon">
               <speaker>Cr.</speaker>
               <l n="523">Tacere liceat, ulla libertas minor</l>
               <l n="524">a rege petitur?</l>
            </sp>

            <sp who="#oedipus">
               <speaker>Oed.</speaker>
               <l n="524b" part="F">Saepe vel lingua magis</l>

               <l n="525">regi atque regno muta libertas obest. </l>
            </sp>

            <sp who="#creon">
               <speaker>Cr.</speaker>
               <l n="526">Vbi non licet tacere, quid cuiquam licet?</l>
            </sp>

            <sp who="#oedipus">
               <speaker>Oed.</speaker>
               <l n="527">Imperia solvit qui tacet iussus loqui.</l>
            </sp>

            <sp who="#creon">
               <speaker>Cr.</speaker>
               <l n="528">Coacta verba placidus accipias precor.</l>
            </sp>

            <sp who="#oedipus">
               <speaker>Oed.</speaker>
               <l n="529">Vlline poena vocis expressae fuit?</l>
            </sp>

            <sp who="#creon">
               <speaker>Cr.</speaker>
               <l n="530">Est procul ab urbe lucus ilicibus niger, </l>
               <l n="531">Dircaea circa vallis inriguae loca.</l>
               <l n="532">cupressus altis exerens silvis caput</l>
               <l n="533">virente semper alligat trunco nemus,</l>
               <l n="534">curvosque tendit quercus et putres situ</l>
               <l n="535">annosa ramos: huius abrupit latus </l>
               <l n="536">edax vetustas; illa, iam fessa cadens</l>
               <l n="537">radice, fulta pendet aliena trabe,</l>
               <l n="538">amara bacas laurus et tiliae leves</l>
               <l n="539">et Paphia myrtus et per immensum mare</l>
               <l n="540">motura remos alnus et Phoebo obvia </l>
               <l n="541">enode Zephyris pinus opponens latus:</l>
               <l n="542">medio stat ingens arbor atque umbra gravi</l>
               <l n="543">silvas minores urguet et magno ambitu</l>
               <l n="544">diffusa ramos una defendit nemus,</l>
               <l n="545">tristis sub illa, lucis et Phoebi inscius, </l>
               <l n="546">restagnat umor frigore aeterno rigens;</l>
               <l n="547">limosa pigrum circumit fontem palus.</l>
               <l n="548">Huc ut sacerdos intulit senior gradum,</l>
               <l n="549">haut est moratus: praestitit noctem locus,</l>
               <l n="550">tum effossa tellus, et super rapti rogis </l>
               <l n="551">iaciuntur ignes, ipse funesto integit</l>
               <pb n="p.223"/>
               <l n="552">vates amictu corpus et frondem quatit,</l>
               <l n="553">lugubris imos palla perfundit pedes,</l>
               <l n="554">squalente cultu maestus ingreditur senex,</l>
               <l n="555">mortifera canam taxus adstringit comam. </l>
               <l n="556">nigro bidentes vellere atque atrae boves</l>
               <l n="557">intro trahuntur, flamma praedatur dapes,</l>
               <l n="558">vivumque trepidat igne ferali pecus,</l>
               <l n="559">vocat inde manes teque qui manes regis</l>
               <l n="560">" et obsidentem claustra Lethaei lacus, </l>
               <l n="561">carmenque magicum volvit et rabido minax</l>
               <l n="562">decantat ore quicquid aut placat leves</l>
               <l n="563">aut cogit umbras; sanguinem libat focis</l>
               <l n="564">solidasque pecudes urit et multo specum</l>
               <l n="565">saturat cruore; libat et niveum insuper </l>
               <l n="566">lactis liquorem, fundit et Bacchum manu</l>
               <l n="567">laeva canitque rursus ac terram intuens</l>
               <l n="568">graviore manes voce et attonita citat.</l>
               <l n="569">latravit Hecates turba; ter valles cavae</l>
               <l n="570">sonuere maestum, tota succusso solo </l>
               <l n="571">pulsata tellus. 'audior' vates ait,</l>
               <l n="572">'rata verba fudi: rumpitur caecum chaos</l>
               <l n="573">iterque populis Ditis ad superos datur'</l>
               <l n="574">subsedit omnis silva et erexit comas,</l>
               <l n="575">duxere rimas robora et totum nemus </l>
               <l n="576">concussit horror, terra se retro dedit</l>
               <l n="577">gemuitque penitus: sive temptari abditum</l>
               <l n="578">Acheron profundum mente non aequa tulit,</l>
               <l n="579">sive ipsa tellus, ut daret functis viam,</l>
               <l n="580">compage rupta sonuit; aut ira furens </l>
               <l n="581">triceps catenas Cerberus movit graves.</l>
               <pb n="p.224"/>
               <l n="582">subito dehiscit terra et immenso sinu</l>
               <l n="583">laxata patuit— ipse torpentes lacus</l>
               <l n="584">vidi inter umbras, ipse pallentes deos</l>
               <l n="585">noctemque veram; gelidus in venis stetit </l>
               <l n="586">haesitque sanguis, saeva prosiluit cohors</l>
               <l n="587">et stetit in armis omne vipereum genus,</l>
               <l n="588">fratrum catervae dente Dircaeo satae. </l>

               <l n="590">tum torva Erinys sonuit et caecus Furor </l>
               <l n="591">Horrorque et una quicquid aeternae creant</l>
               <l n="592">celantque tenebrae: Luctus avellens comam</l>
               <l n="593">aegreque lassum sustinens Morbus caput,</l>
               <l n="594">gravis Senectus sibimet et pendens Metus </l>

               <l n="589">avidumque populi Pestis Ogygii malum. </l>

               <l n="595">nos liquit animus, ipse quae ritus senis </l>
               <l n="596">artesque norat stupuit, intrepidus parens</l>
               <l n="597">audaxque damno convocat Ditis feri</l>
               <l n="598">exangue vulgus, ilico ut nebulae leves</l>
               <l n="599">volitant et auras libero caelo trahunt.</l>
               <l n="600">non tot caducas educat frondes Eryx </l>
               <l n="601">nec vere flores Hybla tot medio creat,</l>
               <l n="602">cum examen arto nectitur densum globo,</l>
               <l n="603">fluctusque non tot frangit Ionium mare,</l>
               <l n="604">nec tanta gelidi Strymonis fugiens minas</l>
               <l n="605">permutat hiemes ales et caelum secans </l>
               <l n="606">tepente Nilo pensat Arctoas nives</l>
               <l n="607">quot ille populos vatis eduxit sonus.</l>
               <l n="608">avide latebras nemoris umbrosi petunt</l>
               <l n="609">animae trementes.; primus emergit solo,</l>
               <l n="610">dextra ferocem cornibus taurum premens,  </l>
               <l n="611">Zethus, manuque sustinens laeva chelyn</l>
               <l n="612">qui saxa dulci traxit Amphion sono;</l>
               <pb n="p.225"/>
               <l n="613">interque natos Tantalis tandem suos</l>
               <l n="614">tuto superba fert caput fastu grave</l>
               <l n="615">et numerat umbras, peior hac genetrix adest </l>
               <l n="616">furibunda Agaue, tota quam sequitur manus</l>
               <l n="617">partita regem: sequitur et Bacchas lacer</l>
               <l n="618">Pentheus tenetque saevus etiam nunc minas,</l>
               <l n="619">tandem, vocatus saepe pudibundum extulit</l>
               <l n="620">caput atque ab omni dissidet turba procul</l>
               <l n="621">celatque semet (instat et Stygias preces</l>
               <l n="622">geminat sacerdos, donec in apertum efferat</l>
               <l n="623">vultus opertos) Laius— fari horreo:</l>
               <l n="624">stetit per artus sanguine effuso horridus,</l>
               <l n="625">paedore foedo squalidam obtectus comam, </l>
               <l n="626">et ore rabido fatur: 'O Cadmi effera,</l>
               <l n="627">cruore semper laeta cognato domus,</l>
               <l n="628">vibrate thyrsos, enthea gnatos manu</l>
               <l n="629">lacerate potius— maximum Thebis scelus</l>
               <l n="630">maternus amor est. patria, non ira deum </l>
               <l n="631">sed scelere raperis: non gravi flatu tibi</l>
               <l n="632">luctificus Auster nec parum pluvio aethere</l>
               <l n="633">satiata tellus halitu sicco nocet,</l>
               <l n="634">sed rex cruentus, pretia qui saevae necis</l>
               <l n="635">sceptra et nefandos occupat thalamos patris </l>

               <l n="638">egitque in ortus semet et matri impios </l>
               <l n="639">fetus regessit, quique, vix mos est feris,</l>
               <l n="640">fratres sibi ipse genuit— implicitum malum </l>
               <l n="641">magisque monstrum Sphinge perplexum sua.</l>

               <l n="636">invisa proles: sed tamen peior parens </l>
               <l n="637">quam gnatus, utero rursus infausto gravis. </l>

               <l n="642">te, te cruenta sceptra qui dextra geris, </l>
               <l n="643">te pater inultus urbe cum tota petam</l>
               <pb n="p.226"/>
               <l n="644">et mecum Erinyn pronubam thalami traham,</l>
               <l n="645">traham sonantis verbera, incestam domum </l>
               <l n="646">vertam et penates impio Marte obteram.</l>
               <l n="647">proinde pulsum finibus regem ocius</l>
               <l n="648">agite exulem quocumque funesto gradu;</l>
               <l n="649">solum relinquat: vere florifero virens</l>
               <l n="650">reparabit herbas, spiritus puros dabit </l>
               <l n="651">vitalis aura, veniet et silvis decor;</l>
               <l n="652">Letum Luesque, Mors Labor Tabes Dolor,</l>
               <l n="653">comitatus illo dignus, excedent simul;</l>
               <l n="654">et ipse rapidis gressibus sedes volet</l>
               <l n="655">effugere nostras, sed graves pedibus moras </l>
               <l n="656">addam et tenebo: reptet incertus viae,</l>
               <l n="657">baculo senili triste praetemptans iter:</l>
               <l n="658">eripite terras, auferam caelum pater.'</l>
            </sp>
            <milestone n="659" unit="card"/>
            <sp who="#oedipus">
               <speaker>Oed.</speaker>
               <l n="659">Et ossa et artus gelidus invasit tremor;</l>
               <l n="660">quicquid timebam facere fecisse arguor— </l>
               <l n="661">tori iugalis abnuit Merope nefas,</l>
               <l n="662">sociata Polybo; sospes absolvit manus</l>
               <l n="663">Polybus meas: uterque defendit parens</l>
               <l n="664">caedem stuprumque. quis locus culpae est super?</l>
               <l n="665">multo ante Thebae Laium amissum gemunt, </l>
               <l n="666">Bocota gressu quam meo tetigi loca.</l>
               <l n="667">falsusne senior an deus Thebis gravis?—</l>
               <l n="668">iam iam tenemus callidi socios doli:</l>
               <l n="669">mentitur ista praeferens fraudi deos</l>
               <l n="670">vates, tibique sceptra despondet mea. </l>
            </sp>

            <sp who="#creon">
               <speaker>Cr.</speaker>
               <l n="671">Egone ut sororem regia expelli velim?</l>
               <l n="672">si me fides sacrata cognati laris</l>
               <l n="673">non contineret in meo certum statu:</l>
               <pb n="p.227"/>
               <l n="674">tamen ipsa me fortuna terreret nimis</l>
               <l n="675">sollicita semper, liceat hoc tuto tibi </l>
               <l n="676">exuere pondus nec recedentem opprimat:</l>
               <l n="677">iam te minore tutior pones loco.</l>
            </sp>

            <sp who="#oedipus">
               <speaker>Oed.</speaker>
               <l n="678">Hortaris etiam, sponte deponam ut mea</l>
               <l n="679">tam gravia regna?</l>
            </sp>

            <sp who="#creon">
               <speaker>Cr.</speaker>
               <l n="679b" part="F">Suadeam hoc illis ego,</l>

               <l n="680">in utrumque quis., est liber etiamnum status: </l>
               <l n="681">tibi iam necesse est ferre fortunam tuam.</l>
            </sp>

            <sp who="#oedipus">
               <speaker>Oed.</speaker>
               <l n="682">Certissima est regnare cupienti via</l>
               <l n="683">laudare modica et otium ac somnum loqui;</l>
               <l n="684">ab inquieto saepe simulatur quies.</l>
            </sp>

            <sp who="#creon">
               <speaker>Cr.</speaker>
               <l n="685">Parumne me tam longa defendit fides? </l>
            </sp>

            <sp who="#oedipus">
               <speaker>Oed.</speaker>
               <l n="686">Aditum nocendi perfido praestat fides.</l>
            </sp>

            <sp who="#creon">
               <speaker>Cr.</speaker>
               <l n="687">Solutus onere regio regni bonis</l>
               <l n="688">fruor domusque civium coetu viget,</l>
               <l n="689">nec ulla vicibus surgit alternis dies</l>
               <l n="690">qua non propinqui munera ad nostros lares </l>
               <l n="691">sceptri redundent; cultus, opulentae dapes,</l>
               <l n="692">donata multis gratia nostra salus:</l>
               <l n="693">quid tam beatae desse fortunae rear?</l>
            </sp>

            <sp who="#oedipus">
               <speaker>Oed.</speaker>
               <l n="694">Quod dest: secunda non habent umquam modum.</l>
            </sp>

            <sp who="#creon">
               <speaker>Cr.</speaker>
               <l n="695">Incognita igitur ut nocens causa cadam? </l>
            </sp>

            <sp who="#oedipus">
               <speaker>Oed.</speaker>
               <l n="696">Num ratio vobis reddita est vitae meae?</l>
               <l n="697">num audita causa est nostra Tiresiae? tamen</l>
               <l n="698">sontes videmur, facitis exemplum: sequor.</l>
            </sp>

            <sp who="#creon">
               <speaker>Cr.</speaker>
               <l n="699">Quid si innocens sum?</l>
            </sp>

            <sp who="#oedipus">
               <speaker>Oed.</speaker>
               <l n="699b" part="F">Dubia pro certis solent</l>
               <l n="700">timere reges.</l>
            </sp>

            <sp who="#creon">
               <speaker>Cr.</speaker>
               <l n="700b" part="F">Qui pavet vanos metus, </l>
               <l n="701">veros moretur.</l>
            </sp>

            <sp who="#oedipus">
               <speaker>Oed.</speaker>
               <l n="701b" part="F">Quisquis in culpa fuit,</l>
               <pb n="p.228"/>
               <l n="702">dimissus odit: omne quod dubium est cadat.</l>
            </sp>

            <sp who="#creon">
               <speaker>Cr.</speaker>
               <l n="703">Sic odia fiunt.</l>
            </sp>

            <sp who="#oedipus">
               <speaker>Oed.</speaker>
               <l n="703b" part="F">Odia qui nimium timet</l>
               <l n="704">regnare nescit: regna custodit metus.</l>
            </sp>

            <sp who="#creon">
               <speaker>Cr.</speaker>
               <l n="705">Qui sceptra duro saevus imperio regit, </l>
               <l n="706">timet timentes: metus in auctorem redit.</l>
            </sp>

            <sp who="#oedipus">
               <speaker>Oed.</speaker>
               <l n="707">Servate sontem saxeo. inclusum specu,</l>
               <l n="708">ipse ad penates regios referam gradum.</l>
            </sp>
            <milestone n="709" unit="card"/>
            <sp who="#chorus">
               <speaker>Chorus</speaker>
               <l n="709">Non tu tantis causa periclis,</l>
               <l n="710">non hinc Labdacidos petunt </l>
               <l n="711">fata, sed veteres deum</l>
               <l n="712">irae secuntur: Castalium nemus</l>
               <l n="713">umbram Sidonio praebuit hospiti</l>
               <l n="714">lavitque Dirce Tyrios colonos,</l>
               <l n="715">ut primum magni natus Agenoris </l>
               <l n="716">fessus per urbem furta sequi Iovis,</l>
               <l n="717">sub nostra pavidus constitit arbore</l>
               <l n="718">praedonem venerans suum</l>
               <l n="719">monituque Phoebi</l>
               <l n="720">iussus erranti comes ire vaccae, </l>
               <l n="721">quam non flexerat</l>
               <l n="722">vomer aut tardi iuga curva plaustri,</l>
               <l n="723">deseruit fugas nomenque genti</l>
               <l n="724">inauspicata de bove tradidit.</l>
               <l n="725">Tempore ex illo nova monstra semper <lb/>protulit tellus: </l>
               <l n="726">aut anguis imis vallibus editus</l>
               <l n="727">annosa supra robora sibilat</l>
               <pb n="p.229"/>
               <l n="728">superatque pinus:</l>

               <l n="728b">supra Chaonias celsior arbores </l>
               <l n="729">erexit caeruleum caput,</l>

               <l n="730">cum maiore sui parte recumberet; </l>
               <l n="731">aut feta tellus impio partu</l>
               <l n="732">effudit arma: sonuit reflexo</l>
               <l n="733">classicum cornu lituusque adunco</l>
               <l n="734">stridulos cantus elisit aere,</l>
               <l n="734l">*<gap reason="lost"/>
               </l>

               <l n="735">ante non linguas agiles et ora </l>
               <l n="736">vocis ignotae clamore primum</l>
               <l n="737">hostico experti:</l>
               <l n="738">Agmina campos cognata tenent,</l>
               <l n="739">dignaque iacto semine proles,</l>
               <l n="740">uno aetatem permensa die, </l>
               <l n="741">post Luciferi nata meatus</l>
               <l n="742">ante Hesperios occidit ortus,</l>
               <l n="743">horret tantis advena monstris</l>
               <l n="744">populique timet bella recentis,</l>
               <l n="745">donec cecidit saeva iuventus </l>
               <l n="746">genetrixque suo reddi gremio</l>
               <l n="747">modo productos vidit alumnos.</l>
               <l n="748">hac transierit civile nefas!</l>
               <l n="749">illa Herculeae norint Thebae</l>
               <l n="750">proelia fratrum. </l>
               <l n="751">Quid Cadmei fata nepotis,</l>
               <l n="752">cum vivacis cornua cervi</l>
               <l n="753">frontem ramis texere novis</l>
               <l n="754">dominumque canes egere suum?</l>
               <pb n="p.230"/>
               <l n="755">praeceps silvas montesque fugit </l>
               <l n="756">citus Actaeon agilique magis</l>
               <l n="757">pede per saltus ac saxa vagus</l>
               <l n="758">metuit motas zephyris plumas</l>
               <l n="759">et quae posuit retia vitat:</l>
               <l n="760">donec placidi fontis in unda </l>
               <l n="761">cornua vidit vultusque feros;</l>
               <l n="762">ibi virgineos foverat artus</l>
               <l n="763">nimium saevi diva pudoris.</l>
            </sp>

            <sp who="#oedipus iocasta">
               <speaker>Oedipus Iocasta</speaker>
               <l n="764">C aras revolvit animus et repetit metus,</l>
               <l n="765">obisse nostro Laium scelere autumant </l>
               <l n="766">superi inferique, sed animus contra innocens</l>
               <l n="767">sibique melius quam deis notus negat,</l>
               <l n="768">redit memoria tenue per vestigium,</l>
               <l n="769">cecidisse nostri stipitis pulsu obvium</l>
               <l n="770">datumque Diti cum prior iuvenem senex, </l>
               <l n="771">curru superbus, pelleret, Thebis procul</l>
               <l n="772">Phocasaea trifidas regio qua scindit vias.</l>
               <l n="773">unanima coniunx, explica errores precor:</l>
               <l n="774">quae spatia moriens Laius vitae tulit?</l>
               <l n="775">primone in aevo viridis an fracto occidit? </l>
            </sp>
            <milestone n="776" unit="card"/>
            <sp who="#iocasta">
               <speaker>Ioc.</speaker>
               <l n="776">Inter senem iuvenemque, sed propior seni.</l>
            </sp>

            <sp who="#oedipus">
               <speaker>Oed.</speaker>
               <l n="777">Frequensne turba regium cinxit latus?</l>
            </sp>

            <sp who="#iocasta">
               <speaker>Ioc.</speaker>
               <l n="778">Plures fefellit error ancipitis viae,</l>
               <l n="779">paucos fidelis curribus iunxit labor.</l>
            </sp>

            <sp who="#oedipus">
               <speaker>Oed.</speaker>
               <l n="780">Aliquisne cecidit regio fato comes? </l>
               <l n="781">ioc. Vnum fides virtusque consortem addidit.</l>
            </sp>

            <sp who="#oedipus">
               <speaker>Oed.</speaker>
               <l n="782">Teneo nocentem, convenit numerus, locus:</l>
               <l n="783">sed tempus adde.</l>
            </sp>

            <sp who="#iocasta">
               <speaker>Ioc.</speaker>
               <l n="783n">Decima iam metitur seges.</l>
            </sp>
              <pb n="p.231"/>
            <sp who="#senex iocasta">
               <speaker>Senex Corinthius Iocasta</speaker>
               <l n="784">Corinthius te populus in regnum vocat</l>

               <l n="785">patrium: quietem Polybus aeternam obtinet. </l>
            </sp>

            <sp who="#oedipus">
               <speaker>Oed.</speaker>
               <l n="786">Vt undique in me saeva Fortuna irruit!</l>
               <l n="787">edissere agedum, quo cadat fato parens.</l>
            </sp>

            <sp who="#senex">
               <speaker>Sen.</speaker>
               <l n="788">Animam senilem mollis exsolvit sopor.</l>
            </sp>

            <sp who="#oedipus">
               <speaker>Oed.</speaker>
               <l n="789">Genitor sine ulla caede defunctus iacet,</l>
               <l n="790">testor, licet iam tollere ad caelum pie </l>
               <l n="791">puras nec ulla scelera metuentes manus,</l>
               <l n="792">sed pars magis metuenda fatorum manet.</l>
            </sp>

            <sp who="#senex">
               <speaker>Sen.</speaker>
               <l n="793">Omnem paterna regna discutient metum.</l>
            </sp>

            <sp who="#oedipus">
               <speaker>Oed.</speaker>
               <l n="794">Repetam paterna regna; sed matrem horreo.</l>
            </sp>

            <sp who="#senex">
               <speaker>Sen.</speaker>
               <l n="795">Metuis parentem, quae tuum reditum expetens </l>
               <l n="796">sollicita pendet?</l>
            </sp>

            <sp who="#oedipus">
               <speaker>Oed.</speaker>
               <l n="796b" part="F">Ipsa me pietas fugat.</l>
            </sp>

            <sp who="#senex">
               <speaker>Sen.</speaker>
               <l n="797">Viduam relinques?</l>
            </sp>

            <sp who="#oedipus">
               <speaker>Oed.</speaker>
               <l n="797b" part="F">Tangis en ipsos metus.—</l>
            </sp>

            <sp who="#senex">
               <speaker>Sen.</speaker>
               <l n="798">Effare morsus quis premat mentem timor;</l>
               <l n="799">praestare tacitam regibus soleo fidem.</l>
            </sp>

            <sp who="#oedipus">
               <speaker>Oed.</speaker>
               <l n="800">Conubia matris Delphico admonitu tremo. </l>
            </sp>

            <sp who="#senex">
               <speaker>Sen.</speaker>
               <l n="801">Timere vana desine et turpes metus</l>
               <l n="802">depone: Merope vera non fuerat parens.</l>
            </sp>

            <sp who="#oedipus">
               <speaker>Oed.</speaker>
               <l n="803">Quod subditi vi praemium gnati petit?</l>
            </sp>

            <sp who="#senex">
               <speaker>Sen.</speaker>
               <l n="804">Regum superbam liberi astringunt fidem.</l>
            </sp>

            <sp who="#oedipus">
               <speaker>Oed.</speaker>
               <l n="805">Secreta thalami fare quo excipias modo. </l>
            </sp>

            <sp who="#senex">
               <speaker>Sen.</speaker>
               <l n="806">Hae te parenti parvulum tradunt manus.</l>
            </sp>

            <sp who="#oedipus">
               <speaker>Oed.</speaker>
               <l n="807">Tu me parenti tradis; at quis me tibi?</l>
            </sp>

            <sp who="#senex">
               <speaker>Sen.</speaker>
               <l n="808">Pastor nivoso sub Cithaeronis iugo.</l>
            </sp>

            <sp who="#oedipus">
               <speaker>Oed.</speaker>
               <l n="809">In illa temet nemora quis casus tulit?</l>
            </sp>

            <sp who="#senex">
               <speaker>Sen.</speaker>
               <l n="810">Illo sequebar monte cornigeros greges. </l>
            </sp>

            <sp who="#oedipus">
               <speaker>Oed.</speaker>
               <l n="811">Nunc adice certas corporis nostri notas.</l>
            </sp>
              <pb n="p.232"/>
            <sp who="#senex">
               <speaker>Sen.</speaker>
               <l n="812">Forata ferro gesseras vestigia,</l>
               <l n="813">tumore nactus nomen ac vitio pedum.</l>
            </sp>

            <sp who="#oedipus">
               <speaker>Oed.</speaker>
               <l n="814">Quis fuerit ille qui meum dono dedit</l>
               <l n="815">corpus requiro.</l>
            </sp>

            <sp who="#senex">
               <speaker>Sen.</speaker>
               <l n="815b" part="F">Regios pavit greges; </l>
               <l n="816">minor sub illo turba pastorum fuit.</l>
            </sp>

            <sp who="#oedipus">
               <speaker>Oed.</speaker>
               <l n="817">Eloquere nomen.</l>
            </sp>

            <sp who="#senex">
               <speaker>Sen.</speaker>
               <l n="817b" part="F">Prima languescit senum</l>
               <l n="818">memoria longo lassa sublabens situ.</l>
            </sp>

            <sp who="#oedipus">
               <speaker>Oed.</speaker>
               <l n="819">Potesne facie noscere ac vultu virum?</l>
            </sp>

            <sp who="#senex">
               <speaker>Sen.</speaker>
               <l n="820">Fortasse noscam: saepe iam spatio Obrutam </l>
               <l n="821">levis exoletam memoriam revocat nota.</l>
            </sp>

            <sp who="#oedipus">
               <speaker>Oed.</speaker>
               <l n="822">Ad sacra et aras omne compulsum pecus</l>
               <l n="823">duces sequantur; ite, propere accersite,</l>
               <l n="824">famuli, penes quos summa consistit gregum.</l>
            </sp>

            <sp who="#senex">
               <speaker>Sen.</speaker>
               <l n="825">Sive ista ratio sive fortuna occulit, </l>
               <l n="826">latere semper patere quod latuit diu:</l>
               <l n="827">saepe eruentis veritas patuit malo.</l>
            </sp>

            <sp who="#oedipus">
               <speaker>Oed.</speaker>
               <l n="828">Malum timeri maius bis aliquod potest?</l>
            </sp>

            <sp who="#senex">
               <speaker>Sen.</speaker>
               <l n="829">Magnum esse magna mole quod petitur scias,</l>
               <l n="830">concurrit illinc publica, hinc regis salus: </l>
               <l n="831">utrimque paria; contine medias manus,</l>
               <l n="832">nihil lacessas, ipsa se fata explicent.</l>
            </sp>

            <sp who="#oedipus">
               <speaker>Oed.</speaker>
               <l n="833">Non expedit concutere felicem statum:</l>
               <l n="834">tuto movetur quicquid extremo in loco est.</l>
            </sp>

            <sp who="#senex">
               <speaker>Sen.</speaker>
               <l n="835">Nobilius aliquid genere regali appetis? </l>
               <l n="836">ne te parentis pigeat inventi vide.</l>
            </sp>
            <milestone n="837" unit="card"/>
            <sp who="#oedipus">
               <speaker>Oed.</speaker>
               <l n="837">Vel paenitendi sanguinis quaeram fidem,</l>
               <l n="838">si nosse certum est. ecce grandaevus senex,</l>
               <l n="839">arbitria sub quo regii fuerant gregis,</l>
               <l n="840">Phorbas. refersne nomen aut vultum senis? </l>
            </sp>

            <sp who="#senex">
               <speaker>Sen.</speaker>
               <l n="841">Adlidet animo forma; nec notus satis,</l>
               <l n="842">nec rursus iste vultus ignotus mihi.</l>
            </sp>
              <pb n="p.233"/>
            <sp who="#oedipus">
               <speaker>Oed.</speaker>
               <l n="843">Regnum optinente Laio famulus greges</l>
               <l n="844">agitasti opimos sub Cithaeronis plaga?</l>
            </sp>

            <sp who="#phorbas oedipus">
               <speaker>Phorbas Oedipus</speaker>
               <l n="845">Laetus Cithaeron pabulo semper novo </l>
               <l n="846">aestiva nostro prata summittit gregi.</l>
               <l n="847">SEN, Noscisne memet?</l>
            </sp>

            <sp who="#phorbas">
               <speaker>Phor.</speaker>
               <l n="847b" part="F">Dubitat anceps memoria.</l>
            </sp>

            <sp who="#oedipus">
               <speaker>Oed.</speaker>
               <l n="848">Huic aliquis a te traditur quondam puer?</l>
               <l n="849">effare. dubitas? cur genas mutat color?</l>

               <l n="850">quid verba quaeris? veritas odit moras. </l>
            </sp>

            <sp who="#phorbas">
               <speaker>Phor.</speaker>
               <l n="851">Obducta longo temporum tractu moves.</l>
            </sp>

            <sp who="#oedipus">
               <speaker>Oed.</speaker>
               <l n="852">Fatere, ne te .cogat ad verum dolor.</l>
            </sp>

            <sp who="#phorbas">
               <speaker>Phor.</speaker>
               <l n="853">Inutile isti munus infantis dedi:</l>
               <l n="854">non potuit ille luce, non caelo frui.</l>
            </sp>

            <sp who="#senex">
               <speaker>Sen.</speaker>
               <l n="855">Procul sit omen. vivit et vivat precor. </l>
            </sp>

            <sp who="#oedipus">
               <speaker>Oed.</speaker>
               <l n="856">Superesse quare traditum infantem negas?</l>
            </sp>

            <sp who="#phorbas">
               <speaker>Phor.</speaker>
               <l n="857">Ferrum per ambos tenue transactum pedes</l>
               <l n="858">ligabat artus, vulneri innatus tumor</l>
               <l n="859">puerile foeda corpus urebat lue.</l>
            </sp>

            <sp who="#oedipus">
               <speaker>Oed.</speaker>
               <l n="860">Quid quaeris ultra? fata iam accedunt prope. </l>
               <l n="861">quis fuerit infans edoce.</l>
            </sp>

            <sp who="#phorbas">
               <speaker>Phor.</speaker>
               <l n="861b" part="F">Prohibet fides.</l>
            </sp>

            <sp who="#oedipus">
               <speaker>Oed.</speaker>
               <l n="862">Huc aliquis ignem! flamma iam excutiet fidem.</l>
            </sp>

            <sp who="#phorbas">
               <speaker>Phor.</speaker>
               <l n="863">Per tam cruentas vera quaerentur vias?</l>
               <l n="864" part="I">ignosce quaeso.</l>
            </sp> 
            <sp who="#oedipus">
               <speaker>Oed.</speaker>
               <l part="F" n="864b">Si ferus videor tibi</l>

               <l n="865">et impotens, parata vindicta in manu est: </l>
               <l n="866">dic vera: quisnam? quove generatus patre?</l>
               <l n="867" part="I">qua matre genitus?</l>
            </sp> 
            <sp who="#phorbas">
               <speaker>Phor.</speaker>
               <l n="867b" part="F">coniuge est genitus tua.</l>
            </sp>
              <pb n="p.234"/>
            <sp who="#oedipus">
               <speaker>Oed.</speaker>
               <l n="868">Dehisce, tellus, tuque tenebrarum potens,</l>
               <l n="869">m Tartara ima, rector umbrarum, rape</l>
               <l n="870">retro reversus generis ac stirpis vices. </l>
               <l n="871">congerite, cives, saxa in infandum caput,</l>
               <l n="872">mactate telis: me petat ferro parens,</l>
               <l n="873">me gnatus, in me coniuges arment manus</l>
               <l n="874">fratresque, et aeger populus ereptos rogis</l>
               <l n="875">iaculetur ignes, saeculi crimen vagor, </l>
               <l n="876">odium deorum, iuris exitium sacri,</l>
               <l n="877">qua luce primum spiritus hausi rudes</l>
               <l n="878">iam morte dignus, redde nunc animos † acres,</l>
               <l n="879">nunc aliquid aude sceleribus dignum tuis.</l>
               <l n="880">i, perge, propero regiam gressu pete: </l>
               <l n="881">gratare matri liberis auctam domum.</l>
            </sp>

            <sp who="#chorus">
               <speaker>Chorus</speaker>
               <l n="882">Fata si liceat mihi</l>
               <l n="883">fingere arbitrio meo,</l>
               <l n="884">temperem zephyro levi</l>
               <l n="885">vela, ne pressae gravi </l>
               <l n="886">spiritu antennae tremant:</l>
               <l n="887">lenis et modice fluens</l>
               <l n="888">aura nec vergens latus</l>
               <l n="889">ducat intrepidam ratem;</l>
               <l n="890">tuta me media vehat </l>
               <l n="891">vita decurrens via.</l>
               <l n="892">Gnosium regem timens</l>
               <l n="893">astra dum demens petit</l>
               <pb n="p.235"/>
               <l n="894">artibus fisus novis,</l>
               <l n="895">certat et veras aves </l>
               <l n="896">vincere ac falsis nimis</l>
               <l n="897">imperat pinnis puer,</l>
               <l n="898">nomen eripuit freto;</l>
               <l n="899">callidus medium senex</l>
               <l n="900">Daedalus librans iter </l>
               <l n="901">nube sub media stetit,</l>
               <l n="902">alitem expectans suum</l>
               <l n="903">(qualis accipitris minas</l>
               <l n="904">fugit et sparsos metu</l>
               <l n="905">conligit fetus avis), </l>
               <l n="906">donec in ponto manus</l>
               <l n="907">movit implicitas puer</l>
               <l n="908">compede audacis viae.</l>
               <l n="909">quicquid excessit modum</l>
               <l n="910">pendet instabili loco. </l>
               <l n="911">Sed quid hoc? postes sonant;</l>
               <l n="912">maestus en famulus manu</l>
               <l n="913">regius quassat caput,</l>
               <l n="914">ede quid portes novi.</l>
            </sp>
            <milestone n="914" unit="card"/>
            <sp who="#nuntius">
               <speaker>Nuntius</speaker>
               <l n="915">Praedicta postquam fata et infandum genus </l>
               <l n="916">deprendit ac se scelere convictum Oedipus</l>
               <l n="917">damnavit ipse, regiam infestus petens</l>
               <l n="918">invisa propero tecta penetravit gradu</l>
               <l n="919">qualis per arva Libycus insanit leo,</l>
               <l n="920">fulvam minaci fronte concutiens iubam; </l>
               <l n="921">vultus furore torvus atque oculi truces,</l>
               <l n="922">gemitus et altum murmur, et gelidus fluit</l>
               <pb n="p.236"/>
               <l n="923">sudor per artus, spumat et volvit minas</l>
               <l n="924">ac mersus alte magnus exundat dolor.</l>
               <l n="925">secum ipse saevus grande nescio quid parat </l>
               <l n="926">suisque fatis simile, 'quid poenas moror?'</l>
               <l n="927">ait 'hoc scelestum pectus aut ferro petat,</l>
               <l n="928">aut fervido aliquis igne vel saxo domet.</l>
               <l n="929">quae tigris aut quae saeva visceribus meis</l>
               <l n="930">incurret ales? ipse tu scelerum capax, </l>
               <l n="931">sacer Cithaeron, vel feras in me tuas</l>
               <l n="932">emitte silvis, mitte vel rabidos canes—</l>
               <l n="933">nunc redde Agauen. anime, quid mortem times?</l>
               <l n="934">mors innocentem sola Fortunae eripit.'</l>
               <l n="935">haec fatus aptat impiam capulo manum </l>
               <l n="936">ensemque ducit, 'itane? tam magnis breves</l>
               <l n="937">poenas sceleribus solvis atque uno omnia</l>
               <l n="938">pensabis ictu? moreris: hoc patri sat est;</l>
               <l n="939">quid deinde matri, quid male in lucem editis</l>
               <l n="940">gnatis, quid ipsi, quae tuum magna luit </l>
               <l n="941">scelus ruina, flebili patriae dabis?</l>
               <l n="942">solvendo non es: illa quae leges ratas</l>
               <l n="943">Natura in uno vertit Oedipoda, novos</l>
               <l n="944">commenta partus, supplices eadem meis</l>
               <l n="945">novetur. iterum vivere atque iterum mori </l>
               <l n="946">liceat, renasci semper ut totiens nova</l>
               <l n="947">supplicia pendas— utere ingenio, miser:</l>
               <l n="948">quod saepe fieri non potest fiat diu;</l>
               <l n="949">mors eligatur longa, quaeratur via</l>
               <l n="950">qua nec sepultis mixtus et vivis tamen </l>
               <l n="951">exemptus erres: morere, sed citra patrem.</l>
               <l n="952">cunctaris, anime?' subitus en vultus gravat</l>
               <l n="953">profusus imber ac rigat fletu genas.</l>
               <l n="954">'et flere satis est? hactenus fundent levem</l>
               <l n="955">oculi liquorem? sedibus pulsi suis </l>
               <pb n="p.237"/>
               <l n="956">lacrimas sequantur: di maritales. satin?</l>
               <l n="957">fodiantur oculi!' dixit atque ira furit:</l>
               <l n="958">ardent minaces igne truculento genae</l>
               <l n="959">oculique vix se sedibus retinent suis;</l>
               <l n="960">violentus audax vultus, iratus ferox, </l>
               <l n="961">tantum furentis; gemuit et dirum fremens</l>
               <l n="962">manus in ora torsit, at contra truces</l>
               <l n="963">oculi steterunt et suam intenti manum</l>
               <l n="964">ultro insecuntur, vulneri occurrunt suo.</l>
               <l n="965">scrutatur avidus manibus uncis lumina, </l>
               <l n="966">radice ab ima funditus vulsos simul</l>
               <l n="967">evolvit orbes; haeret in vacuo manus</l>
               <l n="968">et fixa penitus unguibus lacerat cavos</l>
               <l n="969">alte recessus luminum et inanes sinus,</l>
               <l n="970">saevitque frustra plusque quam satis est furit. </l>
               <l n="971">Factum est periclum lucis; attollit caput</l>
               <l n="972">cavisque lustrans orbibus caeli plagas</l>
               <l n="973">noctem experitur. quicquid effossis male</l>
               <l n="974">dependet oculis rumpit, et victor deos</l>
               <l n="975">conclamat omnis: 'parcite, en, patriae precor: </l>
               <l n="976">iam iusta feci, debitas poenas tuli;</l>
               <l n="977">inventa thalamis digna nox tandem meis.</l>
               <l n="978">rigat ora foedus imber et lacerum caput</l>
               <l n="979">largum revulsis sanguinem venis vomit.</l>
            </sp>
            <milestone n="980" unit="card"/>
            <sp who="#chorus">
               <speaker>Chorus</speaker>
               <l n="980">Fatis agimur: cedite fatis; </l>
               <l n="981">non sollicitae possunt curae</l>
               <l n="982">mutare rati stamina fusi.</l>
               <l n="983">quicquid patimur mortale genus,</l>
               <pb n="p.238"/>
               <l n="984">quicquid facimus venit ex alto,</l>
               <l n="985">servatque suae decreta colus. </l>
               <l n="986">Lachesis nulla revoluta manu.</l>
               <l n="987">omnia secto tramite vadunt</l>
               <l n="988">primusque dies dedit extremum:</l>
               <l n="989">non illa deo vertisse licet</l>
               <l n="990">quae nexa suis currunt causis. </l>
               <l n="991">it cuique ratus prece non ulla</l>
               <l n="992">mobilis ordo: multis ipsum</l>
               <l n="993">metuisse nocet, multi ad fatum</l>
               <l n="994">venere suum dum fata timent.</l>
               <l n="995">Sonuere fores atque ipse suum. </l>
               <l n="996">duce non ullo molitur iter</l>
               <l n="997">luminis orbus.</l>
            </sp>

            <sp who="#oedipus chorus iocasta">
               <speaker>Oedipus Chorus Iocasta</speaker>
               <l n="998">Bene habet, peractum est: iusta persolvi patri,</l>
               <l n="999">iuvant tenebrae, quis deus tandem mihi</l>
               <l n="1000">placatus atra nube perfundit caput? </l>
               <l n="1001">quis scelera donat? conscium evasi diem.</l>
               <l n="1002">nil, parricida, dexterae debes tuae:</l>
               <l n="1003">lux te refugit, vultus Oedipodam hic decet.</l>
            </sp>

            <sp who="#chorus">
               <speaker>Chor.</speaker>
               <l n="1004">En ecce, rapido saeva prosiluit gradu</l>
               <l n="1005">Iocasta vaecors, qualis attonita et furens </l>
               <l n="1006">Cadmea mater abstulit gnato caput</l>
               <l n="1007">sensitque raptum, dubitat afflictum alioqui,</l>
               <l n="1008">cupit pavetque. iam malis cessit pudor,</l>
               <l n="1009">set haeret ore prima vox. ioc. Quid te vocem?</l>
               <l n="1010">gnatumue? dubitas? gnatus es: gnatum pudet? </l>
               <pb n="p.239"/>
               <l n="1011">invite loquere gnate— quo avertis caput</l>
               <l n="1012">vacuosque vultus?</l>
            </sp>

            <sp who="#oedipus">
               <speaker>Oed.</speaker>
               <l n="1012b" part="F">Quis frui tenebris vetat?</l>
               <l n="1013">quis reddit oculos? matris, en matris sonus!</l>
               <l n="1014">perdidimus operam, congredi fas amplius</l>

               <l n="1015">haut est. nefandos dividat vastum mare </l>
               <l n="1016">dirimatque tellus abdita et quisquis sub hoc</l>
               <l n="1017">in alia versus sidera ac solem avium</l>
               <l n="1018">dependet orbis alterum ex nobis ferat.</l>
            </sp>

            <sp who="#iocasta">
               <speaker>Ioc.</speaker>
               <l n="1019">Fati ista culpa est: nemo fit fato nocens.</l>
            </sp>

            <sp who="#oedipus">
               <speaker>Oed.</speaker>
               <l n="1020">Iam parce verbis, mater, et parce auribus: </l>
               <l n="1021">per has reliquias corporis trunci peto,</l>
               <l n="1022">per inauspicatum sanguinis pignus mei,</l>
               <l n="1023">per omne nostri nominis fas ac nefas.</l>
            </sp>

            <sp who="#iocasta">
               <speaker>Ioc.</speaker>
               <l n="1024">Quid, anime, torpes? socia cur scelerum dare</l>
               <l n="1025">poenas recusas? omne confusum' perit, </l>
               <l n="1026">, incesta, per te iuris humani decus:</l>
               <l n="1027">morere et nefastum spiritum ferro exige.</l>
               <l n="1028">non si ipse mundum concitans divum sator</l>
               <l n="1029">corusca saeva tela iaculetur manu,</l>
               <l n="1030">umquam rependam sceleribus poenas pares </l>
               <l n="1031">mater nefanda, mors placet: mortis via</l>
               <l n="1032">quaeratur, age dum, commoda matri manum,</l>
               <l n="1033">si parricida es. restat hoc operae ultimum:</l>
               <l n="1034">rapiatur ensis; hoc iacet ferro meus</l>
               <l n="1035">coniunx— quid illum nomine haud vero vocas? </l>
               <l n="1036">socer est. utrumne pectori infigam meo</l>
               <l n="1037">telum an patenti conditum iugulo inprimam?</l>
               <l n="1038">eligere nescis vulnus: hunc, dextra, hunc pete</l>
               <l n="1039">.uterum capacem, qui virum et gnatos tulit.</l>
            </sp>

            <sp who="#chorus">
               <speaker>Chor.</speaker>
               <l n="1040">Iacet perempta. vulneri immoritur manus </l>
               <pb n="p.240"/>
               <l n="1041">ferrumque secum nimius eiecit cruor.</l>
            </sp>

            <sp who="#oedipus">
               <speaker>Oed.</speaker>
               <l n="1042">Fatidice te, te praesidem et veri deum</l>
               <l n="1043">compello: solum debui fatis patrem;</l>
               <l n="1044">bis parricida plusque quam timui nocens</l>
               <l n="1045">matrem peremi: scelere confecta est meo. </l>
               <l n="1046">0 Phoebe mendax, fata superavi impia.</l>
               <l n="1047">Pavitante gressu sequere pallentes vias;</l>
               <l n="1048">suspensa plantis efferens vestigia</l>
               <l n="1049">caecam tremente dextera noctem rege.</l>
               <l n="1050">ingredere praeceps, lubricos ponens gradus, </l>
               <l n="1051">1 profuge vade— siste, ne in matrem incidas,</l>
               <l n="1052">quicumque fessi corpore et morbo graves</l>
               <l n="1053">semanima trahitis pectora, en fugio exeo:</l>
               <l n="1054">relevate colla, mitior caeli status</l>
               <l n="1055">posterga sequitur: quisquis exilem iacens , </l>
               <l n="1056">animam retentat, vividos haustus levis</l>
               <l n="1057">concipiat. ite, ferte depositis opem:</l>
               <l n="1058">mortifera mecum vitia terrarum extraho.</l>
               <l n="1059">violenta Fata et horridus Morbi tremor,</l>
               <l n="1060">Maciesque et atra Pestis et rabidus Dolor, </l>
               <l n="1061">mecum ite, mecum, ducibus his uti libet.</l>
            </sp>
         </div>
      </body>
   </text>
</TEI>