<?xml version="1.0" encoding="UTF-8"?>
<?xml-model href="http://www.stoa.org/epidoc/schema/8.21/tei-epidoc.rng"
                         schematypens="http://relaxng.org/ns/structure/1.0"?>
<?xml-model href="http://www.stoa.org/epidoc/schema/8.21/tei-epidoc.rng"
                         schematypens="http://purl.oclc.org/dsdl/schematron"?>
<TEI xmlns="http://www.tei-c.org/ns/1.0">
  <teiHeader>
    <fileDesc>
        <titleStmt>
            <title>Carmina Omnia</title>
            <author>Sulpicia</author>
            <editor role="commentator">Anne Mahoney</editor>
            <sponsor>Perseus Project, Tufts University</sponsor>
            <principal>Gregory Crane</principal>
            <respStmt>
                <resp>Prepared under the supervision of</resp>
                <name>Bridget Almas</name>
                <name>Lisa Cerrato</name>
                <name>David Smith</name>
            </respStmt>
            <funder n="org:FIPSE">Fund for the Improvement of Postsecondary Education</funder>
        </titleStmt>
        <publicationStmt>
            <publisher>Trustees of Tufts University</publisher>
            <pubPlace>Medford, MA</pubPlace>
            <authority>Perseus Project</authority>
            <date type="release">2000-08-01</date>
        </publicationStmt>
        
        
        <sourceDesc>
            <bibl>
                <title>Sulpicia:  Text, translation, and commentary</title>
                <author>Anne Mahoney</author>
                <date>2000</date>
                <publisher>Text created electronically</publisher>
            </bibl>
        </sourceDesc>
    </fileDesc>
    
    <encodingDesc>
        <refsDecl>
            <refState unit="text"/>
            <refState unit="poem"/>
            <refState unit="line"/>
        </refsDecl>
        <refsDecl n="CTS">
            <cRefPattern n="line"
                matchPattern="(\d+).(\d+)"
                replacementPattern="#xpath(/tei:TEI/tei:text/tei:body/tei:div/tei:div[@n='$1']//tei:l[@n='$2'])">
                <p>This pointer pattern extracts poem and line</p>
            </cRefPattern>
            <cRefPattern n="poem"
                matchPattern="(\d+)"
                replacementPattern="#xpath(/tei:TEI/tei:text/tei:body/tei:div/tei:div[@n='$1'])">
                <p>This pointer pattern extracts poem</p>
            </cRefPattern>
        </refsDecl>
    </encodingDesc>
    
    <profileDesc>
        <langUsage>
            <language ident="lat">Latin</language>
        </langUsage>
    </profileDesc>
    
    <revisionDesc>
        <change when="2016-11-14" who="Thibault Clérice">CapiTainS Guidelines, Epidoc and numbering</change>
        <change when="2014-08-01" who="Stella Dee">edited markup</change>
        <change when="2014-07-01" who="Stella Dee">split composite text and converted to unicode</change>
        <change who="rsingh04" when="2009-12-09">moved more xml files around based on copyright status</change> 
        <change who="student" when="2009-06-25">fixed bibl errors - zr</change> 
        <change who="lcerrato" when="2009-06-05">fixed bad bibls</change> 
        <change who="lcerrato" when="2009-04-17">fixing bad bibls</change> 
        <change who="packel" when="2006-09-14">fixed refsDecl for original text; commented out translation refsDecl</change> 
        <change who="packel" when="2006-02-10">places/dates now actually tagged</change> 
        <change who="packel" when="2005-08-01">removed stray item tags</change> 
        <change who="packel" when="2005-07-25">Converted to XML</change> 
        <change who="yorkc" when="2003-07-01">Updated texts to TEI P4 and Perseus P4 extensions; minor cleanup (esp. character encodings and typos.)</change> 
        <change who="amahoney" when="2002-05-20">mark language of header</change> 
        <change who="amahoney" when="2000-07-24">final fixes to internal citations</change> 
        <change who="amahoney" when="2000-07-23">add some more refs to the commentary, tidy up title statements</change> 
        <change who="amahoney" when="2000-07-23">split out the translation into a separate file:  it's not worth figuring out how to handle two versions of the ABO in the same document right now</change>
        <change who="amahoney" when="2000-07-20">fix refsdecl so can chunk commentary intro correctly</change> 
        <change who="amahoney" when="2000-07-16">all of  my original commentary is now in;  next, more parallels</change> 
        <change who="amahoney" when="2000-07-15">initial coding</change> 
    </revisionDesc>
</teiHeader>
    <text>
        <body>
            <div type="edition" xml:lang="lat" n="urn:cts:latinLit:phi0660.phi003.perseus-lat2">
            <div type="textpart" subtype="poem" n="1">
                <l n="1">Tandem venit amor, qualem texisse pudori</l>
                <l n="2">quam nudasse alicui sit mihi fama magis.</l>
                <l n="3">Exorata meis illum Cytherea Camenis</l>
                <l n="4">attulit in nostrum deposuitque sinum.</l>
                <l n="5">Exsolvit promissa Venus: mea gaudia narret,</l>
                <l n="6">dicetur si quis non habuisse sua.</l>
                <l n="7">Non ego signatis quicquam mandare tabellis,</l>
                <l n="8">ne legat id nemo quam meus ante, velim.</l>
                <l n="9">Sed peccasse iuvat, vultus componere famae</l>
                <l n="10">taedet: cum digno digna fuisse ferar.
                </l></div>
            <div type="textpart" subtype="poem" n="2">
                <l n="1">Invisus natalis adest, qui rure molesto</l>
                <l n="2">et sine Cerintho tristis agendus erit.</l>
                <l n="3">Dulcius urbe quid est? an villa sit apta puellae</l>
                <l n="4">atque Arretino frigidus amnis agro?</l>
                <l n="5">Iam nimium Messalla mei studiose, quiescas,</l>
                <l n="6">non tempestivae, saeve propinque, viae!</l>
                <l n="7">Hic animum sensusque meos abducta relinquo,</l>
                <l n="8">arbitrio quamvis non sinis esse meo.
                </l></div>
            <div type="textpart" subtype="poem" n="3">
                <l n="1">Scis iter ex animo sublatum triste puellae?</l>
                <l n="2">natali Romae iam licet esse suo.</l>
                <l n="3">Omnibus ille dies nobis natalis agatur,</l>
                <l n="4">qui nec opinanti nunc tibi forte venit.
                </l></div>
            <div type="textpart" subtype="poem" n="4">
                <l n="1">Gratum est, securus multum quod iam tibi de me</l>
                <l n="2">permittis, subito ne male inepta cadam.</l>
                <l n="3">Sit tibi cura togae potior pressumque quasillo</l>
                <l n="4">scortum quam Servi filia Sulpicia:</l>
                <l n="5">Solliciti sunt pro nobis, quibus illa dolori est,</l>
                <l n="6">ne cedam ignoto, maxima causa, toro.
                </l></div>
            <div type="textpart" subtype="poem" n="5">
                <l n="1">Estne tibi, Cerinthe, tuae pia cura puellae,</l>
                <l n="2">quod mea nunc vexat corpora fessa calor?</l>
                <l n="3">A!  ego non aliter tristes evincere morbos</l>
                <l n="4">optarim, quam te si quoque velle putem.</l>
                <l n="5">At mihi quid prosit morbos evincere, si tu</l>
                <l n="6">nostra potes lento pectore ferre mala?
                </l></div>
            <div type="textpart" subtype="poem" n="6">
                <l n="1">Ne tibi sim, mea lux, aeque iam fervida cura</l>
                <l n="2">ac videor paucos ante fuisse dies,</l>
                <l n="3">si quicquam tota commisi stulta iuventa,</l>
                <l n="4">cuius me fatear paenituisse magis,</l>
                <l n="5">hesterna quam te solum quod nocte reliqui,</l>
                <l n="6">ardorem cupiens dissimulare meum.
                </l></div>
            </div>
        </body>
    </text>
</TEI>