<?xml version="1.0" encoding="UTF-8"?><?xml-model href="http://www.stoa.org/epidoc/schema/8.19/tei-epidoc.rng"
schematypens="http://relaxng.org/ns/structure/1.0"?><?xml-model href="http://www.stoa.org/epidoc/schema/8.19/tei-epidoc.rng"
schematypens="http://purl.oclc.org/dsdl/schematron"?><TEI xmlns="http://www.tei-c.org/ns/1.0">
  <teiHeader><fileDesc>
      <titleStmt>
        <title>Tertulliani opera omnia, Leipzig</title>
        <author>Tertullian</author>
       <editor role="editor">Franz Oehler, 1817-1866</editor>
      </titleStmt>
      <publicationStmt>
       <publisher>Trustees of Tufts University</publisher>
       <pubPlace>Medford, MA</pubPlace>
       <authority>Perseus Project</authority>
       <availability>          
        <licence target="https://creativecommons.org/licenses/by-sa/4.0/">Available under a Creative Commons Attribution-ShareAlike 4.0 International License</licence>
       </availability>      
      </publicationStmt>
      <sourceDesc>
        <biblStruct>
          <monogr>
            <title>Tertulliani opera omnia, Leipzig</title>
            <author>Tertullian</author>
            <editor role="editor">Franz Oehler</editor>
            <imprint>
              <publisher>T. O. Weigel</publisher>
              <pubPlace>Leipzig</pubPlace>
              <date>1851-1854</date>
            </imprint>
          </monogr>
        </biblStruct>
        
        </sourceDesc>
  </fileDesc>
    <encodingDesc>
      <refsDecl n="CTS">
        <cRefPattern n="chapter" matchPattern="(\w+)" replacementPattern="#xpath(/tei:TEI/tei:text/tei:body/tei:div/tei:div[@n='$1'])">
          <p>This pointer pattern extracts Chapter</p>
        </cRefPattern>
      </refsDecl>
<refsDecl n="text=1">
<refState unit="text"/>
<refState unit="book"/>
<refState unit="chapter" n="chunk"/>
<refState unit="section"/>
</refsDecl>

   </encodingDesc>
   <profileDesc>
      <langUsage>
	<language ident="lat">Latin</language>
	<language ident="grc">Greek</language>
      </langUsage>
   </profileDesc>
  </teiHeader>
<text><body><div type="edition" n="urn:cts:latinLit:stoa0275.stoa020.opp-lat1" xml:lang="lat">
<pb xml:id="v.1.p.553"/>
<head>DE ORATIONE.</head>
<div type="textpart" subtype="chapter" n="1">
<p>Dei spiritus et dei sermo et dei ratio, sermo rationis et 
ratio sermonis et spiritus, utrumque Iesus Christus dominus noster
<pb xml:id="v.1.p.554"/>
nobis discipulis Novi Testamenti novam orationis formam
<bibl n="Matth. IX, 16. 17."/> determinavit. Oportebat enim in hac quoque specie novum vinum
novis utribus recondi et novam plagulam novo adsui vestimento.
Ceterum quicquid retro fuerat, aut demutatum est, ut circumcisio,
aut suppletum, ut reliqua lex, aut impletum, ut prophetia, aut
perfectum, ut fides ipsa. Omnia de carnalibus in spiritalia renovavit
nova dei gratia, superducto evangelio, expunctore totius retro
vetustatis, in quo et dei spiritus et dei sermo et dei ratio approbatus
est dominus noster Iesus Christus, spiritus quo valuit, sermo
quo docuit, ratio qua venit. Sic oratio a Christo constituta
ex tribus constituta est. Ex sermone, quo enuntiatur, ex spiritu,
quo tantum potest, docuerat et Iohannes discipulos suos adorare;
sed omnia Iohannis Christo praestruebantur, donec ipso
<bibl n="Ioh. III, 30."/> aucto (sicut idem Iohannes praenuntiabat illum augeri oportere, se
vero deminui) totum praeministri opus cum ipso spiritu transiret
<pb xml:id="v.1.p.555"/>

ad dominum. Ideo nec extat, in quae verba docuerit Iohannes
adorare, quod terrena caelestibus cesserint. Qui de terra est, inquit, <bibl n="Ioh. III, 31."/>
terrena fatur, et qui de caelis adest, quae vidit, ea loquitur.
Et quid non caeleste quod domini Christi est, ut haec quoque
orandi disciplina? Consideremus itaque, benedicti, caelestem eius
sophiam, inprimis de praecepto secrete adorandi, quo et fidem
hominis exigebat, ut dei omnipotentis et conspectum et auditum
sub tectis et in abditum etiam adesse confideret, et modestiam
fidei desiderabat, ut, quem ubique audire et videre fideret, ei soli
religionem suam offerret. Sequente sophia in sequenti praecepto
proinde pertineat ad fidem et modestiam fidei, si non
agmine verborum adeundum putemus ad dominum, quem ultro suis
prospicere certi sumus. Et tamen brevitas ista, quod ad tertium <bibl n="Matth. VI, 8."/>
sophiae gradum faciat, magnae ac beatae interpretationis substantia
fulta est, quantumque substringitur verbis, tantum diffunditur sensibus.
Neque enim propria tantum orationis officia complexa est,
vel venerationem dei aut hominis petitionem, sed omnem paene
sermonem domini, omnem commemorationem disciplinae, ut revera
in oratione breviarium totius evangelii comprehendatur.</p>
<pb xml:id="v.1.p.556"/>

</div>

<div type="textpart" subtype="chapter" n="2">
<p> Incipit a testimonia dei et merito fidei, cum dicimus, P(??)TER
QUI IN CAELIS ES. Nam et deum eramus et fidem commendamus,
<bibl n="Ioh I, 12."/> cuius meritum est haec appellatio. Scriptum est, Qui in eum crediderint,
dedit eis potestatem, at filii dei vocentur. Quamquam
frequentissime dominus patrem nobis pronuntiavit deum, immo et
<bibl n="Matth. XXIII, 9."/> praecepit, ne quem in terris patrem vocemus, nisi quem habemus
in caelis. Itaque sic adorantes etiam praeceptum obimus. Felices,
qui patrem agnoscunt. Hoc est quod Israëli exprobratur, quod
<bibl n="Ies. I, 2."/> caelum ac terram spiritus contestatur, Filios, dicens, genui, et illi
me non agnoverunt. Dicendo autem patrem deum quoque cognominamus.
Appellatio ista et pietatis et potestatis est. Item in
<bibl n="Ioh. X, 30."/> patre filius invocatur. Ego enim, inquit, et pater unum sumus.
Ne mater quidem ecclesia praeteritur. Siquidem in filio et patre
<pb xml:id="v.1.p.557"/>

mater recognescitur, de qua con(??) et patris et (??)lii nomen. Une
igitur genere aut vocabulo et deum cum suis honoramus et praecepti meminimus et oblitos patris denotamus.</p>
</div>

<div type="textpart" subtype="chapter" n="3">
<p>Nomen dei patris nomini proditum fuerat. Etiam qui de ip(??)o 
interrogaverat Moyses, aliud quidem nomen (??)dierat. Nobis revelatum
est in filio. Iam enim filius novum patris nomen est.
Ego veni, inquit, in nomine patris; et r(??)rsus Pater, glorifica <bibl n="Ioh. V, 43. XII, 28."/>
nomen tu(??); et apertius: Nomen tuum manifestavi hominibus. Id <bibl n="Ioh. XVII, 6."/>
ergo ut SANCTIFICETUR postulamus. Non quod deceat homines bene
deo optare, quasi sit et alius de quo ei possit optari aut laboret,
nisi optemus. Plane benedici deum omni loco ae tempore condecet
ob debitam semper memoriam beneficiorum eius ab omni homine.
Sed et hoc benedictionis vice fungitur. Ceterum quando non sanctum
et sanctificatum est per semetipsum nomen dei, cum ceteros
sanctificet ex semetipso? Cui illa angelorum circumstantia non
cessant dicere: Sanctus, Sanctus, Sanctus. Proinde igitur et nos <bibl n="Ies. VI, 3. Apoc. IV, 8."/>

<pb xml:id="v.1.p.558"/>
angelorum, si meruerimus, candidati, iam hine caelestem illam
in deum vocem et officium futurae claritatis ediscimus. Hoc quantum
ad gloriam dei. Alioquin quantum ad nostram petitionem,
cum dicimus: SANCTIFICETUR NOMEN TUUM, id petimus, ut sanctificetur
in nobis, qui in illo sumus, simul et in ceteris, quos adhuc
gratia dei expectat, ut et huic praecepto pareamus, orando
pro omnibus, etiam pro inimicis nostris. Ideoque suspensa enuntiatione
non dicentes, Sanctificetur in nobis, in omnibus dicimus.</p>
</div>

<div type="textpart" subtype="chapter" n="4">
<p> Secundum hanc formam subiungimus: FIAT VOLUNTAS TUA IN
CAELIS ET IN TERRA, non quod aliquis obsistat, quo minus voluntas
dei fiat, et ei successum voluntatis suae oremus, sed in omnibus
petimus fieri voluntatem eius. Ex interpretatione enim figurata
<pb xml:id="v.1.p.559"/>

carnis et spiritus nos sumus caelum(??)et terra. Quamquam, etsi
simpliciter intellegendum est, idem tamen est sensus petitionis, ut
in nobis fiat voluntas dei in terris, ut possit scilicet fieri et in
caelis. Quid autem deus vult quam incedere nos secundum suam
disciplinam? Petimus ergo substantiam et facultatem voluntatis
suae subministret nobis, ut salvi simus et in caelis et in terris,
quia summa est voluntatis eius salus eorum quos adoptavit. Est
et illa dei voluntas, quam dominus administravit praedicando, operando,
sustinendo. Si enim ipse pronuntiavit non suam, sed <bibl n="Ioh. VI, 38."/>
patris facere se voluntatem, sine dubio, quae faciebat, ea erant
voluntas patris, ad quae nunc nos velut ad exemplaria provocamur,
ut et praedicemus et operemur et sustineamus ad mortem usque.
Quae ut implere possimus, opus est dei voluntate. Item dicentes,
Fiat voluntas tua, vel eo nobis bene optamus, quod nihil mali sit
in dei voluntate, etiam si quid pro meritis cuiusque secus inrogatur.
Iam hoc dicto ad sufferentiam nosmetipsos praemonemus.
Dominus quoque cum substantia passionis infirmitatem carnis demonstrare
iam in sua carne voluisset, Pater, inquit, transfer poculum <bibl n="Luc. XXII, 42."/>
istud; et recordatus, Nisi quod mea non, sed tua fiat voluntas.
Ipse erat voluntas et potestas patris, et tamen ad demonstrationem
sufferentiae debitae voluntati se patris tradidit.</p>
<pb xml:id="v.1.p.560"/>

</div>

<div type="textpart" subtype="chapter" n="5">
<p> VENIAT quoque REGNUM (??)UM ad pertinet, quo et Fiat voluntas
tua, in nobis scilicet. Nam deus quando non regnat, in
<bibl n="Prov. XXI, 6."/> cuius manu cor omnium regum est? Sed quicquid nobis optamus,
in i(??)um augaramur, et illi deputamus quod ab i(??)o expect(??).
Itaque si ad dei voluntatem et ad nostram suspensionem pertinet
regni deminici reprassentatie, quomodo quidam pertractum quendam
in sa(??)cu(??)e postulant, cum regnum dei, quod ut adveniat oramus,
ad consummationem saeculi tendat? Optamus maturius regnare,
et non diutius servire. Etiamsi praefinitum in oratione non
esset de postulando regni adventu, ultro eam vocem protulissemus,
festinantes ad spei nostrae complexum. Clamant ad dominum
<bibl n="Apoc. VI, 10."/> invidia animae martyrum sub altari: Quonam usque non ulcisceris,
domine, sanguinem nostrum de incolis terrae? Nam utique ultio
illorum a saeculi fine dirigitur. Immo quam celeriter veniat, domine,
regnum tuum votum Christianorum, confusio nationum, exultatio
angelorum, propter quod conflictamur, immo potius propter
quod oramus.</p>
</div>

<div type="textpart" subtype="chapter" n="6">
<p> Sed quam eleganter divina sapientia ordinem orationis in-
<pb xml:id="v.1.p.561"/>

struxit, ut post caelestia, id est post dei nomen, dei voluntatem
et dei regnum terrenis quoque necessitatibus petitioni locum faceret!
Nam et edixerat dominus: Quaerite prius regnum, et tunc
vobis etiam haec adicientur. Quanquam PANEM NOSTRUM QUOTIDIANUM
DA NORIS RODIE spiritaliter potius intellegamus. Christus enim
panis noster est, quia vita Christus et vita panis. Ego sum, inquit, <bibl n="Ioh. VI, 35."/>
panis vitae. Et paulo supra: Panis est sermo dei vivi, qui <bibl n="Ioh. VI, 33."/>
descendit de caelis. Tum quod et corpus eius in pane censetur:
Hoc est corpus meum. Itaque petendo panem quotidianum perpetuitatem <bibl n="Matth. XXVI, 26. Luc. XXII, 19."/>
postulamus in Christo et individuitatem a corpore eius.
Sed et quia carnaliter admittitur ista vox, non sine religione potest
fieri et spiritalis disciplinae. Panem enim peti mandat, quod solum
fidelibus necessarium est; cetera enim nationes requirunt. Ita <bibl n="Matth. VI, 32."/>
et exemplis inculcat et parabolis retractat, cum dicit: Numqui(??) <bibl n="Matth. XV, 26."/>
panem filiis pater aufert et canibus tradit? Item: Numquid filio <bibl n="Matth. VII, 9."/>
panem poscenti lapidem tradit? Ostendit enim, quid a patre filii
expectent. Sed et nocturnus ille pulsator panem pulsabat. Merite <bibl n="Luc. XI, 5."/>
autem adiecit: Da nobis hodie, ut qui praemiserat: Nolite de crastino <bibl n="Matth. VI, 34."/>
cogitare quid edatis. Cui rei parabolam quoque accommodavit
illius hominis, qui provenientibus fructibus ampliationem
horreorum et longae securitatis spatia cogitavit, is ipsa nocte <bibl n="Luc. XII, 16 sqq."/>
moritur.</p>
</div>

<div type="textpart" subtype="chapter" n="7">
<p>Consequens erat, ut observata dei liberalitate etiam clementiam 
<pb xml:id="v.1.p.562"/>

eius precaremur. Quid enim alimenta proderunt, si illis reputamur
revera quasi taurus ad victimam? Sciebat dominus se
solum sine delicto esse. Docet itaque Petamus DIMITTI NOBIS DEBITA
NOSTRA. Exomologesis est petitio veniae, quia qui petit veniam
delictum confitetur. Sic et paenitentia demonstratur acceptabilis
deo, qui mavult eam quam mortem peccatoris. Debitum
autem in scripturis delicti figura est, quod perinde iudicio debeatur
et ab eo exigatur, nec evadat iustitiam exactionis, nisi donetur
exactio; sicut illi servo dominus debitum remisit. Huc enim spectat
exemplum parabolae totius. Nam et quod idem servus a domino
liberatus non perinde parcit debitori suo ac propterea delatus
<bibl n="Matth. V, 25. 26."/> penes dominum tortori delegatur ad solvendum novissimum quadrantem,
id est modicum usque delictum, eo competit, quod remittere
nos quoque profitemur debitoribus nostris. Iam et alibi ex
<bibl n="Luc. VI, 37."/> hac specie orationis: Remittite, inquit, et remittetur vobis. Et
<bibl n="Matth. XVIII, 21. 22."/> cum interrogasset Petrus, si septies remittendum esset fratri, Immo,
inquit, septuagies septies; ut legem in melius reformaret, quod in
Genesi de Cain septies, de Lamech autem septuagies septies ultio
reputata est.</p>
</div>

<div type="textpart" subtype="chapter" n="8">
<p> Adiecit ad plenitudinem tam expeditae orationis, ut non de
remittendis tantum, sed etiam de avertendis in totum delictis supplicaremus:
NE NOS INDUCAS IN TEMPTATIONEM, id est, ne nos patiaris
induci, ab eo utique qui temptat. Ceterum absit ut dominus temptare
videatur, quasi aut ignoret fidem cuiusque aut deicere sit
<pb xml:id="v.1.p.563"/>

gestiens. Diaboli est et infirmitas et malitia. Nam et Abraham
non temptandae fidei gratia sacrificare de filio iusserat, sed probandae,
ut per eum faceret exemplum praecepto suo, quo mox
praecepturus erat, ne quae pignora deo cariora haberet. Ipse a
diabolo temptatus praesidem et artificem temptationis demonstravit.
Hunc locum posterioribus confirmat, Orate, dicens, ne temptemini. <bibl n="Luc. XXII, 46."/>
Adeo temptati sunt dominum deserendo, quia somno potius indulserant
quam orationi. Ergo respondet clausula, interpretans
quid sit, Ne nos deducas in temptationem. Hoc est enim: SED
DEVEHE NOS A MALO.</p>
</div>

<div type="textpart" subtype="chapter" n="9">
<p>Compendiis pauculorum verborum quot attinguntur edicta 
prophetarum, evangeliorum, apostolorum, sermones domini, parabolae,
exempla, praecepta! quot simul expunguntur officia! Dei
honor in patre, fidei testimonium in nomine, oblatio obsequii in
voluntate, commemoratio spei in regno, petitio vitae in pane, exomologesis
debitorum in deprecatione, sollicitudo temptationum in
postulatione tutelae. Quid mirum? Deus solus docere potuit,
quomodo se vellet orari. Ab ipso igitur ordinata religio orationis,
et de spiritu ipsius iam tunc, cum ex ore divino ferretur,
<pb xml:id="v.1.p.564"/>

animata, suo privilegio ascendit in caelum, commendans patri quae
filius docuit.</p>
</div>

<div type="textpart" subtype="chapter" n="10">
<p> Quoniam tamen dominus prospector humanarum necessitatum
<bibl n="Matth. VII, 7. Luc. XI, 9."/> seorsum post traditam orandi disciplinam, Petite, inquit, et accipietis,
et sunt, quae petantur pro circumstantia cuiusque, praemissa
legitima et ordinaria oratione quasi fundamento, accedentium
desideriorum ius est superstruendi extrinsecus petitiones, cum
memoria tamen praeceptorum.</p>
</div>

<div type="textpart" subtype="chapter" n="11">
<p> Ne quantum a praeceptis, tantum ab auribus dei longe simus,
memoria praeceptorum viam orationibus sternit ad caelum; quorum
praecipuum est, ne prius ascendamus ad altare dei, quam, si
<bibl n="Matth. V, 23 sq."/> quid discordiae vel offensae cum fratribus contraxerimus, resolvamus.
Quale est enim ad pacem dei accedere sine pace? ad remissionem
debitorum cum retentione? Quomodo placabit patrem
iratus in fratrem, cum omnis ira ab initio interdicta sit nobis?
Nam et Ioseph dimittens fratres suos ad perducendum patrem, Et
<bibl n="Gen. XLV, 24."/> ne, inquit, irascamini in via. Nos scilicet monuit (alias enim via
cognominatur disciplina nostra), tum ne in via orationis constituti
<pb xml:id="v.1.p.565"/>

ad patrem cum ira incedamus. Exinde aperte dominus amplians
legem iram in fratrem homicidio superponit. Ne verbo quidem
malo permittit expungi; etiam si irascendum est, non ultra solis
receptum, ut Apostolus admonet. Quam autem temerarium est <bibl n="Eph. IV, 26."/>
aut diem sine oratione transigere, dum cessas fratri satisfacere,
aut orationem perseverante iracundia perdere?</p>
</div>

<div type="textpart" subtype="chapter" n="12">
<p>Nec ab ira solummodo, sed omni omnino confusione animi 
libera esse debet orationis intentio, de tali spiritu emissa, qualis
est spiritus ad quem mittitur. Neque enim agnosci poterit spiritu
sancto spiritus inquinatus, aut tristis a laeto, aut impeditus
a libero. Nemo adversarium recipit, nemo nisi comparem suum
admittit.</p>
</div>

<div type="textpart" subtype="chapter" n="13">
<p>Ceterum quae ratio est, manibus quidem ablutis, spiritu vero 
sordente orationem obire, quanto et ipsis manibus spiritales munditiae
sint necessariae, ut a falso, a caede, a saevitia, a veneficiis,
ab idololatria ceterisque maculis, quae spiritu conceptae manuum
opera transiguntur, purae alleventur? Hae sunt verae munditiae,
non quas plerique superstitiose curant, ad omnem orationem,
etiam cum a lavacro totius corporis veniunt, aquam sumentes. Id
cum scrupulosius percontarer et rationem requirerem, comperi
commemorationem esse in domini deditionem. Nos dominum adoramus,
non dedimus, immo et adversari debemus deditoris exemplo,
nec propterea manus abluere. Nisi quod conversationis humanae
inquinamentum conscientiae causa, ceterum satis mundae
sunt manus, quas cum toto corpore in Christo semel lavimus.</p>
<pb xml:id="v.1.p.566"/>

</div>

<div type="textpart" subtype="chapter" n="14">
<p> Omnibus licet membris lavet quotidie Israël, nunquam tamen
mundus est. Certe manus eius semper immundae, sanguine prophetarum
et ipsius domini cruentatae in aeternum; et ideo conscientia
patrum haereditarii rei nec attollere eas ad dominum audent,
<bibl n="Ies. I, 15."/> ne exclamet aliquis Esaias, ne exhorreat Christus. Nos vero
non attollimus tantum, sed etiam expandimus, et de dominica
passione modulati et orantes confitemur Christo.</p>
</div>

<div type="textpart" subtype="chapter" n="15">
<p> Sed quoniam unum aliquod attigimus vacuae observationis,
non pigebit cetera quoque denotare, quibus merito vanitas exprobranda
est, siquidem sine ullius aut dominici aut apostolici praecepti
auctoritate fiunt. Huiusmodi enim non religioni, sed superstitioni
deputantur, affectata et coacta et curiosi potius quam
rationalis officii, certe vel eo coercenda, quod gentilibus adaequent.
Ut est quorundam expositis paenulis orationem facere;
<pb xml:id="v.1.p.567"/>

sic enim adeunt ad idola nationes. Quod utique si fieri oporteret,
apostoli, qui de habitu orandi docent, comprehendissent;
nisi si qui putant Paulum paenulam suam in oratione penes Carpum <bibl n="II Tim. IV, 13."/>
reliquisse. Deus scilicet non audiat paenulatos, qui tres sanctos <bibl n="Dan. III, 19 sqq."/>
in fornace Babylonii regis orantes cum sarabaris et tiaris
suis exaudivit.</p>
</div>

<div type="textpart" subtype="chapter" n="16">
<p>Item quod assignata oratione assidendi mos est quibusdam, 
non perspicio rationem, nisi quam pueri volunt. Quid enim, si
Hermas ille, cuius scriptura fere PASTOR inscribitur, transacta oratione
non super lectum assedisset, verum aliud quid fecisset, id
quoque ad observationem vindicaremus? Utique non. Simpliciter
enim et nunc positum est, Cum dorassem et assedissem super
lectum, ad ordinem narrationis, non ad instar disciplinae. Alioquin
<pb xml:id="v.1.p.568"/>

nusquam erit adorandum, nisi ubi fuerit lectus. Immo contra
scripturam fecerit, si quis in cathedra aut subsellio sederit. Porro
cum perinde faciant nationes, vel adoratis sigillaribus suis residendo,
vel propterea in nobis reprehendi meretur quod apud
idola celebratur. Eo apponitur et inreverentiae crimen, etiam
ipsis nationibus, si quid saperent, intellegendum. Si quidem inreverens
est assidere sub conspectu contraque conspectum eius
quem cum maxime reverearis ac venereris, quanto magis sub
conspectu dei vivi, angelo adhuc orationis adstante, factum
istud inreligiosissimum est? Nisi exprobramus deo, quod nos
oratio fatigaverit.</p>
</div>

<div type="textpart" subtype="chapter" n="17">
<p> Atqui cum modestia et humilitate adorantes magis commendamus
deo preces nostras, ne ipsis quidem manibus sublimius elatis,
sed temperate ac probe elatis, ne vultu quidem in audaciam
erecto. Nam ille publicanus, qui non tantum prece, sed et vultu
<pb xml:id="v.1.p.569"/>

humiliatus atque deiectus orabat, iustificatior pharisaeo procacissimo <bibl n="Luc. XVIII, 9 sqq."/>
discessit. Sonos etiam vocis subiectos esse oportet, aut
quantis arteriis opus est, si pro sono audiamur? Deus autem non
vocis, sed cordis auditor est, sicut conspector. Daemonium oraculi
Pythii, Et mutum, inquit, intellego et non loquentem exandio.
Dei aures sonum expectant? Quomodo ergo oratio Ionae
de imo ventre ceti per tantae bestiae viscera ab ipsis abyssis
per tantam aequoris molem ad caelum potuit evadere? Quid amplius
referent isti qui clarius adorant, nisi quod proximis obstrepunt?
Immo prodendo petitiones suas quid minus faciunt, quam
si in publico orent?</p>
</div>

<div type="textpart" subtype="chapter" n="18">
<p>Alia iam consuetudo invaluit. Ieiunantes habita oratione cum 
fratribus subtrahunt osculum pacis, quod est signaculum orationis.
Quando autem magis conferenda cum fratribus pax est, nisi cum
operationis tempore oratio commendabilior ascendit, ut ipsi de
nostra operatione participent, qua maduerint de sua pace fratri
transigendo? Quae oratio cum divortio sancti osculi integra?
<pb xml:id="v.1.p.570"/>

Quem domino officium facientem impedit pax? Quale sacrificium
est a quo sine pace receditur? Quaecumque oratio sit, non
erit potior praecepti observatione, quo iubemur ieiunia nostra celare.
Iam enim de abstinentia osculi agnoscimur ieiunantes. Sed
et si qua ratio est, ne tamen huic praecepto reus sis, potes
<pb xml:id="v.1.p.571"/>

domi, si forte, inter quos latere ieiunium in totum non datur,
differre pacem. Ubicumque autem alibi operationem tuam abscondere
potes, debes meminisse praecepti; ita et disciplinae foris
et consuetudini domi satisfacies. Sic et die Paschae, quo communis
et quasi publica ieiunii religio est, merito deponimus osculum,
nihil curantes de occultando quod cum omnibus faciamus.</p>
</div>

<div type="textpart" subtype="chapter" n="19">
<p>Similiter et de stationum diebus non putant plerique sacrificiorum 
<pb xml:id="v.1.p.572"/>

orationibus interveniendum, quod statie solvenda sit accepto
corpore domini. Ergo devotum deo obsequium eucharistia
resolvit, an magis deo obligat? Nonne sollemnior erit statio tua,
si et ad aram dei steteris? Accepto corpore domini et reservato
utrumque salvum est, et participatio sacrificii et executio officii.
Si statio de militari exemplo nomen accepit (nam et militia dei
sumus), utique nulla laetitia sive tristitia obveniens castris stationes
<pb xml:id="v.1.p.573"/>

militum resci(??)dit. Nam laetitia libentius, tristitia sollicitius
administrabit disciplinam.</p>
</div>

<div type="textpart" subtype="chapter" n="20">
<p>De habitu vero dumtaxat feminarum varietas observationis 
efficit post sanctissimum apostolum nos vel maxime nullius loci
homines impudenter retractare, nisi quod non impudenter, si secundum
apostolum retractemus. De modestia quidam cultus et ornatus
aperta praescriptio est etiam Petri, cohibentis eodem ore,
quia eodem et spiritu, quo Paulus, et vestium gloriam et auri
superbiam et crinium lenonem operositatem.</p>
</div>

<div type="textpart" subtype="chapter" n="21">
<p>Sed quod promisce observatur per ecclesias quasi incer 
tum, id retractandum est, velarine debeant virgines, an non. Qui
enim virginibus indulgent capitis immunitatem, hoc niti videntur,
quod apostolus non virgines nominatim, sed mulieres designaverit
velandas esse, nec sexum, ut diceret feminas, sed gradum sexus,
dicendo mulieres. Nam si sexum nominasset, feminas dicendo, absolute <bibl n="I Cor. IX, 5."/>
<pb xml:id="v.1.p.574"/>

definisset de omni muliere, at cum unum gradum sexus
nominat, alium tacendo secernit. Potuit enim, inquiunt, aut et
virgines nominare specialiter, aut compendio generaliter feminas.</p>
</div>

<div type="textpart" subtype="chapter" n="22">
<p> Qui ita concedunt, recogitare debent de statu vocabuli ipsius,
quid est mulier a primis quidem literis sanctorum commentariorum.
Nam inveniunt sexus esse nomen, non gradum sexus; siquidem
Evam nondum virum expertam deus mulierem et feminam
<bibl n="Gen. II, 23."/> cognominavit, feminam, qua sexus generaliter, mulierem, qua gradus
sexus specialiter. Ita quoniam tunc innupta adhuc Eva mulieris
vocabulo fuit, commune id vocabulum et virgini factum est.
Nec mirum, si apostolus eodem utique spiritu actus, quo cum omnis
scriptura divina, tum et illa Genesis digesta est, eadem voce usus
est mulierem ponendo, quae exemplo Evae innuptae et virgini competat.
Cetera denique consonant. Nam et hoc ipso, quod virgines
<bibl n="I Cor. VII, 34."/> non nominavit, sicut alio in loco, ubi de nubendo docet, satis
praedicat de omni muliere et de toto sexu dictum, nec distinctum
esse inter virginem, cum omnino non nominat. Qui enim alibi
distinguere meminit, ubi scilicet differentia postulat (distinguit autem
utramque speciem suis vocabulis designans), ubi non distinguit,
dum utramque non nominat, nullam vult differentiam intellegi.
Quid? quod Graeco sermone, quo litteras apostolus fecit,
usui est mulieres vocare quam feminas, id est γυναῖκας, quam
θηλείας. Igitur si pro sexus nomine vocabulum istud frequentatur,
quod est interpretatione pro eo quod est femina, sexum
nominavit, dicens γυναῖκα. In sexu autem et virgo contingitur.
<bibl n="I Cor. IX, 4. 5."/> Sed et manifesta pronuntiatio est: Omnis, inquit, mulier adorans,
<pb xml:id="v.1.p.575"/>

et prophetans intecto capite dedecorat caput suum. Quid est omnis
mulier, nisi omnis aetatis, omnis ordinis, omnis condicionis? Nihil
mulieris excipit dicendo Omnis, sicut nec viri nec velandi; proinde
enim Omnis vir inquit. Sicut ergo in masculino sexu sub viri nomine
etiam investis velari vetatur, ita et in feminino sub nomine
mulieris etiam virgo velari iubetur. Aequaliter in utroque sexu
minor aetas maioris sequatur disciplinam, aut velentur et virgines
masculi, si non velantur et virgines feminae, quia nec isti nominatim
tenentur; aliud sit vir et investis, si aliud est mulier et
virgo. Nempe propter angelos ait velari oportere, quod angeli
propter filias hominum desciverunt a deo. Quis ergo contendat
solas mulieres, id est nuptas iam et virginitate defunctas, concupiscentiae,
nisi si non licet et virgines specie praestare et amatores
invenire? Immo videamus, ne virgines solas concupierint,
cum dicat scriptura filias hominum, quia potuit uxores hominum
nominasse vel feminas indifferenter. Etiam quod ait, Et acceperunt <bibl n="Gen. VI, 2."/>
sibi in uxores, eo facit, quod accipiuntur in uxores quae vacant
scilicet. De non vacantibus autem aliter enuntiasset. Itaque
vacant tam viduitate quam et virginitate. Adeo sexum nominando
generaliter filias et species in genere commiscuit. Item cum
dicit naturam ipsam docere velandum feminis esse, quae capillum <bibl n="I Cor. XI, 14."/>
pro tegumento et ornamento mulieribus assignarit, nonne idem
tegumentum et idem honor capitis virginibus quoque asscriptus
est? Si mulieri turpe est radi, et virgini proinde. In quibus
ergo una condicio capitis deputatur, una et disciplina capitis exigitur,
<pb xml:id="v.1.p.576"/>

etiam ad eas virgines, quas pueritia defendit; a primo enim
femina nominata est. Sic denique et Israël observat. Sed si non
observaret, nostra lex ampliata atque suppleta defenderet sihi adiectionem.
Virginibus quoque iniciens velamentum excusetur. Nuncaetas,
quae sexum suum ignorat, simplicitatis privilegium teneat.
Nam et Eva et Adam, ubi eis contigit sapere, texerunt statim
quod agnoverant. Certe in quibus iam pueritia mutavit, sicut
naturae, ita et disciplinae debet aetas esse munifica. Nam et
membris et officiis mulieribus resignantur. Nulla virgo est ex quo
potest nubere, quoniam aetas iam in ea nupsit suo viro, id est
tempori. Sed aliqua se deo vovit. Iam et crinem exinde transfigurat,
et omnem habitum ad mulieris convertit. Totum ergo
asseveret, et totum virginis praestet: quod propter deum abscondit,
plane obumbret. Interest nostra quod dei gratia exerceat solius
dei conscientiae commendare, ne, quod a deo speramus, ab homine
<pb xml:id="v.1.p.577"/>

compensemus. Quid denudas ante deum quod ante homines tegis?
Verecundior eris in publico quam in ecclesia? Si dei gratia est,
et accepisti, quid gloriaris, inquit, quasi non acceperis? Quid alias <bibl n="I Cor. IV, 7."/>
ostensione tui iudicas? An alias gloria tua ad bonum invitas?
Atqui et ipsa periclitaris amittere, si gloriaris, et alias ad eadem
pericula cogis. Facile eliditur quod affectione gloriae assumitur.
Velare virgo, si virgo es; debes enim erubescere. Si virgo es,
plures oculos pati noli. Nemo miretur in tuam faciem; nemo mendacium
tuum sentiat. Bene mentiris nuptam, si caput veles. Immo
mentiri non videris; nupsisti enim Christo. Illi carnem tuam tradidisti,
age pro mariti tui disciplina. Si nuptas alienas velari
iubet, suas utique multo magis. Sed non putet institutionem
unusquisque antecessoris commovendam. Multi alienae consuetudini
prudentiam suam et constantiam eius addicunt. Ne compellantur
<pb xml:id="v.1.p.578"/>

velari, certe voluntarias prohiberi non oportet; quae se etiam virgines
negare non possunt, contentae abuti fama sua conscientiae
apud deum securitate. De illis tamen, quae sponsis dicantur,
constanter super meum modulum pronuntiare contestarique pessum
<pb xml:id="v.1.p.579"/>

velandas ex. ea die esse qua ad primum viri corpus (??)sculo
et A(??)stera expaverint. Omnia enim in his praenupserunt, et aetas
per m(??)turitatem, et caro per aetatem, et spiritus per conscientiam,
et pudor per osculi experimentum, et spes per exspectationem, et
mens per voluntatem. Satisque nobis exemplo Rebecca est, quae <bibl n="Gen. XXXIV, 65."/>
sponso demonstrato tantum notitia eius nubendo velata est.</p>
</div>

<div type="textpart" subtype="chapter" n="23">
<p>De genu quoque ponendo varietatem observationis patitur oratio 
per pauculos quosdam qui sabbato abstinent genibus. Quae dissensio
cum maxime apud ecclesias causam dicit, dominus dabit
gratiam suam, ut aut cedant, aut sine alierum scandale sententia
s(??)a utantur. Nos vero, sicut accepi(??)us, solo die dominicae resurrectionis
non ab isto tantum, sed omni auxietatis habitu et
<pb xml:id="v.1.p.580"/>

officie cavere debemus, differentes etiam negotia; ne quem diabolo
locum demus. Tantundem et spatio Pentecostes, quod eadem
exultationis sollemnitate dispungimus. Ceterum omni die quis
dubitet prosternere se deo vel prima saltem oratione qua lucem
ingredimur? Ieiuniis autem et stationibus nulla oratio sine genu
et reliquo humilitatis more celebranda est. Non enim oramus tantum,
sed et deprecamur, et satisfacimus deo domino nostro. De
temporibus orationis nihil omnino praescriptum est, nisi plane omni
in tempore et loco orare.</p>
</div>

<div type="textpart" subtype="chapter" n="24">
<p> Sed quomodo omni loco, cum prohibeamur in publico? Omni,
<bibl n="I Tim. II, 8."/> inquit, loco, quem opportunitas aut etiam necessitas importarit.
Neque enim contra praeceptum reputatur ab apostolis factum, qui
in carcere audientibus custodiis orabant et canebant deo, apud
<bibl n="Act. Apost. XXVII, 35."/> Paulum, qui in navi coram omnibus eucharistiam fecit.</p>
</div>

<div type="textpart" subtype="chapter" n="25">
<p> De tempore vero non erit otiosa extrinsecus observatio etiam
horarum quarundam, istarum dico communium quae diei interspatia
signant, tertia, sexta, nona, quas sollemniores in scripturis
<pb xml:id="v.1.p.581"/>

invenire est. Primus spiritus sanctus congregatis discipulis hora
tertia infusus est. Petrus, qua die visionem communitatis omnis in
illo vasculo expertus est, sexta hora orandi gratia ascenderat in
superiora. Idem cum Iohanne ad nonam in templum adibat, ubi
paralyticum sanitati reformavit suae. Etsi simpliciter se habent <bibl n="Act. Apost. II, 15. X, 9. III, 1."/>
sine ullius observationis praecepto, bonum tamen sit aliquam constituere
praesumptionem, quae et orandi admonitionem constringat
et quasi lege ad tale munus extorqueat a negotiis interdum, ut,
quod Danieli quoque legimus observatum utique ex Israëlis disciplina, <bibl n="Dan. VI, 10."/>
ne minus ter die saltem adoremus, debitores trium Patris
et Filii et Spiritus Sancti; exceptis utique legitimis orationibus,
quae sine ulla admonitione debentur ingressu lucis et noctis. Sed
et cibum non prius sumere, et lavacrum non prius adire quam
interposita oratione fideles decet. Priora enim habenda sunt spiritus
refrigeria et pabula quam carnis, et priora caelestia quam
terrena.</p>
</div>

<div type="textpart" subtype="chapter" n="26">
<p>Fratrem domum tuam introgressum ne sine oratione dimiseris 
(Vidisti, inquit, fratrem, vidisti dominum tuum), maxime advenam,
<pb xml:id="v.1.p.582"/>

ne angelus forte sit. Sed nec ipse a fratribus exceptus (??)
fecerit refrigeria terrena caclestibus. Statim enim iudicabitur fides
<bibl n="Luc. X, 5."/> tua. Aut quomodo secundum praeceptum pax huic domni dices,
nisi et eis qui in domo sunt pacem mutuam reddas?</p>
</div>

<div type="textpart" subtype="chapter" n="27">
<p> Diligentiores in orando subiungere in orationibus Alleluia solent
et hoc genus psa(??)os quorum clau(??)lis respondeant qui
simul sunt. Et est optimum utique institutum omne quod praeponendo
et honorando deo conpetit saturatam orationem velut
opimam hostiam admovere.</p>
</div>

<div type="textpart" subtype="chapter" n="28">
<p> Haec est enim hostia spiritalis quae pristina sacrificia delevit.
<bibl n="Ies. I, 11."/> Quo mihi, inquit, multitudinem sacrificiorum vestrorum? Plenus
sum holocaustomatum arietum, et adipem agnorum et s(??)guimem
taurorum et hircorum nolo. Quis enim requisivit ista de manibus
<bibl n="Ioh. IV, 23."/> vestris? Quae ergo quaesierit deus evangelium decet. Veniet
hora, inquit, cum veri adoratores adorabunt patrem in spiritu et
<bibl n="II Cor. III, 17."/> veritate. Deus enim spiritus est, et adoratores itaque tales requirit.
Nos sumus veri adoratores et veri sacerdotes, qui spiritu orantes
spiritu sacrificamus orationem hostiam dei propriam et acceptabilem,
quam scilicet requisivit, quam sibi prospexit. Hanc de toto
corde devotam, fide pastam, veritate curatam, innocentia integram,
<pb xml:id="v.1.p.583"/>

castitate mundam, agape ceronatam cum pompa operum bonorum
inter psalmos et hymnos deducere ad dei altare debemus, omnis
nobis a deo impetraturam.</p>
</div>

<div type="textpart" subtype="chapter" n="29">
<p>Quid enim orationi de spiritu et veritate venienti negavit 
deus, qui eam exigit? Legimus et audimus et eredimus quanta
documenta efficaciae eius. Vetus quidem oratio et ab ignibus et a
bestiis et ab inedia liberabat, et tamen non a Christo acceperat
formam. Ceterum quanto amplius operatur oratio Christiana!
Non roris angelum in mediis ignibus sistit, nec ora leonibus obstruit, <bibl n="Dan. III, 25 sqq. VI, 16 sqq. II Reg. IV, 38 sqq."/>
nec esurientibus rusticorum prandium transfert, nullum
sensum passionis delegata gratia avertit, sed patientes et sentientes
et dolentes sufferentia instruit, virtute ampliat gratiam, ut sciat
fides quid a domino consequatur, intelligens quid pro dei nomine
patiatur. Sed et retro oratio plagas irrogabat, fundebat hostium
exercitus, imbrium utilia prohibebat. Nunc vero oratio iustitiae
omnem iram dei avertit, pro inimicis excubat, pro persequentibus
supplicat. Mirum si aquas caelestes extorquere novit, quae potuit
et ignes impetrare? Sola est oratio quae deum vincit; sed
Christus eam nihil mali voluit operari. Omnem illi virtutem de
bono contulit. Itaque nihil novit, nisi defunctorum animas de ipso
mortis itinere revocare, debiles reformare, aegros remediare,
<pb xml:id="v.1.p.584"/>

daemoniacos expiare, claustra carceris aperire, vincula innocentium
solvere. Eadem diluit delicta, temptationes repellit, persecutiones
extinguit, pusillanimos consolatur, magnanimos oblectat, peregrinantes
deducit, fluctus mitigat, latrones obstupefacit, alit pauperes,
regit divites, lapsos erigit, cadentes suspendit, stantes continet.
Oratio murus est fidei, arma et tela nostra adversus hostem, qui
nos undique observat. Itaque nunquam inermes incedamus. Die
stationis, nocte vigiliae meminerimus. Sub armis orationis signum
nostri imperatoris custodiamus, tubam angeli exspectemus orantes.
Orant etiam angeli omnes, orat omnis creatura, orant pecudes et
ferae et genua declinant, et egredientes de stabulis ac speluncis ad
caelum non otioso ore suspiciunt, vibrantes spiritum suo more.
Sed et aves nido exurgentes eriguntur ad caelum, et alarum crucem
pro manibus expandunt, et dicunt aliquid quod oratio videatur.
Quid ergo amplius de officio orationis? Etiam ipse dominus oravit,
cui sit honor et virtus in secula seculorum.</p></div>
<pb xml:id="v.1.p.585"/>

<pb xml:id="v.1.p.586"/>
</div></body></text>

</TEI>