<?xml version="1.0" encoding="UTF-8"?>
<TEI xmlns="http://www.tei-c.org/ns/1.0">
    <teiHeader>
        <fileDesc>
            <titleStmt>
                <title n="Ab urbe condita" type="work">Ab Urbe Condita, books 8-10 - 13s</title>
                <title type="sub">Machine readable text</title>
                <author n="Liv.">Titus Livius (Livy)</author>
                <editor n="Foster" role="editor">Benjamin Oliver Foster, Ph.D.</editor>
                <sponsor>Perseus Project, Tufts University</sponsor>
                <principal>Gregory Crane</principal>
                <respStmt>
                    <resp>Prepared under the supervision of</resp>
                    <name>Bridget Almas</name>
                    <name>Lisa Cerrato</name>
                    <name>David Mimno</name>
                    <name>Rashmi Singhal</name>
                </respStmt>
                <funder n="org:NEH">The National Endowment for the Humanities</funder>
            </titleStmt>
            <extent/>
            <publicationStmt>
                <publisher>Trustees of Tufts University</publisher>
                <pubPlace>Medford, MA</pubPlace>
                <authority>Perseus Project</authority>
                <date type="release" notBefore="2006"/>
            </publicationStmt>
            <sourceDesc default="false">
                <biblStruct default="false">
                    <monogr>
                        <author>Livy</author>
                        <title>Books VIII-X With An English Translation</title>
                        <imprint>
                            <pubPlace>Cambridge</pubPlace>
                            <publisher>Cambridge, Mass., Harvard University Press; London, William
                                Heinemann, Ltd.</publisher>
                            <date>1926: no copyright notice</date>
                        </imprint>
                    </monogr>
                </biblStruct>
            </sourceDesc>
        </fileDesc>
        <encodingDesc>
            <refsDecl>
                <refState unit="book"/>
                <refState unit="chapter" n="chunk"/>
            </refsDecl>
        </encodingDesc>
        <profileDesc>
            <langUsage default="false">
                <language ident="la">Latin</language>
                <language ident="en">English</language>
                <language ident="greek">Greek</language>
            </langUsage>
        </profileDesc>
        <revisionDesc>
            <!--
            <change>
                <date>2006</date>
                <respStmt>
                    <name>GRC</name>
                    <resp>tagging</resp>
                </respStmt>
                <item/>
            </change>
        -->
            <change when="2014-10-09" who="Stella Dee">edited markup</change>
        </revisionDesc>
    </teiHeader>
    <text xml:lang="la">
        <body>
            <div part="N" sample="complete" org="uniform" n="13s" type="book">
                <head>Libri XIII Periocha</head>
                <p> VALERIUS LAEVINUS COS. parum prospere adversus Pyrrhum pugnavit, elephantorum
                    maxime inusitata facie territis militibus. <reg>post</reg> id proelium cum
                    corpora Romanorum qui in acie ceciderant Pyrrhuis inspiceret, omnia versa in
                    hosted invenit <note anchored="true" place="unspecified"> invenit <hi
                            rend="italics">vulg.:</hi> venit <hi rend="italics">MSS.</hi>
                    </note> populabundusque ad urbem Romanam processit. C. Fabricius missus ad eum a
                    senatu, ut de redimendis captivis ageret, frustra ut patriam desereret a rege
                    temptatus est. <reg>captivi</reg> sine pretio remissi sunt. <reg>cineas</reg>
                    legatus a Pyrrho ad senatum missus petit ut conponendae pacis causa rex in urbem
                    reciperetur. <reg>de</reg> qua re cum ad frequentiorem senatum referri
                    placuisset, Appius Claudius, qui propter valetudinem oculorum iam diu consiliis
                    publicis se abstinuerat, <pb n="p.550"/> venit in curiam et sententia sua tenuit
                    ut id Pyrrho negaretur. <name>Cn</name> . Domitius censor primus ex plebe
                    lustrum condidit. <reg>censa</reg> sunt civium capita ccxxxxvii ccxxii.
                        <reg>iterum</reg> adversus Pyrrhum dubio eventu pugnatum est. <reg>cum</reg>
                    Carthaginiensibus quarto foedus renovatum est. <reg>cum</reg> C. Fabricio
                    consuli is qui ad eum a Pyrrho transfugerat polliceretur venenum se regi
                    daturum, cum indicio ad regem remissus est. <reg>res</reg> praeterea contra
                    Lucanos et Bruttios, Samnites et Etruscos <note anchored="true"
                        place="unspecified"> et Etruscos <hi rend="italics">vulg.:</hi> etruscos <hi
                            rend="italics">MSS.</hi>
                    </note> prospere gestas continet. </p>
            </div>
        </body>
    </text>
</TEI>
