<?xml version="1.0" encoding="UTF-8"?>
<TEI xmlns="http://www.tei-c.org/ns/1.0">
    <teiHeader>
        <fileDesc>
            <titleStmt>
                <title n="Ab urbe condita" type="work">Ab Urbe Condita, books 8-10 - 17s</title>
                <title type="sub">Machine readable text</title>
                <author n="Liv.">Titus Livius (Livy)</author>
                <editor n="Foster" role="editor">Benjamin Oliver Foster, Ph.D.</editor>
                <sponsor>Perseus Project, Tufts University</sponsor>
                <principal>Gregory Crane</principal>
                <respStmt>
                    <resp>Prepared under the supervision of</resp>
                    <name>Bridget Almas</name>
                    <name>Lisa Cerrato</name>
                    <name>David Mimno</name>
                    <name>Rashmi Singhal</name>
                </respStmt>
                <funder n="org:NEH">The National Endowment for the Humanities</funder>
            </titleStmt>
            <extent/>
            <publicationStmt>
                <publisher>Trustees of Tufts University</publisher>
                <pubPlace>Medford, MA</pubPlace>
                <authority>Perseus Project</authority>
                <date type="release" notBefore="2006"/>
            </publicationStmt>
            <sourceDesc default="false">
                <biblStruct default="false">
                    <monogr>
                        <author>Livy</author>
                        <title>Books VIII-X With An English Translation</title>
                        <imprint>
                            <pubPlace>Cambridge</pubPlace>
                            <publisher>Cambridge, Mass., Harvard University Press; London, William
                                Heinemann, Ltd.</publisher>
                            <date>1926: no copyright notice</date>
                        </imprint>
                    </monogr>
                </biblStruct>
            </sourceDesc>
        </fileDesc>
        <encodingDesc>
            <refsDecl>
                <refState unit="book"/>
                <refState unit="chapter" n="chunk"/>
            </refsDecl>
        </encodingDesc>
        <profileDesc>
            <langUsage default="false">
                <language ident="la">Latin</language>
                <language ident="en">English</language>
                <language ident="greek">Greek</language>
            </langUsage>
        </profileDesc>
        <revisionDesc>
            <!--
            <change>
                <date>2006</date>
                <respStmt>
                    <name>GRC</name>
                    <resp>tagging</resp>
                </respStmt>
                <item/>
            </change>
        -->
            <change when="2014-10-09" who="Stella Dee">edited markup</change>
        </revisionDesc>
    </teiHeader>
    <text xml:lang="la">
        <body>
            <div part="N" sample="complete" org="uniform" n="17s" type="book">
                <head>Libri XVII Periocha</head>
                <p> CN. CORNELIUS consul a classe Punica circumventus et per fraudem, veluti in
                    conloquium evocatus, captus est. C. Duillius consul adversus classem Poenorum
                    prospere pugnavit, primusque omnium Romanorum ducum navalis victoriae duxit
                    triumphum. <reg>ob</reg> quam causam ei perpetuus quoque honos habitus est, ut
                    revertenti a cena tibicine canente funale praeferretur. L. Cornelius consul in
                    Sardinia et Corsica contra Sardos et Corsos et Hannonem, Poenorum ducem,
                    feliciter pugnavit. <name>Atilius</name> Calatinus <note anchored="true"
                        place="unspecified"> Calatinus <hi rend="italics">vlg.:</hi> calasinus <hi
                            rend="italics">MSS.</hi>
                    </note> cos. cum in locum a Poenis circumsessum temere exercitum duxisset, M.
                    Calpurni, tribuni militum, virtute et opera evasit, qui cum ccc militibus
                    eruptione facta hostes in se converterat. <name>Hannibal</name> , dux Poenorum,
                    victa classe cui praefuerat, a militibus suis in crucem sublatus est.
                        <name>Atilius</name> Regulus cos. victis navali proelio Poenis in Africam
                    traiecit. </p>
            </div>
        </body>
    </text>
</TEI>
