<?xml version="1.0" encoding="UTF-8"?>
<TEI xmlns="http://www.tei-c.org/ns/1.0">
    <teiHeader>
        <fileDesc>
            <titleStmt>
                <title n="Ab urbe condita" type="work">Ab Urbe Condita, books 8-10 - 20s</title>
                <title type="sub">Machine readable text</title>
                <author n="Liv.">Titus Livius (Livy)</author>
                <editor n="Foster" role="editor">Benjamin Oliver Foster, Ph.D.</editor>
                <sponsor>Perseus Project, Tufts University</sponsor>
                <principal>Gregory Crane</principal>
                <respStmt>
                    <resp>Prepared under the supervision of</resp>
                    <name>Bridget Almas</name>
                    <name>Lisa Cerrato</name>
                    <name>David Mimno</name>
                    <name>Rashmi Singhal</name>
                </respStmt>
                <funder n="org:NEH">The National Endowment for the Humanities</funder>
            </titleStmt>
            <extent/>
            <publicationStmt>
                <publisher>Trustees of Tufts University</publisher>
                <pubPlace>Medford, MA</pubPlace>
                <authority>Perseus Project</authority>
                <date type="release" notBefore="2006"/>
            </publicationStmt>
            <sourceDesc default="false">
                <biblStruct default="false">
                    <monogr>
                        <author>Livy</author>
                        <title>Books VIII-X With An English Translation</title>
                        <imprint>
                            <pubPlace>Cambridge</pubPlace>
                            <publisher>Cambridge, Mass., Harvard University Press; London, William
                                Heinemann, Ltd.</publisher>
                            <date>1926: no copyright notice</date>
                        </imprint>
                    </monogr>
                </biblStruct>
            </sourceDesc>
        </fileDesc>
        <encodingDesc>
            <refsDecl>
                <refState unit="book"/>
                <refState unit="chapter" n="chunk"/>
            </refsDecl>
        </encodingDesc>
        <profileDesc>
            <langUsage default="false">
                <language ident="la">Latin</language>
                <language ident="en">English</language>
                <language ident="greek">Greek</language>
            </langUsage>
        </profileDesc>
        <revisionDesc>
            <!--
            <change>
                <date>2006</date>
                <respStmt>
                    <name>GRC</name>
                    <resp>tagging</resp>
                </respStmt>
                <item/>
            </change>
        -->
            <change when="2014-10-09" who="Stella Dee">edited markup</change>
        </revisionDesc>
    </teiHeader>
    <text xml:lang="la">
        <body>
            <div part="N" sample="complete" org="uniform" n="20s" type="book">
                <head>Libri XX Periocha</head>
                <p> FALISCI cum rebellassent, sexto die perdomiti in deditionem venerunt.
                        <name>Spoletium</name> colonia deducta est. <reg>adversus</reg> Liguras tune
                    primum exercitus promotus est. <reg>sardi</reg> et Corsi cum rebellassent,
                    subacti sunt. <reg>tuccia</reg> , <note anchored="true" place="unspecified">
                        Tuccia <hi rend="italics">
                            <name>Sigonius</name> ex vet. lib.: </hi> Iucia ( <hi rend="italics"
                            >or</hi> Luccia) <hi rend="italics">MSS.</hi> Tucia <hi rend="italics"
                            >ed. prin.</hi>
                    </note> virgo Vestalis, incesti damnata est. <reg>bellum</reg> Illyriis propter
                    unum ex legatis qui ad eos missi erant occisum indictum est, subactique in
                    deditionem venerunt. <reg>praetorum</reg> numerus ampliatus est, ut essent IIII.
                    Galli transalpini qui in Italiam inruperant caesi sunt. <reg>eo</reg> bello
                    populum <pb n="p.560"/> R. sui Latinique nominis <hi rend="overline">DCCC</hi>
                    armatorum <note anchored="true" place="unspecified">
                        <hi rend="overline">
                            <reg>dccc</reg>
                        </hi> armatorum Mormmsei,: accc <hi rend="italics">M</hi> SS. </note>
                    habuisse dicit Exercitibus Romanis tune primurn trans Padum ductis Galli
                    Insubres aliquot proeliis fusi in deditionem venerunt. M. Claudius Marcellus
                    cos. occiso Gallorum Insubrium duce, Vertomaro, <note anchored="true"
                        place="unspecified"> Vertomaro <hi rend="italics">MSS.:</hi> Virtomane <hi
                            rend="italics">
                            <reg>propertius</reg>
                        </hi> IV. x. 41 ( <hi rend="italics">codex</hi>
                        <hi rend="italics">N):</hi> Viridomaro <hi rend="italics">ed. prin.</hi> (
                            <hi rend="italics"> cf. <reg>serv</reg> . Verg. <name>Aen</name> . </hi>
                        VI. 855). </note> opima spolia rettulit. <name>Histri</name> subacti sunt.
                        <reg>iterum</reg> Illyri cum rebellassent, domiti in deditionem venerunt.
                        <reg>lustrum</reg> a censoribus ter <note anchored="true"
                        place="unspecified"> ter <hi rend="italics">
                            <name>Madvig</name> : </hi> per <hi rend="italics">MSS.</hi>
                    </note> conditum est. <reg>primo</reg> lustro censa sunt civium capita <hi
                        rend="overline">CCLXX</hi> ccxii**. Libertini in quattuor tribus redacti
                    sunt, cum antea dispersi per omnes fuissent, Esquilinam Palatinam Suburanam
                    Collinam. C. Flaminius censor viam Flaminius muniit <note anchored="true"
                        place="unspecified"> C. Flaminius censor viam Flaminiam muniit <hi
                            rend="italics">
                            <name>Sigonius</name>
                        </hi> muniit <hi rend="italics">MSS.</hi>
                    </note> et circum Flaminium exstruxit. <reg>coloniae</reg> deductae sunt in agro
                    de Gallis <note anchored="true" place="unspecified"> de gallis <hi
                            rend="italics">
                            <reg>frobenius</reg>
                        </hi> : gallis <hi rend="italics">MSS.</hi>
                    </note> capto Placentia et Cremona. </p>
                <pb n="p.1"/>
                <pb n="p.3"/>
            </div>
        </body>
    </text>
</TEI>
