<?xml version="1.0" encoding="UTF-8"?>
<TEI xmlns="http://www.tei-c.org/ns/1.0">
    <teiHeader>
        <fileDesc>
            <titleStmt>
                <title n="Ab urbe condita" type="work">Ab Urbe Condita, books 8-10 - 12s</title>
                <title type="sub">Machine readable text</title>
                <author n="Liv.">Titus Livius (Livy)</author>
                <editor n="Foster" role="editor">Benjamin Oliver Foster, Ph.D.</editor>
                <sponsor>Perseus Project, Tufts University</sponsor>
                <principal>Gregory Crane</principal>
                <respStmt>
                    <resp>Prepared under the supervision of</resp>
                    <name>Bridget Almas</name>
                    <name>Lisa Cerrato</name>
                    <name>David Mimno</name>
                    <name>Rashmi Singhal</name>
                </respStmt>
                <funder n="org:NEH">The National Endowment for the Humanities</funder>
            </titleStmt>
            <extent/>
            <publicationStmt>
                <publisher>Trustees of Tufts University</publisher>
                <pubPlace>Medford, MA</pubPlace>
                <authority>Perseus Project</authority>
                <date type="release" notBefore="2006"/>
            </publicationStmt>
            <sourceDesc default="false">
                <biblStruct default="false">
                    <monogr>
                        <author>Livy</author>
                        <title>Books VIII-X With An English Translation</title>
                        <imprint>
                            <pubPlace>Cambridge</pubPlace>
                            <publisher>Cambridge, Mass., Harvard University Press; London, William
                                Heinemann, Ltd.</publisher>
                            <date>1926: no copyright notice</date>
                        </imprint>
                    </monogr>
                </biblStruct>
            </sourceDesc>
        </fileDesc>
        <encodingDesc>
            <refsDecl>
                <refState unit="book"/>
                <refState unit="chapter" n="chunk"/>
            </refsDecl>
        </encodingDesc>
        <profileDesc>
            <langUsage default="false">
                <language ident="la">Latin</language>
                <language ident="en">English</language>
                <language ident="greek">Greek</language>
            </langUsage>
        </profileDesc>
        <revisionDesc>
            <!--
            <change>
                <date>2006</date>
                <respStmt>
                    <name>GRC</name>
                    <resp>tagging</resp>
                </respStmt>
                <item/>
            </change>
        -->
            <change when="2014-10-09" who="Stella Dee">edited markup</change>
        </revisionDesc>
    </teiHeader>
    <text xml:lang="la">
        <body>
            <div part="N" sample="complete" org="uniform" n="12s" type="book">
                <head>Libri XII Periocha</head>
                <p>
                    <reg>cum</reg> legati Romanorum a Gallis Senonibus interfecti essent, bello ob
                    id Gallis indicto, L. Caecilius praetor ab his cum legionibus caesus est.
                        <reg>cum</reg> a Tarentinis classis Romana direpta esset, IIviro qui
                    praeerat classi occiso, legati ad eos a senatu, ut de his iniuriis quererelitur,
                    missi pulsati sunt. <reg>ob</reg> id bellum his indictum est.
                        <name>Samnites</name> defecerunt. <reg>adversus</reg> eos et Lucanos et
                    Brittios et Etruscos aliquot proeliis a conpluribus ducibus bene pugnatum est.
                        <name>Pyrrhus</name> , Epirotarum rex, ut auxilium Tarentinis ferret, in
                    Italiam venit. <reg>cum</reg> in praesidium Reginorum legio Campana cum
                    praefecto Decio Vibellio missa esset, occisis Reginis Regium <note
                        anchored="true" place="unspecified"> Regium <hi rend="italics">vulg.:</hi>
                        regnum <hi rend="italics">MSS.</hi>
                    </note> occupavit. </p>
            </div>
        </body>
    </text>
</TEI>
