<?xml version="1.0" encoding="UTF-8"?>
<TEI xmlns="http://www.tei-c.org/ns/1.0">
	<teiHeader>
		<fileDesc>
			<titleStmt>
				<title>On His Return </title>
				<author>Andocides</author>
				<sponsor>Perseus Project, Tufts University</sponsor>
				<principal>Gregory Crane</principal>
				<respStmt>
					<resp>Prepared under the supervision of</resp>
					<name>Lisa Cerrato</name>
					<name>William Merrill</name>
					<name>Elli Mylonas</name>
					<name>David Smith</name>
				</respStmt>
				<funder n="org:AnnCPB">The Annenberg CPB/Project</funder>

			</titleStmt>
			<publicationStmt>
				<publisher>Trustees of Tufts University</publisher>
				<pubPlace>Medford, MA</pubPlace>
				<authority>Perseus Project</authority>
			</publicationStmt>


			<sourceDesc>
				<biblStruct>
					<monogr>
						<author>Andocides</author>
						<title>Minor Attic Orators in two volumes 1, Antiphon Andocides, with an
							English translation by K. J. Maidment, M.A.</title>

						<imprint>
							<publisher>Cambridge, MA, Harvard University Press; London, William
								Heinemann Ltd.</publisher>
							<date>1968</date>
						</imprint>
					</monogr>
				</biblStruct>
			</sourceDesc>

		</fileDesc>
		<encodingDesc>
			<refsDecl>
				<refState unit="speech" delim="."/>
				<refState unit="section"/>
			</refsDecl>
		</encodingDesc>
		<profileDesc>
			<langUsage>
				<language usage="100" ident="greek">Greek </language>
				<language ident="en">English </language>
			</langUsage>
		</profileDesc>
		<revisionDesc>
			<!--
<change><date>3/92</date><respStmt><name>wmerrill</name><resp>(n/a)</resp></respStmt><item>redo tagging</item>
</change>
<change><date>6/92</date><respStmt><name>wmerrill</name><resp>(n/a)</resp></respStmt><item>checkmark</item>
</change>
<change><date>7/11/92</date><respStmt><name>das</name><resp>(n/a)</resp></respStmt><item>fixed missing letters at the top of each Loeb page and other miscellaneous typos</item>
</change>
	<change><date>5/27/09</date><respStmt><name>RS</name><resp>(n/a)</resp></respStmt>
		<item>  
			$Log: andoc_gk.xml,v $
			Revision 1.5  2013-09-13 11:21:27  balmas01
			reverting texts back to pre_cts_reorg tagged version

			Revision 1.3  2012-12-18 21:40:17  gcrane
			witnesses

			Revision 1.2  2011-01-13 03:38:22  gcrane
			more refinements making these files SDL compatible

			Revision 1.1  2010-12-31 22:38:56  gcrane
			QUOTE tags replace ldquo/rdquo;

			Revision 1.1  2009/10/09 19:49:16  rsingh04
			more reorganizing of texts module by collection

			Revision 1.1  2009/10/07 21:00:34  rsingh04
			began reorganizing texts module by collection.  created separate work directory in texts module to keep hopper files separate from in progress files

			Revision 1.5  2009/05/27 15:55:16  rsingh04
			added cvs log keyword

		</item>
	</change>
<change><date>July 2014</date>
    <respStmt><name>Stella Dee</name><resp>ed.</resp></respStmt>
    <item>split composite text and converted to unicode</item>
      </change>-->
			<change when="2014-08-01" who="Stella Dee">edited markup</change>
		</revisionDesc>
	</teiHeader>
	<text xml:lang="grc">
		<body>
			<div type="part" n="intro">
				<div type="section" n="1">
					<p>εἰ μέν, ὦ ἄνδρες, ἐν ἑτέρῳ τῳ πράγματι οἱ παριόντες μὴ τὴν αὐτὴν γνώμην
						ἔχοντες πάντες ἐφαίνοντο, οὐδὲν ἂν θαυμαστὸν ἐνόμιζον· ὅπου μέντοι δεῖ τὴν
						πόλιν ἐμέ τι ποιῆσαι ἀγαθόν, ἢ εἴ τις ἕτερος<note anchored="true"
							resp="Loeb"><foreign xml:lang="grc">ἕτερος</foreign> Reiske: <foreign
								xml:lang="grc">ἑτέρως</foreign> codd.</note> βούλοιτο ἐμοῦ κακίων,
						δεινότατον ἁπάντων χρημάτων ἡγοῦμαι, εἰ τῷ μὲν δοκεῖ ταῦτα τῷ δὲ μή, ἀλλὰ μὴ
						πᾶσιν ὁμοίως. εἴπερ γὰρ ἡ πόλις ἁπάντων τῶν πολιτευομένων κοινή ἐστι, καὶ τὰ
						γιγνόμενα δήπου ἀγαθὰ τῇ πόλει κοινά ἐστι. </p>
				</div>
				<div type="section" n="2">
					<p>τουτὶ τοίνυν τὸ μέγα καὶ δεινὸν πάρεστιν ὑμῖν ὁρᾶν τοὺς μὲν ἤδη πράττοντας,
						τοὺς δὲ τάχα μέλλοντας· καί μοι μέγιστον θαῦμα παρέστηκε, τί ποτε οὗτοι οἱ
						ἄνδρες δεινῶς οὕτω περικάονται, εἴ τι ὑμᾶς χρὴ ἀγαθὸν ἐμοῦ ἐπαυρέσθαι. δεῖ
						γὰρ αὐτοὺς ἤτοι ἀμαθεστάτους εἶναι πάντων ἀνθρώπων, ἢ τῇ πόλει ταύτῃ
						δυσμενεστάτους. εἰ μέν γε νομίζουσι τῆς πόλεως εὖ πραττούσης καὶ τὰ ἴδια
						σφῶν αὐτῶν ἄμεινον ἂν φέρεσθαι, ἀμαθέστατοί εἰσι τὰ ἐναντία νῦν τῇ ἑαυτῶν
						ὠφελείᾳ σπεύδοντες· </p>
				</div>
				<div type="section" n="3">
					<p>εἰ δὲ μὴ ταὐτὰ ἡγοῦνται σφίσι τε αὐτοῖς συμφέρειν καὶ τῷ ὑμετέρῳ κοινῷ,
						δυσμενεῖς ἂν τῇ πόλει εἶεν· οἵτινες εἰσαγγείλαντός μου ἀπόρρητα εἰς τὴν
						βουλὴν περὶ τῶν πραγμάτων, ὧν ἀποτελεσθέντων οὐκ εἰσὶ τῇ πόλει ταύτῃ
						μείζονες ὠφέλειαι, καὶ τούτων ἀποδεικνύντος μου τοῖς βουλευταῖς σαφεῖς τε
						καὶ βεβαίους τὰς ἀποδείξεις, ἐκεῖ μὲν οὔτε τούτων τῶν ἀνδρῶν οἱ
						παραγενόμενοι ἐλέγχοντες<note anchored="true" resp="Loeb"><foreign
								xml:lang="grc">ἐλέγχοντες</foreign> Emperius: <foreign
								xml:lang="grc">ἐλέγξοντες</foreign> codd.</note> οἷοί τʼ ἦσαν
						ἀποδεῖξαι εἴ τι μὴ ὀρθῶς ἐλέγετο, οὔτʼ ἄλλος οὐδείς, ἐνθάδε δὲ νῦν πειρῶνται
						διαβάλλειν. </p>
				</div>
				<div type="section" n="4">
					<p>σημεῖον οὖν τοῦτο ὅτι οὗτοι οὐκ ἀφʼ αὑτῶν ταῦτα πράττουσιν — εὐθὺς γὰρ ἂν
						τότε ἠναντιοῦντο — ἀλλʼ ἀπʼ ἀνδρῶν ἑτέρων, οἷοί εἰσιν ἐν τῇ πόλει ταύτῃ,
						οὐδενὸς ἂν χρήματος δεξάμενοι ὑμᾶς τι ἀγαθὸν ἐξ ἐμοῦ πρᾶξαι. καὶ αὐτοὶ μὲν
						οὗτοι οἱ ἄνδρες οὐ τολμῶσι σφᾶς αὐτοὺς εἰς τὸ μέσον καταστήσαντες
						διισχυρίζεσθαι περὶ τούτων, φοβούμενοι ἔλεγχον διδόναι εἴ τι εἰς ὑμᾶς
						τυγχάνουσι μὴ εὖ φρονοῦντες· ἑτέρους δὲ εἰσπέμπουσι, τοιούτους ἀνθρώπους οἷς
						εἰθισμένοις ἤδη ἀναισχυντεῖν οὐδὲν διαφέρει εἰπεῖν τε καὶ ἀκοῦσαι τὰ μέγιστα
						τῶν κακῶν. </p>
				</div>
				<div type="section" n="5">
					<p>τὸ δʼ ἰσχυρὸν τοῦτο μόνον εὕροι τις ἂν αὐτῶν ἐν τοῖς λόγοις, τὰς ἐμὰς
						συμφορὰς ἐπὶ παντὶ ὀνειδίζειν, καὶ ταῦτα ἐν εἰδόσι δήπου κάλλιον ὑμῖν, ὥστε
						μηδὲν ἂν τούτων δικαίως τιμὴν αὐτοῖς τινα φέρειν. <milestone unit="para"
							ed="P"/></p>
					<p>ἐμοὶ δέ, ὦ ἄνδρες, καὶ τῷ πρώτῳ τοῦτο εἰπόντι ὀρθῶς δοκεῖ εἰρῆσθαι, ὅτι
						πάντες ἄνθρωποι γίγνονται ἐπὶ τῷ εὖ καὶ κακῶς πράττειν, μεγάλη δὲ δήπου καὶ
						τὸ ἐξαμαρτεῖν δυσπραξία ἐστί,</p>
				</div>
			</div>
			<div type="part" n="narr">
				<div type="section" n="6">
					<p>καὶ εἰσὶν εὐτυχέστατοι μὲν οἱ ἐλάχιστα ἐξαμαρτάνοντες, σωφρονέστατοι δὲ οἳ ἂν
						τάχιστα μεταγιγνώσκωσι. καὶ ταῦτα οὐ διακέκριται τοῖς μὲν γίγνεσθαι τοῖς δὲ
						μή, ἀλλʼ ἔστιν ἐν τῷ κοινῷ πᾶσιν ἀνθρώποις καὶ ἐξαμαρτεῖν τι καὶ κακῶς
						πρᾶξαι. ὧν ἕνεκα, ὦ Ἀθηναῖοι, εἰ ἀνθρωπίνως περὶ ἐμοῦ γιγνώσκοιτε, εἴητε ἂν
						ἄνδρες εὐγνωμονέστεροι. οὐ γὰρ φθόνου μᾶλλον ἢ οἴκτου ἄξιά μοί ἐστι τὰ
						γεγενημένα· </p>
				</div>
				<div type="section" n="7">
					<p>ὃς εἰς τοσοῦτον ἦλθον δυσδαιμονίας, εἴτε χρὴ εἰπεῖν νεότητί τε καὶ ἀνοίᾳ τῇ
							ἐμαυτοῦ,<note anchored="true" resp="Loeb"><foreign xml:lang="grc">τῇ
								ἐμαυτοῦ</foreign> Frohberger, qui huc transtulit. Ante dusdaimoni/as
							habent th=s e)mautou= codd.</note> εἴτε καὶ δυνάμει τῶν πεισάντων με
						ἐλθεῖν εἰς τοιαύτην συμφορὰν τῶν φρενῶν, ὥστʼ ἀνάγκην μοι γενέσθαι δυοῖν
						κακοῖν τοῖν μεγίστοιν θάτερον ἑλέσθαι, ἢ μὴ βουληθέντι<note anchored="true"
							resp="Loeb"><foreign xml:lang="grc">βουληθέντι</foreign> Ald.: <foreign
								xml:lang="grc">βουληθέντα</foreign> codd.</note> κατειπεῖν τοὺς
						ταῦτα ποιήσαντας οὐ περὶ ἐμοῦ μόνου ὀρρωδεῖν, εἴ τι ἔδει παθεῖν, ἀλλὰ καὶ
						τὸν πατέρα οὐδὲν ἀδικοῦντα σὺν ἐμαυτῷ ἀποκτεῖναι — ὅπερ ἀνάγκη παθεῖν ἦν
						αὐτῷ, εἰ ἐγὼ μὴ ἐβουλόμην ταῦτα ποιῆσαι — ἢ κατειπόντι τὰ γεγενημένα αὐτὸν
						μὲν ἀφεθέντα μὴ τεθνάναι, τοῦ δὲ ἐμαυτοῦ πατρὸς μὴ φονέα γενέσθαι. τί δʼ ἂν
						οὐ πρό γε τούτου τολμήσειεν ἄνθρωπος ποιῆσαι; </p>
				</div>
				<div type="section" n="8">
					<p><milestone unit="para" ed="P"/>ἐγὼ τοίνυν ἐκ τῶν παρόντων εἱλόμην ταῦτα, ἃ
						ἐμοὶ μὲν λύπας ἐπὶ χρόνον πλεῖστον οἴσειν ἔμελλεν, ὑμῖν δὲ ταχίστην τοῦ
						παρόντος τότε κακοῦ μετάστασιν. ἀναμνήσθητε δὲ ἐν οἵῳ κινδύνῳ τε καὶ
						ἀμηχανίᾳ καθέστατε, καὶ ὅτι οὕτω σφόδρα σφᾶς αὐτοὺς ἐπεφόβησθε, ὥστʼ οὐδʼ
						εἰς τὴν ἀγορὰν ἔτι ἐξῇτε, ἕκαστος ὑμῶν οἰόμενος συλληφθήσεσθαι. ταῦτα τοίνυν
						ὥστε μὲν γενέσθαι τοιαῦτα, πολλοστὸν δή τι ἐγὼ μέρος τῆς αἰτίας ηὑρέθην
						ἔχων, ὥστε μέντοι παυθῆναι, ἐγὼ εἷς ὢν μόνος αἴτιος. </p>
				</div>
				<div type="section" n="9">
					<p>καὶ ὅμως τό γε δυστυχέστατος εἶναι ἀνθρώπων οὐδαμῇ ἐκφεύγω, ὅτε δὴ
						προαγομένης μὲν τῆς πόλεως ἐπὶ ταύτας τὰς συμφορὰς οὐδεὶς ἐμοῦ ἤρχετο
						γίγνεσθαι δυσδαιμονέστερος, μεθισταμένης δὲ πάλιν εἰς τὸ ἀσφαλὲς ἁπάντων ἐγὼ
						ἀθλιώτατος. ὄντων γὰρ κακῶν τοσούτων τῇ πόλει ἀδύνατον ἦν ταῦτα ἰαθῆναι
						ἄλλως ἢ τῷ ἐμῷ αἰσχρῷ, ὥστʼ ἐν αὐτῷ<note anchored="true" resp="Loeb"
								><foreign xml:lang="grc">αὐτῷ</foreign> ante tou/tw| ponit
							Sluiter.</note> ᾧ ἐγὼ κακῶς ἔπραττον, ἐν τούτῳ ὑμᾶς σῴζεσθαι. χάριν οὖν
						εἰκός με, οὐ μῖσος τῷ δυστυχήματι τούτῳ φέρεσθαι παρʼ ὑμῶν. </p>
				</div>
				<div type="section" n="10">
					<p>καίτοι ἐγὼ τότʼ αὐτὸς γνοὺς τὰς ἐμαυτοῦ συμφοράς, ᾧ τινι κακῶν τε καὶ αἰσχρῶν
						οὐκ οἶδʼ εἴ τι ἀπεγένετο, τὰ μὲν παρανοίᾳ τῇ ἐμαυτοῦ, τὰ δʼ ἀνάγκῃ τῶν
						παρόντων πραγμάτων, ἔγνων ἥδιστον εἶναι πράττειν τε τοιαῦτα καὶ διαιτᾶσθαι
						ἐκεῖ, ὅπου ἥκιστα μέλλοιμι ὀφθήσεσθαι ὑφʼ ὑμῶν. ἐπειδὴ δὲ χρόνῳ ὕστερον<note
							anchored="true" resp="Loeb"><foreign xml:lang="grc">ὕστερον</foreign>
							delent nonnulli.</note> εἰσῆλθέ μοι, ὥσπερ εἰκός, ἐπιθυμία τῆς τε μεθʼ
						ὑμῶν πολιτείας ἐκείνης καὶ διαίτης, ἐξ ἧς δευρὶ μετέστην, ἔγνων λυσιτελεῖν
						μοι ἢ τοῦ βίου ἀπηλλάχθαι, ἢ τὴν πόλιν ταύτην ἀγαθόν τι τοσοῦτον ἐργάσασθαι,
						ὥστε ὑμῶν ἑκόντων εἶναί ποτέ μοι πολιτεύσασθαι μεθʼ ὑμῶν. </p>
				</div>
				<div type="section" n="11">
					<p>ἐκ δὲ τούτου οὐ πώποτε οὔτε τοῦ σώματος οὔτε τῶν ὄντων ἐμοὶ ἐφεισάμην, ὅπου
						ἔδει παρακινδυνεύειν· ἀλλʼ αὐτίκα μὲν τότε εἰσήγαγον εἰς στρατιὰν ὑμῶν οὖσαν
						ἐν Σάμῳ κωπέας, τῶν τετρακοσίων ἤδη τὰ πράγματα ἐνθάδε κατειληφότων, ὄντος
						μοι Ἀρχελάου ξένου πατρικοῦ καὶ διδόντος τέμνεσθαί<note anchored="true"
							resp="Loeb"><foreign xml:lang="grc">τέμνεσθαί</foreign> Dobree: <foreign
								xml:lang="grc">γενέσθαι</foreign> codd.</note> τε καὶ ἐξάγεσθαι
						ὁπόσους ἐβουλόμην. τούτους τε εἰσήγαγον τοὺς κωπέας, καὶ παρόν μοι πέντε
						δραχμῶν τὴν τιμὴν αὐτῶν δέξασθαι οὐκ ἠθέλησα πράξασθαι πλέον ἢ ὅσου<note
							anchored="true" resp="Loeb"><foreign xml:lang="grc">ὅσου</foreign> A
							corr.: <foreign xml:lang="grc">ὅσον</foreign> A pr.</note> ἐμοὶ
						κατέστησαν· εἰσήγαγον δὲ σῖτόν τε καὶ χαλκόν. </p>
				</div>
				<div type="section" n="12">
					<p>καὶ οἱ ἄνδρες ἐκεῖνοι ἐκ τούτων παρεσκευασμένοι ἐνίκησαν μετὰ ταῦτα
						Πελοποννησίους ναυμαχοῦντες, καὶ τὴν πόλιν ταύτην μόνοι ἀνθρώπων ἔσῳσαν ἐν
						τῷ τότε χρόνῳ. εἰ τοίνυν μεγάλων ἀγαθῶν αἴτια<note anchored="true"
							resp="Loeb"><foreign xml:lang="grc">αἴτια</foreign> Blass: <foreign
								xml:lang="grc">ἄξια</foreign> codd.</note> ὑμᾶς ἠργάσαντο ἐκεῖνοι,
						μέρος ἐγὼ οὐκ ἂν ἐλάχιστον δικαίως ταύτης τῆς αἰτίας ἔχοιμι. εἰ γὰρ τοῖς
						ἀνδράσιν ἐκείνοις τότε τὰ ἐπιτήδεια μὴ εἰσήχθη, οὐ περὶ τοῦ σῷσαι τὰς Ἀθήνας
						ὁ κίνδυνος ἦν αὐτοῖς μᾶλλον ἢ περὶ τοῦ μηδʼ αὐτοὺς σωθῆναι. </p>
				</div>
				<div type="section" n="13">
					<p>τούτων τοίνυν οὕτως ἐχόντων οὐκ ὀλίγῳ μοι παρὰ γνώμην ηὑρέθη τὰ ἐνταῦθα
						πράγματα ἔχοντα. κατέπλευσα μὲν γὰρ ὡς ἐπαινεθησόμενος ὑπὸ τῶν ἐνθάδε
						προθυμίας τε ἕνεκα καὶ ἐπιμελείας τῶν ὑμετέρων πραγμάτων· πυθόμενοι δέ τινές
						με ἥκοντα τῶν τετρακοσίων ἐζήτουν τε παραχρῆμα, καὶ λαβόντες ἤγαγον εἰς τὴν
						βουλήν. </p>
				</div>
				<div type="section" n="14">
					<p>εὐθὺς δὲ παραστάς μοι Πείσανδρος <quote>ἄνδρες</quote> ἔφη <quote>βουλευταί,
							ἐγὼ τὸν ἄνδρα τοῦτον ἐνδεικνύω ὑμῖν σῖτόν τε εἰς τοὺς πολεμίους
							εἰσαγαγόντα καὶ κωπέας.</quote> καὶ τὸ πρᾶγμα ἤδη πᾶν διηγεῖτο ὡς
						ἐπέπρακτο. ἐν δὲ τῶ τότε τὰ ἐναντία φρονοῦντες δῆλοι ἦσαν ἤδη οἱ ἐπὶ
						στρατιᾶς ὄντες τοῖς τετρακοσίοις. </p>
				</div>
				<div type="section" n="15">
					<p>κἀγώ — θόρυβος γὰρ δὴ τοιοῦτος ἐγίγνετο τῶν βουλευτῶν — <del>καὶ</del><note
							anchored="true" resp="Loeb"><foreign xml:lang="grc">καὶ</foreign> del.
							Reiske. Verbum post kai\ excidisse putat Fuhr.</note> ἐπειδὴ ἐγίγνωσκον
						ἀπολούμενος, εὐθὺς προσπηδῶ πρὸς τὴν ἑστίαν καὶ λαμβάνομαι τῶν ἱερῶν. ὅπερ
						μοι καὶ πλείστου ἄξιον ἐγένετο<note anchored="true" resp="Loeb"><foreign
								xml:lang="grc">ἐγένετο</foreign> Emperius: <foreign xml:lang="grc"
								>ἐγίνετο</foreign> codd.</note> ἐν τῷ τότε· εἰς γὰρ τοὺς θεοὺς
						ἔχοντα ὀνείδη οὗτοί με<note anchored="true" resp="Loeb"><foreign
								xml:lang="grc">ἔχοντα ὀνείδη οὗτοί με</foreign> Sauppe: <foreign
								xml:lang="grc">εἶχον τὰ ὀνείδη οὗτοι, οἵ με</foreign> codd.</note>
						μᾶλλον τῶν ἀνθρώπων ἐοίκασι κατελεῆσαι, βουληθέντων τε αὐτῶν ἀποκτεῖναί με
						οὗτοι ἦσαν οἱ διασῴσαντες. δεσμά τε ὕστερον καὶ κακὰ ὅσα τε καὶ οἷα τῷ
						σώματι ἠνεσχόμην, μακρὸν ἂν εἴη μοι λέγειν. </p>
				</div>
				<div type="section" n="16">
					<p>οὗ δὴ καὶ μάλιστʼ ἐμαυτὸν ἀπωλοφυράμην· ὅστις τοῦτο μὲν ἐν ᾧ ἐδόκει ὁ δῆμος
						κακοῦσθαι, ἐγὼ ἀντὶ τούτου κακὰ εἶχον, τοῦτο δὲ ἐπειδὴ ἐφαίνετο
							<add>εὖ</add><note anchored="true" resp="Loeb"><foreign xml:lang="grc"
								>εὖ</foreign> add. Ald.</note> ὑπʼ ἐμοῦ πεπονθώς, πάλιν αὖ καὶ διὰ
						τοῦτʼ ἐγὼ ἀπωλλύμην.<note anchored="true" resp="Loeb"><foreign
								xml:lang="grc">ἀπωλλύμην</foreign> ci. Bekker: <foreign
								xml:lang="grc">ἀπολοίμην</foreign> codd.</note> ὥστε ὁδόν τε καὶ
						πόρον μηδαμῇ ἔτι εἶναί μοι εὐθαρσεῖν· ὅποι<note anchored="true" resp="Loeb"
								><foreign xml:lang="grc">ὅποι</foreign> Reiske: <foreign
								xml:lang="grc">ὅπου</foreign> codd.</note> γὰρ τραποίμην, πάντοθεν
						κακόν τί μοι ἐφαίνετο ἑτοιμαζόμενον. ἀλλʼ ὅμως καὶ ἐκ τούτων τοιούτων ὄντων
						ἀπαλλαγεὶς οὐκ ἔστιν ὅ τι ἕτερον ἔργον περὶ πλείονος ἐποιούμην ἢ τὴν πόλιν
						ταύτην ἀγαθόν τι ἐργάσασθαι. </p>
				</div>
				<div type="section" n="17">
					<p><milestone unit="para" ed="P"/>ὁρᾶν δὲ χρή, ὦ Ἀθηναῖοι, ὅσῳ τὰ τοιαῦτα τῶν
						ὑπουργημάτων διαφέρει. τοῦτο μὲν γὰρ ὅσοι τῶν πολιτῶν τὰ ὑμέτερα πράγματα
						διαχειρίζοντες ἀργύριον ὑμῖν ἐκπορίζουσιν, ἄλλο τι ἢ τὰ ὑμέτερα ὑμῖν
						διδόασι; τοῦτο δὲ ὅσοι στρατηγοὶ γενόμενοι καλόν τι τὴν πόλιν κατεργάζονται,
						τί ἄλλο ἢ μετὰ τῆς τῶν ὑμετέρων σωμάτων ταλαιπωρίας τε καὶ κινδύνων, καὶ ἔτι
						τῶν κοινῶν χρημάτων δαπάνης, ποιοῦσιν ὑμᾶς εἴ τι τυγχάνουσιν ἀγαθόν; ἐν ᾧ
						καὶ ἄν τι ἐξαμάρτωσιν, οὐκ αὐτοὶ τῆς σφετέρας αὐτῶν ἁμαρτίας δίκην διδόασιν,
						ἀλλʼ ὑμεῖς ὑπὲρ τῶν ἐκείνοις ἡμαρτημένων. </p>
				</div>
				<div type="section" n="18">
					<p>ἀλλʼ ὅμως οὗτοι στεφανοῦνταί γε ὑφʼ ὑμῶν καὶ ἀνακηρύττονται ὡς ὄντες ἄνδρες
						ἀγαθοί. καὶ οὐκ ἐρῶ ὡς οὐ δικαίως· μεγάλη γὰρ ἐστιν ἀρετή, ὅστις τὴν ἑαυτοῦ
						πόλιν ὁτῳοῦν δύναται τρόπῳ ἀγαθόν τι ἐργάζεσθαι. ἀλλʼ οὖν γιγνώσκειν γε χρὴ
						ὅτι ἐκεῖνος ἂν εἴη πολὺ πλείστου ἄξιος ἀνήρ, ὅστις τοῖς ἑαυτοῦ
						παρακινδυνεύων χρήμασί τε καὶ σώματι τολμῴη ἀγαθόν τι ποιεῖν τοὺς ἑαυτοῦ
						πολίτας. </p>
				</div>
				<div type="section" n="19">
					<p>ἐμοὶ τοίνυν τὰ μὲν ἤδη εἰς ὑμᾶς πεπραγμένα σχεδόν τι ἅπαντες ἂν εἰδεῖτε, τὰ
						δὲ μέλλοντά τε καὶ ἤδη πραττόμενα ἄνδρες ὑμῶν πεντακόσιοι ἐν ἀπορρήτῳ ἴσασιν
							<del>ἡ βουλή</del><note anchored="true" resp="Loeb"><foreign
								xml:lang="grc">ἡ βουλή</foreign> del. Valckenaer.</note>. οὓς πολλῷ
						δήπου εἰκὸς<note anchored="true" resp="Loeb"><foreign xml:lang="grc"
								>εἰκὸς</foreign> Ald.: <foreign xml:lang="grc">εἰς</foreign>
							codd.</note> ἧττον ἄν τι ἐξαμαρτεῖν, ἢ εἰ ὑμᾶς δέοι ἀκούσαντάς τι ἐν τῷ
						παραχρῆμα νῦν διαβουλεύσασθαι. οἱ μέν γε σχολῇ περὶ τῶν εἰσαγγελλομένων
						σκοποῦνται, ὑπάρχει τε αὐτοῖς, ἐάν τι ἐξαμαρτάνωσιν, αἰτίαν ἔχειν καὶ λόγον
						αἰσχρὸν ἐκ τῶν ἄλλων πολιτῶν· ὑμῖν δὲ οὐκ εἰσὶν ἕτεροι ὑφʼ ὧν αἰτίαν
							<add>ἂν</add><note anchored="true" resp="Loeb"><foreign xml:lang="grc"
								>ἂν</foreign> add. Dobree. Ante ai)ti/an Lipsius.</note> ἔχοιτε·
					</p>
				</div>
				<div type="section" n="20">
					<p>τὰ γὰρ ὑμέτερα αὐτῶν ἐφʼ ὑμῖν δικαίως ἐστὶ καὶ εὖ καὶ κακῶς, ἐὰν βούλησθε,
						διαθέσθαι. ἅ γε μέντοι ἔξω τῶν ἀπορρήτων οἷόν τέ<note anchored="true"
							resp="Loeb"><foreign xml:lang="grc">οἷόν τέ</foreign> Stephanus:
								<foreign xml:lang="grc">οἷόν γέ</foreign> codd.</note> μοί ἐστιν
						εἰπεῖν εἰς ὑμᾶς ἤδη πεπραγμένα, ἀκούσεσθε. ἐπίστασθε γὰρ που ὡς ἠγγέλθη
							ὑμῖν<note anchored="true" resp="Loeb"><foreign xml:lang="grc"
								>ὑμῖν</foreign> Valckenaer: <foreign xml:lang="grc">ἡμῖν</foreign>
							codd.</note> ὅτι οὐ μέλλει ἐκ Κύπρου σῖτος ἥξειν ἐνταῦθα· ἐγὼ τοίνυν
						τοιοῦτός τε καὶ τοσοῦτος ἐγενόμην, ὥστε τοὺς ἄνδρας τοὺς ταῦτα βουλεύσαντας
						ἐφʼ ὑμῖν καὶ πράξαντας ψευσθῆναι τῆς αὑτῶν<note anchored="true" resp="Loeb"
								><foreign xml:lang="grc">αὑτῶν</foreign> Baiter et Sauppe: <foreign
								xml:lang="grc">αὐτῶν</foreign> codd.</note> γνώμης. </p>
				</div>
				<div type="section" n="21">
					<p>καὶ ὡς μὲν ταῦτα διεπράχθη, οὐδὲν προὔργου ἀκοῦσαι ὑμῖν· τάδε
							<add>δὲ</add><note anchored="true" resp="Loeb"><foreign xml:lang="grc"
								>τάδε δὲ</foreign> Gebauer: <foreign xml:lang="grc">τὰ δὲ</foreign>
							codd.</note> νυνὶ βούλομαι ὑμᾶς εἰδέναι, ὅτι αἱ μέλλουσαι νῆες ἤδη
						σιταγωγοὶ καταπλεῖν εἰς τὸν Πειραιᾶ εἰσιν ὑμῖν τέτταρες καὶ δέκα, αἱ δὲ
						λοιπαὶ τῶν ἐκ Κύπρου ἀναχθεισῶν ἥξουσιν ἁθρόαι οὐ πολὺ ὕστερον. ἐδεξάμην δʼ
							<add>ἂν</add><note anchored="true" resp="Loeb"><foreign xml:lang="grc"
								>ἂν</foreign> add. Dobree.</note> ἀντὶ πάντων χρημάτων εἶναι ἐν
						ἀσφαλεῖ φράσαι πρὸς ὑμᾶς ἃ καὶ τῇ βουλῇ ἐν ἀπορρήτῳ εἰσήγγειλα, ὅπως αὐτόθεν
							προῄδετε.<note anchored="true" resp="Loeb"><foreign xml:lang="grc"
								>προῄδετε</foreign> Blass: <foreign xml:lang="grc"
								>προειδῆτε</foreign> codd.</note>
					</p>
				</div>
				<div type="section" n="22">
					<p>νῦν δὲ ἐκεῖνα μὲν τότε ὅταν ἀποτελεσθῇ γνώσεσθε ἅμα καὶ ὠφελήσεσθε<note
							anchored="true" resp="Loeb"><foreign xml:lang="grc">ὠφελήσεσθε</foreign>
							Fuhr: <foreign xml:lang="grc">ὠφεληθήσεσθε</foreign> codd.</note>· νῦν
						δέ, ὦ Ἀθηναῖοι, εἴ μοι βουληθεῖτε δοῦναι χάριν μικράν τε καὶ ἄπονον ὑμῖν καὶ
						ἅμα δικαίαν, πάνυ ἄν μοι τοῦτο ἐν μεγάλῃ ἡδονῇ γένοιτο. ὡς δὲ καὶ δικαία
						ἐστίν, εἴσεσθε. ἃ γάρ μοι αὐτοὶ γνόντες τε καὶ ὑποσχόμενοι ἔδοτε, ὕστερον δὲ
						ἑτέροις πειθόμενοι ἀφείλεσθε, ταῦθʼ ὑμᾶς, εἰ μὲν βούλεσθε, αἰτῶ, εἰ δὲ
							μὴ<note anchored="true" resp="Loeb"><foreign xml:lang="grc">μὴ</foreign>
							ante bou/lesqe del. Reiske.</note> βούλεσθε, ἀπαιτῶ. </p>
				</div>
				<div type="section" n="23">
					<p>ὁρῶ δὲ ὑμᾶς πολλάκις καὶ δούλοις ἀνθρώποις καὶ ξένοις παντοδαποῖς<note
							anchored="true" resp="Loeb"><foreign xml:lang="grc"
								>παντοδαποῖς</foreign> Stephanus: <foreign xml:lang="grc"
								>παντοδαπῆς</foreign> codd.</note> πολιτείαν τε διδόντας<note
							anchored="true" resp="Loeb"><foreign xml:lang="grc">πολιτείαν τε
								διδόντας</foreign> Reiske: <foreign xml:lang="grc">πολιτείας
								διδόντας τε</foreign>codd.</note> καὶ εἰς χρήματα μεγάλας δωρείας,
						οἳ ἂν ὑμᾶς φαίνωνται ποιοῦντές τι ἀγαθόν. καὶ ταῦτα μέντοι ὀρθῶς ὑμεῖς
						φρονοῦντες δίδοτε· οὕτω γὰρ ἂν ὑπὸ πλείστων ἀνθρώπων εὖ πάσχοιτε. ἐγὼ τοίνυν
						τοσοῦτον ὑμῶν μόνον δέομαι· τὸ ψήφισμα ὃ Μενίππου εἰπόντος ἐψηφίσασθε, εἶναί
						μοι ἄδειαν, πάλιν ἀπόδοτε. ἀναγνώσεται δὲ ὑμῖν αὐτό· ἔτι γὰρ καὶ νῦν
						ἐγγέγραπται ἐν τῷ βουλευτηρίῳ.<quote type="decree"
							><title>Ψήφισμα</title></quote>
					</p>
				</div>
				<div type="section" n="24">
					<p>τουτὶ τὸ ψήφισμα ὃ ἠκούσατε ψηφισάμενοί μοι, ὦ Ἀθηναῖοι, ὕστερον ἀφείλεσθε
						χάριν ἑτέρῳ φέροντες. πείθεσθε οὖν μοι, καὶ ἤδη παύσασθε εἴ τῳ ὑμῶν διάβολόν
						τι ἐν τῇ γνώμῃ περὶ ἐμοῦ παρέστηκεν. εἰ γὰρ ὅσα οἱ ἄνθρωποι γνώμῃ
						ἁμαρτάνουσι, τὸ σῶμα αὐτῶν μὴ αἴτιόν ἐστιν, ἐμοῦ<note anchored="true"
							resp="Loeb"><foreign xml:lang="grc">ἐμοῦ</foreign> Reiske: <foreign
								xml:lang="grc">ὁμοῦ</foreign> codd.</note> τὸ μὲν σῶμα τυγχάνει
						ταὐτὸν ἔτι ὄν,<note anchored="true" resp="Loeb"><foreign xml:lang="grc"
								>ταὐτὸν ἔτι ὄν</foreign> Bekker: <foreign xml:lang="grc">τοῦτʼ
								ἀναίτιον</foreign> codd.</note> ὅπερ τῆς αἰτίας ἀπήλλακται, ἡ δὲ
						γνώμη ἀντὶ τῆς προτέρας ἑτέρα νυνὶ παρέστηκεν. οὐδὲν οὖν ἔτι ὑπολείπεται ὅτῳ
						ἄν μοι δικαίως διαβεβλῇσθε.<note anchored="true" resp="Loeb"><foreign
								xml:lang="grc">διαβεβλῇσθε</foreign> Bekker: <foreign xml:lang="grc"
								>διαβεβλῆσθαι</foreign> codd.</note>
					</p>
				</div>
				<div type="section" n="25">
					<p>ὥσπερ δὲ τῆς τότε ἁμαρτίας τὰ ἀπὸ τῶν ἔργων σημεῖα ἔφατε χρῆναι πιστότατα
						ποιούμενοι κακόν με ἄνδρα ἡγεῖσθαι, οὕτω καὶ ἐπὶ τῇ νῦν εὐνοίᾳ μὴ ζητεῖτε
						ἑτέραν βάσανον ἢ τὰ ἀπὸ τῶν νυνὶ ἔργων σημεῖα ὑμῖν γιγνόμενα. </p>
				</div>
				<div type="section" n="26">
					<p>πολὺ δέ μοι προσήκει ταῦτα μᾶλλον ἐκείνων καὶ τῷ γένει συνηθέστερά ἐστι. τάδε
						γὰρ οὐ ψευσαμένῳ μοι λαθεῖν οἷόν τʼ ἐστι τούς γε πρεσβυτέρους ὑμῶν, ὅτι ὁ
						τοῦ ἐμοῦ πατρὸς πάππος<note anchored="true" resp="Loeb"><foreign
								xml:lang="grc">πάππος</foreign> Valckenaer, coll. Myst. 106:
								<foreign xml:lang="grc">πρόπαππος</foreign> codd.</note> Λεωγόρας
						στασιάσας πρὸς τοὺς τυράννους ὑπὲρ τοῦ δήμου, ἐξὸν αὐτῷ διαλλαχθέντι τῆς
						ἔχθρας καὶ γενομένῳ κηδεστῇ ἄρξαι μετʼ ἐκείνων τῶν ἀνδρῶν τῆς πόλεως, εἵλετο
						μᾶλλον ἐκπεσεῖν μετὰ τοῦ δήμου καὶ φεύγων κακοπαθεῖν μᾶλλον ἢ προδότης αὐτῶν
						καταστῆναι. ὥστʼ ἔμοιγε καὶ διὰ τὰ τῶν προγόνων ἔργα εἰκότως ὑπάρχει
						δημοτικῷ εἶναι, εἴπερ τι ἀλλὰ νῦν γε<note anchored="true" resp="Loeb"
								><foreign xml:lang="grc">ἀλλὰ νῦν γε</foreign> Schneider: <foreign
								xml:lang="grc">ἄλλο νῦν γε</foreign>codd.</note> φρονῶν τυγχάνω. ὧν
						καὶ ἕνεκα εἰκὸς ὑμᾶς, ἐὰν χρηστὸς ὢν ἀνὴρ εἰς ὑμᾶς φαίνωμαι, προθυμότερόν
						μου ἀποδέχεσθαι τὰ πραττόμενα.</p>
				</div>
			</div>
			<div type="part" n="concl">
				<div type="section" n="27">
					<p>τὸ δὲ δόντας ἐμοὶ τὴν ἄδειαν ἀφελέσθαι ὑμᾶς, εὖ ἴστε ὅτι οὐδεπώποτε
						ἠγανάκτησα· ὅπου γὰρ ὑπὸ τῶν ἀνδρῶν τούτων αὐτοὶ εἰς ὑμᾶς αὐτοὺς ἐπείσθητε
						τὰ μέγιστα ἐξαμαρτεῖν, ὥστε ἀντὶ τῆς ἀρχῆς δουλείαν ἀλλάξασθαι, ἐκ
						δημοκρατίας δυναστείαν καταστήσαντες, τί ἄν τις ὑμῶν θαυμάζοι καὶ εἰς ἐμὲ εἴ
						τι ἐπείσθητε ἐξαμαρτεῖν; </p>
				</div>
				<div type="section" n="28">
					<p>βουλοίμην μέντʼ ἄν, ὥσπερ ἐν τοῖς ὑμετέροις αὐτῶν πράγμασιν, ἐπειδὴ ἐξουσίαν
						ἐλάβετε, τὰς τῶν ἐξαπατησάντων ὑμᾶς ἀκύρους ἔθετε βουλάς, οὕτω καὶ ἐν ᾧ περὶ
						ἐμοῦ ἐπείσθητε γνῶναί τι ἀνεπιτήδειον, ἀτελῆ τὴν γνώμην αὐτῶν ποιῆσαι, καὶ
						μήτε ἐν τούτῳ μήτε ἐν ἑτέρῳ τῳ τοῖς ὑμῶν αὐτῶν ἐχθίστοις ὁμόψηφοί ποτε
						γένησθε.</p>
				</div>
			</div>
		</body>
	</text>
</TEI>
