<?xml version="1.0" encoding="UTF-8"?>
<?xml-model href="http://www.stoa.org/epidoc/schema/8.19/tei-epidoc.rng"
schematypens="http://relaxng.org/ns/structure/1.0"?>
<?xml-model href="http://www.stoa.org/epidoc/schema/8.19/tei-epidoc.rng"
schematypens="http://purl.oclc.org/dsdl/schematron"?>
<TEI xmlns="http://www.tei-c.org/ns/1.0">
  <teiHeader>
    <fileDesc>
      <titleStmt>
        <title>Hymn 18 To Hermes</title>
        <title type="sub">Machine readable text</title>
        <editor role="editor">Hugh G. Evelyn-White</editor>
        <sponsor>Perseus Project, Tufts University</sponsor>
        <principal>Gregory Crane</principal>
        <respStmt>
          <resp>Prepared under the supervision of</resp>
          <name>Lisa Cerrato</name>
          <name>William Merrill</name>
          <name>Elli Mylonas</name>
          <name>David Smith</name>
        </respStmt>
        <funder n="org:AnnCPB">The Annenberg CPB/Project</funder>

      </titleStmt>
      <publicationStmt>
        <publisher>Trustees of Tufts University</publisher>
        <pubPlace>Medford, MA</pubPlace>
        <authority>Perseus Project</authority>
      </publicationStmt>





      <sourceDesc>
        <bibl>
          <author>Anonymous</author>
          <title>The Homeric Hymns and Homerica with an English Translation by Hugh G. Evelyn-White.
            Homeric Hymns</title>
          <publisher>Cambridge, MA.,Harvard University Press; London, William Heinemann
            Ltd.</publisher>
          <date>1914</date>
        </bibl>
      </sourceDesc>

    </fileDesc>

    <encodingDesc>
      <refsDecl n="CTS">
        <cRefPattern n="line"
          matchPattern="(\\w+)"
          replacementPattern="#xpath(/tei:TEI/tei:text/tei:body//tei:l[@n=\'$1\'])">
          <p>This pointer pattern extracts line</p>
        </cRefPattern>
      </refsDecl>
      <refsDecl>
        <refState unit="line"/>
      </refsDecl>
      <!--<refsDecl>
	<refState n="chunk" unit="card"/>
      </refsDecl>-->
    </encodingDesc>

    <profileDesc>
      <langUsage>
        <language ident="grc">Greek</language>
      </langUsage>
    </profileDesc>

    <revisionDesc>
      <change when="1988-01-01" who="Bill Merrill">Text keyboarded in the Philippines.  Basic SGML tagging by Bill Merrill</change>
      <change when="1993-08-01" who="EM">Go over text, check cardbreaks, and change tags to be more TEI conformant.</change>
      <change when="2014-07-01" who="Stella Dee">split composite text and converted to unicode</change>   
      <change when="2014-08-01" who="Stella Dee">edited markup</change>
      <change when="2015-12-11" who="Lisa Cerrato">fixing titles and headers</change>
      <change when="2015-12-14" who="Lisa Cerrato">fixed incorrect text</change>
      <change when="2016-01-15" who="Lisa Cerrato">EpiDoc conversion and CTS related changes</change>
    </revisionDesc>

  </teiHeader>
  
  <text xml:lang="grc">
    <body>
      
      <div type="edition" xml:lang="grc" n="urn:cts:greekLit:tlg0013.tlg018.perseus-grc2">
        <head>Εἲς Ἑρμῆν</head>
     
        <milestone unit="card" n="1" ed="P"/>
        <l n="1"><milestone unit="Para" ed="P"/>Ἑρμῆν ἀείδω Κυλλήνιον, Ἀργειφόντην, </l>
          <l n="2">Κυλλήνης μεδέοντα καὶ Ἀρκαδίης πολυμήλου, </l>
          <l n="3">ἄγγελον ἀθανάτων ἐριούνιον, ὃν τέκε Μαῖα, </l>
          <l n="4">Ατλαντος θυγάτηρ, Διὸς ἐν φιλότητι μιγεῖσα, </l>
          <l n="5">αἰδοίη: μακάρων δὲ θεῶν ἀλέεινεν ὅμιλον, </l>
          <l n="6">ἄντρῳ ναιετάουσα παλισκίῳ: ἔνθα Κρονίων </l>
          <l n="7">νύμφῃ ἐυπλοκάμῳ μισγέσκετο νυκτὸς ἀμολγῷ, </l>
          <l n="8">εὖτε κατὰ γλυκὺς ὕπνος ἔχοι λευκώλενον Ἥρην: </l>
          <l n="9">λάνθανε δ᾽ ἀθανάτους τε θεοὺς θνητούς τ᾽ ἀνθρώπους. </l>
          <l n="10"><milestone unit="Para" ed="P"/>καὶ σὺ μὲν οὕτω χαῖρε, Διὸς καὶ Μαιάδος υἱέ: </l>
          <l n="11">σεῦ δ᾽ ἐγὼ ἀρξάμενος μεταβήσομαι ἄλλον ἐς ὕμνον. </l>
          <l n="12"><milestone unit="Para" ed="P"/>[<surplus resp="editor" reason="alternative to ll. 10-11">χαῖρ᾽. Ἑρμῆ χαριδῶτα, διάκτορε, δῶτορ ἐάων.</surplus>]</l>
      
      </div>
    </body>
  </text>
</TEI>
