<?xml version="1.0" encoding="UTF-8"?>
<?xml-model href="http://www.stoa.org/epidoc/schema/8.19/tei-epidoc.rng"
schematypens="http://relaxng.org/ns/structure/1.0"?>
<?xml-model href="http://www.stoa.org/epidoc/schema/8.19/tei-epidoc.rng"
schematypens="http://purl.oclc.org/dsdl/schematron"?>
<TEI xmlns="http://www.tei-c.org/ns/1.0">
  <teiHeader>
    <fileDesc>
      <titleStmt>
        <title>Hymn 32 To Selene</title>
        <title type="sub">Machine readable text</title>
        <editor role="editor">Hugh G. Evelyn-White</editor>
        <sponsor>Perseus Project, Tufts University</sponsor>
        <principal>Gregory Crane</principal>
        <respStmt>
          <resp>Prepared under the supervision of</resp>
          <name>Lisa Cerrato</name>
          <name>William Merrill</name>
          <name>Elli Mylonas</name>
          <name>David Smith</name>
        </respStmt>
        <funder n="org:AnnCPB">The Annenberg CPB/Project</funder>

      </titleStmt>
      <publicationStmt>
        <publisher>Trustees of Tufts University</publisher>
        <pubPlace>Medford, MA</pubPlace>
        <authority>Perseus Project</authority>
      </publicationStmt>

      <sourceDesc>
        <bibl>
          <author>Anonymous</author>
          <title>The Homeric Hymns and Homerica with an English Translation by Hugh G. Evelyn-White.
            Homeric Hymns</title>
          <publisher>Cambridge, MA.,Harvard University Press; London, William Heinemann
            Ltd.</publisher>
          <date>1914</date>
        </bibl>
      </sourceDesc>

    </fileDesc>

    <encodingDesc>
      <refsDecl n="CTS">
        <cRefPattern n="line"
          matchPattern="(\\w+)"
          replacementPattern="#xpath(/tei:TEI/tei:text/tei:body//tei:l[@n=\'$1\'])">
          <p>This pointer pattern extracts line</p>
        </cRefPattern>
      </refsDecl>
      <refsDecl>
        <refState unit="line"/>
      </refsDecl>
      <!--<refsDecl>
	<refState n="chunk" unit="card"/>
      </refsDecl>-->
    </encodingDesc>

    <profileDesc>
      <langUsage>
        <language ident="grc">Greek</language>
      </langUsage>
    </profileDesc>

    <revisionDesc>
      <change when="1988-01-01" who="Bill Merrill">Text keyboarded in the Philippines.  Basic SGML tagging by Bill Merrill</change>
      <change when="1993-08-01" who="EM">Go over text, check cardbreaks, and change tags to be more TEI conformant.</change>
      <change when="2014-07-01" who="Stella Dee">split composite text and converted to unicode</change>  
      <change when="2014-08-01" who="Stella Dee">edited markup</change>
      <change when="2015-12-11" who="Lisa Cerrato">fixing titles and headers</change>
      <change when="2016-01-15" who="Lisa Cerrato">EpiDoc conversion and CTS related changes</change>
    </revisionDesc>

  </teiHeader>
  <text xml:lang="grc">
    <body>
      <div type="edition" xml:lang="grc" n="urn:cts:greekLit:tlg0013.tlg032.perseus-grc2">
      <head>Εἲς Σελήνην</head>
     

        <milestone unit="card" n="1" ed="P"/>
        <l n="1"><milestone unit="Para" ed="P"/>μήνην ἀείδειν τανυσίπτερον ἔσπετε, Μοῦσαι, </l>
        <l n="2">ἡδυεπεῖς κοῦραι Κρονίδεω Διός, ἵστορες ᾠδῆς· </l>
        <l n="3">ἧς ἄπο αἴγλη γαῖαν ἑλίσσεται οὐρανόδεικτος </l>
        <l n="4">κρατὸς ἀπʼ ἀθανάτοιο, πολὺς δʼ ὑπὸ κόσμος ὄρωρεν </l>
        <l n="5"> αἴγλης λαμπούσης· στίλβει δέ τʼ ἀλάμπετος ἀὴρ </l>
        <l n="6">χρυσέου ἀπὸ στεφάνου, ἀκτῖνες δʼ ἐνδιάονται, </l>
        <l n="7">εὖτʼ ἂν ἀπʼ Ὠκεανοῖο λοεσσαμένη χρόα καλόν, </l>
        <l n="8">εἵματα ἑσσαμένη τηλαυγέα δῖα Σελήνη, </l>
        <l n="9">ζευξαμένη πώλους ἐριαύχενας, αἰγλήεντας, </l>
        <l n="10">ἐσσυμένως προτέρωσʼ ἐλάσῃ καλλίτριχας ἵππους, </l>
        <l n="11">ἑσπερίη, διχόμηνος· ὃ δὲ πλήθει μέγας ὄγμος </l>
        <l n="12">λαμπρόταταί τʼ αὐγαὶ τότʼ ἀεξομένης τελέθουσιν </l>
        <l n="13">οὐρανόθεν· τέκμωρ δὲ βροτοῖς καὶ σῆμα τέτυκται. </l>
        <l n="14"><milestone unit="Para" ed="P"/>τῇ ῥά ποτε Κρονίδης ἐμίγη φιλότητι καὶ εὐνῇ· </l>
        <l n="15">ἣ δʼ ὑποκυσαμένη Πανδείην γείνατο κούρην, </l>
        <l n="16">ἐκπρεπὲς εἶδος ἔχουσαν ἐν ἀθανάτοισι θεοῖσι. </l>
        <l n="17"><milestone unit="Para" ed="P"/>χαῖρε, ἄνασσα, θεὰ λευκώλενε, δῖα Σελήνη, </l>
        <l n="18">πρόφρον, ἐυπλόκαμος· σέο δʼ ἀρχόμενος κλέα φωτῶν </l>
        <l n="19">ᾁσομαι ἡμιθέων, ὧν κλείουσʼ ἔργματʼ ἀοιδοί, </l>
        <l n="20">Μουσάων θεράποντες, ἀπὸ στομάτων ἐροέντων. </l>
      </div>
    </body>
  </text>
</TEI>
