<?xml version="1.0" encoding="UTF-8"?>
<TEI xmlns="http://www.tei-c.org/ns/1.0">
	<teiHeader>
		<fileDesc>
			<titleStmt>
				<title>Anonymous Prosecution for Murder </title>
				<title type="sub">Machine readable text</title>
				<author>Antiphon</author>
				<editor role="editor">K. J. Maidment</editor>
				<sponsor>Perseus Project, Tufts University</sponsor>
				<principal>Gregory Crane</principal>
				<respStmt>
					<resp>Prepared under the supervision of</resp>
					<name>Lisa Cerrato</name>
					<name>William Merrill</name>
					<name>Elli Mylonas</name>
					<name>David Smith</name>
				</respStmt>
				<funder n="org:AnnCPB">The Annenberg CPB/Project</funder>

			</titleStmt>
			<publicationStmt>
				<publisher>Trustees of Tufts University</publisher>
				<pubPlace>Medford, MA</pubPlace>
				<authority>Perseus Project</authority>
			</publicationStmt>

			<sourceDesc>
				<bibl><idno type="OCLC">5331826</idno><idno type="ISBN">0674993403</idno></bibl>
			</sourceDesc>
		</fileDesc>

		<encodingDesc>
			<refsDecl>
				<refState unit="speech" delim="."/>
				<refState unit="section" n="context"/>
			</refsDecl>
			<refsDecl>
				<refState unit="speech" delim="."/>
				<refState unit="tetralogy" delim="."/>
				<refState unit="section" n="context"/>
			</refsDecl>
			<refsDecl>
				<refState unit="speech" delim="."/>
				<refState unit="tetralogy" delim="."/>
				<refState unit="section" n="context"/>
			</refsDecl>
			<refsDecl>
				<refState unit="speech" delim="."/>
				<refState unit="tetralogy" delim="."/>
				<refState unit="section" n="context"/>
			</refsDecl>
		</encodingDesc>

		<profileDesc>
			<langUsage>
				<language ident="greek">Greek </language>
				<language ident="la">Latin </language>
				<language ident="en">English </language>
			</langUsage>

			<textClass id="gen.forensic.prosecution">
				<keywords>
					<term>Forensic Prosecution</term>
				</keywords>
			</textClass>
			<textClass id="gen.forensic.defense">
				<keywords>
					<term>Forensic Defense</term>
				</keywords>
			</textClass>
			<textClass id="gen.forensic.tetralogy">
				<keywords>
					<term>Forensic Tetralogy</term>
				</keywords>
			</textClass>
		</profileDesc>

		<revisionDesc>
			<!--
			<change><date>May 1992</date>
				<respStmt><name>W. Merrill</name><resp>ed.</resp></respStmt>
				<item>Threw out Antiph.gk.sgml because first letter of each line was missing. Started from scratch again from Antiph.gk.raw. Change markup in accordance with orator dtd</item>
			</change>
			<change><date>June 1992</date>
				<respStmt><name>W. Merrill</name><resp>ed.</resp></respStmt>
				<item>checkmark</item>
			</change>
			<change><date>9/7/92</date>
				<respStmt><name>EM</name><resp>ed.</resp></respStmt>
				<item>Fixed tetralogy names and div2s again, prior to importing</item>
			</change>
			<change><date>15 October 1999</date>
				<respStmt><name>DAS</name><resp>ed.</resp></respStmt>
				<item>
					$Log: antiph_gk.xml,v $
					Revision 1.1  2009-10-07 21:00:37  rsingh04
					began reorganizing texts module by collection.  created separate work directory in texts module to keep hopper files separate from in progress files

					Revision 1.3  2009/05/27 15:55:16  rsingh04
					added cvs log keyword

				</item></change>
		<change><date>July 2014</date>
    <respStmt><name>Stella Dee</name><resp>ed.</resp></respStmt>
    <item>split composite text and converted to unicode</item>
      </change>-->
			<change when="2014-08-01" who="Stella Dee">edited markup</change>
		</revisionDesc>
	</teiHeader>
	<text xml:lang="grc">
		<body>
			<div n="1" type="tetralogy">
				<head>Κατηγορία φόνου</head>
				<div type="section" n="1">
					<p>ὁπόσα μὲν τῶν πραγμάτων ὑπὸ τῶν ἐπιτυχόντων ἐπιβουλεύεται, οὐ χαλεπὰ
						ἐλέγχεσθαί ἐστιν· ἂν δʼ οἱ ἱκανῶς μὲν πεφυκότες, ἔμπειροι δὲ τῶν πραγμάτων
						ὄντες, ἐν δὲ τούτῳ τῆς ἡλικίας καθεστῶτες ἐν ᾧ κράτιστοι φρονεῖν αὑτῶν εἰσι,
						πράσσωσι, χαλεποὶ καὶ γνωσθῆναι καὶ ἐλεγχθῆναί<note resp="ed" xml:lang="la"
							anchored="true"><foreign xml:lang="grc">ἐλεγχθῆναι</foreign> Kayser:
								<foreign xml:lang="grc">δειχθῆναι</foreign> codd.</note>
					</p>
				</div>
				<div type="section" n="2">
					<p>εἰσι· διὰ γὰρ τὸ μέγεθος τοῦ κινδύνου ἐκ πολλοῦ τὴν ἀσφάλειαν ὧν
						ἐπιβουλεύουσι σκοποῦντες, οὐ πρότερον ἐπιχειροῦσιν ἢ πάσης ὑποψίας φυλακὴν
						ποιήσωνται. γιγνώσκοντας οὖν ὑμᾶς χρὴ ταῦτα, κἂν ὁτιοῦν εἰκὸς παραλάβητε,
						σφόδρα πιστεύειν αὐτῷ. ἡμεῖς δʼ οἱ ἐπεξερχόμενοι τὸν φόνον οὐ τὸν αἴτιον
						ἀφέντες τὸν ἀναίτιον διώκομεν· </p>
				</div>
				<div type="section" n="3">
					<p>σαφῶς γὰρ οἴδαμεν ὅτι πάσης τῆς πόλεως μιαινομένης ὑπʼ αὐτοῦ, ἕως ἂν διωχθῇ,
						τό τʼ ἀσέβημα ἡμέτερον γίγνεται, τῆς θʼ ὑμετέρας ἁμαρτίας ἡ ποινὴ εἰς ἡμᾶς
						τοὺς μὴ δικαίως διώκοντας ἀναχωρεῖ. ἅπαντος δὲ τοῦ μιάσματος ἀναχωροῦντος
						εἰς ἡμᾶς, ὡς ἂν δυνώμεθα σαφέστατα ἐξ ὧν γιγνώσκομεν πειρασόμεθα ὑμῖν δηλοῦν
						ὡς ἀπέκτεινε τὸν ἄνδρα. </p>
				</div>
				<div type="section" n="4">
					<p>ltΟὔτε γὰρ κακούργους εἰκὸς ἀποκτεῖναι τὸν ἄνθρωπονgt<note resp="ed"
							xml:lang="la" anchored="true"><foreign xml:lang="grc">οὔτε ...
								ἄνθρωπον</foreign> add. Ald.</note>· οὐδεὶς γὰρ ἂν τὸν ἔσχατον
						κίνδυνον περὶ τῆς ψυχῆς κινδυνεύων ἑτοίμην καὶ κατειργασμένην τὴν ὠφέλειαν
						ἀφῆκεν· ἔχοντες γὰρ [;ἂν];<note resp="ed" xml:lang="la" anchored="true"
								><foreign xml:lang="grc">ἂν</foreign> secl. Reiske.</note> τὰ ἱμάτια
						ηὑρέθησαν. οὐ μὴν οὐδὲ παροινήσας οὐδεὶς διέφθειρεν αὐτόν· ἐγιγνώσκετο γὰρ
						ἂν ὑπὸ τῶν συμποτῶν. οὐδὲ μὴν οὐδʼ ἐκ λοιδορίας· οὐ γὰρ ltἂνgt<note
							resp="ed" xml:lang="la" anchored="true"><foreign xml:lang="grc"
								>ἂν</foreign> add. Dobree. cf. d, 5.</note> ἀωρὶ τῶν νυκτῶν οὐδʼ ἐν
						ἐρημίᾳ ἐλοιδοροῦντο. οὐδὲ μὴν ἄλλου στοχαζόμενος ἔτυχε τούτου· οὐ γὰρ ἂν σὺν
						τῷ ἀκολούθῳ διέφθειρεν αὐτόν. </p>
				</div>
				<div type="section" n="5">
					<p>ἀπολυομένης δὲ τῆς ὑποψίας ἁπάσης αὐτὸς ὁ θάνατος ἐξ ἐπιβουλῆς ἀποθανόντα
						μηνύει αὐτόν. ἐπιθέσθαι δὲ τίνα μᾶλλον εἰκός ἐστιν ἢ τὸν μεγάλα μὲν κακὰ
						προπεπονθότα, ἔτι δὲ μείζονα ἐπίδοξον ὄντα πάσχειν; ἔστι δʼ ὁ διωκόμενος
						οὗτος· ἐκ παλαιοῦ γὰρ ἐχθρὸς ὢν αὐτοῦ πολλὰς μὲν καὶ μεγάλας γραφὰς διώξας
						οὐδεμίαν εἷλεν, </p>
				</div>
				<div type="section" n="6">
					<p>ἔτι δὲ μείζους καὶ πλείους διωχθεὶς οὐδεπώποτʼ ἀποφυγὼν ἱκανὸν μέρος τῶν
						ὄντων ἀποβέβληκε, τὰ δʼ ἄγχιστα ἱερῶν κλοπῆς δυοῖν ταλάντοιν γεγραμμένος ὑπʼ
						αὐτοῦ, συνειδὼς μὲν αὑτῷ τὸ ἀδίκημα, ἔμπειρος δʼ ὢν τῆς τούτου δυνάμεως,
						μνησικακῶν δὲ τῶν ἔμπροσθεν, εἰκότως μὲν ἐπεβούλευσεν, εἰκότως δʼ ἀμυνόμενος
						τὴν ἔχθραν ἀπέκτεινε τὸν ἄνδρα. </p>
				</div>
				<div type="section" n="7">
					<p>ἥ τε γὰρ ἐπιθυμία τῆς τιμωρίας ἀμνήμονα τῶν κινδύνων καθίστη αὐτόν, ὅ τε
						φόβος τῶν ἐπιφερομένων κακῶν ἐκπλήσσων θερμότερον ἐπιχειρεῖν ἐπῇρεν. ἤλπιζέ
						τε τάδε μὲν δράσας καὶ λήσειν ἀποκτείνας αὐτὸν καὶ ἀποφεύξεσθαι τὴν γραφήν·
							οὐδὲ<note resp="ed" xml:lang="la" anchored="true"><foreign
								xml:lang="grc">οὐδὲ</foreign> Reiske: <foreign xml:lang="grc"
								>οὔτε</foreign> codd.</note> γὰρ ἐπεξιέναι οὐδένα, ἀλλʼ ἐρήμην αὐτὴν
						ἔσεσθαι· </p>
				</div>
				<div type="section" n="8">
					<p>εἴ τε καὶ ἁλοίη, τιμωρησαμένῳ κάλλιον ἔδοξεν αὐτῷ ταῦτα πάσχειν, ἢ ἀνάνδρως
						μηδὲν ἀντιδράσαντα ὑπὸ τῆς γραφῆς διαφθαρῆναι. σαφῶς δʼ ᾔδει ἁλωσόμενος
						αὐτήν· οὐ γὰρ ἂν τόνδε τὸν ἀγῶνα ἐνόμισεν ἀσφαλέστερον εἶναι. </p>
				</div>
				<div type="section" n="9">
					<p> </p>
					<p>τὰ μὲν βιασάμενα ταῦτά ἐστιν ἀσεβῆσαι αὐτόν. μάρτυρες δʼ εἰ μὲν πολλοὶ
						παρεγένοντο, πολλοὺς ἂν παρεσχόμεθα· ἑνὸς δὲ τοῦ ἀκολούθου παραγενομένου, οἳ
						τούτου ἤκουον μαρτυρήσουσιν. ἔμπνους γὰρ ἔτι ἀρθείς, ἀνακρινόμενος ὑφʼ ἡμῶν,
						τοῦτον μόνον ἔφη γνῶναι τῶν παιόντων<note resp="ed" xml:lang="la"
							anchored="true"><foreign xml:lang="grc">παιόντων</foreign> cf. Bekker,
								coll.<foreign xml:lang="grc">δ, 4· παρόντων</foreign> codd.</note>
						αὐτούς. </p>
					<p>ἐξελεγχόμενος δʼ ὑπό τε τῶν εἰκότων ὑπό τε τῶν παραγενομένων, οὐδενὶ τρόπῳ
						οὔτε δικαίως οὔτε συμφερόντως ἀπολύοιτʼ ἂν ὑφʼ ὑμῶν. </p>
				</div>
				<div type="section" n="10">
					<p>οἵ τε γὰρ ἐπιβουλεύοντες ἀνεξέλεγκτοι ἂν εἶεν, εἰ μήθʼ ὑπὸ τῶν παραγενομένων
						μήθʼ ὑπὸ τῶν εἰκότων ἐξελέγχονται· ἀσύμφορόν θʼ ὑμῖν ἐστὶ τόνδε μιαρὸν καὶ
						ἄναγνον ὄντα εἴς ltτεgt<note resp="ed" xml:lang="la" anchored="true"
								><foreign xml:lang="grc">τε</foreign> add. Blass.</note> τὰ τεμένη
						τῶν θεῶν εἰσιόντα μιαίνειν τὴν ἁγνείαν αὐτῶν, ἐπί τε τὰς αὐτὰς τραπέζας
						ἰόντα συγκαταπιμπλάναι τοὺς ἀναιτίους· ἐκ γὰρ τούτων αἵ τʼ ἀφορίαι γίγνονται
						δυστυχεῖς θʼ αἱ πράξεις καθίστανται. </p>
				</div>
				<div type="section" n="11">
					<p>οἰκείαν οὖν χρὴ τὴν τιμωρίαν ἡγησαμένους, αὐτῷ τούτῳ τὰ τούτου ἀσεβήματα
						ἀναθέντας, ἰδίαν μὲν τὴν συμφοράν, καθαρὰν δὲ τὴν πόλιν καταστῆσαι. </p>
				</div>
			</div>
			<div n="2" type="tetralogy">
				<head>Ἀπολογία εἰς τὸ αὐτὸ πράγμα</head>
				<div type="section" n="1">
					<p> οὔ μοι δοκῶ ἁμαρτάνειν ἀτυχέστατον ἐμαυτὸν ἡγούμενος εἶναι τῶν πάντων
						ἀνθρώπων. τῶν μὲν γὰρ ἄλλων οἱ δυστυχοῦντες, ὁπόταν μὲν ὑπὸ χειμῶνος
						πονῶσιν, εὐδίας γενομένης παύονται· ὅταν δὲ νοσήσωσιν, ὑγιεῖς γενόμενοι
						σῴζονται· ἐὰν δέ τις ἄλλη συμφορὰ καταλαμβάνῃ αὐτούς, τὰ ἐναντία
						ἐπιγιγνόμενα ὀνίνησιν. </p>
				</div>
				<div type="section" n="2">
					<p>ἐμοὶ δὲ ζῶν τε ἅνθρωπος ἀνατροπεὺς τοῦ οἴκου ἐγένετο, ἀποθανών τε, κἂν
						ἀποφύγω, ἱκανὰς λύπας καὶ φροντίδας προσβέβληκεν. εἰς τοῦτο γὰρ
						βαρυδαιμονίας ἥκω ὥστε οὐκ ἀρκοῦν μοί ἐστιν ἐμαυτὸν ὅσιον καὶ δίκαιον
						παρέχοντα μὴ διαφθαρῆναι, ἀλλὰ κἂν μὴ τὸν ἀποκτείναντα εὑρὼν ἐξελέγξω, ὃν οἱ
						τιμωροῦντες αὐτῷ ἀδύνατοι εὑρεῖν εἰσιν, αὐτὸς καταδοχθεὶς φονεὺς εἶναι
						ἀνοσίως ἁλώσομαι. </p>
				</div>
				<div type="section" n="3">
					<p>καὶ ἐμὲ ὡς δεινὸν μὲν παγχάλεπόν φασιν ἐλέγχεσθαι εἶναι, ὡς δʼ ἠλίθιον ἐξ
						αὐτῶν ὧν ἔπραξα φανερὸν εἶναι ἐργασάμενον τὸ ἔργον. εἰ γὰρ νῦν διὰ τῆς
						ἔχθρας τὸ μέγεθος εἰκότως ὑφʼ ὑμῶν καταδοκοῦμαι, πρὶν ἐργάσασθαι εἰκότερον
						ἦν προειδότα<note resp="ed" xml:lang="la" anchored="true"><foreign
								xml:lang="grc">προειδότα</foreign> Kayser: <foreign xml:lang="grc"
								>τὸν εἰδότα</foreign> codd.</note> τὴν νῦν ὑποψίαν εἰς ἐμὲ
							ἰοῦσαν,<note resp="ed" xml:lang="la" anchored="true"><foreign
								xml:lang="grc">ἰοῦσαν</foreign> Reiske: <foreign xml:lang="grc"
								>οὖσαν</foreign> codd.</note> καὶ τῶν ἄλλων εἴ τινα ἔγνων
						ἐπιβουλεύοντα αὐτῷ, διακωλύειν μᾶλλον ἢ αὐτὸν ἐργασάμενον εἰς ἑκουσίους καὶ
						προδήλους ὑποψίας ἐμπεσεῖν· ἔκ τε γὰρ αὐτοῦ τοῦ ἔργου φανερὸς γενόμενος
						ἀπωλλύμην, λαθών τε σαφῶς ᾔδη τήνδε τὴν ὑποψίαν εἰς ἐμὲ ἰοῦσαν. </p>
				</div>
				<div type="section" n="4">
					<p>ἄθλια μὲν οὖν πάσχω μὴ ἀπολογεῖσθαι μόνον βιαζόμενος, ἀλλὰ καὶ τοὺς
						ἀποκτείναντας φανεροὺς καταστῆσαι· ὅμως δὲ καὶ τοῦτο ἐπιχειρητέον· οὐδὲν γὰρ
						πικρότερον τῆς ἀνάγκης ἔοικεν εἶναι. ἔχω δὲ οὐδαμῶς ἄλλως ἐλέγχειν ἢ ἐξ ὧν
						τοὺς ἄλλους ὁ κατήγορος ἀπολύων αὐτὸν τὸν θάνατόν φησι μηνύειν ἐμὲ τὸν φονέα
						ὄντα. εἰ γὰρ τούτων ἀναιτίων δοκούντων εἶναι ἐν ἐμοὶ τἀδίκημα φανεῖται,<note
							resp="ed" xml:lang="la" anchored="true">fidem vindicat Thalheim, collato
							Platonis Phileb. 37 d.</note> τούτων ὑπόπτων ὄντων ἐγὼ εἰκότως
							ltἂνgt<note resp="ed" xml:lang="la" anchored="true"><foreign
								xml:lang="grc">ἂν</foreign> add. Blass:<foreign xml:lang="grc">δʼ
								εἰκότως Α, δικαίως Ν.</foreign></note> καθαρὸς δοκοίην εἶναι. </p>
				</div>
				<div type="section" n="5">
					<p> </p>
					<p>ἔστι δὲ οὐκ ἀπεικός, ὡς οὗτοί φασιν, ἀλλὰ εἰκὸς ἀωρὶ τῶν νυκτῶν πλανώμενον
						ἐπὶ τοῖς ἱματίοις διαφθαρῆναι. τὸ γὰρ μὴ ἐκδυθῆναι οὐδὲν σημεῖόν ἐστιν· εἰ
						γὰρ μὴ ἔφθησαν περιδύσαντες αὐτόν, ἀλλά τινας προσιόντας φοβηθέντες
						ἀπέλιπον, ἐσωφρόνουν καὶ οὐκ ἐμαίνοντο τὴν σωτηρίαν τοῦ κέρδους προτιμῶντες.
					</p>
				</div>
				<div type="section" n="6">
					<p>εἰ δὲ μὴ καὶ ἐπὶ τοῖς ἱματίοις διεφθάρη, ἀλλʼ ἑτέρους ἰδὼν ἄλλο τι κακὸν
						ποιοῦντας, ἵνα μὴ μηνυτὴς τοῦ ἀδικήματος γένηται, ἀπέθανεν ὑπʼ αὐτῶν, τίς
						οἶδε; τοὺς δὲ μὴ πολὺ ἧσσον ἐμοῦ μισοῦντας αὐτόν—ἦσαν δὲ πολλοί—πῶς οὐκ
						εἰκὸς ἦν ἐμοῦ μᾶλλον διαφθεῖραι αὐτόν; ἐκείνοις μὲν γὰρ φανερὰ ἦν ἡ ὑποψία
						εἰς ἐμὲ ἰοῦσα, ἐγὼ δὲ ὑπὲρ ἐκείνων ὑπαίτιος ἐσόμενος σαφῶς ᾔδη. </p>
				</div>
				<div type="section" n="7">
					<p>τοῦ δὲ ἀκολούθου ἡ μαρτυρία πῶς ἀξία πιστεύεσθαί ἐστιν; ὑπό τε γὰρ τοῦ
						κινδύνου ἐκπεπληγμένον αὐτὸν οὐκ εἰκὸς ἦν τοὺς ἀποκτείναντας γνῶναι, ὑπό τε
						τῶν κυρίων ἀναγιγνωσκόμενον ἐπινεῦσαι ἦν εἰκός. ἀπιστουμένων δὲ καὶ τῶν
						ἄλλων δούλων ἐν ταῖς μαρτυρίαις—οὐ γὰρ ἂν ἐβασανίζομεν αὐτούς—πῶς δίκαιον
						τούτῳ μαρτυροῦντι πιστεύσαντας διαφθεῖραί με; </p>
				</div>
				<div type="section" n="8">
					<p>εἰ δέ τις τὰ εἰκότα ἀληθέσιν ἴσα ἡγεῖται καταμαρτυρῆσαί μου, ταὐτὸν<note
							resp="ed" xml:lang="la" anchored="true"><foreign xml:lang="grc"
								>τοὖργον</foreign> Blass: <foreign xml:lang="grc">τοῦτʼ αὖ</foreign>
							Gernet:alii alia. Codicum tamen</note> ἀντιλογισάσθω ὅτι με εἰκότερον ἦν
						τὴν ἀσφάλειαν τῆς ἐπιβουλῆς τηροῦντα φυλάξασθαι καὶ μὴ παραγενέσθαι τῷ ἔργῳ
						μᾶλλον ἢ τοῦτον σφαττόμενον ὀρθῶς γνῶμαι. </p>
				</div>
				<div type="section" n="9">
					<p>ὡς δὲ τόνδε<note resp="ed" xml:lang="la" anchored="true"><foreign
								xml:lang="grc">τόνδε</foreign> Dobree: <foreign xml:lang="grc"
								>οὐδὲ</foreign> codd.</note> τὸν κίνδυνον οὐκ ἀσφαλέστερον τοῦ ἀπὸ
						τῆς γραφῆς ἡγούμην εἶναι, ἀλλὰ πολλαπλάσιον, εἰ μὴ παρεφρόνουν, διδάξω.
						ἁλοὺς μὲν γὰρ τὴν γραφὴν τῆς μὲν οὐσίας ᾔδη ἐκστησόμενος, τοῦ δὲ σώματος καὶ
						τῆς πόλεως<note resp="ed" xml:lang="la" anchored="true"><foreign
								xml:lang="grc">τοῦ δὲ σώματος καὶ τῆς πόλεως Ν· τῆς δὲ π. καὶ τοῦ ς.
								Α.</foreign></note> οὐκ ἀπεστερούμην, περιγενόμενος δὲ καὶ λειφθείς,
						κἂν ἔρανον παρὰ τῶν φίλων συλλέξας, οὐκ ἂν εἰς τὰ ἔσχατα κακὰ ἦλθον· ἐὰν δὲ
						νῦν καταληφθεὶς ἀποθάνω, ἀνόσια ὀνείδη τοῖς παισὶν ὑπολείψω, ἢ φυγὼν γέρων
						καὶ ἄπολις ὢν ἐπὶ ξενίας πτωχεύσω. </p>
				</div>
				<div type="section" n="10">
					<p>οὕτω μὲν ἃ κατηγόρηταί μου, πάντα ἄπιστά ἐστιν· ἀπολύεσθαι δὲ ὑφʼ ὑμῶν, εἰ
						καὶ εἰκότως μὲν ὄντως δὲ μὴ ἀπέκτεινα τὸν ἄνδρα, πολὺ μᾶλλον δίκαιός εἰμι.
						ἐγώ τε γὰρ φανερὸν ὅτι μεγάλα ἀδικούμενος ἠμυνόμην<note resp="ed"
							xml:lang="la" anchored="true"><foreign xml:lang="grc">ἠμυνόμην</foreign>
							Kayser: <foreign xml:lang="grc">ἠμυνάμην</foreign> codd.</note>· οὐ γὰρ
						ἂν εἰκότως ἐδόκουν ἀποκτεῖναι αὐτόν· τούς τε ἀποκτείναντας καὶ οὐ τοὺς
						αἰτίαν ἔχοντας ἀποκτεῖναι ὀρθῶς ἂν καταλαμβάνοιτε. </p>
				</div>
				<div type="section" n="11">
					<p>ἐκ δὲ παντὸς τρόπου ἀπολυόμενος τῆς αἰτίας ἔγωγε οὔτε εἰς τὰ τεμένη εἰσιὼν
						τὴν ἁγνείαν τῶν θεῶν μιανῶ, οὔτε ὑμᾶς πείθων ἀπολῦσαί με ἀνόσια πράσσω. οἱ
						δὲ διώκοντες μὲν ἐμὲ τὸν ἀναίτιον, τὸν δʼ αἴτιον ἀφιέντες, τῆς τε ἀφορίας
						αἴτιοι γίγνονται, ὑμᾶς τε ἀσεβεῖς εἰς τοὺς θεοὺς πείθοντες καταστῆναι πάντων
						ὧν ἐμὲ ἄξιόν φασι παθεῖν εἶναι δίκαιοί εἰσι τυγχάνειν. </p>
				</div>
				<div type="section" n="12">
					<p>τούτους μὲν οὖν τούτων ἀξίους ὄντας ἀπίστους ἡγεῖσθε· ἐμὲ δὲ ἔκ γε<note
							resp="ed" xml:lang="la" anchored="true"><foreign xml:lang="grc">ἔκ
								γε</foreign> Franke: <foreign xml:lang="grc">ἔκ τε</foreign>
							codd.</note> τῶν προειργασμένων γνώσεσθε οὔτε ἐπιβουλεύοντα οὔτε τῶν οὐ
						προσηκόντων ὀρεγόμενον, ἀλλὰ τἀναντία τούτων πολλὰς μὲν καὶ μεγάλας εἰσφορὰς
						εἰσφέροντα, πολλὰ δὲ τριηραρχοῦντα, λαμπρῶς δὲ χορηγοῦντα, πολλοῖς<note
							resp="ed" xml:lang="la" anchored="true"><foreign xml:lang="grc"
								>πολλοῖς</foreign> Salmasius (cf. Dem. 999.24):<foreign
								xml:lang="grc">πολλοὺς</foreign> codd.</note> δὲ ἐρανίζοντα, μεγάλας
						δὲ ὑπὲρ πολλῶν ἐγγύας ἀποτίνοντα, τὴν δὲ<note resp="ed" xml:lang="la"
							anchored="true"><foreign xml:lang="grc">τὴν δὲ</foreign> Schaefer:
								<foreign xml:lang="grc">τήν τε</foreign> codd.</note> οὐσίαν οὐ
						δικαζόμενον ἀλλʼ ἐργαζόμενον κεκτημένον, φιλοθύτην δὲ καὶ νόμιμον ὄντα.
						τοιούτου δὲ ὄντος μου μηδὲν ἀνόσιον μηδὲ αἰσχρὸν καταγνῶτε. </p>
				</div>
				<div type="section" n="13">
					<p>εἰ δὲ ὑπὸ ζῶντος ἐδιωκόμην, οὐκ ἂν μόνον ὑπὲρ ἐμαυτοῦ ἀπελογούμην, ἀλλʼ αὐτόν
						τε τοῦτον καὶ τοὺς τούτῳ μὲν βοηθοῦντας, παρʼ ἐμοῦ δὲ ὠφελεῖσθαι ζητοῦντας
						ἐφʼ οἷς κατηγορεῖταί<note resp="ed" xml:lang="la" anchored="true"><foreign
								xml:lang="grc">κατηγορεῖται</foreign> vulg.: <foreign xml:lang="grc"
								>κατηγορεῖτε ΑΝ.</foreign></note> μου, ἀπέδειξα<note resp="ed"
							xml:lang="la" anchored="true"><foreign xml:lang="grc">ἀπέδειξα Α·
								ἐπέδειξα Ν.</foreign></note> ἂν ἀδικοῦντας. ταῦτα μὲν οὖν
						ἐπιεικέστερον ἢ δικαιότερον παρήσω· δέομαι δʼ ὑμῶν, ὦ ἄνδρες, τῶν μεγίστων
						κριταὶ καὶ κύριοι, ἐλεήσαντας τὴν ἀτυχίαν μου ἰατροὺς γενέσθαι αὐτῆς, καὶ μὴ
						συνεπιβάντας τῇ τούτων ἐπιθέσει περιιδεῖν ἀδίκως καὶ ἀθέως διαφθαρέντα με
						ὑπʼ αὐτῶν. </p>
				</div>
			</div>
			<div n="3" type="tetralogy">
				<head>Ἐκ κατηγορίας ὃ ὕστερος</head>
				<div type="section" n="1">
					<p> ἥ τε ἀτυχία ἀδικεῖται ὑπʼ αὐτοῦ, ἣν προϊστάμενος τῆς κακουργίας ἀφανίσαι τὴν
						αὑτοῦ μιαρίαν ζητεῖ· ὑπό τε ὑμῶν οὐκ ἄξιος ἐλεεῖσθαί ἐστιν, ἀκούσιον μὲν τῷ
						παθόντι περιθεὶς τὴν συμφοράν, ἑκουσίως δὲ αὐτὸς εἰς τοὺς κινδύνους
						καταστάς. ὡς μὲν οὖν ἀπέκτεινε τὸν ἄνδρα, ἐν τῷ προτέρῳ λόγῳ ἀπεδείξαμεν· ὡς
						δὲ οὐκ ὀρθῶς ἀπελογήθη, νῦν πειρασόμεθα ἐλέγχοντες. </p>
				</div>
				<div type="section" n="2">
					<p>εἴτε γὰρ προσιόντας τινὰς προϊδόντες οἱ ἀποκτείναντες αὐτοὺς ἀπολιπόντες
						ᾤχοντο φεύγοντες πρότερον ἢ ἀπέδυσαν, οἱ ἐντυχόντες ἂν αὐτοῖς,<note
							resp="ed" xml:lang="la" anchored="true"><foreign xml:lang="grc"
								>αὐτοῖς</foreign> Reiske: <foreign xml:lang="grc">αὐτῷ</foreign>
							codd.</note> εἰ καὶ τὸν δεσπότην τεθνεῶτα ηὗρον, τόν γε θεράποντα,<note
							resp="ed" xml:lang="la" anchored="true"><foreign xml:lang="grc"
								>τἀληθῆ</foreign> Weidner: <foreign xml:lang="grc">ἀληθῆ</foreign>
							codd.</note> ὃς ἔμπνους ἀρθεὶς ἐμαρτύρει<note resp="ed" xml:lang="la"
							anchored="true">verba<foreign xml:lang="grc">ὃς ἔμπνους ἀρθεὶς
								ἐμαρτύρει</foreign> delent nonnulli ut quae</note>, ἔτι ἔμφρονα
						εὑρόντες, σαφῶς ἀνακρίναντες τοὺς ἐργασαμένους ἤγγειλαν ἂν ἡμῖν, καὶ οὐχ
						οὗτος ἂν τὴν αἰτίαν εἶχεν· εἴτε ἄλλοι τινὲς ἕτερόν τι τοιοῦτον κακουργοῦντες
						ὀφθέντες ὑπʼ αὐτῶν, ἵνα μὴ γνωσθῶσι διέφθειραν αὐτούς, ἅμα τῷ τούτων φόνῳ τὸ
						κακούργημα ἂν ἐκηρύσσετο καὶ εἰς τούτους ἂν ἡ ὑποψία ἧκεν. </p>
				</div>
				<div type="section" n="3">
					<p>οἵ τε ἧσσον κινδυνεύοντες τῶν μᾶλλον ἐν φόβῳ ὄντων οὐκ οἶδʼ ὅπως ἂν μᾶλλον
						ἐπεβούλευσαν αὐτῷ· τοὺς μὲν γὰρ ὅ τε φόβος ἥ τε ἀδικία ἱκανὴ ἦν παῦσαι τῆς
						προμηθίας, τοῖς δὲ ὅ τε κίνδυνος ἥ τε αἰσχύνη μείζων οὖσα τῆς διαφορᾶς, εἰ
						καὶ διενοήθησαν ταῦτα πρᾶξαι, ἀρκοῦσα ἦν σωφρονίσαι τὸ θυμούμενον τῆς
						γνώμης. </p>
				</div>
				<div type="section" n="4">
					<p>οὐκ ὀρθῶς δὲ τὴν τοῦ ἀκολούθου μαρτυρίαν ἄπιστον λέγουσιν εἶναι. οὐ γὰρ ἐπὶ
						ταῖς τοιαύταις μαρτυρίαις βασανίζονται, ἀλλʼ ἐλεύθεροι ἀφίενται· ὁπόταν δὲ ἢ
						κλέψαντες ἀπαρνῶνται ἢ συγκρύπτωσι τοῖς δεσπόταις, τότε βασανίζοντες
						ἀξιοῦμεν τἀληθῆ λέγειν αὐτούς. </p>
				</div>
				<div type="section" n="5">
					<p>οὐδὲ μὴν ἀπογενέσθαι ἢ παραγενέσθαι εἰκότερον αὐτόν ἐστιν. εἰ γὰρ ἀπεγένετο,
						τὸν μὲν κίνδυνον τὸν αὐτὸν ἔμελλε καὶ παρὼν κινδυνεύειν—πᾶς γὰρ αὐτῶν
						ληφθεὶς τοῦτον ἂν τὸν ἐπιβουλεύσαντα ἤλεγχεν ὄντα—τὸ δʼ ἔργον ἧσσον
						πράσσειν· οὐδεὶς γὰρ ὅστις τῶν παρόντων οὐκ ἂν ὀκνηρότερος εἰς τὴν πρᾶξιν
						ἦν. </p>
				</div>
				<div type="section" n="6">
					<p>ὡς δʼ οὐκ ἐλάσσω ἀλλὰ πολὺ μείζω τὸν ἀπὸ τῆς γραφῆς κίνδυνον ἢ τόνδε ἡγεῖτο
						εἶναι, διδάξω. τὸ μὲν ἁλῶναι καὶ ἀποφυγεῖν ἀμφοτέρας τὰς διώξεις ἐν ἴσαις
						ἐλπίσι θῶμεν αὐτῷ εἶναι. μὴ παραχθῆναι δὲ τὴν γραφὴν οὐδεμίαν ἐλπίδα εἶχε
						τούτου γε ζῶντος· οὐ γὰρ ἂν ἐπείθετο αὐτῷ· εἰς<note resp="ed" xml:lang="la"
							anchored="true">codd. fortasse exciderunt nonnulla post<foreign
								xml:lang="grc">αὐτῷ.</foreign></note> δὲ τόνδε τὸν ἀγῶνα<note
							resp="ed" xml:lang="la" anchored="true"><foreign xml:lang="grc">ἀγῶνα Ν·
								κίνδυνον Α.</foreign></note> ἥξειν οὐκ ἤλπισε· λήσειν γὰρ ἐδόκει
						ἀποκτείνας αὐτόν. </p>
				</div>
				<div type="section" n="7">
					<p>ἀξιῶν δὲ διὰ τὸ φανερὰν εἶναι τὴν ὑποψίαν αὐτῷ μὴ καταδοκεῖσθαι ὑφʼ ὑμῶν, οὐκ
						ὀρθῶς ἀξιοῖ. εἰ γὰρ<note resp="ed" xml:lang="la" anchored="true"><foreign
								xml:lang="grc">εἰ γὰρ</foreign> Reiske: <foreign xml:lang="grc">οὐ
								γὰρ</foreign> codd.</note> τοῦτον ἐν τοῖς μεγίστοις κινδύνοις ὄντα
						ἱκανὴ ἦν ἡ ὑποψία ἀποτρέψαι<note resp="ed" xml:lang="la" anchored="true"
								><foreign xml:lang="grc">ἀποτρέψαι</foreign> Reiske: <foreign
								xml:lang="grc">ἀποστρέψαι</foreign> codd.</note> τῆς ἐπιθέσεως,
						οὐδείς γʼ ἂν<note resp="ed" xml:lang="la" anchored="true"><foreign
								xml:lang="grc">γʼ ἂν</foreign> Reiske: <foreign xml:lang="grc"
								>γὰρ</foreign> codd.</note> ἐπεβούλευσεν αὐτῷ· πᾶς γὰρ ἄν τις τῶν
						ἧσσον κινδυνευόντων, τὴν ὑποψίαν μᾶλλον τοῦ κινδύνου φοβούμενος, ἧσσον ἢ
						οὗτος ἐπέθετο<note resp="ed" xml:lang="la" anchored="true"><foreign
								xml:lang="grc">ἐπέθετο</foreign> Maetzner, quem dubitanter secutus
								sum:<foreign xml:lang="grc">ἡγεῖτο</foreign></note> αὐτῷ. </p>
				</div>
				<div type="section" n="8">
					<p>αἱ δʼ εἰσφοραὶ καὶ χορηγίαι εὐδαιμονίας μὲν ἱκανὸν σημεῖόν ἐστι, τοῦ δὲ μὴ
						ἀποκτεῖναι τἀναντία· περὶ γὰρ αὐτῆς τῆς εὐδαιμονίας τρέμων μὴ ἀποστερηθῇ,
						εἰκότως μὲν ἀνοσίως δὲ ἀπέκτεινε<note resp="ed" xml:lang="la"
							anchored="true"><foreign xml:lang="grc">ἀπολύσεσθε</foreign> Sauppe:
								<foreign xml:lang="grc">ἀπολύεσθε</foreign> codd.</note> τὸν ἄνδρα.
						φάσκων δὲ οὐ τοὺς εἰκότως ἀλλʼ ὄντως<note resp="ed" xml:lang="la"
							anchored="true"><foreign xml:lang="grc">ἀλλʼ ὄντως</foreign> Funkhanel:
								<foreign xml:lang="grc">ἀλλὰ τοὺς</foreign> codd.</note>
						ἀποκτείναντας φονέας εἶναι, περὶ μὲν τῶν ἀποκτεινάντων ὀρθῶς λέγει, εἴπερ
						ἐγένετο φανερὸν ἡμῖν τίνες ἦσαν οἱ ἀποκτείναντες αὐτόν· μὴ δεδηλωμένων δὲ
						τῶν ἀποκτεινάντων, ὑπὸ τῶν εἰκότων ἐλεγχόμενος οὗτος ἂν καὶ οὐδεὶς ἕτερος
							ltὁgt<note resp="ed" xml:lang="la" anchored="true"><foreign
								xml:lang="grc">ὁ</foreign> add. Weidner.</note> ἀποκτείνας αὐτὸν
						εἴη. οὐ γὰρ ἐπὶ<note resp="ed" xml:lang="la" anchored="true"><foreign
								xml:lang="grc">ἐπὶ</foreign> Ald.: <foreign xml:lang="grc"
								>ὑπὸ</foreign> codd.</note> μαρτύρων ἀλλὰ κρυπτόμενα πράσσεται τὰ
						τοιαῦτα. </p>
				</div>
				<div type="section" n="9">
					<p>οὕτω δὲ φανερῶς ἐκ τῆς αὑτοῦ ἀπολογίας ἐλεγχθεὶς διαφθείρας αὐτόν, οὐδὲν
						ἕτερον ὑμῶν δεῖται ἢ τὴν αὑτοῦ μιαρίαν εἰς ὑμᾶς αὐτοὺς ἐκτρέψαι. ἡμεῖς δὲ
						ὑμῶν δεόμεθα μὲν οὐδέν, λέγομεν δʼ ὑμῖν, εἰ μήτε ἐκ τῶν εἰκότων μήτε ἐκ τῶν
						μαρτυρουμένων οὗτος νῦν ἐλέγχεται, οὐκ ἔστιν ἔτι τῶν διωκομένων ἔλεγχος
						οὐδείς. </p>
				</div>
				<div type="section" n="10">
					<p>σαφῆ μὲν γὰρ τὸν θάνατον γιγνώσκοντες, φανερῶς δὲ τὰ ἴχνη τῆς ὑποψίας εἰς
						τοῦτον φέροντα, πιστῶς δὲ τοῦ ἀκολούθου μαρτυροῦντος, πῶς ἂν δικαίως
						ἀπολύοιτε αὐτόν; ἀδίκως δʼ ἀπολυομένου τούτου ὑφʼ ὑμῶν, ἡμῖν μὲν
						προστρόπαιος ὁ ἀποθανὼν οὐκ ἔσται, ὑμῖν δὲ ἐνθύμιος γενήσεται.<note
							resp="ed" xml:lang="la" anchored="true"><foreign xml:lang="grc">ἀδίκως
								... γενήσεται</foreign> huc transposuit Jernstedt: ante</note>
					</p>
				</div>
				<div type="section" n="11">
					<p>ταῦτα οὖν εἰδότες βοηθεῖτε μὲν τῷ ἀποθανόντι, τιμωρεῖσθε δὲ τὸν ἀποκτείναντα,
						ἁγνεύετε δὲ τὴν πόλιν. τρία γὰρ ἀγαθὰ πράξετε· ἐλάσσους μὲν τοὺς
						ἐπιβουλεύοντας καταστήσετε, πλείους δὲ τοὺς τὴν εὐσέβειαν ἐπιτηδεύοντας,
							ἀπολύσεσθε<note resp="ed" xml:lang="la" anchored="true">habent
							codd.</note> δʼ αὐτοὶ τῆς ὑπὲρ τούτου μιαρίας. </p>
				</div>
			</div>
			<div n="4" type="tetralogy">
				<head>Ἐξ ἀπολογίας ὃ ὕστερος</head>
				<div type="section" n="1">
					<p>ἰδοὺ ἐγὼ τῇ τε ἀτυχίᾳ, ἣν οὐ δικαίως αἰτιῶμαι, ὡς οὗτοί φασιν, ἑκὼν ἐμαυτὸν
						ἐγχειρίζω, τῇ τε τούτων ἔχθρᾳ, δεδιὼς μὲν τὸ μέγεθος τῆς διαβολῆς αὐτῶν,
						πιστεύων δὲ τῇ ὑμετέρᾳ γνώμῃ τῇ τε ἀληθείᾳ τῶν ἐξ ἐμοῦ πραχθέντων.
						ἀποστερούμενος δὲ ὑπʼ αὐτῶν μηδὲ τὰς παρούσας ἀτυχίας ἀνακλαύσασθαι πρὸς
						ὑμᾶς, ἀπορῶ εἰς ἥντινα ἄλλην σωτηρίαν χρή με καταφυγεῖν. </p>
				</div>
				<div type="section" n="2">
					<p>καινότατα γὰρ δή, εἰ χρὴ καινότατα μᾶλλον ἢ κακουργότατα εἰπεῖν, διαβάλλουσί
						με. κατήγοροι γὰρ καὶ τιμωροὶ φόνου προσποιούμενοι εἶναι, ὑπεραπολογούμενοι
						τῆς ἀληθοῦς ὑποψίας ἁπάσης, διὰ τὴν ἀπορίαν τοῦ ἀποκτείναντος αὐτόν, ἐμὲ
						φονέα φασὶν εἶναι· δρῶντες δὲ τἀναντία ὧν προστέτακται αὐτοῖς, φανερὸν ὅτι
						ἀδίκως ἐμὲ μᾶλλον ἀποκτεῖναι ζητοῦσιν ἢ τὸν φονέα τιμωρεῖσθαι. </p>
				</div>
				<div type="section" n="3">
					<p>ἐμὲ δὲ προσῆκεν οὐδὲν ἄλλο ἢ πρὸς τὴν μαρτυρίαν τοῦ ἀκολούθου ἀπολογηθῆναι·
						οὐ γὰρ μηνυτὴς οὐδʼ ἐλεγκτὴρ τῶν ἀποκτεινάντων εἰμί, ἀλλὰ διωκόμενος
						ἀποκρίνομαι. ὅμως δὲ περιεργαστέον, ἵνα ἐκ παντὸς τρόπου τούτους τε
						ἐπιβουλεύοντάς μοι ἐμαυτόν τε ἀπολυόμενον ἐπιδείξω τῆς ὑποψίας. </p>
				</div>
				<div type="section" n="4">
					<p>τὴν μὲν οὖν ἀτυχίαν ᾗ με διαβάλλουσιν, εἰς εὐτυχίαν αἰτοῦμαι μεταστῆναι· ἀξιῶ
						δʼ ὑμᾶς ἀπολύσαντάς με μακαρίσαι μᾶλλον ἢ καταλαβόντας ἐλεῆσαι. </p>
					<p>φασὶ δὲ τῶν μὲν ἐντυχόντων παιομένοις αὐτοῖς οὐδένα ὅντινα οὐκ εἰκότερον
						εἶναι σαφῶς πυθόμενον τοὺς διαφθείραντας αὐτοὺς εἰς οἶκον ἀγγεῖλαι ἢ
						ἀπολιπόντα οἴχεσθαι. </p>
				</div>
				<div type="section" n="5">
					<p>ἐγὼ δὲ οὐδένα οὕτω θερμὸν καὶ ἀνδρεῖον ἄνθρωπον εἶναι δοκῶ, ὅντινα οὐκ ἂν
						ἀωρὶ τῶν νυκτῶν<note resp="ed" xml:lang="la" anchored="true"><foreign
								xml:lang="grc">τῶν νυκτῶν Ν· τῆς νυκτὸς Α.</foreign></note> νεκροῖς
						ἀσπαίρουσι συντυχόντα πάλιν ὑποστρέψαντα φεύγειν μᾶλλον ἢ πυνθανόμενον τοὺς
						κακούργους περὶ τῆς ψυχῆς κινδυνεῦσαι. τούτων δὲ μᾶλλον ἃ εἰκὸς ἦν
						δρασάντων, οἱ μὲν ἐπὶ τοῖς ἱματίοις διαφθείραντες αὐτοὺς οὐκ ἂν ἔτι εἰκότως
						ἀφίοιντο, ἐγὼ δὲ ἀπήλλαγμαι τῆς ὑποψίας. </p>
				</div>
				<div type="section" n="6">
					<p>εἰ δὲ ἐκηρύσσοντο ἢ μὴ ἄλλοι τινὲς κακοῦργοι ἅμα τῷ τούτων φόνῳ, τίς οἶδεν;
						οὐδενὶ γὰρ ἐπιμελὲς ἦν σκοπεῖν ταῦτα. ἀφανοῦς δὲ ὄντος τοῦ κηρύγματος, οὐδὲ
						ὑπὸ τούτων τῶν κακούργων ἄπιστον διαφθαρῆναι αὐτόν. </p>
				</div>
				<div type="section" n="7">
					<p>τοῦ δὲ θεράποντος πῶς χρὴ πιστοτέραν τὴν μαρτυρίαν ἢ τῶν ἐλευθέρων ἡγεῖσθαι;
						οἱ μὲν γὰρ ἀτιμοῦνταί τε καὶ χρήμασι ζημιοῦνται, ἐὰν μὴ τἀληθῆ δοκῶσι
						μαρτυρῆσαι· ὁ δὲ οὐκ ἔλεγχον παρασχὼν οὐδὲ βάσανον—ποῦ<note resp="ed"
							xml:lang="la" anchored="true"><foreign xml:lang="grc">ποῦ</foreign>
							Reiske: <foreign xml:lang="grc">οὐ Α·lt τι οὐΝ</foreign> pr., <foreign
								xml:lang="grc">τινα οὐ Ν</foreign> corr.(2)gt</note> δίκην δώσει; ἢ
							τίς<note resp="ed" xml:lang="la" anchored="true"><foreign xml:lang="grc"
								>ἢ τίς</foreign> Reiske: <foreign xml:lang="grc">εἴ τις</foreign>
							codd.</note> ἔλεγχος ἔσται; ἀκινδύνως τε οὗτός γε μέλλων μαρτυρεῖν,
						οὐδὲν θαυμαστὸν ἔπαθεν ὑπὸ τῶν κυρίων ἐχθρῶν μοι ὄντων πεισθεὶς
						καταψεύδεσθαί μου· ἐγώ τε ἀνόσιʼ ἂν πάσχοιμι, εἰ μὴ πιστῶς καταμαρτυρηθεὶς
						διαφθαρείην ὑφʼ ὑμῶν. </p>
				</div>
				<div type="section" n="8">
					<p>μὴ παραγενέσθαι δέ με τῷ φόνῳ ἀπιστότερον ἢ παραγενέσθαι φασὶν εἶναι. ἐγὼ δʼ
						οὐκ ἐκ τῶν εἰκότων ἀλλʼ ἔργῳ δηλώσω οὐ παραγενόμενος. ὁπόσοι γὰρ δοῦλοί μοι
						ἢ δοῦλαί εἰσι, πάντας παραδίδωμι βασανίσαι· καὶ ἐὰν μὴ φανῶ ταύτῃ τῇ νυκτὶ
						ἐν οἴκῳ καθεύδων ἢ ἐξελθών ποι,<note resp="ed" xml:lang="la" anchored="true"
								><foreign xml:lang="grc">ποι</foreign> Reiske: <foreign
								xml:lang="grc">που</foreign> codd.</note> ὁμολογῶ φονεὺς εἶναι. ἡ δὲ
						νὺξ οὐκ ἄσημος· τοῖς γὰρ Διιπολείοις ὁ ἀνὴρ ἀπέθανε. </p>
				</div>
				<div type="section" n="9">
					<p> </p>
					<p>περὶ δὲ τῆς εὐδαιμονίας, ἧς ἕνεκα τρέμοντά μέ φασιν εἰκότως ἀποκτεῖναι αὐτόν,
						πολὺ τἀναντία ἐστί. τοῖς μὲν γὰρ ἀτυχοῦσι νεωτερίζειν<note resp="ed"
							xml:lang="la" anchored="true"><foreign xml:lang="grc">ἀτυχοῦσι
								νεωτερίζειν</foreign> Ald.: <foreign xml:lang="grc">ἀτυχοῦσιν
								ἑταιρίζειν</foreign> codd.</note> συμφέρει· ἐκ γὰρ τῶν μεταβολῶν
						ἐπίδοξος ἡ δυσπραγία μεταβάλλειν αὐτῶν ἐστι· τοῖς δʼ εὐτυχοῦσιν ἀτρεμίζειν
						καὶ φυλάσσειν τὴν παροῦσαν εὐπραγίαν. μεθισταμένων γὰρ τῶν πραγμάτων
						δυστυχεῖς ἐξ εὐτυχούντων καθίστανται. </p>
				</div>
				<div type="section" n="10">
					<p> </p>
					<p>ἐκ δὲ τῶν εἰκότων προσποιούμενοί με ἐλέγχειν, οὐκ εἰκότως ἀλλʼ ὄντως φονέα μέ
						φασι τοῦ ἀνδρὸς εἶναι. τὰ δὲ εἰκότα ἄλλα πρὸς ἐμοῦ μᾶλλον ἀποδέδεικται ὄντα.
						ὅ τε γὰρ καταμαρτυρῶν μου ἄπιστος ἐλήλεγκται ὤν, ὅ τε ἔλεγχος οὐκ ἔστι· τά
						τε τεκμήρια ἐμά, οὐ τούτων<note resp="ed" xml:lang="la" anchored="true"
								><foreign xml:lang="grc">τούτων</foreign> Jernstedt: <foreign
								xml:lang="grc">τούτου</foreign> codd.</note> ὄντα ἐδήλωσα· τά τε
						ἴχνη τοῦ φόνου οὐκ εἰς ἐμὲ φέροντα, ἀλλʼ εἰς τοὺς ἀπολυομένους ἀποδέδεικται
						ὑπʼ αὐτῶν. πάντων δὲ τῶν κατηγορηθέντων ἀπίστων ἐλεγχθέντων, οὐκ ἐὰν ἀποφύγω
						οὐκ ἔστιν ἐξ ὧν ἐλεγχθήσονται οἱ κακουργοῦντες, ἀλλʼ ἐὰν καταληφθῶ,<note
							resp="ed" xml:lang="la" anchored="true"><foreign xml:lang="grc"
								>καταληφθῶ</foreign> Spengel: <foreign xml:lang="grc"
								>ἐλεγχθῶ</foreign> codd.</note> οὐδεμία ἀπολογία τοῖς διωκομένοις
						ἀρκοῦσά ἐστιν. </p>
				</div>
				<div type="section" n="11">
					<p> </p>
					<p>οὕτω δὲ ἀδίκως διώκοντές με, αὐτοὶ μὲν ἀνοσίως ἀποκτεῖναι ζητοῦντες καθαροί
						φασιν εἶναι, ἐμὲ δέ, ὃς εὐσεβεῖν ὑμᾶς πείθω, ἀνόσια δρᾶν λέγουσιν. ἐγὼ δὲ
						καθαρὸς ὢν πάντων τῶν ἐγκλημάτων ὑπὲρ ltμὲνgt<note resp="ed" xml:lang="la"
							anchored="true"><foreign xml:lang="grc">μὲν</foreign> add.
							Bekker.</note> ἐμαυτοῦ ἐπισκήπτω αἰδεῖσθαι τὴν τῶν μηδὲν ἀδικούντων
						εὐσέβειαν, ὑπὲρ δὲ τοῦ ἀποθανόντος ἀναμιμνῄσκων τὴν ποινὴν παραινῶ ὑμῖν μὴ
						τὸν ἀναίτιον καταλαβόντας τὸν αἴτιον ἀφεῖναι· ἀποθανόντος γὰρ ἐμοῦ οὐδεὶς
						ἔτι τὸν αἴτιον ζητήσει. </p>
				</div>
				<div type="section" n="12">
					<p>ταῦτα οὖν σεβόμενοι ὁσίως καὶ δικαίως ἀπολύετέ με, καὶ μὴ μετανοήσαντες τὴν
						ἁμαρτίαν γνῶτε· ἀνίατος γὰρ ἡ μετάνοια τῶν τοιούτων ἐστίν. </p>
				</div>
			</div>
		</body>
	</text>
</TEI>
