<?xml version="1.0" encoding="UTF-8"?>
<?xml-model href="http://www.stoa.org/epidoc/schema/latest/tei-epidoc.rng" type="application/xml" schematypens="http://relaxng.org/ns/structure/1.0"?>
<TEI  xmlns="http://www.tei-c.org/ns/1.0">
  <teiHeader>
      <fileDesc>
         <titleStmt>
            <title>Kings </title>
            <author n="Appian">Appian</author>
            <editor role="editor">L. Mendelssohn</editor>
            <sponsor>Perseus Project, Tufts University</sponsor>
            <principal>Gregory Crane</principal>
            <respStmt>
               <resp>Prepared under the supervision of</resp>
               <name>Lisa Cerrato</name>
               <name>William Merrill</name>
               <name>Elli Mylonas</name>
               <name>David Smith</name>
            </respStmt>
            <funder n="org:AnnCPB">The Annenberg CPB/Project</funder>
         </titleStmt>
         <publicationStmt>
            <publisher>Trustees of Tufts University</publisher>
            <pubPlace>Medford, MA</pubPlace>
            <authority>Perseus Project</authority>
         </publicationStmt>

         <sourceDesc>
            <biblStruct>
               <monogr>
                  <author>Appian</author>
                  <title>The Foreign Wars</title>
                  <idno type="lccn">04031898</idno>
                  <editor role="editor">L. Mendelssohn</editor>
                  <imprint>
                     <pubPlace>Leipzig</pubPlace>
                     <publisher>Teubner</publisher>
                     <date>1879</date>
                  </imprint>
               </monogr>
               
            </biblStruct>
         </sourceDesc>
      </fileDesc>

      <encodingDesc>
         <refsDecl n="CTS">
            <cRefPattern n="fragment" matchPattern="(\w+)" replacementPattern="#xpath(/tei:TEI/tei:text/tei:body/tei:div/tei:div/tei:div[@n='$1'])">
               <p>This pointer pattern extracts fragmentary quote</p>
            </cRefPattern>
           
         </refsDecl>
       
      </encodingDesc>
      <profileDesc>
         <langUsage>
            <language ident="grc">Greek</language>
            <language ident="eng">English</language>
            <language ident="lat">Latin</language>
         </langUsage>
      </profileDesc>

     <revisionDesc>
        <change when="2002-11-13" who="DMM">markup</change>
        <change who="Stella Dee" when="2014-07">split composite text and converted to unicode</change>
        <change who="TDBuck" when="2015-12-08">Epidoc Update</change>
     </revisionDesc>

  </teiHeader>
  <text xml:lang="grc">
      <body>
         <div xml:lang="grc"
              type="edition"
              n="urn:cts:greekLit:tlg0551.tlg002.perseus-grc2">
            <div type="textpart" subtype="chapter">
               <div type="textpart" subtype="fragment"><head>ἐκ τῆς Βασιλικῆς</head></div>
               <div type="textpart" n="1" subtype="fragment" xml:lang="grc">
                               <cit n="I">
                                  <quote>
                                  <p n="1">ἄρχεται τῆς ἱστορίας ἀπὸ Αἰνείου τοῦ Ἀγχίσου τοῦ
              Κάπυος, ὃς ἐν τῷ Τρωικῷ ἤκμαζε πολέμῳ, μετὰ δὲ τὴν ἅλωσιν τῆς Τροίας ἔφυγε, καὶ μετὰ
              μακρὰν πλάνην κατέπλει ἔς τινα τῆς Ἰταλίας αἰγιαλόν, Λώρεντον ἐπικαλούμενον, ἔνθα καὶ
              στρατόπεδον αὐτοῦ δείκνυται, καὶ τὴν ἀκτὴν ἀπʼ ἐκείνου Τροίαν καλοῦσιν. ἦρχε τότε
              Ἀβοριγίνων τῶν τῇδε Ἰταλῶν Φαῦνος ὁ τοῦ Ἄρεως, ὃς καὶ ζεύγνυσιν Αἰνείᾳ τὴν θυγατέρα
              αὑτοῦ Λαουινίαν, καὶ γῆν δίδωσιν ἐκ περιόδου σταδίων τετρακοσίων. ὁ δὲ πόλιν ἔκτισε
              καὶ ἀπὸ τῆς γυναικὸς Λαουίνιον ἐπωνόμασε. τρίτῳ δὲ ἔτει τοῦ Φαύνου τελευτήσαντος
              ἐκδέχεται τὴν ἀρχὴν ὁ Αἰνείας κατὰ τὸ κῆδος, καὶ τοὺς Ἀβοριγίνας ἀπὸ τοῦ κηδεστοῦ
              Λατίνου Φαύνου Λατίνους ἐπωνόμασε. τρίτῳ δὲ ἔτει πάλιν διὰ Λαουινίαν τὴν γυναῖκα ὑπὸ
              Ῥουτούλων τῶν Τυρρηνῶν, προμνηστευθεῖσαν αὐτῶν τῷ βασιλεῖ, ἀναιρεῖται πολέμου νόμῳ ὁ
              Αἰνείας, καὶ τὴν ἀρχὴν διεδέξατο Εὐρυλέων, Ἀσκάνιος μετονομασθείς, ὃς ἐγεννήθη τῷ
              Αἰνείᾳ ἐκ Κρεούσης τῆς Πριάμου, τῆς ἐν Ἰλίῳ γενομένης αὐτῷ γυναικός. οἱ δὲ ἐκ τῆς
              Λαουινίας Ἀσκάνιον αὐτῷ γεννηθῆναί φασι, τὸν διάδοχον τῆς ἀρχῆς.</p>
                        <p n="2">
                           Ἀσκανίου δὲ τελευτήσαντος ἔτει τετάρτῳ μετὰ τὴν
              Ἄλβης οἴκισιν?̔καὶ γὰρ οὗτος ἔκτισε πόλιν, Ἄλβην καλέσας, καὶ ἀπὸ Λαουινίου τὸν λαὸν
              μετῴκισεν̓ ἐκδέχεται τὴν ἀρχὴν Σίλουιος. καὶ Σιλουίου παῖδα Αἰνείαν Σίλουιόν φασιν,
              Αἰνείου δὲ Λατῖνον Σίλουιον, τοῦ δὲ Κάπυν, Κάπυος δὲ Κάπετον γενέσθαι, Καπέτου δὲ
              Τιβερῖνον, τοῦ δὲ Ἀγρίππαν, τοῦ δὲ Ῥωμύλον. καὶ τόνδε μὲν βληθῆναι κεραυνῷ· οὗ
              γενέσθαι παῖδα Ἀουεντῖνον, Ἀουεντίνου δὲ Πρόκαν γενέσθαι. καὶ πᾶσι δὲ τὸν Σίλουιον
              ἐπώνυμον εἶναι. τῷ δὲ Πρόκᾳ δύο ἐγενέσθην υἱοί, πρεσβύτερος μὲν Νεμέτωρ, νεώτερος δὲ
              Ἀμούλιος. λαβόντος δὲ τοῦ πρεσβυτέρου παρὰ τοῦ πατρὸς τελευτῶντος τὴν ἀρχήν, ὁ
              νεώτερος ὕβρει καὶ βίᾳ κατέσχεν ἀφελόμενος. καὶ τὸν μὲν παῖδα τοῦ ἀδελφοῦ Ἔγεστον
              κτείνει, τὴν θυγατέρα δὲ Ῥέαν Σιλουίαν ἱέρειαν, ἵνα ἄπαις διαμείνῃ, καθίστησι· τὸν
              μέντοι Νεμέτορα τῆς εἰς τὸ σῶμα ἐπιβουλῆς ἡ τῶν ἠθῶν ἐξεῖλε πραότης καὶ ἡ πολλὴ
              ἐπιείκεια. ἀλλʼ ἡ Σιλουία ἔκυε παρὰ τὸν νόμον. καὶ τὴν μὲν Ἀμούλιος ἐπὶ κολάσει
              συνελάμβανε, δύο δὲ παῖδας ἐκ τῆσδε γενομένους ποιμέσιν ἔδωκεν, εἰς τὸν πλησίον
              ποταμὸν ἐμβαλεῖν τὰ βρέφη· Θύβρις ἦν ὄνομα τῷ ποταμῷ, Ῥῶμος δὲ καὶ Ῥωμύλος οἱ παῖδες,
              ἐξ Αἰνείου ἕλκοντες μητρόθεν τὸ γένος· τὸ γὰρ τοῦ φύντος ἄδηλον.</p>
                         <bibl>πηοτ. βιβλιοτη. π. 16 β 4 βεκκ.</bibl>
                                  </quote></cit></div>
                 <div type="textpart" subtype="fragment" xml:lang="grc" n="2"> <cit n="II">
                     <quote>
                        <p>ὁ μὲν πρῶτος τόμος τῶν ἑπτὰ βασιλέων, Ῥωμύλου, Νουμᾶ Πομπιλίου,
              Ἄγκου Ὁστιλίου καὶ Ἄγκου ἑτέρου τοῦ καὶ Μαρκίου, ἐπιγόνου Νουμᾶ, Ταρκυνίου, Σερουίου
              Τυλλίου, καὶ Ταρκυνίου Λευκίου τοῦ Ταρκυνίου, τούτων τῶν ἑπτὰ ἔργα τε καὶ πράξεις
              περιέχει. ὧν ὁ πρῶτος κτίστης τε Ῥώμης καὶ οἰκιστὴς γεγονώς, ἄρξας τε πατρικῶς μᾶλλον
              ἢ τυραννικῶς, ὅμως ἐσφάγη, ἢ ὡς ἄλλοι φασίν, ἠφανίσθη. ὁ δὲ δεύτερος οὐδὲν ἧττον
              βεβασιλευκώς, εἰ μὴ καὶ μᾶλλον, τὸν ἑαυτοῦ βίον ἐτελεύτησε ζήσας <gap reason="omitted"/> ὁ δὲ τρίτος
              ἐκεραυνώθη. νόσῳ δὲ τὸν βίον ὁ τέταρτος ὑπεξῆλθεν. ὁ δὲ πέμπτος ὑπὸ ποιμένων ἐσφάγη,
              καὶ ὁ ἕκτος ὁμοίως σφαγῇ κατέστρεψε τὸν βίον. ὁ δὲ ἕβδομος καὶ τῆς πόλεως καὶ τῆς
              βασιλείας παρανομῶν ἐξηλάθη· ἐξ οὗ τῆς βασιλείας καταλυθείσης εἰς τοὺς ὑπάτους τὰ τῆς
              ἀρχῆς μετετέθη.</p>
                     </quote>
                     <bibl>ιδ. π. 15 β 22.</bibl>
                  </cit></div>
               <div type="textpart" subtype="fragment" xml:lang="grc" n="3"><cit n="III">
                     <quote xml:lang="grc">
                        <p>ἡ δὲ τὸν πατέρα φυλάξασα ἀποδημοῦντα ὑπισχνεῖται Τατίῳ προδώσειν
              τὸ φρούριον.</p>
                     </quote>
                     <bibl>συιδ. ϝϝ. <foreign xml:lang="grc">Τάτιος</foreign> ετ <foreign xml:lang="grc">φυλάξασα</foreign>.</bibl>
                  </cit></div>
               <div type="textpart" subtype="fragment" xml:lang="grc" n="4"> <cit n="IV">
                     <quote xml:lang="grc">
                        <p>κελεύσαντος δὲ Τατίου τὸν χρυσὸν ἐς τὴν παῖδα ἐλίθαζον, ἔστε
              τιτρωσκομένη κατεχώσθη.</p>
                     </quote>
                     <bibl>συιδ. ϝ. <foreign xml:lang="grc">λιθάζω</foreign>.</bibl>
                  </cit></div>
               <div type="textpart" subtype="fragment" xml:lang="grc" n="5"><cit n="V">
                     <quote xml:lang="grc">
                        <p>ὅτι τὸν πόλεμον τὸν πρὸς Ῥωμύλον Τατίου αἱ Ῥωμαίων γυναῖκες καὶ
              Σαβίνων θυγατέρες διῄ τησαν, αὐταὶ τῷ χάρακι τῶν γονέων προσελθοῦσαι, χεῖράς τε
              προτείνουσαι, καὶ βρέφη τὰ ἤδη σφίσιν ἐκ τῶν ἀνδρῶν γενόμενα ἐπιδεικνύουσαι, καὶ τοῖς
              ἀνδράσι μαρτυροῦσαι μηδὲν ὑβριστικὸν ἐς αὐτὰς ἁμαρτεῖν. ἐδέοντό τε λαβεῖν τινὰ οἶκτον
              τοὺς Σαβίνους σφῶν τε αὐτῶν καὶ κηδεστῶν καὶ ἐκγόνων καὶ θυγατέρων, καὶ φείσασθαι
              συγγενοῦς καὶ μιαροῦ πολέμου, ἢ πρώτας ἀνελεῖν αἳ τὴν αἰτίαν ἔχουσι τοῦ πολέμου. οἱ δὲ
              τῶν τε παρόντων ἀπορίᾳ καὶ οἴκτῳ τῶν γυναικῶν, συγγιγνώσκοντες ἤδη μὴ καθʼ ὕβριν
              εἰργάσθαι ταῦτα Ρωμαίους ἀλλʼ ὑπὸ χρείας, ἐς τὰς διαλλαγὰς ἐνεδίδουν. καὶ συνελθόντες
              Ῥωμύλος τε καὶ Τάτιος ἐς τὴν ἐξ ἐκείνου ἱερὰν γενομένην ὁδὸν ἐπὶ τοῖσδε συνέβησαν,
              βασιλεύειν μὲν ἄμφω, Τάτιόν τε καὶ Ῥωμύλον, Σαβίνους δὲ τοὺς τότε τῷ Τατίῳ
              συστρατεύσαντας, καὶ εἴ τινες ἄλλοι τῶν Σαβίνων ἐθέλοιεν, ἐς τὸ Ῥωμαίων μετοικίζεσθαι
              ἐπʼ ἴσῃ καὶ ὁμοίᾳ.</p>
                     </quote>
                     <bibl>υ.?̔ι. ε. υρσιν. σελεξτ. δε λεγατιονιβυς̓ π. 334.</bibl>
                  </cit></div>
               <div type="textpart" subtype="fragment" xml:lang="grc" n="6"><cit n="VI">
                     <quote xml:lang="grc">
                        <p>ὁ δὲ στρατηγὸς αἰσθόμενος παρʼ ἰδιοξένων ἐξήγγειλεν
            Ὁστιλίῳ.</p>
                     </quote>
                     <bibl>συιδ. ϝ. <foreign xml:lang="grc">ἰδιόξενος.</foreign>
                     </bibl>
                  </cit></div>
               <div type="textpart" subtype="fragment" xml:lang="grc" n="7"><cit n="VII">
                     <quote xml:lang="grc">
                        <p>οἱ δὲ ἐβλασφήμουν αὐτὸν ὡς κακῶς ἐπὶ τρισὶν ἀνδράσι τὰ πάντα
              θέμενον. </p>
                     </quote>
                     <bibl>ιδ. ϝ. <foreign xml:lang="grc">βλάσφημος</foreign>.</bibl>
                  </cit></div>
                  <div type="textpart" subtype="fragment" xml:lang="grc" n="8"> <cit n="VIII">
                     <quote xml:lang="grc">
                        <p>συμβάσεις ποιεῖν ἐφʼ οἷς ἂν Γάβιοι δικαιῶσιν. </p>
                     </quote>
                     <bibl>ιδ. ϝ. <foreign xml:lang="grc">δικαιοῦν</foreign>.</bibl>
                  </cit></div>
               <div type="textpart" subtype="fragment" xml:lang="grc" n="9"> <cit n="IX">
                     <quote xml:lang="grc">
                        <p>ὠνεῖται τὰ τρία βιβλία τῆς τιμῆς τῶν ἐννέα.</p>
                     </quote>
                     <bibl>βεκκ. ανεξδ. π. 180, 15.</bibl>
                  </cit></div>
               <div type="textpart" subtype="fragment" xml:lang="grc" n="10"> <cit n="X">
                     <quote xml:lang="grc">
                        <p>ὁ δὲ Ὁράτιος λελωβημένος ἦν τὰ σκέλη, ὑπατείας τε οὐκ ἔτυχεν οὔτε
              ἐν πολέμῳ οὔτε ἐν εἰρήνῃ διὰ τὴν ἀχρηστίαν τῶν ποδῶν.</p>
                     </quote>
                     <bibl>συιδ. ϝϝ. <foreign xml:lang="grc">ἀχρηστία</foreign> ετ <foreign xml:lang="grc">Ὁράτιος</foreign>.</bibl>
                  </cit></div>
               <div type="textpart" subtype="fragment" xml:lang="grc" n="11"><cit n="XI">
                     <quote xml:lang="grc">
                        <p>οἱ ὕπατοι τὰ ὅρκια προύτεινον, καὶ ἐς πάντα ἔφασαν ἐνδώσειν
              μᾶλλον ἢ Ταρκύνιον προσήσεσθαι.</p>
                     </quote>
                     <bibl>ιδ. ϝ. <foreign xml:lang="grc">προσήσεσθαι</foreign>.</bibl>
                  </cit></div>
               <div type="textpart" subtype="fragment" xml:lang="grc" n="12"> <cit n="XII">
                     <quote xml:lang="grc">
                        <p>ὅτι Ταρκύνιος Σαβίνους κατὰ Ῥωμαίων ἠρέθιζε. Κλαύδιος δέ, ἀνὴρ
              Σαβῖνος ἐκ Ῥηγίλλου πόλεως δυνατός, οὐκ εἴα τοὺς Σαβίνους παρασπονδεῖν, ἕως κρινόμενος
              ἐπὶ τῷδε ἔφυγεν ἐς Ῥώμην μετὰ συγγενῶν καὶ φίλων καὶ δούλων πεντακισχιλίων. οἷς πᾶσι
              Ῥωμαῖοι χώραν ἐς οἰκίας ἔδοσαν καὶ γῆν ἐς γεωργίαν, καὶ πολίτας ἔθεντο. τὸν δὲ
              Κλαύδιον καὶ ἐς τὸ βουλευτήριον κατέλεξαν, ἀποδεικνύμενον ἔργα λαμπρὰ κατὰ τῶν
              Σαβίνων· καὶ φυλὴν ἐπώνυμον αὐτοῦ κατέστησαν.</p>
                     </quote>
                     <bibl>ϝαλες. εχξερπτ. εχ ξολλεξταν. ξονστ. πορπη. π. 546.</bibl>
                  </cit></div>
               <div type="textpart" subtype="fragment" xml:lang="grc" n="13"> <cit n="XIII">
                     <quote xml:lang="grc">
                        <p>Λατῖνοι ἔνσπονδοι Ῥωμαίοις ὄντες ἐστράτευον ἐπʼ αὐτούς <gap reason="omitted"/> οἱ
              δὲ Λατῖνοι ἐγκλήματα εἰς Ῥωμαίους ἐποιοῦντο τήν τε πάρεσιν αὐτῶν τὴν ἐπὶ σφᾶς ὄντας
              ἐνσπόνδους καὶ συγγενεῖς.</p>
                     </quote>
                     <bibl>συιδ. ϝϝ. <foreign xml:lang="grc">ἔνσπονδος</foreign> ετ <foreign xml:lang="grc">πάρεσις</foreign>.</bibl>
                  </cit></div>
               </div>
         </div>
      </body>
  </text>

</TEI>
