<?xml version="1.0" encoding="UTF-8"?><?xml-model href="http://www.stoa.org/epidoc/schema/latest/tei-epidoc.rng" type="application/xml" schematypens="http://relaxng.org/ns/structure/1.0"?><TEI xmlns="http://www.tei-c.org/ns/1.0">
  <teiHeader>
    <fileDesc>
      <titleStmt>
        <title>Italy </title>
        <author n="Appian">Appian</author>
        <editor role="editor">L. Mendelssohn</editor>
        <sponsor>Perseus Project, Tufts University</sponsor>
        <principal>Gregory Crane</principal>
        <respStmt>
          <resp>Prepared under the supervision of</resp>
          <name>Lisa Cerrato</name>
          <name>William Merrill</name>
          <name>Elli Mylonas</name>
          <name>David Smith</name>
        </respStmt>
        <funder n="org:AnnCPB">The Annenberg CPB/Project</funder>
      </titleStmt>
      <publicationStmt>
        <publisher>Trustees of Tufts University</publisher>
        <pubPlace>Medford, MA</pubPlace>
        <authority>Perseus Project</authority>
      </publicationStmt>

      <sourceDesc>
        <biblStruct>
          <monogr>
            <author>Appian</author>
            <title>The Foreign Wars</title>
            <idno type="lccn">04031898</idno>
            <editor role="editor">L. Mendelssohn</editor>
            <imprint>
              <pubPlace>Leipzig</pubPlace>
              <publisher>Teubner</publisher>
              <date>1879</date>
            </imprint>
          </monogr>
          
        </biblStruct>
      </sourceDesc>
    </fileDesc>

    <encodingDesc>
      <refsDecl n="CTS">
        <cRefPattern n="fragment" matchPattern="(\w+)" replacementPattern="#xpath(/tei:TEI/tei:text/tei:body/tei:div/tei:div/tei:div[@n='$1'])">
          <p>This pointer pattern extracts fragmentary quote</p>
        </cRefPattern>
        
      </refsDecl>
      <refsDecl>
        <refState unit="text"/>
        <refState unit="section"/>
      </refsDecl>
    </encodingDesc>
    <profileDesc>
      <langUsage>
        <language ident="grc">Greek</language>
        <language ident="eng">English</language>
        <language ident="lat">Latin</language>
      </langUsage>
    </profileDesc>

    <revisionDesc>
<change when="2015-12-23" who="TDBuck">P4 to P5</change>      
<change when="2002-12-02" who="DMM"> markup</change>
<change when="2011-10-28" who="lcerrato">fixed bad bibl refs</change>
<change when="2011-01-13" who="gcrane">more refinements making these files SDL compatible</change>
<change when="2011-01-01" who="gcrane">small fixes</change>
<change when="2011-01-01" who="gcrane">common nouns have been lower cased</change>
<change when="2011-01-01" who="gcrane">Q and SP tags added</change>
<change when="2009-10-07" who="rsingh04">began reorganizing texts module by collection.  created separate work directory in texts module to keep hopper files separate from in progress files</change>
<change when="2007-01-03" who="packel">some cleanup on Numantine Affairs</change>
<change when="2005-01-18" who="packel">fixed accents/breathings on capital letters</change>
<change when="2004-08-10" who="amahoney">fix the XML files so they are valid, make the SGML obsolete so no one is confused </change>
<change when="2014-07" who="Stella Dee">split composite text and converted to unicode      </change>
<change when="2014-08-01" who="Stella Dee">edited markup</change>
    </revisionDesc>

  </teiHeader>
  <text xml:lang="grc">
    <body>
      <div xml:lang="grc" type="edition" n="urn:cts:greekLit:tlg0551.tlg003.perseus-grc2">
      <head>ἐκ τῆς Ἰταλικῆς</head>
      <div subtype="chapter" type="textpart">
        <div n="I" type="textpart" subtype="fragment"><cit>
          <quote xml:lang="grc"><p>Οὐολοῦσκοι δὲ τοῖς πταίσμασι τῶν γειτόνων οὐ καταπλαγέντες
              ἐστράτευον ἐπὶ Ῥωμαίους, καὶ ἐπολιόρκουν τοὺς αὐτῶν κληρούχους.</p></quote>
          <bibl>συιδ. ϝ. <foreign xml:lang="grc">κληροῦχον</foreign>.</bibl>
        </cit></div>
        <div n="II" type="textpart" subtype="fragment"><cit>
          <quote xml:lang="grc"><p>ὁ δὲ δῆμος τὸν Μάρκιον μετιόντα τὴν ὑπατείαν οὐκ ἐχειροτόνησεν,
              οὐ τὸν ἄνδρα ἀπαξιῶν, ἀλλὰ τὸ φρόνημα δεδιὼς αὐτοὺ.</p></quote>
          <bibl>ιδ. ϝ. <foreign xml:lang="grc">ἀπαξιῶν</foreign>.</bibl>
        </cit></div>
        <div n="III" type="textpart" subtype="fragment"><cit>
          <quote xml:lang="grc"><p>ο Μάρκιος πιμπράμενος ἐπὶ Ῥωμαίοις, φυγὴν καταδικασθείς, καὶ
              μικρὸν ἐς αὐτοὺς οὐδὲν ἐπινοῶν ἐς Οὐολούσκους ἐτράπετο.</p></quote>
          <bibl>ιδ. ϝ. <foreign xml:lang="grc">πίμπραται</foreign>.</bibl>
        </cit></div>
        <div n="IV" type="textpart" subtype="fragment"><cit>
          <quote xml:lang="grc"><p>ὅτι πατρίδα καὶ γένος ἀλλαξάμενος ἥκοι, τὸ μηδὲν ἡγησάμενος, καὶ
              τὰ τῶν Οὐολούσκων ἀντὶ τῆς πατρίδος αἱρήσεσθαι βουληθείς.</p></quote>
          <bibl>ιδ. ϝ. <foreign xml:lang="grc">ἀλλαξάμενος</foreign>.</bibl>
        </cit></div>

        <div n="V" type="textpart" subtype="fragment"><cit>
          <quote xml:lang="grc"><p><milestone n="1" unit="section"/>ὅτι τοῦ Μαρκίου φυγαδευθέντος
              καὶ ἐς Οὐολούσκους καταφυγόντος καὶ κατὰ Ῥωμαίων ἐκστρατεύσαντος καὶ τεσσαράκοντα
              σταδίους ἀποσχόντος ἀπὸ τοῦ ἄστεος καὶ στρατοπεδεύσαντος, ὁ δῆμος ἠπείλει τῇ βουλῇ
              παραδώσειν τὰ τείχη τοῖς πολεμίοις, εἰ μὴ πρεσβεύσοιντο περὶ διαλλαγῶν πρὸς Μάρκιον. ἡ
              δὲ μόλις ἐξέπεμψεν αὐτοκράτορας εἰρήνης πέρι Ῥωμαίοις πρεπούσης, οἳ προελθόντες ἐς τὸ
              Οὐολούσκων στρατόπεδον Μαρκίῳ μετὰ Οὐολούσκων ἀκροωμένῳ προύτειναν ἀμνηστίαν καὶ
              κάθοδον, εἰ καταλύσει τὸν πόλεμον, τῆς τε βουλῆς αὐτὸν ὑπεμίμνησκον ὡς οὐχ ἁμαρτούσης
              ἐς αὐτόν. ὁ δὲ πολλὰ τοῦ δήμου κατηγορήσας περὶ ὧν ἐς αὐτὸν καὶ Οὐολούσκους
              ἐξημαρτήκεσαν, ἐπηγγέλλετο ὅμως Οὐολούσκους αὐτοῖς διαλλάξειν, ἂν ἥν τε γῆν ἔχουσι
              Οὐολούσκων καὶ τὰς πόλεις ἀποδῶσι, καὶ ποιήσωνται πολίτας ὥσπερ Λατίνους. ἕως δʼ ἂν
              ἔχωσι τὰ τῶν κρατούντων οἱ κρατούμενοι, οὐχ ὁρᾶν τίνες αὐτοῖς ἔσονται διαλύσεις. ταῦτα
              μετοίσοντας ἀπέλυε τοὺς πρέσβεις, καὶ τριάκοντα ἡμέρας ἐς τὴν σκέψιν ἐδίδου. τραπεὶς
              δʼ ἐπὶ τοὺς ἄλλους Λατίνους ἑπτὰ πόλεις αὐτῶν εἷλε ταῖς τριάκοντα ἡμέραις, καὶ ἧκεν
              ἐπὶ τὰς ἀποκρίσεις.</p>
            <p><milestone n="2" unit="section"/>οἱ δὲ ἀπεκρίναντο, ἐὰν ἐκ τῆς Ῥωμαίων γῆς ἀπαγάγῃ
              τὸν στρατόν, πέμψειν τοὺς συνθησομένους αὐτῷ τὰ πρέποντα. πάλιν δʼ ἀντειπόντος ἔπεμπον
              ἑτέρους δέκα δεησομένους μηδὲν ἀνάξιον ποιεῖν τῆς πατρίδος, μηδʼ ἐξ ἐπιτάγματος ἀλλʼ
              ἑκουσίους ἐᾶν γίγνεσθαι τὰς συνθήκας, αἰδούμενόν τε τὴν πατρίδα, καὶ τὸ τῶν προγόνων
              ἀξίωμα τιμῶντα τῶν ἐς αὐτὸν οὐχ ἁμαρτόντων. ὁ δὲ τοσοῦτον αὐτοῖς ἀπεκρίνατο, τριῶν
              ἄλλων ἡμερῶν ἥκειν βουλευσαμένους τι κάλλιον. οἱ μὲν δὴ τοὺς ἱερέας ἔπεμπον, ταῖς
              ἱεραῖς ἐσθῆσιν ἐσταλμένους, ταὐτὰ τοῦ Μαρκίου δεησομένους· ὁ δὲ καὶ τούτοις ἔφη δεῖν ἢ
              τὰ κελευόμενα ποιεῖν, ἢ μηδʼ αὖ ἀφικνεῖσθαι πρὸς αὐτόν. ἐς οὖν πολιορκίαν καθίσταντο,
              καὶ τὸ τεῖχος ἐπλήρουν λίθων καὶ βελῶν ὡς ἄνωθεν ἀμυνούμενοι Μάρκιον.</p>
            <p><milestone n="3" unit="section"/>Οὐαλερία δʼ ἡ Ποπλικόλα θυγάτηρ πολλὰς ἀγομένη
              γυναῖκας ἐπί τε τὴν μητέρα τοῦ Μαρκίου Οὐετουρίαν καὶ ἐπὶ τὴν γυναῖκα Οὐολουμνίαν,
              πένθιμα ἠμφιεσμέναι πᾶσαι, καὶ τὰ παιδία ταῖς ἱκεσίαις ἐπιφέρουσαι, συνεξελθεῖν αὑταῖς
              πρὸς Μάρκιον ἠξίουν αὐτάς, καὶ δεηθῆναι φείσασθαι σφῶν τε αὐτῶν καὶ τῆς πατρίδος. αἱ
              μὲν δὴ τῆς βουλῆς ἐπιτρεπούσης ἐξῄεσαν, μόναι γυναῖκες, ἐς ἐχθρῶν στρατόπεδον· ὁ δὲ
              Μάρκιος θαυμάζων τῆς εὐτολμίας τὴν πόλιν, οἷα Ῥωμαίων ἐστὶ καὶ τὰ γύναια, προσιούσαις
              ἀπήντα, καὶ τὰς ῥάβδους καθῄρει καὶ τοὺς πελέκεας διὰ τὴν μητέρα, προσδραμών τε
              ἠσπάζετο, καὶ ἦγεν ἐπὶ τὸ συνέδριον τῶν Οὐολούσκων, καὶ λέγειν ἐκέλευσεν ὅ τι
              χρῄζοι.</p>
            <p><milestone n="4" unit="section"/>ἡ δὲ συνηδικῆσθαι μὲν ἐξελαυνομένῳ τῆς πόλεως, μήτηρ
              οὖσα, ἔφη, ὁρᾶν δʼ ὅτι Ῥωμαῖοι πολλὰ πρὸς αὐτοῦ πεπόνθασιν ἤδη καὶ τίσιν ἔτισαν
              ἱκανήν, ὧν χώρα τε τοσαύτη διέφθαρται καὶ πόλεις ἀπολώλασι πολλαί, καὶ τὸ Ῥωμαίοις
              ἔσχατον, παρακαλοῦσι καὶ πρέσβεις πέμπουσιν ὑπάτους καὶ ἱερέας καὶ μητέρα καὶ γυναῖκα,
              τό τε ἀδίκημα ἰῶνται ἀμνηστίᾳ καὶ καθόδῳ. <q>σὺ δὲ μὴ ἀνιάτῳ κακῷ τὸ κακὸν ἰῶ, μηδὲ
                συμφοραῖς ἐπιχείρει κοιναῖς αὐτοῦ τε σοῦ καὶ τῶν ἀδικούντων. ποῖ φέρων οἴσεις τὸ
                πῦρ; μετὰ τὴν χώραν ἐπὶ τὴν πόλιν; μετὰ τὴν πόλιν ἐπὶ τὴν ἑστίαν τὴν σήν; μετὰ τὴν
                ἑστίαν ἐπὶ τὰ ἱερά; δὸς χάριν, ὦ παῖ, κἀμοὶ καὶ τῇ πατρίδι παρακαλούσαις.</q> ἡ μὲν
              δὴ τοσαῦτα εἶπεν, ὁ δὲ Μάρκιος οὐκ εἴα πατρίδα καλεῖν τὴν ἐκβαλοῦσαν ἀλλὰ τὴν
              ὑποδεδεγμένην· οὐδὲν γὰρ εἶναι φίλιον, ἂν ἀδικῇ, οὐδὲ ἐχθρὸν εὖ ποιοῦν· καὶ τὸ τῶν
              παρόντων ἐκέλευεν ὁρᾶν, πίστιν τε δόντων αὐτῷ καὶ λαβόντων, καὶ πολίτην πεποιημένων
              καὶ στρατηγὸν ἀποφηνάντων καὶ τὰ ἴδια ἐπιτρεψάντων. τιμάς τε ὅσων ἠξίωτο, καὶ ὅρκους
              οὓς ὤμοσεν αὐτοῖς, ἐπεξῄει, καὶ παρεκάλει τὴν μητέρα τοὺς αὐτοὺς ἐκείνοις τίθεσθαι
              πολεμίους καὶ φίλους.</p>
            <p><milestone n="5" unit="section"/>ἡ δὲ ἔτι λέγοντος ἀγανακτήσασα καὶ τὰς χεῖρας ἐς τὸν
              οὐρανὸν ἀνασχοῦσα, θεοὺς γενεθλίους ἐμαρτύρατο δύο μὲν ἤδη πρεσβείας γυναικῶν ἀπὸ
              Ῥώμης ἐν μεγάλοις ἐστάλθαι κακοῖς, ἐπὶ Τατίου βασιλέως καὶ Γαΐου Μαρκίου, τούτοιν δὲ
              Τάτιον μέν, ὄντα ξένον καὶ ἀληθῆ πολέμιον, ἐνδοῦναι ταῖς γυναιξὶν αἰδούμενον, Μάρκιον
              δʼ ὑπερορᾶν πρεσβείας γυναικῶν τοσῶνδε, καὶ τῆς γεγαμημένης καὶ μητρὸς ἐπὶ ταύταις.
                <q>ἄλλη μὲν οὖν,</q> ἔφη, <q>μηδεμία μήτηρ, ἀτυχοῦσα παιδός, ἐς ἀνάγκην ἀφίκοιτο
                προσπεσεῖν αὐτῷ· ἐγὼ δὲ καὶ τοῦτο ὑφίσταμαι· προκυλίσομαί σου.</q> καὶ λέγουσα ἐς τὸ
              ἔδαφος ἑαυτὴν ἐρρίπτει. ὁ δὲ ἐδάκρυσέ τε καὶ ἀνεπήδα καὶ ἀντείχετο αὐτῆς, ὑπό τε τοῦ
              πάθους ἐξεφώνησε, <q>νικᾷς, ὦ μῆτερ, ἀλλὰ νίκην ἐξ ἧς τὸν υἱὸν ἀπολεῖς.</q> ταῦτα
              εἰπὼν ἀπῆγε τῆν στρατιὰν ὡς λόγον ἀποδώσων Οὐολούσκοις καὶ τὰ ἔθνη συναλλάξων· ἐλπίς
              τε ἦν ὅτι καὶ ταῦτα πείσει Οὐολούσκους. κατελεύσθη δὲ φθονούμενος παρὰ τοῦ στρατηγοῦ
              Ἀττίου.</p></quote>
          <bibl>υ. π. 335.</bibl>
        </cit></div>
        <div n="Vb" type="textpart" subtype="fragment"><cit>
          <quote xml:lang="grc"><p>ὁ δὲ Μάρκιος ἀντιλέγειν μὲν πρὸς οὐδὲ ἓν αὐτῶν ἐδικαίου.
            </p></quote>
          <bibl>συιδ. ϝ. <foreign xml:lang="grc">ἐδικαίου</foreign>.</bibl>
        </cit></div>
        <div n="VI" type="textpart" subtype="fragment"><cit>
          <quote xml:lang="grc"><p>ἐλεεινοὶ τοῦ πάθους, ἀξιέπαινοι τῆς ἀρετῆς γενόμενοι. μέγα γὰρ
              τοῦτο Ῥωμαίοις πάθος ἐγένετο καὶ πλήθους ἕνεκα καὶ ἀξιώματος εὐγενοῦς οἴκου καὶ
              πανωλεθρίας. καὶ τὴν ἡμέραν ἀποφράδα τίθενται. </p></quote>
          <bibl>συιδ. ϝϝ. <foreign xml:lang="grc">ἐλεεινός</foreign> ετ <foreign xml:lang="grc">ἀποφράδες ἡμέραι</foreign>.</bibl>
        </cit></div>

        <div n="VII" type="textpart" subtype="fragment"><cit>
          <quote xml:lang="grc"><p>τῷ δὲ στρατηγῷ στρατὸς ἦν δυσπειθὴς ὑπὸ μνησικακίας, ἐθελοκάκως
              τε ἠγωνίζοντο, καὶ ἔφευγον ἐπιδησάμενοι τὰ σώματα ὡς τετρωμένοι, καὶ τὰς σκηνὰς
              διέλυον, καὶ ἀναχωρεῖν ἐπεχείρουν, ἀπειρίαν ἐπικαλοῦντες τῷ στρατηγῷ. </p></quote>
          <bibl>ιδ. ϝ. <foreign xml:lang="grc">ἐθελοκάκως</foreign>.</bibl>
        </cit></div>
        <div n="VIII" type="textpart" subtype="fragment"><cit>
          <quote xml:lang="grc"><p><milestone n="1" unit="section"/>ὅτι σημειων γενομενων ἐκ Διὸς
              ἀηδῶν μετὰ τὴν Οὐηιεντίας ἅλωσιν, οἱ μάντεις ἔλεγον ἐκλειφθῆναί τινα πρὸς εὐσέβειαν,
              καὶ ὁ Κάμιλλος ἀνήνεγκεν ὅτι τὴν δεκάτην τῆς λείας ἐκλάθοιτο τῷ θεῷ τῷ χρήσαντι περὶ
              τῆς λίμνης ἐξελέσθαι. ἡ μὲν οὖν βουλὴ τοὺς λαβόντας ὁτιοῦν ἐκ τῆς Οὐηιέντης ἐκέλευσεν
              ἀποτιμήσασθαι καθʼ αὑτοὺς καὶ σὺν ὅρκῳ τὸ δέκατον εἰσενεγκεῖν, ὑπὸ δὲ εὐσεβείας οὐκ
              ὤκνησε καὶ τῆς γῆς ἤδη πεπραμένης, ὡς λαφύρου, τὸ δέκατον ἀναθεῖναι. κρατήρ τε ἀπὸ
              τῶνδε τῶν χρημάτων ἐν Δελφοῖς ἔκειτο χρύσεος ἐπὶ χαλκῆς βάσεως ἐν τῷ Ῥωμαίων καὶ
              Μασσαλιητῶν θησαυρῷ, μέχρι τὸν μὲν χρυσὸν Ὀνόμαρχος ἐν τῷ Φωκικῷ πολέμῳ κατεχώνευσε,
              κεῖται δʼ ἡ βάσις.</p>
            <p><milestone n="2" unit="section"/>αὐτὸν δὲ Κάμιλλον ἐν τῷ δήμῳ τις ἐδιωκεν ὡς αἴτιον
              γεγονότα τῇ πόλει φασμάτων καὶ τεράτων χαλεπῶν, καὶ ὁ δῆμος ἐκ πολλοῦ τὸν ἄνδρα
              ἀποστρεφόμενος ἐζημίωσε πεντήκοντα μυριάσιν, οὐκ ἐπικλασθεὶς οὐδʼ ὅτι πρὸ τῆς δίκης
              αὐτῷ παῖς ἐτεθνήκει. τὰ μὲν οὖν χρήματα οἱ φίλοι συνεισήνεγκαν, ἵνα μὴ ὑβρισθείη τὸ
              σῶμα τοῦ Καμίλλου· αὐτὸς δὲ βαρυθυμῶν ἐς τὴν Ἀρδεατῶν πόλιν μετῴκησεν, εὐξάμενος τὴν
              Ἀχίλλειον εὐχήν, ἐπιποθῆσαι Ῥωμαίους Κάμιλλον ἐν καιρῷ. καὶ ἀπήντησεν αὐτῷ καὶ τόδε οὐ
              πολὺ ὕστερον· Κελτῶν γὰρ τὴν πόλιν καταλαβόντων ὁ δῆμος ἐπὶ Κάμιλλον κατέφυγε καὶ
              δικτάτορα αὖθις εἵλετο, ὡς ἐν ταῖς Κελτικαῖς πράξεσι συγγέγραπται.</p></quote>
          <bibl>ϝαλ. π. 546.</bibl>
        </cit></div>
        <div n="IX" type="textpart" subtype="fragment"><cit>
          <quote xml:lang="grc"><p>ὅτι Μάρκος Μάλλιος εὐπατρίδης, Κελτῶν ἐπελθόντων τῇ Ῥώμῃ, ταύτην
              περιέσωσε καὶ τιμῶν μεγίστων ἠξιώθη. ὕστερον δὲ πρεσβύτην πολλάκις ἐστρατευμένον
              ἀγόμενον ἐς δουλείαν ὑπὸ τοῦ δανειστοῦ γνωρίσας, ἀπέδωκε τὸ χρέος ὑπὲρ αὐτοῦ, καὶ ἐπὶ
              τῷδε εὐφημούμενος πᾶσιν ἠφίει τοῖς ἑαυτοῦ χρήσταις τὰ ὀφλήματα. προϊὼν δὲ τῇ δόξῃ καὶ
              ὑπὲρ ἄλλων ἀπεδίδου. καὶ ταῖς δημοκοπίαις ἐπαιρόμενος ἐβούλευσεν ἤδη χρεῶν ἀποκοπὰς
              κοινάς, ἢ τὸν δῆμον ἠξίου τοῖς δανείσασιν ἀποδοῦναι, τὴν γῆν ἐς τοῦτο ἀποδόμενον ἔτι
              οὖσαν ἀνέμητον.</p></quote>
          <bibl>ϝαλ. π. 549.</bibl>
        </cit></div>
      </div>
      </div>
    </body>
  </text>

</TEI>