<?xml version="1.0" encoding="UTF-8"?><TEI xmlns="http://www.tei-c.org/ns/1.0">
  <teiHeader>
    <fileDesc>
      <titleStmt>
        <title>Macedonian Affairs </title>
        <author n="Appian">Appian</author>
        <editor role="editor">L. Mendelssohn</editor>
        <sponsor>Perseus Project, Tufts University</sponsor>
        <principal>Gregory Crane</principal>
        <respStmt>
          <resp>Prepared under the supervision of</resp>
          <name>Lisa Cerrato</name>
          <name>William Merrill</name>
          <name>Elli Mylonas</name>
          <name>David Smith</name>
        </respStmt>
        <funder n="org:AnnCPB">The Annenberg CPB/Project</funder>
      </titleStmt>
      <publicationStmt>
        <publisher>Trustees of Tufts University</publisher>
        <pubPlace>Medford, MA</pubPlace>
        <authority>Perseus Project</authority>
      </publicationStmt>

      <sourceDesc>
        <biblStruct>
          <monogr>
            <author>Appian</author>
            <title>The Foreign Wars</title>
            <idno type="lccn">04031898</idno>
            <editor role="editor">L. Mendelssohn</editor>
            <imprint>
              <pubPlace>Leipzig</pubPlace>
              <publisher>Teubner</publisher>
              <date>1879</date>
            </imprint>
          </monogr>
         
        </biblStruct>
      </sourceDesc>
    </fileDesc>

    <encodingDesc>
      <refsDecl n="CTS">
        <cRefPattern n="fragment" matchPattern="(\w+)" replacementPattern="#xpath(/tei:TEI/tei:text/tei:body/tei:div/tei:div/tei:div[@n='$1'])">
          <p>This pointer pattern extracts fragmentary quote</p>
        </cRefPattern>
      </refsDecl>      
      <refsDecl>
        <refState unit="text"/>
        <refState unit="section"/>
      </refsDecl>
    </encodingDesc>
    <profileDesc>
      <langUsage>
        <language ident="grc">Greek</language>
        <language ident="eng">English</language>
        <language ident="lat">Latin</language>
      </langUsage>
    </profileDesc>

    <revisionDesc>
      <!--
<change><date>6-Dec-02</date><respStmt><name>DMM</name><resp>markup</resp></respStmt>
<item>
$Log: appian.fw_gk.xml,v $
Revision 1.5  2011-10-28 15:25:27  lcerrato
fixed bad bibl refs

Revision 1.4  2011-01-13 03:38:23  gcrane
more refinements making these files SDL compatible

Revision 1.3  2011-01-01 15:50:52  gcrane
small fixes

Revision 1.2  2011-01-01 15:48:11  gcrane
common nouns have been lower cased

Revision 1.1  2011-01-01 15:35:18  gcrane
Q and SP tags added

Revision 1.1  2009/10/07 21:00:33  rsingh04
began reorganizing texts module by collection.  created separate work directory in texts module to keep hopper files separate from in progress files

Revision 1.4  2007/01/03 20:13:11  packel
some cleanup on Numantine Affairs

Revision 1.3  2005/01/18 21:25:37  packel
fixed accents/breathings on capital letters

Revision 1.2  2004/08/10 13:09:33  amahoney
fix the XML files so they are valid, make the SGML obsolete so no one is confused

</item>
</change>
<change><date>July 2014</date>
    <respStmt><name>Stella Dee</name><resp>ed.</resp></respStmt>
    <item>split composite text and converted to unicode</item>
      </change>-->
      <change when="2014-08-01" who="Stella Dee">edited markup</change>
    </revisionDesc>

  </teiHeader>
  <text xml:lang="grc">
    <body>
      <div type="edition" n="urn:cts:greekLit:tlg0551.tlg011.perseus-grc2" xml:lang="grc">
      <head>ἐκ τῆς ΜΑΚΕΔΟΝΙΚΗΣ</head>
      <div subtype="chapter" type="textpart" n="1">
        <div n="I" type="textpart" subtype="fragment"><cit>
          <quote xml:lang="grc"><p>ὅτι Ῥωμαῖοι τοῦ Φιλίππου τοῦ Μακεδόνος τοῦ πολεμήσαντος αὐτοῖς
              πέρι πάμπαν ἐπολυπραγμόνουν οὐδέν, οὐδὲ σφίσιν ἐνθύμιος ἦν ὅλως πονουμένης ἔτι τῆς
              Ἰταλίας ὑπὸ Ἀννίβου τοῦ Καρχηδονίων στρατηγοῦ, καὶ αὐτοὶ μεγάλοις στρατοῖς Λιβύην καὶ
              Καρχηδόνα καὶ Ἰβηρίαν περικαθήμενοι, καὶ καθιστάμενοι Σικελίαν. αὐτὸς δὲ Φίλιππος
              ἀρχῆς ἐπιθυμίᾳ μείζονος, οὐδέν τι προπαθών, ἔπεμπε πρὸς Ἀννίβαν ἐς τὴν Ἰταλίαν
              πρέσβεις, ὧν ἡγεῖτο Ξενοφάνης, ὑπισχνούμενος αὐτῷ συμμαχήσειν ἐπὶ τὴν Ἰταλίαν, εἰ
              κἀκεῖνος αὐτῷ σύνθοιτο κατεργάσασθαι τὴν Ἑλλάδα. συμβάντος δʼ ἐς ταῦτα τοῦ Ἀννίβου καὶ
              ἐπὶ τῇ συνθήκῃ ὀμόσαντος, πρέσβεις τε ἀντιπέμψαντος ἐπὶ τοὺς ὅρκους τοῦ Φιλίππου,
              Ῥωμαίων τριήρης ἔλαβε τοὺς ἑκατέρων πρέσβεις ἀναπλέοντας, καὶ ἐς Ῥώμην ἐκόμισεν. ἐφʼ ᾧ
              Φίλιππος ἀγανακτῶν Κερκύρᾳ προσέβαλεν, ἣ Ῥωμαίοις συνεμάχει.</p></quote>
          <bibl>υ. π. 357.</bibl>
        </cit></div>
        <div n="II" type="textpart" subtype="fragment"><cit>
          <quote xml:lang="grc"><p>ότι ἐνῆγε τοὺς Ῥωμαίους τὰ Σιβύλλεια εἰς τὸν Φιλίππου πόλεμον.
              ἔστι δὲ ταῦτα· <quote xml:lang="grc">αὐχοῦντες βασιλεῦσι Μακηδόνες Ἀργεάδῃσιν, ὑμῖν
                κοιρανέων ἀγαθὸν καὶ πῆμα Φίλιππος. ἤτοι ὁ μὲν πρότερος πόλεσιν λαοῖσί τʼ ἄνακτας
                θήσει, ὁ δʼ ὁπλότερος τιμὴν ἀπὸ πᾶσαν ὀλέσσει, δμηθεὶς δʼ ἑσπερίοισιν ὑπʼ ἀνδράσιν
                ἐνθάδʼ ὀλεῖται.</quote></p>
          </quote>
          <bibl>μαι π. 368.</bibl>
        </cit></div>
        <div n="III" type="textpart" subtype="fragment"><cit>
          <quote xml:lang="grc"><p><milestone n="1" unit="section"/>ὅτι Πτολεμαίου τοῦ βασιλεύοντος
              Αἰγύπτου πρέσβεις, καὶ σὺν αὐτοῖς ἕτεροι παρά τε Χίων καὶ Μιτυληναίων καὶ Ἀμυνάνδρου
              τοῦ Ἀθαμάνων βασιλέως, δίς, ἔνθα περ οἱ Αἰτωλοὶ τὰς πόλεις ἐπισκεψομένας ἐκάλουν,
              συνῆλθον ἐπὶ διαλλαγῇ Ῥωμαίων καὶ Αἰτωλῶν καὶ Φιλίππου. Σουλπικίου δʼ εἰπόντος οὐκ
              εἶναι κυρίου περὶ τῆς εἰρήνης τι κρῖναι, καὶ ἐς τὴν βουλὴν κρύφα ἐπιστέλλοντος ὅτι
              Ῥωμαίοις συμφέρει πολεμεῖν Αἰτωλοὺς Φιλίππῳ, ἡ μὲν βουλὴ τὰς συνθήκας ἐκώλυσε, καὶ
              τοῖς Αἰτωλοῖς ἔπεμπε συμμαχίαν πεζοὺς μυρίους καὶ ἱππέας χιλίους, μεθʼ ὧν οἱ Αἰτωλοὶ
              κατέλαβον Ἀμβρακίαν, ἣν οὐ πολὺ ὕστερον αὐτῶν Φίλιππος ἀποπλευσάντων ἀνέλαβεν. οἱ δὲ
              πρέσβεις αὖθις συνῆλθον, καὶ πολλὰ φανερῶς ἔλεγον, ὅτι Φίλιππος καὶ Αἰτωλοὶ
              διαφερόμενοι τοὺς Ἕλληνας ἐς δουλείαν Ῥωμαίοις ὑποβάλλουσιν, ἐθίζοντες αὐτοὺς τῆς
              Ἑλλάδος θαμινὰ πειρᾶσθαι. ἐφʼ οἷς ὁ μὲν Σουλπίκιος ἀντιλέξων ἀνίστατο, τὸ δὲ πλῆθος
              οὐκ ἤκουσεν, ἀλλʼ ἐκεκράγεσαν τοὺς πρέσβεις εὖ λέγειν.</p>
            <p><milestone n="2" unit="section"/>καὶ τέλος Αἰτωλοί τε πρῶτοι κατὰ σφᾶς, ἄνευ Ῥωμαίων,
              Φιλίππῳ συνέβησαν, καὶ πρέσβεις αὐτοῦ Φιλίππου καὶ Ῥωμαίων ἐπὶ διαλλαγαῖς ἀφίκοντο ἐς
              Ῥώμην. καὶ ἐγένοντο συνθῆκαι Ῥωμαίοις καὶ Φιλίππῳ, μηδετέρους ἀδικεῖν τοὺς ἑκατέρωθεν
              φίλους. ἐς μὲν δὴ τοῦτʼ ἔληξεν ἡ Φιλίππου καὶ Ῥωμαίων ἐς ἀλλήλους πεῖρα πρώτη, καὶ τὰς
              συνθήκας οὐδέτεροι βεβαίους, οὐδʼ ἀπʼ εὐνοίας, ἐδόκουν πεποιῆσθαι.</p></quote>
          <bibl>υ. π. 357.</bibl>
        </cit></div>
        <div n="IV" type="textpart" subtype="fragment"><cit>
          <quote xml:lang="grc"><p>ὅτι μετʼ οὐ πολὺ Φίλιππος μὲν τῶν ὑπηκόων τοῖς ἐπὶ θαλάσσης
              στόλον ἐπαγγείλας, Σάμον καὶ Χίον εἷλε, καὶ μέρος τῆς Ἀττάλου γῆς ἐπόρθησε, καὶ αὐτῆς
              ἀπεπείρασε Περγάμου, μὴ φειδόυενος ἱερῶν ἢ τάφων, τήν τε Ῥοδίων περαίαν ἐδῄου
              διαλλακτήρων οἱ γεγονότων, καὶ ἑτέρῳ μέρει στρατοῦ τὴν Ἀττικὴν ἐλυμαίνετο καὶ τὰς
              Ἀθήνας ἐπολιόρκει, ὡς οὐδὲν τῶνδε Ῥωμαίοις προσηκόντων. λόγος τε ἦν ὅτι Φίλιππος καὶ
              Ἀντίοχος ὁ Σύρων βασιλεὺς ὑπόσχοιντο ἀλλήλοις, Ἀντιόχῳ μὲν ὁ Φίλιππος συστρατεύσειν
              ἐπί τε Αἴγυπτον καὶ ἐπὶ Κύπρον, ὧν τότε ἦρχεν ἔτι παῖς ὢν Πτολεμαῖος ὁ τέταρτος, ᾧ
              φιλοπάτωρ ἐπώνυμον ἦν, Φιλίππῳ δʼ Ἀντίοχος ἐπὶ Κυρήνην καὶ τὰς Κυκλάδας νήσους καὶ
              Ἰωνίαν.</p>
            <p>καὶ τήνδε τὴν δόξαν, ἐκταράσσουσαν ἅπαντας Ῥόδιοι μὲν Ῥωμαίοις ἐμήνυσαν, ἐπὶ δὲ τοῖς
              Ῥοδίων Ἀθηναίων πρέσβεις ᾐτιῶντο Φίλιππον τῆς πολιορκίας. καὶ Αἰτωλοὶ μεταγιγνώσκοντες
              κατηγόρουν ὡς καὶ περὶ σφᾶς ἀπίστου γεγονότος, ἠξίουν τε αὖθις ἐς τοὺς Ῥωμαίων
              συμμάχους ἐγγραφῆναι. Ῥωμαῖοι δʼ Αἰτωλοῖς ἐμέμψαντο τῆς οὐ πρὸ πολλοῦ μεταβολῆς,
              πρέσβεις δʼ ἐς τοὺς βασιλέας ἔπεμπον, οἳ προηγόρευον αὐτοῖς Ἀντίοχον μὲν Αἰγύπτῳ μὴ
              ἐπιχειρεῖν, Φίλιππον δὲ μηδὲν ἐς Ῥοδίους ἢ Ἀθηναίους ἢ Ἄτταλον ἢ ἐς ἄλλον τινὰ Ῥωμαίων
              φίλον ἁμαρτάνειν. τούτοις ὁ Φίλιππος ἀπεκρίνατο Ῥωμαίοις ἕξειν καλῶς, ἂν ἐμμένωσιν ᾗ
              συνέθεντο πρὸς αὐτὸν εἰρήνῃ. οὕτω μὲν αἱ γενόμεναι σπονδαὶ ἐλέλυντο, καὶ στρατιὰ
              Ῥωμαίων ἐς τὴν Ἑλλάδα ἠπείγετο, στρατηγοῦντος Ποπλίου καὶ ναυαρχοῦντος
            Λευκίου.</p></quote>
          <bibl>υ. π. 358.</bibl>
        </cit></div>
        <div n="V" type="textpart" subtype="fragment"><cit>
          <quote xml:lang="grc"><p>ὅτι ὁ Φίλιππος ὁ Μακεδόνων βασιλεὺς τῷ Φλαμινίνῳ <gap reason="lost"/> σητει,
              συναγόντων αὐτοὺς Ἠπειρωτῶν πρέσβεων. ὡς δὲ ὁ Φλαμινῖνος Φίλιππον ἐκέλευσεν ἐκστῆναι
              τῆς Ἑλλάδος οὐ Ῥωμαίοις ἀλλὰ ταῖς πόλεσιν αὐταῖς, καὶ τὰς βλάβας ταῖς προειρημέναις
              ἀποδοθῆναι, ὁ μὲν Φίλιππος τὰ μὲν <gap reason="lost"/>
            </p></quote>
          <bibl>μαι π. 368.</bibl>
        </cit></div>
        <div n="VI" type="textpart" subtype="fragment"><cit>
          <quote xml:lang="grc"><p>ποιμὴν ὑπέσχετο στρατὸν εὔζωνον ἄξειν ὁδὸν ἀτριβῆ τρισὶν
              ἡμέραις.</p></quote>
          <bibl>συιδ. ϝ. <foreign xml:lang="grc">εὔζωνοι</foreign>.</bibl>
        </cit></div>
        <div n="VII" type="textpart" subtype="fragment"><cit>
          <quote xml:lang="grc"><p>ὅτι Λεύκιος Κοΐντιος ἐς τὸν τῶν Ἀχαιῶν σύλλογον ἀπέστειλε
              πρέσβεις, οἳ μετὰ Ἀθηναίων καὶ Ῥοδίων ἔπειθον αὐτοὺς μεταθέσθαι πρὸς σφᾶς ἀπὸ τοῦ
              Φιλίππου, διεπρεσβεύετο δὲ καὶ Φίλιππος αἰτῶν βοήθειαν ὡς συμμάχους. οἱ δὲ
              ἐνοχλούμενοι μὲν οἰκείῳ καὶ γείτονι πολέμῳ Νάβιδος τοῦ Λακεδαιμονίων τυράννου,
              διεστῶτες δὲ ταῖς γνώμαις ἠπόρουν, καὶ οἱ πλείονες ᾑροῦντο τὰ Φιλίππου καὶ
              ἀπεστρέφοντο Ῥωμαίους διά τινα ἐς τὴν Ἑλλάδα Σουλπικίου τοῦ στρατηγοῦ παρανομήματα.
              ἐγκειμένων δὲ βιαίως τῶν ῥωμαϊζόντων, οἱ πολλοὶ τῆς ἐκκλησίας ἀπεχώρουν
              δυσχεραίνοντες, καὶ οἱ λοιποὶ διὰ τὴν ὀλιγότητα ἐκβιασθέντες συνέθεντο τῷ Λευκίῳ, καὶ
              εὐθὺς ἠκολούθουν ἐπὶ Κόρινθον μηχανήματα φέροντες.</p></quote>
          <bibl>υ. π. 359.</bibl>
        </cit></div>
        <div n="VIII" type="textpart" subtype="fragment"><cit>
          <quote xml:lang="grc"><p>ὅτι Φλαμινῖνος αὖθις συνῆλθεν ἐς λόγους Φιλίππῳ κατὰ τὸν Μηλιέα
              κόλπον, ἔνθα κατηγορούντων τοῦ Φιλίππου Ῥοδίων καὶ Αἰτωλῶν καὶ Ἀμυνάνδρου τοῦ Ἀθαμᾶνος
              ἐκέλευσε Φίλιππον ἐξάγειν τὰς φρουρὰς ἐκ Φωκίδος, καὶ πρέσβεις ἐς Ῥώμην ἀμφοτέρους
              ἀποστεῖλαι. γενομένων δὲ τούτων, οἱ μὲν Ἕλληνες ἐν τῇ βουλῇ τῇ Ῥωμαίων ἠξίουν τὸν
              Φίλιππον ἐξαγαγεῖν ἐκ τῆς Ἑλλάδος τὰς τρεῖς φρουρὰς ἃς αὐτὸς πέδας ἐκάλει τῆς Ἑλλάδος,
              τὴν μὲν ἐν Χαλκίδι· Βοιωτοῖς καὶ Εὐβοεῦσι καὶ Λοκροῖς ἐπικειμένην, τὴν δὲ ἐν Κορίνθῳ
              καθάπερ πύλαις τὴν Πελοπόννησον ἀποκλείουσαν, καὶ τρίτην ἐν Δημητριάδι τὴν Αἰτωλοῖς
              καὶ Μάγνησιν ἐφεδρεύουσαν· ἡ δὲ βουλὴ τοὺς Φιλίππου πρέσβεις ἤρετο τί φρονοίη περὶ
              τῶνδε τῶν φρουρῶν ὁ βασιλεύς, ἀποκριναμένων δὲ ἀγνοεῖν, Φλαμινῖνον ἔφη κρινεῖν, καὶ
              πράξειν ὅ τι ἂν δίκαιον ἡγῆται. οὕτω μὲν οἱ πρέσβεις ἐκ Ῥώμης ἐπανῄεσαν, Φλαμινῖνος δὲ
              καὶ Φίλιππος ἐς οὐδὲν συμβαίνοντες ἀλλήλοις αὖθις ἐς πόλεμον καθίσταντο.</p></quote>
          <bibl>υ. π. 360.</bibl>
        </cit></div>
        <div n="IX" type="textpart" subtype="fragment"><cit>
          <quote xml:lang="grc"><p><milestone n="1" unit="section"/>ὅτι ἡττηθεὶς πάλιν ὁ Φίλιππος
              περὶ συμβάσεων ἐπεκηρυκεύετο πρὸς Φλαμινῖνον, ὁ δʼ αὖθις αὐτῷ συνελθεῖν ἐς λόγους
              συνεχώρει, πολλὰ μὲν τῶν Αἰτωλῶν δυσχεραινόντων, καὶ διαβαλλόντων αὐτὸν ἐς δωροδοκίαν,
              καὶ καταγιγνωσκόντων τῆς ἐς ἅπαντα εὐχεροῦς μεταβολῆς, ἡγούμενος δʼ οὔτε Ῥωμαίοις
              συμφέρειν οὔτε τοῖς Ἕλλησι Φιλίππου καθαιρεθέντος ἐπιπολάσαι τὴν Αἰτωλῶν βίαν. τάχα δʼ
              αὐτὸν καὶ τὸ παράδοξον τῆς νίκης ἀγαπᾶν ἐποίει. συνθέμενος δὲ χωρίον οἷ τὸν Φίλιππον
              ἐπελθεῖν ἔδει τοὺς συμμάχους ἐκέλευσε γνώμην προαποφήνασθαι κατὰ πόλεις. τὰ μὲν δὴ
              παρὰ τῶν ἄλλων φιλάνθρωπα ἦν, τό τε τῆς τύχης ἄδηλον ἐξ ὧν ἔπαθεν ὁ Φίλιππος
              ὑφορωμένων, καὶ τὸ πταῖσμα τοῦτο οὐ κατʼ ἀσθένειαν ἀλλὰ πλέον ἐκ συντυχίας αὐτὸν
              παθεῖν ἡγουμένων· Ἀλέξανδρος δὲ ὁ τῶν Αἰτωλῶν πρόεδρος ἀγνοεῖν ἔφη τὸν Φλαμινῖνον ὅτι
              μηδὲν ἄλλο μήτε Ῥωμαίοις μήθʼ Ἕλλησι συνοίσει πλὴν ἐξαιρεθῆναι τὴν ἀρχὴν τὴν
              Φιλίππου.</p>
            <p><milestone n="2" unit="section"/>ὁ δὲ Ἀλέξανδρον ἀγνοεῖν ἔφη τὴν Ῥωμαιων φύσιν, οἳ
              οὐδένα πω τῶν ἐχθρῶν εὐθὺς ἀπʼ ἀρχῆς ἀνέτρεψαν, ἀλλὰ πολλῶν ἐς αὐτοὺς ἁμαρτόντων, καὶ
              Καρχηδονίων ἔναγχος, ἐφείσαντο, τὰ σφέτερα αὐτοῖς ἀποδόντες καὶ φίλους ποιησάμενοι
              τους ἠδικηκότας. <q>ἀγνοεῖς δʼ,</q> ἔφη, <q>καὶ τοῦθʼ, ὅτι τοῖς Ἕλλησιν ἔθνη πολλά,
                ὅσα βάρβαρα τὴν Μακεδονίαν περικάθηται, εἴ τις ἐξέλοι τοὺς Μακεδόνων βασιλέας,
                ἐπιδραμεῖται ῥᾳδίως. ὅθεν ἐγὼ δοκιμάζω τὴν μὲν ἀρχὴν ἐᾶν τῶν Μακεδόνων προπολεμεῖν
                ὑμῶν πρὸς τοὺς βαρβάρους, Φίλιππον δὲ ἐκστῆναι τοῖς Ἕλλησιν ὧν πρότερον ἀντέλεγε
                χωρίων, καὶ Ῥωμαίοις ἐς τὴν τοῦ πολέμου δαπάνην ἐσενεγκεῖν τάλαντα διακόσια, ὅμηρά
                τε δοῦναι τὰ ἀξιολογώτατα καὶ τὸν υἱὸν αὐτοῦ Δημήτριον, μέχρι δὲ ταῦθʼ ἡ σύγκλητος
                ἐπικυρώσει, τετραμήνους ἀνοχὰς γενέσθαι.</q></p>
            <p><milestone n="3" unit="section"/>δεξαμένου δὲ πάντα τοῦ Φιλίππου, τὴν μὲν εἰρήνην ἡ
              βουλὴ μαθοῦσα ἐπεκύρωσε, τὰς δὲ προτάσεις τὰς Φλαμινίνου σμικρύνασα καὶ φαυλίσασα,
              ἐκέλευσε τὰς πόλεις ὅσαι ἦσαν Ἑλληνίδες ὑπὸ Φιλίππῳ, πάσας ἐλευθέρας εἶναι, καὶ τὰς
              φρουρὰς ἀπʼ αὐτῶν Φίλιππον ἐξαγαγεῖν πρὸ τῶν ἐπιόντων Ἰσθμίων, ναῦς τε ὅσας ἔχει,
              χωρὶς ἑξήρους μιᾶς καὶ σκαφῶν πέντε καταφράκτων, παραδοῦναι τῷ Φλαμινίνῳ, καὶ ἀργυρίου
              τάλαντα Ῥωμαίοις ἐσενεγκεῖν πεντακόσια μὲν αὐτίκα πεντακόσια δὲ ἔτεσι δέκα, ἑκάστου τὸ
              μέρος ἔτους ἐς Ῥώμην ἀναφέροντα, ἀποδοῦναι δὲ καὶ αἰχμάλωτα καὶ αὐτόμολα αὐτῶν ὅσα
              ἔχοι. τάδε μὲν ἡ βουλὴ προσέθηκε, καὶ Φίλιππος ἐδέξατο ἅπαντα· ᾧ καὶ μάλιστα ἡ
              σμικρολογία Φλαμινίνου καταφανὴς ἐγένετο. συμβούλους δʼ ἔπεμπον αὐτῷ, καθάπερ εἰώθεσαν
              ἐπὶ τοῖς λήγουσι πολέμοις, δέκα ἄνδρας, μεθʼ ὧν αὐτὸν ἔδει τὰ εἰλημμένα
              καθίστασθαι.</p>
            <p><milestone n="4" unit="section"/>καὶ τάδε μὲν διετίθετο σὺν ἐκείνοις, αὐτὸς δʼ ἐς τὸν
              τῶν Ἰσθμίων ἀγῶνα ἐπελθών, πληθύοντος τοῦ σταδίου, σιωπήν τε ἐσήμηνεν ὑπὸ σάλπιγγι,
              καὶ τὸν κήρυκα ἀνειπεῖν ἐκέλευσεν· <q>ὁ δῆμος ὁ Ῥωμαίων καὶ ἡ σύγκλητος καὶ Φλαμινῖνος
                ὁ στρατηγός, Μακεδόνας καὶ βασιλέα Φίλιππον ἐκπολεμήσαντες, ἀφιᾶσι τὴν Ἑλλάδα
                ἀφρούρητον ἀφορολόγητον ἰδίοις ἤθεσι καὶ νόμοις χρῆσθαι.</q> πολλῆς δʼ ἐπὶ τούτῳ
              βοῆς καὶ χαρᾶς γενομένης θόρυβος ἥδιστος ἦν, ἑτέρων μεθʼ ἑτέρους τὸν κήρυκα καὶ παρὰ
              σφᾶς ἀνειπεῖν μετακαλούντων. στεφάνους τε καὶ ταινίας ἐπέβαλλον τῷ στρατηγῷ, καὶ
              ἀνδριάντας ἐψηφίζοντο κατὰ πόλεις. πρέσβεις τε μετὰ χρυσῶν στεφάνων ἔπεμπον ἐς τὸ
              Καπιτώλιον, οἳ χάριν ὡμολόγουν, καὶ ἐς τοὺς Ῥωμαίων συμμάχους ἀνεγράφοντο. καὶ
              δεύτερος ὅδε πόλεμος Ῥωμαίοις τε καὶ Φιλίππῳ ἐς τοῦτο ἐτελεύτα.</p>
            <p><milestone n="5" unit="section"/>οὐ πολὺ δὲ ὕστερον καὶ συνεμάχησε Ῥωμαίοις ὁ
              Φίλιππος ἐν τῇ Ἑλλάδι κατʼ Ἀντιόχου βασιλέως, περῶντάς τε ἐπὶ Ἀντίοχον ἐς τὴν Ἀσίαν
              διὰ Θρᾴκης καὶ Μακεδονίας ὁδὸν οὐκ εὐμαρῆ παρέπεμπεν οἰκείοις τέλεσι καὶ τροφαῖς,
              ὁδοποιῶν καὶ ποταμοὺς δυσπόρους ζευγνὺς καὶ τοὺς ἐπικειμένους Θρᾷκας διακόπτων, ἕως
              ἐπὶ τὸν Ἑλλήσποντον ἤγαγεν. ἐφʼ οἷς ἡ μὲν βουλὴ τὸν υἱὸν αὐτῷ Δημήτριον παρὰ σφίσιν
              ὁμηρεύοντα ἀπέλυσε, καὶ τῶν χρημάτων ἀφῆκεν ὧν ἔτι ὤφειλεν· οἱ δὲ Θρᾷκες οἵδε Ῥωμαίους
              ἀπὸ τῆς ἐπʼ Ἀντιόχῳ νίκης, ἐπανιόντας, οὐκέτι Φιλίππου παρόντος, τήν τε λείαν
              ἀφείλοντο καὶ πολλοὺς διέφθειραν, ᾧ καὶ μάλιστα ἐπεδείχθη ὅσον αὐτοὺς ἀνιόντας ὤνησεν
              ὁ Φίλιππος.</p>
            <p><milestone n="6" unit="section"/>Ἐκτελεσθέντος δὲ τοῦ κατʼ Ἀντιόχου πολέμου πολλοὶ
              κατηγόρουν τοῦ Φιλίππου, τὰ μὲν ἀδικεῖν αὐτόν, τὰ δὲ οὐ ποιεῖν ὧν ὥρισε Φλαμινῖνος,
              ὅτε διετίθετο τὴν Ἑλλάδα. καὶ Δημήτριος ἐς ἀντιλογίαν ἐπρέσβευεν ὑπὲρ αὐτοῦ,
              κεχαρισμένος μὲν ἔκπαλαι Ῥωμαίοις ἀπὸ τῆς ὁμηρείας, Φλαμινίνου δὲ αὐτὸν τῇ βουλῇ
              γνωρίζοντος ἰσχυρῶς. νεώτερον δʼ ὄντα καὶ θορυβούμενον ἐκέλευσαν τὰ τοῦ πατρὸς
              ὑπομνήματα ἀναγνῶναι, ἐν οἷς ἦν ἐφʼ ἑκάστου, τὰ μὲν ἤδη γεγονέναι, τὰ δὲ γενήσεσθαι,
              καίπερ ἀδίκως ὡρισμένα· καὶ γὰρ τοῦτο προσέκειτο πολλοῖς. ἡ δὲ βουλὴ τὴν ὑπόγυον αὐτοῦ
              ἐς Ἀντίοχον προθυμίαν αἰδουμένη, συγγιγνώσκειν τε ἔφη, καὶ προσεπεῖπε διὰ Δημήτριον. ὁ
              δʼ ὁμολογουμένως αὐτοῖς ἐς τὸν Ἀντιόχου πόλεμον χρησιμώτατός τε γεγονώς, καὶ
              βλαβερώτατος ἂν φανεὶς εἰ Ἀντιόχῳ παρακαλοῦντι συνέπραξε, πολλὰ ἐλπίσας ἐπὶ τῷδε, καὶ
              ὁρῶν αὑτὸν ἀπιστούμενον καὶ κατηγορούμενον καὶ συγγνώμης ἀντὶ χαρίτων ἀξιούμενον, καὶ
              τῆσδε διὰ Δημήτριον, ἤχθετο καὶ ἠγανάκτει, καὶ ἐπέκρυπτεν ἄμφω. ὡς δὲ καὶ ἐν δίκῃ τινὶ
              Ῥωμαῖοι πολλὰ τῶν Φιλίππου πρὸς Εὐμένη μετέφερον, ἀσθενοποιοῦντες ἀεὶ τὸν Φίλιππον, ἐς
              πόλεμον ἤδη λανθάνων ἡτοιμάζετο.</p></quote>
          <bibl>ιδ. ιβ.</bibl>
        </cit></div>
        <div n="X" type="textpart" subtype="fragment"><cit>
          <quote xml:lang="grc"><p>ὁ δὲ Φίλιππος τοὺς ἐπιπλέοντας διέφθειρεν, ἵνα μὴ Ῥωμαίοις
              λέγοιεν τὰ Μακεδόνων ἐκτετρῦσθαι.</p></quote>
          <bibl>συιδ. ϝ. <foreign xml:lang="grc">τετρῦσθαι</foreign>.</bibl>
        </cit></div>
        <div n="XI" type="textpart" subtype="fragment"><cit>
          <quote xml:lang="grc"><p><milestone n="1" unit="section"/>ὅτι Ῥωμαῖοι ταχέως αὐξανόμενον
              τὸν Περσέα ὑφεωρῶντο· καὶ μάλιστα αὐτοὺς ἠρέθιζεν ἡ τῶν Ἑλλήνων φιλία καὶ γειτνίασις,
              οἷς ἔχθος ἐς Ῥωμαίους ἐπεποιήκεσαν οἱ Ῥωμαίων στρατηγοί. ὡς δὲ καὶ οἱ πρέσβεις οἱ ἐς
              Βαστέρνας ἀπεσταλμένοι τὴν Μακεδονίαν ἔφασκον ἰδεῖν ἀσφαλῶς ὠχυρωμένην καὶ παρασκευὴν
              ἱκανὴν καὶ νεότητα γεγυμνασμένην, Ῥωμαίους καὶ τάδε διετάρασσεν. αἰσθόμενος δʼ ὁ
              Περσεὺς ἑτέρους ἔπεμπε πρέσβεις, τὴν ὑπόνοιαν ἐκλύων. ἐν δὲ τούτῳ καὶ Εὐμένης ὁ τῆς
              περὶ τὸ Πέργαμον Ἀσίας βασιλεύς, ἀπὸ τῆς πρὸς Φίλιππον ἔχθρας δεδιὼς Περσέα ἧκεν ἐς
              Ῥώμην, καὶ κατηγόρει φανερῶς αὐτοῦ, παρελθὼν ἐς τὸ βουλευτήριον, ὅτι Ῥωμαίοις δυσμενὴς
              γένοιτο ἀεί, καὶ τὸν ἀδελφὸν οἰκείως ἐς αὐτοὺς ἔχοντα ἀνέλοι, καὶ Φιλίππῳ τε
              παρασκευὴν τοσήνδε κατʼ αὐτῶν συναγαγόντι συμπράξειε, καὶ βασιλεὺς γενόμενος οὐδὲν
              ἐκλύσειεν αὐτῆς ἀλλὰ καὶ προσεξεργάσαιτο ἕτερα, καὶ τὴν Ἑλλάδα ἀμέτρως θεραπεύοι,
              Βυζαντίοις τε καὶ Αἰτωλοῖς καὶ Βοιωτοῖς συμμαχήσας, καὶ Θρᾴκην κατακτῷτο, μέγα
              ὁρμητήριον, καὶ Θετταλοὺς καὶ Περραιβοὺς διαστασιάσειε βουλομένους τι πρεσβεῦσαι πρὸς
              ὑμᾶς.</p>
            <p/><milestone n="2" unit="section"/><p><q>καὶ τῶν ὑμετέρων,</q> ἔφη, <q>φίλων καὶ
                συμμάχων Ἀβρούπολιν μὲν ἀφῄρηται τὴν ἀρχήν, Ἀρθέταυρον δʼ ἐν Ἰλλυριοῖς δυνάστην καὶ
                ἔκτεινεν ἐπιβουλεύσας, καὶ τοὺς ἐργασαμένους ὑποδέδεκται.</q> διέβαλλε δʼ αὐτοῦ καὶ
              τὰς ἐπιγαμίας βασιλικὰς ἄμφω γενομένας, καὶ τὰς νυμφαγωγίας ὅλῳ τῷ Ῥοδίων στόλῳ
              παραπεμφθείσας. ἔγκλημα δʼ ἐποίει καὶ τὴν ἐπιμέλειαν αὐτοῦ καὶ τὸ νηφάλιον τῆς
              διαίτης, ὄντος οὕτω νέου, καὶ ὅτι πρὸς πολλῶν ὀξέως ἐν ὀλίγῳ ἀγαπῷτο καὶ ἐπαινοῖτο.
              ζήλου τε καὶ φθόνου καὶ δέους μᾶλλον ἢ ἐγκλημάτων οὐδὲν ὁ Εὐμένης ἀπολιπών, ἐκέλευε
              τὴν σύγκλητον ὑφορᾶσθαι νέον ἐχθρὸν εὐδοκιμοῦντα καὶ γειτονεύοντα.</p>
            <p/><milestone n="3" unit="section"/><p>ἡ δʼ ἔργῳ μὲν οὐκ ἀξιοῦσα βασιλέα σώφρονα καὶ
              φιλόπονον καὶ ἐς πολλοὺς φιλάνθρωπον, ἀθρόως οὕτως ἐπαιρόμενον καὶ πατρικὸν ὄντα
              σφίσιν ἐχθρόν, ἐν πλευραῖς ἔχειν, λόγῳ δʼ ἃ προύτεινεν ὁ Εὐμένης αἰτιωμένη, πολεμεῖν
              ἔκρινε τῷ Περσεῖ. καὶ τοῦτʼ ἀπόρρητον ἔτι ἐν σφίσιν αὐτοῖς ποιούμενοι, Ἅρπαλόν τε
              πεμφθέντα παρὰ Περσέως ἐς ἀντιλογίαν Εὐμένους, καὶ Ῥοδίων τινὰ πρεσβευτήν, βουλομένους
              ἐς ὄψιν τὸν Εὐμένη διελέγχειν, παρόντος μὲν ἔτι τοῦ Εὐμένους οὐ προσήκαντο,
              μεταστάντος δὲ ἐδέξαντο. καὶ οἱ μὲν ἐπὶ τῷδε πρῶτον ἀγανακτοῦντές τε καὶ παρρησίᾳ
              χρώμενοι πλέον πολεμεῖν βουλομένους ἤδη Ῥωμαίους Περσεῖ καὶ Ῥοδίοις μᾶλλον ἐξηγρίωσαν·
              τῶν δὲ βουλευτῶν πολλοὶ τὸν Εὐμένη διʼ αἰτίας εἶχον ὑπὸ φθόνου καὶ δέους αἴτιον
              τοσοῦδε πολέμου γενόμενον. καὶ Ῥόδιοι τὴν θεωρίαν αὐτοῦ, μόνου βασιλέων, ἐς τὴν ἑορτὴν
              τοῦ Ἡλίου πεμπομένην οὐκ ἐδέξαντο.</p>
            <p/><milestone n="4" unit="section"/><p>αὐτὸς δʼ ἐς τὴν Ἀσίαν ἐπανιὼν ἐκ Κίρρας ἐς
              Δελφοὺς ἀνέβαινε θύσων, καὶ αὐτῷ τέσσαρες ἄνδρες ὑπὸ τὸ τειχίον ὑποστάντες
              ἐπεβούλευον. καὶ ἄλλας δέ τινας αἰτίας οἱ Ῥωμαῖοι ἐς τὸν Περσέως πόλεμον ὡς οὔπω
              κεκριμένον προσελάμβανον, καὶ πρέσβεις ἐς τοὺς φίλους βασιλέας, Εὐμένη καὶ Ἀντίοχον
              καὶ Ἀριαράθην καὶ Μασσανάσσην καὶ Πτολεμαῖον τὸν Αἰγύπτου, περιέπεμπον, ἑτέρους δʼ ἐς
              τὴν Ἑλλάδα καὶ Θεσσαλίαν καὶ Ἤπειρον καὶ Ἀκαρνανίαν, καὶ ἐς τὰς νήσους, ὅσας δύναιντο
              προσαγαγέσθαι· ὃ καὶ μάλιστα τοὺς Ἕλληνας ἐτάραττεν, ἡδομένους μὲν τῷ Περσεῖ φιλέλληνι
              ὄντι, ἀναγκαζομένους δʼ ἐνίους Ῥωμαίοις ἐς συμβάσεις χωρεῖν.</p>
            <p/><milestone n="5" unit="section"/><p>ὧν ὁ Περσεὺς αἰσθόμενος ἔπεμπεν ἐς Ῥώμην, ἀπορῶν
              τε καὶ πυνθανόμενος τί παθόντες ἐκλήθονται τῶν συγκειμένων καὶ πρέσβεις κατʼ αὐτοῦ
              περιπέμπουσιν ὄντος φίλου, δέον, εἰ καί τι μέμφονται, λόγῳ διακριθῆναι. οἱ δʼ
              ἐνεκάλουν ὅσα Εὐμένης εἴποι καὶ πάθοι, καὶ μάλιστα ὅτι Θρᾴκην κατακτῷτο, καὶ στρατιὰν
              ἔχοι καὶ παρασκευὴν οὐκ ἠρεμήσοντος ἀνδρός. ὁ δʼ αὖθις ἔπεμπεν ἑτέρους, οἳ ἐς τὸ
              βουλευτήριον ἀπαχθέντες ἔλεγον ὧδε·</p>
            <sp>
              <p>τοῖς μὲν προφάσεως ἐς πόλεμον, ὦ Ῥωμαῖοι, δεομένοις ἱκανὰ πάντα ἐς τὴν πρόφασιν
                ἐστίν. εἰ δʼ αἰδεῖσθε συνθήκας οἱ πολὺν ἀξιοῦντες αὐτῶν λόγον ἔχειν, τί παθόντες ὑπὸ
                Περσέως αἴρεσθε πόλεμον; οὐ γὰρ ὅτι στρατιὰν ἔχει καὶ παρασκευήν. οὐ γὰρ ἔχει ταῦτα
                καθʼ ὑμῶν. οὐδὲ τοὺς ἄλλους κεκτῆσθαι βασιλέας κωλύετε· οὐδʼ ἄδικον ἀσφαλῶς ἔχειν ἐς
                τοὺς ἀρχομένους καὶ τὰ περίοικα, καὶ εἴ τις ἔξωθεν ἐπιβουλεύοι. πρὸς δὲ ὑμᾶς, ὦ
                ἄνδρες Ῥωμαῖοι, ὑπὲρ τῆς εἰρήνης ἐπρέσβευσε καὶ τὰς συνθήκας ἔναγχος
                ἀνεκαίνισεν.</p>
              <p/>
              <milestone n="6" unit="section"/>
              <p>ἀλλʼ Ἀβρούπολιν ἐξέβαλε τῆς ἀρχῆς. ἐπιδραμόντα γε τοῖς ἡμετέροις ἀμυνόμενος. καὶ
                τοῦτʼ αὐτὸς ὑμῖν ἐδήλωσε Περσεύς, καὶ τὰς συνθήκας αὐτῷ μετὰ τοῦτο ἀνενεώσασθε, οὔπω
                διαβάλλοντος Εὐμένους. τὸ μὲν δὴ περὶ Ἀβρούπολιν καὶ πρεσβύτερόν ἐστι τῶν συνθηκῶν,
                καὶ παρʼ ὑμῖν, ὅτε συνετίθεσθε, δίκαιον ἐφάνη. Δόλοψι γὰρ ἐπεστράτευσεν οὖσι τῆς
                ἰδίας ἀρχῆς, καὶ δεινὸν εἰ τῶν ἑαυτοῦ λογισμὸν ὑμῖν ὀφλήσει. δίδωσι δʼ ὅμως, περὶ
                πολλοῦ ποιούμενος ὑμᾶς τε καὶ δόξαν ἀγαθήν. ἔκτειναν δʼ οἱ Δόλοπες οἵδε τὸν
                ἡγούμενον αὐτῶν αἰκισάμενοι, καὶ ζητεῖ Περσεὺς τί ἂν ὑμεῖς ἐδράσατε τοὺς ὑπηκόους
                τοιαῦτα πράξαντας. ἀλλʼ Ἀρθέταυρόν τινες ἀνελοντες ἐν Μακεδονίᾳ διέτριβον. κοινῷ γε
                πάντων ἀνθρώπων νόμῳ, καθὰ καὶ ὑμεῖς τοὺς ἑτέρωθεν φεύγοντας ὑποδέχεσθε. μαθὼν δὲ
                καὶ τοῦθʼ ὅτι ἔγκλημα ποιεῖσθε, ἐξεκήρυξεν αὐτοὺς τῆς ἀρχῆς ὅλης.</p>
              <p/>
              <milestone n="7" unit="section"/>
              <p>Βυζαντίοις δὲ καὶ Αἰτωλοῖς καὶ Βοιωτοῖς οὐ καθʼ ὑμῶν ἀλλὰ καθʼ ἑτέρων συνεμάχησεν.
                καὶ ταῦτα πάλαι ὑμῖν ἡμέτεποι πρέσβεις ἐμήνυον, καὶ οὐκ ἐμέμφεσθε μέχρι τῆς Εὐμένους
                διαβολῆς, ἣν οὐκ εἰάσατε τοὺς ἡμετέρους πρέσβεις ἐς ὄψιν αὐτὸν ἐλέγξαι. ἀλλὰ τὴν
                ἐπιβουλὴν τὴν ἐν Δελφοῖς αὐτῷ γενομένην προσγράφετε Περσεῖ, πόσων Ἑλλήνων, πόσων δὲ
                βαρβάρων κατʼ Εὐμένους πρεσβευσάντων πρὸς ὑμᾶς οἷς πᾶσιν ἐχθρός ἐστι τοιοῦτος ὤν.
                Ἐρέννιον δὲ τὸν ἐν Βρεντεσίῳ τίς ἂν πιστεύσειεν ὅτι Περσεύς, Ῥωμαῖον ὄντα καὶ φίλον
                ὑμέτερον καὶ πρόξενον, εἴληφεν ἐπὶ τὴν τῆς βουλῆς φαρμακείαν, ὡς ἀναλῶσαι τὴν
                σύγκλητον διʼ αὐτοῦ δυνάμενος, ἢ τοὺς ὑπολοίπους εὐμενεστέρους ἕξων διὰ τοὺς
                ἀναιρουμένους; ἀλλʼ Ἐρέννιος μὲν ἐψεύσατο τοῖς ἐπιτρίβουσιν ἐς τὸν πόλεμον ὑμᾶς
                πρόφασιν εὐσχήμονα διδούς, Εὐμένης δʼ ὑπʼ ἔχθρας τε καὶ φθόνου καὶ δέους οὐδὲ ταῦτʼ
                ὤκνησεν ἐγκαλέσαι Περσεῖ, ὅτι πολλοῖς ἔθνεσι κεχαρισμένος καὶ φιλέλλην, καὶ σωφρόνως
                ἀντὶ μέθης καὶ τρυφῆς ἄρχει. καὶ ταῦθʼ ὑμεῖς αὐτοῦ λέγοντος ὑπέστητε
                ἀκροάσασθαι.</p>
              <p/>
              <milestone n="8" unit="section"/>
              <p>τοιγάρτοι τὴν ἐκείνου διαβολὴν αὔξετε καθʼ ὑμῶν ὡς οὐ φέροντες σώφρονας καὶ
                δικαίους καὶ φιλοπόνους γείτονας. Περσεὺς δʼ Ἐρέννιον μὲν καὶ Εὐμένη, καὶ εἴ τις
                ἄλλος ἐθέλοι, προκαλεῖται παρʼ ὑμῖν ἐς ἐξέτασιν καὶ κρίσιν, ὑμᾶς δʼ ἀναμιμνήσκει μὲν
                τῆς ἐς Ἀντίοχον τὸν μέγαν τοῦ πατρὸς ἑαυτοῦ προθυμίας καὶ βοηθείας, ἧς ἐπιγιγνομένης
                καλῶς ᾐσθάνεσθε, αἰσχρὸν δὲ παρελθούσης ἐπιλαθέσθαι, προφέρει δὲ συνθήκας πατρῴας τε
                καὶ ἰδίας πρὸς αὐτὸν ὑμῖν γενομένας. καὶ ἐπὶ τοῖσδε οὐκ ὀκνεῖ καὶ παρακαλεῖν ὑμᾶς,
                θεοὺς οὓς ὠμόσατε αἰδεῖσθαι, καὶ μὴ πολέμου κατάρχειν ἀδίκως ἐς φίλους, μηδʼ ἔγκλημα
                ποιεῖσθαι γειτνίασιν καὶ σωφροσύνην καὶ παρασκευήν, οὐ γὰρ ἄξιον, ὡς Εὐμένους, καὶ
                ὑμῶν ἅπτεσθαι φθόνον ἢ φόβον. τὸ δὲ ἐναντίον ἐστὶ σῶφρον, φείδεσθαι γειτόνων
                ἐπιμελῶν, καὶ ὡς Εὐμένης φησίν, εὖ παρεσκευασμένων.</p>
            </sp><milestone n="9" unit="section"/><p>οἱ μὲν δὴ πρέσβεις τοιαῦτα εἶπον, οι δὲ οὐδὲν
              αὐτοῖς ἀποκρινάμενοι τὸν πόλεμον ἐς τὸ φανερὸν ἐκύρουν. καὶ ὁ ὕπατος ἐκέλευε τοὺς
              πρέσβεις ἐκ μεν τῆς πόλεως αὐτῆς ἡμέρας, ἐκ δὲ τῆς Ἰταλίας τριάκοντα ἄλλαις ἐξιέναι.
              τὰ δὲ αὐτὰ καὶ τοῖς ἐπιδημοῦσι Μακεδόνων ἐκήρυττεν. καὶ θόρυβος αὐτίκα μετὰ τὸ
              βουλευτήριον ἐπίφθονος ἦν, ἐν ὀλίγαις ὥραις ἐλαυνομένων τοσῶνδε ὁμοῦ, καὶ οὐδὲ
              ὑποζύγια εὑρεῖν ἐν οὕτω βραχεῖ διαστήματι, οὐδὲ πάντα φέρειν δυναμένων. ὑπὸ δὲ σπουδῆς
              οἱ μὲν οὐκ ἔφθανον ἐπὶ τοὺς σταθμούς, ἀλλʼ ἐν μέσαις ἀνεπαύοντο ταῖς ὁδοῖς, οἱ δὲ παρὰ
              ταῖς πύλαις μετὰ παίδων ἑαυτοὺς ἐρρίπτουν καὶ μετὰ γυναικῶν. πάντα τε ἐγίγνετο ὅσα
              εἰκος ἐν αἰφνιδίῳ καὶ τοιῷδε κηρύγματι· αἰφνίδιον γὰρ αὐτοῖς ἐφαίνετο διὰ τὰς ἔτι
              πρεσβείας.</p></quote>
          <bibl>υ. π. 364.</bibl>
        </cit></div>
        <div n="XII" type="textpart" subtype="fragment"><cit>
          <quote xml:lang="grc"><p>ὅτι μετὰ τὴν νίκην ὁ Περσεύς, εἴτʼ ἐπιγελῶν Κράσσῳ καὶ τωθάζων
              αὐτόν, εἴτʼ ἀποπειρώμενος ὅπως ἔτι φρονήματος ἔχοι, εἴτε τὴν Ῥωμαίων δύναμίν τε καὶ
              παρασκευὴν ὑφορώμενος, εἴθʼ ἑτέρῳ τῳ λογισμῷ, προσέπεμπεν αὐτῷ περὶ διαλλαγῶν, καὶ
              πολλὰ δώσειν ὑπισχνεῖτο ὧν ὁ πατὴρ Φίλιππος οὐ συνεχώρει· ᾧ καὶ μᾶλλον ὕποπτος ἦν
              ἐπιγελῶν καὶ πειρώμενος. ὁ δὲ Περσεῖ μὲν ἀπεκρίνατο Ῥωμαίων ἀξίας οὐκ εἶναι διαλύσεις
              αὐτῷ, εἰ μὴ καὶ Μακεδόνας καὶ ἑαυτὸν ἐπιτρέψειε Ῥωμαίοις· αἰδούμενος δʼ ὅτι Ῥωμαῖοι
              τῆς ἥττης κατῆρξαν, ἐκκλησίαν συναγαγὼν Θεσσαλοῖς μὲν ἐμαρτύρησεν ὡς ἀνδράσιν ἀγαθοῖς
              περὶ τὴν συμφορὰν γενομένοις, Αἰτωλῶν δὲ καὶ ἑτέρων Ἑλλήνων κατεψεύσατο ὡς πρώτων
              τραπέντων. καὶ τούτους ἐς Ῥώμην ἔπεμψεν.</p></quote>
          <bibl>ιδ. π. 369.</bibl>
        </cit></div>
        <div n="XIII" type="textpart" subtype="fragment"><cit>
          <quote xml:lang="grc"><p>τὸ δὲ λοιπὸν τοῦ θέρους ἀμφότεροι περὶ σιτολογίαν ἐγίγνοντο,
              Περσεὺς μὲν ἐν τοῖς πεδίοις ἁλωνευόμενος, Ῥωμαῖοι δὲ ἐν τῷ στρατοπέδῳ.</p></quote>
          <bibl>συιδ. ϝ. <foreign xml:lang="grc">ἁλωνευόμενος</foreign>.</bibl>
        </cit></div>
        <div n="XIV" type="textpart" subtype="fragment"><cit>
          <quote xml:lang="grc"><p>ὃς δὲ πρῶτος ἐξῆρχε τοῦ πόνου, ἑξηκοντούτης ὢν καὶ βαρὺς τὸ σῶμα
              καὶ πιμελής.</p></quote>
          <bibl>ιδ. ϝ. <foreign xml:lang="grc">πιμελής</foreign>.</bibl>
        </cit></div>

        <div n="XV" type="textpart" subtype="fragment"><cit>
          <quote xml:lang="grc"><p>τότε δὲ ἔθει τις δρόμῳ δηλώσων τῷ Περσεῖ λουομένῳ καὶ τὸ σῶμα
              ἀναλαμβάνοντι. ὁ δὲ ἐξήλατο τοῦ ὕδατος βοῶν ὅτι ἑαλώκοι πρὸ τῆς μάχης.</p></quote>
          <bibl>ιδ. ϝ. <foreign xml:lang="grc">ἀναλαμβάνειν</foreign> β.</bibl>
        </cit></div>
        <div n="XVI" type="textpart" subtype="fragment"><cit>
          <quote xml:lang="grc"><p>ὅτι Περσεὺς ἀναθαρρῶν ἤδη κατʼ ὀλίγον μετὰ τὴν φυγήν, Νικίαν καὶ
              Ἀνδρόνικον, οὓς ἐπὶ τὸν καταποντισμὸν τῶν χρημάτων καὶ τὸν ἐμπρησμὸν τῶν νεῶν
              ἐπεπόμφει, περιποιήσας αὑτῷ καὶ τὰς ναῦς καὶ τὰ χρήματα, συνίστορας ἡγούμενος αἰσχροῦ
              φόβου καὶ ἑτέροις ἐξαγγελεῖν, ἀπέκτεινεν ἀθεμίστως, καὶ ἀπὸ τοῦδε εὐθὺς ἐκ μεταβολῆς
              ὠμὸς καὶ εὐχερὴς ἐς ἅπαντας ἐγένετο, καὶ οὐδὲν ὑγιὲς οὐδʼ εὔβουλόν οἱ ἔτι ἦν, ἀλλʼ ὁ
              πιθανώτατος ἐς εὐβουλίαν καὶ λογίσασθαι δεξιὸς καὶ εὐτολμότατος ἐς μάχας, ὅσα γε μὴ
              σφάλλοιτο διʼ ἀπειρίαν, ἀθρόως τότε καὶ παραλόγως ἐς δειλίαν καὶ ἀλογιστίαν ἐτράπετο,
              καὶ ταχὺς καὶ εὐμετάθετος ἄφνω καὶ σκαιὸς ἐς πάντα ἐγένετο, ἀρχομένης αὐτὸν ἐπιλείπειν
              τῆς τύχης. ὅπερ ἔστι πολλοὺς ἰδεῖν, μεταβολῆς προσιούσης ἀλογωτέρους γιγνομένους
              ἑαυτῶν.</p></quote>
          <bibl>ϝαλ. π. 561?̔ηινξ συιδ. ϝ. <foreign xml:lang="grc">Περσεὺς
            Μακεδών</foreign>̓.</bibl>
        </cit></div>
        <div n="XVII" type="textpart" subtype="fragment"><cit>
          <quote xml:lang="grc"><p>ὅτι Ῥόδιοι πρέσβεις ἐς Μάρκιον ἔπεμψαν, συνηδόμενοι τῶν γεγονότων
              [Περσεῖ]. ὁ δὲ Μάρκιος τοὺς πρέσβεις ἐδίδασκε Ῥοδίους πεῖσαι πέμψαντας ἐς Ῥώμην
              διαλῦσαι τὸν πόλεμον Ῥωμαίοις τε καὶ Περσεῖ. καὶ Ῥόδιοι πυθόμενοι μετέπιπτον ὡς οὐ
              φαύλως ἔχοντος τοῦ Περσέως· οὐ γὰρ εἴκαζον ἄνευ Ῥωμαίων ταῦτα Μάρκιον ἐπισκήπτειν. ὁ
              δʼ ἀφʼ ἑαυτοῦ καὶ τάδε καὶ ἕτερα πολλὰ διʼ ἀτολμίαν ἔπραττεν. Ῥόδιοι μὲν οὖν καὶ ὣς
              πρέσβεις ἔπεμπον ἐς Ῥώμην, καὶ ἑτέρους πρὸς Μάρκιον.</p></quote>
          <bibl>υ. π. 369.</bibl>
        </cit></div>
        <div n="XVIII" type="textpart" subtype="fragment"><cit>
          <quote xml:lang="grc"><p><milestone n="1" unit="section"/>ὅτι Γένθιος βασιλεὺς Ἰλλυριῶν
              ἑνὸς ἔθνους προσοίκου Μακεδόσι, Περσεῖ συμμαχῶν ἐπὶ τριακοσίοις ταλάντοις, ὧν τι καὶ
              προειλήθει, ἐσέβαλεν ἐς τὴν ὑπὸ Ῥωμαίοις Ἰλλυρίδα, καὶ πρέσβεις περὶ τούτων πρὸς αὐτὸν
              ἐλθόντας Περπένναν καὶ Πετίλιον ἔδησεν. ὧν ὁ Περσεὺς αἰσθόμενος οὐκέτι τὰ λοιπὰ τῶν
              χρημάτων ἔπεμπεν ὡς ἤδη καὶ διʼ αὐτὸν Ῥωμαίοις πεπολεμωμένον. ἐς δὲ Γέτας ἔπεμπε τοὺς
              ὑπὲρ Ἴστρον, καὶ Εὐμένους ἀπεπείρασεν ἐπὶ χρήμασιν ἢ μεταθέσθαι πρὸς αὑτόν, ἢ διαλῦσαι
              τὸν πόλεμον, ἢ ἀμφοτέροις ἐκστῆναι τοῦ ἀγῶνος, εὖ μὲν εἰδὼς οὐ λησόμενα ταῦτα
              Ῥωμαίους, ἐλπίζων δʼ ἢ πράξειν τι αὐτῶν ἢ τῇ πείρᾳ διαβαλεῖν τὸν Εὐμένη. ὁ δὲ
              μεταθήσεσθαι μὲν οὐκ ἔφη, τάλαντα δʼ ᾔτει τῆς μὲν διαλύσεως χίλια καὶ πεντακόσια, τῆς
              δὲ ἡσυχίας χίλια. καὶ ὁ Περσεὺς ἤδη Γετῶν αὑτῷ προσιέναι μισθοφόρους μυρίους ἱππέας
              καὶ μυρίους πεζοὺς πυθόμενος, αὐτίκα τοῦ Εὐμένους κατεφρόνει, καὶ τῆς μὲν ἡσυχίας οὐκ
              ἔφη δώσειν οὐδέν?̔αἰσχύνην γὰρ φέρειν ἀμφοῖν̓, τὰ δὲ τῆς διαλύσεως οὐ προδώσειν, ἀλλʼ
              ἐν Σαμοθρᾴκῃ καταθήσειν μέχρι γένοιτο ἡ διάλυσις, εὐμετάβολος ἤδη καὶ μικρολόγος ὑπὸ
              θεοβλαβείας ἐς πάντα γενόμενος. ἑνὸς δὲ ὧν ἤλπισεν ὅμως οὐκ ἀπέτυχε, Ῥωμαίοις Εὐμένους
              ὑπόπτου γενομένου.</p>
            <p><milestone n="2" unit="section"/>Γετῶν δὲ τὸν Ἴστρον περασάντων, ἐδόκει Κλοιλίῳ μὲν
              τῷ ἡγεμόνι δοθῆναι χιλίους χρυσοῦς στατῆρας, ἱππεῖ δʼ ἑκάστῳ δέκα, καὶ τὰ ἡμίσεα πεζῷ·
              καὶ τοῦτο σύμπαν ἦν ὀλίγῳ πλέον πεντεκαίδεκα μυριάδων χρυσίου. ὁ δὲ χλαμύδας μέν τινας
              ἐπήγετο καὶ ψέλια χρυσᾶ καὶ ἵππους ἐς δωρεὰν τοῖς ἡγουμένοις, καὶ στατῆρας φερομένους
              μυρίους, καὶ πλησιάσας μετεπέμπετο Κλοίλιον. ὁ δὲ τοὺς ἐλθόντας, εἰ φέρουσι τὸ
              χρυσίον, ἤρετο, καὶ μαθὼν οὐκ ἔχοντας ἀναστρέφειν ἐπʼ αὐτὸν ἐκέλευσεν. ὧν ὁ Περσεὺς
              πυθόμενος, πάλιν αὐτὸν ἐλαύνοντος θεοῦ, κατηγόρει τῶν Γετῶν ἐν τοῖς φίλοις ἐκ
              μεταβολῆς ὡς φύσεως ἀπίστου, καὶ ὑπεκρίνετο μὴ θαρρεῖν δισμυρίους αὐτῶν ἐς τὸ
              στρατόπεδον ὑποδέξασθαι, μόλις δʼ ἔφη μυρίους, ὧν καὶ νεωτεριζόντων κρατῆσαι
              δύνασθαι.</p>
            <p><milestone n="3" unit="section"/>ταῦτα δὲ τοῖς φίλοις εἰπὼν ἕτερα τοῖς Γέταις
              ἐπλάττετο, καὶ τὸ ἥμισυ τῆς στρατιᾶς ᾔτει, τὸ χρυσίον τὸ γιγνόμενον ὑπισχνούμενος
              δώσειν. τοσαύτης ἀνωμαλίας ἔγεμε, φροντίζων χρημάτων τῶν πρὸ βραχέος ἐς θάλασσαν
              μεθειμένων. ὁ δὲ Κλοίλιος τοὺς ἀφικομένους ἰδὼν ἤρετο μετὰ βοῆς εἰ τὸ χρυσίον
              κεκομίκασι, καὶ βουλομένους τι λέγειν ἐκέλευε πρῶτον εἰπεῖν περὶ τοῦ χρυσίου. ὡς δʼ
              ἔμαθεν οὐκ ἔχοντας, οὐκ ἀνασχόμενος αὐτῶν οὐδʼ ἀκοῦσαι, τὴν στρατιὰν ἀπῆγεν ὀπίσω. καὶ
              Περσεὺς ἀφῄρητο καὶ τῆσδε συμμαχίας, πολλῆς τε καὶ κατὰ καιρὸν ἐλθούσης. ὑπὸ δʼ
              ἀφροσύνης, ἐν Φίλᾳ χειμάζων καὶ στρατὸν ἔχων πολὺν Θεσσαλίαν μὲν οὐκ ἐπέτρεχεν, ἣ
              Ῥωμαίοις ἐχορήγει τροφάς, ἐς δὲ τὴν Ἰωνίαν ἔπεμπε κωλύειν τὴν ἀγορὰν τὴν ἐκεῖθεν
              αὐτοῖς φερομένην.</p></quote>
          <bibl>ϝαλ. π. 562.</bibl>
        </cit></div>
        <div n="XIX" type="textpart" subtype="fragment"><cit>
          <quote xml:lang="grc"><p>ὅτι Παύλῳ ἐπʼ εὐτυχίας τοσῆσδε γενομένῳ τὸ δαιμόνιον ἐφθόνησε τῆς
              εὐτυχίας. καί οἱ τεσσάρων παίδων ὄντων τοὺς μὲν πρεσβυτέρους αὐτῶν ἐς θέσιν ἄλλοις
              ἐδεδώκει, Μάξιμόν τε καὶ Σκιπίωνα, τοὺς δὲ νεωτέρους ἄμφω συνέβη, τὸν μὲν πρὸ τριῶν
              ἡμερῶν τοῦ θριάμβου τὸν δὲ μετὰ πέντε, ἀποθανεῖν. καὶ τοῦτʼ οὐδενὸς ἧττον ὁ Παῦλος
              κατελογίσατο τῷ δήμῳ. ἔθους γὰρ ὄντος τοῖς στρατηγοῖς καταλέγειν τὰ πεπραγμένα,
              παρελθὼν ἐς τὴν ἀγορὰν εἶπεν ἐς μὲν Κέρκυραν ἐκ Βρεντεσίου διαπλεῦσαι μιᾶς ἡμέρας, ἐκ
              δὲ Κερκύρας πέντε μὲν ἐς Δελφοὺς ὁδεῦσαι καὶ θῦσαι τῷ θεῷ, πέντε δὲ ἄλλαις ἐς
              Θεσσαλίαν παραγενέσθαι καὶ παραλαβεῖν τὸν στρατόν, ἀπὸ δὲ ταύτης πεντεκαίδεκα ἄλλαις
              ἑλεῖν Περσέα καὶ Μακεδόνας παραλαβεῖν. οὕτω δὲ ὀξέως ἁπάντων ἐπιτυχὼν δεῖσαι μή τι τῷ
              στρατῷ συμπέσοι πρὸς ὑμᾶς ἐπανιόντι. <q>διασωθέντος δὲ τοῦ στρατοῦ περὶ ὑμῶν
                ἐδεδοίκειν,</q> ἔφη· <q>φθονερὸς γὰρ ὁ δαίμων. ἐς ἐμὲ δὲ ἀποσκήψαντος τοῦ κακοῦ, καὶ
                ἀθρόως μοι τῶν δύο παίδων ἀποθανόντων, ἐπʼ ἐμαυτῷ μέν εἰμι βαρυσυμφορώτατος, ἐπὶ δὲ
                ὑμῖν ἀμέριμνος.</q> ταῦτʼ εἰπών, καὶ καταθαυμαζόμενος ἐπὶ πᾶσιν, οἰκτιζόμενος δὲ ἐπὶ
              τοῖς τέκνοις, μετʼ οὐ πολὺν χρόνον ἀπέθανεν.</p></quote>
          <bibl>ιδ. π. 565.</bibl>
        </cit></div>

      </div>
      </div>
    </body>
  </text>

</TEI>