<?xml version="1.0" encoding="UTF-8"?><TEI xmlns="http://www.tei-c.org/ns/1.0">
  <teiHeader>
    <fileDesc>
      <titleStmt>
        <title>Samnite History </title>
        <author n="Appian">Appian</author>
        <editor role="editor">L. Mendelssohn</editor>
        <sponsor>Perseus Project, Tufts University</sponsor>
        <principal>Gregory Crane</principal>
        <respStmt>
          <resp>Prepared under the supervision of</resp>
          <name>Lisa Cerrato</name>
          <name>William Merrill</name>
          <name>Elli Mylonas</name>
          <name>David Smith</name>
        </respStmt>
        <funder n="org:AnnCPB">The Annenberg CPB/Project</funder>
      </titleStmt>
      <publicationStmt>
        <publisher>Trustees of Tufts University</publisher>
        <pubPlace>Medford, MA</pubPlace>
        <authority>Perseus Project</authority>
      </publicationStmt>

      <sourceDesc>
        <biblStruct>
          <monogr>
            <author>Appian</author>
            <title>The Foreign Wars</title>
            <idno type="lccn">04031898</idno>
            <editor role="editor">L. Mendelssohn</editor>
            <imprint>
              <pubPlace>Leipzig</pubPlace>
              <publisher>Teubner</publisher>
              <date>1879</date>
            </imprint>
          </monogr>
          
        </biblStruct>
      </sourceDesc>
    </fileDesc>

    <encodingDesc>
      <refsDecl n="CTS">
        <cRefPattern n="fragment" matchPattern="(\w+)" replacementPattern="#xpath(/tei:TEI/tei:text/tei:body/tei:div/tei:div/tei:div[@n='$1'])">
          <p>This pointer pattern extracts fragmentary quotes</p>
        </cRefPattern>
      </refsDecl>
      <refsDecl>
        <refState unit="text"/>
        <refState unit="section"/>
      </refsDecl>
    </encodingDesc>
    <profileDesc>
      <langUsage>
        <language ident="grc">Greek</language>
        <language ident="eng">English</language>
        <language ident="lat">Latin</language>
      </langUsage>
    </profileDesc>

    <revisionDesc>
      
<change when="2002-12-06" who="DMM">markup</change>
  

<change when="2011-10-28" who="lcerrato">
fixed bad bibl refs</change>

<change when="2011-01-13" who="gcrane">
more refinements making these files SDL compatible</change>

<change when="2011-01-01" who="gcrane">
small fixes</change>

<change when="2011-01-01" who="gcrane">
common nouns have been lower cased</change>

<change when="2011-01-01" who="gcrane">
Q and SP tags added</change>

<change when="2009-10-07" who="rsingh04">
began reorganizing texts module by collection.  created separate work directory in texts module to keep hopper files separate from in progress files
</change>
<change when="2007-01-03" who="packel">
some cleanup on Numantine Affairs</change>

<change when="2005-01-18" who="packel">
fixed accents/breathings on capital letters</change>

<change when="2004-08-10" who="amahoney">
fix the XML files so they are valid, make the SGML obsolete so no one is confused
</change>

<change when="2014-07-01" who="Stella Dee">split composite text and converted to unicode</change>
      <change when="2014-08-01" who="Stella Dee">edited markup</change>
      <change when="2015-12-28" who="TDBuck">P4 to P5</change>
    </revisionDesc>

  </teiHeader>
  <text xml:lang="grc">
    <body>
      <div type="edition" xml:lang="grc" n="urn:cts:greekLit:tlg0551.tlg004.perseus-grc2">
      <head>ἐκ τῆς ΣΑΥΝΙΤΙΚΗΣ</head>
      <div type="textpart" subtype="chapter">
        <div n="I" type="textpart" subtype="fragment"><cit>
          <quote xml:lang="grc"><p><milestone n="1" unit="section"/>ὅτι οἱ Ῥωμαίων στρατηγοὶ
              Κορνήλιος καὶ Κορουῖνος, καὶ Δέκιος δημότης, Σαυνίτας νικήσαντες ὑπέλιπον Καμπανοῖς
              φύλακας πρὸς τὰς Σαυνιτῶν ἐπιδρομάς. οἱ δὲ φύλακες οἵδε Καμπανοῖς ἁβροδιαίτοις καὶ
              πολυτελέσιν οὖσι κοινωνοῦντες ἐφθείροντο τὰς γνώμας, καὶ ἐφθόνουν ὧν ἔχουσιν ἀγαθῶν,
              αὐτοὶ πενόμενοι καὶ τὰ χρέα δεδιότες τὰ ἐν Ῥώμῃ. τέλος δὲ ἐπεβούλευον τοὺς ξένους
              ἑαυτῶν ἀνελόντες ἕκαστοι τὴν περιουσίαν κατασχεῖν καὶ τὰς γυναῖκας ἐς γάμον
              προσαγαγέσθαι. καὶ τάχα ἂν ἔπραξαν αἰσχρὸν οὕτω μύσος, εἰ μὴ Μάμερκος, ἕτερος Ῥωμαίων
              στρατηγός, ἐπὶ Σαυνίτας ὁδεύων ἔμαθε τὸ βούλευμα τῶν φυλάκων, καὶ ἐπικρύψας τοὺς μὲν
              αὐτῶν ἐξώπλισε καὶ ἀφῆκεν οἷα κεκμηκότας, τοὺς δὲ πονηροτέρους ἐκέλευσεν ἐς Ῥώμην ἐπί
              τινα χρείαν ἐπείγεσθαι, χιλίαρχόν τε αὐτοῖς συνέπεμψεν, ᾧ εἴρητο ἀφανῶς αὐτοὺς
              φυλάσσειν. ἑκάτεροι δʼ ὑπώπτευον μεμηνῦσθαι, καὶ περὶ Ταρρακίνην ἀφίστανταί τε τοῦ
              χιλιάρχου, καὶ τοὺς ἐπὶ τῶν ἔργων ἐν τοῖς ἀγροῖς δεδεμένους ἐκλύσαντες, καὶ ὁπλίσαντες
              ὡς ἐδύναντο, ἤλαυνον ἐς Ῥώμην ὁμοῦ δισμύριοι γεγονότες.</p>
            <p><milestone n="2" unit="section"/>ἔτι δʼ αὐτῶν ὁδὸν ἡμέρας μιᾶς ἀπεχόντων ὑπήντα
              Κορουῖνος, καὶ παραστρατοπεδεύσας ἐν τοῖς ὄρεσι τοῖς Ἀλβανῶν ἠρεμεί, περισκοπῶν τε τὸ
              ἔργον ἔτι, καὶ μέγα ἡγούμενος ἀπεγνωκόσι μάχεσθαι. οἱ δὲ ἐπεμίγνυντο ἀλλήλοις κρύφα,
              καὶ ὀδυρμοὶ καὶ δάκρυα τῶν φυλάκων ἦν ὡς ἐν οἰκείοις καὶ φίλοις ἁμαρτεῖν μὲν
              ὁμολογούντων, τὴν δὲ αἰτίαν ἐς τὰ χρέα φερόντων τὰ ἐν Ῥώμῃ. ὧν ὁ Κορουῖνος
              αἰσθανόμενος, καὶ ὀκνῶν ἅψασθαι πολιτικοῦ καὶ τοσούτου φόνου, συνεβούλευσε τῇ βουλῇ τὰ
              χρέα τοῖς ἀνδράσι μεθεῖναι, τόν τε πόλεμον ἐξαίρων ἐπὶ μέγα, εἰ τοσῶνδε ἀνδρῶν δύναιτο
              κρατῆσαι μαχομένων ἐξ ἀπογνώσεως, καὶ τὰς συνόδους αὐτῶν καὶ ἐπιμιξίας ἐν ὑπονοίᾳ
              τιθέμενος, μὴ οὐδʼ ὁ ἴδιος αὐτῷ στρατὸς ἐς πάντα ᾖ πιστός, ἅτε συγγενεῖς ὄντες
              ἐκείνων, καὶ οὐχ ἧσσον αὐτῶν αἰτιώμενοι τὰ χρέα. σφαλέντα δὲ κινδυνεύσειν ἔφη περὶ
              μειζόνων· καὶ τὴν νίκην, εἰ κρατήσειεν, ἀτυχεστάτην ἔσεσθαι τῇ πόλει κατʼ οἰκείων
              τοσῶνδε. οἷς ἡ βουλὴ πεισθεῖσα τὰς μὲν τῶν χρεῶν ἀποκοπὰς ἐψηφίσατο πᾶσι Ῥωμαίοις,
              τοῖς δὲ τότε ἐχθροῖς καὶ ἄδειαν. οἱ μὲν δὴ τὰ ὅπλα ἀποθέμενοι κατῄεσαν ἐς τὴν
              πόλιν.</p></quote>
          <bibl>ϝαλ. π. 549.</bibl>
        </cit></div>

        <div n="II" type="textpart" subtype="fragment"><cit>
          <quote xml:lang="grc"><p>ὅτι Μάλλιος Τορκουάτος ὁ ὕπατος τοιοῦτος ἦν τὴν ἀρετήν. τούτῳ
              πατὴρ ἐγεγένητο μικρολόγος καὶ ἀμελὴς ἐς αὐτόν. καὶ ἐν ἀγροῖς αὐτὸν εἶχε, μετὰ τῶν
              θεραπόντων ἐργαζόμενόν τε καὶ τρεφόμενον. γραψαμένου δὲ αὐτὸν ἐπὶ πολλοῖς ἀδικήμασι
              Πομπωνίου δημάρχου, καὶ μέλλοντος ἐρεῖν τι καὶ περὶ τῆς ἐς τὸν παῖδα κακώσεως, ὁ παῖς
              ὅδε Μάλλιος ἧκεν, ἐπικρύπτων ξιφίδιον, ἐς τὴν οἰκίαν τοῦ δημάρχου, καὶ τυχεῖν ἠξίωσεν
              αὐτοῦ μόνου ὡς δή τι λέξων χρήσιμον ἐς τὴν δίκην. ὑποδεχθεὶς δὲ καὶ λέγειν ἀρχόμενος
              ἐπέκλεισε τὰς θύρας, καὶ τὸ ξίφος ἐπισπάσας ἠπείλει τῷ δημάρχῳ κτενεῖν αὐτόν, εἰ μὴ
              ὀμόσειεν ὅτι λύσει τῷ πατρὶ τὴν δίκην. καὶ ὁ μὲν ὤμοσε καὶ διέλυσεν, ἐκθέμενος τῷ δήμῳ
              τὸ συμβάν· ὁ δὲ Μάλλιος ἐξ ἐκείνου λαμπρὸς ἦν, ἐπαινούμενος ὅτι τοιόσδε ἐς τοιόνδε
              πατέρα ἐγεγένητο.</p></quote>
          <bibl>ιδ. π. 550.</bibl>
        </cit></div>
        <div n="III" type="textpart" subtype="fragment"><cit>
          <quote xml:lang="grc"><p>ὁ δὲ αὐτὸν εἰς μονομαχίαν προυκαλεῖτο, σκώπτων ἐς αὐτόν. ὁ δὲ
              τέως μὲν αὑτοῦ κατεῖχε, μετὰ δέ, οὐ φέρων ἔτι τὸ ἐρέθισμα, ἀντήλασε τὸν
            ἵππον.</p></quote>
          <bibl>συιδ. ϝ. <foreign xml:lang="grc">ἐρέθισμα</foreign>.</bibl>
        </cit></div>
        <div n="IV" type="textpart" subtype="fragment"><cit>
          <quote xml:lang="grc"><p><milestone n="1" unit="section"/>ὅτι Σαυνῖται ἐς τὴν Φρεγελλανῶν
              ἐμβαλόντες ἐπόρθουν, Ῥωμαῖοι δὲ Σαυνιτῶν καὶ Δαυνίων ὀγδοήκοντα κώμας καὶ μίαν εἷλον,
              καὶ ἄνδρας ἐξ αὐτῶν χιλίους καὶ δισμυρίους ἀνελόντες ἀπανέστησαν αὐτοὺς ἀπὸ τῆς
              Φρεγέλλης. καὶ πάλιν ἐς Ῥώμην ἐπρέσβευον οἱ Σαυνῖται, νεκρὰ σώματα ἀνδρῶν φέροντες ὡς
              αἰτίους τοῦδε τοῦ πολέμου γεγονότας ἀνῃρηκότες, καὶ χρυσίον ὡς ἀπὸ τῆς ἐκείνων
              περιουσίας πεπορισμένον. ἐφʼ οἷς αὐτοὺς ἡ βουλὴ πάνυ νομίζουσα τετρῦσθαι, προσεδόκα
              κακοπαθοῦντας ἐνδώσειν περὶ τῆς ἡγεμονίας. οἱ δὲ τὰ μὲν ἄλλα ἐδέχοντο, καὶ εἴ τι καὶ
              ἀντέλεγον, ἢ παρῃτοῦντο καὶ παρεκάλουν ἢ ἐς τὰς πόλεις ἀνετίθεντο· περὶ δὲ τῆς
              ἡγεμονίας οὐκ ἀνασχόμενοι πάλιν οὐδʼ ἀκοῦσαι, οὐκ ἐκδωσόμενοι δὴ τὰς πόλεις ἔφασαν
              ἥκειν, ἀλλʼ ἐς φιλίαν συνάξοντες. λυσάμενοι δὴ τοῦ χρυσίου τοὺς αἰχμαλώτους ἀπῄεσαν
              ὀργῇ, καὶ τὴν πεῖραν ἔχοντες τὴν περὶ τῆς ἡγεμονίας.</p>
            <p><milestone n="2" unit="section"/>καὶ Ῥωμαῖοι μὲν ἐψηφίζοντο μηδὲ πρεσβείας ἔτι παρὰ
              Σαυνιτῶν προσίεσθαι, ἀλλʼ ἄσπονδον καὶ ἀκήρυκτον πόλεμον αὐτοῖς πολεμεῖν ἕως κατὰ
              κράτος ἐξέλωσι, θεὸς δʼ ἐνεμέσησε τῆς μεγαληγορίας, καὶ ὕστερον ἡττήθησαν ὑπὸ Σαυνιτῶν
              καὶ ὑπὸ ζυγὸν ἤχθησαν οἱ Ῥωμαῖοι. ἐς γὰρ στενώτατον χῶρον τούτους συγκλείσαντες οἱ
              Σαυνῖται τοῦ Ποντίου σφῶν στρατηγοῦντος, καὶ λιμῷ πιεζομένων Ῥωμαίων, οἱ στρατηγοὶ
              σφῶν πρεσβευσάμενοι παρεκάλουν τὸν Πόντιον καταθέσθαι Ῥωμαίοις χάριν, ἣν οὐ πολλοὶ
              παρέχουσι καιροί. ὁ δὲ ἀπεκρίνατο μὴ δεῖν μηδὲ πρεσβεύειν ἔτι πρὸς αὐτόν, εἰ μὴ τὰ
              ὅπλα καὶ αὑτοὺς παραδοῖεν. θρῆνος οὖν ἦν οἷα πόλεως ἁλούσης. καὶ οἱ στρατηγοὶ
              διέτριψαν μὲν ἔτι ἄλλας ἡμέρας, ὀκνοῦντες ἀνάξιόν τι τῆς πόλεως ἐργάσασθαι· ὡς δʼ οὔτε
              μηχανὴ σωτηρίας ἐφαίνετο, ὅ τε λιμὸς ἐπίεζεν αὐτούς, καὶ νεότης ἦν πέντε μυριάδων, ἣν
              ὤκνουν φθειρομένην ὑπεριδεῖν, ἐπέτρεψαν ἑαυτοὺς τῷ Ποντίῳ, καὶ παρεκάλουν, εἴτε
              κτείνειν εἴτε πωλεῖν εἴτε φυλάσσειν ἐπὶ λύτροις ἕλοιτο, μηδὲν ἐς σώματα ἀνδρῶν
              ἀτυχούντων ὑβρίσαι.</p>
            <p><milestone n="3" unit="section"/>ὁ δὲ τῷ πατρὶ συνεβουλεύετο, μεταπεμψάμενος αὐτὸν ἐκ
              τοῦ Καυδίου, φερόμενον ὑπὸ γήρως ἁμάξῃ. καὶ ὁ πρεσβύτης ἔφη, <q>ἓν ἔστιν, ὦ παῖ,
                μεγάλης ἔχθρας φάρμακον, εὐεργεσίας ἢ κολάσεως ὑπερβολή. αἱ μὲν οὖν κολάσεις
                καταπλήσσουσιν, αἱ δὲ εὐεργεσίαι προσάγονται. ἴσθι νίκην τήνδε πρώτην καὶ μεγίστην,
                θησαυρίζειν τὴν εὐτυχίαν· καὶ πάντας ἀπόλυσον ἀπαθεῖς, μήτʼ ἐνυβρίσας μήτʼ
                ἀφελόμενος μηδέν, ἵνα σῶον ᾖ σοι τὸ μέγεθος τῆς εὐεργεσίας. εἰσὶ δʼ, ὡς ἀκούω,
                φιλοτιμότατοι. ἀλλὰ μόναις εὐεργεσίαις ἡττώμενοι διαγωνιοῦνταί σοι περὶ τῆσδε τῆς
                χάριτος. ἔχεις ἐνέχυρον τήνδε τὴν εὐεργεσίαν εἰρήνης ἀθανάτου λαβεῖν. ἢν δέ σε ταῦτα
                μὴ πείθῃ, κτεῖνον ἅπαντας ὁμαλῶς, μηδʼ ἄγγελον ὑπολιπών. λέγω δʼ ἐκεῖνα μὲν
                αἱρούμενος, ταῦτα δʼ ὡς ἀναγκαῖα. Ῥωμαῖοι γὰρ ὁτιοῦν ὑβρισθέντες ἀμυνοῦνταί σε
                πάντως· ἀμυνεῖσθαι δὲ μέλλοντας αὐτοὺς προκατάβλαπτε. μεῖζον δʼ οὐκ ἂν εὕροις βλάβος
                νέων ὁμοῦ πέντε μυριάδων.</q></p>
            <p><milestone n="4" unit="section"/>ὁ μὲν τοσαῦτα εἶπεν, ὁ δὲ παῖς ἀντέλεξεν· <q>ὅτι
                μέν, ὦ πάτερ, ἐναντιώτατα εἶπας ἀλλήλοις, οὐ θαυμάζω· προεῖπας γὰρ ἐρεῖν ὑπερβολὰς
                ἑκατέρων. ἐγὼ δὲ οὐ κτενῶ μὲν ἄνδρας τοσούτους, νέμεσίν τε θεοῦ φυλασσόμενος καὶ
                φθόνον ἀνθρώπων αἰδούμενος, καὶ τὰ ἔθνη τὰς ἐς ἀλλήλους ἐλπίδας οὐκ ἀφαιρήσομαι διʼ
                ἀνηκέστου κακοῦ. περὶ δὲ τῆς ἀφέσεως οὐδʼ αὐτῷ μέν μοι δοκεῖ, Ῥωμαίων πολλὰ καὶ
                δεινὰ δεδρακότων ἡμᾶς, καὶ χωρία καὶ πόλεις ἡμετέρας ἔτι νῦν ἐχόντων, τούσδε τοὺς
                εἰλημμένους ἀπολύειν παντὸς ἀπαθεῖς. οὐ ποιήσω· ἐμπληξία γὰρ ἡ ἄλογος φιλανθρωπία.
                ἐπισκόπει δέ, παρεὶς ἐμέ, καὶ τὸ τῶν Σαυνιτῶν· ὧν παῖδες καὶ πατέρες καὶ ἀδελφοὶ
                τεθνᾶσιν ὑπὸ Ῥωμαίων, καὶ κτήματα καὶ χρήματα ἀφῃρημένοι χρῄζουσι παραμυθίας· φύσει
                δὲ γαῦρον ὁ νενικηκώς, καὶ τὰ κέρδη περιβλέπονται. τίς οὖν ἀνέξεταί μου τούσδε μὴ
                κτείνειν μηδὲ πωλεῖν μηδὲ ζημιοῦν, ἀλλʼ ὡς εὐεργέτας ἀπαθεῖς προπέμπειν; διὰ μὲν δὴ
                ταῦτα παρῶμεν τὰς ὑπερβολάς, ἐπεὶ τῆς μὲν οὐ κύριος ἐγώ, τῆς δʼ ἀπανθρωποτέρας οὐκ
                ἀνέχομαι· ὡς δʼ ἂν καὶ Ῥωμαίων τι τοῦ φρονήματος περιέλοιμι καὶ τὰ πρὸς τοὺς ἄλλους
                ἀδιάβλητος εἴην, ὅπλα μὲν αὐτούς, οἷς ἐχρήσαντο ἀεὶ καθʼ ἡμῶν, ἀφαιρήσομαι καὶ
                χρήματα?̔καὶ γὰρ ταῦτα ἔχουσι παρʼ ἡμῶν̓, ἐκπέμψω δʼ ὑπὸ ζυγὸν σώους, ᾗ τινὶ αἰσχύνῃ
                καὶ αὐτοὶ κατʼ ἄλλων ἐχρήσαντο, καὶ εἰρήνην εἶναι τοῖς ἔθνεσι συνθήσομαι, τῶν τε
                ἱππέων ἐπιλέξομαι τοὺς ἐπιφανεστάτους ὅμηρα τῶνδε τῶν συνθηκῶν, ἕως ἅπας ὁ δῆμος
                ἐπιψηφίσῃ. καὶ τάδε ποιῶν ἡγοῦμαι νενικηκότος τε ἔργα ποιήσειν καὶ φιλανθρώπου,
                Ῥωμαίους τε ἀγαπήσειν ὅσα καὶ αὐτοί, φάσκοντες ἀρετῆς ἀντιποιεῖσθαι, πολλάκις ἐς
                ἄλλους ἔδρασαν.</q></p>
            <p><milestone n="5" unit="section"/>ταῦτα τοῦ Ποντίου λέγοντος ὁ πρεσβύτης ἐδάκρυσέ τε,
              καὶ ἐπιβὰς τῆς ἀπήνης ἐς τὸ Καύδιον ἀπήλαυνεν. ὁ δὲ Πόντιος τοὺς πρέσβεις καλέσας
              ἤρετο εἴ τις εἰρηνοδίκης αὐτοῖς παρείη. τοῖς δὲ παρῆν οὐδεὶς ὡς ἐπὶ ἄσπονδον καὶ
              ἀκήρυκτον πόλεμον ἐστρατευκόσι. τοῖς οὖν ὑπάτοις καὶ τοῖς ἄλλοις ἄρχουσι τῆς στρατιᾶς
              καὶ παντὶ τῷ πλήθει λέγειν ἐκέλευε τοὺς πρέσβεις, <q>ἡμεῖς ἀεὶ Ῥωμαίοις ἐσπενδόμεθα
                φιλίαν, ἣν αὐτοὶ διελύσατε, Σιδικηνοῖς τοῖς ἡμετέροις ἐχθροῖς συμμαχοῦντες. εἶτʼ
                αὖθις αὖ φιλίας ἡμῖν γενομένης, Νεαπολίταις ἐπολεμεῖτε τοῖς ἡμετέροις γείτοσιν. καὶ
                οὐκ ἠγνοοῦμεν ὅτι ταῦτʼ ἦν ὑμῖν παρασκευὴ πλεονεξίας ἐπὶ ὅλην τὴν Ἰταλίαν. ἔν τε
                ταῖς προτέραις μάχαις πολλὰ παρὰ τὴν ἀπειρίαν τῶν ἡμετέρων στρατηγῶν προλαβόντες
                οὐδὲν ἐπεδείξασθε μέτριον ἐς ἡμᾶς, οὐδʼ ἠρκεῖσθε τὴν χώραν πορθοῦντες καὶ χωρία καὶ
                πόλεις ἔχοντες ἀλλοτρίας, καὶ κληρούχους ἐς αὐτὰ πέμποντες, ἀλλὰ καὶ πρεσβευσαμένων
                ἡμῶν δὶς πρὸς ὑμᾶς, καὶ πολλὰ συγχωρούντων, ὑπερήφανα ἡμῖν ἄλλα ἐπετάσσετε, τὴν
                ἀρχὴν ὅλην ἀποθέσθαι καὶ ὑμῶν ὑπακούειν, ὥσπερ οὐ σπενδομένους ἀλλʼ ἑαλωκότας. καὶ
                ἐπὶ τοῖσδε τὸν πόλεμον τόνδε ἄσπονδον καὶ ἀκήρυκτον ἐψηφίσασθε, κατʼ ἀνδρῶν ποτὲ
                φίλων, κατὰ Σαβίνων ἐκγόνων τῶν ὑμῖν συνοικούντων. ἕνεκα μὲν οὖν τῆς ὑμετέρας
                πλεονεξίας ἔδει καὶ τὰ παρʼ ἡμῶν ὑμῖν ἄσπονδα εἶναι. ἐγὼ νέμεσίν τε θεῶν αἰδούμενος,
                ἣν ὑμεῖς ὑπερείδεσθε, καὶ συγγενείας καὶ φιλίας τῆς ποτὲ μνημονεύων, δίδωμι ἕκαστον
                ὑμῶν σὺν ἱματίῳ σῶον ὑπὸ ζυγὸν ἀπελθεῖν, ἢν ὀμόσητε τήν τε γῆν καὶ τὰ χωρία πάνθʼ
                ἡμῖν ἀποδώσειν, καὶ τοὺς κληρούχους ἀπὸ τῶν πόλεων ἀπάξειν, καὶ μηδέ ποτʼ ἐπὶ
                Σαυνίτας στρατεύσειν.</q></p>
            <p><milestone n="6" unit="section"/>ἀπαγγελθέντων δὲ τούτων ἐς τὸ στρατόπεδον ὀλοφυρμὸς
              ἦν καὶ θρῆνος ἐπὶ πλεῖστον· θανάτου γὰρ ἡγοῦντο εἶναι χείρονα τὴν ὕβριν τὴν ὑπὸ τῷ
              ζυγῷ. ὡς δὲ καὶ περὶ τῶν ἱππέων ἐπύθοντο, αὖθις ἐθρήνουν ἐπὶ πλεῖστον. ὑπὸ δὲ ἀπορίας
              αὐτὰ ἐδέχοντο, καὶ τοὺς ὅρκους ὤμνυον ὅ τε Πόντιος καὶ οἱ Ῥωμαίων ὕπατοι, δύο ὄντες
              Ποστούμιός τε καὶ Οὐετούριος, καὶ ταμιαι δύο καὶ ταξιάρχαι τέσσαρες καὶ χιλίαρχοι
              δώδεκα, σύμπαντες ὅσοι μετὰ τοὺς διεφθαρμένους ἦρχον. γενομένων δὲ τῶν ὅρκων ὁ μὲν
              Πόντιος παραλύσας τι τοῦ διατειχίσματος, καὶ δυσὶ δόρασιν ἐς τὴν γῆν ἐμπεπηγόσιν
              ἐπικάρσιον ἄλλο ἐπιθείς, ἐξέπεμπε Ῥωμαίων ἕκαστον ὑπὸ τούτῳ. καί τινα ὑποζύγια ἔδωκεν
              αὐτοῖς ἐς τοὺς ἀρρωστοῦντας, καὶ τροφήν, ἄχρι τῆς Ῥώμης φέρεσθαι. δύναται δʼ, ἐμοὶ
              δοκεῖν, τὸ εἶδος τῆς ἀφέσεως, ὃ καλοῦσιν οἱ τῇδε ζυγόν, ὀνειδίζειν ὡς δοριαλώτοις.</p>
            <p><milestone n="7" unit="section"/>ἀπαγγελθείσης δὲ τῆς συμφορᾶς ἐς τὴν πόλιν οἰμωγὴ
              καὶ θρῆνος ἦν ὡς ἐπὶ πένθει, καὶ αἱ γυναῖκες ἐκόπτοντο τοὺς αἰσχρῶς περισεσωσμένους ὡς
              ἀποφανόντας, ἥ τε βουλὴ τὴν ἐπιπόρφυρον ἐσθῆτα ἀπέθετο, καὶ θυσίαι καὶ γάμοι, καὶ ὅσα
              ἄλλα τοιουτότροπα, ἐπέσχετο ἐπὶ τὸ ἔτος ὅλον, ἕως τὴν συμφορὰν ἀνέλαβον. τῶν δὲ
              ἀφειμένων οἱ μὲν ἐς τοὺς ἀγροὺς διέφευγον ὑπὸ αἰδοῦς, οἱ δὲ νυκτὸς ἐς τὴν πόλιν
              ἐσῄεσαν· οἱ δὲ ἄρχοντες ἡμέρας μὲν ἐσῆλθον ὑπʼ ἀνάγκης, καὶ τὰ σημεῖα τῆς ἀρχῆς
              ἐπέκειτο αὐτοῖς, ἔπρασσον δὲ οὐδέν.</p></quote>
          <bibl>υ. π. 338.</bibl>
        </cit></div>
        <div n="V" type="textpart" subtype="fragment"><cit>
          <quote xml:lang="grc"><p>Δεντάτῳ κατὰ ζῆλον ἀρετῆς εἵπετο νεων λογάδων πλῆθος ὀκτακοσίων,
              ἐπὶ πάντα τὰ ἔργα ἕτοιμοι. καὶ βαρὺς ἦν τῇ βουλῇ παρὰ τὰς ἐκκλησίας.</p></quote>
          <bibl>συιδ. ϝ. <foreign xml:lang="grc">ζῆλος</foreign>.</bibl>
        </cit></div>
        <div n="VI" type="textpart" subtype="fragment"><cit>
          <quote xml:lang="grc"><p><milestone n="1" unit="section"/>ὅτι Κελτῶν Σενόνων πολὺ πλῆθος
              Τυρρηνοῖς συνεμάχουν κατὰ Ῥωμαίων. Ῥωμαῖοι δὲ ἐς τὰς Σενόνων πόλεις ἐπρέσβευον, καὶ
              ἐνεκάλουν ὅτι ὄντες ἔνσπονδοι μισθοφοροῦσι κατὰ Ῥωμαίων. τούσδε τοὺς πρέσβεις
              Βριτόμαρις μετὰ τῶν κηρυκείων καὶ τῆς ἱερᾶς στολῆς κατέτεμεν ἐς πολλὰ καὶ διέρριψεν,
              ἐγκαλῶν ὅτι αὐτοῦ ὁ πατὴρ ἐν Τυρρηνίᾳ πολεμῶν ἀνῄρητο ὑπὸ Ῥωμαίων. Κορνήλιος δὲ ὁ
              ὕπατος τοῦ μύσους ἐν ὁδῷ πυθόμενος τὰ μὲν Τυρρηνῶν εἴασεν, ἐς δὲ τὰς Σενόνων πόλεις
              συντόνῳ σπουδῇ διὰ Σαβίνων καὶ Πικεντίνων ἐσβαλὼν πάντα καθῄρει καὶ ἐνεπίμπρη, καὶ τὰς
              μὲν γυναῖκας καὶ τὰ παιδία ἠνδραποδίζετο, τοὺς δὲ ἡβῶντας πάντας ἔκτεινε, πλὴν
              Βριτομάριος, ὃν δεινῶς αἰκισάμενος ἦγεν ἐς τὸν θρίαμβον.</p>
            <p><milestone n="2" unit="section"/>οἱ δὲ Σενόνων, ὅσοι ἦσαν ἐν Τυρρηνίᾳ, πυθόμενοι
              ἀνῃρῆσθαι, Τυρρηνοὺς ἦγον ἐπὶ Ῥώμης. καὶ πολλῶν μεταξὺ γενομένων οἱ Σένονες, οὔτε
              πατρίδας ἔχοντες ἐς ἃς διαφύγωσιν, ὀργιζόμενοί τε τῶν γεγονότων, ἐνέπιπτον τῷ Δομιτίῳ
              καὶ διεφθάρησαν πολλοί. τὸ δὲ λοιπὸν σφᾶς αὐτοὺς διεχρῶντο μανικῶς. καὶ δίκη μὲν ἥδε
              παρανομίας ἐς πρέσβεις ἐγένετο Σένοσιν.</p></quote>
          <bibl>υ. π. 343.</bibl>
        </cit></div>
        <div n="VII" type="textpart" subtype="fragment"><cit>
          <quote xml:lang="grc"><p><milestone n="1" unit="section"/>ὅτι Κορνήλιος ἐπὶ καταφράκτων
              δεκα νεῶν ἐθεᾶτο τὴν μεγάλην Ἑλλάδα, καί τις ἐν Τάραντι δημαγωγὸς Φιλόχαρις, αἰσχρῶς
              τε βεβιωκὼς καὶ παρὰ τοῦτο καλούμενος Θαΐς, παλαιῶν τοὺς Ταραντίνους ἀνεμίμνησκε
              συνθηκῶν, μὴ πλεῖν Ῥωμαίους πρόσω Λακινίας ἄκρας, παροξύνας τε ἔπεισεν ἐπαναχθῆναι τῷ
              Κορνηλίῳ. καὶ τέσσαρας μὲν αὐτοῦ ναῦς κατέδυσαν οἱ Ταραντῖνοι, μίαν δὲ ἔλαβον αὐτοῖς
              ἀνδράσιν. ἔς τε Θουρίους ἐγκλήματα ποιούμενοι ὅτι Ἕλληνες ὄντες ἐπὶ Ῥωμαίους κατέφυγον
              ἀντὶ σφῶν, καὶ παρελθεῖν αὐτοὺς ἐπέκεινα αἴτιοι μάλιστα ἐγεγένηντο, τοὺς μὲν ἐπιφανεῖς
              αὐτῶν ἐξέβαλον, τὴν δὲ πόλιν διήρπασαν, καὶ τοὺς Ῥωμαίων φρουροὺς ὑποσπόνδους
              ἀφῆκαν.</p>
            <p><milestone n="2" unit="section"/>Ῥωμαῖοι δὲ τούτων πυθόμενοι πρέσβεις ἐς Ταραντα
              πέμπουσι, τοὺς μὲν αἰχμαλώτους κελεύοντες, οὓς οὐ πολεμοῦντας ἀλλὰ θεωμένους ἔλαβον,
              ἀποδοῦναι, Θουρίων δʼ οὓς ἐξέβαλον, εἰς τὴν πόλιν καταγαγεῖν, ἅ τε διηρπάκεσαν αὐτούς,
              ἢ τὴν ζημίαν τῶν ἀπολομένων, ἀποτῖσαι, σφίσι δʼ ἐκδοῦναι τοὺς αἰτίους τῆς παρανομίας,
              εἰ Ῥωμαίων ἐθέλουσιν εἶναι φίλοι. οἱ δὲ τοὺς πρέσβεις μόλις ποτὲ ἐπὶ τὸ κοινὸν
              ἐπήγαγον, καὶ ἐπελθόντας ἐχλεύαζον εἴ τι μὴ καλῶς ἑλληνίσειαν· ἔσκωπτον δὲ καὶ τὴν
              στολὴν αὐτῶν καὶ τὸ ἐπιπόρφυρον. Φιλωνίδης δέ τις, ἀνὴρ γελοῖος καὶ φιλοσκώμμων,
              Ποστουμίῳ τῷ τῆς πρεσβείας ἡγουμένῳ προσελθὼν ἀπεστράφη τε, καὶ ἐπικύψας τὴν ἐσθῆτα
              ἀνεσύρατο τὴν ἑαυτοῦ, καὶ τοῦ πρεσβευτοῦ κατησχημόνησεν. καὶ τὸ μὲν θέατρον ἔπαιζεν ὡς
              ἐπὶ γελοίῳ, Ποστούμιος δὲ προτείνας τὸ μεμολυσμένον, <q>ἐκπλυνεῖτε,</q> ἔφη, <q>τοῦτο
                αἵματι πολλῷ, τοιούτοις ἀρεσκόμενοι γέλωσιν.</q> καὶ οὐδὲν τῶν Ταραντίνων
              ἀποκριναμένων ἀπῆλθον οἱ πρέσβεις. ὁ δὲ Ποστούμιος τὴν ὕβριν ἐκ τῆς ἐσθῆτος οὐκ
              ἀποπλύνας ἐπέδειξε Ῥωμαίοις,?̔?̓ καὶ ὁ δῆμος ἀγανακτῶν Αἰμιλίῳ πολεμοῦντι Σαυνίταις
              ἐπέστειλε τὰ μὲν Σαυνιτῶν ἐν τῷ παρόντι ἐᾶν, εἰς δὲ τὴν Ταραντίνων εἰσβάλλειν, καὶ
              αὐτοὺς ἐφʼ οἷς ἠξίουν οἱ πρέσβεις ἐς διαλλαγὰς προκαλέσασθαι, ἂν δʼ ἀπειθῶσι, πολεμεῖν
              κατὰ κράτος. ὁ μὲν δὴ τάδε προύτεινε τοῖς Ταραντίνοις, οἱ δὲ οὐκ ἐγέλων ἔτι τὴν
              στρατιὰν ὁρῶντες, ἀλλʼ ἐγίγνοντο ταῖς γνώμαις ἀγχώμαλοι, μέχρι τις ἀποροῦσι καὶ
              βουλευομένοις ἔφη, τὸ μὲν ἐκδοῦναί τινας ἤδη δεδουλωμένων εἶναι, τὸ δὲ πολεμεῖν μόνους
              ἐπισφαλές. <q>εἰ δὲ καὶ τῆς ἐλεὺθερίας ἐγκρατῶς ἑξόμεθα καὶ πολεμήσομεν ἐξ ἴσου,
                Πύρρον ἐξ Ἠπείρου τὸν βασιλέα καλῶμεν, καὶ στρατηγὸν ἀποφήνωμεν τοῦδε τοῦ
                πολέμου.</q> ὃ καὶ γέγονεν.</p></quote>
          <bibl>υ. π. 343.</bibl>
        </cit></div>
        <div n="VIII" type="textpart" subtype="fragment"><cit>
          <quote xml:lang="grc"><p>Οτι μετὰ τὸ ναυάγιον ὁ Πύρρος ὁ βασιλεὺς τῆς Ἠπείρου ἐς τὸν
              Τάραντα κατήγετο, καὶ οἱ Ταραντῖνοι τότε μάλιστα τοὺς βασιλικοὺς ἐβαρύνοντο,
              ἐσοικιζομένους τε παρὰ σφᾶς βίᾳ, καὶ φανερῶς ἐνυβρίζοντας ταῖς αὐτῶν γυναιξὶ καὶ
              παισίν. ὡς δὲ καὶ τὰ συσσίτια σφῶν ὁ Πύρρος καὶ τὰς ἄλλας συνόδους καὶ διατριβὰς ὡς οὐ
              πρεπούσας πολέμῳ διέλυε, γυμνάσιά τε ἔνοπλα ἔτασσεν αὐτοῖς, καὶ θάνατον τοῖς ἀμελοῦσιν
              ὥριζε, τότε δὴ καὶ πάμπαν ἀήθεσιν ἔργοις καὶ ἐπιτάγμασι κάμνοντες οἱ Ταραντῖνοι τῆς
              πόλεως ὡς ἀλλοτρίας ἐς τοὺς ἀγροὺς ἀπεδίδρασκον. καὶ ὁ βασιλεὺς τὰς θύρας ἀπέκλειε,
              καὶ φρουρὰς ἐφίστη. καὶ οἱ Ταραντῖνοι τῆς ἀβουλίας σφῶν ᾐσθάνοντο σαφῶς.</p></quote>
          <bibl>ϝαλ. π. 553.</bibl>
        </cit></div>

        <div n="IX" type="textpart" subtype="fragment"><cit>
          <quote xml:lang="grc"><p><milestone n="1" unit="section"/>ὅτι ὅσοι ἐν Ῥηγίῳ Ῥωμαίων ἐπὶ
              σωτηρίᾳ καὶ φυλακῇ τῆς πόλεως, μή τι πάθοιεν ὑπὸ τῶν ἐχθρῶν, παρέμενον, αὐτοί τε καὶ
              Δέκιος ὁ ἡγεμὼν αὐτῶν, τοῖς ἀγαθοῖς τῶν Ῥηγίνων φθονήσαντες, καὶ φυλάξαντες αὐτοὺς
              εὐωχουμένους ἐν ἑορτῇ διέφθειραν, καὶ ταῖς γυναιξὶν ἀκουσίαις συνῆσαν. πρόφασιν δὲ τῆς
              παρανομίας ἔφερον ὅτι Ῥηγῖνοι τὴν φρουρὰν προεδίδοσαν Πύρρῳ. καὶ Δέκιος μὲν ἀντὶ
              φρουράρχου τύραννος ἦν, καὶ φιλίαν ἔθετο Μαμερτίνοις τοῖς ἐπὶ τοῦ πορθμοῦ τοῦ
              Σικελικοῦ κατῳκημένοις, οὐ πρὸ πολλοῦ κἀκείνοις ἐς ἰδίους ξένους ὅμοια δεδρακόσιν.</p>
            <p><milestone n="2" unit="section"/>ἀλγήσαντα δʼ αὐτὸν τοῖς ὀφθαλμοῖς, καὶ τοῖς ἐν Ῥηγίῳ
              ἰατροῖς ἀπιστοῦντα, μετάπεμπτος ἀπὸ Μεσσήνης ἐθεράπευε Ῥηγῖνος ἀνήρ, μετῳκηκὼς ἐς
              Μεσσήνην πρὸ πολλοῦ, ὅτι Ῥηγῖνος ἦν ἀγνοούμενος. οὗτος αὐτὸν ἔπεισεν ἐπὶ ἀπαλλαγῇ
              συντόμῳ φαρμάκων ἀνασχέσθαι θερμῶν, καὶ χρίσας τοῖς κατακαίουσι καὶ δαπανῶσιν
              ἐκέλευσεν ἀνασχέσθαι τοῦ πόνου μέχρι αὐτὸς ἐπανέλθοι, καὶ λαθὼν ἔπλευσεν ἐς Μεσσήνην.
              ὁ δʼ ἐς πολὺ τῆς ὀδύνης ἀνασχόμενος ἀπενίψατο, καὶ εὗρε τοὺς ὀφθαλμοὺς δεδαπανημένους.
              </p><milestone n="3" unit="section"/><p>Φαβρίκιος δὲ ὑπὸ Ῥωμαίων ἐπὶ διορθώσει τῶνδε
              πεμφθεὶς τήν τε πόλιν τοῖς ἔτι Ῥηγίνοις λοιποῖς ἀπεδίδου, καὶ τῶν φρουρῶν τοὺς αἰτίους
              τῆς ἀποστάσεως ἐς Ῥώμην ἔπεμψεν, οἳ μαστιγωθέντες ἐν ἀγορᾷ μέσῃ τὰς κεφαλὰς ἀπεκόπησαν
              καὶ ἐξερρίφησαν ἄταφοι. Δέκιος δὲ φυλασσόμενος ἀμελῶς, οἷα πηρός, ἑαυτὸν
              διεχρήσατο.</p></quote>
          <bibl>ιδ. ιβ.</bibl>
        </cit></div>
        <div n="X" type="textpart" subtype="fragment"><cit>
          <quote xml:lang="grc"><p><milestone n="1" unit="section"/>ὅτι ὁ Πύρρος ὁ βασιλεὺς τῆς
              Ἠπείρου, νικήσας τοὺς Ῥωμαίους καὶ ἀναλαβεῖν χρῄζων τὴν στρατιὰν ἐκ μάχης εὐτόνου, καὶ
              Ῥωμαίους ἐλπίζων ἐς διαλύσεις τότε μάλιστα ἐνδώσειν, ἔπεμπεν ἐς Ῥώμην Κινέαν τὸν
              Θεσσαλόν, δόξαν ἐπὶ λόγοις ἔχοντα μιμεῖσθαι τὴν Δημοσθένους ἀρετήν. καὶ παρελθὼν ὁ
              Κινέας ἐς τὸ βουλευτήριον ἄλλα τε πολλὰ περὶ τοῦ βασιλέως ἐσεμνολόγει, καὶ τὴν ἐπὶ τῷ
              ἀγῶνι μετριοπάθειαν κατελογίζετο, μήτʼ ἐπὶ τὴν πόλιν εὐθὺς ἐλάσαντος μήτʼ ἐπὶ τὸ
              ἡσσημένον στρατόπεδον· ἐδίδου δʼ αὐτοῖς εἰρήνην καὶ φιλίαν καὶ συμμαχίαν πρὸς Πύρρον,
              εἰ Ταραντίνους μὲν ἐς ταῦτα συμπεριλάβοιεν, τοὺς δʼ ἄλλους Ἕλληνας τοὺς ἐν Ἰταλίᾳ
              κατοικοῦντας ἐλευθέρους καὶ αὐτονόμους ἐῷεν, Λευκανοῖς δὲ καὶ Σαυνίταις καὶ Δαυνίοις
              καὶ Βρεττίοις ἀποδοῖεν ὅσα αὐτῶν ἔχουσι πολέμῳ λαβόντες. καὶ γιγνομένων ἔφη τούτων
              Πύρρον ἀποδώσειν αὐτοῖς τοὺς αἰχμαλώτους ἄνευ λύτρων.</p>
            <p><milestone n="2" unit="section"/>οἱ δʼ ἐνεδοίαζον ἐπὶ πλεῖστον, τῇ τε δόξῃ τοῦ Πύρρου
              καὶ τῷ συμβεβηκότι πάθει καταπλαγέντες, ἕως Ἄππιος Κλαύδιος, ὁ Καῖκος ἐπίκλησιν, ἤδη
              τετυφλωμένος, ἐς τὸ βουλευτήριον τοῖς παισὶν αὑτὸν ἀγαγεῖν κελεύσας, <q>ἠχθόμην,</q>
              εἶπεν, <q>ὅτι μὴ βλέπω· νῦν δʼ ὅτι ἀκούω. τὰ γὰρ τοιαῦτα ὑμῶν βουλεύματα ἠξίουν μήθʼ
                ὁρᾶν μήτʼ ἀκούειν, οἳ διʼ ἓν ἀτύχημα ἀθρόως οὕτως ἑαυτῶν ἐκλέλησθε, καὶ τὸν τοῦτο
                δράσαντα αὐτόν τε καὶ τοὺς ἐπαγαγομένους αὐτὸν βουλεύεσθε φίλους ἀντὶ πολεμίων
                θέσθαι, καὶ τὰ τῶν προγόνων κτήματα Λευκανοῖς καὶ Βρεττίοις δοῦναι. τί τοῦτʼ ἐστὶν ἢ
                Ῥωμαίους ἐπὶ Μακεδόσι γενέσθαι; καὶ ταῦτά τινες εἰρήνην ἀντὶ δουλείας τολμῶσιν
                ὀνομάζειν.</q> ἄλλα τε πολλὰ ὅμοια τούτοις ὁ Ἄππιος εἰπὼν καὶ ἐρεθίσας, ἐσηγήσατο
              Πύρρον, εἰ δέοιτο τῆς Ῥωμαίων φιλίας καὶ συμμαχίας, ἐξ Ἰταλίας ἀπελθόντα πρεσβεύειν,
              παρόντα δὲ μήτε φίλον ἡγεῖσθαι μήτε σύμμαχον μήτε Ῥωμαίοις δικαστὴν ἢ διαιτητήν.</p>
            <p><milestone n="3" unit="section"/>καὶ ἡ βουλὴ ταῦθʼ ἅπερ καὶ Ἄππιος εἶπεν ἀπεκρίνατο
              Κινέᾳ. Λαιουίνῳ δʼ ἄλλα δύο τέλη καταλέγοντες ἐκήρυξαν οὕτως, εἴ τις ἀντὶ τῶν
              ἀπολωλότων αὑτὸν ἐπιδίδωσιν, ἐς τὴν στρατιὰν ἀπογράφεσθαι. καὶ ὁ Κινέας ἔτι παρών, καὶ
              θεώμενος αὐτοὺς ὠθουμένους ἐς τὰς ἀπογραφάς, λέγεται πρὸς τὸν Πύρρον ἐπανελθὼν εἰπεῖν
              ὅτι πρὸς ὕδραν ἐστὶν αὐτοῖς ὁ πόλεμος. οἱ δὲ οὐ Κινέαν ἀλλὰ Πύρρον αὐτὸν εἰπεῖν τοῦτο
              τὸ ἔπος, ἰδόντα τὴν στρατιὰν τῶν Ῥωμαίων τῆς προτέρας πλείονα· καὶ γὰρ ὁ ἕτερος ὕπατος
              τῷ Λαιουίνῳ Κορουγκάνιος ἧκεν ἐκ Τυρρηνίας μεθʼ ἧς εἶχε παρασκευῆς. λέγεται δὲ καὶ
              τἆλλα περὶ τῆς Ῥώμης πυνθανομένῳ Πύρρῳ Κινέας εἰπεῖν ὅτι πόλις ἐστὶ στρατηγῶν ὅλη, καὶ
              τοῦ Πύρρου θαυμάσαντος μεταλαβὼν φάναι, <q>βασιλέων μᾶλλον ἢ στρατηγῶν.</q> Πύρρος δʼ,
              ὡς οὐδὲν εἰρηναῖόν οἱ παρὰ τῆς βουλῆς ἀπήντησεν, ἐπὶ τὴν Ῥώμην ἠπείγετο, πάντα δῃῶν.
              καὶ φθάνει μὲν ἐς πόλιν Ἀναγνίαν, βαρεῖαν δʼ ἔχων ἤδη τὴν στρατιὰν ὑπὸ λείας καὶ
              πλήθους αἰχμαλώτων, ἀναθέμενος μάχην ἀνέστρεφεν ἐπὶ Καμπανίας, ἡγουμένων τῶν
              ἐλεφάντων, καὶ τὴν στρατιὰν ἐς χειμασίαν κατὰ πόλεις διῄρει.</p>
            <p><milestone n="4" unit="section"/>Ῥωμαίων δὲ πρέσβεις αὐτὸν ἠξίουν λῦσαι τῇ πόλει τοὺς
              αἰχμαλώτους, ἢ ἀντιλαβεῖν ὅσους ἔχουσι Ταραντίνων καὶ τῶν ἄλλων συμμάχων αὐτοῦ. ὁ δὲ
              σπενδομένοις μὲν ἔφη, καθάπερ προεῖπε Κινέας, χαριεῖσθαι τοὺς αἰχμαλώτους, πολεμοῦσι
              δʼ οὐ δώσειν ἐφʼ ἑαυτὸν ἄνδρας τοιούτους καὶ τοσούτους. ἐξένιζε δʼ αὐτοὺς βασιλικῶς,
              καὶ τὸν τῆς πρεσβείας ἡγούμενον Φαβρίκιον πυνθανόμενος ἐν τῇ πόλει μέγα δύνασθαι καὶ
              δεινῶς πένεσθαι καθωμίλει, λέγων, εἰ πράξειεν αὐτῷ τὰς διαλύσεις, ὑποστράτηγον καὶ
              κοινωνὸν τῶν παρόντων ἀγαθῶν ἀπάξειν ἐς Ἤπειρον. χρήματά τε αὐτὸν λαβεῖν ἐντεῦθεν ἤδη
              παρεκάλει, πρόφασιν ὡς δώσοντα τοῖς τὴν εἰρήνην ἐργασαμένοις. ἐπιγελάσας δʼ ὁ
              Φαβρίκιος περὶ μὲν τῶν κοινῶν οὐδʼ ἀπεκρίνατο, <q>τὴν δʼ ἐμήν,</q> ἔφη, <q>παρρησίαν
                οὔτε τῶν σῶν φίλων οὐδεὶς οὔτε αὐτὸς οἴσεις σύ, ὦ βασιλεῦ· καὶ τὴν πενίαν τὴν
                ἐμαυτοῦ μακαρίζω μᾶλλον ἢ τὸν τῶν τυράννων πλοῦτον ὁμοῦ καὶ φόβον.</q> οἱ δὲ οὐχ
              οὕτω φασὶν αὐτόν, ἀλλʼ ὅτι μου τῆς φύσεως Ἠπειρῶται μεταλαβόντες ἐμὲ σοῦ προθήσουσιν. </p>
            <p><milestone n="5" unit="section"/>ὁποτέρως δʼ οὖν ἀπεκρίνατο, θαυμάσας αὐτὸν τοῦ
              φρονήματος ὁ Πύρρος ἑτέραν ὁδὸν ἐς τὰς διαλλαγὰς ἐπενόει, καὶ τοὺς αἰχμαλώτους ἐς τῶν
              Κρονίων τὴν ἑορτὴν ἔπεμπεν ἄνευ φυλάκων, ἐφʼ ᾧ, δεχομένης μὲν τῆς πόλεως ἃ ὁ Πύρρος
              προτείνει, μένειν καὶ τῆς αἰχμαλωσίας ἀπολελύσθαι, μὴ δεχομένης δὲ ἑορτάσαντας
              ἐπανήκειν ἐς αὐτόν. τούτους ἡ βουλή, πάνυ παρακαλοῦντας καὶ ἐνάγοντας ἐς τὰς
              διαλύσεις, ἐκέλευσεν ἑορτάσαντας Πύρρῳ παραδοῦναι σφᾶς αὐτοὺς ἐν ἡμέρᾳ ῥητῇ, καὶ
              θάνατον ἐπέταξε τοῖς ἀπολειφθεῖσι τῆς ἡμέρας. οἱ δὲ καὶ αὐτὴν ἅπαντες ἐφύλαξαν, καὶ
              Πύρρῳ πολεμητέα πάντως αὖθις ἐδόκει.</p></quote>
          <bibl>υ. π. 345.</bibl>
        </cit></div>
        <div n="XI" type="textpart" subtype="fragment"><cit>
          <quote xml:lang="grc"><p><milestone n="1" unit="section"/>ὅτι τὸν Πύρρον ἤδη μὲν τὰ
              Ῥωμαίων κατέπλησσεν, ἐτάρασσε δὲ καὶ τὰ ἐν Μολοσσοῖς θορυβούμενα. Ἀγαθοκλῆς τε, ἄρχων
              Σικελίαν ἄρτι ἐτεθνήκει, οὗ θυγατέρα Λάνασσαν ἔχων ο Πύρρος ἐν ταῖς γυναιξί, τὴν νῆσον
              οἰκείαν ἀντὶ τῆς Ἰταλίας περιεβλέπετο. ὤκνει δʼ ὅμως ἔτι τοὺς ἐπικαλέσαντας ἄνευ τινὸς
              εἰρήνης καταλιπεῖν. ἄσμενος οὖν τῆς προφάσεως τῆς περὶ τὸν αὐτόμολον ἐπιβὰς ἐμαρτύρει
              τοῖς ὑπάτοις, καὶ Κινέαν ἔπεμπεν ἐς Ῥώμην χάριν ὁμολογήσοντα τῆς σωτηρίας τοῦ
              βασιλέως, καὶ τοὺς αἰχμαλώτους ἀμοιβὴν ἄγοντα, εἰρήνην τε ὅτῃ δύναιτο πράξοντα. δῶρα
              δʼ ὁ Κινέας ἔφερε πολλὰ μὲν ἀνδράσι πολλὰ δὲ γυναιξί, φιλοχρήματον καὶ φιλόδωρον εἶναι
              τὴν πόλιν πυθόμενος, καὶ τὰς γυναῖκας ἰσχύειν παρὰ Ῥωμαίοις ἐκ παλαιοῦ.</p>
            <p><milestone n="2" unit="section"/>οἱ δὲ περὶ μὲν τῶν δώρων ἐνεκελεύσαντο ἀλλήλοις· καί
              φασιν οὐδένα λαβεῖν οὐδέν, οὔτε ἄνδρα οὔτε γυναῖκα. ἀπεκρίναντο δʼ αὐτῷ, καθὰ καὶ
              πρότερον, ἀπελθόντα Πύρρον ἐξ Ἰταλίας πρεσβεύειν πρὸς αὐτοὺς ἄνευ δώρων· ἀπορήσειν γὰρ
              οὐδενὸς τῶν δικαίων. τοὺς δὲ πρέσβεις καὶ αὐτοὶ πολυτελῶς ἐξένιζον, καὶ Πύρρῳ τοὺς
              Ταραντίνων καὶ τῶν ἄλλων αὐτοῦ συμμάχων αἰχμαλώτους ἀντέπεμπον. ὁ μὲν δὴ Πύρρος ἐπὶ
              τούτοις ἐς Σικελίαν διέπλει μετά τε τῶν ἐλεφάντων <gap reason="lost"/> καὶ ὀκτακισχιλίων ἱππέων,
              ὑποσχόμενος τοῖς συμμάχοις ἐκ Σικελίας ἐπανήξειν ἐς τὴν Ἰταλίαν. καὶ ἐπανῆλθεν ἔτει
              τρίτῷ, Καρχηδονίων αὐτὸν ἐξελασάντων ἐκ Σικελίας.</p></quote>
          <bibl>ιδ. π. 348.</bibl>
        </cit></div>
        <div n="XII" type="textpart" subtype="fragment"><cit>
          <quote xml:lang="grc"><p><milestone n="1" unit="section"/>ὅτι Πύρρος μετὰ τὴν μάχην καὶ
              τὰς πρὸς Ῥωμαίους συνθήκας ἐς Σικελίαν διέπλει, ὑποσχόμενος τοῖς συμμάχοις ἐκ Σικελίας
              ἐπανήξειν ἐς Ἰταλίαν. καὶ ἐπανῆλθεν ἔτει τρίτῳ, Καρχηδονίων αὐτὸν ἐξελασάντων ἐκ
              Σικελίας, ἤδη καὶ τοῖς Σικελιώταις βαρὺν ἐπί τε ξενίαις καὶ χορηγίαις καὶ φρουραῖς καὶ
              ἐσφοραῖς γενόμενον. ὁ μὲν δὴ πλούσιος ἐν τῶνδε γεγονὼς ἐς τὸ Ῥήγιον διέπλει ναυσὶ
              καταφράκτοις δέκα καὶ ἑκατόν, φορτίσι δὲ καὶ ὁλκάσι πολὺ πλείοσιν· οἱ δὲ Καρχηδόνιοι
              διαναυμαχήσαντες αὐτῷ κατέδυσαν ναῦς ἑβδομήκοντα, καὶ τὰς λοιπὰς ἄπλους ἐποίησαν, πλὴν
              δώδεκα μόνων, αἷς ὁ Πύρρος διαφυγὼν ἐτίνυτο Λοκροὺς τοὺς ἐπιζεφυρίους, ὅτι φρουρὰν
              αὐτοῦ καὶ τὸν φρούραρχον αὐτῆς, ὑβρίσαντας ἐς αὐτούς, ἀνῃρήκεσαν. ὠμῶς δʼ αὐτοὺς καὶ
              πικρῶς κτείνων τε καὶ συλῶν ὁ Πύρρος οὐδὲ τῶν ἀναθημάτων τῆς Περσεφόνης ἀπέσχετο,
              ἐπισκώψας τὴν ἄκαιρον θεοσέβειαν εἶναι δεισιδαιμονίαν, τὸ δὲ συλλέξαι πλοῦτον ἄπονον
              εὐβουλίαν.</p>
            <p><milestone n="2" unit="section"/>ἀναχθέντα δʼ αὐτὸν μετὰ τῶν σύλων χειμὼν ὑπέλαβε,
              καὶ τῶν νεῶν τὰς μὲν κατέδυσε καὶ διέφθειρεν αὐτοῖς ἀνδράσι, τὰς δʼ ἐς τὴν γῆν
              ἐξέρριψεν. τὰ δὲ ἱερὰ πάντα σῶα ὁ κλύδων ἐς τοὺς Λοκρῶν λιμένας ἐπανήγαγεν, ὥστε καὶ
              Πύρρον ὀψὲ τῆς ἀσεβείας αἰσθόμενον ἀναθεῖναί τε αὐτὰ ἐς τὸ ἱερὸν τῇ Περσεφόνῃ, καὶ
              θυσίαις ἱλάσκεσθαι τὴν θεὸν πολλαῖς. τῶν δὲ ἱερῶν οὐκ ἀπαντώντων ἔτι μᾶλλον
              ἐξεμαίνετο, καὶ τοὺς περὶ τῆς ἱεροσυλίας αὐτῷ συμβουλεύσαντας ἢ λέγοντι συνθεμένους, ἢ
              διακονησαμένους τὸ ἔργον, ἔκτεινεν. ὁ μὲν δὴ Πύρρος οὕτως ἐπεπράχει κακῶς.</p></quote>
          <bibl>ϝαλ. π. 554.</bibl>
        </cit></div>
      </div>
      </div>
    </body>
  </text>

</TEI>