<?xml version="1.0" encoding="UTF-8"?>
<?xml-model href="http://stoa.org/epidoc/schema/latest/tei-epidoc.rng"? schematypens="http://relaxng.org/ns/structure/1.0"?>
<TEI xmlns="http://www.tei-c.org/ns/1.0">
<teiHeader>
<fileDesc>
<titleStmt>
<title>Virtues and Vices</title>
<title type="sub">Machine readable text</title>
<author>Aristotle</author>
<editor role="editor">I. Bekker</editor>
<sponsor>Perseus Project, Tufts University</sponsor>
<principal>Gregory Crane</principal>
<respStmt>
<resp>Prepared under the supervision of</resp>
<name>Lisa Cerrato</name>
<name>William Merrill</name>
<name>Elli Mylonas</name>
<name>David Smith</name>
</respStmt>
<funder n="org:AnnCPB">The Annenberg CPB/Project</funder>
</titleStmt>
<publicationStmt>
<publisher>Trustees of Tufts University</publisher>
<pubPlace>Medford, MA</pubPlace>
<authority>Perseus Project</authority>
	<idno type="filename">tlg0086.tlg045.perseus-grc2.xml</idno>
</publicationStmt>
<sourceDesc>
<listBibl>
<biblStruct>
	<monogr>
		<title xml:lang="grc">Aristotle's Opera</title>
		<editor>
			<persName>
				<name>Immanuel Bekker</name>
			</persName>
		</editor>
		<author ref="urn:cts:greekLit:tlg0086">Aristotle</author>
		<imprint>
			<publisher>Reimer</publisher>
			<pubPlace>Berlin</pubPlace>
			<date>1831</date>
		</imprint>
		<biblScope unit="volume">6</biblScope>
	</monogr>
	<ref target="http://www.archive.org/stream/aristotelisopera02arisrich#page/1248/mode/2up">Internet Archive</ref>
</biblStruct>
</listBibl>
</sourceDesc>
</fileDesc>
<encodingDesc>
	<p>Text encoded in accordance with the latest EpiDoc standards (January 2014)</p>
<refsDecl n="CTS">
	<cRefPattern n="section" matchPattern="(\w+)" replacementPattern="#xpath(/tei:TEI/tei:text/tei:body/tei:div/tei:div[@n='$1'])"></cRefPattern>
<!-- <state delim=" " n="chunk" unit="bekker page"/>
<state unit="bekker line"/> -->
</refsDecl>
</encodingDesc>
<profileDesc>
<langUsage>
<language ident="grc">Greek</language>
</langUsage>
</profileDesc>
<revisionDesc>
<change when="2018-07-10" who="Daniel Whittle">CTS and EpiDoc conversion</change>
<change when="2011-01-01" who="gcrane">QUOTE tags added, DEL tags added, ADD tags added, GAP entities added</change>
<change when="2010-06-16" who="rsingh04">cleaned up bad place tags in a few texts and cleaned up the document format</change>
<change when="2009-12-04" who="lcerrato">fixed typo Vir. 1251b a)ge/neis to a)ge/neia</change>
<change when="2009-10-08" who="rsingh04">began reorganizing texts module by collection.  created separate work directory in texts module to keep hopper files separate from in progress files</change>
<change when="2005-07-25" who="packel">Converted to XML</change>
<change when="2005-03-31" who="mimno">Bekker pages are milestones</change>
<change when="2003-07-01" who="yorkc">Updated texts to TEI P4 and Perseus P4 extensions; minor cleanup (esp. character encodings and typos.)</change>
<change when="2000-03-04" who="dasmith">Added separate funder entity to TEI header.</change>
<change when="2000-02-01" who="dasmith">Use LB for Bekker lines.</change>
<change when="2000-01-31" who="dasmith">Use MILESTONEs for citation.</change>
<change when="2000-01-31" who="amahoney">make title the same in both versions (virtues and vices both plural), and convert to P3 while I'm in there (since it's so small)</change>
<change when="2000-01-31" who="AEM">convert to P3</change>
<change who="JN">Tagged in conformance with Prose.g dtd.</change>
<change when="1993-04-21" who="staff">Text was scanned at St. Olaf Spring 1992</change>
</revisionDesc>
</teiHeader>
<text>
<body>
	<div type="edition" xml:lang="grc" n="urn:cts:greekLit:tlg0086.tlg0045.perseus-grc2">
		<div type="textpart" subtype="section" resp="perseus" n="1249">
			
			<milestone unit="section" resp="bekker" n="1249a"/>
			<milestone unit="line" resp="bekker" n="26"/>
<p>ἐπαινετὰ μέν ἐστι τὰ καλά, ψεκτὰ δὲ τὰ αἰσχρά. καὶ τῶν μὲν καλῶν ἡγοῦνται αἱ ἀρεταί, τῶν δʼ αἰσχρῶν αἱ κακίαι. ἐπαινετὰ δʼ ἐστὶ καὶ τὰ αἴτια τῶν ἀρετῶν καὶ τὰ παρεπόμενα ταῖς ἀρεταῖς καὶ τὰ γινόμενα ἀπʼ αὐτῶν καὶ <milestone unit="line" resp="bekker" n="30"/>τὰ ἔργα αὐτῶν, ψεκτὰ δὲ τὰ ἐναντία. τριμεροῦς δὲ τῆς ψυχῆς λαμβανομένης κατὰ Πλάτωνα, τοῦ μὲν λογιστικοῦ
				
	<milestone unit="section" resp="bekker" n="1249b"/>
	<milestone unit="line" resp="bekker" n="26"/> ἀρετή ἐστιν ἡ φρόνησις, τοῦ δὲ θυμοειδοῦς ἥ τε πραότης καὶ ἡ ἀνδρεία, τοῦ δὲ ἐπιθυμητικοῦ ἥ τε σωφροσύνη καὶ ἡ ἐγκράτεια, ὅλης δὲ τῆς ψυχῆς ἥ τε δικαιοσύνη καὶ ἡ ἐλευθεριότης καὶ ἡ μεγαλοψυχία. κακία δʼ ἐστὶ τοῦ μὲν <milestone unit="line" resp="bekker" n="30"/>λογιστικοῦ ἡ ἀφροσύνη, τοῦ δὲ θυμοειδοῦς ἥ τε ὀργιλότης καὶ ἡ δειλία, τοῦ δὲ ἐπιθυμητικοῦ ἥ τε ἀκολασία καὶ ἡ
				
				<milestone unit="section" resp="bekker" n="1250a"/>
<milestone unit="line" resp="bekker" n="1"/>ἀκράτεια, ὅλης δὲ τῆς ψυχῆς ἥ τε ἀδικία καὶ ἀνελευθεριότης καὶ μικροψυχία. </p>
<p>ἔστι δὲ φρόνησις μὲν ἀρετὴ τοῦ λογιστικοῦ, παρασκευαστικὴ τῶν πρὸς εὐδαιμονίαν συντεινόντων. πραότης δʼ <milestone unit="line" resp="bekker" n="5"/>ἐστὶν ἀρετὴ τοῦ θυμοειδοῦς, καθʼ ἣν ὑπὸ ὀργῆς γίνονται δυσκίνητοι. ἀνδρεία δʼ ἐστὶν ἀρετὴ τοῦ θυμοειδοῦς, καθʼ ἣν δυσέκπληκτοί εἰσιν ὑπὸ φόβων τῶν περὶ θάνατον. σωφροσύνη δʼ ἐστὶν ἀρετὴ τοῦ ἐπιθυμητικοῦ, καθʼ ἣν ἀνόρεκτοι γίνονται περὶ τὰς ἀπολαύσεις τῶν φαύλων ἡδονῶν. ἐγκράτεια <milestone unit="line" resp="bekker" n="10"/>δʼ ἐστὶν ἀρετὴ τοῦ ἐπιθυμητικοῦ, καθʼ ἣν κατέχουσι τῷ λογισμῷ τὴν ἐπιθυμίαν ὁρμῶσαν ἐπὶ τὰς φαύλας ἡδονάς. δικαιοσύνη δʼ ἐστὶν ἀρετὴ ψυχῆς διανεμητικὴ τοῦ κατʼ ἀξίαν. ἐλευθεριότης δʼ ἐστὶν ἀρετὴ ψυχῆς εὐδάπανος εἰς τὰ καλά. μεγαλοψυχία δʼ ἐστὶν ἀρετὴ ψυχῆς, καθʼ ἣν δύναται φέρειν <milestone unit="line" resp="bekker" n="15"/>εὐτυχίαν καὶ ἀτυχίαν καὶ τιμὴν καὶ ἀτιμίαν. </p>
<p>ἀφροσύνη δʼ ἐστὶ κακία τοῦ λογιστικοῦ, αἰτία τοῦ ζῆν κακῶς. ὀργιλότης δʼ ἐστὶ κακία τοῦ θυμοειδοῦς, καθʼ ἣν εὐκίνητοι γίνονται πρὸς ὀργήν. δειλία δʼ ἐστὶ κακία τοῦ θυμοειδοῦς, καθʼ ἣν ἐκπλήττονται ὑπὸ φόβων, καὶ μάλιστα <milestone unit="line" resp="bekker" n="20"/>τῶν περὶ θάνατον. ἀκολασία δʼ ἐστὶ κακία τοῦ ἐπιθυμητικοῦ, καθʼ ἣν αἱροῦνται τὰς φαύλας ἡδονάς. <del>περὶ μὲν τῆς ἀκρατείας οὐδέν· οὕτω δὲ σὺ δύνασαι ὁρίζειν.</del> ἀκράτεια δʼ ἐστὶ κακία τοῦ ἐπιθυμητικοῦ, καθʼ ἣν παρασύρουσι τῇ ἀλογίᾳ τὴν ἐπιθυμίαν ὠθοῦσαν ἐπὶ τὰς τῶν φαύλων ἡδονῶν ἀπολαύσεις. <milestone unit="line" resp="bekker" n="25"/>ἀδικία δʼ ἐστὶ κακία ψυχῆς, καθʼ ἣν πλεονεκτικοὶ γίνονται παρὰ τὴν ἀξίαν. ἀνελευθερία δʼ ἐστὶ κακία ψυχῆς, καθʼ ἣν ὀρέγονται τοῦ πανταχόθεν κέρδους. μικροψυχία δʼ ἐστὶ κακία ψυχῆς, καθʼ ἣν ἀδύνατοί εἰσι φέρειν εὐτυχίαν καὶ ἀτυχίαν καὶ τιμὴν καὶ ἀτιμίαν. <milestone unit="line" resp="bekker" n="30"/>
</p>
<p>τῆς δὲ φρονήσεώς ἐστι τὸ βουλεύσασθαι, τὸ κρῖναι τὰ ἀγαθὰ καὶ τὰ κακὰ καὶ πάντα τὰ ἐν τῷ βίῳ αἱρετὰ καὶ φευκτά, τὸ χρῆσθαι πᾶσι καλῶς τοῖς ὑπάρχουσιν ἀγαθοῖς, τὸ ὁμιλῆσαι ὀρθῶς, τὸ συνιδεῖν τοὺς καιρούς, τὸ ἀγχίνως χρήσασθαι καὶ λόγῳ καὶ ἔργῳ, τὸ τὴν ἐμπειρίαν ἔχειν <milestone unit="line" resp="bekker" n="35"/>τῶν χρησίμων πάντων. ἡ μνήμη δὲ καὶ ἐμπειρία καὶ ἀγχίνοια ἤτοι ἀπὸ τῆς φρονήσεως ἑκάστη αὐτῶν ἐστίν, ἢ παρέπεται τῇ φρονήσει· ἢ τὰ μὲν αὐτῶν οἷον συναίτια τῆς φρονήσεώς ἐστι, καθάπερ ἐμπειρία καὶ ἡ μνήμη, τὰ δὲ οἷον μέρη αὐτῆς, οἷον εὐβουλία καὶ ἀγχίνοια. πραότητος <milestone unit="line" resp="bekker" n="40"/>δʼ ἐστὶ τὸ δύνασθαι φέρειν μετρίως ἐγκλήματα καὶ ὀλιγωρίας, καὶ τὸ μὴ ταχέως ὁρμᾶν ἐπὶ τὰς τιμωρίας, καὶ τὸ μὴ εὐκίνητον εἶναι πρὸς τὰς ὀργάς, ἄπικρον δὲ τῷ ἤθει καὶ ἀφιλόνεικον, ἔχοντα τὸ ἠρεμαῖον ἐν τῇ ψυχῇ καὶ στάσιμον. ἀνδρείας δʼ ἐστὶ τὸ δυσέκπληκτον ὑπὸ φόβων <milestone unit="line" resp="bekker" n="45"/>τῶν περὶ θάνατον, καὶ τὸ εὐθαρσῆ ἐν τοῖς δεινοῖς, καὶ τὸ 
				
				<milestone unit="section" resp="bekker" n="1250b"/>
<milestone unit="line" resp="bekker" n="1"/>εὔτολμον πρὸς τοὺς κινδύνους, καὶ τὸ μᾶλλον αἱρεῖσθαι τεθνάναι καλῶς ἢ αἰσχρῶς σωθῆναι, καὶ τὸ νίκης αἴτιον εἶναι. ἔτι δὲ ἀνδρείας ἐστὶ καὶ τὸ πονεῖν καὶ καρτερεῖν καὶ αἱρεῖσθαι ἀνδραγαθίζεσθαι. παρέπεται δὲ τῇ ἀνδρείᾳ καὶ <milestone unit="line" resp="bekker" n="5"/>ἡ εὐτολμία καὶ ἡ εὐψυχία καὶ τὸ θάρσος καὶ τὸ θράσος, ἔτι δὲ καὶ ἡ φιλοπονία καὶ ἡ καρτερία. σωφροσύνης δʼ ἐστὶ τὸ μὴ θαυμάζειν τὰς ἀπολαύσεις τῶν σωματικῶν ἡδονῶν, καὶ τὸ εἶναι πάσης ἀπολαύσεως αἰσχρᾶς ἡδονῆς ἀνόρεκτον, καὶ τὸ φοβεῖσθαι καὶ τὴν δικαίαν ἄδειαν, καὶ <milestone unit="line" resp="bekker" n="10"/> τὸ τετάσθαι περὶ τὸν βίον ὁμοίως ἔν τε μικροῖς καὶ μεγάλοις. παρέπεται δὲ τῇ σωφροσύνῃ εὐταξία, κοσμιότης, αἰδώς, εὐλάβεια. ἐγκρατείας δʼ ἐστὶ τὸ δύνασθαι κατασχεῖν τῷ λογισμῷ τὴν ἐπιθυμίαν ὁρμῶσαν ἐπὶ φαύλας ἀπολαύσεις καὶ ἡδονάς, καὶ τὸ καρτερεῖν, καὶ τὸ ὑπομονητικὸν <milestone unit="line" resp="bekker" n="15"/> εἶναι τῆς κατὰ φύσιν ἐνδείας καὶ λύπης. δικαιοσύνης δʼ ἐστὶ τὸ διανεμητικὸν εἶναι τοῦ κατʼ ἀξίαν, καὶ σώζειν τὰ πάτρια ἔθη καὶ τὰ νόμιμα, καὶ τὸ σώζειν τοὺς γεγραμμένους νόμους, καὶ τὸ ἀληθεύειν ἐν τῷ διαφέροντι, καὶ τὸ διαφυλάττειν τὰς ὁμολογίας. ἔστι δὲ πρώτη τῶν δικαιοσυνῶν <milestone unit="line" resp="bekker" n="20"/> πρὸς τοὺς θεούς, εἶτα πρὸς δαίμονας, εἶτα πρὸς πατρίδα καὶ γονεῖς, εἶτα πρὸς τοὺς κατοιχομένους· ἐν οἷς ἐστὶν ἡ εὐσέβεια, ἤτοι μέρος οὖσα δικαιοσύνης ἢ παρακολουθοῦσα. ἀκολουθεῖ δὲ τῇ δικαιοσύνῃ καὶ ὁσιότης καὶ ἀλήθεια καὶ ἡ πίστις καὶ ἡ μισοπονηρία. ἐλευθεριότητος δʼ ἐστὶ <milestone unit="line" resp="bekker" n="25"/> τὸ προετικὸν εἶναι χρημάτων εἰς τὰ ἐπαινετά, καὶ δαψιλῆ ἐπὶ τῷ εἰς τὰ δέοντα ἀναλωθῆναι, καὶ τὸ βοηθητικὸν εἶναι ἐν τῷ διαφόρῳ, καὶ τὸ μὴ λαβεῖν ὅθεν μὴ δεῖ. ἔστι δὲ ὁ ἐλευθέριος καὶ περὶ ἐσθῆτα καθαρὸς καὶ περὶ οἴκησιν, καὶ κατασκευαστικὸς τῶν περιττῶν καὶ καλῶν καὶ <milestone unit="line" resp="bekker" n="30"/> διαγωγὴν ἐχόντων ἡδεῖαν ἄνευ τοῦ λυσιτελοῦντος, καὶ θρεπτικὸς τῶν ζῴων τῶν ἴδιον ἐχόντων τι ἢ θαυμαστόν. ἀκολουθεῖ δὲ τῇ ἐλευθεριότητι τοῦ ἤθους ὑγρότης καὶ εὐαγωγία καὶ φιλανθρωπία καὶ τὸ εἶναι ἐλεητικὸν καὶ φιλόφιλον καὶ φιλόξενον καὶ φιλόκαλον. μεγαλοψυχίας δʼ ἐστὶ <milestone unit="line" resp="bekker" n="35"/> τὸ καλῶς ἐνεγκεῖν καὶ εὐτυχίαν καὶ ἀτυχίαν καὶ τιμὴν καὶ ἀτιμίαν, καὶ τὸ θαυμάζειν μήτε τρυφὴν μήτε θεραπείαν μήτε ἐξουσίαν μήτε τὰς νίκας τὰς ἐναγωνίους, ἔχειν δέ τι βάθος τῆς ψυχῆς καὶ μέγεθος. ἔστι δὲ μεγαλόψυχος οὔθʼ ὁ τὸ ζῆν περὶ πολλοῦ ποιούμενος οὔθʼ ὁ φιλόζωος. <milestone unit="line" resp="bekker" n="40"/> ἁπλοῦς δὲ τῷ ἤθει καὶ γενναῖος, ἀδικεῖσθαι δυνάμενος, καὶ οὐ τιμωρητικός. ἀκολουθεῖ δὲ τῇ μεγαλοψυχίᾳ ἁπλότης καὶ ἀλήθεια. </p>
<p>ἀφροσύνης δʼ ἐστὶ τὸ κρίνειν κακῶς τὰ πράγματα, τὸ βουλεύσασθαι κακῶς, τὸ ὁμιλῆσαι κακῶς, τὸ χρήσασθαι <milestone unit="line" resp="bekker" n="45"/> κακῶς τοῖς παροῦσιν ἀγαθοῖς, τὸ ψευδῶς δοξάζειν
				
				<milestone unit="section" resp="bekker" n="1251a"/> 
<milestone unit="line" resp="bekker" n="1"/> περὶ τῶν εἰς τὸν βίον καλῶν καὶ ἀγαθῶν.παρακολουθεῖ δὲ τῇ ἀφροσύνῃ ἀπειρία, ἀμαθία, ἀκρασία, ἐπαριστερότης, ἀμνημοσύνη. ὀργιλότητος δʼ ἐστὶν εἴδη τρία, ἀκροχολία πικρία βαρυθυμία. ἔστι δὲ τοῦ ὀργίλου μὴ δύνασθαι φέρειν <milestone unit="line" resp="bekker" n="5"/> μήτε τὰς μικρὰς ὀλιγωρήσεις μήτε ἐλαττώσεις, εἶναι δὲ κολαστικὸν καὶ τιμωρητικὸν καὶ εὐκίνητον πρὸς ὀργὴν καὶ ὑπὸ ἔργου καὶ ὑπὸ λόγου τοῦ τυχόντος. ἀκολουθεῖ δὲ τῇ ὀργιλότητι τὸ παροξυντικὸν τοῦ ἤθους καὶ εὐμετάβολον, καὶ ἡ πικρολογία, καὶ τὸ ἐπὶ μικροῖς λυπεῖσθαι, καὶ τὸ ταῦτα <milestone unit="line" resp="bekker" n="10"/> πάσχειν ταχέως καὶ παρὰ βραχὺν καιρόν. δειλίας δʼ ἐστὶ τὸ ὑπὸ τῶν τυχόντων φόβων εὐκίνητον εἶναι, καὶ μάλιστα τῶν περὶ θάνατον καὶ τὰς σωματικὰς πηρώσεις, καὶ τὸ ὑπολαμβάνειν κρεῖττον εἶναι ὁπωσοῦν σωθῆναι ἢ τελευτῆσαι καλῶς. ἀκολουθεῖ δὲ τῇ δειλίᾳ μαλακία, ἀνανδρία, <milestone unit="line" resp="bekker" n="15"/> ἀπονία, φιλοψυχία. ὕπεστι δέ τις εὐλάβεια καὶ τὸ ἀφιλόνεικον τοῦ ἤθους. ἀκολασίας δʼ ἐστὶ τὸ αἱρεῖσθαι τὰς ἀπολαύσεις τῶν ἡδονῶν τῶν βλαβερῶν καὶ αἰσχρῶν, καὶ τὸ ὑπολαμβάνειν εὐδαιμονεῖν μάλιστα τοὺς ἐν ταῖς τοιαύταις ἡδοναῖς ὄντας, καὶ τὸ φιλογέλοιον εἶναι καὶ τὸ φιλοσκώπτην <milestone unit="line" resp="bekker" n="20"/> καὶ φιλευτράπελον, καὶ τὸ ῥᾳδιουργὸν εἶναι ἐν τοῖς λόγοις καὶ ἐν τοῖς ἔργοις. ἀκολουθεῖ δὲ τῇ ἀκολασίᾳ ἀταξία, ἀναίδεια, ἀκοσμία, τρυφή, ῥᾳθυμία, ἀμέλεια, ὀλιγωρία, ἔκλυσις. ἀκρασίας δʼ ἐστὶ τὸ κωλύοντος τοῦ λογισμοῦ τὰς ἀπολαύσεις τῶν ἡδονῶν αἱρεῖσθαι, καὶ τὸ ὑπολαμβάνοντα <milestone unit="line" resp="bekker" n="25"/> κρεῖττον εἶναι μὴ μετασχεῖν μὲν αὐτῶν, μετέχειν δὲ μηδὲν ἧττον, καὶ τὸ οἴεσθαι μὲν δεῖν πράττειν καὶ τὰ καλὰ καὶ τὰ συμφέροντα, ἀφίστασθαι δὲ αὐτῶν διὰ τὰς ἡδονάς. ἀκολουθεῖ δὲ τῇ ἀκρασίᾳ μαλακία καὶ μεταμέλεια καὶ τὰ πλεῖστα ταὐτὰ ἃ καὶ τῇ ἀκολασίᾳ. <milestone unit="line" resp="bekker" n="30"/> 
</p>
<p>ἀδικίας δʼ ἐστὶν εἴδη τρία, ἀσέβεια πλεονεξία ὕβρις. ἀσέβεια μὲν ἡ περὶ θεοὺς πλημμέλεια καὶ περὶ δαίμονας ἢ καὶ περὶ τοὺς κατοιχομένους, καὶ περὶ γονεῖς καὶ περὶ πατρίδα· πλεονεξία δὲ περὶ τὰ συμβόλαια, παρὰ τὴν ἀξίαν αἱρουμένη τὸ διάφορον· ὕβρις δέ, καθʼ ἣν τὰς ἡδονὰς αὑτοῖς <milestone unit="line" resp="bekker" n="35"/> παρασκευάζουσιν, εἰς ὄνειδος ἀγαγόντες ἑτέρους, ὅθεν Εὔηνος περὶ αὐτῆς λέγει <quote>
<lg type="trimeter">
<l>ἥτις κερδαίνουσʼ οὐδὲν ὅμως ἀδικεῖ.</l>
</lg>
</quote> ἔστι δὲ τῆς ἀδικίας τὸ παραβαίνειν τὰ πάτρια ἔθη καὶ τὰ νόμιμα, καὶ τὸ ἀπειθεῖν τοῖς νόμοις καὶ τοῖς ἄρχουσι, τὸ
				
				<milestone unit="section" resp="bekker" n="1251b"/> 
<milestone unit="line" resp="bekker" n="1"/> ψεύδεσθαι, τὸ ἐπιορκεῖν, τὸ παραβαίνειν τὰς ὁμολογίας καὶ τὰς πίστεις. ἀκολουθεῖ δὲ τῇ ἀδικίᾳ συκοφαντία, ἀλαζονεία, φιλανθρωπία προσποίητος, κακοήθεια, πανουργία. ἀνελευθερίας δʼ ἐστὶν εἴδη τρία, αἰσχροκερδία φειδωλία <milestone unit="line" resp="bekker" n="5"/> κιμβεία. αἰσχροκερδία μέν, καθʼ ἣν κερδαίνειν ζητοῦσι πανταχόθεν, καὶ τὸ κέρδος τῆς αἰσχύνης περὶ πλείονος ποιοῦνται· φειδωλία δʼ ἐστὶ καθʼ ἣν ἀδάπανοι γίνονται τῶν χρημάτων εἰς τὸ δέον· κιμβεία δʼ ἐστὶ καθʼ ἣν δαπανῶσι μέν, κατὰ μικρὸν δὲ καὶ κακῶς, καὶ πλέον βλάπτονται <milestone unit="line" resp="bekker" n="10"/> τῷ μὴ κατὰ καιρὸν ποιεῖσθαι τὸ διάφορον. ἔστι δὲ τῆς ἀνελευθερίας τὸ περὶ πλείστου ποιεῖσθαι χρήματα, καὶ τὸ μηδὲν ὄνειδος ἡγεῖσθαι τῶν ποιούντων τὸ κέρδος, βίος θητικὸς καὶ δουλοπρεπὴς καὶ ῥυπαρός, φιλοτιμίας καὶ ἐλευθερίας ἀλλότριος. ἀκολουθεῖ δὲ τῇ ἀνελευθεριότητι μικρολογία, <milestone unit="line" resp="bekker" n="15"/> βαρυθυμία καὶ μικροψυχία, ταπεινότης, ἀμετρία, ἀγένεια, μισανθρωπία. μικροψυχίας δʼ ἐστὶ τὸ μήτε τιμὴν μήτε ἀτιμίαν μήτε εὐτυχίαν μήτε ἀτυχίαν δύνασθαι φέρειν, ἀλλὰ τιμώμενον μὲν χαυνοῦσθαι, μικρὰ δὲ εὐτυχήσαντα ὑπεξαίρεσθαι, ἀτιμίαν δὲ μηδὲ τὴν ἐλαχίστην <milestone unit="line" resp="bekker" n="20"/> ἐνεγκεῖν δύνασθαι, ἀπότευγμα δʼ ἄτην καὶ ἀτυχίαν κρίνειν μεγάλην, ὀδύρεσθαι δʼ ἐπὶ πᾶσι καὶ δυσφορεῖν. ἔτι δὲ τοιοῦτός ἐστιν ὁ μικρόψυχος οἷος πάντα τὰ ὀλιγωρήματα καλεῖν ὕβριν καὶ ἀτιμίαν, καὶ τὰ διʼ ἄγνοιαν ἢ λήθην γιγνόμενα. ἀκολουθεῖ δὲ τῇ μικροψυχίᾳ μικρολογία, <milestone unit="line" resp="bekker" n="25"/> μεμψιμοιρία, δυσελπιστία, ταπεινότης. </p>
<p>καθόλου δὲ τῆς μὲν ἀρετῆς ἐστὶ τὸ ποιεῖν σπουδαίαν τὴν διάθεσιν περὶ τὴν ψυχήν, ἠρεμαίαις καὶ τεταγμέναις κινήσεσι χρωμένην, συμφωνοῦσαν κατὰ πάντα τὰ μέρη· διὸ καὶ δοκεῖ παράδειγμα πολιτείας ἀγαθῆς εἶναι ψυχῆς <milestone unit="line" resp="bekker" n="30"/> σπουδαία διάθεσις. ἔστι δὲ ἀρετῆς καὶ τὸ εὐεργετεῖν τοὺς ἀξίους, καὶ τὸ φιλεῖν τοὺς ἀγαθούς, καὶ τὸ μήτε κολαστικὸν εἶναι μήτε τιμωρητικόν, ἀλλὰ ἵλεων καὶ εὐμενικὸν καὶ συγγνωμονικόν. ἀκολουθεῖ δὲ τῇ ἀρετῇ χρηστότης, ἐπιείκεια, εὐγνωμοσύνη, ἐλπὶς ἀγαθή. ἔτι δὲ καὶ τὰ τοιαῦτα οἷον <milestone unit="line" resp="bekker" n="35"/> φίλοικον εἶναι καὶ φιλόφιλον, φιλέταιρον, φιλόξενον, φιλάνθρωπον καὶ φιλόκαλον· ἃ δὴ πάντα τῶν ἐπαινουμένων ἐστίν. τῆς δὲ κακίας ἐστὶ τὰ ἐναντία.</p>
		</div>
	</div>
</body>
</text>
</TEI>
