<?xml version="1.0" encoding="UTF-8"?><TEI xmlns="http://www.tei-c.org/ns/1.0">
  <teiHeader>
    <fileDesc>
      <titleStmt>
	    <title>Orationes 22 </title>
	    <title type="sub">Machine readable text</title>
	    <author>Aristides, Aelius</author>
	    <editor role="editor">Wilhelm Dindorf</editor>
	<sponsor>Perseus Project, Tufts University</sponsor>
<principal>Gregory Crane</principal>
<respStmt>
<resp>Prepared under the supervision of</resp>
<name>Lisa Cerrato</name>
<name>William Merrill</name>
<name>Elli Mylonas</name>
<name>David Smith</name>
</respStmt>
<funder n="org:Google">Google</funder>
	
      </titleStmt><publicationStmt><publisher>Trustees of Tufts University</publisher><pubPlace>Medford, MA</pubPlace><authority>Perseus Project</authority></publicationStmt>
      
	
      <sourceDesc>
		<listBibl>
		  <biblStruct>
		    <analytic></analytic>
		    <monogr>
		      <author>Aristides, Aelius</author>
		      <title>Aristides</title>
		      <respStmt><resp>ex recensione Guilielmi Dindorfii</resp>
			    <name></name>
		      </respStmt>
		      <imprint>
			<pubPlace>Leipzig</pubPlace>
			<publisher>Weidmann</publisher>
			<date>1829</date>
		      </imprint>
		      <biblScope type="volume">1-2</biblScope>
		    </monogr>
		  </biblStruct>
		</listBibl>
      </sourceDesc>
    </fileDesc>
     <encodingDesc>
		<refsDecl>
		<state delim="." unit="text"/>
		refState unit="Jebb page"/>
		</refsDecl>
    </encodingDesc>
     <profileDesc>
      <langUsage>
		<language ident="greek">Greek</language>
      </langUsage>
    </profileDesc>
</teiHeader><text xml:lang="grc"><body><pb id="v.1.p.439"></pb>
<head>Προσφωνητικός Σμυρναϊκός</head>
<p>
<milestone n="269" unit="Jebb page"/>
ἐβουλόμην ἂν, ὦ θαυμάσιε, μάλιστα μὲν τὴν πόλιν οἵαν
κατέλιπες τοιαύτην φανῆναι· εἰ δὲ μὴ, παρὼν αὐτὸς
ποιεῖσθαι τοὺς λόγους, ἵνʼ ἀμφοτέρως ἐκέρδαινον, σοί τε
<milestone n="270" unit="Jebb page"/>
συνὼν καὶ τῆς νῦν ἀνιούσης ἡμῖν πόλεως ἀπολαύων τὰ
γιγνόμενα. ἐπεὶ δʼ οὕτω συμβέβηκεν, οὐ τοῦ γε παντὸς
εἴργεσθαι καλῶς ἔχειν ὑπέλαβον, ἀλλʼ ἴχνος γέ τι φωνῆς
ἡμετέρας σοί τε γενέσθαι γνωρίσαι καὶ τοῖς παροῦσι τῶν
Ἑλλήνων ὅσοι τε πολῖται καὶ ὅσοι ξένοι. ὅλως μὲν γὰρ
ἔμοιγε σχεδὸν εἰς ἔθος καθέστηκεν ἀπόντι πανηγυρίζειν,
ἐπειδή γε ὁ θεὸς ταύτην ἄγει. ὁ δὲ νυνὶ λόγος καὶ πάνυ
μοι κατὰ καιρόν ἐστιν. ἐπεὶ γὰρ καὶ τῆς ἀνελπίστου φήμης ἀφικομένης πρῶτος ὑπὲρ τῆς πόλεως ἐμνήσθην πρὸς
τοὺς πάντα ἀρίστους βασιλέας διατρίψας οὐ πλέον μιᾶς <pb id="v.1.p.440"></pb>
νυκτὸς, εἰκός τοι καὶ περὶ τῶν εἰς εὐφημίαν ἡκόντων οὕτως ἔχειν ὡς ἐμαυτῷ προσηκόντων. τὰ μὲν οὖν παλαιὰ
μέμνησαι κατὰ τὴν πρώτην ἀκούσας ἀρχὴν, ἣν τῷ πατρὶ
συνῆρχες, Διός τινα γένεσιν καὶ χορείας Κουρήτων καὶ
Ταντάλου καὶ Πέλοπος οἰκισμὸν τῆς πρώτης πόλεως ἐν
τῷ Σιπύλῳ γενομένης καὶ διαβάσεις Πέλοπος ἐνθένδε εἰς
τὴν πρότερον μὲν Ἀπίαν, Πελοπόννησον δὲ ἀπʼ ἐκείνου
κληθεῖσαν· ἀφʼ οὗ τρίτος ἔγγονος βασιλεὺς κοινὸς τῆς Ἑλλάδος γενόμενος κατέλυσε τὴν τῶν βαρβάρων ἀρχήν. δευτέρων δὲ εὐφημιῶν Θησεύς τε ἀρχηγέτης καὶ Σμύρνα ὄνομα
τῇ πόλει ταύτῃ, καὶ γένος Ἀττικὸν, καὶ Ἰώνων ὕστερον
ὡς εἰς οἰκείαν εἴσοδος, καὶ τρίτη δὴ θέσις καὶ κατοίκισις
&ast;&ast; τὸν Ἀλέξανδρον, οὗ δύο ταῦτα κάλλιστα καὶ μέγιστα
μνημεῖα, ἥδε τε ἡ πόλις καὶ ἡ τοῦ Νείλου πρόσοικος.
τοιαῦτα ἤκουσας καὶ τριήρης τις ἦν δεικνυμένη μὲν
Διονυσίοις, ὑμνουμένη δʼ ἐν τοῖς Κατάπλοις, σύμβολον
νίκης παλαιᾶς, ἣν ἐνίκων Σμυρναῖοι βακχεύοντες Χίους
ὅπλοις καὶ ναυσὶ πεφραγμένους. ἅ γε μὴν ὀφθαλμὸς ἐξηγεῖτο καὶ οὐ μῦθος ἔτι οὐδὲ λόγοι λογοποιῶν τε καὶ ποιητῶν, ἀλλὰ καὶ αὐτὸς Ὅμηρος παρὼν ἀσφαλέστερον ἂν <pb id="v.1.p.441"></pb>
ἡγήσαιτο σιωπᾶν ἢ λέγειν περὶ αὐτῶν. ἑώρας ἀγοράν τε
θεῶν ἑστίαν καὶ λιμένας, τῇ μὲν κυκλουμένους τὴν πόλιν,
<milestone n="271" unit="Jebb page"/>
τῇ δὲ ὑπὸ τῆς πόλεως μέσους ἐχομένους· καὶ ναῶν κάλλη
καὶ περιβόλους, ἐξ ἴσου τῇ τε φύσει καὶ τέχνῃ κεκοσμημένα, καὶ πάντα δὴ τὸν κόσμον τῶν ὅρμων ὡς ἐξήρτηντο
ἀλλήλων· καὶ τὸ δὴ μέγιστον σύμβολον τῆς πόλεως, τὴν
διὰ πάντων ὁμολογίαν καὶ μουσικὴν ἕν τι τὸ πᾶν σῶμα
ἀποφαίνουσαν, ὥσπερ ἂν εἰ κατὰ τὸν μῦθον τὸν περὶ
τοῦ Θηβαίων τείχους λεγόμενον πρὸς λύραν καὶ κιθάραν
ἥρμοστο ἐξ ἀρχῆς.</p>

<p>εἶεν. τὰ μὲν δὴ παλαιά τε καὶ οὐ παλαιὰ, ἀλλὰ χθές
τε καὶ πρώην ὡς εἰπεῖν ἔτι φαινόμενα τοιαῦτα μὲν ἤκουσας, τοιαῦτα δὲ ἐθεάσω. ἀκίνητον δὲ οὐδὲν, φασὶ, τῶν ἐν
ἀνθρώποις· ἀλλὰ καὶ γῆ θάλατταν δέχεται καὶ θάλαττα
ἠπειροῦται· καὶ πόλεις αἱ μὲν κατὰ γῆς ἔδυσαν, αἱ δʼ
ὑπὸ ῥευμάτων οὐρανίων τε καὶ παντοίων ἠφανίσθησαν.
ἴδιον γὰρ τοῦ θνητοῦ γένους αἱ μεταβολαὶ, καὶ πολλὰ
τὰ θαύματα τοῦ χρόνου. καὶ δὴ καὶ τῇ ἡμετέρᾳ πόλει
τοσοῦτον νικώσῃ συνέβη τρόπον τινὰ ὀλισθεῖν· οὗ δὴ καθαρῶς ἐξεφάνη ὅσος τις ὁ παρʼ αὐτῆς τῆς Ἀσίας κόσμος
ἦν, λέγω δὲ οὐχὶ τὴν μέχρι Μαιάνδρου πηγῶν, οὐδʼ ὅσην
ὁ τῶν ἡγεμόνων ὑμῶν κλῆρος ὁρίζεται, ἀλλʼ ἣν ἐξ ἀρχῆς
Ἕλληνες προσεῖπον Ἀσίαν, προσηγόρευον δὲ καὶ ἤπειρον
διαφερόντως αὐτὴν τῶν τριῶν. ἀλλʼ ὅ γʼ ἐβουλόμην εἰπεῖν, <pb id="v.1.p.442"></pb>
ἅμα γὰρ τῷ πτώματι συμβάντι πάντα ἐδόκει γεγυμνῶσθαι,
καὶ πᾶς τις ὥσπερ ὀφθαλμὸν ἐζήτει σώματος. λέγω δὴ τὸ
μὲν προσκροῦσαι κατὰ τὴν κοινὴν ἁπάντων ἀνθρώπων
τύχην καὶ φύσιν τῇ πόλει συμβῆναι, τὰ δʼ ἐφεξῆς τῆς
ἀγαθῆς ἤδη καὶ τὴν πόλιν ἐξ ἀρχῆς λαχούσης εἶναι. ὅτε
γὰρ ἦν καιρὸς, πρὸς &ast;&ast; χεῖρα ὤρεξε, τοιούτους ἔχων τοὺς
τῶν ὅλων προστάτας, οἳ πάντων μὲν ἥκιστα ἔμελλον περιόψεσθαι κειμένην, πάντων δὲ μάλιστα προθυμήσεσθαι
οὐκ ἀναστῆσαι μόνον, ἀλλὰ καὶ πρὸς ὑπερβολὴν ἆραι,
τὰ δὴ νῦν πάντα τελεῖται, φησὶν ὁ παῖς τοῦ Μέλητος.
καὶ μὴν τήν γε εὐγένειαν τοῦ δήμου, μὴ γὰρ πάνθʼ ἡμῖν
ἔστω περὶ τῶν οἰκοδομημάτων, τίς οὐκ ἂν ἠγάσθη καὶ
<milestone n="272" unit="Jebb page"/>
ἐθαύμασεν; οὔτε γὰρ ἐξεπλάγη πρὸς τὴν συμφορὰν, παραμυθίαν τε οὐκ ἐζήτησεν, οὐδʼ ἀνέμεινε καλλίω τῆς παρὰ
τῶν βασιλέων ἅμα ἔργῳ καὶ λόγῳ γιγνομένης. ὥστε ὁ
τοῦ πένθους αὐτῷ καιρὸς ἑορτή τις ἐγεγόνει.</p>

<p>καὶ μὴν τά γʼ ἐπὶ τούτοις ἡμεῖς μὲν ἀκοῇ γιγνώσκομεν, σὺ δʼ ὁρῶν κἂν ἑτέροις αὐτὸς ἐξηγοῖο. ἔοικε γὰρ οὐ
πόρρω πεπραγέναι τοῦ μυθολογήματος ἡ πόλις τοῦ περὶ
τὸν ἀρχηγέτην αὐτῇ λεχθέντος. οἶσθʼ ὅτι φασὶν οἱ ποιηταὶ τὸν Πέλοπα κατὰ μέλη τμηθέντα ἑψηθέντα ἐν λέβητι
συντεθῆναι πάλιν ἐξ ἀρχῆς ἐκ τοῦ λέβητος, ἐλλείποντος <pb id="v.1.p.443"></pb>
δὲ τοῦ ὤμου σχεῖν ἐλεφάντινον ἀντὶ τοῦ παλαιοῦ· καὶ
φασὶ τὸ ἔργον Δήμητρος γενέσθαι. ὣς δὲ καὶ τῇ πόλει
μετʼ ἐκεῖνον τὸν λέβητα, ὃς αὐτῇ πάντα ἐπέφλεξεν, ἡ
δευτέρα σύστασις εἰς θαυμαστήν τινα ἐλήλυθε κάλλους
περιουσίαν, ὥσπερ τοῦ Ποσειδῶνος ἐξεπίτηδες τῇ τριαίνῃ
κινήσαντος αὐτὴν, ἵνʼ ἴδοι καλλίονα ἢ πρὸ τοῦ· οἷόν τι
καὶ περὶ Θετταλίαν λέγεται φιλανθρωπεύσασθαι, τὴν διασφάγα ποιήσας τῶν Τεμπῶν ἕνεκα τῷ Πηνειῷ. καὶ γάρ
τοι πρότερον μὲν οὐδʼ εἰς ἐπίνοιαν ὑπερβολῆς ἐλθεῖν ἦν,
ἀλλʼ ἐδόκει παράδειγμα κάλλους ἡ πόλις εἶναι, νυνὶ δʼ
ἐξηλέγχθημεν ἄρα οὐκ ὀρθῶς δοξάζοντες. τότε μὲν γὰρ
τὰς ἄλλας πόλεις, νῦν δʼ αὐτὴ σχεδὸν ὡς εἰπεῖν ἑαυτὴν
νενίκηκε· καί μοι δοκεῖ προσόμοιον τῇ μητροπόλει παθεῖν.
μνησθήσομαι δʼ εἰκόνος οὐ μυθώδους, ἀλλʼ ἀναγκαίας
πιστεῦσαι. ἐκείνη τε γὰρ ἐμπρησθεῖσα ὑπὸ τοῦ Πέρσου
καὶ πάντα τρόπον διαφθαρεῖσα ἐπέδωκεν ἁπανταχῆ, τῇ
τε πόλει κέρδος τὸ σύμπτωμα, ὑπὸ τοιαύτης χειρὸς ἐγείρεται πάντη σεμνοτέρα καὶ ὑψηλοτέρα καὶ στεγανωτέρα,
καλοῦμεν δὲ Ἀδράστειαν, καλῶν δὲ ὄντων ἁπάντων τῶν
ὁρωμένων τούτων κόσμων ἕτερον μείζω προσείληφεν. οἰκισταὶ γὰρ αὐτῆς οἱ πάσας τὰς πόλεις ὑφʼ ἑαυτοὺς ἔχοντες, οὓς οὔτε φιλανθρωπίᾳ οὔτε ἔργων ἀποδείξεσιν οὐδείς
πω νενίκηκεν· ὧνπερ οἶμαι καὶ μόνων ἦν κρεῖττόν τι τῆς
<milestone n="273" unit="Jebb page"/>
τότε Σμύρνης ἐξευρεῖν.</p>

<p>τοιαύτη τις ἡμῖν τῆς τύχης ἡ περὶ τὴν πόλιν γέγονε
παλινῳδία. καὶ δὴ τῇ τε Ἰωνίᾳ καλῶς ὁ στέφανος σέσωσται ἥ τε Ἀσία τὸ πρόσχημα κεκόμισται. παράδειγμα
δὲ τῶν ἀνελπίστων τὰ τῆς πόλεως γέγονε πράγματα, ὡς
οὔτʼ ἐξ οὐρίων θέουσιν οὐδὲν ἀπώμοτον οὔτε λυθείσης
τῆς νεὼς ἀνέλπιστον τὸ μὴ οὐ κρεῖττόν τι συμβήσεσθαι. <pb id="v.1.p.444"></pb>
Μέλητα δὲ κοσμεῖν ἑτέροις τὰ νῦν παρίημι· καίτοι μέγιστός γε αὐτὸς αὑτῷ κόσμος ἐστὶν ὁρώμενος, ᾧ γε καὶ
θέρος καὶ χειμὼν τὸν αὐτὸν ἔχει λόγον, καὶ οὔτε ἐξ
ὄμβρων ποτὲ ὕβρισεν οὔτε αὐχμοῖς εἶξεν, ἀλλʼ ὥσπερ ἄλλο
τι τῶν ἀκινήτων, ἓν μὲν σχῆμα, μίαν δὲ χρόαν τὸν ἀεὶ
σώζει χρόνον. καὶ μὴν οὐ πλάνης γε ὁ Μέλης οὐδʼ οἷος
ἀποφοιτᾶν, ἀλλʼ ἔοικεν ἐραστῇ τινι τῆς πόλεως οὐ τολμῶντι μακροτέραν ἀπογίγνεσθαι, ἅτε, οἶμαι, ἄσβεστον μὲν
αὐτῆς τὸν ἔρωτα, ἄσβεστον δὲ τὴν φυλακὴν ἔχων. ὥστε
αὐτόθεν ὁρμηθεὶς αὐτοῦ καὶ παύεται, παρατείνας κώλῳ
τινὶ τῆς πόλεως ἑαυτόν. ταυτὶ μὲν οὖν ὥσπερ οἱ νυμφόληπτοι δυνάμει τινὶ τῶν Νυμφῶν αὐτῶν ἔοικα προσμελῳδῆσαι περὶ τὸν Μέλητα, οὐχ οὕτω προθέμενος. ἔδει δὲ
ἴσως καὶ τοῖς παισὶν ὥσπερ ἄλλην τινὰ μοῖραν τοῦ λόγου
σωθῆναι. τιθείη δʼ ἄν τις καὶ τοῦτʼ εἰς ἀγαθὸν σύμβολον
σέ τε ἡμῖν ἐπὶ τὰς πόλεις ἥκειν καὶ τὴν περίοδον οὕτω
συμβαίνειν, ὥστε σὲ τὴν πατρῴαν ἀρχὴν ἀκριβῶς ἀνανεώσασθαι ταῖς περὶ τὴν Σμύρναν διατριβαῖς. τῆς γὰρ πόλεως ὁ καιρὸς πολὺς, νικῴη δὲ τὰ τῆς ἀγαθῆς τύχης
πανταχῆ.</p></body></text>
</TEI>