<?xml version="1.0" encoding="UTF-8"?><TEI xmlns="http://www.tei-c.org/ns/1.0">
  <teiHeader>
    <fileDesc>
      <titleStmt>
	    <title>Orationes 40 </title>
	    <title type="sub">Machine readable text</title>
	    <author>Aristides, Aelius</author>
	    <editor role="editor">Wilhelm Dindorf</editor>
	<sponsor>Perseus Project, Tufts University</sponsor>
<principal>Gregory Crane</principal>
<respStmt>
<resp>Prepared under the supervision of</resp>
<name>Lisa Cerrato</name>
<name>William Merrill</name>
<name>Elli Mylonas</name>
<name>David Smith</name>
</respStmt>
<funder n="org:Google">Google</funder>
	
      </titleStmt><publicationStmt><publisher>Trustees of Tufts University</publisher><pubPlace>Medford, MA</pubPlace><authority>Perseus Project</authority></publicationStmt>
      
	
      <sourceDesc>
		<listBibl>
		  <biblStruct>
		    <analytic></analytic>
		    <monogr>
		      <author>Aristides, Aelius</author>
		      <title>Aristides</title>
		      <respStmt><resp>ex recensione Guilielmi Dindorfii</resp>
			    <name></name>
		      </respStmt>
		      <imprint>
			<pubPlace>Leipzig</pubPlace>
			<publisher>Weidmann</publisher>
			<date>1829</date>
		      </imprint>
		      <biblScope type="volume">1-2</biblScope>
		    </monogr>
		  </biblStruct>
		</listBibl>
      </sourceDesc>
    </fileDesc>
     <encodingDesc>
		<refsDecl>
		<state delim="." unit="text"/>
		refState unit="Jebb page"/>
		</refsDecl>
    </encodingDesc>
     <profileDesc>
      <langUsage>
		<language ident="greek">Greek</language>
      </langUsage>
    </profileDesc>
</teiHeader><text xml:lang="grc"><body><pb id="v.1.p.751"></pb>
<head>Συμβουλευτικὸς περὶ τοῦ μὴ δεῖν κωμῳδεῖν</head>
<p>
<milestone n="504" unit="Jebb page"/>
ἔστι μὲν οὐ σμικρὸν, ὦ ἄνδρες Σμυρναῖοι, πλεονέκτημα
τῷ μέλλοντι πείσειν τὸ πρὸς ἡδονὴν εἶναι τοὺς λόγους
τοῖς ἀκούουσι· τῶν δʼ ἐθελόντων νουθετεῖν μὴ ὅτι χρῶνται ταῖς γνώμαις οἱ πολλοὶ ῥᾳδίως, ἀλλʼ οὐδʼ ἀνέχονται
<milestone n="505" unit="Jebb page"/>
τὸ παράπαν. οὐ μὴν ἀλλʼ ὅσα μὲν τῶν πραγμάτων αὐτὰ
ἐφʼ αὑτῶν παρακαλεῖ σπουδάζειν, οὐ δεῖ συμβούλου περὶ
τούτων, ἀλλʼ ἡ φύσις πρὸς τὸ ἴδιον ἄγει πανταχοῦ, ἃ δὲ
τῷ λόγῳ δεῖ διδαχθέντας ἢ διώκειν ἢ φυλάττεσθαι,
ταῦτα δὲ τῷ συμβούλῳ καταλείπεται. ὥστʼ ἄν τις ἀκούειν
μὴ βούληται, τὸ συμβουλεύειν ἀναιρεῖ τῷ καθʼ αὑτὸν
μέρει. ἔτι δʼ ἄλλους μέν τινας εἰκὸς ἀγροικίζεσθαι, ὑμᾶς
δὲ, οἳ καὶ συνέσει καὶ τῷ πεπαιδεῦσθαι τοσοῦτον προέχειν δοκεῖτε, μὴ πρῶτον μὲν ὅλως εὐμενῶς ἔχειν πρὸς τὰς
ἀκροάσεις τῶν λόγων, ἔπειτα ἄν τις τὰ βέλτιστα παραινῇ,
μὴ κεχρῆσθαι μετὰ τοῦ χάριν πρὸς ἔχειν, ἕν γέ τι τῶν <pb id="v.1.p.752"></pb>
ἀτοπωτάτων, ὥς γʼ ἐμοὶ κρῖναι. εἰ μὲν οὖν ἢ πόνους
τινὰς ἢ πραγματείας ἔμελλον εἰσηγήσεσθαι, πρῶτον μὲν
ἀγῶνος ἴσως ἂν ἔδει, ἔπειτα διδάσκειν ἐπειρώμην ἂν ὡς
τῆς παραχρῆμα ψυχαγωγίας αἱρετώτερον τὸ συνοῖσον τοῖς
ὅλοις. νῦν δὲ τοσοῦτον ἀπέχω τοῦ δυσχερὲς εἰσηγεῖσθαί
τι, ὡς ταὐτὰ δὴ ταῦτα καὶ συμβουλεύσων ἥκω, μήτε λέγειν μήτʼ ἀκούειν δυσχερὲς μηδὲν, οὕτω πολλοῦ δέω πράττειν γέ τι ἢ συμβουλεύειν τῶν δυσχερῶν. ἄρξομαι δὲ ὅθεν
καὶ ὑμεῖς ἄριστʼ ἂν ἀκολουθήσαιτε καὶ ἀπὸ τῆς ἐμαυτοῦ
συνηθείας. φημὶ δὴ χρῆναι τῷ μὲν Διονύσῳ τὴν ἑορτὴν
ποιεῖν καὶ νὴ Δία τῇ γε Ἀφροδίτῃ καὶ τοῖς ἄλλοις ἅπασι
θεοῖς, σπένδοντας καὶ θύοντας καὶ παιωνίζοντας καὶ στεφανηφοροῦντας καὶ τῶν εἰς εὐσέβειαν μηδὲν ἐλλείποντας. ἓν
δὲ τούτοις ὃ πρόσεστι τοῖς μὲν πολλοῖς ἐπιεικῶς κεχαρισμένον, τοῖς δʼ ἐπιεικέσι πάντων ἀνιαρότατον, τοῦτʼ ἐκποδὼν ἀνελεῖν, λέγω τὰς βλασφημίας καὶ τοὺς κώμους
τουτουσὶ τοὺς μεθημερίνους, καὶ νὴ Δία γε τοὺς ἐπὶ ταῖς
παννυχίσι, καὶ μήτε ποιητὰς εἶναι τούτων μήτε ἀγωνιστὰς,
μηδὲ παίζειν ἃ μὴ βέλτιον. ὡς ἔχει γε οὕτως, κακηγορίας
ἄκοντας μὲν ἀκούειν οὐ τερπνὸν, ἑκόντας δὲ ἀνέχεσθαι
μελέτη κακοηθίας· τοῦτο δὲ τῶν πρώτων εἰς μοχθηρίαν
<milestone n="506" unit="Jebb page"/>
καὶ οὔτε ἰδιώτου μεῖζον οὐδὲν ἄν τις κατηγορήσειεν οὔτε
πόλεως ἢ ὅτι χαίρει κακοῖς. ὃ γὰρ ἔσχατον εἶναι δοκεῖ
τῶν ἀνθρωπίνων ἁμαρτημάτων ὁ φθόνος, οὐκ ἔχων παραίτησιν, τούτου μετέχειν ἀνάγκη, καὶ τοῦτον αὔξειν ἐν αὑτῷ
τὸν τῆς ἐπιθυμίας ταύτης ἐλάττω, σημεῖον δέ· οὐδεὶς γοῦν
οὓς ἀγαπᾷ καὶ οἷς ἀγαθόν τι συμβούλεται, τούτοις κακῶς ἀκούουσιν ἐφήδεται. <pb id="v.1.p.753"></pb></p>

<p>περὶ μὲν οὖν αἰκίας καὶ βλάβης καὶ τῶν τοιούτων
ἔξεστιν εἰπεῖν ὡς ἄκων τις ἔπραξε, τὸ δὲ τῆς κακοηθίας
τοσοῦτον διενήνοχεν ὥστε πρῶτον μὲν ἐπώνυμόν ἐστι τῆς
κακίας, ὡς οὐδεμίαν συγγνώμην ἐνδεχόμενον, ἔπειτʼ οὐδενὸς πράγματός ἐστι πρόσρημα, ἀλλὰ φύσεως μηδὲν ἄν
τῳ χρηστὸν εἶναι συμβουλομένης. ὥσπερ δʼ αὐτὸ πλεῖστον
μετέχει κακίας ἀπὸ τῆς προσηγορίας ἀρξάμενον, οὕτως ἡ
κακηγορία πάλιν αὐτοῦ πλεῖστον μετέχει μέρος ἐκ τῆς
παρισώσεως ἀρξάμενον τῆς περὶ τοὔνομα· οὕτως ἄμφω
κακῶν καὶ φαύλων ἐστὶν ἀνθρώπων. ἀεὶ μὲν οὖν οἶμαι
τὰ βέλτιστα προαιρετέον καὶ φρονεῖν καὶ λέγειν, ἐν δὲ ταῖς
ἱερομηνίαις καὶ ταῖς ἑορταῖς πῶς οὐκ εἰκὸς ἅπασαν μὲν
εὐφημίαν εἶναι προθυμεῖσθαι, πᾶσαν δὲ γνώμην ἀστειοτάτην, πάντας δὲ ὡς οἰκειότατα ἀλλήλοις ἔχειν, ὡς τῶν
θεῶν ταύτην τὴν φιλίαν καὶ ὁμόνοιαν βραβευόντων, καὶ
νομίζειν γε τὰς ἑορτὰς σχεδὸν ὡς εἰπεῖν φιλίας συνθήματα, καὶ μήτε θυσίαν οὕτω λαμπρὰν μήτε σπονδὰς κεχαρισμένας, ὧν οὐχ ἥδιον ἂν εἶναι τοῖς θεοῖς ἢ εἰ τὴν
γνώμην ἐκ τῶν δυνατῶν ὡς βελτίστην παρεχοίμεθα. καὶ
μὴν τοῦ γε αἰδεῖσθαι τοὺς θεοὺς τί μεῖζον ἂν εἴη σύμβολον
ἢ μηδὲν ἀπηχὲς μήτε λέγειν μήτε ἀκούειν ἐναντίων αὐτῶν;
ἢ φίλου μὲν αἰδεσίμου παρόντος πολλὰ ἂν ὀκνήσαιμεν εἰπεῖν, κἂν εἴ τῳ δικαίως ἔχοιμεν λοιδορήσασθαι, τὰς δὲ
τῶν θεῶν ἀκοὰς προστησάμενοι ῥᾳδίως οἱ μὲν ἐροῦμεν,
οἱ δὲ ἀκουσόμεθα ἃ μηδʼ αὐτοὶ φαῖμεν ἂν εἶναι τῶν
<pb id="v.1.p.754"></pb>καλῶν, ἀλλʼ ὡς αἰσχρῶς ἔχοντα οὕτω διασύρομεν; ἵνα δὲ
<milestone n="507" unit="Jebb page"/>
εἰδῆτε ὅτι οὐδὲν καινὸν λέγω, ἀλλὰ πάλαι ταῦτα ἀνωμολόγηται κἀν τοῖς νόμοις κἀν τοῖς ἔθεσι τοῖς κοινοῖς, ἐνθυμήθητε μὲν τῶν κηρύκων τὰς πρώτας φωνὰς εὐφημεῖν
ταῖς πανηγύρεσι κελευόντων, ἐνθυμήθητε δὲ τῶν ἱερέων
καὶ τῶν καταρχομένων ἡμῖν, ἐπειδὰν θύωμεν· ἔτι δʼ ὡς
αὐτοὶ τοῦτο μάλιστα ἐπὶ ταῖς εὐχαῖς σπουδάζομεν. καίτοι
τίνʼ ἔχει λόγον ἡγεῖσθαι μὲν κάλλιστον ἁπάντων τὴν
εὐφημίαν καὶ μάλιστα πρέπειν ἱεροῖς, ἄδειαν δʼ εἶναι τοῖς
ἐθέλουσι βλασφημεῖν; καὶ θύοντας μὲν οὕτω κοσμίους
εἶναι, οἷς δὲ τὰς θυσίας ποιοῦμεν θεοῖς, ἐπὶ τῇ τούτων
προφάσει τὰ αἴσχιστα ἀκούειν καὶ λέγειν, καὶ τοὺς αὐτοὺς
ἅμα μὲν δυσχεραίνειν ταῖς κακηγορίαις, ἅμα δʼ ὧν κακῶς ἀλλήλους ἀγορεύομεν προστάτας ποιεῖσθαι; καὶ μὴν
εἰ μὲν φίλον αὐτὸ νομίζομεν τοῖς θεοῖς, τἀναντία ἡμῖν
αὐτοῖς γιγνώσκομεν, φυλαττόμενοι ταυτὸν τοῦτο, ὁπόταν
προσίωμεν τοῖς θεοῖς, εἰ δʼ ἐχθρὸν ἡγούμενοι χαίρομεν
αὐτῷ, πῶς εὐσεβῶς διακείμεθα; ἢ πῶς διὰ τούτων τιμῶμεν τοὺς θεοὺς, ἃ τῶν θεῶν χάριν εἰκὸς ἦν φεύγειν;</p>

<p>θαυμαστὸν δέ μοι φαίνεται, εἰ τὰς μὲν τῶν ὀρνίθων φωνὰς ὡς αἰσιωτάτας ἀξιοῦμεν ἡμῖν γίγνεσθαι, κἂν
ἐπὶ τῆς ἐρημίας ὄντες, ἢ οὗ τύχοιμεν, τὰς δὲ παρʼ ἡμῶν
αὐτῶν οὐδʼ ἐπὶ τῶν θεάτρων φυλαξόμεθα μὴ οὐ δυσχερεῖς
εἶναι. καὶ τοῖς μὲν τῆς Κληδόνος βωμοῖς προσιόντες βουλοίμεθʼ ἂν ὡς εὐφημότατʼ ἀκούειν, οὕτως ἰσχυρόν τι τὸ
τῆς θεοῦ ταύτης ἡγούμεθα· ἃ δὲ μηδαμῶς ἀνέχεσθαι
χρῆν, ταῦτα ταῖς ἑορταῖς ἀποδώσομεν· καὶ τοὺς μὲν παῖδας κελεύομεν εὐστομεῖν, κἀν τοῖς διδασκαλείοις καὶ κατʼ
οἰκίαν προδιδάσκοντες ὡς ἃ ποιεῖν αἰσχρὸν οὐδὲ λέγειν <pb id="v.1.p.755"></pb>
καλὸν, πάλιν δὲ εἰς ταυτὸν ἀθροίσαντες παῖδας καὶ γυναῖκας καὶ πᾶσαν ἡλικίαν κακηγορίας ἆθλα τίθεμεν, καὶ
τοῖς ἄριστα ἐκμελετήσασιν ὅπως εἰς κέρδος ἔσται παρασκευάζομεν. ἃ δὲ ποιήσαντας ἢ παθόντας οὐ θέμις εἴσω
<milestone n="508" unit="Jebb page"/>
περιρραντηρίων παριέναι, ταῦτʼ ἐν μέσοις ἱεροῖς ᾁδομεν,
καὶ θύειν μὲν ἃ μὴ χρὴ δυσσεβὲς ἡγούμεθα, τιμᾶν δὲ οἷς
οὐ χρὴ τοὺς θεοὺς εὐσεβείας μέρει προστίθεμεν, καὶ τὴν
εὐσχημοσύνην ἐπὶ μὲν τῶν ἄλλων τιμῶμεν, τῶν δʼ αἰσχρῶν
ῥᾳδίως μὲν πάντα σχήματα ὁρῶμεν, ῥᾳδίως δὲ πάσας
φωνὰς ἀποδεχόμεθα. κἂν μὲν εἷς τις ἀπᾴδῃ τῶν χορευτῶν, τοῦτον ἐκβάλλομεν, ἂν δʼ ἅπας ὁ χορὸς οὕτως ἀμούσως ᾁδῃ, ποιούμεθα κέρδος. κἂν μὲν ὑπʼ ἄλλων οὕτως
κακῶς ἀκούωμεν, ὀργιζόμεθα, ἂν δʼ ἡμᾶς αὐτοὺς τοῦτο
ποιῶμεν, ἑορτὴν ἡγούμεθα ἀληθινὴν, οὕτω καὶ πρὸς τοὺς
θεοὺς ἀλλοκότως καὶ πρὸς ἡμᾶς αὐτοὺς πολὺ τἀναντία
ἢ προσῆκε διακείμεθα. καίτοι τολμῶσί τινες λέγειν ὡς
ἀγαθὸν τὸ κακῶς ἐξεῖναι λέγειν ἐν τῷ θεάτρῳ, τούς τε
γὰρ κακῶς βεβιωκότας ἐξελέγχεσθαι καὶ τοὺς ἄλλους φόβῳ
τοῦ κωμῳδεῖσθαι σώφρονας παρέχειν αὑτούς. ἐγὼ δὲ πολλοῦ σφόδρα ἂν ἡγούμην ἀξίαν εἶναι τὴν μέθην, εἰ παιδεύειν οἵα τε ἦν ἀνθρώπους, ἀλλὰ μὴ τῶν χαλεπῶν ᾖ
μεθύοντας αὐτοὺς ἑτέρους ποιεῖν σωφρονεῖν, καὶ πρὶν αὐτοὺς καταπαῦσαι, τοῖς ἄλλοις ᾁδειν ὅπως εἰς κάλλος βιώσονται. τίς γὰρ οὐκ οἶδεν ὑμῶν ὅτι πρῶτον μὲν οὐ πολλῶν τὰ τοιαῦτα παιδεύειν, οὐ μᾶλλόν γε ἢ νόμους τιθέναι
καὶ γνώμας ἐν δήμῳ λέγειν; ἢ τὸν μὲν εἰς Κόρινθον
πλοῦν οὐ παντὸς ἀνδρὸς εἶναι πιστεύσομεν, τὴν δὲ τοῦ <pb id="v.1.p.756"></pb>
βίου τοῦ παντὸς πορείαν ἥντινα καὶ διʼ ὧν δεῖ τῶν ἐπιτηδευμάτων ποιήσασθαι πᾶς ἀνὴρ εἴσεται καὶ πᾶς ἐπὶ
τούτοις τοῖς οἴαξι καθεδεῖται τῇδε κἀκεῖσε κομίζων τοὺς
νέους ὡς ἂν αὐτῷ δοκῇ; καὶ τῶν μὲν ἀθλητῶν ἐγκρίσεις
ποιοῦμεν, ὅπως αὐτῶν ὅστις φαῦλος ἑαυτὸν καταισχύνας
ἀπίῃ καὶ δίκην ἅμα δοὺς ἐκ τοῦ σώματος, τοὺς δὲ τῶν
σπουδαιοτάτων ἡγεμόνας καὶ διδασκάλους ἀπὸ πάντων μὲν
ἐργαστηρίων, πάντων δὲ τῶν σπουδαιοτάτων οὑτωσὶ φαύλως ἐγκρινοῦμεν; διδασκάλων ἄρα αὐτοὶ δεῖσθαι δόξομεν.
καὶ θυρωροῖς μὲν οὐ πᾶσιν, ἀλλὰ τοῖς πιστοτάτοις χρώμεθα, ἵνα μή τις αἰσχύνη συμβαίνοι περὶ τὴν οἰκίαν, παῖδας δὲ καὶ γυναῖκας καὶ πάντα τὰ τῆς πόλεως
<milestone n="509" unit="Jebb page"/>πληρώματα καὶ συλλήβδην ἔστιν εἰπεῖν τὴν ἀξίαν τοῖς βουλομένοις μεταχειρίζεσθαι δώσομεν· καὶ ὧν νηφόντων κατεγνώκαμεν, τούτοις μεθύουσι πιστεύσομεν;</p>

<p>καὶ μὴν οὐδʼ ὁ καιρὸς παιδευόντων, ἀλλὰ παιζόντων εἰ μὲν βούλεσθε ὁ τῶν Διονυσίων, εἰ δὲ βούλεσθε, <pb id="v.1.p.757"></pb>
ὁ τῶν σάμων τῶν ἱερῶν καὶ τῶν παννυχίδων. ὥστε πῶς
εἰκὸς ἐν ᾧ τῶν ὄντων διδασκάλων τοὺς παῖδας ἀφίεμεν,
ἐν τούτῳ τοὺς μηδὲν προσήκοντας καὶ τοὺς ἑαυτοὺς
εἰσποιοῦντας ἐφιστάναι, καὶ μηδὲ παρʼ αὐτοῦ τοῦ τόπου
δύνασθαι μαθεῖν ὅτι ἄλογος ἡ προσποίησις. δεῖ γὰρ τόν
γε διδάσκαλον οὐκ εἰς τὰ θέατρα βαδίζειν κἀκεῖ νουθετεῖν·
ταῦτα μὲν γὰρ ταῖς ἡδοναῖς καὶ ταῖς ψυχαγωγίαις ἀνάκειται· ἀλλʼ εἰσὶ τόποι δήπουθεν ἐπώνυμοι τοῦ προσρήματος, οὗ δεῖ φιλοσοφεῖν, καὶ οὐδʼ ἐν τούτοις τοῦτον,
οἶμαι, τὸν τρόπον χλευάζοντα καὶ κακῶς ἀνέδην ἀγορεύοντα, ἀλλʼ ὡς χρὴ τοὺς ἐλευθέρους παιδεύοντα καὶ προδιδάσκοντα πρὸς τοῖς ἄλλοις καὶ τὴν ἀσχημοσύνην φυλάττεσθαι. καὶ μὴν εἰ μὲν τοὺς ἀσελγαίνοντας κωμῳδοῦντες τῶν ἄλλων ἀπείχοντο, τάχʼ ἄν τις λόγος ἦν· νῦν δὲ
ἄρχεται μὲν τὸ πρᾶγμα ἀπʼ ἀρχῆς εὐπροσώπου, τελευτᾷ
δὲ εἰς καλὸν οὐδαμῶς. πολλοὶ μὲν γὰρ οὐδὲν προσῆκον
αὐτοῖς ἀκούουσι κακῶς, εἰσὶ δʼ οἳ καὶ μηδένα λανθάνοντες ὅμως τὴν ἐν τῷ μέσῳ λοιδορίαν διαφεύγουσι. διὰ τί;
ὅτι οὐ διδασκάλων οὐδὲ σωφρονιστῶν οὐδὲ βελτίους ποιεῖν
βουλομένων τρόποις χρῶνται, αὑτοὺς γὰρ ἂν πρότερον
ἐποίησαν βελτίους, ἀλλὰ καὶ πρὸς ἔχθραν καὶ πρὸς χάριν τὴν ἑτέρων, τὸν μὲν ἀργύριον αἰτήσαντες οὐ τυχόντες, τοῦ δʼ ἐρασθέντες οὐ πείσαντες, οὕτω ψέγουσι, καὶ
πάλιν αὖ σιωπῶσι διὰ θάτερα, ὥστε οὐ τοὺς αἰσχρῶς
ζῶντας φανεροὺς καθιστᾶσι. σκέψασθε δʼ οὑτωσὶ, τίνας
μάλιστʼ εἰκὸς ἐξωνεῖσθαι τὰς κακηγορίας; ἆρʼ οὐ τοὺς
τὰ τοιαῦτα συνειδότας ἑαυτοῖς φαίητʼ ἄν; τίνας δʼ ὡς
ἥκιστα τούτων φροντίζειν; ἆρʼ οὐχ οἵτινες αὑτοῖς καὶ
τοῖς βεβιωμένοις θαρροῦσι; δῆλόν που. οὐκοῦν τἀναντία <pb id="v.1.p.758"></pb>
τῆς ὑποσχέσεως γίγνεται, οἱ μὲν ἀσελγεῖς καὶ αἰσχροὶ
ἀθῶοι τῷ λόγῳ, κωμῳδοῦνται δʼ οὓς ἥκιστα δεῖ. φέρε δὴ
<milestone n="510" unit="Jebb page"/>
θῶμεν ἀμφοτέρους ἀναμὶξ ἀκούειν κακῶς, —οὐ γὰρ
ἐκεῖνό γʼ ἂν σὺ φαίης, ὡς οὐδεὶς μή ποτʼ ἀκούσῃ κακῶς
ἐπιεικὴς ὢν τοὺς τρόπους—οὐκοῦν οἱ μὲν δόξης ἠμεληκότες καὶ διεφθαρμένοι καθάπαξ ὑπὸ τῶν αἰσχρῶν ἐπιθυμιῶν οὐδʼ ὁτιοῦν δή που ζημιοῦνται, ἀλλὰ καὶ κέρδος
ἂν θεῖντο ἀγαλλόμενοι τῷ φανεροὶ πᾶσι γίγνεσθαι, οἱ δὲ
παρʼ ἀξίαν ἀγωνιζόμενοι πῶς οὐ πολὺ τῶν ἄθλων ἃ τῆς
σωφροσύνης εἶναι χρὴ διαμαρτάνουσιν; ὥστʼ οὐχ ἵνα βελτίους ὑμῖν ὦσιν οἱ νέοι, διὰ τοῦτο κωμῳδητέον, ἀλλʼ εἰ
μηδενὸς ἄλλου χάριν, τούτου γε παυστέον τοῦ κωμῳδεῖν.
ἵνʼ ἐξῇ τοῖς νέοις ἀσκεῖν ἀδεῶς τὰ βελτίω. τοὺς μὲν γὰρ
δὴ φαύλους ἔνι δή που καὶ ἄλλως ἀμύνασθαι, τοὺς δʼ
ἐπιεικεῖς ὅταν τοιαῦθʼ ὑβρίζωμεν, τίνʼ ἐροῦμεν λόγον; οἷς
γὰρ μηδὲ λόγον δίκης προσήκει λαγχάνειν, πῶς ἀνυπευθύνως γε ἀτιμοῦν τῷ βουλομένῳ δεδόσθαι προσήκει; εἰ
τοίνυν κἀκεῖνό τις ὑμῶν ὑπείληφεν, ὅτι καὶ τῶν ἐπιεικῶν
πολλοῖς αἱρετώτερον εἶναι δόξει ἀργύριον τοῦ μὴ κακῶς
ἀκούειν προΐεσθαι, καὶ τοσούτῳ μᾶλλον ὅσῳπερ ἂν αἰσχυντηλότεροι τοὺς τρόπους ὦσι, πῶς οὐ πανταχόθεν δῆλον ὡς δυσχερὲς ἡ κωμῳδία καὶ βέλτιον εἰσάπαξ ὑφʼ ὑμῶν
κωλυθῆναι; εἴ γε οἱ μὲν χρηστοὶ δυοῖν θάτερον, ἢ οὐ
δόντες ἀκούσονται κακῶς, ἢ ὑπὲρ τοῦ μὴ ἀκοῦσαι κακῶς
ζημιώσονται, χρήμασι τὰς βλασφημίας ὠνούμενοι· εἰ δὲ
μηδὲν φροντίζουσιν ἀκούοντες κακῶς, τί ἔσθʼ ὃ πείσονται;
ὅλως δʼ οὐκ ἔνεστι μὴ τῆς τῶν ἰδιωτῶν δόξης ἀπολαύειν <pb id="v.1.p.759"></pb>
κοινῇ τὴν πόλιν. ὁποῖοι γὰρ ἄν τινες ὦσιν οἱ κωμῳδούμενοι, τοιοῦτοι πολλάκις οἱ σύμπαντες ἔδοξαν εἶναι. σκέψασθε δὲ καὶ εἰς τοὺς πατέρας ὑμῶν τοὺς Ἀθηναίους
ἀνενεγκόντες, οὓς αἱ μὲν ἄλλαι συγγραφαὶ κοσμοῦσι σχεδὸν ὡς εἰπεῖν ἅπασαι, μόνη δὲ ἡ κωμῳδία διέσυρε καὶ
παρέσχε τοῖς βουλομένοις βλασφημεῖν ἔτι νυνὶ λαβάς· ἔδοξαν γὰρ αὐτοὶ παρʼ αὑτῶν ἐξελέγχεσθαι. καὶ ὅσον μὲν,
ὦ γῆ καὶ θεοὶ, τὸ μέσον τῆς τε νῦν κιβδηλίας καὶ ὁπόση
τις ἔν γε ταῖς καλουμέναις παραβάσεσι νουθεσία καὶ παίδευσις ἐνῆν ἐῶ λέγειν. ἀλλʼ οὖν τό γε τῆς παροιμίας ἐξ
ἀξίου τοῦ ξύλου καὶ πάσχειν ὑπῆρχεν, εἴ τῳ συμβαίνοι·
<milestone n="511" unit="Jebb page"/>
τοῦ δὲ τοσαύτη μὲν λέξεως μοχθηρία, τοσαύτη δὲ μελῶν
ἀσέλγεια, ἔτι δὲ σχημάτων αἰσχύνη, κωμῳδία δʼ οὐδεμία
ἐφίκοιτʼ ἂν τῶν τούτοις προσόντων κακῶν, τίς τρόπος
ἡδονῆς; καὶ πότερον ὡς καλὰ ταῦτα ἀνέξεσθε; καὶ τί τούτων αἴσχιον; ἀλλʼ ὡς συμφέροντα ἀκούειν ἢ θεωρεῖν;
καὶ μὴν διαφθορᾶς γέ ἐστι συνθήματα· ὅταν γὰρ εἰς
συνήθειαν καταστῇ τοῦ κακῶς ἀκούειν ἀνὴρ ἢ γυνὴ καὶ
τὰ χείριστα φέρειν τῶν ὀνειδῶν, εὐχερῶς ἀνίησιν ἡ γνώμη
καὶ διδάσκεται πᾶς τις φαῦλος εἶναι, εἰ καὶ μὴ πρόσθεν
ἦν, ἄλλως τε τούτων ὧν οὐδὲν πρὸς τὸν Διόνυσόν ἐστιν. <pb id="v.1.p.760"></pb>
ἀλλʼ ἔμοιγε καὶ τὸ τῆς παροιμίας εἰς τὰς τοιαύτας ἀβελτηρίας οὐχ ἥκιστα ἔχειν δοκεῖ. εἶεν· ἀλλʼ εἰς δόξης λόγον
θαυμαστὰ, ὅταν ἐν τοῖς βαλανείοις, ὅταν ἐν τοῖς στενωποῖς, ὅταν κατʼ ἀγορὰν, ὅταν ἐν ταῖς οἰκίαις γύναια,
παιδάρια, πᾶς τις ἐφεξῆς τοιαῦτα ἐπιμελῳδῇ; καὶ πότερον
τοὺς πολίτας μόνον ἐξέσται κωμῳδεῖν; οὐκοῦν δεινὸν εἰ
τῶν μὲν ξένων εἴσεσθε φείδεσθαι, ὑμῶν δʼ αὐτῶν οὐ
τολμήσετε, ἀλλʼ οὕτως ἀνόμοιοι τοῖς Λακεδαιμονίοις ἔσεσθε
ὥστʼ ἐκεῖνοι μὲν ἅπαντα ἀπόρρητα ἐποιήσαντο τὰ ἑαυτῶν,
ὑμεῖς δὲ καὶ τὰ μηδὲν προσήκοντα λέγειν καθʼ ὑμῶν τοῖς
βουλομένοις δώσετε. ἀλλὰ νὴ Δία καὶ τῶν ξένων ἐπιληψόμεθα; πολλὴν ἄρα τὴν εὐποιίαν παρὰ πάντων καὶ τὴν
ἐπιμιξίαν ἕξομεν· ἦ που ῥᾳδίως μὲν οἱ πατέρες τοὺς
υἱεῖς, ῥᾳδίως δὲ ἀδελφοὶ πρεσβύτεροι νεωτέρους κομιοῦσι
δεῦρʼ ἐπὶ παιδείαν, παρʼ οἷς τοιαῦτʼ ἐστὶ τὰ ᾀδόμενα. οὐ
παύσεσθε στηλιτεύοντες ὑμᾶς αὐτούς; νὴ Δίʼ, ἀλλʼ ἀστεῖον
τὸ τοῦ σκώμματος. οὐκοῦν τοσούτῳ μᾶλλον οὐ πολλῶν,
εἴπερ γε μὴ πολλοὺς τοὺς ἀστείους εἶναι δεῖ δοκεῖν. ἡδέως
δʼ ἂν ἐροίμην τοὺς χαίροντας τῷ λοιδορεῖν πότερον παίζουσιν ἢ σπουδάζουσιν. εἰ μὲν γὰρ παίζουσι, τί προσποιοῦνται νουθετεῖν; εἰ δὲ σπουδάζουσιν, αὖθις αὖ πυθέσθαι
καλὸν αὐτῶν πότερόν ποτʼ ἀληθῆ ταῦτα λοιδοροῦσιν ἢ
ψευδῆ. εἰ μὲν γὰρ ἀληθῆ, τί μαθόντες οὐ χρῶνται τοῖς
νόμοις; ἀλλʼ οὗ μὲν δεῖ λέγειν σιωπῶσιν, οὗ δὲ δεῖ
<pb id="v.1.p.761"></pb>σιωπᾶν λέγουσιν. ἀλλὰ μὴν εἴ γε καταψεύδονται, ἀγαπᾶν εἰκὸς ἦν μὴ πάσχοντας κακῶς, οὐκ ἀγανακτεῖν, εἰ μὴ λέγειν
<milestone n="512" unit="Jebb page"/>
κακῶς αὐτοῖς ἐξέσται. οἶμαι τοίνυν ἐγὼ πᾶσι μὲν ταῦτα
συμβουλεύων ὀρθῶς ἂν ποιεῖν, οὐχ ἥκιστα δʼ ὑμῖν. ὅσῳ
γὰρ παιδείᾳ καὶ φιλανθρωπίᾳ προέχειν δοκεῖτε, τοσῷδε
αἴσχιον ἃ μὴ χρὴ φαίνεσθαι διώκοντας.</p></body></text>
</TEI>