<?xml version="1.0" encoding="UTF-8"?><TEI xmlns="http://www.tei-c.org/ns/1.0">
  <teiHeader>
    <fileDesc>
      <titleStmt>
	    <title>Orationes 16 </title>
	    <title type="sub">Machine readable text</title>
	    <author>Aristides, Aelius</author>
	    <editor role="editor">Wilhelm Dindorf</editor>
	<sponsor>Perseus Project, Tufts University</sponsor>
<principal>Gregory Crane</principal>
<respStmt>
<resp>Prepared under the supervision of</resp>
<name>Lisa Cerrato</name>
<name>William Merrill</name>
<name>Elli Mylonas</name>
<name>David Smith</name>
</respStmt>
<funder n="org:Google">Google</funder>
	
      </titleStmt><publicationStmt><publisher>Trustees of Tufts University</publisher><pubPlace>Medford, MA</pubPlace><authority>Perseus Project</authority></publicationStmt>
      
	
      <sourceDesc>
		<listBibl>
		  <biblStruct>
		    <analytic></analytic>
		    <monogr>
		      <author>Aristides, Aelius</author>
		      <title>Aristides</title>
		      <respStmt><resp>ex recensione Guilielmi Dindorfii</resp>
			    <name></name>
		      </respStmt>
		      <imprint>
			<pubPlace>Leipzig</pubPlace>
			<publisher>Weidmann</publisher>
			<date>1829</date>
		      </imprint>
		      <biblScope type="volume">1-2</biblScope>
		    </monogr>
		  </biblStruct>
		</listBibl>
      </sourceDesc>
    </fileDesc>
     <encodingDesc>
		<refsDecl>
		<state delim="." unit="text"/>
		refState unit="Jebb page"/>
		</refsDecl>
    </encodingDesc>
     <profileDesc>
      <langUsage>
		<language ident="greek">Greek</language>
      </langUsage>
    </profileDesc>
</teiHeader><text xml:lang="grc"><body><pb id="v.1.p.382"></pb>
<head>Πανηγυρικὸς ἐν Κυζίκῳ περὶ τοῦ ναοῦ</head>
<p>
<milestone n="236" unit="Jebb page"/>
ἅπασι μὲν, ὡς ἐγὼ νομίζω, προφάσεις ἱκαναὶ τοῦ λέγειν
ὡς ἐν τῷ παρόντι· ἥ τε γὰρ πόλις ἀξία σπουδῆς, εἰ δή
τις ἄλλη τῶν Ἑλληνίδων, τό τʼ ἔργον ἐφʼ ᾧ τὴν ἱερομηνίαν ποιεῖται μέγιστον τῶν εἰς ὄψιν ἐλθόντων ἀνθρώποις, οἵ τε καιροὶ τῶν πώποτε ἄριστοι καὶ τελεώτατοι·
ἐμοὶ δὲ καὶ μάλιστα ἐναργὴς ἡ πρόφασις καὶ τῆς συνηθείας τοῦ βίου τοῦ ἡμετέρου. ὁ γὰρ Ἀσκληπιὸς κελεύει
λέγειν· ὥστʼ οὔτʼ ἀσθένειαν σώματος οἷόν τε ὑπολογίσασθαι
πρός γε αὐτὸν τὸν σωτῆρα οὔτε τῆς ὑποθέσεως τὸ μέγεθος καταδεῖσαι μὴ οὐ ῥᾴδιον ᾖ τυχεῖν· ἀλλʼ ὥσπερ
ἔφη Πίνδαρος, θεοῦ δείξαντος ἀρχὴν οὐδὲν δὴ τὸ κωλῦον,
ἄλλως τε καὶ οὐ νῦν πρῶτον αὐτοῦ πειρώμεθα, ἀλλʼ ἐν
πολλοῖς τε καὶ μεγάλοις καὶ πρόσθεν ἔγνωμεν ἐφʼ ἡμῶν
αὐτῶν, οὐχ ἑτέρων, ὁπόσον τὸ τῆς ῥᾳστώνης αὐτῷ περίεστι
κἀν τοῖς καθάπαξ ἀπόροις εἶναι δοκοῦσι, καὶ μὴ ὅτι <pb id="v.1.p.383"></pb>
τοῖς χαλεποῖς μὲν, ἀπογνῶναι δʼ οὐκ ἀναγκαίως ἔχουσιν.
ἔγωγʼ οὖν πρὸς τοσοῦτον ἥκω τοῦ πιστεύειν ἑτέρῳ μελήσειν, ὥστʼ οὐκ οἶδʼ ὅντινα τρόπον αὐτοσχεδιάζω, πλὴν ὅσον
οὐκ ἀπὸ στόματος παντελῶς, ἀλλὰ γράφων ἔτι. οὔτε γὰρ
πρόσθεν ἔγνων ὅ τι χρὴ λέγειν, πρὶν ἔδει λέγειν ἤδη, ὅ
τε προστάξας μείζων ἁπάσης ἔμοιγε παρασκευῆς. ἡγοῦμαι
δὲ οὐ τὸν αὐτὸν τρόπον περὶ τῶν πραγμάτων τῶν μεγάλων ἔχειν καὶ τῶν πελαγῶν· τὰ μὲν γὰρ ὅσῳ μείζω,
τοσούτῳ παρέχει πλείω τὸν φόβον, τὰ δʼ ἔστιν ὅπη καὶ
βοηθεῖ, ἔστι γὰρ ὥσπερ ὅρμου λαβέσθαι πολλαχόθεν· ὥστʼ
εἰ μὴ παντάπασί τις εἴη δυστυχὴς, τό γε τοῦ παντὸς
<milestone n="237" unit="Jebb page"/>
δοκεῖν διαμαρτεῖν διαφεύξεται. πεπύσθαι δέ τινα ἤδη καὶ
τῶν ἐν Ὑπερβορέοις οἶμαι τὸν περὶ Κυζίκου χρησμὸν
καὶ τὸν μάρτυρα τῆς εὐδαιμονίας τῇ πόλει, ὃς ταῖς μὲν
ἄλλαις πόλεσιν ἐξηγητής ἐστι, τῇ δὲ πόλει ταύτῃ καὶ
ἀρχηγέτης. τὰς μὲν γὰρ ἄλλας πόλεις διὰ τῶν οἰκιστῶν <pb id="v.1.p.384"></pb>
ᾤκισεν οὓς ἀπέστειλεν ἑκασταχόσε, ταύτης δὲ ἐκ τοῦ εὐθέος αὐτὸς γέγονεν οἰκιστής. ὥστε πῶς οὐκ εὐδαίμων Κύζικος, ἀπὸ τοιαύτης τε ἀρχῆς ἀρξαμένη εἰς τοιοῦτόν τε ἅμα
τὸν οἰκιστὴν καὶ μάρτυρα ἀναφέρουσα; γνοίη δʼ ἄν τις καὶ
πρὸς τὴν θέσιν εὐθὺς αὐτῆς ἀποβλέψας καὶ τὴν φύσιν τὴν
ὅλην, ὅτι γιγνομένην αὐτῇ τὴν ἐπωνυμίαν ἔθετο ὁ θεός· οὕτως
καὶ τὰ ἀπὸ τῆς γῆς καὶ τὰ ἀπὸ τῆς θαλάττης συμβαίνει. πρόκειται γὰρ τῆς Ἀσίας, ἀρχομένη μὲν ἐκ νήσου, καθισταμένη δʼ εἰς τὴν ἤπειρον, ἔνθεν μὲν τὸν Εὔξεινον πόντον
προβεβλημένη, ἑτέρωθεν δὲ τὸν Ἑλλήσποντον, σύνδεσμός
τις οὖσα τῆς θαλάττης ἑκατέρας, μᾶλλον δὲ ἁπάσης ἣν
ἄνθρωποι πλέουσι. παράπλοι δὲ αὐτὴν καὶ περίπλοι καὶ
εἴσπλοι ναυτῶν ἁπάντων οὔποτε λείπουσιν, ἀλλʼ οἱ μὲν τὰ
νῶτα κομίζονται οὐρίᾳ ἐφέντες εἰς τὸ πέλαγος διὰ νήσων
τῆς πόλεως, οἱ δʼ εἰς αὐτὴν καταθέουσί τε καὶ ἀναθέουσι. <pb id="v.1.p.385"></pb>
καίτοι εἰ τὴν Κορινθίων πόλιν εὐδαίμονα τοῖς ποιηταῖς
ἔδοξε προσειπεῖν, ὅτι ἐπὶ τῷ Ἰσθμῷ κειμένη τοὺς ἐφʼ
ἑκάτερα τῆς Πελοποννήσου βαδίζοντας ὑποδέχεται, ἦ που
λαμπρῶς ταύτῃ γε προσήκει τῆς προσηγορίας. τῆς γὰρ
θαλάττης ἐν μέσῳ κειμένη συνάγει πάντας ἀνθρώπους
εἰς ταυτὸν, τούς τε ἀπὸ τῆς εἴσω πρὸς τὴν ἔξω παραπέμπουσα καὶ τοὺς ἔξωθεν πρὸς τὰ εἴσω, ὥσπερ τις
ὀμφαλὸς τοῦ μεταξὺ τόπου Γαδείρων καὶ Φάσιδος. ἔστι
μὲν δὴ καὶ ἑτέραις, οἶμαι, νήσοις συμβεβηκὸς ἐν ἀφθόνῳ
τῇ κύκλῳ θαλάττῃ κεῖσθαι, καὶ Κρήτην Ὅμηρος σεμνύνων
ἔφη κεῖσθαι μέσην ἐνὶ οἴνοπι πόντῳ· τὸ δὲ τῆσδε σεμνότερον. οὐ γὰρ ἑνὸς πελάγους τὸ μέσον κατείληφεν· ἔξεστι
<milestone n="238" unit="Jebb page"/>
δʼ εἰπεῖν οὐ πολλὴν αὐτῇ μόνον εἶναι τὴν θάλατταν, ἀλλὰ
καὶ πολλαπλῆν, τὸ μὲν πρὸς βορέαν ἄνω πηγήν τινα καὶ
ἀφορμὴν ἁπάσης τῆς πλοΐμου, τὸ δʼ αὖ πρὸς ἑσπέραν
πορθμὸν τὸν μήκιστον καὶ χαριέστατον, τρίτον δὲ
μέσον τούτων ἀμφοτέρων καὶ φύσει καὶ τόπῳ τοῦτο <pb id="v.1.p.386"></pb>
ὃ δὴ Προποντίδα κληθῆναι, πᾶν ὡς εἰπεῖν αὐτὴ πεπλήρωκε.</p>

<p>καὶ τὰ μὲν ἐκ θαλάττης τοιαῦτα· τὰ δʼ αὖ παρὰ
τῆς γῆς ἀδελφά τε τούτων καὶ ἀντίρροπα. πολλὴ μὲν γῆ
πᾶσα καὶ ἄφθονος, καὶ ὡς ἄν τις ἀξιώσειε κατʼ ἐπωνυμίαν τὴν ἤπειρον εἶναι τὸ μέγεθος, πολλαὶ δὲ αἱ φύσεις
καὶ πλεῖστον ἀλλήλων κεχωρισμέναι καὶ πᾶσαι νεύουσαι
πρὸς τὸ βέλτιστον. ὄρη τε γὰρ ἐνταῦθα ἡμερώτερα τῶν
παρʼ ἄλλοις πεδίων, πεδία τε ἀποχρῶντα οὐ πόλεως, ἀλλʼ
ἐθνῶν εἶναι, καὶ ποταμοὶ καὶ λίμναι καὶ ἕλη καὶ νάπαι καὶ
μακάρων δή τινες εὐθυμίαι. ὥστε εἴ τις βούλοιτο πάντας
οἰκίζειν τοὺς τόπους, πολλὰς μὲν ἂν τὰς περὶ τὰς λίμνας
γενέσθαι πόλεις, πολλὰς δʼ ἐπὶ ταῖς ἀκταῖς τῆς θαλάττης, οὐκ ὀλίγας δὲ ἐν τῇ μεσογείᾳ, καὶ ταῖς πολλαῖς ἂν
ὑπάρχειν ἀγνοεῖν ἀλλήλας, ὅσαι μὴ πόλεις πόλεων ἑξῆς
τύχοιεν οὖσαι. καὶ τὰ μὲν ἐκ γῆς καὶ θαλάττης τῇ πόλει
τοιαῦτα, ἀλλήλοις τε ἐφάμιλλα καὶ παραδείγμασιν οὐ πολλοῖς ἐνεχόμενα. ἀλλὰ μὴν αὐτήν γε τὴν πόλιν καὶ ὡς νῆσον προσείποις ἂν καὶ ὡς χερρόνησον καὶ εἴ τι ἐπέκεινα
χερρονήσου πρὸς ἤπειρον. διὰ γὰρ τὸ μὴ κατʼ αὐχένα <pb id="v.1.p.387"></pb>
εἶναι διαβατὴν μηδὲ ἀπὸ στενοῦ τινος ὡρμῆσθαι, ἀλλʼ
ἐπὶ μήκους παρατείνουσαν τὴν ἤπειρον, κατʼ ἄμφω τὼ
σκέλη συνεχῆ πρὸς αὐτὴν εἶναι, τό τε τῆς Σκύρου παράδειγμα ὑπερβέβληκε καὶ εἰ δή τις ἄλλη πόλις ἢ νῆσος
παρὰ μικρὸν ἤπειρός ἐστι. καίτοι Θουκυδίδης γε ἐπαινεῖ
Σικελίαν, ὅτι εἴκοσι σταδίους ἀπέχει τῆς ἠπείρου τοὐλάχιστον· ἡ δὲ τοσοῦτον ἄρα ἀπέχει τῆς ἠπείρου ὥστʼ ἐξεῖναι
καὶ λαθεῖν τὸ μὴ νῆσον εἶναι, κἂν εἴ τις τὰ χώματα
<milestone n="239" unit="Jebb page"/>
ἀνέλοι καὶ τὰς γεφύρας, ἐξεῖναι νήξασθαι πρὸς αὐτὴν ἐκ
τῆς ἠπείρου. οὕτως καὶ ἡ νῆσος ἅπασα καὶ ἡ πόλις οὐδὲν ἀτιμοτέρα τὴν φύσιν τῶν μεγίστων νήσων Κρήτης
καὶ Σικελίας. κάλλη τοίνυν δημοσίων οἰκοδομημάτων καὶ
τὴν ἅπασαν κατασκευὴν καὶ μέγεθος τῆς πόλεως οὔτʼ
ἄπορος λόγων οὕτως οὐδεὶς ὥστε μὴ ἂν ἔχειν ἐπαινεῖν
οὔθʼ οὕτω λέγειν ἱκανὸς ὥστε ῥᾳδίως ἂν ἐνδείξασθαι.
ἐγὼ δὲ ἅπαντα τἄλλα παρεὶς, οὗ μάλιστα ἐμοὶ προσήκει
μνημονεῦσαι, τοῦτο ἐκλέξομαι. δοκεῖ γάρ μοι κάλλιστα δὴ
τοῦτο συμβόλων δεικνύναι τὸν οἰκιστὴν, καὶ ὅτι τῶν κρειττόνων τινός ἐστι ποίημα· ἔοικε γάρ τις ἁπάντων εἶναι
τῶν θεῶν ἱερὰ, ὥσπερ ἣν καλοῦσιν οὕτως ἀγοράν. ὥσπερ <pb id="v.1.p.388"></pb>
γὰρ κατὰ κλήρους ἅπασι θεοῖς ἐξῃρημένη πᾶσα δὴ μεμέρισται, καὶ αὐτὴν οἱ νεῲ διειλήφασιν ὥσπερ ἁμιλλωμένων θεῶν πρὸς ἀλλήλους ὑπὲρ σωτηρίας τῆς πόλεως.
θυσίαι δὲ καὶ πομπαὶ καὶ πρόσοδοι καὶ θεραπεῖαι θεῶν
μετὰ τῶν καθεστηκότων θεσμῶν οὐ πόρρω τῆς Ἀθηναίων
πόλεως, τὸ μὴ τῇ συγγενείᾳ χρῆσθαι πρὸς τὸ βέλτιστον.
καὶ μὴν ἥ γε ἄλλη δύναμις τούτων ἀκόλουθος. τοσοῦτον
γὰρ τῇ πόλει περίεστιν ὥστε καὶ τῶν ἑτέρωθι ναῶν καὶ
ἄλλων κόσμων δημοσίων εἴ τις φαίη ταύτην εἶναι τὴν
χορηγὸν, οὐκ ἂν αἰσχυνθείη· οὕτω λαμπρά τε καὶ κοινὰ
πᾶσι τὰ ὄντα κέκτηται, καὶ οὔτε Ἰταλία τῶν ταύτης κτημάτων ὑπερορᾷ οὔτε Αἴγυπτος οὕτω πόρρω οὔτε Τυρρηνικὸν πέλαγος οὔτε Σύρων καὶ Κιλίκων, ποιητὴς ἂν εἴποι
τις, ἐνστροφαὶ, οὔτε ἔθνος οὐδὲν ὡς ἔπος εἰπεῖν οὔτε
κατʼ ἤπειρον οὔτʼ ἐν νήσοις, ὃ μὴ παρὰ τῆς πόλεως ταύτης κεκόσμηται. Ἴωνας δὲ καὶ Αἰολέας καὶ τὰς πρὸ
ποδῶν νήσους τε καὶ πόλεις τί τις ἂν λέγοι; καὶ
τὸ δὴ νεανικώτατον, ὥσπερ γὰρ οἱ ἀγαθοὶ δρομεῖς ἐκ <pb id="v.1.p.389"></pb>
πολλοῦ προέμενοι ῥᾳδίως αἱροῦσιν, οὕτως ἄρα καὶ ὑμεῖς
πᾶσιν ἀνθρώποις ὧν ἐδεήθησαν παρασχόντες ἐπιστάντες
αὐτοὶ τελευταῖοι.</p>

<p>πρὸς αὐτό γε ἥκω τὸ κλυδώνιον, πῶς ἂν εἴποιμι
<milestone n="240" unit="Jebb page"/>
ὅσον βούλομαι; ἀλλὰ τοσοῦτον ἂν εἴποιμι ὅσον εἰπὼν
συγγνοίην ἐμαυτῷ. πάντας γὰρ μικροῦ δέω λέγειν ὅσοι
τοῖς ὁμοίοις ἐνεχείρησαν ὡσπερεὶ παῖδας ἀπεφήνατε, τοσοῦτον ἔργον ἐγείραντες, ὅσον ἐνθυμηθῆναι μὲν ἂν μανίας ἔργον εἶναι ἔδοξεν, ἐκτελέσαι δὲ κρεῖττον ἢ κατὰ
ἄνθρωπον. ἀπορήσαι τις ἂν πότερον ἐνταυθοῖ μετενήνεκται τῆς νήσου τὸ πλεῖστον ἢ κατὰ χώραν μένει. οἶμαι
δʼ ἂν ἅπαντας συμφῆσαι μήτε πόλεως ἂν ἄλλης εἶναι τὸ
ἀνάθημα μήτε λιθοτομίας ἑτέρας ἢ τῆς ὑμετέρας· οὐ γὰρ
ἂν ἀρκέσαι τὴν φύσιν. πρότερον μὲν γὰρ τῶν νήσων ταῖς
κορυφαῖς ἐτεκμαίροντο οἱ πλέοντες, Κύζικος ἥδε, Προκόννησος αὕτη, τῶν ἄλλων ἣν ἴδοι τις· νῦν δὲ ὁ νεὼς
ἀντὶ τῶν ὀρῶν ἀρκεῖ, καὶ μόνοις ὑμῖν οὐδὲν δεῖ λαμπτήρων οὐδὲ πυρσῶν οὐδὲ πύργων πρὸς τοὺς καταίροντας,
ἀλλʼ ὁ νεὼς πληρῶν ἅπαν τὸ ὁρώμενον τήν τε πόλιν καὶ
τὴν μεγαλοψυχίαν τῶν ἐχόντων αὐτὴν ὁμοῦ δηλοῖ, καὶ <pb id="v.1.p.390"></pb>
τοσοῦτος ὢν καλλίων ἐστὶν ἢ μείζων. εἰ δʼ ἔτυχον παριόντες Ὅμηρος καὶ Ἡσίοδος, ῥᾳδίως ἄν μοι δοκοῦσιν εἰπεῖν
τὸ περὶ τοῦ τείχους τοῦ Τρωικοῦ μυθολόγημα μεταθέντες, ὡς ἄρα Ποσειδῶν καὶ Ἀπόλλων κοινῇ φιλοτεχνήσαντες ἀπειργάσαντο τὸ ἔργον τῇ πόλει, ὁ μὲν τὴν πέτραν
παρασχὼν ἐκ τοῦ βυθοῦ τῆς θαλάττης καὶ ἅμα ποιήσας
δυνατὴν εἶναι κομισθῆναι, ὁ δʼ ὥσπερ εἰκὸς οἰκιστὴν βουληθεὶς τὴν ἑαυτοῦ πόλιν κοσμῆσαι προσθήκῃ τηλικαύτῃ.
φαίης ἂν τῶν μὲν λίθων ἕκαστον ἀντὶ νεὼ τοῦ παντὸς
εἶναι, τὸν δὲ νεὼν ἀντὶ τοῦ παντὸς περιβόλου, τὸν δʼ αὖ
περίβολον τοῦ νεὼ πόλεως ἀποχρῶντα γίγνεσθαι. εἰ δὲ
βούλει τὰ τῆς ῥᾳστώνης καὶ τρυφῆς, ἀντὶ γὰρ τῶν οἰκιῶν τῶν τριωρόφων καὶ τῶν τριήρων πάρεστιν ὁρᾶν νεὼν
τὸν μέγιστον, τῶν μὲν ἄλλων πολλαπλασίονα, αὐτὸν δὲ
τριπλοῦν τῇ φύσει. τὰ μὲν γὰρ αὐτοῦ κατάγειός ἐστι
θέα, τὰ δʼ ὑπερῶος, μέση δὲ ἡ νενομισμένη. δρόμοι δὲ
<milestone n="241" unit="Jebb page"/>
ὑπὸ γῆν τε καὶ κρεμαστοὶ διʼ αὐτοῦ διήκοντες κύκλῳ,
ὥσπερ οὐκ ἐν προσθήκης μέρει, ἀλλʼ ἐξεπίτηδες εἶναι
δρόμοι πεποιημένοι.</p>

<p>ταῦτα μὲν οὖν οὐδὲν δεῖ λόγῳ κοσμεῖν, ἀλλʼ εἰς τοὺς
γεωμέτρας καὶ ἐπαινέτας ἀποθέσθαι, καὶ τούτων ὅσοι <pb id="v.1.p.391"></pb>
τέλειοι καὶ ἱκανοὶ μετρῆσαι πρᾶγμα τοσοῦτον· ὡς ἐγὼ
καὶ τοῦτο ὀρρωδῶ, μὴ οὐδὲ τούτοις πᾶσιν ᾖ τὴν ἀκρίβειαν ἐξευρεῖν. εἰ γάρ τις ἀποσταίη τῶν λόγων τῶν περὶ
αὐτοῦ τοῦ νεὼ, ἱκανὸν καὶ τὰ μηχανήματα καὶ τὰ ὀχήματα θαυμάσαι, ἃ πρόσθεν οὐκ ὄντα κατʼ ἀνθρώπους
ἐξεῦρεν ἡ χρεία τοῦ νεώ. ἄξιον δὲ καὶ τῆς τύχης ἕνεκα
ὑμῖν συνησθῆναι. ἐπεγράψασθε μὲν γὰρ τὸν ἄριστον τῶν
εἰς ἐκεῖνον τὸν χρόνον βασιλέων· ἥκει δὲ ὑμῖν τὸ ἔργον
πρὸς τέλος ἐν τοῖσδε τοῖς καιροῖς, οἳ τὰ καλῶν αὖ κάλλιστα εἰλήχασι καὶ ὑπὲρ ὧν δικαιότατʼ ἂν χαριστήριον
τοσοῦτον ἑστηκὸς εἴη τοῖς θεοῖς, ἐπειδήπερ οὐ ῥᾴδιον ἦν
μεῖζον ἐξευρεῖν. ὅτι μὲν δὴ πλείστους οὗτοι τῶν πρὸ αὐτῶν βασιλέων προγόνους βασιλέας παρέσχοντο καὶ ὁποία
τις ἡ τοῦ γένους αὐτοῖς ἀμφοτέρωθεν ἐξ ἀρχῆς κατασκευὴ,
καὶ τροφὴν ἥντινα ἐτράφησαν καὶ ἐφʼ οἷστισι, καὶ τῆς
παιδείας τῆς συμπάσης τὴν περιούσιαν, μακρός τε λόγος
διεξιέναι καὶ οὐδαμῶς πληρῶσαι ῥᾴδιος· ὃ δὲ τῇ τε παρούσῃ συνόδῳ μάλιστα πρέπειν ἀκοῦσαί μοι δοκεῖ καὶ αὐτῶν ἰδιαιότατον ἐγκώμιον καὶ τῶν εἰς μνήμην ἡκόντων ἐν
λόγῳ θαυμαστότατον καὶ πᾶσαν τὴν εὐγένειάν τε καὶ
παιδείαν ἔχει συλλαβὸν καὶ οὔτʼ ἰδιώτης οὐδεὶς δύναται
σιωπᾶν πόλις τε ἅπασα καὶ γένη ἅπαντα ἀνθρώπων ἐκπέπληκται, περὶ τοῦτο εἰς ὅσον ἔξεστι διατρίψομεν. οὗτοι <pb id="v.1.p.392"></pb>
γάρ εἰσιν οἱ τὴν παροιμίαν ἐπὶ πλεῖστον ἄραντες καὶ διὰ
τῶν μεγίστων ἔργων ὅρον δείξαντες ὅτι τῷ ὄντι κοινὰ τὰ
φίλων, οὐχ ἵππων ἀγέλης, οὐδὲ σκευῶν, οὐδὲ πλέθρων
τινῶν γῆς κοινωνήσαντες, οὐδʼ εἰς ὅσον πρόσθεν μήκιστον
<milestone n="242" unit="Jebb page"/>
ἔδει προελθεῖν κοινωνίαν· ἀλλʼ ἐπὶ τοσοῦτον τῆς μεγαλοψυχίας ἐλθόντες ὥστε πᾶσαν τὴν γῆν καὶ τὴν θάλατταν
τῷ λόγῳ τούτῳ καταλαβεῖν καὶ μηδὲν ἀκοινώνητον τῶν
ὄντων αὐτοὺς ἐκφυγεῖν, ὡς ἀληθῶς καθʼ Ὅμηρον κοινὴν
τὴν γῆν καταστήσαντες, τῇ προστασίᾳ μὲν αὑτῶν, τῇ δὲ
χρείᾳ συμπάντων· ἃ πρόσθεν εὔξασθαι μὲν ἐξῆν ὑπὲρ
δικαιοσύνης, ἐλπίσαι δʼ οὐδαμοῦ περιῆν, ἀλλʼ ὁ τῆς εὐδαιμονίας ὅρος ὥσπερ εὐχή τις ἐφαίνετο. στρατηγοὶ μὲν γὰρ
ἤδη στρατηγοὺς ἐν κινδύνοις προσείλοντο καὶ πόλεις
ἀλλήλας ἐπὶ καιρῶν παρέλαβον καὶ βασιλεῖς πρὸς βασιλέας φιλίας καὶ συνθήκας ἐποιήσαντο, καὶ οὗτοι τῆς
χρείας ὡς τὰ πολλὰ ἡττηθέντες, καὶ μέχρι τούτου κοινωνίας ἴσμεν γενομένας· βασιλεὺς δὲ ἑκὼν βασιλέα νῦν
δὴ πρῶτον προείλετο κοινωνὸν ἑαυτῷ τῶν ὅλων καὶ μόνος
τῶν ἐκ τοῦ παντὸς αἰῶνος οὐκ ἀρχὴν προσλαβεῖν μᾶλλον
ἐζήτησεν ἢ βασιλέα προσλαβεῖν ἐπὶ πᾶσι τοῖς ἴσοις. καὶ <pb id="v.1.p.393"></pb>
γάρ τοι καταθεὶς εἰς μέσον τὴν ἀρχὴν οὐκ ἐλάττω ἐποίησε
τὸ αὑτοῦ μέρος, ἀλλʼ αὐτῷ τούτῳ μείζω τήν τε αὑτοῦ
καὶ τὴν τοῦ συνάρξαντος κατέστησεν. Ἀλέξανδρος μὲν γὰρ
ἐξέπληξε τοὺς ἀνθρώπους, οὐ δεξάμενος τὴν πρὸς Δαρεῖον
κοινωνίαν, καὶ ἴσως καλῶς ποιῶν, ἅτε οὐ πρὸς ὁμότιμον
τὴν Ἀσίαν μέλλων νέμεσθαι· ὅμως δʼ ἔμοιγε δοκεῖ μηδʼ
εἰ πολλῷ τις ἦν Δαρείου βελτίων, μηδʼ ἂν οὕτω δέξασθαι
σὺν ἄλλῳ τῶν ἄλλων ἁπάντων κρατεῖν· οἱ δὲ τὴν βασιλείαν δικαιοσύνης σύμβολον τῆς τελεωτάτης ἐποιήσαντο,
ὥσπερ τούτου χάριν παραλαμβάνοντες τὰ τῶν ἀνθρώπων
πράγματα, ἵνʼ εἶεν ἅπασιν ἀρετῆς διδάσκαλοι κοινοί.
τοῦτο ὑπὲρ πᾶσαν μὲν Καυκάσου περίοδον, τοῦτο δʼ ὑπὲρ
Ἰνδοὺς ἁλισκομένους καὶ Κασπίας πύλας, τοῦτο ὑπὲρ
πάντα τἀνθρώπεια, τοῦτο τοῖς καλλίστοις ἐστὶ νικώντων
καὶ ἃ προσήκει τῇ φύσει. οὔτε γὰρ εἴ τις ἔξω τοῦ Ἀτλαντικοῦ πελάγους ἐστὶ γῆ, ταύτην προσκτησάμενοι, οὔτε
ὅσα ἀοίκητα τῶν εἴσω διʼ ὑπερβολὴν ψύχους ἢ
<milestone n="243" unit="Jebb page"/>καύματος, εἰ ταῦτα εὑρόμενοι κραθῆναι παρὰ τῶν θεῶν προσθήκην τῆς ἀρχῆς ἐποιήσαντο ἰδίαν καθʼ ἑαυτόν πως ἑκάτερος, οὐκ ἂν ἔμοιγε ἐπʼ ἀρετῇ τοσούτῳ παρελθεῖν
<pb id="v.1.p.394"></pb>ἅπαντας δοκοῦσιν, ὅσῳ περ νῦν τὰ ὄντα κοινὰ ποιησάμενοι
καὶ περὶ πλείονος ἀλλήλους ποιησάμενοι τῶν ὄντων
ἁπάντων.</p>

<p>ὢ θαυμαστοῦ μὲν τοῦ μηδὲν δεομένου βασιλεύειν,
εἰ μὴ δοκοίη τῷ ἀδελφῷ, θαυμαστοῦ δὲ τοῦ μὴ δεχομένου βασιλεύειν, εἰ μὴ σὺν τῷ ἀδελφῷ. ὢ τοῖς ἴσοις
ἀλλήλους ἀμειψάμενοι, μόνοι μὲν ἀλλήλοις ἐπὶ πλεῖστον
παραπλήσιοι, μόνοι δʼ ἁπάντων πλεῖστον διαφέροντες,
αὐτοὶ μὲν κοινωνοὶ τῶν μεγίστων, ἑτέρους δὲ οὐκ ἔχοντες
τῶν ἴσων κοινωνούς. ὁ μὲν γὰρ τῶν Περσῶν βασιλεὺς
ἐδόκει τι διάφορον κεκτῆσθαι τὸν καλούμενον βασιλέως
ὀφθαλμὸν καὶ βασιλέως ὦτα· καὶ τοῦτο ἴσως μὲν ἦν τινα
καὶ χρείαν παρέχον, τὸ δὲ πλεῖστον ἐμοὶ δοκεῖν ἀλαζόνευμα, ἵνα δὴ διπλᾶ τῶν ἄλλων ἀνθρώπων ὁρᾶν καὶ
ἀκούειν δοκοίη. οἱ δὲ τοῦτο δὴ κάλλιστον καὶ σοφώτατον
εὗρον πρὸς ὑπερβολήν· ἀμφότεροι γὰρ ἀλλήλοις ὦτα καὶ
ὀφθαλμοὶ κατέστησαν, καὶ τὴν παρὰ τῆς φύσεως χρείαν
ἐδιπλασίασαν, καὶ τὴν φυλακὴν τῆς ἀρχῆς οὐκ ἀλλοτρίαν,
ἀλλʼ οἴκοθεν ὡς ἀληθῶς ἐποιήσαντο, κοινώσαντες ἅπαντα.
καὶ οὐδέν γε μᾶλλον τὸ τῆς μοναρχίας ἀγαθὸν διέφθαρται, ἀλλʼ ἐστὶ μοναρχία θαυμαστὴ δυοῖν σώμασι καὶ
δυοῖν ψυχαῖν μιᾶς γνώμης ἐνιδρυμένης, ὥσπερ τινὸς ἁρμονίας διὰ πασῶν τῶν χορδῶν διηκούσης. τίς οὖν γένοιτʼ <pb id="v.1.p.395"></pb>
ἂν ταύτης ἀμείνων μουσική; τίς συναυλία φιλτέρα τῷ τε
Ἀπόλλωνι καὶ ταῖς Μούσαις; τίς ἁρμονία κοινοτέρα τῷ
τῶν ἀνθρώπων γένει; τὰ μὲν γὰρ Ἀμφίονος καὶ Ζήθου
πρὸς τοσοῦτον ἦλθεν ὅσον πυργῶσαι Θήβας, κἀνταῦθά
τινες τὴν τοῦ ἑτέρου μουσικὴν αἰτιῶνται, οἱ δὲ ὑπὲρ
πασῶν τῶν πόλεων καὶ πάντων ἀνθρώπων κοινωσάμενοι
τὴν μουσικὴν ταυτὸν ᾁδουσι, πατρόθεν μέν που καὶ ἐκ
προγόνων τὸ μέλος παραλαβόντες, ἔτι δὲ αὐτὸ τῷ παντὶ
λαμπρότερον καταστήσαντες, ὡς ἂν μάλιστα ἐκείνων
<milestone n="244" unit="Jebb page"/>παῖδες κατʼ εὐχὴν ἐγένοντο. πρέποντα δέ μοι δοκοῦσι καὶ τῷ
τύπῳ τῆς πολιτείας διανοηθῆναι· μόνη γὰρ αὕτη πόλεων
μετέβαλε τὸν νόμον. οἱ μὲν γὰρ ἄλλοι πάντες καὶ Ἕλληνες
καὶ βάρβαροι ὅσοι κατὰ μικρὸν δυναστείας προσήψαντο,
ἓν τοῦτο ἐσκέψαντο, ὅπως μηδεὶς τῶν αὐτῶν ἀπολαύσεται, ἀλλʼ ὡς οἷόν τε μάλιστα ἅπαντες ἀπελαθήσονται.
μόνοι δὲ πάντων οὗτοι κοινὰ τἀγαθὰ προὔθεσαν εἰς μέσον, ὥσπερ ἆθλα τοῖς βελτίστοις, καὶ οὔτε Εὐρώπην ἢ
Ἀσίαν ἢ Λιβύην οἰκεῖν διαφέρει οὔτε ἔστιν ὅρος διείργων
οὐδεὶς, οὐ Τάναϊς, οὐ λίμνη Μαιῶτις, οὐκ Ἀτλαντὶς
νῆσος, οὐχ ὅ τι εἴποι τις, ἀλλὰ πάντες ἄνθρωποι καὶ <pb id="v.1.p.396"></pb>
πάντα γένη προσήκει τῇ πόλει, καὶ πᾶσιν ἔξεστιν ἄρχειν
τὰ γιγνόμενα. ὥσπερ οὖν τῶν ἐν μέρει κοινὴν τὴν μετουσίαν ἅπασι καταστησαμένους ᾔδεσαν τοὺς προγόνους τοῖς
ἀξίοις, οὕτως αὐτοὶ πλεῖστον ὑπερφέροντες ἁπάντων εἰς
ἀρετὴν κοινὴν τὴν ἀρχὴν τῶν ὅλων ἐποιήσαντο. καὶ τό γε
ἥδιστον τῆς ἐπινοίας, ὥσπερ γὰρ πρότερον τοὺς κατʼ
ἐνιαυτὸν ἄρχοντας κατὰ συζυγίαν παρείχοντο ὀνομάζειν
τοῖς ἔξω, οὕτω νῦν τοὺς διηνεκεῖς ἔξεστιν ὁμοῦ πατρόθεν
τε καὶ σὺν ἀλλήλοις ὀνομάζειν. οὕτως καὶ τῆς πάσης πολιτείας ἀκόλουθα ἐσκέψαντο καὶ τὴν ὑπερβολὴν ἐλπίδος
κρείττω παρέσχοντο. καὶ μὴν Ὅμηρος μὲν ἔφη που σεμνύνων τοὺς βασιλέας
<quote rend="blockquote"><l>θυμὸς δὲ μέγας ἐστὶ διοτρεφέων βασιλήων·</l>
</quote>
οἱ δὲ οὐ θυμοῦ ῥώμην οὐδὲ ὀργῆς ἀμετρίαν τὰ ἐπίσημα
τῆς ἀρχῆς ἐποιήσαντο, ἀλλὰ φιλανθρωπίας καὶ μεγαλοψυχίας τὰ κράτιστα εἰσηνέγκαντο, καὶ τῷ ὄντι ἐδήλωσαν
τὴν τροφὴν θείαν οὖσαν ἑαυτῶν. ὁ γοῦν λογισμὸς αὐτῶν
θεῖος καὶ ὡς ἀληθῶς ἄνωθεν ἔχων τὸ παράδειγμα καὶ
πρὸς ἐκείνην ὁρῶν τὴν πολιτείαν, εἰ δεῖ κεφάλαιον εἰπεῖν·
ἐπεὶ καὶ θεοὺς αὐτοὺς καὶ τὸν σύμπαντα δὴ κόσμον τε
καὶ οὐρανὸν φιλίαν καὶ κοινωνίαν φασὶν εἶναι τὴν συνέχουσαν, καὶ διὰ τούτων τὸν ἀεὶ χρόνον ἀσφαλῶς ἅπαντα
<milestone n="245" unit="Jebb page"/>
πορεύεσθαι, φθόνον δὲ καὶ δυσμένειαν ἐν θεῶν οἴκοις
οὐδʼ ἐν ἤθεσιν οὔτε εἶναί ποτε οὔτε γίγνεσθαι.</p>

<p>οἱ μὲν τοίνυν χαρακώματα καὶ τείχη προσλαμβάνοντες μικροῖς τισι καὶ θνητοῖς ὡς ἀληθῶς ἐπαύξουσι τὰς
ἀρχὰς, οἱ δὲ ἀρετῆς καὶ δικαιοσύνης καὶ φιλίας, οὕτω
λαμπρὰ καὶ θαυμαστὰ πᾶσιν ἐξενεγκόντες ὁρᾶν παραδείγματα, οὗτοι τὴν νίκην ὡς ἀληθῶς ἐκ θεῶν κέκτηνται, <pb id="v.1.p.397"></pb>
οὗτοι τῷ ἀθανάτῳ στεφάνῳ κεκόσμηνται, τούτους καὶ
θεῶν φίλους ὥσπερ ἀλλήλων εἰκὸς εἶναι καὶ ἀνθρώπων
εὐεργέτας καθαρῶς νομίζεσθαι. ὥσπερ γὰρ οἱ γράφειν
ἀγαθοὶ διὰ τῶν πινάκων τῶν ὑπὲρ κορυφῆς μεθʼ ὑπερβολῆς δεικνύουσι τὰ γράμματα ὡς μέγιστα καὶ ὡς κάλλιστα γραφόμενοι τοῖς παισὶ μιμεῖσθαι τὸ εἰς δύναμιν τὴν
ἑαυτῶν, οὕτως οὗτοι τὰ κάλλιστα τῶν ἐν ἀνθρώποις διὰ
τοῦ μεγίστου τῶν παραδειγμάτων ἐξέφηναν, ὥστʼ ἔχειν
ἕκαστον εἰς δύναμιν εἶναι μιμεῖσθαι καὶ καθάπερ διδασκάλων τῶν βασιλέων ἀπολαύειν εἰς τὰ αὑτῶν πράγματα.
ποῖαι ταῦτα Σεσώστριδος στῆλαι δύναιντʼ ἂν ὑπερβαλέσθαι, ἃς ἐκεῖνος ἐπʼ ἀμφοτέραις ἵστη περιιὼν, μᾶλλον
δὲ τούτων ἐγγὺς εἶναι δόξαι; τίς ἀνθρώπων ἅμα τοσοῦτόν
τε ἐνίκησε καὶ οὕτω λυσιτελῆ τοῖς νικωμένοις; καὶ γάρ τοι
τοῖς μὲν ἄλλοις ὁ φόβος οἰκειοῖ τοὺς ἀρχομένους, ὑπὲρ
δὲ τούτων εὐχαὶ καὶ χάριτες κοιναὶ παρὰ πάντων οὐκ
εὐπρεπείᾳ μόνον εἰς τὸ μέσον γιγνόμεναι, ἀλλʼ ἀπὸ τοῦ
καθαρωτάτου τῆς γνώμης. εἰσέρχεται δὲ ἔμοιγε καὶ τὰ
τῶν δύο τῶν σωτήρων θεῶν, οἳ τὴν γῆν ἅπασαν
<pb id="v.1.p.398"></pb>κατειληφότες σώζουσι κοινῇ καὶ συνεργάζονται, παρʼ ἀλλήλους
τε πέμποντες καὶ τὰς εὐεργεσίας τὰς παρʼ ἑαυτῶν καὶ τὰς
παρὰ τῶν ἀνθρώπων εὐχαριστίας κοινὰς ποιούμενοι· παρʼ
οἷς τίνας μᾶλλον τούτων εἰκὸς εὐδοκιμεῖν, ἢ τίνας ἐν
πλείονι τῆς σωτηρίας εἶναι λόγῳ, οἵτινες ὥσπερ προφῆται
καὶ μίμημα τῆς ἐκείνων γνώμης γεγόνασι, τὴν καλλίστην
φιλίαν ἐπʼ ὠφελείᾳ τοῦ κοινοῦ τῶν ἀνθρώπων συνθέμενοι γένους;</p>

<p>ἄξιον οὖν τοῖς μὲν θεοῖς χάριν εἰδέναι, τοῖς δὲ
<milestone n="246" unit="Jebb page"/>
βασιλεῦσι συγχαίρειν τε καὶ συνεύχεσθαι, μακαρίζειν δʼ
αὑτοὺς τοῦ χρόνου, καὶ πρὸς τῷ μακαρίζειν ἀπολαύειν
τῆς ἀρχῆς τὰ γιγνόμενα. καλοὶ μὲν γὰρ καὶ οἱ τῶν οἰκοδομημάτων οὗτοι κόσμοι καὶ θαυμαστῶς πιθανοὶ τοῖς
πλήθεσιν, ἀλλʼ ἐκεῖνο ἤδη τέλειον καὶ θεοῦ τινος ὡς
ἀληθῶς δωρεὰ, ὅταν ἀμφότεροι συνᾴδωσιν οἱ κόσμοι, οἵ
τε ἐν ταῖς ψυχαῖς καὶ οἱ τῶν οἰκοδομημάτων. ὥσπερ γὰρ
ἐν τούτοις τὰς ἁρμονίας ἐπαινοῦμεν καὶ τὸ σώζειν ἕκαστα
τὴν γιγνομένην τάξιν πρὸς ἄλληλα, οὕτω καὶ ζῆν εἰς κάλλος τοῦτʼ εἶναι χρὴ δοκεῖν, ὅταν ἁρμονία καὶ τάξις διὰ
πάντων κρατῇ. οὗτος ὁ τῶν πόλεων ὡς ἀληθῶς κόσμος
οἰκεῖος, οὗτος καὶ ἄνδρα ἰδίᾳ καὶ πόλιν σώζει, τοῦτον
οὐδὲν δεῖ πρίασθαι χρημάτων δαπάνης οὐδὲ χρόνων τριβῆς οὐδʼ ὑπηρετῶν, οὐδὲ μηχανήματα ἱστάντας πραγματεύεσθαι, ἀλλʼ αὐτόν τινα ἕκαστον ἑαυτὸν δεῖ πεῖσαι προελέσθαι τὰ βελτίω. καὶ μὴ θαυμάσητε εἰ μηδὲν ἔχων ἐπιτιμᾶν εἶτα παραινεῖν ἀξιῶ, μηδὲ τῶν ἐπʼ αἰτίᾳ
<pb id="v.1.p.399"></pb>παριόντων μόνον τὴν παραίνεσιν εἶναι νομίσητε. ἀλλʼ ἐστὶ καὶ
τοῖς ἐπαινοῦσι προσήκουσα· δῆλον δὲ ἐκ τοῦ παλαιοῦ τοῦ
περὶ τῶν δρομέων θρυλουμένου λόγου. οὐδεὶς γὰρ ὡς ἔπος
εἰπεῖν προτρέπει τοὺς ὑστάτους αὐτῶν οὐδὲ τοὺς ὅλως
ἀπολειπομένους, ἀλλʼ οὓς ἂν ἐγγὺς ὄντας τῆς νίκης ὁρᾷ.
οἶμαι δὲ καὶ τοὺς στρατηγοὺς τοὺς παρακλητικοὺς τῶν
λόγων οὐ πρὸς τούτους ἀναλίσκειν τῶν στρατιωτῶν οἷς ἂν
ταυτὸν ᾖ πολλά τε καὶ μηδὲν εἰπεῖν, ἀλλʼ οἷς ἂν εἰς δέον
μέλλῃ μάλιστα γίγνεσθαι. ὣς δὲ καὶ ἡμεῖς νῦν οὐδὲν
ποικίλον οὐδὲ σοφὸν λέγομεν πρὸς ὑμᾶς, ἀλλὰ σχεδὸν ταῦθʼ
ἃ ποιεῖτε καὶ ἐν οἷς τέτραφθε, ταῦτα δʼ ἐστὶν ἀρχόντων
αἰδὼς, νόμων τιμὴ, ταὐτὰ φρονεῖν, ἀεὶ μὲν δή ποτε εὐδοκιμοῦν πρᾶγμα, τοῖς δὲ παροῦσι καιροῖς καὶ σφόδρα συμβαῖνον. νῦν χρὴ πάσας τὰς πόλεις ἀδελφὰς ἀλλήλαις
ὑπολαμβάνειν, νῦν στάσεις μὲν καὶ ταραχὰς καὶ
<milestone n="247" unit="Jebb page"/>φιλονεικίας καὶ τὸ μικρολογεῖσθαι περὶ τῶν ματαίων ἐκποδὼν
ἀνελεῖν, νομίσαντας θηρίων εἶναι νοσήματα ταῦτα κἀκείνοις αὐτὰ παρεῖναι δεῖν, εἰρήνην δὲ ἀληθινὴν καὶ φιλίαν
ἄδολον καὶ δικαιοσύνην καὶ τὴν διὰ πάντων εἰ οἷόν τε
κοινωνίαν μέγιστον κερδῶν ὑπολαβεῖν, ἐν μὲν ταῖς ἐπιμιξίαις ταῖς παρʼ ἀλλήλους τοῦτο δὴ τὸ πάλαι λεχθὲν ἐπισταμένους, ξένους εἶναι, ἐν δὲ ταῖς τῶν ξένων ὑποδοχαῖς
ἐλάττω τῆς ἐξουσίας ποιοῦντας, εἰδότας ἔστιν οὗ καὶ ἧτταν νίκης εὐσχημονεστέραν οὖσαν καὶ πλείονος ἀξίαν.
ταῦτα γὰρ ἐξ ἀρχῆς τὰ κράτιστα καὶ τοῖς παροῦσι καιροῖς προσήκοντα καὶ παρʼ αὑτῶν εὐθὺς οἴκοθεν τὴν ὠφέλειαν ἔχοντα καὶ πρὸς τὴν παρὰ τῶν βασιλέων τιμὴν
θαυμαστὸν ὅσον διαφέροντα. ὡς οὐκ ἔστιν ὅπως ἂν
<pb id="v.1.p.400"></pb>μᾶλλον αὐτοῖς χαρίζοισθε ἢ οὕτως δρῶντες, ἢ ὅπως ἂν μᾶλλον παρʼ αὐτῶν ὑμῖν ἃ βούλεσθε γίγνοιτο ἢ εἰ παρέχοιτε ὑμᾶς αὐτοὺς ὁποίους ἂν ἐκεῖνοι μάλιστα βούλοιντο.
σχεδὸν δὲ, ὥσπερ ἔφην, οὐδὲν ἀλλοῖον ὧν ποιεῖτε παρῄνεσα, ἀλλʼ ὥσπερ τὸν νεὼν ἐπῄνεσα βλέψας εἰς αὐτὸν
καὶ οὐδὲν οἴκοθεν εὑρὼν, οὕτω καὶ νῦν ἴδιον μὲν οὐδὲν
οὔτε εὕρηκα οὔτʼ εἴρηκα, ἃ δὲ ὁρῶ ποιοῦντας, ταῦτʼ
ἐπῄνεσα καὶ ταῦτʼ ἀγαθοῦ χάριν τοῦ συμβόλου, ὅπως
μηδὲν ἐλλείποι τῷ λόγῳ τῶν προσηκόντων παρεῖναι.
τοσαῦτα καὶ ἡμεῖς ὑμῖν εἰς τὴν πανήγυριν ὡς ἐκ τοῦ
παραχρῆμα συμβαλλόμεθα, καὶ ἴσως μετρίως ἔχει.</p></body></text>
</TEI>