<?xml version="1.0" encoding="UTF-8"?><TEI xmlns="http://www.tei-c.org/ns/1.0">
  <teiHeader>
    <fileDesc>
      <titleStmt>
	    <title>Orationes 51 </title>
	    <title type="sub">Machine readable text</title>
	    <author>Aristides, Aelius</author>
	    <editor role="editor">Wilhelm Dindorf</editor>
	<sponsor>Perseus Project, Tufts University</sponsor>
<principal>Gregory Crane</principal>
<respStmt>
<resp>Prepared under the supervision of</resp>
<name>Lisa Cerrato</name>
<name>William Merrill</name>
<name>Elli Mylonas</name>
<name>David Smith</name>
</respStmt>
<funder n="org:Google">Google</funder>
	
      </titleStmt><publicationStmt><publisher>Trustees of Tufts University</publisher><pubPlace>Medford, MA</pubPlace><authority>Perseus Project</authority></publicationStmt>
      
	
      <sourceDesc>
		<listBibl>
		  <biblStruct>
		    <analytic></analytic>
		    <monogr>
		      <author>Aristides, Aelius</author>
		      <title>Aristides</title>
		      <respStmt><resp>ex recensione Guilielmi Dindorfii</resp>
			    <name></name>
		      </respStmt>
		      <imprint>
			<pubPlace>Leipzig</pubPlace>
			<publisher>Weidmann</publisher>
			<date>1829</date>
		      </imprint>
		      <biblScope type="volume">1-2</biblScope>
		    </monogr>
		  </biblStruct>
		</listBibl>
      </sourceDesc>
    </fileDesc>
     <encodingDesc>
		<refsDecl>
		<state delim="." unit="text"/>
		refState unit="Jebb page"/>
		</refsDecl>
    </encodingDesc>
     <profileDesc>
      <langUsage>
		<language ident="greek">Greek</language>
      </langUsage>
    </profileDesc>
</teiHeader><text xml:lang="grc"><body><pb id="v.2.p.571"></pb>
<head>Πρὸς τοὺς αἰτιωμένους ὅτι μὴ μελετῴη</head>
<p>
<milestone n="416" unit="Jebb page"/>
οὐκ ἀμφοτέρων ἄρα τῶν καιρῶν διήμαρτον, εἴπερ χάριεν
μὲν ἥκοντα ἐκ τῆς ἀποδημίας δέξασθαι καὶ προσειπεῖν,
ἄλλως τε καὶ ἀφʼ ὧν συνευξάμεθα ἐπανήκοντα, εἴη δʼ
ἄν τι καὶ προπέμψαι ἅμα τῷ μέλει. σὺ δὲ τοῦτον ἥκειν
τὸν καιρὸν ἀπέδωκας· ἐδεξάμεθα οὖν, ἐπειδὴ καὶ ὁ
<milestone n="417" unit="Jebb page"/>καιρὸς οὕτω συνῆγε. θεοῦ δὲ, φησὶ Πίνδαρος, δείξαντος
ἀρχὴν εὐθεῖα δὴ κέλευθος ἑλεῖν τὸ προκείμενον. καὶ δῆτα
σοὶ μὲν πλεῖν ἡμῖν ἐξ οὐρίας τε καὶ ἐπὶ χρηστοῖς καὶ
<pb id="v.2.p.572"></pb>δευτέρων ἀμεινόνων ἀγγέλλεσθαι, ἡμῖν δʼ αὖ τὰ ἡμέτερα ἐξ
οὐρίας τε ἀγωνίζεσθαι καὶ ῥοθίῳ κώπῃ παρενεγκεῖν ἅπαντας Ἕλληνας ὅσον πλεῖστον ἔξεστιν, Ἀσκληπιός τε προστάτης ἡμέτερος καὶ Ζεὺς ὁ πάντα νέμειν κύριος παρέχοι
διὰ τέλους. καὶ ταῦτα μὲν δὴ ταῦτα. μέτειμι δὲ ἐφʼ ἕτερον προοίμιον κατὰ Στησίχορον. σκιαμαχεῖν μὲν οὖν πως
οἶδʼ ὅτι δεῖ, πρὸς οὓς γὰρ εἰρήσεται τὰ λεγόμενα οὐχ
ἥκουσιν. ὥστε συμβαίνει ἅμα μὲν σχεδὸν ὥσπερ ἂν εἰς
μάτην γίγνεσθαι τοὺς λόγους, ἅμα δʼ εἶναι σαφέστατον
ὡς ὀρθῶς καὶ προσηκόντως εἰρήσονται. αὐτόθεν γάρ που
φανερὸν ὅτι οὐ τὸ ἡμέτερον αἴτιον οὔτε νῦν οὔτε ἄλλοτε
πώποτε σὺν θεοῖς εἰπεῖν, ἀλλʼ ἡ τούτων περὶ πάντα συνήθης ῥᾳθυμία. σκεψώμεθα δὲ ὥσπερ ἀντωμοσίαν τινὰ
ἢ γραφήν. ἀδικεῖν φασί με τὰς μελέτας τῶν λόγων οὐ
συνεχεῖς ποιούμενον· εἶναι γὰρ ἂν πάντα ἐπʼ ἐμοί τε καὶ
ὑπʼ ἐμοὶ, καὶ τοῦτο ὁμαλῶς ὑπὸ πάντων λέγεσθαι τὸ εἰ
ἐβούλετο· κἂν βουληθῇ ποτε, τοῦτʼ ἐστὶ τὸ ἔγκλημα. εἰ
μὲν οὖν κεχαρισμένον τινὰ ἀκοῦσαι λόγον ζητεῖτε, ὥσπερ
ἡνίκʼ ἂν πανηγυρίζων τυγχάνω, ληρεῖτε, εἰ δʼ ἀνέξεσθε
τἀληθῆ λέγοντος, οὐ πάνυ μέμψεως ἄξιος ἡγοῦμαι φανήσεσθαι. πάντως δὲ οὔτε πανήγυρις τὸ νῦν εἶναι οὔτε παρουσία τοσαύτη ξένων, ἐν οἷς ἐξελεγχόμενοι δυσχερῶς οἴσεσθε—λέγω γὰρ οὖν ὡς πρὸς παρόντας τοὺς ἄνδρας—
ἀλλʼ ἐν ἐλάττοσιν ἢ ἐπὶ Ληναίῳ τὰ τῆς παρρησίας ἔσται.
διελέχθην μὲν οὖν ὑμῖν καὶ πρότερον περὶ τούτων, ἡνίχʼ
ὁ λοιμὸς ἤκμαζε, τοῦ θεοῦ παρελθεῖν κελεύσαντος·
<pb id="v.2.p.573"></pb>εἰρήσεται δὲ καὶ ταῦτα τῆς αὐτῆς γνώμης ἐχόμενα, ἵνʼ εἰδῆτε
ὅτι ἐγὼ μὲν οὐδʼ ἐν αὐτοῖς τοῖς σφαλερωτάτοις καιροῖς
<milestone n="418" unit="Jebb page"/>
ἠξίουν ῥᾳθυμεῖν, ἕτεροι δʼ εἰσὶν οἷς λόγων ὀλίγον μέλει.</p>

<p>πρότερον μὲν οὖν ἔγωγε οὐκ ᾔδειν πρὸς τί ποτʼ εἴη
λεγόμενον τὸ προσεγκαλεῖν τοὺς φῶρας, νυνὶ δέ μοι δοκῶ
γιγνώσκειν. ὅταν γὰρ οἷς ἀπαντᾶν ἐπὶ τὰς μελέτας καὶ τὰς
ἀκροάσεις προσῆκον, τοῦτο παρέντες ὡς οὐδεὶς ἔσθʼ ὁ
λέγων αἰτιῶνται, πῶς οὐ τὰ σφέτερʼ αὐτῶν ἑτέρων λογίζονται, ὥσπερ ἂν εἴ τινες ἡλίου καθαρῶς φλέγοντος μύσαντες λέγουσι τὸ φαινόμενον οὐκ εἶναι. ἀλλʼ οἶμαι. ταῦτα
μέν ἐστιν αὑτοὺς ἐξαπατώντων, δοκούντων δὲ ἑτέρους. ὡς
δʼ εἰκός τέ ἐστι καὶ δεῖ διανοεῖσθαι περὶ τούτων, εἰ βούλεσθε, ἀκούσατε. ἐγὼ νομίζω τὰς τέχνας καὶ τὰ ἐπιτηδεύματα ἄχρι μὲν τοῦ μεταχειρίζεσθαι πρὸς τοὺς μετιόντας εἶναι, τὸ πέρας δʼ οὐκέτι πρὸς τούτους, ἀλλʼ εἶναι
διττὴν χρῆσιν ἁπάσης τέχνης, τὴν μὲν αὐτοῦ τοῦ τὸ ἔργον μεταχειριζομένου, τὴν δὲ τῶν χρωμένων. ὅταν μὲν
οὖν τις ἐκλίπῃ τὰς οἰκείας πράξεις, ὑπεύθυνος κατὰ τοῦτο·
ὁ γὰρ δὴ χρῆσθαι βουληθεὶς κεκώλυται· ὅταν δʼ ὁ μὲν
ὡς οἷόν τε μάλιστα ἐργάζηται τὰ ἑαυτοῦ, οἱ δʼ ἐκποδὼν
ὦσιν, οὐχ ὁ πράττων, οἶμαι, τὰ δέοντα ὑπεύθυνος, ἀλλʼ
οἱ μὴ χρώμενοι. τί χρὴ τὸν ἰατρὸν τὸν ἀγαθὸν ποιεῖν;
παρεσκευάσθαι τὰ φάρμακα, τὴν χεῖρα, τὴν ἐπιστήμην·
χρῆσθαι δὲ τούτοις κελεύειν οὐκέτι τῆς τέχνης ἐστὶν, ἀλλὰ
δεῖ τὸν κάμνοντα βαδίζειν, ἢ πέμπειν ὡς ἐκεῖνον. ἂν δέ
γε ὁ ἰατρὸς δέηται τοῦ σωθῆναι δεομένου, ἢ νὴ Δίʼ ὁ
κυβερνήτης τῶν πλεῦσαι δεομένων, ἢ τῶν ἀμφισβητούντων <pb id="v.2.p.574"></pb>
ὁ δικαστὴς, ἢ τῶν στρατιωτῶν ὁ στρατηγὸς, ἢ ὁ ῥήτωρ
τῶν ἀκροατῶν, ἄνω ποταμῶν ἅπαντʼ ἂν εἴη τὰ πράγματα.
μὴ γὰρ ὅτι ἐν τοῖς σπουδαίοις καὶ τοσοῦτον ἀξίᾳ προήκουσιν, ἀλλʼ ἐπὶ τῶν βαναύσων τεχνῶν οὐδαμοῦ τοῦτο
ἐνομίσθη, τοὺς δημιουργοὺς παρὰ τοὺς χρῄζοντας ἰέναι
δεησομένους αὑτοῖς χρῆσθαι, ἀλλʼ οἱ μὲν χρῄζοντες οἰκοδομῆσαι δέονται τῶν τεκτόνων, οὐχ οἱ τέκτονες τούτων·
γεωργὸς δὲ ἐπὶ τὰς τοῦ χαλκέως βαδιεῖται θύρας, ὅταν ἢ
σμινύης ἤ τινος ἄλλου τῶν τοιούτων δεηθῇ, καὶ πάλιν γε
ὡς ἐκεῖνον ὁ χαλκεὺς, ὅταν σίτου. κουρέα δὲ ἤδη πώποτʼ
εἶδες προσιόντα τῳ καὶ λέγοντα, ὦ βέλτιστε ἀνδρῶν
<milestone n="419" unit="Jebb page"/>παράσχες μοι κεῖραι σεαυτὸν, ἢ τῶν ὀνύχων ἀφελεῖν, ἢ ξέσαι, ταῦτα γὰρ ἔσθʼ ἡ ʼμὴ τέχνη; ἀλλʼ οἶμαι, κἂν ἁλουργίδα τις φορῇ κἂν ὁπωσοῦν ᾖ σεμνὸς, αὐτὸς εἶσι παρʼ
ἐκεῖνον καὶ καλεῖ γε ὡς αὑτὸν, ὅταν του τῶν ἐκείνου
δεηθῇ.</p>

<p>καὶ τί δεῖ μακρόν τινα ἐκτείνειν κατάλογον τεχνῶν;
σχεδὸν γὰρ πάντα ὡς ἔπος εἰπεῖν οὕτως ἔχοντα εὑρήσομεν.
εἶθʼ οἳ μὲν οὐδʼ αὐτοὶ μεῖζον φρονεῖν οὐδενὸς ἀξιώσαιεν
ἂν, οἶμαι δʼ οὐδʼ ἴσον τοῖς ἄλλοις, ἀλλὰ καὶ τέχνην ταύτην ἔχουσιν ὑπηρετεῖν τοῖς πολλοῖς, οὗτοι μὲν τοὺς δεησομένους ἀναμενοῦσι καὶ οὐ ταπεινωθήσονται περαιτέρω
τοῦ σχήματος, οἱ δὲ τὴν καλλίστην καὶ τὴν ἐλευθεριωτάτην ἐπαγγελλόμενοι δύναμιν, διʼ ἧς ἅπαντα πράγματα
ἐξετάζεται καὶ δοκιμάζεται, καὶ μικρὰ καὶ μείζω καὶ
<pb id="v.2.p.575"></pb>καλλίω καὶ θάτερα, οὗτοι δʼ οὐκ εἰ μηδὲν ἄλλο, τούτους γε
μιμήσονται, καὶ τὴν μὲν τῶν λόγων ἐπιμέλειάν τε καὶ μελέτην αὑτοῖς προσήκειν νομιοῦσι, τὸ δʼ ἢ τούτοις ἢ ἑαυτοῖς χρῆσθαι, τοῦτο δʼ ἑτέρων ἔργον ἡγήσονται; καὶ ὡς
ἔοικεν ὁ μὲν σκυτοτόμος καὶ ὑφάντης, ἐὰν ἀφέντες ἐφʼ ᾧ
κάθηνται περιέρχωνται συλλέγοντες τοὺς προσφοιτήσοντας,
οὐ μόνον οὐ πράξουσι τὰ ἐπιβάλλοντα ἑαυτοῖς, ἀλλὰ καὶ
διαφθεροῦσι τὰς τέχνας, ὁ δὲ ῥήτωρ ἐὰν τοὺς λόγους
ἀφεὶς τοὺς ἀκουσομένους συλλέγῃ, κάλλισθʼ οὕτω περὶ
τῶν ἑαυτοῦ βουλεύσεται; οὒκ, ἀλλʼ οὕτω καὶ μάλισθʼ,
ὥς γʼ ἐγὼ φαίην ἂν, τὰ ὑπάρχοντα διαφθερεῖ. καὶ μὴν
εἰ πανταχοῦ τὸ τὴν τάξιν λιπεῖν αἰσχρὸν καὶ παρὰ τοὺς
νόμους, ῥήτωρ γε μάλιστʼ ἂν οὕτω λίποι τὴν τάξιν, εἰ
τοὺς τυχόντας θεραπεύων φαυλότερον καθʼ αὑτὸν τὸ σχῆμα
τῆς τέχνης ποιοῖ. σκέψαι γὰρ εἴ σοι τῶν καλῶς ἐχόντων
ἢ λόγον καταλιπόντων εἶναι δοκεῖ τοὺς μὲν γῆμαι προθυμουμένους παρὰ τὰς τῶν κορῶν θύρας καθέζεσθαι, θεραπεύοντας ἢ αὐτὰς ἢ γονέας ἤ τινα ἄλλον τῶν προσηκόντων,
τοὺς δὲ τῶν λόγων ἐπιθυμητὰς εἶναι φάσκοντας ἀμελήσαντας
θεραπεύειν τὸν ῥήτορα αὐτὸν καὶ πειρᾶσθαι πείθειν
ἀμωσγέπως προσέσθαι σφᾶς εἰς τὴν κοινωνίαν, ἔπειτα
<milestone n="420" unit="Jebb page"/>καταιτιᾶσθαι καὶ λέγειν ὡς ἄρʼ οὐ βούλεται. καὶ τίς ὦ
πρὸς θεῶν σοι Κάλχας ἢ Μόψος ταῦτα ἐμαντεύσατο; οὐ
γὰρ αὐτὸς ἐπειράθης. καὶ μὴν οὐδʼ ἐκεῖνό γʼ ἔστʼ εἰπεῖν
ὡς ἄρα οἱ μὲν τὰς ἄλλας ἐπιστήμας ἢ τέχνας μετιόντες
ἴσασι καλῶς ἃ δεῖ βεβουλεῦσθαι περὶ αὐτῶν, οἱ δʼ ἐπὶ
τῶν λόγων ὄντες μόνοι πάντων ἢ μάλιστά γε ἀγνοήσουσιν. <pb id="v.2.p.576"></pb>
ἀλλʼ αὐτὸ δὴ τοῦτο καὶ κάλλιστον καὶ μέγιστον καὶ ἀληθινώτατόν ἐστιν ὑπὲρ τῶν λόγων εἰπεῖν ὅτι τοὺς μὲν ἄλλο
τι πράττοντας οὐδὲν κωλύει τὰ μὲν τῆς τέχνης ἐπίστασθαι,
τὸ δʼ ὅπως χρὴ βεβουλεῦσθαι περὶ αὐτῶν ἀγνοεῖν. οἱ δὲ
λόγοι χωρὶς τῆς ἄλλης δυνάμεως καὶ τὸ πῶς προσοιστέον
ἐστὶν αὐτοῖς παρέχουσι γιγνώσκειν. εἰκότως· οἷς γὰρ περὶ
τῶν ἄλλων κρίνειν προσήκει, κομιδῆ περί γʼ αὑτῶν ἀγνοεῖν
οὐκ εἰκός ἐστι.</p>

<p>φέρε δὴ τούτων οὕτως ὑποκειμένων τοὐμὸν θεάσασθε, κἂν μὲν εὑρίσκητε ἢ ῥᾳθυμοῦντα ἤ τι τῶν πάντων ἄλλο προὐργιαίτερον τῆς ἐν τοῖς λόγοις διατριβῆς
ποιούμενον ἢ νῦν ἢ πρότερον λέγω, μᾶλλον δʼ ὅλως ἐλλελοιπότα ὑπερβολὴν τῆς περὶ ταῦτα προθυμίας τε καὶ
σπουδῆς, αἰτιᾶσθε καὶ μέμφεσθε ὅ τι βούλεσθε. εἰ δὲ καὶ
σκώμματος οὐδὲν ἴσως λελοιπότα, ὡς ἄρα αὐτόχρημα λόγος τις εἴην, πέρα δʼ οὐδέν μοι περιείργασται πώποτε
πλὴν ὅσα πρὸς θεοὺς, ταῦτα δʼ εἴργασται μὲν καὶ πέπρακται σὺν αὐτοῖς εἰπεῖν εἰς δύναμιν τὴν ἡμετέραν ὡς
ἐπιμελέστατα, περιείργασται δʼ οὐδαμῶς· εἰ ταῦθʼ οὕτως
ἔχοντα φαίνοιτο, συγκαλύψασθε ἐπʼ ἀμφοτέροις οἱ μήτε
χρῆσθαι τολμῶντες καὶ προσέτι τὰς γυναῖκας μιμούμενοι,
ἅς φασιν, ἐπειδὰν αὐταὶ μηδὲν ὧν δεῖ τῇ γνώμῃ ποιῶσι, <pb id="v.2.p.577"></pb>
τοῖς ἀνδράσι περιτρέπειν τὰ σφέτερʼ αὐτῶν ἁμαρτήματα
καὶ κακά. σκοπεῖτε δὴ καθάπερ τινὰς εὐθύνας ἐξ ἀρχῆς
ἐξετάζοντες ὡς δυνατὸν διὰ βραχυτάτων. ἐμοὶ γὰρ ἔδωκεν
ὁ θεὸς νέῳ ἔτʼ ὄντι χρῆσθαι διδασκάλοις καὶ φήμας πρώτας παρʼ ἐκείνων ἦ μὴν πρωτεύσειν γενέσθαι μοι.
<milestone n="421" unit="Jebb page"/>ἀρξάμενος δʼ ἐξ ἐκείνου δεῦρʼ ἀεὶ διαγέγονα σχολάζων μαθήμασι καὶ λόγοις ὅσα μὴ χρεία σώματος διεκώλυσεν, ἢ
χρόνων περίοδοι συμφορὰς ἐνεγκοῦσαι μείζους τῆς προαιρέσεως. ἀλλʼ ὅμως καὶ τούτοις διεγιγνόμεθα ὥσπερ τις
Ὀδυσσεὺς, ἐχόμενοι τῆς σχεδίας, ἅτε οὐδʼ ἔρημοι πλέοντες ἡμεῖς γε, ἀλλʼ ὑπὸ τῷ μεγίστῳ καὶ φιλανθρωποτάτῳ
τῶν κυβερνητῶν, ὃς ἡμῖν ἀήτας ἀνεῖχε τὸ μὴ καταδῦναι.
μόνοι δὲ ὧν ἴσμεν Ἑλλήνων οὐ πλούτου χάριν, οὐ δόξης,
οὐ τιμῆς, οὐ γάμων, οὐ δυναστείας, οὐ προσθήκης οὐδεμιᾶς τοῖς λόγοις ἐπεχειρήσαμεν, ἀλλʼ αὐτῶν ἐρασταὶ καθαρῶς καταστάντες ἐτιμήθημεν τὰ πρέποντα ὑπὸ τῶν λόγων. ἄλλοις μὲν οὖν ὁμιλία παιδικῶν ἡδὺ, τοῖς δὲ ὡς
πλεῖστα λούσασθαι, τοῖς δʼ εἰς πλῆθος πιεῖν, τοὺς δʼ
ἵπποι καὶ κύνες ἐξέπληξαν. καὶ νὴ Δίʼ οἱ μὲν παιδιᾷ
προσέχοντες ἀφεστᾶσι τῶν λόγων, οἱ δʼ ἕτερʼ ἄττα σπουδάζοντες. ἐμοὶ δὲ λόγοι πάσας προσηγορίας καὶ πάσας δυνάμεις ἔχουσι. καὶ γὰρ παῖδας καὶ γονέας καὶ πράξεις τε <pb id="v.2.p.578"></pb>
καὶ ἀναπαύσεις καὶ πάντα ἐθέμην τούτους. καὶ τὴν Ἀφροδίτην ἐπὶ τούτοις καλῶ. ταῦτα δέ μοι παίζεται καὶ ταῦτα
σπουδάζεται, τούτοις χαίρω, τούτους ἀσπάζομαι, ἐπὶ τὰς
τούτων φοιτῶ θύρας, καὶ πολλὰ ἂν ἔχων ἔτι πρὸς τούτοις ἕτερʼ εἰπεῖν, παραλείπω τοῦ μὴ φορτικὸς εἶναι δοκεῖν. ἀλλὰ μὴν ὑπέρ γε τῆς δόξης οὕτω διενοήθην, ἀπαντῶσαν μὲν αὐτὴν δέχεσθαι καὶ στέρχειν· ἦ γὰρ ἂν παντάπασι βλὰξ εἴην τις· πραγματεύεσθαι δὲ μηδὲν εἰς αὐτὴν
ἔξω τῶν λόγων αὐτῶν καὶ τῆς περὶ τὸν βίον ὀρθότητος
συμφώνου τούτοις, ἀλλʼ εἰ μέν τις εἰς ταῦτα ὁρῶν βούλοιτο θαυμάζειν, εἰ δὲ μὴ, χαίρειν ἐᾶν.</p>

<p>παρόδους τοίνυν εἰς τὸ δημόσιον πλείστας ὧν ἐγὼ
σύνοιδα ἐποιησάμην, καὶ ταῦτα μὴ πόρρωθεν, εἰ βούλεσθε, ἀλλʼ ἐξ αὐτῶν τῶν παρόντων τουτωνὶ χρόνων
σκέψασθε. τίνα γὰρ πανήγυριν ἡμεῖς ἢ τίνα σύλλογον παρεῖμεν τὸ μὴ οὐ κοσμῆσαι τὴν πόλιν ἐν τῷ μέσῳ; καὶ
<milestone n="422" unit="Jebb page"/>
ταῦτα οὐκ ἐνδείᾳ δόξης. σὺν γὰρ θεοῖς εἰπεῖν τοσαύτη
γεγένηται ὥστε μὴ ἀγωνίζεσθαι δεῖν ὑπὲρ τοῦ λαβεῖν αὐτὴν, ἀλλʼ ἀσφαλῶς ἔχειν σιωπᾶν ὑπὲρ τοῦ τὴν οὖσαν διασώσασθαι. καὶ μὴν τοῖς ἰδίᾳ συνιέναι σπουδάσασιν οὐκ
ἀγωνιζόμενον μόνον παρέσχον ἐμαυτὸν, ἀλλὰ καὶ παραδεικνύντα ἐπιεικῶς ἐξ ὧν ᾤμην τι βελτίους ἔσεσθαι. εἶεν.
τὰ μὲν ἡμέτερα τοιαῦτα καὶ τούτοις παραπλήσια. σκέψασθε
δὲ καὶ τὰ ὑμέτερʼ αὐτῶν ἐν τῷ μέρει πρὸς ταῦτα, ὦ δυσέρωτες ὑμεῖς, οἳ φιλεῖτε μὲν οὑτωσὶ διαφερόντως καὶ τῶν
Ἑλλήνων ἄκρον εἶναι πεπιστεύκατε, καὶ ταῦτα κἀν τοῖς <pb id="v.2.p.579"></pb>
γυμνασίοις καὶ κατὰ τὴν ἀγορὰν βοᾶτε, πεπόνθατε δὲ—
οὐδὲν ἐρῶ πικρότερον, θαρρεῖτε—ταυτὸν τοῖς παισὶ
τῶν ἐπιφανῶν ἀνδρῶν. καὶ γὰρ ἐκείνοις ἀρκεῖ τοὺς πατέρας αὐτοῖς εἶναι τοιούτους, αὐτοὶ δʼ ὡς τὰ πολλὰ τρυφῶσι· καὶ ὑμῖν ἀρκεῖ παρεῖναι ἐμὲ καὶ λέγειν, τὸ δʼ ἀπαντᾶν καὶ μετέχειν τῶν ξένων ἅπαν ἠξιώσατε εἶναι. ἀλλʼ
ἀντὶ τοῦ βαδίζειν ἐπὶ τὰς ἀκροάσεις περὶ τὰς κολυμβήθρας
οἱ πλείους διατρίβετε, εἶτα θαυμάζετε, εἴ τινες ὑμᾶς τῶν
λεγόντων λανθάνουσι· τὸ δʼ ἀληθὲς οὐ βούλεσθε, οἶμαι,
πρὸς ὑμᾶς αὐτοὺς λέγειν, ὅτι οὐκ ἔνεστι λίθων ἐρῶντας
οὐδὲ λουτρῶν ἐξηρτημένους οὐδʼ ἃ μὴ δεῖ τιμῶντας τὰς
περὶ τοὺς λόγους διατριβὰς γιγνώσκειν, ἀλλὰ τὰ ὑμέτερʼ
αὐτῶν ἀνατίθετʼ ἐμοὶ καὶ βλασφημεῖτε μετʼ εὐφημίας, εἰ
γὰρ ἐβούλετο, καὶ τοιαυτὶ λέγοντες, ὡς νῦν γε νυστάζοντα
δηλονότι. καίτοι λόγος μὲν λόγον, ὥς φησιν Ὅμηρος, ἀμείβεται, καὶ ὁποῖʼ ἄττʼ ἂν εἴπῃ τοιαῦτʼ ἂν ἀκούσεσθαι
χρὴ προσδοκᾶν, ῥήτορα δʼ εἶναι φάσκοντα λαβόντα αἰτίαν
οὐ προσήκουσαν μὴ χρήσασθαι τοῖς οἰκείοις ὀργάνοις
ἔσχατα συμφορᾶς.</p>

<p>ἐγὼ τοίνυν θεῶν εὐμενῶν ὄντων τοὺς μὲν κατʼ αὐτοὺς τοὺς λόγους ἀγῶνας οὐ σφόδρα φήσαιμʼ ἂν δεδιέναι,
δέδοικα δὲ τοὺς δεινοὺς ἀνταγωνιστάς. εἴπω τίνας; τοὺς
λίπα ἀληλιμμένους τουτουσὶ καὶ τὸν φοίνικα
<milestone n="423" unit="Jebb page"/>περικομίζοντας, οὐκ εἰς ἀκροάσεις μὰ Δία ῥητόρων συγκαλοῦντας, <pb id="v.2.p.580"></pb>
ὥσπερ ἐγὼ καὶ περὶ Κῶν ταυτηνὶ τὴν Μεροπίδα καὶ ἐν
Κνίδῳ ποτὲ εἶδον ἐπʼ ἐμαυτοῦ γενόμενον, ἀλλʼ ἴστε ὅτι
δεξαμενὰς ἐπαινοῦσι, καὶ δεῦρʼ ἄγʼ ἰὼν νῆα κατάστησον,
καὶ τοῖς καταίρουσι τοιαῦτʼ ἐπαγγέλλουσι καὶ τοιαῦτα
προξενοῦσιν. ὅταν οὖν ἑτέρωθεν μὲν ὁ ῥήτωρ ἀγωνιούμενος εἰσίῃ, ἑτέρωθεν δὲ ὁ ῥέμβος ὑμῖν ἀμφιθαλὴς ἥκῃ τὰ
τοιαῦτα ὑπισχνούμενος, εἰκότως, οἶμαι, συμβαίνει τὴν
νίκην ἐκείνου τοῦ μέρους γίγνεσθαι, καὶ μήτε πρεσβύτερον
μηδένα μήτε νεώτερον ῥᾳδίως ἐθέλειν σωφρονεῖν. ταῦτʼ
ἐστὶν ἃ τοὺς λέγοντας ὑποσκελίζει, ταῦθʼ ὥσπερ νέφος ἢ
σκοτόμαινα ἐπισκοτεῖ πᾶσι τοῖς περὶ παιδείαν καλοῖς. πρὸς <pb id="v.2.p.581"></pb>
δὲ τούτοις οἱ κατάπτυστοι σοφισταὶ πείθουσιν ὑμᾶς ὡς
ἄρα καὶ τῷ Ὁμήρῳ τοῦτο μέγιστον ὑπάρξειεν, υἱὸν Μέλητος γενέσθαι. πᾶς τις οὖν ἵεται σπουδῇ παρὰ τὸν πατέρα
αὐτοῦ φιλοσοφήσων ἐκεῖ, καὶ οὐδὲ ἐξ αὐτῶν τούτων ἐνθυμηθῆναι δύνασθε εἰ τὰ μάλιστα ἀληθῆ λέγουσιν, ὅτι οὐδʼ
αὐτῷ τῷ Ὁμήρῳ ἤρκει παρὰ τὰς ὄχθας ἐσκηνῆσθαι τοῦ
πατρὸς, οὐδὲ τοῖς ἰχθύσι συμπαρανεῖν ἀδελφοῖς οὖσιν ἑαυτοῦ, ὡς ὁ τούτων λόγος, ἀλλʼ οὕτως αὐχμηρόν τινα ἐβίω
βίον ὥστε πολλαχῆ δῆλός ἐστι στέργων, εἰ τῶν ἀναγκαίων
εὐποροίη, λουτρὰ δὲ αὐτοσχέδια καὶ δὴ ἐπʼ ὀνήσει καμνόντων σωμάτων, ὥς φησι Πλάτων, ἀπεδέχετο, περαιτέρω δὲ
οὐκ εἴα τρυφᾶν. τὸ δὲ πλείστην ἅπασιν ἁπάντων ὀλιγωρίαν ἐμπεποιηκὸς ἡ ἀδιήγητός ἐστιν αὕτη φθορά. πᾶς
γάρ τις δεδιὼς μὴ φθάσειε προδιαφθαρεὶς, αὑτὸν ἐλπίζων ἀπόλλυσι, πάντα μὲν τὰ αἴσχιστα ἐν κέρδους τάξει
τιθέμενος, πᾶν δʼ ὅσον χρηστὸν ζημίαν καὶ πόνους ἄλλως ὑπολαμβάνων, ὡς εἰ μὴ ἀμφότερα λωβηθεὶς ἀπίοι
παρὰ τοὺς πλείονας καὶ τὴν γνώμην καὶ τὸ σῶμα, οὐκ
ἐσομένης αὐτῷ χώρας ἐκεῖ. τὸ δʼ, οἶμαι, πᾶν τοὐναντίον
ἦν· ἐπειδὴ τοιαῦτʼ ἀφέστηκεν, ἀπολαῦσαι τοῦ βίου τὰ <pb id="v.2.p.582"></pb>
<milestone n="424" unit="Jebb page"/>
κάλλιστα, ἕως ἔξεστιν, ἵνʼ εἰ μὲν τῆς σωζομένης μοίρας
εἴημεν, ἐν τοῖς καλλίστοις σωζοίμεθα, ἐν μαθήμασι καὶ
λόγοις, καὶ μὴ τὴν ὕειον ἁρμονίαν ἡρμοσμένοι νύκτα ἐκ
νυκτὸς καὶ ἡμέραν ἐξ ἡμέρας καλινδοίμεθα, εἰ δὲ μὴ,
κέρδος γʼ ᾖ πᾶν ὅ τί τις προὔλαβεν. ἢ πρὸς θεῶν λούσασθαι μὲν κέρδος ἐστὶ ζῶντα, ὃ καὶ τελευτήσαντα μενεῖ
δήπουθεν, λόγων δὲ ὧν εἴργεσθαι μετὰ τὴν τελευτὴν
ἀνάγκη, τούτων ζῶντα ἀπολαῦσαι, καὶ αὐτὸν λέγοντα καὶ
ἑτέρῳ παρόντα, ἀηδία, καὶ τῇ μὲν ἑταίρᾳ συγγενέσθαι
κεφάλαιον εὐδαιμονίας, ἀνδρὶ δὲ τῷ πρώτῳ τῶν Ἑλλήνων
συγγενέσθαι καὶ ὁσονοῦν εἰς κατάραν τελεῖ; καὶ τῇ μὲν
γαστρὶ χαριστέον, ἐξ ἧς αἱ πλεῖσται τῶν νόσων, ὅσα
δʼ εἰς λόγους ὕθλον ἄλλως καὶ σκιὰν ὑποληπτέον, ὦ χρηστοὶ καὶ τὴν οἰκουμένην ὑμεῖς παιδεύοντες πρὶν ὑμᾶς αὐτούς; ἀλλʼ ὥσπερ ἐμὲ ἀξιοῦτε βούλεσθαι λέγειν, οὕτως
ὑμῖν αὐτοῖς παρακελεύσασθε ἐμὲ ποιεῖν βούλεσθαι λέγειν,
εἰ δὲ μὴ, ἑκάτεροι τὸ ἑαυτῶν πράξομεν. ἐγὼ μὲν γὰρ οὐδʼ
οὕτως ἀνήσω λέγων, ἕως ἂν θεὸς εὐμενὴς ᾖ, ὑμεῖς δὲ
ἀγνοήσετε ἀεί. ταῦτʼ οὖν, εἰ μὲν βούλεσθε, ἀπολογίαν, εἰ <pb id="v.2.p.583"></pb>
δὲ βούλεσθε, ἐπιτίμησιν ἀπʼ εὐνοίας, εἰ δὲ καὶ ὡς ἀμφότερα εἰρήσεται, ἀλλʼ οὖν ἀληθῆ γε καὶ συμφέροντα
ἀκούειν ἅπασιν εἴρηται. ἢ οὖν παυστέον, φησὶ Δημοσθένης, τούτων τῶν ἐθῶν, ἢ τοῦ γʼ Ἱππολύτου καὶ τοῦ
Βελλεροφόντου μὴ ῥᾳδίως οὑτωσὶ καταψεύδεσθε.</p></body></text>
</TEI>