<?xml version="1.0" encoding="UTF-8"?><TEI xmlns="http://www.tei-c.org/ns/1.0">
  <teiHeader>
    <fileDesc>
      <titleStmt>
	    <title>Orationes 38 </title>
	    <title type="sub">Machine readable text</title>
	    <author>Aristides, Aelius</author>
	    <editor role="editor">Wilhelm Dindorf</editor>
	<sponsor>Perseus Project, Tufts University</sponsor>
<principal>Gregory Crane</principal>
<respStmt>
<resp>Prepared under the supervision of</resp>
<name>Lisa Cerrato</name>
<name>William Merrill</name>
<name>Elli Mylonas</name>
<name>David Smith</name>
</respStmt>
<funder n="org:Google">Google</funder>
	
      </titleStmt><publicationStmt><publisher>Trustees of Tufts University</publisher><pubPlace>Medford, MA</pubPlace><authority>Perseus Project</authority></publicationStmt>
      
	
      <sourceDesc>
		<listBibl>
		  <biblStruct>
		    <analytic></analytic>
		    <monogr>
		      <author>Aristides, Aelius</author>
		      <title>Aristides</title>
		      <respStmt><resp>ex recensione Guilielmi Dindorfii</resp>
			    <name></name>
		      </respStmt>
		      <imprint>
			<pubPlace>Leipzig</pubPlace>
			<publisher>Weidmann</publisher>
			<date>1829</date>
		      </imprint>
		      <biblScope type="volume">1-2</biblScope>
		    </monogr>
		  </biblStruct>
		</listBibl>
      </sourceDesc>
    </fileDesc>
     <encodingDesc>
		<refsDecl>
		<state delim="." unit="text"/>
		refState unit="Jebb page"/>
		</refsDecl>
    </encodingDesc>
     <profileDesc>
      <langUsage>
		<language ident="greek">Greek</language>
      </langUsage>
    </profileDesc>
</teiHeader><text xml:lang="grc"><body><pb id="v.1.p.711"></pb>
<head>Συμμαχικὸς α#</head>
<p>
<milestone n="477" unit="Jebb page"/>
οὔτε Φιλίππου θαυμάσαι τις ἂν, ὦ ἄνδρες Θηβαῖοι, τὰ
εἰωθότα πράττοντος· πολὺ γὰρ πλείους ἐξαπατῶν ἢ τοῖς
ὅπλοις κεχείρωται, ὃ καὶ νῦν καθʼ ὑμῶν ἐλπίζων πάρεστιν· ὅ τε δῆμος ὁ τῶν Ἀθηναίων τὴν εἰωθυῖαν ἑαυτῷ
καὶ πάτριον τάξιν φυλάττων ἀπέστειλεν ἡμᾶς δεῦρο, εἰ
μὲν ἀγνοεῖτε, ἐν ὅτοις εἴητε διδάξοντας, εἰ δʼ ἐπίστασθε,
ὑφεξομένους τὴν βοήθειαν καὶ νὴ Δία δείξοντας ὁμοῦ τοῖς
λόγοις. ὑμέτερον δʼ ἐστὶ μὴ χείρους γενέσθαι τῆς τύχης,
μηδʼ ὅσα μὲν καθʼ ὑμῶν ὁ καιρὸς ἔχει συγκαταστῆσαι
κύρια, ἃ δʼ ἀντίρροπα τούτων ὑπάρχει προεμένους ὕστερον ζητεῖν. ἓν μὲν οὖν εὖ ποιῶν ὡμολόγηκε Φίλιππος, τὰ
πολλὰ ταῦτα καὶ θαυμαστὰ ἃ διεξῄεσαν ἀρτίως οἱ πρέσβεις, αὐτοῦ χάριν, οὐχ ὑμῶν εἰργάσθαι· οὐ γὰρ ἂν ἐνταῦθʼ ἔληγεν οὐδʼ ᾔτει ταῦθʼ ἅπερ νυνί. ὑμεῖς δʼ εἰ μὲν
ἴσα ἀντʼ ἴσων ἀποδώσειν μέλλετε, οὐ νεμεσῶμεν, ἀλλʼ
ἔστω ταυτὸν ἐκείνῳ τὸ δοκοῦν καὶ ὑμῖν δίκαιον· εἰ δʼ ἡ <pb id="v.1.p.712"></pb>
χάρις δουλεύειν ἐστὶν, οὐδέτερόν μοι δοκῶ γιγνώσκειν,
οὔθʼ ὁποῖον τοιοῦτον ἐκεῖνος ὑμᾶς εὖ πεποίηκεν οὔθʼ ὅ
τι τοσοῦτον μέμψασθε ὑμῖν αὐτοῖς, ὥστε τοσαύτην ἐθελοντὰς δοῦναι δίκην. σκέψασθε δʼ εὐθὺς ἀπʼ αὐτοῦ τούτου τὸ διάφορον τῆς πρεσβείας ἑκατέρας. Φίλιππος μὲν
γὰρ ἀπέσταλκεν, αὑτῷ βοηθεῖν ἀξιῶν ὑμᾶς, ἡμεῖς δʼ
ἥκομεν αὐτοὶ βοηθεῖν ὑμῖν ἐθέλοντες, ἐὰν δέχησθε. ὅτι
δʼ οὐδὲν καινὸν οὐδʼ ἔξω τῶν εἰωθότων πράττομεν, ἕν
τι τῶν πᾶσι γνωρίμων ἀναμνήσθητε. ὅτε γὰρ πρῶτον
ἀπηλλάγητε Λακεδαιμονίων μετὰ τὴν πολλὴν ἐκείνην φιλίαν καὶ συνήθειαν, ἣν οὐχ ὑμεῖς ἐλύσατε, ἀλλʼ ἐκεῖνοι,
<milestone n="478" unit="Jebb page"/>
ταυτὸν Φιλίππῳ διανοηθέντες περὶ ὑμῶν, τότε τῶν πάντων Ἑλλήνων οὐδεὶς, οὔθʼ ὅσοι τὴν Εὐρώπην οἰκοῦσι
λέγω οὔθʼ ὅσοι τὴν Ἀσίαν, μεθʼ ὑμῶν ἐγένοντο πλὴν
ἡμῶν τουτωνί· τοσοῦτον εἰς τὸ πρόσω προβέβηκε τὸ νῦν
παρόν. τότε μὲν γὰρ ὑμῶν ἐλθόντων ὡς ἡμᾶς ὑπηκούσαμεν, νυνὶ δʼ ἥκομεν αὐτεπάγγελτοι, τὴν τῶν παρʼ ὑμῶν
συμβούλων τάξιν εἰληφότες, εἰ δὲ βούλεσθε, προειληφότες. τοσοῦτον γὰρ ἡμῖν εἶναι δοκεῖ τὸ περιὸν τῶν φόβων ἁπάσῃ τῇ Ἑλλάδι ὥστε ἀγαπητὸν ποιούμεθα, εἰ καὶ
προσδεηθείς τις οἷός τε ἔσται πεῖσαι τοὺς ὑπολοίπους ἐθελῆσαι σωθῆναι. καὶ ταῦτʼ οὐ νῦν πρῶτον γιγνώσκομεν,
ἀλλὰ καὶ κατὰ τὴν τοῦ βαρβάρου τὸ πάλαι στρατείαν
ἅπαντας ὅσους οἷοί τʼ ἦμεν ἐπηγείραμεν, καὶ οὐκ ᾐσχυνόμεθα ὑπὲρ τῶν κοινῇ συμφερόντων δεόμενοι.</p>

<p>πρὸς μὲν οὖν τοὺς ταὐτὰ γιγνώσκοντας ἡμῖν βραχὺς ἀρκεῖ λόγος καὶ τοσοῦτος ἴσως, ὅτι τοὺς ἱππέας καὶ
τοὺς ὁπλίτας κατελείπομεν· πρὸς δὲ τοὺς οὔπω τοῦ
<pb id="v.1.p.713"></pb>μέλλοντος οὐδὲν ἐνθυμουμένους, ἀλλʼ ἔτι τῆς ἀπάτης καὶ τῶν
ἐλπίδων ὄντας, ἓν μὲν ἐκεῖνο λέγω, ὅτι καὶ τοὺς λόγους
αὐτοὺς βλάβος ἡγοῦμαι τοῖς πράγμασιν, εἰ μή τις αὐτοὺς
ὡς εἰς ἐλάχιστον καταστήσει· ἔπειθʼ ὅσα καιρὸς ἤδη δίειμι.
εἰ μὲν ἐν ὑμῖν πρώτοις ὁ Φίλιππος ἐκρίνετο, τῶν μὲν
ἄλλων Ἑλλήνων εὐτύχημʼ ἂν ἦν· τοῦτο δʼ ὑμῖν ἴσως εἶχε
κίνδυνον, οὐχὶ προειδόσιν οὐδʼ ἑορακόσιν ἔξω τὸν τρόπον
αὐτοῦ. νῦν δὲ τὰ τῶν ἄλλων πταίσματα ὑμῖν ἐν εὐτυχίας
γενέσθω μέρει, καὶ τοὺς λόγους τοὺς παρʼ ἀμφοτέρων
ἀνελόντες τοῖς ἔργοις τοῖς ἐκείνου πιστεύσατε. ὡς μὴ ὤφελε
μὲν τοιαῦτα ὑπάρχειν τοῖς Ἕλλησιν ἀπʼ ἀλλήλων παραδείγματα, ἀλλὰ πάντας ἐν ἡσυχίᾳ μετʼ εὐδαιμονίας τὰς
πόλεις οἰκεῖν. τὸ δὲ μηδʼ ἐξ ὧν ἑοράκαμεν ἀξιοῦν πεπαιδεῦσθαι πᾶσα ἂν εἴη συμφορά. ἦν ὅτʼ ἦσαν Ὀλύνθιοι.
τούτοις πῶς ἐχρῆτο Φίλιππος; ἐγὼ μὲν οἶμαι φιλανθρωπότερον ἢ ʼκείνοις ἦν δεομένοις. καὶ πάντα μὲν τίς ἂν
εἴποι; ἀλλʼ εἶχον μὲν τὸν Ἀνθεμοῦντα τῆς ἐκείνου χώρας, οὗ μηδʼ ἐπιβῆναι πρόσθεν αὐτοῖς ἦν. οὕτω δὲ πλείω
<milestone n="479" unit="Jebb page"/>
λόγον τῆς πρὸς ἐκείνους φιλίας ἢ τῆς πρὸς ἡμᾶς ἔχθρας
ἐποιεῖτο ὥστε Ποτίδαιαν ἡμῶν ἀποστερήσας ἐκείνοις ἔδωκε,
καὶ τὸν μὲν κίνδυνον αὑτοῦ, τὸ δʼ ἆθλον ἐκείνων ἐποιήσατο. τί οὖν ἐλυσιτέλησε τοῖς Ὀλυνθίοις ταῦτα; ἦ καλούς
τινας ἤνεγκε τοὺς καρπούς; ἀλλʼ ὁ πρόσθεν ἃ μηδεὶς
ᾔτει διδοὺς, οὗτός ἐστιν ὁ μηδὲν ὕστερον λιπὼν αὐτοῖς,
ἀλλʼ ἀντὶ μὲν τοῦ τότε δοῦναι τὴν Ποτίδαιαν αὐτοὺς
οὐ παραδοὺς ἑτέροις, ἀλλʼ ἀνελὼν ὅλως, ἀντὶ δὲ τοῦ
στῆσαι τὴν πλεονεξίαν ἐν Ὀλύνθῳ δύο καὶ τριάκοντα
πόλεις ἐπιλαβὼν καὶ τὴν Σκυθῶν ἐρημίαν τοῖς ἐπὶ Θρᾴκης Ἕλλησι ποιήσας. καίτοι πρὸς θεῶν πόσου ποτʼ ἂν
ἡγεῖσθε πρίασθαι τοὺς Ὀλυνθίους, ἡνίκʼ ἀπώλλυντο καὶ
τὰ πολλὰ καὶ δεινὰ ἐκεῖνα ἔπασχον, ἐκγενέσθαι γνῶναι <pb id="v.1.p.714"></pb>
ταῦθʼ ἑαυτοῖς πρότερον καὶ βουλεύσασθαι βέλτιον περὶ
τῶν πραγμάτων; ἐγὼ μὲν οἶμαι τοῦ παντός. τοῦτο τοίνυν
ἐκείνοις μὲν, ὡς ἔοικεν, οὐκ ἐξεγένετο, ἀλλʼ ἅμʼ ἐγίγνωσκον καὶ ἀπολώλεσαν. ὑμεῖς δʼ ἕως ἐστὲ κύριοι, χρήσασθε
τῷ παραδείγματι καὶ μὴ βούλεσθʼ ἑτέροις αὐτοὶ γενέσθαι
τῶν ὁμοίων. ἀλλʼ ὅταν ὑμῖν τὸ Τιλφωσσαῖον καὶ ἡ τῶν
Φωκέων χώρα θαυμαστόν τι κέρδος φαίνηται, τότε τὴν
ὑμετέραν αὐτῶν πόλιν καὶ χώραν καὶ ἱερὰ καὶ τάφους καὶ
ἔθη καὶ δόξαν καὶ πάνθʼ ὅσα τοιαῦτʼ ἂν εἴποι τις ἀντιθέντες κρίνετε, καὶ ἐρωτᾶτε ὑμᾶς αὐτοὺς, εἰ οὐ πλείονος
ἄξια· ὧν πάντων, εἰ πρὸς ἐκεῖνα βλέψετε, στέρεσθαι πρόκειται. ἄτοπον γὰρ τοῖς μὲν δανείζουσι μὴ ὅπως χάριν
ἔχειν, ἀλλὰ μηδὲ προσελθεῖν ἐθέλειν πρῶτον, ἂν ἐπὶ
πολλῷ τοῦτο ποιῶσι, τοῖς δʼ ἐπὶ τοιούτῳ τῷ τέλει χαριζομένοις καὶ τοσαῦτʼ ἀνταπαιτοῦσι μὴ μῖσος μηδʼ ἀπιστίαν ἀξιοῦν παρὰ πάντων ὀφείλεσθαι. ἐνθυμεῖσθε δὲ
τοῖς τῶν Ὀλυνθίων ὁμοιοῦντες τὰ ὑμέτερʼ αὐτῶν, πλὴν
τῆς τύχης. μὴ γὰρ εἰ τὰ ὀνόματα ἕτερα τῶν χωρίων, τά
γε πράγματα ἡγεῖσθε διαφέρειν. ἀλλʼ ἢ ἔδωκεν ἐκείνοις
δωρεὰς ὥσπερ ὑμῖν, ἢ οὐκ ἔδωκε; καὶ πολλάς. καὶ συνήνεγκεν ἐκείνοις εἰς τέλος, ἢ οὐ συνήνεγκε;</p>

<p>φέρε δὴ κἀκεῖνο σκέψασθε πῶς αὖ πρὸς ἡμᾶς εἶχον
κατʼ ἐκείνους τοὺς χρόνους οἱ Ὀλύνθιοι. ὡς ἂν μάλιστα
Φίλιππος ηὔξατο, προσθήσω δὲ καὶ διέθηκεν· ἠπίστουν, <pb id="v.1.p.715"></pb>
<milestone n="480" unit="Jebb page"/>
ἐμίσουν, οὐδʼ ὄνομʼ ἠνείχοντο. τί οὖν; ἐπεὶ πρὸς τὸν
εὐεργέτην ἐκινδύνευον καὶ περιειστήκει κακῶν αὐτοὺς Ἰλιὰς,
τίνες αὐτοῖς ἧκον εἰς σωτηρίαν; οὐδένες οὔτε πρὸ
ἡμῶν οὔτε μεθʼ ἡμᾶς. ἀλλʼ ἐνταῦθα καὶ κάλλιστα ἐδείχθη
τὸ μέσον τῆς τε ἡμετέρας καλοκἀγαθίας καὶ τῆς ἐκείνου
πλεονεξίας. οἱ μὲν γὰρ ἐν ἐχθρῶν μοίρᾳ κριθέντες ὑπʼ
αὐτῶν, ἡνίκʼ ἀληθινῶν φίλων ἐδέησε, παρῆμεν πρῶτοι
καὶ μόνοι, ὁ δὲ πάντʼ ἐλάττω διδοὺς ἢ ἐβούλετο, οὑτοσὶ
πάντα συλλαβὼν εἶχεν, αὐτοὺς, τὰ ὅπλα, τὴν πόλιν, τὴν
χώραν· καὶ διὰ μέν γε Φίλιππον ἠρήμωνται, διὰ δὲ τὴν
ἡμετέραν ἀρετὴν οἱ διαφυγόντες Ἀθήνησι σώζονται. ἆρʼ
οὐχ ἡμεῖς πολέμιοι βελτίους ἢ Φίλιππος φίλος καὶ πλείω
χάριν ἡμῖν τῆς ἔχθρας ἢ Φιλίππῳ δεῖ τῶν εὐεργεσιῶν
ἔχειν; καὶ μὴν οὐδʼ ἐκεῖνό γʼ ἔστʼ εἰπεῖν ὡς ὑμεῖς τι
τοιοῦτον ἐνδείξεσθε φιλανθρώπευμα Φιλίππῳ, διὸ καὶ
παρὰ τὴν ὑπάρχουσαν φύσιν αὐτῷ φείσαιτʼ ἂν ὑμῶν. οὔτε
γὰρ τῆς ἀξίας τῆς ὑμετέρας τοὺς ἔξω θαυμάζειν οὔθʼ
ὑπερβάλλοισθʼ ἂν Ἀμφιπολίτας καὶ Πυδναίους, ὧν οἱ
μὲν ἔθυον ὡς θεῷ, οἱ δὲ τοῦ πατρὸς αὐτοῦ νεὼν εἶχον
δεικνύναι. ἀλλʼ ὅμως τοὺς μὲν ἐξέβαλεν, ἡνίκʼ αὐτῶν ἦν
διακορὴς, τοὺς δʼ ἀπέσφαττεν ἐν τῷ νεῷ τοῦ πατρὸς,
ὀμνὺς ἔτι, καὶ τὰς σπονδὰς αἱ σφαγαὶ κατελάμβανον.
καίτοι μὴ νομίζετʼ αὐτὸν τοῖς μὲν ἔξω Πυλῶν καὶ τοῖς
ἐπὶ Θρᾴκης ἐποικοῦσιν οὕτω χαλεπῶς ἔχειν καὶ φθονεῖν,
οἳ τίνος αὐτοὺς εἶναι δεῖ σκοποῦντες ἀεὶ διαγεγόνασιν,
ὑμῶν δὲ τῶν σὺν ἡμῖν τοῖς Ἕλλησιν ἐξεταζομένων καὶ ὧν <pb id="v.1.p.716"></pb>
οἱ τῶν Ἑλλήνων ποτʼ ἄρχοντες μίαν πληγὴν οὐχ ὑπήνεγκαν μηδένα ποιεῖσθαι λόγον, ἀλλʼ ἡδέως ἂν ἄμεινον ὁρᾶν
πράττοντας ἢ ʼκείνῳ συμφέρει· οὐχ οὕτω ταπεινὸν οὐδὲν
σύνιστε ὑμῖν αὐτοῖς, ὥστε ἢ μὴ δεῖσαι τὸν Φίλιππον,
ἢ μὴ πιστεύειν ἐκείνῳ τοῦτʼ ἐνεῖναι πρὸς ὑμᾶς, ἀλλʼ ἐξ
ὧνπερ ἡμᾶς, ἐκ τῶν αὐτῶν οἶμαι καὶ ὑμᾶς κρῖναι πολεμίους. ἡμᾶς τε γὰρ οἶδεν οὐδαμῶς ἂν ὑπείξοντας ἐν δούλων
μοίρᾳ ὑμᾶς τε ἑτέρους τοιούτους ὑπολαμβάνων ἐχθροὺς
<milestone n="481" unit="Jebb page"/>
εἰκότως ἡγεῖται. εἰ μὲν οὖν οὐδʼ ἐφʼ ἡμᾶς ἔρχεται, ἀλλὰ
ψεύδεται κατὰ τοῦτο τὸ μέρος, θάτερον αὐτῷ πιστεύετε,
ὡς οὐδὲν ὑμῖν γε ὑπεναντίον πράξει· εἰ δʼ οἷς γε ὡμολόγηκεν οὐκ εἰκὸς ἀπιστεῖν, τοῖς αὐτοῖς καὶ περὶ ὧν
ἔξαρνός ἐστιν ἐλέγχεται. ὥστε δυοῖν θάτερον, εἰ μὲν οὐ
πολεμήσετε, δουλεύσετε, εἰ δʼ οὐκ ἀξιώσετε δουλεύειν, πολεμήσετε. καὶ μὴν εἰ μὲν τὸ φιλανθρώπως ἔχειν ποτὲ
κωλύει τὰς ἐπιβουλὰς, οὐδὲ πρὸς ἡμᾶς αὐτῷ νῦν ἐστι
πόλεμος, ἐπεὶ καὶ ἡμῖν αἰχμαλώτους ποτʼ ἀφῆκε καὶ
φιλίας συνέθετο· εἰ δʼ ἡ πλεονεξία δεινὸν, τί λέγειν δεῖ
τοὺς Φωκέας; οὐ γὰρ ὑπὲρ τῶν ὑμῖν συμφερόντων ἀνεῖλε
τοὺς Φωκέας, οὒ, ἀλλʼ ἀφορμῆς ἕνεκα τοῖς αὑτοῦ πράγμασιν, οὐδʼ ἵνʼ ὑμᾶς ἰσχυροτέρους ποιήσειεν, ἀλλʼ ἵνα
τοὺς Ἕλληνας ἀσθενεστέρους κοινῇ, εἰ μὴ καὶ δύο καὶ
τριάκοντα πόλεις ἐπὶ Θρᾴκης ὑπὲρ ὑμῶν ἀνῃρηκέναι φήσει,
καὶ Θετταλίαν ἅπασαν ἔχειν φρουραῖς καὶ τετραδαρχίαις <pb id="v.1.p.717"></pb>
κατειληφὼς, ἵνʼ ὑμεῖς ἀκριβῶς τὴν πολιτείαν φυλάττητε,
καὶ Μεγάροις ὑπὲρ ὑμῶν ἐπιχειρῆσαι, καὶ τὴν Εὔβοιαν
ἀφαρπάζειν διʼ ὑμᾶς, καὶ τἀν Πελοποννήσῳ σκευωρεῖσθαι
καὶ σφαγὰς ποιεῖν, ἵνʼ ὑμεῖς ὡς ἥκιστα κινδυνεύητε, καὶ
Παίοσί γε καὶ Τριβαλλοῖς καὶ τοῖς ἔξω τῶν ἄρκτων
ἐνοχλεῖν καὶ πᾶσιν ἀνθρώποις παρέχειν πράγματα, ἵνʼ ἡ
τῶν Θηβαίων πόλις εὐθενῇ καὶ μηδὲν αὐτῇ φοβερόν ποτʼ
ἐκ τῆς ὑπερορίας ἐπιστῇ, καὶ νῦν ἐπʼ Ἀθηναίους ὑπὲρ
ὑμῶν ἔρχεται· πάνυ γε ὡς ἐκ τῶν ἄλλων δείκνυται.</p>

<p>τί ποτʼ οὖν βουλόμενος οὐ προσομολογεῖ τὸ καθʼ
ὑμῶν, ἀλλʼ ἀποκρύπτεται; μάλιστα μὲν, ὦ ἄνδρες Θηβαῖοι, Φίλιππος ἐξῄρηκε τοὺς κήρυκας ἐκ τῶν πολέμων
καὶ μέχρι τοῦ θεάτρου μόνου χρῆται. ἡγεῖται γὰρ, οἶμαι,
πολλὴν εἶναι φλυαρίαν ἐν μὲν τοῖς γυμνικοῖς· ἀγῶσι μὴ
προλέγειν τὰ παλαίσματα μηδὲ τί δεῖ φυλάξασθαι, ἐν δὲ
κατασκευῇ πολέμου καὶ συστάσει πραγμάτων προπέμπειν
τὸν κωλυτὴν ὥσπερ δεδοικότα ὑπὲρ τῶν πολεμίων. οὔκουν
οὔτʼ Ὀλυνθίοις προεῖπεν ἃ ἐβούλετο, πρὶν ὥσπερ τι νόσημα αὐτῶν καὶ δὴ τῶν σωμάτων ἥπτετο, εἴς τε Φωκέας <pb id="v.1.p.718"></pb>
<milestone n="482" unit="Jebb page"/>
παριὼν τὴν τοῦ φίλος αὐτοῖς ἔρχεσθαι δόξαν προκαθίει.
εἰ μὲν οὖν, οἶμαι, καὶ νῦν ὑμῖν οἷός τʼ ἦν σιωπῇ προσελθεῖν, πλείστου τοῦτʼ ἂν ἐτιμήσατο, ἐπεὶ δʼ ἀναγκαῖον
ἦν φανερὸν γενέσθαι διὰ τῆς Βοιωτίας βαδίζοντα, τὰ
μὲν τῆς ἀνάγκης ἥττηται, τὰ δὲ τῇ φύσει χρῆται, καὶ
φησὶν ἐφʼ ἡμᾶς ἔρχεσθαι, οὐχ ἵνʼ ἐξείπῃ τὸν πόλεμον
τὸν πρὸς ἡμᾶς, ἀλλʼ ἵνα τὸν πρὸς ὑμᾶς ἐπικρύψηται,
νομίζων οὐ μικρὸν διαφέρειν πρὸς ἀμφοτέρους, ἢ πρὸς
τοὺς ἑτέρους ἀγωνίζεσθαι. ἂν δὲ δὴ καὶ τοῦτʼ αὐτῷ
προσυπάρξῃ τὸ πρὸς οὓς ἔδει κινδυνεύειν αὐτὸν μεθʼ ἡμῶν
ὄντας, μετὰ τούτων ἡμῖν ἐπέρχεσθαι θαυμαστὸν εἶναι
τὸ εὕρημα. διὰ ταῦτʼ ἐκεῖνο μὲν ὡμολόγηκε, τοῦτο δʼ
ἀρνεῖται. πρὸς δὲ τούτοις ὑπελάμβανεν, εἰ μὲν ἄντικρυς
ὑμῖν πολέμου νόμῳ συμπλέκοιτο, ἡμᾶς ἀφίξεσθαι καὶ
διακωλύσειν, εἰ δὲ διαστήσαι τὰς πόλεις, ὑμᾶς μὲν ἕξειν
πρὶν ἀντᾶραι, πρὸς δὲ ἡμᾶς παρατάξεσθαι μόνους. πράττει δὲ οὐ νῦν πρῶτον τοῦτο, ἀλλʼ ἐξ ἅπαντος τοῦ χρόνου
καὶ διὰ πάντων πραγμάτων, ὅπως μηδέποθʼ αἱ πόλεις
ἐν ταὐτῷ γενήσονται· ἐπεὶ καὶ τῶν περὶ Φωκέας τότε
πραγμάτων προϊόντων εἰς χρόνον, προειδὼς ὅτι χρήσεσθε
ἡμῖν συμμάχοις ὥσπερ εἰώθειτε, ἀμφοτέρους ἐξέκρουσεν,
ἡμῖν μὲν εἰρήνην προβαλὼν, ὑμᾶς δʼ ὡς φίλους προσέμενος. τότε μὲν τοίνυν ἀρχαϊκῶς ἀμφότεροι καὶ φαύλως
ὑπήχθημεν, νῦν δὲ φανῶμεν μὴ χείρους ἐκείνου λογίζεσθαι. ἀλλʼ ὅμως ἀπαιτεῖ χάριν ὑμᾶς τῆς αὑτοῦ πλεονεξίας αὐτὸς ἅπασαν ἀνῃρηκὼς τὴν χάριν. ὃς γὰρ ἀνθʼ
ὧν τότε μικρὸν ἔδωκε, νῦν ἥκει πάνθʼ ἁπλῶς ὑμᾶς ἀφαιρησόμενος, τίνʼ αὑτῷ λέλοιπε παρʼ ὑμῖν χάριν; ὥσπερ <pb id="v.1.p.719"></pb>
ἂν εἰ καὶ Φωκέας ἐπιχειροῖ χάριν ὧν πεπόνθασιν ἀπαιτεῖν. οὐ γὰρ εἰ καὶ Φωκέας ἀνεῖλε, διὰ τοῦθʼ ὑμῖν εὐμενῶς ἔχειν αὐτὸν ἡγεῖσθαι προσήκει, ἀλλʼ ὅτι καὶ Φωκέας ἀνεῖλε καθʼ ὑμῶν, καὶ νῦν ὑμῖν ὡς τότʼ ἐκείνοις
βούλεται χρῆσθαι καὶ φυλάξασθαι καὶ μὴ διʼ ἐκεῖνα καὶ
ταῦτα συγχωρεῖν, ἀλλʼ ἐκ τῶν νῦν τούτων κἀκεῖνα
μισῆσαι.</p><milestone n="483" unit="Jebb page"/>

<p>ἀλλὰ μὴν πρός γε τὰς αἰτίας καὶ τὰς διαβολὰς,
αἷς ἐχρήσαντο καθʼ ἡμῶν οἱ πρέσβεις, ἐνθυμεῖσθʼ ὅτι
πρῶτον μὲν ἑαυτοῖς περιπίπτουσιν, εἰ τἀληθῆ λέγουσιν.
εἰ γὰρ ἡμεῖς ἀλλήλων ἔχομέν τι κατηγορῆσαι, ἡμῶν ταῦτʼ
ἂν εἴη πρὸς ἀλλήλους διαφορὰ, ἀλλʼ οὐ τοῦ μηδὲν μετέχοντος τῶν ἐγκλημάτων. ὥστʼ οὐκ ἐκεῖνον πέμπειν ὡς
ὑμᾶς παροξυνοῦντα προσῆκεν, ἀλλʼ ὑμᾶς εἴπερ ᾤεσθε δεῖν
μνησικακεῖν, κἀκεῖνον καὶ πάντας ὅσους ἠδύνασθʼ ἐφʼ
ἡμᾶς καλεῖν. ὅτε δʼ αὐτοὶ καθʼ ὑμᾶς αὐτοὺς σωφρονεῖν
ἐπίστασθε, πῶς ἐκείνῳ γε ταράττοντι προσέξετε; εἰ μὴ
τοῦτό τις εἴποι, ὡς ὑπὲρ μὲν ὑμῶν αὐτῶν πράως οἴσετε,
ὑπὲρ δʼ ἐκείνου μνησικακήσετε, καὶ ταῦτʼ ἐν οἷς ὑμεῖς,
οὐκ ἐκεῖνος, ὕβρισθε, εἴ γε δεῖ τι τούτων εἰπεῖν. ἔπειτα
κἀκεῖνο σκοπεῖτε, ὅπως μὴ ἅμα θʼ ὑμεῖς ὀργιζόμενοι
φανήσεσθε καὶ τὴν δίκην παρʼ ὑμῶν αὐτῶν εἰληφότες,
καὶ τοσούτῳ χείρους ἡμῶν περὶ ὑμᾶς αὐτοὺς γεγενημένοι,
ὥσθʼ ἡμεῖς μὲν ἥκομεν συσσώζειν ὑμῖν ὄντες ἕτοιμοι τὰ
πράγματα, ὑμεῖς δὲ—τί δʼ ἄν τις λέγοι τὸ βλάσφημον;
καὶ γὰρ εἰ μὲν τούτων ἕνεκα ὅσα πώποθʼ ὑμεῖς ἐμέμψασθε καὶ διʼ ἅ φασι δεῖν ὑμᾶς ἀγανακτεῖν ὁ Φίλιππος
ἐπέρχεται, δῶμέν τι λέγειν τούτοις· εἰ δʼ ὑπὸ τοῦ μὴ <pb id="v.1.p.720"></pb>
δύνασθαι κατέχειν ἑαυτὸν, δειξάτω Πύθων, εἰ καὶ ὑμῶν
αὐτῶν τι τοσοῦτον κατεγνώκατε, ὥστε μνησικακοῦντες
ὑμῖν αὐτοῖς ὀρθῶς ἂν ἡγεῖσθαι βουλεύεσθαι. χωρὶς δὲ
τούτων ἅπαντας ἂν οἶμαι συμφῆσαι τὸ μὲν ἡμᾶς ὄντας
Ἕλληνας καὶ ὁμοφύλους ἐρίζειν πρὸς ἀλλήλους ὑπὲρ ἀρχῆς
καὶ τάξεως ἀνεπίφθονον εἶναι καὶ τῶν νενομισμένων, τὸν
δʼ ὅλως ἀλλότριον μηδεμιᾶς ὀργῆς μηδʼ ἔριδος χρῆναι
προσίεσθαι, ἀλλὰ τὸν αὐτὸν τρόπον ὥσπερ ἂν εἰ δύʼ
ἀδελφοὶ πρωτείων ἠμφισβήτουν ἐν σφίσιν αὐτοῖς, ἕν γʼ
ἂν ἐκεῖνο ταυτὸν ἐγίγνωσκον, εἴ τις ξένος καὶ μηδὲν
προσήκων ἐβιάζετο, κοιναῖς ταῖς θύραις ἀποκλείειν, οὕτως
ἐπὶ τῶν Ἑλληνικῶν μηδενὶ τῶν ἔξωθεν λαβὴν εἶναι τὰ
καθʼ ἡμᾶς αὐτοὺς ἀπόρρητα· —οὕτω γὰρ καὶ λέγειν
ἄξιον περὶ αὐτῶν—ἀλλὰ νομίζειν τοὺς μὲν τῶν Ἑλλήνων πρὸς ἀλλήλους πολέμους καὶ τὰ ἐγκλήματα ταῖς
<milestone n="484" unit="Jebb page"/>
στάσεσι προσεοικέναι, καὶ δεῖν μάλιστα μὲν, εἰ οἷόν τε,
σκοπεῖν ὅπως μὴ συμβήσεται, εἰ δʼ ἄρα, τὴν ταχίστην
ἀπαλλάττεσθαι, τὸν δὲ πρὸς τοὺς βαρβάρους καὶ πάλαι
κακόνους πόλεμον φύσει προσειρῆσθαι, καὶ μὴ καιρῶν
εἶναι ταῦτα νοσήματα καὶ φορὰν, ἀλλʼ ἀθανάτους ἑστάναι τούτων τοὺς ὅρους, ὥσπερ ὅταν τῳ χρέος ὀφείληται.
ὅλως δʼ εἰ μὲν ἔξεστι μνησικακεῖν, δίκαιον μὲν οὒ, χρῆσθε
δʼ, εἰ βούλεσθε, τούτῳ· εἰ δὲ κρείττων ὁ καιρὸς τῆς
τοιαύτης μικροψυχίας, ἐπὶ θάτερα συμβούλῳ τῷ Φιλίππῳ
χρησώμεθα καὶ νομίσωμεν ἥκειν αὐτὸν οἷον ἀκούσιον διαλλακτήν. ἡμῖν μέν γε εἰ μηδὲν ἄλλο, μέμψασθαί γε τὸ <pb id="v.1.p.721"></pb>
κοινὸν τοῦτο ἔχοι τις ἄν. Φίλιππος δὲ οὐδαμοῦ καταλείπει
τὸν οἷα πέπονθεν ἐροῦνθʼ ὑφʼ αὑτοῦ οὕτω κακῶς ἀπολογεῖσθαι περὶ τούτων μελετᾷ.</p>

<p>καὶ μὴν εἰ μὲν ἐν αὐτοῖς τοῖς καιροῖς τῶν ἐγκλημάτων ἐμέλλετε ἀγνωμονήσειν τι πρὸς ἡμᾶς, τάχʼ ἄν τις
ἦν συγγνώμη· νῦν δὲ σκέψασθε οἷα παιδεύουσιν ὑμᾶς,
ὡς οὔτε δίκαια οὔθʼ ὑμῖν συμφέροντα. εἰ γὰρ ἡνίκα μὲν
διʼ ἀπεχθείας ἀλλήλοις ἦμεν, κατείχετε ὑμᾶς αὐτοὺς, ὅτε
δʼ ἔργῳ πάντα ὑφʼ ἡμῶν λέλυται καὶ συστρατεύεσθαι
βουλόμενοι πάρεσμεν, τηνικαῦτα ὀργιεῖσθε, σκοπεῖσθε μὴ
θάτερον οὗ βούλεσθε ποιήσητε. οὐ γὰρ τοῖς ἀδικοῦσι
δόξετε μνησικακεῖν, ἀλλὰ τοῖς εὖ ποιεῖν προῃρημένοις ὀργίζεσθαι. καὶ μὴν ἀμφοτέροις οὕτω γʼ ἂν ἐναντίως τοῦ
δέοντος χρήσαισθε, [καὶ ὑμῖν ἀμφοτέρως τοῦ δέοντος
ἐναντίως] τὸν μὲν καθʼ ὑμῶν ἥκοντα τῶν ὑπὲρ ὑμῶν
προκρίναντες, ἡμῖν δʼ αὖ μετριώτερον ἐχθροῖς οὖσιν ἢ
φίλοις χρώμενοι. πάντων δʼ ἀτοπώτατον τὰ μὲν ἐγκλήματα
κοινὰ ἑκατέρωθεν εἶναι, τὸ δʼ ὀργίζεσθαι παρʼ ὑμῖν μόνοις, καὶ ταῦτα τοῦ στρατεύματος ὄντος οὐκ ἐπὶ ζωστῆρι
οὐδʼ ἐν μεθορίοις τῆς Ἀττικῆς καὶ τῆς Βοιωτίας, ἀλλʼ
ἐν μεθορίοις τῆς Φωκίδος καὶ τῆς ὑμετέρας, ἐν προθύροις
οὑτωσὶ τῶν Θηβῶν, ὥστε με φρίττειν νυνὶ περὶ ταῖς πύλαις. τί ποτʼ οὖν ὑμετέρου τοῦ πράγματος ὄντος ἡμεῖς
ἥκομεν τεταραγμένοι; μάλιστα μὲν οἶμαι τύχη τις ἀμφοῖν
ταῖν πόλεσιν ἀγαθὴ στρατηγεῖ, ἔπειτʼ αἴσχιστον ἦν ἔργῳ
<milestone n="485" unit="Jebb page"/>
μὲν σώζειν ὑμᾶς ἐγνωκέναι, λόγῳ δʼ ὀκνῆσαι διδάξαι τὰ
δέοντα, ἄλλως τε καὶ προσδοκίας οὔσης ἐγχειριεῖν ἐκεῖνον
διαστρέφειν τἀληθὲς, ὅπερ εὑρήκαμεν. πρὸς μὲν οὖν τὴν
πρεσβείαν, οἶμαι, τὴν παρʼ ἐκείνου πρέσβεων ἡμετέρων
ἔδει, τῷ δὲ στρατεύματι στράτευμα ἀντιπροσέρχεται. εἰ <pb id="v.1.p.722"></pb>
δέ τις ἡγεῖται παράδοξον ἡμᾶς ὑπὲρ ὑμῶν πεφοβημένους
ἥκειν, ἐνθυμείσθω κἀκεῖνο, ὡς παράδοξον Φίλιππον ἐφʼ
ἡμᾶς ὑπὲρ τῶν ὑμετέρων ἐγκλημάτων ἔρχεσθαι. μὴ τοίνυν
δυοῖν παραδόξοιν ὃ μέν ἐστι καθʼ ὑμῶν ἰσχυρὸν ποιήσητε, ὃ δʼ εἰς σωτηρίαν ὑπάρχει διαφθείρητε. ἡμεῖς δὲ πῶς
οὐκ ἐμέλλομεν αἰσχυνεῖσθαι, εἰ Βυζαντίους μὲν πρώην
ἀφειλόμεθα κινδύνου καὶ Περινθίους καὶ Χερρονησίτας,
ἔτι δʼ Εὐβοέας καὶ Χαλκιδέας, τό γʼ ἐφʼ ἡμῖν, ἔχοντες
εἰπεῖν περὶ πάντων τούτων ὡς οὐ κάλλισθʼ ἡμᾶς ἐδεδράκεσαν, ὑμᾶς δὲ ψυχρῶν ἂν ἕνεκʼ ἐγκλημάτων περιίδοιμεν
πᾶσι τοῖς οὖσι κινδυνεύοντας· ὧν τίς συνηθέστερος ἡμῖν
ἐν ἅπασι τοῖς Ἕλλησι; θαυμάζω δὲ Πύθωνος, εἰ τῶν
μὲν δυσχερῶν ὑμᾶς ἀξιοίη μνημονεύειν ἃ παρʼ ἀμφοτέρων
ἀκουσίως γεγένηται, τῶν δʼ εἰς οἰκειότητα καὶ πίστιν
φερόντων ἐκ τοῦ παντὸς χρόνου τοσούτων τὸ πλῆθος οὐχὶ
νομίζει ποιήσεσθαι λόγον, καὶ ταῦτα πάντων ἀνθρώπων
συνειδότων ὡς ἐν καλῷ γεγόνασιν ἀλλήλαις ἐπὶ τῶν χρειῶν
αἱ πόλεις. ὡς μὲν οὖν Οἰδίπουν ἐδεξάμεθʼ ἡμεῖς καὶ ὡς
Διόνυσος παρʼ ὑμῶν ὁρμηθεὶς Ἰκαρίῳ συγγίγνεται, καὶ
τὴν δωρεὰν ἣν ἔδωκε, καὶ ὡς Ἡρακλῆς ἐμυήθη ξένων
πρῶτος, καὶ ὡς πρῶτοι νεὼν ἱδρυσάμεθʼ αὐτῷ, καὶ τῶν
παίδων ὡς προὔστημεν, καὶ πάνθʼ ὅσα τοιαῦτα, ἐάσομεν· ἀλλʼ ὧν ἔτι ζῶσιν οἱ μάρτυρες, τοῦτο μὲν ἡμεῖς
ὅτʼ ἠτύχησεν ὁ δῆμος, ὡς δεῦρʼ ἐλθόντες πατρίδα τὰς
Θήβας εἴχομεν, καὶ Λακεδαιμονίων μετὰ τοῦτο κελευόντων
ὑμᾶς συνεμβάλλειν εἰς τὴν Ἀττικὴν ἅπαντες ἀπεψηφίσασθε, τοῦτο δʼ ὑμεῖς, ἡνίκʼ αὖθις ἐφʼ ὑμᾶς ἐβάδιζον <pb id="v.1.p.723"></pb>
Λακεδαιμόνιοι, τοσοῦτον ἀπέσχομεν τοῦ στρατεῦσαι μετʼ
ἐκείνων, ὥστʼ ἀτειχίστου τῆς πόλεως οὔσης ἐκστρατευσάμενοι καὶ μάχῃ νικήσαντες μεθʼ ὑμῶν ἠλευθερώσαμεν τὴν
<milestone n="486" unit="Jebb page"/>
Βοιωτίαν, ἀνάγκῃ μὲν οὐδεμιᾶς συμμαχίας, γνώμῃ δʼ
ὑμᾶς εὖ ποιεῖν ἑλόμενοι. καὶ πάλιν τῆς εἰρήνης γενομένης
τῆς ἐπὶ Ἀνταλκίδου, καὶ Φοιβίδου τὴν Καδμείαν καταλαβόντος, τήν τε φυγὴν ἐδεχόμεθα καὶ ἐπειδὴ τῶν ὅπλων
ἔδει, παρῆμεν πανδημεὶ, καὶ οὐκ ἔφθημεν ἐλθόντες, καὶ
Λακεδαιμονίους ὑποσπόνδους ἀπηλλάξαμεν, καὶ μυρία ἄν
τις ἔχοι λέγειν, ὡς ἀγαθὴ τύχη πεφύκασιν αἱ πόλεις
ἀλλήλαις.</p>

<p>οὐ τοίνυν μόνον πόλει πρὸς πόλιν ἡμῖν πλεῖστα
ὑπάρχει πρὸς ἀλλήλους, ἀλλὰ καὶ τῶν ἰδίων φιλιῶν τὰς
παρʼ ὑμῶν τε καὶ ἡμῶν ἰσχυροτάτας εἶναι συμβέβηκε. τί
γὰρ ἐνδοξότερον τῆς Ἡρακλέους καὶ Θησέως ἑταιρίας, ἢ
τί μᾶλλον τοῖς Ἕλλησιν ἐν καιρῷ; οἳ σκευήν τε τὴν
αὐτὴν ἐφόρησαν καὶ ταὐτὰ γνόντες ἡμέρουν τὴν γῆν. καὶ
ὅτε τοίνυν Ἡρακλεῖ φίλου ἐδέησε, Θησεὺς αὐτὸν Ἀθήναζε
ἀγαγὼν ἀνακτᾶται. ὡς ἔδει γε, ὦ Ζεῦ καὶ Πόσειδον καὶ
πάντες θεοὶ, νῦν ὡς ἀληθῶς, νῦν τῆς ἐκείνων συστάσεως
καὶ μελέτης καὶ φιλοτιμίας. οἶμαι γὰρ οὔτε τὴν ἐπʼ Ἀμαζόνας στρατείαν οὔτʼ ἄλλον οὐδένα ἂν αὐτοὺς προελέσθαι
πόλεμον, πρὶν μίαν ταυτηνὶ κεφαλὴν κοινῇ συνεξελεῖν, ἧς
οὔτε Ἰσθμὸς ἀπείρατος οὔτε ἔθνος οὐδὲν, ἀλλὰ καὶ γῆ
καὶ θάλαττα ἐπιλείπει λῃστευομένη. νῦν τοίνυν ἐκεῖνοι μὲν
ἀθλοθέται τοῦ πολέμου, ἀγωνισταὶ δʼ ἡμεῖς ἐξ ἁπάντων
προὐκρίθημεν. τί οὖν οὐ μιμούμεθα τοὺς ἀρχηγέτας; <pb id="v.1.p.724"></pb>
καλὴν μὲν οὖν, ὦ ἄνδρες Θηβαῖοι, κἀκείνην κοινωνίαν
συνέστημεν, ἧς μικρῷ πρόσθεν ἐμνήσθην, ἡνίκα Λακεδαιμονίους γῆς καὶ θαλάττης ἄρχοντας οὐ κατεδείσαμεν·
οὐ μὴν ἐγένετο ἡμέρα τῆς ἐπιούσης ταύτης ἀναγκαιοτέρα
οὐδὲ καιρὸς ἀμείνων οὐδʼ ἐν ᾧ μᾶλλον ἔδει συστῆναι καὶ
πόλεις καὶ ἥρωας καὶ θεοὺς αὐτούς. ἀνὴρ ὑβριστὴς ἐκ
τοῦ βαράθρου τῆς γῆς ὁρμώμενος κακῇ μοίρᾳ τῶν Ἑλλήνων, μᾶλλον δʼ αὑτοῦ τραφεὶς, κωμάζει συχνὸν ἤδη
χρόνον οὐ φορητὰ, πόλεις ἀναιρῶν, πολιτείας μετατιθεὶς,
φυγὰς ἐναλλάττων, ἐμβατεύων εἰς τὰ τῶν Ἑλλήνων πράγματα, ὥσπερ εἰληφὼς ὑπερήμερον τὴν Ἑλλάδα, κωλύει
<milestone n="487" unit="Jebb page"/>
δʼ οὐδεὶς οὐδὲ κινεῖται, ἀλλʼ ὥσπερ ἄνω καταρρακτῶν ἢ
περὶ τὴν ἐρυθρὰν τούτων γιγνομένων, ἢ πρὸς ἅπαντας
ἀνθρώπους μᾶλλον ἢ πρὸς ἡμᾶς ὄντων, ὕπνος θαυμαστὸς
ἅπασι καὶ ῥᾳθυμία κατακέχυται, καὶ καθάπερ τὰ ἐν ταῖς
ἱστορίαις παράδοξα οὕτως ἀκούομεν, θαυμάζοντες τὰ
γιγνόμενα, οὐχ ὅπως παύσεται ζητοῦντες· καὶ γέγονε
πάνθʼ ὥσπερ ἐν Εὐρίπῳ τὰ τῶν Ἑλλήνων πράγματα,
νύκια καὶ ἡμέραν ἄνω καὶ κάτω στρεφόμενα, καὶ κατέχει
συνήθης ἀκοὴ τῶν κακῶν, ἐν πορθμῷ Φίλιππος, ἐν Μεγάροις Φίλιππος, Ἀρκαδία νοσεῖ, Χαλκιδεῖς ἀπολώλασι,
Θετταλία δεδούλωται, πολιορκεῖ Βυζάντιον, Ἦλιν
<pb id="v.1.p.725"></pb>εἴληφεν, Ὁμήρου κατάλογος ἁρπαζομένων γέγονε τῶν Ἑλλήνων. καὶ τοσούτων χρημάτων καὶ σωμάτων καὶ τόπων
ἀπολωλότων καὶ πάντων πάντα σεσυλημένων οὐδέν ἐστι
τῶν πάντων φοβερώτερον οὐδʼ ἐφʼ ᾧ μεῖζον ἄν τις στενάξειεν ἢ ὅτι τὰς γνώμας ἡμῶν καὶ τὸ λογίζεσθαι σεσύληκε, καὶ τοσαύτῃ φαρμάκων περιουσίᾳ καὶ γοητείᾳ κέχρηται ὥστε πάντας ἅπαντʼ αὐτῷ καθʼ αὑτῶν συμπράττειν ἀναπέπεικεν, ὥσπερ ἐὰν ἀπόλωνται κερδανοῦντας, καὶ
γέγονε τῶν Ἑλλήνων ἔρις ὅστις πρότερος ἐκείνου γένηται,
καὶ περίεστι τοσοῦτον ἡμῖν, ὅσον τοῖς ἐκ πληγῆς ἤ τινος
ἄλλου κακοῦ σφαλλομένοις βαδίζουσιν οἷς τὸ μὲν κατενεχθήσεσθαι πρόδηλον, τὸ δὲ μέλλειν ἔτι, τοῦτʼ ἐστὶν ἡ
δύναμις. ὁ δʼ ὥσπερ τυφὼς ἢ πρηστὴρ ἐμπεσὼν ἐλαύνει
κατάκρας αἰγίδι λαμπρᾷ πάντα τὰ πράγματα, οὐδὲν
παριεὶς, τοῖς μὲν ὅπλα, τοῖς δὲ λόγους προσφέρων, μόνον
οὐκ ἐπαναγκάζων ἅπαντας ἀναστῆναι. ἀλλʼ ὅμως οὐδείς
πω τοῦθʼ ὑπήκουσεν αὐτῷ, ἀλλʼ ὥσπερ ὁμίχλης ἢ ζόφου
πάντα κατειληφότος οὔθʼ ἡμᾶς αὐτοὺς οὔτʼ ἐκεῖνον γνῶναι
δυνάμεθα, ἀλλʼ εἰδότες μὲν τὸ μέλλον, οὐ βουλόμενοι δὲ
εἰδέναι δοκεῖν, ἑκούσιοι τὰς ἀνάγκας ἀναμένομεν. καὶ
φάσματος μὲν ἄλλου του συμβάντος οἷα κατʼ οὐρανὸν,
ἢ σεισμῶν ἢ πνευμάτων ἔξω τοῦ μετρίου κατασχόντων,
ἔδει μὲν δεδιέναι πάντας, ἔδει δʼ ἀλλήλους συγκαλεῖν,
ἰέναι δὲ θεωροὺς εἰς Δελφοὺς καὶ Δωδώνην καὶ παρʼ
<milestone n="488" unit="Jebb page"/>
Ἀμφιάρεων περὶ σωτηρίας, Φιλίππου δʼ ἐπιπολάζοντος
τοσοῦτον ἤδη χρόνον καὶ τὴν Ἑλλάδα ἐκ βάθρων κινοῦντος καὶ τοσαύτην γῆν ἐπερχομένου, ὅσην οὐδέπω κῦμα
ἐπέκλυσεν, οὐδεὶς οὐ λόγος, οὐ σύλλογος, οὐκ εὐχὴ πρέπουσα, οὐκ ἐρώτημα Ἑλληνικὸν, ἀλλʼ ὥσπερ νεφέλῃ
<pb id="v.1.p.726"></pb>κεκαλυμμένος, ἢ τὴν τῶν ποιητῶν ἄτοπον κυνῆν περικείμενος, δρᾶσαι φανερὸς, παθεῖν δʼ ἀφανὴς, περιέρχεται
δημαγωγῶν τοὺς Ἕλληνας, πάντα ἐκζητῶν, πάντα εὑρίσκων
εἴ τί τῳ πέπρακται δυσχερὲς εἰς τὸ πλησίον, εἰ ῥῆμά τις
ἔφθεγκται μόνον, διαβάλλων ἐν μέρει πάντας, ὥσπερ
παισὶ τοῖς Ἕλλησι διαλεγόμενος. σοὶ δὲ τί τούτων, ὦ
κακῶς ἀμφικτύων; ἅπαντα ταῦθʼ ἕν ἐστι, δεινὸν πλεονάζων Φίλιππος. τίνες οὖν ἄλλοι ταῦτα κωλύσουσι; τίνων,
ὦ ἄνδρες Θηβαῖοι, χρὴ τοῦτο γενέσθαι τὸ ἕρμαιον; ἡμῖν
τὰς ἀνάγκας ταύτας οἱ θεοὶ προὐξενήκασι.</p>

<p>σκέψασθε δὴ καὶ περὶ τῆς παλαιᾶς αἰτίας ὡς καλῶς
αὐτὴν ἀπελύσασθε, λέγοντες οὐκ εἶναι τὴν πόλιν αὑτῆς,
ἀλλὰ τοὺς κρατοῦντας τῶν πραγμάτων μηδίσαι. τούτοις
μέντοι τοῖς λόγοις οὐκ ἀκολουθεῖ τὸ νυνὶ δέξασθαι Φίλιππον. ἀλλʼ ἢ κἀκεῖνα δεῖ ψεύδεσθαι δοκεῖν, ἢ τούτοις
λόγος οὐ λείπεται. ὅτι τοίνυν οὐκ ἔστιν ἐφʼ ὑμῖν, οὐδʼ
ἐὰν βούλησθε, ἁμαρτεῖν σκέψασθε. νυνὶ δυοῖν θάτερον
αἰτεῖ Φίλιππος, ἢ συνεμβαλεῖν, ἢ διεῖναι. διέντες μὲν τοίνυν ἡμᾶς μὲν ὁμοίως προδεδώκατε, ἐκείνῳ δʼ οὐχ ὅσον
βούλεται χαρίζεσθε. ὥσθʼ ἥ τε παρʼ ἡμῶν ὑπάρχει μέμψις <pb id="v.1.p.727"></pb>
καὶ ἡ παρʼ ἐκείνου προσγίγνεται. ἂν οὖν διοικήσηται τὰ
πρὸς ἡμᾶς, ἔστʼ ἐφʼ ὅτους πρώτους εἶσιν ἢ ὑμᾶς; ἢ
τοῦτο μὲν κἂν εἰ μηδὲν ἔχοι μέμψασθαι πρόδηλον, πρὸς
Διὸς, ἂν δʼ εἰσέλθῃ μὲν ὡς εὔνους καὶ φίλος, εἰσελθὼν
δʼ ἔχῃ καὶ μὴ ἀνίῃ τὴν πόλιν—ἴσμεν δʼ ὃν τρόπον
εἴληφε Φερὰς καὶ χωρὶς τῶν Φερῶν ἴσμεν ὃν τρόπον Φοιβίδας ἔσχε τὴν Καδμείαν ταυτηνὶ—ἂν οὖν ὡς τότʼ
ἐκεῖνος παριὼν ὡς ἐπʼ Ὀλύνθου τὸ πρῶτον ἕρμαιον ἠξίωσε
μὴ παρεῖναι, οὕτω καὶ νῦν οὗτος πρὶν εἰς Ἀττικὴν ἐλθεῖν,
<milestone n="489" unit="Jebb page"/>
ἀξιοῖ τὰς Θήβας ἔχειν, κλητεύσετʼ αὐτὸν εἰς τοὺς Ἕλληνας, ἢ τί χρήσεσθε; τί δʼ ἂν διαστήσας τὰς πόλεις καὶ
φανεροὺς ἐπιδείξας ὑμᾶς ἐκ τοῦ φανεροῦ διιέντας, ἐπʼ
αὐτοὺς ὑμᾶς τρέπηται προτέρους, ποῦ τὸ καθʼ ὑμᾶς
θήσετε; εἰ μὲν τοίνυν τοῖς ἴσοις ὑμᾶς ἀμυνούμεθα, οὐ
βοηθήσομεν, εἰ δʼ οὐδὲν μᾶλλον μνησικακήσομεν, πῶς
οὐκ εἰς ἔσχατον αἰσχύνης ἀφίξεσθε; εἶεν. διεῖναι μὲν δὴ
διὰ ταῦτα οὐκ ἔστιν ἁπλῶς, λοιπὸν δʼ ἐστὶ συνεισβαλεῖν <pb id="v.1.p.728"></pb>
καὶ κινδυνεύειν, εἴπερ ἐκεῖνος ὑμῖν ἢ ὑμεῖς ἐκείνῳ πιστεύειν
μέλλετε. σκοπεῖτε δὴ πότερον βελτίους ἂν εἴητε ὑπὲρ τῆς
δουλείας τῆς ὑμετέρας αὐτῶν καὶ τῶν ἄλλων Ἑλλήνων
κινδυνεύοντες, ἢ παρόντος τοῦ κινδυνεύειν ὑπὲρ τῆς ἐλευθερίας τῆς θʼ ὑμετέρας αὐτῶν καὶ τῶν ἄλλων τούτῳ
χρώμενοι. ἡγοῦμαι δʼ εἰ μὲν συνεισβάλοιτε, πλείους ἐλπίδας ὑμῖν εἶναι κρατηθεῖσιν ἐλευθέροις γενέσθαι ἢ νικῶσιν.
ἡμεῖς μὲν γὰρ ἐγκλήματα πολλοῖς ἤδη παρήκαμεν, Φίλιππος δʼ ὧνπερ φίλος, τῶν αὐτῶν καὶ δεσπότης ἐστί.
καὶ μὴν καὶ τὴν συμμαχίαν πρὸς μὲν ἡμᾶς ἐν τῇ ἴσῃ
δή που καὶ ὁμοίᾳ ποιήσεσθε ὥσπερ ἀεί· Φιλίππῳ δʼ
ἀκολουθεῖν ἀνάγκη. τοῦτο δὲ ὅσον διαφέρει γνῶτε. εἰ μὲν
γὰρ ἡμεῖς πέμψαντες, μὴ γένοιτο δὲ οὐδʼ ἔσται, τοσοῦτον
εἴποιμεν πρὸς Φίλιππον, ὅτι ἀκολουθεῖν ἐγνώκαμεν αὐτῷ
καὶ ὑπηρετεῖν ὅ τι ἂν παραγγέλλῃ, ἔσθʼ ὑπὲρ οὗ λοιπὸν
ἡμῖν ἀξιώσει πολεμεῖν; οὐδʼ ἂν εἷς εἴποι. οὐκοῦν οὐ μικρόν
τι μέρος προΐεσθε, ἀλλὰ τοσούτῳ χεῖρον περὶ ὑμῶν αὐτῶν
ἢ περὶ ἡμῶν βουλεύσεσθε, ὥσθʼ ἡμῖν μὲν, εἰ μηδὲν ἄλλο,
τὸ γοῦν ἀγωνίσασθαι περὶ τῆς ἐλευθερίας λείπεται, ὑμᾶς
δὲ δεῖ πρότερον δουλεύειν συγκεχωρηκέναι, πρὶν παρατάξασθαι πρὸς ἡμᾶς. εἶθʼ ὃ τοῦ πολεμοῦντας ἁμαρτεῖν
ἐστι πέρας, τοῦτʼ ἐξ ἀρχῆς ὑμῖν αὐτοῖς ἀναθήσετε, καὶ
τοῖς τοῦ πολέμου κινδύνοις τὰς τῆς προδοσίας ἀδοξίας
ἀναμίξετε; μηδαμῶς· ἀλλʼ ἐνθυμηθέντες παρʼ ὑμῖν αὐτοῖς
ὅτι Φίλιππον μὲν αἱρούμενοι, βάρβαρον ἄνθρωπον καὶ <pb id="v.1.p.729"></pb>
φύσει κεχωρισμένον αἱρεῖσθε, κἂν διαρραγῇ τὰ Πύθια <pb id="v.1.p.730"></pb>
ἐξορχούμενος, καὶ πρὸς τούτοις τύραννον καὶ ἀλάστορα
<milestone n="490" unit="Jebb page"/>
τῆς Ἑλλάδος καὶ νῦν ἐφʼ ὑμᾶς ἥκοντα, ἡμᾶς δʼ οἰκειούμενοι πρῶτον μὲν Ἕλληνας καὶ ὁμοφύλους, ἔπειτʼ ἀστυγείτονας καὶ συνήθεις ἐκ παλαιοῦ καὶ νῦν ὑπὲρ ὑμῶν
πεφοβημένους οἰκειοῦσθε, χρήσασθε τῷ καιρῷ, σκεψάμενοι πρὸς ἅπασι τοῖς ἄλλοις καὶ τὸ τῆς πρεσβείας ἑκατέρας σχῆμα. ἡμεῖς μὲν τοίνυν ἐν ἐλευθερίᾳ καὶ νόμοις
τραφέντες παραπλησίοις ὑμῖν ἥκομεν αὐτοί τε ὑπὲρ τούτων ἕτοιμοι παρατάττεσθαι καὶ ὑμᾶς ἀξιοῦντες τοιούτους
ἑτέρους εἶναι· τούτων δʼ οἱ μὲν προδόται τῶν ἑαυτῶν
πατρίδων ἥκουσιν, αἰσχρὸν παράδειγμα πᾶσι τοῖς Ἕλλησιν, οἱ δʼ ὑπʼ ἀνάγκης ἀπεσταλμένοι, ἥδιστʼ ἂν εἰ κύριοι
νεύματος ἦσαν, αὐτὰ τἀναντία ὑμῖν προδείξοντες. καίτοι
πότερʼ ὑμεῖς Θετταλοὺς εἰς ἐλευθερίαν ἐξαιρούμενοι βελτίους ἂν εἴητε, ἢ οὗτοι πείθοντες ὑμᾶς εἰς τὴν δουλείαν
ἑαυτοῖς συνεμβῆναι; σκέψασθε δὴ κἀκεῖνο, εἰ περιῆν
Ἐπαμεινώνδας, πότερʼ ἂν τούτων ὑμῖν συνεβούλευε, πότερον συγκαταδουλοῦσθαι τοὺς Ἕλληνας Φιλίππῳ καὶ ζῆν
ἐν προσθήκης μέρει τούτῳ, ὅς ποθʼ ὡμήρευε παρʼ ὑμῖν,
ἢ τἀναντία τούτων; νῦν τοίνυν ἀντʼ ἐκείνου τὴν ἐκείνου
δόξαν αἰσχυνθέντες καὶ τὴν ἐν Λεύκτροις μάχην, εὐξάμενοι τῷ Διὶ τῷ ἐλευθερίῳ καὶ Ἡρακλεῖ τῷ ἀλεξικάκῳ
καὶ Ἀπόλλωνι τῷ Πυθίῳ καὶ Ἰσμηνίῳ καὶ θεοῖς καὶ
ἥρωσι τοῖς κοινοῖς τῶν Ἑλλήνων, ἀξιώσατε ὑμᾶς αὐτοὺς
μεθʼ ἡμῶν ὀφθῆναι· καὶ πειραθῶμεν τοῖς μεθʼ ἡμᾶς
ἀρετῆς παραδείγματα μὴ χείρω καταλιπεῖν ἢ παρὰ τῶν <pb id="v.1.p.731"></pb>
προτέρων αὐτοὶ παρελάβομεν. οὕτως εἰ προσθῇ τις ἀπὸ
τῆς στρατείας, θαρρῶμεν, ἐπειγώμεθα· εἰ δέ τις ᾤετο
τοῖς πωλοῦσι τὰς πατρίδας μόνοις εἶναι θαρρεῖν, οὐκ ὀρθῶς ἐγίγνωσκεν.</p></body></text>
</TEI>