<?xml version="1.0" encoding="UTF-8"?><TEI xmlns="http://www.tei-c.org/ns/1.0">
  <teiHeader>
    <fileDesc>
      <titleStmt>
	    <title>Orationes 37 </title>
	    <title type="sub">Machine readable text</title>
	    <author>Aristides, Aelius</author>
	    <editor role="editor">Wilhelm Dindorf</editor>
	<sponsor>Perseus Project, Tufts University</sponsor>
<principal>Gregory Crane</principal>
<respStmt>
<resp>Prepared under the supervision of</resp>
<name>Lisa Cerrato</name>
<name>William Merrill</name>
<name>Elli Mylonas</name>
<name>David Smith</name>
</respStmt>
<funder n="org:Google">Google</funder>
	
      </titleStmt><publicationStmt><publisher>Trustees of Tufts University</publisher><pubPlace>Medford, MA</pubPlace><authority>Perseus Project</authority></publicationStmt>
      
	
      <sourceDesc>
		<listBibl>
		  <biblStruct>
		    <analytic></analytic>
		    <monogr>
		      <author>Aristides, Aelius</author>
		      <title>Aristides</title>
		      <respStmt><resp>ex recensione Guilielmi Dindorfii</resp>
			    <name></name>
		      </respStmt>
		      <imprint>
			<pubPlace>Leipzig</pubPlace>
			<publisher>Weidmann</publisher>
			<date>1829</date>
		      </imprint>
		      <biblScope type="volume">1-2</biblScope>
		    </monogr>
		  </biblStruct>
		</listBibl>
      </sourceDesc>
    </fileDesc>
     <encodingDesc>
		<refsDecl>
		<state delim="." unit="text"/>
		refState unit="Jebb page"/>
		</refsDecl>
    </encodingDesc>
     <profileDesc>
      <langUsage>
		<language ident="greek">Greek</language>
      </langUsage>
    </profileDesc>
</teiHeader><text xml:lang="grc"><body><pb id="v.1.p.696"></pb>
<head>Λευκτρικὸς <num>ε</num> (ὑπὲρ μηδετέροις βοηθεῖν)</head>
<p>
<milestone n="465" unit="Jebb page"/>
εἴ τι κἀμοὶ μέτεστιν, ὦ Ἀθηναῖοι, παρρησίας, πειράσομαι περὶ τῶν παρόντων εἰπεῖν ἃ γιγνώσκω, δεηθεὶς
ὑμῶν μὴ θορυβῆσαι πρὶν ἂν πάντων ἀκούσητε. ἔστι μὲν
οὖν ἔργον τὸ συμφέρον ὑμῖν καθαρῶς ἐξετάσαι. τοῖς μὲν
γὰρ ἢ τούτοις ἢ ʼκείνοις συνειρηκόσιν ἥ τε πρὸς οὓς
<milestone n="466" unit="Jebb page"/>
ᾕρηνται χάρις αὐτῶν ὕπεστι καὶ ἔτι πρὸς ὑμῶν τοὺς ταὐτὰ
γιγνώσκοντας, τοῖς δʼ ἐξεστηκόσι τούτου καὶ μέσοις οὖσι
μήτʼ ἐκείνων μηδετέροις τὰ πρὸς ἡδονὴν λέγειν συμβεβηκός ἐστι μήθʼ ὑμῖν ἃ βούλεσθέ τε καὶ προσδοκᾶτε. ὥστʼ
εἶναι πολὺ τοῖς διαμαρτοῦσιν ἐκείνων λυσιτελέστερον ἢ τῷ
ταῦτα πείσαντι, τοῖς μὲν ὑπαρχόντων ὑπὲρ ὧν ἠγωνίσαντο
φίλων, τῷ δὲ οὐδεμιᾶς χάριτος παρʼ ὑμῶν οὔσης. οὐ μὴν
ἀλλὰ καίπερ τοιαύτην δυσκολίαν ἔχοντος τοῦ πράγματος
οὐκ ἀποκνήσω. δοκεῖ γάρ μοι τοῖς εἰρηκόσι τούτοις ὑπὲρ
ἑκατέρων ὁ ὑπὲρ ὑμῶν ἐρῶν λοιπὸν ἐνδεῖν. ἐὰν οὖν οὗτος
ἐγὼ φανῶ, χάριν ὑμῖν ὑπὲρ ὑμῶν εἴσομαι. τοῖς μὲν γὰρ
ὑπὲρ τῶν ἑτέρων εἰρηκόσι, κἂν ἡττηθῶσι τῶν ἐναντίων,
ἡ πρὸς οὓς ᾕρηνται χάρις σώζεται, ὁ δʼ ἐν μέσῳ γενόμενος τῆς μὲν παρʼ ἑκατέρων αὑτὸν ἤδη προαπεστέρηκε,
τῶν δὲ παρʼ ὑμῶν ἄδηλον ὁποίων τεύξεται. συμβαίνει δὴ
μηδαμῶς ἴσον εἶναι ἢ τὰ τῶν ἑτέρων συμφέροντα ᾑρημένον καὶ ὑμῶν τοὺς ταὐτὰ γιγνώσκοντας ἔχειν εὐμενεῖς, ἢ <pb id="v.1.p.697"></pb>
ὑπὲρ ὑμῶν ἀνεστηκότα προσκρούειν ὑμῖν, καὶ ἡττηθέντα
μὲν τριῶν ἡμαρτηκότα ὑπάρχειν, κρατήσαντα δὲ καὶ διαγενόμενον ἐξ ἴσου τοῖς ἡττηθεῖσι γίγνεσθαι, ἑτέρων ἀνθʼ
ὑμῶν ἐκείνοις ὑπαρχόντων οὓς ᾕρηνταί τε καὶ φίλους πεποίηνται. οὐ μὴν ἀλλʼ αἰσχρόν μοι φαίνεται καὶ οὐ πολιτικὸν οὐδʼ ἴσον οὐδαμῶς Ἀθήνησι τῶν λόγων γιγνομένων τοὺς μὲν ὑπὲρ Θηβαίων καὶ πάλιν Λακεδαιμονίων
ἐροῦντας εὑρῆσθαι, τοὺς δὲ ὑπὲρ ὑμῶν ἐλλείπειν. ἐπαινῶ
δὲ τοὺς ῥήτορας ἀμφοτέρους, ὅτι πολλὰ καὶ θαυμαστὰ
εὑρόντες καθʼ ἑκατέρων ἐδίδαξάν με κοινῇ τί χρὴ περὶ
αὐτῶν ἀποφήνασθαι. οἶμαι γὰρ καὶ εἰ μηδὲν ὅλως ἐτύγχανον γιγνώσκων ἐπʼ ἐμαυτοῦ, τοῖς γε ὑπὸ τούτων εἰρημένοις ἀκολουθῶν ἔχειν ἂν κατιδεῖν τὸ κράτιστον. μέμφομαι δʼ αὐτοῖς αὖ τοσοῦτον ὅτι πάντʼ ἐπικρυπτόμενοι καὶ
ζητοῦντες ὅπως λήσουσι, πρὸς χάριν οἱ μὲν τούτων, οἱ δʼ ἐκείνων λέγοντες ἓν τοῦτʼ οὐκ ἔφυγον, ὅτι λαθεῖν ζητοῦσιν
<milestone n="467" unit="Jebb page"/>
ἐνδείξασθαι. ἐπεὶ τί δεῖ λέγειν, νῦν οὐχ ἵνα Θηβαίοις
χαρίσωμαι παρελήλυθα, κᾆτα κελεύειν βοηθεῖν αὐτοῖς, ἢ
πάλιν οὐκ ἐθέλων χαρίσασθαι Λακεδαιμονίοις, εἶτα προστάττειν ὑμῖν κινδυνεύειν ὑπὲρ αὐτῶν; εἰ γάρ ἐστιν ἀληθὲς
τοῦτο τὸ σχῆμα ἀμφοτέροις καὶ δεῖ πιστεύειν αὐτοῖς
ὥσπερ ἔγωγε φημὶ δεῖν, οὑμὸς ἔχει χώραν λόγος ἀμφοτέροις ἐκποδὼν στῆναι. νῦν δὲ ὥσπερ ζητούντων ὑμῶν τίσι
πολεμήσετε, ἀλλʼ οὐχ ὃ τῇ πόλει συμφέρει πράττειν ὀφειλόντων, οὕτως οἱ μὲν τοῖς, οἱ δὲ τοῖς κελεύουσι
<pb id="v.1.p.698"></pb>πολεμεῖν, ὡς εἰ μὴ κινδυνεύσετε ζημίας οὔσης. τοῦτο δʼ ἢν
ἐν μέσῳ κείμενον, τὸ μηδετέροις οἰκείως ἔχουσι τὰ ὑμέτερʼ
αὐτῶν πράττειν παραινεῖν ὑμῖν· οὗ λυσιτελέστερον οὐδέν
ἐστι τῇ πόλει, οὐδʼ ὅ τι μᾶλλον καὶ τοὺς ἐν ἡλικίᾳ διατηρήσει, καὶ ναυσὶ καὶ χρήμασι καὶ πᾶσιν ἔσται σωτήριον.</p>

<p>λέγουσι δὲ ὡς πολλοὺς ὑπὲρ πολλῶν ᾕρησθε κινδύνους καὶ αὐτοὶ καὶ οἱ πρόγονοι, καὶ λέγουσιν ἀληθῆ. ἀλλʼ
εἰ τῶν ἄλλων οὕτω προνοεῖσθε, ὥστʼ εἰ καὶ πολεμεῖν
ὑπὲρ αὐτῶν δέοι μὴ κατοκνεῖν, πῶς οὐχ ὑπὲρ ὑμῶν γε
αὐτῶν μέχρι τοῦ μὴ κινδυνεῦσαι παρὰ καιρὸν προνοήσεσθε; οὐ γὰρ δή που τὰ μὲν τῶν ἄλλων συμφέροντα
καὶ μετὰ κινδύνων βεβαιοῦν ἄξιον, τὰ δʼ ἡμέτερα αὐτῶν
οὐδʼ ἡσυχῆ. ἔπειτα εἴ τις βούλεται σκέψασθαι διὰ τί
ποθʼ ἡμῶν εὐδοκίμησαν οἱ πατέρες, πότερον διʼ αὐτὸ τὸ
πλεῖν καὶ στρατεύεσθαι καὶ φιλοκινδύνως ἔχειν, ἢ διὰ τὸ
σχῆμα τῶν ἔργων καὶ τὰς προφάσεις εὐλόγους καὶ ἀναγκαίας οὔσας, οὐκ ἂν, οἶμαι, φαίη διʼ ἐκεῖνα. λῃστῶν γὰρ
ἂν αὐτοῖς ἔπαινον καὶ καταποντιστῶν ἀνατιθείη, εἰ τοῦτο
θαυμάζοι καὶ ζηλωτὸν ἡγοῖτο τὸ τοῖς κινδύνοις ἀεὶ σφᾶς
αὐτοὺς ὑποτεθεικέναι. ἀλλʼ οἶμαι τὸ τοὺς βαρβάρους ὑπὲρ
τῶν Ἑλλήνων ἀμύνεσθαι καὶ μηδαμοῦ προΐεσθαι διὰ μαλακίαν τὰ δίκαια, τοῦτʼ ἐνδόξους ἐποίησεν αὐτοὺς εἰκότως. ἀλλʼ οὐχ ὁ νῦν πόλεμος τοιαύτην ἔχει τάξιν, ὥστʼ
ἢ διʼ ἀνάγκην ὑμᾶς μετέχειν αὐτοῦ, ἢ διὰ προστασίαν,
ἢ διὰ τοιούτου τινὸς δικαίου λόγον. αὐτὸ γὰρ τοῦτο πρῶτον οὐκ ἔνεστι διακρῖναι ποτέροις δεῖ βοηθεῖν. διὰ τί;
διʼ ἓν μὲν ἐκεῖνο, ὅτι εἰ τὸ πολλοῖς ἡμᾶς συνεπειλῆφθαι
<milestone n="468" unit="Jebb page"/>
πραγμάτων αἴτιον εἶναι δεῖ τοῦ μηδὲ νῦν ἡσυχάσαι, κοινὸν ἀμφοτέροις ἐστὶ τοῦτο. ὥσθʼ οἷς μετὰ τῶν ἑτέρων
ἔσεσθε δικαίως, τούτοις τοὺς ἑτέρους παριδόντες
<pb id="v.1.p.699"></pb>ἁμαρτάνειν δόξετε. ἔπειτα εἰ μὲν δεῖ μνημονεύειν ὧν ἠδικήμεθα
ὑπʼ ἀμφοτέρων, οὐδετέροις προσθετέον· εἰ δʼ ἀφίεμεν
τὴν μέμψιν, οὐ δή που τοῖς μὲν, τοῖς δʼ οὒ, ἀλλʼ ἀμφοτέροις ὁμοίως ἀφήσομεν. τούτων δʼ οὕτως ἐχόντων οὐχ
ἕξομεν οὓς αἱρησόμεθα, ἀμφοῖν ὑπάρχοντος ταὐτοῦ δικαίου. ὅλως δὲ πῶς οὐκ ἔστιν ἄτοπον, οἷς ἂν οὕτω τύχῃ
καὶ βοηθεῖν δεῖ κατὰ τὸν τοῦ μὴ μνησικακεῖν λόγον, τούτοις τοὺς ἑτέρους συναναιρεῖν ἐξεπίτηδες; ὥστε εἰ δεῖ μὲν
βοηθεῖν, τοῦτο δʼ ἀμήχανον ἀμφοτέροις, ὁ τοῦ μὴ δεῖν
ἐγκαλεῖν λόγος εἰς τὸ μέσον κάτεισι, τῷ μήτε τούτοις
βοηθεῖν, ὅτι κἀκείνοις ἔδει, μήτε ἐκείνοις, ὅτι καὶ τούτοις
ὠφείλετο. ὥστε ὅτι οὐ μνησικακητέον, διὰ τοῦτο οὐ βοηθητέον. συμβέβηκε δʼ ἃ μάλιστʼ ἄν τις εὔξατο, Θηβαίους καὶ Λακεδαιμονίους συμπεπτωκέναι καὶ ὑμῖν δεδωκέναι σχολῆς καιρὸν καὶ ἀναπαύσεως, αὐτοὺς δʼ ἀνηνύτῳ
πολέμῳ συνέχεσθαι, θεῶν τινος, ὡς ἐμοὶ δοκεῖ, προστασίᾳ καὶ προνοίᾳ περὶ τῆς ἡμετέρας πόλεως. εἴτε γὰρ δίκην ἐβουλόμεθα λαβεῖν παρʼ αὐτῶν, πραγματείας ἔδει
καὶ κινδύνων, εἴθʼ ἡσυχίαν ἤγομεν, ἀθώους εἶναι κατελείπετο ἐκείνους. νῦν τοίνυν οὕτως ὑπὸ τοῦ δαιμονίου τὸ
πρᾶγμα ἐστρατήγηται, ὥστʼ οἴκοι καθημένοις ὑμῖν ὑπάρχειν αὐτοὺς τιμωρήσασθαι διʼ αὐτῶν. δεῖ δὴ τοιούτῳ καιρῷ
σωφρόνως καὶ πεφυλαγμένως χρήσασθαι, καὶ μὴ ὅπως
ἐκείνων οἱ ἕτεροι τῶν ἑτέρων περιέσονται τοῦτο σκοπεῖν,
ἀλλʼ ὅπως ὑμεῖς μηδʼ ὑφʼ ἑτέρων ἐνοχλῆσθε. καὶ γὰρ
ἄτοπον ἐκείνους μὲν ἑκατέρους τὸ σφίσιν αὐτοῖς λυσιτελοῦν, μὴ τὸ ὑμῖν ζητοῦντας ἀπεσταλκέναι δεῦρο, ὑμᾶς
δὲ τἀκείνων ἔμπροσθεν θεῖναι τῶν ὑμῖν αὐτοῖς συμφερόντων. <pb id="v.1.p.700"></pb></p>

<p>σκέψασθε δὴ πρὸς Διὸς ὁπότεροι βελτίω λέγουσι
καὶ μετριώτερα, οἱ πράγματʼ ἔχειν καὶ τοὺς ἑτέρους ἀμύνεσθαι καὶ ἐν ἐχθρῶν τάξει τοῦτο ποιεῖν κελεύοντες, ἢ ὁ
<milestone n="469" unit="Jebb page"/>
μήτε κινδυνεύειν καὶ ἀμφοτέρους τιμωρήσασθαι καὶ μηδετέροις προσκροῦσαι παραινῶν. καὶ μὴν ἐξιοῦσι μὲν ὑμῖν
οὐκ εὔδηλον ὡς πιστὰ τὰ παρὰ τῶν συμπολεμησάντων
ἀπαντήσειεν, οὖσι δʼ οἴκοι, χωρὶς ἧς ὑμῖν αὐτοῖς παρέξετʼ
ἀσφαλείας, δῆλόν ἐστι σαφῶς ὅτι κἀκεῖνοι χάριν ἕξουσιν
ἀμφότεροι. οὐ γὰρ ὧν οὐ συναγωνιζομένων μὲν ὑμῶν
ἔτυχον ἑκάτεροι μέμψιν ποιήσονται, τοῦτο μὲν γὰρ ἴσασι
τῶν ἀδυνάτων ὂν, ἀλλʼ ὧν οὐχὶ κακῶς ποιούντων αὐτοὺς
ἐπειράθησαν, χάριν ἕξουσιν ἀμφότεροι δικαίως· τοῖς γὰρ
μηδετέρους λυπεῖν ἐγνωκόσι τοῦτʼ ἴσασι καταλειπόμενον
μόνον. πῶς οὖν οὐκ ἄμεινον ἀμφοτέρους ἐπιτρίβοντας καταθέσθαι χάριν ἀμφοτέροις, ἢ τοῖς ἑτέροις προσθεμένους,
μηδετέρους οἰκειώσασθαι, ἀλλὰ τοῖς μὲν πρότερον, τοῖς
δʼ ὕστερον ἐχθροῖς χρήσασθαι; ὅτι γὰρ ταῦτʼ εἰκότως
ὑφορῶμαι ἔδειξαν ἀρτίως περὶ μὲν τῶν Λακεδαιμονίων οἱ
τοῖς Θηβαίοις συναγορεύοντες, περὶ δὲ τῶν Θηβαίων οἱ
τοῖς Λακεδαιμονίοις. δῆλον δὲ καὶ χωρὶς τῶν παρὰ τούτων λόγων ὅτι πάντα τὸν ἔμπροσθεν χρόνον συμπνέοντες
καὶ κοινωνοῦντες ἑκάστων, ὡς οὐδεὶς δῆμος εἷς τῶν αὐτὸς
αὑτοῦ μετέχει πραγμάτων, εἶτα μῦν ἐπʼ ἀλλήλους σὺν
τοσαύτῃ σπουδῇ καὶ ῥώμῃ παρόντες, καὶ φίλους ὑμᾶς
οὓς τότʼ ἠδίκουν ἀξιοῦντες ἔχειν, οὐδὲν περὶ ὑμῶν ἁπλοῦν
οὐδὲ δίκαιον φρονήσουσιν ὕστερον, ἄλλως τε καὶ χρείᾳ <pb id="v.1.p.701"></pb>
νῦν, οὐκ εὐνοίᾳ παραλαβόντες. ἀλλὰ μὴν ὅπου γε νῦν
ἡμᾶς ἐφέδρους εἰδότες, ὅμως πάρεισιν ἐπʼ ἀλλήλους, πῶς
οὐχ ὅταν τοὺς ἑτέρους ἐξέλωμεν, ἐφʼ ἡμᾶς χρὴ νομίζειν
τρέψεσθαι τοὺς περιγενομένους, ἐκεῖνό γʼ εἰδότας ὡς, ἂν
ἡμᾶς κρατήσωσιν, οὐδεὶς αὑτοῖς λοιπὸς ἐναντίος ἔσται;
ἀλλʼ ὦ τᾶν τῇ γε ἄλλῃ δίκαιον παρακινδυνεῦσαι, κἂν εἰς
τοσαύτην ἀγνωμοσύνην ἐμπεσεῖν δέῃ. δεινὸν γὰρ Λακεδαιμονίους περιιδεῖν ἢ Θηβαίους τοσαῦτα καὶ τοιαῦτα
ἀγαθὰ εἰργασμένους ἀνθρώπους τὴν πόλιν. οἶμαι μὲν ὑπὸ
τοῦ πλήθους ἑκατέρων τῶν εὐεργεσιῶν οὐκ ἔχειν νῦν διακρῖναι πότεροι πλείους καὶ μείζους εἰσενηνόχασιν ἡμῖν,
τοῦτο μὲν ἡνίκα ἐνθυμηθῶ ὡς ἄρα οἰκείως καὶ προθύμως
<milestone n="470" unit="Jebb page"/>
ἐνέβαλον ἀμφότεροι καθʼ ἕκαστον ἔτος δεῦρο, τριάκοντα
ἑξῆς ὀλίγου δεῖν ἔτεσι, τοῦτο δὲ ὡς ἡδέως καὶ ῥᾳδίως
Δεκέλειαν ἐπετείχισαν ἡμῖν καὶ εἰς Σικελίαν ἀπήντησαν
καὶ πανταχοῦ πρὶν κληθῆναι παρῆσαν. περὶ μὲν γὰρ τοῦ
Πλαταιέων ὀλέθρου παραχωρήσειν ἀλλήλοις ἀμφοτέρους
οἴομαι. νὴ Δίʼ ἀλλὰ οὐ κακῶς ἠγωνίσαντο ἐπὶ Δηλίῳ Θηβαῖοι. τί δʼ ἐπʼ Ἀμφιπόλει χεῖρον Λακεδαιμονίους ἐρεῖ
τις; τὰς μὲν γὰρ ἄλλας εὐεργεσίας οὐχ οἷός τέ εἰμι ὑπὸ
τοῦ πλήθους ἀκριβῶς καταλέξαι. τοιαῦτʼ ἐστὶ τούτων τὰ
ἀμοιβαῖα, οἷς κέχρηνται πρὸς τὴν πόλιν. ἀλλὰ καὶ τῷ
βασιλεῖ προσέθεντο Θηβαῖοι τὸ παλαιόν. Λακεδαιμόνιοι
δέ γʼ ὕστερον, ὄντων τῶν τροπαίων ἃ σὺν ἡμῖν ἀνέστησαν. ἆρʼ οὐκ εἰκότως ἀπορῶ πότεροι μειζόνων ἀγαθῶν
αἴτιοι τῇ πόλει γεγόνασι; νὴ Δία. ψῆφον γὰρ ἤνεγκαν
Λακεδαιμόνιοι περισῶσαι τὴν πόλιν ἡμῶν· ἔστι ταῦτα. <pb id="v.1.p.702"></pb>
οὐκοῦν καὶ Θηβαῖοι καλούντων αὐτοὺς Λακεδαιμονίων οὐχ
ὑπήκουσαν· ἔστι καὶ ταῦτα. πότερον οὖν δεῖ Λακεδαιμονίοις μὲν χάριν ἡμᾶς ἔχειν, ἐπειδήπερ οὐκ ἀνεῖλον τὴν
πόλιν τὸν αὐτὸν τρόπον ὅνπερ Πλαταιὰς, Θηβαίοις δʼ,
ἐπειδήπερ ἀπεῖπον ἐμβάλλοντες· ἢ Λακεδαιμονίοις μὲν ἀνθʼ
ὧν εἰς τοῦτʼ ἤγαγον ἡμᾶς ὥστʼ ἐπʼ αὐτοῖς γενέσθαι χαλεπαίνειν, Θηβαίοις δʼ, ἐπειδήπερ ἁπασῶν τῶν ἔμπροσθεν
ἐμβολῶν αὐτοῖς ἐκοινώνουν, ἐγκαλεῖν πολὺ μᾶλλον, ἢ ʼκείνοις μὲν ὑπὲρ τοῦ σῶσαι, τούτοις δὲ ὑπὲρ τοῦ μὴ συνεμβαλεῖν ποθʼ ἅπαξ ὀφείλειν χάριν ἡγεῖσθαι;</p>

<p>καὶ μὴν οὔτε Θηβαίοις μᾶλλον δεῖ πικρῶς ἔχειν τὴν
περὶ τῆς ἀναιρέσεως ἐνεγκοῦσιν ἢ Λακεδαιμονίοις τὸ ἔχειν
ἐκείνοις ὅ τι ἂν βούλωνται ψηφίσασθαι περὶ ἡμῶν παραδοῦσιν, οὔτʼ αὖ Λακεδαιμονίοις τοῖς ἐπὶ τὸν Πειραιᾶ
στρατευσαμένοις μᾶλλον ἔχειν ὀργὴν ἢ Θηβαίοις ἀντὶ τῆς
αἰτίας διʼ ἣν ἀπελείφθησαν. ἣν ἄν τις ἀκριβῶς ἡμᾶς ἐᾷ
σκοπεῖν, τῷ μὴ νικῆσαι τὴν ψῆφον αὐτῶν οὖσαν εὑρήσομεν. ἀλλὰ τί ταῦτα ἀκριβολογοῦμαι; εἰ γὰρ τὰ μάλιστά
τις εὐεργεσίας βούλεται ταῦτα νομίζειν, οὐ διαφέρομαι·
ἀλλὰ πῶς ἔγνωκα φράσω πρὸς ὑμᾶς. εἰ μὲν εἴ τι χρηστὸν
<milestone n="471" unit="Jebb page"/>
πεποιήκασι τὴν πόλιν δεῖ σκοπεῖν, οὐκ ἀξιῶ Θηβαίων μὲν
τὰς εὐεργεσίας λέγειν, Λακεδαιμονίων δὲ τὰ ἀδικήματα,
οὐδʼ αὖ τοὐναντίον, ἀλλʼ ἀμφοτέρων ὅσʼ εὖ πεποιήκασι
λέγειν. εἰ δὲ τὴν ἀγνωμοσύνην αὐτῶν ἐξετάζειν δεῖ, μὴ
τὴν μὲν τῶν ἑτέρων ἐπιδεικνύναι, τὴν δὲ τῶν ἑτέρων ἐπικρύπτειν ἐν οἷς εὖ πεποιήκασιν, ἀλλʼ ἐπειδήπερ ἀμφοτέροις
τὰ καὶ τὰ ὑπάρχει, δυοῖν θάτερον, ἢ ὡς εὐεργέτας ὄντας
ἀμφοτέρους μηδετέρους ἀδικῶμεν, ἢ κακόνους ἀμφοτέρους
κρίναντες μηδετέροις βοηθῶμεν. καὶ μὴν εἴ γε ἀμφοτέροις
ἀποδοῦναι δεῖ τὴν ἀξίαν, διʼ ἃ μὲν ἠδικήκασιν ἡμᾶς τὸ <pb id="v.1.p.703"></pb>
μὴ τυχεῖν τῆς βοηθείας, ἀνθʼ ὧν δʼ εὖ πεποιήκασι τὸ
μὴ κακῶς παθεῖν ἑκατέροις ὑπαρχέτω, καὶ οὕτως πρὸς
ἄμφω καλῶς ὑμῖν ἐσκέψεται. ἂν δʼ ἐπὶ τούτους ἢ ʼκείνους
ἀποκλίνητε, οὐδετέροις δικαίως χρήσεσθε, τοὺς μὲν ὄντων
ὧν ἠδικήκασιν εὖ ποιοῦντες, τοὺς δὲ ὄντων ὧν εὐεργετήκασι διαφθείραντες, παρὸν ταμιεύσασθαι τὸ δίκαιον, καὶ
τοσοῦτον τῆς περὶ τοὺς ἑτέρους σπουδῆς ἀφελεῖν, ὅσον
οὐ δεῖ τοὺς ἑτέρους μισοῦντας ὑπερβάλλειν. εἰ δὲ δεῖ καὶ
τοῦτʼ εἰπεῖν, ἡγοῦμαι Θηβαίοις μὲν ἡμᾶς ὧν οὐ συνεισέβαλλον Λακεδαιμονίοις καὶ ὧν Θρασύβουλον ἐδέξαντο
ἀποδεδωκέναι χάριν αὐτάρκη, Λύσανδρον ἀποκτείναντας
καὶ τἄλλα ὅσα σύνιστε συμπράξαντας· Λακεδαιμονίοις δʼ
ἀντὶ τῆς ψήφου νῦν ἀποδοῦναι δεῖν τὴν χάριν, τὸ παρὸν
μετὰ Θηβαίων ἀνελεῖν αὐτοὺς μὴ ποιῆσαι τοῦτο· καὶ τοῖς
μὲν τοσοῦτον ἰσχῦσαι τὴν συμμαχίαν, ὅσον μὴ τοῖς Λακεδαιμονίοις ὑμᾶς προσθέσθαι, Λακεδαιμονίοις δὲ τοσοῦτον τὴν τότε εὐγνωμοσύνην, ὅσον μὴ καὶ νῦν ὑμᾶς
μετὰ Θηβαίων γενέσθαι. ἀνισοῖ δʼ αὐτοὺς κἀκεῖνο, ὅτι
οὔτε Λακεδαιμονίοις εὔλογον βοηθεῖν, ἐπειδήπερ τὰς
πίστεις παρέβησαν, οὔτε Θηβαίοις, ἐπειδήπερ ἔχουσιν
ἰσχυρὰν ἤδη παρʼ αὐτῶν τὴν δίκην. οὔτʼ οὖν ἐκείνοις
συνεπεμβῆναι καλὸν οὔτε τούτους κωλῦσαι δικαίως ἀγανακτοῦντας. ἐξερήσομαι δὲ τοὺς ὑπὲρ ἑκατέρων εἰρηκότας
χωρὶς οὕτως. ἄνδρες, οἳ Λακεδαιμονίοις συνείπατε, τί
σπουδάζετε; βούλεσθε μὴ λαβεῖν τοὺς Θηβαίους τὴν
<milestone n="472" unit="Jebb page"/>συμμαχίαν, μηδὲ παθεῖν μηδὲν ὑφʼ ἡμῶν ἄγνωμον τοὺς <pb id="v.1.p.704"></pb>
Λακεδαιμονίους; ἐγὼ τούτου συνήγορος ὑμῖν. φέρε δὴ
πάλιν· ἄνδρες οἱ Θηβαίοις συνειρηκότες βούλεσθε μηδὲν
ἐμποδὼν γενέσθαι Θηβαίοις, μηδʼ ἐπὶ Λακεδαιμονίους
ἡμᾶς ἀποκλῖναι; σύμψηφος ὑμῖν ἐγώ. καὶ τί κεκράγαμεν
εἰκῆ καὶ φιλονεικοῦμεν, οὕτω κοινοῦ καὶ δικαίου πεφηνότος διαλλακτοῦ; ἀλλʼ οὐκ ἀπόχρη τὸ μέσον τοῦ πολεμεῖν
τούτοις γε· εἰ δὲ μὴ ὑμῖν, ἕτερος λόγος. καὶ μὴν εἰ τριῶν
ὄντων διὰ σπουδῆς ἑκατέροις ὑμῖν, ἑνὸς μὲν τοῦ μὴ κακῶς παθεῖν οὓς ᾕρησθε, ἑτέρου δὲ τοῦ μὴ τοὺς ἐναντίους
εὖ, τρίτου δʼ ὅπως μείζους οὓς προῄρησθε ποιήσετε, τοῦτʼ
ἀφαιρῶν, ἐκείνων ἔχομαι, πῶς οὖν οὐ διπλάσιον κοινωνῶ
τῆς γνώμης ὑμῖν ἢ καθʼ ὅσον διέστηκα; προσθήσω δʼ
ὅτι καὶ κατὰ ταῦτα κοινωνῶ καθʼ ἃ καὶ ὑμεῖς αὐτοὶ βελτίους φήσαιτʼ ἂν εἶναι. πῶς γὰρ οὐ βέλτιον κοινῶς τὸ
τῇ πόλει συμφέρον ζητεῖν ἢ χάριτός τινος ἢ δυσμενείας
ἤδη προσάπτεσθαι; εἶτα ἃ τοῖς ἑτέροις ἐπιτιμᾶτε ἑκάτεροι, ταῦτα αὐτοὶ ποιεῖτε. οὐκ ἐᾶτε λέγειν τὰς εὐεργεσίας,
αὐτοὶ δʼ ὧν ᾕρησθε διέξιτε. ἀπολογεῖσθε ὑπὲρ τῶν ἐγκλημάτων, εἶτα κατηγορεῖτε.</p>

<p>ἐγὼ μὲν οὖν, ὦ Ἀθηναῖοι, πρὸς τῷ μηδὲν ἐναντίον ἐμαυτῷ ποιεῖν καὶ τούτοις σύμψηφός εἰμι· οὗτοι δʼ
ὁμοῦ μὲν αὐτοὶ τοῖς αὑτῶν ἑκάτεροι, ὁμοῦ δὲ τοῖς ἑτέροις
τἀναντία φαίνονται λέγοντες. πρὸς δὲ οὐκ οἶδʼ ὅπως κἀμοὶ τῷ μηδετέροις διαφερομένῳ, καθʼ ὃ γοῦν ὡμογνωμόνηκα, εἶναι δεῖ μέρος. εἰς μὲν γὰρ τὸ βοηθεῖν ἀμφοτέροις <pb id="v.1.p.705"></pb>
κελεύειν οὐκ ἔνεστι δήπουθεν ἐλθεῖν τὴν συνηγορίαν. πῶς
γάρ; εἰς δὲ τὸ μηδετέροις ἐπελθεῖν ὁ τοῦ συνηγόρου λοιπὸν τόπος ἐκπέπτωκε. καὶ γὰρ οὗτοι καὶ αὑτοὺς ἑκάτεροι
τοῖς ἑτέροις συστρατεύεσθαι κωλύουσιν. οὐδὲν οὖν ἄλλο ἐστὶν
οὑμὸς λόγος ἢ ὥσπερ τινὸς ἀντιγραφέως ἀνάγνωσις συντεθεικότος ἑξῆς τὴν ἑκατέρων ῥῆσιν καὶ μίαν ἐκ δυοῖν
πεποιηκότος. ἀλλὰ μὴν τό γε τοῦ βασιλέως, μέμνησθε γὰρ
δή που λεχθὲν ἀρτίως γε, οὐδετέροις ἡμᾶς βοηθεῖν ἐᾷ
μᾶλλον ἤπερ προτρέπει τοῖς ἑτέροις· ὅ τι δʼ ἐστὶν ὅ φημι
<milestone n="473" unit="Jebb page"/>
σαφῶς εἴσεσθε. οὔτε Θηβαίοις ἔνεστι δή που βοηθεῖν
κατὰ τοῦτον τὸν λόγον, ἐπερσίκασι γάρ· οὔτε Λακεδαιμονίοις, ὅτι καὶ αὐτοὶ τὰ τοῦ Πέρσου κακὰ ζηλοῦσι, καὶ
τῆς ἐκείνου πονηρίας καὶ ἀπιστίας κληρονόμους εἶναι
προσῆκον οὐδαμῶς ὑμῖν ἐστιν. οὔτε γὰρ δή που μισεῖν
τὴν Ἑλλάδα φήσαιτʼ ἂν, ὥστε ὡς ἀσθενεστάτην ζητεῖν
ποιεῖν ὥσπερ ἐκεῖνος, οὔτʼ ἀνεκτὸν μεταβαλλομένους φαίνεσθαι. τὸ δʼ ἐπὶ σφῶν αὐτῶν ἐᾶσαι κριθῆναι τοὺς διενηνεγμένους ἀνεπίφθονον, καὶ οὐδʼ ἂν εἷς ὑμῖν νεμεσήσαι.
εἶτα καὶ βασιλεὺς μὲν οὐκ αὐτὸς καταβαίνων, οὐδὲ τῷ <pb id="v.1.p.706"></pb>
σώματι κινδυνεύων, ἀλλʼ ἀπὸ χρημάτων συνετέλει τοῖς
πράγμασι πολλῶν εὐπορῶν, καὶ ὕπαρχον κατέπεμψεν ἂν,
ὄντων οὐκ ὀλίγων αὐτῷ· καὶ ταῦτʼ ἦν ὁ τοῦ βασιλέως
πόλεμος, Φαρνάβαζος, Πισσούθνης, Τισσαφέρνης, ψευδολογία, χρυσίον, τὰ τοιαῦτα. ἡμεῖς δʼ εἰ πρὸς τοὺς ἑτέρους ἐπικλίναιμεν, τοῦθʼ ὃ ἐκεῖνος διὰ τούτων ἐφυλάττετο πεισόμεθα. ὁ μὲν γὰρ ὅπως μὴ διʼ αὑτοῦ ποτε κινδυνεύσῃ προεωρᾶτο, καὶ διὰ τοῦτο πόρρωθεν ἔτριβε τὰ
πράγματα· ἡμεῖς δʼ αὐτῷ τοὐναντίον τοῖς σώμασι καὶ τῇ
χώρᾳ καὶ πάσαις ὡς εἰπεῖν ταῖς ἀφορμαῖς ἀποκινδυνεύσομεν. οὐ γὰρ ἔστι διʼ ἄλλων πολεμεῖν ἡμῖν, οὐδʼ ἄνω
τοῦ πολέμου καθημένοις ἐπαρκεῖν τοῖς πράγμασιν, οὐδʼ
ἐξ ἀκοῆς εἰδέναι περὶ αὐτῶν, οὐδʼ ἐκ περιουσίας, οὐδʼ
ἐν τρυφῆς μέρει μετέχειν τῶν γιγνομένων, μέτρῳ τῇ βουλήσει χρωμένους, ἀλλὰ παρεῖναι δεῖ καὶ συμπονεῖν, καὶ
μηδὲν ἔλαττον τῶν ἐξ ἀρχῆς συμπεπτωκότων κινδυνεύειν,
οὐχ ὕπαρχον ὅταν βουλώμεθα ἀποστεῖλαι. καὶ γὰρ εἰ καὶ
χρήμασιν, ἔστι μὲν οὐδαμοῦ τοσαῦθʼ ἡμῖν ὥστʼ ἐγχωρεῖν
ἀπαλλοτριοῦν εἰς τοσαύτην χρείαν· εἰ δʼ οὖν καὶ τοῦτον
τὸν τρόπον τοῖς ἑτέροις συντελέσαιμεν, οὐκ ἔστʼ εἰπεῖν
Σοῦσα οὐδʼ Ἐκβάτανα εἶναι, οὐδʼ ἀποκρύψαι δεῖν τὴν
θάλατταν ἐτησίαν ὁδὸν βαδίζοντας, ἀλλὰ μιᾶς ἡμέρας <pb id="v.1.p.707"></pb>
καὶ δυοῖν ὁδός ἐστι, τοῖς ἀδικηθεῖσιν ἐμβαλεῖν καὶ ἄγειν
καὶ φέρειν ἡμᾶς, ὥστʼ ἐκ τούτων ἀνάγκην εἰς χεῖρας ἐλθεῖν εἶναι· τοῦτο δʼ ἐστὶ τἀκ τῆς δυσπραξίας πράγματα.</p>

<p>ἐκέλευον δʼ ἂν καὶ αὐτὸς τοῖς Λακεδαιμονίοις
<milestone n="474" unit="Jebb page"/>ἐπικουρεῖν τῷ τὰ τῶν Θηβαίων ὑπεραίρειν, εἰ μὴ ὅσον πλήθει καὶ ἰσχύϊ τούτους περιεῖναι, τοσοῦτον ἐκείνους ἐπεπείσμην ἀνοίσειν ἀσκήσει. εἰ μὲν γὰρ ἐξ ἴσου καθειστήκεσαν, περὶ τῶν Θηβαίων ἔγωγʼ ἂν ἔδεισα ὡς ἀσθενεστέρων,
ἐπεὶ δʼ οἱ Θηβαῖοι καλῶς ποιοῦντες παρεληλύθασιν, ἴσας
ἔχειν λαβὰς τὸν πόλεμον ἡγοῦμαι· ἐνεῖναι γὰρ καὶ παρὰ
Λακεδαιμονίοις καὶ ὑστέροις ὁρμηθεῖσι μεταδιῶξαι. συνέξει δὴ τὸν πόλεμον καὶ ποιήσει τριβὴν τὸ τοὺς μὲν οἷς
κατωρθώκασιν ἐπαιρομένους ἐπὶ πᾶν ἀφικέσθαι ζητεῖν,
τοὺς δʼ αὖ Λακεδαιμονίους ἀρετῇ καὶ φρονήματι κρείττους ἀξιοῦντας εἶναι μηδὲν πλέον ἂν τούτων ὑπομεῖναι
παραδέξασθαι. εἰ δὲ δή τινων ἔργον δεῖ μιμήσασθαι, τὸ
Ἀργείων καλὸν, οἳ παρὰ τὸν πόλεμον τὸν ἡμέτερον καὶ
Λακεδαιμονίων τούτων ἡσυχίαν ἄγοντες καὶ νεότητι καὶ
κατασκευῇ τῆς χώρας καὶ τοῖς πᾶσιν εὐθένησαν, ἕως
συνεφαψάμενοι τῶν πραγμάτων προήκαντο τὴν ὑπάρχουσαν εὐδαιμονίαν καὶ ὁ δῆμος αὐτῶν τότε κατελύθη, καὶ
πάλιν ἄλλʼ ἠκολούθησε κακά. πάντα γὰρ ὡς εἰπεῖν οἱ
πόλεμοι φύουσι, πολιτειῶν καταλύσεις, φιλονεικίας, βλάβας, ἃς οὐδʼ ἂν προΐδοιτό τις παντοδαπὰς, ὧν εἴ τινες <pb id="v.1.p.708"></pb>
ἀνθρώπων καὶ ἡμεῖς ἐμπείρως ἐσχηκότες ἐν φυλακῇ δικαίως ἂν εἴημεν. ἀκούω δὲ καὶ τοὺς προγόνους ἡμῶν τοὺς
ἐπʼ ἐκείνων τῶν καιρῶν ἀποστῆναι Σαλαμῖνος Μεγαρεῦσι
χρόνον ἔστιν ὃν, κἄν τις εἴπῃ κομίζεσθαι, τεθνάναι ψήφισμα ποιήσασθαι. ὅπου δὲ καὶ τῶν οἰκείων παραχωρῆσαι
καὶ προέσθαι ἔσθʼ ὅτε δεῖ καὶ συμφέρει, πῶς ἀλλοτρίων
γε κακῶν ἄξιον <sic>κληρονομῆναι</sic>, καὶ τούτων μὲν ἂν τῶν
νῦν καλούντων ἡμᾶς πικρῶς ἔχειν τοῖς ἐμβάλλουσιν εἰς
τὴν Ἀττικὴν, εἰ τοῦθʼ ὁποτέροις οὖν αὐτῶν ἐπῆλθε ποιῆσαι, αὐτοὺς δʼ εἰς πόλεμον καὶ ταραχὴν ἀκατάστατον
ἡμᾶς αὐτοὺς ἐμβαλεῖν εἰκῆ, καὶ ταῦτʼ εἰδότας ὡς ἄρξασθαι μὲν πολέμου ῥᾴδιον, ἀπαλλαγῆναι δὲ οὐδὲν οὕτω
χαλεπόν; οἱ γὰρ πολλοὶ τῶν ἀνθρώπων αἱροῦνται μὲν
τοὺς κινδύνους αὑτῶν ὄντες κύριοι, φεύγουσι δʼ ἐπʼ ἄλλοις γενόμενοι· τούτων δʼ οὐδέτερον εὖ φρονούντων ἐστίν.
ἡμῖν δὲ συχνὸν μὲν χρόνον ἡ χώρα κεκάκωται, πολὺν δʼ
<milestone n="475" unit="Jebb page"/>
ἤδη τὰ σώματα φθείρεται, χρημάτων δʼ, ἅ ποτʼ εἰς τὴν
ἀκρόπολιν συνηγάγομεν, τοσοῦτος ὄγκος ἐξερρύηκε, δεῖται
δὲ ἡλικίας ἡ πόλις, ἣν ἀνερχομένην ἄρτι μὴ λυμηνώμεθα,
ἀλλʼ ἐν ὅσῳ μισοῦσιν οὗτοι, χαλεπαίνουσιν, ἀλλήλοις
ἐπίασιν, ἀπειλοῦσιν, ἡμεῖς ἀθλοθέται καθώμεθα τοῦ
πολέμου, τὴν πόλιν περιέποντες, συλλέγοντες αὐτῇ χρήματα, ἵππους, τριήρεις, κατασκευάζοντες ὅλως τὰ πράγματα, ὥσπερ οἱ τὰς πεπονηκυίας οἰκίας ἀναλαμβάνοντες. κἂν
ἐμοὶ πεισθῆτε καὶ κατάσχητε ὑμᾶς αὐτοὺς, ἥξουσι καὶ
δεύτερον πρεσβεῖαι καὶ παρὰ τούτων καὶ παρʼ ἐκείνων,
ἥξουσιν, εὖ ἴστε, ὅταν οὕτω πάνθʼ ὑμῖν συντεταγμένα
καὶ καθεστηκότα φαίνηται· οἶμαι δʼ οὐ τούτους μόνους, <pb id="v.1.p.709"></pb>
ἀλλὰ καὶ πολλοὺς ἄλλους σὺν θεοῖς εἰπεῖν πρεσβεύσεσθαι,
τῆς ἡμετέρας φιλίας ἐπιθυμοῦντας, ἐὰν ὑπομείνητε καὶ τῇ
τούτων φιλονεικίᾳ πρὸς τὴν τῆς ἡγεμονίας κατασκευὴν
ἐθελήσητε ἀποχρήσασθαι. οὐ γὰρ ἐκεῖνό γέ τίς φησι δεδιέναι, μὴ συστῶσιν ἀμφότεροι καὶ ἀφέντες ἀλλήλους ἐφʼ
ἡμᾶς τράπωνται, οὐχ ὡς εὐμενῶς ἡμῖν ἢ τούτων ἢ ʼκείνων ἐχόντων λέγω, ἀλλʼ ἐπειδήπερ οὐκ ἔνεστι λόγος τῷ
πράγματι. ἀντὶ τοῦ γὰρ νὴ Δία συστήσονται; ὅτι νὴ Δίʼ
οὐ συνεπεστρατεύσαμεν οὐδετέροις; οὐκοῦν ὅσῳπερ ἂν μᾶλλον ὀργίζωνται, τοσούτῳ μᾶλλον ἀμήχανόν ἐστιν αὐτοῖς
συστῆναι. ὅταν γὰρ ἑκάτεροι τῷ μὴ διʼ ὑμῶν δεδυνῆσθαι
κακῶς ποιῆσαι τοὺς ἐναντίους ἀγανακτῶσιν, πῶς αὐτούς
γε ἀφήσουσιν; ἢ πῶς μετʼ ἀλλήλων ἔσονται, ὅταν ἑκάτεροι τοῖς ἑτέροις συνειδῶσιν ὀργιζομένοις, ἐπειδήπερ οὐκ
ἔσχον ὑμᾶς συμμάχους ἐπʼ αὐτούς;</p>

<p>χωρὶς δὲ τούτων οὐδʼ ἐν τούτῳ σχολῆς εἶεν ἂν νῦν,
ἀλλὰ Θηβαῖοι μὲν ἔγκεινται, νομίζοντες ἕτοιμον εἶναι σφίσι
Λακεδαιμονίους ἀνελεῖν, καὶ οὐδʼ ἂν ἐπὶ τῇ βασιλέως
ἀρχῇ τούτων τῶν ἔργων πρὸς οἷς εἰσι νῦν ἀποσταῖεν·
Λακεδαιμόνιοι δʼ ἥδιστʼ ἂν τεθναῖεν ἅπαντες, εἰ λήψονται δίκην παρὰ Θηβαίων· οὕτω διʼ ὀργῆς αὐτοὺς ἔχουσι.
καὶ θαῦμά γʼ οὐδὲν παρʼ ἀξίαν δοκοῦντας ἡττᾶσθαι
<milestone n="476" unit="Jebb page"/>
χαλεπῶς ὑπὸ τῆς αἰσχύνης διακεῖσθαι. ὡς δʼ εἰπεῖν κεφάλαιον, τὸ πρὸς αὐτοὺς μῖσος αὐτῶν καὶ ὁ παροξυσμὸς
ἐπεσκότησε τῇ πρὸς τὴν πόλιν δυσμενείᾳ, καὶ ὥσπερ
νέφους ὑπελθόντος οὐδὲν τῶν πρὸς ἡμᾶς καθορῶσιν. ἀλλʼ
εἰ νῦν φοβούμεθα αὐτοὺς ἂν μὴ ἀδικῶμεν, πῶς οὐ πολὺ
μᾶλλον φοβησόμεθα εἰκότως μὴ τοῖς ἑτέροις προσθεμένων
ἡμῶν ἅτεροι κρατήσωσι; νῦν μὲν γὰρ οὐδὲν δέος ἐκ τῶν
περιγενομένων, ἐάν τι νεωτερίζωσι. κεκομμένοι γὰρ καὶ τεταλαιπωρηκότες τάχα δὴ τὴν Καδμείαν νίκην νενικηκότες <pb id="v.1.p.710"></pb>
αἰσθήσονται, πρὸς ἡμᾶς ἀκεραίους καὶ καθαροὺς ἐὰν
ἀγωνίζωνται. εἰ δὲ τοῖς ἑτέροις προσθείμεθα, τοῦτο μὲν,
ἂν κρατῆσαι συμβῇ τῶν πραγμάτων, καὶ τῶν κακῶν οὐκ
ἔλαττον εἶναι δεῖ μετεσχηκότας, ὥστε ἐὰν ὕστερον ἀγνωμονῶσιν, ἐξ ἴσου γιγνόμεθα αὐτοῖς, τοῦτο δὲ, ἂν κλίνῃ τὰ
πράγματα, δῆλός ἐσθʼ ὁ κίνδυνος. νῦν μὲν οὖν οἱ νικήσαντες αὐτῶν ἡμῖν νικῶσιν, ἐκείνως δὲ διʼ ἡμῶν, ἂν οὕτως τύχῃ, κρατήσουσιν οἱ ἕτεροι. εἶτʼ οὐδʼ ἄλλως ὅμοια
τοῖς τούτων τὰ ἡμέτερα. Λακεδαιμόνιοι γὰρ ἐσχατιὰν
Πελοποννήσου κατοικοῦντες ἐν σκέπῃ πολλῇ τοῦ πολέμου
καὶ τῶν πραγμάτων εἰσί· Θηβαῖοί τε ὑπὲρ Κιθαιρῶνα
ἀπελήλανται· ἡ δὲ ἡμετέρα πόλις ἐν πόρῳ τοῦ πολέμου
καὶ οὐδεμία οὐδετέροις ἐπὶ τοὺς ἑτέρους ἔξοδος ἔσται, πρὶν
εἰς τὴν ἡμετέραν ἐμβαλεῖν, ταύτην δὴ τὴν πρόχειρον αὖ
φθείρεσθαι. ὅλως δὲ οὐχ ὁρῶ περὶ ὅτου πολεμήσομεν, εἰ
μήτε τούτοις μήτε ἐκείνοις ὑπομενοῦμεν περὶ ἀναιρέσεως,
ἢ καθεδούμεθα ἐν μεταιχμίῳ φειδόμενοι τῶν ἀντιπάλων,
ἐξὸν ὅλως φεύγειν τὸ δοκεῖν ἢ τούτους ἢ ʼκείνους κακοῦν,
μηδὲν πρὸς ὀργὴν ἀποφηναμένους τοῖς πρέσβεσιν, ἀλλʼ
οὑτωσὶ πράως καὶ μετρίως ἀμφοτέροις εἶναι, καὶ εἰ μὲν
ἐπʼ ἄλλους ἐκάλουν, ὑπακοῦσαι ῥᾳδίως ἂν, ἐπʼ ἀλλήλους
δὲ καλούντων οὐκ ἐθέλειν παρεῖναι, οὐ τὸ εὖ ποιῆσαι
τοὺς ἑτέρους φεύγοντες, ἀλλὰ τὸ ὁποτέρους κακῶς. ταῦτα
δὲ κἀμοὶ φαίνεται εὔλογα εἶναι πανταχῆ σκοποῦντι. φοβοῦμαι δὲ, ὦ ἄνδρες Ἀθηναῖοι, μὴ βελτίους ἦτε τὰ τῶν
ἄλλων ἐπανορθοῦν ἢ τὰ ὑμέτερʼ αὐτῶν εὖ τίθεσθαι.</p></body></text>
</TEI>