<?xml version="1.0" encoding="UTF-8"?><TEI xmlns="http://www.tei-c.org/ns/1.0">
  <teiHeader>
    <fileDesc>
      <titleStmt>
	    <title>Orationes 19 </title>
	    <title type="sub">Machine readable text</title>
	    <author>Aristides, Aelius</author>
	    <editor role="editor">Wilhelm Dindorf</editor>
	<sponsor>Perseus Project, Tufts University</sponsor>
<principal>Gregory Crane</principal>
<respStmt>
<resp>Prepared under the supervision of</resp>
<name>Lisa Cerrato</name>
<name>William Merrill</name>
<name>Elli Mylonas</name>
<name>David Smith</name>
</respStmt>
<funder n="org:Google">Google</funder>
	
      </titleStmt><publicationStmt><publisher>Trustees of Tufts University</publisher><pubPlace>Medford, MA</pubPlace><authority>Perseus Project</authority></publicationStmt>
      
	
      <sourceDesc>
		<listBibl>
		  <biblStruct>
		    <analytic></analytic>
		    <monogr>
		      <author>Aristides, Aelius</author>
		      <title>Aristides</title>
		      <respStmt><resp>ex recensione Guilielmi Dindorfii</resp>
			    <name></name>
		      </respStmt>
		      <imprint>
			<pubPlace>Leipzig</pubPlace>
			<publisher>Weidmann</publisher>
			<date>1829</date>
		      </imprint>
		      <biblScope type="volume">1-2</biblScope>
		    </monogr>
		  </biblStruct>
		</listBibl>
      </sourceDesc>
    </fileDesc>
     <encodingDesc>
		<refsDecl>
		<state delim="." unit="text"/>
		refState unit="Jebb page"/>
		</refsDecl>
    </encodingDesc>
     <profileDesc>
      <langUsage>
		<language ident="greek">Greek</language>
      </langUsage>
    </profileDesc>
</teiHeader><text xml:lang="grc"><body><pb id="v.1.p.415"></pb>
<head>Ἐλευσίνιος</head>
<p>
<milestone n="256" unit="Jebb page"/>
ὦ πάλαι ποτὲ ἡδίων ᾁδειν Ἐλευσὶς ἐμοὶ τίς Ὀρφεὺς ἢ
Θάμυρις ἢ ποῖος Ἐλευσίνιος οἰκήτωρ Μουσαῖος ἀρκέσει
τοσούτῳ πράγματι; ποίαις κιθάραις ἢ λύραις τὸ κοινὸν
πτῶμα, τὸ κοινὸν τῆς γῆς, ἀνακλαύσεται; τίνα ταύτην
προὔβαλες ὦ Ζεῦ τὴν ὑπόθεσιν; ἐγὼ μὲν καὶ προσάγων
ἐμαυτὸν τῷ λόγῳ ναρκῶ καὶ ἀναστρέφω καὶ καθʼ ἓν
τοῦτο λέγειν ἀναγκάζομαι, ὅτι σιγᾶν οὐκ ἔχω. τίς γὰρ
Ἑλλήνων ἢ τίς βαρβάρων οὕτω σκαιὸς ἢ ἀνήκοος, ἢ τίς
οὕτω σφόδρα ἔξω τῆς γῆς ἢ θεῶν, ἢ συλλήβδην εἰπεῖν
καλῶν ἀναίσθητος, πλὴν τῶν κάκιστʼ ἀπολουμένων, οἳ
ταῦτʼ ἔδρασαν, ὅστις οὐ κοινόν τι τῆς γῆς τέμενος τὴν
Ἐλευσῖνα ἡγεῖτο, καὶ πάντων ὅσα θεῖα ἀνθρώποις, ταυτὸν φρικωδέστατόν τε καὶ φαιδρότατον; τίνι δʼ ἄλλῳ
χωρίων ἢ μύθων φῆμαι θαυμαστότερα ἐφύμνησαν, ἢ τὰ
δρώμενα μείζω ἔσχε τὴν ἔκπληξιν, ἢ μᾶλλον εἰς ἐφάμιλλον
<milestone n="257" unit="Jebb page"/>
κατέστη ταῖς ἀκοαῖς τὰ ὁρώμενα; ὅσα μὲν δὴ θέας
ἐχόμενα εἶδον γενεαὶ παμπληθεῖς εὐδαιμόνων ἀνδρῶν καὶ <pb id="v.1.p.416"></pb>
γυναικῶν ἐν τοῖς ἀρρήτοις φάσμασιν· ἃ δʼ εἰς τὸ μέσον
ποιηταὶ καὶ λογοποιοὶ καὶ συγγραφεῖς πάντες ὑμνοῦσι,
κόρην τὴν Δήμητρος ἀφανῆ γενέσθαι χρόνον ἔστιν ὃν,
Δήμητρα δʼ ἐπέρχεσθαι γῆν πᾶσαν καὶ θάλατταν ζητοῦσαν τὴν θυγατέρα, τέως μὲν οὖν οὐχ οἵαν τε εἶναι
εὑρεῖν, ἐλθοῦσαν δʼ εἰς Ἐλευσῖνα τήν τε ἐπωνυμίαν
δοῦναι τῷ τόπῳ καὶ τὴν κόρην εὑροῦσαν ποιῆσαι τὰ <pb id="v.1.p.417"></pb>
μυστήρια· καὶ γενέσθαι δὴ τὸν σῖτον παρὰ μὲν ταῖν
θεαῖν τοῖς Ἀθηναίοις, παρὰ δὲ τῶν Ἀθηναίων καὶ Ἕλλησι
καὶ βαρβάροις· —καὶ τούτοις Κελεός τε καὶ Μετάνειρα
καὶ Τριπτόλεμος ἐπιφημίζονται καὶ ἅρματα δὴ δρακόντων
ὑπόπτερα ὑπὲρ πάσης γῆς καὶ θαλάττης φερόμενα· —
μυηθῆναι δὲ ξένων πρώτους Ἡρακλέα καὶ Διοσκούρους,
ἀγῶνά τε γυμνικὸν γενέσθαι πρῶτον Ἐλευσῖνι τῆς Ἀττικῆς,
καὶ τὸ ἆθλον εἶναι τοῦ καρποῦ τοῦ φανθέντος, πειρωμένων τῶν ἀνθρώπων ὅσον εἰς ἰσχὺν ἐκ τῆς ἡμέρου
τροφῆς ἐπέδοσαν· ἀπάγειν δὲ καὶ τοὺς Ἕλληνας ἀπαρχὰς
τῶν καρπῶν ἑκάστοτε Ἀθήναζε ὡς μητροπόλει σφῶν τε
αὐτῶν καὶ τῶν καρπῶν τῶν Ἀθηναίων τῇ πόλει. Εὐμολπίδαι δὲ καὶ Κήρυκες εἰς Ποσειδῶ τε καὶ Ἑρμῆν <pb id="v.1.p.418"></pb>
ἀναφέροντες οἱ μὲν ἱεροφάντας, οἱ δὲ δᾳδούχους παρείχοντο.</p>

<p>καὶ τὰ μὲν εἰς μύθους ἀνήκοντα τοιαῦτα. τὰ δʼ
ὕστερον Ἡρακλειδῶν εἰς Πελοπόννησον κατελθόντων καὶ
χρόνου διαγενομένου Δωριεῖς ἐπʼ Ἀθήνας ἐστράτευον. ὡς
δʼ Ἐλευσῖνι γίγνονται, καταισχυνθέντες, εἴτε καὶ δείσαντες χρὴ λέγειν, ἀπιόντες ᾤχοντο τὴν αὐτήν. ἡ δʼ ἐκείνων
τότε κίνησις Ἰωνίαν οἰκίζει παρʼ ἡμῖν. γενομένου δὲ τοῦ
Μηδικοῦ στόλου καὶ μεγίστων δὴ πραγμάτων καὶ κινδύνων
οὐ μόνον τὴν Ἑλλάδα, ἀλλὰ καὶ πᾶν ὅσον ἔξω τῆς
<milestone n="258" unit="Jebb page"/>Περσικῆς ἀρχῆς ἦν κατασχόντων, πολλὰ μὲν τῶν ἐν τοῖς
Ἕλλησιν ἱερῶν ἐμπίμπραται, καὶ πρός γε ἡ κορυφὴ τῆς
Ἑλλάδος ἡ τῶν Ἀθηναίων πόλις· τῇ δʼ Ἐλευσῖνι τοσοῦτον περιῆν, ὥστʼ οὐκ ἀπόρθητος μόνον ὡς εἰπεῖν διεγένετο, ἀλλὰ καὶ συνιούσης τῆς ναυμαχίας ἐξεφοίτα μὲν ὁ
Ἴακχος συνναυμαχήσων, νέφος δὲ ὁρμηθὲν ἀπʼ Ἐλευσῖνος <pb id="v.1.p.419"></pb>
καὶ ὑψωθὲν ὑπὲρ τῶν νεῶν ἐγκατέσκηψεν εἰς τὰς τῶν
βαρβάρων ναῦς ἅμα τῷ μέλει τῷ μυστικῷ. Ξέρξης δʼ ἐκπλαγεὶς ἔφευγε, καὶ τὰ Μήδων πράγματʼ ἀπώλλυτο. πολέμου δὲ συμβάντος τοῖς Ἕλλησι πρὸς ἀλλήλους πολλοῦ
καὶ πάντων ἄνω καὶ κάτω γενομένων, μόνη δὴ τρόπον
γέ τινα Ἐλευσὶς ἠρέμει· καὶ οὔτε Βοιωτῶν ἵππος οὔτε
Λακεδαιμονίων καὶ Πελοποννησίων εἰσβολαὶ οὐ τοῦ περιβόλου προσήψαντο, οὐ τὸν νεὼν εἶδον ἑτέροις ἢ προσῆκεν
ὀφθαλμοῖς. Σφοδρίου τοίνυν ὕστερον ὁρμηθέντος ἐκ
Θηβῶν ἤρκεσαν αἱ δᾷδες φανεῖσαι κατασβέσαι τὴν τόλμαν.
σπονδαὶ τοίνυν αἱ μὲν ἄλλαι παρηνομήθησαν, καὶ τοῦτο
μὲν Πυθίων ὄντων ἡ Καδμεία κατελήφθη, τοῦτο δʼ εἰς
Ἴσθμια τὴν αὐτὴν θεωρίαν ἦγον μὲν Ἀργεῖοι, ἦγον δὲ
Κορίνθιοι, τοῖς ὅπλοις οἱ ἕτεροι τοὺς ἑτέρους κρατήσαντες. τὴν δʼ ἐπʼ Ἀλφειῷ μάχην σιωπῶ, πλὴν ὅσα καὶ <pb id="v.1.p.420"></pb>
ταύτῃ σύμβολον οὐ φαῦλον ἐπέστη παρὰ τοῦ Διὸς, ἡ
τῶν ἀποστερουμένων τόλμα καὶ νίκη. μόναι δʼ αἱ μυστηριώτιδες σπονδαὶ τοὔνομα ἔσωσαν καὶ μόνοις Ἐλευσινίοις
ὑγίαινεν ἡ Ἑλλάς. καὶ σαφέστατα δὴ πανήγυρις αὕτη
καθάρσιον ἦν καὶ μανιῶν καὶ πάσης ἀτόπου συμφορᾶς.
καὶ τί δεῖ καθʼ ἕκαστα ἐπεξιέναι; ἀλλὰ Φίλιπποι καὶ
Ἀλέξανδροι καὶ Ἀντίπατροι καὶ πᾶς ὁ τῶν κάτω δυναστῶν
οὗτος κατάλογος, μυρία δὴ τῶν ἐν τοῖς Ἕλλησι κινήσαντες, μόνην τὴν Ἐλευσῖνα ὡς ἀληθῶς ἄβατόν τι καὶ
κρεῖττον ἑαυτῶν ἡγήσαντο. καὶ σιωπῶ Κελτοὺς τοὺς τὰ
τελευταῖα ἐπεισκωμάσαντας τῇ Ἑλλάδι, καὶ ὅσα τις τοιαῦτα προσθείη, ἐν ἅπασιν ἀθῶον τὸ ἱερὸν διέφυγε.</p><milestone n="259" unit="Jebb page"/>

<p>μόνον τοίνυν καὶ ὑπόμνημα τῆς παλαιᾶς εὐδαιμονίας ἅμα καὶ σεμνότητος ἐλείπετο τοῦτο τῇ τε πόλει καὶ
τῇ Ἑλλάδι. ναυμαχίαι μὲν γὰρ καὶ πεζομαχίαι καὶ νόμοι
καὶ πολιτεῖαι καὶ φρονήματα καὶ φωναὶ καὶ πάνθʼ ὡς
εἰπεῖν ἐπέλιπεν, ἀντεῖχε δὲ τὰ μυστήρια. πανηγύρεις τοίνυν
αἱ μὲν ἄλλαι διʼ ἔτους πέμπτου καὶ τρίτου πληροῦνται,
μόνη δὲ ἡ τῶν μυστηρίων παντὸς ἔτους ἐνίκησεν εἶναι. <pb id="v.1.p.421"></pb>
τὸ δὲ δὴ μέγιστον καὶ θειότατον, μόνην γὰρ ταύτην
πανηγύρεων εἷς οἶκος συλλαβὼν εἶχε, καὶ ταυτὸν ἦν τῆς
τε πόλεως πλήρωμα καὶ τοῦ Ἐλευσινίου. πλάσματα τοίνυν
καὶ γραφὰς καὶ τὸν κύκλῳ κόσμον τοῦτον τίς ἂν οὐχὶ
καὶ ἐν ταῖς τριόδοις ὁρῶν ἐγανώθη, μή τί γε δὴ ἐν
προσθήκῃ τῶν σεμνοτέρων εἶδεν; ἀλλὰ μὴν τό γε κέρδος
τῆς πανηγύρεως οὐχ ὅσον ἡ παροῦσα εὐθυμία οὐδʼ αἱ
τῶν ἐκ τοῦ πρότερον χρόνου δυσκολιῶν λύσεις καὶ ἀπαλλαγαὶ, ἀλλὰ καὶ περὶ τῆς τελευτῆς ἡδίους ἔχειν τὰς ἐλπίδας ὡς ἄμεινον διάξοντας, καὶ οὐκ ἐν σκότῳ τε καὶ
βορβόρῳ κεισομένους, ἃ δὴ τοὺς ἀμυήτους ἀναμένειν.
ταῦτα μὲν δὴ μέχρι τῆς σχετλίας ἡμέρας· ἃ δὲ νῦν ὁρᾶν
τε καὶ ὑμνεῖν ὁ δαίμων παρέδωκε τίς θρῆνος Ἀργεῖος,
τίνες Αἰγυπτίων ἢ Φρυγῶν ᾠδοὶ συμμετρήσονται; τίς
Ἐλευσίνιος Αἰσχύλος πρὸς χορὸν ᾁσεται; ποίας Ναυπλίου
πάγας ὑποπύρους, ὡς ἔφη Σοφοκλῆς, ἄξιον τῇ πυρκαϊᾷ
ταύτῃ παραβαλεῖν; ὦ δᾷδες, ὑφʼ οἵων ἀνδρῶν ἀπέσβητε. <pb id="v.1.p.422"></pb>
ὦ δεινὴ καὶ ἀφεγγὴς ἡμέρα, ἣ τὰς φωσφόρους νύκτας
ἐξεῖλες. ὦ πῦρ οἷον ὤφθης Ἐλευσῖνι, οἷον ἀνθʼ οἵου.
ὦ νεφέλη καὶ σκοτόμαινα, ἣ νῦν ἐπέχεις τὴν Ἑλλάδα. ὦ
Δήμητερ, ἣ πάλαι μὲν αὐτόθι τὴν κόρην εὗρες, νῦν δέ
σοι ζητεῖν ὁ νεὼς λείπεται. καὶ δὴ προσάγει μὲν, ὦ γῆ
καὶ θεοὶ, τὰ μυστήρια. Βοηδρομιὼν δὲ οὗτος ἑτέρας τὰ
νῦν δεῖται βοῆς, οὐχ οἵας ὅτε Ἴων Ἀθήναζε ἐβοήθησεν.
ὦ πρόρρησις, ὦ τῶν ἱερῶν ἡμερῶν καὶ νυκτῶν κατάλογος,
<milestone n="260" unit="Jebb page"/>
εἰς οἵαν ἡμέραν ἐτελευτήσατε. ποτέροις καὶ ἄξιον στενάξαι
μεῖζον; πότερον τοῖς ἀμυήτοις, ἢ τοῖς μεμυημένοις; οἱ <pb id="v.1.p.423"></pb>
μὲν γὰρ ὧν εἶδον, οἱ δʼ ὧν εἶχον ἰδεῖν τὰ κάλλιστα
ἀπεστέρηνται. ὦ κακῶς ἐξορχησάμενοι τὰ μυστήρια. ὦ τὰ
ἄφαντα φήναντες, κοινοὶ τῶν ὑπὸ γῆς καὶ ὑπὲρ γῆς θεῶν
πολέμιοι. ὦ πάλαι τε δὴ καὶ νῦν ὡς ἀληθῶς παῖδες
Ἕλληνες, οἳ τοσούτου κακοῦ προσιόντος περιείδετε. οὐκ ὦ
θαυμάσιοι νῦν γέ τι ἐν ὑμῶν αὐτῶν ἔσεσθε; οὐ τάς γε
Ἀθήνας αὐτὰς περισώσετε;</p></body></text>
</TEI>