<?xml version="1.0" encoding="UTF-8"?><TEI xmlns="http://www.tei-c.org/ns/1.0">
  <teiHeader>
    <fileDesc>
      <titleStmt>
	    <title>Orationes 36 </title>
	    <title type="sub">Machine readable text</title>
	    <author>Aristides, Aelius</author>
	    <editor role="editor">Wilhelm Dindorf</editor>
	<sponsor>Perseus Project, Tufts University</sponsor>
<principal>Gregory Crane</principal>
<respStmt>
<resp>Prepared under the supervision of</resp>
<name>Lisa Cerrato</name>
<name>William Merrill</name>
<name>Elli Mylonas</name>
<name>David Smith</name>
</respStmt>
<funder n="org:Google">Google</funder>
	
      </titleStmt><publicationStmt><publisher>Trustees of Tufts University</publisher><pubPlace>Medford, MA</pubPlace><authority>Perseus Project</authority></publicationStmt>
      
	
      <sourceDesc>
		<listBibl>
		  <biblStruct>
		    <analytic></analytic>
		    <monogr>
		      <author>Aristides, Aelius</author>
		      <title>Aristides</title>
		      <respStmt><resp>ex recensione Guilielmi Dindorfii</resp>
			    <name></name>
		      </respStmt>
		      <imprint>
			<pubPlace>Leipzig</pubPlace>
			<publisher>Weidmann</publisher>
			<date>1829</date>
		      </imprint>
		      <biblScope type="volume">1-2</biblScope>
		    </monogr>
		  </biblStruct>
		</listBibl>
      </sourceDesc>
    </fileDesc>
     <encodingDesc>
		<refsDecl>
		<state delim="." unit="text"/>
		refState unit="Jebb page"/>
		</refsDecl>
    </encodingDesc>
     <profileDesc>
      <langUsage>
		<language ident="greek">Greek</language>
      </langUsage>
    </profileDesc>
</teiHeader><text xml:lang="grc"><body><pb id="v.1.p.684"></pb>
<head>Λευκτρικὸς δ?(ὑπὲρ Θηβαίων δεύτερος)</head>
<p>
<milestone n="457" unit="Jebb page"/>
εἰκότως, ὦ Ἀθηναῖοι, πολλῶν λόγων ἐδέησε τοῖς ὑπὲρ
τῶν Λακεδαιμονίων λέγουσιν, οὐ γὰρ ἦν ἄρα ἁπλᾶ ὥσπερ
τὰ Θηβαίων, ἀλλʼ ἐδεῖτό τινος κομψοτέρου μοι δοκεῖν
ῥήτορος. ἐγὼ δʼ εἰμὶ μὲν, ὦ Ἀθηναῖοι, τῶν οὐ πρότερον φίλους Θηβαίους ἤπερ ὑμεῖς ἅπαντες κρινάντων, ὁρῶ δὲ τοῖς
μὲν Λακεδαιμονίοις ἐνυπάρχον εἰς τὴν βοήθειαν τὸ μὴ δεῖν
μνησικακεῖν, τοῖς δὲ Θηβαίοις αὐτό τε τοῦτο καὶ τὸ ὧν
εὖ πεπόνθαμεν δεῖν μεμνῆσθαι. ὥστʼ εἰ πεπαῦσθαι δεῖ
μισοῦντας, πάλαι πεπαύμεθα Θηβαίους· καὶ εἰ Λακεδαιμονίοις ἰσχυρὸν τὸ μηκέθʼ ὑμᾶς κακῶς ποιεῖν δύνασθαι,
πολὺ Θηβαίοις ἰσχυρότερον τὸ βουλομένους εὖ ποιεῖν ἐκ
πολλοῦ πεφηνέναι. ἐκείνους μὲν οὖν μηκέτʼ ἐχθροὺς νομίζειν παραινοῦσιν οὗτοι, τούτους δʼ ὁρῶ φίλους ὑπάρχοντας πρὶν καὶ καλεῖν ἡμᾶς. εἰ δὲ τοσοῦτον δύναται τὸ
τὴν ἔχθραν καταθέσθαι, ὥστʼ εὐθὺς συμμάχους ἔχειν
ὑμᾶς, τό γε ἐσχηκέναι πρότερον τοὺς ἑτέρους, ὃ νῦν οὗτοι σπουδάζουσι, ποῦ θήσομεν; καὶ οὐκ ὀφείλειν, ὦ Ἀθηναῖοι, χάριν ὑμᾶς Θηβαίοις τε καὶ Ἀργείοις καταλέγω,
πολὺ γὰρ μᾶλλον ὑμῖν Θηβαίους ὀφείλειν νομίζω, ἀλλὰ
τοῖς ὑπηργμένοις ὑμῖν πρὸς ἀλλήλους ἀκόλουθα ταῦτʼ
εἶναί φημι καὶ προσήκοντα. θαυμάζω δʼ εἴ τις τὸ μὲν
φίλους καὶ συμμάχους ἡμῖν εἶναι Θηβαίους φοβεῖται νομίζων ἰσχυροὺς εἶναι, τὸ δʼ ἐχθροὺς καὶ πολεμίους
<pb id="v.1.p.685"></pb>
<milestone n="458" unit="Jebb page"/>καταστῆναι συμφέρον κρίνει, καὶ Λακεδαιμονίοις μὲν πολεμοῦντας δέδοικεν αὐτοὺς, ἐφʼ ὑμᾶς δʼ ὅπως ἥξουσι διαπράττεται, καὶ φυλάττεσθαι μὲν κελεύει μή ποθʼ ὕστερον
ὑμῖν πολεμήσωσιν, ἤδη δὲ εἰς τοῦτο καταστῆναι προτρέπει, καὶ Λακεδαιμονίοις μὲν κελεύει θαρρεῖν κοινωνοῖς ἐπὶ
Θηβαίους, ὧν ἐλάττους αὐτούς φησιν εἶναι, Θηβαίοις δʼ
ἐπὶ τούτους οὐκ ἐᾷ θαρρεῖν, ὥσπερ τὰς τῶν ἀσθενεστάτων συμμαχίας μάλιστʼ ὠφελούσας, ἀλλʼ οὐ τὰς τῶν οἵους
εἶναι Θηβαίους φασὶν οὗτοι. ἐρωτῶσι δὲ τίς ἐγγυητής ἐστι
τοῦ Θηβαίους ἐφʼ ἑαυτῶν μένειν, ὥσπερ οὐκ ἐξὸν ἡμᾶς
ἀντερωτῆσαι τίς δʼ ἐγγυητής ἐστι τοῦ Λακεδαιμονίους ἐφʼ
αὑτῶν μένειν, ἄνπερ τοῦτον τὸν πόλεμον διαθῶνται.</p>

<p>καὶ μὴν τὸ μέλλον μὲν ἄδηλον, ᾧ πολλῷ χρῶνται
κατὰ τῶν Θηβαίων, εἰ δὲ δεῖ τὸ προχείρως βλασφημεῖν
καὶ φιλονεικεῖν ἀφιέντας αὐτὰ τἀληθῆ σκοπεῖν, πολὺ
πλείων πίστις ἐστὶ Θηβαίοις ἢ Λακεδαιμονίοις· καὶ τούτου μάρτυρας ὑμῖν αὐτοὺς τοὺς ἀντιλέγοντας παρέξομαι.
εἰ γάρ τις αὐτοὺς ἔροιτο, εἰπέ μοι, καλῶς ἐποίησαν Λακεδαιμόνιοι τὴν Καδμείαν καταλαβόντες, εἰ φυλάττουσι τὸ
ἀρτίως σχῆμα τὸ πλαστόν; οὐ καλῶς, ἐροῦσι δή που.
διὰ τί, εἴ τις αὐτοὺς ἐπανέροιτο, παρεσπόνδησαν, φήσουσι.
τί γὰρ ἄλλο; οἷς τοίνυν οὐκ ἂν ἔξαρνοι γένοιντο ὑπὲρ
αὑτῶν ὡς οὐκ ἠδικήκασι, τούτοις ἥν φημι μαρτυρίαν
παρέχονται. ἴστε γὰρ δή που τοῦθʼ ὅτι ἐν εἰρήνῃ καὶ
σπονδαῖς μάλιστα οἱ τὰ δίκαια ποιεῖν βουλόμενοι κρίνονται· ἐν γὰρ τοῖς πολέμοις οὐχ ὁ τρόπος κύριος, ἀλλʼ ὅσʼ
ἂν ἡ τύχη δῷ καὶ ὁ καιρὸς, ταῦθʼ ἕκαστοι μεταλαμβάνουσιν. ὁπότʼ οὖν ὅτʼ ἦσαν ἀμφότεροι κύριοι γνώμης,
Θηβαῖοι μὲν τὰ αὑτῶν πράττειν οἰόμενοι δεῖν ἐφάνησαν,
Λακεδαιμόνιοι δʼ ἐπιόντες καὶ πλεονεκτοῦντες, πῶς οὐ τῷ <pb id="v.1.p.686"></pb>
παντὶ δεῖ νομίζειν πιστοτέρους Θηβαίους, καὶ τὸν φόβον
τοῦτον ἐπὶ τοὺς Λακεδαιμονίους μεταθεῖναι, μή ποτε εὐπορήσαντες δυνάμεως ταυτὸν καὶ πρὸς ἡμᾶς πράξωσι;
καὶ γὰρ οὐδὲ ἐκείνῳ ἔγωγʼ ἂν πεισθείην, ὡς διὰ Βοιωτίας
μὲν διεξιόντες τότʼ εἰσῆλθον εἰς Θηβαίους τῷ καιρῷ χρησάμενοι, ὑμῶν δʼ εἰ τὸν αὐτὸν τοῦτον ἔσχον, ἀπέσχοντʼ
<milestone n="459" unit="Jebb page"/>
ἂν ἑκόντες, οἳ μετὰ τῶν Θηβαίων ἐναντία αὐτοῖς πεπολεμηκότες ἦτε. ὥσπερ τοίνυν, εἰ τῷ ὄντι τοῦθʼ ὑμῖν
συνέβη, δικαίως ἂν αὐτοὺς φυλάττεσθαι δεῖν ᾤεσθε τὸ
λοιπὸν, οὕτως ἐπειδὴ συμβὰν ἂν, εἰ καιρὸς ὑπῆρξε, φαίνεται, μηδὲν ἧττον φυλάττεσθε. ὧν τε γὰρ τοῖς Θηβαίοις
ἀπεμνημονεύκασι κεκοινωνήκατε δή που καὶ ἡ ἐξ ἀρχῆς
οἰκεία διαφορὰ πρόσεστιν. ὥσθʼ ὅσῳπερ ἂν τοῖς Θηβαίοις πικρῶς ἔχωσι, διπλάσιον χρὴ δοκεῖν ὑμῖν ὃ νῦν
διὰ τὴν χρείαν ἐπικρύπτονται. ἔτι τοίνυν Θηβαίους μὲν
οὐδεπώποτε τῆς ἡγεμονίας ἴσασι τυχόντας, οὐδὲ παρʼ ἑκόντων τῶν Ἑλλήνων, ὑμᾶς δὲ πολλοῖς ἔτεσι μείναντας ἐπʼ
αὐτῆς, τὸ μὲν πρῶτον εὐνοίᾳ λαβόντας, τὸ πλέον δʼ ὕστερον δυνάμει κατασχόντας· λέγουσι δʼ ἀεὶ πάτριον εἶναι
σφίσιν ἡγεῖσθαι τῶν Ἑλλήνων, καὶ τοῦτο μὲν ἐν τῷ πρὸς
τὸν Πέρσην πολέμῳ κατʼ ἀμφότερα ἡγοῦντο, τοῦτο δʼ
ἡνίκα τὴν ἡμετέραν ἀρχὴν κατέλυσαν. ταῦτʼ οὖν οὐ πάσης
ἀδείας ἐστὶ μεστὰ, οὐδʼ ὅσην οἴεταί τις εὐμάρειαν ἔχει.
Θηβαῖοι δὲ κἂν αὐτοί μοι σύμβουλοι γενέσθαι δοκοῦσιν
ὡς οὐ χρὴ τῶν ἡμετέρων οὐδὲν παρασπᾶν, οὐδʼ ἐμβαίνειν
εἰς τὴν θάλατταν, ἣ πᾶσι μᾶλλον ἢ ʼκείνοις προσήκει. ἃ
γὰρ μὴ συνίσασιν αὑτοῖς ποτε σχοῦσι, ταῦτʼ οὐδὲ ζητεῖν
ἀξιώσουσι· Λακεδαιμονίοις δʼ ἐπεξιόντες καὶ τἀκείνων <pb id="v.1.p.687"></pb>
καθαιροῦντες οὐκ ἀξιώσουσιν οὐδένα αὐτοῖς νεμεσᾶν. εἰ
φαίνονται τοίνυν ἐκ τούτων Θηβαῖοι μὲν Λακεδαιμονίοις,
οὐχ ὑμῖν, κακόνοι, Λακεδαιμόνιοι δʼ ὑμῖν πολὺ μᾶλλον
ἢ Θηβαίοις, πῶς οὐ κατʼ ἀμφότερα τὰ Θηβαίων αἱρετώτερα; αὐτὸ γὰρ τοῦτο τὸ τοὺς ὑμετέρους ἐχθροὺς μισοῦντας ὑπάρχειν αὐτοὺς πῶς οὐ σφόδρα ὑπὲρ ὑμῶν ἐστιν,
ἄνευ τοῦ μηδὲν ὑπολείπεσθαι πρὸς ὑμᾶς πρᾶγμʼ αὐτοῖς;</p>

<p>ἔστι τοίνυν καὶ παρʼ αὐτῆς τῆς πρεσβείας μαρτυρία
τις ὑπάρχουσα. νυνὶ γὰρ Λακεδαιμονίους μὲν ἡ συμφορὰ
δεῦρʼ ἦχε καὶ ὁ καιρὸς, ὃ πίστεως οὐδεμιᾶς ἐστι δεῖγμα
οὐδὲ τοῦ φιλανθρώπως ἔχειν ὑμῖν, Θηβαῖοι δὲ νενικηκότες
ἥκουσι καὶ παρακαλοῦσι μετέχειν ὑμᾶς ὧν ηὐτυχήκασιν·
<milestone n="460" unit="Jebb page"/>
οὗ τί γένοιτʼ ἂν μεῖζον σύμβολον τοῦ πιστῶς ἔχειν ὑμῖν;
ἆρʼ οὐκ ἐξ ἁπάντων ἀδεέστερα καὶ ἀδολώτερα φαίνεται;
εἰ δὲ δεῖ πρὸς ἀναιδῆ διαβολὴν εὐγνωμοσύνης ὑπερβολῇ
χρήσασθαι, τὸ μὲν μέλλον ἀφῶμεν· πολλὰ γὰρ ἐν τῷ
παντὶ χρόνῳ γένοιτʼ ἂν ἃ καὶ προειδέναι ἀμήχανον καὶ
προπιστεύειν οὐκ ἔνεστιν· ἐκ δὲ τῶν ἤδη γεγενημένων καὶ
περὶ ὧν οὐδεμία τίς ἐστιν ἀμφισβήτησις, Θηβαίους αἱρούμενοι τὰ δίκαια ποιήσοντες ἐσμὲν δῆλοι, τοῦτο μὲν ἀνθʼ
ὧν ὑπῆρξαν εἰς ὑμᾶς εὐεργεσιῶν, τοῦτο δὲ ἀνθʼ ὧν διὰ
ταῦτα καὶ πρότερον αὐτοὺς προσηκάμεθα, τοῦτο δὲ ἀνθʼ
ὧν Λακεδαιμόνιοι καὶ ἡμῖν ἀμέτρως κἀκείνοις ἀδίκως
κέχρηνται. εἰ δʼ ὑπὲρ μὲν τοῦ μέλλοντος οὐκ ἐνέσται
διισχυρίσασθαι, τὰ παρελθόντα δὲ ἀφʼ ὧν τὸ δίκαιον
κρίνεται σιωπᾶν ἡμῖν προστάξουσιν οἱ μέχρι τοσούτου
φιλοῦντες Λακεδαιμονίους, ὅσον τοῦ Θηβαίους μισεῖν <pb id="v.1.p.688"></pb>
ἀφελεῖν ἦν ἄξιον, ἄλλο τι λοιπὸν ἢ νεύματι τὴν βοήθειαν
δεήσει δεικνύναι; οὐ γὰρ εἰπεῖν γε δήπουθεν οὐδὲν ἐξέσται.
καὶ τίς ἂν ταύτης τῆς ἀλογίας ἀνάσχοιτο; ἄξιον δʼ ἐτάσαι τὴν Λακεδαιμονίων δεινότητα καὶ τὸν τρόπον ὅντινα
ἀεὶ χρῶνται τοῖς πράγμασιν. οὗτοι πολεμήσαντες ἡμῖν πολέμους δύο, τόν τε Δεκελεικὸν τὸν πρότερον καὶ τὸν ὕστερον τουτονὶ τὸν Κορινθιακὸν, πῶς ἐχρήσαντο ἀμφοτέροις;
ἐπʼ ἐκεῖνόν τε βασιλέα σύμμαχον ἐκάλεσαν, διʼ οὗ μάλιστα ἡγοῦντο ἡμᾶς καταλύσειν, καὶ τοῦτον διὰ τοῦ αὐτοῦ τούτου κατέθεντο πέμψαντες Ἀνταλκίδην, ὃς ἐξέδωκε
τοὺς Ἕλληνας αὐτῷ, μισθὸν τῆς εἰρήνης, καὶ ταύτην τελευτὴν ἀμφοτέροις ἐπέθηκαν. εἶτα Λακεδαιμονίους μὲν
οὐδὲν κωλύσει διʼ ὅτου ποτʼ ἂν οἴωνται τρόπου πλέον
ἕξειν, τούτῳ χρῆσθαι, ἡμεῖς δʼ εἴ τινας τῶν ὑπαρχόντων
ἰσχυροὺς ἡ τύχη πεποίηκε, τούτους ἐγκαταλείψομεν; καὶ
μὴν οὐ τηλικοῦτόν ἐστι τὸ Ἀθηναίους Θηβαίοις προσθέσθαι κατὰ Λακεδαιμονίων, ἡλίκον τὸ Λακεδαιμονίους τῷ
Πέρσῃ προσθεμένους ἐκδοῦναι τοὺς Ἕλληνας. ἢ ὅμοιον
Ἴωνας καὶ Αἰολέας καὶ Δωριέας προέσθαι διαπραττομένους
αὐτούς τι καὶ μηδένας ἀνθρώπων προδιδόντας τοῖς
<milestone n="461" unit="Jebb page"/>ἀστυγείτοσι καὶ συμμάχοις τὰ δίκαια φυλάξαι; ἢ δέδιμεν μή τινʼ
ἔχωμεν ἰσχυρὸν σύμμαχον; καὶ τί γένοιτʼ ἂν αἴσχιον ἢ εἴ
τις ἀκούσειεν ὅτι Ἀθηναῖοι βούλονται μηδένα τῶν αὐτῶν
συμμάχων εὐτυχεῖν; καὶ μὴν εἰ τοὺς ἔχοντας δύναμιν <pb id="v.1.p.689"></pb>
φευξόμεθα, τίνας εὐξόμεθʼ ὑμῖν ὑπάρχειν; ἡμεῖς Κερκυραίους ποτʼ ἐδεξάμεθα ἐκσπόνδους ὄντας, συμφέρειν κρίναντες δηλονότι προκαταλαβεῖν αὐτοὺς, ἐπειδήπερ ἴσχυον,
καὶ νῦν εὖ οἶδʼ ὅτι, εἰ τοῖς Θηβαίοις μηδὲν ὑπῆρχε κοινὸν πρὸς τὴν πόλιν, ἄλλως δʼ ἔχοντες δύναμιν ἑωρῶντο,
πάντες ἂν ἔφασκον περὶ πλείστου ποιεῖσθαι οἰκειώσασθαι
τοὺς ἄνδρας καὶ ἐφʼ ἡμᾶς ἀγαγεῖν καὶ διʼ ἡμῶν ποιήσασθαι. νῦν τοίνυν ἥκουσιν αὐτόματοι, καὶ τοῦτό εἰσι
πεπεισμένοι συνεζεῦχθαι τῇ πόλει καὶ μὴ ἀποστατεῖν, ἄν
τις αὐτοὺς δέχηται. καίτοι φρουρὰν μὲν ἤδη τινὲς ἐγκαταστᾶσαν ἐξέβαλον καὶ ὑποκύψαντες βίᾳ κατέδραμον, καὶ
πάνθʼ ὡς εἰπεῖν ὅσʼ ἂν ἐκ προσαγωγῆς πραχθῇ ῥᾳδίως
ἐπὶ καιροῦ λύεται· εὔνοια δʼ ἑκούσιος, μέχρι ἂν τῶν δικαίων τυγχάνῃ, διαρκέστατόν ἐστι.</p>

<p>σκοπῶ δὲ κἀκεῖνο, εἰ μὴ ἐποιήσαντο τὴν εἰρήνην
οἱ Λακεδαιμόνιοι ταύτην δὴ τὴν καλὴν, ἆρʼ ἄλλο τι ἢ
πολεμοῦντες ἂν διετελοῦμεν πρὸς αὐτοὺς μέχρι νῦν, ἡμεῖς
τε καὶ οἱ Θηβαῖοι, συνεστηκότες ὡς συνεστήκειμεν. εὔδηλον
τοῦτʼ ἔστιν. εἰ τοίνυν μηδὲν ἐπεξαμαρτόντες πολεμίοις ἂν
ἐχρῶνθʼ ἡμῖν, πῶς οὐ νῦν τοῖς αὐτοῖς χρήσονται δικαίως,
ὅτε καὶ τοῦτʼ αὐτὸ προσηδικήκασι, τὸ τοιαύτην εἰρήνην
συνθέσθαι; εἰ δὲ δὴ καὶ μὴ συντέθεινται μόνον, ἀλλὰ
καὶ παραβεβήκασιν αὐτὴν ταύτην, πῶς οὐκέτι μᾶλλον ἐπʼ
αὐτοὺς βοηθητέον; οὐ γὰρ λύει τὴν ἐκείνων κατηγορίαν
ἡ μὴ Θηβαίων δύναμις νῦν· οὐ γὰρ διὰ τοῦτο ἐπῆλθον <pb id="v.1.p.690"></pb>
αὐτοῖς, ἵνʼ ἰσχυροὺς ποιήσωσιν, οὐδʼ ἵνα ταῦθʼ ἃ νῦν
πάθωσιν ὑπʼ αὐτῶν—καὶ γὰρ ἂν ἐμεμήνεσαν, εἰ ταῦτʼ
ἐσπούδαζον—ἀλλʼ οἶμαι ταῦτα μὲν τύχῃ γέγονε, τὸ δʼ
ἐκείνων βούλευμα ἕτερον ἦν· ἡ δὲ τοῦ δικαίου τάξις, ἐάν
τε ἀσθενὴς ἐάν τε ἰσχυρὸς ὁ ἐπιβουλευθεὶς ᾖ, τὸν αὐτὸν
ἔχει λόγον. μάθοιτε δʼ ἂν μάλιστα εἰ σκέψαισθε ἐκείνως.
εἰ μὴ ἐπὶ τοὺς Θηβαίους, ἀλλʼ ἐφʼ ὑμᾶς ἦλθον καὶ
<milestone n="462" unit="Jebb page"/>κατέλαβον τὴν ἀκρόπολιν, πῶς ἂν ἠξιοῦτε; συναλγεῖν ἡμῖν
τούτους, ἢ ἐφήδεσθαι, ἢ τί φρονεῖν; ἃ γὰρ παρὰ τούτων
τότʼ ἂν δικαίως ἀπῃτήσατε, ταῦθʼ ὑμᾶς τούτοις ἔδει νῦν
εἰσενεγκεῖν, ἐπειδήπερ προενέπεσον τῇ τούτων πλεονεξίᾳ
βούλομαι δὲ πυθέσθαι παρὰ τῶν κατοδυρομένων τοὺς
Λακεδαιμονίους, πότερον ὑπὲρ τῆς σωτηρίας αὐτῶν σπουδάζουσιν, ἢ ὑπὲρ τῆς ἡγεμονίας. εἰ μὲν γὰρ ὑπὲρ τῆς
ἡγεμονίας, οὐκ ᾤμην ἔγωγε δεῖν τοῦτο φροντίζειν, ὅπως
Λακεδαιμόνιοι δυναστεύσωσιν, εἰ δὲ ὑπὲρ τῆς σωτηρίας,
τί ἐπείγονται; ἔνεστι γὰρ καὶ Λακεδαιμονίους καταπολεμηθῆναι καὶ τὴν Σπάρτην εἶναι, τοῦτο δὴ τὸ αἰδέσιμον
αὐτοῖς· εἰ μὴ τοῦτο λέγουσιν ὡς, ἐὰν μὴ ἄρχωσι τῶν
Ἑλλήνων μηδʼ ἅπερ βούλονται δύνωνται ποιεῖν, οὐδὲ τῆς
σωτηρίας προσδέονται, ἀλλʼ ἀπολέσθαι μᾶλλον αἱροῦνται.
εἰ δʼ οὕτως ἔχουσιν, οὐ σφόδρα εἰσὶ ταπεινοί· ἐπεὶ καὶ
Θηβαίους ἔγωγε νομίζω σφόδρα ἂν ἀσμένως ὑμῖν ὑπακοῦσαι πρὸ αὐτῶν, ἐὰν κατειργασμένοι τὸν πόλεμον περισῶσαι τὴν πόλιν βούλησθε. ὅταν γὰρ αὐτὸ τοῦτο διʼ ὑμῶν
ἴδωσιν αὑτοῖς γεγονὸς, τὸ ἔχειν ὅ τι ἂν βούλωνται χρήσασθαι Λακεδαιμονίοις, πῶς οὐχ ὅ τι ἂν ὑμεῖς κελεύητε <pb id="v.1.p.691"></pb>
αἱρήσονται, ἢ τίνα καὶ φήσουσιν ὑμῖν ἀποδώσειν χάριν
τῆς συμμαχίας καὶ τῶν ἔργων, εἰ τὴν διὰ τῆς ψήφου μὴ
ἀντιδώσουσι; τί δʼ ἂν φθάσωσιν ἀναιρεθέντες οἱ Λακεδαιμόνιοι; καὶ πῶς τοῦτο γένοιτʼ ἄν; εἰ πάντες νὴ Δία
παρατάξαιντο. ἀλλὰ μάλιστα μὲν οὐδέποτʼ ἂν τοῦτο γένοιτο. οὐ γὰρ ἂν δή που τούς γε παῖδας καὶ τὰς γυναῖκας μεθʼ αὑτῶν ἐξαγάγοιεν. ἔπειτʼ ἔγωγε ἀντερήσομαι, τί
οὖν ἂν οἱ Θηβαῖοι πανδημεὶ πταίσωσι, συνεστηκότων
ἡμῶν τοῖς Λακεδαιμονίοις; οὐχ ὑπερβεβηκότες τὸν ὅρον
τῆς βοηθείας ἐσόμεθα; πότερον οὖν ἀναιρήσομεν αὐτούς;
καὶ πῶς ἀνεκτόν; ἀλλὰ πάλιν μετʼ αὐτῶν ἐσόμεθα; καὶ
τί ἔσται πέρας, ἄν γε πάλιν τοὺς Λακεδαιμονίους μειζόνως ἀμυνώμεθα; οὐ γὰρ δὴ τρυτάνην γε εἰς τὸν πόλεμον
κομίσαντες ἐπὶ ταύτης τὰ πράγματα στήσομεν, ἀλλὰ δεῖ
τάξιν ἐξ ἀρχῆς ἑλομένους ἀντέχεσθαι τῆς ῥοπῆς, καὶ μὴ
τὸ τῶν πλεόντων μεταστρέψαι πρὸς τὸν ἐλάττω διατοιχοῦντας ἀεί.</p>

<p>ἐπειδὴ τοίνυν τὸ μὲν μὴ εἶναι ταμιεύσασθαι τὸν
<milestone n="463" unit="Jebb page"/>
πόλεμον κοινόν ἐστιν ἐπʼ ἀμφοῖν, δεῖ δὲ τοὺς ἑτέρους ἑλομένους μὴ καταλιπεῖν μηδὲ προδοῦναι, σκοπῶμεν ποτέρων
μᾶλλον προνοηθῆναι προσήκει. φέρε δὴ πρὸς τοῦ Πλαταιᾶσιν ἐλευθερίου καὶ τῶν τριάκοντα τυράννων, εἰ ὅτε
πρῶτον καθίσταντο πρὸς ἀλλήλους εἰς πόλεμον πρέσβεις
πεμψάντων, ἀκούσαντες ἀμφοτέρων ἐπὶ τοὺς Λακεδαιμονίους ἀπεκλίναμεν κἀκείνους εἱλόμεθα, οὐκ ἂν τοῦτο
ἰσχυρότατον ἦν τοῖς νῦν ὑπὲρ αὐτῶν λέγουσιν, ὅτι ἤδη
τῶν Θηβαίων κατέγνωτε καὶ οὐ δεῖ παριδεῖν οὓς τότʼ <pb id="v.1.p.692"></pb>
ἐποιήσασθε συμμάχους; εἰ τοίνυν οὐκ ἐπὶ Θηβαίους, ἀλλʼ
ὑπὲρ Θηβαίων τότʼ ἐξήλθετε καὶ τὴν αὐτὴν ἀεὶ λοιπὸν
ἔχοντες τάξιν αὐτοῖς διετελεῖτε, οὐκ ἰσχύσει νῦν ἡμῖν πάλιν τοῦτο, ὃ τότʼ ἂν τούτοις; ὅπου δὲ καὶ πρὶν ἐλθεῖν
ἐπὶ τὴν Καδμείαν Λακεδαιμονίους εἵλεσθε τούτους, πῶς
νῦν μεταθήσεσθε, ὁπότʼ εἰ καὶ μετʼ ἐκείνων ἦτε, τοὺς
ἠδικημένους ἀνταλλάξασθαι προσῆκε; καὶ μὴν εἴ γε ἀπήλαυνον ἡμᾶς οἱ Θηβαῖοι καὶ μὴ ἐδέχοντο, ὑβρίζειν ἅπαντες ἂν ἔφασκον αὐτοὺς καὶ δεινὰ ποιεῖν καὶ μετατάττεσθαι συνεβούλευον ἂν ὑμῖν. εἰ τοίνυν ἔχονται, ποθοῦσι,
καλοῦσιν, οὐχ ἧττον ὑμῶν συστρατευομένων ἢ τῆς νίκης
αὐτῆς δέονται, τοῦτʼ αὖ παρʼ οὐδὲν θήσομεν; ἀλλʼ οὐκ
ἄξιον. πῶς οὖν συμμαχήσομεν αὐτοῖς καὶ ἐπὶ τῷ; τουτὶ
γὰρ ἀρτίως ἐλέγετο. ἐγὼ δὲ ὅλως μὲν ἄνευ τοῦ μὴ θαυμάζειν λέγω τὸν εἰπόντα ὡς δεινὸν καὶ γελοῖον ἡγοῦμαι
τοῦτο τὸ ἐρώτημα· οὐ γὰρ συμμάχους γενομένους ἢ οὕτως
ἢ ʼκείνως τότʼ ἔδει ζητεῖν εἰ χρὴ βοηθεῖν, ἀλλʼ ὑπὲρ τῆς
συμμαχίας σκεψαμένους τότʼ ἐφʼ οἷστισιν ἔσται κοινῇ γνώμῃ σκοπεῖν. ἔπειτʼ ἔγωγε πρόχειρον ἔχω τοῦτʼ ἀποκρίνασθαι τοῖς ἤδη βουλομένοις εἰδέναι, ἐφʼ οἷσπερ πρότερον.
καλοῦσι δὲ δήπουθεν ὑμᾶς ὥσπερ καὶ τότε, ὥστε πῶς οὐ
συγχωρήσουσιν; ἀλλʼ εἰ δεῖ προαρπάζειν τὸν καιρὸν, ἐπὶ <pb id="v.1.p.693"></pb>
Λακεδαιμονίων ταυτὸν τοῦτο σκοπῶμεν. πολὺ γὰρ τὸ ἐκείνων χαλεπώτερον εὑρήσομεν ὄν. εἰ γὰρ ἐφʼ οἷς πρότερον
βουλήσονται συμμάχοις ἡμῖν χρῆσθαι, καὶ κατὰ γῆν καὶ
κατὰ θάλατταν ἡγεῖσθαι βουλήσονται. ἱκέτας δὲ καὶ
<milestone n="464" unit="Jebb page"/>προστάτας τοὺς αὐτοὺς μὰ τοὺς θεοὺς ἔγωγε οὐκ ἐπινοῶ.
ἀλλὰ κἂν ἐξ ἴσου δέῃ τὴν συμμαχίαν ποιεῖσθαι, θαρρῶν
ἂν εἴποιμι Θηβαίους μᾶλλον αἱρεῖσθαι, οὓς ὅτι κρείττους
Λακεδαιμονίων αὐτοὶ λέγουσιν οὗτοι. τὸ δὲ τοῖς κεκρατημένοις καὶ τοῖς ἠτυχηκόσιν εἰς ἴσον ἐλθεῖν οὐδʼ ὑπερβολὴν αἰσχύνης ἀπολιπεῖν νομίζω. πότε γὰρ πλεῖον, ὦ Ἀθηναῖοι, Λακεδαιμονίων ἕξομεν, εἰ νῦν ὅτʼ εἰς χρείαν ἡμῶν
ἐληλύθασιν, ἐξ ἴσου γιγνόμενοι στέρξομεν; εἰ δʼ ἐπωνυμίας σεμνότητα σκοποῦσιν, ἢ πρὸς δόξαν ὀνόματος τὰ
τοιαῦτα κρίνουσιν, ἀρχηγέται Θηβαῖοι τούτων εἰσὶν οὓς
θαυμάζουσι. μὴ οὖν ὡς φαυλοτέρους ἀναινέσθων, ἐπεὶ
ὅτι γε εὐπρέπεια ταῦτʼ ἐστὶ ῥημάτων καὶ οὐδὲν οἷον ἂν
δόξειέ τις ἐγὼ δείξω ῥᾳδίως ἐπʼ αὐτοφώρῳ. εἰ γὰρ ἠτυχήκασι Λακεδαιμόνιοι καὶ καταπεπτώκασι καὶ οὐδʼ ὁτιοῦν
αὐτοῖς καταλείπεται, παραδόντες αὑτοὺς καὶ εἰσαγαγόντες
ὑμᾶς εἰς τὴν πόλιν, ὥσπερ εἰς τὴν ἡμετέραν αὐτοί ποτʼ
εἰσῆλθον, οὕτως εὑρισκέσθων τὴν σωτηρίαν· καὶ μὰ τὸν
Δίʼ οὐ πολλοί με φθάσουσιν, ἀλλὰ πρῶτος ἀναστὰς κελεύσω τοῖς Θηβαίοις ἀνταίρειν, ἂν μὴ πείθωνται λόγῳ
μηδʼ ἀπέχωνται τῶν ἀνδρῶν. ἀλλʼ οὐ ποιήσουσιν οὐδέποτʼ,
οἶμαι, ταῦτα Λακεδαιμόνιοι· πόθεν; ἐπεὶ καλῶ τοὺς πρέσβεις, καὶ θεωρεῖτε. μικρὸν οὖν ὕστερον ὑμῖν ἐξέσται τούτου πεῖραν λαβεῖν· νῦν δʼ ἔτι μοι μικρὸν προσθεῖναι
δότε. ὑπῆλθε γάρ με λέγοντα μεταξὺ τὸ τῆς παλαιᾶς <pb id="v.1.p.694"></pb>
βοηθείας, ἣν ἐν τοῖς ἐσχάτοις καιροῖς λαβόντες παρʼ ἡμῶν
αἰτήσαντες αὐτοὶ τὸν αὐτὸν τρόπον ὅνπερ νῦν ἐλθόντες
κατέπεμψαν, συνεστηκότος μὲν τοῦ πολέμου καὶ ἀκμάζοντος αὐτοῖς, ὄντες δʼ ἐν χρείᾳ συμμάχων, τοῖς δʼ ἄλλοις
ἅπασι τοῖς παροῦσι χρώμενοι, καὶ οὐδʼ ἂν αὐτῶν αἰτουμένων συγχωρήσαντες ἀπελθεῖν ἐκείνων οὐδέσιν. ἂν οὖν,
ὦ Ἀθηναῖοι, καὶ νῦν ταυτὸν ποιήσωσι καὶ φῶσι μηκέτι
χρῄζειν ὑμῶν. ἤτοι νὴ Δίʼ ὑποπτεύσαντες ἢ καὶ ὁπωσοῦν
δόξαν αὐτοῖς, οἱ δʼ ἄνδρες ὑβρισταὶ καὶ κρυψίνοι, ἦ που
χαρίεντα πεπονθότες ἄπιμεν καὶ ὑπʼ ἐκείνων ὑβρισμένοι
καὶ τούτους παρεορακότες, ἐχθροὺς δʼ ἀμφοτέρους ἔχοντες τὸ λοιπόν.</p><milestone n="465" unit="Jebb page"/>

<p>ἐμοὶ δὲ καὶ τοῦτο θαυμαστὸν φαίνεται, εἴ τις τὸ
μὲν Θηβαίους μόνους ἀντιπάλους ἡμῖν καταλειφθῆναι
δέδιε, τὸ δὲ πρὸς ἀμφοτέρους ἡμῖν εἶναι τὸν λόγον οὐδενὸς ἄξιον κρίνει φόβου. νὴ Δίʼ ἀλλʼ ὄντων τῶν τροπαίων οὐκ ἄξιον καταπολεμῆσαι Λακεδαιμονίους. ἡμεῖς δὲ
αὐτοὺς τοὺς εἰσηγησαμένους ἡμῶν πολίτας, διʼ ὧν ταῦτα
ἀνεστήσαμεν, οὐκ ἀφήκαμεν διὰ ταῦτα, ὅτʼ ἠδικηκότας
ὕστερον εὕρομεν, ἀλλὰ τοῦτο μὲν Μιλτιάδην ἐν τῷ δεσμωτηρίῳ τελευτήσαντα οὐκ ἐκρίναμεν παρʼ ἀξίαν ἀπολωλέναι,
τοῦτο δὲ τὸν τῶν καλλίστων ἔργων σύμβουλον καὶ στρατηγὸν γενόμενον Θεμιστοκλέα φυγάδα ἐποιήσαμεν, ἀποκτεῖναι παρόντα λαβεῖν οὐ δυνηθέντες. πῶς οὖν οὐ δεινὸν
αὐτοῖς μὲν ὑμῖν οὕτω κεχρημένους ὑμᾶς ὑπάρχειν διʼ ὧν
ὁστισοῦν τὰς τότε πράξεις. κατωρθῶσθαι μᾶλλον ἂν ἢ
διὰ Λακεδαιμονίων εἴποι, Λακεδαιμονίους δʼ ἀφεῖναι διʼ
ἐκείνας καθελεῖν, εἰληφότας καιρόν; καὶ μὴν ὅτι καὶ τὸ
σχῆμα βέλτιον τοῦ πρὸς αὐτοὺς πολέμου ἤπερ τοῦ ὑπὲρ
αὐτῶν εἴσεσθε ῥᾳδίως. ἐν ἐκείνῳ μὲν γάρ ἐστι τὸ μετὰ <pb id="v.1.p.695"></pb>
τῶν ἀσθενεστέρων εἶναι δοκεῖν, ὅπερ εἶναι γενναῖον οὗτοί φασιν· ἐν τούτῳ δʼ ἀντὶ μὲν τούτου σὺν τοῖς ἠδικημένοις εἶναι, μεῖζον ὂν εἰς σεμνότητα· ὃ δὲ σφαλερὸν
πρόσεστιν ἐκείνῳ, τοῦτʼ ἐκπεφευγέναι διὰ τὸ βελτίους τοὺς
κοινωνοὺς ἔχειν. ὃ δʼ ἀσφαλείᾳ νικᾷ δόξῃ παρισούμενον,
πῶς οὐ κάλλιον ὁστισοῦν ἂν κρίνοι σωφρονῶν; δείκνυμι
μὲν δὴ ταῦτα· λέγειν δὲ καὶ κάλλιον καὶ δικαιότερον τὸ
δόξαν ὑμῖν ἀνάγκη κἀμοὶ, καὶ μὴ λέγειν μόνον, ἀλλὰ καὶ
συμπράττειν προθύμως.</p></body></text>
</TEI>