<?xml version="1.0" encoding="UTF-8"?><TEI xmlns="http://www.tei-c.org/ns/1.0">
  <teiHeader>
    <fileDesc>
      <titleStmt>
	    <title>Orationes 2 </title>
	    <title type="sub">Machine readable text</title>
	    <author>Aristides, Aelius</author>
	    <editor role="editor">Wilhelm Dindorf</editor>
	<sponsor>Perseus Project, Tufts University</sponsor>
<principal>Gregory Crane</principal>
<respStmt>
<resp>Prepared under the supervision of</resp>
<name>Lisa Cerrato</name>
<name>William Merrill</name>
<name>Elli Mylonas</name>
<name>David Smith</name>
</respStmt>
<funder n="org:Google">Google</funder>
	
      </titleStmt><publicationStmt><publisher>Trustees of Tufts University</publisher><pubPlace>Medford, MA</pubPlace><authority>Perseus Project</authority></publicationStmt>
      
	
      <sourceDesc>
		<listBibl>
		  <biblStruct>
		    <analytic></analytic>
		    <monogr>
		      <author>Aristides, Aelius</author>
		      <title>Aristides</title>
		      <respStmt><resp>ex recensione Guilielmi Dindorfii</resp>
			    <name></name>
		      </respStmt>
		      <imprint>
			<pubPlace>Leipzig</pubPlace>
			<publisher>Weidmann</publisher>
			<date>1829</date>
		      </imprint>
		      <biblScope type="volume">1-2</biblScope>
		    </monogr>
		  </biblStruct>
		</listBibl>
      </sourceDesc>
    </fileDesc>
     <encodingDesc>
		<refsDecl>
		<state delim="." unit="text"/>
		refState unit="Jebb page"/>
		</refsDecl>
    </encodingDesc>
     <profileDesc>
      <langUsage>
		<language ident="greek">Greek</language>
      </langUsage>
    </profileDesc>
</teiHeader><text xml:lang="grc"><body><pb id="v.1.p.12"></pb>
<head>Ἀθηνᾶ</head>
<p>
<milestone n="9" unit="Jebb page"/>
ἔστω τοίνυν ἡμῖν ὕπαρ τὸ ὄναρ· σὺ δʼ, ὦ δέσποινα
Ἀθηνᾶ, τήν τε ἄλλην δίδου τύχην καὶ χάριν καὶ τοῦ
παρόντος ἔφαψαι λόγου, τά τε φανθέντα τέλει πρὸς τὴν
ἀξίαν, ὡς ἐναργῆ τῆς νυκτὸς ἐδείκνυτο· ὡς δὲ καὶ ἔργῳ
συμβῆναι σαφῆ καὶ βέβαια, ὅδε σοὶ λόγος ἔσται μικτὸς
εὐχῆς τε καὶ ὕμνου τὰ νῦν. πάντα μὲν οὖν τὰ κάλλιστα <pb id="v.1.p.13"></pb>
περὶ Ἀθηνᾶν τε καὶ ἐξ Ἀθηνᾶς, ἐν δὲ τοῖς ἀξιολογώτατον αἱ γοναὶ τῆς θεοῦ, κεφάλαιον μὲν εἰπεῖν ὅτι τοῦ
πάντων δημιουργοῦ καὶ βασιλέως παῖς ἐστι μόνη δὴ μόνου.
οὐ γὰρ εἶχεν ἐξ ὅτου ὁμοτίμου ποιήσειεν αὐτὴν, ἀλλʼ
ἀναχωρήσας αὐτὸς εἰς αὑτὸν αὐτὸς ἐξ αὑτοῦ γεννᾷ τε καὶ
τίκτει τὴν θεόν· ὥστε ἐστὶ μόνη βεβαίως γνησία τοῦ
πατρὸς, ἐξ ἴσου καὶ ὁμολογοῦντος ἑαυτῷ τοῦ γένους γενομένη. τὸ δὲ ἔτι τούτου μεῖζον, ὅτι καὶ ἐκ τοῦ καλλίστου
τῶν ἑαυτοῦ, ἐκ τῆς κεφαλῆς, ἀνῆκεν αὐτὴν, ὡς ἄρα οὔτε
ἐκ τῆς ἐκείνου κεφαλῆς κάλλιον ἦν ἀνελθεῖν οὐδὲν οὔτε
Ἀθηνᾷ τόπος βελτίων ἀνασχεῖν· ἀλλὰ κατʼ ἀξίαν ἄμφω
συνέβαινε. γενομένη δʼ ἐκ Διὸς καὶ μόνου καὶ ἐκ τῆς
κεφαλῆς οὐχ ἧττον τούτων θαυμαστὸν τὸ τέταρτον ἐφείλκετο, ὃ δή φασι συμβῆναι περὶ τὸ χάσμα τῆς κεφαλῆς
τοῦ θεοῦ φάσμα· ἀνῄει γὰρ εὐθὺς ἔνοπλος, ὥσπερ ἥλιος
ἀνίσχων ὁμοῦ ταῖς ἀκτῖσιν, ἔνδοθεν κοσμηθεῖσα ὑπὸ τοῦ
<milestone n="10" unit="Jebb page"/>
πατρός. διὸ δὴ καὶ οὐ θέμις οὐδέποτε αὐτὴν καταλιπεῖν
τὸν πατέρα, ἀλλʼ ἀεὶ πάρεστί τε καὶ συνδιαιτᾶται,
<pb id="v.1.p.14"></pb>καθάπερ συμπεφυκυῖα, ἀναπνεῖ τε εἰς αὐτὸν καὶ σύνεστι
μόνη μόνῳ τῆς γενέσεως μεμνημένη, καὶ τῶν ὠδίνων ἀποδιδοῦσα πρέποντα τὸν μισθόν. δοκεῖ δέ μοι καὶ πρεσβυτάτη θεῶν φῦναι, ἢ κομιδῆ τινῶν εὐαριθμήτων καὶ τῶν
πρώτων ὄντων ἐν τῷ τότε· οὐ γὰρ ἂν ἄλλως ἕκαστα ὁ
Ζεὺς διεῖλεν, εἰ μὴ πάρεδρόν τε καὶ σύμβουλον τὴν Ἀθηνᾶν παρεκαθίσατο. καὶ γάρ τοι μόνη μὲν τὴν αἰγίδα διʼ
αἰῶνος φορεῖ, μόνη δὲ τοῖς τοῦ πατρὸς ὅπλοις εἰς τὸν
Ὁμηρικὸν πόλεμον κοσμεῖται· οἷα δὲ ἐν αὐλῇ θαυματοποιῶν ἅμα τοῖς αὐτοῖς ὅ τε Ζεὺς καὶ ἡ θεὸς χρῆται. οὕτως δʼ ἐστὶν αἰδέσιμος τῷ πατρὶ καὶ πάντων κεκοινώνηκε
καὶ τὰ πρεσβεῖα μόνη κατείληφεν, ὥστε καὶ τῶν ποιητῶν
οὓς ἂν μάλιστά τις εἴποι τυχεῖν τῆς θεοῦ, Ὅμηρος μὲν
τῆς αἰγίδος αὐτῆς μνησθεὶς καὶ τοῦ τρῶσαι δαίμονος ἐπιχειρήσαντος λέγει
<quote rend="blockquote"><l>σμερδαλέην, ἣν οὐδὲ Διὸς δάμνησι κεραυνὸς,</l>
</quote>
λέγων ἀσφαλῶς, ἐπειδή γε καὶ τῷ Διὶ τῶν σκηπτῶν καὶ <pb id="v.1.p.15"></pb>
κεραυνῶν πλείονος ἄξια τὰ παρὰ τῆς Ἀθηνᾶς. Πίνδαρος
δʼ αὖ φησι δεξιὰν κατὰ χεῖρα τοῦ πατρὸς αὐτὴν καθεζομένην τὰς ἐντολὰς τοῖς θεοῖς ἀποδέχεσθαι. ἀγγέλου μὲν
γάρ ἐστι μείζων, ἥ γε τῶν ἀγγέλων ἄλλοις ἄλλα ἐπιτάττει πρώτη παρὰ τοῦ πατρὸς παραλαμβάνουσα, ἀντʼ ἐξηγητοῦ τινος οὖσα τοῖς θεοῖς [καὶ εἰσαγωγέως, ὅταν καὶ
τούτου δέῃ]. ἅτε δὲ ἐν κορυφῇ τε τοῦ Ὀλύμπου καὶ ἐκ κορυφῆς τοῦ Διὸς γενομένη πόλεών τε πασῶν τὰς κορυφὰς
ἔχει κατὰ κράτος ὡς ἀληθῶς ᾑρηκυῖα καὶ τῶν ἀνθρώπων
ὅσοι θεοφιλεῖς οὐκ Ἄτη πατεῖ τὰς κεφαλὰς, Ἀθηνᾶ δὲ
ἀνέχει καὶ ἐμβατεύει, τηροῦσα τὸ σύμβολον τῆς αὑτῆς
γενέσεως.</p>

<p>τὸ μὲν δὴ κράτος τῆς θεοῦ τοσοῦτον ἐν οὐρανῷ καὶ
γῇ. ὅσου δὲ ἀξία θεοῖς τε καὶ ἀνθρώποις ἐστί τε καὶ γεγένηται καὶ γενήσεται θεῶν μὲν ἂν παῖδες ἄμεινον εἴποιεν
ὅσοι χορευταὶ τῆς Ἀθηνᾶς, πειρατέον δὲ καὶ ἡμῖν
<milestone n="11" unit="Jebb page"/>ἀμωσγέπως εἰπεῖν, ποιηταῖς τε ἄχρι τοῦ μετρίου προσχρωμένους
καὶ τῷ λόγῳ τοσοῦτον ἐφιέντας, ὡς μὴ πολύ τι παρενεγκεῖν ἢ τὸν πάντα ἰσομέτρητον συμβῆναι τῷ ὀνείρατι. λέγεται γὰρ ὡς ἐπειδὴ οἱ Γίγαντες παρετάξαντο ἐν τῇ
Φλέγρᾳ, Ἐγκέλαδον μὲν καὶ τοὺς ἡγουμένους αὐτῶν κτείνει ἡ θεὸς, τοῖς δʼ ἄλλοις θεοῖς ὀλίγον τὸ ἔργον γίγνεται, ἐπεὶ καὶ τῶν ἄλλων Γιγάντων ὅσον ἦν κράτιστον
κτείνει ἡ θεὸς, ἅτε καὶ φύσει πολεμίους ὄντας ἑαυτῇ διαφερόντως ἀμυνομένη· ἦσαν γὰρ ἀπʼ ἐναντίου τοῦ γένους <pb id="v.1.p.16"></pb>
αὐτῇ. οἱ μὲν γὰρ ἐκ τῶν κοίλων τῆς γῆς ἐπεφύκεσαν καὶ
τῶν ἀλογωτάτων, ἡ δὲ ἐκ τοῦ καθαρωτάτου τῶν ἐν τῷ
αἰθέρι. πρὸς οὖν τοὺς ἐκείνων ὄφεις συμφύτους καὶ τἄλλα
ὅσα τῆς γῆς ἐφείλκοντο τὸν αὑτῇ σύμφυτον κόσμον καὶ τὸ
παρʼ αὑτῆς ἀντεπήγαγε πῦρ, ἕως ἐξέκαυσε καὶ ἐξεῖλε τὸ
γένος. τόδε μὲν τὸ ἔργον αὐτῆς ὑπὲρ θεῶν τε καὶ τῆς
θείας φύσεως ἁπάσης ᾁδεται καταπραχθέν. τὴν δὲ Τιτάνων καὶ τῶν Ὀλυμπίων θεῶν κληθέντων μάχην οὐχ ἥδιον
ἐμοὶ γοῦν λέγειν. ἀλλὰ μὴν εἴς γε τὰ τῶν ἀνθρώπων
πράγματα ὅσας εὐεργεσίας κατέθετο ἐνθυμηθῆναι ῥᾷον
ἢ διελθεῖν λόγῳ. ἡ μὲν οὖν μεγίστη τῶν εὐεργεσιῶν καὶ
διὰ πάντων τῶν γιγνομένων διήκουσα καὶ παρατείνουσα
πάντας χρόνους καὶ τόπους, ὅτι Ἀθηνᾶς ἡγουμένης οὐδὲν
πώποτε ἀνθρώποις ἡμαρτήθη, οὐδʼ αὖ πράξουσί ποτε
χρηστὸν οὐδὲν ἄνευ τῆς Ἀθηνᾶς. εἰ δὲ δεῖ καὶ τῶν ἐν
μέρει μνησθῆναι καὶ τοὺς μύθους μὴ ἀτιμάσαι, προσθῶμεν ἔλαιον ὑγιείας φάρμακον φανθὲν ὑπʼ αὐτῆς, καὶ
ἐσθῆτα, ὁμοῦ μὲν κόσμον τῷ σώματι, ὁμοῦ δὲ τῆς αὐτῆς <pb id="v.1.p.17"></pb>
ὑγιείας φάρμακον. ἀλλὰ μὴν ἀμφοτέρῳ γε τῷ γένει τῶν
ἀνθρώπων ἐπίκουρος γεγένηται, γυναιξὶ μὲν ταλασίαν παραδοῦσα, ἀνδράσι δὲ ὅπλων χρῆσιν ἀναθεῖσα· ἀμφοτέρων
αὖ τῶν καιρῶν ἐπεμελήθη, πολέμου καὶ εἰρήνης, διʼ
ὅπλων καὶ νόμων. διχῆ δʼ αὖ καὶ τούτων ἑκατέρῳ προσηνέχθη. πρῶτον μὲν γὰρ τῆς ὀρείου καὶ καθʼ ἑκάστους
διαίτης ἀπαλλαγῆναι καὶ συνελθόντας οἰκεῖν ἐν ταὐτῷ
<milestone n="12" unit="Jebb page"/>
μίαν συνοικίαν κοινὴν περιβαλλομένους ἥδʼ ἐστὶν ἡ πείσασα, καὶ εἰσὶν αἱ πόλεις δῶρα Ἀθηνᾶς· ὅθεν δὴ καὶ
πολιοῦχος ἅπασι κέκληται. τὰς δὲ ἀκροπόλεις ἐξεῖλον αὐτῇ
δικαίως, ἅμα μὲν σύμβολον τῆς γενέσεως, ἅμα δὲ ὥσπερ
τοῖς βασιλεῦσι καὶ ἡγεμόσι τεμένη καὶ χώρους ἐξαιροῦσιν,
οὕτω τῇ τοῦ παντὸς ἡγησαμένῃ θεῷ τὰ ἐπικαιρότατα
ἐξεῖλον. ἓν μὲν δὴ τοῦτο λέγω κοινὸν εὐεργέτημα τῆς θεοῦ, <pb id="v.1.p.18"></pb>
πρὸς τὴν καθʼ ἡμέραν δίαιταν, πολιτείαν καὶ νόμους,
ἕτερον δὲ τὰς ἐμπύρους τε καὶ ἀπύρους τέχνας, ἃς τοῖς
καθʼ ἑκάστους διεῖλέ τε καὶ διαιρεῖ· μόνη γὰρ ἁπάσης
σοφίας ἡγεμών ἐστι. καὶ μὴν τῶν γε πρὸς τὸν πόλεμον
συστημάτων τὰ πρωτεύοντα δύʼ ἐξεῦρέ τε καὶ κατεσκευάσατο· ὁπλῖται γὰρ καὶ ἱππεῖς τῶν Ἀθηνᾶς εὑρημάτων
εἰσί. διττὰ δὲ ἑκατέρου μαρτύρια· τῶν μὲν ὁπλιτικῶν Αἰγύπτιοι μὲν τῶν κατὰ τὴν Ἀσίαν, οἱ δὲ ἐπώνυμοι τῆς
θεοῦ τῶν ἐπὶ τῆς Εὐρώπης πρῶτοι προβαλόμενοι τὴν
ἀσπίδα· ἔστι γὰρ καὶ κατʼ Αἴγυπτον Ἀθηνᾶς νομὸς ἱερὸς,
ᾧ ταῦτα ἀνάκειται. παραπλησίως δὲ καὶ περὶ τῆς ἱππικῆς.
λέγεται γὰρ Ἐριχθόνιον μὲν τὸν τῆς θεοῦ τρόφιμον πρῶτον ἀνθρώπων ἅρμα ζεῦξαι ἵππων· Βελλεροφόντῃ δὲ αὖ
πρὸς τὸν κέλητα γενέσθαι χαλινὸν παρὰ τῆς Ἀθηνᾶς. <pb id="v.1.p.19"></pb>
Τριπτόλεμος δὲ Ἐριχθονίου νεώτερος· εἴη δʼ ἂν καὶ τούτῳ
τὰ μὲν σπέρματα παρὰ τῆς Δήμητρος, τὸ δὲ ἅρμα παρὰ
τῆς Ἀθηνᾶς. ὥστε νομίζειν χρὴ τοιαῦτʼ εἶναι πάντα τὰ
δῶρα τῆς Ἀθηνᾶς τοῖς ἀνθρώποις, οἷα πρὸς τοὺς πολέμους ἐστὶν, ὁπλιτῶν φάλαγξ καὶ τάξις ἱππέων. ἔοικα δὲ
προσθήσειν ὅ με ἀρτίως διέφυγεν, ὅτι καὶ τὰ ναυτικὰ Ἀθηνᾶς ἦν. ἐχέτω δὲ χώραν διττὴν τῷ λόγῳ. πρός τε γὰρ τοὺς
πολέμους, εἴ τις καὶ οὕτω διχῆ διαιροῖτο τῶν κατʼ ἤπειρον καὶ τῶν ἐν θαλάττῃ, δείξει προνοηθεῖσαν τὴν θεόν·
εἰ καὶ διχῆ πάλιν τῶν κατʼ ἤπειρον, ἕν τε τὸ αὐτὸ τὸ
τῶν ναυτικῶν εἰς ἄμφω τείνει· εἰρηναῖον μὲν τὰς ὁλκάδας
<milestone n="13" unit="Jebb page"/>
καὶ τὴν διὰ τούτων ἐμπορίαν, πολεμιστήριον δὲ τὰς τριήρεις, ὥσπερ ἅρμα ἁμιλλητήριον καὶ πολεμιστήριον· περιδέξιος γὰρ ἡ θεὸς αὐτή τε καὶ τὰ δῶρα αὐτῆς. ἔοικα δὲ
σμῆνος ἐπεγείρειν, καί μοι σύνδυο ἐφίησιν ἡ θεός. ἐνιδὼν
γὰρ ἐμπορίᾳ τε καὶ ναυμαχίᾳ τῆς Ἀθηνᾶς οὖσιν
<pb id="v.1.p.20"></pb>ἀμφοτέροις, ἐνεῖδον γεωργίᾳ τε καὶ ἐμπορίᾳ τῆς Ἀθηνᾶς οὖσιν
ἀμφοτέροις, καὶ Βουζύγης τις ὑπῆλθέ με τῶν ἐξ ἀκροπόλεως, καὶ ὡς οὐκ ἦν τῷ γεωργῷ οὔτε τὸ ἄροτρον οὔτʼ,
ἐπειδὴ καὶ τὸ ἄροτρον, τό γε ζεῦξαι τὰς βοῦς,
<quote rend="blockquote"><l>εἰ μὴ ἐπιφροσύνην δῶκε γλαυκῶπις Ἀθήνη,</l>
</quote>
διʼ ἧς ἄροτρον μὲν καὶ ναῦς ἐδημιουργήθη, ἐζεύχθησαν
δὲ ἵπποι καὶ βόες.</p>

<p>φιλανθρωποτάτη δὲ ἡ αὐτὴ καὶ δυνατωτάτη. τῆς
μὲν οὖν δυνάμεως τί χρὴ μεῖζον εἰπεῖν σημεῖον ἢ τὸ νικᾶν πανταχοῦ; οὐ γάρ ἐστιν Ἀθηνᾶς νίκη κυρία, ἀλλʼ
Ἀθηνᾶ νίκης ἀεί· τὴν δὲ φιλανθρωπίαν οἱ περὶ Ὀρέστην
λόγοι μαρτύρονται. ὃν φυγόντα μὲν ἐξ Ἄργους Ἀθήναζε,
φεύγοντα δʼ Ἀθήνησι δίκην ὑπʼ Εὐμενίδων, ἴσων τῶν <pb id="v.1.p.21"></pb>
ψήφων γενομένων, προσθεμένη τὴν παρʼ αὑτῆς σώζει. καὶ
τοίνυν ἔτι νῦν σώζει πάντας, ἐὰν ἴσαι γένωνται· ἔδοξε γὰρ
ἐξ ἐκείνου ταῖς ἴσαις προστιθέναι τὴν παρὰ τῆς Ἀθηνᾶς
ἀφιεῖσαν. ἐπεὶ δὲ ἔδει παρθένον εἶναι διʼ αἰῶνος τὴν Ἀθηνᾶν καὶ μηδένα μήτε θεῶν μήτε ἀνθρώπων ψαῦσαι κατὰ
τὸν τῆς πανδήμου νόμον, θαυμαστὰ οἷα κἀνταῦθα εὑρίσκεται παρὰ τοῦ πατρός· τὰ γὰρ τῆς καλλιτέκνου γέρα
λαμβάνει. τῇ γὰρ Λητοῖ πλανωμένῃ διὰ πάσης γῆς καὶ
θαλάττης ἡγεῖται πρὸς τὸν τόπον ὅπου εἱμαρμένον ἦν
αὐτῇ τεκεῖν. καὶ ἐπειδὴ ἔτικτε, μαιοῦταί τε καὶ δέχεται
τοὺς παῖδας, καὶ στεφανοῖ τὸν Ἀπόλλω κατὰ τὸν τῶν Ἑλλήνων παιᾶνα· ὥστε ἡ μὲν Ἄρτεμις λοχία ταῖς ἄλλαις
ἐστὶν, αὕτη δὲ τῇ Ἀρτέμιδι λοχία πρὸς τὰς γονὰς ἡ θεὸς
γεγένηται. καὶ ἔοικεν ἀμφοτέρων διδάσκαλος αὐτὴ καταστῆναι, τῆς τέχνης καὶ τῆς προαιρέσεως. παρθένος γάρ ἐστι
<milestone n="14" unit="Jebb page"/>
μετʼ Ἀθηνᾶν μόνη. εἰ τοίνυν κάλλη θαυμαστὰ Ἀπόλλων
καὶ Ἄρτεμις, τὴν πρόνοιαν Ἀθηνᾶν ἔχοι τις ἂν
<pb id="v.1.p.22"></pb>αἰτιάσασθαι. καίτοι εἰ καὶ θεοὺς ὑπὲρ αὑτῶν χάριν εἰκὸς ἔχειν,
πῶς οὐχ ἡμᾶς γε εἰκὸς ὑπὲρ τῶν θεῶν, ὅτι πλείους ἡμῖν
τοὺς εὐεργέτας προὐξένησε; θῆραι τοίνυν καὶ κυνηγέσια
ἔστι μὲν Ἀπόλλωνος καὶ Ἀρτέμιδος παιδιὰ, καθίσταται
δʼ εἰς τὸ προσήκειν τῇ θεῷ, διʼ ἓν μὲν ὅτι τῆς πολεμικῆς μόριον τέχνης ἐστὶ, μᾶλλον δὲ εἰκών. ταῦτα δὲ Ἀθηνᾷ
μέλειν φασὶν, ἕτερον δʼ ὅτι καὶ αὐτοῖς τοῖς ἐπωνύμοις
αὐτῶν ὅπως ἔσονται προσεξεῦρε. προσήκοι δʼ ἂν ταύτῃ
καὶ τῷ Ἀσκληπιῷ μεγάλῳ μέρει τοῦ παντός. Ἀθηναίων
δὲ οἱ πρεσβύτατοι καὶ ὑγιείας Ἀθηνᾶς βωμὸν ἱδρύσαντο.
εἰ δὲ ἐκείνων ὀρθὴ ψῆφος, τί χρὴ μεῖζον εὑρεῖν εἰς τὴν
Ἀσκληπιοῦ καὶ Ἀθηνᾶς συμφωνίαν; μετέχει δὲ καὶ τῷ
Ποσειδῶνι τῶν ἔργων, τῷ τε ἱππίῳ καὶ τῷ ποντίῳ,
πρώτη μὲν τὸν χαλινὸν εὑροῦσα, πηξαμένη δὲ τὴν πρώτην
ναῦν. ἀλλὰ μὴν ἥ γε πρὸς Ἑρμῆν κοινωνία τῆς θεοῦ
παντὶ δήλη, ὅστις Ἑρμῆν καλεῖ λόγιον καὶ ἀγοραῖον καὶ <pb id="v.1.p.23"></pb>
ἐμπολαῖον· ἐναγωνίῳ δὲ καὶ ἀντὶ χορηγοῦ καθέστηκεν.
Ὅμηρος μὲν γὰρ καὶ ἄντικρυς αὐτὴν ἐναγώνιον ἀποφαίνει· τὰ γὰρ ἆθλα κρίνει διʼ αὐτῆς. αὐλῳδίαν τοίνυν καὶ
λυρῳδίαν καὶ κιθαρῳδίαν ἐξευροῦσα, τὴν μὲν τῶν Μουσῶν
μιᾷ δωρεῖται, τὴν δʼ Ἑρμῇ, τὴν δʼ Ἀπόλλωνι. οὕτω δὲ
πανταχοῦ χώραν ἔχει ὥστε ὁ μὲν Ἄρης παῖς ἐστι πρὸς
αὐτὴν ἐν αὐτοῖς τοῖς ἑαυτοῦ πράγμασιν, ὁ δʼ Ἀπόλλων
τῶν αὑτοῦ χρησμῳδιῶν ταύτην προὐστήσατο καὶ προθύειν
ἐπέταξεν. Ἥφαιστος δὲ ὑπὸ μὲν τοῦ ἔρωτος ἀναγκάζεται <pb id="v.1.p.24"></pb>
φιλοτεχνεῖν, ἡ δὲ φύσις λείπεται. Χάριτες δʼ αὐτῆς περὶ
χεῖρας ἵστανται. Διόσκουροι δʼ ὑπʼ αὐτῇ πυρριχίζουσιν.
Ἴακχος δὲ καὶ αἱ Ἐλευσίνιαι τοὺς τῆς θεοῦ χοροὺς
διώκουσι, Ποσειδῶν δὲ συνεχώρησεν ἡττώμενος. ἡ δὲ
<milestone n="15" unit="Jebb page"/>
ὑπερβολὴ τοῦ κράτους ὅτι καὶ τὸ φυτὸν κατεδείχθη νίκης
εἶναι σύμβολον, ὡς οὐ μόνον αὐτῇ θεμιτὸν ὂν νικᾶν,
ἀλλὰ καὶ τοὺς νικῶντας στεφανοῦν. καὶ γάρ τοι πάντα <pb id="v.1.p.25"></pb>
μὲν τὰ ἀπορώτατα οἱ ποιηταὶ ταύτῃ προστιθέασιν, ἐπειδὰν πόριμα καὶ δυνατὰ ἀποφῆναι βούλωνται, Ὀδυσσέας
τε νηχομένους ἐν μέσοις τοῖς ἐρήμοις πελάγεσι καὶ νέους
ἐκ γερόντων καὶ καλοὺς ἐξ οὐ καλῶν γιγνομένους, καὶ
τοὺς ἀπὸ τῶν ἐθνῶν μνηστῆρας ἀπολλύντας ἀπὸ φαύλου
καὶ γελοίου τοῦ ἐπικουρικοῦ μειρακίου καὶ νομέοιν δυοῖν,
καὶ ἕτερα τούτων ἀτοπώτερα. φασὶ γὰρ Βελλεροφόντην
μὲν ἐπὶ πτηνοῦ τοῦ Πηγάσου φέρεσθαι ἐχόμενον τοῦ
δώρου τῆς Ἀθηνᾶς καὶ καταπρᾶξαι ἄλλα τε καὶ τὴν
Χίμαιραν χειρώσασθαι, ἔξω βέλους ὄντα αὐτῇ τοῦ παρʼ
αὐτῆς πυρός· Περσέα δὲ αὐτόπτερον εἰς Γοργόνων χώρους
κομισθῆναι τῆς Ἀθηνᾶς προπεμπούσης, καὶ οὔτε ἁλῶναι
τῇ θέᾳ καὶ ὡς ἀπέτεμε τὴν κεφαλὴν κομίσαντα ὀπίσω
τοὺς μὲν σὺν ὕβρει ταῦτα ἐπιτάξαντας καὶ τὸ πολὺ τοῦ
δήμου λίθους ποιῆσαι, αὐτὸν δʼ ἀπαθῆ διαφυγεῖν εἰς
τέλος, ἀλεξιφάρμακον τὴν τῆς Ἀθηνᾶς ἔχοντα παρουσίαν
εἰς ἅπαντα. ἀκόλουθα δὲ καὶ ἔτι μείζω τούτων τὰ πρὸς
Ἡρακλέα. φαίνεται γὰρ αὕτη καταλεξαμένη θεὸν εἰς θεοὺς
αὐτὸν, εἰ δὴ καὶ ὅτε ἦν ἐν ἀνθρώποις, εἰς ἅπαντας
ἡγεῖτο τοὺς ἄθλους αὐτῷ. καὶ τοῦτο μὲν εἰς Ἅιδου ζῶντα
κομίσασα ζῶντα ἐξήγαγε, κρατήσαντα τοῦ Κερβέρου, καὶ <pb id="v.1.p.26"></pb>
τοσοῦτον παρὰ τὸ εἰκὸς ἐξελθόντα, ὥστε καὶ ἕτερον τῶν
ἐπιτηδείων πρὸ ὥρας αὐλιζόμενον αὐτόθι λῦσαι καὶ
συνεξαγαγεῖν μεθʼ ἑαυτοῦ, τοῦτο δʼ ὁσαχοῦ τοῖς ἀντιπράττουσι τῶν δαιμόνων ἐναντίον ἔδει τὸ τόξον ἄρασθαι,
τῆς Ἀθηνᾶς παρούσης ἐθάρρει. ὥστʼ ἐμοὶ μὲν οὐδὲν
ἄλλο ἐκ τούτων ἢ γνώμην εἰπεῖν Ἀθηνᾶ δοκεῖ πρὸς τοὺς
θεοὺς, Ἡρακλέα θεὸν εἶναι ψηφίσασθαι· οἱ δʼ ὥσπερ
ἂν εἰ ὁ Ζεὺς αὐτὸς εἰσηγεῖτο, δέξασθαι. φαίνεται τοίνυν
Ἀπόλλωνος μὲν καὶ Ἀρτέμιδος προνοηθεῖσα ὅπως ἔσονται,
<milestone n="16" unit="Jebb page"/>
Ἡρακλέους δὲ ὅπως ἔσται θεός· ταῦτα δὴ καὶ ὁ Ἀπόλλων
συνειδὼς τοῖς μὲν ἄλλοις αὐτός ἐστι προπύλαιος, αὑτοῦ
δὲ τὴν Ἀθηνᾶν πεποίηται.</p>

<p>ἀλλὰ γὰρ τίνι τῶν πάντων οὐ λυσιτελὴς ἡ θεός;
ἢ τίς ἀσφαλεστέρα κοινωνός; ἢ ποῖον πῦρ ἄφυκτον ταύτης οὐχ ἑπομένης, ἀλλʼ ἡγουμένης; ἣ μόνη μὲν ἁπάντων
θεῶν, ὁμοίως δὲ πασῶν, οὐκ ἐπώνυμος τῆς νίκης ἐστὶν,
ἀλλʼ ὁμώνυμος. μόνη δʼ ἐργάνη καὶ πρόνοια κέκληται,
τὰς τοῦ σώζειν ἅπαντα τὸν θεσμὸν ἐπωνυμίας ἀνῃρημένη.
προφῆται δὲ καὶ ἱερεῖς καθάρσιον αὐτὴν ἐπικαλοῦνται καὶ
ἀλεξίκακον καὶ τῶν τελεωτάτων ἔφορον καθαρμῶν· εἰκότως. <pb id="v.1.p.27"></pb>
εἰ γὰρ δεῖ καταλύσαντα τοὺς μύθους εἰπεῖν εἰς τὸ μέσον
τὰ τῆς θεοῦ, ἥδʼ ἐστὶν ἡ τοὺς ὡς ἀληθῶς καὶ κοινοὺς
πολεμίους ἡμῶν ἀπείργουσα, καὶ τὸν οἰκεῖον ἑκάστου
πόλεμον εὖ τιθεμένη, τοὺς συνεχεῖς καὶ συμφύτους
ἐχθροὺς ἀπαλλάττουσα, ὑφʼ ὧν καὶ οἶκοι καὶ πόλεις
ἀνάστατοι γίγνονται πρὶν σάλπιγγος ἀκοῦσαι, φαίη τις
ἂν, καὶ τὴν ἀληθῆ καὶ κυρίαν νίκην ἑκάστῳ διδοῦσα
πολὺ τῆς Καδμείας κεχωρισμένην καὶ τῷ ὄντι Ὀλυμπικήν.
διʼ ἣν ἀφροσύνη μὲν καὶ ἀσέλγεια καὶ δειλία καὶ ἀταξία
καὶ στάσις καὶ ὕβρις καὶ ὑπερηφανία θεῶν καὶ πάνθʼ
ὅσα τοιαῦτʼ ἂν εἴποι τις ἐκχωρεῖ· φρόνησις δὲ καὶ σωφροσύνη καὶ ἀνδρεία καὶ ὁμόνοια καὶ εὐταξία καὶ εὐπραγία καὶ τιμὴ θεῶν τε καὶ ἐκ θεῶν ἀντεισέρχεται. ὡς δʼ
εἰπεῖν ἐν κεφαλαίῳ, τὸ τῆς Ἀθηνᾶς μέρος ἡ θεῶν ἀγορὰ
πάντʼ ἐστὶ τὰ πράγματα. ταῦτʼ ἄρα καὶ τοῦ Διός ἐστιν
ἐγγυτάτω καὶ περὶ παντὸς ἀεὶ ταυτὸν ἐν ἀμφοῖν δοκεῖ.
κἀμοὶ πεπαῦσθαι καλὸν ἐνταῦθά που. ἀνελήλυθε γὰρ εἰς
τὴν ἀρχὴν ὁ λόγος, μᾶλλον δὲ ἐλήλυθε πρὸς αὐτὸ τὸ
ἔσχατον. σχεδὸν γὰρ δύναμιν τοῦ Διὸς εἶναι λέγων τις
αὐτὴν ἐκ τούτων οὐκ ἂν ἁμαρτάνοι. ὥστε τί δεῖ μικρολογεῖσθαι τὰς ἐν μέρει πράξεις αὐτῆς διηγούμενον, ὁπότʼ
ἔξεστι τὰ τοῦ Διὸς ἔργα κοινὰ τοῦ Διὸς εἶναι φῆσαι καὶ
<milestone n="17" unit="Jebb page"/>
τῆς Ἀθηνᾶς. ἀλλʼ ὦ τῶν βασιλείων πρόδρομος μελάθρων,
Αἰσχύλῳ χορὸς ᾖσε, τῶν τε οὐρανίων καὶ πατρῴων καὶ
τῶν ἐν τῇ ἡμετέρᾳ μεγίστων, ἃ νύκτωρ μοι προὔφαινες, <pb id="v.1.p.28"></pb>
δίδου μὲν τιμὰς παρʼ ἀμφοτέρων τῶν βασιλέων, δίδου δὲ
ἄκρον εἶναι φρονεῖν καὶ λέγειν. ὅστις δʼ ἐμοὶ τἀναντία
λέγοι, τούτῳ μεταμέλοι. νικῷμι δὲ ὅσον βούλομαι· ἐν αὐτῷ
δʼ ἐμοὶ πρώτῳ νικῴη τὰ βελτίω.</p></body></text>
</TEI>