<!DOCTYPE TEI.2 PUBLIC "-//TEI P4//DTD Main DTD Driver File//EN" "http://www.tei-c.org/Guidelines/DTD/tei2.dtd" [
<!ENTITY % TEI.XML "INCLUDE">
<!ENTITY % PersProse PUBLIC "-//Perseus P4//DTD Perseus Prose//EN" "http://www.perseus.tufts.edu/DTD/1.0/PersProse.dtd" >
%PersProse;
]>
<TEI.2>
  <teiHeader>
    <fileDesc>
      <titleStmt>
        <title>Tactica</title>
        <author>Asclepiodotus</author>
        <editor>William Abbott Oldfather</editor>
        &fund.Google;
      </titleStmt>
      &Perseus.publish;
      <sourceDesc>
        <biblStruct>
          <monogr>
            <title>Aeneas Tacticus, Asclepiodotus, Onasander</title>
            <author>Asclepidotous</author>
            <editor>William Abbott Oldfather</editor> 
            <imprint>
              <publisher>William Heinemann; G. P. Putnam's Sons</publisher>
              <pubPlace>London; New York</pubPlace>
              <date>1923</date>
            </imprint>
          </monogr>
        </biblStruct> 
        <p>Keyboarding</p></sourceDesc>
    </fileDesc>

    <encodingDesc>
<refsDecl doctype="TEI.2">
<state unit="chapter" n="chunk" delim="."/>
<state unit="section"/>
</refsDecl>

    </encodingDesc>

    <profileDesc>
      <langUsage>
	<language id="greek">Greek</language>
      </langUsage>
    </profileDesc>
  </teiHeader>

  <text id="tlg0556.tlg001.perseus-grc1"><body>
<pb id="v.4.p.244"/>

<argument><head>*t*a*k*t*i*k*a *k*e*f*a*l*a*i*a</head>
<p><num>a</num>. *peri\ th=s fala/ggwn diafora=s.</p>
<p><num>b</num>. *peri\ tou= a)riqmou= kai\ th=s o)nomasi/as tw=n merw=n th=s fa/laggos tw=n o(plitw=n.</p>
<p><num>g</num>. *peri\ diata/cews tw=n a)ndrw=n th=s te kaq) o(/lhn th\n fa/lagga</p>
<p>kai\ th=s kata\ me/rh.</p>
<p><num>d</num>. *peri\ diasthma/twn au)tw=n.</p>
<p><num>e</num>. *peri\ tw=n o(/plwn th=s te summetri/as kai\ tou= ei)/dous.</p>
<p><num>s</num>. *peri\ th=s tw=n yilw=n te kai\ peltastw=n fa/laggos kai\ th=s tw=n merw=n ta/cew/s te kai\ o)nomasi/as.</p>
<p><num>z</num>. *peri\ th=s tw=n i(ppe/wn fa/laggos kai\ tw=n o)nomasiw=n th=s te o(/lhs kai\ tw=n merw=n.</p>
<p><num>h</num>. *peri\ a(rma/twn.</p>
<p><num>q</num>. *peri\ e)lefa/ntwn.</p>
<p><num>i</num>. *peri\ tw=n koinh=| kata\ th\n ki/nhsin o)nomasiw=n.</p>
<p><num>ia</num>. *peri\ tw=n e)n tai=s porei/ais sxhmatismw=n tw=n kata\ sunta/gmata.</p>
<p><num>ib</num>. *peri\ tw=n kata\ th\n ki/nhsin au)tw=n prostagma/twn.</p></argument>
<pb id="v.4.p.246"/>
<div1 type="chapter" n="1">
<div2 type="section" n="1"><p>*peri\ th=s fala/ggwn diafora=s
*th=s telei/as paraskeuh=s pro\s po/lemon ditth=s
ou)/shs, xersai/as te kai\ nautikh=s, peri\ th=s xersai/as
ta\ nu=n lekte/on. tau/ths toi/nun to\ me/n e)sti
ma/ximon, to\ d) ei)s th\n tou/tou xrei/an u(phretou=n,
oi(=on i)atrw=n kai\ skeuofo/rwn kai\ tw=n o(moi/wn.
*tou= de\ maxi/mou to\ me/n e)sti pezo/n, to\ d) o)xhmatiko/n:
to\ me\n ga\r posi\ xrh=tai pro\s th\n
ma/xhn, to\ d) e)pi/ tinos o)xei=tai.
</p></div2>

<div2 type="section" n="2"><p> *tou= de\ dh\ pezou= to\ me/n e)stin o(plitw=n su/sthma,
to\ de\ peltastw=n, to\ de\ tw=n kaloume/nwn yilw=n.
to\ me\n ou)=n tw=n o(plitw=n a(/te e)ggu/qen maxo/menon
baruta/th| ke/xrhtai skeuh=|&mdash;a)spi/si te ga\r megi/stais
kai\ qw/raci kai\ tai=s knhmi=si ske/petai&mdash;kai\
do/rasi makroi=s kata\ to\n r(hqhso/menon *makedo/nion
tro/pon: to\ de\ tw=n yilw=n tou/tois a)p) e)nanti/as
koufota/th| ke/xrhtai th=| skeuh=| dia\ to\ po/rrwqen
ba/llein, ou)/te proknhmi=sin ou)/te qw/raci kekosmhme/non,
a)konti/ois de\ kai\ sfendo/nais kai\ o(/lws toi=s
<pb id="v.4.p.248"/>
e)c a)posth/matos legome/nois toceu/masin. tou/twn
d) e)n me/sw| pw/s e)sti to\ peltastiko\n su/sthma:
h(/ te ga\r pe/lth mikra/ ti/s e)stin a)spidi/skh kai\
kou/fh, ta/ te do/rata polu\ tw=n o(plitw=n mege/qei leipo/mena.
</p></div2>

<div2 type="section" n="3"><p> *kata\ ta\ au)ta\ dh\ kai\ th=s o)xhmatikh=s duna/mews
trei=s ei)si diaforai/: h( me\n ga/r e)stin i(ppikh/, h(
de\ di) a(rma/twn e)pitelei=tai, h( tri/th de\ di) e)lefa/ntwn:
a)ll) a(rma/twn te pe/ri kai\ e)lefa/ntwn
w(s ou)k eu)fuw=n ei)s ma/xhn o( lo/gos ei)s u(/steron
a)nabeblh/sqw: th\n de\ i(ppikh\n w(s pollh\n kai\
para\ polloi=s kairoi=s xrhsimwte/ran tai=s ma/xais
nu=n dielou=men: e)/sti ga\r au)th=s ei)/dh tri/a, to\ me\n
to\ e)ggu/qen maxo/menon, to\ de\ po/rrwqen, to\ de\
me/son. kai\ to\ me\n e)ggu/qen o(moi/ws baruta/th|
ke/xrhtai skeuh=|, tou/s te i(/ppous kai\ tou\s a)/ndras
pantaxo/qen qw/raci periske/pon, makroi=s me/ntoi
xrw/menon kai\ au)to\ toi=s do/rasin, di) o(\ kai\ doratofo/ron
tou=to kai\ custofo/ron prosagoreu/etai,
h)\ kai\ qureofo/ron, o(/t) a)\n kai\ a)spi/das e)/nioi forw=si
paramh/keis dia\ to\ sunepiske/pesqai kai\ to\n
i(/ppon. to\ de\ po/rrwqen maxo/menon tocotw=n te
kai\ *skuqw=n le/getai: me/son de\ to\ tw=n kaloume/nwn
a)krobolistw=n, oi(\ dh\ toi=s a)/krois e)pikoinwnou=ntes
<pb id="v.4.p.250"/>
oi( me\n to/cois, oi( de\ a)konti/ois ma/xontai,
kai\ th=| a)/llh| xrw/menoi skeuh=| oi( me\n ou(/tws, oi(
de\ e)kei/nws: w(=n me\n e)/nioi meta\ th\n a)ko/ntisin
e)ggu/qen ma/xontai, ou(\s i)di/ws e)lafrou\s o)noma/zousin:
o(/t) a)\n de\ po/rrwqen a)konti/zwsi mo/non, *taranti/nous.
</p></div2>

<div2 type="section" n="4"><p> *ei)si\n ou)=n ai( pa=sai tw=n ta/cewn diaforai\ ai(/de,
w(=n e(ka/sth fa/lagc prosagoreu/etai perie/xousa
susth/mata kata\ a)riqmo\n e)pith/deion kai\ h(gemo/nas
au)tw=n pro\s to\ r(a|di/ws poiei=n ta\ parakeleuo/mena
pro\s th\n e)fh/meron gumnasi/an te kai\ a)/skhsin th=s
porei/as kai\ stratopedeu/sews kai\ parata/cews kai\
pro\s tou\s e)p) a)lhqei/as a)gw=nas.
</p></div2></div1>

<div1 type="chapter" n="2">
<div2 type="section" n="1"><p>*peri\ merw=n th=s fa/laggos tw=n o(plitw=n th=s
te o)nomasi/as au)tw=n kai\ tou= a)riqmou=
*)anagkai=on de\ prw=ton th\n fa/lagga kataloxi/sai:
tou=to de/ e)sti katameri/sai ei)s lo/xous. o( de\ lo/xos
e)sti\n a)riqmo\s a)ndrw=n ei)s su/mmetra diairw=n th\n
fa/lagga: su/mmetra de/ e)sti ta\ tiqe/mena me/rh, a(\
mhde\n th\n fa/lagga pro\s th\n ma/xhn lumai/netai:
di) o(\ to\n a)riqmo\n tou= lo/xou oi( me\n o)ktw/, oi( de\
<pb id="v.4.p.252"/>
de/ka, oi( de\ duokai/deka a)ndrw=n pepoih/kasin, e(/teroi
de\ e(ckai/deka pro\s to\ summe/trws e)/xein th\n
fa/lagga ei)/s te to\ diplasia/sai pro\s ta\s r(hqhsome/nas
xrei/as e)pi\ du/o kai\ tria/konta a)/ndras
kai\ ei)s to\ sunairei=sqai ei)s h(/misu e)p) a)/ndras
o)ktw/: ou)de\n ga\r e)/mpodon e)/stai toi=s o)/pisqen
maxome/nois yiloi=s a)konti/zousin h)\ sfendonw=sin h)\
kai\ toceu/ousin: u(perbh/sontai ga\r to\ th=s fa/laggos ba/qos.
</p></div2>

<div2 type="section" n="2"><p> *)ekalei=to de\ o( lo/xos pa/lai kai\ sti/xos kai\
sunwmoti/a kai\ dekani/a, kai\ o( me\n a)/ristos kai\
h(gemw\n tou= sti/xou loxago/s, o( de\ e)/sxatos ou)rago/s:
u(/steron de\ metataxqei\s o( sti/xos diafo/rous e)/sxen
tw=n merw=n e)pwnumi/as: to/ te ga\r h(/misu h(milo/xion
w)no/mastai kai\ dimoiri/a, to\ me\n w(s pro\s to\ tw=n
dekae\c a)ndrw=n plh=qos, to\ de\ w(s pro\s to\ tw=n
dw/deka, kai\ o( h(gemw\n h(miloxi/ths kai\ dimoiri/ths,
kai\ to\ te/tarton e)nwmoti/a kai\ e)nwmota/rxhs o( h(gou/menos.
</p></div2>

<div2 type="section" n="3"><p> <add>*(o de\ h(gou/menos w)no/mastai kai\ prwtosta/ths</add>,
e)pista/ths de\ o( e(po/menos, w(/ste kaq) o(/lon to\n
sti/xon ei)=nai prw=ton prwtosta/thn, ei)=ta e)pista/thn,
<pb id="v.4.p.254"/>
ei)=q) e(ch=s prwtosta/thn, ei)=ta e)pista/thn, kai\
tou=to par) e(/na me/xris ou)ragou=, kaq) a(\ u(poge/graptai:
prwtosta/ths loxago/s parasta/tai
e)pista/ths parasta/tai
prwtosta/ths parasta/tai
e)pista/ths parasta/tai
prwtosta/ths parasta/tai
e)pista/ths ou)rago/s parasta/tai
*(/ot) a)\n de\ lo/xw| lo/xos parateqh=|,
</p></div2>

<div2 type="section" n="4"><p> w(/ste loxago\n
loxagw=| kai\ ou)rago\n ou)ragw=| kai\ tou\s metacu\
toi=s o(mozu/gois pari/stasqai, sulloxismo\s e)/stai
to\ toiou=ton, oi( de\ o(mo/zugoi tw=n lo/xwn prwtosta/tai
h)\ e)pista/tai dia\ to\ parallh/lous i(/stasqai
parasta/tai keklh/sontai.
</p></div2>

<div2 type="section" n="5"><p> *(o de\ e)k pa/ntwn sulloxismo\s fa/lagc, h(=s to\
tw=n loxagw=n ta/gma me/twpon kai\ mh=kos kai\
pro/swpon kai\ sto/ma kai\ para/tacis kai\ prwtoloxi/a
kalei=tai kai\ prw=ton zugo/n: o( de\ kato/pin kei/menos
meta\ tou=ton sti/xos tw=n e)pistatw=n kata\ mh=kos
th=s fa/laggos deu/teron zugo/n, kai\ o( tou/tw| para/llhlos
u(p) au)to\n tri/ton, kai\ te/tarto/n e)sti to\ u(po\
tou=ton zugo\n kai\ pe/mpton w(s au)/tws kai\ e(/kton
kai\ e(ch=s me/xris ou)ragou=: koinw=s de\ pa=n to\ meta\
to\ me/twpon th=s fa/laggos ba/qos e)ponoma/zetai
kai\ o( a)po\ loxagou= e)p) ou)rago\n sti/xos kata\ ba/qos.
<pb id="v.4.p.256"/>
<figure n="e#3uation"/>
</p></div2>

<div2 type="section" n="6"><p> *kai\ oi( me\n tou/tw| e)p) eu)qei/as kei/menoi stoixei=n
le/gontai, oi( de\ tw=| kata\ mh=kos sti/xw| zugei=n:
diaireqei/shs de\ th=s fa/laggos di/xa kata\ to\ mh=kos
to\ me\n h(/misu ke/ras prosagoreu/etai decio/n te kai\
laio/n, au(/th de\ h( dixotomi/a o)mfalo/s te kai\ a)raro/s.
</p></div2>

<div2 type="section" n="7"><p> *(opo/son de\ dei= to\ plh=qos ei)=nai th=s fa/laggos
ou)k eu)/logon diori/zein: pro\s ga\r h(\n e(/kastos e)/xei
paraskeuh\n tou= plh/qous kai\ to\n a)riqmo\n dioriste/on,
plh\n e)pith/deion e(ka/stote ei)=nai dei= pro\s tou\s
metasxhmatismou\s tw=n tagma/twn, le/gw de\ ta\s
sunaire/seis h)/t) au)ch/seis: di) o(\ tou\s a)rtia/kis
a)rti/ous ma=llon e)klekte/on w(s me/xri mona/dos
diairei=sqai duname/nous: kai\ tou/s ge plei/onas
tw=n taktikw=n eu(rh/seis pepoihko/tas th\n fa/lagga
tw=n o(plitw=n muri/wn e(cakisxili/wn triakosi/wn
o)gdoh/konta tessa/rwn, w(s di/xa diairoume/nhn
me/xri mona/dos, tau/ths de\ h(mi/seian th\n tw=n yilw=n.
u(pokei/sqw d) ou)=n kai\ h(mi=n tosou/twn a)ndrw=n
ei)=nai th\n fa/lagga, to\n de\ lo/xon e(ckai/deka.
<pb id="v.4.p.258"/>
</p></div2>

<div2 type="section" n="8"><p> *)/esontai dh\ oi( me\n du/o lo/xoi diloxi/a kai\ o( e)p)
au)toi=s a)/rxwn diloxi/ths, oi( de\ tou/twn dipla/sioi
tetrarxi/a kai\ o( e)p) au)toi=s tetra/rxhs, oi( de\ e)/ti
tou/twn dipla/sioi ta/cis kai\ o( h(gemw\n taci/arxos
me\n pa/lai, nu=n de\ kai\ e(katonta/rxhs, oi( de\ th=s
ta/cews dipla/sioi su/ntagma kai\ o( e)pi\ tou/tois suntagmata/rxhs.
</p></div2>

<div2 type="section" n="9"><p> *tou\s de\ e)kta/ktous to\ me\n palaio\n h( ta/cis
ei)=xen, w(s kai\ tou)/noma shmai/nei, di) o(/ti th=s ta/cews
e)ca/riqmoi u(ph=rxon, stratokh/ruka, shmeiofo/ron,
salpigkth/n, u(phre/thn, ou)rago/n: to\n me/n, o(/pws
th=| fwnh=| shmai/noi to\ prostatto/menon, to\n de\
shmei/w|, ei) mh\ fwnh=s katakou/ein e)nde/xoito dia\
qo/rubon, to\n de\ th=| sa/lpiggi, o(po/te mhde\ shmei=on
ble/poien dia\ koniorto/n, kai\ to\n u(phre/thn, w(/ste
ti parakomi/sai tw=n ei)s th\n xrei/an, to/n ge mh\n
e)/ktakton ou)rago\n pro\s to\ e)pana/gein to\n a)poleipo/menon
e)n th=| ta/cei. o)ktw\ ga\r a)ndrw=n o)/ntos
tou= lo/xou o)ktaloxi/a to\ tetra/gwnon e)poi/ei sxh=ma,
o(/per dia\ th\n pantaxo/qen i)so/thta mo/non tw=n
merw=n th=s fa/laggos o(moi/ws katakou/ein tw=n
prostattome/nwn duna/menon eu)lo/gws ta/cis e)pwno/masto:
<pb id="v.4.p.260"/>
diplasiasqe/ntos d) u(/steron tou= lo/xou h(
suntaciarxi/a to\ tetra/gwnon a)pete/lesen, di) a(\
ei)s tau/thn meth=lqon oi( e)/ktaktoi.
</p></div2>

<div2 type="section" n="10"><p> *to\ dipla/sion de\ tou= sunta/gmatos pentakosiarxi/an
kai\ to\n e)pi\ tou/tw| pentakosia/rxhn w)no/masan,
to\ de\ tou/tou dipla/sion xiliarxi/an kai\ to\n h(gemo/na
xilia/rxhn, ta\s de\ du/o xiliarxi/as pa/lai me\n ke/ras
kai\ te/los kai\ tela/rxhn to\n h(gou/menon, u(/steron
de\ merarxi/an kai\ mera/rxhn: di) o(\ kai\ to\ tou/tou
dipla/sion falaggarxi/a kai\ nu=n e)/ti kalei=tai, plh\n
kai\ a)potomh\ ke/ratos, kai\ o( h(gemw\n pa/lai me\n
strathgo/s, nu=n de\ falagga/rxhs: to\ de\ th=s
falaggarxi/as h)/toi a)potomh=s diplou=n difalaggi/a
kai\ ke/ras kai\ o( e)p) au)th=| kera/rxhs, au)to\ de\ to\ e)k
tw=n duei=n kera/twn h( fa/lagc, e)f) h(=| o( strathgo/s,
ke/rata e)/xousa du/o, falaggarxi/as h)/toi a)potoma\s
d, merarxi/as h, xiliarxi/as is, pentakosiarxi/as
lb, suntaciarxi/as cd, taciarxi/as rkh, tetrarxi/as
sns, diloxi/as fib, lo/xous akd.
<pb id="v.4.p.262"/>
b ke/ras	cd suntaciarxi/a
d a)potomh/	rkh ta/cis
h merarxi/a	sns tetraxi/a
is xiliarxi/a	fib diloxi/a
lb pentakosiarxi/a	akd lo/xos
</p></div2></div1>

<div1 type="chapter" n="3">
<div2 type="section" n="1"><p>*peri\ diata/cews tw=n a)ndrw=n kaq) o(/lhn te
th\n fa/lagga h)\ kata\ ta\ me/rh
*diate/taktai de\ h(/ te o(/lh fa/lagc kai\ ta\ me/rh
kata\ tetra/da, w(/ste tw=n tessa/rwn a)potomw=n th\n
me\n a)ri/sthn kat) a)reth\n tou= deciou= ke/ratos teta/xqai
decia/n, th\n de\ deute/ran a)ristera\n tou= laiou= kai\
decia\n th\n tri/thn, th\n de\ teta/rthn tou= deciou=
laia/n. ou(/tw ga\r diatetagme/nwn i)/son ei)=nai
sumbh/setai kata\ du/namin to\ decio\n ke/ras tw=|
laiw=|: to\ ga\r u(po\ prw/tou kai\ teta/rtou, fasi\
gewme/trioi, i)/son e)/stai tw=| u(po\ deute/rou kai\
tri/tou, e)a\n ta\ te/ssara a)na\ lo/gon h)=|.
</p></div2>

<div2 type="section" n="2"><p> *to\n au)to\n de\ tro/pon kai\ e(ka/sthn a)potomh\n h)/toi
falaggarxi/an diakosmh/somen: e)pei\ ga\r h(/misu
me\n au)th=s e)stin h( merarxi/a, te/tarton de\ h( xiliarxi/a:
th\n me\n a)ri/sthn xiliarxi/an th=s decia=s
<pb id="v.4.p.264"/>
merarxi/as ta/comen decia/n, th\n de\ deute/ran kat)
a)reth\n th=s laia=s a)ristera/n, decia\n de\ th\n tri/thn,
th\n de\ u(poleipome/nhn laia\n th=s decia=s. ou(/tw ga\r
i)sosqenh/sousi kai\ ai( merarxi/ai.
</p></div2>

<div2 type="section" n="3"><p> *kai\ ta\s xiliarxi/as de\ w(s au)/tws diaqh/somen.
kai\ ga\r tou/twn h(/misu me/n e)stin h( pentakosiarxi/a,
te/tarton de\ h( suntaciarxi/a: ou)kou=n th\n
me\n prw/thn kai\ teta/rthn suntaciarxi/an th=|
decia=| pentakosiarxi/a| nemou=men th\n prw/thn e)n
toi=s decioi=s au)th=s me/risi tiqe/ntes, deute/ran de\
kai\ tri/thn suntaciarxi/an th=| laia=| pentakosiarxi/a|
prosnemou=men kata\ to\ i)/son me/ros au)th=s tiqe/ntes.
</p></div2>

<div2 type="section" n="4"><p> *th\n de\ pa/lin suntaciarxi/an e(ka/sthn h(/misu
me\n e)/xousan th\n taciarxi/an, te/tarton de\ th\n
tetrarxi/an kata\ to\n au)to\n lo/gon diaqh/somen,
w(/ste ta\s e)n au)th=| taciarxi/as i)sosqenei=n. to\ d)
o(/moion ge/gonen kai\ e)pi\ th=s tetrarxi/as: kai\
ga\r tau/ths h(/misu me\n h( diloxi/a, te/tarton de\ o( lo/xos.
</p></div2>

<div2 type="section" n="5"><p> *to\n me/ntoi ge lo/xon ou) kata\ tau)ta\ diata/comen,
a)lla\ tou\s me\n pro/sw tw=n a)ndrw=n kata\ th\n r(w/mhn,
tou\s d) o)pi/sw kata\ th\n fro/nhsin diafe/rontas,
au)tw=n de\ tw=n pro/sw tou\s loxagou\s mege/qei te
kai\ r(w/mh| kai\ e)mpeiri/a| prou)/xontas tw=n a)/llwn:
tou=to ga\r to\ zugo\n sune/xei th\n fa/lagga kai\
<pb id="v.4.p.266"/>
oi(=on th=s maxai/ras e)sti\ to\ sto/ma, o(/qen kai\ a)mfisto/mous
kalou=si ta\s a)mfote/rwqen loxagoi=s sunexome/nas ta/ceis.
</p></div2>

<div2 type="section" n="6"><p> *dei= de\ kai\ to\ deu/teron zugo\n mh\ pa/nu xei=ron
ei)=nai, i(/na peso/ntos tou= loxagou= o( paredreu/wn
proelqw\n ei)s to\ pro/sw sune/xh| th\n fa/lagga. oi(
de\ ou)ragoi\ oi(/ t) e)n toi=s lo/xois kai\ oi( e)/ktaktoi
sune/sei tw=n a)/llwn diafere/twsan, oi( me/n, i(/na tou\s
i)di/ous kateuqu/nwsi lo/xous, oi( d) o(/pws stoixw=si/
te ta\ sunta/gmata kai\ zugw=sin a)llh/lois tou/s te
leipotaktou=ntas dia\ deili/an ei)s ta/cin e)pana/goien
kai\ e)n toi=s sunaspismoi=s sunedreu/ein a)nagka/zoien.
</p></div2></div1>

<div1 type="chapter" n="4">
<div2 type="section" n="1"><p>*peri\ diasthma/twn
*tou=ton dh\ to\n tro/pon e)comoiwqe/ntwn tw=| o(/lw|
tw=n mori/wn e(ch=s a)\n ei)/h r(hte/on peri\ diasthma/twn
kata/ te mh=kos kai\ ba/qos: tritta\ ga\r e)chu/rhtai
pro\s ta\s tw=n polemi/wn xrei/as, to/ te a)raio/taton,
kaq) o(\ a)llh/lwn a)pe/xousi kata/ te mh=kos kai\
ba/qos e(/kastoi ph/xeis te/ssaras, kai\ to\ pukno/taton,
kaq) o(\ sunhspikw\s e(/kastos a)po\ tw=n a)/llwn
pantaxo/qen die/sthken phxuai=on dia/sthma, to/ te
<pb id="v.4.p.268"/>
me/son, o(\ kai\ pu/knwsin e)ponoma/zousin, w(=| diesth/kasi
pantaxo/qen du/o ph/xeis a)p) a)llh/lwn.
</p></div2>

<div2 type="section" n="2"><p> *gi/netai de\ metabolh\ kata\ ta\s xrei/as e)/k tinos
tou/twn ei)/s ti tw=n loipw=n, kai\ h)/toi kata\ mh=kos
mo/non, o(\ kai\ zugei=n e)/famen le/gesqai, h)\ kata\
ba/qos, to\ kai\ stoixei=n, h)\ kat) a)/mfw, o(/per o)noma/zetai
kata\ parasta/thn kai\ e)pista/thn.
</p></div2>

<div2 type="section" n="3"><p> *dokei= de\ to\ tetra/phxu kata\ fu/sin ei)=nai, o(/qen
ou)de\ kei=tai e)p) au)tw=| o)/noma: a)nagkai=on de\ to\
di/phxu kai\ e)/ti ma=llon to\ phxuai=on. tou/twn
de\ to\ me\n di/phxu kata\ pu/knwsin, e)/fhn, e)pwno/mastai,
to\ de\ phxuai=on kata\ sunaspismo/n.
gi/netai de\ h( me\n pu/knwsis, o(/t) a)\n h(mei=s toi=s polemi/ois
th\n fa/lagga e)pa/gwmen, o( de\ sunaspismo/s,
o(/t) a)\n oi( pole/mioi h(mi=n e)pa/gwntai.
</p></div2>

<div2 type="section" n="4"><p> *)epei\ ou)=n xi/lioi ei)/kosi te/ssare/s ei)sin oi( kata\
me/twpon th=s fa/laggos a)fwrisme/noi loxagoi/,
dh=lon o(/ti tetagme/noi me\n e)fe/cousi ph/xeis e(\c
kai\ e)nenh/konta kai\ tetrakisxili/ous, o(/per e)sti\
sta/dia de/ka kai\ ph/xeis e)nenh/konta e(/c, pepuknwko/tes
de\ stadi/ous pe/nte kai\ ph/xeis mh,
sunhspiko/tes de\ stadi/ous du/o kai\ h(/misu kai\
<pb id="v.4.p.270"/>
ph/xeis ei)/kosi te/ssaras, pro\s o(/ se deh/sei kai\
tw=n xwri/wn ta\s e)kloga\s poiei=sqai.
</p></div2></div1>

<div1 type="chapter" n="5">
<div2 type="section" n="1"><p>*peri\ o(/plwn i)de/as te kai\ summetri/as
*tw=n de\ fa/laggos a)spi/dwn a)ri/sth h( *makedonikh\
xalkh= o)ktwpa/laistos, ou) li/an koi/lh: do/ru de\
au)= ou)k e)/latton dekaph/xeos, w(/ste to\ propi=pton
au)tou= ei)=nai ou)k e)/latton h)\ o)kta/phxu, ou) mh\n
ou)de\ mei=zon e)te/lesan du/o kai\ de/ka phxe/wn,
w(/ste th\n pro/ptwsin ei)=nai deka/phxun, w(=| dh\ kai\
h( *makedonikh\ fa/lagc xrwme/nh e)n katapu/knw|
sta/sei a)nu/poistos ei)=nai e)do/kei toi=s polemi/ois.
eu)/dhlon ga/r, o(/ti tw=n me/xri tou= pe/mptou zugou=
ta\ do/rata propi/ptei tou= metw/pou: oi( me\n ga\r
e)n tw=| deute/rw| zugw=| ph/xesi dusi\n u(pobebhko/tes
o)ktw\ phxe/wn th\n tou= metw/pou poiou=ntai pro/ptwsin,
e(\c de\ oi( e)n tw=| tri/tw| zugw=|, oi( d) e)n tw=|
teta/rtw| tessa/rwn, du/o de\ oi( e)n tw=| pe/mptw|,
probeblhme/nai de\ tou= prw/tou zugou= pe/nte sa/rissai.
</p></div2>

<div2 type="section" n="2"><p> kai\ *makedo/nes me\n ou(/tw tw=| stoi/xw|,
fasi/, tw=n dora/twn ou) mo/non th=| o)/yei tou\s polemi/ous
e)kplh/ttousin, a)lla\ kai\ tw=n loxagw=n e(/kaston
<pb id="v.4.p.272"/>
paraqarsu/nousi pe/nte duna/mesi pefrourhme/non:
oi( de\ meta\ to\ pe/mpton zugo/n, ei) kai\ mh\ ta\s
sari/ssas proa/gousi tou= metw/pou, a)lla\ toi=s
ge sw/masin e)pibri/qontes a)nelpisti/an toi=s prwtosta/tais
fugh=s pare/xontai. e)/nioi de\ ta\s tou=
metw/pou propiptou/sas a)kma\s e)cisou=sqai boulo/menoi
ta\ do/rata tw=n o)pi/sw zugw=n au)/cousin.
</p></div2></div1>

<div1 type="chapter" n="6">
<div2 type="section" n="1"><p>*peri\ yilw=n te kai\ peltastw=n
*oi( de\ yiloi/ te kai\ peltastai\ pro\s ta\s a(rmozou/sas
xrei/as u(po\ tou= strathgou= tagh/sontai tote\ me\n
pro\ th=s fa/laggos, tote\ de\ u(po\ th=| fa/laggi,
a)/llote de\ kata\ decia/ te kai\ a)ristera/: o)noma/zetai
de\ to\ me\n pro/tacis, to\ d) u(po/tacis, to\ de\ prose/ntacis:
e)/sti d) o(/te kai\ e)mpleko/menoi th=| fa/laggi
par) a)/ndra ta/ttontai: le/getai de\ kai\ tou=to
pare/ntacis, di) o(/ti a)nomoi/wn e)sti\ pare/nqesis,
oi(=on yilw=n par) o(pli/tas: th\n gou=n tw=n o(moi/wn
pare/nqesin, oi(=on o(plitw=n par) o(pli/tas h)\ yilw=n
para\ yilou/s&mdash;r(hqh/setai ga\r kai\ h( tou/twn
<pb id="v.4.p.274"/>
xrei/a&mdash;, pare/ntacin me\n ou)ke/ti, parembolh\n de\ e)ponoma/zousi.
</p></div2>

<div2 type="section" n="2"><p> *lo/xous me\n dh\ kai\ ou(=toi te/ssaras kai\ ei)/kosi
kai\ xili/ous e(/cousin, ei) me/llousi sumparektei/nesqai
th=| fa/laggi tw=n o(plitw=n u(potatto/menoi,
ou) mh\n a)po\ e(ckai/deka a)ndrw=n&mdash;h(/misu ga\r au)tw=n
e)sti to\ plh=qos&mdash;, a)ll) e)c o)ktw\ dhlono/ti.
</p></div2>

<div2 type="section" n="3"><p> *)/estai de\ ka)pi\ tou/twn to\ me\n e)k d lo/xwn
su/stasis e)/ti de\ e)k duei=n susta/sewn penthkontarxi/a,
to\ de\ tou/tou dipla/sion e(katontarxi/a, e)f)
h(=s e)/sontai oi( e)/ktaktoi, pe/nte to\n a)riqmo/n,
stratokh=ru/c te kai\ shmeiofo/ros kai\ salpigkth/s,
u(phre/ths te kai\ ou)rago/s: to\ de\ th=s e(katontarxi/as
dipla/sion <add>yilagi/a, to\ de\ tou/tou dipla/sion
cenagi/a, h(=s to\ dipla/sion</add> su/stremma, tou/tou
de\ to\ diplou=n e)picenagi/a, h(=s pa/lin to\ dipla/sion
sti=fos, ou(= dh\ sunteqe/ntos h( tw=n yilw=n gi/netai
fa/lagc, h(\n kai\ e)pi/tagma kalou=sin e)/nioi. tau/ths
de\ e)/ktaktoi a)/ndres o)ktw/, e)picenagoi\ me\n te/ssares,
sustremmata/rxai de\ oi( loipoi/.
<pb id="v.4.p.276"/>
</p></div2></div1>

<div1 type="chapter" n="7">
<div2 type="section" n="1"><p>*peri\ tw=n i(ppe/wn
*oi( de/ ge i(ppei=s, w(/sper kai\ oi( yiloi/, pro\s ta\s
parakolouqou/sas xrei/as th\n ta/cin lamba/nousin,
kai\ ma/lista au)tw=n oi( a)krobolistai/: ou(=toi ga\r
oi( e)pithdeio/tatoi pro\s to\ kata/rcai trauma/twn
kai\ e)kkale/sasqai pro\s ma/xhn kai\ ta\s ta/ceis
dialu=sai kai\ i(/ppon a)nakrou/sasqai kai\ to/pous
a)mei/nous prokatalabei=n kai\ tou\s prokateilhmme/nous
a)nalabei=n kai\ tou\s u(po/ptous e)reunh=sai
kai\ e)ne/dras paraskeua/sai kai\ to\ o(/lon proagwni/sasqai/
te kai\ sunagwni/sasqai: polla\ ga\r di)
o)cu/thta kai\ mega/la katerga/zontai peri\ ta\s ma/xas.
</p></div2>

<div2 type="section" n="2"><p> *ta\s de\ ta/ceis au)tw=n kata\ sxh=ma oi( me\n tetra/gwnon
pepoi/hntai, oi( de\ e(tero/mhkes, a)/lloi
de\ r(omboeide/s, kai\ e(/teroi sfhnoeide\s h)/toi e)mboloeide/s.
koinw=s de\ a(/pantes ei)/lhn kalou=si to\
su/sthma tou= sxh/matos. th=| me\n ou)=n r(omboeidei=
tw=n ei)lw=n dokou=si *qettaloi\ kexrh=sqai prw=toi
e)n i(ppikh=| polu\ dunhqe/ntes, pro/s te ta\s a)postrofa\s
kai\ ta\s e)pistrofa\s tw=n i(/ppwn, o(/pws mh\ suntara/ttointo
pro\s pa/sas ta\s pleura\s stre/fesqai
duna/menoi: tou\s ga\r a)ri/stous tw=n i(ppe/wn kata\
ta\s pleura\s e)/tatton, pa/lin tou\s e)ce/xontas
a)reth=| kata\ ta\s gwni/as: e)ka/loun de\ to\n me\n kata\
th\n pro/sw gwni/an i)la/rxhn, to\n de\ kata\ th\n o)pi/sw
ou)rago/n, tou\s de\ kata\ th\n decia\n kai\ laia\n plagiofu/lakes.
<pb id="v.4.p.278"/>
</p></div2>

<div2 type="section" n="3"><p> *ta\s d) e)mboloeidei=s *sku/qas e)ceurei=n kai\ *qra=|kas
le/getai, u(/steron de\ xrh/sasqai kai\ *makedo/nas
tau/tais, w(s eu)xrhstote/rais tw=n tetragw/nwn:
to\ ga\r me/twpon tw=n e)mbo/lwn braxu\ gino/menon
w(/sper ka)pi\ tw=n r(omboeidw=n, w(=nper h(/misu/ e)sti
to\ e)mboloeide/s, r(a/|sthn e)poi/ei th\n dii/ppeusin,
meta\ tou= kai\ tou\s h(gemo/nas probeblh=sqai tw=n
a)/llwn: kai\ ta\s a)nastrofa\s eu)mareste/ras tw=n
tetragw/nwn e)pi\ tou/twn gi/nesqai, pro\s e(/na to\n
i)la/rxhn a)poblepo/ntwn a(pa/ntwn, w(s kai\ e)pi\ th=s
tw=n gera/nwn pth/sews gi/netai.
</p></div2>

<div2 type="section" n="4"><p> *tai=s de\ tetragw/nois *pe/rsai te kai\ *sikeloi\ kai\
*(/ellhnes e)xrw=nto dia\ to\ e)n tou/tois du/nasqai
zugei=n te a(/ma kai\ stoixei=n ta\s ei)/las. plh\n
*(/ellhnes e(teromh/kei tw=| plh/qei th\n ei)/lhn e)nalla/ttontes
th=| o)/yei to\ sxh=ma tetra/gwnon a)pedi/dosan.
de/ka ga\r e(/c kata\ mh=kos, o)ktw\ de\ kata\
ba/qos a)/ndras e)/tatton, a)ll) e)n diplasi/ois diasth/masi
dia\ ta\ tw=n i(/ppwn mege/qh. e)/nioi de\
tripla/sion to\ mh=kos tou= ba/qous kat) a)riqmo\n
poih/santes tripla/sion dia/sthma kata\ ba/qos
a)pe/dosan, w(/st) ei)=nai pa/lin to\ sxh=ma tetra/gwnon,
o)rqo/teron ou(=toi dianohqe/ntes, oi)=mai: ou)de\ ga\r
to\ i(ppiko\n ba/qos tw=| pezw=| th\n au)th\n w)feli/an
pare/xei proserei=do/n te kai\ sune/xon th\n ei)/lhn,
<pb id="v.4.p.280"/>
a)lla\ ga\r kai\ bla/bhn e)mpoiei=n oi)=de plei/w tw=n
polemi/wn: e)piba/llontes ga\r a)llh/lois e)ktara/ttousi
tou\s i(/ppous, o(/qen tetragw/nou me\n o)/ntos
tou= a)riqmou= deh/sei to\ sxh=ma poiei=n e(tero/mhkes,
e(teromh/kous de\ o)/ntos, e)a\n de/h| poiei=n tetra/gwnon,
triw=n h)\ tetta/rwn i(ppotw=n ei)=nai deh/sei to\ ba/qos
kai\ pro\s tou=to/ ge to\ mh=kos e)cisou=sqai.
</p></div2>

<div2 type="section" n="5"><p> *plh\n e)/doce to\ r(omboeide\s a)nagkaio/teron ei)=nai
pro\s ta\s metagwga\s dia\ th\n pro\s h(gemo/na neu=sin,
kai\ di) o(/ti o(moi/ws tw=| tetragw/nw| kai\ zugei=n
du/natai kai\ stoixei=n, o(/qen oi( me\n ou(/tws au)to\
sune/tacan, w(/ste fronti/sai tou= sunamfote/rou,
o(/pws a)\n kai\ zugh=| kai\ stoixh=|, oi( de\ ou)/te tou=
zugei=n ou)/te tou= stoixei=n e)fro/ntisan, e)/nioi de\ tou=
zugei=n, ou) me/ntoi tou= stoixei=n, e)/nioi de\ a)na/palin.
</p></div2>

<div2 type="section" n="6"><p> *toi=s me/ntoi zugei=n a(/ma kai\ stoixei=n au)to\
proelome/nois te/taktai to\ me/giston zugo\n kata\
me/son e)k perittou= a)riqmou= oi(=on de/ka kai\ e(na/s,
oi(=o/n e)sti to\ e)k tw=n a a e)n th=| u(pokeime/nh| diagrafh=|:
ei)=t) e)f) e(ka/tera tou=de du/o zuga\ dua/di
au)tou= leipo/mena, pro/sw me\n w(s to\ e)k tw=n bb
sugkei/menon, o)pi/sw de\ w(s to\ e)k tw=n gg, w(/sq)
e(/kaston tw=n b kai\ g stoixei=n e(ka/stw| tw=n a plh\n
tw=n a)/krwn ᾱ kai\ ᾱ: e)/peita e(ch=s meta\ me\n to\ b
zugo\n to\ e)k tw=n dd dua/di au)tou= leipo/menon, meta\
de\ to\ g to\ e)k tw=n ee kai\ tou=to dua/di tou= g
leipo/menon, w(/ste e(/kasto/n te tw=n dd e(ka/stw| tw=n
<pb id="v.4.p.282"/>
bb para\ tou\s a)/krous stoixei=n, kai\ e(/kaston tw=n
ee e(ka/stw| tw=n gg para\ tou\s e)sxa/tous. e)/sontai
dh\ ta\ me\n kata\ b kai\ g zuga\ a)po\ e)nne/a a)ndrw=n,
ta\ de\ kata\ d kai\ e a)po\ z, o(moi/ws de\ tou/tois ta\
me\n e)f) e(ka/tera, oi(=on to\ e)k tw=n zz kai\ hh
e)/stai a)po\ penta/dos, ta\ d) e)/ti e(ch=s w(s to\ e)k tw=n
q kai\ to\ e)k tw=n k a)po\ tria/dos. mona/dos de\
leipome/nhs e)/stw o( pro/sw kata\ to\ l i)la/rxhs,
o( de\ o)/piqen kai\ kata\ to\ m ou)rago/s: plagiofu/lakes
de\ oi( a)/kroi tou= a zugou=, w(/sq) ei)=nai to\ th=s
ei)/lhs plh=qos a)ndrw=n e(no\s kai\ e(ch/konta. to\ de\
a)po\ tou= ᾱ me/sou zugou= e)pi\ to\n i)la/rxhn tri/gwnon
sxh=ma e)/mbolo/n te kai\ sfhnoeide\s o)noma/zetai:
u(poge/graptai de\ ou(/tws:
<figure n="e#3uation"/>
</p></div2>

<div2 type="section" n="7"><p> *(/osois d) h)/rese th\n ei)/lhn zugei=n me/n, ou)ke/ti
de\ kai\ stoixei=n, to\ me/giston kai\ me/son zugo\n e)k
perittw=n a)ndrw=n w(/sper kai\ to\ pro/teron pepoihko/tes,
oi(=on to\ abgdezh, ta\ e)f) e(ka/tera
mona/di leipo/mena ta/ttousin, w(/sper to\ qiklmn
<pb id="v.4.p.284"/>
zugo/n, w(/ste to\ q mh/te tw=| a mh/te tw=| b stoixei=n,
a)ll) e)n tw=| metacu\ au)tw=n kei=sqai ei)s tou)/mprosqen,
w(s au)/tws de\ kai\ tw=n bg to\ i kai\ tw=n gd to\ k kai\
to\ l tw=n de, to\ de\ m tw=n ez kai\ tw=n ch to\ n.
ou(/tw ga\r keime/nwn ou)de\ ei(=s tw=n e)n tw=| qiklmn
zugw=| ou)deni\ tw=n e)n tw=| abgdezh stoixh/sei.
o(moi/ws de\ kai\ to\ coprs zugo\n e)/mprosqen tou=
qiklmn ta/ssousin, w(/ste to\ c mh/te tw=| q mh/te
tw=| i e)p) eu)qei/as ei)=nai, a)ll) e)n tw=| metacu\ to/pw|
kai\ kata\ to\ b tou= prw/tou zugou=, kai\ to\ o metacu\
tou= ik w(s kata\ to\ g, kai\ to\ p metacu\ tw=n kl w(s
kata\ to\ d, to\ de\ r metacu\ tw=n lm w(s kata\ to\ e,
kai\ to\ s metacu\ tw=n mn kata\ to\ z. ou(/tw ga\r
to\ coprs zugo\n ou)deni\ tw=n e)n tw=| paredreu/onti
zugw=| stoixh/sei, oi(=on tw=| qiklmn, a)lla\ tw=| par)
e(/n, oi(=on tw=| abgdezh. e)/stai toi/nun kai\ to\ e(ch=s
zugo\n oi(=on to\ tufx tw=| me\n pro\ au)tou= mh\ stoixou=n
tw=| coprs, tw=| de\ par) e(/n, oi(=on tw=| qiklmn, kai\ to\
yws tw=| me\n tufx ou) stoixh/sei, tw=| de\ para\
tou=to coprs, to\ de\ ou) stoixh/sei tw=| yws,
tw=| de\ para\ tou=to tufx: o( de\ a i)la/rxhs metacu\
me\n e)/stai tw=n, e)p) eu)qei/as de/ tini tw=n e)n
tw=| yws. kai\ tou/tw| de\ tw=| e)mbo/lw| kai\ to\n
o)/pisqen i)/son ta/cantes sumplhrou=si th\n ei)/lhn, h(=s
me\n a e)/stai i)la/rxhs, ou)rago\s de\ a o( e)/sxatos
tw=n duei=n e)mbo/lwn, oi( de\ ah plagiofu/lakes.
kai\ fanero/n, o(/ti th=s toiau/ths ei)/lhs ei) kai\ mh\
<pb id="v.4.p.286"/>
ta\ sunexh= zuga\ stoixei=, a)lla\ ta\ e(\n par) e(\n kei/mena.
</p></div2>

<div2 type="section" n="8"><p> *)epei\ de\ sune/bh zugei=n me/n, ou) stoixei=n de/,
tou=to h(mw=n frontizo/ntwn, stoixei=n le/getai ei)/
ge mo/nws e)n th=| ta/cei fronti/zomen prw/tou tou=
kata\ to\n i)la/rxhn te kai\ ou)rago\n sti/xou, oi(=on
tou= awpdpwa kai\ tw=n e)f) e(ka/tera, oi(=on ukku
kai\ fllf, e)/peita tw=n meta\ tou/sde, oi(=on tou=
te yogoy kai\ tou= s2rers, ei)=ta tw=n e)fech=s, tou=t)
e)/sti tou= te tiit kai\ tou= xmmx, kai\ tw=n meta\
tou/tous cbc kai\ szs, kai\ e)/ti tw=n para\ tou/tous
tou= te qq kai\ tou= nn kai\ teleutai/wn tw=n kata\
tou\s plagiofu/lakes, kai\ ou)de\n me\n dioi/sei kata\
th\n qe/sin tou= zugou=ntos me/n, mh\ stoixou=ntos de/,
th=| d) h(mete/ra| lh/yei th=s ta/cews kai\ th=| fronti/di
stoixh/sei me/n, di) o(/ti oi( tetagme/noi kata\ stoi=xon
a)llh/lous sune/xousin, ou) zugh/sei de/, o(/ti o( prw=tos
tou= prw/tou stoi/xou, oi(=on o( a, tw=| tou= deute/rou
prw/tw|, oi(=on tw=|, ou)k e)p) eu)qei/as e)sti\n kata\ to\ zugei=n.
</p></div2>

<div2 type="section" n="9"><p> *)alla\ kai\ o(/soi mh/te zugei=n mh/te stoixei=n
ma=llon th\n ei)/lhn prou)qumh/qhsan, a)/llon tro/pon
ei)s tau/thn e)ph/|nesan th\n qe/sin: ta/ssousi ga\r
<pb id="v.4.p.288"/>
prw=ton th=s ei)/lhs pro/swpon kai\ oi(=on zugo\n ta\s
ei)s tou)/mprosqen du/o pleura\s tou= r(omboeidou=s,
oi(=on aqctyas2xsnh, labdoeide\s sxh=ma, ei)=q)
e(ch=s u(po\ tou=to dua/di au)tou= leipo/menon to\ qbiouw
frmzn, ei)=ta cigkplems dua/di kai\ tou=to tou=
pro\ au)tou= leipo/menon, zugarxou=ntos tou= e)n th=|
kata\ to\ me/son gwni/a|, oi(=on tw=n awp, e(ch=s de\
tou/tw| to\ tokdlrx, ou(= zuga/rxhs o( d, kai\ u(po\
tou=to to\ yupfs, u(f) o(\ to\ w, kai\ e)/sxatos
ou)rago\s o( a. fanero\n ou)=n o(/ti qe/sei me\n ou)de\n
dioi/sei tw=n prote/rwn, lh/yei de\ mo/non, w(s e)k th=s
u(pografh=s dh=lon e)/stai.
<figure n="e#3uation"/>
</p></div2>

<div2 type="section" n="10"><p> *ta/ttousi de\ ta\s ei)/las, w(/sper kai\ ta\ yila/,
tote\ me\n pro\ th=s fa/laggos, tote\ de\ u(po\ th=| fa/laggi,
<pb id="v.4.p.290"/>
a)/llote d) e)k plagi/wn, o(/qen kai\ tou/twn to\
plh=qos fa/lagga me\n ou) kalou=sin, e)pi/tagma de/,
w(/sper kai\ to\ tw=n yilw=n, di) o(/ti e)pi\ th=| fa/laggi
ta/ttontai pro\s ta\s parakalou/sas au)th\n xrei/as.
</p></div2>

<div2 type="section" n="11"><p> *ta\s me\n ou)=n du/o ei)/las e)pilarxi/an w)no/masan,
ta\s de\ du/o e)pilarxi/as *tarantinarxi/an, ta\s de\
du/o *tarantinarxi/as i(pparxi/an, ta\s de\ du/o i(pparxi/as
e)fipparxi/an, to\ de\ diplou=n th=s e)fipparxi/as
te/los a)na/logon tw=| ke/rati th=s fa/laggos. a)po\
gou=n tw=n du/o telw=n to\ o(/lon e)pi/tagma gi/netai
a)na/logon th=| fa/laggi.
</p></div2></div1>

<div1 type="chapter" n="8">
<div2 type="section" n="1"><p>*peri\ a(rma/twn
*tw=n de\ a(rma/twn kai\ e)lefa/ntwn ei) kai\ th\n
xrh=sin spani/zousan eu(ri/skomen, a)ll) o(mw=s pro\s
to\ te/leion th=s grafh=s ta\s o)nomasi/as e)kqhso/meqa.
kalousi toi/non ta\ me\n du/o a(/rmata zugarxi/an, ta\s
de\ du/o zugarxi/as suzugi/an, du/o de\ suzugi/as
e)pisuzugi/an, du/o de\ e)pisuzugi/as a(rmatarxi/an,
kai\ to\ e)k tw=n a(rmatarxiw=n ke/ras, ou(= to\ dipla/sion
fa/lagga. plei/osi de\ fa/lagci a(rma/twn
xrw/menon e)/cesti tai=s au)tai=s o)nomasi/ais sugkexrh=sqai.
e)/sti de\ tw=n a(rma/twn ta\ me\n yila/,
ta\ de\ drepanhfo/ra kata\ tou\s a)/conas.
</p></div2></div1>

<div1 type="chapter" n="9">
<div2 type="section" n="1"><p>*peri\ e)lefa/ntwn
*)epi\ de\ tw=n e)lefa/ntwn o( me\n e(no\s e)le/fantos
a)/rxwn zw/|arxos o)noma/zetai, o( de\ duei=n qh/rarxos
<pb id="v.4.p.292"/>
kai\ to\ su/sthma qhrarxi/a, o( de\ tessa/rwn e)piqh/rarxos
kai\ e)piqhrarxi/a to\ su/sthma, o( de\ tw=n
o)ktw\ i)la/rxhs, tw=n de\ e(ckai/deka e)lefanta/rxhs,
kera/rxhs de\ o( tw=n du/o kai\ tria/konta, o( de\ tw=n
diplasio/nwn falagga/rxhs, kai\ o(mwnu/mws to\
su/sthma kaq) e(ka/sthn a)rxh\n keklh/setai.
</p></div2></div1>

<div1 type="chapter" n="10">
<div2 type="section" n="1"><p>*peri\ tw=n kata\ th\n ki/nhsin o)nomasiw=n
*ta\ me\n ou)=n ei)/dh th=s telei/as duna/mews kai\ ta\
o)no/mata tw=n e)n au)th=| tagma/twn ei)/rhtai: e(ch=s
de\ peri\ tw=n o)noma/twn a)ko/louqon le/gein, oi(=s
xrw/menoi metarruqmi/zousin oi( strathgoi\ ta\s
fa/laggas: fasi\ ga\r to\ me/n ti kli/sin e)pi\ do/ru
h)\ e)p) a)spi/da, to\ de\ metabolh\n kai\ e)pistrofh/n,
a)/llo kai\ a)nastrofh/n, e(/teron kai\ perispasmo\n
kai\ e)kperispasmo/n, a)pokata/stasi/n te kai\ e)pikata/stasin,
stoixei=n te kai\ zugei=n kai\ ei)s o)rqo\n
a)podou=nai kai\ e)celi/ssein kai\ diplasia/zein: fasi\
de/ ti kai\ e)pagwgh\n kai\ paragwgh\n decia\n h)\
laia\n kai\ plagi/an fa/lagga kai\ o)rqi/an kai\ loch/n,
kai\ parembolh\n kai\ pare/nqesin, pro/taci/n te kai\
<pb id="v.4.p.294"/>
u(po/tacin kai\ e)pi/tacin, w(=n e(/kaston o(/ ti shmai/nei,
dhlw=sai dia\ braxe/wn peiraso/meqa.
</p></div2>

<div2 type="section" n="2"><p> *kli/sis me\n ou)=n e)stin h( kat) a)/ndra ki/nhsis, e)pi\
do/ru me\n h( e)pi\ decia/, e)p) a)spi/da de\ h( e)p) a)ristera/,
e)pi\ de\ tw=n i(ppotw=n e)f) h(ni/an: gi/netai de\
kata\ ta\s e)k plagi/wn e)fo/dous tw=n polemi/wn
a)ntipori/as xa/rin h)\ u(perkera/sews o(/per e)sti\n
u(perbale/sqai to\ ke/ras tw=n polemi/wn.
</p></div2>

<div2 type="section" n="3"><p> *(h de\ di\s e)pi\ to\ au)to\ ginome/nh kli/sis kata\
nw/tou ta\s tw=n o(plitw=n o)/yeis metatiqei=sa kalei=tai
metabolh/, h(=s du/o diaforai/, h( me\n a)po\ tw=n polemi/wn,
h(\n kai\ e)p) ou)ra\n e)ponoma/zousin, h( d)
e)pi\ tou\s polemi/ous a)p) ou)ra=s kaloume/nh.
</p></div2>

<div2 type="section" n="4"><p> *)epistrofh\ de/ e)stin, o(/t) a)\n puknw/santes o(/lon
to\ su/ntagma kata\ lo/xon te kai\ zugo\n w(s e(no\s
a)ndro\s sw=ma kli/nwmen, w(s a)\n peri\ ke/ntron peri\
to\n prw=ton loxago/n, ei) me\n e)pi\ do/ru, to\n decio/n,
ei) de\ e)p) a)spi/da, to\n a)ristero\n o(/lou tou= sunta/gmatos
perienexqe/ntos kai\ metalabo/ntos to\n
e)/mprosqen to/pon kai\ e)pifa/neian, e)pi\ do/ru me\n
th\n e)k deciw=n, e)p) a)spi/da de\ th\n e)pi\ laia/n.
</p></div2>

<div2 type="section" n="5"><p> *oi(=on e)/stw su/ntagma to\ abgd, loxagw=n d) e)n
au)tw=| zugo\n to\ ab: dh=lon de/, o(/ti decio\s me\n
e)/stai loxago\s o( kata\ to\ b, laio\s de\ o( kata\ to\ a,
<pb id="v.4.p.296"/>
kai\ e)pi\ do/ru me\n ta\ kata\ to\ b me/rh, e)p) a)spi/da
de\ ta\ kata\ to\ a: me/nontos toi/nun tou= b, ei) e)pistre/fomen
o(/lon to\ abgd su/ntagma e)pi\ do/ru, to\
kata\ th\n ab zugo\n metasth/setai e)pi\ th\n pro\s
o)rqa\s au)tw=| qe/sin th\n be kai\ o(/lon to\ badg e)/stai
w(s to\ bezh e)pestramme/non e)pi\ do/ru kai\ kateilhfo\s
to/pon me\n to\n e)/mprosqen, e)pifa/neian de\ th\n decia/n.
</p></div2>

<div2 type="section" n="6"><p> *)anastrofh\ de/ e)stin a)pokata/stasis th=s e)pistrofh=s
ei)s o(\n prokatei=xe to\ su/ntagma to/pon,
oi(=on to\n kata\ to\ abgd.
</p></div2>

<div2 type="section" n="7"><p> *perispasmo\s de/ e)stin h( e)k duei=n e)pistrofw=n
tou= sunta/gmatos ki/nhsis kata\ to\ au)to\ me/ros w(s
to\ bqkl: th=s me\n ga\r prw/ths e)pistrofh=s th=s
kata\ to\ bezh e)pe/xei to/pon me\n to\n e)/mprosqen,
e)pifa/neian de\ th\n decia/n, th=s d) e)c a)rxh=s qe/sews
th=s abgd ei)s tou)pi/sw ble/pei.
</p></div2>

<div2 type="section" n="8"><p> *)ekperispasmo\s de/ e)stin, o(/t) a)\n e)k triw=n e)pistrofw=n
e)pi\ ta\ au)ta\ sunexw=n kinh=tai ta\ sunta/gmata
ei)s to\n o)/piqen to/pon kai\ th\n ei)s laio\n
e)pifa/neian, kaqa/per e)/xei to\ bmnc, tou= me\n bqkl ei)s
tou)/mprosqen kata\ th\n decia\n kei/menon e)pifa/neian,
tou= de\ kata\ th\n e)c a)rxh=s qe/sin badg ei)s tou)/pisqe/n
te metapeso\n kai\ th\n a)ristera\n ble/pon e)pifa/neian.
</p></div2>

<div2 type="section" n="9"><p> *kai\ fanero/n, o(/ti to\n e)kperispasmo\n ou) kata\
<pb id="v.4.p.298"/>
a)nastrofh\n a)pokaqista/nein prosh/kei&mdash;dehso/meqa
ga\r triw=n a)nastrofw=n, i(/na a)pokatasth=|,
th=s te e)pi\ to\ bqkl kai\ th=s e)pi\ to\ bezh kai\ e)/ti
th=s e)pi\ to\ badg, &mdash;a)lla\ kat) e)pistrofh\n mi/an
th\n e)pi\ to\ do/ru, di) o(/ti to\ badg tou= bmnc to/pon
me\n e)/xei to\n e)/mprosqen, e)pifa/neian de\ th\n e)k
deciw=n. kalei=tai de\ h( kat) e)pistrofh\n ei)s to\
e)c a)rxh=s a)pokata/stasis e)pikata/stasis.
</p></div2>

<div2 type="section" n="10"><p> *(h me\n ou)=n prw/th e)pistrofh\ kai\ h( tri/th kaloume/nh
e)kperispasmo\s monaxw=s a)pokaqi/stantai,
h( me\n kata\ a)nastrofh\n mo/nws h( bezh, h( de\ kat)
e)pistrofh\n mo/nws h( bmnc: h( de\ dh\ me/sh tou/twn
h( bqkl, h(\n kai\ perispasmo\n kalou=men, dixw=s
a)pokaqi/statai, di) o(/ti h( kata\ a)nastrofh\n
ki/nhsis au)th=s i)/sh e)sti\ th=| kat) e)pistrofh/n: du/o
ga\r a)nastrofai=s a)pokatasth/setai th=| te ei)s to\
bezh kai\ th=| ei)s to\ badg, kai\ du/o e)pistrofai=s
e)pikatasth/setai, th=| te ei)s to\ bmnc kai\ th=| ei)s to\ badg.
</p></div2>

<div2 type="section" n="11"><p> *ei) d) e)p) a)spi/da poioi/meqa th\n e)pistrofh/n,
to/pon e)fe/cei to\ su/ntagma kai\ ou(/tw to\n e)/mprosqen,
e)pifa/neian de\ e)nanti/an th\n kat) a)ristera/n:
metataxqe\n ga\r to\ abgd peri\ me/nonta to\n a
loxago\n qe/sin e(/cei th\n aopr kata\ prw/thn e)pistrofh/n,
kata\ de\ perispasmo\n th\n astu, e)kperispasqei=sa
<pb id="v.4.p.300"/>
de\ th\n afxy kai\ e)pikatastaqei=sa
th\n abgd. h( de\ tw=n a)pokatasta/sewn diafora\
o(moi/a tai=s e)pi\ do/ru soi noei/sqw.
*tau=ta de\ gi/netai o(po/t) a)\n oi( pole/mioi parafai/nwntai
kata\ pleura\n th=s fa/laggos.
<figure n="e#3uation"/>
</p></div2>

<div2 type="section" n="12"><p> *ei)s o)rqo\n de/ e)stin a)podou=nai to\ e)pi\ th\n e)c
a)rxh=s qe/sin a)pokatasth=sai a)/ndra e(/kaston w(/ste,
ei) e)pi\ do/ru kli/nein e)k tw=n polemi/wn keleu/ointo
ei)=ta au)=qis e)p) o)rqo\n a)podou=nai, deh/sei e)pi\ tou\s
polemi/ous pa/lin tre/pesqai.
</p></div2>

<div2 type="section" n="13"><p> *)eceligmo\s de\ gi/netai trixw=s, *makedoniko/s te
<pb id="v.4.p.302"/>
kai\ *lakwniko\s kai\ e)/ti *krhtiko\s h)/toi *persiko/s:
tou=to de\ gi/netai dixw=s, h)\ kata\ stoi=xon h)\ kata\ zugo/n.
*makedoniko\s me\n ou)=n e)stin e)celigmo/s, o(/t) a)\n tou=
loxagou=ntos zugou= to\n oi)kei=on to/pon e)pe/xontos
ta\ o)pi/sw zuga\ to\n e)/mprosqen katala/bh| to/pon
meqistame/nwn me/xris ou)ragou=, ei)=ta kat) a)/ndra
metaballo/ntwn: oi(=on ei) tou= abgde zugou= loxagou=ntos
kai\ me/nontos e)pi\ tau)tou= ta\ ei)s tou)pi/sw
to\ zhqik kai\ to\ lmnco ei)s to\ pro/sw kaqi/sthtai,
h)/toi kata\ zugo/n, w(/ste to\ zhqik metasth=nai
pro/teron kai\ gene/sqai kata\ to\ prstu, e)/peita
to\ lmnco kata\ to\ fxyws, h)\ kata\ stoi=xon, w(/ste
ta\ me\n ko gene/sqai kata\ ta\ us, ta\ de\ ic kata\ ta\
tw kai\ ta\ e(ch=s, oi(=on ta\ qn kata\ ta\ sy kai\ ta\
hm kata\ ta\ rx kai\ ta\ zl kata\ ta\ pf: ei)=ta
kai\ kat) a)/ndra metaba/lwsin a)po\ ou)ragou=, to/de
e)sti\n a)pestra/fqai me\n ta\ prstu kai\ ta\ fxyw
me/rh, ble/pein de\ kata\ ta\ abgde dia\ to\ o)/piqen
o)fqh=nai tou\s polemi/ous. fanero\n de\ o(/ti kata\
tou=ton to\n e)celigmo\n h( fa/lagc do/ceien a)\n u(poxwrei=n
tou= oi)kei/ou to/pou kai\ fugh=| paraplh/sion
poiei=n, o(\ dh\ qarralewte/rous me\n poiei= tou\s
polemi/ous, a)sqeneste/rous de\ tou\s e)celi/ssontas.
</p></div2>

<div2 type="section" n="14"><p> *(o de\ *lakwniko\s e)celigmo\s to\n e)nanti/on tou/tw|
<pb id="v.4.p.304"/>
metalamba/nei to/pon: metaba/llei ga\r e(/kastos
e)p) ou)ra/n, me/nontos tou= ou)ragou=ntos zugou= oi(=on
tou= lmnco: ta\ ga\r loipa/, to/ te zhqik kai\ to\
abgde meqi/statai e)f) e(ka/tera ... tou= ou)ragou=ntos,
dixw=s dh=lon o(/ti, h)/toi kata\ stoi=xon
h)\ kata\ zugo/n, kai\ qe/sin e)/xei to\ me\n zhqik th\n
tou= *z*h*q*i*k, to\ de\ abgde th\n tou= *a*b*g*d*e.
tou=to dh\ poiw=n o( *lakwniko\s e)celigmo\s th\n e)nanti/an
kata\ to\n *makedoniko\n toi=s polemi/ois pare/xetai
do/can: e)forma=n ga\r kai\ e)pie/nai do/ceien a)\n o)/piqen
parafanei=sin, w(/ste kataplh=cai au)tou\s kai\ deili/an
e)k tou=de gene/sqai.
</p></div2>

<div2 type="section" n="15"><p>*(o *krhtiko\s de\ kai\ *persiko\s kalou/menos me/sos
e)sti\n a)mfoi=n: ou) ga\r to\n o)/piqen th=s fa/laggos
metalamba/nei to/pon, w(s o( *makedoniko/s, ou)/te
to\n e)/mprosqen, w(s o( *lakwniko/s, a)ll) e)pi\ tou=
<figure n="e#3uation"/>
au)tou= xwri/ou o( me\n loxago\s tou= ou)ragou= to\n
to/pon metalamba/nei kai\ oi( kata\ to\ e(ch=s e)pista/tai
<pb id="v.4.p.306"/>
kai\ prwtosta/tai kai\ ... paraporeuo/menoi
ka)ntau=qa dixw=s h)\ kata\ lo/xon h)\ kata\
zugo/n, a)/xris a)\n o( ou)rago\s to\n tou= loxagou= to/pon
a)ntimetala/bh|, oi(=on loxagou=ntos tou= abgde kai\
e(ch=s e)pistatou=ntos tou= zhqik kai\ e)f) e(ch=s tou=
lmnco, kai\ meta\ tou=to tou= prstu&mdash;e)/stw de\ tou=to
ou)ragou=n&mdash;o(/t) a)\n to\ me\n abgde to\n tou= prstu
to/pon metalamba/nh|, to\ de\ zhqik to\n tou= lmnco,
to\ de\ lmnco to\n tou= zhqik, to\ de\ prstu to\n tou=
abgde. ou(/tw ga\r o( e)celigmo\s ou)k a)posth/sei
tou= au)tou= xwri/ou th\n fa/lagga, o(/per h(mi=n e)/stai
xrh/simon, o(po/t) a)\n w)=sin oi( e(kate/rwqen to/poi faulo/teroi.
</p></div2>

<div2 type="section" n="16"><p> *gi/nontai de\ kata\ zugo\n e)celigmoi/, o(/t) a)\n ta\
ke/rata meqi/sthtai tw=n a)potomw=n: dia\ tau=ta
ga\r i)sxura\ poiei=tai ta\ me/sa th=s fa/laggos.
e)ni/ote de\ kata\ a)potoma\s ou)k e)gxwrei= tou\s
e)celigmou\s poih/sasqai, o(/t) a)\n e)ggu\s w)=sin oi(
pole/mioi, a)lla\ kata\ su/ntagma, w(/ste to\ tou=
sunta/gmatos decio\n a)ntimetalamba/nein ta\ laia\ kai\ a)na/palin.
<pb id="v.4.p.308"/>
<figure n="e#3uation"/>
</p></div2>

<div2 type="section" n="17"><p>*diplasia/sai de\ le/getai dixw=s: h)\ ga\r to/pon,
e)n w(=| h( fa/lagc, me/nontos tou= plh/qous tw=n a)ndrw=n,
h)\ to\n a)riqmo\n au)tw=n: gi/netai de\ e(ka/teron dixw=s
kata\ lo/xon h)\ kata\ zugo/n, tau)to\n de\ ei)pei=n kata\
ba/qos h)\ kata\ mh=kos. kata\ mh=kos me\n ou)=n
gi/netai diplasiasmo\s a)ndrw=n, o(/t) a)\n metacu\
tw=n prou+parxo/ntwn lo/xwn paremba/lwmen h)\ paremple/kwmen
a)/llous au)toi=s i)sari/qmous to\ mh=kos
th=s fa/laggos fula/ttontes, w(/ste pu/knwsin gene/sqai
mo/nhn e)k th=s tw=n a)ndrw=n diplasia/sews:
kata\ ba/qos de/, o(/t) a)\n metacu\ tw=n prou+parxo/ntwn
zugw=n a)/lla au)toi=s i)sa/riqma paremba/lwmen w(/ste
kata\ ba/qos ei)=nai pu/knwsin mo/nhn: ti/ de\ dienh/noxe
parembolh\ paremplokh=s, ei)/rhtai pro/teron.
</p></div2>

<div2 type="section" n="18"><p> *to/pou de\ gi/netai diplasiasmo\s kata\ mh=kos me/n,
o(/t) a)\n th\n proeirhme/nhn kata\ mh=kos pu/knwsin
mano/thti metata/ttwmen, h)\ oi( parenteqe/ntes
e)celi/cwsi kata\ mh=kos pro\s to\ mh\ u(perkerasqh=nai
u(po\ tw=n polemi/wn h)\ o(/t) a)\n u(perkera/sai boulw/meqa
tou\s polemi/ous: to\ d) u(perkera/sai e)sti\n to\ tw=|
<pb id="v.4.p.310"/>
ke/rati tw=| e(te/rw| u(perbale/sqai to\ e)kei/nwn ke/ras&mdash;
tou=to de\ gi/netai e)ni/ote kai\ tou= e(te/rou e)llei/pontos
di) o)ligo/thta a)ndrw=n, w(s, o(/t) a)/n ge kaq)
e(ka/teron ke/ras u(perba/llwsin, u(perfalaggei=n le/getai.
</p></div2>

<div2 type="section" n="19"><p> *kata\ ba/qos de\ gi/netai to/pou diplasiasmo/s,
o(/t) a)\n th\n proeirhme/nhn kata\ ba/qos pu/knwsin
mano/thti metata/ttomen h)\ oi( parenteqe/ntes e)celi/cwsi
kata\ ba/qos.
</p></div2>

<div2 type="section" n="20"><p>*)apokatasth=sai de\ o(/t) a)\n boulw/meqa e)pi\ ta\
e)c a)rxh=s, paraggelou=men e)celi/ssein tou\s metatetagme/nous
ei)s ou(\s proei=xon to/pous. e)/nioi de\
tou\s toiou/tous diplasiasmou\s a)podokima/zousin
kai\ ma/lista e)ggu\s o)/ntwn tw=n polemi/wn, e)f)
e(ka/tera de\ tw=n kera/twn tou\s yilou\s kai\ tou\s
i(ppe/as e)pektei/nontes th\n o)/yin tou= diplasiasmou=
xwri\s taraxh=s th=s fa/laggos a)podido/asin.
</p></div2>

<div2 type="section" n="21"><p> *gi/netai de\ e)k tw=n toiou/twn sxhmatismw=n
fa/lagc tote\ me\n tetra/gwnos, tote\ de\ paramh/khs
kai\ h)/toi plagi/a, o(/t) a)\n to\ mh=kos tou= ba/qous
pollapla/sion h)=|, h)\ o)rqi/a o(/t) a)\n a)na/palin to\
ba/qos tou= mh/kous: tou/twn d) a)na\ me/son h( loch/,
h( qa)/teron ke/ras plhsi/on e)/xousa tw=n polemi/wn
kai\ e)n au)tw=| to\n a)gw=na poioume/nh, qa)/teron d) e)n
<pb id="v.4.p.312"/>
a)posta/sei di) u(postolh=s e)/xousa, decia\ me\n h(
to\ decio\n probeblhme/nh, laia\ de\ h( to\ laio/n.
<figure n="e#3uation"/>
</p></div2>

<div2 type="section" n="22"><p>*polla\ de\ kai\ a)/lla sxh/mata ou) mo/non e)n tai=s
ma/xais, a)lla\ ka)n tai=s porei/ais i)/sxei pro\s ta\s e)cai/fnhs
tw=n polemi/wn e)fo/dous: katadiairei=tai ga\r
ei)s ta\ me/rh tote\ me\n ta\ mei/zw, tote\ de\ ta\ e)la/ttw,
oi(=on ke/rata kai\ a)potoma/s, w(/st) e)n th=| suzeu/cei
ta\s moi/ras tote\ me\n a)ntisto/mous gene/sqai, tote\
de\ a)mfisto/mous, a)/llote de\ o(moiosto/mous h)\ e(terosto/mous.
*)\h ga\r e)c e(no\s me/rous u(forw=ntai tou\s polemi/ous
h)\ e)k duei=n h)\ triw=n h)\ pantaxo/qen, peri\ w(=n e(ch=s ei)/rhtai.
</p></div2></div1>

<div1 type="chapter" n="11">
<div2 type="section" n="1"><p>*peri\ poreiw=n
*paragwgh\ kalei=tai h( th=s fa/laggos h)/toi kaq)
o(/lhn h)\ kata\ me/rh kai/, ei) kaq) o(/lhn, h)\ plagi/a
le/getai, o(/t) a)\n kata\ th\n plagi/an qe/sin badi/zh|,
h)\ o)rqi/a, o(/t) a)\n kata\ th\n o)rqi/an: kai\ ei) plagi/a
poreu/oito, h)/toi kat) o)rqo/n, o(/t) a)\n kata\ tou\s
<pb id="v.4.p.314"/>
loxagou/s, h)\ e)p) ou)ra/n, o(/t) a)\n kata\ tou\s ou)ragou/s:
o)rqi/a de\ ei) fe/roito kai\ to\ loxagou=n zugo/n, o(\ dh\
kai\ sto/ma le/getai, decio\n e)/xei, decia\ kalei=tai,
ei) de\ laio/n, a)ristera/: loch\ de\ w(s au)/tws laia/ te
kai\ decia\ h( to\ prou)=xon e)/xousa ke/ras o(mw/numon,
kurth\ de\ kai\ koi/lh kai\ e)pika/mpios ei)s tou)pi/sw
h)\ kai\ pro/sw h( to\ sto/ma koi=lon h)\ kurto\n h)\ ei)s
tou)pi/sw h)\ kai\ pro/sw e)pikekamme/non e)/xousa, w(s
e)/xei ta\ u(pogegramme/na.
<figure n="e#3uation"/>
<pb id="v.4.p.316"/>
</p></div2>

<div2 type="section" n="2"><p> *to\ d) o)/rqion tou=to kai\ pla/gion ou) mo/non e)pi\
th=s o(/lhs fa/laggos e)kde/xesqai dei=, a)lla\ ga\r
kai\ e)pi\ tw=n merw=n: ei) ga\r kata\ ke/rata badi/zoi
h( fa/lagc, h)\ kat) o)/rqia h)\ pla/gia, kai/, ei)/te kat)
o)/rqia ei)/te pla/gia, h)\ kat) e)pagwgh\n h)/toi su/zeucin:
e)/sti de\ kat) e)pagwgh\n me/n, o(/t) a)\n to\ deu/teron
e(/phtai tw=| prote/rw|, kata\ su/zeucin de/, o(/t) a)\n
mhd) e(/teron qa)te/rou prohgh=tai.
</p></div2>

<div2 type="section" n="3"><p> *tou= d) o)rqi/ou kata\ su/zeucin ei)/dh te/ssara: h)\
ga\r decia/ e)stin a)/mfw ta\ sto/mata h)\ laia\ kai\
kalei=tai h( fa/lagc o(moio/stomos, h( me\n decia/, h(
de\ laia/, h)\ e)nanti/ws e)/xei ta\ sto/mata, kai\ ei) me\n
kata\ tau=ta suna/ptoien a)llh/lois, a)nti/stomos
e)ponoma/zetai, ei) de\ kata\ tou\s ou)ragou/s, a)mfi/stomos.
</p></div2>

<div2 type="section" n="4"><p> *tw=n de\ kat) e)pagwgh\n poreuome/nwn poiei=n
e)/stin o)/rqia e(terosto/mws mo/non, w(/ste to\ me\n
e)/xei decio/n, to\ de\ laio\n sto/ma: ou) ga\r oi(=o/n te
e)pi\ ta\ au)ta\ e)/xein a)/mfw, ou)de\n ga\r dioi/sei th=s
o(/lhs ta\ ke/rata, di) o(\ kai\ ta\ pla/gia ou(/tws mo/non
suzeuxqh/sontai: kat) e)pagwgh\n ga\r ta\ pla/gia
<pb id="v.4.p.318"/>
h)\ o(moiosto/mws sunteqh/sontai h)\ a)mfisto/mws:
toi=s ga\r ou)ragoi=s tou= h(goume/nou tote\ me\n oi(
loxagoi/, tote\ de\ oi( ou)ragoi\ tou= e(pome/nou metatagh/sontai.
<figure n="e#3uation"/>
</p></div2>

<div2 type="section" n="5"><p> *kai\ ta\ loca\ de\ suntiqe/mena ditta\s e)/xousi
diafora/s: h)\ ga\r laio\n e)n laiw=| ta/ttetai me/rei
kai\ decio\n e)ndeciw=| kai\ kalei=tai h( o(/lh koile/mbolos,
h)\ a)na/palin kai\ le/getai e)/mbolos, w(s ta\
u(potetagme/na sxh/mata.
<figure n="e#3uation"/>
</p></div2>

<div2 type="section" n="6"><p> *)/esti d) o(/te kai\ tetrameri/a| poreu/ontai kata\
a)potoma\s pantoxo/qen fulatto/menoi tou\s polemi/ous
kai\ gi/netai tetra/pleuron peri/stomon tote\
<pb id="v.4.p.320"/>
me\n e(tero/mhkes, tote\ de\ tetra/gwnon, pantaxo/qen
e)/xon sto/mata w(s to\ u(pogegramme/non.
<figure n="e#3uation"/>
</p></div2>

<div2 type="section" n="7"><p> *(/ot) a)\n de\ kata\ plei/w me/rh poreu/wntai, h)\
e)sparme/na sunta/gmata poreu/setai h)\ peplegme/na:
peplegme/na de/ e)stin o(/t) a)\n loca\ poreu/htai
u)oeidh= th\n o(/lhn poiou=nta fa/lagga:
e)sparme/na de\ o(po/t) a)\n kata\ parallhlo/gramma
mo/nais tai=s gwni/ais suna/ptonta a)llh/lois, tai=s
de\ pleurai=s e)pi\ to\ pro/sw ble/ponta. kai\ o(
tou/twn de\ tu/pos e)k th=s u(pografh=s e)/stai fanero/s:
ge/noito d) a)\n kata\ to\ ei)ko\s kai\ e(/tera sxh/mata
pro\s ta\s a)nakuptou/sas a(rmo/zonta xrei/as.
</p></div2>

<div2 type="section" n="8"><p> *)anagkaiota/th d) ou)=sa kai\ h( tw=n skeuofo/rwn
a)gwgh\ h(gemo/nos deome/nh kata\ tro/pous gi/netai
<pb id="v.4.p.322"/>
pe/nte: h)\ ga\r proa/gein dei= th=s fa/laggos, o(/t) a)\n
e)k polemi/wn a)pi/h|, h)\ e)pakolouqei=n, o(/t) a)\n ei)s
polemi/ous e)mba/llh|, h)\ para\ th\n fa/lagga kata\
<figure n="e#3uation"/>
laia\ h)\ decia\ ei)=nai, o(po/t) a)\n fobh=tai ta)nanti/a
me/rh, h)\ to/ ge leipo/menon a)go/mena e)nto\s koi/lh| th=|
fa/laggi perie/xesqai pantaxo/qen o)/ntos tou= de/ous.
</p></div2></div1>

<div1 type="chapter" n="12">
<div2 type="section" n="1"><p>*peri\ tw=n kata\ ta\s kinh/seis prostagma/twn
*tosou/twn de\ o)/ntwn kai\ toiou/twn sxhmatismw=n
e(po/menon a)\n ei)/h toi=s peri\ au)tw=n e)pie/nai prosta/gmasi,
kaq) a(\ sxhmati/zein te au)ta\ kai\ kinei=n
dunhso/meqa kai\ a)pokaqista/nein ei)s th\n prou+pa/rxousan
ta/cin. tou=to ga\r h)=n e)/ti leipo/menon.
</p></div2>

<div2 type="section" n="2"><p> *(/ot) a)\n me\n ou)=n e)pi\ do/ru ta\ sunta/gmata e)pistre/fein
boulw/meqa, paraggelou=men to\n e)pi\ tou=
deciou= lo/xon h(suxi/an a)/gein, e(/kaston de\ tw=n e)n
toi=s a)/llois lo/xois e)pi\ do/ru kli=nai, prosa/gein te
e)pi\ to\ decio/n, ei)=ta ei)s o)rqo\n a)podou=nai, e)/peita
<pb id="v.4.p.324"/>
prosa/gein ta\ o)pi/sw zuga/, kai\ tau/ths genome/nhs
th=s puknw/sews e)pistre/fein e)pi\ do/ru, kai\ e)/stai
to\ su/ntagma e)pestramme/non.
</p></div2>

<div2 type="section" n="3"><p> *)ea\n de\ e)pi\ th\n e)c a)rxh=s qe/sin a)pokatasth=sai
boulw/meqa, e)p) a)spi/da metaba/llesqai paraggelou=men
&mdash;h( de\ metabolh\ ti/ shmai/nei pro/teron
ei)/rhtai&mdash;, ei)=t) a)nastre/fein o(/lon to\ su/ntagma,
e)/peita e)c a)rxh=s tw=n loxagw=n h)remou/ntwn oi(
loipoi\ kata\ zuga\ proage/twsan, e)/peita metaballe/sqwsan,
e)f) a(\ e)c a)rxh=s e)/neuon: e)/peita o(
decio\s h)remei/tw lo/xos, oi( de\ loipoi\ e)p) a)spi/da
kline/twsan kai\ proa/gontes a)pokaqista/qwsan.
ou(/tw ga\r th\n ta/cin, h(\n pro/teron ei)=xen, e(/kastos a)polh/yetai.
</p></div2>

<div2 type="section" n="4"><p> *ei) d) e)p) a)spi/da bouloi/meqa e)pistre/fein,
paraggelou=men e(ka/stou sunta/gmatos to\n laio\n
lo/xon h)remei=n, tw=n de\ a)/llwn e(/kaston e)p) a)spi/da
kli=nai kai\ prosa/gein ei)s ta\ laia/, ei)=ta ei)s o)rqo\n
a)podou=nai, e)/peita prosa/gein ta\ o)pi/sw zuga/,
kai\ genome/nhs th=s puknw/sews e)p) a)spi/da e)pistre/fein
peri\ to\n laio\n loxago/n, kai\ ge/gone to\ paraggelqe/n.
</p></div2>

<div2 type="section" n="5"><p> *)apokatasth=sai de\ boulo/menoi e(/kaston metabalou=men,
ei)=ta su/ntagma a)nastreya/tw, ei)=ta oi(
<pb id="v.4.p.326"/>
loxagoi\ h)remei/twsan, oi( de\ loipoi\ kata\ zuga\
proage/twsan, e)/peita metaballe/sqwsan e)f) a(\ e)c
a)rxh=s e)/neuon, e)/peita o( laio\s lo/xos h)remei/tw, oi(
de\ loipoi\ e)pi\ do/ru kli/nantes proage/twsan, e(/ws
a)\n a)pokatasth=| ta\ diasth/mata, ei)=ta ei)s o)rqo\n
a)podo/twsan, kai\ pa/ntes e(/cousi th\n ta/cin h(\n
pro/teron ei)=xon.
</p></div2>

<div2 type="section" n="6"><p> *)ea\n de\ e)pi\ do/ru perispa=n boulw/meqa, du/o
e)pistrofa\s e)pi\ to\ au)to\ poih=sai paraggelou=men:
a)pokatasth=sai de\ boulo/menoi paraggelou=men e)/ti
e)pi\ do/ru perispa=n&mdash;e)k tessa/rwn ga\r e)pistrofw=n
ei)s to\ au)to\ pa/lin a)pokaqi/statai&mdash;, tou/twn de\
genome/nwn e)/ti paraggelou=men tou\s loxagou\s
h)remei=n, tou\s de\ loipou\s metaba/llesqai kai\
a)pie/nai ta\ o)pi/sw zuga/, ei)=ta pa/lin metaba/llesqai,
to\n decio\n de\ lo/xon h)remei=n kai\ tou\s loipou\s
e)p) a)spi/da kli/nantes proa/gein kai\ a)pokaqista/nein
ei)s to\ e)c a)rxh=s dia/sthma, ei)=ta ei)s o)rqo\n a)podou=nai,
kai\ ou(/tws e)/stai ei)s to\ e)c a)rxh=s kaqestw=ta.
</p></div2>

<div2 type="section" n="7"><p> *ei) de\ e)p) a)spi/da boulo/meqa perispa=n, toi=s e)nanti/ois
paraggelou=men e)p) a)spi/da di\s e)pistre/fein,
<pb id="v.4.p.328"/>
... a)lla\ mh\ e)pi\ do/ru, kai\ tai=s o(moi/ais a)gwgai=s
xrh/sasqai. o(moi/ws de\ kai\ e)kperispa/sai boulo/menoi
tri\s e)pistre/yomen ta\ sunta/gmata.
</p></div2>

<div2 type="section" n="8"><p> *)ea\n de\ kata\ ke/ras th\n fa/lagga puknw=sai de/h|,
paraggelou=men e)pi\ tou= deciou= to\n decio\n lo/xon
h)remei=n, tou\s de\ loipou\s e)pi\ do/ru kli/nantas
prosa/gein e)pi\ to\ decio/n, e)/peita ei)s o)rqo\n a)podido/nai,
kai\ prosa/gein ta\ o)pi/sw zuga/. a)pokatasth=sai
de\ proairou/menoi paraggelou=men to\
me\n loxagou=n zugo\n h)remei=n, ta\ d) o)pi/sw zuga\
metaballo/mena a)nie/nai, ei)=ta pa/lin metaba/llesqai,
e)/peita tou= deciou= lo/xou h)remou=ntos oi( loipoi\ e)p)
a)spi/da kli/nantes proage/twsan, e(/ws a)\n ta\ e)c a)rxh=s
diasth/mata sunthrh/santes ei)s o)rqo\n a)podw=sin.
</p></div2>

<div2 type="section" n="9"><p> *ei) de\ to\ laio\n ke/ras puknw=sai de/h|, ta)nanti/a
paraggelou=men, ei) de\ to\ me/son th=s fa/laggos,
th\n decia\n a)potomh\n e)p) a)spi/da kli/nantes, th\n
de\ laia\n e)pi\ do/ru, ei)=ta prosa/gein keleu/ontes
e)pi\ to\n o)mfalo\n th=s fa/laggos, e)/peita ei)s o)rqo\n
a)podou=nai kai\ prosa/gein ta\ o)pi/sw zuga/, e(/comen
o(\ proairou/meqa. a)pokatasth=sai de\ boulo/menoi
metaba/llesqai paraggelou=men kai\ proa/gein kata\
zuga\ xwri\s tou= prw/tou, e)/peita pa/lin metaba/llesqai,
kai\ th\n me\n decia\n difalaggi/an e)pi\ do/ru,
<pb id="v.4.p.330"/>
th\n de\ laia\n e)p) a)spi/da kli=nai, ei)=ta kata\ lo/xous
a)kolouqei=n toi=s h(goume/nois, a)/xris a)\n ta\ e)c a)rxh=s
la/bwsi diasth/mata, ei)=ta ei)s o)rqo\n a)podou=nai.
*dei= de\ a)/nw ta\ do/rata ei)=nai e)n tai=s puknw/sesi
pro\s to\ mh\ e)mpodw\n tai=s kli/sesi gi/nesqai.
</p></div2>

<div2 type="section" n="10"><p> *tai=s d) au)tai=s a)gwgai=s xrhsi/mais ou)/sais pro\s
ta\s tw=n polemi/wn ai)fnidi/ous e)pifanei/as kai\
tou\s yilou\s a)skh/somen.
... ta\ me\n fwnh=|, ta\ de\ dia\ shmei/wn o(ratw=n,
e)/nia de\ kai\ dia\ th=s sa/lpiggos. safe/stata me\n
ga/r e)sti ta\ dia\ fwnh=s dhlou/mena&mdash;ou) mh\n pa/ntote
dunato\n dia\ ktu/pon tw=n o(/plwn h)\ dia\ pneuma/twn
sfodrw=n e)mbola/s, a)qorubw/tera de\ ta\ dia\ tw=n
shmei/wn: a)ll) e)ni/ote kai\ tou/tois e)piprosqoi/h
h)\ h(liou a)ntau/geia h)\ paxu/ths a)e/ros kai\ koniortou=
h)\ kai\ o)/mbrou plh=qos, di) o(\ ou) r(a/|dion pro\s pa/sas
ta\s a)nakuptou/sas xrei/as eu)porh=sai shmei/wn,
oi(=s prosh/qistai h( fa/lagc, a)ll) e)ni/ote pro\s
tou\s kairou\s a)na/gkh kaina\ proseuri/skein, plh\n
a)du/naton a(/panta sumpesei=n, w(/st) a)/dhlon ei)=nai
kai\ sa/lpiggi kai\ fwnh=| kai\ shmei/w| to\ para/ggelma.
</p></div2>

<div2 type="section" n="11"><p> *ta\ me/ntoi dia\ fwnh=s su/ntoma/ te ei)=nai dei= kai\
a)namfi/bola. tou=to a)\n ge/noito, ei) ta\ i)dika\
tw=n genw=n te kai\ koinw=n prota/ttoimen: a)mfi/bola
<pb id="v.4.p.332"/>
ga\r ta\ koina/: oi(=on ou)k a)\n fh/saimen &ldquo;kli=nai
e)pi\ do/ru,&rdquo; a)ll) &ldquo;e)pi\ do/ru kli=nai,&rdquo; i(/na mh\ dia\
th\n proqumi/an oi( me\n e)p) a)/llo, oi( de\ e)p) a)/llo th=s
kli/sews proeirhme/nhs neu/swsin, a)ll) o(mou= to\
au)to\ poih/swsin: w(s de\ ou)de\ &ldquo;metaba/llou e)pi\
do/ru,&rdquo; a)ll) &ldquo;e)pi\ do/ru metaba/llou&rdquo; fh/saimen,
ou)d) &ldquo;e)ce/lisse to\n *la/kwna,&rdquo; a)ll) a)na/palin &ldquo;to\n *la/kwna e)ce/lisse&rdquo; kai\ ...
... para/sthqi e)pi\ ta\ o(/pla. o( skeuofo/ros
a)poxwrei/tw th=s fa/laggos. h(suxi/a de\ e)/stw
kai\ prose/xete tw=| paragge/lmati. u(po/labe th\n
skeuh/n: a)na/labe. dia/sthqi. a)na/labe to\ do/ru.
stoi/xei, zu/gei, paro/ra e)pi\ to\n h(gou/menon. o(
ou)rago\s a)peuqune/tw to\n i)/dion lo/xon. sunth/rei
ta\ e)c a)rxh=s diasth/mata. e)pi\ do/ru kli=non,
pro/age, e)/xou ou(/tws. to\ ba/qos diplasi/aze, a)pokata/sthson.
to\ ba/qos h(misi/aze, a)pokata/sthson.
to\ mh=kos diplasi/aze, a)pokata/sthson. to\n
*la/kwna e)ce/lisse, a)pokata/sthson. e)pi/strefe,
a)pokata/sthson. e)pi\ do/ru peri/spa, a)pokata/sthson
h)\ e)pikata/sthson, kata\ ta\ au)ta\ kai\ e)p) a)spi/da.
*au(=tai dia\ braxe/wn ai( tou= taktikou= kaqhgh/seis,
toi=s me\n xrwme/nois swthri/an pori/zousai, toi=s d)
e)nanti/ois kindu/nous e)pa/gousai.
</p></div2></div1></body></text></TEI.2>
