<TEI xmlns="http://www.tei-c.org/ns/1.0">
    <teiHeader>
        <fileDesc>
            <titleStmt>
                <title>Odes (Greek) - Dith</title>
                <author>Bacchylides</author>
                <sponsor>Perseus Project, Tufts University</sponsor>
                <principal>Gregory Crane</principal>
                <respStmt>
                    <resp>Prepared under the supervision of</resp>
                    <name>Lisa Cerrato</name>
                    <name>William Merrill</name>
                    <name>Elli Mylonas</name>
                    <name>David Smith</name>
                </respStmt>
                <funder n="org:AnnCPB">The Annenberg CPB/Project</funder>
            </titleStmt><publicationStmt><publisher>Trustees of Tufts University</publisher><pubPlace>Medford, MA</pubPlace><authority>Perseus Project</authority></publicationStmt>
            
            <publicationStmt>
                <publisher>Trustees of Tufts University</publisher>
                <pubPlace>Medford, MA</pubPlace>
                <authority>Perseus Project</authority>
            </publicationStmt>
            <notesStmt>
                <note anchored="true" place="unspecified">
                    The text was entered in the Philippines.  Basic SGML tagging by EM
                </note>
            </notesStmt>
            <sourceDesc default="NO">
                <biblStruct default="NO">
                    <monogr>
                        <author>Bacchylides</author>
                        <title>The Poems and Fragments</title>
                        <imprint>
                            <publisher>Cambridge University Press</publisher>
                            <date>1905</date>
                        </imprint>
                    </monogr>
                </biblStruct>
            </sourceDesc>
        </fileDesc>
        <encodingDesc>
            <refsDecl>
                <refState unit="book"/>
                <refState unit="poem"/>
            </refsDecl>
        </encodingDesc>
        <profileDesc>
            <langUsage default="NO">
                <language ident="greek">Greek</language>
                <language ident="en">English</language>
            </langUsage>
        </profileDesc>
        <revisionDesc><!--
            <change>
                <date>8/14/92</date>
                <respStmt>
                    <name>EM</name>
                    <resp>(n/a)</resp>
                </respStmt>
                <item>
                    Did initial tagging, added header. Also added some strophes from Maehler that Jebb doesn't have. Ode 1, 1st 5 strophes. Ode 12, last 2 strophes.
                </item>
            </change>
            <change>
                <date>4/93</date>
                <respStmt>
                    <name>WPM</name>
                    <resp>(n/a)</resp>
                </respStmt>
                <item>Removed capital letters, filled in speaker tages in ode 18.</item>
            </change>
            <change>
                <date>4/27/93</date>
                <respStmt>
                    <name>EM</name>
                    <resp>(n/a)</resp>
                </respStmt>
                <item>
                    Added most of Ode 14b, which is missing in Jebb, and which the Svarlien translation has. Edited the notes so they were full sentences.
                </item>
            </change>
            <change>
                <date>5/27/09</date>
                <respStmt>
                    <name>RS</name>
                    <resp>(n/a)</resp>
                </respStmt>
                <item>
                    $Log: bacchyl_gk.xml,v $
					Revision 1.1  2011-01-15 16:21:42  gcrane
					base SDL file

					Revision 1.1  2009/10/08 19:13:29  rsingh04
					began reorganizing texts module by collection.  created separate work directory in texts module to keep hopper files separate from in progress files

					Revision 1.4  2009/05/27 15:55:16  rsingh04
					added cvs log keyword
                </item>
            </change>
        --><change when="2014-08-01" who="Stella Dee">edited markup</change></revisionDesc>
    </teiHeader>
    <text xml:lang="grc">
        <body>
            <div n="Dith" sample="complete" part="N" type="Book" org="uniform">
                <head lang="en">διτηψραμβς</head>
                <div n="15" sample="complete" part="N" type="poem" org="uniform">
                    <head>
                        <title lang="en">οδε 15</title>
                        <title>Ἀν]τηνορίδαι [ἢ Ἑλένη]ς Ἀπαίτησις</title>
                    </head>
                    <note anchored="true" place="unspecified" lang="en" type="Papyr" resp="P">Column 30</note>
                    <milestone n="str. 1" unit="strophe"/>
                    <l part="N">Ἀντήνορος] ἀντιθέου</l>
                    <l part="N">!!!!!!]ρ̣α̣κ̣ο̣ι̣τ̣ις Ἀθάνας πρόσπολος,</l>
                    <l part="N">×¯˘¯¯] Παλλάδος ὀρσιμάχου</l>
                    <l part="N">¯¯˘¯¯ χ]ρυσέας</l>
                    <l n="5" part="N">¯˘¯¯¯˘ ]ν Ὀδυσσεῖ</l>
                    <l part="N">Λαρτιᾴδᾳ Μενελ]άῳ τʼ Ἀτρεΐδᾳ βασιλεῖ</l>
                    <l part="N">¯ ˘ ¯ ¯ ¯ βαθύ]ζωνος Θεανὼ</l>
                    <milestone n="ant. 1" unit="strophe"/>
                    <l part="N">¯ ¯ ˘ ˘ ¯ ˘ ˘]ον</l>
                    <l part="N">× ¯ ˘ ˘ ¯ ˘ ˘ ¯] προσήνεπεν</l>
                    <l n="10" part="N">× ¯ ˘ ¯ ¯ ¯ ˘ ἐ]ϋκτιμέναν</l>
                    <l part="N">¯ ¯ ˘ ¯ ¯ ¯ ˘ ¯</l>
                    <l part="N">¯ ˘ ¯ ¯ ¯ ˘ ¯ ¯]δ̣ων τυχόντες</l>
                    <l part="N">¯ ˘ ˘ ¯ ˘ ˘ ¯ ¯ ¯ ˘ ˘ ¯] σὺν θεοῖς</l>
                    <l part="N">¯ ˘ ¯ ¯ ¯ ˘ ¯ ¯ ¯ ˘ ¯]ους</l>
                    <note anchored="true" place="unspecified" lang="en" type="Text" resp="P">7 lines are lost.</note>
                    <milestone n="str. 2" unit="strophe"/>
                    <l n="22" part="N">¯ ¯ ˘˘ ¯ ˘˘ ¯</l>
                    <l n="23" part="N">¯ ¯ ˘˘ ¯ μεσονύ]κτιος κέαρ</l>
                    <note anchored="true" place="unspecified" lang="en" type="Text" resp="P">12 lines are lost.</note>
                    <milestone n="ep. 2" unit="strophe"/>
                    <l n="36" part="N">¯ ¯ ˘ ¯ ¯ ¯ ˘˘ ¯ ˘˘ ¯</l>
                    <note anchored="true" place="unspecified" lang="en" type="Papyr" resp="P">Column 31</note>
                    <l part="N">ἆγον, πατὴρ δʼ εὔβουλος ἥρως</l>
                    <l part="N">πάντα σάμαινεν Πριάμῳ βασιλεῖ</l>
                    <l part="N">παίδεσσί τε μῦθον Ἀχαιῶν.</l>
                    <l n="40" part="N">ἔνθα κάρυκες διʼ εὐ-</l>
                    <l part="N"> ρεῖαν πόλιν ὀρνύμενοι</l>
                    <l part="N">Τρώων ἀόλλιζον φάλαγγας</l>
                    <milestone n="str. 3" unit="strophe"/>
                    <l part="N">δεξίστρατον εἰς ἀγοράν.</l>
                    <l part="N">παντᾷ δὲ διέδραμεν αὐδάεις λόγος·</l>
                    <l n="45" part="N">θεοῖς δʼ ἀνίσχοντες χέρας ἀθανάτοις</l>
                    <l part="N">εὔχοντο παύσασθαι δυᾶν.</l>
                    <l part="N">Μοῦσα, τίς πρῶτος λόγων ἆρχεν δικαίων;</l>
                    <l part="N">Πλεισθενίδας Μενέλαος γάρυϊ θελξιεπεῖ</l>
                    <l part="N">φθέγξατʼ, εὐπέπλοισι κοινώσας Χάρισσιν·</l>
                    <milestone n="ant. 3" unit="strophe"/>
                    <l n="50" part="N">ὦ Τρῶες ἀρηΐφιλοι,</l>
                    <l part="N">Ζεὺς ὑψιμέδων, ὃς ἅπαντα δέρκεται,</l>
                    <l part="N">οὐκ αἴτιος θνατοῖς μεγάλων ἀχέων,</l>
                    <l part="N">ἀλλʼ ἐν μέσῳ κεῖται κιχεῖν</l>
                    <l part="N">πᾶσιν ἀνθρώποις Δίκαν ἰθεῖαν, ἁγνᾶς</l>
                    <l n="55" part="N">Εὐνομίας ἀκόλουθον καὶ πινυτᾶς Θέμιτος·</l>
                    <l part="N">ὀλβίων παῖδές νιν αἱρεῦνται σύνοικον.</l>
                    <milestone n="ep. 3" unit="strophe"/>
                    <l part="N">ἁ δʼ αἰόλοις κέρδεσσι καὶ ἀφροσύναις</l>
                    <l part="N">ἐξαισίοις θάλλουσʼ ἀθαμβὴς</l>
                    <l part="N">Ὕβρις, ἃ πλ[οῦτον] δύναμίν τε θοῶς</l>
                    <l n="60" part="N">ἀλλότριον ὤπασεν, αὖτις</l>
                    <l part="N">δʼ ἐς βαθὺν πέμπει φθόρον,</l>
                    <l part="N"> κείνα καὶ ὑπερφιάλους</l>
                    <l part="N">Γᾶς παῖδας ὤλεσσεν Γίγαντας.</l>
                </div>
                <div n="16" sample="complete" part="N" type="poem" org="uniform">
                    <head>
                        <title lang="en">οδε 16</title>
                        <title>[Ἡρακλῆς]</title>
                    </head>
                    <milestone n="str. 1" unit="strophe"/>
                    <l part="N">Πυθ]ίου [ἔπʼ εἶμʼ], ἐπεὶ</l>
                    <l part="N">ὁλκ]άδʼ ἔπεμψεν ἐμοὶ χρυσέαν</l>
                    <l part="N">Πιερ]ίαθε[ν ἐΰθ]ρονος Οὐρανία,</l>
                    <l part="N"> πολυφ]άτων γέμουσαν ὕμνων</l>
                    <l n="5" part="N">!!!!!]ν̣ εἴτʼ ἄρʼ ἐπʼ ἀνθεμόεντι Ἕβρῳ</l>
                    <l part="N">!!!!! ἀ]γάλλεται ἢ δολιχαύχενι κύκνῳ,</l>
                    <l part="N">ὀπὶ ἁ]δεΐᾳ φρένα τερπόμενος,</l>
                    <l part="N">!!!!!!]δʼ ἵκῃ παιηόνων</l>
                    <note anchored="true" place="unspecified" lang="en" type="Papyr" resp="P">Column 32</note>
                    <l part="N">ἄνθεα πεδοιχνεῖν,</l>
                    <l part="N">Πύθιʼ Ἄπολλον,</l>
                    <l n="11" part="N">τόσα χοροὶ Δελφῶν</l>
                    <l part="N">σὸν κελάδησαν παρʼ ἀγακλέα ναόν.</l>
                    <milestone n="ant. 1" unit="strophe"/>
                    <l part="N">πρίν γε κλέομεν λιπεῖν</l>
                    <l part="N">Οἰχαλίαν πυρὶ δαπτομέναν</l>
                    <l n="15" part="N">Ἀμφιτρυωνιάδαν θρασυμηδέα φῶ-</l>
                    <l part="N"> θʼ, ἵκετο δʼ ἀμφικύμονʼ ἀκτάν·</l>
                    <l part="N">ἔνθʼ ἀπὸ λαΐδος εὐρυνεφεῖ Κηναίῳ</l>
                    <l part="N">Ζηνὶ θύεν βαρυαχέας ἐννέα ταύρους</l>
                    <l part="N">δύο τʼ ὀρσιάλῳ δαμασίχθονι μέλ-</l>
                    <l n="20" part="N">λε κόρᾳ τʼ ὀβριμοδερκεῖ ἄζυγα</l>
                    <l part="N">παρθένῳ Ἀθάνᾳ</l>
                    <l part="N">ὑψικέραν βοῦν.</l>
                    <l part="N">τότʼ ἄμαχος δαίμων</l>
                    <l part="N">Δαϊανείρᾳ πολύδακρυν ὕφανε</l>
                    <milestone n="ep. 1" unit="strophe"/>
                    <l n="25" part="N">μῆτιν ἐπίφρονʼ, ἐπεὶ</l>
                    <l part="N">πύθετʼ ἀγγελίαν ταλαπενθέα,</l>
                    <l part="N">Ἰόλαν ὅτι λευκώλενον</l>
                    <l part="N">Διὸς υἱὸς ἀταρβομάχας</l>
                    <l part="N">ἄλοχον λιπαρὸ[ν π]οτὶ δόμον πέμποι.</l>
                    <l n="30" part="N">ἆ δύσμορος, ἆ τάλαινʼ, οἷον ἐμήσατο·</l>
                    <l part="N">φθόνος εὐρυβίας νιν ἀπώλεσεν,</l>
                    <l part="N">δνόφεόν τε κάλυμμα τῶν</l>
                    <l part="N">ὕστερον ἐρχομένων,</l>
                    <l part="N"> ὅτʼ ἐπὶ ῥοδόεντι Λυκόρμᾳ</l>
                    <l n="35" part="N">δέξατο Νέσσου πάρα δαιμόνιον τέρ[ας.</l>
                </div>
                <div n="17" sample="complete" part="N" type="poem" org="uniform">
                    <head>
                        <title lang="en">οδε 17</title>
                        <title>Ηίθεοι [ἢ] Θησεύς</title>
                    </head>
                    <milestone n="str. 1" unit="strophe"/>
                    <l part="N">Κυανόπρῳρα μὲν ναῦς μενέκτυπον</l>
                    <l part="N">Θησέα δὶς ἑπτά τʼ ἀγλαοὺς ἄγουσα</l>
                    <l part="N"> κούρους Ἰαόνων</l>
                    <l part="N">Κρητικὸν τάμνε πέλαγος·</l>
                    <l n="5" part="N">τηλαυγέϊ γὰρ [ἐν] φάρεϊ</l>
                    <l part="N"> βορήϊαι πίτνον αὖραι</l>
                    <l part="N"> κλυτᾶς ἕκατι π[ο]λεμαίγιδος Ἀθάνας·</l>
                    <note anchored="true" place="unspecified" lang="en" type="Papyr" resp="P">Column 33</note>
                    <l part="N">κνίσεν τε Μίνωϊ κέαρ</l>
                    <l part="N"> ἱμεράμπυκος θεᾶς</l>
                    <l n="10" part="N">Κύπριδος αἰνὰ δῶρα·</l>
                    <l part="N"> χεῖρα δʼ οὐκέτι παρθενικᾶς</l>
                    <l part="N">ἄτερθʼ ἐράτυεν, θίγεν</l>
                    <l part="N">δὲ λευκᾶν παρηΐδων·</l>
                    <l part="N"> βόασέ τʼ Ἐρίβοια χαλκο-</l>
                    <l n="15" part="N">θώρακα Πανδίονος</l>
                    <l part="N">ἔκγονον· ἴδεν δὲ Θησεύς,</l>
                    <l part="N"> μέλαν δʼ ὑπʼ ὀφρύων</l>
                    <l part="N">δίνασεν ὄμμα, καρδίαν τέ ϝοι</l>
                    <l part="N"> σχέτλιον ἄμυξεν ἄλγος,</l>
                    <l n="20" part="N">εἶρέν τε· Διὸς υἱὲ φερτάτου,</l>
                    <l part="N">ὅσιον οὐκέτι τεᾶν</l>
                    <l part="N"> ἔσω κυβερνᾷς φρενῶν</l>
                    <l part="N">θυμόν· ἴσχε μεγαλοῦχον ἥρως βίαν.</l>
                    <milestone n="ant. 1" unit="strophe"/>
                    <l part="N">ὅ τι μὲν ἐκ θεῶν μοῖρα παγκρατὴς</l>
                    <l n="25" part="N">ἄμμι κατένευσε καὶ Δίκας ῥέπει τά-</l>
                    <l part="N"> λαντον, πεπρωμέναν</l>
                    <l part="N">αἶσαν ἐκπλήσομεν, ὅταν</l>
                    <l part="N">ἔλθῃ· σὺ δὲ βαρεῖαν κάτε-</l>
                    <l part="N"> χε μῆτιν. εἰ καί σε κεδνὰ</l>
                    <l n="30" part="N">τέκεν λέχει Διὸς ὑπὸ κρόταφον Ἴδας</l>
                    <l part="N">μιγεῖσα Φοίνικος ἐρα-</l>
                    <l part="N"> τώνυμος κόρα βροτῶν</l>
                    <l part="N">φέρτατον, ἀλλὰ κἀμὲ</l>
                    <l part="N"> Πιτθέος θυγάτηρ ἀφνεοῦ</l>
                    <l n="35" part="N">πλαθεῖσα ποντίῳ τέκεν</l>
                    <l part="N">Ποσειδᾶνι, χρύσεον</l>
                    <l part="N"> τέ ϝοι δόσαν ἰόπλοκοι</l>
                    <l part="N"> κάλυμμα Νηρηΐδες.</l>
                    <l part="N">τῶ σε, πολέμαρχε Κνωσίων,</l>
                    <l n="40" part="N">κέλομαι πολύστονον</l>
                    <l part="N">ἐρύκεν ὕβριν· οὐ γὰρ ἂν θελοι-</l>
                    <note anchored="true" place="unspecified" lang="en" type="Papyr" resp="P">Column 34</note>
                    <l part="N">μʼ ἀμβρότου ἐραννὸν Ἀοῦς</l>
                    <l part="N">
                        ἰδεῖν φάος, ἐπεί τινʼ ἠϊθ
                        <seg type="sling" part="N">έω</seg>
                        ν
                    </l>
                    <l part="N">σὺ δαμάσειας ἀέκον-</l>
                    <l n="45" part="N">τα· πρόσθε χειρῶν βίαν</l>
                    <l part="N">δείξομεν· τὰ δʼ ἐπιόντα δαίμων κρινεῖ.</l>
                    <milestone n="ep. 1" unit="strophe"/>
                    <l part="N">τόσʼ εἶ]πεν ἀρέταιχμος ἥρως·</l>
                    <l part="N"> τάφον δὲ ναυβάται</l>
                    <l part="N">φωτὸς] ὑπεράφανον</l>
                    <l n="50" part="N">θάρσος· Ἁλίου τε γαμβρῷ χολώ[σατʼ ἦτορ,</l>
                    <l part="N">ὕφαινέ τε ποταινίαν</l>
                    <l part="N">μῆτιν, εἶπέν τε· μεγαλοσθενὲς</l>
                    <l part="N">Ζεῦ πάτερ, ἄκουσον· εἴπερ μ[ε κούρ]α</l>
                    <l part="N">Φοίνισσα λευκώλενος σοὶ τέκε,</l>
                    <l n="55" part="N">νῦν πρόπεμπʼ ἀπʼ οὐρανοῦ θ[οὰν</l>
                    <l part="N">πυριέθειραν ἀστραπὰν</l>
                    <l part="N">σᾶμʼ ἀρίγνωτον· εἰ</l>
                    <l part="N"> δὲ καὶ σὲ Τροιζηνία σεισίχθονι</l>
                    <l part="N"> φύτευσεν Αἴθρα Ποσει-</l>
                    <l n="60" part="N">δᾶνι, τόνδε χρύσεον</l>
                    <l part="N">χειρὸς ἀγλαὸν</l>
                    <l part="N">
                        ἔνεγκε κόσμον
                        <add>ἐκ</add>
                        βαθείας ἁλός,
                    </l>
                    <l part="N">δικὼν θράσει σῶμα πατρὸς ἐς δόμους.</l>
                    <l part="N">εἴσεαι δʼ αἴ κʼ ἐμᾶς κλύῃ</l>
                    <l n="65" part="N">Κρόνιος εὐχᾶς</l>
                    <l part="N">
                        ἀναξιβρόντας ὁ πάντων μεδ
                        <seg type="sling" part="N">έω</seg>
                        ν.
                    </l>
                    <milestone n="str. 2" unit="strophe"/>
                    <l part="N">κλύε δʼ ἄμετρον εὐχὰν μεγασθενὴς</l>
                    <l part="N">Ζεύς, ὑπέροχόν τε Μίνωϊ φύτευσε</l>
                    <l part="N"> τιμὰν φίλῳ θέλων</l>
                    <l n="70" part="N">παιδὶ πανδερκέα θέμεν,</l>
                    <l part="N">ἄστραψέ θʼ· ὁ δὲ θυμάρμενον</l>
                    <l part="N"> ἰδὼν τέρας πέτασε χεῖρας</l>
                    <l part="N"> κλυτὰν ἐς αἰθέρα μενεπτόλεμος ἥρως,</l>
                    <l part="N">
                        εἶρέν τε· Θησεῦ,
                        <add>σὺ</add>
                        τάδε
                    </l>
                    <l n="75" part="N">μὲν βλέπεις σαφῆ Διὸς</l>
                    <l part="N">δῶρα· σὺ δʼ ὄρνυʼ ἐς βα-</l>
                    <l part="N"> ρύβρομον πέλαγος· Κρονίδας</l>
                    <note anchored="true" place="unspecified" lang="en" type="Papyr" resp="P">Column 35</note>
                    <l part="N">δέ τοι πατὴρ ἄναξ τελεῖ</l>
                    <l part="N">Ποσειδὰν ὑπέρτατον</l>
                    <l n="80" part="N">κλέος χθόνα κατʼ ἠΰδενδρον.</l>
                    <l part="N"> ὣς εἶπε· τῷ δʼ οὐ πάλιν</l>
                    <l part="N">θυμὸς ἀνεκάμπτετʼ, ἀλλʼ εὐ-</l>
                    <l part="N"> πάκτων ἐπʼ ἰκρίων</l>
                    <l part="N">σταθεὶς ὄρουσε, πόντιόν τέ νιν</l>
                    <l n="85" part="N">δέξατο θελημὸν ἄλσος.</l>
                    <l part="N">τά[φ]εν δὲ Διὸς υἱὸς ἔνδοθεν</l>
                    <l part="N">κέαρ, κέλευσέ τε κατʼ οὖ-</l>
                    <l part="N"> ρον ἴσχεν εὐδαίδαλον</l>
                    <l part="N">νᾶα· μοῖρα δʼ ἑτέραν ἐπόρσυνʼ ὁδόν.</l>
                    <milestone n="ant. 2" unit="strophe"/>
                    <l n="90" part="N">ἵετο δʼ ὠκύπομπον δόρυ· σόει</l>
                    <l part="N">νιν βορεὰς ἐξόπιν πνέουσʼ ἀήτα·</l>
                    <l part="N"> τρέσσαν δʼ Ἀθαναίων</l>
                    <l part="N">
                        ἠϊθ
                        <seg type="sling" part="N">έω</seg>
                        ν
                        <add> πᾶν </add>
                        γένος, ἐπεὶ
                    </l>
                    <l part="N">ἥρως θόρεν πόντονδε, κα-</l>
                    <l n="95" part="N">τὰ λειρίων τʼ ὀμμάτων δά-</l>
                    <l part="N">
                        κρυ χ
                        <seg type="sling" part="N">έο</seg>
                        ν, βαρεῖαν ἐπιδέγμενοι ἀνάγκαν·
                    </l>
                    <l part="N">φέρον δὲ δελφῖνες ἁλι-</l>
                    <l part="N"> ναιέται μέγαν θοῶς</l>
                    <l part="N">Θησέα πατρὸς ἱππί-</l>
                    <l n="100" part="N">ου δόμον, μέγαρόν τε θεῶν</l>
                    <l part="N">μόλεν· τόθι κλυτὰς ἰδὼν</l>
                    <l part="N">ἔδεισʼ ὀλβίοιο Νη-</l>
                    <l part="N"> ρέος κόρας· ἀπὸ γὰρ ἀγλα-</l>
                    <l part="N"> ῶν λάμπε γυίων σέλας</l>
                    <l n="105" part="N">ὧτε πυρός, ἀμφὶ χαίταις</l>
                    <l part="N"> δὲ χρυσεόπλοκοι</l>
                    <l part="N">δίνηντο ταινίαι· χορῷ δʼ ἔτερ-</l>
                    <l part="N"> πον κέαρ ὑγροῖσι ποσσίν·</l>
                    <l part="N">σεμνάν τε πατρὸς ἄλοχον φίλαν</l>
                    <l n="110" part="N">ἴδε βοῶπιν ἐρατοῖ-</l>
                    <l part="N"> σιν Ἀμφιτρίταν δόμοις·</l>
                    <l part="N">ἅ νιν ἀμφέβαλεν αἰόλαν πορφύραν,</l>
                    <milestone n="ep. 2" unit="strophe"/>
                    <l part="N">κόμαισί τʼ ἐπέθηκεν οὔλαις</l>
                    <note anchored="true" place="unspecified" lang="en" type="Papyr" resp="P">Column 36</note>
                    <l part="N"> ἀμεμφέα πλόκον,</l>
                    <l part="N">τόν ποτέ ϝοι ἐν γάμῳ</l>
                    <l n="116" part="N">δῶκε δόλιος Ἀφροδίτα ῥόδοις ἐρεμνόν.</l>
                    <l part="N">ἄπιστον ὅ τι δαίμονες</l>
                    <l part="N">
                        θ
                        <seg type="sling" part="N">έω</seg>
                        σιν οὐδὲν φρενοάραις βροτοῖς·
                    </l>
                    <l part="N">νᾶα παρὰ λεπτόπρυμνον φάνη· φεῦ,</l>
                    <l n="120" part="N">οἵαισιν ἐν φροντίσι Κνώσιον</l>
                    <l part="N">ἔσχασεν στραταγέταν, ἐπεὶ</l>
                    <l part="N">μόλʼ ἀδίαντος ἐξ ἁλὸς</l>
                    <l part="N">θαῦμα πάντεσσι, λάμ-</l>
                    <l part="N"> πε δʼ ἀμφὶ γυίοις θεῶν δῶρʼ, ἀγλαό-</l>
                    <l n="125" part="N">θρονοί τε κοῦραι σὺν εὐ-</l>
                    <l part="N"> θυμία νεοκτίτῳ</l>
                    <l part="N">ὠλόλυξαν, ἔ-</l>
                    <l part="N">
                        κλαγεν δὲ πόντος· ἠΐθ
                        <seg type="sling" part="N">εο</seg>
                        ι δʼ ἐγγύθεν
                    </l>
                    <l part="N">νέοι παιάνιξαν ἐρατᾷ ϝοπί.</l>
                    <l n="130" part="N">Δάλιε, χοροῖσι Κηΐων</l>
                    <l part="N"> φρένα ἰανθεὶς</l>
                    <l part="N">
                        ὄπαζε θ
                        <seg type="sling" part="N">εό</seg>
                        πομπον ἐσθλῶν τύχαν.
                    </l>
                </div>
                <div n="18" sample="complete" part="N" type="poem" org="uniform">
                    <head>
                        <title lang="en">οδε 18</title>
                        <title>Θησεύς</title>
                    </head>
                    <milestone n="str. 1" unit="strophe"/>
                    <sp>
                        <speaker>Χορός</speaker>
                        <l part="N">βασιλεῦ τᾶν ἱερᾶν Ἀθανᾶν,</l>
                        <l part="N"> τῶν ἁβροβίων ἄναξ Ἰώνων,</l>
                        <l part="N">τί νέον ἔκλαγε χαλκοκώδων</l>
                        <l part="N"> σάλπιγξ πολεμηΐαν ἀοιδάν;</l>
                        <l n="5" part="N">ἦ τις ἁμετέρας χθονὸς</l>
                        <l part="N"> δυσμενὴς ὅριʼ ἀμφιβάλλει</l>
                        <l part="N"> στρατα·γέτας ἀνήρ;</l>
                        <l part="N">ἢ λῃσταὶ κακομάχανοι</l>
                        <l part="N">ποιμένων ἀέκατι μήλων</l>
                        <l n="10" part="N">σεύοντʼ ἀγέλας βίᾳ;</l>
                        <l part="N">ἢ τί τοι κραδίαν ἀμύσσει;</l>
                        <l part="N"> φθέγγευ· δοκέω γὰρ εἴ τινι βροτῶν</l>
                        <l part="N">ἀλκίμων ἐπικουρίαν</l>
                        <l part="N"> καὶ τὶν ἔμμεναι νέων,</l>
                        <l n="15" part="N">ὦ Πανδίονος υἱὲ καὶ Κρεούσας.</l>
                        <milestone n="str. 2" unit="strophe"/>
                    </sp>
                    <sp>
                        <speaker>Αἰγεύς</speaker>
                        <l part="N">νέ]ον ἦλθεν δολιχὰν ἀμείψας</l>
                        <note anchored="true" place="unspecified" lang="en" type="Papyr" resp="P">Column 37</note>
                        <l part="N"> κᾶρυξ ποσὶν Ἰσθμίαν κέλευθον·</l>
                        <l part="N">ἄφατα δʼ ἔργα λέγει κραταιοῦ</l>
                        <l part="N"> φωτός· τὸν ὑπέρβιόν τʼ ἔπεφνεν</l>
                        <l n="20" part="N">Σίνιν, ὃς ἰσχύϊ φέρτατος</l>
                        <l part="N"> θνατῶν ἦν, Κρονίδα Λυταίου</l>
                        <l part="N"> σεισίχθονος τέκος·</l>
                        <l part="N">σῦν τʼ ἀνδροκτόνον ἐν νάπαις</l>
                        <l part="N">Κρεμμυῶνος, ἀτάσθαλόν τε</l>
                        <l n="25" part="N">Σκίρωνα κατέκτανεν·</l>
                        <l part="N">τάν τε Κερκυόνος παλαίστραν</l>
                        <l part="N"> ἔσχεν, Πολυπήμονός τε καρτερὰν</l>
                        <l part="N">σφῦραν ἐξέβαλεν Προκό-</l>
                        <l part="N"> πτας, ἀρείονος τυχὼν</l>
                        <l n="30" part="N">φωτός. ταῦτα δέδοιχʼ ὅπᾳ τελεῖται.</l>
                        <milestone n="str. 3" unit="strophe"/>
                    </sp>
                    <sp>
                        <speaker>Χορός</speaker>
                        <l part="N">τίνα δʼ ἔμμεν πόθεν ἄνδρα τοῦτον</l>
                        <l part="N"> λέγει, τίνα τε στολὰν ἔχοντα;</l>
                        <l part="N">πότερα σὺν πολεμηΐοις ὅ-</l>
                        <l part="N"> πλοισι στρατιὰν ἄγοντα πολλάν;</l>
                        <l n="35" part="N">ἢ μοῦνον σὺν ὀπ.άοσιν</l>
                        <l part="N"> στείχειν ἔμπορον οἷʼ ἀλάταν</l>
                        <l part="N"> ἐπʼ ἀλλοδαμίαν,</l>
                        <l part="N">ἰσχυρόν τε καὶ ἄλκιμον</l>
                        <l part="N">ὧδε καὶ θρασύν, ὅς τε τούτων</l>
                        <l n="40" part="N">ἀνδρῶν κρατερὸν σθένος</l>
                        <l part="N">ἔσχεν; ἦ θεὸς αὐτὸν ὁρμᾷ,</l>
                        <l part="N"> δίκας ἀδίκοισιν ὄφρα μήσεται·</l>
                        <l part="N">οὐ γὰρ ῥᾴδιον αἰὲν ἔρ-</l>
                        <l part="N"> δοντα μὴ ʼντυχεῖν κακῷ.</l>
                        <l n="45" part="N">πάντʼ ἐν τῷ δολιχῷ χρόνῳ τελεῖται.</l>
                        <milestone n="str. 4" unit="strophe"/>
                    </sp>
                    <sp>
                        <speaker>Αἰγεύς</speaker>
                        <l part="N">δύο ϝοι φῶτε μόνους ἁμαρτεῖν</l>
                        <l part="N"> λέγει, περὶ φαιδίμοισι δʼ ὤμοις</l>
                        <l part="N">
                            ξίφος ἔχειν
                            <add>ἐλεφαντόκωπον</add>
                            ·
                        </l>
                        <l part="N"> ξεστοὺς δὲ δύʼ ἐν χέρεσσʼ ἄκοντας</l>
                        <note anchored="true" place="unspecified" lang="en" type="Papyr" resp="P">Column 38</note>
                        <l n="50" part="N">κηὔτυκτον κυνέαν Λάκαι-</l>
                        <l part="N"> ναν κρατὸς πέρι πυρσοχαίτου·</l>
                        <l part="N">
                            στέρνοις τε πορφύρ
                            <seg type="sling" part="N">εο</seg>
                            ν
                        </l>
                        <l part="N">χιτῶνʼ ἄμφι, καὶ οὔλιον</l>
                        <l part="N">Θεσσαλὰν χλαμύδʼ· ὀμμάτων δὲ</l>
                        <l n="55" part="N">στίλβειν ἄπο Λαμνίαν</l>
                        <l part="N">φοίνισσαν φλόγα· παῖδα δʼ ἔμμεν</l>
                        <l part="N"> πρώθηβον, ἀρηΐων δʼ ἀθυρμάτων</l>
                        <l part="N">μεμνᾶσθαι πολέμου τε καὶ</l>
                        <l part="N"> χαλκεοκτύπου μάχας·</l>
                        <l n="60" part="N">δίζησθαι δὲ φιλαγλάους Ἀθάνας.</l>
                    </sp>
                </div>
                <div n="19" sample="complete" part="N" type="poem" org="uniform">
                    <head>
                        <title lang="en">οδε 19</title>
                        <title>Ιώ Ἀθηναίοις</title>
                    </head>
                    <milestone n="str. 1" unit="strophe"/>
                    <l part="N">πάρεστι μυρία κέλευθος</l>
                    <l part="N"> ἀμβροσίων μελέων,</l>
                    <l part="N">ὃς ἂν παρὰ Πιερίδων λά-</l>
                    <l part="N"> χῃσι δῶρα Μουσᾶν,</l>
                    <l n="5" part="N">ἰοβλέφαροί τε καὶ</l>
                    <l part="N"> φερεστέφανοι Χάριτες</l>
                    <l part="N"> βάλωσιν ἄμφι τιμὰν</l>
                    <l part="N">ὕμνοισιν· ὕφαινέ νυν ἐν</l>
                    <l part="N"> ταῖς πολυηράτοις τι κλεινὸν</l>
                    <l n="10" part="N">ὀλβίαις Ἀθάναις,</l>
                    <l part="N">εὐαίνετε Κηϊα μέριμνα.</l>
                    <l part="N"> πρέπει σε φερτάταν ἴμεν</l>
                    <l part="N">ὁδὸν παρὰ Καλλιόπας λα-</l>
                    <l part="N"> χοῖσαν ἔξοχον γέρας.</l>
                    <l n="15" part="N">ἦεν Ἄργος ὅθʼ ἵππιον λιποῦσα</l>
                    <l part="N">φεῦγε χρυσέα βοῦς,</l>
                    <l part="N">εῦρυσθενέος φραδαῖσι φερτάτου Διός,</l>
                    <l part="N">Ἰνάχου ῥοδοδάκτυλος κόρα·</l>
                    <milestone n="ant. 1" unit="strophe"/>
                    <l part="N">ὅτʼ Ἄργον ὄμμασιν βλέποντα</l>
                    <l n="20" part="N">πάντοθεν ἀκαμάτοις</l>
                    <l part="N">μεγιστοάνασσα κέλευσε</l>
                    <l part="N"> χρυσόπεπλος Ἥρα</l>
                    <l part="N">
                        ἄκοιτον ἄϋπνον
                        <seg type="sling" part="N">ἐό</seg>
                        ν-
                    </l>
                    <l part="N"> τα καλλικέραν δάμαλιν</l>
                    <l n="25" part="N">φυλάσσεν· οὐδὲ Μαίας</l>
                    <l part="N">υἱὸς δύνατʼ οὔτε κατʼ εὐ-</l>
                    <l part="N"> φεγγέας ἁμέρας λαθεῖν νιν</l>
                    <note anchored="true" place="unspecified" lang="en" type="Papyr" resp="P">Column 39</note>
                    <l part="N"> οὔτε νύκτας ἁγν[άς.</l>
                    <l part="N">εἴτʼ οὖν γένετʼ ἐ[ν ˘¯˘¯˘</l>
                    <l n="30" part="N">ποδαρκέʼ ἄγγελο[ν Διὸς</l>
                    <l part="N">κτανεῖν τότε [Γᾶς ˘˘¯˘</l>
                    <l part="N"> ὀβριμοσπόρου λ[˘×</l>
                    <l part="N">Ἄργον· ἤ ῥα καὶ [¯˘¯˘¯˘</l>
                    <l part="N">ἄσπετοι μέριμν[αι·</l>
                    <l n="35" part="N">ἢ Πιερίδες φύτευ[σαν ¯˘¯˘×</l>
                    <l part="N">καδέων ἀνάπαυσ[ιν ¯˘×</l>
                    <milestone n="ep. 1" unit="strophe"/>
                    <l part="N">ἐμοὶ μὲν οὖν</l>
                    <l part="N">ἀσφαλέστατον ἁ προ[</l>
                    <l part="N">ἐπεὶ παρʼ ἀνθεμώ[δεα</l>
                    <l n="40" part="N">Νεῖλον ἀφίκετʼ ο[ἰστροπλὰξ</l>
                    <l part="N">Ἰὼ φέρουσα παῖδ[α !!!</l>
                    <l part="N">Ἔπαφον· ἔνθα νι[ν !!!</l>
                    <l part="N">λινοστόλων πρύ[τανιν !!</l>
                    <l part="N">ὑπερόχῳ βρύοντ[α !!!</l>
                    <l n="45" part="N">μεγίσταν τε θνα[τῶν !!</l>
                    <l part="N">ὅθεν καὶ Ἀγανορί[δας</l>
                    <l part="N">ἐν ἑπταπύλοισ[ι Θήβαις</l>
                    <l part="N">Κάδμος Σεμέλ[αν φύτευσεν,</l>
                    <l part="N">ἃ τὸν ὀρσιβάκχαν</l>
                    <l n="50" part="N">τίκτεν Διόνυσον, [!!!!</l>
                    <l part="N">καὶ χορῶν στεφα[νοφόρων ἄνακτα.</l>
                </div>
                <div n="20" sample="complete" part="N" type="poem" org="uniform">
                    <head>
                        <title lang="en">οδε 20</title>
                        <title>Ἴδας Λακεδαιμονίοις</title>
                    </head>
                    <milestone n="unknown.1" unit="strophe"/>
                    <l part="N">Σπάρτᾳ ποτʼ ἐν ε[ὐρυχόρῳ</l>
                    <l part="N">ξανθαὶ Λακεδαιμον[ίων</l>
                    <l part="N">τοιόνδε μέλος κ[όραι ὕμνευν,</l>
                    <l part="N">ὅτʼ ἄγετο καλλιπά[ρᾳον</l>
                    <l n="5" part="N">κόραν θρασυκάρ[διος Ἴδας</l>
                    <l part="N">Μάρπησσαν ἰότ[!!!!</l>
                    <l part="N">φυγὼν θανάτου τ[!!!!!</l>
                    <l part="N">ἀναξίαλος Ποσει[δὰν !!!!</l>
                    <milestone n="unknown.9" unit="strophe"/>
                    <l part="N">ἵππους τέ ϝοι ἰσαν[έμους</l>
                    <l n="10" part="N">Πλευρῶνʼ ἐς ἐϋκτ[ιμέναν</l>
                    <l part="N">χρυσάσπιδος υἱὸ[ν Ἄρηος</l>
                    <note anchored="true" place="unspecified" lang="en" type="Text" resp="P">The rest is lost.</note>
                </div>
            </div>
        </body>
    </text>
</TEI>
