<?xml version="1.0"?>
<TEI xmlns="http://www.tei-c.org/ns/1.0">
	<teiHeader>
		<fileDesc>
			<titleStmt>
				<title>Hymn to Zeus</title>
				<author>Callimachus</author>
				<sponsor>Perseus Project, Tufts University</sponsor>
				<principal>Gregory Crane</principal>
				<respStmt>
					<resp>Prepared under the supervision of</resp>
					<name>Lisa Cerrato</name>
					<name>William Merrill</name>
					<name>Elli Mylonas</name>
					<name>David Smith</name>
				</respStmt>
				<funder n="org:Tufts">Tufts</funder>

			</titleStmt>
			<publicationStmt>
				<publisher>Trustees of Tufts University</publisher>
				<pubPlace>Medford, MA</pubPlace>
				<authority>Perseus Project</authority>
			</publicationStmt>


			<sourceDesc>
				<biblStruct>
					<monogr>
						<title>Hymns and Epigrams</title>
						<author>Callimachus</author>
						<editor role="editor">Ulrich von Wilamowitz-Moellendorff</editor>
						<imprint>
							<pubPlace>Berlin</pubPlace>
							<publisher>Weidmann</publisher>
							<date>1897</date>
						</imprint>
					</monogr>
				</biblStruct>
			</sourceDesc>
		</fileDesc>

		<encodingDesc>
			<editorialDecl>
				<correction method="silent" status="medium">
					<p>Perseus DL</p>
				</correction>
			</editorialDecl>
			<refsDecl>
				<refState unit="text"/>
				<refState n="chunk" unit="section"/>
			</refsDecl>
			<refsDecl>
				<refState unit="text"/>
				<refState n="chunk" unit="poem"/>
				<refState unit="line"/>
			</refsDecl>
			<refsDecl>
				<refState unit="text"/>
				<refState n="chunk" unit="poem"/>
				<refState unit="line"/>
			</refsDecl>
		</encodingDesc>

		<profileDesc>
			<langUsage>
				<language ident="greek">Greek</language>
				<language ident="en">English</language>
				<language ident="la">Latin</language>
				<language ident="de">German</language>
				<language ident="fr">French</language>
				<language ident="it">Italian</language>
			</langUsage>
		</profileDesc>

		<revisionDesc>
			<!--
			<change><date>23-Jul-02</date>
				<respStmt><name>AEM</name><resp>markup</resp></respStmt>
				<item>Initial markup
				</item>
			</change>
			<change><date>5/27/09</date><respStmt><name>RS</name><resp>(n/a)</resp></respStmt>
				<item>  
					$Log: call_gk.xml,v $
					Revision 1.4  2013-09-13 11:21:30  balmas01
					reverting texts back to pre_cts_reorg tagged version

					Revision 1.2  2011-09-07 13:40:45  rsingh04
					adding rend=displayNum or displayNumAndIdent to lb tags

					Revision 1.1  2011-09-07 13:33:17  rsingh04
					moved from Aristotle directory

					Revision 1.2  2011-01-15 16:10:31  gcrane
					alternate editions

					Revision 1.1  2011-01-01 22:28:59  gcrane
					LB milestones instead of L containers
					Q tags added

					Revision 1.1  2009/10/09 19:49:34  rsingh04
					more reorganizing of texts module by collection

					Revision 1.3  2009/05/27 16:39:10  rsingh04
					added/fixed cvs log keyword

				</item>
			</change>
		<change><date>July 2014</date>
    <respStmt><name>Stella Dee</name><resp>ed.</resp></respStmt>
    <item>split composite file and converted to unicode</item>
      </change>-->
			<change when="2014-08-01" who="Stella Dee">edited markup</change>
		</revisionDesc>

	</teiHeader>
	<text xml:lang="grc">
		<body>

			<div n="1" type="poem">
				<head>εἰς Δία.</head>
				<p>
					<lb/>Ζηνὸς ἔοι τί κεν ἄλλο παρὰ σπονδῆισιν ἀείδειν <lb/>λώιον ἢ θεὸν αὐτόν, ἀεὶ
					μέγαν, αἰὲν ἄνακτα, <lb/>Πηλαγόνων ἐλατῆρα, δικασπόλον οὐρανίδηισι; <lb
						rend="displayNumAndIndent"/>πῶς καί μιν, Δικταῖον ἀείσομεν ἠὲ Λυκαῖον; <lb
						n="5" rend="displayNum"/>ἐν δοιῆι μάλα θυμός, ἐπεὶ γένος ἀμφήριστον.
					<lb/>Ζεῦ δὲ μὲν Ἰδαίοισιν ἐν οὔρεσί φασι γενέσθαι, <lb/>Ζεῦ δὲ δʼ ἐν Ἀρκαδίηι·
					πότεροι, πάτερ, ἐψεύσαντο; <lb/><q>Κρῆτες ἀεὶ ψεῦσται</q>· καὶ γὰρ τάφον, ὦ ἄνα,
					σεῖο <lb/>Κρῆτες ἐτεκτήναντο· σὺ δʼ οὐ θάνες, ἐσσὶ γὰρ αἰεί. <lb n="10"
						rend="displayNum"/>ἐν δέ σε Παρρασίηι Ῥείη τέκεν, ἧχι μάλιστα <lb/>ἔσκεν
					ὄρος θάμνοισι περισκεπές (ἔνθεν ὁ χῶρος <lb/>ἱερός, οὐδέ τί μιν κεχρημένον
					Εἰλειθυίης <lb/>ἑρπετὸν οὐδὲ γυνὴ ἐπιμίσγεται, ἀλλά ἑ Ῥείης <lb/>ὠγύγιον
					καλέουσι λεχώιον Ἀπιδανῆες)· <lb n="15" rend="displayNum"/>ἔνθα σʼ ἐπεὶ μήτηρ
					μεγάλων ἀπεθήκατο κόλπων, <lb/>αὐτίκα δίζητο ῥόον ὕδατος ὧι κε τόκοιο
					<lb/>λύματα χυτλώσαιτο τεὸν δʼ ἐνὶ χρῶτα λοέσσαι. <lb/>Λάδων ἀλλʼ οὔπω μέγας
					ἔρρεεν οὐδʼ Ἐρύμανθος, <lb/>λευκότατος ποταμῶν, ἔτι δʼ ἄβροχος ἦεν ἅπασα <lb
						n="20" rend="displayNum"/>Ἀρκαδίη· μέλλεν δὲ μάλʼ εὔυδρος καλέεσθαι
					<lb/>αὖτις· ἐπεὶ τημόσδε, Ῥέη ὅτʼ ἐλύσατο μίτρην, <lb/>ἦ πολλὰς ἐφύπερθε
					σαρωνίδας ὑγρὸς Ἰάων <lb/>ἤειρεν, πολλὰς δὲ Μέλας ὤκχησεν ἁμάξας, <lb/>πολλὰ δὲ
					Καρίωνος ἄνω διεροῦ περ ἐόντος <lb n="25" rend="displayNum"/>ἰλυοὺς ἐβάλοντο
					κινώπετα, νίσσετο δʼ ἀνήρ <pb n="18"/>
					<lb/>πεζὸς ὑπὲρ Κρᾶθίν τε πολύστιόν τε Μετώπην <lb/>διψαλέος· τὸ δὲ πολλὸν ὕδωρ
					ὑπὸ ποσσὶν ἔκειτο. <lb/>καί ῥʼ ὑπʼ ἀμηχανίης σχομένη φάτο πότνια Ῥείη <lb/>ʼΓαῖα
					φίλη τέκε καὶ σύ· τεαὶ δʼ ὠδῖνες ἐλαφραί.ʼ <lb n="30" rend="displayNum"/>εἶπε
					καὶ ἀντανύσασα θεὴ μέγαν ὑψόθι πῆχυν <lb/>πλῆξεν ὄρος σκήπτρωι· τὸ δέ οἱ δίχα
					πουλὺ διέστη, <lb/>ἐκ δʼ ἔχεεν μέγα χεῦμα· τόθι χρόα φαιδρύνασα <lb/>ὦνα τεὸν
					σπείρωσε, Νέδηι δέ σε δῶκε κομίζειν <lb/>κευθμὸν ἔσω Κρηταῖον, ἵνα κρύφα
					παιδεύοιο, <lb n="35" rend="displayNum"/>πρεσβυτάτηι Νυμφέων, αἵ μιν τότε
					μαιώσαντο <lb/>πρωτίστη γενεὴ μετά γε Στύγα τε Φιλύρην τε. <lb/>οὐδʼ ἁλίην
					ἀπέτεισε θεὴ χάριν, ἀλλὰ τὸ χεῦμα <lb/>κεῖνο Νέδην ὀνόμηνε· τὸ μέν ποθι πουλὺ
					κατʼ αὐτό <lb/>Καυκώνων πτολίεθρον, δ Λέπρειον πεφάτισται, <lb n="40"
						rend="displayNum"/>συμφέρεται Νηρῆι, παλαιότατον δέ μιν ὕδωρ <lb/>υἱωνοὶ
					πίνουσι Λυκαονίης ἄρκτοιο. <lb/>εὖτε Θενὰς ἀπέλειπεν ἐπὶ Κνωσοῖο φέρουσα
					<lb/>Ζεῦ πάτερ ἡ Νύμφη σε (Θεναὶ δʼ ἔσαν ἐγγύθι Κνωσοῦ), <lb/>τουτάκι τοι πέσε
					δαῖμον ἄπʼ ὀμφαλός· ἔνθεν ἐκεῖνο <lb n="45" rend="displayNum"/>ὀμφάλιον
					μετέπειτα πέδον καλέουσι Κύδωνες. <lb/>Ζεῦ σὲ δὲ Κυρβάντων ἑτάραι προσεπηχύναντο
					<lb/>Δικταῖαι Μελίαι, δὲ δʼ ἐκοίμισεν Ἀδρήστεια <lb/>λίκνωι ἐνὶ χρυσέωι, σὺ δʼ
					ἐθήσαο πίονα μαζόν <lb/>αἰγὸς Ἀμαλθείης, ἐπὶ δὲ γλυκὺ κηρίον ἔβρως. <lb n="50"
						rend="displayNum"/>γέντο γὰρ ἐξαπιναῖα Πανακρίδος ἔργα μελίσσης <lb/>Ἰδαίοις
					ἐν ὄρεσσι, τά τε κλείουσι Πάνακρα. <lb/>οὖλα δὲ Κούρητές σε περὶ πρύλιν
					ὠρχήσαντο <lb/>τεύχεα πεπλήγοντες, ἵνα Κρόνος οὔασιν ἠχήν <lb/>ἀσπίδος εἰσαΐοι
					καὶ μή σεο κουρίζοντος. <milestone unit="card" n="55"/>
					<lb rend="displayNumAndIndent" n="55"/>καλὰ μὲν ἠέξευ, καλὰ δʼ ἔτραφες οὐράνιε
					Ζεῦ, <lb/>ὀξὺ δʼ ἀνήβησας, ταχινοὶ δέ τοι ἦλθον ἴουλοι. <pb n="19"/>
					<lb/>ἀλλʼ ἔτι παιδνὸς ἐὼν ἐφράσσαο πάντα τέλεια· <lb/>τῶι τοι καὶ γνωτοὶ
					προτερηγενέες περ ἐόντες <lb/>οὐρανὸν οὐκ ἐμέγηραν ἔχειν ἐπιδαίσιον οἶκον. <lb
						n="60" rend="displayNum"/>δηναιοὶ δʼ οὐ πάμπαν ἀληθέες ἦσαν ἀοιδοί·
					<lb/>φάντο πάλον Κρονίδηισι διάτριχα δώματα νεῖμαι· <lb/>τίς δέ κʼ ἐπʼ οὐλύμπωι
					τε καὶ ἄιδι κλῆρον ἐρύσσαι, <lb/>δς μάλα μὴ νενίηλος; ἐπʼ ἰσαίηι γὰρ ἔοικε
					<lb/>πήλασθαι· τὰ δὲ τόσσον ὅσον διὰ πλεῖστον ἔχουσι. <lb n="65"
						rend="displayNum"/>ψευδοίμην ἀίοντος ἅ κεν πεπίθοιεν ἀκουήν. <lb/>οὔ σε θεῶν
					ἐσσῆνα πάλοι θέσαν, ἔργα δὲ χειρῶν, <lb/>σή τε βίη τό τε κάρτος, ὃ καὶ πέλας
					εἵσαο δίφρου. <lb/>θήκαο δʼ οἰωνῶν μέγʼ ὑπείροχον ἀγγελιώτην <lb/>σῶν τεράων· ἅ
					τʼ ἐμοῖσι φίλοις ἐνδέξια φαίνοις. <lb n="70" rend="displayNum"/>εἵλεο δʼ αἰζηῶν
					ὅ τι φέρτατον· οὐ σύ γε νηῶν <lb/>ἐμπεράμους, οὐκ ἄνδρα σακέσπαλον, οὐ μὲν
					ἀοιδόν· <lb/>ἀλλὰ τὰ μὲν μακάρεσσιν ὀλίζοσιν αὖθι παρῆκας <lb/>ἄλλα μέλειν
					ἑτέροισι, σὺ δʼ ἐξέλεο πτολιάρχους <lb/>αὐτούς, ὧν ὑπὸ χεῖρα γεωμόρος, ὧν ἴδρις
					αἰχμῆς, <lb n="75" rend="displayNum"/>ὧν ἐρέτης, ὧν πάντα· τί δʼ οὐ κρατέοντος
					ὑπʼ ἰσχύν; <lb/>αὐτίκα χαλκῆας μὲν ὑδείομεν Ἡφαίστοιο, <lb/>τευχηστὰς δʼ Ἄρηος,
					ἐπακτῆρας δὲ Χιτώνης <lb/>Ἀρτέμιδος, Φοίβου δὲ λύρης εὖ εἰδότας οἴμους·
						<lb/><q>ἐκ δὲ Διὸς βασιλῆες</q>· ἐπὶ χθονὸς οὐδὲν ἀνάκτων <lb n="80"
						rend="displayNum"/>θειότερον· τῶι καί σφε τεὴν ἐκρίναο λάξιν. <lb/>δῶκας δὲ
					πτολίεθρα φυλασσέμεν, ἵζεο δʼ αὐτὸς <lb/>ἄκρηισʼ ἐν πολίεσσιν, ἐπόψιος οἵ τε
					δίκηισι <lb/>λαὸν ὑπὸ σκολιῆισʼ οἵ τʼ ἔμπαλιν ἰθύνουσιν· <lb/>ἐν δὲ ῥυηφενίην
					ἔβαλές σφισιν, ἐν δʼ ἅλις ὄλβον· <lb n="85" rend="displayNum"/>πᾶσι μέν, οὐ μάλα
					δʼ ἶσον. ἔοικε δὲ τεκμήρασθαι <lb/>ἡμετέρωι μεδέοντι· περιπρὸ γὰρ εὐρὺ βέβηκεν.
					<lb/>ἑσπέριος κεῖνός γε τελεῖ τά κεν ἦρι νοήσηι· <lb/>ἑσπέριος τὰ μέγιστα, τὰ
					μείονα δʼ, εὖτε νοήσηι. <lb/>οἳ δὲ τὰ μὲν πλειῶνι, τὰ δʼ οὐχ ἑνί, τῶν δʼ ἀπὸ
					πάμπαν <pb n="20"/>
					<lb n="90" rend="displayNum"/>αὐτὸς ἄνην ἐκόλουσας, ἐνέκλασσας δὲ μενοινήν. <lb
						rend="displayNumAndIndent"/>χαῖρε μέγα Κρονίδη πανυπέρτατε, δῶτορ ἐάων,
					<lb/>δῶτορ ἀπημονίης. τεὰ δʼ ἔργματα τίς κεν ἀείδοι; <lb/>οὐ γένετʼ, οὐκ ἔσται·
					τίς καὶ Διὸς ἔργματʼ ἀείσει; <lb/>χαῖρε πάτερ, χαῖρʼ αὖθι· δίδου δʼ ἀρετήν τʼ
					ἄφενός τε. <lb n="95" rend="displayNum"/>οὔτʼ ἀρετῆς ἄτερ ὄλβος ἐπίσταται ἄνδρας
					ἀέξειν <lb/>οὔτʼ ἀρετὴ ἀφένοιο· δίδου δʼ ἀρετήν τε καὶ ὄλβον. <pb n="21"/></p>
			</div>

		</body>
	</text>
</TEI>
