<?xml version="1.0" encoding="UTF-8"?><TEI.2>
<teiHeader>
<fileDesc>
<titleStmt>
<title>Exhortation to Endurance, or to the Newly Baptized</title>
<author>Clement of Alexandria</author>
<editor role="editor">G.W. Butterworth</editor>
<funder n="org:Google">Google Digital Humanities Awards Program</funder>
</titleStmt>
<publicationStmt>
<publisher>Trustees of Tufts University</publisher>
<pubPlace>Medford, MA</pubPlace>
<authority>Perseus Project</authority>
</publicationStmt>
<sourceDesc>
<biblStruct>
<monogr>
<author>Clement of Alexandria</author>
<editor role="editor">G.W. Butterworth</editor>
<title>Clement of Alexandria, with an English Translation by G.W. Butterworth</title>
<imprint>
<publisher>William Heinemann Ltd; G.P. Putnam's Sons</publisher>
<pubPlace>London; New York</pubPlace>
<date>1919</date>
</imprint>
</monogr>
</biblStruct>
<p>Keyboarding</p>
</sourceDesc>
</fileDesc>
<encodingDesc>
<refsDecl doctype="TEI.2">
<state unit="text" delim="." n="chunk"/>
</refsDecl>
</encodingDesc>
<profileDesc>
<langUsage>
<language id="greek">Greek</language>
</langUsage>
</profileDesc>
</teiHeader>
<text id="tlg0555.tlg008.perseus-grc1">
<body>
<div type="text" n="1">
<pb id="p.370"/>
<note place="unspecified" anchored="yes">This is fragment 44</note>
<head>ὁ ΠΡΟΤΡΕΠΤΙΚΟΣ ΕΙΣ ΥΠΟΜΟΝΗΝ ἢ ΠΡΟΣ ΤΟΥΣ ΝΕΩΣΤΙ ΒΕΒΑΠΤΙΣΜΕΝΟΥΣ ΚΑΗΜΕΝΤΟΣ ΠΑΡΑΓΓΕΛΜΑΤΑ</head>
<p>
<pb id="st.221"/> Ἡσυχίαν μὲν λόγοις ἐπιτήδευε, ἡσυχίαν δὲ ἔργοις,
ὡσαύτως δὲ ἐν γλώττῃ καὶ βαδίσματι· σφοδρότητα
δὲ ἀπόφευγε προπετῆ· οὕτως γὰρ ὁ νοῦς διαμενεῖ
βέβαιος, καὶ οὐχ ὑπὸ τῆς σφοδρότητος ταραχώδης
γενόμενος ἀσθενὴς ἔσται καὶ βραχὺς περὶ φρόνησιν
καὶ σκοτεινὸν ὁρῶν <note n="1." place="unspecified" anchored="yes">skoteino\n o(rw=n J. A. Robinson. skoteinw=n o)/rwn MS.</note> οὐδὲ ἡττηθήσεται μὲν γαστριμαργίας,
ἡττηθήσεται δὲ ἐπιζέοντος θυμοῦ, ἡττηθήσεται
δὲ τῶν ἄλλων παθῶν, ἕτοιμον αὐτοῖς
ἅρπαγμα προκείμενος. τὸν γὰρ νοῦν δεῖ τῶν
παθῶν ἐπικρατεῖν ὑψηλὸν ἐπὶ ἡσύχου θρόνου <note n="2" place="unspecified" anchored="yes">qro/nou Barnard. qro/non MS.</note>
καθήμενον ἀφορῶντα πρὸς θεόν. μηδὲν ὀξυχολίας
ἀνάπλεος ἔσο περὶ ὀργάς, μηδὲ νωθρὸς <note n="3" place="unspecified" anchored="yes">mhde\ nwqro\s Barnard. mh\ de\n wqo\s MS.</note> ἐν λόγοις,
μηδὲ ἐν βαδίσμασιν ὄκνου πεπληρωμένος, ἵνα σοι
ῥυθμὸς ἀγαθὸς τὴν ἡσυχίαν κοσμῇ καὶ θειῶδές τι
<pb id="p.372"/>
καὶ ἱερὸν τὸ σχῆμα φαίνηται. φυλάττου δὲ καὶ τῆς
ὑπερηφανίας τὰ σύμβολα, σχῆμα ὑψαυχενοῦν καὶ
κεφαλὴν ἐξηρμένην καὶ βῆμα ποδῶν ἁβρὸν καὶ μετέωρον.
Ἤπιά σοι πρὸς τοὺς ἀπαντῶντας ἔστω τὰ ῥήματα,
καὶ προσηγορίαι γλυκεῖαι· αἰδὼς δὲ πρὸς γυναῖκας
καὶ βλέμμα τετραμμένον εἰς γῆν. λάλει δὲ περιεσκεμμένως
ἅπαντα, καὶ τῇ φωνῇ τὸ χρήσιμον
 ἀποδίδου, τῇ χρείᾳ τῶν  <pb id="st.222"/> ἀκουόντων τὸ φθέγμα
μετρῶν, <note n="1" place="unspecified" anchored="yes">metrw=n J. A. Robinson. me/tron MS.</note> ἄχρι ἂν <note n="2" place="unspecified" anchored="yes">a)\n Wilamositz. dh\ MS.</note> καὶ ἐξάκουστον ᾖ, <note n="3" place="unspecified" anchored="yes">h)=| Wilamositz. ei)/h MS.</note> καὶ μήτε
διαφεῦγον <note n="4" place="unspecified" anchored="yes">diafeu=gon Wilamositz. diafeu/gwn MS.</note> τὴν ἀκοὴν τῶν παρόντων ὑπὸ σμικρότητος,
μήτε ὑπερβάλλον <note n="5" place="unspecified" anchored="yes">u(perba/llon Wilamositz. u(poba/llwn MS.</note> μείζονι τῇ κραυγῇ.
φυλάττου δὲ ὅπως μηδέν ποτε λαλήσῃς ὃ μὴ
προεσκέψω καὶ προενόησας· μηδὲ προχείρως καὶ
μεταξὺ <add>τῶν</add>
<note n="6" place="unspecified" anchored="yes">
<add>tw=n</add> inserted by Barnard.</note> τοῦ ἑτέρου λόγων ὑπόβαλλε τοὺς
σαυτοῦ <note n="7." place="unspecified" anchored="yes">sautou= Stählin. au)tou= MS.</note> δεῖ γὰρ ἀνὰ <note n="8" place="unspecified" anchored="yes">a)na\ Barnard. e)/na MS.</note> μέρος ἀκούειν καὶ διαλέγεσθαι,
χρόνῳ μερίζοντα λόγον καὶ σιωπήν·
μάνθανε δὲ ἀσμένως, καὶ ἀφθόνως δίδασκε, μηδὲ
ὑπὸ φθόνου ποτὲ σοφίαν ἀποκρύπτου πρὸς τοὺς
ἑτέρους, μηδὲ μαθήσεως ἀφίστασο δἰ αἰδῶ. ὕπεικε
πρεσβυτέροις ἴσα πατράσιν· τίμα θεράποντας θεοῦ·
κάταρχε σοφίας καὶ ἀρετῆς. μηδὲ ἐριστικὸς ἔσο
πρὸς τοὺς φίλους, μηδὲ χλευαστὴς κατ̓ αὐτῶν καὶ
γελωτοποιός· ψεῦδος δὲ καὶ δόλον καὶ ὕβριν
ἰσχυρῶς παραίτου· σὺν εὐφημίᾳ δὲ φέρε καὶ τὸν
ὑπερήφανον καὶ ὑβριστὴν <add>ὡς</add>
<note n="9" place="unspecified" anchored="yes">
<add>w(s</add> inserted by Schsartz.</note> πρᾷός τε καὶ
μεγαλόψυχος ἀνήρ.
Κείσθω δέ σοι πάντα εἰς θεὸν καὶ ἔργα καὶ λόγοι,
<pb id="p.374"/>
καὶ πάντα ἀνάφερε Χριστῷ τὰ σαυτοῦ, καὶ πυκνῶς
ἐπὶ θεὸν τρέπε τὴν ψυχήν, καὶ τὸ νόημα ἐπέρειδε
τῇ Χριστοῦ δυνάμει ὥσπερ ἐν λιμένι τινὶ τῷ θείῳ
φωτὶ τοῦ σωτῆρος ἀναπαυόμενον ἀπὸ πάσης
λαλιᾶς τε καὶ πράξεως. καὶ μεθ̓ ἡμέραν πολλάκις
<del>μὲν</del>
<note n="1" place="unspecified" anchored="yes">polla/kis <del>me\n</del> after h(me/ran Stählin: after qew=| de\ MS.</note> μὲν ἀνθρώποις κοίνου τὴν σεαυτοῦ φρόνησιν,
θεῷ δὲ ἐπὶ πλεῖστον ἐν νυκτὶ ὁμοίως καὶ ἐν ἡμέρᾳ·
μὴ γὰρ ὕπνος σε ἐπικρατείτω πολὺς τῶν πρὸς θεὸν
εὐχῶν τε καὶ ὕμνων· θανάτῳ γὰρ ὁ μακρὸς ὕπνος
ἐφάμιλλος. μέτοχος Χριστοῦ ἀεὶ καθίστασο <add>τοῦ</add>
<note n="2" place="unspecified" anchored="yes">
<add>tou=</add> inserted by Barnard.</note>
τὴν θείαν αὐγὴν καταλάμποντος ἐξ οὐρανοῦ· εὐφροσύνη
γὰρ ἔστω σοι διηνεκὴς καὶ ἄπαυστος ὁ Χριστός.
Μηδὲ λῦε τὸν τῆς ψυχῆς τόνον ἐν εὐωχίᾳ καὶ
ποτῶν ἀνέσει, ἱκανὸν δὲ ἡγοῦ τῷ σώματι τὸ
χρειῶδες. καὶ μὴ πρόσθεν ἐπείγου πρὸς τροφὰς
πρὶν ἢ καὶ δείπνου παρῇ καιρός· ἄρτος δὲ ἔστω
σοι τὸ δεῖπνον, καὶ πόαι γῆς προσέστωσαν καὶ τὰ
ἐκ δένδρων ὡραῖα· ἴθι <note n="3" place="unspecified" anchored="yes">i)/qi Mayor. i)/sqi MS.</note> δὲ ἐπὶ τὴν τροφὴν εὐσταθῶς <note n="4" place="unspecified" anchored="yes">eu)staqw=s Wilamositz. a)staqw=s MS.</note>
καὶ μὴ λυσσώδη γαστριμαργίαν ἐπιφαίνων· μηδὲ
σαρκοβόρος μηδὲ φίλοινος ἔσο, ὁπότε μὴ νόσος <note n="5" place="unspecified" anchored="yes">no/sos Barnard. no/sou MS.</note> τις
ἴασιν ἐπὶ ταύτην ἄγοι. ἀλλ̓ ἀντὶ τῶν ἐν τούτοις
ἡδονῶν τὰς ἐν λόγοις θείοις καὶ ὕμνοις εὐφροσύνας
αἱροῦ τῇ παρὰ θεοῦ σοι χορηγουμένας <note n="6" place="unspecified" anchored="yes">xorhgoume/nas Stählin. xorhgoume/nh| MS.</note> σοφίᾳ,
οὐράνιός τε ἀεί σε φροντὶς ἀναγέτω πρὸς οὐρανόν.
Καὶ τὰς πολλὰς περὶ σώματος ἀνίει μερίμνας
 τεθαρσηκὼς ἐλπίσι ταῖς πρὸς θεόν, ὅτι σοί γε τὰ  <pb id="st.223"/>
<pb id="p.376"/>
ἀναγκαῖα παρέξει διαρκῆ τροφήν τε τὴν εἰς ζωὴν
καὶ κάλυμμα σώματος καὶ χειμερινοῦ ψύχους
ἀλεξητήρια. τοῦ γὰρ δὴ σοῦ βασιλέως γῆ τε
ἅπασα καὶ ὅσα ἐκφύεται· ὡς μέλη δὲ αὑτοῦ <note n="1" place="unspecified" anchored="yes">Barnard and Stählin insert ta\ sw/mata after au(tou=.</note> τῶν
αὑτοῦ θεραπόντων ὑπερβαλλόντως περιέπει καθάπερ
ἱερὰ καὶ ναοὺς αὑτοῦ. διὰ δὴ τοῦτο μηδὲ νόσους
ὑπερβαλλούσας δέδιθι μηδὲ γήρως ἔφοδον χρόνῳ
προσδοκωμένου· παύσεται γὰρ καὶ νόσος, ὅταν
ὁλοψύχῳ προθέσει ποιῶμεν τὰς αὐτοῦ ἐντολάς.
Ταῦτα εἰδὼς καὶ πρὸς νόσους ἰσχυρὰν κατασκεύαζε
τὴν ψυχήν, εὐθάρσησον ὥσπερ τις ἀνὴρ ἐν
σταδίοις ἄριστος ἀτρέπτῳ τῇ δυνάμει τοὺς πόνους
ὑφίστασθαι. μηδὲ ὑπὸ λύπης πάνυ πιέζου τὴν
ψυχήν, εἴτε νόσος ἐπικειμένη βαρύνει εἴτε ἄλλο τι
συμπίπτει δυσχερές, ἀλλὰ γενναίως ἀνθίστα τοῖς
πόνοις τὸ νόημα, χάριτας ἀνάγων θεῷ καὶ ἐν μέσοις
τοῖς ἐπιπόνοις πράγμασι ἅτε δὴ σοφώτερά τε ἀνθρώπων
φρονοῦντι καὶ ἅπερ οὐ δυνατὸν οὐδὲ ῥᾴδιον
ἀνθρώποις εὑρεῖν. ἐλέει δὲ κακουμένους, <note n="2" place="unspecified" anchored="yes">kakoume/nous Stählin. kaloume/nois MS.</note> καὶ τὴν
παρὰ τοῦ θεοῦ βοήθειαν ἐπ̓ ἀνθρώποις αἰτοῦ·
ἐπινεύσει γὰρ αἰτοῦντι τῷ φίλῳ τὴν χάριν, καὶ τοῖς
κακουμένοις <note n="3" place="unspecified" anchored="yes">kakoume/nois Stählin. kaloume/nois MS.</note> ἐπικουρίαν παρέξει, τὴν αὑτοῦ δύναμιν
γνώριμον ἀνθρώποις καθιστάναι βουλόμενος, ὡς ἂν
εἰς ἐπίγνωσιν ἐλθόντες ἐπὶ θεὸν ἀνίωσιν καὶ τῆς
αἰωνίου μακαριότητος ἀπολαύσωσιν, ἐπειδὰν ὁ
τοῦ θεοῦ υἱὸς παραγένηται ἀγαθὰ τοῖς ἰδίοις ἀποκαθιστῶν.


</p>
</div>
</body>
</text>
</TEI.2>
