<?xml version="1.0" encoding="UTF-8"?><TEI xmlns="http://www.tei-c.org/ns/1.0">
<teiHeader>
<fileDesc>
<titleStmt>
<title>On the Twelve Years </title>
<author>Demades</author>
<sponsor>Perseus Project, Tufts University</sponsor>
<principal>Gregory Crane</principal>
<respStmt>
<resp>Prepared under the supervision of</resp>
<name>Lisa Cerrato</name>
<name>William Merrill</name>
<name>Elli Mylonas</name>
<name>David Smith</name>
</respStmt>
<funder n="org:AnnCPB">The Annenberg CPB/Project</funder>

</titleStmt><publicationStmt><publisher>Trustees of Tufts University</publisher><pubPlace>Medford, MA</pubPlace><authority>Perseus Project</authority></publicationStmt>


<sourceDesc>
<biblStruct>
	<monogr>
		<author>Demades</author><title>Minor Attic Orators in two volumes, 2, with an English translation by J. O. Burtt, M.A.</title>
	
		<imprint><publisher>Cambridge, MA, Harvard University Press; London, William Heinemann Ltd.</publisher><date>1962</date></imprint>
	</monogr>
</biblStruct>
</sourceDesc>

</fileDesc>
<encodingDesc>
<refsDecl>
refState unit="speech"/>
refState unit="section"/>
</refsDecl>
</encodingDesc>
<profileDesc>
    <langUsage>
	<language ident="greek">Greek
	</language><language ident="en">English
    </language></langUsage>
</profileDesc>
<revisionDesc><!--
<change><date>May 1992</date><respStmt><name>W. Merrill</name><resp>(n/a)</resp></respStmt><item>Change markup in accordance with orator dtd</item>
</change>
<change><date>June 1992</date><respStmt><name>W. Merrill</name><resp>(n/a)</resp></respStmt><item>checkmark</item>
</change>
<change><date>July 2014</date>
    <respStmt><name>Stella Dee</name><resp>ed.</resp></respStmt>
    <item>split composite text and converted to unicode</item>
      </change>--><change when="2014-08-01" who="Stella Dee">edited markup</change></revisionDesc>
</teiHeader><text xml:lang="grc"><body><p>
<milestone unit="section" n="1"/>τῆς μὲν τῶν κινδυνευόντων σωτηρίας, ὦ ἄνδρες Ἀθηναῖοι, καὶ τῆς τιμωρίας ὑμεῖς παρὰ τῶν νόμων τὴν ἐξουσίαν εἰλήφατε· οὔτε δʼ ἰατρὸς ἐμπείρως δύναται θεραπεῦσαι τοὺς κάμνοντας, ἂν μὴ τὴν αἰτίαν τοῦ νοσήματος κατανοήσῃ, οὔτε δικαστὴς ὁσίαν θεῖναι τὴν ψῆφον, ἐὰν μὴ τοῖς τῆς κρίσεως δικαίοις σαφῶς<note anchored="true" resp="Loeb"><foreign xml:lang="grc">σαφῶς</foreign>add. e.</note> ᾖ παρηκολουθηκώς.
<milestone unit="section" n="2"/>ἐμπεσὼν δʼ αὐτὸς εἰς μέσην τὴν τῶν<note anchored="true" resp="Loeb"><foreign xml:lang="grc">μέσην τὴν τῶν</foreign>Sauppe: <foreign xml:lang="grc">τὴν τῶν</foreign>E: <foreign xml:lang="grc">μέσην τῶν</foreign>cett.</note> ῥητόρων δυσμένειαν, ὥσπερ τῆς παρὰ θεῶν, οὕτω τῆς παρʼ ὑμῶν δέομαι τυχεῖν βοηθείας. διαβάλλουσι γάρ μου τὸν βίον, οἰόμενοι τὸν λόγον ἄπιστον καταστήσειν. ἐγὼ δʼ ἀποθανὼν μὲν ἢ ζῶν οὐδέν εἰμι· τί γὰρ Ἀθηναίοις, εἰ<note anchored="true" resp="Loeb"><foreign xml:lang="grc">εἰ]; ἢ</foreign>Stephanus.</note> παρανάλωμα<note anchored="true" resp="Loeb"><foreign xml:lang="grc">παρανάλωμα]; παραναλοῦμαι</foreign>Blass.</note> Δημάδης;<note anchored="true" resp="Loeb">Post<foreign xml:lang="grc">Δημάδης</foreign>verba<foreign xml:lang="grc">ἐμοῦ δὲ τὴν εἰρήνην συμβουλεύοντος</foreign>add. e.</note> δακρύσει δέ μου τὴν ἀπώλειαν οὐχ ὁ στρατιώτης<note anchored="true" resp="Loeb"><foreign xml:lang="grc">στρατιώτης]; στρατός</foreign>e.</note> — πῶς γὰρ; ὃν αὔξει μὲν πόλεμος, εἰρήνη δʼ οὐ τρέφει — ἀλλʼ ὁ τὴν χώραν γεωργῶν καὶ ὁ τὴν θάλατταν πλέων καὶ πᾶς ὁ τὸν ἡσύχιον βίον ἠγαπηκώς, ᾧ τὴν Ἀττικὴν ἐτείχισα, τοὺς ὅρους τῆς χώρας περιβαλὼν οὐ λίθοις ἀλλὰ τῇ τῆς πόλεως ἀσφαλείᾳ.
<milestone unit="section" n="3"/>δεινὸν δέ τι συμβαίνει πολλοῖς τῶν κρινόντων, ὦ ἄνδρες<note anchored="true" resp="Loeb"><foreign xml:lang="grc">ὦ ἄνδρες</foreign>X corr.: <foreign xml:lang="grc">ωδε</foreign>X pr.: <foreign xml:lang="grc">ὦ</foreign>N.</note> δικασταί. ὥσπερ γὰρ ἡ τῶν ὀφθαλμῶν νόσος τὴν ὅρασιν συγχέασα κωλύει τὰ ἐμποδὼν κείμενα θεωρεῖν, οὕτως ἄδικος παρεισδύνων λόγος εἰς τὰς τῶν δικαστῶν<note anchored="true" resp="Loeb"><foreign xml:lang="grc">δικαστῶν]; δικαίων</foreign>e.</note> γνώμας οὐκ ἐᾷ διʼ ὀργὴν συνορᾶν τὴν ἀλήθειαν. διὸ καὶ δεῖ συνορᾶν ὑμᾶς εὐλαβῶς ἐπὶ τῶν κινδυνευόντων μᾶλλον ἢ τῶν ἐγκαλούντων· οἱ μὲν γὰρ αὐτόθεν ἔχουσιν ἐκ τῆς πρωτολογίας ὁποῖον αὐτοὶ βούλονται τὸν δικαστήν, οἱ δʼ ἀναγκάζονται πρὸς ὠργισμένους κριτὰς τὴν διάνοιαν ἀντιτάσσεσθαι.
<milestone unit="section" n="4"/>ἐὰν μὲν οὖν φαίνωμαι τοῖς ἐγκαλουμένοις ἔνοχος, καταψηφίσασθε, μὴ φείσησθε· οὐ παραιτοῦμαι· ἂν δʼ εὑρίσκωμαι τῶν ἐγκεκλημένων κεχωρισμένος τῷ δικαίῳ, τοῖς νόμοις, τῷ συμφέροντι, μὴ πρόησθέ με τῇ τῶν κατηγόρων ὠμότητι. εἰ δὲ πάντως ἀποθανὼν συμβαλοῦμαί τι πρὸς τὴν κοινὴν σωτηρίαν, ὡς οὗτοι λέγουσιν, ἑτοίμως ἔχω τελευτᾶν· κτήσασθαι γὰρ ἰδίῳ θανάτῳ δημοσίαν εὔνοιαν<note anchored="true" resp="Loeb"><foreign xml:lang="grc">εὔνοιαν]; εὐδαιμονίαν</foreign>Sauppe.</note> καλόν, ἐὰν ἡ χρεία τῆς πατρίδος, ἀλλὰ μὴ ὁ τούτων λόγος τὸ ζῆν<note anchored="true" resp="Loeb"><foreign xml:lang="grc">ζῆν</foreign>Sauppe: <foreign xml:lang="grc">νῦν</foreign>codd.</note> ἀφαιρήσηται.<note anchored="true" resp="Loeb"><foreign xml:lang="grc">ἀφαιρήσηται</foreign>C: <foreign xml:lang="grc">ἀφαιρήσεται</foreign>cett.: <foreign xml:lang="grc">ἀφαιρῆται</foreign>Bekker.</note>
<milestone unit="section" n="5"/>δότε δή μοι πρὸς θεῶν, ὦ ἄνδρες Ἀθηναῖοι, δότε διαλεχθῆναι ὡς προαιροῦμαι πρὸς ὑμᾶς περὶ τῶν δικαίων. δοκῶ μὲν γὰρ δύναμιν εἶναί μοι καὶ τοῖς ἄλλοις βοηθεῖν· ἐν δὲ τούτοις ἐμποδίζει μου τὸν λόγον ὁ φόβος. ἄλλως δʼ οὐ τὸν ἔλεγχον τοῦ πράγματος δέδοικα,<note anchored="true" resp="Loeb"><foreign xml:lang="grc">δέδοικα</foreign>om. codd. praeter C.</note> ἀλλὰ τὴν τῶν ἀντιδίκων διαβολὴν μόνον, ἥτις<note anchored="true" resp="Loeb"><foreign xml:lang="grc">τὴν τῶν ἀντιδίκων διαβολὴν μόνον, ἥτις</foreign>C: <foreign xml:lang="grc">τῇ τῶν ἀδίκων μόνον, ὃς</foreign>cett.: <foreign xml:lang="grc">τὸν τῶν ἀντιδίκων φθόνον, ὃς</foreign>Sauppe.</note> οὐ κρίνει τοὺς ἀδικοῦντας, ἀλλὰ φύεται τοῖς δοκοῦσι<note anchored="true" resp="Loeb"><foreign xml:lang="grc">δοκοῦσι]; εὖ δοκοῦσι</foreign>Bekker: <foreign xml:lang="grc">δοκοῦσί τι</foreign>Sauppe.</note> λέγειν ἢ πράττειν.
<milestone unit="section" n="6"/>ἡ παρʼ ὑμῖν ἐλπὶς δὲ δικαία· οὐ μικρὰ <add>γάρ</add><note anchored="true" resp="Loeb"><foreign xml:lang="grc">γάρ</foreign>add. Blass.</note> ἐστι τῷ κινδυνεύοντι ῥοπὴ πρὸς σωτηρίαν ἡ τῶν ἀκουόντων βούλησις ταττομένη μετὰ τοῦ δικαίου. ἐὰν ταύτης κατατύχω,<note anchored="true" resp="Loeb"><foreign xml:lang="grc">κατατύχω</foreign>C: <foreign xml:lang="grc">κατατυχών</foreign>cett.</note> πάσας ἀπολύσομαι τὰς διαβολάς· ἄνευ δὲ ταύτης οὔθʼ ὁ λόγος οὔθʼ οἱ νόμοι οὔθʼ ἡ τῶν πραγμάτων ἀλήθεια σῶσαι δύνανται<note anchored="true" resp="Loeb"><foreign xml:lang="grc">δύνανται</foreign>X: <foreign xml:lang="grc">δύναται</foreign>e: <foreign xml:lang="grc">δύναιντʼ ἂν</foreign>C.</note> τὸν ἀδίκως κρινόμενον. οὐκ ἀγνοεῖτε δὲ ὅτι πολλοὶ πολλάκις ἤδη τῶν ἐγκαλούντων ἀπὸ μὲν τῆς κατηγορίας ἔδοξαν δίκαια λέγειν, παρατεθείσης δὲ τῆς ἀπολογίας εὑρέθησαν αὐτοὶ συκοφαντοῦντες· ὃ δὴ καὶ νῦν πέπεισμαι τούτοις παρακολουθήσειν ὑμῶν ἀκούειν προαιρουμένων μετʼ εὐνοίας.
<milestone unit="section" n="7"/>ἐπεὶ δὲ καὶ τῆς ἄλλης μου πολιτείας κατηγορεῖν ἐπεχείρησαν, βραχέα βούλομαι περὶ αὐτῆς εἰπεῖν, ἔπειθʼ οὕτως ἐπὶ τὴν λοιπὴν δικαιολογίαν ἀπελθεῖν, ἵνα μὴ λάθωσιν ὑμᾶς παρακρουσάμενοι. γεγονὼς γάρ, ὦ ἄνδρες Ἀθηναῖοι, Δημέου<note anchored="true" resp="Loeb"><foreign xml:lang="grc">Δημέου</foreign>Blass (iam<foreign xml:lang="grc">Δημαίου</foreign>Lhardy et Kiessling):<foreign xml:lang="grc"> Δημάδου</foreign>codd.</note> πατρός, ὡς καὶ ὑμῶν οἱ πρεσβύτεροι γινώσκουσι, τὸν μὲν ἄλλον χρόνον οὕτως ἔζων ὡς ἐδυνάμην, οὔτε κοινῇ τὸν δῆμον ἀδικῶν οὔτʼ ἰδίᾳ λυπῶν οὐδένα τῶν ἐν τῇ πόλει, πειρώμενος δʼ ἀεὶ τοῖς ἰδίοις πόνοις τὴν ἀσθένειαν τοῦ βίου διορθοῦσθαι.
<milestone unit="section" n="8"/>ἡ πενία δʼ ἴσως δύσχρηστον μὲν ἔχει τι καὶ χαλεπόν, κεχώρισται δʼ αἰσχύνης, ὡς ἄν, οἶμαι, τῆς ἀπορίας ἐπὶ πολλῶν οὐ τρόπου κακίαν ἀλλὰ τύχης ἀγνωμοσύνην ἐλεγχούσης. προσελθὼν δὲ τοῖς κοινοῖς, οὐκ εἰς δίκας καὶ τὴν ἀπὸ τῆς λογογραφίας ἐργασίαν ἔθηκα τὸν πόνον, ἀλλʼ εἰς τὴν ἀπὸ τοῦ βήματος παρρησίαν ἣ τοῖς<note anchored="true" resp="Loeb"><lemma xml:lang="grc">ἡ τοῖς</lemma> <foreign xml:lang="grc">αὕτη δὲ τοῖς</foreign>e.</note> μὲν λέγουσιν ἐπισφαλῆ παρέχεται τὸν βίον, τοῖς δʼ εὐλαβουμένοις<note anchored="true" resp="Loeb"><lemma xml:lang="grc">εὐλαβουμένοις</lemma> <foreign xml:lang="grc">εὐλαβῶς ἀκροωμένοις</foreign>Blass.</note> μεγίστην δίδωσιν ἀφορμὴν πρὸς κατόρθωσιν· οὐ γὰρ ἐν τῇ τοῦ λέγοντος χάριτι δεῖ συνεκπίπτειν τὴν τῆς πατρίδος σωτηρίαν.
<milestone unit="section" n="9"/>χιλίων ταφὴ Ἀθηναίων μαρτυρεῖ μοι, κηδευθεῖσα ταῖς τῶν ἐναντίων χερσίν, ἃς ἀντὶ πολεμίων φιλίας ἐποίησα τοῖς ἀποθανοῦσιν. ἐνταῦθα ἐπιστὰς τοῖς πράγμασιν ἔγραψα τὴν εἰρήνην· ὁμολογῶ. ἔγραψα καὶ Φιλίππῳ τιμάς· οὐκ ἀρνοῦμαι. δισχιλίους γὰρ αἰχμαλώτους ἄνευ λύτρων καὶ χίλια πολιτῶν σώματα χωρὶς κήρυκος καὶ τὸν Ὠρωπὸν ἄνευ πρεσβείας λαβὼν ὑμῖν ταῦτʼ ἔγραψα.
<milestone unit="section" n="10"/>ἐπείληπτο δὲ τῆς γραφούσης χειρὸς οὐχ ἡ δωροδοκία τῶν Μακεδόνων, ὡς οὗτοι πλαττόμενοι λέγουσιν, ἀλλʼ ὁ καιρὸς καὶ ἡ χρεία καὶ τὸ τῆς πατρίδος συμφέρον καὶ ἡ τοῦ βασιλέως φιλανθρωπία. ἐλθὼν γὰρ ἐπὶ τὸν κίνδυνον ἐχθρὸς τῶν ἀγώνων φίλος ἐχωρίσθη, τὸ τῶν νενικηκότων ἆθλον τοῖς σφαλεῖσι προσθείς.
<milestone unit="section" n="11"/>πάλιν τοίνυν ἧκε τῇ πόλει καιρὸς ἕτερος, ἵνα τοὺς μεταξὺ κινδύνους ἑκὼν ἐπιλάθωμαι· καὶ πάντες μὲν οἱ τὴν Ἑλλάδα κατοικοῦντες τὸν Ἀλέξανδρον ἐπὶ τὴν ἡγεμονίαν ἀνεβίβαζον, καὶ τοῖς ψηφίσμασιν ἀναπλάττοντες φρόνημα μεῖζον τοῦ δέοντος ἀνδρὶ νέῳ καὶ φιλοδόξῳ περιέθηκαν· λοιποὶ δʼ ἦμεν ἡμεῖς καὶ Λακεδαιμόνιοι, πρόβλημα τῆς σωτηρίας ἔχοντες, οὐ χρημάτων πλῆθος, οὐχ ὅπλων παρασκευάς, οὐχὶ πεζῶν<note anchored="true" resp="Loeb"><foreign xml:lang="grc">οὐχὶ πεζῶν]; οὐχ ἱππέων καὶ πεζῶν</foreign>Blass.</note> σύνταξιν, ἀλλʼ ἐπιθυμίαν μεγάλην, δύναμιν δʼ ἀσθενῆ καὶ ταπεινήν.
<milestone unit="section" n="12"/>ὧν μὲν γὰρ<note anchored="true" resp="Loeb"><foreign xml:lang="grc">ὧν μὲν γὰρ]; τῶν Λακεδαιμονίων</foreign>e.</note> ἐσύλησε τὴν ἰσχὺν ὁ περὶ Λεῦκτρα κίνδυνος, ὁ δὲ πρότερον ἀπείρατος ὢν πολεμίας σάλπιγγος Εὐρώτας Βοιωτοὺς ἐν τῇ Λακωνικῇ στρατοπεδεύοντας εἶδεν<note anchored="true" resp="Loeb"><foreign xml:lang="grc">εἶδεν</foreign>Ald.: <foreign xml:lang="grc">εἶχεν</foreign>codd. et e.</note> ἀπέκειρε γὰρ τὴν ἀκμὴν τῆς Σπάρτης ὁ Θηβαῖος, καὶ τοὺς ὅρους τῆς Λακωνικῆς τεθειμένους, τὴν ἀκμὴν τῶν νέων, συνέκλεισε ταῖς τέφραις. τὰς δʼ ἡμετέρας παρασκευὰς ἀνάλωσεν ὁ πόλεμος, καὶ τὴν ἐλπίδα τῶν ζώντων συνέτριψεν ἡ συμφορὰ τῶν ἀποθανόντων.
<milestone unit="section" n="13"/>Θηβαῖοι δὲ μέγιστον εἶχον δεσμὸν τὴν τῶν Μακεδόνων φρουράν, ὑφʼ ἧς οὐ μόνον τὰς χεῖρας συνεδέθησαν, ἀλλὰ καὶ τὴν παρρησίαν ἀφῄρηντο· τῷ γὰρ Ἐπαμινώνδου σώματι συνέθαψε τὴν δύναμιν τῶν Θηβαίων ὁ καιρός. ἤκμαζον δὲ τοῖς σύμπασιν<note anchored="true" resp="Loeb"><foreign xml:lang="grc">σύμπασιν</foreign>Blass: <foreign xml:lang="grc">σώμασιν</foreign>codd. et e.</note> οἱ Μακεδόνες, οὓς ἤδη ταῖς ἐλπίσιν ἐπὶ τὰ σκῆπτρα καὶ τοὺς Περσῶν<note anchored="true" resp="Loeb"><foreign xml:lang="grc">Περσῶν</foreign>inter<foreign xml:lang="grc">τὰ</foreign>et<foreign xml:lang="grc">σκῆπτρα</foreign>transtulit Blass.</note>θησαυροὺς ἡ τύχη διεβίβαζεν.
<milestone unit="section" n="14"/>ἐνταῦθʼ ὁμοίως Δημοσθένης μὲν ἐκύρωσε πόλεμον, καλὴν μὲν τοῖς ὀνόμασιν, οὐ σωτήριον δὲ τοῖς ἔργοις συμβουλίαν εἰσηγησάμενος τοῖς πολίταις· ὡς δὲ πλησίον ἔστη τῆς Ἀττικῆς ὁ πολέμιος,<note anchored="true" resp="Loeb"><foreign xml:lang="grc">ὁ πολέμιος</foreign>add. e.</note>ἡ χώρα δὲ εἰς τὴν πόλιν κατεκλείετο, καὶ τὸ περιμάχητον καὶ θαυμαζόμενον ὑπὸ πάντων ἄστυ βοῶν καὶ προβάτων ὥσπερ ἔπαυλις καὶ τῶν βοσκημάτων<note anchored="true" resp="Loeb"><foreign xml:lang="grc">καὶ τῶν βοσκημάτων</foreign>om. e.</note> ἐπληροῦτο, βοηθείας δʼ οὐδαμόθεν ἦν ἐλπίς, ἔγραψα τὴν εἰρήνην.
<milestone unit="section" n="15"/>ὁμολογῶ, καί φημι καλῶς καὶ συμφερόντως πεπραχέναι τοῦτο· κρεῖττον γὰρ ἐπερχόμενον ἐκκλῖναι τὸ νέφος ἢ φερομένῳ συναπενεχθῆναι τῷ ῥεύματι. ἀξιῶ δʼ, ὦ ἄνδρες Ἀθηναῖοι, τὴν ἐκ τῶν πραγμάτων λύπην ἐμοὶ παρʼ ὑμῶν μηδεμίαν ἀπογεννῆσαι δυσμένειαν. οὐ γὰρ ἐγὼ κρατῶ τῆς τύχης, ἀλλʼ ἡ τύχη τοῦ βίου, διʼ ἣν κινδυνεύει. δεῖ δὲ τὸν σύμβουλον, καθάπερ τὸν ἰατρόν, οὐ τῆς νόσου τὴν αἰτίαν ἔχειν, ἀλλὰ τῆς θεραπείας τὴν χάριν ἀπολαμβάνειν.
<milestone unit="section" n="16"/>καταχωρίσαντες οὖν τὰ συμβάντα διὰ τὰς ἔξωθεν αἰτίας, ψιλῶς ἐπὶ τῶν πραγμάτων γυμνὴν θεωρήσατέ μου τὴν πολιτείαν. μετὰ ταῦτα τοίνυν τῇ πόλει τρίτος ἐπήγετο<note anchored="true" resp="Loeb"><foreign xml:lang="grc">ἐπήγετξ</foreign>X: <foreign xml:lang="grc">ἐγένετο</foreign>T: <foreign xml:lang="grc">ἐπὶ</foreign>N: <foreign xml:lang="grc">ἐπῄει</foreign>Scheibe.</note> κίνδυνος πάντων χαλεπώτατος, οὐκέτι πεμφθεὶς ὑπὸ τῆς τύχης, ἀλλʼ ὑπὸ τῶν τότε ῥητόρων ἐπαχθείς.
<milestone unit="section" n="17"/>καί μοι τῶν πεπραγμένων ἀναμνήσθητε, ἡνίκα Δημοσθένης καὶ Λυκοῦργος τῷ μὲν λόγῳ παραταττόμενοι τοὺς Μακεδόνας ἐνίκων ἐν Τριβαλλοῖς, μόνον δʼ οὐχ ὁρατὸν ἐπὶ τοῦ βήματος νεκρὸν τὸν Ἀλέξανδρον προέθηκαν, ἐν τῷ δήμῳ δʼ ἀλείψαντες λόγοις εὐπρεπέσι Θηβαίων τοὺς παρόντας φυγάδων θυμοὺς ἐπʼ ἐλπίδι τῆς ἐλευθερίας ἠκόνησαν, ἐμὲ δὲ στυγνὸν καὶ περίλυπον ἔφασκον εἶναι, μὴ συνευδοκοῦντα<gap></gap>
<milestone unit="section" n="18"/>ἔχει τι πικρὸν ὁ τῆς ἀληθείας λόγος, ἐπειδάν τις ἀκράτῳ παρρησίᾳ χρώμενος μεγάλων ἀγαθῶν προσδοκίαν ἀφαιρῆται· τὰ δὲ προσηνῆ κἂν ᾖ ψευδῆ πείθει τοὺς ἀκούοντας.
<milestone unit="section" n="19"/>προσδόκιμος ἦν εἰς τὴν Ἀττικὴν ὁ κίνδυνος.
<milestone unit="section" n="20"/>μετὰ βραχὺ δὲ καὶ αἱ τῶν Μακεδόνων ἐπιδορατίδες ἥπτοντʼ ἤδη τῆς Ἀττικῆς, καὶ γειτνιώσης τῆς συμφορᾶς καὶ τῆς Ἑλλάδος κατεπτηχυίας, ἔδει καταψᾶν καὶ τιθασεύειν<note anchored="true" resp="Loeb"><foreign xml:lang="grc">τιθασεύειν</foreign>Haupt: <foreign xml:lang="grc">τιθασσεύειν</foreign>cod.</note> τὴν ὀργὴν τοῦ βασιλέως ἠρεθισμένην κατὰ τοῦ δήμου.
<milestone unit="section" n="21"/>οὐχ ἡ δόσις τῶν χρημάτων λυπεῖ, ἀλλʼ ἡ πρᾶξις τοῦ λαμβάνοντος, ἐὰν ᾖ κατὰ τοῦ συμφέροντος.
<milestone unit="section" n="22"/>ταῦτα λέγων τὸν τοῦ πολέμου πυρσὸν αἴρει, καὶ ὁ πολέμιος ἐπὶ τῶν πυλῶν στρατοπεδεύει.
<milestone unit="section" n="23"/>αἵματι τὸν πόλεμον διέκρινεν.
<milestone unit="section" n="24"/>οὐ γὰρ ἵνα λάβω χρυσίον, ὡς αὐτοὶ πλαττόμενοι λέγουσιν, ἀλλʼ ἵνα τόδε.
<milestone unit="section" n="25"/><gap></gap>σύμμαχον εἶχεν ὑποψίαν.
<milestone unit="section" n="26"/>ὄφελον καὶ Θηβαίους ἔχειν Δημάδην· ἔτι γὰρ ἂν ἦσαν αἱ Θῆβαι πόλις· νῦν δʼ εἰσιν οἰκόπεδον πόλεως καὶ λείψανα κακῶν ταῖς τῶν ἐχθρῶν χερσὶν εἰς ἔδαφος ἀχθεῖσαι.
<milestone unit="section" n="27"/>πολέμιον αἷμα καὶ Μακεδονικὸν πῦρ εἰς τὴν Ἀττικὴν ὑποδέχεσθαι ἦν οὐ καλόν, οὐδὲ σιωπᾶν καὶ καρτερεῖν ὁρῶντα καταδυομένην ὥσπερ ναῦν τὴν πόλιν.
<milestone unit="section" n="28"/>ἀλλʼ οἱ δείλαιοι σύμβουλοι ἐξαγαγόντες εἰς τὴν Βοιωτίαν τὴν ἀκμὴν τῆς πόλεως εἰσήγαγον εἰς πολυάνδριον.
<milestone unit="section" n="29"/>εἰρήνην<note anchored="true" resp="Loeb"><foreign xml:lang="grc">εἰρήνην</foreign>Haupt: <foreign xml:lang="grc">εἰρῄνης</foreign>cod.</note> δεῖ καὶ οὐ λόγον ἀντιτάττειν τῇ τῶν Μακεδόνων φάλαγγι· ἄπρακτος γὰρ ἡ σπουδὴ τοῦ λόγου τῶν ἐλάττονα τῆς βουλήσεως ἐχόντων τὴν δύναμιν.
<milestone unit="section" n="30"/>πραύνεται γὰρ ὁ τῶν ἠδικημένων θυμός, ἐπειδὰν ὁ τὴν αἰτίαν ἔχων μὴ φιλονικῇ, κριτὴν δὲ ποιῇ τῆς εἰς αὑτὸν φιλανθρωπίας τὸν ἀδικούμενον.
<milestone unit="section" n="31"/>τοὺς πρέσβεις εἰς φρέαρ κατέχωσαν, εὐγενῶς μὲν τοῖς θυμοῖς παραστάντες, οὐκ εὐσεβῶς δὲ τῇ τιμωρίᾳ χρησάμενοι.
<milestone unit="section" n="32"/>ἐπόνει τοῖς κακοῖς ἡ Σπάρτη.
<milestone unit="section" n="33"/>ὁ Δημοσθένης ὁ πικρὸς συκοφάντης διαστρέφων τὸ πρᾶγμα τῇ δεινότητι τῶν ῥημάτων διέβαλεν.
<milestone unit="section" n="34"/>ἐγίνωσκον ἀκριβῶς τὸν μὲν τῶν πολιτευομένων βίον εὐκίνητον ὄντα, τὸ δὲ μέλλον ἀόρατον, ποικίλας δὲ τὰς τῆς τύχης<note anchored="true" resp="Loeb"><foreign xml:lang="grc">τύχης</foreign>Haupt: <foreign xml:lang="grc">ψυχῆς</foreign>cod.</note> μεταβολάς, ἀκρίτους δὲ τοὺς τὴν Ἑλλάδα κατέχοντας καιρούς· ὃν οὖν καθʼ ἑτέρων ἤμελλον τίθεσθαι νόμον.
<milestone unit="section" n="35"/>οὐκ ἐγὼ ταῦτα συνεβούλευον, ἀλλʼ ἡ πατρίς, ὁ καιρός, τὰ πράγματα διὰ τῆς ἐμῆς φωνῆς ἠξίου ταῦτα πράττειν· οὐ δίκαιον οὖν τὸν σύμβουλον καιρῶν εὐθύνας ὑπέχειν καὶ ὧν ἐν τῇ τύχῃ τὸ τέλος.
<milestone unit="section" n="36"/>αὐτοχειρὶ σφαγεὶς τὸν βίον ἐξέλιπεν.
<milestone unit="section" n="37"/>αἱ θυγατέρες Ἐρεχθέως τῷ καλῷ τῆς ἀρετῆς τὸ θῆλυ τῆς ψυχῆς ἐνίκησαν, καὶ τὸ τῆς φύσεως ἀσθενὲς ἔπανδρον ἐποίησεν ἡ πρὸς τὸ θρέψαν ἔδαφος φιλοστοργία.
<milestone unit="section" n="38"/>πρεσβῦται φιλοψυχοῦσιν ἐπὶ δυσμαῖς τοῦ βίου.
<milestone unit="section" n="39"/><gap></gap>πολεμίῳ πυρὶ τὴν Ἑλλάδα περιέλαμψεν.
<milestone unit="section" n="40"/>λόγος κενῶς μὲν ἐξενεχθεὶς θήγει τὰ ξίφη,  δεξιῶς δὲ τεθεὶς καὶ τὰς ἠκονημένας λόγχας ἀπαμβλύνει· οἰκονομία δʼ ἀνύει πλέον ἢ βία.
<milestone unit="section" n="41"/>ἐπίστευσεν ὁ βάρβαρος τὸν λόγον,  οὐ τὸν νοῦν ἠρεύνησεν· ἔκρινε γὰρ τοῖς ὠσὶ πρὸς ἡδονὴν τὴν ἐπαγγελίαν, οὐ πρὸς ἀλήθειαν. τὰ δʼ οὐκ ἦν λόγος, ἀλλʼ ἔργα εὐθέως ἠκολούθει.
<milestone unit="section" n="42"/>βίᾳ μὲν οὐδὲ τῶν ἐλαχίστων δύναται κρατεῖν ἄνθρωπος, ἐπινοίᾳ δὲ καὶ μεθόδῳ ὑπέζευξε μὲν ἀρότρῳ βοῦν πρὸς τὴν ἐργασίαν τῆς χώρας, ἐχαλίνωσε δὲ τὸν ἵππον, ἐλέφαντι δὲ παρέστησεν ἐπιβάτην καὶ ξύλῳ τὴν ἀμέτρητον θάλασσαν διεπέρασεν. τούτων δὲ πάντων ἀρχιτέκτων καὶ δημιουργός ἐστιν ὁ νοῦς, ᾧ δεῖ καθηγεμόνι χρωμένους μὴ πάντα ζητεῖν πρὸς τὰς ἰδίας ὀξύτητας, ἀλλὰ πρὸς τὰς τῶν πραγμάτων φύσεις καὶ μεταπτώσεις. οὕτω κἀγὼ καθάπερ τι φοβερὸν θηρίον κεχαρισμένοις λόγοις τιθασεύσας τὸν Ἀλέξανδρον ἐποίησα χειροήθη πρὸς τὸ μέλλον.
<milestone unit="section" n="43"/>ἄρρενα λόγον καὶ τοῦ τῶν Ἀθηναίων ὀνόματος ἀξίαν παρρησίαν.
<milestone unit="section" n="44"/>μισῶ τοὺς δημαγωγούς,  ὅτι ταράττουσι τὸν δῆμον καὶ τὸ κτῆμα τῆς ἐμῆς πολιτείας τὴν εἰρήνην ψηφίσματι πολέμου παραθραύουσιν.
<milestone unit="section" n="45"/>οἱ πρόγονοι τὴν πόλιν ἐκλιπόντες πόλιν ἔσχον τὴν θάλατταν· ἡ δʼ ἀπὸ τῆς ναυμαχίας ἧττα καὶ τὴν πεζὴν δύναμιν συνέτριψεν.
<milestone unit="section" n="46"/>ἐλευθερία ὠτακουστὴν οὐκ εὐλαβεῖται.
<milestone unit="section" n="47"/>ὀλισθηραὶ δὲ καὶ συνεχεῖς αἱ παρὰ τῶν πραγμάτων γινόμεναι μεταβολαί.
<milestone unit="section" n="48"/>ψηφίσματι γὰρ εὐνοίας ὁ τῆς ἀθανασίας ἀφίδρυται βωμός.
<milestone unit="section" n="49"/>ἐπιστήσεις αὐτοῖς κήρυκα τὸν χρόνον φθεγγόμενον.
<milestone unit="section" n="50"/>Ἀλέξανδρος ὁ τὰς ἐλπίδας συνάπτων πρὸς τὴν τῆς οἰκουμένης ἡγεμονίαν.
<milestone unit="section" n="51"/>ὁ Δημοσθένης ἀνθρωπάριον ἐκ συλλαβῶν καὶ γλώσσης συγκείμενον.
<milestone unit="section" n="52"/>ἐκεῖνοι γὰρ οἱ λόγοι τὴν ὀργὴν τοῦ βασιλέως ὥσπερ ὕπνῳ κατεκοίμησαν.
<milestone unit="section" n="53"/>ἔτι γὰρ ἤκμαζον αἱ δυνάμεις τῆς πόλεως καὶ τῆς Ἑλλάδος τὸ φρόνημα, καὶ συνέρρει ἡ τύχη τῷ δήμῳ· νῦν δʼ ἐξωστράκισται μὲν πᾶν τὸ χρήσιμον ἐκ τῶν πραγμάτων, ἐξῄρηται δὲ τὰ νεῦρα τῶν πόλεων, εἰς ἄνεσιν δὲ καὶ τρυφὴν νενεύκασιν οἱ βίοι, τὰ δὲ τῆς ὁμονοίας οὐκέτι μένει, νόθαι δὲ γεγόνασιν αἱ τῶν φίλων ἐλπίδες.
<milestone unit="section" n="54"/>ὁ δὲ πόλεμος ὥσπερ νέφος ἐκ παντὸς τόπου τῆς Εὐρώπης ἐπήρτητο, καὶ συνέκλειέ μου τὴν ἐπὶ τῆς ἐκκλησίας παρρησίαν, καὶ τὴν μετʼ ἐλευθερίας καὶ δόξης φωνὴν ἀφῄρει.
<milestone unit="section" n="55"/>ἐκ τῶν πραγμάτων σκοπεῖτε τὴν ἀλήθειαν,  καὶ μὴ ψευδεῖς αἰτίας ὁμολογουμένων ἔργων προκρίνητε.
<milestone unit="section" n="56"/><gap></gap>διὰ τῶν πραγμάτων πολέμιον πῦρ προαγορεύει. αὕτη ἡ Ἀλεξάνδρου<note anchored="true" resp="Loeb"><lemma xml:lang="grc">Ἀλεξάνδρου</lemma> <foreign xml:lang="grc"></foreign>secl. Blass.</note> ἐπιστολὴ συνέτριβέ μου τὴν διάνοιαν· αὕτη πόλεμον ἐν τύπῳ γραμμάτων περιέχουσα μονονοὺκ ἐπιλαβομένη μου τῆς χειρὸς ἐξήγειρεν· αὕτη πορευομένη διὰ τῶν λογισμῶν τὴν ἡσυχίαν ἄγειν οὐκ ἐπέτρεψεν· ἐν πύλαις γὰρ ὁ κίνδυνος.
<milestone unit="section" n="57"/>ἡ δʼ ἐμὴ πολιτεία καὶ ὁ τότε θόρυβος συνεπέστησε τὴν πόλιν, καὶ διεκώλυσεν ὥσπερ κῦμα πανταχόθεν ἐπικλύσαι τὴν Ἀττικήν, καὶ τὴν ἐν Βοιωτίᾳ παρασκευὴν ἔτρεψεν εἰς Πέρσας.
<milestone unit="section" n="58"/>οὐ τὴν αὐτὴν ἔχει φαντασίαν ἐφεστηκὼς καὶ διαλλαγεὶς ὁ τοῦ πολέμου φόβος ὥσπερ γνόφος.
<milestone unit="section" n="59"/>διὸ καί πάντων δοκεῖ χαλεπώτατον, ἐν εἰρήνῃ λόγον ὑποσχεῖν τῶν ἐν πολέμῳ πεπολιτευμένων· κρίνει γὰρ ἕκαστος πρὸς τὴν παροῦσαν ἡσυχίαν, οὐ πρὸς τὸν παρελθόντα κίνδυνον. ὅταν δέ τις ἀνέλῃ τῶν πραγμάτων τὸν καιρόν, ἀνταναιρεῖται καὶ τὸ δίκαιον τῆς πράξεως.
<milestone unit="section" n="60"/>ἕκαστον τῶν ἀδικημάτων ἰδίας ἔχει τὰς οἰκονομίας· ἃ μὲν γάρ ἐστι δεόμενα τῆς <add>ἐξ</add><note anchored="true" resp="Loeb"><foreign xml:lang="grc">ἐξ</foreign>add. Blass.</note> Ἀρείου πάγου βουλῆς, ἃ δὲ τῶν ἐλαττόνων δικαστηρίων, ἃ δὲ τῆς ἡλιαίας· πάντα δὲ ταῦτα διώρισται τοῖς ὀνόμασι, τοῖς πράγμασι, τοῖς χρόνοις, τοῖς ἐπιτιμίοις, ταῖς ἀγωγαῖς καὶ τῷ πλήθει τῶν δικαζόντων.
<milestone unit="section" n="61"/>ἀδίκους οἱ συκοφάνται μου ποιοῦνται τὰς διώξεις· οὐ γὰρ βουλεύσεως ἐγκαλοῦσιν, οἷς ἀνώμοτος ἡ κακία· τοῖς δὲ δικασταῖς ἔνορκος ἡ κρίσις.
<milestone unit="section" n="62"/>ἄδικος κρίσις ἀδίκου τιμωρίας ὀνόματι μόνον διαφέρει.
<milestone unit="section" n="63"/>ὑποβρύχιον ὤσειν μʼ ὑπολαμβάνουσιν.
<milestone unit="section" n="64"/>οὐ δίκαιόν ἐστι τὴν τοῦ κινδυνεύοντος σωτηρίαν ἐφόδιον γενέσθαι συκοφαντίας τοῖς πάντα τολμᾶν προῃρημένοις, οὐδὲ τὴν ἐκ τῶν λόγων κατηγορίαν ἰσχυροτέραν ἡγεῖσθαι τῆς ἐκ τῶν πραγμάτων ἀπολογίας.
<milestone unit="section" n="65"/>ἑτερόφθαλμος γέγονεν ἡ Ἑλλὰς τῆς τῶν Θηβαίων ἀναιρεθείσης πόλεως.</p>
</body></text></TEI>