<?xml version="1.0" encoding="UTF-8"?>
<TEI xmlns="http://www.tei-c.org/ns/1.0">
	<teiHeader>

		<fileDesc>

			<titleStmt>
				<title>Against Theocrines </title>
				<author>Demosthenes</author>
				<sponsor>Perseus Project, Tufts University</sponsor>
				<principal>Gregory Crane</principal>
				<respStmt>
					<resp>Prepared under the supervision of</resp>
					<name>Lisa Cerrato</name>
					<name>William Merrill</name>
					<name>Elli Mylonas</name>
					<name>David Smith</name>
				</respStmt>
				<funder n="org:AnnCPB">The Annenberg CPB/Project</funder>

			</titleStmt>
			<publicationStmt>
				<publisher>Trustees of Tufts University</publisher>
				<pubPlace>Medford, MA</pubPlace>
				<authority>Perseus Project</authority>
			</publicationStmt>





			<sourceDesc>
				<biblStruct>
					<monogr>
						<author>Demosthenes</author>
						<title>Demosthenis.Orationes. ed. W. Rennie</title>

						<imprint>
							<publisher>Oxonii.e Typographeo Clarendoniano</publisher>
							<date>1931</date>
						</imprint>
					</monogr>
				</biblStruct>
			</sourceDesc>


		</fileDesc>

		<encodingDesc>

			<refsDecl>
				<refState unit="speech"/>
				<refState unit="section"/>
			</refsDecl>
		</encodingDesc>

		<profileDesc>
			<langUsage>
				<language ident="greek">Greek </language>
				<language ident="en">English </language>
			</langUsage>
		</profileDesc>
		<revisionDesc>
			<!--
<change><date>6/2/92</date><respStmt><name>David Smith</name><resp>(n/a)</resp></respStmt><item>inserted quotedtext tag around verse</item>
</change>
<change><date>July 2014</date>
    <respStmt><name>Stella Dee</name><resp>ed.</resp></respStmt>
    <item>split composite text and converted to unicode</item>
      </change>-->
			<change when="2014-08-01" who="Stella Dee">edited markup</change>
		</revisionDesc>

	</teiHeader>
	<text xml:lang="grc">
		<body>

			<div type="section" n="1">
				<p>τοῦ πατρὸς ἡμῶν, ὦ ἄνδρες δικασταί, διὰ τουτονὶ Θεοκρίνην ἀτυχήσαντος πρὸς τὴν
					πόλιν καὶ ὀφλόντος δέκα τάλαντα, καὶ τούτου διπλοῦ γεγενημένου ὥστε μηδʼ ἐλπίδα
					ἡμῖν εἶναι σωτηρίας μηδεμίαν, ἡγησάμην δεῖν ἐπὶ τῷ τιμωρεῖσθαι μεθʼ ὑμῶν τοῦτον
					μήτε ἡλικίαν μήτε ἄλλο μηδὲν ὑπολογισάμενος δοῦναι τὴν ἔνδειξιν ταύτην. </p>
			</div>
			<div type="section" n="2">
				<p>καὶ γὰρ ὁ πατήρ, ὦ ἄνδρες δικασταί, ᾧπερ πάντα πειθόμενος πεποίηκα, πρὸς ἅπαντας
					ὠδύρετο τοὺς γνωρίμους, εἰ παραλιπὼν ἐγὼ τὸν καιρὸν ἐν ᾧ διὰ τὸ τὸν πατέρα ζῆν
					ἔξεστί μοι τοῦτον ἀμύνασθαι, τὴν ἀπειρίαν καὶ τὴν ἡλικίαν προφασιζόμενος αὐτὸν
					μὲν περιόψομαι πάντων ἀπεστερημένον, Θεοκρίνην δὲ παρὰ τοὺς νόμους γραφὰς
					γραφόμενον καὶ συκοφαντοῦντα πολλοὺς τῶν πολιτῶν, οὐκ ἐξὸν αὐτῷ. </p>
			</div>
			<div type="section" n="3">
				<p>δέομαι οὖν ὑμῶν ἁπάντων, ὦ ἄνδρες Ἀθηναῖοι, καὶ ἱκετεύω μετʼ εὐνοίας ἀκοῦσαί μου,
					πρῶτον μὲν ὅτι τῷ πατρὶ βοηθῶν καὶ πειθόμενος ἀγωνίζομαι, ἔπειθʼ ὅτι καὶ νέος ὢν
					καὶ ἄπειρος, ὥστʼ ἀγαπητὸν εἶναί μοι, ἐὰν ὑπαρξάσης τῆς παρʼ ὑμῶν εὐνοίας δυνηθῶ
					δηλῶσαι τὰ πεπραγμένα τούτῳ· </p>
			</div>
			<div type="section" n="4">
				<p>πρὸς δὲ τούτοις, ὅτι, ὦ ἄνδρες δικασταί, προδέδομαι (τὰ γὰρ ἀληθῆ πρὸς ὑμᾶς
					εἰρήσεται) ὑπʼ ἀνθρώπων, οἳ πιστευθέντες ὑφʼ ἡμῶν διὰ τὴν πρὸς τοῦτον ἔχθραν,
					καὶ πυθόμενοι τὰ πράγματα καὶ φήσαντες ἐμοὶ συναγωνιεῖσθαι, ἐγκαταλελοίπασι νυνί
					με καὶ διαλέλυνται πρὸς τοῦτον ἐν τοῖς ἐμοῖς πράγμασιν, ὥστε μοι μηδὲ τὸν
					συνεροῦντʼ εἶναι, ἐὰν μή τις ἄρα τῶν οἰκείων βοηθήσῃ. </p>
			</div>
			<div type="section" n="5">
				<p>πολλαῖς μὲν οὖν ἐνδείξεσιν ἦν ἔνοχος οὑτοσί, καὶ ἅπαντας τοὺς περὶ ταῦτα νόμους
					ἐφαίνετο παραβεβηκώς· καινότατον δὲ τῶν ἔργων τῶν τούτου τὴν περὶ τὸ πλοῖον
					φάσιν ηὑρίσκομεν γεγονυῖαν, διόπερ ταῦτα γράψας εἰς τὴν ἔνδειξιν ἔδωκεν ὁ πατήρ
					μοι. πρῶτον μὲν οὖν τὸν νόμον ὑμῖν ἀναγνώσεται τὸν περὶ τῶν φαινόντων καὶ οὐκ
					ἐπεξιόντων, ἀλλὰ διαλυομένων παρὰ τοὺς νόμους (ἐντεῦθεν γὰρ οἶμαι προσήκειν μοι
					τὴν ἀρχὴν ποιήσασθαι τοῦ λόγου), εἶτα τὴν φάσιν αὐτὴν ἣν οὗτος ἐποιήσατο κατὰ
					τοῦ Μίκωνος. λέγε.<quote n="*no/mos"><title>Νόμος</title></quote>
				</p>
			</div>
			<div type="section" n="6">
				<p>ὁ νόμος οὑτοσί, ὦ ἄνδρες δικασταί, τοῖς προαιρουμένοις ἢ γράφεσθαι γραφὰς ἢ
					φαίνειν ἢ ἄλλο τι ποιεῖν τῶν ἐν τῷ νόμῳ τούτῳ γεγραμμένων προλέγει διαρρήδην,
					ἐφʼ οἷς ἕκαστόν ἐστιν τούτων ποιητέον. ἔστι δὲ ταῦτα, ὥσπερ ἠκούσατε ἐξ αὐτοῦ
					τοῦ νόμου, ἐὰν ἐπεξιών τις μὴ μεταλάβῃ τὸ πέμπτον μέρος τῶν ψήφων, χιλίας
					ἀποτίνειν, κἂν μὴ ἐπεξίῃ <add>γʼ</add>, ὦ Θεοκρίνη, χιλίας ἑτέρας, ἵνα μήτε
					συκοφαντῇ μηδείς, μήτε ἄδειαν ἔχων ἐργολαβῇ καὶ καθυφιῇ τὰ τῆς πόλεως. φημὶ δὴ
					κατὰ ταύτην τὴν ἔνδειξιν ἔνοχον εἶναι Θεοκρίνην τῷ φήναντα Μίκωνα Χολλῄδην μὴ
					ἐπεξελθεῖν, ἀλλʼ ἀργύριον λαβόντα ἀποδόσθαι τὸ πρᾶγμα. </p>
			</div>
			<div type="section" n="7">
				<p>καὶ τοῦτο ἀποδείξω σαφῶς, ὡς ἐγὼ νομίζω. καίτοι Θεοκρίνης γε, ὦ ἄνδρες δικασταί,
					καὶ οἱ μετὰ τούτου οὐδὲν ὅ τι οὐ πεποιήκασι προσιόντες τοῖς μάρτυσι καὶ τὰ μὲν
					ἀπειλοῦντες αὐτοῖς, τὰ δὲ πείθοντες μὴ μαρτυρεῖν. ἀλλʼ ὅμως ἐὰν ὑμεῖς βούλησθε
					τὰ δίκαια βοηθεῖν μοι, καὶ κελεύητε αὐτούς, μᾶλλον δὲ ἀναγκάζοντος ἐμοῦ
					συναναγκάζητε, ἤτοι μαρτυρεῖν ἢ ἐξόμνυσθαι, καὶ μὴ ἐᾶτε λόγους λέγειν,
					εὑρεθήσεται τἀληθές. λέγε οὖν πρῶτον μὲν τὴν φάσιν, εἶτα τὰς μαρτυρίας.<quote
						n="*fa/sis"><title>Φάσις</title></quote>
				</p>
			</div>
			<div type="section" n="8">
				<p>ταύτην τὴν φάσιν, ὦ ἄνδρες δικασταί, ἔδωκεν μὲν οὑτοσὶ προσκαλεσάμενος τὸν
					Μίκωνα, ἔλαβεν δὲ ὁ γραμματεὺς ὁ τῶν τοῦ ἐμπορίου ἐπιμελητῶν, Εὐθύφημος.
					ἐξέκειτο δὲ πολὺν χρόνον ἔμπροσθεν τοῦ συνεδρίου ἡ φάσις, ἕως λαβὼν ἀργύριον
					οὗτος εἴασε διαγραφῆναι καλούντων αὐτὸν εἰς τὴν ἀνάκρισιν τῶν ἀρχόντων. ὅτι δὲ
					ταῦτʼ ἀληθῆ λέγω, πρῶτον μὲν κάλει ὃς ἐγραμμάτευε τῇ ἀρχῇ, Εὐθύφημον.<quote
						n="*marturi/a"><title>Μαρτυρία</title></quote>
				</p>
			</div>
			<div type="section" n="9">
				<p>λέγε δὴ καὶ τὴν τῶν ἰδόντων ἐκκειμένην τὴν φάσιν μαρτυρίαν. λέγε.<quote
						n="*marturi/a"><title>Μαρτυρία</title></quote></p>
				<p>κάλει δὲ καὶ τοὺς τοῦ ἐμπορίου ἐπιμελητάς, καὶ αὐτὸν τὸν Μίκωνʼ οὗ ἔφηνε τὸ
					πλοῖον· καὶ τὰς μαρτυρίας ἀναγίγνωσκε.<quote n="*marturi/ai"
							><title>Μαρτυρίαι</title></quote>
				</p>
			</div>
			<div type="section" n="10">
				<p>ὡς μὲν τοίνυν, ὦ ἄνδρες δικασταί, ἔφηνε Θεοκρίνης τὸ τοῦ Μίκωνος πλοῖον, καὶ ὡς
					ἐξέκειτο πολὺν χρόνον ἡ φάσις, καὶ ὡς εἰς τὴν ἀνάκρισιν καλούμενος οὐχ ὑπήκουσεν
					οὐδʼ ἐπεξῆλθεν, ἀκηκόατε μαρτυρούντων <del>τούτων</del> οὓς εἰδέναι μάλιστα
					προσήκει. ὅτι δʼ οὐ ταῖς χιλίαις μόνον ἔνοχός ἐστιν, ἀλλὰ καὶ ἀπαγωγῇ καὶ τοῖς
					ἄλλοις ὅσα κελεύει πάσχειν ὁ νόμος οὑτοσὶ τὸν συκοφαντοῦντα τοὺς ἐμπόρους καὶ
					τοὺς ναυκλήρους, ῥᾳδίως ἐξ αὐτοῦ τοῦ νόμου γνώσεσθε. </p>
			</div>
			<div type="section" n="11">
				<p>βουλόμενος γὰρ ὁ τὸν νόμον τιθεὶς μήτε τοὺς ἀδικοῦντας τῶν ἐμπόρων ἀθῴους εἶναι,
					μήτε τοὺς ἄλλους πράγματʼ ἔχειν, ἁπλῶς ἀπεῖπε τοῖς τοιούτοις τῶν ἀνθρώπων μὴ
					φαίνειν, εἰ μὴ πιστεύει τις αὑτῷ δείξειν ἐν ὑμῖν γεγενημένα περὶ ὧν ποιεῖται τὴν
					φάσιν· ἐὰν δέ τις παρὰ ταῦτα ποιῇ τῶν συκοφαντούντων, ἔνδειξιν αὐτῶν εἶναι καὶ
					ἀπαγωγήν. μᾶλλον δὲ λέγε τὸν νόμον αὐτόν· πολὺ γὰρ ἐμοῦ σαφέστερον
						διδάξει.<quote n="*no/mos"><title>Νόμος</title></quote>
				</p>
			</div>
			<div type="section" n="12">
				<p>ἀκούετε τοῦ νόμου ἃ κελεύει πάσχειν, ὦ ἄνδρες δικασταί, τὸν συκοφάντην. οὐκοῦν εἰ
					μέν τι πεποιηκότα τούτων ὧν ἔγραψεν ἐν τῇ φάσει Θεοκρίνης πεποιηκέναι τὸν
					Μίκωνα, καθυφεῖκε τὸ πρᾶγμα καὶ διαλέλυται πρὸς τὸν ἄνθρωπον, ἀδικεῖ πάντας ὑμᾶς
					καὶ δικαίως ὀφείλει τὰς χιλίας. εἰ δὲ πλεύσαντα αὐτὸν δικαίως οἷ προσῆκεν (ἔστω
					γὰρ ὁπότερον οὗτος βούλεται) φαίνει καὶ προσκαλεῖται, συκοφαντεῖ τοὺς
					ναυκλήρους, καὶ τὸν νόμον οὐ μόνον τὸν πρότερον, ἀλλὰ καὶ τὸν ἀρτίως
					ἀναγνωσθέντα παραβέβηκεν, καὶ καταμεμαρτύρηκεν αὑτοῦ μηδὲν ὑγιὲς μήτε λέγειν
					μήτε πράττειν. </p>
			</div>
			<div type="section" n="13">
				<p>τίς γὰρ ἂν παρεὶς τὸ δικαίως πράττοντα λαβεῖν τὸ μέρος τῶν χρημάτων κατὰ τὸν
					νόμον, διαλυσάμενος ἐβουλήθη μικρὰ κερδᾶναι καὶ τούτοις ἔνοχον αὑτὸν καταστῆσαι
					τοῖς νόμοις, ἐξόν, ὅπερ ἀρτίως εἶπον, τὰ ἡμίσεα τῶν φανθέντων λαβεῖν; οὐδʼ ἂν
					εἷς, ὦ ἄνδρες δικασταί, μὴ οὐ συνειδὼς ἑαυτῷ συκοφαντοῦντι. </p>
			</div>
			<div type="section" n="14">
				<p>δύο μὲν τοίνυν οὗτοι νόμοι εἰσὶν οὓς παραβέβηκεν ὁ τοὺς ἄλλους παρανόμων
					γραφόμενος· ἕτερον δὲ τρίτον, ὃς ὁμοίως κελεύει κατά τε τῶν ὀφειλόντων τῷ
					δημοσίῳ τὰς ἐνδείξεις τὸν βουλόμενον ποιεῖσθαι τῶν πολιτῶν, καὶ ἐάν τις ὀφείλῃ
					τῇ Ἀθηνᾷ ἢ τῶν ἄλλων θεῶν ἢ τῶν ἐπωνύμων τῳ. ὃ φανήσεται οὗτος, ὀφείλων καὶ οὐκ
					ἐκτετεικὼς ἑπτακοσίας δραχμάς, ἃς ὦφλεν ἐν ταῖς εὐθύναις τῷ ἐπωνύμῳ τῆς αὑτοῦ
					φυλῆς. καί μοι λέγε τοῦτʼ αὐτὸ τοῦ νόμου.<quote n="*no/mos"
						><title>Νόμος</title></quote>
				</p>
			</div>
			<div type="section" n="15">
				<p>ἐπίσχες. ἀκούεις, οὑτοσί, τί λέγει; <q>ἢ τῶν ἐπωνύμων τῳ</q>. λέγε δὴ τὴν τῶν
					φυλετῶν μαρτυρίαν.<quote n="*marturi/a"
						><title>Μαρτυρία</title></quote><milestone unit="para" ed="P"/>ταχύ γʼ ἂν
					οὗτος, ὦ ἄνδρες δικασταί, ἀνθρώπων ὀλίγων φροντίσειεν ἢ τῶν τὸν πλεῖστον τοῦ
					χρόνου πλεόντων, ὥσπερ ὁ Μίκων, ὅστις τοὺς φυλέτας παρόντας οὔτʼ ἔδεισεν οὔτʼ
					ᾐσχύνθη, τοῦτο μὲν οὕτως αὐτῶν τὰ κοινὰ διοικήσας ὥστʼ ἐκείνους κλοπὴν αὐτοῦ
					καταγνῶναι, τοῦτο δὲ ὀφλὼν καὶ τοὺς νόμους ἀκριβῶς εἰδὼς ὅτι κωλύουσιν αὐτὸν
					γράφεσθαι γραφὰς ἕως ἂν ἐκτείσῃ, βιαζόμενος καὶ νομίζων δεῖν τοὺς μὲν ἄλλους
					τοὺς ὀφείλοντας μηδενὸς μετέχειν τῶν κοινῶν, αὑτὸν δὲ κρείττω τῶν νόμων εἶναι.
				</p>
			</div>
			<div type="section" n="16">
				<p>φήσει τοίνυν τὸν πάππον, οὐχ αὑτὸν εἶναι τὸν ἐν τῷ γραμματείῳ γεγραμμένον, καὶ
					περὶ τούτου πολλοὺς ἐρεῖ λόγους, ὡς ἐκεῖνός ἐστιν. ἐγὼ δὲ τὸ μὲν ἀκριβές,
					ὁπότερός ἐστιν, οὐκ ἔχω λέγειν· εἰ δʼ οὖν ἐστιν ὡς οὗτος ἐρεῖ, πολὺ δικαιότερον
					εἶναι νομίζω καταψηφίσασθαι ὑμᾶς αὐτοῦ, εἰ ταῦθʼ οὕτως ἐστίν. </p>
			</div>
			<div type="section" n="17">
				<p>εἰ γὰρ ὀφείλοντος αὐτῷ τοῦ πάππου πάλαι, καὶ τοῦ νόμου κελεύοντος κληρονομεῖν
					τοῦτον τῶν ἐκείνου, προσῆκον αὐτῷ μηδὲ πάλαι γράφεσθαι ἐγράφετο, καὶ διὰ τοῦτο
					οἰήσεται δεῖν ἀποφεύγειν ὅτι πονηρὸς ἐκ τριγονίας ἐστίν, οὐ δίκαια ἐρεῖ, ὦ
					ἄνδρες δικασταί. ὡς οὖν καὶ παρʼ αὐτοῦ Θεοκρίνου ὁμολογεῖται τοῦτʼ εἶναι τὸ
					ὄφλημα καὶ κατετάξατο τοῖς φυλέταις ὑπὲρ αὑτοῦ καὶ τοῦ ἀδελφοῦ, καὶ τοῖς
					βουλομένοις εὐορκεῖν οὐ καλῶς ἔχει ταύτην ἀπογιγνώσκειν τὴν ἔνδειξιν, λαβέ μοι
					τὸ ψήφισμα ὃ εἶπεν ἐν τοῖς φυλέταις Σκιρωνίδης. </p>
			</div>
			<div type="section" n="18">
				<p>προσελθὼν δὲ οὑτοσὶ Θεοκρίνης ὡμολόγησεν ὀφείλειν καὶ ἐκτείσειν ἐναντίον τῶν
					φυλετῶν, ἐπειδὴ προσιόντας ἡμᾶς ᾔσθετο καὶ βουλομένους ἀντίγραφα τῶν ἐν τῷ
					γραμματείῳ γεγραμμένων λαβεῖν.<quote n="*yh/fisma"
						><title>Ψήφισμα</title></quote></p>
				<p>πολύ γʼ ἄν, ὦ ἄνδρες Λεωντίδαι, τοὺς ἀναγκάσαντας ἀποδοῦναι Θεοκρίνην τὰς ἑπτὰ
					μνᾶς ἐπῃνέσατʼ ἂν μᾶλλον ἢ τοῦτον. </p>
			</div>
			<div type="section" n="19">
				<p><milestone unit="para" ed="P"/>τέταρτος τοίνυν νόμος ἐστίν (ὁμολογῶ γὰρ τῶν τούτῳ
					πεπραγμένων τὰ πλεῖστα ἐξητακέναι) καθʼ ὃν ὀφείλει πεντακοσίας δραχμὰς Θεοκρίνης
					οὑτοσί, οὐκ ἐκτετεικότος αὐτῷ τοῦ πατρὸς ἃς προσῶφλεν ἀφελόμενος τὴν Κηφισοδώρου
					θεράπαιναν εἰς ἐλευθερίαν, ἀλλὰ διοικησαμένου πρὸς Κτησικλέα τὸν λογογράφον, ὃς
					ἦν ἐπὶ τοῖς τῶν ἀντιδίκων πράγμασιν, ὥστε μήτʼ ἐκτεῖσαι μήτʼ εἰς ἀκρόπολιν
					ἀνενεχθῆναι. </p>
			</div>
			<div type="section" n="20">
				<p>ἃς οὐδὲν ἧττον οἶμαι Θεοκρίνης ὀφείλει νυνὶ κατὰ τὸν νόμον. οὐ γὰρ ἐὰν Κτησικλῆς
					ὁ μέτοικος συγχωρήσῃ τούτῳ, πονηρὸς πονηρῷ, μὴ παραδοθῆναι τοῖς πράκτορσιν τὸν
					προσοφλόντα κατὰ τὸν νόμον, διὰ τοῦτο δεῖ τὴν πόλιν ἀπεστερῆσθαι τῶν ἐκ τῶν
					νόμων ἐπικειμένων ζημιῶν, ἀλλὰ προσήκει τοὺς ἀντιδίκους ὑπὲρ μὲν τῶν ἰδίων, ὅπως
					ἂν αὑτοὺς πείθωσιν, διοικεῖσθαι πρὸς ἀλλήλους, ὑπὲρ δὲ τῶν πρὸς τὸ δημόσιον,
					ὅπως ἂν οἱ νόμοι κελεύωσιν. </p>
			</div>
			<div type="section" n="21">
				<p>καί μοι λέγε τόν τε νόμον, ὃς κελεύει τὸ ἥμισυ τοῦ τιμήματος ὀφείλειν τῷ δημοσίῳ
					ὃς ἂν δόξῃ μὴ δικαίως εἰς τὴν ἐλευθερίαν ἀφελέσθαι, καὶ τὴν τοῦ Κηφισοδώρου
						μαρτυρίαν.<quote n="*no/mos"><title>Νόμος</title></quote><quote
						n="*marturi/a"><title>Μαρτυρία</title></quote></p>
				<p>λέγε δὴ κἀκεῖνον τὸν νόμον τὸν ἀπʼ ἐκείνης κελεύοντα τῆς ἡμέρας ὀφείλειν ἀφʼ ἧς
					ἂν ὄφλῃ, ἐάν τε ἐγγεγραμμένος ᾖ, ἐάν τε μή.<quote n="*no/mos"
							><title>Νόμος</title></quote>
				</p>
			</div>
			<div type="section" n="22">
				<p>πῶς οὖν ἄλλως, ὦ ἄνδρες δικασταί, προσήκει τὸν δικαίως κατηγοροῦντα ἀποφαίνειν
					ὀρθῶς ἐνδεδειγμένον Θεοκρίνην τουτονί, καὶ μὴ μόνον ἔνοχον ὄντα τῇ ἐνδείξει κατὰ
					τὰς χιλίας ἐφʼ αἷς ἐνδέδεικται, ἀλλὰ καὶ πολλοῖς ἄλλοις ὀφλήμασιν; ἐγὼ μὲν
					οὐδαμῶς νομίζω. οὐ γὰρ δὴ προσδοκᾶν γε δεῖ Θεοκρίνην αὐτὸν ὁμολογήσειν ὀφείλειν
					ὑμῖν τῷ δημοσίῳ καὶ δικαίως ἐνδεδεῖχθαι φήσειν, ἀλλὰ τοὐναντίον πάντα λόγον
					μᾶλλον ἐρεῖν καὶ πάσας αἰτίας οἴσειν, ὡς καταστασιάζεται, ὡς διὰ τὰς τῶν
					παρανόμων γραφὰς εἰς ταῦθʼ ἥκει. </p>
			</div>
			<div type="section" n="23">
				<p>λοιπὸν γάρ ἐστιν τοῦτο τοῖς ἐν αὐτοῖς τοῖς πράγμασιν ἐξελεγχομένοις, αἰτίας καὶ
					προφάσεις εὑρίσκειν αἵτινες τοῦ παρόντος ὑμᾶς ποιήσουσι πράγματος ἐπιλαθομένους
					τοῖς ἔξω τῆς κατηγορίας λόγοις προσέχειν. ἐγὼ δέ, ὦ ἄνδρες δικασταί, εἰ μὲν
					ἑώρων ἐν τοῖς ἀνεγνωσμένοις νόμοις γεγραμμένον <q>ταῦτα δʼ εἶναι κύρια περὶ τῶν
						συκοφαντούντων, ἂν μὴ Θεοκρίνης ἐνδειχθεὶς αἰτιᾶσθαι βούληται Θουκυδίδην ἢ
						Δημοσθένην ἢ καὶ τῶν πολιτευομένων ἄλλον τινά</q>, ἡσυχίαν ἂν ἦγον. νῦν δὲ
					τούτων οὐδεμίαν ὁρῶ τῶν σκήψεων ὑπόλογον οὖσαν ἐν τοῖς νόμοις, οὐδὲ καινήν, ὥστε
					προσέχειν νῦν πρῶτον ἀκούσαντας, ἀλλὰ μυριάκις παρὰ τῶν κρινομένων εἰρημένην.
				</p>
			</div>
			<div type="section" n="24">
				<p>ἀκούω δὲ καὶ παρὰ τῶν πρεσβυτέρων, ὦ ἄνδρες δικασταί, ὡς ἄρα προσῆκόν ἐστιν ὅλως
					μὲν μηδενὶ μηδεμίαν συγγνώμην ὑπάρχειν παραβαίνοντι τοὺς νόμους, εἰ δʼ ἄρα δεῖ,
					μὴ τοῖς συνεχῶς οὖσι πονηροῖς μηδὲ τοῖς ἐπʼ ἀργυρίῳ τοὺς νόμους προϊεμένοις (οὐ
					γὰρ εἰκός), ἀλλʼ οἵτινες ἂν διὰ τὴν αὑτῶν ἀπραγμοσύνην ἄκοντές τι τῶν
					γεγραμμένων παραβῶ- σιν. ὧν οὐδεὶς ἂν δήπου Θεοκρίνην τουτονὶ φήσειεν εἶναι,
					ἀλλὰ τοὐναντίον οὐδενὸς τῶν ἐν τοῖς νόμοις ἄπειρον. </p>
			</div>
			<div type="section" n="25">
				<p>διὸ καὶ δεῖ φυλάττειν αὐτόν, μὴ πρὸς τοὺς ἐμοὺς λόγους μηδὲ τοὺς ὑπὸ τούτου
					ῥηθησομένους ἀποβλέποντας. οὐ γὰρ δίκαιον τοὺς ὑπὲρ τῶν νόμων καθημένους μακροῖς
					λόγοις καὶ κατηγορίαις προσέχειν, ἀλλʼ οἷς ἂν ἅπαντες ῥᾳδίως ἐπακολουθήσαιτε,
					καὶ διʼ ὧν δόξετε πᾶσι τοῖς ἐν τῇ πόλει τῶν νόμων ἀξίως ταύτην τὴν ἔνδειξιν
					δικάσαι, σαφῶς ἐρωτῶντας <q>τί λέγεις, Θεοκρίνη καὶ πάντες οἱ τῶν αὐτῶν τούτῳ
						μετέχοντες; ἀξιοῦθʼ ἡμᾶς, κατὰ τοὺς νόμους ὀμωμοκότας δικάσειν, παρὰ τούτους
						διὰ τοὺς ὑμετέρους λόγους ψηφίζεσθαι; </q></p>
			</div>
			<div type="section" n="26">
				<p><q>μεμαρτυρηκότος μὲν ἡμῖν τοῦ Μίκωνος, καθʼ οὗ δοὺς Θεοκρίνης οὑτοσὶ τὴν φάσιν
						οὐκ ἐπεξῆλθε, καὶ πεποιηκότος αὑτὸν τούτοις ὑπόδικον, ὁμολογοῦντος δὲ τοῦ
						γραμματέως λαβεῖν τὴν φάσιν παρὰ τούτου, καὶ πεποιηκυίας τῆς μαρτυρίας τῆς
						ὀλίγον τι πρότερον ἀναγνωσθείσης αὐτὸν ὑπόδικον; ἔτι δὲ τῶν τοῦ ἐμπορίου
						ἐπιμελητῶν μόλις μέν, ἀλλʼ οὖν ταὐτὰ τούτοις μεμαρτυρηκότων; πρὸς δὲ τούτοις
						τῶν ἰδόντων ἐκκειμένην τὴν φάσιν καὶ προσελθόντων τοῖς ἄρχουσι μαρτυρούντων,
						ὥσπερ ὀλίγον πρότερον ἠκούσατε;</q> ἀλλʼ οὐ δίκαιον, ὦ ἄνδρες δικασταί. </p>
			</div>
			<div type="section" n="27">
				<p>οὐ γὰρ δὴ διὰ τὸν τρόπον γε τὸν τοῦ φεύγοντος καὶ τὸν βίον ψευδεῖς ὑπολήψεσθε τὰς
					μαρτυρίας τὰς ἀνεγνωσμένας εἶναι. πολὺ γὰρ ἐκ τοῦ τρόπου σαφέστερον ἐπιδείκνυται
					Θεοκρίνης τοιοῦτος ὢν ἢ διὰ τῶν εἰρημένων. τί γὰρ οὐ πεποίηκεν οὗτος ὧν ἂν
					πονηρὸς καὶ συκοφάντης ἄνθρωπος ποιήσειεν; οὐ διὰ μὲν τὴν τούτου πονηρίαν
					ἁδελφὸς αὐτοῦ θεσμοθετῶν καὶ τούτῳ χρώμενος συμβούλῳ τοιοῦτος ἔδοξε παρʼ ὑμῖν
					ἄνθρωπος εἶναι, ὥστε οὐ μόνον αὐτὸς ἀπεχειροτο- νήθη τῶν ἐπιχειροτονιῶν οὐσῶν,
					ἀλλὰ καὶ τὴν ἀρχὴν ἅπασαν ἐποίησεν; καὶ εἰ μὴ δεομένων αὐτῶν καὶ ἱκετευόντων,
					καὶ λεγόντων ὡς οὐκέτι πρόσεισιν Θεοκρίνης πρὸς τὴν ἀρχήν, ἐπείσθηθʼ ὑμεῖς καὶ
					πάλιν ἀπέδοτε τοὺς στεφάνους αὐτοῖς, πάντων ἂν αἴσχιστα οἱ συνάρχοντες
					ἐπεπόνθεσαν; </p>
			</div>
			<div type="section" n="28">
				<p>καὶ τούτων οὐδέν με δεῖ μάρτυρας ὑμῖν παρασχέσθαι· πάντες γὰρ ἴστε τοὺς ἐπὶ
					Λυκίσκου ἄρχοντος θεσμοθέτας ἀποχειροτονηθέντας ἐν τῷ δήμῳ διὰ τοῦτον. ὧν
					ἀναμιμνῃσκομένους ὑμᾶς χρὴ τὸν αὐτὸν ὑπολαμβάνειν εἶναι τοῦτον καὶ πρότερον καὶ
					νῦν. οὐ πολλῷ τοίνυν χρόνῳ ὕστερον τῆς ἀποχειροτονίας, τελευτήσαντος αὐτῷ τοῦ
					ἀδελφοῦ βιαίῳ θανάτῳ, τοιοῦτος ἐγένετο περὶ αὐτὸν οὗτος, ὥστε ζητήσας τοὺς
					δράσαντας καὶ πυθόμενος οἵτινες ἦσαν, ἀργύριον λαβὼν ἀπηλλάγη. </p>
			</div>
			<div type="section" n="29">
				<p>καὶ τὴν μὲν ἀρχὴν ἣν ἐκεῖνος ἄρχων ἐτελεύτησεν, ἱεροποιὸς ὤν, παρὰ τοὺς νόμους
					ἦρχεν οὗτος, οὔτε λαχὼν οὔτʼ ἐπιλαχών· ὑπὲρ ὧν δʼ ἔπαθεν ἐκεῖνος, μέχρι τούτου
					σχετλιάζων περιῄει καὶ φάσκων εἰς Ἄρειον πάγον Δημοχάρην προσκαλεῖσθαι, ἕως
					διελύσατο πρὸς τοὺς τὴν αἰτίαν ἔχοντας. χρηστός γʼ ἐστὶ καὶ πιστὸς καὶ κρείττων
					χρημάτων. οὐδʼ ἂν αὐτὸς φήσειεν. οὐ γὰρ τοσούτων δεῖσθαί φασι δεῖν τὸν δικαίως
					καὶ μετρίως τῶν κοινῶν ἐπιμελησόμενον, ἀλλὰ πάντων τούτων εἶναι κρείττω διʼ ὧν
					ἀναλίσκουσιν εἰς ἑαυτοὺς ἃ λαμβάνουσιν. </p>
			</div>
			<div type="section" n="30">
				<p>καὶ τὰ μὲν πρὸς τὸν ἀδελφὸν αὐτῷ πεπραγμένα τοιαῦτά ἐστιν· ἃ δὲ πρὸς τὴν πόλιν
					προσελθὼν διῴκηται (δευτέρους γὰρ ὑμᾶς φήσει φιλεῖν μετὰ τοὺς οἰκείους) ἄξιον
					ἀκοῦσαι. ἄρξομαι δʼ ἀπὸ τῶν πρὸς ἡμᾶς αὐτῷ πεπραγμένων. τοῦ γὰρ πατρὸς
					κατηγορῶν, ὦ ἄνδρες δικασταί, ὅτε τὴν τῶν παρανόμων αὐτὸν ἐδίωκε γραφήν, ἔλεγεν
					ὡς ἐπιβεβουλευμένος ὁ παῖς εἴη περὶ οὗ τὸ ψήφισμα γεγραμμένον ἦν, ἐν ᾧ τὴν
					σίτησιν ἔγραψεν Χαριδήμῳ ὁ πατὴρ τῷ Ἰσχομάχου υἱῷ, </p>
			</div>
			<div type="section" n="31">
				<p>λέγων ὡς, ἐὰν ἐπανέλθῃ εἰς τὸν πατρῷον οἶκον ὁ παῖς, ἀπολωλεκὼς ἔσται τὴν οὐσίαν
					ἅπασαν ἣν Αἰσχύλος ὁ ποιησάμενος αὐτὸν υἱὸν ἔδωκεν αὐτῷ, ψευδόμενος· οὐδενὶ γὰρ
					πώποτε, ὦ ἄνδρες δικασταί, τοῦτο τῶν εἰσποιηθέντων συνέβη. καὶ τούτων πάντων
					αἴτιον ἔφη Πολύευκτον γεγενῆσθαι τὸν ἔχοντα τὴν μητέρα τοῦ παιδός, βουλόμενον
					ἔχειν αὐτὸν τὴν τοῦ παιδὸς οὐσίαν. ὀργισθέντων δὲ τῶν δικαστῶν ἐπὶ τοῖς
					λεγομένοις, καὶ νομισάντων αὐτὸ μὲν τὸ ψήφισμα καὶ τὴν δωρεὰν κατὰ τοὺς νόμους
					εἶναι, τῷ δὲ ὄντι τὸν παῖδα μέλλειν ἀποστερεῖσθαι τῶν χρημάτων, τῷ μὲν πατρὶ
					δέκα ταλάντων ἐτίμησαν ὡς μετὰ Πολυεύκτου ταῦτα πράττοντι, τούτῳ δʼ ἐπίστευσαν
					ὡς δὴ βοηθήσαντι τῷ παιδί. </p>
			</div>
			<div type="section" n="32">
				<p>καὶ τὰ μὲν ἐπὶ τοῦ δικαστηρίου γενόμενα τοιαῦτα καὶ παραπλήσια τούτοις ἦν· ὡς δʼ
					ὁ χρηστὸς οὗτος ὠργισμένους ᾔσθετο τοὺς ἀνθρώπους καὶ πεπιστευμένον αὑτὸν ὡς οὐ
					παντάπασιν ἀνόσιον ὄντα, προσκαλεσάμενος τὸν Πολύευκτον ἀποφέρει γραφὴν κατʼ
					αὐτοῦ κακώσεως πρὸς τὸν ἄρχοντα καὶ δίδωσι τὴν λῆξιν Μνησαρχίδῃ τῷ παρέδρῳ·
					λαβὼν δὲ διακοσίας δραχμὰς παρὰ τοῦ Πολυεύκτου, καὶ τὰ δεινὰ ταῦτʼ ἀποδόμενος
					μικροῦ λήμματος ἐφʼ οἷς τῷ πατρὶ ἐτιμήσατο δέκα ταλάντων, ἀπηλλάγη καὶ τὴν
					γραφὴν ἀνείλετο προδοὺς τὸν ὀρφανόν. καί μοι κάλει τούτων τοὺς μάρτυρας.<quote
						n="*ma/rtures"><title>Μάρτυρες</title></quote>
				</p>
			</div>
			<div type="section" n="33">
				<p>εἰ τοίνυν εὔπορος ἦν ὁ πατήρ, ὦ ἄνδρες δικασταί, καὶ δυνατὸς πορίσαι χιλίας
					δραχμάς, ὅλως ἂν ἀπηλλάγη τῆς γραφῆς τῆς τῶν παρανόμων· τοσοῦτον γὰρ αὐτὸν ᾔτει
					οὑτοσί. καί μοι κάλει Φιλιππίδην τὸν Παιανιέα, πρὸς ὃν ἔλεγε ταῦτα Θεοκρίνης
					οὑτοσί, καὶ τοὺς ἄλλους οἳ συνίσασιν τούτῳ ταῦτα λέγοντι.<quote n="*ma/rtures"
							><title>Μάρτυρες</title></quote>
				</p>
			</div>
			<div type="section" n="34">
				<p>ὅτι μὲν τοίνυν, ὦ ἄνδρες δικασταί, Θεοκρίνης, εἴ τις αὐτῷ τὰς χιλίας δραχμὰς
					ἐδίδου, τὴν γραφὴν <add>ἂν</add> ἀνείλετο τὴν κατὰ τοῦ πατρός, ἡγοῦμαι πάντας
					ὑμᾶς πιστεύειν, καὶ εἰ μηδεὶς ἐμαρτύρησεν. ὅτι δὲ πολλὰς ἑτέρας προσκαλεσάμενος
					καὶ γραψάμενος καθυφεῖκεν, καὶ μικρὸν ἀργύριον λαμβάνων ἀπαλλάττεται, τοὺς
					δόντας ὑμῖν αὐτοὺς καλῶ, ἵνα μὴ πιστεύητε αὐτῷ λέγοντι ὡς αὐτὸς φυλάττει τοὺς
					παράνομα γράφοντας, καὶ ὡς, ὅταν αἱ τῶν παρανόμων γραφαὶ ἀναιρεθῶσιν, ὁ δῆμος
					καταλύεται· ταῦτα γὰρ οἱ πάντα πωλοῦντες λέγειν εἰθισμένοι εἰσίν. </p>
			</div>
			<div type="section" n="35">
				<p>κάλει μοι Ἀριστόμαχον Κριτοδήμου Ἀλωπεκῆθεν. οὗτος γὰρ ἔδωκεν, μᾶλλον δʼ ἐν τῇ
					τούτου οἰκίᾳ ἐδόθη τρίʼ ἡμίμναια τούτῳ τῷ ἀδωροδοκήτῳ ὑπὲρ τοῦ ψηφίσματος ὃ
					Ἀντιμέδων ἔγραψε τοῖς Τενεδίοις.<quote n="*marturi/a"
						><title>Μαρτυρία</title></quote></p>
				<p>λέγε δὴ καὶ τὰς τῶν ἄλλων ἐφεξῆς τὰς τοιαύτας μαρτυρίας, καὶ τὴν Ὑπερείδου καὶ
					Δημοσθένους. τοῦτο γάρ ἐστιν ὑπερβολή, τὸ παρʼ ὧν οὐδʼ ἂν εἷς ἀξιώσαι λαβεῖν,
					τοῦτον παρὰ τούτων ἥδιστα λαμβάνειν πωλοῦντα τὰς γραφάς.<quote n="*marturi/ai"
							><title>Μαρτυρίαι</title></quote>
				</p>
			</div>
			<div type="section" n="36">
				<p>οὗτος τοίνυν αὐτίκα φήσει διὰ τοῦτο τὴν ἔνδειξιν καθʼ αὑτοῦ γεγονέναι, ἵνα
					Δημοσθένει μὴ ἐπεξέλθῃ τὴν γραφὴν ἣν ἐγράψατʼ αὐτόν, μηδὲ Θουκυδίδῃ· δεινὸς γάρ
					ἐστι ψεύσασθαι καὶ μηδὲν ὑγιὲς εἰπεῖν. ἡμεῖς δέ, ὦ ἄνδρες δικασταί, καὶ τοῦτʼ
					ἐπεσκεψάμεθα, καὶ δείξομεν ὑμῖν οὐδὲν τὴν πόλιν βλαπτομένην, οὔτε μὰ τὸν Δία ἐὰν
					κύριον γένηται τὸ ψήφισμα τὸ Θουκυδίδου οὔτʼ ἂν ἄκυρον. καίτοι τάς γε τοιαύτας
					ἀπολογίας οὐ δίκαιόν ἐστι προσφέρειν τοῖς κατὰ τοὺς νόμους ὀμωμοκόσιν δικάσειν·
					ἀλλʼ ὅμως ἐξ αὐτῆς τῆς γραφῆς αὐτίκα γνώσεσθε διότι πρόφασίς ἐστιν τῆς ἐνδείξεως
					ἡ γραφή. λέγε τὰς γραφὰς ταύτας.<quote n="*grafai/"
						><title>Γραφαί</title></quote>
				</p>
			</div>
			<div type="section" n="37">
				<p>τούτων τῶν ψηφισμάτων, ὦ ἄνδρες δικασταί, ἢ μενόντων κατὰ χώραν ἢ ἁλόντων (οὐδὲν
					γὰρ ἔμοιγε διαφέρει) τί ἡ πόλις κερδαίνει ἢ βλάπτεται; ἐγὼ μὲν γὰρ οὐδὲν οἶμαι.
					τοὺς γὰρ Αἰνίους φασὶν οὐδὲ προσέχειν τῇ πόλει, τοῦτο δὲ γεγονέναι διὰ Θεοκρίνην
					τουτονί. συκοφαντούμενοι γὰρ ἐν ἐκείνοις τοῖς χρόνοις ὑπὸ τούτου, ἐν οἷς οἱ μὲν
					ἐφιλίππιζον, οἱ δʼ ἠττίκιζον αὐτῶν, καὶ πυνθανόμενοι γεγράφθαι τὸ ψήφισμα
					παρανόμων ὃ Χαρῖνος πρότερον ἐγράψατο, τοῦτο τὸ περὶ τῆς συντάξεως, ὃ Θουκυδίδης
					εἶπε, καὶ πέρας τῶν πραγμάτων οὐδὲν γιγνόμενον, </p>
			</div>
			<div type="section" n="38">
				<p>ἀλλὰ τὸν μὲν δῆμον συγχωροῦντα τὴν σύνταξιν διδόναι τοὺς Αἰνίους ὅσην Χάρητι τῷ
					στρατηγῷ συνεχώρησαν, τοῦτον δὲ τὸν μιαρὸν παραδεξάμενον Χαρίνῳ τῷ προδότῃ ταὐτὰ
					πράττειν, ὅπερ ἦν ἀναγκαῖον αὐτοῖς, τοῦτʼ ἔπραξαν· εἵλοντο γὰρ τῶν παρόντων
					κακῶν τὰ ἐλάχιστα. καίτοι τί χρὴ νομίζειν αὐτοὺς πάσχειν ὑπὸ τῶν ἐνθάδε
					γραφομένων, οἷς ἦν αἱρετώτερον φρουρὰν ὑποδέχεσθαι καὶ βαρβάρων ἀκούειν, ὑμῶν
					ἀποστάντας; ἀλλʼ οἶμαι τὴν τούτων πονηρίαν ὑμεῖς μόνοι δύνασθε φέρειν, ἄλλος δʼ
					οὐδεὶς τῶν Ἑλλήνων. </p>
			</div>
			<div type="section" n="39">
				<p>ὅτι μὲν οὖν οὔτε διὰ τὰς γραφὰς τὰς ἀνεγνωσμένας οὔτε διʼ ἄλλην αἰτίαν οὐδεμίαν
					ἄξιόν ἐστιν παρὰ πάντας τοὺς νόμους τοὺς περὶ τῶν ἐνδείξεων ἀφεῖναι Θεοκρίνην,
					σχεδὸν καὶ διὰ τῶν εἰρημένων φανερόν ἐστιν. ἐγὼ δὲ τὰς μὲν τούτων προφάσεις, ὦ
					ἄνδρες δικασταί, καὶ τὰς κατηγορίας καὶ τὰς προσποιήτους ταύτας ἔχθρας οὐ
					λανθάνειν ὑμᾶς νομίζω. </p>
			</div>
			<div type="section" n="40">
				<p>οὐ γὰρ ὀλιγάκις ἑοράκατʼ αὐτοὺς ἐπὶ μὲν τῶν δικαστηρίων καὶ τοῦ βήματος ἐχθροὺς
					εἶναι φάσκοντας ἀλλήλοις, ἰδίᾳ δὲ ταὐτὰ πράττοντας καὶ μετέχοντας τῶν λημμάτων,
					καὶ τοτὲ μὲν λοιδορουμένους καὶ πλύνοντας αὑτοὺς τἀπόρρητα, μικρὸν δὲ
					διαλιπόντας τοῖς αὐτοῖς τούτοις συνδεκαδίζοντας καὶ τῶν αὐτῶν ἱερῶν
					κοινωνοῦντας. καὶ τούτων οὐδὲν ἴσως θαυμάσαι ἄξιόν ἐστιν· φύσει τε γάρ εἰσι
					πονηροί, καὶ τὰς τοιαύτας προφάσεις ὁρῶσιν ὑμᾶς ἀποδεχομένους, ὥστε τί κωλύει
					ταύταις αὐτοὺς χρωμένους ἐξαπατᾶν ὑμᾶς πειρᾶσθαι; </p>
			</div>
			<div type="section" n="41">
				<p>ὅλως δʼ ἔγωγε οἶμαι δεῖν ὑμᾶς, ὦ ἄνδρες δικασταί, ὑπὲρ αὐτοῦ τοῦ πράγματος
					σκεψαμένους, εἰ μὲν δίκαια λέγω καὶ κατὰ τοὺς νόμους, βοηθεῖν μοι, μηδὲν
					ὑπολογισαμένους εἰ μὴ Δημοσθένης ἐστὶν ὁ κατηγορῶν, ἀλλὰ μειράκιον, μηδὲ
					νομίζειν κυριωτέρους δεῖν εἶναι τοὺς νόμους, ἂν εὖ τις τοῖς ὀνόμασι συμπλέξας
					αὐτοὺς <del>τούτους</del> ὑμῖν παράσχηται, τῶν ὅπως ἔτυχεν λεγόντων, ἀλλὰ τοὺς
					αὐτούς, καὶ τοσούτῳ μᾶλλον τοῖς ἀπείροις καὶ τοῖς νέοις βοηθεῖν, ὅσῳπερ ἂν ἧττον
					ἐξαπατήσειαν ὑμᾶς. </p>
			</div>
			<div type="section" n="42">
				<p>ἐπεὶ διότι τοὐναντίον ἐστίν, καὶ οὐχ οὗτος, ἀλλʼ ἐγὼ κατεστασίασμαι, καὶ φησάντων
					τινῶν μοι συναγωνιεῖσθαι προδέδομαι διὰ τὰς τούτων ἑταιρείας, ἐκείνως δῆλον ὑμῖν
					ἔσται. καλείτω ὁ κῆρυξ οὗτος τὸν Δημοσθένην· οὐκ ἀναβήσεται. τὸ δʼ αἴτιόν ἐστιν,
					οὐ τὸ ἐμὲ ὑπό τινων πεπεισμένον ἐνδεῖξαι τουτονί, ἀλλὰ τοῦτον καὶ τὸν ἄρτι
					καλούμενον διαλελύσθαι. καὶ τοῦθʼ ὅτι ἐστὶν ἀληθές, ἀναγκάσω μὲν μαρτυρεῖν καὶ
					Κλεινόμαχον τὸν συναγαγόντʼ αὐτοὺς καὶ Εὐβουλίδην τὸν ἐν Κυνοσάργει
					παραγενόμενον· </p>
			</div>
			<div type="section" n="43">
				<p>οὐ μὴν ἔλατ- τόν γε τούτου σημεῖον ὑμῖν, ἀλλὰ μεῖζον παρασχήσομαι διότι τοῦτʼ
					ἔστιν ἀληθές, ὃ πάντες ἀκούσαντες ὁμολογήσετε. Θεοκρίνης γὰρ οὑτοσὶ τοῦτον
					διώκων παρανόμων, τὸν μιαρόν, ὡς αὐτίκα φήσει, καὶ τῶν νῦν αὐτῷ κακῶν αἴτιον,
					φανερῶς ἀφῆκε τῆς γραφῆς, ἐφʼ ᾗ δέκα τάλαντα ἐπεγράψατο τίμημα. πῶς; οὐδὲν
					καινὸν διαπραξάμενος, ἀλλʼ ὅπερ ἕτεροί τινες τῶν ὁμοίων τούτῳ. τὸν μὲν
					Δημοσθένην τις ὑπωμόσατο καλουμένης τῆς γραφῆς ὡς νοσοῦντα, τὸν περιιόντα καὶ
					λοιδορούμενον Αἰσχίνῃ· τοῦτον δʼ οὗτος τὸν ἐχθρὸν εἴασεν, καὶ οὔτε τότε
					ἀνθυπωμόσατο οὔθʼ ὕστερον ἐπήγγελκεν. ἆρʼ οὐ περιφανῶς οὗτοι φενακίζουσιν ὑμᾶς
					τοὺς προσέχοντας τούτοις ὡς ἐχθροῖς; λέγε τὰς μαρτυρίας.<quote n="*marturi/ai"
							><title>Μαρτυρίαι</title></quote>
				</p>
			</div>
			<div type="section" n="44">
				<p>οὐκοῦν δίκαιόν ἐστιν, ὦ ἄνδρες δικασταί, μηδʼ ὑμᾶς τῶν φησόντων Θεοκρίνῃ διὰ τὴν
					πρὸς Δημοσθένην ἔχθραν συνερεῖν ἐθέλειν ἀκούειν, ἀλλὰ κελεύειν αὐτούς, εἴπερ ὡς
					ἀληθῶς ἐχθροί εἰσιν τοῦ Δημοσθένους, αὐτὸν ἐκεῖνον γράφεσθαι καὶ μὴ ἐπιτρέπειν
					αὐτῷ παράνομα γράφειν. εἰσὶ δὲ δεινοὶ καὶ οὗτοι, καὶ πιστεύονται μᾶλλον παρʼ
					ὑμῖν. ἀλλʼ οὐ ποιήσουσι τοῦτο. διὰ τί; ὅτι φασὶ πολεμεῖν ἀλλήλοις οὐ
					πολεμοῦντες. </p>
			</div>
			<div type="section" n="45">
				<p>περὶ μὲν οὖν τῆς τούτων ἔχθρας ὑμεῖς ἂν ἀκριβέστερον ἐμοὶ διεξέλθοιτε ἢ ἐγὼ ὑμῖν.
					ἡδέως δʼ ἂν ἠρόμην Θεοκρίνην ἐναντίον ὑμῶν, εἴ μοι ἔμελλεν ἀποκρινεῖσθαι
					δικαίως, τί ποτʼ ἂν ἐποίησεν, ἐπειδή φησιν ἐπὶ τῷ κωλύειν τετάχθαι τοὺς παράνομα
					γράφοντας, εἴ τις ἐν τῷ δήμῳ διαλεχθεὶς ἅπασι τοῖς πολίταις καὶ πείσας ἔγραψεν
					ἐξεῖναι τοῖς ἀτίμοις καὶ τοῖς ὀφείλουσιν τῷ δημοσίῳ γράφεσθαι, φαίνειν,
					ἐνδεικνύειν, </p>
			</div>
			<div type="section" n="46">
				<p>ἁπλῶς ποιεῖν ὅσαπερ νῦν ὁ νόμος κωλύει πράττειν, πότερον ἐγράψατο ἂν παρανόμων
					τὸν ταῦτʼ εἰπόντα, ἢ οὔ; εἰ μὲν γὰρ μή <del>φήσει ἂν γράψασθαι</del>, πῶς χρὴ
					πιστεύειν αὐτῷ λέγοντι, ὡς φυλάττει τοὺς παράνομα γράφοντας; εἰ δʼ ἐγράψατʼ ἄν,
					πῶς οὐ δεινόν ἐστιν ἑτέρου μὲν γράψαντος κωλύειν ἂν τέλος ἔχειν τὸ ψήφισμα, ἵνα
					μὴ πάντες τοῦτο ποιῶσι, καὶ γραφὴν ἀπενεγκόντα παραγραψάμενον σαφῶς τοὺς νόμους
					κωλύειν τὸ πρᾶγμα, </p>
			</div>
			<div type="section" n="47">
				<p>νυνὶ δὲ αὐτὸν τοῦτον, μήτε πείσαντα τὸν δῆμον μήτε κοινὸν καταστήσαντα τὸ πρᾶγμα,
					γράφεσθαι τῶν νόμων αὐτῷ ἀπαγορευόντων (καὶ δεινὰ φήσει αὐτίκα δὴ μάλα πάσχειν,
					εἰ μὴ ταῦτʼ ἐξέσται ποιεῖν αὐτῷ, καὶ διέξεισι τὰς ἐκ τῶν νόμων ζημίας, αἷς
					ἔνοχος ἐὰν ἁλῷ γενήσεται) τῶν δὲ νόμων μὴ φροντίζειν, ἀλλʼ ἀξιοῦν αὑτῷ
					τηλικαύτην δωρεὰν δεδόσθαι παρʼ ὑμῶν, ὅσην οὐδʼ αἰτῆσαι τετόλμηκεν οὐδείς; </p>
			</div>
			<div type="section" n="48">
				<p>ὅτι μὲν οὖν περὶ τῆς ἐνδείξεως οὐδὲν ἕξει δίκαιον λέγειν οὔτε Θεοκρίνης οὔτε τῶν
					ὑπὲρ τούτου λεγόντων οὐδείς, σχεδὸν εἰδέναι πάντας ὑμᾶς νομίζω. οἶμαι δʼ αὐτοὺς
					ἐπιχειρήσειν λέγειν, ὡς οὐδʼ εἰσὶν ἐνδείξεις τούτων ὅσοι μὴ ἐν ἀκροπόλει
					ἐγγεγραμμένοι εἰσίν, οὐδʼ ἐστὶ δίκαιον τούτους ὑπολαμβάνειν ὀφείλειν ὧν οὐδεὶς
					παρέδωκε τοῖς πράκτορσι τὰ ὀνόματα, </p>
			</div>
			<div type="section" n="49">
				<p>ὥσπερ ὑμᾶς ἀγνοήσοντας τὸν νόμον, ὃς ὀφείλειν κελεύει ἀπʼ ἐκείνης τῆς ἡμέρας, ἀφʼ
					ἧς ἂν ὄφλῃ ἢ παραβῇ τὸν νόμον ἢ τὸ ψήφισμα, ἢ οὐ πᾶσι δῆλον <add>ὂν</add> ὅτι
					πολλαχῶς καὶ ὀφείλουσι τῷ δημοσίῳ καὶ ἐκτίνουσιν οἱ βουλόμενοι τοῖς νόμοις
					πείθεσθαι, καὶ τοῦτο ἐξ αὐτοῦ τοῦ νόμου δῆλον. καί μοι πάλιν λαβὲ τὸν νόμον
						τοῦτον.<quote n="*no/mos"><title>Νόμος</title></quote></p>
				<p>ἀκούεις, ὦ μιαρὸν σὺ θηρίον, ὅ τι κελεύει; <q>ἀφʼ ἧς ἂν ὄφλῃ ἢ τὸν νόμον
						παραβῇ.</q>
				</p>
			</div>
			<div type="section" n="50">
				<p>ἀκούω τοίνυν αὐτοὺς κἀκεῖνον ὑμῖν μέλλειν δεικνύναι τὸν νόμον, ὃς ἀπαλείφειν
					κελεύει τοῖς ἐγγεγραμμένοις ἀπὸ τοῦ ὀφλήματος καθʼ ὅ τι ἂν ἐκτίνῃ, καὶ ἐρήσεσθαι
					πῶς ἀπὸ τοῦ μηδʼ ἐγγεγραμμένου ἀπαλείψουσιν, ὥσπερ οὐ περὶ μὲν τῶν ἐγγεγραμμένων
					τοῦτον κείμενον, περὶ δὲ τῶν μὴ ἐγγεγραμμένων ὀφειλόντων δʼ ἐκεῖνον, ὃς κελεύει
					ἀπʼ ἐκείνης ὀφείλειν τῆς ἡμέρας, ἀφʼ ἧς ἂν ὄφλῃ ἢ παραβῇ τὸν νόμον ἢ τὸ ψήφισμα.
				</p>
			</div>
			<div type="section" n="51">
				<p>τί οὖν οὐκ ἀγραφίου με, φήσει, γράφει, τὸν ὀφείλοντα καὶ μὴ ἐγγεγραμμένον; ὅτι ὁ
					νόμος οὐ κατὰ τῶν ὀφειλόντων καὶ μὴ ἐγγραφέντων κελεύει τὰς γραφὰς τοῦ ἀγραφίου
					εἶναι, ἀλλʼ οἵτινες ἂν ἐγγραφέντες καὶ μὴ ἐκτείσαντες τῇ πόλει τὸ ὄφλημα
					ἐξαλειφθῶσι. καί μοι λαβὲ τὸν νόμον καὶ ἀνάγνωθι.<quote n="*no/mos"
							><title>Νόμος</title></quote>
				</p>
			</div>
			<div type="section" n="52">
				<p>ἀκούετε τοῦ νόμου, ὦ ἄνδρες δικασταί, ὅτι διαρρήδην λέγει, ἐάν τις τῶν ὀφειλόντων
					τῷ δημοσίῳ μὴ ἐκτείσας τὸ ὄφλημα τῇ πόλει ἐξαλειφθῇ, εἶναι κατʼ αὐτοῦ τὰς γραφὰς
					πρὸς τοὺς θεσμοθέτας τοῦ ἀγραφίου, καὶ οὐ κατὰ τοῦ ὀφείλοντος καὶ μὴ
					ἐγγεγραμμένου, ἀλλʼ ἔνδειξιν κελεύει καὶ ἄλλας τιμωρίας κατὰ τούτων εἶναι. ἀλλὰ
					σὺ τί διδάσκεις με πάντας τοὺς τρόπους οἷς δεῖ με τιμωρήσασθαι τοὺς ἐχθρούς,
					ἀλλʼ οὐ καθʼ ὃν εἰσελήλυθα, τοῦτον ἀπολογεῖ; </p>
			</div>
			<div type="section" n="53">
				<p>Μοιροκλῆς τοίνυν, ὦ ἄνδρες δικασταί, ὁ τὸ ψήφισμα γράψας κατὰ τῶν τοὺς ἐμπόρους
					ἀδικούντων, καὶ πείσας οὐ μόνον ὑμᾶς ἀλλὰ καὶ τοὺς συμμάχους φυλακήν τινα τῶν
					κακουργούντων ποιήσασθαι, οὐκ αἰσχυνεῖται αὐτίκα μάλα λέγων ὑπὲρ Θεοκρίνου
					ἐναντία τοῖς ἑαυτοῦ ψηφίσμασιν, </p>
			</div>
			<div type="section" n="54">
				<p>ἀλλὰ τολμήσει πείθειν ὑμᾶς ὡς χρὴ τὸν οὕτως φανερῶς ἐξεληλεγμένον φάσεις
					ποιούμενον ἀδίκους κατὰ τῶν ἐμπόρων ἀφεῖναι καὶ μὴ τιμωρήσασθαι, ὥσπερ ἕνεκα
					τούτου γράψας καθαρὰν εἶναι τὴν θάλατταν, ἵνα σωθέντες οἱ πλέοντες ἐκ τοῦ
					πελάγους ἐν τῷ λιμένι χρήματα τούτοις ἀποτίνωσιν, ἢ διαφέρον τι τοῖς ἐμπόροις,
					ἂν μακρὸν διαφυγόντες πλοῦν Θεοκρίνῃ περιπέσωσιν. </p>
			</div>
			<div type="section" n="55">
				<p>ἐγὼ δʼ οἶμαι τῶν μὲν κατὰ πλοῦν γιγνομένων οὐχ ὑμᾶς, ἀλλὰ τοὺς στρατηγοὺς καὶ
					τοὺς ἐπὶ τοῖς μακροῖς πλοίοις αἰτίους εἶναι, τῶν δʼ ἐν τῷ Πειραιεῖ καὶ πρὸς ταῖς
					ἀρχαῖς ὑμᾶς, οἳ τούτων κύριοι ἁπάντων ἐστέ. διὸ καὶ μᾶλλόν ἐστι τηρητέον τοὺς
					ἐνθάδε παραβαίνοντας τοὺς νόμους τῶν ἔξω τοῖς ψηφίσμασιν οὐκ ἐμμενόντων, ἵνα μὴ
					δοκῆτε αὐτοὶ πράως ἐπὶ τοῖς γιγνομένοις φέρειν καὶ συνειδέναι τι τούτοις ὧν
					πράττουσιν. </p>
			</div>
			<div type="section" n="56">
				<p>οὐ γὰρ δήπου Μηλίους μέν, ὦ Μοιρόκλεις, κατὰ τὸ σὸν ψήφισμα δέκα τάλαντα νῦν
					εἰσεπράξαμεν, ὅτι τοὺς λῃστὰς ὑπεδέξαντο, τουτονὶ δʼ ἀφήσομεν, ὃς καὶ τὸ σὸν
					ψήφισμα καὶ τοὺς νόμους, διʼ οὓς οἰκοῦμεν τὴν πόλιν, παραβέβηκεν· καὶ τοὺς μὲν
					τὰς νήσους οἰκοῦντας κωλύσομεν ἀδικεῖν, ἐφʼ οὓς τριήρεις δεῖ πληρώσαντας
					ἀναγκάσαι τὰ δίκαια ποιεῖν, ὑμᾶς δὲ τοὺς μιαρούς, οἷς αὐτοῦ δεῖ καθημένους
					τουτουσὶ κατὰ τοὺς νόμους ἐπιθεῖναι δίκην, ἐάσομεν; οὔκ, ἄν γε σωφρονῆτε. λέγε
					τὴν στήλην.<quote n="*sth/lh"><title>Στήλη</title></quote>
				</p>
			</div>
			<div type="section" n="57">
				<p>περὶ μὲν οὖν τῶν νόμων καὶ τοῦ πράγματος οὐκ οἶδʼ ὅ τι δεῖ πλείω λέγειν· ἱκανῶς
					γάρ μοι δοκεῖτε μεμαθηκέναι. βούλομαι δὲ δεηθεὶς ὑμῶν τὰ δίκαιʼ ὑπὲρ ἐμαυτοῦ καὶ
					τοῦ πατρὸς καταβαίνειν καὶ μὴ ἐνοχλεῖν ὑμῖν. ἐγὼ γάρ, ὦ ἄνδρες δικασταί, βοηθεῖν
					οἰόμενος δεῖν τῷ πατρὶ καὶ τοῦτο δίκαιον εἶναι νομίζων, </p>
			</div>
			<div type="section" n="58">
				<p>τὴν ἔνδειξιν ταύτην ἐποιησάμην, ὥσπερ ἐξ ἀρχῆς εἶπον, οὐκ ἀγνοῶν οὔτε τοὺς
					βλασφημεῖν βουλομένους, ὅτι λόγους εὑρήσουσι τοὺς διαβαλοῦντας τὴν ἐμὴν ἡλικίαν,
					οὔτε τοὺς ἐπαινεσομένους καὶ σωφρονεῖν με νομιοῦντας, εἰ τὸν ἐχθρὸν τοῦ πατρὸς
					τιμωρεῖσθαι προαιροῦμαι, ἀλλʼ ἡγούμενος ταῦτα μὲν οὕτως ὅπως ἂν τύχῃ παρὰ τοῖς
					ἀκροωμένοις συμβήσεσθαι, ἐμοὶ δὲ τὸ προσταχθὲν ὑπὸ τοῦ πατρός, ἄλλως τε καὶ
					δίκαιον ὄν, τοῦτʼ εἶναι ποιητέον. </p>
			</div>
			<div type="section" n="59">
				<p>πότε γάρ με καὶ δεῖ βοηθεῖν αὐτῷ; οὐχ ὅταν ἡ μὲν τιμωρία κατὰ τοὺς νόμους ᾖ,
					μετέχων δʼ αὐτὸς τυγχάνω τῆς τοῦ πατρὸς ἀτυχίας, μόνος δὲ καταλελειμμένος ὁ
					πατήρ; ὅπερ νῦν συμβέβηκεν. πρὸς γὰρ τοῖς ἄλλοις ἀτυχήμασι καὶ τοῦθʼ ἡμῖν, ὦ
					ἄνδρες δικασταί, συμβέβηκεν· παροξύνουσι μὲν ἡμᾶς ἅπαντες καὶ συνάχθεσθαί φασι
					τοῖς γεγενημένοις καὶ δεινὰ πεπονθέναι λέγουσι καὶ τοῦτον εἶναι ἔνοχον τῇ
					ἐνδείξει, συμπράττειν δʼ οὐδεὶς ἐθέλει τῶν εἰπόντων, οὐδέ φησιν ἀπεχθάνεσθαι
					βούλεσθαι φανερῶς· οὕτως ἔλαττον παρά τισιν τὸ δίκαιον ἰσχύει τῆς παρρησίας.
				</p>
			</div>
			<div type="section" n="60">
				<p>πολλῶν δʼ ἡμῖν, ὦ ἄνδρες δικασταί, διὰ τουτονὶ Θεοκρίνην ἀτυχημάτων ἐν οὐκ ὀλίγῳ
					χρόνῳ συμβεβηκότων, οὐδενὸς ἔλαττόν ἐστιν τὸ νῦν συμβαῖνον, ὅτι τὰ δεινὰ καὶ τὰ
					παρὰ τοὺς νόμους πεπραγμένα Θεοκρίνῃ τῷ μὲν πατρὶ τῷ πεπονθότι καὶ δυναμένῳ ἂν
					δηλῶσαι πρὸς ὑμᾶς ἐξ ἀνάγκης ἡσυχίαν ἑκτέον ἐστίν (οἱ γὰρ νόμοι ταῦτα
					κελεύουσιν), ἐμοὶ δὲ τῷ πάντων τούτων ὑστερίζοντι λεκτέον, καὶ τοῖς μὲν ἄλλοις
					τοῖς τηλικούτοις οἱ πατέρες βοηθοῦσιν, οὗτος δʼ ἐν ἐμοὶ νῦν ἔχει τὰς ἐλπίδας.
				</p>
			</div>
			<div type="section" n="61">
				<p>τοιοῦτον οὖν ἀγωνιζόμενοι ἀγῶνα δεόμεθʼ ὑμῶν ἐπικουρεῖν ἡμῖν, καὶ δεῖξαι πᾶσιν
					ὅτι, κἂν παῖς κἂν γέρων κἂν ἡντινοῦν ἡλικίαν ἔχων ἥκῃ πρὸς ὑμᾶς κατὰ τοὺς
					νόμους, οὗτος τεύξεται πάντων τῶν δικαίων. καλὸν γάρ, ὦ ἄνδρες δικασταί, μήτε
					τοὺς νόμους μήθʼ ὑμᾶς αὐτοὺς ἐπὶ τοῖς λέγουσι ποιεῖν, ἀλλʼ ἐκείνους ἐφʼ ὑμῖν,
					καὶ χωρὶς κρίνειν τούς τʼ εὖ καὶ σαφῶς καὶ τοὺς τὰ δίκαια λέγοντας· περὶ γὰρ
					τούτου τὴν ψῆφον ὀμωμόκατʼ οἴσειν. </p>
			</div>
			<div type="section" n="62">
				<p>οὐ γὰρ δὴ πείσει γʼ ὑμᾶς οὐδεὶς ὡς ἐπιλείψουσιν οἱ τοιοῦτοι ῥήτορες, οὐδʼ ὡς διὰ
					τοῦτο χεῖρον ἡ πόλις οἰκήσεται. τοὐναντίον γάρ ἐστιν, ὡς ἐγὼ τῶν πρεσβυτέρων
					ἀκούω· τότε γάρ φασιν ἄριστα πρᾶξαι τὴν πόλιν, ὅτε μέτριοι καὶ σώφρονες ἄνδρες
					ἐπολιτεύοντο. πότερον γὰρ συμβούλους εὕροι τις ἂν τούτους ἀγαθούς; ἀλλʼ οὐδὲν ἐν
					τῷ δήμῳ λέγουσιν, ἀλλὰ τοὺς ἐκεῖθεν γραφόμενοι χρήματα λαμβάνουσιν. </p>
			</div>
			<div type="section" n="63">
				<p>ὃ καὶ θαυμάσιόν ἐστιν, ὅτι ζῶντες ἐκ τοῦ συκοφαντεῖν οὔ φασι λαμβάνειν ἀπὸ τῆς
					πόλεως· καὶ πρὶν προσελθεῖν πρὸς ὑμᾶς οὐδὲν ἔχοντες, νῦν εὐποροῦντες οὐδὲ χάριν
					ὑμῖν ἔχουσιν, ἀλλὰ περιιόντες λέγουσιν ὡς ἀβέβαιός ἐστιν ὁ δῆμος, ὡς δυσχερής,
					ὡς ἀχάριστος, ὥσπερ ὑμᾶς διὰ τούτους εὐποροῦντας, οὐ τούτους διὰ τὸν δῆμον. ἀλλὰ
					γὰρ εἰκότως ταῦθʼ οὗτοι λέγουσιν, ὁρῶντες τὴν ὑμετέραν ῥᾳθυμίαν. οὐδένα γὰρ
					ἀξίως αὐτῶν τῆς πονηρίας τετιμώρησθε, ἀλλʼ ὑπομένετε λεγόντων αὐτῶν ὡς ἡ τοῦ
					δήμου σωτηρία διὰ τῶν γραφομένων καὶ συκοφαντούντων ἐστίν· ὧν γένος ἐξω-
					λέστερον οὐδέν ἐστιν. </p>
			</div>
			<div type="section" n="64">
				<p>τί γὰρ ἄν τις τούτους εὕροι χρησίμους ὄντας τῇ πόλει; τοὺς ἀδικοῦντας νὴ Δίʼ
					οὗτοι κολάζουσιν, καὶ διὰ τούτους ἐλάττους εἰσὶν ἐκεῖνοι. οὐ δῆτα, ὦ ἄνδρες
					δικασταί, ἀλλὰ καὶ πλείους· εἰδότες γὰρ οἱ κακόν τι βουλόμενοι πράττειν ὅτι
					τούτοις ἐστὶν ἀπὸ τῶν λημμάτων τὸ μέρος δοτέον, ἐξ ἀνάγκης μείζω προαιροῦνται
					παρὰ τῶν ἄλλων ἁρπάζειν, ἵνα μὴ μόνον αὑτοῖς, ἀλλὰ καὶ τούτοις ἔχωσιν
					ἀναλίσκειν. </p>
			</div>
			<div type="section" n="65">
				<p>καὶ τοὺς μὲν ἄλλους ὅσοι κακουργοῦντες βλάπτουσί τι τοὺς ἐντυγχάνοντας, τοὺς μὲν
					τῶν οἴκοι φυλακὴν καταστήσαντας <del>σῴζειν ἔστι</del>, τοὺς δʼ ἔνδον μένοντας
					τῆς νυκτὸς <del>μηδὲν παθεῖν</del>, τοὺς δʼ ἑνί γέ τῳ τρόπῳ φυλαξαμένους ἔνεστι
					διώσασθαι τὴν τῶν κακόν τι ποιεῖν βουλομένων ἐπιβουλήν· τοὺς δὲ τοιουτουσὶ
					συκοφάντας, ποῖ χρὴ πορευθέντας ἀδείας παρὰ τούτων τυχεῖν; αἱ γὰρ τῶν ἄλλων
					ἀδικημάτων καταφυγαὶ τούτοις εἰσὶν ἐργασίαι, νόμοι, δικαστήρια, μάρτυρες,
					ἀγοραί· ἐν οἷς τὰς αὑτῶν ῥώμας ἐπιδείκνυνται, φίλους μὲν τοὺς διδόντας
					νομίζοντες, ἐχθροὺς δὲ τοὺς ἀπράγμονας καὶ πλουσίους. </p>
			</div>
			<div type="section" n="66">
				<p><milestone unit="para" ed="P"/>ἀναμνησθέντες οὖν, ὦ ἄνδρες δικασταί, καὶ τῆς
					τούτων πονηρίας καὶ τῶν προγόνων τῶν ἡμετέρων, ὧν Ἐπιχάρης μὲν ὁ πάππος ὁ ἐμὸς
					Ὀλυμπίασι νικήσας παῖδας στάδιον ἐστεφάνωσε τὴν πόλιν, καὶ παρὰ τοῖς ὑμετέροις
					προγόνοις ἐπιεικῆ δόξαν ἔχων ἐτελεύτησεν· ἡμεῖς δὲ διὰ τοῦτον τὸν θεοῖς ἐχθρὸν
					ἀπεστερήμεθα ταύτης τῆς πόλεως, </p>
			</div>
			<div type="section" n="67">
				<p>ὑπὲρ ἧς Ἀριστοκράτης ὁ Σκελίου, θεῖος ὢν Ἐπιχάρους τοῦ πάππου τοῦ ἐμοῦ, οὗ ἔχει
					ἁδελφὸς οὑτοσὶ τοὔνομα, πολλὰ καὶ καλὰ διαπραξάμενος ἔργα πολεμούσης τῆς πόλεως
					Λακεδαιμονίοις, κατασκάψας τὴν Ἠετιώνειαν, εἰς ἣν Λακεδαιμονίους ἔμελλον οἱ περὶ
					Κριτίαν ὑποδέχεσθαι, καθεῖλε μὲν τὸ ἐπιτείχισμα, κατήγαγε δὲ τὸν δῆμον
					κινδυνεύων αὐτὸς οὐ τοιούτους κινδύνους, ἀλλʼ ἐν οἷς καὶ παθεῖν τι καλόν ἐστιν,
					ἔπαυσε δὲ τοὺς ἐπιβουλεύοντας ὑμῖν. </p>
			</div>
			<div type="section" n="68">
				<p>διʼ ὅν, εἰ Θεοκρίνῃ τουτῳὶ ὅμοιοι ὄντες ἐτυγχάνομεν, εἰκότως ἐσῴζετʼ ἂν ἡμᾶς, μὴ
					ὅτι βελτίους ὄντας τούτου καὶ δίκαια λέγοντας. οὐ γὰρ πολλάκις ὑμᾶς ταῦτα
					λέγοντες ἐνοχλήσομεν· οὕτως γὰρ ἡμᾶς οὗτος διατέθηκεν ὥστε, ὅπερ ἐξ ἀρχῆς εἶπον,
					μηδʼ ἐλπίδʼ ἡμῖν εἶναι μηδεμίαν τοῦ μετασχεῖν τῆς καὶ τοῖς ξένοις δεδομένης
					παρρησίας. </p>
			</div>
			<div type="section" n="69">
				<p>ἵνʼ οὖν, εἰ καὶ μηδὲν ἄλλο, ταύτην γε ἔχωμεν παραψυχήν, τὸ καὶ τοῦτον ὁρᾶν
					ἡσυχίαν ἄγοντα, βοηθήσαθʼ ἡμῖν, ἐλεήσατε τοὺς ὑπὲρ τῆς πατρίδος ἡμῶν
					τετελευτηκότας, ἀναγκάσατʼ αὐτὸν ὑπὲρ αὐτῆς τῆς ἐνδείξεως ἀπολογεῖσθαι, καὶ
					τοιοῦτοι γένεσθʼ αὐτῷ δικασταὶ τῶν λεγομένων οἷος ἡμῶν οὗτος ἐγένετο κατήγορος,
				</p>
			</div>
			<div type="section" n="70">
				<p>ὃς ἐξαπατήσας τοὺς δικαστὰς οὐκ ἠθέλησε τιμήσασθαι μετρίου τινὸς τιμήματος τῷ
					πατρὶ τῷ ἐμῷ, πολλὰ ἐμοῦ δεηθέντος καὶ τοῦτον ἱκετεύσαντος πρὸς τῶν γονάτων,
					ἀλλʼ ὥσπερ τὴν πόλιν προδεδωκότι τῷ πατρὶ δέκα ταλάντων ἐτιμήσατο. δεόμεθʼ οὖν
					ὑμῶν, ἀντιβολοῦμεν, τὰ δίκαια ψηφίζεσθε.</p>
				<p>βοήθησον ἡμῖν ὁ δεῖνα, εἴ τι ἔχεις, καὶ σύνειπε. ἀνάβηθι. </p>
			</div>

		</body>
	</text>
</TEI>
