<?xml version="1.0" encoding="UTF-8"?>
<TEI xmlns="http://www.tei-c.org/ns/1.0">
	<teiHeader>

		<fileDesc>

			<titleStmt>
				<title>Against Boeotus 1. </title>
				<author>Demosthenes</author>
				<sponsor>Perseus Project, Tufts University</sponsor>
				<principal>Gregory Crane</principal>
				<respStmt>
					<resp>Prepared under the supervision of</resp>
					<name>Lisa Cerrato</name>
					<name>William Merrill</name>
					<name>Elli Mylonas</name>
					<name>David Smith</name>
				</respStmt>
				<funder n="org:AnnCPB">The Annenberg CPB/Project</funder>

			</titleStmt>
			<publicationStmt>
				<publisher>Trustees of Tufts University</publisher>
				<pubPlace>Medford, MA</pubPlace>
				<authority>Perseus Project</authority>
			</publicationStmt>





			<sourceDesc>
				<biblStruct>
					<monogr>
						<author>Demosthenes</author>
						<title>Demosthenis.Orationes. ed. W. Rennie</title>

						<imprint>
							<publisher>Oxonii. E Typographeo Clarendoniano</publisher>
							<date>1921</date>
						</imprint>
					</monogr>
				</biblStruct>
			</sourceDesc>


		</fileDesc>

		<encodingDesc>

			<refsDecl>
				<refState unit="speech"/>
				<refState unit="section"/>
			</refsDecl>
		</encodingDesc>

		<profileDesc>
			<langUsage>
				<language ident="greek">Greek </language>
				<language ident="en">English </language>
			</langUsage>
		</profileDesc>
	</teiHeader>
	<text xml:lang="grc">
		<body>

			<div type="section" n="1">
				<p>οὐδεμιᾷ φιλοπραγμοσύνῃ μὰ τοὺς θεούς, ὦ ἄνδρες δικασταί, τὴν δίκην ταύτην ἔλαχον
					Βοιωτῷ, οὐδʼ ἠγνόουν ὅτι πολλοῖς ἄτοπον δόξει τὸ δίκην ἐμὲ λαγχάνειν, εἴ τις
					ἐμοὶ ταὐτὸν ὄνομʼ οἴεται δεῖν ἔχειν· ἀλλʼ ἀναγκαῖον ἦν ἐκ τῶν συμβησομένων, εἰ
					μὴ τοῦτο διορθώσομαι, ἐν ὑμῖν κριθῆναι. </p>
			</div>
			<div type="section" n="2">
				<p>εἰ μὲν οὖν ἑτέρου τινὸς οὗτος ἔφη πατρὸς εἶναι καὶ μὴ τοῦ ἐμοῦ, περίεργος ἂν
					εἰκότως ἐδόκουν εἶναι φροντίζων ὅ τι βούλεται καλεῖν οὗτος ἑαυτόν. νῦν δὲ λαχὼν
					δίκην τῷ πατρὶ τῷ ἐμῷ καὶ μεθʼ ἑαυτοῦ κατασκευάσας ἐργαστήριον συκοφαντῶν,
					Μνησικλέα τε, ὃν ἴσως γιγνώσκετε πάντες, καὶ Μενεκλέα τὸν τὴν Νῖνον ἑλόντʼ
					ἐκεῖνον, καὶ τοιούτους τινάς, ἐδικάζεθʼ υἱὸς εἶναι φάσκων ἐκ τῆς Παμφίλου
					θυγατρὸς καὶ δεινὰ πάσχειν καὶ τῆς πατρίδος ἀποστερεῖσθαι. </p>
			</div>
			<div type="section" n="3">
				<p>ὁ πατὴρ δέ (πᾶσα γὰρ εἰρήσεται ἡ ἀλήθειʼ, ὦ ἄνδρες δικασταί) ἅμα μὲν φοβούμενος
					εἰς δικαστήριον εἰσιέναι, μή τις, οἷʼ ὑπὸ πολιτευομένου, ἑτέρωθί που λελυπημένος
					ἐνταυθοῖ ἀπαντήσειεν αὐτῷ, ἅμα δʼ ἐξαπατηθεὶς ὑπὸ τῆς τουτουὶ μητρός, ὀμοσάσης
					αὐτῆς ἦ μήν, ἐὰν ὅρκον αὐτῇ διδῷ περὶ τούτων, μὴ ὀμεῖσθαι, τούτων δὲ πραχθέντων
					οὐδὲν ἔτʼ ἔσεσθαι αὐτοῖς, καὶ μεσεγγυησαμένης ἀργύριον, ἐπὶ τούτοις δίδωσι τὸν
					ὅρκον. </p>
			</div>
			<div type="section" n="4">
				<p>ἡ δὲ δεξαμένη, οὐ μόνον τοῦτον, ἀλλὰ καὶ τὸν ἀδελφὸν τὸν ἕτερον πρὸς τούτῳ
					κατωμόσατʼ ἐκ τοῦ πατρὸς εἶναι τοῦ ἐμοῦ. ὡς δὲ τοῦτʼ ἐποίησεν, εἰσάγειν εἰς τοὺς
					φράτερας ἦν ἀνάγκη τούτους καὶ λόγος οὐδεὶς ὑπελείπετο. εἰσήγαγεν, ἐποιήσατο,
					ἵνα τἀν μέσῳ συντέμω, ἐγγράφει τοῖς Ἀπατουρίοις τουτονὶ μὲν Βοιωτὸν εἰς τοὺς
					φράτερας, τὸν δʼ ἕτερον Πάμφιλον· Μαντίθεος δʼ ἐνεγεγράμμην ἐγώ. </p>
			</div>
			<div type="section" n="5">
				<p>συμβάσης δὲ τῷ πατρὶ τῆς τελευτῆς πρὶν τὰς εἰς τοὺς δημότας ἐγγραφὰς γενέσθαι,
					ἐλθὼν εἰς τοὺς δημότας οὑτοσὶ ἀντὶ Βοιωτοῦ Μαντίθεον ἐνέγραψεν ἑαυτόν. τοῦτο δʼ
					ὅσα βλάπτει ποιῶν πρῶτον μὲν ἐμέ, εἶτα δὲ καὶ ὑμᾶς, ἐγὼ διδάξω, ἐπειδὰν ὧν λέγω
					παράσχωμαι μάρτυρας.<quote n="*ma/rtures"><title>Μάρτυρες</title></quote>
				</p>
			</div>
			<div type="section" n="6">
				<p>ὃν μὲν τοίνυν τρόπον ἡμᾶς ἐνέγραψεν ὁ πατήρ, ἀκηκόατε τῶν μαρτύρων· ὅτι δʼ οὐκ
					οἰομένου τούτου δεῖν ἐμμένειν, δικαίως καὶ ἀναγκαίως ἔλαχον τὴν δίκην, τοῦτʼ ἤδη
					δείξω. ἐγὼ γὰρ οὐχ οὕτω δήπου σκαιός εἰμʼ ἄνθρωπος οὐδʼ ἀλόγιστος, ὥστε τῶν μὲν
					πατρῴων, ἃ πάντʼ ἐμὰ ἐγίγνετο, ἐπειδήπερ ἐποιήσατο τούτους ὁ πατήρ,
					συγκεχωρηκέναι τὸ τρίτον νείμασθαι μέρος καὶ στέργειν ἐπὶ τούτῳ, περὶ δʼ
					ὀνόματος ζυγομαχεῖν, εἰ μὴ τὸ μὲν ἡμᾶς μεταθέσθαι μεγάλην ἀτιμίαν ἔφερε καὶ
					ἀνανδρίαν, τὸ δὲ ταὐτὸν ἔχειν τοῦτον ἡμῖν ὄνομα διὰ πόλλʼ ἀδύνατον ἦν. </p>
			</div>
			<div type="section" n="7">
				<p><milestone ed="P" unit="para"/>πρῶτον μὲν γάρ, εἰ δεῖ τὰ κοινὰ τῶν ἰδίων εἰπεῖν
					πρότερον, τίνʼ ἡμῖν ἡ πόλις ἐπιτάξει τρόπον, ἄν τι δέῃ ποιεῖν; οἴσουσι νὴ Δίʼ οἱ
					φυλέται τὸν αὐτὸν τρόπον ὅνπερ καὶ τοὺς ἄλλους. οὐκοῦν Μαντίθεον Μαντίου
					Θορίκιον οἴσουσιν, ἐὰν χορηγὸν ἢ γυμνασίαρχον ἢ ἑστιάτορʼ ἢ ἐάν τι τῶν ἄλλων
					φέρωσιν. τῷ δῆλον οὖν ἔσται πότερον σὲ φέρουσιν ἢ ἐμέ; σὺ μὲν γὰρ φήσεις ἐμέ,
					ἐγὼ δὲ σέ. </p>
			</div>
			<div type="section" n="8">
				<p>καὶ δὴ καλεῖ μετὰ τοῦθʼ ὁ ἄρχων ἢ πρὸς ὅντινʼ ἂν ᾖ ἡ δίκη. οὐχ ὑπακούομεν, οὐ
					λῃτουργοῦμεν. πότερος ταῖς ἐκ τῶν νόμων ἔσται ζημίαις ἔνοχος; τίνα δʼ οἱ
					στρατηγοὶ τρόπον ἐγγράψουσιν, ἂν εἰς συμμορίαν ἐγγράφωσιν, ἢ ἂν τριήραρχον
					καθιστῶσιν; ἢ ἂν στρατεία τις ᾖ, τῷ δῆλον ἔσται πότερός ἐσθʼ ὁ κατειλεγμένος;
				</p>
			</div>
			<div type="section" n="9">
				<p>τί δʼ, ἂν ἄλλη τις ἀρχὴ καθιστῇ λῃτουργεῖν, οἷον ἄρχων, βασιλεύς, ἀθλοθέται, τί
					σημεῖον ἔσται πότερον καθιστᾶσιν; προσπαραγράψουσι νὴ Δία τὸν ἐκ Πλαγγόνος, ἂν
					σὲ ἐγγράφωσιν, ἂν δʼ ἐμέ, τῆς ἐμῆς μητρὸς τοὔνομα. καὶ τίς ἤκουσε πώποτε, ἢ κατὰ
					ποῖον νόμον προσπαραγράφοιτʼ ἂν τοῦτο τὸ παράγραμμα ἢ ἄλλο τι πλὴν ὁ πατὴρ καὶ ὁ
					δῆμος; ὧν ὄντων ἀμφοῖν τῶν αὐτῶν πολλὴ ταραχὴ συμβαίνει. </p>
			</div>
			<div type="section" n="10">
				<p>φέρε, εἰ δὲ κριτὴς καλοῖτο Μαντίθεος Μαντίου Θορίκιος, τί ἂν ποιοῖμεν; ἢ
					βαδίζοιμεν ἂν ἄμφω; τῷ γὰρ ἔσται δῆλον πότερον σὲ κέκληκεν ἢ ἐμέ; πρὸς Διός, ἂν
					δʼ ἀρχὴν ἡντινοῦν ἡ πόλις κληροῖ, οἷον βουλῆς, θεσμοθέτου, τῶν ἄλλων, τῷ δῆλος ὁ
					λαχὼν ἡμῶν ἔσται; πλὴν εἰ σημεῖον, ὥσπερ <add>ἂν</add> ἄλλῳ τινί, τῷ χαλκίῳ
					προσέσται· καὶ οὐδὲ τοῦθʼ ὁποτέρου ἐστὶν οἱ πολλοὶ γνώσονται. οὐκοῦν ὁ μὲν
					ἑαυτόν, ἐγὼ δʼ ἐμαυτὸν φήσω τὸν εἰληχότʼ εἶναι. </p>
			</div>
			<div type="section" n="11">
				<p>λοιπὸν εἰς τὸ δικαστήριον <del>ἡμᾶς</del> εἰσιέναι. οὐκοῦν ἐφʼ ἑκάστῳ τούτων
					δικαστήριον ἡμῖν ἡ πόλις καθιεῖ, καὶ τοῦ μὲν κοινοῦ καὶ ἴσου, τοῦ τὸν λαχόντʼ
					ἄρχειν, ἀποστερησόμεθα, ἀλλήλους δὲ πλυνοῦμεν, καὶ ὁ τῷ λόγῳ κρατήσας ἄρξει. καὶ
					πότερʼ ἂν βελτίους εἴημεν τῶν ὑπαρχουσῶν δυσκολιῶν ἀπαλλαττόμενοι, ἢ καινὰς
					ἔχθρας καὶ βλασφημίας ποιούμενοι; ἃς πᾶσʼ ἀνάγκη συμβαίνειν, ὅταν ἀρχῆς ἤ τινος
					ἄλλου πρὸς ἡμᾶς αὐτοὺς ἀμφισβητῶμεν. </p>
			</div>
			<div type="section" n="12">
				<p>τί δʼ, ἂν ἄρα (δεῖ γὰρ ἅπαντα <del>ἡμᾶς</del> ἐξετάσαι) ἅτερος ἡμῶν πείσας τὸν
					ἕτερον, ἐὰν λάχῃ, παραδοῦναι αὑτῷ τὴν ἀρχήν, οὕτω κληρῶται, τὸ δυοῖν πινακίοιν
					τὸν ἕνα κληροῦσθαι τί ἄλλʼ ἐστίν; εἶτʼ ἐφʼ ᾧ θάνατον ζημίαν ὁ νόμος λέγει, τοῦθʼ
					ἡμῖν ἀδεῶς ἐξέσται πράττειν; <q>πάνυ γε· οὐ γὰρ ἂν αὐτὸ ποιήσαιμεν.</q> οἶδα
					κἀγώ, τὸ γοῦν κατʼ ἐμέ· ἀλλʼ οὐδʼ αἰτίαν τοιαύτης ζημίας ἐνίους ἔχειν καλόν,
					ἐξὸν μή. </p>
			</div>
			<div type="section" n="13">
				<p><milestone ed="P" unit="para"/>εἶεν. ἀλλὰ ταῦτα μὲν ἡ πόλις βλάπτεται· ἐγὼ δʼ
					ἰδίᾳ τί; θεάσασθʼ ἡλίκα, καὶ σκοπεῖτʼ ἄν τι δοκῶ λέγειν· πολὺ γὰρ χαλεπώτερα
					ταῦθʼ ὧν ἀκηκόατʼ ἐστίν. ὁρᾶτε μὲν γὰρ ἅπαντες αὐτὸν χρώμενον, ἕως μὲν ἔζη,
					Μενεκλεῖ καὶ τοῖς περὶ ἐκεῖνον ἀνθρώποις, νῦν δʼ ἑτέροις ἐκείνου βελτίοσιν
					οὐδέν, καὶ τὰ τοιαῦτʼ ἐζηλωκότα καὶ δεινὸν δοκεῖν εἶναι βουλόμενον· καὶ νὴ Δίʼ
					ἴσως ἔστιν. </p>
			</div>
			<div type="section" n="14">
				<p>ἂν οὖν προϊόντος τοῦ χρόνου τῶν αὐτῶν τι ποιεῖν τούτοις ἐπιχειρῇ (ἔστι δὲ ταῦτα
					γραφαί, φάσεις, ἐνδείξεις, ἀπαγωγαί), εἶτʼ ἐπὶ τούτων τινί (πολλὰ γάρ ἐστι
					τἀνθρώπινα, καὶ τοὺς πάνυ δεινοὺς ἑκάστοτε, ὅταν πλεονάζωσιν, ἐπίστασθʼ ὑμεῖς
					κοσμίους ποιεῖν) ὄφλῃ τῷ δημοσίῳ, τί μᾶλλον οὗτος ἐγγεγραμμένος ἔσται ἐμοῦ; </p>
			</div>
			<div type="section" n="15">
				<p>ὅτι νὴ Δίʼ εἴσονται πάντες πότερός ποτʼ ὦφλεν. καλῶς. ἂν δέ, ὃ τυχὸν γένοιτʼ ἄν,
					χρόνος διέλθῃ καὶ μὴ ἐκτεισθῇ τὸ ὄφλημα, τί μᾶλλον οἱ τούτου παῖδες ἔσονται τῶν
					ἐμῶν ἐγγεγραμμένοι, ὅταν τοὔνομα καὶ ὁ πατὴρ καὶ ἡ φυλὴ καὶ πάντʼ ᾖ ταὐτά; τί
					δʼ, εἴ τις δίκην ἐξούλης αὐτῷ λαχὼν μηδὲν ἐμοὶ φαίη πρὸς αὑτὸν εἶναι, κυρίαν δὲ
					ποιησάμενος ἐγγράψαι, τί μᾶλλον ἂν εἴη τοῦτον ἢ ἔμʼ ἐγγεγραφώς; τί δʼ, εἴ τινας
					εἰσφορὰς μὴ θείη; </p>
			</div>
			<div type="section" n="16">
				<p>τί δʼ, εἴ τις ἄλλη περὶ τοὔνομα γίγνοιτʼ ἢ λῆξις δίκης ἢ δόξʼ ὅλως ἀηδής; τίς
					εἴσεται τῶν πολλῶν πότερός ποθʼ οὗτός ἐστιν, δυοῖν Μαντιθέοιν ταὐτοῦ πατρὸς
					ὄντοιν; φέρε, εἰ δὲ δίκην ἀστρατείας φεύγοι, χορεύοι δʼ ὅταν στρατεύεσθαι δέῃ;
					καὶ γὰρ νῦν, ὅτʼ εἰς Ταμύνας παρῆλθον οἱ ἄλλοι, ἐνθάδε τοὺς Χοᾶς ἄγων ἀπελείφθη
					καὶ τοῖς Διονυσίοις καταμείνας ἐχόρευεν, ὡς ἅπαντες ἑωρᾶθʼ οἱ ἐπιδημοῦντες. </p>
			</div>
			<div type="section" n="17">
				<p>ἀπελθόντων δʼ ἐξ Εὐβοίας τῶν στρατιωτῶν λιποταξίου προσεκλήθη, κἀγὼ ταξιαρχῶν τῆς
					φυλῆς ἠναγκαζόμην κατὰ τοὐνόματος τοῦ ἐμαυτοῦ πατρόθεν δέχεσθαι τὴν λῆξιν· καὶ
					εἰ μισθὸς ἐπορίσθη τοῖς δικαστηρίοις, εἰσῆγον ἂν δῆλον ὅτι. ταῦτα δʼ εἰ μὴ
					σεσημασμένων ἤδη συνέβη τῶν ἐχίνων, κἂν μάρτυρας ὑμῖν παρεσχόμην. </p>
			</div>
			<div type="section" n="18">
				<p>εἶεν. εἰ δὲ ξενίας προσκληθείη; πολλοῖς δὲ προσκρούει, καὶ ὃν ἠναγκάσθη τρόπον ὁ
					πατὴρ ποιήσασθαι αὐτόν, οὐ λέληθεν. ὑμεῖς δʼ, ὅτε μὲν τοῦτον οὐκ ἐποιεῖθʼ ὁ
					πατήρ, τὴν μητέρʼ ἀληθῆ λέγειν ἡγεῖσθʼ αὐτοῦ· ἐπειδὰν δʼ οὕτως γεγονὼς οὗτος
					ὀχληρὸς ᾖ, πάλιν ὑμῖν ποτὲ δόξει ʼκεῖνος ἀληθῆ λέγειν. τί δʼ, εἰ ψευδομαρτυρίων
					ἁλώσεσθαι προσδοκῶν ἐφʼ οἷς ἐρανίζει τούτοις τοῖς περὶ αὑτόν, ἐρήμην ἐάσειεν
					τελεσθῆναι τὴν δίκην; ἆρά γε μικρὰν ἡγεῖσθε βλάβην, ὦ ἄνδρες Ἀθηναῖοι, ἐν
					κοινωνίᾳ τὸν ἅπαντα βίον τῆς τούτου δόξης καὶ τῶν ἔργων εἶναι; </p>
			</div>
			<div type="section" n="19">
				<p><milestone ed="P" unit="para"/>ὅτι τοίνυν οὐδʼ ἃ διεξελήλυθʼ ὑμῖν μάτην φοβοῦμαι,
					θεωρήσατε. οὗτος γὰρ ἤδη καὶ γραφάς τινας, ὦ ἄνδρες Ἀθηναῖοι, πέφευγεν, ἐφʼ αἷς
					οὐδὲν αἴτιος ὢν ἐγὼ συνδιαβάλλομαι, καὶ τῆς ἀρχῆς ἠμφεσβήτει, ἣν ὑμεῖς ἔμʼ
					ἐχειροτονήσατε, καὶ πολλὰ καὶ δυσχερῆ διὰ τοὔνομα συμβέβηκεν ἡμῖν, ὧν, ἵνʼ
					εἰδῆτε, ἑκάστων μάρτυρας ὑμῖν παρέξομαι.<quote n="*ma/rtures"
							><title>Μάρτυρες</title></quote>
				</p>
			</div>
			<div type="section" n="20">
				<p>ὁρᾶτʼ, ὦ ἄνδρες Ἀθηναῖοι, τὰ συμβαίνοντα, καὶ τὴν ἀηδίαν τὴν ἐκ τοῦ πράγματος. εἰ
					τοίνυν μηδὲν ἀηδὲς ἦν ἐκ τούτων, μηδʼ ὅλως ἀδύνατον ταὐτὸν ἔχειν ὄνομʼ ἡμῖν
					συνέβαινεν, οὐ δήπου τοῦτον μὲν δίκαιον τὸ μέρος τῶν <del>ἐμῶν</del> χρημάτων
					ἔχειν κατὰ τὴν ποίησιν, ἣν ὁ πατὴρ αὐτὸν ἀναγκασθεὶς ἐποιήσατο, ἐμὲ δʼ
					ἀφαιρεθῆναι τοὔνομα, ὃ βουλόμενος καὶ οὐδʼ ὑφʼ ἑνὸς βιασθεὶς ἔθετο. οὐκ ἔγωγʼ
					ἡγοῦμαι. ἵνα τοίνυν εἰδῆτε, ὅτι οὐ μόνον εἰς τοὺς φράτερας οὕτως, ὡς
					μεμαρτύρηται, ὁ πατὴρ τὴν ἐγγραφὴν ἐποιήσατο, ἀλλὰ καὶ τὴν δεκάτην ἐμοὶ ποιῶν
					τοὔνομα τοῦτʼ ἔθετο, λαβέ μοι καὶ ταύτην τὴν μαρτυρίαν.<quote n="*marturi/a"
							><title>Μαρτυρία</title></quote>
				</p>
			</div>
			<div type="section" n="21">
				<p>ἀκούετʼ, ἄνδρες Ἀθηναῖοι, ὅτι ἐγὼ μέν εἰμʼ ἐπὶ τοὐνόματος τούτου πάντα τὸν
					χρόνον, τουτονὶ δὲ Βοιωτὸν εἰς τοὺς φράτερας, ἡνίκʼ ἠναγκάσθη, ἐνέγραψεν ὁ
					πατήρ. ἡδέως τοίνυν ἐροίμην ἂν αὐτὸν ἐναντίον ὑμῶν· εἰ μὴ ἐτελεύτησεν ὁ πατήρ,
					τί ἄν ποτʼ ἐποίεις πρὸς τοῖς δημόταις; οὐκ ἂν εἴας σεαυτὸν ἐγγράφειν Βοιωτόν;
					ἀλλʼ ἄτοπον δίκην μὲν λαγχάνειν τούτου, κωλύειν δὲ πάλιν. καὶ μὴν εἴ γʼ εἴας
					αὐτόν, ἐνέγραψεν ἄν σʼ εἰς τοὺς δημότας, ὅπερ εἰς τοὺς φράτερας. οὐκοῦν δεινόν,
					ὦ γῆ καὶ θεοί, φάσκειν μὲν ἐκεῖνον αὑτοῦ πατέρʼ εἶναι, τολμᾶν δʼ ἄκυρα ποιεῖν
					ἁκεῖνος ἔπραξεν ζῶν. </p>
			</div>
			<div type="section" n="22">
				<p>ἐτόλμα τοίνυν πρὸς τῷ διαιτητῇ πρᾶγμʼ ἀναιδέστατον λέγειν, ὡς ὁ πατὴρ αὑτοῦ
					δεκάτην ἐποίησεν ὥσπερ ἐμοῦ καὶ τοὔνομα τοῦτʼ ἔθετʼ αὐτῷ, καὶ μάρτυράς τινας
					παρείχετο, οἷς ἐκεῖνος οὐδεπώποτʼ ὤφθη χρώμενος. ἐγὼ δʼ οὐδένʼ ὑμῶν ἀγνοεῖν
					οἴομαι, ὅτι οὔτʼ ἂν ἐποίησε δεκάτην οὐδεὶς παιδίου μὴ νομίζων αὑτοῦ δικαίως
					εἶναι, οὔτε ποιήσας καὶ στέρξας, ὡς ἂν υἱόν τις στέρξαι, πάλιν ἔξαρνος ἐτόλμησε
					γενέσθαι. </p>
			</div>
			<div type="section" n="23">
				<p>οὐδὲ γὰρ εἴ τι τῇ μητρὶ πρὸς ὀργὴν ἦλθεν τῇ τούτων, τούτους ἂν ἐμίσει, νομίζων
					αὑτοῦ εἶναι· πολὺ γὰρ μᾶλλον εἰώθασιν, ὧν ἂν ἑαυτοῖς διενεχθῶσιν ἀνὴρ καὶ γυνή,
					διὰ τοὺς παῖδας καταλλάττεσθαι ἢ διʼ ἃν ἀδικηθῶσιν ὑφʼ αὑτῶν, τοὺς κοινοὺς
					παῖδας πρὸς μισεῖν. οὐ τοίνυν ἐκ τούτων ἔστιν ἰδεῖν μόνον ὅτι ψεύσεται, ταῦτʼ ἂν
					λέγῃ, ἀλλὰ πρὶν ἡμέτερος φάσκειν συγγενὴς εἶναι, εἰς Ἱπποθωντίδʼ ἐφοίτα φυλὴν
					εἰς παῖδας χορεύσων. </p>
			</div>
			<div type="section" n="24">
				<p>καίτοι τίς ἂν ὑμῶν οἴεται τὴν μητέρα πέμψαι τοῦτον εἰς ταύτην τὴν φυλήν, δεινὰ
					μέν, ὥς φησιν, ὑπὸ τοῦ πατρὸς πεπονθυῖαν, δεκάτην δʼ εἰδυῖαν πεποιηκότʼ ἐκεῖνον
					καὶ πάλιν ἔξαρνον ὄντα; ἐγὼ μὲν οὐδένʼ ἂν οἶμαι. εἰς γὰρ τὴν Ἀκαμαντίδʼ ὁμοίως
					ἐξῆν σοι φοιτᾶν, καὶ ἐφαίνετʼ ἂν οὖσʼ ἀκόλουθος ἡ φυλὴ τῇ θέσει τοὐνόματος. ὡς
					τοίνυν ταῦτʼ ἀληθῆ λέγω, τούτων μάρτυρας ὑμῖν τοὺς συμφοιτῶντας καὶ τοὺς εἰδότας
						παρέξομαι.<quote n="*ma/rtures"><title>Μάρτυρες</title></quote>
				</p>
			</div>
			<div type="section" n="25">
				<p>οὕτω τοίνυν φανερῶς παρὰ τὸν τῆς αὑτοῦ μητρὸς ὅρκον καὶ τὴν τοῦ δόντος ἐκείνῃ τὸν
					ὅρκον εὐήθειαν πατρὸς τετυχηκὼς καὶ ἀνθʼ Ἱπποθωντίδος ἐν Ἀκαμαντίδι φυλῇ
					γεγονώς, οὐκ ἀγαπᾷ Βοιωτὸς οὑτοσί, ἀλλὰ καὶ δίκας ἐμοὶ δύʼ ἢ τρεῖς εἴληχεν
					ἀργυρίου πρὸς αἷς καὶ πρότερόν μʼ ἐσυκοφάντει. καίτοι πάντας οἶμαι τοῦθʼ ὑμᾶς
					εἰδέναι, τίς ἦν χρηματιστὴς ὁ πατήρ. </p>
			</div>
			<div type="section" n="26">
				<p>ἐγὼ δʼ ἐάσω ταῦτα. ἀλλʼ εἰ δίκαιʼ ὀμώμοκεν ἡ μήτηρ ἡ τούτων, ἐπʼ αὐτοφώρῳ
					συκοφάντην ἐπιδεικνύει τοῦτον ταῖς δίκαις ταύταις. εἰ γὰρ οὕτω δαπανηρὸς ἦν,
					ὥστε γάμῳ γεγαμηκὼς τὴν ἐμὴν μητέρα, ἑτέραν εἶχε γυναῖκα, ἧς ὑμεῖς ἐστέ, καὶ δύʼ
					οἰκίας ᾤκει, πῶς ἂν ἀργύριον τοιοῦτος ὢν κατέλιπεν; </p>
			</div>
			<div type="section" n="27">
				<p>οὐκ ἀγνοῶ τοίνυν, ὦ ἄνδρες Ἀθηναῖοι, ὅτι Βοιωτὸς οὑτοσὶ δίκαιον μὲν οὐδὲν ἕξει
					λέγειν, ἥξει δʼ ἐπὶ ταῦθʼ ἅπερ ἀεὶ λέγει, ὡς ἐπηρέαζεν ὁ πατὴρ αὐτῷ πειθόμενος
					ὑπʼ ἐμοῦ, ἀξιοῖ δʼ αὐτὸς ὡς δὴ πρεσβύτερος ὢν τοὔνομʼ ἔχειν τὸ τοῦ πρὸς πατρὸς
					πάππου. πρὸς δὴ ταῦτʼ ἀκοῦσαι βέλτιον ὑμᾶς βραχέα. ἐγὼ γὰρ οἶδα τοῦτον, ὅτʼ οὔπω
					συγγενὴς ἦν ἐμοί, ὁρῶν ὥσπερ ἂν ἄλλον τινʼ οὑτωσί, νεώτερον ὄντʼ ἐμοῦ καὶ συχνῷ,
					ὅσʼ ἐξ ὄψεως, οὐ μὴν ἰσχυρίζομαι τούτῳ (καὶ γὰρ εὔηθες)· </p>
			</div>
			<div type="section" n="28">
				<p>ἀλλʼ εἴ τις ἔροιτο Βοιωτὸν τουτονί, ὅτʼ ἐν Ἱπποθωντίδι φυλῇ ἠξίους χορεύειν, οὔπω
					τοῦ πατρὸς εἶναι φάσκων τοῦ ἐμοῦ υἱός, τί σαυτὸν ἔχειν δικαίως ἂν θείης ὄνομα;
					εἰ γὰρ Μαντίθεον, οὐκ ἂν διὰ τοῦτό γε φαίης ὅτι πρεσβύτερος εἶ ἐμοῦ. ὃς γὰρ οὐδὲ
					τῆς φυλῆς τότε σοι προσήκειν ἡγοῦ τῆς ἐμῆς, πῶς ἂν τοῦ γε πάππου τοῦ ἐμοῦ
					ἠμφεσβήτεις; </p>
			</div>
			<div type="section" n="29">
				<p>ἔτι δʼ, ὦ ἄνδρες Ἀθηναῖοι, τὸν μὲν τῶν ἐτῶν χρόνον οὐδεὶς οἶδεν ὑμῶν (ἐγὼ μὲν γὰρ
					ἐμοὶ πλείονα, οὗτος δʼ ἑαυτῷ φήσει), τὸν δὲ τοῦ δικαίου λόγον ἅπαντες ἐπίστασθε.
					ἔστι δʼ οὗτος τίς; ἀφʼ οὗ παῖδας ἐποιήσατο τούτους ὁ πατήρ, ἀπὸ τούτου καὶ
					νομίζεσθαι. πρότερον τοίνυν ἔμʼ εἰς τοὺς δημότας ἐνέγραψε Μαντίθεον, πρὶν
					εἰσαγαγεῖν τοῦτον εἰς τοὺς φράτερας. ὥστʼ οὐ τῷ χρόνῳ μόνον, ἀλλὰ καὶ τῷ δικαίῳ
					πρεσβεῖον ἔχοιμʼ ἂν ἐγὼ τοὔνομα τοῦτʼ εἰκότως. </p>
			</div>
			<div type="section" n="30">
				<p>εἶεν. εἰ δέ τίς σʼ ἔροιτο, <q>εἰπέ μοι, Βοιωτέ, πόθεν νῦν Ἀκαμαντίδος φυλῆς
						γέγονας καὶ τῶν δήμων Θορίκιος καὶ υἱὸς Μαντίου, καὶ τὸ μέρος τῶν ὑπʼ
						ἐκείνου καταλειφθέντων ἔχεις;</q> οὐδὲν ἂν ἄλλʼ ἔχοις εἰπεῖν, πλὴν ὅτι κἀμὲ
					ζῶν ἐποιήσατο Μαντίας. τί τεκμήριον, εἴ τίς σʼ ἔροιτο, ἢ μαρτύριόν ἐστί σοι
					τούτου; εἰς τοὺς φράτεράς μʼ εἰσήγαγε, φήσειας ἄν. τί οὖν σʼ ἐνέγραψεν ὄνομα, εἴ
					τις ἔροιτο, Βοιωτὸν ἂν εἴποις· τοῦτο γὰρ εἰσήχθης. </p>
			</div>
			<div type="section" n="31">
				<p>οὐκοῦν δεινὸν εἰ τῆς μὲν πόλεως καὶ τῶν ὑπʼ ἐκείνου καταλειφθέντων διὰ τοὔνομα
					τοῦτο μέτεστί σοι, τοῦτο δʼ ἀξιοῖς ἀφεὶς ἕτερον μεταθέσθαι σαυτῷ. φέρʼ, εἴ σʼ ὁ
					πατὴρ ἀξιώσειεν ἀναστάς, ἢ μένειν ἐφʼ οὗ σʼ αὐτὸς ἐποιήσατʼ ὀνόματος, ἢ πατέρʼ
					ἄλλον σαυτοῦ φάσκειν εἶναι, ἆρʼ οὐκ ἂν μέτριʼ ἀξιοῦν δοκοίη; ταὐτὰ τοίνυν ταῦτʼ
					ἐγώ σʼ ἀξιῶ, ἢ πατρὸς ἄλλου σεαυτὸν παραγράφειν, ἢ τοὔνομʼ ἔχειν ὃ ʼκεῖνος ἔδωκέ
					σοι. </p>
			</div>
			<div type="section" n="32">
				<p>νὴ Δίʼ, ἀλλʼ ὕβρει καὶ ἐπηρείᾳ τινὶ τοῦτʼ ἐτέθη σοι. ἀλλὰ πολλάκις μέν, ὅτʼ οὐκ
					ἐποιεῖθʼ ὁ πατὴρ τούτους, ἔλεγον οὗτοι ὡς οὐδὲν χείρους εἰσὶν οἱ τῆς μητρὸς τῆς
					τούτου συγγενεῖς τῶν τοῦ πατρὸς τοῦ ἐμοῦ. ἔστι δʼ ὁ Βοιωτὸς ἀδελφοῦ τῆς τούτου
					μητρὸς ὄνομα. ἐπειδὴ δʼ εἰσάγειν ὁ πατὴρ τούτους ἠναγκάζετο, ἐμοῦ προεισηγμένου
					Μαντιθέου, οὕτω τοῦτον εἰσάγει Βοιωτόν, τὸν ἀδελφὸν δʼ αὐτοῦ Πάμφιλον. ἐπεὶ σὺ
					δεῖξον, ὅστις Ἀθηναίων ταὐτὸν ὄνομα τοῖς αὑτοῦ παισὶν ἔθετο δυοῖν· κἂν δείξῃς,
					ἐγὼ συγχωρήσω διʼ ἐπήρειάν σοι τοῦτο τοὔνομα θέσθαι τὸν πατέρα. </p>
			</div>
			<div type="section" n="33">
				<p>καίτοι εἴ γε τοιοῦτος ἦσθα, ὥστε ποιήσασθαι μὲν σαυτὸν ἀναγκάσαι, ἐξ ὅτου δʼ
					ἀρέσεις ἐκείνῳ τρόπου μὴ σκοπεῖν, οὐκ ἦσθʼ οἷον δεῖ τὸν προσήκοντʼ εἶναι περὶ
					τοὺς γονέας, οὐκ ὢν δʼ οὐκ ἐπηρεάζου δικαίως ἄν, ἀλλʼ ἀπωλώλεις. ἢ δεινόν γʼ ἂν
					εἴη, εἰ κατὰ μὲν τῶν ὑπὸ τοῦ πατρὸς αὐτοῦ νομιζομένων παίδων οἱ περὶ τῶν γονέων
					ἰσχύσουσιν νόμοι, κατὰ δὲ τῶν αὑτοὺς εἰσβιαζομένων ἄκοντας ποιεῖσθαι ἄκυροι
					γενήσονται. </p>
			</div>
			<div type="section" n="34">
				<p>ἀλλʼ, ὦ χαλεπώτατε Βοιωτέ, μάλιστα μὲν ὧν πράττεις πάντων παῦσαι, εἰ δʼ ἄρα μὴ
					βούλει, ἐκεῖνό γε πρὸς Διὸς πείθου· παῦσαι μὲν σαυτῷ παρέχων πράγματα, παῦσαι δʼ
					ἐμὲ συκοφαντῶν, ἀγάπα δʼ ὅτι σοι πόλις, οὐσία, πατὴρ γέγονεν. οὐδεὶς ἀπελαύνει
					σʼ ἀπὸ τούτων, οὔκουν ἔγωγε. ἀλλʼ ἂν μέν, ὥσπερ εἶναι φὴς ἀδελφός, καὶ τὰ ἔργʼ
					ἀδελφοῦ ποιῇς, δόξεις εἶναι συγγενής, ἂν δʼ ἐπιβουλεύῃς, δικάζῃ, φθονῇς,
					βλασφημῇς, δόξεις εἰς ἀλλότριʼ ἐμπεσὼν ὡς οὐ προσήκουσιν οὕτω χρῆσθαι. </p>
			</div>
			<div type="section" n="35">
				<p>ἐπεὶ ἔγωγʼ οὐδʼ εἰ τὰ μάλισθʼ ὁ πατὴρ ὄντα σʼ ἑαυτοῦ μὴ ἐποιεῖτʼ ἀδικῶ. οὐ γὰρ
					ἐμοὶ προσῆκεν εἰδέναι, τίνες εἰσὶν υἱεῖς ἐκείνου, ἀλλʼ ἐκείνῳ δεῖξαι, τίνʼ ἐμοὶ
					νομιστέον ἔστʼ ἀδελφόν. ὃν μὲν τοίνυν οὐκ ἐποιεῖτό σε χρόνον, οὐδʼ ἐγὼ
					προσήκονθʼ ἡγούμην, ἐπειδὴ δʼ ἐποιήσατο, κἀγὼ νομίζω. τί τούτου σημεῖον; τῶν
					πατρῴων ἔχεις τὸ μέρος μετὰ τὴν τοῦ πατρὸς τελευτήν· ἱερῶν, ὁσίων μετέχεις·
					ἀπάγει σʼ οὐδεὶς ἀπὸ τούτων. τί βούλει; ἂν δὲ φῇ δεινὰ πάσχειν καὶ κλάῃ καὶ
					ὀδύρηται καὶ κατηγορῇ ἐμοῦ, ἃ μὲν ἂν λέγῃ, μὴ πιστεύετε (οὐ γὰρ δίκαιον μὴ περὶ
					τούτων ὄντος τοῦ λόγου νυνί), ἐκεῖνο δʼ ὑπολαμβάνετε, ὅτι οὐδὲν ἔστʼ αὐτῷ ἧττον
					δίκην λαμβάνειν Βοιωτῷ κληθέντι. </p>
			</div>
			<div type="section" n="36">
				<p>τί οὖν φιλονικεῖς; μηδαμῶς· μὴ ἔχʼ οὕτω πρὸς ἡμᾶς ἐθελέχθρως· οὐδὲ γὰρ ἐγὼ πρὸς
					σέ, ἐπεὶ καὶ νῦν, ἵνα μηδὲ τοῦτο λάθῃ σε, ὑπὲρ σοῦ λέγω μᾶλλον, ἀξιῶν μὴ ταὐτὸν
					ἔχειν ὄνομʼ ἡμᾶς. εἰ γὰρ μηδὲν ἄλλο, ἀνάγκη τὸν ἀκούσαντʼ ἐρέσθαι πότερος, δύʼ
					ἂν ὦσιν Μαντίθεοι Μαντίου. οὐκοῦν, ὃν ἠναγκάσθη ποιήσασθαι, σὲ ἂν λέγῃ, ἐρεῖ. τί
					οὖν ἐπιθυμεῖς τούτων; ἀνάγνωθι δέ μοι λαβὼν δύο ταυτασὶ μαρτυρίας, ὡς ἐμοὶ
					Μαντίθεον καὶ τούτῳ Βοιωτὸν ὁ πατὴρ ὄνομʼ ἔθετο.<quote n="*marturi/ai"
							><title>Μαρτυρίαι</title></quote>
				</p>
			</div>
			<div type="section" n="37">
				<p>λοιπὸν ἡγοῦμαι τοῦθʼ ὑμῖν ἐπιδεῖξαι, ὦ ἄνδρες Ἀθηναῖοι, ὡς οὐ μόνον εὐορκήσετε,
					ἂν ἁγὼ λέγω ψηφίσησθε, ἀλλὰ καὶ ὡς οὗτος <del>αὐτὸς</del> αὑτοῦ κατέγνω Βοιωτόν,
					ἀλλʼ οὐ Μαντίθεον ὄνομα δικαίως ἂν ἔχειν. λαχόντος γὰρ ἐμοῦ τὴν δίκην ταύτην
					Βοιωτῷ Μαντίου Θορικίῳ, ἐξ ἀρχῆς τʼ ἠντεδίκει καὶ ὑπώμνυθʼ ὡς ὢν Βοιωτός, καὶ τὸ
					τελευταῖον, ἐπεὶ οὐκέτʼ ἐνῆν αὐτῷ διακρούσασθαι, ἐρήμην ἐάσας καταδιαιτῆσαι,
					σκέψασθε πρὸς θεῶν τί ἐποίησεν· </p>
			</div>
			<div type="section" n="38">
				<p>ἀντιλαγχάνει μοι τὴν μὴ οὖσαν Βοιωτὸν αὑτὸν προσαγορεύσας. καίτοι ἐξ ἀρχῆς τʼ
					ἔδει ἐᾶν αὐτὸν τελέσασθαι τὴν δίκην κατὰ Βοιωτοῦ, εἴπερ μηδὲν προσῆκεν αὐτῷ
					τοὐνόματος, ὕστερόν τε μὴ αὐτὸν φαίνεσθαι ἐπὶ τῷ ὀνόματι τούτῳ ἀντιλαγχάνοντα
					τὴν μὴ οὖσαν. ὃς οὖν αὐτὸς αὑτοῦ κατέγνω δικαίως <add>ἂν</add> εἶναι Βοιωτός, τί
					ὑμᾶς ἀξιώσει τοὺς ὀμωμοκότας ψηφίζεσθαι; ὡς δὲ ταῦτʼ ἀληθῆ λέγω, λαβέ μοι τὴν
					ἀντίληξιν καὶ τὸ ἔγκλημα τουτί.<quote n="*)anti/lhcis"
						><title>Ἀντίληξις</title></quote><quote n="*)/egklhma"
							><title>Ἔγκλημα</title></quote>
				</p>
			</div>
			<div type="section" n="39">
				<p>εἰ μὲν τοίνυν οὗτος ἔχει δεῖξαι νόμον ὃς ποιεῖ κυρίους εἶναι τοὺς παῖδας τοῦ
					ἑαυτῶν ὀνόματος, ἃ λέγει νῦν οὗτος ὀρθῶς ἂν ψηφίζοισθε. εἰ δʼ ὁ μὲν νόμος, ὃν
					πάντες ἐπίστασθʼ ὁμοίως ἐμοί, τοὺς γονέας ποιεῖ κυρίους οὐ μόνον θέσθαι τοὔνομʼ
					ἐξ ἀρχῆς, ἀλλὰ κἂν πάλιν ἐξαλεῖψαι βούλωνται καὶ ἀποκηρῦξαι, ἐπέδειξα δʼ ἐγὼ τὸν
					πατέρα, ὃς κύριος ἦν ἐκ τοῦ νόμου, τούτῳ μὲν Βοιωτόν, ἐμοὶ δὲ Μαντίθεον θέμενον,
					πῶς ὑμῖν ἔστιν ἄλλο τι πλὴν ἁγὼ λέγω ψηφίσασθαι; </p>
			</div>
			<div type="section" n="40">
				<p>ἀλλὰ μὴν ὧν γʼ ἂν μὴ ὦσι νόμοι, γνώμῃ τῇ δικαιοτάτῃ δικάσειν ὀμωμόκατε, ὥστʼ εἰ
					μηδεὶς ἦν περὶ τούτων κείμενος νόμος, κἂν οὕτω δικαίως πρὸς ἐμοῦ τὴν ψῆφον
					ἔθεσθε. τίς γάρ ἐστιν ὑμῶν ὅστις ταὐτὸν ὄνομα τοῖς αὑτοῦ παισὶν τέθειται δυοῖν;
					τίς δʼ, ᾧ μήπω παῖδες εἰσί, θήσεται; </p>
			</div>
			<div type="section" n="41">
				<p>οὐδεὶς δήπου. οὐκοῦν ὃ δίκαιον τῇ γνώμῃ τοῖς ὑμετέροις αὐτῶν παισὶν ὑπειλήφατε,
					τοῦτο καὶ περὶ ἡμῶν εὐσεβὲς γνῶναι. ὥστε καὶ κατὰ τὴν δικαιοτάτην γνώμην καὶ
					κατὰ τοὺς νόμους καὶ κατὰ τοὺς ὅρκους καὶ κατὰ τὴν τούτου προσομολογίαν ἐγὼ μὲν
					μέτριʼ ὑμῶν, ὦ ἄνδρες Ἀθηναῖοι, δέομαι καὶ δίκαιʼ ἀξιῶ, οὗτος δʼ οὐ μόνον οὐ
					μέτρια, ἀλλʼ οὐδʼ εἰωθότα γίγνεσθαι.</p>
			</div>

		</body>
	</text>
</TEI>
