<?xml version="1.0" encoding="UTF-8"?>
<TEI xmlns="http://www.tei-c.org/ns/1.0">
	<teiHeader>

		<fileDesc>

			<titleStmt>
				<title>Against Phormio </title>
				<author>Demosthenes</author>
				<sponsor>Perseus Project, Tufts University</sponsor>
				<principal>Gregory Crane</principal>
				<respStmt>
					<resp>Prepared under the supervision of</resp>
					<name>Lisa Cerrato</name>
					<name>William Merrill</name>
					<name>Elli Mylonas</name>
					<name>David Smith</name>
				</respStmt>
				<funder n="org:AnnCPB">The Annenberg CPB/Project</funder>

			</titleStmt>
			<publicationStmt>
				<publisher>Trustees of Tufts University</publisher>
				<pubPlace>Medford, MA</pubPlace>
				<authority>Perseus Project</authority>
			</publicationStmt>





			<sourceDesc>
				<biblStruct>
					<monogr>
						<author>Demosthenes</author>
						<title>Demosthenis.Orationes. ed. W. Rennie</title>

						<imprint>
							<publisher>Oxonii. E Typographeo Clarendoniano</publisher>
							<date>1921</date>
						</imprint>
					</monogr>
				</biblStruct>
			</sourceDesc>


		</fileDesc>

		<encodingDesc>

			<refsDecl>
				<refState unit="speech"/>
				<refState unit="section"/>
			</refsDecl>
		</encodingDesc>

		<profileDesc>
			<langUsage>
				<language ident="greek">Greek </language>
				<language ident="en">English </language>
			</langUsage>
		</profileDesc>
	</teiHeader>
	<text xml:lang="grc">
		<body>
			<div type="section" n="1">
				<p>δίκαια ὑμῶν δεησόμεθα, ὦ ἄνδρες δικασταί, ἀκοῦσαι ἡμῶν μετʼ εὐνοίας ἐν τῷ μέρει
					λεγόντων, γνόντας ὅτι ἰδιῶται παντελῶς ἐσμέν, καὶ πολὺν χρόνον εἰς τὸ ὑμέτερον
					ἐμπόριον εἰσαφικνούμενοι καὶ συμβόλαια πολλοῖς συμβάλλοντες οὐδεμίαν πώποτε
					δίκην πρὸς ὑμᾶς εἰσήλθομεν, οὔτʼ ἐγκαλοῦντες οὔτʼ ἐγκαλούμενοι ὑφʼ ἑτέρων. </p>
			</div>
			<div type="section" n="2">
				<p>οὐδʼ ἂν νῦν, ἀκριβῶς ἴστε, ὦ ἄνδρες Ἀθηναῖοι, εἰ ὑπελαμβάνομεν ἀπολωλέναι τὰ
					χρήματα ἐπὶ τῆς νεὼς τῆς διαφθαρείσης, ἃ ἐδανείσαμεν Φορμίωνι, οὐκ ἄν ποτʼ
					ἐλάχομεν τὴν δίκην αὐτῷ· οὐχ οὕτως ἡμεῖς ἀναίσχυντοί ἐσμεν οὐδʼ ἄπειροι τοῦ
					ζημιοῦσθαι. πολλῶν δʼ ἡμᾶς κακιζόντων, καὶ μάλιστα τῶν ἐν Βοσπόρῳ ἐπιδημησάντων
					ἅμα Φορμίωνι, οἵπερ τοῦτον ᾔδεσαν οὐ συναπολέσαντα τὰ χρήματα ἐν τῇ νηί, δεινὸν
					ἡγούμεθα εἶναι τὸ μὴ βοηθῆσαι ἡμῖν αὐτοῖς ἀδικουμένοις ὑπὸ τούτου. </p>
			</div>
			<div type="section" n="3">
				<p>περὶ μὲν οὖν τῆς παραγραφῆς βραχύς ἐστιν ὁ λόγος· καὶ γὰρ οὗτοι οὐ τὸ παράπαν
					συμβόλαιον ἐξαρνοῦνται μὴ γενέσθαι ἐν τῷ ἐμπορίῳ τῷ ὑμετέρῳ, ἀλλʼ οὐκέτι εἶναί
					φασι πρὸς αὑτοὺς οὐδὲν συμβόλαιον· πεποιηκέναι γὰρ οὐδὲν ἔξω τῶν ἐν τῇ συγγραφῇ
					γεγραμμένων. </p>
			</div>
			<div type="section" n="4">
				<p>οἱ μὲν οὖν νόμοι, καθʼ οὓς ὑμεῖς δικασταὶ κάθησθε, οὐχ οὕτως λέγουσιν, ἀλλʼ ὑπὲρ
					μὲν τῶν μὴ γενομένων ὅλως συμβολαίων Ἀθήνησι μηδʼ εἰς τὸ Ἀθηναίων ἐμπόριον
					παραγράφεσθαι δεδώκασιν, ἐὰν δέ τις γενέσθαι μὲν ὁμολογῇ, ἀμφισβητῇ δὲ ὡς πάντα
					πεποίηκεν τὰ συγκείμενα, ἀπολογεῖσθαι κελεύουσιν εὐθυδικίαν εἰσιόντα, οὐ
					κατηγορεῖν τοῦ διώκοντος. οὐ μὴν ἀλλʼ ἔγωγε ἐλπίζω καὶ ἐξ αὐτοῦ τοῦ πράγματος
					δείξειν εἰσαγώγιμον τὴν δίκην οὖσαν. </p>
			</div>
			<div type="section" n="5">
				<p>σκέψασθε δέ, ὦ ἄνδρες Ἀθηναῖοι, ὅ τι ὁμολογεῖται παρʼ αὐτῶν τούτων καὶ τί
					ἀντιλέγεται· οὕτω γὰρ ἂν ἄριστα ἐξετάσαιτε. οὐκοῦν δανείσασθαι μὲν τὰ χρήματα
					ὁμολογοῦσι καὶ συνθήκας ποιήσασθαι τοῦ δανείσματος, φασὶν δʼ ἀποδεδωκέναι τὸ
					χρυσίον Λάμπιδι τῷ Δίωνος οἰκέτῃ ἐν Βοσπόρῳ. ἡμεῖς τοίνυν οὐ μόνον τοῦτο
					δείξομεν, ὡς οὐκ ἀπέδωκεν, ἀλλʼ ὡς οὐδʼ ἐνῆν αὐτῷ ἀποδοῦναι. ἀναγκαῖον δʼ ἐστὶν
					βραχέα τῶν ἐξ ἀρχῆς διηγήσασθαι ὑμῖν. </p>
			</div>
			<div type="section" n="6">
				<p>ἐγὼ γάρ, ὦ ἄνδρες Ἀθηναῖοι, ἐδάνεισα Φορμίωνι τουτῳὶ εἴκοσι μνᾶς ἀμφοτερόπλουν
					εἰς τὸν Πόντον ἐπὶ ἑτέρᾳ ὑποθήκῃ, καὶ συγγραφὴν ἐθέμην παρὰ Κίττῳ τῷ τραπεζίτῃ.
					κελευούσης δὲ τῆς συγγραφῆς ἐνθέσθαι εἰς τὴν ναῦν τετρακισχιλίων φορτία ἄξια,
					πρᾶγμα ποιεῖ πάντων δεινότατον· εὐθὺς γὰρ ἐν τῷ Πειραιεῖ ἐπιδανείζεται λάθρᾳ
					ἡμῶν παρὰ μὲν Θεοδώρου τοῦ Φοίνικος τετρακισχιλίας πεντακοσίας δραχμάς, παρὰ δὲ
					τοῦ ναυκλήρου Λάμπιδος χιλίας δραχμάς. </p>
			</div>
			<div type="section" n="7">
				<p>δέον δʼ αὐτὸν καταγοράσαι φορτία Ἀθήνηθεν μνῶν ἑκατὸν δέκα πέντε, εἰ ἔμελλεν τοῖς
					δανεισταῖς πᾶσι ποιήσειν τὰ ἐν ταῖς συγγραφαῖς γεγραμμένα, οὐ κατηγόρασεν ἀλλʼ ἢ
					πεντακισχιλίων καὶ πεντακοσίων δραχμῶν, σὺν τῷ ἐπισιτισμῷ· ὀφείλει δὲ
					ἑβδομήκοντα μνᾶς καὶ πέντε. ἀρχὴ μὲν οὖν αὕτη ἐγένετο τοῦ ἀδικήματος, ὦ ἄνδρες
					Ἀθηναῖοι· οὔτε γὰρ τὴν ὑποθήκην παρέσχεν οὔτε τὰ χρήματʼ ἐνέθετʼ εἰς τὴν ναῦν,
					κελευούσης τῆς συγγραφῆς ἐπάναγκες ἐντίθεσθαι. καί μοι λαβὲ τὴν συγγραφήν.<quote
						type="*suggrafh/"><title>Συγγραφή</title></quote>λαβὲ δὴ καὶ τὴν τῶν
					πεντηκοστολόγων ἀπογραφὴν καὶ τὰς
						μαρτυρίας.<quote><title>Ἀπογραφή</title></quote><quote type="*marturi/ai"
							><title>Μαρτυρίαι</title></quote>
				</p>
			</div>
			<div type="section" n="8">
				<p>ἐλθὼν τοίνυν εἰς τὸν Βόσπορον, ἔχων ἐπιστολὰς παρʼ ἐμοῦ, ἃς ἔδωκʼ αὐτῷ ἀπενεγκεῖν
					τῷ παιδὶ τῷ ἐμῷ παραχειμάζοντι ἐκεῖ καὶ κοινωνῷ τινί, γράψας ἐν τῇ ἐπιστολῇ τό
					τε ἀργύριον ὃ ἐδεδανείκειν καὶ τὴν ὑποθήκην, καὶ προστάξας, ἐπειδὰν τάχιστα
					ἐξαιρεθῇ τὰ χρήματα, ἐξετάζειν καὶ παρακολουθεῖν, τὰς μὲν ἐπιστολὰς οὐκ
					ἀποδίδωσιν οὗτος ἃς ἔλαβεν παρʼ ἐμοῦ, ἵνα μηδὲν εἰδείησαν ὧν ἔπραττεν οὗτος,
					καταλαβὼν δʼ ἐν τῷ Βοσπόρῳ μοχθηρὰ τὰ πράγματα διὰ τὸν συμβάντα πόλεμον τῷ
					Παιρισάδῃ πρὸς τὸν Σκύθην καὶ τῶν φορτίων ὧν ἦγεν πολλὴν ἀπρασίαν, ἐν πάσῃ
					ἀπορίᾳ ἦν· καὶ γὰρ οἱ δανεισταὶ εἴχοντο αὐτοῦ οἱ τὰ ἑτερόπλοα δανείσαντες. </p>
			</div>
			<div type="section" n="9">
				<p>ὥστε τοῦ ναυκλήρου κελεύοντος αὐτὸν κατὰ τὴν συγγραφὴν ἐντίθεσθαι τὰ ἀγοράσματα
					τῶν ἐμῶν χρημάτων, εἶπεν οὗτος ὁ νῦν φάσκων ἀποδεδωκέναι τὸ χρυσίον, ὅτι οὐκ ἂν
					δύναιτο ἐνθέσθαι εἰς τὴν ναῦν τὰ χρήματα· ἄπρατον γὰρ εἶναι τὸν ῥῶπον. καὶ
					ἐκεῖνον μὲν ἐκέλευεν ἀνάγεσθαι, αὐτὸς δʼ, ἐπειδὰν διαθῆται τὰ φορτία, ἐφʼ ἑτέρας
					νεὼς ἔφη ἐκπλεύσεσθαι. καί μοι λέγε ταύτην τὴν μαρτυρίαν.<quote
						type="*marturi/a"><title>Μαρτυρία</title></quote>
				</p>
			</div>
			<div type="section" n="10">
				<p>μετὰ ταῦτα τοίνυν, ὦ ἄνδρες Ἀθηναῖοι, οὗτος μὲν ἐν τῷ Βοσπόρῳ κατελέλειπτο, ὁ δὲ
					Λάμπις ἀναχθεὶς ἐναυάγησεν οὐ μακρὰν ἀπὸ τοῦ ἐμπορίου· γεγεμισμένης γὰρ ἤδη τῆς
					νεώς, ὡς ἀκούομεν, μᾶλλον τοῦ δέοντος, προσανέλαβεν ἐπὶ τὸ κατάστρωμα χιλίας
					βύρσας, ὅθεν καὶ ἡ διαφθορὰ τῇ νηὶ συνέβη. καὶ αὐτὸς μὲν ἀπεσώθη ἐν τῷ λέμβῳ
					μετὰ τῶν ἄλλων παίδων τῶν Δίωνος, ἀπώλεσεν δὲ πλέον ἢ τριάκοντα σώματα ἐλεύθερα
					χωρὶς τῶν ἄλλων. πολλοῦ δὲ πένθους ἐν τῷ Βοσπόρῳ ὄντος ὡς ἐπύθοντο τὴν διαφθορὰν
					τῆς νεώς, ηὐδαιμόνιζον Φορμίωνα πάντες τουτονί, ὅτι οὔτε συνανήχθη οὔτε ἐνέθετο
					εἰς τὴν ναῦν οὐδέν. συνέβαινεν δὲ παρά τε τῶν ἄλλων καὶ παρὰ τούτου ὁ αὐτὸς
					λόγος. καί μοι ἀνάγνωθι ταύτας τὰς μαρτυρίας.<quote type="*marturi/ai"
							><title>Μαρτυρίαι</title></quote>
				</p>
			</div>
			<div type="section" n="11">
				<p>αὐτὸς μὲν τοίνυν ὁ Λάμπις, ᾧ φησιν ἀποδεδωκέναι τὸ χρυσίον (τούτῳ γὰρ προσέχετε
					τὸν νοῦν), προσελθόντος αὐτῷ ἐμοῦ, ἐπειδὴ τάχιστα κατέπλευσεν ἐκ τῆς ναυαγίας
					Ἀθήναζε, καὶ ἐρωτῶντος ὑπὲρ τούτων, ἔλεγεν ὅτι οὔτε τὰ χρήματα ἔνθοιτο εἰς τὴν
					ναῦν οὗτος κατὰ τὴν συγγραφήν, οὔτε τὸ χρυσίον εἰληφὼς εἴη παρʼ αὐτοῦ ἐν Βοσπόρῳ
					τότε. καί μοι ἀνάγνωθι τὴν μαρτυρίαν τῶν παραγενομένων.<quote type="*marturi/a"
							><title>Μαρτυρία</title></quote>
				</p>
			</div>
			<div type="section" n="12">
				<p>ἐπειδὴ τοίνυν, ὦ ἄνδρες Ἀθηναῖοι, ἐπεδήμησεν Φορμίων οὑτοσὶ σεσῳσμένος ἐφʼ ἑτέρας
					νεώς, προσῄειν αὐτῷ ἀπαιτῶν τὸ δάνειον. καὶ οὗτος κατὰ μὲν ἀρχὰς οὐδεπώποτʼ, ὦ
					ἄνδρες Ἀθηναῖοι, εἶπε τὸν λόγον τοῦτον ὃν νυνὶ λέγει, ἀλλʼ ἀεὶ ὡμολόγει
					ἀποδώσειν· ἐπειδὴ δὲ ἀνεκοινώσατο τοῖς νῦν παροῦσιν αὐτῷ καὶ συνδικοῦσιν, ἕτερος
					ἤδη ἦν καὶ οὐχ ὁ αὐτός. </p>
			</div>
			<div type="section" n="13">
				<p>ὡς δʼ ᾐσθόμην αὐτὸν διακρουόμενόν με, προσέρχομαι τῷ Λάμπιδι, λέγων ὅτι οὐδὲν
					ποιεῖ τῶν δικαίων Φορμίων οὐδʼ ἀποδίδωσι τὸ δάνειον, καὶ ἅμα ἠρόμην αὐτὸν εἰ
					εἰδείη ὅπου ἐστίν, ἵνα προσκαλεσαίμην αὐτόν. ὁ δʼ ἀκολουθεῖν μʼ ἐκέλευεν ἑαυτῷ,
					καὶ καταλαμβάνομεν πρὸς τοῖς μυροπωλίοις τουτονί· κἀγὼ κλητῆρας ἔχων
					προσεκαλεσάμην αὐτόν. </p>
			</div>
			<div type="section" n="14">
				<p>καὶ ὁ Λάμπις, ὦ ἄνδρες Ἀθηναῖοι, παρὼν προσκαλουμένῳ μοι οὐδαμοῦ ἐτόλμησεν εἰπεῖν
					ὡς ἀπείληφε παρὰ τούτου τὸ χρυσίον, οὐδʼ ὃ εἰκὸς ἦν εἶπε <q>Χρύσιππε, μαίνει· τί
						τοῦτον προσκαλεῖ; ἐμοὶ γὰρ ἀποδέδωκε τὸ χρυσίον</q>. ἀλλὰ μὴ ὅτι Λάμπις
					ἐφθέγξατο, ἀλλʼ οὐδὲ αὐτὸς οὗτος οὐδὲν ἠξίωσεν εἰπεῖν, παρεστηκότος τοῦ
					Λάμπιδος, ᾧ νῦν φησὶν ἀποδεδωκέναι τὸ χρυσίον. </p>
			</div>
			<div type="section" n="15">
				<p>καίτοι εἰκός γʼ ἦν αὐτὸν εἰπεῖν, ὦ ἄνδρες Ἀθηναῖοι, <q>τί με προσκαλεῖ, ἄνθρωπε;
						ἀποδέδωκα γὰρ τούτῳ τῷ παρεστηκότι τὸ χρυσίον</q>, καὶ ἅμα ὁμολογοῦντα
					παρέχειν τὸν Λάμπιν· νυνὶ δʼ οὐδέτερος αὐτῶν οὐδʼ ὁτιοῦν εἶπεν ἐν τοιούτῳ καιρῷ.
					καὶ ὅτι ἀληθῆ λέγω, λαβέ μοι τὴν μαρτυρίαν τῶν κλητήρων.<quote type="*marturi/a"
							><title>Μαρτυρία</title></quote>
				</p>
			</div>
			<div type="section" n="16">
				<p>λαβὲ δή μοι καὶ τὸ ἔγκλημα ὃ ἔλαχον αὐτῷ πέρυσιν· ὅ ἐστιν οὐδενὸς ἔλαττον
					τεκμήριον, ὅτι οὐδέπω τότʼ ἔφησεν Φορμίων ἀποδεδωκέναι τὸ χρυσίον Λάμπιδι.<quote
						type="*)/egklhma"><title>Ἔγκλημα</title></quote>τοῦτο τὸ ἔγκλημα ἔγραφον
					ἐγώ, ὦ ἄνδρες Ἀθηναῖοι, οὐδαμόθεν ἄλλοθεν σκοπῶν ἀλλʼ ἢ ἐκ τῆς ἀπαγγελίας τῆς
					Λάμπιδος, ὃς οὐκ ἔφασκεν οὔτε τὰ χρήματα ἐντεθεῖσθαι τοῦτον οὔτε τὸ χρυσίον
					ἀπειληφέναι· μὴ γὰρ οἴεσθέ με οὕτως ἀπόπληκτον εἶναι καὶ παντελῶς μαινόμενον,
					ὥστε τοιοῦτο γράφειν ἔγκλημα ὁμολογοῦντος τοῦ Λάμπιδος ἀπειληφέναι τὸ χρυσίον,
					ὑφʼ οὗ ἔμελλον ἐξελεγχθήσεσθαι. </p>
			</div>
			<div type="section" n="17">
				<p>ἔτι δέ, ὦ ἄνδρες Ἀθηναῖοι, κἀκεῖνο σκέψασθε· αὐτοὶ γὰρ οὗτοι παραγραφὴν διδόντες
					πέρυσιν, οὐκ ἐτόλμησαν ἐν τῇ παραγραφῇ γράψαι ὡς ἀποδεδώκασιν Λάμπιδι τὸ
					χρυσίον. καί μοι λαβὲ αὐτὴν τὴν παραγραφήν.<quote type="*paragrafh/"
							><title>Παραγραφή</title></quote>ἀκούετε, ὦ ἄνδρες Ἀθηναῖοι, ὅτι οὐδαμοῦ
					γέγραπται ἐν τῇ παραγραφῇ ὡς ἀποδέδωκεν τὸ χρυσίον Φορμίων Λάμπιδι, καὶ ταῦτʼ
					ἐμοῦ διαρρήδην γράψαντος εἰς τὸ ἔγκλημα ὃ ἠκούσατε ἀρτίως, ὅτι οὔτε τὰ χρήματα
					ἔνθοιτο εἰς τὴν ναῦν οὔτʼ ἀπέδωκεν τὸ χρυσίον. τίνα οὖν ἄλλον χρὴ περιμένειν
					ὑμᾶς μάρτυρα, ὅταν τηλικαύτην μαρτυρίαν παρʼ αὐτῶν τούτων ἔχητε; </p>
			</div>
			<div type="section" n="18">
				<p>μελλούσης δὲ τῆς δίκης εἰσιέναι εἰς τὸ δικαστήριον ἐδέοντο ἡμῶν ἐπιτρέψαι τινί·
					καὶ ἡμεῖς ἐπετρέψαμεν Θεοδότῳ ἰσοτελεῖ κατὰ συνθήκας. καὶ ὁ Λάμπις μετὰ ταῦτα
					νομίσας αὑτῷ ἀσφαλὲς ἤδη εἶναι <del>πρὸς διαιτητῇ</del> μαρτυρεῖν ὅ τι βούλοιτο,
					μερισάμενος τὸ ἐμὸν χρυσίον μετὰ Φορμίωνος τουτουί, ἐμαρτύρει τἀναντία οἷς
					πρότερον εἰρήκει. </p>
			</div>
			<div type="section" n="19">
				<p>οὐ γὰρ ὅμοιόν ἐστιν, ὦ ἄνδρες Ἀθηναῖοι, εἰς τὰ ὑμέτερα πρόσωπα ἐμβλέποντα τὰ
					ψευδῆ μαρτυρεῖν καὶ πρὸς διαιτητῇ· παρʼ ὑμῖν μὲν γὰρ ὀργὴ μεγάλη καὶ τιμωρία
					ὑπόκειται τοῖς τὰ ψευδῆ μαρτυροῦσιν, πρὸς δὲ τῷ διαιτητῇ ἀκινδύνως καὶ
					ἀναισχύντως μαρτυροῦσιν ὅ τι ἂν βούλωνται. ἀγανακτοῦντος δέ μου καὶ
					σχετλιάζοντος, ὦ ἄνδρες Ἀθηναῖοι, ἐπὶ τῇ τόλμῃ τοῦ Λάμπιδος, </p>
			</div>
			<div type="section" n="20">
				<p>καὶ παρεχομένου πρὸς τὸν διαιτητὴν τὴν αὐτὴν μαρτυρίαν ἥνπερ καὶ νῦν πρὸς ὑμᾶς
					παρέχομαι, τῶν ἐξ ἀρχῆς προσελθόντων αὐτῷ μεθʼ ἡμῶν, ὅτε οὔτε τὸ χρυσίον ἔφη
					ἀπειληφέναι παρὰ τούτου οὔτε τὰ χρήματα αὐτὸν ἐνθέσθαι εἰς τὴν ναῦν, οὕτως ὁ
					Λάμπις κατὰ κράτος ἐξελεγχόμενος τὰ ψευδῆ μαρτυρῶν καὶ πονηρὸς ὤν, ὡμολόγει μὲν
					εἰρηκέναι ταῦτα πρὸς τοῦτον, οὐ μέντοι γε ἐντὸς ὢν εἰπεῖν αὑτοῦ. καί μοι
					ἀνάγνωθι ταύτην τὴν μαρτυρίαν.<quote type="*marturi/a"
						><title>Μαρτυρία</title></quote>
				</p>
			</div>
			<div type="section" n="21">
				<p>ἀκούσας τοίνυν ἡμῶν, ὦ ἄνδρες Ἀθηναῖοι, ὁ Θεόδοτος πολλάκις, καὶ νομίσας τὸν
					Λάμπιν ψευδῆ μαρτυρεῖν, οὐκ ἀπέγνω τῆς δίκης, ἀλλʼ ἀφῆκεν ἡμᾶς εἰς τὸ
					δικαστήριον· καταγνῶναι μὲν γὰρ οὐκ ἐβουλήθη διὰ τὸ οἰκείως ἔχειν Φορμίωνι
					τουτῳί, ὡς ἡμεῖς ὕστερον ἐπυθόμεθα, ἀπογνῶναι δὲ τῆς δίκης ὤκνει, ἵνʼ αὐτὸς μὴ
					ἐπιορκήσειεν. </p>
			</div>
			<div type="section" n="22">
				<p>ἐξ αὐτοῦ δὴ τοῦ πράγματος λογίσασθε, ὦ ἄνδρες δικασταί, παρʼ ὑμῖν αὐτοῖς, ὁπόθεν
					ἔμελλεν οὗτος ἀποδώσειν τὸ χρυσίον. ἐνθένδε μὲν γὰρ ἐξέπλει οὐκ ἐνθέμενος εἰς
					τὴν ναῦν τὰ χρήματα καὶ ὑποθήκην οὐκ ἔχων, ἀλλʼ ἐπὶ τοῖς ἐμοῖς χρήμασιν
					ἐπιδανεισάμενος· ἐν Βοσπόρῳ δʼ ἀπρασίαν τῶν φορτίων κατέλαβεν, καὶ τοὺς τὰ
					ἑτερόπλοα δανείσαντας μόλις ἀπήλλαξεν. </p>
			</div>
			<div type="section" n="23">
				<p>καὶ οὗτος μὲν ἐδάνεισεν αὐτῷ δισχιλίας δραχμὰς ἀμφοτερόπλουν, ὥστʼ ἀπολαβεῖν
					Ἀθήνησιν δισχιλίας ἑξακοσίας δραχμάς· Φορμίων δέ φησιν ἀποδοῦναι Λάμπιδι ἐν
					Βοσπόρῳ ἑκατὸν καὶ εἴκοσι στατῆρας Κυζικηνούς (τούτῳ γὰρ προσέχετε τὸν νοῦν)
					δανεισάμενος ἐγγείων τόκων. ἦσαν δὲ ἔφεκτοι οἱ ἔγγειοι τόκοι, ὁ δὲ Κυζικηνὸς
					ἐδύνατο ἐκεῖ εἴκοσι καὶ ὀκτὼ δραχμὰς Ἀττικάς. </p>
			</div>
			<div type="section" n="24">
				<p>δεῖ δὴ μαθεῖν ὑμᾶς ὅσα φησὶν χρήματα ἀποδεδωκέναι. τῶν μὲν γὰρ ἑκατὸν εἴκοσι
					στατήρων γίγνονται τρισχίλιαι τριακόσιαι ἑξήκοντα, ὁ δὲ τόκος ὁ ἔγγειος ὁ
					ἔφεκτος <del>τῶν τριάκοντα μνῶν καὶ τριῶν καὶ ἑξήκοντα</del> πεντακόσιαι δραχμαὶ
					καὶ ἑξήκοντα· τὸ δὲ σύμπαν κεφάλαιον γίγνεται τόσον καὶ τόσον. </p>
			</div>
			<div type="section" n="25">
				<p>ἔστιν οὖν, ὦ ἄνδρες δικασταί, οὗτος ὁ ἄνθρωπος ἢ γενήσεταί ποτε, ὃς ἀντὶ
					δισχιλίων ἑξακοσίων δραχμῶν τριάκοντα μνᾶς καὶ τριακοσίας καὶ ἑξήκοντα ἀποτίνειν
					προείλετʼ ἄν, καὶ τόκον πεντακοσίας δραχμὰς καὶ ἑξήκοντα δανεισάμενος, ἅς φησιν
					ἀποδεδωκέναι Φορμίων Λάμπιδι, τρισχιλίας ἐνακοσίας εἴκοσι; ἐξὸν δʼ αὐτῷ
					ἀμφοτερόπλουν Ἀθήνησιν ἀποδοῦναι τὸ ἀργύριον, ἐν Βοσπόρῳ ἀπέδωκε, τρισὶ καὶ δέκα
					μναῖς πλέον; </p>
			</div>
			<div type="section" n="26">
				<p>καὶ τοῖς μὲν τὰ ἑτερόπλοα δανείσασι μόλις τἀρχαῖον ἀποδέδωκας, οἳ συνέπλευσάν σοι
					καὶ προσήδρευον· τούτῳ δὲ τῷ μὴ παρόντι οὐ μόνον τἀρχαῖα καὶ τοὺς τόκους
					ἀπεδίδους, ἀλλὰ καὶ τὰ ἐπιτίμια τὰ ἐκ τῆς συγγραφῆς ἀπέτινες, οὐδεμιᾶς σοι
					ἀνάγκης οὔσης; </p>
			</div>
			<div type="section" n="27">
				<p>κἀκείνους μὲν οὐκ ἐδεδίεις, οἷς αἱ συγγραφαὶ ἐν Βοσπόρῳ τὴν πρᾶξιν ἐδίδοσαν τοῦ
					δανείου· τούτου δὲ φὴς φροντίζειν, ὃν ἐξ ἀρχῆς εὐθὺς ἠδίκεις οὐκ ἐνθέμενος τὰ
					χρήματα εἰς τὴν ναῦν κατὰ τὴν συγγραφὴν Ἀθήνηθεν; καὶ νῦν μὲν εἰς τὸ ἐμπόριον
					ἥκων, οὗ τὸ συμβόλαιον ἐγένετο, οὐκ ὀκνεῖς ἀποστερεῖν τὸν δανείσαντα· ἐν Βοσπόρῳ
					δὲ πλείω τῶν δικαίων φὴς ποιεῖν, οὗ δίκην οὐκ ἔμελλες δώσειν; </p>
			</div>
			<div type="section" n="28">
				<p>καὶ οἱ μὲν ἄλλοι πάντες οἱ τὰ ἀμφοτερόπλοα δανειζόμενοι, ὅταν ἀποστέλλωνται ἐκ
					τῶν ἐμπορίων, πολλοὺς παρίστανται, ἐπιμαρτυρόμενοι ὅτι τὰ χρήματα ἤδη
					κινδυνεύεται τῷ δανείσαντι· σὺ δʼ ἑνὶ σκήπτει μάρτυρι αὐτῷ τῷ συναδικοῦντι, καὶ
					οὔτε τὸν παῖδα τὸν ἡμέτερον παρέλαβες ἐν Βοσπόρῳ ὄντα οὔτε τὸν κοινωνόν, οὐδὲ
					τὰς ἐπιστολὰς ἀπέδωκας αὐτοῖς, ἃς ἡμεῖς ἐπεθήκαμεν, ἐν αἷς ἐγέγραπτο
					παρακολουθεῖν σοι οἷς ἂν πράττῃς; </p>
			</div>
			<div type="section" n="29">
				<p>καίτοι, ὦ ἄνδρες δικασταί, τί οὐκ ἂν πράξειεν ὁ τοιοῦτος, ὅστις γράμματα λαβὼν μὴ
					ἀποδέδωκεν ὀρθῶς καὶ δικαίως; ἢ πῶς οὐ φανερόν ἐστιν ὑμῖν τὸ τούτου κακούργημα
					ἐξ αὐτῶν ὧν ἔπραττεν; καίτοι, ὦ γῆ καὶ θεοί, προσῆκέν γε τοσοῦτο χρυσίον
					ἀποδιδόντα, καὶ πλέον τοῦ δανείσματος, περιβόητον ποιεῖν ἐν τῷ ἐμπορίῳ, καὶ
					παρακαλεῖν πάντας ἀνθρώπους, πρῶτον δὲ τὸν παῖδα τὸν τούτου καὶ τὸν κοινωνόν·
				</p>
			</div>
			<div type="section" n="30">
				<p>ἴστε γὰρ δήπου πάντες ὅτι δανείζονται μὲν μετʼ ὀλίγων μαρτύρων, ὅταν δʼ
					ἀποδιδῶσιν, πολλοὺς παρίστανται μάρτυρας, ἵνα ἐπιεικεῖς δοκῶσιν εἶναι περὶ τὰ
					συμβόλαια. σοὶ δʼ ἀποδιδόντι τό τε δάνειον καὶ τοὺς τόκους ἀμφοτέρους, ἑτερόπλῳ
					τῷ ἀργυρίῳ κεχρημένῳ, καὶ προστιθέντι ἑτέρας τρεῖς καὶ δέκα μνᾶς, πῶς οὐχὶ
					πολλοὺς ἦν παραληπτέον μάρτυρας; καὶ εἰ τοῦτο ἔπραξας, οὐδʼ ἂν εἷς σοῦ μᾶλλον
					τῶν πλεόντων ἐθαυμάζετο. </p>
			</div>
			<div type="section" n="31">
				<p>σὺ δʼ ἀντὶ τοῦ πολλοὺς μάρτυρας τούτων ποιεῖσθαι πάντας ἀνθρώπους λανθάνειν
					ἐπειρῶ, ὥσπερ ἀδικῶν τι. καὶ εἰ μὲν ἐμοὶ τῷ δανείσαντι ἀπεδίδους, οὐδὲν
						<add>ἂν</add> ἔδει μαρτύρων· τὴν γὰρ συγγραφὴν ἀνελόμενος ἀπήλλαξο ἂν τοῦ
					συμβολαίου· νῦν δʼ οὐκ ἐμοί, ἀλλʼ ἑτέρῳ ὑπὲρ ἐμοῦ ἀποδιδούς, καὶ οὐκ Ἀθήνησιν,
					ἀλλʼ ἐν Βοσπόρῳ, καὶ τῆς συγγραφῆς σοι κειμένης Ἀθήνησι καὶ πρὸς ἐμέ, καὶ ᾧ τὸ
					χρυσίον ἀπεδίδους ὄντος θνητοῦ καὶ πέλαγος τοσοῦτον μέλλοντος πλεῖν, μάρτυρα
					οὐδένα ἐποιήσω, οὔτε δοῦλον οὔτʼ ἐλεύθερον. </p>
			</div>
			<div type="section" n="32">
				<p>ἡ γὰρ συγγραφή με, φησί, τῷ ναυκλήρῳ ἐκέλευεν ἀποδοῦναι τὸ χρυσίον. μάρτυρας δέ
					γʼ οὐκ ἐκώλυεν παρακαλεῖν, οὐδὲ τὰς ἐπιστολὰς ἀποδοῦναι. καὶ οἵδε μὲν πρὸς σὲ
					δύο συγγραφὰς ἐποιήσαντο ὑπὲρ τοῦ συμβολαίου, ὡς ἂν οἱ μάλιστʼ ἀπιστοῦντες· σὺ
					δὲ μόνος μόνῳ φὴς δοῦναι τῷ ναυκλήρῳ τὸ χρυσίον, εἰδὼς κατὰ σοῦ κειμένην Ἀθήνησι
					συγγραφὴν πρὸς τοῦτον. </p>
			</div>
			<div type="section" n="33">
				<p>λέγει δὲ ὡς ἡ συγγραφὴ σωθείσης τῆς νεὼς αὐτὸν ἀποδοῦναι κελεύει τὰ χρήματα. καὶ
					γὰρ ἐνθέσθαι τἀγοράσματα εἰς τὴν ναῦν κελεύει σε, εἰ δὲ μή, πεντακισχιλίας
					δραχμὰς ἀποτίνειν. σὺ δὲ τοῦτο μὲν τῆς συγγραφῆς οὐ λαμβάνεις, παραβεβηκὼς δʼ
					εὐθὺς ἐξ ἀρχῆς καὶ τὰ χρήματα οὐκ ἐνθέμενος ἀμφισβητεῖς πρὸς ἓν ῥῆμα τῶν ἐν τῇ
					συγγραφῇ, καὶ τοῦτʼ ἀνῃρηκὼς αὐτός. ὁπότε γὰρ ἐν τῷ Βοσπόρῳ φὴς μὴ τὰ χρήματα
					ἐνθέσθαι εἰς τὴν ναῦν, ἀλλὰ τὸ χρυσίον τῷ ναυκλήρῳ ἀποδοῦναι, τί ἔτι περὶ τῆς
					νεὼς διαλέγει; οὐ γὰρ μετέσχηκας τοῦ κινδύνου διὰ τὸ μηδὲν ἐνθέσθαι. </p>
			</div>
			<div type="section" n="34">
				<p>καὶ τὸ μὲν πρῶτον, ὦ ἄνδρες δικασταί, ὥρμησεν ἐπὶ ταύτην τὴν σκῆψιν, ὡς
					ἐντεθειμένος τὰ χρήματα εἰς τὴν ναῦν· ἐπειδὴ δὲ τοῦτο ἐκ πολλῶν ἔμελλεν
					ἐλεγχθήσεσθαι ψευδόμενος, ἔκ τε τῆς ἀπογραφῆς τῆς ἐν Βοσπόρῳ παρὰ τοῖς
					ἐλλιμενισταῖς καὶ ὑπὸ τῶν ἐν τῷ ἐμπορίῳ ἐπιδημούντων κατὰ τὸν αὐτὸν χρόνον,
					τηνικαῦτα μεταβαλόμενος συνίσταται μετὰ τοῦ Λάμπιδος καί φησιν ἐκείνῳ τὸ χρυσίον
					ἀποδεδωκέναι, </p>
			</div>
			<div type="section" n="35">
				<p>ἐφόδιον μὲν λαβὼν τὸ τὴν συγγραφὴν κελεύειν, οὐκ ἂν ἡγούμενος δʼ ἡμᾶς εὐπόρως
					ἐξελέγξαι ὅσα μόνοι πρὸς αὑτοὺς αὐτοὶ πράξειαν. καὶ ὁ Λάμπις, ὅσα μὲν εἶπεν πρὸς
					ἐμὲ πρὶν ὑπὸ τούτου διαφθαρῆναι, οὐκ ἐντὸς ὢν αὑτοῦ φησιν εἰπεῖν· ἐπειδὴ δὲ τὸ
					χρυσίον τοὐμὸν ἐμερίσατο, τότʼ ἐντὸς εἶναί φησιν αὑτοῦ καὶ πάντʼ ἀκριβῶς
					μνημονεύειν. </p>
			</div>
			<div type="section" n="36">
				<p>εἰ μὲν οὖν, ὦ ἄνδρες δικασταί, ἐμοῦ μόνου κατεφρόνει Λάμπις, οὐδὲν ἂν ἦν
					θαυμαστόν· νῦν δὲ πολλῷ δεινότερα τούτου πέπρακται αὐτῷ πρὸς πάντας ὑμᾶς.
					κήρυγμα γὰρ ποιησαμένου Παιρισάδου ἐν Βοσπόρῳ, ἐάν τις βούληται Ἀθήναζε εἰς τὸ
					Ἀττικὸν ἐμπόριον σιτηγεῖν, ἀτελῆ τὸν σῖτον ἐξάγειν, ἐπιδημῶν ἐν τῷ Βοσπόρῳ ὁ
					Λάμπις ἔλαβε τὴν ἐξαγωγὴν τοῦ σίτου καὶ τὴν ἀτέλειαν ἐπὶ τῷ τῆς πόλεως ὀνόματι,
					γεμίσας δὲ ναῦν μεγάλην σίτου ἐκόμισεν εἰς Ἄκανθον κἀκεῖ διέθετο <add>ὁ</add>
					προσκοινωνήσας τούτῳ ἀπὸ τῶν ὑμετέρων χρημάτων. </p>
			</div>
			<div type="section" n="37">
				<p>καὶ ταῦτʼ ἔπραξεν, ὦ ἄνδρες δικασταί, οἰκῶν μὲν Ἀθήνησιν, οὔσης δʼ αὐτῷ γυναικὸς
					ἐνθάδε καὶ παίδων, τῶν δὲ νόμων τὰ ἔσχατα ἐπιτίμια προτεθηκότων, εἴ τις οἰκῶν
					Ἀθήνησιν ἄλλοσέ ποι σιτηγήσειεν ἢ εἰς τὸ Ἀττικὸν ἐμπόριον, ἔτι δʼ ἐν τοιούτῳ
					καιρῷ, ἐν ᾧ ὑμῶν οἱ μὲν ἐν τῷ ἄστει οἰκοῦντες διεμετροῦντο τὰ ἄλφιτα ἐν τῷ
					ᾠδείῳ, οἱ δʼ ἐν τῷ Πειραιεῖ ἐν τῷ νεωρίῳ ἐλάμβανον κατʼ ὀβολὸν τοὺς ἄρτους καὶ
					ἐπὶ τῆς μακρᾶς στοᾶς τὰ ἄλφιτα, καθʼ ἡμίεκτον μετρούμενοι καὶ καταπατούμενοι.
					καὶ ὅτι ἀληθῆ λέγω, λαβέ μοι τήν τε μαρτυρίαν καὶ τὸν νόμον.<quote
						type="*marturi/a"><title>Μαρτυρία</title></quote><quote type="*no/mos"
							><title>Νόμος</title></quote>
				</p>
			</div>
			<div type="section" n="38">
				<p>Φορμίων τοίνυν τούτῳ χρώμενος κοινωνῷ καὶ μάρτυρι οἴεται δεῖν ἀποστερῆσαι τὰ
					χρήματα ἡμᾶς, οἵ γε σιτηγοῦντες διατετελέκαμεν εἰς τὸ ὑμέτερον ἐμπόριον, καὶ
					τριῶν ἤδη καιρῶν κατειληφότων τὴν πόλιν, ἐν οἷς ὑμεῖς τοὺς χρησίμους τῷ δήμῳ
					ἐξητάζετε, οὐδενὸς τούτων ἀπολελείμμεθα, ἀλλʼ ὅτε μὲν εἰς Θήβας Ἀλέξανδρος
					παρῄει, ἐπεδώκαμεν ὑμῖν τάλαντον ἀργυρίου· </p>
			</div>
			<div type="section" n="39">
				<p>ὅτε δʼ ὁ σῖτος ἐπετιμήθη <add>τὸ</add> πρότερον καὶ ἐγένετο ἑκκαίδεκα δραχμῶν,
					εἰσαγαγόντες πλείους ἢ μυρίους μεδίμνους πυρῶν διεμετρήσαμεν ὑμῖν τῆς
					καθεστηκυίας τιμῆς, πέντε δραχμῶν τὸν μέδιμνον, καὶ ταῦτα πάντες ἴστε ἐν τῷ
					πομπείῳ διαμετρούμενοι· πέρυσι δὲ εἰς τὴν σιτωνίαν τὴν ὑπὲρ τοῦ δήμου τάλαντον
					ὑμῖν ἐπεδώκαμεν ἐγώ τε καὶ ὁ ἀδελφός. καί μοι ἀνάγνωθι τούτων τὰς
						μαρτυρίας.<quote type="*marturi/ai"><title>Μαρτυρίαι</title></quote>
				</p>
			</div>
			<div type="section" n="40">
				<p>ἀλλὰ μὴν εἴ γε δεῖ καὶ τούτοις τεκμαίρεσθαι, οὐκ εἰκὸς ἦν ἐπιδιδόναι μὲν ἡμᾶς
					τοσαῦτα χρήματα, ἵνα παρʼ ὑμῖν εὐδοξῶμεν, συκοφαντεῖν δὲ Φορμίωνα, ἵνα καὶ τὴν
					ὑπάρχουσαν ἐπιείκειαν ἀποβάλωμεν. δικαίως ἂν οὖν βοηθήσαιτε ἡμῖν, ὦ ἄνδρες
					δικασταί. ἐπέδειξα γὰρ ὑμῖν οὔτʼ ἐξ ἀρχῆς τὰ φορτία ἐνθέμενον τοῦτον εἰς τὴν
					ναῦν ἁπάντων ὧν ἐδανείσατο Ἀθήνηθεν, τῶν τʼ ἐν τῷ Βοσπόρῳ πραθέντων τοὺς τὰ
					ἑτερόπλοα δανείσαντας μόλις διαλύσαντα, </p>
			</div>
			<div type="section" n="41">
				<p>ἔτι δʼ οὔτʼ εὐποροῦντα οὔθʼ οὕτως ὄντʼ ἀβέλτερον ὥστʼ ἀντὶ δισχιλίων καὶ
					ἑξακοσίων δραχμῶν τριάκοντα μνᾶς καὶ ἐννέα ἀποδοῦναι, πρός τε τούτοις, ὅτε
					ἀποδοῦναί φησιν τὸ χρυσίον τῷ Λάμπιδι, οὔτε τὸν παῖδα παραλαβόντα τὸν ἐμὸν οὔτε
					τὸν κοινωνὸν ἐπιδημοῦντα ἐν Βοσπόρῳ. ἐμοὶ δὲ Λάμπις αὐτὸς μαρτυρῶν φαίνεται ὡς
					οὐκ ἀπείληφεν τὸ χρυσίον, πρὶν ὑπὸ τούτου διαφθαρῆναι. </p>
			</div>
			<div type="section" n="42">
				<p>καίτοι εἰ καθʼ ἓν ἕκαστον οὕτως ἐδείκνυεν Φορμίων, οὐκ οἶδʼ ὅπως ἂν ἄλλως ἄμεινον
					ἀπελογήσατο. ὑπὲρ δὲ τοῦ τὴν δίκην εἰσαγώγιμον εἶναι ὁ νόμος αὐτὸς
					διαμαρτύρεται, κελεύων τὰς δίκας εἶναι τὰς ἐμπορικὰς τῶν συμβολαίων τῶν Ἀθήνησιν
					καὶ εἰς τὸ Ἀθηναίων ἐμπόριον, καὶ οὐ μόνον τῶν Ἀθήνησιν, ἀλλὰ καὶ ὅσα ἂν γένηται
					ἕνεκα τοῦ πλοῦ τοῦ Ἀθήναζε. λαβὲ δή μοι τοὺς νόμους.<quote type="*no/moi"
							><title>Νόμοι</title></quote>
				</p>
			</div>
			<div type="section" n="43">
				<p>ὡς μὲν τοίνυν γέγονέ μοι τὸ συμβόλαιον πρὸς Φορμίωνʼ Ἀθήνησιν, οὐδʼ αὐτοὶ ἔξαρνοί
					εἰσιν, παραγράφονται δὲ ὡς οὐκ εἰσαγώγιμον τὴν δίκην οὖσαν. ἀλλʼ εἰς ποῖον
					δικαστήριον εἰσέλθωμεν, ἄνδρες δικασταί, εἰ μὴ πρὸς ὑμᾶς, οὗπερ τὸ συμβόλαιον
					ἐποιησάμεθα; δεινὸν γὰρ ἂν εἴη, εἰ μὲν ἕνεκα τοῦ πλοῦ τοῦ Ἀθήναζε ἠδικούμην,
					εἶναι <add>ἄν</add> μοι παρʼ ὑμῖν τὸ δίκαιον λαβεῖν παρὰ Φορμίωνος, ἐπειδὴ δὲ τὸ
					συμβόλαιον ἐν τῷ ὑμετέρῳ ἐμπορίῳ γέγονεν, μὴ φάσκειν παρʼ ὑμῖν τούτους ὑφέξειν
					τὴν δίκην. </p>
			</div>
			<div type="section" n="44">
				<p>καὶ ὅτε μὲν Θεοδότῳ τὴν δίαιταν ἐπετρέψαμεν, ὡμολόγησαν εἶναι καθʼ αὑτῶν ἐμοὶ τὴν
					δίκην εἰσαγώγιμον· νυνὶ δὲ τοὐναντίον λέγουσιν ὧν πρότερον αὐτοὶ συγκεχωρήκασιν,
					ὡς δέον παρὰ μὲν τῷ Θεοδότῳ τῷ ἰσοτελεῖ ὑποσχεῖν αὐτοὺς δίκην ἄνευ παραγραφῆς,
					ἐπειδὴ δὲ εἰς τὸ Ἀθηναίων δικαστήριον εἰσερχόμεθα, μηκέτʼ εἰσαγώγιμον τὴν δίκην
					εἶναι. </p>
			</div>
			<div type="section" n="45">
				<p>ἐνθυμοῦμαι δʼ ἔγωγε, τί ἄν ποτε εἰς τὴν παραγραφὴν ἔγραψεν, εἰ ὁ Θεόδοτος ἀπέγνω
					τῆς δίκης, ὅπου νῦν γνόντος τοῦ Θεοδότου ἀπιέναι ἡμᾶς εἰς τὸ δικαστήριον οὔ φησι
					τὴν δίκην εἶναι εἰσαγώγιμον παρʼ ὑμῖν, πρὸς οὓς ἐκεῖνος ἔγνω ἀπιέναι. πάθοιμι
					μέντἂν δεινότατα, εἰ οἱ μὲν νόμοι τῶν Ἀθήνησι συμβολαίων κελεύουσι τὰς δίκας
					εἶναι πρὸς τοὺς θεσμοθέτας, ὑμεῖς δὲ ἀπογνοίητε τῆς δίκης ὀμωμοκότες κατὰ τοὺς
					νόμους ψηφιεῖσθαι. </p>
			</div>
			<div type="section" n="46">
				<p>τοῦ μὲν οὖν δανεῖσαι ἡμᾶς τὰ χρήματα αἵ τε συνθῆκαι καὶ αὐτὸς οὗτός ἐστι μάρτυς·
					τοῦ δʼ ἀποδεδωκέναι οὐδείς ἐστι μάρτυς ἔξω τοῦ Λάμπιδος τοῦ συναδικοῦντος. καὶ
					οὗτος μὲν εἰς ἐκεῖνον μόνον ἀναφέρει τὴν ἀπόδοσιν, ἐγὼ δʼ εἴς τε τὸν Λάμπιν
					αὐτὸν καὶ τοὺς ἀκούσαντας αὐτοῦ ὅτε οὐκ ἔφη ἀπειληφέναι τὸ χρυσίον. τούτῳ μὲν
					οὖν τοὺς ἐμοὺς μάρτυρας ἔξεστι κρίνειν, εἰ μή φησι τἀληθῆ μαρτυρεῖν αὐτούς· ἐγὼ
					δʼ οὐκ ἔχω τί χρήσωμαι τοῖς τούτου μάρτυσιν, οἵ φασιν εἰδέναι τὸν Λάμπιν
					μαρτυροῦντα ἀπειληφέναι τὸ χρυσίον. εἰ μὲν γὰρ ἡ μαρτυρία ἡ τοῦ Λάμπιδος
					κατεβάλλετο ἐνταῦθα, ἴσως ἂν ἔφασαν οὗτοι δίκαιον εἶναι ἐπισκήπτεσθαί μʼ ἐκείνῳ·
					νῦν δʼ οὔτε τὴν μαρτυρίαν ταύτην ἔχω, οὑτοσί τε οἴεται δεῖν ἀθῷος εἶναι οὐδὲν
					βέβαιον ἐνέχυρον καταλιπὼν ὧν πείθει ὑμᾶς ψηφίζεσθαι. </p>
			</div>
			<div type="section" n="47">
				<p>πῶς δʼ οὐκ ἂν εἴη ἄτοπον, εἰ αὐτοῦ Φορμίωνος ὁμολογοῦντος δανείσασθαι, φάσκοντος
					δὲ ἀποδεδωκέναι, τὸ μὲν ὁμολογούμενον ὑπʼ αὐτοῦ τούτου ἄκυρον ποιήσαιτε, τὸ δὲ
					ἀμφισβητούμενον κύριον ψηφίσαισθε; καὶ ὁ μὲν Λάμπις, ᾧ οὗτος σκήπτεται μάρτυρι,
					μαρτυρεῖ ἔξαρνος γενόμενος τὸ ἐξ ἀρχῆς ὡς οὐκ ἀπείληφεν τὸ χρυσίον· ὑμεῖς δὲ
					γνοίητε ὡς ἀπείληφεν ἐκεῖνος, ᾧ οὐκ εἰσὶ μάρτυρες τοῦ πράγματος; </p>
			</div>
			<div type="section" n="48">
				<p>καὶ ὅσα μὲν εἶπε μετὰ τῆς ἀληθείας, μὴ χρήσαισθε τεκμηρίῳ, ἃ δʼ ἐψεύσατο ὕστερον,
					ἐπειδὴ διεφθάρη, πιστότερα ταῦθʼ ὑπολάβοιτε εἶναι; καὶ μήν, ὦ ἄνδρες Ἀθηναῖοι,
					πολὺ δικαιότερόν ἐστιν τοῖς ἐξ ἀρχῆς ῥηθεῖσι τεκμαίρεσθαι μᾶλλον ἢ τοῖς ὕστερον
					τεκταινομένοις. τὰ μὲν γὰρ οὐκ ἐκ παρασκευῆς, ἀλλʼ ἐκ τῆς ἀληθείας ἔλεγεν, τὰ δʼ
					ὕστερον ψευδόμενος καὶ πρὸς τὸ συμφέρον αὑτῷ. </p>
			</div>
			<div type="section" n="49">
				<p>ἀναμνήσθητε δέ, ὦ ἄνδρες Ἀθηναῖοι, ὅτι οὐδʼ αὐτὸς ὁ Λάμπις ἔξαρνος ἐγένετο ὡς οὐκ
					εἴη εἰρηκὼς ὅτι οὐκ ἀπείληφεν τὸ χρυσίον, ἀλλʼ εἰπεῖν μὲν ὡμολόγει, οὐ μέντοι γε
					ἐντὸς ὢν αὑτοῦ εἰπεῖν. οὔκουν ἄτοπον, εἰ τῆς ἐκείνου μαρτυρίας τὸ μὲν πρὸς τοῦ
					ἀποστεροῦντος πιστῶς ἀκούσεσθε, τὸ δʼ ὑπὲρ τῶν ἀποστερουμένων ἄπιστον ἔσται παρʼ
					ὑμῖν; </p>
			</div>
			<div type="section" n="50">
				<p>μηδαμῶς, ὦ ἄνδρες δικασταί. ὑμεῖς γάρ ἐστε <del>οἱ</del> αὐτοὶ οἱ τὸν
					ἐπιδεδανεισμένον ἐκ τοῦ ἐμπορίου πολλὰ χρήματα καὶ τοῖς δανεισταῖς οὐ παρασχόντα
					τὰς ὑποθήκας θανάτῳ ζημιώσαντες εἰσαγγελθέντα ἐν τῷ δήμῳ, καὶ ταῦτα πολίτην
					ὑμέτερον ὄντα καὶ πατρὸς ἐστρατηγηκότος. </p>
			</div>
			<div type="section" n="51">
				<p>ἡγεῖσθε γὰρ τοὺς τοιούτους οὐ μόνον τοὺς ἐντυγχάνοντας ἀδικεῖν, ἀλλὰ καὶ κοινῇ
					βλάπτειν τὸ ἐμπόριον ὑμῶν, εἰκότως. αἱ γὰρ εὐπορίαι τοῖς ἐργαζομένοις οὐκ ἀπὸ
					τῶν δανειζομένων, ἀλλʼ ἀπὸ τῶν δανειζόντων εἰσίν, καὶ οὔτε ναῦν οὔτε ναύκληρον
					οὔτʼ ἐπιβάτην ἔστʼ ἀναχθῆναι, τὸ τῶν δανειζόντων μέρος ἂν ἀφαιρεθῇ. </p>
			</div>
			<div type="section" n="52">
				<p>ἐν μὲν οὖν τοῖς νόμοις πολλαὶ καὶ καλαὶ βοήθειαί εἰσιν αὐτοῖς· ὑμᾶς δὲ δεῖ
					συνεπανορθοῦντας φαίνεσθαι καὶ μὴ συγχωροῦντας τοῖς πονηροῖς, ἵνʼ ὑμῖν ὡς
					πλείστη ὠφέλεια παρὰ τὸ ἐμπόριον ᾖ. ἔσται δέ, ἐὰν διαφυλάττητε τοὺς τὰ ἑαυτῶν
					προϊεμένους, καὶ μὴ ἐπιτρέπητε ἀδικεῖσθαι ὑπὸ τῶν τοιούτων θηρίων.ἐγὼ μὲν οὖν
					ὅσαπερ οἷός τʼ ἦν εἴρηκα· καλῶ δὲ καὶ ἄλλον τινὰ τῶν φίλων, ἐὰν κελεύητε. </p>
			</div>
		</body>
	</text>
</TEI>
