<?xml version="1.0" encoding="UTF-8"?>
<TEI xmlns="http://www.tei-c.org/ns/1.0">
	<teiHeader>

		<fileDesc>

			<titleStmt>
				<title>Apollodorus Against Timotheus </title>
				<author>Demosthenes</author>
				<sponsor>Perseus Project, Tufts University</sponsor>
				<principal>Gregory Crane</principal>
				<respStmt>
					<resp>Prepared under the supervision of</resp>
					<name>Lisa Cerrato</name>
					<name>William Merrill</name>
					<name>Elli Mylonas</name>
					<name>David Smith</name>
				</respStmt>
				<funder n="org:AnnCPB">The Annenberg CPB/Project</funder>

			</titleStmt>
			<publicationStmt>
				<publisher>Trustees of Tufts University</publisher>
				<pubPlace>Medford, MA</pubPlace>
				<authority>Perseus Project</authority>
			</publicationStmt>





			<sourceDesc>
				<biblStruct>
					<monogr>
						<author>Demosthenes</author>
						<title>Demosthenis.Orationes. ed. W. Rennie</title>

						<imprint>
							<publisher>Oxonii.e Typographeo Clarendoniano</publisher>
							<date>1931</date>
						</imprint>
					</monogr>
				</biblStruct>
			</sourceDesc>


		</fileDesc>

		<encodingDesc>

			<refsDecl>
				<refState unit="speech"/>
				<refState unit="section"/>
			</refsDecl>
		</encodingDesc>

		<profileDesc>
			<langUsage>
				<language ident="greek">Greek </language>
				<language ident="en">English </language>
			</langUsage>
		</profileDesc>
	</teiHeader>
	<text xml:lang="grc">
		<body>

			<div type="section" n="1">
				<p>μηδενὶ ὑμῶν ἄπιστον γενέσθω, ὦ ἄνδρες δικασταί, εἰ Τιμόθεος ὀφείλων ἀργύριον τῷ
					πατρὶ τῷ ἐμῷ φεύγει νῦν ὑπʼ ἐμοῦ ταύτην τὴν δίκην. ἀλλʼ ἐπειδὰν ὑμᾶς ἀναμνήσω
					τόν τε καιρὸν ἐν ᾧ τὸ συμβόλαιον ἐγένετο, καὶ τὰ συμβάντα τούτῳ ἐν ἐκείνῳ τῷ
					χρόνῳ, καὶ εἰς ὅσην ἀπορίαν κατέστη οὗτος, τότε ἡγήσεσθε τὸν μὲν πατέρα τὸν ἐμὸν
					βέλτιστον γενέσθαι περὶ Τιμόθεον, τοῦτον δὲ οὐ μόνον ἀχάριστον εἶναι, </p>
			</div>
			<div type="section" n="2">
				<p>ἀλλὰ καὶ ἀδικώτατον πάντων ἀνθρώπων, ὅς γε τυχὼν παρὰ τοῦ πατρὸς τοῦ ἐμοῦ ὅσων
					ἐδεήθη καὶ λαβὼν ἀργύριον ἀπὸ τῆς τραπέζης, ἐν πολλῇ ἀπορίᾳ ὢν κἀν κινδύνοις
					τοῖς μεγίστοις καθεστηκὼς περὶ τῆς ψυχῆς, οὐ μόνον οὐκ ἀπέδωκε χάριν, ἀλλὰ καὶ
					τὸ δοθὲν ἀποστερεῖ με. καίτοι σφαλέντος μὲν τούτου ἀπώλλυτο καὶ τῷ πατρὶ τῷ ἐμῷ
					τὸ συμβόλαιον· οὔτε γὰρ ἐπʼ ἐνεχύρῳ οὔτε μετὰ μαρτύρων ἔδωκεν· σωθέντος δὲ ἐπὶ
					τούτῳ ἐγίγνετο, ὁπότε βούλοιτο εὐπορήσας ἡμῖν ἀποδοῦναι. </p>
			</div>
			<div type="section" n="3">
				<p>ἀλλʼ ὅμως, ὦ ἄνδρες δικασταί, οὐ περὶ πλείονος ἐποιήσατο ὁ πατὴρ περιουσίαν
					χρημάτων μᾶλλον ἢ οὐ Τιμοθέῳ ὑπηρετῆσαι ὧν ἐδεήθη αὐτοῦ, ἐν ἀπορίᾳ ὄντι. ᾤετο
					μὲν οὖν, ὦ ἄνδρες δικασταί, ὁ πατήρ, εἰ σωθείη Τιμόθεος τότε ἐξ ἐκείνων τῶν
					κινδύνων καὶ ἀφίκοιτο οἴκαδε παρὰ βασιλέως, εὐπορωτέρου γενομένου τούτου ἢ ὡς
					τότε διέκειτο, οὐ μόνον τὰ ἑαυτοῦ κομιεῖσθαι, ἀλλὰ καὶ ἄλλου εἴ του δέοιτο πρὸς
					Τιμόθεον πρᾶξαι ὑπάρξειν αὑτῷ. </p>
			</div>
			<div type="section" n="4">
				<p>ἐπειδὴ δὲ οὐχ ὡς ἐκεῖνος ᾠήθη συμβέβηκεν, ἀλλʼ ἃ μετὰ χάριτος ἔλαβεν Τιμόθεος ἀπὸ
					τῆς τραπέζης δεηθεὶς τοῦ πατρὸς τοῦ ἐμοῦ, ταῦτα διʼ ἔχθρας καὶ δίκης
					τετελευτηκότος ἐκείνου ἐξελεγχθεὶς μὲν ὡς ὀφείλει οἴεται δεῖν ἀποδοῦναι, ἐὰν δὲ
					δύνηται ὑμᾶς πεῖσαι ὡς οὐκ ὀφείλει, ἐξαπατήσας τῷ λόγῳ, ἀποστερῆσαι ἡμᾶς τῶν
					χρημάτων, ἀναγκαῖόν μοι δοκεῖ εἶναι ἐξ ἀρχῆς ἅπαντα διηγήσασθαι ὑμῖν, τά τε
					ὀφειλόμενα, καὶ εἰς ὅ τι ἕκαστον αὐτῶν κατεχρήσατο, καὶ τοὺς χρόνους ἐν οἷς τὸ
					συμβόλαιον ἐγένετο. </p>
			</div>
			<div type="section" n="5">
				<p>θαυμάσῃ δὲ μηδεὶς ὑμῶν εἰ ἀκριβῶς ἴσμεν· οἱ γὰρ τραπεζῖται εἰώθασιν ὑπομνήματα
					γράφεσθαι ὧν τε διδόασιν χρημάτων καὶ εἰς ὅ τι καὶ ὧν ἄν τις τιθῆται, ἵνα ᾖ
					αὐτοῖς γνώριμα τά τε ληφθέντα καὶ τὰ τεθέντα πρὸς τοὺς λογισμούς. </p>
			</div>
			<div type="section" n="6">
				<p>ἐπὶ Σωκρατίδου γὰρ ἄρχοντος μουνιχιῶνος μηνὸς μέλλων ἐκπλεῖν τὸν ὕστερον ἔκπλουν
					Τιμόθεος οὑτοσί, περὶ ἀναγωγὴν ἤδη ὢν ἐν τῷ Πειραιεῖ, προσδεηθεὶς ἀργυρίου,
					προσελθὼν τῷ πατρὶ τῷ ἐμῷ ἐν τῷ λιμένι, ἐκέλευσεν αὐτὸν χρῆσαι χιλίας τριακοσίας
					πεντήκοντα μίαν δύʼ ὀβολώ· τοσούτου γὰρ ἔφη προσδεῖσθαι· καὶ δοῦναι ἐκέλευσεν
					Ἀντιμάχῳ τῷ ταμίᾳ τῷ ἑαυτοῦ, ὃς τούτῳ διῴκει τότε πάντα. </p>
			</div>
			<div type="section" n="7">
				<p>καὶ ὁ μὲν δανεισάμενος τὸ ἀργύριον παρὰ τοῦ πατρὸς τοῦ ἐμοῦ Τιμόθεος ἦν καὶ
					κελεύσας δοῦναι Ἀντιμάχῳ τῷ ταμίᾳ τῷ ἑαυτοῦ, ὁ δὲ λαβὼν τὸ ἀργύριον ἀπὸ τῆς
					τραπέζης παρὰ Φορμίωνος Αὐτόνομος, ὅσπερ Ἀντιμάχῳ διετέλει γραμματεύων τὸν
					ἅπαντα χρόνον. </p>
			</div>
			<div type="section" n="8">
				<p>δοθέντος τοίνυν τοῦ ἀργυρίου τούτου ἐγράψατο μὲν ὀφείλοντα τὸν κελεύσαντα χρῆσαι
					Τιμόθεον, ὑπόμνημα δὲ ἐγράψατο, ᾧ τε οὗτος ἐκέλευσε δοῦναι, Ἀντιμάχῳ, καὶ ὃν ὁ
					Ἀντίμαχος συνέπεμψεν ἐπὶ τὴν τράπεζαν ληψόμενον τὸ ἀργύριον, τὸν Αὐτόνομον, τὰς
					χιλίας τριακοσίας δραχμὰς καὶ πεντήκοντα καὶ μίαν καὶ δύʼ ὀβολώ. τὸ μὲν τοίνυν
					πρῶτον χρέως, ὃ ἐκπλέων ἔλαβεν στρατηγῶν τὸ ὕστερον, τοσοῦτον ὀφείλει. </p>
			</div>
			<div type="section" n="9">
				<p>ἐπειδὴ δὲ ἀπεχειροτονήθη μὲν ὑφʼ ὑμῶν στρατηγὸς διὰ τὸ μὴ περιπλεῦσαι
					Πελοπόννησον, ἐπὶ κρίσει δὲ παρεδέδοτο εἰς τὸν δῆμον αἰτίας τῆς μεγίστης τυχών,
					ἐφειστήκει δὲ αὐτῷ Καλλίστρατος καὶ Ἰφικράτης, τῷ τε πράττειν καὶ εἰπεῖν
					δυνάμενοι, οὕτω δὲ διέθεσαν ὑμᾶς κατηγοροῦντες τούτου αὐτοί τε καὶ οἱ
					συναγορεύοντες αὐτοῖς, </p>
			</div>
			<div type="section" n="10">
				<p>ὥστε Ἀντίμαχον μὲν ταμίαν ὄντα καὶ πιστότατα διακείμενον τούτῳ κρίναντες ἐν τῷ
					δήμῳ ἀπεκτείνατε καὶ τὴν οὐσίαν αὐτοῦ ἐδημεύσατε, αὐτὸν δὲ τοῦτον ἐξαιτουμένων
					τῶν ἐπιτηδείων καὶ οἰκείων αὐτοῦ ἁπάντων, ἔτι δὲ καὶ Ἀλκέτου καὶ Ἰάσονος,
					συμμάχων ὄντων ὑμῖν, μόλις μὲν ἐπείσθητε ἀφεῖναι, </p>
			</div>
			<div type="section" n="11">
				<p>στρατηγοῦντα δὲ αὐτὸν ἐπαύσατε, —ἐν τοιαύταις δὲ ὢν διαβολαῖς καὶ ἀπορίᾳ χρημάτων
					πολλῇ (ἡ μὲν γὰρ οὐσία ὑπόχρεως ἦν ἅπασα, καὶ ὅροι αὐτῆς ἕστασαν, καὶ ἄλλοι
					ἐκράτουν· ὁ μὲν ἐν πεδίῳ ἀγρὸς ἀποτίμημα τῷ παιδὶ τῷ Εὐμηλίδου καθειστήκει,
					ἑξήκοντα δὲ τριηράρχοις τοῖς συνεκπλεύσασιν αὐτῷ ἑπτὰ μνῶν ἑκάστῳ ἡ ἄλλη οὐσία
					ὑπέκειτο, ἃς οὗτος αὐτοὺς στρατηγῶν ἠνάγκασε τοῖς ναύταις τροφὴν διαδοῦναι· </p>
			</div>
			<div type="section" n="12">
				<p>ἐπειδὴ δὲ ἀποχειροτονηθεὶς ἐν τῷ λόγῳ ἀπήνεγκεν ἐκ τῶν στρατιωτικῶν χρημάτων
					αὐτὸς δεδωκὼς εἰς τὰς ναῦς τὰς ἑπτὰ μνᾶς ταύτας τότε, φοβούμενος μὴ
					καταμαρτυρήσωσιν αὑτοῦ οἱ τριήραρχοι καὶ ἐξελέγχηται ψευδόμενος, δάνεισμα
					ποιεῖται ἰδίᾳ παρʼ ἑκάστου αὐτῶν τὰς ἑπτὰ μνᾶς καὶ ὑποτίθησιν αὐτοῖς τὴν οὐσίαν,
					ἃς νῦν αὐτοὺς ἀποστερεῖ καὶ τοὺς ὅρους ἀνέσπακεν), </p>
			</div>
			<div type="section" n="13">
				<p>πανταχόθεν δὲ ἀπορούμενος, καὶ ἐν ἀγῶνι τῷ μεγίστῳ καθεστηκὼς περὶ τοῦ σώματος
					διὰ τὸ συμβεβηκέναι τῇ πόλει τοιαῦτα πράγματα, ἄμισθον μὲν τὸ στράτευμα
					καταλελύσθαι ἐν Καλαυρείᾳ, πολιορκεῖσθαι δὲ τοὺς περὶ Πελοπόννησον συμμάχους ὑπὸ
					Λακεδαιμονίων, κατηγορούντων δὲ τοῦτον αἴτιον εἶναι τῆς παρούσης ἀτυχίας
					Ἰφικράτους καὶ Καλλιστράτου, ἔτι δὲ τῶν ἀφικνουμένων ἀπὸ στρατεύματος
					ἀπαγγελλόντων ἐν τῷ δήμῳ τὴν παροῦσαν ἔνδειαν καὶ ἀπορίαν, τὰ δὲ καὶ διʼ
					ἐπιστολῶν ἑκάστου πυνθανομένου παρὰ τῶν οἰκείων καὶ ἐπιτηδείων ὡς διέκειντο (ὧν
					ἀκούοντες ὑμεῖς ἐν τῷ δήμῳ τότε ἀναμνήσθητε πῶς ἕκαστος περὶ αὐτοῦ τὴν γνώμην
					εἶχεν· </p>
			</div>
			<div type="section" n="14">
				<p>οὐ γὰρ ἀγνοεῖτε τὰ λεγόμενα), μέλλων τοίνυν καταπλεῖν ἐπὶ τὴν κρίσιν, ἐν
					Καλαυρείᾳ δανείζεται χιλίας δραχμὰς παρὰ Ἀντιφάνους τοῦ Λαμπτρέως, ὃς ἐπέπλει
					ταμίας Φιλίππῳ τῷ ναυκλήρῳ, ἵνα διαδοίη τοῖς Βοιωτίοις τριηράρχοις, καὶ
					παραμένωσιν ἕως ἂν αὐτῷ ἡ κρίσις γένηται, καὶ μὴ καταλυθεισῶν πρότερον τῶν
					Βοιωτίων τριήρων καὶ διαπελθόντων τῶν στρατιωτῶν μᾶλλον αὐτῷ ὀργίζησθε ὑμεῖς.
				</p>
			</div>
			<div type="section" n="15">
				<p>οἱ μὲν γὰρ πολῖται ἠνείχοντο κακοπαθοῦντες καὶ παρέμενον· οἱ δὲ Βοιωτοὶ οὐκ
					ἔφασαν παραμενεῖν, εἰ μή τις αὐτοῖς τὴν καθʼ ἡμέραν τροφὴν δώσει. τότε οὖν
					ἀναγκαζόμενος δανείζεται τὰς χιλίας δραχμὰς παρὰ τοῦ Ἀντιφάνους, ὃς ἐπέπλει
					ταμιεύων Φιλίππῳ τῷ ναυκλήρῳ, καὶ δίδωσι τῷ Βοιωτίῳ ἄρχοντι τῶν νεῶν. </p>
			</div>
			<div type="section" n="16">
				<p>ἐπειδὴ δὲ ἀφίκετο δεῦρο, ἀπῄτουν αὐτὸν ὅ τε Φίλιππος καὶ Ἀντιφάνης τὰς χιλίας
					δραχμὰς ἃς ἐδανείσατο ἐν Καλαυρείᾳ, καὶ ἠγανάκτουν ὅτι οὐ ταχὺ ἀπελάμβανον.
					φοβούμενος δὲ οὗτος τοὺς ἐχθροὺς τοὺς ἑαυτοῦ, μὴ πύθοιντο ὅτι, ἃς ἐν τῷ λόγῳ
					ἀπήνεγκεν χιλίας δραχμὰς δεδωκὼς εἰς τὰς Βοιωτίας ναῦς ἐκ τῶν στρατιωτικῶν
					χρημάτων, </p>
			</div>
			<div type="section" n="17">
				<p>ταύτας Φίλιππος δανείσας ἀποστερεῖται, καὶ ἅμα δεδιὼς τὸν Φίλιππον, μὴ
					καταμαρτυροίη αὑτοῦ ἐν τῷ ἀγῶνι, προσελθὼν τῷ πατρὶ τῷ ἐμῷ ἐδεήθη ἀπαλλάξαι τὸν
					Φίλιππον καὶ χρῆσαι αὑτῷ τὰς χιλίας δραχμάς, ἵνα ἀποδοίη Φιλίππῳ. ὁρῶν δὲ ὁ
					πατὴρ ὁ ἐμὸς τό τε μέγεθος τοῦ ἀγῶνος ἡλίκον ἦν τούτῳ, καὶ ὡς ἠπορεῖτο οὗτος,
					καὶ ἐλεῶν αὐτόν, προσαγαγὼν πρὸς τὴν τράπεζαν ἐκέλευσεν ἀποδοῦναι Φιλίππῳ χιλίας
					δραχμὰς τὸν Φορμίωνα τὸν ἐπικαθήμενον ἐπὶ τῇ τραπέζῃ, καὶ γράψαι ὀφείλοντα
					Τιμόθεον. </p>
			</div>
			<div type="section" n="18">
				<p>καὶ ταῦτα ὅτι ἀληθῆ ἐστιν, τὸν δόντα τὸ ἀργύριον Φορμίωνα ὑμῖν μάρτυρα παρέξομαι,
					ἐπειδὰν καὶ περὶ τοῦ ἄλλου συμβολαίου διηγήσωμαι ὑμῖν, ἵνα τῇ αὐτῇ μαρτυρίᾳ περὶ
					ὅλου τοῦ χρέως ἀκούσαντες εἰδῆτε ὅτι ἀληθῆ λέγω. καλῶ δʼ ὑμῖν καὶ τὸν Ἀντιφάνην
					τὸν δανείσαντα τὸ ἀργύριον τούτῳ, τὰς χιλίας δραχμάς, ἐν Καλαυρείᾳ, καὶ παρόντα
					ὅτε ἀπέλαβε Φίλιππος τὸ ἀργύριον παρὰ τοῦ πατρὸς τοῦ ἐμοῦ ἐνθάδε. </p>
			</div>
			<div type="section" n="19">
				<p>τοῦ μὲν γὰρ μαρτυρίαν με ἐμβαλέσθαι πρὸς τὸν διαιτητὴν παρεκρούσατο, φάσκων ἀεί
					μοι μαρτυρήσειν εἰς τὴν κυρίαν· ἐπειδὴ δὲ ἡ δίαιτα ἦν, προσκληθεὶς ἀπὸ τῆς
					οἰκίας (οὐ γὰρ ἦν φανερός), ἔλιπε τὴν μαρτυρίαν πεισθεὶς ὑπὸ τούτου. τιθέντος δέ
					μου αὐτῷ τὴν δραχμὴν τοῦ λιπομαρτυρίου κατὰ τὸν νόμον, ὁ διαιτητὴς οὐ κατεδιῄτα,
					ἀλλʼ ἀπιὼν ᾤχετο ἀποδιαιτήσας τούτου τὴν δίαιταν, ἑσπέρας ἤδη οὔσης. </p>
			</div>
			<div type="section" n="20">
				<p>νυνὶ δὲ τῷ Ἀντιφάνει εἴληχα βλάβης ἰδίαν δίκην, ὅτι μοι οὔτʼ ἐμαρτύρησεν οὔτʼ
					ἐξωμόσατο κατὰ τὸν νόμον. καὶ ἀξιῶ αὐτὸν ἀναβάντα εἰπεῖν ἐναντίον ὑμῶν
					διομοσάμενον, πρῶτον μὲν εἰ ἐδάνεισε Τιμοθέῳ ἐν Καλαυρείᾳ χιλίας δραχμάς,
					δεύτερον δʼ εἰ παρὰ τοῦ πατρὸς Φίλιππος ἀπέλαβεν ἐνθάδε τοῦτο τὸ ἀργύριον. </p>
			</div>
			<div type="section" n="21">
				<p>σχεδὸν μὲν οὖν καὶ αὐτὸς οὗτος ὡμολόγει πρὸς τῷ διαιτητῇ ἀποδοῦναι τῷ Φιλίππῳ τὸν
					πατέρα τὸν ἐμὸν τὰς χιλίας δραχμάς, οὐ μέντοι αὑτῷ γέ φησιν δανεῖσαι, ἀλλὰ τῷ
					Βοιωτίῳ ναυάρχῳ, καὶ ὑποθεῖναί φησιν αὐτὸν τούτου τοῦ ἀργυρίου χαλκόν. ὡς δὲ οὐκ
					ἀληθῆ ἔλεγεν, ἀλλʼ αὐτὸς δανεισάμενος ἀποστερεῖ, ἐγὼ ὑμᾶς διδάξω, ἐπειδὰν καὶ
					περὶ τῶν ἄλλων ὧν ὀφείλει καθʼ ἕκαστον ὑμῖν διηγήσωμαι. </p>
			</div>
			<div type="section" n="22">
				<p>ἀφικομένου γὰρ Ἀλκέτου καὶ Ἰάσονος ὡς τοῦτον ἐν τῷ μαιμακτηριῶνι μηνὶ τῷ ἐπʼ
					Ἀστείου ἄρχοντος ἐπὶ τὸν ἀγῶνα τὸν τούτου, βοηθησόντων αὐτῷ, καὶ καταγομένων εἰς
					τὴν οἰκίαν τὴν ἐν Πειραιεῖ τὴν ἐν τῇ Ἱπποδαμείᾳ ἑσπέρας ἤδη οὔσης, ἀπορούμενος
					ὑποδέξασθαι αὐτούς, πέμψας ὡς τὸν πατέρα τὸν ἐμὸν Αἰσχρίωνα τὸν ἀκόλουθον τὸν
					αὑτοῦ, ἐκέλευσεν αἰτήσασθαι στρώματα καὶ ἱμάτια καὶ φιάλας ἀργυρᾶς δύο, καὶ μνᾶν
					ἀργυρίου δανείσασθαι. </p>
			</div>
			<div type="section" n="23">
				<p>ἀκούσας δὲ ὁ πατὴρ ὁ ἐμὸς τοῦ Αἰσχρίωνος τοῦ ἀκολούθου τοῦ τούτου τούς τε
					ἀφιγμένους καὶ τὴν χρείαν εἰς ἣν ᾐτεῖτο, ἐφʼ ἅ τε ἦλθεν ἔχρησεν, καὶ τὴν μνᾶν
					τοῦ ἀργυρίου, ἣν ἐδανείζετο, ἐδάνεισεν. ἀπολελυμένῳ τοίνυν τῆς αἰτίας πολλὴ
					συνέβαινεν αὐτῷ μετὰ ταῦτα χρημάτων ἀπορία εἴς τε τὰς ἰδίας χρείας καὶ εἰς τὰς
					δημοσίας εἰσφοράς, ἃ ὁρῶν ὁ πατὴρ ὁ ἐμὸς οὐκ ἐτόλμα τοῦτον εὐθὺς ἀπαιτεῖν τὸ
					ἀργύριον· </p>
			</div>
			<div type="section" n="24">
				<p>οὔτε γὰρ ἂν τοῦτον εὐπορήσανθʼ ἡγεῖτο ἀδικῆσαι αὑτόν, οὔτʼ ἂν αὐτὸς ἀποροῦντα
					τοῦτον ἔχειν ὁπόθεν εἰσπράξειεν. ἐπειδὴ τοίνυν ἀπῆλθον ὅ τε Ἀλκέτας καὶ ὁ Ἰάσων,
					τὰ μὲν στρώματα καὶ τὰ ἱμάτια πάλιν ἀπήνεγκεν ὁ Αἰσχρίων ὁ ἀκόλουθος ὁ τούτου,
					τὰς δὲ φιάλας τὰς δύο οὐκ ἀπήνεγκεν, ἃς ᾐτήσατο ὅτεπερ καὶ τὰ στρώματα καὶ τὴν
					μνᾶν τοῦ ἀργυρίου ἐδανείσατο, ἀφικομένων ὡς τοῦτον Ἀλκέτου καὶ Ἰάσονος. </p>
			</div>
			<div type="section" n="25">
				<p>μέλλων τοίνυν ἀποδημεῖν ὡς βασιλέα, καὶ διαπραξάμενος ἐκπλεῦσαι ὡς βασιλεῖ
					στρατηγήσων τὸν ἐπʼ Αἴγυπτον πόλεμον, ἵνα μὴ δῷ ἐνθάδε λόγον καὶ εὐθύνας τῆς
					στρατηγίας, μεταπεμψάμενος τὸν πατέρα τὸν ἐμὸν εἰς τὸ Παράλιον τῶν τε
					προϋπηργμένων εἰς αὑτὸν ἐπῄνει, </p>
			</div>
			<div type="section" n="26">
				<p>καὶ ἐδεῖτο αὐτοῦ συστήσας Φιλώνδαν, ἄνδρα τὸ μὲν γένος Μεγαρέα, μετοικοῦντα δʼ
					Ἀθήνησιν, πιστῶς δὲ τούτῳ διακείμενον καὶ ὑπηρετοῦντα ἐν ἐκείνῳ τῷ χρόνῳ,
					ἐπειδὰν ἀφίκηται ἐκ Μακεδονίας ὁ Φιλώνδας, ὃν συνίστη οὗτος τῷ πατρὶ τῷ ἐμῷ,
					ἄγων ξύλα τὰ δοθέντα τούτῳ ὑπὸ Ἀμύντου, τὸ ναῦλον τῶν ξύλων παρασχεῖν καὶ ἐᾶσαι
					ἀνακομίσαι τὰ ξύλα εἰς τὴν οἰκίαν τὴν ἑαυτοῦ τὴν ἐν Πειραιεῖ· αὑτοῦ γὰρ εἶναι τὰ
					ξύλα. </p>
			</div>
			<div type="section" n="27">
				<p>ἅμα τε τῇ δεήσει εἶπε λόγον, ᾧ οὐκ ἀκόλουθα ποιεῖ τὰ ἔργα νυνί· ἔφη γάρ, κἂν μὴ
					τύχῃ ὧν ἐδεῖτο τοῦ πατρός, οὐκ ὀργισθήσεσθαι ὥσπερ ἂν ἄλλος τις ἀποτυχών, ἀλλʼ
					ὧν αὑτῷ δεηθέντι ὑπηρέτηκεν, τούτων, ἄν ποτε δύνηται, χάριν ἀποδώσειν. ἀκούσας
					δὲ ὁ πατὴρ ὁ ἐμὸς ταῦτα ἥσθη τε τοῖς λόγοις, καὶ ἐπῄνει τοῦτον ὅτι μέμνηται εὖ
					παθών, καὶ ὅσα αὐτοῦ ἐδεῖτο ὑπέσχετο ποιήσειν. </p>
			</div>
			<div type="section" n="28">
				<p>καὶ οὗτος μὲν μετὰ ταῦτα τὴν ἀναγωγὴν ἐποιεῖτο ὡς τοὺς στρατηγοὺς τοὺς βασιλέως,
					ὁ δὲ Φιλώνδας, ᾧ συνέστησεν τὸν πατέρα τὸν ἐμόν, ἐπειδὰν ἀφίκηται ἄγων τὰ ξύλα,
					τὸ ναῦλον παρασχεῖν, εἰς τὴν Μακεδονίαν τὴν πορείαν ἐποιεῖτο. καὶ οὗτοι οἱ
					χρόνοι ἦσαν περὶ θαργηλιῶνα μῆνα ἐπʼ Ἀστείου ἄρχοντος. </p>
			</div>
			<div type="section" n="29">
				<p>τῷ δʼ ὑστέρῳ ἔτει ἀφικομένου τοῦ Φιλώνδου ἐκ τῆς Μακεδονίας ἄγοντος τὰ ξύλα,
					ἀποδημοῦντος τούτου παρὰ βασιλεῖ, καὶ προσελθόντος τῷ πατρὶ τῷ ἐμῷ καὶ
					κελεύοντος τὸ ναῦλον τῶν ξύλων παρασχεῖν, ἵνα διαλύσῃ τὸν ναύκληρον, καθάπερ
					οὗτος ἐδεήθη ὅτε ἐξέπλει τοῦ πατρὸς καὶ συνέστησε τὸν Φιλώνδαν, προσαγαγὼν πρὸς
					τὴν τράπεζαν ὁ πατὴρ ἐκέλευσε δοῦναι Φορμίωνα τὸ ναῦλον τῶν ξύλων, χιλίας
					ἑπτακοσίας πεντήκοντα. </p>
			</div>
			<div type="section" n="30">
				<p>καὶ ἠρίθμησε τὸ ἀργύριον Φορμίων· καὶ ἐγράψατο μὲν ὀφείλοντα Τιμόθεον (οὗτος γὰρ
					ἦν ὁ δεηθεὶς τοῦ πατρὸς παρασχεῖν τὸ ναῦλον τῶν ξύλων, καὶ τούτου ἦν), ὑπόμνημα
					δʼ ἐγράψατο τήν τε χρείαν εἰς ἣν ἐλήφθη τὸ ἀργύριον καὶ τὸ ὄνομα τοῦ λαβόντος.
					καὶ οὗτος ὁ χρόνος ἦν Ἀλκισθένους ἄρχοντος, ὁ ὕστερος ἐνιαυτὸς ἢ οὗτος ἀνήγετο
					ὡς βασιλέα. </p>
			</div>
			<div type="section" n="31">
				<p>ὑπὸ δὲ τὸν αὐτὸν χρόνον τοῦτον καὶ Τιμοσθένης ὁ Αἰγιλιεὺς ἀφικνεῖται κατʼ
					ἐμπορίαν ἰδίαν ἀποδημῶν. ἐπιτήδειος δὲ ὢν Φορμίωνι καὶ κοινωνὸς ὁ Τιμοσθένης,
					ὅτʼ ἐξέπλει, δίδωσιν ἀποθεῖναι τῷ Φορμίωνι μετʼ ἄλλων χρημάτων καὶ φιάλας
					λυκιουργεῖς δύο. ἀπὸ τύχης δὲ ὁ παῖς ταύτας τὰς φιάλας, οὐκ εἰδὼς ὅτι ἀλλότριαι
					ἦσαν, δίδωσι τῷ Αἰσχρίωνι τῷ ἀκολούθῳ τῷ τούτου, ὅτʼ ἐπέμφθη ὡς τὸν πατέρα τὸν
					ἐμὸν ὑπὸ τούτου, καὶ ᾐτεῖτο τὰ στρώματα καὶ τὰ ἱμάτια καὶ τὰς φιάλας, καὶ τὴν
					μνᾶν τοῦ ἀργυρίου ἐδανείσατο, ἀφικομένων ὡς τοῦτον Ἀλκέτου καὶ Ἰάσονος. </p>
			</div>
			<div type="section" n="32">
				<p>ἀπαιτοῦντος δὲ τοῦ Τιμοσθένους τὰς φιάλας τὸν Φορμίωνα, ἐπειδὴ ἧκεν, ἀποδημοῦντος
					Τιμοθέου παρὰ βασιλεῖ, πείθει αὐτὸν ὁ πατὴρ ὁ ἐμὸς τιμὴν ἀπολαβεῖν τῶν φιαλῶν,
					ὅσον ἦγον αἱ φιάλαι, διακοσίας τριάκοντα ἑπτά. καὶ τῷ μὲν Τιμοσθένει τιμὴν
					ἀπέδωκεν τῶν φιαλῶν, τοῦτον δὲ ἐγράψατο αὑτῷ ὀφείλοντα, πρὸς τὸ ἄλλο χρέως ὃ
					οὗτος αὐτῷ ὤφειλεν, ὃ ἀπέτεισεν τῷ Τιμοσθένει τῶν φιαλῶν. </p>
			</div>
			<div type="section" n="33">
				<p>καὶ ταῦτα πάντα ὅτι ἀληθῆ λέγω, τούτων ὑμῖν ἀναγνώσεται τὰς μαρτυρίας, πρῶτον μὲν
					τῶν δόντων τὸ ἀργύριον οἷς οὗτος ἐκέλευσεν ἀπὸ τῆς τραπέζης καὶ ἐπικαθημένων
					τότε, ἔπειτα τοῦ ἀπολαβόντος τὴν τιμὴν τῶν φιαλῶν.<quote n="*marturi/ai"
							><title>Μαρτυρίαι</title></quote><milestone unit="para" ed="P"/>ὅτι μὲν
					τοίνυν οὐ ψεύδομαι πρὸς ὑμᾶς περὶ ὧν εἶπον, τῶν μαρτυριῶν ἀναγιγνωσκομένων
					ἀκηκόατε. ὅτι δέ μοι καὶ αὐτὸς οὗτος ὡμολόγει τὰ ξύλα τὰ κομισθέντα ὑπὸ Φιλώνδου
					εἰς τὴν οἰκίαν τὴν ἑαυτοῦ ἀνακομισθῆναι τὴν ἐν Πειραιεῖ, τούτων ὑμῖν ἀναγνώσεται
					τὴν μαρτυρίαν.<quote n="*marturi/a"><title>Μαρτυρία</title></quote>
				</p>
			</div>
			<div type="section" n="34">
				<p>ὡς μὲν τοίνυν τούτου ἦν τὰ ξύλα ἃ ἤγαγεν ὁ Φιλώνδας, αὐτός μοι μεμαρτύρηκεν·
					ὡμολόγει γὰρ αὐτὰ πρὸς τῷ διαιτητῇ ἀνακομισθῆναι εἰς τὴν οἰκίαν τὴν ἑαυτοῦ τὴν
					ἐν Πειραιεῖ, ὡς μεμαρτύρηται ὑμῖν ὑπὸ τῶν ἀκουόντων. ἔτι δὲ καὶ ἐκ τεκμηρίων
					πειράσομαι ἐγὼ ὑμᾶς διδάξαι ὅτι ἀληθῆ λέγω. </p>
			</div>
			<div type="section" n="35">
				<p>οἴεσθε γάρ, ὦ ἄνδρες δικασταί, τὸν πατέρα τὸν ἐμόν, εἰ μὴ Τιμοθέου ἦν τὰ ξύλα καὶ
					ἐδεήθη οὗτος αὐτοῦ συστήσας τὸν Φιλώνδαν, ὅτε ἀνήγετο ὡς τοὺς στρατηγοὺς τοὺς
					βασιλέως, παρασχεῖν τὸ ναῦλον, ἐᾶσαι ἄν ποτε ὑποκειμένων αὐτῷ τῶν ξύλων τοῦ
					ναύλου ἀνακομίσαι τὸν Φιλώνδαν τὰ ξύλα ἐκ τοῦ λιμένος, ἀλλʼ οὐκ ἂν
					παρακαταστήσαντά τινα τῶν οἰκετῶν φυλάττειν καὶ τιμὴν λαμβάνειν τῶν πωλουμένων
					ξύλων, ἕως ἐκομίσατο τὰ ἑαυτοῦ, εἴπερ Φιλώνδου ἦν τὰ ξύλα καὶ ἐμπορίας ἕνεκα
					ἤχθη; </p>
			</div>
			<div type="section" n="36">
				<p>ἔπειτα πρὸς τούτοις τίνι ὑμῶν εἰκὸς δοκεῖ εἶναι, μὴ κελεύσαντος τούτου τὸ ναῦλον
					παρασχεῖν τῶν ξύλων τῶν δοθέντων τούτῳ ὑπὸ Ἀμύντου, πιστεῦσαι τὸν πατέρα τὸν
					ἐμὸν Φιλώνδᾳ καὶ ἐᾶσαι ἀνακομίσαι τὰ ξύλα ἐκ τοῦ λιμένος εἰς τὴν οἰκίαν τὴν
					τούτου; ἢ πῶς οἷόν τʼ ἐστὶν τὸν μὲν Φιλώνδαν ἐμπορίας ἕνεκα ἀγαγεῖν τὰ ξύλα, ὡς
					οὗτός φησιν, καταχρήσασθαι δὲ τοῦτον ἥκοντα εἰς τὴν οἰκοδομίαν τὴν αὑτοῦ τοῖς
					ξύλοις τούτοις; </p>
			</div>
			<div type="section" n="37">
				<p>σκέψασθε δὲ κἀκεῖνο, ὅτι πολλοὶ καὶ χρηστοὶ τῶν πολιτῶν οἰκεῖοι ὄντες τούτῳ
					ἐπεμελοῦντο τῶν τούτου, ἀποδημοῦντος παρὰ βασιλεῖ Τιμοθέου· ὧν οὐδεὶς τετόλμηκεν
					μαρτυρῆσαι τούτῳ ἢ ὡς οὐκ ἔλαβεν ὁ Φιλώνδας τὸ ναῦλον τῶν ξύλων ἀπὸ τῆς τραπέζης
					ἢ ὡς λαβὼν ἀπέδωκεν, οὐδʼ αὖ ὡς αὐτῶν τις διέλυσε τὸ ναῦλον ὑπὲρ τῶν ξύλων ὧν
					ἤγαγεν ὁ Φιλώνδας, δοθέντων τούτῳ παρʼ Ἀμύντου· ἡγοῦνται γὰρ περὶ πλείονος
					αὑτοῖς εἶναι καλοὶ κἀγαθοὶ δοκεῖν εἶναι μᾶλλον ἢ Τιμοθέῳ χαρίσασθαι τὰ ψευδῆ
					μαρτυροῦντες. </p>
			</div>
			<div type="section" n="38">
				<p>οὐ μέντοι οὐδὲ τούτου γʼ ἔφασαν καταμαρτυρῆσαι ἂν τἀληθῆ· οἰκεῖον γὰρ αὑτοῖς
					εἶναι. ὅπου τοίνυν μηδεὶς τετόλμηκε τῶν οἰκείων τούτῳ μαρτυρῆσαι καὶ
					ἐπιμελομένων τῶν τούτου, ὅτε ἀπεδήμει οὗτος παρὰ βασιλεῖ, ἢ ὡς οὐκ ἔλαβεν ὁ
					Φιλώνδας τὸ ναῦλον τῶν ξύλων ἀπὸ τῆς τραπέζης ἢ ὡς αὐτῶν τις διέλυσεν, πῶς οὐκ
					εἰκός ἐστιν ὑμᾶς ἡγεῖσθαί με τἀληθῆ λέγειν; </p>
			</div>
			<div type="section" n="39">
				<p>καὶ μὴν οὐδʼ ἐκεῖνό γε τολμήσει <add>λέγειν</add>, ὡς ἄλλος τις διέλυσε τὸ ναῦλον
					ὑπὲρ τῶν ξύλων ὧν ἤγαγεν ὁ Φιλώνδας, ἢ ὁ πατὴρ ὁ ἐμός. ἐὰν δὲ καταχρῆται τῷ
					λόγῳ, ἀξιοῦτε αὐτὸν καὶ τὴν μαρτυρίαν παρασχέσθαι ὑμῖν τοῦ ἀποδόντος τὸ ναῦλον
					ὑπὲρ τῶν ξύλων. αὐτὸς μὲν γὰρ ὁμολογεῖται ἀποδημεῖν παρὰ βασιλεῖ, τὸν δὲ
					Φιλώνδαν, ὃν ἔπεμψεν ἐπὶ τὰ ξύλα καὶ συνέστησε τῷ πατρὶ τῷ ἐμῷ, τεθνηκότα
					κατέλαβες ἥκων παρὰ βασιλέως. </p>
			</div>
			<div type="section" n="40">
				<p>ἀναγκαῖον δὴ τῶν ἄλλων οἰκείων καὶ ἐπιτηδείων, οὓς κατέλιπες ἀποδημεῖν μέλλων
					συνεπιμελεῖσθαι τῶν σαυτοῦ, εἰδέναι τινὰ ὅθεν τὸ ναῦλον τῶν ξύλων πορίσας ὁ
					Φιλώνδας τῷ ναυκλήρῳ διέλυσεν, εἰ μὴ φὴς τὸν πατέρα τὸν ἐμὸν συστῆσαι αὐτῷ, μηδὲ
					λαβεῖν τὸν Φιλώνδαν παρὰ τοῦ πατρὸς τοῦ ἐμοῦ τὸ ναῦλον τῶν ξύλων. </p>
			</div>
			<div type="section" n="41">
				<p>μαρτυρίαν τοίνυν οὐδενὸς ἔχεις παρασχέσθαι τῶν οἰκείων τῶν σαυτοῦ, ὡς οὐκ ἐλήφθη
					σοῦ ἀποδημοῦντος τὸ ναῦλον τῶν ξύλων ἀπὸ τῆς τραπέζης, ἀλλὰ δυοῖν θάτερον, ἢ
					οὐδενὶ χρῇ τῶν οἰκείων οὐδὲ πιστεύεις τῶν σαυτοῦ οὐδενί, ἢ εἰδὼς ἀκριβῶς τὸν
					Φιλώνδαν λαβόντα τὸ ναῦλον τῶν ξύλων παρὰ τοῦ πατρὸς τοῦ ἐμοῦ, ᾧπερ αὐτὸν
					συνέστησας ὅτε ἐξέπλεις, οἴει δεῖν ἀποστερήσας ἡμᾶς, ἐὰν δύνῃ, πλεονεκτεῖν. </p>
			</div>
			<div type="section" n="42">
				<p>ἐγὼ τοίνυν, ὦ ἄνδρες δικασταί, πρὸς τῇ μαρτυρίᾳ, ἣν παρέσχημαι ὑμῖν μαρτυροῦντας
					τοὺς δόντας τὸ ἀργύριον οἷς οὗτος ἐκέλευσεν καὶ καθημένους ἐπὶ τῇ τραπέζῃ τότε,
					καὶ πίστιν ἠθέλησα ἐπιθεῖναι, ἣν ἀναγνώσεται ὑμῖν.</p>
				<quote n="*(/orkos"><title>Ὅρκος</title></quote>
				<p>οὐ τοίνυν, ὦ ἄνδρες δικασταί, γράψας μοι ὁ πατὴρ κατέλιπεν τὰ χρέα μόνον, ἀλλὰ
					καὶ ἔλεγεν ἀρρωστῶν ὅ τι ὀφείλοιτο αὐτῷ ἕκαστον, καὶ παρʼ ᾧ, καὶ εἰς ὅ τι ἐλήφθη
					τὸ ἀργύριον, καὶ τῷ ἀδελφῷ τῷ ἐμῷ. καὶ ὡς ταῦτʼ ἀληθῆ λέγω, ἀνάγνωθί μοι τὴν
					μαρτυρίαν τοῦ ἀδελφοῦ.</p>
				<quote n="*marturi/a"><title>Μαρτυρία</title></quote>
			</div>
			<div type="section" n="43">
				<p>ὡς μὲν τοίνυν κατελείφθη ὀφείλων Τιμόθεος ἡμῖν τὸ ἀργύριον ὑπὸ τοῦ πατρός, οὗ
					δικάζομαι αὐτῷ, καὶ γίγνεται ἐμὸν τὸ μέρος, ὅ τε ἀδελφός μοι μεμαρτύρηκεν καὶ ὁ
					Φορμίων ὁ δοὺς τὸ ἀργύριον, κἀγὼ τούτων πίστιν ἠθέλησα ἐπιθεῖναι. προκαλεσαμένου
					δὲ τούτου πρὸς τῷ διαιτητῇ καὶ κελεύοντος ἐνεγκεῖν τὰ γράμματα ἀπὸ τῆς τραπέζης
					καὶ ἀντίγραφα αἰτοῦντος, πέμψαντος Φρασιηρίδην ἐπὶ τὴν τράπεζαν, τῷ τε
					Φρασιηρίδῃ ἐξενέγκας ἔδωκα ζητεῖν τὰ γράμματα καὶ ἐκγράφεσθαι ὅσα οὗτος ὤφειλε,
					καὶ ὡς ὡμολόγει λαβεῖν οὗτος τὰ ἀντίγραφα, ἀνάγνωθί μοι τὴν μαρτυρίαν.<quote
						n="*marturi/a"><title>Μαρτυρία</title></quote>
				</p>
			</div>
			<div type="section" n="44">
				<p>πρὸς τοίνυν τὸν διαιτητὴν κομίσαντός μου τὰ γράμματα, παρὼν ὁ Φορμίων καὶ ὁ
					Εὐφραῖος, οἱ δόντες τὸ ἀργύριον οἷς ἐκέλευσεν οὗτος, ἐξήλεγχον αὐτὸν ἐν οἷς τε
					χρόνοις ἕκαστον ἐδανείσατο, καὶ ὅστις ἔλαβε τὸ ἀργύριον, καὶ εἰς ἃ κατεχρήσατο.
					ὁ δὲ τὰς μὲν χιλίας καὶ τριακοσίας καὶ πεντήκοντα καὶ μίαν καὶ δύʼ ὀβολώ, ἃς
					πρώτας ἐδανείσατο τοῦ μουνιχιῶνος μηνὸς μέλλων ἐκπλεῖν ἐπὶ Σωκρατίδου ἄρχοντος,
					ἃς καὶ ἐκέλευσε δοῦναι Ἀντιμάχῳ τῷ ταμίᾳ τῷ ἑαυτοῦ, ἰδίᾳ ἔφη δανεῖσαι τὸν πατέρα
					Ἀντιμάχῳ καὶ οὐκ αὐτὸς λαβεῖν. </p>
			</div>
			<div type="section" n="45">
				<p>καὶ ὡς μὲν ἀληθῆ λέγει, οὐδένα μάρτυρα παρέσχηται, λόγῳ δὲ καταχρῆται, ἵνα μὴ
					αὐτὸς δοκῇ ἀποστερεῖν ἀλλʼ Ἀντίμαχος δανείσασθαι. καίτοι, ὦ ἄνδρες δικασταί,
					μέγα ὑμῖν ἐρῶ τεκμήριον ὅτι οὐκ Ἀντιμάχῳ ἐδάνεισεν ὁ πατὴρ τοῦτο τὸ ἀργύριον,
					ἀλλὰ Τιμοθέῳ περὶ ἀναγωγὴν ὄντι. πότερα γὰρ ἂν οἴεσθε ῥᾷον εἶναι τῷ πατρὶ
					δημευθέντων τῶν Ἀντιμάχου ἐνεπισκήψασθαι ἐν τῇ οὐσίᾳ τῇ ἐκείνου ἐνοφειλόμενον
					αὑτῷ τοῦτο τὸ ἀργύριον, εἴπερ Ἀντιμάχῳ ἐδάνεισεν, </p>
			</div>
			<div type="section" n="46">
				<p>ἢ ἀναμένειν ὁπότε παρὰ τούτου κομιεῖσθαι ἔμελλεν εὐπορήσαντος, ὃς οὐ πολλὰς
					ἐλπίδας σωτηρίας περὶ αὑτοῦ εἶχεν ἐν ἐκείνῳ τῷ χρόνῳ; καὶ μὴν ἐνεπισκηψάμενός γε
					οὔτʼ ἂν παρακαταβολῆς ἠπόρησεν οὔτʼ ἂν ἠπιστήθη ὑφʼ ὑμῶν (πάντες γὰρ ἴστε τὸν
					πατέρα τὸν ἐμὸν οὐ τῶν δημοσίων ἀδίκως ἐπιθυμοῦντα, ἀλλὰ τῶν αὑτοῦ ὑμῖν, ὅ τι
					κελεύσαιτε, προθύμως ἀναλίσκοντα), </p>
			</div>
			<div type="section" n="47">
				<p> εἶτα καὶ ἐπιτηδείου ὄντος αὐτῷ Καλλιστράτου, ὅσπερ ἐδήμευσεν τὰ Ἀντιμάχου, ὥστε
					μηδὲν ἐναντιοῦσθαι. ὥστε τί ἄν ποτε βουλόμενος ὁ πατὴρ ἐβούλετο Τιμόθεον χρήστην
					ἐγγράψας ἡμῖν καταλιπεῖν, εἴπερ μὴ ὤφειλεν τοῦτο τὸ ἀργύριον, μᾶλλον ἢ οὐκ ἐκ
					τῶν Ἀντιμάχου δημευθέντων ἐνεπισκηψάμενος κομίσασθαι; </p>
			</div>
			<div type="section" n="48">
				<p>περὶ δὲ τῶν χιλίων δραχμῶν, ἃς ἐδανείσατο παρὰ τοῦ Ἀντιφάνους ἐν Καλαυρείᾳ, ἵνα
					διαδοίη τοῖς Βοιωτίοις τριηράρχοις, μέλλων καταπλεῖν ἐπὶ τὴν κρίσιν, ἃς καὶ
					ἀπέδωκεν Φιλίππῳ τῷ ναυκλήρῳ ἐνθάδε λαβὼν παρὰ τοῦ πατρὸς τοῦ ἐμοῦ, τὸν Βοιώτιον
					ναύαρχόν φησι δανείσασθαι, καὶ ὑποθεῖναι τούτου τοῦ ἀργυρίου τῷ πατρὶ τῷ ἐμῷ
					χαλκόν. </p>
			</div>
			<div type="section" n="49">
				<p>ὡς δʼ οὐκ ἀληθῆ λέγει, μέγα ὑμῖν ἐρῶ τεκμήριον. πρῶτον μὲν γὰρ ἐν Καλαυρείᾳ οὗτος
					φαίνεται δανεισάμενος τὰς χιλίας δραχμὰς καὶ οὐχ ὁ Βοιώτιος ναύαρχος, ἔπειτα
					ἀπαιτῶν ὁ Φίλιππος ἐνθάδε τοῦτον τὰς χιλίας δραχμὰς καὶ οὐ τὸν Βοιώτιον
					ναύαρχον, καὶ ἀποδοὺς οὗτος, ἀλλʼ οὐχ ὁ Βοιώτιος ναύαρχος· προσῆκεν γὰρ τῷ μὲν
					Βοιωτίῳ ἄρχοντι παρὰ τούτου τὴν τροφὴν τοῖς ἐν ταῖς ναυσὶν λαμβάνειν· ἐκ γὰρ τῶν
					κοινῶν συντάξεων ἡ μισθοφορία ἦν τῷ στρατεύματι· τὰ δὲ χρήματα σὺ ἅπαντα
					ἐξέλεξας ἐκ τῶν συμμάχων, καὶ σὲ ἔδει αὐτῶν λόγον ἀποδοῦναι. </p>
			</div>
			<div type="section" n="50">
				<p>εἶτα καταλυθεισῶν τῶν Βοιωτίων νεῶν καὶ διαπελθόντων τῶν στρατιωτῶν τῷ μὲν
					Βοιωτίῳ ναυάρχῳ οὐδεὶς κίνδυνος ὑπʼ Ἀθηναίων ἦν, οὐδʼ ἐν ἀγῶνι καθειστήκει
					οὐδενί· σὺ δʼ ἐν τῷ μεγίστῳ· περίφοβος δὲ ὢν ἡγοῦ σοι μεγάλην ἐπικουρίαν
					ἀπολογίας ἔσεσθαι, ἐὰν παραμείνωσιν αἱ Βοιώτιαι τριήρεις, ἕως ἄν σοι ἡ κρίσις
					γένηται. ἔπειτα καὶ ἐκ τίνος ἂν φιλίας ποτὲ ἐδάνεισεν ὁ πατὴρ ὁ ἐμὸς τῷ Βοιωτίῳ
					ναυάρχῳ τὰς χιλίας δραχμάς, ὃν οὐκ ἐγίγνωσκεν;</p>
			</div>
			<div type="section" n="51">
				<p>ἀλλὰ γὰρ ὑποθέσθαι φησὶν αὐτὸν χαλκόν. πόσον τινὰ καὶ ποδαπόν; καὶ πόθεν
					γενόμενον τὸν χαλκὸν τοῦτον τῷ Βοιωτίῳ ναυάρχῳ; πότερα κατʼ ἐμπορίαν ἀχθέντα ἢ
					ἀπʼ αἰχμαλώτων γενόμενον; εἶτα τίνες ἦσαν οἱ ἐνέγκαντες τὸν χαλκὸν ὡς τὸν πατέρα
					τὸν ἐμόν; μισθωτοὶ ἢ οἰκέται; </p>
			</div>
			<div type="section" n="52">
				<p>ἢ τίς ὁ παραλαβὼν τῶν οἰκετῶν τῶν ἡμετέρων; χρῆν γὰρ αὐτόν, εἰ μὲν οἰκέται
					ἤνεγκαν, τοὺς κομίσαντας παραδιδόναι, εἰ δὲ μισθωτοί, τὸν ὑποδεξάμενον καὶ
					ἀποστησάμενον τὸν χαλκὸν τῶν οἰκετῶν τῶν ἡμετέρων, τοῦτον ἐξαιτεῖν· οὐ γὰρ δήπου
					ἄνευ γε σταθμοῦ ἔμελλεν οὔτε ὁ ὑποτιθέμενος <add>παραλήψεσθαι</add> οὔθʼ ὁ
					ὑποτιθεὶς τὸν χαλκὸν παραδώσειν, οὐδʼ αὖ ὁ πατὴρ ἔμελλεν αὐτὸς οὔτε οἴσειν τὸν
					χαλκὸν οὔτε στήσεσθαι, ἀλλʼ οἰκέται ἦσαν αὐτῷ, οἳ τὰ ἐνέχυρα τῶν δανεισμάτων
					παρελάμβανον. </p>
			</div>
			<div type="section" n="53">
				<p>θαυμάζω δʼ ἔγωγε καὶ τίνος ἕνεκʼ ἄν ποτε ὑπετίθει τὸν χαλκὸν τῷ πατρὶ τῷ ἐμῷ ὁ
					Βοιώτιος ναύαρχος, Φιλίππῳ ὀφείλων χιλίας δραχμάς. πότερον ὡς Φίλιππος οὐκ ἂν
					ἡδέως τόκον ἐλάμβανεν, εἴπερ ἀσφαλῶς ἦν αὐτῷ τὸ ἀργύριον δεδανεισμένον καὶ ἐπʼ
					ἐνεχύρῳ; ἢ ὡς οὐκ ἦν τῷ Φιλίππῳ ἀργύριον; ὥστε τι ἔδει τοῦ πατρὸς τοῦ ἐμοῦ
					δεηθῆναι δανεῖσαι τὰς χιλίας δραχμὰς τὸν Βοιώτιον ναύαρχον καὶ ἀποδοῦναι Φιλίππῳ
					μᾶλλον ἢ οὐ τὸν χαλκὸν ὑποθεῖναι τῷ Φιλίππῳ;</p>
			</div>
			<div type="section" n="54">
				<p>ἀλλʼ οὔτε ὁ χαλκὸς ὑπετέθη, ὦ ἄνδρες δικασταί, οὔτε ὁ Βοιώτιος ναύαρχος
					ἐδανείσατο τὰς χιλίας δραχμὰς παρὰ τοῦ πατρὸς τοῦ ἐμοῦ, ἀλλὰ Τιμόθεος οὑτοσὶ ἐν
					ἀπορίᾳ ὢν πολλῇ· τὴν δὲ χρείαν, εἰς ἣν κατεχρήσατο τῷ ἀργυρίῳ, εἴρηκα ὑμῖν. ἀντὶ
					δὲ τοῦ χάριν ἀποδοῦναι ὧν ἐπιστεύθη καὶ ἔλαβεν παρὰ τοῦ πατρὸς τοῦ ἐμοῦ, οἴεται
					δεῖν καὶ τὰ ἀρχαῖα, ἂν δύνηται, ἀποστερῆσαι. </p>
			</div>
			<div type="section" n="55">
				<p>περὶ μὲν τοίνυν τῶν φιαλῶν καὶ τῆς μνᾶς τοῦ ἀργυρίου, ἣν ἐδανείσατο παρὰ τοῦ
					πατρὸς πέμψας τὸν ἀκόλουθον τὸν ἑαυτοῦ Αἰσχρίωνα τῆς νυκτὸς ὡς τὸν πατέρα τὸν
					ἐμόν, ἠρόμην αὐτὸν πρὸς τῷ διαιτητῇ εἰ ἔτι δοῦλος εἴη ὁ Αἰσχρίων, καὶ ἠξίουν
					αὐτὸν ἐν τῷ δέρματι τὸν ἔλεγχον διδόναι. ἀποκριναμένου δέ μοι τούτου ὅτι
					ἐλεύθερος εἴη, τῆς μὲν ἐξαιτήσεως ἐπέσχον, μαρτυρίαν δʼ αὐτὸν ἠξίουν ἐμβαλέσθαι
					τοῦ Αἰσχρίωνος ὡς ἐλευθέρου ὄντος. </p>
			</div>
			<div type="section" n="56">
				<p>ὁ δὲ οὔτε ὡς ἐλευθέρου ὄντος τοῦ Αἰσχρίωνος μαρτυρίαν παρέσχετο, οὔθʼ ὡς δοῦλον
					τὸν Αἰσχρίωνα παραδοὺς ἐκ τοῦ σώματος τὸν ἔλεγχον ἠξίου γενέσθαι, φοβούμενος,
					ἐὰν μὲν μαρτυρίαν παράσχηται ὡς ἐλευθέρου ὄντος, μὴ ἐπισκηψάμενος ἐγὼ τῶν
					ψευδομαρτυρίων καὶ ἐξελέγξας τὰ ψευδῆ μεμαρτυρηκότα τὸν Αἰσχρίωνα ἐπὶ τόνδε τῶν
					κακοτεχνιῶν ἔλθοιμι κατὰ τὸν νόμον, εἰ δʼ αὖ βασανίζειν παραδώσει, μὴ τὰς
					ἀληθείας κατείποι ὁ Αἰσχρίων. </p>
			</div>
			<div type="section" n="57">
				<p>καίτοι καλὸν ἦν αὐτῷ, εἰ τῶν ἄλλων λημμάτων τοῦ ἀργυρίου μάρτυρας μὴ εἶχεν
					παρασχέσθαι, τοῦτό γε ἐξελέγξαι ἐκ τοῦ Αἰσχρίωνος, ὡς οὐκ ἐλήφθησαν αἱ φιάλαι
					οὐδʼ ἡ μνᾶ τοῦ ἀργυρίου, οὐδὲ ἐπέμφθη ὁ Αἰσχρίων ὑπὸ τούτου ὡς τὸν πατέρα τὸν
					ἐμόν, καὶ τεκμηρίῳ τούτῳ καταχρήσασθαι πρὸς ὑμᾶς ὅτι ἐγὼ καὶ τἄλλα ψεύδομαι περὶ
					ὧν ἐγκαλῶ αὐτῷ, ὅπου γε ὅν φημι λαβεῖν οἰκέτην ὄντα τούτου τὰς φιάλας καὶ τὴν
					μνᾶν τοῦ ἀργυρίου, οὗτος βασανιζόμενος οὐ φαίνεται λαβών. </p>
			</div>
			<div type="section" n="58">
				<p>εἰ τοίνυν τοῦτο ἰσχυρὸν ἦν ἂν τούτῳ πρὸς ὑμᾶς τεκμήριον ὅτι ἐξεδίδου τὸν
					Αἰσχρίωνα, ὃν πεμφθῆναί φημι ὑπὸ τούτου καὶ λαβεῖν τὰς φιάλας παρὰ τοῦ πατρὸς
					τοῦ ἐμοῦ καὶ τὴν μνᾶν τοῦ ἀργυρίου δανείσασθαι, κἀμοὶ γενέσθω τεκμήριον πρὸς
					ὑμᾶς ὅτι συνειδώς με ἀληθῆ ἐγκαλοῦντα οὐ τολμᾷ τὸν Αἰσχρίωνα παραδοῦναι. </p>
			</div>
			<div type="section" n="59">
				<p>ἀπολογίαν τοίνυν ποιήσεται ὅτι ἐν τοῖς γράμμασιν τοῖς τραπεζιτικοῖς ἐπὶ
					Ἀλκισθένους ἄρχοντος ἦν ἐγγεγραμμένος τό τε ναῦλον τῶν ξύλων εἰληφὼς καὶ τὴν
					τιμὴν τῶν φιαλῶν, ὃ ἀπέτεισεν Τιμοσθένει ὑπὲρ τούτου ὁ πατήρ, καὶ ὅτι αὐτὸς ἐν
					τούτῳ τῷ χρόνῳ οὐκ ἐπεδήμει, ἀλλὰ παρὰ βασιλεῖ ἦν. περὶ δὴ τούτου σαφῶς ὑμᾶς
					βούλομαι διδάξαι, ἵνʼ ἀκριβῶς εἰδῆτε ὃν τρόπον ἔχει τὰ γράμματα τὰ ἀπὸ τῆς
					τραπέζης. </p>
			</div>
			<div type="section" n="60">
				<p>οὗτος γὰρ ἐν μὲν τῷ θαργηλιῶνι μηνὶ ἐπʼ Ἀστείου ἄρχοντος, μέλλων ἀνάγεσθαι ὡς
					βασιλέα, συνέστησεν τὸν Φιλώνδαν τῷ πατρὶ τῷ ἐμῷ· τοῦ δὲ ὑστέρου ἐνιαυτοῦ, ἐπὶ
					Ἀλκισθένους ἄρχοντος, ἀφικνεῖται ὁ Φιλώνδας ἄγων τὰ ξύλα ἐκ τῆς Μακεδονίας, καὶ
					ἔλαβεν τὸ ναῦλον τῶν ξύλων παρὰ τοῦ πατρὸς τοῦ ἐμοῦ, ἀποδημοῦντος τούτου παρὰ
					βασιλεῖ. ἐγράψαντο οὖν, ὅτε ἐδίδοσαν τὸ ἀργύριον, ὀφείλοντα τοῦτον, οὐχ ὅτε
					συνέστησε τὸν Φιλώνδαν τῷ πατρὶ τῷ ἐμῷ ἐπιδημῶν. </p>
			</div>
			<div type="section" n="61">
				<p>ὅτε μὲν γὰρ συνέστησεν, οὐδέπω τὰ ξύλα ἧκεν, ἀλλʼ ἔμελλεν ἐπʼ αὐτὰ ὁ Φιλώνδας τὴν
					πορείαν ποιεῖσθαι· ὅτε δὲ ἦλθεν τὰ ξύλα ἄγων, οὗτος μὲν ἀπεδήμει, ὁ δὲ Φιλώνδας
					ἔλαβεν τὸ ναῦλον τῶν ξύλων καθάπερ οὗτος ἐκέλευσε, καὶ ἀνεκομίσθη εἰς τὴν οἰκίαν
					τὴν ἐν Πειραιεῖ τὴν τούτου τὰ ξύλα. ὅτι δὲ οὐκ εὐπορῶν οὗτος ἐξέπλει ἐνθένδε,
					ἴστε μὲν καὶ αὐτοὶ ὅσοις αὐτοῦ ἡ οὐσία ὡρισμένη ἦν, οὓς νῦν ἀποστερεῖ· ἵνα δὲ
					εἰδῆτε ὅτι καὶ ἄνευ ἐνεχύρων ὤφειλέ τισι τῶν πολιτῶν, οὐκ ἔχων ὑποθεῖναι τὰ
					ἄξια, ἀνάγνωθί μοι τὴν μαρτυρίαν.<quote n="*marturi/a"
						><title>Μαρτυρία</title></quote>
				</p>
			</div>
			<div type="section" n="62">
				<p>περὶ δὲ τῶν φιαλῶν, ἃς ᾐτήσατο μὲν ἐν τῷ μαιμακτηριῶνι μηνὶ ὁ Αἰσχρίων ὁ
					ἀκόλουθος <add>ὁ</add> τούτου ἐπʼ Ἀστείου ἄρχοντος, ἐπιδημοῦντος τούτου, ὅτε
					ὑπεδέξατο Ἀλκέτην καὶ Ἰάσονα, γεγραμμένου δὲ τὴν τιμὴν ὀφείλοντος τούτου ἐπὶ
					Ἀλκισθένους ἄρχοντος, τέως μὲν ᾤετο αὐτὸν ἀποίσειν τὰς φιάλας, ἃς ᾐτήσατο, ὁ
					πατήρ· ἐπειδὴ δὲ οὗτος μὲν ἀπῆλθε, τὰς δὲ φιάλας οὐκ ἀπενηνόχει, οὐδʼ ἦσαν αἱ
					φιάλαι τοῦ Τιμοσθένους κείμεναι παρὰ τῷ Φορμίωνι, ἥκων δʼ ἀπῄτει τὰς φιάλας ὁ
					θέμενος, ἀπέτεισε τιμὴν τῶν φιαλῶν τῷ Τιμοσθένει, ἐγράψατο δὲ ὁ πατὴρ αὑτῷ
					τοῦτον ὀφείλοντα πρὸς τὸ ἄλλο χρέως. </p>
			</div>
			<div type="section" n="63">
				<p>ὥστʼ ἐὰν ταύτῃ ἀπολογίᾳ καταχρῆται, ὅτι οὐκ ἐπεδήμει ἐν τοῖς χρόνοις ἐν οἷς
					γέγραπται τὴν τιμὴν τῶν φιαλῶν ὀφείλων, ὑποβάλλετε αὐτῷ ὅτι <q>ἔλαβες μὲν
						ἐπιδημῶν· ἐπειδὴ δὲ οὐκ ἀπέφερες, ἀπεδήμεις δέ, οὐκ ἦσαν δὲ αἱ φιάλαι ἃς ὁ
						θέμενος ἀπῄτει, ἐγράφης τὴν τιμὴν αὐτῶν ὀφείλων, ὃ ἀπετείσθη τῶν φιαλῶν.</q>
				</p>
			</div>
			<div type="section" n="64">
				<p>ἀλλὰ νὴ Δία, φήσει ἴσως, ἔδει τὸν πατέρα τὸν ἐμὸν ἀπαιτεῖν αὐτὸν τὰς φιάλας. ἀλλʼ
					ἑώρα σε ὡς ἠποροῦ. κᾆτα περὶ μὲν τοῦ ἄλλου χρέως σοι ἐπίστευεν, καὶ ἡγεῖτο,
					ἐπειδὰν ἔλθῃς, ἀπολήψεσθαι παρὰ σοῦ εὐπορήσαντος, περὶ δὲ τῶν φιαλῶν σοι
					ἀπιστήσειν ἔμελλεν; καὶ ὑπέσχετο μὲν δεομένου σου τὸ ναῦλον τῶν ξύλων
					παρασχήσειν, ὅτε ἀνήγου πρὸς βασιλέα· ἕνεκα δὲ τῶν φιαλῶν, δυοῖν οὐσῶν,
					ἀπιστήσειν σοι ἔμελλε; καὶ τὸ μὲν ἄλλο χρέως σε οὐκ ἀπῄτει, ἀπορούμενον ὁρῶν,
					τὰς δὲ φιάλας ἔμελλεν; </p>
			</div>
			<div type="section" n="65">
				<p>βούλομαι τοίνυν ὑμῖν καὶ περὶ τῆς προκλήσεως τοῦ ὅρκου εἰπεῖν, ἣν ἐγὼ τοῦτον
					προὐκαλεσάμην καὶ οὗτος ἐμέ. ἐμβαλομένου γὰρ ἐμοῦ ὅρκον εἰς τὸν ἐχῖνον, ἠξίου
					οὗτος καὶ αὐτὸς ὀμόσας ἀπηλλάχθαι. ἐγὼ δʼ εἰ μὲν μὴ περιφανῶς αὐτὸν ᾔδη πολλοὺς
					καὶ μεγάλους ὅρκους ἐπιωρκηκότα καὶ πόλεσι καὶ ἰδιώταις, ἔδωκα ἂν αὐτῷ τόνδε τὸν
					ὅρκον· νῦν δέ μοι ἐδόκει, μαρτύρων μὲν ὄντων ἐμοὶ ὡς ἔλαβον τὸ ἀργύριον ἀπὸ τῆς
					τραπέζης οἷς οὗτος ἐκέλευσεν δοῦναι, περιφανῶν δὲ τεκμηρίων, δεινὸν εἶναι τὸν
					ὅρκον δοῦναι τούτῳ, ὃς οὐχ ὅπως εὐορκήσει πρόνοιαν ποιήσεται, ἀλλʼ οὐδὲ τῶν
					ἱερῶν αὐτῶν ἕνεκα τοῦ πλεονεκτήματος ἀπέσχηται. </p>
			</div>
			<div type="section" n="66">
				<p>τὰ μὲν οὖν καθʼ ἕκαστα πόλλʼ ἂν εἴη λέγειν, ὧν ἐπιώρκηκεν οὗτος ῥᾳδίως· οὓς δὲ
					περιφανέστατα καὶ ὑμεῖς αὐτῷ πάντες σύνιστε ὅρκους ἐπιωρκηκότι, τούτους ἀναμνήσω
					ὑμᾶς. ἴστε γὰρ τοῦτον ἐν τῷ δήμῳ ὀμόσαντα καὶ ἐπαρασάμενον αὑτῷ ἐξώλειαν, εἰ μὴ
					γράψοιτο Ἰφικράτην ξενίας, καὶ καθιερώσαντα τὴν οὐσίαν τὴν ἑαυτοῦ. ὀμόσας δὲ
					ταῦτα καὶ ὑποσχόμενος ἐν τῷ δήμῳ, οὐ πολλῷ χρόνῳ ὕστερον ἕνεκα τοῦ συμφέροντος
					αὑτῷ ἔδωκεν τῷ υἱεῖ τῷ ἐκείνου τὴν θυγατέρα. </p>
			</div>
			<div type="section" n="67">
				<p>ὃς οὖν οὔτε ὑμᾶς ᾐσχύνθη ἐξαπατῆσαι ὑποσχόμενος, νόμων ὄντων, ἐάν τις τὸν δῆμον
					ὑποσχόμενος ἐξαπατήσῃ, εἰσαγγελίαν εἶναι περὶ αὐτοῦ, οὔτε τοὺς θεοὺς ὀμόσας καὶ
					ἐπαρασάμενος ἑαυτῷ ἔδεισεν, οὓς ἐπιώρκησεν, πῶς οὐκ εἰκὸς ἐμὲ τούτῳ μὴ ἐθέλειν
					ὅρκον δοῦναι; οὔπω τοίνυν πολὺς χρόνος ἐστὶν ἐξ ὅτου ἐν τῷ δήμῳ πάλιν διωμόσατο
					μὴ εἶναι αὑτῷ ἐφόδια τῷ γήρᾳ ἱκανά, τοσαύτην οὐσίαν κεκτημένος· οὕτως ἄπληστος
					καὶ αἰσχροκερδὴς ὁ τρόπος αὐτοῦ ἐστιν. </p>
			</div>
			<div type="section" n="68">
				<p>ἡδέως δʼ ἂν ἔγωγε πυθοίμην ὑμῶν εἰ ὀργίζεσθε τοῖς ἀνεσκευασμένοις τῶν τραπεζιτῶν.
					εἰ γὰρ ἐκείνοις ὀργίζεσθε δικαίως ὅτι ἀδικοῦσιν ὑμᾶς, πῶς οὐκ εἰκός ἐστιν
					βοηθεῖν τοῖς μηδὲν ἀδικοῦσιν; καὶ μὴν διὰ τούτους τοὺς ἄνδρας αἱ τράπεζαι
					ἀνασκευάζονται, ὅταν ἀπορούμενοι μὲν δανείζωνται καὶ οἴωνται διὰ τὴν δόξαν
					πιστεύεσθαι δεῖν, εὐπορήσαντες δὲ μὴ ἀποδιδῶσιν, ἀλλʼ ἀποστερῶσιν. </p>
			</div>
			<div type="section" n="69">
				<p>ὅσων μὲν τοίνυν, ὦ ἄνδρες δικασταί, ἐδυνάμην ὑμῖν μάρτυρας παρασχέσθαι,
					μεμαρτυρήκασί μοι· ἔτι δὲ καὶ ἐκ τεκμηρίων δεδήλωκα ὑμῖν ὡς ὀφείλει Τιμόθεος τὸ
					ἀργύριον τῷ πατρὶ τῷ ἐμῷ. δέομαι οὖν ὑμῶν συνεισπρᾶξαί μοι τοὺς ὀφείλοντας, ἅ
					μοι ὁ πατὴρ κατέλιπεν.</p>
			</div>
		</body>
	</text>
</TEI>
