<?xml version="1.0" encoding="UTF-8"?>
<TEI xmlns="http://www.tei-c.org/ns/1.0">
	<teiHeader>

		<fileDesc>

			<titleStmt>
				<title>Against Eubulides </title>
				<author>Demosthenes</author>
				<sponsor>Perseus Project, Tufts University</sponsor>
				<principal>Gregory Crane</principal>
				<respStmt>
					<resp>Prepared under the supervision of</resp>
					<name>Lisa Cerrato</name>
					<name>William Merrill</name>
					<name>Elli Mylonas</name>
					<name>David Smith</name>
				</respStmt>
				<funder n="org:AnnCPB">The Annenberg CPB/Project</funder>

			</titleStmt>
			<publicationStmt>
				<publisher>Trustees of Tufts University</publisher>
				<pubPlace>Medford, MA</pubPlace>
				<authority>Perseus Project</authority>
			</publicationStmt>





			<sourceDesc>
				<biblStruct>
					<monogr>
						<author>Demosthenes</author>
						<title>Demosthenis.Orationes. ed. W. Rennie</title>

						<imprint>
							<publisher>Oxonii.e Typographeo Clarendoniano</publisher>
							<date>1931</date>
						</imprint>
					</monogr>
				</biblStruct>
			</sourceDesc>


		</fileDesc>

		<encodingDesc>

			<refsDecl>
				<refState unit="speech"/>
				<refState unit="section"/>
			</refsDecl>
		</encodingDesc>

		<profileDesc>
			<langUsage>
				<language ident="greek">Greek </language>
				<language ident="en">English </language>
			</langUsage>
		</profileDesc>
		<revisionDesc>
			<!--
<change><date>6/2/92</date><respStmt><name>David Smith</name><resp>(n/a)</resp></respStmt><item>inserted quotedtext tag around verse</item>
</change>
<change><date>July 2014</date>
    <respStmt><name>Stella Dee</name><resp>ed.</resp></respStmt>
    <item>split composite text and converted to unicode</item>
      </change>-->
			<change when="2014-08-01" who="Stella Dee">edited markup</change>
		</revisionDesc>

	</teiHeader>
	<text xml:lang="grc">
		<body>

			<div type="section" n="1">
				<p>πολλὰ καὶ ψευδῆ κατηγορηκότος ἡμῶν Εὐβουλίδου, καὶ βλασφημίας οὔτε προσηκούσας
					οὔτε δικαίας πεποιημένου, πειράσομαι τἀληθῆ καὶ τὰ δίκαια λέγων, ὦ ἄνδρες
					δικασταί, δεῖξαι καὶ μετὸν τῆς πόλεως ἡμῖν καὶ πεπονθότʼ ἐμαυτὸν οὐχὶ προσήκονθʼ
					ὑπὸ τούτου. δέομαι δʼ ἁπάντων ὑμῶν, ὦ ἄνδρες δικασταί, καὶ ἱκετεύω καὶ ἀντιβολῶ,
					λογισαμένους τό τε μέγεθος τοῦ παρόντος ἀγῶνος καὶ τὴν αἰσχύνην μεθʼ ἧς ὑπάρχει
					τοῖς ἁλισκομένοις ἀπολωλέναι, ἀκοῦσαι καὶ ἐμοῦ σιωπῇ, μάλιστα μέν, εἰ δυνατόν,
					μετὰ πλείονος εὐνοίας ἢ τούτου (τοῖς γὰρ ἐν κινδύνῳ καθεστηκόσιν εἰκὸς
					εὐνοϊκωτέρους ὑπάρχειν), εἰ δὲ μή, μετά γε τῆς ἴσης. συμβαίνει δέ μοι τὸ μὲν
					καθʼ ἡμᾶς, </p>
			</div>
			<div type="section" n="2">
				<p>ὦ ἄνδρες δικασταί, καὶ τὸ προσήκειν μοι τῆς πόλεως, θαρρεῖν καὶ πολλὰς ἔχειν
					ἐλπίδας καλῶς ἀγωνιεῖσθαι, τὸν καιρὸν δὲ καὶ τὸ παρωξύνθαι τὴν πόλιν πρὸς τὰς
					ἀποψηφίσεις φοβεῖσθαι· πολλῶν γὰρ ἐξεληλαμένων δικαίως ἐκ πάντων τῶν δήμων,
					συγκεκοινωνήκαμεν τῆς δόξης ταύτης οἱ κατεστασιασμένοι, καὶ πρὸς τὴν κατʼ
					ἐκείνων αἰτίαν, οὐ πρὸς τὸ καθʼ αὑτὸν ἕκαστος ἀγωνιζόμεθα, ὥστʼ ἐξ ἀνάγκης μέγαν
					ἡμῖν εἶναι τὸν φόβον. </p>
			</div>
			<div type="section" n="3">
				<p>οὐ μὴν ἀλλὰ καίπερ τούτων οὕτως ἐχόντων, ἃ νομίζω περὶ τούτων αὐτῶν πρῶτον εἶναι
					δίκαια, ἐρῶ πρὸς ὑμᾶς. ἐγὼ γὰρ οἴομαι δεῖν ὑμᾶς τοῖς μὲν ἐξελεγχομένοις ξένοις
					οὖσιν χαλεπαίνειν, εἰ μήτε πείσαντες μήτε δεηθέντες ὑμῶν λάθρᾳ καὶ βίᾳ τῶν
					ὑμετέρων ἱερῶν καὶ κοινῶν μετεῖχον, τοῖς δʼ ἠτυχηκόσι καὶ δεικνύουσι πολίτας
					ὄντας αὑτοὺς βοηθεῖν καὶ σῴζειν, ἐνθυμουμένους ὅτι πάντων οἰκτρότατον πάθος ἡμῖν
					ἂν συμβαίη τοῖς ἠδικημένοις, εἰ τῶν λαμβανόντων δίκην ὄντες ἂν δικαίως μεθʼ
					ὑμῶν, ἐν τοῖς διδοῦσι γενοίμεθα καὶ συναδικηθείημεν διὰ τὴν τοῦ πράγματος ὀργήν.
				</p>
			</div>
			<div type="section" n="4">
				<p>ᾤμην μὲν οὖν ἔγωγʼ, ὦ ἄνδρες δικασταί, προσήκειν Εὐβουλίδῃ, καὶ πᾶσιν δʼ ὅσοι νῦν
					ἐπὶ ταῖς ἀποψηφίσεσιν κατηγοροῦσιν, ὅσʼ ἴσασιν ἀκριβῶς λέγειν καὶ μηδεμίαν
					προσάγειν ἀκοὴν πρὸς τὸν τοιοῦτον ἀγῶνα. οὕτω γὰρ τοῦτʼ ἄδικον καὶ σφόδρα πάλαι
					κέκριται, ὥστʼ οὐδὲ μαρτυρεῖν ἀκοὴν ἐῶσιν οἱ νόμοι, οὐδʼ ἐπὶ τοῖς πάνυ φαύλοις
					ἐγκλήμασιν, εἰκότως· ὅπου γὰρ εἰδέναι τινὲς ἤδη φήσαντες ψευδεῖς ἐφάνησαν, πῶς ἅ
					γε μηδʼ αὐτὸς οἶδεν ὁ λέγων, προσήκει πιστεύεσθαι; </p>
			</div>
			<div type="section" n="5">
				<p>ἀλλὰ μὴν ὅπου γε μηδʼ ὑπεύθυνον καθιστάνθʼ ἑαυτὸν ἔξεστιν, διʼ ὧν ἂν ἀκοῦσαι τις
					φῇ, βλάπτειν μηδένα, πῶς ἀνυπευθύνῳ γε λέγοντι προσήκει πιστεύειν ὑμᾶς; ἐπειδὴ
					τοίνυν οὗτος εἰδὼς τοὺς νόμους καὶ μᾶλλον ἢ προσῆκεν, ἀδίκως καὶ πλεονεκτικῶς
					τὴν κατηγο- ρίαν πεποίηται, ἀναγκαῖον ἐμοὶ περὶ ὧν ἐν τοῖς δημόταις ὑβρίσθην
					πρῶτον εἰπεῖν. </p>
			</div>
			<div type="section" n="6">
				<p>ἀξιῶ δʼ, ὦ ἄνδρες Ἀθηναῖοι, μηδέπω τὴν τῶν δημοτῶν ἀποψήφισιν ποιεῖσθαι τεκμήριον
					ὑμᾶς, ὡς ἄρʼ οὐχὶ προσήκει μοι τῆς πόλεως. εἰ γὰρ πάντʼ ἐνομίζετε τὰ δίκαια
					δυνήσεσθαι τοὺς δημότας διακρῖναι, οὐκ ἂν ἐδώκατε τὴν εἰς ὑμᾶς ἔφεσιν· νῦν δὲ
					καὶ διὰ φιλονικίαν καὶ διὰ φθόνον καὶ διʼ ἔχθραν καὶ διʼ ἄλλας προφάσεις ἔσεσθαί
					τι τοιοῦτον ἡγούμενοι, τὴν εἰς ὑμᾶς τοῖς ἀδικηθεῖσιν ἐποιήσατε καταφυγήν, διʼ ἣν
					καλῶς ποιοῦντες, ὦ ἄνδρες Ἀθηναῖοι, τοὺς ἠδικημένους ἅπαντας σεσῴκατε. </p>
			</div>
			<div type="section" n="7">
				<p>πρῶτον μὲν οὖν ὃν τρόπον ἐν τοῖς δημόταις συνέβη τὴν διαψήφισιν γενέσθαι, φράσω
					πρὸς ὑμᾶς· τὸ γὰρ εἰς αὐτὸ τὸ πρᾶγμα πάντα λέγειν τοῦτʼ ἐγὼ ὑπολαμβάνω, ὅσα τις
					παρὰ τὸ ψήφισμα πέπονθεν ἀδίκως καταστασιασθείς, ἐπιδεῖξαι. </p>
			</div>
			<div type="section" n="8">
				<p>Εὐβουλίδης γὰρ οὑτοσί, ὦ ἄνδρες Ἀθηναῖοι, ὡς ὑμῶν ἴσασι πολλοί, γραψάμενος
					ἀσεβείας τὴν ἀδελφὴν τὴν Λακεδαιμονίου τὸ πέμπτον μέρος τῶν ψήφων οὐ μετέλαβεν.
					ὅτι δὴ ἐν ἐκείνῳ τῷ ἀγῶνι τὰ δίκαια, τούτῳ δὲ τἀναντίʼ ἐμαρτύρησα, διὰ ταύτην
					τὴν ἔχθραν ἐπιτίθεταί μοι. καὶ βουλεύων, ὦ ἄνδρες δικασταί, καὶ κύριος ὢν τοῦ θʼ
					ὅρκου καὶ τῶν γραμμάτων ἐξ ὧν ἀνεκάλει τοὺς δημότας, τί ποιεῖ; </p>
			</div>
			<div type="section" n="9">
				<p>πρῶτον μέν, ἐπειδὴ συνελέγησαν οἱ δημόται, κατέτριψεν τὴν ἡμέραν δημηγορῶν καὶ
					ψηφίσματα γράφων. τοῦτο δʼ ἦν οὐκ ἀπὸ τοῦ αὐτομάτου, ἀλλʼ ἐπιβουλεύων ἐμοί, ὅπως
					ὡς ὀψιαίταθʼ ἡ διαψήφισις ἡ περὶ ἐμοῦ γένοιτο· καὶ διεπράξατο τοῦτο. καὶ τῶν μὲν
					δημοτῶν οἱ ὀμόσαντες ἐγενόμεθα τρεῖς καὶ ἑβδομήκοντα, ἠρξάμεθα δὲ τοῦ
					διαψηφίζεσθαι δείλης ὀψίας, ὥστε συνέβη, ἡνίκα τοὐμὸν ὄνομʼ ἐκαλεῖτο, σκότος
					εἶναι ἤδη· </p>
			</div>
			<div type="section" n="10">
				<p>καὶ γὰρ ἦν περὶ ἑξηκοστόν, καὶ ἐκλήθην ὕστα- τος ἁπάντων τῶν ἐν ἐκείνῃ τῇ ἡμέρᾳ
					κληθέντων, ἡνίχʼ οἱ μὲν πρεσβύτεροι τῶν δημοτῶν ἀπεληλύθεσαν εἰς τοὺς ἀγρούς·
					τοῦ γὰρ δήμου ἡμῖν, ὦ ἄνδρες δικασταί, πέντε καὶ τριάκοντα στάδια τοῦ ἄστεως
					ἀπέχοντος καὶ τῶν πλείστων ἐκεῖ οἰκούντων, ἀπεληλύθεσαν οἱ πολλοί· οἱ δὲ
					κατάλοιποι ἦσαν οὐ πλείους ἢ τριάκοντα. ἐν δὲ τούτοις ἦσαν ἅπαντες οἱ τούτῳ
					παρεσκευασμένοι. </p>
			</div>
			<div type="section" n="11">
				<p>ἐπειδὴ δʼ ἐκλήθη τοὐμὸν ὄνομα, ἀναπηδήσας οὗτος ἐβλασφήμει κατʼ ἐμοῦ ταχὺ καὶ
					πολλὰ καὶ μεγάλῃ τῇ φωνῇ, ὥσπερ καὶ νῦν, μάρτυρα μὲν ὧν κατηγόρησεν οὐδένα
					παρασχόμενος οὔτε τῶν δημοτῶν οὔτε τῶν ἄλλων πολιτῶν, παρεκελεύετο δὲ τοῖς
					δημόταις ἀποψηφίζεσθαι. </p>
			</div>
			<div type="section" n="12">
				<p>ἀξιοῦντος δέ μου ἀναβαλέσθαι εἰς τὴν ὑστεραίαν διά τε τὴν ὥραν καὶ τὸ μηδένα μοι
					παρεῖναι τό τε πρᾶγμʼ ἄφνω προσπεπτωκέναι, ἵνα τούτῳ τʼ ἐξουσία γένοιθʼ ὁπόσα
					βούλοιτο κατηγορῆσαι καὶ μάρτυρας εἴ τινας ἔχοι παρασχέσθαι, ἐμοί τʼ ἐκγένοιτʼ
					ἀπολογήσασθαι ἐν ἅπασι τοῖς δημόταις καὶ τοὺς οἰκείους μάρτυρας παρασχέσθαι· καὶ
					ὅ τι γνοίησαν περὶ ἐμοῦ, τούτοις ἤθελον ἐμμένειν·</p>
			</div>
			<div type="section" n="13">
				<p>οὗτος ὧν μὲν ἐγὼ προὐκαλούμην οὐδὲν ἐφρόντισεν, τὴν δὲ ψῆφον εὐθὺς ἐδίδου τοῖς
					παροῦσι τῶν δημοτῶν, οὔτʼ ἀπολογίαν οὐδεμίαν ἐμοὶ δοὺς οὔτʼ ἔλεγχον οὐδένʼ
					ἀκριβῆ ποιήσας. οἱ δὲ τούτῳ συνεστῶτες ἀναπηδήσαντες ἐψηφίζοντο. καὶ ἦν μὲν
					σκότος, οἱ δὲ λαμβάνοντες δύο καὶ τρεῖς ψήφους ἕκαστος παρὰ τούτου ἐνέβαλλον εἰς
					τὸν καδίσκον. σημεῖον δέ· οἱ μὲν γὰρ ψηφισάμενοι οὐ πλείους ἢ τριάκοντʼ ἦσαν, αἱ
					δὲ ψῆφοι ἠριθμήθησαν πλείους ἢ ἑξήκοντα, ὥστε πάντας ἡμᾶς ἐκπλαγῆναι. </p>
			</div>
			<div type="section" n="14">
				<p>καὶ ταῦθʼ ὡς ἀληθῆ λέγω, καὶ ὅτι οὔτʼ ἐδόθη ἡ ψῆφος ἐν ἅπασιν πλείους τʼ ἐγένοντο
					τῶν ψηφισαμένων, μάρτυρας ὑμῖν παρέξομαι. συμβαίνει δέ μοι περὶ τούτων τῶν μὲν
					φίλων ἢ τῶν ἄλλων Ἀθηναίων μηδένα μάρτυρα παρεῖναι διά τε τὴν ὥραν καὶ διὰ τὸ
					μηδένα παρακαλέσαι, αὐτοῖς δὲ τοῖς ἠδικηκόσιν με χρῆσθαι μάρτυσιν. ἃ οὖν οὐ
					δυνήσονται ἔξαρνοι γενέσθαι, ταῦτα γέγραφʼ αὐτοῖς. λέγε.<quote n="*marturi/a"
							><title>Μαρτυρία</title></quote>
				</p>
			</div>
			<div type="section" n="15">
				<p>εἰ μὲν τοίνυν, ὦ ἄνδρες δικασταί, συνέβαινεν τοῖς Ἁλιμουσίοις περὶ ἁπάντων τῶν
					δημοτῶν διαψηφίσασθαι ἐν ἐκείνῃ τῇ ἡμέρᾳ, εἰκὸς ἦν καὶ εἰς ὀψὲ ψηφίζεσθαι, ἵνʼ
					ἀπηλλαγμένοι ἦσαν ποιήσαντες τὰ ὑμῖν ἐψηφισμένα. εἰ δὲ πλείους ἢ εἴκοσιν
					ὑπόλοιποι ἦσαν τῶν δημοτῶν, περὶ ὧν ἔδει τῇ ὑστεραίᾳ διαψηφίσασθαι, καὶ ὁμοίως
					ἦν ἀνάγκη συλλέγεσθαι τοὺς δημότας, τί ποτʼ ἦν τὸ δυσχερὲς Εὐβουλίδῃ ἀναβαλέσθαι
					εἰς τὴν ὑστεραίαν καὶ περὶ ἐμοῦ πρώτου τὴν ψῆφον διδόναι τοῖς δημόταις; </p>
			</div>
			<div type="section" n="16">
				<p>διότι, ὦ ἄνδρες δικασταί, οὐκ ἠγνόει Εὐβουλίδης ὅτι, εἰ λόγος ἀποδοθήσοιτο καὶ
					παραγένοιντό μοι πάντες οἱ δημόται καὶ ἡ ψῆφος δικαίως δοθείη, οὐδαμοῦ
					γενήσονται οἱ μετὰ τούτου συνεστηκότες. ὅθεν δʼ οὗτοι συνέστησαν, ταῦτα, ἐπειδὰν
					περὶ τοῦ γένους εἴπω, τότε, ἂν βούλησθʼ ἀκούειν, ἐρῶ. </p>
			</div>
			<div type="section" n="17">
				<p>νῦν δὲ τί δίκαιον νομίζω καὶ τί παρεσκεύασμαι ποιεῖν, ἄνδρες δικασταί; δεῖξαι
					πρὸς ὑμᾶς ἐμαυτὸν Ἀθηναῖον ὄντα καὶ τὰ πρὸς πατρὸς καὶ τὰ πρὸς μητρός, καὶ
					μάρτυρας τούτων, οὓς ὑμεῖς ἀληθεῖς φήσετʼ εἶναι, παρασχέσθαι, τὰς δὲ λοιδορίας
					καὶ τὰς αἰτίας ἀνελεῖν· ὑμᾶς δʼ ἀκούσαντας τούτων, ἐὰν μὲν ὑμῖν πολίτης ὢν
					κατεστασιάσθαι δοκῶ, σῴζειν, εἰ δὲ μή, πράττειν ὁποῖον ἄν τι ὑμῖν εὐσεβὲς εἶναι
					δοκῇ. ἄρξομαι δʼ ἐντεῦθεν. </p>
			</div>
			<div type="section" n="18">
				<p><milestone unit="para" ed="P"/>διαβεβλήκασι γάρ μου τὸν πατέρα, ὡς ἐξένιζεν· καὶ
					ὅτι μὲν ἁλοὺς ὑπὸ τῶν πολεμίων ὑπὸ τὸν Δεκελεικὸν πόλεμον καὶ πραθεὶς εἰς
					Λευκάδα, Κλεάνδρῳ περιτυχὼν τῷ ὑποκριτῇ πρὸς τοὺς οἰκείους ἐσώθη δεῦρο πολλοστῷ
					χρόνῳ, παρα- λελοίπασιν, ὥσπερ δὲ δέον ἡμᾶς διʼ ἐκείνας τὰς ἀτυχίας ἀπολέσθαι,
					τὸ ξενίζειν αὐτοῦ κατηγορήκασιν.</p>
			</div>
			<div type="section" n="19">
				<p>ἐγὼ δʼ ἐξ αὐτῶν τούτων μάλιστʼ οἶμαι ὑμῖν ἐμαυτὸν Ἀθηναῖον ὄντʼ ἐπιδείξειν. καὶ
					πρῶτον μὲν ὡς ἑάλω καὶ ἐσώθη, μάρτυρας ὑμῖν παρέξομαι, ἔπειθʼ ὅτι ἀφικόμενος τῆς
					οὐσίας παρὰ τῶν θείων τὸ μέρος μετέλαβεν, εἶθʼ ὅτι οὔτʼ ἐν τοῖς δημόταις οὔτʼ ἐν
					τοῖς φράτερσιν οὔτʼ ἄλλοθι οὐδαμοῦ τὸν ξενίζοντʼ οὐδεὶς πώποτʼ ᾐτιάσαθʼ ὡς εἴη
					ξένος. καί μοι λαβὲ τὰς μαρτυρίας.<quote n="*marturi/ai"
							><title>Μαρτυρίαι</title></quote>
				</p>
			</div>
			<div type="section" n="20">
				<p>περὶ μὲν τῆς ἁλώσεως καὶ τῆς σωτηρίας, ἣν συνέβη γενέσθαι τῷ πατρὶ δεῦρο,
					ἀκηκόατε. ὡς δʼ ὑμέτερος ἦν πολίτης, ὦ ἄνδρες δικασταί (τὸ γὰρ ὂν καὶ ἀληθὲς
					οὕτως ὑπάρχει), μάρτυρας καλῶ τοὺς ζῶντας ὑμῖν τῶν συγγενῶν τῶν πρὸς πατρός.
					κάλει δή μοι πρῶτον μὲν Θουκριτίδην καὶ Χαρισιάδην· ὁ γὰρ τούτων πατὴρ Χαρίσιος
					ἀδελφὸς ἦν τοῦ πάππου τοῦ ἐμοῦ Θουκριτίδου καὶ Λυσαρέτης τῆς ἐμῆς τήθης (ἀδελφὴν
					γὰρ ὁ πάππος οὑμὸς ἔγημεν οὐχ ὁμομητρίαν), θεῖος δὲ τοῦ πατρὸς τοῦ ἐμοῦ· </p>
			</div>
			<div type="section" n="21">
				<p>ἔπειτα Νικιάδην· καὶ γὰρ ὁ τούτου πατὴρ Λυσανίας ἀδελφὸς ἦν τοῦ Θουκριτίδου καὶ
					τῆς Λυσαρέτης, θεῖος δὲ τοῦ πατρὸς τοῦ ἐμοῦ· ἔπειτα Νικόστρατον· καὶ γὰρ ὁ
					τούτου πατὴρ Νικιάδης ἀδελφιδοῦς ἦν τῷ πάππῳ τῷ ἐμῷ καὶ τῇ τήθῃ, ἀνεψιὸς δὲ τῷ
					πατρί. καί μοι κάλει τούτους πάντας. σὺ δʼ ἐπίλαβε τὸ ὕδωρ.<quote n="*ma/rtures"
							><title>Μάρτυρες</title></quote>
				</p>
			</div>
			<div type="section" n="22">
				<p>τῶν μὲν τοίνυν πρὸς ἀνδρῶν τῷ πατρὶ συγγενῶν ἀκηκόατʼ, ὦ ἄνδρες Ἀθηναῖοι, καὶ
					μαρτυρούντων καὶ διομνυμένων <add>Ἀθηναῖον</add> εἶναι καὶ συγγενῆ τὸν ἐμὸν
					πατέρʼ αὑτοῖς· ὧν οὐδεὶς δήπου, παραστησάμενος τοὺς συνεισομένους αὑτῷ τὰ ψευδῆ
					μαρτυροῦντι, κατʼ ἐξωλείας ἐπιορκεῖ. λαβὲ δὴ καὶ τὰς τῶν πρὸς γυναικῶν τῷ πατρὶ
					συγγενῶν μαρτυρίας.<quote n="*marturi/ai"><title>Μαρτυρίαι</title></quote>
				</p>
			</div>
			<div type="section" n="23">
				<p>οἱ μὲν τοίνυν ζῶντες οὗτοι τῶν συγγενῶν τοῦ πατρὸς καὶ πρὸς ἀνδρῶν καὶ πρὸς
					γυναικῶν μεμαρτυρήκασιν, ὡς ἦν ἀμφοτέρωθεν Ἀθηναῖος καὶ μετῆν τῆς πόλεως αὐτῷ
					δικαίως. κάλει δή μοι καὶ τοὺς φράτερας, ἔπειτα τοὺς γεννήτας.<quote
						n="*ma/rtures"><title>Μάρτυρες</title></quote></p>
				<p>λαβὲ δὴ καὶ τὰς τῶν δημοτῶν μαρτυρίας, καὶ τὰς τῶν συγγενῶν περὶ τῶν φρατέρων, ὡς
					εἵλοντό με φρατρίαρχον.<quote n="*marturi/ai"><title>Μαρτυρίαι</title></quote>
				</p>
			</div>
			<div type="section" n="24">
				<p>τὰ μὲν τοίνυν ὑπὸ τῶν συγγενῶν καὶ φρατέρων καὶ δημοτῶν καὶ γεννητῶν, ὧν
					προσήκει, μαρτυρούμενʼ ἀκηκόατε. ἐξ ὧν ἔστιν ὑμῖν εἰδέναι, πότερόν ποτʼ ἀστὸς ἢ
					ξένος ἦν ᾧ ταῦθʼ ὑπῆρχεν. καὶ γὰρ εἰ μὲν εἰς ἕνʼ ἢ δύʼ ἀνθρώπους κατεφεύγομεν,
					εἴχομεν ἄν τινʼ ὑποψίαν παρεσκευάσθαι τούτους· εἰ δʼ ἐν ἅπασιν, ὅσοισπερ ἕκαστος
					ὑμῶν, ἐξητασμένος φαίνεται καὶ ζῶν ὁ πατὴρ καὶ νῦν ἐγώ, λέγω φράτερσι,
					συγγενέσι, δημόταις, γεννήταις, πῶς ἔνεστιν ἢ πῶς δυνατὸν τούτους ἅπαντας μὴ
					μετʼ ἀληθείας ὑπάρχοντας κατεσκευάσθαι; </p>
			</div>
			<div type="section" n="25">
				<p>εἰ μὲν τοίνυν εὔπορος ὢν ὁ πατὴρ χρήματα δοὺς τούτοις ἐφαίνετο πείσας συγγενεῖς
					αὐτοὺς ἑαυτοῦ φάσκειν εἶναι, λόγον εἶχεν ἂν ὑποψίαν τινʼ ἔχειν ὡς οὐκ ἦν ἀστός·
					εἰ δὲ πένης ὢν ἅμα συγγενεῖς τε παρέσχετο τοὺς αὐτοὺς καὶ μεταδιδόντας τῶν ὄντων
					ἐπεδείκνυε, πῶς οὐκ εὔδηλον ὅτι τῇ ἀληθείᾳ προσῆκε τούτοις; οὐ γὰρ ἂν δήπου, εἴ
					γε μηδενὶ ἦν οἰκεῖος, χρήματʼ αὐτῷ προστιθέντες οὗτοι τοῦ γένους μετεδίδοσαν.
					ἀλλʼ ἦν, ὡς τό τʼ ἔργον ἐδήλωσεν καὶ ὑμῖν μεμαρτύρηται. ἔτι τοίνυν ἀρχὰς ἔλαχεν
					καὶ ἦρξεν δοκιμασθείς. καί μοι λαβὲ τὴν μαρτυρίαν.<quote n="*marturi/a"
							><title>Μαρτυρία</title></quote>
				</p>
			</div>
			<div type="section" n="26">
				<p>οἴεταί τις οὖν ὑμῶν ἐᾶσαί ποτʼ ἂν τοὺς δημότας ἐκεῖνον τὸν ξένον καὶ μὴ πολίτην
					ἄρχειν παρʼ αὑτοῖς, ἀλλʼ οὐκ ἂν κατηγορεῖν; οὐ τοίνυν κατηγόρησεν οὐδὲ εἷς, οὐδʼ
					ᾐτιάσατο. ἀλλὰ μὴν καὶ διαψηφίσεις ἐξ ἀνάγκης ἐγένοντο τοῖς δημόταις ὀμόσασιν
					καθʼ ἱερῶν, ὅτʼ ἀπώλετʼ αὐτοῖς τὸ ληξιαρχικὸν γραμματεῖον δημαρχοῦντος Ἀντιφίλου
					τοῦ πατρὸς τοῦ Εὐβουλίδου, καί τινας ἀπήλασαν αὑτῶν· περὶ ἐκείνου δʼ οὐδεὶς οὔτʼ
					εἶπεν οὔτʼ ᾐτιάσατο τοιοῦτον οὐδέν. </p>
			</div>
			<div type="section" n="27">
				<p>καίτοι πᾶσίν ἐστιν ἀνθρώποις τέλος τοῦ βίου θάνατος, καὶ περὶ ὧν μὲν ἄν τις ζῶν
					αἰτίαν σχῇ, δίκαιον τοὺς παῖδας τὴν ἀειλογίαν παρέχειν· περὶ ὧν δʼ ἂν μηδεὶς
					αὐτὸν ζῶντα καταιτιάσηται, πῶς οὐ δεινὸν εἰ τοὺς παῖδας ὁ βουλόμενος κρινεῖ; εἰ
					μὲν τοίνυν περὶ τούτων μηδεὶς λόγος ἐξητάσθη, δῶμεν τοῦτο λεληθέναι· εἰ δʼ ἐδόθη
					καὶ διεψηφίσαντο καὶ μηδὲν ᾐτιάσατο πώποτε μηδείς, πῶς οὐ δικαίως ἂν ἐγὼ κατʼ
					ἐκεῖνον Ἀθηναῖος εἴην, τὸν τελευτήσαντα πρὶν ἀμφισβητηθῆναι τοῦ γένους αὐτῷ; ὡς
					δὴ ταῦτʼ ἀληθῆ λέγω, καλῶ καὶ τούτων μάρτυρας.<quote n="*ma/rtures"
							><title>Μάρτυρες</title></quote>
				</p>
			</div>
			<div type="section" n="28">
				<p>ἔτι τοίνυν παίδων αὐτῷ τεττάρων γενομένων ὁμομητρίων ἐμοὶ καὶ τελευτησάντων,
					ἔθαψε τούτους εἰς τὰ πατρῷα μνήματα, ὧν ὅσοιπέρ εἰσιν τοῦ γένους κοινωνοῦσιν·
					καὶ τούτων οὐδεὶς οὐκ ἀπεῖπεν πώποτε, οὐκ ἐκώλυσεν, οὐ δίκην ἔλαχεν. καίτοι τίς
					ἔστιν ὅστις ἂν εἰς τὰ πατρῷα μνήματα τοὺς μηδὲν ἐν γένει τιθέναι ἐάσαι; ὡς
					τοίνυν καὶ ταῦτʼ ἀληθῆ λέγω, λαβὲ τὴν μαρτυρίαν.<quote n="*marturi/a"
							><title>Μαρτυρία</title></quote>
				</p>
			</div>
			<div type="section" n="29">
				<p>περὶ μὲν τοίνυν τοῦ πατρός, ὡς Ἀθηναῖος ἦν, ταῦτʼ ἔχω λέγειν, καὶ μάρτυρας
					παρέσχημαι τοὺς ὑπʼ αὐτῶν τούτων ἐψηφισμένους εἶναι πολίτας, μαρτυροῦντας
					ἐκεῖνον ἑαυτοῖς ἀνεψιὸν εἶναι. φαίνεται δὲ βιοὺς ἔτη τόσα καὶ τόσʼ ἐνθάδε, καὶ
					οὐδαμοῦ πώποθʼ ὡς ξένος ἐξετασθείς, ἀλλὰ πρὸς τούτους ὄντας συγγενεῖς
					καταφεύγων, οὗτοι δὲ καὶ προσδεχόμενοι καὶ τῆς οὐσίας μεταδιδόντες ὡς αὑτῶν ἑνί.
				</p>
			</div>
			<div type="section" n="30">
				<p>τοῖς χρόνοις τοίνυν οὕτω φαίνεται γεγονὼς ὥστε, εἰ καὶ κατὰ θάτερʼ ἀστὸς ἦν,
					εἶναι πολίτην προσήκειν αὐτόν· γέγονε γὰρ πρὸ Εὐκλείδου. περὶ δὲ τῆς μητρὸς (καὶ
					γὰρ ταύτην διαβεβλήκασί μου) λέξω, καὶ μάρτυρας ὧν ἂν λέγω, καλῶ. καίτοι, ὦ
					ἄνδρες Ἀθηναῖοι, οὐ μόνον παρὰ τὸ ψήφισμα τὰ περὶ τὴν ἀγορὰν διέβαλλεν ἡμᾶς
					Εὐβουλίδης, ἀλλὰ καὶ παρὰ τοὺς νόμους, οἳ κελεύουσιν ἔνοχον εἶναι τῇ κακηγορίᾳ
					τὸν τὴν ἐργασίαν τὴν ἐν τῇ ἀγορᾷ ἢ τῶν πολιτῶν ἢ τῶν πολιτίδων ὀνειδίζοντά τινι.
				</p>
			</div>
			<div type="section" n="31">
				<p>ἡμεῖς δʼ ὁμολογοῦμεν καὶ ταινίας πωλεῖν καὶ ζῆν οὐχ ὅντινα τρόπον βουλόμεθα. καὶ
					εἴ σοί ἐστιν τοῦτο σημεῖον, ὦ Εὐβουλίδη, τοῦ μὴ Ἀθη- ναίους εἶναι
						<del>ἡμᾶς</del>, ἐγώ σοι τούτου ὅλως τοὐναντίον ἐπιδείξω, ὅτι οὐκ ἔξεστιν
					ξένῳ ἐν τῇ ἀγορᾷ ἐργάζεσθαι. καί μοι λαβὼν ἀνάγνωθι πρῶτον τὸν Σόλωνος
						νόμον.<quote n="*no/mos"><title>Νόμος</title></quote>
				</p>
			</div>
			<div type="section" n="32">
				<p>λαβὲ δὴ καὶ τὸν Ἀριστοφῶντος· οὕτω γάρ, ὦ ἄνδρες Ἀθηναῖοι, τοῦτον ἔδοξεν ἐκεῖνος
					καλῶς καὶ δημοτικῶς νομοθετῆσαι, ὥστʼ ἐψηφίσασθε πάλιν ἀνανεώσασθαι.<quote
						n="*no/mos"><title>Νόμος</title></quote></p>
				<p>προσήκει τοίνυν ὑμῖν βοηθοῦσι τοῖς νόμοις μὴ τοὺς ἐργαζομένους ξένους νομίζειν,
					ἀλλὰ τοὺς συκοφαντοῦντας πονηρούς. ἐπεί, ὦ Εὐβουλίδη, ἔστι καὶ ἕτερος περὶ τῆς
					ἀργίας νόμος, ᾧ αὐτὸς ἔνοχος ὢν ἡμᾶς τοὺς ἐργαζομένους διαβάλλεις. </p>
			</div>
			<div type="section" n="33">
				<p>ἀλλὰ γὰρ τοσαύτη τις ἀτυχία ἐστὶν περὶ ἡμᾶς νῦν, ὥστε τούτῳ μὲν ἔξεστιν ἔξω τοῦ
					πράγματος βλασφημεῖν καὶ πάντα ποιεῖν, ὅπως μηδενὸς τῶν δικαίων ἐγὼ τύχω· ἐμοὶ
					δʼ ἐπιτιμήσετʼ ἴσως, ἐὰν λέγω ὃν τρόπον οὗτος ἐργάζεται περιιὼν ἐν τῇ πόλει, καὶ
					εἰκότως· ἃ γὰρ ὑμεῖς ἴστε, τί δεῖ λέγειν; σκοπεῖτε δή· νομίζω γὰρ ἔγωγε τὸ ἐν τῇ
					ἀγορᾷ ἡμᾶς ἐργάζεσθαι μέγιστον εἶναι σημεῖον τοῦ ψευδεῖς ἡμῖν αἰτίας τοῦτον
					ἐπιφέρειν. ἣν γάρ φησιν ταινιόπωλιν εἶναι καὶ φανερὰν πᾶσιν, </p>
			</div>
			<div type="section" n="34">
				<p>προσῆκεν δήπουθεν εἰδότας αὐτὴν πολλοὺς ἥτις ἐστὶ μαρτυρεῖν, καὶ μὴ μόνον ἀκοήν,
					ἀλλʼ εἰ μὲν ξένη ἦν, τὰ τέλη ἐξετάσαντας τὰ ἐν τῇ ἀγορᾷ, εἰ ξενικὰ ἐτέλει, καὶ
					ποδαπὴ ἦν ἐπιδεικνύντας· εἰ δὲ δούλη, μάλιστα μὲν τὸν πριάμενον, εἰ δὲ μή, τὸν
					ἀποδόμενον ἥκειν καταμαρτυροῦντα, εἰ δὲ μή, τῶν ἄλλων τινά, ἢ ὡς ἐδούλευσεν ἢ ὡς
					ἀφείθη ἐλευθέρα. νῦν δὲ τούτων μὲν ἀπέδειξεν οὐδέν, λελοιδόρηκεν δέ, ὡς ἐμοὶ
					δοκεῖ, οὐδὲν ὅ τι οὔ. τοῦτο γάρ ἐστιν ὁ συκοφάντης, αἰτιᾶσθαι μὲν πάντα,
					ἐξελέγξαι δὲ μηδέν. </p>
			</div>
			<div type="section" n="35">
				<p>ἐπεὶ κἀκεῖνο περὶ τῆς μητρὸς εἴρηκεν, ὅτι ἐτίτθευσεν. ἡμεῖς δέ, ὅθʼ ἡ πόλις
					ἠτύχει καὶ πάντες κακῶς ἔπραττον, οὐκ ἀρνούμεθα τοῦτο γενέσθαι· ὃν δὲ τρόπον καὶ
					ὧν ἕνεκʼ ἐτίτθευσεν, ἐγὼ σαφῶς ὑμῖν ἐπιδείξω. μηδεὶς δʼ ὑμῶν, ὦ ἄνδρες Ἀθηναῖοι,
					δυσχερῶς ὑπολάβῃ· καὶ γὰρ νῦν ἀστὰς γυναῖκας πολλὰς εὑρήσετε τιτθευούσας, ἃς
					ὑμῖν καὶ κατʼ ὄνομα, ἐὰν βούλησθε, ἐροῦμεν. εἰ δέ γε πλούσιοι ἦμεν, οὔτʼ ἂν τὰς
					ταινίας ἐπωλοῦμεν οὔτʼ ἂν ὅλως ἦμεν ἄποροι. ἀλλὰ τί ταῦτα κοινωνεῖ τῷ γένει;
				</p>
			</div>
			<div type="section" n="36">
				<p>ἐγὼ μὲν οὐδὲν οἶμαι. μηδαμῶς, ὦ ἄνδρες δικασταί, τοὺς πένητας ἀτιμάζετε (ἱκανὸν
					γὰρ αὐτοῖς τὸ πένεσθαι κακόν), μηδέ γε τοὺς ἐργάζεσθαι καὶ ζῆν ἐκ τοῦ δικαίου
					προαιρουμένους· ἀλλʼ ἀκούσαντες, ἐὰν ὑμῖν ἐπιδεικνύω τῆς μητρὸς τοὺς οἰκείους
					οἵους προσήκει εἶναι ἀνθρώποις ἐλευθέροις, ἃ καταιτιᾶται περὶ αὐτῆς, ταύτας τὰς
					διαβολὰς ἐξομνυμένους, καὶ μαρτυροῦντας αὐτὴν ἀστὴν οὖσαν εἰδέναι, οὓς ὑμεῖς
					φήσετε πιστοὺς εἶναι, δικαίαν ἡμῖν θέσθε τὴν ψῆφον. </p>
			</div>
			<div type="section" n="37">
				<p>ἐμοὶ γὰρ ἦν πάππος, ὦ ἄνδρες Ἀθηναῖοι, τῆς μητρὸς πατήρ, Δαμόστρατος Μελιτεύς.
					τούτῳ γίγνονται τέτταρες παῖδες, ἐκ μὲν ἧς τὸ πρῶτον ἔσχεν γυναικὸς θυγάτηρ καὶ
					υἱὸς ᾧ ὄνομʼ Ἀμυθέων, ἐκ δὲ τῆς ὕστερον, Χαιρεστράτης, ἡ μήτηρ ἡ ἐμὴ καὶ
					Τιμοκράτης. τούτοις δὲ γίγνονται παῖδες, τῷ μὲν Ἀμυθέωνι Δαμόστρατος, τοῦ πάππου
					τοὔνομʼ ἔχων, καὶ Καλλίστρατος καὶ Δεξίθεος. καὶ ὁ μὲν Ἀμυθέων ὁ τῆς μητρὸς
					ἀδελφὸς τῶν ἐν Σικελίᾳ στρατευσαμένων καὶ τελευτησάντων ἐστίν, καὶ τέθαπται ἐν
					τοῖς δημοσίοις μνήμασιν· καὶ ταῦτα μαρτυρήσεται. </p>
			</div>
			<div type="section" n="38">
				<p>τῇ δʼ ἀδελφῇ αὐτοῦ συνοικησάσῃ Διοδώρῳ Ἁλαιεῖ υἱὸς γίγνεται Κτησίβιος. καὶ οὗτος
					μὲν ἐτελεύτησεν ἐν Ἀβύδῳ μετὰ Θρασυβούλου στρατευόμενος, ζῇ δὲ τούτων ὁ
					Δαμόστρατος ὁ τοῦ Ἀμυθέωνος, τῆς μητρὸς ἀδελφιδοῦς τῆς ἐμῆς. τῆς δὲ Χαιρεστράτης
					τῆς ἐμῆς τήθης τὴν ἀδελφὴν λαμβάνει Ἀπολλόδωρος Πλωθεύς· τούτων γίγνεται
					Ὀλύμπιχος, τοῦ δʼ Ὀλυμπίχου Ἀπολλόδωρος, καὶ οὗτος ζῇ. καί μοι κάλει
						αὐτούς.<quote n="*ma/rtures"><title>Μάρτυρες</title></quote>
				</p>
			</div>
			<div type="section" n="39">
				<p>τούτων μὲν τοίνυν ἀκηκόατε μαρτυρούντων καὶ διομνυμένων· τὸν δὲ <del>καὶ
						ὁμομήτριον</del> καὶ κατʼ ἀμφότερʼ ἡμῖν συγγενῆ καλῶ, καὶ τοὺς υἱεῖς αὐτοῦ.
					τῷ γὰρ Τιμοκράτει τῷ τῆς μητρὸς ἀδελφῷ τῆς ἐμῆς τῷ ὁμοπατρίῳ καὶ ὁμομητρίῳ
					γίγνεται Εὐξίθεος, τοῦ δʼ Εὐξιθέου τρεῖς υἱεῖς· οὗτοι πάντες ζῶσιν. καί μοι
					κάλει τοὺς ἐπιδημοῦντας αὐτῶν.<quote n="*ma/rtures"
						><title>Μάρτυρες</title></quote>
				</p>
			</div>
			<div type="section" n="40">
				<p>λαβὲ δή μοι καὶ τὰς τῶν φρατέρων τῶν συγγενῶν τῶν τῆς μητρὸς καὶ δημοτῶν
					μαρτυρίας, καὶ ὧν τὰ μνήματα ταὐτά.<quote n="*marturi/ai"
							><title>Μαρτυρίαι</title></quote></p>
				<p>τὰ μὲν τοίνυν τοῦ γένους τοῦ τῆς μητρὸς οὕτως ὑμῖν ἐπιδεικνύω, καὶ πρὸς ἀνδρῶν
					καὶ πρὸς γυναικῶν ἀστήν. τῇ δὲ μητρὶ τῇ ἐμῇ γίγνεται, ὦ ἄνδρες δικασταί, τὸ μὲν
					πρῶτον ἐκ Πρωτομάχου, ᾧ αὐτὴν ὁ Τιμοκράτης ὁμομήτριος καὶ ὁμοπάτριος ὢν ἀδελφὸς
					ἔδωκεν, θυγάτηρ, εἶτʼ ἐκ τοῦ πατρὸς τοῦ ἐμοῦ ἐγώ. ὃν δὲ τρόπον τῷ πατρὶ τῷ ἐμῷ
					συνῴκησεν, ταῦθʼ ὑμᾶς ἀκοῦσαι δεῖ· καὶ γὰρ ἃ περὶ τὸν Κλεινίαν αἰτιᾶται καὶ τὸ
					τιτθεῦσαι τὴν μητέρα καὶ ταῦτα πάντʼ ἐγὼ σαφῶς ὑμῖν διηγήσομαι. </p>
			</div>
			<div type="section" n="41">
				<p>ὁ Πρωτόμαχος πένης ἦν· ἐπικλήρου δὲ κληρονομήσας εὐπόρου, τὴν μητέρα βουληθεὶς
					ἐκδοῦναι πείθει λαβεῖν αὐτὴν Θούκριτον τὸν πατέρα τὸν ἐμόν, ὄνθʼ ἑαυτοῦ
					γνώριμον, καὶ ἐγγυᾶται ὁ πατὴρ τὴν μητέρα τὴν ἐμὴν παρὰ τοῦ ἀδελφοῦ αὐτῆς
					Τιμοκράτους Μελιτέως, παρόντων τῶν τε θείων ἀμφοτέρων τῶν ἑαυτοῦ καὶ ἄλλων
					μαρτύρων· καὶ τούτων ὅσοι ζῶσι, μαρτυρήσουσιν ὑμῖν. </p>
			</div>
			<div type="section" n="42">
				<p>μετὰ δὲ ταῦτα χρόνῳ ὕστερον παιδίων αὐτῇ δυοῖν ἤδη γεγενημένων, καὶ τοῦ μὲν
					πατρὸς στρατευομένου καὶ ἀποδημοῦντος μετὰ Θρασυβούλου, αὐτὴ δʼ οὖσʼ ἐν ἀπορίαις
					ἠναγκάσθη τὸν Κλεινίαν τὸν τοῦ Κλειδίκου τιτθεῦσαι, τῷ μὲν εἰς ἔμʼ ἥκοντι
					κινδύνῳ νῦν μὰ τὸν Διʼ οὐχὶ συμφέρον πρᾶγμα ποιήσασα (ἀπὸ γὰρ ταύτης τῆς
					τιτθείας ἅπασʼ ἡ περὶ ἡμᾶς γέγονεν βλασφημία), τῇ μέντοι ὑπαρχούσῃ πενίᾳ ἴσως
					καὶ ἀναγκαῖα καὶ ἁρμόττοντα ποιοῦσα. </p>
			</div>
			<div type="section" n="43">
				<p>φαίνεται τοίνυν οὐχ ὁ ἐμὸς πατὴρ πρῶτος, ὦ ἄνδρες Ἀθηναῖοι, λαβὼν τὴν ἐμὴν
					μητέρα, ἀλλʼ ὁ Πρωτόμαχος, καὶ παῖδας ποιησάμενος καὶ θυγατέρʼ ἐκδούς· ὃς καὶ
					τετελευτηκὼς ὅμως μαρτυρεῖ τοῖς ἔργοις ἀστήν τʼ αὐτὴν καὶ πολῖτιν εἶναι. ὡς οὖν
					ταῦτʼ ἀληθῆ λέγω, κάλει μοι πρῶτον μὲν τοὺς τοῦ Πρωτομάχου υἱεῖς, ἔπειτα τοὺς
					ἐγγυωμένῳ παρόντας τῷ πατρὶ καὶ τῶν φρατέρων τοὺς οἰκείους, οἷς τὴν γαμηλίαν
					εἰσήνεγκεν ὑπὲρ τῆς μητρὸς ὁ πατήρ, εἶτʼ Εὔνικον Χολαργέα τὸν τὴν ἀδελφὴν
					λαβόντα τὴν ἐμὴν παρὰ τοῦ Πρωτομάχου, εἶτα τὸν υἱὸν τῆς ἀδελφῆς. κάλει
						τούτους.<quote n="*ma/rtures"><title>Μάρτυρες</title></quote>
				</p>
			</div>
			<div type="section" n="44">
				<p>πῶς οὖν οὐκ ἂν οἰκτρότατʼ, ὦ ἄνδρες Ἀθηναῖοι, πάντων ἐγὼ πεπονθὼς εἴην, εἰ τῶν
					συγγενῶν ὄντων τοσούτων τουτωνὶ καὶ μαρτυρούντων καὶ διομνυμένων ἐμοὶ προσήκειν,
					μηδεὶς μηδενὶ τούτων ἀμφισβητῶν ὡς οὐκ εἰσὶ πολῖται, ἐμὲ ψηφίσαισθʼ εἶναι ξένον;
					λαβὲ δή μοι καὶ τὴν τοῦ Κλεινίου καὶ τὴν τῶν συγγενῶν αὐτοῦ μαρτυρίαν· οἳ ἴσασιν
					δήπου τίς οὖσά ποθʼ ἡ ἐμὴ μήτηρ ἐτίτθευσεν αὐτόν. οὐ γὰρ ἃ τήμερον ἡμεῖς φαμέν,
					εὔορκον αὐτοῖς μαρτυρεῖν, ἀλλʼ ἃ πάντα τὸν χρόνον ᾔδεσαν τὴν ἡμετέραν μὲν
					μητέρα, τιτθὴν δὲ τούτου νομιζομένην. </p>
			</div>
			<div type="section" n="45">
				<p>καὶ γὰρ εἰ ταπεινὸν ἡ τιτθή, τὴν ἀλήθειαν οὐ φεύγω· οὐ γὰρ εἰ πένητες ἦμεν,
					ἠδικήκαμεν, ἀλλʼ εἰ μὴ πολῖται· οὐδὲ περὶ τύχης οὐδὲ περὶ χρημάτων ἡμῖν ἐστὶν ὁ
					παρὼν ἀγών, ἀλλʼ ὑπὲρ γένους. πολλὰ δουλικὰ καὶ ταπεινὰ πράγματα τοὺς ἐλευθέρους
					ἡ πενία βιάζεται ποιεῖν, ἐφʼ οἷς ἐλεοῖντʼ ἄν, ὦ ἄνδρες Ἀθηναῖοι, δικαιότερον ἢ
					προσαπολλύοιντο. ὡς γὰρ ἐγὼ ἀκούω, πολλαὶ καὶ τιτθαὶ καὶ ἔριθοι καὶ τρυγήτριαι
					γεγόνασιν ὑπὸ τῶν τῆς πόλεως κατʼ ἐκείνους τοὺς χρόνους συμφορῶν ἀσταὶ γυναῖκες,
					πολλαὶ δʼ ἐκ πενήτων πλούσιαι νῦν. ἀλλʼ αὐτίχʼ ὑπὲρ τούτων. νῦν δὲ τοὺς μάρτυρας
						κάλει.<quote n="*ma/rtures"><title>Μάρτυρες</title></quote>
				</p>
			</div>
			<div type="section" n="46">
				<p>οὐκοῦν ὅτι μὲν καὶ τὰ πρὸς μητρός εἰμʼ ἀστὸς καὶ τὰ πρὸς πατρός, τὰ μὲν ἐξ ὧν
					ἄρτι μεμαρτύρηται μεμαθήκατε πάντες, τὰ δʼ ἐξ ὧν πρότερον περὶ τοῦ πατρός.
					λοιπὸν δέ μοι περὶ ἐμαυτοῦ πρὸς ὑμᾶς εἰπεῖν, τὸ μὲν ἁπλούστατον οἶμαι καὶ
					δικαιότατον, ἐξ ἀμφοτέρων ἀστῶν ὄντα με, κεκληρονομηκότα καὶ τῆς οὐσίας καὶ τοῦ
					γένους, εἶναι πολίτην· οὐ μὴν ἀλλὰ καὶ τὰ προσήκοντα πάντʼ ἐπιδείξω μάρτυρας
					παρεχόμενος, ὡς εἰσήχθην εἰς τοὺς φράτερας, ὡς ἐνεγράφην εἰς τοὺς δημότας, ὡς
					ὑπʼ αὐτῶν τούτων προὐκρίθην ἐν τοῖς εὐγενεστάτοις κληροῦσθαι τῆς ἱερωσύνης τῷ
					Ἡρακλεῖ, ὡς ἦρχον ἀρχὰς δοκιμασθείς. καί μοι κάλει αὐτούς.<quote n="*ma/rtures"
							><title>Μάρτυρες</title></quote>
				</p>
			</div>
			<div type="section" n="47">
				<p>οὔκουν δεινόν, ὦ ἄνδρες δικασταί, εἰ μὲν ἔλαχον ἱερεύς, ὥσπερ προὐκρίθην, δεῖν ἄν
					με καὶ αὐτὸν θύειν ὑπὲρ τούτων καὶ τοῦτον μετʼ ἐμοῦ συνθύειν, νῦν δὲ τοὺς αὐτοὺς
					τούτους ἐμὲ μεθʼ αὑτῶν μηδὲ συνθύειν ἐᾶν; φαίνομαι τοίνυν, ὦ ἄνδρες Ἀθηναῖοι,
					τὸν μὲν ἄλλον χρόνον ἅπαντα παρὰ πᾶσιν τοῖς νῦν κατηγοροῦσι πολίτης
					ὡμολογημένος· </p>
			</div>
			<div type="section" n="48">
				<p>οὐ γὰρ ἂν δήπου τόν γε ξένον καὶ μέτοικον, ὡς νῦν φησιν Εὐβουλίδης, οὔτʼ ἀρχὰς
					ἄρχειν οὔθʼ ἱερωσύνην κληροῦσθαι μεθʼ ἑαυτοῦ προκριθέντʼ εἴασεν· καὶ γὰρ οὗτος
					ἦν τῶν κληρουμένων καὶ προκριθέντων. οὐδέ γʼ ἄν, ὦ ἄνδρες Ἀθηναῖοι, παλαιὸς ὢν
					ἐχθρὸς ἐμοὶ τοῦτον τὸν καιρὸν περιέμενεν, ὃν οὐδεὶς ᾔδει γενησόμενον, εἴπερ τι
					συνῄδει τοιοῦτον. </p>
			</div>
			<div type="section" n="49">
				<p>ἀλλʼ οὐ συνῄδει· διόπερ τὸν μὲν ἄλλον ἅπαντα χρόνον δημοτευόμενος μετʼ ἐμοῦ καὶ
					κληρούμενος οὐδὲν ἑώρα τούτων, ἐπειδὴ δʼ ἡ πόλις πᾶσα τοῖς ἀσελγῶς
					εἰσπεπηδηκόσιν εἰς τοὺς δήμους ὀργιζομένη παρώξυντο, τηνικαῦτα μοι ἐπεβούλευσεν.
					ἦν δʼ ἐκεῖνος μὲν ὁ καιρὸς τοῦ συνειδότος αὑτῷ τἀληθῆ λέγειν, ὁ δὲ νυνὶ παρὼν
					ἐχθροῦ καὶ συκοφαντεῖν βουλομένου. </p>
			</div>
			<div type="section" n="50">
				<p>ἐγὼ δʼ, ὦ ἄνδρες δικασταί (καί μοι πρὸς Διὸς καὶ θεῶν μηδεὶς θορυβήσῃ, μηδʼ ἐφʼ ᾧ
					μέλλω λέγειν ἀχθεσθῇ), ἐμαυτὸν Ἀθηναῖον ὑπείληφʼ ὥσπερ ὑμῶν ἕκαστος ἑαυτόν,
					μητέρʼ ἐξ ἀρχῆς νομίζων ἥνπερ εἰς ὑμᾶς ἀποφαίνω, καὶ οὐχ ἑτέρας μὲν ὢν ταύτης δὲ
					προσποιούμενος· πατέρα πάλιν, ὦ ἄνδρες Ἀθηναῖοι, τὸν αὐτὸν τρόπον. </p>
			</div>
			<div type="section" n="51">
				<p>καίτοι εἰ τοῖς ἐξελεγχομένοις ὧν μέν εἰσιν ἀποκρυπτομένοις, ὧν δʼ οὐκ εἰσὶν
					προσποιουμένοις, δίκαιον ὑπάρχειν παρʼ ὑμῖν τοῦτο σημεῖον ὡς εἰσὶ ξένοι, ἐμοὶ
					δήπου τοὐναντίον ὡς εἰμὶ πολίτης. οὐ γὰρ ἂν ξένην καὶ ξένον τοὺς ἐμαυτοῦ γονέας
					ἐπιγραψάμενος μετέχειν ἠξίουν τῆς πόλεως· ἀλλʼ εἴ τι τοιοῦτον συνῄδειν, ἐζήτησʼ
					ἂν ὧν φήσω γονέων εἶναι. ἀλλʼ οὐ συνῄδειν, διόπερ μένων ἐπὶ τοῖς οὖσιν δικαίως
					γονεῦσιν ἐμαυτῷ τῆς πόλεως μετέχειν ἀξιῶ. </p>
			</div>
			<div type="section" n="52">
				<p>ἔτι τοίνυν ὀρφανὸς κατελείφθην, καὶ φασίν μʼ εὔπορον εἶναι καὶ τῶν μαρτύρων
					ἐνίους ὠφελουμένους μοι μαρτυρεῖν συγγενεῖς εἶναι. καὶ ἅμα μὲν κατʼ ἐμοῦ
					λέγουσιν τὰς ἐκ τῆς πενίας ἀδοξίας καὶ περὶ τὸ γένος διαβάλλουσιν, ἅμα δὲ διʼ
					εὐπορίαν φασὶ πάντα μʼ ὠνεῖσθαι. </p>
			</div>
			<div type="section" n="53">
				<p>ὥστε πότερα χρὴ αὐτοῖς πιστεύειν; ἐξῆν δὲ δήπου τούτοις, εἰ νόθος ἢ ξένος ἦν ἐγώ,
					κληρονόμοις εἶναι τῶν ἐμῶν πάντων. εἶθʼ οὗτοι μικρὰ λαμβάνειν καὶ κινδυνεύειν ἐν
					ψευδομαρτυρίοις καὶ ἐπιορκεῖν μᾶλλον αἱροῦνται ἢ πάντʼ ἔχειν, καὶ ταῦτʼ ἀσφαλῶς,
					καὶ μηδεμιᾶς ἐξωλείας ὑπόχους ἑαυτοὺς ποιεῖν; οὐκ ἔστι ταῦτα, ἀλλʼ οἶμαι
					συγγενεῖς ὄντες τὰ δίκαια ποιοῦσι, βοηθοῦντες αὑτῶν ἑνί. </p>
			</div>
			<div type="section" n="54">
				<p>καὶ ταῦτʼ οὐχὶ νῦν πεπεισμένοι ποιοῦσιν, ἀλλὰ παιδίον ὄντα μʼ εὐθέως ἦγον εἰς
					τοὺς φράτερας, εἰς Ἀπόλλωνος πατρῴου <del>ἦγον</del>, εἰς τἄλλʼ ἱερά. καίτοι οὐ
					δήπου παῖς ὢν ἐγὼ ταῦτʼ ἔπειθον αὐτοὺς ἀργύριον διδούς. ἀλλὰ μὴν ὁ πατὴρ αὐτὸς
					ζῶν ὀμόσας τὸν νόμιμον τοῖς φράτερσιν ὅρκον εἰσήγαγέν με, ἀστὸν ἐξ ἀστῆς
					ἐγγυητῆς αὑτῷ γεγενημένον εἰδώς, καὶ ταῦτα μεμαρτύρηται. </p>
			</div>
			<div type="section" n="55">
				<p>εἶτʼ ἐγὼ ξένος; ποῦ μετοίκιον καταθείς; ἢ τίς τῶν ἐμῶν πώποτε; ποῦ πρὸς ἄλλους
					δημότας ἐλθών, καὶ οὐ δυνηθεὶς ἐκείνους πεῖσαι δεῦρʼ ἐμαυτὸν ἐνέγραψα; ποῦ τί
					ποιήσας ὧν ὅσοι μὴ καθαρῶς ἦσαν πολῖται πεποιηκότες φαίνονται; οὐδαμοῦ, ἀλλʼ
					ἁπλῶς, ἐν οἷς ὁ πάππος ὁ τοῦ πατρός, ὁ ἐμός, <add>ὁ</add> πατήρ, ἐνταῦθα καὶ
					αὐτὸς φαίνομαι δημοτευόμενος. καὶ νῦν πῶς ἄν τις ὑμῖν σαφέστερον ἐπιδείξειεν
					μετὸν τῆς πόλεως αὑτῷ; </p>
			</div>
			<div type="section" n="56">
				<p>ἐνθυμείσθω γὰρ ἕκαστος ὑμῶν, ὦ ἄνδρες Ἀθηναῖοι, τοὺς ἑαυτῷ προσήκοντας τίνʼ ἄλλον
					ἂν δύναιτʼ ἐπιδεῖξαι τρόπον ἢ τὸν αὐτὸν ἐμοί, μαρτυροῦντας, ὀμνύοντας, πάλαι
					τοὺς αὐτοὺς ἀπὸ τῆς ἀρχῆς ὄντας;</p>
				<p>διὰ ταῦτα τοίνυν ἐγὼ πιστεύων ἐμαυτῷ κατέφυγον εἰς ὑμᾶς. ὁρῶ γάρ, ὦ ἄνδρες
					Ἀθηναῖοι, οὐ μόνον τῶν ἀποψηφισαμένων Ἁλιμουσίων ἐμοῦ κυριώτερʼ ὄντα τὰ
					δικαστήρια, ἀλλὰ καὶ τῆς βουλῆς καὶ τοῦ δήμου, δικαίως· κατὰ γὰρ πάνθʼ αἱ παρʼ
					ὑμῖν εἰσι κρίσεις δικαιόταται. </p>
			</div>
			<div type="section" n="57">
				<p>ἐνθυμεῖσθε τοίνυν κἀκεῖνο, ὅσοι τῶν μεγάλων δήμων ἐστέ, ὡς οὐδένʼ ἀπεστερεῖτʼ
					οὔτε κατηγορίας οὔτʼ ἀπολογίας. καὶ πόλλʼ ἀγαθὰ γένοιτο πᾶσιν ὑμῖν τοῖς δικαίως
					τούτῳ τῷ πράγματι χρησαμένοις, ὅτι καὶ τῶν ἀναβαλέσθαι δεομένων οὐκ ἀφῄρησθε τὸ
					παρασκευάσασθαι· ᾧ καὶ τοὺς συκοφαντοῦντας καὶ διʼ ἔχθραν ἐπιβουλεύοντας
					ἐξηλέγχετε.</p>
			</div>
			<div type="section" n="58">
				<p>καὶ ὑμᾶς μὲν ἄξιον ἐπαινεῖν, ὦ ἄνδρες Ἀθηναῖοι, τοὺς δὲ καλῷ καὶ δικαίῳ πράγματι
					μὴ καλῶς χρησαμένους ψέγειν. ἐν οὐδενὶ τοίνυν εὑρήσετε τῶν δήμων δεινότερα
					γεγενημένα τῶν παρʼ ἡμῖν. οὗτοι γὰρ ἀδελφῶν ὁμομητρίων καὶ ὁμοπατρίων τῶν μέν
					εἰσιν ἀπεψηφισμένοι, τῶν δʼ οὔ, καὶ πρεσβυτέρων ἀνθρώπων ἀπόρων, ὧν τοὺς υἱεῖς
					ἐγκαταλελοίπασιν· καὶ τούτων ἂν βούλησθε, μάρτυρας παρέξομαι. </p>
			</div>
			<div type="section" n="59">
				<p>ὃ δὲ πάντων δεινότατον οἱ συνεστηκότες πεποιήκασιν (καί μοι πρὸς Διὸς καὶ θεῶν
					μηδεὶς ὑπολάβῃ δυσκόλως, ἐὰν τοὺς ἠδικηκότας ἐμαυτὸν πονηροὺς ὄντας ἐπιδεικνύω·
					νομίζω γὰρ ὑμῖν τὴν τούτων πονηρίαν δεικνὺς εἰς αὐτὸ τὸ πρᾶγμα λέγειν τὸ
					γενόμενόν μοι)· οὗτοι γάρ, ὦ ἄνδρες Ἀθηναῖοι, βουλομένους τινὰς ἀνθρώπους ξένους
					πολίτας γενέσθαι, Ἀναξιμένην καὶ Νικόστρατον, κοινῇ διανειμάμενοι πέντε δραχμὰς
					ἕκαστος προσεδέξαντο. καὶ ταῦτʼ οὐκ ἂν ἐξομόσαιτʼ Εὐβουλίδης οὐδʼ οἱ μετʼ αὐτοῦ
					μὴ οὐκ εἰδέναι. καὶ νῦν τούτων οὐκ ἀπεψηφίσαντο. τί οὖν οὐκ ἂν οἴεσθε τούτους
					ἰδίᾳ ποιῆσαι, οἳ κοινῇ ταῦτʼ ἐτόλμων; </p>
			</div>
			<div type="section" n="60">
				<p>πολλούς, ὦ ἄνδρες δικασταί, οἱ μετʼ Εὐβουλίδου συνεστῶτες καὶ ἀπ- ολωλέκασιν καὶ
					σεσῴκασιν ἕνεκʼ ἀργυρίου. ἐπεὶ καὶ τὸ πρότερον (ἐρῶ δʼ εἰς αὐτὸ τὸ πρᾶγμʼ, ὦ
					ἄνδρες Ἀθηναῖοι) δημαρχῶν ὁ Εὐβουλίδου πατήρ, ὥσπερ εἶπον, Ἀντίφιλος, τεχνάζει
					βουλόμενος παρά τινων λαβεῖν ἀργύριον, καὶ ἔφη τὸ κοινὸν γραμματεῖον ἀπολωλέναι,
					ὥστʼ ἔπεισε διαψηφίσασθαι τοὺς Ἁλιμουσίους περὶ αὑτῶν, καὶ κατηγορῶν δέκα τῶν
					δημοτῶν ἐξέβαλεν, οὓς ἅπαντας πλὴν ἑνὸς κατεδέξατο τὸ δικαστήριον. καὶ ταῦτα
					πάντες ἴσασιν οἱ πρεσβύτεροι. </p>
			</div>
			<div type="section" n="61">
				<p>πολλοῦ γʼ ἔδεόν τινας ἐγκαταλιπεῖν τῶν μὴ Ἀθηναίων, ὅπου καὶ τοὺς ὄντας πολίτας
					συνιστάμενοι ἐξέβαλον, οὓς τὸ δικαστήριον κατεδέξατο. καὶ ὢν ἐχθρὸς τῷ ἐμῷ πατρὶ
					τότʼ οὐ μόνον οὐ κατηγόρησεν, ἀλλʼ οὐδὲ τὴν ψῆφον ἤνεγκεν ὡς οὐκ ἦν Ἀθηναῖος. τῷ
					τοῦτο δῆλον; ὅτι ἁπάσαις ἔδοξεν δημότης εἶναι. καὶ τί δεῖ περὶ τῶν πατέρων
					λέγειν; ἀλλʼ Εὐβουλίδης αὐτὸς οὑτοσί, ἡνίκʼ ἐνεγράφην ἐγὼ καὶ ὀμόσαντες οἱ
					δημόται δικαίως πάντες περὶ ἐμοῦ τὴν ψῆφον ἔφερον, οὔτε κατηγόρησεν οὔτʼ
					ἐναντίαν τὴν ψῆφον ἤνεγκεν· καὶ γὰρ ἐνταῦθα πάλιν ἐμὲ πάντες ἐψηφίσαντο δημότην.
					καὶ εἴ φασίν με τοῦτο ψεύδεσθαι, ἐπὶ τοῦ ἐμοῦ ὕδατος ὅστις βούλεται τούτων
					τἀναντία μαρτυρησάτω. </p>
			</div>
			<div type="section" n="62">
				<p>εἰ τοίνυν, ὦ ἄνδρες Ἀθηναῖοι, τοῦτο δοκοῦσιν οὗτοι λέγειν μάλιστʼ ἰσχυρόν, ὡς
					ἀπεψηφίσαντό μου νῦν οἱ δημόται, ἐγὼ τετράκις ἐπιδεικνύω πρότερον, ὅθʼ ὁσίως
					ἄνευ συστάσεως ἐψηφίσαντο, καὶ ἐμὲ καὶ τὸν πατέρα δημότας αὑτῶν εἶναι
					ψηφισαμένους, πρῶτον μέν γε τοῦ πατρὸς δοκιμασθέντος, εἶτʼ ἐμοῦ, εἶτʼ ἐν τῇ
					προτέρᾳ διαψηφίσει, ὅτʼ ἠφάνισαν οὗτοι τὸ γραμματεῖον· τὸ δὲ τελευταῖον
					προκρίναντες ἐμὲ ἐψηφίσαντʼ ἐν τοῖς εὐγενεστάτοις κληροῦσθαι τῆς ἱερωσύνης τῷ
					Ἡρακλεῖ. καὶ ταῦτα πάντα μεμαρτύρηται. </p>
			</div>
			<div type="section" n="63">
				<p>εἰ δὲ δεῖ τὴν δημαρχίαν λέγειν, διʼ ἣν ὠργίζοντό μοί τινες, ἐν ᾗ διάφορος
					ἐγενόμην εἰσπράττων ὀφείλοντας πολλοὺς αὐτῶν μισθώσεις τεμενῶν καὶ ἕτερʼ ἃ τῶν
					κοινῶν διηρπάκεσαν, ἐγὼ μὲν ἂν βουλοίμην ὑμᾶς ἀκούειν, ἀλλʼ ἴσως ἔξω τοῦ
					πράγματος ὑπολήψεσθε ταῦτʼ εἶναι. ἐπεὶ καὶ τοῦτʼ ἔχω δεικνύναι τεκμήριον ὡς
					συνέστησαν· ἔκ τε γὰρ τοῦ ὅρκου ἐξήλειψαν τὸ ψηφιεῖσθαι γνώμῃ τῇ δικαιοτάτῃ καὶ
					οὔτε χάριτος ἕνεκʼ οὔτʼ ἔχθρας· </p>
			</div>
			<div type="section" n="64">
				<p>καὶ γὰρ τοῦτο φανερὸν ἐγένετο καὶ ὅτι ἱεροσυλήσαντες τὰ ὅπλα (εἰρήσεται γάρ), ἃ
					ἐγὼ ἀνέθηκα τῇ Ἀθηνᾷ, καὶ τὸ ψήφισμʼ ἐκκολάψαντες ὃ ἐμοὶ ἐψηφίσανθʼ οἱ δημόται,
					συνώμνυον οὗτοι ἐπʼ ἐμὲ οἱ ὑπʼ ἐμοῦ τὰ κοινὰ εἰσπραχθέντες. καὶ εἰς τοσοῦτʼ
					ἀναιδείας ἐληλύθασιν, ὥστʼ ἔλεγον περιιόντες ἐμὲ τῆς ἀπολογίας ἕνεκα ταῦτα
					ποιῆσαι. καὶ τίς ὑμῶν ἂν καταγνοίη μου τοσαύτην μανίαν, ὦ ἄνδρες δικασταί, ὥστε
					τηλικούτων ἕνεκα πρὸς τὸ πρᾶγμα τεκμηρίων ἄξια θανάτου διαπράξασθαι, καὶ ἃ ἐμοὶ
					φιλοτιμίαν ἔφερεν, ταῦτʼ ἀφανίζειν;</p>
			</div>
			<div type="section" n="65">
				<p>τὸ δὲ πάντων δεινότατον οὐ δήπου γε φήσαιεν ἂν ἐμὲ κατασκευάσαι. οὐ γὰρ ἔφθη μοι
					συμβᾶσʼ ἡ ἀτυχία καὶ εὐθύς, ὥσπερ φυγάδος ἤδη μου ὄντος καὶ ἀπολωλότος, τούτων
					τινὲς ἐπὶ τὸ οἰκίδιον ἐλθόντες <add>τὸ</add> ἐν ἀγρῷ νύκτωρ ἐπεχείρησαν
					διαφορῆσαι τὰ ἔνδοθεν· οὕτω σφόδρʼ ὑμῶν καὶ τῶν νόμων κατεφρόνησαν. καὶ ταῦτα
					τοὺς εἰδότας, ἐὰν βούλησθε, καλοῦμεν. </p>
			</div>
			<div type="section" n="66">
				<p>πολλὰ δʼ ἔχων καὶ ἄλλʼ ἐπιδεῖξαι, ἃ τούτοις ἐστὶν διαπεπραγμένα καὶ ἅ εἰσιν
					ἐψευσμένοι, ἡδέως μὲν ἂν ὑμῖν λέγοιμι, ἐπειδὴ δʼ ἔξω τοῦ πράγματος νομίζετʼ
					εἶναι, ἐάσω. ἀναμνήσθητε δʼ ἐκείνων καὶ θεάσασθε, ὡς πολλὰ καὶ δίκαιʼ ἔχων πρὸς
					ὑμᾶς ἥκω. ὥσπερ γὰρ τοὺς θεσμοθέτας ἀνακρίνετε, ἐγὼ τὸν αὐτὸν τρόπον ἐμαυτὸν
					ὑμῖν ἀνακρινῶ. </p>
			</div>
			<div type="section" n="67">
				<p><q>ὦ ἄνθρωπε, τίς ἦν σοι πατήρ;</q> ἐμοί; Θούκριτος. <q>οἰκεῖοί τινες εἶναι
						μαρτυροῦσιν αὐτῷ;</q> πάνυ γε, πρῶτον μέν γε τέτταρες ἀνεψιοί, εἶτʼ
					ἀνεψιαδοῦς, εἶθʼ οἱ τὰς ἀνεψιὰς λαβόντες αὐτῷ, εἶτα φράτερες, εἶτʼ Ἀπόλλωνος
					πατρῴου καὶ Διὸς ἑρκείου γεννῆται, εἶθʼ οἷς ἠρία ταὐτά, εἶθʼ οἱ δημόται πολλάκις
					αὐτὸν δεδοκιμάσθαι καὶ ἀρχὰς ἄρξαι, καὶ αὐτοὶ διεψηφισμένοι φαίνονται. τὰ μὲν
					τοίνυν περὶ τοῦ πατρὸς πῶς ἂν ὑμῖν δικαιότερον ἢ καθαρώτερον ἐπιδείξαιμι; καλῶ
					δʼ ὑμῖν τοὺς οἰκείους, εἰ βούλεσθε. τὰ δὲ περὶ τῆς μητρὸς ἀκούσατε. </p>
			</div>
			<div type="section" n="68">
				<p>ἐμοὶ γάρ ἐστιν μήτηρ Νικαρέτη Δαμοστράτου θυγάτηρ Μελιτέως. ταύτης τίνες οἰκεῖοι
					μαρτυροῦσιν; πρῶτον μὲν ἀδελφιδοῦς, εἶτα τοῦ ἑτέρου ἀδελφιδοῦ δύʼ υἱοί, εἶτʼ
					ἀνεψιαδοῦς, εἶθʼ οἱ Πρωτομάχου υἱεῖς τοῦ λαβόντος τὴν ἐμὴν μητέρα πρότερον, εἶθʼ
					ὁ τὴν ἀδελφὴν τὴν ἐμὴν τὴν ἐκ τοῦ Πρωτομάχου γήμας Εὔνικος Χολαργεύς, εἶθʼ υἱὸς
					τῆς ἀδελφῆς. </p>
			</div>
			<div type="section" n="69">
				<p>ἀλλὰ μὴν καὶ φράτερες τῶν οἰκείων αὐτῆς καὶ δημόται ταῦτα μεμαρτυρήκασι. τίνος
					οὖν ἂν προσδέοισθε; καὶ γὰρ ὅτι κατὰ τοὺς νόμους ὁ πατὴρ ἔγημεν καὶ γαμηλίαν
					τοῖς φράτερσιν εἰσήνεγκεν μεμαρτύρηται. πρὸς δὲ τούτοις καὶ ἐμαυτὸν ἐπέδειξα
					πάντων μετειληφόθʼ ὅσων προσήκει τοὺς ἐλευθέρους. ὥστε πανταχῇ δικαίως καὶ
					προσηκόντως ἡμῖν ἂν προσθέμενοι τὴν ψῆφον εὐορκοίητε. </p>
			</div>
			<div type="section" n="70">
				<p>ἔτι τοίνυν, ὦ ἄνδρες δικασταί, τοὺς ἐννέα ἄρχοντας ἀνακρίνετε, εἰ γονέας εὖ
					ποιοῦσιν. ἐγὼ δὲ τοῦ μὲν πατρὸς ὀρφανὸς κατελείφθην, τὴν δὲ μητέρʼ ἱκετεύω ὑμᾶς
					καὶ ἀντιβολῶ διὰ τοῦτον τὸν ἀγῶνʼ ἀπόδοτέ μοι θάψαι εἰς τὰ πατρῷα μνήματα καὶ μή
					με κωλύσητε, μηδʼ ἄπολιν ποιήσητε, μηδὲ τῶν οἰκείων ἀποστερήσητε τοσούτων ὄντων
					τὸ πλῆθος, καὶ ὅλως ἀπολέσητε. πρότερον γὰρ ἢ προλιπεῖν τούτους, εἰ μὴ δυνατὸν
					ὑπʼ αὐτῶν εἴη σωθῆναι, ἀποκτείναιμʼ ἂν ἐμαυτόν, ὥστʼ ἐν τῇ πατρίδι γʼ ὑπὸ τούτων
					ταφῆναι. </p>
			</div>

		</body>
	</text>
</TEI>
