<?xml version="1.0" encoding="UTF-8"?>
<TEI xmlns="http://www.tei-c.org/ns/1.0">
	<teiHeader>

		<fileDesc>

			<titleStmt>
				<title>Fourth Philippic </title>
				<author>Demosthenes</author>
				<sponsor>Perseus Project, Tufts University</sponsor>
				<principal>Gregory Crane</principal>
				<respStmt>
					<resp>Prepared under the supervision of</resp>
					<name>Lisa Cerrato</name>
					<name>William Merrill</name>
					<name>Elli Mylonas</name>
					<name>David Smith</name>
				</respStmt>
				<funder n="org:AnnCPB">The Annenberg CPB/Project</funder>

			</titleStmt>
			<publicationStmt>
				<publisher>Trustees of Tufts University</publisher>
				<pubPlace>Medford, MA</pubPlace>
				<authority>Perseus Project</authority>
			</publicationStmt>





			<sourceDesc>
				<biblStruct>
					<monogr>
						<author>Demosthenes</author>
						<title>Demosthenis.Orationes. ed. S. H. Butcher</title>

						<imprint>
							<publisher>Clarendon Press, Oxford</publisher>
							<date>1903</date>
						</imprint>
					</monogr>
				</biblStruct>
			</sourceDesc>


		</fileDesc>

		<encodingDesc>

			<refsDecl>
				<refState unit="speech"/>
				<refState unit="section"/>
			</refsDecl>
		</encodingDesc>
		<profileDesc>
			<langUsage>
				<language ident="greek">Greek </language>
				<language ident="en">English </language>
			</langUsage>
		</profileDesc>

		<revisionDesc>
			<!--
<change>
<date>3/31/92</date><respStmt><name>W. Merrill</name><resp>(n/a)</resp></respStmt><item>Removed caps from non-proper nouns at beginnings of sections and paragraphs, Demosthenes 1-64.</item>
</change>
<change>
<date>6/2/92</date><respStmt><name>David Smith</name><resp>(n/a)</resp></respStmt><item>fixed corrupt passage in 7.33-34, took out line-break hyphens, inserted quotedtext tag around verse</item>
</change>
<change><date>July 2014</date>
    <respStmt><name>Stella Dee</name><resp>ed.</resp></respStmt>
    <item>split composite text and converted to unicode</item>
      </change>-->
			<change when="2014-08-01" who="Stella Dee">edited markup</change>
		</revisionDesc>

	</teiHeader>
	<text xml:lang="grc">
		<body>

			<div n="1" type="section">
				<p>καὶ σπουδαῖα νομίζων, ὦ ἄνδρες Ἀθηναῖοι, περὶ ὧν βουλεύεσθε, καὶ ἀναγκαῖα τῇ
					πόλει, πειράσομαι περὶ αὐτῶν εἰπεῖν ἃ νομίζω συμφέρειν. οὐκ ὀλίγων δʼ ὄντων
					ἁμαρτημάτων οὐδʼ ἐκ μικροῦ χρόνου συνειλεγμένων, ἐξ ὧν φαύλως ταῦτʼ ἔχει, οὐδέν
					ἐστιν, ὦ ἄνδρες Ἀθηναῖοι, τῶν πάντων δυσκολώτερον εἰς τὸ παρὸν ἢ ὅτι ταῖς
					γνώμαις ὑμεῖς ἀφεστήκατε τῶν πραγμάτων, καὶ τοσοῦτον χρόνον σπουδάζεθʼ ὅσον ἂν
					κάθησθʼ ἀκούοντες ἢ προσαγγελθῇ τι νεώτερον, εἶτʼ ἀπελθὼν ἕκαστος ὑμῶν οὐ μόνον
					οὐδὲν φροντίζει περὶ αὐτῶν, ἀλλʼ οὐδὲ μέμνηται. </p>
			</div>
			<div n="2" type="section">
				<p>ἡ μὲν οὖν ἀσέλγεια καὶ πλεονεξία, ᾗ πρὸς ἅπαντας ἀνθρώπους Φίλιππος χρῆται,
					τοσαύτη τὸ πλῆθος ὅσην ἀκούετε· ὅτι δʼ οὐκ ἔνι ταύτης ἐκεῖνον ἐπισχεῖν ἐκ λόγου
					καὶ δημηγορίας οὐδεὶς ἀγνοεῖ δήπου. καὶ γὰρ εἰ μηδʼ ἀφʼ ἑνὸς τῶν ἄλλων τοῦτο
					μαθεῖν δύναταί τις, ὡδὶ λογισάσθω. ἡμεῖς οὐδαμοῦ πώποτε, ὅπου περὶ τῶν δικαίων
					εἰπεῖν ἐδέησεν, ἡττήθημεν οὐδʼ ἀδικεῖν ἐδόξαμεν, ἀλλὰ πάντων πανταχοῦ κρατοῦμεν
					καὶ περίεσμεν τῷ λόγῳ. </p>
			</div>
			<div n="3" type="section">
				<p>ἆρʼ οὖν διὰ τοῦτʼ ἐκείνῳ φαύλως ἔχει τὰ πράγματα, ἢ τῇ πόλει καλῶς; πολλοῦ γε καὶ
					δεῖ· ἐπειδὰν γὰρ ὁ μὲν λαβὼν μετὰ ταῦτα βαδίζῃ τὰ ὅπλα, πᾶσιν τοῖς οὖσιν ἑτοίμως
					κινδυνεύσων, ἡμεῖς δὲ καθώμεθʼ εἰρηκότες τὰ δίκαια, οἱ δʼ ἀκηκοότες, εἰκότως,
					οἶμαι, τοὺς λόγους τἄργα παρέρχεται, καὶ προσέχουσιν ἅπαντες οὐχ οἷς εἴπομέν
					ποθʼ ἡμεῖς δικαίοις ἢ νῦν ἂν εἴποιμεν, ἀλλʼ οἷς ποιοῦμεν. ἔστι δὲ ταῦτʼ οὐδένα
					τῶν ἀδικουμένων σῴζειν δυνάμενα· οὐδὲν γὰρ δεῖ πλείω περὶ αὐτῶν λέγειν. </p>
			</div>
			<div n="4" type="section">
				<p>τοιγάρτοι διεστηκότων εἰς δύο ταῦτα τῶν ἐν ταῖς πόλεσι, τῶν μὲν εἰς τὸ μήτʼ
					ἄρχειν βίᾳ βούλεσθαι μηδενὸς μήτε δουλεύειν ἄλλῳ, ἀλλʼ ἐν ἐλευθερίᾳ καὶ νόμοις
					ἐξ ἴσου πολιτεύεσθαι, τῶν δʼ εἰς τὸ ἄρχειν μὲν τῶν πολιτῶν ἐπιθυμεῖν, ἑτέρῳ δʼ
					ὑπακούειν, διʼ ὅτου ποτʼ ἂν οἴωνται τοῦτο δυνήσεσθαι ποιῆσαι, οἱ τῆς ἐκείνου
					προαιρέσεως, οἱ τυραννίδων καὶ δυναστειῶν ἐπιθυμοῦντες, κεκρατήκασι πανταχοῦ,
					καὶ πόλις δημοκρατουμένη βεβαίως οὐκ οἶδʼ εἴ τίς ἐστι τῶν πασῶν λοιπὴ πλὴν ἡ
					ἡμετέρα. </p>
			</div>
			<div n="5" type="section">
				<p>καὶ κεκρατήκασιν οἱ διʼ ἐκείνου τὰς πολιτείας ποιούμενοι πᾶσιν ὅσοις πράγματα
					πράττεται, πρώτῳ μὲν πάντων καὶ πλείστῳ τῷ τοῖς βουλομένοις χρήματα λαμβάνειν
					ἔχειν τὸν δώσονθʼ ὑπὲρ αὑτῶν, δευτέρῳ δὲ καὶ οὐδὲν ἐλάττονι τούτου τῷ δύναμιν
					τὴν καταστρεψομένην τοὺς ἐναντιουμένους αὐτοῖς ἐν οἷς ἂν αἰτήσωσι χρόνοις
					παρεῖναι. </p>
			</div>
			<div n="6" type="section">
				<p>ἡμεῖς δʼ οὐ μόνον τούτοις ὑπολειπόμεθʼ, ὦ ἄνδρες Ἀθηναῖοι, ἀλλʼ οὐδʼ ἀνεγερθῆναι
					δυνάμεθα, ἀλλὰ μανδραγόραν πεπωκόσιν ἤ τι φάρμακον ἄλλο τοιοῦτον ἐοίκαμεν
					ἀνθρώποις· εἶτʼ, οἶμαι, (δεῖ γάρ, ὡς ἐγὼ κρίνω, λέγειν τἀληθῆ) οὕτω διαβεβλήμεθα
					καὶ καταπεφρονήμεθʼ ἐκ τούτων ὥστε τῶν ἐν αὐτῷ τῷ κινδυνεύειν ὄντων οἱ μὲν ὑπὲρ
					τῆς ἡγεμονίας ἡμῖν ἀντιλέγουσιν, οἱ δʼ ὑπὲρ τοῦ ποῦ συνεδρεύσουσι, τινὲς δὲ καθʼ
					αὑτοὺς ἀμύνεσθαι μᾶλλον ἢ μεθʼ ἡμῶν ἐγνώκασιν. </p>
			</div>
			<div n="7" type="section">
				<p>τοῦ χάριν δὴ ταῦτα λέγω καὶ διεξέρχομαι; οὐ γὰρ ἀπεχθάνεσθαι μὰ τὸν Δία καὶ
					πάντας θεοὺς προαιροῦμαι. ἵνʼ ὑμῶν ἕκαστος, ὦ ἄνδρες Ἀθηναῖοι, τοῦτο γνῷ καὶ
					εἰδῇ, ὅτι ἡ καθʼ ἡμέραν ῥᾳστώνη καὶ ῥᾳθυμία, ὥσπερ τοῖς ἰδίοις βίοις, οὕτω καὶ
					ταῖς πόλεσιν οὐκ ἐφʼ ἑκάστου τῶν ἀμελουμένων ποιεῖ τὴν αἴσθησιν εὐθέως, ἀλλʼ ἐπὶ
					τῷ κεφαλαίῳ τῶν πραγμάτων ἀπαντᾷ. </p>
			</div>
			<div n="8" type="section">
				<p>ὁρᾶτε Σέρριον καὶ Δορίσκον· ταῦτα γὰρ πρῶτον ὠλιγωρήθη μετὰ τὴν εἰρήνην, ἃ
					πολλοῖς ὑμῶν οὐδὲ γνώριμʼ ἐστὶν ἴσως. ταῦτα μέντοι τότʼ ἐαθέντα καὶ παροφθέντʼ
					ἀπώλεσε Θρᾴκην καὶ Κερσοβλέπτην, σύμμαχον ὄνθʼ ὑμῶν. πάλιν ταῦτʼ ἀμελούμενʼ ἰδὼν
					καὶ οὐδεμιᾶς βοηθείας τυγχάνοντα παρʼ ὑμῶν κατέσκαπτε Πορθμόν, καὶ τυραννίδʼ
					ἀπαντικρὺ τῆς Ἀττικῆς ἐπετείχισεν ὑμῖν ἐν τῇ Εὐβοίᾳ. </p>
			</div>
			<div n="9" type="section">
				<p> ταύτης ὀλιγωρουμένης, Μέγαρʼ ἑάλω παρὰ μικρόν. οὐδὲν ἐφροντίσατʼ οὐδʼ
					ἐπεστράφητʼ οὐδὲν τούτων, οὐδʼ ἐνεδείξασθε τοῦθʼ ὅτι οὐκ ἐπιτρέψετε τοῦτο ποιεῖν
					αὐτῷ· Ἀντρῶνας ἐπρίατο καὶ μετʼ οὐ πολὺν χρόνον τὰ ἐν Ὠρεῷ πράγματʼ εἰλήφει.
				</p>
			</div>
			<div n="10" type="section">
				<p>πολλὰ δὲ καὶ παραλείπω, Φεράς, τὴν ἐπʼ Ἀμβρακίαν ὁδόν, τὰς ἐν Ἤλιδι σφαγάς, ἄλλα
					μυρία· οὐ γὰρ ἵνʼ ἐξαριθμήσωμαι τοὺς βεβιασμένους καὶ τοὺς ἠδικημένους ὑπὸ
					Φιλίππου, ταῦτα διεξῆλθον, ἀλλʼ ἵνα τοῦθʼ ὑμῖν δείξω, ὅτι οὐ στήσεται πάντας
					ἀνθρώπους ἀδικῶν, τὰ δʼ ὑφʼ αὑτῷ ποιούμενος Φίλιππος, εἰ μή τις αὐτὸν κωλύσει.
				</p>
			</div>
			<div n="11" type="section">
				<p><milestone ed="P" unit="para"/>εἰσὶν δέ τινες οἳ πρὶν ἀκοῦσαι τοὺς ὑπὲρ τῶν
					πραγμάτων λόγους εὐθέως εἰώθασιν ἐρωτᾶν <q>τί οὖν χρὴ ποιεῖν;</q> οὐχ ἵνʼ
					ἀκούσαντες ποιήσωσι (χρησιμώτατοι γὰρ ἂν ἦσαν ἁπάντων), ἀλλʼ ἵνα τοῦ λέγοντος
					ἀπαλλαγῶσιν. δεῖ δʼ ὅμως εἰπεῖν ὅ τι χρὴ ποιεῖν. πρῶτον μέν, ὦ ἄνδρες Ἀθηναῖοι,
					τοῦτο παρʼ ὑμῖν αὐτοῖς βεβαίως γνῶναι, ὅτι τῇ πόλει Φίλιππος πολεμεῖ καὶ τὴν
					εἰρήνην λέλυκεν, καὶ κακόνους μέν ἐστι καὶ ἐχθρὸς ὅλῃ τῇ πόλει καὶ τῷ τῆς πόλεως
					ἐδάφει, προσθήσω δὲ καὶ τοῖς ἐν τῇ πόλει θεοῖς, οἵπερ αὐτὸν ἐξολέσειαν, οὐδενὶ
					μέντοι μᾶλλον ἢ τῇ πολιτείᾳ πολεμεῖ οὐδʼ ἐπιβουλεύει, καὶ σκοπεῖ μᾶλλον οὐδὲν
					τῶν πάντων ἢ πῶς ταύτην καταλύσει. </p>
			</div>
			<div n="12" type="section">
				<p>καὶ τοῦτʼ ἐξ ἀνάγκης τρόπον τινὰ νῦν γε δὴ ποιεῖ. λογίζεσθε γάρ. ἄρχειν βούλεται,
					τούτου δʼ ἀνταγωνιστὰς μόνους ὑπείληφεν ὑμᾶς. ἀδικεῖ πολὺν χρόνον ἤδη, καὶ τοῦτʼ
					αὐτὸς ἄριστα σύνοιδεν αὑτῷ· οἷς γὰρ οὖσιν ὑμετέροις ἔχει <del>χρῆσθαι</del>,
					τούτοις ἅπαντα τἄλλα βεβαίως κέκτηται· εἰ γὰρ Ἀμφίπολιν καὶ Ποτείδαιαν προεῖτο,
					οὐδʼ ἂν ἐν Μακεδονίᾳ μένειν ἀσφαλῶς ἐδύνατο. </p>
			</div>
			<div n="13" type="section">
				<p>ἀμφότερʼ οὖν οἶδε, καὶ αὑτὸν ὑμῖν ἐπιβουλεύοντα καὶ ὑμᾶς αἰσθανομένους· εὖ
					φρονεῖν δʼ ὑμᾶς ὑπολαμβάνων μισεῖν αὑτὸν ἡγεῖται. πρὸς δὲ τούτοις τοσούτοις
					οὖσιν οἶδεν ἀκριβῶς ὅτι, οὐδʼ ἂν ἁπάντων τῶν ἄλλων γένηται κύριος, οὐδὲν ἔστʼ
					αὐτῷ βεβαίως ἔχειν, ἕως ἂν ὑμεῖς δημοκρατῆσθε, ἀλλʼ ἄν ποτε συμβῇ τι πταῖσμα
					(πολλὰ δʼ ἂν γένοιτʼ ἀνθρώπῳ), ἥξει πάντα τὰ νῦν βεβιασμένα καὶ καταφεύξεται
					πρὸς ὑμᾶς. </p>
			</div>
			<div n="14" type="section">
				<p>ἐστὲ γὰρ ὑμεῖς οὐκ αὐτοὶ πλεονεκτῆσαι καὶ κατασχεῖν ἀρχὴν εὖ πεφυκότες, ἀλλʼ
					ἕτερον λαβεῖν κωλῦσαι καὶ ἔχοντʼ ἀφελέσθαι καὶ ὅλως ἐνοχλῆσαι τοῖς ἄρχειν
					βουλομένοις καὶ πάντας ἀνθρώπους εἰς ἐλευθερίαν ἐξελέσθαι δεινοί. οὔκουν
					βούλεται τοῖς αὑτοῦ καιροῖς τὴν παρʼ ὑμῶν ἐλευθερίαν ἐφεδρεύειν, οὐ κακῶς οὐδʼ
					ἀργῶς ταῦτα λογιζόμενος. </p>
			</div>
			<div n="15" type="section">
				<p>πρῶτον μὲν δὴ τοῦτο δεῖ, ἐχθρὸν ὑπειληφέναι τῆς πολιτείας καὶ τῆς δημοκρατίας
					ἀδιάλλακτον ἐκεῖνον, δεύτερον δʼ εἰδέναι σαφῶς ὅτι πάνθʼ ὅσα πραγματεύεται καὶ
					κατασκευάζεται νῦν, ἐπὶ τὴν ἡμετέραν πόλιν παρασκευάζεται. οὐ γὰρ οὕτως εὐήθης
					ὑμῶν ἐστὶν οὐδεὶς ὥσθʼ ὑπολαμβάνειν τὸν Φίλιππον τῶν μὲν ἐν Θρᾴκῃ κακῶν (τί γὰρ
					ἂν ἄλλο τις εἴποι Δρογγίλον καὶ Καβύλην καὶ Μάστειραν καὶ ἃ νῦν φασιν αὐτὸν
					ἔχειν;) τούτων μὲν ἐπιθυμεῖν καὶ ὑπὲρ τοῦ ταῦτα λαβεῖν καὶ πόνους καὶ χειμῶνας
					καὶ τοὺς ἐσχάτους κινδύνους ὑπομένειν, </p>
			</div>
			<div n="16" type="section">
				<p>τῶν δʼ Ἀθηναίων λιμένων καὶ νεωρίων καὶ τριήρων καὶ τόπου καὶ δόξης, ὧν μήτʼ
					ἐκείνῳ μήτʼ ἄλλῳ γένοιτο μηδενὶ χειρωσαμένῳ τὴν πόλιν τὴν ἡμετέραν κυριεῦσαι,
					οὐκ ἐπιθυμεῖν, ἀλλὰ ταῦτα μὲν ὑμᾶς ἐάσειν ἔχειν, ὑπὲρ δὲ τῶν μελινῶν καὶ τῶν
					ὀλυρῶν τῶν ἐν τοῖς Θρᾳκίοις σιροῖς ἐν τῷ βαράθρῳ χειμάζειν. </p>
			</div>
			<div n="17" type="section">
				<p>οὐκ ἔστι ταῦτα, ἀλλὰ κἀκεῖνʼ ὑπὲρ τοῦ τούτων γίγνεσθαι κύριος καὶ τἄλλα πάντα
					πραγματεύεται. ταῦτα τοίνυν ἕκαστον εἰδότα καὶ γιγνώσκοντα παρʼ αὑτῷ δεῖ μὰ Δίʼ
					οὐ γράψαι κελεύειν πόλεμον τὸν τὰ βέλτιστʼ ἐπὶ πᾶσι δικαίοις συμβουλεύοντα·
					τοῦτο μὲν γάρ ἐστι λαβεῖν ὅτῳ πολεμήσετε βουλομένων, οὐχ ἃ τῇ πόλει συμφέρει
					πράττειν. </p>
			</div>
			<div n="18" type="section">
				<p>ὁρᾶτε γάρ. εἰ διʼ ἃ πρῶτα παρεσπόνδησε Φίλιππος ἢ δεύτερʼ ἢ τρίτα (πολλὰ γάρ
					ἐστιν ἐφεξῆς) ἔγραψέ τις αὐτῷ πολεμεῖν, ὁ δʼ ὁμοίως ὥσπερ νῦν, οὐ γράφοντος
					οὐδενὸς ὑμῶν πόλεμον, Καρδιανοῖς ἐβοήθει, οὐκ ἂν ἀνηρπασμένος ἦν ὁ γράψας, καὶ
					διὰ τοῦτο πάντες ᾐτιῶντʼ ἂν αὐτὸν Καρδιανοῖς βεβοηθηκέναι; </p>
			</div>
			<div n="19" type="section">
				<p>μὴ τοίνυν ζητεῖθʼ ὅντινʼ ἀνθʼ ὧν Φίλιππος ἐξαμαρτάνει μισήσετε καὶ τοῖς παρʼ
					ἐκείνου μισθαρνοῦσι διασπάσασθαι παραβαλεῖτε· μηδʼ αὐτοὶ χειροτονήσαντες πόλεμον
					βούλεσθε παρʼ αὐτοῖς ὑμῖν ἐρίζειν, εἰ δέον ἢ μὴ δέον ὑμᾶς τοῦτο πεποιηκέναι·
					ἀλλʼ ὃν ἐκεῖνος πολεμεῖ τρόπον, τοῦτον μιμεῖσθε, τοῖς μὲν ἀμυνομένοις ἤδη
					χρήματα καὶ τἄλλʼ ὅσων δέονται διδόντες, αὐτοὶ δʼ εἰσφέροντες, ὦ ἄνδρες
					Ἀθηναῖοι, καὶ κατασκευαζόμενοι στράτευμα, τριήρεις ταχείας, ἵππους, ἱππαγωγούς,
					τἄλλʼ ὅσʼ εἰς πόλεμον· </p>
			</div>
			<div n="20" type="section">
				<p>ἐπεὶ νῦν γε γέλως ἔσθʼ ὡς χρώμεθα τοῖς πράγμασι, καὶ Φίλιππον δʼ αὐτὸν οὐδὲν ἂν
					ἄλλʼ οἶμαι μὰ τοὺς θεοὺς εὔξασθαι ποιεῖν τὴν πόλιν ἢ ταῦθʼ ἃ νῦν ποιεῖτε·
					ὑστερίζετε, ἀναλίσκετε· ὅτῳ παραδώσετε τὰ πράγματα ζητεῖτε, δυσχεραίνετε·
					ἀλλήλους αἰτιᾶσθε. ἀφʼ οὗ δὲ ταῦτα γίγνεται ἐγὼ διδάξω, καὶ ὅπως παύσεται λέξω.
				</p>
			</div>
			<div n="21" type="section">
				<p>οὐδὲν πώποτʼ, ὦ ἄνδρες Ἀθηναῖοι, τῶν πραγμάτων ἐξ ἀρχῆς ἐνεστήσασθʼ οὐδὲ
					κατεσκευάσασθʼ ὀρθῶς, ἀλλὰ τὸ συμβαῖνον ἀεὶ διώκετε, εἶτʼ ἐπειδὰν ὑστερίσητε
					παύεσθε· ἕτερον πάλιν ἂν συμβῇ τι παρασκευάζεσθε καὶ θορυβεῖσθε. </p>
			</div>
			<div n="22" type="section">
				<p>τὸ δʼ οὐχ οὕτως ἔχει· οὐκ ἔνεστι βοηθείαις χρωμένους οὐδὲν τῶν δεόντων ποτὲ
					πρᾶξαι, ἀλλὰ κατασκευάσαντας δεῖ δύναμιν, καὶ τροφὴν ταύτῃ πορίσαντας καὶ ταμίας
					καὶ δημοσίους, καὶ ὅπως ἔνι τὴν τῶν χρημάτων φυλακὴν ἀκριβεστάτην γενέσθαι, οὕτω
					ποιήσαντας, τὸν μὲν τῶν χρημάτων λόγον παρὰ τούτων λαμβάνειν, τὸν δὲ τῶν ἔργων
					παρὰ τοῦ στρατηγοῦ, καὶ μηδεμίαν πρόφασιν τοῦ πλεῖν ἄλλοσε ἢ πράττειν ἄλλο τι τῷ
					στρατηγῷ καταλείπειν. </p>
			</div>
			<div n="23" type="section">
				<p>ἂν οὕτω ποιήσητε καὶ τοῦτʼ ἐθελήσηθʼ ὡς ἀληθῶς, ἄγειν εἰρήνην δικαίαν καὶ μένειν
					ἐπὶ τοῦ τόπου Φίλιππον ἀναγκάσετε, ἢ πολεμήσετʼ ἐξ ἴσου· καὶ ἴσως ἄν, ἴσως,
					ὥσπερ νῦν ὑμεῖς πυνθάνεσθε τί ποιεῖ Φίλιππος καὶ ποῖ πορεύεται, οὕτως ἂν ἐκεῖνος
					φροντίσαι ποῖ ποθʼ ἡ τῆς πόλεως ἀπῆρκεν δύναμις καὶ ποῦ φανήσεται. </p>
			</div>
			<div n="24" type="section">
				<p>εἰ δέ τῳ δοκεῖ ταῦτα καὶ δαπάνης πολλῆς καὶ πόνων πολλῶν καὶ πραγματείας εἶναι,
					καὶ μάλʼ ὀρθῶς δοκεῖ· ἀλλʼ ἐὰν λογίσηται τὰ τῇ πόλει μετὰ ταῦτα γενησόμενα, ἐὰν
					ταῦτα μὴ ἐθέλῃ ποιεῖν, εὑρήσει λυσιτελοῦν τὸ ἑκόντας ποιεῖν τὰ δέοντα. εἰ μὲν
					γάρ ἐστί τις ἐγγυητὴς ὑμῖν θεῶν (οὐ γὰρ ἀνθρώπων γʼ οὐδεὶς ἂν γένοιτʼ ἀξιόχρεως
					τηλικούτου πράγματος) ὡς, ἐὰν ἄγηθʼ ἡσυχίαν καὶ ἅπαντα προῆσθε, </p>
			</div>
			<div n="25" type="section">
				<p>οὐκ ἐπʼ αὐτοὺς ὑμᾶς τελευτῶν ἐκεῖνος ἥξει, αἰσχρὸν μὲν νὴ τὸν Δία καὶ πάντας
					θεοὺς καὶ ἀνάξιον ὑμῶν καὶ τῶν ὑπαρχόντων τῇ πόλει καὶ πεπραγμένων τοῖς
					προγόνοις, τῆς ἰδίας ῥᾳθυμίας ἕνεκα τοὺς ἄλλους ἅπαντας Ἕλληνας εἰς δουλείαν
					προέσθαι, καὶ ἔγωγε αὐτὸς μὲν τεθνάναι μᾶλλον ἂν ἢ ταῦτʼ εἰρηκέναι βουλοίμην·
				</p>
			</div>
			<div n="26" type="section">
				<p>οὐ μὴν ἀλλʼ εἴ τις ἄλλος λέγει καὶ ὑμᾶς πείθει, ἔστω, μὴ ἀμύνεσθε, ἅπαντα
					πρόεσθε. εἰ δὲ μηδενὶ τοῦτο δοκεῖ, τοὐναντίον δὲ πρόϊσμεν ἅπαντες ὅτι, ὅσῳ ἂν
					πλειόνων ἐάσωμεν ἐκεῖνον γενέσθαι κύριον, τοσούτῳ χαλεπωτέρῳ καὶ ἰσχυροτέρῳ
					χρησόμεθʼ ἐχθρῷ, ποῖ ἀναδυόμεθα, ἢ τί μέλλομεν; ἢ πότʼ, ὦ ἄνδρες Ἀθηναῖοι, τὰ
					δέοντα ποιεῖν ἐθελήσομεν; ὅταν νὴ Δίʼ ἀναγκαῖον ᾖ. </p>
			</div>
			<div n="27" type="section">
				<p>ἀλλʼ ἣν μὲν ἄν τις ἐλευθέρων ἀνθρώπων ἀνάγκην εἴποι, οὐ μόνον ἤδη πάρεστιν, ἀλλὰ
					καὶ πάλαι παρελήλυθε, τὴν δὲ τῶν δούλων ἀπεύχεσθαι δήπου μὴ γενέσθαι δεῖ.
					διαφέρει δὲ τί; ὅτι ἐστὶν ἐλευθέρῳ μὲν ἀνθρώπῳ μεγίστη ἀνάγκη ἡ ὑπὲρ τῶν
					γιγνομένων αἰσχύνη, καὶ μείζω ταύτης οὐκ οἶδʼ ἥντινʼ ἂν εἴποι τις· δούλῳ δὲ
					πληγαὶ χὠ τοῦ σώματος αἰκισμός, ὃ μήτε γένοιτο οὔτε λέγειν ἄξιον. </p>
			</div>
			<div n="28" type="section">
				<p>τὸ μὲν τοίνυν, ὦ ἄνδρες Ἀθηναῖοι, πρὸς τὰ τοιαῦτʼ ὀκνηρῶς διακεῖσθαι, ἃ δεῖ τοῖς
					σώμασι καὶ ταῖς οὐσίαις λῃτουργῆσαι ἕκαστον, ἐστὶ μὲν οὐκ ὀρθῶς ἔχον, οὐδὲ
					πολλοῦ δεῖ, οὐ μὴν ἀλλʼ ἔχει τινὰ πρόφασιν ὅμως· τὸ δὲ μηδʼ ὅσʼ ἀκοῦσαι δεῖ μηδʼ
					ὅσα βουλεύσασθαι προσήκει, μηδὲ ταῦτʼ ἐθέλειν <del>ἀκούειν</del>, τοῦτʼ ἤδη
					πᾶσαν ἐπιδέχεται κατηγορίαν. </p>
			</div>
			<div n="29" type="section">
				<p>ὑμεῖς τοίνυν οὐκ ἀκούειν, πρὶν ἂν ὥσπερ νῦν αὐτὰ παρῇ τὰ πράγματα, οὐχὶ
					βουλεύεσθαι περὶ οὐδενὸς εἰώθατʼ ἐφʼ ἡσυχίας, ἀλλʼ ὅταν μὲν ἐκεῖνος
					παρασκευάζηται, ἀμελήσαντες τοῦ ποιεῖν ταὐτὸ καὶ ἀντιπαρασκευάζεσθαι ῥᾳθυμεῖτε,
					καὶ ἄν τι λέγῃ τις, ἐκβάλλετε, ἐπειδὰν δʼ ἀπολωλὸς ἢ πολιορκούμενόν τι πύθησθε,
					ἀκροᾶσθε καὶ παρασκευάζεσθε· </p>
			</div>
			<div n="30" type="section">
				<p>ἦν δʼ ἀκηκοέναι μὲν καὶ βεβουλεῦσθαι τότε καιρός, ὅθʼ ὑμεῖς οὐκ ἠθέλετε, πράττειν
					δὲ καὶ χρῆσθαι τοῖς παρεσκευασμένοις νῦν, ἡνίκʼ ἀκούετε. τοιγαροῦν ἐκ τῶν
					τοιούτων ἐθῶν μόνοι τῶν πάντων ἀνθρώπων ὑμεῖς τοῖς ἄλλοις τοὐναντίον ποιεῖτε· οἱ
					μὲν γὰρ ἄλλοι πρὸ τῶν πραγμάτων εἰώθασι χρῆσθαι τῷ βουλεύεσθαι, ὑμεῖς δὲ μετὰ τὰ
					πράγματα. </p>
			</div>
			<div n="31" type="section">
				<p>ὃ δὴ λοιπόν ἐστι, καὶ πάλαι μὲν ἔδει, διαφεύγει δʼ οὐδὲ νῦν, τοῦτʼ ἐρῶ. οὐδενὸς
					τῶν πάντων οὕτως ὡς χρημάτων δεῖ τῇ πόλει πρὸς τὰ νῦν ἐπιόντα πράγματα.
					συμβέβηκε δʼ εὐτυχήματʼ ἀπὸ ταὐτομάτου, οἷς ἂν χρησώμεθʼ ὀρθῶς, ἴσως ἂν γένοιτο
					τὰ δέοντα. πρῶτον μὲν γὰρ οἷς βασιλεὺς πιστεύει καὶ εὐεργέτας ὑπείληφεν ἑαυτοῦ,
					οὗτοι μισοῦσι καὶ πολεμοῦσι Φίλιππον. </p>
			</div>
			<div n="32" type="section">
				<p>ἔπειθʼ ὁ πράττων καὶ συνειδὼς ἅπανθʼ ἃ Φιλλιππος κατὰ βασιλέως παρασκευάζεται,
					οὗτος ἀνάσπαστος γέγονε, καὶ πάσας τὰς πράξεις βασιλεὺς οὐχ ἡμῶν κατηγορούντων
					ἀκούσεται, οὓς ὑπὲρ τοῦ συμφέροντος ἂν ἡγήσαιτο τοῦ ἰδίου λέγειν, ἀλλὰ τοῦ
					πράξαντος αὐτοῦ καὶ διοικοῦντος, ὥστʼ εἶναι πιστάς, καὶ λοιπὸν λόγον εἶναι τοῖς
					παρʼ ὑμῶν πρέσβεσιν, </p>
			</div>
			<div n="33" type="section">
				<p>ὃν βασιλεὺς ἥδιστʼ ἂν ἀκούσαι, ὡς τὸν ἀμφοτέρους ἀδικοῦντα κοινῇ τιμωρήσασθαι
					δεῖ, καὶ ὅτι πολὺ τῷ βασιλεῖ φοβερώτερός ἐσθʼ ὁ Φίλιππος, ἂν προτέροις ἡμῖν
					ἐπιθῆται· εἰ γὰρ ἐγκαταλειπόμενοί τι πεισόμεθʼ ἡμεῖς, ἀδεῶς ἐπʼ ἐκεῖνον ἤδη
					πορεύσεται. ὑπὲρ δὴ τούτων ἁπάντων οἶμαι δεῖν ὑμᾶς πρεσβείαν ἐκπέμπειν, ἥτις τῷ
					βασιλεῖ διαλέξεται, καὶ τὴν ἀβελτερίαν ἀποθέσθαι, διʼ ἣν πολλάκις ἠλαττώθητε,
						<q>ὁ δὴ βάρβαρος, καὶ ὁ κοινὸς ἅπασιν ἐχθρός,</q> καὶ πάντα τὰ τοιαῦτα. </p>
			</div>
			<div n="34" type="section">
				<p>ἐγὼ γὰρ ὅταν τινʼ ἴδω τὸν μὲν ἐν Σούσοις καὶ Ἐγβατάνοις δεδοικότα καὶ κακόνουν
					εἶναι τῇ πόλει φάσκοντα, ὃς καὶ πρότερον συνεπηνώρθωσε τὰ τῆς πόλεως πράγματα
					καὶ νῦν ἐπηγγέλλετο (εἰ δὲ μὴ ἐδέχεσθʼ ὑμεῖς, ἀλλʼ ἀπεψηφίζεσθε, οὐ τἀκείνου
					αἴτια), ὑπὲρ δὲ τοῦ ἐπὶ ταῖς θύραις ἐγγὺς οὑτωσὶ ἐν μέσῃ τῇ Ἑλλάδι αὐξανομένου
					λῃστοῦ τῶν Ἑλλήνων ἄλλο τι λέγοντα, θαυμάζω, καὶ δέδοικα τοῦτον, ὅστις ἂν ᾖ
					ποτʼ, ἔγωγε, ἐπειδὴ οὐχ οὗτος Φίλιππον.</p>
			</div>
			<div n="35" type="section">
				<p>ἔστι τοίνυν τι πρᾶγμα καὶ ἄλλο, ὃ λυμαίνεται τὴν πόλιν ὑπὸ βλασφημίας ἀδίκου καὶ
					λόγων οὐ προσηκόντων διαβεβλημένον, εἶτα τοῖς μηδὲν τῶν ἐν τῇ πολιτείᾳ δικαίων
					βουλομένοις ποιεῖν πρόφασιν παρέχει· καὶ πάντων, ὅσʼ ἐκλείπει, δέον παρά του
					γίγνεσθαι, ἐπὶ τοῦθʼ εὑρήσετε τὴν αἰτίαν ἀναφερομένην. περὶ οὗ πάνυ μὲν
					φοβοῦμαι, οὐ μὴν ἀλλʼ ἐρῶ· </p>
			</div>
			<div n="36" type="section">
				<p>οἶμαι γὰρ ἕξειν καὶ ὑπὲρ τῶν ἀπόρων τὰ δίκαιʼ ἐπὶ τῷ συμφέροντι τῆς πόλεως εἰπεῖν
					πρὸς τοὺς εὐπόρους, καὶ ὑπὲρ τῶν κεκτημένων τὰς οὐσίας πρὸς τοὺς ἐπιδεεῖς. εἰ
					ἀνέλοιμεν ἐκ μέσου καὶ τὰς βλασφημίας ἃς ἐπὶ τῷ θεωρικῷ ποιοῦνταί τινες οὐχὶ
					δικαίως, καὶ τὸν φόβον, ὡς οὐ στήσεται τοῦτʼ ἄνευ μεγάλου τινὸς κακοῦ, οὐδὲν ἂν
					εἰς τὰ πράγματα μεῖζον εἰσενεγκαίμεθα, οὐδʼ ὅ τι κοινῇ μᾶλλον ἂν ὅλην ἐπιρρώσειε
					τὴν πόλιν. </p>
			</div>
			<div n="37" type="section">
				<p>οὑτωσὶ δὲ σκοπεῖτε· ἐρῶ δʼ ὑπὲρ τῶν ἐν χρείᾳ δοκούντων εἶναι πρότερον. ἦν ποτʼ οὐ
					πάλαι παρʼ ὑμῖν, ὅτʼ οὐ προσῄει τῇ πόλει τάλανθʼ ὑπὲρ τριάκοντα καὶ ἑκατόν· καὶ
					οὐδεὶς <del>ἐστι</del> τῶν τριηραρχεῖν δυναμένων οὐδὲ τῶν εἰσφέρειν ὅστις οὐκ
					ἠξίου τὰ καθήκοντʼ ἐφʼ ἑαυτὸν ποιεῖν, ὅτι χρήματʼ οὐ περιῆν, ἀλλὰ καὶ τριήρεις
					ἔπλεον καὶ χρήματʼ ἐγίγνετο καὶ πάντʼ ἐποιοῦμεν τὰ δέοντα. </p>
			</div>
			<div n="38" type="section">
				<p>μετὰ ταῦθʼ ἡ τύχη, καλῶς ποιοῦσα, πολλὰ πεποίηκε τὰ κοινά, καὶ τετρακόσιʼ ἀντὶ
					τῶν ἑκατὸν ταλάντων προσέρχεται, οὐδενὸς οὐδὲν ζημιουμένου τῶν τὰς οὐσίας
					ἐχόντων, ἀλλὰ καὶ προσλαμβάνοντος· οἱ γὰρ εὔποροι πάντες ἔρχονται μεθέξοντες
					τούτου, καὶ καλῶς ποιοῦσιν. </p>
			</div>
			<div n="39" type="section">
				<p>τί οὖν μαθόντες τοῦτʼ ὀνειδίζομεν ἀλλήλοις καὶ προφάσει χρώμεθα τοῦ μηδὲν ποιεῖν,
					πλὴν εἰ τῇ παρὰ τῆς τύχης βοηθείᾳ γεγονυίᾳ τοῖς ἀπόροις φθονοῦμεν; </p>
			</div>
			<div n="40" type="section">
				<p>οὓς οὔτʼ ἂν αἰτιασαίμην ἔγωγε, οὔτʼ ἀξιῶ. οὐδὲ γὰρ ἐν ταῖς ἰδίαις οἰκίαις ὁρῶ τὸν
					ἐν ἡλικίᾳ πρὸς τοὺς πρεσβυτέρους οὕτω διακείμενον οὐδʼ οὕτως ἀγνώμονʼ οὐδʼ
					ἄτοπον τῶν ὄντων οὐδένα, ὥστε, εἰ μὴ ποιήσουσιν ἅπαντες ὅσʼ ἂν αὐτός, οὐ
					φάσκοντα ποιήσειν οὐδὲν οὐδʼ αὐτόν· καὶ γὰρ ἂν τοῖς τῆς κακώσεως εἴη νόμοις οὕτω
					γʼ ἔνοχος· δεῖ γάρ, οἶμαι, τοῖς γονεῦσι τὸν ὡρισμένον ἐξ ἀμφοτέρων ἔρανον, καὶ
					παρὰ τῆς φύσεως καὶ παρὰ τοῦ νόμου, δικαίως φέρειν καὶ ἑκόνθʼ ὑποτελεῖν. </p>
			</div>
			<div n="41" type="section">
				<p>ὥσπερ τοίνυν ἑνὸς ἡμῶν ἑκάστου τίς ἐστι γονεύς, οὕτω συμπάσης τῆς πόλεως κοινοὺς
					δεῖ τοὺς γονέας σύμπαντας ἡγεῖσθαι, καὶ προσήκειν τούτους οὐχ ὅπως ὧν ἡ πόλις
					δίδωσʼ ἀφελέσθαι τι, ἀλλʼ εἰ καὶ μηδὲν ἦν τούτων, ἄλλοθεν σκοπεῖν ὅπως μηδενὸς
					ὄντες ἐνδεεῖς περιοφθήσονται. </p>
			</div>
			<div n="42" type="section">
				<p>τοὺς μὲν τοίνυν εὐπόρους ταύτῃ χρωμένους τῇ γνώμῃ οὐ μόνον ἡγοῦμαι τὰ δίκαιʼ ἂν
					ποιεῖν, ἀλλὰ καὶ τὰ λυσιτελῆ· τὸ γὰρ τῶν ἀναγκαίων τινʼ ἀποστερεῖν κοινῇ
					κακόνους ἐστὶ ποιεῖν πολλοὺς ἀνθρώπους τοῖς πράγμασι· τοῖς δʼ ἐν ἐνδείᾳ, διʼ ὃ
					δυσχεραίνουσι τὸ πρᾶγμʼ οἱ τὰς οὐσίας ἔχοντες καὶ κατηγοροῦσι δικαίως, τοῦτʼ
					ἀφελεῖν ἂν συμβουλεύσαιμι. </p>
			</div>
			<div n="43" type="section">
				<p>δίειμι δέ, ὥσπερ ἄρτι, τὸν αὐτὸν τρόπον καὶ ὑπὲρ τῶν εὐπόρων, οὐ κατοκνήσας
					εἰπεῖν τἀληθῆ. ἐμοὶ γὰρ οὐδεὶς οὕτως ἄθλιος οὐδʼ ὠμὸς εἶναι δοκεῖ τὴν γνώμην,
					οὔκουν Ἀθηναίων γε, ὥστε λυπεῖσθαι ταῦτα λαμβάνοντας ὁρῶν τοὺς ἀπόρους καὶ τῶν
					ἀναγκαίων ἐνδεεῖς ὄντας. </p>
			</div>
			<div n="44" type="section">
				<p>ἀλλὰ ποῦ συντρίβεται τὸ πρᾶγμα καὶ ποῦ δυσχεραίνεται; ὅταν τὸ ἀπὸ τῶν κοινῶν ἔθος
					ἐπὶ τὰ ἴδια μεταβιβάζοντας ὁρῶσί τινας, καὶ μέγαν μὲν ὄντα παρʼ ὑμῖν εὐθέως τὸν
					λέγοντα, ἀθάνατον δʼ ἕνεκʼ ἀσφαλείας, ἑτέραν δὲ τὴν κρύβδην ψῆφον τοῦ φανερῶς
					θορύβου. </p>
			</div>
			<div n="45" type="section">
				<p>ταῦτʼ ἀπιστίαν, ταῦτʼ ὀργὴν ἔχει. δεῖ γάρ, ὦ ἄνδρες Ἀθηναῖοι, δικαίως ἀλλήλοις
					τῆς πολιτείας κοινωνεῖν, τοὺς μὲν εὐπόρους εἰς μὲν τὸν βίον τὰ ἑαυτῶν ἀσφαλῶς
					ἔχειν νομίζοντας καὶ ὑπὲρ τούτων μὴ δεδοικότας, εἰς δὲ τοὺς κινδύνους κοινὰ ὑπὲρ
					τῆς σωτηρίας τὰ ὄντα τῇ πατρίδι παρέχοντας, τοὺς δὲ λοιποὺς τὰ μὲν κοινὰ κοινὰ
					νομίζοντας καὶ μετέχοντας τὸ μέρος, τὰ δʼ ἑκάστου ἴδια τοῦ κεκτημένου. οὕτω καὶ
					μικρὰ μεγάλη πόλις γίγνεται καὶ μεγάλη σῴζεται. ὡς μὲν οὖν εἴποι τις ἄν, ἃ παρʼ
					ἑκατέρων εἶναι δεῖ, ταῦτʼ ἴσως ἐστίν· ὡς δὲ καὶ γένοιτʼ ἄν, <del>ἐν</del> νόμῳ
					διορθώσασθαι δεῖ. </p>
			</div>
			<div n="46" type="section">
				<p>τῶν δὲ παρόντων πραγμάτων καὶ τῆς ταραχῆς πολλὰ πόρρωθέν ἐστι τὰ αἴτια· ἃ εἰ
					βουλομένοις ὑμῖν ἀκούειν ἐστίν, ἐθέλω λέγειν. ἐξέστητʼ, ὦ ἄνδρες Ἀθηναῖοι, τῆς
					ὑποθέσεως ἐφʼ ἧς ὑμᾶς οἱ πρόγονοι κατέλιπον, καὶ τὸ μὲν προΐστασθαι τῶν Ἑλλήνων
					καὶ δύναμιν συνεστηκυῖαν ἔχοντας πᾶσι τοῖς ἀδικουμένοις βοηθεῖν περίεργον
					ἐπείσθητʼ εἶναι καὶ μάταιον ἀνάλωμʼ ὑπὸ τῶν ταῦτα πολιτευομένων, τὸ δʼ ἐν ἡσυχίᾳ
					διάγειν καὶ μηδὲν τῶν δεόντων πράττειν, ἀλλὰ προϊεμένους καθʼ ἓν ἕκαστον πάνθʼ
					ἑτέρους ἐᾶσαι λαβεῖν, θαυμαστὴν εὐδαιμονίαν καὶ πολλὴν ἀσφάλειαν ἔχειν ᾤεσθε.
				</p>
			</div>
			<div n="47" type="section">
				<p>ἐκ δὲ τούτων παρελθὼν ἐπὶ τὴν τάξιν ἐφʼ ἧς ὑμῖν τετάχθαι προσῆκεν ἕτερος, οὗτος
					εὐδαίμων καὶ μέγας καὶ πολλῶν κύριος γέγονεν, εἰκότως· πρᾶγμα γὰρ ἔντιμον καὶ
					μέγα καὶ λαμπρόν, καὶ περὶ οὗ πάντα τὸν χρόνον αἱ μέγισται τῶν πόλεων πρὸς αὑτὰς
					διεφέροντο, Λακεδαιμονίων μὲν ἠτυχηκότων, Θηβαίων δʼ ἀσχόλων διὰ τὸν Φωκικὸν
					πόλεμον γενομένων, ἡμῶν δʼ ἀμελούντων, ἔρημον ἀνείλετο. </p>
			</div>
			<div n="48" type="section">
				<p>τοιγάρτοι τὸ μὲν φοβεῖσθαι τοῖς ἄλλοις, τὸ δὲ συμμάχους πολλοὺς ἔχειν καὶ δύναμιν
					μεγάλην ἐκείνῳ περιγέγονε, καὶ τοσαῦτα πράγματα καὶ τοιαῦτʼ ἤδη περιέστηκε τοὺς
					Ἕλληνας ἅπαντας, ὥστε μηδʼ ὅ τι χρὴ συμβουλεύειν εὔπορον εἶναι. </p>
			</div>
			<div n="49" type="section">
				<p><milestone ed="P" unit="para"/>ὄντων δʼ, ὦ ἄνδρες Ἀθηναῖοι, τῶν παρόντων
					πραγμάτων πᾶσιν, ὡς ἐγὼ κρίνω, φοβερῶν, οὐδένες ἐν μείζονι κινδύνῳ τῶν πάντων
					εἰσὶν ὑμῶν, οὐ μόνον τῷ μάλισθʼ ὑμῖν ἐπιβουλεύειν Φίλιππον, ἀλλὰ καὶ τῷ πάντων
					ἀργότατʼ αὐτοὶ διακεῖσθαι. εἰ τοίνυν τὸ τῶν ὠνίων πλῆθος ὁρῶντες καὶ τὴν
					εὐετηρίαν τὴν κατὰ τὴν ἀγοράν, τούτοις κεκήλησθʼ ὡς ἐν οὐδενὶ δεινῷ τῆς πόλεως
					οὔσης, οὔτε προσηκόντως οὔτʼ ὀρθῶς τὸ πρᾶγμα κρίνετε· </p>
			</div>
			<div n="50" type="section">
				<p>ἀγορὰν μὲν γὰρ ἄν τις καὶ πανήγυριν ἐκ τούτων ἢ φαύλως ἢ καλῶς παρεσκευάσθαι
					κρίνοι· πόλιν δʼ ἣν ὑπείληφεν, ὃς ἂν τῶν Ἑλλήνων ἄρχειν ἀεὶ βούληται, μόνην ἂν
					ἐναντιωθῆναι καὶ τῆς πάντων ἐλευθερίας προστῆναι, οὐ μὰ Δίʼ ἐκ τῶν ὠνίων, εἰ
					καλῶς ἔχει, δοκιμάζειν δεῖ, ἀλλʼ εἰ συμμάχων εὐνοίᾳ πιστεύει, εἰ τοῖς ὅπλοις
					ἰσχύει, ταῦθʼ ὑπὲρ τῆς πόλεως δεῖ σκοπεῖν· ἃ σφαλερῶς ὑμῖν καὶ †οὐδαμῶς ἅπαντʼ†
					ἔχει. </p>
			</div>
			<div n="51" type="section">
				<p>γνοίητε δʼ ἄν, εἰ σκέψαισθʼ ἐκείνως. πότε μάλιστʼ ἐν ταραχῇ τὰ τῶν Ἑλλήνων γέγονε
					πράγματα; οὐδένα γὰρ χρόνον ἄλλον ἢ τὸν νυνὶ παρόντʼ οὐδʼ ἂν εἷς εἴποι. τὸν μὲν
					γὰρ ἄλλον ἅπαντʼ εἰς δύο ταῦτα διῄρητο τὰ τῶν Ἑλλήνων, Λακεδαιμονίους καὶ ἡμᾶς,
					τῶν δʼ ἄλλων <del>Ἑλλήνων</del> οἱ μὲν ἡμῖν, οἱ δʼ ἐκείνοις ὑπήκουον. βασιλεὺς
					δὲ καθʼ αὑτὸν μὲν ὁμοίως ἅπασιν ἄπιστος ἦν, τοὺς δὲ κρατουμένους τῷ πολέμῳ
					προσλαμβάνων, ἄχρι οὗ τοῖς ἑτέροις ἐξ ἴσου ποιήσαι, διεπιστεύετο, ἔπειτʼ οὐχ
					ἧττον αὐτὸν ἐμίσουν οὓς σώσειε τῶν ὑπαρχόντων ἐχθρῶν ἐξ ἀρχῆς. </p>
			</div>
			<div n="52" type="section">
				<p>νῦν δὲ πρῶτον μὲν ὁ βασιλεὺς ἅπασι τοῖς Ἕλλησιν οἰκείως ἔχει, †καὶ πάντων ἥκιστα
					δὴ† ἡμῖν, ἄν τι μὴ νῦν ἐπανορθωσώμεθα· ἔπειτα προστασίαι πολλαὶ καὶ πανταχόθεν
					γίγνονται, καὶ τοῦ πρωτεύειν ἀντιποιοῦνται μὲν πάντες, ἀφεστᾶσι δʼ ἔργῳ, καὶ
					φθονοῦσι καὶ ἀπιστοῦσιν αὑτοῖς, οὐχ οἷς ἔδει, καὶ γεγόνασι καθʼ αὑτοὺς ἕκαστοι,
					Ἀργεῖοι, Θηβαῖοι, Λακεδαιμόνιοι, Κορίνθιοι, Ἀρκάδες, ἡμεῖς. </p>
			</div>
			<div n="53" type="section">
				<p>ἀλλʼ ὅμως εἰς τοσαῦτα μέρη καὶ τοσαύτας δυναστείας διῃρημένων <del>τῶν Ἑλληνικῶν
						πραγμάτων</del>, εἰ δεῖ τἀληθῆ μετὰ παρρησίας εἰπεῖν, τὰ παρʼ οὐδέσι τούτων
					ἀρχεῖα καὶ βουλευτήριʼ ἐρημότερʼ ἄν τις ἴδοι τῶν Ἑλληνικῶν πραγμάτων ἢ τὰ παρʼ
					ἡμῖν, εἰκότως· οὔτε γὰρ φιλῶν οὔτε πιστεύων οὔτε φοβούμενος οὐδεὶς ἡμῖν
					διαλέγεται. </p>
			</div>
			<div n="54" type="section">
				<p>αἴτιον δὲ τούτων οὐχ ἕν, ὦ ἄνδρες Ἀθηναῖοι, (ῥᾴδιον γὰρ ἂν ἦν ὑμῖν μεταθεῖναι),
					ἀλλὰ πολλὰ καὶ παντοδαπὰ ἐκ παντὸς ἡμαρτημένα τοῦ χρόνου, ὧν τὸ καθʼ ἕκαστον
					ἐάσας, εἰς ὃ πάντα τείνει λέξω, δεηθεὶς ὑμῶν, ἂν λέγω τἀληθῆ μετὰ παρρησίας,
					μηδὲν ἀχθεσθῆναί μοι. πέπραται τὰ συμφέροντʼ ἐφʼ ἑκάστου τῶν καιρῶν, καὶ
					μετειλήφαθʼ ὑμεῖς μὲν τὴν σχολὴν καὶ τὴν ἡσυχίαν, ὑφʼ ὧν κεκηλημένοι τοῖς
					ἀδικοῦσιν οὐ πικρῶς ἔχετε, ἕτεροι δὲ τὰς τιμὰς ἔχουσιν. </p>
			</div>
			<div n="55" type="section">
				<p>καὶ τὰ μὲν περὶ τἄλλʼ οὐκ ἄξιον ἐξετάσαι νῦν· ἀλλʼ ἐπειδάν τι τῶν πρὸς Φίλιππον
					ἐμπέσῃ, εὐθὺς ἀναστάς τις λέγει ὡς οὐ δεῖ ληρεῖν οὐδὲ γράφειν πόλεμον, παραθεὶς
					εὐθέως ἑξῆς τὸ τὴν εἰρήνην ἄγειν ὡς ἀγαθὸν καὶ τὸ τρέφειν μεγάλην δύναμιν ὡς
					χαλεπόν, καὶ <q>διαρπάζειν τινὲς τὰ χρήματα βούλονται,</q> καὶ ἄλλους λόγους ὡς
					οἷόν τʼ ἀληθεστάτους λέγουσιν. </p>
			</div>
			<div n="56" type="section">
				<p>ἀλλὰ δεῖ δήπου τὴν μὲν εἰρήνην ἄγειν οὐχ ὑμᾶς πείθειν, οἳ πεπεισμένοι κάθησθε,
					ἀλλὰ τὸν τὰ τοῦ πολέμου πράττοντα· ἂν γὰρ ἐκεῖνος πεισθῇ, τά γʼ ἀφʼ ὑμῶν
					ὑπάρχει· νομίζειν δʼ εἶναι χαλεπὰ οὐχ ὅσʼ ἂν εἰς σωτηρίαν δαπανῶμεν, ἀλλʼ ἃ
					πεισόμεθα, ἂν μὴ ταῦτʼ ἐθέλωμεν ποιεῖν, καὶ τὸ <q>διαρπασθήσεται τὰ χρήματα</q>
					τῷ φυλακὴν εὑρεῖν διʼ ἧς σωθήσεται κωλύειν, οὐχὶ τῷ τοῦ συμφέροντος ἀποστῆναι.
				</p>
			</div>
			<div n="57" type="section">
				<p>καίτοι ἔγωγʼ ἀγανακτῶ καὶ αὐτὸ τοῦτο, εἰ τὰ μὲν χρήματα λυπεῖ τινὰς ὑμῶν εἰ
					διαρπασθήσεται, ἃ καὶ φυλάττειν καὶ κολάζειν τοὺς ἀδικοῦντας ἐφʼ ὑμῖν ἐστι, τὴν
					δʼ Ἑλλάδα πᾶσαν ἐφεξῆς οὑτωσὶ Φίλιππος ἁρπάζων οὐ λυπεῖ, καὶ ταῦτʼ ἐφʼ ὑμᾶς
					ἁρπάζων. </p>
			</div>
			<div n="58" type="section">
				<p>τί ποτʼ οὖν, ὦ ἄνδρες Ἀθηναῖοι, τὸν μὲν οὕτω φανερῶς ἀδικοῦντα καὶ πόλεις
					καταλαμβάνοντα οὐδεὶς πώποτε τούτων εἶπεν ὡς ἀδικεῖ καὶ πόλεμον ποιεῖ, τοὺς δὲ
					μὴ ἐπιτρέπειν μηδὲ προΐεσθαι ταῦτα συμβουλεύοντας, τούτους πόλεμον ποιεῖν φασίν;
					ὅτι τὴν αἰτίαν τῶν ἐκ τοῦ πολέμου συμβησομένων δυσχερῶν (ἀνάγκη γάρ, ἀνάγκη
					πολλὰ λυπηρὰ ἐκ τοῦ πολέμου γίγνεσθαι) τοῖς ὑπὲρ ὑμῶν τὰ βέλτιστα λέγειν
					εἰθισμένοις ἀναθεῖναι βούλονται. </p>
			</div>
			<div n="59" type="section">
				<p>ἡγοῦνται γάρ, ἂν μὲν ὑμεῖς ὁμοθυμαδὸν ἐκ μιᾶς γνώμης Φίλιππον ἀμύνησθε, κἀκείνου
					κρατήσειν ὑμᾶς καὶ αὑτοῖς οὐκέτʼ ἔσεσθαι μισθαρνεῖν, ἂν δʼ ἀπὸ τῶν πρώτων
					θορύβων αἰτιασάμενοί τινας πρὸς τὸ κρίνειν τράπησθε, αὐτοὶ μὲν τούτων
					κατηγοροῦντες ἀμφότερʼ ἕξειν, καὶ παρʼ ὑμῖν εὐδοκιμήσειν καὶ παρʼ ἐκείνου
					χρήματα λήψεσθαι, ὑμᾶς δʼ ὑπὲρ ὧν δεῖ παρὰ τούτων δίκην λαβεῖν, παρὰ τῶν ὑπὲρ
					ὑμῶν εἰρηκότων λήψεσθαι. </p>
			</div>
			<div n="60" type="section">
				<p>αἱ μὲν ἐλπίδες αἱ τούτων αὗται καὶ τὸ κατασκεύασμα τὸ τῶν αἰτιῶν, ὡς ἄρα
					βούλονταί τινες πόλεμον ποιῆσαι. ἐγὼ δʼ οἶδʼ ἀκριβῶς ὅτι, οὐ γράψαντος Ἀθηναίων
					οὐδενὸς πόλεμον, πολλὰ Φίλιππος ἔχει τῶν τῆς πόλεως καὶ νῦν εἰς Καρδίαν πέπομφε
					βοήθειαν. εἰ μέντοι βουλόμεθʼ ἡμεῖς μὴ προσποιεῖσθαι πολεμεῖν ἡμῖν ἐκεῖνον,
					ἀνοητότατος πάντων ἂν εἴη, εἰ τοῦτʼ ἐξελέγχοι· ὅταν γὰρ οἱ ἀδικούμενοι ἀρνῶνται,
					τί τῷ ἀδικοῦντι προσήκει; </p>
			</div>
			<div n="61" type="section">
				<p>ἀλλʼ ἐπειδὰν ἐφʼ ἡμᾶς αὐτοὺς ἴῃ, τί φήσομεν τότε; ἐκεῖνος μὲν γὰρ οὐ πολεμεῖν,
					ὥσπερ οὐδʼ Ὠρείταις, τῶν στρατιωτῶν ὄντων ἐν τῇ χώρᾳ, οὐδὲ Φεραίοις πρότερον,
					πρὸς τὰ τείχη προσβάλλων, οὐδʼ Ὀλυνθίοις ἐξ ἀρχῆς, ἕως ἐν αὐτῇ τῇ χώρᾳ τὸ
					στράτευμα παρῆν ἔχων. ἢ καὶ τότε τοὺς ἀμύνεσθαι κελεύοντας πόλεμον ποιεῖν
					φήσομεν; οὐκοῦν ὑπόλοιπον δουλεύειν· οὐδὲ γὰρ ἄλλο γʼ οὐδὲν ἔνι. </p>
			</div>
			<div n="62" type="section">
				<p>καὶ μὴν οὐχ ὑπὲρ τῶν ἴσων ὑμῖν καὶ τοῖς ἄλλοις ἔσθʼ ὁ κίνδυνος· οὐ γὰρ ὑφʼ αὑτῷ
					ποιήσασθαι τὴν πόλιν βούλεται Φίλιππος ὑμῶν, οὔ, ἀλλʼ ὅλως ἀνελεῖν. οἶδε γὰρ
					ἀκριβῶς ὅτι δουλεύειν μὲν ὑμεῖς οὔτʼ ἐθελήσετε, οὔτʼ, ἐὰν ἐθέλητε, ἐπιστήσεσθε
					(ἄρχειν γὰρ εἰώθατε), πράγματα δὲ παρασχεῖν αὐτῷ, ἂν καιρὸν λάβητε, πλείω τῶν
					ἄλλων ἀνθρώπων ἁπάντων δυνήσεσθε. διὰ ταῦθʼ ὑμῶν οὐχὶ φείσεται, εἴπερ ἐγκρατὴς
					γενήσεται. </p>
			</div>
			<div n="63" type="section">
				<p>ὡς οὖν ὑπὲρ τῶν ἐσχάτων ἐσομένου τοῦ ἀγῶνος, οὕτω προσήκει γιγνώσκειν, καὶ τοὺς
					πεπρακότας αὑτοὺς ἐκείνῳ φανερῶς ἀποτυμπανίσαι· οὐ γὰρ ἔστιν, οὐκ ἔστι τῶν ἔξω
					τῆς πόλεως ἐχθρῶν κρατῆσαι, πρὶν ἂν τοὺς ἐν αὐτῇ τῇ πόλει κολάσητʼ ἐχθρούς, ἀλλʼ
					ἀνάγκη τούτοις ὥσπερ προβόλοις προσπταίσαντας ὑστερίζειν ἐκείνων. </p>
			</div>
			<div n="64" type="section">
				<p>πόθεν οἴεσθε νῦν αὐτὸν ὑβρίζειν ὑμᾶς (οὐδὲν γὰρ ἄλλʼ ἔμοιγε δοκεῖ ποιεῖν ἢ τοῦτο)
					καὶ τοὺς μὲν ἄλλους εὖ ποιοῦντα, εἰ μηδὲν ἄλλο, ἐξαπατᾶν, ὑμῖν δʼ ἀπειλεῖν ἤδη;
					οἷον Θετταλοὺς πολλὰ δοὺς ὑπηγάγετʼ εἰς τὴν νῦν παροῦσαν δουλείαν· οὐδʼ ἂν
					εἰπεῖν δύναιτʼ οὐδεὶς ὅσα τοὺς ταλαιπώρους Ὀλυνθίους πρότερον δοὺς Ποτείδαιαν
					ἐξηπάτησε καὶ πόλλʼ ἕτερα· Θηβαίους τὰ νῦν ὑπάγει τὴν Βοιωτίαν αὐτοῖς παραδοὺς
					καὶ ἀπαλλάξας πολέμου πολλοῦ καὶ χαλεποῦ· </p>
			</div>
			<div n="65" type="section">
				<p>ὥστε καρπωσάμενοί τινʼ ἕκαστοι τούτων πλεονεξίαν, οἱ μὲν ἤδη πεπόνθασιν ἃ δὴ
					πεπόνθασιν, οἱ δʼ ὅταν ποτὲ συμβῇ πείσονται. ὑμεῖς δʼ ὧν μὲν †ἀπεστέρησθε†
					σιωπῶ· ἀλλʼ ἐν αὐτῷ τῷ τὴν εἰρήνην ποιήσασθαι, πόσʼ ἐξηπάτησθε, πόσων
					ἀπεστέρησθε. οὐχὶ Φωκέας, οὐ Πύλας, οὐχὶ τἀπὶ Θρᾴκης, Δορίσκον, Σέρριον, τὸν
					Κερσοβλέπτην αὐτόν; οὐ νῦν Καρδίαν ἔχει καὶ ὁμολογεῖ; </p>
			</div>
			<div n="66" type="section">
				<p>τί ποτʼ οὖν ἐκείνως τοῖς ἄλλοις, καὶ ὑμῖν οὐ τοῦτον τὸν τρόπον προσφέρεται; ὅτι
					ἐν μόνῃ τῶν πασῶν πόλεων τῇ ὑμετέρᾳ ἄδειʼ ὑπὲρ τῶν ἐχθρῶν λέγειν δέδοται, καὶ
					λαβόντα χρήματʼ αὐτὸν ἀσφαλές ἐστι λέγειν παρʼ ὑμῖν, κἂν ἀφῃρημένοι τὰ ὑμέτερʼ
					αὐτῶν ἦτε. </p>
			</div>
			<div n="67" type="section">
				<p>οὐκ ἦν ἀσφαλὲς λέγειν ἐν Ὀλύνθῳ τὰ Φιλίππου μὴ σὺν εὖ πεπονθότων τῶν πολλῶν
					Ὀλυνθίων τῷ Ποτείδαιαν καρποῦσθαι· οὐκ ἦν ἀσφαλὲς λέγειν ἐν Θετταλίᾳ μὴ σὺν εὖ
					πεπονθότος τοῦ πλήθους τοῦ Θετταλῶν τῷ τοὺς τυράννους ἐκβαλεῖν Φίλιππον αὐτοῖς
					καὶ τὴν Πυλαίαν ἀποδοῦναι· οὐκ ἦν ἐν Θήβαις ἀσφαλές, πρὶν τὴν Βοιωτίαν ἀπέδωκε
					καὶ τοὺς Φωκέας ἀνεῖλεν. </p>
			</div>
			<div n="68" type="section">
				<p>ἀλλʼ Ἀθήνησιν, οὐ μόνον Ἀμφίπολιν καὶ τὴν Καρδιανῶν χώραν ἀπεστερηκότος Φιλίππου,
					ἀλλὰ καὶ κατασκευάζοντος ὑμῖν ἐπιτείχισμα τὴν Εὔβοιαν καὶ νῦν ἐπὶ Βυζάντιον
					παριόντος, ἀσφαλές ἐστι λέγειν ὑπὲρ Φιλίππου. καὶ γάρ τοι τούτων μὲν ἐκ πτωχῶν
					ἔνιοι ταχὺ πλούσιοι γίγνονται, καὶ ἐξ ἀνωνύμων καὶ ἀδόξων ἔνδοξοι καὶ γνώριμοι,
					ὑμεῖς δὲ τοὐναντίον ἐκ μὲν ἐνδόξων ἄδοξοι, ἐκ δʼ εὐπόρων ἄποροι· </p>
			</div>
			<div n="69" type="section">
				<p>πόλεως γὰρ ἔγωγε πλοῦτον ἡγοῦμαι συμμάχους, πίστιν, εὔνοιαν, ὧν πάντων ὑμεῖς ἔστʼ
					ἄποροι. ἐκ δὲ τοῦ τούτων ὀλιγώρως ὑμᾶς ἔχειν καὶ ἐᾶν τοῦτον τὸν τρόπον φέρεσθαι,
					ὁ μὲν εὐδαίμων καὶ μέγας καὶ φοβερὸς πᾶσιν Ἕλλησι καὶ βαρβάροις, ὑμεῖς δʼ ἔρημοι
					καὶ ταπεινοί, τῇ μὲν κατὰ τὴν ἀγορὰν εὐετηρίᾳ λαμπροί, τῇ δʼ ὧν προσῆκε
					παρασκευῇ καταγέλαστοι. </p>
			</div>
			<div n="70" type="section">
				<p>οὐ τὸν αὐτὸν δὲ τρόπον περί θʼ ὑμῶν καὶ περὶ αὑτῶν ἐνίους τῶν λεγόντων ὁρῶ
					βουλευομένους· ὑμᾶς μὲν γὰρ ἡσυχίαν ἄγειν φασὶ δεῖν, κἄν τις ὑμᾶς ἀδικῇ, αὐτοὶ
					δʼ οὐ δύνανται παρʼ ὑμῖν ἡσυχίαν ἄγειν οὐδενὸς αὐτοὺς ἀδικοῦντος. καίτοι
					λοιδορίας εἴ τις χωρὶς ἔροιτο <q>εἰπέ μοι, τί δὴ γιγνώσκων ἀκριβῶς, Ἀριστόμηδες,
						(οὐδεὶς γὰρ τὰ τοιαῦτʼ ἀγνοεῖ) τὸν μὲν τῶν ἰδιωτῶν βίον ἀσφαλῆ καὶ ἀπράγμονα
						καὶ ἀκίνδυνον ὄντα, τὸν δὲ τῶν πολιτευομένων φιλαίτιον καὶ σφαλερὸν καὶ καθʼ
						ἑκάστην ἡμέραν ἀγώνων καὶ κακῶν μεστόν, οὐ τὸν ἡσύχιον, ἀλλὰ τὸν ἐν τοῖς
						κινδύνοις αἱρεῖ;</q>
				</p>
			</div>
			<div n="71" type="section">
				<p> τί ἂν εἴποις; εἰ γὰρ ὃ βέλτιστον εἰπεῖν ἂν ἔχοις, τοῦτό σοι δοίημεν ἀληθὲς
					λέγειν, ὡς ὑπὲρ φιλοτιμίας καὶ δόξης ταῦτα πάντα ποιεῖς, θαυμάζω τί δήποτε σαυτῷ
					μὲν ὑπὲρ τούτων ἅπαντα ποιητέον εἶναι νομίζεις καὶ πονητέον καὶ κινδυνευτέον, τῇ
					πόλει δὲ προέσθαι ταῦτα μετὰ ῥᾳθυμίας συμβουλεύεις. οὐ γὰρ ἐκεῖνό γʼ ἂν εἴποις,
					ὡς σὲ μὲν ἐν τῇ πόλει δεῖ τινὰ φαίνεσθαι, τὴν πόλιν δʼ ἐν τοῖς Ἕλλησι μηδενὸς
					ἀξίαν εἶναι. </p>
			</div>
			<div n="72" type="section">
				<p>καὶ μὴν οὐδʼ ἐκεῖνό γʼ ὁρῶ, ὡς τῇ μὲν πόλει ἀσφαλὲς τὸ τὰ αὑτῆς πράττειν, σοὶ δὲ
					κίνδυνος, εἰ μηδὲν τῶν ἄλλων πλέον περιεργάσει, ἀλλὰ τοὐναντίον σοὶ μὲν ἐξ ὧν
					ἐργάζει καὶ περιεργάζει τοὺς ἐσχάτους ὄντας κινδύνους, τῇ πόλει δʼ ἐκ τῆς
					ἡσυχίας. </p>
			</div>
			<div n="73" type="section">
				<p>ἀλλὰ νὴ Δία παππῴα σοι καὶ πατρῴα δόξʼ ὑπάρχει, ἣν αἰσχρόν ἐστιν ἐν σοὶ
					καταλῦσαι· τῇ πόλει δʼ ὑπῆρξεν ἀνώνυμα καὶ φαῦλα τὰ τῶν προγόνων. ἀλλʼ οὐδὲ
					τοῦθʼ οὕτως ἔχει· σοὶ μὲν γὰρ ἦν κλέπτης ὁ πατήρ, εἴπερ ἦν ὅμοιος σοί, τῇ πόλει
					δʼ ἡμῶν οὓς πάντες ἴσασιν οἱ Ἕλληνες ἐκ τῶν μεγίστων κινδύνων σεσωσμένοι. </p>
			</div>
			<div n="74" type="section">
				<p>ἀλλὰ γὰρ οὐκ ἴσως οὐδὲ πολιτικῶς ἔνιοι τὰ καθʼ αὑτοὺς καὶ τὰ κατὰ τὴν πόλιν
					πολιτεύονται· πῶς γάρ ἐστιν ἴσον τούτων μέν τινας ἐκ τοῦ δεσμωτηρίου ἥκοντας
					ἑαυτοὺς ἀγνοεῖν, τὴν πόλιν δʼ, ἣ προειστήκει τῶν Ἑλλήνων τέως καὶ τὸ πρωτεῖον
					εἶχε, νῦν ἐν ἀδοξίᾳ πάσῃ καὶ ταπεινότητι καθεστάναι; </p>
			</div>
			<div n="75" type="section">
				<p>πολλὰ τοίνυν ἔχων ἔτι καὶ περὶ πολλῶν εἰπεῖν παύσομαι· καὶ γὰρ οὐ λόγων ἐνδείᾳ
					μοι δοκεῖ τὰ πράγματʼ οὔτε νῦν οὔτʼ ἄλλοτε πώποτε φαύλως ἔχειν, ἀλλʼ ὅταν πάντʼ
					ἀκούσαντες ὑμεῖς τὰ δέοντα, καὶ ὁμογνώμονες ὡς ὀρθῶς λέγεται γενόμενοι, τῶν
					λυμαίνεσθαι καὶ διαστρέφειν ταῦτα βουλομένων ἐξ ἴσου κάθησθʼ ἀκροώμενοι, οὐκ
					ἀγνοοῦντες αὐτούς (ἴστε γὰρ εὐθὺς ἰδόντες ἀκριβῶς, τίς μισθοῦ λέγει καὶ
						<del>τίς</del> ὑπὲρ Φιλίππου πολιτεύεται, καὶ τίς ὡς ἀληθῶς ὑπὲρ τῶν
					βελτίστων), ἀλλʼ ἵνʼ αἰτιασάμενοι τούτους καὶ τὸ πρᾶγμʼ εἰς γέλωτα καὶ λοιδορίαν
					ἐμβαλόντες μηδὲν αὐτοὶ τῶν δεόντων ποιῆτε. </p>
			</div>
			<div n="76" type="section">
				<p>ταῦτʼ ἐστὶ τἀληθῆ, μετὰ πάσης παρρησίας, ἁπλῶς εὐνοίᾳ τὰ βέλτιστʼ εἰρημένα, οὐ
					κολακείᾳ βλάβης καὶ ἀπάτης λόγος μεστός, ἀργύριον τῷ λέγοντι ποιήσων, τὰ δὲ
					πράγματα τῆς πόλεως τοῖς ἐχθροῖς ἐγχειριῶν. ἢ οὖν παυστέον τούτων τῶν ἐθῶν, ἢ
					μηδένʼ ἄλλον αἰτιατέον τοῦ πάντα φαύλως ἔχειν ἢ ὑμᾶς αὐτούς. </p>
			</div>

		</body>
	</text>
</TEI>
