<?xml version="1.0" encoding="UTF-8"?>
<TEI xmlns="http://www.tei-c.org/ns/1.0">
	<teiHeader>

		<fileDesc>

			<titleStmt>
				<title>κατὰ Ὀλυμπιοδώρου Βλάβης </title>
				<author>Demosthenes</author>
				<sponsor>Perseus Project, Tufts University</sponsor>
				<principal>Gregory Crane</principal>
				<respStmt>
					<resp>Prepared under the supervision of</resp>
					<name>Lisa Cerrato</name>
					<name>William Merrill</name>
					<name>Elli Mylonas</name>
					<name>David Smith</name>
				</respStmt>
				<funder n="org:AnnCPB">The Annenberg CPB/Project</funder>

			</titleStmt>
			<publicationStmt>
				<publisher>Trustees of Tufts University</publisher>
				<pubPlace>Medford, MA</pubPlace>
				<authority>Perseus Project</authority>
			</publicationStmt>





			<sourceDesc>
				<biblStruct>
					<monogr>
						<author>Demosthenes</author>
						<title>Demosthenis.Orationes. ed. W. Rennie</title>

						<imprint>
							<publisher>Oxonii.e Typographeo Clarendoniano</publisher>
							<date>1931</date>
						</imprint>
					</monogr>
				</biblStruct>
			</sourceDesc>


		</fileDesc>

		<encodingDesc>

			<refsDecl>
				<refState unit="speech"/>
				<refState unit="section"/>
			</refsDecl>
		</encodingDesc>

		<profileDesc>
			<langUsage>
				<language ident="greek">Greek </language>
				<language ident="en">English </language>
			</langUsage>
		</profileDesc>
	</teiHeader>
	<text xml:lang="grc">
		<body>

			<div type="section" n="1">
				<p>ἀναγκαῖον ἴσως ἐστίν, ὦ ἄνδρες δικασταί, καὶ τοὺς μὴ εἰωθότας μηδὲ δυναμένους
						<add>εἰπεῖν</add> εἰσιέναι εἰς δικαστήριον, ἐπειδὰν ὑπό τινος ἀδικῶνται,
					ἄλλως τε καὶ ὑφʼ ὧν ἥκιστα προσῆκεν <del>ἀδικεῖσθαι</del>, οἷον καὶ ἐμοὶ νυνὶ
					συμβαίνει. οὐ βουλόμενος γάρ, ὦ ἄνδρες δικασταί, ἀγωνίζεσθαι πρὸς Ὀλυμπιόδωρον
					οἰκεῖον ὄντα καὶ ἀδελφὴν τούτου ἔχων, ἠνάγκασμαι διὰ τὸ μεγάλʼ ἀδικεῖσθαι ὑπὸ
					τούτου. </p>
			</div>
			<div type="section" n="2">
				<p>εἰ μὲν οὖν μὴ ἀδικούμενος, ὦ ἄνδρες δικασταί, ἀλλὰ ψεῦδός τι ἐγκαλῶν Ὀλυμπιοδώρῳ
					τούτων τι ἐποίουν, ἢ τοῖς ἐπιτηδείοις τοῖς ἐμοῖς καὶ Ὀλυμπιοδώρου μὴ ἐθέλων
					ἐπιτρέπειν, ἢ ἄλλου τινὸς τῶν δικαίων ἀφιστάμενος, εὖ ἴστε ὅτι πάνυ ἂν ᾐσχυνόμην
					καὶ ἐνόμιζον ἂν ἐμαυτὸν φαῦλον εἶναι ἄνθρωπον· νῦν δʼ οὔτε μικρὰ ἐλαττούμενος
					ὑπὸ Ὀλυμπιοδώρου, οὔτε διαλλακτὴν οὐδένα φεύγων, οὔτʼ αὖ μὰ τὸν Δία τὸν μέγιστον
					ἑκών, ἀλλʼ ὡς οἷόν τε μάλιστα ἄκων, ἠνάγκασμαι ὑπὸ τούτου ἀγωνίζεσθαι ταύτην τὴν
					δίκην. </p>
			</div>
			<div type="section" n="3">
				<p>δέομαι οὖν ὑμῶν, ὦ ἄνδρες δικασταί, ἀκούσαντας ἀμφοτέρων ἡμῶν καὶ αὐτοὺς
					δοκιμαστὰς τοῦ πράγματος γενομένους μάλιστα μὲν διαλλάξαντας ἀποπέμψαι καὶ
					εὐεργέτας ἡμῶν ἀμφοτέρων ὑμᾶς γενέσθαι, ἐὰν δʼ ἄρα μὴ ἐπιτυγχάνητε τούτου, ἐκ
					τῶν ὑπολοίπων τῷ τὰ δίκαια λέγοντι, τούτῳ τὴν ψῆφον ὑμᾶς προσθέσθαι. πρῶτον μὲν
					οὖν μαρτυρίας ἀναγνώσεται ὅτι οὐκ ἐγὼ αἴτιός εἰμι τοῦ εἰς τὸ δικαστήριον
					εἰσιέναι, ἀλλʼ οὗτος αὐτός. λέγε τὰς μαρτυρίας.<quote n="*marturi/ai"
							><title>Μαρτυρίαι</title></quote>
				</p>
			</div>
			<div type="section" n="4">
				<p>ὅτι μὲν οὖν, ὦ ἄνδρες δικασταί, καὶ μέτρια καὶ προσήκοντα προὐκαλούμην
					Ὀλυμπιόδωρον, μεμαρτύρηται ὑπὸ τῶν παραγενομένων. οὐκ ἐθέλοντος δὲ τούτου οὐδʼ
					ὁτιοῦν ποιεῖν τῶν δικαίων, ἀναγκαῖόν ἐστιν πρὸς ὑμᾶς λέγειν περὶ ὧν ἀδικοῦμαι
					ὑπὸ Ὀλυμπιοδώρου. ἔστιν δὲ βραχὺς ὁ λόγος. </p>
			</div>
			<div type="section" n="5">
				<p>ἦν γάρ, ὦ ἄνδρες δικασταί, Κόμων Ἁλαιεύς, οἰκεῖος ἡμέτερος. οὗτος ὁ Κόμων
					ἐτελεύτησεν ἄπαις ὀλίγον πάνυ χρόνον ἀρρωστήσας, ἐβίω δὲ πολλὰ ἔτη, καὶ ἦν
					πρεσβύτερος ὅτε ἐτελεύτα. καὶ ἐγὼ ἐπειδὴ ᾐσθόμην ὅτι οὐχ οἷός τέ ἐστιν
					περιγενέσθαι, μετεπεμψάμην τουτονὶ Ὀλυμπιόδωρον, ὅπως ἂν παρῇ καὶ συνεπιμελῆται
					μεθʼ ἡμῶν ἁπάντων ὧν προσῆκεν. καὶ Ὀλυμπιόδωρος οὑτοσί, ὦ ἄνδρες δικασταί,
					ἐπειδὴ ἦλθεν ὡς ἐμὲ καὶ τὴν ἀδελφὴν τὴν ἑαυτοῦ, ἐμὴν δὲ γυναῖκα, μεθʼ ἡμῶν
					ἅπαντα διῴκει.</p>
			</div>
			<div type="section" n="6">
				<p>ὄντων δʼ ἡμῶν περὶ ταύτην τὴν πραγματείαν, ἐξαίφνης λόγον μοι προσφέρει
					Ὀλυμπιόδωρος οὑτοσί, ὅτι καὶ ἡ μήτηρ αὐτοῦ προσήκουσα εἴη τῷ Κόμωνι τῷ
					τετελευτηκότι, καὶ ὅτι δίκαιον εἴη καὶ αὑτὸν τὸ μέρος λαβεῖν ἁπάντων ὧν ὁ Κόμων
					κατέλιπεν. καὶ ἐγώ, ὦ ἄνδρες δικασταί, συνειδὼς ὅτι ἐψεύδετο καὶ ἀναισχυντεῖν
					ἐπεχείρει, καὶ ὅτι οὐδεὶς ἦν ἄλλος τῷ Κόμωνι γένει ἐγγυτέρω ἐμοῦ, τὸ μὲν πρῶτον
					ὡς οἷόν τε μάλιστα ὠργίσθην καὶ ἠγανάκτησα ἐπὶ τῇ ἀναισχυντίᾳ τοῦ λόγου, ἔπειτα
					δὲ ἐλογισάμην πρὸς ἐμαυτὸν ὅτι οὐκ ἐν καιρῷ ὀργιζοίμην, καὶ τούτῳ ἀπεκρινάμην
					ὅτι ἐν μὲν τῷ παρόντι προσήκει θάπτειν τὸν τετελευτηκότα καὶ τἄλλα ποιεῖν τὰ
					νομιζόμενα, ἐπειδὰν δὲ τούτων ἁπάντων ἐπιμεληθῶμεν, τόθʼ ἡμῖν αὐτοῖς
					διαλεξόμεθα. </p>
			</div>
			<div type="section" n="7">
				<p>καὶ οὗτος, ὦ ἄνδρες δικασταί, προσωμολόγησεν ταῦτα καὶ καλῶς μʼ ἔφη λέγειν.
					ἐπειδὴ δὲ ἀπηλλάγημεν καὶ ἐποιήσαμεν ἅπαντα τὰ νομιζόμενα, καθʼ ἡσυχίαν ἤδη
					παρακαλέσαντες τοὺς οἰκείους ἅπαντας διελεγόμεθα ἡμῖν αὐτοῖς περὶ ὧν οὗτος ἠξίου
					ἑαυτῷ εἶναι. ὅσα μὲν οὖν, ὦ ἄνδρες δικασταί, ἡμεῖς πρὸς ἡμᾶς αὐτοὺς διηνέχθημεν
					περὶ τούτων διαλεγόμενοι, τι ἂν ἐγὼ ταῦτα διηγούμενος ἢ ὑμῖν πράγματα παρέχοιμι
					ἢ ἐμαυτῷ <del>ἐνοχλοίην</del>; </p>
			</div>
			<div type="section" n="8">
				<p>τὸ δὲ τέλος ὃ ἐγένετο, τοῦθʼ ὑμᾶς ἀναγκαίως ἔχει ἀκοῦσαι. αὐτὸς γὰρ ἐγὼ ἐδίκασα
					τούτῳ καὶ οὗτος ἐμοὶ τὰ ἡμίσεα ἑκάτερον ἡμῶν λαβεῖν ὧν κατέλιπε Κόμων, καὶ
					μηδεμίαν ἀηδίαν εἶναι περαιτέρω. καὶ προειλόμην, ὦ ἄνδρες δικασταί, ἑκὼν
					μεταδοῦναι τούτῳ μᾶλλον ἢ εἰς δικαστήριον εἰσιὼν κινδυνεύειν πρὸς οἰκεῖον ὄντα
					τοῦτον καὶ εἰπεῖν τι ἀηδές, ἀδελφὸν ὄντα τῆς ἐμῆς γυναικὸς καὶ θεῖον τῶν ἐμῶν
					παίδων, καὶ ὑπὸ τούτου ἀκοῦσαί τι ἀνεπιτήδειον. </p>
			</div>
			<div type="section" n="9">
				<p>ταῦτα πάντα ἐνθυμούμενος συνεχώρησα αὐτῷ. καὶ μετὰ ταῦτα συνθήκας ἐγράψαμεν πρὸς
					ἡμᾶς αὐτοὺς περὶ ἁπάντων, καὶ ὅρκους ἰσχυροὺς ὠμόσαμεν ἀλλήλοις, ἦ μὴν τά τε
					ὑπάρχοντα φανερὰ ὄντα καλῶς καὶ δικαίως διαιρήσεσθαι καὶ μηδʼ ὁτιοῦν
					πλεονεκτήσειν τὸν ἕτερον τοῦ ἑτέρου ὧν κατέλιπεν Κόμων, καὶ τἄλλα πάντα κοινῇ
					ζητήσειν, καὶ πράξειν μετʼ ἀλλήλων βουλευόμενοι ὅ τι ἂν ἀεὶ δέῃ. </p>
			</div>
			<div type="section" n="10">
				<p>ὑπενοοῦμεν γάρ, ὦ ἄνδρες δικασταί, ἥξειν τινὰς ἀμφισβητήσοντας τῶν τοῦ Κόμωνος
					καὶ ἑτέρους· οἷον καὶ ὁ ἐμὸς ἀδελφὸς <add>ὁ</add> ὁμοπάτριος, ὁμομήτριος δʼ οὔ,
					ὃς ἀπεδήμει, καὶ εἰ δή τις ἄλλος ἐβούλετʼ ἀμφισβητεῖν, οὐκ ἦν ἡμῖν κωλύειν· οἱ
					γὰρ νόμοι κελεύουσι τὸν βουλόμενον ἀμφισβητεῖν. ταῦτα δὴ πάντα προνοούμενοι
					ἐγράψαμεν τὰς συνθήκας καὶ ὅρκους ὠμόσαμεν, ὅπως ἂν μήτε ἑκόντι μήτε ἄκοντι
					μηδετέρῳ ἐξουσία ἡμῶν γένηται μηδʼ ὁτιοῦν ἰδίᾳ πρᾶξαι, ἀλλὰ κοινῇ βουλευόμενοι
					μεθʼ ἡμῶν αὐτῶν ἅπαντα πράττωμεν. </p>
			</div>
			<div type="section" n="11">
				<p>καὶ μάρτυρας ἐποιησάμεθα περὶ τούτων πρῶτον μὲν τοὺς θεοὺς οὓς ὠμόσαμεν ἀλλήλοις,
					καὶ τοὺς οἰκείους τοὺς ἡμετέρους αὐτῶν, ἔπειτʼ Ἀνδροκλείδην Ἀχαρνέα, παρʼ ᾧ
					κατεθέμεθα τὰς συνθήκας. βούλομαι οὖν, ὦ ἄνδρες δικασταί, τόν τε νόμον
					ἀναγνῶναι, καθʼ ὃν τὰς συνθήκας ἐγράψαμεν πρὸς ἡμᾶς αὐτούς, καὶ μαρτυρίαν τοῦ
					ἔχοντος τὰς συνθήκας. λέγε τὸν νόμον πρῶτον.</p>
				<quote n="*no/mos"><title>Νόμος</title></quote>
				<p>ἀναγίγνωσκε δὴ καὶ τὴν μαρτυρίαν τὴν Ἀνδροκλείδου.</p>
				<quote n="*marturi/a"><title>Μαρτυρία</title></quote>
			</div>
			<div type="section" n="12">
				<p>ἐπειδὴ δὲ ὠμόσαμεν ἀλλήλοις καὶ αἱ συνθῆκαι ἦσαν κείμεναι παρὰ τῷ Ἀνδροκλείδῃ,
					διεῖλον ἐγὼ δύο μερίδας, ὦ ἄνδρες δικασταί. καὶ ἡ μὲν ἑτέρα ἦν μερὶς ἡ οἰκία ἐν
					ᾗ ᾤκει αὐτὸς ὁ Κόμων, καὶ τἀνδράποδα οἱ σακχυφάνται, ἡ δʼ ἑτέρα ἦν μερὶς οἰκία
					ἑτέρα καὶ τἀνδράποδα οἱ φαρμακοτρίβαι. ἀργύριον δὲ εἴ τι κατέλιπεν ὁ Κόμων
					φανερὸν ἐπὶ τῇ τραπέζῃ τῇ Ἡρακλείδου, τοῦθʼ ἅπαν σχεδόν τι ἀνηλώθη εἴς τε τὴν
					ταφὴν καὶ τἄλλα τὰ νομιζόμενα καὶ εἰς τὴν οἰκοδομίαν τοῦ μνήματος. </p>
			</div>
			<div type="section" n="13">
				<p>διελὼν δʼ ἐγὼ τὰς δύο ταύτας μερίδας, ἔδωκα αἵρεσιν τουτῳὶ Ὀλυμπιοδώρῳ ὁποτέραν
					βούλεται τῶν μερίδων λαβεῖν, καὶ οὗτος εἵλετο τοὺς φαρμακοτρίβας καὶ τὴν
					οἰκίσκην· ἐγὼ δʼ ἔλαβον τοὺς σακχυφάντας καὶ τὴν οἰκίαν τὴν ἑτέραν. καὶ ταῦτʼ
					ἔστιν ἃ ἑκάτερος ἡμῶν εἶχεν. </p>
			</div>
			<div type="section" n="14">
				<p>ἐν δὲ τῇ μερίδι τῇ τουτουὶ Ὀλυμπιοδώρου ἦν εἷς τῶν φαρμακοτριβῶν, ὃν μάλιστα
					ἐνόμιζεν πιστὸν ἑαυτῷ εἶναι ὁ Κόμων· ὄνομα δὲ τῷ ἀνθρώπῳ ἐστὶν Μοσχίων. οὗτος ὁ
					οἰκέτης σχεδόν τι ᾔδει τά τε ἄλλα τὰ τοῦ Κόμωνος ἅπαντα, καὶ δὴ τὸ ἀργύριον οὗ
					ἦν, τὸ ἔνδον κείμενον τῷ Κόμωνι. </p>
			</div>
			<div type="section" n="15">
				<p>καὶ δὴ καὶ ἔλαθεν τὸν Κόμωνα, πρεσβύτερόν τε ὄντα καὶ πεπιστευκότα αὐτῷ,
					ὑφαιρούμενος τὸ ἀργύριον οὗτος ὁ οἰκέτης ὁ Μοσχίων. καὶ πρῶτον μὲν ὑφαιρεῖται
					αὐτοῦ χιλίας δραχμὰς χωρίς που κειμένας τοῦ ἄλλου ἀργυρίου, ἔπειτα ἑτέρας
					ἑβδομήκοντα μνᾶς. καὶ ταῦτα ποιῶν ἐλάνθανεν τὸν Κόμωνα. καὶ τὸ ἀργύριον τοῦτο
					ἅπαν εἶχεν αὐτὸς διʼ ἑαυτοῦ ὁ ἄνθρωπος. </p>
			</div>
			<div type="section" n="16">
				<p>οὐ πολλῷ δὲ χρόνῳ ὕστερον, ὦ ἄνδρες δικασταί, ἢ ἡμεῖς διειλόμεθα τὰς μερίδας,
					ὑποψία τις ἐγένετο καὶ αἴσθησις περὶ τἀνθρώπου τούτου· ἐκ δὲ ταύτης τῆς ὑποψίας
					ἐδόκει ἐμοὶ καὶ τουτῳὶ Ὀλυμπιοδώρῳ βασανίζειν τὸν ἄνθρωπον. καὶ ὁ ἄνθρωπος, ὦ
					ἄνδρες δικασταί, αὐτὸς αὑτοῦ κατεῖπε, πρὶν βασανίζεσθαι, ὅτι χιλίας δραχμὰς
					ὑφείλετο τοῦ Κόμωνος, καὶ ἔφη εἶναι παρʼ ἑαυτῷ ὅσον μὴ ἦν ἀνηλωμένον· περὶ δὲ
					τοῦ πλείονος ἀργυρίου οὐδʼ ὁτιοῦν εἶπεν ἐν τῷ τότε χρόνῳ· καὶ ἀποδίδωσιν περὶ
					ἑξακοσίας τινὰς δραχμάς. </p>
			</div>
			<div type="section" n="17">
				<p>καὶ τούτου τοῦ ἀργυρίου, οὗ ἀπέδωκεν ὁ ἄνθρωπος, καλῶς καὶ δικαίως κατὰ τοὺς
					ὅρκους οὓς ὠμόσαμεν ἡμεῖς καὶ κατὰ τὰς συνθήκας τὰς κειμένας παρὰ τῷ Ἀνδροκλείδῃ
					τὸ μὲν ἥμισυ ἐγὼ ἔλαβον, τὸ δʼ ἥμισυ οὑτοσὶ Ὀλυμπιόδωρος. </p>
			</div>
			<div type="section" n="18">
				<p>μετὰ δὲ ταῦτα οὐ πολλῷ χρόνῳ ὕστερον ἐκ ταύτης τῆς ὑποψίας τῆς πρὸς τὸν οἰκέτην
					περὶ τοῦ ἀργυρίου οὗ ἀπέδωκεν, ἔδησεν τὸν ἄνθρωπον καὶ ἐβασάνισεν αὐτὸς ἐφʼ
					ἑαυτοῦ, ἡμᾶς δὲ οὐ παρεκάλεσεν, ὀμωμοκὼς κοινῇ ζητήσειν καὶ πράξειν μετʼ ἐμοῦ
					πάντα. καὶ ὁ ἄνθρωπος, ὦ ἄνδρες δικασταί, κατατεινόμενος ὑπὸ τῆς βασάνου
					προσωμολόγησε καὶ τὰς ἑβδομήκοντα μνᾶς εἰληφέναι ὑφελόμενος Κόμωνος, καὶ
					ἀποδίδωσιν ἅπαν τὸ ἀργύριον τοῦτο Ὀλυμπιοδώρῳ τουτῳί. </p>
			</div>
			<div type="section" n="19">
				<p>ἐγὼ δʼ, ὦ ἄνδρες δικασταί, ἐπειδὴ ἐπυθόμην περὶ τῆς βασάνου τοῦ ἀνθρώπου καὶ ὅτι
					ἀποδεδωκὼς εἴη τὸ ἀργύριον, ἐνόμιζόν μοι ἀποδώσειν τοῦτον τὸ ἥμισυ τοῦ ἀργυρίου,
					ὥσπερ καὶ τὸ πρότερον ἀπὸ τῶν χιλίων δραχμῶν ἀπέδωκε. καὶ εὐθὺς μὲν οὐ πάνυ τι
					ἠνώχλουν τούτῳ, ἡγούμενος αὐτὸν τοῦτο γνώσεσθαι καὶ διοικήσειν καὶ ἐμοὶ καὶ
					ἑαυτῷ, ὅπως ἑκάτερος ἡμῶν ἕξει τὰ δίκαια κατὰ τοὺς ὅρκους καὶ τὰς συνθήκας τὰς
					πρὸς ἡμᾶς αὐτοὺς περὶ τοῦ ἰσομοιρεῖν ἁπάντων ὧν Κόμων ἦν καταλελοιπώς· </p>
			</div>
			<div type="section" n="20">
				<p>ἐπειδὴ δὲ ἐνδιέτριβεν καὶ οὐδὲν ἐποίει, διελεγόμην τουτῳὶ Ὀλυμπιοδώρῳ, καὶ ἠξίουν
					ἀπολαμβάνειν τὸ ἐμαυτοῦ μέρος τοῦ ἀργυρίου. οὑτοσὶ δὲ Ὀλυμπιόδωρος ἀεί τι
					προὐφασίζετο καὶ ἀναβολὰς ἐποιεῖτο. καὶ ἐν τούτῳ τῷ καιρῷ ἕτεροί τινες ἔλαχον
					τοῦ κλήρου τοῦ Κόμωνος, καὶ ὁ Κάλλιππος ἐπεδήμησεν ἐκ τῆς ἀποδημίας, ὁ ἐμὸς
					ἀδελφὸς ὁ ὁμοπάτριος· καὶ οὗτος ἔλαχεν εὐθὺς τοῦ ἡμικληρίου. </p>
			</div>
			<div type="section" n="21">
				<p>καὶ τουτῳὶ Ὀλυμπιοδώρῳ πρόφασις καὶ αὕτη ἐγένετο πρὸς τὸ μὴ ἀποδιδόναι μοι τὸ
					ἀργύριον, ἐπειδὴ πολλοὶ ἦσαν οἱ ἀμφισβητοῦντες, καὶ ἔφη χρῆναί με περιμεῖναι,
					ἕως ἂν οἱ ἀγῶνες γένωνται. καὶ ἐμοὶ ἀνάγκη ἦν ταῦτα συγχωρεῖν, καὶ συνεχώρησα.
				</p>
			</div>
			<div type="section" n="22">
				<p>μετὰ δὲ ταῦτα ἐβουλευόμεθα καὶ ἐγὼ καὶ οὑτοσὶ Ὀλυμπιόδωρος κοινῇ, ὥσπερ καὶ
					ὠμόσαμεν, ὅντινα τρόπον ἄριστα καὶ ἀσφαλέστατα προσοισόμεθα πρὸς τοὺς
					ἀμφισβητοῦντας. καὶ ἔδοξεν ἡμῖν, ὦ ἄνδρες δικασταί, τουτονὶ μὲν Ὀλυμπιόδωρον τοῦ
					κλήρου ὅλου ἀμφισβητεῖν, ἐμὲ δὲ τοῦ ἡμικληρίου, ἐπειδὴ καὶ Κάλλιππος ὁ ἀδελφὸς ὁ
					ἐμὸς τοῦ ἡμικληρίου μόνον ἠμφεσβήτει. </p>
			</div>
			<div type="section" n="23">
				<p>καὶ ἐπειδὴ ἀνεκρίθησαν πρὸς τῷ ἄρχοντι ἅπασαι αἱ ἀμφισβητήσεις καὶ ἔδει
					ἀγωνίζεσθαι ἐν τῷ δικαστηρίῳ, ἀπαράσκευοι ἦμεν τὸ παράπαν πρὸς τὸ ἤδη
					ἀγωνίζεσθαι ἐγὼ καὶ Ὀλυμπιόδωρος οὑτοσὶ διὰ τὸ ἐξαίφνης ἐπιπεπτωκέναι ἡμῖν
					πολλοὺς τοὺς ἀμφισβητοῦντας· ἐκ δὲ τῶν ὑπαρχόντων ἐσκοποῦμεν κοινῇ, εἴ πως
					ἀναβολή τις γένοιτο ἐν τῷ παρόντι, ὥστε παρασκευάσασθαι ἡμᾶς καθʼ ἡσυχίαν πρὸς
					τὸν ἀγῶνα. </p>
			</div>
			<div type="section" n="24">
				<p>καὶ κατὰ τύχην τινὰ καὶ δαίμονα ὑμεῖς ἐπείσθητε ὑπὸ τῶν ῥητόρων εἰς Ἀκαρνανίαν
					στρατιώτας ἐκπέμπειν, καὶ ἔδει καὶ τουτονὶ Ὀλυμπιόδωρον στρατεύεσθαι, καὶ ᾤχετο
					μετὰ τῶν ἄλλων στρατευόμενος. καὶ συνεβεβήκει, ὡς ᾠόμεθα ἡμεῖς, αὕτη καλλίστη
					ἀναβολή, δημοσίᾳ τούτου ἀποδημοῦντος στρατευομένου. </p>
			</div>
			<div type="section" n="25">
				<p>ἐπειδὴ δὲ ἐκάλει ὁ ἄρχων εἰς τὸ δικαστήριον ἅπαντας τοὺς ἀμφισβητοῦντας κατὰ τὸν
					νόμον, ὑπωμοσάμεθα ἡμεῖς τουτονὶ Ὀλυμπιόδωρον δημοσίᾳ ἀπεῖναι στρατευόμενον.
					ὑπομοθέντος δὲ τούτου ἀνθυπωμόσαντο οἱ ἀντίδικοι, καὶ διαβάλλοντες Ὀλυμπιόδωρον
					τουτονί, ὕστεροι ἡμῶν λέγοντες, ἔπεισαν τοὺς δικαστὰς ψηφίσασθαι τῆς δίκης ἕνεκα
					ἀπεῖναι τουτονὶ καὶ οὐ δημοσίᾳ. </p>
			</div>
			<div type="section" n="26">
				<p>ψηφισαμένων δὲ ταῦτα τῶν δικαστῶν διέγραψεν ὁ ἄρχων Πυθόδοτος κατὰ τὸν νόμον τὴν
					τουτουὶ Ὀλυμπιοδώρου ἀμφισβήτησιν. διαγραφείσης δὲ ταύτης, ἐξ ἀνάγκης καὶ ἐμοὶ
					ἦν ἐκλιπεῖν τὴν τοῦ ἡμικληρίου ἀμφισβήτησιν. γενομένων δὲ τούτων ἐπεδίκασεν ὁ
					ἄρχων τοῖς ἀντιδίκοις τοῖς ἡμετέροις τὸν κλῆρον τὸν Κόμωνος· ταῦτα γὰρ οἱ νόμοι
					αὐτὸν ἠνάγκαζον ποιεῖν. </p>
			</div>
			<div type="section" n="27">
				<p>ἐπειδὴ δὲ ἐπεδικάσαντο, εὐθὺς εἰς Πειραιᾶ ἐλθόντες παρελάμβανον πάντα ὅσα ἡμῶν
					εἶχεν ἑκάτερος νειμάμενος ἐν τῇ μερίδι. κἀγὼ μὲν ἐπιδημῶν αὐτὸς παρέδωκα (ἀνάγκη
					γὰρ ἦν πείθεσθαι τοῖς νόμοις), τὰ δὲ Ὀλυμπιοδώρου, ἀποδημοῦντος τούτου, ἅπαντα
					ᾤχοντο λαβόντες, πλὴν τοῦ ἀργυρίου οὗ εἶχεν αὐτὸς παρὰ τοῦ ἀνθρώπου τοῦ οἰκέτου,
					ὃν ἐβασάνισεν· οὐ γὰρ εἶχον ὅπου ἐπιλάβοιντο τοῦ ἀργυρίου. </p>
			</div>
			<div type="section" n="28">
				<p>καὶ τὰ μὲν πραχθέντα ταῦτʼ ἦν ἐν τῇ ἀποδημίᾳ τῇ Ὀλυμπιοδώρου, καὶ τῆς κοινωνίας
					τῆς πρὸς τοῦτον ταῦτα ἐγὼ ἀπέλαυσα. ἐπειδὴ δὲ ἐπεδήμησεν οὗτος καὶ οἱ ἄλλοι
					στρατιῶται, ἠγανάκτει Ὀλυμπιόδωρος οὑτοσί, ὦ ἄνδρες δικασταί, ἐπὶ τοῖς
					συμβεβηκόσι, καὶ ἡγεῖτο δεινὰ πεπονθέναι. ἐπειδὴ δὲ μεστὸς ἐγένετο ἀγανακτῶν,
					ἐσκοποῦμεν πάλιν καὶ ἐβουλευόμεθα κοινῇ ἐγὼ καὶ Ὀλυμπιόδωρος οὑτοσί, ὅντινα
					τρόπον τούτων τι πάλιν κομιούμεθα. </p>
			</div>
			<div type="section" n="29">
				<p>καὶ ἐδόκει ἡμῖν βουλευομένοις προσκαλεῖσθαι τοὺς ἐπιδεδικασμένους κατὰ τὸν νόμον,
					καὶ ἐκ τῶν ὑπαρχόντων ἀσφαλέστατον εἶναι μὴ ἐν τῷ αὐτῷ ἡμᾶς ἀμφοτέρους τὸν
					κίνδυνον ποιεῖσθαι πρὸς τοὺς ἀμφισβητοῦντας, ἀλλὰ χωρὶς ἑκάτερον, καὶ τουτονὶ
					μὲν Ὀλυμπιόδωρον ὅλου τοῦ κλήρου λαχεῖν, ὥσπερ τὸ πρότερον, καὶ ἀγωνίζεσθαι καθʼ
					αὑτόν, ἐμὲ δὲ τοῦ ἡμικληρίου, ἐπειδὴ καὶ Κάλλιππος ὁ ἀδελφὸς ὁ ἐμὸς τοῦ
					ἡμικληρίου μόνον ἠμφεσβήτει, </p>
			</div>
			<div type="section" n="30">
				<p>ὅπως, ἐὰν μὲν Ὀλυμπιόδωρος οὑτοσὶ ἐπιτύχῃ τοῦ ἀγῶνος, ἐγὼ κατὰ τὰς συνθήκας καὶ
					τοὺς ὅρκους πάλιν τὸ μέρος λάβοιμι παρὰ τούτου, ἐὰν δʼ ἄρα ἀποτύχῃ καὶ τὰ ἕτερα
					ψηφίσωνται οἱ δικασταί, οὗτος παρʼ ἐμοῦ <del>τὰ μέρη</del> καλῶς καὶ δικαίως
					ἀπολαμβάνοι, ὥσπερ ὠμόσαμεν ἀλλήλοις καὶ συνεθέμεθα. ἐπειδὴ δὲ ταῦτʼ
					ἐβουλευσάμεθα καὶ ἐδόκει ἀσφαλέστατʼ εἶναι καὶ ἐμοὶ καὶ Ὀλυμπιοδώρῳ,
					προσεκλήθησαν ἅπαντες οἱ ἔχοντες τὰ τοῦ Κόμωνος κατὰ τὸν νόμον. καί μοι ἀνάγνωθι
					τὸν νόμον, καθʼ ὃν ἡ πρόσκλησις ἐγένετο.<quote n="*no/mos"
						><title>Νόμος</title></quote>
				</p>
			</div>
			<div type="section" n="31">
				<p>κατὰ τὸν νόμον τοῦτον, ὦ ἄνδρες δικασταί, ἡ πρόσκλησις ἐγένετο, καὶ τὰς
					ἀμφισβητήσεις ἀντεγραψάμεθα, ὃν τρόπον τουτῳὶ ἐδόκει Ὀλυμπιοδώρῳ. καὶ μετὰ ταῦτα
					ὁ ἄρχων ἀνέκρινε πᾶσιν ἡμῖν τοῖς ἀμφισβητοῦσιν, καὶ ἀνακρίνας εἰσήγαγεν εἰς τὸ
					δικαστήριον. καὶ οὑτοσὶ Ὀλυμπιόδωρος ἠγωνίζετο πρῶτος, καὶ ἔλεγεν ὅ τι ἐβούλετο,
					καὶ μαρτυρίας παρείχετο ἃς ἐδόκει τούτῳ· κἀγώ, ὦ ἄνδρες δικασταί, σιωπῇ ἐκαθήμην
					ἐπὶ τοῦ ἑτέρου βήματος. τοῦτον δὲ τὸν τρόπον κατασκευασθέντος τοῦ ἀγῶνος
					ἐνίκησεν ῥᾳδίως. </p>
			</div>
			<div type="section" n="32">
				<p>νικήσας δὲ καὶ διαπραξαμένων ἅπαντα ὅσα ἐβουλήθημεν ἐν τῷ δικαστηρίῳ, καὶ
					ἀπολαβὼν παρὰ τῶν πρότερον ἐπιδικασαμένων ὅσα ἦσαν ἐκεῖνοι παρʼ ἡμῶν εἰληφότες,
					ταῦτα δὴ πάντα ἔχων καὶ τὸ ἀργύριον ὃ ἔλαβεν παρὰ τοῦ ἀνθρώπου τοῦ
					βασανισθέντος, οὐδʼ ὁτιοῦν ἠθέληκεν τῶν δικαίων πρός με ποιῆσαι, ἀλλʼ ἔχει αὐτὸς
					ἅπαντα, ὀμωμοκὼς καὶ συνθήκας πρός με ποιησάμενος ἦ μὴν ἰσομοιρήσειν. καὶ αἱ
					συνθῆκαι αὗται ἔτι καὶ νῦν κεῖνται παρὰ τῷ Ἀνδροκλείδῃ, καὶ μεμαρτύρηκεν αὐτὸς
					πρὸς ὑμᾶς. </p>
			</div>
			<div type="section" n="33">
				<p>βούλομαι δὲ καὶ περὶ τῶν ἄλλων ἁπάντων ὧν εἴρηκα μαρτυρίας ὑμῖν παρασχέσθαι,
					πρώτιστον μὲν τὸ ἐξ ἀρχῆς ὅτι ἐγὼ καὶ οὗτος ἡμῖν αὐτοῖς δικάσαντες ἐνειμάμεθα τὸ
					ἴσον ἑκάτερος τῆς φανερᾶς οὐσίας ἧς Κόμων κατέλιπεν. καί μοι λαβὲ ταύτην τὴν
					μαρτυρίαν πρῶτον, ἔπειτα τὰς ἄλλας ἁπάσας ἀναγίγνωσκε.<quote n="*marturi/a"
							><title>Μαρτυρία</title></quote>
				</p>
			</div>
			<div type="section" n="34">
				<p>λαβὲ δή μοι καὶ τὴν πρόκλησιν, ἣν προὐκαλεσάμην αὐτὸν περὶ τοῦ ἀργυρίου οὗ ἔλαβεν
					παρὰ τοῦ ἀνθρώπου τοῦ βασανισθέντος.</p>
				<quote n="*pro/klhsis"><title>Πρόκλησις</title></quote>
				<p>ἀναγίγνωσκε δὲ καὶ τὴν ἑτέραν μαρτυρίαν, ὅτι, ἐπειδὴ ἐπεδικάσαντο οἱ ἀντίδικοι
					ἡμῶν, ἅπαντα παρέλαβον ὅσα ἡμεῖς εἴχομεν, πλὴν τῶν χρημάτων ὧν εἶχεν
					Ὀλυμπιόδωρος παρὰ τοῦ βασανισθέντος ἀνθρώπου.</p>
				<quote n="*marturi/a"><title>Μαρτυρία</title></quote>
			</div>
			<div type="section" n="35">
				<p>ὃν μὲν τρόπον, ὦ ἄνδρες δικασταί, ἐξ ἀρχῆς διενειμάμεθα τὴν Κόμωνος οὐσίαν τὴν
					φανερὰν ἐγὼ καὶ Ὀλυμπιόδωρος, καὶ λόγῳ ἀκηκόατε καὶ μεμαρτύρηται ὑμῖν, καὶ ὡς
					οὗτος τὸ ἀργύριον ἔλαβεν παρὰ τοῦ ἀνθρώπου τοῦ οἰκέτου, καὶ ὅτι οἱ
					ἐπιδικασάμενοι ἔλαβον ὅσα ἡμεῖς εἴχομεν, ἕως οὑτοσὶ πάλιν ἐνίκησεν ἐν τῷ
					δικαστηρίῳ. </p>
			</div>
			<div type="section" n="36">
				<p>ἃ δὲ λέγων οὐκ ἀποδίδωσίν μοι οὐδʼ ἐθέλει τῶν δικαίων οὐδʼ ὁτιοῦν ποιεῖν, τούτοις
					ἤδη προσέχετε τὸν νοῦν, ὦ ἄνδρες δικασταί, ἵνα μὴ αὐτίκα ἐξαπατήσωσιν ὑμᾶς οἱ
					ῥήτορες, οὓς οὑτοσὶ παρεσκεύασται ἐπʼ ἐμέ. λέγει μὲν οὗτος οὐδέποτε ταὐτά, ἀλλʼ
					ὅ τι ἂν τύχῃ ἀεί, καὶ περιιὼν προφάσεις ἀτόπους τινὰς καὶ ὑπονοίας καὶ αἰτίας
					ψευδεῖς ἐπιφέρει, καὶ περὶ τὸ πρᾶγμα ὅλον ἄδικός ἐστιν ἄνθρωπος. </p>
			</div>
			<div type="section" n="37">
				<p>πλεῖστοι δὲ αὐτοῦ ἀκηκόασιν λέγοντος, οἱ μὲν ὅτι τὸ παράπαν οὐκ ἔλαβε τὸ ἀργύριον
					παρὰ τοῦ ἀνθρώπου· ἐπειδὰν δὲ τοῦτο ἐξελέγχηται, πάλιν λέγει ὅτι παρὰ τοῦ αὑτοῦ
					ἀνθρώπου ἔχει τὸ ἀργύριον, καὶ οὐ μεταδώσει ἐμοὶ οὔτε τοῦ ἀργυρίου οὔτε τῶν
					ἄλλων οὐδενὸς ὧν κατέλιπε Κόμων. </p>
			</div>
			<div type="section" n="38">
				<p>ἐπειδὰν δέ τις αὐτὸν τῶν ἐπιτηδείων τῶν τούτου καὶ τῶν ἐμῶν ἐρωτᾷ, διὰ τί οὐκ
					ἀποδώσει ὀμωμοκὼς ἰσομοιρήσειν καὶ τῶν συνθηκῶν ἔτι νυνὶ κειμένων, φησί με
					παραβεβηκέναι τὰς συνθήκας, καὶ δεινὰ πεπονθέναι ὑπʼ ἐμοῦ, καὶ διατελέσαι μέ
					φησιν ὑπεναντία καὶ λέγοντα καὶ πράττοντα ἑαυτῷ. καὶ ἃ μὲν προφασίζεται, ταῦτʼ
					ἔστιν. </p>
			</div>
			<div type="section" n="39">
				<p>ἃ μὲν οὖν, ὦ ἄνδρες δικασταί, οὗτος λέγει, ὑπόνοιαι πλασταί εἰσιν καὶ προφάσεις
					ἄδικοι καὶ πονηρίαι ἐπὶ τῷ ἀποστερῆσαι ἃ προσήκει αὐτὸν ἀποδοῦναι ἐμοί. ἃ δὲ ἐγὼ
					ἐρῶ πρὸς ὑμᾶς, ὅτι οὗτος ψεύδεται, ταῦτα δὲ ὑπόνοια οὐδεμία ἔσται, φανερῶς δὲ
					ἐπιδείξω τὴν τούτου ἀναισχυντίαν, τεκμήρια λέγων ἀληθινὰ καὶ πᾶσι γνώριμα, καὶ
					μάρτυρας παρεχόμενος περὶ ἁπάντων. </p>
			</div>
			<div type="section" n="40">
				<p>πρῶτον μὲν οὖν, ὦ ἄνδρες δικασταί, λέγω ὅτι οὗτος διὰ τοῦτο τοῖς οἰκείοις καὶ
					τοῖς ἐπιτηδείοις τοῖς ἑαυτοῦ καὶ τοῖς ἐμοῖς, τοῖς εἰδόσιν ἀκριβῶς ἅπαντα ταῦτα
					τὰ πράγματα ὡς ἔχει καὶ παρηκολουθηκόσιν ἐξ ἀρχῆς, οὐκ ἠθέλησεν ἐπιτρέψαι·
					ἀκριβῶς <del>γὰρ</del> ᾔδει ὅτι εὐθὺς παραχρῆμα ὑπʼ αὐτῶν ἐξελεγχθήσεται, ἐάν τι
					ψεύδηται· νυνὶ δʼ ἴσως ἡγεῖται ψευδόμενος ἐν ὑμῖν λήσειν. </p>
			</div>
			<div type="section" n="41">
				<p>πάλιν λέγω ὅτι οὐκ ἀκόλουθόν ἐστιν ὑπεναντία μὲν πράττειν σοι, ὦ Ὀλυμπιόδωρε,
					ἐμέ, κοινῇ δὲ ἀναλίσκειν μετὰ σοῦ εἰς ὅ τι ἀεὶ δέοι, οὐδὲ ἐκλιπεῖν τὴν
					ἀμφισβήτησιν αὐτὸν ἑκόντα, ὅτε ἀπεδήμεις σύ, ἐπειδὴ καὶ ἡ σὴ διεγράφη δόξαντός
					σου ἕνεκα τῆς δίκης ἀπεῖναι καὶ οὐ δημοσίᾳ. ἐξῆν γὰρ ἔμοιγε τοῦ ἡμικληρίου
					ἐπιδικάσασθαι ἐμαυτῷ· οὐδεὶς γάρ μοι ἀνθρώπων ἀντέλεγεν, ἀλλὰ συνεχώρουν αὐτοὶ
					οἱ ἀντίδικοι. </p>
			</div>
			<div type="section" n="42">
				<p>ἀλλὰ ταῦτα ποιήσας εὐθὺς ἂν ἦν ἐπιωρκηκώς· ὤμοσα γὰρ καὶ συνεθέμην πρὸς σὲ κοινῇ
					πράξειν ἅπαντα, ὅ τι ἂν δοκῇ ἐμοὶ καὶ σοὶ βουλευομένοις βέλτιστον εἶναι. ὥστε
					ὑπεραβέλτεροί εἰσιν αἱ προφάσεις καὶ αἰτίαι, διʼ ἃς οὐδέν μοι φὴς ποιήσειν τῶν
					δικαίων. </p>
			</div>
			<div type="section" n="43">
				<p>ἔτι πρὸς τούτοις ἡγεῖ ἄν μʼ ἐπιτρέπειν σοι, Ὀλυμπιόδωρε, ἐν τῷ τελευταίῳ ἀγῶνι τῷ
					περὶ τοῦ κλήρου, ἢ ἃ ἔλεγες πρὸς τοὺς δικαστάς, εἰκῇ οὑτωσὶ λέγειν, ἢ περὶ ὧν
					τὰς μαρτυρίας παρέσχου, οὕτως ἂν παρασχέσθαι, εἰ μὴ μετὰ σοῦ κοινῇ
					συνηγωνιζόμην; </p>
			</div>
			<div type="section" n="44">
				<p>οὗτος γάρ, ὦ ἄνδρες δικασταί, τά τε ἄλλα ἔλεγεν ὅ τι ἐβούλετο ἐν τῷ δικαστηρίῳ,
					καὶ κατεχρήσατο πρὸς τοὺς δικαστὰς ὅτι ἐγὼ τὴν οἰκίαν, ἣν ἔλαβον ἐν τῇ μερίδι τῇ
					ἐμαυτοῦ, μεμισθωμένος εἴην παρʼ αὐτοῦ, καὶ τὸ ἀργύριον ὃ ἔλαβον, τὸ ἥμισυ τὸ ἀπὸ
					τῶν χιλίων δραχμῶν τῶν παρὰ τοῦ οἰκέτου, ὅτι ἐδανεισάμην παρὰ τούτου. καὶ οὐ
					μόνον ἔλεγεν ταῦτα, ἀλλὰ καὶ μαρτυρίας παρείχετο περὶ τούτων. κἀγὼ οὐδʼ ὁτιοῦν
					ἀντέλεγον τούτοις, οὐδʼ ἤκουσέ μου φωνὴν οὐδεὶς ἀνθρώπων, ὅτε οὗτος ἠγωνίζετο,
					οὔτε μικρὰν οὔτε μεγάλην, ἀλλὰ προσωμολόγουν ἀληθῆ εἶναι πάντα ὅσα οὗτος
					ἐβούλετο λέγειν. κοινῇ γὰρ ἠγωνιζόμην μετὰ σοῦ, ὥσπερ ἔδοξεν ἐμοὶ καὶ σοί. </p>
			</div>
			<div type="section" n="45">
				<p>ἐπεὶ εἰ μή ἐστιν ταῦτα ἀληθῆ ἃ λέγω, διὰ τί οὐκ ἐπεσκηψάμην ἐγὼ τότε τοῖς
					μάρτυσιν τοῖς ταῦτα μαρτυροῦσιν, ἀλλʼ ἡσυχίαν εἶχον πολλήν; ἢ διὰ τί σύ,
					Ὀλυμπιόδωρε, οὐδεπώποτέ μοι ἔλαχες ἐνοικίου δίκην τῆς οἰκίας ἧς ἔφασκες μισθῶσαί
					μοι ὡς σαυτοῦ οὖσαν, οὐδὲ τοῦ ἀργυρίου οὗ ἔλεγες πρὸς τοὺς δικαστὰς ὅτι
					ἐδάνεισάς μοι, τούτων οὐδὲν ἐποίησας; ὥστε πῶς ἂν μᾶλλον ἄνθρωπος ἐξελέγχοιτο
					ψευδόμενος καὶ ὑπεναντία λέγων αὐτὸς αὑτῷ καὶ αἰτιώμενος τὰ οὐδεπώποτε γενόμενα;
				</p>
			</div>
			<div type="section" n="46">
				<p>ὃ δὲ πάντων μέγιστόν ἐστιν, ὦ ἄνδρες δικασταί, ᾧ καὶ γνώσεσθε τουτονὶ ὅτι ἄδικός
					ἐστιν καὶ πλεονέκτης ἄνθρωπος· ἐχρῆν γὰρ αὐτόν, εἴ τι ἀληθὲς ἦν ὧν λέγει,
					πρότερον ταῦτα λέγειν καὶ ἐπιδεικνύειν, πρὶν τὸν ἀγῶνα γενέσθαι καὶ
					διαπειραθῆναι τῶν δικαστῶν ὅ τι γνώσονται, καὶ παραλαβόντα πολλοὺς μάρτυρας
					ἀξιοῦν ἀναιρεῖσθαι τὰς συνθήκας παρὰ τοῦ Ἀνδροκλείδου ὡς παραβαίνοντος ἐμοῦ καὶ
					τἀναντία πράττοντος ἑαυτῷ καὶ οὐκέτι κυρίων οὐσῶν τῶν συνθηκῶν ἐμοὶ καὶ τούτῳ,
					καὶ τῷ Ἀνδροκλείδῃ τῷ ἔχοντι τὰς συνθήκας διαμαρτύρασθαι, ὅτι αὐτῷ οὐδέν ἐστιν
					ἔτι πρᾶγμα πρὸς τὰς συνθήκας ταύτας. </p>
			</div>
			<div type="section" n="47">
				<p>ταῦτα ἐχρῆν αὐτόν, ὦ ἄνδρες δικασταί, εἴπερ τι ἦν ἀληθὲς ὧν λέγει, καὶ μόνον
					προσιόντα τῷ Ἀνδροκλείδῃ διαμαρτύρεσθαι καὶ μετὰ μαρτύρων πολλῶν, ἵνʼ αὐτῷ
					πολλοὶ ἦσαν οἱ συνειδότες. ὅτι δὲ τούτων οὐδὲν πώποτε ἐποίησεν, αὐτοῦ ὑμῖν τοῦ
					Ἀνδροκλείδου, παρʼ ᾧ εἰσιν αἱ συνθῆκαι κείμεναι μαρτυρίαν ἀναγνώσεται. λέγε τὴν
						μαρτυρίαν.<quote n="*marturi/a"><title>Μαρτυρία</title></quote>
				</p>
			</div>
			<div type="section" n="48">
				<p>ἕτερον δʼ, ὦ ἄνδρες δικασταί, σκέψασθε ὃ διαπέπρακται. ἐγὼ γὰρ τοῦτον
					προὐκαλεσάμην καὶ ἠξίωσα ἀκολουθῆσαι ὡς Ἀνδροκλείδην, παρʼ ᾧ κεῖνται αἱ
					συνθῆκαι, καὶ κοινῇ ἐκγραψαμένους ἡμᾶς τὰς συνθήκας πάλιν σημήνασθαι, τὰ δὲ
					ἀντίγραφα ἐμβαλέσθαι εἰς τὸν ἐχῖνον, ὅπως ἂν μηδεμία ὑποψία ᾖ, ἀλλʼ ὑμεῖς ἅπαντα
					καλῶς καὶ δικαίως ἀκούσαντες γνῶτε ὅ τι ἂν ὑμῖν δικαιότατον δοκῇ εἶναι. </p>
			</div>
			<div type="section" n="49">
				<p>ταῦτα ἐμοῦ προκαλουμένου οὐκ ἠθέλησεν τούτων οὐδὲν ποιῆσαι, ἀλλʼ οὕτω
					πεφιλοσόφηκεν ὥστε μὴ εἶναι ὑμᾶς ἀκοῦσαι τῶν συνθηκῶν ἐκ τῶν κοινῶν γραμμάτων.
					καὶ ὅτι ταῦτα προὐκαλούμην, τούτων ὑμῖν μαρτυρίαν ἀναγνώσεται ὧν ἐναντίον
					προὐκαλούμην. λέγε τὴν μαρτυρίαν.<quote n="*marturi/a"
						><title>Μαρτυρία</title></quote>
				</p>
			</div>
			<div type="section" n="50">
				<p>πῶς ἂν οὖν μᾶλλον καταφανὴς γένοιτο ἄνθρωπος, ὅτι δικαίως μὲν οὐδὲν βούλεται πρός
					με πράττειν, ἀποστερήσειν δʼ οἴεται ἃ προσήκει ἐμοὶ λαβεῖν, προφάσεις λέγων καὶ
					ἐγκλήματα ἐγκαλῶν, τὰς δὲ συνθήκας, ἅς φησί με παραβεβηκέναι, οὐκ ᾠήθη δεῖν ὑμᾶς
					ἀκοῦσαι; ἐγὼ δὲ τότε μὲν ἐναντίον τῶν μαρτύρων τῶν παραγενομένων προὐκαλεσάμην,
					νυνὶ δὲ καὶ ὑμῶν ἐναντίον τῶν δικαστῶν πάλιν προκαλοῦμαι, καὶ ἀξιῶ συγχωρεῖν
					αὐτὸν καὶ ἐγὼ συγχωρῶ ἀνοιχθῆναι τὰς συνθήκας ἐνταυθὶ ἐπὶ τοῦ δικαστηρίου, καὶ
					ἀκοῦσαι ὑμᾶς, καὶ πάλιν σημανθῆναι ἐναντίον ὑμῶν. </p>
			</div>
			<div type="section" n="51">
				<p>Ἀνδροκλείδης δὲ οὑτοσὶ πάρεστιν. ἐγὼ γὰρ αὐτῷ ἐπήγγειλα ἥκειν ἔχοντι τὰς
					συνθήκας. καὶ συγχωρῶ, ὦ ἄνδρες δικασταί, ἐν τῷ τούτου λόγῳ ἢ ἐν τῷ προτέρῳ ἢ ἐν
					τῷ ὑστέρῳ ἀνοιχθῆναι· οὐδὲν γάρ μοι διαφέρει. ὑμᾶς δὲ βούλομαι ἀκοῦσαι τὰς
					συνθήκας καὶ τοὺς ὅρκους, οὓς ὠμόσαμεν ἀλλήλοις ἐγὼ καὶ Ὀλυμπιόδωρος οὑτοσί. καὶ
					εἰ μὲν συγχωρεῖ, ἔστω ταῦτα, καὶ ὑμεῖς ἀκούετε, ἐπειδὰν τούτῳ δοκῇ· ἐὰν δὲ μὴ
					ʼθέλῃ ταῦτα ποιεῖν, οὐκ ἤδη καταφανὴς ἔσται, ὦ ἄνδρες δικασταί, ὅτι
					ἀναισχυντότατός ἐστιν ἀνθρώπων ἁπάντων, καὶ δικαίως οὐδʼ ἂν ὁτιοῦν ἀποδέχοισθε
					τούτου ὡς ὑγιές τι λέγοντος; </p>
			</div>
			<div type="section" n="52">
				<p>ἀλλὰ τί ταῦτα σπουδάζω; οὐδὲ γὰρ αὐτὸς ἀγνοεῖ ταῦτα οὗτος, ὅτι ἀδικεῖ μὲν ἐμέ,
					ἀδικεῖ δὲ τοὺς θεοὺς οὓς ὤμοσεν, καὶ ἐπιορκεῖ. ἀλλὰ διέφθαρται, ὦ ἄνδρες
					δικασταί, καὶ παραφρονεῖ. ἀνιῶμαι μὲν οὖν καὶ αἰσχύνομαι, ὦ ἄνδρες δικασταί, οἷς
					μέλλω λέγειν πρὸς ὑμᾶς, ἐξ ἀνάγκης δέ μοί ἐστιν εἰπεῖν, ὅπως ἂν ὑμεῖς οἱ τὴν
					ψῆφον ἔχοντες ἀκούσαντες ἅπαντα, βουλεύσησθε ὅ τι ἂν ὑμῖν δοκῇ βέλτιστον εἶναι
					περὶ ἡμῶν. </p>
			</div>
			<div type="section" n="53">
				<p>ὧν δὲ μέλλω λέγειν, οὗτος αἴτιός ἐστιν οὐκ ἐθέλων ἐν τοῖς οἰκείοις περὶ τούτων
					πρός με διαλύσασθαι, ἀλλʼ ἀναισχυντῶν. Ὀλυμπιόδωρος γὰρ οὑτοσί, ὦ ἄνδρες
					δικασταί, γυναῖκα μὲν ἀστὴν κατὰ τοὺς νόμους τοὺς ὑμετέρους οὐδεπώποτε ἔγημεν,
					οὐδʼ εἰσὶν αὐτῷ παῖδες οὐδὲ ἐγένοντο, ἑταίραν δὲ λυσάμενος ἔνδον ἔχει, καὶ αὕτη
					ἐστὶν ἡ λυμαινομένη ἅπαντας ἡμᾶς καὶ ποιοῦσα τουτονὶ περαιτέρω μαίνεσθαι. </p>
			</div>
			<div type="section" n="54">
				<p>πῶς γὰρ οὐ μαίνεται ὅστις οἴεται δεῖν, ἃ μὲν ὡμολόγησεν καὶ συνέθετο ἑκὼν πρὸς
					ἑκόντα καὶ ὤμοσεν, τούτων μὲν μηδʼ ὁτιοῦν ποιεῖν, καὶ ταῦτα ἐμοῦ σπουδάζοντος
					οὐχ ὑπὲρ ἐμαυτοῦ μόνον, ἀλλὰ καὶ ὑπὲρ τῆς τούτου ἀδελφῆς <add>τῆς</add>
					ὁμοπατρίας καὶ ὁμομητρίας, ἣ ἐμοὶ συνοικεῖ, καὶ ὑπὲρ τῆς τούτου ἀδελφιδῆς,
					θυγατρὸς δὲ ἐμῆς; αὗται γάρ εἰσιν αἱ ἀδικούμεναι οὐχ ἧττον ἐμοῦ, ἀλλὰ καὶ
					μᾶλλον. </p>
			</div>
			<div type="section" n="55">
				<p>πῶς γὰρ οὐκ ἀδικοῦνται ἢ πῶς οὐ δεινὰ πάσχουσιν, ἐπειδὰν ὁρῶσι τὴν μὲν τούτου
					ἑταίραν περαιτέρω τοῦ καλῶς ἔχοντος καὶ χρυσία πολλὰ ἔχουσαν καὶ ἱμάτια καλά,
					καὶ ἐξόδους λαμπρὰς ἐξιοῦσαν, καὶ ὑβρίζουσαν ἐκ τῶν ἡμετέρων, αὐταὶ δὲ
					καταδεεστέρως περὶ ταῦτα ἔχωσιν ἅπαντα, πῶς οὐκ ἐκεῖναι μᾶλλον ἔτι ἀδικοῦνται ἢ
					ἐγώ; οὗτος δὲ πῶς οὐ καταφανῶς μαίνεται καὶ παραφρονεῖ, τοιαῦτα περὶ αὑτοῦ
					βουλευόμενος; ἵνα δὲ μὴ φάσκῃ, ὦ ἄνδρες δικασταί, ἐπὶ διαβολῇ ταῦτα λέγειν με
					τοῦ ἀγῶνος ἕνεκα τουτουί, μαρτυρίαν ὑμῖν ἀναγνώσεται τῶν τούτου οἰκείων καὶ
						ἐμῶν.<quote n="*marturi/a"><title>Μαρτυρία</title></quote>
				</p>
			</div>
			<div type="section" n="56">
				<p>Ὀλυμπιόδωρος μὲν οὑτοσὶ τοιοῦτός ἐστιν ἄνθρωπος, οὐ μόνον ἄδικος, ἀλλὰ καὶ
					μελαγχολᾶν δοκῶν ἅπασιν τοῖς οἰκείοις καὶ τοῖς γνωρίμοις τῇ προαιρέσει τοῦ βίου,
					καὶ ὅπερ Σόλων ὁ νομοθέτης λέγει, παραφρονῶν ὡς οὐδεὶς πώποτε παρεφρόνησεν
					ἀνθρώπων, γυναικὶ πειθόμενος πόρνῃ. καὶ ἄκυρά γε ταῦτα πάντα ἐνομοθέτησεν εἶναι
					ὁ Σόλων, ὅ τι ἄν τις γυναικὶ πειθόμενος πράττῃ, ἄλλως τε καὶ τοιαύτῃ. </p>
			</div>
			<div type="section" n="57">
				<p>περὶ μὲν οὖν τούτων καλῶς ὁ νομοθέτης ἐπεμελήθη, ἐγὼ δὲ ὑμῶν δέομαι, καὶ οὐ μόνον
					ἐγώ, ἀλλὰ καὶ ἡ ἐμὴ γυνή, Ὀλυμπιοδώρου δὲ τουτουὶ ἀδελφή, καὶ ἡ θυγάτηρ ἡ ἐμή,
					Ὀλυμπιοδώρου δὲ τουτουὶ ἀδελφιδῆ, ἱκετεύομεν ὑμᾶς καὶ ἀντιβολοῦμεν, ὦ ἄνδρες
					δικασταί, ἅπαντες ἡμεῖς (νομίσατε </p>
			</div>
			<div type="section" n="58">
				<p>γὰρ ἐκείνας ἐνθάδε παρεῖναι) μάλιστα μὲν τουτονὶ Ὀλυμπιόδωρον πεῖσαι μὴ ἀδικεῖν
					ἡμᾶς, ἐὰν δʼ ἄρα μὴ ʼθέλῃ πείθεσθαι, ὑμᾶς μεμνημένους ἁπάντων τῶν εἰρημένων
					ψηφίζεσθαι ὅ τι ἂν ὑμῖν δοκῇ βέλτιστον καὶ δικαιότατον εἶναι. καὶ ταῦτα
					ποιοῦντες τά τε δίκαια γνώσεσθε καὶ τὰ συμφέροντα ἡμῖν ἅπασιν, οὐχ ἥκιστα δὲ
					Ὀλυμπιοδώρῳ αὐτῷ τουτῳί.</p>
			</div>

		</body>
	</text>
</TEI>
