<?xml version="1.0" encoding="UTF-8"?>
<TEI xmlns="http://www.tei-c.org/ns/1.0">
	<teiHeader>
		<fileDesc>

			<titleStmt>
				<title>Apollodorus Against Stephanus 1 </title>
				<author>Demosthenes</author>
				<sponsor>Perseus Project, Tufts University</sponsor>
				<principal>Gregory Crane</principal>
				<respStmt>
					<resp>Prepared under the supervision of</resp>
					<name>Lisa Cerrato</name>
					<name>William Merrill</name>
					<name>Elli Mylonas</name>
					<name>David Smith</name>
				</respStmt>
				<funder n="org:AnnCPB">The Annenberg CPB/Project</funder>

			</titleStmt>
			<publicationStmt>
				<publisher>Trustees of Tufts University</publisher>
				<pubPlace>Medford, MA</pubPlace>
				<authority>Perseus Project</authority>
			</publicationStmt>





			<sourceDesc>
				<biblStruct>
					<monogr>
						<author>Demosthenes</author>
						<title>Demosthenis.Orationes. ed. W. Rennie</title>

						<imprint>
							<publisher>Oxonii.e Typographeo Clarendoniano</publisher>
							<date>1931</date>
						</imprint>
					</monogr>
				</biblStruct>
			</sourceDesc>


		</fileDesc>

		<encodingDesc>

			<refsDecl>
				<refState unit="speech"/>
				<refState unit="section"/>
			</refsDecl>
		</encodingDesc>

		<profileDesc>
			<langUsage>
				<language ident="greek">Greek </language>
				<language ident="en">English </language>
			</langUsage>
		</profileDesc>
	</teiHeader>
	<text xml:lang="grc">
		<body>

			<div type="section" n="1">
				<p><milestone unit="para" ed="P"/>καταψευδομαρτυρηθείς, ὦ ἄνδρες Ἀθηναῖοι, καὶ παθὼν
					ὑπὸ Φορμίωνος ὑβριστικὰ καὶ δεινά, δίκην παρὰ τῶν αἰτίων ἥκω ληψόμενος παρʼ
					ὑμῖν. δέομαι δὲ πάντων ὑμῶν καὶ ἱκετεύω καὶ ἀντιβολῶ πρῶτον μὲν εὐνοϊκῶς ἀκοῦσαί
					μου (μέγα γὰρ τοῖς ἠτυχηκόσιν, ὥσπερ ἐγώ, δυνηθῆναι περὶ ὧν πεπόνθασιν εἰπεῖν
					καὶ εὐμενῶς ἐχόντων ὑμῶν ἀκροατῶν τυχεῖν), εἶτʼ ἐὰν ἀδικεῖσθαι δοκῶ, βοηθῆσαί
					μοι τὰ δίκαια. </p>
			</div>
			<div type="section" n="2">
				<p>ἐπιδείξω δʼ ὑμῖν τουτονὶ Στέφανον καὶ μεμαρτυρηκότα <add>τὰ</add> ψευδῆ, καὶ διʼ
					αἰσχροκερδίαν τοῦτο πεποιηκότα, καὶ κατήγορον αὐτὸν αὑτοῦ γιγνόμενον· τοσαύτη
					περιφάνεια τοῦ πράγματός ἐστιν. ἐξ ἀρχῆς δʼ ὡς ἂν οἷός τʼ ὦ διὰ βραχυτάτων
					εἰπεῖν πειράσομαι τὰ πεπραγμένα μοι πρὸς Φορμίωνα, ἐξ ὧν ἀκούσαντες τήν τʼ
					ἐκείνου πονηρίαν καὶ τούτους, ὅτι τὰ ψευδῆ μεμαρτυρήκασιν, γνώσεσθε. </p>
			</div>
			<div type="section" n="3">
				<p>ἐγὼ γάρ, ὦ ἄνδρες δικασταί, πολλῶν χρημάτων ὑπὸ τοῦ πατρὸς καταλειφθέντων μοι,
					καὶ ταῦτα Φορμίωνος ἔχοντος, καὶ ἔτι πρὸς τούτοις τὴν μητέρα γήμαντος τὴν ἐμὴν
					ἀποδημοῦντος ἐμοῦ δημοσίᾳ τριηραρχοῦντος ὑμῖν (ὃν τρόπον δέ, οὐκ ἴσως καλὸν υἱεῖ
					περὶ μητρὸς ἀκριβῶς εἰπεῖν), ἐπειδὴ καταπλεύσας ᾐσθόμην καὶ τὰ πεπραγμένʼ εἶδον,
					πόλλʼ </p>
			</div>
			<div type="section" n="4">
				<p>ἀγανακτήσας καὶ χαλεπῶς ἐνεγκὼν δίκην μὲν οὐχ οἷός τʼ ἦν ἰδίαν λαχεῖν (οὐ γὰρ
					ἦσαν ἐν τῷ τότε καιρῷ δίκαι, ἀλλʼ ἀνεβάλλεσθʼ ὑμεῖς διὰ τὸν πόλεμον), γραφὴν δʼ
					ὕβρεως γράφομαι πρὸς τοὺς θεσμοθέτας αὐτόν. χρόνου δὲ γιγνομένου, καὶ τῆς μὲν
					γραφῆς ἐκκρουομένης, δικῶν δʼ οὐκ οὐσῶν, γίγνονται παῖδες ἐκ τούτου τῇ μητρί.
					καὶ μετὰ ταῦτα (εἰρήσεται γὰρ ἅπασα πρὸς ὑμᾶς ἡ ἀλήθειʼ, ὦ ἄνδρες δικασταί)
					πολλοὶ μὲν καὶ φιλάνθρωποι λόγοι παρὰ τῆς μητρὸς ἐγίγνοντο καὶ δεήσεις ὑπὲρ
					Φορμίωνος τουτουί, πολλοὶ δὲ καὶ μέτριοι καὶ ταπεινοὶ παρʼ αὐτοῦ τούτου. </p>
			</div>
			<div type="section" n="5">
				<p>ἵνα δʼ, ὦ ἄνδρες Ἀθηναῖοι, συντέμω ταῦτα, ἐπειδὴ ποιεῖν τʼ οὐδὲν ᾤετο δεῖν ὧν
					τόθʼ ὡμολόγησεν, καὶ τὰ χρήματʼ ἀποστερεῖν ἐνεχείρησεν ἃ τῆς τραπέζης εἶχεν
					ἀφορμήν, δίκην ἠναγκάσθην αὐτῷ λαχεῖν, ἐπειδὴ τάχιστʼ ἐξουσία ἐγένετο. γνοὺς δʼ
					οὗτος ὅτι πάντʼ ἐξελεγχθήσεται καὶ κάκιστος ἀνθρώπων περὶ ἡμᾶς γεγονὼς
					ἐπιδειχθήσεται, μηχανᾶται καὶ κατασκευάζει ταῦτα, ἐφʼ οἷς Στέφανος οὑτοσὶ τὰ
					ψευδῆ μου κατεμαρτύρησε. καὶ πρῶτον μὲν παρεγράψατο τὴν δίκην <del>ἣν ἔφευγεν
						Φορμίων</del> μὴ εἰσαγώγιμον εἶναι· ἔπειτα μάρτυρας, ὡς ἀφῆκʼ αὐτὸν τῶν
					ἐγκλημάτων, παρέσχετο ψευδεῖς, καὶ μισθώσεώς τινος ἐσκευωρημένης καὶ διαθήκης
					οὐδεπώποτε γενομένης. </p>
			</div>
			<div type="section" n="6">
				<p>προλαβὼν δέ μου ὥστε πρότερος λέγειν διὰ τὸ παραγραφὴν εἶναι καὶ μὴ εὐθυδικίᾳ
					εἰσιέναι, καὶ ταῦτʼ ἀναγνοὺς καὶ τἄλλʼ ὡς αὑτῷ συμφέρειν ἡγεῖτο ψευσάμενος, οὕτω
					διέθηκε τοὺς δικαστάς, ὥστε φωνὴν μηδʼ ἡντινοῦν ἐθέλειν ἀκούειν ἡμῶν· προσοφλὼν
					δὲ τὴν ἐπωβελίαν καὶ οὐδὲ λόγου τυχεῖν ἀξιωθείς, ἀλλʼ ὑβρισθεὶς ὡς οὐκ οἶδʼ εἴ
					τις πώποτʼ ἄλλος ἀνθρώπων, ἀπῄειν βαρέως, ὦ ἄνδρες Ἀθηναῖοι, καὶ χαλεπῶς φέρων.
				</p>
			</div>
			<div type="section" n="7">
				<p>λόγον δʼ ἐμαυτῷ διδοὺς εὑρίσκω τοῖς δικάσασι μὲν τότε πολλὴν συγγνώμην οὖσαν (ἐγὼ
					γὰρ αὐτὸς οὐκ ἂν οἶδʼ ὅ τι ἄλλʼ εἶχον ψηφίσασθαι, τῶν πεπραγμένων μὲν μηδὲν
					εἰδώς, τὰ δὲ μαρτυρούμενʼ ἀκούων), τούτους δʼ ἀξίους ὄντας ὀργῆς, οἳ τῷ τὰ ψευδῆ
					μαρτυρεῖν αἴτιοι τούτων ἐγένοντο. περὶ μὲν δὴ τῶν ἄλλων τῶν μεμαρτυρηκότων, ὅταν
					πρὸς ἐκείνους εἰσίω, τότʼ ἐρῶ· περὶ ὧν δʼ οὑτοσὶ Στέφανος μεμαρτύρηκεν, ἤδη
					πειράσομαι διδάσκειν ὑμᾶς. </p>
			</div>
			<div type="section" n="8">
				<p>λαβὲ δʼ αὐτὴν τὴν μαρτυρίαν καὶ ἀνάγνωθί μοι, ἵνʼ ἐξ αὐτῆς ἐπιδεικνύω. λέγε· σὺ
					δʼ ἐπίλαβε τὸ ὕδωρ.<quote n="*marturi/a"><title>Μαρτυρία</title><p>στέφανος
							Μενεκλέους Ἀχαρνεύς, Ἔνδιος Ἐπιγένους Λαμπτρεύς, Σκύθης Ἁρματέως
							Κυδαθηναιεὺς μαρτυροῦσι παρεῖναι πρὸς τῷ διαιτητῇ Τεισίᾳ Ἀχαρνεῖ, ὅτε
							προὐκαλεῖτο Φορμίων Ἀπολλόδωρον, εἰ μή φησιν ἀντίγραφα εἶναι τῶν
							διαθηκῶν τῶν Πασίωνος τὸ γραμματεῖον ὃ ἐνεβάλετο Φορμίων εἰς τὸν ἐχῖνον,
							ἀνοίγειν τὰς διαθήκας τὰς Πασίωνος, ἃς παρεῖχε πρὸς τὸν διαιτητὴν Ἀμφίας
							ὁ Κηφισοφῶντος κηδεστής· Ἀπολλόδωρον δὲ οὐκ ἐθέλειν ἀνοίγειν· εἶναι δὲ
							τάδε ἀντίγραφα τῶν διαθηκῶν τῶν Πασίωνος.</p></quote>
				</p>
			</div>
			<div type="section" n="9">
				<p>ἠκούσατε μὲν τῆς μαρτυρίας, ὦ ἄνδρες δικασταί, νομίζω δʼ ὑμᾶς, εἰ καὶ μηδὲν τῶν
					ἄλλων αἰσθάνεσθέ πω, τοῦτό γʼ αὐτὸ θαυμάζειν, τὸ τὴν μὲν ἀρχὴν τῆς μαρτυρίας
					εἶναι πρόκλησιν, τὴν δὲ τελευτὴν διαθήκην. οὐ μὴν ἀλλʼ ἔγωγʼ οἶμαι δεῖν,
					ἐπειδάν, ὃ τῶν μεμαρτυρημένων ὡσπερεὶ κεφάλαιόν ἐστιν, ἐπιδείξω ψεῦδος ὄν,
					τηνικαῦτʼ ἤδη καὶ περὶ τῶν τοιούτων ποιεῖσθαι τοὺς λόγους. </p>
			</div>
			<div type="section" n="10">
				<p>ἔστι δὴ μεμαρτυρημένον αὐτοῖς προκαλεῖσθαι Φορμίωνʼ ἀνοίγειν τὰς διαθήκας, ἃς
					παρέχειν πρὸς τὸν διαιτητὴν Τεισίαν Ἀμφίαν τὸν Κηφισοφῶντος κηδεστήν· ἐμὲ δʼ οὐκ
					ἐθέλειν ἀνοίγειν· εἶναι δʼ ἃς αὐτοὶ μεμαρτυρήκασιν διαθήκας ἀντιγράφους ἐκείνων.
					εἶθʼ ἡ διαθήκη γέγραπται. </p>
			</div>
			<div type="section" n="11">
				<p>ἐγὼ τοίνυν περὶ μὲν τοῦ προκαλεῖσθαί με ἢ μὴ ταῦτα Φορμίωνα, οὐδέν πω λέγω, οὐδʼ
					ὑπὲρ τοῦ τὰς διαθήκας ἀληθεῖς ἢ ψευδεῖς εἶναι, ἀλλʼ αὐτίχʼ ὑμᾶς περὶ τούτων
					διδάξω· ἀλλʼ ἃ μεμαρτυρήκασι, μή μʼ ἐθέλειν τὸ γραμματεῖον ἀνοίγειν, ὡδὶ δὴ
					σκοπεῖτε. τοῦ τις ἂν εἵνεκʼ ἔφευγεν ἀνοίγειν τὸ γραμματεῖον; ἵνʼ ἡ διαθήκη νὴ
					Δία μὴ φανερὰ γένοιτο τοῖς δικασταῖς. </p>
			</div>
			<div type="section" n="12">
				<p>εἰ μὲν τοίνυν μὴ προσεμαρτύρουν τῇ προκλήσει τὴν διαθήκην οὗτοι, λόγον εἶχέ τινʼ
					ἂν τὸ φεύγειν ἔμʼ ἀνοίγειν τὸ γραμματεῖον· προσμαρτυρούντων δὲ τούτων καὶ τῶν
					δικαστῶν ὁμοίως ἀκουσομένων, τί ἦν μοι κέρδος τὸ μὴ ʼθέλειν; οὐδὲ ἓν δήπου. αὐτὸ
					γὰρ τοὐναντίον, ὦ ἄνδρες Ἀθηναῖοι, κἂν εἰ μηδὲν προὐκαλοῦνθʼ οὗτοι, λόγῳ δʼ
					ἐχρῶντο μόνον, καὶ παρεῖχέν τις αὐτοῖς γραμματεῖον ὡς διαθήκην, </p>
			</div>
			<div type="section" n="13">
				<p>ἐμὸν ἦν τὸ προκαλεῖσθαι καὶ κελεύειν ἀνοίγειν ταύτην, ἵνʼ εἰ μὲν ἄλλʼ ἄττα τῶν
					ὑπὸ τούτων μεμαρτυρημένων ἦν τἀκεῖ γεγραμμένα, μάρτυρας εὐθὺς τῶν περιεστηκότων
					πολλοὺς ποιησάμενος τεκμηρίῳ τούτῳ καὶ περὶ τῶν ἄλλων, ὡς κατασκευάζουσιν,
					ἐχρώμην· εἰ δὲ ταὔτʼ ἐνῆν, τὸν παρασχόντʼ αὐτὸν ἠξίουν μαρτυρεῖν. ἐθελήσαντος
					μέν γʼ ὑπεύθυνον ἐλάμβανον, εἰ δʼ ἔφευγε, πάλιν αὐτὸ τοῦθʼ ἱκανὸν τεκμήριον ἦν
					μοι τοῦ πεπλάσθαι τὸ πρᾶγμα. καὶ δὴ καὶ συνέβαινεν ἐκείνως μὲν ἕνʼ εἶναι πρὸς ὃν
					τὰ πράγματʼ ἐγίγνετό μοι, ὡς δʼ οὗτοι μεμαρτυρήκασι, πρὸς πολλούς. ἔστιν οὖν
					ὅστις <add>ἂν</add> ὑμῶν ταῦθʼ εἵλετο; ἐγὼ μὲν οὐδένʼ ἡγοῦμαι. </p>
			</div>
			<div type="section" n="14">
				<p>οὐ τοίνυν οὐδὲ κατʼ ἄλλου πιστεύειν ἐστὲ δίκαιοι. καὶ γάρ, ὦ ἄνδρες Ἀθηναῖοι,
					ὅσοις μὲν πρόσεστιν ὀργὴ τῶν πραττομένων ἢ λῆμμά τι κέρδους ἢ παροξυσμὸς ἢ
					φιλονικία, ταῦτα μὲν ἄλλος ἂν ἄλλως πράξειε πρὸς τὸν αὑτοῦ τρόπον· ὅσοις δὲ
					τούτων μὲν μηδέν, λογισμὸς δʼ ἐφʼ ἡσυχίας τοῦ συμφέροντος, τίς οὕτως ἄφρων ὅστις
					ἂν τὰ συνοίσοντʼ ἀφείς, ἐξ ὧν κάκιον ἔμελλεν ἀγωνιεῖσθαι, ταῦτʼ ἔπραξεν; ἃ γὰρ
					οὔτʼ εἰκότʼ οὔτʼ εὔλογʼ οὔτʼ ἂν ἔπραξεν οὐδείς, ταῦθʼ οὗτοι μεμαρτυρήκασιν περὶ
					ἡμῶν. </p>
			</div>
			<div type="section" n="15">
				<p>οὐ τοίνυν μόνον ἐξ ὧν ἐμὲ μὴ ʼθέλειν τὸ γραμματεῖον ἀνοίγειν μεμαρτυρήκασι, γνοίη
					τις ἂν αὐτοὺς ὅτι ψεύδονται, ἀλλὰ καὶ ἐκ τοῦ πρόκλησιν ὁμοῦ διαθήκῃ μαρτυρεῖν.
					οἶμαι γὰρ ἅπαντας ὑμᾶς εἰδέναι, ὅτι ὅσα μὴ δυνατὸν πρὸς ὑμᾶς ἀγαγεῖν ἐστι τῶν
					πεπραγμένων, τούτων προκλήσεις ηὑρέθησαν. </p>
			</div>
			<div type="section" n="16">
				<p>οἷον βασανίζειν οὐκ ἔστιν ἐναντίον ὑμῶν· ἀνάγκη τούτου πρόκλησιν εἶναι. οἷον εἴ
					τι πέπρακται καὶ γέγονεν ἔξω που τῆς χώρας, ἀνάγκη καὶ τούτου πρόκλησιν εἶναι,
					πλεῖν ἢ βαδίζειν οὗ τὸ πρᾶγμʼ ἐπράχθη· καὶ τῶν ἄλλων τῶν τοιούτων. ὅπου δʼ αὐτὰ
					τὰ πράγματʼ ἐφʼ αὑτῶν ἔστιν ὑμῖν ἐμφανῆ ποιῆσαι, τί ἦν ἁπλούστερον ἢ ταῦτʼ ἄγειν
					εἰς μέσον; </p>
			</div>
			<div type="section" n="17">
				<p>Ἀθήνησιν μὲν τοίνυν ὁ πατὴρ ἐτελεύτησεν οὑμός, ἐγίγνετο δʼ ἡ δίαιτʼ ἐν τῇ ποικίλῃ
					στοᾷ, μεμαρτυρήκασι δʼ οὗτοι παρέχειν τὸ γραμματεῖον Ἀμφίαν πρὸς τὸν διαιτητήν.
					οὐκοῦν εἴπερ ἀληθὲς ἦν, ἐχρῆν αὐτὸ τὸ γραμματεῖον εἰς τὸν ἐχῖνον ἐμβαλεῖν καὶ
					τὸν παρέχοντα μαρτυρεῖν, ἵνʼ ἐκ τῆς ἀληθείας καὶ τοῦ τὰ σημεῖʼ ἰδεῖν οἱ μὲν
					δικασταὶ τὸ πρᾶγμʼ ἔγνωσαν, ἐγὼ δʼ εἴ τις ἠδίκει με, ἐπὶ τοῦτον ᾖα. </p>
			</div>
			<div type="section" n="18">
				<p>νῦν δʼ εἷς μὲν οὐδεὶς ὅλον τὸ πρᾶγμʼ ἀνεδέξατο, οὐδὲ μεμαρτύρηκεν ἁπλῶς, ὡς ἄν
					τις τἀληθῆ μαρτυρήσειεν, μέρος δʼ ἕκαστος, ὡς δὴ σοφὸς καὶ διὰ τοῦτʼ οὐ δώσων
					δίκην, ὁ μὲν γραμματεῖον ἔχειν ἐφʼ ᾧ γεγράφθαι <q>διαθήκη Πασίωνος</q>, ὁ δὲ
					πεμφθεὶς ὑπὸ τούτου παρέχειν τοῦτο, εἰ δʼ ἀληθὲς ἢ ψεῦδος, οὐδὲν εἰδέναι. </p>
			</div>
			<div type="section" n="19">
				<p>οἱδὶ δὲ τῇ προκλήσει χρησάμενοι παραπετάσματι διαθήκας ἐμαρτύρησαν, ὡς ἂν μάλισθʼ
					οἱ <add>μὲν</add> δικασταὶ ταύτην τὴν διαθήκην ἐπίστευσαν τοῦ πατρὸς εἶναι, ἐγὼ
					δʼ ἀπεκλείσθην τοῦ λόγου τυχεῖν ὑπὲρ ὧν ἀδικοῦμαι, οὗτοι δὲ φωραθεῖεν τὰ ψευδῆ
					μεμαρτυρηκότες. καίτοι τό γʼ ἐναντίον ᾤοντο τούτου. ἵνα δʼ εἰδῆτε ταῦθʼ ὅτι
					ἀληθῆ λέγω, λαβὲ τὴν τοῦ Κηφισοφῶντος μαρτυρίαν.<quote n="*marturi/a"
							><title>Μαρτυρία</title><milestone unit="para" ed="P"/><p>Κηφισοφῶν
							Κεφαλίωνος Ἀφιδναῖος μαρτυρεῖ καταλειφθῆναι αὑτῷ ὑπὸ τοῦ πατρὸς
							γραμματεῖον, ἐφʼ ᾧ ἐπιγεγράφθαι <q>διαθήκη Πασίωνος</q>.</p></quote>
				</p>
			</div>
			<div type="section" n="20">
				<p>οὐκοῦν ἦν ἁπλοῦν, ὦ ἄνδρες δικασταί, τὸν ταῦτα μαρτυροῦντα προσμαρτυρῆσαι
						<q>εἶναι δὲ τὸ γραμματεῖον, ὃ αὐτὸς παρέχει, τοῦτο</q>, καὶ τὸ γραμματεῖον
					ἐμβαλεῖν. ἀλλὰ τοῦτο μὲν οἶμαι τὸ ψεῦδος ἡγεῖτʼ ὀργῆς ἄξιον, καὶ δίκην ἂν ὑμᾶς
					παρʼ αὑτοῦ λαβεῖν, γραμματεῖον δʼ αὑτῷ καταλειφθῆναι μαρτυρῆσαι φαῦλον καὶ
					οὐδέν. ἔστι δὲ τοῦτʼ αὐτὸ τὸ δηλοῦν καὶ κατηγοροῦν ὅτι πᾶν τὸ πρᾶγμα
					κατεσκευάκασιν. </p>
			</div>
			<div type="section" n="21">
				<p>εἰ μὲν γὰρ ἐπῆν ἐπὶ τῆς διαθήκης <q>Πασίωνος καὶ Φορμίωνος</q>, ἢ <q>πρὸς
						Φορμίωνα</q>, ἢ τοιοῦτό τι, εἰκότως ἂν αὐτὴν ἐτήρει τούτῳ· εἰ δέ, ὥσπερ
					μεμαρτύρηκεν, ἐπῆν <q>διαθήκη Πασίωνος</q>, πῶς οὐκ ἂν ἀνῃρήμην αὐτὴν ἐγώ,
					συνειδὼς μὲν ἐμαυτῷ μέλλοντι δικάζεσθαι, συνειδὼς δʼ ὑπεναντίαν οὖσαν, εἴπερ ἦν
					τοιαύτη, τοῖς ἐμαυτῷ συμφέρουσιν, κληρονόμος δʼ ὢν καὶ ταύτης, εἴπερ ἦν τοὐμοῦ
					πατρός, καὶ τῶν ἄλλων <add>τῶν</add> πατρῴων ὁμοίως; </p>
			</div>
			<div type="section" n="22">
				<p>οὐκοῦν τῷ παρέχεσθαι μὲν Φορμίωνι, γεγράφθαι δὲ Πασίωνος, εἰᾶσθαι δʼ ὑφʼ ἡμῶν,
					ἐξελέγχεται κατεσκευασμένη μὲν ἡ διαθήκη, ψευδὴς δʼ ἡ τοῦ Κηφισοφῶντος μαρτυρία.
					ἀλλʼ ἐῶ Κηφισοφῶντα· οὔτε γὰρ νῦν μοι πρὸς ἐκεῖνόν ἐστιν οὔτʼ ἐμαρτύρησεν
					ἐκεῖνος περὶ τῶν ἐν ταῖς διαθήκαις ἐνόντων οὐδέν. </p>
			</div>
			<div type="section" n="23">
				<p>καίτοι καὶ τοῦτο σκοπεῖτε, ὅσον ἐστὶ τεκμήριον, ὦ ἄνδρες Ἀθηναῖοι, τοῦ τούτους τὰ
					ψευδῆ μεμαρτυρηκέναι. εἰ γὰρ ὁ μὲν αὐτὸς ἔχειν τὸ γραμματεῖον μαρτυρῶν οὐκ
					ἐτόλμησεν ἀντίγραφʼ εἶναι ἃ παρείχετο Φορμίων τῶν παρʼ αὑτῷ μαρτυρῆσαι, οὗτοι δʼ
					οὔτʼ ἐξ ἀρχῆς ὡς παρῆσαν ἔχοιεν ἂν εἰπεῖν, οὔτʼ ἀνοιχθὲν εἶδον πρὸς τῷ διαιτητῇ
					τὸ γραμματεῖον, ἀλλὰ καὶ μεμαρτυρήκασιν αὐτοὶ μὴ ʼθέλειν ἔμʼ ἀνοίγειν, ταῦθʼ ὡς
					ἀντίγραφʼ ἐστὶν ἐκείνων μεμαρτυρηκότες τί ἄλλʼ ἢ σφῶν αὐτῶν κατήγοροι γεγόνασιν
					ὅτι ψεύδονται; </p>
			</div>
			<div type="section" n="24">
				<p>ἔτι τοίνυν, ὦ ἄνδρες Ἀθηναῖοι, ὡς γέγραπταί τις ἂν ἐξετάσας τὴν μαρτυρίαν γνοίη
					παντελῶς τοῦτο μεμηχανημένους αὐτούς, ὅπως δικαίως καὶ ἀδίκως δόξει ταῦθʼ ὁ
					πατὴρ οὑμὸς διαθέσθαι. λαβὲ δʼ αὐτὴν τὴν μαρτυρίαν, καὶ λέγʼ ἐπισχὼν οὗ ἄν σε
					κελεύω, ἵνʼ ἐξ αὐτῆς δεικνύω.<quote n="*marturi/a"
							><title>Μαρτυρία</title><milestone unit="para" ed="P"/>μαρτυροῦσι
						παρεῖναι πρὸς τῷ διαιτητῇ Τεισίᾳ, ὅτε προὐκαλεῖτο Φορμίων Ἀπολλόδωρον, εἰ μή
						φησιν ἀντίγραφα εἶναι τῶν διαθηκῶν τῶν Πασίωνος—</quote>
				</p>
			</div>
			<div type="section" n="25">
				<p>ἐπίσχες.ἐνθυμεῖσθʼ ὅτι <q>τῶν διαθηκῶν</q> γέγραπται <q>τῶν Πασίωνος</q>. καίτοι
					χρῆν τοὺς βουλομένους τἀληθῆ μαρτυρεῖν, εἰ τὰ μάλιστʼ ἐγίγνεθʼ ἡ πρόκλησις, ὡς
					οὐκ ἐγίγνετο, ἐκείνως μαρτυρεῖν. λέγε τὴν μαρτυρίαν ἀπʼ ἀρχῆς πάλιν.<quote
						n="*marturi/a"><title>Μαρτυρία</title><p>μαρτυροῦσι παρεῖναι πρὸς τῷ
							διαιτητῇ Τεισίᾳ—</p></quote>Μαρτυροῦμεν· παρῆμεν γὰρ δή· λέγε.<quote
						n="continued">ὅτε προὐκαλεῖτο Φορμίων Ἀπολλόδωρον—</quote>Καὶ τοῦτο, εἴπερ
					προὐκαλεῖτο, ὀρθῶς ἂν ἐμαρτύρουν.<quote n="continued">εἰ μή φησιν ἀντίγραφα
						εἶναι τῶν διαθηκῶν τῶν Πασίωνος—</quote>
				</p>
			</div>
			<div type="section" n="26">
				<p>ἔχʼ αὐτοῦ.οὐδʼ ἂν εἷς ἔτι δήπου τοῦτʼ ἐμαρτύρησεν, εἰ μή τις καὶ παρῆν
					διατιθεμένῳ τῷ πατρὶ τῷ ἐμῷ· ἀλλʼ εὐθὺς ἂν εἶπε <q>τί δʼ ἡμεῖς ἴσμεν εἴ τινές
						εἰσι διαθῆκαι Πασίωνος;</q> καὶ γράφειν ἂν αὐτὸν ἠξίωσεν, ὥσπερ ἐν ἀρχῇ τῆς
					προκλήσεως <q>εἰ μή <emph>φημʼ ἐγὼ</emph> ἀντίγραφα εἶναι τῶν διαθηκῶν</q>,
					οὕτως <q>ὧν <emph>φησι Φορμίων</emph> Πασίωνα καταλιπεῖν</q>, οὐ <q>τῶν
						Πασίωνος</q>. τοῦτο μὲν γὰρ ἦν εἶναι διαθήκας μαρτυρεῖν, ὅπερ ἦν τούτοις
					βούλημα, ἐκεῖνο δὲ φάσκειν Φορμίωνα· πλεῖστον δὲ δήπου κεχώρισται τό τʼ εἶναι
					καὶ τὸ τοῦτον φάσκειν. </p>
			</div>
			<div type="section" n="27">
				<p>ἵνα τοίνυν εἰδῆθʼ ὑπὲρ ἡλίκων καὶ ὅσων ἦν τὸ κατασκεύασμα τὸ τῆς διαθήκης, μίκρʼ
					ἀκούσατέ μου. ἦν γάρ, ὦ ἄνδρες Ἀθηναῖοι, τοῦτο πρῶτον μὲν ὑπὲρ τοῦ μὴ δοῦναι
					δίκην ὧν διεφθάρκει, ἣν ἐμοὶ μὲν οὐ καλὸν λέγειν, ὑμεῖς δʼ ἴστε, κἂν ἐγὼ μὴ
					λέγω, ἔπειθʼ ὑπὲρ τοῦ κατασχεῖν ὅσʼ ἦν τῷ ἡμετέρῳ πατρὶ χρήματα παρὰ τῇ μητρί,
					πρὸς δὲ τούτοις ὑπὲρ τοῦ καὶ τῶν ἄλλων τῶν ἡμετέρων ἁπάντων κυρίῳ γενέσθαι. ὅτι
					δʼ οὕτω ταῦτʼ ἔχει, τῆς διαθήκης αὐτῆς ἀκούσαντες γνώσεσθε· φανήσεται γὰρ οὐ
					πατρὸς ὡς ὑπὲρ υἱέων γράφοντος ἐοικυῖα διαθήκῃ, ἀλλὰ δούλου λελυμασμένου τὰ τῶν
					δεσποτῶν, ὅπως μὴ δώσει δίκην σκοποῦντος. </p>
			</div>
			<div type="section" n="28">
				<p>λέγε δʼ αὐτοῖς τὴν διαθήκην αὐτήν, ἣν οὗτοι μετὰ τῆς προκλήσεως μεμαρτυρήκασιν·
					ὑμεῖς δʼ ἐνθυμεῖσθʼ ἃ λέγω.</p>
				<quote n="*diaqh/kh"><title>Διαθήκη</title><p>τάδε διέθετο Πασίων Ἀχαρνεύς· δίδωμι
						τὴν ἐμαυτοῦ γυναῖκα Ἀρχίππην Φορμίωνι, καὶ προῖκα ἐπιδίδωμι Ἀρχίππῃ τάλαντον
						μὲν τὸ ἐκ Πεπαρήθου, τάλαντον δὲ τὸ αὐτόθεν, συνοικίαν ἑκατὸν μνῶν,
						θεραπαίνας καὶ τὰ χρυσία, καὶ τἄλλα ὅσα ἐστὶν αὐτῇ ἔνδον, ἅπαντα ταῦτα
						Ἀρχίππῃ δίδωμι.</p></quote>
				<p>ἠκούσατʼ, ὦ ἄνδρες Ἀθηναῖοι, τὸ πλῆθος τῆς προικός, τάλαντον ἐκ Πεπαρήθου,
					τάλαντον αὐτόθεν, συνοικίαν ἑκατὸν μνῶν, θεραπαίνας καὶ χρυσία, καὶ τἄλλα,
					φησίν, ὅσʼ ἔστιν αὐτῇ δίδωμι, τούτῳ τῷ γράμματι καὶ τοῦ ζητῆσαί τι τῶν
					καταλειφθέντων ἀποκλείων ἡμᾶς. </p>
			</div>
			<div type="section" n="29">
				<p>φέρε δὴ δείξω τὴν μίσθωσιν ὑμῖν, καθʼ ἣν ἐμεμίσθωτο τὴν τράπεζαν παρὰ τοῦ πατρὸς
					οὗτος. καὶ γὰρ ἐκ ταύτης καίπερ ἐσκευωρημένης ὄψεσθʼ ὅτι πλάσμʼ ὅλον ἐστὶν ἡ
					διαθήκη. δείξω δʼ ἣν οὗτος παρέσχετο μίσθωσιν, οὐκ ἄλλην τινά, ἐν ᾗ
					προσγέγραπται ἕνδεκα τάλανθʼ ὁ πατὴρ ὀφείλων εἰς τὰς παρακαταθήκας τούτῳ. ἔστι
					δʼ οἶμαι ταῦτα τοιαῦτα. </p>
			</div>
			<div type="section" n="30">
				<p>τῶν μὲν οἴκοι χρημάτων ὡς ἐπὶ τῇ μητρὶ δοθέντων διὰ τῆς διαθήκης αὑτὸν ἐποίησε
					κύριον, ὥσπερ ἀκηκόατʼ ἄρτι, τῶν δʼ ἐπὶ τῆς τραπέζης ὄντων, ἃ πάντες ᾔδεσαν καὶ
					λαθεῖν οὐκ ἦν, διὰ τοῦ προσοφείλοντʼ ἀποφῆναι τὸν πατέρʼ ἡμῶν, ἵνα, ὅσʼ
					ἐξελέγχοιτʼ ἔχων, κεκομίσθαι φαίη. ὑμεῖς δʼ ἴσως αὐτὸν ὑπειλήφατε, ὅτι
					σολοικίζει τῇ φωνῇ, βάρβαρον καὶ εὐκαταφρόνητον εἶναι. ἔστι δὲ βάρβαρος οὗτος τῷ
					μισεῖν οὓς αὐτῷ προσῆκε τιμᾶν· τῷ δὲ κακουργῆσαι καὶ διορύξαι πράγματʼ οὐδενὸς
					λείπεται. </p>
			</div>
			<div type="section" n="31">
				<p>λαβὲ δὴ τὴν μίσθωσιν καὶ λέγε, ἣν τὸν αὐτὸν τρόπον διὰ προκλήσεως
						ἐνεβάλοντο.<quote n="*mi/sqwsis *trape/zhs"><title>Μίσθωσις
							Τραπέζης</title><p>κατὰ τάδε ἐμίσθωσε Πασίων τὴν τράπεζαν Φορμίωνι·
							μίσθωσιν φέρειν Φορμίωνα τῆς τραπέζης τοῖς παισὶ τοῖς Πασίωνος δύο
							τάλαντα καὶ τετταράκοντα μνᾶς τοῦ ἐνιαυτοῦ ἑκάστου, χωρὶς τῆς καθʼ
							ἡμέραν διοικήσεως· μὴ ἐξεῖναι δὲ τραπεζιτεῦσαι χωρὶς Φορμίωνι, ἐὰν μὴ
							πείσῃ τοὺς παῖδας τοὺς Πασίωνος. ὀφείλει δὲ Πασίων ἐπὶ τὴν τράπεζαν
							ἕνδεκα τάλαντα εἰς τὰς παρακαταθήκας.</p></quote>
				</p>
			</div>
			<div type="section" n="32">
				<p>ἃς μὲν τοίνυν παρέσχετο συνθήκας ὡς κατὰ ταύτας μισθωσάμενος τὴν τράπεζαν, αὗταί
					εἰσιν, ὦ ἄνδρες δικασταί. ἀκούετε δʼ ἐν ταύταις ἀναγιγνωσκομέναις μίσθωσιν μὲν
					φέρειν τοῦτον, ἄνευ τῆς καθʼ ἡμέραν διοικήσεως, δύο τάλαντα καὶ τετταράκοντα
					μνᾶς τοῦ ἐνιαυτοῦ ἑκάστου, μὴ ἐξεῖναι δὲ τραπεζιτεύειν αὐτῷ, ἐὰν μὴ ἡμᾶς πείσῃ.
					προσγέγραπται δὲ τελευταῖον <q>ὀφείλει δὲ Πασίων ἕνδεκα τάλαντα εἰς τὰς
						παρακαταθήκας</q>. </p>
			</div>
			<div type="section" n="33">
				<p>ἔστιν οὖν ὅστις ἂν τοῦ ξύλου καὶ τοῦ χωρίου καὶ τῶν γραμματείων τοσαύτην ὑπέμεινε
					φέρειν μίσθωσιν; ἔστι δʼ ὅστις ἄν, διʼ ὃν ὠφειλήκει τοσαῦτα χρήμαθʼ ἡ τράπεζα,
					τούτῳ τὰ λοίπʼ ἐπέτρεψεν; εἰ γὰρ ἐνεδέησεν τοσούτων χρημάτων, τούτου διοικοῦντος
					ἐνεδέησεν. ἴστε γὰρ πάντες, καὶ ὅτʼ ἦν ὁ πατὴρ ἐπὶ τοῦ τραπεζιτεύειν, τοῦτον
					καθήμενον καὶ διοικοῦντʼ ἐπὶ τῇ τραπέζῃ, ὥστʼ ἐν τῷ μυλῶνι προσῆκεν αὐτὸν εἶναι
					μᾶλλον ἢ τῶν λοιπῶν κύριον γενέσθαι. ἀλλʼ ἐῶ ταῦτα καὶ τἄλλʼ ὅσʼ ἂν περὶ τῶν
					ἕνδεκα ταλάντων ἔχοιμʼ εἰπεῖν, ὡς οὐκ ὤφειλεν ὁ πατήρ, ἀλλʼ οὗτος ὑφῄρηται. </p>
			</div>
			<div type="section" n="34">
				<p>ἀλλʼ οὗ ἀνέγνων εἵνεκα, τοῦ τὴν διαθήκην ψευδῆ δεῖξαι, τοῦθʼ ὑμᾶς ἀναμνήσω.
					γέγραπται γὰρ αὐτόθι, <q>μὴ ἐξεῖναι δὲ τραπεζιτεύειν Φορμίωνι, ἐὰν μὴ ἡμᾶς
						πείσῃ</q>. τοῦτο τοίνυν τὸ γράμμα παντελῶς δηλοῖ ψευδῆ τὴν διαθήκην οὖσαν.
					τίς γὰρ <add>ἂν</add> ἀνθρώπων, ἃ μὲν ἔμελλεν τραπεζιτεύων οὗτος ἐργάζεσθαι,
					ταῦθʼ ὅπως ἡμῖν τοῖς αὑτοῦ παισίν, ἀλλὰ μὴ τούτῳ γενήσεται προὐνοήθη, καὶ διὰ
					τοῦτο μὴ ἐξεῖναι τούτῳ τραπεζιτεύειν ἔγραψεν, ἵνα μὴ ἀφιστῆται ἀφʼ ἡμῶν· ἃ δʼ
					αὐτὸς εἰργασμένος ἔνδον κατέλειπε, ταῦθʼ ὅπως οὗτος λήψεται παρεσκεύασε; </p>
			</div>
			<div type="section" n="35">
				<p>καὶ τῆς μὲν ἐργασίας ἐφθόνησεν, ἧς οὐδὲν αἰσχρὸν ἦν μεταδοῦναι· τὴν δὲ γυναῖκʼ
					ἔδωκεν, οὗ μεῖζον οὐδὲν ἂν κατέλιπεν ὄνειδος, τυχών γε τῆς παρʼ ὑμῶν δωρεᾶς,
					εἶθʼ ὥσπερ ἂν δοῦλος δεσπότῃ διδούς, ἀλλʼ οὐ τοὐναντίον, εἴπερ ἐδίδου, δεσπότης
					οἰκέτῃ, προστιθεὶς προῖκα ὅσην οὐδεὶς τῶν ἐν τῇ πόλει φαίνεται; </p>
			</div>
			<div type="section" n="36">
				<p>καίτοι τούτῳ μὲν αὐτὸ τοῦτʼ ἀγαπητὸν ἦν, τὸ τῆς δεσποίνης ἀξιωθῆναι· τῷ πατρὶ δʼ
					οὐδὲ λαμβάνοντι τοσαῦτα χρήματα, ὅσα φασὶ διδόνθʼ οὗτοι, εὔλογον ἦν πρᾶξαι
					ταῦτα. ἀλλʼ ὅμως ἃ τοῖς εἰκόσι, τοῖς χρόνοις, τοῖς πεπραγμένοις ἐξελέγχεται
					ψευδῆ, ταῦτα μαρτυρεῖν οὐκ ὤκνησεν οὑτοσὶ Στέφανος. </p>
			</div>
			<div type="section" n="37">
				<p><milestone unit="para" ed="P"/>εἶτα λέγει περιιών, ὡς ἐμαρτύρησε μὲν Νικοκλῆς
					ἐπιτροπεῦσαι κατὰ τὴν διαθήκην, ἐμαρτύρησε δὲ Πασικλῆς ἐπιτροπευθῆναι κατὰ τὴν
					διαθήκην. ἐγὼ δʼ αὐτὰ ταῦτʼ οἶμαι τεκμήριʼ εἶναι τοῦ μήτʼ ἐκείνους τἀληθῆ μήτε
					τούσδε μεμαρτυρηκέναι. ὁ γὰρ ἐπιτροπεῦσαι κατὰ διαθήκας μαρτυρῶν δῆλον ὅτι καθʼ
					ὁποίας ἂν εἰδείη, καὶ ὁ ἐπιτροπευθῆναι κατὰ διαθήκας μαρτυρῶν δῆλον ὅτι καθʼ
					ὁποίας ἂν εἰδείη. </p>
			</div>
			<div type="section" n="38">
				<p>τί οὖν μαθόντες ἐμαρτυρεῖθʼ ὑμεῖς ἐν προκλήσει διαθήκας, ἀλλʼ οὐκ ἐκείνους εἰᾶτε;
					εἰ γὰρ αὖ μὴ φήσουσιν εἰδέναι τὰ γεγραμμένʼ ἐν αὐταῖς, πῶς ὑμᾶς οἷόν τʼ εἰδέναι
					τοὺς μηδαμῇ μηδαμῶς τοῦ πράγματος ἐγγύς; τί ποτʼ οὖν οἱ μὲν ἐκεῖνα, οἱ δὲ ταῦτʼ
					ἐμαρτύρησαν; ὅπερ εἴρηκα καὶ πρότερον, διείλοντο τἀδικήματα, καὶ ἐπιτροπεῦσαι
					μὲν κατὰ διαθήκην οὐδὲν δεινὸν ἡγεῖτο μαρτυρεῖν ὁ μαρτυρῶν, οὐδʼ ἐπιτροπευθῆναι
					κατὰ διαθήκην, </p>
			</div>
			<div type="section" n="39">
				<p>ἀφαιρῶν ἑκάτερος τὸ μαρτυρεῖν τὰ ἐν ταῖς διαθήκαις ὑπὸ τούτου γεγραμμένα, οὐδὲ
					καταλιπεῖν τὸν πατέρʼ αὑτῷ ἐπιγεγραμμένον γραμματεῖον διαθήκην, οὐδὲ τὰ τοιαῦτα·
					διαθήκας δὲ μαρτυρεῖν, ἐν αἷς χρημάτων τοσούτων κλοπή, γυναικὸς διαφθορά, γάμοι
					δεσποίνης, πράγματʼ αἰσχύνην καὶ ὕβριν τοσαύτην ἔχοντα, οὐδεὶς ἤθελε πλὴν οὗτοι,
					πρόκλησιν κατασκευάσαντες, παρʼ ὧν δίκαιον τῆς ὅλης τέχνης καὶ κακουργίας δίκην
					λαβεῖν. </p>
			</div>
			<div type="section" n="40">
				<p>ἵνα τοίνυν, ὦ ἄνδρες Ἀθηναῖοι, μὴ μόνον ἐξ ὧν ἐγὼ κατηγορῶ καὶ ἐλέγχω, δῆλος ὑμῖν
					γένηται τὰ ψευδῆ μεμαρτυρηκὼς οὑτοσὶ Στέφανος, ἀλλὰ καὶ ἐξ ὧν πεποίηκεν ὁ
					παρασχόμενος αὐτόν, τὰ πεπραγμένʼ ἐκείνῳ βούλομαι πρὸς ὑμᾶς εἰπεῖν. ὅπερ δʼ
					εἶπον ἀρχόμενος τοῦ λόγου, δείξω κατηγόρους γιγνομένους αὐτοὺς ἑαυτῶν. τὴν γὰρ
					δίκην, ἐν ᾗ ταῦτʼ ἐμαρτυρήθη, παρεγράψατο Φορμίων πρὸς ἐμὲ μὴ εἰσαγώγιμον εἶναι,
					ὡς ἀφέντος ἐμοῦ τῶν ἐγκλημάτων αὐτόν. </p>
			</div>
			<div type="section" n="41">
				<p>τοῦτο τοίνυν ἐγὼ μὲν οἶδα ψεῦδος ὄν, καὶ ἐλέγξω δέ, ὅταν εἰσίω πρὸς τοὺς ταῦτα
					μεμαρτυρηκότας· τούτῳ δʼ οὐχ οἷόν τε τοῦτʼ εἰπεῖν. εἰ τοίνυν ἀληθῆ πιστεύσαιτʼ
					εἶναι τὴν ἄφεσιν, οὕτω καὶ μάλιστʼ ἂν οὗτος φανείη ψευδῆ μεμαρτυρηκὼς καὶ
					κατεσκευασμένης διαθήκης μάρτυς γεγονώς. τίς γὰρ οὕτως ἄφρων ὥστʼ ἄφεσιν μὲν
					ἐναντίον μαρτύρων ποιήσασθαι τοῦ βεβαίαν αὑτῷ τὴν ἀπαλλαγὴν εἶναι, τὰς δὲ
					συνθήκας καὶ τὰς διαθήκας καὶ τἄλλα, ὑπὲρ ὧν ἐποιεῖτο τὴν ἄφεσιν, σεσημασμένʼ
					ἐᾶσαι καθʼ αὑτοῦ κεῖσθαι; </p>
			</div>
			<div type="section" n="42">
				<p>οὐκοῦν ἐναντία μὲν ἡ παραγραφὴ πᾶσι τοῖς μεμαρτυρημένοις, ἐναντία δʼ ἣν ἀνέγνων
					ὑμῖν ἄρτι μίσθωσιν, τῇδε τῇ διαθήκῃ· οὐδὲν δὲ τῶν πεπραγμένων οὔτʼ εὔλογον οὔθʼ
					ἁπλοῦν οὔθʼ ὁμολογούμενον αὐτὸ ἑαυτῷ φαίνεται. ἐκ δὲ τούτου τοῦ τρόπου πάντα
					πεπλασμένα καὶ κατεσκευασμένʼ ἐλέγχεται. </p>
			</div>
			<div type="section" n="43">
				<p>ὡς μὲν τοίνυν ἐστὶν ἀληθῆ τὰ μεμαρτυρημένα, οὔτʼ αὐτὸν τοῦτον οὔτʼ ἄλλον ὑπὲρ
					τούτου δεῖξαι δυνήσεσθαι νομίζω. ἀκούω δʼ αὐτὸν τοιοῦτόν τι παρεσκευάσθαι
					λέγειν, ὡς προκλήσεώς ἐστιν ὑπεύθυνος, οὐχὶ μαρτυρίας, καὶ δυοῖν αὐτῷ προσήκει
					δοῦναι λόγον, οὐ πάντων τῶν γεγραμμένων, εἴ τε προὐκαλεῖτό με ταῦτα Φορμίων ἢ
					μή, καὶ εἰ μὴ ἐδεχόμην ἐγώ· ταῦτα μὲν γὰρ ἁπλῶς αὐτὸς μεμαρτυρηκέναι φήσει, τὰ
					δʼ ἄλλʼ ἐκεῖνον προκαλεῖσθαι, εἰ δʼ ἐστὶν ἢ μὴ ταῦτα, οὐδὲν προσήκειν αὑτῷ
					σκοπεῖν. </p>
			</div>
			<div type="section" n="44">
				<p>πρὸς δὴ τὸν λόγον τοῦτον καὶ τὴν ἀναίδειαν βέλτιόν ἐστι μικρὰ προειπεῖν ὑμῖν, ἵνα
					μὴ λάθητʼ ἐξαπατηθέντες. πρῶτον μέν, ὅταν ἐγχειρῇ λέγειν τοῦτο, ὡς ἄρʼ οὐ πάντων
					ὑπεύθυνός ἐστιν, ἐνθυμεῖσθʼ ὅτι διὰ ταῦθʼ ὁ νόμος μαρτυρεῖν ἐν γραμματείῳ
					κελεύει, ἵνα μήτʼ ἀφελεῖν ἐξῇ μήτε προσθεῖναι τοῖς γεγραμμένοις μηδέν. τότʼ οὖν
					αὐτὸν ἔδει ταῦτʼ ἀπαλείφειν κελεύειν ἃ νῦν οὐ φήσει μεμαρτυρηκέναι, οὐ νῦν
					ἐνόντων ἀναισχυντεῖν.</p>
			</div>
			<div type="section" n="45">
				<p>ἔπειτα καὶ τόδε σκοπεῖτε, εἰ ἐάσαιτʼ ἂν ἐναντίον ὑμῶν ἐμὲ προσγράψαι τι λαβόντα
					τὸ γραμματεῖον. οὐ δήπου. οὔκουν οὐδὲ τοῦτον ἀφαιρεῖν τῶν γεγραμμένων ἐᾶν
					προσήκει. τίς γὰρ ἁλώσεταί ποτε ψευδομαρτυρίων, εἰ μαρτυρήσει θʼ ἃ βούλεται, καὶ
					λόγον ὧν βούλεται δώσει; ἀλλʼ οὐχ οὕτω ταῦτʼ οὔθʼ ὁ νόμος διεῖλεν οὔθʼ ὑμῖν
					ἀκούειν προσήκει· ἀλλʼ ἐκεῖνʼ ἁπλοῦν καὶ δίκαιον. τί γέγραπται; τί μεμαρτύρηκας;
					ταῦθʼ ὡς ἀληθῆ δείκνυε. καὶ γὰρ ἀντιγέγραψαι ταῦτα <q>ἀληθῆ μεμαρτύρηκα,
						μαρτυρήσας τὰ ἐν τῷ γραμματείῳ γεγραμμένα</q>, οὐ τὸ καὶ τὸ τῶν ἐν τῷ
					γραμματείῳ. </p>
			</div>
			<div type="section" n="46">
				<p>ὅτι δʼ οὕτω ταῦτʼ ἔχει, λαβὲ τὴν ἀντιγραφὴν αὐτήν μοι. λέγε.<quote
						n="*)antigrafh/"><title>Ἀντιγραφή</title><p>Ἀπολλόδωρος Πασίωνος Ἀχαρνεὺς
							Στεφάνῳ Μενεκλέους Ἀχαρνεῖ ψευδομαρτυρίων, τίμημα τάλαντον. τὰ ψευδῆ μου
							κατεμαρτύρησε Στέφανος μαρτυρήσας τὰ ἐν τῷ γραμματείῳ
								γεγραμμένα.<milestone unit="para" ed="P"/><add>Στέφανος Μενεκλέους
								Ἀχαρνεὺς</add> τἀληθῆ ἐμαρτύρησα μαρτυρήσας τὰ ἐν τῷ γραμματείῳ
							γεγραμμένα.</p></quote><milestone unit="para" ed="P"/>ταῦθʼ οὗτος
					ἀντεγράψατο, ἃ χρὴ μνημονεύειν ὑμᾶς, καὶ μὴ τοὺς ἐπʼ ἐξαπάτῃ νῦν λόγους ὑπὸ
					τούτου ῥηθησομένους πιστοτέρους ποιεῖσθαι τῶν νόμων καὶ τῶν ὑπὸ τούτου γραφέντων
					εἰς τὴν ἀντιγραφήν. </p>
			</div>
			<div type="section" n="47">
				<p>πυνθάνομαι τοίνυν αὐτοὺς καὶ περὶ ὧν ἔλαχον τὴν ἐξ ἀρχῆς δίκην, ἐρεῖν καὶ
					κατηγορήσειν, ὡς συκοφαντήματʼ ἦν. ἐγὼ δʼ ὃν μὲν τρόπον ἐσκευωρήσατο τὴν
					μίσθωσιν, ὅπως τὴν ἀφορμὴν τῆς τραπέζης κατάσχοι, εἶπον καὶ διεξῆλθον ὑμῖν, ὑπὲρ
					δὲ τῶν ἄλλων οὐκ ἂν οἷός τʼ εἴην λέγειν ἅμα καὶ τούτους ἐλέγχειν περὶ τῆς
					μαρτυρίας· οὐ γὰρ ἱκανόν μοι τὸ ὕδωρ ἐστίν. </p>
			</div>
			<div type="section" n="48">
				<p>ὅτι δʼ οὐδʼ ὑμεῖς ἐθέλοιτʼ ἂν εἰκότως ἀκούειν περὶ τούτων αὐτῶν, ἐκεῖθεν εἴσεσθε,
					ἂν λογίσησθε πρὸς ὑμᾶς αὐτούς, ὅτι οὔτε νῦν ἐστιν χαλεπὸν περὶ ὧν μὴ κατηγόρηται
					λέγειν, οὔτε <add>τότε</add> ψευδεῖς ἀναγνόντα μαρτυρίας ἀποφεύγειν. ἀλλʼ
					οὐδέτερόν γε δίκαιον τούτων οὐδʼ ἂν εἷς φήσειεν εἶναι, ἀλλʼ ὃ ἐγὼ προκαλοῦμαι
					νῦν. σκοπεῖτε δʼ ἀκούσαντες. </p>
			</div>
			<div type="section" n="49">
				<p>ἐγὼ γὰρ ἀξιῶ, οὓς μὲν ἀφείλοντό μʼ ἐλέγχους περὶ τῶν ἐγκλημάτων, οὓς προσῆκον ἦν
					ῥηθῆναι, μὴ ζητεῖν αὐτοὺς νῦν, αἷς δʼ ἀφείλοντο μαρτυρίαις, ὡς εἰσὶν ἀληθεῖς,
					δεικνύναι. εἰ δʼ ὅταν μὲν τὴν δίκην εἰσίω, τὰς μαρτυρίας μʼ ἐλέγχειν ἀξιώσουσιν,
					ὅταν δὲ ταύταις ἐπεξίω, περὶ τῶν ἐξ ἀρχῆς ἐγκλημάτων λέγειν με κελεύσουσιν, οὔτε
					δίκαιʼ οὔθʼ ὑμῖν συμφέροντʼ ἐροῦσιν. </p>
			</div>
			<div type="section" n="50">
				<p>δικάσειν γὰρ ὀμωμόκαθʼ ὑμεῖς οὐ περὶ ὧν ἂν ὁ φεύγων ἀξιοῖ, ἀλλʼ ὑπὲρ αὐτῶν ὧν ἂν
					ἡ δίωξις ᾖ. ταύτην δʼ ἀνάγκη τῇ τοῦ διώκοντος λήξει δηλοῦσθαι, ἣν ἐγὼ τούτῳ
					ψευδομαρτυρίων εἴληχα. μὴ δὴ τοῦτʼ ἀφεὶς περὶ ὧν οὐκ ἀγωνίζεται λεγέτω· μηδʼ
					ὑμεῖς ἐᾶτε, ἂν ἄρʼ οὗτος ἀναισχυντῇ. </p>
			</div>
			<div type="section" n="51">
				<p>οἴομαι τοίνυν αὐτὸν οὐδὲν οὐδαμῇ δίκαιον ἔχοντα λέγειν ἥξειν καὶ ἐπὶ τοῦτο, ὡς
					ἄτοπον ποιῶ, παραγραφὴν ἡττημένος, τοὺς διαθήκην μαρτυρήσαντας διώκων, καὶ τοὺς
					δικαστὰς τοὺς τότε φήσειν διὰ τοὺς ἀφεῖναι μεμαρτυρηκότας ἀποψηφίσασθαι μᾶλλον ἢ
					διὰ τοὺς διαθήκην μαρτυρήσαντας. ἐγὼ δʼ, ὦ ἄνδρες Ἀθηναῖοι, νομίζω πάντας ὑμᾶς
					εἰδέναι, ὅτι οὐχ ἧττον τὰ πεπραγμένʼ εἰώθατε σκοπεῖν ἢ τὰς ὑπὲρ τούτων
					παραγραφάς· περὶ δὴ τῶν πραγμάτων αὐτῶν τὰ ψευδῆ καταμαρτυρήσαντες οὗτοί μου,
					ἀσθενεῖς τοὺς περὶ τῆς παραγραφῆς ἐποίησαν λόγους. </p>
			</div>
			<div type="section" n="52">
				<p>χωρὶς δὲ τούτων ἄτοπον, πάντων τὰ ψευδῆ μαρτυρησάντων, τίς μάλιστʼ ἔβλαψεν
					ἀποφαίνειν, ἀλλʼ οὐχ ὡς αὐτὸς ἕκαστος ἀληθῆ μεμαρτύρηκε δεικνύναι. οὐ γάρ, ἂν
					ἕτερον δείξῃ δεινότερʼ εἰργασμένον, ἀποφεύγειν αὐτῷ προσήκει, ἀλλʼ ἂν αὐτὸς ὡς
					ἀληθῆ μεμαρτύρηκεν ἀποφήνῃ. </p>
			</div>
			<div type="section" n="53">
				<p>ἐφʼ ᾧ τοίνυν, ὦ ἄνδρες Ἀθηναῖοι, μάλιστʼ ἀπολωλέναι δίκαιός ἐστιν οὑτοσὶ
					Στέφανος, τοῦτʼ ἀκούσατέ μου. δεινὸν μὲν γάρ ἐστιν εἰ καὶ καθʼ ὅτου τις οὖν τὰ
					ψευδῆ μαρτυρεῖ, πολλῷ δὲ δεινότερον καὶ πλείονος ὀργῆς ἄξιον εἰ κατὰ τῶν
					συγγενῶν· οὐ γὰρ τοὺς γεγραμμένους νόμους ὁ τοιοῦτος ἄνθρωπος μόνον, ἀλλὰ καὶ τὰ
					τῆς φύσεως οἰκεῖʼ ἀναιρεῖ. </p>
			</div>
			<div type="section" n="54">
				<p>τοῦτο τοίνυν ἐπιδειχθήσεται πεποιηκὼς οὗτος. ἔστι γὰρ ἡ τούτου μήτηρ καὶ ὁ τῆς
					ἐμῆς γυναικὸς πατὴρ ἀδελφοί, ὥστε τὴν μὲν γυναῖκα τὴν ἐμὴν ἀνεψιὰν εἶναι τούτῳ,
					τοὺς δὲ παῖδας τοὺς ἐκείνης καὶ τοὺς ἐμοὺς ἀνεψιαδοῦς. ἆρʼ οὖν δοκεῖ ποτʼ ἂν
					ὑμῖν οὗτος, εἴ τι διʼ ἔνδειαν εἶδε ποιούσας ὧν οὐ χρὴ τὰς αὑτοῦ συγγενεῖς, ὅπερ
					ἤδη πολλοὶ πεποιήκασι, παρʼ αὑτοῦ προῖκʼ ἐπιδοὺς ἐκδοῦναι, ὃς ὑπὲρ τοῦ μηδʼ ἃ
					προσήκει κομίσασθαι ταύτας τὰ ψευδῆ μαρτυρεῖν ἠθέλησεν, καὶ περὶ πλείονος
					ἐποιήσατο τὸν Φορμίωνος πλοῦτον ἢ τὰ τῆς συγγενείας ἀναγκαῖα; ἀλλὰ μὴν ὅτι ταῦτʼ
					ἀληθῆ λέγω, </p>
			</div>
			<div type="section" n="55">
				<p>λαβὲ τὴν μαρτυρίαν τὴν Δεινίου καὶ ἀναγίγνωσκε, καὶ κάλει Δεινίαν.<quote
						n="*marturi/a"><title>Μαρτυρία</title><p>Δεινίας Θεομνήστου Ἀθμονεὺς
							μαρτυρεῖ τὴν θυγατέρα <add>τὴν</add> αὑτοῦ ἐκδοῦναι Ἀπολλοδώρῳ κατὰ τοὺς
							νόμους γυναῖκα ἔχειν, καὶ μηδεπώποτε παραγενέσθαι μηδὲ αἰσθέσθαι ὅτι
							Ἀπολλόδωρος ἀφῆκε τῶν ἐγκλημάτων ἁπάντων Φορμίωνα.</p></quote>
				</p>
			</div>
			<div type="section" n="56">
				<p>ὅμοιός γʼ ὁ Δεινίας, ὦ ἄνδρες δικασταί, τούτῳ, ὃς ὑπὲρ τῆς θυγατρὸς καὶ τῶν
					θυγατριδῶν καὶ ἐμοῦ τοῦ κηδεστοῦ διὰ τὴν συγγένειαν οὐδὲ τἀληθῆ μαρτυρεῖν ἐθέλει
					κατὰ τούτου. ἀλλʼ οὐχ οὑτοσὶ Στέφανος, οὐκ ὤκνησε καθʼ ἡμῶν τὰ ψευδῆ μαρτυρεῖν,
					οὐδʼ, εἰ μηδένα τῶν ἄλλων, τὴν αὑτοῦ μητέρα ᾐσχύνθη τοῖς ἀπʼ ἐκείνης οἰκείοις
					τῆς ἐσχάτης ἐνδείας αἴτιος γενόμενος. </p>
			</div>
			<div type="section" n="57">
				<p>ὃ τοίνυν ἔπαθον δεινότατον καὶ ἐφʼ ᾧ μάλιστʼ ἐξεπλάγην ὅτʼ ἠγωνιζόμην, ὦ ἄνδρες
					δικασταί, τοῦθʼ ὑμῖν εἰπεῖν βούλομαι· τήν τε γὰρ τούτου πονηρίαν ἔτι μᾶλλον
					ὑμεῖς ὄψεσθε, καὶ ἐγὼ τῶν γεγενημένων ἀποδυράμενος τὰ πλεῖστα πρὸς ὑμᾶς ὡσπερεὶ
					ῥᾴων ἔσομαι. τὴν γὰρ μαρτυρίαν ἣν ᾤμην εἶναι καὶ διʼ ἧς ἦν ὁ πλεῖστος ἔλεγχός
					μοι, ταύτην οὐχ ηὗρον ἐνοῦσαν ἐν τῷ ἐχίνῳ. </p>
			</div>
			<div type="section" n="58">
				<p>τότε μὲν δὴ τῷ κακῷ πληγεὶς οὐδὲν ἄλλʼ εἶχον ποιῆσαι πλὴν ὑπολαμβάνειν τὴν ἀρχὴν
					ἠδικηκέναι με καὶ τὸν ἐχῖνον κεκινηκέναι. νῦν δʼ ἀφʼ ὧν ὕστερον πέπυσμαι, πρὸς
					αὐτῷ τῷ διαιτητῇ Στέφανον τουτονὶ αὐτὴν ὑφῃρημένον εὑρίσκω, πρὸς μαρτυρίαν τινʼ
					ἵνʼ ἐξορκώσαιμι, ἀναστάντος ἐμοῦ. καὶ ὅτι ταῦτʼ ἀληθῆ λέγω, πρῶτον μὲν ὑμῖν
					μαρτυρήσουσιν τῶν τούτοις παρόντων οἱ ἰδόντες. </p>
			</div>
			<div type="section" n="59">
				<p>οὐ γὰρ ἐξομνύναι ʼθελήσειν αὐτοὺς οἴομαι. ἐὰν δʼ ἄρα τοῦτο ποιήσωσιν ὑπʼ
					ἀναιδείας, πρόκλησιν ὑμῖν ἀναγνώσεται, ἐξ ἧς τούτους τʼ ἐπιορκοῦντας ἐπʼ
					αὐτοφώρῳ λήψεσθε, καὶ τοῦτον ὁμοίως ὑφῃρημένον τὴν μαρτυρίαν εἴσεσθε. καίτοι
					ὅστις, ὦ ἄνδρες Ἀθηναῖοι, κακῶν ἀλλοτρίων κλέπτης ὑπέμεινεν ὀνομασθῆναι, τί ἂν
					ἡγεῖσθε ποιῆσαι τοῦτον ὑπὲρ αὑτοῦ; </p>
			</div>
			<div type="section" n="60">
				<p>λέγε τὴν μαρτυρίαν <del>εἶτα τὴν πρόκλησιν ταύτην</del>.<quote n="*marturi/a"
							><title>Μαρτυρία</title><p>μαρτυροῦσι φίλοι εἶναι καὶ ἐπιτήδειοι
							Φορμίωνι, καὶ παρεῖναι πρὸς τῷ διαιτητῇ Τεισίᾳ, ὅτε ἦν ἀπόφασις τῆς
							διαίτης Ἀπολλοδώρῳ πρὸς Φορμίωνα, καὶ εἰδέναι τὴν μαρτυρίαν ὑφῃρημένον
							Στέφανον, ἣν αἰτιᾶται αὐτὸν Ἀπολλόδωρος ὑφελέσθαι.</p></quote><milestone
						unit="para" ed="P"/>ἢ μαρτυρεῖτε, ἢ ἐξομόσασθε.<quote n="*)ecwmosi/a"
							><title>Ἐξωμοσία</title></quote>
				</p>
			</div>
			<div type="section" n="61">
				<p>οὐκ ἄδηλον ἦν, ὦ ἄνδρες δικασταί, ὅτι τοῦτʼ ἔμελλον ποιήσειν, προθύμως
					ἐξομεῖσθαι. ἵνα τοίνυν παραχρῆμʼ ἐξελεγχθῶσιν ἐπιωρκηκότες, λαβέ μοι ταύτην τὴν
					μαρτυρίαν καὶ τὴν πρόκλησιν. ἀναγίγνωσκε.<quote n="*marturi/a. *pro/klhsis."
							><title>Μαρτυρία. Πρόκλησις.</title><p>μαρτυροῦσι παρεῖναι ὅτε
							Ἀπολλόδωρος προὐκαλεῖτο Στέφανον παραδοῦναι τὸν παῖδα τὸν ἀκόλουθον εἰς
							βάσανον περὶ τῆς ὑφαιρέσεως τοῦ γραμματείου, καὶ γράμματα ἦν ἕτοιμος
							γράφειν Ἀπολλόδωρος καθʼ ὅ τι ἔσται ἡ βάσανος. ταῦτα δὲ προκαλουμένου
							Ἀπολλοδώρου οὐκ ἐθελῆσαι παραδοῦναι Στέφανον, ἀλλʼ ἀποκρίνασθαι
							Ἀπολλοδώρῳ δικάζεσθαι, εἰ βούλοιτο, εἴ τί φησιν ἀδικεῖσθαι ὑφʼ
							ἑαυτοῦ.</p></quote>
				</p>
			</div>
			<div type="section" n="62">
				<p>τίς ἂν οὖν ὑπὲρ τοιαύτης αἰτίας, ὦ ἄνδρες δικασταί, εἴπερ ἐπίστευεν αὑτῷ, οὐκ
					ἐδέξατο τὴν βάσανον; οὐκοῦν τῷ φεύγειν τὴν βάσανον ὑφῃρημένος ἐξελέγχεται. ἆρʼ
					οὖν ἂν ὑμῖν αἰσχυνθῆναι δοκεῖ τὴν τοῦ τὰ ψευδῆ μαρτυρεῖν δόξαν ὁ τὴν τοῦ κλέπτης
					φανῆναι μὴ φυγών; ἢ δεηθέντος ὀκνῆσαι τὰ ψευδῆ μαρτυρεῖν, ὃς ἃ μηδεὶς ἐκέλευεν
					ἐθελοντὴς πονηρὸς ἦν; </p>
			</div>
			<div type="section" n="63">
				<p>δικαίως τοίνυν, ὦ ἄνδρες Ἀθηναῖοι, τούτων ἁπάντων δοὺς ἂν δίκην, πολὺ μᾶλλον ἂν
					εἰκότως διὰ τἄλλα κολασθείη παρʼ ὑμῖν. σκοπεῖτε δέ, τὸν βίον ὃν βεβίωκεν
					ἐξετάζοντες. οὗτος γάρ, ἡνίκα μὲν συνέβαινεν εὐτυχεῖν Ἀριστολόχῳ τῷ τραπεζίτῃ,
					ἴσα βαίνων ἐβάδιζεν ὑποπεπτωκὼς ἐκείνῳ, καὶ ταῦτʼ ἴσασι πολλοὶ τῶν ἐνθάδʼ ὄντων
					ὑμῶν. </p>
			</div>
			<div type="section" n="64">
				<p>ἐπειδὴ δʼ ἀπώλετʼ ἐκεῖνος καὶ τῶν ὄντων ἐξέστη, οὐχ ἥκισθʼ ὑπὸ τούτου καὶ τῶν
					τοιούτων διαφορηθείς, τῷ μὲν υἱεῖ τῷ τούτου πολλῶν πραγμάτων ὄντων οὐ παρέστη
					πώποτε, οὐδʼ ἐβοήθησεν, ἀλλʼ Ἀπόληξις καὶ Σόλων καὶ πάντες ἄνθρωποι μᾶλλον
					βοηθοῦσι· Φορμίωνα δὲ πάλιν ἑόρακεν καὶ τούτῳ γέγονεν οἰκεῖος, ἐξ Ἀθηναίων
					ἁπάντων τοῦτον ἐκλεξάμενος, καὶ ὑπὲρ τούτου πρεσβευτὴς μὲν ᾤχετʼ εἰς Βυζάντιον
					πλέων, ἡνίκʼ ἐκεῖνοι τὰ πλοῖα τὰ τούτου κατέσχον, τὴν δὲ δίκην ἔλεγεν τὴν πρὸς
					τοὺς Καλχηδονίους, τὰ ψευδῆ δʼ ἐμοῦ φανερῶς οὕτως καταμεμαρτύρηκεν. </p>
			</div>
			<div type="section" n="65">
				<p>εἶθʼ ὃς εὐτυχούντων ἐστὶ κόλαξ, κἂν ἀτυχῶσι, τῶν αὐτῶν τούτων προδότης, καὶ τῶν
					μὲν ἄλλων πολιτῶν πολλῶν καὶ καλῶν κἀγαθῶν ὄντων μηδενὶ μηδʼ ἐξ ἴσου χρῆται,
					τοῖς δὲ τοιούτοις ἐθελοντὴς ὑποπίπτει, καὶ μήτʼ εἴ τινα τῶν οἰκείων ἀδικήσει
					μήτʼ εἰ παρὰ τοῖς ἄλλοις φαύλην δόξαν ἕξει ταῦτα ποιῶν μήτʼ ἄλλο μηδὲν σκοπεῖ,
					πλὴν ὅπως τι πλέον ἕξει, τοῦτον οὐ μισεῖν ὡς κοινὸν ἐχθρὸν τῆς φύσεως ὅλης τῆς
					ἀνθρωπίνης προσήκει; ἔγωγʼ ἂν φαίην. </p>
			</div>
			<div type="section" n="66">
				<p>ταῦτα μέντοι τὰ τοσαύτην ἔχοντʼ αἰσχύνην, ὦ ἄνδρες Ἀθηναῖοι, ἐπὶ τῷ τὴν πόλιν
					φεύγειν καὶ τὰ ὄντʼ ἀποκρύπτεσθαι προῄρηται πράττειν, ἵνʼ ἐργασίας ἀφανεῖς διὰ
					τῆς τραπέζης ποιῆται, καὶ μήτε χορηγῇ μήτε τριηραρχῇ μήτʼ ἄλλο μηδὲν ὧν προσήκει
					ποιῇ. καὶ κατείργασται τοῦτο. τεκμήριον δέ· ἔχων γὰρ οὐσίαν τοσαύτην ὥσθʼ ἑκατὸν
					μνᾶς ἐπιδοῦναι τῇ θυγατρί, οὐδʼ ἡντινοῦν ἑώραται λῃτουργίαν ὑφʼ ὑμῶν λῃτουργῶν,
					οὐδὲ τὴν ἐλαχίστην. καίτοι πόσῳ κάλλιον φιλοτιμούμενον ἐξετάζεσθαι καὶ
					προθυμούμενον εἰς ἃ δεῖ τῇ πόλει, ἢ κολακεύοντα καὶ τὰ ψευδῆ μαρτυροῦντα; ἀλλʼ
					ἐπὶ τῷ κερδαίνειν πᾶν ἂν οὗτος ποιήσειε. </p>
			</div>
			<div type="section" n="67">
				<p>καὶ μήν, ὦ ἄνδρες Ἀθηναῖοι, μᾶλλον ἄξιον ὀργίλως ἔχειν τοῖς μετʼ εὐπορίας
					πονηροῖς ἢ τοῖς μετʼ ἐνδείας. τοῖς μὲν γὰρ ἡ τῆς χρείας ἀνάγκη φέρει τινὰ
					συγγνώμην παρὰ τοῖς ἀνθρωπίνως λογιζομένοις· οἱ δʼ ἐκ περιουσίας, ὥσπερ οὗτος,
					πονηροὶ οὐδεμίαν πρόφασιν δικαίαν ἔχοιεν ἂν εἰπεῖν, ἀλλʼ αἰσχροκερδίᾳ καὶ
					πλεονεξίᾳ καὶ ὕβρει καὶ τῷ τὰς αὑτῶν συστάσεις κυριωτέρας τῶν νόμων ἀξιοῦν εἶναι
					ταῦτα φανήσονται πράττοντες. ὑμῖν δʼ οὐδὲν τούτων συμφέρει, ἀλλὰ τὸν ἀσθενῆ παρὰ
					τοῦ πλουσίου δίκην, ἂν ἀδικῆται, δύνασθαι λαβεῖν. ἔσται δὲ τοῦτο, ἐὰν κολάζητε
					τοὺς φανερῶς οὕτως ἐξ εὐπορίας πονηρούς. </p>
			</div>
			<div type="section" n="68">
				<p>οὐ τοίνυν οὐδʼ ἃ πέπλασται οὗτος καὶ βαδίζει παρὰ τοὺς τοίχους ἐσκυθρωπακώς,
					σωφροσύνης ἄν τις ἡγήσαιτʼ εἰκότως εἶναι σημεῖα, ἀλλὰ μισανθρωπίας. ἐγὼ γάρ,
					ὅστις αὐτῷ μηδενὸς συμβεβηκότος δεινοῦ, μηδὲ τῶν ἀναγκαίων σπανίζων, ἐν ταύτῃ τῇ
					σχέσει διάγει τὸν βίον, τοῦτον ἡγοῦμαι συνεορακέναι καὶ λελογίσθαι παρʼ αὑτῷ,
					ὅτι τοῖς μὲν ἁπλῶς, ὡς πεφύκασι, βαδίζουσι καὶ φαιδροῖς καὶ προσέλθοι τις ἂν καὶ
					δεηθείη καὶ ἐπαγγείλειεν οὐδὲν ὀκνῶν, τοῖς δὲ πεπλασμένοις καὶ σκυθρωποῖς
					ὀκνήσειέ τις ἂν προσελθεῖν πρῶτον. </p>
			</div>
			<div type="section" n="69">
				<p>οὐδὲν οὖν ἄλλʼ ἢ πρόβλημα τοῦ τρόπου τὸ σχῆμα τοῦτʼ ἔστι, καὶ τὸ τῆς διανοίας
					ἄγριον καὶ πικρὸν ἐνταῦθα δηλοῖ. σημεῖον δέ· τοσούτων γὰρ ὄντων τὸ πλῆθος
					Ἀθηναίων, πράττων πολὺ βέλτιον ἢ σὲ προσῆκον ἦν, τῷ πώποτʼ εἰσήνεγκας, ἢ τίνι
					συμβέβλησαί πω, ἢ τίνʼ εὖ πεποίηκας;</p>
			</div>
			<div type="section" n="70">
				<p>οὐδένʼ ἂν εἰπεῖν ἔχοις· ἀλλὰ τοκίζων καὶ τὰς τῶν ἄλλων συμφορὰς καὶ χρείας
					εὐτυχήματα σαυτοῦ νομίζων, ἐξέβαλες μὲν τὸν ἀφῄρησαι δὲ τὴν σαυτοῦ πενθερὰν
					ταῦτʼ ἀφʼ ὧν ἔζη, ἀοίκητον δὲ τὸν Ἀρχεδήμου παῖδα τὸ σαυτοῦ μέρος πεποίηκας.
					οὐδεὶς δὲ πώποθʼ οὕτω πικρῶς οὐδʼ ὑπερήμερον εἰσέπραξεν ὡς σὺ τοὺς ὀφείλοντας
					τοὺς τόκους. εἶθʼ ὃν ὁρᾶτʼ ἐπὶ πάντων οὕτως ἄγριον καὶ μιαρόν, τοῦτον ὑμεῖς
					ἠδικηκότʼ ἐπʼ αὐτοφώρῳ λαβόντες οὐ τιμωρήσεσθε; δείνʼ ἄρʼ, ὦ ἄνδρες δικασταί,
					ποιήσετε καὶ οὐχὶ δίκαια. </p>
			</div>
			<div type="section" n="71">
				<p>ἄξιον τοίνυν, ὦ ἄνδρες Ἀθηναῖοι, καὶ Φορμίωνι τῷ παρασχομένῳ τουτονὶ νεμεσῆσαι
					τοῖς πεπραγμένοις, τὴν ἀναίδειαν τοῦ τρόπου καὶ τὴν ἀχαριστίαν ἰδόντας. οἶμαι
					γὰρ ἅπαντας ὑμᾶς εἰδέναι, ὅτι τοῦτον, ἡνίκʼ ὤνιος ἦν, εἰ συνέβη μάγειρον ἤ τινος
					ἄλλης τέχνης δημιουργὸν πρίασθαι, τὴν τοῦ δεσπότου τέχνην ἂν μαθὼν πόρρω τῶν νῦν
					παρόντων ἦν ἀγαθῶν. </p>
			</div>
			<div type="section" n="72">
				<p>ἐπειδὴ δʼ ὁ πατὴρ ὁ ἡμέτερος τραπεζίτης ὢν ἐκτήσατʼ αὐτὸν καὶ γράμματʼ ἐπαίδευσεν
					καὶ τὴν τέχνην ἐδίδαξεν καὶ χρημάτων ἐποίησε κύριον πολλῶν, εὐδαίμων γέγονεν,
					τὴν τύχην, ᾗ πρὸς ἡμᾶς ἀφίκετο, ἀρχὴν λαβὼν πάσης τῆς νῦν παρούσης εὐδαιμονίας.
				</p>
			</div>
			<div type="section" n="73">
				<p>οὐκοῦν δεινόν, ὦ γῆ καὶ θεοί, καὶ πέρᾳ δεινοῦ, τοὺς Ἕλληνα μὲν ἀντὶ βαρβάρου
					ποιήσαντας, γνώριμον δʼ ἀντʼ ἀνδραπόδου, τοσούτων δʼ ἀγαθῶν ἡγεμόνας, τούτους
					περιορᾶν ἐν ταῖς ἐσχάταις ἀπορίαις ὄντας ἔχοντα καὶ πλουτοῦντα, καὶ εἰς τοῦθʼ
					ἥκειν ἀναιδείας ὥστε, ἧς παρʼ ἡμῶν τύχης μετέσχε, ταύτης ἡμῖν μὴ τολμᾶν
					μεταδοῦναι. </p>
			</div>
			<div type="section" n="74">
				<p>ἀλλʼ αὐτὸς μὲν οὐκ ὤκνησε τὴν δέσποιναν γῆμαι καὶ ἣ τὰ καταχύσματʼ αὐτοῦ κατέχεε
					τόθʼ ἡνίκʼ ἐωνήθη, ταύτῃ συνοικεῖν, οὐδὲ προῖκα πέντε τάλανθʼ αὑτῷ γράψαι, χωρὶς
					ὧν οὔσης τῆς μητρὸς κυρίας οὗτος ἐγκρατὴς γέγονεν πολλῶν χρημάτων (τί γὰρ αὐτὸν
					οἴεσθʼ εἰς τὰς διαθήκας ἐγγράψαι <q>καὶ τἄλλα, ὅσα ἐστίν, Ἀρχίππῃ δίδωμι;</q>)
					τὰς δʼ ἡμετέρας θυγατέρας μελλούσας διʼ ἔνδειαν ἀνεκδότους ἔνδον γηράσκειν
					περιορᾷ. </p>
			</div>
			<div type="section" n="75">
				<p>καὶ εἰ μὲν πένης οὗτος ἦν, ἡμεῖς δʼ εὐποροῦντες ἐτυγχάνομεν, καὶ συνέβη τι
					παθεῖν, οἷα πολλά, ἐμοί, οἱ παῖδες ἂν οἱ τούτου τῶν ἐμῶν θυγατέρων ἐπεδικάζοντο,
					οἱ τοῦ δούλου τῶν τοῦ δεσπότου· θεῖοι γάρ εἰσιν αὐταῖς διὰ τὸ τὴν μητέρα τὴν
					ἐμὴν τοῦτον λαβεῖν· ἐπειδὴ δʼ ἀπόρως ἡμεῖς ἔχομεν, τηνικαῦτʼ οὐ συνεκδώσει
					ταύτας, ἀλλὰ λέγει καὶ λογίζεται τὸ πλῆθος ὧν ἐγὼ χρημάτων ἔχω. </p>
			</div>
			<div type="section" n="76">
				<p>καὶ γὰρ τοῦτʼ ἀτοπώτατον πάντων. ὧν μὲν ἀπεστέρηκεν ἡμᾶς χρημάτων, οὐδέπω καὶ
					τήμερον ἠθέλησεν ὑποσχεῖν τὸν λόγον, ἀλλὰ μὴ εἰσαγωγίμους εἶναι τὰς δίκας
					παραγράφεται· ἃ δὲ τῶν πατρῴων ἐνειμάμην ἐγώ, ταῦτα λογίζεται. καὶ τοὺς μὲν
					ἄλλους ἄν τις ἴδοι τοὺς οἰκέτας ὑπὸ τῶν δεσποτῶν ἐξεταζομένους· οὗτος δʼ αὖ
					τοὐναντίον τὸν δεσπότην ὁ δοῦλος ἐξετάζει, ὡς δῆτα πονηρὸν καὶ ἄσωτον ἐκ τούτων
					ἐπιδείξων. </p>
			</div>
			<div type="section" n="77">
				<p>ἐγὼ δʼ, ὦ ἄνδρες Ἀθηναῖοι, τῆς μὲν ὄψεως τῇ φύσει καὶ τῷ ταχέως βαδίζειν καὶ
					λαλεῖν μέγα, οὐ τῶν εὐτυχῶς πεφυκότων ἐμαυτὸν κρίνω· ἐφʼ οἷς γὰρ οὐδὲν
					ὠφελούμενος λυπῶ τινας, ἔλαττον ἔχω πολλαχοῦ· τῷ μέντοι μέτριος κατὰ πάσας τὰς
					εἰς ἐμαυτὸν δαπάνας εἶναι πολὺ τούτου καὶ τοιούτων ἑτέρων εὐτακτότερον ζῶν ἂν
					φανείην. </p>
			</div>
			<div type="section" n="78">
				<p>τὰ δʼ εἰς τὴν πόλιν καὶ ὅσʼ εἰς ὑμᾶς, ὡς δύναμαι λαμπρότατα, ὡς ὑμεῖς σύνιστε,
					ποιῶ· οὐ γὰρ ἀγνοῶ τοῦθʼ ὅτι τοῖς μὲν γένει πολίταις ὑμῖν ἱκανόν ἐστι λῃτουργεῖν
					ὡς οἱ νόμοι προστάττουσι, τοὺς δὲ ποιητοὺς ἡμᾶς ὡς ἀποδιδόντας χάριν, οὕτω
					προσήκει φαίνεσθαι λῃτουργοῦντας. μὴ οὖν μοι ταῦτʼ ὀνείδιζε, ἐφʼ οἷς ἐπαίνου
					τύχοιμʼ ἂν δικαίως. </p>
			</div>
			<div type="section" n="79">
				<p>ἀλλὰ τίνʼ, ὦ Φορμίων, τῶν πολιτῶν ἑταιρεῖν, ὥσπερ σύ, μεμίσθωμαι; δεῖξον. τίνα
					τῆς πόλεως, ἧς αὐτὸς ἠξιώθην, καὶ τῆς ἐν αὐτῇ παρρησίας ἀπεστέρηκα, ὥσπερ σὺ
					τοῦτον ὃν κατῄσχυνας; τίνος γυναῖκα διέφθαρκα, ὥσπερ σὺ πρὸς πολλαῖς ἄλλαις
					ταύτην, ᾗ τὸ μνῆμʼ ᾠκοδόμησεν ὁ θεοῖς ἐχθρὸς οὗτος πλησίον τοῦ τῆς δεσποίνης,
					ἀνηλωκὼς πλέον ἢ τάλαντα δύο; καὶ οὐκ ᾐσθάνετο, ὅτι οὐχὶ τοῦ τάφου μνημεῖον
					ἔσται τὸ οἰκοδόμημα τοιοῦτον ὄν, ἀλλὰ τῆς ἀδικίας ἧς τὸν ἄνδρʼ ἠδίκηκεν ἐκείνη
					διὰ τοῦτον. </p>
			</div>
			<div type="section" n="80">
				<p>εἶτα τοιαῦτα ποιῶν καὶ τηλικαύτας μαρτυρίας ἐξενηνοχὼς τῆς ὕβρεως τῆς σαυτοῦ σύ,
					τὸν ἄλλου του βίον ἐξετάζειν τολμᾷς; μεθʼ ἡμέραν εἶ σὺ σώφρων, τὴν δὲ νύκτʼ ἐφʼ
					οἷς θάνατος ἡ ζημία, ταῦτα ποιεῖς. πονηρός, ὦ ἄνδρες Ἀθηναῖοι, πονηρὸς οὗτος
					ἄνωθεν ἐκ τοῦ Ἀνακείου καὶ ἄδικος. σημεῖον δέ· εἰ γὰρ ἦν δίκαιος, πένης ἂν ἦν τὰ
					τοῦ δεσπότου διοικήσας. νῦν δὲ τοσούτων χρημάτων τὸ πλῆθος κύριος καταστὰς ὥστε
					τοσαῦτα λαθεῖν ἀπʼ αὐτῶν κλέψας ὅσα νῦν κέκτηται, οὐκ ὀφείλειν ταῦτα, ἀλλὰ
					πατρῷʼ ἔχειν ἡγεῖται. </p>
			</div>
			<div type="section" n="81">
				<p>καίτοι πρὸς θεῶν, εἰ κλέπτην σʼ ἀπῆγον ὡς ἐπʼ αὐτοφώρῳ εἰληφώς, τὴν οὐσίαν ἣν
					ἔχεις, εἴ πως οἷόν τʼ ἦν, ἐπιθείς σοι, εἶτά σʼ ἠξίουν, εἰ μὴ φὴς ὑφῃρημένος
					ταῦτʼ ἔχειν, ἀνάγειν ὅθεν εἴληφας, εἰς τίνʼ ἂν αὔτʼ ἀνήγαγες; οὔτε γάρ σοι πατὴρ
					παρέδωκεν, οὔθʼ ηὗρες, οὔτε λαβών ποθεν ἄλλοθεν ἦλθες ὡς ἡμᾶς· βάρβαρος γὰρ
					ἐωνήθης. εἶθʼ ᾧ δημοσίᾳ προσῆκεν ἐπὶ τοῖς εἰργασμένοις τεθνάναι, σύ, τὸ σῶμα
					σεσῳκὼς καὶ πόλιν ἐκ τῶν ἡμετέρων σαυτῷ κτησάμενος καὶ παῖδας ἀδελφοὺς τοῖς
					σεαυτοῦ δεσπόταις ἀξιωθεὶς ποιήσασθαι, παρεγράψω μὴ εἰσαγώγιμον εἶναι τὴν δίκην
					τῶν ἐγκαλουμένων χρημάτων ὑφʼ ἡμῶν; </p>
			</div>
			<div type="section" n="82">
				<p>εἶτα κακῶς ἡμᾶς ἔλεγες καὶ τὸν ἡμέτερον πατέρʼ ἐξήταζες ὅστις ἦν; ἐφʼ οἷς τίς οὐκ
					ἄν, ὦ ἄνδρες Ἀθηναῖοι, χαλεπῶς ἤνεγκεν; ἐγὼ γάρ, εἰ πάντων τῶν ἄλλων ὑμῶν
					ἔλαττον προσήκει μοι φρονεῖν, τούτου γε μεῖζον οἶμαι, καὶ τούτῳ γʼ εἰ μηδενὸς
					τῶν ἄλλων ἔλαττον, ἐμοῦ γʼ ἔλαττον· ὄντων γὰρ ἡμῶν τοιούτων ὁποίους τινὰς ἂν
						<del>καὶ</del> σὺ κατασκευάσῃς τῷ λόγῳ, σὺ δοῦλος ἦσθα. </p>
			</div>
			<div type="section" n="83">
				<p>τάχα τοίνυν ἂν ἴσως καὶ τοῦτό τις αὐτῶν εἴποι, ὡς ἀδελφὸς ὢν ἐμὸς Πασικλῆς οὐδὲν
					ἐγκαλεῖ τῶν αὐτῶν τούτῳ πραγμάτων. ἐγὼ δʼ, ὦ ἄνδρες Ἀθηναῖοι, καὶ περὶ
					Πασικλέους, παραιτησάμενος καὶ δεηθεὶς ὑμῶν συγγνώμην ἔχειν, εἰ προεληλυθὼς εἰς
					τοῦθʼ ὥσθʼ ὑπὸ τῶν ἐμαυτοῦ δούλων ὑβρισθεὶς οὐ δύναμαι κατασχεῖν, ἃ τέως οὐδὲ
					τῶν ἄλλων λεγόντων ἀκούειν ἐδόκουν, ἐρῶ καὶ οὐ σιωπήσομαι. </p>
			</div>
			<div type="section" n="84">
				<p>ἐγὼ γὰρ ὁμομήτριον μὲν ἀδελφὸν ἐμαυτοῦ Πασικλέα νομίζω, ὁμοπάτριον δʼ οὐκ οἶδα,
					δέδοικα μέντοι μὴ τῶν Φορμίωνος ἁμαρτημάτων εἰς ἡμᾶς ἀρχὴ Πασικλῆς ᾖ. ὅταν γὰρ
					τῷ δούλῳ συνδικῇ τὸν ἀδελφὸν ἀτιμῶν, καὶ παραπεπτωκὼς θαυμάζῃ τούτους ὑφʼ ὧν
					αὐτῷ θαυμάζεσθαι προσῆκεν, τίνʼ ἔχει δικαίαν ταῦθʼ ὑποψίαν; ἄνελʼ οὖν ἐκ μέσου
					μοι Πασικλέα, καὶ σὸς μὲν υἱὸς ἀντὶ δεσπότου καλείσθω, ἐμὸς δʼ ἀντίδικος
					(βούλεται γὰρ) ἀντʼ ἀδελφοῦ. </p>
			</div>
			<div type="section" n="85">
				<p>ἐγὼ δὲ τούτῳ μὲν χαίρειν λέγω, οὓς δʼ ὁ πατήρ μοι παρέδωκε βοηθοὺς καὶ φίλους,
					εἰς τούτους ἥκω, εἰς ὑμᾶς, ὦ ἄνδρες δικασταί. καὶ δέομαι καὶ ἀντιβολῶ καὶ
					ἱκετεύω, μὴ ὑπερίδητέ με καὶ τὰς θυγατέρας διʼ ἔνδειαν τοῖς ἐμαυτοῦ δούλοις καὶ
					τοῖς τούτου κόλαξιν ἐπίχαρτον γενόμενον. οὑμὸς ὑμῖν πατὴρ χιλίας ἔδωκεν ἀσπίδας,
					καὶ πολλὰ χρήσιμον αὑτὸν παρέσχε, καὶ πέντε τριήρεις ἐθελοντὴς ἐπιδοὺς καὶ παρʼ
					αὑτοῦ πληρώσας ἐτριηράρχησε τριηραρχίας. καὶ ταῦτα, οὐκ ὀφείλειν ὑμᾶς νομίζων
					χάριν ἡμῖν, ὑπομιμνῄσκω (ἡμεῖς γὰρ ὀφείλομεν ὑμῖν), ἀλλʼ ἵνα μὴ λάθω τι παθὼν
					τούτων ἀνάξιον· οὐδὲ γὰρ ὑμῖν ἂν γένοιτο καλόν. </p>
			</div>
			<div type="section" n="86">
				<p>πολλὰ δʼ ἔχων εἰπεῖν περὶ ὧν ὕβρισμαι, οὐχ ἱκανὸν τὸ ὕδωρ ὁρῶ μοι. ὡς οὖν μάλιστʼ
					ἂν ἅπαντας ὑμᾶς ἡγοῦμαι γνῶναι τὴν ὑπερβολὴν ὧν ἠδικήμεθʼ ἡμεῖς, φράσω· εἰ
					σκέψαιτο πρὸς ἑαυτὸν ἕκαστος ὑμῶν τίνʼ οἴκοι κατέλιπεν οἰκέτην, εἶθʼ ὑπὸ τούτου
					πεπονθόθʼ ἑαυτὸν θείη ταὔθʼ ἅπερ ἡμεῖς ὑπὸ τούτου. μὴ γὰρ εἰ Σύρος ἢ Μάνης ἢ τίς
					ἕκαστος ἐκείνων, οὗτος δὲ Φορμίων· ἀλλὰ τὸ πρᾶγμα ταὐτό· δοῦλοι μὲν ἐκεῖνοι,
					δοῦλος δʼ οὗτος ἦν, δεσπόται δʼ ὑμεῖς, δεσπότης δʼ ἦν ἐγώ. </p>
			</div>
			<div type="section" n="87">
				<p>ἣν τοίνυν ὑμῶν ἂν ἕκαστος δίκην ἀξιώσειε λαβεῖν, ταύτην νομίζετε κἀμοὶ προσήκειν
					νῦν· καὶ τὸν ἀφῃρημένον τῷ μαρτυρῆσαι τὰ ψευδῆ καὶ ὑπὲρ τῶν νόμων καὶ ὑπὲρ τῶν
					ὅρκων οὓς ὀμωμοκότες δικάζετε, τιμωρήσασθε καὶ παράδειγμα ποιήσατε τοῖς ἄλλοις,
					μνημονεύοντες πάνθʼ ὅσʼ ἀκηκόαθʼ ἡμῶν, καὶ φυλάττοντες, ἐὰν παράγειν ἐπιχειρῶσιν
					ὑμᾶς, πρὸς ἕκαστον ἀπαντῶντες· ἐὰν μὴ φῶσιν ἅπαντα μεμαρτυρηκέναι, <q>τί οὖν ἐν
						τῷ γραμματείῳ γέγραπται; τί οὖν οὐ τότʼ ἀπηλείφου; </q></p>
			</div>
			<div type="section" n="88">
				<p><q>τίς ἡ παρὰ τοῖς ἄρχουσιν ἀντιγραφή;</q> ἐὰν μεμαρτυρηκέναι τὸν μὲν
					ἐπιτροπευθῆναι κατὰ διαθήκας, τὸν δʼ ἐπιτροπεῦσαι, τὸν δʼ ἔχειν, <q>ποίας; ἐν
						αἷς τί γέγραπται;</q> ταῦτʼ ἐρωτᾶτε· ἃ γὰρ οὗτοι μεμαρτυρήκασιν, οὐδεὶς
					ἐκείνων προσμεμαρτύρηκεν. ἐὰν δʼ ὀδύρωνται, τὸν πεπονθότʼ ἐλεινότερον τῶν
					δωσόντων δίκην ἡγεῖσθε. ταῦτα γὰρ ἂν ποιῆτε, ἐμοί τε βοηθήσετε, καὶ τούτους τῆς
					ἄγαν κολακείας ἐπισχήσετε, καὶ αὐτοὶ τὰ εὔορκʼ ἔσεσθʼ ἐψηφισμένοι. </p>
			</div>
		</body>
	</text>
</TEI>
