<?xml version="1.0" encoding="UTF-8"?>
<TEI xmlns="http://www.tei-c.org/ns/1.0">
	<teiHeader>

		<fileDesc>

			<titleStmt>
				<title>κατὰ Ἀνδροτίωνος Παρανόμων </title>
				<author>Demosthenes</author>
				<sponsor>Perseus Project, Tufts University</sponsor>
				<principal>Gregory Crane</principal>
				<respStmt>
					<resp>Prepared under the supervision of</resp>
					<name>Lisa Cerrato</name>
					<name>William Merrill</name>
					<name>Elli Mylonas</name>
					<name>David Smith</name>
				</respStmt>
				<funder n="org:AnnCPB">The Annenberg CPB/Project</funder>

			</titleStmt>
			<publicationStmt>
				<publisher>Trustees of Tufts University</publisher>
				<pubPlace>Medford, MA</pubPlace>
				<authority>Perseus Project</authority>
			</publicationStmt>





			<sourceDesc>
				<biblStruct>
					<monogr>
						<author>Demosthenes</author>
						<title>Demosthenis.Orationes. ed. S. H. Butcher and W. Rennie</title>

						<imprint>
							<publisher>Oxonii. E Typographeo Clarendoniano</publisher>
							<date>1907 and 1921</date>
						</imprint>
					</monogr>
				</biblStruct>
			</sourceDesc>


		</fileDesc>

		<encodingDesc>

			<refsDecl>
				<refState unit="speech"/>
				<refState unit="section"/>
			</refsDecl>
		</encodingDesc>

		<profileDesc>
			<langUsage>
				<language ident="greek">Greek </language>
				<language ident="en">English </language>
			</langUsage>
		</profileDesc>
		<revisionDesc>
			<!--
<change><date>6/2/92</date><respStmt><name>David Smith</name><resp>(n/a)</resp></respStmt><item>fixed typos, esp. in 27.61 e)poih/san to e)poi/hsan</item>
</change>
<change><date>July 2014</date>
    <respStmt><name>Stella Dee</name><resp>ed.</resp></respStmt>
    <item>split composite text and converted to unicode</item>
      </change>-->
			<change when="2014-08-01" who="Stella Dee">edited markup</change>
		</revisionDesc>

	</teiHeader>
	<text xml:lang="grc">
		<body>
			<div n="1" type="section">
				<p>ὅπερ Εὐκτήμων, ὦ ἄνδρες δικασταί, παθὼν ὑπʼ Ἀνδροτίωνος κακῶς, ἅμα τῇ τε πόλει
					βοηθεῖν οἴεται δεῖν καὶ δίκην ὑπὲρ αὑτοῦ λαβεῖν, τοῦτο κἀγὼ πειράσομαι ποιεῖν,
					ἐὰν ἄρʼ οἷός τʼ ὦ. συμβέβηκε δέ, πολλὰ καὶ δεινὰ καὶ παρὰ πάντας τοὺς νόμους
					Εὐκτήμονος ὑβρισμένου, ἐλάττω ταῦτʼ εἶναι τῶν ἐμοὶ γεγενημένων διʼ Ἀνδροτίωνος
					πραγμάτων. οὗτος μέν γʼ εἰς χρήματα καὶ τὸ παρʼ ὑμῶν ἀδίκως ἐκπεσεῖν
					ἐπεβουλεύθη· ἐμὲ δʼ οὐδʼ ἂν ἐδέξατο τῶν ὄντων ἀνθρώπων οὐδὲ εἷς, εἰ τὰ
					κατασκευασθένθʼ ὑπὸ τούτου παρʼ ὑμῖν ἐπιστεύθη. </p>
			</div>
			<div n="2" type="section">
				<p>αἰτιασάμενος γάρ με, ἃ καὶ λέγειν ἂν ὀκνήσειέ τις, εἰ μὴ τύχοι προσόμοιος ὢν
					τούτῳ, τὸν πατέρʼ ὡς ἀπέκτονʼ ἐγὼ τὸν ἐμαυτοῦ, καὶ κατασκευάσας ἀσεβείας γραφὴν
					οὐκ ἐπʼ ἐμέ, ἀλλʼ ἐπὶ τὸν θεῖόν μου, γράψας ἀσεβεῖν ἐμοὶ συνιόντʼ εἰς ταὐτὸν ὡς
					πεποιηκότι ταῦτα, εἰς ἀγῶνα κατέστησεν· ὃν εἰ συνέβη τόθʼ ἁλῶναι, τίς ἂν
					ἀθλιώτερʼ ἐμοῦ πεπονθὼς ἦν ὑπὸ τούτου; τίς γὰρ ἂν ἢ φίλος ἢ ξένος εἰς ταὐτό ποτʼ
					ἐλθεῖν ἠθέλησεν ἐμοί; τίς δʼ ἂν εἴασε πόλις που παρʼ ἑαυτῇ γενέσθαι τὸν τὸ
					τοιοῦτʼ ἀσέβημα δοκοῦντʼ εἰργάσθαι; οὐκ ἔστιν οὐδὲ μία. </p>
			</div>
			<div n="3" type="section">
				<p>ἐγὼ τοίνυν ταῦτα μὲν οὐ παρὰ μικρὸν ἀγωνιζόμενος παρʼ ὑμῖν ἀπελυσάμην, ἀλλʼ ὥστε
					τὸ πέμπτον μέρος μὴ λαβεῖν τούτους τῶν ψήφων· τουτονὶ δὲ μεθʼ ὑμῶν πειράσομαι
					καὶ νῦν καὶ τὸν ἄλλον ἅπαντʼ ἀμύνεσθαι χρόνον. καὶ περὶ μὲν τῶν ἰδίων ἔχων ἔτι
					πολλὰ λέγειν ἐάσω· περὶ δʼ ὧν οἴσετε τὴν ψῆφον νυνὶ καὶ περὶ ὧν οὗτος δημοσίᾳ
					πεπολιτευμένος οὐκ ὀλίγʼ ὑμᾶς ἔβλαψεν, ἅ μοι παραλείπειν Εὐκτήμων ἐδόκει,
					βέλτιον δʼ ὑμᾶς ἀκοῦσαι, ταῦτα διεξελθεῖν ἐν βραχέσιν πειράσομαι. </p>
			</div>
			<div n="4" type="section">
				<p>ἐγὼ γὰρ εἰ μὲν ἑώρων τινʼ ἁπλῆν τούτῳ περὶ ὧν φεύγει πρὸς ὑμᾶς οὖσαν ἀπολογίαν,
					οὐκ ἂν ἐποιούμην περὶ αὐτῆς μνείαν οὐδεμίαν. νῦν δʼ οἶδα σαφῶς ὅτι οὗτος ἁπλοῦν
					μὲν οὐδὲ δίκαιον οὐδὲν ἂν εἰπεῖν ἔχοι, ἐξαπατᾶν δʼ ὑμᾶς πειράσεται πλάττων καὶ
					παράγων πρὸς ἕκαστα τούτων κακούργους λόγους. ἔστι γάρ, ὦ ἄνδρες Ἀθηναῖοι,
					τεχνίτης τοῦ λέγειν καὶ πάντα τὸν βίον ἐσχόλακεν <del>ἐν</del> τούτῳ. ὑπὲρ οὖν
					τοῦ μὴ παρακρουσθέντας ὑμᾶς ἐναντία μὲν τοῖς ὀμωμοσμένοις πεισθῆναι ψηφίσασθαι,
					ἀφεῖναι δὲ τοῦτον ὃν ὑμῖν πολλῶν ἕνεκʼ ἄξιον κολάσαι, προσέχετε τὸν νοῦν οἷς
					ἐρῶ, ἵνʼ ἀκούσαντες ἐμοῦ πρὸς ἕκαστον τῶν ὑπὸ τούτου ῥηθησομένων ἔχηθʼ
					ὑπολαμβάνειν ἃ δεῖ. </p>
			</div>
			<div n="5" type="section">
				<p>ἔστι γὰρ εἷς μὲν ὃν οἴεται τεχνικῶς ἔχειν αὐτῷ λόγος περὶ τοῦ ἀπροβουλεύτου.
					νόμος ἐστί, φησίν, ἐὰν ἀξίως ἡ βουλὴ δοκῇ βουλεῦσαι δωρειᾶς, διδόναι τὸν δῆμον
					τὴν δωρειὰν αὐτῇ. ταῦτʼ ἐπήρετο, φησίν, ὁ ἐπιστάτης, διεχειροτόνησεν ὁ δῆμος,
					ἔδοξεν. οὐδὲν δεῖ, φησί, προβουλεύματος ἐνταῦθα· κατὰ γὰρ νόμον ἦν τὰ γιγνόμενα.
					ἐγὼ δʼ αὐτὸ τοὐναντίον οἴομαι, νομίζω δὲ καὶ ὑμῖν συνδόξειν, περὶ τούτων
						<add>δεῖν</add> τὰ προβουλεύματʼ ἐκφέρειν μόνων περὶ ὧν κελεύουσιν οἱ νόμοι,
					ἐπεὶ περὶ ὧν γε μὴ κεῖνται νόμοι οὐδὲ γράφειν τὴν ἀρχὴν προσήκει οὐδὲ ἓν δήπου.
				</p>
			</div>
			<div n="6" type="section">
				<p>φησὶ τοίνυν τοῦτον ἁπάσας τὸν τρόπον εἰληφέναι τὰς βουλάς, ὅσαι πώποτʼ ἔχουσι
					παρʼ ὑμῶν δωρειάν, καὶ οὐδὲ μιᾷ γεγενῆσθαι προβούλευμα πώποτε. ἐγὼ δʼ οἴομαι μὲν
					οὐχὶ λέγειν αὐτὸν ἀληθῆ, μᾶλλον δʼ οἶδα σαφῶς· οὐ μὴν ἀλλʼ εἰ τοῦτο τοιοῦτʼ
					ἐστὶν τὰ μάλιστα, ὁ νόμος δὲ λέγει τἀναντία, οὐχ ὅτι πολλάκις ἡμάρτηται δήπου
					πρότερον, διὰ τοῦτʼ ἐπεξαμαρτητέον ἐστὶ καὶ νῦν, ἀλλὰ τοὐναντίον ἀρκτέον, ὡς ὁ
					νόμος κελεύει, τὰ τοιαῦτα ποιεῖν ἀναγκάζειν ἀπὸ σοῦ πρώτου. </p>
			</div>
			<div n="7" type="section">
				<p>σὺ δὴ μὴ λέγʼ ὡς γέγονεν τοῦτο πολλάκις, ἀλλʼ ὡς οὕτω προσήκει γίγνεσθαι. οὐ γὰρ
					εἴ τι πώποτε μὴ κατὰ τοὺς νόμους ἐπράχθη, σὺ δὲ τοῦτʼ ἐμιμήσω, διὰ τοῦτʼ
					ἀποφεύγοις ἂν δικαίως, ἀλλὰ πολλῷ μᾶλλον ἁλίσκοιο· ὥσπερ γὰρ εἴ τις ἐκείνων
					προήλω, σὺ τάδʼ οὐκ ἂν ἔγραψας, οὕτως, ἂν σὺ νῦν δίκην δῷς, ἄλλος οὐ γράψει.
				</p>
			</div>
			<div n="8" type="section">
				<p>περὶ τοίνυν τοῦ νόμου τοῦ διαρρήδην οὐκ ἐῶντος ἐξεῖναι μὴ ποιησαμένῃ τῇ βουλῇ τὰς
					τριήρεις αἰτῆσαι τὴν δωρειάν, ἄξιόν ἐστιν ἀκοῦσαι τὴν ἀπολογίαν ἣν ποιήσεται,
					καὶ θεωρῆσαι τὴν ἀναίδειαν τοῦ τρόπου διʼ ὧν ἐγχειρεῖ λέγειν. ὁ νόμος, φησίν,
					οὐκ ἐᾷ τὴν βουλὴν αἰτῆσαι τὴν δωρειάν, ἐὰν μὴ ποιήσηται τὰς τριήρεις· ὁμολογῶ.
					δοῦναι δέ γʼ οὐδαμοῦ, φησί, κωλύει τὸν δῆμον. ἐγὼ δʼ, εἰ μὲν ἔδωκʼ αἰτούσῃ, παρὰ
					τὸν νόμον εἴρηκα· εἰ δὲ μὴ πεποίημαι μνείαν περὶ τῶν νεῶν ἐν ὅλῳ τῷ ψηφίσματι,
					ἀλλʼ ἕτερʼ ἄττα λέγω διʼ ἃ τὴν βουλὴν στεφανῶ, πῶς παρὰ τὸν νόμον εἴρηκα; </p>
			</div>
			<div n="9" type="section">
				<p>ἔστι δὴ πρὸς ταῦτʼ οὐ χαλεπὸν τὰ δίκαιʼ ὑμῖν ἀντειπεῖν, ὅτι πρῶτον μὲν οἱ
					προεδρεύοντες τῆς βουλῆς καὶ ὁ ταῦτʼ ἐπιψηφίζων ἐπιστάτης ἠρώτων καὶ
					διαχειροτονίαν ἐδίδοσαν, ὅτῳ δοκεῖ δωρειᾶς ἀξίως ἡ βουλὴ βεβουλευκέναι καὶ ὅτῳ
					μή· καίτοι τούς γε μὴ αἰτοῦντας μηδὲ λαβεῖν ἀξιοῦντας τὴν ἀρχὴν οὐδʼ ἐπερωτᾶν
					προσῆκεν. </p>
			</div>
			<div n="10" type="section">
				<p>πρὸς τοίνυν τούτοις ἔστιν ἃ Μειδίου κατηγοροῦντος τῆς βουλῆς καὶ ἄλλων τινῶν,
					ἀναπηδῶντες οἱ βουλευταὶ ἐδέοντο μὴ σφᾶς ἀφελέσθαι τὴν δωρειάν. καὶ ταῦτʼ οὐ
					παρʼ ἐμοῦ δεῖ πυθέσθαι τοὺς δικάζοντας ὑμᾶς, ἀλλʼ αὐτοὶ παρόντες ἴστʼ ἐν τῷ δήμῳ
					γενόμενα. ὥσθʼ ὅταν μὲν μὴ φῇ τὴν βουλὴν αἰτεῖν, ταῦθʼ ὑπολαμβάνετε· ὅτι δʼ οὐδὲ
					τὸν δῆμον ἐᾷ διδόναι μὴ ποιησαμένοις τὰς ναῦς ὁ νόμος, καὶ τοῦτʼ ἐπιδείξω. </p>
			</div>
			<div n="11" type="section">
				<p>διὰ ταῦτα γάρ, ὦ ἄνδρες Ἀθηναῖοι, τοῦτον ἔχει τὸν τρόπον ὁ νόμος, μὴ ἐξεῖναι τῇ
					βουλῇ μὴ ποιησαμένῃ τὰς τριήρεις αἰτῆσαι τὴν δωρειάν, ἵνα μηδὲ πεισθῆναι μηδʼ
					ἐξαπατηθῆναι γένοιτʼ ἐπὶ τῷ δήμῳ. οὐ γὰρ ᾤετο δεῖν ὁ τιθεὶς τὸν νόμον ἐπὶ τῇ τῶν
					λεγόντων δυνάμει τὸ πρᾶγμα καταστῆσαι, ἀλλʼ ὃ δίκαιον ἦν εὑρεῖν ἅμα καὶ συμφέρον
					τῷ δήμῳ, νόμῳ τετάχθαι. τὰς τριήρεις οὐ πεποίησαι; μὴ τοίνυν αἴτει τὴν δωρειάν.
					ὅπου δʼ αἰτεῖν οὐκ ἐᾷ, πῶς οὐ σφόδρα δοῦναί γε κωλύει; </p>
			</div>
			<div n="12" type="section">
				<p>ἄξιον τοίνυν, ὦ ἄνδρες Ἀθηναῖοι, κἀκεῖνο ἐξετάσαι, τί δήποτε, ἂν τἄλλα πάνθʼ ἡ
					βουλὴ καλῶς βουλεύσῃ καὶ μηδεὶς ἔχῃ μηδὲν ἐγκαλέσαι, τὰς δὲ τριήρεις μὴ
					ποιήσηται, τὴν δωρειὰν οὐκ ἔξεστιν αἰτῆσαι. εὑρήσετε γὰρ τοῦτο τὸ ἰσχυρὸν ὑπὲρ
					τοῦ δήμου κείμενον. οἶμαι γὰρ ἂν μηδένʼ ἀντειπεῖν ὡς οὐχ, ὅσα πώποτε τῇ πόλει
					γέγονʼ ἢ νῦν ἔστʼ ἀγάθʼ ἢ θάτερα, ἵνα μηδὲν εἴπω φλαῦρον, ἐκ τῆς τῶν τριήρων τὰ
					μὲν κτήσεως, τὰ δʼ ἀπουσίας γέγονεν. </p>
			</div>
			<div n="13" type="section">
				<p>οἷον πολλὰ μὲν ἄν τις ἔχοι λέγειν καὶ παλαιὰ καὶ καινά· ἃ δʼ οὖν πᾶσι μάλιστʼ
					ἀκοῦσαι γνώριμα, τοῦτο μέν, εἰ βούλεσθε, οἱ τὰ προπύλαια καὶ τὸν παρθενῶνʼ
					οἰκοδομήσαντες ἐκεῖνοι καὶ τἄλλʼ ἀπὸ τῶν βαρβάρων ἱερὰ κοσμήσαντες, ἐφʼ οἷς
					φιλοτιμούμεθα πάντες εἰκότως, ἴστε δήπου τοῦτʼ ἀκοῇ, ὅτι τὴν πόλιν ἐκλιπόντες
					καὶ κατακλεισθέντες εἰς Σαλαμῖνα, ἐκ τοῦ τριήρεις ἔχειν πάντα μὲν τὰ σφέτερʼ
					αὐτῶν καὶ τὴν πόλιν τῇ ναυμαχίᾳ νικήσαντες ἔσωσαν, πολλῶν δὲ καὶ μεγάλων ἀγαθῶν
					τοῖς ἄλλοις Ἕλλησι κατέστησαν αἴτιοι, ὧν οὐδʼ ὁ χρόνος τὴν μνήμην ἀφελέσθαι
					δύναται. </p>
			</div>
			<div n="14" type="section">
				<p>εἶεν· ἀλλʼ ἐκεῖνα μὲν ἀρχαῖα καὶ παλαιά. ἀλλʼ ἃ πάντες ἑοράκατε, ἴσθʼ ὅτι πρώην
					Εὐβοεῦσιν ἡμερῶν τριῶν ἐβοηθήσατε καὶ Θηβαίους ὑποσπόνδους ἀπεπέμψατε. ἆρʼ οὖν
					ταῦτʼ ἐπράξατʼ ἂν οὕτως ὀξέως, εἰ μὴ ναῦς εἴχετε καινὰς ἐν αἷς ἐβοηθήσατε; ἀλλʼ
					οὐκ ἂν ἐδύνασθε. ἄλλα πόλλʼ ἔχοι τις ἂν εἰπεῖν ἃ τῇ πόλει γέγονʼ ἐκ τοῦ ταύτας
					κατεσκευάσθαι καλῶς ἀγαθά. </p>
			</div>
			<div n="15" type="section">
				<p>εἶεν· ἐκ δὲ τοῦ κακῶς πόσα δεινά; τὰ μὲν πόλλʼ ἐάσω· ἀλλʼ ἐπὶ τοῦ Δεκελεικοῦ
					πολέμου (τῶν γὰρ ἀρχαίων ἕν, ὃ πάντες ἐμοῦ μᾶλλον ἐπίστασθε, ὑπομνήσω) πολλῶν
					καὶ δεινῶν ἀτυχημάτων συμβάντων τῇ πόλει οὐ πρότερον τῷ πολέμῳ παρέστησαν πρὶν
					τὸ ναυτικὸν αὐτῶν ἀπώλετο. καὶ τί δεῖ τὰ παλαιὰ λέγειν; τὸν τελευταῖον γὰρ ἴστε
						<del>τὸν</del> πρὸς Λακεδαιμονίους πόλεμον, ὅτε μὲν ναῦς οὐκ ἐδοκεῖτʼ
					ἀποστεῖλαι δυνήσεσθαι, πῶς διέκειθʼ ἡ πόλις· ἴστʼ ὀρόβους ὄντας ὠνίους. ἐπειδὴ
					δʼ ἀπεστείλατε, εἰρήνης ἐτύχεθʼ ὁποίας τινὸς ἐβούλεσθε. </p>
			</div>
			<div n="16" type="section">
				<p>ὥστε δικαίως, ὦ ἄνδρες Ἀθηναῖοι, τηλικαύτην ἐχουσῶν ῥοπὴν ἐφʼ ἑκάτερα τῶν
					τριήρων, τοῦτον ὅρον τεθήκατε τῇ βουλῇ, πότερʼ αὐτὴν δεῖ λαβεῖν τὴν δωρειὰν ἢ
					οὔ. εἰ γὰρ πάντα τἄλλα διοικήσειε καλῶς, διʼ ὧν δὲ τό τʼ ἐξ ἀρχῆς ταῦτʼ
					ἐκτησάμεθα καὶ νῦν σῴζομεν, ταύτας μὴ ποιήσαιτο, τὰς τριήρεις λέγω, οὐδὲν
					ἐκείνων ὄφελος· τὴν γὰρ τῶν ὅλων σωτηρίαν πρῶτον ὑπάρχειν δεῖ παρεσκευασμένην τῷ
					δήμῳ. οὗτος τοίνυν εἰς τοῦτʼ ἐλήλυθε τοῦ νομίζειν αὑτῷ καὶ λέγειν καὶ γράφειν
					ἐξεῖναι πᾶν ὅ τι ἂν βούληται, ὥστε βεβουλευκυίας μὲν τἄλλʼ ὃν τρόπον ὑμεῖς
					ἀκούετε τῆς βουλῆς, οὐ πεποιημένης δὲ τὰς τριήρεις, γέγραφεν δοῦναι τὴν δωρειάν.
				</p>
			</div>
			<div n="17" type="section">
				<p><milestone ed="P" unit="para"/>καὶ ταῦθʼ ὡς μὲν οὐ παρὰ τὸν νόμον ἐστίν, οὔτʼ ἂν
					οὗτος ἔχοι λέγειν οὔθʼ ὑμεῖς πεισθείητε· ἀκούω δʼ αὐτὸν τοιοῦτον ἐρεῖν τινʼ ἐν
					ὑμῖν λόγον, ὡς οὐχ ἡ βουλὴ γέγονʼ αἰτία τοῦ μὴ πεποιῆσθαι τὰς ναῦς, ἀλλʼ ὁ τῶν
					τριηροποιικῶν ταμίας ἀποδρὰς ᾤχετʼ ἔχων πένθʼ ἡμιτάλαντα, καὶ τὸ πρᾶγμʼ ἀτύχημα
					συμβέβηκεν. ἐγὼ δὲ πρῶτον μὲν αὐτὸ τοῦτο θαυμάζω, εἰ στεφανοῦν ἐπὶ τοῖς
					ἠτυχημένοις ἠξίου τὴν βουλήν· τῶν κατορθουμένων γὰρ ἔγωγʼ ἡγούμην ἔργων τὰς
					τοιαύτας ὡρίσθαι τιμάς· ἔπειτα δὲ κἀκεῖνʼ ἔτι βούλομαι φράσαι πρὸς ὑμᾶς. </p>
			</div>
			<div n="18" type="section">
				<p>οὔ φημι δίκαιον εἶναι περὶ ἀμφοῖν λέγειν, καὶ ὡς οὐ παρὰ τὸν νόμον ἡ δωρειὰ
					δέδοται, καὶ ὡς οὐ διὰ τὴν βουλὴν οὐκ εἰσὶν αἱ τριήρεις. εἰ μὲν γὰρ διδόναι καὶ
					μὴ ποιησαμένῃ προσήκει, τί τοῦτο δεῖ λέγειν, διʼ ὅντινα δήποτʼ οὐ πεποίηνται; εἰ
					δʼ οὐκ ἔξεστι, τί μᾶλλον, ἂν διὰ τὸν δεῖνʼ ἢ τὸν δεῖνʼ ἐπιδείξῃ μὴ πεποιημένας,
					ἐκείνῃ προσῆκε λαβεῖν; </p>
			</div>
			<div n="19" type="section">
				<p>χωρὶς δὲ τούτων ἔμοιγε δοκοῦσιν αἵρεσιν ὑμῖν οἱ τοιοῦτοι λόγοι διδόναι, πότερʼ
					οἴεσθε δεῖν προφάσεις καὶ λόγους ἀκούειν τῶν ἀδικούντων ὑμᾶς ἢ ναῦς κεκτῆσθαι.
					εἰ μὲν γὰρ τούτου ταῦτʼ ἀποδέξεσθε, ἔσται δῆλον ἁπάσαις ταῖς βουλαῖς ὅτι δεῖ
					πρόφασιν πιθανὴν ἐξευρεῖν πρὸς ὑμᾶς, οὐχὶ τριήρεις ποιήσασθαι· ἐκ δὲ τούτου τὰ
					μὲν χρήματʼ ἀναλωθήσεται, ναῦς δʼ οὐχ ἕξεθʼ ὑμεῖς. </p>
			</div>
			<div n="20" type="section">
				<p>ἐὰν δʼ, ὡς ὁ νόμος λέγει καὶ δεῖ τοὺς ὀμωμοκότας, πικρῶς καὶ ἁπλῶς τὰς μὲν
					προφάσεις ἀνέλητε, φανῆτε δʼ ἀφῃρημένοι τὴν δωρειὰν ὅτι τὰς ναῦς οὐ πεποίηνται,
					πάντες, ὦ ἄνδρες Ἀθηναῖοι, πεποιημένας ὑμῖν παραδώσουσι τὰς τριήρεις, πάντα
					τἄλλα παρʼ ὑμῖν ἑορακότες ἀσθενέστερα τοῦ νόμου γεγενημένα. ὅτι τοίνυν οὐδʼ
					αἴτιος ἄλλος οὐδεὶς ἀνθρώπων ἐστὶ τοῦ μὴ πεποιῆσθαι τὰς ναῦς, τοῦτο σαφῶς ὑμῖν
					ἐπιδείξω· ἀνελοῦσα γὰρ ἡ βουλὴ τὸν νόμον, τοῦτον ἐχειροτόνησεν αὐτή. </p>
			</div>
			<div n="21" type="section">
				<p>ἔτι τοίνυν ἐπιχειρεῖ λέγειν περὶ τοῦ τῆς ἑταιρήσεως νόμου, ὡς ὑβρίζομεν ἡμεῖς καὶ
					βλασφημίας οὐχὶ προσηκούσας κατʼ αὐτοῦ ποιούμεθα. καὶ φησὶ δεῖν ἡμᾶς, εἴπερ
					ἐπιστεύομεν εἶναι ταῦτʼ ἀληθῆ, πρὸς τοὺς θεσμοθέτας ἀπαντᾶν, ἵνʼ ἐκεῖ περὶ
					χιλιῶν ἐκινδυνεύομεν, εἰ καταψευδόμενοι ταῦτʼ ἐφαινόμεθα· νῦν δὲ φενακίζειν
					αἰτίας καὶ λοιδορίας κενὰς ποιουμένους, καὶ ἐνοχλεῖν οὐ δικασταῖς τούτων οὖσιν
					ὑμῖν. </p>
			</div>
			<div n="22" type="section">
				<p>ἐγὼ δʼ οἴομαι δεῖν ὑμᾶς πρῶτον μὲν ἐκεῖνο λογίζεσθαι παρʼ ὑμῖν αὐτοῖς, ὅτι
					πάμπολυ λοιδορία τε καὶ αἰτία κεχωρισμένον ἐστὶν ἐλέγχου. αἰτία μὲν γάρ ἐστιν,
					ὅταν τις ψιλῷ χρησάμενος λόγῳ μὴ παράσχηται πίστιν ὧν λέγει, ἔλεγχος δέ, ὅταν ὧν
					ἂν εἴπῃ τις καὶ τἀληθὲς ὁμοῦ δείξῃ. ἔστι τοίνυν ἀνάγκη τοὺς ἐλέγχοντας ἢ
					τεκμήρια δεικνύναι διʼ ὧν ἐμφανιοῦσι τὸ πιστὸν ὑμῖν, ἢ τὰ εἰκότα φράζειν, ἢ
					μάρτυρας παρέχεσθαι· οὐ γὰρ οἷόν τʼ ἐνίων αὐτόπτας ἐστὶ καταστῆσαι, ἀλλʼ ἐὰν
					ἐπιδεικνύῃ τίς τι τούτων, ἱκανὸν νομίζετʼ ἔλεγχον ἔχειν ὑμεῖς εἰκότως τῆς
					ἀληθείας ἑκάστοτε. </p>
			</div>
			<div n="23" type="section">
				<p>ἡμεῖς τοίνυν οὐκ ἐκ λόγων εἰκότων οὐδὲ τεκμηρίων, ἀλλὰ παρʼ οὗ μάλιστα δίκην ἔστι
					λαβεῖν τούτῳ, ταῦτʼ ἐπιδείκνυμεν—ἄνδρα παρεσχηκότα γραμματεῖον, ἐν ᾧ τὰ τούτῳ
					βεβιωμένʼ ἔνεστιν, ὃς αὑτὸν ὑπεύθυνον ποιήσας μαρτυρεῖ ταῦτα. ὥσθʼ ὅταν μὲν
					λοιδορίαν ταῦτα καὶ αἰτίαν εἶναι φῇ, ὑπολαμβάνεθʼ ὡς ταῦτα μέν ἐστιν ἔλεγχος, ἃ
					δʼ οὗτος ποιεῖ, ταῦτα λοιδορία καὶ αἰτία· ὅταν δʼ ὅτι πρὸς τοὺς θεσμοθέτας
					προσῆκεν ἐπαγγέλλειν ἡμῖν, ἐκεῖνο ὑπολαμβάνετε, ὅτι καὶ τοῦτο ποιήσομεν † † †
					καὶ νῦν προσηκόντως περὶ τοῦ νόμου λέγομεν. </p>
			</div>
			<div n="24" type="section">
				<p>εἰ μὲν γὰρ ἄλλον τινʼ ἀγῶνʼ ἀγωνιζομένου σου ταῦτα κατηγοροῦμεν, δικαίως ἂν
					ἠγανάκτεις· εἰ δʼ ὁ μὲν νῦν ἐνεστηκὼς ἀγών ἐστιν παρανόμων, οἱ νόμοι δʼ οὐκ ἐῶσι
					λέγειν οὐδὲ τὰ ἔννομα τοὺς οὕτω βεβιωκότας, ἡμεῖς δʼ ἐπιδείκνυμεν οὐ μόνον
					εἰρηκότʼ αὐτὸν παράνομα, ἀλλὰ καὶ βεβιωκότα παρανόμως, πῶς οὐχὶ προσήκει λέγειν
					περὶ τούτου τοῦ νόμου διʼ οὗ ταῦτʼ ἐλέγχεται; </p>
			</div>
			<div n="25" type="section">
				<p>καὶ μὴν κἀκεῖνό γε δεῖ μαθεῖν ὑμᾶς, ὅτι τοὺς νόμους ὁ τιθεὶς τούτους Σόλων καὶ
					τῶν ἄλλων τοὺς πολλούς, οὐδὲν ὅμοιος ὢν τούτῳ νομοθέτης, οὐχ ἑνὶ ἔδωκε τρόπῳ
					περὶ τῶν ἀδικημάτων ἑκάστων λαμβάνειν δίκην τοῖς βουλομένοις παρὰ τῶν
					ἀδικούντων, ἀλλὰ πολλαχῶς. ᾔδει γάρ, οἶμαι, τοῦθʼ ὅτι τοὺς ἐν τῇ πόλει γενέσθαι
					πάντας ὁμοίως ἢ δεινοὺς ἢ θρασεῖς ἢ μετρίους οὐκ ἂν εἴη. εἰ μὲν οὖν, ὡς τοῖς
					μετρίοις δίκην ἐξαρκέσει λαβεῖν, οὕτω τοὺς νόμους θήσει, μετʼ ἀδείας ἔσεσθαι
					πολλοὺς πονηροὺς ἡγεῖτο· εἰ δʼ ὡς τοῖς θρασέσιν καὶ δυνατοῖς λέγειν, τοὺς
					ἰδιώτας οὐ δυνήσεσθαι τὸν αὐτὸν τούτοις τρόπον λαμβάνειν δίκην. </p>
			</div>
			<div n="26" type="section">
				<p>δεῖν δʼ ᾤετο μηδένʼ ἀποστερεῖσθαι τοῦ δίκης τυχεῖν, ὡς ἕκαστος δύναται. πῶς οὖν
					ἔσται τοῦτο; ἐὰν πολλὰς ὁδοὺς δῷ διὰ τῶν νόμων ἐπὶ τοὺς ἠδικηκότας οἷον τῆς
					κλοπῆς. ἔρρωσαι καὶ σαυτῷ πιστεύεις· ἄπαγε· ἐν χιλίαις δʼ ὁ κίνδυνος.
					ἀσθενέστερος εἶ· τοῖς ἄρχουσιν ἐφηγοῦ· τοῦτο ποιήσουσιν ἐκεῖνοι. φοβεῖ καὶ
					τοῦτο· γράφου. </p>
			</div>
			<div n="27" type="section">
				<p>καταμέμφει σεαυτὸν καὶ πένης ὢν οὐκ ἂν ἔχοις χιλίας ἐκτεῖσαι· δικάζου κλοπῆς πρὸς
					διαιτητὴν καὶ οὐ κινδυνεύσεις. <del>οὐδέτερον βούλει τούτων· γράφου. κατοκνεῖς
						καὶ τοῦτο· ἐφηγοῦ.</del> τούτων οὐδέν ἐστι ταὐτό. τῆς ἀσεβείας κατὰ ταὔτʼ
					ἔστʼ ἀπάγειν, γράφεσθαι, δικάζεσθαι πρὸς Εὐμολπίδας, φαίνειν πρὸς τὸν βασιλέα.
					περὶ τῶν ἄλλων ἁπάντων τὸν αὐτὸν τρόπον σχεδόν. </p>
			</div>
			<div n="28" type="section">
				<p>εἰ δή τις ὡς μὲν οὐχὶ κακοῦργός ἐστι μὴ λέγοι, ἢ ὡς οὐκ ἀσεβής, ἢ ὅ τι δήποτʼ εἴη
					διʼ ὃ κρίνοιτο, διὰ ταῦτα δʼ ἐκφεύγειν ἀξιοίη, εἰ μὲν ἀπηγμένος εἴη, διότι πρὸς
					διαιτητὴν ἐξῆν αὐτῷ λαχεῖν ἢ γράφεσθαι χρῆν, εἰ δὲ πρὸς διαιτητῇ φεύγοι, ὅτι
					χρῆν σʼ ἀπάγειν, ἵνʼ ἐκινδύνευες περὶ χιλιῶν, γέλως ἂν εἴη δήπουθεν. οὐ γὰρ τόν
					γε μηδὲν πεποιηκότα δεῖ περὶ τοῦ τρόπον ὅντινα χρὴ διδόναι δίκην ἀντιλέγειν,
					ἀλλʼ ὡς οὐ πεποίηκʼ ἐπιδεικνύναι. </p>
			</div>
			<div n="29" type="section">
				<p>τὸν αὐτὸν δὴ τρόπον, Ἀνδροτίων, καὶ σὺ μὴ διὰ ταῦτʼ οἴου σοι προσήκειν μὴ δοῦναι
					δίκην εἰ γράφεις ἡταιρηκώς, ὅτι καὶ πρὸς τοὺς θεσμοθέτας ἔσθʼ ἡμῖν ἐπαγγελία·
					ἀλλʼ ἢ δεῖξον οὐ πεποιηκότα ταῦτα σεαυτόν, ἢ δίκην ὕπεχʼ ὧν γέγραφας τοιοῦτος
					ὤν· οὐ γὰρ ἔξεστί σοι. εἰ δέ σε μὴ πάντας ὅσους διδόασιν οἱ νόμοι τρόπους
					τιμωρούμεθα, χάριν ἡμῖν ὧν παραλείπομεν, ἐκείνων ἔχε, μὴ διὰ ταῦτʼ ἀξίου μηδένα
					δοῦναι τρόπον δίκην. </p>
			</div>
			<div n="30" type="section">
				<p>ἄξιον τοίνυν, ὦ ἄνδρες Ἀθηναῖοι, καὶ τὸν θέντα τὸν νόμον ἐξετάσαι Σόλωνα, καὶ
					θεάσασθαι ὅσην πρόνοιαν ἐποιεῖτο ἐν ἅπασιν οἷς ἐτίθει νόμοις τῆς πολιτείας, καὶ
					ὅσῳ περὶ τούτου μᾶλλον ἐσπούδαζεν ἢ περὶ τοῦ πράγματος οὗ τιθείη τὸν νόμον.
					πολλαχόθεν μὲν οὖν ἄν τις ἴδοι τοῦτο, οὐχ ἥκιστα δʼ ἐκ τούτου τοῦ νόμου, μήτε
					λέγειν μήτε γράφειν ἐξεῖναι τοῖς ἡταιρηκόσιν. ἑώρα γὰρ ἐκεῖνο, ὅτι τοῖς πολλοῖς
					ὑμῶν ἐξὸν λέγειν οὐ λέγετε, ὥστε τοῦτʼ οὐδὲν ἡγεῖτο βαρύ, καὶ πόλλʼ ἂν εἶχεν, εἴ
					γε κολάζειν ἐβούλετο τούτους, χαλεπώτερα θεῖναι. </p>
			</div>
			<div n="31" type="section">
				<p>ἀλλʼ οὐ τοῦτʼ ἐσπούδασεν, ἀλλὰ ταῦτʼ ἀπεῖπεν ὑπὲρ ὑμῶν καὶ τῆς πολιτείας. ᾔδει
					γάρ, ᾔδει τοῖς αἰσχρῶς βεβιωκόσιν ἁπασῶν οὖσαν ἐναντιωτάτην πολιτείαν ἐν ᾗ πᾶσιν
					ἔξεστι λέγειν τἀκείνων ὀνείδη. ἔστι δʼ αὕτη τίς; δημοκρατία. οὔκουν ἐνόμιζεν
					ἀσφαλές, εἴ ποτε συμβήσεται γενέσθαι συχνοὺς ἀνθρώπους κατὰ τοὺς αὐτοὺς χρόνους
					εἰπεῖν μὲν δεινοὺς καὶ θρασεῖς, τοιούτων δʼ ὀνειδῶν καὶ κακῶν μεστούς· </p>
			</div>
			<div n="32" type="section">
				<p>πολλὰ γὰρ ἂν τὸν δῆμον ὑπʼ αὐτῶν ὑπαχθέντʼ ἐξαμαρτεῖν, κἀκείνους ἤτοι καταλῦσαί
					γʼ ἂν πειρᾶσθαι τὸ παράπαν τὸν δῆμον (ἐν γὰρ ταῖς ὀλιγαρχίαις, οὐδʼ ἂν ὦσιν ἔτʼ
					Ἀνδροτίωνός τινες αἴσχιον βεβιωκότες, οὐκ ἔστι λέγειν κακῶς τοὺς ἄρχοντας), ἢ
					προάγειν ἂν ὡς πονηροτάτους εἶναι, ἵνʼ ὡς ὁμοιότατοι σφίσιν ὦσι. τὴν οὖν ἀρχὴν
					τοῖς τοιούτοις ἀπεῖπε μὴ μετέχειν τοῦ συμβουλεύειν, ἵνα μὴ φενακισθεὶς ὁ δῆμος
					ἐξαμάρτοι μηδέν. ὧν ὀλιγωρήσας ὁ καλὸς κἀγαθὸς οὗτος οὐ μόνον ᾤετο δεῖν λέγειν
					καὶ γράφειν οὐκ ἐξόν, ἀλλὰ καὶ παρὰ τοὺς νόμους ταῦτα ποιεῖν. </p>
			</div>
			<div n="33" type="section">
				<p><milestone ed="P" unit="para"/>περὶ μὲν τοίνυν τοῦ νόμου καθʼ ὅν, ὠφληκότος αὐτοῦ
					τοῦ πατρὸς τῷ δημοσίῳ χρήματα καὶ οὐκ ἐκτετεικότος, οὐκ ἔξεστι λέγειν οὐδὲ
					γράφειν τούτῳ, ταὐτὰ δίκαια λέγειν ἂν ἔχοιτʼ εἰκότως, ἐὰν φῇ δεῖν ἡμᾶς
					ἐνδεικνύναι. τότε γὰρ τοῦτο ποιήσομεν, οὐ μὰ Δίʼ οὐχὶ νῦν, ἡνίκα δεῖ σʼ ἑτέρων
					ὧν ἀδικεῖς δοῦναι λόγον, ἀλλʼ ὅταν ᾖ προσῆκον ἐκ τοῦ νόμου, καὶ νῦν δὲ δείκνυμεν
					οὐκ ἐῶντα γράφειν σε, οὐδʼ ἃ τοῖς ἄλλοις ἔξεστι, τὸν νόμον. </p>
			</div>
			<div n="34" type="section">
				<p>ὡς οὖν οὐκ ὦφλʼ ὁ πατήρ σου, τοῦτʼ ἐπίδειξον, ἢ ὡς οὐκ ἀποδρὰς ἐξῆλθεν ἐκ τοῦ
					δεσμωτηρίου, ἀλλὰ τὰ χρήματʼ ἐκτείσας. εἰ δὲ μὴ ταῦθʼ ἕξεις δεικνύναι, οὐκ ἐξὸν
					γέγραφας· κληρονόμον γάρ σε καθίστησʼ ὁ νόμος τῆς ἀτιμίας τῆς τοῦ πατρός, ὄντι
					δʼ ἀτίμῳ σοι λέγειν οὐ προσῆκεν οὐδὲ γράφειν. καὶ περὶ μὲν τῶν νόμων οὓς
					παρεγραψάμεθα, οἶμαι δεῖν ὑμᾶς, ἄν τι φενακίζειν ἐγχειρῇ καὶ παράγειν οὗτος,
					ταῦθʼ ὑπολαμβάνειν ἃ διεξελήλυθʼ ἐγώ. </p>
			</div>
			<div n="35" type="section">
				<p>εἰσὶ δὲ καὶ περὶ τῶν ἄλλων αὐτῷ λόγοι πρὸς τὸ φενακίζειν ὑμᾶς εὖ μεμηχανημένοι,
					περὶ ὧν βέλτιον ὑμᾶς προακοῦσαι. ἔστιν γὰρ εἷς αὐτῷ τοιοῦτος, μὴ πεντακοσίους
					ὑμῶν αὐτῶν ἀφελέσθαι τὴν δωρειὰν μηδʼ ὀνείδει περιβαλεῖν· ἐκείνων ἁγών, οὐκ
					ἐμός. ἐγὼ δʼ εἰ μὲν ἐμέλλετʼ ἀφαιρήσεσθαι τούτους μόνον, ἄλλο δὲ μηδὲν ὠφελήσειν
					τὴν πόλιν, οὐδὲν ἂν ὑμᾶς σφόδρα σπουδάζειν ἠξίουν· εἰ δὲ τῷ τοῦτο ποιῆσαι
					πλείους ἢ μυρίους τοὺς ἄλλους πολίτας βελτίους εἶναι προτρέψετε, πόσῳ κάλλιον
					τοσούτους παρασκευάσαι χρηστοὺς ἢ πεντακοσίοις ἀδίκως χαρίσασθαι; </p>
			</div>
			<div n="36" type="section">
				<p>ὡς δʼ οὐδʼ ἔστιν ἁπάσης τὸ πρᾶγμα τῆς βουλῆς, ἀλλὰ τινῶν, οἵπερ εἰσὶν αἴτιοι τῶν
					κακῶν, καὶ Ἀνδροτίωνος, ἔχω λέγειν. τῷ γάρ ἐστιν ὄνειδος, εἰ σιωπῶντος αὐτοῦ καὶ
					μηδὲν γράφοντος, ἴσως δʼ οὐδὲ τὰ πόλλʼ εἰς τὸ βουλευτήριον εἰσιόντος, μὴ λάβοι ἡ
					βουλὴ τὸν στέφανον; οὐδενὶ δήπουθεν, ἀλλὰ τοῦ γράφοντος καὶ πολιτευομένου καὶ
					πείθοντος ἃ βούλοιτο τὴν βουλήν· διὰ γὰρ τούτους ἀνάξια τοῦ στεφανωθῆναι
					βεβούλευκεν. </p>
			</div>
			<div n="37" type="section">
				<p>οὐ μὴν ἀλλʼ εἰ καὶ τὰ μάλιστα πάσης ἔσθʼ ἁγὼν τῆς βουλῆς, ὅσῳ συμφέρει μᾶλλον
					ὑμῖν καταγνοῦσιν ἢ μὴ θεάσασθε. εἰ μὲν ἀπογνώσεσθε, ἐπὶ τοῖς λέγουσι τὸ
					βουλευτήριον ἔσται, ἐὰν δὲ καταγνῶτε, ἐπὶ τοῖς ἰδιώταις· ἑορακότες γὰρ οἱ πολλοὶ
					διὰ τὴν τῶν λεγόντων πονηρίαν τήνδʼ ἀφῃρημένην τὴν βουλὴν τὸν στέφανον, οὐχὶ
					προήσονται τούτοις τὰς πράξεις, ἀλλὰ τὰ βέλτιστʼ ἐροῦσιν αὐτοί. εἰ δὲ γενήσεται
					τοῦτο καὶ τῶν ἠθάδων καὶ συνεστηκότων ῥητόρων ἀπαλλαγήσεσθε, ὄψεσθʼ, ὦ ἄνδρες
					Ἀθηναῖοι, πάνθʼ ἃ προσήκει γιγνόμενα. ὥστʼ εἰ μηδενὸς ἄλλου ἕνεκα, διὰ ταῦτα
					καταψηφιστέον. </p>
			</div>
			<div n="38" type="section">
				<p>ὃ τοίνυν ἕτερον δεῖ μὴ λαθεῖν ὑμᾶς, ἀκούσατε. ἴσως ἀναβήσεται καὶ συνερεῖ τῇ
					βουλῇ Φίλιππος καὶ Ἀντιγένης καὶ ὁ ἀντιγραφεὺς καί τινες ἄλλοι, οἵπερ ἐκεῖ διʼ
					ἑαυτῶν εἶχον μετὰ τούτου τὸ βουλευτήριον καὶ τούτων τῶν κακῶν εἰσιν αἴτιοι. δεῖ
					δὴ πάντας ὑμᾶς γιγνώσκειν ὅτι τούτοις ἐστὶ μὲν ἡ πρόφασις τῆς συνηγορίας τῇ
					βουλῇ βοηθεῖν, τῇ δʼ ἀληθείᾳ περὶ αὑτῶν ἀγωνιοῦνται καὶ τῶν εὐθυνῶν ἃς αὐτοὺς
					προσήκει δοῦναι τῶν πεπραγμένων. </p>
			</div>
			<div n="39" type="section">
				<p>ἔχει γὰρ οὕτως. ἂν μὲν ἀπογνῶτε τὴν γραφὴν ταύτην, ἅπαντές εἰσιν ἀπηλλαγμένοι καὶ
					δίκην οὐδεὶς οὐδεμίαν μὴ δῷ· τίς γὰρ ἔτʼ ἂν καταψηφίσαιτʼ ἐκείνων, τὴν βουλὴν
					ὑμῶν ἐστεφανωκότων ἧς οὗτοι προέστασαν; ἐὰν δὲ καταγνῶτε, πρῶτον μὲν τὰ εὔορκʼ
					ἔσεσθʼ ἐψηφισμένοι, εἶτʼ ἐπὶ ταῖς εὐθύναις ἕκαστον τούτων λαμβάνοντες, ὃς μὲν ἂν
					ὑμῖν ἀδικεῖν δοκῇ, κολάσετε, ὃς δʼ ἂν μή, τότʼ ἀφήσετε. μὴ οὖν ὡς ὑπὲρ τῆς
					βουλῆς λεγόντων καὶ τῶν πολλῶν ἀκούετε, ἀλλʼ ὡς ὑπὲρ αὑτῶν παρακρουομένοις
					ὀργίζεσθε. </p>
			</div>
			<div n="40" type="section">
				<p>ἔτι τοίνυν Ἀρχίαν οἶμαι τὸν Χολαργέα (καὶ γὰρ οὗτος ἐβούλευεν πέρυσιν) ὡς ἐπιεικῆ
					δεήσεσθαι καὶ συνερεῖν αὐτοῖς. ἐγὼ δʼ οἴομαι δεῖν ὡδί πως ἀκούειν Ἀρχίου, ἐρωτᾶν
					αὐτὸν ταῦθʼ ἃ κατηγόρηται τῆς βουλῆς, πότερʼ αὐτῷ δοκεῖ καλῶς ἔχειν ἢ κακῶς· κἂν
					μὲν φῇ καλῶς, μηκέτι τὸν νοῦν ὡς ἐπιεικεῖ προσέχειν, ἂν δὲ κακῶς, τί δὴ ταῦτʼ
					εἴα φάσκων ἐπιεικὴς εἶναι, πάλιν αὐτὸν ἐρωτᾶτε. </p>
			</div>
			<div n="41" type="section">
				<p>κἂν μὲν ἀντιλέγειν φῇ, μηδένα δʼ αὐτῷ πείθεσθαι, ἄτοπον δήπου νῦν λέγειν ὑπὲρ τῆς
					τὰ βέλτιστʼ οὐχὶ πειθομένης αὐτῷ βουλῆς· ἂν δὲ σιωπᾶν, πῶς οὐκ ἀδικεῖ, εἰ, παρὸν
					ἐξαμαρτάνειν μέλλοντας ἀποτρέπειν, τοῦτο μὲν οὐκ ἐποίει, νῦν δὲ λέγειν τολμᾷ ὡς
					δεῖ τοὺς τοσαῦτα κάκʼ εἰργασμένους στεφανῶσαι; </p>
			</div>
			<div n="42" type="section">
				<p>οἴομαι τοίνυν αὐτὸν οὐδʼ ἐκείνων ἀφέξεσθαι τῶν λόγων, ὅτι ταῦτα πάντʼ αὐτῷ διὰ
					τὰς εἰσπράξεις γέγονεν, ἃς ὑπὲρ ὑμῶν ὀλίγους εἰσπρᾶξαι φήσει πολλὰ χρήματʼ
					ἀναιδῶς οὐ τιθέντας. καὶ κατηγορήσει τούτων, πρᾶγμα ῥᾴδιον, οἶμαι, <del>τῶν μὴ
						τιθέντων τὰς εἰσφοράς,</del> καὶ φήσει πᾶσαν ἄδειαν ἔσεσθαι τοῦ μὴ τιθέναι
					τὰς εἰσφοράς, εἰ καταψηφιεῖσθʼ αὐτοῦ. </p>
			</div>
			<div n="43" type="section">
				<p>ὑμεῖς δʼ, ὦ ἄνδρες Ἀθηναῖοι, πρῶτον μὲν ἐκεῖνο ἐνθυμεῖσθε, ὅτι οὐ περὶ τούτων
					δικάσειν ὀμωμόκατε, ἀλλʼ εἰ κατὰ τοὺς νόμους τὸ ψήφισμʼ εἶπεν, εἶθʼ ὅτι
					πάνδεινόν ἐστι, κατηγορίαν ποιούμενον ὡς ἀδικοῦσί τινες τὴν πόλιν, αὐτὸν ἀξιοῦν
					ὧν ἀδικεῖ μειζόνων ὄντων μὴ δοῦναι δίκην· πολὺ γὰρ δήπου μεῖζόν ἐστʼ ἀδίκημα
					γράφειν παρὰ τοὺς νόμους ἢ τὴν εἰσφορὰν μὴ τιθέναι. </p>
			</div>
			<div n="44" type="section">
				<p>ὅτι τοίνυν οὐδʼ εἰ φανερῶς ἔμελλεν ἁλόντος τούτου μηδεὶς εἰσοίσειν μηδʼ ἐθελήσειν
					εἰσπράττειν, οὐδʼ οὕτως ἀποψηφιστέον, ἐκ τῶνδε γνώσεσθε. ὑμῖν παρὰ τὰς εἰσφορὰς
					τὰς ἀπὸ Ναυσινίκου, παρʼ ἴσως τάλαντα τριακόσιʼ ἢ μικρῷ πλείω, ἔλλειμμα τέτταρα
					καὶ δέκʼ ἐστὶ τάλαντα, ὧν ἑπτὰ οὗτος εἰσέπραξεν, ἐγὼ δὲ τίθημʼ ἅπαντα. ἐπὶ μὲν
					δὴ τοὺς ἑκόντας τιθέντας οὐ δεῖσθʼ Ἀνδροτίωνος, ἐπὶ δὲ τοὺς ἐλλείποντας. </p>
			</div>
			<div n="45" type="section">
				<p>ἔστι τοίνυν ὑμῖν νυνὶ σκεπτέον, εἰ τοσούτου τιμᾶσθε τὴν πολιτείαν καὶ τοὺς
					κειμένους νόμους καὶ τὸ εὐορκεῖν· εἰ γὰρ ἀποψηφιεῖσθε τούτου φανερῶς οὕτως παρὰ
					τοὺς νόμους εἰρηκότος, δόξετε πᾶσιν τὰ χρήματα ταῦτʼ ἀντὶ τῶν νόμων καὶ τῆς
					εὐορκίας ᾑρῆσθαι. ἃ οὐδʼ ἂν εἰ παρʼ ἑαυτοῦ δοίη τις ὑμῖν, λαβεῖν ἄξιον, μή τί γʼ
					ἐφʼ ᾧ ἑτέρους εἰσπράττειν. </p>
			</div>
			<div n="46" type="section">
				<p>ὥσθʼ ὅταν ταῦτα λέγῃ, μέμνησθε τῶν ὅρκων καὶ τὴν γραφὴν ἐνθυμεῖσθε, ὅτι νῦν οὐ
					περὶ πράξεως εἰσφορῶν ἐστιν, ἀλλʼ εἰ δεῖ κυρίους εἶναι τοὺς νόμους. καὶ περὶ
					τούτων μέν, ὃν τρόπον ὑμᾶς ἀπάγων ἀπὸ τοῦ νόμου παρακρούεσθαι ζητήσει, καὶ ἃ
					πρὸς ταῦθʼ ὑμᾶς μνημονεύοντας μὴ ʼπιτρέπειν προσήκει, πολλὰ λέγειν ἔχων ἔτι, καὶ
					ταῦθʼ ἱκάνʼ εἶναι νομίζων, ἐάσω. </p>
			</div>
			<div n="47" type="section">
				<p>βούλομαι δὲ καὶ τὰ πολιτεύματα ἐξετάσαι τοῦ καλοῦ κἀγαθοῦ τούτου, διʼ ὧν οὐκ ἔσθʼ
					ὅ τι τῶν δεινοτάτων ἐλλιπὼν φανήσεται· καὶ γὰρ ἀναιδῆ καὶ θρασὺν καὶ κλέπτην καὶ
					ὑπερήφανον καὶ πάντα μᾶλλον ἢ ἐν δημοκρατίᾳ πολιτεύεσθαι ἐπιτήδειον ὄντʼ αὐτὸν
					δείξω. καὶ πρῶτον μέν, ἐφʼ ᾧ μέγιστον φρονεῖ, τὴν τῶν χρημάτων εἴσπραξιν
					ἐξετάσωμεν αὐτοῦ, μὴ τῇ τούτου προσέχοντες ἀλαζονείᾳ τὸν νοῦν, ἀλλὰ τὸ πρᾶγμα
					οἷον γέγονεν τῇ ἀληθείᾳ σκοποῦντες. </p>
			</div>
			<div n="48" type="section">
				<p>οὗτος Εὐκτήμονα φήσας τὰς ὑμετέρας ἔχειν εἰσφορὰς καὶ τοῦτʼ ἐξελέγξειν ἢ παρʼ
					αὑτοῦ καταθήσειν, καταλύσας ψηφίσματι κληρωτὴν ἀρχὴν ἐπὶ τῇ προφάσει ταύτῃ, ἐπὶ
					τὴν εἴσπραξιν παρέδυ. δημηγορίαν δʼ ἐπὶ τούτοις ποιούμενος, ὡς ἔστι τριῶν
					αἵρεσις, ἢ τὰ πομπεῖα κατακόπτειν ἢ πάλιν εἰσφέρειν ἢ τοὺς ὀφείλοντας
					εἰσπράττειν, </p>
			</div>
			<div n="49" type="section">
				<p>αἱρουμένων εἰκότως ὑμῶν τοὺς ὀφείλοντας εἰσπράττειν, ταῖς ὑποσχέσεσιν κατέχων καὶ
					διὰ τὸν καιρὸν ὃς ἦν τότʼ ἔχων ἐξουσίαν, τοῖς μὲν κειμένοις νόμοις περὶ τούτων
					οὐκ ᾤετο δεῖν χρῆσθαι, οὐδʼ, εἰ μὴ τούτους ἐνόμιζʼ ἱκανούς, ἑτέρους τιθέναι,
					ψηφίσματα δʼ εἶπεν ἐν ὑμῖν δεινὰ καὶ παράνομα, διʼ ὧν ἠργολάβει καὶ πολλὰ τῶν
					ὑμετέρων κέκλοφεν, τοὺς ἕνδεκα γράψας ἀκολουθεῖν μεθʼ ἑαυτοῦ. </p>
			</div>
			<div n="50" type="section">
				<p>εἶτʼ ἔχων τούτους ἦγʼ ἐπὶ τὰς ὑμετέρας οἰκίας. καὶ τὸν μὲν Εὐκτήμονα, ὃν
					εἰσπράξειν ἢ καταθήσειν αὐτὸς ἔφη τὰς εἰσφοράς, οὐδὲν εἶχεν ἐλέγχειν περὶ
					τούτων, ὑμᾶς δʼ εἰσέπραττεν, ὥσπερ οὐ διὰ τὴν Εὐκτήμονος ἔχθραν ἐπὶ ταῦτʼ ἐλθών,
					ἀλλὰ διὰ τὴν ὑμετέραν. </p>
			</div>
			<div n="51" type="section">
				<p>καὶ μηδεὶς ὑπολαμβανέτω με λέγειν ὡς οὐ χρῆν εἰσπράττειν τοὺς ὀφείλοντας. χρῆν
					γάρ. ἀλλὰ πῶς; ὡς ὁ νόμος κελεύει· τῶν ἄλλων ἕνεκα· τοῦτο γάρ ἐστι δημοτικόν. οὐ
					γὰρ τοσοῦτον, ὦ ἄνδρες Ἀθηναῖοι, τοσούτων χρημάτων τοῦτον τὸν τρόπον
					εἰσπραχθέντων ὠφέλησθε, ὅσον ἐζημίωσθε τοιούτων ἐθῶν εἰς τὴν πολιτείαν
					εἰσαγομένων. εἰ γὰρ θέλετʼ ἐξετάσαι τίνος εἵνεκα μᾶλλον ἄν τις ἕλοιτʼ ἐν
					δημοκρατίᾳ ζῆν ἢ ἐν ὀλιγαρχίᾳ, τοῦτʼ ἂν εὕροιτε προχειρότατον, ὅτι πάντα
					πραότερʼ ἐστὶν ἐν δημοκρατίᾳ. </p>
			</div>
			<div n="52" type="section">
				<p>ὅτι μὲν τοίνυν τῆς ὅπου βούλεσθʼ ὀλιγαρχίας οὗτος ἀσελγέστερος γέγονεν,
					παραλείψω. ἀλλὰ παρʼ ἡμῖν πότε πώποτε δεινότατʼ ἐν τῇ πόλει γέγονεν; ἐπὶ τῶν
					τριάκοντα, πάντες ἂν εἴποιτε. τότε τοίνυν, ὡς ἔστιν ἀκούειν, οὐδεὶς ἔστιν ὅστις
					ἀπεστερεῖτο τοῦ σωθῆναι, ὅστις ἑαυτὸν οἴκοι κρύψειεν, ἀλλὰ τοῦτο κατηγοροῦμεν
					τῶν τριάκοντα, ὅτι τοὺς ἐκ τῆς ἀγορᾶς ἀδίκως ἀπῆγον. οὗτος τοίνυν τοσαύτην
					ὑπερβολὴν ἐποιήσατʼ ἐκείνων τῆς αὑτοῦ βδελυρίας ὥστʼ ἐν δημοκρατίᾳ πολιτευόμενος
					τὴν ἰδίαν οἰκίαν ἑκάστῳ δεσμωτήριον καθίστη, τοὺς ἕνδεκʼ ἄγων ἐπὶ τὰς οἰκίας.
				</p>
			</div>
			<div n="53" type="section">
				<p>καίτοι, ὦ ἄνδρες Ἀθηναῖοι, τί οἴεσθʼ ὁπότʼ ἄνθρωπος πένης ἢ καὶ πλούσιος, πολλὰ
					δʼ ἀνηλωκὼς καί τινʼ ἴσως τρόπον εἰκότως οὐκ εὐπορῶν ἀργυρίου, ἢ τέγος ὡς τοὺς
					γείτονας ὑπερβαίνοι, ἢ ὑποδύοιθʼ ὑπὸ κλίνην ὑπὲρ τοῦ μὴ τὸ σῶμʼ ἁλοὺς εἰς τὸ
					δεσμωτήριον ἕλκεσθαι, ἢ ἄλλʼ ἀσχημονοίη ἃ δούλων, οὐκ ἐλευθέρων ἐστὶν ἔργα, καὶ
					ταῦθʼ ὑπὸ τῆς αὑτοῦ γυναικὸς ὁρῷτο ποιῶν, ἣν ὡς ἐλεύθερος ἠγγυήσατο καὶ τῆς
					πόλεως πολίτης, ὁ δὲ τούτων αἴτιος Ἀνδροτίων εἴη, ὃν οὐδʼ ὑπὲρ αὑτοῦ δίκην
					λαμβάνειν ἐᾷ τὰ πεπραγμένα καὶ βεβιωμένα, μή τί γʼ ὑπὲρ τῆς πόλεως; </p>
			</div>
			<div n="54" type="section">
				<p>καίτοι εἴ τις ἔροιτʼ αὐτόν, τὰς εἰσφορὰς πότερον τὰ κτήματʼ ἢ τὰ σώματʼ ὀφείλει,
					τὰ κτήματα φήσειεν ἄν, εἴπερ ἀληθῆ λέγειν βούλοιτο· ἀπὸ γὰρ τούτων εἰσφέρομεν.
					τίνος οὖν εἵνεκʼ ἀφεὶς τὸ τὰ χωρία δημεύειν καὶ τὰς οἰκίας καὶ ταῦτʼ ἀπογράφειν,
					ἔδεις καὶ ὕβριζες πολίτας ἀνθρώπους καὶ τοὺς ταλαιπώρους μετοίκους, οἷς
					ὑβριστικώτερον ἢ τοῖς οἰκέταις τοῖς σαυτοῦ κέχρησαι; </p>
			</div>
			<div n="55" type="section">
				<p>καὶ μὴν εἰ θέλετε σκέψασθαι τί δοῦλον ἢ ἐλεύθερον εἶναι διαφέρει, τοῦτο μέγιστον
					ἂν εὕροιτε, ὅτι τοῖς μὲν δούλοις τὸ σῶμα τῶν ἀδικημάτων ἁπάντων ὑπεύθυνόν ἐστιν,
					τοῖς δʼ ἐλευθέροις, κἂν τὰ μέγιστʼ ἀτυχῶσιν, τοῦτό γʼ ἔνεστι σῶσαι· εἰς χρήματα
					γὰρ τὴν δίκην περὶ τῶν πλείστων παρὰ τούτων προσήκει λαμβάνειν. ὁ δὲ τοὐναντίον
					εἰς τὰ σώματα, ὥσπερ ἀνδραπόδοις, ἐποιήσατο τὰς τιμωρίας. </p>
			</div>
			<div n="56" type="section">
				<p>οὕτω δʼ αἰσχρῶς καὶ πλεονεκτικῶς ἔσχε πρὸς ὑμᾶς ὥστε τὸν μὲν ἑαυτοῦ πατέρα ᾤετο
					δεῖν, δημοσίᾳ δεθέντʼ ἐπὶ χρήμασιν ἐν τῷ δεσμωτηρίῳ, μήτʼ ἀποδόντα ταῦτα μήτε
					κριθέντʼ ἀποδρᾶναι, τῶν δʼ ἄλλων πολιτῶν τὸν μὴ δυνάμενον τὰ ἑαυτοῦ θεῖναι
					οἴκοθεν εἰς τὸ δεσμωτήριον ἕλκεσθαι. εἶτʼ ἐπὶ τούτοις, ὡς ὁτιοῦν ἐξὸν ἑαυτῷ
					ποιεῖν, Σινώπην προσηνεχύραζεν καὶ Φανοστράτην, ἀνθρώπους πόρνας, οὐ μέντοι
					ὀφειλούσας εἰσφοράς. </p>
			</div>
			<div n="57" type="section">
				<p>καίτοι εἴ τισιν ἄρα δοκοῦσʼ ἐπιτήδειαι ʼκεῖναι παθεῖν, ἀλλὰ τὸ πρᾶγμά γʼ οὐκ
					ἐπιτήδειον γίγνεσθαι, τηλικοῦτό τινας φρονεῖν διὰ καιρὸν ὥστε βαδίζειν ἐπʼ
					οἰκίας καὶ σκεύη φέρειν μηδὲν ὀφειλόντων ἀνθρώπων. πολλὰ γὰρ ἄν τις ἴδοι πολλοὺς
					ἐπιτηδείους ὄντας πάσχειν καὶ πεπονθέναι. ἀλλʼ οὐ ταῦτα λέγουσιν οἱ νόμοι, οὐδὲ
					τὰ τῆς πολιτείας ἔθη, ἃ φυλακτέον ὑμῖν· ἀλλʼ ἔνεστʼ ἔλεος, συγγνώμη, πάνθʼ ἃ
					προσήκει τοῖς ἐλευθέροις. </p>
			</div>
			<div n="58" type="section">
				<p>ὧν οὗτος ἁπάντων εἰκότως οὐ μετέχει τῇ φύσει οὐδὲ τῇ παιδείᾳ· πολλὰ γὰρ ὕβρισται
					καὶ προπεπηλάκισται συνὼν οὐκ ἀγαπῶσιν αὐτὸν ἀνθρώποις, ἀλλὰ δοῦναι μισθὸν
					δυναμένοις· ὧν προσῆκέ σοι τὴν ὀργὴν οὐκ εἰς τῶν πολιτῶν τὸν τυχόντʼ ἀφιέναι
					οὐδʼ εἰς τὰς ὁμοτέχνους πόρνας, ἀλλʼ εἰς τὸν τοῦτον τὸν τρόπον σε θρέψαντα. </p>
			</div>
			<div n="59" type="section">
				<p>ταῦτα τοίνυν ὡς μὲν οὐ δεινὰ καὶ παρὰ πάντας τοὺς νόμους, οὐχ ἕξει λέγειν οὗτος·
					οὕτω δʼ ἐστὶν ἀναιδὴς ὥστʼ ἐν τῷ δήμῳ, προάγωνας ἀεὶ κατασκευάζων αὑτῷ τῆσδε τῆς
					γραφῆς, ἐτόλμα λέγειν ὡς ὑπὲρ ὑμῶν καὶ διʼ ὑμᾶς ἐχθροὺς ἐφʼ ἑαυτὸν εἵλκυκε καὶ
					νῦν ἐν τοῖς ἐσχάτοις ἐστὶ κινδύνοις. ἐγὼ δʼ ὑμῖν, ὦ ἄνδρες Ἀθηναῖοι, βούλομαι
					δεῖξαι τοῦτον οὔτε πεπονθότʼ οὐδʼ ὁτιοῦν κακὸν οὔτε μέλλοντα πάσχειν οὐδὲν διʼ
					ὧν ὑπὲρ ὑμῶν ἔπραξε, διὰ μέντοι τὴν αὑτοῦ βδελυρίαν καὶ θεοισεχθρίαν πεπονθότα
					μὲν μέχρι τῆσδε τῆς ἡμέρας οὐδέν, πεισόμενον δʼ, ἂν τὰ δίκαια ποιῆθʼ ὑμεῖς. </p>
			</div>
			<div n="60" type="section">
				<p>σκέψασθε γὰρ ὡδί. τί ποθʼ ὑμῖν οὗτος ὑπέσχετο καὶ τί ποιεῖν αὐτὸν ἐχειροτονήσαθʼ
					ὑμεῖς; χρήματʼ εἰσπράττειν. ἄλλο δὲ πρὸς τούτῳ τί ποιεῖν; οὐδὲ ἕν. φέρε δὴ καθʼ
					ἕκαστον ὑπομνήσω τὴν εἴσπραξιν ὑμᾶς. οὗτος εἰσέπραξε Λεπτίνην τὸν ἐκ Κοίλης
					τέτταρας καὶ τριάκοντα δραχμάς, καὶ Θεόξενον τὸν Ἀλωπεκῆθεν δραχμὰς ἑβδομήκοντα
					καὶ μικρόν τι πρός, καὶ τὸν Εὐφήρου Καλλικράτην καὶ τὸν Τελέστου νεανίσκον· οὐκ
					ἔχω γὰρ τοὔνομʼ εἰπεῖν· σχεδὸν δὲ πάντας οὓς εἰσέπραξεν, ἵνα μὴ καθʼ ἕκαστον
					λέγω, οὐκ οἶδʼ εἴ τινʼ ὑπὲρ μνᾶν ὀφείλοντα. </p>
			</div>
			<div n="61" type="section">
				<p>πότερʼ οὖν οἴεσθε τούτων ἕκαστον μισεῖν καὶ πολεμεῖν αὐτῷ διὰ τὴν εἰσφορὰν
					ταύτην, ἢ τὸν μὲν αὐτῶν, ὅτι πάντων ἀκουόντων ὑμῶν ἐν τῷ δήμῳ δοῦλον ἔφη καὶ ἐκ
					δούλων εἶναι καὶ προσήκειν αὐτῷ τὸ ἕκτον μέρος εἰσφέρειν μετὰ τῶν μετοίκων, τῷ
					δὲ παῖδας ἐκ πόρνης εἶναι, τοῦ δὲ τὸν πατέρʼ ἡταιρηκέναι, τοῦ δὲ τὴν μητέρα
					πεπορνεῦσθαι, τὸν δʼ ἀπογράφειν ὅσʼ ὑφείλετʼ ἐξ ἀρχῆς, τὸν δὲ τὸ δεῖνα, τὸν δʼ
					ὁμοῦ ῥητὰ καὶ ἄρρητα κακά, ἑξῆς ἅπαντας; </p>
			</div>
			<div n="62" type="section">
				<p>ἐγὼ μὲν γὰρ οἶδʼ ὅτι πάντες, εἰς οὓς ἐπαρῴνησεν οὗτος, τὴν μὲν εἰσφορὰν ἕκαστος
					ἀναγκαῖον ἀνάλωμʼ ὑπελάμβανεν εἶναι, τοιαῦτα δʼ ἀτιμασθεὶς καὶ προπηλακισθεὶς
					χαλεπῶς ἐνήνοχεν. κἀκεῖνο οἶδα, ὅτι χρήματʼ εἰσπράττειν τοῦτον ἐχειροτονήσαθʼ
					ὑμεῖς, οὐχὶ τὰς ἰδίας συμφορὰς ὀνειδίζειν καὶ προφέρειν ἑκάστῳ. εἴτε γὰρ ἦσαν
					ἀληθεῖς, οὐ σοὶ ῥητέαι (πολλὰ γὰρ ἡμῶν ἕκαστος οὐχ ὡς βούλεται πράττει)· εἴτε μὴ
					προσηκούσας κατεσκεύαζες, πῶς οὐχ ὁτιοῦν ἂν πάθοις δικαίως; </p>
			</div>
			<div n="63" type="section">
				<p>ἔτι τοίνυν ἐκ τοῦδʼ ἀκριβέστερον γνώσεσθʼ ὅτι μισεῖ τοῦτον ἕκαστος οὐ διὰ τὴν
					εἴσπραξιν, ἀλλʼ ὑπὲρ ὧν ὑβρίσθη καὶ ἐπαρῳνήθη. Σάτυρος γὰρ ὁ τῶν νεωρίων
					ἐπιμελητὴς οὐχ ἑπτὰ τάλαντʼ εἰσέπραξεν ὑμῖν, ἀλλὰ τέτταρα καὶ τριάκοντα τοὺς
					αὐτοὺς τούτους ἀνθρώπους, ἐξ ὧν παρέθηκε τὰ σκεύη ταῖς ἐκπλευσάσαις ναυσίν· καὶ
					οὔτʼ ἐκεῖνος διὰ ταῦτʼ οὐδένʼ ἐχθρὸν αὑτῷ φησὶν εἶναι, οὔτε τῶν εἰσπραχθέντων
					οὐδεὶς ἐκείνῳ πολεμεῖ. ὁ μὲν γὰρ τὸ προστεταγμένον, οἶμαι, διεπράττετο, σὺ δὲ τῇ
					σαυτοῦ προπετείᾳ καὶ θρασύτητι λαβὼν ἐξουσίαν πόλλʼ ἀνηλωκότας εἰς τὴν πόλιν
					ἀνθρώπους καὶ σοῦ βελτίους καὶ ἐκ βελτιόνων ψευδέσι καὶ χαλεποῖς ὀνείδεσιν ᾤου
					δεῖν περιβάλλειν. </p>
			</div>
			<div n="64" type="section">
				<p>εἶτα ταῦθʼ οὗτοι πεισθῶσʼ ὑπὲρ αὑτῶν σε ποιεῖν, καὶ τὰ τῆς σῆς ἀναισθησίας καὶ
					πονηρίας ἔργʼ ἐφʼ αὑτοὺς ἀναδέξωνται; ἀλλὰ μισεῖν δικαιότερον διὰ ταῦτά σʼ
					ὀφείλουσιν ἢ σῴζειν. τὸν γὰρ ὑπὲρ πόλεως πράττοντά τι δεῖ τὸ τῆς πόλεως ἦθος
					μιμεῖσθαι, καὶ σῴζειν ὑμῖν τοὺς τοιούτους, ὦ ἄνδρες Ἀθηναῖοι, προσήκει, καὶ
					μισεῖν τοὺς οἵουσπερ οὗτος. ὡς ἐκεῖνʼ εἰδόσιν μὲν ἴσως, ὅμως δʼ ἐρῶ· ὁποίους
					τινὰς ἂν φαίνησθʼ ἀγαπῶντες καὶ σῴζοντες, τούτοις ὅμοιοι δόξετʼ εἶναι. </p>
			</div>
			<div n="65" type="section">
				<p>ὅτι τοίνυν ὅλως οὐδὲ τὴν εἴσπραξιν αὐτὴν ὑπὲρ ὑμῶν πεποίηται, καὶ τοῦτʼ αὐτίκα δὴ
					μάλʼ ὑμῖν δῆλον ποιήσω. εἰ γάρ τις ἔροιτʼ αὐτὸν πότερʼ αὐτῷ δοκοῦσʼ ἀδικεῖν
					μᾶλλον τὴν πόλιν οἱ γεωργοῦντες καὶ φειδόμενοι, διὰ παιδοτροφίας δὲ καὶ οἰκεῖʼ
					ἀναλώματα καὶ λῃτουργίας ἑτέρας ἐλλελοιπότες εἰσφοράν, ἢ οἱ τὰ τῶν ἐθελησάντων
					εἰσενεγκεῖν χρήματα καὶ τὰ παρὰ τῶν συμμάχων κλέπτοντες καὶ ἀπολλύντες, οὐκ ἂν
					εἰς τοῦτο τόλμης δήπου, καίπερ ὢν ἀναιδής, ἔλθοι, ὥστε φῆσαι τοὺς τὰ ἑαυτῶν μὴ
					εἰσφέροντας μᾶλλον ἀδικεῖν ἢ τοὺς τὰ κοίνʼ ὑφαιρουμένους. </p>
			</div>
			<div n="66" type="section">
				<p>τίνος οὖν ἕνεκʼ, ὦ βδελυρέ, ἐτῶν ὄντων πλειόνων ἢ τριάκοντʼ ἀφʼ οὗ σὺ πολιτεύει,
					καὶ ἐν τούτῳ τῷ χρόνῳ πολλῶν μὲν στρατηγῶν ἠδικηκότων τὴν πόλιν, πολλῶν δὲ
					ῥητόρων, οἳ παρὰ τουτοισὶ κέκρινται, ὧν οἱ μὲν τεθνᾶσιν ἐφʼ οἷς ἠδίκουν, οἱ δʼ
					ὑποχωρήσαντες φεύγουσιν, οὐδενὸς πώποτʼ ἐξητάσθης κατήγορος οὐδʼ ἀγανακτῶν ὤφθης
					ὑπὲρ ὧν ἡ πόλις πάσχει, οὕτως ὢν θρασὺς καὶ λέγειν δεινός, ἀλλʼ ἐνταῦθʼ ἐφάνης
					κηδεμὼν ὤν, οὗ <del>σε</del> πολλοὺς ἔδει κακῶς ποιῆσαι; </p>
			</div>
			<div n="67" type="section">
				<p>βούλεσθʼ, ὦ ἄνδρες Ἀθηναῖοι, τὸ τούτων αἴτιον ἐγὼ ὑμῖν εἴπω; ὅτι τῶν μὲν
						<del>μετέχουσιν ὧν ἀδικοῦσιν ὑμᾶς τινες, ἀπὸ δὲ τῶν εἰσπραττομένων
						ὑφαιροῦνται· διʼ ἀπληστίαν δὲ τρόπων διχόθεν καρποῦνται τὴν πόλιν. οὔτε γὰρ
						ῥᾷον πολλοῖς καὶ τὰ μίκρʼ ἀδικοῦσιν ἀπεχθάνεσθαι ἢ ὀλίγοις καὶ μεγάλα, οὔτε
						δημοτικώτερον δήπου τὰ τῶν πολλῶν ἀδικήμαθʼ ὁρᾶν ἢ τὰ τῶν ὀλίγων. ἀλλὰ τοῦτʼ
						αἴτιον οὑγὼ λέγω. τῶν μὲν</del> οἶδεν ἑαυτὸν ὄντα, τῶν ἀδικούντων, ὑμᾶς δʼ
					οὐδενὸς ἀξίους ἡγήσατο· διὸ τοῦτον ἐχρήσατο τὸν τρόπον ὑμῖν. </p>
			</div>
			<div n="68" type="section">
				<p>εἰ γὰρ ἀνδραπόδων πόλις, ἀλλὰ μὴ τῶν ἄρχειν ἑτέρων ἀξιούντων ὡμολογεῖτʼ εἶναι,
					οὐκ ἄν, ὦ ἄνδρες Ἀθηναῖοι, τὰς ὕβρεις ἠνέσχεσθε τὰς τούτου, ἃς κατὰ τὴν ἀγορὰν
					ὕβριζεν ὁμοῦ μετοίκους, Ἀθηναίους· δῶν, ἀπάγων, βοῶν ἐν ταῖς ἐκκλησίαις ἐπὶ τοῦ
					βήματος· δούλους καὶ ἐκ δούλων καλῶν αὑτοῦ βελτίους καὶ ἐκ βελτιόνων· ἐρωτῶν εἰ
					μάτην τὸ δεσμωτήριον ᾠκοδομήθη. καταφαίην ἂν ἔγωγε, εἴ γʼ ὁ πατὴρ ὁ σὸς ᾤχετʼ
					αὐτόθεν αὐταῖς πέδαις ἐξορχησάμενος Διονυσίων τῇ πομπῇ. ἄλλα δʼ ὅσʼ ὕβρικεν οὐδʼ
					ἂν ἔχοι τις εἰπεῖν· τοσαῦτα τὸ πλῆθός ἐστιν. ὧν ἁθρόων ἄξιον λαβόντας δίκην
					τήμερον παράδειγμα ποιῆσαι τοῖς ἄλλοις, ἵνʼ ὦσιν μετριώτεροι. </p>
			</div>
			<div n="69" type="section">
				<p>ἀλλὰ νὴ Δία ταῦτα μὲν τοιοῦτός ἐστιν ἐν οἷς πεπολίτευται, ἄλλα δʼ ἔσθʼ ἃ καλῶς
					διῴκηκεν. ἀλλὰ καὶ τἄλλʼ οὕτω προσελήλυθε πάντα πρὸς ὑμᾶς ὥσθʼ ἥκιστʼ ἐν οἷς
					ἀκηκόατʼ ἄξιός ἐστι μισεῖσθαι. τί γὰρ βούλεσθʼ εἴπω; τὰ πομπεῖʼ ὡς ἐπεσκεύασεν,
					καὶ τὴν τῶν στεφάνων καθαίρεσιν, ἢ τὴν τῶν φιαλῶν ποίησιν τὴν καλήν; ἀλλʼ ἐπὶ
					τούτοις γε, εἰ μηδὲν ἄλλʼ ἀδικῶν ἔτυχεν τὴν πόλιν, τρίς, οὐχ ἅπαξ τεθνάναι
					δίκαιος ὢν φανεῖται· καὶ γὰρ ἱεροσυλίᾳ καὶ ἀσεβείᾳ καὶ κλοπῇ καὶ πᾶσι τοῖς
					δεινοτάτοις ἔστʼ ἔνοχος. </p>
			</div>
			<div n="70" type="section">
				<p>τὰ μὲν οὖν πόλλʼ ὧν λέγων ὑμᾶς ἐφενάκιζεν παραλείψω· φήσας δʼ ἀπορρεῖν τὰ φύλλα
					τῶν στεφάνων καὶ σαπροὺς εἶναι διὰ τὸν χρόνον, ὥσπερ ἴων ἢ ῥόδων ὄντας, ἀλλʼ οὐ
					χρυσίου, συγχωνεύειν ἔπεισεν. κᾆτʼ ἐπὶ μὲν ταῖς εἰσφοραῖς τὸν δημόσιον παρεῖναι
					προέγραψεν ὡς δὴ δίκαιος ὤν, ὧν ἕκαστος ἀντιγραφεὺς ἔμελλεν ἔσεσθαι τῶν
					εἰσενεγκόντων· ἐπὶ τοῖς στεφάνοις δʼ οὓς κατέκοπτεν οὐχὶ προσήγαγεν ταὐτὸ
					δίκαιον τοῦτο, ἀλλʼ αὑτὸς ῥήτωρ, χρυσοχόος, ταμίας, ἀντιγραφεὺς γέγονεν. </p>
			</div>
			<div n="71" type="section">
				<p>καὶ μὴν εἰ μὲν ἅπαντʼ ἠξίους, ὅσα πράττεις τῇ πόλει, σαυτῷ πιστεύειν, οὐκ ἂν
					ὁμοίως κλέπτης ὢν ἐφωρῶ· νῦν δʼ ἐπὶ ταῖς εἰσφοραῖς ὃ δίκαιόν ἐσθʼ ὁρίσας, μὴ σοὶ
					πιστεύειν, ἀλλὰ τοῖς ἑαυτῆς δούλοις τὴν πόλιν, ὁπότʼ ἄλλο τι πράττων καὶ χρήματα
					κινῶν ἱερά, ὧν ἔνιʼ οὐδʼ ἐπὶ τῆς ἡμετέρας γενεᾶς ἀνετέθη, μὴ προσγραψάμενος τὴν
					αὐτὴν φυλακὴν ἥνπερ περὶ τῶν εἰσφορῶν φαίνει, οὐκ εὔδηλον διʼ ὃ τοῦτʼ ἐποίησας;
					ἐγὼ μὲν οἶμαι. </p>
			</div>
			<div n="72" type="section">
				<p>καὶ μήν, ὦ ἄνδρες Ἀθηναῖοι, καὶ κατὰ παντὸς τοῦ χρόνου σκέψασθʼ ὡς καλὰ καὶ
					ζηλώτʼ ἐπιγράμματα τῆς πόλεως ἀνελὼν ὡς ἀσεβῆ καὶ δείνʼ ἀντεπιγέγραφεν. οἶμαι
					γὰρ ὑμᾶς ἅπαντας ὁρᾶν ὑπὸ τῶν στεφάνων ταῖς χοινικίσιν κάτωθεν γεγραμμένα <q>οἱ
						σύμμαχοι τὸν δῆμον ἀνδραγαθίας εἵνεκα καὶ δικαιοσύνης,</q> ἢ <q>οἱ σύμμαχοι
						ἀριστεῖον τῇ Ἀθηναίᾳ,</q> ἢ κατὰ πόλεις <q>οἱ δεῖνες τὸν δῆμον, σωθέντες ὑπὸ
						τοῦ δήμου,</q> οἷον <q>Εὐβοεῖς ἐλευθερωθέντες ἐστεφάνωσαν τὸν δῆμον,</q>
					πάλιν <q>Κόνων ἀπὸ τῆς ναυμαχίας τῆς πρὸς Λακεδαιμονίους·</q> τοιαῦτα γὰρ ἦν τὰ
					τῶν στεφάνων ἐπιγράμματα. </p>
			</div>
			<div n="73" type="section">
				<p>ταῦτα μὲν τοίνυν, ἃ ζῆλον πολὺν εἶχε καὶ φιλοτιμίαν ὑμῖν, ἠφάνισται καθαιρεθέντων
					τῶν στεφάνων· ἐπὶ ταῖς φιάλαις δʼ ἃς ἀντʼ ἐκείνων ἐποιήσαθʼ ὑμῖν ὁ πόρνος οὗτος,
						<q>Ἀνδροτίωνος ἐπιμελουμένου</q>
					<del>ἐποιήθησαν</del> ἐπιγέγραπται· καὶ οὗ τὸ σῶμʼ ἡταιρηκότος οὐκ ἐῶσιν οἱ
					νόμοι εἰς τὰ ἱέρʼ εἰσιέναι, τούτου τοὔνομʼ ἐν τοῖς ἱεροῖς ἐπὶ τῶν φιαλῶν
					γεγραμμένον ἐστίν. ὅμοιόν γε, οὐ γάρ; τοῦτο τοῖς προτέροις ἐπιγράμμασιν, ἢ
					φιλοτιμίαν ἴσην ἔχον ὑμῖν. </p>
			</div>
			<div n="74" type="section">
				<p><del>τρία τοίνυν ἐκ τούτου τὰ δεινότατʼ ἄν τις ἴδοι πεπραγμένʼ αὐτοῖς. τὴν μὲν
						γὰρ θεὸν τοὺς στεφάνους σεσυλήκασιν· τῆς πόλεως δὲ τὸν ζῆλον ἠφανίκασι τὸν
						ἐκ τῶν ἔργων, ὧν ὑπόμνημʼ ἦσαν ὄντες οἱ στέφανοι· τοὺς δʼ ἀναθέντας δόξαν οὐ
						μικρὰν ἀφῄρηνται, τὸ δοκεῖν ὧν ἂν εὖ πάθωσʼ ἐθέλειν μεμνῆσθαι. καὶ τοιαῦτα
						καὶ τοσαῦτα τὸ πλῆθος κάκʼ εἰργασμένοι εἰς τοῦθʼ ἅμʼ ἀναισθησίας καὶ τόλμης
						προεληλύθασιν, <del>ὥστε μέμνηνται τούτων ὡς καλῶς αὐτοῖς διῳκημένων,</del>
						ὥσθʼ ὁ μὲν οἴεται διʼ ἐκεῖνον ὑφʼ ὑμῶν σωθήσεσθαι, ὁ δὲ παρακάθηται καὶ οὐ
						καταδύεται τοῖς πεπραγμένοις.</del>
				</p>
			</div>
			<div n="75" type="section">
				<p>οὕτω δʼ οὐ μόνον εἰς χρήματʼ ἀναιδής, ἀλλὰ καὶ σκαιός ἐστιν, ὥστʼ οὐκ οἶδεν
					ἐκεῖνο, ὅτι στέφανοι μέν εἰσʼ ἀρετῆς σημεῖον, φιάλαι δὲ καὶ τὰ τοιαῦτα πλούτου,
					καὶ στέφανος μὲν ἅπας, κἂν μικρὸς ᾖ, τὴν ἴσην φιλοτιμίαν ἔχει τῷ μεγάλῳ,
					ἐκπώματα δʼ ἢ θυμιατήρια, ἂν μὲν ὑπερβάλλῃ τῷ πλήθει, πλούτου τινὰ δόξαν
					προσετρίψατο τοῖς κεκτημένοις, ἐὰν δʼ ἐπὶ μικροῖς τις σεμνύνηται, τοσοῦτʼ ἀπέχει
					τοῦ τιμῆς τινος διὰ ταῦτα τυχεῖν ὥστʼ ἀπειρόκαλος πρὸς ἔδοξεν εἶναι. οὗτος
					τοίνυν ἀνελὼν τὰ τῆς δόξης κτήματα τὰ τοῦ πλούτου πεποίηται μικρὰ καὶ οὐχ ὑμῶν
					ἄξια. </p>
			</div>
			<div n="76" type="section">
				<p>καὶ οὐδʼ ἐκεῖνʼ εἶδεν, ὅτι πρὸς μὲν χρημάτων κτῆσιν οὐδεπώποθʼ ὁ δῆμος
					ἐσπούδασεν, πρὸς δὲ δόξης ὡς οὐδὲ πρὸς ἓν τῶν ἄλλων. τεκμήριον δέ· χρήματα μὲν
					γὰρ πλεῖστα τῶν Ἑλλήνων ποτὲ σχὼν ἅπανθʼ ὑπὲρ φιλοτιμίας ἀνήλωσεν, εἰσφέρων δʼ
					ἐκ τῶν ἰδίων οὐδένα πώποτε κίνδυνον ὑπὲρ δόξης ἐξέστη. ἀφʼ ὧν κτήματʼ ἀθάνατʼ
					αὐτῷ περίεστιν, τὰ μὲν τῶν ἔργων ἡ μνήμη, τὰ δὲ τῶν ἀναθημάτων τῶν ἐπʼ ἐκείνοις
					σταθέντων τὸ κάλλος, προπύλαια ταῦτα, ὁ παρθενών, στοαί, νεώσοικοι, οὐκ
					ἀμφορίσκοι δύο οὐδὲ χρυσίδες τέτταρες ἢ τρεῖς, ἄγουσʼ ἑκάστη μνᾶν, ἅς, ὅταν σοι
					δοκῇ, σὺ πάλιν γράψεις καταχωνεύειν. </p>
			</div>
			<div n="77" type="section">
				<p>οὐ γὰρ ἑαυτοὺς δεκατεύοντες, οὐδʼ ἃν καταράσαινθʼ οἱ ἐχθροὶ ποιοῦντες, διπλᾶς
					πράττοντες τὰς εἰσφοράς, ταῦτʼ ἀνέθεσαν, οὐδʼ οἵοισπερ σὺ χρώμενοι συμβούλοις
					ἐπολιτεύοντο, ἀλλὰ τοὺς ἐχθροὺς κρατοῦντες, καὶ ἃ πᾶς τις ἂν εὖ φρονῶν εὔξαιτο,
					τὴν πόλιν εἰς ὁμόνοιαν ἄγοντες, ἀθάνατον κλέος αὑτῶν λελοίπασι, τοὺς
					ἐπιτηδεύοντας οἷα σοὶ βεβίωται τῆς ἀγορᾶς εἴργοντες. </p>
			</div>
			<div n="78" type="section">
				<p>ὑμεῖς δʼ εἰς τοῦτʼ, ὦ ἄνδρες Ἀθηναῖοι, προῆχθʼ εὐηθείας καὶ ῥᾳθυμίας ὥστʼ οὐδὲ
					τοιαῦτʼ ἔχοντες παραδείγματα ταῦτα μιμεῖσθε, ἀλλʼ Ἀνδροτίων ὑμῖν πομπείων
					ἐπισκευαστής, Ἀνδροτίων, ὦ γῆ καὶ θεοί. καὶ τοῦτʼ ἀσέβημʼ ἔλαττον τίνος ἡγεῖσθε;
					ἐγὼ μὲν γὰρ οἴομαι δεῖν τὸν εἰς ἱέρʼ εἰσιόντα καὶ χερνίβων καὶ κανῶν ἁψόμενον,
					καὶ τῆς πρὸς τοὺς θεοὺς ἐπιμελείας προστάτην ἐσόμενον οὐχὶ προειρημένον ἡμερῶν
					ἀριθμὸν ἁγνεύειν, ἀλλὰ τὸν βίον ἡγνευκέναι τοιούτων ἐπιτηδευμάτων οἷα τούτῳ
					βεβίωται.</p>
			</div>
		</body>
	</text>
</TEI>
