<?xml version="1.0" encoding="UTF-8"?>
<TEI xmlns="http://www.tei-c.org/ns/1.0">
	<teiHeader>

		<fileDesc>

			<titleStmt>
				<title>Against Onetor 1 </title>
				<author>Demosthenes</author>
				<sponsor>Perseus Project, Tufts University</sponsor>
				<principal>Gregory Crane</principal>
				<respStmt>
					<resp>Prepared under the supervision of</resp>
					<name>Lisa Cerrato</name>
					<name>William Merrill</name>
					<name>Elli Mylonas</name>
					<name>David Smith</name>
				</respStmt>
				<funder n="org:AnnCPB">The Annenberg CPB/Project</funder>

			</titleStmt>
			<publicationStmt>
				<publisher>Trustees of Tufts University</publisher>
				<pubPlace>Medford, MA</pubPlace>
				<authority>Perseus Project</authority>
			</publicationStmt>





			<sourceDesc>
				<biblStruct>
					<monogr>
						<author>Demosthenes</author>
						<title>Demosthenis.Orationes. ed. S. H. Butcher and W. Rennie</title>

						<imprint>
							<publisher>Oxonii. E Typographeo Clarendoniano</publisher>
							<date>1907 and 1921</date>
						</imprint>
					</monogr>
				</biblStruct>
			</sourceDesc>


		</fileDesc>

		<encodingDesc>

			<refsDecl>
				<refState unit="speech"/>
				<refState unit="section"/>
			</refsDecl>
		</encodingDesc>

		<profileDesc>
			<langUsage>
				<language ident="greek">Greek </language>
				<language ident="en">English </language>
			</langUsage>
		</profileDesc>
		<revisionDesc>
			<!--
<change><date>6/2/92</date><respStmt><name>David Smith</name><resp>(n/a)</resp></respStmt><item>fixed typos, esp. in 27.61 e)poih/san to e)poi/hsan</item>
</change>
<change><date>July 2014</date>
    <respStmt><name>Stella Dee</name><resp>ed.</resp></respStmt>
    <item>split composite text and converted to unicode</item>
      </change>-->
			<change when="2014-08-01" who="Stella Dee">edited markup</change>
		</revisionDesc>

	</teiHeader>
	<text xml:lang="grc">
		<body>

			<div n="1" type="section">
				<p>περὶ πολλοῦ ποιούμενος, ὦ ἄνδρες δικασταί, μήτε πρὸς Ἄφοβόν μοι συμβῆναι τὴν
					γενομένην διαφορὰν μήτε τὴν νῦν οὖσαν πρὸς Ὀνήτορα τουτονί, κηδεστὴν ὄντʼ αὐτοῦ,
					πολλὰ καὶ δίκαια προκαλεσάμενος ἀμφοτέρους, οὐδενὸς ἐδυνήθην τυχεῖν τῶν μετρίων,
					ἀλλʼ ηὕρηκα πολὺ τοῦτον ἐκείνου δυσκολώτερον καὶ μᾶλλον ἄξιον ὄντα δοῦναι δίκην.
				</p>
			</div>
			<div n="2" type="section">
				<p>τὸν μὲν γὰρ οἰόμενος δεῖν ἐν τοῖς φίλοις διαδικάσασθαι τὰ πρὸς ἐμὲ καὶ μὴ λαβεῖν
					ὑμῶν πεῖραν οὐχ οἷός τʼ ἐγενόμην πεῖσαι· τοῦτον δʼ αὐτὸν αὑτῷ κελεύων γενέσθαι
					δικαστήν, ἵνα μὴ παρʼ ὑμῖν κινδυνεύσῃ, τοσοῦτον κατεφρονήθην, ὥστʼ οὐχὶ μόνον
					λόγου τυχεῖν οὐκ ἠξιώθην, ἀλλὰ καὶ ἐκ τῆς γῆς, ἣν Ἄφοβος ἐκέκτηθʼ ὅτʼ ὠφλίσκανέ
					μοι τὴν δίκην, ὑβριστικῶς ὑπʼ αὐτοῦ πάνυ ἐξεβλήθην. </p>
			</div>
			<div n="3" type="section">
				<p>ἐπειδὴ οὖν συναποστερεῖ τέ με τῶν ὄντων τῷ ἑαυτοῦ κηδεστῇ, πιστεύων τʼ εἰς ὑμᾶς
					εἰσελήλυθεν ταῖς αὑτοῦ παρασκευαῖς, ὑπόλοιπόν ἐστιν ἐν ὑμῖν πειρᾶσθαι παρʼ αὐτοῦ
					τῶν δικαίων τυγχάνειν. οἶδα μὲν οὖν, ὦ ἄνδρες δικασταί, ὅτι μοι πρὸς παρασκευὰς
					λόγων καὶ μάρτυρας οὐ τἀληθῆ μαρτυρήσοντας ὁ ἀγών ἐστιν· ὅμως μέντοι τοσοῦτον
					οἶμαι διοίσειν τῷ δικαιότερα τούτου λέγειν, </p>
			</div>
			<div n="4" type="section">
				<p>ὥστʼ εἰ καί τις ὑμῶν πρότερον τοῦτον ἡγεῖτʼ εἶναι μὴ πονηρόν, ἔκ γε τῶν πρὸς ἐμὲ
					πεπραγμένων γνώσεσθαι, ὅτι καὶ τὸν ἄλλον χρόνον ἐλάνθανεν αὐτὸν κάκιστος ὢν καὶ
					ἀδικώτατος ἁπάντων. ἀποδείξω γὰρ αὐτὸν οὐ μόνον τὴν προῖκʼ οὐ δεδωκότα, ἧς φησι
					νῦν ἀποτετιμῆσθαι τὸ χωρίον, ἀλλὰ καὶ ἐξ ἀρχῆς τοῖς ἐμοῖς ἐπιβουλεύσαντα, καὶ
					πρὸς τούτοις τὴν μὲν γυναῖκʼ οὐκ ἀπολελοιπυῖαν, ὑπὲρ ἧς ἐξήγαγέ μʼ ἐκ ταύτης τῆς
					γῆς, </p>
			</div>
			<div n="5" type="section">
				<p>προϊστάμενον δʼ ἐπʼ ἀποστερήσει τῶν ἐμῶν Ἀφόβου καὶ τούτους ὑπομένοντα τοὺς
					ἀγῶνας, οὕτω μεγάλοις τεκμηρίοις καὶ φανεροῖς ἐλέγχοις ὥσθʼ ὑμᾶς ἅπαντας
					εἴσεσθαι σαφῶς ὅτι δικαίως καὶ προσηκόντως οὗτος φεύγει ταύτην ὑπʼ ἐμοῦ τὴν
					δίκην. ὅθεν δὲ ῥᾷστα μαθήσεσθε περὶ αὐτῶν, ἐντεῦθεν ὑμᾶς καὶ ἐγὼ πρῶτον
					πειράσομαι διδάσκειν. </p>
			</div>
			<div n="6" type="section">
				<p><milestone ed="P" unit="para"/>ἐγὼ γάρ, ὦ ἄνδρες δικασταί, πολλούς τʼ ἄλλους
					Ἀθηναίων καὶ τοῦτον οὐκ ἐλάνθανον κακῶς ἐπιτροπευόμενος, ἀλλʼ ἦν καταφανὴς εὐθὺς
					ἀδικούμενος· τοσαῦται πραγματεῖαι καὶ λόγοι καὶ παρὰ τῷ ἄρχοντι καὶ παρὰ τοῖς
					ἄλλοις ἐγίγνονθʼ ὑπὲρ τῶν ἐμῶν. τό τε γὰρ πλῆθος τῶν καταλειφθέντων ἦν φανερόν,
					ὅτι τʼ ἀμίσθωτον τὸν οἶκον ἐποίουν οἱ διαχειρίζοντες, ἵνʼ αὐτοὶ τὰ χρήματα
					καρποῖντο, οὐκ ἄδηλον ἦν. ὥστʼ ἐκ τῶν γιγνομένων οὐκ ἔσθʼ ὅστις οὐχ ἡγεῖτο τῶν
					εἰδότων δίκην με λήψεσθαι παρʼ αὐτῶν, ἐπειδὴ τάχιστʼ ἀνὴρ εἶναι δοκιμασθείην.
				</p>
			</div>
			<div n="7" type="section">
				<p>ἐν οἷς καὶ Τιμοκράτης καὶ Ὀνήτωρ ταύτην ἔχοντες διετέλεσαν τὴν διάνοιαν.
					τεκμήριον δὲ πάντων μέγιστον· οὗτος γὰρ ἐβουλήθη μὲν Ἀφόβῳ δοῦναι τὴν ἀδελφήν,
					ὁρῶν τῆς θʼ αὑτοῦ πατρῴας οὐσίας καὶ τῆς ἐμῆς οὐκ ὀλίγης αὐτὸν κύριον
					γεγενημένον, προέσθαι δὲ τὴν προῖκʼ οὐκ ἐπίστευσεν, ὥσπερ εἰ τὰ τῶν
					ἐπιτροπευόντων χρήματʼ ἀποτίμημα τοῖς ἐπιτροπευομένοις καθεστάναι νομίζων. ἀλλὰ
					τὴν μὲν ἀδελφὴν ἔδωκεν, τὴν δὲ προῖκʼ αὐτῷ Τιμοκράτης ἐπὶ πέντʼ ὀβολοῖς
					ὀφειλήσειν ὡμολόγησεν, ᾧ πρότερον ἡ γυνὴ συνοικοῦσʼ ἐτύγχανεν. </p>
			</div>
			<div n="8" type="section">
				<p>ὀφλόντος δέ μοι τὴν δίκην Ἀφόβου τῆς ἐπιτροπῆς καὶ οὐδὲν δίκαιον ποιεῖν
					ἐθέλοντος, διαλύειν μὲν ἡμᾶς Ὀνήτωρ οὐδʼ ἐπεχείρησεν, οὐκ ἀποδεδωκὼς δὲ τὴν
					προῖκα, ἀλλʼ αὐτὸς κύριος ὤν, ὡς ἀπολελοιπυίας τῆς ἀδελφῆς καὶ δοὺς κομίσασθαι
					δʼ οὐ δυνάμενος, ἀποτιμήσασθαι φάσκων τὴν γῆν ἐξάγειν μʼ ἐξ αὐτῆς ἐτόλμησεν·
					τοσοῦτον καὶ ἐμοῦ καὶ ὑμῶν καὶ τῶν κειμένων νόμων κατεφρόνησεν. </p>
			</div>
			<div n="9" type="section">
				<p>καὶ τὰ μὲν γενόμενα, καὶ διʼ ἃ φεύγει τὴν δίκην καὶ περὶ ὧν οἴσετε τὴν ψῆφον,
					ταῦτʼ ἐστίν, ὦ ἄνδρες δικασταί· παρέξομαι δὲ μάρτυρας πρῶτον μὲν αὐτὸν
					Τιμοκράτην, ὡς ὡμολόγησεν ὀφειλήσειν τὴν προῖκα καὶ τὸν τόκον ἀπεδίδου τῆς
					προικὸς Ἀφόβῳ κατὰ τὰς ὁμολογίας, ἔπειθʼ ὡς αὐτὸς Ἄφοβος ὡμολόγει κομίζεσθαι τὸν
					τόκον παρὰ Τιμοκράτους. καί μοι λαβὲ τὰς μαρτυρίας.<quote n="*marturi/ai"
							><title>Μαρτυρίαι</title></quote>
				</p>
			</div>
			<div n="10" type="section">
				<p>ἐξ ἀρχῆς μὲν τοίνυν ὁμολογεῖται μὴ δοθῆναι τὴν προῖκα μηδὲ γενέσθαι κύριον αὐτῆς
					Ἄφοβον. δῆλον δὲ καὶ ἐκ τῶν εἰκότων ὅτι τούτων ἕνεχʼ ὧν εἴρηκα ὀφείλειν εἵλοντο
					μᾶλλον ἢ καταμεῖξαι τὴν προῖκʼ εἰς τὴν οὐσίαν τὴν Ἀφόβου τὴν οὕτω
					κινδυνευθήσεσθαι μέλλουσαν. οὔτε γὰρ διʼ ἀπορίαν οἷόν τʼ εἰπεῖν ὡς οὐκ εὐθὺς
					ἀπέδοσαν (Τιμοκράτει τε γάρ ἐστιν οὐσία πλέον ἢ δέκα ταλάντων, Ὀνήτορί τε πλέον
					ἢ τριάκοντα, ὥστʼ οὐκ ἂν διὰ τοῦτό γʼ εἶεν οὐκ εὐθὺς δεδωκότες) οὔτε κτήματα μὲν
					ἦν αὐτοῖς, </p>
			</div>
			<div n="11" type="section">
				<p>ἀργύριον δʼ οὐκ ἔτυχεν παρόν, ἡ γυνὴ δʼ ἐχήρευεν, διὸ πρᾶξαι ταῦτʼ ἠπείχθησαν οὐχ
					ἅμα τὴν προῖκα διδόντες· ἀργύριόν τε γὰρ οὗτοι δανείζουσιν ἄλλοις οὐκ ὀλίγον,
					συνοικοῦσάν τε ταύτην, ἀλλʼ οὐ χηρεύουσαν παρὰ Τιμοκράτους ἐξέδοσαν, ὥστʼ οὐδʼ
					ἂν ταύτην τὴν σκῆψιν εἰκότως αὐτῶν τις ἀποδέξαιτο. </p>
			</div>
			<div n="12" type="section">
				<p>καὶ μὲν δή, ὦ ἄνδρες δικασταί, κἀκεῖνʼ ἂν πάντες ὁμολογήσαιτε, ὅτι τοιοῦτον
					πρᾶγμα συναλλάττων ὁστισοῦν ἕλοιτʼ ἂν ἑτέρῳ μᾶλλον ὀφείλειν ἢ κηδεστῇ τὴν προῖκα
					μὴ ἀποδοῦναι. μὴ διαλυσάμενος μὲν γὰρ γίγνεται χρήστης ἄδηλος εἴτʼ ἀποδώσει
					δικαίως εἴτε μή, μετὰ δὲ τῆς γυναικὸς τἀκείνης ἀποδοὺς οἰκεῖος καὶ κηδεστής·
				</p>
			</div>
			<div n="13" type="section">
				<p>ἐν οὐδεμιᾷ γάρ ἐστιν ὑποψίᾳ τὰ δίκαια πάντα ποιήσας. ὥσθʼ οὕτως τοῦ πράγματος
					ἔχοντος, καὶ τούτων οὐδὲ καθʼ ἓν ὧν εἶπον ὀφείλειν ἀναγκασθέντων, οὐδὲ
					βουληθέντων ἄν, οὐκ ἔστʼ εἰπεῖν ἄλλην πρόφασιν διʼ ἣν οὐκ ἀπέδοσαν, ἀλλʼ ἀνάγκη
					ταύτην εἶναι τὴν αἰτίαν, διʼ ἣν δοῦναι τὴν προῖκʼ οὐκ ἐπίστευσαν. </p>
			</div>
			<div n="14" type="section">
				<p><milestone ed="P" unit="para"/>ἐγὼ τοίνυν ὁμολογουμένως οὕτω ταῦτʼ ἐξελέγχων, ὡς
					οὐδʼ ὕστερον ἀπέδοσαν, οἶμαι ῥᾳδίως ἐπιδείξειν ἐξ αὐτῶν τῶν πεπραγμένων, ὥσθʼ
					ὑμῖν γενέσθαι φανερόν, ὅτι κἂν εἰ μὴ ἐπὶ τούτοις, ἀλλʼ ἐπὶ τῷ διὰ ταχέων
					ἀποδοῦναι τἀργύριον εἶχον, οὐκ ἄν ποτʼ ἀπέδοσαν οὐδʼ ἂν προεῖντο· τοιαύτας
					ἀνάγκας εἶχεν αὐτοῖς τὸ πρᾶγμα. </p>
			</div>
			<div n="15" type="section">
				<p>δύο μὲν γάρ ἐστιν ἔτη τὰ μεταξὺ τοῦ συνοικῆσαί τε τὴν γυναῖκα καὶ φῆσαι τούτους
					πεποιῆσθαι τὴν ἀπόλειψιν· ἐγήματο μὲν γὰρ ἐπὶ Πολυζήλου ἄρχοντος σκιροφοριῶνος
					μηνός, ἡ δʼ ἀπόλειψις ἐγράφη ποσιδεῶνος μηνὸς ἐπὶ Τιμοκράτους· ἐγὼ δʼ εὐθέως
					μετὰ τοὺς γάμους δοκιμασθεὶς ἐνεκάλουν καὶ λόγον ἀπῄτουν, καὶ πάντων
					ἀποστερούμενος τὰς δίκας ἐλάγχανον ἐπὶ τοῦ αὐτοῦ ἄρχοντος. </p>
			</div>
			<div n="16" type="section">
				<p>ὁ δὴ χρόνος οὗτος ὀφειλῆσαι μὲν ἐνδέχεται κατὰ τὰς ὁμολογίας, ἀποδοῦναι δʼ οὐκ
					ἔχει πίστιν. ὃς γὰρ διὰ ταῦτʼ ἐξ ἀρχῆς ὀφείλειν εἵλετο καὶ τόκον φέρειν, ἵνα μὴ
					κινδυνεύοι ἡ προὶξ μετὰ τῆς ἄλλης οὐσίας, πῶς οὗτος ἂν ἀπέδωκεν ἤδη τὴν δίκην
					φεύγοντος; ὃς εἰ καὶ τότʼ ἐπίστευσεν, τηνικαῦτʼ ἂν ἀπολαβεῖν ἐζήτησεν. οὐκ
					ἔνεστι δήπουθεν, ὦ ἄνδρες δικασταί. </p>
			</div>
			<div n="17" type="section">
				<p>ἀλλὰ μὴν ὡς ἐγήματο μὲν ἡ γυνὴ καθʼ ὃν ἐγὼ λέγω χρόνον, ἀντίδικοι δʼ ἡμεῖς ἤδη
					πρὸς ἀλλήλους ἐν τῷ μεταξὺ χρόνῳ κατέστημεν, ὕστερον δʼ ἢ ἐγὼ τὴν δίκην ἔλαχον
					τὴν ἀπόλειψιν οὗτοι πρὸς τὸν ἄρχοντʼ ἀπεγράψαντο, λαβέ μοι καθʼ ἕκαστον ταύτας
					τὰς μαρτυρίας.<quote n="*marturi/a"><title>Μαρτυρία</title></quote>μετὰ τοίνυν
					τοῦτον τὸν ἄρχοντα Κηφισόδωρος, Χίων. ἐπὶ τούτων ἐνεκάλουν δοκιμασθείς, ἔλαχον
					δὲ τὴν δίκην ἐπὶ Τιμοκράτους. λαβὲ ταύτην τὴν μαρτυρίαν.<quote n="*marturi/a"
							><title>Μαρτυρία</title></quote>
				</p>
			</div>
			<div n="18" type="section">
				<p>ἀνάγνωθι δὲ καὶ ταύτην τὴν μαρτυρίαν.<quote n="*marturi/a"
							><title>Μαρτυρία</title></quote><milestone ed="P" unit="para"/>δῆλον μὲν
					τοίνυν καὶ ἐκ τῶν μεμαρτυρημένων, ὅτι τὴν προῖκʼ οὐ δόντες, ἀλλʼ ἐπὶ τῷ
					διασῴζειν Ἀφόβῳ τὴν οὐσίαν ταῦτα τολμῶσι πράττειν. οἳ γὰρ ἐν τοσούτῳ χρόνῳ καὶ
					ὀφειλῆσαι καὶ ἀποδοῦναι καὶ τὴν γυναῖκʼ ἀπολιπεῖν καὶ οὐ κομίσασθαι καὶ τὸ
					χωρίον ἀποτιμήσασθαί φασιν, πῶς οὐ φανερὸν ὅτι προστάντες τοῦ πράγματος τὰ
					γνωσθένθʼ ὑφʼ ὑμῶν ἀποστερῆσαί με ζητοῦσιν; </p>
			</div>
			<div n="19" type="section">
				<p>ὡς δὲ καὶ ἐξ ὧν αὐτὸς οὗτος καὶ Τιμοκράτης καὶ Ἄφοβος ἀπεκρίναντο, οὐχ οἷόν τʼ
					ἀποδεδόσθαι τὴν προῖκα, ταῦτʼ ἤδη πειράσομαι διδάσκειν ὑμᾶς. ἐγὼ γάρ, ὦ ἄνδρες
					δικασταί, τούτων ἕκαστον ἠρόμην πολλῶν ἐναντίον μαρτύρων, Ὀνήτορα μὲν καὶ
					Τιμοκράτην, εἴ τινες εἶεν μάρτυρες ὧν ἐναντίον τὴν προῖκʼ ἀπέδοσαν, αὐτὸν δʼ
					Ἄφοβον, εἴ τινες παρῆσαν ὅτʼ ἀπελάμβανεν. </p>
			</div>
			<div n="20" type="section">
				<p>καί μοι πάντες ἀπεκρίναντο καθʼ ἕκαστον, ὅτι οὐδεὶς μάρτυς παρείη, κομίζοιτο δὲ
					λαμβάνων καθʼ ὁποσονοῦν δέοιτʼ Ἄφοβος παρʼ αὐτῶν. καίτοι τῷ τοῦθʼ ὑμῶν πιστόν,
					ὡς ταλάντου τῆς προικὸς οὔσης ἄνευ μαρτύρων Ὀνήτωρ καὶ Τιμοκράτης Ἀφόβῳ τοσοῦτον
					ἀργύριον ἐνεχείρισαν; ᾧ μὴ ὅτι τοῦτον τὸν τρόπον, ἀλλʼ οὐδὲ μετὰ πολλῶν μαρτύρων
					ἀποδιδοὺς εἰκῇ τις ἂν ἐπίστευσεν, ἵνʼ εἴ τις γίγνοιτο διαφορά, κομίσασθαι ῥᾳδίως
					παρʼ ὑμῖν δύνηται. </p>
			</div>
			<div n="21" type="section">
				<p>μὴ γὰρ ὅτι πρὸς τοῦτον τοιοῦτον ὄντα, ἀλλʼ οὐδὲ πρὸς ἄλλον οὐδʼ ἂν εἷς οὐδένα
					τοιοῦτον συνάλλαγμα ποιούμενος ἀμαρτύρως ἂν ἔπραξεν· ἀλλὰ τῶν τοιούτων ἕνεκα καὶ
					γάμους ποιοῦμεν καὶ τοὺς ἀναγκαιοτάτους παρακαλοῦμεν, ὅτι οὐ πάρεργον, ἀλλʼ
					ἀδελφῶν καὶ θυγατέρων βίους ἐγχειρίζομεν, ὑπὲρ ὧν τὰς ἀσφαλείας μάλιστα
					σκοποῦμεν. </p>
			</div>
			<div n="22" type="section">
				<p>εἰκὸς τοίνυν καὶ τοῦτον, ὧνπερ ἐναντίον ὀφείλειν ὡμολόγησεν καὶ τὸν τόκον οἴσειν,
					τῶν αὐτῶν τούτων παρόντων διαλύσασθαι πρὸς Ἄφοβον, εἴπερ ὡς ἀληθῶς ἀπεδίδου τὴν
					προῖκʼ αὐτῷ. τοῦτον μὲν γὰρ τὸν τρόπον πράξας, ὅλου τοῦ πράγματος ἀπηλλάττετο,
					μόνος μόνῳ δʼ ἀποδιδούς, τοὺς ἐπὶ ταῖς ὁμολογίαις παραγενομένους ὡς κατʼ
					ὀφείλοντος ἂν αὑτοῦ μάρτυρας ὑπελείπετο. </p>
			</div>
			<div n="23" type="section">
				<p>νῦν τοίνυν τοὺς μὲν ὄντας οἰκείους καὶ βελτίους αὑτῶν οὐκ ἐδύναντο πεῖσαι τὴν
					προῖκʼ ἀποδεδωκέναι σφᾶς μαρτυρεῖν, ἑτέρους δʼ εἰ παρέχοιντο μάρτυρας μηδὲν
					γένει προσήκοντας, οὐκ ἂν ἡγοῦνθʼ ὑμᾶς αὐτοῖς πιστεύειν. ἔτι δʼ ἁθρόαν μὲν
					φάσκοντες δεδωκέναι τὴν προῖκα, ᾔδεσαν ὅτι τοὺς ἀπενεγκόντας οἰκέτας
					ἐξαιτήσομεν, οὓς μὴ γεγενημένης τῆς δόσεως παραδοῦναι μὴ ʼθέλοντες ἠλέγχοντʼ ἄν·
					εἰ δʼ αὐτοὶ μόνοι μόνῳ τοῦτον τὸν τρόπον ἀποδεδωκέναι λέγοιεν, ἐνόμιζον οὐκ
					ἐλεγχθήσεσθαι. </p>
			</div>
			<div n="24" type="section">
				<p>διὰ τοῦτο τοῦτον εἵλοντʼ ἐξ ἀνάγκης ψεύδεσθαι τὸν τρόπον. τοιαύταις τέχναις καὶ
					πανουργίαις, ὡς ἁπλοῖ τινὲς εἶναι δόξοντες, ἡγοῦνται ῥᾳδίως ὑμᾶς ἐξαπατήσειν,
					ἁπλῶς οὐδʼ ἂν μικρὸν ὑπὲρ τῶν διαφερόντων, ἀλλʼ ὡς οἷόν τʼ ἀκριβέστατα
					πράξαντες. λαβὲ τὰς μαρτυρίας αὐτοῖς ὧν ἐναντίον ἀπεκρίναντο, καὶ
						ἀνάγνωθι.<quote n="*marturi/ai"><title>Μαρτυρίαι</title></quote>
				</p>
			</div>
			<div n="25" type="section">
				<p>φέρε δή, ὦ ἄνδρες δικασταί, καὶ τὴν γυναῖχʼ ὑμῖν ἀποδείξω λόγῳ μὲν ἀπολελοιπυῖαν,
					ἔργῳ δὲ συνοικοῦσαν Ἀφόβῳ· νομίζω γάρ, ἂν τοῦτʼ ἀκριβῶς μάθητε, μᾶλλον ὑμᾶς
					τούτοις μὲν ἀπιστήσειν, ἐμοὶ δʼ ἀδικουμένῳ τὰ δίκαια βοηθήσειν. μάρτυρας δὲ τῶν
					μὲν ὑμῖν παρέξομαι, τῶν δʼ ἐπιδείξω μεγάλα τεκμήρια καὶ πίστεις ἱκανάς. </p>
			</div>
			<div n="26" type="section">
				<p>ἐγὼ γάρ, ὦ ἄνδρες δικασταί, μετὰ τὸ γεγράφθαι παρὰ τῷ ἄρχοντι ταύτην τὴν γυναῖκʼ
					ἀπολελοιπυῖαν καὶ τὸ φάσκειν Ὀνήτορʼ ἀντὶ τῆς προικὸς ἀποτετιμῆσθαι τὸ χωρίον,
					ὁρῶν Ἄφοβον ὁμοίως ἔχοντα καὶ γεωργοῦντα τὴν γῆν καὶ τῇ γυναικὶ συνοικοῦντα,
					σαφῶς ᾔδειν ὅτι λόγος ταῦτα καὶ παραγωγὴ τοῦ πράγματός ἐστιν. </p>
			</div>
			<div n="27" type="section">
				<p>βουλόμενος δʼ ἐμφανῆ ποιῆσαι ταῦτα πᾶσιν ὑμῖν, ἐξελέγχειν αὐτὸν ἠξίουν ἐναντίον
					μαρτύρων, εἰ μὴ φάσκοι ταῦθʼ οὕτως ἔχειν, καὶ παρεδίδουν οἰκέτην εἰς βάσανον, ὃς
					συνῄδει πάντʼ ἀκριβῶς· ὃν ἔλαβον κατὰ τὴν ὑπερημερίαν ἐκ τῶν Ἀφόβου. οὗτος δʼ
					ἐμοῦ ταῦτʼ ἀξιώσαντος, περὶ μὲν τοῦ συνοικεῖν Ἀφόβῳ τὴν ἀδελφὴν ἔφυγε τὴν
					βάσανον· ὡς δʼ οὐκ ἐκεῖνος ἐγεώργει τὴν γῆν, οὐκ ἐδύνατʼ ἀρνηθῆναι διὰ τὴν
					περιφάνειαν, ἀλλὰ προσωμολόγησεν. </p>
			</div>
			<div n="28" type="section">
				<p>οὐ μόνον δʼ ἐκ τούτων ἦν ῥᾴδιον γνῶναι, ὅτι καὶ συνῴκει τῇ γυναικὶ καὶ τὸ χωρίον
					ἐκέκτητʼ ἔτι πρὶν γενέσθαι τὴν δίκην, ἀλλὰ καὶ ἐξ ὧν ὀφλὼν διεπράξατο περὶ
					αὐτῶν. ὡς γὰρ οὐκ ἀποτετιμηκώς, ἀλλʼ ἐμῶν ἐσομένων κατὰ τὴν δίκην, ἃ μὲν οἷόν τʼ
					ἦν ἐξενεγκεῖν, ᾤχετο λαβών, τοὺς καρποὺς καὶ τὰ σκεύη τὰ γεωργικὰ πάντα πλὴν τῶν
					πιθακνῶν· ὃ δʼ οὐχ οἷόν τʼ ἦν ἀνελεῖν, ἐξ ἀνάγκης ὑπέλιπεν, ὥστʼ ἐγγενέσθαι
					τούτῳ νῦν αὐτῆς τῆς γῆς ἀμφισβητεῖν. </p>
			</div>
			<div n="29" type="section">
				<p>καίτοι δεινὸν τὸν μὲν λέγειν ὡς ἀπετιμήσατο τὸ χωρίον, τὸν δʼ ἀποτετιμηκότα
					φαίνεσθαι γεωργοῦντα, καὶ φάσκειν μὲν ἀπολελοιπέναι τὴν ἀδελφήν, ὑπὲρ αὐτῶν δὲ
					τούτων φανερὸν εἶναι φεύγοντα τοὺς ἐλέγχους, καὶ τὸν μὲν οὐ συνοικοῦντα, ὡς
					οὗτός φησιν, καὶ τοὺς καρποὺς καὶ τὰ ἐκ τῆς γεωργίας ἅπαντʼ ἐξενεγκεῖν, τὸν δʼ
					ὑπὲρ τῆς ἀπολελοιπυίας πράττοντα, ὑπὲρ ἧς ἀποτετιμῆσθαί φησι τὸ χωρίον,
					φαίνεσθαι μηδʼ ὑπὲρ ἑνὸς τούτων ἀγανακτοῦντα, ἀλλʼ ἡσυχίαν ἔχοντα. </p>
			</div>
			<div n="30" type="section">
				<p>ταῦτʼ οὐ πολλὴ περιφάνειʼ ἐστίν; ταῦτʼ οὐχ ὁμολογουμένη προστασία; φήσειέ γʼ ἄν
					τις, εἰ διαλογίζοιτʼ ὀρθῶς ἕκαστʼ αὐτῶν. ὡς τοίνυν ὡμολόγει μὲν ἐκεῖνον γεωργεῖν
					πρὶν γενέσθαι τὴν δίκην ἐμοὶ πρὸς αὐτόν, ὑπὲρ δὲ τοῦ μὴ συνοικεῖν τὴν ἀδελφὴν
					οὐκ ἠθέλησεν ποιήσασθαι τὴν βάσανον, ἡ δὲ γεωργία ἐξεσκευάσθη μετὰ τὴν δίκην
					πλὴν τῶν ἐγγείων, λαβὲ ταύτας τὰς μαρτυρίας καὶ ἀνάγνωθι.<quote n="*marturi/ai"
							><title>Μαρτυρίαι</title></quote>
				</p>
			</div>
			<div n="31" type="section">
				<p>ἐμοὶ τοίνυν τοσούτων ὑπαρχόντων τεκμηρίων, οὐχ ἥκιστʼ αὐτὸς ἔδειξεν Ὀνήτωρ, ὅτι
					οὐκ ἀληθινὴν ἐποιήσατο τὴν ἀπόλειψιν. ᾧ γὰρ προσῆκεν χαλεπῶς φέρειν, εἰ τὴν
					προῖκα δούς, ὥς φησιν, ἀντʼ ἀργυρίου χωρίον ἀμφισβητούμενον ἀπελάμβανεν, οὗτος
					οὐχ ὡς διάφορος οὐδʼ ὡς ἀδικούμενος, ἀλλʼ ὡς οἰκειότατος πάντων τὴν πρὸς ἐμὲ
					δίκην αὐτῷ συνηγωνίζετο. κἀμὲ μὲν συναποστερῆσαι μετʼ ἐκείνου τῶν πατρῴων
					ἐπεχείρησεν, καθʼ ὅσον αὐτὸς οἷός τʼ ἦν, ὑφʼ οὗ κακὸν οὐδʼ ὁτιοῦν ἦν πεπονθώς·
					Ἀφόβῳ δʼ, ὃν ἀλλότριον εἶναι προσῆκε νομίζειν, εἴ τι τούτων ἀληθὲς ἦν ὧν νῦν
					λέγουσιν, καὶ τἀμὰ πρὸς τοῖς ἐκείνου περιποιεῖν ἐζήτησεν. </p>
			</div>
			<div n="32" type="section">
				<p>καὶ οὐ μόνον ἐνταῦθα τοῦτʼ ἐποίησεν, ἀλλὰ καὶ κατεγνωσμένης ἤδη τῆς δίκης, ἀναβὰς
					ἐπὶ τὸ δικαστήριον ἐδεῖθʼ ἱκετεύων ὑπὲρ αὐτοῦ καὶ ἀντιβολῶν καὶ δάκρυσι κλάων
					ταλάντου τιμῆσαι, καὶ τούτου αὐτὸς ἐγίγνετʼ ἐγγυητής. καὶ ταῦθʼ ὁμολογούμενα μέν
					ἐστιν πολλαχόθεν (οἵ τε γὰρ ἐν τῷ δικαστηρίῳ τότε δικάζοντες καὶ τῶν ἔξωθεν
					παρόντων πολλοὶ συνίσασιν), ὅμως δὲ καὶ μάρτυρας ὑμῖν παρέξομαι. καί μοι λαβὲ
					ταύτην τὴν μαρτυρίαν.<quote n="*marturi/a"><title>Μαρτυρία</title></quote>
				</p>
			</div>
			<div n="33" type="section">
				<p>ἔτι τοίνυν, ὦ ἄνδρες δικασταί, καὶ τεκμηρίῳ μεγάλῳ γνῶναι ῥᾴδιον, ὅτι τῇ ἀληθείᾳ
					συνῴκει καὶ οὐδέπω καὶ τήμερον ἀπολέλοιπεν. αὕτη γὰρ ἡ γυνή, πρὶν μὲν ὡς Ἄφοβον
					ἐλθεῖν, μίαν ἡμέραν οὐκ ἐχήρευσεν, ἀλλὰ παρὰ ζῶντος Τιμοκράτους ἐκείνῳ
					συνῴκησεν, νῦν δʼ ἐν τρισὶν ἔτεσιν ἄλλῳ συνοικοῦσʼ οὐδενὶ φαίνεται. καίτοι τῷ
					πιστόν, ὡς τότε μέν, ἵνα μὴ χηρεύσειεν, παρʼ ἀνδρὸς ὡς ἄνδρʼ ἐβάδιζεν, νῦν δʼ,
					εἴπερ ὡς ἀληθῶς ἀπολέλοιπεν, τοσοῦτον ἂν χρόνον χηρεύουσʼ ἠνείχετʼ ἐξὸν ἄλλῳ
					συνοικεῖν, τοῦ τʼ ἀδελφοῦ κεκτημένου τοσαύτην οὐσίαν, αὐτή τε ταύτην ἔχουσα τὴν
					ἡλικίαν; </p>
			</div>
			<div n="34" type="section">
				<p>οὐκ ἔχει ταῦτʼ ἀλήθειαν, ὦ ἄνδρες δικασταί, πιθανήν, ἀλλὰ λόγοι ταῦτʼ εἰσί,
					συνοικεῖ δʼ ἡ γυνὴ φανερῶς καὶ οὐκ ἐπικρύπτεται τὸ πρᾶγμα. παρέξομαι δʼ ὑμῖν
					Πασιφῶντος μαρτυρίαν, ὃς ἀρρωστοῦσαν αὐτὴν θεραπεύων ἑώρα παρακαθήμενον Ἄφοβον
					ἐπὶ τούτου τοῦ ἄρχοντος, ἤδη τούτῳ ταυτησὶ τῆς δίκης εἰληγμένης. καί μοι λαβὲ
					τὴν Πασιφῶντος μαρτυρίαν.<quote n="*marturi/a"><title>Μαρτυρία</title></quote>
				</p>
			</div>
			<div n="35" type="section">
				<p>ἐγὼ τοίνυν εἰδώς, ὦ ἄνδρες δικασταί, καὶ μετὰ τὴν δίκην τοῦτον εὐθὺς
					ἀποδεδεγμένον τὰ ἐκ τῆς οἰκίας τῆς Ἀφόβου χρήματα, καὶ κύριον τῶν τʼ ἐκείνου καὶ
					τῶν ἐμῶν ἁπάντων γεγενημένον, καὶ συνοικοῦσαν <del>αὐτῷ</del> τὴν γυναῖκα σαφῶς
					ἐπιστάμενος, τρεῖς θεραπαίνας ἐξῄτησʼ αὐτόν, αἳ συνοικοῦσάν τε τὴν γυναῖκʼ
					ᾔδεσαν καὶ τὰ χρήμαθʼ ὅτι παρὰ τούτοις ἦν, ἵνα μὴ λόγοι μόνον, ἀλλὰ καὶ βάσανοι
					περὶ αὐτῶν γίγνοιντο. </p>
			</div>
			<div n="36" type="section">
				<p>οὗτος δʼ ἐμοῦ προκαλεσαμένου ταῦτα, καὶ πάντων τῶν παρόντων δίκαια λέγειν μʼ
					ἀποφηναμένων, οὐκ ἠθέλησεν εἰς τοῦτο τἀκριβὲς καταφυγεῖν, ἀλλʼ ὥσπερ ἑτέρων
					τινῶν ὄντων περὶ τῶν τοιούτων σαφεστέρων ἐλέγχων ἢ βασάνων καὶ μαρτυριῶν, οὔτε
					μάρτυρας παρεχόμενος τὴν προῖχʼ ὡς ἀπέδωκεν, οὔτʼ εἰς βάσανον ἐκδιδοὺς τὰς
					συνειδυίας περὶ τοῦ μὴ συνοικεῖν τὴν ἀδελφήν, ὅτι ταῦτʼ ἠξίουν, ὑβριστικῶς πάνυ
					καὶ προπηλακιστικῶς οὐκ εἴα μʼ αὑτῷ διαλέγεσθαι. τούτου γένοιτʼ ἄν τις
					σχετλιώτερος ἄνθρωπος, ἢ μᾶλλον ἑκὼν τὰ δίκαιʼ ἀγνοεῖν προσποιούμενος; λαβὲ δʼ
					αὐτὴν τὴν πρόκλησιν καὶ ἀνάγνωθι.<quote n="*pro/klhsis"
						><title>Πρόκλησις</title></quote>
				</p>
			</div>
			<div n="37" type="section">
				<p>ὑμεῖς τοίνυν καὶ ἰδίᾳ καὶ δημοσίᾳ βάσανον ἀκριβεστάτην πασῶν <add>πίστεων</add>
					νομίζετε, καὶ ὅπου ἂν δοῦλοι καὶ ἐλεύθεροι παραγένωνται, δέῃ δʼ εὑρεθῆναι τὸ
					ζητούμενον, οὐ χρῆσθε ταῖς τῶν ἐλευθέρων μαρτυρίαις, ἀλλὰ τοὺς δούλους
					βασανίζοντες, οὕτω ζητεῖτε τὴν ἀλήθειαν εὑρεῖν. εἰκότως, ὦ ἄνδρες δικασταί· τῶν
					μὲν γὰρ μαρτυρησάντων ἤδη τινὲς οὐ τἀληθῆ μαρτυρῆσαι ἔδοξαν· τῶν δὲ
					βασανισθέντων οὐδένες πώποτʼ ἐξηλέγχθησαν, ὡς οὐκ ἀληθῆ τὰ ἐκ τῆς βασάνου εἶπον.
				</p>
			</div>
			<div n="38" type="section">
				<p>οὗτος δὲ τηλικαῦτα δίκαια φυγὼν καὶ σαφεῖς οὕτω καὶ μεγάλους ἐλέγχους παραλιπών,
					Ἄφοβον παρεχόμενος μάρτυρα καὶ Τιμοκράτην, τὸν μὲν ὡς ἀπέδωκε τὴν προῖκα, τὸν δʼ
					ὡς ἀπείληφεν, ἀξιώσει πιστεύεσθαι παρʼ ὑμῖν, ἀμάρτυρον τὴν πρὸς τούτους πρᾶξιν
					γεγενῆσθαι προσποιούμενος· τοσαύτην ὑμῶν εὐήθειαν κατέγνωκεν. </p>
			</div>
			<div n="39" type="section">
				<p>ὅτι μὲν τοίνυν οὔτʼ ἀληθῆ οὔτʼ ἀληθείᾳ ἐοικότα λέξουσιν, καὶ ἐκ τοῦ ἐξ ἀρχῆς
					αὐτοὺς ὁμολογεῖν τὴν προῖκα μὴ δοῦναι, καὶ ἐκ τοῦ πάλιν ἄνευ μαρτύρων
					ἀποδεδωκέναι φάσκειν, καὶ ἐκ τοῦ τὸν χρόνον μὴ ἐγχωρεῖν ἀμφισβητουμένης ἤδη τῆς
					οὐσίας ἀποδοῦναι τἀργύριον, καὶ ἐκ τῶν ἄλλων ἁπάντων ἱκανῶς ἀποδεδεῖχθαι
					νομίζω.</p>
			</div>
		</body>
	</text>
</TEI>
