<?xml version="1.0" encoding="UTF-8"?>
<TEI xmlns="http://www.tei-c.org/ns/1.0">
	<teiHeader>
		<fileDesc>

			<titleStmt>
				<title>Against Leochares </title>
				<author>Demosthenes</author>
				<sponsor>Perseus Project, Tufts University</sponsor>
				<principal>Gregory Crane</principal>
				<respStmt>
					<resp>Prepared under the supervision of</resp>
					<name>Lisa Cerrato</name>
					<name>William Merrill</name>
					<name>Elli Mylonas</name>
					<name>David Smith</name>
				</respStmt>
				<funder n="org:AnnCPB">The Annenberg CPB/Project</funder>

			</titleStmt>
			<publicationStmt>
				<publisher>Trustees of Tufts University</publisher>
				<pubPlace>Medford, MA</pubPlace>
				<authority>Perseus Project</authority>
			</publicationStmt>





			<sourceDesc>
				<biblStruct>
					<monogr>
						<author>Demosthenes</author>
						<title>Demosthenis.Orationes. ed. W. Rennie</title>

						<imprint>
							<publisher>Oxonii.e Typographeo Clarendoniano</publisher>
							<date>1931</date>
						</imprint>
					</monogr>
				</biblStruct>
			</sourceDesc>


		</fileDesc>

		<encodingDesc>

			<refsDecl>
				<refState unit="speech"/>
				<refState unit="section"/>
			</refsDecl>
		</encodingDesc>

		<profileDesc>
			<langUsage>
				<language ident="greek">Greek </language>
				<language ident="en">English </language>
			</langUsage>
		</profileDesc>
	</teiHeader>
	<text xml:lang="grc">
		<body>

			<div type="section" n="1">
				<p>αἴτιος μέν ἐστι Λεωχάρης οὑτοσί, ὦ ἄνδρες δικασταί, τοῦ καὶ αὐτὸς κρίνεσθαι καὶ
					ἐμὲ νεώτερον ὄντα λέγειν ἐν ὑμῖν, ἀξιῶν κληρονομεῖν ὧν οὐ προσῆκεν αὐτῷ, καὶ
					ὑπὲρ τούτων ψευδῆ διαμαρτυρίαν πρὸς τῷ ἄρχοντι ποιησάμενος. </p>
			</div>
			<div type="section" n="2">
				<p>ἡμῖν μὲν γὰρ ἀναγκαῖον ἦν, τοῦ νόμου τὰς ἀγχιστείας τοῖς ἐγγυτάτω γένους
					ἀποδιδόντος, οὖσιν οἰκείοις Ἀρχιάδου τοῦ ἐξ ἀρχῆς καταλιπόντος τὸν κλῆρον, μήτε
					τὸν οἶκον ἐξερημωθέντα τὸν ἐκείνου περιιδεῖν μήτε τῆς οὐσίας ἑτέρους
					κληρονομήσαντας, οἷς οὐδʼ ὁτιοῦν προσήκει· οὑτοσὶ δὲ οὔτε γόνῳ τοῦ
					τετελευτηκότος υἱὸς ὢν οὔτʼ εἰσποιηθεὶς κατὰ τοὺς νόμους, ὡς ἐγὼ δείξω,
					διαμεμαρτύρηκεν οὕτως τὰ ψευδῆ προπετῶς, ἀφαιρούμενος ἡμῶν τὴν κληρονομίαν. </p>
			</div>
			<div type="section" n="3">
				<p>δέομαι δʼ ὑμῶν, ὦ ἄνδρες δικασταί, βοηθῆσαι τῷ τε πατρὶ τούτῳ καὶ ἐμοί, ἐὰν
					λέγωμεν τὰ δίκαια, καὶ μὴ περιιδεῖν πένητας ἀνθρώπους καὶ ἀσθενεῖς
					καταστασιασθέντας ὑπὸ παρατάξεως ἀδίκου. ἡμεῖς μὲν γὰρ ταῖς ἀληθείαις
					πιστεύοντες εἰσεληλύθαμεν, καὶ ἀγαπῶντες, ἄν τις ἡμᾶς ἐᾷ τῶν νόμων τυγχάνειν·
					οὗτοι δὲ τῇ παρασκευῇ καὶ τοῖς ἀναλώμασιν ἰσχυριζόμενοι διατετελέκασιν, εἰκότως
					οἶμαι· ἐκ γὰρ τῶν ἀλλοτρίων ῥᾳδίως ἀναλίσκουσιν, ὥστε καὶ τοὺς συνεροῦντας ὑπὲρ
					αὑτῶν καὶ τοὺς μαρτυρήσοντας τὰ ψευδῆ πολλοὺς πεπορίσθαι. </p>
			</div>
			<div type="section" n="4">
				<p>ὁ δὲ πατὴρ οὗτος (εἰρήσεται γάρ) ἅμα τῆς πενίας ἧς ὑμεῖς ἅπαντες ἴστε, καὶ τοῦ
					ἰδιώτης εἶναι φανερὰς ἔχων τὰς μαρτυρίας ἀγωνίζεται· διατελεῖ γὰρ ἐν Πειραιεῖ
					κηρύττων· τοῦτο δʼ ἐστὶν οὐ μόνον ἀπορίας ἀνθρωπίνης τεκμήριον, ἀλλὰ καὶ
					ἀσχολίας τῆς ἐπὶ τὸ πραγματεύεσθαι· ἀνάγκη γὰρ ἡμερεύειν ἐν τῇ ἀγορᾷ τὸν
					τοιοῦτον. ἃ δεῖ λογιζομένους ἐνθυμεῖσθαι ὅτι, εἰ μὴ τῷ δικαίῳ ἐπιστεύομεν, οὐκ
					ἄν ποτʼ εἰσήλθομεν εἰς ὑμᾶς. </p>
			</div>
			<div type="section" n="5">
				<p>περὶ μὲν οὖν τῶν τοιούτων καὶ προϊόντος τοῦ λόγου σαφέστερον ἀκούσεσθε· ὑπὲρ
					αὐτῆς δὲ τῆς διαμαρτυρίας καὶ τοῦ ἀγῶνος ἤδη νομίζω δεῖν διδάσκειν. εἰ μὲν οὖν,
					ὦ ἄνδρες δικασταί, ἐκ τῆς διαμαρτυρίας αὐτῆς Λεωχάρης ἔμελλεν ἀπολογούμενος
					δείξειν ὡς ἔστιν υἱὸς γνήσιος Ἀρχιάδου, οὐδὲν ἂν ἔδει πολλῶν λόγων, οὐδʼ ἄνωθεν
					ὑμᾶς ἐξετάζειν τὸ γένος τὸ ἡμέτερον· </p>
			</div>
			<div type="section" n="6">
				<p>ἐπειδὴ δὲ τὰ μὲν διαμεμαρτυρημένα ἕτερον τρόπον ἔχει, ὁ δὲ πολὺς τοῦ λόγου
					τουτοισὶ ἔσται ὡς εἰσεποιήθησαν, καὶ κατὰ τὴν ἀγχιστείαν γνήσιοι ὄντες δικαίως
					ἂν τῆς οὐσίας κληρονομοῖεν, ἀναγκαῖον, ὦ ἄνδρες δικασταί, διὰ ταῦτα μικρῷ ἄνωθεν
					τὰ περὶ τοῦ γένους ὑμῖν διεξελθεῖν· ἐὰν γὰρ τοῦτο σαφῶς μάθητε, οὐ μὴ
					παρακρουσθῆτε ὑπʼ αὐτῶν τῷ λόγῳ. </p>
			</div>
			<div type="section" n="7">
				<p>ἔστιν γὰρ ὁ μὲν ἀγὼν οὑτοσὶ κλήρου διαδικασία, ἀμφισβητεῖται δὲ παρὰ μὲν ἡμῶν
					κατὰ γένος ἡ ἀγχιστεία, παρὰ δὲ τούτων κατὰ ποίησιν· ὁμολογοῦμεν δʼ ἐναντίον
					ὑμῶν δεῖν τὰς ποιήσεις κυρίας εἶναι, ὅσαι ἂν κατὰ τοὺς νόμους δικαίως γένωνται.
					ὥστε ταύτας τὰς ὑποθέσεις μεμνημένοι, ἂν δείξωσιν ὑμῖν διδόντας τοὺς νόμους
					αὑτοῖς ἃ διαμεμαρτυρήκασιν, ψηφίσασθε αὐτοῖς τὸν κλῆρον. </p>
			</div>
			<div type="section" n="8">
				<p>καὶ ἐὰν ἐκ μὲν τῶν νόμων μὴ ὑπάρχῃ, δίκαια δὲ καὶ φιλάνθρωπα φαίνωνται λέγοντες,
					καὶ ὣς συγχωροῦμεν. ἵνα δὲ εἰδῆτε ὅτι κατὰ γένος ἐγγύτατα ὄντες οὐ μόνον τούτῳ
					ἐνισχυριζόμεθα, ἀλλὰ καὶ τοῖς ἄλλοις ἅπασιν, πρῶτον μὲν ὑπὲρ αὐτοῦ τοῦ γένους
					ὑμᾶς διδάξομεν, ὅθεν ἐστὶν ὁ κλῆρος· νομίζω γάρ, ἂν τούτῳ τῷ μέρει τοῦ ἀγῶνος
					σαφῶς παρακολουθήσητε, καὶ τῶν ἄλλων ὑμᾶς οὐδενὸς ἀπολειφθήσεσθαι. </p>
			</div>
			<div type="section" n="9">
				<p>τὸ γὰρ ἐξ ἀρχῆς, ὦ ἄνδρες δικασταί, γίγνονται Εὐθυμάχῳ τῷ Ὀτρυνεῖ υἱεῖς τρεῖς,
					Μειδυλίδης καὶ Ἄρχιππος καὶ Ἀρχιάδης, καὶ θυγάτηρ ᾗ ὄνομα ἦν Ἀρχιδίκη.
					τελευτήσαντος δὲ τοῦ πατρὸς αὐτοῖς, τὴν μὲν Ἀρχιδίκην ἐκδιδόασιν Λεωστράτῳ
					Ἐλευσινίῳ, αὐτῶν δὲ τριῶν ὄντων ὁ μὲν Ἄρχιππος τριηραρχῶν ἐτελεύτησεν τὸν βίον
					ἐν Μηθύμνῃ, ὁ δὲ Μειδυλίδης οὐ πολλῷ χρόνῳ γαμεῖ ὕστερον Μνησιμάχην Λυσίππου τοῦ
					Κριωέως θυγατέρα. </p>
			</div>
			<div type="section" n="10">
				<p>καὶ γίγνεται αὐτῷ θυγάτηρ ὄνομα Κλειτομάχη, ἣν ἐβουλήθη μὲν ἐκεῖνος ἀγάμῳ τῷ
					ἀδελφῷ ὄντι τῷ ἑαυτοῦ ἐκδοῦναι· ἐπειδὴ δὲ ὁ Ἀρχιάδης οὐκ ἔφη προαιρεῖσθαι
					γαμεῖν, ἀλλὰ καὶ τὴν οὐσίαν ἀνέμητον διὰ ταῦτα συγχωρήσας εἶναι ᾤκει καθʼ αὑτὸν
					ἐν τῇ Σαλαμῖνι, οὕτως ἤδη ὁ Μειδυλίδης ἐκδίδωσι τὴν αὑτοῦ θυγατέρα Ἀριστοτέλει
					Παλληνεῖ, τῷ πάππῳ τῷ ἐμῷ. καὶ γίγνονται ἐξ αὐτοῦ υἱεῖς τρεῖς, Ἀριστόδημός τε
					οὑτοσὶ ὁ πατὴρ ὁ ἐμὸς καὶ Ἁβρώνιχος ὁ θεῖος καὶ Μειδυλίδης, ὃς νῦν τετελευτηκὼς
					τυγχάνει. </p>
			</div>
			<div type="section" n="11">
				<p>καὶ ἡ μὲν τοῦ γένους ἀγχιστεία τοῦ ἡμετέρου, ἐν ᾧ ἐστιν ὁ κλῆρος, σχεδὸν οὕτως
					ἔχει, ὦ ἄνδρες δικασταί. Ἀρχιάδῃ γὰρ πρὸς ἀνδρῶν ἡμεῖς μὲν γένει ἐγγυτάτω, καὶ
					κατὰ τοῦτον τὸν νόμον ἀξιοῦντες τῆς ἐκείνου οὐσίας κληρονομεῖν καὶ τὸ γένος μὴ
					περιιδεῖν ἐξερημωθέν, ἐλάχομεν πρὸς τὸν ἄρχοντα τοῦ κλήρου· οὗτοι δὲ ἔχοντες οὐ
					δικαίως τὰ χρήματα διαμεμαρτυρήκασι νυνί, τὸ μὲν ὅλον ἰσχυριζόμενοι ποιήσει,
					φάσκοντες δὲ καὶ συγγενεῖς εἶναι. </p>
			</div>
			<div type="section" n="12">
				<p>περὶ μὲν οὖν ταύτης τῆς ποιήσεως, ὃν τρόπον ἔχει, σαφῶς ὑμᾶς ὕστερον διδάξομεν·
					περὶ δὲ τοῦ γένους, ὡς οὐκ εἰσὶν ἡμῶν ἐγγυτέρω, τοῦτο δεῖ μαθεῖν ὑμᾶς. ἓν μὲν
					οὖν ὁμολογεῖται, τὸ κρατεῖν τῶν κληρονόμων τοὺς ἄρρενας καὶ τοὺς ἐκ τῶν ἀρρένων·
					ἁπλῶς γὰρ τοῖς ἐγγυτάτω πρὸς ἀνδρῶν, ὅταν μὴ παῖδες ὦσιν, ὁ νόμος τὰς
					κληρονομίας ἀποδίδωσιν. οὗτοι δʼ ἐσμὲν ἡμεῖς· ἄπαις μὲν γὰρ ὁ Ἀρχιάδης
					ὁμολογεῖται τετελευτηκέναι, τούτῳ δὲ πρὸς ἀνδρῶν ἡμεῖς ἐσμεν ἐγγυτάτω. </p>
			</div>
			<div type="section" n="13">
				<p><del>πρὸς δὲ καὶ ἐκ γυναικῶν οἱ αὐτοὶ οὗτοι·</del> ὁ γὰρ Μειδυλίδης ἀδελφὸς ἦν
					τοῦ Ἀρχιάδου, τοῦ δὲ Μειδυλίδου θυγάτηρ ἡ τοῦ ἐμοῦ πατρὸς μήτηρ, ὥστε γίγνεται
					Ἀρχιάδης, ὑπὲρ οὗ τοῦ κλήρου τὴν ἐπιδικασίαν ποιούμεθα νυνί, θεῖος τῇ τοῦ πατρὸς
					τοῦ ἐμοῦ μητρὶ ἐκ πατραδέλφων, πρὸς ἀνδρῶν ἔχων τὴν συγγένειαν ταύτην καὶ οὐ
					πρὸς γυναικῶν. Λεώστρατος δʼ οὑτοσὶ γένει τε ἀπωτέρω ἐστὶν καὶ πρὸς γυναικῶν
					οἰκεῖος Ἀρχιάδῃ· ἡ γὰρ <del>τοῦ</del> Λεωκράτους μήτηρ τοῦ τούτου πατρὸς
					ἀδελφιδῆ ἦν τῷ Ἀρχιάδῃ ἐκείνῳ καὶ τῷ Μειδυλίδῃ, ἀφʼ ὧν ἡμεῖς ὄντες ἀξιοῦμεν τῆς
					κληρονομίας τυχεῖν. </p>
			</div>
			<div type="section" n="14">
				<p><milestone unit="para" ed="P"/>πρῶτον μὲν οὖν, ὦ ἄνδρες δικασταί, τὸ γένος ἡμῶν
					ὅτι οὕτως ἔχει ὥσπερ καὶ λέγομεν, ἀναγνώσεται ὑμῖν τὰς μαρτυρίας, ἔπειτα μετὰ
					ταῦτα τὸν νόμον αὐτὸν <add>τὸν</add> τοῖς τε γένεσι καὶ τοῖς ἐγγυτάτω πρὸς
					ἀνδρῶν τὰς κληρονομίας ἀποδιδόντα· τὰ γὰρ κεφάλαια τοῦ ἀγῶνος, καὶ ὑπὲρ ὧν
					ὀμωμοκότες οἴσετε τὴν ψῆφον, σχεδόν τι ταῦτʼ ἔστιν. καί μοι κάλει τούς τε
					μάρτυρας δευρὶ καὶ τὸν νόμον ἀναγίγνωσκε.<quote n="*ma/rtures"
							><title>Μάρτυρες</title></quote><quote n="*no/mos"
						><title>Νόμος</title></quote>
				</p>
			</div>
			<div type="section" n="15">
				<p>τὰ μὲν τοίνυν περὶ τὸ γένος τό τε τούτων καὶ τὸ ἡμέτερον οὕτως ἔχει, ὦ ἄνδρες
					δικασταί, ὥστε τοὺς ἐπιδεδειχότας ἐξ αὐτῶν τῶν μαρτυριῶν ὡς εἰσὶν γένει ἐγγυτέρω
					προσήκει κληρονομεῖν, καὶ μὴ τὴν τοῦ διαμαρτυρήσαντος ἀπόνοιαν κρείττω τῶν
					ὑμετέρων νόμων γενέσθαι. καὶ γὰρ εἰ τῇ ποιήσει ἰσχυρίζονται, ἣν ὡς ἐγένετο ἡμεῖς
					δείξομεν, τετελευτηκότος γε τοῦ εἰσποιηθέντος δήπου ἄπαιδος καὶ τοῦ οἴκου μέχρι
					τῆς ἡμετέρας λήξεως ἐξηρημωμένου, πῶς οὐ προσήκει τοὺς ἐγγυτάτω γένει ὄντας,
					τούτους τὴν κληρονομίαν κομίσασθαι, καὶ ὑμᾶς μὴ τοῖς δυναμένοις ἄριστα
					παρασκευάσασθαι, ἀλλὰ τοῖς ἀδικουμένοις τῶν πολιτῶν βοηθεῖν; </p>
			</div>
			<div type="section" n="16">
				<p>εἰ μὲν γὰρ ἐφʼ ἡμῖν ἦν ὥστε δείξασιν τὰ περὶ τοῦ γένους καὶ τῆς διαμαρτυρίας
					αὐτῆς καταβῆναι καὶ μηδενὸς ἔτι πλείονος λόγου προσδεῖσθαι, σχεδόν τι τῶν
					μεγίστων εἰρημένων οὐκ ἂν ἠνωχλοῦμεν τὰ πλείω. ἐπειδὴ δὲ οὗτοι τοῖς μὲν νόμοις
					οὐκ ἐνισχυριοῦνται, τῷ δὲ προειληφέναι τι τῶν πραγμάτων ἐκ τοῦ ἄνωθεν χρόνου καὶ
					τῷ ἐμβεβατευκέναι εἰς τὴν οὐσίαν, τούτοις τεκμηρίοις χρώμενοι φήσουσι
					κληρονομεῖν, ἀναγκαῖον ἴσως καὶ περὶ τούτων ἐστὶν εἰπεῖν καὶ δεῖξαι τούτους
					πάντων ἀνθρώπων βιαιοτάτους ὄντας. </p>
			</div>
			<div type="section" n="17">
				<p><milestone unit="para" ed="P"/>τὸ γὰρ ἐξ ἀρχῆς, ὦ ἄνδρες δικασταί, ἐκδιδόασιν τὴν
					ἀδελφὴν τὴν ἑαυτῶν ὁ Μειδυλίδης καὶ ὁ Ἀρχιάδης Λεωστράτῳ Ἐλευσινίῳ· μετὰ δὲ
					ταῦτα ἐκ θυγατρὸς τῆς ἐκδοθείσης ἀδελφῆς ταύτης αὐτῶν γίγνεται Λεωκράτης ὁ πατὴρ
					Λεωστράτου τουτουί, σκέψασθε ὡς πολλοστὸς εἰς τὴν τοῦ Ἀρχιάδου συγγένειαν
					προσήκων, ὑπὲρ οὗ τὴν διαμαρτυρίαν πεποίηται. τούτων δʼ οὕτως ἐχόντων ὁ μὲν
					Ἀρχιάδης οὐκ ἐγάμει, ὁ δὲ Μειδυλίδης ὁ ἀδελφὸς αὐτοῦ, πάππος δὲ τουτουὶ ἔγημε.
				</p>
			</div>
			<div type="section" n="18">
				<p>καὶ οὐδέπω τὴν οὐσίαν ἐνέμοντο, ἀλλʼ ἑκάτερος ἔχων τὰ ἱκανὰ ὁ μὲν Μειδυλίδης ἐν
					τῷ ἄστει διέμενεν, ὁ δὲ Ἀρχιάδης ἐν Σαλαμῖνι ᾤκει. οὐ πολλῷ δὲ χρόνῳ ὕστερον
					ἀποδημίας τινὸς εἰς τὴν ὑπερορίαν συμβάσης τῷ Μειδυλίδῃ τῷ πάππῳ τῷ τοῦ πατρός,
					ἠρρώστησεν ὁ Ἀρχιάδης, καὶ τελευτᾷ τὸν βίον ἀπόντος τοῦ Μειδυλίδου ἄγαμος ὤν. τί
					τούτου σημεῖον; λουτροφόρος ἐφέστηκεν ἐπὶ τῷ τοῦ Ἀρχιάδου τάφῳ. </p>
			</div>
			<div type="section" n="19">
				<p>ἐν δὲ τούτῳ τῷ καιρῷ ἔχων τὴν τῆς συγγενείας τῆς πρὸς γυναικῶν πρόφασιν Λεωκράτης
					ὁ τουτουὶ πατὴρ Λεωστράτου εἰσποιεῖ αὑτὸν υἱὸν τῷ Ἀρχιάδῃ, καὶ ἐνεβάτευσεν οὕτως
					εἰς τὴν οὐσίαν ὡς ὑπʼ ἐκείνου ζῶντος ἔτι εἰσποιηθείς. ἀφικόμενος δὲ ὁ Μειδυλίδης
					ἠγανάκτει τε τῷ γεγενημένῳ καὶ οἷος ἦν ἐπεξιέναι τῷ Λεωκράτει· πειθόντων δὲ τῶν
					οἰκείων καὶ δεομένων ἐᾶν ἐν τῷ οἴκῳ εἶναι τὸν Λεωκράτην υἱὸν εἰσποιητὸν τῷ
					Ἀρχιάδῃ, συνεχώρησεν ὁ Μειδυλίδης, οὐχ ἡττηθεὶς ἐν δικαστηρίῳ, ἀλλὰ τὸ μὲν ὅλον
					ὑπὸ τούτων ἀπατηθείς, ἔπειτα μέντοι καὶ τοῖς οἰκείοις πειθόμενος. </p>
			</div>
			<div type="section" n="20">
				<p>καὶ ὁ μὲν Μειδυλίδης ταῦτα πράξας τελευτᾷ τὸν βίον, ὁ δὲ Λεωκράτης εἶχεν τὴν τοῦ
					Ἀρχιάδου οὐσίαν καὶ ἐκληρονόμει πολλὰ ἔτη ὡς ἂν ἐκείνου υἱὸς ποιητός· ἡμεῖς δὲ
					παρὰ τὸ τὸν Μειδυλίδην ταῦτα συγχωρῆσαι ἡσυχίαν εἴχομεν. χρόνῳ δʼ ὕστερον οὐ
					πολλῷ—τοῖς γὰρ μετὰ ταῦτα λόγοις ἤδη σφόδρα τὸν νοῦν προσέχετε, ὦ ἄνδρες
					δικασταί· </p>
			</div>
			<div type="section" n="21">
				<p>ὁ γὰρ Λεωκράτης ὁ εἰσποιητὸς γενόμενος τῷ Ἀρχιάδῃ, ἐγκαταλιπὼν τουτονὶ Λεώστρατον
					ἐν τῷ οἴκῳ υἱὸν γνήσιον, ἐπανῆλθεν αὐτὸς εἰς τοὺς Ἐλευσινίους, ὅθεν ἦν τὸ ἐξ
					ἀρχῆς. καὶ οὐδʼ ἐνταῦθα οὐδέπω ἡμεῖς οὐδὲν τῶν πραγμάτων <add>τῶν</add> περὶ τὸν
					κλῆρον ἐκινοῦμεν, ἀλλʼ ἐμένομεν ἐπὶ τῶν αὐτῶν. </p>
			</div>
			<div type="section" n="22">
				<p>πάλιν τοίνυν Λεώστρατος αὐτὸς οὑτοσί, εἰσποιητὸς ὢν υἱὸς καὶ ἐγκαταλειφθεὶς ἐν τῷ
					τοῦ Ἀρχιάδου οἴκῳ, ἐπανέρχεται, ὥσπερ ὁ πατὴρ αὐτοῦ, ἐπὶ τοὺς Ἐλευσινίους,
					ἐγκαταλιπὼν υἱὸν γνήσιον καὶ διὰ τριῶν σωμάτων κυρίαν τὴν ἐξ ἀρχῆς ποίησιν παρὰ
					τοὺς νόμους καταστήσας. </p>
			</div>
			<div type="section" n="23">
				<p>πῶς γὰρ οὐ παρὰ τοὺς νόμους, ὁπότʼ εἰσποιητὸς αὐτὸς ὢν εἰσποιητοὺς υἱοὺς
					ἐγκαταλείπων ἐπανῄει; καὶ τοῦτο διατετέλεκε ποιῶν μέχρι ταύτης τῆς ἡμέρας, καὶ
					διὰ τούτου τοῦ τρόπου τὴν κληρονομίαν ἡμῶν ἀποστερήσειν οἴονται, ἐνεργαζόμενοι
					μὲν καὶ ἐμπαιδοτροφούμενοι τῇ τοῦ Ἀρχιάδου οὐσίᾳ, ἐπανιόντες δὲ ἐπὶ τὴν πατρῴαν
					οὐσίαν ἐκεῖθεν ἀεί, κἀκείνην μὲν ἀκέραιον φυλάττοντες, ταύτην δʼ ἀναλίσκοντες.
				</p>
			</div>
			<div type="section" n="24">
				<p>ἀλλʼ ὅμως τούτων τοιούτων ὄντων, ὅπερ εἶπον, ἡμεῖς ὑπεμένομεν ἅπαντα. μέχρι
					τίνος; ἕως ὁ Λεωκράτης ὁ ὑπὸ Λεωστράτου ἐν τῷ οἴκῳ τῷ Ἀρχιάδου ἐγκαταλειφθεὶς
					υἱὸς τετελεύτηκεν ἄπαις. τούτου δὲ ἄπαιδος τετελευτηκότος, ἀξιοῦμεν ἡμεῖς οἱ
					γένει ἐγγυτάτω ὄντες Ἀρχιάδῃ κληρονομεῖν τῆς οὐσίας, καὶ μὴ τῷ τετελευτηκότι τῷ
					αὐτῷ εἰσποιητῷ ὄντι υἱὸν εἰσποιεῖν ἐπʼ ἀποστερήσει τῶν ἡμετέρων. </p>
			</div>
			<div type="section" n="25">
				<p>εἰ μὲν γὰρ αὐτὸς ζῶν ἐποιήσατο, καίπερ ὄντος παρὰ τὸν νόμον τοῦ ἔργου, οὐκ
					ἀντιλέγομεν· ἐπειδὴ δὲ οὔτε γόνῳ ἦν αὐτῷ υἱὸς οὐδεὶς οὔτʼ ἐποιήσατο ζῶν, ὁ δὲ
					νόμος τοῖς ἐγγύτατα γένους τὰς κληρονομίας ἀποδίδωσι, πῶς οὐ δίκαιοί ἐσμεν ἡμεῖς
					τούτων μὴ ἀποστερηθῆναι κατʼ ἀμφότερα; </p>
			</div>
			<div type="section" n="26">
				<p>καὶ γὰρ τῷ Ἀρχιάδῃ, οὗ ἦν ἡ οὐσία τὸ ἐξ ἀρχῆς, ἐγγυτάτω γένει ἐσμὲν καὶ τῷ
					εἰσποιητῷ Λεωκράτει· τοῦ μὲν γὰρ ὁ πατὴρ ἐπανεληλυθὼς εἰς τοὺς Ἐλευσινίους
					οὐκέτι τὴν κατὰ τὸν νόμον οἰκειότητα ἔλιπεν αὑτῷ, ἡμεῖς δέ, παρʼ οἷς ἦν ἐν τῷ
					γένει, τὴν ἀναγκαιοτάτην συγγένειαν εἴχομεν, ὄντες ἀνεψιαδοῖ ἐκείνῳ. ὥστʼ εἰ μὲν
					βούλει, τοῦ Ἀρχιάδου συγγενεῖς ὄντες ἀξιοῦμεν κληρονομεῖν, εἰ δὲ βούλει, τοῦ
					Λεωκράτους· τετελευτηκότος γὰρ ἄπαιδος αὐτοῦ, οὐδεὶς ἡμῶν γένει ἐγγυτέρω ἐστί.
				</p>
			</div>
			<div type="section" n="27">
				<p>καὶ διὰ μὲν σέ, ὦ Λεώστρατε, ὁ οἶκος ἐξηρήμωται· τῆς γὰρ οὐσίας τὴν οἰκειότητα,
					οὐ τῶν ἀνδρῶν τῶν ποιησαμένων διετήρεις. ἕως μέν γε τελευτήσαντος τούτου οὐδεὶς
					ἠμφεσβήτει τοῦ κλήρου, οὐδένα εἰσεποίεις τῷ Ἀρχιάδῃ υἱόν· ἐπειδὴ δὲ ἡμεῖς
					συγγενεῖς ὄντες ἥκομεν εἰς τὸ μέσον, τηνικαῦτα εἰσποιεῖς, ἵνα τὴν οὐσίαν
					κατάσχῃς. καὶ φὴς μὲν οὐδὲν εἶναι τῷ Ἀρχιάδῃ, πρὸς ὃν εἰσεποιήθης, διαμαρτυρεῖς
					δὲ πρὸς ἡμᾶς, τὸ ὁμολογούμενον γένος ἐξελαύνων· εἰ γὰρ μηδέν ἐστιν ἐν τῷ οἴκῳ,
					τί σὺ ἐλαττοῖ τοῦ μηδενὸς ἡμῶν κληρονομησάντων; </p>
			</div>
			<div type="section" n="28">
				<p>ἀλλὰ γὰρ ἡ ἀναίδεια καὶ ἡ πλεονεξία τοιαύτη ἐστὶν αὐτοῦ, ὦ ἄνδρες δικασταί, ὥσθʼ
					ἡγεῖσθαι δεῖν ἐν Ἐλευσινίοις τε τὴν πατρῴαν οὐσίαν ἐπανελθὼν ἔχειν, ἐφʼ ἅ τʼ
					εἰσεποιήθη μὴ ὄντος ἐν τῷ οἴκῳ υἱοῦ, καὶ τούτων κύριος γενέσθαι. καὶ ταῦτα πάντα
					ῥᾳδίως διοικεῖται· πρὸς γὰρ ἀνθρώπους ἡμᾶς πένητας καὶ ἀδυνάτους ἔχων ἀναλίσκειν
					ἐκ τῶν ἀλλοτρίων πολὺ περίεστιν. διόπερ οἶμαι ὑμᾶς δεῖν βοηθεῖν τοῖς μὴ
					πλεονεκτῆσαί τι βουλομένοις, ἀλλʼ ἀγαπῶσιν ἐάν τις ἡμᾶς τῶν νόμων ἐᾷ τυγχάνειν.
				</p>
			</div>
			<div type="section" n="29">
				<p>τί γὰρ δεῖ ποιεῖν ἡμᾶς, ὦ ἄνδρες δικασταί; διὰ τριῶν τῆς ποιήσεως ἐμμενούσης, καὶ
					τοῦ τελευταίου ἐγκαταλειφθέντος, τούτου ἄπαιδος τετελευτηκότος, μὴ κομίσασθαι τὰ
					ἡμέτερʼ αὐτῶν χρόνῳ ποτέ; τοῦτο τοίνυν ἔχοντες τὸ δίκαιον ἐλάχομεν τοῦ κλήρου
					πρὸς τὸν ἄρχοντα. οὑτοσὶ δὲ Λεωχάρης προπετῶς διαμαρτυρήσας τὰ ψευδῆ, οἴεται
					δεῖν παρὰ πάντας τοὺς νόμους ἀποστερῆσαι ἡμᾶς τῆς κληρονομίας. </p>
			</div>
			<div type="section" n="30">
				<p>πρῶτον μὲν οὖν, ὅτι τά τε περὶ τὰς ποιήσεις καὶ τὸ γένος τὸ τούτων ἀληθῆ
					εἰρήκαμεν, καὶ ἡ λουτροφόρος ἐφέστηκεν ἐπὶ τῷ τοῦ Ἀρχιάδου μνήματι, ταύτας ὑμῖν
					τὰς μαρτυρίας βουλόμεθʼ ἀναγνῶναι· ἔπειτʼ ἤδη καὶ τὰ λοιπὰ σαφῶς διδάξομεν ὑμᾶς,
					ὥστʼ ἐξελέγξαι τούτους τὰ ψευδῆ διαμεμαρτυρηκότας. καί μοι λαβὲ τὰς μαρτυρίας ἃς
						λέγω.<quote n="*marturi/ai"><title>Μαρτυρίαι</title></quote>
				</p>
			</div>
			<div type="section" n="31">
				<p>ὁ μὲν τοίνυν τοῦ πράγματος λόγος καὶ τὸ ἁπλοῦν δίκαιον περὶ τῆς κληρονομίας οὕτως
					ἔχει, ὦ ἄνδρες δικασταί, τῶν τε πεπραγμένων ἐξ ἀρχῆς αὐτὰ τὰ κεφάλαια σχεδόν τι
					ἀκηκόατε. ἃ δὲ μετὰ τὴν τοῦ κλήρου λῆξιν πεποιήκασι καὶ ὃν τρόπον ἡμῖν
					κεχρημένοι εἰσίν, ἀναγκαῖον νομίζω εἰπεῖν· οἴομαι γὰρ περὶ κλήρου ἀγῶνα μηδένας
					ἄλλους παρανενομῆσθαι τοιαῦτα οἷα ἡμᾶς. </p>
			</div>
			<div type="section" n="32">
				<p>ἐπειδὴ γὰρ ἐτελεύτησεν ὁ Λεωκράτης καὶ ἡ ταφὴ ἐγένετο αὐτῷ, πορευομένων ἡμῶν εἰς
					τὰ κτήματα διὰ τὸ ἄπαιδά τε τὸν ἄνδρα καὶ ἄγαμον τετελευτηκέναι, ἐξήγαγε
					Λεώστρατος οὑτοσὶ φάσκων αὑτοῦ εἶναι. καὶ ὅτι μὲν ποιεῖν τι τῶν νομιζομένων
					ἐκώλυσεν ἡμᾶς τῷ τετελευτηκότι, πατὴρ ὢν αὐτὸς ἐκείνου, ἴσως ἔχει λόγον, καίπερ
					ὄντος παρανόμου τοῦ ἔργου· τῷ γὰρ φύσει ὄντι πατρὶ τῆς ταφῆς τὴν ἐπιμέλειαν
					παραδίδοσθαι εἰκός ἐστιν, ἔπειτα μέντοι καὶ τοῖς οἰκείοις ἡμῖν, ὧν ἦν συγγενὴς
					κατὰ τὴν ποίησιν ὁ τετελευτηκώς. </p>
			</div>
			<div type="section" n="33">
				<p>ἐπεὶ δὲ τὰ νομιζόμενα ἐγένετο, κατὰ ποῖον νόμον φανεῖται ἐρήμου ὄντος τοῦ οἴκου
					τοὺς ἐγγυτάτω γένους ἡμᾶς ἐξαγαγὼν ἐκ τῆς οὐσίας; ὅτι νὴ Δία πατὴρ ἦν τοῦ
					τετελευτηκότος. ἀπεληλυθώς γʼ εἰς τὸν πατρῷον οἶκον καὶ οὐκέτι τῆς οὐσίας ἐφʼ ᾗ
					ἐγκατέλιπεν τὸ υἱόν, κύριος ὤν· εἰ δὲ μή, τί τῶν νόμων ὄφελος; </p>
			</div>
			<div type="section" n="34">
				<p>γενομένης οὖν τῆς ἐξαγωγῆς, ἵνα τὰ πλεῖστα παραλίπω, ἐλάχομεν πρὸς τὸν ἄρχοντα
					τοῦ κλήρου, οὔτε γόνῳ, ὥσπερ εἶπον, <add>υἱέος</add> οὐδενὸς ὄντος τῷ
					τετελευτηκότι, οὔτʼ εἰσποιητοῦ γεγενημένου κατὰ τοὺς νόμους. μετὰ δὲ ταῦτα
					Λεώστρατος οὑτοσὶ παρακαταβάλλει ὡς υἱὸς Ἀρχιάδου ἐκείνου, οὐκ ἐπιλογισάμενος
					οὔθʼ ὅτι ἐπανεληλύθει εἰς τοὺς Ἐλευσινίους, οὔθʼ ὅτι οἱ εἰσποιητοὶ οὐκ αὐτοὶ ὑφʼ
					αὑτῶν, ἀλλʼ ὑπὸ τῶν εἰσποιουμένων καθίστανται·</p>
			</div>
			<div type="section" n="35">
				<p>ἀλλὰ γὰρ οἶμαι ἁπλοῦν τι διελογίσατο, δεῖν αὑτὸν καὶ δικαίως καὶ ἀδίκως
					ἀμφισβητεῖν τῶν ἀλλοτρίων. καὶ πρῶτον μὲν ἐλθὼν οἷος ἦν εἰς τὸν Ὀτρυνέων πίνακα
					τὸν ἐκκλησιαστικὸν ἐγγράφειν αὑτὸν Ἐλευσίνιος ὤν, καὶ τοῦτο διῳκεῖτο, ἔπειτα,
					πρὶν ἐγγραφῆναι καὶ ἐν τῷ ληξιαρχικῷ γραμματείῳ τῷ τῶν Ὀτρυνέων, μετέχειν τῶν
					κοινῶν, τηλικαύτην παρανομίαν προαιρούμενος παρανομεῖν ἕνεκα πλεονεξίας. </p>
			</div>
			<div type="section" n="36">
				<p>αἰσθόμενοι δʼ ἡμεῖς μαρτύρων ἐναντίον ἐκωλύσαμεν τὸ γιγνόμενον, καὶ ᾠόμεθα δεῖν
					κριθῆναι πρῶτον τὴν κληρονομίαν παρʼ ὑμῖν, πρὶν ἐπὶ τὸ ὄνομά τινα τὸ τοῦ
					Ἀρχιάδου εἰσποιηθῆναι. κωλυθεὶς δὲ καὶ ἐξελεγχθεὶς πρὸς τῷ πίνακι καὶ ἐν τῇ τῶν
					ἀρχόντων ἀγορᾷ ὅτι ἠδίκει πολλῶν ἐναντίον, ᾤετο δεῖν μηδὲν ἧττον βιάζεσθαι καὶ
					κρείττων ταῖς παρασκευαῖς τῶν ὑμετέρων νόμων γενέσθαι. </p>
			</div>
			<div type="section" n="37">
				<p>τί τούτου τεκμήριον; συναγαγών τινας τῶν Ὀτρυνέων ὀλίγους καὶ τὸν δήμαρχον
					πείθει, ἐπειδὰν ἀνοιχθῇ τὸ γραμματεῖον, ἐγγράψαι αὑτόν. καὶ μετὰ ταῦτα ἧκε
					Παναθηναίων ὄντων τῶν μεγάλων τῇ διαδόσει πρὸς τὸ θεωρικόν, καὶ ἐπειδὴ οἱ ἄλλοι
					δημόται ἐλάμβανον, ἠξίου καὶ αὑτῷ δίδοσθαι καὶ ἐγγραφῆναι εἰς τὸ γραμματεῖον ἐπὶ
					τὸ τοῦ Ἀρχιάδου ὄνομα. διαμαρτυρομένων δὲ ἡμῶν, καὶ τῶν ἄλλων δεινὸν φασκόντων
					εἶναι τὸ γιγνόμενον, ἀπῆλθεν οὔτʼ ἐγγραφεὶς οὔτε τὸ θεωρικὸν λαβών. </p>
			</div>
			<div type="section" n="38">
				<p>τὸν δὲ παρὰ τὸ ψήφισμα τὸ ὑμέτερον ἀξιοῦντα τὸ θεωρικὸν λαμβάνειν πρὶν ἐγγραφῆναι
					εἰς τοὺς Ὀτρυνέας, ὄντα ἐξ ἑτέρου δήμου, τοῦτον οὐκ οἴεσθε τοῦ κλήρου παρὰ τοὺς
					νόμους ἀμφισβητεῖν; ἢ τὸν πρὸ τῆς τοῦ δικαστηρίου γνώσεως οὕτως ἀδίκους
					πλεονεξίας διοικούμενον, τοῦτον πῶς εἰκὸς τῷ πράγματι πιστεύειν; ὁ γὰρ τὸ
					θεωρικὸν ἀδίκως ἀξιώσας λαμβάνειν καὶ περὶ τοῦ κλήρου τῇ αὐτῇ διανοίᾳ δῆλον ὅτι
					κέχρηται νυνί. </p>
			</div>
			<div type="section" n="39">
				<p>ἀλλὰ μὴν καὶ τὸν ἄρχοντά γε ἐξηπάτησεν παρακαταβάλλων καὶ ἡμᾶς, καὶ ἀντεγράψατο
					Ὀτρυνεὺς εἶναι ἐν Ἐλευσινίοις δημοτευόμενος. ἐπειδὴ τοίνυν τούτων πάντων
					ἀπετύγχανεν, ταῖς παρελθούσαις ἀρχαιρεσίαις ταύταις παρασκευασάμενός τινας τῶν
					δημοτῶν ἠξίου οὗτος ἐγγράφεσθαι ποιητὸς υἱὸς τῷ Ἀρχιάδῃ. </p>
			</div>
			<div type="section" n="40">
				<p>ἀντιλεγόντων δʼ ἡμῶν καὶ ἀξιούντων, ἐπειδὰν τοῦ κλήρου ἡ διαδικασία γένηται,
					τηνικαῦτα τοὺς δημότας τὴν ψῆφον φέρειν, πρότερον δὲ μή, τοῦτο μὲν ἐπείσθησαν οὐ
					διʼ αὑτούς, ἀλλὰ διὰ τοὺς νόμους· δεινὸν γὰρ ἐδόκει εἶναι τὸν παρακαταβεβληκότα
					τοῦ κλήρου εἰσποιεῖν αὑτὸν ἔτι τῶν πραγμάτων ἀκρίτων ὄντων· ὃ δὲ μετὰ ταῦτα
					διοικεῖται Λεώστρατος οὑτοσί, τοῦτο πάντων δεινότατόν ἐστιν. </p>
			</div>
			<div type="section" n="41">
				<p>ἐπειδὴ γὰρ αὐτὸς ἀπετύγχανεν τοῦ ἐγγραφῆναι, εἰσποιεῖ Λεωχάρην τὸν αὑτοῦ υἱὸν
					Ἀρχιάδῃ παρὰ πάντας τοὺς νόμους, πρὶν τοῦ δήμου τὴν δοκιμασίαν γενέσθαι· οὐκ
					εἰσηγμένου δʼ εἰς τοὺς φράτεράς πω τοὺς Ἀρχιάδου, ἀλλʼ ἐπειδὴ ἐνεγράφη,
					τηνικαῦτα πείσας ἕνα τινὰ τῶν φρατέρων ἐνέγραψεν εἰς τὸ φρατερικὸν γραμματεῖον.
				</p>
			</div>
			<div type="section" n="42">
				<p>καὶ μετὰ ταῦτα τῇ διαμαρτυρίᾳ πρὸς τῷ ἄρχοντι τοῦτον ἐπιγράφεται ὡς υἱὸν ὄντα
					γνήσιον τοῦ τετελευτηκότος ἔτη πολλά, τὸν πρῴην καὶ χθὲς ἐγγραφέντα. καὶ
					συμβαίνει ἀμφοτέρους αὐτοὺς τῆς κληρονομίας ἀμφισβητεῖν· ὅ τε γὰρ Λεώστρατος
					οὑτοσὶ παρακατέβαλε τοῦ κλήρου ὡς υἱὸς γνήσιος Ἀρχιάδῃ, ὅ τε Λεωχάρης οὑτοσὶ
					διαμεμαρτύρηκεν ὡς υἱὸς ὢν γνήσιος τοῦ αὐτοῦ πατρός, </p>
			</div>
			<div type="section" n="43">
				<p>οὐδέτερος δʼ αὐτῶν ζῶντι, ἀλλὰ τετελευτηκότι εἰσποιεῖ αὑτόν. ἡμεῖς δὲ οἰόμεθα
					δεῖν, ὦ ἄνδρες δικασταί, ἐπειδὰν περὶ τούτου τοῦ ἀγῶνος ὑμεῖς τὴν ψῆφον
					ἐνέγκητε, τηνικαῦτα ἐκ τῶν κατὰ γένος ἐγγυτάτω ἡμῶν εἰσποιεῖν υἱὸν τῷ
					τετελευτηκότι, ὅπως ἂν ὁ οἶκος μὴ ἐξερημωθῇ. </p>
			</div>
			<div type="section" n="44">
				<p><milestone unit="para" ed="P"/>πρῶτον μὲν οὖν, ὦ ἄνδρες δικασταί, ὡς ἐπανῆλθεν
					εἰς τοὺς Ἐλευσινίους ἐκ τῶν Ὀτρυνέων Λεώστρατος οὑτοσὶ καταλιπὼν υἱὸν τῷ Ἀρχιάδῃ
					γνήσιον, καὶ ὅτι ὁ πατὴρ αὐτοῦ ἔτι πρότερον τὸ αὐτὸ τοῦτʼ ἐπεποιήκει, καὶ ὡς ὁ
					καταλειφθεὶς ἄπαις τετελεύτηκεν, καὶ ὡς ὁ νῦν διαμεμαρτυρηκὼς πρότερον εἰς τοὺς
					δημότας ἢ εἰς τοὺς φράτερας ἐνεγράφη, τούτων ὑμῖν τὰς τῶν φρατέρων καὶ τὰς τῶν
					δημοτῶν μαρτυρίας ἀναγνώσεται, καὶ τῶν ἄλλων δὲ τῶν εἰρημένων, ὧν οὗτοι
					πεποιήκασιν, ἁπάντων ὑμῖν τὰς μαρτυρίας καθʼ ἓν ἕκαστον παρέξομαι. καί μοι κάλει
					τοὺς μάρτυρας δευρί.<quote n="*ma/rtures"><title>Μάρτυρες</title></quote>
				</p>
			</div>
			<div type="section" n="45">
				<p>τῶν μὲν τοίνυν πραγμάτων ἁπάντων ἀκηκόατε, ὦ ἄνδρες δικασταί, καὶ τῶν ἐξ ἀρχῆς
					γεγενημένων περὶ τὸν κλῆρον τοῦτον καὶ τῶν ὕστερον συμβάντων, ἐπειδὴ τάχιστα τὴν
					λῆξιν ἡμεῖς ἐποιησάμεθα. λοιπὸν δʼ ἐστὶ περί τε τῆς διαμαρτυρίας αὐτῆς εἰπεῖν
					καὶ περὶ τῶν νόμων καθʼ οὓς ἀξιοῦμεν κληρονομεῖν· ἔτι δέ, ἂν ἐγχωρῇ τὸ ὕδωρ καὶ
					μὴ μέλλωμεν ὑμῖν ἐνοχλεῖν, ἐξελέγξαι τὰ ὑπὸ τούτων ῥηθησόμενα, ὅτι οὔτε δίκαια
					οὔθʼ ὑγιῆ ἐστι. καὶ πρῶτον μὲν τὴν διαμαρτυρίαν ἀναγνώτω, καὶ σφόδρα τὸν νοῦν
					αὐτῇ προσέχετε· περὶ γὰρ ταύτης ἡ ψῆφος οἰσθήσεται νυνί.<quote n="*diamarturi/a"
							><title>Διαμαρτυρία</title></quote>
				</p>
			</div>
			<div type="section" n="46">
				<p>οὐκοῦν δήπου διαμεμαρτύρηκεν οὑτοσί, ὡς ἀκηκόατε, <q>μὴ ἐπίδικον εἶναι τὸν κλῆρον
						τὸν Ἀρχιάδου, ὄντων αὐτῷ παίδων γνησίων κυρίως κατὰ τὸν θεσμόν.</q>
					ἐξετάσωμεν τοίνυν, εἰ εἰσὶν ἢ τὰ ψευδῆ διαμεμαρτύρηκεν οὑτοσί. ὁ γὰρ Ἀρχιάδης
					ἐκεῖνος, οὗ ἐστιν ὁ κλῆρος, ἐποιήσατο υἱὸν τὸν τοῦ διαμεμαρτυρηκότος νυνὶ
					πάππον· ἐκεῖνος δʼ ἐγκαταλιπὼν υἱὸν γνήσιον τὸν τούτου πατέρα Λεώστρατον
					ἐπανῆλθεν εἰς τοὺς Ἐλευσινίους. </p>
			</div>
			<div type="section" n="47">
				<p>μετὰ δὲ ταῦτα αὐτὸς οὑτοσὶ Λεώστρατος πάλιν ἐγκαταλιπὼν υἱὸν ᾤχετο ἀπιὼν εἰς τὸν
					πατρῷον οἶκον· ὁ δʼ ἐγκαταλειφθεὶς ὑπὸ τούτου τελευταῖος ἁπάντων τῶν
					εἰσποιηθέντων τετελεύτηκεν ἄπαις, ὥστε γίγνεται ἔρημος ὁ οἶκος, καὶ ἐπανελήλυθεν
					ἡ κληρονομία πάλιν εἰς τοὺς ἐξ ἀρχῆς ἐγγύτατα γένους ὄντας. </p>
			</div>
			<div type="section" n="48">
				<p>πῶς ἂν οὖν εἴησαν κατὰ τὴν διαμαρτυρίαν υἱεῖς ἔτι τινὲς τῷ Ἀρχιάδῃ, ᾧ οἱ μὲν
					εἰσποιηθέντες ὁμολογοῦνται ἐπανεληλυθέναι, ὁ δʼ ἐγκαταλειφθεὶς τελευταῖος ἄπαις
					τετελεύτηκεν; οὐκοῦν ἀνάγκη τὸν οἶκον ἔρημον εἶναι. ὁπότε δὲ ἔρημος ὁ οἶκος, οὐκ
					ἂν εἴησαν υἱεῖς ἔτι ἐκείνῳ γνήσιοι. οὑτοσὶ τοίνυν διαμεμαρτύρηκεν τοὺς οὐκ ὄντας
					εἶναι, καὶ γέγραφεν ἐν τῇ διαμαρτυρίᾳ <q>ὄντων παίδων</q>, ἕνα φάσκων αὑτὸν
					εἶναι. </p>
			</div>
			<div type="section" n="49">
				<p>ἀλλὰ μὴν <q>γνησίων</q> γʼ ὅταν λέγῃ καὶ <q>κυρίως κατὰ τὸν θεσμόν</q>,
					παρακρούεται παρὰ τοὺς νόμους. τὸ μὲν γὰρ γνήσιόν ἐστιν, ὅταν ᾖ γόνῳ γεγονός·
					καὶ ὁ νόμος ταῦτα μαρτυρεῖ λέγων, <q>ἣν ἂν ἐγγυήσῃ πατὴρ ἢ ἀδελφὸς ἢ πάππος, ἐκ
						ταύτης εἶναι παῖδας γνησίους.</q> τὸ δὲ <q>κυρίως</q> κατὰ τῶν ποιήσεων ὁ
					νομοθέτης ἔλαβεν, ὑπολαμβάνων δεῖν, ὅταν τις ὢν ἄπαις καὶ κύριος τῶν ἑαυτοῦ
					ποιήσηται υἱόν, ταῦτα κύρια εἶναι. οὗτος τοίνυν γόνῳ μὲν οὐδένα φησὶν Ἀρχιάδῃ
					γενέσθαι υἱόν, διαμεμαρτύρηται δὲ <q>γνησίων ὄντων</q>, ἐναντίαν τῷ πράγματι τὴν
					διαμαρτυρίαν ποιησάμενος. </p>
			</div>
			<div type="section" n="50">
				<p>ποιητὸς δὲ ὁμολογῶν εἶναι, φαίνεται οὐκ εἰσποιηθεὶς ὑπὸ τοῦ τετελευτηκότος αὐτοῦ,
					ὥστε πῶς ἔτι σοι κύρια ταῦτʼ ἂν εἴη κατὰ τὸν θεσμόν; ὅτι νὴ Δία ἐγγέγραπται
					Ἀρχιάδῃ υἱός. ὑπό γε τουτωνὶ πρῴην βιασαμένων, ἤδη τῆς τοῦ κλήρου διαδικασίας
					ἐνεστηκυίας· οὐ δὴ δίκαιον ἐν τεκμηρίῳ ποιεῖσθαι τἀδίκημα. </p>
			</div>
			<div type="section" n="51">
				<p>καὶ γὰρ ἐκεῖνο πῶς οὐ δεινόν ἐστιν, ὦ ἄνδρες δικασταί, ἐπὶ μὲν τοῦ λόγου αὐτίκα
					μάλα φήσειν ποιητὸν εἶναι, ἐν δὲ τῇ διαμαρτυρίᾳ τοῦτο μὴ τολμῆσαι γράψαι, ἀλλὰ
					τὰ μὲν ἐν ταύτῃ διαμεμαρτυρημένα εἶναι ὡς ὑπὲρ υἱοῦ γόνῳ γεγονότος, τὰ δʼ αὐτίκα
					μάλα ῥηθησόμενα ὡς εἰσποιητοῦ; εἰ δὲ τὴν ἀπολογίαν ἐναντίαν τῇ διαμαρτυρίᾳ
					ποιήσονται, πῶς οὐκ ἢ τὸν λόγον ἀνάγκη ἢ τὴν διαμαρτυρίαν ψευδῆ εἶναι; εἰκότως
					δʼ οὐ προσέγραψαν τὴν ποίησιν τῇ διαμαρτυρίᾳ. ἔδει γὰρ ἐγγράψαι αὐτοὺς
						<q>εἰσποιησαμένου τοῦ δεῖνος</q>· ὁ δʼ οὐκ εἰσεποιήσατο, ἀλλʼ ἑαυτοὺς
					εἰσποιοῦντες ἀποστεροῦσιν ἡμᾶς τῆς κληρονομίας. </p>
			</div>
			<div type="section" n="52">
				<p>τὸ μετὰ ταῦτα τοίνυν πῶς οὐκ ἄτοπον καὶ δεινόν ἐστιν, ἅμα παρακαταβεβληκέναι τοῦ
					κλήρου πρὸς τῷ ἄρχοντι ὡς ὄντα αὐτὸν Ἀρχιάδου Λεώστρατον τουτονί, τὸν Ἐλευσίνιον
					τοῦ Ὀτρυνέως, διαμεμαρτυρηκέναι δʼ ἕτερον, ὡς αὐτοὶ ὁρᾶτε, φάσκοντα καὶ τοῦτον
					Ἀρχιάδου υἱὸν εἶναι; καὶ ποτέρῳ δεῖ προσέχειν ὑμῶν ὡς ἀληθῆ λέγοντι; </p>
			</div>
			<div type="section" n="53">
				<p>αὐτὸ γὰρ τοῦτο τεκμήριον οὐκ ἐλάχιστόν ἐστι τοῦ ψευδῆ τὴν διαμαρτυρίαν
					γεγενῆσθαι, τὸ περὶ τοῦ αὐτοῦ πράγματος μὴ τὸν αὐτὸν ἀμφισβητεῖν. εἰκότως· ὅτε
					γὰρ οἶμαι Λεώστρατος οὑτοσὶ παρακατέβαλλε τοῦ κλήρου πρὸς ἡμᾶς, οὔπω
						<add>ὁ</add> διαμεμαρτυρηκὼς νῦν ἐνεγέγραπτο δημότης εἶναι. ὥστε πάντων ἂν
					δεινότατα πάθοιμεν, εἰ τῇ ὕστερον τῶν πραγμάτων γεγενημένῃ διαμαρτυρίᾳ
					πιστεύσετε ὑμεῖς. </p>
			</div>
			<div type="section" n="54">
				<p>ἀλλὰ μὴν καὶ πρεσβύτερά γε αὑτοῦ διαμεμαρτύρηκεν. ὁ γὰρ μήπω ἐν τῷ οἴκῳ τῷ
					Ἀρχιάδου ὤν, ὅθʼ ἡ λῆξις αὕτη τοῦ κλήρου ἐγένετο, πῶς ἂν εἰδείη τι τούτων;
					ἔπειτʼ εἰ μὲν αὑτὸν διεμεμαρτυρήκει, εἶχεν ἂν λόγον αὐτῷ τὸ πρᾶγμα· ἀδίκως μὲν
					ἂν ἔγραφεν, οὐδὲν δʼ ἧττον ὑπὲρ τοῦ κατὰ τὴν ἡλικίαν γʼ ὄντος. νῦν δὲ γνησίους
					υἱοὺς γέγραφεν τῷ Ἀρχιάδῃ ἐκείνῳ εἶναι, τόν τε αὑτοῦ πατέρα δῆλον ὅτι καὶ τὸν
					κατὰ τὴν ἐξ ἀρχῆς ποίησιν, οὐκ ἐπιλογισάμενος ὅτι ἐπανεληλυθότες ἦσαν. οὐκοῦν
					ἀνάγκη πρεσβυτέρας πράξεις αὐτὸν καὶ μὴ τὰς ἐφʼ ἑαυτοῦ γεγενημένας
					διαμεμαρτυρηκέναι. εἶθʼ ὑμεῖς τῷ τοῦτο τετολμηκότι πιστεύσετε ὡς ἀληθῆ λέγοντι;
				</p>
			</div>
			<div type="section" n="55">
				<p>νὴ Δίʼ, ἀλλʼ ἀκηκοὼς τοῦ αὑτοῦ πατρὸς διαμεμαρτύρηκεν. ὁ δέ γε νόμος ἀκοὴν τῶν
					τετελευτηκότων κελεύει διαμαρτυρεῖν, <add>οὐ</add> ζῶντος τοῦ πατρὸς τὰ ὑπʼ
					ἐκείνου πραχθέντα. ἐπεὶ κἀκεῖνο· διὰ τί ποτε Λεώστρατος οὑτοσὶ οὐχ αὑτόν, ἀλλὰ
					τοῦτον ἐπεγράψατο τῇ διαμαρτυρίᾳ; τὰ γὰρ πρεσβύτερα τῶν πραγμάτων τὸν
					πρεσβύτερον ἔδει διαμαρτυρεῖν. ὅτι νὴ Δίʼ, ἂν εἴποι, τοῦτον <del>γὰρ</del>
					εἰσπεποίηκα υἱὸν τῷ Ἀρχιάδῃ. </p>
			</div>
			<div type="section" n="56">
				<p>οὐκοῦν σὲ τὸν εἰσποιοῦντα καὶ κατασκευάζοντα τὰ πράγματα καὶ λόγον ἔδει διδόναι,
					γενόμενον ὑπεύθυνον ὧν πεποίηκας· πολλή γε ἀνάγκη. ἀλλὰ τοῦτο μὲν ἔφυγες, τῇ
					διαμαρτυρίᾳ δὲ τοῦτον οὐδὲν εἰδότʼ ἐπεγράψω. ὥστε φανερὸν ὑμῖν ἐστιν, ὦ ἄνδρες
					δικασταί, τὰ διαμαρτυρούμενα μὴ εἶναι ἀληθῆ, καὶ παρʼ αὐτοῖς γε τούτοις
					ὁμολογεῖται. καὶ μὴν κἀκεῖνο δίκαιόν ἐστιν, μὴ λέγοντος αὐτίκα μάλʼ ἀκούειν
					Λεωστράτου τουτουί, ὑπὲρ ὧν γε διαμαρτυρῆσαι οὐκ ἐτόλμησεν. </p>
			</div>
			<div type="section" n="57">
				<p>ὡς δὲ καὶ τῶν ἀγώνων ἀδικώτατοι καὶ πλείστης ὀργῆς ἄξιοι τοῖς ἀγωνιζομένοις αἱ
					διαμαρτυρίαι εἰσίν, μάλιστʼ ἄν τις ἐκεῖθεν καταμάθοι. πρῶτον μὲν γὰρ οὐκ
					ἀναγκαίως ἔχουσιν, ὥσπερ οἱ ἄλλοι, ἀλλʼ ἐκ προαιρέσεως καὶ βουλήσεως τῆς τοῦ
					διαμαρτυροῦντος γίγνονται. εἰ μὲν γὰρ ὑπὲρ τῶν διαμφισβητουμένων μὴ ἔστιν ἄλλον
					τρόπον δίκην λαβεῖν ἢ διαμαρτυρήσαντα, ἴσως ἀναγκαῖον τὸ διαμαρτυρεῖν· </p>
			</div>
			<div type="section" n="58">
				<p>εἰ δὲ καὶ ἄνευ διαμαρτυρίας πρὸς ἅπασι τοῖς συνεδρίοις ἔνεστι λόγου μὴ
					ἀποστερηθῆναι, πῶς οὐ προπετείας καὶ τῆς μεγίστης ἀπονοίας σημεῖον τὸ
					διαμαρτυρεῖν ἐστιν; οὐδὲ γὰρ ὁ νομοθέτης ἀναγκαῖον αὐτὸ ἐποίησεν τοῖς
					ἀντιδίκοις, ἀλλʼ ἂν βούλωνται διαμαρτυρεῖν, ἔδωκεν, ὥσπερ διάπειραν ποιούμενος
					τῶν τρόπων ἑνὸς ἑκάστου ἡμῶν, πῶς ποτʼ ἔχοιμεν πρὸς τὸ προπετῶς τι πράττειν.
				</p>
			</div>
			<div type="section" n="59">
				<p>ἔτι τοίνυν ἐπὶ τὸ τῶν διαμαρτυρούντων μέρος οὔτε δικαστήρια ἦν ἂν οὔτε ἀγῶνες
					ἐγίγνοντο· κωλύει γὰρ πάντα ταῦτα τὸ τῶν διαμαρτυριῶν γένος καὶ ἀποκλείει
					εἰσαγωγῆς ἕκαστα τῆς εἰς τὸ δικαστήριον, κατά γε τὴν τοῦ διαμαρτυροῦντος
					βούλησιν. διόπερ οἶμαι δεῖν κοινοὺς ἐχθροὺς τοὺς τοιούτους ἀνθρώπους
					ὑπολαμβάνειν πᾶσιν εἶναι, καὶ μηδέποτε τυγχάνειν αὐτοὺς συγγνώμης ἀγωνιζομένους
					παρʼ ὑμῖν· προελόμενος γὰρ ἕκαστος αὐτῶν τὸν ἐκ τοῦ διαμαρτυρῆσαι κίνδυνον, οὐκ
					ἀναγκασθεὶς εἰσέρχεται. </p>
			</div>
			<div type="section" n="60">
				<p>ὅτι μὲν οὖν ἡ διαμαρτυρία ψευδής ἐστιν, καὶ ἐκ τῶν γεγραμμένων καὶ ἐκ τῶν
					εἰρημένων λόγων σχεδὸν ἀκριβῶς μεμαθήκατε. ὅτι δὲ καὶ οἱ νόμοι, ὦ ἄνδρες
					δικασταί, ἡμῖν τὴν κληρονομίαν ἀποδιδόασι, τοῦθʼ ὑμᾶς διὰ βραχέων βούλομαι
					διδάξαι, οὐχ ὡς οὐ μεμαθηκότας καὶ ἐν τοῖς ἐν ἀρχῇ εἰρημένοις, ἀλλʼ ἵνα μᾶλλον
					πρὸς τὴν τούτων ψευδολογίαν τὰ δίκαια μνημονεύητε. </p>
			</div>
			<div type="section" n="61">
				<p>τὸ μὲν γὰρ σύνολον, ὄντες Ἀρχιάδῃ, οὗ ἐστιν ὁ κλῆρος οὑτοσί, πρὸς ἀνδρῶν κατὰ
					γένος ἐγγυτάτω, καὶ τῆς ποιήσεως, ἣν ἐκεῖνος ἐποιήσατο, τῶν μὲν ἐπανεληλυθότων
					εἰς τὸν πατρῷον οἶκον, τοῦ δʼ ἐγκαταλειφθέντος ἄπαιδος τετελευτηκότος, τούτων δʼ
					οὕτως ἐχόντων ἀξιοῦμεν κληρονομεῖν, </p>
			</div>
			<div type="section" n="62">
				<p>οὐδεμίαν οὐσίαν Λεωστράτου ἀφελόμενοι (οὗτοι μὲν γὰρ τὰς ἑαυτῶν ἔχουσιν), τῆς ὑπʼ
					Ἀρχιάδου δὲ καταλειφθείσης <del>καὶ</del> οὔσης ἐκ τῶν νόμων ἡμετέρας. ὁ γὰρ
					νόμος, ὦ ἄνδρες δικασταί, κελεύει κρατεῖν τοὺς ἄρρενας καὶ τοὺς ἐκ τῶν ἀρρένων·
					οὗτοι δʼ ἡμεῖς ἐσμεν. οὐκ ἦσαν τοίνυν παῖδες ἐκείνῳ· οἱ δʼ ** ὄντες ἡμεῖς ἐσμεν.
				</p>
			</div>
			<div type="section" n="63">
				<p>ἔπειτα οὐ δίκαιον δήπου τὸν ποιητὸν υἱὸν ποιητοὺς ἑτέρους εἰσάγειν, ἀλλʼ
					ἐγκαταλείπειν μὲν γιγνομένους, ὅταν δὲ τοῦτʼ ἐπιλίπῃ, τοῖς γένεσιν ἀποδιδόναι
					τὰς κληρονομίας· ταῦτα γὰρ οἱ νόμοι κελεύουσιν. ἐπεὶ πῶς οὐκ ἐκκλείεται εἷς
					ἕκαστος ὑμῶν τῆς κατὰ γένος ἀγχιστείας, ὅταν τοῖς ποιητοῖς ἡ ἄδεια αὕτη δοθῇ;
					ὁρᾶτε γὰρ ὅτι ταῖς κολακείαις οἱ πλεῖστοι ψυχαγωγούμενοι καὶ ταῖς πρὸς τοὺς
					οἰκείους διαφοραῖς πολλάκις φιλονικοῦντες ποιητοὺς υἱεῖς ποιοῦνται· εἰ δʼ ἔσται
					τῷ εἰσποιηθέντι παρὰ τὸν νόμον εἰσποιεῖν ὃν ἂν βούληται, οὐδέποτε τοῖς γένεσιν
					αἱ κληρονομίαι δοθήσονται. </p>
			</div>
			<div type="section" n="64">
				<p>ἃ καὶ προνοηθεὶς ὁ νομοθέτης ἀπεῖπεν τῷ ποιητῷ αὐτῷ ὄντι ποιητὸν υἱὸν μὴ
					ποιεῖσθαι, τίνα τρόπον διορίσας περὶ τούτων; ὅταν εἴπῃ <q>υἱὸν γνήσιον
						ἐγκαταλιπόντα ἐπανιέναι</q>, δηλοῖ δήπου φανερῶς ὅτι οὐ δεῖ ποιεῖσθαι·
					ἀδύνατον γάρ ἐστιν υἱὸν γνήσιον ἐγκαταλιπεῖν, ἐὰν μὴ γόνῳ γεγονὼς ᾖ τινι. σὺ
					τοίνυν, ὦ Λεώστρατε, ἀξιοῖς τῷ τετελευτηκότι εἰσποιητῷ εἰς τὸ ἡμέτερον γένος
					ὄντι ποιητὸν ἐπὶ τὸν κλῆρον εἰσαγαγεῖν, ὥσπερ ἐπὶ τὰ σαυτοῦ κτήματα καὶ οὐκ εἰς
					τὰ κατὰ νόμον τῷ προσήκοντι δοθησόμενα βαδίζων. </p>
			</div>
			<div type="section" n="65">
				<p>ἡμεῖς δέ, ὦ ἄνδρες δικασταί, εἰ μὲν ὁ τετελευτηκὼς ἐποιήσατό τινα, καίπερ οὐ
					διδόντος τοῦ νόμου συνεχωροῦμεν ἂν αὐτῷ, ἢ εἰ διαθήκας κατελελοίπει, καὶ ταύταις
					ἂν ἐνεμείναμεν, ἐπεὶ καὶ τὸ ἐξ ἀρχῆς τοιοῦτοι ὄντες διετελοῦμεν, οὐκ
					ἐναντιούμενοι τούτοις ἔχουσι τὴν οὐσίαν καὶ ἐπανιοῦσιν ἄνω, καθʼ ὃν δήποτε
					τρόπον ἐβούλοντο. </p>
			</div>
			<div type="section" n="66">
				<p>ἐπεὶ δὲ νυνί ποτε ὑπὸ τούτων αὐτῶν καὶ ὑπὸ τῶν νόμων τὸ πρᾶγμʼ ἐξελήλεγκται,
					οἰόμεθα δεῖν κληρονομεῖν τῶν Ἀρχιάδου, καὶ παρʼ ἡμῶν εἶναι τὸν υἱὸν τὸν
					εἰσποιούμενον τῶν μὴ πεποιημένων πρότερον, μὴ παρὰ τούτων. δικαίως γὰρ ὁ
					νομοθέτης, οἶμαι, ὥσπερ καὶ τὰς ἀτυχίας τῶν οἰκείων καὶ τὰς ἐκδόσεις τῶν
					γυναικῶν τοῖς ἐγγύτατα γένους προσέταττε <del>ποιεῖσθαι</del>, οὕτως καὶ τὰς
					κληρονομίας καὶ τὴν τῶν ἀγαθῶν μετουσίαν τοῖς αὐτοῖς ἀποδέδωκεν. </p>
			</div>
			<div type="section" n="67">
				<p>τὸ δὲ πάντων μέγιστον καὶ γνωριμώτατον ὑμῖν· ὁ γὰρ τοῦ Σόλωνος νόμος οὐδὲ
					διαθέσθαι τὸν ποιητὸν ἐᾷ τὰ ἐν τῷ οἴκῳ, οἷ ἂν ποιηθῇ. εἰκότως, οἶμαι· τῷ γὰρ
					κατὰ νόμον εἰσποιηθέντι ἐπὶ τὰ ἑτέρου οὐχ οὕτως ὡς περὶ τῶν ἰδίων κτημάτων
					βουλευτέον ἐστίν, ἀλλὰ τοῖς νόμοις ἀκολούθως, περὶ ἑκάστου τῶν γεγραμμένων ὡς ὁ
					νόμος λέγει. </p>
			</div>
			<div type="section" n="68">
				<p><q>ὅσοι μὴ ἐπεποίηντο</q> φησίν <q>ὅτε Σόλων εἰσῄει εἰς τὴν ἀρχήν, ἐξεῖναι αὐτοῖς
						διαθέσθαι ὅπως ἂν ἐθέλωσιν</q>, ὡς τοῖς γε ποιηθεῖσιν οὐκ ἐξὸν διαθέσθαι,
					ἀλλὰ ζῶντας ἐγκαταλιπόντας υἱὸν γνήσιον ἐπανιέναι, ἢ τελευτήσαντας ἀποδιδόναι
					τὴν κληρονομίαν τοῖς ἐξ ἀρχῆς οἰκείοις οὖσι τοῦ ποιησαμένου. </p>
			</div>
		</body>
	</text>
</TEI>
