<?xml version="1.0" encoding="UTF-8"?>
<TEI xmlns="http://www.tei-c.org/ns/1.0">
	<teiHeader>

		<fileDesc>

			<titleStmt>
				<title>Against Aristogeiton 2 </title>
				<author>Demosthenes</author>
				<sponsor>Perseus Project, Tufts University</sponsor>
				<principal>Gregory Crane</principal>
				<respStmt>
					<resp>Prepared under the supervision of</resp>
					<name>Lisa Cerrato</name>
					<name>William Merrill</name>
					<name>Elli Mylonas</name>
					<name>David Smith</name>
				</respStmt>
				<funder n="org:AnnCPB">The Annenberg CPB/Project</funder>

			</titleStmt>
			<publicationStmt>
				<publisher>Trustees of Tufts University</publisher>
				<pubPlace>Medford, MA</pubPlace>
				<authority>Perseus Project</authority>
			</publicationStmt>





			<sourceDesc>
				<biblStruct>
					<monogr>
						<author>Demosthenes</author>
						<title>Demosthenis.Orationes. ed. S. H. Butcher and W. Rennie</title>

						<imprint>
							<publisher>Oxonii. E Typographeo Clarendoniano</publisher>
							<date>1907 and 1921</date>
						</imprint>
					</monogr>
				</biblStruct>
			</sourceDesc>


		</fileDesc>

		<encodingDesc>

			<refsDecl>
				<refState unit="speech"/>
				<refState unit="section"/>
			</refsDecl>
		</encodingDesc>

		<profileDesc>
			<langUsage>
				<language ident="greek">Greek </language>
				<language ident="en">English </language>
			</langUsage>
		</profileDesc>
		<revisionDesc>
			<!--
<change><date>6/2/92</date><respStmt><name>David Smith</name><resp>(n/a)</resp></respStmt><item>fixed typos, esp. in 27.61 e)poih/san to e)poi/hsan</item>
</change>
<change><date>July 2014</date>
    <respStmt><name>Stella Dee</name><resp>ed.</resp></respStmt>
    <item>split composite text and converted to unicode</item>
      </change>-->
			<change when="2014-08-01" who="Stella Dee">edited markup</change>
		</revisionDesc>

	</teiHeader>
	<text xml:lang="grc">
		<body>

			<div n="1" type="section">
				<p>ὅτι μὲν τοίνυν καὶ ὀφείλει τῷ δημοσίῳ Ἀριστογείτων οὑτοσὶ καὶ οὐκ ἔστιν ἐπίτιμος,
					καὶ οἱ νόμοι διαρρήδην ἀπαγορεύουσιν μὴ ἐξεῖναι λέγειν τοῖς τοιούτοις, φανερῶς
					ἐπιδέδεικται, ὦ ἄνδρες Ἀθηναῖοι. δεῖ δʼ ὑμᾶς ἅπαντας μὲν ἀπείργειν καὶ κωλύειν
					τοὺς παρανομοῦντας, πολὺ δὲ μάλιστα τοὺς ἐν ταῖς ἀρχαῖς ὄντας καὶ τοὺς
					πολιτευομένους· </p>
			</div>
			<div n="2" type="section">
				<p>διὰ γὰρ τούτους τὰ κοινὰ καὶ βλάπτεσθαι πέφυκεν, ἐὰν ὦσι φαῦλοι, καὶ τὰ μέγιστα
					πάλιν ὠφελεῖσθαι, ἐὰν ὦσιν ἐπιεικεῖς καὶ θέλωσιν ἐμμένειν τοῖς νόμοις. ὡς ἐὰν
					ἅπαξ δῶτε τοῖς ὑπὲρ τῶν κοινῶν ἐγχειροῦσί τι πράττειν τὸ παρανομεῖν καὶ
					καταφρονεῖν τῶν ὡρισμένων δικαίων, ἀναγκαῖόν ἐστιν ἅπαντας ἀπολαύειν τοὺς
					μετέχοντας τῆς πόλεως.</p>
			</div>
			<div n="3" type="section">
				<p>ὥσπερ γὰρ τῶν ἐν ταῖς ναυσὶν ἁμαρτημάτων ἃ συμβαίνει περὶ τοὺς πλοῦς, ὅταν μὲν
					τῶν ναυτῶν τις ἁμάρτῃ, βραχεῖαν τὴν βλάβην ἤνεγκεν, ὅταν δʼ ὁ κυβερνήτης
					ἀποσφαλῇ, κοινὴν τὴν ἀτυχίαν ἅπασι τοῖς ἐμπλέουσι παρεσκεύασεν, ὡσαύτως τὰ μὲν
					τῶν ἰδιωτῶν ἁμαρτήματα οὐκ εἰς τὸ πλῆθος, εἰς δʼ αὐτοὺς ἤνεγκε τὰς βλάβας, τὰ δὲ
					τῶν ἀρχόντων καὶ πολιτευομένων εἰς ἅπαντας ἀφικνεῖται. </p>
			</div>
			<div n="4" type="section">
				<p>διὸ καὶ τὰς τιμωρίας ὁ Σόλων τοῖς μὲν ἰδιώταις ἐποίησε βραδείας, ταῖς δʼ ἀρχαῖς
					καὶ τοῖς δημαγωγοῖς ταχείας, ὑπολαμβάνων τοῖς μὲν ἐνδέχεσθαι καὶ παρὰ τὸν χρόνον
					τὸ δίκαιον λαβεῖν, τοῖς δʼ οὐκ ἐνεῖναι περιμεῖναι· τὸ γὰρ τιμωρησόμενον οὐχ
					ὑπέσται τῆς πολιτείας καταλυθείσης. καὶ τούτοις τοῖς δικαίοις οὐδεὶς οὕτως οὔτʼ
					ἀναιδὴς οὔθʼ ὑπὲρ ὑμᾶς φρονῶν ἐστὶν ὅστις ἀντιλέγειν ἐπιχειρήσει, πλὴν
					Ἀριστογείτονος τουτουὶ καὶ τῆς τούτου πονηρίας. ἀλλὰ πάσας καὶ τὰς ἀρχὰς καὶ
					τοὺς πολιτευομένους εὑρήσομεν, ἐπειδὰν ἅπαξ τι καταγνῶθʼ ὑμεῖς, τούτοις
					ἐμμένοντας. </p>
			</div>
			<div n="5" type="section">
				<p>τοῦτο μὲν γὰρ ὅταν ἀποχειροτονηθῶσι τινες τῶν ἐν ταῖς ἀρχαῖς, παραχρῆμα πέπαυνται
					ἄρχοντες καὶ τοὺς στεφάνους περιῄρηνται· τοῦτο δʼ ὅσοις τῶν θεσμοθετῶν εἰς
					Ἄρειον πάγον οὐχ οἷόν τʼ ἐστὶν ἀνελθεῖν, παρέντες τὸ βιάζεσθαι στέργουσιν ταῖς
					ὑμετέραις γνώσεσι. καὶ τοῦτʼ εἰκότως· ὥσπερ γάρ, ὅταν ἄρχωσι, τοὺς ἰδιώτας
					οἴονται δεῖν αὑτοῖς πειθαρχεῖν, ὡσαύτως, ὅταν αὐτοὶ ἰδιῶται γένωνται πάλιν, τοῖς
					τῆς πόλεως ἄρχουσι νόμοις δικαίως ἂν ἀκολουθοῖεν. </p>
			</div>
			<div n="6" type="section">
				<p>ἔτι τοίνυν οἱ πολιτευόμενοι πάντες, ἐκ τῶν παλαιῶν εἰ βούλεσθʼ ἀρξάμενοι χρόνων
					θεωρεῖν, ὡσαύτως φαίνονται εἴκοντες τοῖς ὑμετέροις δικαίοις. Ἀριστείδην μέν γέ
					φασιν ὑπὸ τῶν προγόνων μετασταθέντʼ ἐν Αἰγίνῃ διατρίβειν, ἕως ὁ δῆμος αὐτὸν
					κατεδέξατο, Μιλτιάδην δὲ καὶ Περικλέα ὀφλόντας, τὸν μὲν τριάκοντα, τὸν δὲ
					πεντήκοντα τάλαντα, ἐκτείσαντας οὕτω δημηγορεῖν. </p>
			</div>
			<div n="7" type="section">
				<p>ὃ καὶ δεινότατον ἂν εἴη συμβαῖνον, τοὺς μὲν πολλὰ καὶ μεγάλα ποιήσαντας ὑμᾶς
					ἀγαθὰ μὴ τυχεῖν ταύτης τῆς δωρειᾶς, ὥστε παρὰ τοὺς νόμους τι τοὺς κειμένους ὑμῖν
					πρᾶξαι, τὸν δὲ μηδὲν μὲν ἀγαθὸν εἰργασμένον, ὑπερπληθῆ δʼ ἐξημαρτηκότα, τοῦτον
					οὕτω προχείρως φαίνεσθαι καὶ παρὰ τὸ συμφέρον καὶ τὸ δίκαιον ἐξουσίαν παρʼ ὑμῶν
					τοῦ παρανομεῖν εἰληφότα. καὶ τί δεῖ λέγειν περὶ τῶν παλαιῶν; ἀλλὰ τοὺς ἐφʼ ὑμῶν
					αὐτῶν ἀναλογίσασθε, εἴ τις οὕτως ἀναιδὴς γέγονεν πώποτε· οὐδένα γὰρ ἂν εὕροιτε,
					εἰ βουλήσεσθʼ ἀκριβῶς ἐξετάζειν. </p>
			</div>
			<div n="8" type="section">
				<p>χωρὶς τοίνυν τούτων, ὅταν τις ψηφίσματος ἢ νόμου γραφὴν ἀπενέγκῃ πρὸς τοὺς
					θεσμοθέτας, ὁ μὲν νόμος ἢ τὸ ψήφισμʼ ἄκυρόν ἐστιν, ὁ δὲ θεὶς ἢ γράψας οὐδὲν
					ἀναισχυντεῖ βιαζόμενος, ἀλλʼ ὅ τι ἂν ὑμεῖς ψηφίσησθε, τούτῳ ἐμμένει, κἂν ᾖ
					πρῶτος τῷ δύνασθαι λέγειν ἢ πράττειν ἐν ὑμῖν. καίτοι πῶς οὐκ ἄτοπον, ἃ μὲν
					ἅπαντες ὑμεῖς συλλεγέντες ἐψηφίσασθε, διὰ τοὺς νόμους ἄκυρʼ εἶναι, τὴν δʼ
					Ἀριστογείτονος βούλησιν εἰς τὸ παρανομεῖν κυριωτέραν οἴεσθαι δεῖν τῶν νόμων
					αὐτῶν καταστῆσαι; </p>
			</div>
			<div n="9" type="section">
				<p>πάλιν τοίνυν ὅταν τις ἐπεξιὼν μὴ μεταλάβῃ τὸ πέμπτον μέρος τῶν ψήφων, ἐφʼ οἷς οἱ
					νόμοι κελεύουσι τὸ λοιπὸν μὴ γράφεσθαι μηδʼ ἀπάγειν μηδʼ ἐφηγεῖσθαι, τὸν αὐτὸν
					τρόπον παρὰ ταῦτʼ οὐδεὶς οἴεται δεῖν πράττειν τῶν ἐνόχων ὄντων τούτοις τοῖς
					ἐπιτιμίοις. Ἀριστογείτονι δέ, ὡς ἔοικε, μόνῳ τῶν ἁπάντων οὐδὲν οὔτε δικαστήριον
					οὔτε νόμος κυριώτερόν ἐστι τῆς αὑτοῦ βουλήσεως. </p>
			</div>
			<div n="10" type="section">
				<p>καὶ ταῦτα πάνθʼ οὕτω διαφυλάττουσιν οὐδεπώποτʼ οὔθʼ ὑμῖν οὔτε τοῖς προγόνοις
					μετεμέλησεν. ἔστι γὰρ δημοκρατίας φυλακὴ τῶν μὲν ἐχθρῶν ἢ βουλευομένους ἢ
					μαχομένους περιεῖναι, τῶν δὲ νόμων ἢ προαιρουμένους ἢ συναναγκαζομένους
					ἡττᾶσθαι. καὶ ταῦθʼ ὅτι τοῦτον τὸν τρόπον προσήκει πράττεσθαι, καὶ παρʼ αὐτοῦ
					τούτου συνωμολόγηται. </p>
			</div>
			<div n="11" type="section">
				<p>ὅτε γὰρ Ὑπερείδης ἔγραψε, τῶν περὶ Χαιρώνειαν ἀτυχημάτων τοῖς Ἕλλησι γενομένων,
					καὶ τῆς πόλεως ὑπὲρ αὐτῶν τῶν ἐδαφῶν εἰς κίνδυνον μέγιστον κατακεκλειμένης,
					εἶναι τοὺς ἀτίμους ἐπιτίμους, ἵνʼ ὁμονοοῦντες ἅπαντες ὑπὲρ τῆς ἐλευθερίας
					προθύμως ἀγωνίζωνται, ἐάν τις κίνδυνος τηλικοῦτος καταλαμβάνῃ τὴν πόλιν, τούτου
					τοῦ ψηφίσματος γραφὴν παρανόμων ἀπενέγκας ἠγωνίζετʼ ἐν τῷ δικαστηρίῳ. </p>
			</div>
			<div n="12" type="section">
				<p>καίτοι πῶς οὐ δεινὸν εἰς μὲν τὴν <del>ὑπὲρ</del> τῆς πατρίδος σωτηρίαν μηδενὶ τῶν
					πολιτῶν Ἀριστογείτονα τουτονὶ συγχωρῆσαι τυχεῖν τῆς ἐπιτιμίας, εἰς δὲ τὴν αὑτοῦ
					παρανομίαν παρὰ πάντων ὑμῶν ἀξιοῦν λαμβάνειν τὴν αὐτὴν δωρειάν; καίτοι πολύ γε
					νομιμώτερον καὶ δικαιότερον τὸ ψήφισμʼ ἐκεῖνʼ ἦν οὗ σὺ νῦν ἀξιοῖς ψηφίσασθαί σοι
					τουτουσί. </p>
			</div>
			<div n="13" type="section">
				<p>τὸ μὲν γὰρ ἴσον καὶ κοινὸν ἅπασι τοῖς πολίταις ἦν, τὸ δʼ ἄνισον καὶ σοὶ μόνῳ τῶν
					ἐν τῇ πόλει τὴν πλεονεξίαν κατασκευάζον· καὶ τὸ μὲν ὑπὲρ τοῦ μὴ γενέσθαι τὴν
					εἰρήνην ἐφʼ ᾧ θʼ ἕνα κύριον τῆς ὅλης πολιτείας καταστῆναι, τὸ δʼ ὑπὲρ τοῦ τὰ
					τουτωνὶ δόγματα καὶ νόμιμα ἐκ παλαιοῦ παραδοθένθʼ ὑπὸ τῶν προγόνων σοὶ μόνῳ
					δεδόσθαι ἐξουσίαν ἀδεῶς παραβαίνοντι καὶ πράττοντι ὅ τι ἂν βουληθῇς. </p>
			</div>
			<div n="14" type="section">
				<p>ἡδέως δʼ ἂν ἔγωγʼ αὐτὸν ἐρωτήσαιμι πότερʼ ἔννομον καὶ δικαίαν ἐποιήσατο τοῦ
					ψηφίσματος τὴν γραφὴν ἢ τοὐναντίον ἄδικον καὶ παράνομον. εἰ μὲν γὰρ ἀσύμφερον
					καὶ τῷ δήμῳ βλαβεράν, διʼ αὐτὸ τοῦτο δικαίως ἂν ἀποθάνοι· εἰ δὲ συμφέρουσαν καὶ
					τοῖς πολλοῖς ὠφέλιμον, διὰ τί νῦν τἀναντίʼ οἷς αὐτὸς ἔγραψας ψηφίζεσθαι τούτους
					ἀξιοῖς; ἀλλʼ οὔτʼ ἐκεῖνα δίκαια οὔτε ταῦτʼ ἔννομʼ οὐδὲ συμφέροντʼ ἐστὶν ὑμῖν.
				</p>
			</div>
			<div n="15" type="section">
				<p>ὁρῶ δʼ ὑμᾶς ἔγωγʼ, ὦ ἄνδρες Ἀθηναῖοι, ταύτην ἔχοντας τὴν γνώμην καὶ περὶ ὑμῶν
					αὐτῶν· πολλὰς γὰρ ἐνδείξεις ἤδη κατεψηφίσασθʼ ἰδιωτῶν ἀνθρώπων. καίτοι πῶς οὐ
					δεινὸν ἐφʼ ὑμῶν μὲν αὐτῶν ἐξετάζεσθαι ἀκριβῶς τοὺς νόμους, ἐπὶ δὲ τῶν
					περιεργαζομένων τι καὶ κοινῇ πάντας ἐνοχλούντων καὶ προσποιουμένων ὑπὲρ τοὺς
					ἄλλους εἶναι ῥᾳθύμως οὕτως ἔχειν; </p>
			</div>
			<div n="16" type="section">
				<p>οὐ γὰρ δή τινες ὑμῶν οὕτως ἔχουσιν, ὡς προσῆκον μὲν ταῦθʼ οὕτως ἔχειν ὡς ἐγὼ
					λέγω, διὰ δὲ τὴν ἐπιείκειαν τὴν Ἀριστογείτονος καὶ τὸ χρήσιμον αὐτὸν ὑμῖν εἶναι
					παροπτέον τι καὶ παρανομοῦντʼ αὐτόν. ὅτι μὲν γὰρ πονηρὸς καὶ τὸν τρόπον δεινῶς
					ἄδικος, ἱκανῶς ὑμῖν, ὡς ἔγωγʼ οἶμαι, ἐκ τῶν προειρημένων Λυκοῦργος ἐπιδέδειχεν·
					ὅτι δʼ οὐδὲ χρήσιμος, ἐξ αὐτῶν τῶν πολιτευμάτων ἄν τις αὐτοῦ θεωρήσειεν. </p>
			</div>
			<div n="17" type="section">
				<p>τίνα γὰρ παραγαγὼν εἰς τὸ δικαστήριον, ὧν ᾐτιᾶτο, τούτων καὶ ᾕρηκεν <del>καὶ
						εἷλεν</del>; ἢ ποῖον πόρον ὑμῖν πεπόρικεν; ἢ τί ψήφισμα γέγραφεν ᾧ
					πεισθέντες ὑμεῖς οὐ πάλιν μετανοῆσαι προείλεσθε; καὶ γὰρ ταῦτα· οὕτω σκαιός ἐστι
					καὶ βάρβαρος τὸν τρόπον ὥστε, ὅταν ὑμᾶς ἴδῃ πρός τινας ὀργισθέντας τι καὶ μᾶλλον
					τοῦ δέοντος παροξυνθέντας, τηνικαῦτα παρὰ τὴν ὀργὴν ὑμῶν τὰ βουλήματα λαβὼν τοῖς
					καιροῖς ἐναντιοῦται. </p>
			</div>
			<div n="18" type="section">
				<p>δεῖ δὲ τὸν πολιτευόμενον ὑπὲρ ὑμῶν οὐχὶ τοῖς ἐξαίφνης μετʼ ὀργῆς πάθεσιν ὑμῖν
					συμπίπτουσιν ἐπακολουθεῖν, ἀλλὰ τοῖς λογισμοῖς καὶ τοῖς πράγμασι καὶ τοῖς
					ὑπάρχουσι καιροῖς· τὰ μὲν γὰρ ταχὺ μεταπίπτειν εἴθισται, τὰ δὲ διαμένειν καὶ
					πλείω χρόνον ὑπάρχειν· ὧν οὗτος οὐδὲν ἐνθυμούμενος ἐλέγχει τἀπόρρητα τῆς
					πολιτείας, ὥστε ταὔτʼ ἀναγκάζεσθαι καὶ κύρια καὶ πάλιν ἄκυρα ποιεῖν. </p>
			</div>
			<div n="19" type="section">
				<p>ἀλλʼ ἴσως ὅτι πρὸς ἅπαντας ἀεὶ προαιρεῖται λοιδορεῖσθαι καὶ διαβοᾶσθαι καὶ
					μέμφεσθαι τὰ λεγόμενα, διὰ ταῦτα περιποιῆσαι νῦν αὐτὸν ἁρμόττει. ἀλλὰ ταῦτά γε
					νὴ τὴν Ἀθηνᾶν ὄνειδός ἐστιν, ἄνδρες δικασταί, τῇ πόλει γιγνόμενʼ ἐπὶ τοῦ
					βήματος, καὶ διὰ τὰς τούτων ἀπονοίας ἐπονείδιστον ἤδη τὸ πολιτεύεσθαι παρὰ τοῖς
					ἐπιεικέσιν ὑμῶν ἐστιν. εἰ δʼ οὖν τινι τοῦθʼ ὑμῶν ἐν ἡδονῇ συμβέβηκεν, οὐκ
					ἀπορήσετε τῶν τοιαῦτα ποιησόντων, ἐπεὶ καὶ νῦν μεστὸν τὸ βῆμʼ ἐστίν. οὐ γὰρ
					ἐπιτιμᾶν τοῖς συμβεβουλευμένοις χαλεπόν, ἀλλὰ συμβουλεῦσαι καὶ πεῖσαί τι τῶν
					δεόντων ὑμᾶς ψηφίσασθαι. </p>
			</div>
			<div n="20" type="section">
				<p>πρὸς δὲ τούτοις, εἰ μὲν μὴ καὶ πρότερον τοῖς αὐτοῖς τούτοις χρώμενος λόγοις
					ἐξηπάτησεν ὑμᾶς, ὅτʼ ἠγωνίσατο τὴν προτέραν ἔνδειξιν, ἦν μὲν οὐδʼ οὕτω δίκαιον
					παρὰ τοὺς ὑπάρχοντας νόμους τι συγχωρεῖν (οὐ δεῖ γὰρ παρανομεῖν δόντας τισὶ τοὺς
					ἄλλους κατὰ τοὺς νόμους ἀξιοῦν πράττειν), οὐ μὴν ἀλλʼ ἴσως γʼ εὐλογώτερον ἦν τὸ
					πιστεῦσαι καὶ καταχαρίσασθαι καὶ προέσθαι τι τῶν τοιούτων. </p>
			</div>
			<div n="21" type="section">
				<p>ἐπειδὴ δὲ τότʼ ἀφέντες ἐπὶ ταῖς ὁμολογουμέναις ἐλπίσιν, μικρὸν ὕστερον τὸν αὐτὸν
					τοῦτον, ὡς πράττοντα καὶ λέγοντα μὴ τὰ ἄριστα τῷ δήμῳ, πάλιν ἐκολάσατε, τίς
					ὑπολείπεται σκῆψις ὑμῖν ἁρμόττουσα, ἂν νῦν παρακρουσθῆτε; ὧν μὲν γὰρ ἔργῳ πεῖραν
					εἰλήφατε, τί δεῖ τοῖς λόγοις πιστεύειν; ὧν δὲ μηδέπω τὴν δοκιμασίαν ἔχετʼ ἀκριβῆ
					παρʼ ὑμῖν αὐτοῖς, ἐκ τῶν λεγομένων ἴσως ἀναγκαῖόν ἐστι κρίνειν. </p>
			</div>
			<div n="22" type="section">
				<p>θαυμάζω δʼ ἔγωγε τῶν οὕτως ἐχόντων ὥστε τὰ μὲν ἴδια τοῖς ἐκ τῶν παρεληλυθότων
					χρόνων οὖσιν ἐπιεικέσι, τούτοις παρακατατίθεσθαι, τὰ δʼ ἐν τῇ πολιτείᾳ κοινὰ
					τοῖς ὁμολογουμένως ἐξεληλεγμένοις οὖσι φαύλοις ἐπιτρέπειν. καὶ κύνα μὲν ἐπὶ
					ποίμνην ἀγεννῆ καὶ φαῦλον οὐδʼ ἂν εἷς ἐπιστήσειε φυλάττειν· ἐπὶ δὲ τοὺς τὰ κοινὰ
					πράττοντας τοὺς τυχόντας ἀνθρώπους φασὶν ἔνιοι φύλακας δεῖν ἐπιπέμπειν, οἳ
					προσποιούμενοι μηνύειν τοὺς ἁμαρτάνοντας αὐτοὶ τῆς μεγίστης εἰσὶ φυλακῆς
					δεόμενοι. </p>
			</div>
			<div n="23" type="section">
				<p><milestone ed="P" unit="para"/>ὧν, ἐὰν ἔχητε νοῦν, ἐνθυμούμενοι τοὺς μὲν
					φάσκοντας τούτους τῷ λόγῳ φιλεῖν ὑμᾶς χαίρειν ἐάσετε, αὐτοὶ δὲ τοῦτʼ ἐκ παντὸς
					τρόπου παραφυλάξετε, ὅπως μηδενὶ δῶτʼ ἐξουσίαν ἀκύρους τοὺς νόμους ποιεῖν, ἄλλως
					τε καὶ τῶν <del>πολλῶν</del> ὑπὲρ τοῦ πλήθους καὶ λέγειν καὶ γράφειν δύνασθαι
					προσποιουμένων. ὡς πάνδεινόν ἐστιν τοὺς μὲν προγόνους ὑπὲρ τοῦ μὴ καταλυθῆναι
					τοὺς νόμους ἀποθνῄσκειν τολμᾶν, ὑμᾶς δὲ μηδὲ τοὺς ἐξαμαρτάνοντας εἰς αὐτοὺς
					τιμωρεῖσθαι, καὶ τὸν μὲν γράψαντα τοὺς νόμους Σόλωνα <del>ἐψηφίσθαι</del>
					χαλκοῦν ἐν ἀγορᾷ στῆσαι, αὐτῶν δὲ τῶν νόμων ὀλιγωροῦντας φαίνεσθαι, διʼ οὓς
					κἀκεῖνον ὑπερβαλλόντως συμβέβηκε τιμᾶσθαι. </p>
			</div>
			<div n="24" type="section">
				<p>πῶς δʼ οὐκ ἂν εἴη τὸ συμβαῖνον ἄλογον, εἰ νομοθετοῦντες μὲν ὀργίζεσθε τοῖς
					πονηροῖς, ἐπʼ αὐτοφώρῳ δέ τινας εἰληφότες ἀθῴους ἐάσετε; καὶ τὸν μὲν νομοθέτην
					ἕνʼ ὄντα πᾶσιν ὑπὲρ ὑμῶν ἀπεχθάνεσθαι τοῖς φαύλοις, ὑμᾶς δὲ μηδʼ ὑπὲρ ὑμῶν αὐτῶν
					κοινῇ συλλεγέντας ἐπιδείξασθαι μισοῦντας τοὺς πονηρούς, ἀλλʼ ὑφʼ ἑνὸς ἀνδρὸς
					πονηρίας ἡττηθῆναι; καὶ θάνατον μὲν ὡρικέναι τὴν ζημίαν, ἐάν τις οὐκ ὄντα νόμον
					παράσχηται, τοὺς δὲ τοὺς ὄντας εἰς τὴν τῶν οὐκ ὄντων νόμων τάξιν ἄγοντας,
					τούτους ἀτιμωρήτους περιορᾶν; </p>
			</div>
			<div n="25" type="section">
				<p>οὕτω δʼ ἂν ἀκριβέστατα συνθεωρήσαιτε τὸ τοῖς κειμένοις νόμοις πείθεσθαι ἡλίκον
					ἀγαθόν ἐστιν, καὶ τὸ καταφρονεῖν καὶ τὸ μὴ πειθαρχεῖν αὐτοῖς ἡλίκον κακόν, εἰ τά
					τʼ ἐκ τῶν νόμων ἀγαθὰ χωρὶς καὶ τὰ διὰ τῆς παρανομίας συμβαίνοντα πρὸ ὀφθαλμῶν
					ὑμῖν αὐτοῖς ποιησάμενοι θεωρήσαιτε. εὑρήσετε γὰρ τὴν μὲν τὰ τῆς μανίας καὶ
					ἀκρασίας καὶ πλεονεξίας, τοὺς δὲ τὰ τῆς φρονήσεως καὶ σωφροσύνης καὶ δικαιοσύνης
					ἔργα διαπραττομένους. </p>
			</div>
			<div n="26" type="section">
				<p>δῆλον δέ· τῶν γὰρ πόλεων ταύτας ἄριστʼ οἰκουμένας ἴδοιμεν ἂν ἐν αἷς ἄριστοι
					νομοθέται γεγόνασιν· τὰ μὲν γὰρ ἐν τοῖς σώμασιν ἀρρωστήματα τοῖς τῶν ἰατρῶν
					εὑρήμασι καταπαύεται, τὰς δʼ ἐν ταῖς ψυχαῖς ἀγριότητας αἱ τῶν νομοθετῶν
					ἐξορίζουσι διάνοιαι. ὅλως δʼ οὐδὲν οὔτε σεμνὸν οὔτε σπουδαῖον εὑρήσομεν ὃ μὴ
					νόμου κεκοινώνηκεν, </p>
			</div>
			<div n="27" type="section">
				<p>ἐπεὶ καὶ τὸν ὅλον κόσμον καὶ τὰ θεῖα καὶ τὰς καλουμένας ὥρας νόμος καὶ τάξις, εἰ
					χρὴ τοῖς ὁρωμένοις πιστεύειν, διοικεῖν φαίνεται. παρακαλέσαντες οὖν ὑμᾶς αὐτούς,
					ἄνδρες Ἀθηναῖοι, βοηθήσατε μὲν τοῖς νόμοις, καταψηφίσασθε δὲ τῶν εἰς τὸ θεῖον
					ἀσεβεῖν προῃρημένων. καὶ ταῦτʼ ἐὰν πράξητε, τὰ δέοντα ποιήσετε καὶ τὰ κράτιστα
					ψηφιεῖσθε. </p>
			</div>

		</body>
	</text>
</TEI>
