<?xml version="1.0" encoding="UTF-8"?>
<TEI xmlns="http://www.tei-c.org/ns/1.0">
	<teiHeader>

		<fileDesc>

			<titleStmt>
				<title>Against Dionysodorus </title>
				<author>Demosthenes</author>
				<sponsor>Perseus Project, Tufts University</sponsor>
				<principal>Gregory Crane</principal>
				<respStmt>
					<resp>Prepared under the supervision of</resp>
					<name>Lisa Cerrato</name>
					<name>William Merrill</name>
					<name>Elli Mylonas</name>
					<name>David Smith</name>
				</respStmt>
				<funder n="org:AnnCPB">The Annenberg CPB/Project</funder>

			</titleStmt>
			<publicationStmt>
				<publisher>Trustees of Tufts University</publisher>
				<pubPlace>Medford, MA</pubPlace>
				<authority>Perseus Project</authority>
			</publicationStmt>





			<sourceDesc>
				<biblStruct>
					<monogr>
						<author>Demosthenes</author>
						<title>Demosthenis.Orationes. ed. W. Rennie</title>

						<imprint>
							<publisher>Oxonii.e Typographeo Clarendoniano</publisher>
							<date>1931</date>
						</imprint>
					</monogr>
				</biblStruct>
			</sourceDesc>


		</fileDesc>

		<encodingDesc>

			<refsDecl>
				<refState unit="speech"/>
				<refState unit="section"/>
			</refsDecl>
		</encodingDesc>

		<profileDesc>
			<langUsage>
				<language ident="greek">Greek </language>
				<language ident="en">English </language>
			</langUsage>
		</profileDesc>
		<revisionDesc>
			<!--
<change><date>6/2/92</date><respStmt><name>David Smith</name><resp>(n/a)</resp></respStmt><item>inserted quotedtext tag around verse</item>
</change>
<change><date>July 2014</date>
    <respStmt><name>Stella Dee</name><resp>ed.</resp></respStmt>
    <item>split composite text and converted to unicode</item>
      </change>-->
			<change when="2014-08-01" who="Stella Dee">edited markup</change>
		</revisionDesc>

	</teiHeader>
	<text xml:lang="grc">
		<body>

			<div type="section" n="1">
				<p>κοινωνός εἰμι τοῦ δανείσματος τούτου, ἄνδρες δικασταί. συμβαίνει δʼ ἡμῖν τοῖς τὴν
					κατὰ θάλατταν ἐργασίαν προῃρημένοις καὶ τὰ ἡμέτερʼ αὐτῶν ἐγχειρίζουσιν ἑτέροις
					ἐκεῖνο μὲν σαφῶς εἰδέναι, ὅτι ὁ δανειζόμενος ἐν παντὶ προέχει ἡμῶν. λαβὼν γὰρ
					ἀργύριον φανερὸν καὶ ὁμολογούμενον, ἐν γραμματειδίῳ δυοῖν χαλκοῖν ἐωνημένῳ καὶ
					βυβλιδίῳ μικρῷ πάνυ τὴν ὁμολογίαν καταλέλοιπε τοῦ ποιήσειν τὰ δίκαια. ἡμεῖς δʼ
					οὐ φαμὲν δώσειν, ἀλλʼ εὐθὺς τῷ δανειζομένῳ δίδομεν τὸ ἀργύριον. </p>
			</div>
			<div type="section" n="2">
				<p>τῷ οὖν ποτὲ πιστεύοντες καὶ τί λαβόντες τὸ βέβαιον, προϊέμεθα; ὑμῖν, ὦ ἄνδρες
					δικασταί, καὶ τοῖς νόμοις τοῖς ὑμετέροις, οἳ κελεύουσιν, ὅσα ἄν τις ἑκὼν ἕτερος
					ἑτέρῳ ὁμολογήσῃ, κύρια εἶναι. ἀλλά μοι δοκεῖ οὔτε τῶν νόμων οὔτε συγγραφῆς
					οὐδεμιᾶς ὄφελος εἶναι οὐδέν, ἂν ὁ λαμβάνων τὰ χρήματα μὴ πάνυ δίκαιος ᾖ τὸν
					τρόπον, καὶ δυοῖν θάτερον, ἢ ὑμᾶς δεδιὼς ἢ τὸν συμβαλόντα αἰσχυνόμενος. </p>
			</div>
			<div type="section" n="3">
				<p>ὧν οὐδέτερον πρόσεστι Διονυσοδώρῳ τουτῳί, ἀλλʼ εἰς τοσοῦτον ἥκει τόλμης, ὥστε
					δανεισάμενος παρʼ ἡμῶν ἐπὶ τῇ νηὶ τρισχιλίας δραχμὰς ἐφʼ ᾧ τε τὴν ναῦν καταπλεῖν
					Ἀθήναζε, καὶ δέον ἡμᾶς ἐν τῇ πέρυσιν ὥρᾳ κεκομίσθαι τὰ χρήματα, τὴν μὲν ναῦν εἰς
					Ῥόδον κατεκόμισε καὶ τὸν γόμον ἐκεῖσε ἐξελόμενος ἀπέδοτο παρὰ τὴν συγγραφὴν καὶ
					τοὺς νόμους τοὺς ὑμετέρους, ἐκ δὲ τῆς Ῥόδου πάλιν ἀπέστειλε τὴν ναῦν εἰς
					Αἴγυπτον κἀκεῖθεν εἰς Ῥόδον, ἡμῖν δὲ τοῖς Ἀθήνησι δανείσασιν οὐδέπω καὶ νῦν οὔτε
					τὰ χρήματα ἀποδίδωσιν οὔτε τὸ ἐνέχυρον καθίστησιν εἰς τὸ ἐμφανές, </p>
			</div>
			<div type="section" n="4">
				<p>ἀλλὰ δεύτερον ἔτος τουτὶ καρπούμενος τὰ ἡμέτερα, καὶ ἔχων τό τε δάνειον καὶ τὴν
					ἐργασίαν καὶ τὴν ναῦν τὴν ὑποκειμένην ἡμῖν, οὐδὲν ἧττον εἰσελήλυθεν πρὸς ὑμᾶς,
					δῆλον ὡς ζημιώσων ἡμᾶς τῇ ἐπωβελίᾳ καὶ καταθησόμενος εἰς τὸ οἴκημα πρὸς τῷ
					ἀποστερεῖν τὰ χρήματα. ὑμῶν οὖν, ὦ ἄνδρες Ἀθηναῖοι, ὁμοίως ἁπάντων δεόμεθα καὶ
					ἱκετεύομεν βοηθῆσαι ἡμῖν, ἂν δοκῶμεν ἀδικεῖσθαι. τὴν δὲ ἀρχὴν τοῦ συμβολαίου
					διεξελθεῖν ὑμῖν πρῶτον βούλομαι· οὕτως γὰρ καὶ ὑμεῖς ῥᾷστα παρακολουθήσετε. </p>
			</div>
			<div type="section" n="5">
				<p>Διονυσόδωρος γὰρ οὑτοσί, ὦ ἄνδρες Ἀθηναῖοι, καὶ ὁ κοινωνὸς αὐτοῦ Παρμενίσκος
					προσελθόντες ἡμῖν πέρυσιν τοῦ μεταγειτνιῶνος μηνὸς ἔλεγον ὅτι βούλονται
					δανείσασθαι ἐπὶ τῇ νηί, ἐφʼ ᾧ τε πλεῦσαι εἰς Αἴγυπτον καὶ ἐξ Αἰγύπτου εἰς Ῥόδον
					ἢ εἰς Ἀθήνας, διομολογησάμενοι τοὺς τόκους <add>τοὺς</add> εἰς ἑκάτερον τῶν
					ἐμπορίων τούτων. </p>
			</div>
			<div type="section" n="6">
				<p>ἀποκριναμένων δʼ ἡμῶν, ὦ ἄνδρες δικασταί, ὅτι οὐκ ἂν δανείσαιμεν εἰς ἕτερον
					ἐμπόριον οὐδὲν ἀλλʼ ἢ εἰς Ἀθήνας, οὕτω προσομολογοῦσι πλεύσεσθαι δεῦρο, καὶ ἐπὶ
					ταύταις ταῖς ὁμολογίαις δανείζονται παρʼ ἡμῶν ἐπὶ τῇ νηὶ τρισχιλίας δραχμὰς
					ἀμφοτερόπλουν, καὶ συγγραφὴν ἐγράψαντο ὑπὲρ τούτων. ἐν μὲν οὖν ταῖς συνθήκαις
					δανειστὴς ἐγράφη Πάμφιλος οὑτοσί· ἐγὼ δʼ ἔξωθεν μετεῖχον αὐτῷ τοῦ δανείσματος.
					καὶ πρῶτον ὑμῖν ἀναγνώσεται αὐτὴν τὴν συγγραφήν.<quote n="*suggrafh/"
							><title>Συγγραφή</title></quote>
				</p>
			</div>
			<div type="section" n="7">
				<p>κατὰ ταύτην τὴν συγγραφήν, ὦ ἄνδρες δικασταί, λαβόντες παρʼ ἡμῶν τὰ χρήματα
					Διονυσόδωρός τε οὑτοσὶ καὶ ὁ κοινωνὸς αὐτοῦ Παρμενίσκος ἀπέστελλον τὴν ναῦν εἰς
					τὴν Αἴγυπτον ἐνθένδε. καὶ ὁ μὲν Παρμενίσκος ἐπέπλει ἐπὶ τῆς νεώς, οὑτοσὶ δὲ
					αὐτοῦ κατέμενεν. ἦσαν γάρ, ὦ ἄνδρες δικασταί, ἵνα μηδὲ τοῦτο ἀγνοῆτε, ὑπηρέται
					καὶ συνεργοὶ πάντες οὗτοι Κλεομένους τοῦ ἐν τῇ Αἰγύπτῳ ἄρξαντος, ὃς ἐξ οὗ τὴν
					ἀρχὴν παρέλαβεν οὐκ ὀλίγα κακὰ ἠργάσατο τὴν πόλιν τὴν ὑμετέραν, μᾶλλον δὲ καὶ
					τοὺς ἄλλους Ἕλληνας, παλιγκαπηλεύων καὶ συνιστὰς τὰς τιμὰς τοῦ σίτου καὶ αὐτὸς
					καὶ οὗτοι μετʼ αὐτοῦ. </p>
			</div>
			<div type="section" n="8">
				<p>οἱ μὲν γὰρ αὐτῶν ἀπέστελλον ἐκ τῆς Αἰγύπτου τὰ χρήματα, οἱ δʼ ἐπέπλεον ταῖς
					ἐμπορίαις, οἱ δʼ ἐνθάδε μένοντες διετίθεντο τὰ ἀποστελλόμενα· εἶτα πρὸς τὰς
					καθεστηκυίας τιμὰς ἔπεμπον γράμματα οἱ ἐπιδημοῦντες τοῖς ἀποδημοῦσιν, ἵνα ἐὰν
					μὲν παρʼ ὑμῖν τίμιος ᾖ ὁ σῖτος, δεῦρο αὐτὸν κομίσωσιν, ἐὰν δʼ εὐωνότερος
					γένηται, εἰς ἄλλο τι καταπλεύσωσιν ἐμπόριον. ὅθεν περ οὐχ ἥκιστα, ὦ ἄνδρες
					δικασταί, συνετιμήθη τὰ περὶ τὸν σῖτον ἐκ τῶν τοιούτων ἐπιστολῶν καὶ
					συνεργιῶν.</p>
			</div>
			<div type="section" n="9">
				<p>ὅτε μὲν οὖν ἐνθένδε ἀπέστελλον οὗτοι τὴν ναῦν, ἐπιεικῶς ἔντιμον κατέλιπον τὸν
					σῖτον· διὸ καὶ ὑπέμειναν ἐν τῇ συγγραφῇ γράψασθαι εἰς Ἀθήνας πλεῖν, εἰς δʼ ἄλλο
					μηδὲν ἐμπόριον. μετὰ δὲ ταῦτα, ὦ ἄνδρες δικασταί, ἐπειδὴ ὁ Σικελικὸς κατάπλους
					ἐγένετο καὶ αἱ τιμαὶ τοῦ σίτου ἐπʼ ἔλαττον ἐβάδιζον καὶ ἡ ναῦς ἡ τούτων ἀνῆκτο
					εἰς Αἴγυπτον, εὐθέως οὗτος ἀποστέλλει τινὰ εἰς τὴν Ῥόδον ἀπαγγελοῦντα τῷ
					Παρμενίσκῳ τῷ κοινωνῷ τὰ ἐνθένδε καθεστηκότα, ἀκριβῶς εἰδὼς ὅτι ἀναγκαῖον εἴη τῇ
					νηὶ προσσχεῖν εἰς Ῥόδον. </p>
			</div>
			<div type="section" n="10">
				<p>πέρας δʼ οὖν, λαβὼν γὰρ ὁ Παρμενίσκος ὁ τουτουὶ κοινωνὸς τὰ γράμματα τὰ παρὰ
					τούτου ἀποσταλέντα, καὶ πυθόμενος τὰς τιμὰς τὰς ἐνθάδε <del>τοῦ σίτου</del>
					καθεστηκυίας, ἐξαιρεῖται τὸν σῖτον ἐν τῇ Ῥόδῳ κἀκεῖ ἀποδίδοται, καταφρονήσαντες
					μὲν τῆς συγγραφῆς, ὦ ἄνδρες δικασταί, καὶ τῶν ἐπιτιμίων, ἃ συνεγράψαντο αὐτοὶ
					οὗτοι καθʼ αὑτῶν, ἐάν τι παραβαίνωσιν, καταφρονήσαντες δὲ τῶν νόμων τῶν
					ὑμετέρων, οἳ κελεύουσι τοὺς ναυκλήρους καὶ τοὺς ἐπιβάτας πλεῖν εἰς ὅ τι ἂν
					συνθῶνται ἐμπόριον, εἰ δὲ μή, ταῖς μεγίσταις ζημίαις εἶναι ἐνόχους. </p>
			</div>
			<div type="section" n="11">
				<p>καὶ ἡμεῖς ἐπειδὴ τάχιστα ἐπυθόμεθα τὸ γεγονός, ἐκπεπληγμένοι τῷ πράγματι προσῇμεν
					τούτῳ τῷ ἀρχιτέκτονι τῆς ὅλης ἐπιβουλῆς, ἀγανακτοῦντες, οἷον εἰκός, καὶ
					ἐγκαλοῦντες ὅτι διαρρήδην ἡμῶν διορισαμένων ἐν ταῖς συνθήκαις ὅπως ἡ ναῦς
					μηδαμόσε καταπλεύσεται ἀλλʼ ἢ εἰς Ἀθήνας, καὶ ἐπὶ ταύταις ταῖς ὁμολογίαις
					δανεισάντων τὸ ἀργύριον, ἡμᾶς μὲν ἐν ὑποψίᾳ καταλέλοιπεν τοῖς βουλομένοις
					αἰτιᾶσθαι καὶ λέγειν, ὡς ἄρα καὶ ἡμεῖς κεκοινωνήκαμεν τῆς σιτηγίας τῆς εἰς τὴν
					Ῥόδον, αὐτοὶ δὲ οὐδὲν μᾶλλον τὴν ναῦν ἥκουσι κατακομίζοντες εἰς τὸ ὑμέτερον
					ἐμπόριον εἰς ὃ συνεγράψαντο. </p>
			</div>
			<div type="section" n="12">
				<p>ἐπειδὴ δὲ οὐδὲν ἐπεραίνομεν ὑπὲρ τῆς συγγραφῆς καὶ τῶν δικαίων διαλεγόμενοι, ἀλλὰ
					τό γε δάνειον καὶ τοὺς τόκους ἠξιοῦμεν ἀπολαβεῖν τοὺς ἐξ ἀρχῆς ὁμολογηθέντας.
					οὗτος δὲ οὕτως ὑβριστικῶς ἐχρήσατο ἡμῖν, ὥστε τοὺς μὲν τόκους τοὺς ἐν τῇ
					συγγραφῇ γεγραμμένους οὐκ ἔφη δώσειν· <q>εἰ δὲ βούλεσθε,</q> ἔφη, <q>κομίζεσθαι
						τὸ πρὸς μέρος τοῦ πλοῦ τοῦ πεπλευσμένου, δώσω ὑμῖν</q> φησὶν <q>τοὺς εἰς
						Ῥόδον τόκους· πλείους δʼ οὐκ ἂν δοίην</q>, αὐτὸς ἑαυτῷ νομοθετῶν καὶ οὐχὶ
					τοῖς ἐκ τῆς συγγραφῆς δικαίοις πειθόμενος. </p>
			</div>
			<div type="section" n="13">
				<p>ὡς δʼ ἡμεῖς οὐκ ἂν ἔφαμεν συγχωρῆσαι οὐδὲν τούτων, λογιζόμενοι ὅτι, ὁπότε τοῦτο
					πράξομεν, ὁμολογοῦμεν καὶ αὐτοὶ εἰς Ῥόδον σεσιτηγηκέναι, ἔτι μᾶλλον ἐπέτεινεν
					οὗτος καὶ μάρτυρας πολλοὺς παραλαβὼν προσῄει, φάσκων ἕτοιμος εἶναι ἀποδιδόναι τὸ
					δάνειον καὶ τοὺς τόκους τοὺς εἰς Ῥόδον, οὐδὲν μᾶλλον, ὦ ἄνδρες δικασταί,
					ἀποδοῦναι διανοούμενος, ἀλλʼ ἡμᾶς ὑπολαμβάνων οὐκ ἂν ἐθελῆσαι λαβεῖν τὸ ἀργύριον
					διὰ τὰς ὑπούσας αἰτίας. ἐδήλωσε δὲ αὐτὸ τὸ ἔργον. </p>
			</div>
			<div type="section" n="14">
				<p>ἐπειδὴ γάρ, ὦ ἄνδρες Ἀθηναῖοι, τῶν ὑμετέρων πολιτῶν τινὲς παραγενόμενοι ἀπὸ
					ταὐτομάτου συνεβούλευον ἡμῖν τὸ μὲν διδόμενον λαμβάνειν, περὶ δὲ τῶν
					ἀντιλεγομένων κρίνεσθαι, τοὺς δὲ εἰς Ῥόδον τόκους μὴ καθομολογεῖν τέως ἂν
					κριθῶμεν, ἡμεῖς μὲν ταῦτα συνεχωροῦμεν, οὐκ ἀγνοοῦντες, ὦ ἄνδρες δικασταί, τὸ ἐκ
					τῆς συγγραφῆς δίκαιον, ἀλλʼ ἡγούμενοι δεῖν ἐλαττοῦσθαί τι καὶ συγχωρεῖν ὥστε μὴ
					δοκεῖν φιλόδικοι εἶναι, οὗτος δʼ ὡς ἑώρα ἡμᾶς ὁμόσε πορευομένους,
						<q>ἀναιρεῖσθε</q> φησὶ <q>τοίνυν τὴν συγγραφήν.</q>
				</p>
			</div>
			<div type="section" n="15">
				<p><q>ἡμεῖς ἀναιρώμεθα; οὐδέν γε μᾶλλον ἢ ὁτιοῦν· ἀλλὰ κατὰ μὲν τἀργύριον ὃ ἂν
						ἀποδῷς, ὁμολογήσομεν ἐναντίον τοῦ τραπεζίτου ἄκυρον ποιεῖν τὴν συγγραφήν, τὸ
						μέντοι σύνολον οὐκ ἂν ἀνελοίμεθα, ἕως ἂν περὶ τῶν ἀντιλεγομένων κριθῶμεν. τί
						γὰρ ἔχοντες δίκαιον ἢ τί τὸ ἰσχυρὸν ἀντιδικήσομεν, ἐάν τε πρὸς διαιτητὴν ἐάν
						τε εἰς δικαστήριον δέῃ βαδίζειν, ἀνελόμενοι τὴν συγγραφήν, ἐν ᾗ τὴν ὑπὲρ τῶν
						δικαίων βοήθειαν ἔχομεν</q>; </p>
			</div>
			<div type="section" n="16">
				<p>ταῦτα δὲ ἡμῶν λεγόντων, ὦ ἄνδρες δικασταί, καὶ ἀξιούντων Διονυσόδωρον τουτονὶ τὴν
					μὲν συγγραφὴν μὴ κινεῖν μηδὲ ἄκυρον ποιεῖν τὴν ὁμολογουμένην καὶ ὑπʼ αὐτῶν
					τούτων κυρίαν εἶναι, τῶν δὲ χρημάτων ὅσα μὲν αὐτὸς ὁμολογεῖ, ἀποδοῦναι ἡμῖν,
					περὶ δὲ τῶν ἀντιλεγομένων <del>ὡς</del> ἑτοίμων ὄντων κριθῆναι, εἴτε βούλοιντο
					ἐφʼ ἑνὸς εἴτε κἀν πλείοσι τῶν ἐκ τοῦ ἐμπορίου, οὐκ ἔφη προσέχειν Διονυσόδωρος
					τούτων οὐδενί, ἀλλʼ ὅτι τὴν συγγραφὴν ὅλως οὐκ ἀνῃρούμεθα ἀπολαμβάνοντες ἃ οὗτος
					ἐπέταττεν, ἔχει δεύτερον ἔτος τὰ ἡμέτερα καὶ χρῆται τοῖς χρήμασιν· </p>
			</div>
			<div type="section" n="17">
				<p>καὶ ὃ πάντων ἐστὶ δεινότατον, ὦ ἄνδρες δικασταί, ὅτι αὐτὸς μὲν οὗτος παρʼ ἑτέρων
					εἰσπράττει ναυτικοὺς τόκους ἀπὸ τῶν ἡμετέρων χρημάτων, οὐκ Ἀθήνησι δανείσας οὐδʼ
					εἰς Ἀθήνας, ἀλλʼ εἰς Ῥόδον καὶ Αἴγυπτον, ἡμῖν δὲ τοῖς δανείσασιν εἰς τὸ ὑμέτερον
					ἐμπόριον οὐκ οἴεται δεῖν τῶν δικαίων οὐδὲν ποιεῖν. ὅτι δʼ ἀληθῆ λέγω,
					ἀναγνώσεται ὑμῖν τὴν πρόκλησιν ἣν ὑπὲρ τούτων προὐκαλεσάμεθʼ αὐτόν.<quote
						n="*pro/klhsis"><title>Πρόκλησις</title></quote>
				</p>
			</div>
			<div type="section" n="18">
				<p>ταῦτα τοίνυν, ὦ ἄνδρες δικασταί, προκαλεσαμένων ἡμῶν Διονυσόδωρον τουτονὶ
					πολλάκις, καὶ ἐπὶ πολλὰς ἡμέρας ἐκτιθέντων τὴν πρόκλησιν, εὐήθεις ἔφη παντελῶς
					ἡμᾶς εἶναι, εἰ ὑπολαμβάνομεν αὐτὸν οὕτως ἀλογίστως ἔχειν ὥστʼ ἐπὶ διαιτητὴν
					βαδίζειν, προδήλου ὄντος ὅτι καταγνώσεται αὐτοῦ ἀποτεῖσαι τὰ χρήματα, ἐξὸν αὐτῷ
					ἐπὶ τὸ δικαστήριον ἥκειν φέροντα τὸ ἀργύριον, εἶτʼ ἐὰν μὲν δύνηται ὑμᾶς
					παρακρούσασθαι, ἀπιέναι τἀλλότρια ἔχοντα, εἰ δὲ μή, τηνικαῦτα καταθεῖναι τὰ
					χρήματα, ὡς <add>ἂν</add> ἄνθρωπος οὐ τῷ δικαίῳ πιστεύων, ἀλλὰ διάπειραν ὑμῶν
					λαμβάνειν βουλόμενος. </p>
			</div>
			<div type="section" n="19">
				<p>τὰ μὲν τοίνυν πεπραγμένα Διονυσοδώρῳ ἀκηκόατε, ὦ ἄνδρες δικασταί· οἴομαι δʼ ὑμᾶς
					θαυμάζειν ἀκούοντας πάλαι τὴν τόλμαν αὐτοῦ, καὶ τῷ ποτε πιστεύων εἰσελήλυθεν
					δευρί. πῶς γὰρ οὐ τολμηρόν, εἴ τις ἄνθρωπος δανεισάμενος χρήματα ἐκ τοῦ ἐμπορίου
					τοῦ Ἀθηναίων, </p>
			</div>
			<div type="section" n="20">
				<p>καὶ συγγραφὴν διαρρήδην γραψάμενος ἐφʼ ᾧ τε καταπλεῖν τὴν ναῦν εἰς τὸ ὑμέτερον
					ἐμπόριον, εἰ δὲ μή, ἀποτίνειν διπλάσια τὰ χρήματα, μήτε τὴν ναῦν κατακεκόμικεν
					εἰς τὸν Πειραιᾶ μήτε τὰ χρήματα ἀποδίδωσι τοῖς δανείσασιν, τόν τε σῖτον
					ἐξελόμενος ἐν Ῥόδῳ ἀπέδοτο, καὶ ταῦτα διαπεπραγμένος μηδὲν ἧττον τολμᾷ βλέπειν
					εἰς τὰ ὑμέτερα πρόσωπα; </p>
			</div>
			<div type="section" n="21">
				<p>ἃ δὴ λέγει πρὸς ταῦτα ἀκούσατε. φησὶ γὰρ τὴν ναῦν πλέουσαν ἐξ Αἰγύπτου ῥαγῆναι,
					καὶ διὰ ταῦτα ἀναγκασθῆναι καὶ προσσχεῖν εἰς τὴν Ῥόδον κἀκεῖ ἐξελέσθαι τὸν
					σῖτον. καὶ τούτου τεκμήριον λέγει, ὡς ἄρα ἐκ τῆς Ῥόδου μισθώσαιτο πλοῖα καὶ
					δεῦρο ἀποστείλειε τῶν χρημάτων ἔνια. ἓν μὲν τοῦτό ἐστιν αὐτῷ μέρος τῆς
					ἀπολογίας, δεύτερον δʼ ἐκεῖνο· </p>
			</div>
			<div type="section" n="22">
				<p>φησὶ γὰρ ἑτέρους τινὰς δανειστὰς συγκεχωρηκέναι αὑτῷ τοὺς τόκους τοὺς εἰς Ῥόδον·
					δεινὸν οὖν, εἰ ἡμεῖς μὴ συγχωρήσομεν ταὐτὰ ἐκείνοις. τρίτον πρὸς τούτοις τὴν
					συγγραφὴν κελεύειν φησὶν αὑτὸν σωθείσης τῆς νεὼς ἀποδοῦναι τὰ χρήματα, τὴν δὲ
					ναῦν οὐ σεσῷσθαι εἰς τὸν Πειραιᾶ. πρὸς ἕκαστον δὴ τούτων, ὦ ἄνδρες δικασταί,
					ἀκούσατε ἃ λέγομεν δίκαια. </p>
			</div>
			<div type="section" n="23">
				<p>πρῶτον μὲν τὸ ῥαγῆναι τὴν ναῦν ὅταν λέγῃ, οἶμαι πᾶσιν ὑμῖν φανερὸν εἶναι ὅτι
					ψεύδεται. εἰ γὰρ τοῦτο συνέβη παθεῖν τῇ νηί, οὔτʼ ἂν εἰς τὴν Ῥόδον ἐσώθη οὔτʼ ἂν
					ὕστερον πλόϊμος ἦν. νῦν δὲ φαίνεται εἰς τὴν Ῥόδον σωθεῖσα καὶ πάλιν ἐκεῖθεν
					ἀποσταλεῖσα εἰς Αἴγυπτον καὶ ἔτι καὶ νῦν πλέουσα πανταχόσε, πλὴν οὐκ εἰς Ἀθήνας.
					καίτοι πῶς οὐκ ἄτοπον, ὅταν μὲν εἰς τὸ Ἀθηναίων ἐμπόριον δεήσῃ κατάγειν τὴν
					ναῦν, ῥαγῆναι φάσκειν, ὅταν δὲ εἰς τὴν Ῥόδον τὸν σῖτον ἐξελέσθαι, τηνικαῦτα δὲ
					πλόϊμον οὖσαν φαίνεσθαι τὴν αὐτὴν ναῦν; </p>
			</div>
			<div type="section" n="24">
				<p>διὰ τί οὖν, φησίν, ἐμισθωσάμην ἕτερα πλοῖα καὶ μετεξειλόμην τὸν γόμον καὶ δεῦρʼ
					ἀπέστειλα; ὅτι, ὦ ἄνδρες Ἀθηναῖοι, οὐ τῶν ἁπάντων ἀγωγίμων οὔθʼ οὗτος ἦν κύριος
					οὔθʼ ὁ κοινωνὸς αὐτοῦ, ἀλλʼ οἱ ἐπιβάται τὰ ἑαυτῶν χρήματα ἀπέστελλον οἶμαι δεῦρο
					ἐν ἑτέροις πλοίοις ἐξ ἀνάγκης, ἐπειδὴ προκατέλυσαν οὗτοι τὸν πλοῦν· ὧν μέντοι
					αὐτοὶ ἦσαν κύριοι, οὐδὲ ταῦτα ἀπέστελλον πάντα δεῦρο, ἀλλʼ ἐκλεγόμενοι τίνων αἱ
					τιμαὶ ἐπετέταντο. </p>
			</div>
			<div type="section" n="25">
				<p>ἐπεὶ τί δήποτε μισθούμενοι ἕτερα πλοῖα, ὥς φατε, οὐχ ἅπαντα τὸν γόμον τῆς νεὼς
					μετενέθεσθε, ἀλλὰ τὸν σῖτον αὐτοῦ ἐν τῇ Ῥόδῳ κατελίπετε; ὅτι, ὦ ἄνδρες δικασταί,
					τοῦτον μὲν συνέφερεν αὐτοῖς ἐκεῖσε πωλεῖν (τὰς γὰρ τιμὰς τὰς ἐνθάδε ἀνεικέναι
					ἤκουον)· τὰ δʼ ἄλλʼ ἀγώγιμα ὡς ὑμᾶς ἀπέστελλον, ἀφʼ ὧν κερδανεῖν ἤλπιζον. ὥστε
					τὴν μίσθωσιν τῶν πλοίων ὅταν λέγῃς, οὐ τοῦ ῥαγῆναι τὴν ναῦν τεκμήριον λέγεις,
					ἀλλὰ τοῦ συμφέροντος ὑμῖν. </p>
			</div>
			<div type="section" n="26">
				<p>περὶ μὲν οὖν τούτων ἱκανά μοι τὰ εἰρημένα· περὶ δὲ τῶν δανειστῶν, οὕς φασι
					συγκεχωρηκέναι λαβεῖν παρʼ αὑτῶν τοὺς εἰς Ῥόδον τόκους, ἔστι μὲν οὐδὲν πρὸς ἡμᾶς
					τοῦτο. εἰ γάρ τις ὑμῖν ἀφῆκέν τι τῶν αὑτοῦ, οὐδὲν ἀδικεῖται οὔθʼ ὁ δοὺς οὔθʼ ὁ
					πείσας· ἀλλʼ ἡμεῖς οὔτʼ ἀφείκαμέν σοι οὐδὲν οὔτε συγκεχωρήκαμεν τῷ πλῷ τῷ εἰς
					Ῥόδον, οὐδʼ ἐστὶν ἡμῖν οὐδὲν κυριώτερον τῆς συγγραφῆς. </p>
			</div>
			<div type="section" n="27">
				<p>αὕτη δὲ τί λέγει καὶ ποῖ προστάττει τὸν πλοῦν ποιεῖσθαι; Ἀθήνηθεν εἰς Αἴγυπτον
					καὶ ἐξ Αἰγύπτου εἰς Ἀθήνας· εἰ δὲ μή, ἀποτίνειν κελεύει διπλάσια τὰ χρήματα.
					ταῦτα εἰ μὲν πεποίηκας, οὐδὲν ἀδικεῖς, εἰ δὲ μὴ πεποίηκας μηδὲ κατακεκόμικας τὴν
					ναῦν Ἀθήναζε, προσήκει σε ζημιοῦσθαι τῷ ἐπιτιμίῳ τῷ ἐκ τῆς συγγραφῆς· τοῦτο γὰρ
					τὸ δίκαιον οὐκ ἄλλος οὐδείς, ἀλλʼ αὐτὸς σὺ σαυτῷ ὥρισας. δεῖξον οὖν τοῖς
					δικασταῖς δυοῖν θάτερον, ἢ τὴν συγγραφήν, ὡς οὐκ ἔστιν ἡμῖν κυρία, ἢ ὡς οὐ
					δίκαιος εἶ πάντα κατὰ ταύτην πράττειν. </p>
			</div>
			<div type="section" n="28">
				<p>εἰ δέ τινες ἀφείκασίν τί σοι καὶ συγκεχωρήκασιν τοὺς εἰς Ῥόδον τόκους ὁτῳδήποτε
					τρόπῳ πεισθέντες, διὰ ταῦτα οὐδὲν ἀδικεῖς ἡμᾶς, οὓς παρασυγγεγράφηκας εἰς Ῥόδον
					καταγαγὼν τὴν ναῦν; οὐκ οἴομαί γε· οὐ γὰρ τὰ ὑφʼ ἑτέρων συγκεχωρημένα δικάζουσιν
					οὗτοι νῦν, ἀλλὰ τὰ ὑπʼ αὐτοῦ σοῦ πρὸς ἡμᾶς συγγεγραμμένα. ἐπεὶ ὅτι γε καὶ τὸ
					περὶ τὴν ἄφεσιν τῶν τόκων, εἰ ἄρα γέγονεν ὡς οὗτοι λέγουσιν, μετὰ τοῦ
					συμφέροντος τοῦ τῶν δανειστῶν γέγονε, πᾶσιν ὑμῖν φανερόν ἐστιν. </p>
			</div>
			<div type="section" n="29">
				<p>οἱ γὰρ ἐκ τῆς Αἰγύπτου δανείσαντες τούτοις ἑτερόπλουν τἀργύριον εἰς Ἀθήνας, ὡς
					ἀφίκοντο εἰς τὴν Ῥόδον καὶ τὴν ναῦν ἐκεῖσε οὗτοι κατεκόμισαν, οὐδὲν οἶμαι
					διέφερεν αὐτοῖς ἀφεμένοις τῶν τόκων καὶ κομισαμένοις τὸ δάνειον ἐν τῇ Ῥόδῳ πάλιν
					ἐνεργὸν ποιεῖν εἰς τὴν Αἴγυπτον, ἀλλʼ ἐλυσιτέλει πολλῷ μᾶλλον τοῦτʼ ἢ δεῦρʼ
					ἐπαναπλεῖν. </p>
			</div>
			<div type="section" n="30">
				<p>ἐκεῖσε μέν γε ἀεὶ ὡραῖος ὁ πλοῦς, καὶ δὶς ἢ τρὶς ὑπῆρχεν αὐτοῖς ἐργάσασθαι τῷ
					αὐτῷ ἀργυρίῳ· ἐνταῦθα δʼ ἐπιδημήσαντας παραχειμάζειν ἔδει καὶ περιμένειν τὴν
					ὡραίαν. ὥστʼ ἐκεῖνοι μὲν οἱ δανεισταὶ προσκεκερδήκασιν καὶ οὐκ ἀφείκασι τούτοις
					οὐδέν· ἡμῖν δʼ οὐχ ὅπως περὶ τοῦ τόκου ὁ λόγος ἐστίν, ἀλλʼ οὐδὲ τἀρχαῖα
					ἀπολαβεῖν δυνάμεθα. </p>
			</div>
			<div type="section" n="31">
				<p>μὴ οὖν ἀποδέχεσθε τούτου φενακίζοντος ὑμᾶς καὶ τὰ πρὸς τοὺς ἄλλους δανειστὰς
					πεπραγμένα παραβάλλοντος, ἀλλʼ ἐπὶ τὴν συγγραφὴν ἀνάγετʼ αὐτὸν καὶ τὰ ἐκ τῆς
					συγγραφῆς δίκαια. ἔστι γὰρ ἐμοί τε λοιπὸν διδάξαι ὑμᾶς τοῦτο, καὶ οὗτος
					ἰσχυρίζεται τῷ αὐτῷ τούτῳ, φάσκων τὴν συγγραφὴν κελεύειν σωθείσης τῆς νεὼς
					ἀποδιδόναι τὸ δάνειον. </p>
			</div>
			<div type="section" n="32">
				<p>καὶ ἡμεῖς ταῦτα οὕτω φαμὲν δεῖν ἔχειν. ἡδέως δʼ ἂν πυθοίμην αὐτοῦ σοῦ, πότερον ὡς
					ὑπὲρ διεφθαρμένης τῆς νεὼς διαλέγει, ἢ ὡς ὑπὲρ σεσῳσμένης. εἰ μὲν γὰρ διέφθαρται
					ἡ ναῦς καὶ ἀπόλωλεν, τί περὶ τῶν τόκων διαφέρει καὶ ἀξιοῖς ἡμᾶς κομίζεσθαι τοὺς
					εἰς Ῥόδον τόκους; οὔτε γὰρ τοὺς τόκους οὔτε τἀρχαῖα προσήκει ἡμᾶς ἀπολαβεῖν. εἰ
					δʼ ἐστὶν ἡ ναῦς σῶς καὶ μὴ διέφθαρται, διὰ τί ἡμῖν οὐκ ἀποδίδως τὰ χρήματα ἃ
					συνεγράψω; </p>
			</div>
			<div type="section" n="33">
				<p>πόθεν οὖν ἀκριβέστατα ἂν μάθοιτε, ἄνδρες Ἀθηναῖοι, ὅτι σέσῳσται ἡ ναῦς; μάλιστα
					μὲν ἐξ αὐτοῦ τοῦ εἶναι τὴν ναῦν ἐν πλῷ, οὐχ ἧττον δὲ καὶ ἐξ ὧν αὐτοὶ οὗτοι
					λέγουσιν. ἀξιοῦσιν γὰρ ἡμᾶς τά τε ἀρχαῖα ἀπολαβεῖν καὶ μέρος τι τῶν τόκων, ὡς
					σεσῳσμένης μὲν τῆς νεώς, οὐ πεπλευκυίας δὲ πάντα τὸν πλοῦν. </p>
			</div>
			<div type="section" n="34">
				<p>σκοπεῖτε δέ, ὦ ἄνδρες Ἀθηναῖοι, πότερον ἡμεῖς τοῖς ἐκ τῆς συγγραφῆς δικαίοις
					χρώμεθα ἢ οὗτοι, οἳ οὔτε εἰς τὸ συγκείμενον ἐμπόριον πεπλεύκασιν, ἀλλʼ εἰς Ῥόδον
					καὶ Αἴγυπτον, σωθείσης τε τῆς νεὼς καὶ οὐ διεφθαρμένης ἄφεσιν οἴονται δεῖν
					εὑρίσκεσθαι τῶν τόκων παρασυγγεγραφηκότες, καὶ αὐτοὶ μὲν πολλὰ χρήματα
					εἰργασμένοι παρὰ τὴν σιτηγίαν τὴν εἰς Ῥόδον, τὰ δʼ ἡμέτερα χρήματα ἔχοντες καὶ
					καρπούμενοι δεύτερον ἔτος τουτί. </p>
			</div>
			<div type="section" n="35">
				<p>καινότατον δʼ ἐστὶ πάντων τὸ γιγνόμενον· τὸ μὲν γὰρ δάνειον τὸ ἀρχαῖον
					ἀποδιδόασιν ἡμῖν ὡς σεσῳσμένης τῆς νεώς, τοὺς τόκους δʼ ἀποστερῆσαι οἴονται δεῖν
					ὡς διεφθαρμένης. καίτοι ἡ συγγραφὴ οὐχ ἕτερα μὲν λέγει περὶ τῶν τόκων, ἕτερα δὲ
					περὶ τοῦ ἀρχαίου δανείσματος, </p>
			</div>
			<div type="section" n="36">
				<p>ἀλλὰ τὰ δίκαια ταὐτὰ περὶ ἀμφοῖν ἐστιν καὶ ἡ πρᾶξις ἡ αὐτή. ἀνάγνωθι δέ μοι πάλιν
					τὴν συγγραφήν.<quote n="*suggrafh/"><title>Συγγραφή</title><p>
							<gap/> Ἀθήνηθεν εἰς Αἴγυπτον καὶ ἐξ Αἰγύπτου Ἀθήναζε.</p></quote></p>
				<p>ἀκούετε, ὦ ἄνδρες Ἀθηναῖοι· <q>Ἀθήνηθεν,</q> φησίν, <q>εἰς Αἴγυπτον καὶ ἐξ
						Αἰγύπτου Ἀθήναζε.</q> λέγε τὰ λοιπά.<quote n="*suggrafh/"
							><title>Συγγραφή</title><p>σωθείσης δὲ τῆς νεὼς εἰς Πειραιᾶ <gap/>
						</p>
					</quote>
				</p>
			</div>
			<div type="section" n="37">
				<p>ἄνδρες Ἀθηναῖοι, πάνυ ἁπλοῦν ἐστιν διαγνῶναι ὑμῖν ὑπὲρ ταύτης τῆς δίκης, καὶ
					οὐδὲν δεῖ λόγων πολλῶν. ἡ ναῦς ὅτι μὲν σέσῳσται καὶ ἔστιν σῶς, καὶ παρʼ αὐτῶν
					τούτων ὁμολογεῖται (οὐ γὰρ ἂν ἀπεδίδοσαν τό τε ἀρχαῖον δάνειον καὶ τῶν τόκων
					μέρος τι), οὐ κατακεκόμισται δʼ εἰς τὸν Πειραιᾶ. διὰ τοῦτο ἡμεῖς μὲν οἱ
					δανείσαντες ἀδικεῖσθαί φαμεν, καὶ ὑπὲρ τούτου δικαζόμεθα, ὅτι οὐ κατέπλευσεν εἰς
					τὸ συγκείμενον ἐμπόριον. </p>
			</div>
			<div type="section" n="38">
				<p>Διονυσόδωρος δὲ οὔ φησιν ἀδικεῖν διʼ αὐτὸ τοῦτο· οὐ γὰρ δεῖν αὑτὸν ἀποδοῦναι
					πάντας τοὺς τόκους, ἐπειδὴ ἡ ναῦς οὐ κατέπλευσεν εἰς τὸν Πειραιᾶ. ἡ δὲ συγγραφὴ
					τί λέγει; οὐ μὰ Δίʼ οὐ ταῦτα ἃ σὺ λέγεις, ὦ Διονυσόδωρε· ἀλλʼ ἐὰν μὴ ἀποδῷς τὸ
					δάνειον καὶ τοὺς τόκους ἢ μὴ παράσχῃς τὰ ὑποκείμενα ἐμφανῆ καὶ ἀνέπαφα, ἢ ἄλλο
					τι παρὰ τὴν συγγραφὴν ποιήσῃς, ἀποτίνειν κελεύει σε διπλάσια τὰ χρήματα. καί μοι
					λέγε αὐτὸ τοῦτο τῆς συγγραφῆς.<quote n="*suggrafh/"
							><title>Συγγραφή</title><p>ἐὰν δὲ <gap/> μὴ παράσχωσι τὰ ὑποκείμενα
							ἐμφανῆ καὶ ἀνέπαφα, ἢ ποιήσωσίν τι παρὰ τὴν συγγραφήν, ἀποδιδότωσαν
							διπλάσια τὰ χρήματα.</p></quote>
				</p>
			</div>
			<div type="section" n="39">
				<p>ἔστιν οὖν ὅποι παρέσχηκας ἐμφανῆ τὴν ναῦν, ἀφʼ οὗ τὰ χρήματα ἔλαβες παρʼ ἡμῶν,
					ὁμολογῶν σῶν εἶναι αὐτός; ἢ καταπέπλευκας ἐξ ἐκείνου τοῦ χρόνου εἰς τὸ Ἀθηναίων
					ἐμπόριον, τῆς συγγραφῆς διαρρήδην λεγούσης εἰς τὸν Πειραιᾶ κατάγειν τὴν ναῦν καὶ
					ἐμφανῆ παρέχειν τοῖς δανείσασιν; </p>
			</div>
			<div type="section" n="40">
				<p>καὶ γὰρ τοῦτο, ἄνδρες Ἀθηναῖοι. θεάσασθε τὴν ὑπερβολήν. ἐρράγη ἡ ναῦς, ὥς φησιν
					οὗτος, καὶ διὰ τοῦτʼ εἰς Ῥόδον κατήγαγεν αὐτήν. οὐκοῦν τὸ μετὰ τοῦτο ἐπεσκευάσθη
					καὶ πλόϊμος ἐγένετο. διὰ τί οὖν, ὦ βέλτιστε, εἰς μὲν τὴν Αἴγυπτον καὶ τἄλλα
					ἐμπόρια ἀπέστελλες αὐτήν, Ἀθήναζε δὲ οὐκ ἀπέσταλκας οὐδέπω καὶ νῦν πρὸς ἡμᾶς
					τοὺς δανείσαντας, οἷς ἡ συγγραφὴ κελεύει σε ἐμφανῆ καὶ ἀνέπαφον τὴν ναῦν
					παρέχειν, καὶ ταῦτʼ ἀξιούντων ἡμῶν καὶ προκαλεσαμένων σε πολλάκις; </p>
			</div>
			<div type="section" n="41">
				<p>ἀλλʼ οὕτως ἀνδρεῖος εἶ, μᾶλλον δὲ ἀναίσχυντος, ὥστʼ ἐκ τῆς συγγραφῆς ὀφείλων ἡμῖν
					διπλάσια τὰ χρήματα, οὐκ οἴει δεῖν οὐδὲ τοὺς τόκους τοὺς γιγνομένους ἀποδοῦναι,
					ἀλλὰ τοὺς εἰς Ῥόδον προστάττεις ἀπολαβεῖν, ὥσπερ τὸ σὸν πρόσταγμα τῆς συγγραφῆς
					δέον κυριώτερον γενέσθαι, καὶ τολμᾷς λέγειν ὡς οὐκ ἐσώθη ἡ ναῦς εἰς τὸν Πειραιᾶ·
					ἐφʼ ᾧ δικαίως ἂν ἀποθάνοις ὑπὸ τῶν δικαστῶν. </p>
			</div>
			<div type="section" n="42">
				<p>διὰ τίνα γὰρ μᾶλλον, ὦ ἄνδρες δικασταί, οὐ σέσῳσται ἡ ναῦς εἰς τὸν Πειραιᾶ;
					πότερον διʼ ἡμᾶς τοὺς διαρρήδην δανείσαντας εἰς Αἴγυπτον καὶ εἰς Ἀθήνας, ἢ διὰ
					τοῦτον καὶ τὸν κοινωνὸν αὐτοῦ, οἳ ἐπὶ ταύταις ταῖς ὁμολογίαις δανεισάμενοι, ἐφʼ
					ᾧ τε καταπλεῖν Ἀθήναζε, εἰς Ῥόδον κατήγαγον τὴν ναῦν; ὅτι δὲ ἑκόντες καὶ οὐκ ἐξ
					ἀνάγκης ταῦτʼ ἔπραξαν, ἐκ πολλῶν δῆλον. </p>
			</div>
			<div type="section" n="43">
				<p>εἰ γὰρ ὡς ἀληθῶς ἀκούσιον τὸ συμβὰν ἐγένετο καὶ ἡ ναῦς ἐρράγη, τὸ μετὰ τοῦτʼ
					ἐπειδὴ ἐπεσκεύασαν τὴν ναῦν, οὐκ ἂν εἰς ἕτερα δήπου ἐμπόρια ἐμίσθωσαν αὐτήν,
					ἀλλʼ ὡς ὑμᾶς ἀπέστελλον, ἐπανορθούμενοι τὸ ἀκούσιον σύμπτωμα. νῦν δʼ οὐχ ὅπως
					ἐπηνωρθώσαντο, ἀλλὰ πρὸς τοῖς ἐξ ἀρχῆς ἀδικήμασι πολλῷ μείζω προσεξημαρτήκασιν,
					καὶ ὥσπερ ἐπὶ καταγέλωτι ἀντιδικοῦντες εἰσεληλύθασιν, ὡς ἐπʼ αὐτοῖς ἐσόμενον,
					ἐὰν καταψηφίσησθε αὐτῶν, τὰ ἀρχαῖα μόνον ἀποδοῦναι καὶ τοὺς τόκους. </p>
			</div>
			<div type="section" n="44">
				<p>ὑμεῖς οὖν, ὦ ἄνδρες Ἀθηναῖοι, μὴ ἐπιτρέπετε τούτοις οὕτως ἔχουσιν, μηδʼ ἐπὶ δυοῖν
					ἀγκύραιν ὁρμεῖν αὐτοὺς ἐᾶτε, ὡς, ἐὰν μὲν κατορθώσωσι, τἀλλότρια ἕξοντας, ἐὰν δὲ
					μὴ δύνωνται ἐξαπατῆσαι ὑμᾶς, αὐτὰ τὰ ὀφειλόμενα ἀποδώσοντας· ἀλλὰ τοῖς
					ἐπιτιμίοις ζημιοῦτε τοῖς ἐκ τῆς συγγραφῆς. καὶ γὰρ ἂν δεινὸν εἴη, αὐτοὺς μὲν
					τούτους διπλασίαν καθʼ αὑτῶν τὴν ζημίαν γράψασθαι, ἐάν τι παραβαίνωσι τῶν ἐν τῇ
					συγγραφῇ, ὑμᾶς δʼ ἠπιωτέρως ἔχειν πρὸς αὐτούς, καὶ ταῦτα οὐχ ἧττον ἡμῶν
					συνηδικημένους. </p>
			</div>
			<div type="section" n="45">
				<p>τὰ μὲν οὖν περὶ τοῦ πράγματος δίκαια βραχέα ἐστὶ καὶ εὐμνημόνευτα. ἐδανείσαμεν
					Διονυσοδώρῳ τουτῳὶ καὶ τῷ κοινωνῷ αὐτοῦ τρισχιλίας δραχμὰς Ἀθήνηθεν εἰς Αἴγυπτον
					καὶ ἐξ Αἰγύπτου Ἀθήναζε· οὐκ ἀπειλήφαμεν τὰ χρήματα οὐδὲ τοὺς τόκους, ἀλλʼ
					ἔχουσι τὰ ἡμέτερα καὶ χρῶνται δεύτερον ἔτος· οὐ κατακεκομίκασιν τὴν ναῦν εἰς τὸ
					ὑμέτερον ἐμπόριον οὐδέπω καὶ νῦν, οὐδʼ ἡμῖν παρεσχήκασιν ἐμφανῆ· ἡ δὲ συγγραφὴ
					κελεύει, ἐὰν μὴ παρέχωσιν ἐμφανῆ τὴν ναῦν, ἀποτίνειν αὐτοὺς διπλάσια τὰ χρήματα,
					τὴν δὲ πρᾶξιν εἶναι καὶ ἐξ ἑνὸς καὶ ἐξ ἀμφοῖν. </p>
			</div>
			<div type="section" n="46">
				<p>ταῦτʼ ἔχοντες τὰ δίκαια εἰσεληλύθαμεν πρὸς ὑμᾶς, ἀξιοῦντες τὰ ἡμέτερα αὐτῶν
					ἀπολαβεῖν διʼ ὑμῶν, ἐπειδὴ παρʼ αὐτῶν τούτων οὐ δυνάμεθα. ὁ μὲν παρʼ ἡμῶν λόγος
					οὗτός ἐστιν. οὗτοι δὲ δανείσασθαι μὲν ὁμολογοῦσιν καὶ μὴ ἀποδεδωκέναι,
					διαφέρονται δὲ ὡς οὐ δεῖ τελεῖν αὐτοὺς τοὺς τόκους τοὺς ἐν τῇ συγγραφῇ, ἀλλὰ
					τοὺς εἰς Ῥόδον, οὓς οὔτε συνεγράψαντο οὔτε ἔπεισαν ἡμᾶς. εἰ μὲν οὖν, ὦ ἄνδρες
					Ἀθηναῖοι, </p>
			</div>
			<div type="section" n="47">
				<p>ἐν τῷ Ῥοδίων δικαστηρίῳ ἐκρινόμεθα, ἴσως ἂν οὗτοι ἐπλεονέκτουν ἡμῶν,
					σεσιτηγηκότες πρὸς αὐτοὺς καὶ καταπεπλευκότες τῇ νηὶ εἰς τὸ ἐκείνων ἐμπόριον·
					νῦν δὲ εἰς Ἀθηναίους εἰσεληλυθότες καὶ συγγραψάμενοι εἰς τὸ ὑμέτερον ἐμπόριον,
					οὐκ ἀξιοῦμεν ἐλαττωθῆναι ὑπὸ τῶν καὶ ἡμᾶς καὶ ὑμᾶς ἠδικηκότων.</p>
			</div>
			<div type="section" n="48">
				<p>χωρὶς δὲ τούτων, ἄνδρες Ἀθηναῖοι, μὴ ἀγνοεῖτε, ὅτι νυνὶ μίαν δίκην δικάζοντες
					νομοθετεῖτε ὑπὲρ ὅλου τοῦ ἐμπορίου, καὶ παρεστᾶσι πολλοὶ τῶν κατὰ θάλατταν
					ἐργάζεσθαι προαιρουμένων ὑμᾶς θεωροῦντες, πῶς τὸ πρᾶγμα τουτὶ κρίνετε. εἰ μὲν
					γὰρ ὑμεῖς τὰς συγγραφὰς καὶ τὰς ὁμολογίας τὰς πρὸς ἀλλήλους γιγνομένας ἰσχυρὰς
					οἴεσθε δεῖν εἶναι καὶ τοῖς παραβαίνουσιν αὐτὰς μηδεμίαν συγγνώμην ἕξετε,
					ἑτοιμότερον προήσονται τὰ ἑαυτῶν οἱ ἐπὶ τοῦ δανείζειν ὄντες, ἐκ δὲ τούτων
					αὐξηθήσεται ὑμῖν τὸ ἐμπόριον. </p>
			</div>
			<div type="section" n="49">
				<p>εἰ μέντοι ἐξέσται τοῖς ναυκλήροις, συγγραφὴν γραψαμένοις ἐφʼ ᾧ τε καταπλεῖν εἰς
					Ἀθήνας, ἔπειτα κατάγειν τὴν ναῦν εἰς ἕτερα ἐμπόρια, φάσκοντας ῥαγῆναι καὶ
					τοιαύτας προφάσεις ποριζομένους οἵαισπερ καὶ Διονυσόδωρος οὑτοσὶ χρῆται, καὶ
					τοὺς τόκους μερίζειν πρὸς τὸν πλοῦν ὃν ἂν φήσωσιν πεπλευκέναι, καὶ μὴ πρὸς τὴν
					συγγραφήν, οὐδὲν κωλύσει ἅπαντα τὰ συμβόλαια διαλύεσθαι. </p>
			</div>
			<div type="section" n="50">
				<p>τίς γὰρ ἐθελήσει τὰ ἑαυτοῦ προέσθαι, ὅταν ὁρᾷ τὰς μὲν συγγραφὰς ἀκύρους,
					ἰσχύοντας δὲ τοὺς τοιούτους λόγους, καὶ τὰς αἰτίας τῶν ἠδικηκότων ἔμπροσθεν
					οὔσας τοῦ δικαίου; μηδαμῶς, ὦ ἄνδρες δικασταί· οὔτε γὰρ τῷ πλήθει τῷ ὑμετέρῳ
					συμφέρει τοῦτο οὔτε τοῖς ἐργάζεσθαι προῃρημένοις, οἵπερ χρησιμώτατοί εἰσιν καὶ
					κοινῇ πᾶσιν ὑμῖν καὶ ἰδίᾳ τῷ ἐντυγχάνοντι. διόπερ δεῖ ὑμᾶς αὐτῶν ἐπιμέλειαν
					ποιεῖσθαι.</p>
				<p>ἐγὼ μὲν οὖν ὅσαπερ οἷός τʼ ἦν, εἴρηκα· ἀξιῶ δὲ καὶ τῶν φίλων μοί τινα συνειπεῖν.
					δεῦρο Δημόσθενες.</p>
			</div>
		</body>
	</text>
</TEI>
