<?xml version="1.0" encoding="UTF-8"?>
<TEI xmlns="http://www.tei-c.org/ns/1.0">
	<teiHeader>

		<fileDesc>

			<titleStmt>
				<title>On the Peace </title>
				<author>Demosthenes</author>
				<sponsor>Perseus Project, Tufts University</sponsor>
				<principal>Gregory Crane</principal>
				<respStmt>
					<resp>Prepared under the supervision of</resp>
					<name>Lisa Cerrato</name>
					<name>William Merrill</name>
					<name>Elli Mylonas</name>
					<name>David Smith</name>
				</respStmt>
				<funder n="org:AnnCPB">The Annenberg CPB/Project</funder>

			</titleStmt>
			<publicationStmt>
				<publisher>Trustees of Tufts University</publisher>
				<pubPlace>Medford, MA</pubPlace>
				<authority>Perseus Project</authority>
			</publicationStmt>





			<sourceDesc>
				<biblStruct>
					<monogr>
						<author>Demosthenes</author>
						<title>Demosthenis.Orationes. ed. S. H. Butcher</title>

						<imprint>
							<publisher>Clarendon Press, Oxford</publisher>
							<date>1903</date>
						</imprint>
					</monogr>
				</biblStruct>
			</sourceDesc>


		</fileDesc>

		<encodingDesc>

			<refsDecl>
				<refState unit="speech"/>
				<refState unit="section"/>
			</refsDecl>
		</encodingDesc>
		<profileDesc>
			<langUsage>
				<language ident="greek">Greek </language>
				<language ident="en">English </language>
			</langUsage>
		</profileDesc>

		<revisionDesc>
			<!--
<change>
<date>3/31/92</date><respStmt><name>W. Merrill</name><resp>(n/a)</resp></respStmt><item>Removed caps from non-proper nouns at beginnings of sections and paragraphs, Demosthenes 1-64.</item>
</change>
<change>
<date>6/2/92</date><respStmt><name>David Smith</name><resp>(n/a)</resp></respStmt><item>fixed corrupt passage in 7.33-34, took out line-break hyphens, inserted quotedtext tag around verse</item>
</change>
<change><date>July 2014</date>
    <respStmt><name>Stella Dee</name><resp>ed.</resp></respStmt>
    <item>split composite text and converted to unicode</item>
      </change>-->
			<change when="2014-08-01" who="Stella Dee">edited markup</change>
		</revisionDesc>

	</teiHeader>
	<text xml:lang="grc">
		<body>

			<div n="1" type="section">
				<p>ὁρῶ μέν, ὦ ἄνδρες Ἀθηναῖοι, τὰ παρόντα πράγματα πολλὴν δυσκολίαν ἔχοντα καὶ
					ταραχὴν οὐ μόνον τῷ πολλὰ προεῖσθαι καὶ μηδὲν εἶναι προὔργου περὶ αὐτῶν εὖ
					λέγειν, ἀλλὰ καὶ περὶ τῶν ὑπολοίπων κατὰ ταὐτὰ μηδὲ καθʼ ἓν τὸ συμφέρον πάντας
					ἡγεῖσθαι, ἀλλὰ τοῖς μὲν ὡδί, τοῖς δʼ ἑτέρως δοκεῖν. </p>
			</div>
			<div n="2" type="section">
				<p>δυσκόλου δʼ ὄντος φύσει καὶ χαλεποῦ τοῦ βουλεύεσθαι, ἔτι πολλῷ χαλεπώτερον ὑμεῖς
					αὐτὸ πεποιήκατʼ, ὦ ἄνδρες Ἀθηναῖοι· οἱ μὲν γὰρ ἄλλοι πάντες ἄνθρωποι πρὸ τῶν
					πραγμάτων εἰώθασι χρῆσθαι τῷ βουλεύεσθαι, ὑμεῖς δὲ μετὰ τὰ πράγματα. ἐκ δὲ
					τούτου συμβαίνει παρὰ πάντα τὸν χρόνον ὃν οἶδʼ ἐγώ, τὸν μὲν οἷς ἂν ἁμάρτητʼ
					ἐπιτιμῶντα εὐδοκιμεῖν καὶ δοκεῖν εὖ λέγειν, τὰ δὲ πράγματα καὶ περὶ ὧν
					βουλεύεσθʼ ἐκφεύγειν ὑμᾶς. </p>
			</div>
			<div n="3" type="section">
				<p>οὐ μὴν ἀλλὰ καίπερ τούτων οὕτως ἐχόντων οἴομαι καὶ πεπεικὼς ἐμαυτὸν ἀνέστηκα, ἂν
					ἐθελήσητε τοῦ θορυβεῖν καὶ φιλονικεῖν ἀποστάντες ἀκούειν, ὡς ὑπὲρ πόλεως
					βουλευομένοις καὶ τηλικούτων πραγμάτων προσήκει, ἕξειν καὶ λέγειν καὶ
					συμβουλεύειν διʼ ὧν καὶ τὰ παρόντʼ ἔσται βελτίω καὶ τὰ προειμένα σωθήσεται. </p>
			</div>
			<div n="4" type="section">
				<p>ἀκριβῶς δʼ εἰδώς, ὦ ἄνδρες Ἀθηναῖοι, τὸ λέγειν περὶ ὧν αὐτὸς εἶπέ τις καὶ περὶ
					αὑτοῦ παρʼ ὑμῖν ἀεὶ τῶν πάνυ λυσιτελούντων τοῖς τολμῶσιν ὄν, οὕτως ἡγοῦμαι
					φορτικὸν καὶ ἐπαχθὲς ὥστε ἀνάγκην οὖσαν ὁρῶν ὅμως ἀποκνῶ. νομίζω δʼ ἄμεινον ἂν
					ὑμᾶς περὶ ὧν νῦν ἐρῶ κρῖναι, μικρὰ τῶν πρότερόν ποτε ῥηθέντων ὑπʼ ἐμοῦ
					μνημονεύσαντες. </p>
			</div>
			<div n="5" type="section">
				<p>ἐγὼ γάρ, ὦ ἄνδρες Ἀθηναῖοι, πρῶτον μέν, ἡνίκʼ ἔπειθόν τινες ὑμᾶς, τῶν ἐν Εὐβοίᾳ
					πραγμάτων ταραττομένων, βοηθεῖν Πλουτάρχῳ καὶ πόλεμον ἄδοξον καὶ δαπανηρὸν
					ἄρασθαι, πρῶτος καὶ μόνος παρελθὼν ἀντεῖπον, καὶ μόνον οὐ διεσπάσθην ὑπὸ τῶν ἐπὶ
					μικροῖς λήμμασιν πολλὰ καὶ μεγάλʼ ὑμᾶς ἁμαρτάνειν πεισάντων· καὶ χρόνου βραχέος
					διελθόντος, μετὰ τοῦ προσοφλεῖν αἰσχύνην καὶ παθεῖν οἷα τῶν ὄντων ἀνθρώπων
					οὐδένες πώποτε πεπόνθασʼ ὑπὸ τούτων οἷς ἐβοήθησαν, πάντες ὑμεῖς ἔγνωτε τήν τε
					τῶν τότε ταῦτα πεισάντων κακίαν καὶ τὰ βέλτιστʼ εἰρηκότʼ ἐμέ. </p>
			</div>
			<div n="6" type="section">
				<p>πάλιν τοίνυν, ὦ ἄνδρες Ἀθηναῖοι, κατιδὼν Νεοπτόλεμον τὸν ὑποκριτὴν τῷ μὲν τῆς
					τέχνης προσχήματι τυγχάνοντʼ ἀδείας, κακὰ δʼ ἐργαζόμενον τὰ μέγιστα τὴν πόλιν
					καὶ τὰ παρʼ ὑμῶν διοικοῦντα Φιλίππῳ καὶ πρυτανεύοντα, παρελθὼν εἶπον εἰς ὑμᾶς,
					οὐδεμιᾶς ἰδίας οὔτʼ ἔχθρας οὔτε συκοφαντίας ἕνεκα, ὡς ἐκ τῶν μετὰ ταῦτʼ ἔργων
					γέγονεν δῆλον. </p>
			</div>
			<div n="7" type="section">
				<p>καὶ οὐκέτʼ ἐν τούτοις αἰτιάσομαι τοὺς ὑπὲρ Νεοπτολέμου λέγοντας (οὐδὲ εἷς γὰρ
					ἦν), ἀλλʼ αὐτοὺς ὑμᾶς· εἰ γὰρ ἐν Διονύσου τραγῳδοὺς ἐθεᾶσθε, ἀλλὰ μὴ περὶ
					σωτηρίας καὶ κοινῶν πραγμάτων ἦν ὁ λόγος, οὐκ ἂν οὕτως οὔτʼ ἐκείνου πρὸς χάριν
					οὔτʼ ἐμοῦ πρὸς ἀπέχθειαν ἠκούσατε. </p>
			</div>
			<div n="8" type="section">
				<p>καίτοι τοῦτό γʼ ὑμᾶς οἶμαι νῦν ἅπαντας ᾐσθῆσθαι, ὅτι τὴν τότʼ ἄφιξιν εἰς τοὺς
					πολεμίους ποιησάμενος ὑπὲρ τοῦ τἀκεῖ χρήματʼ ὀφειλόμενʼ, ὡς ἔφη, κομίσας δεῦρο
					λῃτουργεῖν, καὶ τούτῳ τῷ λόγῳ πλείστῳ χρησάμενος, ὡς δεινὸν εἴ τις ἐγκαλεῖ τοῖς
					ἐκεῖθεν ἐνθάδε τὰς εὐπορίας ἄγουσιν, ἐπειδὴ διὰ τὴν εἰρήνην ἀδείας ἔτυχεν, ἣν
					ἐνθάδʼ ἐκέκτητʼ οὐσίαν φανεράν, ταύτην ἐξαργυρίσας πρὸς ἐκεῖνον ἀπάγων οἴχεται.
				</p>
			</div>
			<div n="9" type="section">
				<p>δύο μὲν δὴ ταῦθʼ ὧν προεῖπον ἐγὼ μαρτυρεῖ τοῖς γεγενημένοις λόγοις ὀρθῶς καὶ
					δικαίως, οἷά περ ἦν, ἀποφανθένθʼ ὑπʼ ἐμοῦ· τὸ τρίτον δʼ, ὦ ἄνδρες Ἀθηναῖοι, (καὶ
					μόνον ἓν τοῦτʼ εἰπὼν ἔτι καὶ δὴ περὶ ὧν παρελήλυθʼ ἐρῶ,) ἡνίκα τοὺς ὅρκους τοὺς
					περὶ τῆς εἰρήνης ἀπειληφότες ἥκομεν οἱ πρέσβεις, </p>
			</div>
			<div n="10" type="section">
				<p>τότε Θεσπιάς τινων καὶ Πλαταιὰς ὑπισχνουμένων οἰκισθήσεσθαι, καὶ τοὺς μὲν Φωκέας
					τὸν Φίλιππον, ἂν γένηται κύριος, σώσειν, τὴν δὲ Θηβαίων πόλιν διοικιεῖν, καὶ τὸν
					Ὠρωπὸν ὑμῖν ὑπάρξειν, καὶ τὴν Εὔβοιαν ἀντʼ Ἀμφιπόλεως ἀποδοθήσεσθαι, καὶ
					τοιαύτας ἐλπίδας καὶ φενακισμούς, οἷς ὑπαχθέντες ὑμεῖς οὔτε συμφόρως οὔτʼ ἴσως
					καλῶς προεῖσθε Φωκέας, οὐδὲν τούτων οὔτʼ ἐξαπατήσας οὔτε σιγήσας ἐγὼ φανήσομαι,
					ἀλλὰ προειπὼν ὑμῖν, ὡς οἶδʼ ὅτι μνημονεύετε, ὅτι ταῦτʼ οὔτʼ οἶδα οὔτε προσδοκῶ,
					νομίζω δὲ τὸν λέγοντα ληρεῖν. </p>
			</div>
			<div n="11" type="section">
				<p>ταῦτα τοίνυν ἅπανθʼ, ὅσα φαίνομαι βέλτιον τῶν ἄλλων προορῶν, οὐδʼ εἰς μίαν, ὦ
					ἄνδρες Ἀθηναῖοι, οὔτε δεινότητʼ οὔτʼ ἀλαζονείαν ἐπανοίσω, οὐδὲ προσποιήσομαι διʼ
					οὐδὲν ἄλλο γιγνώσκειν καὶ προαισθάνεσθαι πλὴν διʼ ἃν ὑμῖν εἴπω, δύο· ἓν μέν, ὦ
					ἄνδρες Ἀθηναῖοι, διʼ εὐτυχίαν, ἣν συμπάσης ἐγὼ τῆς ἐν ἀνθρώποις οὔσης δεινότητος
					καὶ σοφίας ὁρῶ κρατοῦσαν· </p>
			</div>
			<div n="12" type="section">
				<p>ἕτερον δέ, προῖκα τὰ πράγματα κρίνω καὶ λογίζομαι, καὶ οὐδὲν λῆμμʼ ἂν οὐδεὶς ἔχοι
					πρὸς οἷς ἐγὼ πεπολίτευμαι καὶ λέγω δεῖξαι προσηρτημένον. ὀρθὸν οὖν, ὅ τι ἄν ποτʼ
					ἀπʼ αὐτῶν ὑπάρχῃ τῶν πραγμάτων, τὸ συμφέρον φαίνεταί μοι. ὅταν δʼ ἐπὶ θάτερʼ
					ὥσπερ εἰς τρυτάνην ἀργύριον προσενέγκῃς, οἴχεται φέρον καὶ καθείλκυκε τὸν
					λογισμὸν ἐφʼ αὑτό, καὶ οὐκ ἂν ἔτʼ ὀρθῶς οὐδʼ ὑγιῶς ὁ τοῦτο ποιήσας περὶ οὐδενὸς
					λογίσαιτο. </p>
			</div>
			<div n="13" type="section">
				<p>ἓν μὲν οὖν ἔγωγε πρῶτον ὑπάρχειν φημὶ δεῖν, ὅπως, εἴτε συμμάχους εἴτε σύνταξιν
					εἴτʼ ἄλλο τι βούλεταί τις κατασκευάζειν τῇ πόλει, τὴν ὑπάρχουσαν εἰρήνην μὴ λύων
					τοῦτο ποιήσει, οὐχ ὡς θαυμαστὴν οὐδʼ ὡς ἀξίαν οὖσαν ὑμῶν· ἀλλʼ ὁποία τίς ποτʼ
					ἐστὶν αὕτη, μὴ γενέσθαι μᾶλλον εἶχε τοῖς πράγμασι καιρὸν ἢ γεγενημένη νῦν διʼ
					ἡμᾶς λυθῆναι· πολλὰ γὰρ προείμεθα, ὧν ὑπαρχόντων τότʼ ἂν ἢ νῦν ἀσφαλέστερος καὶ
					ῥᾴων ἦν ἡμῖν ὁ πόλεμος. </p>
			</div>
			<div n="14" type="section">
				<p>δεύτερον δʼ, ὁρᾶν ὅπως μὴ προαξόμεθʼ, ὦ ἄνδρες Ἀθηναῖοι, τοὺς συνεληλυθότας
					τούτους καὶ φάσκοντας Ἀμφικτύονας νῦν εἶναι εἰς ἀνάγκην καὶ πρόφασιν κοινοῦ
					πολέμου πρὸς ἡμᾶς. ἐγὼ γάρ, εἰ γένοιθʼ ἡμῖν πρὸς Φίλιππον πάλιν πόλεμος διʼ
					Ἀμφίπολιν ἤ τι τοιοῦτον ἔγκλημʼ ἴδιον, οὗ μὴ μετέχουσι Θετταλοὶ μηδʼ Ἀργεῖοι
					μηδὲ Θηβαῖοι, οὐκ ἂν ἡμῖν οἴομαι τούτων οὐδένας πολεμῆσαι, </p>
			</div>
			<div n="15" type="section">
				<p>καὶ πάντων ἥκιστα (καί μοι μὴ θορυβήσῃ μηδεὶς πρὶν ἀκοῦσαι) Θηβαίους, οὐχ ὡς
					ἡδέως ἔχουσιν ἡμῖν, οὐδʼ ὡς οὐκ ἂν χαρίζοιντο Φιλίππῳ, ἀλλʼ ἴσασιν ἀκριβῶς, εἰ
					καὶ πάνυ φησί τις αὐτοὺς ἀναισθήτους εἶναι, ὅτι, εἰ γενήσεται πόλεμος πρὸς ὑμᾶς
					αὐτοῖς, τὰ μὲν κακὰ πάνθʼ ἕξουσιν αὐτοί, τοῖς δʼ ἀγαθοῖς ἐφεδρεύων ἕτερος
					καθεδεῖται. οὔκουν προοῖντʼ ἂν αὑτοὺς εἰς τοῦτο, μὴ κοινῆς τῆς ἀρχῆς καὶ τῆς
					αἰτίας οὔσης τοῦ πολέμου. </p>
			</div>
			<div n="16" type="section">
				<p>οὐδέ γʼ εἰ πάλιν πρὸς τοὺς Θηβαίους πολεμήσαιμεν διʼ Ὠρωπὸν ἤ τι τῶν ἰδίων, οὐδὲν
					ἂν ἡμᾶς παθεῖν ἡγοῦμαι· καὶ γὰρ ἡμῖν κἀκείνοις τοὺς βοηθοῦντας ἂν οἶμαι, εἰς τὴν
					οἰκείαν εἴ τις ἐμβάλοι, βοηθεῖν, οὐ συνεπιστρατεύσειν οὐδετέροις. καὶ γὰρ αἱ
					συμμαχίαι τοῦτον ἔχουσι τὸν τρόπον, ὧν καὶ φροντίσειεν ἄν τις, καὶ τὸ πρᾶγμα
					φύσει τοιοῦτόν ἐστιν· </p>
			</div>
			<div n="17" type="section">
				<p>οὐκ ἄχρι τῆς ἴσης ἕκαστός ἐστιν εὔνους οὔθʼ ἡμῖν οὔτε Θηβαίοις, σῶς τʼ εἶναι καὶ
					κρατεῖν τῶν ἄλλων, ἀλλὰ σῶς μὲν εἶναι πάντες ἂν βούλοινθʼ ἕνεχʼ αὑτῶν,
					κρατήσαντας δὲ τοὺς ἑτέρους δεσπότας ὑπάρχειν αὑτῶν οὐδὲ εἷς. τί οὖν ἡγοῦμαι
					φοβερὸν καὶ τί φυλάξασθαι δεῖν ἡμᾶς; μὴ κοινὴν πρόφασιν καὶ κοινὸν ἔγκλημʼ ὁ
					μέλλων πόλεμος πρὸς ἅπαντας λάβῃ. </p>
			</div>
			<div n="18" type="section">
				<p>εἰ γὰρ Ἀργεῖοι μὲν καὶ Μεσσήνιοι καὶ Μεγαλοπολῖται καί τινες τῶν λοιπῶν
					Πελοποννησίων, ὅσοι ταὐτὰ τούτοις φρονοῦσι, διὰ τὴν πρὸς Λακεδαιμονίους ἡμῖν
					ἐπικηρυκείαν ἐχθρῶς σχήσουσι καὶ τὸ δοκεῖν ἐκδέχεσθαί τι τῶν ἐκείνοις
					πεπραγμένων, Θηβαῖοι δʼ ἔχουσι μέν, ὡς λέγουσιν, ἀπεχθῶς, ἔτι δʼ ἐχθροτέρως
					σχήσουσιν, ὅτι τοὺς παρʼ ἐκείνων φεύγοντας σῴζομεν καὶ πάντα τρόπον τὴν
					δυσμένειαν ἐνδεικνύμεθʼ αὐτοῖς, </p>
			</div>
			<div n="19" type="section">
				<p> Θετταλοὶ δʼ, ὅτι τοὺς Φωκέων φυγάδας σῴζομεν, Φίλιππος δʼ, ὅτι κωλύομεν αὐτὸν
					κοινωνεῖν τῆς ἀμφικτυονίας, φοβοῦμαι μὴ πάντες περὶ τῶν ἰδίων ἕκαστος
					ὀργιζόμενος κοινὸν ἐφʼ ἡμᾶς ἀγάγωσι τὸν πόλεμον, τὰ τῶν Ἀμφικτυόνων δόγματα
					προστησάμενοι, εἶτʼ ἐπισπασθῶσιν ἕκαστοι πέρα τοῦ συμφέροντος ἑαυτοῖς <del>ἡμῖν
						πολεμῆσαι</del>, ὥσπερ καὶ περὶ Φωκέας. </p>
			</div>
			<div n="20" type="section">
				<p>ἴστε γὰρ δήπου τοῦθʼ ὅτι νῦν Θηβαῖοι καὶ Φίλιππος καὶ Θετταλοί, οὐχὶ ταὔθʼ
					ἕκαστοι μάλιστʼ ἐσπουδακότες, ταὐτὰ πάντες ἔπραξαν· οἷον Θηβαῖοι τὸν μὲν
					Φίλιππον παρελθεῖν καὶ λαβεῖν τὰς παρόδους οὐκ ἐδύναντο κωλῦσαι, οὐδέ γε τῶν
					αὑτοῖς πεπονημένων ὕστατον ἐλθόντα τὴν δόξαν ἔχειν· </p>
			</div>
			<div n="21" type="section">
				<p>νυνὶ γὰρ Θηβαίοις πρὸς μὲν τὸ τὴν χώραν κεκομίσθαι πέπρακταί τι, πρὸς δὲ τιμὴν
					καὶ δόξαν αἴσχιστα· εἰ γὰρ μὴ παρῆλθε Φίλιππος, οὐδὲν ἂν αὐτοῖς κέρδος εἶναι.
					ταῦτα δʼ οὐκ ἐβούλοντο, ἀλλὰ τῷ τὸν Ὀρχομενὸν καὶ τὴν Κορώνειαν λαβεῖν
					ἐπιθυμεῖν, μὴ δύνασθαι δέ, πάντα ταῦθʼ ὑπέμειναν. </p>
			</div>
			<div n="22" type="section">
				<p>Φίλιππον τοίνυν τινὲς μὲν δήπου τολμῶσι λέγειν ὡς οὐδʼ ἐβούλετο Θηβαίοις
					Ὀρχομενὸν καὶ Κορώνειαν παραδοῦναι, ἀλλʼ ἠναγκάσθη· ἐγὼ δὲ τούτοις μὲν ἐρρῶσθαι
					λέγω, ἐκεῖνο δʼ οἶδʼ, ὅτι οὐ μᾶλλόν γε ταῦτʼ ἔμελʼ αὐτῷ ἢ τὰς παρόδους λαβεῖν
					ἐβούλετο καὶ τὴν δόξαν τοῦ πολέμου τοῦ δοκεῖν διʼ αὑτὸν κρίσιν εἰληφέναι, καὶ τὰ
					Πύθια θεῖναι διʼ αὑτοῦ, καὶ ταῦτʼ ἦν ὧν μάλιστʼ ἐγλίχετο. </p>
			</div>
			<div n="23" type="section">
				<p>Θετταλοὶ δέ γʼ οὐδέτερʼ ἐβούλοντο τούτων, οὔτε Θηβαίους οὔτε τὸν Φίλιππον μέγαν
					γίγνεσθαι (ταῦτα γὰρ πάντʼ ἐφʼ ἑαυτοὺς ἡγοῦντο), τῆς πυλαίας δʼ ἐπεθύμουν καὶ
					τῶν ἐν Δελφοῖς, πλεονεκτημάτων δυοῖν, κύριοι γενέσθαι· τῷ δὲ τούτων γλίχεσθαι
					τάδε συγκατέπραξαν. τῶν τοίνυν ἰδίων ἕνεχʼ εὑρήσεθʼ ἕκαστον πολλὰ προηγμένον ὧν
					οὐδὲν ἐβούλετο πρᾶξαι. τοῦτο μέντοι, τοῦτʼ ἔστιν φυλακτέον ἡμῖν. </p>
			</div>
			<div n="24" type="section">
				<p>τὰ κελευόμενʼ ἡμᾶς ἄρα δεῖ ποιεῖν ταῦτα φοβουμένους; καὶ σὺ ταῦτα κελεύεις;
					πολλοῦ γε καὶ δέω. ἀλλʼ ὡς οὔτε πράξομεν οὐδὲν ἀνάξιον ἡμῶν αὐτῶν οὔτʼ ἔσται
					πόλεμος, νοῦν δὲ δόξομεν πᾶσιν ἔχειν καὶ τὰ δίκαια λέγειν, τοῦτʼ οἶμαι δεῖν
					ποιεῖν. πρὸς δὲ τοὺς θρασέως ὁτιοῦν οἰομένους ὑπομεῖναι δεῖν καὶ μὴ προορωμένους
					τὸν πόλεμον, ἐκεῖνα βούλομαι λογίσασθαι. ἡμεῖς Θηβαίους ἐῶμεν ἔχειν Ὠρωπόν· καὶ
					εἴ τις ἔροιθʼ ἡμᾶς, κελεύσας εἰπεῖν τἀληθῆ, διὰ τί; ἵνα μὴ πολεμῶμεν, φαῖμεν ἄν.
				</p>
			</div>
			<div n="25" type="section">
				<p> καὶ Φιλίππῳ νυνὶ κατὰ τὰς συνθήκας Ἀμφιπόλεως παρακεχωρήκαμεν, καὶ Καρδιανοὺς
					ἐῶμεν ἔξω Χερρονησιτῶν τῶν ἄλλων τετάχθαι, καὶ τὸν Κᾶρα τὰς νήσους
					καταλαμβάνειν, Χίον καὶ Κῶν καὶ Ῥόδον, καὶ Βυζαντίους κατάγειν τὰ πλοῖα, δῆλον
					ὅτι τὴν ἀπὸ τῆς εἰρήνης ἡσυχίαν πλειόνων ἀγαθῶν αἰτίαν εἶναι νομίζοντες ἢ τὸ
					προσκρούειν καὶ φιλονικεῖν περὶ τούτων. οὐκοῦν εὔηθες καὶ κομιδῇ σχέτλιον, πρὸς
					ἑκάστους καθʼ ἕνʼ οὕτω προσενηνεγμένους περὶ τῶν οἰκείων καὶ ἀναγκαιοτάτων, πρὸς
					πάντας περὶ τῆς ἐν Δελφοῖς σκιᾶς νυνὶ πολεμῆσαι. </p>
			</div>

		</body>
	</text>
</TEI>
