<?xml version="1.0" encoding="UTF-8"?>
<TEI xmlns="http://www.tei-c.org/ns/1.0">
	<teiHeader>

		<fileDesc>

			<titleStmt>
				<title>περὶ τῶν ἐν Χερρονήσῳ </title>
				<author>Demosthenes</author>
				<sponsor>Perseus Project, Tufts University</sponsor>
				<principal>Gregory Crane</principal>
				<respStmt>
					<resp>Prepared under the supervision of</resp>
					<name>Lisa Cerrato</name>
					<name>William Merrill</name>
					<name>Elli Mylonas</name>
					<name>David Smith</name>
				</respStmt>
				<funder n="org:AnnCPB">The Annenberg CPB/Project</funder>

			</titleStmt>
			<publicationStmt>
				<publisher>Trustees of Tufts University</publisher>
				<pubPlace>Medford, MA</pubPlace>
				<authority>Perseus Project</authority>
			</publicationStmt>





			<sourceDesc>
				<biblStruct>
					<monogr>
						<author>Demosthenes</author>
						<title>Demosthenis.Orationes. ed. S. H. Butcher</title>

						<imprint>
							<publisher>Clarendon Press, Oxford</publisher>
							<date>1903</date>
						</imprint>
					</monogr>
				</biblStruct>
			</sourceDesc>


		</fileDesc>

		<encodingDesc>

			<refsDecl>
				<refState unit="speech"/>
				<refState unit="section"/>
			</refsDecl>
		</encodingDesc>
		<profileDesc>
			<langUsage>
				<language ident="greek">Greek </language>
				<language ident="en">English </language>
			</langUsage>
		</profileDesc>

		<revisionDesc>
			<!--
<change>
<date>3/31/92</date><respStmt><name>W. Merrill</name><resp>(n/a)</resp></respStmt><item>Removed caps from non-proper nouns at beginnings of sections and paragraphs, Demosthenes 1-64.</item>
</change>
<change>
<date>6/2/92</date><respStmt><name>David Smith</name><resp>(n/a)</resp></respStmt><item>fixed corrupt passage in 7.33-34, took out line-break hyphens, inserted quotedtext tag around verse</item>
</change>
<change><date>July 2014</date>
    <respStmt><name>Stella Dee</name><resp>ed.</resp></respStmt>
    <item>split composite text and converted to unicode</item>
      </change>-->
			<change when="2014-08-01" who="Stella Dee">edited markup</change>
		</revisionDesc>

	</teiHeader>
	<text xml:lang="grc">
		<body>

			<div n="1" type="section">
				<p>ἔδει μέν, ὦ ἄνδρες Ἀθηναῖοι, τοὺς λέγοντας ἅπαντας μήτε πρὸς ἔχθραν ποιεῖσθαι
					λόγον μηδένα μήτε πρὸς χάριν, ἀλλʼ ὃ βέλτιστον ἕκαστος ἡγεῖτο, τοῦτʼ
					ἀποφαίνεσθαι, ἄλλως τε καὶ περὶ κοινῶν πραγμάτων καὶ μεγάλων ὑμῶν βουλευομένων·
					ἐπεὶ δʼ ἔνιοι τὰ μὲν φιλονικίᾳ, τὰ δʼ ᾑτινιδήποτʼ αἰτίᾳ προάγονται λέγειν, ὑμᾶς,
					ὦ ἄνδρες Ἀθηναῖοι, τοὺς πολλοὺς δεῖ πάντα τἄλλʼ ἀφελόντας, ἃ τῇ πόλει νομίζετε
					συμφέρειν, ταῦτα καὶ ψηφίζεσθαι καὶ πράττειν. </p>
			</div>
			<div n="2" type="section">
				<p>ἡ μὲν οὖν σπουδὴ περὶ τῶν ἐν Χερρονήσῳ πραγμάτων ἐστὶ καὶ τῆς στρατείας, ἣν
					ἑνδέκατον μῆνα τουτονὶ Φίλιππος ἐν Θρᾴκῃ ποιεῖται· τῶν δὲ λόγων οἱ πλεῖστοι περὶ
					ὧν Διοπείθης πράττει καὶ μέλλει ποιεῖν εἴρηνται. ἐγὼ δʼ ὅσα μέν τις αἰτιᾶταί
					τινα τούτων, οὓς κατὰ τοὺς νόμους ἐφʼ ὑμῖν ἐστιν, ὅταν βούλησθε, κολάζειν, κἂν
					ἤδη δοκῇ κἂν ἐπισχοῦσιν περὶ αὐτῶν σκοπεῖν ἐγχωρεῖν ἡγοῦμαι, καὶ οὐ πάνυ δεῖ
					περὶ τούτων οὔτʼ ἔμʼ οὔτʼ ἄλλον οὐδένʼ ἰσχυρίζεσθαι· </p>
			</div>
			<div n="3" type="section">
				<p>ὅσα δʼ ἐχθρὸς ὑπάρχων τῇ πόλει καὶ δυνάμει πολλῇ περὶ Ἑλλήσποντον ὢν πειρᾶται
					προλαβεῖν, κἂν ἅπαξ ὑστερήσωμεν, οὐκέθʼ ἕξομεν σῶσαι, περὶ τούτων δʼ οἴομαι τὴν
					ταχίστην συμφέρειν καὶ βεβουλεῦσθαι καὶ παρεσκευάσθαι, καὶ μὴ τοῖς περὶ τῶν
					ἄλλων θορύβοις καὶ ταῖς κατηγορίαις ἀπὸ τούτων ἀποδρᾶναι. </p>
			</div>
			<div n="4" type="section">
				<p>πολλὰ δὲ θαυμάζων τῶν εἰωθότων λέγεσθαι παρʼ ὑμῖν, οὐδενὸς ἧττον, ὦ ἄνδρες
					Ἀθηναῖοι, τεθαύμακα, ὃ καὶ πρώην τινὸς ἤκουσʼ εἰπόντος ἐν τῇ βουλῇ, ὡς ἄρα δεῖ
					τὸν συμβουλεύοντα ἢ πολεμεῖν ἁπλῶς ἢ τὴν εἰρήνην ἄγειν συμβουλεύειν. </p>
			</div>
			<div n="5" type="section">
				<p>†ἔστι δέ,† εἰ μὲν ἡσυχίαν Φίλιππος ἄγει καὶ μήτε τῶν ἡμετέρων ἔχει παρὰ τὴν
					εἰρήνην μηδὲν μήτε συσκευάζεται πάντας ἀνθρώπους ἐφʼ ἡμᾶς, οὐκέτι δεῖ λέγειν,
					ἀλλʼ ἁπλῶς εἰρήνην ἀκτέον, καὶ τά γʼ ἀφʼ ὑμῶν ἕτοιμʼ ὑπάρχονθʼ ὁρῶ· εἰ δʼ ἃ μὲν
					ὠμόσαμεν καὶ ἐφʼ οἷς τὴν εἰρήνην ἐποιησάμεθα, </p>
			</div>
			<div n="6" type="section">
				<p>ἔστιν ἰδεῖν καὶ γεγραμμένα κεῖται, φαίνεται δʼ ἀπʼ ἀρχῆς ὁ Φίλιππος, πρὶν
					Διοπείθην ἐκπλεῦσαι καὶ τοὺς κληρούχους, οὓς νῦν αἰτιῶνται πεποιηκέναι τὸν
					πόλεμον, πολλὰ μὲν τῶν ἡμετέρων ἀδίκως εἰληφώς, ὑπὲρ ὧν ψηφίσμαθʼ ὑμέτερʼ
					ἐγκαλοῦντα κύρια ταυτί, πάντα δὲ τὸν χρόνον συνεχῶς τὰ τῶν ἄλλων Ἑλλήνων καὶ
					βαρβάρων λαμβάνων καὶ ἐφʼ ἡμᾶς συσκευαζόμενος, τί τοῦτο λέγουσιν, ὡς πολεμεῖν ἢ
					ἄγειν εἰρήνην δεῖ; </p>
			</div>
			<div n="7" type="section">
				<p>οὐ γὰρ αἵρεσίς ἐστιν ἡμῖν τοῦ πράγματος, ἀλλʼ ὑπολείπεται τὸ δικαιότατον καὶ
					ἀναγκαιότατον τῶν ἔργων, ὃ ὑπερβαίνουσιν ἑκόντες οὗτοι. τί οὖν ἐστι τοῦτο;
					ἀμύνεσθαι τὸν πρότερον πολεμοῦνθʼ ἡμῖν. πλὴν εἰ τοῦτο λέγουσι νὴ Δίʼ, ὡς, ἂν
					ἀπέχηται τῆς Ἀττικῆς καὶ τοῦ Πειραιῶς Φίλιππος, οὔτʼ ἀδικεῖ τὴν πόλιν οὔτε ποιεῖ
					πόλεμον. </p>
			</div>
			<div n="8" type="section">
				<p>εἰ δʼ ἐκ τούτων τὰ δίκαια τίθενται καὶ τὴν εἰρήνην ταύτην ὁρίζονται, ὅτι μὲν
					δήπουθεν οὔθʼ ὅσιʼ οὔτʼ ἀνεκτὰ λέγουσιν οὔθʼ ὑμῖν ἀσφαλῆ, δῆλόν ἐστιν ἅπασιν, οὐ
					μὴν ἀλλʼ ἐναντία συμβαίνει ταῖς κατηγορίαις ἃς Διοπείθους κατηγοροῦσι καὶ αὐτὰ
					ταῦτα λέγειν αὐτούς. τί γὰρ δήποτε τῷ μὲν Φιλίππῳ πάντα τἄλλα ποιεῖν ἐξουσίαν
					δώσομεν, ἂν τῆς Ἀττικῆς ἀπέχηται, τῷ Διοπείθει δʼ οὐδὲ βοηθεῖν τοῖς Θρᾳξὶν
					ἐξέσται, ἢ πόλεμον ποιεῖν αὐτὸν φήσομεν; </p>
			</div>
			<div n="9" type="section">
				<p>ἀλλὰ νὴ Δία, ταῦτα μὲν ἐξελέγχονται, δεινὰ ποιοῦσι δʼ οἱ ξένοι περικόπτοντες τὰ
					ἐν Ἑλλησπόντῳ, καὶ Διοπείθης ἀδικεῖ κατάγων τὰ πλοῖα, καὶ δεῖ μὴ ἐπιτρέπειν
					αὐτῷ. ἔστω, γιγνέσθω ταῦτα, οὐδὲν ἀντιλέγω. οἶμαι μέντοι δεῖν, εἴπερ ὡς ἀληθῶς
					ἐπὶ πᾶσι δικαίοις ταῦτα συμβουλεύουσιν, </p>
			</div>
			<div n="10" type="section">
				<p>ὥσπερ τὴν ὑπάρχουσαν τῇ πόλει δύναμιν καταλῦσαι ζητοῦσι, τὸν ἐφεστηκότα καὶ
					πορίζοντα χρήματα ταύτῃ διαβάλλοντες ἐν ὑμῖν, οὕτω τὴν Φιλίππου δύναμιν δεῖξαι
					διαλυθησομένην, ἂν ὑμεῖς ταῦτα πεισθῆτε. εἰ δὲ μή, σκοπεῖθʼ ὅτι οὐδὲν ἄλλο
					ποιοῦσιν ἢ καθιστᾶσι τὴν πόλιν εἰς τὸν αὐτὸν τρόπον διʼ οὗ τὰ <del>παρόντα</del>
					πράγμαθʼ ἅπαντʼ ἀπολώλεκεν. </p>
			</div>
			<div n="11" type="section">
				<p>ἴστε γὰρ δήπου τοῦθʼ ὅτι οὐδενὶ τῶν πάντων πλέον κεκράτηκε Φίλιππος, ἢ τῷ
					πρότερος πρὸς τοῖς πράγμασι γίγνεσθαι. ὁ μὲν γὰρ ἔχων δύναμιν συνεστηκυῖαν ἀεὶ
					περὶ αὑτὸν καὶ προειδὼς ἃ βούλεται πρᾶξαι, ἐξαίφνης ἐφʼ οὓς ἂν αὐτῷ δόξῃ
					πάρεστιν· ἡμεῖς δʼ ἐπειδὰν πυθώμεθά τι γιγνόμενον, τηνικαῦτα θορυβούμεθα καὶ
					παρασκευαζόμεθα. </p>
			</div>
			<div n="12" type="section">
				<p>εἶτʼ, οἶμαι, συμβαίνει τῷ μὲν ἐφʼ ἃν ἔλθῃ, ταῦτʼ ἔχειν κατὰ πολλὴν ἡσυχίαν, ἡμῖν
					δʼ ὑστερίζειν, καὶ ὅσʼ ἂν δαπανήσωμεν, ἅπαντα μάτην ἀνηλωκέναι, καὶ τὴν μὲν
					ἔχθραν καὶ τὸ βούλεσθαι κωλύειν ἐνδεδεῖχθαι, ὑστερίζοντας δὲ τῶν ἔργων αἰσχύνην
					προσοφλισκάνειν. </p>
			</div>
			<div n="13" type="section">
				<p>μὴ τοίνυν ἀγνοεῖτʼ, ὦ ἄνδρες Ἀθηναῖοι, ὅτι καὶ τὰ νῦν τἄλλα μέν ἐστι λόγοι ταῦτα
					καὶ προφάσεις, πράττεται δὲ καὶ κατασκευάζεται τοῦτο, ὅπως ὑμῶν μὲν οἴκοι
					μενόντων, ἔξω δὲ μηδεμιᾶς οὔσης τῇ πόλει δυνάμεως, μετὰ πλείστης ἡσυχίας ἅπανθʼ
					ὅσα βούλεται Φίλιππος διοικήσεται. θεωρεῖτε γὰρ τὸ παρὸν πρῶτον, ὃ γίγνεται.
				</p>
			</div>
			<div n="14" type="section">
				<p>νυνὶ δύναμιν μεγάλην ἐκεῖνος ἔχων ἐν Θρᾴκῃ διατρίβει, καὶ μεταπέμπεται πολλήν, ὥς
					φασιν οἱ παρόντες, ἀπὸ Μακεδονίας καὶ Θετταλίας. ἐὰν οὖν περιμείνας τοὺς ἐτησίας
					ἐπὶ Βυζάντιον ἐλθὼν πολιορκῇ, πρῶτον μὲν οἴεσθε τοὺς Βυζαντίους μενεῖν ἐπὶ τῆς
					ἀνοίας τῆς αὐτῆς ὥσπερ νῦν, καὶ οὔτε παρακαλεῖν ὑμᾶς οὔτε βοηθεῖν αὑτοῖς
					ἀξιώσειν; </p>
			</div>
			<div n="15" type="section">
				<p>ἐγὼ μὲν οὐκ οἴομαι, ἀλλὰ καὶ εἴ τισι μᾶλλον ἀπιστοῦσιν ἢ ἡμῖν, καὶ τούτους
					εἰσφρήσεσθαι μᾶλλον ἢ ʼκείνῳ παραδώσειν τὴν πόλιν, ἄν περ μὴ φθάσῃ λαβὼν αὐτούς.
					οὐκοῦν ἡμῶν μὲν μὴ δυναμένων ἐνθένδʼ ἀναπλεῦσαι, ἐκεῖ δὲ μηδεμιᾶς ὑπαρχούσης
					ἑτοίμου βοηθείας, οὐδὲν αὐτοὺς ἀπολωλέναι κωλύσει. </p>
			</div>
			<div n="16" type="section">
				<p>νὴ Δία, κακοδαιμονῶσι γὰρ ἅνθρωποι καὶ ὑπερβάλλουσιν ἀνοίᾳ. πάνυ γε, ἀλλʼ ὅμως
					αὐτοὺς δεῖ σῶς εἶναι· συμφέρει γὰρ τῇ πόλει. καὶ μὴν οὐδʼ ἐκεῖνό γε δῆλόν ἐστιν
					ἡμῖν, ὡς ἐπὶ Χερρόνησον οὐχ ἥξει· ἀλλʼ εἴγʼ ἐκ τῆς ἐπιστολῆς δεῖ σκοπεῖν ἧς
					ἔπεμψε πρὸς ὑμᾶς, ἀμυνεῖσθαί φησι τοὺς ἐν Χερρονήσῳ. </p>
			</div>
			<div n="17" type="section">
				<p>ἂν μὲν τοίνυν ᾖ τὸ συνεστηκὸς στράτευμα, καὶ τῇ χώρᾳ βοηθῆσαι δυνήσεται καὶ τῶν
					ἐκείνου τι κακῶς ποιῆσαι· εἰ δʼ ἅπαξ διαλυθήσεται, τί ποιήσομεν, ἂν ἐπὶ
					Χερρόνησον ἴῃ; <q>κρινοῦμεν Διοπείθη νὴ Δία.</q> καὶ τί τὰ πράγματʼ ἔσται
					βελτίω; <q>ἀλλʼ ἐνθένδʼ ἂν βοηθήσαιμεν αὐτοί.</q> ἂν δʼ ὑπὸ τῶν πνευμάτων μὴ
					δυνώμεθα; <q>ἀλλὰ μὰ Δίʼ οὐχ ἥξει.</q>
				</p>
			</div>
			<div n="18" type="section">
				<p> καὶ τίς ἐγγυητής ἐστι τούτου; ἆρʼ ὁρᾶτε καὶ λογίζεσθʼ, ὦ ἄνδρες Ἀθηναῖοι, τὴν
					ἐπιοῦσαν ὥραν τοῦ ἔτους, εἰς ἣν ἔρημόν τινες οἴονται δεῖν τὸν Ἑλλήσποντον ὑμῶν
					ποιῆσαι καὶ παραδοῦναι Φιλίππῳ; τί δʼ, ἂν ἀπελθὼν ἐκ Θρᾴκης καὶ μηδὲ προσελθὼν
					Χερρονήσῳ μηδὲ Βυζαντίῳ (καὶ γὰρ ταῦτα λογίζεσθε) ἐπὶ Χαλκίδα καὶ Μέγαρʼ ἥκῃ τὸν
					αὐτὸν τρόπον ὅνπερ ἐπʼ Ὠρεὸν πρώην, πότερον κρεῖττον ἐνθάδʼ αὐτὸν ἀμύνεσθαι καὶ
					προσελθεῖν τὸν πόλεμον πρὸς τὴν Ἀττικὴν ἐᾶσαι, ἢ κατασκευάζειν ἐκεῖ τινʼ
					ἀσχολίαν αὐτῷ; ἐγὼ μὲν οἴομαι τοῦτο. </p>
			</div>
			<div n="19" type="section">
				<p>ταῦτα τοίνυν ἅπαντας εἰδότας καὶ λογιζομένους χρή, οὐ μὰ Δίʼ οὐχ ἣν Διοπείθης
					πειρᾶται τῇ πόλει δύναμιν παρασκευάζειν, ταύτην βασκαίνειν καὶ διαλῦσαι
					πειρᾶσθαι, ἀλλʼ ἑτέραν αὐτοὺς προσπαρασκευάζειν καὶ συνευποροῦντας ἐκείνῳ
					χρημάτων καὶ τἄλλʼ οἰκείως συναγωνιζομένους. </p>
			</div>
			<div n="20" type="section">
				<p>εἰ γάρ τις ἔροιτο Φίλιππον, <q>εἰπέ μοι, πότερʼ ἂν βούλοιο τούτους τοὺς
						στρατιώτας οὓς Διοπείθης νῦν ἔχει, τοὺς ὁποιουστινασοῦν (οὐδὲν γὰρ ἀντιλέγω)
						εὐθενεῖν καὶ παρʼ Ἀθηναίοις εὐδοξεῖν καὶ πλείους γίγνεσθαι τῆς πόλεως
						συναγωνιζομένης, ἢ διαβαλλόντων τινῶν καὶ κατηγορούντων διασπασθῆναι καὶ
						διαφθαρῆναι;</q> ταῦτʼ ἂν οἶμαι φήσειεν. εἶθʼ ἃ Φίλιππος ἂν εὔξαιτο τοῖς
					θεοῖς, ταῦθʼ ἡμῶν τινες ἐνθάδε πράττουσιν; εἶτʼ ἔτι ζητεῖτε πόθεν τὰ τῆς πόλεως
					ἀπόλωλεν ἅπαντα; </p>
			</div>
			<div n="21" type="section">
				<p>βούλομαι τοίνυν <del>ὑμᾶς</del> μετὰ παρρησίας ἐξετάσαι τὰ παρόντα πράγματα τῇ
					πόλει, καὶ σκέψασθαι τί ποιοῦμεν αὐτοὶ νῦν καὶ ὅπως χρώμεθʼ αὐτοῖς. ἡμεῖς οὔτε
					χρήματʼ εἰσφέρειν βουλόμεθα, οὔτʼ αὐτοὶ στρατεύεσθαι, οὔτε τῶν κοινῶν ἀπέχεσθαι
					δυνάμεθα, οὔτε τὰς συντάξεις Διοπείθει δίδομεν, οὔθʼ ὅσʼ ἂν αὐτὸς αὑτῷ πορίσηται
					ἐπαινοῦμεν, </p>
			</div>
			<div n="22" type="section">
				<p>ἀλλὰ βασκαίνομεν καὶ σκοποῦμεν πόθεν, καὶ τί μέλλει ποιεῖν, καὶ πάντα τὰ τοιαυτί,
					οὔτʼ, ἐπειδήπερ οὕτως ἔχομεν, τὰ ἡμέτερʼ αὐτῶν πράττειν ἐθέλομεν, ἀλλʼ ἐν μὲν
					τοῖς λόγοις τοὺς τῆς πόλεως λέγοντας ἄξιʼ ἐπαινοῦμεν, ἐν δὲ τοῖς ἔργοις τοῖς
					ἐναντιουμένοις τούτοις συναγωνιζόμεθα. </p>
			</div>
			<div n="23" type="section">
				<p>ὑμεῖς μὲν τοίνυν εἰώθαθʼ ἑκάστοτε τὸν παριόντʼ ἐρωτᾶν, τί οὖν χρὴ ποιεῖν; ἐγὼ δʼ
					ὑμᾶς ἐρωτῆσαι βούλομαι, τί οὖν χρὴ λέγειν; εἰ γὰρ μήτʼ εἰσοίσετε, μήτʼ αὐτοὶ
					στρατεύσεσθε, μήτε τῶν κοινῶν ἀφέξεσθε, μήτε τὰς συντάξεις δώσετε, μήθʼ ὅσʼ ἂν
					αὐτὸς αὑτῷ πορίσηται ἐάσετε, μήτε τὰ ὑμέτερʼ αὐτῶν πράττειν ἐθελήσετε, οὐκ ἔχω
					τί λέγω. οἱ γὰρ ἤδη τοσαύτην ἐξουσίαν τοῖς αἰτιᾶσθαι καὶ διαβάλλειν βουλομένοις
					διδόντες, ὥστε καὶ περὶ ὧν φασι μέλλειν αὐτὸν ποιεῖν, καὶ περὶ τούτων
					προκατηγορούντων ἀκροᾶσθαι, —τί ἄν τις λέγοι; </p>
			</div>
			<div n="24" type="section">
				<p>ὅ τι τοίνυν δύναται ταῦτα ποιεῖν, ἐνίους μαθεῖν ὑμῶν δεῖ. λέξω δὲ μετὰ παρρησίας·
					καὶ γὰρ οὐδʼ ἂν ἄλλως δυναίμην. πάντες ὅσοι πώποτʼ ἐκπεπλεύκασι παρʼ ὑμῶν
					στρατηγοί (ἢ ʼγὼ πάσχειν ὁτιοῦν τιμῶμαι) καὶ παρὰ Χίων καὶ παρʼ Ἐρυθραίων καὶ
					παρʼ ὧν ἂν ἕκαστοι δύνωνται, τούτων τῶν τὴν Ἀσίαν οἰκούντων λέγω, χρήματα
					λαμβάνουσιν. </p>
			</div>
			<div n="25" type="section">
				<p>λαμβάνουσι δʼ οἱ μὲν ἔχοντες μίαν ἢ δύο ναῦς ἐλάττονα, οἱ δὲ μείζω δύναμιν
					πλείονα. καὶ διδόασιν οἱ διδόντες οὔτε τὰ μικρὰ οὔτε τὰ πολλὰ ἀντʼ οὐδενός (οὐ
					γὰρ οὕτω μαίνονται), ἀλλʼ ὠνούμενοι μὴ ἀδικεῖσθαι τοὺς παρʼ αὑτῶν ἐκπλέοντας
					ἐμπόρους, μὴ συλᾶσθαι, παραπέμπεσθαι τὰ πλοῖα τὰ αὑτῶν, τὰ τοιαῦτα· φασὶ δʼ
					εὐνοίας διδόναι, καὶ τοῦτο τοὔνομʼ ἔχει τὰ λήμματα ταῦτα. </p>
			</div>
			<div n="26" type="section">
				<p>καὶ δὴ καὶ νῦν τῷ Διοπείθει στράτευμʼ ἔχοντι σαφῶς ἐστι τοῦτο δῆλον ὅτι δώσουσι
					χρήματα πάντες οὗτοι· πόθεν γὰρ οἴεσθʼ ἄλλοθεν τὸν μήτε λαβόντα παρʼ ὑμῶν μηδὲν
					μήτʼ αὐτὸν ἔχονθʼ ὁπόθεν μισθοδοτήσει, στρατιώτας τρέφειν; ἐκ τοῦ οὐρανοῦ; οὐκ
					ἔστι ταῦτα, ἀλλʼ ἀφʼ ὧν ἀγείρει καὶ προσαιτεῖ καὶ δανείζεται, ἀπὸ τούτων διάγει.
				</p>
			</div>
			<div n="27" type="section">
				<p>οὐδὲν οὖν ἄλλο ποιοῦσιν οἱ κατηγοροῦντες ἐν ὑμῖν ἢ προλέγουσιν ἅπασι μηδʼ ὁτιοῦν
					ἐκείνῳ διδόναι, ὡς καὶ τοῦ μελλῆσαι δώσοντι δίκην, μή τι ποιήσαντί γʼ ἢ
					καταπραξαμένῳ. τοῦτʼ εἰσὶν οἱ λόγοι· <q>μέλλει πολιορκεῖν,</q>
					<q>τοὺς Ἕλληνας ἐκδίδωσιν.</q> μέλει γάρ τινι τούτων τῶν τὴν Ἀσίαν οἰκούντων
					Ἑλλήνων; ἀμείνους μέντἂν εἶεν τῶν ἄλλων ἢ τῆς πατρίδος κήδεσθαι. </p>
			</div>
			<div n="28" type="section">
				<p>καὶ τό γʼ εἰς τὸν Ἑλλήσποντον εἰσπέμπειν ἕτερον στρατηγὸν τοῦτʼ ἐστίν. εἰ γὰρ
					δεινὰ ποιεῖ Διοπείθης καὶ κατάγει τὰ πλοῖα, μικρόν, ὦ ἄνδρες Ἀθηναῖοι, μικρὸν
					πινάκιον ταῦτα πάντα κωλῦσαι δύναιτʼ ἄν, καὶ λέγουσιν οἱ νόμοι, ταῦτα τοὺς
					ἀδικοῦντας εἰσαγγέλλειν, οὐ μὰ Δίʼ οὐ δαπάναις καὶ τριήρεσιν τοσαύταις ἡμᾶς
					αὐτοὺς φυλάττειν, ἐπεὶ τοῦτό γʼ ἐστὶν ὑπερβολὴ μανίας· </p>
			</div>
			<div n="29" type="section">
				<p>ἀλλʼ ἐπὶ μὲν τοὺς ἐχθρούς, οὓς οὐκ ἔστι λαβεῖν ὑπὸ τοῖς νόμοις, καὶ στρατιώτας
					τρέφειν καὶ τριήρεις ἐκπέμπειν καὶ χρήματʼ εἰσφέρειν δεῖ καὶ ἀναγκαῖόν ἐστιν,
					ἐπὶ δʼ ἡμᾶς αὐτοὺς ψήφισμα, εἰσαγγελία, πάραλος ταῦτʼ ἔστιν. ταῦτʼ ἦν εὖ
					φρονούντων ἀνθρώπων, ἐπηρεαζόντων δὲ καὶ διαφθειρόντων τὰ πράγμαθʼ ἃ νῦν οὗτοι
					ποιοῦσιν. </p>
			</div>
			<div n="30" type="section">
				<p>καὶ τὸ μὲν τούτων τινὰς εἶναι τοιούτους, δεινὸν ὂν οὐ δεινόν ἐστιν· ἀλλʼ ὑμεῖς οἱ
					καθήμενοι οὕτως ἤδη διάκεισθε, ὥστʼ, ἂν μέν τις εἴπῃ παρελθὼν ὅτι Διοπείθης ἐστὶ
					τῶν κακῶν πάντων αἴτιος, ἢ Χάρης ἢ Ἀριστοφῶν ἢ ὃν ἂν τῶν πολιτῶν εἴπῃ τις,
					εὐθέως φατὲ καὶ θορυβεῖθʼ ὡς ὀρθῶς λέγει· </p>
			</div>
			<div n="31" type="section">
				<p>ἂν δὲ παρελθὼν λέγῃ τις τἀληθῆ, ὅτι <q>ληρεῖτʼ, Ἀθηναῖοι· πάντων τῶν κακῶν καὶ
						τῶν πραγμάτων τούτων Φίλιππός ἐστʼ αἴτιος· εἰ γὰρ ἐκεῖνος ἦγεν ἡσυχίαν,
						οὐδὲν ἂν ἦν πρᾶγμα τῇ πόλει,</q> ὡς μὲν οὐκ ἀληθῆ ταῦτʼ ἐστὶν οὐκ ἔχετʼ
					ἀντιλέγειν, ἄχθεσθαι δέ μοι δοκεῖτε καὶ ὥσπερ ἀπολλύναι τι νομίζειν. </p>
			</div>
			<div n="32" type="section">
				<p>αἴτιον δὲ τούτων (καί μοι πρὸς θεῶν, ὅταν εἵνεκα τοῦ βελτίστου λέγω, ἔστω
					παρρησία)· παρεσκευάκασιν ὑμᾶς τῶν πολιτευομένων ἔνιοι ἐν μὲν ταῖς ἐκκλησίαις
					φοβεροὺς καὶ χαλεπούς, ἐν δὲ ταῖς παρασκευαῖς ταῖς τοῦ πολέμου ῥᾳθύμους καὶ
					εὐκαταφρονήτους. ἂν μὲν οὖν τὸν αἴτιον εἴπῃ τις ὃν ἴσθʼ ὅτι λήψεσθε παρʼ ὑμῖν
					αὐτοῖς, φατὲ καὶ βούλεσθε· ἂν δὲ τοιοῦτον λέγῃ τις, ὃν κρατήσαντας τοῖς ὅπλοις,
					ἄλλως δʼ οὐκ ἔστιν κολάσαι, οὐκ ἔχετʼ, οἶμαι, τί ποιήσετε, ἐξελεγχόμενοι δʼ
					ἄχθεσθε. </p>
			</div>
			<div n="33" type="section">
				<p>ἐχρῆν γάρ, ὦ ἄνδρες Ἀθηναῖοι, τοὐναντίον ἢ νῦν ἅπαντας τοὺς πολιτευομένους ἐν μὲν
					ταῖς ἐκκλησίαις πράους καὶ φιλανθρώπους ὑμᾶς ἐθίζειν εἶναι (πρὸς γὰρ ὑμᾶς αὐτοὺς
					καὶ τοὺς συμμάχους ἐν ταύταις ἐστὶ τὰ δίκαια), ἐν δὲ ταῖς παρασκευαῖς ταῖς τοῦ
					πολέμου φοβεροὺς καὶ χαλεποὺς ἐπιδεικνύναι· πρὸς γὰρ τοὺς ἐχθροὺς καὶ τοὺς
					ἀντιπάλους ἐκεῖνός ἐσθʼ ἁγών. </p>
			</div>
			<div n="34" type="section">
				<p>νῦν δὲ δημαγωγοῦντες ὑμᾶς καὶ χαριζόμενοι καθʼ ὑπερβολὴν οὕτω διατεθήκασιν, ὥστʼ
					ἐν μὲν ταῖς ἐκκλησίαις τρυφᾶν καὶ κολακεύεσθαι πάντα πρὸς ἡδονὴν ἀκούοντας, ἐν
					δὲ τοῖς πράγμασι καὶ τοῖς γιγνομένοις περὶ τῶν ἐσχάτων ἤδη κινδυνεύειν. φέρε γὰρ
					πρὸς Διός, εἰ λόγον ὑμᾶς ἀπαιτήσειαν οἱ Ἕλληνες ὧν νυνὶ παρείκατε καιρῶν διὰ
					ῥᾳθυμίαν, </p>
			</div>
			<div n="35" type="section">
				<p>καὶ ἔροινθʼ ὑμᾶς, <q>ἄνδρες Ἀθηναῖοι, πέμπεθʼ ὡς ἡμᾶς ἑκάστοτε πρέσβεις, καὶ
						λέγεθʼ ὡς ἐπιβουλεύει Φίλιππος ἡμῖν καὶ πᾶσι τοῖς Ἕλλησι, καὶ ὡς φυλάττεσθαι
						δεῖ τὸν ἄνθρωπον, καὶ πάντα τὰ τοιαυτί;</q> ἀνάγκη φάσκειν καὶ ὁμολογεῖν·
					ποιοῦμεν γὰρ ταῦτα. <q>εἶτʼ, ὦ πάντων ἀνθρώπων φαυλότατοι, δέκα μῆνας
						ἀπογενομένου τἀνθρώπου καὶ νόσῳ καὶ χειμῶνι καὶ πολέμοις ἀποληφθέντος ὥστε
						μὴ ἂν δύνασθαι ἐπανελθεῖν οἴκαδε, </q></p>
			</div>
			<div n="36" type="section">
				<p><q> οὔτε τὴν Εὔβοιαν ἠλευθερώσατε, οὔτε τῶν ὑμετέρων αὐτῶν οὐδὲν ἐκομίσασθε, ἀλλʼ
						ἐκεῖνος μὲν ὑμῶν οἴκοι μενόντων, σχολὴν ἀγόντων, ὑγιαινόντων (εἰ δὴ τοὺς τὰ
						τοιαῦτα ποιοῦντας ὑγιαίνειν φήσαιμεν), δύʼ ἐν Εὐβοίᾳ κατέστησε τυράννους,
						τὸν μὲν ἀπαντικρὺ τῆς Ἀττικῆς ἐπιτειχίσας, τὸν δʼ ἐπὶ Σκίαθον,</q>
				</p>
			</div>
			<div n="37" type="section">
				<p>
					<q>ὑμεῖς δʼ οὐδὲ ταῦτʼ ἀπελύσασθε, εἰ μηδὲν ἄλλʼ ἐβούλεσθε, ἀλλʼ εἰάκατε;
						ἀφέστατε δῆλον ὅτι αὐτῷ, καὶ φανερὸν πεποιήκατε ὅτι οὐδʼ ἂν δεκάκις ἀποθάνῃ,
						οὐδὲν μᾶλλον κινήσεσθε. τί οὖν πρεσβεύετε καὶ κατηγορεῖτε καὶ πράγμαθʼ ἡμῖν
						παρέχετε;</q> ἂν ταῦτα λέγωσι, τί ἐροῦμεν ἢ τί φήσομεν, Ἀθηναῖοι; ἐγὼ μὲν
					γὰρ οὐχ ὁρῶ. </p>
			</div>
			<div n="38" type="section">
				<p>εἰσὶ τοίνυν τινὲς οἳ τότʼ ἐξελέγχειν τὸν παριόντʼ οἴονται, ἐπειδὰν ἐρωτήσωσι
						<q>τί οὖν χρὴ ποιεῖν;</q> οἷς ἐγὼ μὲν τὸ δικαιότατον καὶ ἀληθέστατον τοῦτʼ
					ἀποκρινοῦμαι, ταῦτα μὴ ποιεῖν ἃ νυνὶ ποιεῖτε, οὐ μὴν ἀλλὰ καὶ καθʼ ἕκαστον
					ἀκριβῶς ἐρῶ. καὶ ὅπως, ὥσπερ ἐρωτῶσι προθύμως, οὕτω καὶ ποιεῖν ἐθελήσουσιν. </p>
			</div>
			<div n="39" type="section">
				<p>πρῶτον μέν, ὦ ἄνδρες Ἀθηναῖοι, τοῦτο παρʼ ὑμῖν αὐτοῖς βεβαίως γνῶναι, ὅτι τῇ
					πόλει Φίλιππος πολεμεῖ καὶ τὴν εἰρήνην λέλυκεν (καὶ παύσασθε περὶ τούτου
					κατηγοροῦντες ἀλλήλων) καὶ κακόνους μέν ἐστι καὶ ἐχθρὸς ὅλῃ τῇ πόλει καὶ τῷ τῆς
					πόλεως ἐδάφει, </p>
			</div>
			<div n="40" type="section">
				<p>προσθήσω δὲ καὶ τοῖς ἐν τῇ πόλει πᾶσιν ἀνθρώποις, καὶ τοῖς μάλιστʼ οἰομένοις αὐτῷ
					χαρίζεσθαι (εἰ δὲ μή, σκεψάσθων Εὐθυκράτη καὶ Λασθένη τοὺς Ὀλυνθίους, οἳ
					δοκοῦντες οἰκειότατʼ αὐτῷ διακεῖσθαι, ἐπειδὴ τὴν πόλιν προὔδοσαν, πάντων κάκιστʼ
					ἀπολώλασιν), οὐδενὶ μέντοι μᾶλλον ἢ τῇ πολιτείᾳ πολεμεῖ οὐδʼ ἐπιβουλεύει, καὶ
					σκοπεῖ μᾶλλον οὐδὲ ἓν τῶν πάντων, ἢ πῶς ταύτην καταλύσει. </p>
			</div>
			<div n="41" type="section">
				<p>καὶ τοῦτʼ εἰκότως τρόπον τινὰ πράττει· οἶδεν γὰρ ἀκριβῶς ὅτι οὐδʼ ἂν πάντων τῶν
					ἄλλων γένηται κύριος, οὐδὲν ἔστʼ αὐτῷ βεβαίως ἔχειν, ἕως ἂν ὑμεῖς δημοκρατῆσθε,
					ἀλλʼ ἐάν ποτε συμβῇ τι πταῖσμα, ἃ πολλὰ γένοιτʼ ἂν ἀνθρώπῳ, ἥξει πάντα τὰ νῦν
					συμβεβιασμένα καὶ καταφεύξεται πρὸς ὑμᾶς· </p>
			</div>
			<div n="42" type="section">
				<p>ἐστὲ γὰρ ὑμεῖς οὐκ αὐτοὶ πλεονεκτῆσαι καὶ κατασχεῖν ἀρχὴν εὖ πεφυκότες, ἀλλʼ
					ἕτερον λαβεῖν κωλῦσαι καὶ ἔχοντʼ ἀφελέσθαι δεινοί, καὶ ὅλως ἐνοχλῆσαι τοῖς
					ἄρχειν βουλομένοις καὶ πάντας ἀνθρώπους εἰς ἐλευθερίαν ἐξελέσθαι ἕτοιμοι. οὔκουν
					βούλεται τοῖς ἑαυτοῦ καιροῖς τὴν παρʼ ὑμῶν ἐλευθερίαν ἐφεδρεύειν, οὐδὲ πολλοῦ
					δεῖ, οὐ κακῶς οὐδʼ ἀργῶς ταῦτα λογιζόμενος. </p>
			</div>
			<div n="43" type="section">
				<p>πρῶτον μὲν δὴ τοῦτο δεῖ, ἐχθρὸν ὑπειληφέναι τῆς πολιτείας καὶ τῆς δημοκρατίας
					ἀδιάλλακτον ἐκεῖνον· εἰ γὰρ μὴ τοῦτο πεισθήσεσθε ταῖς ψυχαῖς, οὐκ ἐθελήσεθʼ ὑπὲρ
					τῶν πραγμάτων σπουδάζειν· δεύτερον δʼ εἰδέναι σαφῶς ὅτι πάνθʼ ὅσα πραγματεύεται
					καὶ κατασκευάζεται νῦν, ἐπὶ τὴν ἡμετέραν πόλιν παρασκευάζεται, καὶ ὅπου τις
					ἐκεῖνον ἀμύνεται, ἐνταῦθʼ ὑπὲρ ἡμῶν ἀμύνεται. </p>
			</div>
			<div n="44" type="section">
				<p>οὐ γὰρ οὕτω γʼ εὐήθης οὐδεὶς ὃς ὑπολαμβάνει τὸν Φίλιππον τῶν μὲν ἐν Θρᾴκῃ κακῶν
					(τί γὰρ ἂν ἄλλο τις εἴποι Δρογγίλον καὶ Καβύλην καὶ Μάστειραν καὶ ἃ νῦν ἐξαιρεῖ
						<del>καὶ κατασκευάζεται</del>;) τούτων μὲν ἐπιθυμεῖν καὶ ὑπὲρ τοῦ ταῦτα
					λαβεῖν καὶ πόνους καὶ χειμῶνας καὶ τοὺς ἐσχάτους κινδύνους ὑπομένειν, </p>
			</div>
			<div n="45" type="section">
				<p>τῶν δʼ Ἀθηναίων λιμένων καὶ νεωρίων καὶ τριήρων καὶ τῶν ἔργων τῶν ἀργυρείων καὶ
					τοσούτων προσόδων οὐκ ἐπιθυμεῖν, ἀλλὰ ταῦτα μὲν ὑμᾶς ἐάσειν ἔχειν, ὑπὲρ δὲ τῶν
					μελινῶν καὶ τῶν ὀλυρῶν τῶν ἐν τοῖς Θρᾳκίοις σιροῖς ἐν τῷ βαράθρῳ χειμάζειν. οὐκ
					ἔστι ταῦτα, ἀλλὰ κἀκεῖνʼ ὑπὲρ τοῦ τούτων γενέσθαι κύριος καὶ τἄλλα πάντα
					πραγματεύεται. </p>
			</div>
			<div n="46" type="section">
				<p>τί οὖν εὖ φρονούντων ἀνθρώπων ἐστίν; εἰδότας ταῦτα καὶ ἐγνωκότας τὴν μὲν
					ὑπερβάλλουσαν καὶ ἀνήκεστον ταύτην ῥᾳθυμίαν ἀποθέσθαι, χρήματα δʼ εἰσφέρειν καὶ
					τοὺς συμμάχους ἀξιοῦν, καὶ ὅπως τὸ συνεστηκὸς τοῦτο συμμενεῖ στράτευμʼ ὁρᾶν καὶ
					πράττειν, ἵνʼ ὥσπερ ἐκεῖνος ἕτοιμον ἔχει δύναμιν τὴν ἀδικήσουσαν καὶ
					καταδουλωσομένην ἅπαντας τοὺς Ἕλληνας, οὕτω τὴν σώσουσαν ὑμεῖς καὶ βοηθήσουσαν
					ἅπασιν ἕτοιμον ἔχητε. </p>
			</div>
			<div n="47" type="section">
				<p>οὐ γὰρ ἔστι βοηθείαις χρωμένους οὐδέποτʼ οὐδὲν τῶν δεόντων πρᾶξαι, ἀλλὰ
					κατασκευάσαντας δεῖ δύναμιν, καὶ τροφὴν ταύτῃ πορίσαντας καὶ ταμίας καὶ
					δημοσίους, καὶ ὅπως ἔνι τὴν τῶν χρημάτων φυλακὴν ἀκριβεστάτην γενέσθαι, οὕτω
					ποιήσαντας, τὸν μὲν τῶν χρημάτων λόγον παρὰ τούτων λαμβάνειν, τὸν δὲ τῶν ἔργων
					παρὰ τοῦ στρατηγοῦ. κἂν οὕτω ποιήσητε καὶ ταῦτʼ ἐθελήσηθʼ ὡς ἀληθῶς, ἄγειν
					εἰρήνην δικαίαν καὶ μένειν ἐπὶ τῆς αὑτοῦ Φίλιππον ἀναγκάσετε, οὗ μεῖζον οὐδὲν ἂν
					γένοιτʼ ἀγαθόν, ἢ πολεμήσετʼ ἐξ ἴσου. </p>
			</div>
			<div n="48" type="section">
				<p>εἰ δέ τῳ δοκεῖ ταῦτα καὶ δαπάνης μεγάλης καὶ πόνων πολλῶν καὶ πραγματείας εἶναι,
					καὶ μάλʼ ὀρθῶς δοκεῖ· ἀλλʼ ἐὰν λογίσηται τὰ τῇ πόλει μετὰ ταῦτα γενησόμενα, ἂν
					ταῦτα μὴ ʼθέλῃ, εὑρήσει λυσιτελοῦν τὸ ἑκόντας ποιεῖν τὰ δέοντα. </p>
			</div>
			<div n="49" type="section">
				<p>εἰ μὲν γάρ ἐστί τις ἐγγυητὴς θεῶν (οὐ γὰρ ἀνθρώπων γʼ οὐδεὶς ἂν γένοιτʼ ἀξιόχρεως
					τηλικούτου πράγματος) ὡς, ἐὰν ἄγηθʼ ἡσυχίαν καὶ ἅπαντα προῆσθε, οὐκ ἐπʼ αὐτοὺς
					ὑμᾶς τελευτῶν ἐκεῖνος ἥξει, αἰσχρὸν μὲν νὴ τὸν Δία καὶ πάντας θεοὺς καὶ ἀνάξιον
					ὑμῶν καὶ τῶν ὑπαρχόντων τῇ πόλει καὶ πεπραγμένων τοῖς προγόνοις, τῆς ἰδίας ἕνεκα
					ῥᾳθυμίας τοὺς ἄλλους πάντας Ἕλληνας εἰς δουλείαν προέσθαι, καὶ ἔγωγʼ αὐτὸς μὲν
					τεθνάναι μᾶλλον ἂν ἢ ταῦτʼ εἰρηκέναι βουλοίμην· οὐ μὴν ἀλλʼ εἴ τις ἄλλος λέγει
					καὶ ὑμᾶς πείθει, ἔστω, μὴ ἀμύνεσθε, ἅπαντα πρόεσθε. </p>
			</div>
			<div n="50" type="section">
				<p>εἰ δὲ μηδενὶ τοῦτο δοκεῖ, τοὐναντίον δὲ πρόϊσμεν ἅπαντες, ὅτι ὅσῳ ἂν πλειόνων
					ἐάσωμεν ἐκεῖνον γενέσθαι κύριον, τοσούτῳ χαλεπωτέρῳ καὶ ἰσχυροτέρῳ χρησόμεθʼ
					ἐχθρῷ, ποῖ ἀναδυόμεθα; ἢ τί μέλλομεν; ἢ πότʼ, ὦ ἄνδρες Ἀθηναῖοι, τὰ δέοντα
					ποιεῖν ἐθελήσομεν; </p>
			</div>
			<div n="51" type="section">
				<p>ὅταν νὴ Δίʼ ἀναγκαῖον ᾖ. ἀλλʼ ἣν μὲν ἄν τις ἐλευθέρων ἀνθρώπων ἀνάγκην εἴποι, οὐ
					μόνον ἤδη πάρεστιν, ἀλλὰ καὶ πάλαι παρελήλυθε, τὴν δὲ τῶν δούλων ἀπεύχεσθαι
					δήπου μὴ γενέσθαι δεῖ. διαφέρει δὲ τί; ὅτι ἐστὶν ἐλευθέρῳ μὲν ἀνθρώπῳ μεγίστη
					ἀνάγκη ἡ ὑπὲρ τῶν γιγνομένων αἰσχύνη, καὶ μείζω ταύτης οὐκ οἶδʼ ἥντινʼ ἂν
					εἴποιμεν· δούλῳ δὲ πληγαὶ καὶ ὁ τοῦ σώματος αἰκισμός, ἃ μήτε γένοιτο οὔτε λέγειν
					ἄξιον. </p>
			</div>
			<div n="52" type="section">
				<p>πάντα τοίνυν τἄλλʼ εἰπὼν ἂν ἡδέως, καὶ δείξας ὃν τρόπον ὑμᾶς ἔνιοι
					καταπολιτεύονται, τὰ μὲν ἄλλʼ ἐάσω· ἀλλʼ ἐπειδάν τι τῶν πρὸς Φίλιππον ἐμπέσῃ,
					εὐθὺς ἀναστάς τις λέγει τὸ τὴν εἰρήνην ἄγειν ὡς ἀγαθὸν καὶ τὸ τρέφειν δύναμιν
					μεγάλην ὡς χαλεπόν, καὶ <q>διαρπάζειν τινὲς τὰ χρήματα βούλονται,</q> καὶ
					τοιούτους λόγους, ἐξ ὧν ἀναβάλλουσι μὲν ὑμᾶς, ἡσυχίαν δὲ ποιοῦσιν ἐκείνῳ
					πράττειν ὅ τι βούλεται. </p>
			</div>
			<div n="53" type="section">
				<p>ἐκ δὲ τούτων περιγίγνεται, ὑμῖν μὲν ἡ σχολὴ καὶ τὸ μηδὲν ἤδη ποιεῖν, ἃ δέδοιχʼ
					ὅπως μήποθʼ ἡγήσεσθʼ ἐπὶ πολλῷ γεγενῆσθαι, τούτοις δʼ αἱ χάριτες καὶ ὁ μισθὸς ὁ
					τούτων. ἐγὼ δʼ οἴομαι τὴν μὲν εἰρήνην ἄγειν οὐχ ὑμᾶς δεῖν πείθειν, οἳ
					πεπεισμένοι κάθησθε, ἀλλὰ τὸν τὰ τοῦ πολέμου πράττοντα· ἂν γὰρ ἐκεῖνος πεισθῇ,
					τά γʼ ἀφʼ ὑμῶν ὑπάρχει· </p>
			</div>
			<div n="54" type="section">
				<p>νομίζειν δʼ εἶναι χαλεπὰ οὐχ ὅσʼ ἂν εἰς σωτηρίαν δαπανῶμεν, ἀλλʼ ἃ πεισόμεθα, ἂν
					ταῦτα μὴ ʼθέλωμεν ποιεῖν· καὶ τὸ <q>διαρπασθήσεται τὰ χρήματα</q> τῷ φυλακὴν
					εἰπεῖν διʼ ἧς σωθήσεται κωλύειν, οὐχὶ τῷ τοῦ συμφέροντος ἀφεστάναι. </p>
			</div>
			<div n="55" type="section">
				<p>καίτοι ἔγωγʼ ἀγανακτῶ καὶ αὐτὸ τοῦτʼ, ὦ ἄνδρες Ἀθηναῖοι, εἰ τὰ μὲν χρήματα λυπεῖ
					τινὰς ὑμῶν εἰ διαρπασθήσεται, ἃ καὶ φυλάττειν καὶ κολάζειν τοὺς ἀδικοῦντας ἐφʼ
					ὑμῖν ἐστι, τὴν δʼ Ἑλλάδα πᾶσαν οὑτωσὶ Φίλιππος ἐφεξῆς ἁρπάζων οὐ λυπεῖ, καὶ
					ταῦτʼ ἐφʼ ὑμᾶς ἁρπάζων. </p>
			</div>
			<div n="56" type="section">
				<p>τί ποτʼ οὖν ἐστι τὸ αἴτιον, ὦ ἄνδρες Ἀθηναῖοι, τὸ τὸν μὲν οὕτω φανερῶς
					στρατεύοντα, ἀδικοῦντα, πόλεις καταλαμβάνοντα, μηδένα τούτων πώποτʼ εἰπεῖν ὡς
					πόλεμον ποιεῖ, τοὺς δὲ μὴ ἐπιτρέπειν μηδὲ προΐεσθαι ταῦτα συμβουλεύοντας,
					τούτους τὸν πόλεμον ποιήσειν αἰτιᾶσθαι; </p>
			</div>
			<div n="57" type="section">
				<p>ἐγὼ διδάξω· ὅτι τὴν ὀργὴν ἣν εἰκός ἐστι γενέσθαι παρʼ ὑμῶν, ἄν τι λυπῆσθε τῷ
					πολέμῳ, εἰς τοὺς ὑπὲρ ὑμῶν λέγοντας τὰ βέλτιστα τρέψαι βούλονται, ἵνα τούτους
					κρίνητε, μὴ Φίλιππον ἀμύνησθε, καὶ κατηγορῶσιν αὐτοί, μὴ δίκην δῶσιν ὧν ποιοῦσι
					νῦν. τοῦτʼ αὐτοῖς δύναται τὸ λέγειν ὡς ἄρα βούλονται πόλεμόν τινες ποιῆσαι παρʼ
					ὑμῖν, καὶ περὶ τούτου ἡ διαδικασία αὕτη ἐστίν. </p>
			</div>
			<div n="58" type="section">
				<p>ἐγὼ δʼ οἶδʼ ἀκριβῶς ὅτι οὐ γράψαντος Ἀθηναίων οὐδενός πω πόλεμον, καὶ ἄλλα πολλὰ
					Φίλιππος ἔχει τῶν τῆς πόλεως καὶ νῦν εἰς Καρδίαν πέπομφε βοήθειαν. εἰ μέντοι
					βουλόμεθʼ ἡμεῖς μὴ προσποιεῖσθαι πολεμεῖν αὐτὸν ἡμῖν, ἀνοητότατος πάντων ἂν εἴη
					τῶν ὄντων ἀνθρώπων, εἰ τοῦτʼ ἐξελέγχοι. </p>
			</div>
			<div n="59" type="section">
				<p>ἀλλʼ ἐπειδὰν ἐπʼ αὐτοὺς ἡμᾶς ἴῃ, τί φήσομεν; ἐκεῖνος μὲν γὰρ οὐ πολεμεῖν, ὥσπερ
					οὐδʼ Ὠρείταις, τῶν στρατιωτῶν ὄντων ἐν τῇ χώρᾳ, οὐδὲ Φεραίοις πρότερον, πρὸς τὰ
					τείχη προσβάλλων αὐτῶν, οὐδʼ Ὀλυνθίοις ἐξ ἀρχῆς, ἕως ἐν αὐτῇ τῇ χώρᾳ τὸ
					στράτευμα παρῆν ἔχων. ἢ καὶ τότε τοὺς ἀμύνεσθαι κελεύοντας πόλεμον ποιεῖν
					φήσομεν; οὐκοῦν ὑπόλοιπον δουλεύειν· οὐ γὰρ ἄλλο γʼ οὐδέν ἐστι μεταξὺ τοῦ μήτʼ
					ἀμύνεσθαι μήτʼ ἄγειν ἡσυχίαν ἐᾶσθαι. </p>
			</div>
			<div n="60" type="section">
				<p>καὶ μὴν οὐχ ὑπὲρ τῶν ἴσων ὑμῖν καὶ τοῖς ἄλλοις ἔσθʼ ὁ κίνδυνος· οὐ γὰρ ὑφʼ αὑτῷ
					τὴν πόλιν ποιήσασθαι βούλεται Φίλιππος, ἀλλʼ ὅλως ἀνελεῖν. οἶδεν γὰρ ἀκριβῶς ὅτι
					δουλεύειν μὲν ὑμεῖς οὔτʼ ἐθελήσετε, οὔτʼ, ἂν ἐθελήσητε, ἐπιστήσεσθε (ἄρχειν γὰρ
					εἰώθατε), πράγματα δʼ αὐτῷ παρασχεῖν, ἂν καιρὸν λάβητε, πλείω τῶν ἄλλων ἀνθρώπων
					ἁπάντων δυνήσεσθε. </p>
			</div>
			<div n="61" type="section">
				<p>ὡς οὖν ὑπὲρ τῶν ἐσχάτων ὄντος τοῦ ἀγῶνος, οὕτω προσήκει γιγνώσκειν, καὶ τοὺς
					πεπρακότας αὑτοὺς ἐκείνῳ μισεῖν κἀποτυμπανίσαι· οὐ γὰρ ἔστιν, οὐκ ἔστι τῶν ἔξω
					τῆς πόλεως ἐχθρῶν κρατῆσαι, πρὶν ἂν τοὺς ἐν αὐτῇ τῇ πόλει κολάσητʼ ἐχθρούς. </p>
			</div>
			<div n="62" type="section">
				<p>πόθεν οἴεσθε νῦν αὐτὸν ὑβρίζειν ὑμᾶς (οὐδὲν γὰρ ἄλλʼ ἔμοιγε δοκεῖ ποιεῖν ἢ τοῦτο)
					καὶ τοὺς μὲν ἄλλους εὖ ποιοῦντα, εἰ μηδὲν ἄλλο, ἐξαπατᾶν, ὑμῖν δʼ ἀπειλεῖν ἤδη;
					οἷον Θετταλοὺς πολλὰ δοὺς ὑπηγάγετʼ εἰς τὴν νῦν παροῦσαν δουλείαν· οὐδʼ ἂν
					εἰπεῖν δύναιτʼ οὐδεὶς ὅσα τοὺς ταλαιπώρους Ὀλυνθίους πρότερον δοὺς Ποτείδαιαν
					ἐξηπάτησε καὶ πόλλʼ ἕτερα· </p>
			</div>
			<div n="63" type="section">
				<p>Θηβαίους νῦν ὑπάγει τὴν Βοιωτίαν αὐτοῖς παραδοὺς καὶ ἀπαλλάξας πολέμου πολλοῦ καὶ
					χαλεποῦ· ὥστε καρπωσάμενοί τινʼ ἕκαστοι τούτων πλεονεξίαν οἱ μὲν ἤδη πεπόνθασιν
					ἃ δὴ πάντες ἴσασιν, οἱ δʼ ὅταν ποτὲ συμβῇ πείσονται. ὑμεῖς δʼ ὧν μὲν
					†ἀπεστέρησθε,† σιωπῶ· ἀλλʼ ἐν αὐτῷ τῷ τὴν εἰρήνην ποιήσασθαι, πόσʼ ἐξηπάτησθε,
					πόσων ἀπεστέρησθε. </p>
			</div>
			<div n="64" type="section">
				<p>οὐχὶ Φωκέας, οὐ Πύλας, οὐχὶ τἀπὶ Θρᾴκης, Δορίσκον, Σέρριον, τὸν Κερσοβλέπτην
					αὐτόν; οὐ νῦν τὴν πόλιν τὴν Καρδιανῶν ἔχει καὶ ὁμολογεῖ; τί ποτʼ οὖν ἐκείνως
					τοῖς ἄλλοις καὶ οὐ τὸν αὐτὸν τρόπον ὑμῖν προσφέρεται; ὅτι ἐν μόνῃ τῶν πασῶν
					πόλεων τῇ ὑμετέρᾳ ἄδειʼ ὑπὲρ τῶν ἐχθρῶν λέγειν δέδοται, καὶ λαβόντα χρήματʼ
					αὐτὸν ἀσφαλές ἐστι λέγειν παρʼ ὑμῖν, κἂν ἀφῃρημένοι τὰ ὑμέτερʼ αὐτῶν ἦτε. οὐκ ἦν
					ἀσφαλὲς λέγειν ἐν Ὀλύνθῳ τὰ Φιλίππου μὴ σὺν εὖ πεπονθότων τῶν πολλῶν Ὀλυνθίων τῷ
					Ποτείδαιαν καρποῦσθαι· </p>
			</div>
			<div n="65" type="section">
				<p>οὐκ ἦν ἀσφαλὲς λέγειν ἐν Θετταλίᾳ τὰ Φιλίππου μὴ σὺν εὖ πεπονθότος τοῦ πλήθους
					τοῦ Θετταλῶν τῷ τοὺς τυράννους ἐκβαλεῖν Φίλιππον αὐτοῖς καὶ τὴν Πυλαίαν
					ἀποδοῦναι· οὐκ ἦν ἐν Θήβαις ἀσφαλές, πρὶν τὴν Βοιωτίαν ἀπέδωκε καὶ τοὺς Φωκέας
					ἀνεῖλεν. </p>
			</div>
			<div n="66" type="section">
				<p>ἀλλʼ Ἀθήνησιν, οὐ μόνον Ἀμφίπολιν καὶ τὴν Καρδιανῶν χώραν ἀπεστερηκότος Φιλίππου,
					ἀλλὰ καὶ κατασκευάζοντος ὑμῖν ἐπιτείχισμα τὴν Εὔβοιαν καὶ νῦν ἐπὶ Βυζάντιον
					παριόντος, ἀσφαλές ἐστι λέγειν ὑπὲρ Φιλίππου. καὶ γάρ τοι τούτων μὲν ἐκ πτωχῶν
					ἔνιοι ταχὺ πλούσιοι γίγνονται, καὶ ἐξ ἀνωνύμων καὶ ἀδόξων ἔνδοξοι καὶ γνώριμοι,
					ὑμεῖς δὲ τοὐναντίον ἐκ μὲν ἐνδόξων ἄδοξοι, ἐκ δʼ εὐπόρων ἄποροι· πόλεως γὰρ
					ἔγωγε πλοῦτον ἡγοῦμαι συμμάχους, πίστιν, εὔνοιαν, ὧν πάντων ἔσθʼ ὑμεῖς ἄποροι.
				</p>
			</div>
			<div n="67" type="section">
				<p>ἐκ δὲ τοῦ τούτων ὀλιγώρως ἔχειν καὶ ἐᾶν ταῦτα φέρεσθαι ὁ μὲν εὐδαίμων καὶ μέγας
					καὶ φοβερὸς πᾶσιν Ἕλλησι καὶ βαρβάροις, ὑμεῖς δʼ ἔρημοι καὶ ταπεινοί, τῇ τῶν
					ὠνίων ἀφθονίᾳ λαμπροί, τῇ δʼ ὧν προσῆκε παρασκευῇ καταγέλαστοι. οὐ τὸν αὐτὸν δὲ
					τρόπον περί θʼ ὑμῶν καὶ περὶ αὑτῶν ἐνίους τῶν λεγόντων ὁρῶ βουλευομένους· ὑμᾶς
					μὲν γὰρ ἡσυχίαν ἄγειν φασὶ δεῖν, κἄν τις ὑμᾶς ἀδικῇ, αὐτοὶ δʼ οὐ δύνανται παρʼ
					ὑμῖν ἡσυχίαν ἄγειν οὐδενὸς αὐτοὺς ἀδικοῦντος. </p>
			</div>
			<div n="68" type="section">
				<p>εἶτα φησὶν ὃς ἂν τύχῃ παρελθών <q>οὐ γὰρ ἐθέλεις γράφειν, οὐδὲ κινδυνεύειν, ἀλλʼ
						ἄτολμος εἶ καὶ μαλακός.</q> ἐγὼ δὲ θρασὺς μὲν καὶ βδελυρὸς καὶ ἀναιδὴς οὔτʼ
					εἰμὶ μήτε γενοίμην, ἀνδρειότερον μέντοι πολλῶν πάνυ τῶν ἰταμῶς πολιτευομένων
					παρʼ ὑμῖν ἐμαυτὸν ἡγοῦμαι. </p>
			</div>
			<div n="69" type="section">
				<p>ὅστις μὲν γάρ, ὦ ἄνδρες Ἀθηναῖοι, παριδὼν ἃ συνοίσει τῇ πόλει, κρίνει, δημεύει,
					δίδωσι, κατηγορεῖ, οὐδεμιᾷ ταῦτʼ ἀνδρείᾳ ποιεῖ, ἀλλʼ ἔχων ἐνέχυρον τῆς αὑτοῦ
					σωτηρίας τὸ πρὸς χάριν ὑμῖν λέγειν καὶ πολιτεύεσθαι, ἀσφαλῶς θρασύς ἐστιν· ὅστις
					δʼ ὑπὲρ τοῦ βελτίστου πολλὰ τοῖς ὑμετέροις ἐναντιοῦται βουλήμασι, καὶ μηδὲν
					λέγει πρὸς χάριν ἀλλὰ τὸ βέλτιστον ἀεί, καὶ τὴν τοιαύτην πολιτείαν προαιρεῖται
					ἐν ᾗ πλειόνων ἡ τύχη κυρία γίγνεται ἢ οἱ λογισμοί, τούτων δʼ ἀμφοτέρων ἑαυτὸν
					ὑπεύθυνον ὑμῖν παρέχει, οὗτός ἐστʼ ἀνδρεῖος, </p>
			</div>
			<div n="70" type="section">
				<p>καὶ χρήσιμός γε πολίτης ὁ τοιοῦτός ἐστιν, οὐχ οἱ τῆς παρʼ ἡμέραν χάριτος τὰ
					μέγιστα τῆς πόλεως ἀπολωλεκότες, οὓς ἐγὼ τοσούτου δέω ζηλοῦν ἢ νομίζειν ἀξίους
					πολίτας τῆς πόλεως εἶναι, ὥστʼ εἴ τις ἔροιτό με, <q>εἰπέ μοι, σὺ δὲ δὴ τί τὴν
						πόλιν ἡμῖν ἀγαθὸν πεποίηκας;</q> ἔχων, ὦ ἄνδρες Ἀθηναῖοι, καὶ τριηραρχίας
					εἰπεῖν καὶ χορηγίας καὶ χρημάτων εἰσφορὰς καὶ λύσεις αἰχμαλώτων καὶ τοιαύτας
					ἄλλας φιλανθρωπίας, </p>
			</div>
			<div n="71" type="section">
				<p>οὐδὲν ἂν τούτων εἴποιμι, ἀλλʼ ὅτι τῶν τοιούτων πολιτευμάτων οὐδὲν πολιτεύομαι,
					ἀλλὰ δυνάμενος ἂν ἴσως, ὥσπερ καὶ ἕτεροι, καὶ κατηγορεῖν καὶ χαρίζεσθαι καὶ
					δημεύειν καὶ τἄλλʼ ἃ ποιοῦσιν οὗτοι ποιεῖν, οὐδʼ ἐφʼ ἓν τούτων πώποτʼ ἐμαυτὸν
					ἔταξα, οὐδὲ προήχθην οὔθʼ ὑπὸ κέρδους οὔθʼ ὑπὸ φιλοτιμίας, ἀλλὰ διαμένω λέγων ἐξ
					ὧν ἐγὼ μὲν πολλῶν ἐλάττων εἰμὶ παρʼ ὑμῖν, ὑμεῖς δʼ, εἰ πείσεσθέ μοι, μείζους ἂν
					εἴητε· οὕτω γὰρ ἴσως ἀνεπίφθονον εἰπεῖν. </p>
			</div>
			<div n="72" type="section">
				<p>οὐδʼ ἔμοιγε δοκεῖ δικαίου τοῦτʼ εἶναι πολίτου, τοιαῦτα πολιτεύμαθʼ εὑρίσκειν ἐξ
					ὧν ἐγὼ μὲν πρῶτος ὑμῶν ἔσομαι εὐθέως, ὑμεῖς δὲ τῶν ἄλλων ὕστατοι· ἀλλὰ
					συναυξάνεσθαι δεῖ τὴν πόλιν τοῖς τῶν ἀγαθῶν πολιτῶν πολιτεύμασι, καὶ τὸ
					βέλτιστον ἀεί, μὴ τὸ ῥᾷστον ἅπαντας λέγειν· ἐπʼ ἐκεῖνο μὲν γὰρ ἡ φύσις αὐτὴ
					βαδιεῖται, ἐπὶ τοῦτο δὲ τῷ λόγῳ δεῖ προάγεσθαι διδάσκοντα τὸν ἀγαθὸν πολίτην.
				</p>
			</div>
			<div n="73" type="section">
				<p>ἤδη τοίνυν τινὸς ἤκουσα τοιοῦτόν τι λέγοντος, ὡς ἄρʼ ἐγὼ λέγω μὲν ἀεὶ τὰ
					βέλτιστα, ἔστιν δʼ οὐδὲν ἀλλʼ ἢ λόγοι τὰ παρʼ ἐμοῦ, δεῖ δʼ ἔργων τῇ πόλει καὶ
					πράξεώς τινος. ἐγὼ δʼ ὡς ἔχω περὶ τούτων, λέξω πρὸς ὑμᾶς καὶ οὐκ ἀποκρύψομαι.
					οὐδʼ εἶναι νομίζω τοῦ συμβουλεύοντος ὑμῖν ἔργον οὐδὲν πλὴν εἰπεῖν τὰ βέλτιστα.
					καὶ τοῦθʼ ὅτι τοῦτον ἔχει τὸν τρόπον ῥᾳδίως οἶμαι δείξειν. </p>
			</div>
			<div n="74" type="section">
				<p>ἴστε γὰρ δήπου τοῦθʼ ὅτι Τιμόθεός ποτʼ ἐκεῖνος ἐν ὑμῖν ἐδημηγόρησεν ὡς δεῖ
					βοηθεῖν καὶ τοὺς Εὐβοέας σῴζειν, ὅτε Θηβαῖοι κατεδουλοῦντʼ αὐτούς, καὶ λέγων
					εἶπεν οὕτω πως· <q>εἰπέ μοι, βουλεύεσθε,</q> ἔφη, <q>Θηβαίους ἔχοντες ἐν νήσῳ,
						τί χρήσεσθε καὶ τί δεῖ ποιεῖν; οὐκ ἐμπλήσετε τὴν θάλατταν, ὦ ἄνδρες
						Ἀθηναῖοι, τριήρων; οὐκ ἀναστάντες ἤδη πορεύσεσθʼ εἰς τὸν Πειραιᾶ; </q></p>
			</div>
			<div n="75" type="section">
				<p>
					<q>οὐ καθέλξετε τὰς ναῦς;</q> οὐκοῦν εἶπε μὲν ταῦθʼ ὁ Τιμόθεος, ἐποιήσατε δʼ
					ὑμεῖς· ἐκ δὲ τούτων ἀμφοτέρων τὸ πρᾶγμʼ ἐπράχθη. εἰ δʼ ὁ μὲν εἶπεν ὡς οἷόν τε
						<del>τὰ</del> ἄριστα, ὥσπερ εἶπεν, ὑμεῖς δʼ ἀπερρᾳθυμήσατε καὶ μηδὲν
					ὑπηκούσατε, ἆρʼ ἂν ἦν γεγονός τι τῶν τότε συμβάντων τῇ πόλει; οὐχ οἷόν τε. οὕτω
					τοίνυν καὶ περὶ ὧν ἂν ἐγὼ λέγω καὶ περὶ ὧν ἂν ὁ δεῖνʼ εἴπῃ, τὰ μὲν ἔργα παρʼ
					ὑμῶν αὐτῶν ζητεῖτε, †τὰ δὲ βέλτιστα ἐπιστήμῃ† λέγειν παρὰ τοῦ παριόντος. </p>
			</div>
			<div n="76" type="section">
				<p>ἐν κεφαλαίῳ δʼ ἃ λέγω φράσας καταβῆναι βούλομαι. χρήματʼ εἰσφέρειν φημὶ δεῖν· τὴν
					ὑπάρχουσαν δύναμιν συνέχειν, ἐπανορθοῦντας εἴ τι δοκεῖ μὴ καλῶς ἔχειν, μὴ ὅσοις
					ἄν τις αἰτιάσηται τὸ ὅλον καταλύοντας· πρέσβεις ἐκπέμπειν πανταχοῖ τοὺς
					διδάξοντας, νουθετήσοντας, πράξοντας· παρὰ πάντα ταῦτα τοὺς ἐπὶ τοῖς πράγμασι
					δωροδοκοῦντας κολάζειν καὶ μισεῖν πανταχοῦ, ἵνʼ οἱ μέτριοι καὶ δικαίους αὑτοὺς
					παρέχοντες εὖ βεβουλεῦσθαι δοκῶσι καὶ τοῖς ἄλλοις καὶ ἑαυτοῖς. </p>
			</div>
			<div n="77" type="section">
				<p>ἂν οὕτω τοῖς πράγμασι χρῆσθε καὶ παύσησθʼ ὀλιγωροῦντες ἁπάντων, ἴσως ἄν, ἴσως καὶ
					νῦν ἔτι βελτίω γένοιτο. εἰ μέντοι καθεδεῖσθε, ἄχρι τοῦ θορυβῆσαι καὶ ἐπαινέσαι
					σπουδάζοντες, ἐὰν δὲ δέῃ τι ποιεῖν ἀναδυόμενοι, οὐχ ὁρῶ λόγον ὅστις ἄνευ τοῦ
					ποιεῖν ὑμᾶς ἃ προσήκει δυνήσεται τὴν πόλιν σῶσαι. </p>
			</div>

		</body>
	</text>
</TEI>
