<?xml version="1.0" encoding="UTF-8"?>
<TEI xmlns="http://www.tei-c.org/ns/1.0">
	<teiHeader>

		<fileDesc>

			<titleStmt>
				<title>Against Phaenippus </title>
				<author>Demosthenes</author>
				<sponsor>Perseus Project, Tufts University</sponsor>
				<principal>Gregory Crane</principal>
				<respStmt>
					<resp>Prepared under the supervision of</resp>
					<name>Lisa Cerrato</name>
					<name>William Merrill</name>
					<name>Elli Mylonas</name>
					<name>David Smith</name>
				</respStmt>
				<funder n="org:AnnCPB">The Annenberg CPB/Project</funder>

			</titleStmt>
			<publicationStmt>
				<publisher>Trustees of Tufts University</publisher>
				<pubPlace>Medford, MA</pubPlace>
				<authority>Perseus Project</authority>
			</publicationStmt>





			<sourceDesc>
				<biblStruct>
					<monogr>
						<author>Demosthenes</author>
						<title>Demosthenis.Orationes. ed. W. Rennie</title>

						<imprint>
							<publisher>Oxonii.e Typographeo Clarendoniano</publisher>
							<date>1931</date>
						</imprint>
					</monogr>
				</biblStruct>
			</sourceDesc>


		</fileDesc>

		<encodingDesc>

			<refsDecl>
				<refState unit="speech"/>
				<refState unit="section"/>
			</refsDecl>
		</encodingDesc>

		<profileDesc>
			<langUsage>
				<language ident="greek">Greek </language>
				<language ident="en">English </language>
			</langUsage>
		</profileDesc>
	</teiHeader>
	<text xml:lang="grc">
		<body>

			<div type="section" n="1">
				<p>πολλὰ κἀγαθὰ γένοιτο, ὦ ἄνδρες δικασταί, πρῶτον μὲν ὑμῖν ἅπασιν, ἔπειτα δὲ καὶ
					Σόλωνι τῷ νομοθετήσαντι τὸν περὶ τῶν ἀντιδόσεων νόμον. εἰ μὴ γὰρ οὗτος ἡμῖν
					σαφῶς διώρισεν, τί πρῶτον δεῖ ποιεῖν τοὺς ἀντιδεδωκότας καὶ τί δεύτερον καὶ
					τἄλλα δʼ ἐφεξῆς, οὐκ οἶδʼ ὅποι προῆλθεν ἂν ἡ τουτουὶ Φαινίππου τόλμα, ὅπου γε
					καὶ νῦν ἅπαντα ταῦτα προλέγοντος ἡμῖν τοῦ νόμου, ὅμως οὐδὲν φροντίσας τῶν ἐν
					αὐτῷ γεγραμμένων δικαίων, ἀντὶ μὲν τοῦ τριῶν ἡμερῶν ἀφʼ ἧς ὤμοσε τὴν ἀπόφασιν
					δοῦναί μοι τῆς οὐσίας τῆς αὑτοῦ κατὰ τὸν νόμον, ἢ εἰ μὴ τότʼ ἐβούλετο, τῇ γʼ
					ἕκτῃ <add>φθίνοντος</add> δοῦναι τοῦ βοηδρομιῶνος μηνός, ἣν δεηθείς μου ἔθετο
					καὶ ἐν ᾗ ὡμολόγησε δώσειν τὴν ἀπόφασιν, </p>
			</div>
			<div type="section" n="2">
				<p>οὐδέτερα τούτων ἐποίησεν, ἀλλὰ καταφρονήσας ἀμφοτέρων, καὶ ἡμῶν καὶ τοῦ νόμου,
					δευτέρῳ μηνὶ ἔδωκεν, δυοῖν ἢ τρισὶν ἡμέραις πρότερον τῆς εἰς τὸ δικαστήριον
					εἰσόδου, τὸν δʼ ἄλλον ἅπαντʼ ἐκποδὼν ἦν χρόνον· ἀντὶ δὲ τοῦ τὰ σημεῖα ἐᾶν τῶν
					οἰκημάτων ἃ παρεσημηνάμην, ἐλθὼν εἰς ἀγρὸν ἀνέῳξε καὶ τὰς κριθὰς ἐξεφόρησεν καὶ
					τἄλλα, ὥσπερ ἐξουσίαν δεδωκότος αὐτῷ τοῦ νόμου ποιεῖν ὅ τι ἂν βούληται καὶ μὴ ὡς
					δίκαιόν ἐστιν.</p>
			</div>
			<div type="section" n="3">
				<p>ἐγὼ δʼ, ὦ ἄνδρες δικασταί, ἥδιστα μὲν ἂν ἐμαυτὸν εἶδον εὐτυχοῦντα ὥσπερ πρότερον
					τῇ οὐσίᾳ καὶ μένοντα ἐν τοῖς τριακοσίοις· ἐπειδὴ δὲ τὰ μὲν τῆς κοινῆς ἀτυχίας
					μετασχὼν τοῖς ἄλλοις τοῖς ἐργαζομένοις ἐν τοῖς ἔργοις, τὰ δʼ ἰδίᾳ μεγάλαις
					περιπεπτωκὼς ζημίαις ἀπολώλεκα τὴν οὐσίαν, καὶ τὸ τελευταῖον νυνί με δεῖ τῇ
					πόλει τρία τάλαντα καταθεῖναι, τάλαντον κατὰ τὴν μερίδα (μετέσχον γάρ, ὡς μή
					ποτʼ ὤφελον, κἀγὼ τοῦ δημευθέντος μετάλλου), ἀναγκαῖόν ἐστιν εἰς τὴν ἐμὴν τάξιν
					πειρᾶσθαι καθιστάναι τὸν οὐ μόνον ἐμοῦ νῦν ὄντα πλουσιώτερον, ἀλλὰ καὶ πρότερον,
					καὶ οὐδεπώποτʼ οὐδὲν λελῃτουργηκότα ὑμῖν οὐδʼ εἰσενηνοχότα τῇ πόλει. </p>
			</div>
			<div type="section" n="4">
				<p>δέομαι οὖν ὑμῶν ἁπάντων, ὦ ἄνδρες δικασταί, ἐὰν ἐπιδεικνύω Φαίνιππον τουτονὶ καὶ
					παραβεβηκότα τὰ ἐν τοῖς νόμοις δίκαια καὶ πλουσιώτερον ὄντα ἐμαυτοῦ, βοηθῆσαί
					μοι καὶ τοῦτον εἰς τοὺς τριακοσίους ἀντʼ ἐμοῦ καταστῆσαι· διὰ τοῦτο γὰρ οἱ νόμοι
					καθʼ ἕκαστον ἔτος ποιοῦσιν τὰς ἀντιδόσεις, ὅτι τὸ διευτυχεῖν συνεχῶς τῇ οὐσίᾳ οὐ
					πολλοῖς τῶν πολιτῶν διαμένειν εἴθισται. ἐξ ἀρχῆς δʼ ὑμῖν τὰ γενόμενα περὶ τὴν
					ἀντίδοσιν διηγήσομαι. </p>
			</div>
			<div type="section" n="5">
				<p>τοῦ γὰρ μεταγειτνιῶνος, ὦ ἄνδρες δικασταί, τῇ δευτέρᾳ ἱσταμένου ἐποίουν οἱ
					στρατηγοὶ τοῖς τριακοσίοις τὰς ἀντιδόσεις. ἐν ταύταις ἐκάλεσα κατὰ τὸν νόμον
					Φαίνιππον τουτονί. καλέσας δὲ καὶ παραλαβὼν τῶν οἰκείων τινὰς καὶ φίλων,
					ἐπορευόμην Κύθηρόνδε εἰς τὴν ἐσχατιὰν αὐτοῦ. καὶ πρῶτον μὲν περιαγαγὼν τὴν
					ἐσχατιὰν πλέον ἢ σταδίων οὖσαν τετταράκοντα κύκλῳ, ἔδειξα καὶ διεμαρτυράμην
					ἐναντίον Φαινίππου, ὅτι οὐδεὶς ὅρος ἔπεστιν ἐπὶ τῇ ἐσχατιᾷ· εἰ δέ φησιν, εἰπεῖν
					ἐκέλευον αὐτὸν ἤδη καὶ δεῖξαι, ὅπως μὴ ὕστερον ἐνταῦθα χρέως γενόμενον <del>ἐπὶ
						τῷ χωρίῳ</del> ἀναφανήσεται. </p>
			</div>
			<div type="section" n="6">
				<p>ἔπειτα παρεσημηνάμην τὰ οἰκήματα, καὶ τοῦτον ἐκέλευον εἰς τἀμὰ βαδίζειν. μετὰ δὲ
					ταῦτα ἠρόμην ὅπου ὁ σῖτος εἴη ὁ ἀπηλοημένος· ἦσαν γὰρ νὴ τοὺς θεοὺς καὶ τὰς
					θεάς, ἄνδρες δικασταί, δύο ἅλως αὐτόθι, μικροῦ πλέθρου ἑκατέρα. ὁ δὲ ἀπεκρίνατό
					μοι, ὅτι ὁ μὲν πεπραμένος εἴη τοῦ σίτου, ὁ δʼ ἔνδον ἀποκείμενος. </p>
			</div>
			<div type="section" n="7">
				<p>τέλος δέ, ἵνα μὴ μακρολογῶ, καταστήσας φυλάττειν ἔνδον τινάς, καὶ νὴ Δίʼ ἀπειπὼν
					καὶ κωλύσας τοὺς ὀνηλάτας μὴ ἐξάγειν τὴν ὕλην ἐκ τῆς ἐσχατιᾶς (πρὸς γὰρ τῇ ἄλλῃ
					οὐσίᾳ τῇ Φαινίππου, ὦ ἄνδρες δικασταί, καὶ αὕτη πρόσοδος μεγάλη ἐστὶν αὐτῷ· ἓξ
					ὄνοι διʼ ἐνιαυτοῦ ὑλαγωγοῦσιν, καὶ λαμβάνει οὗτος πλέον ἢ δώδεκα δραχμὰς τῆς
					ἡμέρας) τούτοις ἀπειπών, ὥσπερ λέγω, τῆς ὕλης μὴ ἅπτεσθαι, καὶ ἐπαγγείλας ἐπὶ τὰ
					ἱερὰ Φαινίππῳ κατὰ τὸν νόμον ἀπαντᾶν, ᾠχόμην ἀπιὼν εἰς ἄστυ. </p>
			</div>
			<div type="section" n="8">
				<p>πρῶτον μὲν οὖν τῶν εἰρημένων τὰς μαρτυρίας ὑμῖν παρέξομαι, ἔπειτα καὶ περὶ τῶν
					ἄλλων ἀκούσεσθε πάσας τὰς ἀληθείας· τουτονὶ γάρ, ὦ ἄνδρες δικασταί, Φαίνιππον
					εὑρήσετʼ εὐθὺς ἀπὸ τῆς πρώτης ἡμέρας ἀρξάμενον τοῦ μηδὲν δίκαιον ποιεῖν.
					παρεσημηνάμην τὰ οἰκήματα, τοῦ νόμου μοι δεδωκότος· οὗτος ἀνέῳξεν. καὶ τὸ μὲν
					ἀφελεῖν τὸ σημεῖον ὁμολογεῖ, τὸ δʼ ἀνοῖξαι τὴν θύραν οὐχ ὁμολογεῖ, ὥσπερ ἄλλου
					τινὸς ἕνεκα τὰ σημεῖα ἀφαιροῦντας ἢ τοῦ τὰς θύρας ἀνοῖξαι. </p>
			</div>
			<div type="section" n="9">
				<p>ἔπειτʼ ἀπεῖπον τὴν ὕλην μὴ ἐξάγειν· ἐξῆγεν οὗτος ἁπάσας τὰς ἡμέρας, πλὴν ἐκείνης
					ἐν ᾗ ἐγὼ ἀπεῖπον. χρέως οὐδʼ ὁτιοῦν ὠφείλετʼ ἐπὶ τῇ ἐσχατιᾷ· νῦν οὗτος ἀποφαίνει
					πολλά. ἁπλῶς ποιεῖ ὅ τι ἂν βούληται, οὐχ ὅ τι οἱ νόμοι κελεύουσιν. λέγε τὰς
					μαρτυρίας, πρῶτον μὲν τὰς περὶ τοῦ μετάλλου, ἔπειτα καὶ τὰς ἄλλας.<quote
						n="*marturi/ai"><title>Μαρτυρίαι</title></quote>
				</p>
			</div>
			<div type="section" n="10">
				<p>ἃ μὲν τοίνυν εὐθὺς τῇ πρώτῃ ἡμέρᾳ μετὰ τὰς ἀντιδόσεις ἤρξατό με Φαίνιππος
					ἀδικεῖν, ἀκηκόατε, ὦ ἄνδρες Ἀθηναῖοι, καὶ ἐμοῦ καὶ τῶν μαρτύρων. τὰ δὲ μετὰ
					ταῦτα γεγενημένα οὐκέτι εἰς ἐμὲ μόνον αὐτῷ ἡμάρτηται, ἀλλὰ καὶ εἰς τοὺς νόμους,
					ὑπὲρ ὧν ὑμῖν ἅπασι σπουδαστέον ἐστίν. </p>
			</div>
			<div type="section" n="11">
				<p>ὀμόσας γὰρ τῇ ἑνδεκάτῃ τοῦ βοηδρομιῶνος μηνὸς ἀποφανεῖν ὀρθῶς καὶ δικαίως τὴν
					οὐσίαν, καὶ τοῦ νόμου διαρρήδην λέγοντος τριῶν ἡμερῶν ἀφʼ ἧς ἂν ὀμόσῃ διδόναι
					τὴν ἀπόφασιν, ἐδεῖτό μου προσελθὼν πρόσθε τῶν δικαστηρίων μετὰ Πολυεύκτου τοῦ
					Κριωέως καὶ ἑτέρων τινῶν, πρῶτον μὲν περὶ διαλύσεως συνελθεῖν αὑτῷ· πάντα γάρ
					μοι τὰ δίκαια ποιήσειν· ἔπειτα τὴν ἀπόφασιν τῆς οὐσίας ἀναβαλέσθαι μὴ πολλὰς
					ἡμέρας· οὐ γὰρ ἀγνοεῖν μου τὰ πράγματα. </p>
			</div>
			<div type="section" n="12">
				<p>ἡγησάμενος δʼ ἐγὼ καὶ μετρίου καὶ ἀπράγμονος εἶναι πολίτου μὴ εὐθὺς ἐπὶ κεφαλὴν
					εἰς τὸ δικαστήριον βαδίζειν, ἐπείσθην (τί γὰρ δεῖ μακρολογεῖν;) τὴν μὲν σύνοδον
					τὴν περὶ τῶν διαλύσεων τῇ ὀγδόῃ φθίνοντος τοῦ βοηδρομιῶνος μηνὸς ὁμολογῆσαι
					ποιήσασθαι, τὴν δὲ ἀπόφασιν τῆς οὐσίας τῇ ἕκτῃ φθίνοντος. τυχὼν δὲ τούτων
					ἀμφοτέρων παρʼ ἐμοῦ Φαίνιππος οὐδʼ εἰς ἑτέραν τῶν ἡμερῶν ἀπήντησεν· ἀλλʼ ἀνθʼ
					ἑνὸς δύο νόμους ἥκει πρὸς ὑμᾶς παραβεβηκώς, ἕνα μὲν τὸν κελεύοντα τριῶν ἡμερῶν
					ἀφʼ ἧς ἂν ὀμόσῃ τὴν οὐσίαν ἀποφαίνειν, ἕτερον δὲ τὸν κελεύοντα κυρίας εἶναι τὰς
					πρὸς ἀλλήλους ὁμολογίας, ἃς ἂν ἐναντίον ποιήσωνται μαρτύρων. </p>
			</div>
			<div type="section" n="13">
				<p>καίτοι, ὦ ἄνδρες δικασταί, τίς οὐκ οἶδεν ὑμῶν, ὅτι ὁμοίως ἥ τε ἐν τῷ νόμῳ
					γεγραμμένη κυρία ἐστὶν ἡμέρα καὶ ἡ ὑπὸ τῶν ἀντιδίκων συγχωρηθεῖσα; πολλάκις γὰρ
					ἔν τε τοῖς νόμοις γεγραμμένης τριακοστῆς ἡμέρας ἑτέραν ἡμῖν αὐτοῖς συγχωρήσαντες
					ἐθέμεθα, παρά τε ταῖς ἀρχαῖς ἁπάσαις καὶ δίκας καὶ κρίσεις ἀναβάλλονται τοῖς
					ἀντιδίκοις οἱ ἄρχοντες συγχωρησάντων ἐκείνων ἀλλήλοις· ὧν εἴ τις ἄκυρον ἡγήσαιτο
					δεῖν εἶναι τὴν πρὸς ἀλλήλους ὁμολογίαν, μισήσαιτʼ ἂν αὐτὸν ὡς ὑπερβάλλοντα
					συκοφαντίᾳ. </p>
			</div>
			<div type="section" n="14">
				<p>Φαίνιππος τοίνυν, ὥσπερ τοῦ νόμου προστάττοντος μηδὲν ποιεῖν ὧν ἂν ὁμολογήσῃ τις,
					ἀπʼ ἐκείνης τῆς ἡμέρας, ἀφʼ ἧς ὡμολόγησεν ἐπί τε τὰς διαλύσεις ἀπαντήσεσθαι καὶ
					τὴν ἀπόφασίν μοι τὴν αὑτοῦ δώσειν καὶ τὴν παρʼ ἐμοῦ λήψεσθαι, οὐδεπώποτʼ
					ἀπήντησεν· ἀλλʼ ἐγὼ μὲν ἐπειδὴ τοῦτον ἑώρων οὐ προσέχοντά μοι τὸν νοῦν οὐδὲ τοῖς
					νόμοις, εἰς τὸ στρατήγιον ἔδωκα τὴν ἀπόφασιν, οὗτος δέ, ὅπερ καὶ μικρῷ πρότερον
					εἶπον, πρῴην ἔδωκέ μοι βιβλίον, οὐδὲν ἄλλο βουλόμενος ἢ δοκεῖν μὲν δεδωκέναι τὴν
					ἀπόφασιν, μὴ ἔχειν δέ με τοῖς ἐν αὐτῷ γεγραμμένοις ὅ τι χρήσομαι. </p>
			</div>
			<div type="section" n="15">
				<p>χρὴ δʼ, ὦ ἄνδρες δικασταί, μὴ τοῖς ἰσχυροτέραν νομίζουσι τῶν νόμων τὴν αὑτῶν
					βδελυρίαν εἶναι, πλέον τούτοις τοῦ δικαίου νέμειν (εἰ δὲ μή, πολλοὺς ποιήσετε
					τοὺς καταγελῶντας τῶν ἐν τοῖς νόμοις δικαίων γεγραμμένων), ἀλλʼ ἐκείνοις
					βοηθεῖν, οἵτινες ἂν τὴν τῶν νόμων φωνὴν ὑμετέραν εἶναι νομίζωσι, καὶ τὴν ἡμέραν
					ταύτην, τὴν εἰς τὸ δικαστήριον, ὑπὲρ τῶν ἠδικημένων εἶναι <del>νομίζωσιν</del>,
					μὴ τῶν ἠδικηκότων. </p>
			</div>
			<div type="section" n="16">
				<p>λέγε τῶν ἀρτίως εἰρημένων τὰς μαρτυρίας καὶ τοὺς νόμους.</p>
				<quote n="*marturi/ai"><title>Μαρτυρίαι</title></quote>
				<quote n="*no/moi"><title>Νόμοι</title></quote>
				<p>τοιαῦτα τοίνυν, ὦ ἄνδρες δικασταί, πεπονθὼς ἐγὼ ὑπὸ Φαινίππου ἀπεγραψάμην πρὸς
					τοὺς στρατηγοὺς ταύτην τὴν <del>ἀπο</del>γραφήν. λέγε.</p>
				<quote n="*)apografh/"><title><del>Ἀπο</del>γραφή</title></quote>
			</div>
			<div type="section" n="17">
				<p>πῶς οὖν ἄλλως πρὸς τῶν θεῶν καὶ δαιμόνων, ὦ ἄνδρες δικασταί, ἐπιδεικνύειν ὑμῖν
					δεῖ Φαίνιππον ἔνοχον ὄντα τοῖς ἀνεγνωσμένοις ἢ ὅνπερ τρόπον ἐγὼ νῦν ἐπιδεικνύω;
					ἀλλʼ ὅμως ἐμὲ ἀντεγράψατο Φαίνιππος μὴ δικαίως ἀποφαίνειν τὴν οὐσίαν· οὕτω τὸ
					πρὸς ὑμᾶς ψεύδεσθαι τοῖς τοιούτοις ῥᾴδιόν ἐστιν· καὶ κατηγορεῖ τοῦ ὅρκου ὃν
					ὤμοσα πρὸ τῆς ἀποφάσεως, λέγων ὅτι πλὴν τῶν ἐν τοῖς ἔργοις ὑπεσχόμην ἀποφαίνειν
					τὴν ἄλλην οὐσίαν, ὥσπερ τὸ κατὰ τοὺς νόμους ὀμνύειν, τοῦτʼ ἄξιον κατηγορίας ὄν.
				</p>
			</div>
			<div type="section" n="18">
				<p>ὑμεῖς δʼ ἴστε, ὦ ἄνδρες δικασταί (ὑμεῖς γὰρ ἔθεσθε) τὸν νόμον, ὃς διαρρήδην οὕτω
					λέγει, <q>τοὺς δʼ ἀντιδιδόντας ἀλλήλοις, ὅταν ὀμόσαντες ἀποφαίνωσι τὴν οὐσίαν,
						προσομνύειν τόνδε τὸν ὅρκον <q>ἀποφαίνω τὴν οὐσίαν τὴν ἐμαυτοῦ ὀρθῶς καὶ
							δικαίως, πλὴν τῶν ἐν τοῖς ἔργοις τοῖς ἀργυρείοις, ὅσα οἱ νόμοι ἀτελῆ
							πεποιήκασι</q>.</q>
				</p>
			</div>
			<div type="section" n="19">
				<p>μᾶλλον δὲ λέγε τὸν νόμον αὐτόν. μικρὸν μὲν οὖν ἱκετεύω ἐπίσχες. ἐγὼ γὰρ καὶ
					πρότερον προὐκαλεσάμην Φαίνιππον, καὶ νῦν, ὦ ἄνδρες δικασταί, δίδωμι αὐτῷ δωρεὰν
					καὶ ἀφίσταμαι μετὰ τῆς ἄλλης οὐσίας καὶ τῶν ἐν τοῖς ἔργοις, ἐάν μοι τὴν ἐσχατιὰν
					μόνην ἐλευθέραν παραδῷ, ὥσπερ ἦν ὅτʼ ἐγὼ τὸ πρῶτον ἦλθον εἰς αὐτὴν μετὰ
					μαρτύρων, καὶ ἐάν, ὃν ἐξῆχεν ἐκ τῶν οἰκημάτων σῖτον καὶ οἶνον καὶ τἄλλα, ἀφελὼν
					ἀπὸ τῶν θυρῶν τὰ σημεῖα, ταῦτα πάλιν εἰς ταὐτὸ καταστήσῃ. </p>
			</div>
			<div type="section" n="20">
				<p>καὶ τί λέγεις ἔτι καὶ βοᾷς; πόλλʼ ἐκ τῶν ἔργων τῶν ἀργυρείων ἐγώ, Φαίνιππε,
					πρότερον αὐτὸς τῷ ἐμαυτοῦ σώματι πονῶν καὶ ἐργαζόμενος συνελεξάμην· ὁμολογῶ.
					νυνὶ δὲ πλὴν ὀλίγων ἅπαντʼ ἀπολώλεκα. σὺ δʼ ἐκ τῆς ἐσχατιᾶς νῦν πωλῶν τὰς κριθὰς
					ὀκτωκαιδεκαδράχμους καὶ τὸν οἶνον δωδεκάδραχμον πλουτεῖς εἰκότως, ἐπειδὰν ποιῇς
					σίτου μὲν μεδίμνους πλέον ἢ χιλίους, οἴνου δὲ μετρήτας ὑπὲρ ὀκτακοσίους. </p>
			</div>
			<div type="section" n="21">
				<p>ἔτʼ οὖν τὴν αὐτὴν ἡμᾶς τάξιν ἔχειν δεῖ, μὴ τῆς αὐτῆς τύχης ἡμῖν παρακολουθούσης
					νῦν τε καὶ πρότερον; μηδαμῶς· οὐ γὰρ δίκαιον. ἀλλὰ διάδεξαι καὶ σὺ καὶ μετάλαβε
					μικρὸν χρόνον τῆς τοῦ λῃτουργοῦντος τάξεως, ἐπειδὴ οἱ μὲν ἐν τοῖς ἔργοις
					ἠτυχήκασιν, ὑμεῖς δʼ οἱ γεωργοῦντες εὐπορεῖτε μᾶλλον ἢ προσῆκεν. ἱκανὸν γὰρ
					χρόνον δύʼ οὐσίας καρπούμενος διατελεῖς, τὴν μὲν τοῦ φύσει πατρὸς Καλλίππου, τὴν
					δὲ τοῦ ποιησαμένου σε, Φιλοστράτου τοῦ ῥήτορος, καὶ οὐδὲν πώποτε τουτοισὶ
					πεποίηκας. </p>
			</div>
			<div type="section" n="22">
				<p>καίτοι ὁ μὲν ἐμὸς πατὴρ πέντε καὶ τετταράκοντα μνῶν μόνων ἑκατέρῳ, ἐμοὶ καὶ τῷ
					ἀδελφῷ, τὴν οὐσίαν κατέλιπεν, ἀφʼ ἧς ζῆν οὐ ῥᾴδιόν ἐστιν· οἱ δὲ σοὶ πατέρες
					τοσούτων ἦσαν κύριοι χρημάτων, ὥσθʼ ἑκατέρου τρίπους ἀνάκειται, νικησάντων αὐτῶν
					Διονύσια χορηγούντων. καὶ οὐ φθονῶ· δεῖ γὰρ τοὺς εὐπόρους χρησίμους αὑτοὺς
					παρέχειν τοῖς πολίταις. σὺ τοίνυν δεῖξον χαλκοῦν ἕνα μόνον εἰς τὴν πόλιν
					ἀνηλωκώς, ὁ τὰς δύο λῃτουργούσας οὐσίας παρειληφώς. </p>
			</div>
			<div type="section" n="23">
				<p>ἀλλʼ οὐ δείξεις· ἀποκρύπτεσθαι γὰρ καὶ διαδύεσθαι καὶ πάντα ποιεῖν ἐξ ὧν μὴ
					λῃτουργήσεις τουτοισὶ μεμάθηκας. ἀλλʼ ἐγὼ δείξω πόλλʼ ἀνηλωκώς, ὁ τὴν μικρὰν
					οὐσίαν παραλαβὼν παρὰ τοῦ πατρός. πρῶτον δέ μοι τὸν νόμον ἐκεῖνον ἀνάγνωθι τὸν
					οὐκ ἐῶντα τῶν ἐν τοῖς ἔργοις οὐδὲν ἀποφαίνειν καὶ τὴν πρόκλησιν, ἔπειτα τὰς
					μαρτυρίας ὡς δύʼ οἴκων λῃτουργούντων οὑτοσὶ Φαίνιππος κεκληρονόμηκεν.<quote
						n="*no/mos"><title>Νόμος</title></quote><quote n="*pro/klhsis"
							><title>Πρόκλησις</title></quote><quote n="*marturi/ai"
							><title>Μαρτυρίαι</title></quote>
				</p>
			</div>
			<div type="section" n="24">
				<p>ἓν μόνον ἄν τις ἔχοι δεῖξαι τουτονὶ Φαίνιππον πεφιλοτιμημένον εἰς ὑμᾶς, ἄνδρες
					δικασταί· ἱπποτρόφος ἀγαθός ἐστιν καὶ φιλότιμος, ἅτε νέος καὶ πλούσιος καὶ
					ἰσχυρὸς ὤν. τί τούτου μέγα σημεῖον; ἀποδόμενος τὸν πολεμιστήριον ἵππον
					καταβέβηκεν ἀπὸ τῶν ἵππων, καὶ ἀντʼ ἐκείνου ὄχημʼ αὑτῷ τηλικοῦτος ὢν ἐώνηται,
					ἵνα μὴ πεζῇ πορεύηται· τοσαύτης οὗτος τρυφῆς ἐστι μεστός. καὶ τοῦτʼ ἀπογέγραφέν
					μοι, τῶν δὲ κριθῶν καὶ τοῦ οἴνου καὶ τῶν ἄλλων τῶν ἐκ τῆς ἐσχατιᾶς γιγνομένων
					οὐδὲ τὸ δέκατον μέρος. </p>
			</div>
			<div type="section" n="25">
				<p>ἄξιον ἀφεῖναι νῦν αὐτόν ἐστιν, ἐπειδὴ χρήσιμος καὶ φιλότιμος καὶ τῇ οὐσίᾳ καὶ τῷ
					σώματι; πολλοῦ γε καὶ δεῖ. καλῶν γὰρ κἀγαθῶν ἐστι δικαστῶν τοὺς μὲν τῶν πολιτῶν
					ἐθελοντάς, ὅταν εὐπορῶσι, λῃτουργοῦντας καὶ ἐν τοῖς τριακοσίοις ὄντας ἀναπαύειν,
					ὅταν τούτου δεόμενοι τυγχάνωσιν, τοὺς δὲ νομίζοντας ἀπολλύειν, ὅταν εἰς τὸ
					κοινόν τι δαπανήσωσιν, ἄγειν εἰς τοὺς προεισφέροντας καὶ μὴ ἐπιτρέπειν
					δραπετεύειν. λέγε πρῶτον μὲν τὴν μαρτυρίαν, ἔπειτα τὴν ἀπόφασιν αὐτοῦ.<quote
						n="*marturi/a"><title>Μαρτυρία</title></quote><quote n="*)apo/fasis"
							><title>Ἀπόφασις</title></quote>
				</p>
			</div>
			<div type="section" n="26">
				<p>ἔα ταῦτα. καίτοι πολλὰ τῶν ἔνδοθεν ἐκφορήσας, ὦ ἄνδρες δικασταί, Φαίνιππος,
					ἀνοίξας τὰ παρασεσημασμένα τῶν οἰκημάτων, ὡς ὑμῖν μεμαρτύρηται, καὶ καταλιπὼν
					ὅσα ἔδοξεν αὐτῷ, δευτέρῳ μηνὶ τὴν ἀπόφασιν ἔδωκέ μοι τῆς οὐσίας. ἀλλʼ ὅμως ἔα
					ταῦτα. λέγε δʼ ἐντευθενί <q>ἐπὶ τούτοις τάδε ὀφείλω</q>.<quote n="*)apo/fasis"
							><title>Ἀπόφασις</title></quote>
				</p>
			</div>
			<div type="section" n="27">
				<p>ἐπίσχες. αὕτη ἐστίν, ὦ ἄνδρες δικασταί, ἡ Ἀριστονόη τοῦ Φιλοστράτου θυγάτηρ,
					μήτηρ δὲ τουτουί. ταύτῃ χρέως φησὶν ὀφείλεσθαι Φαίνιππος τὴν προῖκα, ἧς οἱ νόμοι
					κύριον τοῦτον ποιοῦσιν, ψευδόμενος καὶ οὐ δικαίως χρώμενος τῇ ἀποφάσει. διὰ τί
					γὰρ ἐγώ, Φαίνιππε, μενούσης μοι τῆς μητρὸς ἐν τῷ οἴκῳ καὶ ζώσης καὶ προῖκα
					ἐπενεγκαμένης, οὐκ ἀπογράφω τὴν προῖκα χρέως αὐτῇ, οὐδὲ παρακρούομαι τοὺς
					δικαστάς, ἀλλʼ ἐῶ μετέχειν τῶν ἐμαυτοῦ τὴν μητέρα, ἄν τε τὴν Φαινίππου ἄν τε τὴν
					ἐμαυτοῦ ἔχω οὐσίαν; ὅτι οἱ νόμοι ταῦτα κελεύουσιν, ὦ βέλτιστε· σὺ δὲ πάντα
					ποιεῖς παρὰ τοὺς νόμους. λέγʼ ἕτερον.<quote n="*)apo/fasis"
							><title>Ἀπόφασις</title></quote>
				</p>
			</div>
			<div type="section" n="28">
				<p>ἀκούετε, ὦ ἄνδρες δικασταί· Παμφίλῳ φησὶν καὶ Φειδόλεῳ Ῥαμνουσίοις κοινῇ τάλαντον
					ἐνοφείλειν καὶ Αἰαντίδῃ Φλυεῖ τετρακισχιλίας καὶ Ἀριστομένει Ἀναγυρασίῳ τέτταρας
					καὶ δέκα μνᾶς. διὰ τί οὖν, Φαίνιππε, ὅτε μὲν ἐγὼ μάρτυρας ἔχων ἠρώτων σε, εἴ τι
					ὀφείλεις ἐπὶ τῇ ἐσχατιᾷ, καὶ ἐκέλευον δεῖξαι ὅρον εἴ που ἔπεστι, καὶ
					διεμαρτυρόμην ὅπως μή μοι ὕστερον κατεσκευασμένοι δανεισταὶ φανήσονται, τότε μὲν
					οὐδὲν ἀπέφηνας τῶν χρεῶν, ἐπειδὴ δὲ δευτέρῳ μηνὶ τὴν ἀπόφασιν ἔδωκάς μοι, τοῦ
					νόμου κελεύοντος τριῶν ἡμερῶν, νῦν ἥκουσι δανεισταὶ καὶ ὀφειλήματα πλέον ἢ τριῶν
					ταλάντων; </p>
			</div>
			<div type="section" n="29">
				<p>ὅτι, ὦ βέλτιστε, οὐδὲν ἄλλο κατασκευάζεις ἢ ὅσονπερ κοινῇ γέγονέ μοι πρὸς τὴν
					πόλιν ὄφλημα, τοσοῦτο καὶ σοὶ ἰδίᾳ νῦν εἶναι. ὅτι δʼ, ὦ Φαίνιππε, ψεύδει καὶ
					ἐπιωρκηκὼς ἥκεις πρὸς τούτους, ἤδη φανερῶς ἐλέγξω. λαβέ μοι, γραμματεῦ, τὴν τοῦ
					Αἰαντίδου καὶ Θεοτέλους μαρτυρίαν, οἷς οὗτος ἀπογέγραφεν ὀφείλονθʼ αὑτὸν
					τετρακισχιλίας δραχμὰς ψευδόμενος καὶ πάλαι ἀποδεδωκώς, οὐχ ἑκών, ἀλλὰ δίκην
					ὀφλών. λέγε.<quote n="*marturi/a"><title>Μαρτυρία</title></quote>
				</p>
			</div>
			<div type="section" n="30">
				<p>ἔπειτʼ, ἄνδρες δικασταί, τὸν οὕτω καταφανῶς ἐν ἅπασιν ἀδίκως πεποιημένον τὴν
					ἀπόφασιν, καὶ μήτε τῶν νόμων φροντίσαντα μηδέν, οἳ διωρίκασιν ἐν οἷς δεῖ τὴν
					ἀπόφασιν ποιεῖσθαι χρόνοις, μήτε τῶν ἰδίων ὁμολογιῶν, ἃς ὁμοίως ὑπολαμβάνομεν
					ἰσχυράς, χωρὶς δὲ τούτων ἀνεῳχότα τὰ σημεῖα τῶν οἰκημάτων καὶ ἐκπεφορηκότα τὸν
					σῖτον καὶ τὸν οἶνον ἔνδοθεν, πρὸς δὲ τούτοις τὴν ὕλην τὴν τετμημένην πεπρακότα
					μετὰ τὴν ἀντίδοσιν, πλέον ἢ τριάκοντα μνῶν οὖσαν ἀξίαν, καὶ τὸ πάντων μέγιστον,
					χρέα ψευδῆ κατεσκευακότα τῆς ἀντιδόσεως ἕνεκα, τοῦτον δικαίως ψηφιεῖσθε
					πεποιῆσθαι τὴν ἀπόφασιν; μηδαμῶς, ὦ ἄνδρες δικασταί. </p>
			</div>
			<div type="section" n="31">
				<p>ποῖ γὰρ τραπέσθαι δεήσει διαμαρτόντα τῆς ὑμετέρας γνώμης, ὅταν οἱ πλούσιοι καὶ
					μηδὲν ὑμῖν πώποτε χρήσιμοι γεγενημένοι, πολὺν καὶ σῖτον καὶ οἶνον ποιοῦντες καὶ
					τοῦτον τριπλασίας τιμῆς ἢ πρότερον διατιθέμενοι, πλεονεκτῶσιν παρʼ ὑμῖν; ὃ
					μηδαμῶς νυνὶ γενέσθω, ἀλλʼ ὥσπερ καὶ κοινῇ πᾶσιν βεβοηθήκατε τοῖς ἐν τοῖς ἔργοις
					ἐργαζομένοις, οὕτω καὶ ἰδίᾳ βοηθήσατέ μοι νῦν. </p>
			</div>
			<div type="section" n="32">
				<p>καὶ γὰρ εἰ οἰκέτης ὑμῶν, μὴ πολίτης ἦν, ὁρῶντες ἄν μου τὴν φιλεργίαν καὶ τὴν εἰς
					ὑμᾶς εὔνοιαν, ἀνεπαύσατʼ ἄν με τῶν ἀναλωμάτων καὶ ἐπὶ τὸν δραπετεύοντα τῶν ἄλλων
					ἤλθετε. τὸν αὐτὸν τρόπον καὶ νῦν, ἐπειδὰν ἀποτείσω τὰ τρία τάλανθʼ ἃ ὦφλον καὶ
					ἀναλάβω ἐμαυτόν, πάλιν ἀναπαύσαντες τῶν τεταλαιπωρηκότων ἕτερον ἐπʼ ἔμʼ ἥξετε·
					νῦν δʼ ἄφετε, ἱκετεύω πάντας ὑμᾶς, ἄνδρες δικασταί, καὶ τὰ δίκαιʼ εἰρηκὼς δέομαι
					βοηθῆσαί μοι καὶ μή με περιελαθέντα περιιδεῖν ὑπὸ τούτων. </p>
			</div>

		</body>
	</text>
</TEI>
