<?xml version="1.0" encoding="UTF-8"?>
<TEI xmlns="http://www.tei-c.org/ns/1.0">
	<teiHeader>

		<fileDesc>

			<titleStmt>
				<title>The Funeral Speech 51-61 (Greek). Machine readable text</title>
				<author>Demosthenes</author>
				<sponsor>Perseus Project, Tufts University</sponsor>
				<principal>Gregory Crane</principal>
				<respStmt>
					<resp>Prepared under the supervision of</resp>
					<name>Lisa Cerrato</name>
					<name>William Merrill</name>
					<name>Elli Mylonas</name>
					<name>David Smith</name>
				</respStmt>
				<funder n="org:AnnCPB">The Annenberg CPB/Project</funder>

			</titleStmt>
			<publicationStmt>
				<publisher>Trustees of Tufts University</publisher>
				<pubPlace>Medford, MA</pubPlace>
				<authority>Perseus Project</authority>
			</publicationStmt>





			<sourceDesc>
				<biblStruct>
					<monogr>
						<author>Demosthenes</author>
						<title>Demosthenis.Orationes. ed. W. Rennie</title>

						<imprint>
							<publisher>Oxonii.e Typographeo Clarendoniano</publisher>
							<date>1931</date>
						</imprint>
					</monogr>
				</biblStruct>
			</sourceDesc>


		</fileDesc>

		<encodingDesc>

			<refsDecl>
				<refState unit="speech"/>
				<refState unit="section"/>
			</refsDecl>
		</encodingDesc>

		<profileDesc>
			<langUsage>
				<language ident="greek">Greek </language>
				<language ident="en">English </language>
			</langUsage>
		</profileDesc>
		<revisionDesc>
			<!--
<change><date>6/2/92</date><respStmt><name>David Smith</name><resp>(n/a)</resp></respStmt><item>inserted quotedtext tag around verse</item>
</change>
<change><date>July 2014</date>
    <respStmt><name>Stella Dee</name><resp>ed.</resp></respStmt>
    <item>split composite text and converted to unicode</item>
      </change>-->
			<change when="2014-08-01" who="Stella Dee">edited markup</change>
		</revisionDesc>

	</teiHeader>
	<text xml:lang="grc">
		<body>

			<div type="section" n="1">
				<p>ἐπειδὴ τοὺς ἐν τῷδε τῷ τάφῳ κειμένους, ἄνδρας ἀγαθοὺς ἐν τῷ πολέμῳ γεγονότας,
					ἔδοξεν τῇ πόλει δημοσίᾳ θάπτειν καὶ προσέταξεν ἐμοὶ τὸν νομιζόμενον λόγον εἰπεῖν
					ἐπʼ αὐτοῖς, ἐσκόπουν μὲν εὐθὺς ὅπως τοῦ προσήκοντος ἐπαίνου τεύξονται, ἐξετάζων
					δὲ καὶ σκοπῶν ἀξίως εἰπεῖν τῶν τετελευτηκότων ἕν τι τῶν ἀδυνάτων ηὕρισκον ὄν. οἳ
					γὰρ τὴν ὑπάρχουσαν πᾶσιν ἔμφυτον τοῦ ζῆν ὑπερεῖδον ἐπιθυμίαν, καὶ τελευτῆσαι
					καλῶς μᾶλλον ἠβουλήθησαν ἢ ζῶντες τὴν Ἑλλάδʼ ἰδεῖν ἀτυχοῦσαν, πῶς οὐκ
					ἀνυπέρβλητον παντὶ λόγῳ τὴν αὑτῶν ἀρετὴν καταλελοίπασιν; ὁμοίως μέντοι
					διαλεχθῆναι τοῖς πρότερόν ποτʼ εἰρηκόσιν ἐνθάδʼ εἶναι μοι δοκεῖ. </p>
			</div>
			<div type="section" n="2">
				<p>ὡς μὲν οὖν ἡ πόλις σπουδάζει περὶ τοὺς ἐν τῷ πολέμῳ τελευτῶντας, ἔκ τε τῶν ἄλλων
					ἔστιν ἰδεῖν καὶ μάλιστʼ ἐκ τοῦδε τοῦ νόμου, καθʼ ὃν αἱρεῖται τὸν ἐροῦντʼ ἐπὶ
					ταῖς δημοσίαις ταφαῖς· εἰδυῖα γὰρ παρὰ τοῖς ἀγαθοῖς ἀνδράσιν τὰς μὲν τῶν
					χρημάτων κτήσεις καὶ τῶν κατὰ τὸν βίον ἡδονῶν ἀπολαύσεις ὑπερεωραμένας, τῆς δʼ
					ἀρετῆς καὶ τῶν ἐπαίνων πᾶσαν τὴν ἐπιθυμίαν οὖσαν, ἐξ ὧν ταῦτʼ ἂν αὐτοῖς μάλιστα
					γένοιτο λόγων, τούτοις ᾠήθησαν δεῖν αὐτοὺς τιμᾶν, ἵνʼ ἣν ζῶντες ἐκτήσαντʼ
					εὐδοξίαν, αὕτη καὶ τετελευτηκόσιν αὐτοῖς ἀποδοθείη. </p>
			</div>
			<div type="section" n="3">
				<p>εἰ μὲν οὖν τὴν ἀνδρείαν μόνον αὐτοῖς τῶν εἰς ἀρετὴν ἀνηκόντων ὑπάρχουσαν ἑώρων,
					ταύτην ἂν ἐπαινέσας ἀπηλλαττόμην τῶν λοιπῶν· ἐπειδὴ δὲ καὶ γεγενῆσθαι καλῶς καὶ
					πεπαιδεῦσθαι σωφρόνως καὶ βεβιωκέναι φιλοτίμως συμβέβηκεν αὐτοῖς, ἐξ ὧν εἰκότως
					ἦσαν σπουδαῖοι, αἰσχυνοίμην ἂν εἴ τι τούτων φανείην παραλιπών. ἄρξομαι δʼ ἀπὸ
					τῆς τοῦ γένους αὐτῶν ἀρχῆς. </p>
			</div>
			<div type="section" n="4">
				<p>ἡ γὰρ εὐγένεια τῶνδε τῶν ἀνδρῶν ἐκ πλείστου χρόνου παρὰ πᾶσιν ἀνθρώποις
					ἀνωμολόγηται. οὐ γὰρ μόνον εἰς πατέρʼ αὐτοῖς καὶ τῶν ἄνω προγόνων κατʼ ἄνδρʼ
					ἀνενεγκεῖν ἑκάστῳ τὴν φύσιν ἔστιν, ἀλλʼ εἰς ὅλην κοινῇ τὴν ὑπάρχουσαν πατρίδα,
					ἧς αὐτόχθονες ὁμολογοῦνται εἶναι. μόνοι γὰρ πάντων ἀνθρώπων, ἐξ ἧσπερ ἔφυσαν,
					ταύτην ᾤκησαν καὶ τοῖς ἐξ αὑτῶν παρέδωκαν, ὥστε δικαίως ἄν τις ὑπολάβοι τοὺς μὲν
					ἐπήλυδας ἐλθόντας εἰς τὰς πόλεις καὶ τούτων πολίτας προσαγορευομένους ὁμοίους
					εἶναι τοῖς εἰσποιητοῖς τῶν παίδων, τούτους δὲ γνησίους γόνῳ τῆς πατρίδος πολίτας
					εἶναι. </p>
			</div>
			<div type="section" n="5">
				<p>δοκεῖ δέ μοι καὶ τὸ τοὺς καρπούς, οἷς ζῶσιν ἅνθρωποι, παρʼ ἡμῖν πρώτοις φανῆναι,
					χωρὶς τοῦ μέγιστον εὐεργέτημʼ εἰς πάντας γενέσθαι, ὁμολογούμενον σημεῖον
					ὑπάρχειν τοῦ μητέρα τὴν χώραν εἶναι τῶν ἡμετέρων προγόνων. πάντα γὰρ τὰ τίκτονθʼ
					ἅμα καὶ τροφὴν τοῖς γιγνομένοις ἀπʼ αὐτῆς τῆς φύσεως φέρει· ὅπερ ἥδʼ ἡ χώρα
					πεποίηκεν. </p>
			</div>
			<div type="section" n="6">
				<p>τὰ μὲν οὖν εἰς γένος ἀνήκοντα τοιαῦτα διʼ αἰῶνος ὑπάρχει τοῖς τῶνδε τῶν ἀνδρῶν
					προγόνοις. τὰ δʼ εἰς ἀνδρείαν καὶ τὴν ἄλλην ἀρετὴν πάντα μὲν κατοκνῶ λέγειν,
					φυλαττόμενος μὴ μῆκος ἄκαιρον ἐπιγένηται τῷ λόγῳ· ἃ δὲ καὶ τοῖς εἰδόσιν χρήσιμʼ
					ἀναμνησθῆναι καὶ τοῖς ἀπείροις κάλλιστʼ ἀκοῦσαι, καὶ ζῆλον ἔχει πολὺν καὶ μῆκος
					λόγου ἄλυπον, ταῦτʼ ἐπὶ κεφαλαίων εἰπεῖν πειράσομαι. </p>
			</div>
			<div type="section" n="7">
				<p>οἱ γὰρ τῆς κατὰ τὸν παρόντα χρόνον γενεᾶς πρόγονοι, καὶ πατέρες καὶ τούτων ἐπάνω
					τὰς προσηγορίας ἔχοντες, αἷς ὑπὸ τῶν ἐν γένει γνωρίζονται, ἠδίκησαν μὲν οὐδένα
					πώποτʼ οὔθʼ Ἕλληνʼ οὔτε βάρβαρον, ἀλλʼ ὑπῆρχεν αὐτοῖς πρὸς ἅπασι τοῖς ἄλλοις
					καλοῖς κἀγαθοῖς καὶ δικαιοτάτοις εἶναι, ἀμυνόμενοι δὲ πολλὰ καὶ καλὰ
					διεπράξαντο. </p>
			</div>
			<div type="section" n="8">
				<p>καὶ γὰρ τὸν Ἀμαζόνων στρατὸν ἐλθόντʼ ἐκράτησαν οὕτως ὥστʼ ἔξω Φάσιδος ἐκβαλεῖν,
					καὶ τὸν Εὐμόλπου καὶ τῶν πολλῶν ἄλλων στόλον οὐ μόνον ἐκ τῆς οἰκείας, ἀλλὰ καὶ
					ἐκ τῆς τῶν ἄλλων Ἑλλήνων χώρας ἐξήλασαν, οὓς οἱ πρὸ ἡμῶν οἰκοῦντες πρὸς ἑσπέραν
					πάντες οὔθʼ ὑπέμειναν οὔτʼ ἐδυνήθησαν κωλῦσαι. καὶ μὴν καὶ τῶν Ἡρακλέους παίδων,
					ὃς τοὺς ἄλλους ἔσῳζεν, σωτῆρες ὠνομάσθησαν, ἡνίκʼ ἦλθον εἰς τήνδε τὴν γῆν
					ἱκέται, φεύγοντες Εὐρυσθέα. καὶ πρὸς πᾶσι τούτοις καὶ πολλοῖς ἄλλοις καὶ καλοῖς
					ἔργοις τὰ τῶν κατοιχομένων νόμιμʼ οὐ περιεῖδον ὑβριζόμενα, ὅτε τοὺς ἕπτʼ ἐπὶ
					Θήβας θάπτειν ἐκώλυεν Κρέων. </p>
			</div>
			<div type="section" n="9">
				<p>τῶν μὲν οὖν εἰς μύθους ἀνενηνεγμένων ἔργων πολλὰ παραλιπὼν τούτων ἐπεμνήσθην, ὧν
					οὕτως ἕκαστον εὐσχήμονας καὶ πολλοὺς ἔχει λόγους ὥστε καὶ τοὺς ἐν μέτροις καὶ
					τοὺς τῶν ᾀδομένων ποιητὰς καὶ πολλοὺς τῶν συγγραφέων ὑποθέσεις τἀκείνων ἔργα τῆς
					αὑτῶν μουσικῆς πεποιῆσθαι· ἃ δὲ τῇ μὲν ἀξίᾳ τῶν ἔργων οὐδέν ἐστι τούτων ἐλάττω,
					τῷ δʼ ὑπογυώτερʼ εἶναι τοῖς χρόνοις οὔπω μεμυθολόγηται, οὐδʼ εἰς τὴν ἡρωϊκὴν
					ἐπανῆκται τάξιν, ταῦτʼ ἤδη λέξω. </p>
			</div>
			<div type="section" n="10">
				<p>ἐκεῖνοι τὸν ἐξ ἁπάσης τῆς Ἀσίας στόλον ἐλθόντα μόνοι δὶς ἠμύναντο καὶ κατὰ γῆν
					καὶ κατὰ θάλατταν, καὶ διὰ τῶν ἰδίων κινδύνων κοινῆς σωτηρίας πᾶσι τοῖς Ἕλλησιν
					αἴτιοι κατέστησαν. καὶ προείρηται μὲν ὃ μέλλω λέγειν ὑπʼ ἄλλων πρότερον, δεῖ δὲ
					μηδὲ νῦν τοῦ δικαίου καὶ καλῶς ἔχοντος ἐπαίνου τοὺς ἄνδρας ἐκείνους στερηθῆναι·
					τοσούτῳ γὰρ ἀμείνους τῶν ἐπὶ Τροίαν στρατευσαμένων νομίζοιντʼ ἂν εἰκότως,ὅσον οἱ
					μὲν ἐξ ἁπάσης τῆς Ἑλλάδος ὄντες ἀριστεῖς δέκʼ ἔτη τῆς Ἀσίας ἓν χωρίον
					πολιορκοῦντες μόλις εἷλον, </p>
			</div>
			<div type="section" n="11">
				<p>οὗτοι δὲ τὸν ἐκ πάσης τῆς ἠπείρου στόλον ἐλθόντα μόνοι, τἄλλα πάντα
					κατεστραμμένον, οὐ μόνον ἠμύναντο, ἀλλὰ καὶ τιμωρίαν ὑπὲρ ὧν τοὺς ἄλλους ἠδίκουν
					ἐπέθηκαν. ἔτι τοίνυν τὰς ἐν αὐτοῖς τοῖς Ἕλλησιν πλεονεξίας κωλύοντες πάντας
					ὅσους συνέβη γενέσθαι κινδύνους ὑπέμειναν, ὅπου τὸ δίκαιον εἴη τεταγμένον,
					ἐνταῦθα προσνέμοντες ἑαυτούς, ἕως εἰς τὴν νῦν ζῶσαν ἡλικίαν ὁ χρόνος προήγαγεν
					ἡμᾶς. </p>
			</div>
			<div type="section" n="12">
				<p>μηδεὶς δʼ ἡγείσθω μʼ ἀποροῦντα τί χρὴ περὶ τούτων εἰπεῖν ἑκάστου, ταῦτα τὰ
					πραχθέντʼ ἀπηριθμηκέναι. εἰ γὰρ ἁπάντων ἀμηχανώτατος ἦν ὅ τι χρὴ λέγειν
					πορίσασθαι, ἡ ʼκείνων ἀρετὴ δείκνυσιν αὐτὴ ἃ καὶ πρόχειρα καὶ ῥᾴδιʼ ἐπελθεῖν
					ἐστιν. ἀλλὰ προαιροῦμαι τῆς εὐγενείας καὶ τῶν παρὰ τοῖς προγόνοις μεγίστων
					μνησθεὶς ὡς τάχιστα συνάψαι τὸν λόγον πρὸς τὰ τοῖσδε πεπραγμένα, ἵνα, ὥσπερ τὰς
					φύσεις ἦσαν συγγενεῖς, οὕτω τοὺς ἐπαίνους ἐπʼ αὐτῶν κοινοὺς ποιήσωμαι,
					ὑπολαμβάνων ταῦτʼ ἂν εἶναι κεχαρισμένα <del>κἀκείνοις</del> καὶ μάλιστʼ
					ἀμφοτέροις, εἰ τῆς ἀλλήλων ἀρετῆς μὴ μόνον τῇ φύσει μετάσχοιεν, ἀλλὰ καὶ τοῖς
					ἐπαίνοις. </p>
			</div>
			<div type="section" n="13">
				<p>ἀνάγκη δʼ ἐν τῷ μεταξὺ διαλαβεῖν, καὶ πρὸ τοῦ τὰ τοῖσδε πεπραγμένα τοῖς ἀνδράσιν
					δηλοῦν καὶ τοὺς ἔξω τοῦ γένους πρὸς τὸν τάφον ἠκολουθηκότας πρὸς εὔνοιαν παρα-
					καλέσαι. καὶ γὰρ εἰ μὲν εἰς χρημάτων δαπάνην ἤ τινʼ ἄλλην θεωρίαν ἱππικῶν ἢ
					γυμνικῶν ἄθλων ἐτάχθην κοσμῆσαι τὸν τάφον, ὅσῳπερ ἂν προθυμότερον καὶ
					ἀφειδέστερον ταῦτα παρεσκευάσμην, τοσούτῳ μᾶλλον ἂν προσήκοντʼ ἔδοξα
					πεποιηκέναι· λόγῳ δʼ ἐπαινέσαι τούτους τοὺς ἄνδρας αἱρεθείς, ἂν μὴ τοὺς
					ἀκούοντας συμβουλομένους λάβω, φοβοῦμαι μὴ τῇ προθυμίᾳ τοὐναντίον οὗ δεῖ ποιήσω.
				</p>
			</div>
			<div type="section" n="14">
				<p>ὁ μὲν γὰρ πλοῦτος καὶ τὸ τάχος καὶ ἡ ἰσχὺς καὶ ὅσʼ ἄλλα τούτοις ὅμοια, αὐτάρκεις
					ἔχει τὰς ὀνήσεις τοῖς κεκτημένοις, καὶ κρατοῦσιν ἐν αὐτοῖς, οἷς ἂν παρῇ, κἂν
					μηδεὶς τῶν ἄλλων βούληται· ἡ δὲ τῶν λόγων πειθὼ τῆς τῶν ἀκουόντων εὐνοίας
					προσδεῖται, καὶ μετὰ ταύτης μέν, κἂν μετρίως ῥηθῇ, δόξαν ἤνεγκε καὶ χάριν
					προσποιεῖ, ἄνευ δὲ ταύτης, κἂν ὑπερβάλῃ τῷ λέγειν καλῶς, προσέστη τοῖς
					ἀκούουσιν. </p>
			</div>
			<div type="section" n="15">
				<p>πολλὰ τοίνυν ἔχων εἰπεῖν ὧν οἵδε πράξαντες δικαίως ἐπαινεθήσονται, ἐπειδὴ πρὸς
					αὐτοῖς εἰμι τοῖς ἔργοις, ἀπορῶ τί πρῶτον εἴπω· προσιστάμενα γάρ μοι πάντʼ εἰς
					ἕνα καιρὸν δύσκριτον καθίστησιν τὴν αἵρεσιν αὐτῶν. οὐ μὴν ἀλλὰ πειράσομαι τὴν
					αὐτὴν ποιήσασθαι τοῦ λόγου τάξιν ἥπερ ὑπῆρξεν τοῦ βίου τούτοις. </p>
			</div>
			<div type="section" n="16">
				<p>οἵδε γὰρ ἐξ ἀρχῆς ἐν πᾶσιν τοῖς παιδεύμασιν ἦσαν ἐπιφανεῖς, τὰ πρέποντα καθʼ
					ἡλικίαν ἀσκοῦντες ἑκάστην, καὶ πᾶσιν ἀρέσκοντες οἷς χρή, γονεῦσιν, φίλοις,
					οἰκείοις. τοιγαροῦν ὥσπερ ἴχνη γνωρίζουσα νῦν ἡ τῶν οἰκείων αὐτοῖς καὶ φίλων
					μνήμη πᾶσαν ὥραν ἐπὶ τούτους φέρεται τῷ πόθῳ, </p>
			</div>
			<div type="section" n="17">
				<p>πόλλʼ ὑπομνήματα λαμβάνουσα, ἐν οἷς συνῄδει τούτοις ἀρίστοις οὖσιν. ἐπειδὴ δʼ εἰς
					ἄνδρας ἀφίκοντο, οὐ μόνον τοῖς πολίταις γνώριμον τὴν αὑτῶν φύσιν ἀλλὰ καὶ πᾶσιν
					ἀνθρώποις κατέστησαν. ἔστιν γάρ, ἔστιν ἁπάσης ἀρετῆς ἀρχὴ μὲν σύνεσις, πέρας δʼ
					ἀνδρεία· καὶ τῇ μὲν δοκιμάζεται τί πρακτέον ἐστί, τῇ δὲ σῴζεται. </p>
			</div>
			<div type="section" n="18">
				<p>ἐν τούτοις ἀμφοτέροις οἵδε πολὺ διήνεγκαν. καὶ γὰρ εἴ τις ἐφύετο κοινὸς πᾶσιν
					κίνδυνος τοῖς Ἕλλησιν, οὗτοι πρῶτοι προείδοντο καὶ πολλάκις εἰς σωτηρίαν ἅπαντας
					παρεκάλεσαν, ὅπερ γνώμης ἀπόδειξίς ἐστιν εὖ φρονούσης· καὶ τῆς παρὰ τοῖς Ἕλλησιν
					ἀγνοίας μεμειγμένης κακίᾳ, ὅτʼ ἐνῆν ταῦτα κωλύειν ἀσφαλῶς, τὰ μὲν οὐ προορώσης
					τὰ δʼ εἰρωνευομένης, ὅμως, ἡνίχʼ ὑπήκουσαν καὶ τὰ δέοντα ποιεῖν ἠθέλησαν, οὐκ
					ἐμνησικάκησαν, ἀλλὰ προστάντες καὶ παρασχόντες ἅπαντα προθύμως, καὶ σώματα καὶ
					χρήματα καὶ συμμάχους, εἰς πεῖραν ἦλθον ἀγῶνος, εἰς ὃν οὐδὲ τῆς ψυχῆς ἐφείσαντο.
				</p>
			</div>
			<div type="section" n="19">
				<p>ἐξ ἀνάγκης δὲ συμβαίνει, ὅταν μάχη γίγνηται, τοῖς μὲν ἡττᾶσθαι, τοῖς δὲ νικᾶν·
					οὐκ ἂν ὀκνήσαιμι δʼ εἰπεῖν ὅτι μοι δοκοῦσιν οἱ τελευτῶντες ἑκατέρων ἐν τάξει τῆς
					μὲν ἥττης οὐ μετέχειν, νικᾶν δʼ ὁμοίως ἀμφότεροι. τὸ μὲν γὰρ κρατεῖν ἐν τοῖς
					ζῶσιν, ὡς ἂν ὁ δαίμων παραδῷ, κρίνεται· ὃ δʼ εἰς τοῦθʼ ἕκαστον ἔδει παρασχέσθαι,
					πᾶς ὁ μένων <del>ἐν τάξει</del> πεποίηκεν. εἰ δὲ θνητὸς ὢν τὴν εἱμαρμένην ἔσχεν,
					τῇ τύχῃ πέπονθε τὸ συμβαῖνον, οὐχὶ τὴν ψυχὴν ἥττηται τῶν ἐναντίων. </p>
			</div>
			<div type="section" n="20">
				<p>νομίζω τοίνυν καὶ τοῦ τῆς χώρας ἡμῶν μὴ ἐπιβῆναι τοὺς πολεμίους πρὸς τῇ τῶν
					ἐναντίων ἀγνωμοσύνῃ τὴν τούτων ἀρετὴν αἰτίαν γεγενῆσθαι· κατʼ ἄνδρα γὰρ πεῖραν
					εἰληφότες οἱ τότε συμμείξαντες ἐκεῖ, οὐκ ἐβούλοντʼ αὖθις εἰς ἀγῶνα καθίστασθαι
					τοῖς ἐκείνων οἰκείοις, ὑπολαμβάνοντες ταῖς μὲν φύσεσιν ταῖς ὁμοίαις
					ἀπαντήσεσθαι, τύχην δʼ οὐκ εὔπορον εἶναι τὴν ὁμοίαν λαβεῖν. δηλοῖ δʼ οὐχ ἥκισθʼ
					ὅτι ταῦθʼ οὕτως ἔχει καὶ τὰ τῆς γεγονυίας εἰρήνης· οὐ γὰρ ἔνεστʼ εἰπεῖν οὔτʼ
					ἀληθεστέραν οὔτε καλλίω πρόφασιν τοῦ τῆς τῶν τετελευτηκότων ἀγασθέντʼ ἀρετῆς τὸν
					τῶν ἐναντίων κύριον φίλον γενέσθαι τοῖς ἐκείνων οἰκείοις βούλεσθαι μᾶλλον ἢ
					πάλιν τὸν ὑπὲρ τῶν ὅλων κίνδυνον ἄρασθαι. </p>
			</div>
			<div type="section" n="21">
				<p>οἶμαι δʼ ἄν, εἴ τις αὐτοὺς τοὺς παραταξαμένους ἐρωτήσειεν πότερʼ ἡγοῦνται ταῖς
					αὑτῶν ἀρεταῖς ἢ τῇ παραδόξῳ καὶ χαλεπῇ τύχῃ κατωρθωκέναι καὶ τῇ τοῦ προεστηκότος
					αὑτῶν ἐμπειρίᾳ καὶ τόλμῃ, οὐδένʼ οὔτʼ ἀναίσχυντον οὔτε τολμηρὸν οὕτως εἶναι,
					ὅντινʼ ἀντιποιήσεσθαι τῶν πεπραγμένων. ἀλλὰ μὴν ὑπὲρ ὧν ὁ πάντων κύριος δαίμων,
					ὡς ἐβούλετο, ἔνειμε τὸ τέλος, ἅπαντας ἀφεῖσθαι κακίας ἀνάγκη τοὺς λοιπούς,
					ἀνθρώπους γʼ ὄντας· <del>περὶ ὧν δʼ ὁ τῶν ἐναντίων ἡγεμὼν ὑπερῆρε τοὺς ἐπὶ τούτῳ
						ταχθέντας, οὐχὶ τοὺς πολλοὺς οὔτʼ ἐκείνων οὔθʼ ἡμῶν </del></p>
			</div>
			<div type="section" n="22">
				<p><del>αἰτιάσαιτʼ ἄν τις εἰκότως</del> εἰ δʼ ἄρʼ ἔστι τις ἀνθρώπων ὅτῳ περὶ τούτων
					ἐγκαλέσαι προσήκει, τοῖς ἐπὶ τούτῳ ταχθεῖσιν Θηβαίων, οὐχὶ τοῖς πολλοῖς οὔτʼ
					ἐκείνων οὔθʼ ἡμῶν ἐγκαλέσειεν ἄν τις εἰκότως· οἳ δύναμιν λαβόντες ἔχουσαν θυμὸν
					ἀήττητον καὶ ἀπροφάσιστον καὶ φιλοτιμίαν ἐφάμιλλον οὐδενὶ τούτων ὀρθῶς
					ἐχρήσαντο. </p>
			</div>
			<div type="section" n="23">
				<p>καὶ τὰ μὲν ἄλλʼ ἔστιν τούτων ὡς ἕκαστος ἔχει γνώμης, οὕτως ὑπολαμβάνειν· ὃ δʼ
					ἅπασιν ὁμοίως τοῖς οὖσιν ἀνθρώποις γεγένηται φανερόν, ὅτι ἡ πάσης τῆς Ἑλλάδος
					ἄρʼ ἐλευθερία ἐν ταῖς τῶνδε τῶν ἀνδρῶν ψυχαῖς διεσῴζετο· ἐπειδὴ γοῦν ἡ πεπρωμένη
					τούτους ἀνεῖλεν, οὐδεὶς ἀντέστη τῶν λοιπῶν. καὶ φθόνος μὲν ἀπείη τοῦ λόγου,
					δοκεῖ δέ μοί τις ἂν εἰπὼν ὡς ἡ τῶνδε τῶν ἀνδρῶν ἀρετὴ τῆς Ἑλλάδος ἦν ψυχὴ
					τἀληθὲς εἰπεῖν· </p>
			</div>
			<div type="section" n="24">
				<p>ἅμα γὰρ τά τε τούτων πνεύματʼ ἀπηλλάγη τῶν οἰκείων σωμάτων, καὶ τὸ τῆς Ἑλλάδος
					ἀξίωμʼ ἀνῄρηται. μεγάλην μὲν οὖν ἴσως ὑπερβολὴν δόξομεν λέγειν, ῥητέον δʼ ὅμως·
					ὥσπερ γάρ, εἴ τις ἐκ τοῦ καθεστηκότος κόσμου τὸ φῶς ἐξέλοι, δυσχερὴς καὶ χαλεπὸς
					ἅπας ὁ λειπόμενος ἂν ἡμῖν βίος γένοιτο, οὕτω τῶνδε τῶν ἀνδρῶν ἀναιρεθέντων ἐν
					σκότει καὶ πολλῇ δυσκλείᾳ πᾶς ὁ πρὸ τοῦ ζῆλος τῶν Ἑλλήνων γέγονεν. </p>
			</div>
			<div type="section" n="25">
				<p><milestone unit="para" ed="P"/>διὰ πολλὰ δʼ εἰκότως ὄντες τοιοῦτοι, διὰ τὴν
					πολιτείαν οὐχ ἥκιστʼ ἦσαν σπουδαῖοι. αἱ μὲν γὰρ διὰ τῶν ὀλίγων δυναστεῖαι δέος
					μὲν ἐνεργάζονται τοῖς πολίταις, αἰσχύνην δʼ οὐ παριστᾶσιν· ἡνίκʼ ἂν οὖν ὁ ἀγὼν
					ἔλθῃ τοῦ πολέμου, πᾶς τις εὐχερῶς ἑαυτὸν σῴζει, συνειδὼς ὅτι, ἐὰν τοὺς κυρίους ἢ
					δώροις ἢ διʼ ἄλλης ἡστινοσοῦν ὁμιλίας ἐξαρέσηται, κἂν τὰ δεινότατʼ ἀσχημονήσῃ,
					μικρὸν ὄνειδος τὸ λοιπὸν αὐτῷ καταστήσεται· </p>
			</div>
			<div type="section" n="26">
				<p>αἱ δὲ δημοκρατίαι πολλά τʼ ἄλλα καὶ καλὰ καὶ δίκαιʼ ἔχουσιν, ὧν τὸν εὖ φρονοῦντʼ
					ἀντέχεσθαι δεῖ, καὶ τὴν παρρησίαν ἐκ τῆς ἀληθείας ἠρτημένην οὐκ ἔστι τἀληθὲς
					δηλοῦν ἀποτρέψαι. οὔτε γὰρ πάντας ἐξαρέσασθαι τοῖς αἰσχρόν τι ποιήσασιν δυνατόν,
					οὔτε μόνος ὁ τἀληθὲς ὄνειδος λέγων λυπεῖ· καὶ γὰρ οἱ μηδὲν ἂν εἰπόντες αὐτοὶ
					βλάσφημον ἄλλου γε λέγοντος χαίρουσιν ἀκούοντες. ἃ φοβούμενοι πάντες εἰκότως τῇ
					τῶν μετὰ ταῦτʼ ὀνειδῶν αἰσχύνῃ τόν τε προσιόντʼ ἀπὸ τῶν ἐναντίων κίνδυνον
					εὐρώστως ὑπέμειναν, καὶ θάνατον καλὸν εἵλοντο μᾶλλον ἢ βίον αἰσχρόν. </p>
			</div>
			<div type="section" n="27">
				<p>ἃ μὲν οὖν κοινῇ πᾶσιν ὑπῆρχεν τοῖσδε τοῖς ἀνδράσιν εἰς τὸ καλῶς ἐθέλειν
					ἀποθνῄσκειν, εἴρηται, γένος, παιδεία, χρηστῶν ἐπιτηδευμάτων συνήθεια, τῆς ὅλης
					πολιτείας ὑπόθεσις· ἃ δὲ κατὰ φυλὰς παρεκάλεσεν ἑκάστους εὐρώστους εἶναι, ταῦτʼ
					ἤδη λέξω. ᾔδεσαν πάντες Ἐρεχθεῖδαι τὸν ἐπώνυμον <add>τὸν</add> αὑτῶν Ἐρεχθέα,
					ἕνεκα τοῦ σῷσαι τὴν χώραν τὰς αὑτοῦ παῖδας, ἃς Ὑακινθίδας καλοῦσιν, εἰς προῦπτον
					θάνατον δόντʼ ἀναλῶσαι. αἰσχρὸν οὖν ἡγοῦντο τὸν μὲν ἀπʼ ἀθανάτων πεφυκότα πάντα
					ποιεῖν ἕνεκα τοῦ τὴν πατρίδʼ ἐλευθερῶσαι, αὐτοὶ δὲ φανῆναι θνητὸν σῶμα
					ποιούμενοι περὶ πλείονος ἢ δόξαν ἀθάνατον. </p>
			</div>
			<div type="section" n="28">
				<p>οὐκ ἠγνόουν Αἰγεῖδαι Θησέα τὸν Αἰγέως πρῶτον ἰσηγορίαν καταστησάμενον τῇ πόλει.
					δεινὸν οὖν ἡγοῦντο τὴν ἐκείνου προδοῦναι προαίρεσιν, καὶ τεθνάναι μᾶλλον ᾑροῦνθʼ
					ἢ καταλυομένης ταύτης παρὰ τοῖς Ἕλλησιν ζῆν φιλοψυχήσαντες. παρειλήφεσαν
					Πανδιονίδαι Πρόκνην καὶ Φιλομήλαν τὰς Πανδίονος θυγατέρας, ὡς ἐτιμωρήσαντο Τηρέα
					διὰ τὴν εἰς αὑτὰς ὕβριν. οὐ βιωτὸν οὖν ἐνόμιζον αὑτοῖς, εἰ μὴ συγγενῆ φανήσονται
					τὸν θυμὸν ἔχοντες ἐκείναις, ἐφʼ οἷς τὴν Ἑλλάδʼ ἑώρων ὑβριζομένην. </p>
			</div>
			<div type="section" n="29">
				<p>ἠκηκόεσαν Λεωντίδαι μυθολογουμένας τὰς Λεὼ κόρας, ὡς ἑαυτὰς ἔδοσαν σφάγιον τοῖς
					πολίταις ὑπὲρ τῆς χώρας. ὅτε δὴ γυναῖκες ἐκεῖναι τοιαύτην ἔσχον ἀνδρείαν, οὐ
					θεμιτὸν αὑτοῖς ὑπελάμβανον χείροσιν ἀνδράσιν οὖσιν ἐκείνων φανῆναι. ἐμέμνηντʼ
					Ἀκαμαντίδαι τῶν ἐπῶν ἐν οἷς Ὅμηρος ἕνεκα τῆς μητρός φησιν Αἴθρας Ἀκάμαντʼ εἰς
					Τροίαν στεῖλαι. ὁ μὲν οὖν παντὸς ἐπειρᾶτο κινδύνου τοῦ σῷσαι τὴν ἑαυτοῦ μητέρʼ
					ἕνεκα· οἱ δὲ τοὺς οἴκοι σύμπαντας γονέας πῶς οὐκ ἤμελλον ὑπὲρ τοῦ σῷσαι πάντα
					κίνδυνον ὑπομένειν; </p>
			</div>
			<div type="section" n="30">
				<p>οὐκ ἐλάνθανεν Οἰνείδας ὅτι Κάδμου μὲν Σεμέλη, τῆς δʼ ὃν οὐ πρέπον ἐστὶν ὀνομάζειν
					ἐπὶ τοῦδε τοῦ τάφου, τοῦ δʼ Οἰνεὺς γέγονεν, ὃς ἀρχηγὸς αὐτῶν ἐκαλεῖτο. κοινοῦ δʼ
					ὄντος ἀμφοτέραις ταῖς πόλεσιν τοῦ παρόντος κινδύνου, ὑπὲρ ἀμφοτέρων ἅπασαν ᾤοντο
					δεῖν ἀγωνίαν ἐκτεῖναι. ᾔδεσαν Κεκροπίδαι τὸν ἑαυτῶν ἀρχηγὸν τὰ μὲν ὡς ἔστιν
					δράκων, τὰ δʼ ὡς ἔστιν ἄνθρωπος λεγόμενον, οὐκ ἄλλοθέν ποθεν ἢ τῷ τὴν σύνεσιν
					αὐτοῦ προσομοιοῦν ἀνθρώπῳ, τὴν ἀλκὴν δὲ δράκοντι. ἄξια δὴ τούτων πράττειν
					ὑπελάμβανον αὑτοῖς προσήκειν. </p>
			</div>
			<div type="section" n="31">
				<p>ἐμέμνηνθʼ Ἱπποθωντίδαι τῶν Ἀλόπης γάμων, ἐξ ὧν Ἱπποθῶν ἔφυ, καὶ τὸν ἀρχηγὸν
					ᾔδεσαν· ὧν, τὸ πρέπον φυλάττων ἐγὼ τῷδε τῷ καιρῷ, τὸ σαφὲς εἰπεῖν ὑπερβαίνω.
					ἄξια δὴ τούτων ᾤοντο δεῖν ποιοῦντες ὀφθῆναι. οὐκ ἐλάνθανεν Αἰαντίδας ὅτι τῶν
					ἀριστείων στερηθεὶς Αἴας ἀβίωτον ἑαυτῷ ἡγήσατο τὸν βίον. ἡνίκʼ οὖν ὁ δαίμων ἄλλῳ
					τἀριστεῖʼ ἐδίδου, τότε τοὺς ἐχθροὺς ἀμυνόμενοι τεθνάναι δεῖν ᾤοντο, ὥστε μηδὲν
					ἀνάξιον αὑτῶν παθεῖν. οὐκ ἠμνημόνουν Ἀντιοχίδαι Ἡρακλέους ὄντʼ Ἀντίοχον. δεῖν
					οὖν ἡγήσαντʼ ἢ ζῆν ἀξίως τῶν ὑπαρχόντων ἢ τεθνάναι καλῶς. </p>
			</div>
			<div type="section" n="32">
				<p>οἱ μὲν οὖν ζῶντες οἰκεῖοι τούτων ἐλεινοί, τοιούτων ἀνδρῶν ἐστερημένοι καὶ
					συνηθείας πολλῆς καὶ φιλανθρώπου διεζευγμένοι, καὶ τὰ τῆς πατρίδος πράγματʼ
					ἔρημα καὶ δακρύων καὶ πένθους πλήρη· οἱ δʼ εὐδαίμονες τῷ δικαίῳ λογισμῷ. πρῶτον
					μὲν ἀντὶ μικροῦ χρόνου πολὺν καὶ τὸν ἅπαντʼ εὔκλειαν ἀγήρω καταλείπουσιν, ἐν ᾗ
					καὶ παῖδες οἱ τούτων ὀνομαστοὶ τραφήσονται καὶ γονεῖς <del>οἱ τούτων</del>
					περίβλεπτοι γηροτροφήσονται, παραψυχὴν τῷ πένθει τὴν τούτων εὔκλειαν ἔχοντες.
				</p>
			</div>
			<div type="section" n="33">
				<p>ἔπειτα νόσων ἀπαθεῖς τὰ σώματα καὶ λυπῶν ἄπειροι τὰς ψυχάς, ἃς ἐπὶ τοῖς
					συμβεβηκόσιν οἱ ζῶντες ἔχουσιν, ἐν μεγάλῃ τιμῇ καὶ πολλῷ ζήλῳ τῶν νομιζομένων
					τυγχάνουσιν. οὓς γὰρ ἅπασα μὲν ἡ πατρὶς θάπτει δημοσίᾳ, κοινῶν δʼ ἐπαίνων μόνοι
					τυγχάνουσιν, ποθοῦσι δʼ οὐ μόνοι συγγενεῖς καὶ πολῖται, ἀλλὰ πᾶσαν ὅσην Ἑλλάδα
					χρὴ προσειπεῖν, συμπεπένθηκεν δὲ καὶ τῆς οἰκουμένης τὸ πλεῖστον μέρος, πῶς οὐ
					χρὴ τούτους εὐδαίμονας νομίζεσθαι; </p>
			</div>
			<div type="section" n="34">
				<p>οὓς παρέδρους εἰκότως ἄν τις φήσαι τοῖς κάτω θεοῖς εἶναι, τὴν αὐτὴν τάξιν ἔχοντας
					τοῖς προτέροις ἀγαθοῖς ἀνδράσιν ἐν μακάρων νήσοις. οὐ γὰρ ἰδών τις οὐδὲ περὶ
					ἐκείνων ταῦτʼ ἀπήγγελκεν, ἀλλʼ οὓς οἱ ζῶντες ἀξίους ὑπειλήφαμεν τῶν ἄνω τιμῶν,
					τούτους τῇ δόξῃ καταμαντευόμενοι κἀκεῖ τῶν αὐτῶν τιμῶν ἡγούμεθʼ αὐτοὺς
					τυγχάνειν. </p>
			</div>
			<div type="section" n="35">
				<p>ἔστι μὲν οὖν ἴσως χαλεπὸν τὰς παρούσας συμφορὰς λόγῳ κουφίσαι· δεῖ δʼ ὅμως
					πειρᾶσθαι καὶ πρὸς τὰ παρηγοροῦντα τρέπειν τὴν ψυχήν, ὡς τοὺς τοιούτους ἄνδρας
					γεγεννηκότας καὶ πεφυκότας αὐτοὺς ἐκ τοιούτων ἑτέρων καλόν ἐστιν τὰ δείνʼ
					εὐσχημονέστερον τῶν ἄλλων φέροντας ὁρᾶσθαι καὶ πάσῃ τύχῃ χρωμένους ὁμοίους
					εἶναι. </p>
			</div>
			<div type="section" n="36">
				<p>καὶ γὰρ ἐκείνοις ταῦτʼ ἂν εἴη μάλιστʼ ἐν κόσμῳ καὶ τιμῇ, καὶ πάσῃ τῇ πόλει καὶ
					τοῖς ζῶσιν ταῦτʼ ἂν ἐνέγκοι πλείστην εὐδοξίαν. χαλεπὸν πατρὶ καὶ μητρὶ παίδων
					στερηθῆναι καὶ ἐρήμοις εἶναι τῶν οἰκειοτάτων γηροτρόφων· σεμνὸν δέ γʼ ἀγήρως
					τιμὰς καὶ μνήμην ἀρετῆς δημοσίᾳ κτησαμένους ἐπιδεῖν, καὶ θυσιῶν καὶ ἀγώνων
					ἠξιωμένους ἀθανάτων. </p>
			</div>
			<div type="section" n="37">
				<p>λυπηρὸν παισὶν ὀρφανοῖς γεγενῆσθαι πατρός· καλὸν δέ γε κληρονομεῖν πατρῴας
					εὐδοξίας. καὶ τοῦ μὲν λυπηροῦ τούτου τὸν δαίμονʼ αἴτιον εὑρήσομεν ὄντα, ᾧ φύντας
					ἀνθρώπους εἴκειν ἀνάγκη, τοῦ δὲ τιμίου καὶ καλοῦ τὴν τῶν ἐθελησάντων καλῶς
					ἀποθνῄσκειν αἵρεσιν.</p>
				<p>ἐγὼ μὲν οὖν οὐχ ὅπως πολλὰ λέξω, τοῦτʼ ἐσκεψάμην, ἀλλʼ ὅπως τἀληθῆ. ὑμεῖς δʼ
					ἀποδυράμενοι καὶ τὰ προσήκονθʼ ὡς χρὴ καὶ νόμιμα ποιήσαντες ἄπιτε.</p>
			</div>
		</body>
	</text>
</TEI>
