<?xml version="1.0" encoding="UTF-8"?>
<TEI xmlns="http://www.tei-c.org/ns/1.0">
	<teiHeader>

		<fileDesc>

			<titleStmt>
				<title>Against Evergus And Mnesibulus </title>
				<author>Demosthenes</author>
				<sponsor>Perseus Project, Tufts University</sponsor>
				<principal>Gregory Crane</principal>
				<respStmt>
					<resp>Prepared under the supervision of</resp>
					<name>Lisa Cerrato</name>
					<name>William Merrill</name>
					<name>Elli Mylonas</name>
					<name>David Smith</name>
				</respStmt>
				<funder n="org:AnnCPB">The Annenberg CPB/Project</funder>

			</titleStmt>
			<publicationStmt>
				<publisher>Trustees of Tufts University</publisher>
				<pubPlace>Medford, MA</pubPlace>
				<authority>Perseus Project</authority>
			</publicationStmt>





			<sourceDesc>
				<biblStruct>
					<monogr>
						<author>Demosthenes</author>
						<title>Demosthenis.Orationes. ed. W. Rennie</title>

						<imprint>
							<publisher>Oxonii.e Typographeo Clarendoniano</publisher>
							<date>1931</date>
						</imprint>
					</monogr>
				</biblStruct>
			</sourceDesc>


		</fileDesc>

		<encodingDesc>

			<refsDecl>
				<refState unit="speech"/>
				<refState unit="section"/>
			</refsDecl>
		</encodingDesc>

		<profileDesc>
			<langUsage>
				<language ident="greek">Greek </language>
				<language ident="en">English </language>
			</langUsage>
		</profileDesc>
	</teiHeader>
	<text xml:lang="grc">
		<body>

			<div type="section" n="1">
				<p>καλῶς μοι δοκοῦσιν οἱ νόμοι ἔχειν, ὦ ἄνδρες δικασταί, οἱ ὑπόλοιπον ἀγῶνα
					ἀποδόντες ταῖς δίκαις <add>τὸν</add> τῶν ψευδομαρτυρίων, ἵνα, εἴ τις μάρτυρας τὰ
					ψευδῆ μαρτυροῦντας παρασχόμενος ἢ προκλήσεις μὴ γενομένας ἢ μαρτυρίας παρὰ τὸν
					νόμον μαρτυρηθείσας ἐξηπάτησεν τοὺς δικαστάς, μηδὲν αὐτῷ πλέον γένηται, ἀλλʼ
					ἐπισκηψάμενος ταῖς μαρτυρίαις ὁ ἀδικηθεὶς καὶ εἰσελθὼν ὡς ὑμᾶς καὶ ἐπιδείξας
					περὶ τοῦ πράγματος τοὺς μάρτυρας τὰ ψευδῆ μεμαρτυρηκότας, παρά τε τούτων δίκην
					λάβῃ καὶ τὸν προβαλόμενον ὑπόδικον ἔχῃ τῶν κακοτεχνιῶν. </p>
			</div>
			<div type="section" n="2">
				<p>καὶ διὰ τοῦτο τῷ μὲν διώκοντι ἐλάττω ἐποίησαν τὰ ἐπιτίμια, ἐὰν ἡττηθῇ, ἵνα μὴ διὰ
					τὸ πλῆθος ἀποτρέπωνται διώκειν τοὺς μάρτυρας τῶν ψευδομαρτυρίων οἱ ἀδικούμενοι,
					τῷ δὲ φεύγοντι μεγάλας ἐπέθηκαν τιμωρίας, ἐὰν ἁλῶσιν καὶ δόξωσιν ὑμῖν τὰ ψευδῆ
					μεμαρτυρηκέναι. </p>
			</div>
			<div type="section" n="3">
				<p>δικαίως, ὦ ἄνδρες δικασταί. ὑμεῖς γὰρ εἰς τοὺς μάρτυρας βλέψαντες, καὶ
					πιστεύσαντες οἷς ἂν οὗτοι μαρτυρήσωσιν, ψηφίζεσθε· ἵνα οὖν μήθʼ ὑμεῖς ἐξαπατᾶσθε
					μήθʼ οἱ εἰσιόντες εἰς ὑμᾶς ἀδικῶνται, διὰ ταῦτα αὐτοὺς ὑποδίκους ἐποίησεν ὁ
					νομοθέτης. δέομαι δὲ ὑμῶν καὶ ἐγὼ μετʼ εὐνοίας μου ἀκροάσασθαι περὶ τοῦ
					πράγματος ἐξ ἀρχῆς ἅπαντα, ἵνα ἐκ τούτων εἰδῆτε ὅσα ἐγώ τε ἠδικήθην καὶ
					ἐξηπατήθησαν οἱ δικασταὶ καὶ οὗτοι τὰ ψευδῆ ἐμαρτύρησαν. </p>
			</div>
			<div type="section" n="4">
				<p>μάλιστα μὲν οὖν ἂν ἐβουλόμην μὴ ἔχειν πράγματα· εἰ δʼ οὖν ἀναγκάζοι τις, πρὸς
					τοιούτους ἡδύ ἐστιν εἰσιέναι οἳ μὴ ἀγνῶτές εἰσιν ὑμῖν. νῦν δὲ πλείων μοι λόγος
					ἔσται ἐξελέγχοντι τὸν τρόπον αὐτῶν ἢ τὴν μαρτυρίαν ψευδῆ οὖσαν. περὶ μὲν γὰρ τῆς
					μαρτυρίας, ὅτι ψευδῆ μεμαρτυρήκασιν, αὐτοί μοι δοκοῦσιν ἔργῳ ἐξελέγχειν αὐτήν,
					καὶ οὐκ ἄλλους με δεῖ μάρτυρας παρασχέσθαι ἢ αὐτοὺς τούτους· </p>
			</div>
			<div type="section" n="5">
				<p>ἐξὸν γὰρ αὐτοῖς ἀπηλλάχθαι πραγμάτων καὶ μὴ κινδυνεύειν εἰσιόντας εἰς ὑμᾶς, ἔργῳ
					βεβαιώσαντας ὡς ἀληθής ἐστιν ἡ μαρτυρία, οὐκ ἠθελήκασιν παραδοῦναι τὴν ἄνθρωπον,
					ἣν μεμαρτυρήκασιν προκαλέσασθαι πρὸς τῷ διαιτητῇ Πυθοδώρῳ ἐκ Κηδῶν παραδιδόναι
					ἕτοιμον εἶναι Θεόφημον, ἠξίουν δʼ ἐγὼ παραλαμβάνειν, ὡς οἱ μάρτυρες ὑμῖν οἱ τότε
					παραγενόμενοι ἐμαρτύρησαν ἐν τῷ δικαστηρίῳ, καὶ νῦν δὲ μαρτυρήσουσιν. καὶ
					Θεόφημος αὐτοῖς ὡς ἀληθῆ μεμαρτυρηκόσιν οὐκ ἐπεσκήψατο, οὐδʼ ἐπεξέρχεται τῶν
					ψευδομαρτυρίων. </p>
			</div>
			<div type="section" n="6">
				<p>σχεδὸν μὲν οὖν μοι καὶ αὐτοὶ ὁμολογοῦσιν ἐν τῇ μαρτυρίᾳ ἐθέλειν με παραλαμβάνειν
					τὴν ἄνθρωπον, Θεόφημον δὲ ἀναβάλλεσθαι κελεύειν, ἐμὲ δὲ οὐκ ἐθέλειν. ἣν δʼ ἐγὼ
					μὲν ἠξίωσα παραλαμβάνειν, Θεόφημος δὲ προὐκαλέσατο παραδοῦναι, ὡς οὗτοί φασιν,
					τὸ δὲ σῶμα οὐδεὶς εἶδε παρόν, οὔτε τότε πρὸς τῷ διαιτητῇ οὔτε ὕστερον πρὸς τῷ
					δικαστηρίῳ οὔτε ἄλλοθι οὐδαμοῦ παραδιδόμενον, ἐμαρτύρησαν δὲ οἱ μάρτυρες οὗτοι
					ὡς ἐθέλοι παραδοῦναι Θεόφημος καὶ πρόκλησιν προκαλοῖτο, </p>
			</div>
			<div type="section" n="7">
				<p>ᾠήθησαν δὲ οἱ δικασταὶ ἀληθῆ εἶναι τὴν μαρτυρίαν, φεύγειν δʼ ἐμὲ τὸν ἔλεγχον
						<add>τὸν</add> ἐκ τῆς ἀνθρώπου περὶ τῆς αἰκείας, ὁπότερος ἡμῶν ἦρξεν χειρῶν
					ἀδίκων (τοῦτο γάρ ἐστιν ἡ αἴκεια), πῶς οὐκ ἀναγκαῖόν ἐστιν τούτους τοὺς μάρτυρας
					τὰ ψευδῆ μεμαρτυρηκέναι, οἵ γε οὐδὲ νῦν πω τολμῶσι τὸ σῶμα τῆς ἀνθρώπου
					παραδοῦναι, καθὰ ἔφασαν προκαλέσασθαι τὸν Θεόφημον καὶ ἐμαρτύρησαν αὐτῷ, καὶ τὴν
					μὲν μαρτυρίαν ἔργῳ βεβαιῶσαι ὡς ἀληθής ἐστιν, καὶ τοὺς μάρτυρας ἀπηλλάχθαι τοῦ
					ἀγῶνος παραδόντας τὸ σῶμα τῆς ἀνθρώπου, </p>
			</div>
			<div type="section" n="8">
				<p>τὴν δὲ ἄνθρωπον περὶ τῆς αἰκείας βασανίζεσθαι, ἐφʼ ᾗ ἐγὼ διώκω δίκῃ τὸν Θεόφημον,
					ἐπειδὴ τότε οὐ παρέσχεν, καὶ τὸν ἔλεγχον ἐξ ὧν ὁ Θεόφημος ἔλεγεν τότε ἐξαπατῶν
					τοὺς δικαστάς, ἐκ τούτων γίγνεσθαι; ἔφη γὰρ ἐν τῇ δίκῃ τῆς αἰκείας τοὺς μὲν
					μάρτυρας τοὺς παραγενομένους καὶ μαρτυροῦντας τὰ γενόμενα ἐν γραμματείῳ κατὰ τὸν
					νόμον ψευδεῖς εἶναι καὶ ὑπʼ ἐμοῦ παρεσκευασμένους, τὴν δʼ ἄνθρωπον τὴν
					παραγενομένην ἐρεῖν τἀληθῆ, οὐκ ἐκ γραμματείου μαρτυροῦσαν, ἀλλʼ ἐκ τῆς
					ἰσχυροτάτης μαρτυρίας, βασανιζομένην, ὁπότερος ἦρξε χειρῶν ἀδίκων. </p>
			</div>
			<div type="section" n="9">
				<p>ἃ δή, λόγῳ τότε καταχρώμενος καὶ μάρτυρας παρεχόμενος τούτων, ἠπάτα τοὺς
					δικαστάς, νῦν ἐξελέγχεται ψευδῆ ὄντα· τὸ γὰρ σῶμα τῆς ἀνθρώπου οὐ τολμᾷ
					παραδοῦναι, ὃ μεμαρτυρήκασιν αὐτὸν ἐθέλειν παραδοῦναι, ἀλλὰ μᾶλλον προῄρηται τὸν
					ἀδελφὸν καὶ τὸν κηδεστὴν ψευδομαρτυρίων ἀγωνίζεσθαι ἢ παραδοῦναι τὸ σῶμα τῆς
					ἀνθρώπου καὶ δικαίως ἀπηλλάχθαι, καὶ μὴ διὰ λόγων καὶ δεήσεως, ἐὰν δύνωνται
					ἐξαπατήσαντες ὑμᾶς ἀποφεύγειν, </p>
			</div>
			<div type="section" n="10">
				<p>πολλάκις ἐμοῦ προκαλεσαμένου καὶ ἐξαιτήσαντος τὴν ἄνθρωπον καὶ τότε ἀξιοῦντος
					παραλαμβάνειν καὶ μετὰ τὴν δίκην, καὶ ὅτε ἐξέτινον αὐτοῖς, καὶ ἐφʼ ᾗ ἐγὼ δίκῃ
					τὸν Θεόφημον διώκω τῆς αἰκείας, καὶ ἐν τῇ ἀνακρίσει τῶν ψευδομαρτυρίων, καὶ
					τούτων οὐ προσποιουμένων, ἀλλὰ λόγῳ μὲν μαρτυρούντων τὰ ψευδῆ, ἔργῳ δὲ οὐ
					παραδιδόντων τὴν ἄνθρωπον· εὖ γὰρ ᾔδεσαν ὅτι βασανιζομένης αὐτῆς ἐξελεγχθήσονται
					ἀδικοῦντες, οὐκ ἀδικούμενοι. ὡς δὲ ταῦτα ἀληθῆ λέγω, τούτων ὑμῖν ἀναγνώσεται τὰς
						μαρτυρίας.<quote n="*marturi/ai"><title>Μαρτυρίαι</title></quote>
				</p>
			</div>
			<div type="section" n="11">
				<p>ὅτι μὲν τοίνυν πολλάκις προκαλεσαμένῳ καὶ ἀξιοῦντι παραλαβεῖν τὴν ἄνθρωπον οὐδεὶς
					παρεδίδου, μεμαρτύρηται ὑμῖν. ἵνα δὲ καὶ ἐκ τεκμηρίων εἰδῆτε ὅτι ψευδῆ
					μεμαρτυρήκασιν, δηλώσω ὑμῖν. οὗτοι γάρ, εἴπερ ἀληθῆ ἦν ἅ φασιν προκαλέσασθαι τὸν
					Θεόφημον καὶ παραδιδόναι τὸ σῶμα τῆς ἀνθρώπου, οὐκ ἂν δήπου δύο μόνους μάρτυρας
					ἐποιήσαντο κηδεστὴν καὶ ἀδελφόν, τἀληθῆ μαρτυροῦντας, ἀλλὰ καὶ ἄλλους ἂν
					πολλούς. </p>
			</div>
			<div type="section" n="12">
				<p>ἡ μὲν γὰρ δίαιτα ἐν τῇ ἡλιαίᾳ ἦν (οἱ γὰρ τὴν Οἰνῇδα καὶ τὴν Ἐρεχθῇδα διαιτῶντες
					ἐνταῦθα κάθηνται)· τῶν δὲ τοιούτων προκλήσεων, ὅταν τις τὸ σῶμα παραδιδῷ
					κομίσας, πολλοὶ προσίστανται ἐπακούοντες τῶν λεγομένων, ὥστε οὐκ ἂν ἠπόρησαν
					μαρτύρων, εἴπερ καὶ ὁπωστιοῦν ἀληθὴς ἦν ἡ μαρτυρία. </p>
			</div>
			<div type="section" n="13">
				<p>μεμαρτυρήκασι τοίνυν, ὦ ἄνδρες δικασταί, ἐν τῇ αὐτῇ μαρτυρίᾳ, ὡς ἐγὼ οὐκ ἐθέλοιμι
					ἀναβαλέσθαι, ὁ δὲ Θεόφημος κελεύοι, ἵνα μοι παραδοίη τὴν ἄνθρωπον. ὡς δὲ οὐκ
					ἀληθὲς τοῦτʼ ἔστιν, ἐγὼ ὑμᾶς διδάξω. εἰ μὲν γὰρ ἐγὼ τὸν Θεόφημον ταύτην τὴν
					πρόκλησιν προὐκαλούμην ἣν μεμαρτυρήκασιν αὐτῷ, </p>
			</div>
			<div type="section" n="14">
				<p>ἀξιῶν αὐτὸν τὴν ἄνθρωπον παραδοῦναι, εἰκότως ἄν μοι τούτους τοὺς λόγους
					ἀπεκρίνατο, ἀναβαλέσθαι κελεύων τὴν δίαιταν εἰς τὴν ὑστέραν σύνοδον, ἵνα κομίσῃ
					τὴν ἄνθρωπον καὶ παραδῷ μοι· νῦν δὲ σὲ αὐτὸν μεμαρτυρήκασιν, ὦ Θεόφημε, ἐθέλειν
					παραδιδόναι τὴν ἄνθρωπον, καὶ ἐμὲ μὴ ʼθέλειν παραλαβεῖν. πῶς οὖν σὺ κύριος μὲν
					ὢν τῆς ἀνθρώπου, μέλλων δὲ προκαλεῖσθαι ταύτην τὴν πρόκλησιν ἣν μεμαρτυρήκασί
					σοι, καταφεύγων δὲ εἰς τὴν ἄνθρωπον περὶ τοῦ δικαίου, </p>
			</div>
			<div type="section" n="15">
				<p>ἄλλου δέ σοι οὐδενὸς ὄντος μάρτυρος ὡς ἐπλήγης ὑπʼ ἐμοῦ ἄρχοντος χειρῶν ἀδίκων,
					οὐχ ἧκες ἔχων τὴν ἄνθρωπον πρὸς τὸν διαιτητὴν καὶ παρεδίδους τὸ σῶμα παρούσης
					τῆς ἀνθρώπου, κύριός γε ὢν αὐτῆς; ἀλλὰ τὴν μὲν πρόκλησιν φὴς προκαλέσασθαι, τὴν
					δὲ ἄνθρωπον οὐδεὶς εἶδεν, διʼ ἧς ἐξηπάτησας τοὺς δικαστάς, ψευδεῖς μάρτυρας
					παρασχόμενος ὡς ἐθέλων παραδοῦναι. </p>
			</div>
			<div type="section" n="16">
				<p>ἐπειδὴ τοίνυν σοι τότε οὐ παρῆν ἡ ἄνθρωπος, ἀλλὰ πρότερον ἐσημάνθησαν οἱ ἐχῖνοι,
					ὕστερον ἔστιν ὅπου ἤγαγες τὴν ἄνθρωπον εἰς τὴν ἀγορὰν ἢ εἰς τὸ δικαστήριον; εἰ
					γὰρ μὴ τότε σοι παρεγένετο, ὕστερον δήπου ἔδει παραδιδόναι, καὶ μάρτυρας
					ποιεῖσθαι ὡς ἐθέλεις ἐν τῇ ἀνθρώπῳ τὸν ἔλεγχον γίγνεσθαι, καθάπερ προὐκαλέσω,
					προκλήσεώς τε ἐμβεβλημένης σοι καὶ μαρτυρίας ὡς ἤθελες παραδιδόναι τὴν ἄνθρωπον.
					μέλλων τοίνυν εἰσιέναι τὴν δίκην ἔστιν ὅπου τὴν ἄνθρωπον εἰσήγαγες πρὸς τὸ
					δικαστήριον; </p>
			</div>
			<div type="section" n="17">
				<p>καίτοι ἔδει αὐτόν, εἴπερ ἀληθῆ ἦν ἅ φασιν αὐτὸν προκαλεῖσθαι, κληρουμένων τῶν
					δικαστηρίων κομίσαντα τὴν ἄνθρωπον, λαβόντα τὸν κήρυκα, κελεύειν ἐμέ, εἰ
					βουλοίμην, βασανίζειν, καὶ μάρτυρας τοὺς δικαστὰς εἰσιόντας ποιεῖσθαι ὡς ἕτοιμός
					ἐστιν παραδοῦναι. νυνὶ δὲ λόγῳ ἐξαπατήσας, ψευδεῖς μαρτυρίας παρασχόμενος,
					οὐδέπω καὶ νῦν τολμᾷ τὴν ἄνθρωπον παραδοῦναι, πολλάκις ἐμοῦ προκαλεσαμένου καὶ
					ἐξαιτήσαντος, ὡς οἱ μάρτυρες ὑμῖν οἱ παραγενόμενοι μεμαρτυρήκασιν. καί μοι
					ἀνάγνωθι πάλιν τὰς μαρτυρίας.<quote n="*marturi/ai"
						><title>Μαρτυρίαι</title></quote>
				</p>
			</div>
			<div type="section" n="18">
				<p>βούλομαι δʼ ὑμῖν, ὦ ἄνδρες δικασταί, καὶ τὴν δίκην διηγήσασθαι, ὅθεν ἐγένετό μοι
					πρὸς Θεόφημον, ἵνα εἰδῆτε ὅτι οὐ μόνον ἐμοῦ ἀδίκως κατεδικάσατο, ἐξαπατήσας τοὺς
					δικαστάς, ἀλλὰ καὶ τῆς βουλῆς ἅμα τῶν πεντακοσίων τῇ αὐτῇ ψήφῳ, καὶ ἄκυρα μὲν
					ἐποίησεν τὰ δικαστήρια τὰ ὑμέτερα, ἄκυρα δὲ τὰ ψηφίσματα καὶ τοὺς νόμους,
					ἀπίστους δὲ τὰς ἀρχὰς κατέστησεν ὑμῖν καὶ τὰ γράμματα τὰ ἐν ταῖς στήλαις. ὃν δὲ
					τρόπον, ἐγὼ ὑμᾶς περὶ ἑνὸς ἑκάστου διδάξω. </p>
			</div>
			<div type="section" n="19">
				<p>ἐμοὶ γὰρ πρὸς Θεόφημον συμβόλαιον μὲν οὐδὲν πώποτε πρότερον ἐν τῷ βίῳ ἐγένετο,
					οὐδʼ αὖ κῶμος ἢ ἔρως ἢ πότος, ὥστε διαφερόμενον περί τινος πλεονεκτήματος ἢ
					παροξυνόμενον ὑπὸ ἡδονῆς τινὸς ἐλθεῖν ἐπὶ τὴν οἰκίαν τὴν τούτου. ψηφισμάτων δὲ
					ὑμετέρων δήμου καὶ βουλῆς καὶ νόμου ἐπιτάξαντος, εἰσέπραξα τοῦτον ὀφείλοντα τῇ
					πόλει σκεύη τριηρικά. διʼ ὅτι δέ, ἐγὼ ὑμῖν διηγήσομαι. </p>
			</div>
			<div type="section" n="20">
				<p>ἔτυχεν ἔκπλους ὢν τριήρων καὶ βοήθεια ἀποστελλομένη διὰ τάχους. σκεύη οὖν ἐν τῷ
					νεωρίῳ οὐχ ὑπῆρχεν ταῖς ναυσίν, ἀλλʼ ἔχοντες οἱ ὀφείλοντες οὐκ ἀπεδίδοσαν· πρὸς
					δὲ τούτοις οὐδʼ ἐν τῷ Πειραιεῖ ὄντα ἄφθονα ὀθόνια καὶ στυππεῖον καὶ σχοινία, οἷς
					κατασκευάζεται τριήρης, ὥστε πρίασθαι. γράφει οὖν Χαιρέδημος τὸ ψήφισμα τουτί,
					ἵνα εἰσπραχθῇ τὰ σκεύη ταῖς ναυσὶ καὶ σᾶ γένηται τῇ πόλει. καί μοι ἀνάγνωθι τὸ
						ψήφισμα.<quote n="*yh/fisma"><title>Ψήφισμα</title></quote>
				</p>
			</div>
			<div type="section" n="21">
				<p>τούτου τοίνυν τοῦ ψηφίσματος γεγενημένου, ἡ μὲν ἀρχὴ ἐπεκλήρωσεν καὶ παρέδωκε
					τοὺς ὀφείλοντας τὰ σκεύη τῇ πόλει<del>, οἱ δὲ τῶν νεωρίων ἐπιμεληταὶ</del> τοῖς
					τριηράρχοις τοῖς ἐκπλέουσιν τότε καὶ τοῖς ἐπιμεληταῖς τοῖς ἐν ταῖς συμμορίαις. ὁ
					δὲ νόμος ὁ τοῦ Περιάνδρου ἠνάγκαζεν καὶ προσέταττεν παραλαβεῖν τοὺς ὀφείλοντας
					τὰ σκεύη, καθʼ ὃν αἱ συμμορίαι συνετάχθησαν. πρὸς δὲ τούτοις ἕτερον ψήφισμα
					δήμου ἠνάγκαζε τὸ πρὸς μέρος ἡμῖν διδόναι τῶν ὀφειλόντων ἕκαστον εἰσπράξασθαι.
				</p>
			</div>
			<div type="section" n="22">
				<p>ἔτυχον δὴ ἐγὼ μὲν τριηραρχῶν καὶ ἐπιμελητὴς ὢν τῆς συμμορίας, Δημοχάρης δὲ ὁ
					Παιανιεὺς ἐν τῇ συμμορίᾳ ὢν καὶ ὀφείλων τῇ πόλει σκεύη μετὰ Θεοφήμου τουτουί,
					συντριήραρχος γενόμενος. γεγραμμένους οὖν αὐτοὺς ἀμφοτέρους ἐν τῇ στήλῃ
					ὀφείλοντας τὰ σκεύη τῇ πόλει ἡ ἀρχὴ παραλαβοῦσα παρὰ τῆς προτέρας ἀρχῆς, ἡμῖν
					παρέδωκεν κατά τε τὸν νόμον καὶ τὰ ψηφίσματα. </p>
			</div>
			<div type="section" n="23">
				<p>ἐξ ἀνάγκης οὖν ἦν μοι παραλαβεῖν, ἐπεὶ ἐν τῷ πρόσθε χρόνῳ πολλὰς τριηραρχίας
					τετριηραρχηκὼς ὑμῖν οὐδεπώποτε ἔλαβον σκεύη ἐκ τοῦ νεωρίου, ἀλλʼ αὐτὸς ἰδίᾳ
					παρεσκεύαζον, ὁπότε δέοι, ἵνα ὡς ἐλάχιστα πράγματα ἔχοιμι πρὸς τὴν πόλιν· τότε
					δὲ κατά τε τὰ ψηφίσματα καὶ τὸν νόμον ἠναγκαζόμην παραλαμβάνειν. </p>
			</div>
			<div type="section" n="24">
				<p>ὡς δὲ ταῦτα ἀληθῆ λέγω, τούτων ὑμῖν μάρτυρας παρέξομαι τό τε ψήφισμα καὶ τὸν
					νόμον, ἔπειτα τὴν ἀρχὴν αὐτὴν τὴν παραδοῦσαν καὶ εἰσαγαγοῦσαν εἰς τὸ
					δικαστήριον, εἶτα τοὺς ἐκ τῆς συμμορίας, ἧς ἦν ἐπιμελητὴς καὶ τριήραρχος. καί
					μοι ἀνάγνωθι.<quote n="*no/mos"><title>Νόμος</title></quote><quote n="*yh/fisma"
							><title>Ψήφισμα</title></quote><quote n="*marturi/ai"
							><title>Μαρτυρίαι</title></quote>
				</p>
			</div>
			<div type="section" n="25">
				<p>ὡς μὲν τοίνυν πολλή μοι ἀνάγκη ἦν παραλαβεῖν τοὺς ὀφείλοντας τῇ πόλει, τοῦ τε
					νόμου ἀκούετε καὶ τῶν ψηφισμάτων· ὡς δὲ καὶ παρέλαβον παρὰ τῆς ἀρχῆς, ὁ παραδοὺς
					ὑμῖν μεμαρτύρηκεν. σκέψασθαι οὖν ὑμᾶς εἰκός ἐστιν ἐξ ἀρχῆς, ὦ ἄνδρες δικασταί,
					τοῦτο πρῶτον, πότερον ἐγὼ ἠδίκουν ὁ ἀναγκαζόμενος εἰσπρᾶξαι τὸν Θεόφημον, ἢ
					Θεόφημος, ὃς ὀφείλων τῇ πόλει τὰ σκεύη πολὺν χρόνον οὐκ ἀπεδίδου. </p>
			</div>
			<div type="section" n="26">
				<p>ἐὰν γὰρ καθʼ ἕκαστον σκοπῆτε, εὑρήσετε τὸν Θεόφημον ἅπαντα ἀδικοῦντα, καὶ ταῦτα
					οὐχ ὑπʼ ἐμοῦ μόνον λόγῳ εἰρημένα, ἀλλὰ καὶ ὑπὸ τῆς βουλῆς καὶ τοῦ δικαστηρίου
					ψήφῳ κεκριμένα. ἐπειδὴ γὰρ παρέλαβον αὐτὸν παρὰ τῆς ἀρχῆς, προσελθὼν αὐτῷ πρῶτον
					μὲν ἀπῄτουν τὰ σκεύη· ὡς δὲ τοῦτό μου εἰπόντος οὐκ ἀπεδίδου, ὕστερον αὐτῷ
					περιτυχὼν περὶ τὸν Ἑρμῆν τὸν πρὸς τῇ πυλίδι προσεκαλεσάμην πρός τε τοὺς
					ἀποστολέας καὶ πρὸς τοὺς τῶν νεωρίων ἐπιμελητάς· οὗτοι γὰρ εἰσῆγον τότε τὰς
					διαδικασίας εἰς τὸ δικαστήριον περὶ τῶν σκευῶν. </p>
			</div>
			<div type="section" n="27">
				<p>ὡς δὲ ἀληθῆ λέγω, τούτων ὑμῖν μάρτυρας τοὺς κλητεύσαντας παρέξομαι.</p>
				<quote n="*ma/rtures"><title>Μάρτυρες</title></quote>
				<p>ὅτι μὲν τοίνυν προσεκλήθη ὑπʼ ἐμοῦ, οἱ κλητῆρές μοι μεμαρτυρήκασιν· ὡς δὲ εἰσήχθη
					εἰς τὸ δικαστήριον, λαβέ μοι τὴν μαρτυρίαν τῶν ἀποστολέων καὶ τῆς ἀρχῆς.</p>
				<quote n="*marturi/a"><title>Μαρτυρία</title></quote>
			</div>
			<div type="section" n="28">
				<p>ὃν μὲν τοίνυν ᾤμην πράγματα παρέξειν μοι Δημοχάρην τὸν Παιανιέα, πρὶν μὲν
					εἰσαχθῆναι εἰς τὸ δικαστήριον ἦν ἀηδής, ἐπειδὴ δὲ εἰσήχθη καὶ ἑάλω, ἀπέδωκεν τὸ
					καθʼ ἑαυτὸν μέρος τῶν σκευῶν. ὃν δʼ οὐκ ἂν ᾠήθην εἰς τοσοῦτον πονηρίας ἐλθεῖν
					ὥστε τολμῆσαι ἄν ποτε τὴν πόλιν ἀποστερῆσαι τὰ σκεύη, εἰς τοσοῦτο δικῶν καὶ
					πραγμάτων προβέβηκεν. καὶ παρὼν μὲν πρὸς τῷ δικαστηρίῳ, ὅτε εἰσήγετο, οὐδαμοῦ
					ἠντεδίκησεν, οὐδὲ ἀπεγράψατο διαδικασίαν πρὸς οὐδένα, εἴ τινά φησιν ἕτερον ἔχειν
					τὰ σκεύη καὶ μὴ προσήκειν αὑτῷ ἀποδοῦναι, ἀλλʼ εἴασεν καθʼ αὑτοῦ ψῆφον
					ἐπαχθῆναι· </p>
			</div>
			<div type="section" n="29">
				<p>ἐπειδὴ δὲ ἀπῆλθεν ἐκ τοῦ δικαστηρίου, οὐδὲν μᾶλλον ἀπεδίδου, ἀλλʼ ᾤετο ἐν μὲν τῷ
					παρόντι αὐτὸς ἐκποδὼν γενόμενος ἡσυχίαν ἕξειν, ἕως <add>ἂν</add> ἐγώ τε ἐκπλεύσω
					καὶ αἱ νῆες καὶ χρόνος ἐγγένηται, καὶ ἐμέ, ἃ οὗτος ὤφειλεν σκεύη τῇ πόλει,
					ἀναγκασθήσεσθαι ἀποδοῦναι ἥκοντα ἐνθάδε ἢ τῷ διαδόχῳ, ὃς ἂν ἔλθῃ ἐκ τῆς
					συμμορίας ἐπὶ τὴν ναῦν. τί γὰρ ἂν καὶ ἀντέλεγον αὐτῷ ψηφίσματα καὶ νόμους
					παρεχομένῳ, ὡς προσῆκεν ἐμὲ εἰσπρᾶξαι τὰ σκεύη; </p>
			</div>
			<div type="section" n="30">
				<p>ὁ δὲ Θεόφημος χρόνου ἐγγεγενημένου, ὁπότε αὐτὸν ἥκων ἀπαιτοίην, ἔμελλε φήσειν
					ἀποδεδωκέναι, καὶ τούτοις τεκμηρίοις καταχρήσεσθαι ὡς ἀποδέδωκεν, τῷ καιρῷ, τῇ
					χρείᾳ, ὡς οὐκ ἠλίθιος ἦν οὐδʼ αὖ φίλος αὐτῷ γενόμενος οὐδεπώποτε ὥστʼ ἐπισχεῖν·
					ὥστε τί ἄν ποτε βουλόμενος ἐγώ, τριηραρχῶν μὲν τῇ πόλει, ἐπιμελητὴς δὲ ὢν τῆς
					συμμορίας, ψηφισμάτων δὲ τοιούτων καὶ νόμου ὄντος, περὶ τὴν εἴσπραξιν ἐπέσχον ἂν
					τούτῳ; </p>
			</div>
			<div type="section" n="31">
				<p>ταύτην τὴν διάνοιαν ἔχων ὁ Θεόφημος τότε μὲν οὐκ ἀπεδίδου τὰ σκεύη, ἀλλʼ ἐκποδὼν
					ἦν, ὕστερον δὲ ᾤετό με ἀποστερήσειν, πρὸς δὲ τούτοις εἰς ὅρκον καταφυγὼν ῥᾳδίως
					ἐπιορκήσειν, ὅπερ καὶ ἄλλοις πεποίηκεν. δεινὴ γὰρ ἡ πλεονεξία τοῦ τρόπου περὶ τὰ
					διάφορα, ὡς ἐγὼ ἔργῳ ὑμῖν ἐπιδείξω. ταῦτα γὰρ τὰ σκεύη ὀφείλων ὁ Θεόφημος τῇ
					πόλει εἰς Ἀφαρέα ἀνέφερεν λόγῳ, ἔργῳ δὲ οὐκ ἀπεγράψατο πρὸς αὐτὸν διαδικασίαν,
					εὖ εἰδὼς ὅτι ἐλεγχθήσεται ψευδόμενος, ἐὰν εἰσέλθῃ εἰς δικαστήριον. </p>
			</div>
			<div type="section" n="32">
				<p>ὁ γὰρ Ἀφαρεὺς ἐξήλεγχεν αὐτὸν τιμὴν λογισάμενον αὑτῷ τῶν σκευῶν καὶ λαβόντα παρʼ
					αὑτοῦ, ὅτε παρελάμβανεν τὴν τριηραρχίαν. νῦν δέ φησι Δημοχάρει παραδοῦναι, καὶ
					δικάζεται τοῖς παιδίοις τοῖς Δημοχάρους τετελευτηκότος τοῦ Δημοχάρους. ὅτε δʼ
					ἔζη ὁ Δημοχάρης, οὐκ ἀπεγράψατο πρὸς αὐτὸν διαδικασίαν ὁ Θεόφημος,
					εἰσπραττόμενος ὑπʼ ἐμοῦ τὰ σκεύη, ἀλλʼ ἐβούλετο ἐπὶ προφάσει χρόνου ἐγγενομένου
					ἀποστερῆσαι τὴν πόλιν τὰ σκεύη. ὡς δʼ ἀληθῆ λέγω, ἀναγνώσεται τὰς
						μαρτυρίας.<quote n="*marturi/ai"><title>Μαρτυρίαι</title></quote>
				</p>
			</div>
			<div type="section" n="33">
				<p>ταῦτα τοίνυν ἐγὼ πάντα ἐνθυμούμενος, καὶ ἀκούων τὸν Θεόφημον τῶν πεπλησιακότων
					οἷος εἴη περὶ τὰ διάφορα, καὶ οὐκ ἀπολαμβάνων τὰ σκεύη παρʼ αὐτοῦ, προσῄειν πρός
					τε τοὺς ἀποστολέας καὶ τὴν βουλήν <del>καὶ τὸν δῆμον</del>, λέγων ὅτι οὐκ
					ἀποδίδωσί μοι τὰ σκεύη ὁ Θεόφημος, ἃ ὦφλεν ἐν τῷ δικαστηρίῳ. προσῇσαν δὲ καὶ οἱ
					ἄλλοι τριήραρχοι τῇ βουλῇ, ὅσοι μὴ παρελάμβανον παρὰ τῶν ὀφειλόντων τὰ σκεύη.
					καὶ πολλῶν λόγων γενομένων ἀποκρίνεται ἡμῖν ἡ βουλὴ ψηφίσματι, ὃ ἀναγνώσεται
					ὑμῖν, εἰσπράττεσθαι τρόπῳ ᾧ ἂν δυνώμεθα.<quote n="*yh/fisma"
							><title>Ψήφισμα</title></quote>
				</p>
			</div>
			<div type="section" n="34">
				<p>γενομένου τοίνυν τοῦ ψηφίσματος τούτου ἐν τῇ βουλῇ, καὶ οὐδενὸς γραφομένου
					παρανόμων, ἀλλὰ κυρίου ὄντος, προσελθὼν Εὐέργῳ τουτῳὶ τῷ ἀδελφῷ τοῦ Θεοφήμου,
					ἐπειδὴ τὸν Θεόφημον οὐχ οἷός τε ἦν ἰδεῖν, ἔχων τὸ ψήφισμα πρῶτον μὲν ἀπῄτησα τὰ
					σκεύη καὶ ἐκέλευσα αὐτὸν φράσαι τῷ Θεοφήμῳ, ἔπειτα διαλιπὼν ἡμέρας τινάς, ὡς οὐκ
					ἀπεδίδου τὰ σκεύη, ἀλλʼ ἐχλεύαζέ με, παραλαβὼν μάρτυρας ἠρόμην αὐτὸν πότερα
					νενεμημένος εἴη πρὸς τὸν ἀδελφὸν ἢ κοινὴ ἡ οὐσία εἴη αὐτοῖς. </p>
			</div>
			<div type="section" n="35">
				<p>ἀποκριναμένου δέ μοι Εὐέργου ὅτι νενεμημένος εἴη καὶ χωρὶς οἰκοίη ὁ Θεόφημος,
					αὐτὸς δὲ παρὰ τῷ πατρί, πυθόμενος οὗ ᾤκει ὁ Θεόφημος, λαβὼν παρὰ τῆς ἀρχῆς
					ὑπηρέτην ἦλθον ἐπὶ τὴν οἰκίαν τοῦ Θεοφήμου. καταλαβὼν δὲ αὐτὸν οὐκ ἔνδον ὄντα,
					ἐκέλευσα τὴν ἄνθρωπον τὴν ὑπακούσασαν μετελθεῖν αὐτὸν ὅπου εἴη, ταύτην ἣν
					μεμαρτυρήκασιν οὗτοι προκαλέσασθαι τὸν Θεόφημον παραδοῦναι, ἐγὼ δὲ ἐξαιτῶν οὐ
					δύναμαι παραλαβεῖν, ἵνʼ ὑμεῖς τὴν ἀλήθειαν πύθησθε, ὁπότερος ἦρξεν χειρῶν
					ἀδίκων. </p>
			</div>
			<div type="section" n="36">
				<p>ὡς δὲ ἀφικνεῖται ὁ Θεόφημος μετελθούσης αὐτὸν τῆς ἀνθρώπου, ἀπῄτουν αὐτὸν τὸ
					διάγραμμα τῶν σκευῶν, λέγων ὅτι ἤδη περὶ ἀναγωγὴν εἴην, καὶ ἐδείκνυον τὸ ψήφισμα
					τῆς βουλῆς. ὡς δὲ ταῦτά μου λέγοντος οὐκ ἀπεδίδου, ἀλλὰ ἠπείλει καὶ ἐλοιδορεῖτο,
					ἐκέλευσα τὸν παῖδα καλέσαι εἴ τινας ἴδοι τῶν πολιτῶν παριόντας ἐκ τῆς ὁδοῦ, ἵνα
					μάρτυρές μοι εἴησαν τῶν λεγομένων, </p>
			</div>
			<div type="section" n="37">
				<p>καὶ ἠξίουν πάλιν τὸν Θεόφημον ἢ αὐτὸν ἀκολουθεῖν πρὸς τοὺς ἀποστολέας καὶ τὴν
					βουλήν, καὶ εἰ μή φησιν ὀφείλειν, ἐκείνους πείθειν τοὺς παραδόντας καὶ
					ἀναγκάζοντας εἰσπράττειν, ἢ ἀποδιδόναι τὰ σκεύη· εἰ δὲ μή, ἐνέχυρα ἔφην λήψεσθαι
					κατά τε τοὺς νόμους καὶ τὰ ψηφίσματα. οὐδὲν δʼ ἐθέλοντος αὐτοῦ τῶν δικαίων
					ποιεῖν, ἦγον τὴν ἄνθρωπον ἑστηκυῖαν ἐπὶ τῇ θύρᾳ, τὴν μετελθοῦσαν αὐτόν. </p>
			</div>
			<div type="section" n="38">
				<p>καὶ ὁ Θεόφημός με ἀφῃρεῖτο, καὶ ἐγὼ τὴν μὲν ἄνθρωπον ἀφῆκα, εἰς δὲ τὴν οἰκίαν
					εἰσῄειν, ἵνα ἐνέχυρόν τι λάβοιμι τῶν σκευῶν· ἔτυχεν γὰρ ἡ θύρα ἀνεῳγμένη, ὡς
					ἦλθεν ὁ Θεόφημος, καὶ ἔτι ἔμελλεν εἰσιέναι· καὶ ἐπεπύσμην αὐτὸν ὅτι οὐκ εἴη
					γεγαμηκώς. εἰσιόντος δέ μου παίει πὺξ ὁ Θεόφημος τὸ στόμα, καὶ ἐγὼ
					ἐπιμαρτυράμενος τοὺς παρόντας ἠμυνάμην. </p>
			</div>
			<div type="section" n="39">
				<p>ὡς οὖν ἀληθῆ λέγω, καὶ ἦρξεν χειρῶν ἀδίκων ὁ Θεόφημος, οὐκ ἄλλοθεν δεῖν οἶμαι τὸν
					ἔλεγχον γενέσθαι ἢ ἐκ τῆς ἀνθρώπου, ἣν μεμαρτυρήκασιν οὗτοι οἱ μάρτυρες ὡς
					ἤθελεν ὁ Θεόφημος παραδιδόναι. ταύτῃ δὲ τῇ μαρτυρίᾳ πρότερος εἰσελθὼν εἰς τὸ
					δικαστήριον, οὐ παραγραφομένου ἐμοῦ οὐδʼ ὑπομνυμένου διὰ τὸ καὶ πρότερόν ποτε
					ἐφʼ ἑτέρας δίκης ταῦτά με βλάψαι, ἐξηπάτησεν τοὺς δικαστὰς λέγων, οὓς μὲν ἐγὼ
					παρειχόμην μάρτυρας, τὰ ψευδῆ μαρτυρεῖν, τὴν δὲ ἄνθρωπον ἐρεῖν τὰς ἀληθείας
					βασανιζομένην. </p>
			</div>
			<div type="section" n="40">
				<p>οἷς δὲ τότε κατεχρῶντο λόγοις, νῦν αὐτοῖς ἐξελέγχονται ὑπεναντία ποιοῦντες· τὴν
					γὰρ ἄνθρωπον οὐ δύναμαι παραλαβεῖν πολλάκις ἐξαιτήσας, ὡς μεμαρτύρηται ὑμῖν.
					ἐπειδὴ τοίνυν τὴν ἄνθρωπον οὐ παραδιδόασιν, ἣν αὐτοὶ ἔφασαν προκαλέσασθαι,
					βούλομαι ὑμῖν καὶ τοὺς μάρτυρας παρασχέσθαι, οἳ εἶδόν με πρότερον πληγέντα ὑπὸ
					τοῦ Θεοφήμου (ἡ δὲ αἴκεια τοῦτʼ ἔστιν, ὃς ἂν ἄρξῃ χειρῶν ἀδίκων πρότερος) ἄλλως
					τε καὶ κατὰ τὸν νόμον καὶ κατὰ τὰ ψηφίσματα τὰ ὑμέτερα εἰσπράττοντα. καί μοι
					ἀνάγνωθι τὰ ψηφίσματα καὶ τὴν μαρτυρίαν.<quote n="*yhfi/smata"
							><title>Ψηφίσματα</title></quote><quote n="*marturi/a"
							><title>Μαρτυρία</title></quote>
				</p>
			</div>
			<div type="section" n="41">
				<p>ἐπειδὴ τοίνυν ἀφῃρέθην τὰ ἐνέχυρα ὑπὸ τοῦ Θεοφήμου καὶ συνεκόπην, ἐλθὼν εἰς τὴν
					βουλὴν τάς τε πληγὰς ἔδειξα καὶ ἃ πεπονθὼς ἦν εἶπον, καὶ ὅτι εἰσπράττων τῇ πόλει
					τὰ σκεύη. ἀγανακτήσασα δʼ ἡ βουλὴ ἐφʼ οἷς ἐγὼ ἐπεπόνθειν, καὶ ἰδοῦσά με ὡς
					διεκείμην, καὶ ἡγησαμένη ὑβρίσθαι οὐκ ἐμέ, ἀλλʼ ἑαυτὴν καὶ τὸν δῆμον τὸν
					ψηφισάμενον καὶ τὸν νόμον τὸν ἀναγκάσαντα εἰσπράττειν τὰ σκεύη, </p>
			</div>
			<div type="section" n="42">
				<p>ἐκέλευεν εἰσαγγέλλειν με, καὶ τοὺς πρυτάνεις προγράφειν αὐτῷ τὴν κρίσιν ἐπὶ δύο
					ἡμέρας ὡς ἀδικοῦντι καὶ διακωλύοντι τὸν ἀπόστολον, διότι τὰ σκεύη οὐκ ἀπεδίδου
					καὶ τὰ ἐνέχυρα ἀφείλετο καὶ ἐμὲ συνέκοψεν τὸν εἰσπράττοντα καὶ ὑπηρετοῦντα τῇ
					πόλει. γενομένης τοίνυν τῆς κρίσεως τῷ Θεοφήμῳ ἐν τῇ βουλῇ κατὰ τὴν εἰσαγγελίαν
					ἣν ἐγὼ εἰσήγγειλα, καὶ ἀποδοθέντος λόγου ἑκατέρῳ, καὶ κρύβδην διαψηφισαμένων τῶν
					βουλευτῶν, ἑάλω ἐν τῷ βουλευτηρίῳ καὶ ἔδοξεν ἀδικεῖν. </p>
			</div>
			<div type="section" n="43">
				<p>καὶ ἐπειδὴ ἐν τῷ διαχειροτονεῖν ἦν ἡ βουλὴ πότερα δικαστηρίῳ παραδοίη ἢ ζημιώσειε
					ταῖς πεντακοσίαις, ὅσου ἦν κυρία κατὰ τὸν νόμον, δεομένων τούτων ἁπάντων καὶ
					ἱκετευόντων καὶ τίνα οὐ προσπεμπόντων; καὶ τὸ διάγραμμα τῶν σκευῶν ἀποδιδόντων
					εὐθὺς ἐν τῇ βουλῇ, καὶ περὶ τῶν πληγῶν φασκόντων ἐπιτρέψειν ᾧ ἂν κελεύσω
					Ἀθηναίων, συνεχώρησα ὥστε τῷ Θεοφήμῳ πέντε καὶ εἴκοσι δραχμῶν προστιμηθῆναι.
				</p>
			</div>
			<div type="section" n="44">
				<p>καὶ ταῦτα ὡς ἀληθῆ λέγω, ὑμῶν τε δέομαι ὅσοι ἐβούλευον ἐπʼ Ἀγαθοκλέους ἄρχοντος
					φράζειν τοῖς παρακαθημένοις, καὶ ὅσους ἐδυνάμην ἐγὼ ἐξευρεῖν τῶν τότε
					βουλευόντων, μάρτυρας ὑμῖν παρέξομαι.</p>
				<quote n="*ma/rtures"><title>Μάρτυρες</title></quote>
				<p>ἐγὼ μὲν τοίνυν οὕτως, ὦ ἄνδρες δικασταί, ἐπιεικὴς ἐγενόμην πρὸς τούτους. καίτοι
					τό γε ψήφισμα δημοσίαν τὴν οὐσίαν ἐκέλευσεν εἶναι, οὐ μόνον ὃς ἂν ἔχων σκεύη μὴ
					ἀποδιδῷ τῇ πόλει, ἀλλὰ καὶ ὃς ἂν ἰδίᾳ κτησάμενος μὴ πωλῇ· τοιαύτη γὰρ ἡ ἀπορία
					οὖσα συνέβαινεν τότε ἐν τῇ πόλει σκευῶν. καί μοι ἀνάγνωθι τὸ ψήφισμα.</p>
				<quote n="*yh/fisma"><title>Ψήφισμα</title></quote>
			</div>
			<div type="section" n="45">
				<p>καταπλεύσας τοίνυν, ὦ ἄνδρες δικασταί, ὡς οὐδενὶ ἤθελεν ἐπιτρέπειν ὁ Θεόφημος
					περὶ τῶν πληγῶν ὧν τότε ἔλαβον ὑπʼ αὐτοῦ, προσεκαλεσάμην αὐτὸν καὶ ἔλαχον αὐτῷ
					δίκην τῆς αἰκείας. ἀντιπροσκαλεσαμένου δὲ κἀκείνου ἐμὲ καὶ διαιτητῶν ἐχόντων τὰς
					δίκας, ἐπειδὴ ἡ ἀπόφασις ἦν τῆς δίκης, ὁ μὲν Θεόφημος παρεγράφετο καὶ ὑπώμνυτο,
					ἐγὼ δὲ πιστεύων ἐμαυτῷ μηδὲν ἀδικεῖν εἰσῄειν εἰς ὑμᾶς. </p>
			</div>
			<div type="section" n="46">
				<p>παρασχόμενος δὲ ἐκεῖνος ταύτην τὴν μαρτυρίαν, ἣν ἄλλος μὲν οὐδεὶς μεμαρτύρηκεν, ὁ
					δὲ ἀδελφὸς καὶ ὁ κηδεστής, ὡς ἐθέλοι τὴν ἄνθρωπον παραδοῦναι, καὶ προσποιούμενος
					ἄκακος εἶναι, ἐξηπάτησεν τοὺς δικαστάς. δέομαι δὲ ὑμῶν νυνὶ δικαίαν δέησιν, ἅμα
					μὲν δικάσαι περὶ τῆς μαρτυρίας, πότερα ψευδής ἐστιν ἢ ἀληθής, ἅμα δὲ περὶ τοῦ
					πράγματος ἐξ ἀρχῆς σκέψασθαι. </p>
			</div>
			<div type="section" n="47">
				<p>ἐγὼ μὲν τοίνυν, εἰς ἃ οὗτος κατέφυγεν τότε δίκαια, ἐκ τούτων οἴομαι δεῖν τὸν
					ἔλεγχον γενέσθαι, ἐκ τῆς ἀνθρώπου βασανιζομένης, ὁπότερος ἦρξεν χειρῶν ἀδίκων·
					τοῦτο γάρ ἐστιν ἡ αἴκεια. καὶ τοὺς μάρτυρας διὰ τοῦτο διώκω τῶν ψευδομαρτυρίων,
					ὅτι ἐμαρτύρησαν ἐθέλειν παραδιδόναι τὸν Θεόφημον τὴν ἄνθρωπον, οὐδαμοῦ τὸ σῶμα
					παραδιδόντος οὔτε τότε πρὸς τῷ διαιτητῇ οὔτε ὕστερον, πολλάκις ἐμοῦ
					ἐξαιτήσαντος. </p>
			</div>
			<div type="section" n="48">
				<p>διπλῆν οὖν αὐτοὺς δεῖ δίκην δοῦναι, ὅτι τε ἐξηπάτησαν τοὺς δικαστὰς ψευδεῖς
					μαρτυρίας παρασχόμενοι, κηδεστοῦ καὶ ἀδελφοῦ, καὶ ὅτι ἐμὲ ἠδίκησαν, λῃτουργοῦντα
					μὲν ὑμῖν προθύμως, ποιοῦντα δὲ τὰ προσταττόμενα, ὑπηρετοῦντα δὲ τοῖς νόμοις καὶ
					τοῖς ψηφίσμασιν τοῖς ὑμετέροις. ὡς δὲ οὐκ ἐγὼ μόνος παρέλαβον παρὰ τῆς ἀρχῆς
					τοῦτον εἰσπράξασθαι σκεύη ὀφείλοντα τῇ πόλει, ἀλλὰ καὶ ἄλλοι τῶν τριηράρχων
					ἑτέρους εἰσεπράξαντο οὓς παρέλαβον, ἀνάγνωθί μοι αὐτῶν τὰς μαρτυρίας.<quote
						n="*marturi/ai"><title>Μαρτυρίαι</title></quote>
				</p>
			</div>
			<div type="section" n="49">
				<p>βούλομαι τοίνυν, ὦ ἄνδρες δικασταί, καὶ ἃ πέπονθα ὑπʼ αὐτῶν διηγήσασθαι ὑμῖν.
					ἐπειδὴ γὰρ ὦφλον αὐτοῖς τὴν δίκην ἐφʼ ᾗ τοὺς μάρτυρας τούτους διώκω τὰ ψευδῆ
					μεμαρτυρηκότας, προσελθὼν τῷ Θεοφήμῳ μελλούσης μοι ἤδη ἐξήκειν τῆς ὑπερημερίας,
					ἐδεήθην αὐτοῦ ἐπισχεῖν μοι ὀλίγον χρόνον, λέγων τὰς ἀληθείας, ὅτι πεπορισμένου
					τοῦ ἀργυρίου ὃ ἔμελλον αὐτῷ ἐκτίνειν συμβέβηκέ μοι τριηραρχία, </p>
			</div>
			<div type="section" n="50">
				<p>καὶ ἀποστέλλειν διὰ τάχους δεῖ τὴν τριήρη, καὶ ὁ στρατηγὸς Ἀλκίμαχος αὑτῷ
					παρασκευάζειν κελεύοι ταύτην τὴν ναῦν· τὸ οὖν ἀργύριον τὸ πεπορισμένον τῷ
					Θεοφήμῳ ἀποδοῦναι ἐνταῦθα κατεχρησάμην. ἐδεόμην δʼ αὐτοῦ ἀναβαλέσθαι τὴν
					ὑπερημερίαν, ἕως ἂν τὴν ναῦν ἀποστείλω. ὁ δὲ ῥᾳδίως μοι καὶ ἀκάκως ἀποκρίνεται·
						<q>οὐδὲν κωλύει</q>, ἔφη· <q>ἀλλʼ ἐπειδὰν τὴν ναῦν ἀποστείλῃς, πόριζε καὶ
						ἐμοί.</q>
				</p>
			</div>
			<div type="section" n="51">
				<p>ἀποκριναμένου δέ μοι ταῦτα τοῦ Θεοφήμου καὶ ἀναβαλομένου τὴν ὑπερημερίαν, καὶ
					μάλιστά μου πιστεύσαντος τῇ τε ἐπισκήψει τῶν ψευδομαρτυρίων καὶ τῷ μὴ ἐθέλειν
					αὐτὸν παραδοῦναι τὴν ἄνθρωπον, ὡς οὐδὲν ἂν νεωτερίσαντος περὶ τἀμά, ἐγὼ μὲν τὴν
					τριήρη ἀποστείλας, οὐ πολλαῖς ἡμέραις ὕστερον πορίσας τὸ ἀργύριον, προσελθὼν
					αὐτῷ ἐκέλευον ἐπὶ τὴν τράπεζαν ἀκολουθοῦντα κομίζεσθαι τὴν καταδίκην. ὡς δὲ
					ταῦτα ἀληθῆ λέγω, τούτων ὑμῖν ἀναγνώσεται τὰς μαρτυρίας.<quote n="*marturi/ai"
							><title>Μαρτυρίαι</title></quote>
				</p>
			</div>
			<div type="section" n="52">
				<p>ὁ δὲ Θεόφημος ἀντὶ τοῦ τὴν καταδίκην ἀπολαβεῖν ἀκολουθήσας ἐπὶ τὴν τράπεζαν,
					ἐλθών μου τὰ πρόβατα λαμβάνει ποιμαινόμενα πεντήκοντα μαλακὰ καὶ τὸν ποιμένα
					μετʼ αὐτῶν καὶ πάντα τὰ ἀκόλουθα τῇ ποίμνῃ, ἔπειτα παῖδα διάκονον ὑδρίαν χαλκῆν
					ἀποφέροντα ἀλλοτρίαν ᾐτημένην, πολλοῦ ἀξίαν. καὶ ταῦτα ἔχουσιν οὐκ ἐξήρκεσεν
					αὐτοῖς· </p>
			</div>
			<div type="section" n="53">
				<p>ἀλλʼ ἐπεισελθόντες εἰς τὸ χωρίον (γεωργῶ δὲ πρὸς τῷ ἱπποδρόμῳ, καὶ οἰκῶ ἐνταῦθα
					ἐκ μειρακίου) πρῶτον μὲν ἐπὶ τοὺς οἰκέτας ᾖξαν, ὡς δὲ οὗτοι διαφεύγουσιν αὐτοὺς
					καὶ ἄλλος ἄλλῃ ἀπεχώρησαν, ἐλθόντες πρὸς τὴν οἰκίαν καὶ ἐκβαλόντες τὴν θύραν τὴν
					εἰς τὸν κῆπον φέρουσαν Εὔεργός τε οὑτοσὶ ὁ ἀδελφὸς ὁ Θεοφήμου καὶ Μνησίβουλος ὁ
					κηδεστὴς αὐτοῦ, οἷς οὐδεμίαν δίκην ὠφλήκειν οὐδὲ προσῆκεν αὐτοὺς ἅπτεσθαι τῶν
					ἐμῶν οὐδενός, εἰσελθόντες ἐπὶ τὴν γυναῖκά μου καὶ τὰ παιδία ἐξεφορήσαντο ὅσα ἔτι
					ὑπόλοιπά μοι ἦν σκεύη ἐν τῇ οἰκίᾳ. </p>
			</div>
			<div type="section" n="54">
				<p>ᾤοντο μὲν γὰρ οὐ τοσαῦτα μόνον λήψεσθαι, ἀλλὰ πολλῷ πλείω· τὴν γὰρ οὖσάν μοι ποτὲ
					κατασκευὴν τῆς οἰκίας καταλήψεσθαι· ἀλλʼ ὑπὸ τῶν λῃτουργιῶν καὶ τῶν εἰσφορῶν καὶ
					τῆς πρὸς ὑμᾶς φιλοτιμίας τὰ μὲν ἐνέχυρα κεῖται αὐτῶν, τὰ δὲ πέπραται. ὅσα δʼ ἦν
					ἔτι ὑπόλοιπα, πάντα λαβόντες ᾤχοντο. </p>
			</div>
			<div type="section" n="55">
				<p>πρὸς δὲ τούτοις, ὦ ἄνδρες δικασταί, ἔτυχεν ἡ γυνή μου μετὰ τῶν παιδίων ἀριστῶσα
					ἐν τῇ αὐλῇ, καὶ μετʼ αὐτῆς τιτθή τις ἐμὴ γενομένη πρεσβυτέρα, ἄνθρωπος εὔνους
					καὶ πιστὴ καὶ ἀφειμένη ἐλευθέρα ὑπὸ τοῦ πατρὸς τοῦ ἐμοῦ. συνῴκησεν δὲ ἀνδρί,
					ἐπειδὴ ἀφείθη ἐλευθέρα· ὡς δὲ οὗτος ἀπέθανεν καὶ αὐτὴ γραῦς ἦν καὶ οὐκ ἦν αὐτὴν
					ὁ θρέψων, ἐπανῆκεν ὡς ἐμέ. </p>
			</div>
			<div type="section" n="56">
				<p>ἀναγκαῖον οὖν ἦν μὴ περιιδεῖν ἐνδεεῖς ὄντας μήτε τιτθὴν γενομένην μήτε
					παιδαγωγόν· ἅμα δὲ καὶ τριηραρχῶν ἐξέπλεον, ὥστε καὶ τῇ γυναικὶ βουλομένῃ ἦν
					τοιαύτην οἰκουρὸν μετʼ αὐτῆς με καταλιπεῖν. ἀριστώντων δὲ ἐν τῇ αὐλῇ, ὡς
					ἐπεισπηδῶσιν οὗτοι καὶ καταλαμβάνουσιν αὐτὰς καὶ ἥρπαζον τὰ σκεύη, αἱ μὲν ἄλλαι
					θεράπαιναι (ἐν τῷ πύργῳ γὰρ ἦσαν, οὗπερ διαιτῶνται) ὡς ἤκουσαν κραυγῆς, κλείουσι
					τὸν πύργον, καὶ ἐνταῦθα μὲν οὐκ εἰσῆλθον, τὰ δʼ ἐκ τῆς ἄλλης οἰκίας ἐξέφερον
					σκεύη, </p>
			</div>
			<div type="section" n="57">
				<p>ἀπαγορευούσης τῆς γυναικὸς μὴ ἅπτεσθαι αὐτοῖς, καὶ λεγούσης ὅτι αὑτῆς εἴη ἐν τῇ
					προικὶ τετιμημένα καὶ ὅτι <q>τὰ πρόβατα ἔχετε πεντήκοντα καὶ τὸν παῖδα καὶ τὸν
						ποιμένα, πλείονος ἄξια ἢ κατεδικάσασθε·</q> ἀπήγγειλε γάρ τις αὐτοῖς τῶν
					γειτόνων κόψας τὴν θύραν. ἔτι δὲ ἔφη τὸ ἀργύριον αὐτοῖς κείμενον εἶναι ἐπὶ τῇ
					τραπέζῃ· ἠκηκόει γὰρ ἐμοῦ· <q>κἂν περιμείνητε</q>, ἔφη, <q>ἢ μετέλθῃ τις ὑμῶν
						αὐτόν, ἔχοντες ἄπιτε τὸ ἀργύριον ἤδη· τὰ δὲ σκεύη ἐᾶτε, καὶ μηδὲν τῶν ἐμῶν
						φέρετε, ἄλλως τε καὶ ἔχοντες ἄξια τῆς καταδίκης.</q>
				</p>
			</div>
			<div type="section" n="58">
				<p>ταῦτα δὲ λεγούσης τῆς γυναικὸς οὐχ ὅπως ἐπέσχον, ἀλλὰ καὶ τῆς τιτθῆς τὸ κυμβίον
					λαβούσης παρακείμενον αὐτῇ, ἐξ οὗ ἔπινεν, καὶ ἐνθεμένης εἰς τὸν κόλπον, ἵνα μὴ
					οὗτοι λάβοιεν, ἐπειδὴ εἶδεν ἔνδον ὄντας αὐτούς, κατιδόντες αὐτὴν οὕτω διέθεσαν
					ἀφαιρούμενοι τὸ κυμβίον Θεόφημος καὶ Εὔεργος ἁδελφὸς αὐτοῦ οὑτοσί, </p>
			</div>
			<div type="section" n="59">
				<p>ὥστε ὕφαιμοι μὲν οἱ βραχίονες καὶ οἱ καρποὶ τῶν χειρῶν αὐτῆς ἐγένοντο
					ἀποστρεφομένης τὼ χεῖρε καὶ ἑλκομένης ὑπὸ τούτων ἀφαιρουμένων τὸ κυμβίον, ἀμυχὰς
					δʼ ἐν τῷ τραχήλῳ εἶχεν ἀγχομένη, πελιὸν δὲ τὸ στῆθος. εἰς τοῦτο δʼ ἦλθον
					πονηρίας ὥστε, ἕως ἀφείλοντο τὸ κυμβίον ἐκ τοῦ κόλπου αὐτῆς, οὐκ ἐπαύσαντο
					ἄγχοντες καὶ τύπτοντες τὴν γραῦν. </p>
			</div>
			<div type="section" n="60">
				<p>ἀκούοντες δὲ οἱ θεράποντες τῶν γειτόνων τῆς κραυγῆς καὶ ὁρῶντες τὴν οἰκίαν
					πορθουμένην τὴν ἐμήν, οἱ μὲν ἀπὸ τῶν τεγῶν τῶν ἑαυτῶν ἐκαλίστρουν τοὺς
					παριόντας, οἱ δὲ καὶ εἰς τὴν ἑτέραν ὁδὸν ἐλθόντες καὶ ἰδόντες Ἁγνόφιλον παριόντα
					ἐκέλευσαν παραγενέσθαι. προσελθὼν δὲ ὁ Ἁγνόφιλος προσκληθεὶς ὑπὸ τοῦ θεράποντος
					τοῦ Ἀνθεμίωνος, ὅς ἐστί μοι γείτων, εἰς μὲν τὴν οἰκίαν οὐκ εἰσῆλθεν (οὐ γὰρ
					ἡγεῖτο δίκαιον εἶναι μὴ παρόντος γε τοῦ κυρίου), ἐν δὲ τῷ τοῦ Ἀνθεμίωνος χωρίῳ
					ὢν ἑώρα τά τε σκεύη ἐκφερόμενα καὶ Εὔεργον καὶ Θεόφημον ἐξιόντας ἐκ τῆς ἐμῆς
					οἰκίας. </p>
			</div>
			<div type="section" n="61">
				<p>οὐ μόνον τοίνυν, ὦ ἄνδρες δικασταί, λαβόντες μου τὰ σκεύη ᾤχοντο, ἀλλὰ καὶ τὸν
					υἱὸν ἦγον ὡς οἰκέτην, ἕως τῶν γειτόνων ἀπαντήσας αὐτοῖς Ἑρμογένης εἶπεν ὅτι υἱός
					μου εἴη. ὡς δὲ ταῦτα ἀληθῆ λέγω, ἀναγνώσεται ὑμῖν τὰς μαρτυρίας.<quote
						n="*marturi/ai"><title>Μαρτυρίαι</title></quote>
				</p>
			</div>
			<div type="section" n="62">
				<p>ἐπειδὴ τοίνυν μοι ἀπηγγέλθη εἰς Πειραιᾶ τὰ γεγενημένα ὑπὸ τῶν γειτόνων, ἐλθὼν εἰς
					ἀγρὸν τούτους μὲν οὐκέτι καταλαμβάνω, ἰδὼν δὲ τὰ ἐκ τῆς οἰκίας ἐκπεφορημένα καὶ
					τὴν γραῦν ὡς διέκειτο, καὶ ἀκούων τῆς γυναικὸς τὰ γενόμενα, προσελθὼν τῷ Θεοφήμῳ
					τῇ ὑστεραίᾳ ἕωθεν ἐν τῇ πόλει μάρτυρας ἔχων ἐκέλευον αὐτὸν πρῶτον μὲν τὴν
					καταδίκην ἀπολαμβάνειν καὶ ἀκολουθεῖν ἐπὶ τὴν τράπεζαν, ἔπειτα τὴν ἄνθρωπον
					θεραπεύειν ἣν συνέκοψαν, καὶ ἰατρὸν εἰσάγειν ὃν αὐτοὶ βούλοιντο. </p>
			</div>
			<div type="section" n="63">
				<p>ταῦτα δέ μου λέγοντος καὶ διαμαρτυρομένου, κακά με πολλὰ εἰπόντες ὁ μὲν Θεόφημος
					ἠκολούθει μόλις, διατριβὰς ἐμποιῶν καὶ φάσκων βούλεσθαι καὶ αὐτός τινας
					παραλαβεῖν μάρτυρας (ταῦτα δʼ ἔλεγεν τεχνάζων τοῦ χρόνον ἐγγενέσθαι), ὁ δʼ
					Εὔεργος οὑτοσὶ εὐθὺς ἐκ τῆς πόλεως μεθʼ ἑτέρων ὁμοίων αὑτῷ ἐλθὼν εἰς ἀγρόν, τὰ
					ὑπόλοιπα σκεύη, εἴ τινα τῇ προτεραίᾳ ἐν τῷ πύργῳ ἦν καὶ οὐκ ἔτυχεν ἔξω ὄντα,
					ἐπειδὴ δʼ ἐγὼ ἦλθον, διὰ τὴν χρείαν κατηνέχθη, ἐκβαλὼν τὴν θύραν ἥνπερ καὶ τῇ
					προτεραίᾳ ἐξέβαλον κακῶς ἐνεστηκυῖαν, ᾤχετό μου λαβὼν τὰ σκεύη· ᾧ οὔτε δίκην
					ὠφλήκειν, οὔτε συμβόλαιον ἦν μοι πρὸς αὐτὸν οὐδέν. </p>
			</div>
			<div type="section" n="64">
				<p>ἐκτίνοντος δέ μου τῷ Θεοφήμῳ, ᾧ ὠφλήκειν τὴν δίκην, ἐπειδὴ ἐξέτινον πολλῶν
					παρόντων μαρτύρων χιλίας μὲν καὶ ἑκατὸν δραχμὰς <add>τὴν καταδίκην, ὀγδοήκοντα
						δὲ καὶ ἑκατὸν δραχμὰς</add> καὶ τρεῖς καὶ δύʼ ὀβολὼ τὴν ἐπωβελίαν, τριάκοντα
					δὲ τὰ πρυτανεῖα (τῶν γὰρ ἄλλων οὐδὲν αὐτῷ ἐπιτιμίων ὦφλον), λαβὼν τοίνυν παρʼ
					ἐμοῦ ἐπὶ τῇ τραπέζῃ χιλίας τριακοσίας δέκα τρεῖς δύʼ ὀβολὼ τὸ σύμπαν κεφάλαιον,
					ἀπαιτοῦντος ἐμοῦ τά τε πρόβατα καὶ τὰ ἀνδράποδα καὶ τὰ σκεύη ἃ ἡρπάκει μου, οὐκ
					ἔφη ἀποδώσειν μοι, εἰ μή τις αὐτὸν ἀφήσει καὶ τοὺς μετʼ αὐτοῦ τῶν ἐγκλημάτων καὶ
					τοὺς μάρτυρας τῶν ψευδομαρτυρίων. </p>
			</div>
			<div type="section" n="65">
				<p>ταῦτα δὲ ἀποκριναμένου αὐτοῦ μάρτυρας μὲν ἐποιησάμην τῆς ἀποκρίσεως τοὺς
					παρόντας, τὴν δὲ δίκην ἐξέτεισα, ὑπερήμερον γὰρ οὐκ ᾤμην δεῖν ἐμαυτὸν εἶναι. τὸν
					δʼ Εὔεργον οὐδʼ ᾔδειν εἰσεληλυθότα μου εἰς τὴν οἰκίαν ταύτῃ τῇ ἡμέρᾳ, ἀλλʼ
					αὐτίκα ἡ δίκη ἐξετέτειστο, καὶ εἶχεν ὁ Θεόφημος τά τε πρόβατα καὶ τὰ ἀνδράποδα
					καὶ τὰ σκεύη τὰ τῇ προτεραίᾳ περιγενόμενα, καὶ ἄγγελος ἦλθέ μοι λιθοκόπος τις,
					τὸ πλησίον μνῆμα ἐργαζόμενος, ὅτι πάλιν οἴχεται Εὔεργος τὰ ὑπόλοιπα σκεύη
					ἐκφορήσας ἐκ τῆς οἰκίας· πρὸς ὃν οὐδέν μοι πρᾶγμα ἦν. </p>
			</div>
			<div type="section" n="66">
				<p>ὡς οὖν ἀληθῆ λέγω, καὶ ὅτι τῇ μὲν προτεραίᾳ εἰλήφεσάν μου τὰ ἐνέχυρα, τῇ δʼ
					ὑστεραίᾳ ἐκομίσαντο τὸ ἀργύριον παρʼ ἐμοῦ (καίτοι πῶς ἄν, εἰ μὴ πεπορισμένον τε
					ἦν καὶ ἐπηγγέλκειν αὐτοῖς, εὐθὺς ἂν ἀπέλαβον;) καὶ πάλιν αὐθημερὸν εἰσεληλύθεσαν
					εἰς τὴν οἰκίαν ἐκτίνοντος τὴν δίκην, τούτων ὑμῖν ἀναγνώσεται τὰς
						μαρτυρίας.<quote n="*marturi/ai"><title>Μαρτυρίαι</title></quote>
				</p>
			</div>
			<div type="section" n="67">
				<p>ἐπειδὴ τοίνυν, ὦ ἄνδρες δικασταί, ἐπαγγείλαντός μου αὐτῷ θεραπεύειν τὴν ἄνθρωπον
					ἣν συνέκοψαν καὶ ἰατρὸν εἰσάγειν οὐκ ἐφρόντιζον, ἐγὼ αὐτὸς εἰσήγαγον ἰατρὸν ᾧ
					πολλὰ ἔτη ἐχρώμην, ὃς ἐθεράπευεν αὐτὴν ἀρρωστοῦσαν, καὶ ἐπέδειξα ὡς εἶχεν,
					εἰσαγαγὼν μάρτυρας. ἀκούσας δὲ τοῦ ἰατροῦ ὅτι οὐδὲν ἔτι εἴη ἡ ἄνθρωπος, πάλιν
					ἑτέρους μάρτυρας παραλαβὼν τήν τε ἄνθρωπον ἐπέδειξα ὡς εἶχεν, καὶ ἐπήγγειλα
					τούτοις θεραπεύειν. ἕκτῃ τοίνυν ἡμέρᾳ ὕστερον ἢ οὗτοι εἰσῆλθον εἰς τὴν οἰκίαν,
					ἐτελεύτησεν ἡ τιτθή. ὡς δὲ ἀληθῆ ταῦτα λέγω, τούτων ὑμῖν ἀναγνώσεται τὰς
						μαρτυρίας.<quote n="*marturi/ai"><title>Μαρτυρίαι</title></quote>
				</p>
			</div>
			<div type="section" n="68">
				<p>ἐπειδὴ τοίνυν ἐτελεύτησεν, ἦλθον ὡς τοὺς ἐξηγητάς, ἵνα εἰδείην ὅ τι με χρὴ ποιεῖν
					περὶ τούτων, καὶ διηγησάμην αὐτοῖς ἅπαντα τὰ γενόμενα, τήν τε ἄφιξιν τὴν τούτων
					καὶ τὴν εὔνοιαν τῆς ἀνθρώπου, καὶ ὡς εἶχον αὐτὴν ἐν τῇ οἰκίᾳ, καὶ ὡς διὰ τὸ
					κυμβίον, οὐκ ἀφιεῖσα, τελευτήσειεν. ἀκούσαντες δέ μου οἱ ἐξηγηταὶ ταῦτα, ἤροντό
					με πότερον ἐξηγήσωνταί μοι μόνον ἢ καὶ συμβουλεύσωσιν· </p>
			</div>
			<div type="section" n="69">
				<p>ἀποκριναμένου δέ μου αὐτοῖς ἀμφότερα, εἶπόν μοι <q>ἡμεῖς τοίνυν σοι τὰ μὲν νόμιμα
						ἐξηγησόμεθα, τὰ δὲ σύμφορα παραινέσομεν· πρῶτον μὲν ἐπενεγκεῖν δόρυ ἐπὶ τῇ
						ἐκφορᾷ, καὶ προαγορεύειν ἐπὶ τῷ μνήματι, εἴ τις προσήκων ἐστὶν τῆς ἀνθρώπου,
						ἔπειτα τὸ μνῆμα φυλάττειν ἐπὶ τρεῖς ἡμέρας. τάδε δὲ συμβουλεύομέν σοι,
						ἐπειδὴ αὐτὸς μὲν οὐ παρεγένου, ἡ δὲ γυνὴ καὶ τὰ παιδία, ἄλλοι δέ σοι
						μάρτυρες οὐκ εἰσίν, ὀνομαστὶ μὲν μηδενὶ προαγορεύειν, τοῖς δεδρακόσι δὲ καὶ
						κτείνασιν, εἶτα πρὸς τὸν βασιλέα μὴ λαγχάνειν.</q>
				</p>
			</div>
			<div type="section" n="70">
				<p><q>οὐδὲ γὰρ ἐν τῷ νόμῳ ἔστι σοι· οὐ γάρ ἐστιν ἐν γένει σοι ἡ ἄνθρωπος, οὐδὲ
						θεράπαινα, ἐξ ὧν σὺ λέγεις· οἱ δὲ νόμοι τούτων κελεύουσιν τὴν δίωξιν εἶναι·
						ὥστʼ εἰ διομεῖ ἐπὶ Παλλαδίῳ αὐτὸς καὶ ἡ γυνὴ καὶ τὰ παιδία καὶ καταράσεσθε
						αὑτοῖς καὶ τῇ οἰκίᾳ, χείρων τε δόξεις πολλοῖς εἶναι, καὶ ἐὰν μὲν ἀποφύγῃ σε,
						ἐπιωρκηκέναι, ἐὰν δὲ ἕλῃς, φθονήσει. ἀλλʼ ὑπὲρ σεαυτοῦ καὶ τῆς οἰκίας
						ἀφοσιωσάμενος ὡς ῥᾷστα τὴν συμφορὰν φέρειν, ἄλλῃ δὲ εἴ πῃ βούλει,
						τιμωροῦ.</q>
				</p>
			</div>
			<div type="section" n="71">
				<p>ταῦτα ἀκούσας ἐγὼ τῶν ἐξηγητῶν, καὶ τοὺς νόμους ἐπισκεψάμενος τοὺς τοῦ Δράκοντος
					ἐκ τῆς στήλης, ἐβουλευόμην μετὰ τῶν φίλων ὅ τι χρή με ποιεῖν. συμβουλευόντων δέ
					μοι ταὐτά, ἃ μὲν ὑπὲρ τῆς οἰκίας προσῆκεν μοι πρᾶξαι καὶ ἃ ἐξηγήσαντό μοι οἱ
					ἐξηγηταί, ἐποίησα, ἃ δʼ ἐκ τῶν νόμων οὐκέτι μοι προσῆκεν, ἡσυχίαν εἶχον. </p>
			</div>
			<div type="section" n="72">
				<p>κελεύει γὰρ ὁ νόμος, ὦ ἄνδρες δικασταί, τοὺς προσήκοντας ἐπεξιέναι μέχρι
					ἀνεψιαδῶν (καὶ ἐν τῷ ὅρκῳ διορίζεται ὅ τι προσήκων ἐστίν), κἂν οἰκέτης ᾖ, τούτων
					τὰς ἐπισκήψεις εἶναι. ἐμοὶ δὲ οὔτε γένει προσῆκεν ἡ ἄνθρωπος οὐδέν, εἰ μὴ ὅσον
					τιτθὴ γενομένη, οὐδʼ αὖ θεράπαινά γε· ἀφεῖτο γὰρ ὑπὸ τοῦ πατρὸς τοῦ ἐμοῦ
					ἐλευθέρα καὶ χωρὶς ᾤκει καὶ ἄνδρα ἔσχεν. </p>
			</div>
			<div type="section" n="73">
				<p>ψεύσασθαι δὲ πρὸς ὑμᾶς καὶ διομόσασθαι αὐτὸς καὶ τὸν υἱὸν καὶ τὴν γυναῖκα οὐκ ἂν
					ἐτόλμησα, οὐδʼ ἂν εἰ εὖ ᾔδειν ὅτι αἱρήσοιμι αὐτούς· οὐ γὰρ οὕτως τούτους μισῶ,
					ὡς ἐμαυτὸν φιλῶ. ἵνα δὲ μὴ λόγῳ μόνον ἀκούσητέ μου, αὐτὸν ὑμῖν τὸν νόμον
						ἀναγνώσομαι.<quote n="*no/mos"><title>Νόμος</title></quote>
				</p>
			</div>
			<div type="section" n="74">
				<p>πολλαχόθεν μὲν οὖν οἶμαι, ὦ ἄνδρες δικασταί, καταφανῆ ὑμῖν τὴν μαρτυρίαν εἶναι ὡς
					ψευδής ἐστιν, οὐχ ἥκιστα δʼ ἐκ τῶν πεπραγμένων αὐτοῖς ῥᾴδιον γνῶναι. οὗτοι γὰρ
					ᾤοντο, ὦ ἄνδρες δικασταί, ἐμέ, εἰ πολλά μου λάβοιεν ἐνέχυρα, ἅσμενον ἀφήσειν με
					τοὺς μάρτυρας τῶν ψευδομαρτυρίων, ὥστε ἀπολαβεῖν με τὰ ἐνέχυρα. </p>
			</div>
			<div type="section" n="75">
				<p>καὶ ἐπειδὴ ἐδεήθην αὐτοῦ ἀναβαλέσθαι μοι τὴν ὑπερημερίαν, ἅσμενος ἤκουσεν, ἵνα
					ὑπερήμερος αὐτῷ γενοίμην καὶ ἐκφορήσαιτό μου ὡς πλεῖστα. καὶ διὰ τοῦτο ἀκάκως
					καὶ ταχύ μοι ὡμολόγησεν, ἵνα πιθανὸς γένηται καὶ μὴ καταφανὴς ἐπιβουλεύων,
					ἡγούμενος οὐκ εἶναι αὑτῷ διʼ ἄλλου τρόπου τοὺς μάρτυρας ἀφεθῆναι τῶν
					ψευδομαρτυρίων ἢ διὰ τοῦ ἐξαπατῆσαι καὶ λαβεῖν με ὑπερήμερον καὶ ἐκφορήσασθαι ὡς
					πλεῖστα· οὐ γὰρ ὅσα ἔχουσί μου ᾤετο λήψεσθαι, ἀλλὰ πολλῷ πλείω. </p>
			</div>
			<div type="section" n="76">
				<p>καὶ τὸν μὲν ἄλλον χρόνον ἀνέμενεν ὡς οὐ διὰ ταχέων με ποριοῦντα αὐτῷ τὸ ἀργύριον,
					βουλόμενος ὑπʼ αὐτοὺς τοὺς ἀγῶνας τῶν ψευδομαρτυρίων τὴν ἐνεχυρασίαν μου
					ποιήσασθαι· ἐπειδὴ δὲ ἐπήγγειλα αὐτῷ κομίσασθαι τὴν δίκην, ἐλθών μου τά τε σκεύη
					καὶ τοὺς οἰκέτας καὶ τὰ πρόβατα ἔλαβεν ἀντὶ τοῦ ἀπολαβεῖν. γεωργῶ δὲ πρὸς τῷ
					ἱπποδρόμῳ, ὥστε οὐ πόρρω ἔδει αὐτὸν ἐλθεῖν. </p>
			</div>
			<div type="section" n="77">
				<p>ὅτι δʼ ἀληθῆ λέγω, μέγα τεκμήριον ὑμῖν ἔστω· τῇ ὑστεραίᾳ γὰρ ἐκομίσατο τὸ
					ἀργύριον τῆς δίκης ἢ τὰ ἐνέχυρα ἔλαβεν. καίτοι πῶς ἄν, εἰ μὴ πεπορισμένον ἦν,
					εὐθὺς ἀπέλαβε τὸ ἀργύριον χιλίας τριακοσίας δέκα τρεῖς δύʼ ὀβολώ; καὶ τὰ ἐνέχυρά
					μοι οὐκ ἀπεδίδου, ἀλλʼ ἔτι καὶ νῦν ἔχει ὡς ὑπερημέρου ὄντος. ὅτι δʼ οὐκ ἦν αὐτῷ
					ὑπερήμερος, ἀνάγνωθί μοι τὸν νόμον καὶ τὴν μαρτυρίαν, ὃς κελεύει κύρια εἶναι ὅ
					τι ἂν ἕτερος ἑτέρῳ ὁμολογήσῃ, ὥστε οὐκέτι ἦν αὐτῷ δήπου ὑπερήμερος.<quote
						n="*no/mos"><title>Νόμος</title></quote><quote n="*marturi/a"
							><title>Μαρτυρία</title></quote>
				</p>
			</div>
			<div type="section" n="78">
				<p>ὡς μὲν τοίνυν ὡμολόγησε καὶ ἀνεβάλετό μοι τὴν ὑπερημερίαν, μεμαρτύρηται ὑμῖν· ὡς
					δὲ ἐτριηράρχουν, ὁ συντριήραρχός μοι μεμαρτύρηκεν, καὶ ὡς ἡ ναῦς στρατηγὶς
					κατεσκευάσθη Ἀλκιμάχῳ. ὥστʼ οὐκ ἦν αὐτῷ δήπου ὑπερήμερος ἀναβαλομένῳ μοι, ἔτι δὲ
					καὶ ἐκτίνων. ἀλλὰ δεινὴ ἡ πλεονεξία τοῦ τρόπου, ὦ ἄνδρες δικασταί, περὶ τὸ πλέον
					καὶ τὸ ἔλαττον. καὶ εὖ ᾔδεσαν ὅτι, εἰ μὲν τὴν ἄνθρωπον παραδώσουσιν,
					ἐξελεγχθήσονται ψευδῆ ἐγκαλέσαντες, εἰ δὲ μὴ παραδώσουσιν ἣν ἐμαρτύρησαν ὡς
					οὗτος ἤθελε παραδιδόναι, ψευδομαρτυρίων ἁλώσονται. </p>
			</div>
			<div type="section" n="79">
				<p>δέομαι δʼ ὑμῶν, ὦ ἄνδρες δικασταί, εἴ τις ἄρα τῶν τότε δικαζόντων τυγχάνει ὢν ἐν
					τῷ δικαστηρίῳ, τοῖς αὐτοῖς χρήσασθαι ἤθεσιν οἷσπερ καὶ τότε, καὶ εἰ μὲν ἡ
					μαρτυρία πιστὴ ὑμῖν ἔδοξεν εἶναι καὶ ἐγὼ φεύγειν τὸν ἔλεγχον τὸν ἐκ τῆς
					ἀνθρώπου, νῦν ἐξελεγχομένων αὐτῶν ψευδῆ μεμαρτυρηκότων καὶ οὐ παραδιδόντων τὴν
					ἄνθρωπον βοηθῆσαί μοι, εἰ δʼ ἐμοὶ ὠργίσθητε ὅτι ἐνεχυράσων ἦλθον ἐπὶ τὴν οἰκίαν
					τὴν τοῦ Θεοφήμου, καὶ τούτοις νῦν ὀργισθῆναι ὅτι ἐπὶ τὴν ἐμὴν ἦλθον. </p>
			</div>
			<div type="section" n="80">
				<p>καὶ ἐγὼ μὲν ὑπὸ νόμων καὶ ψηφισμάτων ἀναγκαζόμενος, πρόνοιαν ἐποιησάμην τοῦ μήτε
					ἐπὶ τὸν πατέρα τὸν τούτου εἰσελθεῖν μήτε ἐπὶ τὴν μητέρα, μήτε τῶν τοῦ ἀδελφοῦ
					λαβεῖν μηδέν, ἀλλʼ οὗ αὐτὸς ᾤκει ὁ Θεόφημος· καὶ ἐπειδὴ οὐ κατέλαβον αὐτὸν
					ἔνδον, οὐχ ἁρπάσας ᾠχόμην οὐδέν, ἀλλὰ μετελθεῖν ἐκέλευσα αὐτόν, καὶ παρόντος,
					οὐκ ἀπόντος, τὴν ἐνεχυρασίαν ἐποιησάμην, καὶ ἀφαιρούμενος ἀφῆκα, καὶ ἀνῆλθον ἐπὶ
					τὴν βουλὴν τοὺς κυρίους, καὶ εἰσαγγείλας καὶ ἑλὼν ἐν τῇ βουλῇ, ἀποχρῆν ἡγησάμην
					τὰ μὲν σκεύη ἀπολαβεῖν ἁπλᾶ, περὶ δὲ τῶν πληγῶν ἐπιτρέψαι, τῷ δὲ τιμήματι
					συγχωρῆσαι· </p>
			</div>
			<div type="section" n="81">
				<p>ὥστε ἐγὼ μὲν οὕτω πρᾶος περὶ τούτους ἦν, οὗτοι δὲ οὕτως ἀσελγεῖς καὶ βδελυροὶ
					ὥστʼ ἐπὶ τὴν γυναῖκα καὶ τὰ παιδία εἰσελθεῖν, ἔχοντες μὲν τὰ πρόβατα καὶ τοὺς
					οἰκέτας, πλείονος ἄξια ἢ κατεδικάσαντο, ἀναβαλόμενοι δὲ τὴν ὑπερημερίαν,
					ἐπαγγείλαντος δʼ ἐμοῦ κομίζεσθαι αὐτοῖς τὴν δίκην, ὡς μεμαρτύρηται ὑμῖν, καὶ
					εἰσελθόντες εἰς τὴν οἰκίαν τά τε σκεύη ἐκφορῆσαι τήν τε τιτθὴν συγκόψαι, γραῦν
					γυναῖκα, ἕνεκα κυμβίου, καὶ ταῦτα πάντα ἔτι ἔχειν καὶ μὴ ἀποδιδόναι ἐκτετεικότος
					ἐμοῦ τὴν δίκην, χιλίας τριακοσίας δέκα τρεῖς δύʼ ὀβολώ. </p>
			</div>
			<div type="section" n="82">
				<p>εἰ δέ τις ἀγνοήσας αὐτοὺς τότε ἀκάκους ἡγήσατο καὶ ἀπράγμονας εἶναι, βούλομαι
					ὑμῖν περὶ αὐτῶν τὰς μαρτυρίας ἀναγνῶναι, ἃς μεμαρτυρήκασί μοι οἱ ὑπὸ τούτων
					ἠδικημένοι (λόγῳ μὲν γὰρ διηγήσασθαι οὐκ ἂν ἱκανόν μοι γένοιτο τὸ ὕδωρ), ἵνʼ ἐκ
					τούτων ἁπάντων σκεψάμενοι, τῶν τε λεχθέντων καὶ τῶν μαρτυρουμένων, ὁσίαν καὶ
					δικαίαν ὑπὲρ ὑμῶν αὐτῶν τιθῆσθε τὴν ψῆφον. λέγε τὰς μαρτυρίας.<quote
						n="*marturi/ai"><title>Μαρτυρίαι</title></quote></p>
			</div>
		</body>
	</text>
</TEI>
