<?xml version="1.0" encoding="UTF-8"?>
<TEI>
   <teiHeader>
      <fileDesc>
         <titleStmt>
            <title>Speech 4 (Greek). Machine readable text</title>
            <author>Demosthenes</author>
            <sponsor>Perseus Project, Tufts University</sponsor>
            <principal>Gregory Crane</principal>
            <respStmt>
               <resp>Prepared under the supervision of</resp>
               <name>Lisa Cerrato</name>
               <name>William Merrill</name>
               <name>Elli Mylonas</name>
               <name>David Smith</name>
            </respStmt>
            <funder n="org:AnnCPB">The Annenberg CPB/Project</funder>
         </titleStmt>
         <extent/>
         <publicationStmt>
            <publisher>Trustees of Tufts University</publisher>
            <pubPlace>Medford, MA</pubPlace>
            <authority>Perseus Project</authority>
         </publicationStmt>
         <sourceDesc>
            <bibl>
                  <author>Demosthenes</author>
                  <title>Demosthenis.Orationes. ed. S. H. Butcher</title>
                     <publisher>Clarendon Press, Oxford</publisher>
                     <date>1903</date>
            </bibl>
         </sourceDesc>
      </fileDesc>
      <encodingDesc>
         <refsDecl n="CTS">
            <cRefPattern matchPattern="(\\w+)"
                         replacementPattern="#xpath(/tei:TEI/tei:text/tei:body/tei:div[@n=\'$1\'])">
                <p>This pointer pattern extracts section</p>
            </cRefPattern>
        </refsDecl>
         <refsDecl>
            <refState unit="section"/>
         </refsDecl>
      </encodingDesc>
      <profileDesc>
         <langUsage>
            <language ident="grc">Greek
                </language>
            <language ident="en">English
                </language>
         </langUsage>
      </profileDesc>
      <revisionDesc>
         <change>
            <date>9/6/2013</date>
            <name>Bridget Almas</name>
            Converted to unicode, TEI-A P5 and extracted from composite file of speeches 1-10
         </change>
         <change>
            <date>3/31/92</date>
               <name>W. Merrill</name>
               Removed caps from non-proper nouns at beginnings of sections and paragraphs, Demosthenes 1-64.
         </change>
         <change>
            <date>6/2/92</date>
               <name>David Smith</name>
fixed corrupt passage in 7.33-34, took out line-break hyphens, inserted quotedtext tag around verse
         </change>
      </revisionDesc>
   </teiHeader>
   <text xml:lang="grc" n="urn:cts:greekLit:tlg0014.tlg004.perseus-grc1">
      <body>
            <head>κατὰ Φιλίππου Α</head>
            <div type="section" n="1">
               <p>
                  <milestone unit="para" ed="P"/>εἰ μὲν περὶ καινοῦ τινος πράγματος προυτίθετʼ, ὦ ἄνδρες Ἀθηναῖοι, λέγειν, ἐπισχὼν ἂν ἕως οἱ πλεῖστοι τῶν εἰωθότων γνώμην ἀπεφήναντο, εἰ μὲν ἤρεσκέ τί μοι τῶν ὑπὸ τούτων ῥηθέντων, ἡσυχίαν ἂν ἦγον, εἰ δὲ μή, τότʼ ἂν καὐτὸς ἐπειρώμην ἃ γιγνώσκω λέγειν: ἐπειδὴ δʼ ὑπὲρ ὧν πολλάκις εἰρήκασιν οὗτοι πρότερον συμβαίνει καὶ νυνὶ σκοπεῖν, ἡγοῦμαι καὶ πρῶτος ἀναστὰς εἰκότως ἂν συγγνώμης τυγχάνειν. εἰ γὰρ ἐκ τοῦ παρεληλυθότος χρόνου τὰ δέονθʼ οὗτοι συνεβούλευσαν, οὐδὲν ἂν ὑμᾶς νῦν ἔδει βουλεύεσθαι.
    </p>
            </div>
            <div type="section" n="2">
               <p>
                  <milestone unit="para" ed="P"/>πρῶτον μὲν οὖν οὐκ ἀθυμητέον, ὦ ἄνδρες Ἀθηναῖοι, τοῖς παροῦσι πράγμασιν, οὐδʼ εἰ πάνυ φαύλως ἔχειν δοκεῖ. ὃ γάρ ἐστι χείριστον αὐτῶν ἐκ τοῦ παρεληλυθότος χρόνου, τοῦτο πρὸς τὰ μέλλοντα βέλτιστον ὑπάρχει. τί οὖν ἐστι τοῦτο; ὅτι οὐδέν, ὦ ἄνδρες Ἀθηναῖοι, τῶν δεόντων ποιούντων ὑμῶν κακῶς τὰ πράγματʼ ἔχει: ἐπεί τοι, εἰ πάνθʼ ἃ προσῆκε πραττόντων οὕτως εἶχεν, οὐδʼ ἂν ἐλπὶς ἦν αὐτὰ βελτίω γενέσθαι.
    </p>
            </div>
            <div type="section" n="3">
               <p>ἔπειτʼ ἐνθυμητέον καὶ παρʼ ἄλλων ἀκούουσι καὶ τοῖς εἰδόσιν αὐτοῖς ἀναμιμνῃσκομένοις, ἡλίκην ποτʼ ἐχόντων δύναμιν Λακεδαιμονίων, ἐξ οὗ χρόνος οὐ πολύς, ὡς καλῶς καὶ προσηκόντως οὐδὲν ἀνάξιον ὑμεῖς ἐπράξατε τῆς πόλεως, ἀλλʼ ὑπεμείναθʼ ὑπὲρ τῶν δικαίων τὸν πρὸς ἐκείνους πόλεμον. τίνος οὖν εἵνεκα ταῦτα λέγω; ἵνʼ ἴδητʼ, ὦ ἄνδρες Ἀθηναῖοι, καὶ θεάσησθε, ὅτι οὐδὲν οὔτε φυλαττομένοις ὑμῖν ἐστιν φοβερόν, οὔτʼ, ἂν ὀλιγωρῆτε, τοιοῦτον οἷον ἂν ὑμεῖς βούλοισθε, παραδείγμασι χρώμενοι τῇ τότε ῥώμῃ τῶν Λακεδαιμονίων, ἧς ἐκρατεῖτʼ ἐκ τοῦ προσέχειν τοῖς πράγμασι τὸν νοῦν, καὶ τῇ νῦν ὕβρει τούτου, διʼ ἣν ταραττόμεθʼ ἐκ τοῦ μηδὲν φροντίζειν ὧν ἐχρῆν.
    </p>
            </div>
            <div type="section" n="4">
               <p>εἰ δέ τις ὑμῶν, ὦ ἄνδρες Ἀθηναῖοι, δυσπολέμητον οἴεται τὸν Φίλιππον εἶναι, σκοπῶν τό τε πλῆθος τῆς ὑπαρχούσης αὐτῷ δυνάμεως καὶ τὸ τὰ χωρία πάντʼ ἀπολωλέναι τῇ πόλει, ὀρθῶς μὲν οἴεται, λογισάσθω μέντοι τοῦθʼ, ὅτι εἴχομέν ποθʼ ἡμεῖς, ὦ ἄνδρες Ἀθηναῖοι, Πύδναν καὶ Ποτείδαιαν καὶ Μεθώνην καὶ πάντα τὸν τόπον τοῦτον οἰκεῖον κύκλῳ, καὶ πολλὰ τῶν μετʼ ἐκείνου νῦν ὄντων ἐθνῶν αὐτονομούμενα κἀλεύθερʼ ὑπῆρχε, καὶ μᾶλλον ἡμῖν ἐβούλετʼ ἔχειν οἰκείως ἢ ʼκείνῳ.
    </p>
            </div>
            <div type="section" n="5">
               <p>εἰ τοίνυν ὁ Φίλιππος τότε ταύτην ἔσχε τὴν γνώμην, ὡς χαλεπὸν πολεμεῖν ἐστιν Ἀθηναίοις ἔχουσι τοσαῦτʼ ἐπιτειχίσματα τῆς αὑτοῦ χώρας ἔρημον ὄντα συμμάχων, οὐδὲν ἂν ὧν νυνὶ πεποίηκεν ἔπραξεν οὐδὲ τοσαύτην ἐκτήσατʼ ἂν δύναμιν. ἀλλʼ εἶδεν, ὦ ἄνδρες Ἀθηναῖοι, τοῦτο καλῶς ἐκεῖνος, ὅτι ταῦτα μέν ἐστιν ἅπαντα τὰ χωρίʼ ἆθλα τοῦ πολέμου κείμενʼ ἐν μέσῳ, φύσει δʼ ὑπάρχει τοῖς παροῦσι τὰ τῶν ἀπόντων, καὶ τοῖς ἐθέλουσι πονεῖν καὶ κινδυνεύειν τὰ τῶν ἀμελούντων.
    </p>
            </div>
            <div type="section" n="6">
               <p>καὶ γάρ τοι ταύτῃ χρησάμενος τῇ γνώμῃ πάντα κατέστραπται καὶ ἔχει, τὰ μὲν ὡς ἂν ἑλών τις ἔχοι πολέμῳ, τὰ δὲ σύμμαχα καὶ φίλα ποιησάμενος: καὶ γὰρ συμμαχεῖν καὶ προσέχειν τὸν νοῦν τούτοις ἐθέλουσιν ἅπαντες, οὓς ἂν ὁρῶσι παρεσκευασμένους καὶ πράττειν ἐθέλοντας ἃ χρή.
    </p>
            </div>
            <div type="section" n="7">
               <p>ἂν τοίνυν, ὦ ἄνδρες Ἀθηναῖοι, καὶ ὑμεῖς ἐπὶ τῆς τοιαύτης ἐθελήσητε γενέσθαι γνώμης νῦν, ἐπειδήπερ οὐ πρότερον, καὶ ἕκαστος ὑμῶν, οὗ δεῖ καὶ δύναιτʼ ἂν παρασχεῖν αὑτὸν χρήσιμον τῇ πόλει, πᾶσαν ἀφεὶς τὴν εἰρωνείαν ἕτοιμος πράττειν ὑπάρξῃ, ὁ μὲν χρήματʼ ἔχων εἰσφέρειν, ὁ δʼ ἐν ἡλικίᾳ στρατεύεσθαι, — συνελόντι δʼ ἁπλῶς ἂν ὑμῶν αὐτῶν ἐθελήσητε γενέσθαι, καὶ παύσησθʼ αὐτὸς μὲν οὐδὲν ἕκαστος ποιήσειν ἐλπίζων, τὸν δὲ πλησίον πάνθʼ ὑπὲρ αὐτοῦ πράξειν, καὶ τὰ ὑμέτερʼ αὐτῶν κομιεῖσθʼ, ἂν θεὸς θέλῃ, καὶ τὰ κατερρᾳθυμημένα πάλιν ἀναλήψεσθε, κἀκεῖνον τιμωρήσεσθε.
    </p>
            </div>
            <div type="section" n="8">
               <p>μὴ γὰρ ὡς θεῷ νομίζετʼ ἐκείνῳ τὰ παρόντα πεπηγέναι πράγματʼ ἀθάνατα, ἀλλὰ καὶ μισεῖ τις ἐκεῖνον καὶ δέδιεν, ὦ ἄνδρες Ἀθηναῖοι, καὶ φθονεῖ, καὶ τῶν πάνυ νῦν δοκούντων οἰκείως ἔχειν: καὶ ἅπανθʼ ὅσα περ κἀν ἄλλοις τισὶν ἀνθρώποις ἔνι, ταῦτα κἀν τοῖς μετʼ ἐκείνου χρὴ νομίζειν ἐνεῖναι. κατέπτηχε μέντοι πάντα ταῦτα νῦν, οὐκ ἔχοντʼ ἀποστροφὴν διὰ τὴν ὑμετέραν βραδυτῆτα καὶ ῥᾳθυμίαν: ἣν ἀποθέσθαι φημὶ δεῖν ἤδη.
    </p>
            </div>
            <div type="section" n="9">
               <p>ὁρᾶτε γάρ, ὦ ἄνδρες Ἀθηναῖοι, τὸ πρᾶγμα, οἷ προελήλυθʼ ἀσελγείας ἅνθρωπος, ὃς οὐδʼ αἵρεσιν ὑμῖν δίδωσι τοῦ πράττειν ἢ ἄγειν ἡσυχίαν, ἀλλʼ ἀπειλεῖ καὶ λόγους ὑπερηφάνους, ὥς φασι, λέγει, καὶ οὐχ οἷός ἐστιν ἔχων ἃ κατέστραπται μένειν ἐπὶ τούτων, ἀλλʼ ἀεί τι προσπεριβάλλεται καὶ κύκλῳ πανταχῇ μέλλοντας ἡμᾶς καὶ καθημένους περιστοιχίζεται.
    </p>
            </div>
            <div type="section" n="10">
               <p>πότʼ οὖν, ὦ ἄνδρες Ἀθηναῖοι, πόθʼ ἃ χρὴ πράξετε; ἐπειδὰν τί γένηται; ἐπειδὰν νὴ Δίʼ ἀνάγκη τις ᾖ. νῦν δὲ τί χρὴ τὰ γιγνόμενʼ ἡγεῖσθαι; ἐγὼ μὲν γὰρ οἴομαι τοῖς ἐλευθέροις μεγίστην ἀνάγκην τὴν ὑπὲρ τῶν πραγμάτων αἰσχύνην εἶναι. ἢ βούλεσθʼ, εἰπέ μοι, περιιόντες αὑτῶν πυνθάνεσθαι, “λέγεταί τι καινόν;” γένοιτο γὰρ ἄν τι καινότερον ἢ Μακεδὼν ἀνὴρ Ἀθηναίους καταπολεμῶν καὶ τὰ τῶν Ἑλλήνων διοικῶν; “τέθνηκε Φίλιππος;” “οὐ μὰ Δίʼ, ἀλλʼ ἀσθενεῖ.” </p>
            </div>
            <div type="section" n="11">
               <p> τί δʼ ὑμῖν διαφέρει; καὶ γὰρ ἂν οὗτός τι πάθῃ, ταχέως ὑμεῖς ἕτερον Φίλιππον ποιήσετε, ἄνπερ οὕτω προσέχητε τοῖς πράγμασι τὸν νοῦν: οὐδὲ γὰρ οὗτος παρὰ τὴν αὑτοῦ ῥώμην τοσοῦτον ἐπηύξηται ὅσον παρὰ τὴν ἡμετέραν ἀμέλειαν.
    </p>
            </div>
            <div type="section" n="12">
               <p>καίτοι καὶ τοῦτο: εἴ τι πάθοι καὶ τὰ τῆς τύχης ἡμῖν, ἥπερ ἀεὶ βέλτιον ἢ ἡμεῖς ἡμῶν αὐτῶν ἐπιμελούμεθα, καὶ τοῦτʼ ἐξεργάσαιτο, ἴσθʼ ὅτι πλησίον μὲν ὄντες, ἅπασιν ἂν τοῖς πράγμασιν τεταραγμένοις ἐπιστάντες ὅπως βούλεσθε διοικήσαισθε, ὡς δὲ νῦν ἔχετε, οὐδὲ διδόντων τῶν καιρῶν Ἀμφίπολιν δέξασθαι δύναισθʼ ἄν, ἀπηρτημένοι καὶ ταῖς παρασκευαῖς καὶ ταῖς γνώμαις.
    </p>
            </div>
            <div type="section" n="13">
               <p>
                  <milestone unit="para" ed="P"/>ὡς μὲν οὖν δεῖ τὰ προσήκοντα ποιεῖν ἐθέλοντας ὑπάρχειν ἅπαντας ἑτοίμως, ὡς ἐγνωκότων ὑμῶν καὶ πεπεισμένων, παύομαι λέγων: τὸν δὲ τρόπον τῆς παρασκευῆς ἣν ἀπαλλάξαι ἂν τῶν τοιούτων πραγμάτων ὑμᾶς οἴομαι, καὶ τὸ πλῆθος ὅσον, καὶ πόρους οὕστινας χρημάτων, καὶ τἄλλʼ ὡς ἄν μοι βέλτιστα καὶ τάχιστα δοκεῖ παρασκευασθῆναι, καὶ δὴ πειράσομαι λέγειν, δεηθεὶς ὑμῶν, ὦ ἄνδρες Ἀθηναῖοι, τοσοῦτον.
    </p>
            </div>
            <div type="section" n="14">
               <p>ἐπειδὰν ἅπαντʼ ἀκούσητε κρίνατε, μὴ πρότερον προλαμβάνετε: μηδʼ ἂν ἐξ ἀρχῆς δοκῶ τινι καινὴν παρασκευὴν λέγειν, ἀναβάλλειν με τὰ πράγμαθʼ ἡγείσθω. οὐ γὰρ οἱ “ταχὺ” καὶ “τήμερον” εἰπόντες μάλιστʼ εἰς δέον λέγουσιν ʽοὐ γὰρ ἂν τά γʼ ἤδη γεγενημένα τῇ νυνὶ βοηθείᾳ κωλῦσαι δυνηθεῖμεν̓,
    </p>
            </div>
            <div type="section" n="15">
               <p>ἀλλʼ ὃς ἂν δείξῃ τίς πορισθεῖσα παρασκευὴ καὶ πόση καὶ πόθεν διαμεῖναι δυνήσεται, ἕως ἂν ἢ διαλυσώμεθα πεισθέντες τὸν πόλεμον ἢ περιγενώμεθα τῶν ἐχθρῶν: οὕτω γὰρ οὐκέτι τοῦ λοιποῦ πάσχοιμεν ἂν κακῶς. οἶμαι τοίνυν ἐγὼ ταῦτα λέγειν ἔχειν, μὴ κωλύων εἴ τις ἄλλος ἐπαγγέλλεταί τι. ἡ μὲν οὖν ὑπόσχεσις οὕτω μεγάλη, τὸ δὲ πρᾶγμʼ ἤδη τὸν ἔλεγχον δώσει: κριταὶ δʼ ὑμεῖς ἔσεσθε.
    </p>
            </div>
            <div type="section" n="16">
               <p>
                  <milestone unit="para" ed="P"/>πρῶτον μὲν τοίνυν, ὦ ἄνδρες Ἀθηναῖοι, τριήρεις πεντήκοντα παρασκευάσασθαι φημὶ δεῖν, εἶτʼ αὐτοὺς οὕτω τὰς γνώμας ἔχειν ὡς, ἐάν τι δέῃ, πλευστέον εἰς ταύτας αὐτοῖς ἐμβᾶσιν. πρὸς δὲ τούτοις τοῖς ἡμίσεσιν τῶν ἱππέων ἱππαγωγοὺς τριήρεις καὶ πλοῖʼ ἱκανὰ εὐτρεπίσαι κελεύω.
    </p>
            </div>
            <div type="section" n="17">
               <p>ταῦτα μὲν οἶμαι δεῖν ὑπάρχειν ἐπὶ τὰς ἐξαίφνης ταύτας ἀπὸ τῆς οἰκείας χώρας αὐτοῦ στρατείας εἰς Πύλας καὶ Χερρόνησον καὶ Ὄλυνθον καὶ ὅποι βούλεται: δεῖ γὰρ ἐκείνῳ τοῦτʼ ἐν τῇ γνώμῃ παραστῆσαι, ὡς ὑμεῖς ἐκ τῆς ἀμελείας ταύτης τῆς ἄγαν, ὥσπερ εἰς Εὔβοιαν καὶ πρότερόν ποτέ φασιν εἰς Ἁλίαρτον καὶ τὰ τελευταῖα πρώην εἰς Πύλας, ἴσως ἂν ὁρμήσαιτε—οὔτοι παντελῶς,
    </p>
            </div>
            <div type="section" n="18">
               <p> οὐδʼ εἰ μὴ ποιήσαιτʼ ἂν τοῦτο, ὡς ἔγωγέ φημι δεῖν, εὐκαταφρόνητόν ἐστιν—ἵνʼ ἢ διὰ τὸν φόβον εἰδὼς εὐτρεπεῖς ὑμᾶς ʽεἴσεται γὰρ ἀκριβῶς: εἰσὶ γάρ, εἰσὶν οἱ πάντʼ ἐξαγγέλλοντες ἐκείνῳ παρʼ ἡμῶν αὐτῶν πλείους τοῦ δέοντοσ̓ ἡσυχίαν ἔχῃ, ἢ παριδὼν ταῦτʼ ἀφύλακτος ληφθῇ, μηδενὸς ὄντος ἐμποδὼν πλεῖν ἐπὶ τὴν ἐκείνου χώραν ὑμῖν, ἂν ἐνδῷ καιρόν.
    </p>
            </div>
            <div type="section" n="19">
               <p>ταῦτα μέν ἐστιν ἃ πᾶσι δεδόχθαι φημὶ δεῖν καὶ παρεσκευάσθαι προσήκειν οἴομαι: πρὸ δὲ τούτων δύναμίν τινʼ, ὦ ἄνδρες Ἀθηναῖοι, φημὶ προχειρίσασθαι δεῖν ὑμᾶς, ἣ συνεχῶς πολεμήσει καὶ κακῶς ἐκεῖνον ποιήσει. μή μοι μυρίους μηδὲ δισμυρίους ξένους, μηδὲ τὰς ἐπιστολιμαίους ταύτας δυνάμεις, ἀλλʼ ἣ τῆς πόλεως ἔσται, κἂν ὑμεῖς ἕνα κἂν πλείους κἂν τὸν δεῖνα κἂν ὁντινοῦν χειροτονήσητε στρατηγόν, τούτῳ πείσεται καὶ ἀκολουθήσει.
    </p>
            </div>
            <div type="section" n="20">
               <p>καὶ τροφὴν ταύτῃ πορίσαι κελεύω. ἔσται δʼ αὕτη τίς ἡ δύναμις καὶ πόση, καὶ πόθεν τὴν τροφὴν ἕξει, καὶ πῶς ταῦτʼ ἐθελήσει ποιεῖν; ἐγὼ φράσω, καθʼ ἕκαστον τούτων διεξιὼν χωρίς. ξένους μὲν λέγω—καὶ ὅπως μὴ ποιήσεθʼ ὃ πολλάκις ὑμᾶς ἔβλαψεν: πάντʼ ἐλάττω νομίζοντες εἶναι τοῦ δέοντος, καὶ τὰ μέγιστʼ ἐν τοῖς ψηφίσμασιν αἱρούμενοι, ἐπὶ τῷ πράττειν οὐδὲ τὰ μικρὰ ποιεῖτε: ἀλλὰ τὰ μικρὰ ποιήσαντες καὶ πορίσαντες τούτοις προστίθετε, ἂν ἐλάττω φαίνηται.
    </p>
            </div>
            <div type="section" n="21">
               <p>λέγω δὴ τοὺς πάντας στρατιώτας δισχιλίους, τούτων δʼ Ἀθηναίους φημὶ δεῖν εἶναι πεντακοσίους, ἐξ ἧς ἄν τινος ὑμῖν ἡλικίας καλῶς ἔχειν δοκῇ, χρόνον τακτὸν στρατευομένους, μὴ μακρὸν τοῦτον, ἀλλʼ ὅσον ἂν δοκῇ καλῶς ἔχειν, ἐκ διαδοχῆς ἀλλήλοις: τοὺς δʼ ἄλλους ξένους εἶναι κελεύω. καὶ μετὰ τούτων ἱππέας διακοσίους, καὶ τούτων πεντήκοντʼ Ἀθηναίους τοὐλάχιστον, ὥσπερ τοὺς πεζούς, τὸν αὐτὸν τρόπον στρατευομένους: καὶ ἱππαγωγοὺς τούτοις.
    </p>
            </div>
            <div type="section" n="22">
               <p>εἶεν: τί πρὸς τούτοις ἔτι; ταχείας τριήρεις δέκα: δεῖ γάρ, ἔχοντος ἐκείνου ναυτικόν, καὶ ταχειῶν τριήρων ἡμῖν, ὅπως ἀσφαλῶς ἡ δύναμις πλέῃ. πόθεν δὴ τούτοις ἡ τροφὴ γενήσεται; ἐγὼ καὶ τοῦτο φράσω καὶ δείξω, ἐπειδάν, διότι τηλικαύτην ἀποχρῆν οἶμαι τὴν δύναμιν καὶ πολίτας τοὺς στρατευομένους εἶναι κελεύω, διδάξω.
    </p>
            </div>
            <div type="section" n="23">
               <p>
                  <milestone unit="para" ed="P"/>τοσαύτην μέν, ὦ ἄνδρες Ἀθηναῖοι, διὰ ταῦτα, ὅτι οὐκ ἔνι νῦν ἡμῖν πορίσασθαι δύναμιν τὴν ἐκείνῳ παραταξομένην, ἀλλὰ λῃστεύειν ἀνάγκη καὶ τούτῳ τῷ τρόπῳ τοῦ πολέμου χρῆσθαι τὴν πρώτην: οὐ τοίνυν ὑπέρογκον αὐτήν ʽοὐ γὰρ ἔστι μισθὸς οὐδὲ τροφἤ, οὐδὲ παντελῶς ταπεινὴν εἶναι δεῖ.
    </p>
            </div>
            <div type="section" n="24">
               <p>πολίτας δὲ παρεῖναι καὶ συμπλεῖν διὰ ταῦτα κελεύω, ὅτι καὶ πρότερόν ποτʼ ἀκούω ξενικὸν τρέφειν ἐν Κορίνθῳ τὴν πόλιν, οὗ Πολύστρατος ἡγεῖτο καὶ Ἰφικράτης καὶ Χαβρίας καὶ ἄλλοι τινές, καὶ αὐτοὺς ὑμᾶς συστρατεύεσθαι: καὶ οἶδʼ ἀκούων ὅτι Λακεδαιμονίους παραταττόμενοι μεθʼ ὑμῶν ἐνίκων οὗτοι οἱ ξένοι καὶ ὑμεῖς μετʼ ἐκείνων. ἐξ οὗ δʼ αὐτὰ καθʼ αὑτὰ τὰ ξενικὰ ὑμῖν στρατεύεται, τοὺς φίλους νικᾷ καὶ τοὺς συμμάχους, οἱ δʼ ἐχθροὶ μείζους τοῦ δέοντος γεγόνασιν. καὶ παρακύψαντʼ ἐπὶ τὸν τῆς πόλεως πόλεμον, πρὸς Ἀρτάβαζον καὶ πανταχοῖ μᾶλλον οἴχεται πλέοντα, ὁ δὲ στρατηγὸς ἀκολουθεῖ, εἰκότως: οὐ γὰρ ἔστιν ἄρχειν μὴ διδόντα μισθόν.
    </p>
            </div>
            <div type="section" n="25">
               <p>τί οὖν κελεύω; τὰς προφάσεις ἀφελεῖν καὶ τοῦ στρατηγοῦ καὶ τῶν στρατιωτῶν, μισθὸν πορίσαντας καὶ στρατιώτας οἰκείους ὥσπερ ἐπόπτας τῶν στρατηγουμένων παρακαταστήσαντας: ἐπεὶ νῦν γε γέλως ἔσθʼ ὡς χρώμεθα τοῖς πράγμασιν. εἰ γὰρ ἔροιτό τις ὑμᾶς, “εἰρήνην ἄγετʼ, ὦ ἄνδρες Ἀθηναῖοι;” “μὰ Δίʼ οὐχ ἡμεῖς γʼ,” εἴποιτʼ ἄν, “ἀλλὰ Φιλίππῳ πολεμοῦμεν.” </p>
            </div>
            <div type="section" n="26">
               <p>οὐκ ἐχειροτονεῖτε δʼ ἐξ ὑμῶν αὐτῶν δέκα ταξιάρχους καὶ στρατηγοὺς καὶ φυλάρχους καὶ ἱππάρχους δύο; τί οὖν οὗτοι ποιοῦσιν; πλὴν ἑνὸς ἀνδρός, ὃν ἂν ἐκπέμψητʼ ἐπὶ τὸν πόλεμον, οἱ λοιποὶ τὰς πομπὰς πέμπουσιν ὑμῖν μετὰ τῶν ἱεροποιῶν: ὥσπερ γὰρ οἱ πλάττοντες τοὺς πηλίνους, εἰς τὴν ἀγορὰν χειροτονεῖτε τοὺς ταξιάρχους καὶ τοὺς φυλάρχους, οὐκ ἐπὶ τὸν πόλεμον.
    </p>
            </div>
            <div type="section" n="27">
               <p>οὐ γὰρ ἐχρῆν, ὦ ἄνδρες Ἀθηναῖοι, ταξιάρχους παρʼ ὑμῶν, ἵππαρχον παρʼ ὑμῶν, ἄρχοντας οἰκείους εἶναι, ἵνʼ ἦν ὡς ἀληθῶς τῆς πόλεως ἡ δύναμις; ἀλλʼ εἰς μὲν Λῆμνον τὸν παρʼ ὑμῶν ἵππαρχον δεῖ πλεῖν, τῶν δʼ ὑπὲρ τῶν τῆς πόλεως κτημάτων ἀγωνιζομένων Μενέλαον ἱππαρχεῖν. καὶ οὐ τὸν ἄνδρα μεμφόμενος ταῦτα λέγω, ἀλλʼ ὑφʼ ὑμῶν ἔδει κεχειροτονημένον εἶναι τοῦτον, ὅστις ἂν ᾖ.
    </p>
            </div>
            <div type="section" n="28">
               <p>
                  <milestone unit="para" ed="P"/>ἴσως δὲ ταῦτα μὲν ὀρθῶς ἡγεῖσθε λέγεσθαι, τὸ δὲ τῶν χρημάτων, πόσα καὶ πόθεν ἔσται, μάλιστα ποθεῖτʼ ἀκοῦσαι. τοῦτο δὴ καὶ περαίνω. χρήματα τοίνυν: ἔστι μὲν ἡ τροφή, σιτηρέσιον μόνον, τῇ δυνάμει ταύτῃ τάλαντʼ ἐνενήκοντα καὶ μικρόν τι πρός, δέκα μὲν ναυσὶ ταχείαις τετταράκοντα τάλαντα, εἴκοσιν εἰς τὴν ναῦν μναῖ τοῦ μηνὸς ἑκάστου, στρατιώταις δὲ δισχιλίοις τοσαῦθʼ ἕτερα, ἵνα δέκα τοῦ μηνὸς ὁ στρατιώτης δραχμὰς σιτηρέσιον λαμβάνῃ, τοῖς δʼ ἱππεῦσι διακοσίοις οὖσιν, ἐὰν τριάκοντα δραχμὰς ἕκαστος λαμβάνῃ τοῦ μηνός, δώδεκα τάλαντα.
    </p>
            </div>
            <div type="section" n="29">
               <p>εἰ δέ τις οἴεται μικρὰν ἀφορμὴν εἶναι, σιτηρέσιον τοῖς στρατευομένοις ὑπάρχειν, οὐκ ὀρθῶς ἔγνωκεν: ἐγὼ γὰρ οἶδα σαφῶς ὅτι, τοῦτʼ ἂν γένηται, προσποριεῖ τὰ λοιπὰ αὐτὸ τὸ στράτευμʼ ἀπὸ τοῦ πολέμου, οὐδένα τῶν Ἑλλήνων ἀδικοῦν οὐδὲ τῶν συμμάχων, ὥστʼ ἔχειν μισθὸν ἐντελῆ. ἐγὼ συμπλέων ἐθελοντὴς πάσχειν ὁτιοῦν ἕτοιμος, ἐὰν μὴ ταῦθʼ οὕτως ἔχῃ. πόθεν οὖν ὁ πόρος τῶν χρημάτων, ἃ παρʼ ὑμῶν κελεύω γενέσθαι;τοῦτʼ ἤδη λέξω.<quote>πόρου Ἀπόδειξις</quote>
               </p>
            </div>
            <div type="section" n="30">
               <p>
                  <milestone unit="para" ed="P"/>ἃ μὲν ἡμεῖς, ὦ ἄνδρες Ἀθηναῖοι, δεδυνήμεθʼ εὑρεῖν ταῦτʼ ἐστίν: ἐπειδὰν δʼ ἐπιχειροτονῆτε τὰς γνώμας, ἂν ὑμῖν ἀρέσκῃ, χειροτονήσετε, ἵνα μὴ μόνον ἐν τοῖς ψηφίσμασι καὶ ταῖς ἐπιστολαῖς πολεμῆτε Φιλίππῳ, ἀλλὰ καὶ τοῖς ἔργοις.
    </p>
            </div>
            <div type="section" n="31">
               <p>
                  <milestone unit="para" ed="P"/>δοκεῖτε δέ μοι πολὺ βέλτιον ἂν περὶ τοῦ πολέμου καὶ ὅλης τῆς παρασκευῆς βουλεύσασθαι, εἰ τὸν τόπον, ὦ ἄνδρες Ἀθηναῖοι, τῆς χώρας, πρὸς ἣν πολεμεῖτε, ἐνθυμηθείητε, καὶ λογίσαισθʼ ὅτι τοῖς πνεύμασιν καὶ ταῖς ὥραις τοῦ ἔτους τὰ πολλὰ προλαμβάνων διαπράττεται Φίλιππος, καὶ φυλάξας τοὺς ἐτησίας ἢ τὸν χειμῶνʼ ἐπιχειρεῖ, ἡνίκʼ ἂν ἡμεῖς μὴ δυναίμεθʼ ἐκεῖσʼ ἀφικέσθαι.
    </p>
            </div>
            <div type="section" n="32">
               <p>δεῖ τοίνυν ταῦτʼ ἐνθυμουμένους μὴ βοηθείαις πολεμεῖν ʽὑστεριοῦμεν γὰρ ἁπάντων̓, ἀλλὰ παρασκευῇ συνεχεῖ καὶ δυνάμει. ὑπάρχει δʼ ὑμῖν χειμαδίῳ μὲν χρῆσθαι τῇ δυνάμει Λήμνῳ καὶ Θάσῳ καὶ Σκιάθῳ καὶ ταῖς ἐν τούτῳ τῷ τόπῳ νήσοις, ἐν αἷς καὶ λιμένες καὶ σῖτος καὶ ἃ χρὴ στρατεύματι πάνθʼ ὑπάρχει: τὴν δʼ ὥραν τοῦ ἔτους, ὅτε καὶ πρὸς τῇ γῇ γενέσθαι ῥᾴδιον καὶ τὸ τῶν πνευμάτων ἀσφαλές, πρὸς αὐτῇ τῇ χώρᾳ καὶ πρὸς τοῖς τῶν ἐμπορίων στόμασιν †ῥᾳδίως ἔσται.†
    </p>
            </div>
            <div type="section" n="33">
               <p>
                  <milestone unit="para" ed="P"/>ἃ μὲν οὖν χρήσεται καὶ πότε τῇ δυνάμει, παρὰ τὸν καιρὸν ὁ τούτων κύριος καταστὰς ὑφʼ ὑμῶν βουλεύσεται: ἃ δʼ ὑπάρξαι δεῖ παρʼ ὑμῶν, ταῦτʼ ἐστὶν ἁγὼ γέγραφα. ἂν ταῦτʼ, ὦ ἄνδρες Ἀθηναῖοι, πορίσητε, τὰ χρήματα πρῶτον ἃ λέγω, εἶτα καὶ τἄλλα παρασκευάσαντες, τοὺς στρατιώτας, τὰς τριήρεις, τοὺς ἱππέας, ἐντελῆ πᾶσαν τὴν δύναμιν νόμῳ κατακλείσητʼ ἐπὶ τῷ πολέμῳ μένειν, τῶν μὲν χρημάτων αὐτοὶ ταμίαι καὶ πορισταὶ γιγνόμενοι, τῶν δὲ πράξεων παρὰ τοῦ στρατηγοῦ τὸν λόγον ζητοῦντες, παύσεσθʼ ἀεὶ περὶ τῶν αὐτῶν βουλευόμενοι καὶ πλέον οὐδὲν ποιοῦντες,
    </p>
            </div>
            <div type="section" n="34">
               <p>καὶ ἔτι πρὸς τούτῳ πρῶτον μέν, ὦ ἄνδρες Ἀθηναῖοι, τὸν μέγιστον τῶν ἐκείνου πόρων ἀφαιρήσεσθε. ἔστι δʼ οὗτος τίς; ἀπὸ τῶν ὑμετέρων ὑμῖν πολεμεῖ συμμάχων, ἄγων καὶ φέρων τοὺς πλέοντας τὴν θάλατταν. ἔπειτα τί πρὸς τούτῳ; τοῦ πάσχειν αὐτοὶ κακῶς ἔξω γενήσεσθε, οὐχ ὥσπερ τὸν παρελθόντα χρόνον εἰς Λῆμνον καὶ Ἴμβρον ἐμβαλὼν αἰχμαλώτους πολίτας ὑμετέρους ᾤχετʼ ἔχων, πρὸς τῷ Γεραιστῷ τὰ πλοῖα συλλαβὼν ἀμύθητα χρήματʼ ἐξέλεξε, τὰ τελευταῖʼ εἰς Μαραθῶνʼ ἀπέβη καὶ τὴν ἱερὰν ἀπὸ τῆς χώρας ᾤχετʼ ἔχων τριήρη, ὑμεῖς δʼ οὔτε ταῦτα δύνασθε κωλύειν οὔτʼ εἰς τοὺς χρόνους, οὓς ἂν προθῆσθε, βοηθεῖν.
    </p>
            </div>
            <div type="section" n="35">
               <p>καίτοι τί δήποτʼ, ὦ ἄνδρες Ἀθηναῖοι, νομίζετε τὴν μὲν τῶν Παναθηναίων ἑορτὴν καὶ τὴν τῶν Διονυσίων ἀεὶ τοῦ καθήκοντος χρόνου γίγνεσθαι, ἄν τε δεινοὶ λάχωσιν ἄν τʼ ἰδιῶται οἱ τούτων ἑκατέρων ἐπιμελούμενοι, εἰς ἃ τοσαῦτʼ ἀναλίσκεται χρήματα, ὅσʼ οὐδʼ εἰς ἕνα τῶν ἀποστόλων, καὶ τοσοῦτον ὄχλον καὶ παρασκευὴν ὅσην οὐκ οἶδʼ εἴ τι τῶν ἁπάντων ἔχει, τοὺς δʼ ἀποστόλους πάντας ὑμῖν ὑστερίζειν τῶν καιρῶν, τὸν εἰς Μεθώνην, τὸν εἰς Παγασάς, τὸν εἰς Ποτείδαιαν;
    </p>
            </div>
            <div type="section" n="36">
               <p>ὅτι ἐκεῖνα μὲν ἅπαντα νόμῳ τέτακται, καὶ πρόοιδεν ἕκαστος ὑμῶν ἐκ πολλοῦ τίς χορηγὸς ἢ γυμνασίαρχος τῆς φυλῆς, πότε καὶ παρὰ τοῦ καὶ τί λαβόντα τί δεῖ ποιεῖν, οὐδὲν ἀνεξέταστον οὐδʼ ἀόριστον ἐν τούτοις ἠμέληται: ἐν δὲ τοῖς περὶ τοῦ πολέμου καὶ τῇ τούτου παρασκευῇ ἄτακτα, ἀδιόρθωτα, ἀόρισθʼ ἅπαντα. τοιγαροῦν ἅμʼ ἀκηκόαμέν τι καὶ τριηράρχους καθίσταμεν καὶ τούτοις ἀντιδόσεις ποιούμεθα καὶ περὶ χρημάτων πόρου σκοποῦμεν, καὶ μετὰ ταῦτʼ ἐμβαίνειν τοὺς μετοίκους ἔδοξε καὶ τοὺς χωρὶς οἰκοῦντας,
    </p>
            </div>
            <div type="section" n="37">
               <p> εἶτʼ αὐτοὺς πάλιν, εἶτʼ ἀντεμβιβάζειν, εἶτʼ ἐν ὅσῳ ταῦτα μέλλεται, προαπόλωλεν τὸ ἐφʼ ὃ ἂν ἐκπλέωμεν: τὸν γὰρ τοῦ πράττειν χρόνον εἰς τὸ παρασκευάζεσθαι ἀναλίσκομεν, οἱ δὲ τῶν πραγμάτων οὐ μένουσι καιροὶ τὴν ἡμετέραν βραδυτῆτα καὶ εἰρωνείαν. ἃς δὲ τὸν μεταξὺ χρόνον δυνάμεις οἰόμεθʼ ἡμῖν ὑπάρχειν, οὐδὲν οἷαί τʼ οὖσαι ποιεῖν ἐπʼ αὐτῶν τῶν καιρῶν ἐξελέγχονται. ὁ δʼ εἰς τοῦθʼ ὕβρεως ἐλήλυθεν ὥστʼ ἐπιστέλλειν Εὐβοεῦσιν ἤδη τοιαύτας ἐπιστολάς.<quote>ἐπιστολῆς Ἀνάγνωσις</quote>
               </p>
            </div>
            <div type="section" n="38">
               <p>
                  <milestone unit="para" ed="P"/>τούτων, ὦ ἄνδρες Ἀθηναῖοι, τῶν ἀνεγνωσμένων ἀληθῆ μέν ἐστι τὰ πολλά, ὡς οὐκ ἔδει, οὐ μὴν ἀλλʼ ἴσως οὐχ ἡδέʼ ἀκούειν. ἀλλʼ εἰ μέν, ὅσʼ ἄν τις ὑπερβῇ τῷ λόγῳ, ἵνα μὴ λυπήσῃ, καὶ τὰ πράγμαθʼ ὑπερβήσεται, δεῖ πρὸς ἡδονὴν δημηγορεῖν: εἰ δʼ ἡ τῶν λόγων χάρις, ἂν ᾖ μὴ προσήκουσα, ἔργῳ ζημία γίγνεται, αἰσχρόν ἐστι φενακίζειν ἑαυτούς, καὶ ἅπαντʼ ἀναβαλλομένους ἃν ᾖ δυσχερῆ πάντων ὑστερεῖν τῶν ἔργων,
    </p>
            </div>
            <div type="section" n="39">
               <p> καὶ μηδὲ τοῦτο δύνασθαι μαθεῖν, ὅτι δεῖ τοὺς ὀρθῶς πολέμῳ χρωμένους οὐκ ἀκολουθεῖν τοῖς πράγμασιν, ἀλλʼ αὐτοὺς ἔμπροσθεν εἶναι τῶν πραγμάτων, καὶ τὸν αὐτὸν τρόπον ὥσπερ τῶν στρατευμάτων ἀξιώσειέ τις ἂν τὸν στρατηγὸν ἡγεῖσθαι, οὕτω καὶ τῶν πραγμάτων τοὺς βουλευομένους, ἵνʼ ἃν ἐκείνοις δοκῇ, ταῦτα πράττηται καὶ μὴ τὰ συμβάντʼ ἀναγκάζωνται διώκειν.
    </p>
            </div>
            <div type="section" n="40">
               <p>ὑμεῖς δʼ, ὦ ἄνδρες Ἀθηναῖοι, πλείστην δύναμιν ἁπάντων ἔχοντες, τριήρεις, ὁπλίτας, ἱππέας, χρημάτων πρόσοδον, τούτων μὲν μέχρι τῆς τήμερον ἡμέρας οὐδενὶ πώποτʼ εἰς δέον τι κέχρησθε, οὐδὲν δʼ ἀπολείπετε, ὥσπερ οἱ βάρβαροι πυκτεύουσιν, οὕτω πολεμεῖν Φιλίππῳ. καὶ γὰρ ἐκείνων ὁ πληγεὶς ἀεὶ τῆς πληγῆς ἔχεται, κἂν ἑτέρωσε πατάξῃ τις, ἐκεῖσʼ εἰσὶν αἱ χεῖρες: προβάλλεσθαι δʼ ἢ βλέπειν ἐναντίον οὔτʼ οἶδεν οὔτʼ ἐθέλει.
    </p>
            </div>
            <div type="section" n="41">
               <p>καὶ ὑμεῖς, ἂν ἐν Χερρονήσῳ πύθησθε Φίλιππον, ἐκεῖσε βοηθεῖν ψηφίζεσθε, ἂν ἐν Πύλαις, ἐκεῖσε, ἂν ἄλλοθί που, συμπαραθεῖτʼ ἄνω κάτω, καὶ στρατηγεῖσθʼ ὑπʼ ἐκείνου, βεβούλευσθε δʼ οὐδὲν αὐτοὶ συμφέρον περὶ τοῦ πολέμου, οὐδὲ πρὸ τῶν πραγμάτων προορᾶτʼ οὐδέν, πρὶν ἂν ἢ γεγενημένον ἢ γιγνόμενόν τι πύθησθε. ταῦτα δʼ ἴσως πρότερον μὲν ἐνῆν: νῦν δʼ ἐπʼ αὐτὴν ἥκει τὴν ἀκμήν, ὥστʼ οὐκέτʼ ἐγχωρεῖ.
    </p>
            </div>
            <div type="section" n="42">
               <p>δοκεῖ δέ μοι θεῶν τις, ὦ ἄνδρες Ἀθηναῖοι, τοῖς γιγνομένοις ὑπὲρ τῆς πόλεως αἰσχυνόμενος τὴν φιλοπραγμοσύνην ταύτην ἐμβαλεῖν Φιλίππῳ. εἰ γὰρ ἔχων ἃ κατέστραπται καὶ προείληφεν ἡσυχίαν ἔχειν ἤθελε καὶ μηδὲν ἔπραττεν ἔτι, ἀποχρῆν ἐνίοις ὑμῶν ἄν μοι δοκεῖ, ἐξ ὧν αἰσχύνην καὶ ἀνανδρίαν καὶ πάντα τὰ αἴσχιστʼ ὠφληκότες ἂν ἦμεν δημοσίᾳ: νῦν δʼ ἐπιχειρῶν ἀεί τινι καὶ τοῦ πλείονος ὀρεγόμενος ἴσως ἂν ἐκκαλέσαιθʼ ὑμᾶς, εἴπερ μὴ παντάπασιν ἀπεγνώκατε.
    </p>
            </div>
            <div type="section" n="43">
               <p>θαυμάζω δʼ ἔγωγε, εἰ μηδεὶς ὑμῶν μήτʼ ἐνθυμεῖται μήτʼ ὀργίζεται, ὁρῶν, ὦ ἄνδρες Ἀθηναῖοι, τὴν μὲν ἀρχὴν τοῦ πολέμου γεγενημένην περὶ τοῦ τιμωρήσασθαι Φίλιππον, τὴν δὲ τελευτὴν οὖσαν ἤδη ὑπὲρ τοῦ μὴ παθεῖν κακῶς ὑπὸ Φιλίππου. ἀλλὰ μὴν ὅτι γʼ οὐ στήσεται, δῆλον, εἰ μή τις κωλύσει. εἶτα τοῦτʼ ἀναμενοῦμεν; καὶ τριήρεις κενὰς καὶ τὰς παρὰ τοῦ δεῖνος ἐλπίδας ἂν ἀποστείλητε, πάντʼ ἔχειν οἴεσθε καλῶς;
    </p>
            </div>
            <div type="section" n="44">
               <p>οὐκ ἐμβησόμεθα; οὐκ ἔξιμεν αὐτοὶ μέρει γέ τινι στρατιωτῶν οἰκείων νῦν, εἰ καὶ μὴ πρότερον; οὐκ ἐπὶ τὴν ἐκείνου πλευσόμεθα; ποῖ οὖν προσορμιούμεθʼ; ἤρετό τις. εὑρήσει τὰ σαθρά, ὦ ἄνδρες Ἀθηναῖοι, τῶν ἐκείνου πραγμάτων αὐτὸς ὁ πόλεμος, ἂν ἐπιχειρῶμεν: ἂν μέντοι καθώμεθʼ οἴκοι, λοιδορουμένων ἀκούοντες καὶ αἰτιωμένων ἀλλήλους τῶν λεγόντων, οὐδέποτʼ οὐδὲν ἡμῖν μὴ γένηται τῶν δεόντων.
    </p>
            </div>
            <div type="section" n="45">
               <p>ὅποι μὲν γὰρ ἄν, οἶμαι, μέρος τι τῆς πόλεως συναποσταλῇ, κἂν μὴ πᾶσα, καὶ τὸ τῶν θεῶν εὐμενὲς καὶ τὸ τῆς τύχης συναγωνίζεται: ὅποι δʼ ἂν στρατηγὸν καὶ ψήφισμα κενὸν καὶ τὰς ἀπὸ τοῦ βήματος ἐλπίδας ἐκπέμψητε, οὐδὲν ὑμῖν τῶν δεόντων γίγνεται, ἀλλʼ οἱ μὲν ἐχθροὶ καταγελῶσιν, οἱ δὲ σύμμαχοι τεθνᾶσι τῷ δέει τοὺς τοιούτους ἀποστόλους.
    </p>
            </div>
            <div type="section" n="46">
               <p>οὐ γὰρ ἔστιν, οὐκ ἔστιν ἕνʼ ἄνδρα δυνηθῆναί ποτε ταῦθʼ ὑμῖν πρᾶξαι πάνθʼ ὅσα βούλεσθε: ὑποσχέσθαι μέντοι καὶ φῆσαι καὶ τὸν δεῖνʼ αἰτιάσασθαι καὶ τὸν δεῖνʼ ἔστι, τὰ δὲ πράγματʼ ἐκ τούτων ἀπόλωλεν: ὅταν γὰρ ἡγῆται μὲν ὁ στρατηγὸς ἀθλίων ἀπομίσθων ξένων, οἱ δʼ ὑπὲρ ὧν ἂν ἐκεῖνος πράξῃ πρὸς ὑμᾶς ψευδόμενοι ῥᾳδίως ἐνθάδʼ ὦσιν, ὑμεῖς δʼ ἐξ ὧν ἂν ἀκούσηθʼ ὅ τι ἂν τύχητε ψηφίζησθε, τί καὶ χρὴ προσδοκᾶν;
    </p>
            </div>
            <div type="section" n="47">
               <p>
                  <milestone unit="para" ed="P"/>πῶς οὖν ταῦτα παύσεται; ὅταν ὑμεῖς, ὦ ἄνδρες Ἀθηναῖοι, τοὺς αὐτοὺς ἀποδείξητε στρατιώτας καὶ μάρτυρας τῶν στρατηγουμένων καὶ δικαστὰς οἴκαδʼ ἐλθόντας τῶν εὐθυνῶν, ὥστε μὴ ἀκούειν μόνον ὑμᾶς τὰ ὑμέτερʼ αὐτῶν, ἀλλὰ καὶ παρόντας ὁρᾶν. νῦν δʼ εἰς τοῦθʼ ἥκει τὰ πράγματʼ αἰσχύνης ὥστε τῶν στρατηγῶν ἕκαστος δὶς καὶ τρὶς κρίνεται παρʼ ὑμῖν περὶ θανάτου, πρὸς δὲ τοὺς ἐχθροὺς οὐδεὶς οὐδʼ ἅπαξ αὐτῶν ἀγωνίσασθαι περὶ θανάτου τολμᾷ, ἀλλὰ τὸν τῶν ἀνδραποδιστῶν καὶ λωποδυτῶν θάνατον μᾶλλον αἱροῦνται τοῦ προσήκοντος: κακούργου μὲν γάρ ἐστι κριθέντʼ ἀποθανεῖν, στρατηγοῦ δὲ μαχόμενον τοῖς πολεμίοις.
    </p>
            </div>
            <div type="section" n="48">
               <p>ἡμῶν δʼ οἱ μὲν περιιόντες μετὰ Λακεδαιμονίων φασὶ Φίλιππον πράττειν τὴν Θηβαίων κατάλυσιν καὶ τὰς πολιτείας διασπᾶν, οἱ δʼ ὡς πρέσβεις πέπομφεν ὡς βασιλέα, οἱ δʼ ἐν Ἰλλυριοῖς πόλεις τειχίζειν, οἱ δὲ λόγους πλάττοντες ἕκαστος περιερχόμεθα.
    </p>
            </div>
            <div type="section" n="49">
               <p>ἐγὼ δʼ οἶμαι μέν, ὦ ἄνδρες Ἀθηναῖοι, νὴ τοὺς θεοὺς ἐκεῖνον μεθύειν τῷ μεγέθει τῶν πεπραγμένων καὶ πολλὰ τοιαῦτʼ ὀνειροπολεῖν ἐν τῇ γνώμῃ, τήν τʼ ἐρημίαν τῶν κωλυσόντων ὁρῶντα καὶ τοῖς πεπραγμένοις ἐπῃρμένον, οὐ μέντοι μὰ Δίʼ οὕτω γε προαιρεῖσθαι πράττειν ὥστε τοὺς ἀνοητοτάτους τῶν παρʼ ἡμῖν εἰδέναι τί μέλλει ποιεῖν ἐκεῖνος: ἀνοητότατοι γάρ εἰσιν οἱ λογοποιοῦντες.
    </p>
            </div>
            <div type="section" n="50">
               <p>ἀλλʼ ἂν ἀφέντες ταῦτʼ ἐκεῖνʼ εἰδῶμεν, ὅτι ἐχθρὸς ἅνθρωπος καὶ τὰ ἡμέτερʼ ἡμᾶς ἀποστερεῖ καὶ χρόνον πολὺν ὕβρικε, καὶ ἅπανθʼ ὅσα πώποτʼ ἠλπίσαμέν τινα πράξειν ὑπὲρ ἡμῶν καθʼ ἡμῶν εὕρηται, καὶ τὰ λοιπὰ ἐν αὐτοῖς ἡμῖν ἐστί, κἂν μὴ νῦν ἐθέλωμεν ἐκεῖ πολεμεῖν αὐτῷ, ἐνθάδʼ ἴσως ἀναγκασθησόμεθα τοῦτο ποιεῖν, ἂν ταῦτʼ εἰδῶμεν, καὶ τὰ δέοντʼ ἐσόμεθʼ ἐγνωκότες καὶ λόγων ματαίων ἀπηλλαγμένοι: οὐ γὰρ ἅττα ποτʼ ἔσται δεῖ σκοπεῖν, ἀλλʼ ὅτι φαῦλα, ἂν μὴ προσέχητε τὸν νοῦν καὶ τὰ προσήκοντα ποιεῖν ἐθέλητε, εὖ εἰδέναι.
    </p>
            </div>
            <div type="section" n="51">
               <p>
                  <milestone unit="para" ed="P"/>ἐγὼ μὲν οὖν οὔτʼ ἄλλοτε πώποτε πρὸς χάριν εἱλόμην λέγειν ὅ τι ἂν μὴ καὶ συνοίσειν πεπεισμένος ὦ, νῦν θʼ ἃ γιγνώσκω πάνθʼ ἁπλῶς, οὐδὲν ὑποστειλάμενος, πεπαρρησίασμαι. ἐβουλόμην δʼ ἄν, ὥσπερ ὅτι ὑμῖν συμφέρει τὰ βέλτιστʼ ἀκούειν οἶδα, οὕτως εἰδέναι συνοῖσον καὶ τῷ τὰ βέλτιστʼ εἰπόντι: πολλῷ γὰρ ἂν ἥδιον εἶχον. νῦν δʼ ἐπʼ ἀδήλοις οὖσι τοῖς ἀπὸ τούτων ἐμαυτῷ γενησομένοις, ὅμως ἐπὶ τῷ συνοίσειν ὑμῖν, ἂν πράξητε, ταῦτα πεπεῖσθαι λέγειν αἱροῦμαι. νικῴη δʼ ὅ τι πᾶσιν μέλλει συνοίσειν. </p>
            </div>
         
      </body>
   </text>
</TEI>
