<?xml version="1.0" encoding="UTF-8"?>
<TEI xmlns="http://www.tei-c.org/ns/1.0">
	<teiHeader>

		<fileDesc>

			<titleStmt>
				<title>Against Spudias </title>
				<author>Demosthenes</author>
				<sponsor>Perseus Project, Tufts University</sponsor>
				<principal>Gregory Crane</principal>
				<respStmt>
					<resp>Prepared under the supervision of</resp>
					<name>Lisa Cerrato</name>
					<name>William Merrill</name>
					<name>Elli Mylonas</name>
					<name>David Smith</name>
				</respStmt>
				<funder n="org:AnnCPB">The Annenberg CPB/Project</funder>

			</titleStmt>
			<publicationStmt>
				<publisher>Trustees of Tufts University</publisher>
				<pubPlace>Medford, MA</pubPlace>
				<authority>Perseus Project</authority>
			</publicationStmt>





			<sourceDesc>
				<biblStruct>
					<monogr>
						<author>Demosthenes</author>
						<title>Demosthenis.Orationes. ed. W. Rennie</title>

						<imprint>
							<publisher>Oxonii.e Typographeo Clarendoniano</publisher>
							<date>1931</date>
						</imprint>
					</monogr>
				</biblStruct>
			</sourceDesc>


		</fileDesc>

		<encodingDesc>

			<refsDecl>
				<refState unit="speech"/>
				<refState unit="section"/>
			</refsDecl>
		</encodingDesc>

		<profileDesc>
			<langUsage>
				<language ident="greek">Greek </language>
				<language ident="en">English </language>
			</langUsage>
		</profileDesc>
	</teiHeader>
	<text xml:lang="grc">
		<body>
			<div type="section" n="1">
				<p>ἀδελφὰς ἔχομεν, ὦ ἄνδρες δικασταί, γυναῖκας ἐγὼ καὶ Σπουδίας οὑτοσί, Πολυεύκτου
					θυγατέρας. ἄπαιδος δʼ ἐκείνου τελευτήσαντος ἀρρένων παίδων, ἀναγκάζομαι πρὸς
					τουτονὶ περὶ τῶν καταλειφθέντων δικάζεσθαι. καὶ εἰ μέν, ὦ ἄνδρες δικασταί, μὴ
					πᾶσαν σπουδὴν καὶ προθυμίαν ἐποιησάμην βουλόμενος διαλύεσθαι καὶ τοῖς φίλοις
					ἐπιτρέπειν, ἐμαυτὸν ἂν ᾐτιώμην, εἰ μᾶλλον ᾑρούμην δίκας καὶ πράγματʼ ἔχειν ἢ
					μίκρʼ ἐλαττωθεὶς ἀνέχεσθαι· </p>
			</div>
			<div type="section" n="2">
				<p>νῦν δʼ ὅσῳ πραότερον ἐγὼ καὶ φιλανθρωπότερον τούτῳ διελεγόμην, τοσούτῳ μᾶλλόν μου
					κατεφρόνει. καὶ νῦν κινδυνεύω μὲν οὐδὲν ὁμοίως τούτῳ πρὸς τουτονὶ τὸν ἀγῶνʼ
					ἔχειν, ἀλλʼ οὗτος μὲν ῥᾳδίως φέρει πολλάκις εἰθισμένος ἐνταῦθʼ εἰς ὑμᾶς
					παριέναι, ἐγὼ δʼ αὐτὸ τοῦτο φοβοῦμαι, μὴ διὰ τὴν ἀπειρίαν οὐ δυνηθῶ δηλῶσαι περὶ
					τῶν πραγμάτων ὑμῖν· ὅμως δʼ, ὦ ἄνδρες δικασταί, προσέχετε τὸν νοῦν. </p>
			</div>
			<div type="section" n="3">
				<p>Πολύευκτος γὰρ ἦν τις Θριάσιος, ὃν ἴσως οὐδʼ ὑμῶν τινες ἀγνοοῦσιν. οὗτος ὁ
					Πολύευκτος, ἐπειδὴ οὐκ ἦσαν αὐτῷ παῖδες ἄρρενες, ποιεῖται Λεωκράτη τὸν ἀδελφὸν
					τῆς ἑαυτοῦ γυναικός. οὐσῶν δʼ αὐτῷ δύο θυγατέρων ἐκ τῆς τοῦ Λεωκράτους ἀδελφῆς,
					τὴν μὲν πρεσβυτέραν ἐμοὶ δίδωσιν καὶ τετταράκοντα μνᾶς προῖκα, τὴν δὲ νεωτέραν
					τῷ Λεωκράτει. </p>
			</div>
			<div type="section" n="4">
				<p>τούτων δʼ οὕτως ἐχόντων, διαφορᾶς γενομένης τῷ Πολυεύκτῳ πρὸς τὸν Λεωκράτη, περὶ
					ἧς οὐκ οἶδʼ ὅ τι δεῖ λέγειν, ἀφελόμενος ὁ Πολύευκτος τὴν θυγατέρα δίδωσι Σπουδίᾳ
					τουτῳί. μετὰ δὲ ταῦτʼ ἠγανάκτει <add>θʼ</add> ὁ Λεωκράτης, καὶ δίκας ἐλάγχανε
					Πολυεύκτῳ καὶ τουτῳὶ Σπουδίᾳ, καὶ περὶ πάντων ἠναγκάζοντʼ εἰς λόγον καθίστασθαι.
					καὶ τὸ τελευταῖον διελύθησαν, ἐφʼ ᾧτε κομισάμενον τὸν Λεωκράτην ἅπερ ἦν εἰς τὴν
					οὐσίαν εἰσενηνεγμένος, μήτε κακόνουν εἶναι τῷ Πολυεύκτῳ, τῶν τε πρὸς ἀλλήλους
					ἐγκλημάτων ἀπηλλάχθαι πάντων. </p>
			</div>
			<div type="section" n="5">
				<p>τίνος οὖν ἕνεχʼ ὑμῖν, ὦ ἄνδρες δικασταί, ταῦτʼ εἶπον; ὅτι τὴν προῖκʼ οὐ
					κομισάμενος ἅπασαν, ἀλλʼ ὑπολειφθεισῶν χιλίων δραχμῶν καὶ ὁμολογηθεισῶν
					ἀπολαβεῖν ὅταν Πολύευκτος ἀποθάνῃ, ἕως μὲν ὁ Λεωκράτης ἦν κληρονόμος τῶν
					Πολυεύκτου, πρὸς ἐκεῖνον ἦν μοι τὸ συμβόλαιον· ἐπειδὴ δʼ ὅ τε Λεωκράτης
					ἐξεκεχωρήκει ὅ τε Πολύευκτος μοχθηρῶς εἶχεν, τηνικαῦτʼ, ὦ ἄνδρες δικασταί, τὴν
					οἰκίαν ταύτην ἀποτιμῶμαι πρὸς τὰς δέκα μνᾶς, ἐξ ἧς διακωλύει με τὰς μισθώσεις
					κομίζεσθαι Σπουδίας. </p>
			</div>
			<div type="section" n="6">
				<p>πρῶτον μὲν οὖν ὑμῖν μάρτυρας παρέξομαι τοὺς παραγενομένους ὅτʼ ἠγγύα μοι
					Πολύευκτος τὴν θυγατέρʼ ἐπὶ τετταράκοντα μναῖς· ἔπειθʼ ὡς ἔλαττον ταῖς χιλίαις
					ἐκομισάμην· ἔτι δʼ ὡς ἅπαντα τὸν χρόνον ὀφείλειν ὡμολόγει μοι Πολύευκτος, καὶ
					τὸν Λεωκράτην συνέστησε, καὶ ὡς τελευτῶν διέθεθʼ ὅρους ἐπιστῆσαι χιλίων δραχμῶν
					ἐμοὶ τῆς προικὸς ἐπὶ τὴν οἰκίαν. καί μοι κάλει τοὺς μάρτυρας.<quote
						n="*ma/rtures"><title>Μάρτυρες</title></quote>
				</p>
			</div>
			<div type="section" n="7">
				<p>ἓν μὲν τοίνυν, ὦ ἄνδρες δικασταί, τοῦτʼ ἔστιν ὧν ἐγκαλῶ Σπουδίᾳ. καὶ περὶ τούτου
					τί ἂν ἔτι μεῖζον ἢ ἰσχυρότερον ἔχων εἰς ὑμᾶς κατέστην ἢ τὸν νόμον, ὃς οὐκ ἐᾷ
					διαρρήδην, ὅσα τις ἀπετίμησεν, εἶναι δίκας, οὔτʼ αὐτοῖς οὔτε τοῖς κληρονόμοις;
					ἀλλʼ ὅμως πρὸς τοῦτο τὸ δίκαιον ἥκει Σπουδίας ἀμφισβητήσων. </p>
			</div>
			<div type="section" n="8">
				<p>ἕτερον δʼ, ὦ ἄνδρες δικασταί, δύο μὲν μνᾶς, <add>ἃς</add> ἐμαρτύρησεν Ἀριστογένης
					ἐγκαλεῖν ἀποθνῄσκοντα Πολύευκτον ὀφειλομένας αὑτῷ παρὰ Σπουδίᾳ καὶ τὸν τόκον
					(τοῦτο δʼ ἐστὶν οἰκέτου τιμή, ὃν ἐωνημένος οὗτος παρὰ τοῦ Πολυεύκτου, τὴν τιμὴν
					οὔτʼ ἐκείνῳ διέλυσεν οὔτε νῦν εἰς τὸ κοινὸν ἀνενήνοχεν), ὀκτακοσίας δὲ καὶ
					χιλίας, περὶ ὧν οὐδʼ ἔγωγʼ οἶδα τί ποθʼ ἕξει δίκαιον λέγειν. </p>
			</div>
			<div type="section" n="9">
				<p>ἦν μὲν γὰρ τὸ ἀργύριον παρὰ τῆς Πολυεύκτου δεδανεισμένος γυναικός, γράμματα δʼ
					ἔστιν ἃ κατέλιπεν ἀποθνῄσκουσʼ ἐκείνη, μάρτυρες δʼ οἱ τῆς γυναικὸς ἀδελφοὶ
					παρόντες ἅπασιν καὶ καθʼ ἕκαστον ἐπερωτῶντες, ἵνα μηδὲν δυσχερὲς ἡμῖν εἴη πρὸς
					ἀλλήλους. οὔκουν δεινόν, ὦ ἄνδρες δικασταί, καὶ σχέτλιον ἐμὲ μὲν ἁπάντων, ὧν ἢ
					παρὰ Πολυεύκτου ζῶντος ἦν ἐωνημένος ἢ παρὰ τῆς γυναικὸς εἶχον αὐτοῦ, καὶ τόκον
					τιθέναι καὶ τὴν τιμὴν ἀποδεδωκέναι, καὶ νῦν ἅπερ ὤφειλον πάντʼ εἰς τὸ κοινὸν
					φέρειν, </p>
			</div>
			<div type="section" n="10">
				<p>τοῦτον δὲ μήτε τῶν νόμων τῶν ὑμετέρων φροντίζειν μήθʼ ὧν διέθετο Πολύευκτος μήτε
					τῶν καταλειφθέντων γραμμάτων μήτε τῶν συνειδότων, ἀλλὰ πρὸς ἅπαντα ταῦθʼ ἥκειν
					ἀντιδικήσοντα;</p>
				<p>λαβὲ δή μοι πρῶτον μὲν τὸν νόμον, ὃς οὐκ ἐᾷ τῶν ἀποτιμηθέντων ἔτι δίκην εἶναι
					πρὸς τοὺς ἔχοντας, ἔπειτα τὰ γράμματα τὰ καταλειφθέντα καὶ τὴν μαρτυρίαν τὴν
						Ἀριστογένους.<quote n="*no/mos"><title>Νόμος</title></quote><quote
						n="*gra/mmata"><title>Γράμματα</title></quote><quote n="*marturi/a"
							><title>Μαρτυρία</title></quote>
				</p>
			</div>
			<div type="section" n="11">
				<p>βούλομαι τοίνυν, ὦ ἄνδρες δικασταί, καὶ περὶ τῶν ἄλλων ὧν ἐγκαλῶ καθʼ ἕκαστον
					ὑμᾶς διδάξαι. φιάλην μὲν γὰρ λαβόντες παρὰ τῆς Πολυεύκτου γυναικὸς καὶ θέντες
					ἐνέχυρα μετὰ χρυσίων, οὐκ ἀνενηνόχασιν κεκομισμένοι ταύτην, ὡς ὑμῖν Δημόφιλος ὁ
					θέμενος μαρτυρήσει· σκηνὴν δʼ ἣν ἔχουσιν, οὐδέ γε ταύτην λαβόντες ἀναφέρουσιν·
					ἄλλα δὲ πόσα τοιαῦτα; τὸ δὲ τελευταῖον εἰσενεγκούσης τῆς ἐμῆς γυναικὸς εἰς τὰ
					Νεμέσεια τῷ πατρὶ μνᾶν ἀργυρίου καὶ προαναλωσάσης, οὐδὲ ταύτης ἀξιοῖ συμβαλέσθαι
					τὸ μέρος, ἀλλὰ τὰ μὲν ἔχει προλαβών, τῶν δὲ τὰ μέρη κομίζεται, τὰ δʼ οὕτω
					φανερῶς οὐκ ἀποδίδωσιν. ἵνα τοίνυν μηδὲ ταῦτʼ ᾖ παραλελειμμένα, λαβέ μοι πάντων
					αὐτῶν τὰς μαρτυρίας.<quote n="*marturi/ai"><title>Μαρτυρίαι</title></quote>
				</p>
			</div>
			<div type="section" n="12">
				<p>ἴσως τοίνυν, ὦ ἄνδρες δικασταί, πρὸς μὲν ταῦτʼ οὐδὲν ἀντερεῖ Σπουδίας (οὐδὲ γὰρ
					ἕξει, καίπερ δεινὸς ὤν)· αἰτιάσεται δὲ Πολύευκτον καὶ τὴν γυναῖκʼ αὐτοῦ, καὶ
					φήσει πάντα ταῦθʼ ὑπʼ ἐμοῦ πεισθέντας καταχαρίσασθαι, καὶ νὴ Δίʼ ἕτερα πολλὰ καὶ
					μεγάλα βλάπτεσθαι, καὶ δίκην εἰληχέναι μοι· ταῦτα γὰρ καὶ πρὸς τῷ διαιτητῇ
					λέγειν ἐπεχείρει. </p>
			</div>
			<div type="section" n="13">
				<p>ἐγὼ δʼ, ὦ ἄνδρες δικασταί, πρῶτον μὲν οὐχ ἡγοῦμαι δικαίαν εἶναι τὴν ἀπολογίαν τὴν
					τοιαύτην, οὐδὲ προσήκειν, ὅταν τις φανερῶς ἐξελέγχηται, μεταστρέψαντα τὰς αἰτίας
					ἐγκαλεῖν καὶ διαβάλλειν· ἀλλʼ ἐκείνων μέν, εἴπερ ἀδικεῖται, δῆλον ὅτι δίκην
					λήψεται, τούτων δὲ δώσει· πῶς γὰρ ἂν ἐγὼ νῦν ταῖς τούτων διαβολαῖς ἀντιδικοίην,
					ἀφεὶς ὑπὲρ ὧν ὑμεῖς μέλλετε τὴν ψῆφον οἴσειν; </p>
			</div>
			<div type="section" n="14">
				<p>ἔπειτα θαυμάζω τί δήποτε, εἴπερ ἀληθῆ καὶ δίκαιʼ εἶχεν ἐγκαλεῖν, βουλομένων ἡμᾶς
					τῶν φίλων διαλύειν καὶ πολλῶν λόγων γενομένων οὐχ οἷος ἦν ἐμμένειν οἷς ἐκεῖνοι
					γνοῖεν. καίτοι τίνες ἂν ἄμεινον καὶ τῶν τούτου καὶ τῶν ἐμῶν ἐγκλημάτων τὰ μηδὲν
					ὄντʼ ἐξήλεγξαν τῶν παραγεγενημένων ἅπασι τούτοις, τῶν εἰδότων οὐδὲν ἧττον ἡμῶν
					τὰ γενόμενα, τῶν κοινῶν ἀμφοτέροις καὶ φίλων ὄντων; </p>
			</div>
			<div type="section" n="15">
				<p>ἀλλὰ δῆλον ὅτι τούτῳ ταῦτʼ οὐκ ἐλυσιτέλει, φανερῶς ὑπʼ αὐτῶν ἐξελεγχομένῳ τοῦτον
					τὸν τρόπον λαβεῖν διάλυσιν· μὴ γὰρ οἴεσθʼ, ὦ ἄνδρες δικασταί, τοὺς εἰδότας
					ἅπαντα ταῦτα νυνὶ μὲν ὑποκινδύνους αὑτοὺς καθιστάντας ἐμοὶ μαρτυρεῖν, τότε δʼ
						<add>ἂν</add> ὀμόσαντας ἄλλο τι γνῶναι περὶ αὐτῶν. οὐ μὴν ἀλλʼ εἰ καὶ μηδὲν
					τούτων ὑπῆρχεν ὑμῖν, οὐδʼ ὣς χαλεπόν ἐστιν γνῶναι περὶ αὐτῶν, ὁπότεροι τἀληθῆ
					λέγουσιν. </p>
			</div>
			<div type="section" n="16">
				<p>περὶ μὲν γὰρ τῆς οἰκίας, εἰ φησὶν ὑπʼ ἐμοῦ πεισθέντα Πολύευκτον προστάξαι τοὺς
					ὅρους στῆσαι τῶν χιλιῶν, ἀλλʼ οὐ δήπου καὶ τοὺς μάρτυρας ἔπεισα, ὦ Σπουδία,
					ψευδῆ μοι μαρτυρεῖν, τοὺς παραγενομένους ὅτʼ ἠγγύα μοι, τοὺς εἰδότας ἔλαττόν με
					κομισάμενον, τοὺς ἀκούοντας ὁμολογοῦντος ὀφείλειν ἐμοὶ συστήσαντος ἀποδοῦναι,
					τοὺς τὸ τελευταῖον ταῖς διαθήκαις παραγενομένους· τούτοις γὰρ ἅπασιν οὐκέτι
					καταχαρίσασθαι ταῦθʼ ὑπῆρχεν, ἀλλὰ κινδυνεύειν τῶν ψευδομαρτυρίων, εἰ μηδὲν τῶν
					γενομένων μαρτυροῖεν. ἀφῶμεν τοίνυν τοῦτʼ ἤδη. </p>
			</div>
			<div type="section" n="17">
				<p>πρὸς ἐκεῖνο δὲ τί ἂν λέγοις; ἀκριβῶς γὰρ ὅπως τούτους διδάξεις· εἰ δὲ μή, πάντες
					ὑμεῖς ἀπαιτεῖτʼ αὐτόν. ὅτε γὰρ Πολύευκτος διετίθετο ταῦτα, παρῆν μὲν ἡ τούτου
					γυνή, καὶ δῆλον ὅτι τὰς τοῦ πατρὸς διαθήκας ἀνήγγειλεν, ἄλλως τʼ εἰ καὶ μηδὲν
					ἴσον εἶχεν ἀλλʼ ἐν ἅπασιν ἠλαττοῦτο, παρεκλήθη δʼ αὐτὸς οὗτος, ὥστε μηδὲ τοῦτʼ
					εἶναι λέγειν, ὡς λάθρᾳ καὶ διακρυψάμενοι τούτους ἐπράττομεν ταῦτα·
					παρακαλούμενος γὰρ ἔφησεν αὐτὸς μὲν ἀσχολίαν ἄγειν, τὴν δὲ γυναῖκʼ ἐξαρκεῖν τὴν
					αὑτοῦ παροῦσαν. </p>
			</div>
			<div type="section" n="18">
				<p>τί ἔτι λοιπόν; ἀπαγγείλαντος Ἀριστογένους αὐτῷ περὶ ἁπάντων τούτων ἀκριβῶς, οὐδʼ
					ἐνταῦθʼ οὐδένα φαίνεται λόγον ποιησάμενος, ἀλλʼ ἐπιβιόντος μετὰ ταῦτα τοῦ
					Πολυεύκτου πλέον ἢ πένθʼ ἡμέρας, οὔτʼ ἠγανάκτησεν εἰσελθὼν οὔτʼ ἀντεῖπεν οὐδέν,
					οὐδʼ ἡ γυνή, παροῦσʼ ἐξ ἀρχῆς ἅπασιν τούτοις. ὥστʼ οὐκέτι Πολύευκτος αὐτὰ
					πεισθεὶς ἐμοὶ κατεχαρίζετο, ὡς ἔοικεν, ἀλλʼ ὑμεῖς αὐτοί. ταῦτα τοίνυν, ὦ ἄνδρες
					δικασταί, μεμνημένοι σαφῶς, ἐὰν ἄρα τι περὶ αὐτῶν ἐγχειρῇ νυνὶ διαβάλλειν,
					ἀντίθετε. πρῶτον δʼ ἵνʼ εἰδῆτʼ ἀκριβῶς ὅτι τοῦτον τὸν τρόπον ἔχει, τῶν μαρτύρων
					ἀκούσατε. λέγε.<quote n="*ma/rtures"><title>Μάρτυρες</title></quote>
				</p>
			</div>
			<div type="section" n="19">
				<p>οὐκοῦν, ὦ ἄνδρες δικασταί, τῶν μὲν χιλίων δραχμῶν ὡς δικαίως καὶ προσοφειλομένων
					ἀπετίμησέ μοι τὴν οἰκίαν ὁ Πολύευκτος, αὐτὸς οὗτός μοι μαρτυρεῖ καὶ ἡ τούτου
					γυνὴ πρὸς τοῖς ἄλλοις τούτοις τοῖς μεμαρτυρηκόσι, συγχωροῦντες τότε καὶ οὔτε
					πρὸς τὸν Πολύευκτον ἀντειπόντες ἐπιβιόντα τοσαύτας ἡμέρας, οὔτε πρὸς τὸν
					Ἀριστογένη, ἐπεὶ τάχιστʼ ἤκουσαν. ἀλλὰ μὴν εἴ γε δικαίως ἀπετιμήθη, μεμνημένοις
					τοῦ νόμου κατὰ μὲν τοῦθʼ ὑμῖν οὐκ ἔστιν ἀποψηφίσασθαι Σπουδίου. </p>
			</div>
			<div type="section" n="20">
				<p>σκέψασθε δὲ καὶ περὶ τῶν εἴκοσι μνῶν, ἃς οὐκ ἐπαναφέρει· καὶ γὰρ ἐνταυθοῖ πάλιν
					αὐτὸς οὗτός μοι μέγιστος ἔσται μάρτυς, οὐ λόγῳ μὰ Δίʼ ὥσπερ νῦν ἀντιδικῶν (τουτὶ
					μὲν γὰρ οὐδὲν τεκμήριόν ἐστιν), ἀλλʼ ἔργῳ περιφανεῖ. τί ποιῶν, ὦ ἄνδρες
					δικασταί; τούτῳ γὰρ ἤδη προσέχετε τὸν νοῦν, ἵνʼ ἐὰν ἄρα τολμᾷ τι καὶ περὶ τῆς
					μητρὸς τῶν γυναικῶν βλασφημεῖν ἢ περὶ τῶν γραμμάτων, εἰδότας ὑμᾶς μὴ δύνηται
					λέγων ἐξαπατᾶν. </p>
			</div>
			<div type="section" n="21">
				<p>ταυτὶ γὰρ τὰ γράμματα κατέλιπεν μὲν ἡ Πολυεύκτου γυνή, καθάπερ εἶπον ὀλίγῳ
					πρότερον· ὁμολογουμένων δὲ τῶν σημείων καὶ παρὰ τῆς τούτου γυναικὸς καὶ παρὰ τῆς
					ἐμῆς, ἀμφότεροι παρόντες ἀνοίξαντες ἀντίγραφά τʼ ἐλάβομεν, κἀκεῖνα πάλιν
					κατασημηνάμενοι παρʼ Ἀριστογένει κατεθέμεθα. </p>
			</div>
			<div type="section" n="22">
				<p>τοῦτο δή, τοῦτʼ, ὦ ἄνδρες δικασταί, μάθετε πρὸς θεῶν. ἐνῆσαν μὲν γὰρ αἱ δύο μναῖ,
					ἡ τιμὴ τοῦ οἰκέτου, καὶ οὐ μόνον ὁ Πολύευκτος ἀποθνῄσκων ταύτας ἐνεκεκλήκει,
					ἐνῆσαν δʼ αἱ χίλιαι καὶ ὀκτακόσιαι δραχμαί. ταῦτα δʼ ἀναγνούς, εἰ μὲν αὐτῷ μηδὲν
					προσῆκεν μηδʼ ἀληθῆ τὰ γεγραμμένʼ ἦν, τί δή ποτʼ οὐκ εὐθὺς ἠγανάκτει περὶ αὐτῶν;
					τί δὲ συνεσημαίνετο πάλιν τὰ μηδὲν ὑγιὲς ὄντα μηδʼ ἀληθῆ γράμματα; τουτὶ γὰρ
					οὐδʼ ἂν εἷς δήπου μὴ πᾶσιν ὁμολογῶν τοῖς γεγραμμένοις ποιήσειεν. </p>
			</div>
			<div type="section" n="23">
				<p>ἀλλὰ μήν, ὦ ἄνδρες δικασταί, τοῦτό γε δεινὸν δήπου, εἰ πρὸς τὰ συγκεχωρημένʼ ὑπʼ
					αὐτῶν τούτων ἐξέσται νῦν ἀντιλέγειν, καὶ μηδὲν σημεῖον ὑμῖν ἔσται, διότι πάντες
					ἄνθρωποι πρὸς τὰ μήτʼ ἀληθῆ μήτε δίκαια τῶν ἐγκλημάτων οὐ κατασιωπᾶν, ἀλλὰ
					παραχρῆμʼ ἀμφισβητεῖν εἰώθαμεν, μὴ ποιήσαντες δὲ ταῦτα, ἂν ὕστερον ἀντιδικῶσιν,
					πονηροὶ καὶ συκοφάνται δοκοῦσιν εἶναι. </p>
			</div>
			<div type="section" n="24">
				<p>ταῦτα μὲν τοίνυν Σπουδίας οὐδὲν ἧττον ἐμοῦ γιγνώσκων, ἀλλʼ οἶμαι μὲν καὶ
					ἀκριβέστερον, ὅσῳ καὶ πυκνότερον ἐνταυθοῖ παρέρχεται, πᾶσιν ἐναντία τοῖς
					πεπραγμένοις αὑτῷ λέγων οὐκ αἰσχύνεται. καίτοι πολλάκις ὑμεῖς ἓν μόνον σκευώρημα
					συνιδόντες, τούτῳ κατὰ τῶν ἄλλων τῶν ἐγκαλουμένων ἐχρήσασθε τεκμηρίῳ· τούτῳ δʼ
					ἅπανθʼ ὑφʼ αὑτοῦ συμβέβηκεν ἐξελέγχεσθαι. καί μοι λαβὲ τὴν μαρτυρίαν ὡς
					ὡμολογεῖτο τότε τὰ σημεῖα τῶν γραμμάτων ὑπὸ τῆς τούτου γυναικός, καὶ νῦν ὑπὸ
					Σπουδίου κατασημανθέντα κεῖται.<quote n="*marturi/a"
						><title>Μαρτυρία</title></quote>
				</p>
			</div>
			<div type="section" n="25">
				<p>τούτων τοίνυν οὕτως σαφῶς ἀποδεδειγμένων, ἡγοῦμαι μὲν οὐδὲν ἔτι δεῖν πλείω
					λέγειν· ὁπότε γὰρ καὶ νόμους ἔχω παρέχεσθαι καὶ μάρτυρας ἁπάντων τῶν εἰρημένων,
					καὶ τὸν ἀντίδικον αὐτὸν ὁμολογοῦντά μοι, τί δεῖ μακρῶν ἔτι λόγων; ὅμως δʼ ἂν ἄρα
					περὶ τῆς προικὸς ἀγανακτῇ καὶ φάσκῃ πλεονεκτεῖσθαι ταῖς χιλίαις δραχμαῖς,
					ψεύσεται· οὐδὲν γὰρ ἔχων ἔλαττον ἀμφισβητεῖ πρὸς αὐτάς, ἀλλὰ πλέον, ὡς αὐτίχʼ
					ὑμῖν ἔσται φανερόν. </p>
			</div>
			<div type="section" n="26">
				<p>οὐ μὴν ἀλλʼ εἰ πάντα ταῦθʼ ὡς ἀληθῶς συνέβη, οὐ δήπου δίκαιον ἐμὲ τὴν
					ὁμολογηθεῖσαν προῖκα μὴ λαβεῖν, εἴπερ ὄφελός τι τῶν νόμων ἐστίν, οὐδέ γε τὸν
					Πολύευκτον, εἰ τῶν θυγατέρων ἐβούλετο τῇ μὲν ἐλάττω, τῇ δὲ πλείω προῖκʼ
					ἐπιδοῦναι, διακωλυθῆναι νῦν· σοὶ γὰρ αὐτῷ μὴ λαμβάνειν ἐξῆν, ὦ Σπουδία, μὴ
					προστιθεμένων ὥσπερ ἐμοὶ τῶν χιλιῶν. ἀλλʼ οὐδὲν ἔλαττον εἶχες, ὡς ἐγὼ διδάξω.
					πρῶτον δʼ ἐφʼ οἷς ἐξέδοτο τούτῳ, λαβέ μοι τὴν μαρτυρίαν.<quote n="*marturi/a"
							><title>Μαρτυρία</title></quote>
				</p>
			</div>
			<div type="section" n="27">
				<p>πῶς οὖν οὐδὲν ἔλαττον ἔχει, φήσει τις, εἰ τούτῳ μὲν ἐν ταῖς τετταράκοντα μναῖς
					ἐνετιμᾶτο τὰ χρυσία καὶ τὰ ἱμάτια τῶν χιλιῶν, ἐμοὶ δʼ αἱ δέκα μναῖ χωρὶς
					προσαπεδίδοντο; τοῦτο δὴ καὶ μέλλω λέγειν. ὁ μὲν γὰρ Σπουδίας, ὦ ἄνδρες
					δικασταί, παρὰ τοῦ Λεωκράτους ἔχουσαν τὰ χρυσία καὶ τὰ ἱμάτια τὴν γυναῖκʼ
					ἔλαβεν, ὧν ὁ Πολύευκτος προσαπέτεισεν τῷ Λεωκράτει πλεῖν ἢ χιλίας· ἐγὼ δʼ, ἅπερ
					ἔπεμψέ μοι χωρὶς τῆς προικός, ὅσʼ ἔχω μόνον, πρὸς τὰ τούτῳ δοθέντʼ ἐὰν ἀντιθῇ
					τις, εὑρήσει παραπλήσια, χωρὶς τῶν εἰς τὰς χιλίας ἀποτιμηθέντων. </p>
			</div>
			<div type="section" n="28">
				<p>ὥστʼ εἰκότως ἐν ταῖς τετταράκοντα μναῖς ἐνετιμᾶτο ταῦτα, ἅπερ ἀπετετείκει τῷ
					Λεωκράτει καὶ πλείω τῶν ἐμοὶ δοθέντων ἦν. καί μοι λαβὲ πρῶτον μὲν τὴν ἀπογραφὴν
					ταύτην καὶ λέγʼ αὐτοῖς ἅπερ ἑκάτερος ἡμῶν ἔχει, μετὰ δὲ ταῦτα τὴν τῶν διαιτητῶν
					μαρτυρίαν, ἵνʼ ἴδωσιν ὅτι καὶ πολλῷ πλείω χρήματʼ ἔχει, καὶ περὶ τούτων ὁ
					Λεωκράτης ἐνεκάλει, καὶ κατὰ ταῦτʼ ἔγνωσαν οἱ διαιτηταί. λέγε.<quote
						n="*)apografh/"><title>Ἀπογραφή</title></quote><quote n="*marturi/a"
							><title>Μαρτυρία</title></quote>
				</p>
			</div>
			<div type="section" n="29">
				<p>ἆρʼ οὖν οὐ φανερῶς οὗτος μὲν ἔχει τετταράκοντα μνᾶς πάλαι τὴν προῖκα, ἐγὼ δὲ τὰς
					μὲν τριάκοντα καθάπερ οὗτος, τὰς δὲ χιλίας οὐ μόνον ὕστερον οὐκ ἐκομισάμην, ἀλλὰ
					καὶ νυνὶ κινδυνεύω περὶ αὐτῶν ὡς ἀδίκως ἔχων; διὰ ταῦτα μέντοι Σπουδίας, ὦ
					ἄνδρες δικασταί, τοῖς φίλοις οὐκ ἐβούλετʼ ἐπιτρέψας ἀπαλλαγῆναι τῶν πρὸς ἔμʼ
					ἐγκλημάτων, ὅτι συνέβαινεν αὐτῷ πάντα ταῦτʼ ἐξελέγχεσθαι· πᾶσιν γὰρ τούτοις
					παραγεγενημένοι καὶ σαφῶς εἰδότες οὐκ ἐπέτρεπον αὐτῷ λέγειν ὅ τι τύχοι· παρʼ
					ὑμῖν δʼ οἴεται ψευδόμενος ἐμοῦ τἀληθῆ λέγοντος περιγενήσεσθαι. </p>
			</div>
			<div type="section" n="30">
				<p>καίτοι περὶ ὧν ἐγκαλῶ, πάνθʼ ὑμῖν ἀπέδειξα σαφῶς, ὡς οἷός τʼ ἦν αὐτός. τοὺς δʼ
					εἰδότας οὗτος ἔφευγεν, οὐχ ἡγούμενος εἶναι παραλογίσασθαι. μὴ τοίνυν, ὦ ἄνδρες
					δικασταί, μηδʼ ὑμεῖς ἐπιτρέπετʼ αὐτῷ ψεύδεσθαι καὶ διαβάλλειν, μεμνημένοι τῶν
					εἰρημένων· ἴστε γὰρ πάνθʼ ὡς ἐγένετο, πλὴν εἴ τι παρέλιπον ἐγὼ πρὸς ὀλίγον ὕδωρ
					ἀναγκαζόμενος λέγειν. </p>
			</div>
		</body>
	</text>
</TEI>
