<?xml version="1.0" encoding="UTF-8"?>
<TEI xmlns="http://www.tei-c.org/ns/1.0">
	<teiHeader>

		<fileDesc>

			<titleStmt>
				<title>Answer to Philip's Letter </title>
				<author>Demosthenes</author>
				<sponsor>Perseus Project, Tufts University</sponsor>
				<principal>Gregory Crane</principal>
				<respStmt>
					<resp>Prepared under the supervision of</resp>
					<name>Lisa Cerrato</name>
					<name>William Merrill</name>
					<name>Elli Mylonas</name>
					<name>David Smith</name>
				</respStmt>
				<funder n="org:AnnCPB">The Annenberg CPB/Project</funder>

			</titleStmt>
			<publicationStmt>
				<publisher>Trustees of Tufts University</publisher>
				<pubPlace>Medford, MA</pubPlace>
				<authority>Perseus Project</authority>
			</publicationStmt>





			<sourceDesc>
				<biblStruct>
					<monogr>
						<author>Demosthenes</author>
						<title>Demosthenis.Orationes. ed. S. H. Butcher</title>

						<imprint>
							<publisher>Oxonii.e Typographeo Clarendoniano</publisher>
							<date>1903</date>
						</imprint>
					</monogr>
				</biblStruct>
			</sourceDesc>


		</fileDesc>

		<encodingDesc>

			<refsDecl>
				<refState unit="speech"/>
				<refState unit="section"/>
			</refsDecl>
		</encodingDesc>

		<profileDesc>
			<langUsage>
				<language ident="greek">Greek </language>
				<language ident="en">English </language>
			</langUsage>
		</profileDesc>
		<revisionDesc>
			<!--
<change>
<date>6/2/92</date><respStmt><name>David Smith</name><resp>(n/a)</resp></respStmt><item>added quotedtext tags around verse and un-capitalized some non-proper nouns</item>
</change>
<change><date>July 2014</date>
    <respStmt><name>Stella Dee</name><resp>ed.</resp></respStmt>
    <item>split composite text and converted to unicode</item>
      </change>-->
			<change when="2014-08-01" who="Stella Dee">edited markup</change>
		</revisionDesc>

	</teiHeader>
	<text xml:lang="grc">
		<body>
			<div n="1" type="section">
				<p>ὅτι μέν, ὦ ἄνδρες Ἀθηναῖοι, Φίλιππος οὐκ ἐποιήσατο τὴν εἰρήνην πρὸς ὑμᾶς, ἀλλʼ
					ἀνεβάλετο τὸν πόλεμον, πᾶσιν ὑμῖν φανερὸν γέγονεν· ἐπειδὴ γὰρ Φαρσαλίοις Ἅλον
					παρέδωκε καὶ τὰ περὶ Φωκέας διῳκήσατο καὶ τὴν Θρᾴκην κατεστρέψατο πᾶσαν, αἰτίας
					οὐκ οὔσας πλασάμενος καὶ προφάσεις ἀδίκους ἐξευρὼν τῷ μὲν ἔργῳ πάλαι πολεμεῖ
					πρὸς τὴν πόλιν, τῷ δὲ λόγῳ νῦν ὁμολογεῖ διὰ τῆς ἐπιστολῆς ἧς ἔπεμψεν· </p>
			</div>
			<div n="2" type="section">
				<p>ὅτι δὲ χρὴ μήτʼ ὀρρωδεῖν ὑμᾶς τὴν ἐκείνου δύναμιν μήτʼ ἀγεννῶς ἀντιταχθῆναι πρὸς
					αὐτόν, ἀλλὰ καὶ σώμασι καὶ χρήμασι καὶ ναυσὶ καὶ πᾶσιν ὡς ἁπλῶς εἰπεῖν ἀφειδῶς
					ὁρμῆσαι πρὸς τὸν πόλεμον, ἐγὼ πειράσομαι διδάσκειν. πρῶτον μὲν γὰρ εἰκός, ὦ
					ἄνδρες Ἀθηναῖοι, τοὺς θεοὺς μεγίστους ὑμῖν ὑπάρχειν συμμάχους καὶ βοηθούς, ὧν
					ἐκεῖνος τὰς πίστεις ὑπεριδὼν καὶ τοὺς ὅρκους ὑπερβὰς λέλυκεν ἀδίκως τὴν εἰρήνην·
				</p>
			</div>
			<div n="3" type="section">
				<p>ἔπειθʼ οἷς πρότερον ηὐξήθη, φενακίζων ἀεί τινας καὶ μεγάλʼ ἐπαγγελλόμενος
					εὐεργετήσειν, ταῦτα πάντα διεξελήλυθεν ἤδη, καὶ γιγνώσκεται μὲν ὑπὸ τῶν
					Περινθίων καὶ Βυζαντίων καὶ τῶν ἐκείνοις συμμαχούντων ὡς ἐπιθυμεῖ προσενεχθῆναι
					τούτοις τὸν αὐτὸν τρόπον ὅνπερ Ὀλυνθίοις πρότερον, </p>
			</div>
			<div n="4" type="section">
				<p>οὐκ ἀγνοεῖται δʼ ὑπὸ Θετταλῶν δεσπόζειν, ἀλλʼ οὐχ ἡγεῖσθαι τῶν συμμάχων
					προαιρούμενος, ὑποπτεύεται δʼ ὑπὸ Θηβαίων Νίκαιαν μὲν φρουρᾷ κατέχων, εἰς δὲ τὴν
					ἀμφικτυονίαν εἰσδεδυκώς, τὰς δὲ πρεσβείας τὰς ἐκ Πελοποννήσου πρὸς αὑτὸν ἄγων
					καὶ τὴν ἐκείνων συμμαχίαν παραιρούμενος· ὥστε τῶν αὐτῷ πρὸ τοῦ φίλων ὄντων τοὺς
					μὲν νῦν πολεμεῖν ἀκαταλλάκτως, τοὺς δὲ μηκέτι προθύμους εἶναι συναγωνιστάς,
					ἅπαντας δʼ ὑφορᾶσθαι καὶ διαβεβλῆσθαι πρὸς αὐτόν. </p>
			</div>
			<div n="5" type="section">
				<p>ἔτι τοίνυν (οὐδὲ γὰρ τοῦτʼ ἔστι μικρόν) οἱ κατὰ τὴν Ἀσίαν σατράπαι καθεστῶτες
					ἔναγχος μὲν ξένους <del>μισθοφόρους</del> εἰσπέμψαντες ἐκώλυσαν ἐκπολιορκηθῆναι
					Πέρινθον, νῦν δὲ τῆς ἔχθρας αὐτοῖς ἐνεστώσης καὶ τοῦ κινδύνου πλησίον ὄντος, εἰ
					χειρωθήσεται Βυζάντιον, </p>
			</div>
			<div n="6" type="section">
				<p>οὐ μόνον αὐτοὶ προθύμως συμπολεμήσουσιν, ἀλλὰ καὶ βασιλέα <del>Περσῶν</del>
					χρήματα χορηγεῖν ἡμῖν προτρέψονται, ὃς τοσοῦτον μὲν κέκτηται πλοῦτον ὅσον οὐδʼ
					οἱ λοιποὶ πάντες, τηλικαύτην δʼ ἔχει ῥώμην πρὸς τὰς ἐνθάδε πράξεις ὥστε καὶ
					πρότερον, ἡνίκα Λακεδαιμονίοις ἐπολεμοῦμεν, ὁποτέροις πρόσθοιτο, τούτους ἐποίει
					κρατεῖν τῶν ἑτέρων, καὶ νῦν μεθʼ ἡμῶν γενόμενος ῥᾳδίως καταπολεμήσει τὴν
					Φιλίππου δύναμιν. </p>
			</div>
			<div n="7" type="section">
				<p>πρὸς τοίνυν τούτοις τηλικούτοις οὖσιν, οὐκ ἐρῶ μὲν ὡς οὐ διὰ τὴν εἰρήνην πολλὰ
					προείληφεν ἡμῶν χωρία καὶ λιμένας καὶ τοιαῦθʼ ἕτερα χρήσιμα πρὸς πόλεμον, ὁρῶ δʼ
					ὡς ὅταν μὲν ὑπʼ εὐνοίας τὰ πράγματα συνέχηται καὶ πᾶσι ταὐτὰ συμφέρῃ τοῖς
					μετέχουσι τῶν πολέμων, μένει τὰ συσταθέντα βεβαίως· ὅταν δʼ ἐξ ἐπιβουλῆς καὶ
					πλεονεξίας ἀπάτῃ καὶ βίᾳ κατέχηται, καθάπερ ὑπὸ τούτου νῦν, μικρὰ πρόφασις καὶ
					τὸ τυχὸν πταῖσμα ταχέως αὐτὰ διέσεισε καὶ κατέλυσεν. </p>
			</div>
			<div n="8" type="section">
				<p>καὶ πολλάκις εὑρίσκω λογιζόμενος οὐ μόνον, ὦ ἄνδρες Ἀθηναῖοι, τὰ συμμαχικὰ τῷ
					Φιλίππῳ πρὸς ὑποψίαν ἥκοντα καὶ δυσμένειαν, ἀλλὰ καὶ τὰ τῆς ἰδίας ἀρχῆς οὐ
					συνηρμοσμένα καλῶς οὐδʼ οἰκείως οὐδʼ ὡς οἴεταί τις. ὅλως μὲν γὰρ ἡ Μακεδονικὴ
					δύναμις ἐν μὲν προσθήκης μέρει ῥοπὴν ἔχει τινὰ καὶ χρῆσιν, αὐτὴ δὲ καθʼ αὑτὴν
					ἀσθενής ἐστι καὶ πρὸς τηλικοῦτον ὄγκον πραγμάτων εὐκαταφρόνητος. </p>
			</div>
			<div n="9" type="section">
				<p>ἔτι δʼ αὐτὴν οὗτος τοῖς πολέμοις καὶ ταῖς στρατείαις καὶ πᾶσιν οἷς ἄν τις αὐτὸν
					μέγαν εἶναι νομίσειε, σφαλερωτέραν αὑτῷ πεποίηκεν. μὴ γὰρ οἴεσθʼ, ὦ ἄνδρες
					Ἀθηναῖοι, τοῖς αὐτοῖς χαίρειν Φίλιππόν τε καὶ τοὺς ἀρχομένους, ἀλλʼ ἐννοεῖσθʼ ὡς
					ὁ μὲν ἐπιθυμεῖ δόξης, οἱ δʼ ἀσφαλείας, καὶ αὐτῷ μὲν οὐκ ἔστι τυχεῖν ταύτης
					ἀκινδύνως, οἱ δʼ οὐδὲν δέονται, καταλείποντες οἴκοι τέκνα, γονεῖς, γυναῖκας,
					φθείρεσθαι καὶ καθʼ ἑκάστην ἡμέραν κινδυνεύειν ὑπὲρ αὐτοῦ. </p>
			</div>
			<div n="10" type="section">
				<p>ὥστε τοὺς μὲν πολλοὺς τῶν Μακεδόνων ἐκ τούτων ἄν τις ἴδοι πῶς διάκεινται πρὸς τὸν
					Φίλιππον· τοὺς δὲ περὶ αὐτὸν ὄντας ἑταίρους καὶ τοὺς τῶν ξένων ἡγεμόνας εὑρήσετε
					δόξαν μὲν ἔχοντας ἐπʼ ἀνδρείᾳ, περιδεῶς δὲ μᾶλλον τῶν ἀδόξων ζῶντας. τοῖς μὲν
					γὰρ ὁ πρὸς τοὺς πολεμίους μόνον ὑπάρχει κίνδυνος, οἱ δὲ τοὺς κόλακας καὶ τοὺς
					διαβάλλοντας αὐτοὺς μᾶλλον ἢ τὰς μάχας δεδίασι· </p>
			</div>
			<div n="11" type="section">
				<p>κἀκεῖνοι μὲν μετὰ πάντων ἀγωνίζονται πρὸς τοὺς ἀντιταχθέντας, τοῖς δὲ καὶ τῶν ἐν
					τοῖς πολέμοις κακῶν οὐκ ἐλάχιστον μέρος μέτεστιν, καὶ χωρὶς ἰδίᾳ τὸν τρόπον τὸν
					τοῦ βασιλέως φοβεῖσθαι συμβέβηκεν. ἔτι δὲ τῶν μὲν πολλῶν ἐὰν ἁμάρτῃ τις, ζημίας
					κατὰ τὴν ἀξίαν εἴληφεν· οἱ δʼ ὅταν μάλιστα κατορθώσωσι, τότε μάλιστα
					σκορακίζονται καὶ προπηλακίζονται παρὰ τὸ προσῆκον. </p>
			</div>
			<div n="12" type="section">
				<p>καὶ τούτοις οὐδʼ ἂν εἷς εὖ φρονῶν ἀπιστήσειεν· οὕτω γὰρ φιλότιμον αὐτὸν εἶναί
					φασιν οἱ συνδιατρίψαντες ὥστε βουλόμενον τὰ κάλλιστα τῶν ἔργων πάνθʼ αὑτοῦ
					δοκεῖν εἶναι μᾶλλον ἄχθεσθαι τῶν στρατηγῶν καὶ τῶν ἡγεμόνων τοῖς ἄξιον ἐπαίνου
					τι πράξασιν ἢ τοῖς ὅλως ἀποτυχοῦσι. </p>
			</div>
			<div n="13" type="section">
				<p>πῶς οὖν, εἴπερ ἐστὶ ταῦτα τοιαῦτα, πιστῶς ἤδη πολὺν χρόνον αὐτῷ παραμένουσιν; ὅτι
					νῦν μέν, ὦ ἄνδρες Ἀθηναῖοι, τὸ κατορθοῦν αὐτὸν ἐπισκοτεῖ πᾶσι τοῖς τοιούτοις· αἱ
					γὰρ εὐπραξίαι δειναὶ συγκρύψαι καὶ συσκιάσαι τὰς ἁμαρτίας τῶν ἀνθρώπων εἰσίν· εἰ
					δέ τι πταίσει, τότʼ ἀκριβῶς διακαλυφθήσεται ταῦτα πάντα. συμβαίνει γάρ, ὥσπερ ἐν
					τοῖς σώμασιν ἡμῶν· </p>
			</div>
			<div n="14" type="section">
				<p>ὅταν μὲν ἐρρωμένος ᾖ τις, οὐδὲν ἐπαισθάνεται τῶν καθʼ ἕκαστα σαθρῶν, ἐπὰν δʼ
					ἀρρωστήσῃ, πάντα κινεῖται, κἂν ῥῆγμα κἂν στρέμμα κἂν ἄλλο τι τῶν ὑπαρχόντων ᾖ μὴ
					τελέως ὑγιεινόν· οὕτω καὶ τῶν βασιλειῶν καὶ ἁπασῶν τῶν δυναστειῶν, ἕως μὲν ἂν ἐν
					τοῖς πολέμοις κατορθῶσιν, ἀφανῆ τὰ κακά ἐστι τοῖς πολλοῖς, ἐπὰν δέ τι πταίσωσιν,
					ὃ νῦν παθεῖν εἰκὸς ἐκεῖνον μεῖζον φορτίον ἢ καθʼ αὑτὸν αἰρόμενον, γίγνεται
					φανερὰ τὰ δυσχερῆ πάντα τοῖς ἅπασιν. </p>
			</div>
			<div n="15" type="section">
				<p>εἰ δέ τις ὑμῶν, ὦ ἄνδρες Ἀθηναῖοι, τὸν Φίλιππον ὁρῶν εὐτυχοῦντα φοβερὸν εἶναι
					νομίζει καὶ δυσπολέμητον, σώφρονος μὲν ἀνδρὸς χρῆται προνοίᾳ· μεγάλη γὰρ ῥοπή,
					μᾶλλον δὲ τὸ ὅλον ἡ τύχη ἐστὶ πρὸς ἅπαντα τὰ τῶν ἀνθρώπων πράγματα· κατὰ πολλοὺς
					μέντοι τρόπους ἕλοιτʼ ἄν τις οὐχ ἧττον τὴν ἡμετέραν εὐτυχίαν ἢ τὴν ἐκείνου. </p>
			</div>
			<div n="16" type="section">
				<p>παρά τε γὰρ τῶν προγόνων ἐκ πλείονος χρόνου παρειλήφαμεν τὴν εὐδαιμονίαν οὐ
					τούτου μόνον, ἀλλὰ συνελόντι φράσαι πάντων τῶν ἐν Μακεδονίᾳ βασιλευσάντων·
					κἀκεῖνοι μὲν Ἀθηναίοις φόρους ἤνεγκαν, ἡ δʼ ἡμετέρα πόλις οὐδενί πω τῶν ἁπάντων.
					ἔτι δὲ τοσούτῳ πλείους ἀφορμὰς αὐτοῦ πρὸς τὴν τῶν θεῶν εὔνοιαν ἔχομεν, ὅσῳ
					διατελοῦμεν εὐσεβέστερα καὶ δικαιότερα πράττοντες. </p>
			</div>
			<div n="17" type="section">
				<p>τί ποτʼ οὖν ἐκεῖνος ἐν τῷ προτέρῳ πολέμῳ πλείω κατώρθωσεν ἡμῶν; ὅτι, ὦ ἄνδρες
					Ἀθηναῖοι, (παρρησιάσομαι γὰρ πρὸς ὑμᾶς) ὁ μὲν αὐτὸς στρατεύεται καὶ ταλαιπωρεῖ
					καὶ τοῖς κινδύνοις πάρεστιν, οὔτε καιρὸν παριεὶς οὔθʼ ὥραν ἔτους παραλείπων
					οὐδεμίαν, ἡμεῖς δὲ (εἰρήσεται γὰρ τἀληθῆ) οὐδὲν ποιοῦντες ἐνθάδε καθήμεθα,
					μέλλοντες ἀεὶ καὶ ψηφιζόμενοι καὶ πυνθανόμενοι κατὰ τὴν ἀγορὰν εἴ τι λέγεται
					νεώτερον. καίτοι τί γένοιτʼ ἂν νεώτερον ἢ Μακεδὼν ἀνὴρ καταφρονῶν Ἀθηναίων καὶ
					τολμῶν ἐπιστολὰς πέμπειν τοιαύτας οἵας ἠκούσατε μικρῷ πρότερον; </p>
			</div>
			<div n="18" type="section">
				<p>καὶ τῷ μὲν ὑπάρχουσι μισθοφόροι στρατιῶται, καὶ νὴ Δία πρὸς τούτοις τῶν παρʼ ἡμῖν
					ῥητόρων τινές, οἳ τὰς παρʼ ἐκείνου δωρεὰς οἴκαδε λαμβάνειν νομίζοντες οὐκ
					αἰσχύνονται Φιλίππῳ ζῶντες, οὐδʼ αἰσθάνονται πάντα καὶ τὰ τῆς πόλεως καὶ τὰ σφῶν
					αὐτῶν μικροῦ λήμματος πωλοῦντες. ἡμεῖς δʼ οὔτε τῶν ἐκείνου πραγμάτων οὐδὲν
					στασιάζειν παρασκευάζομεν, οὔτε ξενοτροφεῖν ἐθέλομεν, οὔτε στρατεύεσθαι
					τολμῶμεν. </p>
			</div>
			<div n="19" type="section">
				<p>οὔκουν ἐστὶν οὐδὲν δεινόν, εἴ τι πεπλεονέκτηκεν ἡμῶν κατὰ τὸν πρότερον πόλεμον,
					ἀλλὰ μᾶλλον εἰ μηδὲν ποιοῦντες ἡμεῖς ὧν προσήκει τοὺς πολεμοῦντας, νομίζομεν
					κρατήσειν τοῦ πάντα πράττοντος· ἃ δεῖ τοὺς πλεονεκτήσειν μέλλοντας. </p>
			</div>
			<div n="20" type="section">
				<p>ὧν, ὦ ἄνδρες Ἀθηναῖοι, χρὴ λαβόντας ἔννοιαν, καὶ λογισαμένους ὡς οὐδʼ ἐφʼ ἡμῖν
					ἐστι τὸ φάσκειν ἄγειν εἰρήνην (ἤδη γὰρ ἐκεῖνος καὶ προηγόρευκε τὸν πόλεμον καὶ
					τοῖς ἔργοις ἐξενήνοχε) μηδενὸς μὲν φείδεσθαι μήτε τῶν δημοσίων μήτε τῶν ἰδίων,
					στρατεύεσθαι δέ, ἄν που καιρὸς ᾖ, προθύμως ἅπαντας, χρῆσθαι δὲ στρατηγοῖς
					ἀμείνοσιν ἢ πρότερον. </p>
			</div>
			<div n="21" type="section">
				<p>μὴ γὰρ ὑπολάβῃ τις ὑμῶν, διʼ ὧν ἐγένετο τὰ πράγματα χείρω τὰ τῆς πόλεως, διὰ
					τούτων αὐτὰ πάλιν ἀναλήψεσθαι καὶ γενήσεσθαι βελτίω· μηδὲ νομίσητε ῥᾳθυμούντων
					ὑμῶν, ὥσπερ πρότερον, ἑτέρους ὑπὲρ τῶν ὑμετέρων ἀγωνιεῖσθαι προθύμως· ἀλλʼ
					ἐννοεῖσθʼ ὡς αἰσχρόν ἐστι τοὺς μὲν πατέρας ὑμῶν πολλοὺς πόνους καὶ μεγάλους
					κινδύνους ὑποστῆναι Λακεδαιμονίοις πολεμοῦντας, </p>
			</div>
			<div n="22" type="section">
				<p>ὑμᾶς δὲ μηδʼ ὑπὲρ ὧν ἐκεῖνοι δικαίως κτησάμενοι παρέδοσαν ὑμῖν ἐθέλειν ἐρρωμένως
					ἀμύνεσθαι, ἀλλὰ τὸν μὲν ἐκ Μακεδονίας ὁρμώμενον οὕτως εἶναι φιλοκίνδυνον ὥσθʼ
					ὑπὲρ τοῦ μείζω ποιῆσαι τὴν ἀρχὴν κατατετρῶσθαι πᾶν τὸ σῶμα τοῖς πολεμίοις
					μαχόμενον, Ἀθηναίους δέ, οἷς πάτριόν ἐστι μηδενὸς ἀκούειν, ἁπάντων δὲ κρατεῖν ἐν
					τοῖς πολέμοις, τούτους διὰ ῥᾳθυμίαν ἢ μαλακίαν ἐγκαταλείπειν τά τε τῶν προγόνων
					ἔργα καὶ τὰ συμφέροντα τῆς πατρίδος. </p>
			</div>
			<div n="23" type="section">
				<p>ἵνα δὲ μὴ μακρολογῶ, φημὶ χρῆναι παρεσκευάσθαι μὲν πρὸς τὸν πόλεμον, παρακαλεῖν
					δὲ τοὺς Ἕλληνας, μὴ λόγοις, ἀλλὰ τοῖς ἔργοις πρὸς τὴν παρʼ ἡμῶν συμμαχίαν· ὡς
					ἅπας μέν ἐστι λόγος μάταιος πράξεων ἄμοιρος γενόμενος, τοσούτῳ δὲ μάλισθʼ ὁ παρὰ
					τῆς ἡμετέρας πόλεως, ὅσῳ δοκοῦμεν αὐτῷ προχειρότατα χρῆσθαι τῶν ἄλλων
					Ἑλλήνων.</p>
			</div>
		</body>
	</text>
</TEI>
