<?xml version="1.0" encoding="UTF-8"?>
<TEI xmlns="http://www.tei-c.org/ns/1.0">
	<teiHeader>

		<fileDesc>

			<titleStmt>
				<title>On The Trierarchic Crown </title>
				<author>Demosthenes</author>
				<sponsor>Perseus Project, Tufts University</sponsor>
				<principal>Gregory Crane</principal>
				<respStmt>
					<resp>Prepared under the supervision of</resp>
					<name>Lisa Cerrato</name>
					<name>William Merrill</name>
					<name>Elli Mylonas</name>
					<name>David Smith</name>
				</respStmt>
				<funder n="org:AnnCPB">The Annenberg CPB/Project</funder>

			</titleStmt>
			<publicationStmt>
				<publisher>Trustees of Tufts University</publisher>
				<pubPlace>Medford, MA</pubPlace>
				<authority>Perseus Project</authority>
			</publicationStmt>





			<sourceDesc>
				<biblStruct>
					<monogr>
						<author>Demosthenes</author>
						<title>Demosthenis.Orationes. ed. W. Rennie</title>

						<imprint>
							<publisher>Oxonii.e Typographeo Clarendoniano</publisher>
							<date>1931</date>
						</imprint>
					</monogr>
				</biblStruct>
			</sourceDesc>


		</fileDesc>

		<encodingDesc>

			<refsDecl>
				<refState unit="speech"/>
				<refState unit="section"/>
			</refsDecl>
		</encodingDesc>

		<profileDesc>
			<langUsage>
				<language ident="greek">Greek </language>
				<language ident="en">English </language>
			</langUsage>
		</profileDesc>
		<revisionDesc>
			<!--
<change><date>6/2/92</date><respStmt><name>David Smith</name><resp>(n/a)</resp></respStmt><item>inserted quotedtext tag around verse</item>
</change>
<change><date>July 2014</date>
    <respStmt><name>Stella Dee</name><resp>ed.</resp></respStmt>
    <item>split composite text and converted to unicode</item>
      </change>-->
			<change when="2014-08-01" who="Stella Dee">edited markup</change>
		</revisionDesc>

	</teiHeader>
	<text xml:lang="grc">
		<body>

			<div type="section" n="1">
				<p>εἰ μὲν ὅτῳ πλεῖστοι συνείποιεν, ὦ βουλή, τὸ ψήφισμʼ ἐκέλευε δοῦναι τὸν στέφανον,
					κἂν ἀνόητος ἦν εἰ λαβεῖν αὐτὸν ἠξίουν, Κηφισοδότου μόνου μοι συνειρηκότος,
					τούτοις δὲ παμπόλλων. νῦν δὲ τῷ πρώτῳ παρασκευάσαντι τὴν τριήρη τὸν ταμίαν
					προσέταξεν ὁ δῆμος δοῦναι, πεποίηκα δὲ τοῦτʼ ἐγώ· διό φημι δεῖν αὐτὸς
					στεφανοῦσθαι. </p>
			</div>
			<div type="section" n="2">
				<p>θαυμάζω δὲ καὶ τούτων, ὅτι τῆς τριήρους ἀμελήσαντες τοὺς ῥήτορας παρεσκεύασαν,
					καὶ δοκοῦσί μοι παντὸς διημαρτηκέναι τοῦ πράγματος, καὶ νομίζειν οὐχὶ τοῖς
					ποιοῦσιν ἃ δεῖ χάριν ὑμᾶς ἔχειν, ἀλλὰ τοῖς φάσκουσιν, οὐ τὸν αὐτὸν τρόπον
					ἐγνωκότες ὅνπερ ἐγὼ περὶ ὑμῶν. καὶ κατʼ αὐτὸ δὴ τοῦτο δικαίως ἂν ἔχοιτʼ
					εὐνοϊκωτέρως ἐμοί· φαίνομαι γὰρ βελτίους ὑμᾶς ὑπολαμβάνων ἢ οὗτοι.,</p>
			</div>
			<div type="section" n="3">
				<p>ἐχρῆν μὲν οὖν, ὦ ἄνδρες Ἀθηναῖοι, καὶ δίκαιον ἦν τοὺς τὸν στέφανον οἰομένους δεῖν
					παρʼ ὑμῶν λαβεῖν αὑτοὺς ἀξίους ἐπιδεικνύναι τούτου, μὴ ἐμὲ κακῶς λέγειν. ἐπειδὴ
					δὲ τοῦτο παρέντες ἐκεῖνο ποιοῦσιν, ἀμφότερʼ αὐτοὺς ἐπιδείξω ψευδομένους, ἅ θʼ
					αὑτοὺς ἐνεκωμίασαν καὶ ὅσʼ εἰς ἡμᾶς ἐβλασφήμησαν, ἐξ αὐτῶν τῶν πεπραγμένων
					ἑκατέροις. </p>
			</div>
			<div type="section" n="4">
				<p>ψήφισμα γὰρ ὑμῶν ποιησαμένων, ὃς ἂν μὴ πρὸ τῆς ἕνης καὶ νέας ἐπὶ χῶμα τὴν ναῦν
					περιορμίσῃ, δῆσαι καὶ δικαστηρίῳ παραδοῦναι, καὶ ταῦτα κυρωσάντων, ἐγὼ μὲν
					περιώρμισα καὶ στέφανον διὰ ταῦτα παρʼ ὑμῶν ἔλαβον, οὗτοι δʼ οὐδὲ καθείλκυσαν,
					ὥστʼ ἔνοχοι δεσμῷ γεγόνασιν. πῶς οὖν οὐκ ἀτοπώτατον ἂν διαπράξαισθʼ ἔργον, εἰ
					τοὺς καθʼ ἑαυτῶν ἐάσαντας τίμημα τοιοῦτον ἐπαχθῆναι, τούτους στεφανώσαντες ὑμεῖς
					φαίνοισθε; </p>
			</div>
			<div type="section" n="5">
				<p>τὰ σκεύη τοίνυν, ὅσα δεῖ παρέχειν τὴν πόλιν τοῖς τριηράρχοις, ἐγὼ μὲν ἐκ τῶν
					ἰδίων ἀνήλωσα καὶ τῶν δημοσίων ἔλαβον οὐδέν, οὗτοι δʼ ὑμετέροις κέχρηνται καὶ
					τῶν σφετέρων οὐδὲν εἰς ταῦτα προεῖνται. καὶ μὴν οὐδʼ ἂν ἐκεῖνό γʼ ἔχοιεν εἰπεῖν,
					ὡς ἀνεπειρῶντʼ ἐμοῦ πρότεροι· πρὶν γὰρ ἧφθαι μόνον τῆς τριήρους τούτους
					ἐπεπλήρωτό μοι, καὶ πάντες ἑωρᾶθʼ ὑμεῖς ἀναπειρωμένην τὴν ναῦν. </p>
			</div>
			<div type="section" n="6">
				<p>ἔτι τοίνυν ὑπηρεσίαν τὴν κρατίστην ἔλαβον, πολλῷ πλεῖστον ἀργύριον δούς. οὗτοι δʼ
					εἰ μὲν εἶχον χείρονʼ ἡμῶν, οὐδὲν ἂν ἦν δεινόν· νῦν δʼ οὐδʼ ὁποιαντινοῦν
					μεμίσθωνται, περὶ τοῦ πλείονος ἀντιλέγοντες. καίτοι πῶς εἰσιν δίκαιοι ταῦτα μὲν
					ὕστερον ἐξαναπληροῦν, νῦν δʼ ὡς πρῶτοι παρασκευασάμενοι τὸν στέφανον λαβεῖν;
				</p>
			</div>
			<div type="section" n="7">
				<p>ἡγοῦμαι τοίνυν, ὅτι μὲν δικαιότατʼ ἂν στεφανώσαιτʼ ἐμέ, καὶ μηδὲν εἰπόντος ἐμοῦ
					γιγνώσκειν ὑμᾶς· ὅτι δʼ οὐκ ἔνεστι μόνοις τούτοις περὶ τοῦ στεφάνου λόγος, τοῦτʼ
					ἐπιδεῖξαι βούλομαι. πόθεν οὖν τοῦτο μάλιστʼ ἔσται δῆλον; ἀφʼ ὧν αὐτοὶ
					πεποιήκασιν· σκεψάμενοι γὰρ τὸν ἐξ ἐλαχίστου τριηραρχεῖν βουλόμενον, μεμισθώκασι
					τὴν λῃτουργίαν. καίτοι πῶς οὐκ ἄδικον τῶν μὲν ἀναλωμάτων ἀφεστηκέναι, τῶν δὲ
					γιγνομένων διʼ ἐκεῖνα τιμῶν ἀξιοῦν αὑτοῖς μετεῖναι; καὶ τοῦ μὲν μὴ περιορμίσαι
					τὴν ναῦν τότε τὸν μεμισθωμένον αἰτιᾶσθαι, τῶν δὲ καλῶς δεδιακονημένων νῦν αὑτοῖς
					κελεύειν χάριν ὑμᾶς ἔχειν; </p>
			</div>
			<div type="section" n="8">
				<p>δεῖ τοίνυν ὑμᾶς, ὦ ἄνδρες Ἀθηναῖοι, μὴ μόνον ἐκ τούτων σκοπεῖν τὸ δίκαιον, ἀλλὰ
					καὶ ἐξ ὧν αὐτοὶ πρότερον πεποιήκατε ταὐτὰ τινῶν διαπραξαμένων τούτοις. ὅτε γὰρ
					τῇ ναυμαχίᾳ τῇ πρὸς Ἀλέξανδρον ἐνικήθητε, τότε τῶν τριηράρχων τοὺς μεμισθωκότας
					τὰς τριηραρχίας αἰτιωτάτους τοῦ γεγενημένου νομίζοντες παρεδώκατʼ εἰς τὸ
					δεσμωτήριον, καταχειροτονήσαντες προδεδωκέναι τὰς ναῦς καὶ λελοιπέναι τὴν τάξιν.
				</p>
			</div>
			<div type="section" n="9">
				<p>καὶ κατηγόρει μὲν Ἀριστοφῶν, ἐδικάζετε δʼ ὑμεῖς· εἰ δὲ μὴ μετριωτέραν ἔσχετε τὴν
					ὀργὴν τῆς ἐκείνων πονηρίας, οὐδὲν αὐτοὺς ἐκώλυε τεθνάναι. ταὐτὰ τοίνυν εἰδότες
					οὗτοι πεπραγμένʼ αὑτοῖς καὶ ἐκείνοις, οὐχὶ φρίττουσιν ἐν ὑμῖν ὑπὲρ ὧν προσήκει
					παθεῖν αὐτούς, ἀλλὰ δημηγοροῦσι κατʼ ἄλλων καὶ στεφανοῦν κελεύουσιν αὑτούς.
					καίτοι σκέψασθε τίνʼ ἄν ποτε δόξαιτε βεβουλεῦσθαι τρόπον, εἰ διὰ τὴν αὐτὴν
					πρόφασιν τοὺς μὲν θανάτου κρίναντες, τοὺς δὲ στεφανώσαντες φανείητε. </p>
			</div>
			<div type="section" n="10">
				<p>καὶ μὴν οὐ μόνον εἰ τοῦτο ποιήσαιτε, δοκεῖτʼ ἂν ἁμαρτεῖν, ἀλλʼ εἰ μὴ καὶ
					κολάσαιτε τοὺς τὰ τοιαῦτα ποιοῦντας, ἔχοντες. οὐ γὰρ ἐπειδὰν ἐάσητέ τι τῶν
					ὑμετέρων ἀπολέσθαι, τότε χρὴ χαλεπαίνειν, ἀλλʼ ἐν ᾧ τὰ μὲν ὑμέτερʼ ἐστὶν σᾶ,
					καθορᾶτε δὲ τοὺς ἐφεστηκότας διʼ αἰσχροκερδίαν οὐχὶ προσήκουσαν πρόνοιαν περὶ
					σωτηρίας αὐτῶν ποιουμένους. καὶ μηδεὶς ὑμῶν ἐπιτιμήσῃ τῷ λόγῳ, πικρὸν εἶναι
					νομίσας, ἀλλὰ τοῖς τὸ ἔργον αὐτὸ πεποιηκόσιν· διὰ γὰρ τούτους τοιοῦτός ἐστιν.
				</p>
			</div>
			<div type="section" n="11">
				<p>θαυμάζω δʼ ἔγωγε, τί δή ποτε τῶν μὲν ναυτῶν τοὺς ἀπολειπομένους, ὧν τριάκοντα
					δραχμὰς ἕκαστος ἔχει μόνας, δοῦσι καὶ κολάζουσιν οὗτοι· τῶν δὲ τριηράρχων τοὺς
					μὴ συμπλέοντας, ὧν τριάκοντα μνᾶς εἰς ἔκπλουν εἴληφεν ἕκαστος, οὐ ταὐτὰ ποιεῖθʼ
					ὑμεῖς· ἀλλʼ ἐὰν μὲν πένης ὤν τις διʼ ἔνδειαν ἁμάρτῃ, τοῖς ἐσχάτοις ἐπιτιμίοις
					ἐνέξεται, ἐὰν δὲ πλούσιος ὢν διʼ αἰσχροκερδίαν ταὐτὰ ποιήσῃ, συγγνώμης τεύξεται;
					καὶ ποῦ τὸ πάντας ἔχειν ἴσον καὶ δημοκρατεῖσθαι φαίνεται, τοῦτον τὸν τρόπον ὑμῶν
					ταῦτα βραβευόντων; </p>
			</div>
			<div type="section" n="12">
				<p>ἔτι τοίνυν ἔμοιγε δοκεῖ κἀκεῖνʼ ἀλόγως ἔχειν, τὸν μὲν εἰπόντα τι μὴ κατὰ τοὺς
					νόμους, ἐὰν ἁλῷ τὸ τρίτον, μέρος ἠτιμῶσθαι τοῦ σώματος, τοὺς δὲ μὴ λόγον, ἀλλʼ
					ἔργον παράνομον πεποιηκότας μηδεμίαν δοῦναι δίκην. καὶ μήν, ὦ ἄνδρες Ἀθηναῖοι,
					πάντες ὑμεῖς φήσετε τὸ πρὸς τὰ τοιαῦτα πράως ἔχειν προδιδάσκειν ἑτέρους ἀδικεῖν
					εἶναι. </p>
			</div>
			<div type="section" n="13">
				<p>βούλομαι τοίνυν, ἐπειδήπερ παρῆλθον, καὶ τὰ συμβαίνοντʼ ἀπὸ τῶν τοιούτων ὑμῖν
					διεξελθεῖν. ἐπειδὰν γάρ τις μισθωσάμενος τριηραρχίαν ἐκπλεύσῃ, πάντας ἀνθρώπους
					ἄγει καὶ φέρει, καὶ τὰς μὲν ὠφελίας ἰδίᾳ καρποῦται, τὰς δὲ δίκας τούτων ὁ τυχὼν
					δίδωσιν ὑμῶν, καὶ μόνοις ὑμῖν οὐδαμόσε ἔστιν ἄνευ κηρυκείου βαδίσαι διὰ τὰς ὑπὸ
					τούτων ἀνδροληψίας καὶ σύλας κατεσκευασμένας· </p>
			</div>
			<div type="section" n="14">
				<p>ὥστε τῇ γʼ ἀληθείᾳ σκοπῶν ἄν τις εὕροι τὰς τοιαύτας τριήρεις οὐχ ὑπὲρ ὑμῶν, ἀλλὰ
					καθʼ ὑμῶν ἐκπεπλευκυίας. τὸν γὰρ ὑπὲρ τῆς πόλεως τριήραρχον οὐκ ἀπὸ τῶν κοινῶν
					προσδοκᾶν χρὴ πλουτήσειν, ἀλλʼ ἀπὸ τῶν ἰδίων τὰ τῆς πόλεως ἐπανορθώσειν, εἴπερ
					ἔσται τι τῶν δεόντων ὑμῖν. τούτων δὲ τἀναντίʼ ἕκαστος ἐγνωκὼς ἐκπλεῖ· καὶ γάρ
					τοι τὰ τῶν αὑτῶν τρόπων ἁμαρτήματα ταῖς ὑμετέραις βλάβαις ἐπανορθοῦνται. </p>
			</div>
			<div type="section" n="15">
				<p>καὶ τούτων οὐδέν ἐστιν ἄλογον. δεδώκατε γὰρ τοῖς βουλομένοις ἀδικεῖν, ἂν μὲν
					λάθωσιν, ἔχειν, ἐὰν δὲ ληφθῶσι, συγγνώμης τυχεῖν· τοῖς οὖν ἠμεληκόσι δόξης ἄδεια
					ποιεῖν ὅ τι ἂν βούλωνται γέγονεν. τῶν μὲν τοίνυν ἰδιωτῶν τοὺς μετὰ τοῦ παθεῖν
					μανθάνοντας ἀπροσκέπτους ὀνομάζομεν· ὑμᾶς δέ, οἵτινες οὐδὲ πεπονθότες πολλάκις
					ἤδη φυλάττεσθε, τί τις καλέσειεν ἄν; </p>
			</div>
			<div type="section" n="16">
				<p>ἄξιον τοίνυν καὶ περὶ τῶν συνειρηκότων εἰπεῖν. οὕτως γὰρ ἡγοῦνταί τινες ἐξουσίαν
					εἶναι σφίσιν καὶ ποιεῖν ὅ τι βούλονται καὶ λέγειν παρʼ ὑμῖν, ὥστε τῶν τότε
					συγκατηγορούντων μετʼ Ἀριστοφῶντος καὶ πικρῶν ὄντων τοῖς μεμισθωκόσι τὰς
					τριηραρχίας νῦν κελεύουσί τινες τούτους στεφανῶσαι, καὶ δυοῖν θάτερον
					ἐξελέγχουσιν αὑτούς, ἢ τότʼ ἐκείνους ἀδίκως συκοφαντοῦντες, ἢ νῦν τοῖσδʼ ἐπὶ
					μισθῷ συνηγοροῦντες. </p>
			</div>
			<div type="section" n="17">
				<p>καὶ χαρίσασθαι κελεύουσιν ὑμᾶς, ὥσπερ περὶ δωρεᾶς, ἀλλʼ οὐ περὶ νικητηρίων τῶν
					λόγων ὄντων, ἢ καὶ χάριν τιθεμένων διὰ τῶν τοιούτων τοῖς ἀμελοῦσιν ὑμῶν, ἀλλʼ οὐ
					διὰ τῶν βελτιόνων τοῖς ὑπηρετοῦσιν ἃ δεῖ χαρίζεσθαι προσῆκον. ἔπειθʼ οὕτως
					ὀλιγωροῦσιν τοῦ δοκεῖν ἐπιεικεῖς εἶναι, καὶ παντελῶς τἄλλα πάρεργα πρὸς τὸ
					λαβεῖν νομίζουσιν, ὥστʼ οὐ μόνον τοῖς πρότερον ῥηθεῖσιν ὑφʼ αὑτῶν ἐναντία
					τολμῶσιν δημηγορεῖν, ἀλλὰ καὶ νῦν οὐ ταὐτὰ λέγουσιν ἑαυτοῖς, οἵτινες τοὺς μὲν
					ναύτας φασὶ δεῖν οἰκείους εἶναι τῆς τριήρους τῆς ληψομένης τὸν στέφανον, τῶν δὲ
					τριηράρχων τοὺς ἠλλοτριωκότας αὑτοὺς ἀπὸ τῆς λῃτουργίας, τούτους στεφανῶσαι
					κελεύουσι. </p>
			</div>
			<div type="section" n="18">
				<p>καὶ φασὶ μὲν οὐδένα τούτων πρότερον παρασκευάσασθαι, κελεύουσι δὲ κοινῇ στεφανοῦν
					ἡμᾶς, τοῦ ψηφίσματος οὐ ταῦτα λέγοντος. ἐγὼ δὲ τοσούτου δέω τοῦτο συγχωρεῖν
					ὅσουπερ καὶ μεμισθωκέναι τὴν τριηραρχίαν· οὔτε γὰρ τοῦθʼ ὑπομείναιμʼ ἂν οὔτʼ
					ἐκεῖνʼ ἐποίησα. προσποιοῦνται μὲν τοίνυν ὑπὲρ τοῦ δικαίου συνηγορεῖν,
					σπουδάζουσιν δὲ μᾶλλον ἢ προῖκʼ ἄν τις ὑμῶν πράττων, ὥσπερ ἄξια τοῦ μισθοῦ
					ποιῆσαι προσῆκον ἑαυτοῖς, ἀλλʼ οὐ γνώμην ἀποφήνασθαι. </p>
			</div>
			<div type="section" n="19">
				<p>εἶθʼ ὥσπερ οὐχὶ πολιτείας κοινῆς μετέχοντες καὶ διὰ ταῦτα τῷ βουλομένῳ λέγειν
					ἐξόν, ἀλλʼ ἱερωσύνην ἰδίαν αὐτοί τινα ταύτην ἔχοντες, ἐὰν ὑπὲρ τῶν δικαίων ἐν
					ὑμῖν τις εἴπῃ, δεινὰ πάσχουσιν καὶ θρασὺν εἶναί φασιν. καὶ εἰς τοσοῦτον
					ἀναισθησίας προήκουσιν, ὥστʼ οἴονται τὸν ἅπαξ εἰρηκότʼ ἂν καλέσωσιν ἀναιδῆ, σφᾶς
					αὐτοὺς πάντʼ <add>ἂν</add> τὸν βίον καλοὺς κἀγαθοὺς νομίζεσθαι. </p>
			</div>
			<div type="section" n="20">
				<p>καίτοι διὰ μὲν τὰς τούτων δημηγορίας πολλὰ χεῖρον ἔχει, διὰ τοὺς δʼ οἰομένους
					δεῖν τὰ δίκαιʼ ἀντιλέγειν οὐ πάντʼ ἀπόλωλεν. τοιούτους τοίνυν τοὺς συνεροῦντας
					αὑτοῖς παρεσκευασμένοι, καὶ τοσαύτην βλασφημίαν εἰδότες οὖσαν καθʼ ἑαυτῶν τοῖς
					βουλομένοις τι λέγειν φλαῦρον, ὅμως εἰς λόγον ἠξίωσαν καταστῆναι καὶ κακῶς τινʼ
					ἐτόλμησαν εἰπεῖν, οἷς ἀγαπητὸν ἦν μὴ πάσχουσιν κακῶς αὐτοῖς. </p>
			</div>
			<div type="section" n="21">
				<p>τοῦ τοίνυν τούτους ἀδίκους εἶναι καὶ θρασεῖς οὐδένες ὑμῶν εἰσιν αἰτιώτεροι· παρὰ
					γὰρ τῶν λεγόντων, οὓς ἴστʼ ἐπὶ μισθῷ τοῦτο πράττοντας, πυνθάνεσθε ποῖόν τινʼ
					ἕκαστον δεῖ νομίζειν, οὐκ αὐτοὶ θεωρεῖτε. καίτοι πῶς οὐκ ἄτοπον τούτους μὲν
					αὐτοὺς πονηροτάτους τῶν πολιτῶν νομίζειν, τοὺς δʼ ὑπὸ τούτων ἐπαινουμένους
					χρηστοὺς ἡγεῖσθαι; </p>
			</div>
			<div type="section" n="22">
				<p>καὶ γάρ τοι πάντα διʼ αὑτῶν ποιοῦνται, καὶ μόνον οὐχ ὑπὸ κήρυκος πωλοῦσι τὰ
					κοινά, καὶ στεφανοῦν, ὃν ἂν αὐτοῖς δοκῇ, καὶ μὴ στεφανοῦν κελεύουσι, κυριωτέρους
					αὑτοὺς τῶν ὑμετέρων δογμάτων καθιστάντες. ἐγὼ δʼ ὑμῖν, ὦ ἄνδρες Ἀθηναῖοι,
					παραινῶ μὴ ποιεῖν τὴν τῶν ἀναλίσκειν ἐθελόντων φιλοτιμίαν ἐπὶ τῇ τῶν λεγόντων
					πλεονεξίᾳ. εἰ δὲ μή, διδάξετε πάντας τὰ μὲν ὑφʼ ὑμῶν προσταττόμενʼ ὡς
					εὐτελέστατα διοικεῖν, τοὺς δʼ ὑπὲρ τούτων ἀναιδῶς εἰς ὑμᾶς ψευδομένους ὡς
					πλείστου μισθοῦσθαι.</p>
			</div>

		</body>
	</text>
</TEI>
