<?xml version="1.0" encoding="UTF-8"?>
<TEI xmlns="http://www.tei-c.org/ns/1.0">
	<teiHeader>

		<fileDesc>

			<titleStmt>
				<title>Apollodorus Against Stephanus 2 </title>
				<author>Demosthenes</author>
				<sponsor>Perseus Project, Tufts University</sponsor>
				<principal>Gregory Crane</principal>
				<respStmt>
					<resp>Prepared under the supervision of</resp>
					<name>Lisa Cerrato</name>
					<name>William Merrill</name>
					<name>Elli Mylonas</name>
					<name>David Smith</name>
				</respStmt>
				<funder n="org:AnnCPB">The Annenberg CPB/Project</funder>

			</titleStmt>
			<publicationStmt>
				<publisher>Trustees of Tufts University</publisher>
				<pubPlace>Medford, MA</pubPlace>
				<authority>Perseus Project</authority>
			</publicationStmt>





			<sourceDesc>
				<biblStruct>
					<monogr>
						<author>Demosthenes</author>
						<title>Demosthenis.Orationes. ed. W. Rennie</title>

						<imprint>
							<publisher>Oxonii.e Typographeo Clarendoniano</publisher>
							<date>1931</date>
						</imprint>
					</monogr>
				</biblStruct>
			</sourceDesc>


		</fileDesc>

		<encodingDesc>

			<refsDecl>
				<refState unit="speech"/>
				<refState unit="section"/>
			</refsDecl>
		</encodingDesc>

		<profileDesc>
			<langUsage>
				<language ident="greek">Greek </language>
				<language ident="en">English </language>
			</langUsage>
		</profileDesc>
	</teiHeader>
	<text xml:lang="grc">
		<body>

			<div type="section" n="1">
				<p>ὅτι μὲν οὐκ ἀπορήσειν ἔμελλε Στέφανος οὑτοσὶ ὅ τι ἀπολογήσεται περὶ τῆς
					μαρτυρίας, παράγων τῷ λόγῳ ὡς οὐ πάντα μεμαρτύρηκε τὰ ἐν τῷ γραμματείῳ
					γεγραμμένα, καὶ ἐξαπατῶν ὑμᾶς, καὶ αὐτὸς σχεδόν τι ὑπενόουν, ὦ ἄνδρες δικασταί.
					πανοῦργός τε γάρ ἐστιν, καὶ οἱ γράφοντες καὶ οἱ συμβουλεύοντες ὑπὲρ Φορμίωνος
					πολλοί· ἅμα τʼ εἰκός ἐστι τοὺς ἐγχειροῦντας τὰ ψευδῆ μαρτυρεῖν καὶ τὴν ἀπολογίαν
					εὐθέως ὑπὲρ αὐτῶν μελετᾶν. </p>
			</div>
			<div type="section" n="2">
				<p>ὅτι δʼ ἐν τοσούτῳ λόγῳ οὐδαμοῦ μάρτυρας παρέσχετο ὑμῖν, ὡς ἢ διατιθεμένῳ τῷ πατρὶ
					τῷ ἐμῷ παρεγένετό που αὐτὸς ταύτην τὴν διαθήκην, ὥστʼ εἰδέναι ταῦτα ὅτι
					ἀντίγραφά ἐστιν ὧν ὁ πατήρ μου διέθετο, ἢ ἀνοιχθὲν εἶδε τὸ γραμματεῖον ὅ φασι
					διαθέμενον ἐκεῖνον καταλιπεῖν, ταῦτα συμμέμνησθέ μοι. </p>
			</div>
			<div type="section" n="3">
				<p>ἀλλὰ μὴν ὁπότε μεμαρτύρηκεν ἀντίγραφα εἶναι τῶν διαθηκῶν τῶν Πασίωνος τὰ ἐν τῷ
					γραμματείῳ γεγραμμένα, τὰς δὲ διαθήκας μὴ ἔχει ἐπιδεῖξαι μήθʼ ὡς ὁ πατὴρ διέθετο
					ἡμῶν μήθʼ ὡς αὐτὸς εἶδεν παραγενόμενος αὐτὰς διατιθεμένου τοῦ πατρός, πῶς οὐ
					περιφανῶς οὗτος ἐξελέγχεται τὰ ψευδῆ μεμαρτυρηκώς; </p>
			</div>
			<div type="section" n="4">
				<p>εἰ τοίνυν πρόκλησίν φησιν εἶναι καὶ μὴ μαρτυρίαν, οὐκ ἀληθῆ λέγει. ἅπαντα γὰρ ὅσα
					παρέχονται εἰς τὸ δικαστήριον προκαλούμενοι ἀλλήλους οἱ ἀντίδικοι, διὰ μαρτυρίας
					παρέχονται. οὐ γὰρ ἂν εἰδείηθʼ ὑμεῖς εἴτʼ ἐστὶν ἀληθῆ εἴτε ψευδῆ ἅ φασιν
					ἑκάτεροι, εἰ μή τις καὶ τοὺς μάρτυρας παρέχοιτο. ὅταν δὲ παράσχηται, τούτοις
					πιστεύοντες ὑποδίκοις οὖσιν ψηφίζεσθε ἐκ τῶν λεγομένων καὶ μαρτυρουμένων ἃ ἂν
					ὑμῖν δοκῇ δίκαια εἶναι. </p>
			</div>
			<div type="section" n="5">
				<p>βούλομαι τοίνυν καὶ τὴν μαρτυρίαν ἐξελέγξαι, ὅτι οὐ πρόκλησίς ἐστιν, καὶ ὡς ἔδει
					μαρτυρεῖν αὐτούς, εἴπερ ἐγίγνετο ἡ πρόκλησις, ὡς οὐκ ἐγίγνετο. <q>μαρτυροῦσι
						παρεῖναι πρὸς τῷ διαιτητῇ Τεισίᾳ, ὅτε προὐκαλεῖτο Φορμίων Ἀπολλόδωρον
						ἀνοίγειν τὸ γραμματεῖον, ὃ παρεῖχεν Ἀμφίας ὁ Κηφισοφῶντος κηδεστής,
						Ἀπολλόδωρον δʼ οὐκ ἐθέλειν ἀνοίγειν.</q> οὕτω μὲν ἂν μαρτυροῦντες ἐδόκουν
					ἀληθῆ μαρτυρεῖν· ἀντίγραφα δὲ τῶν διαθηκῶν τῶν Πασίωνος μαρτυρεῖν εἶναι τὰ ἐν τῷ
					γραμματείῳ ὃ παρείχετο Φορμίων, μήτε παραγενομένους ἐκείνῳ διατιθεμένῳ μήτʼ
					εἰδότας εἰ διέθετο, πῶς οὐ περιφανῶς ἀναισχυντία δοκεῖ ὑμῖν εἶναι; </p>
			</div>
			<div type="section" n="6">
				<p>ἀλλὰ μὴν εἰ φησὶ Φορμίωνος λέγοντος πιστεύειν ταῦτʼ ἀληθῆ εἶναι, τοῦ αὐτοῦ ἀνδρός
					ἐστιν πιστεύειν τε λέγοντι τούτῳ ταῦτα καὶ κελεύοντι μαρτυρεῖν. οἱ δέ γε νόμοι
					οὐ ταῦτα λέγουσιν, ἀλλʼ ἃ ἂν εἰδῇ τις καὶ οἷς ἂν παραγένηται πραττομένοις, ταῦτα
					μαρτυρεῖν κελεύουσιν ἐν γραμματείῳ γεγραμμένα, ἵνα μήτʼ ἀφελεῖν ἐξῇ μηδὲν μήτε
					προσθεῖναι τοῖς γεγραμμένοις. </p>
			</div>
			<div type="section" n="7">
				<p>ἀκοὴν δʼ οὐκ ἐῶσι ζῶντος μαρτυρεῖν, ἀλλὰ τεθνεῶτος, τῶν δὲ ἀδυνάτων καὶ ὑπερορίων
					ἐκμαρτυρίαν γεγραμμένην ἐν τῷ γραμματείῳ· καὶ ἀπὸ τῆς αὐτῆς ἐπισκήψεως τήν τε
					μαρτυρίαν καὶ ἐκμαρτυρίαν ἀγωνίζεσθαι ἅμα, ἵνʼ ἐὰν μὲν ἀναδέχηται ὁ
					ἐκμαρτυρήσας, ἐκεῖνος ὑπόδικος ᾖ τῶν ψευδομαρτυρίων, ἐὰν δὲ μὴ ἀναδέχηται, οἱ
					μαρτυρήσαντες τὴν ἐκμαρτυρίαν. </p>
			</div>
			<div type="section" n="8">
				<p>στέφανος τοίνυν οὑτοσί, οὔτʼ εἰδὼς διαθήκας καταλιπόντα τὸν πατέρα ἡμῶν, οὔτε
					παραγενόμενος πώποτε διατιθεμένῳ τῷ πατρὶ ἡμῶν, ἀκούσας δὲ Φορμίωνος,
					μεμαρτύρηκεν ἀκοὴν τὰ ψευδῆ τε καὶ παρὰ τὸν νόμον. καὶ ταῦθʼ ὅτι ἀληθῆ λέγω,
					αὐτὸν ὑμῖν τὸν νόμον ἀναγνώσεται.<quote n="*no/mos"><title>Νόμος</title><p>ἀκοὴν
							εἶναι μαρτυρεῖν τεθνεῶτος, ἐκμαρτυρίαν δὲ ὑπερορίου καὶ
						ἀδυνάτου.</p></quote>
				</p>
			</div>
			<div type="section" n="9">
				<p>ὡς τοίνυν καὶ παρʼ ἕτερον νόμον μεμαρτύρηκεν, ἐπιδεῖξαι ὑμῖν βούλομαι, ἵνα εἰδῆτε
					ὅτι μεγάλων ἀδικημάτων οὐκ ἔχων καταφυγὴν ὁ Φορμίων, πρόφασιν λαβὼν λόγῳ τὴν
					πρόκλησιν, ἔργῳ αὐτὸς αὑτῷ μεμαρτύρηκε προστησάμενος τούτους, διʼ ὧν οἱ μὲν
					δικασταὶ ἐξηπατήθησαν ὡς ἀληθῆ τούτων μαρτυρούντων, ἐγὼ δὲ ἀπεστερήθην ὧν ὁ
					πατήρ μοι κατέλιπεν χρημάτων καὶ τοῦ δίκην λαβεῖν περὶ ὧν ἀδικοῦμαι. μαρτυρεῖν
					γὰρ οἱ νόμοι οὐκ ἐῶσιν αὐτὸν αὑτῷ οὔτʼ ἐπὶ ταῖς γραφαῖς οὔτʼ ἐπὶ ταῖς δίκαις
					οὔτʼ ἐν ταῖς εὐθύναις. ὁ τοίνυν Φορμίων αὐτὸς αὑτῷ μεμαρτύρηκεν, ὁπότε φασὶν
					οὗτοι ἀκούσαντες ἐκείνου ταῦτα μεμαρτυρηκέναι. </p>
			</div>
			<div type="section" n="10">
				<p>ἵνα δὲ εἰδῆτε ἀκριβῶς, αὐτὸν τὸν νόμον μοι ἀνάγνωθι.</p>
				<quote n="*no/mos"><title>Νόμος</title><milestone unit="para" ed="P"/>τοῖν
					ἀντιδίκοιν ἐπάναγκες εἶναι ἀποκρίνασθαι ἀλλήλοις τὸ ἐρωτώμενον, μαρτυρεῖν δὲ
					μή.</quote>
				<p>σκέψασθε τοίνυν τουτονὶ τὸν νόμον, ὃς κελεύει ὑποδίκους εἶναι τῶν ψευδομαρτυρίων
					καὶ κατʼ αὐτὸ τοῦτο, ὅτι μαρτυρεῖ παρὰ τὸν νόμον.</p>
				<quote n="*no/mos"><title>Νόμος</title><p>ἔστω δὲ καὶ ὑπόδικος τῶν ψευδομαρτυρίων ὁ
						μαρτυρήσας αὐτοῦ τούτου, ὅτι μαρτυρεῖ παρὰ τὸν νόμον· καὶ ὁ προβαλόμενος
						κατὰ ταὐτά.</p></quote>
			</div>
			<div type="section" n="11">
				<p>ἔτι τοίνυν κἂν ἀπὸ τοῦ γραμματείου γνοίη τις, ἐν ᾧ ἡ μαρτυρία γέγραπται, ὅτι τὰ
					ψευδῆ μεμαρτύρηκεν. λελευκωμένον τε γάρ ἐστιν καὶ οἴκοθεν κατεσκευασμένον.
					καίτοι τοὺς μὲν τὰ πεπραγμένα μαρτυροῦντας προσήκει οἴκοθεν τὰς μαρτυρίας
					κατεσκευασμένας μαρτυρεῖν, τοὺς δὲ τὰς προκλήσεις μαρτυροῦντας, τοὺς ἀπὸ
					ταὐτομάτου προσστάντας, ἐν μάλθῃ γεγραμμένην τὴν μαρτυρίαν, ἵνα, ἐάν τι
					προσγράψαι ἢ ἀπαλεῖψαι βουληθῇ, ῥᾴδιον ᾖ.</p>
			</div>
			<div type="section" n="12">
				<p>οὐκοῦν κατὰ μὲν ταῦτα πάντα ἐξελέγχεται τὰ ψευδῆ μεμαρτυρηκὼς καὶ παρὰ τὸν νόμον·
					βούλομαι δʼ ὑμῖν καὶ αὐτὸ τοῦτο ἐπιδεῖξαι, ὡς οὔτε διέθετο ὁ πατὴρ ἡμῶν διαθήκην
					οὐδεμίαν οὔθʼ οἱ νόμοι ἐῶσιν. εἰ γάρ τις ἔροιτο ὑμᾶς, καθʼ ὁποίους νόμους δεῖ
					πολιτεύεσθαι ἡμᾶς, δῆλον ὅτι ἀποκρίναισθʼ ἂν κατὰ τοὺς κειμένους. ἀλλὰ μὴν οἵ γε
					νόμοι ἀπαγορεύουσι <q>μηδὲ νόμον ἐξεῖναι ἐπʼ ἀνδρὶ θεῖναι, ἂν μὴ τὸν αὐτὸν ἐφʼ
						ἅπασιν Ἀθηναίοις</q>. </p>
			</div>
			<div type="section" n="13">
				<p>οὐκοῦν ὁ μὲν νόμος οὑτοσὶ τοῖς αὐτοῖς νόμοις πολιτεύεσθαι ἡμᾶς κελεύει καὶ οὐκ
						<add>ἄλλους</add> ἄλλοις. ὁ δὲ πατὴρ ἐτελεύτησεν ἐπὶ Δυσνικήτου ἄρχοντος, ὁ
					δὲ Φορμίων Ἀθηναῖος ἐγένετο ἐπὶ Νικοφήμου ἄρχοντος, δεκάτῳ ἔτει ὕστερον ἢ ὁ
					πατὴρ ἡμῶν ἀπέθανεν. πῶς ἂν οὖν μὴ εἰδὼς ὁ πατὴρ αὐτὸν Ἀθηναῖον ἐσόμενον, ἔδωκεν
					ἂν τὴν ἑαυτοῦ γυναῖκα, καὶ προὐπηλάκισε μὲν ἂν ἡμᾶς, κατεφρόνησε δʼ ἂν τῆς
					δωρεᾶς ἧς παρʼ ὑμῶν ἔλαβεν, παρεῖδε δʼ ἂν τοὺς νόμους; πότερα δὲ κάλλιον ἦν αὐτῷ
					ζῶντι πρᾶξαι ταῦτα, εἴπερ ἐβούλετο, ἢ ἀποθανόντα διαθήκας καταλιπεῖν, ἃς οὐ
					κύριος ἦν; </p>
			</div>
			<div type="section" n="14">
				<p>ἀλλὰ μὴν αὐτῶν τῶν νόμων ἀκούσαντες γνώσεσθε, ὡς οὐ κύριος ἦν διαθέσθαι. λέγε τὸν
						νόμον.<quote n="*no/mos"><title>Νόμος</title><p>ὅσοι μὴ ἐπεποίηντο, ὥστε
							μήτε ἀπειπεῖν μήτʼ ἐπιδικάσασθαι, ὅτε Σόλων εἰσῄει τὴν ἀρχήν, τὰ ἑαυτοῦ
							διαθέσθαι εἶναι ὅπως ἂν ἐθέλῃ, ἂν μὴ παῖδες ὦσι γνήσιοι ἄρρενες, ἂν μὴ
							μανιῶν ἢ γήρως ἢ φαρμάκων ἢ νόσου ἕνεκα, ἢ γυναικὶ πειθόμενος, ὑπὸ
							τούτων του παρανοῶν, ἢ ὑπʼ ἀνάγκης ἢ ὑπὸ δεσμοῦ καταληφθείς.</p></quote>
				</p>
			</div>
			<div type="section" n="15">
				<p>τοῦ μὲν νόμου τοίνυν ἀκηκόατε, ὃς οὐκ ἐᾷ διαθήκας διαθέσθαι, ἐὰν παῖδες ὦσι
					γνήσιοι. οὗτοι δέ φασι ταῦτα διαθέσθαι τὸν πατέρα, ὡς δὲ παρεγένοντο οὐκ ἔχουσιν
					ἐπιδεῖξαι. ἄξιον δὲ καὶ τόδε ἐνθυμηθῆναι, ὅτι ὅσοι μὴ ἐπεποίηντο ἀλλʼ ἦσαν
					πεφυκότες γνήσιοι, τούτοις ὁ νόμος δίδωσιν, ἐὰν ἄπαιδες ὦσιν, διαθέσθαι τὰ
					ἑαυτῶν. ὁ τοίνυν πατὴρ ἡμῶν ἐπεποίητο ὑπὸ τοῦ δήμου πολίτης, ὥστε οὐδὲ κατὰ
					τοῦτο ἐξῆν αὐτῷ διαθέσθαι διαθήκην, ἄλλως τε καὶ περὶ τῆς γυναικός, ἧς οὐδὲ
					κύριος ἐκ τῶν νόμων ἦν, παῖδές τε ἦσαν αὐτῷ. </p>
			</div>
			<div type="section" n="16">
				<p>σκέψασθε δὲ καὶ διότι οὐδʼ ἂν ἄπαις τις ᾖ, κύριός ἐστι τὰ αὑτοῦ διαθέσθαι, ἐὰν μὴ
					εὖ φρονῇ· νοσοῦντα δὲ ἢ φαρμακῶντα ἢ γυναικὶ πειθόμενον ἢ ὑπὸ γήρως ἢ ὑπὸ μανιῶν
					ἢ ὑπὸ ἀνάγκης τινὸς καταληφθέντα ἄκυρον κελεύουσιν εἶναι οἱ νόμοι. σκοπεῖτε δή,
					εἰ δοκοῦσιν ὑμῖν εὖ φρονοῦντος ἀνδρὸς εἶναι αἱ διαθῆκαι, ἅς φασι διαθέσθαι οὗτοι
					τὸν πατέρα. </p>
			</div>
			<div type="section" n="17">
				<p>μὴ πρὸς ἄλλο δέ τι παράδειγμα σκέψησθε ἢ πρὸς τὴν μίσθωσιν, εἰ δοκεῖ ὑμῖν
					ἀκόλουθον εἶναι τῷ τὴν τέχνην μὴ ἐξουσίαν δοῦναι εἰ μὴ ἐν τῷ αὐτῷ ἡμῖν
					ἐργάζεσθαι, τούτῳ τὴν γυναῖκα δοῦναι τὴν αὑτοῦ καὶ τῶν παίδων ἐᾶσαι κοινωνὸν
					αὑτῷ γενέσθαι. καὶ μὴ θαυμάζετε, εἰ τἄλλα σκευωρουμένους αὐτοὺς τὰ ἐν τῇ
					μισθώσει τοῦτο παρέλαθεν. ἴσως μὲν γὰρ οὐδὲ προσεῖχον ἄλλῳ οὐδενὶ ἢ τῷ τὰ
					χρήματα ἀποστερῆσαι καὶ τῷ προσοφείλοντα τὸν πατέρα ἐγγράψαι· εἶτα δὲ οὐδὲ
					ἐδόκουν ἐμὲ οὕτω δεινὸν ἔσεσθαι ὥστε ταῦτα ἀκριβῶς ἐξετάσαι. </p>
			</div>
			<div type="section" n="18">
				<p>σκέψασθε τοίνυν καὶ τοὺς νόμους, παρʼ ὧν κελεύουσι τὰς ἐγγύας ποιεῖσθαι, ἵνʼ
					εἰδῆτε καὶ ἐκ τούτων ὡς κατεσκευασμένης διαθήκης ψευδὴς μάρτυς γέγονε Στέφανος
						οὑτοσί.<quote n="*no/mos"><title>Νόμος</title><p>ἣν ἂν ἐγγυήσῃ ἐπὶ δικαίοις
							δάμαρτα εἶναι ἢ πατὴρ ἢ ἀδελφὸς ὁμοπάτωρ ἢ πάππος ὁ πρὸς πατρός, ἐκ
							ταύτης εἶναι παῖδας γνησίους. ἐὰν δὲ μηδεὶς ᾖ τούτων, ἐὰν μὲν ἐπίκληρός
							τις ᾖ, τὸν κύριον ἔχειν, ἐὰν δὲ μὴ ᾖ, ὅτῳ ἂν ἐπιτρέψῃ, τοῦτον κύριον
							εἶναι.</p></quote>
				</p>
			</div>
			<div type="section" n="19">
				<p>οὗτος μὲν τοίνυν ὁ νόμος οὓς ἐποίησεν κυρίους εἶναι, ἀκηκόατε· ὅτι δʼ οὐδεὶς ἦν
					τούτων τῇ μητρί, οἱ ἀντίδικοί μοι αὐτοὶ μεμαρτυρήκασιν. εἰ γὰρ ἦν, παρείχοντʼ
					ἄν. ἢ μάρτυρας μὲν ψευδεῖς οἴεσθʼ ἂν παρασχέσθαι καὶ διαθήκας οὐκ οὔσας, ἀδελφὸν
					δὲ ἢ πάππον ἢ πατέρα οὐκ ἄν, εἴπερ ἦν δυνατὸν ἕνεκα χρημάτων; ὁπότε τοίνυν
					μηδεὶς φαίνεται ζῶν τούτων, τότε ἀνάγκη ἐπίκληρον τὴν μητέρα ἡμῶν εἶναι. τῆς
					τοίνυν ἐπικλήρου σκοπεῖτε τίνας κελεύουσιν οἱ νόμοι κυρίους εἶναι. </p>
			</div>
			<div type="section" n="20">
				<p>λέγε τὸν νόμον.</p>
				<quote n="*no/mos"><title>Νόμος</title><p>καὶ ἐὰν ἐξ ἐπικλήρου τις γένηται καὶ ἅμα
						ἡβήσῃ ἐπὶ δίετες, κρατεῖν τῶν χρημάτων, τὸν δὲ σῖτον μετρεῖν τῇ
					μητρί.</p></quote>
				<p>οὐκοῦν ὁ μὲν νόμος κελεύει τοὺς παῖδας ἡβήσαντας κυρίους τῆς μητρὸς εἶναι, τὸν δὲ
					σῖτον μετρεῖν τῇ μητρί. ἐγὼ δὲ φαίνομαι στρατευόμενος καὶ τριηραρχῶν ὑμῖν, ὅτε
					οὗτος συνῴκησεν τῇ μητρί. </p>
			</div>
			<div type="section" n="21">
				<p>ἀλλὰ μὴν ὅτι ἐγὼ μὲν ἀπεδήμουν τριηραρχῶν, ἐτετελευτήκει δὲ ὁ πατὴρ πάλαι, ὅτε
					οὗτος ἔγημε, τὰς δὲ θεραπαίνας αὐτὸν ἐξῄτουν καὶ ἠξίουν περὶ αὐτοῦ τούτου
					βασανίζεσθαι αὐτάς, εἰ ταῦτʼ ἀληθῆ ἐστι, καὶ ὡς προὐκαλούμην, λαβέ μοι τὴν
						μαρτυρίαν.<quote n="*marturi/a"><title>Μαρτυρία</title><p>μαρτυροῦσι
							παρεῖναι ὅτε προὐκαλεῖτο Ἀπολλόδωρος Φορμίωνα, ὅτε ἠξίου παραδοῦναι
							Ἀπολλόδωρος Φορμίωνα τὰς θεραπαίνας εἰς βάσανον, εἰ μή φησι Φορμίων καὶ
							πρότερον διεφθαρκέναι τὴν μητέρα τὴν ἐμήν, πρὶν οὗ ἀποφαίνει Φορμίων
							γῆμαι ἐγγυησάμενος αὐτὴν παρὰ Πασίωνος. ταῦτα δὲ προκαλουμένου
							Ἀπολλοδώρου οὐκ ἠθέλησε Φορμίων παραδοῦναι τὰς θεραπαίνας.</p></quote>
				</p>
			</div>
			<div type="section" n="22">
				<p>τὸν τοίνυν νόμον ἐπὶ τούτοις ἀνάγνωθι, ὃς κελεύει ἐπιδικασίαν εἶναι τῶν ἐπικλήρων
					ἁπασῶν, καὶ ξένων καὶ ἀστῶν, καὶ περὶ μὲν τῶν πολιτῶν τὸν ἄρχοντα εἰσάγειν καὶ
					ἐπιμελεῖσθαι, περὶ δὲ τῶν μετοίκων τὸν πολέμαρχον, καὶ ἀνεπίδικον μὴ ἐξεῖναι
					ἔχειν μήτε κλῆρον μήτε ἐπίκληρον.<quote n="*no/mos"
							><title>Νόμος</title><milestone unit="para" ed="P"/>κληροῦν δὲ τὸν
						ἄρχοντα κλήρων καὶ ἐπικλήρων, ὅσοι εἰσὶ μῆνες, πλὴν τοῦ σκιροφοριῶνος.
						ἀνεπίδικον δὲ κλῆρον μὴ ἔχειν.</quote>
				</p>
			</div>
			<div type="section" n="23">
				<p>οὐκοῦν αὐτόν, εἴπερ ἐβούλετο ὀρθῶς διαπράττεσθαι, λαχεῖν ἔδει τῆς ἐπικλήρου, εἴτε
					κατὰ δόσιν αὐτῷ προσῆκεν εἴτε κατὰ γένος, εἰ μὲν ὡς ὑπὲρ ἀστῆς, πρὸς τὸν
					ἄρχοντα, εἰ δὲ ὡς ὑπὲρ ξένης, πρὸς τὸν πολέμαρχον, καὶ τότε, εἴπερ τι λέγειν
					εἶχε δίκαιον, πείσαντα ὑμῶν τοὺς λαχόντας μετὰ τῶν νόμων καὶ τῆς ψήφου κύριον
					εἶναι, καὶ μὴ αὐτὸν αὑτῷ νόμους ἰδίους θέμενον διαπράξασθαι ἃ ἐβούλετο. </p>
			</div>
			<div type="section" n="24">
				<p>σκέψασθε δὴ καὶ τονδὶ τὸν νόμον, ὃς κελεύει τὴν διαθήκην, ἣν ἂν παίδων ὄντων
					γνησίων ὁ πατὴρ διαθῆται ἐὰν ἀποθάνωσιν οἱ παῖδες πρὶν ἡβῆσαι, κυρίαν
						εἶναι.<quote n="*no/mos"><title>Νόμος</title><p>ὅ τι ἂν γνησίων ὄντων υἱέων
							ὁ πατὴρ διαθῆται ἐὰν ἀποθάνωσιν οἱ υἱεῖς πρὶν ἐπὶ δίετες ἡβᾶν, τὴν τοῦ
							πατρὸς διαθήκην κυρίαν εἶναι.</p></quote>
				</p>
			</div>
			<div type="section" n="25">
				<p>οὐκοῦν ὁπότε ζῶσιν, ἄκυρος μὲν ἡ διαθήκη ἐστίν, ἥν φασιν οὗτοι τὸν πατέρα
					καταλιπεῖν, παρὰ πάντας δὲ τοὺς νόμους μεμαρτύρηκε Στέφανος οὑτοσὶ τὰ ψευδῆ, ὡς
					ἀντίγραφά ἐστι τῆς διαθήκης τῆς Πασίωνος· πῶς γὰρ σὺ οἶσθα, καὶ ποῦ
					παραγενόμενος διατιθεμένῳ τῷ πατρί; κακοτεχνῶν δὲ φαίνει περὶ τὰς δίκας, τὰ
					ψευδῆ μὲν αὐτὸς μαρτυρῶν ἑτοίμως, κλέπτων δὲ τὰς ἀληθεῖς μαρτυρίας, ἐξαπατῶν δὲ
					τοὺς δικαστάς, συνιστάμενος δʼ ἐπὶ ταῖς δίκαις. οἱ δὲ νόμοι καὶ περὶ τῶν
					τοιούτων γραφὴν πεποιήκασιν. </p>
			</div>
			<div type="section" n="26">
				<p>καί μοι ἀνάγνωθι τὸν νόμον.<quote n="*no/mos"><title>Νόμος</title><p>ἐάν τις
							συνιστῆται, ἢ συνδεκάζῃ τὴν ἡλιαίαν ἢ τῶν δικαστηρίων τι τῶν Ἀθήνησιν ἢ
							τὴν βουλὴν ἐπὶ δωροδοκίᾳ χρήματα διδοὺς ἢ δεχόμενος, ἢ ἑταιρείαν συνιστῇ
							ἐπὶ καταλύσει τοῦ δήμου, ἢ συνήγορος ὢν λαμβάνῃ χρήματα ἐπὶ ταῖς δίκαις
							ταῖς ἰδίαις ἢ δημοσίαις, τούτων εἶναι τὰς γραφὰς πρὸς τοὺς
							θεσμοθέτας.</p></quote>
				</p>
			</div>
			<div type="section" n="27">
				<p>ἡδέως ἂν τοίνυν ὑμᾶς ἐροίμην ἐπὶ τούτοις ἅπασι, κατὰ ποίους νόμους ὀμωμοκότες
					δικάζετε, πότερα κατὰ τοὺς τῆς πόλεως ἢ καθʼ οὓς Φορμίων αὑτῷ νομοθετεῖ. ἐγὼ μὲν
					τοίνυν τούτους παρέχομαι ὑμῖν, καὶ ἐξελέγχω αὐτοὺς ἀμφοτέρους παραβεβηκότας,
					Φορμίωνα μὲν ἐξ ἀρχῆς ἀδικήσαντα ἡμᾶς καὶ ἀποστερήσαντα τὰ χρήματα, ἃ ὁ πατὴρ
					ἡμῖν κατέλιπεν καὶ ἐμίσθωσε τούτῳ μετὰ τῆς τραπέζης καὶ τοῦ ἐργαστηρίου,
					Στέφανον δὲ τουτονὶ τὰ ψευδῆ μεμαρτυρηκότα καὶ παρὰ τὸν νόμον. </p>
			</div>
			<div type="section" n="28">
				<p>ἄξιον τοίνυν, ὦ ἄνδρες δικασταί, καὶ τόδε ἐνθυμηθῆναι, ὅτι διαθήκης οὐδεὶς πώποτε
					ἀντίγραφα ἐποιήσατο, ἀλλὰ συγγραφῶν μέν, ἵνα εἰδῶσι καὶ μὴ παραβαίνωσι, διαθηκῶν
					δὲ οὔ. τούτου γὰρ ἕνεκα <add>κατασεσημασμένας</add> καταλείπουσιν οἱ
					διατιθέμενοι, ἵνα μηδεὶς εἰδῇ ἃ διατίθενται. πῶς οὖν ὑμεῖς ἴστε ὅτι ἀντίγραφά
					ἐστιν τῶν διαθηκῶν τῶν Πασίωνος τὰ ἐν τῷ γραμματείῳ γεγραμμένα;</p>
				<p>δέομαι οὖν ὑμῶν ἁπάντων, ὦ ἄνδρες δικασταί, καὶ ἱκετεύω βοηθῆσαι μὲν ἐμοί,
					τιμωρήσασθαι δὲ τοὺς ἑτοίμως οὕτως τὰ ψευδῆ μαρτυροῦντας, ὑπέρ τε ὑμῶν αὐτῶν καὶ
					ἐμοῦ καὶ τοῦ δικαίου καὶ τῶν νόμων. </p>
			</div>
		</body>
	</text>
</TEI>
