<?xml version="1.0" encoding="UTF-8"?>
<TEI xmlns="http://www.tei-c.org/ns/1.0">
	<teiHeader>

		<fileDesc>

			<titleStmt>
				<title>Apollodorus Against Callipus </title>
				<author>Demosthenes</author>
				<sponsor>Perseus Project, Tufts University</sponsor>
				<principal>Gregory Crane</principal>
				<respStmt>
					<resp>Prepared under the supervision of</resp>
					<name>Lisa Cerrato</name>
					<name>William Merrill</name>
					<name>Elli Mylonas</name>
					<name>David Smith</name>
				</respStmt>
				<funder n="org:AnnCPB">The Annenberg CPB/Project</funder>

			</titleStmt>
			<publicationStmt>
				<publisher>Trustees of Tufts University</publisher>
				<pubPlace>Medford, MA</pubPlace>
				<authority>Perseus Project</authority>
			</publicationStmt>





			<sourceDesc>
				<biblStruct>
					<monogr>
						<author>Demosthenes</author>
						<title>Demosthenis.Orationes. ed. W. Rennie</title>

						<imprint>
							<publisher>Oxonii.e Typographeo Clarendoniano</publisher>
							<date>1931</date>
						</imprint>
					</monogr>
				</biblStruct>
			</sourceDesc>


		</fileDesc>

		<encodingDesc>

			<refsDecl>
				<refState unit="speech"/>
				<refState unit="section"/>
			</refsDecl>
		</encodingDesc>

		<profileDesc>
			<langUsage>
				<language ident="greek">Greek </language>
				<language ident="en">English </language>
			</langUsage>
		</profileDesc>
		<revisionDesc>
			<!--
<change><date>6/2/92</date><respStmt><name>David Smith</name><resp>(n/a)</resp></respStmt><item>inserted quotedtext tag around verse</item>
</change>
<change><date>July 2014</date>
    <respStmt><name>Stella Dee</name><resp>ed.</resp></respStmt>
    <item>split composite text and converted to unicode</item>
      </change>-->
			<change when="2014-08-01" who="Stella Dee">edited markup</change>
		</revisionDesc>

	</teiHeader>
	<text xml:lang="grc">
		<body>

			<div type="section" n="1">
				<p>οὐκ ἔστιν χαλεπώτερον οὐδέν, ὦ ἄνδρες δικασταί, ἢ ὅταν ἄνθρωπος δόξαν ἔχων καὶ
					δυνάμενος εἰπεῖν τολμᾷ ψεύδεσθαι καὶ μαρτύρων εὐπορῇ. ἀνάγκη γάρ ἐστιν τῷ
					φεύγοντι μηκέτι περὶ τοῦ πράγματος μόνον λέγειν, ἀλλὰ καὶ περὶ αὐτοῦ τοῦ
					λέγοντος, ὡς οὐκ εἰκὸς αὐτῷ διὰ τὴν δόξαν πιστεύειν. </p>
			</div>
			<div type="section" n="2">
				<p>εἰ γὰρ ἔθος καταστήσετε τοῖς δυναμένοις εἰπεῖν καὶ δόξαν ἔχουσι μᾶλλον πιστεύειν
					ἢ τοῖς ἀδυνατωτέροις, ἐφʼ ὑμῖν αὐτοῖς ἔσεσθε τὸ ἔθος τοῦτο κατεσκευακότες.
					δέομαι οὖν ὑμῶν, εἴπερ τι καὶ ἄλλο πώποτε πρᾶγμα αὐτὸ καθʼ αὑτὸ ἐδικάσατε, μηδὲ
					μεθʼ ἑτέρων τὴν γνώμην γενόμενοι, μήτε μετὰ τῶν διωκόντων μήτε μετὰ τῶν
					φευγόντων, ἀλλὰ τὸ δίκαιον σκεψάμενοι, οὕτω καὶ νῦν διαγνῶναι. ἐξ ἀρχῆς δʼ ὑμῖν
					διηγήσομαι. </p>
			</div>
			<div type="section" n="3">
				<p>Λύκων γὰρ ὁ Ἡρακλεώτης, ὦ ἄνδρες δικασταί, οὗτος ὃν καὶ αὐτὸς λέγει, τῇ τραπέζῃ
					τῇ τοῦ πατρὸς ἐχρῆτο, ὥσπερ καὶ οἱ ἄλλοι ἔμποροι, ξένος μὲν ὢν Ἀριστόνῳ τῷ
					Δεκελεῖ καὶ Ἀρχεβιάδῃ τῷ Λαμπτρεῖ, ἄνθρωπος δέ τις σώφρων. οὗτος ἐπειδὴ ἐκπλεῖν
					ἔμελλεν εἰς τὴν Λιβύην, διαλογισάμενος πρὸς τὸν πατέρα τὸν ἐμὸν ἐναντίον
					Ἀρχεβιάδου καὶ Φρασίου προσέταξεν τὸ ἀργύριον ὃ κατέλειπεν (ἦν δὲ τοῦτο
					ἑκκαίδεκα μναῖ καὶ τετταράκοντα δραχμαί, ὡς ἐγὼ ὑμῖν πάνυ ἀκριβῶς ἐπιδείξω)
					Κηφισιάδῃ ἀποδοῦναι, λέγων ὅτι κοινωνὸς εἴη αὑτοῦ ὁ Κηφισιάδης οὗτος, οἰκήτωρ
					μὲν ὢν ἐν Σκίρῳ, ἐν δὲ τῷ παρόντι ἐφʼ ἑτέρᾳ ἀποδημῶν ἐμπορίᾳ. </p>
			</div>
			<div type="section" n="4">
				<p>δεῖξαι δʼ αὐτὸν τῷ πατρὶ τῷ ἐμῷ καὶ συστῆσαι τῷ Ἀρχεβιάδῃ καὶ τῷ Φρασίᾳ
					προσέταξεν, ἐπειδὴ ἥκοι ἐκ τῆς ἀποδημίας. εἰώθασι δὲ πάντες οἱ τραπεζῖται, ὅταν
					τις ἀργύριον τιθεὶς ἰδιώτης ἀποδοῦναί τῳ προστάττῃ, πρῶτον τοῦ θέντος τοὔνομα
					γράφειν καὶ τὸ κεφάλαιον τοῦ ἀργυρίου, ἔπειτα παραγράφειν <q>τῷ δεῖνι ἀποδοῦναι
						δεῖ</q>, καὶ ἐὰν μὲν γιγνώσκωσι τὴν ὄψιν τοῦ ἀνθρώπου ᾧ ἂν δέῃ ἀποδοῦναι,
					τοσοῦτο μόνον ποιεῖν, γράψαι ᾧ δεῖ ἀποδοῦναι, ἐὰν δὲ μὴ γιγνώσκωσι, καὶ τούτου
					τοὔνομα προσπαραγράφειν ὃς ἂν μέλλῃ συστήσειν καὶ δείξειν τὸν ἄνθρωπον, ὃν ἂν
					δέῃ κομίσασθαι τὸ ἀργύριον. </p>
			</div>
			<div type="section" n="5">
				<p>τύχης δὲ συμβάσης τοιαύτης τῷ Λύκωνι τούτῳ ὥστε εὐθὺς ἐκπλέοντα αὐτὸν περὶ τὸν
					Ἀργολικὸν κόλπον ὑπὸ λῃστρίδων νεῶν τά τε χρήματα καταχθῆναι εἰς Ἄργος καὶ αὐτὸν
					τοξευθέντα ἀποθανεῖν, ἔρχεται ἐπὶ τὴν τράπεζαν Κάλλιππος οὑτοσὶ εὐθὺς ἐρωτῶν,
					Λύκωνα Ἡρακλεώτην εἰ γιγνώσκοιεν. ἀποκριναμένου δὲ Φορμίωνος τουτουὶ ὅτι
					γιγνώσκοιεν, <q>ἆρα καὶ ἐχρῆτο ὑμῖν</q>; ἔφη ὁ Φορμίων· <q>ἀλλὰ πρὸς τί
						ἐρωτᾷς</q>; <q>πρὸς τί</q>; ἔφη· <q>ἐγώ σοι ἐρῶ. ἐκεῖνος μὲν τετελεύτηκεν,
						ἐγὼ δὲ προξενῶν τυγχάνω τῶν Ἡρακλεωτῶν. ἀξιῶ δή σε δεῖξαί μοι τὰ γράμματα,
						ἵνʼ εἰδῶ εἴ τι καταλέλοιπεν ἀργύριον· ἐξ ἀνάγκης γάρ μοί ἐστιν ἁπάντων
						Ἡρακλεωτῶν ἐπιμελεῖσθαι.</q>
				</p>
			</div>
			<div type="section" n="6">
				<p>ἀκούσας δʼ αὐτοῦ ὁ Φορμίων, ὦ ἄνδρες δικασταί, ἔδειξεν εὐθέως παραχρῆμα.
					δείξαντος δὲ αὐτοῦ τὸ γραμματεῖον, ἀναγνοὺς αὐτὸς καὶ ἄλλος οὐδείς, καὶ ἰδὼν
					γεγραμμένον ἐν αὐτῷ <q>Λύκων Ἡρακλεώτης χιλίας ἑξακοσίας τετταράκοντα· Κηφισιάδῃ
						ἀποδοῦναι δεῖ· Ἀρχεβιάδης Λαμπτρεὺς δείξει τὸν Κηφισιάδην</q>, ᾤχετο ἀπιὼν
					σιωπῇ, καὶ πλέον ἢ πέντε μηνῶν οὐδένα λόγον ἐποιήσατο. </p>
			</div>
			<div type="section" n="7">
				<p>ἐπιδημήσαντος δὲ τοῦ Κηφισιάδου μετὰ ταῦτα καὶ προσελθόντος πρὸς τὴν τράπεζαν καὶ
					ἀπαιτοῦντος τὰ χρήματα, παρόντος δέ, ὦ ἄνδρες δικασταί, Ἀρχεβιάδου καὶ τοῦ
					Φρασίου, οὓς ὁ Λύκων τῷ πατρὶ συνέστησεν καὶ ἐκέλευσε τὸν Κηφισιάδην δεῖξαι ὃς
					εἴη, ἐπειδὴ ἔλθοι, παρόντων <add>δὲ</add> καὶ ἄλλων, ἐξαριθμήσας αὐτῷ τὰς
					ἑκκαίδεκα μνᾶς καὶ τετταράκοντα δραχμὰς ἀπέδωκε Φορμίων οὑτοσί. ὡς δὲ ἀληθῆ
					λέγω, τούτων ἁπάντων ὑμῖν τὰς μαρτυρίας ἀναγνώσεται.<quote n="*marturi/ai"
							><title>Μαρτυρίαι</title></quote>
				</p>
			</div>
			<div type="section" n="8">
				<p>ὅτι μὲν ἀληθῆ ἅπαντα εἶπον πρὸς ὑμᾶς, ὦ ἄνδρες δικασταί, τῶν μαρτυριῶν ἀκηκόατε.
					προσελθὼν δὲ συχνῷ χρόνῳ ὕστερον πρὸς τὸν πατέρα Κάλλιππος οὑτοσὶ ἐν ἄστει,
					ἤρετο αὐτὸν εἰ ἤδη ἐπιδεδημηκὼς εἴη ὁ Κηφισιάδης, ὅτῳ γεγραμμένον εἴη ἀποδοῦναι
					τὸ ἀργύριον τὸ ὑπὸ τοῦ Λύκωνος τοῦ Ἡρακλεώτου καταλειφθέν. ἀποκριναμένου δὲ τοῦ
					πατρὸς ὅτι οἴοιτο μέν, εἰ μέντοι βούλοιτο εἰς Πειραιᾶ καταβῆναι, τὴν ἀκρίβειαν
					εἴσοιτο, <q>οἶσθά τοι</q> ἔφη, <q>ὅ τι ἔστιν, ὦ Πασίων, ὅ σε ἐρωτῶ</q>; </p>
			</div>
			<div type="section" n="9">
				<p>(καὶ μὰ τὸν Δία καὶ τὸν Ἀπόλλω καὶ τὴν Δήμητρα, οὐ ψεύσομαι πρὸς ὑμᾶς, ὦ ἄνδρες
					δικασταί, ἀλλʼ ἃ τοῦ πατρὸς ἤκουον, διηγήσομαι ὑμῖν.) <q>ἔξεστί σοι</q> ἔφη
						<q>ἐμέ τε εὖ ποιῆσαι καὶ αὐτὸν μηδὲν βλαβῆναι. προξενῶν μὲν γὰρ τυγχάνω τῶν
						Ἡρακλεωτῶν, βούλοιο δʼ ἄν, ὡς οἶμαι ἐγώ, ἐμὲ μᾶλλον τὸ ἀργύριον λαβεῖν ἢ τὸν
						μέτοικον ἄνθρωπον καὶ ἐν Σκίρῳ κατοικοῦντα καὶ οὐδενὸς ἄξιον. συμβέβηκεν δὲ
						τοιοῦτόν τι· ὁ Λύκων τυγχάνει ὢν καὶ ἄπαις καὶ κληρονόμον οὐδένα οἴκοι
						καταλιπών, ὡς ἐγὼ πυνθάνομαι. </q></p>
			</div>
			<div type="section" n="10">
				<p><q>πρὸς δὲ τούτῳ, ἐπειδὴ εἰς Ἄργος κατήχθη τετρωμένος, τῷ προξένῳ τῶν Ἡρακλεωτῶν
						τῷ Ἀργείῳ Στραμμένῳ τὰ χρήματα δέδωκεν ἃ κατήχθη μετʼ αὐτοῦ. οἷος οὖν εἰμι
						καὶ ἐγὼ τὰ ἐνθάδε αὐτὸς ἀξιοῦν λαμβάνειν· ἡγοῦμαι γὰρ δίκαιος εἶναι ἔχειν.
						σὺ οὖν, εἰ ἄρα μὴ ἀπείληφεν, λέγε ὅτι ἐγὼ ἀμφισβητῶ, ἂν ἄρα ἔλθῃ ὁ
						Κηφισιάδης. εἰ δʼ ἄρα ἀπείληφεν, λέγε ὅτι ἐγὼ μάρτυρας ἔχων ἠξίουν ἐμφανῆ
						καταστῆσαι τὰ χρήματα ἢ τὸν κεκομισμένον, καὶ εἴ τίς με βούλεται ἀφελέσθαι,
						πρόξενον ὄντα ἀφαιρεθῆναι.</q>
				</p>
			</div>
			<div type="section" n="11">
				<p>ἐπειδὴ δὲ αὐτῷ εἴρητο, <q>ἐγώ</q>, ἔφη ὁ πατήρ, <q>ὦ Κάλλιππε, χαρίζεσθαι μέν σοι
						βούλομαι (καὶ γὰρ ἂν καὶ μαινοίμην, εἰ μή), οὕτω μέντοι ὅπως αὐτός τε μὴ
						χείρων δόξω εἶναι καὶ ἐκ τοῦ πράγματος μηδὲν ζημιώσομαι. εἰπεῖν μὲν οὖν μοι
						ταῦτα πρὸς τὸν Ἀρχεβιάδην καὶ τὸν Ἀριστόνουν καὶ πρὸς αὐτὸν δὲ τὸν
						Κηφισιάδην οὐδὲν διαφέρει· ἐὰν μέντοι μὴ ʼθέλωσι ταῦτα ποιεῖν εἰπόντος ἐμοῦ,
						αὐτὸς ἤδη διαλέγου αὐτοῖς.</q>
					<q>ἀμέλει,</q> ἔφη οὗτος, <q>ὦ Πασίων, ἐὰν βούλῃ σύ, ἀναγκάσεις αὐτοὺς ταῦτα
						ποιῆσαι.</q>
				</p>
			</div>
			<div type="section" n="12">
				<p>ἃ μὲν διελέχθη, ὦ ἄνδρες δικασταί, οὗτος μὲν τῷ πατρί, ἐκεῖνος δὲ τῷ Ἀρχεβιάδῃ
					καὶ τῷ Κηφισιάδῃ τούτου δεηθέντος καὶ τούτῳ χαριζόμενος, ταῦτʼ ἔστιν, ἐξ ὧν κατὰ
					μικρὸν ἡ δίκη αὕτη πέπλασται· ὧν ἐγὼ ἤθελον τούτῳ ταύτην ἥτις εἴη μεγίστη πίστις
					δοῦναι, ἦ μὴν ἐγὼ τοῦ πατρὸς ἀκούειν. </p>
			</div>
			<div type="section" n="13">
				<p>οὗτος δὲ ὁ ἀξιῶν ὑφʼ ὑμῶν πιστεύεσθαι ὡς ἀληθῆ λέγων, τρία ἔτη διαλιπὼν ἐπειδὴ τὸ
					πρῶτον διαλεχθέντος τοῦ πατρὸς τῷ Ἀρχεβιάδῃ καὶ τοῖς ἄλλοις τοῖς Κηφισιάδου
					ἐπιτηδείοις οὐκ ἔφασαν Καλλίππῳ προσέχειν τὸν νοῦν οὐδὲ οἷς λέγει, </p>
			</div>
			<div type="section" n="14">
				<p>ἐπειδὴ ᾔσθετο ἀδυνάτως ἤδη ἔχοντα τὸν πατέρα καὶ μόγις εἰς ἄστυ ἀναβαίνοντα καὶ
					τὸν ὀφθαλμὸν αὐτὸν προδιδόντα, λαγχάνει αὐτῷ δίκην, οὐ μὰ Δίʼ οὐχ ὥσπερ νῦν
					ἀργυρίου, ἀλλὰ βλάβης, ἐγκαλέσας βλάπτειν ἑαυτὸν ἀποδιδόντα Κηφισιάδῃ τὸ
					ἀργύριον, ὃ κατέλιπε Λύκων ὁ Ἡρακλεώτης παρʼ αὐτῷ, ἄνευ αὑτοῦ ὁμολογήσαντα μὴ
					ἀποδώσειν. λαχὼν δὲ παρὰ μὲν τοῦ διαιτητοῦ ἀνείλετο τὸ γραμματεῖον, προὐκαλέσατο
					δʼ αὐτὸν ἐπιτρέψαι Λυσιθείδῃ, αὑτοῦ μὲν καὶ Ἰσοκράτους καὶ Ἀφαρέως ἑταίρῳ,
					γνωρίμῳ δὲ τοῦ πατρός. </p>
			</div>
			<div type="section" n="15">
				<p>ἐπιτρέψαντος δὲ τοῦ πατρός, ὃν μὲν χρόνον ἔζη ὁ πατήρ, ὅμως καίπερ οἰκείως ἔχων
					τούτοις ὁ Λυσιθείδης οὐκ ἐτόλμα οὐδὲν εἰς ἡμᾶς ἐξαμαρτάνειν. καίτοι οὕτω τινὲς
					ἀναίσχυντοι τῶν οἰκείων τῶν τουτουί, ὥστε ἐτόλμησαν μαρτυρῆσαι ὡς ὁ μὲν
					Κάλλιππος ὅρκον τῷ πατρὶ δοίη, ὁ δὲ πατὴρ οὐκ ἐθέλοι ὀμόσαι παρὰ τῷ Λυσιθείδῃ,
					καὶ οἴονται ὑμᾶς πείσειν ὡς ὁ Λυσιθείδης, οἰκεῖος μὲν ὢν τῷ Καλλίππῳ διαιτῶν δὲ
					τὴν δίαιταν, ἀπέσχετʼ ἂν μὴ οὐκ εὐθὺς τοῦ πατρὸς καταδιαιτῆσαι, αὐτοῦ γε ἑαυτῷ
					μὴ ʼθέλοντος δικαστοῦ γενέσθαι τοῦ πατρός. </p>
			</div>
			<div type="section" n="16">
				<p>ὡς δὲ ἐγὼ μὲν ἀληθῆ λέγω, οὗτοι δὲ ψεύδονται, πρῶτον μὲν αὐτὸ ὑμῖν τοῦτο γενέσθω
					τεκμήριον, ὅτι κατεγνώκει ἂν αὐτοῦ ὁ Λυσιθείδης, καὶ ὅτι ἐγὼ ἐξούλης ἂν ἔφευγον
					νῦν, ἀλλʼ οὐκ ἀργυρίου δίκην· πρὸς δὲ τούτῳ ἐγὼ ὑμῖν τοὺς παρόντας ἑκάστοτε τῷ
					πατρὶ ἐν ταῖς συνόδοις ταῖς πρὸς τοῦτον, αἳ παρὰ τῷ Λυσιθείδῃ ἐγίγνοντο,
					μάρτυρας παρέξομαι.<quote n="*ma/rtures"><title>Μάρτυρες</title></quote></p>
			</div>
			<div type="section" n="17">
				<p>ὅτι μὲν οὐ προκαλεσάμενος εἰς ὅρκον τὸν πατέρα τότε, νυνὶ ἐκείνου τετελευτηκότος
					καταψεύδεται, καὶ κατʼ ἐμοῦ ῥᾳδίως τὰ ψευδῆ μαρτυροῦντας τοὺς οἰκείους τοὺς
					ἑαυτοῦ παρέχεται, ἔκ τε τῶν τεκμηρίων καὶ ἐκ τῆς μαρτυρίας ταύτης ῥᾴδιον ὑμῖν
					εἰδέναι. ὅτι δὲ ἐγὼ ὑπὲρ τοῦ πατρὸς ἠθέλησα αὐτῷ πίστιν δοῦναι ἥνπερ ὁ νόμος
					κελεύει, ἐάν τις τεθνεῶτι ἐπικαλῶν δικάζηται τῷ κληρονόμῳ, </p>
			</div>
			<div type="section" n="18">
				<p>μὴ δοκεῖν μοι μήτε ὁμολογῆσαι τὸν πατέρα τούτῳ ἀποδώσειν τὸ ἀργύριον ὃ κατέλιπε
					Λύκων, μήτε συσταθῆναι αὐτὸν τῷ πατρὶ ὑπὸ τοῦ Λύκωνος, καὶ Φορμίων, ἦ μὴν
					διαλογίσασθαί τε ἐναντίον Ἀρχεβιάδου τῷ Λύκωνι αὐτὸς καὶ προσταχθῆναι αὑτῷ
					Κηφισιάδῃ ἀποδοῦναι τὸ ἀργύριον, τὸν δὲ Κηφισιάδην δεῖξαι αὑτῷ τὸν Ἀρχεβιάδην,
				</p>
			</div>
			<div type="section" n="19">
				<p>καὶ ὅτε Κάλλιππος προσῆλθεν τὸ πρῶτον πρὸς τὴν τράπεζαν, λέγων ὅτι τετελευτηκὼς
					εἴη ὁ Λύκων καὶ αὐτὸς ἀξιοίη τὰ γράμματα ἰδεῖν, εἴ τι καταλελοιπὼς εἴη ὁ ξένος
					ἀργύριον, ἦ μὴν δείξαντος ἑαυτοῦ εὐθὺς αὐτῷ τὰ γράμματα, ἰδόντα αὐτὸν τῷ
					Κηφισιάδῃ γεγραμμένον ἀποδοῦναι, σιωπῇ οἴχεσθαι ἀπιόντα, οὐδὲν οὔτε
					ἀμφισβητήσαντα οὔτʼ ἀπειπόνθʼ αὑτῷ περὶ τοῦ ἀργυρίου, τούτων ὑμῖν τάς τε
					μαρτυρίας ἀμφοτέρας καὶ τὸν νόμον ἀναγνώσεται.<quote n="*marturi/ai"
							><title>Μαρτυρίαι</title></quote><quote n="*no/mos"
						><title>Νόμος</title></quote>
				</p>
			</div>
			<div type="section" n="20">
				<p>φέρε δὴ ὑμῖν, ὦ ἄνδρες δικασταί, ὡς οὐδʼ ἐχρῆτο Λύκων τῷ Καλλίππῳ ἐπιδείξω· οἶμαι
					γάρ τί μοι καὶ τοῦτο εἶναι πρὸς τὴν ἀλαζονείαν τὴν τουτουὶ τοῦ φάσκοντος αὑτῷ
					δωρεὰν δοθῆναι τὸ ἀργύριον τοῦτο παρὰ τοῦ Λύκωνος. ἐκεῖνος γὰρ τετταράκοντα μνᾶς
					ἔκδοσιν ἐκδοὺς εἰς Ἄκην Μεγακλείδῃ τῷ Ἐλευσινίῳ καὶ Θρασύλλῳ τῷ ἀδελφῷ αὐτοῦ,
					μεταδόξαν αὐτῷ μὴ ἐκεῖσε πλεῖν μηδὲ κινδυνεύειν, ἐγκαλέσας τι τῷ Μεγακλείδῃ περὶ
					τῶν τόκων ὡς ἐξηπατημένος διεφέρετο καὶ ἐδικάζετο, βουλόμενος τὴν ἔκδοσιν
					κομίσασθαι. </p>
			</div>
			<div type="section" n="21">
				<p>συχνῆς δὲ πάνυ πραγματείας περὶ τοσαῦτα χρήματα γενομένης, τὸν μὲν Κάλλιππον ὁ
					Λύκων οὐδαμοῖ πώποτε παρεκάλεσεν, τὸν δὲ Ἀρχεβιάδην καὶ τοὺς τοῦ Ἀρχεβιάδου
					φίλους· καὶ ὁ διαλλάξας αὐτοὺς Ἀρχεβιάδης ἦν. ὡς δὲ ἀληθῆ λέγω, τούτων ὑμῖν
					αὐτὸν τὸν Μεγακλείδην μάρτυρα παρέξομαι.<quote n="*marturi/a"
							><title>Μαρτυρία</title></quote>
				</p>
			</div>
			<div type="section" n="22">
				<p>οὑτωσὶ μὲν οἰκείως φαίνεται χρώμενος, ὦ ἄνδρες δικασταί, ὁ Λύκων τῷ Καλλίππῳ,
					ὥστε μήτε παρακαλεῖν αὐτὸν ἐπὶ τὰ αὑτοῦ πράγματα μήτε κατάγεσθαι ὡς τοῦτον
					μηδεπώποτε· καὶ αὐτό γε τοῦτο μόνον οὐ τετολμήκασιν οἱ οἰκεῖοι <add>οἱ</add>
					τούτου μαρτυρῆσαι, ὡς κατήγετο παρὰ τούτῳ ἐκεῖνος, εὖ εἰδότες ὅτι διὰ βασάνου ἐκ
					τῶν οἰκετῶν ὁ ἔλεγχος ἤδη ἔσοιτο, εἴ τι τοιοῦτο ψεύσοιντο. </p>
			</div>
			<div type="section" n="23">
				<p>βούλομαι δʼ ὑμῖν καὶ τεκμήριόν τι εἰπεῖν τηλικοῦτον, ᾧ δῆλον ὑμῖν ἔσται, ὡς ἐγὼ
					οἴομαι, ὅτι πάντα πρὸς ὑμᾶς ἔψευσται. τῷ γὰρ Λύκωνι, ὦ ἄνδρες δικασταί, εἴπερ
					ἠσπάζετο μὲν τουτονὶ καὶ οἰκείως εἶχεν, ὥσπερ οὗτός φησιν, ἐβούλετο δὲ δωρεὰν
					δοῦναι αὐτῷ, </p>
			</div>
			<div type="section" n="24">
				<p>εἴ τι πάθοι, τὸ ἀργύριον, πότερον κάλλιον ἦν ἄντικρυς παρὰ τῷ Καλλίππῳ καταλιπεῖν
					τὸ ἀργύριον, ὃ ἔμελλε σωθεὶς μὲν ὀρθῶς καὶ δικαίως ἀπολήψεσθαι παρὰ φίλου γε
					ὄντος αὐτῷ καὶ προξένου, εἰ δέ τι πάθοι, ἄντικρυς ἔσεσθαι δεδωκώς, ὥσπερ καὶ
					ἐβούλετο, ἢ ἐπὶ τῇ τραπέζῃ καταλιπεῖν; ἐγὼ μὲν γὰρ οἶμαι ἐκεῖνο καὶ δικαιότερον
					καὶ μεγαλοπρεπέστερον εἶναι. οὐ τοίνυν φαίνεται τούτων οὐδὲν ποιήσας, ὥστε καὶ
					ταῦτα ὑμῖν τεκμήρια ἔστω, ἀλλὰ τῷ Κηφισιάδῃ καὶ γράψας καὶ προστάξας ἀποδοῦναι.
				</p>
			</div>
			<div type="section" n="25">
				<p>ἔτι τοίνυν καὶ τοδὶ σκέψασθε, ὦ ἄνδρες δικασταί, ὅτι Κάλλιππος μὲν ἦν πολίτης
					ὑμέτερος καὶ οὐκ ἀδύνατος οὐδέτερα ποιῆσαι, οὔτε κακῶς οὔτε εὖ, ὁ δὲ Κηφισιάδης
					καὶ μέτοικος καὶ οὐδὲν δυνάμενος, ὥστε μὴ προσθέσθαι ἂν παρὰ τὸ δίκαιον τῷ
					Κηφισιάδῃ μᾶλλον τὸν πατέρα ἢ τούτῳ τὰ δίκαια ποιῆσαι. </p>
			</div>
			<div type="section" n="26">
				<p>ἀλλὰ νὴ Δία, ἴσως ἂν εἴποι, κερδαίνων τι ἰδίᾳ ὁ πατὴρ ἀπὸ τοῦ ἀργυρίου ἐκείνῳ
					μᾶλλον προσετίθετο τὴν γνώμην ἢ τούτῳ. εἶτα πρῶτον μὲν τὸν δυνησόμενον διπλάσιον
					τοῦ λήμματος κακὸν ποιῆσαι ἠδίκει, ἔπειτα ἐνταῦθα μὲν αἰσχροκερδὴς ἦν, εἰς δὲ
					τὰς εἰσφορὰς καὶ λῃτουργίας καὶ δωρεὰς τῇ πόλει οὔ; </p>
			</div>
			<div type="section" n="27">
				<p>καὶ τῶν μὲν ξένων οὐδένα ἠδίκει, Κάλλιππον δέ; καὶ οὗτος, ὡς χρηστῷ μὲν αὐτῷ ὄντι
					καὶ οὐδὲν ἂν ψευσαμένῳ ὅρκον ἐδίδου, ὥς φησιν, ὡς περὶ πονηροῦ δὲ καὶ
					ἀπαλείφοντος ἀπὸ τῶν παρακαταθηκῶν νυνὶ διαλέγεται; κἀκεῖνος οὔτʼ ὀμόσαι ʼθέλων,
					ὡς οὗτός φησιν, οὔτʼ ἀποδιδοὺς οὐκ εὐθὺς ἂν ὠφλήκει; τῷ ταῦτα πιστά, ὦ ἄνδρες
					δικασταί; </p>
			</div>
			<div type="section" n="28">
				<p>ἐγὼ μὲν γὰρ οὐδενὶ οἴομαι. καὶ ὁ Ἀρχεβιάδης εἰς τοῦτο φαυλότητος ἥκει, ὥστε τοῦ
					Καλλίππου δημότου ὄντος αὐτῷ καὶ πολιτευομένου καὶ οὐκ ἰδιώτου ὄντος
					καταμαρτυρεῖ, καὶ φησὶν ἡμᾶς μὲν ἀληθῆ λέγειν, τοῦτον δὲ ψεύδεσθαι, καὶ ταῦτα
					εἰδὼς ὅτι, ἂν οὗτος βούληται ἐπισκήψασθαι αὐτῷ τῶν ψευδομαρτυρίων καὶ ἄλλο μηδὲν
					ποιῆσαι ἢ ἐξορκῶσαι, ἀνάγκη αὐτῷ ἔσται πίστιν ἐπιθεῖναι ἣν ἂν κελεύῃ οὗτος. </p>
			</div>
			<div type="section" n="29">
				<p>ἔπειτα ἵνα ὁ Κηφισιάδης ἔχῃ τὸ ἀργύριον, ἄνθρωπος μέτοικος, ἢ Φορμίων, ὅν φησιν
					ἀπαληλιφέναι τι οὗτος τοῦ ἀργυρίου, πεισθήσεσθε ὑμεῖς ὡς ἐπιορκήσειεν
						<add>ἂν</add> ὁ Ἀρχεβιάδης; οὐκ ἔκ γε τῶν εἰκότων, ὦ ἄνδρες δικασταί. οὐ γὰρ
					ἄξιον οὔτε Ἀρχεβιάδου κακίαν οὐδεμίαν καταγνῶναι οὔτε τοῦ πατρὸς τοῦ ἡμετέρου·
					πολὺ γὰρ αὐτὸν φιλότιμον ἴστε μᾶλλον ὄντα ἢ κακόν τι ἢ αἰσχρὸν ἐπιτηδεύοντα, καὶ
					πρὸς Κάλλιππον οὐχ οὕτως ἔχοντα ὥστε καταφρονήσαντα τούτου ἀδικῆσαι
						<del>ἄν</del> τι αὐτόν. </p>
			</div>
			<div type="section" n="30">
				<p>οὐ γὰρ οὕτω μοι δοκεῖ δύνασθαι ὥστʼ εὐκαταφρόνητος εἶναι, ὃς οὕτως ἐρρωμένος
					ἐστίν, ὥστε πέρυσί μοι λαχὼν τὴν δίκην ταυτηνὶ καὶ προκαλεσάμενος τῷ Λυσιθείδῃ
					ἐπιτρέψαι, ἐγὼ μὲν καίπερ καταπεφρονημένος ὑπʼ αὐτοῦ τοῦτό γε ὀρθῶς ἐβουλευσάμην
					(κατὰ τοὺς νόμους γὰρ ἐπέτρεψα καὶ ἀπήνεγκα πρὸς τὴν ἀρχήν), οὗτος δὲ τὸν κατὰ
					τοὺς νόμους ἀπενηνεγμένον διαιτητὴν ἔπεισεν ἀνώμοτον διαιτῆσαι, ἐμοῦ
					διαμαρτυρομένου κατὰ τοὺς νόμους ὀμόσαντα διαιτᾶν, ἵνα αὐτῷ ᾖ πρὸς ὑμᾶς λέγειν
					ὅτι καὶ Λυσιθείδης, ἀνὴρ καλὸς κἀγαθός, ἔγνω περὶ αὐτῶν. </p>
			</div>
			<div type="section" n="31">
				<p>Λυσιθείδης γάρ, ὦ ἄνδρες δικασταί, ἕως μὲν ὁ πατὴρ ἔζη, καὶ ἄνευ ὅρκου καὶ μεθʼ
					ὅρκου ἴσως ἂν οὐκ ἠδίκησεν ἐκεῖνον· ἔμελε γὰρ αὐτῷ ἐκείνου. ἐμοῦ δὲ ἄνευ μὲν
					ὅρκου οὐδὲν αὐτῷ ἔμελεν, μεθʼ ὅρκου δὲ ἴσως ἂν οὐκ ἠδίκησεν διὰ τὸ αὑτοῦ ἴδιον·
					διόπερ ἀνώμοτος ἀπεφήνατο. ὡς δὲ ἀληθῆ λέγω, καὶ τούτων ὑμῖν τοὺς παραγενομένους
					μάρτυρας παρέξομαι.<quote n="*ma/rtures"><title>Μάρτυρες</title></quote>
				</p>
			</div>
			<div type="section" n="32">
				<p>ὅ τι μὲν καὶ παρὰ τοὺς νόμους καὶ παρὰ τὸ δίκαιον δύναται διαπράττεσθαι
					Κάλλιππος, ὦ ἄνδρες δικασταί, τῆς μαρτυρίας ἀκηκόατε. δέομαι δὲ ὑμῶν αὐτός τε
					ὑπὲρ ἐμαυτοῦ καὶ ὑπὲρ τοῦ πατρός, ἀναμνησθέντας ὅτι πάντων μὲν ὑμῖν καὶ μάρτυρας
					καὶ τεκμήρια καὶ νόμους καὶ πίστεις παρεσχόμην ὧν εἴρηκα, τούτῳ δὲ ἐπιδείκνυμι
					ὅτι ἐξόν, εἴπερ τι αὐτῷ προσῆκεν τοῦ ἀργυρίου, ἐπὶ τὸν Κηφισιάδην βαδίζειν τὸν
					ὁμολογοῦντα κεκομίσθαι καὶ ἔχειν τὸ ἀργύριον, </p>
			</div>
			<div type="section" n="33">
				<p>καὶ ταῦτα μηδὲν ἧττον τὰ πιστὰ παρʼ ἡμῶν λαβόντα, οὐκ ἔρχεται, εἰδὼς ὅτι οὐκ
					ἔστιν παρʼ ἡμῖν τὸ ἀργύριον, δέομαι ὑμῶν ἀποψηφίσασθαί μου. καὶ ταῦτα ποιοῦντες
					πρῶτον μὲν τὰ δίκαια καὶ κατὰ τοὺς νόμους ἔσεσθε ἐψηφισμένοι, ἔπειτα ἄξια μὲν
					αὐτῶν ὑμῶν, ἄξια δὲ τοῦ πατρὸς τοῦ ἐμοῦ· ὡς ἐγὼ ὑμᾶς ἂν δεξαίμην ἅπαντα τὰ
					ἐμαυτοῦ λαβεῖν μᾶλλον ἢ ἀδίκως τι συκοφαντούμενος ἀποτεῖσαι.</p>
			</div>
		</body>
	</text>
</TEI>
