<?xml version="1.0" encoding="UTF-8"?>
<TEI xmlns="http://www.tei-c.org/ns/1.0">
	<teiHeader>

		<fileDesc>

			<titleStmt>
				<title>Against Lacritus </title>
				<author>Demosthenes</author>
				<sponsor>Perseus Project, Tufts University</sponsor>
				<principal>Gregory Crane</principal>
				<respStmt>
					<resp>Prepared under the supervision of</resp>
					<name>Lisa Cerrato</name>
					<name>William Merrill</name>
					<name>Elli Mylonas</name>
					<name>David Smith</name>
				</respStmt>
				<funder n="org:AnnCPB">The Annenberg CPB/Project</funder>

			</titleStmt>
			<publicationStmt>
				<publisher>Trustees of Tufts University</publisher>
				<pubPlace>Medford, MA</pubPlace>
				<authority>Perseus Project</authority>
			</publicationStmt>





			<sourceDesc>
				<biblStruct>
					<monogr>
						<author>Demosthenes</author>
						<title>Demosthenis.Orationes. ed. W. Rennie</title>

						<imprint>
							<publisher>Oxonii. E Typographeo Clarendoniano</publisher>
							<date>1921</date>
						</imprint>
					</monogr>
				</biblStruct>
			</sourceDesc>


		</fileDesc>

		<encodingDesc>

			<refsDecl>
				<refState unit="speech"/>
				<refState unit="section"/>
			</refsDecl>
		</encodingDesc>

		<profileDesc>
			<langUsage>
				<language ident="greek">Greek </language>
				<language ident="en">English </language>
			</langUsage>
		</profileDesc>
	</teiHeader>
	<text xml:lang="grc">
		<body>

			<div type="section" n="1">
				<p>οὐδὲν καινὸν διαπράττονται οἱ Φασηλῖται, ὦ ἄνδρες δικασταί, ἀλλʼ ἅπερ εἰώθασιν.
					οὗτοι γὰρ δεινότατοι μέν εἰσιν δανείσασθαι χρήματα ἐν τῷ ἐμπορίῳ, ἐπειδὰν δὲ
					λάβωσιν καὶ συγγραφὴν συγγράψωνται ναυτικήν, εὐθὺς ἐπελάθοντο καὶ τῶν συγγραφῶν
					καὶ τῶν νόμων καὶ ὅτι δεῖ ἀποδοῦναι αὐτοὺς ἃ ἔλαβον, </p>
			</div>
			<div type="section" n="2">
				<p>καὶ οἴονται, ἐὰν ἀποδῶσιν, ὥσπερ τῶν ἰδίων τι τῶν ἑαυτῶν ἀπολωλεκέναι, ἀλλʼ ἀντὶ
					τοῦ ἀποδοῦναι σοφίσματα εὑρίσκουσιν καὶ παραγραφὰς καὶ προφάσεις, καὶ εἰσὶν
					πονηρότατοι ἀνθρώπων καὶ ἀδικώτατοι. τεκμήριον δὲ τούτου· πολλῶν γὰρ
					ἀφικνουμένων εἰς τὸ ὑμέτερον ἐμπόριον καὶ Ἑλλήνων καὶ βαρβάρων, πλείους δίκαι
					εἰσὶν ἑκάστοτε αὐτῶν τῶν Φασηλιτῶν ἢ τῶν ἄλλων ἁπάντων. </p>
			</div>
			<div type="section" n="3">
				<p>οὗτοι μὲν οὖν τοιοῦτοί εἰσιν· ἐγὼ δέ, ὦ ἄνδρες δικασταί, χρήματα δανείσας
					Ἀρτέμωνι τῷ τούτου ἀδελφῷ κατὰ τοὺς ἐμπορικοὺς νόμους, εἰς τὸν Πόντον καὶ πάλιν
					Ἀθήναζε, τελευτήσαντος ἐκείνου πρὶν ἀποδοῦναί μοι τὰ χρήματα, Λακρίτῳ τουτῳὶ
					εἴληχα τὴν δίκην ταύτην κατὰ τοὺς αὐτοὺς νόμους τούτους καθʼ οὕσπερ τὸ
					συμβόλαιον ἐποιησάμην, </p>
			</div>
			<div type="section" n="4">
				<p>ἀδελφῷ ὄντι τούτῳ ἐκείνου καὶ ἔχοντι ἅπαντα τὰ Ἀρτέμωνος, καὶ ὅσα ἐνθάδε
					κατέλιπεν καὶ ὅσα ἦν αὐτῷ ἐν τῇ Φασήλιδι, καὶ κληρονόμῳ ὄντι τῶν ἐκείνου
					ἁπάντων, καὶ οὐκ ἂν ἔχοντος τούτου δεῖξαι νόμον ὅστις αὐτῷ δίδωσιν ἐξουσίαν
					ἔχειν μὲν τὰ τοῦ ἀδελφοῦ καὶ διῳκηκέναι ὅπως ἐδόκει αὐτῷ, μὴ ἀποδοῦναι δὲ τὰ
					ἀλλότρια χρήματα, ἀλλὰ λέγειν νῦν ὅτι οὐκ ἔστιν κληρονόμος, ἀλλʼ ἀφίσταται τῶν
					ἐκείνου. </p>
			</div>
			<div type="section" n="5">
				<p>ἡ μὲν τουτουὶ Λακρίτου πονηρία τοιαύτη ἐστίν· ἐγὼ δʼ ὑμῶν δέομαι, ὦ ἄνδρες
					δικασταί, εὐνοϊκῶς ἀκοῦσαί μου περὶ τοῦ πράγματος τουτουί· κἂν ἐξελέγξω αὐτὸν
					ἀδικοῦντα ἡμᾶς τε τοὺς δανείσαντας καὶ ὑμᾶς οὐδὲν ἧττον, βοηθεῖτε ἡμῖν τὰ
					δίκαια. </p>
			</div>
			<div type="section" n="6">
				<p>ἐγὼ γάρ, ὦ ἄνδρες δικασταί, αὐτὸς μὲν οὐδʼ ὁπωστιοῦν ἐγνώριζον τοὺς ἀνθρώπους
					τούτους· Θρασυμήδης δʼ ὁ Διοφάντου υἱός, ἐκείνου τοῦ Σφηττίου, καὶ Μελάνωπος ὁ
					ἀδελφὸς αὐτοῦ ἐπιτήδειοί μοί εἰσιν, καὶ χρώμεθα ἀλλήλοις ὡς οἷόν τε μάλιστα.
					οὗτοι προσῆλθόν μοι μετὰ Λακρίτου τουτουί, ὁπόθεν δήποτε ἐγνωρισμένοι τούτῳ (οὐ
					γὰρ οἶδα), </p>
			</div>
			<div type="section" n="7">
				<p>καὶ ἐδέοντό μου δανεῖσαι χρήματα εἰς τὸν Πόντον Ἀρτέμωνι τῷ τούτου ἀδελφῷ καὶ
					Ἀπολλοδώρῳ, ὅπως ἂν ἐνεργοὶ ὦσιν, οὐδὲν εἰδώς, ὦ ἄνδρες δικασταί, οὐδʼ ὁ
					Θρασυμήδης τὴν τούτων πονηρίαν, ἀλλʼ οἰόμενος εἶναι ἐπιεικεῖς ἀνθρώπους καὶ
					οἷοίπερ προσεποιοῦντο καὶ ἔφασαν εἶναι, καὶ ἡγούμενος ποιήσειν αὐτοὺς πάντα
					ὅσαπερ ὑπισχνεῖτο καὶ ἀνεδέχετο Λάκριτος οὑτοσί. </p>
			</div>
			<div type="section" n="8">
				<p>πλεῖστον δʼ ἄρα ἦν ἐψευσμένος, καὶ οὐδὲν ᾔδει οἵοις θηρίοις ἐπλησίαζε τοῖς
					ἀνθρώποις τούτοις. κἀγὼ πεισθεὶς ὑπὸ τοῦ Θρασυμήδους καὶ τοῦ ἀδελφοῦ αὐτοῦ, καὶ
					Λακρίτου τουτουὶ ἀναδεχομένου μοι πάντʼ ἔσεσθαι τὰ δίκαια παρὰ τῶν ἀδελφῶν τῶν
					αὑτοῦ, ἐδάνεισα μετὰ ξένου τινὸς ἡμετέρου Καρυστίου τριάκοντα μνᾶς ἀργυρίου.
				</p>
			</div>
			<div type="section" n="9">
				<p>βούλομαι οὖν, ὦ ἄνδρες δικασταί, τῆς συγγραφῆς ἀκοῦσαι ὑμᾶς πρῶτον, καθʼ ἣν
					ἐδανείσαμεν τὰ χρήματα, καὶ τῶν μαρτύρων τῶν παραγενομένων τῷ δανείσματι· ἔπειτα
					περὶ τῶν ἄλλων ἐπιδείξομεν, οἷα ἐτοιχωρύχησαν οὗτοι περὶ τὸ δάνειον. λέγε τὴν
					συγγραφήν, εἶτα τὰς μαρτυρίας. </p>
			</div>
			<div type="section" n="10">
				<quote n="*suggrafh/"><title>Συγγραφή</title><p>ἐδάνεισαν Ἀνδροκλῆς Σφήττιος καὶ
						Ναυσικράτης Καρύστιος Ἀρτέμωνι καὶ Ἀπολλοδώρῳ Φασηλίταις ἀργυρίου δραχμὰς
						τρισχιλίας Ἀθήνηθεν εἰς Μένδην ἢ Σκιώνην, καὶ ἐντεῦθεν εἰς Βόσπορον, ἐὰν δὲ
						βούλωνται, τῆς ἐπʼ ἀριστερὰ μέχρι Βορυσθένους, καὶ πάλιν Ἀθήναζε, ἐπὶ
						διακοσίαις εἴκοσι πέντε τὰς χιλίας, ἐὰν δὲ μετʼ Ἀρκτοῦρον ἐκπλεύσωσιν ἐκ τοῦ
						Πόντου ἐφʼ Ἱερόν, ἐπὶ τριακοσίαις τὰς χιλίας, ἐπὶ οἴνου κεραμίοις Μενδαίοις
						τρισχιλίοις, ὃς πλεύσεται ἐκ Μένδης ἢ Σκιώνης ἐν τῇ εἰκοσόρῳ ἣν Ὑβλήσιος
						ναυκληρεῖ.</p></quote>
			</div>
			<div type="section" n="11">
				<quote n="continued">ὑποτιθέασι δὲ ταῦτα, οὐκ ὀφείλοντες ἐπὶ τούτοις ἄλλῳ οὐδενὶ
					οὐδὲν ἀργύριον, οὐδʼ ἐπιδανείσονται. καὶ ἀπάξουσι τὰ χρήματα τὰ ἐκ τοῦ Πόντου
					ἀντιφορτισθέντα Ἀθήναζε πάλιν ἐν τῷ αὐτῷ πλοίῳ ἅπαντα. σωθέντων δὲ τῶν χρημάτων
					Ἀθήναζε, ἀποδώσουσιν οἱ δανεισάμενοι τοῖς δανείσασι τὸ γιγνόμενον ἀργύριον κατὰ
					τὴν συγγραφὴν ἡμερῶν εἴκοσιν, ἀφʼ ἧς ἂν ἔλθωσιν Ἀθήναζε, ἐντελὲς πλὴν ἐκβολῆς,
					ἣν ἂν οἱ σύμπλοι ψηφισάμενοι κοινῇ ἐκβάλωνται, καὶ ἄν τι πολεμίοις ἀποτείσωσιν·
					τῶν δʼ ἄλλων ἁπάντων ἐντελές. καὶ παρέξουσι τοῖς δανείσασι τὴν ὑποθήκην ἀνέπαφον
					κρατεῖν, ἕως ἂν ἀποδῶσι τὸ γιγνόμενον ἀργύριον κατὰ τὴν συγγραφήν.</quote>
			</div>
			<div type="section" n="12">
				<quote n="continued">ἐὰν δὲ μὴ ἀποδῶσιν ἐν τῷ συγκειμένῳ χρόνῳ, τὰ ὑποκείμενα τοῖς
					δανείσασιν ἐξέστω ὑποθεῖναι καὶ ἀποδόσθαι τῆς ὑπαρχούσης τιμῆς· καὶ ἐάν τι
					ἐλλείπῃ τοῦ ἀργυρίου, ὃ δεῖ γενέσθαι τοῖς δανείσασι κατὰ τὴν συγγραφήν, παρὰ
					Ἀρτέμωνος καὶ Ἀπολλοδώρου ἔστω ἡ πρᾶξις τοῖς δανείσασι καὶ ἐκ τῶν τούτων
					ἁπάντων, καὶ ἐγγείων καὶ ναυτικῶν, πανταχοῦ ὅπου ἂν ὦσι, καθάπερ δίκην ὠφληκότων
					καὶ ὑπερημέρων ὄντων, καὶ ἑνὶ ἑκατέρῳ τῶν δανεισάντων καὶ ἀμφοτέροις.</quote>
			</div>
			<div type="section" n="13">
				<quote n="continued">ἐὰν δὲ μὴ εἰσβάλωσι, μείναντες ἐπὶ κυνὶ ἡμέρας δέκα ἐν
					Ἑλλησπόντῳ, ἐξελόμενοι ὅπου ἂν μὴ σῦλαι ὦσιν Ἀθηναίοις, καὶ ἐντεῦθεν
					καταπλεύσαντες Ἀθήναζε τοὺς τόκους ἀποδόντων τοὺς πέρυσι γραφέντας εἰς τὴν
					συγγραφήν. ἐὰν δέ τι ἡ ναῦς πάθῃ ἀνήκεστον ἐν ᾗ ἂν πλέῃ τὰ χρήματα, σωτηρία δʼ
					ἔσται τῶν ὑποκειμένων, τὰ περιγενόμενα κοινὰ ἔστω τοῖς δανείσασιν. κυριώτερον δὲ
					περὶ τούτων ἄλλο μηδὲν εἶναι τῆς συγγραφῆς.<p>Μάρτυρες· Φορμίων Πειραιεύς,
						Κηφισόδοτος Βοιώτιος, Ἡλιόδωρος Πιθεύς.</p></quote>
			</div>
			<div type="section" n="14">
				<p>λέγε δὴ καὶ τὰς μαρτυρίας.<quote n="*marturi/ai"
							><title>Μαρτυρίαι</title><p>Ἀρχενομίδης Ἀρχεδάμαντος Ἀναγυράσιος
							μαρτυρεῖ συνθήκας παρʼ ἑαυτῷ καταθέσθαι Ἀνδροκλέα Σφήττιον, Ναυσικράτην
							Καρύστιον, Ἀρτέμωνα, Ἀπολλόδωρον Φασηλίτας, καὶ εἶναι παρʼ ἑαυτῷ ἔτι
							κειμένην τὴν συγγραφήν.</p></quote>λέγε δὴ καὶ τὴν τῶν παραγενομένων
						μαρτυρίαν.<quote n="*marturi/a"><title>Μαρτυρία</title><p>Θεόδοτος ἰσοτελής,
							Χαρῖνος Ἐπιχάρους Λευκονοεύς, Φορμίων Κτησιφῶντος Πειραιεύς, Κηφισόδοτος
							Βοιώτιος, Ἡλιόδωρος Πιθεὺς μαρτυροῦσι παρεῖναι, ὅτʼ ἐδάνεισεν Ἀνδροκλῆς
							Ἀπολλοδώρῳ καὶ Ἀρτέμωνι ἀργυρίου τρισχιλίας δραχμάς, καὶ εἰδέναι τὴν
							συγγραφὴν καταθεμένους παρὰ Ἀρχενομίδῃ Ἀναγυρασίῳ.</p></quote>
				</p>
			</div>
			<div type="section" n="15">
				<p>κατὰ τὴν συγγραφὴν ταύτην, ὦ ἄνδρες δικασταί, ἐδάνεισα τὰ χρήματα Ἀρτέμωνι τῷ
					τούτου ἀδελφῷ, κελεύοντος τούτου καὶ ἀναδεχομένου ἅπαντα ἔσεσθαί μοι τὰ δίκαια
					κατὰ τὴν συγγραφήν, καθʼ ἣν ἐδάνεισα τούτου αὐτοῦ γράφοντος καὶ συσσημηναμένου,
					ἐπειδὴ ἐγράφη. οἱ μὲν γὰρ ἀδελφοὶ οἱ τούτου ἔτι νεώτεροι ἦσαν, μειράκια κομιδῇ,
					οὑτοσὶ δὲ Λάκριτος Φασηλίτης, μέγα πρᾶγμα, Ἰσοκράτους μαθητής· </p>
			</div>
			<div type="section" n="16">
				<p>οὗτος ἦν ὁ πάντα διοικῶν, καὶ ἑαυτῷ με τὸν νοῦν προσέχειν ἐκέλευεν· αὐτὸς γὰρ ἔφη
					ποιήσειν μοι τὰ δίκαια ἅπαντα καὶ ἐπιδημήσειν Ἀθήνησιν, τὸν δὲ ἀδελφὸν τὸν
					ἑαυτοῦ Ἀρτέμωνα πλεύσεσθαι ἐπὶ τοῖς χρήμασιν. καὶ τότε μέν, ὦ ἄνδρες δικασταί,
					ὅτʼ ἐβούλετο τὰ χρήματα λαβεῖν παρʼ ἡμῶν, καὶ ἀδελφὸς ἔφη εἶναι καὶ κοινωνὸς τοῦ
					Ἀρτέμωνος, καὶ λόγους θαυμασίως ὡς πιθανοὺς ἔλεγεν· </p>
			</div>
			<div type="section" n="17">
				<p>ἐπειδὴ δὲ τάχιστα ἐγκρατεῖς ἐγένοντο τοῦ ἀργυρίου, τοῦτο μὲν διενείμαντο καὶ
					ἐχρῶντο ὅ τι ἐδόκει τούτοις, κατὰ δὲ τὴν συγγραφὴν τὴν ναυτικήν, καθʼ ἣν ἔλαβον
					τὰ χρήματα, οὔτε μέγα οὔτε μικρὸν ἔπραττον, ὡς αὐτὸ τὸ ἔργον ἐδήλωσεν. οὑτοσὶ δὲ
					Λάκριτος ἁπάντων ἦν τούτων ὁ ἐξηγητής. καθʼ ἕκαστον δὲ τῶν γεγραμμένων ἐν τῇ
					συγγραφῇ ἐπιδείξω τούτους οὐδʼ ὁτιοῦν πεποιηκότας ὑγιές. </p>
			</div>
			<div type="section" n="18">
				<p>πρῶτον μὲν γὰρ γέγραπται ὅτι ἐπʼ οἴνου κεραμίοις τρισχιλίοις ἐδανείζοντο παρʼ
					ἡμῶν τὰς τριάκοντα μνᾶς, ὡς ὑπαρχούσης αὐτοῖς ὑποθήκης ἑτέρων τριάκοντα μνῶν,
					ὥστε εἰς τάλαντον ἀργυρίου τὴν τιμὴν εἶναι τοῦ οἴνου καθισταμένην, σὺν τοῖς
					ἀναλώμασιν, ὅσα ἔδει ἀναλίσκεσθαι εἰς τὴν κατασκευὴν τὴν περὶ τὸν οἶνον· τὰ δὲ
					τρισχίλια κεράμια ἄγεσθαι ταῦτα εἰς τὸν Πόντον ἐν τῇ εἰκοσόρῳ ἣν Ὑβλήσιος
					ἐναυκλήρει. </p>
			</div>
			<div type="section" n="19">
				<p>γέγραπται μὲν ταῦτα ἐν τῇ συγγραφῇ, ὦ ἄνδρες δικασταί, ἧς ὑμεῖς ἀκηκόατε· οὗτοι
					δὲ ἀντὶ τῶν τρισχιλίων κεραμίων οὐδὲ πεντακόσια κεράμια εἰς τὸ πλοῖον ἐνέθεντο,
					ἀλλʼ ἀντὶ τοῦ ἠγοράσθαι αὐτοῖς τὸν οἶνον, ὅσον προσῆκεν, τοῖς χρήμασιν ἐχρῶντο ὅ
					τι ἐδόκει τούτοις, τὰ δὲ κεράμια τὰ τρισχίλια οὐδʼ ἐμέλλησαν οὐδὲ διενοήθησαν
					ἐνθέσθαι εἰς τὸ πλοῖον κατὰ τὴν συγγραφήν. ὅτι δʼ ἀληθῆ ταῦτα λέγω, λαβὲ τὴν
					μαρτυρίαν τῶν συμπλεόντων ἐν τῷ αὐτῷ πλοίῳ τούτοις. </p>
			</div>
			<div type="section" n="20">
				<quote n="*marturi/a"><title>Μαρτυρία</title>Ἐρασικλῆς μαρτυρεῖ κυβερνᾶν τὴν ναῦν ἣν
					Ὑβλήσιος ἐναυκλήρει, καὶ εἰδέναι Ἀπολλόδωρον ἀγόμενον ἐν τῷ πλοίῳ οἴνου Μενδαίου
					κεράμια τετρακόσια πεντήκοντα, καὶ οὐ πλείω· ἄλλο δὲ μηδὲν ἀγώγιμον ἄγεσθαι ἐν
					τῷ πλοίῳ Ἀπολλόδωρον εἰς τὸν Πόντον.<p>Ἱππίας Ἀθηνίππου Ἁλικαρνασσεὺς μαρτυρεῖ
						συμπλεῖν ἐν τῇ Ὑβλησίου νηὶ διοπεύων τὴν ναῦν, καὶ εἰδέναι Ἀπολλόδωρον τὸν
						Φασηλίτην ἀγόμενον ἐν τῷ πλοίῳ ἐκ Μένδης εἰς τὸν Πόντον οἴνου Μενδαίου
						κεράμια τετρακόσια πεντήκοντα, ἄλλο δὲ μηδὲν φορτίον.πρὸς τούσδʼ
						ἐξεμαρτύρησεν· Ἀρχιάδης Μνησωνίδου Ἀχαρνεύς, Σώστρατος Φιλίππου Ἑστιαιόθεν,
						Εὐμάριχος Εὐβοίου Ἑστιαιόθεν, Φιλτάδης Κτησίου Ξυπεταιών, Διονύσιος
						Δημοκρατίδου Χολλῄδης.</p></quote>
			</div>
			<div type="section" n="21">
				<p>περὶ μὲν οὖν τοῦ πλήθους τοῦ οἴνου, ὅσον ἔδει αὐτοὺς ἐνθέσθαι εἰς τὸ πλοῖον,
					ταῦτα διεπράξαντο, καὶ ἤρξαντο εὐθὺς ἐντεῦθεν ἀπὸ τοῦ πρώτου γεγραμμένου
					παραβαίνειν καὶ μὴ ποιεῖν τὰ γεγραμμένα. μετὰ δὲ ταῦτʼ ἔστιν ἐν τῇ συγγραφῇ ὅτι
					ὑποτιθέασιν ταῦτα ἐλεύθερα καὶ οὐδενὶ οὐδὲν ὀφείλοντες, καὶ ὅτι οὐδʼ
					ἐπιδανείσονται ἐπὶ τούτοις παρʼ οὐδενός. ταῦτα διαρρήδην γέγραπται, ὦ ἄνδρες
					δικασταί. </p>
			</div>
			<div type="section" n="22">
				<p>οὗτοι δὲ τί ἐποίησαν; ἀμελήσαντες τῶν γεγραμμένων ἐν τῇ συγγραφῇ δανείζονται παρά
					τινος νεανίσκου, ἐξαπατήσαντες ὡς οὐδενὶ οὐδὲν ὀφείλοντες· καὶ ἡμᾶς τε
					παρεκρούσαντο καὶ ἔλαθον δανεισάμενοι ἐπὶ τοῖς ἡμετέροις, ἐκεῖνόν τε τὸν
					νεανίσκον τὸν δανείσαντα ἐξηπάτησαν ὡς ἐπʼ ἐλευθέροις τοῖς χρήμασιν
					δανειζόμενοι· τοιαῦτα τούτων ἐστὶν τὰ κακουργήματα. ταῦτα δὲ πάντʼ ἐστὶν τὰ
					σοφίσματα Λακρίτου τουτουί. ὅτι δὲ ἀληθῆ λέγω καὶ ἐπεδανείσαντο χρήματα παρὰ τὴν
					συγγραφήν, μαρτυρίαν ἀναγνώσεται ὑμῖν αὐτοῦ τοῦ ἐπιδανείσαντος. </p>
			</div>
			<div type="section" n="23">
				<p>λέγε τὴν μαρτυρίαν.<quote n="*marturi/a"><title>Μαρτυρία</title>Ἄρατος
						Ἁλικαρνασσεὺς μαρτυρεῖ δανεῖσαι Ἀπολλοδώρῳ ἕνδεκα μνᾶς ἀργυρίου ἐπὶ τῇ
						ἐμπορίᾳ, ἣν ἦγεν ἐν τῇ Ὑβλησίου νηὶ εἰς τὸν Πόντον, καὶ τοῖς ἐκεῖθεν
						ἀνταγορασθεῖσι, καὶ μὴ εἰδέναι αὐτὸν δεδανεισμένον παρὰ Ἀνδροκλέους
						ἀργύριον· οὐ γὰρ ἂν δανεῖσαι αὐτὸς Ἀπολλοδώρῳ τὸ ἀργύριον.</quote>
				</p>
			</div>
			<div type="section" n="24">
				<p>αἱ μὲν πανουργίαι τοιαῦται τῶν ἀνθρώπων τούτων εἰσίν. γέγραπται δὲ μετὰ ταῦτα ἐν
					τῇ συγγραφῇ, ὦ ἄνδρες δικασταί, ἐπειδὰν ἀποδῶνται ἐν τῷ Πόντῳ ἃ ἦγον, πάλιν
					ἀνταγοράζειν χρήματα καὶ ἀντιφορτίζεσθαι καὶ ἀπάγειν Ἀθήναζε τὰ ἀντιφορτισθέντα,
					καὶ ἐπειδὰν ἀφίκωνται Ἀθήναζε, ἀποδοῦναι εἴκοσιν ἡμερῶν τὸ ἀργύριον ἡμῖν
					δόκιμον· ἕως δʼ ἂν ἀποδῶσιν, κρατεῖν τῶν χρημάτων ἡμᾶς, καὶ ἀνέπαφα ταῦτα
					παρέχειν τούτους, ἕως ἂν ἀπολάβωμεν. </p>
			</div>
			<div type="section" n="25">
				<p>γέγραπται μὲν ταῦτα οὑτωσὶ ἀκριβῶς ἐν τῇ συγγραφῇ· οὗτοι δέ, ὦ ἄνδρες δικασταί,
					ἐνταῦθα καὶ ἐπεδείξαντο μάλιστα τὴν ὕβριν καὶ τὴν ἀναίδειαν τὴν ἑαυτῶν, καὶ ὅτι
					οὐδὲ μικρὸν προσεῖχον τοῖς γράμμασι τοῖς γεγραμμένοις ἐν τῇ συγγραφῇ, ἀλλʼ
					ἡγοῦντο εἶναι τὴν συγγραφὴν ἄλλως ὕθλον καὶ φλυαρίαν. οὔτε γὰρ ἀντηγόρασαν οὐδὲν
					ἐν τῷ Πόντῳ οὔτε ἀντεφορτίσαντο ὥστε ἄγειν Ἀθήναζε· ἡμεῖς τε οἱ δανείσαντες τὰ
					χρήματα ἡκόντων αὐτῶν τούτων ἐκ τοῦ Πόντου οὐκ εἴχομεν ὅτου ἐπιλαβοίμεθα οὐδʼ
					ὅτου κρατοῖμεν, ἕως κομισαίμεθα τὰ ἡμέτερʼ αὐτῶν· οὐδʼ ὁτιοῦν γὰρ εἰσήγαγον εἰς
					τὸν λιμένα τὸν ὑμέτερον οὗτοι. </p>
			</div>
			<div type="section" n="26">
				<p>ἀλλὰ πεπόνθαμεν καινότατον, ὦ ἄνδρες δικασταί· ἐν γὰρ τῇ πόλει τῇ ἡμετέρᾳ αὐτῶν,
					οὐδὲν ἀδικοῦντες οὐδὲ δίκην οὐδεμίαν ὠφληκότες τούτοις, σεσυλήμεθα τὰ ἡμέτερʼ
					αὐτῶν ὑπὸ τούτων Φασηλιτῶν ὄντων, ὥσπερ δεδομένων συλῶν Φασηλίταις κατʼ
					Ἀθηναίων. ἐπειδὰν γὰρ μὴ ἐθέλωσιν ἀποδοῦναι ἃ ἔλαβον, τί ἄν τις ἄλλο ὄνομα ἔχοι
					θέσθαι τοῖς τοιούτοις ἢ ὅτι ἀφαιροῦνται βίᾳ τὰ ἀλλότρια; ἐγὼ μὲν οὐδὲ ἀκήκοα
					πώποτε πρᾶγμα μιαρώτερον ἢ ὃ οὗτοι διαπεπραγμένοι εἰσὶ περὶ ἡμᾶς, καὶ ταῦτα
					ὁμολογοῦντες λαβεῖν παρʼ ἡμῶν τὰ χρήματα. </p>
			</div>
			<div type="section" n="27">
				<p>ὅσα μὲν γὰρ ἀμφισβητήσιμά ἐστι τῶν συμβολαίων, κρίσεως δεῖται, ὦ ἄνδρες δικασταί·
					τὰ δὲ παρʼ ἀμφοτέρων ὁμολογηθέντα τῶν συντιθεμένων, καὶ περὶ ὧν συγγραφαὶ
					κεῖνται ναυτικαί, τέλος ἔχειν ἅπαντες νομίζουσιν, καὶ χρῆσθαι προσήκει τοῖς
					γεγραμμένοις. ὅτι δὲ κατὰ τὴν συγγραφὴν οὐδʼ ὁτιοῦν πεποιήκασιν, ἀλλʼ εὐθὺς ἀπʼ
					ἀρχῆς ἀρξάμενοι ἐκακοτέχνουν καὶ ἐπεβούλευον μηδὲν ὑγιὲς ποιεῖν, ὑπό τε τῶν
					μαρτυριῶν καὶ αὐτοὶ ὑφʼ ἑαυτῶν ἐλέγχονται οὑτωσὶ καταφανῶς. </p>
			</div>
			<div type="section" n="28">
				<p>ὃ δὲ πάντων δεινότατον διεπράξατο Λάκριτος οὑτοσί, δεῖ ὑμᾶς ἀκοῦσαι· οὗτος γὰρ ἦν
					ὁ πάντα ταῦτα διοικῶν. ἐπειδὴ γὰρ ἀφίκοντο δεῦρο, εἰς μὲν τὸ ὑμέτερον ἐμπόριον
					οὐ καταπλέουσιν, εἰς φωρῶν δὲ λιμένα ὁρμίζονται, ὅς ἐστιν ἔξω τῶν σημείων τοῦ
					ὑμετέρου ἐμπορίου, καὶ ἔστιν ὅμοιον εἰς φωρῶν λιμένα ὁρμίσασθαι, ὥσπερ ἂν εἴ τις
					εἰς Αἴγιναν ἢ εἰς Μέγαρα ὁρμίσαιτο· ἔξεστι γὰρ ἀποπλεῖν ἐκ τοῦ λιμένος τούτου
					ὅποι ἄν τις βούληται καὶ ὁπηνίκʼ ἂν δοκῇ αὐτῷ. </p>
			</div>
			<div type="section" n="29">
				<p>καὶ τὸ μὲν πλοῖον ὥρμει ἐνταῦθα πλείους ἢ πέντε καὶ εἴκοσιν ἡμέρας, οὗτοι δὲ
					περιεπάτουν ἐν τῷ δείγματι τῷ ἡμετέρῳ, καὶ ἡμεῖς προσιόντες διελεγόμεθα, καὶ
					ἐκελεύομεν τούτους ἐπιμελεῖσθαι ὅπως ἂν ὡς τάχιστα ἀπολάβωμεν τὰ χρήματα. οὗτοι
					δὲ ὡμολόγουν τε καὶ ἔλεγον ὅτι αὐτὰ ταῦτα περαίνοιεν. καὶ ἡμεῖς τούτοις
					προσῇμεν, καὶ ἅμα ἐπεσκοποῦμεν εἴ τι ἐξαιροῦνταί ποθεν ἐκ πλοίου ἢ
					πεντηκοστεύονται. </p>
			</div>
			<div type="section" n="30">
				<p>ἐπειδὴ δὲ ἡμέραι τε ἦσαν συχναὶ ἐπιδημοῦσι τούτοις, ἡμεῖς τε οὐδʼ ὁτιοῦν
					εὑρίσκομεν οὔτʼ ἐξῃρημένον οὔτε πεπεντηκοστευμένον ἐπὶ τῷ ὀνόματι τῷ τούτων,
					ἐνταῦθα ἤδη μᾶλλον προσεκείμεθα ἀπαιτοῦντες. καὶ ἐπειδὴ ἠνωχλοῦμεν αὐτοῖς,
					ἀποκρίνεται Λάκριτος οὑτοσί, ἁδελφὸς ὁ Ἀρτέμωνος, ὅτι οὐκ ἂν οἷοί τʼ εἴησαν
					ἀποδοῦναι, ἀλλʼ ἀπόλωλεν ἅπαντα τὰ χρήματα· καὶ ἔφη Λάκριτος δίκαιόν τι ἔχειν
					λέγειν περὶ τούτων. </p>
			</div>
			<div type="section" n="31">
				<p>καὶ ἡμεῖς, ὦ ἄνδρες δικασταί, ἠγανακτοῦμεν ἐπὶ τοῖς λεγομένοις, πλέον δὲ οὐδὲν ἦν
					ἀγανακτοῦσιν ἡμῖν· τούτοις γὰρ οὐδʼ ὁτιοῦν ἔμελεν. οὐδὲν δʼ ἧττον ἠρωτῶμεν
					αὐτούς, ὅντινα τρόπον ἀπολωλότα εἴη τὰ χρήματα. Λάκριτος δὲ οὑτοσὶ ναυαγῆσαι ἔφη
					τὸ πλοῖον παραπλέον ἐκ Παντικαπαίου εἰς Θεοδοσίαν, ναυαγήσαντος δὲ τοῦ πλοίου
					ἀπολωλέναι τὰ χρήματα τοῖς ἀδελφοῖς τοῖς ἑαυτοῦ, ἃ ἔτυχεν ἐν τῷ πλοίῳ ἐνόντα·
					ἐνεῖναι δὲ τάριχός τε καὶ οἶνον Κῷον καὶ ἄλλʼ ἄττα, καὶ ταῦτα ἔφασαν πάντα
					ἀντιφορτισθέντα μέλλειν ἀπάγειν Ἀθήναζε, εἰ μὴ ἀπώλετο ἐν τῷ πλοίῳ. </p>
			</div>
			<div type="section" n="32">
				<p>καὶ ἃ μὲν ἔλεγεν, ταῦτʼ ἦν· ἄξιον δὲ ἀκοῦσαι τὴν βδελυρίαν τῶν ἀνθρώπων τούτων
					καὶ τὴν ψευδολογίαν. πρός τε γὰρ τὸ πλοῖον τὸ ναυαγῆσαν οὐδὲν ἦν αὐτοῖς
					συμβόλαιον, ἀλλʼ ἦν ἕτερος ὁ δεδανεικὼς Ἀθήνηθεν ἐπὶ τῷ ναύλῳ τῷ εἰς τὸν Πόντον
					καὶ ἐπʼ αὐτῷ τῷ πλοίῳ (Ἀντίπατρος ὄνομα ἦν τῷ δεδανεικότι, Κιτιεὺς τὸ γένος)· τό
					τε οἰνάριον τὸ Κῷον ὀγδοήκοντα στάμνοι ἐξεστηκότος οἴνου, καὶ τὸ τάριχος ἀνθρώπῳ
					τινὶ γεωργῷ παρεκομίζετο ἐν τῷ πλοίῳ ἐκ Παντικαπαίου εἰς Θεοδοσίαν τοῖς ἐργάταις
					τοῖς περὶ τὴν γεωργίαν χρῆσθαι. τί οὖν ταύτας τὰς προφάσεις λέγουσιν; οὐδὲν γὰρ
					προσήκει. </p>
			</div>
			<div type="section" n="33">
				<p>καί μοι λαβὲ τὴν μαρτυρίαν, πρῶτον μὲν τὴν Ἀπολλωνίδου, ὅτι Ἀντίπατρος ἦν ὁ
					δανείσας ἐπὶ τῷ πλοίῳ, τούτοις δʼ οὐδʼ ὁτιοῦν προσήκει τῆς ναυαγίας, ἔπειτα τὴν
					Ἐρασικλέους καὶ τὴν Ἱππίου, ὅτι ὀγδοήκοντα μόνον κεράμια παρήγετο ἐν τῷ
						πλοίῳ.<quote n="*marturi/ai"><title>Μαρτυρίαι</title><milestone ed="P"
							unit="para"/>Ἀπολλωνίδης Ἁλικαρνασσεὺς μαρτυρεῖ εἰδέναι δανείσαντα
						Ἀντίπατρον, Κιτιέα τὸ γένος, χρήματα Ὑβλησίῳ εἰς τὸν Πόντον ἐπὶ τῇ νηὶ ἣν
						Ὑβλήσιος ἐναυκλήρει, καὶ τῷ ναύλῳ τῷ εἰς τὸν Πόντον· κοινωνεῖν δὲ καὶ αὑτὸν
						τῆς νεὼς Ὑβλησίῳ, καὶ συμπλεῖν ἑαυτοῦ οἰκέτας ἐν τῇ νηί, καὶ ὅτε διεφθάρη ἡ
						ναῦς, παρεῖναι τοὺς οἰκέτας τοὺς ἑαυτοῦ καὶ ἀπαγγέλλειν ἑαυτῷ, καὶ ὅτι ἡ
						ναῦς κενὴ διεφθάρη παραπλέουσα εἰς Θευδοσίαν ἐκ Παντικαπαίου.</quote>
				</p>
			</div>
			<div type="section" n="34">
				<quote n="continued"><milestone ed="P" unit="para"/>Ἐρασικλῆς μαρτυρεῖ συμπλεῖν
					Ὑβλησίῳ κυβερνῶν τὴν ναῦν εἰς τὸν Πόντον, καὶ ὅτε παρέπλει ἡ ναῦς εἰς Θευδοσίαν
					ἐκ Παντικαπαίου, εἰδέναι κενὴν τὴν ναῦν παραπλέουσαν, καὶ Ἀπολλοδώρου αὐτοῦ τοῦ
					φεύγοντος νυνὶ τὴν δίκην μὴ εἶναι οἶνον ἐν τῷ πλοίῳ, ἀλλὰ παράγεσθαι τῶν ἐκ
					Θευδοσίας τινὶ οἴνου Κῷα κεράμια περὶ ὀγδοήκοντα.Ἱππίας Ἀθηνίππου Ἁλικαρνασσεὺς
					μαρτυρεῖ συμπλεῖν Ὑβλησίῳ διοπεύων τὴν ναῦν, καὶ ὅτε παρέπλει ἡ ναῦς εἰς
					Θευδοσίαν ἐκ Παντικαπαίου, ἐνθέσθαι Ἀπολλόδωρον εἰς τὴν ναῦν ἐρίων ἀγγεῖον ἓν ἢ
					δύο καὶ ταρίχους κεράμια ἕνδεκα ἢ δώδεκα καὶ δέρματʼ αἴγεια, δύο δέσμας ἢ τρεῖς,
					ἄλλο δʼ οὐδέν.πρὸς τούσδʼ ἐξεμαρτύρησεν· Εὐφίλητος Δαμοτίμου Ἀφιδναῖος, Ἱππίας
					Τιμοξένου Θυμαιτάδης, Σώστρατος Φιλίππου Ἑστιαιόθεν, Ἀρχενομίδης Στράτωνος
					Θριάσιος, Φιλτάδης Κτησικλέους Ξυπεταιών.</quote>
			</div>
			<div type="section" n="35">
				<p>ἡ μὲν ἀναίδεια τοιαύτη τῶν ἀνθρώπων τούτων ἐστίν. ὑμεῖς δέ, ὦ ἄνδρες δικασταί,
					ἐνθυμεῖσθε πρὸς ὑμᾶς αὐτούς, εἴ τινας πώποτʼ ἴστε ἢ ἠκούσατε οἶνον Ἀθήναζε ἐκ
					τοῦ Πόντου κατʼ ἐμπορίαν εἰσαγαγόντας, ἄλλως τε καὶ Κῷον. πᾶν γὰρ δήπου
					τοὐναντίον εἰς τὸν Πόντον ὁ οἶνος εἰσάγεται ἐκ τῶν τόπων τῶν περὶ ἡμᾶς, ἐκ
					Πεπαρήθου καὶ Κῶ καὶ Θάσιος καὶ Μενδαῖος καὶ ἐξ ἄλλων τινῶν πόλεων παντοδαπός·
					ἐκ δὲ τοῦ Πόντου ἕτερά ἐστιν ἃ εἰσάγεται δεῦρο. </p>
			</div>
			<div type="section" n="36">
				<p>κατεχόμενοι δὲ ὑφʼ ἡμῶν καὶ ἐλεγχόμενοι εἴ τι περιγένοιτο τῶν χρημάτων ἐν τῷ
					Πόντῳ, ἀπεκρίνατο Λάκριτος οὑτοσί, ὅτι ἑκατὸν στατῆρες Κυζικηνοὶ περιγένοιντο,
					καὶ τοῦτο τὸ χρυσίον δεδανεικὼς εἴη ἁδελφὸς αὐτοῦ ἐν τῷ Πόντῳ ναυκλήρῳ τινὶ
					Φασηλίτῃ, πολίτῃ καὶ ἐπιτηδείῳ ἑαυτοῦ, καὶ οὐ δύναιτο κομίσασθαι, ἀλλὰ σχεδόν τι
					ἀπολωλὸς εἴη καὶ τοῦτο. </p>
			</div>
			<div type="section" n="37">
				<p>ταῦτʼ ἐστὶν ἃ ἔλεγεν Λάκριτος οὑτοσί. ἡ δὲ συγγραφὴ οὐ ταῦτα λέγει, ὦ ἄνδρες
					δικασταί, ἀλλʼ ἀντιφορτισαμένους ἀπάγειν κελεύει Ἀθήναζε, οὐ δανείζειν τούτους
					ὅτῳ ἂν βούλωνται ἐν τῷ Πόντῳ τὰ ἡμέτερα ἄνευ ἡμῶν, ἀλλʼ Ἀθήναζε παρέχειν ἀνέπαφα
					ἡμῖν, ἕως ἂν ἡμεῖς ἀπολάβωμεν τὰ χρήματα ὅσα ἐδανείσαμεν. καί μοι ἀναγίγνωσκε
					τὴν συγγραφὴν πάλιν.<quote n="*suggrafh/"><title>Συγγραφή</title></quote>
				</p>
			</div>
			<div type="section" n="38">
				<p>πότερον, ὦ ἄνδρες δικασταί, δανείζειν κελεύει τούτους ἡ συγγραφὴ τὰ ἡμέτερα, καὶ
					ταῦτα ἀνθρώπῳ ὃν ἡμεῖς οὔτε γιγνώσκομεν οὔθʼ ἑοράκαμεν πώποτε, ἢ
					ἀντιφορτισαμένους κομίσαι Ἀθήναζε καὶ φανερὰ ποιῆσαι ἡμῖν καὶ ἀνέπαφα παρέχειν;
				</p>
			</div>
			<div type="section" n="39">
				<p>ἡ μὲν γὰρ συγγραφὴ οὐδὲν κυριώτερον ἐᾷ εἶναι τῶν ἐγγεγραμμένων, οὐδὲ προσφέρειν
					οὔτε νόμον οὔτε ψήφισμα οὔτʼ ἄλλʼ οὐδʼ ὁτιοῦν πρὸς τὴν συγγραφήν· τούτοις δʼ
					εὐθὺς ἐξ ἀρχῆς οὐδὲν ἐμέλησε τῆς συγγραφῆς ταύτης, ἀλλὰ τοῖς χρήμασιν ἐχρῶντο
					τοῖς ἡμετέροις ὥσπερ ἰδίοις οὖσιν αὑτῶν· οὕτως εἰσὶν οὗτοι κακοῦργοι σοφισταὶ
					καὶ ἄδικοι ἄνθρωποι. </p>
			</div>
			<div type="section" n="40">
				<p>ἐγὼ δέ, μὰ τὸν Δία τὸν ἄνακτα καὶ τοὺς θεοὺς ἅπαντας, οὐδενὶ πώποτε ἐφθόνησα οὐδʼ
					ἐπετίμησα, ὦ ἄνδρες δικασταί, εἴ τις βούλεται σοφιστὴς εἶναι καὶ Ἰσοκράτει
					ἀργύριον ἀναλίσκειν· μαινοίμην γὰρ ἄν, εἴ τί μοι τούτων ἐπιμελὲς εἴη. οὐ μέντοι
					μὰ Δία οἶμαί γε δεῖν ἀνθρώπους καταφρονοῦντας καὶ οἰομένους δεινοὺς εἶναι
					ἐφίεσθαι τῶν ἀλλοτρίων, οὐδὲ ἀφαιρεῖσθαι, τῷ λόγῳ πιστεύοντας· πονηροῦ γὰρ ταῦτʼ
					ἐστὶν σοφιστοῦ καὶ οἰμωξομένου. </p>
			</div>
			<div type="section" n="41">
				<p>Λάκριτος δʼ οὑτοσί, ὦ ἄνδρες δικασταί, οὐ τῷ δικαίῳ πιστεύων εἰσελήλυθε ταύτην
					τὴν δίκην, ἀλλʼ ἀκριβῶς εἰδὼς τὰ πεπραγμένʼ αὑτοῖς περὶ τὸ δάνεισμα τοῦτο, καὶ
					ἡγούμενος δεινὸς εἶναι καὶ ῥᾳδίως λόγους ποριεῖσθαι περὶ ἀδίκων πραγμάτων,
					οἴεται παράξειν ὑμᾶς ὅποι ἂν βούληται. ταῦτα γὰρ ἐπαγγέλλεται δεινὸς εἶναι, καὶ
					ἀργύριον αἰτεῖ καὶ μαθητὰς συλλέγει περὶ αὐτῶν τούτων ἐπαγγελλόμενος παιδεύειν.
				</p>
			</div>
			<div type="section" n="42">
				<p>καὶ πρῶτον μὲν τοὺς ἀδελφοὺς τοὺς αὑτοῦ ἐπαίδευσεν τὴν παιδείαν ταύτην, ἣν ὑμεῖς
					αἰσθάνεσθε πονηρὰν καὶ ἄδικον, ὦ ἄνδρες δικασταί, δανείζεσθαι ἐν τῷ ἐμπορίῳ
					ναυτικὰ χρήματα καὶ ταῦτʼ ἀποστερεῖν καὶ μὴ ἀποδιδόναι. πῶς ἂν γένοιντο
					πονηρότεροι ἄνθρωποι ἢ τοῦ παιδεύοντος τὰ τοιαῦτα ἢ αὐτῶν τῶν παιδευομένων; ἐπεὶ
					δʼ οὖν δεινός ἐστιν καὶ πιστεύει τῷ λέγειν καὶ ταῖς χιλίαις δραχμαῖς ἃς δέδωκεν
					τῷ διδασκάλῳ, </p>
			</div>
			<div type="section" n="43">
				<p>κελεύσατε αὐτὸν διδάξαι ὑμᾶς, ἢ ὡς τὰ χρήματα οὐκ ἔλαβον παρʼ ἡμῶν, ἢ ὡς λαβόντες
					ἀποδεδώκασιν, ἢ ὅτι τὰς ναυτικὰς συγγραφὰς οὐ δεῖ κυρίας εἶναι, ἢ ὡς δεῖ ἄλλο τι
					χρήσασθαι τοῖς χρήμασιν ἢ ἐφʼ οἷς ἔλαβον κατὰ τὴν συγγραφήν. τούτων ὅ τι
					βούλεται πεισάτω ὑμᾶς. καὶ ἔγωγε καὶ αὐτὸς συγχωρῶ σοφώτατον εἶναι τοῦτον, ἐὰν
					ὑμᾶς πείσῃ τοὺς περὶ τῶν συμβολαίων τῶν ἐμπορικῶν δικάζοντας. ἀλλʼ εὖ οἶδʼ ὅτι
					οὐδὲν ἂν τούτων οἷός τʼ εἴη οὗτος οὔτε διδάξαι οὔτε πεῖσαι. </p>
			</div>
			<div type="section" n="44">
				<p>χωρὶς δὲ τούτων, φέρε πρὸς τῶν θεῶν, ὦ ἄνδρες δικασταί, εἰ τοὐναντίον
					συνεβεβήκει, μὴ ὁ τούτου ἀδελφὸς ὁ τετελευτηκὼς ἐμοὶ ὤφειλε χρήματα, ἀλλʼ ἐγὼ τῷ
					τούτου, τάλαντον ἢ ὀγδοήκοντα μνᾶς ἢ πλέον ἢ ἔλαττον, ἆρʼ ἂν οἴεσθε Λάκριτον
					τουτονί, ὦ ἄνδρες δικασταί, τοὺς αὐτοὺς λόγους λέγειν οἷσπερ νυνὶ κατακέχρηται,
					ἢ φάσκειν αὑτὸν οὐκ εἶναι κληρονόμον ἢ ἀφίστασθαι τῶν τοῦ ἀδελφοῦ, καὶ οὐκ ἂν
					πάνυ πικρῶς εἰσπράττειν με, ὥσπερ καὶ παρὰ τῶν ἄλλων εἰσπέπρακται, εἴ τίς τι
					ἐκείνῳ τῷ τετελευτηκότι ὤφειλεν ἢ ἐν Φασήλιδι ἢ ἄλλοθί που; </p>
			</div>
			<div type="section" n="45">
				<p>καὶ εἴ γέ τις ἡμῶν φεύγων δίκην ὑπὸ τούτου παραγραφὴν ἐτόλμησε παραγράφεσθαι, μὴ
					εἰσαγώγιμον εἶναι τὴν δίκην, εὖ οἶδʼ ὅτι ἠγανάκτει ἂν αὐτὸς καὶ ἐσχετλίαζε πρὸς
					ὑμᾶς, δεινὰ φάσκων πάσχειν καὶ παρανομεῖσθαι, εἰ μή τις αὐτῷ τὴν δίκην ψηφιεῖται
					εἰσαγώγιμον εἶναι, ἐμπορικὴν οὖσαν. ἔπειτα, ὦ Λάκριτε, σοὶ μὲν τοῦτο δίκαιον
					δοκεῖ εἶναι, ἐμοὶ δὲ διὰ τί οὐκ ἔσται; οὐχ ἅπασιν ἡμῖν οἱ αὐτοὶ νόμοι
					γεγραμμένοι εἰσὶν καὶ τὸ αὐτὸ δίκαιον περὶ τῶν ἐμπορικῶν δικῶν; </p>
			</div>
			<div type="section" n="46">
				<p>ἀλλʼ οὕτως βδελυρός τίς ἐστι καὶ ὑπερβάλλων ἅπαντας ἀνθρώπους τῷ πονηρὸς εἶναι,
					ὥστʼ ἐπιχειρεῖ πείθειν ὑμᾶς ψηφίσασθαι μὴ εἰσαγώγιμον εἶναι τὴν ἐμπορικὴν δίκην
					ταύτην, δικαζόντων ὑμῶν νυνὶ τὰς ἐμπορικὰς δίκας. ἀλλὰ τί κελεύεις, ὦ Λάκριτε;
					μὴ ἱκανὸν εἶναι ἡμᾶς ἀποστερεῖσθαι ἃ ἐδανείσαμεν χρήματα ὑμῖν, ἀλλὰ καὶ εἰς τὸ
					δεσμωτήριον παραδοθῆναι ὑφʼ ὑμῶν προσοφλόντας τὰ ἐπιτίμια, ἐὰν μὴ ἐκτίνωμεν.
				</p>
			</div>
			<div type="section" n="47">
				<p>καὶ πῶς οὐκ ἂν δεινὸν εἴη καὶ σχέτλιον καὶ αἰσχρὸν ὑμῖν, ὦ ἄνδρες δικασταί, εἰ οἱ
					δανείσαντες ἐν τῷ ἐμπορίῳ τῷ ὑμετέρῳ χρήματα ναυτικὰ καὶ ἀποστερούμενοι ὑπὸ τῶν
					δανεισαμένων καὶ ἀποστερούντων ἀπάγοιντο εἰς τὸ δεσμωτήριον; ταῦτʼ ἐστίν, ὦ
					Λάκριτε, ἃ τουτουσὶ πείθεις. ἀλλὰ ποῦ χρὴ λαβεῖν δίκην, ὦ ἄνδρες δικασταί, περὶ
					τῶν ἐμπορικῶν συμβολαίων; παρὰ ποίᾳ ἀρχῇ ἢ ἐν τίνι χρόνῳ; παρὰ τοῖς ἕνδεκα; ἀλλὰ
					τοιχωρύχους καὶ κλέπτας καὶ τοὺς ἄλλους κακούργους τοὺς ἐπὶ θανάτῳ οὗτοι
					εἰσάγουσιν. </p>
			</div>
			<div type="section" n="48">
				<p>ἀλλὰ παρὰ τῷ ἄρχοντι; οὐκοῦν ἐπικλήρων καὶ ὀρφανῶν καὶ τῶν τοκέων τῷ ἄρχοντι
					προστέτακται ἐπιμελεῖσθαι. ἀλλὰ νὴ Δία παρὰ τῷ βασιλεῖ. ἀλλʼ οὐκ ἐσμὲν
					γυμνασίαρχοι, οὐδὲ ἀσεβείας οὐδένα γραφόμεθα. ἀλλʼ ὁ πολέμαρχος εἰσάξει.
					ἀποστασίου γε καὶ ἀπροστασίου. οὐκοῦν ὑπόλοιπόν ἐστιν οἱ στρατηγοί. ἀλλὰ τοὺς
					τριηράρχους καθιστᾶσιν, ἐμπορικὴν δὲ δίκην οὐδεμίαν εἰσάγουσιν.</p>
			</div>
			<div type="section" n="49">
				<p>ἐγὼ δʼ εἰμὶ ἔμπορος, καὶ σὺ ἀδελφὸς καὶ κληρονόμος ἑνὸς τῶν ἐμπόρων, τοῦ λαβόντος
					παρʼ ἡμῶν τὰ ἐμπορικὰ χρήματα. ποῖ οὖν δεῖ ταύτην εἰσελθεῖν τὴν δίκην; δίδαξον,
					ὦ Λάκριτε, μόνον δίκαιόν τι λέγων καὶ κατὰ τοὺς νόμους. ἀλλʼ οὐκ ἔστιν οὕτω
					δεινὸς ἄνθρωπος οὐδεὶς ὅστις ἂν περὶ τοιούτων πραγμάτων ἔχοι τι δίκαιον εἰπεῖν.
				</p>
			</div>
			<div type="section" n="50">
				<p>οὐ τοίνυν ταῦτα μόνον, ὦ ἄνδρες δικασταί, δεινὰ ἐγὼ πάσχω ὑπὸ Λακρίτου τουτουί,
					ἀλλὰ καὶ χωρὶς τοῦ ἀποστερεῖσθαι τὰ χρήματα καὶ εἰς τοὺς ἐσχάτους ἂν κινδύνους
					ἀφικόμην τὸ τούτου μέρος, εἰ μή μοι ἡ συγγραφὴ ἐβοήθει ἡ πρὸς τούτους, καὶ
					ἐμαρτύρει ὅτι εἰς τὸν Πόντον ἔδωκα τὰ χρήματα καὶ πάλιν Ἀθήναζε. ἴστε γάρ, ὦ
					ἄνδρες δικασταί, τὸν νόμον ὡς χαλεπός ἐστιν, ἐάν τις Ἀθηναίων ἄλλοσέ ποι
					σιτηγήσῃ ἢ Ἀθήναζε, ἢ χρήματα δανείσῃ εἰς ἄλλο τι ἐμπόριον ἢ τὸ Ἀθηναίων, οἷαι
					ζημίαι περὶ τούτων εἰσίν, ὡς μεγάλαι καὶ δειναί. </p>
			</div>
			<div type="section" n="51">
				<p>μᾶλλον δὲ αὐτὸν ἀνάγνωθι αὐτοῖς τὸν νόμον, ἵνʼ ἀκριβέστερον μάθωσιν.<quote
						n="*no/mos"><title>Νόμος</title>ἀργύριον δὲ μὴ ἐξεῖναι ἐκδοῦναι Ἀθηναίων καὶ
						τῶν μετοίκων τῶν Ἀθήνησι μετοικούντων μηδενί, μηδὲ ὧν οὗτοι κύριοί εἰσιν,
						εἰς ναῦν ἥτις ἂν μὴ μέλλῃ ἄξειν σῖτον Ἀθήναζε, <emph>καὶ τἄλλα τὰ γεγραμμένα
							περὶ ἑκάστου αὐτῶν</emph>. ἐὰν δέ τις ἐκδῷ παρὰ ταῦτα, εἶναι τὴν φάσιν
						καὶ τὴν ἀπογραφὴν τοῦ ἀργυρίου πρὸς τοὺς ἐπιμελητάς, καθάπερ τῆς νεὼς καὶ
						τοῦ σίτου εἴρηται, κατὰ ταὐτά. καὶ δίκη αὐτῷ μὴ ἔστω περὶ τοῦ ἀργυρίου, ὃ ἂν
						ἐκδῷ ἄλλοσέ ποι ἢ Ἀθήναζε, μηδὲ ἀρχὴ εἰσαγέτω περὶ τούτου μηδεμία.</quote>
				</p>
			</div>
			<div type="section" n="52">
				<p>ὁ μὲν νόμος, ὦ ἄνδρες δικασταί, οὕτω χαλεπός ἐστιν· οὗτοι δὲ οἱ μιαρώτατοι
					ἀνθρώπων ἁπάντων, γεγραμμένον διαρρήδην ἐν τῇ συγγραφῇ Ἀθήναζε πάλιν ἥκειν τὰ
					χρήματα, εἰς Χίον ἐπέτρεψαν καταχθῆναι ἃ ἐδανείσαντο Ἀθήνηθεν παρʼ ἡμῶν.
					δανειζομένου γὰρ ἐν τῷ Πόντῳ τοῦ ναυκλήρου τοῦ Φασηλίτου ἕτερα χρήματα παρά
					τινος Χίου ἀνθρώπου, οὐ φάσκοντος δὲ τοῦ Χίου δανείσειν, ἐὰν μὴ ὑποθήκην λάβῃ
					ἅπαντα ὅσα ἦν περὶ τὸν ναύκληρον, καὶ ἐπιτρέπωσι ταῦτα οἱ πρότερον δεδανεικότες,
					ἐπέτρεψαν ταῦτα ὑποθήκην γενέσθαι τῷ Χίῳ τὰ ἡμέτερα καὶ κύριον ἐκεῖνον γενέσθαι
					ἁπάντων, </p>
			</div>
			<div type="section" n="53">
				<p>καὶ οὕτως ἀπέπλεον ἐκ τοῦ Πόντου μετὰ τοῦ Φασηλίτου ναυκλήρου καὶ μετὰ τοῦ Χίου
					τοῦ δεδανεικότος, καὶ ὁρμίζονται ἐν φωρῶν λιμένι, εἰς δὲ τὸ ὑμέτερον ἐμπόριον
					οὐχ ὡρμίσαντο. καὶ νυνί, ὦ ἄνδρες δικασταί, τὰ Ἀθήνηθεν δανεισθέντα χρήματα εἰς
					τὸν Πόντον καὶ πάλιν ἐκ τοῦ Πόντου Ἀθήναζε εἰς Χίον κατηγμένα ἐστὶν ὑπὸ τούτων.
				</p>
			</div>
			<div type="section" n="54">
				<p>ὅπερ οὖν ἐν ἀρχῇ ὑπεθέμην τοῦ λόγου, ὅτι καὶ ὑμεῖς ἀδικεῖσθε οὐδὲν ἧττον τῶν
					δόντων ἡμῶν τὰ χρήματα. σκοπεῖτε δέ, ὦ ἄνδρες δικασταί, πῶς οὐκ ἀδικεῖσθε,
					ἐπειδάν τις τῶν νόμων τῶν ὑμετέρων κρείττων ἐγχειρῇ εἶναι, καὶ τὰς συγγραφὰς τὰς
					ναυτικὰς ἀκύρους ποιῇ καὶ καταλύῃ, καὶ τὰ χρήματα τὰ παρʼ ἡμῶν εἰς Χίον ᾖ
					διαπεσταλκώς, πῶς οὐκ ἀδικεῖ ὁ τοιοῦτος ἄνθρωπος καὶ ὑμᾶς; </p>
			</div>
			<div type="section" n="55">
				<p>ἐμοὶ μὲν οὖν ἐστιν, ὦ ἄνδρες δικασταί, πρὸς τούτους ὁ λόγος (τούτοις γὰρ ἔδωκα τὰ
					χρήματα)· τούτοις δʼ ἔσται πρὸς τὸν ναύκληρον ἐκεῖνον τὸν Φασηλίτην, τὸν πολίτην
					τὸν αὑτῶν, ᾧ φασὶν δανεῖσαι τὰ χρήματα ἄνευ ἡμῶν παρὰ τὴν συγγραφήν· οὐδὲ γὰρ
					ἡμεῖς ἴσμεν τίνα ἐστὶν τὰ πεπραγμένα τούτοις πρὸς τὸν ἑαυτῶν πολίτην, ἀλλʼ αὐτοὶ
					οὗτοι ἴσασιν. </p>
			</div>
			<div type="section" n="56">
				<p>ταῦτα ἡγούμεθα δίκαια εἶναι, καὶ ὑμῶν δεόμεθα, ὦ ἄνδρες δικασταί, βοηθεῖν ἡμῖν
					τοῖς ἀδικουμένοις, καὶ κολάζειν τοὺς κακοτεχνοῦντας καὶ σοφιζομένους, ὥσπερ
					οὗτοι σοφίζονται. καὶ ἐὰν ταῦτα ποιῆτε, ὑμῖν τε αὐτοῖς τὰ συμφέροντα ἔσεσθε
					ἐψηφισμένοι, καὶ περιαιρήσεσθε τῶν πονηρῶν ἀνθρώπων τὰς πανουργίας ἁπάσας, ἃς
					ἔνιοι πανουργοῦσι περὶ τὰ συμβόλαια τὰ ναυτικά. </p>
			</div>

		</body>
	</text>
</TEI>
