<?xml version="1.0" encoding="UTF-8"?>
<TEI xmlns="http://www.tei-c.org/ns/1.0">
	<teiHeader>

		<fileDesc>

			<titleStmt>
				<title>Against Aphobus 1 </title>
				<author>Demosthenes</author>
				<sponsor>Perseus Project, Tufts University</sponsor>
				<principal>Gregory Crane</principal>
				<respStmt>
					<resp>Prepared under the supervision of</resp>
					<name>Lisa Cerrato</name>
					<name>William Merrill</name>
					<name>Elli Mylonas</name>
					<name>David Smith</name>
				</respStmt>
				<funder n="org:AnnCPB">The Annenberg CPB/Project</funder>

			</titleStmt>
			<publicationStmt>
				<publisher>Trustees of Tufts University</publisher>
				<pubPlace>Medford, MA</pubPlace>
				<authority>Perseus Project</authority>
			</publicationStmt>





			<sourceDesc>
				<biblStruct>
					<monogr>
						<author>Demosthenes</author>
						<title>Demosthenis.Orationes. ed. S. H. Butcher and W. Rennie</title>

						<imprint>
							<publisher>Oxonii. E Typographeo Clarendoniano</publisher>
							<date>1907 and 1921</date>
						</imprint>
					</monogr>
				</biblStruct>
			</sourceDesc>


		</fileDesc>

		<encodingDesc>

			<refsDecl>
				<refState unit="speech"/>
				<refState unit="section"/>
			</refsDecl>
		</encodingDesc>

		<profileDesc>
			<langUsage>
				<language ident="greek">Greek </language>
				<language ident="en">English </language>
			</langUsage>
		</profileDesc>
		<revisionDesc>
			<!--
<change><date>6/2/92</date><respStmt><name>David Smith</name><resp>(n/a)</resp></respStmt><item>fixed typos, esp. in 27.61 e)poih/san to e)poi/hsan</item>
</change>
<change><date>July 2014</date>
    <respStmt><name>Stella Dee</name><resp>ed.</resp></respStmt>
    <item>split composite text and converted to unicode</item>
      </change>-->
			<change when="2014-08-01" who="Stella Dee">edited markup</change>
		</revisionDesc>

	</teiHeader>
	<text xml:lang="grc">
		<body>

			<div n="1" type="section">
				<p>εἰ μὲν ἐβούλετʼ Ἄφοβος, ὦ ἄνδρες δικασταί, τὰ δίκαια ποιεῖν ἢ περὶ ὧν διεφερόμεθα
					τοῖς οἰκείοις ἐπιτρέπειν, οὐδὲν ἂν ἔδει δικῶν οὐδὲ πραγμάτων· ἀπέχρη γὰρ ἂν τοῖς
					ὑπʼ ἐκείνων γνωσθεῖσιν ἐμμένειν, ὥστε μηδεμίαν ἡμῖν εἶναι πρὸς τοῦτον διαφοράν.
					ἐπειδὴ δʼ οὗτος τοὺς μὲν σαφῶς εἰδότας τὰ ἡμέτερʼ ἔφυγε μηδὲν διαγνῶναι περὶ
					αὐτῶν, εἰς δʼ ὑμᾶς τοὺς οὐδὲν τῶν ἡμετέρων ἀκριβῶς ἐπισταμένους ἐλήλυθεν, ἀνάγκη
					ἐστὶν ἐν ὑμῖν παρʼ αὐτοῦ πειρᾶσθαι τῶν δικαίων τυγχάνειν. </p>
			</div>
			<div n="2" type="section">
				<p>οἶδα μὲν οὖν, ὦ ἄνδρες δικασταί, ὅτι πρὸς ἄνδρας καὶ λέγειν ἱκανοὺς καὶ
					παρασκευάσασθαι δυναμένους χαλεπόν ἐστιν εἰς ἀγῶνα καθίστασθαι περὶ τῶν ὄντων
					ἁπάντων, ἄπειρον ὄντα παντάπασι πραγμάτων διὰ τὴν ἡλικίαν· ὅμως δέ, καίπερ πολὺ
					τούτων καταδεέστερος ὤν, πολλὰς ἐλπίδας ἔχω καὶ παρʼ ὑμῖν τεύξεσθαι τῶν δικαίων
					καὶ μέχρι γε τοῦ τὰ γεγενημένα διεξελθεῖν καὶ αὐτὸς ἀρκούντως ἐρεῖν, ὥσθʼ ὑμᾶς
					μήτʼ ἀπολειφθῆναι τῶν πραγμάτων μηδὲ καθʼ ἓν μήτʼ ἀγνοῆσαι περὶ ὧν δεήσει τὴν
					ψῆφον ἐνεγκεῖν. </p>
			</div>
			<div n="3" type="section">
				<p>δέομαι δʼ ὑμῶν, ὦ ἄνδρες δικασταί, μετʼ εὐνοίας τέ μου ἀκοῦσαι, κἂν ἠδικῆσθαι
					δοκῶ, βοηθῆσαί μοι τὰ δίκαια. ποιήσομαι δʼ ὡς ἂν δύνωμαι διὰ βραχυτάτων τοὺς
					λόγους. ὅθεν οὖν ῥᾷστα μαθήσεσθε περὶ αὐτῶν, ἐντεῦθεν ὑμᾶς καὶ ἐγὼ πρῶτον
					πειράσομαι διδάσκειν. </p>
			</div>
			<div n="4" type="section">
				<p><milestone ed="P" unit="para"/>Δημοσθένης γὰρ οὑμὸς πατήρ, ὦ ἄνδρες δικασταί,
					κατέλιπεν οὐσίαν μὲν σχεδὸν τεττάρων καὶ δέκα ταλάντων, ἐμὲ δʼ ἕπτʼ ἐτῶν ὄντα
					καὶ τὴν ἀδελφὴν πέντε, ἔτι δὲ τὴν ἡμετέραν μητέρα πεντήκοντα μνᾶς εἰς τὸν οἶκον
					εἰσενηνεγμένην. βουλευσάμενος δὲ περὶ ἡμῶν, ὅτʼ ἔμελλε τελευτᾶν, ἅπαντα ταῦτʼ
					ἐνεχείρισεν Ἀφόβῳ τε τουτῳὶ καὶ Δημοφῶντι τῷ Δήμωνος υἱεῖ, τούτοιν μὲν
					ἀδελφιδοῖν ὄντοιν, τῷ μὲν ἐξ ἀδελφοῦ, τῷ δʼ ἐξ ἀδελφῆς γεγονότοιν, ἔτι δὲ
					Θηριππίδῃ τῷ Παιανιεῖ, γένει μὲν οὐδὲν προσήκοντι, φίλῳ δʼ ἐκ παιδὸς ὑπάρχοντι.
				</p>
			</div>
			<div n="5" type="section">
				<p>κἀκείνῳ μὲν ἔδωκεν ἐκ τῶν ἐμῶν ἑβδομήκοντα μνᾶς καρπώσασθαι τοσοῦτον χρόνον, ἕως
					ἐγὼ ἀνὴρ εἶναι δοκιμασθείην, ὅπως μὴ διʼ ἐπιθυμίαν χρημάτων χεῖρόν τι τῶν ἐμῶν
					διοικήσειεν· Δημοφῶντι δὲ τὴν ἐμὴν ἀδελφὴν καὶ δύο τάλαντʼ εὐθὺς ἔδωκεν ἔχειν,
					αὐτῷ δὲ τούτῳ τὴν μητέρα τὴν ἐμὴν καὶ προῖκʼ ὀγδοήκοντα μνᾶς, καὶ τὴν οἰκίαν
						<add>οἰκεῖν</add> καὶ σκεύεσι χρῆσθαι τοῖς ἐμοῖς, ἡγούμενος, καὶ τούτους ἔτʼ
					οἰκειοτέρους εἴ μοι ποιήσειεν, οὐκ ἂν χεῖρόν μʼ ἐπιτροπευθῆναι ταύτης τῆς
					οἰκειότητος προσγενομένης. </p>
			</div>
			<div n="6" type="section">
				<p>λαβόντες δʼ οὗτοι ταῦτα πρῶτον σφίσιν αὐτοῖς ἐκ τῶν χρημάτων, καὶ τὴν ἄλλην
					οὐσίαν ἅπασαν διαχειρίσαντες, καὶ δέκʼ ἔτη ἡμᾶς ἐπιτροπεύσαντες, τὰ μὲν ἄλλα
					πάντʼ ἀπεστερήκασιν, τὴν οἰκίαν δὲ καὶ ἀνδράποδα τέτταρα καὶ δέκα καὶ ἀργυρίου
					μνᾶς τριάκοντα, μάλιστα σύμπαντα ταῦτʼ εἰς ἑβδομήκοντα μνᾶς παραδεδώκασι. </p>
			</div>
			<div n="7" type="section">
				<p>καὶ τὸ μὲν κεφάλαιον τῶν ἀδικημάτων, ὡς ἂν συντομώτατʼ εἴποι τις, τοῦτʼ ἔστιν, ὦ
					ἄνδρες δικασταί· τὸ δὲ πλῆθος τῆς οὐσίας ὅτι τοῦτʼ ἦν τὸ καταλειφθέν, μέγιστοι
					μὲν αὐτοὶ μάρτυρές μοι γεγόνασιν· εἰς γὰρ τὴν συμμορίαν ὑπὲρ ἐμοῦ συνετάξαντο
					κατὰ τὰς πέντε καὶ εἴκοσι μνᾶς πεντακοσίας δραχμὰς εἰσφέρειν, ὅσονπερ Τιμόθεος ὁ
					Κόνωνος καὶ οἱ τὰ μέγιστα κεκτημένοι τιμήματʼ εἰσέφερον· δεῖ δὲ καὶ καθʼ ἕκαστον
					ὑμᾶς ἀκοῦσαι τά τʼ ἐνεργὰ αὐτῶν καὶ ὅσʼ ἦν ἀργὰ καὶ ὅσου ἦν ἄξιʼ ἕκαστα. ταῦτα
					γὰρ μαθόντες ἀκριβῶς εἴσεσθε, ὅτι τῶν πώποτʼ ἐπιτροπευσάντων οὐδένες
					ἀναιδέστερον οὐδὲ περιφανέστερον ἢ οὗτοι τὰ ἡμέτερα διηρπάκασιν. </p>
			</div>
			<div n="8" type="section">
				<p>πρῶτον μὲν οὖν ὡς συνετιμήσανθʼ ὑπὲρ ἐμοῦ ταύτην τὴν εἰσφορὰν εἰς τὴν συμμορίαν,
					παρέξομαι τούτων μάρτυρας, ἔπειθʼ ὅτι οὐ πένητα κατέλιπέν μʼ ὁ πατὴρ οὐδʼ
					ἑβδομήκοντα μνῶν οὐσίαν κεκτημένον, ἀλλὰ τοσαύτην ὅσην οὐδʼ αὐτοὶ οὗτοι
					ἀποκρύψασθαι διὰ τὸ μέγεθος πρὸς τὴν πόλιν ἐδυνήθησαν. καί μοι ἀναγίγνωσκε λαβὼν
					ταύτην τὴν μαρτυρίαν.<quote n="*marturi/a"><title>Μαρτυρία</title></quote>
				</p>
			</div>
			<div n="9" type="section">
				<p>δῆλον μὲν τοίνυν καὶ ἐκ τούτων ἐστὶν τὸ πλῆθος τῆς οὐσίας. πεντεκαίδεκα ταλάντων
					γὰρ τρία τάλαντα τίμημα· ταύτην ἠξίουν εἰσφέρειν τὴν εἰσφοράν. ἔτι δʼ
					ἀκριβέστερον εἴσεσθε τὴν οὐσίαν αὐτὴν ἀκούσαντες· ὁ γὰρ πατήρ, ὦ ἄνδρες
					δικασταί, κατέλιπεν δύʼ ἐργαστήρια, τέχνης οὐ μικρᾶς ἑκάτερον, μαχαιροποιοὺς μὲν
					τριάκοντα καὶ δύʼ ἢ τρεῖς, ἀνὰ πέντε μνᾶς καὶ ἕξ, τοὺς δʼ οὐκ ἐλάττονος ἢ τριῶν
					μνῶν ἀξίους, ἀφʼ ὧν τριάκοντα μνᾶς ἀτελεῖς ἐλάμβανεν τοῦ ἐνιαυτοῦ τὴν πρόσοδον,
					κλινοποιοὺς δʼ εἴκοσι τὸν ἀριθμόν, τετταράκοντα μνῶν ὑποκειμένους, οἳ δώδεκα
					μνᾶς ἀτελεῖς αὐτῷ προσέφερον, ἀργυρίου δʼ εἰς τάλαντον ἐπὶ δραχμῇ δεδανεισμένου,
					οὗ τόκος ἐγίγνετο τοῦ ἐνιαυτοῦ ἑκάστου πλεῖν ἢ ἑπτὰ μναῖ. </p>
			</div>
			<div n="10" type="section">
				<p>καὶ ταῦτα μὲν ἐνεργὰ κατέλιπεν, ὡς καὶ αὐτοὶ οὗτοι ὁμολογήσουσιν· ὧν γίγνεται τοῦ
					μὲν ἀρχαίου κεφάλαιον τέτταρα τάλαντα καὶ πεντακισχίλιαι, τὸ δʼ ἔργον αὐτῶν
					πεντήκοντα μναῖ τοῦ ἐνιαυτοῦ ἑκάστου. χωρὶς δὲ τούτων ἐλέφαντα μὲν καὶ σίδηρον,
					ὃν κατηργάζοντο, καὶ ξύλα κλίνειʼ εἰς ὀγδοήκοντα μνᾶς ἄξια, κηκῖδα δὲ καὶ χαλκὸν
					ἑβδομήκοντα μνῶν ἐωνημένα, ἔτι δʼ οἰκίαν τρισχιλίων, ἔπιπλα δὲ καὶ ἐκπώματα καὶ
					χρυσία καὶ ἱμάτια, τὸν κόσμον τῆς μητρός, ἄξια σύμπαντα ταῦτʼ εἰς μυρίας
					δραχμάς, ἀργυρίου δʼ ἔνδον ὀγδοήκοντα μνᾶς. </p>
			</div>
			<div n="11" type="section">
				<p>καὶ ταῦτα μὲν οἴκοι κατέλιπεν πάντα, ναυτικὰ δʼ ἑβδομήκοντα μνᾶς, ἔκδοσιν παρὰ
					Ξούθῳ, τετρακοσίας δὲ καὶ δισχιλίας ἐπὶ τῇ τραπέζῃ τῇ Πασίωνος, ἑξακοσίας δʼ ἐπὶ
					τῇ Πυλάδου, παρὰ Δημομέλει δὲ τῷ Δήμωνος υἱεῖ χιλίας καὶ ἑξακοσίας, κατὰ
					διακοσίας δὲ καὶ τριακοσίας ὁμοῦ τι τάλαντον διακεχρημένον. καὶ τούτων αὖ τῶν
					χρημάτων τὸ κεφάλαιον πλέον ἢ ὀκτὼ τάλαντα καὶ πεντήκοντα μναῖ γίγνονται.
					συμπάντων δʼ εἰς τέτταρα καὶ δέκα τάλανθʼ εὑρήσετε σκοποῦντες. </p>
			</div>
			<div n="12" type="section">
				<p>καὶ τὸ μὲν πλῆθος τῆς οὐσίας τοῦτʼ ἦν τὸ καταλειφθέν, ὦ ἄνδρες δικασταί. ὅσα δʼ
					αὐτῆς διακέκλεπται καὶ ὅσʼ ἰδίᾳ ἕκαστος εἴληφεν καὶ ὁπόσα κοινῇ πάντες
					ἀποστεροῦσιν, οὐκ ἐνδέχεται πρὸς ταὐτὸ ὕδωρ εἰπεῖν, ἀλλʼ ἀνάγκη χωρὶς ἕκαστον
					διελεῖν ἐστίν. ἃ μὲν οὖν Δημοφῶν ἢ Θηριππίδης ἔχουσι τῶν ἐμῶν, τότʼ ἐξαρκέσει
					περὶ αὐτῶν εἰπεῖν, ὅταν κατʼ αὐτῶν τὰς γραφὰς ἀπενέγκωμεν· ἃ δὲ τοῦτον ἔχοντʼ
					ἐξελέγχουσιν ἐκεῖνοι καὶ ἐγὼ οἶδʼ αὐτὸν εἰληφότα, περὶ τούτων ἤδη ποιήσομαι τοὺς
					λόγους πρὸς ὑμᾶς. πρῶτον μὲν οὖν ὡς ἔχει τὴν προῖκα, τὰς ὀγδοήκοντα μνᾶς, τοῦθʼ
					ὑμῖν ἐπιδείξω, μετὰ δὲ ταῦτα καὶ περὶ τῶν ἄλλων, ὡς ἂν δύνωμαι διὰ βραχυτάτων.
				</p>
			</div>
			<div n="13" type="section">
				<p><milestone ed="P" unit="para"/>οὗτος γὰρ εὐθὺς μετὰ τὸν τοῦ πατρὸς θάνατον ᾤκει
					τὴν οἰκίαν εἰσελθὼν κατὰ τὴν ἐκείνου διαθήκην, καὶ λαμβάνει τά τε χρυσία τῆς
					μητρὸς καὶ τὰ ἐκπώματα τὰ καταλειφθέντα. καὶ ταῦτα μὲν ὡς εἰς πεντήκοντα μνᾶς
					εἶχεν, ἔτι δὲ τῶν ἀνδραπόδων τῶν πιπρασκομένων παρά τε Θηριππίδου καὶ Δημοφῶντος
					τὰς τιμὰς ἐλάμβανεν, ἕως ἀνεπληρώσατο τὴν προῖκα, τὰς ὀγδοήκοντα μνᾶς. </p>
			</div>
			<div n="14" type="section">
				<p>καὶ ἐπειδὴ εἶχεν, ἐκπλεῖν μέλλων εἰς Κέρκυραν τριήραρχος, ἀπέγραψε ταῦτα πρὸς
					Θηριππίδην ἔχονθʼ ἑαυτὸν καὶ ὡμολόγει κεκομίσθαι τὴν προῖκα. καὶ πρῶτον μὲν
					τούτων Δημοφῶν καὶ Θηριππίδης, οἱ τούτου συνεπίτροποι, μάρτυρές εἰσιν· ἔτι δὲ
					καὶ ὡς αὐτὸς ὡμολόγει ταῦτʼ ἔχειν, Δημοχάρης θʼ ὁ Λευκονοεύς, ὁ τὴν τηθίδα τὴν
					ἐμὴν ἔχων, καὶ ἄλλοι πολλοὶ μάρτυρες γεγόνασιν. </p>
			</div>
			<div n="15" type="section">
				<p>οὐ γὰρ διδόντος τούτου σῖτον τῇ μητρί, τὴν προῖκʼ ἔχοντος, οὐδὲ τὸν οἶκον μισθοῦν
					ἐθέλοντος, ἀλλὰ μετὰ τῶν ἄλλων ἐπιτρόπων διαχειρίζειν ἀξιοῦντος, ἐποιήσατο
					λόγους περὶ τούτων ὁ Δημοχάρης. οὗτος δʼ ἀκούσας οὔτʼ ἠμφεσβήτησεν μὴ ἔχειν οὔτε
					χαλεπῶς ἤνεγκεν ὡς οὐκ εἰληφώς, ἀλλʼ ὡμολόγει καὶ ἔτι μικρὸν ἔφη πρὸς τὴν ἐμὴν
					μητέρα περὶ χρυσιδίων ἀντιλέγεσθαι· τοῦτʼ οὖν διευκρινησάμενος, καὶ περὶ τῆς
					τροφῆς καὶ περὶ τῶν ἄλλων ποιήσειν οὕτως ὥστʼ ἔχειν μοι πάντα καλῶς. </p>
			</div>
			<div n="16" type="section">
				<p>καίτοι εἰ φανήσεται πρός τε τὸν Δημοχάρη ταῦθʼ ὡμολογηκὼς καὶ πρὸς τοὺς ἄλλους οἳ
					παρῆσαν, παρά τε τοῦ Δημοφῶντος καὶ τοῦ Θηριππίδου τῶν ἀνδραπόδων εἰς τὴν προῖκα
					τὰς τιμὰς εἰληφώς, αὐτός θʼ ἑαυτὸν ἔχειν τὴν προῖκʼ ἀπογράψας πρὸς τοὺς
					συνεπιτρόπους, οἰκῶν τε τὴν οἰκίαν ἐπειδὴ τάχιστʼ ἐτελεύτησεν ὁ πατήρ, πῶς οὐκ
					ἐκ πάντων ὁμολογουμένου τοῦ πράγματος εὑρεθήσεται φανερῶς τὴν προῖκα, τὰς
					ὀγδοήκοντα μνᾶς, κεκομισμένος, καὶ λίαν ἀναιδῶς μὴ λαβεῖν ἐξαρνούμενος; </p>
			</div>
			<div n="17" type="section">
				<p>ἀλλὰ μὴν ὡς ἀληθῆ λέγω, λαβὲ τὰς μαρτυρίας καὶ ἀνάγνωθι.<quote n="*marturi/ai"
							><title>Μαρτυρίαι</title></quote>τὴν μὲν τοίνυν προῖκα τοῦτον τὸν τρόπον
					ἔχει λαβών. μὴ γήμαντος δʼ αὐτοῦ τὴν μητέρα τὴν ἐμήν, ὁ μὲν νόμος κελεύει τὴν
					προῖκʼ ὀφείλειν ἐπʼ ἐννέʼ ὀβολοῖς, ἐγὼ δʼ ἐπὶ δραχμῇ μόνον τίθημι. γίγνεται δʼ,
					ἐάν τις συντιθῇ τό τʼ ἀρχαῖον καὶ τὸ ἔργον τῶν δέκʼ ἐτῶν, μάλιστα τρία τάλαντα.
				</p>
			</div>
			<div n="18" type="section">
				<p>καὶ ταῦτα μὲν οὕτως ὑμῖν ἐπιδείκνυμι λαβόντα καὶ ἔχειν ὁμολογήσαντα μαρτύρων
					ἐναντίον τοσούτων· ἄλλας τοίνυν ἔχει τριάκοντα μνᾶς, τοῦ ἐργαστηρίου λαβὼν τὴν
					πρόσοδον, καὶ ἀναισχυντότατʼ ἀνθρώπων ἀποστερεῖν ἐπικεχείρηκεν. ἐμοὶ δʼ ὁ πατὴρ
					κατέλιπεν τριάκοντα μνᾶς ἀπʼ αὐτῶν τὴν πρόσοδον· ἀποδομένων δὲ τούτων τὰ ἡμίσεα
					τῶν ἀνδραπόδων, πεντεκαίδεκά μοι μνᾶς γίγνεσθαι κατὰ λόγον προσῆκε. </p>
			</div>
			<div n="19" type="section">
				<p>Θηριππίδης μὲν οὖν ἕπτʼ ἔτη τῶν ἀνδραπόδων ἐπιμεληθεὶς ἕνδεκα μνᾶς τοῦ ἐνιαυτοῦ
					ἀπέφηνε, τέτταρσι μναῖς καθʼ ἕκαστον ἐνιαυτὸν ἔλαττον ἢ ὅσον προσῆκε
					λογιζόμενος. οὗτος δὲ δύʼ ἔτη τὰ πρῶτʼ ἐπιμεληθεὶς οὐδʼ ὁτιοῦν ἀποδείκνυσιν,
					ἀλλʼ ἐνίοτε μέν φησιν ἀργῆσαι τὸ ἐργαστήριον, ἐνίοτε δʼ ὡς αὐτὸς μὲν οὐκ
					ἐπεμελήθη τούτων, ὁ δʼ ἐπίτροπος Μιλύας, ὁ ἀπελεύθερος ὁ ἡμέτερος, διῴκησεν
					αὐτά, καὶ παρʼ ἐκείνου μοι προσήκει λόγον λαβεῖν. ἂν οὖν καὶ νῦν εἴπῃ τινὰ
					τούτων τῶν λόγων, ῥᾳδίως ἐξελεγχθήσεται ψευδόμενος. </p>
			</div>
			<div n="20" type="section">
				<p>ἂν μὲν οὖν ἀργὸν φῇ γενέσθαι, λόγον αὐτὸς ἀπενήνοχεν ἀναλωμάτων οὐκ εἰς σιτία
					τοῖς ἀνθρώποις, ἀλλʼ εἰς ἔργα, τὸν εἰς τὴν τέχνην ἐλέφαντα καὶ μαχαιρῶν λαβὰς
					καὶ ἄλλας ἐπισκευάς, ὡς ἐργαζομένων τῶν δημιουργῶν. ἔτι δὲ Θηριππίδῃ τριῶν
					ἀνδραπόδων, ἃ ἦν αὐτῷ ἐν τῷ ἐμῷ ἐργαστηρίῳ, μισθὸν ἀποδεδωκέναι λογίζεται.
					καίτοι μὴ γενομένης ἐργασίας οὔτʼ ἐκείνῳ λαβεῖν μισθὸν οὔτʼ ἐμοὶ τὰ ἀναλώματα
					ταῦτα λογισθῆναι προσῆκεν. </p>
			</div>
			<div n="21" type="section">
				<p>εἰ δʼ αὖ γενέσθαι μὲν φήσει, τῶν δʼ ἔργων ἀπρασίαν εἶναι, δεῖ δήπου τά γʼ ἔργʼ
					αὐτὸν ἀποδεδωκότα μοι φαίνεσθαι, καὶ ὧν ἐναντίον ἀπέδωκε παρασχέσθαι μάρτυρας.
					εἰ δὲ μηδὲν τούτων πεποίηκεν, πῶς οὐκ ἔχει τὴν πρόσοδον δυοῖν ἐτοῖν τὴν ἐκ τοῦ
					ἐργαστηρίου, τὰς τριάκοντα μνᾶς, φανερῶς οὕτως τῶν ἔργων γεγενημένων; </p>
			</div>
			<div n="22" type="section">
				<p>εἰ δʼ αὖ τούτων μὲν μηδὲν ἐρεῖ, Μιλύαν δʼ αὐτὰ φήσει πάντα διῳκηκέναι, πῶς χρὴ
					πιστεύειν, ὅταν φῇ τὰ μὲν ἀναλώματʼ αὐτὸς ἀνηλωκέναι, πλέον ἢ πεντακοσίας
					δραχμάς, λῆμμα δʼ εἴ τι γέγονεν, ἐκεῖνον ἔχειν; ἐμοὶ μὲν γὰρ δοκεῖ τοὐναντίον ἂν
					γενέσθαι τούτων, εἰ καὶ Μιλύας αὐτῶν ἐπεμελεῖτο, τὰ μὲν ἀναλώματʼ ἐκεῖνος
					ἀναλῶσαι, τὰ δὲ λήμμαθʼ οὗτος λαβεῖν, εἴ τι δεῖ τεκμαίρεσθαι πρὸς τὸν ἄλλον
					αὐτοῦ τρόπον καὶ τὴν ἀναίδειαν. λάβʼ οὖν τὰς μαρτυρίας ταύτας, καὶ ἀνάγνωθʼ
						αὐτοῖς.<quote n="*marturi/ai"><title>Μαρτυρίαι</title></quote>
				</p>
			</div>
			<div n="23" type="section">
				<p>ταύτας τοίνυν ἔχει τριάκοντα μνᾶς ἀπὸ τοῦ ἐργαστηρίου, καὶ τὸ ἔργον αὐτῶν ὀκτὼ
					ἐτῶν· ὃ ἂν ἐπὶ δραχμῇ τις τιθῇ μόνον, ἄλλας τριάκοντα μνᾶς εὑρήσει. καὶ ταῦτα
					μὲν ἰδίᾳ μόνος εἴληφεν· ἃ συντεθέντα πρὸς τὴν προῖκα μάλιστα τέτταρα τάλαντα
					γίγνεται σὺν τοῖς ἀρχαίοις. ἃ δὲ μετὰ τῶν ἄλλων ἐπιτρόπων κοινῇ διήρπακεν, καὶ
					ὅσʼ ἔνια μηδὲ καταλειφθῆναι παντάπασιν ἠμφεσβήτηκεν, ταῦθʼ ὑμῖν ἤδη ἐπιδείξω
					καθʼ ἕκαστον. </p>
			</div>
			<div n="24" type="section">
				<p>πρῶτον μὲν οὖν περὶ τῶν κλινοποιῶν, οὓς κατέλιπεν μὲν ὁ πατήρ, ἀφανίζουσι δʼ
					οὗτοι, τετταράκοντα μὲν μνῶν ὑποκειμένους, εἴκοσι δʼ ὄντας τὸν ἀριθμόν, ἐπιδείξω
					ὑμῖν ὡς λίαν ἀναιδῶς καὶ φανερῶς μʼ ἀποστεροῦσι. τούτους γὰρ καταλειφθῆναι μὲν
					οἴκοι παρʼ ἡμῖν πάντες ὁμολογοῦσιν, καὶ τὰς δώδεκα μνᾶς ἑκάστου τοῦ ἐνιαυτοῦ τῷ
					πατρὶ γίγνεσθαί φασιν· αὐτοὶ δὲ λῆμμα μὲν παρʼ αὐτῶν ἐν δέκʼ ἔτεσιν οὐδὲν ἐμοὶ
					γεγενημένον ἀποφαίνουσιν ἀλλʼ οὐδὲ μικρόν, ἀναλώματος δὲ κεφάλαιον εἰς αὐτοὺς
					οὗτος ὀλίγου δεῖν λογίζεται χιλίας· εἰς τοῦτʼ ἀναιδείας ἐλήλυθεν. </p>
			</div>
			<div n="25" type="section">
				<p>αὐτοὺς δὲ τοὺς ἀνθρώπους, εἰς οὓς ταῦτʼ ἀνηλωκέναι φησίν, οὐδαμοῦ μοι
					παραδεδώκασιν, ἀλλὰ πάντων κενότατον λόγον λέγουσιν, ὡς ὁ ὑποθεὶς τῷ πατρὶ
					τἀνδράποδα πονηρότατος ἀνθρώπων ἐστὶν καὶ ἐράνους τε λέλοιπε πλείστους καὶ
					ὑπέρχρεως γέγονε, καὶ τούτων οὐκ ὀλίγους κεκλήκασι κατʼ ἐκείνου μάρτυρας. τὰ δʼ
					ἀνδράποδʼ ὅστις ἐστὶν ὁ λαβών, ἢ πῶς ἐκ τῆς οἰκίας ἐξῆλθεν, ἢ τίς ἀφείλετο, ἢ
					πρὸς τίνα δίκην ἥττηνται περὶ αὐτῶν, οὐκ ἔχουσιν εἰπεῖν. </p>
			</div>
			<div n="26" type="section">
				<p>καίτοι εἴ τι ἔλεγον ὑγιές, οὐκ ἂν κατὰ τῆς ἐκείνου πονηρίας παρείχοντο μάρτυρας,
					ἧς οὐδέν μοι προσήκει φροντίζειν, ἀλλὰ τούτων ἂν ἀντελαμβάνοντο καὶ τοὺς
					λαβόντας ἀπεδείκνυσαν καὶ οὐδὲν ἂν αὐτῶν παρέλειπον. νῦν δʼ ὠμότατʼ ἀνθρώπων,
					ὁμολογοῦντες καταλειφθῆναι καὶ λαβόντες ὡς αὑτοὺς καὶ καρπωσάμενοι δέκʼ ἔτη τοὺς
					ἀνθρώπους, ἄρδην ὅλον τὸ ἐργαστήριον ἀφανίζουσι. καὶ ταῦθʼ ὡς ἀληθῆ λέγω, λαβέ
					μοι τὰς μαρτυρίας καὶ ἀναγίγνωσκε.<quote n="*marturi/ai"
							><title>Μαρτυρίαι</title></quote>
				</p>
			</div>
			<div n="27" type="section">
				<p>ὅτι τοίνυν οὐκ ἄπορος ἦν ὁ Μοιριάδης, οὐδʼ ἦν τῇ πατρὶ τοῦτο τὸ συμβόλαιον εἰς
					τἀνδράποδʼ ἠλιθίως συμβεβλημένον, μεγίστῳ τεκμηρίῳ γνώσεσθε· λαβὼν γὰρ ὡς ἑαυτὸν
					Ἄφοβος τοῦτο τὸ ἐργαστήριον, ὡς αὐτοὶ τῶν μαρτύρων ἠκούσατε, καὶ δέον αὐτόν, εἰ
					καί τις ἄλλος ἐβούλετʼ εἰς ταῦτα συμβαλεῖν, τοῦτον διακωλύειν ἐπίτροπόν γʼ ὄντα,
					αὐτὸς ἐπὶ τούτοις τοῖς ἀνδραπόδοις τῷ Μοιριάδῃ πεντακοσίας δραχμὰς ἐδάνεισεν, ἃς
					ὀρθῶς καὶ δικαίως παρʼ ἐκείνου κεκομίσθαι ὡμολόγηκεν. </p>
			</div>
			<div n="28" type="section">
				<p>καίτοι πῶς οὐ δεινόν, εἰ ἡμῖν μὲν πρὸς τῷ λῆμμʼ ἀπʼ αὐτῶν μηδὲν γεγονέναι καὶ
					αὐτὰ τὰ ὑποτεθέντʼ ἀπόλωλεν, οἳ πρότερον συνεβάλομεν, τῷ δʼ εἰς τὰ ἡμέτερα
					δανείσαντι καὶ τοσούτῳ χρόνῳ πράξαντι καὶ οἱ τόκοι καὶ τἀρχαῖʼ ἐκ τῶν ἡμετέρων
					ἀποδέδοται καὶ οὐδεμίʼ ἀπορία γέγονεν; ἀλλὰ μὴν ὡς ἀληθῆ λέγω, λαβὲ τὴν
					μαρτυρίαν καὶ ἀνάγνωθι.<quote n="*marturi/a"><title>Μαρτυρία</title></quote>
				</p>
			</div>
			<div n="29" type="section">
				<p>σκέψασθε τοίνυν ὅσον ἀργύριον οὗτοι παρὰ τοὺς κλινοποιοὺς κλέπτουσι, τετταράκοντα
					μὲν μνᾶς αὐτὸ τὸ ἀρχαῖον, δέκα δʼ ἐτῶν τὸ ἔργον αὐτῶν δύο τάλαντα· δώδεκα γὰρ
					μνᾶς ἑκάστου τοῦ ἐνιαυτοῦ τὴν πρόσοδον αὐτῶν ἐλάμβανον. ἆρα μικρόν τι καὶ ἐξ
					ἀφανοῦς ποθεν καὶ παραλογίσασθαι. ῥᾴδιον, ἀλλʼ οὐ φανερῶς οὑτωσὶ μικροῦ δεῖν
					τρία τάλαντα ταῦτʼ ἀνηρπάκασιν; ὧν κοινῇ διαπεφορημένων τὸ τρίτον δήπου μέρος
					παρὰ τούτου μοι προσήκει κεκομίσθαι. </p>
			</div>
			<div n="30" type="section">
				<p>καὶ μήν, ὦ ἄνδρες δικασταί, καὶ τὰ περὶ τοῦ ἐλέφαντος καὶ σιδήρου τοῦ
					καταλειφθέντος παραπλήσιά πως τούτοις πεποιήκασιν· οὐδὲ γὰρ ταῦτʼ ἀποφαίνουσιν.
					καίτοι κεκτημένον μὲν τοσούτους κλινοποιούς, κεκτημένον δὲ μαχαιροποιοὺς οὐχ
					οἷόν τε μὴ οὐχὶ καὶ σίδηρον καὶ ἐλέφαντα καταλιπεῖν, ἀλλʼ ἀνάγκη ταῦτά γʼ
					ὑπάρχειν· τί γὰρ ἂν ἠργάζοντο τούτων μὴ ὑπαρξάντων; </p>
			</div>
			<div n="31" type="section">
				<p>τὸν τοίνυν πλέον ἢ πεντήκοντʼ ἀνδράποδα κεκτημένον καὶ δυοῖν τέχναιν
					ἐπιμελούμενον, ὧν θάτερον ἐργαστήριον εἰς τὰς κλίνας ῥᾳδίως δύο μνᾶς τοῦ μηνὸς
					ἀνήλισκεν ἐλέφαντος, τὸ δὲ μαχαιροποιεῖον οὐκ ἔλαττον ἢ τοσοῦτον ἕτερον σὺν
					σιδήρῳ, τοῦτον οὔ φασιν καταλιπεῖν οὐδὲν τούτων· εἰς τοῦτʼ ἀναιδείας ἐληλύθασιν.
				</p>
			</div>
			<div n="32" type="section">
				<p>ὅτι μὲν οὖν οὐ πιστὰ λέγουσιν, καὶ ἐκ τούτων αὐτῶν ῥᾴδιόν ἐστι μαθεῖν· ὅτι δʼ
					ἐκεῖνος κατέλιπε τοσοῦτον τὸ πλῆθος ὥστε μὴ μόνον ἱκανὸν εἶναι κατεργάζεσθαι
					τοῖς ἑαυτοῦ δημιουργοῖς, ἀλλὰ καὶ τῷ βουλομένῳ πρὸς ὠνεῖσθαι τῶν ἄλλων, ἐκεῖθεν
					φανερόν, ὅτι αὐτός τʼ ἐπώλει ζῶν καὶ Δημοφῶν καὶ οὗτος τοῦ πατρὸς ἤδη
					τετελευτηκότος ἐκ τῆς οἰκίας τῆς ἐμῆς ἀπεδίδοντο τοῖς βουλομένοις. </p>
			</div>
			<div n="33" type="section">
				<p>καίτοι πόσον τινὰ χρὴ τὸν καταλειφθέντα νομίζειν εἶναι, ὅταν φαίνηται τηλικούτοις
					τʼ ἐργαστηρίοις ἐξαρκῶν καὶ χωρὶς ὑπὸ τῶν ἐπιτρόπων πιπρασκόμενος; ἆρʼ ὀλίγον,
					ἀλλʼ οὐ πολλῷ πλείω τῶν ἐγκεκλημένων; λαβὲ τοίνυν τὰς μαρτυρίας ταυτασὶ καὶ
					ἀνάγνωθʼ αὐτοῖς.<quote n="*marturi/ai"
						><title>Μαρτυρίαι</title></quote><milestone ed="P" unit="para"/>τούτου
					τοίνυν τοῦ ἐλέφαντός ἐστι πλέον ἢ τάλαντον, ὃν οὔτʼ αὐτὸν οὔτε τὸ ἔργον μοι
					ἀποφαίνουσιν, ἀλλὰ καὶ τοῦτον ἄρδην ἀφανίζουσιν ὅλον. </p>
			</div>
			<div n="34" type="section">
				<p>ἔτι τοίνυν, ὦ ἄνδρες δικασταί, παρὰ τὸν λόγον ὃν ἀποφέρουσιν, ἐξ ὧν αὐτοὶ λαβεῖν
					ὁμολογοῦσιν, ἐπιδείξω ὑμῖν τρεῖς μὲν ὄντας αὐτοὺς πλέον ἢ ὀκτὼ τάλαντʼ ἐκ τῶν
					ἐμῶν ἔχοντας, ἰδίᾳ δʼ ἐκ τούτων Ἄφοβον τρία τάλαντα καὶ χιλίας εἰληφότα, τά τʼ
					ἀνηλωμένα χωρὶς τούτων πλείω τιθεὶς καὶ ὅσʼ ἐκ τούτων ἀπέδοσαν ἀφαιρῶν, ἵνʼ
					εἰδῆθʼ ὅτι οὐ μικρᾶς ἀναιδείας τὰ ἐγχειρήματʼ αὐτῶν ἐστίν. </p>
			</div>
			<div n="35" type="section">
				<p>λαβεῖν γὰρ ἐκ τῶν ἐμῶν ὁμολογοῦσιν οὗτος μὲν ὀκτὼ καὶ ἑκατὸν μνᾶς, χωρὶς ὧν
					ἔχοντʼ αὐτὸν ἐγὼ ἐπιδείξω νῦν, Θηριππίδης δὲ δύο τάλαντα, Δημοφῶν δʼ ἑπτὰ καὶ
					ὀγδοήκοντα μνᾶς. τοῦτο δʼ ἐστὶ πέντε τάλαντα καὶ πεντεκαίδεκα μναῖ. τούτου
					τοίνυν ὃ μὲν οὐχ ἅθρουν ἐλήφθη, σχεδόν εἰσιν ἑβδομήκοντα μναῖ καὶ ἑπτά, ἡ
					πρόσοδος ἡ ἀπὸ τῶν ἀνδραπόδων, ὃ δʼ εὐθὺς ἔλαβον οὗτοι, μικροῦ δέοντα τέτταρα
					τάλαντα· οἷς τὸ ἔργον ἂν προσθῆτʼ ἐπὶ δραχμῇ μόνον τῶν δέκʼ ἐτῶν, ὀκτὼ τάλανθʼ
					εὑρήσετε σὺν τοῖς ἀρχαίοις καὶ χιλίας γιγνομένας. </p>
			</div>
			<div n="36" type="section">
				<p>τὴν μὲν τοίνυν τροφὴν ἀπὸ τῶν ἑβδομήκοντα μνῶν καὶ ἑπτὰ λογιστέον τῶν ἀπὸ τοῦ
					ἐργαστηρίου γενομένων. Θηριππίδης γὰρ ἑπτὰ μνᾶς ἐδίδου καθʼ ἕκαστον τὸν ἐνιαυτὸν
					εἰς ταῦτα, καὶ ἡμεῖς τοῦτο λαβεῖν ὁμολογοῦμεν. ὥσθʼ ἑβδομήκοντα μνῶν ἐν τοῖς
					δέκʼ ἔτεσιν τροφὴν τούτων ἡμῖν ἀνηλωκότων, τὸ περιὸν τὰς ἑπτακοσίας προστίθημʼ
					αὐτοῖς, καὶ τούτων πλείω εἰμὶ τεθηκώς. ὃ δʼ ἐμοὶ δοκιμασθέντι παρέδοσαν καὶ ὅσον
					εἰς τὴν πόλιν εἰσενηνόχασιν, τοῦτʼ ἀπὸ τῶν ὀκτὼ ταλάντων καὶ τοῦ προσόντος
					ἀφαιρετέον ἐστίν. </p>
			</div>
			<div n="37" type="section">
				<p>ἀπέδοσαν μὲν τοίνυν οὗτος καὶ Θηριππίδης μίαν καὶ τριάκοντα μνᾶς, εἰσφορὰς δʼ
					εἰσενηνοχέναι λογίζονται δυοῖν δεούσας εἴκοσι μνᾶς. ἐγὼ δʼ ὑπερβαλὼν τοῦτο
					ποιήσω τριάκοντα μνᾶς, ἵνα πρὸς ταῦτα μηδʼ ἀντειπεῖν ἔχωσιν. οὐκοῦν ἂν ἀφέλητε
					τὸ τάλαντον ἀπὸ τῶν ὀκτὼ ταλάντων, ἑπτὰ τὰ λειπόμενʼ ἐστί, καὶ ταῦτα, ἐξ ὧν
					αὐτοὶ λαβεῖν ὁμολογοῦσι, τούτους ἔχειν ἐστὶν ἀναγκαῖον. τοῦτο τοίνυν, εἰ καὶ
					τἄλλα πάντʼ ἀποστεροῦσιν ἀρνούμενοι μὴ ἔχειν, ἀποδοῦναι προσῆκεν, ὁμολογοῦντάς
					γε λαβεῖν ταῦτʼ ἐκ τῶν ἐμῶν. </p>
			</div>
			<div n="38" type="section">
				<p>νῦν δὲ τί ποιοῦσιν; ἔργον μὲν οὐδὲν ἀποφαίνουσι τοῖς χρήμασιν, αὐτὰ δὲ τὰ ἀρχαῖα
					πάντʼ ἀνηλωκέναι φασὶ σὺν ταῖς ἑπτὰ καὶ ἑβδομήκοντα μναῖς· Δημοφῶν δὲ καὶ πρὸς
					ὀφείλοντας ἡμᾶς ἐνέγραψε. ταῦτʼ οὐ μεγάλη καὶ περιφανὴς ἀναισχυντία; ταῦτʼ οὐχ
					ὑπερβολὴ δεινῆς αἰσχροκερδίας; τί οὖν ποτʼ ἐστὶ τὸ δεινόν, εἰ μὴ ταῦτα δόξει
					τηλικαύτας ὑπερβολὰς ἔχοντα; </p>
			</div>
			<div n="39" type="section">
				<p>οὗτος τοίνυν τὸ καθʼ αὑτὸν ὀκτὼ καὶ ἑκατὸν μνᾶς λαβεῖν ὁμολογῶν, ἔχει καὶ αὐτὰς
					καὶ τὸ ἔργον δέκʼ ἐτῶν, μάλιστα τρία τάλαντα καὶ χιλίας. καὶ ταῦθʼ ὡς ἀληθῆ
					λέγω, καὶ ἐν τοῖς λόγοις τῆς ἐπιτροπῆς τὸ λῆμμʼ ἕκαστος τοῦθʼ ὁμολογῶν λαβεῖν
					ἅπαν ἀνηλωκέναι λογίζεται, λαβὲ τὰς μαρτυρίας καὶ ἀνάγνωθι.<quote
						n="*marturi/ai"><title>Μαρτυρίαι</title></quote>
				</p>
			</div>
			<div n="40" type="section">
				<p>νομίζω τοίνυν, ὦ ἄνδρες δικασταί, περὶ τούτων ἱκανῶς μὲν ὑμᾶς μεμαθηκέναι, καὶ
					ὅσα κλέπτουσιν καὶ κακουργοῦσιν ἕκαστος αὐτῶν· ἔτι δʼ ἀκριβέστερον ἔγνωτʼ ἄν, εἴ
					μοι τὰς διαθήκας, ἃς ὁ πατὴρ κατέλιπεν, οὗτοι ἀποδοῦναι ἠθέλησαν. ἐν γὰρ
					ἐκείναις ἐγέγραπτο, ὥς φησιν ἡ μήτηρ, ἃ κατέλιπεν ὁ πατὴρ πάντα, καὶ ἐξ ὧν ἔδει
					τούτους λαβεῖν τὰ δοθέντα, καὶ τὸν οἶκον ὅπως μισθώσουσι. </p>
			</div>
			<div n="41" type="section">
				<p>νῦν δʼ ἀπαιτοῦντος ἐμοῦ καταλειφθῆναι μὲν ὁμολογοῦσιν, αὐτὰς δʼ οὐκ ἀποφαίνουσι.
					ταῦτα δὲ ποιοῦσι τό τε πλῆθος οὐ βουλόμενοι καταφανὲς ποιῆσαι τῆς οὐσίας τὸ
					καταλειφθέν, ὃ διηρπάκασιν οὗτοι, τάς τε δωρεὰς ἵνα μὴ δοκῶσιν ἔχειν, ὥσπερ οὐκ
					ἐξ αὐτοῦ τοῦ πράγματος ἐξελεγχθησόμενοι ῥᾳδίως. λαβὲ δʼ αὐτοῖς τὰς μαρτυρίας ὧν
					ἐναντίον ἀπεκρίναντο, καὶ ἀνάγνωθι.<quote n="*marturi/ai"
							><title>Μαρτυρίαι</title></quote>
				</p>
			</div>
			<div n="42" type="section">
				<p>οὗτος διαθήκην μὲν γενέσθαι φησίν, καὶ τὰ δύο τάλαντα Δημοφῶντι καὶ τὰς
					ὀγδοήκοντα μνᾶς τούτῳ δοθῆναι μαρτυρεῖ· τὰς δʼ ἑβδομήκοντα μνᾶς, ἃς Θηριππίδης
					ἔλαβεν, οὐ προσγραφῆναί φησιν, οὐδὲ τὸ πλῆθος τῆς οὐσίας τὸ καταλειφθέν, οὐδὲ
					τὸν οἶκον ὅπως μισθώσουσιν· οὐ γὰρ αὐτῷ συμφέρει προσομολογῆσαι ταῦτα. λαβὲ δὴ
					τὴν τούτου ἀπόκρισιν.<quote n="*marturi/a"><title>Μαρτυρία</title></quote>
				</p>
			</div>
			<div n="43" type="section">
				<p>οὗτος αὖ τὴν μὲν διαθήκην γενέσθαι φησίν, καὶ τὸ ἀργύριον ἐκ τοῦ χαλκοῦ καὶ τῆς
					κηκῖδος ἀποδοθῆναι τῷ Θηριππίδῃ, ὃ ἐκεῖνος οὔ φησιν, καὶ τὰ δύο τάλαντα τῷ
					Δημοφῶντι· περὶ δὲ τῶν αὐτῷ δοθέντων γραφῆναι μέν φησιν, οὐχ ὁμολογῆσαι δʼ
					αὐτός, ἵνα μὴ δοκῇ λαβεῖν. τὸ δὲ πλῆθος τῆς οὐσίας οὐδʼ οὗτος ἀποφαίνει καθόλου,
					οὐδὲ τὸ μισθοῦν τὸν οἶκον· οὐδὲ γὰρ οὐδὲ τούτῳ συμφέρει προσομολογῆσαι ταῦτα.
				</p>
			</div>
			<div n="44" type="section">
				<p>δῆλον τοίνυν ἐστὶν οὐδὲν ἧττον τὸ πλῆθος τῶν καταλειφθέντων, καίπερ ἀφανιζόντων
					τούτων τὴν οὐσίαν ἐκ τῶν διαθηκῶν, ἐξ ὧν τοσαῦτα χρήματʼ ἀλλήλοις φασὶ δοθῆναι.
					ὅστις γὰρ ἐκ τεττάρων ταλάντων καὶ τρισχιλίων τοῖς μὲν τρία τάλαντα καὶ
					δισχιλίας προῖκα δέδωκεν, τῷ δʼ ἑβδομήκοντα μνᾶς καρποῦσθαι, φανερὸν δήπου πᾶσιν
					ὅτι οὐκ ἀπὸ μικρᾶς οὐσίας, ἀλλὰ πλέον ἢ διπλασίας ἧς ἐμοὶ κατέλειπεν ταῦτʼ
					ἀφεῖλεν. </p>
			</div>
			<div n="45" type="section">
				<p>οὐ γὰρ δήπου τὸν μὲν υἱὸν ἐμὲ πένητʼ ἐβούλετο καταλιπεῖν, τούτους δὲ πλουσίους
					ὄντας ἔτι πλουσιωτέρους ποιῆσαι ἐπεθύμησεν, ἀλλʼ ἕνεκα τοῦ πλήθους τῶν ἐμοὶ
					καταλειπομένων Θηριππίδῃ τε τοσοῦτον ἀργύριον καὶ Δημοφῶντι τὰ δύο τάλαντα, οὔπω
					μέλλοντι τῇ ἀδελφῇ τῇ ἐμῇ συνοικήσειν, καρποῦσθαι ἔδωκεν, ἵνα δυοῖν θάτερον
					διαπράξαιτο, ἢ διὰ τὰ διδόμενα βελτίους αὐτοὺς εἶναι τὰ περὶ τὴν ἐπιτροπὴν
					προτρέψειεν, ἢ εἰ κακοὶ γίγνοιντο, μηδεμιᾶς συγγνώμης παρʼ ὑμῶν τυγχάνοιεν, εἰ
					τοσούτων ἀξιωθέντες τοιαῦτʼ εἰς ἡμᾶς ἐξαμαρτάνοιεν. </p>
			</div>
			<div n="46" type="section">
				<p>οὗτος τοίνυν καὶ αὐτὸς πρὸς τῇ προικὶ καὶ θεραπαίνας λαβὼν καὶ τὴν οἰκίαν οἰκῶν,
					ἐπειδὴ δεῖ λόγον αὐτὸν δοῦναι τούτων, τὰ ἑαυτοῦ πράττειν φησίν· καὶ εἰς τοσοῦτον
					αἰσχροκερδίας ἦλθεν, ὥστε καὶ τοὺς διδασκάλους τοὺς μισθοὺς ἀπεστέρηκεν καὶ τῶν
					εἰσφορῶν ἔστιν ἃς οὐ κατέθηκεν, ἐμοὶ δὲ λογίζεται. λαβὲ δὴ καὶ ταύτας αὐτοῖς τὰς
					μαρτυρίας καὶ ἀνάγνωθι.<quote n="*marturi/ai"><title>Μαρτυρίαι</title></quote>
				</p>
			</div>
			<div n="47" type="section">
				<p>πῶς οὖν ἄν τις σαφέστερον ἐπιδείξειεν πάντα διηρπακότα καὶ μηδὲ τῶν μικρῶν
					ἀπεσχημένον, ἢ τοῦτον τὸν τρόπον ἐπιδεικνὺς μετὰ τοσούτων μαρτύρων καὶ
					τεκμηρίων; τὴν μὲν προῖκα λαβεῖν ὁμολογήσαντα καὶ ἔχειν αὐτὸν πρὸς τοὺς
					ἐπιτρόπους ἀπογράψαντα, τὸ δʼ ἐργαστήριον κεκαρπωμένον αὐτὸν καὶ τὴν πρόσοδον
					οὐκ ἀποφαίνοντα, </p>
			</div>
			<div n="48" type="section">
				<p>τῶν δʼ ἄλλων τὰ μὲν πεπρακότα καὶ τὰς τιμὰς οὐκ ἀποδεδωκότα, τὰ δʼ ὡς ἑαυτὸν
					λαβόντα καὶ ταῦτʼ ἠφανικότα, ἔτι δὲ παρὰ τὸν λόγον ὃν αὐτὸς ἀπέδωκε τοσαῦτα
					κλέπτοντα, πρὸς δὲ τούτοις τὴν διαθήκην ἠφανικότα, τὰ ἀνδράποδα πεπρακότα, τἄλλʼ
					οὕτω πάντα διῳκηκότα, ὡς οὐδʼ ἂν οἱ ἔχθιστοι διοικήσειαν; ἐγὼ μὲν οὐκ οἶδʼ ὅπως
					ἄν τις σαφέστερον ἐπιδείξειεν. </p>
			</div>
			<div n="49" type="section">
				<p><milestone ed="P" unit="para"/>ἐτόλμα τοίνυν πρὸς τῷ διαιτητῇ λέγειν, ὡς ἀπὸ τῶν
					χρημάτων χρέα τε πάμπολλʼ ἐκτέτεικεν ὑπὲρ ἐμοῦ Δημοφῶντι καὶ Θηριππίδῃ τοῖς
					συνεπιτρόποις, καὶ ὡς πολλὰ τῶν ἐμῶν λάβοιεν, οὐδέτερʼ ἔχων ἐπιδεικνύναι τούτων.
					οὔτε γὰρ ὡς ὀφείλοντά με κατέλιπεν ὁ πατὴρ ἐν τοῖς γράμμασιν ἀπέφηνεν, οὐδʼ οἷς
					ἀποδεδωκέναι ταῦτʼ ἔφη παρέσχηται μάρτυρας, οὔτʼ αὖ τὸν ἀριθμὸν τῶν χρημάτων εἰς
					τοὺς συνεπιτρόπους ἐπανέφερεν ὅσον αὐτὸς φαίνεται λαβών, ἀλλὰ πολλοῖς ἐλάττω
					χρήμασιν. </p>
			</div>
			<div n="50" type="section">
				<p>ἐρωτηθεὶς δʼ ὑπὸ τοῦ διαιτητοῦ ταῦτά τε καθʼ ἕκαστον, καὶ τὴν οὐσίαν τὴν αὑτοῦ
					πότερον ἐκ τῶν ἐπικαρπιῶν ἢ τἀρχαῖʼ ἀναλίσκων διῴκηκεν, καὶ πότερον
					ἐπιτροπευθεὶς ἀπεδέξατʼ ἂν τοῦτον τὸν λόγον παρὰ τῶν ἐπιτρόπων ἢ τἀρχαῖʼ ἂν
					ἀπολαβεῖν ἠξίου σὺν τοῖς ἔργοις τοῖς γεγενημένοις, πρὸς μὲν ταῦτʼ ἀπεκρίνατʼ
					οὐδέν, προὐκαλεῖτο δʼ ἐθέλειν ἐπιδεῖξαί μοι τὴν οὐσίαν δέκα ταλάντων οὖσαν· εἰ
					δέ τι ἐλλείποι, αὐτὸς ἔφη προσθήσειν. </p>
			</div>
			<div n="51" type="section">
				<p>κελεύοντος δʼ ἐμοῦ πρὸς τὸν διαιτητὴν ἐπιδεικνύναι ταῦτʼ οὐκ ἐπέδειξεν, οὐδʼ ὡς
					οἱ συνεπίτροποι παρέδοσαν (οὐ γὰρ ἂν αὐτοῦ κατεδιῄτησεν), μαρτυρίαν δʼ ἐνεβάλετο
					τοιαύτην, περὶ ἧς πειράσεταί τι λέγειν. ἂν μὲν οὖν καὶ νῦν ἔχειν με φῇ, τίνος
					παραδόντος ἐρωτᾶτʼ αὐτόν, καὶ καθʼ ἕκαστον παρασχέσθαι μάρτυρας ἀξιοῦτε. </p>
			</div>
			<div n="52" type="section">
				<p>ἐὰν δʼ εἶναί μοι φῇ τοῦτον τὸν τρόπον, λογιζόμενος τὰ παρʼ ἑκατέρῳ τῶν ἐπιτρόπων,
					διπλασίοις ἐλάττω φανήσεται λέγων, ἔχοντα δʼ οὐδὲν μᾶλλον ἀποφαίνων. ἐγὼ γὰρ
					ὥσπερ καὶ τοῦτον τοσαῦτʼ ἔχοντʼ ἐξήλεγξα, οὕτως κἀκείνων ἑκάτερον οὐκ ἐλάττω
					τούτων ἔχοντʼ ἐπιδείξω. ὥστʼ οὐ τοῦτʼ αὐτῷ λεκτέον, ἀλλʼ ὡς ἢ αὐτὸς ἢ οἱ
					συνεπίτροποι παρέδοσαν. εἰ δὲ μὴ τοῦτʼ ἐπιδείξει, πῶς χρὴ ταύτῃ τῇ προκλήσει
					προσέχειν ὑμᾶς τὸν νοῦν; οὐδὲν γὰρ μᾶλλον ἔχοντά μʼ ἐπιδείκνυσι. </p>
			</div>
			<div n="53" type="section">
				<p>πολλὰ τοίνυν ἀπορηθεὶς πρὸς τῷ διαιτητῇ περὶ πάντων τούτων, καὶ καθʼ ἕκαστον
					ἐξελεγχόμενος ὥσπερ νυνὶ παρʼ ὑμῖν, ἐτόλμησε ψεύσασθαι πάντων δεινότατον, ὡς
					τέτταρά μοι τάλανθʼ ὁ πατὴρ κατέλιπε κατορωρυγμένα καὶ τούτων κυρίαν τὴν μητέρʼ
					ἐποίησεν. ταῦτα δʼ εἶπεν, ἵνʼ εἰ μὲν καὶ νῦν προσδοκήσαιμʼ αὐτὸν ἐρεῖν,
					ἀπολογούμενος περὶ αὐτῶν διατρίβοιμι, δέον ἕτερά μʼ αὐτοῦ κατηγορεῖν πρὸς ὑμᾶς·
					εἰ δʼ ὡς οὐ ῥηθησομένων παραλίποιμι, νῦν αὐτὸς εἴποι, ἵνα δοκῶν εἶναι πλούσιος
					ἧττον ὑφʼ ὑμῶν ἐλεοίμην. </p>
			</div>
			<div n="54" type="section">
				<p>καὶ μαρτυρίαν μὲν οὐδεμίαν ἐνεβάλετο τούτων ὁ ταῦτʼ εἰπεῖν ἀξιώσας, ψιλῷ δὲ λόγῳ
					χρησάμενος ὡς πιστευθησόμενος διʼ ἐκείνων. καὶ ὅταν μὲν ἔρηταί τις αὐτόν, εἰς τί
					τῶν ἐμῶν τοσαῦτα χρήματʼ ἀνήλωκεν, χρέα φησὶν ὑπὲρ ἐμοῦ ἐκτετεικέναι καὶ πένητʼ
					ἐνταυθοῖ ζητεῖ ποιεῖν· ὅταν δὲ βούληται, πλούσιον ὡς ἔοικεν, εἴπερ γε καὶ
					τοσοῦτον ἐκεῖνος ἀργύριον οἴκοι κατέλιπεν. ὡς δʼ οὐκ ἀληθῆ λέγειν οἷόν τʼ αὐτόν,
					ἀλλʼ ἀδύνατόν τι γενέσθαι τούτων, ἐκ πολλῶν ῥᾴδιον μαθεῖν. </p>
			</div>
			<div n="55" type="section">
				<p>εἰ μὲν γὰρ ὁ πατὴρ ἠπίστει τούτοις, δῆλον ὅτι οὔτʼ ἂν τἄλλʼ ἐπέτρεπεν οὔτʼ ἂν
					ταῦθʼ οὕτω καταλείπων αὐτοῖς ἔφραζε· μανία γὰρ δεινὴ τὰ κεκρυμμένʼ εἰπεῖν, μηδὲ
					τῶν φανερῶν μέλλοντʼ ἐπιτρόπους καταστήσειν. εἰ δʼ ἐπίστευεν, οὐκ ἂν δήπου τὰ
					μὲν πλεῖστʼ αὐτοῖς τῶν χρημάτων ἐνεχείρισεν, τῶν δʼ οὐκ ἂν κυρίους ἐποίησεν.
					οὐδʼ ἂν τῇ μὲν μητρί μου ταῦτα φυλάττειν ἔδωκεν, αὐτὴν δʼ ἐκείνην ἑνὶ τῶν
					ἐπιτρόπων τούτῳ γυναῖκʼ ἔδωκεν· οὐ γὰρ ἔχει λόγον, σῴζειν μὲν τὰ χρήματα διὰ τῆς
					ἐμῆς μητρὸς ζητεῖν, ἕνα δὲ τῶν ἀπιστουμένων καὶ αὐτῆς καὶ τῶν χρημάτων κύριον
					ποιεῖν. </p>
			</div>
			<div n="56" type="section">
				<p>ἔτι δέ, τούτων εἴ τι ἦν ἀληθές, οἴεσθʼ οὐκ ἂν αὐτὴν λαβεῖν δοθεῖσαν ὑπὸ τοῦ
					πατρός; ὃς τὴν μὲν προῖκʼ αὐτῆς ἤδη, τὰς ὀγδοήκοντα μνᾶς, ἔχων ὡς συνοικήσων
					αὐτῇ, τὴν Φιλωνίδου τοῦ Μελιτέως θυγατέρʼ ἔγημεν· τεττάρων δὲ ταλάντων ἔνδον
					ὄντων, καὶ ταῦτʼ ἐκείνης ἐχούσης, ὡς οὗτός φησιν, οὐκ ἂν ἡγεῖσθʼ αὐτὸν κἂν
					ἐπιδραμεῖν, ὥστε γενέσθαι μετʼ ἐκείνης αὐτῶν κύριον; </p>
			</div>
			<div n="57" type="section">
				<p>ἢ τὴν μὲν φανερὰν οὐσίαν, ἣν καὶ ὑμῶν οἱ πολλοὶ συνῄδεσαν ὅτι κατελείφθη, μετὰ
					τῶν συνεπιτρόπων οὕτως αἰσχρῶς διήρπασεν, ὧν δʼ οὐκ ἐμέλλεθʼ ὑμεῖς ἔσεσθαι
					μάρτυρες, ἀπέσχετʼ ἂν ἐξὸν αὐτῷ λαβεῖν; καὶ τίς ἂν πιστεύσειεν; οὐκ ἔστιν ταῦτʼ,
					ὦ ἄνδρες δικασταί, οὐκ ἔστιν, ἀλλὰ τὰ μὲν χρήματα, ὅσα κατέλιπεν ὁ πατήρ, πάντα
					τούτοις παρέδωκεν, οὗτος δʼ, ἵνʼ ἧττον ἐλεηθῶ παρʼ ὑμῖν, τούτοις τοῖς λόγοις
					χρήσεται. </p>
			</div>
			<div n="58" type="section">
				<p><milestone ed="P" unit="para"/>πολλὰ μὲν οὖν ἔγωγʼ ἔχω καὶ ἄλλα τούτου
					κατηγορεῖν· ἓν δὲ περὶ πάντων κεφάλαιον εἰπών, πάσας αὐτοῦ διαλύσω τὰς
					ἀπολογίας. τούτῳ γὰρ ἐξῆν μηδὲν ἔχειν τούτων τῶν πραγμάτων, μισθώσαντι τὸν οἶκον
					κατὰ τουτουσὶ τοὺς νόμους. λαβὲ τοὺς νόμους καὶ ἀνάγνωθι.<quote n="*no/moi"
							><title>Νόμοι</title></quote><milestone ed="P" unit="para"/>κατὰ τούτους
					τοὺς νόμους Ἀντιδώρῳ μὲν ἐκ τριῶν ταλάντων καὶ τρισχιλίων ἐν ἓξ ἔτεσιν ἓξ
					τάλαντα καὶ πλέον ἐκ τοῦ μισθωθῆναι παρεδόθη, καὶ ταῦθʼ ὑμῶν τινὲς εἶδον·
					Θεογένης γὰρ ὁ Προβαλίσιος, ὁ μισθωσάμενος αὐτοῦ τὸν οἶκον, ἐν τῇ ἀγορᾷ ταῦτα τὰ
					χρήματʼ ἐξηρίθμησεν. </p>
			</div>
			<div n="59" type="section">
				<p>ἐμοὶ δʼ ἐκ τεττάρων καὶ δέκα ταλάντων ἐν δέκʼ ἔτεσιν πρὸς τὸν χρόνον τε καὶ τὴν
					ἐκείνου μίσθωσιν πλέον ἢ τριπλάσια κατὰ τὸ εἰκὸς προσῆκον γενέσθαι, τοῦτο διὰ τί
					οὐκ ἐποίησεν, ἐρωτᾶτʼ αὐτόν. εἰ μὲν γάρ φησι βέλτιον εἶναι μὴ μισθωθῆναι τὸν
					οἶκον, δειξάτω μὴ διπλάσια μηδὲ τριπλάσιά μοι γεγενημένα, ἀλλʼ αὐτὰ τὰ ἀρχαῖʼ
					ἐμοὶ πάντʼ ἀποδεδομένα. εἰ δʼ ἐκ τεττάρων καὶ δέκα ταλάντων ἐμοὶ μὲν μηδʼ
					ἑβδομήκοντα μνᾶς παραδεδώκασιν, ὁ δὲ καὶ πρὸς ὀφείλοντά μʼ αὑτῷ ἀπέγραψεν, πῶς
					ἀποδέξασθαί τι προσήκει τούτων λεγόντων; οὐδαμῶς δήπουθεν. </p>
			</div>
			<div n="60" type="section">
				<p>τοσαύτης τοίνυν οὐσίας μοι καταλειφθείσης ὅσην ἐξ ἀρχῆς ἠκούσατε, καὶ τοῦ τρίτου
					μέρους πρόσοδον αὐτῆς φερούσης πεντήκοντα μνᾶς, ἐξὸν τούτοις τοῖς ἀπληστοτάτοις
					χρημάτων, καὶ εἰ μὴ μισθοῦν τὸν οἶκον ἐβούλοντο, ἀπὸ μὲν τούτων τῶν προσιόντων,
					ἐῶντας ὥσπερ εἶχεν κατὰ χώραν, ἡμᾶς τε τρέφειν καὶ τὰ πρὸς τὴν πόλιν διοικεῖν,
					καὶ ὅσʼ ἐξαὐτῶν περιεγίγνετο, </p>
			</div>
			<div n="61" type="section">
				<p>ταῦτα προσπεριποιεῖν, τὴν δʼ ἄλλην οὐσίαν ἐνεργὸν ποιήσασιν, οὖσαν ταύτης
					διπλασίαν, αὑτοῖς τε, εἰ χρημάτων ἐπεθύμουν, μέτριʼ ἐξ αὐτῶν λαβεῖν, ἐμοί τε σὺν
					τοῖς ἀρχαίοις τὸν οἶκον ἐκ τῶν προσόδων μείζω ποιῆσαι, τούτων μὲν οὐδὲν
					ἐποίησαν, ἀποδόμενοι δʼ ἀλλήλοις τὰ πλείστου ἄξια τῶν ἀνδραπόδων, τὰ δὲ
					παντάπασιν ἀφανίσαντες, ἐμοῦ μὲν ἀνεῖλον καὶ τὴν ὑπάρχουσαν πρόσοδον, σφίσι δʼ
					αὐτοῖς οὐ μικρὰν ἐκ τῶν ἐμῶν κατεσκευάσαντο. </p>
			</div>
			<div n="62" type="section">
				<p>λαβόντες δὲ καὶ τἄλλʼ αἰσχρῶς οὑτωσὶ πάντα, πλέον ἢ τὰ ἡμίσεα τῶν χρημάτων μηδὲ
					καταλειφθῆναι κοινῇ πάντες ἀμφισβητοῦσιν, ὡς πεντεταλάντου δὲ μόνον τῆς οὐσίας
					οὔσης ἐκ τοσαύτης τοὺς λόγους ἀπενηνόχασιν, οὐ πρόσοδον μὲν ἐξ αὐτῶν οὐκ
					ἀποφαίνοντες, τὰ δὲ κεφάλαια φανερὰ ἀποδεικνύντες, ἀλλʼ αὐτὰ τὰ ἀρχαῖʼ οὕτως
					ἀναιδῶς ἀνηλῶσθαι φάσκοντες. καὶ οὐδʼ αἰσχύνονται ταῦτα τολμῶντες. </p>
			</div>
			<div n="63" type="section">
				<p>καίτοι τί ποτʼ ἂν ἔπαθον ὑπʼ αὐτῶν, εἰ πλείω χρόνον ἐπετροπεύθην; οὐκ ἂν ἔχοιεν
					εἰπεῖν. ὅπου γὰρ δέκʼ ἐτῶν διαγενομένων παρὰ μὲν τῶν οὕτω μικρὰ κεκόμισμαι, τῷ
					δὲ καὶ πρὸς ὀφείλων ἐγγέγραμμαι, πῶς οὐκ ἄξιον διαγανακτεῖν; δῆλον δὲ
					παντάπασιν· εἰ κατελείφθην μὲν ἐνιαύσιος, ἓξ ἔτη δὲ πρὸς ἐπετροπεύθην ὑπʼ αὐτῶν,
					οὐδʼ ἂν τὰ μικρὰ ταῦτα παρʼ αὐτῶν ἀπέλαβον. εἰ γὰρ ἐκεῖνʼ ἀνήλωται ὀρθῶς, οὐδὲν
					ἂν τῶν νῦν παραδοθέντων ἐξήρκεσεν εἰς ἕκτον ἔτος, ἀλλʼ ἢ παρʼ αὑτῶν ἄν μʼ
					ἔτρεφον ἢ τῷ λιμῷ περιεῖδον ἀπολόμενον. </p>
			</div>
			<div n="64" type="section">
				<p>καίτοι πῶς οὐ δεινόν, εἰ ἕτεροι μὲν οἶκοι ταλαντιαῖοι καὶ διτάλαντοι
					καταλειφθέντες ἐκ τοῦ μισθωθῆναι διπλάσιοι καὶ τριπλάσιοι γεγόνασιν, ὥστʼ
					ἀξιοῦσθαι λῃτουργεῖν, ὁ δʼ ἐμὸς τριηραρχεῖν εἰθισμένος καὶ μεγάλας εἰσφορὰς
					εἰσφέρειν μηδὲ μικρὰς δυνήσεται διὰ τὰς τούτων ἀναισχυντίας; τίνας δʼ οὗτοι
					λελοίπασιν ὑπερβολὰς εἰπεῖν; οἳ καὶ τὴν διαθήκην ἠφανίκασιν ὡς λήσοντες, καὶ τὰς
					μὲν σφετέρας αὐτῶν οὐσίας ἐκ τῶν ἐπικαρπιῶν διῳκήκασι καὶ τἀρχαῖα τῶν ὑπαρχόντων
					ἐκ τῶν ἐμῶν πολλῷ μείζω πεποιήκασι, τῆς δʼ ἐμῆς οὐσίας, ὥσπερ τὰ μέγισθʼ ὑφʼ
					ἡμῶν ἀδικηθέντες, ὅλον τὸ κεφάλαιον ἀνῃρήκασι; </p>
			</div>
			<div n="65" type="section">
				<p>καὶ ὑμεῖς μὲν οὐδὲ τῶν εἰς ὑμᾶς ἁμαρτανόντων ὅταν τινὸς καταψηφίσησθε, οὐ πάντα
					τὰ ὄντʼ ἀφείλεσθε, ἀλλʼ ἢ γυναῖκας ἢ παιδίʼ αὐτῶν ἐλεήσαντες μέρος τι κἀκείνοις
					ὑπελίπετε· οὗτοι δὲ τοσοῦτον διαφέρουσιν ὑμῶν, ὥστε καὶ δωρεὰς παρʼ ἡμῶν
					προσλαβόντες ἵνα δικαίως ἐπιτροπεύσωσι, τοιαῦτʼ εἰς ἡμᾶς ὑβρίκασι. καὶ οὐδʼ
					ᾐσχύνθησαν, εἰ μὴ ἠλέησαν, τὴν ἐμὴν ἀδελφήν, εἰ δυοῖν ταλάντοιν ὑπὸ τοῦ πατρὸς
					ἀξιωθεῖσα, μηδενὸς τεύξεται τῶν προσηκόντων, ἀλλʼ ὥσπερ ἔχθιστοί τινες, ἀλλʼ οὐ
					φίλοι καὶ συγγενεῖς καταλειφθέντες οὐδὲν τῆς οἰκειότητος ἐφρόντισαν. </p>
			</div>
			<div n="66" type="section">
				<p>ἀλλʼ ἐγὼ μὲν ὁ πάντων ταλαιπωρότατος πρὸς ἀμφότερʼ ἀπορῶ, ταύτην θʼ ὅπως ἐκδῶ καὶ
					τἄλλʼ ὁπόθεν διοικῶ. προσεπίκειται δʼ ἡ πόλις ἀξιοῦσʼ εἰσφέρειν, δικαίως· οὐσίαν
					γὰρ ἱκανὴν πρὸς ταῦτα κατέλιπέν μοι ὁ πατήρ. τὰ δὲ χρήματα τὰ καταλειφθένθʼ
					οὗτοι πάντʼ εἰλήφασιν. </p>
			</div>
			<div n="67" type="section">
				<p>καὶ νῦν κομίσασθαι τἀμαυτοῦ ζητῶν εἰς κίνδυνον καθέστηκα τὸν μέγιστον. ἂν γὰρ
					ἀποφύγῃ μʼ οὗτος, ὃ μὴ γένοιτο, τὴν ἐπωβελίαν ὀφλήσω μνᾶς ἑκατόν. καὶ τούτῳ μέν,
					ἐὰν καταψηφίσησθε, τιμητόν, κοὐκ ἐκ τῶν ἑαυτοῦ χρημάτων, ἀλλʼ ἐκ τῶν ἐμῶν
					ποιήσεται τὴν ἔκτεισιν· ἐμοὶ δʼ ἀτίμητον τοῦτʼ ἔστιν, ὥστʼ οὐ μόνον ἔσομαι τῶν
					πατρῴων ἀπεστερημένος, ἀλλὰ καὶ πρὸς ἠτιμωμένος, ἂν μὴ νῦν ἡμᾶς ὑμεῖς ἐλεήσητε.
				</p>
			</div>
			<div n="68" type="section">
				<p>δέομαι οὖν ὑμῶν, ὦ ἄνδρες δικασταί, καὶ ἱκετεύω καὶ ἀντιβολῶ, μνησθέντας καὶ τῶν
					νόμων καὶ τῶν ὅρκων οὓς ὀμόσαντες δικάζετε, βοηθῆσαι ἡμῖν τὰ δίκαια, καὶ μὴ περὶ
					πλείονος τὰς τούτου δεήσεις ἢ τὰς ἡμετέρας ποιήσασθαι. δίκαιοι δʼ ἔστʼ ἐλεεῖν οὐ
					τοὺς ἀδίκους τῶν ἀνθρώπων, ἀλλὰ τοὺς παραλόγως δυστυχοῦντας, οὐδὲ τοὺς ὠμῶς
					οὕτως τἀλλότριʼ ἀποστεροῦντας, ἀλλʼ ἡμᾶς τοὺς πολὺν χρόνον ὧν ὁ πατὴρ ἡμῖν
					κατέλιπεν στερομένους καὶ πρὸς ὑπὸ τούτων ὑβριζομένους καὶ νῦν περὶ ἀτιμίας
					κινδυνεύοντας. </p>
			</div>
			<div n="69" type="section">
				<p>μέγα δʼ ἂν οἶμαι στενάξαι τὸν πατέρʼ ἡμῶν, εἰ αἴσθοιτο τῶν προικῶν καὶ τῶν δωρεῶν
					ὧν αὐτὸς τούτοις ἔδωκεν, ὑπὲρ τούτων τῆς ἐπωβελίας τὸν αὑτοῦ υἱὸν ἐμὲ
					κινδυνεύοντα, καὶ ἄλλους μέν τινας ἤδη τῶν πολιτῶν οὐ μόνον συγγενῶν, ἀλλὰ καὶ
					φίλων ἀνδρῶν ἀπορούντων θυγατέρας παρὰ σφῶν αὐτῶν ἐκδόντας, Ἄφοβον δὲ μηδʼ ἣν
					ἔλαβεν προῖκʼ ἐθέλοντʼ ἀποδοῦναι, καὶ ταῦτʼ ἔτει δεκάτῳ. </p>
			</div>
		</body>
	</text>
</TEI>
