<?xml version="1.0" encoding="UTF-8"?>
<TEI xmlns="http://www.tei-c.org/ns/1.0">
	<teiHeader>

		<fileDesc>

			<titleStmt>
				<title>Second Philippic </title>
				<author>Demosthenes</author>
				<sponsor>Perseus Project, Tufts University</sponsor>
				<principal>Gregory Crane</principal>
				<respStmt>
					<resp>Prepared under the supervision of</resp>
					<name>Lisa Cerrato</name>
					<name>William Merrill</name>
					<name>Elli Mylonas</name>
					<name>David Smith</name>
				</respStmt>
				<funder n="org:AnnCPB">The Annenberg CPB/Project</funder>

			</titleStmt>
			<publicationStmt>
				<publisher>Trustees of Tufts University</publisher>
				<pubPlace>Medford, MA</pubPlace>
				<authority>Perseus Project</authority>
			</publicationStmt>





			<sourceDesc>
				<biblStruct>
					<monogr>
						<author>Demosthenes</author>
						<title>Demosthenis.Orationes. ed. S. H. Butcher</title>

						<imprint>
							<publisher>Clarendon Press, Oxford</publisher>
							<date>1903</date>
						</imprint>
					</monogr>
				</biblStruct>
			</sourceDesc>


		</fileDesc>

		<encodingDesc>

			<refsDecl>
				<refState unit="speech"/>
				<refState unit="section"/>
			</refsDecl>
		</encodingDesc>
		<profileDesc>
			<langUsage>
				<language ident="greek">Greek </language>
				<language ident="en">English </language>
			</langUsage>
		</profileDesc>

		<revisionDesc>
			<!--
<change>
<date>3/31/92</date><respStmt><name>W. Merrill</name><resp>(n/a)</resp></respStmt><item>Removed caps from non-proper nouns at beginnings of sections and paragraphs, Demosthenes 1-64.</item>
</change>
<change>
<date>6/2/92</date><respStmt><name>David Smith</name><resp>(n/a)</resp></respStmt><item>fixed corrupt passage in 7.33-34, took out line-break hyphens, inserted quotedtext tag around verse</item>
</change>
<change><date>July 2014</date>
    <respStmt><name>Stella Dee</name><resp>ed.</resp></respStmt>
    <item>split composite text and converted to unicode</item>
      </change>-->
			<change when="2014-08-01" who="Stella Dee">edited markup</change>
		</revisionDesc>

	</teiHeader>
	<text xml:lang="grc">
		<body>

			<div n="1" type="section">
				<p>ὅταν, ὦ ἄνδρες Ἀθηναῖοι, λόγοι γίγνωνται περὶ ὧν Φίλιππος πράττει καὶ βιάζεται
					παρὰ τὴν εἰρήνην, ἀεὶ τοὺς ὑπὲρ ἡμῶν λόγους καὶ δικαίους καὶ φιλανθρώπους ὁρῶ
					φαινομένους, καὶ λέγειν μὲν ἅπαντας ἀεὶ τὰ δέοντα δοκοῦντας τοὺς κατηγοροῦντας
					Φιλίππου, γιγνόμενον δʼ οὐδὲν ὡς ἔπος εἰπεῖν τῶν δεόντων, οὐδʼ ὧν εἵνεκα ταῦτʼ
					ἀκούειν ἄξιον· </p>
			</div>
			<div n="2" type="section">
				<p>ἀλλʼ εἰς τοῦτʼ ἤδη προηγμένα τυγχάνει πάντα τὰ πράγματα τῇ πόλει, ὥσθʼ ὅσῳ τις ἂν
					μᾶλλον καὶ φανερώτερον ἐξελέγχῃ Φίλιππον καὶ τὴν πρὸς ὑμᾶς εἰρήνην παραβαίνοντα
					καὶ πᾶσι τοῖς Ἕλλησιν ἐπιβουλεύοντα, τοσούτῳ τὸ τί χρὴ ποιεῖν συμβουλεῦσαι
					χαλεπώτερον. </p>
			</div>
			<div n="3" type="section">
				<p>αἴτιον δὲ τούτων, ὅτι πάντες, ὦ ἄνδρες Ἀθηναῖοι, τοὺς πλεονεκτεῖν ζητοῦντας ἔργῳ
					κωλύειν καὶ πράξεσιν, οὐχὶ λόγοις δέον, πρῶτον μὲν ἡμεῖς οἱ παριόντες τούτων μὲν
					ἀφέσταμεν καὶ γράφειν καὶ συμβουλεύειν, τὴν πρὸς ὑμᾶς ἀπέχθειαν ὀκνοῦντες, οἷα
					ποιεῖ δʼ, ὡς δεινά, καὶ τοιαῦτα διεξερχόμεθα· ἔπειθʼ ὑμεῖς οἱ καθήμενοι, ὡς μὲν
					ἂν εἴποιτε δικαίους λόγους καὶ λέγοντος ἄλλου συνείητε, ἄμεινον Φιλίππου
					παρεσκεύασθε, ὡς δὲ κωλύσαιτʼ ἂν ἐκεῖνον πράττειν ταῦτʼ ἐφʼ ὧν ἐστι νῦν,
					παντελῶς ἀργῶς ἔχετε. </p>
			</div>
			<div n="4" type="section">
				<p>συμβαίνει δὴ πρᾶγμʼ ἀναγκαῖον, οἶμαι, καὶ ἴσως εἰκός· ἐν οἷς ἑκάτεροι διατρίβετε
					καὶ περὶ ἃ σπουδάζετε, ταῦτʼ ἄμεινον ἑκατέροις ἔχει, ἐκείνῳ μὲν αἱ πράξεις, ὑμῖν
					δʼ οἱ λόγοι. εἰ μὲν οὖν καὶ νῦν λέγειν δικαιότερʼ ὑμῖν ἐξαρκεῖ, ῥᾴδιον, καὶ
					πόνος οὐδεὶς πρόσεστι τῷ πράγματι· </p>
			</div>
			<div n="5" type="section">
				<p>εἰ δʼ ὅπως τὰ παρόντʼ ἐπανορθωθήσεται δεῖ σκοπεῖν καὶ μὴ προελθόντʼ ἔτι πορρωτέρω
					λήσει πάνθʼ ἡμᾶς, μηδʼ ἐπιστήσεται μέγεθος δυνάμεως πρὸς ἣν οὐδʼ ἀντᾶραι
					δυνησόμεθα, οὐχ ὁ αὐτὸς τρόπος ὅσπερ πρότερον τοῦ βουλεύεσθαι, ἀλλὰ καὶ τοῖς
					λέγουσιν ἅπασι καὶ τοῖς ἀκούουσιν ὑμῖν τὰ βέλτιστα καὶ τὰ σώσοντα τῶν ῥᾴστων καὶ
					τῶν ἡδίστων προαιρετέον. </p>
			</div>
			<div n="6" type="section">
				<p>πρῶτον μέν, εἴ τις, ὦ ἄνδρες Ἀθηναῖοι, θαρρεῖ, ὁρῶν ἡλίκος ἤδη καὶ ὅσων κύριός
					ἐστι Φίλιππος, καὶ μηδένʼ οἴεται κίνδυνον φέρειν τοῦτο τῇ πόλει μηδʼ ἐφʼ ὑμᾶς
					πάντα παρασκευάζεσθαι, θαυμάζω, καὶ δεηθῆναι πάντων ὁμοίως ὑμῶν βούλομαι τοὺς
					λογισμοὺς ἀκοῦσαί μου διὰ βραχέων, διʼ οὓς τἀναντίʼ ἐμοὶ παρέστηκε προσδοκᾶν καὶ
					διʼ ὧν ἐχθρὸν ἡγοῦμαι Φίλιππον· ἵνʼ, ἐὰν μὲν ἐγὼ δοκῶ βέλτιον προορᾶν, ἐμοὶ
					πεισθῆτε, ἂν δʼ οἱ θαρροῦντες καὶ πεπιστευκότες αὐτῷ, τούτοις προσθῆσθε. </p>
			</div>
			<div n="7" type="section">
				<p>ἐγὼ τοίνυν, ὦ ἄνδρες Ἀθηναῖοι, λογίζομαι· τίνων ὁ Φίλιππος κύριος πρῶτον μετὰ τὴν
					εἰρήνην κατέστη; πυλῶν καὶ τῶν ἐν Φωκεῦσι πραγμάτων. τί οὖν; πῶς τούτοις
					ἐχρήσατο; ἃ Θηβαίοις συμφέρει καὶ οὐχ ἃ τῇ πόλει, πράττειν προείλετο. τί δήποτε;
					ὅτι πρὸς πλεονεξίαν, οἶμαι, καὶ τὸ πάνθʼ ὑφʼ αὑτῷ ποιήσασθαι τοὺς λογισμοὺς
					ἐξετάζων, καὶ οὐχὶ πρὸς εἰρήνην οὐδʼ ἡσυχίαν οὐδὲ δίκαιον οὐδέν, </p>
			</div>
			<div n="8" type="section">
				<p> εἶδε τοῦτʼ ὀρθῶς, ὅτι τῇ μὲν ἡμετέρᾳ πόλει καὶ τοῖς ἤθεσι τοῖς ἡμετέροις οὐδὲν
					ἂν ἐνδείξαιτο τοσοῦτον οὐδὲ ποιήσειεν, ὑφʼ οὗ πεισθέντες ὑμεῖς τῆς ἰδίας ἕνεκʼ
					ὠφελείας τῶν ἄλλων τινὰς Ἑλλήνων ἐκείνῳ προοῖσθε, ἀλλὰ καὶ τοῦ δικαίου λόγον
					ποιούμενοι, καὶ τὴν προσοῦσαν ἀδοξίαν τῷ πράγματι φεύγοντες, καὶ πάνθʼ ἃ
					προσήκει προορώμενοι, ὁμοίως ἐναντιώσεσθε, ἄν τι τοιοῦτʼ ἐπιχειρῇ πράττειν,
					ὥσπερ ἂν εἰ πολεμοῦντες τύχοιτε. </p>
			</div>
			<div n="9" type="section">
				<p>τοὺς δὲ Θηβαίους ἡγεῖτο, ὅπερ συνέβη, ἀντὶ τῶν ἑαυτοῖς γιγνομένων τὰ λοιπὰ ἐάσειν
					ὅπως βούλεται πράττειν ἑαυτόν, καὶ οὐχ ὅπως ἀντιπράξειν καὶ διακωλύσειν, ἀλλὰ
					καὶ συστρατεύσειν, ἂν αὐτοὺς κελεύῃ. καὶ νῦν τοὺς Μεσσηνίους καὶ τοὺς Ἀργείους
					ταὔθʼ ὑπειληφὼς εὖ ποιεῖ. ὃ καὶ μέγιστόν ἐστι καθʼ ὑμῶν ἐγκώμιον, ὦ ἄνδρες
					Ἀθηναῖοι· </p>
			</div>
			<div n="10" type="section">
				<p>κέκρισθε γὰρ ἐκ τούτων τῶν ἔργων μόνοι τῶν πάντων μηδενὸς ἂν κέρδους τὰ κοινὰ
					δίκαια τῶν Ἑλλήνων προέσθαι, μηδʼ ἀνταλλάξασθαι μηδεμιᾶς χάριτος μηδʼ ὠφελείας
					τὴν εἰς τοὺς Ἕλληνας εὔνοιαν. καὶ ταῦτʼ εἰκότως καὶ περὶ ὑμῶν οὕτως ὑπείληφε καὶ
					κατʼ Ἀργείων καὶ Θηβαίων ὡς ἑτέρως, οὐ μόνον εἰς τὰ παρόνθʼ ὁρῶν, ἀλλὰ καὶ τὰ
					πρὸ τούτων λογιζόμενος. </p>
			</div>
			<div n="11" type="section">
				<p>εὑρίσκει γάρ, οἶμαι, καὶ ἀκούει τοὺς μὲν ὑμετέρους προγόνους, ἐξὸν αὐτοῖς τῶν
					λοιπῶν ἄρχειν Ἑλλήνων ὥστʼ αὐτοὺς ὑπακούειν βασιλεῖ, οὐ μόνον οὐκ ἀνασχομένους
					τὸν λόγον τοῦτον, ἡνίκʼ ἦλθεν Ἀλέξανδρος ὁ τούτων πρόγονος περὶ τούτων κῆρυξ,
					ἀλλὰ καὶ τὴν χώραν ἐκλιπεῖν προελομένους καὶ παθεῖν ὁτιοῦν ὑπομείναντας, καὶ
					μετὰ ταῦτα πράξαντας ταῦθʼ ἃ πάντες ἀεὶ γλίχονται λέγειν, ἀξίως δʼ οὐδεὶς εἰπεῖν
					δεδύνηται, διόπερ κἀγὼ παραλείψω, δικαίως (ἔστι γὰρ μείζω τἀκείνων ἔργα ἢ ὡς τῷ
					λόγῳ τις ἂν εἴποι), τοὺς δὲ Θηβαίων καὶ Ἀργείων προγόνους τοὺς μὲν
					συστρατεύσαντας τῷ βαρβάρῳ, τοὺς δʼ οὐκ ἐναντιωθέντας. </p>
			</div>
			<div n="12" type="section">
				<p>οἶδεν οὖν ἀμφοτέρους ἰδίᾳ τὸ λυσιτελοῦν ἀγαπήσοντας, οὐχ ὅ τι συνοίσει κοινῇ τοῖς
					Ἕλλησι σκεψομένους. ἡγεῖτʼ οὖν, εἰ μὲν ὑμᾶς ἕλοιτο, φίλους ἐπὶ τοῖς δικαίοις
					αἱρήσεσθαι, εἰ δʼ ἐκείνοις προσθεῖτο, συνεργοὺς ἕξειν τῆς αὑτοῦ πλεονεξίας. διὰ
					ταῦτʼ ἐκείνους ἀνθʼ ὑμῶν καὶ τότε καὶ νῦν αἱρεῖται. οὐ γὰρ δὴ τριήρεις γʼ ὁρᾷ
					πλείους αὐτοῖς ἢ ὑμῖν οὔσας· οὐδʼ ἐν τῇ μεσογείᾳ τινʼ ἀρχὴν εὕρηκε, τῆς δʼ ἐπὶ
					τῇ θαλάττῃ καὶ τῶν ἐμπορίων ἀφέστηκεν· οὐδʼ ἀμνημονεῖ τοὺς λόγους οὐδὲ τὰς
					ὑποσχέσεις, ἐφʼ αἷς τῆς εἰρήνης ἔτυχεν. </p>
			</div>
			<div n="13" type="section">
				<p>ἀλλὰ νὴ Δίʼ, εἴποι τις ἂν ὡς πάντα ταῦτʼ εἰδώς, οὐ πλεονεξίας ἕνεκʼ οὐδʼ ὧν ἐγὼ
					κατηγορῶ τότε ταῦτʼ ἔπραξεν, ἀλλὰ τῷ δικαιότερα τοὺς Θηβαίους ἢ ὑμᾶς ἀξιοῦν.
					ἀλλὰ τοῦτον καὶ μόνον πάντων τῶν λόγων οὐκ ἔνεστιν αὐτῷ νῦν εἰπεῖν· ὁ γὰρ
					Μεσσήνην Λακεδαιμονίους ἀφιέναι κελεύων, πῶς ἂν Ὀρχομενὸν καὶ Κορώνειαν τότε
					Θηβαίοις παραδοὺς τῷ δίκαια νομίζειν ταῦτʼ εἶναι πεποιηκέναι σκήψαιτο; </p>
			</div>
			<div n="14" type="section">
				<p>ἀλλʼ ἐβιάσθη νὴ Δία (ταῦτα γάρ ἐσθʼ ὑπόλοιπον) καὶ παρὰ γνώμην, τῶν Θετταλῶν
					ἱππέων καὶ τῶν Θηβαίων ὁπλιτῶν ἐν μέσῳ ληφθείς, συνεχώρησε ταῦτα. καλῶς. οὐκοῦν
					φασὶ μὲν μέλλειν πρὸς τοὺς Θηβαίους αὐτὸν ὑπόπτως ἔχειν, καὶ λογοποιοῦσιν
					περιιόντες τινὲς ὡς Ἐλάτειαν τειχιεῖ. </p>
			</div>
			<div n="15" type="section">
				<p>ὁ δὲ ταῦτα μὲν μέλλει καὶ μελλήσει γʼ, ὡς ἐγὼ κρίνω, τοῖς Μεσσηνίοις δὲ καὶ τοῖς
					Ἀργείοις ἐπὶ τοὺς Λακεδαιμονίους συλλαμβάνειν οὐ μέλλει, ἀλλὰ καὶ ξένους
					εἰσπέμπει καὶ χρήματʼ ἀποστέλλει καὶ δύναμιν μεγάλην ἔχων αὐτός ἐστι
					προσδόκιμος. τοὺς μὲν ὄντας ἐχθροὺς Θηβαίων Λακεδαιμονίους ἀναιρεῖ, οὓς δʼ
					ἀπώλεσεν αὐτὸς πρότερον Φωκέας νῦν σῴζει; καὶ τίς ἂν ταῦτα πιστεύσειεν; </p>
			</div>
			<div n="16" type="section">
				<p> ἐγὼ μὲν γὰρ οὐκ ἂν ἡγοῦμαι Φίλιππον, οὔτʼ εἰ τὰ πρῶτα βιασθεὶς ἄκων ἔπραξεν,
					οὔτʼ ἂν εἰ νῦν ἀπεγίγνωσκε Θηβαίους, τοῖς ἐκείνων ἐχθροῖς συνεχῶς ἐναντιοῦσθαι,
					ἀλλʼ ἀφʼ ὧν νῦν ποιεῖ, κἀκεῖνʼ ἐκ προαιρέσεως δῆλός ἐστι ποιήσας, ἐκ πάντων δʼ,
					ἄν τις ὀρθῶς θεωρῇ, πάνθʼ ἃ πραγματεύεται κατὰ τῆς πόλεως συντάττων. </p>
			</div>
			<div n="17" type="section">
				<p>καὶ τοῦτʼ ἐξ ἀνάγκης τρόπον τινʼ αὐτῷ νῦν γε δὴ συμβαίνει. λογίζεσθε γάρ. ἄρχειν
					βούλεται, τούτου δʼ ἀνταγωνιστὰς μόνους ὑπείληφεν ὑμᾶς. ἀδικεῖ πολὺν ἤδη χρόνον,
					καὶ τοῦτʼ αὐτὸς ἄριστα σύνοιδεν αὑτῷ· οἷς γὰρ οὖσιν ὑμετέροις ἔχει, τούτοις
					πάντα τἄλλʼ ἀσφαλῶς κέκτηται· εἰ γὰρ Ἀμφίπολιν καὶ Ποτείδαιαν προεῖτο, οὐδʼ ἂν
					οἴκοι μένειν βεβαίως ἡγεῖται. </p>
			</div>
			<div n="18" type="section">
				<p>ἀμφότερʼ οὖν οἶδε, καὶ αὑτὸν ὑμῖν ἐπιβουλεύοντα καὶ ὑμᾶς αἰσθανομένους· εὖ
					φρονεῖν δʼ ὑμᾶς ὑπολαμβάνων, δικαίως αὑτὸν μισεῖν νομίζει, καὶ παρώξυνται,
					πείσεσθαί τι προσδοκῶν, ἂν καιρὸν λάβητε, ἂν μὴ φθάσῃ ποιήσας πρότερος. </p>
			</div>
			<div n="19" type="section">
				<p>διὰ ταῦτʼ ἐγρήγορεν, ἐφέστηκεν, ἐπὶ τῇ πόλει θεραπεύει τινάς, Θηβαίους καὶ
					Πελοποννησίων τοὺς ταὐτὰ βουλομένους τούτοις, οὓς διὰ μὲν πλεονεξίαν τὰ παρόντʼ
					ἀγαπήσειν οἴεται, διὰ δὲ σκαιότητα τρόπων τῶν μετὰ ταῦτʼ οὐδὲν προόψεσθαι.
					καίτοι σωφρονοῦσί γε καὶ μετρίως ἐναργῆ παραδείγματʼ ἔστιν ἰδεῖν, ἃ καὶ πρὸς
					Μεσσηνίους καὶ πρὸς Ἀργείους ἔμοιγʼ εἰπεῖν συνέβη, βέλτιον δʼ ἴσως καὶ πρὸς ὑμᾶς
					ἐστιν εἰρῆσθαι. </p>
			</div>
			<div n="20" type="section">
				<p><q>πῶς γὰρ οἴεσθʼ,</q> ἔφην, <q>ὦ ἄνδρες Μεσσήνιοι, δυσχερῶς ἀκούειν Ὀλυνθίους,
						εἴ τίς τι λέγοι κατὰ Φιλίππου κατʼ ἐκείνους τοὺς χρόνους, ὅτʼ Ἀνθεμοῦντα μὲν
						αὐτοῖς ἀφίει, ἧς πάντες οἱ πρότερον Μακεδονίας βασιλεῖς ἀντεποιοῦντο,
						Ποτείδαιαν δʼ ἐδίδου τοὺς Ἀθηναίων ἀποίκους ἐκβάλλων, καὶ τὴν μὲν ἔχθραν τὴν
						πρὸς ἡμᾶς αὐτὸς ἀνῄρητο, τὴν χώραν δʼ ἐκείνοις ἐδεδώκει καρποῦσθαι; ἆρα
						προσδοκᾶν αὐτοὺς τοιαῦτα πείσεσθαι, ἢ λέγοντος ἄν τινος πιστεῦσαι οἴεσθε;
					</q></p>
			</div>
			<div n="21" type="section">
				<p><q>ἀλλʼ ὅμως,</q> ἔφην ἐγώ, <q>μικρὸν χρόνον τὴν ἀλλοτρίαν καρπωσάμενοι πολὺν τῆς
						αὑτῶν ὑπʼ ἐκείνου στέρονται, αἰσχρῶς ἐκπεσόντες, οὐ κρατηθέντες μόνον, ἀλλὰ
						καὶ προδοθέντες ὑπʼ ἀλλήλων καὶ πραθέντες· οὐ γὰρ ἀσφαλεῖς ταῖς πολιτείαις
						αἱ πρὸς τοὺς τυράννους αὗται λίαν ὁμιλίαι. </q></p>
			</div>
			<div n="22" type="section">
				<p><q>τί δʼ οἱ Θετταλοί; ἆρʼ οἴεσθʼ,</q> ἔφην, <q>ὅτʼ αὐτοῖς τοὺς τυράννους ἐξέβαλλε
						καὶ πάλιν Νίκαιαν καὶ Μαγνησίαν ἐδίδου, προσδοκᾶν τὴν καθεστῶσαν νῦν
						δεκαδαρχίαν ἔσεσθαι παρʼ αὐτοῖς; ἢ τὸν τὴν πυλαίαν ἀποδόντα, τοῦτον τὰς
						ἰδίας αὐτῶν προσόδους παραιρήσεσθαι; οὐκ ἔστι ταῦτα. ἀλλὰ μὴν γέγονεν ταῦτα
						καὶ πᾶσιν ἔστιν εἰδέναι·</q>
				</p>
			</div>
			<div n="23" type="section">
				<p><q>ὑμεῖς δʼ,</q> ἔφην ἐγώ, <q>διδόντα μὲν καὶ ὑπισχνούμενον θεωρεῖτε Φίλιππον,
						ἐξηπατηκότα δʼ ἤδη καὶ παρακεκρουμένον ἀπεύχεσθε, εἰ σωφρονεῖτε δή, ἰδεῖν.
						ἔστι τοίνυν νὴ Δίʼ,</q> ἔφην ἐγώ, <q>παντοδαπὰ εὑρημένα ταῖς πόλεσιν πρὸς
						φυλακὴν καὶ σωτηρίαν, οἷον χαρακώματα καὶ τείχη καὶ τάφροι καὶ τἄλλʼ ὅσα
						τοιαῦτα. </q></p>
			</div>
			<div n="24" type="section">
				<p><q>καὶ ταῦτα μέν ἐστιν ἅπαντα χειροποίητα καὶ δαπάνης προσδεῖται· ἓν δέ τι κοινὸν
						ἡ φύσις τῶν εὖ φρονούντων ἐν αὑτῇ κέκτηται φυλακτήριον, ὃ πᾶσι μέν ἐστʼ
						ἀγαθὸν καὶ σωτήριον, μάλιστα δὲ τοῖς πλήθεσι πρὸς τοὺς τυράννους. τί οὖν
						ἐστι τοῦτο; ἀπιστία. ταύτην φυλάττετε, ταύτης ἀντέχεσθε· ἂν ταύτην σῴζητε,
						οὐδὲν μὴ δεινὸν πάθητε. τί ζητεῖτʼ;</q> ἔφην. </p>
			</div>
			<div n="25" type="section">
				<p><q>ἐλευθερίαν; εἶτʼ οὐχ ὁρᾶτε Φίλιππον ἀλλοτριωτάτας ταύτῃ καὶ τὰς προσηγορίας
						ἔχοντα; βασιλεὺς γὰρ καὶ τύραννος ἅπας ἐχθρὸς ἐλευθερίᾳ καὶ νόμοις ἐναντίος.
						οὐ φυλάξεσθʼ ὅπως,</q> ἔφην, <q>μὴ πολέμου ζητοῦντες ἀπαλλαγῆναι δεσπότην
						εὕρητε;</q>
				</p>
			</div>
			<div n="26" type="section">
				<p>ταῦτʼ ἀκούσαντες ἐκεῖνοι, καὶ θορυβοῦντες ὡς ὀρθῶς λέγεται, καὶ πολλοὺς ἑτέρους
					λόγους παρὰ τῶν πρέσβεων καὶ παρόντος ἐμοῦ καὶ πάλιν ὕστερον, ὡς ἔοικεν, οὐδὲν
					μᾶλλον ἀποσχήσονται τῆς Φιλίππου φιλίας οὐδʼ ὧν ἐπαγγέλλεται. </p>
			</div>
			<div n="27" type="section">
				<p>καὶ οὐ τοῦτʼ ἔστʼ ἄτοπον, εἰ Μεσσήνιοι καὶ Πελοποννησίων τινὲς παρʼ ἃ τῷ λογισμῷ
					βέλτισθʼ ὁρῶσί τι πράξουσιν, ἀλλʼ ὑμεῖς οἱ καὶ συνιέντες αὐτοὶ καὶ τῶν λεγόντων
					ἀκούοντες ἡμῶν, ὡς ἐπιβουλεύεσθε, ὡς περιστοιχίζεσθε, ἐκ τοῦ μηδὲν ἤδη ποιῆσαι
					λήσεθʼ, ὡς ἐμοὶ δοκεῖ, πάνθʼ ὑπομείναντες· οὕτως ἡ παραυτίχʼ ἡδονὴ καὶ ῥᾳστώνη
					μεῖζον ἰσχύει τοῦ ποθʼ ὕστερον συνοίσειν μέλλοντος. </p>
			</div>
			<div n="28" type="section">
				<p>>περὶ μὲν δὴ τῶν ἡμῖν πρακτέων καθʼ ὑμᾶς αὐτοὺς ὕστερον βουλεύσεσθε, ἂν
					σωφρονῆτε· ἃ δὲ νῦν ἀποκρινάμενοι τὰ δέοντʼ ἂν εἴητʼ ἐψηφισμένοι, ταῦτʼ ἤδη
						λέξω.<quote n="*)apo/krisis">ἀπόκρισις</quote></p>
				<p>ἦν μὲν οὖν δίκαιον, ὦ ἄνδρες Ἀθηναῖοι, τοὺς ἐνεγκόντας τὰς ὑποσχέσεις, ἐφʼ αἷς
					ἐπείσθητε ποιήσασθαι τὴν εἰρήνην, καλεῖν· </p>
			</div>
			<div n="29" type="section">
				<p>οὔτε γὰρ αὐτὸς ἄν ποθʼ ὑπέμεινα πρεσβεύειν, οὔτʼ ἂν ὑμεῖς οἶδʼ ὅτι ἐπαύσασθε
					πολεμοῦντες, εἰ τοιαῦτα πράξειν τυχόντʼ εἰρήνης Φίλιππον ᾤεσθε· ἀλλʼ ἦν πολὺ
					τούτων ἀφεστηκότα τὰ τότε λεγόμενα. καὶ πάλιν γʼ ἑτέρους καλεῖν. τίνας; τοὺς ὅτʼ
					ἐγὼ γεγονυίας ἤδη τῆς εἰρήνης ἀπὸ τῆς ὑστέρας ἥκων πρεσβείας τῆς ἐπὶ τοὺς
					ὅρκους, αἰσθόμενος φενακιζομένην τὴν πόλιν, προὔλεγον καὶ διεμαρτυρόμην καὶ οὐκ
					εἴων προέσθαι Πύλας οὐδὲ Φωκέας, </p>
			</div>
			<div n="30" type="section">
				<p>λέγοντας ὡς ἐγὼ μὲν ὕδωρ πίνων εἰκότως δύστροπος καὶ δύσκολός εἰμί τις ἄνθρωπος,
					Φίλιππος δʼ, ἅπερ εὔξαισθʼ ἂν ὑμεῖς, ἂν παρέλθῃ, πράξει, καὶ Θεσπιὰς μὲν καὶ
					Πλαταιὰς τειχιεῖ, Θηβαίους δὲ παύσει τῆς ὕβρεως, Χερρόνησον δὲ τοῖς αὑτοῦ
					τέλεσιν διορύξει, Εὔβοιαν δὲ καὶ τὸν Ὠρωπὸν ἀντʼ Ἀμφιπόλεως ὑμῖν ἀποδώσει· ταῦτα
					γὰρ ἅπαντʼ ἐπὶ τοῦ βήματος ἐνταῦθα μνημονεύετʼ οἶδʼ ὅτι ῥηθέντα, καίπερ ὄντες οὐ
					δεινοὶ τοὺς ἀδικοῦντας μεμνῆσθαι. </p>
			</div>
			<div n="31" type="section">
				<p>καὶ τὸ πάντων αἴσχιστον, καὶ τοῖς ἐκγόνοις πρὸς τὰς ἐλπίδας τὴν αὐτὴν εἰρήνην
					εἶναι ταύτην ἐψηφίσασθε· οὕτω τελέως ὑπήχθητε. τί δὴ ταῦτα νῦν λέγω καὶ καλεῖν
					φημὶ δεῖν τούτους; ἐγὼ νὴ τοὺς θεοὺς τἀληθῆ μετὰ παρρησίας ἐρῶ πρὸς ὑμᾶς καὶ οὐκ
					ἀποκρύψομαι· </p>
			</div>
			<div n="32" type="section">
				<p>οὐχ ἵνʼ εἰς λοιδορίαν ἐμπεσὼν ἐμαυτῷ μὲν ἐξ ἴσου λόγον παρʼ ὑμῖν ποιήσω, τοῖς δʼ
					ἐμοὶ προσκρούσασιν ἐξ ἀρχῆς καὶ νῦν παράσχω πρόφασιν τοῦ πάλιν τι λαβεῖν παρὰ
					Φιλίππου, οὐδʼ ἵνʼ ὡς ἄλλως ἀδολεσχῶ· ἀλλʼ οἴομαί ποθʼ ὑμᾶς λυπήσειν ἃ Φίλιππος
					πράττει μᾶλλον ἢ τὰ νυνί· </p>
			</div>
			<div n="33" type="section">
				<p>τὸ γὰρ πρᾶγμʼ ὁρῶ προβαῖνον, καὶ οὐχὶ βουλοίμην ἂν εἰκάζειν ὀρθῶς, φοβοῦμαι δὲ μὴ
					λίαν ἐγγὺς ᾖ τοῦτʼ ἤδη. ὅταν οὖν μηκέθʼ ὑμῖν ἀμελεῖν ἐξουσία γίγνηται τῶν
					συμβαινόντων, μηδʼ ἀκούηθʼ ὅτι ταῦτʼ ἐφʼ ὑμᾶς ἐστιν ἐμοῦ μηδὲ τοῦ δεῖνος, ἀλλʼ
					αὐτοὶ πάντες ὁρᾶτε καὶ εὖ εἰδῆτε, ὀργίλους καὶ τραχεῖς ὑμᾶς ἔσεσθαι νομίζω. </p>
			</div>
			<div n="34" type="section">
				<p>φοβοῦμαι δὴ μή, τῶν πρέσβεων σεσιωπηκότων ἐφʼ οἷς αὑτοῖς συνίσασι
					δεδωροδοκηκότες, τοῖς ἐπανορθοῦν τι πειρωμένοις τῶν διὰ τούτους ἀπολωλότων τῇ
					παρʼ ὑμῶν ὀργῇ περιπεσεῖν συμβῇ· ὁρῶ γὰρ ὡς τὰ πόλλʼ ἐνίους οὐκ εἰς τοὺς
					αἰτίους, ἀλλʼ εἰς τοὺς ὑπὸ χεῖρα μάλιστα τὴν ὀργὴν ἀφιέντας. </p>
			</div>
			<div n="35" type="section">
				<p>ἕως οὖν ἔτι μέλλει καὶ συνίσταται τὰ πράγματα καὶ κατακούομεν ἀλλήλων, ἕκαστον
					ὑμῶν καίπερ ἀκριβῶς εἰδόθʼ ὅμως ἐπαναμνῆσαι βούλομαι, τίς ὁ Φωκέας πείσας καὶ
					Πύλας προέσθαι, ὧν καταστὰς ἐκεῖνος κύριος τῆς ἐπὶ τὴν Ἀττικὴν ὁδοῦ καὶ τῆς εἰς
					Πελοπόννησον κύριος γέγονεν, καὶ πεποίηχʼ ὑμῖν μὴ περὶ τῶν δικαίων μηδʼ ὑπὲρ τῶν
					ἔξω πραγμάτων εἶναι τὴν βουλήν, ἀλλʼ ὑπὲρ τῶν ἐν τῇ χώρᾳ καὶ τοῦ πρὸς τὴν
					Ἀττικὴν πολέμου, ὃς λυπήσει μὲν ἕκαστον, ἐπειδὰν παρῇ, γέγονεν δʼ ἐν ἐκείνῃ τῇ
					ἡμέρᾳ. </p>
			</div>
			<div n="36" type="section">
				<p>εἰ γὰρ μὴ παρεκρούσθητε τόθʼ ὑμεῖς, οὐδὲν ἂν ἦν τῇ πόλει πρᾶγμα· οὔτε γὰρ ναυσὶ
					δήπου κρατήσας εἰς τὴν Ἀττικὴν ἦλθεν ἄν ποτε στόλῳ Φίλιππος, οὔτε πεζῇ βαδίζων
					ὑπὲρ τὰς Πύλας καὶ Φωκέας, ἀλλʼ ἢ τὰ δίκαιʼ ἂν ἐποίει καὶ τὴν εἰρήνην ἄγων
					ἡσυχίαν εἶχεν, ἢ παραχρῆμʼ ἂν ἦν ἐν ὁμοίῳ πολέμῳ διʼ ὃν τότε τῆς εἰρήνης
					ἐπεθύμησεν. </p>
			</div>
			<div n="37" type="section">
				<p>ταῦτʼ οὖν, ὡς μὲν ὑπομνῆσαι, νῦν ἱκανῶς εἴρηται, ὡς δʼ ἂν ἐξετασθείη μάλιστʼ
					ἀκριβῶς, μὴ γένοιτʼ, ὦ πάντες θεοί· οὐδένα γὰρ βουλοίμην ἔγωγʼ ἄν, οὐδʼ εἰ
					δίκαιός ἐστʼ ἀπολωλέναι, μετὰ τοῦ πάντων κινδύνου καὶ τῆς ζημίας δίκην ὑποσχεῖν.
				</p>
			</div>
		</body>
	</text>
</TEI>
