<?xml version="1.0" encoding="UTF-8"?><TEI.2>
<teiHeader>
<fileDesc>
<titleStmt>
<title>De Isocrate</title>
<author>Dionysius of Halicarnassus</author>
<editor role="editor">Hermann Usener</editor>
<funder n="org:Google">Google Digital Humanities Awards Program</funder>
</titleStmt>
<publicationStmt>
<publisher>Trustees of Tufts University</publisher>
<pubPlace>Medford, MA</pubPlace>
<authority>Perseus Project</authority>
</publicationStmt>
<sourceDesc>
<biblStruct>
<monogr>
<title>Dionysii Halicarnasei Quae Exstant, Volumen Quintum</title>
<title>Opsuculorum, Volumen Prius</title>
<author>Dionysius of Halicarnassus</author>
<editor role="editor">Hermann Usener</editor>
<imprint>
<publisher>In Aedibus B.G. Teubneri</publisher>
<pubPlace>Leipzig</pubPlace>
<date>1899</date>
</imprint>
</monogr>
</biblStruct>
<p>Keyboarding</p>
</sourceDesc>
</fileDesc>
<encodingDesc>
<refsDecl doctype="TEI.2">
<state unit="chapter" n="chunk" delim="."/>
<state unit="section"/>
</refsDecl>
<refsDecl doctype="TEI.2">
<state unit="reiskpage"/>
</refsDecl>
</encodingDesc>
<profileDesc>
<langUsage>
<language id="greek">Greek</language>
</langUsage>
</profileDesc>
</teiHeader>
<text>
<body>
<div1 type="chapter" n="1">
<p>
<pb id="p.54"/>
Ἰσοκράτης Ἀθηναῖος ἐγεννήθη μὲν ἐπὶ τῆς ὀγδοηκοστῆς
καὶ ἕκτης Ὀλυμπιάδος ἄρχοντος Ἀθήνησι
Λυσιμάχου πέμπτῳ πρότερον ἔτει τοῦ Πελοποννησιακοῦ
πολέμου, δυσὶ καὶ εἴκοσιν ἔτεσι νεώτερος Λυσίου,
πατρὸς δὲ ἦν Θεοδώρου, τινὸς τῶν μετρίων πολιτῶν,
θεράποντας αὐλοποιοὺς κεκτημένου καὶ τὸν βίον ἀπὸ
ταύτης ἔχοντος τῆς ἐργασίας. ἀγωγῆς δὲ τυχὼν εὐσχήμονος
καὶ παιδευθεὶς οὐδενὸς Ἀθηναίων χεῖρον, ἐπειδὴ
τάχιστα ἀνὴρ ἐγένετο, φιλοσοφίας ἐπεθύμησε. γενόμενος
<milestone unit="reiskpage" n="535"/>
δὲ ἀκουστὴς Προδίκου τε τοῦ Κείου καὶ Γοργίου
τοῦ Λεοντίνου καὶ Τισίου τοῦ Συρακουσίου, τῶν τότε
μέγιστον ὄνομα ἐν τοῖς Ἕλλησιν ἐχόντων ἐπὶ σοφίᾳ,
ὡς δέ τινες ἱστοροῦσι, καὶ Θηραμένους τοῦ ῥήτορος,
ὃν οἱ τριάκοντα ἀπέκτειναν δημοτικὸν εἶναι δοκοῦντα,
σπουδὴν μὲν ἐποιεῖτο πράττειν τε καὶ λέγειν τὰ πολιτικά,
ὡς δὲ ἡ φύσις ἠναντιοῦτο, τὰ πρῶτα καὶ κυριώτατα
τοῦ ῥήτορος ἀφελομένη, τόλμαν τε καὶ φωνῆς
μέγεθος, ὧν χωρὶς οὐχ οἷόν τε ἦν ἐν ὄχλῳ λέγειν,
<pb id="p.55"/>
ταύτης μὲν ἀπέστη τῆς προαιρέσεως· ἐπιθυμῶν δὲ δόξης
καὶ τοῦ πρωτεῦσαι παρὰ τοῖς Ἕλλησιν ἐπὶ σοφίᾳ,
καθάπερ αὐτὸς εἴρηκεν, ἐπὶ τὸ γράφειν ἃ διανοηθείη
κατέφυγεν, οὐ περὶ μικρῶν τὴν προαίρεσιν ποιούμενος
οὐδὲ περὶ τῶν ἰδίων συμβολαίων οὐδὲ ὑπὲρ ὧν ἄλλοι 
τινὲς τῶν τότε σοφιστῶν, περὶ δὲ τῶν Ἑλληνικῶν καὶ
βασιλικῶν <add>καὶ πολιτικῶν</add> πραγμάτων, ἐξ ὧν ὑπελάμβανε
τάς τε πόλεις ἄμεινον οἰκήσεσθαι καὶ τοὺς
ἰδιώτας ἐπίδοσιν ἕξειν πρὸς ἀρετὴν. ταῦτα γὰρ
<milestone unit="reiskpage" n="536"/> ἐν
τῷ Παναθηναϊκῷ λόγῳ περὶ αὑτοῦ γράφει. πεφυρμένην 
τε παραλαβὼν τὴν ἄσκησιν τῶν λόγων ὑπὸ τῶν περὶ
Γοργίαν καὶ Πρωταγόραν σοφιστῶν πρῶτος ἐχώρησεν
ἀπὸ τῶν ἐριστικῶν τε καὶ φυσικῶν ἐπὶ τοὺς πολιτικοὺς
καὶ περὶ αὐτὴν σπουδάζων τὴν ἐπιστήμην διετέλεσεν,
ἐξ ἧς, ὥς φησιν αὐτός, τὸ βουλεύεσθαι καὶ λέγειν καὶ 
πράττειν τὰ συμφέροντα παραγίνεται τοῖς μαθοῦσιν.
ἐπιφανέστατος δὲ γενόμενος τῶν κατὰ τὸν αὐτὸν
ἀκμασάντων χρόνον καὶ τοὺς κρατίστους τῶν Ἀθήνησί
τε καὶ ἐν τῇ ἄλλῃ Ἑλλάδι νέων παιδεύσας, ὧν οἳ μὲν
ἐν τοῖς δικανικοῖς ἐγένοντο ἄριστοι λόγοις, οἳ δʼ ἐν 
τῷ πολιτεύεσθαι καὶ τὰ κοινὰ πράττειν διήνεγκαν,
<pb id="p.56"/>
<del>καὶ</del> ἄλλοι δὲ τὰς κοινὰς τῶν Ἑλλήνων τε καὶ βαρβάρων
πράξεις ἀνέγραψαν, καὶ τῆς Ἀθηναίων πόλεως
εἰκόνα ποιήσας τὴν ἑαυτοῦ σχολὴν
<milestone unit="reiskpage" n="537"/> κατὰ τὰς ἀποικίας 
τῶν λόγων, πλοῦτον ὅσον οὐδεὶς τῶν ἀπὸ φιλοσοφίας
χρηματισαμένων περιποιησάμενος, ἐτελεύτα τὸν βίον
ἐπὶ Χαιρωνίδου ἄρχοντος ὀλίγαις ἡμέραις ὕστερον τῆς
ἐν Χαιρωνείᾳ μάχης δυεῖν δέοντα βεβιωκὼς ἑκατὸν
ἔτη, γνώμῃ χρησάμενος ἅμα τοῖς ἀγαθοῖς τῆς πόλεως
συγκαταλῦσαι τὸν ἑαυτοῦ βίον, ἀδήλου ἔτι ὄντος, πῶς
χρήσεται τῇ τύχῃ Φίλιππος παραλαβὼν τὴν ἀρχὴν
τῶν Ἑλλήνων. τὰ μὲν οὖν ἱστορούμενα περὶ αὐτοῦ
κεφαλαιωδῶς ταῦτʼ ἐστίν.
</p>
</div1>
<div1 type="chapter" n="2">
<p>ἡ δὲ λέξις, ᾗ κέχρηται, τοιοῦτόν τινα χαρακτῆρα
ἔχει. καθαρὰ μέν ἐστιν οὐχ ἧττον τῆς Λυσίου καὶ
οὐδὲν εἰκῇ τιθεῖσα ὄνομα τήν τε διάλεκτον ἀκριβοῦσα
ἐν τοῖς πάνυ τὴν κοινὴν καὶ συνηθεστάτην.
καὶ γὰρ αὕτη πέφευγεν ἀπηρχαιωμένων καὶ σημειωδῶν
ὀνομάτων τὴν
<milestone unit="reiskpage" n="538"/> ἀπειροκαλίαν, κατὰ δὲ τὴν τροπικὴν 
φράσιν ὀλίγον τι διαλλάττει τῆς Λυσίου καὶ
κέκραται συμμέτρως, τό τε σαφὲς ἐκείνῃ παραπλήσιον
ἔχει καὶ τὸ ἐναργές, ἠθική τέ ἐστι καὶ πιθανὴ καὶ
<add>πρέπουσα</add>. στρογγύλη δὲ οὐκ ἔστιν, ὥσπερ ἐκείνη,
καὶ συγκεκροτημένη καὶ πρὸς ἀγῶνας δικανικοὺς εὔθετος,
ὑπτία δέ ἐστι μᾶλλον καὶ κεχυμένη πλουσίως,
<pb id="p.57"/>
οὐδὲ δὴ σύντομος οὕτως, ἀλλὰ καὶ κατασκελὴς καὶ βραδυτέρα
τοῦ μετρίου. διʼ ἣν δὲ αἰτίαν τοῦτο πάσχει,
μετὰ μικρὸν ἐρῶ. οὐδὲ τὴν σύνθεσιν ἐπιδείκνυται
τὴν φυσικὴν καὶ ἀφελῆ καὶ ἐναγώνιον, ὥσπερ ἡ Λυσίου,
ἀλλὰ πεποιημένην μᾶλλον εἰς σεμνότητα πομπικὴν καὶ 
ποικίλην καὶ πῇ μὲν εὐπρεπεστέραν ἐκείνης πῇ δὲ
περιεργοτέραν. ὁ γὰρ ἀνὴρ οὗτος τὴν εὐέπειαν ἐκ
παντὸς διώκει καὶ τοῦ γλαφυρῶς λέγειν στοχάζεται
μᾶλλον ἢ τοῦ ἀφελῶς, τῶν τε γὰρ φωνηέντων τὰς
παραλλήλους θέσεις ὡς ἐκλυούσας τὰς ἁρμονίας τῶν 
ἤχων καὶ τὴν λειότητα τῶν φθόγγων λυμαινομένας
περιίσταται, περιόδῳ τε καὶ κύκλῳ περιλαμβάνειν τὰ
νοήματα πειρᾶται ῥυθμοειδεῖ πάνυ καὶ οὐ πολὺ ἀπέχοντι
<milestone unit="reiskpage" n="539"/>τοῦ ποιητικοῦ μέτρου, ἀναγνώσεώς τε μᾶλλον
οἰκειότερός ἐστιν ἢ χρήσεως. τοιγάρτοι τὰς μὲν ἐπιδείξεις 
τὰς ἐν ταῖς πανηγύρεσι καὶ τὴν ἐκ χειρὸς
θεωρίαν φέρουσιν αὐτοῦ οἱ λόγοι, τοὺς δὲ ἐν ἐκκλησίαις
καὶ δικαστηρίοις ἀγῶνας οὐχ ὑπομένουσι. τούτου δὲ
αἴτιον, ὅτι πολὺ τὸ παθητικὸν ἐν ἐκείνοις εἶναι δεῖ·
τοῦτο δὲ ἥκιστα δέχεται περίοδος. αἵ τε παρομοιώσεις 
καὶ παρισώσεις καὶ τὰ ἀντίθετα καὶ πᾶς ὁ τῶν τοιούτων
<pb id="p.58"/>
σχημάτων κόσμος πολύς ἐστι παρʼ αὐτῷ καὶ
λυπεῖ πολλάκις τὴν ἄλλην κατασκευὴν προσιστάμενος
ταῖς ἀκοαῖς.
</p>
</div1>
<div1 type="chapter" n="3">
<p>καθόλου δὲ τριῶν ὄντων, ὥς φησι Θεόφραστος,
ἐξ ὧν γίνεται τὸ μέγα καὶ σεμνὸν καὶ περιττὸν ἐν
λέξει, τῆς τε ἐκλογῆς τῶν ὀνομάτων καὶ τῆς ἐκ τούτων
ἁρμονίας καὶ τῶν περιλαμβανόντων αὐτὰ σχημάτων,
ἐκλέγει μὲν
<milestone unit="reiskpage" n="540"/> εὖ πάνυ καὶ τὰ κράτιστα τῶν ὀνομάτων 
τίθησιν, ἁρμόττει δὲ αὐτὰ περιέργως, τὴν εὐφωνίαν
ἐντείνων μουσικήν, σχηματίζει τε φορτικῶς καὶ τὰ
πολλὰ γίνεται ψυχρὸς ἢ τῷ πόρρωθεν λαμβάνειν ἢ
τῷ μὴ πρέποντα εἶναι τὰ σχήματα τοῖς πράγμασι διὰ
τὸ μὴ κρατεῖν τοῦ μετρίου. ταῦτα μέντοι καὶ μακροτέραν
αὐτῷ ποιεῖ τὴν λέξιν πολλάκις, λέγω δὲ τό τε
εἰς περιόδους ἐναρμόττειν ἅπαντα τὰ νοήματα καὶ τὸ
τοῖς αὐτοῖς τύποις τῶν σχημάτων τὰς περιόδους περιλαμβάνειν
καὶ τὸ διώκειν ἐκ παντὸς τὴν εὐρυθμίαν.
οὐ γὰρ ἅπαντα δέχεται οὔτε μῆκος τὸ αὐτὸ οὔτε σχῆμα
τὸ παραπλήσιον οὔτε ῥυθμὸν τὸν ἴσον. ὥστε ἀνάγκη
παραπληρώμασι λέξεων οὐδὲν ὠφελουσῶν χρῆσθαι καὶ
ἀπομηκύνειν πέρα τοῦ χρησίμου τὸν λόγον. λέγω δὲ
οὐχ ὡς διαπαντὸς αὐτοῦ ταῦτα ποιοῦντος ʽοὐχ οὕτως
μαίνομαι· καὶ γὰρ συντίθησί ποτε ἀφελῶς τὰ ὀνόματα
καὶ λύει τὴν περίοδον εὐγενῶς καὶ τὰ περίεργα σχήματα
καὶ φορτικὰ φεύγει καὶ μάλιστα ἐν τοῖς συμβουλευτικοῖς
<pb id="p.59"/>
τε καὶ δικανικοῖς λόγοισ̓,
<milestone unit="reiskpage" n="541"/> ἀλλʼ ὡς ἐπὶ
τὸ πολὺ τῷ ῥυθμῷ δουλεύοντος καὶ τῷ κύκλῳ τῆς
περιόδου καὶ τὸ κάλλος τῆς ἀπαγγελίας ἐν τῷ περιττῷ
τιθεμένου κοινότερον εἴρηκα περὶ αὐτοῦ. κατὰ δὴ
ταῦτά φημι τὴν Ἰσοκράτους λέξιν λείπεσθαι τῆς Λυσίου 
καὶ ἔτι κατὰ τὴν χάριν. καίτοι γε ἀνθηρός ἐστιν, εἰ
καί τις ἄλλος, καὶ ἐπαγωγὸς ἡδονῇ τῶν ἀκροωμένων
Ἰσοκράτης, ἀλλʼ οὐκ ἔχει τὴν αὐτὴν χάριν ἐκείνῳ.
τοσοῦτον δὲ αὐτοῦ λείπεται κατὰ ταύτην τὴν ἀρετήν,
ὅσον τῶν φύσει καλῶν σωμάτων τὰ συνερανιζόμενα 
κόσμοις ἐπιθέτοις. πέφυκε γὰρ ἡ Λυσίου λέξις ἔχειν
τὸ χαρίεν, ἡ δὲ Ἰσοκράτους βούλεται. ταύταις μὲν δὴ
ταῖς ἀρεταῖς ὑστερεῖ Λυσίου κατὰ γοῦν τὴν ἐμὴν
γνώμην. προτερεῖ δέ γε ἐν ταῖς μελλούσαις λέγεσθαι·
ὑψηλότερός ἐστιν ἐκείνου κατὰ τὴν ἑρμηνείαν καὶ 
μεγαλοπρεπέστερος μακρῷ καὶ ἀξιωματικώτερος. θαυμαστὸν
γὰρ δὴ καὶ μέγα τὸ τῆς Ἰσοκράτους κατασκευῆς
ὕψος, ἡρωϊκῆς μᾶλλον ἢ ἀνθρωπίνης φύσεως οἰκεῖον.
δοκεῖ δή μοι μὴ ἄπο σκοποῦ τις ἂν εἰκάσαι τὴν μὲν
Ἰσοκράτους ῥητορικὴν τῇ Πολυκλείτου
<milestone unit="reiskpage" n="542"/> τε καὶ Φειδίου 
τέχνῃ κατὰ τὸ σεμνὸν καὶ μεγαλότεχνον καὶ ἀξιωματικόν,
τὴν δὲ Λυσίου τῇ Καλάμιδος καὶ Καλλιμάχου
τῆς λεπτότητος ἕνεκα καὶ τῆς χάριτος. ὥσπερ γὰρ
<pb id="p.60"/>
ἐκείνων οἳ μὲν ἐν τοῖς ἐλάττοσι καὶ ἀνθρωπικοῖς
ἔργοις εἰσὶν ἐπιτυχέστεροι τῶν ἑτέρων, οἳ δʼ ἐν τοῖς
μείζοσι καὶ θειοτέροις δεξιώτεροι, οὕτως καὶ τῶν
ῥητόρων ὃ μὲν ἐν τοῖς μικροῖς ἐστι σοφώτερος, ὃ δʼ
ἐν τοῖς μεγάλοις περιττότερος, τάχα μὲν γὰρ καὶ τῇ
φύσει μεγαλόφρων τις ὤν, εἰ δὲ μή, τῇ γε προαιρέσει
πάντως τὸ σεμνὸν καὶ θαυμαστὸν διώκων. ταῦτα μὲν
οὖν περὶ τῆς λέξεως τοῦ ῥήτορος.
</p>
</div1>
<div1 type="chapter" n="4">
<p>τὰ δὲ ἐν τῷ πραγματικῷ τόπῳ θεωρήματα τὰ μὲν
ὅμοια τοῖς Λυσίου, τὰ δὲ κρείττονα. ἡ μὲν εὕρεσις ἡ
τῶν ἐνθυμημάτων ἡ πρὸς ἕκαστον ἁρμόττουσα πρᾶγμα
πολλὴ καὶ πυκνὴ καὶ οὐδὲν ἐκείνης λειπομένη. καὶ
χρίσις ὡσαύτως ἀπὸ μεγάλης φρονήσεως γινομένη.
τάξις δὲ καὶ μερισμοὶ τῶν πραγμάτων καὶ ἡ κατʼ
ἐπιχείρημα
<milestone unit="reiskpage" n="543"/> ἐξεργασία καὶ τὸ διαλαμβάνεσθαι τὴν 
ὁμοείδειαν ἰδίαις μεταβολαῖς καὶ ξένοις ἐπεισοδίοις τά
τε ἄλλα ὅσα περὶ τὴν πραγματικὴν οἰκονομίαν ἔστιν
ἀγαθὰ πολλῷ μείζονά ἐστι παρʼ Ἰσοκράτει καὶ κρείττονα,
μάλιστα δʼ ἡ προαίρεσις ἡ τῶν λόγων, περὶ οὓς
ἐσπούδαζε, καὶ τῶν ὑποθέσεων τὸ κάλλος, ἐν αἷς
ἐποιεῖτο τὰς διατριβάς. ἐξ ὧν οὐ λέγειν δεινοὺς μόνον
ἀπεργάσαιτʼ ἂν τοὺς προσέχοντας αὐτῷ τὸν νοῦν, ἀλλὰ
καὶ τὰ ἤθη σπουδαίους, οἴκῳ τε καὶ πόλει καὶ ὅλῃ
τῇ Ἑλλάδι χρησίμους. κράτιστα γὰρ δὴ παιδεύματα
<pb id="p.61"/>
πρὸς ἀρετὴν ἐν τοῖς Ἰσοκράτους ἔστιν εὑρεῖν λόγοις.
καὶ ἔγωγέ φημι χρῆναι τοὺς μέλλοντας οὐχὶ μέρος τι
τῆς πολιτικῆς δυνάμεως ἀλλʼ ὅλην αὐτὴν κτήσασθαι
τοῦτον ἔχειν τὸν ῥήτορα διὰ χειρός. καὶ εἴ τις ἐπιτηδεύει
<milestone unit="reiskpage" n="544"/>τὴν ἀληθινὴν φιλοσοφίαν, μὴ τὸ θεωρητικὸν 
αὐτῆς μόνον ἀγαπῶν ἀλλὰ καὶ τὸ πρακτικόν, μηδʼ
ἀφʼ ὧν αὐτὸς ἄλυπον ἕξει βίον, ταῦτα προαιρούμενος,
ἀλλʼ ἐξ ὧν πολλοὺς ὠφελήσει, παρακελευσαίμην ἂν
αὐτῷ τὴν ἐκείνου τοῦ ῥήτορος μιμεῖσθαι προαίρεσιν.</p>
</div1>
<div1 type="chapter" n="5">
<p>
τίς οὐκ ἂν γένοιτο φιλόπολίς τε καὶ φιλόδημος
ἢ τίς οὐκ ἂν ἐπιτηδεύσειε τὴν πολιτικὴν καλοκἀγαθίαν
ἀναγνοὺς αὐτοῦ τὸν Πανηγυρικόν; ἐν ᾧ διεξιὼν τὰς
τῶν ἀρχαίων ἀρετὰς φησίν, ὡς οἱ τὴν Ἑλλάδα ἐλευθερώσαντες
ἀπὸ τῶν βαρβάρων οὐ τὰ πολέμια δεινοὶ
μόνον ἦσαν, ἀλλὰ καὶ τὰ ἤθη γενναῖοι καὶ φιλότιμοι 
καὶ σώφρονες, οἵ γε τῶν μὲν κοινῶν μᾶλλον ἐφρόντιζον
ἢ τῶν ἰδίων, τῶν δὲ ἀλλοτρίων ἧττον ἐπεθύμουν ἢ
τῶν ἀδυνάτων καὶ τὴν εὐδαιμονίαν οὐ πρὸς ἀργύριον
ἔκρινον ἀλλὰ πρὸς εὐδοξίαν, μέγαν οἰόμενοι τοῖς παισὶ
καταλείψειν πλοῦτον καὶ ἀνεπίφθονον τὴν παρὰ τοῖς 
πλήθεσι τιμήν· κρείττονα δὲ ἡγοῦντο τὸν εὐσχήμονα
θάνατον ἢ
<milestone unit="reiskpage" n="545"/> τὸν ἀκλεῆ βίον, ἐσκόπουν δὲ οὐχ ὅπως
οἱ νόμοι καλῶς καὶ ἀκριβῶς αὐτοῖς ἕξουσιν, ἀλλʼ ὡς
<pb id="p.62"/>
ἡ τῶν καθʼ ἡμέραν ἐπιτηδευμάτων μετριότης μηθὲν
ἐκβήσεται τῶν πατρίων· οὕτως δὲ εἶχεν αὐτοῖς τὰ
πρὸς ἀλλήλους φιλοτίμως καὶ πολιτικῶς, ὥστε καὶ τὰς
στάσεις ἐποιοῦντο πρὸς ἀλλήλους, πότεροι πλείω τὴν
πόλιν ἀγαθὰ ποιήσουσιν, οὐχ οἵτινες τοὺς ἑτέρους
ἀπολέσαντες τῶν λοιπῶν αὐτοὶ ἄρξουσι. τῇ δὲ αὐτῇ
προθυμίᾳ χρώμενοι καὶ πρὸς τὴν Ἑλλάδα τῷ θεραπεύειν
προσήγοντο τὰς πόλεις καὶ τῷ πείθειν ταῖς
εὐεργεσίαις μᾶλλον ἢ τῷ βιάζεσθαι τοῖς ὅπλοις κατεῖχον,
πιστοτέροις χρώμενοι τοῖς λόγοις ἢ νῦν τοῖς ὅρκοις,
καὶ ταῖς συνθήκαις ἀξιοῦντες μᾶλλον ἐμμένειν ἢ ταῖς
ἀνάγκαις, τοιαῦτα δὲ περὶ τῶν ἡττόνων ἀξιοῦντες
γινώσκειν, οἷα περὶ σφῶν αὐτῶν τοὺς κρείττους ἂν
ἠξίωσαν φρονεῖν, οὕτω δὲ παρεσκευασμένοι τὰς γνώμας,
ὡς ἰδίᾳ μὲν ἔχοντες τὰς ἑαυτῶν πόλεις, κοινὴν δὲ πατρίδα
τὴν Ἑλλάδα οἰκοῦντες. </p>
</div1>
<div1 type="chapter" n="6">
<p>τίς δʼ οὐκ ἂν ἀγαπήσειε μέγεθος ἔχων ἀνὴρ καὶ
<milestone unit="reiskpage" n="546"/>
δυνάμεώς τινος ἡγούμενος, ἃ πρὸς Φίλιππον αὐτῷ τὸν
Μακεδόνα γέγραπται; ἐν οἷς ἀξιοῖ στρατηγὸν ἄνδρα
καὶ τηλικαύτης ἐξουσίας κύριον διαλλάττειν μὲν τὰς
διαφερομένας πόλεις ἀλλὰ μὴ συγκρούειν πρὸς ἀλλήλας,
τὴν δὲ Ἑλλάδα μεγάλην ἐκ μικρᾶς ποιεῖν ὑπεριδόντα
<add>τε</add> τῆς περὶ τὰ μικρὰ φιλοτιμίας τοῖς τοιούτοις ἐπιχειρεῖν
<pb id="p.63"/>
ἔργοις, ἐξ ὧν κατορθώσας τε πάντων ἡγεμόνων
ἐπιφανέστατος ἔσται καὶ ἀποτυχὼν τήν γε εὔνοιαν τὴν
παρὰ τῶν Ἑλλήνων κτήσεται· ἧς οἱ τυχόντες πολλῷ
μᾶλλόν εἰσι ζηλωτότεροι τῶν μεγάλας πόλεις καὶ πολλὰς
χώρας καταστρεψαμένων. ἔτι δὲ παρακελεύεται μιμεῖσθαι 
τὴν Ἡρακλέους τε προαίρεσιν καὶ τῶν ἄλλων
ἡγεμόνων, ὅσοι μετὰ τῶν Ἑλλήνων ἐπὶ τοὺς βαρβάρους
ἐστράτευσαν, καί φησι χρῆναι τοὺς ἑτέρων διαφέροντας
προαιρεῖσθαι μὲν τὰς μέγεθος ἐχούσας πράξεις, ἐπιτελεῖν
δὲ αὐτὰς μετʼ ἀρετῆς, ἐνθυμουμένους ὅτι τὸ 
μὲν σῶμα θνητὸν ἔχομεν, ἀθάνατοι δὲ γιγνόμεθα διʼ ἀρετήν,
<milestone unit="reiskpage" n="547"/> καὶ τοῖς μὲν πρὸς ἄλλο τι τῶν ἀγαθῶν
ἀπλήστως διακειμένοις ἀχθόμεθα, τοὺς δὲ τιμὴν μείζω
τῆς ὑπαρχούσης ἀπὶ κτωμένους ἐπαινοῦμεν, καὶ ὅτι
τῶν μὲν ἄλλων, ἐφʼ οἷς εἰσιν ἀνθρώπιναι σπουδαί, 
πλούτου καὶ ἀρχῆς καὶ δυναστείας, πολλάκις τοὺς
ἐχθροὺς συμβαίνει γίγνεσθαι κυρίους, τῆς δὲ ἀρετῆς
καὶ τῆς παρὰ τοῖς πλήθεσιν εὐνοίας τοὺς οἰκείους
ἑκάστου κληρονομεῖν. πολλὴ γὰρ ἀνάγκη τοὺς ἀναγιγνώσκοντας
ταῦτα δυνάστας φρονήματός τε μείζονος 
ὑποπίμπλασθαι καὶ μᾶλλον ἐπιθυμεῖν τῆς ἀρετῆς.
<pb id="p.64"/>
</p>
</div1>
<div1 type="chapter" n="7">
<p>τίς δὲ ἂν μᾶλλον ἐπὶ τὴν δικαιοσύνην καὶ τὴν
εὐσέβειαν προτρέψαιτο καθʼ ἕκαστόν τε ἄνδρα ἰδίᾳ
καὶ κοινῇ τὰς πόλεις ὅλας τοῦ Περὶ τῆς εἰρήνης λόγου;
ἐν γὰρ δὴ τούτῳ πείθει τοὺς Ἀθηναίους τῶν μὲν
ἀλλοτρίων μὴ ἐπιθυμεῖν, ἐπὶ δὲ τοῖς παροῦσι στέργειν,
καὶ τῶν μὲν μικρῶν πόλεων ὡσπερανεὶ κτημάτων
φείδεσθαι, τοὺς δὲ συμμάχους <gap/> τε καὶ εὐεργεσίαις
πειρᾶσθαι κατέχειν, ἀλλὰ μὴ ταῖς ἀνάγκαις μηδὲ ταῖς
βίαις. τῶν
<milestone unit="reiskpage" n="548"/> δὲ προγόνων μιμεῖσθαι μὴ τοὺς πρὸ τῶν 
Δεκελεικῶν γενομένους, οἳ μικροῦ ἐδέησαν ἀπολέσαι
τὴν πόλιν, ἀλλὰ τοὺς πρὸ τῶν Περσικῶν, οἳ καλοκἀγαθίαν
ἀσκοῦντες διετέλεσαν. ἐπιδείκνυταί τε ὡς οὐχ αἱ
πολλαὶ τριήρεις οὐδʼ οἱ μετὰ βίας ἀρχόμενοι Ἕλληνες
μεγάλην ποιοῦσι τὴν πόλιν, ἀλλʼ αἱ δίκαιαί τε προαιρέσεις
καὶ τὸ τοῖς ἀδικουμένοις βοηθεῖν. παρακαλεῖ
τε τὴν τῶν Ἑλλήνων εὔνοιαν οἰκείαν ποιεῖν τῇ πόλει,
μεγίστην ἡγουμένους μερίδα πρὸς εὐδαιμονίαν, καὶ
πολεμικοὺς μὲν εἶναι ταῖς παρασκευαῖς καὶ ταῖς μελέταις,
εἰρηνικοὺς δὲ τῷ μηδένα μηδὲν ἀδικεῖν, διδάσκων
ὡς οὔτε πρὸς πλοῦτον οὔτε πρὸς δόξαν οὔθʼ ὅλως
πρὸς εὐδαιμονίαν οὐθὲν ἂν συμβάλοιτο τηλικαύτην
δύναμιν, ὅσην ἀρετὴ καὶ τὰ μέρη ταύτης· καὶ τοῖς μὴ
ταῦτα ὑπειληφόσιν ἐπιτιμῶν, οἳ τὴν μὲν ἀδικίαν κερδαλέαν
<pb id="p.65"/>
ἡγοῦντο καὶ πρὸς τὸν βίον τὸν καθʼ ἡμέραν
συμφέρουσαν, τὴν δὲ δικαιοσύνην ἀλυσιτελῆ καὶ μᾶλλον
<milestone unit="reiskpage" n="549"/>ἑτέροις ἢ τοῖς ἔχουσιν ὠφέλιμον. τούτων γὰρ οὐκ
οἶδʼ εἴ τις ἂν ἢ βελτίους ἢ ἀληθεστέρους ἢ μᾶλλον
πρέποντας φιλοσοφίᾳ δύναιτο λόγους εἰπεῖν. 
</p>
</div1>
<div1 type="chapter" n="8">
<p>τίς δὲ τὸν Ἀρεοπαγιτικὸν ἀναγνοὺς λόγον οὐκ ἂν 
γένοιτο κοσμιώτερος, ἢ τίς οὐκ ἂν θαυμάσειε τὴν
ἐπιβολὴν τοῦ ῥήτορος; ὃς ἐτόλμησε διαλεχθῆναι περὶ
πολιτείας Ἀθηναίοις ἀξιῶν μεταθέσθαι μὲν τὴν τότε
καθεστῶσαν δημοκρατίαν ὡς μεγάλα βλάπτουσαν τὴν 
πόλιν, ὑπὲρ ἧς τῶν δημαγωγῶν οὐθεὶς ἐπεχείρει λέγειν,
θεωρῶν εἰς τοσαύτην αὐτὴν προεληλυθυῖαν ἀκοσμίαν,
ὥστε μηδὲ τοὺς ἄρχοντας ἔτι τῶν ἰδιωτῶν κρατεῖν,
ἀλλʼ ἕκαστον, ὅ τι καθʼ ἡδονὴν αὐτῷ γίνοιτο, καὶ
ποιοῦντα καὶ λέγοντα, καὶ τὴν ἄκαιρον παρρησίαν 
δημοτικὴν ἐξουσίαν ὑπὸ πάντων νομιζομένην, ἀνασώσασθαι
δὲ τὴν ὑπὸ Σόλωνός τε καὶ Κλεισθένους
κατασταθεῖσαν πολιτείαν. ἧς
<milestone unit="reiskpage" n="550"/> τὴν προαίρεσιν καὶ τὰ
ἤθη διεξιὼν δεινότερον μὲν ἡγεῖσθαί φησι τοὺς τότε
ἀνθρώπους τὸ τοῖς πρεσβυτέροις ἀντειπεῖν ἢ <gap/> 
δημοκρατίαν δὲ αὐτοὺς νομίζειν οὐ τὴν ἀκολασίαν,
<pb id="p.66"/>
ἀλλὰ τὴν σωφροσύνην. τὸ δὲ ἐλεύθερον οὐκ ἐν τῷ
καταφρονεῖν τῶν ἀρχόντων ἀλλʼ ἐν τῷ τὰ κελευόμενα
ποιεῖν τίθεσθαι, ἐξουσίαν τε οὐθενὶ τῶν ἀκολάστων
ἐπιτρέπειν, ἀλλὰ τοῖς βελτίστοις ἀνατιθέναι τὰς ἀρχάς,
τοιούτους ἔσεσθαι τοὺς ἄλλους ὑπολαμβάνοντας, οἷοί περ
ἂν ὦσιν οἱ τὴν πόλιν διοικοῦντες. ἀντὶ δὲ τοῦ τὰς
ἰδίας οὐσίας ἐκ τῶν δημοσίων ἐπανορθοῦν τοὺς ἰδίους
πλούτους εἰς τὰ κοινὰ καταχορηγεῖν. χωρὶς δὲ τούτων
πλείω τὴν ἐπιμέλειαν ποιεῖσθαι τοὺς πατέρας τῶν υἱῶν
ἀνδρῶν γενομένων ἢ παίδων ὄντων ἐποιοῦντο, ἐνθυμουμένους,
ὡς οὐκ ἐξ ἐκείνης τῆς παιδείας ἀλλʼ ἐκ
ταύτης τῆς σωφροσύνης μᾶλλον ὠφελεῖται τὸ κοινόν.
κρείττονά τε ὑπολαμβάνειν τὰ χρηστὰ ἐπιτηδεύματα
τῆς ἀκριβοῦς νομοθεσίας, σκοποῦντας οὐχ ὅπως ταῖς
τιμωρίαις τοὺς ἁμαρτάνοντας ἀνείρξουσιν, ἀλλʼ ὡς μηδὲν
ἄξιον ζημίας ἕκαστον <add>παρασκευάσουσιν</add> ἐπιτηδεύειν,
<milestone unit="reiskpage" n="551"/>
καὶ τὴν μὲν πατρίδα δεῖν οἰομένους ἐν ἐξουσίᾳ διάγειν
μεγάλῃ, τοῖς δʼ ἰδιώταις μηδὲν ἐξεῖναι ποιεῖν, ὅ τι
ἂν οἱ νόμοι κωλύωσι. καρτερεῖν δὲ τὰ δεινὰ καὶ μὴ
ἐκπλήττεσθαι ταῖς συμφοραῖς.
</p>
</div1>
<div1 type="chapter" n="9">
<p>τίς δʼ ἂν μᾶλλον πείσειε καὶ πόλιν καὶ ἄνδρας
<pb id="p.67"/>
τοῦ ῥήτορος πολλαχῇ μὲν καὶ ἄλλῃ, μάλιστα δʼ ἐν τῷ
πρὸς Λακεδαιμονίους γραφέντι λόγῳ, ὃς ἐπιγράφεται
μὲν Ἀρχίδαμος, ὑπόθεσιν δὲ περιείληφε τὴν περὶ τοῦ
μὴ προέσθαι Μεσσήνην Βοιωτοῖς μηδὲ ποιεῖν τὸ προσταττόμενον
ὑπὸ τῶν ἐχθρῶν; ἠτύχητο γὰρ δὴ τοῖς 
Λακεδαιμονίοις ἥ τε περὶ Λεῦκτρα μάχη καὶ πολλαὶ
μετʼ ἐκείνην ἕτεραι, καὶ τὰ μὲν Θηβαίων πράγματα
ἤνθει τε καὶ εἰς μέγεθος ἀρχῆς προεληλύθει, τὰ δὲ
τῆς Σπάρτης ταπεινὰ καὶ ἀνάξια τῆς ἀρχαίας ἡγεμονίας
γεγόνει. τελευτῶσα γοῦν, ἵνα τύχῃ τῆς εἰρήνης ἡ 
πόλις, ἐβουλεύετο εἰ χρὴ Μεσσηνίας ἀποστῆναι, ταύτην
ἐπιτιθέντων αὐτῇ Βοιωτῶν τὴν ἀνάγκην. ὁρῶν οὖν
αὐτὴν ἀνάξια πράττειν μέλλουσαν τῶν προγόνων τόνδε
τὸν λόγον συνετάξατο Ἀρχιδάμῳ νέῳ μὲν ὄντι καὶ
<milestone unit="reiskpage" n="552"/>οὔπω βασιλεύοντι, ἐλπίδας δὲ πολλὰς ἔχοντι ταύτης 
τεύξεσθαι τῆς τιμῆς. ἐν ᾧ διεξέρχεται πρῶτον μέν,
ὡς δικαίως ἐκτήσαντο Μεσσήνην Λακεδαιμόνιοι, παραδόντων
τε αὐτὴν τῶν Κρεσφόντου παίδων ὅτε ἐξέπεσον
ἐκ τῆς ἀρχῆς, καὶ τοῦ θεοῦ προστάξαντος δέχεσθαι
καὶ τιμωρεῖν τοῖς ἀδικουμένοις, πρὸς δὲ τούτοις ἐπικυρώσαντος 
μὲν τὴν κτῆσιν τοῦ πολέμου, κάτοχον δὲ
καὶ βέβαιον πεποιηκότος τοῦ χρόνου. διδάσκει δέ, ὡς
οὐ Μεσσηνίοις τοῖς οὐκέτʼ οὖσιν ἀλλὰ δούλοις καὶ
εἵλωσιν ὁρμητήριον καὶ καταφυγὴν παρέξουσι τὴν
<pb id="p.68"/>
πόλιν. διεξέρχεταί τε τοὺς κινδύνους τῶν προγόνων,
οὓς ὑπέμειναν ἕνεκα τῆς ἡγεμονίας, καὶ τῆς δόξης
ὑπομιμνήσκει τῆς παρὰ τοῖς Ἕλλησιν ὑπαρχούσης περὶ
αὐτῶν παραινεῖ τε μὴ συγκαταπίπτειν ταῖς τύχαις μηδʼ
ἀπογιγνώσκειν τὰς μεταβολάς, ἐνθυμουμένους ὅτι
πολλοὶ μὲν ἤδη μείζω δύναμιν ἔχοντες ἢ Θηβαῖοι ὑπὸ
τῶν ἀσθενεστέρων ἐκρατήθησαν, πολλοὶ δὲ εἰς πολιορκίαν
κατακλεισθέντες καὶ δεινότερα ἢ Λακεδαιμόνιοι
πάσχοντες διέφθειραν τοὺς ἐπιστρατεύσαντας. καὶ
παράδειγμα ποιεῖται τὴν Ἀθηναίων πόλιν, ἥτις ἐκ
<milestone unit="reiskpage" n="553"/>
πολλῆς εὐδαιμονίας ἀνάστατος γενομένη τοὺς ἐσχάτους
ὑπέστη κινδύνους, ἵνα μὴ τοῖς βαρβάροις ποιῇ τὸ
προσταττόμενον. παρακελεύεται δὲ καὶ καρτερεῖν ἐπὶ
τοῖς παροῦσι καὶ θαρρεῖν περὶ τῶν μελλόντων, ἐπισταμένους
ὅτι τὰς τοιαύτας συμφορὰς αἱ πόλεις ἐπανορθοῦνται
πολιτείᾳ χρηστῇ καὶ πολέμων ἐμπειρίαις, ἐν
οἷς προεῖχεν ἡ Σπάρτη τῶν ἄλλων πόλεων. οἴεται δὲ
δεῖν οὐ τοὺς κακῶς πράττοντας εἰρήνης ἐπιθυμεῖν,
οἷς ἐκ τῆς καινουργίας ἐπὶ τὸ κρεῖττον μεταβάλλειν
τὰ πράγματα ἐλπίς, ἀλλὰ τοὺς εὐτυχοῦντας· ἐν γὰρ
τἀκινδύνῳ τὴν τῶν παρόντων ἀγαθῶν εἶναι φυλακήν.
<pb id="p.69"/>
πολλὰ δὲ καὶ ἄλλα πρὸς τούτοις διεξελθών, ὅσα καὶ
κοινῇ καὶ ἰδίᾳ τοῖς ἐπιφανεστάτοις αὐτῶν ἐπράχθη
κατὰ τοὺς πολέμους λαμπρὰ ἔργα, καὶ ὅσης αἰσχύνης
ἄξια δράσουσι, καὶ ὡς καὶ διαβληθήσονται παρὰ
<milestone unit="reiskpage" n="554"/> τοῖς
Ἕλλησιν, ἐπιλογισάμενος καὶ ὅτι πάντοθεν αὐτοῖς ἐπικουρία 
τις ἔσται τὸν ἀγῶνα ποιουμένοις καὶ παρὰ
θεῶν καὶ παρὰ συμμάχων καὶ παρὰ πάντων ἀνθρώπων,
οἷς ἐπίφθονος ἡ Θηβαίων δύναμις αὐξομένη, καὶ τὴν
κατέχουσαν ἀκοσμίαν καὶ ταραχὴν τὰς πόλεις ἐπιτροπευόντων
τῆς Ἑλλάδος Βοιωτῶν ἐπιδειξάμενος, τελευτῶν, 
εἰ καὶ μηθὲν τούτων μέλλοι γίνεσθαι μηδʼ ὑπολείποιτό
τις ἄλλη σωτηρίας ἐλπίς, ἐκλιπεῖν κελεύει
τὴν πόλιν, διδάσκων αὐτούς, ὡς χρὴ παῖδας μὲν καὶ
γυναῖκας καὶ τὸν ἄλλον ὄχλον εἴς τε Σικελίαν ἐκπέμψαι
καὶ Ἰταλίαν καὶ τἄλλα χωρία τὰ φίλια, αὐτοὺς δὲ 
καταλαβομένους τόπον, ὅστις ἂν ὀχυρώτατος ᾖ καὶ
πρὸς τὸν πόλεμον ἐπιτηδειότατος, ἄγειν καὶ φέρειν
τοὺς πολεμίους καὶ κατὰ γῆν καὶ κατὰ θάλατταν.
οὐδεμίαν γὰρ ἀξιώσειν δύναμιν ὁμόσε χωρεῖν ἀνδράσι
κρατίστοις μὲν τὰ πολέμια τῶν Ἑλλήνων, ἀπονενοημένως 
δὲ πρὸς τὸ ζῆν διακειμένοις, δικαίαν δὲ ὀργὴν
καὶ πρόφασιν εὐπρεπῆ τῆς ἀνάγκης ἔχουσι. ταῦτα γὰρ
οὐ Λακεδαιμονίοις μόνοις συμβουλεύειν φαίην ἂν
<milestone unit="reiskpage" n="555"/>αὐτὸν ἔγωγε ἀλλὰ καὶ τοῖς ἄλλοις Ἕλλησι καὶ πᾶσιν
<pb id="p.70"/>
ἀνθρώποις πολλῷ κρεῖττον ἁπάντων φιλοσόφων, οἳ
τέλος ποιοῦνται τοῦ βίου τὴν ἀρετὴν καὶ τὸ καλόν.</p>
</div1>
<div1 type="chapter" n="10">
<p>
ἔχων δὲ πολλοὺς αὐτοῦ καὶ ἄλλους διεξιέναι λόγους
πρὸς πόλεις τε καὶ δυνάστας καὶ ἰδιώτας γραφέντας,
ὧν οἳ μὲν εἰς ὁμόνοιαν καὶ σωφροσύνην τὰ πλήθη
παρακαλοῦσιν, οἳ δὲ εἰς μετριότητα καὶ νόμιμον ἀρχὴν
τοὺς δυνάστας προάγουσιν, οἳ δὲ κοσμίους τῶν ἰδιωτῶν
ἀπεργάζονται τοὺς βίους, ἃ δεῖ πράττειν ἕκαστον
ὑποτιθέμενοι, δεδοικὼς μὴ πέρα τοῦ δέοντος ὁ λόγος
ἐκμηκυνθῇ μοι, ταῦτα μὲν ἐάσω, τοῦ δʼ εὐπαρακολούθητα
γενέσθαι μοι μᾶλλον τὰ πρόσθεν εἰρημένα, καὶ
τῆς διαφορᾶς ἕνεκα, ᾗ διαλλάττει Λυσίου, τὰς ἀρετὰς
αὐτῶν εἰς βραχύτερον συναγαγὼν λόγον ἐπὶ τὰ παραδείγματα μεταβήσομαι. </p>
</div1>
<div1 type="chapter" n="11">
<p>πρώτην μὲν τοίνυν ἔφην ἀρετὴν εἶναι λόγων τὴν
<milestone unit="reiskpage" n="556"/>
 καθαρὰν ἑρμηνείαν, ἐν ᾗ διαλλαγὴν οὐδεμίαν εὕρισκον
παρʼ οὐδετέρῳ. ἔπειτα τὴν ἀκρίβειαν τὴν διαλέκτου
τῆς τότε συνήθους· καὶ ταύτην ἑώρων ὁμοίαν παρʼ
ἀμφοτέροις. μετὰ ταῦτα ἐπελογιζόμην, ὅτι τοῖς κυρίοις
καὶ συνήθεσι καὶ κοινοῖς ὀνόμασιν ἀμφότεροι κέχρηνται,
ἡ δὲ Ἰσοκράτους λέξις προσλαβοῦσά τι τῆς τροπικῆς
κατασκευῆς μέχρι τοῦ μὴ λυπῆσαι προῆλθεν. τῆς
σαφηνείας καὶ τῆς ἐναργείας ἀμφοτέρους κρατεῖν ἀπεφηνάμην,
ἐν δὲ τῷ συντόμως ἐκφέρειν τὰ νοήματα
<pb id="p.71"/>
Λυσίαν μᾶλλον ἡγούμην ἐπιτυγχάνειν. περὶ τὰς αὐξήσεις
Ἰσοκράτη κατορθοῦν ἄμεινον ἐδόκουν. ἐν τῷ συστρέφειν
τὰ νοήματα καὶ στρογγύλως ἐκφέρειν ὡς πρὸς
ἀληθινοὺς ἀγῶνας ἐπιτήδειον Λυσίαν ἀπεδεχόμην. ἐν
<milestone unit="reiskpage" n="557"/>ταῖς ἠθοποιίαις ἀμφοτέρους εὕρισκον δεξιούς, τῆς 
δὲ χάριτος καὶ τῆς ἡδονῆς ἀναμφιλόγως ἀπεδίδουν τὰ
πρωτεῖα Λυσίᾳ. τὸ μεγαλοπρεπὲς ἑώρων παρʼ Ἰσοκράτει.
τοῦ πιθανοῦ καὶ πρέποντος οὐδέτερον ἐδόκουν ἀπολείπεσθαι.
ἐν τῇ συνθέσει τῶν ὀνομάτων Λυσίαν μὲν
ἀφελέστερον ἔκρινον, Ἰσοκράτην δὲ περιεργότερον, καὶ 
τὸν μὲν τῆς ἀληθείας πιθανώτερον εἰκαστήν, τὸν δὲ
τῆς κατασκευῆς ἀθλητὴν ἰσχυρότερον.
</p>
</div1>
<div1 type="chapter" n="12">
<p>ταῦτα ἔφην περὶ τῆς λέξεως τῆς ἑκατέρου. τῶν δὲ 
πραγμάτων ποιούμενος <add>τὴν</add> ἐξέτασιν, τὴν μὲν εὕρεσιν
θαυμαστὴν παρʼ ἀμφοῖν κατελαβόμην καὶ ἔτι τὴν κρίσιν.
<milestone unit="reiskpage" n="558"/>τῇ δὲ τάξει τῶν ἐνθυμημάτων καὶ τοῖς μερισμοῖς τῶν
ἐπιχειρημάτων καὶ τῇ καθʼ ἕκαστον εἶδος ἐξεργασίᾳ
τοῖς τε ἄλλοις ἅπασι τοῖς ἐν τῷ πραγματικῷ τόπῳ
θεωρήμασι παρὰ πολὺ προτερεῖν ἡγούμην Ἰσοκράτην
Λυσίου, κατὰ δὲ τὴν λαμπρότητα τῶν ὑποθέσεων καὶ 
τὸ φιλόσοφον τῆς προαιρέσεως πλεῖον διαφέρειν ἢ
παιδὸς ἄνδρα, ὡς ὁ Πλάτων εἴρηκεν, εἰ δὲ χρὴ τἀληθὲς
εἰπεῖν, καὶ τῶν ἄλλων ἁπάντων ῥητόρων, ὅσοι φιλοσόφως
τοῦ μαθήματος τούτου προέστησαν. τῆς μέντοι
<pb id="p.72"/>
ἀγωγῆς τῶν περιόδων τὸ κύκλιον καὶ τῶν σχηματισμῶν
τῆς λέξεως τὸ μειρακιῶδες οὐκ ἐδοκίμαζον. δουλεύει
γὰρ ἡ διάνοια πολλάκις τῷ ῥυθμῷ τῆς λέξεως καὶ
τοῦ κομψοῦ λείπεται τὸ ἀληθινόν. κράτιστον δὲ ἐπιτήδευμα
ἐν διαλέκτῳ
<milestone unit="reiskpage" n="559"/> πολιτικῇ καὶ ἐναγωνίῳ τὸ 
ὁμοιότατον τῷ κατὰ φύσιν. βούλεται δὲ ἡ φύσις τοῖς
νοήμασιν ἕπεσθαι τὴν λέξιν, οὐ τῇ λέξει τὰ νοήματα.
συμβούλῳ δὲ δὴ περὶ πολέμου καὶ εἰρήνης λέγοντι καὶ
ἰδιώτῃ τὸν περὶ ψυχῆς τρέχοντι κίνδυνον ἐν δικασταῖς
τὰ κομψὰ καὶ θεατρικὰ καὶ μειρακιώδη ταῦτα οὐκ οἶδα
ἥντινα δύναιτο ἂν παρασχεῖν ὠφέλειαν, μᾶλλον δὲ οἶδα
ὅτι καὶ βλάβης ἂν αἴτια γένοιτο. χαριεντισμὸς γὰρ
πᾶς ἐν σπουδῇ καὶ κακοῖς γινόμενος ἄωρον πρᾶγμα
καὶ πολεμιώτατον ἐλέῳ.
</p>
</div1>
<div1 type="chapter" n="13">
<p>οὗτος δὲ οὐκ ἐμὸς ὁ λόγος πρώτου μὰ Δία, ἐπεὶ
 πολλοὶ καὶ τῶν παλαιῶν ταύτην εἶχον ὑπὲρ αὐτοῦ τὴν
δόξαν. φιλόνικος μὲν γὰρ ὁ διαλεκτικὸς τὴν ἄλλην
κατασκευὴν τῆς λέξεως ἐπαινῶν τἀνδρὸς μέμφεται τῆς
κενότητός τʼ αὐτῆς καὶ τοῦ φορτικοῦ ἐοικέναι τέ
<milestone unit="reiskpage" n="560"/>
φησιν αὐτὸν ζωγράφῳ ταῖς αὐταῖς ἐσθῆσι καὶ τοῖς 
αὐτοῖς σχήμασι πάσας ἐπικοσμοῦντι τὰς γραφάς·
<pb id="p.73"/>
<quote>ἅπαντες γοῦν εὕρισκον τοὺς λόγους αὐτοῦ τοῖς αὐτοῖς
τρόποις τῆς λέξεως κεχρημένους, ὥστʼ ἐν πολλοῖς
τεχνικῶς τὰ καθʼ ἕκαστα ἐξεργαζόμενον τοῖς ὅλοις
ἀπρεπῆ παντελῶς φαίνεσθαι διὰ τὸ μὴ προσηκόντως
τοῖς ὑποκειμένοις τῶν ἠθῶν φράζειν</quote>. Ἱερώνυμος δὲ ὁ 
φιλόσοφός φησιν ἀναγνῶναι μὲν ἄν τινα δυνηθῆναι
τοὺς λόγους αὐτοῦ καλῶς, δημηγορῆσαι δὲ τήν τε
φωνὴν καὶ τὸν τόνον ἐπάραντα καὶ ἐν ταύτῃ τῇ
κατασκευῇ μετὰ τῆς ἁρμοττούσης ὑποκρίσεως εἰπεῖν
οὐ παντελῶς. τὸ γὰρ μέγιστον καὶ κινητικώτατον τῶν 
ὄχλων παρεῖσθαι, τὸ παθητικὸν καὶ ἔμψυχον· δουλεύειν
γὰρ αὐτὸν τῇ λειότητι διαπαντός, τὸ δὲ κεκραμένον
καὶ παντοδαπὸν ἐπιτάσει τε καὶ ἀνέσει καὶ τὸ ταῖς
<milestone unit="reiskpage" n="561"/>παθητικαῖς ὑπερθέσεσι διειλημμένον ἀποβεβληκέναι.
καθόλου δέ φησιν αὐτὸν εἰς ἀναγνώστου παιδὸς φωνὴν 
καταδύντα μήτε τόνον μήτε πάθος μήτε ὑπόκρισιν
δύνασθαι φέρειν. πολλοῖς δὲ καὶ ἄλλοις ταῦτα καὶ
παραπλήσια τούτοις εἴρηται, περὶ ὧν οὐδὲν δέομαι
γράφειν. ἐξ αὐτῆς γὰρ ἔσται τῆς Ἰσοκράτους λέξεως
τεθείσης καταφανὴς ὅ τε τῶν περιόδων ῥυθμὸς ἐκ 
παντὸς διώκων τὸ γλαφυρὸν καὶ τῶν σχημάτων τὸ
μειρακιῶδες περὶ τὰς ἀντιθέσεις καὶ παρισώσεις καὶ
<pb id="p.74"/>
παρομοιώσεις κατατριβόμενον. καὶ οὐ τὸ γένος μέμφομαι
τῶν σχημάτων ʽπολλοὶ γὰρ αὐτοῖς ἐχρήσαντο
καὶ συγγραφεῖς καὶ ῥήτορες, ἀνθίσαι βουλόμενοι τὴν
λέξιν̓, ἀλλὰ τὸν πλεονασμόν.
</p>
</div1>
<div1 type="chapter" n="14">
<p>τῷ γὰρ μὴ ἐν καιρῷ γίνεσθαι μηδὲ ἐν ὥρᾳ <gap/>
προσίστασθαί φημι ταῖς ἀκοαῖς. ἐν γοῦν τῷ πανηγυρικῷ
τῷ περιβοήτῳ λόγῳ πολύς ἐστιν ἐν τοῖς τοιούτοις·
<milestone unit="reiskpage" n="562"/>
<quote>πλείστων μὲν οὖν ἀγαθῶν αἰτίους καὶ μεγίστων 
ἐπαίνων ἀξίους ἡγοῦμαι</quote>· ἐνταῦθα γὰρ οὐ μόνον τῷ
κώλῳ τὸ κῶλον ἴσον, ἀλλὰ καὶ τὰ ὀνόματα τοῖς ὀνόμασι,
τῷ μὲν πλείστων τὸ μεγίστων, τῷ δʼ ἀγαθῶν τὸ
ἐπαίνων, τῷ δὲ αἰτίους τὸ ἀξίους. καὶ αὖθις· <quote>οὐδὲ
ἀπέλαυον μὲν ὡς ἰδίων, ἠμέλουν δὲ ὡς ἀλλοτρίων</quote>·
τό τε γὰρ κῶλον τὸ δεύτερον τῷ κώλῳ πάρισον καὶ
τῶν ὀνομάτων τῷ μὲν ἀπέλαυον τὸ ἠμέλουν ἀντίθετον,
τῷ δὲ ἰδίων τὸ ἀλλοτρίων. οἷς ἐπιτίθησιν· <quote>ἀλλὰ
ἐκήδοντο μὲν ὡς οἰκείων, ἀπείχοντο δὲ ὥσπερ χρὴ
τῶν μηδὲν προσηκόντων.</quote> ἀντίκειται <del>γὰρ</del> δὴ πάλιν
κἀνταῦθα τῷ μὲν ἐκήδοντο τὸ ἀπείχοντο, τῷ δὲ οἰκείων
τὸ μηδὲν προσηκόντων. καὶ οὔπω ταῦθʼ ἱκανά, ἀλλʼ
ἐν τῇ μετὰ ταῦτα περιόδῳ πάλιν ἀντιστρέφει τῷ μὲν
<pb id="p.75"/>
<quote>αὐτός τε μέλλοι μάλιστα εὐδοκιμήσειν</quote> τὸ ἐπιφερόμενον
<quote>καὶ τοῖς παισὶ μεγάλην δόξαν καταλείψειν</quote>, τῷ δὲ <quote>οὐδὲ
τὰς θρασύτητας τὰς ἀλλήλων ἐζήλουν</quote> τὸ συναπτόμενον
αὐτῷ <quote>οὐδὲ τὰς τόλμας τὰς αὑτῶν ἤσκουν</quote>. καὶ οὐδὲ
<milestone unit="reiskpage" n="563"/>μικρὸν διαλιπὼν ἐπιφέρει τούτοις· <quote>ἀλλὰ δεινότερον 
μὲν ἐνόμιζον εἶναι κακῶς ὑπὸ τῶν πολιτῶν ἀκούειν ἢ
καλῶς ὑπὲρ τῆς πατρίδος ἀποθνῄσκειν.</quote> οὐκοῦν καὶ
δεύτερον τῷ μὲν καλῶς τὸ κακῶς ἀντίστροφον, τῷ δὲ
ἀκούειν τὸ ἀποθνῄσκειν πάρισον. εἰ μέτριος εἴη μέχρι
δεῦρο, ἀνεκτός, ἀλλʼ οὐκ ἀνήσει. πάλιν γοῦν ἐν τῇ 
μετʼ αὐτὴν περιόδῳ τίθησιν· <quote>ὅτι τοῖς ἀγαθοῖς τῶν
ἀνθρώπων οὐδὲν δεήσει πολλῶν γραμμάτων ἀλλʼ ὀλίγων
συνθημάτων, καὶ περὶ τῶν κοινῶν καὶ περὶ τῶν ἰδίων
ὁμονοήσουσιν.</quote> οὐκοῦν τὸ γραμμάτων καὶ συνθημάτων
πάρισον καὶ τὸ πολλῶν καὶ ὀλίγων καὶ κοινῶν καὶ 
ἰδίων ἀντίθετα. ἔπειθʼ ὥσπερ οὐδὲν εἰρηκὼς τοιοῦτον
ἀθρόαις ἐπικλύσει ταῖς παρισώσεσιν, ἐπιφέρων ταυτί·
<quote>καὶ τὰ τῶν ἄλλων διῴκουν θεραπεύοντες ἀλλʼ
<milestone unit="reiskpage" n="564"/> οὐχ
ὑβρίζοντες τοὺς Ἕλληνας καὶ στρατηγεῖν οἰόμενοι δεῖν
αὐτῶν ἀλλὰ μὴ τυραννεῖν αὐτῶν καὶ μᾶλλον ἐπιθυμοῦντες 
ἡγεμόνες ἢ δεσπόται προσαγορεύεσθαι καὶ σωτῆρες
ἀλλὰ μὴ λυμεῶνες ἀποκαλεῖσθαι, τῷ ποιεῖν εὖ προσαγόμενοι
<pb id="p.76"/>
τὰς πόλεις ἀλλʼ οὐ βίᾳ καταστρεφόμενοι,
πιστοτέροις μὲν τοῖς λόγοις ἢ νῦν τοῖς ὅρκοις χρώμενοι,
ταῖς δὲ συνθήκαις ὥσπερ ἀνάγκαις ἐμμένειν
ἀξιοῦντες.</quote> καὶ τί δεῖ τὰ καθʼ ἕκαστα διεξιόντα
μηκύνειν; ὀλίγου γὰρ ἅπας ὁ λόγος ὑπὸ τῶν τοιούτων
αὐτῷ κεκόμψευται σχημάτων. οἱ μέντοι γε ἐπὶ τελευτῇ
τοῦ βίου γραφέντες λόγοι ἧττόν εἰσι μειρακιώδεις, ὡς
ἂν οἶμαι τελείαν ἀπειληφότες τὴν φρόνησιν παρὰ τοῦ
χρόνου. καὶ περὶ μὲν τούτων ἱκανὰ ταῦτα.
<milestone unit="reiskpage" n="565"/>
ὥρα δὲ ἂν εἴη καὶ τῶν παραδειγμάτων ἅψασθαι 
 καὶ δεῖξαι τούτοις τίς ἐστιν ἡ τοῦ ῥήτορος ἰσχύς. ἅπαντα
μὲν οὖν τὰ γένη τῶν προβλημάτων καὶ πάσας τὰς ἰδέας
τῶν λόγων ἀμήχανον ἐν ὀλίγῳ δηλῶσαι, ἀρκεῖ δὲ μία
τε δημηγορία παραληφθεῖσα καὶ λόγος εἷς ἐκ <add>τῶν</add>
</p>
</div1>
<div1 type="chapter" n="15">
<p>δικανικῶν. ὁ μὲν οὖν συμβουλευτικὸς λόγος ἔστω, ἐν
ᾧ παρακαλεῖ τοὺς Ἀθηναίους διαλύσασθαι μὲν τὸν
συμμαχικὸν κληθέντα πόλεμον, ὃν ἐπολέμουν πρὸς
αὐτοὺς Χῖοί τε καὶ Ῥόδιοι καὶ οἱ τούτων σύμμαχοι,
παύσασθαι δὲ πλεονεκτοῦντας καὶ τῆς κατὰ γῆν καὶ
κατὰ θάλατταν ἐπιθυμοῦντας ἀρχῆς· διδάσκων ὡς ἔστιν
οὐ μόνον κρείττων ἡ δικαιοσύνη τῆς ἀδικίας ἀλλὰ καὶ
ὠφελιμωτέρα. τὸ μὲν οὖν ὕπτιον καὶ ἀναβεβλημένον
<pb id="p.77"/>
τῆς ἀγωγῆς καὶ τῶν περιόδων ὁ χαριεντισμὸς ἔνεστι
κἀν τούτοις, τὰ δὲ θεατρικὰ τῶν σχημάτων τεταμιευμένως
παρείληπται. ταῦτα μὲν δὴ παρορᾶν δεῖ τοὺς
<milestone unit="reiskpage" n="566"/>ἀναγιγνώσκοντας καὶ μὴ ἄξια ἡγεῖσθαι σπουδῆς,
ὥσπερ <add>καὶ</add> κατʼ ἀρχὰς ἔφην, τοῖς δὲ ἄλλοις πάνυ 
προσέχειν τὸν νοῦν. ἄρχεται δὲ ὁ λόγος ἐντεῦθεν·
</p>
</div1>
<div1 type="chapter" n="16">
<p>
<quote>ἅπαντες μὲν εἰώθασιν οἱ παριόντες ἐνθάδε ταῦτα 
μέγιστα φάσκειν εἶναι καὶ μάλιστα σπουδῆς ἄξια τῇ
πόλει, περὶ ὧν αὐτοὶ μέλλουσι συμβουλεύειν. οὐ μὴν
ἀλλʼ εἰ καὶ περὶ ἄλλων τινῶν πραγμάτων ἥρμοσε 
τοιαῦτα προειπεῖν, <add>δοκεῖ μοι πρέπειν</add> καὶ περὶ τῶν
νῦν παρόντων ἐντεῦθεν ποιήσασθαι τὴν ἀρχήν. ἥκομεν
γὰρ ἐκκλησιάσοντες περί τε πολέμου καὶ εἰρήνης, ἃ
μεγίστην ἔχει δύναμιν ἐν τῷ βίῳ τῷ τῶν ἀνθρώπων
καὶ περὶ ὧν ἀνάγκη τοὺς ὀρθῶς βουλευσαμένους 
ἄμεινον τῶν ἄλλων πράττειν. τὸ μὲν οὖν μέγεθος
ὑπὲρ ὧν συνεληλύθαμεν τηλικοῦτόν ἐστιν. ὁρῶ δὲ
ὑμᾶς οὐκ ἐξ ἴσου τῶν λεγόντων τὴν ἀκρόασιν ποιουμένους,
ἀλλὰ τοῖς μὲν προσέχοντας τὸν νοῦν, τῶν δὲ
οὐδὲ τῆς φωνῆς ἀνεχομένους. καὶ θαυμαστὸν οὐδὲν
<milestone unit="reiskpage" n="567"/>ποιεῖτε. καὶ γὰρ τὸν ἄλλον χρόνον εἰώθατε τοὺς
ἄλλους ἅπαντας ἐκβάλλειν πλὴν τοὺς συναγορεύοντας
<pb id="p.78"/>
ταῖς ἐπιθυμίαις ὑμῶν. οἷς καὶ δικαίως ἄν τις ἐπιτιμήσειεν,
ὅτι συνειδότες πολλοὺς καὶ μεγάλους οἴκους
ὑπὸ τῶν κολακευόντων ἀναστάτους γεγενημένους καὶ
μισοῦντες ἐπὶ τῶν ἰδίων τοὺς ταύτην ἔχοντας τὴν
τέχνην ἐπὶ τῶν κοινῶν οὐχ ὁμοίως διάκεισθε πρὸς
αὐτούς, ἀλλὰ κατηγοροῦντες τῶν προσιεμένων καὶ
χαιρόντων τοῖς τοιούτοις αὐτοὶ μᾶλλον φαίνεσθε τούτοις
πιστεύοντες ἢ τοῖς ἄλλοις πολίταις. καὶ γάρ τοι
πεποιήκατε τοὺς ῥήτορας μελετᾶν καὶ φιλοσοφεῖν οὐ
τὰ μέλλοντα τῇ πόλει συνοίσειν, ἀλλʼ ὅπως ἀρέσκοντας
ὑμῖν λόγους ἐροῦσιν· ἐφʼ οὓς καὶ νῦν τὸ πλῆθος
αὐτῶν ἐρρύηκεν. ἅπασι γὰρ ἦν φανερόν, ὅτι μᾶλλον
ἡσθήσεσθε τοῖς παρακαλοῦσιν ὑμᾶς ἐπὶ τὸν πόλεμον
ἢ τοῖς περὶ τῆς εἰρήνης συμβουλεύουσιν. οἳ μὲν γὰρ
προσδοκίαν ἐμποιοῦσιν, ὡς τὰς κτήσεις τὰς ἐν
<milestone unit="reiskpage" n="568"/> ταῖς 
πόλεσι κομιούμεθα καὶ τὴν δύναμιν ἀναληψόμεθα
πάλιν, ἣν πρότερον ἐτυγχάνομεν ἔχοντες, οἳ δʼ οὐδὲν
τοιοῦτον ὑποτείνουσιν, ἀλλʼ ὡς ἡσυχίαν ἔχειν δεῖ καὶ
μὴ μεγάλων ἐπιθυμεῖν παρὰ τὸ δίκαιον, ἀλλὰ στέργειν
τοῖς παροῦσιν, ὃ χαλεπώτατον πάντων τοῖς πλείστοις
τῶν ἀνθρώπων ἐστίν. οὕτω γὰρ ἐξηρτήμεθα τῶν
ἐλπίδων καὶ πρὸς τὰς δοκούσας εἶναι πλεονεξίας
ἀπλήστως ἔχομεν, ὥστʼ οὐδὲ οἱ κεκτημένοι τοὺς μεγίστους
<pb id="p.79"/>
πλούτους μένειν ἐπὶ τούτοις ἐθέλουσιν, ἀλλʼ
ἀεὶ τοῦ πλείονος ὀρεγόμενοι περὶ τῶν ὑπαρχόντων
κινδυνεύουσι. διόπερ ἄξιόν ἐστι δεδιέναι, μὴ καὶ νῦν
ἡμεῖς ἔνοχοι γενώμεθα ταύταις ταῖς ἀνοίαις. λίαν γάρ
τινές μοι δοκοῦσιν ὡρμῆσθαι πρὸς τὸν πόλεμον, ὥσπερ 
οὐ τῶν τυχόντων συμβεβουλευκότων ἀλλὰ τῶν θεῶν
<milestone unit="reiskpage" n="569"/>ἀκηκοότες, ὅτι κατορθώσομεν ἅπαντα καὶ ῥᾳδίως
κρατήσομεν τῶν ἐχθρῶν. χρὴ δὲ τοὺς νοῦν ἔχοντας
περὶ μὲν ὧν ἴσασι μὴ βουλεύεσθαι ʽπερίεργον γάῤ,
ἀλλὰ πράττειν ὡς ἐγνώκασι, περὶ ὧν δʼ ἂν βουλεύωνται, 
μὴ νομίζειν εἰδέναι τὸ συμβησόμενον, ἀλλʼ ὡς δόξῃ
μὲν χρωμένους, ὅ τι δὲ ἂν τύχῃ γενησόμενον, οὕτω
διανοεῖσθαι περὶ αὐτῶν. ὧν ὑμεῖς οὐδέτερον τυγχάνετε
ποιοῦντες, ἀλλʼ ὡς οἷόν τε ταραχωδέστατα διάκεισθε.
συνεληλύθατε γὰρ ὡς δέον ὑμᾶς ἐξ ἁπάντων τῶν 
ῥηθέντων ἐκλέξασθαι τὸ βέλτιστον, ὥσπερ δʼ ἤδη
σαφῶς εἰδότες ὃ πρακτέον ἐστὶν οὐ θέλετε ἀκούειν
πλὴν τῶν πρὸς ἡδονὴν δημηγορούντων. καίτοι προσῆκεν
ὑμᾶς, εἴπερ ἐβούλεσθε ζητεῖν τὸ τῇ πόλει συμφέρον,
μᾶλλον τοῖς ἐναντιουμένοις ταῖς ὑμετέραις γνώμαις 
προσέχειν τὸν νοῦν ἢ τοῖς χαριζομένοις, εἰδότας ὅτι
τῶν ἐνθάθε παριόντων οἱ μὲν ἃ βούλεσθε λέγοντες
<pb id="p.80"/>
ῥᾳδίως ἐξαπατᾶν δύνανται· τὸ γὰρ πρὸς χάριν ῥηθὲν
ἐπισκοτεῖ τᾷ καθορᾶν
<milestone unit="reiskpage" n="570"/> τὸ βέλτιστον. ὑπὸ δὲ τῶν 
μὴ πρὸς ἡδονὴν συμβουλευόντων οὐδὲν ἂν πάθοιτε
τοιοῦτον. οὐ γὰρ ἔστιν ὅπως ἂν μεταπεῖσαι δυνηθεῖεν
<add>ὑμᾶς μὴ φανερὸν τὸ συμφέρον ποιήσαντες. χωρὶς δὲ
τούτων πῶς ἂν ἄνθρωποι δυνηθεῖεν</add> καλῶς ἢ κρῖναι
περὶ τῶν γεγενημένων ἢ βουλεύεσθαι περὶ τῶν μελλόντων,
εἰ μὴ τοὺς μὲν λόγους τοὺς τῶν ἐναντιουμένων
παρʼ ἀλλήλους ἐξετάζοιεν, αὐτοὶ δʼ αὑτοὺς
κοινοὺς ἀμφοτέροις ἀκροατὰς παράσχοιεν; θαυμάζω δὲ
τὰ τῶν πρεσβυτέρων, εἰ μηκέτι μνημονεύουσι, καὶ τῶν
νεωτέρων, εἰ μηδενὸς <add>ἀκηκόασιν, ὅτι</add> διὰ μὲν <del>γὰρ</del>
τοὺς παραινοῦντας <add>ἀντέχεσθαι</add> τῆς εἰρήνης οὐθὲν
πώποτε <add>κακὸν</add> ἐπάθομεν, διὰ δὲ τοὺς ῥᾳδίως πολεμεῖν
αἱρουμένους <add>πολλαῖς ἤδη καὶ</add> μεγάλαις συμφοραῖς
περιεπέσομεν. ὧν ἡμεῖς οὐδεμίαν ποιούμεθα μνείαν,
ἀλλʼ ἑτοίμως ἔχομεν μηδὲν εἰς τὸ
<milestone unit="reiskpage" n="571"/> πρόσθεν ἡμῖν 
αὐτοῖς πράττοντες τριήρεις πληροῦν καὶ χρημάτων
εἰσφορὰς ποιεῖσθαι καὶ βοηθεῖν καὶ πολεμεῖν, ὥσπερ
ἂν τύχωμεν ἐν ἀλλοτρίᾳ πόλει κινδυνεύοντες. τούτων
<pb id="p.81"/>
δʼ αἴτιόν ἐστιν, ὅτι προσῆκον ὑμᾶς ὁμοίως τῶν κοινῶν
ὥσπερ τῶν ἰδίων σπουδάζειν, οὐ τὴν αὐτὴν γνώμην
ἔχετε περὶ αὐτῶν, ἀλλʼ ὅταν μὲν ὑπὲρ τῶν ἰδίων
βουλεύησθε, ζητεῖτε συμβούλους τοὺς ἄμεινον φρονοῦντας
ὑμῶν αὐτῶν, ὅταν δʼ ὑπὲρ τῆς πόλεως ἐκκλησιάζητε, 
τοῖς μὲν τοιούτοις ἀπιστεῖτε καὶ φθονεῖτε,
τοὺς δὲ πονηροτάτους τῶν ἐπὶ τὸ βῆμα παριόντων
ἐπαινεῖτε καὶ νομίζετε δημοτικωτέρους εἶναι τοὺς
μεθύοντας τῶν νηφόντων καὶ τοὺς νοῦν οὐκ ἔχοντας
τῶν εὖ φρονούντων καὶ τοὺς τὰ τῆς πόλεως διανεμομένους 
τῶν ἐκ τῆς <add>ἰδίας</add> οὐσίας ὑμῖν λειτουργούντων.
ὥστʼ ἄξιον θαυμάζειν, εἴ τις ἐλπίζει τὴν πόλιν τοιούτοις
συμβούλοις χρωμένην ἐπὶ τὸ βέλτιον ἐπιδώσειν.
ἐγὼ δʼ οἶδα μέν, ὅτι πρόσαντές ἐστιν ἐναντιοῦσθαι
ταῖς ὑμετέραις διανοίαις καὶ διότι δημοκρατίας οὔσης 
οὐκ ἔστι παρρησία πλὴν ἐνθάδε μὲν
<milestone unit="reiskpage" n="572"/> τοῖς ἀφρονεστάτοις
καὶ μηδὲν ὑμῶν φροντίζουσιν, ἐν δὲ τοῖς
θεάτροις τοῖς κωμῳδοδιδασκάλοις. ὃ καὶ πάντων ἐστὶ
δεινότατον, ὅτι τοῖς μὲν ἐκφέρουσιν εἰς τοὺς ἄλλους
Ἕλληνας <add>τὰ</add> τῆς πόλεως ἁμαρτήματα τοσαύτην ἔχετε 
χάριν, ὅσην οὐδὲ τοῖς εὖ ποιοῦσι, πρὸς δὲ τοὺς ἐπιπλήττοντας
καὶ νουθετοῦντας ὑμᾶς οὕτω θιατίθεσθε
δυσκόλως, ὥσπερ πρὸς τοὺς κακόν τι τὴν πόλιν ἐργαζομένους.
ὅμως δὲ καὶ τούτων ὑπαρχόντων οὐκ ἂν
<pb id="p.82"/>
ἀποσταίην ὧν διενοήθην. παρελήλυθα γὰρ οὐ χαριούμενος
ὑμῖν οὐδὲ χειροτονίαν μνηστεύσων ἀλλʼ ἀποφανούμενος
ἃ τυγχάνω γιγνώσκων, πρῶτον μὲν περὶ ὧν
ὁ πρύτανις προτίθησιν, ἔπειτα περὶ τῶν ἄλλων τῶν τῆς
πόλεως πραγμάτων. οὐδὲν γὰρ ὄφελος ἔσται τῶν νῦν
περὶ τῆς εἰρήνης γνωσθέντων, ἂν μὴ περὶ τῶν λοιπῶν
ὀρθῶς βουλευσώμεθα. φημὶ δʼ οὖν χρῆναι ποιεῖσθαι
τὴν εἰρήνην μὴ μόνον πρὸς Χίους τε καὶ Ῥοδίους καὶ
Βυζαντίους καὶ Κῴους ἀλλὰ πάντας ἀνθρώπους, καὶ
<milestone unit="reiskpage" n="573"/>
χρῆσθαι ταῖς συνθήκαις μὴ ταύταις, αἷς νῦν τινες
γεγράφασιν, ἀλλὰ ταῖς γενομέναις <add>μὲν</add> πρὸς βασιλέα
καὶ Λακεδαιμονίους, προσταττούσαις δὲ τοὺς Ἕλληνας
αὐτονόμους εἶναι καὶ τὰς φρουρὰς ἐκ τῶν ἀλλοτρίων
πόλεων ἐξεἷναι καὶ τὴν αὑτῶν ἔχειν ἑκάστους. τούτων
γὰρ οὔτε δικαιοτέρας εὑρήσομεν οὔτε μᾶλλον τῇ πόλει συμφερούσας.</quote>
</p>
</div1>
<div1 type="chapter" n="17">
<p>ταῦτα προειπὼν καὶ οὕτω διαθεὶς τοὺς ἀκούοντας
πρὸς τὸν μέλλοντα λόγον ἐπιτηδείως ἐγκώμιόν τε κάλλιστον
τῆς δικαιοσύνης διαθέμενος καὶ τὰ καθεστηκότα
<pb id="p.83"/>
πράγματα μεμψάμενος ἐπιτίθησι τούτοις τὴν σύγκρισιν
τῶν τότε ἀνθρώπων πρὸς τοὺς προγόνους· <quote>τούτου δὲ
ἕνεκα ταῦτα προεῖπον, ὅτι περὶ τῶν λοιπῶν οὐδὲν
ὑποστειλάμενος ἀλλὰ παντάπασιν ἀνειμένως μέλλω τοὺς
λόγους ποιεῖσθαι πρὸς ὑμᾶς. τίς γὰρ ἂν ἄλλοθεν ἐπελθὼν 
καὶ μὴ συνδιεφθαρμένος ἡμῖν, ἀλλʼ ἐξαίφνης ἐπιστὰς
τοῖς γινομένοις οὐκ ἂν μαίνεσθαι καὶ παραφρονεῖν
ἡμᾶς
<milestone unit="reiskpage" n="574"/> νομίσειεν, οἳ φιλοτιμούμεθα μὲν ἐπὶ τοῖς τῶν
προγόνων ἔργοις καὶ τὴν πόλιν ἐκ τῶν τότε πραχθέντων
ἐγκωμιάζειν ἀξιοῦμεν, οὐδὲν δὲ τῶν αὐτῶν ἐκείνοις 
πράττομεν, ἀλλὰ πᾶν τοὐναντίον; οἳ μὲν γὰρ ὑπὲρ
τῶν Ἑλλήνων τοῖς βαρβάροις πολεμοῦντες διετέλεσαν,
ἡμεῖς δὲ τοὺς ἐκ τῆς Ἀσίας τὸν βίον ποριζομένους
ἐκεῖθεν ἀναστήσαντες ἐπὶ τοὺς Ἕλληνας ἠγάγομεν.
κἀκεῖνοι μὲν ἐλευθεροῦντες τὰς πόλεις τὰς Ἑλληνίδας 
καὶ βοηθοῦντες αὐταῖς τῆς ἡγεμονίας ἠξιώθησαν, ἡμεῖς
δὲ καταδουλούμενοι καὶ τἀναντία τοῖς τότε πράττοντες
ἀγανακτοῦμεν, εἰ μὴ τὴν αὐτὴν τιμὴν ἐκείνοις ἕξομεν,
οἳ τοσοῦτον ἀπολελείμμεθα καὶ τοῖς ἔργοις καὶ ταῖς
διανοίαις τῶν κατʼ ἐκεῖνον τὸν χρόνον γενομένων, 
ὅσον οἳ μὲν ὑπὲρ τῆς <gap/>
<pb id="p.84"/>
<gap/>
<gap/>
<gap/>
φροντίζομεν· ἓν γὰρ ἀκούσαντες γνώσεσθε καὶ περὶ
τῶν ἄλλων· ὡς θανάτου τῆς ζημίας ἐπικειμένης, ἤν τις
ἁλῷ δεκάζων,
<milestone unit="reiskpage" n="575"/> τοὺς τοῦτο φανερώτατα ποιοῦντας 
στρατηγοὺς χειροτονοῦμεν καὶ τὸν πλείστους διαφθεῖραι
δυνηθέντα τῶν πολιτῶν τοῦτον ἐπὶ τὰ μέγιστα τῶν
πραγμάτων καθίσταμεν. σπουδάζοντες δὲ περὶ τὴν
πολιτείαν οὐχ ἧττον ἢ περὶ τὴν σωτηρίαν ὅλης τῆς
πόλεως καὶ τὴν δημοκρατίαν εἰδότες ἐν μὲν ταῖς
ἡσυχίαις καὶ ταῖς ἀσφαλείαις αὐξομένην καὶ διαμένουσαν,
ἐν δὲ τοῖς πολέμοις δὶς ἤδη καταλυθεῖσαν, πρὸς
μὲν τοὺς τῆς εἰρήνης ἐπιθυμοῦντας ὡς πρὸς ὀλιγαρχικοὺς
ὄντας δυσκόλως ἔχομεν, τοὺς δὲ τὸν πόλεμον
ἀγαπῶντας ὡς τῆς δημοκρατίας κηδομένους εὔνους
εἶναι νομίζομεν. ἐμπειρότατοι δὲ λόγων καὶ πραγμάτων
ὄντες οὕτως ἀλογίστως ἔχομεν, ὥστε περὶ τῶν αὐτῶν
τῆς αὐτῆς ἡμέρας οὐ ταὐτὰ γινώσκομεν, ἀλλʼ ὧν
πρὶν εἰς τὴν ἐκκλησίαν ἀναβῆναι κατηγοροῦμεν, ταῦτα
<pb id="p.85"/>
συνελθόντες χειροτονοῦμεν, οὐ πολὺν δὲ χρόνον διαλιπόντες
τοῖς ψηφισθεῖσιν, ἐπειδὰν ἀπίωμεν, πάλιν
<milestone unit="reiskpage" n="576"/>ἐπιτιμῶμεν. προσποιούμενοι δὲ σωφρονέστατοι τῶν
Ἑλλήνων εἶναι, τοιούτοις χρώμεθα συμβούλοις, ὧν οὐκ
ἔστιν ὅστις οὐκ ἂν καταφρονήσειε, καὶ τοὺς αὐτοὺς 
τούτους κυρίους ἁπάντων <add>τῶν κοινῶν</add> καθίσταμεν,
οἷς οὐδεὶς οὐδὲν ἂν τῶν ἰδίων ἐπιτρέψειε.</quote>
</p>
</div1>
<div1 type="chapter" n="18">
<p>τοιοῦτος μὲν δή τις ἐν τοῖς συμβουλευτικοῖς λόγοις 
ὁ ἀνήρ. ἐν δὲ τοῖς δικανικοῖς τὰ μὲν ἄλλα πάνυ
ἀκριβὴς καὶ ἀληθινὸς καὶ τῷ Λυσίου χαρακτῆρι ἔγγιστα 
μὲν προσεληλυθώς, ἐν δὲ τῇ συνθέσει τῶν ὀνομάτων
τὸ λεῖον ἐκεῖνο καὶ εὐπρεπὲς ἔχων, ἔλαττον μὲν ἢ ἐν
τοῖς ἄλλοις λόγοις, οὐ μὴν ἀλλὰ ἔχων γε. μηθεὶς δʼ
ἀγνοεῖν <add>μʼ</add> ὑπολάβῃ μήθʼ ὅτι Ἀφαρεὺς ὁ πρόγονός
τε καὶ εἰσποίητος Ἰσοκράτει γενόμενος ἐν τῷ πρὸς 
Μεγακλείδην περὶ τῆς Ἀντιδόσεως λόγῳ διορίζεται
μηδεμίαν ὑπὸ τοῦ πατρὸς ὑπόθεσιν εἰς δικαστήριον
γεγράφθαι, μήθʼ ὅτι δέσμας πάνυ πολλὰς δικανικῶν
<milestone unit="reiskpage" n="577"/>λόγων Ἰσοκρατείων περιφέρεσθαί φησιν ὑπὸ τῶν
βυβλιοπωλῶν Ἀριστοτέλης. ἐπίσταμαι γὰρ ταῦτα ὑπὸ 
τῶν ἀνδρῶν ἐκείνων λεγόμενα, καὶ οὔτε Ἀριστοτέλει
πείθομαι ῥυπαίνειν τὸν ἄνδρα βουλομένῳ οὔτ Ἀφαρεῖ
<pb id="p.86"/>
τούτου γʼ ἕνεκα λόγον εὐπρεπῆ πλαττομένῳ συντίθεμαι.
ἱκανὸν δὲ ἡγησάμενος εἶναι τῆς ἀληθείας βεβαιωτὴν τὸν
Ἀθηναῖον Κηφισόδωρον, ὃς καὶ συνεβίωσεν Ἰσοκράτει
καὶ γνησιώτατος ἀκουστὴς ἐγένετο καὶ τὴν ἀπολογίαν
τὴν ὑπὲρ αὐτοῦ τὴν πάνυ θαυμαστὴν ἐν ταῖς πρὸς
Ἀριστοτέλην ἀντιγραφαῖς ἐποιήσατο, πιστεύω γεγράφθαι
λόγους τινὰς ὑπὸ τοῦ ἀνδρὸς εἰς δικαστήρια οὐ μέντοι
πολλούς, καὶ χρῶμαι παραδείγματι ἐξ αὐτῶν ἑνί ʽοὐ
γὰρ ἐγχωρεῖ πλείοσἰ τῷ Τραπεζιτικῷ λεγομένῳ, ὃν
ἔγραψε ξένῳ τινὶ τῶν μαθητῶν κατὰ Πασίωνος τοῦ
τραπεζίτου. ἔστι δὲ ὁ λόγος οὗτος· </p>
</div1>
<div1 type="chapter" n="19">
<p>
<quote>ὁ μὲν ἀγών μοι μέγας ἐστίν, ὦ ἄνδρες δικασταί·
<milestone unit="reiskpage" n="578"/>
οὐ γὰρ μόνον περὶ πολλῶν χρημάτων κινδυνεύω, ἀλλὰ
καὶ περὶ τοῦ μὴ δοκεῖν ἀδίκως τῶν ἀλλοτρίων ἐπιθυμεῖν·
ὃ ἐγὼ περὶ πλείστου ποιοῦμαι· οὐσία γάρ μοι
ἱκανὴ καταλειφθήσεται καὶ τούτων στερηθέντι. εἰ δὲ
δόξαιμι μηδὲν προσῆκον τοσαῦτα χρήματα ἐγκαλέσαι,
διαβληθείην ἂν τὸν ἅπαντα βίον. ἔστι δέ, ὦ ἄνδρες
δικασταί, πάντων χαλεπώτατον τοιούτων ἀντιδίκων
τυχεῖν. τὰ μὲν γὰρ συμβόλαια πρὸς τοὺς ἐπὶ ταῖς
τραπέζαις ἄνευ μαρτύρων γίνεται, τοῖς ἀδικουμένοις
δὲ πρὸς τοιούτους ἀνάγκη κινδυνεύειν, οἳ καὶ φίλους
πολλοὺς κέκτηνται καὶ χρήματα <add>πολλὰ</add> διαχειρίζουσι
καὶ πιστοὶ διὰ τὴν τέχνην δοκοῦσιν εἶναι. ὅμως δὲ
<pb id="p.87"/>
καὶ τούτων ὑπαρχόντων ἡγοῦμαι φανερὸν πᾶσι ποιήσειν,
ὅτι ἀποστεροῦμαι τοσούτων χρημάτων ὑπὸ Πασίωνος.
ἐξ ἀρχῆς δὲ ὑμῖν, ὅπως ἂν δύνωμαι, διηγήσομαι τὰ
πεπραγμένα. ἐμοὶ γάρ, ὦ ἄνδρες
<milestone unit="reiskpage" n="579"/> δικασταί, πατὴρ
μέν ἐστι Σωπαῖος, ὃν οἱ πλέοντες εἰς τὸν Πόντον 
ἅπαντες ἴσασιν οὕτως οἰκείως πρὸς Σάτυρον διακείμενον,
ὥστε πολλῆς μὲν χώρας ἄρχειν, ἁπάσης δὲ τῆς
δυνάμεως ἐπιμελεῖσθαι τῆς ἐκείνου. πυνθανόμενος
δὲ καὶ περὶ τῆσδε τῆς πόλεως καὶ περὶ τῆς ἄλλης
Ἑλλάδος ἐπεθύμησʼ ἀποδημῆσαι. ἐμπλήσας δὲ ὁ πατήρ 
μου δύο ναῦς σίτου καὶ χρήματα δοὺς ἐξέπεμψεν ἅμα
κατʼ ἐμπορίαν καὶ θεωρίαν. συστήσαντος δέ μοι
Πυθοδώρου τοῦ Φοίνικος Πασίωνα ἐχρώμην τῇ τούτου
τραπέζῃ. χρόνῳ δʼ ὕστερον διαβολῆς πρὸς Σάτυρον
γενομένης, ὡς καὶ ὁ πατὴρ οὑμὸς ἐπιβουλεύοι τῇ ἀρχῇ 
κἀγὼ τοῖς φυγάσι συγγενοίμην, τὸν μὲν πατέρα μου
συλλαμβάνει, ἐπιστέλλει δὲ τοῖς ἐνθάδε ἐπιδημοῦσιν
ἐκ τοῦ Πόντου, τὰ χρήματα παρʼ ἐμοῦ παραλαβεῖν
καὶ αὐτὸν εἰσπλεῖν κελεύειν, ἐὰν δὲ τούτων μηδὲν
ποιῶ, παρʼ ὑμῶν ἐξαιτεῖν. ἐν τοσούτοις δὲ κακοῖς 
ὤν, ὦ ἄνδρες δικασταί,
<milestone unit="reiskpage" n="580"/> λέγω πρὸς Πασίωνα τὰς
ἐμαυτοῦ συμφοράς. οὕτω γὰρ οἰκείως πρὸς αὐτὸν
<pb id="p.88"/>
διεκείμην, ὥστε μὴ μόνον περὶ τῶν χρημάτων ἀλλὰ
καὶ περὶ τῶν ἄλλων τούτῳ μάλιστα πιστεύειν. ἡγούμην
δέ, εἰ μὲν προοίμην ἅπαντα τὰ χρήματα, κινδυνεύσειν,
εἴ τι πάθοι ἐκεῖνος, στερηθεὶς καὶ τῶν ἐνθάδε καὶ τῶν
ἐκεῖ πάντων ἐνδεὴς γενήσεσθαι, εἰ δʼ ὁμολογῶν εἶναι
ἐπιστείλαντος Σατύρου μὴ παραδοίην, εἰς τὰς μεγίστας
διαβολὰς ἐμαυτὸν καὶ τὸν πατέρα καταστήσειν πρὸς
Σάτυρον. βουλευομένοις οὖν ἡμῖν ἐδόκει βέλτιστον
εἶναι τὰ μὲν φανερὰ τῶν χρημάτων παραδοῦναι, περὶ
δὲ τῶν παρὰ τούτῳ κειμένων μὴ μόνον ἔξαρνον εἶναι,
ἀλλὰ καὶ ὀφείλοντά με καὶ τούτῳ καὶ ἑτέροις ἐπὶ τόκῳ
φαίνεσθαι καὶ πάντα ποιεῖν, ἐξ ὧν ἐκεῖνοι μάλιστα
ἤμελλον πεισθήσεσθαι μὴ εἶναί μοι χρήματα. τότε
<milestone unit="reiskpage" n="581"/>
μὲν οὖν, ὦ ἄνδρες δικασταί, ἐνόμιζόν μοι Πασίωνα
δἰ εὔνοιαν ἅπαντα ταῦτα συμβουλεύειν. ἐπειδὴ δὲ
ταῦτα πρὸς τοὺς περὶ Σάτυρον διεπραξάμην, ἔγνων
αὐτὸν ἐπιβουλεύοντα τοῖς ἐμοῖς. βουλομένου γὰρ ἐμοῦ
κομίσασθαι τἀμαυτοῦ καὶ πλεῖν εἰς Βυζάντιον, ἡγησάμενος
οὗτος κάλλιστον καιρὸν αὑτῷ παραπεπτωκέναι·
τὰ μὲν γὰρ χρήματα πολλὰ εἶναι τὰ παρʼ αὐτῷ κείμενα
<add>καὶ</add> ἄξια ἀναισχυντίας, ἐμὲ δὲ πολλῶν ἀκουόντων
ἔξαρνον γεγενῆσθαι μηδὲν κεκτῆσθαι πᾶσί τε φανερὸν
ἀπαιτούμενον καὶ ἑτέροις ὁμολογοῦντα ὀφείλειν· καὶ
<pb id="p.89"/>
πρὸς τούτοις, ὦ ἄνδρες δικασταί, νομίζων, εἰ μὲν αὐτοῦ
μένειν ἐπιχειροίην, ἐκδοθήσεσθαί με ὑπὸ τῆς πόλεως
Σατύρῳ, εἰ δʼ ἄλλοσέ ποι τραποίμην, οὐδὲν αὐτῷ
μελήσειν τῶν ἐμῶν λόγων, εἰ δʼ εἰσπλευσοίμην εἰς τὸν
Πόντον, ἀποθανεῖσθαί με μετὰ τοῦ πατρός· ταῦτα 
διαλογιζόμενος
<milestone unit="reiskpage" n="582"/> διενοεῖτό με ἀποστερεῖν τὰ χρήματα
καὶ πρὸς μὲν ἐμὲ προσεποιεῖτο ἀπορεῖν ἐν τῷ παρόντι
καὶ οὐκ ἂν ἔχειν ἀποδοῦναι. ἐπειδὴ δʼ ἐγώ, βουλόμενος
εἰδέναι τὸ πρᾶγμα, προσπέμπω Φιλόμηλον αὐτῷ
καὶ Μενέξενον ἀπαιτήσοντας, ἔξαρνος γίνεται πρὸς 
αὐτοὺς μηδὲν ἔχειν τῶν ἐμῶν. πανταχόθεν δέ μοι
τοσούτων κακῶν προσπεπτωκότων τίνα οἴεσθέ με
γνώμην ἔχειν; ᾧ γε ὑπῆρχε σιωπῶντι μὲν ὑπὸ τούτου
ἀπεστερῆσθαι τῶν χρημάτων, λέγοντι δὲ ταῦτα μὲν
μηδὲν μᾶλλον κομίσασθαι, πρὸς Σάτυρον δὲ εἰς τὴν 
μεγίστην διαβολὴν ἐμαυτὸν καὶ τὸν πατέρα καταστῆσαι.
κράτιστον οὖν ἡγησάμην ἡσυχίαν ἄγειν. μετὰ ταῦτα,
ὦ ἄνδρες δικασταί, ἀφικνοῦνταί μοι ἀπαγγέλλοντες,
ὅτι ὁ πατὴρ ἀφεῖται καὶ Σατύρῳ οὕτως ἁπάντων μεταμέλει
τῶν πεπραγμένων, ὥστε πίστεις τε τὰς μεγίστας 
αὐτῷ δεδωκὼς εἴη καὶ τὴν ἀρχὴν ἔτι μείζω πεποιηκὼς
<milestone unit="reiskpage" n="583"/>ἧς εἶχε πρότερον καὶ τὴν ἀδελφὴν τὴν ἐμὴν γυναῖκα
τῷ ἑαυτοῦ υἱεῖ εἰληφώς. πυθόμενος δὲ ταῦτα Πασίων
<pb id="p.90"/>
καὶ εἰδὼς ὅτι φανερῶς ἤδη πράξω <add>περὶ</add> τῶν ἐμαυτοῦ,
ἀφανίζει τὸν παῖδα, ὃς συνῄδει <add>περὶ</add> τῶν χρημάτων.
ἐπειδὴ δὲ ἐγὼν προσελθὼν ἐπεζήτουν αὐτόν, ἡγούμενος
ἔλεγχον ἂν τοῦτον σαφέστατον γενέσθαι περὶ ὧν ἐνεκάλουν,
λέγει λόγον δεινότατον, ὡς ἐγὼ καὶ Μενέξενος
διαφθείραντες καὶ πείσαντες τὸν ἐπὶ τῇ τραπέζῃ
καθήμενον ἓξ τάλαντα ἀργυρίου λάβοιμεν παρʼ αὐτοῦ.
ἵνα δὲ μηδεὶς ἔλεγχος μηδὲ βάσανος γένοιτο περὶ
αὐτῶν, ἔφασκεν ἡμᾶς ἀφανίσαντας τὸν παῖδα ἀντεγκαλεῖν
αὐτῷ καὶ ἐξαιτεῖν τοῦτον, ὃν αὐτοὶ ἠφανίσαμεν.
καὶ ταῦτα λέγων καὶ ἀγανακτῶν καὶ δακρύων
εἷλκέ με πρὸς τὸν πολέμαρχον, ἐγγυητὰς αἰτῶν, καὶ οὐ
πρότερον ἀφῆκεν, ἕως αὐτῷ κατέστησα ἓξ ταλάντων
ἐγγυητάς. καί μοι ἀνάβητε τούτων μάρτυρες.</quote>
<milestone unit="reiskpage" n="584"/>
ταῦθʼ ὅτι μὲν ὅλῳ τῷ γένει διαφέρει τῶν ἐπιδεικτικῶν 
 τε καὶ συμβουλευτικῶν κατὰ τὸν χαρακτῆρα
τῆς λέξεως, οὐθείς ἐστιν ὃς οὐκ ἂν ὁμολογήσειεν. οὐ
μέντοι παντάπασί γε τὴν Ἰσοκράτειον ἀγωγὴν ἐκβέβηκεν,
ἀκαρῆ δέ τινα διασῴζει τῆς κατασκευῆς τε καὶ
</p>
</div1>
<div1 type="chapter" n="20">
<p>σεμνολογίας ἐκείνης ἐνθυμήματα καὶ ποιητικώτερα
μᾶλλόν ἐστιν ἢ ἀληθινώτερα. οἷον ὅταν φῇ· <quote>ἡγούμην
<pb id="p.91"/>
δέ, εἰ μὲν προείμην τὰ χρήματα, κινδυνεύσειν.</quote> τὸ γὰρ
ἀποίητόν τε καὶ ἀφελὲς τοιοῦτον· <quote>ἡγούμην δὲ <del>μὴ</del>
παραδοὺς τὰ χρήματα κινδυνεύσειν.</quote> ἔτι ἐκεῖνο· <quote>καὶ
πρὸς τούτοις, ὦ ἄνδρες δικασταί, νομίζων, εἰ μὲν αὐτοῦ
μένειν ἐπιχειροίην, ἐκδοθήσεσθαί με ὑπὸ τῆς πόλεως 
Σαύρῳ, εἰ δὲ ἄλλοσέ ποι τραποίμην, οὐδὲν αὐτῷ
μελήσειν τῶν ἐμῶν λόγων, εἰ δὲ εἰσπλευσοίμην εἰς τὸν
Πόντον, ἀποθανεῖσθαί με μετὰ τοῦ πατρός.</quote> ἥ τε γὰρ
περίοδος ἐκμηκύνεται καὶ . . . πέρα τοῦ δικανικοῦ τρόπου
καὶ ἡ σύνθεσις ἔχει τι τοῦ ποιητικοῦ τό τε σχῆμα 
τῆς λέξεως ἐκ τῶν ἐπιδεικτικῶν εἴληπται παρισώσεων
<milestone unit="reiskpage" n="585"/>καὶ παρομοιώσεων. τό τε οὖν ἐπιχειροίην καὶ τραποίμην
καὶ εἰσπλευσοίμην ἐν ἑνὶ χωρίῳ κείμενα καὶ
τῶν κώλων τριῶν ὄντων τὸ <del>μὲν</del> μῆκος ἴσον ὑπάρχον
τεκμήρια τῆς Ἰσοκράτους κατασκευῆς ἐστι. καὶ τὰ 
τούτοις ἐπιφερόμενα· <quote>διενοεῖτό με ἀποστερεῖν τὰ χρήματα
καὶ πρὸς μὲν ἐμὲ προσεποιεῖτο ἀπορεῖν καὶ οὐκ
ἂν ἔχειν</quote> παρόμοιά τε καὶ παραπλήσια ἀλλήλοις ἐστίν.
καὶ πρὸς τούτοις, ἃ μετʼ ὀλίγον ἐπιτίθησιν· <quote>ὥστε
πίστεις τε <add>τὰς</add> μεγίστας αὐτῷ δεδωκὼς εἴη καὶ τὴν 
ἀρχὴν ἔτι μείζω πεποιηκὼς ἧς εἶχε πρότερον καὶ τὴν
ἀδελφὴν τὴν ἐμὴν γυναῖκα τῷ ἑαυτοῦ υἱεῖ εἰληφώς.</quote>
καὶ γὰρ ἐνταῦθα πάλιν τὸ δεδωκὼς καὶ πεποιηκὼς καὶ
<pb id="p.92"/>
εἰληφὼς παρόμοιον καὶ <add>τὸ</add> τὴν ἀρχὴν καὶ τὴν ἀδελφήν.
ἔχοι δὲ ἄν τις καὶ ἄλλα πρὸς τούτοις λέγειν, ἐξ ὧν ὁ
χαρακτὴρ τοῦ ῥήτορος ἔσται καταφανής, ἀνάγκη δὲ
ἴσως στοχάζεσθαι τοῦ χρόνου. </p>
</div1>
</body>
</text>
</TEI.2>
