<?xml version="1.0" encoding="UTF-8"?><TEI.2>
<teiHeader>
<fileDesc>
<titleStmt>
<title>Ad Ammaeum</title>
<author>Dionysius of Halicarnassus</author>
<editor role="editor">Hermann Usener</editor>
<funder n="org:Google">Google Digital Humanities Awards Program</funder>
</titleStmt>
<publicationStmt>
<publisher>Trustees of Tufts University</publisher>
<pubPlace>Medford, MA</pubPlace>
<authority>Perseus Project</authority>
</publicationStmt>
<sourceDesc>
<biblStruct>
<monogr>
<title>Dionysii Halicarnasei Quae Exstant, Volumen Quintum</title>
<title>Opsuculorum, Volumen Prius</title>
<author>Dionysius of Halicarnassus</author>
<editor role="editor">Hermann Usener</editor>
<imprint>
<publisher>In Aedibus B.G. Teubneri</publisher>
<pubPlace>Leipzig</pubPlace>
<date>1899</date>
</imprint>
</monogr>
</biblStruct>
<p>Keyboarding</p>
</sourceDesc>
</fileDesc>
<encodingDesc>
<refsDecl doctype="TEI.2">
<state unit="chapter" n="chunk" delim="."/>
<state unit="section"/>
</refsDecl>
<refsDecl doctype="TEI.2">
<state unit="reiskpage"/>
</refsDecl>
</encodingDesc>
<profileDesc>
<langUsage>
<language id="greek">Greek</language>
</langUsage>
</profileDesc>
</teiHeader>
<text>
<body>
<div1 type="chapter" n="1">
<opener>Διονύσιος Ἀμμαίῳ τῷ φιλτάτῳ
πλεῖστα χαίρειν</opener>
<p>
<pb id="p.257"/>
<milestone unit="reiskpage" n="719"/>πολλῶν μετʼ ἄλλων ξένων τε καὶ παραδόξων ἀκουσμάτων,
ὦν ἐνήνοχεν ὁ καθʼ ἡμᾶς χρόνος, ἕν τι καὶ
τοῦτο ἐφάνη μοι πρώτως ἀκούσαντι παρὰ σοῦ, ὅτι τῶν 
φιλοσόφων τις τῶν ἐκ τοῦ περιπάτου πάντα χαρίζεσθαι
βουλόμενος Ἀριστοτέλει τῷ κτίσαντι ταύτην τὴν φιλοσοφίαν
καὶ τοῦτο ὑπέσχετο ποιήσειν φανερόν, ὅτι Δημοσθένης
<milestone unit="reiskpage" n="720"/>τὰς ῥητορικὰς τέχνας παρʼ ἐκείνου μαθὼν
εἰς τοὺς ἰδίους μετήνεγκε λόγους καὶ κατʼ ἐκεῖνα κοσμούμενος 
τὰ παραγγέλματα πάντων ἐγένετο τῶν ῥητόρων
κράτιστος. κατʼ ἀρχὰς μὲν οὖν ὑπελάμβανον
τῶν πολλῶν τινα εἶναι τὸν ταῦτʼ ἐπιχειρήσαντα λέγειν,
καὶ παρῄνουν σοι μὴ πᾶσι τοῖς παραδόξοις προσέχειν.
ὡς δὲ καὶ τοὔνομα τοῦ ἀνδρὸς ἐπυθόμην, ὃν ἐγὼ καὶ 
τῶν ἠθῶν ἕνεκα καὶ τῶν λόγων ἀποδέχομαι, ἐθαύμασα,
καὶ πολὺς ἐν ἐμαυτῷ γενόμενος ἐπιμελεστέρας ᾤμην
δεῖσθαι σκέψεως τὸ πρᾶγμα, μή ποτε λέληθέ με τἀληθὲς
οὕτως ἔχον καὶ οὐδὲν εἰκῇ τῷ ἀνδρὶ εἴρηται,
<pb id="p.258"/>
ἵνα
<milestone unit="reiskpage" n="721"/> ἢ τὴν δόξαν ἣν πρότερον αὐτὸς ἔσχον <add>ἀφείην</add> 
βεβαίως μαθὼν ὅτι προτεροῦσι τῶν Δημοσθένους λόγων
αἱ Ἀριστοτέλους τέχναι, ἢ τὸν οὕτως ἐγνωκότα
καὶ γράψαι γε παρεσκευασμένον, πρὶν εἰς ὄχλον ἐκδοῦναι
τὸ σύνταγμα, μεταβαλεῖν πείσαιμι τὴν δόξαν.
</p>
</div1>
<div1 type="chapter" n="2">
<p>οὐκ ἐλαχίστην δέ μοι καὶ σὺ παρέσχου ῥοπὴν εἰς
τὸ μὴ παρέργως ἐξετάσαι τὴν ἀλήθειαν, παρακαλῶν
φανεροὺς ποιῆσαι τοὺς λόγους, οἷς ἐμαυτὸν πέπεικα
Δημοσθένους ἀκμάζοντος ἤδη καὶ τοὺς ἐπιφανεστάτους
εἰρηκότος ἀγῶνας τότε ὑπὸ Αριστοτέλους τὰς ῥητορικὰς
γεγράφθαι τέχνας. ἐδόκεις τέ μοι καὶ τοῦτο ὀρθῶς
παραινεῖν, μὴ σημείοις μηδὲ εἰκόσι μηδʼ ἀλλοτρίαις
<milestone unit="reiskpage" n="722"/>
τὸ πρᾶγμα πιστώσασθαι μαρτυρίαις, ἐπειδὴ τούτων
οὐδεμία· τῶν πίστεων διʼ ἀναγκαίων συνάγεται
λημμάτων· ἀλλʼ αὐτὸν Ἀριστοτέλη παρασχέσθαι διὰ
τῶν ἰδίων τεχνῶν ὁμολογοῦντα τἀληθὲς οὕτως ἔχειν.
τοῦτο δὴ πεποίηκα, βέλτιστε Ἀμμαῖε, τῆς τε ἀληθείας
προνοούμενος, ἣν ἐπὶ παντὸς οἴομαι δεῖν πράγματος
ἐξετάζεσθαι, καὶ τῆς ἁπάντων τῶν περὶ τοὺς πολιτικοὺς
λόγους ἐσπουδακότων χάριτος· ἵνα μὴ τοῦθʼ ὑπολάβωσιν,
ὅτι πάντα περιείληφεν ἡ περιπατητικὴ φιλοσοφία
<pb id="p.259"/>
τὰ ῥητορικὰ παραγγέλματα, καὶ οὔτε οἱ περὶ
Θεόδωρον καὶ Θρασύμαχον καὶ Ἀντιφῶντα σπουδῆς
ἄξιον οὐδὲν εὗρον οὔτε Ἰσοκράτης καὶ Ἀναξιμένης καὶ
Αλκιδάμας οὔτε οἱ τούτοις συμβιώσαντες τοῖς ἀνδράσι
παραγγελμάτων τεχνικῶν συγγραφεῖς καὶ ἀγωνισταὶ 
λόγων ῥητορικῶν, οἱ περὶ Θεοδέκτην καὶ Φιλίσκον καὶ
<milestone unit="reiskpage" n="723"/>Ἰσαῖον καὶ Κηφισόδωρον Ὑπερείδην τε καὶ Λυκοῦργον
καὶ Αἰσχίνην, οὐδʼ <add>ἂν</add> αὐτὸς ὁ Δημοσθένης ὁ
πάντας ὑπερβαλόμενος τούς τε πρὸ αὑτοῦ καὶ τοὺς
καθʼ ἑαυτὸν καὶ μηδὲ τοῖς γινομένοις ὑπερβολὴν καταλιπὼν 
τοσοῦτος ἐγένετο τοῖς Ἰσοκράτους τε καὶ Ἰσαίου
κοσμούμενος παραγγέλμασιν, εἰ μὴ τὰς Ἀριστοτέλους
τέχνας ἐξέμαθεν.
</p>
</div1>
<div1 type="chapter" n="3">
<p>
<quote>οὐκ ἔστʼ ἔτυμος λόγος οὗτος,</quote> ὦ φίλε Ἀμμαῖε, οὐδʼ 
ἐκ τῶν Ἀριστοτέλους τεχνῶν τῶν ὕστερον ἐξενεχθεισῶν 
οἱ Δημοσθένους λόγοι συνετάχθησαν ἀλλὰ καθʼ ἑτέρας
τινὰς εἰσαγωγάς· ὑπὲρ ὧν ἐν ἰδίᾳ δηλώσω γραφῇ τὰ
δοκοῦντά μοι· πολὺς γὰρ ὁ περὶ αὐτῶν λόγος, ὃν οὐ
καλῶς εἶχεν ἑτέρας γραφῆς ποιῆσαι πάρεργον. ἐν δὲ
τῷ παρόντι τοῦτο πειράσομαι φανερὸν ποιῆσαι, ὅτι 
Δημοσθένους ἀκμάζοντος ἤδη κατὰ τὴν πολιτείαν καὶ
τοὺς ἐπιφανεστάτους εἰρηκότος ἀγῶνας τούς τε δικανικοὺς
καὶ τοὺς δημηγορικοὺς καὶ θαυμαζομένου διὰ
πάσης τῆς Ἑλλάδος ἐπὶ δεινότητι λόγων τότε ὁ φιλόσοφος
<pb id="p.260"/>
τὰς ῥητορικὰς ἔγραψε τέχνας. ἀνάγκη δʼ ἴσως
πρῶτον, ὡς
<milestone unit="reiskpage" n="724"/> παρέλαβον ἐκ τῶν κοινῶν ἱστοριῶν, ἃ 
κατέλιπον ἡμῖν οἱ τοὺς βίους τῶν ἀνδρῶν συνταξάμενοι,
προειπεῖν. ποιήσομαι δὲ ἀπὸ Δημοσθένους τὴν
ἀρχήν.
</p>
</div1>
<div1 type="chapter" n="4">
<p>οὗτος ἐγεννήθη μὲν ἐνιαυτῷ πρότερον τῆς ἑκατοστῆς
Ὀλυμπιάδος· ἄρχοντος δὲ Τιμοκράτους. εἰς ἔτος
ἦν ἐμβεβηκὼς ἑπτακαιδέκατον δημοσίους δὲ λόγους
ἤρξατο γράφειν ἐπὶ Καλλιστράτου ἄρχοντος εἰκοστὸν
καὶ πέμπτον ἔτος ἔχων. καὶ ἔστιν αὐτοῦ πρῶτος τῶν
ἐν δικαστηρίῳ κατασκευασθέντων ἀγώνων ὁ κατὰ Ἀνδροτίωνος,
ὃν ἔγραφε Διοδώρῳ τῷ κρίνοντι τὸ ψήφισμα
παρανόμων, καὶ κατὰ τὸν αὐτὸν χρόνον ἕτερος
<del>ἐπὶ Καλλιστράτου ἄρχοντος</del>, ὁ περὶ τῶν ἀτελειῶν,
ὃν αὐτὸς διέθετο, χαριέστατος ἁπάντων τῶν λόγων καὶ
γραφικώτατος. ἐπὶ δὲ Διοτίμου τοῦ μετὰ Καλλίστρατον
ἐν Ἀθηναίοις πρώτην εἶπε δημηγορίαν, ἣν ἐπιγράφουσιν
οἱ
<milestone unit="reiskpage" n="725"/> τοὺς ῥητορικοὺς πίνακας συντάξαντες 
<quote>περὶ τῶν συμμοριῶν</quote>· ἐν ᾗ παρεκάλει τοὺς Ἀθηναίους
μὴ λύειν τὴν πρὸς βασιλέα γενομένην εἰρήνην μηδὲ
προτέρους ἄρχειν τοῦ πολέμου, ἐὰν μὴ παρασκευάσωνται
τὴν ναυτικὴν δύναμιν, ἐν ᾗ πλείστην εἶχον ἰσχύν,
καὶ τὸν τρόπον τῆς παρασκευῆς αὐτὸς ὑποτίθεται. ἐπὶ
δὲ Θουδήμου τοῦ μετὰ Διότιμον ἄρξαντος τόν τε κατὰ
<pb id="p.261"/>
Τιμοκράτους λόγον ἔγραψε Διοδώρῳ τῷ κρίνοντι παρανόμων
τὸν Τιμοκράτη καὶ τὸν περὶ τῆς Μεγαλοπολιτῶν
βοηθείας δημηγορικὸν αὐτὸς ἀπήγγειλε. μετὰ δὲ
Θούδημον ἔστιν Ἀριστόδημος ἄρχων, ἐφʼ οὗ τῶν κατὰ
Φιλίππου δημηγοριῶν ἤρξατο, καὶ λόγον ἐν τῷ δήμῳ 
διέθετο περὶ τῆς ἀποστολῆς τοῦ ξενικοῦ στρατεύματος
καὶ τῶν δέκα φυγαδικῶν τριηρῶν εἰς Μακεδονίαν. ἐν
τούτῳ τῷ χρόνῳ καὶ τὸν κατὰ Ἀριστοκράτους ἔγραψε
<milestone unit="reiskpage" n="726"/>λόγον Εὐθυκλεῖ τῷ διώκοντι παρανόμων τὸ ψήφισμα.
ἐπὶ δὲ Θεέλλου τοῦ μετὰ Ἀριστόδημον τὴν περὶ Ῥοδίων 
ἀπήγγειλε δημηγορίαν, ἐν ᾗ πείθει τοῦς Ἀθηναίους
καταλῦσαι τὴν ὀλιγαρχίαν αὐτῶν καὶ τὸν δῆμον
ἐλευθερῶσαι. ἐπὶ δὲ Καλλιμάχου τοῦ τρίτου μετὰ
Θέελλον ἄρξαντος τρεῖς διέθετο δημηγορίας παρακαλῶν
Ἀθηναίους βοήθειαν Ὀλυνθίοις ἀποστεῖλαι τοῖς 
πολεμουμένοις ὑπὸ Φιλίππου, πρώτην μὲν ἧς ἐστιν
ἀρχὴ <quote>ἐπὶ πολλῶν μὲν ἰδεῖν ἄν τις ὦ ἄνδρες Ἀθηναῖοί
μοι δοκεῖ</quote>· δευτέραν δὲ Ὁὐχὶ ταὐτὰ παρίσταταί
μοι γιγνώσκειν ὦ ἄνδρες Ἀθηναῖοἰ· τρίτην δὲ
<quote>ἀντὶ πολλῶν ἂν ὦ ἄνδρες Ἀθηναῖοι χρημάτων</quote>. 
κατὰ τοῦτον γέγραπται τὸν ἄρχοντα καὶ ὁ κατὰ Μειδίου
<pb id="p.262"/>
λόγος, ὃν συνετάξατο μετὰ
<milestone unit="reiskpage" n="727"/> τὴν χειροτονίαν, ἣν 
ὁ δῆμος αὐτᾷ κατεχειροτόνησε. μέχρι τοῦδʼ εὑρισκομένων
δώδεκα λόγων, ὧν εἴρηκα, δημοσίων, ἐν οἷς εἰσι
δημηγορικοὶ μὲν ἑπτά, δικανικοὶ δὲ πέντε, ἅπαντες
<add>ἐγένοντο</add> πρότεροι τῶν Ἀριστοτέλους τεχνῶν, ὡς ἔκ
τε τῶν ἱστορουμένων περὶ τοῦ ἀνδρὸς ἀποδείξω καὶ
ἐκ τῶν ὑπʼ αὐτοῦ γραφέντων, ἐντεῦθεν ἀρξάμενος.
</p>
</div1>
<div1 type="chapter" n="5">
<p>Ἀριστοτέλης πατρὸς μὲν ἦν Νικομάχου τὸ γένος
καὶ τὴν τέχνην ἀναφέροντος εἰς Μαχάονα τὸν Ἀσκληπιοῦ,
μητρὸς δὲ Φαιστίδος ἀπογόνου τινὸς τῶν ἐκ
Χαλκίδος τὴν ἀποικίαν ἀγαγόντων εἰς Στάγειρα· ἐγεννήθη
δὲ κατὰ τὴν ἐνενηκοστὴν καὶ ἐνάτην Ὀλυμπιάδα
Διοτρεφοῦς Ἀθήνησιν ἄρχοντος τρισὶν ἔτεσι Δημοσθένους
<milestone unit="reiskpage" n="728"/> πρεσβύτερος. ἐπὶ δὲ Πολυζήλου ἄρχοντος 
τελευτήσαντος τοῦ πατρὸς ὀκτωκαιδέκατον ἔτος ἔχων
εἰς Ἀθήνας ἦλθεν, καὶ συσταθεὶς Πλάτωνι χρόνον
εἰκοσαετῆ διέτριψε σὺν αὐτῷ. ἀποθανόντος δὲ Πλάτωνος
ἐπὶ Θεοφίλου ἄρχοντος ἀπῆρε πρὸς Ἑρμίαν τὸν
<pb id="p.263"/>
Ἀταρνέως τύραννον καὶ τριετῆ χρόνον παρʼ αὐτῷ διατρίψας
ἐπʼ Εὐβούλου ἄρχοντος εἰς Μυτιλήνην ἐχωρίσθη·
ἐκεῖθεν δὲ πρὸς Φίλιππον ᾤχετο κατὰ Πυθόδοτον
ἄρχοντα, καὶ διέτριψε χρόνον ὀκταετῆ παρʼ αὐτῷ καθηγούμενος
Ἀλεξάνδρου· μετὰ δὲ τὴν Φιλίππου τελευτὴν 
ἐπʼ Εὐαινέτου ἄρχοντος ἀφικόμενος εἰς Ἀθήνας
ἐσχόλαζεν ἐν Λυκείῳ χρόνον ἐτῶν δώδεκα. τῷ δὲ τρισκαιδεκάτῳ,
μετὰ τὴν Ἀλεξάνδρου τελευτὴν ἐπὶ Κηφισοδώρου
ἄρχοντος ἀπάρας εἰς Χαλκίδα νόσῳ τελευτᾷ,
τρία πρὸς τοῖς ἑξήκοντα βιώσας ἔτη. 
</p>
</div1>
<div1 type="chapter" n="6">
<p>ταῦτα μὲν οὖν ἔστιν ἃ παραδεδώκασιν ἡμῖν οἱ τὸν
<milestone unit="reiskpage" n="729"/>βίον τοῦ ἀνδρὸς ἀναγράψαντες. ἃ δὲ αὐτὸς ὁ φιλόσοφος
ὑπὲρ ἑαυτοῦ γράφει, πᾶσαν ἀφαιρούμενος ἐπιχείρησιν
τῶν χαρίζεσθαι βουλομένων αὐτῷ τὰ μὴ προσήκοντα,
πρὸς πολλοῖς <add>δʼ</add> ἄλλοις ὧν οὐδὲν δέομαι μεμνῆσθαι 
κατὰ τὸ παρόν, ἃ τέθηκεν ἐν τῇ πρώτῃ βύβλῳ
ταύτης τῆς πραγματείας, ὡς οὐ μειράκιον ἦν, ὅτε τὰς
ῥητορικὰς συνετάττετο τέχνας, ἀλλʼ ἐν τῇ κρατίστῃ
γεγονὼς ἀκμῇ καὶ προεκδεδωκὼς ἤδη τάς τε τοπικὰς
συντάξεις καὶ τὰς ἀναλυτικὰς καὶ τὰς μεθοδικάς, τεκμήρἰ 
ἐστὶν ἰσχυρότατα. ἀρξάμενος γὰρ τὰς ὠφελείας
ἐπιδεικνύειν, ἃς περιείληφεν ὁ ῥητορικὸς λόγος, ταῦτα
κατὰ λέξιν γράφει· <quote>χρήσιμος δʼ ἐστὶν ἡ ῥητορικὴ
<pb id="p.264"/>
διά γε τὸ φύσει εἶναι κρείττω τἀληθῆ καὶ τὰ δίκαια
τῶν ἐναντίων· ὥστε ἐὰν μὴ κατὰ τὸ προσῆκον αἱ κρίσεις
γίνωνται, ἀνάγκη διʼ αὑτὸν ἡττᾶσθαι· τοῦτο δʼ
ἐστὶν ἄξιον ἐπιτιμήσεως. ἔτι δὲ πρὸς ἐνίους, οὐδʼ εἰ
τὴν ἀκριβεστάτην ἔχοιμεν ἐπιστήμην, ῥᾴδιον ἀπʼ ἐκείνης
<milestone unit="reiskpage" n="730"/>
πεῖσαι λέγοντας· διδασκαλία γάρ ἐστιν ὁ κατὰ τὴν
ἐπιστήμην λόγος, τοῦτο δὲ ἀδύνατον· ἀλλʼ ἀνάγκη διὰ
τῶν κοινῶν ποιεῖσθαι τὰς πίστεις καὶ τοὺς λόγους,
ὥσπερ καὶ ἐν τοῖς τοπικοῖς λέγομεν περὶ τῆς πρὸς τοὺς πολλοὺς ἐντεύξεως.</quote>
</p>
</div1>
<div1 type="chapter" n="7">
<p>περὶ δὲ παραδειγμάτων <add>καὶ ἐνθυμημάτων</add>
 προελόμενος λέγειν, ὅτι τὴν αὐτὴν ταῦτʼ
ἔχει δύναμιν ταῖς ἐπαγωγαῖς καὶ τοῖς συλλογισμοῖς,
ταῦτα περὶ τῆς ἀναλυτικῆς καὶ μεθοδικῆς πραγματείας
τίθησι· <quote>τῶν δὲ διὰ τοῦ δείκνυσθαι <add>ἢ</add> φαίνεσθαι
δείκνυσθαι, καθάπερ καὶ ἐν τοῖς ἀναλυτικοῖς τὸ μὲν
ἐπαγωγή ἐστι, τὸ δὲ συλλογισμός,
<milestone unit="reiskpage" n="731"/>
<add>τὸ δὲ φαινόμενος 
συλλογισμός</add>, καὶ ἐνταῦθʼ ὁμοίως· ἔστι γὰρ τὸ μὲν
παράδειγμα ἐπαγωγή, τὸ δʼ ἐνθύμημα συλλογισμός, τὸ
<pb id="p.265"/>
δὲ φαινόμενον φαινόμενος συλλογισμός· καλῶ γὰρ ἐνθύμημα
μὲν ῥητορικὸν συλλογισμόν, παράδειγμα δὲ
ἐπαγωγὴν ῥητορικήν· πάντες δὲ τὰς πίστεις ποιοῦνται
διὰ τοῦ δεικνύναι ὁτιοῦν, δῆλον δʼ ἡμῖν τοῦτο
ἐκ τῶν ἀναλυτικῶν, ἀναγκαῖον ἑκάτερον <add>αὐτῶν ἑκατέρῳ</add> 
τούτων τὸ αὐτὸ εἶναι. τίς δʼ ἐστὶ διαφορὰ παραδείγματος
καὶ ἐνθυμήματος, φανερὸν ἐκ τῶν τοπικῶν·
ἐκεῖ γὰρ περὶ συλλογισμοῦ καὶ ἐπαγωγῆς εἴρηται πρότερον,
ὅτι τὸ μὲν ἐπὶ πολλῶν καὶ ὁμοίων δείκνυσθαι
ὅτι οὕτως ἔχει ἐκεῖ μὲν ἐπαγωγή ἐστιν, ἐνταῦθα δὲ 
παράδειγμα· τὸ δὲ τινῶν ὄντων ἕτερόν
<milestone unit="reiskpage" n="732"/> τι διὰ ταῦτα
συμβαίνειν παρὰ τὸ ταῦτʼ εἶναι ἢ καθόλου ἢ ὡς ἐπὶ
τὸ πολύ, ἐκεῖ μὲν συλλογισμός, ἐνταῦθα δὲ ἐνθύμημα
καλεῖται. φανερὸν δὲ καὶ ὅτι ἑκάτερον ἔχει ἀγαθὸν
τὸ εἶδος τῆς ῥητορείας· καθάπερ <add>γὰρ</add> καὶ ἐν τοῖς μεθοδικοῖς 
εἴρηται, καὶ ἐν τούτοις ὁμοίως ἔχει.</quote> ὅσα
μὲν οὖν Ἀριστοτέλης ὑπὲρ ἑαυτοῦ γέγραφε μαρτυρόμενος
διαρρήδην, ὅτι τὰς ῥητορικὰς τέχνας συνετάξατο
πρεσβύτερος ὢν ἤδη καὶ τὰς κρατίστας συντάξεις προεκδεδωκώς,
<pb id="p.266"/>
ταῦτʼ ἐστίν· ἐξ ὧν ὃ προειλόμην ποιῆσαι
φανερόν, ὅτι προτεροῦσιν οἱ τοῦ ῥήτορος ἀγῶνες τῶν
τοῦ φιλοσόφου τεχνῶν, ἱκανῶς ἀποδεδεῖχθαι νομίζω·
εἴ γε ὃ μὲν εἰκοστὸν καὶ πέμπτον ἔτος ἔχων ἤρξατο
πολιτεύεσθαι καὶ δημηγορεῖν καὶ λόγους εἰς δικαστήρια
γράφειν, ὃ δὲ κατὰ τοὺς αὐτοὺς χρόνους ἔτι
<milestone unit="reiskpage" n="733"/>
συνῆν Πλάτωνι καὶ διέτριψεν ἕως ἐτῶν ἑπτὰ καὶ τριάκοντα 
οὔτε σχολῆς ἡγούμενος οὔτε ἰδίαν πεποιηκὼς αἵρεσιν.
</p>
</div1>
<div1 type="chapter" n="8">
<p>εἰ δέ τις οὕτως ἔσται δύσερις ὥστε καὶ πρὸς ταῦτα
 ἀντιλέγειν, ὅτι μὲν ὕστερον ἐγράφησαν αἱ ῥητορικαὶ
τέχναι τῶν ἀναλυτικῶν τε καὶ μεθοδικῶν καὶ τοπικῶν,
ὁμολογῶν ἀληθὲς εἶναι, οὐδὲν δὲ κωλύειν λέγων ἁπάσας
ταύτας κατεσκευακέναι τὸν φιλόσοφον τὰς πραγματείας
ἔτι παιδευόμενον παρὰ Πλάτωνι, ψυχρὰν μὲν
καὶ ἀπίθανον ἐπιχείρησιν εἰσάγων, βιαζόμενος δὲ τὸ
κακουργότατον τῶν ἐπιχειρημάτων ποιεῖν πιθανώτερον,
ὅτι καὶ τὸ μὴ εἰκὸς γίνεταί ποτε εἰκός, ἀφεὶς ἃ πρὸς
ταῦτα λέγειν εἶχον ἐπὶ τὰς αὐτοῦ τρέψομαι τοῦ φιλοσόφου
μαρτυρίας, ἃς ἐν τῇ τρίτῃ βύβλῳ τῶν τεχνῶν
τέθηκε περὶ τῆς μεταφορᾶς κατὰ λέξιν οὕτω γράφων·
<quote>τῶν δὲ μεταφορῶν τεττάρων οὐσῶν, εὐδοκιμοῦσι μάλιστα
<pb id="p.267"/>
αἱ κατὰ ἀναλογίαν· ὡς Περικλῆς ἔφη τὴν νεότητα
τὴν ἀπολομένην ἐν τῷ πολέμῳ οὕτως
<milestone unit="reiskpage" n="734"/> ἠφανίσθαι
ἐκ τῆς πόλεως, ὥσπερ εἴ τις τὸ ἔαρ ἐκ τοῦ ἐνιαυτοῦ
ἐξέλοι <gap/> καὶ Κηφισόδοτος σπουδάζοντος Χάρητος εὐθύνας
δοῦναι τῶν περὶ τὸν Ὀλυνθιακὸν πόλεμον ἠγανάκτει 
φάσκων αὐτὸν εἰς πνῖγμα τὸν δῆμον ἀγαγόντα
τὰς εὐθύνας πειρᾶσθαι διδόναι.</quote>
</p>
</div1>
<div1 type="chapter" n="9">
<p>οὑτωσὶ μὲν δὴ σαφῶς αὐτὸς ὁ φιλόσοφος ἀποδεικνύει 
μετὰ τὸν Ὀλυνθιακὸν πόλεμον γεγραμμένας
ὑπʼ αὐτοῦ τὰς τέχνας. οὗτος δʼ ἐπὶ Καλλιμάχου γέγονεν 
ἄρχοντος, ὡς δηλοῖ Φιλόχορος ἐν ἕκτῃ βύβλῳ τῆς Ἀτθίδος
κατὰ λέξιν οὕτω γράφων· <quote>Καλλίμαχος Περγασῆθεν·
ἐπὶ τούτου Ὀλυνθίοις πολεμουμένοις ὑπὸ Φιλίππου
καὶ πρέσβεις Ἀθήναζε πέμψασιν οἱ Ἀθηναῖοι
συμμαχίαν τε ἐποιήσαντο καὶ βοήθειαν ἔπεμψαν 
πελταστὰς δισχιλίους, τριήρεις δὲ τριάκοντα τὰς
<milestone unit="reiskpage" n="735"/> μετὰ
Χάρητος καὶ ἃς συνεπλήρωσαν ὀκτώ.</quote> ἔπειτα διεξελθὼν
ὀλίγα τὰ μεταξὺ γενόμενα τίθησι ταυτί· <quote>περὶ δὲ τὸν
<pb id="p.268"/>
αὐτὸν χρόνον Χαλκιδέων τῶν ἐπὶ Θρᾴκης θλιβομένων
τῷ πολέμῳ καὶ πρεσβευσαμένων Ἀθήναζε Χαρίδημον
αὐτοῖς ἔπεμψαν οἱ Ἀθηναῖοι τὸν ἐν Ἑλλησπόντῳ στρατηγόν·
ὃς ἔχων ὀκτωκαίδεκα τριήρεις καὶ πελταστὰς
τετρακισχιλίους, ἱππεῖς δὲ πεντήκοντα καὶ ἑκατὸν ἦλθεν
εἰς τήν τε Παλλήνην καὶ τὴν Βοττιαίαν μετʼ Ὀλυνθίων
καὶ τὴν χώραν ἐπόρθησεν.</quote> ἔπειθʼ ὑπὲρ τῆς τρίτης
συμμαχίας λέγει ταυτί· <quote>πάλιν δὲ τῶν Ὀλυνθίων πρέσβεις
ἀποστειλάντων εἰς τὰς Ἀθήνας καὶ δεομένων μὴ
περιιδεῖν αὐτοὺς καταπολεμηθέντας, ἀλλὰ πρὸς ταῖς
ὑπαρχούσαις δυνάμεσι πέμψαι βοήθειαν μὴ ξενικὴν
ἀλλʼ αὐτῶν Ἀθηναίων, ἔπεμψεν αὐτοῖς ὁ δῆμος τριήρεις
μὲν ἑτέρας ἑπτακαίδεκα <add>καὶ</add> τῶν πολιτῶν ὁπλίτας
δισχιλίους καὶ ἱππεῖς τριακοσίους ἐν ναυσὶν ἱππηγοῖς,
στρατηγὸν δὲ Χάρητα τοῦ στόλου παντός.</quote>
</p>
</div1>
<div1 type="chapter" n="10">
<p>ἀπόχρη μὲν οὖν καὶ ταῦτα ῥηθέντα φανερὰν ποιῆσαι
τὴν φιλοτιμίαν τῶν ἀξιούντων τὰς Ἀριστοτέλους
<milestone unit="reiskpage" n="736"/>
ἐζηλωκέναι τέχνας τὸν Δημοσθένη, ὃς ἤδη τέτταρας 
μὲν ἔτυχεν εἰρηκὼς δημηγορίας Φιλιππικάς, τρεῖς δὲ
Ἑλληνικάς, πέντε δὲ λόγους δημοσίους εἰς δικαστήρια
γεγραφώς, οὓς οὐδεὶς ἂν ἔχοι διαβαλεῖν ὡς εὐτελεῖς
<pb id="p.269"/>
τινας καὶ φαύλους καὶ μηδὲν ἐπιφαίνοντας τεχνικόν,
ἐπειδὴ πρὸ τῶν Ἀριστοτέλους συνετάχθησαν τεχνῶν.
οὐ μὴν ἔγωγε μέχρι τούτου προελθὼν στήσομαι, ἀλλὰ
καὶ τοὺς ἄλλους αὐτοῦ λόγους τοὺς μάλιστʼ εὐδοκιμοῦντας
ἐπιδείξω τούς τε δημηγορικοὺς καὶ τοὺς δικανικοὺς 
πρότερον ἀπηγγελμένους τῆς ἐκδόσεως τούτων
τῶν τεχνῶν, μάρτυρι πάλιν αὐτῷ χρώμενος Ἀριστοτέλει.
μετὰ γὰρ ἄρχοντα Καλλίμαχον, ἐφʼ οὗ τὰς
εἰς Ὄλυνθον βοηθείας ἀπέστειλαν Ἀθηναῖοι πεισθέντες
ὑπὸ Δημοσθένους, Θεόφιλος ἔστιν ἄρχων, καθʼ ὃν 
ἐκράτησε τῆς Ὀλυνθίων πόλεως Φίλιππος. ἔπειτα Θεμιστοκλῆς,
ἐφʼ οὗ τὴν πέμπτην τῶν κατὰ Φιλίππου
δημηγοριῶν ἀπήγγειλε Δημοσθένης περὶ τὴς φυλακῆς
<milestone unit="reiskpage" n="737"/> τῶν νησιωτῶν καὶ τῶν ἐν Ἑλλησπόντῳ πόλεων,
ἧς ἐστιν ἀρχή· <quote>ἃ μὲν ἡμεῖς ὦ ἄνδρες Ἀθηναῖοι δεδυνήμεθα 
εὑρεῖν, ταῦτʼ ἐστίν.</quote> μετὰ δὲ Θεμιστοκλέα
Ἀρχίας, ἐφʼ οὗ παραινεῖ τοῖς Ἀθηναίοις μὴ κωλύειν
Φίλιππον τῆς Ἀμφικτυονίας μετέχειν μηδὲ ἀφορμὴν
διδόναι πολέμου νεωστὶ πεποιημένους τὴν πρὸς αὐτὸν
εἰρήνην· ἀρχὴ δὲ ταύτης τῆς δημηγορίας ἐστὶν ἥδε· 
<quote>ὁρῶ μὲν ὦ ἄνδρες Ἀθηναῖοι τὰ παρόντα πράγματα.</quote>
μετὰ δὲ Ἀρχίαν ἔστιν Εὔβουλος· εἶτα Λυκίσκος, ἐφʼ
<pb id="p.270"/>
οὗ τὴν ἑβδόμην τῶν Φιλιππικῶν δημηγοριῶν διέθετο
πρὸς τὰς ἐκ Πελοποννήσου πρεσβείας, ταύτην τὴν
ἀρχὴν ποιησάμενος· <quote>ὅταν ὦ ἄνδρες Ἀθηναῖοι λόγοι
γίγνωνται.</quote> μετὰ Λυκίσκον ἔστιν ἄρχων Πυθόδοτος,
ἐφʼ οὗ τὴν ὀγδόην τῶν Φιλιππικῶν δημηγοριῶν διέθετο
πρὸς τοὺς Φιλίππου πρέσβεις, ἧς ἐστιν ἀρχή <quote>ὦ
ἄνδρες Ἀθηναῖοι, οὐκ ἔστιν, ὅπως αἱ αἰτίαι,</quote> καὶ τὸν
κατʼ Αἰσχίνου συνετάξατο λόγον, ὅτε τὰς εὐθύνας ἐδίδου
τῆς δευτέρας πρεσβείας τῆς ἐπὶ τοὺς ὅρκους.
μετὰ Πυθόδοτον ἔστι Σωσιγένης, ἐφʼ οὗ τὴν ἐνάτην
διελήλυθεν κατὰ Φιλίππου δημηγορίαν περὶ τῶν ἐν
<milestone unit="reiskpage" n="738"/>
Χερρονήσῳ στρατιωτῶν, ἵνα μὴ διαλυθῇ τὸ μετὰ Διοπείθους
ξενικόν, ἀρχὴν ἔχουσαν ταύτην· <quote>ἔδει μὲν
ὦ ἄνδρες Ἀθηναῖοι τοὺς λέγοντας ἅπαντας</quote>· καὶ κατὰ
τὸν αὐτὸν ἄρχοντα τὴν δεκάτην, ἐν ᾗ πειρᾶται διδάσκειν,
ὅτι λύει τὴν εἰρήνην Φίλιππος καὶ πρότερος
ἐκφέρει τὸν πόλεμον, ἧς ἐστιν ἀρχή· <quote>πολλῶν ὦ ἄνδρες
Αθηναῖοι λόγων γιγνομένων.</quote> μετὰ Σωσιγένην ἄρχων
ἔστι Νικόμαχος, ἐφʼ οὗ τὴν ἑνδεκάτην δημηγορίαν διελήλυθε
περὶ τοῦ λελυκέναι τὴν εἰρήνην Φίλιππον καὶ
τοὺς Ἀθηναίους πείθει Βυζαντίοις ἀποστεῖλαι βοήθειαν,
<pb id="p.271"/>
ἧς ἐστιν ἀρχή· <quote>καὶ σπουδαῖα νομίζων ὦ ἄνδρες Ἀθηναῖοι.</quote>
ἕπεται Νικομάχῳ Θεόφραστος ἄρχων, ἐφʼ οὗ
πείθει τοὺς Ἀθηναίους γενναίως ὑπομεῖναι τὸν πόλεμον
ὡς κατηγγελκότος αὐτὸν ἤδη Φιλίππου· καὶ ἔστιν
αὕτη τελευταία τῶν κατὰ Φιλίππου δημηγοριῶν,
<milestone unit="reiskpage" n="739"/> ἀρχὴν 
ἔχουσα ταύτην· <quote>ὅτι μὲν ὦ ἄνδρες Ἀθηναῖοι Φίλιππος
οὐκ ἐποιήσατο τὴν εἰρήνην πρὸς ὑμᾶς, ἀλλʼ
ἀνεβάλετο τὸν πόλεμον.</quote>
</p>
</div1>
<div1 type="chapter" n="11">
<p>ὅτι δὲ καὶ τούτους ἅπαντας τοὺς λόγους οὓς κατηρίθμημαι 
πρὸ τῆς ἐκδόσεως τῶν Ἀριστοτέλους τεχνῶν 
ἀπήγγειλεν ὁ Δημοσθένης, αὐτὸν Ἀριστοτέλη παρέξομαι
μαρτυροῦντα. ἀρξάμενος γὰρ ἐν τῇ δευτέρᾳ βύβλῳ
τῶν τεχνῶν τοὺς τόπους ὁρίζειν, ἀφʼ ὧν τὰ ἐνθυμήματα
φέρεται, καὶ τὸν ἐκ τοῦ χρόνου παραλαμβάνει
παρατιθεὶς αὐτῷ τὰ παραδείγματα. θήσω 
δὲ αὐτὴν τὴν τοῦ φιλοσόφου λέξιν· <quote>ἄλλος εἰς τὸν
χρόνον σκοπεῖ· οἷον, ὡς ὁ Ἰφικράτης ἐν τῇ πρὸς Ἁρμόδιον,
ὡς εἰ πρὶν ποιῆσαι ἠξίου τῆς εἰκόνος τυχεῖν
ἐὰν ποιήσῃ, ἔδοτε ἄν· ποιήσαντι δʼ οὐ δώσετε; μὴ τοίνυν
<pb id="p.272"/>
μέλλοντες μὲν ὑπισχνεῖσθε, παθόντες δὲ ἀφαιρεῖσθε.
καὶ πάλιν πρὸς τὸ διὰ Θηβαίων διἱέναι Φίλιππον
<milestone unit="reiskpage" n="740"/>
εἰς τὴν Ἀττικήν, ὅτι εἰ πρὶν βοηθῆσαι <add>εἰς</add> Φωκεῖς
ἠξίου, ὑπέσχοντο ἄν· ἄτοπον οὖν εἰ, διότι προεῖτο
καὶ ἐπίστευσεν, μὴ διήσουσιν.</quote> ὁ δὲ χρόνος οὗτος, ἐν
ᾧ Φίλιππος ἠξίου Θηβαίους ἐπὶ τὴν Ἀττικὴν αὑτῷ
δοῦναι δίοδον ὑπομιμνήσκων τῆς ἐν τῷ πρὸς Φωκεῖς
πολέμῳ γενομένης βοηθείας, ἐκ τῆς κοινῆς γίγνεται
φανερὸς ἱστορίας. εἶχε γὰρ οὕτως· μετὰ τὴν Ὀλυνθίων
ἅλωσιν ἄρχοντος Θεμιστοκλέους συνθῆκαι Φιλίππῳ
πρὸς Ἀθηναίους ἐγένοντο περὶ φιλίας καὶ συμμαχίας·
αὗται διέμειναν ἑπταετῆ χρόνον ἄχρι Νικομάχου· ἐπὶ
δὲ Θεοφράστου τοῦ μετὰ Νικόμαχον ἄρξαντος ἐλύθησαν,
Ἀθηναίων μὲν Φίλιππον αἰτιωμένων ἄρχειν τοῦ
πολέμου, Φιλίππου δὲ Ἀθηναίοις ἐγκαλοῦντος. τὰς
δὲ αἰτίας διʼ
<milestone unit="reiskpage" n="741"/> ἃς εἰς τὸν πόλεμον κατέστησαν ἀδικεῖσθαι 
λέγοντες ἀμφότεροι, καὶ τὸν χρόνον ἐν ᾧ τὴν
εἰρήνην ἔλυσαν ἀκριβῶς δηλοῖ Φιλόχορος ἐν τῇ ἕκτῃ
τῆς Ἀτθίδος βύβλῳ. θήσω δʼ ἐξ αὐτῆς τὰ ἀναγκαιότατα·
<quote>Θεόφραστος Ἁλαιεύς· ἐπὶ τούτου Φίλιππος τὸ
μὲν πρῶτον ἀναπλεύσας Περίνθῳ προσέβαλεν, ἀποτυχὼν
δʼ ἐντεῦθεν Βυζάντιον ἐπολιόρκει καὶ μηχανήματα
<pb id="p.273"/>
προσῆγεν.</quote> ἔπειτα διεξελθών, ὅσα τοῖς Ἀθηναίοις
ὁ Φίλιππος ἐνεκάλει διὰ τῆς ἐπιστολῆς, ταῦτα πάλιν
κατὰ λέξιν ἐπιτίθησιν· <quote>ὁ δὲ δῆμος ἀκούσας τῆς ἐπιστολῆς
καὶ Δημοσθένους παρακαλεσαντος αὐτὸν πρὸς
τὸν πόλεμον καὶ <add>τὰ</add> ψηφίσματα γράψαντος ἐχειροτόνησε 
τὴν μὲν στήλην καθελεῖν τὴν περὶ τῆς πρὸς
Φίλιππον εἰρήνης καὶ συμμαχίας σταθεῖσαν, ναῦς δὲ
πληροῦν καὶ τὰ ἄλλα ἐνεργεῖν τὰ τοῦ πολέμου.</quote> ταῦτα
γράψας κατὰ Θεόφραστον ἄρχοντα
<milestone unit="reiskpage" n="742"/> γεγονέναι, τῷ
μετʼ ἐκεῖνον ἐνιαυτῷ τὰ πραχθέντα μετὰ τὴν λύσιν 
τῆς εἰρήνης ἐπὶ Λυσιμαχίδου ἄρχοντος διεξέρχεται.
θήσω δὲ καὶ τούτων αὐτὰ τὰ ἀναγκαιότατα· <quote>Λυσιμαχίδης
Ἀχαρνεύς· ἐπὶ τούτου τὰ μὲν ἔργα τὰ περὶ τοὺς
νεωσοίκους καὶ τὴν σκευοθήκην ἀνεβάλοντο διὰ τὸν
πόλεμον τὸν πρὸς Φίλιππον· τὰ δὲ χρήματα ἐψηφίσαντο 
πάντʼ εἶναι στρατιωτικὰ Δημοσθένους γράψαντος.
Φιλίππου δὲ καταλαβόντος Ἐλάτειαν καὶ Κυτίνιον
καὶ πρέσβεις πέμψαντος εἰς Θήβας Θετταλῶν
Αἰνιάνων Αἰτωλῶν Δολόπων Φθιωτῶν, Ἀθηναίων δὲ
κατὰ τὸν αὐτὸν χρόνον πρέσβεις ἀποστειλάντων τοὺς 
περὶ Δημοσθένη, τούτοις συμμαχεῖν ἐψηφίσαντο.</quote> φανεροῦ
δὴ γεγονότος τοῦ χρόνου, καθʼ ὃν εἰσῆλθον εἰς
<pb id="p.274"/>
Θήβας οἵ τε Ἀθηναίων πρέσβεις οἱ περὶ Δημοσθένη
καὶ οἱ παρὰ Φιλίππου, ὅτι κατὰ Λυσιμαχίδην ἄρχοντα
πίπτει, παρεσκευασμένων ἤδη τὰ πρὸς τὸν πόλεμον
ἀμφοτέρων, αὐτὸς ὁ Δημοσθένης ποιήσει φανερὸν ἐν
τῷ περὶ τοῦ στεφάνου λόγῳ, τίνες ἦσαν αἱ παρὰ τῶν
πρεσβειῶν ἀμφοτέρων ἀξιώσεις·
<milestone unit="reiskpage" n="743"/> θήσω δὲ ἐξ αὐτῆς 
λαβὼν τῆς ἐκείνου λέξεως τὰ συντείνοντα πρὸς τὸ
πρᾶγμα· <quote>οὕτως διαθεὶς Φίλιππος τὰς πόλεις πρὸς
ἀλλήλας διὰ τούτων, καὶ τούτοις ἐπαρθεὶς τοῖς ψηφίσμασι
καὶ ταῖς ἀποκρίσεσιν ἧκεν ἔχων τὴν δύναμιν
καὶ τὴν Ἐλάτειαν κατέλαβεν, ὡς οὐδʼ ἂν εἴ τι γένοιτο,
ἔτι συμπνευσόντων ἡμῶν ἂν καὶ τῶν Θηβαίων.</quote> ἀλλὰ
μὴν τὰ τότε συμβάντα διεξελθών, διεξελθὼν δὲ τοὺς
ῥηθέντας ὑφʼ ἑαυτοῦ λόγους ἐπὶ τῆς ἐκκλησίας, καὶ ὡς
πρεσβευτὴς ὑπʼ Ἀθηναίων εἰς Θήβας ἐπέμφθη, ταῦτα
κατὰ λέξιν ἐπιτίθησιν· <quote>ὡς δʼ ἀφικόμεθα εἰς τὰς Θήβας,
κατελαμβάνομεν Φιλίππου καὶ Θετταλῶν καὶ τῶν ἄλλων
συμμάχων παρόντας πρέσβεις, καὶ τοὺς μὲν ἡμετέρους
φίλους ἐν φόβῳ, τοὺς δʼ ἐκείνου θρασεῖς.</quote> ἔπειτʼ ἐπιστολήν
τινα κελεύσας ἀναγνωσθῆναι ταῦτʼ ἐπιτίθησιν·
<quote>ἐπειδὴ τοίνυν ἐποιήσαντο τὴν ἐκκλησίαν, προσῆγον
ἐκείνους διὰ τὸ τὴν τῶν συμμάχων τάξιν ἐκείνους ἔχειν.
<pb id="p.275"/>
καὶ παριόντες ἐδημηγόρουν πολλὰ μὲν Φίλιππον ἐγκωμιάζοντες,
πολλὰ δʼ ὑμῖν ἐγκαλοῦντες, πάνθʼ ὅσα πώποτε
<milestone unit="reiskpage" n="744"/>ἐναντία ἐπράξατε Θηβαίους ἀναμιμνῄσκοντες. τὸ
δʼ οὖν κεφάλαιον, ἠξίουν, ὧν μὲν εὖ ʼπεπόνθεσαν ὑπὸ
Φιλίππου χάριν αὐτοὺς ἀποδοῦναι, ὧν δʼ ὑφʼ ὑμῶν 
ἠδίκηνται δίκην λαβεῖν, ὁποτέρως βούλονται, ἢ διἱέντας
αὐτοὺς ἐφʼ ὑμᾶς ἢ συνεμβάλλοντας εἰς τὴν Ἀττικήν.</quote>
εἰ δὴ κατὰ Λυσιμαχίδην μὲν ἄρχοντα τὸν μετὰ
Θεόφραστον λελυμένης ἤδη τῆς εἰρήνης οἱ παρὰ Φιλίππου
πρέσβεις εἰς Θήβας ἀπεστάλησαν παρακαλοῦντες 
αὐτοὺς μάλιστα μὲν συνεισβαλεῖν εἰς τὴν Ἀττικήν,
εἰ δὲ μή, δίοδον τῷ Φιλίππῳ παρασχεῖν μεμνημένους
τῶν εὐεργεσιῶν αὐτοῦ τῶν περὶ τὸν Φωκικὸν πόλεμον,
ταύτης δὲ μέμνηται τῆς πρεσβείας Ἀριστοτέλης,
ὡς ὀλίγῳ πρότερον ἐπέδειξα τὰς ἐκείνου λέξεις παρασχόμενος, 
ἀναμφιλόγοις δήπουθεν ἀποδέδεικται τεκμηρίοις,
ὅτι πάντες οἱ Δημοσθένους ἀγῶνες
<milestone unit="reiskpage" n="745"/> οἱ πρὸ τῆς
Λυσιμαχίδου ἀρχῆς ἐν ἐκκλησίαις τε καὶ δικαστηρίοις
γενόμενοι πρότερον τῶν Ἀριστοτέλους τεχνῶν <gap/>
</p>
</div1>
<div1 type="chapter" n="12">
<p>ἑτέραν προσθήσω μαρτυρίαν παρὰ τοῦ φιλοσόφου 
λαβών, ἐξ ἧς ἔτι μᾶλλον ἔσται φανερόν, ὅτι μετὰ τὸν
<pb id="p.276"/>
πόλεμον τὸν συμβάντα τοῖς Ἀθηναίοις πρὸς Φίλιππον
αἱ ῥητορικαὶ συνετάχθησαν ὑπʼ αὐτοῦ τέχναι, Δημοσθένους
ἀκμάζοντος ἤδη κατὰ τὴν πολιτείαν καὶ πάντας
εἰρηκότος τούς τε δημηγορικοὺς καὶ τοὺς δικανικοὺς
λόγους, ὧν ὀλίγῳ πρότερον ἐμνήσθην. διεξιὼν
γὰρ τοὺς τόπους τῶν ἐνθυμημάτων ὁ φιλόσοφος καὶ
τὸν ἐκ τῆς αἰτίας τίθησι· παρέξομαι δὲ τὴν ἐκείνου
λέξιν· <quote>ἄλλος παρὰ τὸ ἀναίτιον <add>ὡς αἴτιον</add>, οἷον τῷ
ἅμα ἢ μετὰ τοῦτο γεγονέναι. τὸ γὰρ μετὰ τοῦτο <add>ὡς
διὰ τοῦτο</add> λαμβάνουσι, καὶ μάλιστα ἐν ταῖς πολιτείαις·
ὡς ὁ Δημάδης τὴν Δημοσθένους πολιτείαν πάντων
τῶν κακῶν αἰτίαν· μετʼ ἐκεῖνο γὰρ <gap/>
</quote>.
<milestone unit="reiskpage" n="746"/> ποίους 
οὖν ὁ Δημοσθένης κατεσκεύασεν ἀγῶνας ταῖς Ἀριστοτελείοις
τέχναις ὁδηγοῖς χρησάμενος, εἰ πάντες οἱ δημόσιοι
λόγοι, διʼ οὓς ἐπαινεῖταί τε καὶ θαυμάζεται,
πρὸ τοῦ πολέμου γεγόνασιν, ὡς πρότερον ἐπέδειξα,
πλὴν ἑνὸς τοῦ περὶ τοῦ στεφάνου; οὗτος γὰρ μόνος
εἰς δικαστήριον εἰσελήλυθεν μετὰ τὸν πόλεμον ἐπʼ
Ἀριστοφῶντος ἄρχοντος <add>ὀγδόῳ</add> μὲν ἐνιαυτῷ μετὰ τὴν
ἐν Χαιρωνείᾳ μάχην, ἕκτῳ δὲ μετὰ τὴν Φιλίππου τελευτήν,
καθʼ ὃν χρόνον Ἀλέξανδρος τὴν ἐν Αρβήλοις ἐνίκα μάχην.
<pb id="p.277"/>
Εἰ δέ τις ἐρεῖ τῶν πρὸς ἅπαντα φιλονεικούντων,
ὅτι τοῦτον ἴσως ἔγραψε τὸν λόγον ταῖς Ἀριστοτέλους
ἐντετευχὼς τέχναις, τὸν κράτιστον ἁπάντων <add>τῶν</add> λόγων,
πολλὰ πρὸς αὐτὸν εἰπεῖν ἔχων, ἵνα μὴ μακρότερος
τοῦ δέοντος ὁ λόγος γένηταί μοι, καὶ τοῦτον 
ἐπιδείξειν ὑπισχνοῦμαι τὸν ἀγῶνα πρὸ τῶν Ἀριστοτέλους
τεχνῶν ἐπιτετελεσμένον αὐτῷ χρησάμενος τῷ
φιλοσόφῳ μάρτυρι. προθεὶς γὰρ τόπον ἐνθυμημάτων
τὸν ἐκ τῶν πρὸς ἄλληλα, ταῦτα κατὰ
<milestone unit="reiskpage" n="747"/> λέξιν γράφει·
<quote>ἄλλος ἐκ τῶν πρὸς ἄλληλα· εἰ γὰρ θατέρῳ <add>ὑπάρχει 
τὸ καλῶς ἢ δικαίως ποιῆσαι, θατέρῳ</add> τὸ πεπονθέναι,
καὶ εἰ κελεῦσαι, καὶ τὸ πεποιηκέναι· οἷον ὡς ὁ τελώνης
ὁ Διομέδων· εἰ γὰρ μηδʼ ὑμῖν αἰσχρὸν τὸ πωλεῖν,
οὐδὲ ἡμῖν τὸ ὠνεῖσθαι. καὶ εἰ τῷ πεπονθότι <add>τὸ</add> καλῶς
καὶ δικαίως ὑπάρχει, τῷ πεπραγμένῳ ὑπάρξει καὶ 
τῷ ποιήσαντι ἢ ποιοῦντι. ἔστι δὲ τοῦτο παραλογίσασθαι·
οὐ γὰρ εἰ δικαίως ἔπαθεν, ἅμα καὶ δικαίως ὑπὸ
τούτου πέπονθε. διὸ δεῖ σκοπεῖν χωρίς, εἰ ἄξιος ὁ παθὼν
<pb id="p.278"/>
παθεῖν καὶ ὁ ποιήσας ποιῆσαι, εἶτα χρῆσθαι ὁποτέρως
ἂν ἁρμόττῃ. ἐνίοτε γὰρ
<milestone unit="reiskpage" n="748"/> διαφωνεῖ τὸ τοιοῦτον, ὥσπερ 
ἐν τῷ Ἀλκμαίωνι τῷ Θεοδέκτου <gap/> καὶ οἷον ἡ
περὶ Δημοσθένους δίκη καὶ τῶν ἀποκτεινάντων Νικάνορα.</quote>
τίς οὖν ἐστιν ἡ Δημοσθένους δίκη <del>καὶ τῶν
ἀποκτεινάντων Νικάνορα</del> περὶ ἧς ὁ φιλόσοφος γέγραφεν,
ἐν ᾗ τὸ κυριώτατον τῆς ἀμφισβητήσεως κεφάλαιον
ἦν ἐκ τοῦ πρὸς ἄλληλα τόπου; ἡ πρὸς Αἰσχίνην
ὑπὲρ Κτησιφῶντος τοῦ παρασχόντος Δημοσθένει τὸ
περὶ τοῦ στεφάνου ψήφισμα καὶ τὴν τῶν παρανόμων
φεύγοντος γραφήν· ἐν ταύτῃ γὰρ τὸ ζητούμενον ἦν
οὐ τὸ κοινόν, εἰ τιμῶν καὶ στεφάνων ἄξιος ἦν Δημοσθένης
ἐπιδοὺς ἐκ τῶν ἰδίων κτημάτων τὴν εἰς τὰ
τείχη δαπάνην, ἀλλʼ εἰ καθʼ ὃν χρόνον ὑπεύθυνος ἦν,
κωλύοντος τοῦ νόμου τοὺς ὑπευθύνους στεφανοῦν. τὸ
γὰρ ἐκ τῶν πρὸς ἄλληλα τοῦτʼ ἔστιν, εἰ ὥσπερ τῷ
δήμῳ τὸ δοῦναι,
<milestone unit="reiskpage" n="749"/> οὕτως καὶ τῷ ὑπευθύνῳ τὸ λαβεῖν 
τὸν στέφανον ἐξῆν. ἐγὼ μὲν οὖν ταύτης οἴομαι τῆς
δίκης μεμνῆσθαι τὸν Ἀριστοτέλη. εἰ δέ τις ἐρεῖ, ὅτι
περὶ τῆς τῶν δώρων, ἣν ἐπʼ Ἀντικλέους ἄρχοντος
ἀπελογήσατο περὶ τὴν Ἀλεξάνδρου τελευτήν, πολλῷ
<pb id="p.279"/>
νεωτέρας ἔτι ποιήσει τὰς Ἀριστοτέλους τέχνας τῶν
Δημοσθένους ἀγώνων.
ἀλλὰ γὰρ ὅτι μὲν οὐχ ὁ ῥήτωρ παρὰ τοῦ φιλοσόφου
τὰς τέχνας παρέλαβεν αἷς τοὺς θαυμαστοὺς
ἐκείνους κατεσκεύασε λόγους, ἀλλὰ τοὐναντίον τὰ Δημοσθένους 
καὶ τὰ τῶν ἄλλων ῥητόρων ἔργα παραθέμενος
Ἀριστοτέλης ταύτας ἔγραψε τὰς τέχνας, ἱκανῶς
ἀποδεδεῖχθαι νομίζω.</p>
</div1>
</body>
</text>
</TEI.2>
