<?xml version="1.0" encoding="UTF-8"?><TEI.2>
<teiHeader>
<fileDesc>
<titleStmt>
<title>De Dinarcho</title>
<author>Dionysius of Halicarnassus</author>
<editor role="editor">Hermann Usener</editor>
<funder n="org:Google">Google Digital Humanities Awards Program</funder>
</titleStmt>
<publicationStmt>
<publisher>Trustees of Tufts University</publisher>
<pubPlace>Medford, MA</pubPlace>
<authority>Perseus Project</authority>
</publicationStmt>
<sourceDesc>
<biblStruct>
<monogr>
<title>Dionysii Halicarnasei Quae Exstant, Volumen Quintum</title>
<title>Opsuculorum, Volumen Prius</title>
<author>Dionysius of Halicarnassus</author>
<editor role="editor">Hermann Usener</editor>
<imprint>
<publisher>In Aedibus B.G. Teubneri</publisher>
<pubPlace>Leipzig</pubPlace>
<date>1899</date>
</imprint>
</monogr>
</biblStruct>
<p>Keyboarding</p>
</sourceDesc>
</fileDesc>
<encodingDesc>
<refsDecl doctype="TEI.2">
<state unit="chapter" n="chunk" delim="."/>
<state unit="section"/>
</refsDecl>
<refsDecl doctype="TEI.2">
<state unit="reiskpage"/>
</refsDecl>
</encodingDesc>
<profileDesc>
<langUsage>
<language id="greek">Greek</language>
</langUsage>
</profileDesc>
</teiHeader>
<text>
<body>
<div1 type="chapter" n="1">
<p>
<pb id="p.297"/>
περὶ Δεινάρχου τοῦ ῥήτορος οὐδὲν εἰρηκὼς ἐν
τοῖς περὶ τῶν ἀρχαίων γραφεῖσιν διὰ τὸ μήτε εὑρετὴν
ἰδίου γεγονέναι χαρακτῆρος τὸν ἄνδρα, ὥσπερ τὸν
Λυσίαν καὶ τὸν Ἰσοκράτην καὶ τὸν Ἰσαῖον, μήτε τῶν
<milestone unit="reiskpage" n="630"/>εὑρημένων ἑτέροις τελειωτήν, ὥσπερ τὸν Δημοσθένη 
καὶ τὸν Αἰσχίνη καὶ <add>τὸν</add> Ὑπερείδην ἡμεῖς κρίνομεν,
ὁρῶν δὲ καὶ τοῦτον τὸν ἄνδρα παρὰ πολλοῖς ἠξιωμένον
ὀνόματος ἐπὶ δεινότητι λόγων καὶ ἀπολελοιπότα
δημοσίους τε καὶ ἰδίους λόγους οὔτε ὀλίγους οὔτʼ εὐκαταφρονήτους,
ἡγησάμην δεῖν μὴ παραλιπεῖν αὐτόν, 
ἀλλὰ καὶ περὶ τοῦ βίου καὶ τοῦ χαρακτῆρος αὐτοῦ
διελθεῖν καὶ διορίσαι τούς τε γνησίους καὶ ψευδεῖς
λόγους πάντων ἢ τῶν γε πλείστων ἀναγκαιότερον οἶμαι
τοῖς μὴ ἐκ περιζώματος ἀσκοῦσι ῥητορικήν. ἅμα δὲ
ὁρῶν οὐδὲν ἀκριβὲς οὔτε Καλλίμαχον οὔτε τοὺς ἐκ 
Περγάμου γραμματικοὺς περὶ αὐτοῦ γράψαντας, ἀλλὰ
παρὰ τὸ μηδὲν ἐξετάσαι περὶ αὐτοῦ τῶν ἀκριβεστέρων
ἡμαρτηκότας, ὡς μὴ μόνον ἐψεῦσθαι πολλὰ ἀλλὰ καὶ
λόγους τοὺς οὐδὲν μὲν αὐτῷ προσήκοντας ὡς Δεινάρχου
<pb id="p.298"/>
τούτῳ προστίθεσθαι, τοὺς δʼ ὑπʼ αὐτοῦ γραφέντας
ἑτέρων εἶναι λέγειν· ἀλλὰ Δημήτριος ὁ Μάγνης,
<milestone unit="reiskpage" n="631"/>
ὃς ἔδοξε γενέσθαι πολυἵστωρ, ἐν τῇ περὶ τῶν ὁμωνύμων
πραγματείᾳ λέγων καὶ περὶ τούτου τοῦ ἀνδρὸς
καὶ ὑπόληψιν παρασχών, ὡς περὶ αὐτοῦ λέξων τι ἀκριβές,
διεψεύσθη τῆς δόξης. οὐθὲν δὲ κωλύει καὶ τὰς
λέξεις παραθέσθαι τοῦ ἀνδρός. ἔστι δὲ τὰ ὑπʼ αὐτοῦ
γραφέντα τάδε· <quote>Δεινάρχοις δʼ ἐνετύχομεν τέτταρσιν·
ὧν ἐστιν ὃ μὲν ἐκ τῶν ῥητόρων τῶν Ἀττικῶν, ὃ δὲ
τὰς περὶ Κρήτην συναγήοχε μυθολογίας, ὃ δὲ πρεσβύτερος
μὲν ἀμφοῖν τούτοιν, Δήλιος δὲ τὸ γένος, πεπραγματευμένος
τοῦτο μὲν ἔπος, τοῦτο δὲ πράγματα,
τέταρτος δὲ ὁ περὶ Ὁμήρου λόγον συντεθεικώς. ἐθέλω
δὲ πρὸς μέρος περὶ ἑκάστου διελθεῖν, καὶ πρῶτον περὶ
τοῦ ῥήτορος. ἔστι τοίνυν οὗτος κατά γε τὴν ἐμὴν
δόξαν οὐδὲν ἀπολείπων τῆς Ὑπερείδου χάριτος, ὥστʼ
εἰπεῖν· καὶ νύ κεν ἢ παρέλασσεν. ἐνθύμημα γὰρ φέρει
πειστικὸν καὶ σχῆμα παντοδαπόν, πιθανότητός γε
<milestone unit="reiskpage" n="632"/>
μὴν οὕτως εὖ ἥκει, ὥστε παριστάνειν τοῖς ἀκούουσι,
μὴ ἄλλως γεγονέναι τὸ πρᾶγμα ἢ ὡς αὐτὸς λέγει. καὶ
νομίσειεν ἄν τις εὐήθεις εἶναι τοὺς ὑπολαβόντας τὸν
λόγον τὸν κατὰ Δημοσθένους εἶναι τούτου· πολὺ γὰρ
ἀπέχει τοῦ χαρακτῆρος. ἀλλʼ ὅμως τοσοῦτον σκότους
<pb id="p.299"/>
ἐπιπεπόλακεν, ὥστε τοὺς μὲν ἄλλους αὐτοῦ λόγους
σχεδόν που ὑπὲρ ἑξήκοντα καὶ ἑκατὸν ὄντας <add>πάντας</add>
ἀγνοεῖν συμβέβηκε, τὸν δὲ μὴ γραφέντα ὑπʼ αὐτοῦ
μόνον ἐκείνου νομίζεσθαι. ἡ δὲ λέξις ἐστὶ τοῦ Δεινάρχου
κυρίως ἠθική, πάθος κινοῦσα, σχεδὸν τῇ πικρίᾳ 
μόνον καὶ τῷ τόνῳ τοῦ Δημοσθενικοῦ χαρακτῆρος
λειπομένη, τοῦ δὲ πιθανοῦ καὶ κυρίου μηδὲν ἐνδέουσα.</quote>
</p>
</div1>
<div1 type="chapter" n="2">
<p>ἐκ τούτων οὐδὲν ἔστιν οὔτε ἀκριβὲς ἀλλʼ οὐδὲ ἀληθὲς 
εὑρεῖν· οὔτε γὰρ γένος τἀνδρὸς οὔτε χρόνους, 
καθʼ οὓς ἦν, οὔτε τόπον, ἐν ᾧ διέτριψε, δεδήλωκεν,
ὀνόματα
<milestone unit="reiskpage" n="633"/> δὲ μόνον κοινὰ καὶ περιτρέχοντα ἐσπούδασε
καὶ πλῆθος λόγων εἶπεν οὐδενὶ τῶν <gap/> σύμφωνον.
ἔδει δὲ τοὐναντίον. ἃ οὖν ἐγὼ αὐτὸς διʼ ἐμαυτοῦ
κατελαβόμην, ταῦτʼ ἐστίν· Δείναρχος ὁ ῥήτωρ υἱὸς μὲν 
ἦν Σωστράτου, Κορίνθιος δὲ τὸ γένος, ἀφικόμενος δὲ
εἰς Ἀθήνας, καθʼ ὃν χρόνον ἤνθουν αἵ τε τῶν φιλοσόφων
καὶ ῥητόρων διατριβαί, Θεοφράστῳ τε συνεγένετο
καὶ Δημητρίῳ τῷ Φαληρεῖ. εὐφυὴς δὲ περὶ τοὺς
πολιτικοὺς λόγους γενόμενος ἀκμαζόντων ἔτι τῶν περὶ 
Δημοσθένην ἤρξατο λόγους γράφειν καὶ προῄει κατὰ
μικρὸν εἰς δόξαν. μάλιστα δὲ ἤκμασε μετὰ τὴν Ἀλεξάνδρου
τελευτήν, Δημοσθένους μὲν καὶ τῶν ἄλλων
ῥητόρων φυγαῖς ἀιδίοις καὶ θανάτοις περιπεσόντων,
οὐδενὸς δʼ ὑπολειπομένου μετʼ αὐτοὺς ἀνδρὸς ἀξίου 
<pb id="p.300"/>
λόγου. καὶ διατετέλεκεν ἐτῶν πεντεκαίδεκα χρόνον
λόγους συγγράφων τοῖς βουλομένοις, ἕως Κάσσανδρος
τὴν πόλιν κατέσχεν. ἐπὶ δὲ Ἀναξικράτους ἄρχοντος,
ἐφʼ
<milestone unit="reiskpage" n="634"/> οὗ κατέλυσαν τὴν ἐν τῇ Μουνυχίᾳ φρουρὰν ὑπὸ 
Κασσάνδρου κατασταθεῖσαν οἱ περὶ Ἀντίγονον καὶ
Δημήτριον <add>τοὺς</add> βασιλεῖς, αἰτίαν ἔχων ἅμα τοῖς ἐπιφανεστάτοις
Ἀθηναίων καίτοι ξένος αὐτὸς ὢν καταλῦσαι
τὸν δῆμον, ὁρῶν ἠρεθισμένους τοὺς Ἀθηναίους
καὶ μάλιστα τῷ πλουτεῖν ἑαυτὸν ὑφορωμένους, μὴ διὰ
τοῦτο πάθῃ τι δεινόν, εἰσελθεῖν μὲν εἰς δικαστήριον
οὐχ ὑπέμεινεν, ἐξελθὼν δὲ τῆς πόλεως καὶ ἐλθὼν εἰς
Χαλκίδα τὴν ἐν Εὐβοίᾳ, τὸν ἀπʼ Ἀναξικράτους χρόνον
ἕως Φιλίππου πεντεκαιδεκαετῆ γενόμενον ἐκεῖ διέτριψεν,
εἴ τις αὐτῷ γένοιτο διὰ Θεοφράστου καὶ τῶν
</p>
</div1>
<div1 type="chapter" n="3">
<p>ἄλλων φίλων κάθοδος, περιμένων. συγχωρήσαντος δὲ
 τοῦ βασιλέως μετὰ <add>τῶν</add> ἄλλων φυγάδων κἀκείνῳ
κατελθεῖν, ἀφικόμενος εἰς Ἀθήνας καὶ παρʼ ἑνὶ τῶν
φίλων Προξένῳ καταχθεὶς <add>τὸ</add> χρυσίον ἀπολλύει
γηραιὸς ὢν ἤδη καὶ τὰς ὄψεις ἀσθενής. ὀλιγώρως δʼ
ἔχοντος τοῦ Προξένου πρὸς τὴν ζήτησιν, δίκην
<milestone unit="reiskpage" n="635"/> ἔλαχεν 
αὐτῷ περὶ τῶν χρημάτων αὐτὸς οὐδεπώποτε πρότερον
εἰς δικαστήριον παρελθών. οὗτος μὲν ὁ βίος
τἀνδρός. ἀποδείκνυται δʼ ἕκαστον αὐτῶν ἔκ τε τῶν
ἱστοριῶν τῶν Φιλοχόρου καὶ ἐξ ὧν αὐτὸς περὶ αὐτοῦ
<pb id="p.301"/>
ξυνέγραψεν ἐν τῷ λόγῳ τῷ κατὰ Προξένου, ὃς εἴρηται
μὲν μετὰ τὴν φυγήν, προσκειμένην δὲ ἔχει τὴν
γραφὴν ταύτην· <quote>Δείναρχος Σωστράτου Κορίνθιος
Προξένῳ, ᾧ σύνειμι, βλάβης ταλάντων δύο. ἔβλαψέ
με Πρόξενος, ὑποδεξάμενος εἰς τὴν οἰκίαν τὴν ἑαυτοῦ 
τὴν ἐν ἀγρῷ, ὅτε πεφευγὼς Ἀθήνηθεν κατῄειν ἐκ
Χαλκίδος, χρυσίου μὲν στατῆρας ὀγδοήκοντα καὶ διακοσίους
καὶ πέντε, οὓς ἐκόμισα ἐκ Χαλκίδος εἰδότος
Προξένου καὶ εἰσῆλθον ἔχων εἰς τὴν οἰκίαν αὐτοῦ,
ἀργυρώματα δὲ οὐκ ἔλαττον εἴκοσι μνῶν ἄξια, ἐπιβουλεύσας 
τούτοις.</quote> οὐ μὴν ἀλλὰ καὶ ἐν αὐτῷ τῷ
λόγῳ εὐθὺς μὲν ἐν ἀρχῇ περὶ τοῦ μηδεμίαν δίκην
πρότερον εἰσελθεῖν δεδήλωκεν, ἐν δὲ τοῖς <del>πρότερον</del>
<milestone unit="reiskpage" n="636"/>μετὰ ταῦτα πρῶτον μὲν ἐν τῷ προοιμίῳ τὴν βλάβην
τὴν γενομένην αὐτῷ διὰ Προξένου δεδήλωκεν, ἐν δὲ 
τοῖς ἑξῆς περί τε τῆς φυγῆς καὶ τῶν ἄλλων διεξέρχεται
πάντων, ἐξ ὧν γίγνεται φανερὰ τὰ προειρημένα,
καὶ ἔτι πρὸς τούτοις, ὅτι ξένος διέμεινε καὶ γέρων
ἤδη ὢν εἶπε τὸν λόγον, ἐξ ὦν ἐπὶ τῷ τέλει τῆς δίκης εἴρηκε. 
ταῦτα μὲν αὐτὸς ὁ Δείναρχος περὶ ἑαυτοῦ. Φιλόχορος
δὲ ἐν ταῖς Ἀττικαῖς ἱστορίαις περί τε τῆς φυγῆς
τῶν καταλυσάντων τὸν δῆμον καὶ περὶ τῆς καθόδου
πάλιν οὕτως λέγει· <quote>τοῦ γὰρ Ἀναξικράτους ἄρχοντος
εὐθὺ μὲν ἡ τῶν Μεγαρέων πόλις ἑάλω· ὁ δὲ Δημήτριος 
<pb id="p.302"/>
ὁ <add>βασιλεὺς</add> κατελθὼν ἐκ τῶν Μεγάρων κατεσκευάζετο
τὰ πρὸς τὴν Μουνυχίαν καὶ τὰ τείχη κατασκάψας
ἀπέδωκε τῷ δήμῳ. ὕστερον δὲ εἰσηγγέλθησαν
πολλοὶ <add>τῶν</add> πολιτῶν, ἐν οἷς καὶ Δημήτριος ὁ Φαληρεύς.
τῶν δʼ εἰσαγγελθέντων οὓς μὲν οὐχ ὑπομείναντας
τὴν κρίσιν ἐθανάτωσαν τῇ
<milestone unit="reiskpage" n="637"/> ψήφῳ, οὓς δʼ ὑπακούσαντας 
ἀκούσαντας ἀπέλυσαν.</quote> ταῦτα μὲν οὖν τῆς ὀγδόης.
ἐν δὲ τῇ ἐνάτῃ φησί· <quote>τοῦ δʼ ἐνιαυτοῦ τουδὶ διελθόντος,
ἑτέρου δʼ εἰσιόντος, ἐν ἀκροπόλει σημεῖον ἐγένετο
τοιοῦτον· κύων εἰς τὸν τῆς Πολιάδος νεὼν εἰσελθοῦσα
καὶ δῦσα εἰς τὸ Πανδρόσειον, ἐπὶ τὸν βωμὸν ἀναβᾶσα
τοῦ Ἑρκείου Διὸς τὸν ὑπὸ τῇ ἐλαίᾳ κατέκειτο. πάτριον
δʼ ἐστὶ τοῖς Ἀθηναίοις, κύνα μὴ ἀναβαίνειν εἰς
ἀκρόπολιν. περὶ τὸν αὐτὸν δὲ χρόνον καὶ ἐν τῷ οὐρανῷ
μεθʼ ἡμέραν ἡλίου τʼ ἐξέχοντος καὶ οὔσης αἰθρίας
ἀστὴρ ἐπί τινα χρόνον ἐγένετο ἐκφανής. ἡμεῖς δʼ ἐρωτηθέντες
ὑπέρ τε τοῦ σημείου καὶ τοῦ φαντάσματος,
εἰς ὃ φέρει, φυγάδων κάθοδον ἔφαμεν προσημαίνειν
ἀμφότερα καὶ ταύτην οὐκ ἐκ μεταβολῆς πραγμάτων
ἐσομένην, ἀλλʼ ἐν τῇ καθεστώσῃ πολιτείᾳ· καὶ τὴν κρίσιν
ἐπιτελεσθῆναι συνέβη.</quote>
</p>
</div1>
<div1 type="chapter" n="4">
<p>προειρημένων δὴ τούτων ἓν ἔτι λείπεται καὶ
<milestone unit="reiskpage" n="638"/>
ἀναγκαιότατον, τὴν ἡλικίαν αὐτοῦ διορίσαι, ἵνα καὶ
<pb id="p.303"/>
περὶ τῶν λόγων τῶν τε γνησίων αὐτοῦ καὶ μὴ σαφές
τι ἔχωμεν λέγειν. τίθεμεν δὴ αὐτὸν ἑβδομηκοστὸν
ἔχοντα ἔτος ἀπὸ τῆς φυγῆς κατεληλυθέναι, ὡς καὶ
αὐτός φησι, γέροντα αὑτὸν ἀποκαλῶν· ἀφʼ οὗ χρόνου
καὶ καλεῖν τοὺς ἐν τῇ ἡλικίᾳ ταύτῃ μάλιστα εἰώθαμεν. 
ὑποκειμένων δὲ τούτων ὁλοσχερεῖ λογισμῷ <quote>τὸ γὰρ
ἀκριβὲς οὐκ ἔχομεν</quote> εἴη ἂν κατὰ Νικόφημον ἄρχοντα
γεγονώς. εἰ δέ τις ἢ πρεσβύτερον ἢ νεώτερον τῶν
εἰρημένων χρόνων αὐτὸν εἶναι φήσει, πρὸς τῷ μηδὲν
ὑγιὲς λέγειν καὶ λόγους αὖ πολλοὺς ἀφελεῖται, μᾶλλον 
δὲ πάντας πλὴν πέντε ἢ ἕξ, τῶν μὲν πρεσβύτερον
αὐτόν, τῶν δὲ νεώτερον εἶναι λέγων. οὐ μὴν ἀλλὰ
καὶ ἄρξασθαι λέγοντες αὐτὸν λόγους συγγράφειν ἀπὸ
τοῦ πέμπτου ἢ ἕκτου πρὸς τῷ εἰκοστῷ ἔτους οὐκ ἂν
ἁμάρτοιμεν, ἄλλως τε καὶ τῶν περὶ Δημοσθένη τότε 
ἀκμαζόντων. ἕκτος δὲ καὶ εἰκοστός ἐστιν ἀπὸ Νικοφήμου
<milestone unit="reiskpage" n="639"/>Πυθόδημος. ὥσθʼ ὅσους εὑρίσκομεν πρεσβυτέρους
τούτου τοῦ ἄρχοντος <del>τοὺς φερομένους εἰς αὐτὸν
λόγους</del> εἴ τις γνησίους θήσεται, ἀπιστοίημεν ἂν
εἰκότως· ἔτι δὲ καὶ τοὺς ἀπʼ Ἀναξικράτους ἕως Φιλίππου 
τετελεσμένους ἀγῶνας ὁμοίως ἐν τοῖς ψευδέσιν
ἀναγράφοιμεν ἄν· οὐ γὰρ εἰς Χαλκίδα ἄν τινες ἔπλεον
λόγων χάριν ἢ ἰδίων ἢ δημοσίων· οὐ γὰρ τέλεον ἠπόρουν
οὕτω λόγων.
<pb id="p.304"/>
ἐπεὶ δὲ ὁ χρόνος τἀνδρὸς ὡς οἷόν τε ἀκριβέστατα
εὕρηται, πρὸς ὃν καὶ τῶν λόγων τούς τε γνησίους καὶ
μὴ διακρινοῦμεν, καιρὸς ἤδη καὶ περὶ τοῦ χαρακτῆρος
αὐτοῦ λέγειν. ἔστι δὲ δυσόριστον. οὐδὲν γὰρ οὔτε
</p>
</div1>
<div1 type="chapter" n="5">
<p>κοινὸν οὔτʼ ἴδιον ἔσχεν οὔτʼ ἐν τοῖς ἰδίοις οὔτʼ ἐν τοῖς
δημοσίοις ἀγῶσιν, ἀλλὰ καὶ τοῖς Λυσίου παραπλήσιος
ἔστιν ὅπου γίνεται καὶ τοῖς Ὑπερείδου καὶ τοῖς Δημοσθένους
λόγοις. καὶ τούτων πολλὰ ἄν τις ἔχοι παραδείγματα
<milestone unit="reiskpage" n="640"/> ἐκθέσθαι. τοῦ μὲν Λυσιακοῦ χαρακτῆρος 
ἔν τε τῷ περὶ Μνησικλέους λόγῳ καὶ ἐν τῷ κατὰ Λυσικράτους
ὑπὲρ Νικομάχου καὶ ἐν ἄλλοις πολλοῖς. τοῦ
δʼ Ὑπερειδείου ταῖς τε οἰκονομίαις ἀκριβεστέρου καὶ
ταῖς κατασκευαῖς γενναιοτέρου πως ὄντος τῶν Λυσιακῶν
ἐν πλείοσι μὲν ἢ τριάκοντα Δεινάρχου λόγοις
παραδείγματα εὑρεῖν ἔστιν, οὐχ ἥκιστα δὲ καὶ ἐν τῷ
περὶ τῆς Ἀγάθωνος διαμαρτυρίας. οὐ μὴν ἀλλὰ καὶ
τοῦ Δημοσθενικοῦ χαρακτῆρος, ὃν μάλιστα ἐμιμήσατο,
πολὺ πλείω δύναιτʼ ἄν τις εἰπεῖν, ἄλλως τε καὶ ἐν τῷ
κατὰ Πολυεύκτου. προοιμιάζεται γὰρ ὁμοίως ἐκείνῳ,
καὶ διʼ ὅλου τοῦ λόγου παραπλήσιος μεμένηκε.
</p>
</div1>
<div1 type="chapter" n="6">
<p>πῶς οὖν ἄν τις δυνηθείη τοὺς γνησίους αὑτῷ
γνωρίζειν λόγους; πρῶτον μὲν εἰ ἐπίσταιτο τοὺς τῶν
ἄλλων χαρακτῆρας, ἔπειτα τοὺς μὲν Λυσίου παραπλησίους
λόγους τούτῳ προσφέροι, τοὺς δʼ Ὑπερείδου
<pb id="p.305"/>
δόξαντας
<milestone unit="reiskpage" n="641"/> εἶναί τισι Δεινάρχου λέγοι μακρὰ ταῖς ἐπιγραφαῖς
τῶν βυβλίων χαίρειν εἰπών, τοὺς δὲ τῷ Δημοσθενικῷ
χαρακτῆρι προσεληλυθότας ὡς οἷόν τε τούτου
τοῦ ἀνδρὸς διαβεβαιοῖτο εἶναι. ἐπὶ μὲν γὰρ τῶν
ἄλλων ῥητόρων, οὕς μεμίμηται, μεγίστη γνῶσις ἡ ὁμοείδεια 
τῶν λόγων. αὐτίκα ὁ μὲν Λυσίας ἔν τε τοῖς
ἰδίοις καὶ τοῖς δημοσίοις ἀγῶσιν αὐτὸς αὑτῷ ὁμολογούμενός
ἐστιν <gap/> εἰς δὲ τὸν λεκτικὸν τόπον κατὰ
τὴν τῶν ὀνομάτων σαφήνειαν καὶ σύνθεσιν αὐτοφυῆ
μὲν καὶ λείαν εἶναι δοκοῦσαν, παντὸς δὲ λόγου κατὰ 
τὴν ἡδονὴν διαφέρουσαν. ὁ δʼ Ὑπερείδης κατὰ μὲν
τὴν ἐκλογὴν τῶν ὀνομάτων ἡττᾶται Λυσίου, κατὰ δὲ
τὸν πραγματικὸν τόπον διαφέρει. διηγεῖται δὲ πολλαχῶς,
ποτὲ μὲν κατὰ φύσιν ποτὲ δὲ ἀπὸ τοῦ τέλους
ἐπὶ τὴν ἀρχὴν πορευόμενος. πιστοῦταί <add>τε</add> οὐ κατʼ 
ἐνθύμημα μόνον, ἀλλὰ καὶ κατʼ ἐπιχείρημα πλατύνων.
<milestone unit="reiskpage" n="642"/>ὁ δὲ τούτους τε καὶ τοὺς ἄλλους πάντας ὑπερβαλλόμενος
Δημοσθένης, ἅπαντα μιμησάμενος καὶ πάντων
τὰ κάλλιστα ἐκλεξάμενος, δῆλος μὲν καὶ τῇ φωνῇ μόνον,
δῆλος δὲ καὶ τῷ καθʼ ἕνα ἕκαστον λόγον πρέποντι, 
οὐ μὴν ἀλλὰ καὶ <add>τῇ</add> συνθέσει καὶ τῷ τῶν
σχηματισμῶν ἀγκύλῳ καὶ τῇ οἰκονομίᾳ καὶ τῷ πάθει
καὶ τὸ μέγιστον τῇ δεινότητι. ὁ δὲ Δείναρχος οὔτε
<pb id="p.306"/>
ὅμοιος ἐν ἅπασίν ἐστιν οὔτʼ ἰδίου τινὸς εὑρετής, διʼ οὗ γνώσεταί τις αὐτὸν ἀκριβῶς, ἢ τοῦτον τὸν τρόπον·
πολὺ γὰρ ἐμφαίνει μιμήσεις τε καὶ αὐτῶν ὡς πρὸς τῶν
λόγων τἀρχέτυπον διαφοράν, ὡς καὶ ἐπὶ τῶν Ἰσοκράτους
μαθητῶν καὶ αὐτοῦ τοῦ Ἰσοκράτους.
</p>
</div1>
<div1 type="chapter" n="7">
<p>ἔστωσαν δή τινες ἐπιγραφόμενοι λόγοι ὡς ὄντες
Δεινάρχου, πολλὴν ἔχοντες πρὸς τὰ Λυσιακὰ ὁμοιότητα.
τούτων ὁ βουλόμενος ποιεῖσθαι τὴν διάγνωσιν
πρῶτον μὲν τὴν ἰδιότητα τοῦ ἀνδρὸς ἐκείνου θεωρείτω,
ἔπειτʼ ἐὰν μὲν ἀρετήν τε καὶ χάριν τοῖς λόγοις ἐπανθοῦσαν
ἴδῃ καὶ τὴν τῶν ὀνομάτων ἐκλογὴν ἐνοῦσαν
<milestone unit="reiskpage" n="643"/>
καὶ τὸ μηδὲν ἄψυχον εἶναι τῶν λεγομένων, θαρρῶν
λεγέτω τούτους Λυσίου. ἐὰν δὲ μήτε <add>τὸ</add> χάριεν
ὅμοιον εὑρίσκῃ μήτε τὸ πιθανὸν καὶ τὸ τῶν ὀνομάτων
ἀκριβὲς μήτε <add>τὸ</add> τῆς ἀληθείας ἁπτόμενον, ἐν τοῖς
Δεινάρχου λόγοις αὐτοὺς ἐάτω. ὁμοίως καὶ ἐπὶ τῶν
Ὑπερείδου· ἐὰν τῆς μὲν λέξεως τὸ ἰσχυρόν, τῆς δὲ
συνθέσεως τὸ ἁπλοῦν, τῶν δὲ πραγμάτων τὸ εὔκαιρον,
τῆς δὲ κατασκευῆς τὸ μὴ τραγικὸν μηδὲ ὀγκῶδες ἔχῃ
<quote>ταῦτα γὰρ μέγιστα ἐκείνου τοῦ ἀνδρὸς ἴδιά ἐστιν</quote>,
Ὑπερείδου λεγέτω. ἐὰν δὲ ἐνδεεστέρως ἐν αὐτοῖς τούτοις
ἔχῃ, κἂν τὰ ἄλλα πάντα μὴ φαύλως ᾖ γεγραμμένα,
ἐν τοῖς Δεινάρχου πάλιν ἀναγραφέτω. τὸ δʼ
αὐτὸ καὶ περὶ Δημοσθένους ὑπολαμβάνομεν. ἐὰν μὲν
<pb id="p.307"/>
καὶ ἡ τῆς λέξεως μεγαλοπρέπεια καὶ ἡ τῆς συνθέσεως
ἐξαλλαγὴ καὶ τὸ τῶν παθῶν ἔμψυχον καὶ τὸ διὰ πάσης
<milestone unit="reiskpage" n="644"/>κεραίας διῆκον πικρὸν καὶ νοερὸν τό τε πνεῦμα καὶ
ἡ δεινότης πᾶσι παρέπηται, μηθὲν ἔτι τὸ κωλῦον ἔστω
<add>ἐν τοῖς</add> Δημοσθένους αὐτοὺς ἀναγράφειν. ἐὰν δʼ 
ἐλλείπῃ τὸ ἐν ἑκάστῳ τούτων ἄκρον ἢ τὸ διὰ πάσης
ἰδέας ὅμοιον, μενέτωσαν ἐν τοῖς Δειναρχείοις. ὡς δὲ
καθόλου εἰπεῖν, δύο τρόπους τῆς διαφορᾶς ὡς πρὸς
τὰ ἀρχαῖα μιμήσεως εὕροι τις ἄν· ὧν ὃ μὲν φυσικός
τέ ἐστι καὶ ἐκ πολλῆς κατηχήσεως καὶ συντροφίας λαμβανόμενος, 
ὃ δὲ τούτῳ προσεχὴς ἐκ τῶν τῆς τέχνης
παραγγελμάτων. περὶ μὲν οὖν τοῦ προτέρου τί ἄν τις
καὶ λέγοι; περὶ δὲ τοῦ δευτέρου τί ἂν ἔχοι τις εἰπεῖν
<add>ἢ</add> ὅτι πᾶσι μὲν τοῖς ἀρχετύποις αὐτοφυής τις ἐπιπρέπει
χάρις καὶ ὥρα, τοῖς δʼ ἀπὸ τούτων κατεσκευασμένοις, 
κἂν ἐπʼ ἄκρον μιμήσεως ἔλθωσι, πρόσεστίν τι ὅμως τὸ
ἐπιτετηδευμένον καὶ οὐκ ἐκ φύσεως ὑπάρχον. καὶ
τούτῳ τῷ παραγγέλματι οὐ ῥήτορες μόνον ῥήτορας
διακρίνουσιν ἀλλὰ καὶ ζωγράφοι τὰ Ἀπελλοῦ καὶ τῶν
ἐκεῖνον μιμησαμένων καὶ πλάσται τὰ Πολυκλείτου καὶ 
γλυφεῖς τὰ Φειδίου. </p>
</div1>
<div1 type="chapter" n="8">
<p>
<milestone unit="reiskpage" n="645"/>καὶ οἱ μὲν Πλάτωνα μιμεῖσθαι λέγοντες καὶ τὸ μὲν 
ἀρχαῖον καὶ ὑψηλὸν καὶ εὔχαρι καὶ καλὸν οὐ δυνάμενοι
λαβεῖν, διθυραμβώδη δὲ ὀνόματα καὶ φορτικὰ
εἰσφέροντες κατὰ τοῦτʼ ἐλέγχονται ῥᾳδίως. οἱ δὲ Θουκυδίδην 
<pb id="p.308"/>
ζηλοῦν λέγοντες καὶ τὸ μὲν εὔτονον καὶ στερεὸν
καὶ δεινὸν καὶ τὰ τούτοις ὅμοια χαλεπῶς ἐκλαμβάνοντες,
τοὺς δὲ σολοικοφανεῖς σχηματισμοὺς καὶ
τὸ ἀσαφὲς προχειριζόμενοι, πάνυ εὐχερῶς ἂν ἁλίσκοιντο
ἐκ τούτου τοῦ παραγγέλματος. ὥς πέρ γε καὶ
ἐπὶ τῶν ῥητόρων οἱ μὲν Ὑπερείδην μιμούμενοι, διαμαρτόντες
τῆς χάριτος ἐκείνης καὶ τῆς ἄλλης δυνάμεως,
αὐχμηροί τινες ἐγένοντο, οἷοι γεγόνασι Ῥοδιακοὶ
ῥήτορες οἱ περὶ Ἀρταμένην καὶ Ἀριστοκλέα καὶ Φιλάγριον
καὶ Μόλωνα· οἱ δʼ Ἰσοκράτην καὶ τὰ
<milestone unit="reiskpage" n="646"/> Ἰσοκράτους 
ἀποτυπώσασθαι θελήσαντες ὕπτιοι καὶ ψυχροὶ
καὶ ἀσύστροφοι καὶ ἀναληθεῖς· οὗτοι δʼ εἰσὶν οἱ περὶ
Τίμαιον καὶ Ψάωνα καὶ Σωσιγένην. οἱ δὲ Δημοσθένην
προχειρισάμενοι καὶ τὰς ἀρετὰς τὰς ἐκείνου διώκοντες
τῆς μὲν προαιρέσεως ἕνεκα ἐπῃνέθησαν, οὐ μὴν
ἴσχυσαν τὰ κράτιστα τῶν ἐκείνου τοῦ ῥήτορος ἔργων
λαβεῖν. τούτων ἄριστον ἄν τις θείη τὸν Δείναρχον
γενέσθαι. λείπεται δὲ Δημοσθένους κατὰ <add>μὲν</add> τὴν
ἐκλογὴν τῶν ὀνομάτων τῇ δεινότητι, κατὰ δὲ τὴν σύνθεσιν
τῇ ποικιλίᾳ τῶν σχημάτων καὶ τῇ ἐξαλλαγῇ,
κατὰ δὲ τὴν εὕρεσιν τῶν ἐπιχειρημάτων τῷ μὴ καινὰ
καὶ παράδοξα λαμβάνειν ἀλλὰ φανερὰ καὶ ἐν τῷ μέσῳ
κείμενα, κατὰ δὲ τὴν οἰκονομίαν τῇ τάξει καὶ
<milestone unit="reiskpage" n="647"/> ταῖς 
<pb id="p.309"/>
ἐξεργασίαις τῶν ἐπιχειρημάτων καὶ ταῖς προκατασκευαῖς
καὶ ταῖς ἐφόδοις καὶ τοῖς ἄλλοις τεχνικοῖς παραγγέλμασιν,
ἃ περὶ ταύτην ἐστὶ τὴν ἰδέαν, μάλιστα δʼ
αὐτοῦ λείπεται τῇ συμμετρίᾳ καὶ τῷ καιρῷ <add>καὶ τῷ</add>
πρέποντι. λέγω δὲ ταῦτα οὐκ ἐν τῷ καθόλου τρόπῳ, 
ὡς μηδὲν τούτων κατορθοῦντος, ἀλλʼ ἐν τῷ κοινοτέρῳ
καὶ ὡς ἐπὶ τὸ πολύ. διʼ αὐτὸ γὰρ τοῦτο καὶ ἄγροικόν
τινες Δημοσθένην ἔφασαν <add>αὐτὸν</add> εἶναι, κατὰ τὸ ἐλλιπὲς
τῆς οἰκονομίας ταύτην περὶ αὐτοῦ τὴν δόξαν
λαβόντες· τὸ γὰρ ἄγροικον τοῦ πολιτικοῦ σώματος οὐ 
μορφῇ, κατασκευῇ δὲ καὶ διαθέσει τινὶ τῆς μορφῆς διήνεγκεν.
</p>
</div1>
<div1 type="chapter" n="9">
<p>ἃ μὲν οὖν ἐνεδέχετο περὶ τοῦ χαρακτῆρος τοῦ ἀνδρὸς 
εὑρεῖν τε καὶ γράψαι, ταῦτʼ ἐστίν, ἐπὶ δὲ τὴν
τῶν λόγων διάγνωσιν τρέψομαι. τοῖς μὲν οὖν γνησίοις 
αὐτὸ τὸ τῆς ἀναγραφῆς προσέσται μόνον, τοῖς
δὲ ψευδέσι τὰ τοῦ τʼ ἐλέγχου καὶ τῆς αἰτίας διηκριβωμένα,
δἰ ἣν ἕκαστον ἀθετοῦμεν αὐτῶν. ἐπεὶ δʼ
ἀναγκαία πρὸς ταῦτα ἡ τῶν χρόνων διάγνωσις, τοὺς
Ἀθήνησιν ἄρξαντας, ἀφʼ οὗ Δείναρχον ὑπεθέμεθα γεγονέναι 
χρόνου,
<milestone unit="reiskpage" n="648"/> μέχρι τῆς δοθείσης αὐτῷ μετὰ τὴν
φυγὴν καθόδου, γενομένους ἑβδομήκοντα, προθήσομεν.
εἰσὶ δὲ οἵδε· Νικόφημος, Καλλιμήδης, Εὐχάριστος,
Κηφισόδοτος, Ἀγαθοκλῆς, Ἐλπίνης, Καλλίστρατος,
Διότιμος, Θούδημος, Ἀριστόδημος, Θέελλος, Ἀπολλόδωρος, 
<pb id="p.310"/>
Καλλίμαχος, Θεόφιλος, Θεμιστοκλῆς, Ἀρχίας,
Εὔβουλος, Λυκίσκος, Πυθόδοτος, Σωσιγένης, Νικόμαχος,
Θεόφραστος, Λυσιμαχίδης, Χαιρωνίδας, Φρύνιχος,
<milestone unit="reiskpage" n="649"/>
Πυθόδημος· ἐπὶ τούτου πρῶτον αὐτὸν εἰς δικαστήριον
λόγους συγγράφειν ὑπεθέμεθα. μετὰ δὲ
τοῦτον Εὐαίνετος, Κτησικλῆς, Νικοκράτης, Νικήτης,
Ἀριστοφάνης, Ἀριστοφῶν, Κηφισοφῶν, Εὐθύκριτος,
Ηγήμων, Χρέμης, Ἀντικλῆς, <add>Ἡγησίας</add>, Κηφισόδωρος,
Φιλοκλῆς·
<milestone unit="reiskpage" n="650"/> ἐπὶ τούτου τὴν φρουρὰν ἐδέξαντο Ἀθηναῖοι, 
καὶ ὁ δῆμος κατελύθη. Ἄρχιππος, Νέαιχμος,
Ἀπολλόδωρος, Ἄρχιππος, Δημογένης, Δημοκλείδης,
Πραξίβουλος, Νικόδωρος, Θεόφραστος, Πολέμων, Σιμωνίδης,
Ἱερομνήμων, Δημήτριος, Καίριμος, Ἀναξικράτης·
ἐπὶ τούτου ἡ κατασταθεῖσα ὑπὸ Κασσάνδρου
ὀλιγαρχία κατελύθη, καὶ οἱ εἰσαγγελθέντες ἔφυγον, ἐν
οἷς καὶ Δείναρχος ἦν. Κόροιβος, Εὐξένιππος, Φερεκλῆς,
Λεώστρατος, Νικοκλῆς, Κλέαρχος, Ἡγέμαχος,
Εὐκτήμων, Μνησίδημος, Ἀντιφάτης, Νικίας, Νικόστρατος,
<milestone unit="reiskpage" n="651"/>
Ὀλυμπιόδωρος, Φίλιππος <gap/> ἐπὶ τούτου
κάθοδος ἐδόθη τοῖς τε ἄλλοις φυγάσι καὶ Δεινάρχῳ
ὑπὸ βασιλέως Δημητρίου.
<pb id="p.311"/>
Δημόσιοι λόγοι γνήσιοι.
κατὰ Πολυεύκτου βασιλεύειν λαχόντος δοκιμασία·</p>
</div1>
<div1 type="chapter" n="10">
<p>
<quote>πολλὰ καὶ ἀγαθὰ γένοιτο.</quote> κατὰ Πολυεύκτου ἐκφυλλοφορηθέντος
ὑπὸ τῆς βουλῆς ἔνδειξις· <quote>πάλαι
θαυμάζω ὑμῶν.</quote> κατὰ Πολυεύκτου περὶ τοῦ γεωφανίου· 
<quote>περὶ μὲν αὐτῆς τῆς μηνύσεως.</quote> περὶ τοῦ
γεωφανίου ἐπίλογος· <quote>βραχύν, ὦ ἄνδρες.</quote> κατὰ Πυθέου
ξενίας· <quote>ἱκανὴ μὲν ἦν πρόφασις.</quote> κατὰ Πυθέου
περὶ τῶν κατὰ τὸ ἐμπόριον· <quote>ἐπειδὴ τοῖς μὲν λέγειν
τῶν ῥητόρων.</quote> κατὰ Τιμοκράτους· <quote>ὥσπερ δίκαιόν 
ἐστι.</quote> κατὰ Λυκούργου εὔθυναι· <quote>οἶδα, ὅτι, κἂν μηδὲν
ὑμῖν.</quote>
<milestone unit="reiskpage" n="652"/> Συνηγορία Αἰσχίνῃ κατὰ Δεινίου· <quote>βουλοίμην
ἄν, ὦ ἄνδρες.</quote> κατὰ Φορμισίου ἀσεβείας·
<quote>ἆρά γʼ εἴ τινες.</quote> κατὰ Καλλαίσχρου περὶ τῶν τιμῶν·
<quote>πολλάκις, ὦ Ἀθηναῖοι.</quote> Τυρρηνικός· <quote>ἅπαντα συμβήσεσθαι 
ἔτι.</quote> κατὰ Διονυσίου τοῦ ἐπὶ τῆς διοικήσεως·
<quote>ἴσως μέν, ὦ Ἀθηναῖοι.</quote> καθʼ Ἱμεραίου εἰσαγγελτικός·
<quote>οὐδένα νομίζω, ὦ Ἀθηναῖοι.</quote> εἰσαγγελία
κατὰ Πιστίου· <quote>ὥσπερ καὶ ὑμῶν ἕκαστος.</quote> κατʼ Ἀγασικλέους
εἰσαγγελία ξενίας· <quote>οὐδένα πώποτε οἶμαι.</quote> 
κατὰ Θεοκρίνου ἔνδειξις· <quote>τοῦ πατρός, ὦ ἄνδρες.</quote>
<pb id="p.312"/>
τοῦτον
<milestone unit="reiskpage" n="653"/> Καλλίμαχος ἐν τοῖς Δημοσθένους φέρει. κατὰ 
Στεφάνου παρανόμων· <quote>ὑπάρχει τοῦ νόμου δεδωκότος,
ὦ ἄνδρες.</quote> κατὰ Καλλισθένους εἰσαγγελία· <quote>οὐκ
ἀγνοῶ, <add>ὦ</add> ἄνδρες.</quote> διαδικασία Φαληρέων πρὸς
Φοίνικας ὑπὲρ τῆς ἱερωσύνης τοῦ Ποσειδῶνος· <quote>εὔχομαι,
νὴ τὴν Ἀθηνᾶν, πρέπειν δή.</quote> πρὸς τὴν Κηφισοφῶντος
ἀπογραφήν· <quote>πρῶτον μέν, ὦ ἄνδρες, δέομαι.</quote>
<quote>ο ὕστερος· <quote>τὰ μὲν περὶ τὴν ὠνήν.</quote> ἀπολογία διαμαρτυρίας
πρὸς τὴν Χάρητος <gap/> εἰσαγγελία κατὰ Φειδιάδου
γραμματέως· <quote>οὔτʼ ἔχθρας οὐδεμιᾶς ἕνεκα.</quote>
κατὰ Φιλοκλέους ὑπὲρ
<milestone unit="reiskpage" n="654"/> τῶν Ἁρπαλείων· <quote>τί χρὴ λέγειν 
τὸ πρὸς τῶν.</quote> κατὰ Γνωδίου περὶ τῶν Ἁρπαλείων·
<quote>οὐκ ἄδηλον.</quote> κατʼ Ἀριστονίκου περὶ τῶν
Ἁρπαλείων· <quote>εὐτύχημα μὲν ἦν, ὦ ἄνδρες.</quote> κατὰ Δημοσθένους
περὶ τῶν Ἁρπαλείων· <quote>ὁ μὲν δημαγωγὸς ὑμῖν.</quote>
κατὰ Ἀριστογείτονος περὶ τῶν Ἁρπαλείων· <quote>πάνθ,</quote>
ὡς ἔοικεν, ὦ ἄνδρες.</quote>
ψευδεπίγραφοι δημόσιοι.
</p>
</div1>
<div1 type="chapter" n="11">
<p>κατὰ Θεοδώρου εὐθυντικός· <quote>ἥκιστα μέν, ὦ ἄνδρες.</quote>
πρεσβύτερός ἐστι τῆς Δεινάρχου ἡλικίας. εἴρηται γὰρ
ἐπὶ Θεοφίλου ἢ Θεμιστοκλέους ἄρχοντος μετὰ Θέελλον
<milestone unit="reiskpage" n="655"/>
ἄρχοντα ἐνιαυτῷ τρίτῳ <add>ἢ τετάρτῳ</add>, ὡς ἐξ αὐτοῦ
<pb id="p.313"/>
τοῦ λόγου γίνεται φανερόν, οὔπω πέμπτον <add>καὶ δέκατον</add>,
ὡς ἐδείξαμεν, ἔτος ἔχοντος αὐτοῦ. κατὰ Κηρύκων·
<quote>εἰ μὲν ὁ πατήρ, ὦ ἄνδρες.</quote> οὗτος ὁ ἀγὼν εἴρηται
ἐπʼ ἄρχοντος Εὐβούλου ἢ Λυκίσκου τοῦ μετʼ Εὔβουλον,
οὔπω εἰκοστ<add>ὸν ἔτος ἔχ</add>οντος αὐτοῦ <gap/> ὁ μὲν 
γὰρ λόγος περί τινος ἀποψηφισθέντος γέγονεν ἐπʼ
Ἀρχίου τοῦ μετὰ Θεμιστοκλέα. δῆλον δʼ ἕκαστον τῶν
εἰρημένων ἐξ αὐτοῦ τοῦ λόγου γίγνεται. κατὰ Μοσχίωνος,
ἀπογραψαμένου αὐτὸν Νικοδίκου· <quote>τῶν ἀποψηφισαμένων,
ὦ ἄνδρες, τουτουὶ Μοσχίωνος συμβαλών.</quote> 
καὶ οὗτος ὁ λόγος κατὰ τοὺς αὐτοὺς χρόνους
τῷ προτέρῳ εἴρηται. δηλοῦται δʼ ἔκ τε αὐτῆς <add>τῆς</add>
ἀρχῆς τοῦ λόγου καὶ
<milestone unit="reiskpage" n="656"/>
<del>τὰ</del> τῶν ἑξῆς. κατὰ Μενεκλέους
ἀπαγωγῆς· <quote>ὦ ἄνδρες δικασταί, καὶ τῶν νόμων
καθʼ οὕς.</quote> καὶ οὗτος εἴρηται παιδὸς ὄντος ἔτι Δεινάρχου. 
ὁ μὲν γὰρ κρινόμενός ἐστι Μενεκλῆς ὁ τὴν ἱέρειαν
Νῖνον ἑλών, ὁ δὲ κατηγορῶν υἱὸς τῆς Νίνου. ἔστι
δὲ ταῦτα πρεσβύτερα τῆς Δεινάρχου ἀκμῆς. ὁ μὲν
γὰρ Δημοσθένους περὶ τοῦ ὀνόματος <del>δεδηλώκαμεν</del>
λόγος, ἐν ᾧ τούτων μέμνηται, κατὰ Θέελλον ἢ Ἀπολλόδωρον 
ἄρχοντα τετέλεσται, ὡς ἐν τοῖς περὶ Δημοσθένους
δεδηλώκαμεν. εἰ δʼ ὡς τεθνηκότος ἤδη τοῦ
<pb id="p.314"/>
Μενεκλέους ὁ Δημοσθένης ἐκεῖ μέμνηται λέγων· <quote>ἑωρᾶτε
γὰρ πάντες αὐτὸν χρώμενον, ἕως ἔζη, Μενεκλεῖ,</quote>
παλαιὸς λόγος τίς ἐστιν. ὅτι δὲ οὗτος ὁ Μενεκλῆς,
ἐν αὐτῷ λόγῳ δεδήλωκεν ὁ κατηγορῶν. διαδικασία
<milestone unit="reiskpage" n="657"/> Ἀθμονεῦσι περὶ τῆς μυρρίνης καὶ τῆς μίλακος· 
<quote>εὔχομαι δὴ τῇ Δήμητρι καὶ τῇ Κόρῃ.</quote> πρεσβύτερός
ἐστι τῆς Δεινάρχου ἀκμῆς. εἴρηται γὰρ ἐπὶ Νικομάχου
ἄρχοντος, ὡς ἐξ αὐτοῦ τοῦ λόγου γίγνεται δῆλον,
ἓν πρὸς τοῖς εἴκοσιν ἔτος τοῦ ῥήτορος ἔχοντος. οἱ
μὲν οὖν <add>πρεσβύτεροι</add> τῆς ἀκμῆς αὐτοῦ φερόμενοι
ψευδεπίγραφοι <del>εἰς αὐτὸν</del> λόγοι εἰσὶν οἵδε. μετὰ δὲ
τὴν ἐξ Ἀθηνῶν εἰς Χαλκίδα ἀναχώρησιν οἵδε· διαδικασία
τῆς ἱερείας τῆς Δήμητρος πρὸς τὸν ἱεροφάντην·
<quote>πολλῶν καὶ παραδόξων, ὦ ἄνδρες δικασταί.</quote> οὗτος
ὁ λόγος ἤδη πεφευγότος αὐτοῦ εἴρηται, ὡς ἐξ
αὐτοῦ γίγνεται φανερόν. μέμνηται γὰρ ἐν αὐτῷ <add>ὁ
λέγων</add> τῆς κατασχούσης ὀλιγαρχίας. κατὰ Τιμοκράτους
εἰσαγγελτικὸς δήμου καταλύσεως· <quote>ἔργα ποιεῖς.</quote>
οὗτος καὶ ἀπʼ αὐτῆς τῆς ἐπιγραφῆς ἐστι δῆλος ψευδεπίγραφος
ὤν. κατὰ Σπουδίου· <quote>καὶ ἐν τῷ δήμῳ
κατηγορήσειν ὑπεσχόμην.</quote> μετὰ τὴν κατάλυσιν τῆς ὀλιγαρχίας
εἴρηται καὶ οὗτος
<milestone unit="reiskpage" n="658"/> ἤδη Δεινάρχου <del>φαίνεται</del> 
φεύγοντος, ὡς ἐξ αὐτοῦ μάλιστα τοῦ λόγου γίγνεται
<pb id="p.315"/>
φανερόν. διαδικασία Εὑδανέμων πρὸς Κήρυκας ὑπὲρ
τοῦ κανῶς· <quote>οὐδαμῶς τοιαῦτα πράγματα.</quote> καὶ οὗτος
κατὰ τοὺς αὐτοὺς χρόνους εἴρηται, πεφευγότος ἤδη
τοῦ ῥήτορος, ὡς ἐν αὐτῷ τῷ λόγῳ πάλιν δηλοῦται.
Ἀττικός· <quote>πάντων ἦσαν ὁμοίως.</quote> καὶ οὗτος εἴρηται ἐν 
ἐκείνοις τοῖς χρόνοις, ὡς καὶ ἐν αὐτῷ τῷ λόγῳ φανερὸν
γίγνεται. Αἰτωλικός· <quote>καὶ ἡμεῖς, ὦ ἄνδρες Αἰτωλοί,
πρέσβεις.</quote> οὗτος καθεστώσης τῆς ὀλιγαρχίας ὑπὸ
τῶν Ἀθήνηθεν φυγάδων εἴρηται δεομένων τοὺς Αἰτωλοὺς
αὑτοῖς βοηθεῖν, ἐπεὶ καὶ ὁ Κάσσανδρος αὐτοῖς 
ἐλευθέροις οὖσιν ἐπεχείρει, ὡς ἐν αὐτῷ τῷ λόγῳ γίγνεται
τοῦτο δῆλον. οὔκουν εἰκὸς φίλον ὄντα τὸν
Δείναρχον τῶν τὴν ὀλιγαρχίαν καταστησάντων τοῖς
καταλύειν ἐπιχειροῦσιν συναγωνίζεσθαι, οὐδʼ αὐτοὺς
Ἀθή
<milestone unit="reiskpage" n="659"/>νηθε λόγους †   καταλαμβάνειν οἷόν τʼ ἐστί. Διφίλῳ 
δημηγορικός, αἰτοῦντι δωρεάς· <quote>διὰ τὸ μὴ ῥᾴδιον εἶναι.</quote>
τοῦτον ἐπείσθην ὑπὸ Δημοσθένους γεγράφθαι τὸν
λόγον, ὅτι τὰς δωρεὰς ἔγραψεν αὐτῷ Δημοσθένης, ὡς
Δείναρχος ἐν τῷ κατὰ Δημοσθένους λόγῳ δεδήλωκε,
καὶ ὅτι ἐπὶ τέλει <add>τοῦ</add> λόγου ὁ Δίφιλος Δημοσθένην 
παρακαλεῖ συνήγορον. ἀπίθανον δὲ οἶμαι εἶναι τὰς
μὲν τιμὰς οὕτω γράφειν εὐνοοῦντα τῷ Διφίλῳ τὸν
Δημοσθένην, λόγον δὲ παρὰ Δεινάρχου λαβόντα περιιδεῖν.
Ἑρμίᾳ ἐμπορίου ἐπιμελητῇ περὶ τῶν κατηγορηθέντων
<pb id="p.316"/>
ἀπολογία· <quote>δέομαι ὑμῶν, ὦ ἄνδρες.</quote> ἀπʼ αὐτοῦ
τοῦ χαρακτῆρος εὕροι τις ἂν οὐκ ὄντα τὸν λόγον
Δεινάρχου <quote>ὑδαρής τε γὰρ καὶ ἀσθενὴς καὶ ψυχρός
ἐστιν</quote>, ἀλλὰ μᾶλλον αὐτὸν ἄν τις θείη Δημοκλείδου ἢ
Μενεσαίχμου ἢ τῶν ἄλλων τῶν τοιούτων τινός. ἀφαιροῦμαι
δὲ καὶ τοὺς ὑπὲρ Μενεσαίχμου λόγους ἀμφότέ
ρους αὐτοῦ, ὧν ὃ μέν ἐστιν περὶ τῆς Δήλου θυσίας·
<milestone unit="reiskpage" n="660"/>
<quote>ἱκετεύομεν ὑμᾶς καί</quote>· ὃ δὲ πρὸς Περικλέα καὶ Δημοκράτην,
οὗ ἡ ἀρχή· <quote>νομίζομεν, ὦ ἄνδρες</quote> διά τε τὸν
χαρακτῆρα <quote>ὑδαρὴς γὰρ καὶ κεχυμένος καὶ ψυχρός</quote> καὶ
ὅτι ὁ λέγων αὐτούς, ὢν οὔτε ἄδοξος καὶ μετὰ Λυκοῦργον
τὴν διοίκησιν τῶν δημοσίων χρημάτων παραλαβών,
ἐξητασμένος δὲ πολλάκις αὐτός, ὡς ἐν τοῖς λόγοις περὶ
ἁπάντων μηνύει, καὶ ἐν ἰδίοις καὶ ἐν δημοσίοις ἀγῶσιν
οὐκ ἂν ἦν ἀδύνατος, ὥστε Δεινάρχῳ λογογράφῳ·
χρῆσθαι. ὑπὲρ τοῦ μὴ ἐκδοῦναι Ἅρπαλον Ἀλεξάνδρῳ
<quote>οὐκ ἄξιον ἄρα θαυμάζειν.</quote> οὐδʼ οὗτος ὁ λόγος ἐμφαίνει
τὸν Δεινάρχου χαρακτῆρα. εἰ γὰρ κἂν μηδὲν
ἄλλο, τό γʼ οὖν ἠλίθιον καὶ σοφιστικὸν εὕροι τις ἂν
ἐν αὐτῷ πολύ, τὸ πλεῖστον ἀπέχον τῶν Δεινάρχου
χαρακτήρων. Δηλιακός· <quote>Ἀπόλλωνος καὶ Ῥοιοῦς τῆς
<milestone unit="reiskpage" n="661"/>
Σταφύλου.</quote> οὗτος οὐ τοῦ ῥήτορος ἀλλʼ ἑτέρου τινὸς
συγγραφέως ἐστί. δηλοῖ δʼ ἐκ τοῦ τρόπου καὶ τοῦ
<pb id="p.317"/>
χαρακτῆρος ἀρχαϊκὸς ὢν καὶ περιτρέχων τὴν τοπικὴν
Δήλου καὶ Λέρου ἱστορίαν. κατὰ Δημοσθένους παρανόμων·
<quote>εἰώθατε, ὦ ἄνδρες.</quote> οὗτος ἐν τοῖς Περγαμηνοῖς
πίναξι φέρεται ὡς Καλλικράτους. ἐγὼ δʼ, εἰ μὲν
ἐκείνου ἐστίν, οὐκ οἶδα <quote>οὐδὲ γὰρ ἐνέτυχον τῶν Καλλικράτους 
οὐδενί,</quote> ὅτι δὲ πάμπολυ τῶν Δεινάρχου λόγων
ἀφέστηκεν, εὐτελής τε ὢν καὶ κενὸς καὶ οὐκ ἀπέχων
ἰδιωτικῆς φλυαρίας, πείθομαι.</p>
<div2 type="subtext">
<head>ἰδιωτικοὶ γνήσιοι</head>
</div2>
<div2 type="chapter" n="12">
<p>κατὰ Προξένου βλάβης, ὃν αὐτὸς εἶπεν ὑπὲρ αὑτοῦ· 
<quote>εἴ τίς μοι θεῶν, ὦ ἄνδρες.</quote> κατὰ Κηφισοκλέους
καὶ τῶν οἰκείων βλάβης· <quote>ἃ μὲν ἐγκαλῶν, ὦ
<milestone unit="reiskpage" n="662"/> ἄνδρες.</quote>
πρὸς Φανοκλέα βλάβης ἀπολογία· <quote>ᾤμην μὲν ἐγώ, ὦ
ἄνδρες.</quote> πρὸς Λυσικράτην ὑπὲρ Νικομάχου βλάβης·
<quote>ἄνδρες δικασταί, ὅτι μὲν ἰδιώτης.</quote> Συνηγορία Παρμένοντι 
ὑπὲρ ἀνδραπόδου βλάβης· <quote>καὶ παραγεγενημένος
ὕστερον, ἄνδρες δικασταί, ἔγωγε ἔγνων, ὅτι
Παρμένων ἀδικεῖται.</quote> κατὰ Ποσειδίππου κλοπῆς·
<quote>ἀδικηθείς, ὦ ἄνδρες.</quote> κατὰ Ἡδύλης ἀποστασίου·
<quote>καταλιπόντος †   ἐνοτίου πατρός.</quote> ἀποστασίου πρὸς 
Αρχέστρατον· <quote>πολλὰ καὶ ἀγαθὰ γένοιτο.</quote> Συνηγορία
Ἡγελόχῳ ὑπὲρ ἐπικλήρου· <quote>ὥσπερ καὶ ἡμῶν ἕκαστος.</quote>
Ἐπικληρικὸς ὑπὲρ τῆς Ἰοφῶντος θυγατρός· <quote>ἄνδρες
<pb id="p.318"/>
δικασταί, οὐ πένης ὤν.</quote>
<add>Ὁ</add> ὕστερος· <quote>ἄμαχον γὰρ
ἦν, ὦ ἄνδρες.</quote> Διαμαρτυρία, ὡς οὐδὲ εἰσὶν ἐπίδικοι
<add>αἱ</add> Ἀριστοφῶντος θυγατέρες· <quote>τοῦ νόμου δεδωκότος,
<milestone unit="reiskpage" n="663"/>
ὦ ἄνδρες.</quote> κατὰ Πεδιέως κακώσεως παιδὸς ὀρφανοῦ·
<quote>μηδεὶς ὑμῶν, ὦ ἄνδρες, θαυμάσῃ.</quote> Διαμαρτυρία περὶ
τοῦ Εὐίππου κλήρου πρὸς Χάρητα· <quote>πολλάκις ἤδη
ἤκουσα.</quote> ὑπὲρ τοῦ Μνησικλέους κλήρου· <quote>δικαίαν, ὦ
<add>ἄνδρες</add>, δέησιν.</quote> κατὰ Προξένου ὕβρεως· <quote>ὑβριστής
ἐστιν, ὦ ἄνδρες.</quote>
<add>Ἀπολογία</add> πληγῶν, ἔδει δʼ ἐπιγεγράφθαι
γεγράφθαι <quote>ἀπολογία ὕβρεως Ἐπιχάρει πρὸς Φιλωτάδην</quote>·
<quote>τὸν θαυμαστόν, ὦ ἄνδρες.</quote> κατὰ Κλεομέδοντος
αἰκίας· <quote>ὅτι μέν, ὦ ἄνδρες, καὶ ὁ πατὴρ Θεόδωρος δή.</quote>
πρὸς Διοσκουρίδην περὶ νεώς· <quote>δικαίως ἂν οἶμαι, ὦ
ἄνδρες.</quote> Ἐρανικὸς πρὸς τοὺς Πατροκλέους παῖδας·
<quote>ἃ μὲν ἀδικούμενος, ὦ ἄνδρες.</quote> πρὸς Ἀμεινοκράτην
διαδικασία περὶ καρπῶν χωρίου· <quote>ἐπὶ τούτοις, ὦ ἄνδρες,
ἀνάγκη ἐστί.</quote>
<milestone unit="reiskpage" n="664"/> περὶ τοῦ ἵππου· <quote>τοῦ μὲν ἀγῶνος, 
ὦ ἄνδρες.</quote> ὁ ὕστερος· <quote>ἐβουλόμην ἄν, ὦ ἄνδρες.</quote>
Λυσικλείδῃ κατὰ Δάου ὑπὲρ ἀνδραπόδων· <quote>ἃ μὲν ἀδικούμενος,
ὦ ἄνδρες.</quote> Παραγραφὴ πρὸς Βιώτην· <quote>ὅτι
μέν, ὦ ἄνδρες, καὶ αὐτὸς ἀπείρως.</quote> κατὰ Θεοδώρου
ψευδομαρτυριῶν· <quote>νομίζομεν, ὦ ἄνδρες.</quote> Ἀγάθωνι
συνηγορία· <quote>ὥσπερ καὶ αὐτὸς εἴρηκεν Ἀγάθων.</quote> ἀποστασίου
<pb id="p.319"/>
ἀπολογία Αἰσχύλῳ πρὸς Ξενοφῶντα· <quote>χρήσασθαι
μέν, ὦ ἄνδρες.</quote> κατὰ Καλλίππου μεταλλικός·
<quote>ὅτι μέν, ὦ ἄνδρες, Κάλλιππος.</quote> ὑπὲρ υἱοποιήτου,
ἔδει δʼ ἐπιγεγράφθαι <quote>ὑπὲρ Θεοδώρου, ὃν ἐποιήσατο
υἱὸν Ἀρχεφῶν</quote>· <quote>βουλοίμην ἄν, ὦ ἄνδρες, ὥσπερ καλὸν 
καὶ δίκαιον.</quote> περὶ τοῦ Ἀρχεφῶντος κλήρου· <quote>καὶ δίκαιον εἶναι νομίζων.</quote>
</p>
</div2>
</div1>
<div1 type="subtext">
<head>ἰδιωτικοὶ ψευδεπίγραφοι.</head>
<div2 type="chapter" n="13">
<p>πρὸς Πεδιέα παραγραφή· <quote>κατὰ τὸν νόμον τοῦτον.</quote> 
οὗτος ὁ λόγος εἴρηται ἐπὶ Ἀριστοδήμου ἄρχοντος,
<milestone unit="reiskpage" n="665"/> ὡς 
ἐξ αὐτοῦ τοῦ λόγου γίνεται δῆλον. οἱ μὲν γὰρ εἰς
Σάμον ἀποσταλέντες κληροῦχοι κατὰ τοῦτον τὸν ἄρχοντα
ἀπεστάλησαν, ὡς Φιλόχορος ἐν ταῖς ἱστορίαις
λέγει. Δείναρχος δʼ οὔπω δέκατον ἔτος τηνικαῦτα
εἶχε. πρὸς Μελήσανδρον ὑπὲρ τῆς τριηραρχίας· <quote>ὥσπερ 
οἱ νόμοι κελεύουσιν.</quote> οὗ ἂν ὁ λόγος <gap/> ἀλλʼ
ὁ μὲν λέγων ὡς ἐπὶ Μόλωνος ἄρχοντος γεγενημένου
τοῦ ἀδικήματος ποιεῖται τὸν λόγον. φησὶν δὲ τῷ
ὑστέρῳ ἔτει εἰσιέναι τὸν ἀγῶνα ἐπὶ Νικοφήμου ἄρχοντος,
καθʼ ὃν εὑρίσκεται γεγεννημένος ὁ Δείναρχος. 
πρὸς Βοιωτὸν ὑπὲρ τοῦ ὀνόματος· <quote>οὐδεμιᾷ φιλοπραγμοσύνῃ.</quote>
εἰ καὶ μὴ τοῖς ἄλλοις οἱ Δημοσθένους
<pb id="p.320"/>
ἀφαιρούμενοι τοῦτον τὸν λόγον καὶ Δεινάρχῳ προσάπτοντες
ἐλέγχοιντο, τῷ χρόνῳ γʼ οὖν ἐπιδειχθεῖεν ἂν
ψευδόμενοι. μέμνηται γὰρ ὡς νεωστὶ τῆς εἰς Πύλας
ἐξόδου γεγενημένης, ἡ δʼ εἰς <add>Πύλας</add> Ἀθηναίων ἔξοδος
ἐπὶ Θουδήμου ἄρχοντος ἐγένετο, ὄγδοον
<milestone unit="reiskpage" n="666"/> ἔτος Δεινάρχου 
ἔχοντος. πρὸς Μαντίθεον περὶ προικός· <quote>πάντων ἐστὶν
ἀνιαρότατον.</quote> οὗτος ἀκολουθεῖ τῷ προτέρῳ λόγῳ καὶ
πολλὰ ἔχει κατὰ <add>τὴν</add> λέξιν τοιαῦτα, ἃ εἴη ἂν τοῦ
αὐτοῦ ῥήτορος, ἔξω τῆς τῶν Δεινάρχου ἡλικίας <gap/>
πολλοῖς ἔτεσιν ὕστερον ἠγώνισται τὸν ἀγῶνα ὁ κατήγορος,
ἀλλὰ δύο ἢ τρισίν, ὡς ἀκριβέστερον περὶ αὐτῶν
ἐν τῇ <add>περὶ</add> Δημοσθένους γραφῇ δεδηλώκαμεν.
Ἀθηνάδῃ συνηγορία περὶ τῆς σχεδίας πρὸς Ἀμύντιχον·
<quote>φίλος μοι καὶ ἐπιτήδειος ὤν</quote>. ὁ ὕστερος· <quote>οἴομαι μὲν
ὑμᾶς, ὦ ἄνδρες.</quote> Διοπείθους ἔτι περὶ Ἑλλήσποντον
τοῦ τῶν Ἀθηναίων στρατηγοῦ διατρίβοντος εἴρηται ὁ
λόγος, ὡς ἐξ αὐτοῦ γίνεται φανερόν. ἔστι δὲ ὁ χρόνος
κατὰ Πυθόδοτον ἄρχοντα, ὡς δηλοῖ Φιλόχορος σὺν
τοῖς ἄλλοις τοῖς <gap/> ἐπὶ τούτου τοῦ ἄρχοντος οὐδέπω
εἰκοστὸν ἔχων ἔτος. πρὸς Μήκυθον μεταλλικός·
<quote>πριάμενοι μέταλλον, ὦ ἄνδρες.</quote> ἐπὶ Νικομάχου ἄρχοντος
<milestone unit="reiskpage" n="667"/>
<pb id="p.321"/>
εἴρηται ὁ λόγος οὗτος. φησὶ γὰρ ὁ λέγων ἐπʼ
Εὐβούλου μὲν μισθώσασθαι τὸ μέταλλον, τρία δὲ ἔτη
ἐργασάμενος, ἐκβαλλόμενος ὑπὸ τοῦ πλησίον ἔχοντος
μέταλλα, λαχεῖν αὐτῷ τὴν δίκην κατὰ Νικόμαχον ἄρχοντα,
Δεινάρχου ἓν καὶ εἰκοστὸν ἔτος ἔχοντος. Σατύρῳ 
πρὸς Χαρίδημον ἐπιτροπῆς ἀπολογία· <quote>μὴ μεγάλου
κινδύνου συμβεβηκότος.</quote> καὶ οὗτος ἐπὶ Νικομάχου
εἴρηται. ὑπὲρ ἀντιδόσεως <add>πρὸς</add> Μεγακλείδην· <quote>εἰ μὲν
ἔδει, ὦ ἄνδρες, πρὸς τρεῖς ἢ τέτταρας.</quote> ὁ μὲν λέγων
ἐστὶν Ἀφαρεύς, ἔξω δʼ ἐστὶ τῶν Δεινάρχου χρόνων <add>ὁ 
λόγος</add>. εἴρηται γὰρ ἐπὶ τοῦ στρατηγοῦ Τιμοθέου ζῶντος
κατὰ τὸν χρόνον τὸν τῆς μετὰ Μενεσθέως
<milestone unit="reiskpage" n="668"/> στρατηγίας,
ἐφʼ ᾗ τὰς εὐθύνας ὑποσχὼν ἑάλω. Τιμόθεος δὲ
τὰς εὐθύνας ὑπέσχηκεν ἐπὶ Διοτίμου τοῦ μετὰ Καλλίστρατον,
ὅτε καὶ 
</p>
</div2>
</div1>
</body>
</text>
</TEI.2>
